Run,Assay Type,AvgSpotLen,Bases,BioProject,BioSample,BioSampleModel,Bytes,Center Name,Collection_Date,Consent,DATASTORE filetype,DATASTORE provider,DATASTORE region,env_broad_scale,env_local_scale,env_medium,Experiment,geo_loc_name_country,geo_loc_name_country_continent,geo_loc_name,HOST,Instrument,lat_lon,Library Name,LibraryLayout,LibrarySelection,LibrarySource,Organism,Platform,ReleaseDate,replicate,create_date,version,Sample Name,SRA Study
SRR34844305,AMPLICON,570,13675440,PRJNA1300638,SAMN50421112,"MIMS.me,MIGS/MIMS/MIMARKS.human-gut",8330004,SETSUNAN UNIVERSITY,not applicable,public,"fastq,run.zq,sra","gs,ncbi,s3","gs.us-east1,ncbi.public,s3.us-east-1",not applicable,not applicable,not applicable,SRX29976522,uncalculated,uncalculated,not applicable,not applicable,Illumina MiSeq,not applicable,102610-1-1,PAIRED,PCR,METAGENOMIC,human gut metagenome,ILLUMINA,2025-10-01T00:00:00Z,before-Treatment_102610,2025-08-02T05:07:00Z,1,102610-1-1,SRP605981
SRR34844306,AMPLICON,570,18628170,PRJNA1300638,SAMN50421372,"MIMS.me,MIGS/MIMS/MIMARKS.human-gut",11119691,SETSUNAN UNIVERSITY,not applicable,public,"fastq,run.zq,sra","gs,ncbi,s3","gs.us-east1,ncbi.public,s3.us-east-1",not applicable,not applicable,not applicable,SRX29976521,uncalculated,uncalculated,not applicable,not applicable,Illumina MiSeq,not applicable,103132-3-1,PAIRED,PCR,METAGENOMIC,human gut metagenome,ILLUMINA,2025-10-01T00:00:00Z,4wk-Placebo_103132,2025-08-02T05:07:00Z,1,103132-3-1,SRP605981
SRR34844307,AMPLICON,570,16634880,PRJNA1300638,SAMN50421371,"MIMS.me,MIGS/MIMS/MIMARKS.human-gut",10001124,SETSUNAN UNIVERSITY,not applicable,public,"fastq,run.zq,sra","gs,ncbi,s3","gs.us-east1,ncbi.public,s3.us-east-1",not applicable,not applicable,not applicable,SRX29976520,uncalculated,uncalculated,not applicable,not applicable,Illumina MiSeq,not applicable,103132-2-1,PAIRED,PCR,METAGENOMIC,human gut metagenome,ILLUMINA,2025-10-01T00:00:00Z,2wk-Placebo_103132,2025-08-02T05:07:00Z,1,103132-2-1,SRP605981
SRR34844308,AMPLICON,570,20032650,PRJNA1300638,SAMN50421370,"MIMS.me,MIGS/MIMS/MIMARKS.human-gut",11905940,SETSUNAN UNIVERSITY,not applicable,public,"fastq,run.zq,sra","gs,ncbi,s3","gs.us-east1,ncbi.public,s3.us-east-1",not applicable,not applicable,not applicable,SRX29976519,uncalculated,uncalculated,not applicable,not applicable,Illumina MiSeq,not applicable,103132-1-1,PAIRED,PCR,METAGENOMIC,human gut metagenome,ILLUMINA,2025-10-01T00:00:00Z,before-Placebo_103132,2025-08-02T05:07:00Z,1,103132-1-1,SRP605981
SRR34844309,AMPLICON,570,11977410,PRJNA1300638,SAMN50421369,"MIMS.me,MIGS/MIMS/MIMARKS.human-gut",7103123,SETSUNAN UNIVERSITY,not applicable,public,"fastq,run.zq,sra","gs,ncbi,s3","gs.us-east1,ncbi.public,s3.us-east-1",not applicable,not applicable,not applicable,SRX29976518,uncalculated,uncalculated,not applicable,not applicable,Illumina MiSeq,not applicable,103115-3-1,PAIRED,PCR,METAGENOMIC,human gut metagenome,ILLUMINA,2025-10-01T00:00:00Z,4wk-Placebo_103115,2025-08-02T05:07:00Z,1,103115-3-1,SRP605981
SRR34844310,AMPLICON,570,18087240,PRJNA1300638,SAMN50421368,"MIMS.me,MIGS/MIMS/MIMARKS.human-gut",10414702,SETSUNAN UNIVERSITY,not applicable,public,"fastq,run.zq,sra","gs,ncbi,s3","gs.us-east1,ncbi.public,s3.us-east-1",not applicable,not applicable,not applicable,SRX29976517,uncalculated,uncalculated,not applicable,not applicable,Illumina MiSeq,not applicable,103115-2-1,PAIRED,PCR,METAGENOMIC,human gut metagenome,ILLUMINA,2025-10-01T00:00:00Z,2wk-Placebo_103115,2025-08-02T05:07:00Z,1,103115-2-1,SRP605981
SRR34844311,AMPLICON,570,18623040,PRJNA1300638,SAMN50421367,"MIMS.me,MIGS/MIMS/MIMARKS.human-gut",11084810,SETSUNAN UNIVERSITY,not applicable,public,"fastq,run.zq,sra","gs,ncbi,s3","gs.us-east1,ncbi.public,s3.us-east-1",not applicable,not applicable,not applicable,SRX29976516,uncalculated,uncalculated,not applicable,not applicable,Illumina MiSeq,not applicable,103115-1-1,PAIRED,PCR,METAGENOMIC,human gut metagenome,ILLUMINA,2025-10-01T00:00:00Z,before-Placebo_103115,2025-08-02T05:07:00Z,1,103115-1-1,SRP605981
SRR34844312,AMPLICON,570,16685040,PRJNA1300638,SAMN50421366,"MIMS.me,MIGS/MIMS/MIMARKS.human-gut",9830203,SETSUNAN UNIVERSITY,not applicable,public,"fastq,run.zq,sra","gs,ncbi,s3","gs.us-east1,ncbi.public,s3.us-east-1",not applicable,not applicable,not applicable,SRX29976515,uncalculated,uncalculated,not applicable,not applicable,Illumina MiSeq,not applicable,103114-3-1,PAIRED,PCR,METAGENOMIC,human gut metagenome,ILLUMINA,2025-10-01T00:00:00Z,4wk-Treatment_103114,2025-08-02T05:07:00Z,1,103114-3-1,SRP605981
SRR34844313,AMPLICON,570,17760630,PRJNA1300638,SAMN50421365,"MIMS.me,MIGS/MIMS/MIMARKS.human-gut",10619749,SETSUNAN UNIVERSITY,not applicable,public,"fastq,run.zq,sra","gs,ncbi,s3","gs.us-east1,ncbi.public,s3.us-east-1",not applicable,not applicable,not applicable,SRX29976514,uncalculated,uncalculated,not applicable,not applicable,Illumina MiSeq,not applicable,103114-2-1,PAIRED,PCR,METAGENOMIC,human gut metagenome,ILLUMINA,2025-10-01T00:00:00Z,2wk-Treatment_103114,2025-08-02T05:07:00Z,1,103114-2-1,SRP605981
SRR34844314,AMPLICON,570,18583140,PRJNA1300638,SAMN50421364,"MIMS.me,MIGS/MIMS/MIMARKS.human-gut",11300343,SETSUNAN UNIVERSITY,not applicable,public,"fastq,run.zq,sra","gs,ncbi,s3","gs.us-east1,ncbi.public,s3.us-east-1",not applicable,not applicable,not applicable,SRX29976513,uncalculated,uncalculated,not applicable,not applicable,Illumina MiSeq,not applicable,103114-1-1,PAIRED,PCR,METAGENOMIC,human gut metagenome,ILLUMINA,2025-10-01T00:00:00Z,before-Treatment_103114,2025-08-02T05:07:00Z,1,103114-1-1,SRP605981
SRR34844315,AMPLICON,570,15431610,PRJNA1300638,SAMN50421363,"MIMS.me,MIGS/MIMS/MIMARKS.human-gut",9142608,SETSUNAN UNIVERSITY,not applicable,public,"fastq,run.zq,sra","gs,ncbi,s3","gs.us-east1,ncbi.public,s3.us-east-1",not applicable,not applicable,not applicable,SRX29976512,uncalculated,uncalculated,not applicable,not applicable,Illumina MiSeq,not applicable,103111-3-1,PAIRED,PCR,METAGENOMIC,human gut metagenome,ILLUMINA,2025-10-01T00:00:00Z,4wk-Treatment_103111,2025-08-02T05:07:00Z,1,103111-3-1,SRP605981
SRR34844316,AMPLICON,570,18953640,PRJNA1300638,SAMN50421111,"MIMS.me,MIGS/MIMS/MIMARKS.human-gut",11162341,SETSUNAN UNIVERSITY,not applicable,public,"fastq,run.zq,sra","gs,ncbi,s3","gs.us-east1,ncbi.public,s3.us-east-1",not applicable,not applicable,not applicable,SRX29976511,uncalculated,uncalculated,not applicable,not applicable,Illumina MiSeq,not applicable,102609-3-1,PAIRED,PCR,METAGENOMIC,human gut metagenome,ILLUMINA,2025-10-01T00:00:00Z,4wk-Placebo_102609,2025-08-02T05:07:00Z,1,102609-3-1,SRP605981
SRR34844317,AMPLICON,570,17449410,PRJNA1300638,SAMN50421362,"MIMS.me,MIGS/MIMS/MIMARKS.human-gut",10450629,SETSUNAN UNIVERSITY,not applicable,public,"fastq,run.zq,sra","gs,ncbi,s3","gs.us-east1,ncbi.public,s3.us-east-1",not applicable,not applicable,not applicable,SRX29976510,uncalculated,uncalculated,not applicable,not applicable,Illumina MiSeq,not applicable,103111-2-1,PAIRED,PCR,METAGENOMIC,human gut metagenome,ILLUMINA,2025-10-01T00:00:00Z,2wk-Treatment_103111,2025-08-02T05:07:00Z,1,103111-2-1,SRP605981
SRR34844318,AMPLICON,570,22487070,PRJNA1300638,SAMN50421361,"MIMS.me,MIGS/MIMS/MIMARKS.human-gut",13323729,SETSUNAN UNIVERSITY,not applicable,public,"fastq,run.zq,sra","gs,ncbi,s3","gs.us-east1,ncbi.public,s3.us-east-1",not applicable,not applicable,not applicable,SRX29976509,uncalculated,uncalculated,not applicable,not applicable,Illumina MiSeq,not applicable,103111-1-1,PAIRED,PCR,METAGENOMIC,human gut metagenome,ILLUMINA,2025-10-01T00:00:00Z,before-Treatment_103111,2025-08-02T05:07:00Z,1,103111-1-1,SRP605981
SRR34844319,AMPLICON,570,18375660,PRJNA1300638,SAMN50421360,"MIMS.me,MIGS/MIMS/MIMARKS.human-gut",10816418,SETSUNAN UNIVERSITY,not applicable,public,"fastq,run.zq,sra","gs,ncbi,s3","gs.us-east1,ncbi.public,s3.us-east-1",not applicable,not applicable,not applicable,SRX29976508,uncalculated,uncalculated,not applicable,not applicable,Illumina MiSeq,not applicable,103108-3-1,PAIRED,PCR,METAGENOMIC,human gut metagenome,ILLUMINA,2025-10-01T00:00:00Z,4wk-Placebo_103108,2025-08-02T05:07:00Z,1,103108-3-1,SRP605981
SRR34844320,AMPLICON,570,14484840,PRJNA1300638,SAMN50421359,"MIMS.me,MIGS/MIMS/MIMARKS.human-gut",8514737,SETSUNAN UNIVERSITY,not applicable,public,"fastq,run.zq,sra","gs,ncbi,s3","gs.us-east1,ncbi.public,s3.us-east-1",not applicable,not applicable,not applicable,SRX29976507,uncalculated,uncalculated,not applicable,not applicable,Illumina MiSeq,not applicable,103108-2-1,PAIRED,PCR,METAGENOMIC,human gut metagenome,ILLUMINA,2025-10-01T00:00:00Z,2wk-Placebo_103108,2025-08-02T05:07:00Z,1,103108-2-1,SRP605981
SRR34844321,AMPLICON,570,17523510,PRJNA1300638,SAMN50421358,"MIMS.me,MIGS/MIMS/MIMARKS.human-gut",10434405,SETSUNAN UNIVERSITY,not applicable,public,"fastq,run.zq,sra","gs,ncbi,s3","gs.us-east1,ncbi.public,s3.us-east-1",not applicable,not applicable,not applicable,SRX29976506,uncalculated,uncalculated,not applicable,not applicable,Illumina MiSeq,not applicable,103108-1-1,PAIRED,PCR,METAGENOMIC,human gut metagenome,ILLUMINA,2025-10-01T00:00:00Z,before-Placebo_103108,2025-08-02T05:07:00Z,1,103108-1-1,SRP605981
SRR34844322,AMPLICON,570,15610590,PRJNA1300638,SAMN50421306,"MIMS.me,MIGS/MIMS/MIMARKS.human-gut",9206846,SETSUNAN UNIVERSITY,not applicable,public,"fastq,run.zq,sra","gs,ncbi,s3","gs.us-east1,ncbi.public,s3.us-east-1",not applicable,not applicable,not applicable,SRX29976505,uncalculated,uncalculated,not applicable,not applicable,Illumina MiSeq,not applicable,103045-3-1,PAIRED,PCR,METAGENOMIC,human gut metagenome,ILLUMINA,2025-10-01T00:00:00Z,4wk-Placebo_103045,2025-08-02T05:07:00Z,1,103045-3-1,SRP605981
SRR34844323,AMPLICON,570,12782820,PRJNA1300638,SAMN50421305,"MIMS.me,MIGS/MIMS/MIMARKS.human-gut",7617795,SETSUNAN UNIVERSITY,not applicable,public,"fastq,run.zq,sra","gs,ncbi,s3","gs.us-east1,ncbi.public,s3.us-east-1",not applicable,not applicable,not applicable,SRX29976504,uncalculated,uncalculated,not applicable,not applicable,Illumina MiSeq,not applicable,103045-2-1,PAIRED,PCR,METAGENOMIC,human gut metagenome,ILLUMINA,2025-10-01T00:00:00Z,2wk-Placebo_103045,2025-08-02T05:07:00Z,1,103045-2-1,SRP605981
SRR34844324,AMPLICON,570,13194930,PRJNA1300638,SAMN50421304,"MIMS.me,MIGS/MIMS/MIMARKS.human-gut",7858688,SETSUNAN UNIVERSITY,not applicable,public,"fastq,run.zq,sra","gs,ncbi,s3","gs.us-east1,ncbi.public,s3.us-east-1",not applicable,not applicable,not applicable,SRX29976503,uncalculated,uncalculated,not applicable,not applicable,Illumina MiSeq,not applicable,103045-1-1,PAIRED,PCR,METAGENOMIC,human gut metagenome,ILLUMINA,2025-10-01T00:00:00Z,before-Placebo_103045,2025-08-02T05:07:00Z,1,103045-1-1,SRP605981
SRR34844325,AMPLICON,570,12531450,PRJNA1300638,SAMN50421303,"MIMS.me,MIGS/MIMS/MIMARKS.human-gut",7745358,SETSUNAN UNIVERSITY,not applicable,public,"fastq,run.zq,sra","gs,ncbi,s3","gs.us-east1,ncbi.public,s3.us-east-1",not applicable,not applicable,not applicable,SRX29976502,uncalculated,uncalculated,not applicable,not applicable,Illumina MiSeq,not applicable,103034-3-1,PAIRED,PCR,METAGENOMIC,human gut metagenome,ILLUMINA,2025-10-01T00:00:00Z,4wk-Treatment_103034,2025-08-02T05:07:00Z,1,103034-3-1,SRP605981
SRR34844326,AMPLICON,570,17546880,PRJNA1300638,SAMN50421105,"MIMS.me,MIGS/MIMS/MIMARKS.human-gut",10559976,SETSUNAN UNIVERSITY,not applicable,public,"fastq,run.zq,sra","gs,ncbi,s3","gs.us-east1,ncbi.public,s3.us-east-1",not applicable,not applicable,not applicable,SRX29976501,uncalculated,uncalculated,not applicable,not applicable,Illumina MiSeq,not applicable,102606-3-1,PAIRED,PCR,METAGENOMIC,human gut metagenome,ILLUMINA,2025-10-01T00:00:00Z,4wk-Placebo_102606,2025-08-02T05:07:00Z,1,102606-3-1,SRP605981
SRR34844327,AMPLICON,570,16510620,PRJNA1300638,SAMN50421302,"MIMS.me,MIGS/MIMS/MIMARKS.human-gut",9733773,SETSUNAN UNIVERSITY,not applicable,public,"fastq,run.zq,sra","gs,ncbi,s3","gs.us-east1,ncbi.public,s3.us-east-1",not applicable,not applicable,not applicable,SRX29976500,uncalculated,uncalculated,not applicable,not applicable,Illumina MiSeq,not applicable,103034-2-1,PAIRED,PCR,METAGENOMIC,human gut metagenome,ILLUMINA,2025-10-01T00:00:00Z,2wk-Treatment_103034,2025-08-02T05:07:00Z,1,103034-2-1,SRP605981
SRR34844328,AMPLICON,570,20326200,PRJNA1300638,SAMN50421301,"MIMS.me,MIGS/MIMS/MIMARKS.human-gut",12063697,SETSUNAN UNIVERSITY,not applicable,public,"fastq,run.zq,sra","gs,ncbi,s3","gs.us-east1,ncbi.public,s3.us-east-1",not applicable,not applicable,not applicable,SRX29976499,uncalculated,uncalculated,not applicable,not applicable,Illumina MiSeq,not applicable,103034-1-1,PAIRED,PCR,METAGENOMIC,human gut metagenome,ILLUMINA,2025-10-01T00:00:00Z,before-Treatment_103034,2025-08-02T05:07:00Z,1,103034-1-1,SRP605981
SRR34844329,AMPLICON,570,18363120,PRJNA1300638,SAMN50421300,"MIMS.me,MIGS/MIMS/MIMARKS.human-gut",10776719,SETSUNAN UNIVERSITY,not applicable,public,"fastq,run.zq,sra","gs,ncbi,s3","gs.us-east1,ncbi.public,s3.us-east-1",not applicable,not applicable,not applicable,SRX29976498,uncalculated,uncalculated,not applicable,not applicable,Illumina MiSeq,not applicable,103033-3-1,PAIRED,PCR,METAGENOMIC,human gut metagenome,ILLUMINA,2025-10-01T00:00:00Z,4wk-Placebo_103033,2025-08-02T05:07:00Z,1,103033-3-1,SRP605981
SRR34844330,AMPLICON,570,16260960,PRJNA1300638,SAMN50421299,"MIGS/MIMS/MIMARKS.human-gut,MIMS.me",9555756,SETSUNAN UNIVERSITY,not applicable,public,"fastq,run.zq,sra","gs,ncbi,s3","gs.us-east1,ncbi.public,s3.us-east-1",not applicable,not applicable,not applicable,SRX29976497,uncalculated,uncalculated,not applicable,not applicable,Illumina MiSeq,not applicable,103033-2-1,PAIRED,PCR,METAGENOMIC,human gut metagenome,ILLUMINA,2025-10-01T00:00:00Z,2wk-Placebo_103033,2025-08-02T05:07:00Z,1,103033-2-1,SRP605981
SRR34844331,AMPLICON,570,18127140,PRJNA1300638,SAMN50421298,"MIMS.me,MIGS/MIMS/MIMARKS.human-gut",10500799,SETSUNAN UNIVERSITY,not applicable,public,"fastq,run.zq,sra","gs,ncbi,s3","gs.us-east1,ncbi.public,s3.us-east-1",not applicable,not applicable,not applicable,SRX29976496,uncalculated,uncalculated,not applicable,not applicable,Illumina MiSeq,not applicable,103033-1-1,PAIRED,PCR,METAGENOMIC,human gut metagenome,ILLUMINA,2025-10-01T00:00:00Z,before-Placebo_103033,2025-08-02T05:07:00Z,1,103033-1-1,SRP605981
SRR34844332,AMPLICON,570,19112100,PRJNA1300638,SAMN50421297,"MIMS.me,MIGS/MIMS/MIMARKS.human-gut",11284614,SETSUNAN UNIVERSITY,not applicable,public,"fastq,run.zq,sra","gs,ncbi,s3","gs.us-east1,ncbi.public,s3.us-east-1",not applicable,not applicable,not applicable,SRX29976495,uncalculated,uncalculated,not applicable,not applicable,Illumina MiSeq,not applicable,103030-3-1,PAIRED,PCR,METAGENOMIC,human gut metagenome,ILLUMINA,2025-10-01T00:00:00Z,4wk-Treatment_103030,2025-08-02T05:07:00Z,1,103030-3-1,SRP605981
SRR34844333,AMPLICON,570,18458310,PRJNA1300638,SAMN50421296,"MIMS.me,MIGS/MIMS/MIMARKS.human-gut",10969350,SETSUNAN UNIVERSITY,not applicable,public,"fastq,run.zq,sra","gs,ncbi,s3","gs.us-east1,ncbi.public,s3.us-east-1",not applicable,not applicable,not applicable,SRX29976494,uncalculated,uncalculated,not applicable,not applicable,Illumina MiSeq,not applicable,103030-2-1,PAIRED,PCR,METAGENOMIC,human gut metagenome,ILLUMINA,2025-10-01T00:00:00Z,2wk-Treatment_103030,2025-08-02T05:07:00Z,1,103030-2-1,SRP605981
SRR34844334,AMPLICON,570,18060450,PRJNA1300638,SAMN50421295,"MIMS.me,MIGS/MIMS/MIMARKS.human-gut",10920143,SETSUNAN UNIVERSITY,not applicable,public,"fastq,run.zq,sra","gs,ncbi,s3","gs.us-east1,ncbi.public,s3.us-east-1",not applicable,not applicable,not applicable,SRX29976493,uncalculated,uncalculated,not applicable,not applicable,Illumina MiSeq,not applicable,103030-1-1,PAIRED,PCR,METAGENOMIC,human gut metagenome,ILLUMINA,2025-10-01T00:00:00Z,before-Treatment_103030,2025-08-02T05:07:00Z,1,103030-1-1,SRP605981
SRR34844335,AMPLICON,570,18874980,PRJNA1300638,SAMN50421294,"MIMS.me,MIGS/MIMS/MIMARKS.human-gut",10977335,SETSUNAN UNIVERSITY,not applicable,public,"fastq,run.zq,sra","gs,ncbi,s3","gs.us-east1,ncbi.public,s3.us-east-1",not applicable,not applicable,not applicable,SRX29976492,uncalculated,uncalculated,not applicable,not applicable,Illumina MiSeq,not applicable,103029-3-1,PAIRED,PCR,METAGENOMIC,human gut metagenome,ILLUMINA,2025-10-01T00:00:00Z,4wk-Treatment_103029,2025-08-02T05:07:00Z,1,103029-3-1,SRP605981
SRR34844336,AMPLICON,570,18768960,PRJNA1300638,SAMN50421293,"MIMS.me,MIGS/MIMS/MIMARKS.human-gut",10914087,SETSUNAN UNIVERSITY,not applicable,public,"fastq,run.zq,sra","gs,ncbi,s3","gs.us-east1,ncbi.public,s3.us-east-1",not applicable,not applicable,not applicable,SRX29976491,uncalculated,uncalculated,not applicable,not applicable,Illumina MiSeq,not applicable,103029-2-1,PAIRED,PCR,METAGENOMIC,human gut metagenome,ILLUMINA,2025-10-01T00:00:00Z,2wk-Treatment_103029,2025-08-02T05:07:00Z,1,103029-2-1,SRP605981
SRR34844337,AMPLICON,570,27969900,PRJNA1300638,SAMN50421104,"MIMS.me,MIGS/MIMS/MIMARKS.human-gut",16958554,SETSUNAN UNIVERSITY,not applicable,public,"fastq,run.zq,sra","gs,ncbi,s3","gs.us-east1,ncbi.public,s3.us-east-1",not applicable,not applicable,not applicable,SRX29976490,uncalculated,uncalculated,not applicable,not applicable,Illumina MiSeq,not applicable,102606-2-1,PAIRED,PCR,METAGENOMIC,human gut metagenome,ILLUMINA,2025-10-01T00:00:00Z,2wk-Placebo_102606,2025-08-02T05:07:00Z,1,102606-2-1,SRP605981
SRR34844338,AMPLICON,570,19784130,PRJNA1300638,SAMN50421292,"MIMS.me,MIGS/MIMS/MIMARKS.human-gut",11552732,SETSUNAN UNIVERSITY,not applicable,public,"fastq,run.zq,sra","gs,ncbi,s3","gs.us-east1,ncbi.public,s3.us-east-1",not applicable,not applicable,not applicable,SRX29976489,uncalculated,uncalculated,not applicable,not applicable,Illumina MiSeq,not applicable,103029-1-1,PAIRED,PCR,METAGENOMIC,human gut metagenome,ILLUMINA,2025-10-01T00:00:00Z,before-Treatment_103029,2025-08-02T05:08:00Z,1,103029-1-1,SRP605981
SRR34844339,AMPLICON,570,16153800,PRJNA1300638,SAMN50421291,"MIMS.me,MIGS/MIMS/MIMARKS.human-gut",9544620,SETSUNAN UNIVERSITY,not applicable,public,"fastq,run.zq,sra","gs,ncbi,s3","gs.us-east1,ncbi.public,s3.us-east-1",not applicable,not applicable,not applicable,SRX29976488,uncalculated,uncalculated,not applicable,not applicable,Illumina MiSeq,not applicable,103024-3-1,PAIRED,PCR,METAGENOMIC,human gut metagenome,ILLUMINA,2025-10-01T00:00:00Z,4wk-Placebo_103024,2025-08-02T05:07:00Z,1,103024-3-1,SRP605981
SRR34844340,AMPLICON,570,13860120,PRJNA1300638,SAMN50421290,"MIMS.me,MIGS/MIMS/MIMARKS.human-gut",8382743,SETSUNAN UNIVERSITY,not applicable,public,"fastq,run.zq,sra","gs,ncbi,s3","gs.us-east1,ncbi.public,s3.us-east-1",not applicable,not applicable,not applicable,SRX29976487,uncalculated,uncalculated,not applicable,not applicable,Illumina MiSeq,not applicable,103024-2-1,PAIRED,PCR,METAGENOMIC,human gut metagenome,ILLUMINA,2025-10-01T00:00:00Z,2wk-Placebo_103024,2025-08-02T05:07:00Z,1,103024-2-1,SRP605981
SRR34844341,AMPLICON,570,10163100,PRJNA1300638,SAMN50421289,"MIMS.me,MIGS/MIMS/MIMARKS.human-gut",6176304,SETSUNAN UNIVERSITY,not applicable,public,"fastq,run.zq,sra","gs,ncbi,s3","gs.us-east1,ncbi.public,s3.us-east-1",not applicable,not applicable,not applicable,SRX29976486,uncalculated,uncalculated,not applicable,not applicable,Illumina MiSeq,not applicable,103024-1-1,PAIRED,PCR,METAGENOMIC,human gut metagenome,ILLUMINA,2025-10-01T00:00:00Z,before-Placebo_103024,2025-08-02T05:07:00Z,1,103024-1-1,SRP605981
SRR34844342,AMPLICON,570,22179270,PRJNA1300638,SAMN50421288,"MIMS.me,MIGS/MIMS/MIMARKS.human-gut",13427394,SETSUNAN UNIVERSITY,not applicable,public,"fastq,run.zq,sra","gs,ncbi,s3","gs.us-east1,ncbi.public,s3.us-east-1",not applicable,not applicable,not applicable,SRX29976485,uncalculated,uncalculated,not applicable,not applicable,Illumina MiSeq,not applicable,103023-3-1,PAIRED,PCR,METAGENOMIC,human gut metagenome,ILLUMINA,2025-10-01T00:00:00Z,4wk-Treatment_103023,2025-08-02T05:07:00Z,1,103023-3-1,SRP605981
SRR34844343,AMPLICON,570,16324800,PRJNA1300638,SAMN50421287,"MIMS.me,MIGS/MIMS/MIMARKS.human-gut",9731714,SETSUNAN UNIVERSITY,not applicable,public,"fastq,run.zq,sra","gs,ncbi,s3","gs.us-east1,ncbi.public,s3.us-east-1",not applicable,not applicable,not applicable,SRX29976484,uncalculated,uncalculated,not applicable,not applicable,Illumina MiSeq,not applicable,103023-2-1,PAIRED,PCR,METAGENOMIC,human gut metagenome,ILLUMINA,2025-10-01T00:00:00Z,2wk-Treatment_103023,2025-08-02T05:08:00Z,1,103023-2-1,SRP605981
SRR34844344,AMPLICON,570,16275780,PRJNA1300638,SAMN50421286,"MIMS.me,MIGS/MIMS/MIMARKS.human-gut",10314940,SETSUNAN UNIVERSITY,not applicable,public,"fastq,run.zq,sra","gs,ncbi,s3","gs.us-east1,ncbi.public,s3.us-east-1",not applicable,not applicable,not applicable,SRX29976483,uncalculated,uncalculated,not applicable,not applicable,Illumina MiSeq,not applicable,103023-1-1,PAIRED,PCR,METAGENOMIC,human gut metagenome,ILLUMINA,2025-10-01T00:00:00Z,before-Treatment_103023,2025-08-02T05:07:00Z,1,103023-1-1,SRP605981
SRR34844345,AMPLICON,570,18968460,PRJNA1300638,SAMN50421285,"MIMS.me,MIGS/MIMS/MIMARKS.human-gut",11108288,SETSUNAN UNIVERSITY,not applicable,public,"fastq,run.zq,sra","gs,ncbi,s3","gs.us-east1,ncbi.public,s3.us-east-1",not applicable,not applicable,not applicable,SRX29976482,uncalculated,uncalculated,not applicable,not applicable,Illumina MiSeq,not applicable,103022-3-1,PAIRED,PCR,METAGENOMIC,human gut metagenome,ILLUMINA,2025-10-01T00:00:00Z,4wk-Placebo_103022,2025-08-02T05:07:00Z,1,103022-3-1,SRP605981
SRR34844346,AMPLICON,570,21009060,PRJNA1300638,SAMN50421284,"MIMS.me,MIGS/MIMS/MIMARKS.human-gut",12322960,SETSUNAN UNIVERSITY,not applicable,public,"fastq,run.zq,sra","gs,ncbi,s3","gs.us-east1,ncbi.public,s3.us-east-1",not applicable,not applicable,not applicable,SRX29976481,uncalculated,uncalculated,not applicable,not applicable,Illumina MiSeq,not applicable,103022-2-1,PAIRED,PCR,METAGENOMIC,human gut metagenome,ILLUMINA,2025-10-01T00:00:00Z,2wk-Placebo_103022,2025-08-02T05:08:00Z,1,103022-2-1,SRP605981
SRR34844347,AMPLICON,570,17239080,PRJNA1300638,SAMN50421283,"MIMS.me,MIGS/MIMS/MIMARKS.human-gut",10173292,SETSUNAN UNIVERSITY,not applicable,public,"fastq,run.zq,sra","gs,ncbi,s3","gs.us-east1,ncbi.public,s3.us-east-1",not applicable,not applicable,not applicable,SRX29976480,uncalculated,uncalculated,not applicable,not applicable,Illumina MiSeq,not applicable,103022-1-1,PAIRED,PCR,METAGENOMIC,human gut metagenome,ILLUMINA,2025-10-01T00:00:00Z,before-Placebo_103022,2025-08-02T05:07:00Z,1,103022-1-1,SRP605981
SRR34844348,AMPLICON,570,20541660,PRJNA1300638,SAMN50421103,"MIMS.me,MIGS/MIMS/MIMARKS.human-gut",12363219,SETSUNAN UNIVERSITY,not applicable,public,"fastq,run.zq,sra","gs,ncbi,s3","gs.us-east1,ncbi.public,s3.us-east-1",not applicable,not applicable,not applicable,SRX29976479,uncalculated,uncalculated,not applicable,not applicable,Illumina MiSeq,not applicable,102606-1-1,PAIRED,PCR,METAGENOMIC,human gut metagenome,ILLUMINA,2025-10-01T00:00:00Z,before-Placebo_102606,2025-08-02T05:07:00Z,1,102606-1-1,SRP605981
SRR34844349,AMPLICON,570,17669430,PRJNA1300638,SAMN50421085,"MIMS.me,MIGS/MIMS/MIMARKS.human-gut",10306699,SETSUNAN UNIVERSITY,not applicable,public,"fastq,run.zq,sra","gs,ncbi,s3","gs.us-east1,ncbi.public,s3.us-east-1",not applicable,not applicable,not applicable,SRX29976478,uncalculated,uncalculated,not applicable,not applicable,Illumina MiSeq,not applicable,100565-1-1,PAIRED,PCR,METAGENOMIC,human gut metagenome,ILLUMINA,2025-10-01T00:00:00Z,before-Treatment_100565,2025-08-02T05:08:00Z,1,100565-1-1,SRP605981
SRR34844350,AMPLICON,570,17043000,PRJNA1300638,SAMN50421176,"MIMS.me,MIGS/MIMS/MIMARKS.human-gut",10412881,SETSUNAN UNIVERSITY,not applicable,public,"fastq,run.zq,sra","gs,ncbi,s3","gs.us-east1,ncbi.public,s3.us-east-1",not applicable,not applicable,not applicable,SRX29976477,uncalculated,uncalculated,not applicable,not applicable,Illumina MiSeq,not applicable,102640-2-1,PAIRED,PCR,METAGENOMIC,human gut metagenome,ILLUMINA,2025-10-01T00:00:00Z,2wk-Treatment_102640,2025-08-02T05:08:00Z,1,102640-2-1,SRP605981
SRR34844351,AMPLICON,570,20472690,PRJNA1300638,SAMN50421175,"MIMS.me,MIGS/MIMS/MIMARKS.human-gut",12371520,SETSUNAN UNIVERSITY,not applicable,public,"fastq,run.zq,sra","gs,ncbi,s3","gs.us-east1,ncbi.public,s3.us-east-1",not applicable,not applicable,not applicable,SRX29976476,uncalculated,uncalculated,not applicable,not applicable,Illumina MiSeq,not applicable,102640-1-1,PAIRED,PCR,METAGENOMIC,human gut metagenome,ILLUMINA,2025-10-01T00:00:00Z,before-Treatment_102640,2025-08-02T05:07:00Z,1,102640-1-1,SRP605981
SRR34844352,AMPLICON,570,16642860,PRJNA1300638,SAMN50421174,"MIMS.me,MIGS/MIMS/MIMARKS.human-gut",10070763,SETSUNAN UNIVERSITY,not applicable,public,"fastq,run.zq,sra","gs,ncbi,s3","gs.us-east1,ncbi.public,s3.us-east-1",not applicable,not applicable,not applicable,SRX29976475,uncalculated,uncalculated,not applicable,not applicable,Illumina MiSeq,not applicable,102639-3-1,PAIRED,PCR,METAGENOMIC,human gut metagenome,ILLUMINA,2025-10-01T00:00:00Z,4wk-Treatment_102639,2025-08-02T05:07:00Z,1,102639-3-1,SRP605981
SRR34844353,AMPLICON,570,17271570,PRJNA1300638,SAMN50421173,"MIMS.me,MIGS/MIMS/MIMARKS.human-gut",10396157,SETSUNAN UNIVERSITY,not applicable,public,"fastq,run.zq,sra","gs,ncbi,s3","gs.us-east1,ncbi.public,s3.us-east-1",not applicable,not applicable,not applicable,SRX29976474,uncalculated,uncalculated,not applicable,not applicable,Illumina MiSeq,not applicable,102639-2-1,PAIRED,PCR,METAGENOMIC,human gut metagenome,ILLUMINA,2025-10-01T00:00:00Z,2wk-Treatment_102639,2025-08-02T05:07:00Z,1,102639-2-1,SRP605981
SRR34844354,AMPLICON,570,22850730,PRJNA1300638,SAMN50421092,"MIMS.me,MIGS/MIMS/MIMARKS.human-gut",13326731,SETSUNAN UNIVERSITY,not applicable,public,"fastq,run.zq,sra","gs,ncbi,s3","gs.us-east1,ncbi.public,s3.us-east-1",not applicable,not applicable,not applicable,SRX29976473,uncalculated,uncalculated,not applicable,not applicable,Illumina MiSeq,not applicable,102596-2-1,PAIRED,PCR,METAGENOMIC,human gut metagenome,ILLUMINA,2025-10-01T00:00:00Z,2wk-Treatment_102596,2025-08-02T05:07:00Z,1,102596-2-1,SRP605981
SRR34844355,AMPLICON,570,22035630,PRJNA1300638,SAMN50421172,"MIMS.me,MIGS/MIMS/MIMARKS.human-gut",13454145,SETSUNAN UNIVERSITY,not applicable,public,"fastq,run.zq,sra","gs,ncbi,s3","gs.us-east1,ncbi.public,s3.us-east-1",not applicable,not applicable,not applicable,SRX29976472,uncalculated,uncalculated,not applicable,not applicable,Illumina MiSeq,not applicable,102639-1-1,PAIRED,PCR,METAGENOMIC,human gut metagenome,ILLUMINA,2025-10-01T00:00:00Z,before-Treatment_102639,2025-08-02T05:08:00Z,1,102639-1-1,SRP605981
SRR34844356,AMPLICON,570,16588710,PRJNA1300638,SAMN50421171,"MIMS.me,MIGS/MIMS/MIMARKS.human-gut",9789245,SETSUNAN UNIVERSITY,not applicable,public,"fastq,run.zq,sra","gs,ncbi,s3","gs.us-east1,ncbi.public,s3.us-east-1",not applicable,not applicable,not applicable,SRX29976471,uncalculated,uncalculated,not applicable,not applicable,Illumina MiSeq,not applicable,102638-3-1,PAIRED,PCR,METAGENOMIC,human gut metagenome,ILLUMINA,2025-10-01T00:00:00Z,4wk-Treatment_102638,2025-08-02T05:08:00Z,1,102638-3-1,SRP605981
SRR34844357,AMPLICON,570,15164850,PRJNA1300638,SAMN50421170,"MIMS.me,MIGS/MIMS/MIMARKS.human-gut",8919613,SETSUNAN UNIVERSITY,not applicable,public,"fastq,run.zq,sra","gs,ncbi,s3","gs.us-east1,ncbi.public,s3.us-east-1",not applicable,not applicable,not applicable,SRX29976470,uncalculated,uncalculated,not applicable,not applicable,Illumina MiSeq,not applicable,102638-2-1,PAIRED,PCR,METAGENOMIC,human gut metagenome,ILLUMINA,2025-10-01T00:00:00Z,2wk-Treatment_102638,2025-08-02T05:08:00Z,1,102638-2-1,SRP605981
SRR34844358,AMPLICON,570,17790270,PRJNA1300638,SAMN50421169,"MIMS.me,MIGS/MIMS/MIMARKS.human-gut",10923991,SETSUNAN UNIVERSITY,not applicable,public,"fastq,run.zq,sra","gs,ncbi,s3","gs.us-east1,ncbi.public,s3.us-east-1",not applicable,not applicable,not applicable,SRX29976469,uncalculated,uncalculated,not applicable,not applicable,Illumina MiSeq,not applicable,102638-1-1,PAIRED,PCR,METAGENOMIC,human gut metagenome,ILLUMINA,2025-10-01T00:00:00Z,before-Treatment_102638,2025-08-02T05:08:00Z,1,102638-1-1,SRP605981
SRR34844359,AMPLICON,570,18507330,PRJNA1300638,SAMN50421168,"MIMS.me,MIGS/MIMS/MIMARKS.human-gut",10888682,SETSUNAN UNIVERSITY,not applicable,public,"fastq,run.zq,sra","gs,ncbi,s3","gs.us-east1,ncbi.public,s3.us-east-1",not applicable,not applicable,not applicable,SRX29976468,uncalculated,uncalculated,not applicable,not applicable,Illumina MiSeq,not applicable,102637-3-1,PAIRED,PCR,METAGENOMIC,human gut metagenome,ILLUMINA,2025-10-01T00:00:00Z,4wk-Placebo_102637,2025-08-02T05:08:00Z,1,102637-3-1,SRP605981
SRR34844360,AMPLICON,570,24898170,PRJNA1300638,SAMN50421167,"MIMS.me,MIGS/MIMS/MIMARKS.human-gut",14533849,SETSUNAN UNIVERSITY,not applicable,public,"fastq,run.zq,sra","gs,ncbi,s3","gs.us-east1,ncbi.public,s3.us-east-1",not applicable,not applicable,not applicable,SRX29976467,uncalculated,uncalculated,not applicable,not applicable,Illumina MiSeq,not applicable,102637-2-1,PAIRED,PCR,METAGENOMIC,human gut metagenome,ILLUMINA,2025-10-01T00:00:00Z,2wk-Placebo_102637,2025-08-02T05:08:00Z,1,102637-2-1,SRP605981
SRR34844361,AMPLICON,570,17535480,PRJNA1300638,SAMN50421166,"MIMS.me,MIGS/MIMS/MIMARKS.human-gut",10400197,SETSUNAN UNIVERSITY,not applicable,public,"fastq,run.zq,sra","gs,ncbi,s3","gs.us-east1,ncbi.public,s3.us-east-1",not applicable,not applicable,not applicable,SRX29976466,uncalculated,uncalculated,not applicable,not applicable,Illumina MiSeq,not applicable,102637-1-1,PAIRED,PCR,METAGENOMIC,human gut metagenome,ILLUMINA,2025-10-01T00:00:00Z,before-Placebo_102637,2025-08-02T05:08:00Z,1,102637-1-1,SRP605981
SRR34844362,AMPLICON,570,13840170,PRJNA1300638,SAMN50421165,"MIMS.me,MIGS/MIMS/MIMARKS.human-gut",8390191,SETSUNAN UNIVERSITY,not applicable,public,"fastq,run.zq,sra","gs,ncbi,s3","gs.us-east1,ncbi.public,s3.us-east-1",not applicable,not applicable,not applicable,SRX29976465,uncalculated,uncalculated,not applicable,not applicable,Illumina MiSeq,not applicable,102634-3-1,PAIRED,PCR,METAGENOMIC,human gut metagenome,ILLUMINA,2025-10-01T00:00:00Z,4wk-Placebo_102634,2025-08-02T05:08:00Z,1,102634-3-1,SRP605981
SRR34844363,AMPLICON,570,18429810,PRJNA1300638,SAMN50421164,"MIMS.me,MIGS/MIMS/MIMARKS.human-gut",10944510,SETSUNAN UNIVERSITY,not applicable,public,"fastq,run.zq,sra","gs,ncbi,s3","gs.us-east1,ncbi.public,s3.us-east-1",not applicable,not applicable,not applicable,SRX29976464,uncalculated,uncalculated,not applicable,not applicable,Illumina MiSeq,not applicable,102634-2-1,PAIRED,PCR,METAGENOMIC,human gut metagenome,ILLUMINA,2025-10-01T00:00:00Z,2wk-Placebo_102634,2025-08-02T05:08:00Z,1,102634-2-1,SRP605981
SRR34844364,AMPLICON,570,16458750,PRJNA1300638,SAMN50421163,"MIMS.me,MIGS/MIMS/MIMARKS.human-gut",9849024,SETSUNAN UNIVERSITY,not applicable,public,"fastq,run.zq,sra","gs,ncbi,s3","gs.us-east1,ncbi.public,s3.us-east-1",not applicable,not applicable,not applicable,SRX29976463,uncalculated,uncalculated,not applicable,not applicable,Illumina MiSeq,not applicable,102634-1-1,PAIRED,PCR,METAGENOMIC,human gut metagenome,ILLUMINA,2025-10-01T00:00:00Z,before-Placebo_102634,2025-08-02T05:07:00Z,1,102634-1-1,SRP605981
SRR34844365,AMPLICON,570,19753920,PRJNA1300638,SAMN50421091,"MIMS.me,MIGS/MIMS/MIMARKS.human-gut",11584082,SETSUNAN UNIVERSITY,not applicable,public,"fastq,run.zq,sra","gs,ncbi,s3","gs.us-east1,ncbi.public,s3.us-east-1",not applicable,not applicable,not applicable,SRX29976462,uncalculated,uncalculated,not applicable,not applicable,Illumina MiSeq,not applicable,102596-1-1,PAIRED,PCR,METAGENOMIC,human gut metagenome,ILLUMINA,2025-10-01T00:00:00Z,before-Treatment_102596,2025-08-02T05:08:00Z,1,102596-1-1,SRP605981
SRR34844366,AMPLICON,570,17785710,PRJNA1300638,SAMN50421162,"MIMS.me,MIGS/MIMS/MIMARKS.human-gut",10557321,SETSUNAN UNIVERSITY,not applicable,public,"fastq,run.zq,sra","gs,ncbi,s3","gs.us-east1,ncbi.public,s3.us-east-1",not applicable,not applicable,not applicable,SRX29976461,uncalculated,uncalculated,not applicable,not applicable,Illumina MiSeq,not applicable,102632-3-1,PAIRED,PCR,METAGENOMIC,human gut metagenome,ILLUMINA,2025-10-01T00:00:00Z,4wk-Placebo_102632,2025-08-02T05:08:00Z,1,102632-3-1,SRP605981
SRR34844367,AMPLICON,570,19435290,PRJNA1300638,SAMN50421161,"MIMS.me,MIGS/MIMS/MIMARKS.human-gut",11290210,SETSUNAN UNIVERSITY,not applicable,public,"fastq,run.zq,sra","gs,ncbi,s3","gs.us-east1,ncbi.public,s3.us-east-1",not applicable,not applicable,not applicable,SRX29976460,uncalculated,uncalculated,not applicable,not applicable,Illumina MiSeq,not applicable,102632-2-1,PAIRED,PCR,METAGENOMIC,human gut metagenome,ILLUMINA,2025-10-01T00:00:00Z,2wk-Placebo_102632,2025-08-02T05:08:00Z,1,102632-2-1,SRP605981
SRR34844368,AMPLICON,570,20475540,PRJNA1300638,SAMN50421160,"MIMS.me,MIGS/MIMS/MIMARKS.human-gut",12019007,SETSUNAN UNIVERSITY,not applicable,public,"fastq,run.zq,sra","gs,ncbi,s3","gs.us-east1,ncbi.public,s3.us-east-1",not applicable,not applicable,not applicable,SRX29976459,uncalculated,uncalculated,not applicable,not applicable,Illumina MiSeq,not applicable,102632-1-1,PAIRED,PCR,METAGENOMIC,human gut metagenome,ILLUMINA,2025-10-01T00:00:00Z,before-Placebo_102632,2025-08-02T05:08:00Z,1,102632-1-1,SRP605981
SRR34844369,AMPLICON,570,16415430,PRJNA1300638,SAMN50421159,"MIMS.me,MIGS/MIMS/MIMARKS.human-gut",9705753,SETSUNAN UNIVERSITY,not applicable,public,"fastq,run.zq,sra","gs,ncbi,s3","gs.us-east1,ncbi.public,s3.us-east-1",not applicable,not applicable,not applicable,SRX29976458,uncalculated,uncalculated,not applicable,not applicable,Illumina MiSeq,not applicable,102631-3-1,PAIRED,PCR,METAGENOMIC,human gut metagenome,ILLUMINA,2025-10-01T00:00:00Z,4wk-Placebo_102631,2025-08-02T05:08:00Z,1,102631-3-1,SRP605981
SRR34844370,AMPLICON,570,17931630,PRJNA1300638,SAMN50421158,"MIMS.me,MIGS/MIMS/MIMARKS.human-gut",10644674,SETSUNAN UNIVERSITY,not applicable,public,"fastq,run.zq,sra","gs,ncbi,s3","gs.us-east1,ncbi.public,s3.us-east-1",not applicable,not applicable,not applicable,SRX29976457,uncalculated,uncalculated,not applicable,not applicable,Illumina MiSeq,not applicable,102631-2-1,PAIRED,PCR,METAGENOMIC,human gut metagenome,ILLUMINA,2025-10-01T00:00:00Z,2wk-Placebo_102631,2025-08-02T05:08:00Z,1,102631-2-1,SRP605981
SRR34844371,AMPLICON,570,16282620,PRJNA1300638,SAMN50421157,"MIMS.me,MIGS/MIMS/MIMARKS.human-gut",9762790,SETSUNAN UNIVERSITY,not applicable,public,"fastq,run.zq,sra","gs,ncbi,s3","gs.us-east1,ncbi.public,s3.us-east-1",not applicable,not applicable,not applicable,SRX29976456,uncalculated,uncalculated,not applicable,not applicable,Illumina MiSeq,not applicable,102631-1-1,PAIRED,PCR,METAGENOMIC,human gut metagenome,ILLUMINA,2025-10-01T00:00:00Z,before-Placebo_102631,2025-08-02T05:08:00Z,1,102631-1-1,SRP605981
SRR34844372,AMPLICON,570,17583360,PRJNA1300638,SAMN50421156,"MIMS.me,MIGS/MIMS/MIMARKS.human-gut",10316910,SETSUNAN UNIVERSITY,not applicable,public,"fastq,run.zq,sra","gs,ncbi,s3","gs.us-east1,ncbi.public,s3.us-east-1",not applicable,not applicable,not applicable,SRX29976455,uncalculated,uncalculated,not applicable,not applicable,Illumina MiSeq,not applicable,102629-3-1,PAIRED,PCR,METAGENOMIC,human gut metagenome,ILLUMINA,2025-10-01T00:00:00Z,4wk-Treatment_102629,2025-08-02T05:08:00Z,1,102629-3-1,SRP605981
SRR34844373,AMPLICON,570,23228070,PRJNA1300638,SAMN50421155,"MIMS.me,MIGS/MIMS/MIMARKS.human-gut",13444728,SETSUNAN UNIVERSITY,not applicable,public,"fastq,run.zq,sra","gs,ncbi,s3","gs.us-east1,ncbi.public,s3.us-east-1",not applicable,not applicable,not applicable,SRX29976454,uncalculated,uncalculated,not applicable,not applicable,Illumina MiSeq,not applicable,102629-2-1,PAIRED,PCR,METAGENOMIC,human gut metagenome,ILLUMINA,2025-10-01T00:00:00Z,2wk-Treatment_102629,2025-08-02T05:08:00Z,1,102629-2-1,SRP605981
SRR34844374,AMPLICON,570,20271480,PRJNA1300638,SAMN50421154,"MIMS.me,MIGS/MIMS/MIMARKS.human-gut",11935260,SETSUNAN UNIVERSITY,not applicable,public,"fastq,run.zq,sra","gs,ncbi,s3","gs.us-east1,ncbi.public,s3.us-east-1",not applicable,not applicable,not applicable,SRX29976453,uncalculated,uncalculated,not applicable,not applicable,Illumina MiSeq,not applicable,102629-1-1,PAIRED,PCR,METAGENOMIC,human gut metagenome,ILLUMINA,2025-10-01T00:00:00Z,before-Treatment_102629,2025-08-02T05:08:00Z,1,102629-1-1,SRP605981
SRR34844375,AMPLICON,570,21321420,PRJNA1300638,SAMN50421153,"MIMS.me,MIGS/MIMS/MIMARKS.human-gut",13030910,SETSUNAN UNIVERSITY,not applicable,public,"fastq,run.zq,sra","gs,ncbi,s3","gs.us-east1,ncbi.public,s3.us-east-1",not applicable,not applicable,not applicable,SRX29976452,uncalculated,uncalculated,not applicable,not applicable,Illumina MiSeq,not applicable,102628-3-1,PAIRED,PCR,METAGENOMIC,human gut metagenome,ILLUMINA,2025-10-01T00:00:00Z,4wk-Placebo_102628,2025-08-02T05:08:00Z,1,102628-3-1,SRP605981
SRR34844376,AMPLICON,570,19653030,PRJNA1300638,SAMN50421090,"MIMS.me,MIGS/MIMS/MIMARKS.human-gut",11725459,SETSUNAN UNIVERSITY,not applicable,public,"fastq,run.zq,sra","gs,ncbi,s3","gs.us-east1,ncbi.public,s3.us-east-1",not applicable,not applicable,not applicable,SRX29976451,uncalculated,uncalculated,not applicable,not applicable,Illumina MiSeq,not applicable,100601-3-1,PAIRED,PCR,METAGENOMIC,human gut metagenome,ILLUMINA,2025-10-01T00:00:00Z,4wk-Treatment_100601,2025-08-02T05:08:00Z,1,100601-3-1,SRP605981
SRR34844377,AMPLICON,570,21045540,PRJNA1300638,SAMN50421152,"MIMS.me,MIGS/MIMS/MIMARKS.human-gut",12242328,SETSUNAN UNIVERSITY,not applicable,public,"fastq,run.zq,sra","gs,ncbi,s3","gs.us-east1,ncbi.public,s3.us-east-1",not applicable,not applicable,not applicable,SRX29976450,uncalculated,uncalculated,not applicable,not applicable,Illumina MiSeq,not applicable,102628-2-1,PAIRED,PCR,METAGENOMIC,human gut metagenome,ILLUMINA,2025-10-01T00:00:00Z,2wk-Placebo_102628,2025-08-02T05:08:00Z,1,102628-2-1,SRP605981
SRR34844378,AMPLICON,570,17198040,PRJNA1300638,SAMN50421357,"MIMS.me,MIGS/MIMS/MIMARKS.human-gut",10422929,SETSUNAN UNIVERSITY,not applicable,public,"fastq,run.zq,sra","gs,ncbi,s3","gs.us-east1,ncbi.public,s3.us-east-1",not applicable,not applicable,not applicable,SRX29976449,uncalculated,uncalculated,not applicable,not applicable,Illumina MiSeq,not applicable,103107-3-1,PAIRED,PCR,METAGENOMIC,human gut metagenome,ILLUMINA,2025-10-01T00:00:00Z,4wk-Treatment_103107,2025-08-02T05:08:00Z,1,103107-3-1,SRP605981
SRR34844379,AMPLICON,570,18344310,PRJNA1300638,SAMN50421356,"MIMS.me,MIGS/MIMS/MIMARKS.human-gut",11062133,SETSUNAN UNIVERSITY,not applicable,public,"fastq,run.zq,sra","gs,ncbi,s3","gs.us-east1,ncbi.public,s3.us-east-1",not applicable,not applicable,not applicable,SRX29976448,uncalculated,uncalculated,not applicable,not applicable,Illumina MiSeq,not applicable,103107-2-1,PAIRED,PCR,METAGENOMIC,human gut metagenome,ILLUMINA,2025-10-01T00:00:00Z,2wk-Treatment_103107,2025-08-02T05:08:00Z,1,103107-2-1,SRP605981
SRR34844380,AMPLICON,570,18569460,PRJNA1300638,SAMN50421355,"MIMS.me,MIGS/MIMS/MIMARKS.human-gut",11156547,SETSUNAN UNIVERSITY,not applicable,public,"fastq,run.zq,sra","gs,ncbi,s3","gs.us-east1,ncbi.public,s3.us-east-1",not applicable,not applicable,not applicable,SRX29976447,uncalculated,uncalculated,not applicable,not applicable,Illumina MiSeq,not applicable,103107-1-1,PAIRED,PCR,METAGENOMIC,human gut metagenome,ILLUMINA,2025-10-01T00:00:00Z,before-Treatment_103107,2025-08-02T05:07:00Z,1,103107-1-1,SRP605981
SRR34844381,AMPLICON,570,16887390,PRJNA1300638,SAMN50421354,"MIMS.me,MIGS/MIMS/MIMARKS.human-gut",9847798,SETSUNAN UNIVERSITY,not applicable,public,"fastq,run.zq,sra","gs,ncbi,s3","gs.us-east1,ncbi.public,s3.us-east-1",not applicable,not applicable,not applicable,SRX29976446,uncalculated,uncalculated,not applicable,not applicable,Illumina MiSeq,not applicable,103106-3-1,PAIRED,PCR,METAGENOMIC,human gut metagenome,ILLUMINA,2025-10-01T00:00:00Z,4wk-Treatment_103106,2025-08-02T05:07:00Z,1,103106-3-1,SRP605981
SRR34844382,AMPLICON,570,20980560,PRJNA1300638,SAMN50421353,"MIMS.me,MIGS/MIMS/MIMARKS.human-gut",12526957,SETSUNAN UNIVERSITY,not applicable,public,"fastq,run.zq,sra","gs,ncbi,s3","gs.us-east1,ncbi.public,s3.us-east-1",not applicable,not applicable,not applicable,SRX29976445,uncalculated,uncalculated,not applicable,not applicable,Illumina MiSeq,not applicable,103106-2-1,PAIRED,PCR,METAGENOMIC,human gut metagenome,ILLUMINA,2025-10-01T00:00:00Z,2wk-Treatment_103106,2025-08-02T05:07:00Z,1,103106-2-1,SRP605981
SRR34844383,AMPLICON,570,23301030,PRJNA1300638,SAMN50421110,"MIMS.me,MIGS/MIMS/MIMARKS.human-gut",13845346,SETSUNAN UNIVERSITY,not applicable,public,"fastq,run.zq,sra","gs,ncbi,s3","gs.us-east1,ncbi.public,s3.us-east-1",not applicable,not applicable,not applicable,SRX29976444,uncalculated,uncalculated,not applicable,not applicable,Illumina MiSeq,not applicable,102609-2-1,PAIRED,PCR,METAGENOMIC,human gut metagenome,ILLUMINA,2025-10-01T00:00:00Z,2wk-Placebo_102609,2025-08-02T05:07:00Z,1,102609-2-1,SRP605981
SRR34844384,AMPLICON,570,19411350,PRJNA1300638,SAMN50421352,"MIMS.me,MIGS/MIMS/MIMARKS.human-gut",11741524,SETSUNAN UNIVERSITY,not applicable,public,"fastq,run.zq,sra","gs,ncbi,s3","gs.us-east1,ncbi.public,s3.us-east-1",not applicable,not applicable,not applicable,SRX29976443,uncalculated,uncalculated,not applicable,not applicable,Illumina MiSeq,not applicable,103106-1-1,PAIRED,PCR,METAGENOMIC,human gut metagenome,ILLUMINA,2025-10-01T00:00:00Z,before-Treatment_103106,2025-08-02T05:07:00Z,1,103106-1-1,SRP605981
SRR34844385,AMPLICON,570,17647200,PRJNA1300638,SAMN50421351,"MIMS.me,MIGS/MIMS/MIMARKS.human-gut",10378206,SETSUNAN UNIVERSITY,not applicable,public,"fastq,run.zq,sra","gs,ncbi,s3","gs.us-east1,ncbi.public,s3.us-east-1",not applicable,not applicable,not applicable,SRX29976442,uncalculated,uncalculated,not applicable,not applicable,Illumina MiSeq,not applicable,103104-3-1,PAIRED,PCR,METAGENOMIC,human gut metagenome,ILLUMINA,2025-10-01T00:00:00Z,4wk-Placebo_103104,2025-08-02T05:07:00Z,1,103104-3-1,SRP605981
SRR34844386,AMPLICON,570,23598570,PRJNA1300638,SAMN50421350,"MIMS.me,MIGS/MIMS/MIMARKS.human-gut",13965035,SETSUNAN UNIVERSITY,not applicable,public,"fastq,run.zq,sra","gs,ncbi,s3","gs.us-east1,ncbi.public,s3.us-east-1",not applicable,not applicable,not applicable,SRX29976441,uncalculated,uncalculated,not applicable,not applicable,Illumina MiSeq,not applicable,103104-2-1,PAIRED,PCR,METAGENOMIC,human gut metagenome,ILLUMINA,2025-10-01T00:00:00Z,2wk-Placebo_103104,2025-08-02T05:07:00Z,1,103104-2-1,SRP605981
SRR34844387,AMPLICON,570,19080180,PRJNA1300638,SAMN50421349,"MIMS.me,MIGS/MIMS/MIMARKS.human-gut",11393010,SETSUNAN UNIVERSITY,not applicable,public,"fastq,run.zq,sra","gs,ncbi,s3","gs.us-east1,ncbi.public,s3.us-east-1",not applicable,not applicable,not applicable,SRX29976440,uncalculated,uncalculated,not applicable,not applicable,Illumina MiSeq,not applicable,103104-1-1,PAIRED,PCR,METAGENOMIC,human gut metagenome,ILLUMINA,2025-10-01T00:00:00Z,before-Placebo_103104,2025-08-02T05:07:00Z,1,103104-1-1,SRP605981
SRR34844388,AMPLICON,570,17529210,PRJNA1300638,SAMN50421348,"MIMS.me,MIGS/MIMS/MIMARKS.human-gut",10409198,SETSUNAN UNIVERSITY,not applicable,public,"fastq,run.zq,sra","gs,ncbi,s3","gs.us-east1,ncbi.public,s3.us-east-1",not applicable,not applicable,not applicable,SRX29976439,uncalculated,uncalculated,not applicable,not applicable,Illumina MiSeq,not applicable,103103-3-1,PAIRED,PCR,METAGENOMIC,human gut metagenome,ILLUMINA,2025-10-01T00:00:00Z,4wk-Placebo_103103,2025-08-02T05:07:00Z,1,103103-3-1,SRP605981
SRR34844389,AMPLICON,570,18643560,PRJNA1300638,SAMN50421347,"MIMS.me,MIGS/MIMS/MIMARKS.human-gut",10999379,SETSUNAN UNIVERSITY,not applicable,public,"fastq,run.zq,sra","gs,ncbi,s3","gs.us-east1,ncbi.public,s3.us-east-1",not applicable,not applicable,not applicable,SRX29976438,uncalculated,uncalculated,not applicable,not applicable,Illumina MiSeq,not applicable,103103-2-1,PAIRED,PCR,METAGENOMIC,human gut metagenome,ILLUMINA,2025-10-01T00:00:00Z,2wk-Placebo_103103,2025-08-02T05:07:00Z,1,103103-2-1,SRP605981
SRR34844390,AMPLICON,570,9100050,PRJNA1300638,SAMN50421346,"MIMS.me,MIGS/MIMS/MIMARKS.human-gut",5517211,SETSUNAN UNIVERSITY,not applicable,public,"fastq,run.zq,sra","gs,ncbi,s3","gs.us-east1,ncbi.public,s3.us-east-1",not applicable,not applicable,not applicable,SRX29976437,uncalculated,uncalculated,not applicable,not applicable,Illumina MiSeq,not applicable,103103-1-1,PAIRED,PCR,METAGENOMIC,human gut metagenome,ILLUMINA,2025-10-01T00:00:00Z,before-Placebo_103103,2025-08-02T05:07:00Z,1,103103-1-1,SRP605981
SRR34844391,AMPLICON,570,21405780,PRJNA1300638,SAMN50421345,"MIMS.me,MIGS/MIMS/MIMARKS.human-gut",12894499,SETSUNAN UNIVERSITY,not applicable,public,"fastq,run.zq,sra","gs,ncbi,s3","gs.us-east1,ncbi.public,s3.us-east-1",not applicable,not applicable,not applicable,SRX29976436,uncalculated,uncalculated,not applicable,not applicable,Illumina MiSeq,not applicable,103101-3-1,PAIRED,PCR,METAGENOMIC,human gut metagenome,ILLUMINA,2025-10-01T00:00:00Z,4wk-Placebo_103101,2025-08-02T05:08:00Z,1,103101-3-1,SRP605981
SRR34844392,AMPLICON,570,14781240,PRJNA1300638,SAMN50421344,"MIMS.me,MIGS/MIMS/MIMARKS.human-gut",8972397,SETSUNAN UNIVERSITY,not applicable,public,"fastq,run.zq,sra","gs,ncbi,s3","gs.us-east1,ncbi.public,s3.us-east-1",not applicable,not applicable,not applicable,SRX29976435,uncalculated,uncalculated,not applicable,not applicable,Illumina MiSeq,not applicable,103101-2-1,PAIRED,PCR,METAGENOMIC,human gut metagenome,ILLUMINA,2025-10-01T00:00:00Z,2wk-Placebo_103101,2025-08-02T05:07:00Z,1,103101-2-1,SRP605981
SRR34844393,AMPLICON,570,15209310,PRJNA1300638,SAMN50421343,"MIMS.me,MIGS/MIMS/MIMARKS.human-gut",9348008,SETSUNAN UNIVERSITY,not applicable,public,"fastq,run.zq,sra","gs,ncbi,s3","gs.us-east1,ncbi.public,s3.us-east-1",not applicable,not applicable,not applicable,SRX29976434,uncalculated,uncalculated,not applicable,not applicable,Illumina MiSeq,not applicable,103101-1-1,PAIRED,PCR,METAGENOMIC,human gut metagenome,ILLUMINA,2025-10-01T00:00:00Z,before-Placebo_103101,2025-08-02T05:07:00Z,1,103101-1-1,SRP605981
SRR34844394,AMPLICON,570,20274900,PRJNA1300638,SAMN50421109,"MIMS.me,MIGS/MIMS/MIMARKS.human-gut",11915072,SETSUNAN UNIVERSITY,not applicable,public,"fastq,run.zq,sra","gs,ncbi,s3","gs.us-east1,ncbi.public,s3.us-east-1",not applicable,not applicable,not applicable,SRX29976433,uncalculated,uncalculated,not applicable,not applicable,Illumina MiSeq,not applicable,102609-1-1,PAIRED,PCR,METAGENOMIC,human gut metagenome,ILLUMINA,2025-10-01T00:00:00Z,before-Placebo_102609,2025-08-02T05:07:00Z,1,102609-1-1,SRP605981
SRR34844395,AMPLICON,570,11296260,PRJNA1300638,SAMN50421342,"MIMS.me,MIGS/MIMS/MIMARKS.human-gut",6863846,SETSUNAN UNIVERSITY,not applicable,public,"fastq,run.zq,sra","gs,ncbi,s3","gs.us-east1,ncbi.public,s3.us-east-1",not applicable,not applicable,not applicable,SRX29976432,uncalculated,uncalculated,not applicable,not applicable,Illumina MiSeq,not applicable,103100-3-1,PAIRED,PCR,METAGENOMIC,human gut metagenome,ILLUMINA,2025-10-01T00:00:00Z,4wk-Treatment_103100,2025-08-02T05:07:00Z,1,103100-3-1,SRP605981
SRR34844396,AMPLICON,570,17556000,PRJNA1300638,SAMN50421341,"MIMS.me,MIGS/MIMS/MIMARKS.human-gut",10426101,SETSUNAN UNIVERSITY,not applicable,public,"fastq,run.zq,sra","gs,ncbi,s3","gs.us-east1,ncbi.public,s3.us-east-1",not applicable,not applicable,not applicable,SRX29976431,uncalculated,uncalculated,not applicable,not applicable,Illumina MiSeq,not applicable,103100-2-1,PAIRED,PCR,METAGENOMIC,human gut metagenome,ILLUMINA,2025-10-01T00:00:00Z,2wk-Treatment_103100,2025-08-02T05:07:00Z,1,103100-2-1,SRP605981
SRR34844397,AMPLICON,570,22045320,PRJNA1300638,SAMN50421340,"MIMS.me,MIGS/MIMS/MIMARKS.human-gut",12956464,SETSUNAN UNIVERSITY,not applicable,public,"fastq,run.zq,sra","gs,ncbi,s3","gs.us-east1,ncbi.public,s3.us-east-1",not applicable,not applicable,not applicable,SRX29976430,uncalculated,uncalculated,not applicable,not applicable,Illumina MiSeq,not applicable,103100-1-1,PAIRED,PCR,METAGENOMIC,human gut metagenome,ILLUMINA,2025-10-01T00:00:00Z,before-Treatment_103100,2025-08-02T05:07:00Z,1,103100-1-1,SRP605981
SRR34844398,AMPLICON,570,16390350,PRJNA1300638,SAMN50421339,"MIMS.me,MIGS/MIMS/MIMARKS.human-gut",9738276,SETSUNAN UNIVERSITY,not applicable,public,"fastq,run.zq,sra","gs,ncbi,s3","gs.us-east1,ncbi.public,s3.us-east-1",not applicable,not applicable,not applicable,SRX29976429,uncalculated,uncalculated,not applicable,not applicable,Illumina MiSeq,not applicable,103098-3-1,PAIRED,PCR,METAGENOMIC,human gut metagenome,ILLUMINA,2025-10-01T00:00:00Z,4wk-Treatment_103098,2025-08-02T05:07:00Z,1,103098-3-1,SRP605981
SRR34844399,AMPLICON,570,15968550,PRJNA1300638,SAMN50421338,"MIMS.me,MIGS/MIMS/MIMARKS.human-gut",9382563,SETSUNAN UNIVERSITY,not applicable,public,"fastq,run.zq,sra","gs,ncbi,s3","gs.us-east1,ncbi.public,s3.us-east-1",not applicable,not applicable,not applicable,SRX29976428,uncalculated,uncalculated,not applicable,not applicable,Illumina MiSeq,not applicable,103098-2-1,PAIRED,PCR,METAGENOMIC,human gut metagenome,ILLUMINA,2025-10-01T00:00:00Z,2wk-Treatment_103098,2025-08-02T05:07:00Z,1,103098-2-1,SRP605981
SRR34844400,AMPLICON,570,20054880,PRJNA1300638,SAMN50421337,"MIMS.me,MIGS/MIMS/MIMARKS.human-gut",11762326,SETSUNAN UNIVERSITY,not applicable,public,"fastq,run.zq,sra","gs,ncbi,s3","gs.us-east1,ncbi.public,s3.us-east-1",not applicable,not applicable,not applicable,SRX29976427,uncalculated,uncalculated,not applicable,not applicable,Illumina MiSeq,not applicable,103098-1-1,PAIRED,PCR,METAGENOMIC,human gut metagenome,ILLUMINA,2025-10-01T00:00:00Z,before-Treatment_103098,2025-08-02T05:07:00Z,1,103098-1-1,SRP605981
SRR34844401,AMPLICON,570,16224480,PRJNA1300638,SAMN50421336,"MIMS.me,MIGS/MIMS/MIMARKS.human-gut",9460465,SETSUNAN UNIVERSITY,not applicable,public,"fastq,run.zq,sra","gs,ncbi,s3","gs.us-east1,ncbi.public,s3.us-east-1",not applicable,not applicable,not applicable,SRX29976426,uncalculated,uncalculated,not applicable,not applicable,Illumina MiSeq,not applicable,103094-3-1,PAIRED,PCR,METAGENOMIC,human gut metagenome,ILLUMINA,2025-10-01T00:00:00Z,4wk-Placebo_103094,2025-08-02T05:07:00Z,1,103094-3-1,SRP605981
SRR34844402,AMPLICON,570,18692010,PRJNA1300638,SAMN50421335,"MIMS.me,MIGS/MIMS/MIMARKS.human-gut",10765120,SETSUNAN UNIVERSITY,not applicable,public,"fastq,run.zq,sra","gs,ncbi,s3","gs.us-east1,ncbi.public,s3.us-east-1",not applicable,not applicable,not applicable,SRX29976425,uncalculated,uncalculated,not applicable,not applicable,Illumina MiSeq,not applicable,103094-2-1,PAIRED,PCR,METAGENOMIC,human gut metagenome,ILLUMINA,2025-10-01T00:00:00Z,2wk-Placebo_103094,2025-08-02T05:07:00Z,1,103094-2-1,SRP605981
SRR34844403,AMPLICON,570,18329490,PRJNA1300638,SAMN50421334,"MIMS.me,MIGS/MIMS/MIMARKS.human-gut",10767170,SETSUNAN UNIVERSITY,not applicable,public,"fastq,run.zq,sra","gs,ncbi,s3","gs.us-east1,ncbi.public,s3.us-east-1",not applicable,not applicable,not applicable,SRX29976424,uncalculated,uncalculated,not applicable,not applicable,Illumina MiSeq,not applicable,103094-1-1,PAIRED,PCR,METAGENOMIC,human gut metagenome,ILLUMINA,2025-10-01T00:00:00Z,before-Placebo_103094,2025-08-02T05:07:00Z,1,103094-1-1,SRP605981
SRR34844404,AMPLICON,570,19324710,PRJNA1300638,SAMN50421333,"MIMS.me,MIGS/MIMS/MIMARKS.human-gut",11415878,SETSUNAN UNIVERSITY,not applicable,public,"fastq,run.zq,sra","gs,ncbi,s3","gs.us-east1,ncbi.public,s3.us-east-1",not applicable,not applicable,not applicable,SRX29976423,uncalculated,uncalculated,not applicable,not applicable,Illumina MiSeq,not applicable,103092-3-1,PAIRED,PCR,METAGENOMIC,human gut metagenome,ILLUMINA,2025-10-01T00:00:00Z,4wk-Placebo_103092,2025-08-02T05:07:00Z,1,103092-3-1,SRP605981
SRR34844405,AMPLICON,570,19170240,PRJNA1300638,SAMN50421108,"MIMS.me,MIGS/MIMS/MIMARKS.human-gut",11182503,SETSUNAN UNIVERSITY,not applicable,public,"fastq,run.zq,sra","gs,ncbi,s3","gs.us-east1,ncbi.public,s3.us-east-1",not applicable,not applicable,not applicable,SRX29976422,uncalculated,uncalculated,not applicable,not applicable,Illumina MiSeq,not applicable,102607-3-1,PAIRED,PCR,METAGENOMIC,human gut metagenome,ILLUMINA,2025-10-01T00:00:00Z,4wk-Treatment_102607,2025-08-02T05:08:00Z,1,102607-3-1,SRP605981
SRR34844406,AMPLICON,570,15812370,PRJNA1300638,SAMN50421282,"MIMS.me,MIGS/MIMS/MIMARKS.human-gut",9431471,SETSUNAN UNIVERSITY,not applicable,public,"fastq,run.zq,sra","gs,ncbi,s3","gs.us-east1,ncbi.public,s3.us-east-1",not applicable,not applicable,not applicable,SRX29976421,uncalculated,uncalculated,not applicable,not applicable,Illumina MiSeq,not applicable,103021-3-1,PAIRED,PCR,METAGENOMIC,human gut metagenome,ILLUMINA,2025-10-01T00:00:00Z,4wk-Placebo_103021,2025-08-02T05:07:00Z,1,103021-3-1,SRP605981
SRR34844407,AMPLICON,570,17011650,PRJNA1300638,SAMN50421281,"MIMS.me,MIGS/MIMS/MIMARKS.human-gut",10195335,SETSUNAN UNIVERSITY,not applicable,public,"fastq,run.zq,sra","gs,ncbi,s3","gs.us-east1,ncbi.public,s3.us-east-1",not applicable,not applicable,not applicable,SRX29976420,uncalculated,uncalculated,not applicable,not applicable,Illumina MiSeq,not applicable,103021-2-1,PAIRED,PCR,METAGENOMIC,human gut metagenome,ILLUMINA,2025-10-01T00:00:00Z,2wk-Placebo_103021,2025-08-02T05:07:00Z,1,103021-2-1,SRP605981
SRR34844408,AMPLICON,570,22107450,PRJNA1300638,SAMN50421280,"MIMS.me,MIGS/MIMS/MIMARKS.human-gut",13078463,SETSUNAN UNIVERSITY,not applicable,public,"fastq,run.zq,sra","gs,ncbi,s3","gs.us-east1,ncbi.public,s3.us-east-1",not applicable,not applicable,not applicable,SRX29976419,uncalculated,uncalculated,not applicable,not applicable,Illumina MiSeq,not applicable,103021-1-1,PAIRED,PCR,METAGENOMIC,human gut metagenome,ILLUMINA,2025-10-01T00:00:00Z,before-Placebo_103021,2025-08-02T05:08:00Z,1,103021-1-1,SRP605981
SRR34844409,AMPLICON,570,17601030,PRJNA1300638,SAMN50421279,"MIMS.me,MIGS/MIMS/MIMARKS.human-gut",10431732,SETSUNAN UNIVERSITY,not applicable,public,"fastq,run.zq,sra","gs,ncbi,s3","gs.us-east1,ncbi.public,s3.us-east-1",not applicable,not applicable,not applicable,SRX29976418,uncalculated,uncalculated,not applicable,not applicable,Illumina MiSeq,not applicable,103019-3-1,PAIRED,PCR,METAGENOMIC,human gut metagenome,ILLUMINA,2025-10-01T00:00:00Z,4wk-Treatment_103019,2025-08-02T05:08:00Z,1,103019-3-1,SRP605981
SRR34844410,AMPLICON,570,16030680,PRJNA1300638,SAMN50421278,"MIMS.me,MIGS/MIMS/MIMARKS.human-gut",9548295,SETSUNAN UNIVERSITY,not applicable,public,"fastq,run.zq,sra","gs,ncbi,s3","gs.us-east1,ncbi.public,s3.us-east-1",not applicable,not applicable,not applicable,SRX29976417,uncalculated,uncalculated,not applicable,not applicable,Illumina MiSeq,not applicable,103019-2-1,PAIRED,PCR,METAGENOMIC,human gut metagenome,ILLUMINA,2025-10-01T00:00:00Z,2wk-Treatment_103019,2025-08-02T05:08:00Z,1,103019-2-1,SRP605981
SRR34844411,AMPLICON,570,20960610,PRJNA1300638,SAMN50421277,"MIMS.me,MIGS/MIMS/MIMARKS.human-gut",12515002,SETSUNAN UNIVERSITY,not applicable,public,"fastq,run.zq,sra","gs,ncbi,s3","gs.us-east1,ncbi.public,s3.us-east-1",not applicable,not applicable,not applicable,SRX29976416,uncalculated,uncalculated,not applicable,not applicable,Illumina MiSeq,not applicable,103019-1-1,PAIRED,PCR,METAGENOMIC,human gut metagenome,ILLUMINA,2025-10-01T00:00:00Z,before-Treatment_103019,2025-08-02T05:08:00Z,1,103019-1-1,SRP605981
SRR34844412,AMPLICON,570,18379650,PRJNA1300638,SAMN50421276,"MIMS.me,MIGS/MIMS/MIMARKS.human-gut",10746067,SETSUNAN UNIVERSITY,not applicable,public,"fastq,run.zq,sra","gs,ncbi,s3","gs.us-east1,ncbi.public,s3.us-east-1",not applicable,not applicable,not applicable,SRX29976415,uncalculated,uncalculated,not applicable,not applicable,Illumina MiSeq,not applicable,103018-3-1,PAIRED,PCR,METAGENOMIC,human gut metagenome,ILLUMINA,2025-10-01T00:00:00Z,4wk-Treatment_103018,2025-08-02T05:07:00Z,1,103018-3-1,SRP605981
SRR34844413,AMPLICON,570,21180630,PRJNA1300638,SAMN50421275,"MIMS.me,MIGS/MIMS/MIMARKS.human-gut",12522369,SETSUNAN UNIVERSITY,not applicable,public,"fastq,run.zq,sra","gs,ncbi,s3","gs.us-east1,ncbi.public,s3.us-east-1",not applicable,not applicable,not applicable,SRX29976414,uncalculated,uncalculated,not applicable,not applicable,Illumina MiSeq,not applicable,103018-2-1,PAIRED,PCR,METAGENOMIC,human gut metagenome,ILLUMINA,2025-10-01T00:00:00Z,2wk-Treatment_103018,2025-08-02T05:08:00Z,1,103018-2-1,SRP605981
SRR34844414,AMPLICON,570,19915230,PRJNA1300638,SAMN50421274,"MIMS.me,MIGS/MIMS/MIMARKS.human-gut",11734681,SETSUNAN UNIVERSITY,not applicable,public,"fastq,run.zq,sra","gs,ncbi,s3","gs.us-east1,ncbi.public,s3.us-east-1",not applicable,not applicable,not applicable,SRX29976413,uncalculated,uncalculated,not applicable,not applicable,Illumina MiSeq,not applicable,103018-1-1,PAIRED,PCR,METAGENOMIC,human gut metagenome,ILLUMINA,2025-10-01T00:00:00Z,before-Treatment_103018,2025-08-02T05:08:00Z,1,103018-1-1,SRP605981
SRR34844415,AMPLICON,570,19426170,PRJNA1300638,SAMN50421273,"MIMS.me,MIGS/MIMS/MIMARKS.human-gut",11753434,SETSUNAN UNIVERSITY,not applicable,public,"fastq,run.zq,sra","gs,ncbi,s3","gs.us-east1,ncbi.public,s3.us-east-1",not applicable,not applicable,not applicable,SRX29976412,uncalculated,uncalculated,not applicable,not applicable,Illumina MiSeq,not applicable,102948-3-1,PAIRED,PCR,METAGENOMIC,human gut metagenome,ILLUMINA,2025-10-01T00:00:00Z,4wk-Treatment_102948,2025-08-02T05:08:00Z,1,102948-3-1,SRP605981
SRR34844416,AMPLICON,570,19592040,PRJNA1300638,SAMN50421102,"MIMS.me,MIGS/MIMS/MIMARKS.human-gut",11846117,SETSUNAN UNIVERSITY,not applicable,public,"fastq,run.zq,sra","gs,ncbi,s3","gs.us-east1,ncbi.public,s3.us-east-1",not applicable,not applicable,not applicable,SRX29976411,uncalculated,uncalculated,not applicable,not applicable,Illumina MiSeq,not applicable,102605-3-1,PAIRED,PCR,METAGENOMIC,human gut metagenome,ILLUMINA,2025-10-01T00:00:00Z,4wk-Treatment_102605,2025-08-02T05:08:00Z,1,102605-3-1,SRP605981
SRR34844417,AMPLICON,570,17532060,PRJNA1300638,SAMN50421272,"MIMS.me,MIGS/MIMS/MIMARKS.human-gut",10674047,SETSUNAN UNIVERSITY,not applicable,public,"fastq,run.zq,sra","gs,ncbi,s3","gs.us-east1,ncbi.public,s3.us-east-1",not applicable,not applicable,not applicable,SRX29976410,uncalculated,uncalculated,not applicable,not applicable,Illumina MiSeq,not applicable,102948-2-1,PAIRED,PCR,METAGENOMIC,human gut metagenome,ILLUMINA,2025-10-01T00:00:00Z,2wk-Treatment_102948,2025-08-02T05:07:00Z,1,102948-2-1,SRP605981
SRR34844418,AMPLICON,570,16735770,PRJNA1300638,SAMN50421271,"MIMS.me,MIGS/MIMS/MIMARKS.human-gut",10107351,SETSUNAN UNIVERSITY,not applicable,public,"fastq,run.zq,sra","gs,ncbi,s3","gs.us-east1,ncbi.public,s3.us-east-1",not applicable,not applicable,not applicable,SRX29976409,uncalculated,uncalculated,not applicable,not applicable,Illumina MiSeq,not applicable,102948-1-1,PAIRED,PCR,METAGENOMIC,human gut metagenome,ILLUMINA,2025-10-01T00:00:00Z,before-Treatment_102948,2025-08-02T05:08:00Z,1,102948-1-1,SRP605981
SRR34844419,AMPLICON,570,15302790,PRJNA1300638,SAMN50421270,"MIMS.me,MIGS/MIMS/MIMARKS.human-gut",9248920,SETSUNAN UNIVERSITY,not applicable,public,"fastq,run.zq,sra","gs,ncbi,s3","gs.us-east1,ncbi.public,s3.us-east-1",not applicable,not applicable,not applicable,SRX29976408,uncalculated,uncalculated,not applicable,not applicable,Illumina MiSeq,not applicable,102844-3-1,PAIRED,PCR,METAGENOMIC,human gut metagenome,ILLUMINA,2025-10-01T00:00:00Z,4wk-Placebo_102844,2025-08-02T05:07:00Z,1,102844-3-1,SRP605981
SRR34844420,AMPLICON,570,14651850,PRJNA1300638,SAMN50421269,"MIMS.me,MIGS/MIMS/MIMARKS.human-gut",8790311,SETSUNAN UNIVERSITY,not applicable,public,"fastq,run.zq,sra","gs,ncbi,s3","gs.us-east1,ncbi.public,s3.us-east-1",not applicable,not applicable,not applicable,SRX29976407,uncalculated,uncalculated,not applicable,not applicable,Illumina MiSeq,not applicable,102844-2-1,PAIRED,PCR,METAGENOMIC,human gut metagenome,ILLUMINA,2025-10-01T00:00:00Z,2wk-Placebo_102844,2025-08-02T05:08:00Z,1,102844-2-1,SRP605981
SRR34844421,AMPLICON,570,20111310,PRJNA1300638,SAMN50421268,"MIMS.me,MIGS/MIMS/MIMARKS.human-gut",11880416,SETSUNAN UNIVERSITY,not applicable,public,"fastq,run.zq,sra","gs,ncbi,s3","gs.us-east1,ncbi.public,s3.us-east-1",not applicable,not applicable,not applicable,SRX29976406,uncalculated,uncalculated,not applicable,not applicable,Illumina MiSeq,not applicable,102844-1-1,PAIRED,PCR,METAGENOMIC,human gut metagenome,ILLUMINA,2025-10-01T00:00:00Z,before-Placebo_102844,2025-08-02T05:08:00Z,1,102844-1-1,SRP605981
SRR34844422,AMPLICON,570,21368730,PRJNA1300638,SAMN50421267,"MIMS.me,MIGS/MIMS/MIMARKS.human-gut",12897480,SETSUNAN UNIVERSITY,not applicable,public,"fastq,run.zq,sra","gs,ncbi,s3","gs.us-east1,ncbi.public,s3.us-east-1",not applicable,not applicable,not applicable,SRX29976405,uncalculated,uncalculated,not applicable,not applicable,Illumina MiSeq,not applicable,102843-3-1,PAIRED,PCR,METAGENOMIC,human gut metagenome,ILLUMINA,2025-10-01T00:00:00Z,4wk-Treatment_102843,2025-08-02T05:07:00Z,1,102843-3-1,SRP605981
SRR34844423,AMPLICON,570,15598620,PRJNA1300638,SAMN50421266,"MIMS.me,MIGS/MIMS/MIMARKS.human-gut",9363372,SETSUNAN UNIVERSITY,not applicable,public,"fastq,run.zq,sra","gs,ncbi,s3","gs.us-east1,ncbi.public,s3.us-east-1",not applicable,not applicable,not applicable,SRX29976404,uncalculated,uncalculated,not applicable,not applicable,Illumina MiSeq,not applicable,102843-2-1,PAIRED,PCR,METAGENOMIC,human gut metagenome,ILLUMINA,2025-10-01T00:00:00Z,2wk-Treatment_102843,2025-08-02T05:08:00Z,1,102843-2-1,SRP605981
SRR34844424,AMPLICON,570,11985390,PRJNA1300638,SAMN50421265,"MIMS.me,MIGS/MIMS/MIMARKS.human-gut",8254104,SETSUNAN UNIVERSITY,not applicable,public,"fastq,run.zq,sra","gs,ncbi,s3","gs.us-east1,ncbi.public,s3.us-east-1",not applicable,not applicable,not applicable,SRX29976403,uncalculated,uncalculated,not applicable,not applicable,Illumina MiSeq,not applicable,102843-1-1,PAIRED,PCR,METAGENOMIC,human gut metagenome,ILLUMINA,2025-10-01T00:00:00Z,before-Treatment_102843,2025-08-02T05:08:00Z,1,102843-1-1,SRP605981
SRR34844425,AMPLICON,570,15756510,PRJNA1300638,SAMN50421264,"MIMS.me,MIGS/MIMS/MIMARKS.human-gut",9401853,SETSUNAN UNIVERSITY,not applicable,public,"fastq,run.zq,sra","gs,ncbi,s3","gs.us-east1,ncbi.public,s3.us-east-1",not applicable,not applicable,not applicable,SRX29976402,uncalculated,uncalculated,not applicable,not applicable,Illumina MiSeq,not applicable,102841-3-1,PAIRED,PCR,METAGENOMIC,human gut metagenome,ILLUMINA,2025-10-01T00:00:00Z,4wk-Placebo_102841,2025-08-02T05:07:00Z,1,102841-3-1,SRP605981
SRR34844426,AMPLICON,570,14206110,PRJNA1300638,SAMN50421263,"MIMS.me,MIGS/MIMS/MIMARKS.human-gut",8439941,SETSUNAN UNIVERSITY,not applicable,public,"fastq,run.zq,sra","gs,ncbi,s3","gs.us-east1,ncbi.public,s3.us-east-1",not applicable,not applicable,not applicable,SRX29976401,uncalculated,uncalculated,not applicable,not applicable,Illumina MiSeq,not applicable,102841-2-1,PAIRED,PCR,METAGENOMIC,human gut metagenome,ILLUMINA,2025-10-01T00:00:00Z,2wk-Placebo_102841,2025-08-02T05:07:00Z,1,102841-2-1,SRP605981
SRR34844427,AMPLICON,570,22389030,PRJNA1300638,SAMN50421101,"MIMS.me,MIGS/MIMS/MIMARKS.human-gut",13957543,SETSUNAN UNIVERSITY,not applicable,public,"fastq,run.zq,sra","gs,ncbi,s3","gs.us-east1,ncbi.public,s3.us-east-1",not applicable,not applicable,not applicable,SRX29976400,uncalculated,uncalculated,not applicable,not applicable,Illumina MiSeq,not applicable,102605-2-1,PAIRED,PCR,METAGENOMIC,human gut metagenome,ILLUMINA,2025-10-01T00:00:00Z,2wk-Treatment_102605,2025-08-02T05:07:00Z,1,102605-2-1,SRP605981
SRR34844428,AMPLICON,570,14753310,PRJNA1300638,SAMN50421262,"MIMS.me,MIGS/MIMS/MIMARKS.human-gut",8798495,SETSUNAN UNIVERSITY,not applicable,public,"fastq,run.zq,sra","gs,ncbi,s3","gs.us-east1,ncbi.public,s3.us-east-1",not applicable,not applicable,not applicable,SRX29976399,uncalculated,uncalculated,not applicable,not applicable,Illumina MiSeq,not applicable,102841-1-1,PAIRED,PCR,METAGENOMIC,human gut metagenome,ILLUMINA,2025-10-01T00:00:00Z,before-Placebo_102841,2025-08-02T05:07:00Z,1,102841-1-1,SRP605981
SRR34844429,AMPLICON,570,15265170,PRJNA1300638,SAMN50421261,"MIMS.me,MIGS/MIMS/MIMARKS.human-gut",9081730,SETSUNAN UNIVERSITY,not applicable,public,"fastq,run.zq,sra","gs,ncbi,s3","gs.us-east1,ncbi.public,s3.us-east-1",not applicable,not applicable,not applicable,SRX29976398,uncalculated,uncalculated,not applicable,not applicable,Illumina MiSeq,not applicable,102840-3-1,PAIRED,PCR,METAGENOMIC,human gut metagenome,ILLUMINA,2025-10-01T00:00:00Z,4wk-Treatment_102840,2025-08-02T05:07:00Z,1,102840-3-1,SRP605981
SRR34844430,AMPLICON,570,16105350,PRJNA1300638,SAMN50421260,"MIMS.me,MIGS/MIMS/MIMARKS.human-gut",9511563,SETSUNAN UNIVERSITY,not applicable,public,"fastq,run.zq,sra","gs,ncbi,s3","gs.us-east1,ncbi.public,s3.us-east-1",not applicable,not applicable,not applicable,SRX29976397,uncalculated,uncalculated,not applicable,not applicable,Illumina MiSeq,not applicable,102840-2-1,PAIRED,PCR,METAGENOMIC,human gut metagenome,ILLUMINA,2025-10-01T00:00:00Z,2wk-Treatment_102840,2025-08-02T05:07:00Z,1,102840-2-1,SRP605981
SRR34844431,AMPLICON,570,20681310,PRJNA1300638,SAMN50421259,"MIMS.me,MIGS/MIMS/MIMARKS.human-gut",12074180,SETSUNAN UNIVERSITY,not applicable,public,"fastq,run.zq,sra","gs,ncbi,s3","gs.us-east1,ncbi.public,s3.us-east-1",not applicable,not applicable,not applicable,SRX29976396,uncalculated,uncalculated,not applicable,not applicable,Illumina MiSeq,not applicable,102840-1-1,PAIRED,PCR,METAGENOMIC,human gut metagenome,ILLUMINA,2025-10-01T00:00:00Z,before-Treatment_102840,2025-08-02T05:07:00Z,1,102840-1-1,SRP605981
SRR34844432,AMPLICON,570,17817630,PRJNA1300638,SAMN50421258,"MIMS.me,MIGS/MIMS/MIMARKS.human-gut",10663890,SETSUNAN UNIVERSITY,not applicable,public,"fastq,run.zq,sra","gs,ncbi,s3","gs.us-east1,ncbi.public,s3.us-east-1",not applicable,not applicable,not applicable,SRX29976395,uncalculated,uncalculated,not applicable,not applicable,Illumina MiSeq,not applicable,102838-3-1,PAIRED,PCR,METAGENOMIC,human gut metagenome,ILLUMINA,2025-10-01T00:00:00Z,4wk-Placebo_102838,2025-08-02T05:08:00Z,1,102838-3-1,SRP605981
SRR34844433,AMPLICON,570,16132710,PRJNA1300638,SAMN50421257,"MIMS.me,MIGS/MIMS/MIMARKS.human-gut",9574400,SETSUNAN UNIVERSITY,not applicable,public,"fastq,run.zq,sra","gs,ncbi,s3","gs.us-east1,ncbi.public,s3.us-east-1",not applicable,not applicable,not applicable,SRX29976394,uncalculated,uncalculated,not applicable,not applicable,Illumina MiSeq,not applicable,102838-2-1,PAIRED,PCR,METAGENOMIC,human gut metagenome,ILLUMINA,2025-10-01T00:00:00Z,2wk-Placebo_102838,2025-08-02T05:07:00Z,1,102838-2-1,SRP605981
SRR34844434,AMPLICON,570,21173790,PRJNA1300638,SAMN50421151,"MIMS.me,MIGS/MIMS/MIMARKS.human-gut",12521703,SETSUNAN UNIVERSITY,not applicable,public,"fastq,run.zq,sra","gs,ncbi,s3","gs.us-east1,ncbi.public,s3.us-east-1",not applicable,not applicable,not applicable,SRX29976393,uncalculated,uncalculated,not applicable,not applicable,Illumina MiSeq,not applicable,102628-1-1,PAIRED,PCR,METAGENOMIC,human gut metagenome,ILLUMINA,2025-10-01T00:00:00Z,before-Placebo_102628,2025-08-02T05:08:00Z,1,102628-1-1,SRP605981
SRR34844435,AMPLICON,570,15155730,PRJNA1300638,SAMN50421150,"MIMS.me,MIGS/MIMS/MIMARKS.human-gut",8950827,SETSUNAN UNIVERSITY,not applicable,public,"fastq,run.zq,sra","gs,ncbi,s3","gs.us-east1,ncbi.public,s3.us-east-1",not applicable,not applicable,not applicable,SRX29976392,uncalculated,uncalculated,not applicable,not applicable,Illumina MiSeq,not applicable,102625-3-1,PAIRED,PCR,METAGENOMIC,human gut metagenome,ILLUMINA,2025-10-01T00:00:00Z,4wk-Placebo_102625,2025-08-02T05:07:00Z,1,102625-3-1,SRP605981
SRR34844436,AMPLICON,570,22375920,PRJNA1300638,SAMN50421149,"MIMS.me,MIGS/MIMS/MIMARKS.human-gut",13258695,SETSUNAN UNIVERSITY,not applicable,public,"fastq,run.zq,sra","gs,ncbi,s3","gs.us-east1,ncbi.public,s3.us-east-1",not applicable,not applicable,not applicable,SRX29976391,uncalculated,uncalculated,not applicable,not applicable,Illumina MiSeq,not applicable,102625-2-1,PAIRED,PCR,METAGENOMIC,human gut metagenome,ILLUMINA,2025-10-01T00:00:00Z,2wk-Placebo_102625,2025-08-02T05:07:00Z,1,102625-2-1,SRP605981
SRR34844437,AMPLICON,570,18715380,PRJNA1300638,SAMN50421148,"MIMS.me,MIGS/MIMS/MIMARKS.human-gut",11100049,SETSUNAN UNIVERSITY,not applicable,public,"fastq,run.zq,sra","gs,ncbi,s3","gs.us-east1,ncbi.public,s3.us-east-1",not applicable,not applicable,not applicable,SRX29976390,uncalculated,uncalculated,not applicable,not applicable,Illumina MiSeq,not applicable,102625-1-1,PAIRED,PCR,METAGENOMIC,human gut metagenome,ILLUMINA,2025-10-01T00:00:00Z,before-Placebo_102625,2025-08-02T05:08:00Z,1,102625-1-1,SRP605981
SRR34844438,AMPLICON,570,17927640,PRJNA1300638,SAMN50421147,"MIMS.me,MIGS/MIMS/MIMARKS.human-gut",10758845,SETSUNAN UNIVERSITY,not applicable,public,"fastq,run.zq,sra","gs,ncbi,s3","gs.us-east1,ncbi.public,s3.us-east-1",not applicable,not applicable,not applicable,SRX29976389,uncalculated,uncalculated,not applicable,not applicable,Illumina MiSeq,not applicable,102624-3-1,PAIRED,PCR,METAGENOMIC,human gut metagenome,ILLUMINA,2025-10-01T00:00:00Z,4wk-Placebo_102624,2025-08-02T05:07:00Z,1,102624-3-1,SRP605981
SRR34844439,AMPLICON,570,19834290,PRJNA1300638,SAMN50421146,"MIMS.me,MIGS/MIMS/MIMARKS.human-gut",11885162,SETSUNAN UNIVERSITY,not applicable,public,"fastq,run.zq,sra","gs,ncbi,s3","gs.us-east1,ncbi.public,s3.us-east-1",not applicable,not applicable,not applicable,SRX29976388,uncalculated,uncalculated,not applicable,not applicable,Illumina MiSeq,not applicable,102624-2-1,PAIRED,PCR,METAGENOMIC,human gut metagenome,ILLUMINA,2025-10-01T00:00:00Z,2wk-Placebo_102624,2025-08-02T05:08:00Z,1,102624-2-1,SRP605981
SRR34844440,AMPLICON,570,23708580,PRJNA1300638,SAMN50421145,"MIMS.me,MIGS/MIMS/MIMARKS.human-gut",13947392,SETSUNAN UNIVERSITY,not applicable,public,"fastq,run.zq,sra","gs,ncbi,s3","gs.us-east1,ncbi.public,s3.us-east-1",not applicable,not applicable,not applicable,SRX29976387,uncalculated,uncalculated,not applicable,not applicable,Illumina MiSeq,not applicable,102624-1-1,PAIRED,PCR,METAGENOMIC,human gut metagenome,ILLUMINA,2025-10-01T00:00:00Z,before-Placebo_102624,2025-08-02T05:07:00Z,1,102624-1-1,SRP605981
SRR34844441,AMPLICON,570,15464670,PRJNA1300638,SAMN50421144,"MIMS.me,MIGS/MIMS/MIMARKS.human-gut",9291345,SETSUNAN UNIVERSITY,not applicable,public,"fastq,run.zq,sra","gs,ncbi,s3","gs.us-east1,ncbi.public,s3.us-east-1",not applicable,not applicable,not applicable,SRX29976386,uncalculated,uncalculated,not applicable,not applicable,Illumina MiSeq,not applicable,102623-3-1,PAIRED,PCR,METAGENOMIC,human gut metagenome,ILLUMINA,2025-10-01T00:00:00Z,4wk-Treatment_102623,2025-08-02T05:08:00Z,1,102623-3-1,SRP605981
SRR34844442,AMPLICON,570,22941930,PRJNA1300638,SAMN50421143,"MIMS.me,MIGS/MIMS/MIMARKS.human-gut",13797509,SETSUNAN UNIVERSITY,not applicable,public,"fastq,run.zq,sra","gs,ncbi,s3","gs.us-east1,ncbi.public,s3.us-east-1",not applicable,not applicable,not applicable,SRX29976385,uncalculated,uncalculated,not applicable,not applicable,Illumina MiSeq,not applicable,102623-2-1,PAIRED,PCR,METAGENOMIC,human gut metagenome,ILLUMINA,2025-10-01T00:00:00Z,2wk-Treatment_102623,2025-08-02T05:08:00Z,1,102623-2-1,SRP605981
SRR34844443,AMPLICON,570,25258980,PRJNA1300638,SAMN50421089,"MIMS.me,MIGS/MIMS/MIMARKS.human-gut",14837208,SETSUNAN UNIVERSITY,not applicable,public,"fastq,run.zq,sra","gs,ncbi,s3","gs.us-east1,ncbi.public,s3.us-east-1",not applicable,not applicable,not applicable,SRX29976384,uncalculated,uncalculated,not applicable,not applicable,Illumina MiSeq,not applicable,100601-2-1,PAIRED,PCR,METAGENOMIC,human gut metagenome,ILLUMINA,2025-10-01T00:00:00Z,2wk-Treatment_100601,2025-08-02T05:07:00Z,1,100601-2-1,SRP605981
SRR34844444,AMPLICON,570,17355930,PRJNA1300638,SAMN50421142,"MIMS.me,MIGS/MIMS/MIMARKS.human-gut",10388212,SETSUNAN UNIVERSITY,not applicable,public,"fastq,run.zq,sra","gs,ncbi,s3","gs.us-east1,ncbi.public,s3.us-east-1",not applicable,not applicable,not applicable,SRX29976383,uncalculated,uncalculated,not applicable,not applicable,Illumina MiSeq,not applicable,102623-1-1,PAIRED,PCR,METAGENOMIC,human gut metagenome,ILLUMINA,2025-10-01T00:00:00Z,before-Treatment_102623,2025-08-02T05:07:00Z,1,102623-1-1,SRP605981
SRR34844445,AMPLICON,570,16400040,PRJNA1300638,SAMN50421141,"MIMS.me,MIGS/MIMS/MIMARKS.human-gut",9954834,SETSUNAN UNIVERSITY,not applicable,public,"fastq,run.zq,sra","gs,ncbi,s3","gs.us-east1,ncbi.public,s3.us-east-1",not applicable,not applicable,not applicable,SRX29976382,uncalculated,uncalculated,not applicable,not applicable,Illumina MiSeq,not applicable,102622-3-1,PAIRED,PCR,METAGENOMIC,human gut metagenome,ILLUMINA,2025-10-01T00:00:00Z,4wk-Treatment_102622,2025-08-02T05:08:00Z,1,102622-3-1,SRP605981
SRR34844446,AMPLICON,570,20589540,PRJNA1300638,SAMN50421140,"MIMS.me,MIGS/MIMS/MIMARKS.human-gut",12162548,SETSUNAN UNIVERSITY,not applicable,public,"fastq,run.zq,sra","gs,ncbi,s3","gs.us-east1,ncbi.public,s3.us-east-1",not applicable,not applicable,not applicable,SRX29976381,uncalculated,uncalculated,not applicable,not applicable,Illumina MiSeq,not applicable,102622-2-1,PAIRED,PCR,METAGENOMIC,human gut metagenome,ILLUMINA,2025-10-01T00:00:00Z,2wk-Treatment_102622,2025-08-02T05:07:00Z,1,102622-2-1,SRP605981
SRR34844447,AMPLICON,570,17933910,PRJNA1300638,SAMN50421139,"MIMS.me,MIGS/MIMS/MIMARKS.human-gut",10624343,SETSUNAN UNIVERSITY,not applicable,public,"fastq,run.zq,sra","gs,ncbi,s3","gs.us-east1,ncbi.public,s3.us-east-1",not applicable,not applicable,not applicable,SRX29976380,uncalculated,uncalculated,not applicable,not applicable,Illumina MiSeq,not applicable,102622-1-1,PAIRED,PCR,METAGENOMIC,human gut metagenome,ILLUMINA,2025-10-01T00:00:00Z,before-Treatment_102622,2025-08-02T05:08:00Z,1,102622-1-1,SRP605981
SRR34844448,AMPLICON,570,18627600,PRJNA1300638,SAMN50421138,"MIMS.me,MIGS/MIMS/MIMARKS.human-gut",10966689,SETSUNAN UNIVERSITY,not applicable,public,"fastq,run.zq,sra","gs,ncbi,s3","gs.us-east1,ncbi.public,s3.us-east-1",not applicable,not applicable,not applicable,SRX29976379,uncalculated,uncalculated,not applicable,not applicable,Illumina MiSeq,not applicable,102621-3-1,PAIRED,PCR,METAGENOMIC,human gut metagenome,ILLUMINA,2025-10-01T00:00:00Z,4wk-Treatment_102621,2025-08-02T05:07:00Z,1,102621-3-1,SRP605981
SRR34844449,AMPLICON,570,19219260,PRJNA1300638,SAMN50421137,"MIMS.me,MIGS/MIMS/MIMARKS.human-gut",11362136,SETSUNAN UNIVERSITY,not applicable,public,"fastq,run.zq,sra","gs,ncbi,s3","gs.us-east1,ncbi.public,s3.us-east-1",not applicable,not applicable,not applicable,SRX29976378,uncalculated,uncalculated,not applicable,not applicable,Illumina MiSeq,not applicable,102621-2-1,PAIRED,PCR,METAGENOMIC,human gut metagenome,ILLUMINA,2025-10-01T00:00:00Z,2wk-Treatment_102621,2025-08-02T05:07:00Z,1,102621-2-1,SRP605981
SRR34844450,AMPLICON,570,17745240,PRJNA1300638,SAMN50421136,"MIMS.me,MIGS/MIMS/MIMARKS.human-gut",10463548,SETSUNAN UNIVERSITY,not applicable,public,"fastq,run.zq,sra","gs,ncbi,s3","gs.us-east1,ncbi.public,s3.us-east-1",not applicable,not applicable,not applicable,SRX29976377,uncalculated,uncalculated,not applicable,not applicable,Illumina MiSeq,not applicable,102621-1-1,PAIRED,PCR,METAGENOMIC,human gut metagenome,ILLUMINA,2025-10-01T00:00:00Z,before-Treatment_102621,2025-08-02T05:07:00Z,1,102621-1-1,SRP605981
SRR34844451,AMPLICON,570,16748310,PRJNA1300638,SAMN50421135,"MIMS.me,MIGS/MIMS/MIMARKS.human-gut",9923296,SETSUNAN UNIVERSITY,not applicable,public,"fastq,run.zq,sra","gs,ncbi,s3","gs.us-east1,ncbi.public,s3.us-east-1",not applicable,not applicable,not applicable,SRX29976376,uncalculated,uncalculated,not applicable,not applicable,Illumina MiSeq,not applicable,102620-3-1,PAIRED,PCR,METAGENOMIC,human gut metagenome,ILLUMINA,2025-10-01T00:00:00Z,4wk-Treatment_102620,2025-08-02T05:08:00Z,1,102620-3-1,SRP605981
SRR34844452,AMPLICON,570,19095000,PRJNA1300638,SAMN50421134,"MIMS.me,MIGS/MIMS/MIMARKS.human-gut",11292637,SETSUNAN UNIVERSITY,not applicable,public,"fastq,run.zq,sra","gs,ncbi,s3","gs.us-east1,ncbi.public,s3.us-east-1",not applicable,not applicable,not applicable,SRX29976375,uncalculated,uncalculated,not applicable,not applicable,Illumina MiSeq,not applicable,102620-2-1,PAIRED,PCR,METAGENOMIC,human gut metagenome,ILLUMINA,2025-10-01T00:00:00Z,2wk-Treatment_102620,2025-08-02T05:07:00Z,1,102620-2-1,SRP605981
SRR34844453,AMPLICON,570,16370400,PRJNA1300638,SAMN50421133,"MIMS.me,MIGS/MIMS/MIMARKS.human-gut",9697213,SETSUNAN UNIVERSITY,not applicable,public,"fastq,run.zq,sra","gs,ncbi,s3","gs.us-east1,ncbi.public,s3.us-east-1",not applicable,not applicable,not applicable,SRX29976374,uncalculated,uncalculated,not applicable,not applicable,Illumina MiSeq,not applicable,102620-1-1,PAIRED,PCR,METAGENOMIC,human gut metagenome,ILLUMINA,2025-10-01T00:00:00Z,before-Treatment_102620,2025-08-02T05:07:00Z,1,102620-1-1,SRP605981
SRR34844454,AMPLICON,570,9625020,PRJNA1300638,SAMN50421088,"MIMS.me,MIGS/MIMS/MIMARKS.human-gut",5936330,SETSUNAN UNIVERSITY,not applicable,public,"fastq,run.zq,sra","gs,ncbi,s3","gs.us-east1,ncbi.public,s3.us-east-1",not applicable,not applicable,not applicable,SRX29976373,uncalculated,uncalculated,not applicable,not applicable,Illumina MiSeq,not applicable,100601-1-1,PAIRED,PCR,METAGENOMIC,human gut metagenome,ILLUMINA,2025-10-01T00:00:00Z,before-Treatment_100601,2025-08-02T05:07:00Z,1,100601-1-1,SRP605981
SRR34844455,AMPLICON,570,19192470,PRJNA1300638,SAMN50421132,"MIMS.me,MIGS/MIMS/MIMARKS.human-gut",11463208,SETSUNAN UNIVERSITY,not applicable,public,"fastq,run.zq,sra","gs,ncbi,s3","gs.us-east1,ncbi.public,s3.us-east-1",not applicable,not applicable,not applicable,SRX29976372,uncalculated,uncalculated,not applicable,not applicable,Illumina MiSeq,not applicable,102619-3-1,PAIRED,PCR,METAGENOMIC,human gut metagenome,ILLUMINA,2025-10-01T00:00:00Z,4wk-Placebo_102619,2025-08-02T05:07:00Z,1,102619-3-1,SRP605981
SRR34844456,AMPLICON,570,27868440,PRJNA1300638,SAMN50421131,"MIMS.me,MIGS/MIMS/MIMARKS.human-gut",16616072,SETSUNAN UNIVERSITY,not applicable,public,"fastq,run.zq,sra","gs,ncbi,s3","gs.us-east1,ncbi.public,s3.us-east-1",not applicable,not applicable,not applicable,SRX29976371,uncalculated,uncalculated,not applicable,not applicable,Illumina MiSeq,not applicable,102619-2-1,PAIRED,PCR,METAGENOMIC,human gut metagenome,ILLUMINA,2025-10-01T00:00:00Z,2wk-Placebo_102619,2025-08-02T05:07:00Z,1,102619-2-1,SRP605981
SRR34844457,AMPLICON,570,18320940,PRJNA1300638,SAMN50421130,"MIMS.me,MIGS/MIMS/MIMARKS.human-gut",10883817,SETSUNAN UNIVERSITY,not applicable,public,"fastq,run.zq,sra","gs,ncbi,s3","gs.us-east1,ncbi.public,s3.us-east-1",not applicable,not applicable,not applicable,SRX29976370,uncalculated,uncalculated,not applicable,not applicable,Illumina MiSeq,not applicable,102619-1-1,PAIRED,PCR,METAGENOMIC,human gut metagenome,ILLUMINA,2025-10-01T00:00:00Z,before-Placebo_102619,2025-08-02T05:07:00Z,1,102619-1-1,SRP605981
SRR34844458,AMPLICON,570,14531580,PRJNA1300638,SAMN50421129,"MIMS.me,MIGS/MIMS/MIMARKS.human-gut",8567648,SETSUNAN UNIVERSITY,not applicable,public,"fastq,run.zq,sra","gs,ncbi,s3","gs.us-east1,ncbi.public,s3.us-east-1",not applicable,not applicable,not applicable,SRX29976369,uncalculated,uncalculated,not applicable,not applicable,Illumina MiSeq,not applicable,102617-3-1,PAIRED,PCR,METAGENOMIC,human gut metagenome,ILLUMINA,2025-10-01T00:00:00Z,4wk-Placebo_102617,2025-08-02T05:08:00Z,1,102617-3-1,SRP605981
SRR34844459,AMPLICON,570,24100170,PRJNA1300638,SAMN50421128,"MIMS.me,MIGS/MIMS/MIMARKS.human-gut",14282546,SETSUNAN UNIVERSITY,not applicable,public,"fastq,run.zq,sra","gs,ncbi,s3","gs.us-east1,ncbi.public,s3.us-east-1",not applicable,not applicable,not applicable,SRX29976368,uncalculated,uncalculated,not applicable,not applicable,Illumina MiSeq,not applicable,102617-2-1,PAIRED,PCR,METAGENOMIC,human gut metagenome,ILLUMINA,2025-10-01T00:00:00Z,2wk-Placebo_102617,2025-08-02T05:08:00Z,1,102617-2-1,SRP605981
SRR34844460,AMPLICON,570,21233070,PRJNA1300638,SAMN50421127,"MIMS.me,MIGS/MIMS/MIMARKS.human-gut",12428580,SETSUNAN UNIVERSITY,not applicable,public,"fastq,run.zq,sra","gs,ncbi,s3","gs.us-east1,ncbi.public,s3.us-east-1",not applicable,not applicable,not applicable,SRX29976367,uncalculated,uncalculated,not applicable,not applicable,Illumina MiSeq,not applicable,102617-1-1,PAIRED,PCR,METAGENOMIC,human gut metagenome,ILLUMINA,2025-10-01T00:00:00Z,before-Placebo_102617,2025-08-02T05:07:00Z,1,102617-1-1,SRP605981
SRR34844461,AMPLICON,570,15960570,PRJNA1300638,SAMN50421126,"MIMS.me,MIGS/MIMS/MIMARKS.human-gut",9346874,SETSUNAN UNIVERSITY,not applicable,public,"fastq,run.zq,sra","gs,ncbi,s3","gs.us-east1,ncbi.public,s3.us-east-1",not applicable,not applicable,not applicable,SRX29976366,uncalculated,uncalculated,not applicable,not applicable,Illumina MiSeq,not applicable,102616-3-1,PAIRED,PCR,METAGENOMIC,human gut metagenome,ILLUMINA,2025-10-01T00:00:00Z,4wk-Placebo_102616,2025-08-02T05:07:00Z,1,102616-3-1,SRP605981
SRR34844462,AMPLICON,570,17516100,PRJNA1300638,SAMN50421256,"MIMS.me,MIGS/MIMS/MIMARKS.human-gut",10356876,SETSUNAN UNIVERSITY,not applicable,public,"fastq,run.zq,sra","gs,ncbi,s3","gs.us-east1,ncbi.public,s3.us-east-1",not applicable,not applicable,not applicable,SRX29976365,uncalculated,uncalculated,not applicable,not applicable,Illumina MiSeq,not applicable,102838-1-1,PAIRED,PCR,METAGENOMIC,human gut metagenome,ILLUMINA,2025-10-01T00:00:00Z,before-Placebo_102838,2025-08-02T05:08:00Z,1,102838-1-1,SRP605981
SRR34844463,AMPLICON,570,17958990,PRJNA1300638,SAMN50421255,"MIMS.me,MIGS/MIMS/MIMARKS.human-gut",10789803,SETSUNAN UNIVERSITY,not applicable,public,"fastq,run.zq,sra","gs,ncbi,s3","gs.us-east1,ncbi.public,s3.us-east-1",not applicable,not applicable,not applicable,SRX29976364,uncalculated,uncalculated,not applicable,not applicable,Illumina MiSeq,not applicable,102836-3-1,PAIRED,PCR,METAGENOMIC,human gut metagenome,ILLUMINA,2025-10-01T00:00:00Z,4wk-Placebo_102836,2025-08-02T05:08:00Z,1,102836-3-1,SRP605981
SRR34844464,AMPLICON,570,16813860,PRJNA1300638,SAMN50421254,"MIMS.me,MIGS/MIMS/MIMARKS.human-gut",10005940,SETSUNAN UNIVERSITY,not applicable,public,"fastq,run.zq,sra","gs,ncbi,s3","gs.us-east1,ncbi.public,s3.us-east-1",not applicable,not applicable,not applicable,SRX29976363,uncalculated,uncalculated,not applicable,not applicable,Illumina MiSeq,not applicable,102836-2-1,PAIRED,PCR,METAGENOMIC,human gut metagenome,ILLUMINA,2025-10-01T00:00:00Z,2wk-Placebo_102836,2025-08-02T05:08:00Z,1,102836-2-1,SRP605981
SRR34844465,AMPLICON,570,17874630,PRJNA1300638,SAMN50421253,"MIMS.me,MIGS/MIMS/MIMARKS.human-gut",10583243,SETSUNAN UNIVERSITY,not applicable,public,"fastq,run.zq,sra","gs,ncbi,s3","gs.us-east1,ncbi.public,s3.us-east-1",not applicable,not applicable,not applicable,SRX29976362,uncalculated,uncalculated,not applicable,not applicable,Illumina MiSeq,not applicable,102836-1-1,PAIRED,PCR,METAGENOMIC,human gut metagenome,ILLUMINA,2025-10-01T00:00:00Z,before-Placebo_102836,2025-08-02T05:08:00Z,1,102836-1-1,SRP605981
SRR34844466,AMPLICON,570,21937590,PRJNA1300638,SAMN50421100,"MIMS.me,MIGS/MIMS/MIMARKS.human-gut",13119179,SETSUNAN UNIVERSITY,not applicable,public,"fastq,run.zq,sra","gs,ncbi,s3","gs.us-east1,ncbi.public,s3.us-east-1",not applicable,not applicable,not applicable,SRX29976361,uncalculated,uncalculated,not applicable,not applicable,Illumina MiSeq,not applicable,102605-1-1,PAIRED,PCR,METAGENOMIC,human gut metagenome,ILLUMINA,2025-10-01T00:00:00Z,before-Treatment_102605,2025-08-02T05:08:00Z,1,102605-1-1,SRP605981
SRR34844467,AMPLICON,570,16028970,PRJNA1300638,SAMN50421252,"MIMS.me,MIGS/MIMS/MIMARKS.human-gut",9519930,SETSUNAN UNIVERSITY,not applicable,public,"fastq,run.zq,sra","gs,ncbi,s3","gs.us-east1,ncbi.public,s3.us-east-1",not applicable,not applicable,not applicable,SRX29976360,uncalculated,uncalculated,not applicable,not applicable,Illumina MiSeq,not applicable,102834-3-1,PAIRED,PCR,METAGENOMIC,human gut metagenome,ILLUMINA,2025-10-01T00:00:00Z,4wk-Treatment_102834,2025-08-02T05:08:00Z,1,102834-3-1,SRP605981
SRR34844468,AMPLICON,570,24992790,PRJNA1300638,SAMN50421251,"MIMS.me,MIGS/MIMS/MIMARKS.human-gut",15022912,SETSUNAN UNIVERSITY,not applicable,public,"fastq,run.zq,sra","gs,ncbi,s3","gs.us-east1,ncbi.public,s3.us-east-1",not applicable,not applicable,not applicable,SRX29976359,uncalculated,uncalculated,not applicable,not applicable,Illumina MiSeq,not applicable,102834-2-1,PAIRED,PCR,METAGENOMIC,human gut metagenome,ILLUMINA,2025-10-01T00:00:00Z,2wk-Treatment_102834,2025-08-02T05:08:00Z,1,102834-2-1,SRP605981
SRR34844469,AMPLICON,570,20659080,PRJNA1300638,SAMN50421250,"MIMS.me,MIGS/MIMS/MIMARKS.human-gut",12445634,SETSUNAN UNIVERSITY,not applicable,public,"fastq,run.zq,sra","gs,ncbi,s3","gs.us-east1,ncbi.public,s3.us-east-1",not applicable,not applicable,not applicable,SRX29976358,uncalculated,uncalculated,not applicable,not applicable,Illumina MiSeq,not applicable,102834-1-1,PAIRED,PCR,METAGENOMIC,human gut metagenome,ILLUMINA,2025-10-01T00:00:00Z,before-Treatment_102834,2025-08-02T05:08:00Z,1,102834-1-1,SRP605981
SRR34844470,AMPLICON,570,17200890,PRJNA1300638,SAMN50421249,"MIMS.me,MIGS/MIMS/MIMARKS.human-gut",10301058,SETSUNAN UNIVERSITY,not applicable,public,"fastq,run.zq,sra","gs,ncbi,s3","gs.us-east1,ncbi.public,s3.us-east-1",not applicable,not applicable,not applicable,SRX29976357,uncalculated,uncalculated,not applicable,not applicable,Illumina MiSeq,not applicable,102833-3-1,PAIRED,PCR,METAGENOMIC,human gut metagenome,ILLUMINA,2025-10-01T00:00:00Z,4wk-Treatment_102833,2025-08-02T05:08:00Z,1,102833-3-1,SRP605981
SRR34844471,AMPLICON,570,19399950,PRJNA1300638,SAMN50421248,"MIMS.me,MIGS/MIMS/MIMARKS.human-gut",11623874,SETSUNAN UNIVERSITY,not applicable,public,"fastq,run.zq,sra","gs,ncbi,s3","gs.us-east1,ncbi.public,s3.us-east-1",not applicable,not applicable,not applicable,SRX29976356,uncalculated,uncalculated,not applicable,not applicable,Illumina MiSeq,not applicable,102833-2-1,PAIRED,PCR,METAGENOMIC,human gut metagenome,ILLUMINA,2025-10-01T00:00:00Z,2wk-Treatment_102833,2025-08-02T05:08:00Z,1,102833-2-1,SRP605981
SRR34844472,AMPLICON,570,18905190,PRJNA1300638,SAMN50421247,"MIMS.me,MIGS/MIMS/MIMARKS.human-gut",11502625,SETSUNAN UNIVERSITY,not applicable,public,"fastq,run.zq,sra","gs,ncbi,s3","gs.us-east1,ncbi.public,s3.us-east-1",not applicable,not applicable,not applicable,SRX29976355,uncalculated,uncalculated,not applicable,not applicable,Illumina MiSeq,not applicable,102833-1-1,PAIRED,PCR,METAGENOMIC,human gut metagenome,ILLUMINA,2025-10-01T00:00:00Z,before-Treatment_102833,2025-08-02T05:08:00Z,1,102833-1-1,SRP605981
SRR34844473,AMPLICON,570,20097060,PRJNA1300638,SAMN50421246,"MIMS.me,MIGS/MIMS/MIMARKS.human-gut",11955100,SETSUNAN UNIVERSITY,not applicable,public,"fastq,run.zq,sra","gs,ncbi,s3","gs.us-east1,ncbi.public,s3.us-east-1",not applicable,not applicable,not applicable,SRX29976354,uncalculated,uncalculated,not applicable,not applicable,Illumina MiSeq,not applicable,102831-3-1,PAIRED,PCR,METAGENOMIC,human gut metagenome,ILLUMINA,2025-10-01T00:00:00Z,4wk-Treatment_102831,2025-08-02T05:08:00Z,1,102831-3-1,SRP605981
SRR34844474,AMPLICON,570,15146040,PRJNA1300638,SAMN50421245,"MIMS.me,MIGS/MIMS/MIMARKS.human-gut",8964276,SETSUNAN UNIVERSITY,not applicable,public,"fastq,run.zq,sra","gs,ncbi,s3","gs.us-east1,ncbi.public,s3.us-east-1",not applicable,not applicable,not applicable,SRX29976353,uncalculated,uncalculated,not applicable,not applicable,Illumina MiSeq,not applicable,102831-2-1,PAIRED,PCR,METAGENOMIC,human gut metagenome,ILLUMINA,2025-10-01T00:00:00Z,2wk-Treatment_102831,2025-08-02T05:08:00Z,1,102831-2-1,SRP605981
SRR34844475,AMPLICON,570,23267400,PRJNA1300638,SAMN50421244,"MIMS.me,MIGS/MIMS/MIMARKS.human-gut",13740456,SETSUNAN UNIVERSITY,not applicable,public,"fastq,run.zq,sra","gs,ncbi,s3","gs.us-east1,ncbi.public,s3.us-east-1",not applicable,not applicable,not applicable,SRX29976352,uncalculated,uncalculated,not applicable,not applicable,Illumina MiSeq,not applicable,102831-1-1,PAIRED,PCR,METAGENOMIC,human gut metagenome,ILLUMINA,2025-10-01T00:00:00Z,before-Treatment_102831,2025-08-02T05:08:00Z,1,102831-1-1,SRP605981
SRR34844476,AMPLICON,570,21234210,PRJNA1300638,SAMN50421243,"MIMS.me,MIGS/MIMS/MIMARKS.human-gut",12316535,SETSUNAN UNIVERSITY,not applicable,public,"fastq,run.zq,sra","gs,ncbi,s3","gs.us-east1,ncbi.public,s3.us-east-1",not applicable,not applicable,not applicable,SRX29976351,uncalculated,uncalculated,not applicable,not applicable,Illumina MiSeq,not applicable,102830-3-1,PAIRED,PCR,METAGENOMIC,human gut metagenome,ILLUMINA,2025-10-01T00:00:00Z,4wk-Placebo_102830,2025-08-02T05:08:00Z,1,102830-3-1,SRP605981
SRR34844477,AMPLICON,570,22618170,PRJNA1300638,SAMN50421099,"MIMS.me,MIGS/MIMS/MIMARKS.human-gut",13304248,SETSUNAN UNIVERSITY,not applicable,public,"fastq,run.zq,sra","gs,ncbi,s3","gs.us-east1,ncbi.public,s3.us-east-1",not applicable,not applicable,not applicable,SRX29976350,uncalculated,uncalculated,not applicable,not applicable,Illumina MiSeq,not applicable,102602-3-1,PAIRED,PCR,METAGENOMIC,human gut metagenome,ILLUMINA,2025-10-01T00:00:00Z,4wk-Placebo_102602,2025-08-02T05:08:00Z,1,102602-3-1,SRP605981
SRR34844478,AMPLICON,570,19904970,PRJNA1300638,SAMN50421242,"MIMS.me,MIGS/MIMS/MIMARKS.human-gut",11828724,SETSUNAN UNIVERSITY,not applicable,public,"fastq,run.zq,sra","gs,ncbi,s3","gs.us-east1,ncbi.public,s3.us-east-1",not applicable,not applicable,not applicable,SRX29976349,uncalculated,uncalculated,not applicable,not applicable,Illumina MiSeq,not applicable,102830-2-1,PAIRED,PCR,METAGENOMIC,human gut metagenome,ILLUMINA,2025-10-01T00:00:00Z,2wk-Placebo_102830,2025-08-02T05:08:00Z,1,102830-2-1,SRP605981
SRR34844479,AMPLICON,570,26380740,PRJNA1300638,SAMN50421241,"MIMS.me,MIGS/MIMS/MIMARKS.human-gut",15954260,SETSUNAN UNIVERSITY,not applicable,public,"fastq,run.zq,sra","gs,ncbi,s3","gs.us-east1,ncbi.public,s3.us-east-1",not applicable,not applicable,not applicable,SRX29976348,uncalculated,uncalculated,not applicable,not applicable,Illumina MiSeq,not applicable,102830-1-1,PAIRED,PCR,METAGENOMIC,human gut metagenome,ILLUMINA,2025-10-01T00:00:00Z,before-Placebo_102830,2025-08-02T05:08:00Z,1,102830-1-1,SRP605981
SRR34844480,AMPLICON,570,15048000,PRJNA1300638,SAMN50421240,"MIMS.me,MIGS/MIMS/MIMARKS.human-gut",8851541,SETSUNAN UNIVERSITY,not applicable,public,"fastq,run.zq,sra","gs,ncbi,s3","gs.us-east1,ncbi.public,s3.us-east-1",not applicable,not applicable,not applicable,SRX29976347,uncalculated,uncalculated,not applicable,not applicable,Illumina MiSeq,not applicable,102829-3-1,PAIRED,PCR,METAGENOMIC,human gut metagenome,ILLUMINA,2025-10-01T00:00:00Z,4wk-Placebo_102829,2025-08-02T05:07:00Z,1,102829-3-1,SRP605981
SRR34844481,AMPLICON,570,23556390,PRJNA1300638,SAMN50421239,"MIMS.me,MIGS/MIMS/MIMARKS.human-gut",13762310,SETSUNAN UNIVERSITY,not applicable,public,"fastq,run.zq,sra","gs,ncbi,s3","gs.us-east1,ncbi.public,s3.us-east-1",not applicable,not applicable,not applicable,SRX29976346,uncalculated,uncalculated,not applicable,not applicable,Illumina MiSeq,not applicable,102829-2-1,PAIRED,PCR,METAGENOMIC,human gut metagenome,ILLUMINA,2025-10-01T00:00:00Z,2wk-Placebo_102829,2025-08-02T05:08:00Z,1,102829-2-1,SRP605981
SRR34844482,AMPLICON,570,19316160,PRJNA1300638,SAMN50421238,"MIMS.me,MIGS/MIMS/MIMARKS.human-gut",11297646,SETSUNAN UNIVERSITY,not applicable,public,"fastq,run.zq,sra","gs,ncbi,s3","gs.us-east1,ncbi.public,s3.us-east-1",not applicable,not applicable,not applicable,SRX29976345,uncalculated,uncalculated,not applicable,not applicable,Illumina MiSeq,not applicable,102829-1-1,PAIRED,PCR,METAGENOMIC,human gut metagenome,ILLUMINA,2025-10-01T00:00:00Z,before-Placebo_102829,2025-08-02T05:08:00Z,1,102829-1-1,SRP605981
SRR34844483,AMPLICON,570,22011120,PRJNA1300638,SAMN50421237,"MIMS.me,MIGS/MIMS/MIMARKS.human-gut",12962596,SETSUNAN UNIVERSITY,not applicable,public,"fastq,run.zq,sra","gs,ncbi,s3","gs.us-east1,ncbi.public,s3.us-east-1",not applicable,not applicable,not applicable,SRX29976344,uncalculated,uncalculated,not applicable,not applicable,Illumina MiSeq,not applicable,102827-3-1,PAIRED,PCR,METAGENOMIC,human gut metagenome,ILLUMINA,2025-10-01T00:00:00Z,4wk-Placebo_102827,2025-08-02T05:08:00Z,1,102827-3-1,SRP605981
SRR34844484,AMPLICON,570,20794170,PRJNA1300638,SAMN50421236,"MIMS.me,MIGS/MIMS/MIMARKS.human-gut",12241143,SETSUNAN UNIVERSITY,not applicable,public,"fastq,run.zq,sra","gs,ncbi,s3","gs.us-east1,ncbi.public,s3.us-east-1",not applicable,not applicable,not applicable,SRX29976343,uncalculated,uncalculated,not applicable,not applicable,Illumina MiSeq,not applicable,102827-2-1,PAIRED,PCR,METAGENOMIC,human gut metagenome,ILLUMINA,2025-10-01T00:00:00Z,2wk-Placebo_102827,2025-08-02T05:08:00Z,1,102827-2-1,SRP605981
SRR34844485,AMPLICON,570,15241800,PRJNA1300638,SAMN50421235,"MIMS.me,MIGS/MIMS/MIMARKS.human-gut",8992993,SETSUNAN UNIVERSITY,not applicable,public,"fastq,run.zq,sra","gs,ncbi,s3","gs.us-east1,ncbi.public,s3.us-east-1",not applicable,not applicable,not applicable,SRX29976342,uncalculated,uncalculated,not applicable,not applicable,Illumina MiSeq,not applicable,102827-1-1,PAIRED,PCR,METAGENOMIC,human gut metagenome,ILLUMINA,2025-10-01T00:00:00Z,before-Placebo_102827,2025-08-02T05:08:00Z,1,102827-1-1,SRP605981
SRR34844486,AMPLICON,570,18403020,PRJNA1300638,SAMN50421234,"MIMS.me,MIGS/MIMS/MIMARKS.human-gut",11158791,SETSUNAN UNIVERSITY,not applicable,public,"fastq,run.zq,sra","gs,ncbi,s3","gs.us-east1,ncbi.public,s3.us-east-1",not applicable,not applicable,not applicable,SRX29976341,uncalculated,uncalculated,not applicable,not applicable,Illumina MiSeq,not applicable,102826-3-1,PAIRED,PCR,METAGENOMIC,human gut metagenome,ILLUMINA,2025-10-01T00:00:00Z,4wk-Placebo_102826,2025-08-02T05:08:00Z,1,102826-3-1,SRP605981
SRR34844487,AMPLICON,570,17587350,PRJNA1300638,SAMN50421233,"MIMS.me,MIGS/MIMS/MIMARKS.human-gut",10501219,SETSUNAN UNIVERSITY,not applicable,public,"fastq,run.zq,sra","gs,ncbi,s3","gs.us-east1,ncbi.public,s3.us-east-1",not applicable,not applicable,not applicable,SRX29976340,uncalculated,uncalculated,not applicable,not applicable,Illumina MiSeq,not applicable,102826-2-1,PAIRED,PCR,METAGENOMIC,human gut metagenome,ILLUMINA,2025-10-01T00:00:00Z,2wk-Placebo_102826,2025-08-02T05:08:00Z,1,102826-2-1,SRP605981
SRR34844488,AMPLICON,570,21905670,PRJNA1300638,SAMN50421098,"MIMS.me,MIGS/MIMS/MIMARKS.human-gut",12846264,SETSUNAN UNIVERSITY,not applicable,public,"fastq,run.zq,sra","gs,ncbi,s3","gs.us-east1,ncbi.public,s3.us-east-1",not applicable,not applicable,not applicable,SRX29976339,uncalculated,uncalculated,not applicable,not applicable,Illumina MiSeq,not applicable,102602-2-1,PAIRED,PCR,METAGENOMIC,human gut metagenome,ILLUMINA,2025-10-01T00:00:00Z,2wk-Placebo_102602,2025-08-02T05:08:00Z,1,102602-2-1,SRP605981
SRR34844489,AMPLICON,570,15175680,PRJNA1300638,SAMN50421232,"MIMS.me,MIGS/MIMS/MIMARKS.human-gut",9381235,SETSUNAN UNIVERSITY,not applicable,public,"fastq,run.zq,sra","gs,ncbi,s3","gs.us-east1,ncbi.public,s3.us-east-1",not applicable,not applicable,not applicable,SRX29976338,uncalculated,uncalculated,not applicable,not applicable,Illumina MiSeq,not applicable,102826-1-1,PAIRED,PCR,METAGENOMIC,human gut metagenome,ILLUMINA,2025-10-01T00:00:00Z,before-Placebo_102826,2025-08-02T05:08:00Z,1,102826-1-1,SRP605981
SRR34844490,AMPLICON,570,23678940,PRJNA1300638,SAMN50421125,"MIMS.me,MIGS/MIMS/MIMARKS.human-gut",14002381,SETSUNAN UNIVERSITY,not applicable,public,"fastq,run.zq,sra","gs,ncbi,s3","gs.us-east1,ncbi.public,s3.us-east-1",not applicable,not applicable,not applicable,SRX29976337,uncalculated,uncalculated,not applicable,not applicable,Illumina MiSeq,not applicable,102616-2-1,PAIRED,PCR,METAGENOMIC,human gut metagenome,ILLUMINA,2025-10-01T00:00:00Z,2wk-Placebo_102616,2025-08-02T05:08:00Z,1,102616-2-1,SRP605981
SRR34844491,AMPLICON,570,15482340,PRJNA1300638,SAMN50421124,"MIMS.me,MIGS/MIMS/MIMARKS.human-gut",9084496,SETSUNAN UNIVERSITY,not applicable,public,"fastq,run.zq,sra","gs,ncbi,s3","gs.us-east1,ncbi.public,s3.us-east-1",not applicable,not applicable,not applicable,SRX29976336,uncalculated,uncalculated,not applicable,not applicable,Illumina MiSeq,not applicable,102616-1-1,PAIRED,PCR,METAGENOMIC,human gut metagenome,ILLUMINA,2025-10-01T00:00:00Z,before-Placebo_102616,2025-08-02T05:08:00Z,1,102616-1-1,SRP605981
SRR34844492,AMPLICON,570,20578140,PRJNA1300638,SAMN50421123,"MIMS.me,MIGS/MIMS/MIMARKS.human-gut",11957567,SETSUNAN UNIVERSITY,not applicable,public,"fastq,run.zq,sra","gs,ncbi,s3","gs.us-east1,ncbi.public,s3.us-east-1",not applicable,not applicable,not applicable,SRX29976335,uncalculated,uncalculated,not applicable,not applicable,Illumina MiSeq,not applicable,102615-3-1,PAIRED,PCR,METAGENOMIC,human gut metagenome,ILLUMINA,2025-10-01T00:00:00Z,4wk-Placebo_102615,2025-08-02T05:08:00Z,1,102615-3-1,SRP605981
SRR34844493,AMPLICON,570,16165770,PRJNA1300638,SAMN50421087,"MIMS.me,MIGS/MIMS/MIMARKS.human-gut",9516204,SETSUNAN UNIVERSITY,not applicable,public,"fastq,run.zq,sra","gs,ncbi,s3","gs.us-east1,ncbi.public,s3.us-east-1",not applicable,not applicable,not applicable,SRX29976334,uncalculated,uncalculated,not applicable,not applicable,Illumina MiSeq,not applicable,100565-3-1,PAIRED,PCR,METAGENOMIC,human gut metagenome,ILLUMINA,2025-10-01T00:00:00Z,4wk-Treatment_100565,2025-08-02T05:08:00Z,1,100565-3-1,SRP605981
SRR34844494,AMPLICON,570,21315720,PRJNA1300638,SAMN50421122,"MIMS.me,MIGS/MIMS/MIMARKS.human-gut",12573529,SETSUNAN UNIVERSITY,not applicable,public,"fastq,run.zq,sra","gs,ncbi,s3","gs.us-east1,ncbi.public,s3.us-east-1",not applicable,not applicable,not applicable,SRX29976333,uncalculated,uncalculated,not applicable,not applicable,Illumina MiSeq,not applicable,102615-2-1,PAIRED,PCR,METAGENOMIC,human gut metagenome,ILLUMINA,2025-10-01T00:00:00Z,2wk-Placebo_102615,2025-08-02T05:08:00Z,1,102615-2-1,SRP605981
SRR34844495,AMPLICON,570,21327690,PRJNA1300638,SAMN50421121,"MIMS.me,MIGS/MIMS/MIMARKS.human-gut",12434820,SETSUNAN UNIVERSITY,not applicable,public,"fastq,run.zq,sra","gs,ncbi,s3","gs.us-east1,ncbi.public,s3.us-east-1",not applicable,not applicable,not applicable,SRX29976332,uncalculated,uncalculated,not applicable,not applicable,Illumina MiSeq,not applicable,102615-1-1,PAIRED,PCR,METAGENOMIC,human gut metagenome,ILLUMINA,2025-10-01T00:00:00Z,before-Placebo_102615,2025-08-02T05:08:00Z,1,102615-1-1,SRP605981
SRR34844496,AMPLICON,570,22440900,PRJNA1300638,SAMN50421120,"MIMS.me,MIGS/MIMS/MIMARKS.human-gut",13134710,SETSUNAN UNIVERSITY,not applicable,public,"fastq,run.zq,sra","gs,ncbi,s3","gs.us-east1,ncbi.public,s3.us-east-1",not applicable,not applicable,not applicable,SRX29976331,uncalculated,uncalculated,not applicable,not applicable,Illumina MiSeq,not applicable,102614-3-1,PAIRED,PCR,METAGENOMIC,human gut metagenome,ILLUMINA,2025-10-01T00:00:00Z,4wk-Treatment_102614,2025-08-02T05:08:00Z,1,102614-3-1,SRP605981
SRR34844497,AMPLICON,570,24763080,PRJNA1300638,SAMN50421119,"MIMS.me,MIGS/MIMS/MIMARKS.human-gut",14677783,SETSUNAN UNIVERSITY,not applicable,public,"fastq,run.zq,sra","gs,ncbi,s3","gs.us-east1,ncbi.public,s3.us-east-1",not applicable,not applicable,not applicable,SRX29976330,uncalculated,uncalculated,not applicable,not applicable,Illumina MiSeq,not applicable,102614-2-1,PAIRED,PCR,METAGENOMIC,human gut metagenome,ILLUMINA,2025-10-01T00:00:00Z,2wk-Treatment_102614,2025-08-02T05:08:00Z,1,102614-2-1,SRP605981
SRR34844498,AMPLICON,570,20562750,PRJNA1300638,SAMN50421118,"MIMS.me,MIGS/MIMS/MIMARKS.human-gut",11862424,SETSUNAN UNIVERSITY,not applicable,public,"fastq,run.zq,sra","gs,ncbi,s3","gs.us-east1,ncbi.public,s3.us-east-1",not applicable,not applicable,not applicable,SRX29976329,uncalculated,uncalculated,not applicable,not applicable,Illumina MiSeq,not applicable,102614-1-1,PAIRED,PCR,METAGENOMIC,human gut metagenome,ILLUMINA,2025-10-01T00:00:00Z,before-Treatment_102614,2025-08-02T05:08:00Z,1,102614-1-1,SRP605981
SRR34844499,AMPLICON,570,21836700,PRJNA1300638,SAMN50421117,"MIMS.me,MIGS/MIMS/MIMARKS.human-gut",12853264,SETSUNAN UNIVERSITY,not applicable,public,"fastq,run.zq,sra","gs,ncbi,s3","gs.us-east1,ncbi.public,s3.us-east-1",not applicable,not applicable,not applicable,SRX29976328,uncalculated,uncalculated,not applicable,not applicable,Illumina MiSeq,not applicable,102611-3-1,PAIRED,PCR,METAGENOMIC,human gut metagenome,ILLUMINA,2025-10-01T00:00:00Z,4wk-Placebo_102611,2025-08-02T05:08:00Z,1,102611-3-1,SRP605981
SRR34844500,AMPLICON,570,22627290,PRJNA1300638,SAMN50421116,"MIMS.me,MIGS/MIMS/MIMARKS.human-gut",13216294,SETSUNAN UNIVERSITY,not applicable,public,"fastq,run.zq,sra","gs,ncbi,s3","gs.us-east1,ncbi.public,s3.us-east-1",not applicable,not applicable,not applicable,SRX29976327,uncalculated,uncalculated,not applicable,not applicable,Illumina MiSeq,not applicable,102611-2-1,PAIRED,PCR,METAGENOMIC,human gut metagenome,ILLUMINA,2025-10-01T00:00:00Z,2wk-Placebo_102611,2025-08-02T05:07:00Z,1,102611-2-1,SRP605981
SRR34844501,AMPLICON,570,18680040,PRJNA1300638,SAMN50421115,"MIMS.me,MIGS/MIMS/MIMARKS.human-gut",10978299,SETSUNAN UNIVERSITY,not applicable,public,"fastq,run.zq,sra","gs,ncbi,s3","gs.us-east1,ncbi.public,s3.us-east-1",not applicable,not applicable,not applicable,SRX29976326,uncalculated,uncalculated,not applicable,not applicable,Illumina MiSeq,not applicable,102611-1-1,PAIRED,PCR,METAGENOMIC,human gut metagenome,ILLUMINA,2025-10-01T00:00:00Z,before-Placebo_102611,2025-08-02T05:07:00Z,1,102611-1-1,SRP605981
SRR34844502,AMPLICON,570,13674300,PRJNA1300638,SAMN50421396,"MIMS.me,MIGS/MIMS/MIMARKS.human-gut",8207549,SETSUNAN UNIVERSITY,not applicable,public,"fastq,run.zq,sra","gs,ncbi,s3","gs.us-east1,ncbi.public,s3.us-east-1",not applicable,not applicable,not applicable,SRX29976325,uncalculated,uncalculated,not applicable,not applicable,Illumina MiSeq,not applicable,103733-3-1,PAIRED,PCR,METAGENOMIC,human gut metagenome,ILLUMINA,2025-10-01T00:00:00Z,4wk-Placebo_103733,2025-08-02T05:08:00Z,1,103733-3-1,SRP605981
SRR34844503,AMPLICON,570,20156340,PRJNA1300638,SAMN50421395,"MIMS.me,MIGS/MIMS/MIMARKS.human-gut",12089082,SETSUNAN UNIVERSITY,not applicable,public,"fastq,run.zq,sra","gs,ncbi,s3","gs.us-east1,ncbi.public,s3.us-east-1",not applicable,not applicable,not applicable,SRX29976324,uncalculated,uncalculated,not applicable,not applicable,Illumina MiSeq,not applicable,103733-2-1,PAIRED,PCR,METAGENOMIC,human gut metagenome,ILLUMINA,2025-10-01T00:00:00Z,2wk-Placebo_103733,2025-08-02T05:08:00Z,1,103733-2-1,SRP605981
SRR34844504,AMPLICON,570,16809300,PRJNA1300638,SAMN50421394,"MIMS.me,MIGS/MIMS/MIMARKS.human-gut",9846418,SETSUNAN UNIVERSITY,not applicable,public,"fastq,run.zq,sra","gs,ncbi,s3","gs.us-east1,ncbi.public,s3.us-east-1",not applicable,not applicable,not applicable,SRX29976323,uncalculated,uncalculated,not applicable,not applicable,Illumina MiSeq,not applicable,103733-1-1,PAIRED,PCR,METAGENOMIC,human gut metagenome,ILLUMINA,2025-10-01T00:00:00Z,before-Placebo_103733,2025-08-02T05:07:00Z,1,103733-1-1,SRP605981
SRR34844505,AMPLICON,570,19007220,PRJNA1300638,SAMN50421393,"MIMS.me,MIGS/MIMS/MIMARKS.human-gut",11080117,SETSUNAN UNIVERSITY,not applicable,public,"fastq,run.zq,sra","gs,ncbi,s3","gs.us-east1,ncbi.public,s3.us-east-1",not applicable,not applicable,not applicable,SRX29976322,uncalculated,uncalculated,not applicable,not applicable,Illumina MiSeq,not applicable,103729-3-1,PAIRED,PCR,METAGENOMIC,human gut metagenome,ILLUMINA,2025-10-01T00:00:00Z,4wk-Placebo_103729,2025-08-02T05:08:00Z,1,103729-3-1,SRP605981
SRR34844506,AMPLICON,570,23599140,PRJNA1300638,SAMN50421114,"MIMS.me,MIGS/MIMS/MIMARKS.human-gut",14384635,SETSUNAN UNIVERSITY,not applicable,public,"fastq,run.zq,sra","gs,ncbi,s3","gs.us-east1,ncbi.public,s3.us-east-1",not applicable,not applicable,not applicable,SRX29976321,uncalculated,uncalculated,not applicable,not applicable,Illumina MiSeq,not applicable,102610-3-1,PAIRED,PCR,METAGENOMIC,human gut metagenome,ILLUMINA,2025-10-01T00:00:00Z,4wk-Treatment_102610,2025-08-02T05:08:00Z,1,102610-3-1,SRP605981
SRR34844507,AMPLICON,570,17294940,PRJNA1300638,SAMN50421392,"MIMS.me,MIGS/MIMS/MIMARKS.human-gut",10080252,SETSUNAN UNIVERSITY,not applicable,public,"fastq,run.zq,sra","gs,ncbi,s3","gs.us-east1,ncbi.public,s3.us-east-1",not applicable,not applicable,not applicable,SRX29976320,uncalculated,uncalculated,not applicable,not applicable,Illumina MiSeq,not applicable,103729-2-1,PAIRED,PCR,METAGENOMIC,human gut metagenome,ILLUMINA,2025-10-01T00:00:00Z,2wk-Placebo_103729,2025-08-02T05:08:00Z,1,103729-2-1,SRP605981
SRR34844508,AMPLICON,570,18638430,PRJNA1300638,SAMN50421391,"MIMS.me,MIGS/MIMS/MIMARKS.human-gut",11039516,SETSUNAN UNIVERSITY,not applicable,public,"fastq,run.zq,sra","gs,ncbi,s3","gs.us-east1,ncbi.public,s3.us-east-1",not applicable,not applicable,not applicable,SRX29976319,uncalculated,uncalculated,not applicable,not applicable,Illumina MiSeq,not applicable,103729-1-1,PAIRED,PCR,METAGENOMIC,human gut metagenome,ILLUMINA,2025-10-01T00:00:00Z,before-Placebo_103729,2025-08-02T05:08:00Z,1,103729-1-1,SRP605981
SRR34844509,AMPLICON,570,19321290,PRJNA1300638,SAMN50421390,"MIMS.me,MIGS/MIMS/MIMARKS.human-gut",11675947,SETSUNAN UNIVERSITY,not applicable,public,"fastq,run.zq,sra","gs,ncbi,s3","gs.us-east1,ncbi.public,s3.us-east-1",not applicable,not applicable,not applicable,SRX29976318,uncalculated,uncalculated,not applicable,not applicable,Illumina MiSeq,not applicable,103727-3-1,PAIRED,PCR,METAGENOMIC,human gut metagenome,ILLUMINA,2025-10-01T00:00:00Z,4wk-Placebo_103727,2025-08-02T05:08:00Z,1,103727-3-1,SRP605981
SRR34844510,AMPLICON,570,19668420,PRJNA1300638,SAMN50421389,"MIMS.me,MIGS/MIMS/MIMARKS.human-gut",11769666,SETSUNAN UNIVERSITY,not applicable,public,"fastq,run.zq,sra","gs,ncbi,s3","gs.us-east1,ncbi.public,s3.us-east-1",not applicable,not applicable,not applicable,SRX29976317,uncalculated,uncalculated,not applicable,not applicable,Illumina MiSeq,not applicable,103727-2-1,PAIRED,PCR,METAGENOMIC,human gut metagenome,ILLUMINA,2025-10-01T00:00:00Z,2wk-Placebo_103727,2025-08-02T05:08:00Z,1,103727-2-1,SRP605981
SRR34844511,AMPLICON,570,19358910,PRJNA1300638,SAMN50421388,"MIMS.me,MIGS/MIMS/MIMARKS.human-gut",11616924,SETSUNAN UNIVERSITY,not applicable,public,"fastq,run.zq,sra","gs,ncbi,s3","gs.us-east1,ncbi.public,s3.us-east-1",not applicable,not applicable,not applicable,SRX29976316,uncalculated,uncalculated,not applicable,not applicable,Illumina MiSeq,not applicable,103727-1-1,PAIRED,PCR,METAGENOMIC,human gut metagenome,ILLUMINA,2025-10-01T00:00:00Z,before-Placebo_103727,2025-08-02T05:07:00Z,1,103727-1-1,SRP605981
SRR34844512,AMPLICON,570,23131740,PRJNA1300638,SAMN50421387,"MIMS.me,MIGS/MIMS/MIMARKS.human-gut",13498222,SETSUNAN UNIVERSITY,not applicable,public,"fastq,run.zq,sra","gs,ncbi,s3","gs.us-east1,ncbi.public,s3.us-east-1",not applicable,not applicable,not applicable,SRX29976315,uncalculated,uncalculated,not applicable,not applicable,Illumina MiSeq,not applicable,103726-3-1,PAIRED,PCR,METAGENOMIC,human gut metagenome,ILLUMINA,2025-10-01T00:00:00Z,4wk-Treatment_103726,2025-08-02T05:08:00Z,1,103726-3-1,SRP605981
SRR34844513,AMPLICON,570,23408190,PRJNA1300638,SAMN50421386,"MIMS.me,MIGS/MIMS/MIMARKS.human-gut",13795090,SETSUNAN UNIVERSITY,not applicable,public,"fastq,run.zq,sra","gs,ncbi,s3","gs.us-east1,ncbi.public,s3.us-east-1",not applicable,not applicable,not applicable,SRX29976314,uncalculated,uncalculated,not applicable,not applicable,Illumina MiSeq,not applicable,103726-2-1,PAIRED,PCR,METAGENOMIC,human gut metagenome,ILLUMINA,2025-10-01T00:00:00Z,2wk-Treatment_103726,2025-08-02T05:08:00Z,1,103726-2-1,SRP605981
SRR34844514,AMPLICON,570,20469840,PRJNA1300638,SAMN50421385,"MIMS.me,MIGS/MIMS/MIMARKS.human-gut",12209189,SETSUNAN UNIVERSITY,not applicable,public,"fastq,run.zq,sra","gs,ncbi,s3","gs.us-east1,ncbi.public,s3.us-east-1",not applicable,not applicable,not applicable,SRX29976313,uncalculated,uncalculated,not applicable,not applicable,Illumina MiSeq,not applicable,103726-1-1,PAIRED,PCR,METAGENOMIC,human gut metagenome,ILLUMINA,2025-10-01T00:00:00Z,before-Treatment_103726,2025-08-02T05:08:00Z,1,103726-1-1,SRP605981
SRR34844515,AMPLICON,570,21640620,PRJNA1300638,SAMN50421384,"MIMS.me,MIGS/MIMS/MIMARKS.human-gut",12976470,SETSUNAN UNIVERSITY,not applicable,public,"fastq,run.zq,sra","gs,ncbi,s3","gs.us-east1,ncbi.public,s3.us-east-1",not applicable,not applicable,not applicable,SRX29976312,uncalculated,uncalculated,not applicable,not applicable,Illumina MiSeq,not applicable,103724-3-1,PAIRED,PCR,METAGENOMIC,human gut metagenome,ILLUMINA,2025-10-01T00:00:00Z,4wk-Placebo_103724,2025-08-02T05:08:00Z,1,103724-3-1,SRP605981
SRR34844516,AMPLICON,570,22107450,PRJNA1300638,SAMN50421383,"MIMS.me,MIGS/MIMS/MIMARKS.human-gut",13047349,SETSUNAN UNIVERSITY,not applicable,public,"fastq,run.zq,sra","gs,ncbi,s3","gs.us-east1,ncbi.public,s3.us-east-1",not applicable,not applicable,not applicable,SRX29976311,uncalculated,uncalculated,not applicable,not applicable,Illumina MiSeq,not applicable,103724-2-1,PAIRED,PCR,METAGENOMIC,human gut metagenome,ILLUMINA,2025-10-01T00:00:00Z,2wk-Placebo_103724,2025-08-02T05:07:00Z,1,103724-2-1,SRP605981
SRR34844517,AMPLICON,570,19161120,PRJNA1300638,SAMN50421113,"MIGS/MIMS/MIMARKS.human-gut,MIMS.me",11503324,SETSUNAN UNIVERSITY,not applicable,public,"fastq,run.zq,sra","gs,ncbi,s3","gs.us-east1,ncbi.public,s3.us-east-1",not applicable,not applicable,not applicable,SRX29976310,uncalculated,uncalculated,not applicable,not applicable,Illumina MiSeq,not applicable,102610-2-1,PAIRED,PCR,METAGENOMIC,human gut metagenome,ILLUMINA,2025-10-01T00:00:00Z,2wk-Treatment_102610,2025-08-02T05:08:00Z,1,102610-2-1,SRP605981
SRR34844518,AMPLICON,570,19265430,PRJNA1300638,SAMN50421332,"MIMS.me,MIGS/MIMS/MIMARKS.human-gut",11486533,SETSUNAN UNIVERSITY,not applicable,public,"fastq,run.zq,sra","gs,ncbi,s3","gs.us-east1,ncbi.public,s3.us-east-1",not applicable,not applicable,not applicable,SRX29976309,uncalculated,uncalculated,not applicable,not applicable,Illumina MiSeq,not applicable,103092-2-1,PAIRED,PCR,METAGENOMIC,human gut metagenome,ILLUMINA,2025-10-01T00:00:00Z,2wk-Placebo_103092,2025-08-02T05:08:00Z,1,103092-2-1,SRP605981
SRR34844519,AMPLICON,570,20007570,PRJNA1300638,SAMN50421331,"MIMS.me,MIGS/MIMS/MIMARKS.human-gut",11955662,SETSUNAN UNIVERSITY,not applicable,public,"fastq,run.zq,sra","gs,ncbi,s3","gs.us-east1,ncbi.public,s3.us-east-1",not applicable,not applicable,not applicable,SRX29976308,uncalculated,uncalculated,not applicable,not applicable,Illumina MiSeq,not applicable,103092-1-1,PAIRED,PCR,METAGENOMIC,human gut metagenome,ILLUMINA,2025-10-01T00:00:00Z,before-Placebo_103092,2025-08-02T05:08:00Z,1,103092-1-1,SRP605981
SRR34844520,AMPLICON,570,14136000,PRJNA1300638,SAMN50421330,"MIMS.me,MIGS/MIMS/MIMARKS.human-gut",8557536,SETSUNAN UNIVERSITY,not applicable,public,"fastq,run.zq,sra","gs,ncbi,s3","gs.us-east1,ncbi.public,s3.us-east-1",not applicable,not applicable,not applicable,SRX29976307,uncalculated,uncalculated,not applicable,not applicable,Illumina MiSeq,not applicable,103090-3-1,PAIRED,PCR,METAGENOMIC,human gut metagenome,ILLUMINA,2025-10-01T00:00:00Z,4wk-Treatment_103090,2025-08-02T05:08:00Z,1,103090-3-1,SRP605981
SRR34844521,AMPLICON,570,20180850,PRJNA1300638,SAMN50421329,"MIMS.me,MIGS/MIMS/MIMARKS.human-gut",11946397,SETSUNAN UNIVERSITY,not applicable,public,"fastq,run.zq,sra","gs,ncbi,s3","gs.us-east1,ncbi.public,s3.us-east-1",not applicable,not applicable,not applicable,SRX29976306,uncalculated,uncalculated,not applicable,not applicable,Illumina MiSeq,not applicable,103090-2-1,PAIRED,PCR,METAGENOMIC,human gut metagenome,ILLUMINA,2025-10-01T00:00:00Z,2wk-Treatment_103090,2025-08-02T05:08:00Z,1,103090-2-1,SRP605981
SRR34844522,AMPLICON,570,17684250,PRJNA1300638,SAMN50421328,"MIMS.me,MIGS/MIMS/MIMARKS.human-gut",10532474,SETSUNAN UNIVERSITY,not applicable,public,"fastq,run.zq,sra","gs,ncbi,s3","gs.us-east1,ncbi.public,s3.us-east-1",not applicable,not applicable,not applicable,SRX29976305,uncalculated,uncalculated,not applicable,not applicable,Illumina MiSeq,not applicable,103090-1-1,PAIRED,PCR,METAGENOMIC,human gut metagenome,ILLUMINA,2025-10-01T00:00:00Z,before-Treatment_103090,2025-08-02T05:08:00Z,1,103090-1-1,SRP605981
SRR34844523,AMPLICON,570,19362330,PRJNA1300638,SAMN50421327,"MIMS.me,MIGS/MIMS/MIMARKS.human-gut",11126935,SETSUNAN UNIVERSITY,not applicable,public,"fastq,run.zq,sra","gs,ncbi,s3","gs.us-east1,ncbi.public,s3.us-east-1",not applicable,not applicable,not applicable,SRX29976304,uncalculated,uncalculated,not applicable,not applicable,Illumina MiSeq,not applicable,103088-3-1,PAIRED,PCR,METAGENOMIC,human gut metagenome,ILLUMINA,2025-10-01T00:00:00Z,4wk-Placebo_103088,2025-08-02T05:08:00Z,1,103088-3-1,SRP605981
SRR34844524,AMPLICON,570,18078690,PRJNA1300638,SAMN50421326,"MIMS.me,MIGS/MIMS/MIMARKS.human-gut",10586760,SETSUNAN UNIVERSITY,not applicable,public,"fastq,run.zq,sra","gs,ncbi,s3","gs.us-east1,ncbi.public,s3.us-east-1",not applicable,not applicable,not applicable,SRX29976303,uncalculated,uncalculated,not applicable,not applicable,Illumina MiSeq,not applicable,103088-2-1,PAIRED,PCR,METAGENOMIC,human gut metagenome,ILLUMINA,2025-10-01T00:00:00Z,2wk-Placebo_103088,2025-08-02T05:08:00Z,1,103088-2-1,SRP605981
SRR34844525,AMPLICON,570,17094300,PRJNA1300638,SAMN50421325,"MIMS.me,MIGS/MIMS/MIMARKS.human-gut",10142423,SETSUNAN UNIVERSITY,not applicable,public,"fastq,run.zq,sra","gs,ncbi,s3","gs.us-east1,ncbi.public,s3.us-east-1",not applicable,not applicable,not applicable,SRX29976302,uncalculated,uncalculated,not applicable,not applicable,Illumina MiSeq,not applicable,103088-1-1,PAIRED,PCR,METAGENOMIC,human gut metagenome,ILLUMINA,2025-10-01T00:00:00Z,before-Placebo_103088,2025-08-02T05:08:00Z,1,103088-1-1,SRP605981
SRR34844526,AMPLICON,570,20820390,PRJNA1300638,SAMN50421324,"MIMS.me,MIGS/MIMS/MIMARKS.human-gut",12247906,SETSUNAN UNIVERSITY,not applicable,public,"fastq,run.zq,sra","gs,ncbi,s3","gs.us-east1,ncbi.public,s3.us-east-1",not applicable,not applicable,not applicable,SRX29976301,uncalculated,uncalculated,not applicable,not applicable,Illumina MiSeq,not applicable,103085-3-1,PAIRED,PCR,METAGENOMIC,human gut metagenome,ILLUMINA,2025-10-01T00:00:00Z,4wk-Treatment_103085,2025-08-02T05:08:00Z,1,103085-3-1,SRP605981
SRR34844527,AMPLICON,570,20452170,PRJNA1300638,SAMN50421323,"MIMS.me,MIGS/MIMS/MIMARKS.human-gut",12045764,SETSUNAN UNIVERSITY,not applicable,public,"fastq,run.zq,sra","gs,ncbi,s3","gs.us-east1,ncbi.public,s3.us-east-1",not applicable,not applicable,not applicable,SRX29976300,uncalculated,uncalculated,not applicable,not applicable,Illumina MiSeq,not applicable,103085-2-1,PAIRED,PCR,METAGENOMIC,human gut metagenome,ILLUMINA,2025-10-01T00:00:00Z,2wk-Treatment_103085,2025-08-02T05:08:00Z,1,103085-2-1,SRP605981
SRR34844528,AMPLICON,570,25882560,PRJNA1300638,SAMN50421107,"MIMS.me,MIGS/MIMS/MIMARKS.human-gut",15335112,SETSUNAN UNIVERSITY,not applicable,public,"fastq,run.zq,sra","gs,ncbi,s3","gs.us-east1,ncbi.public,s3.us-east-1",not applicable,not applicable,not applicable,SRX29976299,uncalculated,uncalculated,not applicable,not applicable,Illumina MiSeq,not applicable,102607-2-1,PAIRED,PCR,METAGENOMIC,human gut metagenome,ILLUMINA,2025-10-01T00:00:00Z,2wk-Treatment_102607,2025-08-02T05:08:00Z,1,102607-2-1,SRP605981
SRR34844529,AMPLICON,570,18741030,PRJNA1300638,SAMN50421322,"MIMS.me,MIGS/MIMS/MIMARKS.human-gut",11179024,SETSUNAN UNIVERSITY,not applicable,public,"fastq,run.zq,sra","gs,ncbi,s3","gs.us-east1,ncbi.public,s3.us-east-1",not applicable,not applicable,not applicable,SRX29976298,uncalculated,uncalculated,not applicable,not applicable,Illumina MiSeq,not applicable,103085-1-1,PAIRED,PCR,METAGENOMIC,human gut metagenome,ILLUMINA,2025-10-01T00:00:00Z,before-Treatment_103085,2025-08-02T05:08:00Z,1,103085-1-1,SRP605981
SRR34844530,AMPLICON,570,19851960,PRJNA1300638,SAMN50421321,"MIMS.me,MIGS/MIMS/MIMARKS.human-gut",11885980,SETSUNAN UNIVERSITY,not applicable,public,"fastq,run.zq,sra","gs,ncbi,s3","gs.us-east1,ncbi.public,s3.us-east-1",not applicable,not applicable,not applicable,SRX29976297,uncalculated,uncalculated,not applicable,not applicable,Illumina MiSeq,not applicable,103083-3-1,PAIRED,PCR,METAGENOMIC,human gut metagenome,ILLUMINA,2025-10-01T00:00:00Z,4wk-Placebo_103083,2025-08-02T05:08:00Z,1,103083-3-1,SRP605981
SRR34844531,AMPLICON,570,16816710,PRJNA1300638,SAMN50421320,"MIMS.me,MIGS/MIMS/MIMARKS.human-gut",10215170,SETSUNAN UNIVERSITY,not applicable,public,"fastq,run.zq,sra","gs,ncbi,s3","gs.us-east1,ncbi.public,s3.us-east-1",not applicable,not applicable,not applicable,SRX29976296,uncalculated,uncalculated,not applicable,not applicable,Illumina MiSeq,not applicable,103083-2-1,PAIRED,PCR,METAGENOMIC,human gut metagenome,ILLUMINA,2025-10-01T00:00:00Z,2wk-Placebo_103083,2025-08-02T05:08:00Z,1,103083-2-1,SRP605981
SRR34844532,AMPLICON,570,17880330,PRJNA1300638,SAMN50421319,"MIMS.me,MIGS/MIMS/MIMARKS.human-gut",10710241,SETSUNAN UNIVERSITY,not applicable,public,"fastq,run.zq,sra","gs,ncbi,s3","gs.us-east1,ncbi.public,s3.us-east-1",not applicable,not applicable,not applicable,SRX29976295,uncalculated,uncalculated,not applicable,not applicable,Illumina MiSeq,not applicable,103083-1-1,PAIRED,PCR,METAGENOMIC,human gut metagenome,ILLUMINA,2025-10-01T00:00:00Z,before-Placebo_103083,2025-08-02T05:08:00Z,1,103083-1-1,SRP605981
SRR34844533,AMPLICON,570,23685780,PRJNA1300638,SAMN50421318,"MIMS.me,MIGS/MIMS/MIMARKS.human-gut",13714161,SETSUNAN UNIVERSITY,not applicable,public,"fastq,run.zq,sra","gs,ncbi,s3","gs.us-east1,ncbi.public,s3.us-east-1",not applicable,not applicable,not applicable,SRX29976294,uncalculated,uncalculated,not applicable,not applicable,Illumina MiSeq,not applicable,103082-3-1,PAIRED,PCR,METAGENOMIC,human gut metagenome,ILLUMINA,2025-10-01T00:00:00Z,4wk-Placebo_103082,2025-08-02T05:08:00Z,1,103082-3-1,SRP605981
SRR34844534,AMPLICON,570,13745550,PRJNA1300638,SAMN50421317,"MIMS.me,MIGS/MIMS/MIMARKS.human-gut",8043131,SETSUNAN UNIVERSITY,not applicable,public,"fastq,run.zq,sra","gs,ncbi,s3","gs.us-east1,ncbi.public,s3.us-east-1",not applicable,not applicable,not applicable,SRX29976293,uncalculated,uncalculated,not applicable,not applicable,Illumina MiSeq,not applicable,103082-2-1,PAIRED,PCR,METAGENOMIC,human gut metagenome,ILLUMINA,2025-10-01T00:00:00Z,2wk-Placebo_103082,2025-08-02T05:08:00Z,1,103082-2-1,SRP605981
SRR34844535,AMPLICON,570,23167650,PRJNA1300638,SAMN50421316,"MIMS.me,MIGS/MIMS/MIMARKS.human-gut",13552535,SETSUNAN UNIVERSITY,not applicable,public,"fastq,run.zq,sra","gs,ncbi,s3","gs.us-east1,ncbi.public,s3.us-east-1",not applicable,not applicable,not applicable,SRX29976292,uncalculated,uncalculated,not applicable,not applicable,Illumina MiSeq,not applicable,103082-1-1,PAIRED,PCR,METAGENOMIC,human gut metagenome,ILLUMINA,2025-10-01T00:00:00Z,before-Placebo_103082,2025-08-02T05:08:00Z,1,103082-1-1,SRP605981
SRR34844536,AMPLICON,570,15030900,PRJNA1300638,SAMN50421315,"MIMS.me,MIGS/MIMS/MIMARKS.human-gut",8859149,SETSUNAN UNIVERSITY,not applicable,public,"fastq,run.zq,sra","gs,ncbi,s3","gs.us-east1,ncbi.public,s3.us-east-1",not applicable,not applicable,not applicable,SRX29976291,uncalculated,uncalculated,not applicable,not applicable,Illumina MiSeq,not applicable,103081-3-1,PAIRED,PCR,METAGENOMIC,human gut metagenome,ILLUMINA,2025-10-01T00:00:00Z,4wk-Treatment_103081,2025-08-02T05:08:00Z,1,103081-3-1,SRP605981
SRR34844537,AMPLICON,570,11858280,PRJNA1300638,SAMN50421314,"MIMS.me,MIGS/MIMS/MIMARKS.human-gut",7018559,SETSUNAN UNIVERSITY,not applicable,public,"fastq,run.zq,sra","gs,ncbi,s3","gs.us-east1,ncbi.public,s3.us-east-1",not applicable,not applicable,not applicable,SRX29976290,uncalculated,uncalculated,not applicable,not applicable,Illumina MiSeq,not applicable,103081-2-1,PAIRED,PCR,METAGENOMIC,human gut metagenome,ILLUMINA,2025-10-01T00:00:00Z,2wk-Treatment_103081,2025-08-02T05:08:00Z,1,103081-2-1,SRP605981
SRR34844538,AMPLICON,570,17390130,PRJNA1300638,SAMN50421313,"MIMS.me,MIGS/MIMS/MIMARKS.human-gut",10265792,SETSUNAN UNIVERSITY,not applicable,public,"fastq,run.zq,sra","gs,ncbi,s3","gs.us-east1,ncbi.public,s3.us-east-1",not applicable,not applicable,not applicable,SRX29976289,uncalculated,uncalculated,not applicable,not applicable,Illumina MiSeq,not applicable,103081-1-1,PAIRED,PCR,METAGENOMIC,human gut metagenome,ILLUMINA,2025-10-01T00:00:00Z,before-Treatment_103081,2025-08-02T05:08:00Z,1,103081-1-1,SRP605981
SRR34844539,AMPLICON,570,19055670,PRJNA1300638,SAMN50421106,"MIMS.me,MIGS/MIMS/MIMARKS.human-gut",11144994,SETSUNAN UNIVERSITY,not applicable,public,"fastq,run.zq,sra","gs,ncbi,s3","gs.us-east1,ncbi.public,s3.us-east-1",not applicable,not applicable,not applicable,SRX29976288,uncalculated,uncalculated,not applicable,not applicable,Illumina MiSeq,not applicable,102607-1-1,PAIRED,PCR,METAGENOMIC,human gut metagenome,ILLUMINA,2025-10-01T00:00:00Z,before-Treatment_102607,2025-08-02T05:08:00Z,1,102607-1-1,SRP605981
SRR34844540,AMPLICON,570,16111050,PRJNA1300638,SAMN50421312,"MIMS.me,MIGS/MIMS/MIMARKS.human-gut",9596717,SETSUNAN UNIVERSITY,not applicable,public,"fastq,run.zq,sra","gs,ncbi,s3","gs.us-east1,ncbi.public,s3.us-east-1",not applicable,not applicable,not applicable,SRX29976287,uncalculated,uncalculated,not applicable,not applicable,Illumina MiSeq,not applicable,103047-3-1,PAIRED,PCR,METAGENOMIC,human gut metagenome,ILLUMINA,2025-10-01T00:00:00Z,4wk-Treatment_103047,2025-08-02T05:08:00Z,1,103047-3-1,SRP605981
SRR34844541,AMPLICON,570,16104210,PRJNA1300638,SAMN50421311,"MIMS.me,MIGS/MIMS/MIMARKS.human-gut",9533935,SETSUNAN UNIVERSITY,not applicable,public,"fastq,run.zq,sra","gs,ncbi,s3","gs.us-east1,ncbi.public,s3.us-east-1",not applicable,not applicable,not applicable,SRX29976286,uncalculated,uncalculated,not applicable,not applicable,Illumina MiSeq,not applicable,103047-2-1,PAIRED,PCR,METAGENOMIC,human gut metagenome,ILLUMINA,2025-10-01T00:00:00Z,2wk-Treatment_103047,2025-08-02T05:08:00Z,1,103047-2-1,SRP605981
SRR34844542,AMPLICON,570,17252760,PRJNA1300638,SAMN50421310,"MIMS.me,MIGS/MIMS/MIMARKS.human-gut",10196995,SETSUNAN UNIVERSITY,not applicable,public,"fastq,run.zq,sra","gs,ncbi,s3","gs.us-east1,ncbi.public,s3.us-east-1",not applicable,not applicable,not applicable,SRX29976285,uncalculated,uncalculated,not applicable,not applicable,Illumina MiSeq,not applicable,103047-1-1,PAIRED,PCR,METAGENOMIC,human gut metagenome,ILLUMINA,2025-10-01T00:00:00Z,before-Treatment_103047,2025-08-02T05:08:00Z,1,103047-1-1,SRP605981
SRR34844543,AMPLICON,570,18005730,PRJNA1300638,SAMN50421309,"MIMS.me,MIGS/MIMS/MIMARKS.human-gut",10625550,SETSUNAN UNIVERSITY,not applicable,public,"fastq,run.zq,sra","gs,ncbi,s3","gs.us-east1,ncbi.public,s3.us-east-1",not applicable,not applicable,not applicable,SRX29976284,uncalculated,uncalculated,not applicable,not applicable,Illumina MiSeq,not applicable,103046-3-1,PAIRED,PCR,METAGENOMIC,human gut metagenome,ILLUMINA,2025-10-01T00:00:00Z,4wk-Treatment_103046,2025-08-02T05:08:00Z,1,103046-3-1,SRP605981
SRR34844544,AMPLICON,570,16150950,PRJNA1300638,SAMN50421308,"MIMS.me,MIGS/MIMS/MIMARKS.human-gut",9372036,SETSUNAN UNIVERSITY,not applicable,public,"fastq,run.zq,sra","gs,ncbi,s3","gs.us-east1,ncbi.public,s3.us-east-1",not applicable,not applicable,not applicable,SRX29976283,uncalculated,uncalculated,not applicable,not applicable,Illumina MiSeq,not applicable,103046-2-1,PAIRED,PCR,METAGENOMIC,human gut metagenome,ILLUMINA,2025-10-01T00:00:00Z,2wk-Treatment_103046,2025-08-02T05:08:00Z,1,103046-2-1,SRP605981
SRR34844545,AMPLICON,570,18466860,PRJNA1300638,SAMN50421307,"MIMS.me,MIGS/MIMS/MIMARKS.human-gut",10795623,SETSUNAN UNIVERSITY,not applicable,public,"fastq,run.zq,sra","gs,ncbi,s3","gs.us-east1,ncbi.public,s3.us-east-1",not applicable,not applicable,not applicable,SRX29976282,uncalculated,uncalculated,not applicable,not applicable,Illumina MiSeq,not applicable,103046-1-1,PAIRED,PCR,METAGENOMIC,human gut metagenome,ILLUMINA,2025-10-01T00:00:00Z,before-Treatment_103046,2025-08-02T05:08:00Z,1,103046-1-1,SRP605981
SRR34844546,AMPLICON,570,20762820,PRJNA1300638,SAMN50421231,"MIMS.me,MIGS/MIMS/MIMARKS.human-gut",12141137,SETSUNAN UNIVERSITY,not applicable,public,"fastq,run.zq,sra","gs,ncbi,s3","gs.us-east1,ncbi.public,s3.us-east-1",not applicable,not applicable,not applicable,SRX29976281,uncalculated,uncalculated,not applicable,not applicable,Illumina MiSeq,not applicable,102825-3-1,PAIRED,PCR,METAGENOMIC,human gut metagenome,ILLUMINA,2025-10-01T00:00:00Z,4wk-Treatment_102825,2025-08-02T05:08:00Z,1,102825-3-1,SRP605981
SRR34844547,AMPLICON,570,16230750,PRJNA1300638,SAMN50421230,"MIMS.me,MIGS/MIMS/MIMARKS.human-gut",9809785,SETSUNAN UNIVERSITY,not applicable,public,"fastq,run.zq,sra","gs,ncbi,s3","gs.us-east1,ncbi.public,s3.us-east-1",not applicable,not applicable,not applicable,SRX29976280,uncalculated,uncalculated,not applicable,not applicable,Illumina MiSeq,not applicable,102825-2-1,PAIRED,PCR,METAGENOMIC,human gut metagenome,ILLUMINA,2025-10-01T00:00:00Z,2wk-Treatment_102825,2025-08-02T05:08:00Z,1,102825-2-1,SRP605981
SRR34844548,AMPLICON,570,16297440,PRJNA1300638,SAMN50421229,"MIMS.me,MIGS/MIMS/MIMARKS.human-gut",9632332,SETSUNAN UNIVERSITY,not applicable,public,"fastq,run.zq,sra","gs,ncbi,s3","gs.us-east1,ncbi.public,s3.us-east-1",not applicable,not applicable,not applicable,SRX29976279,uncalculated,uncalculated,not applicable,not applicable,Illumina MiSeq,not applicable,102825-1-1,PAIRED,PCR,METAGENOMIC,human gut metagenome,ILLUMINA,2025-10-01T00:00:00Z,before-Treatment_102825,2025-08-02T05:08:00Z,1,102825-1-1,SRP605981
SRR34844549,AMPLICON,570,16903920,PRJNA1300638,SAMN50421228,"MIMS.me,MIGS/MIMS/MIMARKS.human-gut",10115565,SETSUNAN UNIVERSITY,not applicable,public,"fastq,run.zq,sra","gs,ncbi,s3","gs.us-east1,ncbi.public,s3.us-east-1",not applicable,not applicable,not applicable,SRX29976278,uncalculated,uncalculated,not applicable,not applicable,Illumina MiSeq,not applicable,102823-3-1,PAIRED,PCR,METAGENOMIC,human gut metagenome,ILLUMINA,2025-10-01T00:00:00Z,4wk-Placebo_102823,2025-08-02T05:08:00Z,1,102823-3-1,SRP605981
SRR34844550,AMPLICON,570,19325280,PRJNA1300638,SAMN50421227,"MIMS.me,MIGS/MIMS/MIMARKS.human-gut",11647936,SETSUNAN UNIVERSITY,not applicable,public,"fastq,run.zq,sra","gs,ncbi,s3","gs.us-east1,ncbi.public,s3.us-east-1",not applicable,not applicable,not applicable,SRX29976277,uncalculated,uncalculated,not applicable,not applicable,Illumina MiSeq,not applicable,102823-2-1,PAIRED,PCR,METAGENOMIC,human gut metagenome,ILLUMINA,2025-10-01T00:00:00Z,2wk-Placebo_102823,2025-08-02T05:08:00Z,1,102823-2-1,SRP605981
SRR34844551,AMPLICON,570,18515310,PRJNA1300638,SAMN50421226,"MIMS.me,MIGS/MIMS/MIMARKS.human-gut",10999113,SETSUNAN UNIVERSITY,not applicable,public,"fastq,run.zq,sra","gs,ncbi,s3","gs.us-east1,ncbi.public,s3.us-east-1",not applicable,not applicable,not applicable,SRX29976276,uncalculated,uncalculated,not applicable,not applicable,Illumina MiSeq,not applicable,102823-1-1,PAIRED,PCR,METAGENOMIC,human gut metagenome,ILLUMINA,2025-10-01T00:00:00Z,before-Placebo_102823,2025-08-02T05:08:00Z,1,102823-1-1,SRP605981
SRR34844552,AMPLICON,570,16511760,PRJNA1300638,SAMN50421225,"MIMS.me,MIGS/MIMS/MIMARKS.human-gut",9562543,SETSUNAN UNIVERSITY,not applicable,public,"fastq,run.zq,sra","gs,ncbi,s3","gs.us-east1,ncbi.public,s3.us-east-1",not applicable,not applicable,not applicable,SRX29976275,uncalculated,uncalculated,not applicable,not applicable,Illumina MiSeq,not applicable,102822-3-1,PAIRED,PCR,METAGENOMIC,human gut metagenome,ILLUMINA,2025-10-01T00:00:00Z,4wk-Placebo_102822,2025-08-02T05:08:00Z,1,102822-3-1,SRP605981
SRR34844553,AMPLICON,570,17106270,PRJNA1300638,SAMN50421224,"MIMS.me,MIGS/MIMS/MIMARKS.human-gut",10149425,SETSUNAN UNIVERSITY,not applicable,public,"fastq,run.zq,sra","gs,ncbi,s3","gs.us-east1,ncbi.public,s3.us-east-1",not applicable,not applicable,not applicable,SRX29976274,uncalculated,uncalculated,not applicable,not applicable,Illumina MiSeq,not applicable,102822-2-1,PAIRED,PCR,METAGENOMIC,human gut metagenome,ILLUMINA,2025-10-01T00:00:00Z,2wk-Placebo_102822,2025-08-02T05:08:00Z,1,102822-2-1,SRP605981
SRR34844554,AMPLICON,570,16523160,PRJNA1300638,SAMN50421223,"MIMS.me,MIGS/MIMS/MIMARKS.human-gut",9732749,SETSUNAN UNIVERSITY,not applicable,public,"fastq,run.zq,sra","gs,ncbi,s3","gs.us-east1,ncbi.public,s3.us-east-1",not applicable,not applicable,not applicable,SRX29976273,uncalculated,uncalculated,not applicable,not applicable,Illumina MiSeq,not applicable,102822-1-1,PAIRED,PCR,METAGENOMIC,human gut metagenome,ILLUMINA,2025-10-01T00:00:00Z,before-Placebo_102822,2025-08-02T05:08:00Z,1,102822-1-1,SRP605981
SRR34844555,AMPLICON,570,26907420,PRJNA1300638,SAMN50421097,"MIMS.me,MIGS/MIMS/MIMARKS.human-gut",15728257,SETSUNAN UNIVERSITY,not applicable,public,"fastq,run.zq,sra","gs,ncbi,s3","gs.us-east1,ncbi.public,s3.us-east-1",not applicable,not applicable,not applicable,SRX29976272,uncalculated,uncalculated,not applicable,not applicable,Illumina MiSeq,not applicable,102602-1-1,PAIRED,PCR,METAGENOMIC,human gut metagenome,ILLUMINA,2025-10-01T00:00:00Z,before-Placebo_102602,2025-08-02T05:08:00Z,1,102602-1-1,SRP605981
SRR34844556,AMPLICON,570,13497030,PRJNA1300638,SAMN50421222,"MIMS.me,MIGS/MIMS/MIMARKS.human-gut",7961649,SETSUNAN UNIVERSITY,not applicable,public,"fastq,run.zq,sra","gs,ncbi,s3","gs.us-east1,ncbi.public,s3.us-east-1",not applicable,not applicable,not applicable,SRX29976271,uncalculated,uncalculated,not applicable,not applicable,Illumina MiSeq,not applicable,102821-3-1,PAIRED,PCR,METAGENOMIC,human gut metagenome,ILLUMINA,2025-10-01T00:00:00Z,4wk-Treatment_102821,2025-08-02T05:08:00Z,1,102821-3-1,SRP605981
SRR34844557,AMPLICON,570,16702140,PRJNA1300638,SAMN50421221,"MIMS.me,MIGS/MIMS/MIMARKS.human-gut",10138930,SETSUNAN UNIVERSITY,not applicable,public,"fastq,run.zq,sra","gs,ncbi,s3","gs.us-east1,ncbi.public,s3.us-east-1",not applicable,not applicable,not applicable,SRX29976270,uncalculated,uncalculated,not applicable,not applicable,Illumina MiSeq,not applicable,102821-2-1,PAIRED,PCR,METAGENOMIC,human gut metagenome,ILLUMINA,2025-10-01T00:00:00Z,2wk-Treatment_102821,2025-08-02T05:08:00Z,1,102821-2-1,SRP605981
SRR34844558,AMPLICON,570,18755280,PRJNA1300638,SAMN50421220,"MIMS.me,MIGS/MIMS/MIMARKS.human-gut",11136959,SETSUNAN UNIVERSITY,not applicable,public,"fastq,run.zq,sra","gs,ncbi,s3","gs.us-east1,ncbi.public,s3.us-east-1",not applicable,not applicable,not applicable,SRX29976269,uncalculated,uncalculated,not applicable,not applicable,Illumina MiSeq,not applicable,102821-1-1,PAIRED,PCR,METAGENOMIC,human gut metagenome,ILLUMINA,2025-10-01T00:00:00Z,before-Treatment_102821,2025-08-02T05:08:00Z,1,102821-1-1,SRP605981
SRR34844559,AMPLICON,570,19693500,PRJNA1300638,SAMN50421219,"MIMS.me,MIGS/MIMS/MIMARKS.human-gut",11775429,SETSUNAN UNIVERSITY,not applicable,public,"fastq,run.zq,sra","gs,ncbi,s3","gs.us-east1,ncbi.public,s3.us-east-1",not applicable,not applicable,not applicable,SRX29976268,uncalculated,uncalculated,not applicable,not applicable,Illumina MiSeq,not applicable,102820-3-1,PAIRED,PCR,METAGENOMIC,human gut metagenome,ILLUMINA,2025-10-01T00:00:00Z,4wk-Treatment_102820,2025-08-02T05:08:00Z,1,102820-3-1,SRP605981
SRR34844560,AMPLICON,570,19881030,PRJNA1300638,SAMN50421218,"MIMS.me,MIGS/MIMS/MIMARKS.human-gut",11832105,SETSUNAN UNIVERSITY,not applicable,public,"fastq,run.zq,sra","gs,ncbi,s3","gs.us-east1,ncbi.public,s3.us-east-1",not applicable,not applicable,not applicable,SRX29976267,uncalculated,uncalculated,not applicable,not applicable,Illumina MiSeq,not applicable,102820-2-1,PAIRED,PCR,METAGENOMIC,human gut metagenome,ILLUMINA,2025-10-01T00:00:00Z,2wk-Treatment_102820,2025-08-02T05:08:00Z,1,102820-2-1,SRP605981
SRR34844561,AMPLICON,570,19746510,PRJNA1300638,SAMN50421217,"MIMS.me,MIGS/MIMS/MIMARKS.human-gut",11772715,SETSUNAN UNIVERSITY,not applicable,public,"fastq,run.zq,sra","gs,ncbi,s3","gs.us-east1,ncbi.public,s3.us-east-1",not applicable,not applicable,not applicable,SRX29976266,uncalculated,uncalculated,not applicable,not applicable,Illumina MiSeq,not applicable,102820-1-1,PAIRED,PCR,METAGENOMIC,human gut metagenome,ILLUMINA,2025-10-01T00:00:00Z,before-Treatment_102820,2025-08-02T05:08:00Z,1,102820-1-1,SRP605981
SRR34844562,AMPLICON,570,17169540,PRJNA1300638,SAMN50421216,"MIMS.me,MIGS/MIMS/MIMARKS.human-gut",10043134,SETSUNAN UNIVERSITY,not applicable,public,"fastq,run.zq,sra","gs,ncbi,s3","gs.us-east1,ncbi.public,s3.us-east-1",not applicable,not applicable,not applicable,SRX29976265,uncalculated,uncalculated,not applicable,not applicable,Illumina MiSeq,not applicable,102818-3-1,PAIRED,PCR,METAGENOMIC,human gut metagenome,ILLUMINA,2025-10-01T00:00:00Z,4wk-Placebo_102818,2025-08-02T05:08:00Z,1,102818-3-1,SRP605981
SRR34844563,AMPLICON,570,18304980,PRJNA1300638,SAMN50421215,"MIMS.me,MIGS/MIMS/MIMARKS.human-gut",10684260,SETSUNAN UNIVERSITY,not applicable,public,"fastq,run.zq,sra","gs,ncbi,s3","gs.us-east1,ncbi.public,s3.us-east-1",not applicable,not applicable,not applicable,SRX29976264,uncalculated,uncalculated,not applicable,not applicable,Illumina MiSeq,not applicable,102818-2-1,PAIRED,PCR,METAGENOMIC,human gut metagenome,ILLUMINA,2025-10-01T00:00:00Z,2wk-Placebo_102818,2025-08-02T05:08:00Z,1,102818-2-1,SRP605981
SRR34844564,AMPLICON,570,20287440,PRJNA1300638,SAMN50421214,"MIMS.me,MIGS/MIMS/MIMARKS.human-gut",11909486,SETSUNAN UNIVERSITY,not applicable,public,"fastq,run.zq,sra","gs,ncbi,s3","gs.us-east1,ncbi.public,s3.us-east-1",not applicable,not applicable,not applicable,SRX29976263,uncalculated,uncalculated,not applicable,not applicable,Illumina MiSeq,not applicable,102818-1-1,PAIRED,PCR,METAGENOMIC,human gut metagenome,ILLUMINA,2025-10-01T00:00:00Z,before-Placebo_102818,2025-08-02T05:08:00Z,1,102818-1-1,SRP605981
SRR34844565,AMPLICON,570,15925800,PRJNA1300638,SAMN50421213,"MIMS.me,MIGS/MIMS/MIMARKS.human-gut",9580027,SETSUNAN UNIVERSITY,not applicable,public,"fastq,run.zq,sra","gs,ncbi,s3","gs.us-east1,ncbi.public,s3.us-east-1",not applicable,not applicable,not applicable,SRX29976262,uncalculated,uncalculated,not applicable,not applicable,Illumina MiSeq,not applicable,102816-3-1,PAIRED,PCR,METAGENOMIC,human gut metagenome,ILLUMINA,2025-10-01T00:00:00Z,4wk-Treatment_102816,2025-08-02T05:08:00Z,1,102816-3-1,SRP605981
SRR34844566,AMPLICON,570,21755760,PRJNA1300638,SAMN50421096,"MIMS.me,MIGS/MIMS/MIMARKS.human-gut",12736233,SETSUNAN UNIVERSITY,not applicable,public,"fastq,run.zq,sra","gs,ncbi,s3","gs.us-east1,ncbi.public,s3.us-east-1",not applicable,not applicable,not applicable,SRX29976261,uncalculated,uncalculated,not applicable,not applicable,Illumina MiSeq,not applicable,102601-3-1,PAIRED,PCR,METAGENOMIC,human gut metagenome,ILLUMINA,2025-10-01T00:00:00Z,4wk-Placebo_102601,2025-08-02T05:08:00Z,1,102601-3-1,SRP605981
SRR34844567,AMPLICON,570,24337290,PRJNA1300638,SAMN50421212,"MIMS.me,MIGS/MIMS/MIMARKS.human-gut",14193760,SETSUNAN UNIVERSITY,not applicable,public,"fastq,run.zq,sra","gs,ncbi,s3","gs.us-east1,ncbi.public,s3.us-east-1",not applicable,not applicable,not applicable,SRX29976260,uncalculated,uncalculated,not applicable,not applicable,Illumina MiSeq,not applicable,102816-2-1,PAIRED,PCR,METAGENOMIC,human gut metagenome,ILLUMINA,2025-10-01T00:00:00Z,2wk-Treatment_102816,2025-08-02T05:08:00Z,1,102816-2-1,SRP605981
SRR34844568,AMPLICON,570,19157130,PRJNA1300638,SAMN50421211,"MIMS.me,MIGS/MIMS/MIMARKS.human-gut",11123186,SETSUNAN UNIVERSITY,not applicable,public,"fastq,run.zq,sra","gs,ncbi,s3","gs.us-east1,ncbi.public,s3.us-east-1",not applicable,not applicable,not applicable,SRX29976259,uncalculated,uncalculated,not applicable,not applicable,Illumina MiSeq,not applicable,102816-1-1,PAIRED,PCR,METAGENOMIC,human gut metagenome,ILLUMINA,2025-10-01T00:00:00Z,before-Treatment_102816,2025-08-02T05:08:00Z,1,102816-1-1,SRP605981
SRR34844569,AMPLICON,570,15383730,PRJNA1300638,SAMN50421210,"MIMS.me,MIGS/MIMS/MIMARKS.human-gut",9392915,SETSUNAN UNIVERSITY,not applicable,public,"fastq,run.zq,sra","gs,ncbi,s3","gs.us-east1,ncbi.public,s3.us-east-1",not applicable,not applicable,not applicable,SRX29976258,uncalculated,uncalculated,not applicable,not applicable,Illumina MiSeq,not applicable,102778-3-1,PAIRED,PCR,METAGENOMIC,human gut metagenome,ILLUMINA,2025-10-01T00:00:00Z,4wk-Treatment_102778,2025-08-02T05:08:00Z,1,102778-3-1,SRP605981
SRR34844570,AMPLICON,570,17605590,PRJNA1300638,SAMN50421209,"MIMS.me,MIGS/MIMS/MIMARKS.human-gut",10309014,SETSUNAN UNIVERSITY,not applicable,public,"fastq,run.zq,sra","gs,ncbi,s3","gs.us-east1,ncbi.public,s3.us-east-1",not applicable,not applicable,not applicable,SRX29976257,uncalculated,uncalculated,not applicable,not applicable,Illumina MiSeq,not applicable,102778-2-1,PAIRED,PCR,METAGENOMIC,human gut metagenome,ILLUMINA,2025-10-01T00:00:00Z,2wk-Treatment_102778,2025-08-02T05:08:00Z,1,102778-2-1,SRP605981
SRR34844571,AMPLICON,570,20294850,PRJNA1300638,SAMN50421208,"MIMS.me,MIGS/MIMS/MIMARKS.human-gut",12405017,SETSUNAN UNIVERSITY,not applicable,public,"fastq,run.zq,sra","gs,ncbi,s3","gs.us-east1,ncbi.public,s3.us-east-1",not applicable,not applicable,not applicable,SRX29976256,uncalculated,uncalculated,not applicable,not applicable,Illumina MiSeq,not applicable,102778-1-1,PAIRED,PCR,METAGENOMIC,human gut metagenome,ILLUMINA,2025-10-01T00:00:00Z,before-Treatment_102778,2025-08-02T05:08:00Z,1,102778-1-1,SRP605981
SRR34844572,AMPLICON,570,14968200,PRJNA1300638,SAMN50421207,"MIMS.me,MIGS/MIMS/MIMARKS.human-gut",8922251,SETSUNAN UNIVERSITY,not applicable,public,"fastq,run.zq,sra","gs,ncbi,s3","gs.us-east1,ncbi.public,s3.us-east-1",not applicable,not applicable,not applicable,SRX29976255,uncalculated,uncalculated,not applicable,not applicable,Illumina MiSeq,not applicable,102686-3-1,PAIRED,PCR,METAGENOMIC,human gut metagenome,ILLUMINA,2025-10-01T00:00:00Z,4wk-Treatment_102686,2025-08-02T05:08:00Z,1,102686-3-1,SRP605981
SRR34844573,AMPLICON,570,17178090,PRJNA1300638,SAMN50421206,"MIMS.me,MIGS/MIMS/MIMARKS.human-gut",10205627,SETSUNAN UNIVERSITY,not applicable,public,"fastq,run.zq,sra","gs,ncbi,s3","gs.us-east1,ncbi.public,s3.us-east-1",not applicable,not applicable,not applicable,SRX29976254,uncalculated,uncalculated,not applicable,not applicable,Illumina MiSeq,not applicable,102686-2-1,PAIRED,PCR,METAGENOMIC,human gut metagenome,ILLUMINA,2025-10-01T00:00:00Z,2wk-Treatment_102686,2025-08-02T05:08:00Z,1,102686-2-1,SRP605981
SRR34844574,AMPLICON,570,19926630,PRJNA1300638,SAMN50421205,"MIMS.me,MIGS/MIMS/MIMARKS.human-gut",11772756,SETSUNAN UNIVERSITY,not applicable,public,"fastq,run.zq,sra","gs,ncbi,s3","gs.us-east1,ncbi.public,s3.us-east-1",not applicable,not applicable,not applicable,SRX29976253,uncalculated,uncalculated,not applicable,not applicable,Illumina MiSeq,not applicable,102686-1-1,PAIRED,PCR,METAGENOMIC,human gut metagenome,ILLUMINA,2025-10-01T00:00:00Z,before-Treatment_102686,2025-08-02T05:08:00Z,1,102686-1-1,SRP605981
SRR34844575,AMPLICON,570,14369130,PRJNA1300638,SAMN50421204,"MIMS.me,MIGS/MIMS/MIMARKS.human-gut",8333516,SETSUNAN UNIVERSITY,not applicable,public,"fastq,run.zq,sra","gs,ncbi,s3","gs.us-east1,ncbi.public,s3.us-east-1",not applicable,not applicable,not applicable,SRX29976252,uncalculated,uncalculated,not applicable,not applicable,Illumina MiSeq,not applicable,102685-3-1,PAIRED,PCR,METAGENOMIC,human gut metagenome,ILLUMINA,2025-10-01T00:00:00Z,4wk-Placebo_102685,2025-08-02T05:08:00Z,1,102685-3-1,SRP605981
SRR34844576,AMPLICON,570,26590500,PRJNA1300638,SAMN50421203,"MIMS.me,MIGS/MIMS/MIMARKS.human-gut",15407664,SETSUNAN UNIVERSITY,not applicable,public,"fastq,run.zq,sra","gs,ncbi,s3","gs.us-east1,ncbi.public,s3.us-east-1",not applicable,not applicable,not applicable,SRX29976251,uncalculated,uncalculated,not applicable,not applicable,Illumina MiSeq,not applicable,102685-2-1,PAIRED,PCR,METAGENOMIC,human gut metagenome,ILLUMINA,2025-10-01T00:00:00Z,2wk-Placebo_102685,2025-08-02T05:08:00Z,1,102685-2-1,SRP605981
SRR34844577,AMPLICON,570,18868140,PRJNA1300638,SAMN50421095,"MIMS.me,MIGS/MIMS/MIMARKS.human-gut",11206146,SETSUNAN UNIVERSITY,not applicable,public,"fastq,run.zq,sra","gs,ncbi,s3","gs.us-east1,ncbi.public,s3.us-east-1",not applicable,not applicable,not applicable,SRX29976250,uncalculated,uncalculated,not applicable,not applicable,Illumina MiSeq,not applicable,102601-2-1,PAIRED,PCR,METAGENOMIC,human gut metagenome,ILLUMINA,2025-10-01T00:00:00Z,2wk-Placebo_102601,2025-08-02T05:08:00Z,1,102601-2-1,SRP605981
SRR34844578,AMPLICON,570,19728270,PRJNA1300638,SAMN50421202,"MIMS.me,MIGS/MIMS/MIMARKS.human-gut",11567578,SETSUNAN UNIVERSITY,not applicable,public,"fastq,run.zq,sra","gs,ncbi,s3","gs.us-east1,ncbi.public,s3.us-east-1",not applicable,not applicable,not applicable,SRX29976249,uncalculated,uncalculated,not applicable,not applicable,Illumina MiSeq,not applicable,102685-1-1,PAIRED,PCR,METAGENOMIC,human gut metagenome,ILLUMINA,2025-10-01T00:00:00Z,before-Placebo_102685,2025-08-02T05:08:00Z,1,102685-1-1,SRP605981
SRR34844579,AMPLICON,570,16560210,PRJNA1300638,SAMN50421201,"MIMS.me,MIGS/MIMS/MIMARKS.human-gut",9623909,SETSUNAN UNIVERSITY,not applicable,public,"fastq,run.zq,sra","gs,ncbi,s3","gs.us-east1,ncbi.public,s3.us-east-1",not applicable,not applicable,not applicable,SRX29976248,uncalculated,uncalculated,not applicable,not applicable,Illumina MiSeq,not applicable,102684-3-1,PAIRED,PCR,METAGENOMIC,human gut metagenome,ILLUMINA,2025-10-01T00:00:00Z,4wk-Treatment_102684,2025-08-02T05:08:00Z,1,102684-3-1,SRP605981
SRR34844580,AMPLICON,570,25391790,PRJNA1300638,SAMN50421200,"MIMS.me,MIGS/MIMS/MIMARKS.human-gut",15038911,SETSUNAN UNIVERSITY,not applicable,public,"fastq,run.zq,sra","gs,ncbi,s3","gs.us-east1,ncbi.public,s3.us-east-1",not applicable,not applicable,not applicable,SRX29976247,uncalculated,uncalculated,not applicable,not applicable,Illumina MiSeq,not applicable,102684-2-1,PAIRED,PCR,METAGENOMIC,human gut metagenome,ILLUMINA,2025-10-01T00:00:00Z,2wk-Treatment_102684,2025-08-02T05:08:00Z,1,102684-2-1,SRP605981
SRR34844581,AMPLICON,570,19967100,PRJNA1300638,SAMN50421199,"MIMS.me,MIGS/MIMS/MIMARKS.human-gut",11845325,SETSUNAN UNIVERSITY,not applicable,public,"fastq,run.zq,sra","gs,ncbi,s3","gs.us-east1,ncbi.public,s3.us-east-1",not applicable,not applicable,not applicable,SRX29976246,uncalculated,uncalculated,not applicable,not applicable,Illumina MiSeq,not applicable,102684-1-1,PAIRED,PCR,METAGENOMIC,human gut metagenome,ILLUMINA,2025-10-01T00:00:00Z,before-Treatment_102684,2025-08-02T05:08:00Z,1,102684-1-1,SRP605981
SRR34844582,AMPLICON,570,12254430,PRJNA1300638,SAMN50421198,"MIMS.me,MIGS/MIMS/MIMARKS.human-gut",7337957,SETSUNAN UNIVERSITY,not applicable,public,"fastq,run.zq,sra","gs,ncbi,s3","gs.us-east1,ncbi.public,s3.us-east-1",not applicable,not applicable,not applicable,SRX29976245,uncalculated,uncalculated,not applicable,not applicable,Illumina MiSeq,not applicable,102683-3-1,PAIRED,PCR,METAGENOMIC,human gut metagenome,ILLUMINA,2025-10-01T00:00:00Z,4wk-Placebo_102683,2025-08-02T05:08:00Z,1,102683-3-1,SRP605981
SRR34844583,AMPLICON,570,18514740,PRJNA1300638,SAMN50421197,"MIMS.me,MIGS/MIMS/MIMARKS.human-gut",10991510,SETSUNAN UNIVERSITY,not applicable,public,"fastq,run.zq,sra","gs,ncbi,s3","gs.us-east1,ncbi.public,s3.us-east-1",not applicable,not applicable,not applicable,SRX29976244,uncalculated,uncalculated,not applicable,not applicable,Illumina MiSeq,not applicable,102683-2-1,PAIRED,PCR,METAGENOMIC,human gut metagenome,ILLUMINA,2025-10-01T00:00:00Z,2wk-Placebo_102683,2025-08-02T05:08:00Z,1,102683-2-1,SRP605981
SRR34844584,AMPLICON,570,17009370,PRJNA1300638,SAMN50421196,"MIMS.me,MIGS/MIMS/MIMARKS.human-gut",10351281,SETSUNAN UNIVERSITY,not applicable,public,"fastq,run.zq,sra","gs,ncbi,s3","gs.us-east1,ncbi.public,s3.us-east-1",not applicable,not applicable,not applicable,SRX29976243,uncalculated,uncalculated,not applicable,not applicable,Illumina MiSeq,not applicable,102683-1-1,PAIRED,PCR,METAGENOMIC,human gut metagenome,ILLUMINA,2025-10-01T00:00:00Z,before-Placebo_102683,2025-08-02T05:08:00Z,1,102683-1-1,SRP605981
SRR34844585,AMPLICON,570,18634440,PRJNA1300638,SAMN50421195,"MIMS.me,MIGS/MIMS/MIMARKS.human-gut",11422045,SETSUNAN UNIVERSITY,not applicable,public,"fastq,run.zq,sra","gs,ncbi,s3","gs.us-east1,ncbi.public,s3.us-east-1",not applicable,not applicable,not applicable,SRX29976242,uncalculated,uncalculated,not applicable,not applicable,Illumina MiSeq,not applicable,102651-3-1,PAIRED,PCR,METAGENOMIC,human gut metagenome,ILLUMINA,2025-10-01T00:00:00Z,4wk-Treatment_102651,2025-08-02T05:08:00Z,1,102651-3-1,SRP605981
SRR34844586,AMPLICON,570,19259730,PRJNA1300638,SAMN50421194,"MIMS.me,MIGS/MIMS/MIMARKS.human-gut",11325982,SETSUNAN UNIVERSITY,not applicable,public,"fastq,run.zq,sra","gs,ncbi,s3","gs.us-east1,ncbi.public,s3.us-east-1",not applicable,not applicable,not applicable,SRX29976241,uncalculated,uncalculated,not applicable,not applicable,Illumina MiSeq,not applicable,102651-2-1,PAIRED,PCR,METAGENOMIC,human gut metagenome,ILLUMINA,2025-10-01T00:00:00Z,2wk-Treatment_102651,2025-08-02T05:08:00Z,1,102651-2-1,SRP605981
SRR34844587,AMPLICON,570,20228160,PRJNA1300638,SAMN50421193,"MIMS.me,MIGS/MIMS/MIMARKS.human-gut",11823981,SETSUNAN UNIVERSITY,not applicable,public,"fastq,run.zq,sra","gs,ncbi,s3","gs.us-east1,ncbi.public,s3.us-east-1",not applicable,not applicable,not applicable,SRX29976240,uncalculated,uncalculated,not applicable,not applicable,Illumina MiSeq,not applicable,102651-1-1,PAIRED,PCR,METAGENOMIC,human gut metagenome,ILLUMINA,2025-10-01T00:00:00Z,before-Treatment_102651,2025-08-02T05:08:00Z,1,102651-1-1,SRP605981
SRR34844588,AMPLICON,570,19726560,PRJNA1300638,SAMN50421094,"MIMS.me,MIGS/MIMS/MIMARKS.human-gut",11726949,SETSUNAN UNIVERSITY,not applicable,public,"fastq,run.zq,sra","gs,ncbi,s3","gs.us-east1,ncbi.public,s3.us-east-1",not applicable,not applicable,not applicable,SRX29976239,uncalculated,uncalculated,not applicable,not applicable,Illumina MiSeq,not applicable,102601-1-1,PAIRED,PCR,METAGENOMIC,human gut metagenome,ILLUMINA,2025-10-01T00:00:00Z,before-Placebo_102601,2025-08-02T05:08:00Z,1,102601-1-1,SRP605981
SRR34844589,AMPLICON,570,15082200,PRJNA1300638,SAMN50421192,"MIMS.me,MIGS/MIMS/MIMARKS.human-gut",8671292,SETSUNAN UNIVERSITY,not applicable,public,"fastq,run.zq,sra","gs,ncbi,s3","gs.us-east1,ncbi.public,s3.us-east-1",not applicable,not applicable,not applicable,SRX29976238,uncalculated,uncalculated,not applicable,not applicable,Illumina MiSeq,not applicable,102648-3-1,PAIRED,PCR,METAGENOMIC,human gut metagenome,ILLUMINA,2025-10-01T00:00:00Z,4wk-Treatment_102648,2025-08-02T05:08:00Z,1,102648-3-1,SRP605981
SRR34844590,AMPLICON,570,20026950,PRJNA1300638,SAMN50421191,"MIMS.me,MIGS/MIMS/MIMARKS.human-gut",11883227,SETSUNAN UNIVERSITY,not applicable,public,"fastq,run.zq,sra","gs,ncbi,s3","gs.us-east1,ncbi.public,s3.us-east-1",not applicable,not applicable,not applicable,SRX29976237,uncalculated,uncalculated,not applicable,not applicable,Illumina MiSeq,not applicable,102648-2-1,PAIRED,PCR,METAGENOMIC,human gut metagenome,ILLUMINA,2025-10-01T00:00:00Z,2wk-Treatment_102648,2025-08-02T05:08:00Z,1,102648-2-1,SRP605981
SRR34844591,AMPLICON,570,19612560,PRJNA1300638,SAMN50421190,"MIMS.me,MIGS/MIMS/MIMARKS.human-gut",11655305,SETSUNAN UNIVERSITY,not applicable,public,"fastq,run.zq,sra","gs,ncbi,s3","gs.us-east1,ncbi.public,s3.us-east-1",not applicable,not applicable,not applicable,SRX29976236,uncalculated,uncalculated,not applicable,not applicable,Illumina MiSeq,not applicable,102648-1-1,PAIRED,PCR,METAGENOMIC,human gut metagenome,ILLUMINA,2025-10-01T00:00:00Z,before-Treatment_102648,2025-08-02T05:08:00Z,1,102648-1-1,SRP605981
SRR34844592,AMPLICON,570,15029760,PRJNA1300638,SAMN50421189,"MIMS.me,MIGS/MIMS/MIMARKS.human-gut",8795955,SETSUNAN UNIVERSITY,not applicable,public,"fastq,run.zq,sra","gs,ncbi,s3","gs.us-east1,ncbi.public,s3.us-east-1",not applicable,not applicable,not applicable,SRX29976235,uncalculated,uncalculated,not applicable,not applicable,Illumina MiSeq,not applicable,102647-3-1,PAIRED,PCR,METAGENOMIC,human gut metagenome,ILLUMINA,2025-10-01T00:00:00Z,4wk-Placebo_102647,2025-08-02T05:08:00Z,1,102647-3-1,SRP605981
SRR34844593,AMPLICON,570,16392060,PRJNA1300638,SAMN50421188,"MIMS.me,MIGS/MIMS/MIMARKS.human-gut",9523918,SETSUNAN UNIVERSITY,not applicable,public,"fastq,run.zq,sra","gs,ncbi,s3","gs.us-east1,ncbi.public,s3.us-east-1",not applicable,not applicable,not applicable,SRX29976234,uncalculated,uncalculated,not applicable,not applicable,Illumina MiSeq,not applicable,102647-2-1,PAIRED,PCR,METAGENOMIC,human gut metagenome,ILLUMINA,2025-10-01T00:00:00Z,2wk-Placebo_102647,2025-08-02T05:08:00Z,1,102647-2-1,SRP605981
SRR34844594,AMPLICON,570,19860510,PRJNA1300638,SAMN50421187,"MIMS.me,MIGS/MIMS/MIMARKS.human-gut",11568598,SETSUNAN UNIVERSITY,not applicable,public,"fastq,run.zq,sra","gs,ncbi,s3","gs.us-east1,ncbi.public,s3.us-east-1",not applicable,not applicable,not applicable,SRX29976233,uncalculated,uncalculated,not applicable,not applicable,Illumina MiSeq,not applicable,102647-1-1,PAIRED,PCR,METAGENOMIC,human gut metagenome,ILLUMINA,2025-10-01T00:00:00Z,before-Placebo_102647,2025-08-02T05:08:00Z,1,102647-1-1,SRP605981
SRR34844595,AMPLICON,570,17851830,PRJNA1300638,SAMN50421186,"MIMS.me,MIGS/MIMS/MIMARKS.human-gut",10748918,SETSUNAN UNIVERSITY,not applicable,public,"fastq,run.zq,sra","gs,ncbi,s3","gs.us-east1,ncbi.public,s3.us-east-1",not applicable,not applicable,not applicable,SRX29976232,uncalculated,uncalculated,not applicable,not applicable,Illumina MiSeq,not applicable,102645-3-1,PAIRED,PCR,METAGENOMIC,human gut metagenome,ILLUMINA,2025-10-01T00:00:00Z,4wk-Placebo_102645,2025-08-02T05:08:00Z,1,102645-3-1,SRP605981
SRR34844596,AMPLICON,570,18274200,PRJNA1300638,SAMN50421185,"MIMS.me,MIGS/MIMS/MIMARKS.human-gut",10816211,SETSUNAN UNIVERSITY,not applicable,public,"fastq,run.zq,sra","gs,ncbi,s3","gs.us-east1,ncbi.public,s3.us-east-1",not applicable,not applicable,not applicable,SRX29976231,uncalculated,uncalculated,not applicable,not applicable,Illumina MiSeq,not applicable,102645-2-1,PAIRED,PCR,METAGENOMIC,human gut metagenome,ILLUMINA,2025-10-01T00:00:00Z,2wk-Placebo_102645,2025-08-02T05:08:00Z,1,102645-2-1,SRP605981
SRR34844597,AMPLICON,570,22072110,PRJNA1300638,SAMN50421184,"MIMS.me,MIGS/MIMS/MIMARKS.human-gut",13222718,SETSUNAN UNIVERSITY,not applicable,public,"fastq,run.zq,sra","gs,ncbi,s3","gs.us-east1,ncbi.public,s3.us-east-1",not applicable,not applicable,not applicable,SRX29976230,uncalculated,uncalculated,not applicable,not applicable,Illumina MiSeq,not applicable,102645-1-1,PAIRED,PCR,METAGENOMIC,human gut metagenome,ILLUMINA,2025-10-01T00:00:00Z,before-Placebo_102645,2025-08-02T05:08:00Z,1,102645-1-1,SRP605981
SRR34844598,AMPLICON,570,13023360,PRJNA1300638,SAMN50421183,"MIMS.me,MIGS/MIMS/MIMARKS.human-gut",7897929,SETSUNAN UNIVERSITY,not applicable,public,"fastq,run.zq,sra","gs,ncbi,s3","gs.us-east1,ncbi.public,s3.us-east-1",not applicable,not applicable,not applicable,SRX29976229,uncalculated,uncalculated,not applicable,not applicable,Illumina MiSeq,not applicable,102644-3-1,PAIRED,PCR,METAGENOMIC,human gut metagenome,ILLUMINA,2025-10-01T00:00:00Z,4wk-Placebo_102644,2025-08-02T05:08:00Z,1,102644-3-1,SRP605981
SRR34844599,AMPLICON,570,15324450,PRJNA1300638,SAMN50421093,"MIMS.me,MIGS/MIMS/MIMARKS.human-gut",9729729,SETSUNAN UNIVERSITY,not applicable,public,"fastq,run.zq,sra","gs,ncbi,s3","gs.us-east1,ncbi.public,s3.us-east-1",not applicable,not applicable,not applicable,SRX29976228,uncalculated,uncalculated,not applicable,not applicable,Illumina MiSeq,not applicable,102596-3-1,PAIRED,PCR,METAGENOMIC,human gut metagenome,ILLUMINA,2025-10-01T00:00:00Z,4wk-Treatment_102596,2025-08-02T05:08:00Z,1,102596-3-1,SRP605981
SRR34844600,AMPLICON,570,17573100,PRJNA1300638,SAMN50421084,"MIMS.me,MIGS/MIMS/MIMARKS.human-gut",10449739,SETSUNAN UNIVERSITY,not applicable,public,"fastq,run.zq,sra","gs,ncbi,s3","gs.us-east1,ncbi.public,s3.us-east-1",not applicable,not applicable,not applicable,SRX29976227,uncalculated,uncalculated,not applicable,not applicable,Illumina MiSeq,not applicable,100562-3-1,PAIRED,PCR,METAGENOMIC,human gut metagenome,ILLUMINA,2025-10-01T00:00:00Z,4wk-Treatment_100562,2025-08-02T05:08:00Z,1,100562-3-1,SRP605981
SRR34844601,AMPLICON,570,23347770,PRJNA1300638,SAMN50421083,"MIMS.me,MIGS/MIMS/MIMARKS.human-gut",14050361,SETSUNAN UNIVERSITY,not applicable,public,"fastq,run.zq,sra","gs,ncbi,s3","gs.us-east1,ncbi.public,s3.us-east-1",not applicable,not applicable,not applicable,SRX29976226,uncalculated,uncalculated,not applicable,not applicable,Illumina MiSeq,not applicable,100562-1-1,PAIRED,PCR,METAGENOMIC,human gut metagenome,ILLUMINA,2025-10-01T00:00:00Z,before-Treatment_100562,2025-08-02T05:08:00Z,1,100562-1-1,SRP605981
SRR34844602,AMPLICON,570,16937550,PRJNA1300638,SAMN50421182,"MIMS.me,MIGS/MIMS/MIMARKS.human-gut",10246206,SETSUNAN UNIVERSITY,not applicable,public,"fastq,run.zq,sra","gs,ncbi,s3","gs.us-east1,ncbi.public,s3.us-east-1",not applicable,not applicable,not applicable,SRX29976539,uncalculated,uncalculated,not applicable,not applicable,Illumina MiSeq,not applicable,102644-2-1,PAIRED,PCR,METAGENOMIC,human gut metagenome,ILLUMINA,2025-10-01T00:00:00Z,2wk-Placebo_102644,2025-08-02T05:08:00Z,1,102644-2-1,SRP605981
SRR34844603,AMPLICON,570,19698060,PRJNA1300638,SAMN50421181,"MIMS.me,MIGS/MIMS/MIMARKS.human-gut",11894837,SETSUNAN UNIVERSITY,not applicable,public,"fastq,run.zq,sra","gs,ncbi,s3","gs.us-east1,ncbi.public,s3.us-east-1",not applicable,not applicable,not applicable,SRX29976538,uncalculated,uncalculated,not applicable,not applicable,Illumina MiSeq,not applicable,102644-1-1,PAIRED,PCR,METAGENOMIC,human gut metagenome,ILLUMINA,2025-10-01T00:00:00Z,before-Placebo_102644,2025-08-02T05:08:00Z,1,102644-1-1,SRP605981
SRR34844604,AMPLICON,570,17106840,PRJNA1300638,SAMN50421180,"MIMS.me,MIGS/MIMS/MIMARKS.human-gut",10270164,SETSUNAN UNIVERSITY,not applicable,public,"fastq,run.zq,sra","gs,ncbi,s3","gs.us-east1,ncbi.public,s3.us-east-1",not applicable,not applicable,not applicable,SRX29976537,uncalculated,uncalculated,not applicable,not applicable,Illumina MiSeq,not applicable,102641-3-1,PAIRED,PCR,METAGENOMIC,human gut metagenome,ILLUMINA,2025-10-01T00:00:00Z,4wk-Placebo_102641,2025-08-02T05:08:00Z,1,102641-3-1,SRP605981
SRR34844605,AMPLICON,570,19387410,PRJNA1300638,SAMN50421179,"MIMS.me,MIGS/MIMS/MIMARKS.human-gut",11677036,SETSUNAN UNIVERSITY,not applicable,public,"fastq,run.zq,sra","gs,ncbi,s3","gs.us-east1,ncbi.public,s3.us-east-1",not applicable,not applicable,not applicable,SRX29976536,uncalculated,uncalculated,not applicable,not applicable,Illumina MiSeq,not applicable,102641-2-1,PAIRED,PCR,METAGENOMIC,human gut metagenome,ILLUMINA,2025-10-01T00:00:00Z,2wk-Placebo_102641,2025-08-02T05:08:00Z,1,102641-2-1,SRP605981
SRR34844606,AMPLICON,570,21064920,PRJNA1300638,SAMN50421178,"MIMS.me,MIGS/MIMS/MIMARKS.human-gut",12560366,SETSUNAN UNIVERSITY,not applicable,public,"fastq,run.zq,sra","gs,ncbi,s3","gs.us-east1,ncbi.public,s3.us-east-1",not applicable,not applicable,not applicable,SRX29976535,uncalculated,uncalculated,not applicable,not applicable,Illumina MiSeq,not applicable,102641-1-1,PAIRED,PCR,METAGENOMIC,human gut metagenome,ILLUMINA,2025-10-01T00:00:00Z,before-Placebo_102641,2025-08-02T05:08:00Z,1,102641-1-1,SRP605981
SRR34844607,AMPLICON,570,17271000,PRJNA1300638,SAMN50421177,"MIMS.me,MIGS/MIMS/MIMARKS.human-gut",10372214,SETSUNAN UNIVERSITY,not applicable,public,"fastq,run.zq,sra","gs,ncbi,s3","gs.us-east1,ncbi.public,s3.us-east-1",not applicable,not applicable,not applicable,SRX29976534,uncalculated,uncalculated,not applicable,not applicable,Illumina MiSeq,not applicable,102640-3-1,PAIRED,PCR,METAGENOMIC,human gut metagenome,ILLUMINA,2025-10-01T00:00:00Z,4wk-Treatment_102640,2025-08-02T05:08:00Z,1,102640-3-1,SRP605981
SRR34844608,AMPLICON,570,26426340,PRJNA1300638,SAMN50421086,"MIMS.me,MIGS/MIMS/MIMARKS.human-gut",15529261,SETSUNAN UNIVERSITY,not applicable,public,"fastq,run.zq,sra","gs,ncbi,s3","gs.us-east1,ncbi.public,s3.us-east-1",not applicable,not applicable,not applicable,SRX29976533,uncalculated,uncalculated,not applicable,not applicable,Illumina MiSeq,not applicable,100565-2-1,PAIRED,PCR,METAGENOMIC,human gut metagenome,ILLUMINA,2025-10-01T00:00:00Z,2wk-Treatment_100565,2025-08-02T05:08:00Z,1,100565-2-1,SRP605981
SRR34844609,AMPLICON,570,21146430,PRJNA1300638,SAMN50421382,"MIMS.me,MIGS/MIMS/MIMARKS.human-gut",12625921,SETSUNAN UNIVERSITY,not applicable,public,"fastq,run.zq,sra","gs,ncbi,s3","gs.us-east1,ncbi.public,s3.us-east-1",not applicable,not applicable,not applicable,SRX29976532,uncalculated,uncalculated,not applicable,not applicable,Illumina MiSeq,not applicable,103724-1-1,PAIRED,PCR,METAGENOMIC,human gut metagenome,ILLUMINA,2025-10-01T00:00:00Z,before-Placebo_103724,2025-08-02T05:08:00Z,1,103724-1-1,SRP605981
SRR34844610,AMPLICON,570,16543110,PRJNA1300638,SAMN50421381,"MIMS.me,MIGS/MIMS/MIMARKS.human-gut",9822991,SETSUNAN UNIVERSITY,not applicable,public,"fastq,run.zq,sra","gs,ncbi,s3","gs.us-east1,ncbi.public,s3.us-east-1",not applicable,not applicable,not applicable,SRX29976531,uncalculated,uncalculated,not applicable,not applicable,Illumina MiSeq,not applicable,103691-3-1,PAIRED,PCR,METAGENOMIC,human gut metagenome,ILLUMINA,2025-10-01T00:00:00Z,4wk-Treatment_103691,2025-08-02T05:08:00Z,1,103691-3-1,SRP605981
SRR34844611,AMPLICON,570,21560820,PRJNA1300638,SAMN50421380,"MIMS.me,MIGS/MIMS/MIMARKS.human-gut",12997945,SETSUNAN UNIVERSITY,not applicable,public,"fastq,run.zq,sra","gs,ncbi,s3","gs.us-east1,ncbi.public,s3.us-east-1",not applicable,not applicable,not applicable,SRX29976530,uncalculated,uncalculated,not applicable,not applicable,Illumina MiSeq,not applicable,103691-2-1,PAIRED,PCR,METAGENOMIC,human gut metagenome,ILLUMINA,2025-10-01T00:00:00Z,2wk-Treatment_103691,2025-08-02T05:08:00Z,1,103691-2-1,SRP605981
SRR34844612,AMPLICON,570,18358560,PRJNA1300638,SAMN50421379,"MIMS.me,MIGS/MIMS/MIMARKS.human-gut",11268121,SETSUNAN UNIVERSITY,not applicable,public,"fastq,run.zq,sra","gs,ncbi,s3","gs.us-east1,ncbi.public,s3.us-east-1",not applicable,not applicable,not applicable,SRX29976529,uncalculated,uncalculated,not applicable,not applicable,Illumina MiSeq,not applicable,103691-1-1,PAIRED,PCR,METAGENOMIC,human gut metagenome,ILLUMINA,2025-10-01T00:00:00Z,before-Treatment_103691,2025-08-02T05:08:00Z,1,103691-1-1,SRP605981
SRR34844613,AMPLICON,570,19878180,PRJNA1300638,SAMN50421378,"MIMS.me,MIGS/MIMS/MIMARKS.human-gut",11643561,SETSUNAN UNIVERSITY,not applicable,public,"fastq,run.zq,sra","gs,ncbi,s3","gs.us-east1,ncbi.public,s3.us-east-1",not applicable,not applicable,not applicable,SRX29976528,uncalculated,uncalculated,not applicable,not applicable,Illumina MiSeq,not applicable,103477-3-1,PAIRED,PCR,METAGENOMIC,human gut metagenome,ILLUMINA,2025-10-01T00:00:00Z,4wk-Treatment_103477,2025-08-02T05:08:00Z,1,103477-3-1,SRP605981
SRR34844614,AMPLICON,570,13396140,PRJNA1300638,SAMN50421377,"MIMS.me,MIGS/MIMS/MIMARKS.human-gut",7926421,SETSUNAN UNIVERSITY,not applicable,public,"fastq,run.zq,sra","gs,ncbi,s3","gs.us-east1,ncbi.public,s3.us-east-1",not applicable,not applicable,not applicable,SRX29976527,uncalculated,uncalculated,not applicable,not applicable,Illumina MiSeq,not applicable,103477-2-1,PAIRED,PCR,METAGENOMIC,human gut metagenome,ILLUMINA,2025-10-01T00:00:00Z,2wk-Treatment_103477,2025-08-02T05:08:00Z,1,103477-2-1,SRP605981
SRR34844615,AMPLICON,570,14424420,PRJNA1300638,SAMN50421376,"MIMS.me,MIGS/MIMS/MIMARKS.human-gut",8494161,SETSUNAN UNIVERSITY,not applicable,public,"fastq,run.zq,sra","gs,ncbi,s3","gs.us-east1,ncbi.public,s3.us-east-1",not applicable,not applicable,not applicable,SRX29976526,uncalculated,uncalculated,not applicable,not applicable,Illumina MiSeq,not applicable,103477-1-1,PAIRED,PCR,METAGENOMIC,human gut metagenome,ILLUMINA,2025-10-01T00:00:00Z,before-Treatment_103477,2025-08-02T05:08:00Z,1,103477-1-1,SRP605981
SRR34844616,AMPLICON,570,19282530,PRJNA1300638,SAMN50421375,"MIMS.me,MIGS/MIMS/MIMARKS.human-gut",11185812,SETSUNAN UNIVERSITY,not applicable,public,"fastq,run.zq,sra","gs,ncbi,s3","gs.us-east1,ncbi.public,s3.us-east-1",not applicable,not applicable,not applicable,SRX29976525,uncalculated,uncalculated,not applicable,not applicable,Illumina MiSeq,not applicable,103380-3-1,PAIRED,PCR,METAGENOMIC,human gut metagenome,ILLUMINA,2025-10-01T00:00:00Z,4wk-Treatment_103380,2025-08-02T05:08:00Z,1,103380-3-1,SRP605981
SRR34844617,AMPLICON,570,16504350,PRJNA1300638,SAMN50421374,"MIMS.me,MIGS/MIMS/MIMARKS.human-gut",9805136,SETSUNAN UNIVERSITY,not applicable,public,"fastq,run.zq,sra","gs,ncbi,s3","gs.us-east1,ncbi.public,s3.us-east-1",not applicable,not applicable,not applicable,SRX29976524,uncalculated,uncalculated,not applicable,not applicable,Illumina MiSeq,not applicable,103380-2-1,PAIRED,PCR,METAGENOMIC,human gut metagenome,ILLUMINA,2025-10-01T00:00:00Z,2wk-Treatment_103380,2025-08-02T05:08:00Z,1,103380-2-1,SRP605981
SRR34844618,AMPLICON,570,19351500,PRJNA1300638,SAMN50421373,"MIMS.me,MIGS/MIMS/MIMARKS.human-gut",11507043,SETSUNAN UNIVERSITY,not applicable,public,"fastq,run.zq,sra","gs,ncbi,s3","gs.us-east1,ncbi.public,s3.us-east-1",not applicable,not applicable,not applicable,SRX29976523,uncalculated,uncalculated,not applicable,not applicable,Illumina MiSeq,not applicable,103380-1-1,PAIRED,PCR,METAGENOMIC,human gut metagenome,ILLUMINA,2025-10-01T00:00:00Z,before-Treatment_103380,2025-08-02T05:08:00Z,1,103380-1-1,SRP605981
