"","run_accession","secondary_study_accession","sample_accession","secondary_sample_accession","experiment_accession","study_accession","submission_accession","tax_id","scientific_name","instrument_platform","instrument_model","library_name","nominal_length","library_layout","library_strategy","library_source","library_selection","read_count","base_count","center_name","first_public","last_updated","experiment_title","study_title","study_alias","experiment_alias","run_alias","fastq_bytes","fastq_md5","fastq_ftp","fastq_aspera","fastq_galaxy","submitted_bytes","submitted_md5","submitted_ftp","submitted_aspera","submitted_galaxy","submitted_format","sra_bytes","sra_md5","sra_ftp","sra_aspera","sra_galaxy","sample_alias","broker_name","Sample","Week","Intervention","nominal_sdev","Week","bam_ftp","bam_bytes","bam_md5"
"1","ERR5956517","ERP128019","SAMEA8793735","ERS6478085","ERX5597038","PRJEB44020","ERA4412139",256318,"metagenome","ILLUMINA","unspecified",NA,NA,"PAIRED","OTHER","METAGENOMIC","RANDOM",16396256,1975701349,"WASHINGTON UNIVERSITY CENTER FOR GENOME SCIENCES","2022-04-13","2022-04-13","unspecified sequencing: Raw reads: TP01-01_Week1_Study1PeaFiber","An approach for evaluating the effects of dietary fiber polysaccharides on the human gut microbiome and plasma proteome","ena-STUDY-WASHINGTON UNIVERSITY CENTER FOR GENOME SCIENCES-30-03-2021-04:15:02:361-407","webin-reads-TP01-01_Week1_Study1PeaFiber","webin-reads-TP01-01_Week1_Study1PeaFiber","598122769;630817383","3bcf9e7f84b5a4fb68ebd7e0f3660157;7e09cbc7ce1bdad37dbce5eccd66f3bc","ftp.sra.ebi.ac.uk/vol1/fastq/ERR595/007/ERR5956517/ERR5956517_1.fastq.gz;ftp.sra.ebi.ac.uk/vol1/fastq/ERR595/007/ERR5956517/ERR5956517_2.fastq.gz","fasp.sra.ebi.ac.uk:/vol1/fastq/ERR595/007/ERR5956517/ERR5956517_1.fastq.gz;fasp.sra.ebi.ac.uk:/vol1/fastq/ERR595/007/ERR5956517/ERR5956517_2.fastq.gz","ftp.sra.ebi.ac.uk/vol1/fastq/ERR595/007/ERR5956517/ERR5956517_1.fastq.gz;ftp.sra.ebi.ac.uk/vol1/fastq/ERR595/007/ERR5956517/ERR5956517_2.fastq.gz","575587255;608047514","7a632b97b65753099552b363e9833534;b2ec5a6356e7b45227374dc6cac44668","ftp.sra.ebi.ac.uk/vol1/run/ERR595/ERR5956517/TP01-01_TS1_Wk1_HF_CAT_R1.fq.gz;ftp.sra.ebi.ac.uk/vol1/run/ERR595/ERR5956517/TP01-01_TS1_Wk1_HF_CAT_R2.fq.gz","fasp.sra.ebi.ac.uk:/vol1/run/ERR595/ERR5956517/TP01-01_TS1_Wk1_HF_CAT_R1.fq.gz;fasp.sra.ebi.ac.uk:/vol1/run/ERR595/ERR5956517/TP01-01_TS1_Wk1_HF_CAT_R2.fq.gz","ftp.sra.ebi.ac.uk/vol1/run/ERR595/ERR5956517/TP01-01_TS1_Wk1_HF_CAT_R1.fq.gz;ftp.sra.ebi.ac.uk/vol1/run/ERR595/ERR5956517/TP01-01_TS1_Wk1_HF_CAT_R2.fq.gz","FASTQ;FASTQ",NA,NA,NA,NA,NA,"TP01-01_Week1_Study1PeaFiber",NA,"TP01-01","1","Study1PeaFiber",NA,"2021-05-21","ftp.sra.ebi.ac.uk/vol1/err/ERR595/007/ERR5956517.bam",1224096547,"03225c94293d65ac25ab26640d45ad9f"
"2","ERR5956713","ERP128019","SAMEA8793865","ERS6478215","ERX5597234","PRJEB44020","ERA4412391",256318,"metagenome","ILLUMINA","unspecified",NA,NA,"PAIRED","OTHER","METAGENOMIC","RANDOM",20585406,2542768480,"WASHINGTON UNIVERSITY CENTER FOR GENOME SCIENCES","2022-04-13","2022-04-13","unspecified sequencing: Raw reads: TP01-01_Week1_Study2OrangeFiber","An approach for evaluating the effects of dietary fiber polysaccharides on the human gut microbiome and plasma proteome","ena-STUDY-WASHINGTON UNIVERSITY CENTER FOR GENOME SCIENCES-30-03-2021-04:15:02:361-407","webin-reads-TP01-01_Week1_Study2OrangeFiber","webin-reads-TP01-01_Week1_Study2OrangeFiber","772560485;886145505","1dd18342102f203299161cd80f9e5c90;80e12d4f5ba7fb4a7f529347dc3c63ab","ftp.sra.ebi.ac.uk/vol1/fastq/ERR595/003/ERR5956713/ERR5956713_1.fastq.gz;ftp.sra.ebi.ac.uk/vol1/fastq/ERR595/003/ERR5956713/ERR5956713_2.fastq.gz","fasp.sra.ebi.ac.uk:/vol1/fastq/ERR595/003/ERR5956713/ERR5956713_1.fastq.gz;fasp.sra.ebi.ac.uk:/vol1/fastq/ERR595/003/ERR5956713/ERR5956713_2.fastq.gz","ftp.sra.ebi.ac.uk/vol1/fastq/ERR595/003/ERR5956713/ERR5956713_1.fastq.gz;ftp.sra.ebi.ac.uk/vol1/fastq/ERR595/003/ERR5956713/ERR5956713_2.fastq.gz","737439780;851505736","6609d86fd76739599bebf9c900c6244a;34f72c70db1e8684a70246b4d3eadfa9","ftp.sra.ebi.ac.uk/vol1/run/ERR595/ERR5956713/TP01-01_TS2_Wk1_HF_CAT_R1.fq.gz;ftp.sra.ebi.ac.uk/vol1/run/ERR595/ERR5956713/TP01-01_TS2_Wk1_HF_CAT_R2.fq.gz","fasp.sra.ebi.ac.uk:/vol1/run/ERR595/ERR5956713/TP01-01_TS2_Wk1_HF_CAT_R1.fq.gz;fasp.sra.ebi.ac.uk:/vol1/run/ERR595/ERR5956713/TP01-01_TS2_Wk1_HF_CAT_R2.fq.gz","ftp.sra.ebi.ac.uk/vol1/run/ERR595/ERR5956713/TP01-01_TS2_Wk1_HF_CAT_R1.fq.gz;ftp.sra.ebi.ac.uk/vol1/run/ERR595/ERR5956713/TP01-01_TS2_Wk1_HF_CAT_R2.fq.gz","FASTQ;FASTQ",NA,NA,NA,NA,NA,"TP01-01_Week1_Study2OrangeFiber",NA,"TP01-01","1","Study2OrangeFiber",NA,"2021-05-22","ftp.sra.ebi.ac.uk/vol1/err/ERR595/003/ERR5956713.bam",1671146016,"6dfef68596f37556e05f5f7d32f7f577"
"3","ERR5956519","ERP128019","SAMEA8793736","ERS6478086","ERX5597040","PRJEB44020","ERA4412170",256318,"metagenome","ILLUMINA","unspecified",NA,NA,"PAIRED","OTHER","METAGENOMIC","RANDOM",15143624,1845790314,"WASHINGTON UNIVERSITY CENTER FOR GENOME SCIENCES","2022-04-13","2022-04-13","unspecified sequencing: Raw reads: TP01-01_Week2_Study1PeaFiber","An approach for evaluating the effects of dietary fiber polysaccharides on the human gut microbiome and plasma proteome","ena-STUDY-WASHINGTON UNIVERSITY CENTER FOR GENOME SCIENCES-30-03-2021-04:15:02:361-407","webin-reads-TP01-01_Week2_Study1PeaFiber","webin-reads-TP01-01_Week2_Study1PeaFiber","568343488;586437769","e7f81c1fe34c3eab6f51b168d0f7c6cf;73f49743e2e92a4ff9ded4aa0fcd28c4","ftp.sra.ebi.ac.uk/vol1/fastq/ERR595/009/ERR5956519/ERR5956519_1.fastq.gz;ftp.sra.ebi.ac.uk/vol1/fastq/ERR595/009/ERR5956519/ERR5956519_2.fastq.gz","fasp.sra.ebi.ac.uk:/vol1/fastq/ERR595/009/ERR5956519/ERR5956519_1.fastq.gz;fasp.sra.ebi.ac.uk:/vol1/fastq/ERR595/009/ERR5956519/ERR5956519_2.fastq.gz","ftp.sra.ebi.ac.uk/vol1/fastq/ERR595/009/ERR5956519/ERR5956519_1.fastq.gz;ftp.sra.ebi.ac.uk/vol1/fastq/ERR595/009/ERR5956519/ERR5956519_2.fastq.gz","547591585;565451247","e3fb4db08cf0393c0e38f6b11fd73e20;b395aad8c74e0d6197091578d400be13","ftp.sra.ebi.ac.uk/vol1/run/ERR595/ERR5956519/TP01-01_TS1_Wk2_HF_CAT_R1.fq.gz;ftp.sra.ebi.ac.uk/vol1/run/ERR595/ERR5956519/TP01-01_TS1_Wk2_HF_CAT_R2.fq.gz","fasp.sra.ebi.ac.uk:/vol1/run/ERR595/ERR5956519/TP01-01_TS1_Wk2_HF_CAT_R1.fq.gz;fasp.sra.ebi.ac.uk:/vol1/run/ERR595/ERR5956519/TP01-01_TS1_Wk2_HF_CAT_R2.fq.gz","ftp.sra.ebi.ac.uk/vol1/run/ERR595/ERR5956519/TP01-01_TS1_Wk2_HF_CAT_R1.fq.gz;ftp.sra.ebi.ac.uk/vol1/run/ERR595/ERR5956519/TP01-01_TS1_Wk2_HF_CAT_R2.fq.gz","FASTQ;FASTQ",NA,NA,NA,NA,NA,"TP01-01_Week2_Study1PeaFiber",NA,"TP01-01","2","Study1PeaFiber",NA,"2021-05-21","ftp.sra.ebi.ac.uk/vol1/err/ERR595/009/ERR5956519.bam",1151417721,"2e6b66335d5eddb4f61523544adb6a78"
"4","ERR5956714","ERP128019","SAMEA8793866","ERS6478216","ERX5597235","PRJEB44020","ERA4412392",256318,"metagenome","ILLUMINA","unspecified",NA,NA,"PAIRED","OTHER","METAGENOMIC","RANDOM",19229752,2392986576,"WASHINGTON UNIVERSITY CENTER FOR GENOME SCIENCES","2022-04-13","2022-04-13","unspecified sequencing: Raw reads: TP01-01_Week2_Study2OrangeFiber","An approach for evaluating the effects of dietary fiber polysaccharides on the human gut microbiome and plasma proteome","ena-STUDY-WASHINGTON UNIVERSITY CENTER FOR GENOME SCIENCES-30-03-2021-04:15:02:361-407","webin-reads-TP01-01_Week2_Study2OrangeFiber","webin-reads-TP01-01_Week2_Study2OrangeFiber","763378911;848219869","ad96bc785b7ec608e3781dbb526077ca;578ff3c814cc106f8f4a76e4a1a034e5","ftp.sra.ebi.ac.uk/vol1/fastq/ERR595/004/ERR5956714/ERR5956714_1.fastq.gz;ftp.sra.ebi.ac.uk/vol1/fastq/ERR595/004/ERR5956714/ERR5956714_2.fastq.gz","fasp.sra.ebi.ac.uk:/vol1/fastq/ERR595/004/ERR5956714/ERR5956714_1.fastq.gz;fasp.sra.ebi.ac.uk:/vol1/fastq/ERR595/004/ERR5956714/ERR5956714_2.fastq.gz","ftp.sra.ebi.ac.uk/vol1/fastq/ERR595/004/ERR5956714/ERR5956714_1.fastq.gz;ftp.sra.ebi.ac.uk/vol1/fastq/ERR595/004/ERR5956714/ERR5956714_2.fastq.gz","730652424;815748194","ca22840478ebb17304d40ae420d3bb3b;04e8b84bd11801e59aaed104bcdd0af8","ftp.sra.ebi.ac.uk/vol1/run/ERR595/ERR5956714/TP01-01_TS2_Wk2_HF_CAT_R1.fq.gz;ftp.sra.ebi.ac.uk/vol1/run/ERR595/ERR5956714/TP01-01_TS2_Wk2_HF_CAT_R2.fq.gz","fasp.sra.ebi.ac.uk:/vol1/run/ERR595/ERR5956714/TP01-01_TS2_Wk2_HF_CAT_R1.fq.gz;fasp.sra.ebi.ac.uk:/vol1/run/ERR595/ERR5956714/TP01-01_TS2_Wk2_HF_CAT_R2.fq.gz","ftp.sra.ebi.ac.uk/vol1/run/ERR595/ERR5956714/TP01-01_TS2_Wk2_HF_CAT_R1.fq.gz;ftp.sra.ebi.ac.uk/vol1/run/ERR595/ERR5956714/TP01-01_TS2_Wk2_HF_CAT_R2.fq.gz","FASTQ;FASTQ",NA,NA,NA,NA,NA,"TP01-01_Week2_Study2OrangeFiber",NA,"TP01-01","2","Study2OrangeFiber",NA,"2021-05-22","ftp.sra.ebi.ac.uk/vol1/err/ERR595/004/ERR5956714.bam",1627352997,"3c7db23d5a190f1cf12bbb8c46f6f008"
"5","ERR5956520","ERP128019","SAMEA8793737","ERS6478087","ERX5597041","PRJEB44020","ERA4412171",256318,"metagenome","ILLUMINA","unspecified",NA,NA,"PAIRED","OTHER","METAGENOMIC","RANDOM",16712338,2122777781,"WASHINGTON UNIVERSITY CENTER FOR GENOME SCIENCES","2022-04-13","2022-04-13","unspecified sequencing: Raw reads: TP01-01_Week3_Study1PeaFiber","An approach for evaluating the effects of dietary fiber polysaccharides on the human gut microbiome and plasma proteome","ena-STUDY-WASHINGTON UNIVERSITY CENTER FOR GENOME SCIENCES-30-03-2021-04:15:02:361-407","webin-reads-TP01-01_Week3_Study1PeaFiber","webin-reads-TP01-01_Week3_Study1PeaFiber","650210900;668541786","be77f0ac5a597747bae27bb3c301d624;46871dd6d7182db1e1259c576c0b390a","ftp.sra.ebi.ac.uk/vol1/fastq/ERR595/000/ERR5956520/ERR5956520_1.fastq.gz;ftp.sra.ebi.ac.uk/vol1/fastq/ERR595/000/ERR5956520/ERR5956520_2.fastq.gz","fasp.sra.ebi.ac.uk:/vol1/fastq/ERR595/000/ERR5956520/ERR5956520_1.fastq.gz;fasp.sra.ebi.ac.uk:/vol1/fastq/ERR595/000/ERR5956520/ERR5956520_2.fastq.gz","ftp.sra.ebi.ac.uk/vol1/fastq/ERR595/000/ERR5956520/ERR5956520_1.fastq.gz;ftp.sra.ebi.ac.uk/vol1/fastq/ERR595/000/ERR5956520/ERR5956520_2.fastq.gz","627505300;645564251","13d44ccc677a241ee810aef92bea84d6;b814170dbe4700c30578d9dc066ee491","ftp.sra.ebi.ac.uk/vol1/run/ERR595/ERR5956520/TP01-01_TS1_Wk3_HF_CAT_R1.fq.gz;ftp.sra.ebi.ac.uk/vol1/run/ERR595/ERR5956520/TP01-01_TS1_Wk3_HF_CAT_R2.fq.gz","fasp.sra.ebi.ac.uk:/vol1/run/ERR595/ERR5956520/TP01-01_TS1_Wk3_HF_CAT_R1.fq.gz;fasp.sra.ebi.ac.uk:/vol1/run/ERR595/ERR5956520/TP01-01_TS1_Wk3_HF_CAT_R2.fq.gz","ftp.sra.ebi.ac.uk/vol1/run/ERR595/ERR5956520/TP01-01_TS1_Wk3_HF_CAT_R1.fq.gz;ftp.sra.ebi.ac.uk/vol1/run/ERR595/ERR5956520/TP01-01_TS1_Wk3_HF_CAT_R2.fq.gz","FASTQ;FASTQ",NA,NA,NA,NA,NA,"TP01-01_Week3_Study1PeaFiber",NA,"TP01-01","3","Study1PeaFiber",NA,"2021-05-21","ftp.sra.ebi.ac.uk/vol1/err/ERR595/000/ERR5956520.bam",1313343120,"dde4517c3f048a0f802c49d166748d93"
"6","ERR5956522","ERP128019","SAMEA8793738","ERS6478088","ERX5597043","PRJEB44020","ERA4412173",256318,"metagenome","ILLUMINA","unspecified",NA,NA,"PAIRED","OTHER","METAGENOMIC","RANDOM",15941452,2002494336,"WASHINGTON UNIVERSITY CENTER FOR GENOME SCIENCES","2022-04-13","2022-04-13","unspecified sequencing: Raw reads: TP01-01_Week4_Study1PeaFiber","An approach for evaluating the effects of dietary fiber polysaccharides on the human gut microbiome and plasma proteome","ena-STUDY-WASHINGTON UNIVERSITY CENTER FOR GENOME SCIENCES-30-03-2021-04:15:02:361-407","webin-reads-TP01-01_Week4_Study1PeaFiber","webin-reads-TP01-01_Week4_Study1PeaFiber","608667939;625660904","5869da2cb0fca0485b4412e9f761dcc6;55ad49b1030945ef8b7fc0501a44a78f","ftp.sra.ebi.ac.uk/vol1/fastq/ERR595/002/ERR5956522/ERR5956522_1.fastq.gz;ftp.sra.ebi.ac.uk/vol1/fastq/ERR595/002/ERR5956522/ERR5956522_2.fastq.gz","fasp.sra.ebi.ac.uk:/vol1/fastq/ERR595/002/ERR5956522/ERR5956522_1.fastq.gz;fasp.sra.ebi.ac.uk:/vol1/fastq/ERR595/002/ERR5956522/ERR5956522_2.fastq.gz","ftp.sra.ebi.ac.uk/vol1/fastq/ERR595/002/ERR5956522/ERR5956522_1.fastq.gz;ftp.sra.ebi.ac.uk/vol1/fastq/ERR595/002/ERR5956522/ERR5956522_2.fastq.gz","586780029;603552256","a258ae66d11fd72d40a49a69a0b73fe4;4c9b1a80040cc33038450619d0444e3f","ftp.sra.ebi.ac.uk/vol1/run/ERR595/ERR5956522/TP01-01_TS1_Wk4_HF_CAT_R1.fq.gz;ftp.sra.ebi.ac.uk/vol1/run/ERR595/ERR5956522/TP01-01_TS1_Wk4_HF_CAT_R2.fq.gz","fasp.sra.ebi.ac.uk:/vol1/run/ERR595/ERR5956522/TP01-01_TS1_Wk4_HF_CAT_R1.fq.gz;fasp.sra.ebi.ac.uk:/vol1/run/ERR595/ERR5956522/TP01-01_TS1_Wk4_HF_CAT_R2.fq.gz","ftp.sra.ebi.ac.uk/vol1/run/ERR595/ERR5956522/TP01-01_TS1_Wk4_HF_CAT_R1.fq.gz;ftp.sra.ebi.ac.uk/vol1/run/ERR595/ERR5956522/TP01-01_TS1_Wk4_HF_CAT_R2.fq.gz","FASTQ;FASTQ",NA,NA,NA,NA,NA,"TP01-01_Week4_Study1PeaFiber",NA,"TP01-01","4","Study1PeaFiber",NA,"2021-05-21","ftp.sra.ebi.ac.uk/vol1/err/ERR595/002/ERR5956522.bam",1227886270,"ecda8749a0f3e9f3ae9f6b46917ca9d1"
"7","ERR5956525","ERP128019","SAMEA8793739","ERS6478089","ERX5597046","PRJEB44020","ERA4412176",256318,"metagenome","ILLUMINA","unspecified",NA,NA,"PAIRED","OTHER","METAGENOMIC","RANDOM",16815064,2051952104,"WASHINGTON UNIVERSITY CENTER FOR GENOME SCIENCES","2022-04-13","2022-04-13","unspecified sequencing: Raw reads: TP01-01_Week5_Study1PeaFiber","An approach for evaluating the effects of dietary fiber polysaccharides on the human gut microbiome and plasma proteome","ena-STUDY-WASHINGTON UNIVERSITY CENTER FOR GENOME SCIENCES-30-03-2021-04:15:02:361-407","webin-reads-TP01-01_Week5_Study1PeaFiber","webin-reads-TP01-01_Week5_Study1PeaFiber","661412312;732768986","9c9219341db00ed9f560bcc281fa24fa;b9437ff713234d4e426341f020348bed","ftp.sra.ebi.ac.uk/vol1/fastq/ERR595/005/ERR5956525/ERR5956525_1.fastq.gz;ftp.sra.ebi.ac.uk/vol1/fastq/ERR595/005/ERR5956525/ERR5956525_2.fastq.gz","fasp.sra.ebi.ac.uk:/vol1/fastq/ERR595/005/ERR5956525/ERR5956525_1.fastq.gz;fasp.sra.ebi.ac.uk:/vol1/fastq/ERR595/005/ERR5956525/ERR5956525_2.fastq.gz","ftp.sra.ebi.ac.uk/vol1/fastq/ERR595/005/ERR5956525/ERR5956525_1.fastq.gz;ftp.sra.ebi.ac.uk/vol1/fastq/ERR595/005/ERR5956525/ERR5956525_2.fastq.gz","638761230;709301301","06f5728f3f5517cb63c9388012a4f011;2953048eb078387d62ebea0cd8fa4cc1","ftp.sra.ebi.ac.uk/vol1/run/ERR595/ERR5956525/TP01-01_TS1_Wk5_HF_CAT_R1.fq.gz;ftp.sra.ebi.ac.uk/vol1/run/ERR595/ERR5956525/TP01-01_TS1_Wk5_HF_CAT_R2.fq.gz","fasp.sra.ebi.ac.uk:/vol1/run/ERR595/ERR5956525/TP01-01_TS1_Wk5_HF_CAT_R1.fq.gz;fasp.sra.ebi.ac.uk:/vol1/run/ERR595/ERR5956525/TP01-01_TS1_Wk5_HF_CAT_R2.fq.gz","ftp.sra.ebi.ac.uk/vol1/run/ERR595/ERR5956525/TP01-01_TS1_Wk5_HF_CAT_R1.fq.gz;ftp.sra.ebi.ac.uk/vol1/run/ERR595/ERR5956525/TP01-01_TS1_Wk5_HF_CAT_R2.fq.gz","FASTQ;FASTQ",NA,NA,NA,NA,NA,"TP01-01_Week5_Study1PeaFiber",NA,"TP01-01","5","Study1PeaFiber",NA,"2021-05-21","ftp.sra.ebi.ac.uk/vol1/err/ERR595/005/ERR5956525.bam",1417124315,"9331e37707120be2d0191765ddeedf2b"
"8","ERR5956716","ERP128019","SAMEA8793867","ERS6478217","ERX5597237","PRJEB44020","ERA4412394",256318,"metagenome","ILLUMINA","unspecified",NA,NA,"PAIRED","OTHER","METAGENOMIC","RANDOM",19625290,2510155496,"WASHINGTON UNIVERSITY CENTER FOR GENOME SCIENCES","2022-04-13","2022-04-13","unspecified sequencing: Raw reads: TP01-01_Week5_Study2OrangeFiber","An approach for evaluating the effects of dietary fiber polysaccharides on the human gut microbiome and plasma proteome","ena-STUDY-WASHINGTON UNIVERSITY CENTER FOR GENOME SCIENCES-30-03-2021-04:15:02:361-407","webin-reads-TP01-01_Week5_Study2OrangeFiber","webin-reads-TP01-01_Week5_Study2OrangeFiber","766104354;879557332","d99fddbe90cccc025f7ee209f5962bb1;0d2f8bdfe506c8275b65f8d62cd62b9c","ftp.sra.ebi.ac.uk/vol1/fastq/ERR595/006/ERR5956716/ERR5956716_1.fastq.gz;ftp.sra.ebi.ac.uk/vol1/fastq/ERR595/006/ERR5956716/ERR5956716_2.fastq.gz","fasp.sra.ebi.ac.uk:/vol1/fastq/ERR595/006/ERR5956716/ERR5956716_1.fastq.gz;fasp.sra.ebi.ac.uk:/vol1/fastq/ERR595/006/ERR5956716/ERR5956716_2.fastq.gz","ftp.sra.ebi.ac.uk/vol1/fastq/ERR595/006/ERR5956716/ERR5956716_1.fastq.gz;ftp.sra.ebi.ac.uk/vol1/fastq/ERR595/006/ERR5956716/ERR5956716_2.fastq.gz","732163356;846205501","9153be02e8cbdea01fc7d094ffbfaba1;5a8874d4272ba66fe8e7725dfddcc7c1","ftp.sra.ebi.ac.uk/vol1/run/ERR595/ERR5956716/TP01-01_TS2_Wk5_HF_CAT_R1.fq.gz;ftp.sra.ebi.ac.uk/vol1/run/ERR595/ERR5956716/TP01-01_TS2_Wk5_HF_CAT_R2.fq.gz","fasp.sra.ebi.ac.uk:/vol1/run/ERR595/ERR5956716/TP01-01_TS2_Wk5_HF_CAT_R1.fq.gz;fasp.sra.ebi.ac.uk:/vol1/run/ERR595/ERR5956716/TP01-01_TS2_Wk5_HF_CAT_R2.fq.gz","ftp.sra.ebi.ac.uk/vol1/run/ERR595/ERR5956716/TP01-01_TS2_Wk5_HF_CAT_R1.fq.gz;ftp.sra.ebi.ac.uk/vol1/run/ERR595/ERR5956716/TP01-01_TS2_Wk5_HF_CAT_R2.fq.gz","FASTQ;FASTQ",NA,NA,NA,NA,NA,"TP01-01_Week5_Study2OrangeFiber",NA,"TP01-01","5","Study2OrangeFiber",NA,"2021-05-22","ftp.sra.ebi.ac.uk/vol1/err/ERR595/006/ERR5956716.bam",1656774467,"3ada60d04cb59661b521227840e1a416"
"9","ERR5956717","ERP128019","SAMEA8793868","ERS6478218","ERX5597238","PRJEB44020","ERA4412395",256318,"metagenome","ILLUMINA","unspecified",NA,NA,"PAIRED","OTHER","METAGENOMIC","RANDOM",19883196,2531383673,"WASHINGTON UNIVERSITY CENTER FOR GENOME SCIENCES","2022-04-13","2022-04-13","unspecified sequencing: Raw reads: TP01-01_Week8_Study2OrangeFiber","An approach for evaluating the effects of dietary fiber polysaccharides on the human gut microbiome and plasma proteome","ena-STUDY-WASHINGTON UNIVERSITY CENTER FOR GENOME SCIENCES-30-03-2021-04:15:02:361-407","webin-reads-TP01-01_Week8_Study2OrangeFiber","webin-reads-TP01-01_Week8_Study2OrangeFiber","769598027;890194570","d16dcbe34ff2b965289ddd0532c01f74;68baad1fa7bdbff3e2704135788411ab","ftp.sra.ebi.ac.uk/vol1/fastq/ERR595/007/ERR5956717/ERR5956717_1.fastq.gz;ftp.sra.ebi.ac.uk/vol1/fastq/ERR595/007/ERR5956717/ERR5956717_2.fastq.gz","fasp.sra.ebi.ac.uk:/vol1/fastq/ERR595/007/ERR5956717/ERR5956717_1.fastq.gz;fasp.sra.ebi.ac.uk:/vol1/fastq/ERR595/007/ERR5956717/ERR5956717_2.fastq.gz","ftp.sra.ebi.ac.uk/vol1/fastq/ERR595/007/ERR5956717/ERR5956717_1.fastq.gz;ftp.sra.ebi.ac.uk/vol1/fastq/ERR595/007/ERR5956717/ERR5956717_2.fastq.gz","735469438;856602551","be6f04cb4764ba1136fa992cd3b132fe;1e18dbb19ca669203021268f201e4c38","ftp.sra.ebi.ac.uk/vol1/run/ERR595/ERR5956717/TP01-01_TS2_Wk8_HF_CAT_R1.fq.gz;ftp.sra.ebi.ac.uk/vol1/run/ERR595/ERR5956717/TP01-01_TS2_Wk8_HF_CAT_R2.fq.gz","fasp.sra.ebi.ac.uk:/vol1/run/ERR595/ERR5956717/TP01-01_TS2_Wk8_HF_CAT_R1.fq.gz;fasp.sra.ebi.ac.uk:/vol1/run/ERR595/ERR5956717/TP01-01_TS2_Wk8_HF_CAT_R2.fq.gz","ftp.sra.ebi.ac.uk/vol1/run/ERR595/ERR5956717/TP01-01_TS2_Wk8_HF_CAT_R1.fq.gz;ftp.sra.ebi.ac.uk/vol1/run/ERR595/ERR5956717/TP01-01_TS2_Wk8_HF_CAT_R2.fq.gz","FASTQ;FASTQ",NA,NA,NA,NA,NA,"TP01-01_Week8_Study2OrangeFiber",NA,"TP01-01","8","Study2OrangeFiber",NA,"2021-05-22","ftp.sra.ebi.ac.uk/vol1/err/ERR595/007/ERR5956717.bam",1671802229,"9a7b4f1ab48df0c55d83f816adae51e0"
"10","ERR5956527","ERP128019","SAMEA8793740","ERS6478090","ERX5597048","PRJEB44020","ERA4412179",256318,"metagenome","ILLUMINA","unspecified",NA,NA,"PAIRED","OTHER","METAGENOMIC","RANDOM",15977470,1971361244,"WASHINGTON UNIVERSITY CENTER FOR GENOME SCIENCES","2022-04-13","2022-04-13","unspecified sequencing: Raw reads: TP01-01_Week8_Study1PeaFiber","An approach for evaluating the effects of dietary fiber polysaccharides on the human gut microbiome and plasma proteome","ena-STUDY-WASHINGTON UNIVERSITY CENTER FOR GENOME SCIENCES-30-03-2021-04:15:02:361-407","webin-reads-TP01-01_Week8_Study1PeaFiber","webin-reads-TP01-01_Week8_Study1PeaFiber","598990293;614627759","7b0c215e11ec83530d157814aa199802;99c9e1b90144597626b96f45021d851a","ftp.sra.ebi.ac.uk/vol1/fastq/ERR595/007/ERR5956527/ERR5956527_1.fastq.gz;ftp.sra.ebi.ac.uk/vol1/fastq/ERR595/007/ERR5956527/ERR5956527_2.fastq.gz","fasp.sra.ebi.ac.uk:/vol1/fastq/ERR595/007/ERR5956527/ERR5956527_1.fastq.gz;fasp.sra.ebi.ac.uk:/vol1/fastq/ERR595/007/ERR5956527/ERR5956527_2.fastq.gz","ftp.sra.ebi.ac.uk/vol1/fastq/ERR595/007/ERR5956527/ERR5956527_1.fastq.gz;ftp.sra.ebi.ac.uk/vol1/fastq/ERR595/007/ERR5956527/ERR5956527_2.fastq.gz","576893627;592318176","4ad4a49733296c28f8b500cf0c02297e;10cb14f4371e5dc1d13e40d54780cc7c","ftp.sra.ebi.ac.uk/vol1/run/ERR595/ERR5956527/TP01-01_TS1_Wk8_HF_CAT_R1.fq.gz;ftp.sra.ebi.ac.uk/vol1/run/ERR595/ERR5956527/TP01-01_TS1_Wk8_HF_CAT_R2.fq.gz","fasp.sra.ebi.ac.uk:/vol1/run/ERR595/ERR5956527/TP01-01_TS1_Wk8_HF_CAT_R1.fq.gz;fasp.sra.ebi.ac.uk:/vol1/run/ERR595/ERR5956527/TP01-01_TS1_Wk8_HF_CAT_R2.fq.gz","ftp.sra.ebi.ac.uk/vol1/run/ERR595/ERR5956527/TP01-01_TS1_Wk8_HF_CAT_R1.fq.gz;ftp.sra.ebi.ac.uk/vol1/run/ERR595/ERR5956527/TP01-01_TS1_Wk8_HF_CAT_R2.fq.gz","FASTQ;FASTQ",NA,NA,NA,NA,NA,"TP01-01_Week8_Study1PeaFiber",NA,"TP01-01","8","Study1PeaFiber",NA,"2021-05-21","ftp.sra.ebi.ac.uk/vol1/err/ERR595/007/ERR5956527.bam",1207705629,"26d00c5ccf54ac56b624e1ba6ab45c6d"
"11","ERR5956536","ERP128019","SAMEA8793741","ERS6478091","ERX5597057","PRJEB44020","ERA4412204",256318,"metagenome","ILLUMINA","unspecified",NA,NA,"PAIRED","OTHER","METAGENOMIC","RANDOM",15876694,1942427627,"WASHINGTON UNIVERSITY CENTER FOR GENOME SCIENCES","2022-04-13","2022-04-13","unspecified sequencing: Raw reads: TP01-01_Week9_Study1PeaFiber","An approach for evaluating the effects of dietary fiber polysaccharides on the human gut microbiome and plasma proteome","ena-STUDY-WASHINGTON UNIVERSITY CENTER FOR GENOME SCIENCES-30-03-2021-04:15:02:361-407","webin-reads-TP01-01_Week9_Study1PeaFiber","webin-reads-TP01-01_Week9_Study1PeaFiber","600587419;615599030","97752d089478fd1af0c2e456947f17fc;779109e11f2326d83fba2bd9951b4d13","ftp.sra.ebi.ac.uk/vol1/fastq/ERR595/006/ERR5956536/ERR5956536_1.fastq.gz;ftp.sra.ebi.ac.uk/vol1/fastq/ERR595/006/ERR5956536/ERR5956536_2.fastq.gz","fasp.sra.ebi.ac.uk:/vol1/fastq/ERR595/006/ERR5956536/ERR5956536_1.fastq.gz;fasp.sra.ebi.ac.uk:/vol1/fastq/ERR595/006/ERR5956536/ERR5956536_2.fastq.gz","ftp.sra.ebi.ac.uk/vol1/fastq/ERR595/006/ERR5956536/ERR5956536_1.fastq.gz;ftp.sra.ebi.ac.uk/vol1/fastq/ERR595/006/ERR5956536/ERR5956536_2.fastq.gz","578769377;593536989","e2fb0199b3a0d3a3c8f4ab180a1f2518;bd632289ef4a5e026d9340476f12bff7","ftp.sra.ebi.ac.uk/vol1/run/ERR595/ERR5956536/TP01-01_TS1_Wk9_HF_CAT_R1.fq.gz;ftp.sra.ebi.ac.uk/vol1/run/ERR595/ERR5956536/TP01-01_TS1_Wk9_HF_CAT_R2.fq.gz","fasp.sra.ebi.ac.uk:/vol1/run/ERR595/ERR5956536/TP01-01_TS1_Wk9_HF_CAT_R1.fq.gz;fasp.sra.ebi.ac.uk:/vol1/run/ERR595/ERR5956536/TP01-01_TS1_Wk9_HF_CAT_R2.fq.gz","ftp.sra.ebi.ac.uk/vol1/run/ERR595/ERR5956536/TP01-01_TS1_Wk9_HF_CAT_R1.fq.gz;ftp.sra.ebi.ac.uk/vol1/run/ERR595/ERR5956536/TP01-01_TS1_Wk9_HF_CAT_R2.fq.gz","FASTQ;FASTQ",NA,NA,NA,NA,NA,"TP01-01_Week9_Study1PeaFiber",NA,"TP01-01","9","Study1PeaFiber",NA,"2021-05-21","ftp.sra.ebi.ac.uk/vol1/err/ERR595/006/ERR5956536.bam",1213166980,"8838fa9fc7a37351013ba760196abb63"
"12","ERR5956561","ERP128019","SAMEA8793742","ERS6478092","ERX5597082","PRJEB44020","ERA4412232",256318,"metagenome","ILLUMINA","unspecified",NA,NA,"PAIRED","OTHER","METAGENOMIC","RANDOM",17192498,2093764924,"WASHINGTON UNIVERSITY CENTER FOR GENOME SCIENCES","2022-04-13","2022-04-13","unspecified sequencing: Raw reads: TP01-02_Week1_Study1PeaFiber","An approach for evaluating the effects of dietary fiber polysaccharides on the human gut microbiome and plasma proteome","ena-STUDY-WASHINGTON UNIVERSITY CENTER FOR GENOME SCIENCES-30-03-2021-04:15:02:361-407","webin-reads-TP01-02_Week1_Study1PeaFiber","webin-reads-TP01-02_Week1_Study1PeaFiber","629488078;661631061","e7df9d2c82f190c2d8eb6c33e0c834b6;3aa0958e4d71122e90d862df8db35a5c","ftp.sra.ebi.ac.uk/vol1/fastq/ERR595/001/ERR5956561/ERR5956561_1.fastq.gz;ftp.sra.ebi.ac.uk/vol1/fastq/ERR595/001/ERR5956561/ERR5956561_2.fastq.gz","fasp.sra.ebi.ac.uk:/vol1/fastq/ERR595/001/ERR5956561/ERR5956561_1.fastq.gz;fasp.sra.ebi.ac.uk:/vol1/fastq/ERR595/001/ERR5956561/ERR5956561_2.fastq.gz","ftp.sra.ebi.ac.uk/vol1/fastq/ERR595/001/ERR5956561/ERR5956561_1.fastq.gz;ftp.sra.ebi.ac.uk/vol1/fastq/ERR595/001/ERR5956561/ERR5956561_2.fastq.gz","605907098;637787882","fad1d80139d9f47154ce92c18062d001;6df13ff48afb9ba29d088a00092ac1ac","ftp.sra.ebi.ac.uk/vol1/run/ERR595/ERR5956561/TP01-02_TS1_Wk1_HF_CAT_R1.fq.gz;ftp.sra.ebi.ac.uk/vol1/run/ERR595/ERR5956561/TP01-02_TS1_Wk1_HF_CAT_R2.fq.gz","fasp.sra.ebi.ac.uk:/vol1/run/ERR595/ERR5956561/TP01-02_TS1_Wk1_HF_CAT_R1.fq.gz;fasp.sra.ebi.ac.uk:/vol1/run/ERR595/ERR5956561/TP01-02_TS1_Wk1_HF_CAT_R2.fq.gz","ftp.sra.ebi.ac.uk/vol1/run/ERR595/ERR5956561/TP01-02_TS1_Wk1_HF_CAT_R1.fq.gz;ftp.sra.ebi.ac.uk/vol1/run/ERR595/ERR5956561/TP01-02_TS1_Wk1_HF_CAT_R2.fq.gz","FASTQ;FASTQ",NA,NA,NA,NA,NA,"TP01-02_Week1_Study1PeaFiber",NA,"TP01-02","1","Study1PeaFiber",NA,"2021-05-21","ftp.sra.ebi.ac.uk/vol1/err/ERR595/001/ERR5956561.bam",1284025275,"d073c6eb196c74efae9c56efc6096806"
"13","ERR5956718","ERP128019","SAMEA8793869","ERS6478219","ERX5597239","PRJEB44020","ERA4412396",256318,"metagenome","ILLUMINA","unspecified",NA,NA,"PAIRED","OTHER","METAGENOMIC","RANDOM",20246296,2654671957,"WASHINGTON UNIVERSITY CENTER FOR GENOME SCIENCES","2022-04-13","2022-04-13","unspecified sequencing: Raw reads: TP01-02_Week1_Study2OrangeFiber","An approach for evaluating the effects of dietary fiber polysaccharides on the human gut microbiome and plasma proteome","ena-STUDY-WASHINGTON UNIVERSITY CENTER FOR GENOME SCIENCES-30-03-2021-04:15:02:361-407","webin-reads-TP01-02_Week1_Study2OrangeFiber","webin-reads-TP01-02_Week1_Study2OrangeFiber","806556753;924524560","1ee93c4b34da07ef57a1cbc4b48231ad;5967ca94431d904e86c2f02a679e6cbe","ftp.sra.ebi.ac.uk/vol1/fastq/ERR595/008/ERR5956718/ERR5956718_1.fastq.gz;ftp.sra.ebi.ac.uk/vol1/fastq/ERR595/008/ERR5956718/ERR5956718_2.fastq.gz","fasp.sra.ebi.ac.uk:/vol1/fastq/ERR595/008/ERR5956718/ERR5956718_1.fastq.gz;fasp.sra.ebi.ac.uk:/vol1/fastq/ERR595/008/ERR5956718/ERR5956718_2.fastq.gz","ftp.sra.ebi.ac.uk/vol1/fastq/ERR595/008/ERR5956718/ERR5956718_1.fastq.gz;ftp.sra.ebi.ac.uk/vol1/fastq/ERR595/008/ERR5956718/ERR5956718_2.fastq.gz","771157407;889566946","6d4cdfe81f2478580740b2bbc98bd9e2;569991314940c2eea49ce01257c19240","ftp.sra.ebi.ac.uk/vol1/run/ERR595/ERR5956718/TP01-02_TS2_Wk1_HF_CAT_R1.fq.gz;ftp.sra.ebi.ac.uk/vol1/run/ERR595/ERR5956718/TP01-02_TS2_Wk1_HF_CAT_R2.fq.gz","fasp.sra.ebi.ac.uk:/vol1/run/ERR595/ERR5956718/TP01-02_TS2_Wk1_HF_CAT_R1.fq.gz;fasp.sra.ebi.ac.uk:/vol1/run/ERR595/ERR5956718/TP01-02_TS2_Wk1_HF_CAT_R2.fq.gz","ftp.sra.ebi.ac.uk/vol1/run/ERR595/ERR5956718/TP01-02_TS2_Wk1_HF_CAT_R1.fq.gz;ftp.sra.ebi.ac.uk/vol1/run/ERR595/ERR5956718/TP01-02_TS2_Wk1_HF_CAT_R2.fq.gz","FASTQ;FASTQ",NA,NA,NA,NA,NA,"TP01-02_Week1_Study2OrangeFiber",NA,"TP01-02","1","Study2OrangeFiber",NA,"2021-05-22","ftp.sra.ebi.ac.uk/vol1/err/ERR595/008/ERR5956718.bam",1739575388,"e893f468adc26a58026ed288dbf12745"
"14","ERR5956562","ERP128019","SAMEA8793743","ERS6478093","ERX5597083","PRJEB44020","ERA4412233",256318,"metagenome","ILLUMINA","unspecified",NA,NA,"PAIRED","OTHER","METAGENOMIC","RANDOM",16729912,2053467274,"WASHINGTON UNIVERSITY CENTER FOR GENOME SCIENCES","2022-04-13","2022-04-13","unspecified sequencing: Raw reads: TP01-02_Week2_Study1PeaFiber","An approach for evaluating the effects of dietary fiber polysaccharides on the human gut microbiome and plasma proteome","ena-STUDY-WASHINGTON UNIVERSITY CENTER FOR GENOME SCIENCES-30-03-2021-04:15:02:361-407","webin-reads-TP01-02_Week2_Study1PeaFiber","webin-reads-TP01-02_Week2_Study1PeaFiber","625800922;642210945","17cb5a148f9d72f1ba1607484b529a7c;2b389bc37ccfe8b2b54d9127a8dedcf2","ftp.sra.ebi.ac.uk/vol1/fastq/ERR595/002/ERR5956562/ERR5956562_1.fastq.gz;ftp.sra.ebi.ac.uk/vol1/fastq/ERR595/002/ERR5956562/ERR5956562_2.fastq.gz","fasp.sra.ebi.ac.uk:/vol1/fastq/ERR595/002/ERR5956562/ERR5956562_1.fastq.gz;fasp.sra.ebi.ac.uk:/vol1/fastq/ERR595/002/ERR5956562/ERR5956562_2.fastq.gz","ftp.sra.ebi.ac.uk/vol1/fastq/ERR595/002/ERR5956562/ERR5956562_1.fastq.gz;ftp.sra.ebi.ac.uk/vol1/fastq/ERR595/002/ERR5956562/ERR5956562_2.fastq.gz","602879806;619001583","fc546f6916a207be12fa94564fa54ffd;f330456f02274e52d822b0807cb1bda8","ftp.sra.ebi.ac.uk/vol1/run/ERR595/ERR5956562/TP01-02_TS1_Wk2_HF_CAT_R1.fq.gz;ftp.sra.ebi.ac.uk/vol1/run/ERR595/ERR5956562/TP01-02_TS1_Wk2_HF_CAT_R2.fq.gz","fasp.sra.ebi.ac.uk:/vol1/run/ERR595/ERR5956562/TP01-02_TS1_Wk2_HF_CAT_R1.fq.gz;fasp.sra.ebi.ac.uk:/vol1/run/ERR595/ERR5956562/TP01-02_TS1_Wk2_HF_CAT_R2.fq.gz","ftp.sra.ebi.ac.uk/vol1/run/ERR595/ERR5956562/TP01-02_TS1_Wk2_HF_CAT_R1.fq.gz;ftp.sra.ebi.ac.uk/vol1/run/ERR595/ERR5956562/TP01-02_TS1_Wk2_HF_CAT_R2.fq.gz","FASTQ;FASTQ",NA,NA,NA,NA,NA,"TP01-02_Week2_Study1PeaFiber",NA,"TP01-02","2","Study1PeaFiber",NA,"2021-05-21","ftp.sra.ebi.ac.uk/vol1/err/ERR595/002/ERR5956562.bam",1262899106,"0f09ef86c4f123d1fb1c45ee606de291"
"15","ERR5956719","ERP128019","SAMEA8793870","ERS6478220","ERX5597240","PRJEB44020","ERA4412397",256318,"metagenome","ILLUMINA","unspecified",NA,NA,"PAIRED","OTHER","METAGENOMIC","RANDOM",20292944,2575019241,"WASHINGTON UNIVERSITY CENTER FOR GENOME SCIENCES","2022-04-13","2022-04-13","unspecified sequencing: Raw reads: TP01-02_Week2_Study2OrangeFiber","An approach for evaluating the effects of dietary fiber polysaccharides on the human gut microbiome and plasma proteome","ena-STUDY-WASHINGTON UNIVERSITY CENTER FOR GENOME SCIENCES-30-03-2021-04:15:02:361-407","webin-reads-TP01-02_Week2_Study2OrangeFiber","webin-reads-TP01-02_Week2_Study2OrangeFiber","783177342;901297786","c45137ab0c02b0afbb22e739128481dc;a5a6169f57c54eab121185662ee4a752","ftp.sra.ebi.ac.uk/vol1/fastq/ERR595/009/ERR5956719/ERR5956719_1.fastq.gz;ftp.sra.ebi.ac.uk/vol1/fastq/ERR595/009/ERR5956719/ERR5956719_2.fastq.gz","fasp.sra.ebi.ac.uk:/vol1/fastq/ERR595/009/ERR5956719/ERR5956719_1.fastq.gz;fasp.sra.ebi.ac.uk:/vol1/fastq/ERR595/009/ERR5956719/ERR5956719_2.fastq.gz","ftp.sra.ebi.ac.uk/vol1/fastq/ERR595/009/ERR5956719/ERR5956719_1.fastq.gz;ftp.sra.ebi.ac.uk/vol1/fastq/ERR595/009/ERR5956719/ERR5956719_2.fastq.gz","749182503;867771353","114ef91b100c0efa9ab64bd630935de1;ed6b7faa46872d6f6f13d1b23cf84aa1","ftp.sra.ebi.ac.uk/vol1/run/ERR595/ERR5956719/TP01-02_TS2_Wk2_HF_CAT_R1.fq.gz;ftp.sra.ebi.ac.uk/vol1/run/ERR595/ERR5956719/TP01-02_TS2_Wk2_HF_CAT_R2.fq.gz","fasp.sra.ebi.ac.uk:/vol1/run/ERR595/ERR5956719/TP01-02_TS2_Wk2_HF_CAT_R1.fq.gz;fasp.sra.ebi.ac.uk:/vol1/run/ERR595/ERR5956719/TP01-02_TS2_Wk2_HF_CAT_R2.fq.gz","ftp.sra.ebi.ac.uk/vol1/run/ERR595/ERR5956719/TP01-02_TS2_Wk2_HF_CAT_R1.fq.gz;ftp.sra.ebi.ac.uk/vol1/run/ERR595/ERR5956719/TP01-02_TS2_Wk2_HF_CAT_R2.fq.gz","FASTQ;FASTQ",NA,NA,NA,NA,NA,"TP01-02_Week2_Study2OrangeFiber",NA,"TP01-02","2","Study2OrangeFiber",NA,"2021-05-22","ftp.sra.ebi.ac.uk/vol1/err/ERR595/009/ERR5956719.bam",1695161128,"fc9b9f3142cfdfed3da6404b0e6adf1e"
"16","ERR5956563","ERP128019","SAMEA8793744","ERS6478094","ERX5597084","PRJEB44020","ERA4412234",256318,"metagenome","ILLUMINA","unspecified",NA,NA,"PAIRED","OTHER","METAGENOMIC","RANDOM",16475310,1985201204,"WASHINGTON UNIVERSITY CENTER FOR GENOME SCIENCES","2022-04-13","2022-04-13","unspecified sequencing: Raw reads: TP01-02_Week3_Study1PeaFiber","An approach for evaluating the effects of dietary fiber polysaccharides on the human gut microbiome and plasma proteome","ena-STUDY-WASHINGTON UNIVERSITY CENTER FOR GENOME SCIENCES-30-03-2021-04:15:02:361-407","webin-reads-TP01-02_Week3_Study1PeaFiber","webin-reads-TP01-02_Week3_Study1PeaFiber","604768170;619767919","251500e2ad0e372d79a9e62aafacfb66;f258e5f33adffad8090eea9e752cf764","ftp.sra.ebi.ac.uk/vol1/fastq/ERR595/003/ERR5956563/ERR5956563_1.fastq.gz;ftp.sra.ebi.ac.uk/vol1/fastq/ERR595/003/ERR5956563/ERR5956563_2.fastq.gz","fasp.sra.ebi.ac.uk:/vol1/fastq/ERR595/003/ERR5956563/ERR5956563_1.fastq.gz;fasp.sra.ebi.ac.uk:/vol1/fastq/ERR595/003/ERR5956563/ERR5956563_2.fastq.gz","ftp.sra.ebi.ac.uk/vol1/fastq/ERR595/003/ERR5956563/ERR5956563_1.fastq.gz;ftp.sra.ebi.ac.uk/vol1/fastq/ERR595/003/ERR5956563/ERR5956563_2.fastq.gz","582037285;596797913","13cb6e79d0f4c309879723099d593951;60ee395d9150686fde7587aa5d099e52","ftp.sra.ebi.ac.uk/vol1/run/ERR595/ERR5956563/TP01-02_TS1_Wk3_HF_CAT_R1.fq.gz;ftp.sra.ebi.ac.uk/vol1/run/ERR595/ERR5956563/TP01-02_TS1_Wk3_HF_CAT_R2.fq.gz","fasp.sra.ebi.ac.uk:/vol1/run/ERR595/ERR5956563/TP01-02_TS1_Wk3_HF_CAT_R1.fq.gz;fasp.sra.ebi.ac.uk:/vol1/run/ERR595/ERR5956563/TP01-02_TS1_Wk3_HF_CAT_R2.fq.gz","ftp.sra.ebi.ac.uk/vol1/run/ERR595/ERR5956563/TP01-02_TS1_Wk3_HF_CAT_R1.fq.gz;ftp.sra.ebi.ac.uk/vol1/run/ERR595/ERR5956563/TP01-02_TS1_Wk3_HF_CAT_R2.fq.gz","FASTQ;FASTQ",NA,NA,NA,NA,NA,"TP01-02_Week3_Study1PeaFiber",NA,"TP01-02","3","Study1PeaFiber",NA,"2021-05-21","ftp.sra.ebi.ac.uk/vol1/err/ERR595/003/ERR5956563.bam",1219554323,"bac9e0f50526de55c609c16e7fc34f7e"
"17","ERR5956565","ERP128019","SAMEA8793745","ERS6478095","ERX5597086","PRJEB44020","ERA4412236",256318,"metagenome","ILLUMINA","unspecified",NA,NA,"PAIRED","OTHER","METAGENOMIC","RANDOM",15527320,1935249600,"WASHINGTON UNIVERSITY CENTER FOR GENOME SCIENCES","2022-04-13","2022-04-13","unspecified sequencing: Raw reads: TP01-02_Week4_Study1PeaFiber","An approach for evaluating the effects of dietary fiber polysaccharides on the human gut microbiome and plasma proteome","ena-STUDY-WASHINGTON UNIVERSITY CENTER FOR GENOME SCIENCES-30-03-2021-04:15:02:361-407","webin-reads-TP01-02_Week4_Study1PeaFiber","webin-reads-TP01-02_Week4_Study1PeaFiber","577002677;599077228","4fa7086eeac8271d78ae0efa2546ce61;c903aa4dab0f8ba3b8bf09ee682fc8fd","ftp.sra.ebi.ac.uk/vol1/fastq/ERR595/005/ERR5956565/ERR5956565_1.fastq.gz;ftp.sra.ebi.ac.uk/vol1/fastq/ERR595/005/ERR5956565/ERR5956565_2.fastq.gz","fasp.sra.ebi.ac.uk:/vol1/fastq/ERR595/005/ERR5956565/ERR5956565_1.fastq.gz;fasp.sra.ebi.ac.uk:/vol1/fastq/ERR595/005/ERR5956565/ERR5956565_2.fastq.gz","ftp.sra.ebi.ac.uk/vol1/fastq/ERR595/005/ERR5956565/ERR5956565_1.fastq.gz;ftp.sra.ebi.ac.uk/vol1/fastq/ERR595/005/ERR5956565/ERR5956565_2.fastq.gz","555839959;577704721","2d3f330546ff29b72e6c93d9e3b7568e;36c3db1a714777a79d7e4d499bd57780","ftp.sra.ebi.ac.uk/vol1/run/ERR595/ERR5956565/TP01-02_TS1_Wk4_HF_CAT_R1.fq.gz;ftp.sra.ebi.ac.uk/vol1/run/ERR595/ERR5956565/TP01-02_TS1_Wk4_HF_CAT_R2.fq.gz","fasp.sra.ebi.ac.uk:/vol1/run/ERR595/ERR5956565/TP01-02_TS1_Wk4_HF_CAT_R1.fq.gz;fasp.sra.ebi.ac.uk:/vol1/run/ERR595/ERR5956565/TP01-02_TS1_Wk4_HF_CAT_R2.fq.gz","ftp.sra.ebi.ac.uk/vol1/run/ERR595/ERR5956565/TP01-02_TS1_Wk4_HF_CAT_R1.fq.gz;ftp.sra.ebi.ac.uk/vol1/run/ERR595/ERR5956565/TP01-02_TS1_Wk4_HF_CAT_R2.fq.gz","FASTQ;FASTQ",NA,NA,NA,NA,NA,"TP01-02_Week4_Study1PeaFiber",NA,"TP01-02","4","Study1PeaFiber",NA,"2021-05-21","ftp.sra.ebi.ac.uk/vol1/err/ERR595/005/ERR5956565.bam",1166832699,"d05a43bd57234e07358bb3d24050fb44"
"18","ERR5956566","ERP128019","SAMEA8793746","ERS6478096","ERX5597087","PRJEB44020","ERA4412239",256318,"metagenome","ILLUMINA","unspecified",NA,NA,"PAIRED","OTHER","METAGENOMIC","RANDOM",16089164,2072738865,"WASHINGTON UNIVERSITY CENTER FOR GENOME SCIENCES","2022-04-13","2022-04-13","unspecified sequencing: Raw reads: TP01-02_Week5_Study1PeaFiber","An approach for evaluating the effects of dietary fiber polysaccharides on the human gut microbiome and plasma proteome","ena-STUDY-WASHINGTON UNIVERSITY CENTER FOR GENOME SCIENCES-30-03-2021-04:15:02:361-407","webin-reads-TP01-02_Week5_Study1PeaFiber","webin-reads-TP01-02_Week5_Study1PeaFiber","618577934;643884563","57d704e9ed1b317bac064090b1c96b75;8dd7e06716e4493ad63715e10ee4e7ac","ftp.sra.ebi.ac.uk/vol1/fastq/ERR595/006/ERR5956566/ERR5956566_1.fastq.gz;ftp.sra.ebi.ac.uk/vol1/fastq/ERR595/006/ERR5956566/ERR5956566_2.fastq.gz","fasp.sra.ebi.ac.uk:/vol1/fastq/ERR595/006/ERR5956566/ERR5956566_1.fastq.gz;fasp.sra.ebi.ac.uk:/vol1/fastq/ERR595/006/ERR5956566/ERR5956566_2.fastq.gz","ftp.sra.ebi.ac.uk/vol1/fastq/ERR595/006/ERR5956566/ERR5956566_1.fastq.gz;ftp.sra.ebi.ac.uk/vol1/fastq/ERR595/006/ERR5956566/ERR5956566_2.fastq.gz","596965729;622045056","6a1eaacbdff3e96d3bba56656b613418;f52bb1a22029a85001077c37588b9934","ftp.sra.ebi.ac.uk/vol1/run/ERR595/ERR5956566/TP01-02_TS1_Wk5_HF_CAT_R1.fq.gz;ftp.sra.ebi.ac.uk/vol1/run/ERR595/ERR5956566/TP01-02_TS1_Wk5_HF_CAT_R2.fq.gz","fasp.sra.ebi.ac.uk:/vol1/run/ERR595/ERR5956566/TP01-02_TS1_Wk5_HF_CAT_R1.fq.gz;fasp.sra.ebi.ac.uk:/vol1/run/ERR595/ERR5956566/TP01-02_TS1_Wk5_HF_CAT_R2.fq.gz","ftp.sra.ebi.ac.uk/vol1/run/ERR595/ERR5956566/TP01-02_TS1_Wk5_HF_CAT_R1.fq.gz;ftp.sra.ebi.ac.uk/vol1/run/ERR595/ERR5956566/TP01-02_TS1_Wk5_HF_CAT_R2.fq.gz","FASTQ;FASTQ",NA,NA,NA,NA,NA,"TP01-02_Week5_Study1PeaFiber",NA,"TP01-02","5","Study1PeaFiber",NA,"2021-05-21","ftp.sra.ebi.ac.uk/vol1/err/ERR595/006/ERR5956566.bam",1252954035,"60f75da35242aef49f3ebd6146572695"
"19","ERR5956720","ERP128019","SAMEA8793871","ERS6478221","ERX5597241","PRJEB44020","ERA4412398",256318,"metagenome","ILLUMINA","unspecified",NA,NA,"PAIRED","OTHER","METAGENOMIC","RANDOM",19913776,2580352836,"WASHINGTON UNIVERSITY CENTER FOR GENOME SCIENCES","2022-04-13","2022-04-13","unspecified sequencing: Raw reads: TP01-02_Week5_Study2OrangeFiber","An approach for evaluating the effects of dietary fiber polysaccharides on the human gut microbiome and plasma proteome","ena-STUDY-WASHINGTON UNIVERSITY CENTER FOR GENOME SCIENCES-30-03-2021-04:15:02:361-407","webin-reads-TP01-02_Week5_Study2OrangeFiber","webin-reads-TP01-02_Week5_Study2OrangeFiber","815481413;918183687","04524064820d5e88f6d081841ade6c6e;23c91136e4befd8bdff8cd9a03874fd9","ftp.sra.ebi.ac.uk/vol1/fastq/ERR595/000/ERR5956720/ERR5956720_1.fastq.gz;ftp.sra.ebi.ac.uk/vol1/fastq/ERR595/000/ERR5956720/ERR5956720_2.fastq.gz","fasp.sra.ebi.ac.uk:/vol1/fastq/ERR595/000/ERR5956720/ERR5956720_1.fastq.gz;fasp.sra.ebi.ac.uk:/vol1/fastq/ERR595/000/ERR5956720/ERR5956720_2.fastq.gz","ftp.sra.ebi.ac.uk/vol1/fastq/ERR595/000/ERR5956720/ERR5956720_1.fastq.gz;ftp.sra.ebi.ac.uk/vol1/fastq/ERR595/000/ERR5956720/ERR5956720_2.fastq.gz","781212153;884404703","5088bcede19ba4f6a2f550927bd8cb4d;ffad3c95a51dd05168ef92018c18530e","ftp.sra.ebi.ac.uk/vol1/run/ERR595/ERR5956720/TP01-02_TS2_Wk5_HF_CAT_R1.fq.gz;ftp.sra.ebi.ac.uk/vol1/run/ERR595/ERR5956720/TP01-02_TS2_Wk5_HF_CAT_R2.fq.gz","fasp.sra.ebi.ac.uk:/vol1/run/ERR595/ERR5956720/TP01-02_TS2_Wk5_HF_CAT_R1.fq.gz;fasp.sra.ebi.ac.uk:/vol1/run/ERR595/ERR5956720/TP01-02_TS2_Wk5_HF_CAT_R2.fq.gz","ftp.sra.ebi.ac.uk/vol1/run/ERR595/ERR5956720/TP01-02_TS2_Wk5_HF_CAT_R1.fq.gz;ftp.sra.ebi.ac.uk/vol1/run/ERR595/ERR5956720/TP01-02_TS2_Wk5_HF_CAT_R2.fq.gz","FASTQ;FASTQ",NA,NA,NA,NA,NA,"TP01-02_Week5_Study2OrangeFiber",NA,"TP01-02","5","Study2OrangeFiber",NA,"2021-05-22","ftp.sra.ebi.ac.uk/vol1/err/ERR595/000/ERR5956720.bam",1747778630,"e49d5e7da15b46d099f35a9a2f84c647"
"20","ERR5956567","ERP128019","SAMEA8793747","ERS6478097","ERX5597088","PRJEB44020","ERA4412240",256318,"metagenome","ILLUMINA","unspecified",NA,NA,"PAIRED","OTHER","METAGENOMIC","RANDOM",16029914,2041064014,"WASHINGTON UNIVERSITY CENTER FOR GENOME SCIENCES","2022-04-13","2022-04-13","unspecified sequencing: Raw reads: TP01-02_Week8_Study1PeaFiber","An approach for evaluating the effects of dietary fiber polysaccharides on the human gut microbiome and plasma proteome","ena-STUDY-WASHINGTON UNIVERSITY CENTER FOR GENOME SCIENCES-30-03-2021-04:15:02:361-407","webin-reads-TP01-02_Week8_Study1PeaFiber","webin-reads-TP01-02_Week8_Study1PeaFiber","612290257;638943345","f1994f5c7f2c09fb63a2ccc141b81aaa;a0ff45f4b3f69e861a5fe3c45308331a","ftp.sra.ebi.ac.uk/vol1/fastq/ERR595/007/ERR5956567/ERR5956567_1.fastq.gz;ftp.sra.ebi.ac.uk/vol1/fastq/ERR595/007/ERR5956567/ERR5956567_2.fastq.gz","fasp.sra.ebi.ac.uk:/vol1/fastq/ERR595/007/ERR5956567/ERR5956567_1.fastq.gz;fasp.sra.ebi.ac.uk:/vol1/fastq/ERR595/007/ERR5956567/ERR5956567_2.fastq.gz","ftp.sra.ebi.ac.uk/vol1/fastq/ERR595/007/ERR5956567/ERR5956567_1.fastq.gz;ftp.sra.ebi.ac.uk/vol1/fastq/ERR595/007/ERR5956567/ERR5956567_2.fastq.gz","590470469;616923347","33e68ac3f9665fd652221bb4a36557dd;1b501e500a5ef77df042ae26e8b2d441","ftp.sra.ebi.ac.uk/vol1/run/ERR595/ERR5956567/TP01-02_TS1_Wk8_HF_CAT_R1.fq.gz;ftp.sra.ebi.ac.uk/vol1/run/ERR595/ERR5956567/TP01-02_TS1_Wk8_HF_CAT_R2.fq.gz","fasp.sra.ebi.ac.uk:/vol1/run/ERR595/ERR5956567/TP01-02_TS1_Wk8_HF_CAT_R1.fq.gz;fasp.sra.ebi.ac.uk:/vol1/run/ERR595/ERR5956567/TP01-02_TS1_Wk8_HF_CAT_R2.fq.gz","ftp.sra.ebi.ac.uk/vol1/run/ERR595/ERR5956567/TP01-02_TS1_Wk8_HF_CAT_R1.fq.gz;ftp.sra.ebi.ac.uk/vol1/run/ERR595/ERR5956567/TP01-02_TS1_Wk8_HF_CAT_R2.fq.gz","FASTQ;FASTQ",NA,NA,NA,NA,NA,"TP01-02_Week8_Study1PeaFiber",NA,"TP01-02","8","Study1PeaFiber",NA,"2021-05-21","ftp.sra.ebi.ac.uk/vol1/err/ERR595/007/ERR5956567.bam",1243508139,"4a7a06f53a33efa23b128187955696b0"
"21","ERR5956721","ERP128019","SAMEA8793872","ERS6478222","ERX5597242","PRJEB44020","ERA4412399",256318,"metagenome","ILLUMINA","unspecified",NA,NA,"PAIRED","OTHER","METAGENOMIC","RANDOM",20571504,2697028754,"WASHINGTON UNIVERSITY CENTER FOR GENOME SCIENCES","2022-04-13","2022-04-13","unspecified sequencing: Raw reads: TP01-02_Week8_Study2OrangeFiber","An approach for evaluating the effects of dietary fiber polysaccharides on the human gut microbiome and plasma proteome","ena-STUDY-WASHINGTON UNIVERSITY CENTER FOR GENOME SCIENCES-30-03-2021-04:15:02:361-407","webin-reads-TP01-02_Week8_Study2OrangeFiber","webin-reads-TP01-02_Week8_Study2OrangeFiber","814753719;936027344","2eccd4d3daf0c24c0b63d5e93c8163b7;2064ab1cd2ee59ace244fc8620551803","ftp.sra.ebi.ac.uk/vol1/fastq/ERR595/001/ERR5956721/ERR5956721_1.fastq.gz;ftp.sra.ebi.ac.uk/vol1/fastq/ERR595/001/ERR5956721/ERR5956721_2.fastq.gz","fasp.sra.ebi.ac.uk:/vol1/fastq/ERR595/001/ERR5956721/ERR5956721_1.fastq.gz;fasp.sra.ebi.ac.uk:/vol1/fastq/ERR595/001/ERR5956721/ERR5956721_2.fastq.gz","ftp.sra.ebi.ac.uk/vol1/fastq/ERR595/001/ERR5956721/ERR5956721_1.fastq.gz;ftp.sra.ebi.ac.uk/vol1/fastq/ERR595/001/ERR5956721/ERR5956721_2.fastq.gz","778925574;900776496","dafca002a908bb71ea922f21e73eddb5;1491313872af19e1158cc20a9f0cf6e6","ftp.sra.ebi.ac.uk/vol1/run/ERR595/ERR5956721/TP01-02_TS2_Wk8_HF_CAT_R1.fq.gz;ftp.sra.ebi.ac.uk/vol1/run/ERR595/ERR5956721/TP01-02_TS2_Wk8_HF_CAT_R2.fq.gz","fasp.sra.ebi.ac.uk:/vol1/run/ERR595/ERR5956721/TP01-02_TS2_Wk8_HF_CAT_R1.fq.gz;fasp.sra.ebi.ac.uk:/vol1/run/ERR595/ERR5956721/TP01-02_TS2_Wk8_HF_CAT_R2.fq.gz","ftp.sra.ebi.ac.uk/vol1/run/ERR595/ERR5956721/TP01-02_TS2_Wk8_HF_CAT_R1.fq.gz;ftp.sra.ebi.ac.uk/vol1/run/ERR595/ERR5956721/TP01-02_TS2_Wk8_HF_CAT_R2.fq.gz","FASTQ;FASTQ",NA,NA,NA,NA,NA,"TP01-02_Week8_Study2OrangeFiber",NA,"TP01-02","8","Study2OrangeFiber",NA,"2021-05-23","ftp.sra.ebi.ac.uk/vol1/err/ERR595/001/ERR5956721.bam",1758199712,"4066bf4b6ef916f6a8cd07ae72df8292"
"22","ERR5956568","ERP128019","SAMEA8793748","ERS6478098","ERX5597089","PRJEB44020","ERA4412242",256318,"metagenome","ILLUMINA","unspecified",NA,NA,"PAIRED","OTHER","METAGENOMIC","RANDOM",16780642,2153149777,"WASHINGTON UNIVERSITY CENTER FOR GENOME SCIENCES","2022-04-13","2022-04-13","unspecified sequencing: Raw reads: TP01-02_Week9_Study1PeaFiber","An approach for evaluating the effects of dietary fiber polysaccharides on the human gut microbiome and plasma proteome","ena-STUDY-WASHINGTON UNIVERSITY CENTER FOR GENOME SCIENCES-30-03-2021-04:15:02:361-407","webin-reads-TP01-02_Week9_Study1PeaFiber","webin-reads-TP01-02_Week9_Study1PeaFiber","642792574;670718012","1552338fbaa58ee3f0d04bdba529e4b3;87eb0d1760120800af20892ef4b7d47c","ftp.sra.ebi.ac.uk/vol1/fastq/ERR595/008/ERR5956568/ERR5956568_1.fastq.gz;ftp.sra.ebi.ac.uk/vol1/fastq/ERR595/008/ERR5956568/ERR5956568_2.fastq.gz","fasp.sra.ebi.ac.uk:/vol1/fastq/ERR595/008/ERR5956568/ERR5956568_1.fastq.gz;fasp.sra.ebi.ac.uk:/vol1/fastq/ERR595/008/ERR5956568/ERR5956568_2.fastq.gz","ftp.sra.ebi.ac.uk/vol1/fastq/ERR595/008/ERR5956568/ERR5956568_1.fastq.gz;ftp.sra.ebi.ac.uk/vol1/fastq/ERR595/008/ERR5956568/ERR5956568_2.fastq.gz","620143354;647830509","dbea3ab9e0d43b195a30b5f2620f6c14;bfc67ed965938e3ff5cd2fa3b50ac204","ftp.sra.ebi.ac.uk/vol1/run/ERR595/ERR5956568/TP01-02_TS1_Wk9_HF_CAT_R1.fq.gz;ftp.sra.ebi.ac.uk/vol1/run/ERR595/ERR5956568/TP01-02_TS1_Wk9_HF_CAT_R2.fq.gz","fasp.sra.ebi.ac.uk:/vol1/run/ERR595/ERR5956568/TP01-02_TS1_Wk9_HF_CAT_R1.fq.gz;fasp.sra.ebi.ac.uk:/vol1/run/ERR595/ERR5956568/TP01-02_TS1_Wk9_HF_CAT_R2.fq.gz","ftp.sra.ebi.ac.uk/vol1/run/ERR595/ERR5956568/TP01-02_TS1_Wk9_HF_CAT_R1.fq.gz;ftp.sra.ebi.ac.uk/vol1/run/ERR595/ERR5956568/TP01-02_TS1_Wk9_HF_CAT_R2.fq.gz","FASTQ;FASTQ",NA,NA,NA,NA,NA,"TP01-02_Week9_Study1PeaFiber",NA,"TP01-02","9","Study1PeaFiber",NA,"2021-05-21","ftp.sra.ebi.ac.uk/vol1/err/ERR595/008/ERR5956568.bam",1304218504,"5a46fe12ae7ca38bd9f22d8b817f0591"
"23","ERR5956569","ERP128019","SAMEA8793749","ERS6478099","ERX5597090","PRJEB44020","ERA4412243",256318,"metagenome","ILLUMINA","unspecified",NA,NA,"PAIRED","OTHER","METAGENOMIC","RANDOM",15106284,1591892809,"WASHINGTON UNIVERSITY CENTER FOR GENOME SCIENCES","2022-04-13","2022-04-13","unspecified sequencing: Raw reads: TP02-01_Week1_Study1PeaFiber","An approach for evaluating the effects of dietary fiber polysaccharides on the human gut microbiome and plasma proteome","ena-STUDY-WASHINGTON UNIVERSITY CENTER FOR GENOME SCIENCES-30-03-2021-04:15:02:361-407","webin-reads-TP02-01_Week1_Study1PeaFiber","webin-reads-TP02-01_Week1_Study1PeaFiber","477542527;497952618","347db240104e34d491bf96e6c07e3ba5;15664baed4714dce4fc4c17524d58389","ftp.sra.ebi.ac.uk/vol1/fastq/ERR595/009/ERR5956569/ERR5956569_1.fastq.gz;ftp.sra.ebi.ac.uk/vol1/fastq/ERR595/009/ERR5956569/ERR5956569_2.fastq.gz","fasp.sra.ebi.ac.uk:/vol1/fastq/ERR595/009/ERR5956569/ERR5956569_1.fastq.gz;fasp.sra.ebi.ac.uk:/vol1/fastq/ERR595/009/ERR5956569/ERR5956569_2.fastq.gz","ftp.sra.ebi.ac.uk/vol1/fastq/ERR595/009/ERR5956569/ERR5956569_1.fastq.gz;ftp.sra.ebi.ac.uk/vol1/fastq/ERR595/009/ERR5956569/ERR5956569_2.fastq.gz","457069078;477254308","faab447929910885782d7d3fed1dcb3f;525ddd7ff23d19c3c74bccfd988f130c","ftp.sra.ebi.ac.uk/vol1/run/ERR595/ERR5956569/TP02-01_TS1_Wk1_HF_CAT_R1.fq.gz;ftp.sra.ebi.ac.uk/vol1/run/ERR595/ERR5956569/TP02-01_TS1_Wk1_HF_CAT_R2.fq.gz","fasp.sra.ebi.ac.uk:/vol1/run/ERR595/ERR5956569/TP02-01_TS1_Wk1_HF_CAT_R1.fq.gz;fasp.sra.ebi.ac.uk:/vol1/run/ERR595/ERR5956569/TP02-01_TS1_Wk1_HF_CAT_R2.fq.gz","ftp.sra.ebi.ac.uk/vol1/run/ERR595/ERR5956569/TP02-01_TS1_Wk1_HF_CAT_R1.fq.gz;ftp.sra.ebi.ac.uk/vol1/run/ERR595/ERR5956569/TP02-01_TS1_Wk1_HF_CAT_R2.fq.gz","FASTQ;FASTQ",NA,NA,NA,NA,NA,"TP02-01_Week1_Study1PeaFiber",NA,"TP02-01","1","Study1PeaFiber",NA,"2021-05-21","ftp.sra.ebi.ac.uk/vol1/err/ERR595/009/ERR5956569.bam",971932814,"cc70935c3a8fb5b3925343f59fc7e2bb"
"24","ERR5956732","ERP128019","SAMEA8793881","ERS6478231","ERX5597253","PRJEB44020","ERA4412410",256318,"metagenome","ILLUMINA","unspecified",NA,NA,"PAIRED","OTHER","METAGENOMIC","RANDOM",20514356,2619334755,"WASHINGTON UNIVERSITY CENTER FOR GENOME SCIENCES","2022-04-13","2022-04-13","unspecified sequencing: Raw reads: TP02-01_Week1_Study2OrangeFiber","An approach for evaluating the effects of dietary fiber polysaccharides on the human gut microbiome and plasma proteome","ena-STUDY-WASHINGTON UNIVERSITY CENTER FOR GENOME SCIENCES-30-03-2021-04:15:02:361-407","webin-reads-TP02-01_Week1_Study2OrangeFiber","webin-reads-TP02-01_Week1_Study2OrangeFiber","796041921;919754817","38ed64a24de7484390415cf26cd27d2f;d2d94ba9ae40354497731a835211ea34","ftp.sra.ebi.ac.uk/vol1/fastq/ERR595/002/ERR5956732/ERR5956732_1.fastq.gz;ftp.sra.ebi.ac.uk/vol1/fastq/ERR595/002/ERR5956732/ERR5956732_2.fastq.gz","fasp.sra.ebi.ac.uk:/vol1/fastq/ERR595/002/ERR5956732/ERR5956732_1.fastq.gz;fasp.sra.ebi.ac.uk:/vol1/fastq/ERR595/002/ERR5956732/ERR5956732_2.fastq.gz","ftp.sra.ebi.ac.uk/vol1/fastq/ERR595/002/ERR5956732/ERR5956732_1.fastq.gz;ftp.sra.ebi.ac.uk/vol1/fastq/ERR595/002/ERR5956732/ERR5956732_2.fastq.gz","760315110;884621547","c1b6ff7fa67c2210654027246995e3ff;4784c2bdca60dd36937aa9966289a680","ftp.sra.ebi.ac.uk/vol1/run/ERR595/ERR5956732/TP02-01_TS2_Wk1_HF_CAT_R1.fq.gz;ftp.sra.ebi.ac.uk/vol1/run/ERR595/ERR5956732/TP02-01_TS2_Wk1_HF_CAT_R2.fq.gz","fasp.sra.ebi.ac.uk:/vol1/run/ERR595/ERR5956732/TP02-01_TS2_Wk1_HF_CAT_R1.fq.gz;fasp.sra.ebi.ac.uk:/vol1/run/ERR595/ERR5956732/TP02-01_TS2_Wk1_HF_CAT_R2.fq.gz","ftp.sra.ebi.ac.uk/vol1/run/ERR595/ERR5956732/TP02-01_TS2_Wk1_HF_CAT_R1.fq.gz;ftp.sra.ebi.ac.uk/vol1/run/ERR595/ERR5956732/TP02-01_TS2_Wk1_HF_CAT_R2.fq.gz","FASTQ;FASTQ",NA,NA,NA,NA,NA,"TP02-01_Week1_Study2OrangeFiber",NA,"TP02-01","1","Study2OrangeFiber",NA,"2021-05-23","ftp.sra.ebi.ac.uk/vol1/err/ERR595/002/ERR5956732.bam",1728837036,"fa5fa6cc67925cdf843f3196bcd72426"
"25","ERR5956570","ERP128019","SAMEA8793750","ERS6478100","ERX5597091","PRJEB44020","ERA4412244",256318,"metagenome","ILLUMINA","unspecified",NA,NA,"PAIRED","OTHER","METAGENOMIC","RANDOM",16503450,1918726047,"WASHINGTON UNIVERSITY CENTER FOR GENOME SCIENCES","2022-04-13","2022-04-13","unspecified sequencing: Raw reads: TP02-01_Week2_Study1PeaFiber","An approach for evaluating the effects of dietary fiber polysaccharides on the human gut microbiome and plasma proteome","ena-STUDY-WASHINGTON UNIVERSITY CENTER FOR GENOME SCIENCES-30-03-2021-04:15:02:361-407","webin-reads-TP02-01_Week2_Study1PeaFiber","webin-reads-TP02-01_Week2_Study1PeaFiber","587216408;603577173","c14bb0bd9af6de9a630324a35d792e9f;3275fc2f8a3c162d4c2c8ed9879f05f9","ftp.sra.ebi.ac.uk/vol1/fastq/ERR595/000/ERR5956570/ERR5956570_1.fastq.gz;ftp.sra.ebi.ac.uk/vol1/fastq/ERR595/000/ERR5956570/ERR5956570_2.fastq.gz","fasp.sra.ebi.ac.uk:/vol1/fastq/ERR595/000/ERR5956570/ERR5956570_1.fastq.gz;fasp.sra.ebi.ac.uk:/vol1/fastq/ERR595/000/ERR5956570/ERR5956570_2.fastq.gz","ftp.sra.ebi.ac.uk/vol1/fastq/ERR595/000/ERR5956570/ERR5956570_1.fastq.gz;ftp.sra.ebi.ac.uk/vol1/fastq/ERR595/000/ERR5956570/ERR5956570_2.fastq.gz","564648852;580845401","957d2452450828243f17e56fcf26e1d6;baf72e95d502334a79be5f108cd1aa1f","ftp.sra.ebi.ac.uk/vol1/run/ERR595/ERR5956570/TP02-01_TS1_Wk2_HF_CAT_R1.fq.gz;ftp.sra.ebi.ac.uk/vol1/run/ERR595/ERR5956570/TP02-01_TS1_Wk2_HF_CAT_R2.fq.gz","fasp.sra.ebi.ac.uk:/vol1/run/ERR595/ERR5956570/TP02-01_TS1_Wk2_HF_CAT_R1.fq.gz;fasp.sra.ebi.ac.uk:/vol1/run/ERR595/ERR5956570/TP02-01_TS1_Wk2_HF_CAT_R2.fq.gz","ftp.sra.ebi.ac.uk/vol1/run/ERR595/ERR5956570/TP02-01_TS1_Wk2_HF_CAT_R1.fq.gz;ftp.sra.ebi.ac.uk/vol1/run/ERR595/ERR5956570/TP02-01_TS1_Wk2_HF_CAT_R2.fq.gz","FASTQ;FASTQ",NA,NA,NA,NA,NA,"TP02-01_Week2_Study1PeaFiber",NA,"TP02-01","2","Study1PeaFiber",NA,"2021-05-21","ftp.sra.ebi.ac.uk/vol1/err/ERR595/000/ERR5956570.bam",1187424979,"8b092d544e13e0b51b0fa3ea346b5589"
"26","ERR5956733","ERP128019","SAMEA8793882","ERS6478232","ERX5597254","PRJEB44020","ERA4412411",256318,"metagenome","ILLUMINA","unspecified",NA,NA,"PAIRED","OTHER","METAGENOMIC","RANDOM",20378538,2517492947,"WASHINGTON UNIVERSITY CENTER FOR GENOME SCIENCES","2022-04-13","2022-04-13","unspecified sequencing: Raw reads: TP02-01_Week2_Study2OrangeFiber","An approach for evaluating the effects of dietary fiber polysaccharides on the human gut microbiome and plasma proteome","ena-STUDY-WASHINGTON UNIVERSITY CENTER FOR GENOME SCIENCES-30-03-2021-04:15:02:361-407","webin-reads-TP02-01_Week2_Study2OrangeFiber","webin-reads-TP02-01_Week2_Study2OrangeFiber","810719231;889773084","da47d83bb3396371c94b090fd243fa93;ca961117382607a97fdb86f890754bdb","ftp.sra.ebi.ac.uk/vol1/fastq/ERR595/003/ERR5956733/ERR5956733_1.fastq.gz;ftp.sra.ebi.ac.uk/vol1/fastq/ERR595/003/ERR5956733/ERR5956733_2.fastq.gz","fasp.sra.ebi.ac.uk:/vol1/fastq/ERR595/003/ERR5956733/ERR5956733_1.fastq.gz;fasp.sra.ebi.ac.uk:/vol1/fastq/ERR595/003/ERR5956733/ERR5956733_2.fastq.gz","ftp.sra.ebi.ac.uk/vol1/fastq/ERR595/003/ERR5956733/ERR5956733_1.fastq.gz;ftp.sra.ebi.ac.uk/vol1/fastq/ERR595/003/ERR5956733/ERR5956733_2.fastq.gz","775813667;855077648","de7598c7c689f89e01bf8db5aba0d85d;d505d2e8d42a4428f8ac997633653afb","ftp.sra.ebi.ac.uk/vol1/run/ERR595/ERR5956733/TP02-01_TS2_Wk2_HF_CAT_R1.fq.gz;ftp.sra.ebi.ac.uk/vol1/run/ERR595/ERR5956733/TP02-01_TS2_Wk2_HF_CAT_R2.fq.gz","fasp.sra.ebi.ac.uk:/vol1/run/ERR595/ERR5956733/TP02-01_TS2_Wk2_HF_CAT_R1.fq.gz;fasp.sra.ebi.ac.uk:/vol1/run/ERR595/ERR5956733/TP02-01_TS2_Wk2_HF_CAT_R2.fq.gz","ftp.sra.ebi.ac.uk/vol1/run/ERR595/ERR5956733/TP02-01_TS2_Wk2_HF_CAT_R1.fq.gz;ftp.sra.ebi.ac.uk/vol1/run/ERR595/ERR5956733/TP02-01_TS2_Wk2_HF_CAT_R2.fq.gz","FASTQ;FASTQ",NA,NA,NA,NA,NA,"TP02-01_Week2_Study2OrangeFiber",NA,"TP02-01","2","Study2OrangeFiber",NA,"2021-05-23","ftp.sra.ebi.ac.uk/vol1/err/ERR595/003/ERR5956733.bam",1718488231,"9d976e33e23a0d144df9ea42ca37540f"
"27","ERR5956572","ERP128019","SAMEA8793751","ERS6478101","ERX5597093","PRJEB44020","ERA4412246",256318,"metagenome","ILLUMINA","unspecified",NA,NA,"PAIRED","OTHER","METAGENOMIC","RANDOM",16923758,2163364939,"WASHINGTON UNIVERSITY CENTER FOR GENOME SCIENCES","2022-04-13","2022-04-13","unspecified sequencing: Raw reads: TP02-01_Week3_Study1PeaFiber","An approach for evaluating the effects of dietary fiber polysaccharides on the human gut microbiome and plasma proteome","ena-STUDY-WASHINGTON UNIVERSITY CENTER FOR GENOME SCIENCES-30-03-2021-04:15:02:361-407","webin-reads-TP02-01_Week3_Study1PeaFiber","webin-reads-TP02-01_Week3_Study1PeaFiber","641999471;673922979","5d50ad056230604542986e1fac64cfc5;80e183c206afa56c6e5baa3ba30f2102","ftp.sra.ebi.ac.uk/vol1/fastq/ERR595/002/ERR5956572/ERR5956572_1.fastq.gz;ftp.sra.ebi.ac.uk/vol1/fastq/ERR595/002/ERR5956572/ERR5956572_2.fastq.gz","fasp.sra.ebi.ac.uk:/vol1/fastq/ERR595/002/ERR5956572/ERR5956572_1.fastq.gz;fasp.sra.ebi.ac.uk:/vol1/fastq/ERR595/002/ERR5956572/ERR5956572_2.fastq.gz","ftp.sra.ebi.ac.uk/vol1/fastq/ERR595/002/ERR5956572/ERR5956572_1.fastq.gz;ftp.sra.ebi.ac.uk/vol1/fastq/ERR595/002/ERR5956572/ERR5956572_2.fastq.gz","619191740;650853024","6b6a343801d001b71e1e0ae6048583a6;b5916a844050ebbe2887ea572b67d89d","ftp.sra.ebi.ac.uk/vol1/run/ERR595/ERR5956572/TP02-01_TS1_Wk3_HF_CAT_R1.fq.gz;ftp.sra.ebi.ac.uk/vol1/run/ERR595/ERR5956572/TP02-01_TS1_Wk3_HF_CAT_R2.fq.gz","fasp.sra.ebi.ac.uk:/vol1/run/ERR595/ERR5956572/TP02-01_TS1_Wk3_HF_CAT_R1.fq.gz;fasp.sra.ebi.ac.uk:/vol1/run/ERR595/ERR5956572/TP02-01_TS1_Wk3_HF_CAT_R2.fq.gz","ftp.sra.ebi.ac.uk/vol1/run/ERR595/ERR5956572/TP02-01_TS1_Wk3_HF_CAT_R1.fq.gz;ftp.sra.ebi.ac.uk/vol1/run/ERR595/ERR5956572/TP02-01_TS1_Wk3_HF_CAT_R2.fq.gz","FASTQ;FASTQ",NA,NA,NA,NA,NA,"TP02-01_Week3_Study1PeaFiber",NA,"TP02-01","3","Study1PeaFiber",NA,"2021-05-21","ftp.sra.ebi.ac.uk/vol1/err/ERR595/002/ERR5956572.bam",1307301421,"d3b501c05856a98d353296ec6d0f3e98"
"28","ERR5956573","ERP128019","SAMEA8793752","ERS6478102","ERX5597094","PRJEB44020","ERA4412247",256318,"metagenome","ILLUMINA","unspecified",NA,NA,"PAIRED","OTHER","METAGENOMIC","RANDOM",16629092,1987168929,"WASHINGTON UNIVERSITY CENTER FOR GENOME SCIENCES","2022-04-13","2022-04-13","unspecified sequencing: Raw reads: TP02-01_Week4_Study1PeaFiber","An approach for evaluating the effects of dietary fiber polysaccharides on the human gut microbiome and plasma proteome","ena-STUDY-WASHINGTON UNIVERSITY CENTER FOR GENOME SCIENCES-30-03-2021-04:15:02:361-407","webin-reads-TP02-01_Week4_Study1PeaFiber","webin-reads-TP02-01_Week4_Study1PeaFiber","592927653;623031925","f8ba3ea12d1df4fe88f1ffa4d5a5f40e;f3052763738932e410156dadc12b7560","ftp.sra.ebi.ac.uk/vol1/fastq/ERR595/003/ERR5956573/ERR5956573_1.fastq.gz;ftp.sra.ebi.ac.uk/vol1/fastq/ERR595/003/ERR5956573/ERR5956573_2.fastq.gz","fasp.sra.ebi.ac.uk:/vol1/fastq/ERR595/003/ERR5956573/ERR5956573_1.fastq.gz;fasp.sra.ebi.ac.uk:/vol1/fastq/ERR595/003/ERR5956573/ERR5956573_2.fastq.gz","ftp.sra.ebi.ac.uk/vol1/fastq/ERR595/003/ERR5956573/ERR5956573_1.fastq.gz;ftp.sra.ebi.ac.uk/vol1/fastq/ERR595/003/ERR5956573/ERR5956573_2.fastq.gz","570023936;599914202","92b5f3679473a2f0378f5b72048eabd4;5f4dd280659869424513f24cdc4e7908","ftp.sra.ebi.ac.uk/vol1/run/ERR595/ERR5956573/TP02-01_TS1_Wk4_HF_CAT_R1.fq.gz;ftp.sra.ebi.ac.uk/vol1/run/ERR595/ERR5956573/TP02-01_TS1_Wk4_HF_CAT_R2.fq.gz","fasp.sra.ebi.ac.uk:/vol1/run/ERR595/ERR5956573/TP02-01_TS1_Wk4_HF_CAT_R1.fq.gz;fasp.sra.ebi.ac.uk:/vol1/run/ERR595/ERR5956573/TP02-01_TS1_Wk4_HF_CAT_R2.fq.gz","ftp.sra.ebi.ac.uk/vol1/run/ERR595/ERR5956573/TP02-01_TS1_Wk4_HF_CAT_R1.fq.gz;ftp.sra.ebi.ac.uk/vol1/run/ERR595/ERR5956573/TP02-01_TS1_Wk4_HF_CAT_R2.fq.gz","FASTQ;FASTQ",NA,NA,NA,NA,NA,"TP02-01_Week4_Study1PeaFiber",NA,"TP02-01","4","Study1PeaFiber",NA,"2021-05-21","ftp.sra.ebi.ac.uk/vol1/err/ERR595/003/ERR5956573.bam",1211435518,"a51d38e90e3ffd9d3f0ef7b325da7e15"
"29","ERR5956574","ERP128019","SAMEA8793753","ERS6478103","ERX5597095","PRJEB44020","ERA4412248",256318,"metagenome","ILLUMINA","unspecified",NA,NA,"PAIRED","OTHER","METAGENOMIC","RANDOM",16996772,2055249452,"WASHINGTON UNIVERSITY CENTER FOR GENOME SCIENCES","2022-04-13","2022-04-13","unspecified sequencing: Raw reads: TP02-01_Week5_Study1PeaFiber","An approach for evaluating the effects of dietary fiber polysaccharides on the human gut microbiome and plasma proteome","ena-STUDY-WASHINGTON UNIVERSITY CENTER FOR GENOME SCIENCES-30-03-2021-04:15:02:361-407","webin-reads-TP02-01_Week5_Study1PeaFiber","webin-reads-TP02-01_Week5_Study1PeaFiber","609150916;636672545","359f20aa05a09bcb95ab6f62411ee302;6c649fadbb77bfdbb6045c1b043f506d","ftp.sra.ebi.ac.uk/vol1/fastq/ERR595/004/ERR5956574/ERR5956574_1.fastq.gz;ftp.sra.ebi.ac.uk/vol1/fastq/ERR595/004/ERR5956574/ERR5956574_2.fastq.gz","fasp.sra.ebi.ac.uk:/vol1/fastq/ERR595/004/ERR5956574/ERR5956574_1.fastq.gz;fasp.sra.ebi.ac.uk:/vol1/fastq/ERR595/004/ERR5956574/ERR5956574_2.fastq.gz","ftp.sra.ebi.ac.uk/vol1/fastq/ERR595/004/ERR5956574/ERR5956574_1.fastq.gz;ftp.sra.ebi.ac.uk/vol1/fastq/ERR595/004/ERR5956574/ERR5956574_2.fastq.gz","585912534;613169952","9eddedb56673f0ba18db997362eb586f;214e09a9a3fecd008e7664d92038fcbc","ftp.sra.ebi.ac.uk/vol1/run/ERR595/ERR5956574/TP02-01_TS1_Wk5_HF_CAT_R1.fq.gz;ftp.sra.ebi.ac.uk/vol1/run/ERR595/ERR5956574/TP02-01_TS1_Wk5_HF_CAT_R2.fq.gz","fasp.sra.ebi.ac.uk:/vol1/run/ERR595/ERR5956574/TP02-01_TS1_Wk5_HF_CAT_R1.fq.gz;fasp.sra.ebi.ac.uk:/vol1/run/ERR595/ERR5956574/TP02-01_TS1_Wk5_HF_CAT_R2.fq.gz","ftp.sra.ebi.ac.uk/vol1/run/ERR595/ERR5956574/TP02-01_TS1_Wk5_HF_CAT_R1.fq.gz;ftp.sra.ebi.ac.uk/vol1/run/ERR595/ERR5956574/TP02-01_TS1_Wk5_HF_CAT_R2.fq.gz","FASTQ;FASTQ",NA,NA,NA,NA,NA,"TP02-01_Week5_Study1PeaFiber",NA,"TP02-01","5","Study1PeaFiber",NA,"2021-05-21","ftp.sra.ebi.ac.uk/vol1/err/ERR595/004/ERR5956574.bam",1239338267,"b6f3ab7c510412b840c8e3f0122b9739"
"30","ERR5956734","ERP128019","SAMEA8793883","ERS6478233","ERX5597255","PRJEB44020","ERA4412412",256318,"metagenome","ILLUMINA","unspecified",NA,NA,"PAIRED","OTHER","METAGENOMIC","RANDOM",19860990,2603937125,"WASHINGTON UNIVERSITY CENTER FOR GENOME SCIENCES","2022-04-13","2022-04-13","unspecified sequencing: Raw reads: TP02-01_Week5_Study2OrangeFiber","An approach for evaluating the effects of dietary fiber polysaccharides on the human gut microbiome and plasma proteome","ena-STUDY-WASHINGTON UNIVERSITY CENTER FOR GENOME SCIENCES-30-03-2021-04:15:02:361-407","webin-reads-TP02-01_Week5_Study2OrangeFiber","webin-reads-TP02-01_Week5_Study2OrangeFiber","783131082;908151838","9855ee1fc65074480a9d19a226b0e04e;ce8cfc527adae0e6f812e06fd7e14d56","ftp.sra.ebi.ac.uk/vol1/fastq/ERR595/004/ERR5956734/ERR5956734_1.fastq.gz;ftp.sra.ebi.ac.uk/vol1/fastq/ERR595/004/ERR5956734/ERR5956734_2.fastq.gz","fasp.sra.ebi.ac.uk:/vol1/fastq/ERR595/004/ERR5956734/ERR5956734_1.fastq.gz;fasp.sra.ebi.ac.uk:/vol1/fastq/ERR595/004/ERR5956734/ERR5956734_2.fastq.gz","ftp.sra.ebi.ac.uk/vol1/fastq/ERR595/004/ERR5956734/ERR5956734_1.fastq.gz;ftp.sra.ebi.ac.uk/vol1/fastq/ERR595/004/ERR5956734/ERR5956734_2.fastq.gz","748050179;873441118","c7696859f411c41550d3ee07e8bc76e8;66cb7abe7be02e4404659a5648157e05","ftp.sra.ebi.ac.uk/vol1/run/ERR595/ERR5956734/TP02-01_TS2_Wk5_HF_CAT_R1.fq.gz;ftp.sra.ebi.ac.uk/vol1/run/ERR595/ERR5956734/TP02-01_TS2_Wk5_HF_CAT_R2.fq.gz","fasp.sra.ebi.ac.uk:/vol1/run/ERR595/ERR5956734/TP02-01_TS2_Wk5_HF_CAT_R1.fq.gz;fasp.sra.ebi.ac.uk:/vol1/run/ERR595/ERR5956734/TP02-01_TS2_Wk5_HF_CAT_R2.fq.gz","ftp.sra.ebi.ac.uk/vol1/run/ERR595/ERR5956734/TP02-01_TS2_Wk5_HF_CAT_R1.fq.gz;ftp.sra.ebi.ac.uk/vol1/run/ERR595/ERR5956734/TP02-01_TS2_Wk5_HF_CAT_R2.fq.gz","FASTQ;FASTQ",NA,NA,NA,NA,NA,"TP02-01_Week5_Study2OrangeFiber",NA,"TP02-01","5","Study2OrangeFiber",NA,"2021-05-23","ftp.sra.ebi.ac.uk/vol1/err/ERR595/004/ERR5956734.bam",1699686291,"cce544b6dc8866f46094090c75cbcf52"
"31","ERR5956576","ERP128019","SAMEA8793754","ERS6478104","ERX5597097","PRJEB44020","ERA4412250",256318,"metagenome","ILLUMINA","unspecified",NA,NA,"PAIRED","OTHER","METAGENOMIC","RANDOM",16728850,2043127984,"WASHINGTON UNIVERSITY CENTER FOR GENOME SCIENCES","2022-04-13","2022-04-13","unspecified sequencing: Raw reads: TP02-01_Week8_Study1PeaFiber","An approach for evaluating the effects of dietary fiber polysaccharides on the human gut microbiome and plasma proteome","ena-STUDY-WASHINGTON UNIVERSITY CENTER FOR GENOME SCIENCES-30-03-2021-04:15:02:361-407","webin-reads-TP02-01_Week8_Study1PeaFiber","webin-reads-TP02-01_Week8_Study1PeaFiber","608368990;638341924","78aaf07b09885c99f5abff186ad70a6c;f01d50ac6e68838111d1ab59ef959b1f","ftp.sra.ebi.ac.uk/vol1/fastq/ERR595/006/ERR5956576/ERR5956576_1.fastq.gz;ftp.sra.ebi.ac.uk/vol1/fastq/ERR595/006/ERR5956576/ERR5956576_2.fastq.gz","fasp.sra.ebi.ac.uk:/vol1/fastq/ERR595/006/ERR5956576/ERR5956576_1.fastq.gz;fasp.sra.ebi.ac.uk:/vol1/fastq/ERR595/006/ERR5956576/ERR5956576_2.fastq.gz","ftp.sra.ebi.ac.uk/vol1/fastq/ERR595/006/ERR5956576/ERR5956576_1.fastq.gz;ftp.sra.ebi.ac.uk/vol1/fastq/ERR595/006/ERR5956576/ERR5956576_2.fastq.gz","585227314;614965160","5eba19473f85d9652873dc1cf96247b1;10b115e36f446bdd67f50d4bd47f1aab","ftp.sra.ebi.ac.uk/vol1/run/ERR595/ERR5956576/TP02-01_TS1_Wk8_HF_CAT_R1.fq.gz;ftp.sra.ebi.ac.uk/vol1/run/ERR595/ERR5956576/TP02-01_TS1_Wk8_HF_CAT_R2.fq.gz","fasp.sra.ebi.ac.uk:/vol1/run/ERR595/ERR5956576/TP02-01_TS1_Wk8_HF_CAT_R1.fq.gz;fasp.sra.ebi.ac.uk:/vol1/run/ERR595/ERR5956576/TP02-01_TS1_Wk8_HF_CAT_R2.fq.gz","ftp.sra.ebi.ac.uk/vol1/run/ERR595/ERR5956576/TP02-01_TS1_Wk8_HF_CAT_R1.fq.gz;ftp.sra.ebi.ac.uk/vol1/run/ERR595/ERR5956576/TP02-01_TS1_Wk8_HF_CAT_R2.fq.gz","FASTQ;FASTQ",NA,NA,NA,NA,NA,"TP02-01_Week8_Study1PeaFiber",NA,"TP02-01","8","Study1PeaFiber",NA,"2021-05-21","ftp.sra.ebi.ac.uk/vol1/err/ERR595/006/ERR5956576.bam",1241138467,"c475ba70b42cbb2d3d9f5ea7c59dd5f4"
"32","ERR5956735","ERP128019","SAMEA8793884","ERS6478234","ERX5597256","PRJEB44020","ERA4412413",256318,"metagenome","ILLUMINA","unspecified",NA,NA,"PAIRED","OTHER","METAGENOMIC","RANDOM",20032076,2523480810,"WASHINGTON UNIVERSITY CENTER FOR GENOME SCIENCES","2022-04-13","2022-04-13","unspecified sequencing: Raw reads: TP02-01_Week8_Study2OrangeFiber","An approach for evaluating the effects of dietary fiber polysaccharides on the human gut microbiome and plasma proteome","ena-STUDY-WASHINGTON UNIVERSITY CENTER FOR GENOME SCIENCES-30-03-2021-04:15:02:361-407","webin-reads-TP02-01_Week8_Study2OrangeFiber","webin-reads-TP02-01_Week8_Study2OrangeFiber","761716473;882269984","6b2c748016fa639f0532d1767d884348;cddac7c1a539a288087743773b1d2fb1","ftp.sra.ebi.ac.uk/vol1/fastq/ERR595/005/ERR5956735/ERR5956735_1.fastq.gz;ftp.sra.ebi.ac.uk/vol1/fastq/ERR595/005/ERR5956735/ERR5956735_2.fastq.gz","fasp.sra.ebi.ac.uk:/vol1/fastq/ERR595/005/ERR5956735/ERR5956735_1.fastq.gz;fasp.sra.ebi.ac.uk:/vol1/fastq/ERR595/005/ERR5956735/ERR5956735_2.fastq.gz","ftp.sra.ebi.ac.uk/vol1/fastq/ERR595/005/ERR5956735/ERR5956735_1.fastq.gz;ftp.sra.ebi.ac.uk/vol1/fastq/ERR595/005/ERR5956735/ERR5956735_2.fastq.gz","726986263;847903414","edbffc285012957a0d59514d60b52931;38998e12d3765cbacd190ad9f03af3ea","ftp.sra.ebi.ac.uk/vol1/run/ERR595/ERR5956735/TP02-01_TS2_Wk8_HF_CAT_R1.fq.gz;ftp.sra.ebi.ac.uk/vol1/run/ERR595/ERR5956735/TP02-01_TS2_Wk8_HF_CAT_R2.fq.gz","fasp.sra.ebi.ac.uk:/vol1/run/ERR595/ERR5956735/TP02-01_TS2_Wk8_HF_CAT_R1.fq.gz;fasp.sra.ebi.ac.uk:/vol1/run/ERR595/ERR5956735/TP02-01_TS2_Wk8_HF_CAT_R2.fq.gz","ftp.sra.ebi.ac.uk/vol1/run/ERR595/ERR5956735/TP02-01_TS2_Wk8_HF_CAT_R1.fq.gz;ftp.sra.ebi.ac.uk/vol1/run/ERR595/ERR5956735/TP02-01_TS2_Wk8_HF_CAT_R2.fq.gz","FASTQ;FASTQ",NA,NA,NA,NA,NA,"TP02-01_Week8_Study2OrangeFiber",NA,"TP02-01","8","Study2OrangeFiber",NA,"2021-05-23","ftp.sra.ebi.ac.uk/vol1/err/ERR595/005/ERR5956735.bam",1655535014,"81342b3a37333eab4a08c12f02787f4e"
"33","ERR5956578","ERP128019","SAMEA8793755","ERS6478105","ERX5597099","PRJEB44020","ERA4412252",256318,"metagenome","ILLUMINA","unspecified",NA,NA,"PAIRED","OTHER","METAGENOMIC","RANDOM",17247960,2085307079,"WASHINGTON UNIVERSITY CENTER FOR GENOME SCIENCES","2022-04-13","2022-04-13","unspecified sequencing: Raw reads: TP02-01_Week9_Study1PeaFiber","An approach for evaluating the effects of dietary fiber polysaccharides on the human gut microbiome and plasma proteome","ena-STUDY-WASHINGTON UNIVERSITY CENTER FOR GENOME SCIENCES-30-03-2021-04:15:02:361-407","webin-reads-TP02-01_Week9_Study1PeaFiber","webin-reads-TP02-01_Week9_Study1PeaFiber","627121352;656871640","70bfaa9c856a261fbead51b1e1ed876d;0d525ede37e443a4833ce363cb3fcd58","ftp.sra.ebi.ac.uk/vol1/fastq/ERR595/008/ERR5956578/ERR5956578_1.fastq.gz;ftp.sra.ebi.ac.uk/vol1/fastq/ERR595/008/ERR5956578/ERR5956578_2.fastq.gz","fasp.sra.ebi.ac.uk:/vol1/fastq/ERR595/008/ERR5956578/ERR5956578_1.fastq.gz;fasp.sra.ebi.ac.uk:/vol1/fastq/ERR595/008/ERR5956578/ERR5956578_2.fastq.gz","ftp.sra.ebi.ac.uk/vol1/fastq/ERR595/008/ERR5956578/ERR5956578_1.fastq.gz;ftp.sra.ebi.ac.uk/vol1/fastq/ERR595/008/ERR5956578/ERR5956578_2.fastq.gz","603387072;632866925","2f9ea85b33c50cc0984a52d567910bcc;1421a5b6162d4fc0c272771687178844","ftp.sra.ebi.ac.uk/vol1/run/ERR595/ERR5956578/TP02-01_TS1_Wk9_HF_CAT_R1.fq.gz;ftp.sra.ebi.ac.uk/vol1/run/ERR595/ERR5956578/TP02-01_TS1_Wk9_HF_CAT_R2.fq.gz","fasp.sra.ebi.ac.uk:/vol1/run/ERR595/ERR5956578/TP02-01_TS1_Wk9_HF_CAT_R1.fq.gz;fasp.sra.ebi.ac.uk:/vol1/run/ERR595/ERR5956578/TP02-01_TS1_Wk9_HF_CAT_R2.fq.gz","ftp.sra.ebi.ac.uk/vol1/run/ERR595/ERR5956578/TP02-01_TS1_Wk9_HF_CAT_R1.fq.gz;ftp.sra.ebi.ac.uk/vol1/run/ERR595/ERR5956578/TP02-01_TS1_Wk9_HF_CAT_R2.fq.gz","FASTQ;FASTQ",NA,NA,NA,NA,NA,"TP02-01_Week9_Study1PeaFiber",NA,"TP02-01","9","Study1PeaFiber",NA,"2021-05-21","ftp.sra.ebi.ac.uk/vol1/err/ERR595/008/ERR5956578.bam",1279573878,"9726f2aa660b8324821e9ae212ec80ad"
"34","ERR5956579","ERP128019","SAMEA8793756","ERS6478106","ERX5597100","PRJEB44020","ERA4412253",256318,"metagenome","ILLUMINA","unspecified",NA,NA,"PAIRED","OTHER","METAGENOMIC","RANDOM",15836440,1889119483,"WASHINGTON UNIVERSITY CENTER FOR GENOME SCIENCES","2022-04-13","2022-04-13","unspecified sequencing: Raw reads: TP02-02_Week1_Study1PeaFiber","An approach for evaluating the effects of dietary fiber polysaccharides on the human gut microbiome and plasma proteome","ena-STUDY-WASHINGTON UNIVERSITY CENTER FOR GENOME SCIENCES-30-03-2021-04:15:02:361-407","webin-reads-TP02-02_Week1_Study1PeaFiber","webin-reads-TP02-02_Week1_Study1PeaFiber","563227320;586524285","7397d86fd8d6ae4555ca6cc4fd385be9;b9e78c0a7cec7552326ab5bbef883079","ftp.sra.ebi.ac.uk/vol1/fastq/ERR595/009/ERR5956579/ERR5956579_1.fastq.gz;ftp.sra.ebi.ac.uk/vol1/fastq/ERR595/009/ERR5956579/ERR5956579_2.fastq.gz","fasp.sra.ebi.ac.uk:/vol1/fastq/ERR595/009/ERR5956579/ERR5956579_1.fastq.gz;fasp.sra.ebi.ac.uk:/vol1/fastq/ERR595/009/ERR5956579/ERR5956579_2.fastq.gz","ftp.sra.ebi.ac.uk/vol1/fastq/ERR595/009/ERR5956579/ERR5956579_1.fastq.gz;ftp.sra.ebi.ac.uk/vol1/fastq/ERR595/009/ERR5956579/ERR5956579_2.fastq.gz","541458630;564518695","5694e7dc421e2ad948ae904f4a76944b;da8c848643a882652419d49eba679d12","ftp.sra.ebi.ac.uk/vol1/run/ERR595/ERR5956579/TP02-02_TS1_Wk1_HF_CAT_R1.fq.gz;ftp.sra.ebi.ac.uk/vol1/run/ERR595/ERR5956579/TP02-02_TS1_Wk1_HF_CAT_R2.fq.gz","fasp.sra.ebi.ac.uk:/vol1/run/ERR595/ERR5956579/TP02-02_TS1_Wk1_HF_CAT_R1.fq.gz;fasp.sra.ebi.ac.uk:/vol1/run/ERR595/ERR5956579/TP02-02_TS1_Wk1_HF_CAT_R2.fq.gz","ftp.sra.ebi.ac.uk/vol1/run/ERR595/ERR5956579/TP02-02_TS1_Wk1_HF_CAT_R1.fq.gz;ftp.sra.ebi.ac.uk/vol1/run/ERR595/ERR5956579/TP02-02_TS1_Wk1_HF_CAT_R2.fq.gz","FASTQ;FASTQ",NA,NA,NA,NA,NA,"TP02-02_Week1_Study1PeaFiber",NA,"TP02-02","1","Study1PeaFiber",NA,"2021-05-21","ftp.sra.ebi.ac.uk/vol1/err/ERR595/009/ERR5956579.bam",1143375468,"b27db192728e8d88bafe3303ebe8b7c1"
"35","ERR5956736","ERP128019","SAMEA8793885","ERS6478235","ERX5597257","PRJEB44020","ERA4412414",256318,"metagenome","ILLUMINA","unspecified",NA,NA,"PAIRED","OTHER","METAGENOMIC","RANDOM",19313196,2440111049,"WASHINGTON UNIVERSITY CENTER FOR GENOME SCIENCES","2022-04-13","2022-04-13","unspecified sequencing: Raw reads: TP02-02_Week1_Study2OrangeFiber","An approach for evaluating the effects of dietary fiber polysaccharides on the human gut microbiome and plasma proteome","ena-STUDY-WASHINGTON UNIVERSITY CENTER FOR GENOME SCIENCES-30-03-2021-04:15:02:361-407","webin-reads-TP02-02_Week1_Study2OrangeFiber","webin-reads-TP02-02_Week1_Study2OrangeFiber","744403265;847215813","74a80f798c828a09e72953d00890de70;df6cd767d5ad5d39e98b5b4dfd8576fb","ftp.sra.ebi.ac.uk/vol1/fastq/ERR595/006/ERR5956736/ERR5956736_1.fastq.gz;ftp.sra.ebi.ac.uk/vol1/fastq/ERR595/006/ERR5956736/ERR5956736_2.fastq.gz","fasp.sra.ebi.ac.uk:/vol1/fastq/ERR595/006/ERR5956736/ERR5956736_1.fastq.gz;fasp.sra.ebi.ac.uk:/vol1/fastq/ERR595/006/ERR5956736/ERR5956736_2.fastq.gz","ftp.sra.ebi.ac.uk/vol1/fastq/ERR595/006/ERR5956736/ERR5956736_1.fastq.gz;ftp.sra.ebi.ac.uk/vol1/fastq/ERR595/006/ERR5956736/ERR5956736_2.fastq.gz","710774548;814098162","478416170d7a30a3565f46f92f85a8da;e9afeaa8bcdc1790203882e2660cd12e","ftp.sra.ebi.ac.uk/vol1/run/ERR595/ERR5956736/TP02-02_TS2_Wk1_HF_CAT_R1.fq.gz;ftp.sra.ebi.ac.uk/vol1/run/ERR595/ERR5956736/TP02-02_TS2_Wk1_HF_CAT_R2.fq.gz","fasp.sra.ebi.ac.uk:/vol1/run/ERR595/ERR5956736/TP02-02_TS2_Wk1_HF_CAT_R1.fq.gz;fasp.sra.ebi.ac.uk:/vol1/run/ERR595/ERR5956736/TP02-02_TS2_Wk1_HF_CAT_R2.fq.gz","ftp.sra.ebi.ac.uk/vol1/run/ERR595/ERR5956736/TP02-02_TS2_Wk1_HF_CAT_R1.fq.gz;ftp.sra.ebi.ac.uk/vol1/run/ERR595/ERR5956736/TP02-02_TS2_Wk1_HF_CAT_R2.fq.gz","FASTQ;FASTQ",NA,NA,NA,NA,NA,"TP02-02_Week1_Study2OrangeFiber",NA,"TP02-02","1","Study2OrangeFiber",NA,"2021-05-23","ftp.sra.ebi.ac.uk/vol1/err/ERR595/006/ERR5956736.bam",1601720379,"e06bea00f2e542002542627b22ef6135"
"36","ERR5956580","ERP128019","SAMEA8793757","ERS6478107","ERX5597101","PRJEB44020","ERA4412254",256318,"metagenome","ILLUMINA","unspecified",NA,NA,"PAIRED","OTHER","METAGENOMIC","RANDOM",16700674,2053726149,"WASHINGTON UNIVERSITY CENTER FOR GENOME SCIENCES","2022-04-13","2022-04-13","unspecified sequencing: Raw reads: TP02-02_Week2_Study1PeaFiber","An approach for evaluating the effects of dietary fiber polysaccharides on the human gut microbiome and plasma proteome","ena-STUDY-WASHINGTON UNIVERSITY CENTER FOR GENOME SCIENCES-30-03-2021-04:15:02:361-407","webin-reads-TP02-02_Week2_Study1PeaFiber","webin-reads-TP02-02_Week2_Study1PeaFiber","619110457;642014881","a1bc442f64c506d820c2f2d887f6be29;8bdf209b7176e8ba3fecf16f09e9569a","ftp.sra.ebi.ac.uk/vol1/fastq/ERR595/000/ERR5956580/ERR5956580_1.fastq.gz;ftp.sra.ebi.ac.uk/vol1/fastq/ERR595/000/ERR5956580/ERR5956580_2.fastq.gz","fasp.sra.ebi.ac.uk:/vol1/fastq/ERR595/000/ERR5956580/ERR5956580_1.fastq.gz;fasp.sra.ebi.ac.uk:/vol1/fastq/ERR595/000/ERR5956580/ERR5956580_2.fastq.gz","ftp.sra.ebi.ac.uk/vol1/fastq/ERR595/000/ERR5956580/ERR5956580_1.fastq.gz;ftp.sra.ebi.ac.uk/vol1/fastq/ERR595/000/ERR5956580/ERR5956580_2.fastq.gz","596449279;619102142","bf9a5eb86246a04e3e596fe1e1556149;2cf9e1a8b9dc6fab979d3110c9618659","ftp.sra.ebi.ac.uk/vol1/run/ERR595/ERR5956580/TP02-02_TS1_Wk2_HF_CAT_R1.fq.gz;ftp.sra.ebi.ac.uk/vol1/run/ERR595/ERR5956580/TP02-02_TS1_Wk2_HF_CAT_R2.fq.gz","fasp.sra.ebi.ac.uk:/vol1/run/ERR595/ERR5956580/TP02-02_TS1_Wk2_HF_CAT_R1.fq.gz;fasp.sra.ebi.ac.uk:/vol1/run/ERR595/ERR5956580/TP02-02_TS1_Wk2_HF_CAT_R2.fq.gz","ftp.sra.ebi.ac.uk/vol1/run/ERR595/ERR5956580/TP02-02_TS1_Wk2_HF_CAT_R1.fq.gz;ftp.sra.ebi.ac.uk/vol1/run/ERR595/ERR5956580/TP02-02_TS1_Wk2_HF_CAT_R2.fq.gz","FASTQ;FASTQ",NA,NA,NA,NA,NA,"TP02-02_Week2_Study1PeaFiber",NA,"TP02-02","2","Study1PeaFiber",NA,"2021-05-21","ftp.sra.ebi.ac.uk/vol1/err/ERR595/000/ERR5956580.bam",1252907224,"13bd5bad46f94245d18e79dfe24abe09"
"37","ERR5956737","ERP128019","SAMEA8793886","ERS6478236","ERX5597258","PRJEB44020","ERA4412415",256318,"metagenome","ILLUMINA","unspecified",NA,NA,"PAIRED","OTHER","METAGENOMIC","RANDOM",19640044,2510231663,"WASHINGTON UNIVERSITY CENTER FOR GENOME SCIENCES","2022-04-13","2022-04-13","unspecified sequencing: Raw reads: TP02-02_Week2_Study2OrangeFiber","An approach for evaluating the effects of dietary fiber polysaccharides on the human gut microbiome and plasma proteome","ena-STUDY-WASHINGTON UNIVERSITY CENTER FOR GENOME SCIENCES-30-03-2021-04:15:02:361-407","webin-reads-TP02-02_Week2_Study2OrangeFiber","webin-reads-TP02-02_Week2_Study2OrangeFiber","767850054;883912807","8c2da37a0737e37a1b2c85eb95bf4a7c;88f7951607f5cad674eade03186198ca","ftp.sra.ebi.ac.uk/vol1/fastq/ERR595/007/ERR5956737/ERR5956737_1.fastq.gz;ftp.sra.ebi.ac.uk/vol1/fastq/ERR595/007/ERR5956737/ERR5956737_2.fastq.gz","fasp.sra.ebi.ac.uk:/vol1/fastq/ERR595/007/ERR5956737/ERR5956737_1.fastq.gz;fasp.sra.ebi.ac.uk:/vol1/fastq/ERR595/007/ERR5956737/ERR5956737_2.fastq.gz","ftp.sra.ebi.ac.uk/vol1/fastq/ERR595/007/ERR5956737/ERR5956737_1.fastq.gz;ftp.sra.ebi.ac.uk/vol1/fastq/ERR595/007/ERR5956737/ERR5956737_2.fastq.gz","734343545;850925373","41250d0b8746a81c019618a9dd2e1a87;b38ef150f1f5500cbe361652a0c9306c","ftp.sra.ebi.ac.uk/vol1/run/ERR595/ERR5956737/TP02-02_TS2_Wk2_HF_CAT_R1.fq.gz;ftp.sra.ebi.ac.uk/vol1/run/ERR595/ERR5956737/TP02-02_TS2_Wk2_HF_CAT_R2.fq.gz","fasp.sra.ebi.ac.uk:/vol1/run/ERR595/ERR5956737/TP02-02_TS2_Wk2_HF_CAT_R1.fq.gz;fasp.sra.ebi.ac.uk:/vol1/run/ERR595/ERR5956737/TP02-02_TS2_Wk2_HF_CAT_R2.fq.gz","ftp.sra.ebi.ac.uk/vol1/run/ERR595/ERR5956737/TP02-02_TS2_Wk2_HF_CAT_R1.fq.gz;ftp.sra.ebi.ac.uk/vol1/run/ERR595/ERR5956737/TP02-02_TS2_Wk2_HF_CAT_R2.fq.gz","FASTQ;FASTQ",NA,NA,NA,NA,NA,"TP02-02_Week2_Study2OrangeFiber",NA,"TP02-02","2","Study2OrangeFiber",NA,"2021-05-23","ftp.sra.ebi.ac.uk/vol1/err/ERR595/007/ERR5956737.bam",1662929397,"bd09c2aaf3bdd05601ed4ef01cde86ae"
"38","ERR5956581","ERP128019","SAMEA8793758","ERS6478108","ERX5597102","PRJEB44020","ERA4412255",256318,"metagenome","ILLUMINA","unspecified",NA,NA,"PAIRED","OTHER","METAGENOMIC","RANDOM",17100586,2097976208,"WASHINGTON UNIVERSITY CENTER FOR GENOME SCIENCES","2022-04-13","2022-04-13","unspecified sequencing: Raw reads: TP02-02_Week3_Study1PeaFiber","An approach for evaluating the effects of dietary fiber polysaccharides on the human gut microbiome and plasma proteome","ena-STUDY-WASHINGTON UNIVERSITY CENTER FOR GENOME SCIENCES-30-03-2021-04:15:02:361-407","webin-reads-TP02-02_Week3_Study1PeaFiber","webin-reads-TP02-02_Week3_Study1PeaFiber","625657252;656678514","231adf668bf3278626cd1e634bf88c1e;43b7bcffac3d9931e69bbba61534bc11","ftp.sra.ebi.ac.uk/vol1/fastq/ERR595/001/ERR5956581/ERR5956581_1.fastq.gz;ftp.sra.ebi.ac.uk/vol1/fastq/ERR595/001/ERR5956581/ERR5956581_2.fastq.gz","fasp.sra.ebi.ac.uk:/vol1/fastq/ERR595/001/ERR5956581/ERR5956581_1.fastq.gz;fasp.sra.ebi.ac.uk:/vol1/fastq/ERR595/001/ERR5956581/ERR5956581_2.fastq.gz","ftp.sra.ebi.ac.uk/vol1/fastq/ERR595/001/ERR5956581/ERR5956581_1.fastq.gz;ftp.sra.ebi.ac.uk/vol1/fastq/ERR595/001/ERR5956581/ERR5956581_2.fastq.gz","602070330;632811973","9e09cbf908aa36438227f26328e4d19e;8ef00e3d2a57f8451eeaa5f0fd8b8b2a","ftp.sra.ebi.ac.uk/vol1/run/ERR595/ERR5956581/TP02-02_TS1_Wk3_HF_CAT_R1.fq.gz;ftp.sra.ebi.ac.uk/vol1/run/ERR595/ERR5956581/TP02-02_TS1_Wk3_HF_CAT_R2.fq.gz","fasp.sra.ebi.ac.uk:/vol1/run/ERR595/ERR5956581/TP02-02_TS1_Wk3_HF_CAT_R1.fq.gz;fasp.sra.ebi.ac.uk:/vol1/run/ERR595/ERR5956581/TP02-02_TS1_Wk3_HF_CAT_R2.fq.gz","ftp.sra.ebi.ac.uk/vol1/run/ERR595/ERR5956581/TP02-02_TS1_Wk3_HF_CAT_R1.fq.gz;ftp.sra.ebi.ac.uk/vol1/run/ERR595/ERR5956581/TP02-02_TS1_Wk3_HF_CAT_R2.fq.gz","FASTQ;FASTQ",NA,NA,NA,NA,NA,"TP02-02_Week3_Study1PeaFiber",NA,"TP02-02","3","Study1PeaFiber",NA,"2021-05-21","ftp.sra.ebi.ac.uk/vol1/err/ERR595/001/ERR5956581.bam",1274387183,"a725e6b6223305382999a9a04d993f33"
"39","ERR5956583","ERP128019","SAMEA8793759","ERS6478109","ERX5597104","PRJEB44020","ERA4412257",256318,"metagenome","ILLUMINA","unspecified",NA,NA,"PAIRED","OTHER","METAGENOMIC","RANDOM",15332562,1843931238,"WASHINGTON UNIVERSITY CENTER FOR GENOME SCIENCES","2022-04-13","2022-04-13","unspecified sequencing: Raw reads: TP02-02_Week4_Study1PeaFiber","An approach for evaluating the effects of dietary fiber polysaccharides on the human gut microbiome and plasma proteome","ena-STUDY-WASHINGTON UNIVERSITY CENTER FOR GENOME SCIENCES-30-03-2021-04:15:02:361-407","webin-reads-TP02-02_Week4_Study1PeaFiber","webin-reads-TP02-02_Week4_Study1PeaFiber","555998839;575106806","5bd6884048a49ca67a8937833478448a;14688552b66d1059250c94570474ac3d","ftp.sra.ebi.ac.uk/vol1/fastq/ERR595/003/ERR5956583/ERR5956583_1.fastq.gz;ftp.sra.ebi.ac.uk/vol1/fastq/ERR595/003/ERR5956583/ERR5956583_2.fastq.gz","fasp.sra.ebi.ac.uk:/vol1/fastq/ERR595/003/ERR5956583/ERR5956583_1.fastq.gz;fasp.sra.ebi.ac.uk:/vol1/fastq/ERR595/003/ERR5956583/ERR5956583_2.fastq.gz","ftp.sra.ebi.ac.uk/vol1/fastq/ERR595/003/ERR5956583/ERR5956583_1.fastq.gz;ftp.sra.ebi.ac.uk/vol1/fastq/ERR595/003/ERR5956583/ERR5956583_2.fastq.gz","534999546;553910306","db61e5c715e67fa19f1160f988892ffb;2e44ff858df43e62fe163c891be65cfa","ftp.sra.ebi.ac.uk/vol1/run/ERR595/ERR5956583/TP02-02_TS1_Wk4_HF_CAT_R1.fq.gz;ftp.sra.ebi.ac.uk/vol1/run/ERR595/ERR5956583/TP02-02_TS1_Wk4_HF_CAT_R2.fq.gz","fasp.sra.ebi.ac.uk:/vol1/run/ERR595/ERR5956583/TP02-02_TS1_Wk4_HF_CAT_R1.fq.gz;fasp.sra.ebi.ac.uk:/vol1/run/ERR595/ERR5956583/TP02-02_TS1_Wk4_HF_CAT_R2.fq.gz","ftp.sra.ebi.ac.uk/vol1/run/ERR595/ERR5956583/TP02-02_TS1_Wk4_HF_CAT_R1.fq.gz;ftp.sra.ebi.ac.uk/vol1/run/ERR595/ERR5956583/TP02-02_TS1_Wk4_HF_CAT_R2.fq.gz","FASTQ;FASTQ",NA,NA,NA,NA,NA,"TP02-02_Week4_Study1PeaFiber",NA,"TP02-02","4","Study1PeaFiber",NA,"2021-05-21","ftp.sra.ebi.ac.uk/vol1/err/ERR595/003/ERR5956583.bam",1125441512,"0b699b50f90d14bd0fb056fab29b8364"
"40","ERR5956738","ERP128019","SAMEA8793887","ERS6478237","ERX5597259","PRJEB44020","ERA4412416",256318,"metagenome","ILLUMINA","unspecified",NA,NA,"PAIRED","OTHER","METAGENOMIC","RANDOM",19959306,2557615684,"WASHINGTON UNIVERSITY CENTER FOR GENOME SCIENCES","2022-04-13","2022-04-13","unspecified sequencing: Raw reads: TP02-02_Week5_Study2OrangeFiber","An approach for evaluating the effects of dietary fiber polysaccharides on the human gut microbiome and plasma proteome","ena-STUDY-WASHINGTON UNIVERSITY CENTER FOR GENOME SCIENCES-30-03-2021-04:15:02:361-407","webin-reads-TP02-02_Week5_Study2OrangeFiber","webin-reads-TP02-02_Week5_Study2OrangeFiber","823055743;911045213","71c43d75dcf6a5094c665625cea69c55;14850979a7bb3e5fbac550779257071c","ftp.sra.ebi.ac.uk/vol1/fastq/ERR595/008/ERR5956738/ERR5956738_1.fastq.gz;ftp.sra.ebi.ac.uk/vol1/fastq/ERR595/008/ERR5956738/ERR5956738_2.fastq.gz","fasp.sra.ebi.ac.uk:/vol1/fastq/ERR595/008/ERR5956738/ERR5956738_1.fastq.gz;fasp.sra.ebi.ac.uk:/vol1/fastq/ERR595/008/ERR5956738/ERR5956738_2.fastq.gz","ftp.sra.ebi.ac.uk/vol1/fastq/ERR595/008/ERR5956738/ERR5956738_1.fastq.gz;ftp.sra.ebi.ac.uk/vol1/fastq/ERR595/008/ERR5956738/ERR5956738_2.fastq.gz","788404289;876912171","4d99d50ef9d5abdfaeeef6722e761900;c66becc468f0929032c6043ebe5853cd","ftp.sra.ebi.ac.uk/vol1/run/ERR595/ERR5956738/TP02-02_TS2_Wk5_HF_CAT_R1.fq.gz;ftp.sra.ebi.ac.uk/vol1/run/ERR595/ERR5956738/TP02-02_TS2_Wk5_HF_CAT_R2.fq.gz","fasp.sra.ebi.ac.uk:/vol1/run/ERR595/ERR5956738/TP02-02_TS2_Wk5_HF_CAT_R1.fq.gz;fasp.sra.ebi.ac.uk:/vol1/run/ERR595/ERR5956738/TP02-02_TS2_Wk5_HF_CAT_R2.fq.gz","ftp.sra.ebi.ac.uk/vol1/run/ERR595/ERR5956738/TP02-02_TS2_Wk5_HF_CAT_R1.fq.gz;ftp.sra.ebi.ac.uk/vol1/run/ERR595/ERR5956738/TP02-02_TS2_Wk5_HF_CAT_R2.fq.gz","FASTQ;FASTQ",NA,NA,NA,NA,NA,"TP02-02_Week5_Study2OrangeFiber",NA,"TP02-02","5","Study2OrangeFiber",NA,"2021-05-23","ftp.sra.ebi.ac.uk/vol1/err/ERR595/008/ERR5956738.bam",1750426062,"94884d6c902b8c17335e7e51a4d064f7"
"41","ERR5956584","ERP128019","SAMEA8793760","ERS6478110","ERX5597105","PRJEB44020","ERA4412258",256318,"metagenome","ILLUMINA","unspecified",NA,NA,"PAIRED","OTHER","METAGENOMIC","RANDOM",16511434,2007495652,"WASHINGTON UNIVERSITY CENTER FOR GENOME SCIENCES","2022-04-13","2022-04-13","unspecified sequencing: Raw reads: TP02-02_Week5_Study1PeaFiber","An approach for evaluating the effects of dietary fiber polysaccharides on the human gut microbiome and plasma proteome","ena-STUDY-WASHINGTON UNIVERSITY CENTER FOR GENOME SCIENCES-30-03-2021-04:15:02:361-407","webin-reads-TP02-02_Week5_Study1PeaFiber","webin-reads-TP02-02_Week5_Study1PeaFiber","606620372;629447488","508290642ae0192b187c6d0b3b1345dc;d3c15fda20ea09d5c6c545a98574bb3a","ftp.sra.ebi.ac.uk/vol1/fastq/ERR595/004/ERR5956584/ERR5956584_1.fastq.gz;ftp.sra.ebi.ac.uk/vol1/fastq/ERR595/004/ERR5956584/ERR5956584_2.fastq.gz","fasp.sra.ebi.ac.uk:/vol1/fastq/ERR595/004/ERR5956584/ERR5956584_1.fastq.gz;fasp.sra.ebi.ac.uk:/vol1/fastq/ERR595/004/ERR5956584/ERR5956584_2.fastq.gz","ftp.sra.ebi.ac.uk/vol1/fastq/ERR595/004/ERR5956584/ERR5956584_1.fastq.gz;ftp.sra.ebi.ac.uk/vol1/fastq/ERR595/004/ERR5956584/ERR5956584_2.fastq.gz","583947768;606561631","d6eb37182ea9a19eb57a169fddc21419;11c902f804d91d84d571049d7c253100","ftp.sra.ebi.ac.uk/vol1/run/ERR595/ERR5956584/TP02-02_TS1_Wk5_HF_CAT_R1.fq.gz;ftp.sra.ebi.ac.uk/vol1/run/ERR595/ERR5956584/TP02-02_TS1_Wk5_HF_CAT_R2.fq.gz","fasp.sra.ebi.ac.uk:/vol1/run/ERR595/ERR5956584/TP02-02_TS1_Wk5_HF_CAT_R1.fq.gz;fasp.sra.ebi.ac.uk:/vol1/run/ERR595/ERR5956584/TP02-02_TS1_Wk5_HF_CAT_R2.fq.gz","ftp.sra.ebi.ac.uk/vol1/run/ERR595/ERR5956584/TP02-02_TS1_Wk5_HF_CAT_R1.fq.gz;ftp.sra.ebi.ac.uk/vol1/run/ERR595/ERR5956584/TP02-02_TS1_Wk5_HF_CAT_R2.fq.gz","FASTQ;FASTQ",NA,NA,NA,NA,NA,"TP02-02_Week5_Study1PeaFiber",NA,"TP02-02","5","Study1PeaFiber",NA,"2021-05-21","ftp.sra.ebi.ac.uk/vol1/err/ERR595/004/ERR5956584.bam",1230850113,"8b660c79514e7e1f577f62a5f6493d4b"
"42","ERR5956585","ERP128019","SAMEA8793761","ERS6478111","ERX5597106","PRJEB44020","ERA4412259",256318,"metagenome","ILLUMINA","unspecified",NA,NA,"PAIRED","OTHER","METAGENOMIC","RANDOM",16111384,2020075659,"WASHINGTON UNIVERSITY CENTER FOR GENOME SCIENCES","2022-04-13","2022-04-13","unspecified sequencing: Raw reads: TP02-02_Week8_Study1PeaFiber","An approach for evaluating the effects of dietary fiber polysaccharides on the human gut microbiome and plasma proteome","ena-STUDY-WASHINGTON UNIVERSITY CENTER FOR GENOME SCIENCES-30-03-2021-04:15:02:361-407","webin-reads-TP02-02_Week8_Study1PeaFiber","webin-reads-TP02-02_Week8_Study1PeaFiber","609089158;639068214","1e8f10faa8b7abcc804d7bc72146e6d9;f5e95d1babc10c5cd6e093320dce8198","ftp.sra.ebi.ac.uk/vol1/fastq/ERR595/005/ERR5956585/ERR5956585_1.fastq.gz;ftp.sra.ebi.ac.uk/vol1/fastq/ERR595/005/ERR5956585/ERR5956585_2.fastq.gz","fasp.sra.ebi.ac.uk:/vol1/fastq/ERR595/005/ERR5956585/ERR5956585_1.fastq.gz;fasp.sra.ebi.ac.uk:/vol1/fastq/ERR595/005/ERR5956585/ERR5956585_2.fastq.gz","ftp.sra.ebi.ac.uk/vol1/fastq/ERR595/005/ERR5956585/ERR5956585_1.fastq.gz;ftp.sra.ebi.ac.uk/vol1/fastq/ERR595/005/ERR5956585/ERR5956585_2.fastq.gz","586971335;616734421","772a3763d8281c24622eb328c1669740;58aa4340a62d6d074224242309cea0f7","ftp.sra.ebi.ac.uk/vol1/run/ERR595/ERR5956585/TP02-02_TS1_Wk8_HF_CAT_R1.fq.gz;ftp.sra.ebi.ac.uk/vol1/run/ERR595/ERR5956585/TP02-02_TS1_Wk8_HF_CAT_R2.fq.gz","fasp.sra.ebi.ac.uk:/vol1/run/ERR595/ERR5956585/TP02-02_TS1_Wk8_HF_CAT_R1.fq.gz;fasp.sra.ebi.ac.uk:/vol1/run/ERR595/ERR5956585/TP02-02_TS1_Wk8_HF_CAT_R2.fq.gz","ftp.sra.ebi.ac.uk/vol1/run/ERR595/ERR5956585/TP02-02_TS1_Wk8_HF_CAT_R1.fq.gz;ftp.sra.ebi.ac.uk/vol1/run/ERR595/ERR5956585/TP02-02_TS1_Wk8_HF_CAT_R2.fq.gz","FASTQ;FASTQ",NA,NA,NA,NA,NA,"TP02-02_Week8_Study1PeaFiber",NA,"TP02-02","8","Study1PeaFiber",NA,"2021-05-21","ftp.sra.ebi.ac.uk/vol1/err/ERR595/005/ERR5956585.bam",1242727856,"b27f89ba6af09f3ad847cf2eb0b61107"
"43","ERR5956739","ERP128019","SAMEA8793888","ERS6478238","ERX5597260","PRJEB44020","ERA4412417",256318,"metagenome","ILLUMINA","unspecified",NA,NA,"PAIRED","OTHER","METAGENOMIC","RANDOM",20018792,2607866397,"WASHINGTON UNIVERSITY CENTER FOR GENOME SCIENCES","2022-04-13","2022-04-13","unspecified sequencing: Raw reads: TP02-02_Week8_Study2OrangeFiber","An approach for evaluating the effects of dietary fiber polysaccharides on the human gut microbiome and plasma proteome","ena-STUDY-WASHINGTON UNIVERSITY CENTER FOR GENOME SCIENCES-30-03-2021-04:15:02:361-407","webin-reads-TP02-02_Week8_Study2OrangeFiber","webin-reads-TP02-02_Week8_Study2OrangeFiber","800274150;906933058","1c198210c0d8d2a86590d72405242a93;ce1441cf8639eea116bb62cbb4659794","ftp.sra.ebi.ac.uk/vol1/fastq/ERR595/009/ERR5956739/ERR5956739_1.fastq.gz;ftp.sra.ebi.ac.uk/vol1/fastq/ERR595/009/ERR5956739/ERR5956739_2.fastq.gz","fasp.sra.ebi.ac.uk:/vol1/fastq/ERR595/009/ERR5956739/ERR5956739_1.fastq.gz;fasp.sra.ebi.ac.uk:/vol1/fastq/ERR595/009/ERR5956739/ERR5956739_2.fastq.gz","ftp.sra.ebi.ac.uk/vol1/fastq/ERR595/009/ERR5956739/ERR5956739_1.fastq.gz;ftp.sra.ebi.ac.uk/vol1/fastq/ERR595/009/ERR5956739/ERR5956739_2.fastq.gz","765183307;872412548","6e345d6af2d56a7a0aee4dbefa73778b;f1c0737f27411f559d7cc53426b9c123","ftp.sra.ebi.ac.uk/vol1/run/ERR595/ERR5956739/TP02-02_TS2_Wk8_HF_CAT_R1.fq.gz;ftp.sra.ebi.ac.uk/vol1/run/ERR595/ERR5956739/TP02-02_TS2_Wk8_HF_CAT_R2.fq.gz","fasp.sra.ebi.ac.uk:/vol1/run/ERR595/ERR5956739/TP02-02_TS2_Wk8_HF_CAT_R1.fq.gz;fasp.sra.ebi.ac.uk:/vol1/run/ERR595/ERR5956739/TP02-02_TS2_Wk8_HF_CAT_R2.fq.gz","ftp.sra.ebi.ac.uk/vol1/run/ERR595/ERR5956739/TP02-02_TS2_Wk8_HF_CAT_R1.fq.gz;ftp.sra.ebi.ac.uk/vol1/run/ERR595/ERR5956739/TP02-02_TS2_Wk8_HF_CAT_R2.fq.gz","FASTQ;FASTQ",NA,NA,NA,NA,NA,"TP02-02_Week8_Study2OrangeFiber",NA,"TP02-02","8","Study2OrangeFiber",NA,"2021-05-23","ftp.sra.ebi.ac.uk/vol1/err/ERR595/009/ERR5956739.bam",1716607009,"4980d899f61e8b314c33c017670f2a35"
"44","ERR5956587","ERP128019","SAMEA8793762","ERS6478112","ERX5597108","PRJEB44020","ERA4412261",256318,"metagenome","ILLUMINA","unspecified",NA,NA,"PAIRED","OTHER","METAGENOMIC","RANDOM",16773504,2112397111,"WASHINGTON UNIVERSITY CENTER FOR GENOME SCIENCES","2022-04-13","2022-04-13","unspecified sequencing: Raw reads: TP02-02_Week9_Study1PeaFiber","An approach for evaluating the effects of dietary fiber polysaccharides on the human gut microbiome and plasma proteome","ena-STUDY-WASHINGTON UNIVERSITY CENTER FOR GENOME SCIENCES-30-03-2021-04:15:02:361-407","webin-reads-TP02-02_Week9_Study1PeaFiber","webin-reads-TP02-02_Week9_Study1PeaFiber","636736664;660092234","7519e37772db6aff7d63d9dce3480ced;bdedd3f8d9c90c62ed8c79c52c7fa995","ftp.sra.ebi.ac.uk/vol1/fastq/ERR595/007/ERR5956587/ERR5956587_1.fastq.gz;ftp.sra.ebi.ac.uk/vol1/fastq/ERR595/007/ERR5956587/ERR5956587_2.fastq.gz","fasp.sra.ebi.ac.uk:/vol1/fastq/ERR595/007/ERR5956587/ERR5956587_1.fastq.gz;fasp.sra.ebi.ac.uk:/vol1/fastq/ERR595/007/ERR5956587/ERR5956587_2.fastq.gz","ftp.sra.ebi.ac.uk/vol1/fastq/ERR595/007/ERR5956587/ERR5956587_1.fastq.gz;ftp.sra.ebi.ac.uk/vol1/fastq/ERR595/007/ERR5956587/ERR5956587_2.fastq.gz","613847312;636967139","8938a7613db21984782dfe4f18369eda;030ab76e69a7157c204460bc840c4119","ftp.sra.ebi.ac.uk/vol1/run/ERR595/ERR5956587/TP02-02_TS1_Wk9_HF_CAT_R1.fq.gz;ftp.sra.ebi.ac.uk/vol1/run/ERR595/ERR5956587/TP02-02_TS1_Wk9_HF_CAT_R2.fq.gz","fasp.sra.ebi.ac.uk:/vol1/run/ERR595/ERR5956587/TP02-02_TS1_Wk9_HF_CAT_R1.fq.gz;fasp.sra.ebi.ac.uk:/vol1/run/ERR595/ERR5956587/TP02-02_TS1_Wk9_HF_CAT_R2.fq.gz","ftp.sra.ebi.ac.uk/vol1/run/ERR595/ERR5956587/TP02-02_TS1_Wk9_HF_CAT_R1.fq.gz;ftp.sra.ebi.ac.uk/vol1/run/ERR595/ERR5956587/TP02-02_TS1_Wk9_HF_CAT_R2.fq.gz","FASTQ;FASTQ",NA,NA,NA,NA,NA,"TP02-02_Week9_Study1PeaFiber",NA,"TP02-02","9","Study1PeaFiber",NA,"2021-05-21","ftp.sra.ebi.ac.uk/vol1/err/ERR595/007/ERR5956587.bam",1289758757,"d11d2fc5d7cb3a0e2d4ff6be1ef8cf7c"
"45","ERR5956588","ERP128019","SAMEA8793763","ERS6478113","ERX5597109","PRJEB44020","ERA4412262",256318,"metagenome","ILLUMINA","unspecified",NA,NA,"PAIRED","OTHER","METAGENOMIC","RANDOM",17345096,2095762463,"WASHINGTON UNIVERSITY CENTER FOR GENOME SCIENCES","2022-04-13","2022-04-13","unspecified sequencing: Raw reads: TP03-01_Week1_Study1PeaFiber","An approach for evaluating the effects of dietary fiber polysaccharides on the human gut microbiome and plasma proteome","ena-STUDY-WASHINGTON UNIVERSITY CENTER FOR GENOME SCIENCES-30-03-2021-04:15:02:361-407","webin-reads-TP03-01_Week1_Study1PeaFiber","webin-reads-TP03-01_Week1_Study1PeaFiber","635299274;667256207","047aa0a91408842a3a941a3abdd0ea32;087fd2f2e36455860c323357ef887212","ftp.sra.ebi.ac.uk/vol1/fastq/ERR595/008/ERR5956588/ERR5956588_1.fastq.gz;ftp.sra.ebi.ac.uk/vol1/fastq/ERR595/008/ERR5956588/ERR5956588_2.fastq.gz","fasp.sra.ebi.ac.uk:/vol1/fastq/ERR595/008/ERR5956588/ERR5956588_1.fastq.gz;fasp.sra.ebi.ac.uk:/vol1/fastq/ERR595/008/ERR5956588/ERR5956588_2.fastq.gz","ftp.sra.ebi.ac.uk/vol1/fastq/ERR595/008/ERR5956588/ERR5956588_1.fastq.gz;ftp.sra.ebi.ac.uk/vol1/fastq/ERR595/008/ERR5956588/ERR5956588_2.fastq.gz","611303132;643012638","b3712fd2e987fe33e8053f1091d3d2f5;a469c4dc8eb970a5ddecb07dbe05d8e8","ftp.sra.ebi.ac.uk/vol1/run/ERR595/ERR5956588/TP03-01_TS1_Wk1_HF_CAT_R1.fq.gz;ftp.sra.ebi.ac.uk/vol1/run/ERR595/ERR5956588/TP03-01_TS1_Wk1_HF_CAT_R2.fq.gz","fasp.sra.ebi.ac.uk:/vol1/run/ERR595/ERR5956588/TP03-01_TS1_Wk1_HF_CAT_R1.fq.gz;fasp.sra.ebi.ac.uk:/vol1/run/ERR595/ERR5956588/TP03-01_TS1_Wk1_HF_CAT_R2.fq.gz","ftp.sra.ebi.ac.uk/vol1/run/ERR595/ERR5956588/TP03-01_TS1_Wk1_HF_CAT_R1.fq.gz;ftp.sra.ebi.ac.uk/vol1/run/ERR595/ERR5956588/TP03-01_TS1_Wk1_HF_CAT_R2.fq.gz","FASTQ;FASTQ",NA,NA,NA,NA,NA,"TP03-01_Week1_Study1PeaFiber",NA,"TP03-01","1","Study1PeaFiber",NA,"2021-05-21","ftp.sra.ebi.ac.uk/vol1/err/ERR595/008/ERR5956588.bam",1296336085,"16fc4c0cedec5b55b02b7be824ede2e7"
"46","ERR5956767","ERP128019","SAMEA8793913","ERS6478263","ERX5597288","PRJEB44020","ERA4412447",256318,"metagenome","ILLUMINA","unspecified",NA,NA,"PAIRED","OTHER","METAGENOMIC","RANDOM",20751034,2599822644,"WASHINGTON UNIVERSITY CENTER FOR GENOME SCIENCES","2022-04-13","2022-04-13","unspecified sequencing: Raw reads: TP03-01_Week1_Study2OrangeFiber","An approach for evaluating the effects of dietary fiber polysaccharides on the human gut microbiome and plasma proteome","ena-STUDY-WASHINGTON UNIVERSITY CENTER FOR GENOME SCIENCES-30-03-2021-04:15:02:361-407","webin-reads-TP03-01_Week1_Study2OrangeFiber","webin-reads-TP03-01_Week1_Study2OrangeFiber","788006517;900228378","200be303cb1b28183b0f86c49d9a1dc1;60762dff834a1060a595bc45bc6336b3","ftp.sra.ebi.ac.uk/vol1/fastq/ERR595/007/ERR5956767/ERR5956767_1.fastq.gz;ftp.sra.ebi.ac.uk/vol1/fastq/ERR595/007/ERR5956767/ERR5956767_2.fastq.gz","fasp.sra.ebi.ac.uk:/vol1/fastq/ERR595/007/ERR5956767/ERR5956767_1.fastq.gz;fasp.sra.ebi.ac.uk:/vol1/fastq/ERR595/007/ERR5956767/ERR5956767_2.fastq.gz","ftp.sra.ebi.ac.uk/vol1/fastq/ERR595/007/ERR5956767/ERR5956767_1.fastq.gz;ftp.sra.ebi.ac.uk/vol1/fastq/ERR595/007/ERR5956767/ERR5956767_2.fastq.gz","752201049;864958583","0ded2678b3270f5704f18989d76b5c0d;726d4e0da5ce8acad2a71d23efbe4582","ftp.sra.ebi.ac.uk/vol1/run/ERR595/ERR5956767/TP03-01_TS2_Wk1_HF_CAT_R1.fq.gz;ftp.sra.ebi.ac.uk/vol1/run/ERR595/ERR5956767/TP03-01_TS2_Wk1_HF_CAT_R2.fq.gz","fasp.sra.ebi.ac.uk:/vol1/run/ERR595/ERR5956767/TP03-01_TS2_Wk1_HF_CAT_R1.fq.gz;fasp.sra.ebi.ac.uk:/vol1/run/ERR595/ERR5956767/TP03-01_TS2_Wk1_HF_CAT_R2.fq.gz","ftp.sra.ebi.ac.uk/vol1/run/ERR595/ERR5956767/TP03-01_TS2_Wk1_HF_CAT_R1.fq.gz;ftp.sra.ebi.ac.uk/vol1/run/ERR595/ERR5956767/TP03-01_TS2_Wk1_HF_CAT_R2.fq.gz","FASTQ;FASTQ",NA,NA,NA,NA,NA,"TP03-01_Week1_Study2OrangeFiber",NA,"TP03-01","1","Study2OrangeFiber",NA,"2021-05-23","ftp.sra.ebi.ac.uk/vol1/err/ERR595/007/ERR5956767.bam",1699194707,"cf880210f83059230fe04865b2a4c989"
"47","ERR5956589","ERP128019","SAMEA8793764","ERS6478114","ERX5597110","PRJEB44020","ERA4412263",256318,"metagenome","ILLUMINA","unspecified",NA,NA,"PAIRED","OTHER","METAGENOMIC","RANDOM",16548398,2085782774,"WASHINGTON UNIVERSITY CENTER FOR GENOME SCIENCES","2022-04-13","2022-04-13","unspecified sequencing: Raw reads: TP03-01_Week2_Study1PeaFiber","An approach for evaluating the effects of dietary fiber polysaccharides on the human gut microbiome and plasma proteome","ena-STUDY-WASHINGTON UNIVERSITY CENTER FOR GENOME SCIENCES-30-03-2021-04:15:02:361-407","webin-reads-TP03-01_Week2_Study1PeaFiber","webin-reads-TP03-01_Week2_Study1PeaFiber","623126836;648197375","b88107572969764c8eec9b018e6ee8d3;d45b5f81146ce2ede6aaa955d933800e","ftp.sra.ebi.ac.uk/vol1/fastq/ERR595/009/ERR5956589/ERR5956589_1.fastq.gz;ftp.sra.ebi.ac.uk/vol1/fastq/ERR595/009/ERR5956589/ERR5956589_2.fastq.gz","fasp.sra.ebi.ac.uk:/vol1/fastq/ERR595/009/ERR5956589/ERR5956589_1.fastq.gz;fasp.sra.ebi.ac.uk:/vol1/fastq/ERR595/009/ERR5956589/ERR5956589_2.fastq.gz","ftp.sra.ebi.ac.uk/vol1/fastq/ERR595/009/ERR5956589/ERR5956589_1.fastq.gz;ftp.sra.ebi.ac.uk/vol1/fastq/ERR595/009/ERR5956589/ERR5956589_2.fastq.gz","600360832;625196823","10d67a36e8a7962ef54b42c278300b23;10790636690272905f681cacedbc778f","ftp.sra.ebi.ac.uk/vol1/run/ERR595/ERR5956589/TP03-01_TS1_Wk2_HF_CAT_R1.fq.gz;ftp.sra.ebi.ac.uk/vol1/run/ERR595/ERR5956589/TP03-01_TS1_Wk2_HF_CAT_R2.fq.gz","fasp.sra.ebi.ac.uk:/vol1/run/ERR595/ERR5956589/TP03-01_TS1_Wk2_HF_CAT_R1.fq.gz;fasp.sra.ebi.ac.uk:/vol1/run/ERR595/ERR5956589/TP03-01_TS1_Wk2_HF_CAT_R2.fq.gz","ftp.sra.ebi.ac.uk/vol1/run/ERR595/ERR5956589/TP03-01_TS1_Wk2_HF_CAT_R1.fq.gz;ftp.sra.ebi.ac.uk/vol1/run/ERR595/ERR5956589/TP03-01_TS1_Wk2_HF_CAT_R2.fq.gz","FASTQ;FASTQ",NA,NA,NA,NA,NA,"TP03-01_Week2_Study1PeaFiber",NA,"TP03-01","2","Study1PeaFiber",NA,"2021-05-21","ftp.sra.ebi.ac.uk/vol1/err/ERR595/009/ERR5956589.bam",1263046243,"17f70162a4db8185ba9ac1410d08cce0"
"48","ERR5956768","ERP128019","SAMEA8793914","ERS6478264","ERX5597289","PRJEB44020","ERA4412448",256318,"metagenome","ILLUMINA","unspecified",NA,NA,"PAIRED","OTHER","METAGENOMIC","RANDOM",21042978,2686082457,"WASHINGTON UNIVERSITY CENTER FOR GENOME SCIENCES","2022-04-13","2022-04-13","unspecified sequencing: Raw reads: TP03-01_Week2_Study2OrangeFiber","An approach for evaluating the effects of dietary fiber polysaccharides on the human gut microbiome and plasma proteome","ena-STUDY-WASHINGTON UNIVERSITY CENTER FOR GENOME SCIENCES-30-03-2021-04:15:02:361-407","webin-reads-TP03-01_Week2_Study2OrangeFiber","webin-reads-TP03-01_Week2_Study2OrangeFiber","855732322;946717883","1d654895824889801fee607e270e132d;20697379840935dbf71a4d86bab2f3fc","ftp.sra.ebi.ac.uk/vol1/fastq/ERR595/008/ERR5956768/ERR5956768_1.fastq.gz;ftp.sra.ebi.ac.uk/vol1/fastq/ERR595/008/ERR5956768/ERR5956768_2.fastq.gz","fasp.sra.ebi.ac.uk:/vol1/fastq/ERR595/008/ERR5956768/ERR5956768_1.fastq.gz;fasp.sra.ebi.ac.uk:/vol1/fastq/ERR595/008/ERR5956768/ERR5956768_2.fastq.gz","ftp.sra.ebi.ac.uk/vol1/fastq/ERR595/008/ERR5956768/ERR5956768_1.fastq.gz;ftp.sra.ebi.ac.uk/vol1/fastq/ERR595/008/ERR5956768/ERR5956768_2.fastq.gz","819484169;910970851","0b7426142dce89e30a16526031c2fcc4;7b7e80a11d9b9a3587dfc97d9627a1ce","ftp.sra.ebi.ac.uk/vol1/run/ERR595/ERR5956768/TP03-01_TS2_Wk2_HF_CAT_R1.fq.gz;ftp.sra.ebi.ac.uk/vol1/run/ERR595/ERR5956768/TP03-01_TS2_Wk2_HF_CAT_R2.fq.gz","fasp.sra.ebi.ac.uk:/vol1/run/ERR595/ERR5956768/TP03-01_TS2_Wk2_HF_CAT_R1.fq.gz;fasp.sra.ebi.ac.uk:/vol1/run/ERR595/ERR5956768/TP03-01_TS2_Wk2_HF_CAT_R2.fq.gz","ftp.sra.ebi.ac.uk/vol1/run/ERR595/ERR5956768/TP03-01_TS2_Wk2_HF_CAT_R1.fq.gz;ftp.sra.ebi.ac.uk/vol1/run/ERR595/ERR5956768/TP03-01_TS2_Wk2_HF_CAT_R2.fq.gz","FASTQ;FASTQ",NA,NA,NA,NA,NA,"TP03-01_Week2_Study2OrangeFiber",NA,"TP03-01","2","Study2OrangeFiber",NA,"2021-05-23","ftp.sra.ebi.ac.uk/vol1/err/ERR595/008/ERR5956768.bam",1817210526,"fdaf7b1eb127ddb9f2e0d92af76b9f1f"
"49","ERR5956590","ERP128019","SAMEA8793765","ERS6478115","ERX5597111","PRJEB44020","ERA4412264",256318,"metagenome","ILLUMINA","unspecified",NA,NA,"PAIRED","OTHER","METAGENOMIC","RANDOM",17047766,2036035602,"WASHINGTON UNIVERSITY CENTER FOR GENOME SCIENCES","2022-04-13","2022-04-13","unspecified sequencing: Raw reads: TP03-01_Week3_Study1PeaFiber","An approach for evaluating the effects of dietary fiber polysaccharides on the human gut microbiome and plasma proteome","ena-STUDY-WASHINGTON UNIVERSITY CENTER FOR GENOME SCIENCES-30-03-2021-04:15:02:361-407","webin-reads-TP03-01_Week3_Study1PeaFiber","webin-reads-TP03-01_Week3_Study1PeaFiber","631719539;647874419","06242ae83e30d047b90abb98d166a59a;2d821f43e31c8cef58c423bc839ff21a","ftp.sra.ebi.ac.uk/vol1/fastq/ERR595/000/ERR5956590/ERR5956590_1.fastq.gz;ftp.sra.ebi.ac.uk/vol1/fastq/ERR595/000/ERR5956590/ERR5956590_2.fastq.gz","fasp.sra.ebi.ac.uk:/vol1/fastq/ERR595/000/ERR5956590/ERR5956590_1.fastq.gz;fasp.sra.ebi.ac.uk:/vol1/fastq/ERR595/000/ERR5956590/ERR5956590_2.fastq.gz","ftp.sra.ebi.ac.uk/vol1/fastq/ERR595/000/ERR5956590/ERR5956590_1.fastq.gz;ftp.sra.ebi.ac.uk/vol1/fastq/ERR595/000/ERR5956590/ERR5956590_2.fastq.gz","608193803;624102978","1945b78ab314d4df3d60cc7ec7c32ec1;de6c3ffe0f3651a7b203900b3c0727fb","ftp.sra.ebi.ac.uk/vol1/run/ERR595/ERR5956590/TP03-01_TS1_Wk3_HF_CAT_R1.fq.gz;ftp.sra.ebi.ac.uk/vol1/run/ERR595/ERR5956590/TP03-01_TS1_Wk3_HF_CAT_R2.fq.gz","fasp.sra.ebi.ac.uk:/vol1/run/ERR595/ERR5956590/TP03-01_TS1_Wk3_HF_CAT_R1.fq.gz;fasp.sra.ebi.ac.uk:/vol1/run/ERR595/ERR5956590/TP03-01_TS1_Wk3_HF_CAT_R2.fq.gz","ftp.sra.ebi.ac.uk/vol1/run/ERR595/ERR5956590/TP03-01_TS1_Wk3_HF_CAT_R1.fq.gz;ftp.sra.ebi.ac.uk/vol1/run/ERR595/ERR5956590/TP03-01_TS1_Wk3_HF_CAT_R2.fq.gz","FASTQ;FASTQ",NA,NA,NA,NA,NA,"TP03-01_Week3_Study1PeaFiber",NA,"TP03-01","3","Study1PeaFiber",NA,"2021-05-21","ftp.sra.ebi.ac.uk/vol1/err/ERR595/000/ERR5956590.bam",1278133161,"b6e1e1808cb8c6eac84e478b689b31a7"
"50","ERR5956592","ERP128019","SAMEA8793766","ERS6478116","ERX5597113","PRJEB44020","ERA4412266",256318,"metagenome","ILLUMINA","unspecified",NA,NA,"PAIRED","OTHER","METAGENOMIC","RANDOM",17144044,2106908674,"WASHINGTON UNIVERSITY CENTER FOR GENOME SCIENCES","2022-04-13","2022-04-13","unspecified sequencing: Raw reads: TP03-01_Week4_Study1PeaFiber","An approach for evaluating the effects of dietary fiber polysaccharides on the human gut microbiome and plasma proteome","ena-STUDY-WASHINGTON UNIVERSITY CENTER FOR GENOME SCIENCES-30-03-2021-04:15:02:361-407","webin-reads-TP03-01_Week4_Study1PeaFiber","webin-reads-TP03-01_Week4_Study1PeaFiber","629686674;654459721","7d7cfb67c4708b85bbb1792ae66aaaf1;9ccf989840e625b6a3b8a0fb9ce44104","ftp.sra.ebi.ac.uk/vol1/fastq/ERR595/002/ERR5956592/ERR5956592_1.fastq.gz;ftp.sra.ebi.ac.uk/vol1/fastq/ERR595/002/ERR5956592/ERR5956592_2.fastq.gz","fasp.sra.ebi.ac.uk:/vol1/fastq/ERR595/002/ERR5956592/ERR5956592_1.fastq.gz;fasp.sra.ebi.ac.uk:/vol1/fastq/ERR595/002/ERR5956592/ERR5956592_2.fastq.gz","ftp.sra.ebi.ac.uk/vol1/fastq/ERR595/002/ERR5956592/ERR5956592_1.fastq.gz;ftp.sra.ebi.ac.uk/vol1/fastq/ERR595/002/ERR5956592/ERR5956592_2.fastq.gz","606068930;630589505","ccc28f603498bcc5262542f818803869;d46bca049332b486a06f6a4598d43a9e","ftp.sra.ebi.ac.uk/vol1/run/ERR595/ERR5956592/TP03-01_TS1_Wk4_HF_CAT_R1.fq.gz;ftp.sra.ebi.ac.uk/vol1/run/ERR595/ERR5956592/TP03-01_TS1_Wk4_HF_CAT_R2.fq.gz","fasp.sra.ebi.ac.uk:/vol1/run/ERR595/ERR5956592/TP03-01_TS1_Wk4_HF_CAT_R1.fq.gz;fasp.sra.ebi.ac.uk:/vol1/run/ERR595/ERR5956592/TP03-01_TS1_Wk4_HF_CAT_R2.fq.gz","ftp.sra.ebi.ac.uk/vol1/run/ERR595/ERR5956592/TP03-01_TS1_Wk4_HF_CAT_R1.fq.gz;ftp.sra.ebi.ac.uk/vol1/run/ERR595/ERR5956592/TP03-01_TS1_Wk4_HF_CAT_R2.fq.gz","FASTQ;FASTQ",NA,NA,NA,NA,NA,"TP03-01_Week4_Study1PeaFiber",NA,"TP03-01","4","Study1PeaFiber",NA,"2021-05-21","ftp.sra.ebi.ac.uk/vol1/err/ERR595/002/ERR5956592.bam",1276084788,"9d558796cba633efae55c0586038300f"
"51","ERR5956593","ERP128019","SAMEA8793767","ERS6478117","ERX5597114","PRJEB44020","ERA4412268",256318,"metagenome","ILLUMINA","unspecified",NA,NA,"PAIRED","OTHER","METAGENOMIC","RANDOM",17233162,2118299559,"WASHINGTON UNIVERSITY CENTER FOR GENOME SCIENCES","2022-04-13","2022-04-13","unspecified sequencing: Raw reads: TP03-01_Week5_Study1PeaFiber","An approach for evaluating the effects of dietary fiber polysaccharides on the human gut microbiome and plasma proteome","ena-STUDY-WASHINGTON UNIVERSITY CENTER FOR GENOME SCIENCES-30-03-2021-04:15:02:361-407","webin-reads-TP03-01_Week5_Study1PeaFiber","webin-reads-TP03-01_Week5_Study1PeaFiber","634265748;659654788","91a32d5cb2a8fd34d8aa1a51558d9714;fd489004622ad7bec13e27ff3741cecb","ftp.sra.ebi.ac.uk/vol1/fastq/ERR595/003/ERR5956593/ERR5956593_1.fastq.gz;ftp.sra.ebi.ac.uk/vol1/fastq/ERR595/003/ERR5956593/ERR5956593_2.fastq.gz","fasp.sra.ebi.ac.uk:/vol1/fastq/ERR595/003/ERR5956593/ERR5956593_1.fastq.gz;fasp.sra.ebi.ac.uk:/vol1/fastq/ERR595/003/ERR5956593/ERR5956593_2.fastq.gz","ftp.sra.ebi.ac.uk/vol1/fastq/ERR595/003/ERR5956593/ERR5956593_1.fastq.gz;ftp.sra.ebi.ac.uk/vol1/fastq/ERR595/003/ERR5956593/ERR5956593_2.fastq.gz","610424916;635554794","7a44a40b3548701ed121838a40cc933d;4f9757313a51b9b74621b2c1b236ec37","ftp.sra.ebi.ac.uk/vol1/run/ERR595/ERR5956593/TP03-01_TS1_Wk5_HF_CAT_R1.fq.gz;ftp.sra.ebi.ac.uk/vol1/run/ERR595/ERR5956593/TP03-01_TS1_Wk5_HF_CAT_R2.fq.gz","fasp.sra.ebi.ac.uk:/vol1/run/ERR595/ERR5956593/TP03-01_TS1_Wk5_HF_CAT_R1.fq.gz;fasp.sra.ebi.ac.uk:/vol1/run/ERR595/ERR5956593/TP03-01_TS1_Wk5_HF_CAT_R2.fq.gz","ftp.sra.ebi.ac.uk/vol1/run/ERR595/ERR5956593/TP03-01_TS1_Wk5_HF_CAT_R1.fq.gz;ftp.sra.ebi.ac.uk/vol1/run/ERR595/ERR5956593/TP03-01_TS1_Wk5_HF_CAT_R2.fq.gz","FASTQ;FASTQ",NA,NA,NA,NA,NA,"TP03-01_Week5_Study1PeaFiber",NA,"TP03-01","5","Study1PeaFiber",NA,"2021-05-21","ftp.sra.ebi.ac.uk/vol1/err/ERR595/003/ERR5956593.bam",1286481845,"9c43e4c323078683280aa87110ccf75c"
"52","ERR5956770","ERP128019","SAMEA8793915","ERS6478265","ERX5597291","PRJEB44020","ERA4412450",256318,"metagenome","ILLUMINA","unspecified",NA,NA,"PAIRED","OTHER","METAGENOMIC","RANDOM",19612036,2464664892,"WASHINGTON UNIVERSITY CENTER FOR GENOME SCIENCES","2022-04-13","2022-04-13","unspecified sequencing: Raw reads: TP03-01_Week5_Study2OrangeFiber","An approach for evaluating the effects of dietary fiber polysaccharides on the human gut microbiome and plasma proteome","ena-STUDY-WASHINGTON UNIVERSITY CENTER FOR GENOME SCIENCES-30-03-2021-04:15:02:361-407","webin-reads-TP03-01_Week5_Study2OrangeFiber","webin-reads-TP03-01_Week5_Study2OrangeFiber","749900951;852765194","17bb6ee71e891997714d437a2c6baaa0;d7cc934f6406bf10ac969ce1806cfbe6","ftp.sra.ebi.ac.uk/vol1/fastq/ERR595/000/ERR5956770/ERR5956770_1.fastq.gz;ftp.sra.ebi.ac.uk/vol1/fastq/ERR595/000/ERR5956770/ERR5956770_2.fastq.gz","fasp.sra.ebi.ac.uk:/vol1/fastq/ERR595/000/ERR5956770/ERR5956770_1.fastq.gz;fasp.sra.ebi.ac.uk:/vol1/fastq/ERR595/000/ERR5956770/ERR5956770_2.fastq.gz","ftp.sra.ebi.ac.uk/vol1/fastq/ERR595/000/ERR5956770/ERR5956770_1.fastq.gz;ftp.sra.ebi.ac.uk/vol1/fastq/ERR595/000/ERR5956770/ERR5956770_2.fastq.gz","716012497;819277790","c1f184b2058a1b01f126f1369c128e6b;0167a67471bd9149553bcca858d9a3b1","ftp.sra.ebi.ac.uk/vol1/run/ERR595/ERR5956770/TP03-01_TS2_Wk5_HF_CAT_R1.fq.gz;ftp.sra.ebi.ac.uk/vol1/run/ERR595/ERR5956770/TP03-01_TS2_Wk5_HF_CAT_R2.fq.gz","fasp.sra.ebi.ac.uk:/vol1/run/ERR595/ERR5956770/TP03-01_TS2_Wk5_HF_CAT_R1.fq.gz;fasp.sra.ebi.ac.uk:/vol1/run/ERR595/ERR5956770/TP03-01_TS2_Wk5_HF_CAT_R2.fq.gz","ftp.sra.ebi.ac.uk/vol1/run/ERR595/ERR5956770/TP03-01_TS2_Wk5_HF_CAT_R1.fq.gz;ftp.sra.ebi.ac.uk/vol1/run/ERR595/ERR5956770/TP03-01_TS2_Wk5_HF_CAT_R2.fq.gz","FASTQ;FASTQ",NA,NA,NA,NA,NA,"TP03-01_Week5_Study2OrangeFiber",NA,"TP03-01","5","Study2OrangeFiber",NA,"2021-05-23","ftp.sra.ebi.ac.uk/vol1/err/ERR595/000/ERR5956770.bam",1612340374,"5cbd54b716b8f42f2b012f6567670249"
"53","ERR5956594","ERP128019","SAMEA8793768","ERS6478118","ERX5597115","PRJEB44020","ERA4412269",256318,"metagenome","ILLUMINA","unspecified",NA,NA,"PAIRED","OTHER","METAGENOMIC","RANDOM",15493418,1861009974,"WASHINGTON UNIVERSITY CENTER FOR GENOME SCIENCES","2022-04-13","2022-04-13","unspecified sequencing: Raw reads: TP03-01_Week8_Study1PeaFiber","An approach for evaluating the effects of dietary fiber polysaccharides on the human gut microbiome and plasma proteome","ena-STUDY-WASHINGTON UNIVERSITY CENTER FOR GENOME SCIENCES-30-03-2021-04:15:02:361-407","webin-reads-TP03-01_Week8_Study1PeaFiber","webin-reads-TP03-01_Week8_Study1PeaFiber","556359464;581939253","4b5dab80733a0e83e7743c46ff831fa4;7b75dafb49d82d377b44953364897928","ftp.sra.ebi.ac.uk/vol1/fastq/ERR595/004/ERR5956594/ERR5956594_1.fastq.gz;ftp.sra.ebi.ac.uk/vol1/fastq/ERR595/004/ERR5956594/ERR5956594_2.fastq.gz","fasp.sra.ebi.ac.uk:/vol1/fastq/ERR595/004/ERR5956594/ERR5956594_1.fastq.gz;fasp.sra.ebi.ac.uk:/vol1/fastq/ERR595/004/ERR5956594/ERR5956594_2.fastq.gz","ftp.sra.ebi.ac.uk/vol1/fastq/ERR595/004/ERR5956594/ERR5956594_1.fastq.gz;ftp.sra.ebi.ac.uk/vol1/fastq/ERR595/004/ERR5956594/ERR5956594_2.fastq.gz","534976002;560315017","1e0ce0315008e45c09e2d951e88912f7;08387dedf70709f79859ef2d296f7a55","ftp.sra.ebi.ac.uk/vol1/run/ERR595/ERR5956594/TP03-01_TS1_Wk8_HF_CAT_R1.fq.gz;ftp.sra.ebi.ac.uk/vol1/run/ERR595/ERR5956594/TP03-01_TS1_Wk8_HF_CAT_R2.fq.gz","fasp.sra.ebi.ac.uk:/vol1/run/ERR595/ERR5956594/TP03-01_TS1_Wk8_HF_CAT_R1.fq.gz;fasp.sra.ebi.ac.uk:/vol1/run/ERR595/ERR5956594/TP03-01_TS1_Wk8_HF_CAT_R2.fq.gz","ftp.sra.ebi.ac.uk/vol1/run/ERR595/ERR5956594/TP03-01_TS1_Wk8_HF_CAT_R1.fq.gz;ftp.sra.ebi.ac.uk/vol1/run/ERR595/ERR5956594/TP03-01_TS1_Wk8_HF_CAT_R2.fq.gz","FASTQ;FASTQ",NA,NA,NA,NA,NA,"TP03-01_Week8_Study1PeaFiber",NA,"TP03-01","8","Study1PeaFiber",NA,"2021-05-21","ftp.sra.ebi.ac.uk/vol1/err/ERR595/004/ERR5956594.bam",1131570741,"351a292b1c77948c9b9a87ddd5d4cada"
"54","ERR5956985","ERP128019","SAMEA8793916","ERS6478266","ERX5597506","PRJEB44020","ERA4412452",256318,"metagenome","ILLUMINA","unspecified",NA,NA,"PAIRED","OTHER","METAGENOMIC","RANDOM",19526698,2522874602,"WASHINGTON UNIVERSITY CENTER FOR GENOME SCIENCES","2022-04-13","2022-04-13","unspecified sequencing: Raw reads: TP03-01_Week8_Study2OrangeFiber","An approach for evaluating the effects of dietary fiber polysaccharides on the human gut microbiome and plasma proteome","ena-STUDY-WASHINGTON UNIVERSITY CENTER FOR GENOME SCIENCES-30-03-2021-04:15:02:361-407","webin-reads-TP03-01_Week8_Study2OrangeFiber","webin-reads-TP03-01_Week8_Study2OrangeFiber","768727712;882895953","52c0a43ecb7bf3fd1fc1a7e4a96f35c7;6b714221745df9fec341d51e88f7d7a2","ftp.sra.ebi.ac.uk/vol1/fastq/ERR595/005/ERR5956985/ERR5956985_1.fastq.gz;ftp.sra.ebi.ac.uk/vol1/fastq/ERR595/005/ERR5956985/ERR5956985_2.fastq.gz","fasp.sra.ebi.ac.uk:/vol1/fastq/ERR595/005/ERR5956985/ERR5956985_1.fastq.gz;fasp.sra.ebi.ac.uk:/vol1/fastq/ERR595/005/ERR5956985/ERR5956985_2.fastq.gz","ftp.sra.ebi.ac.uk/vol1/fastq/ERR595/005/ERR5956985/ERR5956985_1.fastq.gz;ftp.sra.ebi.ac.uk/vol1/fastq/ERR595/005/ERR5956985/ERR5956985_2.fastq.gz","734652937;849324989","233834154b102487d0c5f337b817b880;40837ca6129bee689411790fd055f51b","ftp.sra.ebi.ac.uk/vol1/run/ERR595/ERR5956985/TP03-01_TS2_Wk8_HF_CAT_R1.fq.gz;ftp.sra.ebi.ac.uk/vol1/run/ERR595/ERR5956985/TP03-01_TS2_Wk8_HF_CAT_R2.fq.gz","fasp.sra.ebi.ac.uk:/vol1/run/ERR595/ERR5956985/TP03-01_TS2_Wk8_HF_CAT_R1.fq.gz;fasp.sra.ebi.ac.uk:/vol1/run/ERR595/ERR5956985/TP03-01_TS2_Wk8_HF_CAT_R2.fq.gz","ftp.sra.ebi.ac.uk/vol1/run/ERR595/ERR5956985/TP03-01_TS2_Wk8_HF_CAT_R1.fq.gz;ftp.sra.ebi.ac.uk/vol1/run/ERR595/ERR5956985/TP03-01_TS2_Wk8_HF_CAT_R2.fq.gz","FASTQ;FASTQ",NA,NA,NA,NA,NA,"TP03-01_Week8_Study2OrangeFiber",NA,"TP03-01","8","Study2OrangeFiber",NA,"2021-05-23","ftp.sra.ebi.ac.uk/vol1/err/ERR595/005/ERR5956985.bam",1661381146,"3f8e89ce2a2a6485ac53fbba690f2be8"
"55","ERR5956595","ERP128019","SAMEA8793769","ERS6478119","ERX5597116","PRJEB44020","ERA4412270",256318,"metagenome","ILLUMINA","unspecified",NA,NA,"PAIRED","OTHER","METAGENOMIC","RANDOM",17019476,2108013929,"WASHINGTON UNIVERSITY CENTER FOR GENOME SCIENCES","2022-04-13","2022-04-13","unspecified sequencing: Raw reads: TP03-01_Week9_Study1PeaFiber","An approach for evaluating the effects of dietary fiber polysaccharides on the human gut microbiome and plasma proteome","ena-STUDY-WASHINGTON UNIVERSITY CENTER FOR GENOME SCIENCES-30-03-2021-04:15:02:361-407","webin-reads-TP03-01_Week9_Study1PeaFiber","webin-reads-TP03-01_Week9_Study1PeaFiber","629705848;660071909","96c223d765f51652acea1395e47f0e69;9f9cce98d8e60a6ba257faf61894927d","ftp.sra.ebi.ac.uk/vol1/fastq/ERR595/005/ERR5956595/ERR5956595_1.fastq.gz;ftp.sra.ebi.ac.uk/vol1/fastq/ERR595/005/ERR5956595/ERR5956595_2.fastq.gz","fasp.sra.ebi.ac.uk:/vol1/fastq/ERR595/005/ERR5956595/ERR5956595_1.fastq.gz;fasp.sra.ebi.ac.uk:/vol1/fastq/ERR595/005/ERR5956595/ERR5956595_2.fastq.gz","ftp.sra.ebi.ac.uk/vol1/fastq/ERR595/005/ERR5956595/ERR5956595_1.fastq.gz;ftp.sra.ebi.ac.uk/vol1/fastq/ERR595/005/ERR5956595/ERR5956595_2.fastq.gz","606302577;636406641","8c90bd504a08a7fd79c097b9c49dae66;93694b8c6013002cf2437bcef6b2e8ed","ftp.sra.ebi.ac.uk/vol1/run/ERR595/ERR5956595/TP03-01_TS1_Wk9_HF_CAT_R1.fq.gz;ftp.sra.ebi.ac.uk/vol1/run/ERR595/ERR5956595/TP03-01_TS1_Wk9_HF_CAT_R2.fq.gz","fasp.sra.ebi.ac.uk:/vol1/run/ERR595/ERR5956595/TP03-01_TS1_Wk9_HF_CAT_R1.fq.gz;fasp.sra.ebi.ac.uk:/vol1/run/ERR595/ERR5956595/TP03-01_TS1_Wk9_HF_CAT_R2.fq.gz","ftp.sra.ebi.ac.uk/vol1/run/ERR595/ERR5956595/TP03-01_TS1_Wk9_HF_CAT_R1.fq.gz;ftp.sra.ebi.ac.uk/vol1/run/ERR595/ERR5956595/TP03-01_TS1_Wk9_HF_CAT_R2.fq.gz","FASTQ;FASTQ",NA,NA,NA,NA,NA,"TP03-01_Week9_Study1PeaFiber",NA,"TP03-01","9","Study1PeaFiber",NA,"2021-05-22","ftp.sra.ebi.ac.uk/vol1/err/ERR595/005/ERR5956595.bam",1282702940,"f57cb53f9b3cb5259d1a7c4780df7a6c"
"56","ERR5956596","ERP128019","SAMEA8793770","ERS6478120","ERX5597117","PRJEB44020","ERA4412271",256318,"metagenome","ILLUMINA","unspecified",NA,NA,"PAIRED","OTHER","METAGENOMIC","RANDOM",17430952,2227872260,"WASHINGTON UNIVERSITY CENTER FOR GENOME SCIENCES","2022-04-13","2022-04-13","unspecified sequencing: Raw reads: TP03-02_Week1_Study1PeaFiber","An approach for evaluating the effects of dietary fiber polysaccharides on the human gut microbiome and plasma proteome","ena-STUDY-WASHINGTON UNIVERSITY CENTER FOR GENOME SCIENCES-30-03-2021-04:15:02:361-407","webin-reads-TP03-02_Week1_Study1PeaFiber","webin-reads-TP03-02_Week1_Study1PeaFiber","673688367;708851744","76069e915d318799998e33f8e44be185;9aa1e83ba54fa0f03bbc3a7c489de47d","ftp.sra.ebi.ac.uk/vol1/fastq/ERR595/006/ERR5956596/ERR5956596_1.fastq.gz;ftp.sra.ebi.ac.uk/vol1/fastq/ERR595/006/ERR5956596/ERR5956596_2.fastq.gz","fasp.sra.ebi.ac.uk:/vol1/fastq/ERR595/006/ERR5956596/ERR5956596_1.fastq.gz;fasp.sra.ebi.ac.uk:/vol1/fastq/ERR595/006/ERR5956596/ERR5956596_2.fastq.gz","ftp.sra.ebi.ac.uk/vol1/fastq/ERR595/006/ERR5956596/ERR5956596_1.fastq.gz;ftp.sra.ebi.ac.uk/vol1/fastq/ERR595/006/ERR5956596/ERR5956596_2.fastq.gz","650095492;684988285","ea8987a93e6bc9736171711ca9cd4d8e;89f402574dff763a268e5ad0b42bbb47","ftp.sra.ebi.ac.uk/vol1/run/ERR595/ERR5956596/TP03-02_TS1_Wk1_HF_CAT_R1.fq.gz;ftp.sra.ebi.ac.uk/vol1/run/ERR595/ERR5956596/TP03-02_TS1_Wk1_HF_CAT_R2.fq.gz","fasp.sra.ebi.ac.uk:/vol1/run/ERR595/ERR5956596/TP03-02_TS1_Wk1_HF_CAT_R1.fq.gz;fasp.sra.ebi.ac.uk:/vol1/run/ERR595/ERR5956596/TP03-02_TS1_Wk1_HF_CAT_R2.fq.gz","ftp.sra.ebi.ac.uk/vol1/run/ERR595/ERR5956596/TP03-02_TS1_Wk1_HF_CAT_R1.fq.gz;ftp.sra.ebi.ac.uk/vol1/run/ERR595/ERR5956596/TP03-02_TS1_Wk1_HF_CAT_R2.fq.gz","FASTQ;FASTQ",NA,NA,NA,NA,NA,"TP03-02_Week1_Study1PeaFiber",NA,"TP03-02","1","Study1PeaFiber",NA,"2021-05-22","ftp.sra.ebi.ac.uk/vol1/err/ERR595/006/ERR5956596.bam",1375014135,"ac5eb3ea3498c536f2647a2b39dba662"
"57","ERR5956986","ERP128019","SAMEA8793917","ERS6478267","ERX5597507","PRJEB44020","ERA4412453",256318,"metagenome","ILLUMINA","unspecified",NA,NA,"PAIRED","OTHER","METAGENOMIC","RANDOM",20937936,2637996950,"WASHINGTON UNIVERSITY CENTER FOR GENOME SCIENCES","2022-04-13","2022-04-13","unspecified sequencing: Raw reads: TP03-02_Week1_Study2OrangeFiber","An approach for evaluating the effects of dietary fiber polysaccharides on the human gut microbiome and plasma proteome","ena-STUDY-WASHINGTON UNIVERSITY CENTER FOR GENOME SCIENCES-30-03-2021-04:15:02:361-407","webin-reads-TP03-02_Week1_Study2OrangeFiber","webin-reads-TP03-02_Week1_Study2OrangeFiber","798587987;902306023","7166de1cb3c54702f0fe301bac458704;a90ca349b6935f0db90ded582cb4cde2","ftp.sra.ebi.ac.uk/vol1/fastq/ERR595/006/ERR5956986/ERR5956986_1.fastq.gz;ftp.sra.ebi.ac.uk/vol1/fastq/ERR595/006/ERR5956986/ERR5956986_2.fastq.gz","fasp.sra.ebi.ac.uk:/vol1/fastq/ERR595/006/ERR5956986/ERR5956986_1.fastq.gz;fasp.sra.ebi.ac.uk:/vol1/fastq/ERR595/006/ERR5956986/ERR5956986_2.fastq.gz","ftp.sra.ebi.ac.uk/vol1/fastq/ERR595/006/ERR5956986/ERR5956986_1.fastq.gz;ftp.sra.ebi.ac.uk/vol1/fastq/ERR595/006/ERR5956986/ERR5956986_2.fastq.gz","762282759;866372148","47967ad822accc3f2776558962f1b2f7;fe038013f6700f113444fde54ebabca8","ftp.sra.ebi.ac.uk/vol1/run/ERR595/ERR5956986/TP03-02_TS2_Wk1_HF_CAT_R1.fq.gz;ftp.sra.ebi.ac.uk/vol1/run/ERR595/ERR5956986/TP03-02_TS2_Wk1_HF_CAT_R2.fq.gz","fasp.sra.ebi.ac.uk:/vol1/run/ERR595/ERR5956986/TP03-02_TS2_Wk1_HF_CAT_R1.fq.gz;fasp.sra.ebi.ac.uk:/vol1/run/ERR595/ERR5956986/TP03-02_TS2_Wk1_HF_CAT_R2.fq.gz","ftp.sra.ebi.ac.uk/vol1/run/ERR595/ERR5956986/TP03-02_TS2_Wk1_HF_CAT_R1.fq.gz;ftp.sra.ebi.ac.uk/vol1/run/ERR595/ERR5956986/TP03-02_TS2_Wk1_HF_CAT_R2.fq.gz","FASTQ;FASTQ",NA,NA,NA,NA,NA,"TP03-02_Week1_Study2OrangeFiber",NA,"TP03-02","1","Study2OrangeFiber",NA,"2021-05-23","ftp.sra.ebi.ac.uk/vol1/err/ERR595/006/ERR5956986.bam",1709357467,"146950205d28458081c13db33d6a8866"
"58","ERR5956597","ERP128019","SAMEA8793771","ERS6478121","ERX5597118","PRJEB44020","ERA4412272",256318,"metagenome","ILLUMINA","unspecified",NA,NA,"PAIRED","OTHER","METAGENOMIC","RANDOM",16887218,2152659347,"WASHINGTON UNIVERSITY CENTER FOR GENOME SCIENCES","2022-04-13","2022-04-13","unspecified sequencing: Raw reads: TP03-02_Week2_Study1PeaFiber","An approach for evaluating the effects of dietary fiber polysaccharides on the human gut microbiome and plasma proteome","ena-STUDY-WASHINGTON UNIVERSITY CENTER FOR GENOME SCIENCES-30-03-2021-04:15:02:361-407","webin-reads-TP03-02_Week2_Study1PeaFiber","webin-reads-TP03-02_Week2_Study1PeaFiber","643245473;677254502","d00faa65c8082f68ad61cc8bc43da5a3;caebe68894e123baecd414bf1d7349ba","ftp.sra.ebi.ac.uk/vol1/fastq/ERR595/007/ERR5956597/ERR5956597_1.fastq.gz;ftp.sra.ebi.ac.uk/vol1/fastq/ERR595/007/ERR5956597/ERR5956597_2.fastq.gz","fasp.sra.ebi.ac.uk:/vol1/fastq/ERR595/007/ERR5956597/ERR5956597_1.fastq.gz;fasp.sra.ebi.ac.uk:/vol1/fastq/ERR595/007/ERR5956597/ERR5956597_2.fastq.gz","ftp.sra.ebi.ac.uk/vol1/fastq/ERR595/007/ERR5956597/ERR5956597_1.fastq.gz;ftp.sra.ebi.ac.uk/vol1/fastq/ERR595/007/ERR5956597/ERR5956597_2.fastq.gz","620148174;653903916","107ed7df162bd16656fbc83138d960f7;5aabd08e12de0521b3e565652cf861a4","ftp.sra.ebi.ac.uk/vol1/run/ERR595/ERR5956597/TP03-02_TS1_Wk2_HF_CAT_R1.fq.gz;ftp.sra.ebi.ac.uk/vol1/run/ERR595/ERR5956597/TP03-02_TS1_Wk2_HF_CAT_R2.fq.gz","fasp.sra.ebi.ac.uk:/vol1/run/ERR595/ERR5956597/TP03-02_TS1_Wk2_HF_CAT_R1.fq.gz;fasp.sra.ebi.ac.uk:/vol1/run/ERR595/ERR5956597/TP03-02_TS1_Wk2_HF_CAT_R2.fq.gz","ftp.sra.ebi.ac.uk/vol1/run/ERR595/ERR5956597/TP03-02_TS1_Wk2_HF_CAT_R1.fq.gz;ftp.sra.ebi.ac.uk/vol1/run/ERR595/ERR5956597/TP03-02_TS1_Wk2_HF_CAT_R2.fq.gz","FASTQ;FASTQ",NA,NA,NA,NA,NA,"TP03-02_Week2_Study1PeaFiber",NA,"TP03-02","2","Study1PeaFiber",NA,"2021-05-22","ftp.sra.ebi.ac.uk/vol1/err/ERR595/007/ERR5956597.bam",1313303505,"c80e3acb1ae2ef9217b659353b068b6a"
"59","ERR5956987","ERP128019","SAMEA8793918","ERS6478268","ERX5597508","PRJEB44020","ERA4412454",256318,"metagenome","ILLUMINA","unspecified",NA,NA,"PAIRED","OTHER","METAGENOMIC","RANDOM",19380254,2505664373,"WASHINGTON UNIVERSITY CENTER FOR GENOME SCIENCES","2022-04-13","2022-04-13","unspecified sequencing: Raw reads: TP03-02_Week2_Study2OrangeFiber","An approach for evaluating the effects of dietary fiber polysaccharides on the human gut microbiome and plasma proteome","ena-STUDY-WASHINGTON UNIVERSITY CENTER FOR GENOME SCIENCES-30-03-2021-04:15:02:361-407","webin-reads-TP03-02_Week2_Study2OrangeFiber","webin-reads-TP03-02_Week2_Study2OrangeFiber","760834627;869569208","c6452c414550ff52e054b60542802c67;d38e43e3dce2b084fa6a6cacf12c929a","ftp.sra.ebi.ac.uk/vol1/fastq/ERR595/007/ERR5956987/ERR5956987_1.fastq.gz;ftp.sra.ebi.ac.uk/vol1/fastq/ERR595/007/ERR5956987/ERR5956987_2.fastq.gz","fasp.sra.ebi.ac.uk:/vol1/fastq/ERR595/007/ERR5956987/ERR5956987_1.fastq.gz;fasp.sra.ebi.ac.uk:/vol1/fastq/ERR595/007/ERR5956987/ERR5956987_2.fastq.gz","ftp.sra.ebi.ac.uk/vol1/fastq/ERR595/007/ERR5956987/ERR5956987_1.fastq.gz;ftp.sra.ebi.ac.uk/vol1/fastq/ERR595/007/ERR5956987/ERR5956987_2.fastq.gz","727749440;836972374","cea50c2ec9a7306a7d36ccc99ad49024;81b535bb96cdf219819fe888c021fcbf","ftp.sra.ebi.ac.uk/vol1/run/ERR595/ERR5956987/TP03-02_TS2_Wk2_HF_CAT_R1.fq.gz;ftp.sra.ebi.ac.uk/vol1/run/ERR595/ERR5956987/TP03-02_TS2_Wk2_HF_CAT_R2.fq.gz","fasp.sra.ebi.ac.uk:/vol1/run/ERR595/ERR5956987/TP03-02_TS2_Wk2_HF_CAT_R1.fq.gz;fasp.sra.ebi.ac.uk:/vol1/run/ERR595/ERR5956987/TP03-02_TS2_Wk2_HF_CAT_R2.fq.gz","ftp.sra.ebi.ac.uk/vol1/run/ERR595/ERR5956987/TP03-02_TS2_Wk2_HF_CAT_R1.fq.gz;ftp.sra.ebi.ac.uk/vol1/run/ERR595/ERR5956987/TP03-02_TS2_Wk2_HF_CAT_R2.fq.gz","FASTQ;FASTQ",NA,NA,NA,NA,NA,"TP03-02_Week2_Study2OrangeFiber",NA,"TP03-02","2","Study2OrangeFiber",NA,"2021-05-23","ftp.sra.ebi.ac.uk/vol1/err/ERR595/007/ERR5956987.bam",1637378371,"fb51dd8879cc24278d9a8bf7edfb0465"
"60","ERR5956598","ERP128019","SAMEA8793772","ERS6478122","ERX5597119","PRJEB44020","ERA4412273",256318,"metagenome","ILLUMINA","unspecified",NA,NA,"PAIRED","OTHER","METAGENOMIC","RANDOM",17445980,2203996449,"WASHINGTON UNIVERSITY CENTER FOR GENOME SCIENCES","2022-04-13","2022-04-13","unspecified sequencing: Raw reads: TP03-02_Week3_Study1PeaFiber","An approach for evaluating the effects of dietary fiber polysaccharides on the human gut microbiome and plasma proteome","ena-STUDY-WASHINGTON UNIVERSITY CENTER FOR GENOME SCIENCES-30-03-2021-04:15:02:361-407","webin-reads-TP03-02_Week3_Study1PeaFiber","webin-reads-TP03-02_Week3_Study1PeaFiber","656008762;688610239","fa35cc6020ea3af8985d531ef3061c55;9cf06fa98af3f40bd18e89d3c28798f8","ftp.sra.ebi.ac.uk/vol1/fastq/ERR595/008/ERR5956598/ERR5956598_1.fastq.gz;ftp.sra.ebi.ac.uk/vol1/fastq/ERR595/008/ERR5956598/ERR5956598_2.fastq.gz","fasp.sra.ebi.ac.uk:/vol1/fastq/ERR595/008/ERR5956598/ERR5956598_1.fastq.gz;fasp.sra.ebi.ac.uk:/vol1/fastq/ERR595/008/ERR5956598/ERR5956598_2.fastq.gz","ftp.sra.ebi.ac.uk/vol1/fastq/ERR595/008/ERR5956598/ERR5956598_1.fastq.gz;ftp.sra.ebi.ac.uk/vol1/fastq/ERR595/008/ERR5956598/ERR5956598_2.fastq.gz","632207968;664528500","070cec6f2d02d62a866aec36fdfce7b4;3d10decc0f1099676ff04d293ca84912","ftp.sra.ebi.ac.uk/vol1/run/ERR595/ERR5956598/TP03-02_TS1_Wk3_HF_CAT_R1.fq.gz;ftp.sra.ebi.ac.uk/vol1/run/ERR595/ERR5956598/TP03-02_TS1_Wk3_HF_CAT_R2.fq.gz","fasp.sra.ebi.ac.uk:/vol1/run/ERR595/ERR5956598/TP03-02_TS1_Wk3_HF_CAT_R1.fq.gz;fasp.sra.ebi.ac.uk:/vol1/run/ERR595/ERR5956598/TP03-02_TS1_Wk3_HF_CAT_R2.fq.gz","ftp.sra.ebi.ac.uk/vol1/run/ERR595/ERR5956598/TP03-02_TS1_Wk3_HF_CAT_R1.fq.gz;ftp.sra.ebi.ac.uk/vol1/run/ERR595/ERR5956598/TP03-02_TS1_Wk3_HF_CAT_R2.fq.gz","FASTQ;FASTQ",NA,NA,NA,NA,NA,"TP03-02_Week3_Study1PeaFiber",NA,"TP03-02","3","Study1PeaFiber",NA,"2021-05-22","ftp.sra.ebi.ac.uk/vol1/err/ERR595/008/ERR5956598.bam",1335739030,"8413f6363c86f25868d8dd53f283eb80"
"61","ERR5956599","ERP128019","SAMEA8793773","ERS6478123","ERX5597120","PRJEB44020","ERA4412274",256318,"metagenome","ILLUMINA","unspecified",NA,NA,"PAIRED","OTHER","METAGENOMIC","RANDOM",17122148,2114258047,"WASHINGTON UNIVERSITY CENTER FOR GENOME SCIENCES","2022-04-13","2022-04-13","unspecified sequencing: Raw reads: TP03-02_Week4_Study1PeaFiber","An approach for evaluating the effects of dietary fiber polysaccharides on the human gut microbiome and plasma proteome","ena-STUDY-WASHINGTON UNIVERSITY CENTER FOR GENOME SCIENCES-30-03-2021-04:15:02:361-407","webin-reads-TP03-02_Week4_Study1PeaFiber","webin-reads-TP03-02_Week4_Study1PeaFiber","632566520;662751573","eb3a54dc338fa17ebc9018c78f99b19f;d638d24741e6d32818b8ffb1053cff66","ftp.sra.ebi.ac.uk/vol1/fastq/ERR595/009/ERR5956599/ERR5956599_1.fastq.gz;ftp.sra.ebi.ac.uk/vol1/fastq/ERR595/009/ERR5956599/ERR5956599_2.fastq.gz","fasp.sra.ebi.ac.uk:/vol1/fastq/ERR595/009/ERR5956599/ERR5956599_1.fastq.gz;fasp.sra.ebi.ac.uk:/vol1/fastq/ERR595/009/ERR5956599/ERR5956599_2.fastq.gz","ftp.sra.ebi.ac.uk/vol1/fastq/ERR595/009/ERR5956599/ERR5956599_1.fastq.gz;ftp.sra.ebi.ac.uk/vol1/fastq/ERR595/009/ERR5956599/ERR5956599_2.fastq.gz","608790478;638705781","0e249e221938c5b364abb54dfa561c0f;8cc80a2be0e8a57623f9b921cbf4925e","ftp.sra.ebi.ac.uk/vol1/run/ERR595/ERR5956599/TP03-02_TS1_Wk4_HF_CAT_R1.fq.gz;ftp.sra.ebi.ac.uk/vol1/run/ERR595/ERR5956599/TP03-02_TS1_Wk4_HF_CAT_R2.fq.gz","fasp.sra.ebi.ac.uk:/vol1/run/ERR595/ERR5956599/TP03-02_TS1_Wk4_HF_CAT_R1.fq.gz;fasp.sra.ebi.ac.uk:/vol1/run/ERR595/ERR5956599/TP03-02_TS1_Wk4_HF_CAT_R2.fq.gz","ftp.sra.ebi.ac.uk/vol1/run/ERR595/ERR5956599/TP03-02_TS1_Wk4_HF_CAT_R1.fq.gz;ftp.sra.ebi.ac.uk/vol1/run/ERR595/ERR5956599/TP03-02_TS1_Wk4_HF_CAT_R2.fq.gz","FASTQ;FASTQ",NA,NA,NA,NA,NA,"TP03-02_Week4_Study1PeaFiber",NA,"TP03-02","4","Study1PeaFiber",NA,"2021-05-22","ftp.sra.ebi.ac.uk/vol1/err/ERR595/009/ERR5956599.bam",1287886353,"02e053d0158bb7e906acd09d90dbd606"
"62","ERR5956601","ERP128019","SAMEA8793774","ERS6478124","ERX5597122","PRJEB44020","ERA4412276",256318,"metagenome","ILLUMINA","unspecified",NA,NA,"PAIRED","OTHER","METAGENOMIC","RANDOM",16939134,2087269529,"WASHINGTON UNIVERSITY CENTER FOR GENOME SCIENCES","2022-04-13","2022-04-13","unspecified sequencing: Raw reads: TP03-02_Week5_Study1PeaFiber","An approach for evaluating the effects of dietary fiber polysaccharides on the human gut microbiome and plasma proteome","ena-STUDY-WASHINGTON UNIVERSITY CENTER FOR GENOME SCIENCES-30-03-2021-04:15:02:361-407","webin-reads-TP03-02_Week5_Study1PeaFiber","webin-reads-TP03-02_Week5_Study1PeaFiber","628464493;658871876","56f8540fb1cbf67d7b230bfa482c5b70;aed8d5e86b3fcf2e689f6ee4255ecac6","ftp.sra.ebi.ac.uk/vol1/fastq/ERR595/001/ERR5956601/ERR5956601_1.fastq.gz;ftp.sra.ebi.ac.uk/vol1/fastq/ERR595/001/ERR5956601/ERR5956601_2.fastq.gz","fasp.sra.ebi.ac.uk:/vol1/fastq/ERR595/001/ERR5956601/ERR5956601_1.fastq.gz;fasp.sra.ebi.ac.uk:/vol1/fastq/ERR595/001/ERR5956601/ERR5956601_2.fastq.gz","ftp.sra.ebi.ac.uk/vol1/fastq/ERR595/001/ERR5956601/ERR5956601_1.fastq.gz;ftp.sra.ebi.ac.uk/vol1/fastq/ERR595/001/ERR5956601/ERR5956601_2.fastq.gz","605077618;635246997","dd0ad75c4222936c2c91eddd6f9051bb;97c7492aaae3b838bb087ef350109d86","ftp.sra.ebi.ac.uk/vol1/run/ERR595/ERR5956601/TP03-02_TS1_Wk5_HF_CAT_R1.fq.gz;ftp.sra.ebi.ac.uk/vol1/run/ERR595/ERR5956601/TP03-02_TS1_Wk5_HF_CAT_R2.fq.gz","fasp.sra.ebi.ac.uk:/vol1/run/ERR595/ERR5956601/TP03-02_TS1_Wk5_HF_CAT_R1.fq.gz;fasp.sra.ebi.ac.uk:/vol1/run/ERR595/ERR5956601/TP03-02_TS1_Wk5_HF_CAT_R2.fq.gz","ftp.sra.ebi.ac.uk/vol1/run/ERR595/ERR5956601/TP03-02_TS1_Wk5_HF_CAT_R1.fq.gz;ftp.sra.ebi.ac.uk/vol1/run/ERR595/ERR5956601/TP03-02_TS1_Wk5_HF_CAT_R2.fq.gz","FASTQ;FASTQ",NA,NA,NA,NA,NA,"TP03-02_Week5_Study1PeaFiber",NA,"TP03-02","5","Study1PeaFiber",NA,"2021-05-22","ftp.sra.ebi.ac.uk/vol1/err/ERR595/001/ERR5956601.bam",1281740985,"448ba51404190faa13875060a51fa681"
"63","ERR5956988","ERP128019","SAMEA8793919","ERS6478269","ERX5597509","PRJEB44020","ERA4412455",256318,"metagenome","ILLUMINA","unspecified",NA,NA,"PAIRED","OTHER","METAGENOMIC","RANDOM",20531982,2644378279,"WASHINGTON UNIVERSITY CENTER FOR GENOME SCIENCES","2022-04-13","2022-04-13","unspecified sequencing: Raw reads: TP03-02_Week5_Study2OrangeFiber","An approach for evaluating the effects of dietary fiber polysaccharides on the human gut microbiome and plasma proteome","ena-STUDY-WASHINGTON UNIVERSITY CENTER FOR GENOME SCIENCES-30-03-2021-04:15:02:361-407","webin-reads-TP03-02_Week5_Study2OrangeFiber","webin-reads-TP03-02_Week5_Study2OrangeFiber","832511708;932831313","4d4d71c2872ebc6d101d5a240f0a48fd;c4bb146c6b0d98ed712963f041337f78","ftp.sra.ebi.ac.uk/vol1/fastq/ERR595/008/ERR5956988/ERR5956988_1.fastq.gz;ftp.sra.ebi.ac.uk/vol1/fastq/ERR595/008/ERR5956988/ERR5956988_2.fastq.gz","fasp.sra.ebi.ac.uk:/vol1/fastq/ERR595/008/ERR5956988/ERR5956988_1.fastq.gz;fasp.sra.ebi.ac.uk:/vol1/fastq/ERR595/008/ERR5956988/ERR5956988_2.fastq.gz","ftp.sra.ebi.ac.uk/vol1/fastq/ERR595/008/ERR5956988/ERR5956988_1.fastq.gz;ftp.sra.ebi.ac.uk/vol1/fastq/ERR595/008/ERR5956988/ERR5956988_2.fastq.gz","796982970;897825779","13ae6d31f09bbf223910012cf4723fba;6d98dc7a2fe6b4d7133c45094b6a250a","ftp.sra.ebi.ac.uk/vol1/run/ERR595/ERR5956988/TP03-02_TS2_Wk5_HF_CAT_R1.fq.gz;ftp.sra.ebi.ac.uk/vol1/run/ERR595/ERR5956988/TP03-02_TS2_Wk5_HF_CAT_R2.fq.gz","fasp.sra.ebi.ac.uk:/vol1/run/ERR595/ERR5956988/TP03-02_TS2_Wk5_HF_CAT_R1.fq.gz;fasp.sra.ebi.ac.uk:/vol1/run/ERR595/ERR5956988/TP03-02_TS2_Wk5_HF_CAT_R2.fq.gz","ftp.sra.ebi.ac.uk/vol1/run/ERR595/ERR5956988/TP03-02_TS2_Wk5_HF_CAT_R1.fq.gz;ftp.sra.ebi.ac.uk/vol1/run/ERR595/ERR5956988/TP03-02_TS2_Wk5_HF_CAT_R2.fq.gz","FASTQ;FASTQ",NA,NA,NA,NA,NA,"TP03-02_Week5_Study2OrangeFiber",NA,"TP03-02","5","Study2OrangeFiber",NA,"2021-05-23","ftp.sra.ebi.ac.uk/vol1/err/ERR595/008/ERR5956988.bam",1778096196,"1069ebb4d2ddb593ba4baef8af9590a5"
"64","ERR5956602","ERP128019","SAMEA8793775","ERS6478125","ERX5597123","PRJEB44020","ERA4412277",256318,"metagenome","ILLUMINA","unspecified",NA,NA,"PAIRED","OTHER","METAGENOMIC","RANDOM",17076508,2143834206,"WASHINGTON UNIVERSITY CENTER FOR GENOME SCIENCES","2022-04-13","2022-04-13","unspecified sequencing: Raw reads: TP03-02_Week8_Study1PeaFiber","An approach for evaluating the effects of dietary fiber polysaccharides on the human gut microbiome and plasma proteome","ena-STUDY-WASHINGTON UNIVERSITY CENTER FOR GENOME SCIENCES-30-03-2021-04:15:02:361-407","webin-reads-TP03-02_Week8_Study1PeaFiber","webin-reads-TP03-02_Week8_Study1PeaFiber","637698172;668435010","51f5aeca314a2bf30b8089e192e6e78a;c05d68a1f10f1a9689bc82ab6ae66e84","ftp.sra.ebi.ac.uk/vol1/fastq/ERR595/002/ERR5956602/ERR5956602_1.fastq.gz;ftp.sra.ebi.ac.uk/vol1/fastq/ERR595/002/ERR5956602/ERR5956602_2.fastq.gz","fasp.sra.ebi.ac.uk:/vol1/fastq/ERR595/002/ERR5956602/ERR5956602_1.fastq.gz;fasp.sra.ebi.ac.uk:/vol1/fastq/ERR595/002/ERR5956602/ERR5956602_2.fastq.gz","ftp.sra.ebi.ac.uk/vol1/fastq/ERR595/002/ERR5956602/ERR5956602_1.fastq.gz;ftp.sra.ebi.ac.uk/vol1/fastq/ERR595/002/ERR5956602/ERR5956602_2.fastq.gz","614364069;644837742","b402671b62b6521620342cf04154d2b1;f9ea4e6c69f80bdd68a05d501a0e9f68","ftp.sra.ebi.ac.uk/vol1/run/ERR595/ERR5956602/TP03-02_TS1_Wk8_HF_CAT_R1.fq.gz;ftp.sra.ebi.ac.uk/vol1/run/ERR595/ERR5956602/TP03-02_TS1_Wk8_HF_CAT_R2.fq.gz","fasp.sra.ebi.ac.uk:/vol1/run/ERR595/ERR5956602/TP03-02_TS1_Wk8_HF_CAT_R1.fq.gz;fasp.sra.ebi.ac.uk:/vol1/run/ERR595/ERR5956602/TP03-02_TS1_Wk8_HF_CAT_R2.fq.gz","ftp.sra.ebi.ac.uk/vol1/run/ERR595/ERR5956602/TP03-02_TS1_Wk8_HF_CAT_R1.fq.gz;ftp.sra.ebi.ac.uk/vol1/run/ERR595/ERR5956602/TP03-02_TS1_Wk8_HF_CAT_R2.fq.gz","FASTQ;FASTQ",NA,NA,NA,NA,NA,"TP03-02_Week8_Study1PeaFiber",NA,"TP03-02","8","Study1PeaFiber",NA,"2021-05-22","ftp.sra.ebi.ac.uk/vol1/err/ERR595/002/ERR5956602.bam",1297581058,"ecb74841fa7ae97e200b9ea4f01a2abc"
"65","ERR5956989","ERP128019","SAMEA8793920","ERS6478270","ERX5597510","PRJEB44020","ERA4412456",256318,"metagenome","ILLUMINA","unspecified",NA,NA,"PAIRED","OTHER","METAGENOMIC","RANDOM",21261930,2740685240,"WASHINGTON UNIVERSITY CENTER FOR GENOME SCIENCES","2022-04-13","2022-04-13","unspecified sequencing: Raw reads: TP03-02_Week8_Study2OrangeFiber","An approach for evaluating the effects of dietary fiber polysaccharides on the human gut microbiome and plasma proteome","ena-STUDY-WASHINGTON UNIVERSITY CENTER FOR GENOME SCIENCES-30-03-2021-04:15:02:361-407","webin-reads-TP03-02_Week8_Study2OrangeFiber","webin-reads-TP03-02_Week8_Study2OrangeFiber","822670202;939783627","189aed4396edbe012164d9cfd46c8177;f2cb25c7beda26e09e9bd6e5481e7e71","ftp.sra.ebi.ac.uk/vol1/fastq/ERR595/009/ERR5956989/ERR5956989_1.fastq.gz;ftp.sra.ebi.ac.uk/vol1/fastq/ERR595/009/ERR5956989/ERR5956989_2.fastq.gz","fasp.sra.ebi.ac.uk:/vol1/fastq/ERR595/009/ERR5956989/ERR5956989_1.fastq.gz;fasp.sra.ebi.ac.uk:/vol1/fastq/ERR595/009/ERR5956989/ERR5956989_2.fastq.gz","ftp.sra.ebi.ac.uk/vol1/fastq/ERR595/009/ERR5956989/ERR5956989_1.fastq.gz;ftp.sra.ebi.ac.uk/vol1/fastq/ERR595/009/ERR5956989/ERR5956989_2.fastq.gz","785735295;903475349","a525a5ada3d0436a86ae79eeee8c2940;7bb04768e61a1884c5c7fee4a4c3b545","ftp.sra.ebi.ac.uk/vol1/run/ERR595/ERR5956989/TP03-02_TS2_Wk8_HF_CAT_R1.fq.gz;ftp.sra.ebi.ac.uk/vol1/run/ERR595/ERR5956989/TP03-02_TS2_Wk8_HF_CAT_R2.fq.gz","fasp.sra.ebi.ac.uk:/vol1/run/ERR595/ERR5956989/TP03-02_TS2_Wk8_HF_CAT_R1.fq.gz;fasp.sra.ebi.ac.uk:/vol1/run/ERR595/ERR5956989/TP03-02_TS2_Wk8_HF_CAT_R2.fq.gz","ftp.sra.ebi.ac.uk/vol1/run/ERR595/ERR5956989/TP03-02_TS2_Wk8_HF_CAT_R1.fq.gz;ftp.sra.ebi.ac.uk/vol1/run/ERR595/ERR5956989/TP03-02_TS2_Wk8_HF_CAT_R2.fq.gz","FASTQ;FASTQ",NA,NA,NA,NA,NA,"TP03-02_Week8_Study2OrangeFiber",NA,"TP03-02","8","Study2OrangeFiber",NA,"2021-05-23","ftp.sra.ebi.ac.uk/vol1/err/ERR595/009/ERR5956989.bam",1768625020,"ec232e361f7f6776ca40c74e5a6284ed"
"66","ERR5956603","ERP128019","SAMEA8793776","ERS6478126","ERX5597124","PRJEB44020","ERA4412278",256318,"metagenome","ILLUMINA","unspecified",NA,NA,"PAIRED","OTHER","METAGENOMIC","RANDOM",16901016,2105787033,"WASHINGTON UNIVERSITY CENTER FOR GENOME SCIENCES","2022-04-13","2022-04-13","unspecified sequencing: Raw reads: TP03-02_Week9_Study1PeaFiber","An approach for evaluating the effects of dietary fiber polysaccharides on the human gut microbiome and plasma proteome","ena-STUDY-WASHINGTON UNIVERSITY CENTER FOR GENOME SCIENCES-30-03-2021-04:15:02:361-407","webin-reads-TP03-02_Week9_Study1PeaFiber","webin-reads-TP03-02_Week9_Study1PeaFiber","631287713;662315775","be52f8d2e5b4e2f9768fd637997e699b;81964d8b89707deb9c95071f3b213803","ftp.sra.ebi.ac.uk/vol1/fastq/ERR595/003/ERR5956603/ERR5956603_1.fastq.gz;ftp.sra.ebi.ac.uk/vol1/fastq/ERR595/003/ERR5956603/ERR5956603_2.fastq.gz","fasp.sra.ebi.ac.uk:/vol1/fastq/ERR595/003/ERR5956603/ERR5956603_1.fastq.gz;fasp.sra.ebi.ac.uk:/vol1/fastq/ERR595/003/ERR5956603/ERR5956603_2.fastq.gz","ftp.sra.ebi.ac.uk/vol1/fastq/ERR595/003/ERR5956603/ERR5956603_1.fastq.gz;ftp.sra.ebi.ac.uk/vol1/fastq/ERR595/003/ERR5956603/ERR5956603_2.fastq.gz","607882569;638653131","872dcc24767b62bc3ffbe8d10ae371ec;5d917a695e04b52bfbea6245acfef0f8","ftp.sra.ebi.ac.uk/vol1/run/ERR595/ERR5956603/TP03-02_TS1_Wk9_HF_CAT_R1.fq.gz;ftp.sra.ebi.ac.uk/vol1/run/ERR595/ERR5956603/TP03-02_TS1_Wk9_HF_CAT_R2.fq.gz","fasp.sra.ebi.ac.uk:/vol1/run/ERR595/ERR5956603/TP03-02_TS1_Wk9_HF_CAT_R1.fq.gz;fasp.sra.ebi.ac.uk:/vol1/run/ERR595/ERR5956603/TP03-02_TS1_Wk9_HF_CAT_R2.fq.gz","ftp.sra.ebi.ac.uk/vol1/run/ERR595/ERR5956603/TP03-02_TS1_Wk9_HF_CAT_R1.fq.gz;ftp.sra.ebi.ac.uk/vol1/run/ERR595/ERR5956603/TP03-02_TS1_Wk9_HF_CAT_R2.fq.gz","FASTQ;FASTQ",NA,NA,NA,NA,NA,"TP03-02_Week9_Study1PeaFiber",NA,"TP03-02","9","Study1PeaFiber",NA,"2021-05-22","ftp.sra.ebi.ac.uk/vol1/err/ERR595/003/ERR5956603.bam",1286057897,"6ec00d21d5ab82e07aa2cef74263af0f"
"67","ERR5957008","ERP128019","SAMEA8793937","ERS6478287","ERX5597529","PRJEB44020","ERA4412511",256318,"metagenome","ILLUMINA","unspecified",NA,NA,"PAIRED","OTHER","METAGENOMIC","RANDOM",20281414,2603073415,"WASHINGTON UNIVERSITY CENTER FOR GENOME SCIENCES","2022-04-13","2022-04-13","unspecified sequencing: Raw reads: TP04-01_Week1_Study2OrangeFiber","An approach for evaluating the effects of dietary fiber polysaccharides on the human gut microbiome and plasma proteome","ena-STUDY-WASHINGTON UNIVERSITY CENTER FOR GENOME SCIENCES-30-03-2021-04:15:02:361-407","webin-reads-TP04-01_Week1_Study2OrangeFiber","webin-reads-TP04-01_Week1_Study2OrangeFiber","788119534;908834274","2537f283ab8cc88bc3e7638205175c95;d25cec017b9f9caa9c1049dba5335e83","ftp.sra.ebi.ac.uk/vol1/fastq/ERR595/008/ERR5957008/ERR5957008_1.fastq.gz;ftp.sra.ebi.ac.uk/vol1/fastq/ERR595/008/ERR5957008/ERR5957008_2.fastq.gz","fasp.sra.ebi.ac.uk:/vol1/fastq/ERR595/008/ERR5957008/ERR5957008_1.fastq.gz;fasp.sra.ebi.ac.uk:/vol1/fastq/ERR595/008/ERR5957008/ERR5957008_2.fastq.gz","ftp.sra.ebi.ac.uk/vol1/fastq/ERR595/008/ERR5957008/ERR5957008_1.fastq.gz;ftp.sra.ebi.ac.uk/vol1/fastq/ERR595/008/ERR5957008/ERR5957008_2.fastq.gz","752992727;874390601","cc18c2301246a2c682bf387612210902;e0fc150e0336dc0d2d002cee105542d0","ftp.sra.ebi.ac.uk/vol1/run/ERR595/ERR5957008/TP04-01_TS2_Wk1_HF_CAT_R1.fq.gz;ftp.sra.ebi.ac.uk/vol1/run/ERR595/ERR5957008/TP04-01_TS2_Wk1_HF_CAT_R2.fq.gz","fasp.sra.ebi.ac.uk:/vol1/run/ERR595/ERR5957008/TP04-01_TS2_Wk1_HF_CAT_R1.fq.gz;fasp.sra.ebi.ac.uk:/vol1/run/ERR595/ERR5957008/TP04-01_TS2_Wk1_HF_CAT_R2.fq.gz","ftp.sra.ebi.ac.uk/vol1/run/ERR595/ERR5957008/TP04-01_TS2_Wk1_HF_CAT_R1.fq.gz;ftp.sra.ebi.ac.uk/vol1/run/ERR595/ERR5957008/TP04-01_TS2_Wk1_HF_CAT_R2.fq.gz","FASTQ;FASTQ",NA,NA,NA,NA,NA,"TP04-01_Week1_Study2OrangeFiber",NA,"TP04-01","1","Study2OrangeFiber",NA,"2021-05-23","ftp.sra.ebi.ac.uk/vol1/err/ERR595/008/ERR5957008.bam",1707674157,"92f5cc38784cfd30b0b9ba9a31cabe8b"
"68","ERR5956604","ERP128019","SAMEA8793777","ERS6478127","ERX5597125","PRJEB44020","ERA4412279",256318,"metagenome","ILLUMINA","unspecified",NA,NA,"PAIRED","OTHER","METAGENOMIC","RANDOM",17243526,2053079050,"WASHINGTON UNIVERSITY CENTER FOR GENOME SCIENCES","2022-04-13","2022-04-13","unspecified sequencing: Raw reads: TP04-01_Week1_Study1PeaFiber","An approach for evaluating the effects of dietary fiber polysaccharides on the human gut microbiome and plasma proteome","ena-STUDY-WASHINGTON UNIVERSITY CENTER FOR GENOME SCIENCES-30-03-2021-04:15:02:361-407","webin-reads-TP04-01_Week1_Study1PeaFiber","webin-reads-TP04-01_Week1_Study1PeaFiber","619791351;649796422","bb62ed70d0ad98061789ba4ba997b2dd;0af09c53c77c4f19d31fe8870e702fd7","ftp.sra.ebi.ac.uk/vol1/fastq/ERR595/004/ERR5956604/ERR5956604_1.fastq.gz;ftp.sra.ebi.ac.uk/vol1/fastq/ERR595/004/ERR5956604/ERR5956604_2.fastq.gz","fasp.sra.ebi.ac.uk:/vol1/fastq/ERR595/004/ERR5956604/ERR5956604_1.fastq.gz;fasp.sra.ebi.ac.uk:/vol1/fastq/ERR595/004/ERR5956604/ERR5956604_2.fastq.gz","ftp.sra.ebi.ac.uk/vol1/fastq/ERR595/004/ERR5956604/ERR5956604_1.fastq.gz;ftp.sra.ebi.ac.uk/vol1/fastq/ERR595/004/ERR5956604/ERR5956604_2.fastq.gz","596104632;625845548","30cf6dcca789f10233429e04cb0fc64f;c6b55fad3d390e954cfb6418a4832113","ftp.sra.ebi.ac.uk/vol1/run/ERR595/ERR5956604/TP04-01_TS1_Wk1_HF_CAT_R1.fq.gz;ftp.sra.ebi.ac.uk/vol1/run/ERR595/ERR5956604/TP04-01_TS1_Wk1_HF_CAT_R2.fq.gz","fasp.sra.ebi.ac.uk:/vol1/run/ERR595/ERR5956604/TP04-01_TS1_Wk1_HF_CAT_R1.fq.gz;fasp.sra.ebi.ac.uk:/vol1/run/ERR595/ERR5956604/TP04-01_TS1_Wk1_HF_CAT_R2.fq.gz","ftp.sra.ebi.ac.uk/vol1/run/ERR595/ERR5956604/TP04-01_TS1_Wk1_HF_CAT_R1.fq.gz;ftp.sra.ebi.ac.uk/vol1/run/ERR595/ERR5956604/TP04-01_TS1_Wk1_HF_CAT_R2.fq.gz","FASTQ;FASTQ",NA,NA,NA,NA,NA,"TP04-01_Week1_Study1PeaFiber",NA,"TP04-01","1","Study1PeaFiber",NA,"2021-05-22","ftp.sra.ebi.ac.uk/vol1/err/ERR595/004/ERR5956604.bam",1264780419,"7184c20c613e84aa5a82f1aa8c953702"
"69","ERR5957009","ERP128019","SAMEA8793938","ERS6478288","ERX5597530","PRJEB44020","ERA4412512",256318,"metagenome","ILLUMINA","unspecified",NA,NA,"PAIRED","OTHER","METAGENOMIC","RANDOM",20103110,2605672909,"WASHINGTON UNIVERSITY CENTER FOR GENOME SCIENCES","2022-04-13","2022-04-13","unspecified sequencing: Raw reads: TP04-01_Week2_Study2OrangeFiber","An approach for evaluating the effects of dietary fiber polysaccharides on the human gut microbiome and plasma proteome","ena-STUDY-WASHINGTON UNIVERSITY CENTER FOR GENOME SCIENCES-30-03-2021-04:15:02:361-407","webin-reads-TP04-01_Week2_Study2OrangeFiber","webin-reads-TP04-01_Week2_Study2OrangeFiber","828583214;924125837","55a7312513f78feff47df060ee5d066c;902e4feb2d228c42ff265353ba97da22","ftp.sra.ebi.ac.uk/vol1/fastq/ERR595/009/ERR5957009/ERR5957009_1.fastq.gz;ftp.sra.ebi.ac.uk/vol1/fastq/ERR595/009/ERR5957009/ERR5957009_2.fastq.gz","fasp.sra.ebi.ac.uk:/vol1/fastq/ERR595/009/ERR5957009/ERR5957009_1.fastq.gz;fasp.sra.ebi.ac.uk:/vol1/fastq/ERR595/009/ERR5957009/ERR5957009_2.fastq.gz","ftp.sra.ebi.ac.uk/vol1/fastq/ERR595/009/ERR5957009/ERR5957009_1.fastq.gz;ftp.sra.ebi.ac.uk/vol1/fastq/ERR595/009/ERR5957009/ERR5957009_2.fastq.gz","793695823;889733983","3656e9a91bf761c3e5c3c144df312514;b209493174dc7650af9eebebfb63ee49","ftp.sra.ebi.ac.uk/vol1/run/ERR595/ERR5957009/TP04-01_TS2_Wk2_HF_CAT_R1.fq.gz;ftp.sra.ebi.ac.uk/vol1/run/ERR595/ERR5957009/TP04-01_TS2_Wk2_HF_CAT_R2.fq.gz","fasp.sra.ebi.ac.uk:/vol1/run/ERR595/ERR5957009/TP04-01_TS2_Wk2_HF_CAT_R1.fq.gz;fasp.sra.ebi.ac.uk:/vol1/run/ERR595/ERR5957009/TP04-01_TS2_Wk2_HF_CAT_R2.fq.gz","ftp.sra.ebi.ac.uk/vol1/run/ERR595/ERR5957009/TP04-01_TS2_Wk2_HF_CAT_R1.fq.gz;ftp.sra.ebi.ac.uk/vol1/run/ERR595/ERR5957009/TP04-01_TS2_Wk2_HF_CAT_R2.fq.gz","FASTQ;FASTQ",NA,NA,NA,NA,NA,"TP04-01_Week2_Study2OrangeFiber",NA,"TP04-01","2","Study2OrangeFiber",NA,"2021-05-23","ftp.sra.ebi.ac.uk/vol1/err/ERR595/009/ERR5957009.bam",1767263220,"ada7f0919bbed5a4f168b011d49ffe81"
"70","ERR5956605","ERP128019","SAMEA8793778","ERS6478128","ERX5597126","PRJEB44020","ERA4412280",256318,"metagenome","ILLUMINA","unspecified",NA,NA,"PAIRED","OTHER","METAGENOMIC","RANDOM",15486742,1852534967,"WASHINGTON UNIVERSITY CENTER FOR GENOME SCIENCES","2022-04-13","2022-04-13","unspecified sequencing: Raw reads: TP04-01_Week2_Study1PeaFiber","An approach for evaluating the effects of dietary fiber polysaccharides on the human gut microbiome and plasma proteome","ena-STUDY-WASHINGTON UNIVERSITY CENTER FOR GENOME SCIENCES-30-03-2021-04:15:02:361-407","webin-reads-TP04-01_Week2_Study1PeaFiber","webin-reads-TP04-01_Week2_Study1PeaFiber","554497425;578168539","22f697b2f5e694a2fd8f6bd644c9ab15;838cd18bf34a65060b3f6afbec89b8ce","ftp.sra.ebi.ac.uk/vol1/fastq/ERR595/005/ERR5956605/ERR5956605_1.fastq.gz;ftp.sra.ebi.ac.uk/vol1/fastq/ERR595/005/ERR5956605/ERR5956605_2.fastq.gz","fasp.sra.ebi.ac.uk:/vol1/fastq/ERR595/005/ERR5956605/ERR5956605_1.fastq.gz;fasp.sra.ebi.ac.uk:/vol1/fastq/ERR595/005/ERR5956605/ERR5956605_2.fastq.gz","ftp.sra.ebi.ac.uk/vol1/fastq/ERR595/005/ERR5956605/ERR5956605_1.fastq.gz;ftp.sra.ebi.ac.uk/vol1/fastq/ERR595/005/ERR5956605/ERR5956605_2.fastq.gz","533254366;556686047","ca72d68454d78fabe1cf1cda9863284c;60fe11611fe6333cffe6bc8b3063a41f","ftp.sra.ebi.ac.uk/vol1/run/ERR595/ERR5956605/TP04-01_TS1_Wk2_HF_CAT_R1.fq.gz;ftp.sra.ebi.ac.uk/vol1/run/ERR595/ERR5956605/TP04-01_TS1_Wk2_HF_CAT_R2.fq.gz","fasp.sra.ebi.ac.uk:/vol1/run/ERR595/ERR5956605/TP04-01_TS1_Wk2_HF_CAT_R1.fq.gz;fasp.sra.ebi.ac.uk:/vol1/run/ERR595/ERR5956605/TP04-01_TS1_Wk2_HF_CAT_R2.fq.gz","ftp.sra.ebi.ac.uk/vol1/run/ERR595/ERR5956605/TP04-01_TS1_Wk2_HF_CAT_R1.fq.gz;ftp.sra.ebi.ac.uk/vol1/run/ERR595/ERR5956605/TP04-01_TS1_Wk2_HF_CAT_R2.fq.gz","FASTQ;FASTQ",NA,NA,NA,NA,NA,"TP04-01_Week2_Study1PeaFiber",NA,"TP04-01","2","Study1PeaFiber",NA,"2021-05-22","ftp.sra.ebi.ac.uk/vol1/err/ERR595/005/ERR5956605.bam",1127024416,"b934276426a21272409262a85fc054c8"
"71","ERR5956606","ERP128019","SAMEA8793779","ERS6478129","ERX5597127","PRJEB44020","ERA4412281",256318,"metagenome","ILLUMINA","unspecified",NA,NA,"PAIRED","OTHER","METAGENOMIC","RANDOM",16305658,2102227267,"WASHINGTON UNIVERSITY CENTER FOR GENOME SCIENCES","2022-04-13","2022-04-13","unspecified sequencing: Raw reads: TP04-01_Week3_Study1PeaFiber","An approach for evaluating the effects of dietary fiber polysaccharides on the human gut microbiome and plasma proteome","ena-STUDY-WASHINGTON UNIVERSITY CENTER FOR GENOME SCIENCES-30-03-2021-04:15:02:361-407","webin-reads-TP04-01_Week3_Study1PeaFiber","webin-reads-TP04-01_Week3_Study1PeaFiber","626701108;656274937","a6fce9459088a65ad386c61b3d2e9004;b33d5461b48cf87ec9219f5b03dad19e","ftp.sra.ebi.ac.uk/vol1/fastq/ERR595/006/ERR5956606/ERR5956606_1.fastq.gz;ftp.sra.ebi.ac.uk/vol1/fastq/ERR595/006/ERR5956606/ERR5956606_2.fastq.gz","fasp.sra.ebi.ac.uk:/vol1/fastq/ERR595/006/ERR5956606/ERR5956606_1.fastq.gz;fasp.sra.ebi.ac.uk:/vol1/fastq/ERR595/006/ERR5956606/ERR5956606_2.fastq.gz","ftp.sra.ebi.ac.uk/vol1/fastq/ERR595/006/ERR5956606/ERR5956606_1.fastq.gz;ftp.sra.ebi.ac.uk/vol1/fastq/ERR595/006/ERR5956606/ERR5956606_2.fastq.gz","604739766;634064513","4d624a61da1aa1085c8ca8a51694c09f;5a516cb8ded88edf44b0592077908db6","ftp.sra.ebi.ac.uk/vol1/run/ERR595/ERR5956606/TP04-01_TS1_Wk3_HF_CAT_R1.fq.gz;ftp.sra.ebi.ac.uk/vol1/run/ERR595/ERR5956606/TP04-01_TS1_Wk3_HF_CAT_R2.fq.gz","fasp.sra.ebi.ac.uk:/vol1/run/ERR595/ERR5956606/TP04-01_TS1_Wk3_HF_CAT_R1.fq.gz;fasp.sra.ebi.ac.uk:/vol1/run/ERR595/ERR5956606/TP04-01_TS1_Wk3_HF_CAT_R2.fq.gz","ftp.sra.ebi.ac.uk/vol1/run/ERR595/ERR5956606/TP04-01_TS1_Wk3_HF_CAT_R1.fq.gz;ftp.sra.ebi.ac.uk/vol1/run/ERR595/ERR5956606/TP04-01_TS1_Wk3_HF_CAT_R2.fq.gz","FASTQ;FASTQ",NA,NA,NA,NA,NA,"TP04-01_Week3_Study1PeaFiber",NA,"TP04-01","3","Study1PeaFiber",NA,"2021-05-22","ftp.sra.ebi.ac.uk/vol1/err/ERR595/006/ERR5956606.bam",1274238330,"c95eb3b1a7fd65fa3178c039847b8415"
"72","ERR5960126","ERP128019","SAMEA8793780","ERS6478130","ERX5600647","PRJEB44020","ERA4417583",256318,"metagenome","ILLUMINA","unspecified",NA,NA,"PAIRED","OTHER","METAGENOMIC","RANDOM",15880674,2001036281,"WASHINGTON UNIVERSITY CENTER FOR GENOME SCIENCES","2022-04-13","2022-04-13","unspecified sequencing: Raw reads: TP04-01_Week4_Study1PeaFiber","An approach for evaluating the effects of dietary fiber polysaccharides on the human gut microbiome and plasma proteome","ena-STUDY-WASHINGTON UNIVERSITY CENTER FOR GENOME SCIENCES-30-03-2021-04:15:02:361-407","webin-reads-TP04-01_Week4_Study1PeaFiber","webin-reads-TP04-01_Week4_Study1PeaFiber","600550651;627193864","f2f3bd373bb99f76c3520731816063b2;1319cb63200cce2e19c654e60fb5f727","ftp.sra.ebi.ac.uk/vol1/fastq/ERR596/006/ERR5960126/ERR5960126_1.fastq.gz;ftp.sra.ebi.ac.uk/vol1/fastq/ERR596/006/ERR5960126/ERR5960126_2.fastq.gz","fasp.sra.ebi.ac.uk:/vol1/fastq/ERR596/006/ERR5960126/ERR5960126_1.fastq.gz;fasp.sra.ebi.ac.uk:/vol1/fastq/ERR596/006/ERR5960126/ERR5960126_2.fastq.gz","ftp.sra.ebi.ac.uk/vol1/fastq/ERR596/006/ERR5960126/ERR5960126_1.fastq.gz;ftp.sra.ebi.ac.uk/vol1/fastq/ERR596/006/ERR5960126/ERR5960126_2.fastq.gz","578787669;605218325","516e37622b5b8fc9ce979f9d634fec9f;30a7fd995a71dfb3bedbd6a0d8480fdf","ftp.sra.ebi.ac.uk/vol1/run/ERR596/ERR5960126/TP04-01_TS1_Wk4_HF_CAT_R1.fq.gz;ftp.sra.ebi.ac.uk/vol1/run/ERR596/ERR5960126/TP04-01_TS1_Wk4_HF_CAT_R2.fq.gz","fasp.sra.ebi.ac.uk:/vol1/run/ERR596/ERR5960126/TP04-01_TS1_Wk4_HF_CAT_R1.fq.gz;fasp.sra.ebi.ac.uk:/vol1/run/ERR596/ERR5960126/TP04-01_TS1_Wk4_HF_CAT_R2.fq.gz","ftp.sra.ebi.ac.uk/vol1/run/ERR596/ERR5960126/TP04-01_TS1_Wk4_HF_CAT_R1.fq.gz;ftp.sra.ebi.ac.uk/vol1/run/ERR596/ERR5960126/TP04-01_TS1_Wk4_HF_CAT_R2.fq.gz","FASTQ;FASTQ",NA,NA,NA,NA,NA,"TP04-01_Week4_Study1PeaFiber",NA,"TP04-01","4","Study1PeaFiber",NA,"2021-05-24","ftp.sra.ebi.ac.uk/vol1/err/ERR596/006/ERR5960126.bam",1222076183,"8405387cb8af3bfddccc748eb1f23913"
"73","ERR5957010","ERP128019","SAMEA8793939","ERS6478289","ERX5597531","PRJEB44020","ERA4412513",256318,"metagenome","ILLUMINA","unspecified",NA,NA,"PAIRED","OTHER","METAGENOMIC","RANDOM",20346462,2622397345,"WASHINGTON UNIVERSITY CENTER FOR GENOME SCIENCES","2022-04-13","2022-04-13","unspecified sequencing: Raw reads: TP04-01_Week5_Study2OrangeFiber","An approach for evaluating the effects of dietary fiber polysaccharides on the human gut microbiome and plasma proteome","ena-STUDY-WASHINGTON UNIVERSITY CENTER FOR GENOME SCIENCES-30-03-2021-04:15:02:361-407","webin-reads-TP04-01_Week5_Study2OrangeFiber","webin-reads-TP04-01_Week5_Study2OrangeFiber","793707658;911953725","02c1185756c0b8d5eda01a2725d6345e;dcbdb5a3c809f94f50d262a37ddedb6c","ftp.sra.ebi.ac.uk/vol1/fastq/ERR595/000/ERR5957010/ERR5957010_1.fastq.gz;ftp.sra.ebi.ac.uk/vol1/fastq/ERR595/000/ERR5957010/ERR5957010_2.fastq.gz","fasp.sra.ebi.ac.uk:/vol1/fastq/ERR595/000/ERR5957010/ERR5957010_1.fastq.gz;fasp.sra.ebi.ac.uk:/vol1/fastq/ERR595/000/ERR5957010/ERR5957010_2.fastq.gz","ftp.sra.ebi.ac.uk/vol1/fastq/ERR595/000/ERR5957010/ERR5957010_1.fastq.gz;ftp.sra.ebi.ac.uk/vol1/fastq/ERR595/000/ERR5957010/ERR5957010_2.fastq.gz","758224927;877080398","3f3474e765e81c1efd59b2d428828e10;501222333c7c920f752a7a5f065558fe","ftp.sra.ebi.ac.uk/vol1/run/ERR595/ERR5957010/TP04-01_TS2_Wk5_HF_CAT_R1.fq.gz;ftp.sra.ebi.ac.uk/vol1/run/ERR595/ERR5957010/TP04-01_TS2_Wk5_HF_CAT_R2.fq.gz","fasp.sra.ebi.ac.uk:/vol1/run/ERR595/ERR5957010/TP04-01_TS2_Wk5_HF_CAT_R1.fq.gz;fasp.sra.ebi.ac.uk:/vol1/run/ERR595/ERR5957010/TP04-01_TS2_Wk5_HF_CAT_R2.fq.gz","ftp.sra.ebi.ac.uk/vol1/run/ERR595/ERR5957010/TP04-01_TS2_Wk5_HF_CAT_R1.fq.gz;ftp.sra.ebi.ac.uk/vol1/run/ERR595/ERR5957010/TP04-01_TS2_Wk5_HF_CAT_R2.fq.gz","FASTQ;FASTQ",NA,NA,NA,NA,NA,"TP04-01_Week5_Study2OrangeFiber",NA,"TP04-01","5","Study2OrangeFiber",NA,"2021-05-23","ftp.sra.ebi.ac.uk/vol1/err/ERR595/000/ERR5957010.bam",1715591450,"6011d621f88afeccc0199662b25f6b47"
"74","ERR5960128","ERP128019","SAMEA8793781","ERS6478131","ERX5600649","PRJEB44020","ERA4417586",256318,"metagenome","ILLUMINA","unspecified",NA,NA,"PAIRED","OTHER","METAGENOMIC","RANDOM",16786412,2088387899,"WASHINGTON UNIVERSITY CENTER FOR GENOME SCIENCES","2022-04-13","2022-04-13","unspecified sequencing: Raw reads: TP04-01_Week5_Study1PeaFiber","An approach for evaluating the effects of dietary fiber polysaccharides on the human gut microbiome and plasma proteome","ena-STUDY-WASHINGTON UNIVERSITY CENTER FOR GENOME SCIENCES-30-03-2021-04:15:02:361-407","webin-reads-TP04-01_Week5_Study1PeaFiber","webin-reads-TP04-01_Week5_Study1PeaFiber","623545916;651105231","a0320fa2e62040ac6efb898d5d49e356;1e432127a4170c2b3c3d7e3dd457b5be","ftp.sra.ebi.ac.uk/vol1/fastq/ERR596/008/ERR5960128/ERR5960128_1.fastq.gz;ftp.sra.ebi.ac.uk/vol1/fastq/ERR596/008/ERR5960128/ERR5960128_2.fastq.gz","fasp.sra.ebi.ac.uk:/vol1/fastq/ERR596/008/ERR5960128/ERR5960128_1.fastq.gz;fasp.sra.ebi.ac.uk:/vol1/fastq/ERR596/008/ERR5960128/ERR5960128_2.fastq.gz","ftp.sra.ebi.ac.uk/vol1/fastq/ERR596/008/ERR5960128/ERR5960128_1.fastq.gz;ftp.sra.ebi.ac.uk/vol1/fastq/ERR596/008/ERR5960128/ERR5960128_2.fastq.gz","600527310;627847328","3bfa3ae24b62eeb2c4bf6c3340937056;ee5f0d0913ea165d51390c2e605d7a72","ftp.sra.ebi.ac.uk/vol1/run/ERR596/ERR5960128/TP04-01_TS1_Wk5_HF_CAT_R1.fq.gz;ftp.sra.ebi.ac.uk/vol1/run/ERR596/ERR5960128/TP04-01_TS1_Wk5_HF_CAT_R2.fq.gz","fasp.sra.ebi.ac.uk:/vol1/run/ERR596/ERR5960128/TP04-01_TS1_Wk5_HF_CAT_R1.fq.gz;fasp.sra.ebi.ac.uk:/vol1/run/ERR596/ERR5960128/TP04-01_TS1_Wk5_HF_CAT_R2.fq.gz","ftp.sra.ebi.ac.uk/vol1/run/ERR596/ERR5960128/TP04-01_TS1_Wk5_HF_CAT_R1.fq.gz;ftp.sra.ebi.ac.uk/vol1/run/ERR596/ERR5960128/TP04-01_TS1_Wk5_HF_CAT_R2.fq.gz","FASTQ;FASTQ",NA,NA,NA,NA,NA,"TP04-01_Week5_Study1PeaFiber",NA,"TP04-01","5","Study1PeaFiber",NA,"2021-05-24","ftp.sra.ebi.ac.uk/vol1/err/ERR596/008/ERR5960128.bam",1267763978,"2735eabc21706e6766074074f66528f5"
"75","ERR5957011","ERP128019","SAMEA8793940","ERS6478290","ERX5597532","PRJEB44020","ERA4412515",256318,"metagenome","ILLUMINA","unspecified",NA,NA,"PAIRED","OTHER","METAGENOMIC","RANDOM",20601954,2618877425,"WASHINGTON UNIVERSITY CENTER FOR GENOME SCIENCES","2022-04-13","2022-04-13","unspecified sequencing: Raw reads: TP04-01_Week8_Study2OrangeFiber","An approach for evaluating the effects of dietary fiber polysaccharides on the human gut microbiome and plasma proteome","ena-STUDY-WASHINGTON UNIVERSITY CENTER FOR GENOME SCIENCES-30-03-2021-04:15:02:361-407","webin-reads-TP04-01_Week8_Study2OrangeFiber","webin-reads-TP04-01_Week8_Study2OrangeFiber","794364551;915818118","e33d43ecaee2042db6041358371d1411;95e5b6f8c707d28d3cedc29e10435b56","ftp.sra.ebi.ac.uk/vol1/fastq/ERR595/001/ERR5957011/ERR5957011_1.fastq.gz;ftp.sra.ebi.ac.uk/vol1/fastq/ERR595/001/ERR5957011/ERR5957011_2.fastq.gz","fasp.sra.ebi.ac.uk:/vol1/fastq/ERR595/001/ERR5957011/ERR5957011_1.fastq.gz;fasp.sra.ebi.ac.uk:/vol1/fastq/ERR595/001/ERR5957011/ERR5957011_2.fastq.gz","ftp.sra.ebi.ac.uk/vol1/fastq/ERR595/001/ERR5957011/ERR5957011_1.fastq.gz;ftp.sra.ebi.ac.uk/vol1/fastq/ERR595/001/ERR5957011/ERR5957011_2.fastq.gz","758470552;880502752","e8d443b0a255b8a68946197b627f2559;c43edcc08abc939ba8c1ef343bc62eea","ftp.sra.ebi.ac.uk/vol1/run/ERR595/ERR5957011/TP04-01_TS2_Wk8_HF_CAT_R1.fq.gz;ftp.sra.ebi.ac.uk/vol1/run/ERR595/ERR5957011/TP04-01_TS2_Wk8_HF_CAT_R2.fq.gz","fasp.sra.ebi.ac.uk:/vol1/run/ERR595/ERR5957011/TP04-01_TS2_Wk8_HF_CAT_R1.fq.gz;fasp.sra.ebi.ac.uk:/vol1/run/ERR595/ERR5957011/TP04-01_TS2_Wk8_HF_CAT_R2.fq.gz","ftp.sra.ebi.ac.uk/vol1/run/ERR595/ERR5957011/TP04-01_TS2_Wk8_HF_CAT_R1.fq.gz;ftp.sra.ebi.ac.uk/vol1/run/ERR595/ERR5957011/TP04-01_TS2_Wk8_HF_CAT_R2.fq.gz","FASTQ;FASTQ",NA,NA,NA,NA,NA,"TP04-01_Week8_Study2OrangeFiber",NA,"TP04-01","8","Study2OrangeFiber",NA,"2021-05-23","ftp.sra.ebi.ac.uk/vol1/err/ERR595/001/ERR5957011.bam",1722589364,"cb219c76400e5aff377a30563cf7621f"
"76","ERR5956607","ERP128019","SAMEA8793782","ERS6478132","ERX5597128","PRJEB44020","ERA4412282",256318,"metagenome","ILLUMINA","unspecified",NA,NA,"PAIRED","OTHER","METAGENOMIC","RANDOM",17518302,2207603622,"WASHINGTON UNIVERSITY CENTER FOR GENOME SCIENCES","2022-04-13","2022-04-13","unspecified sequencing: Raw reads: TP04-01_Week8_Study1PeaFiber","An approach for evaluating the effects of dietary fiber polysaccharides on the human gut microbiome and plasma proteome","ena-STUDY-WASHINGTON UNIVERSITY CENTER FOR GENOME SCIENCES-30-03-2021-04:15:02:361-407","webin-reads-TP04-01_Week8_Study1PeaFiber","webin-reads-TP04-01_Week8_Study1PeaFiber","661958208;687713318","f6b891ed7076d16d4d8e0047f91ab504;3b470572ca5b59aa5004c5629e7abcb8","ftp.sra.ebi.ac.uk/vol1/fastq/ERR595/007/ERR5956607/ERR5956607_1.fastq.gz;ftp.sra.ebi.ac.uk/vol1/fastq/ERR595/007/ERR5956607/ERR5956607_2.fastq.gz","fasp.sra.ebi.ac.uk:/vol1/fastq/ERR595/007/ERR5956607/ERR5956607_1.fastq.gz;fasp.sra.ebi.ac.uk:/vol1/fastq/ERR595/007/ERR5956607/ERR5956607_2.fastq.gz","ftp.sra.ebi.ac.uk/vol1/fastq/ERR595/007/ERR5956607/ERR5956607_1.fastq.gz;ftp.sra.ebi.ac.uk/vol1/fastq/ERR595/007/ERR5956607/ERR5956607_2.fastq.gz","637729482;663233547","ef217d484382032528ce47a7f676eae3;5e5edafbadf5c4f5f93e0dca89f51f34","ftp.sra.ebi.ac.uk/vol1/run/ERR595/ERR5956607/TP04-01_TS1_Wk8_HF_CAT_R1.fq.gz;ftp.sra.ebi.ac.uk/vol1/run/ERR595/ERR5956607/TP04-01_TS1_Wk8_HF_CAT_R2.fq.gz","fasp.sra.ebi.ac.uk:/vol1/run/ERR595/ERR5956607/TP04-01_TS1_Wk8_HF_CAT_R1.fq.gz;fasp.sra.ebi.ac.uk:/vol1/run/ERR595/ERR5956607/TP04-01_TS1_Wk8_HF_CAT_R2.fq.gz","ftp.sra.ebi.ac.uk/vol1/run/ERR595/ERR5956607/TP04-01_TS1_Wk8_HF_CAT_R1.fq.gz;ftp.sra.ebi.ac.uk/vol1/run/ERR595/ERR5956607/TP04-01_TS1_Wk8_HF_CAT_R2.fq.gz","FASTQ;FASTQ",NA,NA,NA,NA,NA,"TP04-01_Week8_Study1PeaFiber",NA,"TP04-01","8","Study1PeaFiber",NA,"2021-05-22","ftp.sra.ebi.ac.uk/vol1/err/ERR595/007/ERR5956607.bam",1342595702,"f9f0fe79c12c0e34b9b72fd4da6eca5d"
"77","ERR5956609","ERP128019","SAMEA8793783","ERS6478133","ERX5597130","PRJEB44020","ERA4412290",256318,"metagenome","ILLUMINA","unspecified",NA,NA,"PAIRED","OTHER","METAGENOMIC","RANDOM",17949284,2172060641,"WASHINGTON UNIVERSITY CENTER FOR GENOME SCIENCES","2022-04-13","2022-04-13","unspecified sequencing: Raw reads: TP04-01_Week9_Study1PeaFiber","An approach for evaluating the effects of dietary fiber polysaccharides on the human gut microbiome and plasma proteome","ena-STUDY-WASHINGTON UNIVERSITY CENTER FOR GENOME SCIENCES-30-03-2021-04:15:02:361-407","webin-reads-TP04-01_Week9_Study1PeaFiber","webin-reads-TP04-01_Week9_Study1PeaFiber","687959948;728818539","713ed8b12804dcc91518dafca9df8606;230b5952e2460b32403a42e97d6e774a","ftp.sra.ebi.ac.uk/vol1/fastq/ERR595/009/ERR5956609/ERR5956609_1.fastq.gz;ftp.sra.ebi.ac.uk/vol1/fastq/ERR595/009/ERR5956609/ERR5956609_2.fastq.gz","fasp.sra.ebi.ac.uk:/vol1/fastq/ERR595/009/ERR5956609/ERR5956609_1.fastq.gz;fasp.sra.ebi.ac.uk:/vol1/fastq/ERR595/009/ERR5956609/ERR5956609_2.fastq.gz","ftp.sra.ebi.ac.uk/vol1/fastq/ERR595/009/ERR5956609/ERR5956609_1.fastq.gz;ftp.sra.ebi.ac.uk/vol1/fastq/ERR595/009/ERR5956609/ERR5956609_2.fastq.gz","663301023;703739563","8fe3c1138c37c2c2351acc54c3f35587;5c819d055f3578cfd7e6cb6f4afb5c55","ftp.sra.ebi.ac.uk/vol1/run/ERR595/ERR5956609/TP04-01_TS1_Wk9_HF_CAT_R1.fq.gz;ftp.sra.ebi.ac.uk/vol1/run/ERR595/ERR5956609/TP04-01_TS1_Wk9_HF_CAT_R2.fq.gz","fasp.sra.ebi.ac.uk:/vol1/run/ERR595/ERR5956609/TP04-01_TS1_Wk9_HF_CAT_R1.fq.gz;fasp.sra.ebi.ac.uk:/vol1/run/ERR595/ERR5956609/TP04-01_TS1_Wk9_HF_CAT_R2.fq.gz","ftp.sra.ebi.ac.uk/vol1/run/ERR595/ERR5956609/TP04-01_TS1_Wk9_HF_CAT_R1.fq.gz;ftp.sra.ebi.ac.uk/vol1/run/ERR595/ERR5956609/TP04-01_TS1_Wk9_HF_CAT_R2.fq.gz","FASTQ;FASTQ",NA,NA,NA,NA,NA,"TP04-01_Week9_Study1PeaFiber",NA,"TP04-01","9","Study1PeaFiber",NA,"2021-05-22","ftp.sra.ebi.ac.uk/vol1/err/ERR595/009/ERR5956609.bam",1425935781,"8a846de9ccc72050052de8b021e384ae"
"78","ERR5956610","ERP128019","SAMEA8793784","ERS6478134","ERX5597131","PRJEB44020","ERA4412291",256318,"metagenome","ILLUMINA","unspecified",NA,NA,"PAIRED","OTHER","METAGENOMIC","RANDOM",15699356,1884437463,"WASHINGTON UNIVERSITY CENTER FOR GENOME SCIENCES","2022-04-13","2022-04-13","unspecified sequencing: Raw reads: TP04-02_Week1_Study1PeaFiber","An approach for evaluating the effects of dietary fiber polysaccharides on the human gut microbiome and plasma proteome","ena-STUDY-WASHINGTON UNIVERSITY CENTER FOR GENOME SCIENCES-30-03-2021-04:15:02:361-407","webin-reads-TP04-02_Week1_Study1PeaFiber","webin-reads-TP04-02_Week1_Study1PeaFiber","563901506;593951913","78dd2d105c7b799c1d17538bad69ba48;54037059c630da4f23caac55236f282e","ftp.sra.ebi.ac.uk/vol1/fastq/ERR595/000/ERR5956610/ERR5956610_1.fastq.gz;ftp.sra.ebi.ac.uk/vol1/fastq/ERR595/000/ERR5956610/ERR5956610_2.fastq.gz","fasp.sra.ebi.ac.uk:/vol1/fastq/ERR595/000/ERR5956610/ERR5956610_1.fastq.gz;fasp.sra.ebi.ac.uk:/vol1/fastq/ERR595/000/ERR5956610/ERR5956610_2.fastq.gz","ftp.sra.ebi.ac.uk/vol1/fastq/ERR595/000/ERR5956610/ERR5956610_1.fastq.gz;ftp.sra.ebi.ac.uk/vol1/fastq/ERR595/000/ERR5956610/ERR5956610_2.fastq.gz","542358770;572171341","ae7816919ca4779b4e594bad7ce761fc;8abc69b2a50d612691322ea62059bd06","ftp.sra.ebi.ac.uk/vol1/run/ERR595/ERR5956610/TP04-02_TS1_Wk1_HF_CAT_R1.fq.gz;ftp.sra.ebi.ac.uk/vol1/run/ERR595/ERR5956610/TP04-02_TS1_Wk1_HF_CAT_R2.fq.gz","fasp.sra.ebi.ac.uk:/vol1/run/ERR595/ERR5956610/TP04-02_TS1_Wk1_HF_CAT_R1.fq.gz;fasp.sra.ebi.ac.uk:/vol1/run/ERR595/ERR5956610/TP04-02_TS1_Wk1_HF_CAT_R2.fq.gz","ftp.sra.ebi.ac.uk/vol1/run/ERR595/ERR5956610/TP04-02_TS1_Wk1_HF_CAT_R1.fq.gz;ftp.sra.ebi.ac.uk/vol1/run/ERR595/ERR5956610/TP04-02_TS1_Wk1_HF_CAT_R2.fq.gz","FASTQ;FASTQ",NA,NA,NA,NA,NA,"TP04-02_Week1_Study1PeaFiber",NA,"TP04-02","1","Study1PeaFiber",NA,"2021-05-22","ftp.sra.ebi.ac.uk/vol1/err/ERR595/000/ERR5956610.bam",1151633591,"51e5df0f6ad672c8c3581933bbe67e0e"
"79","ERR5957012","ERP128019","SAMEA8793941","ERS6478291","ERX5597533","PRJEB44020","ERA4412516",256318,"metagenome","ILLUMINA","unspecified",NA,NA,"PAIRED","OTHER","METAGENOMIC","RANDOM",21105064,2733510600,"WASHINGTON UNIVERSITY CENTER FOR GENOME SCIENCES","2022-04-13","2022-04-13","unspecified sequencing: Raw reads: TP04-02_Week1_Study2OrangeFiber","An approach for evaluating the effects of dietary fiber polysaccharides on the human gut microbiome and plasma proteome","ena-STUDY-WASHINGTON UNIVERSITY CENTER FOR GENOME SCIENCES-30-03-2021-04:15:02:361-407","webin-reads-TP04-02_Week1_Study2OrangeFiber","webin-reads-TP04-02_Week1_Study2OrangeFiber","821463182;940558835","a2ac2839849f3c72ffdbcc1455bf3e40;d22ec19b420d95f5f47f69fa7b67ec3e","ftp.sra.ebi.ac.uk/vol1/fastq/ERR595/002/ERR5957012/ERR5957012_1.fastq.gz;ftp.sra.ebi.ac.uk/vol1/fastq/ERR595/002/ERR5957012/ERR5957012_2.fastq.gz","fasp.sra.ebi.ac.uk:/vol1/fastq/ERR595/002/ERR5957012/ERR5957012_1.fastq.gz;fasp.sra.ebi.ac.uk:/vol1/fastq/ERR595/002/ERR5957012/ERR5957012_2.fastq.gz","ftp.sra.ebi.ac.uk/vol1/fastq/ERR595/002/ERR5957012/ERR5957012_1.fastq.gz;ftp.sra.ebi.ac.uk/vol1/fastq/ERR595/002/ERR5957012/ERR5957012_2.fastq.gz","784682694;904310736","9a65335e3422b224c902cad005b3a42c;0fa6dea9588296ec42d3accdb4a7d429","ftp.sra.ebi.ac.uk/vol1/run/ERR595/ERR5957012/TP04-02_TS2_Wk1_HF_CAT_R1.fq.gz;ftp.sra.ebi.ac.uk/vol1/run/ERR595/ERR5957012/TP04-02_TS2_Wk1_HF_CAT_R2.fq.gz","fasp.sra.ebi.ac.uk:/vol1/run/ERR595/ERR5957012/TP04-02_TS2_Wk1_HF_CAT_R1.fq.gz;fasp.sra.ebi.ac.uk:/vol1/run/ERR595/ERR5957012/TP04-02_TS2_Wk1_HF_CAT_R2.fq.gz","ftp.sra.ebi.ac.uk/vol1/run/ERR595/ERR5957012/TP04-02_TS2_Wk1_HF_CAT_R1.fq.gz;ftp.sra.ebi.ac.uk/vol1/run/ERR595/ERR5957012/TP04-02_TS2_Wk1_HF_CAT_R2.fq.gz","FASTQ;FASTQ",NA,NA,NA,NA,NA,"TP04-02_Week1_Study2OrangeFiber",NA,"TP04-02","1","Study2OrangeFiber",NA,"2021-05-23","ftp.sra.ebi.ac.uk/vol1/err/ERR595/002/ERR5957012.bam",1769953495,"5fc673d08b555455e4fef625fddd0e6a"
"80","ERR5956611","ERP128019","SAMEA8793785","ERS6478135","ERX5597132","PRJEB44020","ERA4412292",256318,"metagenome","ILLUMINA","unspecified",NA,NA,"PAIRED","OTHER","METAGENOMIC","RANDOM",17353982,2149425183,"WASHINGTON UNIVERSITY CENTER FOR GENOME SCIENCES","2022-04-13","2022-04-13","unspecified sequencing: Raw reads: TP04-02_Week2_Study1PeaFiber","An approach for evaluating the effects of dietary fiber polysaccharides on the human gut microbiome and plasma proteome","ena-STUDY-WASHINGTON UNIVERSITY CENTER FOR GENOME SCIENCES-30-03-2021-04:15:02:361-407","webin-reads-TP04-02_Week2_Study1PeaFiber","webin-reads-TP04-02_Week2_Study1PeaFiber","641933612;671268132","8bb8dfc19ab18d6f8041c99e71bceb69;987757c653bcee2741f8452cfe5e9205","ftp.sra.ebi.ac.uk/vol1/fastq/ERR595/001/ERR5956611/ERR5956611_1.fastq.gz;ftp.sra.ebi.ac.uk/vol1/fastq/ERR595/001/ERR5956611/ERR5956611_2.fastq.gz","fasp.sra.ebi.ac.uk:/vol1/fastq/ERR595/001/ERR5956611/ERR5956611_1.fastq.gz;fasp.sra.ebi.ac.uk:/vol1/fastq/ERR595/001/ERR5956611/ERR5956611_2.fastq.gz","ftp.sra.ebi.ac.uk/vol1/fastq/ERR595/001/ERR5956611/ERR5956611_1.fastq.gz;ftp.sra.ebi.ac.uk/vol1/fastq/ERR595/001/ERR5956611/ERR5956611_2.fastq.gz","618115696;647152300","1308e22d23aef0ee03361abed4454a89;80d663dc94460daefd87d7b214cfb0d8","ftp.sra.ebi.ac.uk/vol1/run/ERR595/ERR5956611/TP04-02_TS1_Wk2_HF_CAT_R1.fq.gz;ftp.sra.ebi.ac.uk/vol1/run/ERR595/ERR5956611/TP04-02_TS1_Wk2_HF_CAT_R2.fq.gz","fasp.sra.ebi.ac.uk:/vol1/run/ERR595/ERR5956611/TP04-02_TS1_Wk2_HF_CAT_R1.fq.gz;fasp.sra.ebi.ac.uk:/vol1/run/ERR595/ERR5956611/TP04-02_TS1_Wk2_HF_CAT_R2.fq.gz","ftp.sra.ebi.ac.uk/vol1/run/ERR595/ERR5956611/TP04-02_TS1_Wk2_HF_CAT_R1.fq.gz;ftp.sra.ebi.ac.uk/vol1/run/ERR595/ERR5956611/TP04-02_TS1_Wk2_HF_CAT_R2.fq.gz","FASTQ;FASTQ",NA,NA,NA,NA,NA,"TP04-02_Week2_Study1PeaFiber",NA,"TP04-02","2","Study1PeaFiber",NA,"2021-05-22","ftp.sra.ebi.ac.uk/vol1/err/ERR595/001/ERR5956611.bam",1305089338,"77f553d073617d88739ac700b16164df"
"81","ERR5957043","ERP128019","SAMEA8793942","ERS6478292","ERX5597564","PRJEB44020","ERA4412518",256318,"metagenome","ILLUMINA","unspecified",NA,NA,"PAIRED","OTHER","METAGENOMIC","RANDOM",20963564,2757139055,"WASHINGTON UNIVERSITY CENTER FOR GENOME SCIENCES","2022-04-13","2022-04-13","unspecified sequencing: Raw reads: TP04-02_Week2_Study2OrangeFiber","An approach for evaluating the effects of dietary fiber polysaccharides on the human gut microbiome and plasma proteome","ena-STUDY-WASHINGTON UNIVERSITY CENTER FOR GENOME SCIENCES-30-03-2021-04:15:02:361-407","webin-reads-TP04-02_Week2_Study2OrangeFiber","webin-reads-TP04-02_Week2_Study2OrangeFiber","840179445;968766374","27ec3b7a288d99f00b45febc52504d45;f4789e92fb1ad501235f5d07d9bcd80d","ftp.sra.ebi.ac.uk/vol1/fastq/ERR595/003/ERR5957043/ERR5957043_1.fastq.gz;ftp.sra.ebi.ac.uk/vol1/fastq/ERR595/003/ERR5957043/ERR5957043_2.fastq.gz","fasp.sra.ebi.ac.uk:/vol1/fastq/ERR595/003/ERR5957043/ERR5957043_1.fastq.gz;fasp.sra.ebi.ac.uk:/vol1/fastq/ERR595/003/ERR5957043/ERR5957043_2.fastq.gz","ftp.sra.ebi.ac.uk/vol1/fastq/ERR595/003/ERR5957043/ERR5957043_1.fastq.gz;ftp.sra.ebi.ac.uk/vol1/fastq/ERR595/003/ERR5957043/ERR5957043_2.fastq.gz","804245947;933228961","c19dd4dd7eb53bf53af424206f2e4901;c643ddd9d45d18f4c7549011a82aefc3","ftp.sra.ebi.ac.uk/vol1/run/ERR595/ERR5957043/TP04-02_TS2_Wk2_HF_CAT_R1.fq.gz;ftp.sra.ebi.ac.uk/vol1/run/ERR595/ERR5957043/TP04-02_TS2_Wk2_HF_CAT_R2.fq.gz","fasp.sra.ebi.ac.uk:/vol1/run/ERR595/ERR5957043/TP04-02_TS2_Wk2_HF_CAT_R1.fq.gz;fasp.sra.ebi.ac.uk:/vol1/run/ERR595/ERR5957043/TP04-02_TS2_Wk2_HF_CAT_R2.fq.gz","ftp.sra.ebi.ac.uk/vol1/run/ERR595/ERR5957043/TP04-02_TS2_Wk2_HF_CAT_R1.fq.gz;ftp.sra.ebi.ac.uk/vol1/run/ERR595/ERR5957043/TP04-02_TS2_Wk2_HF_CAT_R2.fq.gz","FASTQ;FASTQ",NA,NA,NA,NA,NA,"TP04-02_Week2_Study2OrangeFiber",NA,"TP04-02","2","Study2OrangeFiber",NA,"2021-05-23","ftp.sra.ebi.ac.uk/vol1/err/ERR595/003/ERR5957043.bam",1818104013,"71756c4dc1cd2606c66889e69711cc1b"
"82","ERR5956612","ERP128019","SAMEA8793786","ERS6478136","ERX5597133","PRJEB44020","ERA4412293",256318,"metagenome","ILLUMINA","unspecified",NA,NA,"PAIRED","OTHER","METAGENOMIC","RANDOM",16857586,1998544442,"WASHINGTON UNIVERSITY CENTER FOR GENOME SCIENCES","2022-04-13","2022-04-13","unspecified sequencing: Raw reads: TP04-02_Week3_Study1PeaFiber","An approach for evaluating the effects of dietary fiber polysaccharides on the human gut microbiome and plasma proteome","ena-STUDY-WASHINGTON UNIVERSITY CENTER FOR GENOME SCIENCES-30-03-2021-04:15:02:361-407","webin-reads-TP04-02_Week3_Study1PeaFiber","webin-reads-TP04-02_Week3_Study1PeaFiber","596932642;625299347","f2be4dbc9a937acc228c48781a637413;d793b72aef710a24acc35f5987570d34","ftp.sra.ebi.ac.uk/vol1/fastq/ERR595/002/ERR5956612/ERR5956612_1.fastq.gz;ftp.sra.ebi.ac.uk/vol1/fastq/ERR595/002/ERR5956612/ERR5956612_2.fastq.gz","fasp.sra.ebi.ac.uk:/vol1/fastq/ERR595/002/ERR5956612/ERR5956612_1.fastq.gz;fasp.sra.ebi.ac.uk:/vol1/fastq/ERR595/002/ERR5956612/ERR5956612_2.fastq.gz","ftp.sra.ebi.ac.uk/vol1/fastq/ERR595/002/ERR5956612/ERR5956612_1.fastq.gz;ftp.sra.ebi.ac.uk/vol1/fastq/ERR595/002/ERR5956612/ERR5956612_2.fastq.gz","573573378;601667402","973224ef575dc76240563984b736e7c8;10d9a748e5bf7f9f34bb9925010f2338","ftp.sra.ebi.ac.uk/vol1/run/ERR595/ERR5956612/TP04-02_TS1_Wk3_HF_CAT_R1.fq.gz;ftp.sra.ebi.ac.uk/vol1/run/ERR595/ERR5956612/TP04-02_TS1_Wk3_HF_CAT_R2.fq.gz","fasp.sra.ebi.ac.uk:/vol1/run/ERR595/ERR5956612/TP04-02_TS1_Wk3_HF_CAT_R1.fq.gz;fasp.sra.ebi.ac.uk:/vol1/run/ERR595/ERR5956612/TP04-02_TS1_Wk3_HF_CAT_R2.fq.gz","ftp.sra.ebi.ac.uk/vol1/run/ERR595/ERR5956612/TP04-02_TS1_Wk3_HF_CAT_R1.fq.gz;ftp.sra.ebi.ac.uk/vol1/run/ERR595/ERR5956612/TP04-02_TS1_Wk3_HF_CAT_R2.fq.gz","FASTQ;FASTQ",NA,NA,NA,NA,NA,"TP04-02_Week3_Study1PeaFiber",NA,"TP04-02","3","Study1PeaFiber",NA,"2021-05-22","ftp.sra.ebi.ac.uk/vol1/err/ERR595/002/ERR5956612.bam",1216359819,"c23bec1c6c084b286555e1ab3d0b4cd8"
"83","ERR5956613","ERP128019","SAMEA8793787","ERS6478137","ERX5597134","PRJEB44020","ERA4412294",256318,"metagenome","ILLUMINA","unspecified",NA,NA,"PAIRED","OTHER","METAGENOMIC","RANDOM",15658300,1858067980,"WASHINGTON UNIVERSITY CENTER FOR GENOME SCIENCES","2022-04-13","2022-04-13","unspecified sequencing: Raw reads: TP04-02_Week4_Study1PeaFiber","An approach for evaluating the effects of dietary fiber polysaccharides on the human gut microbiome and plasma proteome","ena-STUDY-WASHINGTON UNIVERSITY CENTER FOR GENOME SCIENCES-30-03-2021-04:15:02:361-407","webin-reads-TP04-02_Week4_Study1PeaFiber","webin-reads-TP04-02_Week4_Study1PeaFiber","556797136;580982765","3b32eb1909a2a17ac782b424cbb2d417;e47822b7416bf63322e96431bb6d3a4e","ftp.sra.ebi.ac.uk/vol1/fastq/ERR595/003/ERR5956613/ERR5956613_1.fastq.gz;ftp.sra.ebi.ac.uk/vol1/fastq/ERR595/003/ERR5956613/ERR5956613_2.fastq.gz","fasp.sra.ebi.ac.uk:/vol1/fastq/ERR595/003/ERR5956613/ERR5956613_1.fastq.gz;fasp.sra.ebi.ac.uk:/vol1/fastq/ERR595/003/ERR5956613/ERR5956613_2.fastq.gz","ftp.sra.ebi.ac.uk/vol1/fastq/ERR595/003/ERR5956613/ERR5956613_1.fastq.gz;ftp.sra.ebi.ac.uk/vol1/fastq/ERR595/003/ERR5956613/ERR5956613_2.fastq.gz","535308592;559257379","c5966049409c6079463f897ef57f577d;9693b0110963752dc6c0f497898c9323","ftp.sra.ebi.ac.uk/vol1/run/ERR595/ERR5956613/TP04-02_TS1_Wk4_HF_CAT_R1.fq.gz;ftp.sra.ebi.ac.uk/vol1/run/ERR595/ERR5956613/TP04-02_TS1_Wk4_HF_CAT_R2.fq.gz","fasp.sra.ebi.ac.uk:/vol1/run/ERR595/ERR5956613/TP04-02_TS1_Wk4_HF_CAT_R1.fq.gz;fasp.sra.ebi.ac.uk:/vol1/run/ERR595/ERR5956613/TP04-02_TS1_Wk4_HF_CAT_R2.fq.gz","ftp.sra.ebi.ac.uk/vol1/run/ERR595/ERR5956613/TP04-02_TS1_Wk4_HF_CAT_R1.fq.gz;ftp.sra.ebi.ac.uk/vol1/run/ERR595/ERR5956613/TP04-02_TS1_Wk4_HF_CAT_R2.fq.gz","FASTQ;FASTQ",NA,NA,NA,NA,NA,"TP04-02_Week4_Study1PeaFiber",NA,"TP04-02","4","Study1PeaFiber",NA,"2021-05-22","ftp.sra.ebi.ac.uk/vol1/err/ERR595/003/ERR5956613.bam",1132154015,"8586121dc584879b04dffb7c966c8aa3"
"84","ERR5956614","ERP128019","SAMEA8793788","ERS6478138","ERX5597135","PRJEB44020","ERA4412295",256318,"metagenome","ILLUMINA","unspecified",NA,NA,"PAIRED","OTHER","METAGENOMIC","RANDOM",16475058,2140495674,"WASHINGTON UNIVERSITY CENTER FOR GENOME SCIENCES","2022-04-13","2022-04-13","unspecified sequencing: Raw reads: TP04-02_Week5_Study1PeaFiber","An approach for evaluating the effects of dietary fiber polysaccharides on the human gut microbiome and plasma proteome","ena-STUDY-WASHINGTON UNIVERSITY CENTER FOR GENOME SCIENCES-30-03-2021-04:15:02:361-407","webin-reads-TP04-02_Week5_Study1PeaFiber","webin-reads-TP04-02_Week5_Study1PeaFiber","639726671;669525399","384dfe0b49da4e466156ac51b3d6b0a7;8d79cd37da9f9901f6be426019e2ad83","ftp.sra.ebi.ac.uk/vol1/fastq/ERR595/004/ERR5956614/ERR5956614_1.fastq.gz;ftp.sra.ebi.ac.uk/vol1/fastq/ERR595/004/ERR5956614/ERR5956614_2.fastq.gz","fasp.sra.ebi.ac.uk:/vol1/fastq/ERR595/004/ERR5956614/ERR5956614_1.fastq.gz;fasp.sra.ebi.ac.uk:/vol1/fastq/ERR595/004/ERR5956614/ERR5956614_2.fastq.gz","ftp.sra.ebi.ac.uk/vol1/fastq/ERR595/004/ERR5956614/ERR5956614_1.fastq.gz;ftp.sra.ebi.ac.uk/vol1/fastq/ERR595/004/ERR5956614/ERR5956614_2.fastq.gz","617601895;647142772","53364ccfca0f0c16e5e5818b67a34b91;db5f2d9b1e0a446f76ae4a6192650d98","ftp.sra.ebi.ac.uk/vol1/run/ERR595/ERR5956614/TP04-02_TS1_Wk5_HF_CAT_R1.fq.gz;ftp.sra.ebi.ac.uk/vol1/run/ERR595/ERR5956614/TP04-02_TS1_Wk5_HF_CAT_R2.fq.gz","fasp.sra.ebi.ac.uk:/vol1/run/ERR595/ERR5956614/TP04-02_TS1_Wk5_HF_CAT_R1.fq.gz;fasp.sra.ebi.ac.uk:/vol1/run/ERR595/ERR5956614/TP04-02_TS1_Wk5_HF_CAT_R2.fq.gz","ftp.sra.ebi.ac.uk/vol1/run/ERR595/ERR5956614/TP04-02_TS1_Wk5_HF_CAT_R1.fq.gz;ftp.sra.ebi.ac.uk/vol1/run/ERR595/ERR5956614/TP04-02_TS1_Wk5_HF_CAT_R2.fq.gz","FASTQ;FASTQ",NA,NA,NA,NA,NA,"TP04-02_Week5_Study1PeaFiber",NA,"TP04-02","5","Study1PeaFiber",NA,"2021-05-22","ftp.sra.ebi.ac.uk/vol1/err/ERR595/004/ERR5956614.bam",1300188284,"dac963f1c60073fc4cf47b774f79c821"
"85","ERR5957049","ERP128019","SAMEA8793943","ERS6478293","ERX5597570","PRJEB44020","ERA4412520",256318,"metagenome","ILLUMINA","unspecified",NA,NA,"PAIRED","OTHER","METAGENOMIC","RANDOM",21261402,2735919758,"WASHINGTON UNIVERSITY CENTER FOR GENOME SCIENCES","2022-04-13","2022-04-13","unspecified sequencing: Raw reads: TP04-02_Week5_Study2OrangeFiber","An approach for evaluating the effects of dietary fiber polysaccharides on the human gut microbiome and plasma proteome","ena-STUDY-WASHINGTON UNIVERSITY CENTER FOR GENOME SCIENCES-30-03-2021-04:15:02:361-407","webin-reads-TP04-02_Week5_Study2OrangeFiber","webin-reads-TP04-02_Week5_Study2OrangeFiber","855251145;964457208","2f76a1361b2c6deeae57116dd93699e9;71c3ba492b46fe02c197c8fd8bf2d45f","ftp.sra.ebi.ac.uk/vol1/fastq/ERR595/009/ERR5957049/ERR5957049_1.fastq.gz;ftp.sra.ebi.ac.uk/vol1/fastq/ERR595/009/ERR5957049/ERR5957049_2.fastq.gz","fasp.sra.ebi.ac.uk:/vol1/fastq/ERR595/009/ERR5957049/ERR5957049_1.fastq.gz;fasp.sra.ebi.ac.uk:/vol1/fastq/ERR595/009/ERR5957049/ERR5957049_2.fastq.gz","ftp.sra.ebi.ac.uk/vol1/fastq/ERR595/009/ERR5957049/ERR5957049_1.fastq.gz;ftp.sra.ebi.ac.uk/vol1/fastq/ERR595/009/ERR5957049/ERR5957049_2.fastq.gz","818577298;928336599","999e7ebf986035c50e405c71e0544c71;a39f11a8abe2a13e88b114c97d19ffa2","ftp.sra.ebi.ac.uk/vol1/run/ERR595/ERR5957049/TP04-02_TS2_Wk5_HF_CAT_R1.fq.gz;ftp.sra.ebi.ac.uk/vol1/run/ERR595/ERR5957049/TP04-02_TS2_Wk5_HF_CAT_R2.fq.gz","fasp.sra.ebi.ac.uk:/vol1/run/ERR595/ERR5957049/TP04-02_TS2_Wk5_HF_CAT_R1.fq.gz;fasp.sra.ebi.ac.uk:/vol1/run/ERR595/ERR5957049/TP04-02_TS2_Wk5_HF_CAT_R2.fq.gz","ftp.sra.ebi.ac.uk/vol1/run/ERR595/ERR5957049/TP04-02_TS2_Wk5_HF_CAT_R1.fq.gz;ftp.sra.ebi.ac.uk/vol1/run/ERR595/ERR5957049/TP04-02_TS2_Wk5_HF_CAT_R2.fq.gz","FASTQ;FASTQ",NA,NA,NA,NA,NA,"TP04-02_Week5_Study2OrangeFiber",NA,"TP04-02","5","Study2OrangeFiber",NA,"2021-05-23","ftp.sra.ebi.ac.uk/vol1/err/ERR595/009/ERR5957049.bam",1834511156,"c2ed9739bee23af82eb7707a7f071ec7"
"86","ERR5956615","ERP128019","SAMEA8793789","ERS6478139","ERX5597136","PRJEB44020","ERA4412296",256318,"metagenome","ILLUMINA","unspecified",NA,NA,"PAIRED","OTHER","METAGENOMIC","RANDOM",16147892,2080045811,"WASHINGTON UNIVERSITY CENTER FOR GENOME SCIENCES","2022-04-13","2022-04-13","unspecified sequencing: Raw reads: TP04-02_Week8_Study1PeaFiber","An approach for evaluating the effects of dietary fiber polysaccharides on the human gut microbiome and plasma proteome","ena-STUDY-WASHINGTON UNIVERSITY CENTER FOR GENOME SCIENCES-30-03-2021-04:15:02:361-407","webin-reads-TP04-02_Week8_Study1PeaFiber","webin-reads-TP04-02_Week8_Study1PeaFiber","621613472;656070591","2638dde156f3f0719be881ae11438a2f;d61ca56d3783ad3d07fc556c807bfe50","ftp.sra.ebi.ac.uk/vol1/fastq/ERR595/005/ERR5956615/ERR5956615_1.fastq.gz;ftp.sra.ebi.ac.uk/vol1/fastq/ERR595/005/ERR5956615/ERR5956615_2.fastq.gz","fasp.sra.ebi.ac.uk:/vol1/fastq/ERR595/005/ERR5956615/ERR5956615_1.fastq.gz;fasp.sra.ebi.ac.uk:/vol1/fastq/ERR595/005/ERR5956615/ERR5956615_2.fastq.gz","ftp.sra.ebi.ac.uk/vol1/fastq/ERR595/005/ERR5956615/ERR5956615_1.fastq.gz;ftp.sra.ebi.ac.uk/vol1/fastq/ERR595/005/ERR5956615/ERR5956615_2.fastq.gz","599663943;633909577","f0bc6923da925ba1f20fcd165829729f;a41f8cbdcd4f660b80a0466eb2fe8afd","ftp.sra.ebi.ac.uk/vol1/run/ERR595/ERR5956615/TP04-02_TS1_Wk8_HF_CAT_R1.fq.gz;ftp.sra.ebi.ac.uk/vol1/run/ERR595/ERR5956615/TP04-02_TS1_Wk8_HF_CAT_R2.fq.gz","fasp.sra.ebi.ac.uk:/vol1/run/ERR595/ERR5956615/TP04-02_TS1_Wk8_HF_CAT_R1.fq.gz;fasp.sra.ebi.ac.uk:/vol1/run/ERR595/ERR5956615/TP04-02_TS1_Wk8_HF_CAT_R2.fq.gz","ftp.sra.ebi.ac.uk/vol1/run/ERR595/ERR5956615/TP04-02_TS1_Wk8_HF_CAT_R1.fq.gz;ftp.sra.ebi.ac.uk/vol1/run/ERR595/ERR5956615/TP04-02_TS1_Wk8_HF_CAT_R2.fq.gz","FASTQ;FASTQ",NA,NA,NA,NA,NA,"TP04-02_Week8_Study1PeaFiber",NA,"TP04-02","8","Study1PeaFiber",NA,"2021-05-22","ftp.sra.ebi.ac.uk/vol1/err/ERR595/005/ERR5956615.bam",1270401628,"e918fc0a7c46447f9b4d1a8a2269a537"
"87","ERR5957050","ERP128019","SAMEA8793944","ERS6478294","ERX5597571","PRJEB44020","ERA4412826",256318,"metagenome","ILLUMINA","unspecified",NA,NA,"PAIRED","OTHER","METAGENOMIC","RANDOM",21604582,2818509310,"WASHINGTON UNIVERSITY CENTER FOR GENOME SCIENCES","2022-04-13","2022-04-13","unspecified sequencing: Raw reads: TP04-02_Week8_Study2OrangeFiber","An approach for evaluating the effects of dietary fiber polysaccharides on the human gut microbiome and plasma proteome","ena-STUDY-WASHINGTON UNIVERSITY CENTER FOR GENOME SCIENCES-30-03-2021-04:15:02:361-407","webin-reads-TP04-02_Week8_Study2OrangeFiber","webin-reads-TP04-02_Week8_Study2OrangeFiber","842666813;971588596","7282c98c69d2125e24dd901b41644be6;712345200d558b8da16d2abd2aa18849","ftp.sra.ebi.ac.uk/vol1/fastq/ERR595/000/ERR5957050/ERR5957050_1.fastq.gz;ftp.sra.ebi.ac.uk/vol1/fastq/ERR595/000/ERR5957050/ERR5957050_2.fastq.gz","fasp.sra.ebi.ac.uk:/vol1/fastq/ERR595/000/ERR5957050/ERR5957050_1.fastq.gz;fasp.sra.ebi.ac.uk:/vol1/fastq/ERR595/000/ERR5957050/ERR5957050_2.fastq.gz","ftp.sra.ebi.ac.uk/vol1/fastq/ERR595/000/ERR5957050/ERR5957050_1.fastq.gz;ftp.sra.ebi.ac.uk/vol1/fastq/ERR595/000/ERR5957050/ERR5957050_2.fastq.gz","805123481;934584416","4d7cbe47dd299c42f0cb9c2e74cc02f0;c8f33037dfcd2dbe495ef23621cd6d92","ftp.sra.ebi.ac.uk/vol1/run/ERR595/ERR5957050/TP04-02_TS2_Wk8_HF_CAT_R1.fq.gz;ftp.sra.ebi.ac.uk/vol1/run/ERR595/ERR5957050/TP04-02_TS2_Wk8_HF_CAT_R2.fq.gz","fasp.sra.ebi.ac.uk:/vol1/run/ERR595/ERR5957050/TP04-02_TS2_Wk8_HF_CAT_R1.fq.gz;fasp.sra.ebi.ac.uk:/vol1/run/ERR595/ERR5957050/TP04-02_TS2_Wk8_HF_CAT_R2.fq.gz","ftp.sra.ebi.ac.uk/vol1/run/ERR595/ERR5957050/TP04-02_TS2_Wk8_HF_CAT_R1.fq.gz;ftp.sra.ebi.ac.uk/vol1/run/ERR595/ERR5957050/TP04-02_TS2_Wk8_HF_CAT_R2.fq.gz","FASTQ;FASTQ",NA,NA,NA,NA,NA,"TP04-02_Week8_Study2OrangeFiber",NA,"TP04-02","8","Study2OrangeFiber",NA,"2021-05-23","ftp.sra.ebi.ac.uk/vol1/err/ERR595/000/ERR5957050.bam",1822157332,"f94d971882b75a40cf5a58eaee166ee9"
"88","ERR5956616","ERP128019","SAMEA8793790","ERS6478140","ERX5597137","PRJEB44020","ERA4412297",256318,"metagenome","ILLUMINA","unspecified",NA,NA,"PAIRED","OTHER","METAGENOMIC","RANDOM",16805912,2118120755,"WASHINGTON UNIVERSITY CENTER FOR GENOME SCIENCES","2022-04-13","2022-04-13","unspecified sequencing: Raw reads: TP04-02_Week9_Study1PeaFiber","An approach for evaluating the effects of dietary fiber polysaccharides on the human gut microbiome and plasma proteome","ena-STUDY-WASHINGTON UNIVERSITY CENTER FOR GENOME SCIENCES-30-03-2021-04:15:02:361-407","webin-reads-TP04-02_Week9_Study1PeaFiber","webin-reads-TP04-02_Week9_Study1PeaFiber","653064894;680169877","c76a1ba7709f6be40174017621c5e616;74a99c6ab0df037b97ce09052a2a3b1e","ftp.sra.ebi.ac.uk/vol1/fastq/ERR595/006/ERR5956616/ERR5956616_1.fastq.gz;ftp.sra.ebi.ac.uk/vol1/fastq/ERR595/006/ERR5956616/ERR5956616_2.fastq.gz","fasp.sra.ebi.ac.uk:/vol1/fastq/ERR595/006/ERR5956616/ERR5956616_1.fastq.gz;fasp.sra.ebi.ac.uk:/vol1/fastq/ERR595/006/ERR5956616/ERR5956616_2.fastq.gz","ftp.sra.ebi.ac.uk/vol1/fastq/ERR595/006/ERR5956616/ERR5956616_1.fastq.gz;ftp.sra.ebi.ac.uk/vol1/fastq/ERR595/006/ERR5956616/ERR5956616_2.fastq.gz","630223077;656953294","48dbe655461dbc7e57b487b11bed5f47;8a58442037679c6cde8bf9181907c0d6","ftp.sra.ebi.ac.uk/vol1/run/ERR595/ERR5956616/TP04-02_TS1_Wk9_HF_CAT_R1.fq.gz;ftp.sra.ebi.ac.uk/vol1/run/ERR595/ERR5956616/TP04-02_TS1_Wk9_HF_CAT_R2.fq.gz","fasp.sra.ebi.ac.uk:/vol1/run/ERR595/ERR5956616/TP04-02_TS1_Wk9_HF_CAT_R1.fq.gz;fasp.sra.ebi.ac.uk:/vol1/run/ERR595/ERR5956616/TP04-02_TS1_Wk9_HF_CAT_R2.fq.gz","ftp.sra.ebi.ac.uk/vol1/run/ERR595/ERR5956616/TP04-02_TS1_Wk9_HF_CAT_R1.fq.gz;ftp.sra.ebi.ac.uk/vol1/run/ERR595/ERR5956616/TP04-02_TS1_Wk9_HF_CAT_R2.fq.gz","FASTQ;FASTQ",NA,NA,NA,NA,NA,"TP04-02_Week9_Study1PeaFiber",NA,"TP04-02","9","Study1PeaFiber",NA,"2021-05-22","ftp.sra.ebi.ac.uk/vol1/err/ERR595/006/ERR5956616.bam",1331720968,"63806859db95604513479461ffe8b239"
"89","ERR5957052","ERP128019","SAMEA8793945","ERS6478295","ERX5597573","PRJEB44020","ERA4413079",256318,"metagenome","ILLUMINA","unspecified",NA,NA,"PAIRED","OTHER","METAGENOMIC","RANDOM",21051200,2682132152,"WASHINGTON UNIVERSITY CENTER FOR GENOME SCIENCES","2022-04-13","2022-04-13","unspecified sequencing: Raw reads: TP05-01_Week1_Study2OrangeFiber","An approach for evaluating the effects of dietary fiber polysaccharides on the human gut microbiome and plasma proteome","ena-STUDY-WASHINGTON UNIVERSITY CENTER FOR GENOME SCIENCES-30-03-2021-04:15:02:361-407","webin-reads-TP05-01_Week1_Study2OrangeFiber","webin-reads-TP05-01_Week1_Study2OrangeFiber","810864120;939302657","c224812d94a54eb773eb557e42108106;1334ae867b3851713194540462ebdeb9","ftp.sra.ebi.ac.uk/vol1/fastq/ERR595/002/ERR5957052/ERR5957052_1.fastq.gz;ftp.sra.ebi.ac.uk/vol1/fastq/ERR595/002/ERR5957052/ERR5957052_2.fastq.gz","fasp.sra.ebi.ac.uk:/vol1/fastq/ERR595/002/ERR5957052/ERR5957052_1.fastq.gz;fasp.sra.ebi.ac.uk:/vol1/fastq/ERR595/002/ERR5957052/ERR5957052_2.fastq.gz","ftp.sra.ebi.ac.uk/vol1/fastq/ERR595/002/ERR5957052/ERR5957052_1.fastq.gz;ftp.sra.ebi.ac.uk/vol1/fastq/ERR595/002/ERR5957052/ERR5957052_2.fastq.gz","774620245;903776928","cc796be2f2f0874c3515b83ba1d52253;5511b1e64f3a442596ce19d1c1f97d7f","ftp.sra.ebi.ac.uk/vol1/run/ERR595/ERR5957052/TP05-01_TS2_Wk1_HF_CAT_R1.fq.gz;ftp.sra.ebi.ac.uk/vol1/run/ERR595/ERR5957052/TP05-01_TS2_Wk1_HF_CAT_R2.fq.gz","fasp.sra.ebi.ac.uk:/vol1/run/ERR595/ERR5957052/TP05-01_TS2_Wk1_HF_CAT_R1.fq.gz;fasp.sra.ebi.ac.uk:/vol1/run/ERR595/ERR5957052/TP05-01_TS2_Wk1_HF_CAT_R2.fq.gz","ftp.sra.ebi.ac.uk/vol1/run/ERR595/ERR5957052/TP05-01_TS2_Wk1_HF_CAT_R1.fq.gz;ftp.sra.ebi.ac.uk/vol1/run/ERR595/ERR5957052/TP05-01_TS2_Wk1_HF_CAT_R2.fq.gz","FASTQ;FASTQ",NA,NA,NA,NA,NA,"TP05-01_Week1_Study2OrangeFiber",NA,"TP05-01","1","Study2OrangeFiber",NA,"2021-05-23","ftp.sra.ebi.ac.uk/vol1/err/ERR595/002/ERR5957052.bam",1762329574,"5d5bca6a1e3bfeab29ce115f3191c57b"
"90","ERR5956617","ERP128019","SAMEA8793791","ERS6478141","ERX5597138","PRJEB44020","ERA4412298",256318,"metagenome","ILLUMINA","unspecified",NA,NA,"PAIRED","OTHER","METAGENOMIC","RANDOM",15366100,1920341464,"WASHINGTON UNIVERSITY CENTER FOR GENOME SCIENCES","2022-04-13","2022-04-13","unspecified sequencing: Raw reads: TP05-01_Week1_Study1PeaFiber","An approach for evaluating the effects of dietary fiber polysaccharides on the human gut microbiome and plasma proteome","ena-STUDY-WASHINGTON UNIVERSITY CENTER FOR GENOME SCIENCES-30-03-2021-04:15:02:361-407","webin-reads-TP05-01_Week1_Study1PeaFiber","webin-reads-TP05-01_Week1_Study1PeaFiber","581183530;597873552","72fbba90b2087706ba4de245e92f6898;925293753ac6e7f36c78ee4764ccfaca","ftp.sra.ebi.ac.uk/vol1/fastq/ERR595/007/ERR5956617/ERR5956617_1.fastq.gz;ftp.sra.ebi.ac.uk/vol1/fastq/ERR595/007/ERR5956617/ERR5956617_2.fastq.gz","fasp.sra.ebi.ac.uk:/vol1/fastq/ERR595/007/ERR5956617/ERR5956617_1.fastq.gz;fasp.sra.ebi.ac.uk:/vol1/fastq/ERR595/007/ERR5956617/ERR5956617_2.fastq.gz","ftp.sra.ebi.ac.uk/vol1/fastq/ERR595/007/ERR5956617/ERR5956617_1.fastq.gz;ftp.sra.ebi.ac.uk/vol1/fastq/ERR595/007/ERR5956617/ERR5956617_2.fastq.gz","560410638;576845042","784f59486acb84a3a253ba4744cea816;899ef4d9b1c85677a2635c6efdfe0ba5","ftp.sra.ebi.ac.uk/vol1/run/ERR595/ERR5956617/TP05-01_TS1_Wk1_HF_CAT_R1.fq.gz;ftp.sra.ebi.ac.uk/vol1/run/ERR595/ERR5956617/TP05-01_TS1_Wk1_HF_CAT_R2.fq.gz","fasp.sra.ebi.ac.uk:/vol1/run/ERR595/ERR5956617/TP05-01_TS1_Wk1_HF_CAT_R1.fq.gz;fasp.sra.ebi.ac.uk:/vol1/run/ERR595/ERR5956617/TP05-01_TS1_Wk1_HF_CAT_R2.fq.gz","ftp.sra.ebi.ac.uk/vol1/run/ERR595/ERR5956617/TP05-01_TS1_Wk1_HF_CAT_R1.fq.gz;ftp.sra.ebi.ac.uk/vol1/run/ERR595/ERR5956617/TP05-01_TS1_Wk1_HF_CAT_R2.fq.gz","FASTQ;FASTQ",NA,NA,NA,NA,NA,"TP05-01_Week1_Study1PeaFiber",NA,"TP05-01","1","Study1PeaFiber",NA,"2021-05-22","ftp.sra.ebi.ac.uk/vol1/err/ERR595/007/ERR5956617.bam",1170500228,"efd94ef85a4056c6ff235c04a4a9a135"
"91","ERR5956618","ERP128019","SAMEA8793792","ERS6478142","ERX5597139","PRJEB44020","ERA4412299",256318,"metagenome","ILLUMINA","unspecified",NA,NA,"PAIRED","OTHER","METAGENOMIC","RANDOM",17429390,2209039783,"WASHINGTON UNIVERSITY CENTER FOR GENOME SCIENCES","2022-04-13","2022-04-13","unspecified sequencing: Raw reads: TP05-01_Week2_Study1PeaFiber","An approach for evaluating the effects of dietary fiber polysaccharides on the human gut microbiome and plasma proteome","ena-STUDY-WASHINGTON UNIVERSITY CENTER FOR GENOME SCIENCES-30-03-2021-04:15:02:361-407","webin-reads-TP05-01_Week2_Study1PeaFiber","webin-reads-TP05-01_Week2_Study1PeaFiber","661106714;694117392","1d264118f637be2f08be97b3fe9eb992;5ece5b95c9ecd32cfb352975bd517802","ftp.sra.ebi.ac.uk/vol1/fastq/ERR595/008/ERR5956618/ERR5956618_1.fastq.gz;ftp.sra.ebi.ac.uk/vol1/fastq/ERR595/008/ERR5956618/ERR5956618_2.fastq.gz","fasp.sra.ebi.ac.uk:/vol1/fastq/ERR595/008/ERR5956618/ERR5956618_1.fastq.gz;fasp.sra.ebi.ac.uk:/vol1/fastq/ERR595/008/ERR5956618/ERR5956618_2.fastq.gz","ftp.sra.ebi.ac.uk/vol1/fastq/ERR595/008/ERR5956618/ERR5956618_1.fastq.gz;ftp.sra.ebi.ac.uk/vol1/fastq/ERR595/008/ERR5956618/ERR5956618_2.fastq.gz","637095301;669830283","726f5695bbbc062f09e183d74c5fa04a;e75212cefcb8244a302b5e540c095b7b","ftp.sra.ebi.ac.uk/vol1/run/ERR595/ERR5956618/TP05-01_TS1_Wk2_HF_CAT_R1.fq.gz;ftp.sra.ebi.ac.uk/vol1/run/ERR595/ERR5956618/TP05-01_TS1_Wk2_HF_CAT_R2.fq.gz","fasp.sra.ebi.ac.uk:/vol1/run/ERR595/ERR5956618/TP05-01_TS1_Wk2_HF_CAT_R1.fq.gz;fasp.sra.ebi.ac.uk:/vol1/run/ERR595/ERR5956618/TP05-01_TS1_Wk2_HF_CAT_R2.fq.gz","ftp.sra.ebi.ac.uk/vol1/run/ERR595/ERR5956618/TP05-01_TS1_Wk2_HF_CAT_R1.fq.gz;ftp.sra.ebi.ac.uk/vol1/run/ERR595/ERR5956618/TP05-01_TS1_Wk2_HF_CAT_R2.fq.gz","FASTQ;FASTQ",NA,NA,NA,NA,NA,"TP05-01_Week2_Study1PeaFiber",NA,"TP05-01","2","Study1PeaFiber",NA,"2021-05-22","ftp.sra.ebi.ac.uk/vol1/err/ERR595/008/ERR5956618.bam",1346577368,"cc62d41594208fa4a48c03755fa444b9"
"92","ERR5957053","ERP128019","SAMEA8793946","ERS6478296","ERX5597574","PRJEB44020","ERA4413080",256318,"metagenome","ILLUMINA","unspecified",NA,NA,"PAIRED","OTHER","METAGENOMIC","RANDOM",20170440,2586561034,"WASHINGTON UNIVERSITY CENTER FOR GENOME SCIENCES","2022-04-13","2022-04-13","unspecified sequencing: Raw reads: TP05-01_Week2_Study2OrangeFiber","An approach for evaluating the effects of dietary fiber polysaccharides on the human gut microbiome and plasma proteome","ena-STUDY-WASHINGTON UNIVERSITY CENTER FOR GENOME SCIENCES-30-03-2021-04:15:02:361-407","webin-reads-TP05-01_Week2_Study2OrangeFiber","webin-reads-TP05-01_Week2_Study2OrangeFiber","827653697;918099976","4ad2e70ec122164502ebfb4d669807d1;effa49ad38f1dd0618e02636b0670b19","ftp.sra.ebi.ac.uk/vol1/fastq/ERR595/003/ERR5957053/ERR5957053_1.fastq.gz;ftp.sra.ebi.ac.uk/vol1/fastq/ERR595/003/ERR5957053/ERR5957053_2.fastq.gz","fasp.sra.ebi.ac.uk:/vol1/fastq/ERR595/003/ERR5957053/ERR5957053_1.fastq.gz;fasp.sra.ebi.ac.uk:/vol1/fastq/ERR595/003/ERR5957053/ERR5957053_2.fastq.gz","ftp.sra.ebi.ac.uk/vol1/fastq/ERR595/003/ERR5957053/ERR5957053_1.fastq.gz;ftp.sra.ebi.ac.uk/vol1/fastq/ERR595/003/ERR5957053/ERR5957053_2.fastq.gz","792690548;883660011","3c555669c4c1d0fbe9a053cbf0571840;42beee5babcd859c0133700cfd7ea853","ftp.sra.ebi.ac.uk/vol1/run/ERR595/ERR5957053/TP05-01_TS2_Wk2_HF_CAT_R1.fq.gz;ftp.sra.ebi.ac.uk/vol1/run/ERR595/ERR5957053/TP05-01_TS2_Wk2_HF_CAT_R2.fq.gz","fasp.sra.ebi.ac.uk:/vol1/run/ERR595/ERR5957053/TP05-01_TS2_Wk2_HF_CAT_R1.fq.gz;fasp.sra.ebi.ac.uk:/vol1/run/ERR595/ERR5957053/TP05-01_TS2_Wk2_HF_CAT_R2.fq.gz","ftp.sra.ebi.ac.uk/vol1/run/ERR595/ERR5957053/TP05-01_TS2_Wk2_HF_CAT_R1.fq.gz;ftp.sra.ebi.ac.uk/vol1/run/ERR595/ERR5957053/TP05-01_TS2_Wk2_HF_CAT_R2.fq.gz","FASTQ;FASTQ",NA,NA,NA,NA,NA,"TP05-01_Week2_Study2OrangeFiber",NA,"TP05-01","2","Study2OrangeFiber",NA,"2021-05-23","ftp.sra.ebi.ac.uk/vol1/err/ERR595/003/ERR5957053.bam",1760914874,"8d2f290830a492155140d76776bfdf19"
"93","ERR5956619","ERP128019","SAMEA8793793","ERS6478143","ERX5597140","PRJEB44020","ERA4412300",256318,"metagenome","ILLUMINA","unspecified",NA,NA,"PAIRED","OTHER","METAGENOMIC","RANDOM",16382860,1957094177,"WASHINGTON UNIVERSITY CENTER FOR GENOME SCIENCES","2022-04-13","2022-04-13","unspecified sequencing: Raw reads: TP05-01_Week3_Study1PeaFiber","An approach for evaluating the effects of dietary fiber polysaccharides on the human gut microbiome and plasma proteome","ena-STUDY-WASHINGTON UNIVERSITY CENTER FOR GENOME SCIENCES-30-03-2021-04:15:02:361-407","webin-reads-TP05-01_Week3_Study1PeaFiber","webin-reads-TP05-01_Week3_Study1PeaFiber","593200607;619542269","20b02242694e99fcc0e578d3c4e36ccf;3a8676b8f7b7831413ef16f7cab2e180","ftp.sra.ebi.ac.uk/vol1/fastq/ERR595/009/ERR5956619/ERR5956619_1.fastq.gz;ftp.sra.ebi.ac.uk/vol1/fastq/ERR595/009/ERR5956619/ERR5956619_2.fastq.gz","fasp.sra.ebi.ac.uk:/vol1/fastq/ERR595/009/ERR5956619/ERR5956619_1.fastq.gz;fasp.sra.ebi.ac.uk:/vol1/fastq/ERR595/009/ERR5956619/ERR5956619_2.fastq.gz","ftp.sra.ebi.ac.uk/vol1/fastq/ERR595/009/ERR5956619/ERR5956619_1.fastq.gz;ftp.sra.ebi.ac.uk/vol1/fastq/ERR595/009/ERR5956619/ERR5956619_2.fastq.gz","570556658;596629226","8a737c511c455788e0665679ee6769bd;ec15f1a3d7b539c16f81e5535a680a9e","ftp.sra.ebi.ac.uk/vol1/run/ERR595/ERR5956619/TP05-01_TS1_Wk3_HF_CAT_R1.fq.gz;ftp.sra.ebi.ac.uk/vol1/run/ERR595/ERR5956619/TP05-01_TS1_Wk3_HF_CAT_R2.fq.gz","fasp.sra.ebi.ac.uk:/vol1/run/ERR595/ERR5956619/TP05-01_TS1_Wk3_HF_CAT_R1.fq.gz;fasp.sra.ebi.ac.uk:/vol1/run/ERR595/ERR5956619/TP05-01_TS1_Wk3_HF_CAT_R2.fq.gz","ftp.sra.ebi.ac.uk/vol1/run/ERR595/ERR5956619/TP05-01_TS1_Wk3_HF_CAT_R1.fq.gz;ftp.sra.ebi.ac.uk/vol1/run/ERR595/ERR5956619/TP05-01_TS1_Wk3_HF_CAT_R2.fq.gz","FASTQ;FASTQ",NA,NA,NA,NA,NA,"TP05-01_Week3_Study1PeaFiber",NA,"TP05-01","3","Study1PeaFiber",NA,"2021-05-22","ftp.sra.ebi.ac.uk/vol1/err/ERR595/009/ERR5956619.bam",1208194491,"c700fd607403340582cc5909ac575bf8"
"94","ERR5956621","ERP128019","SAMEA8793794","ERS6478144","ERX5597142","PRJEB44020","ERA4412302",256318,"metagenome","ILLUMINA","unspecified",NA,NA,"PAIRED","OTHER","METAGENOMIC","RANDOM",17331754,2100224270,"WASHINGTON UNIVERSITY CENTER FOR GENOME SCIENCES","2022-04-13","2022-04-13","unspecified sequencing: Raw reads: TP05-01_Week4_Study1PeaFiber","An approach for evaluating the effects of dietary fiber polysaccharides on the human gut microbiome and plasma proteome","ena-STUDY-WASHINGTON UNIVERSITY CENTER FOR GENOME SCIENCES-30-03-2021-04:15:02:361-407","webin-reads-TP05-01_Week4_Study1PeaFiber","webin-reads-TP05-01_Week4_Study1PeaFiber","628320225;657695915","1e83b7bd67973c3f6339ef55f2532e9a;9b3c3a7f8ac0fbf57e6ed982ba69f9d9","ftp.sra.ebi.ac.uk/vol1/fastq/ERR595/001/ERR5956621/ERR5956621_1.fastq.gz;ftp.sra.ebi.ac.uk/vol1/fastq/ERR595/001/ERR5956621/ERR5956621_2.fastq.gz","fasp.sra.ebi.ac.uk:/vol1/fastq/ERR595/001/ERR5956621/ERR5956621_1.fastq.gz;fasp.sra.ebi.ac.uk:/vol1/fastq/ERR595/001/ERR5956621/ERR5956621_2.fastq.gz","ftp.sra.ebi.ac.uk/vol1/fastq/ERR595/001/ERR5956621/ERR5956621_1.fastq.gz;ftp.sra.ebi.ac.uk/vol1/fastq/ERR595/001/ERR5956621/ERR5956621_2.fastq.gz","604427858;633527273","0cba9667a87817e0dd2369bd8ca1c904;d17704ac8379dc74407e6cba2a836b0c","ftp.sra.ebi.ac.uk/vol1/run/ERR595/ERR5956621/TP05-01_TS1_Wk4_HF_CAT_R1.fq.gz;ftp.sra.ebi.ac.uk/vol1/run/ERR595/ERR5956621/TP05-01_TS1_Wk4_HF_CAT_R2.fq.gz","fasp.sra.ebi.ac.uk:/vol1/run/ERR595/ERR5956621/TP05-01_TS1_Wk4_HF_CAT_R1.fq.gz;fasp.sra.ebi.ac.uk:/vol1/run/ERR595/ERR5956621/TP05-01_TS1_Wk4_HF_CAT_R2.fq.gz","ftp.sra.ebi.ac.uk/vol1/run/ERR595/ERR5956621/TP05-01_TS1_Wk4_HF_CAT_R1.fq.gz;ftp.sra.ebi.ac.uk/vol1/run/ERR595/ERR5956621/TP05-01_TS1_Wk4_HF_CAT_R2.fq.gz","FASTQ;FASTQ",NA,NA,NA,NA,NA,"TP05-01_Week4_Study1PeaFiber",NA,"TP05-01","4","Study1PeaFiber",NA,"2021-05-22","ftp.sra.ebi.ac.uk/vol1/err/ERR595/001/ERR5956621.bam",1279433788,"37d7a736fc176c548b5a8674c2882d51"
"95","ERR5956622","ERP128019","SAMEA8793795","ERS6478145","ERX5597143","PRJEB44020","ERA4412303",256318,"metagenome","ILLUMINA","unspecified",NA,NA,"PAIRED","OTHER","METAGENOMIC","RANDOM",16994794,2121989507,"WASHINGTON UNIVERSITY CENTER FOR GENOME SCIENCES","2022-04-13","2022-04-13","unspecified sequencing: Raw reads: TP05-01_Week5_Study1PeaFiber","An approach for evaluating the effects of dietary fiber polysaccharides on the human gut microbiome and plasma proteome","ena-STUDY-WASHINGTON UNIVERSITY CENTER FOR GENOME SCIENCES-30-03-2021-04:15:02:361-407","webin-reads-TP05-01_Week5_Study1PeaFiber","webin-reads-TP05-01_Week5_Study1PeaFiber","635559028;664713313","b02e53a1346ad5f2089fd5940243c411;aafc07b0611ef5bbea6f1c905ed1eac6","ftp.sra.ebi.ac.uk/vol1/fastq/ERR595/002/ERR5956622/ERR5956622_1.fastq.gz;ftp.sra.ebi.ac.uk/vol1/fastq/ERR595/002/ERR5956622/ERR5956622_2.fastq.gz","fasp.sra.ebi.ac.uk:/vol1/fastq/ERR595/002/ERR5956622/ERR5956622_1.fastq.gz;fasp.sra.ebi.ac.uk:/vol1/fastq/ERR595/002/ERR5956622/ERR5956622_2.fastq.gz","ftp.sra.ebi.ac.uk/vol1/fastq/ERR595/002/ERR5956622/ERR5956622_1.fastq.gz;ftp.sra.ebi.ac.uk/vol1/fastq/ERR595/002/ERR5956622/ERR5956622_2.fastq.gz","612111709;640982797","829f6673314154e7e87ad9113a778b08;4175e0d05d0563b1d81ec666f51642f9","ftp.sra.ebi.ac.uk/vol1/run/ERR595/ERR5956622/TP05-01_TS1_Wk5_HF_CAT_R1.fq.gz;ftp.sra.ebi.ac.uk/vol1/run/ERR595/ERR5956622/TP05-01_TS1_Wk5_HF_CAT_R2.fq.gz","fasp.sra.ebi.ac.uk:/vol1/run/ERR595/ERR5956622/TP05-01_TS1_Wk5_HF_CAT_R1.fq.gz;fasp.sra.ebi.ac.uk:/vol1/run/ERR595/ERR5956622/TP05-01_TS1_Wk5_HF_CAT_R2.fq.gz","ftp.sra.ebi.ac.uk/vol1/run/ERR595/ERR5956622/TP05-01_TS1_Wk5_HF_CAT_R1.fq.gz;ftp.sra.ebi.ac.uk/vol1/run/ERR595/ERR5956622/TP05-01_TS1_Wk5_HF_CAT_R2.fq.gz","FASTQ;FASTQ",NA,NA,NA,NA,NA,"TP05-01_Week5_Study1PeaFiber",NA,"TP05-01","5","Study1PeaFiber",NA,"2021-05-22","ftp.sra.ebi.ac.uk/vol1/err/ERR595/002/ERR5956622.bam",1292092650,"b2995ef7bd5127f7f90ee8797eb3e2ca"
"96","ERR5957054","ERP128019","SAMEA8793947","ERS6478297","ERX5597575","PRJEB44020","ERA4413081",256318,"metagenome","ILLUMINA","unspecified",NA,NA,"PAIRED","OTHER","METAGENOMIC","RANDOM",19593644,2524814285,"WASHINGTON UNIVERSITY CENTER FOR GENOME SCIENCES","2022-04-13","2022-04-13","unspecified sequencing: Raw reads: TP05-01_Week5_Study2OrangeFiber","An approach for evaluating the effects of dietary fiber polysaccharides on the human gut microbiome and plasma proteome","ena-STUDY-WASHINGTON UNIVERSITY CENTER FOR GENOME SCIENCES-30-03-2021-04:15:02:361-407","webin-reads-TP05-01_Week5_Study2OrangeFiber","webin-reads-TP05-01_Week5_Study2OrangeFiber","768031726;882697384","8677f4170e0c117ba8f5a0a2c355e2c5;4aeb354169ce151de440cc5019fac31c","ftp.sra.ebi.ac.uk/vol1/fastq/ERR595/004/ERR5957054/ERR5957054_1.fastq.gz;ftp.sra.ebi.ac.uk/vol1/fastq/ERR595/004/ERR5957054/ERR5957054_2.fastq.gz","fasp.sra.ebi.ac.uk:/vol1/fastq/ERR595/004/ERR5957054/ERR5957054_1.fastq.gz;fasp.sra.ebi.ac.uk:/vol1/fastq/ERR595/004/ERR5957054/ERR5957054_2.fastq.gz","ftp.sra.ebi.ac.uk/vol1/fastq/ERR595/004/ERR5957054/ERR5957054_1.fastq.gz;ftp.sra.ebi.ac.uk/vol1/fastq/ERR595/004/ERR5957054/ERR5957054_2.fastq.gz","733729037;848999452","d64ac5738a6a5c173f16f706e0106c7d;0ae76aec64b7012ae6ed6a7f7099cdef","ftp.sra.ebi.ac.uk/vol1/run/ERR595/ERR5957054/TP05-01_TS2_Wk5_HF_CAT_R1.fq.gz;ftp.sra.ebi.ac.uk/vol1/run/ERR595/ERR5957054/TP05-01_TS2_Wk5_HF_CAT_R2.fq.gz","fasp.sra.ebi.ac.uk:/vol1/run/ERR595/ERR5957054/TP05-01_TS2_Wk5_HF_CAT_R1.fq.gz;fasp.sra.ebi.ac.uk:/vol1/run/ERR595/ERR5957054/TP05-01_TS2_Wk5_HF_CAT_R2.fq.gz","ftp.sra.ebi.ac.uk/vol1/run/ERR595/ERR5957054/TP05-01_TS2_Wk5_HF_CAT_R1.fq.gz;ftp.sra.ebi.ac.uk/vol1/run/ERR595/ERR5957054/TP05-01_TS2_Wk5_HF_CAT_R2.fq.gz","FASTQ;FASTQ",NA,NA,NA,NA,NA,"TP05-01_Week5_Study2OrangeFiber",NA,"TP05-01","5","Study2OrangeFiber",NA,"2021-05-23","ftp.sra.ebi.ac.uk/vol1/err/ERR595/004/ERR5957054.bam",1661595318,"752f78b8f84d9f65e1de311f9fe7db5e"
"97","ERR5956623","ERP128019","SAMEA8793796","ERS6478146","ERX5597144","PRJEB44020","ERA4412304",256318,"metagenome","ILLUMINA","unspecified",NA,NA,"PAIRED","OTHER","METAGENOMIC","RANDOM",15759214,1861829930,"WASHINGTON UNIVERSITY CENTER FOR GENOME SCIENCES","2022-04-13","2022-04-13","unspecified sequencing: Raw reads: TP05-01_Week8_Study1PeaFiber","An approach for evaluating the effects of dietary fiber polysaccharides on the human gut microbiome and plasma proteome","ena-STUDY-WASHINGTON UNIVERSITY CENTER FOR GENOME SCIENCES-30-03-2021-04:15:02:361-407","webin-reads-TP05-01_Week8_Study1PeaFiber","webin-reads-TP05-01_Week8_Study1PeaFiber","554843447;573043523","1180b0f3e95a1f58e59ee23839276454;2e1a175d684858ceb415e97ac16c9dcb","ftp.sra.ebi.ac.uk/vol1/fastq/ERR595/003/ERR5956623/ERR5956623_1.fastq.gz;ftp.sra.ebi.ac.uk/vol1/fastq/ERR595/003/ERR5956623/ERR5956623_2.fastq.gz","fasp.sra.ebi.ac.uk:/vol1/fastq/ERR595/003/ERR5956623/ERR5956623_1.fastq.gz;fasp.sra.ebi.ac.uk:/vol1/fastq/ERR595/003/ERR5956623/ERR5956623_2.fastq.gz","ftp.sra.ebi.ac.uk/vol1/fastq/ERR595/003/ERR5956623/ERR5956623_1.fastq.gz;ftp.sra.ebi.ac.uk/vol1/fastq/ERR595/003/ERR5956623/ERR5956623_2.fastq.gz","533273653;551244921","9f1e798f28ce55366e3a3b19f2e9e7c8;acd0d70a4aec6aafd0f99841a72650ad","ftp.sra.ebi.ac.uk/vol1/run/ERR595/ERR5956623/TP05-01_TS1_Wk8_HF_CAT_R1.fq.gz;ftp.sra.ebi.ac.uk/vol1/run/ERR595/ERR5956623/TP05-01_TS1_Wk8_HF_CAT_R2.fq.gz","fasp.sra.ebi.ac.uk:/vol1/run/ERR595/ERR5956623/TP05-01_TS1_Wk8_HF_CAT_R1.fq.gz;fasp.sra.ebi.ac.uk:/vol1/run/ERR595/ERR5956623/TP05-01_TS1_Wk8_HF_CAT_R2.fq.gz","ftp.sra.ebi.ac.uk/vol1/run/ERR595/ERR5956623/TP05-01_TS1_Wk8_HF_CAT_R1.fq.gz;ftp.sra.ebi.ac.uk/vol1/run/ERR595/ERR5956623/TP05-01_TS1_Wk8_HF_CAT_R2.fq.gz","FASTQ;FASTQ",NA,NA,NA,NA,NA,"TP05-01_Week8_Study1PeaFiber",NA,"TP05-01","8","Study1PeaFiber",NA,"2021-05-22","ftp.sra.ebi.ac.uk/vol1/err/ERR595/003/ERR5956623.bam",1120477124,"832ffa7d877a1b619da272c33b55f92e"
"98","ERR5957055","ERP128019","SAMEA8793948","ERS6478298","ERX5597576","PRJEB44020","ERA4413082",256318,"metagenome","ILLUMINA","unspecified",NA,NA,"PAIRED","OTHER","METAGENOMIC","RANDOM",20539436,2733008295,"WASHINGTON UNIVERSITY CENTER FOR GENOME SCIENCES","2022-04-13","2022-04-13","unspecified sequencing: Raw reads: TP05-01_Week8_Study2OrangeFiber","An approach for evaluating the effects of dietary fiber polysaccharides on the human gut microbiome and plasma proteome","ena-STUDY-WASHINGTON UNIVERSITY CENTER FOR GENOME SCIENCES-30-03-2021-04:15:02:361-407","webin-reads-TP05-01_Week8_Study2OrangeFiber","webin-reads-TP05-01_Week8_Study2OrangeFiber","853986092;969734967","b1798dcdd5091311e6d52b707b3e77ed;e6b390f1a16f14db9fae10d399445316","ftp.sra.ebi.ac.uk/vol1/fastq/ERR595/005/ERR5957055/ERR5957055_1.fastq.gz;ftp.sra.ebi.ac.uk/vol1/fastq/ERR595/005/ERR5957055/ERR5957055_2.fastq.gz","fasp.sra.ebi.ac.uk:/vol1/fastq/ERR595/005/ERR5957055/ERR5957055_1.fastq.gz;fasp.sra.ebi.ac.uk:/vol1/fastq/ERR595/005/ERR5957055/ERR5957055_2.fastq.gz","ftp.sra.ebi.ac.uk/vol1/fastq/ERR595/005/ERR5957055/ERR5957055_1.fastq.gz;ftp.sra.ebi.ac.uk/vol1/fastq/ERR595/005/ERR5957055/ERR5957055_2.fastq.gz","817938778;933641892","a87d15c450d9742582d97744a3ee7380;f0273ac15c4089afaf26d3f68156bfd5","ftp.sra.ebi.ac.uk/vol1/run/ERR595/ERR5957055/TP05-01_TS2_Wk8_HF_CAT_R1.fq.gz;ftp.sra.ebi.ac.uk/vol1/run/ERR595/ERR5957055/TP05-01_TS2_Wk8_HF_CAT_R2.fq.gz","fasp.sra.ebi.ac.uk:/vol1/run/ERR595/ERR5957055/TP05-01_TS2_Wk8_HF_CAT_R1.fq.gz;fasp.sra.ebi.ac.uk:/vol1/run/ERR595/ERR5957055/TP05-01_TS2_Wk8_HF_CAT_R2.fq.gz","ftp.sra.ebi.ac.uk/vol1/run/ERR595/ERR5957055/TP05-01_TS2_Wk8_HF_CAT_R1.fq.gz;ftp.sra.ebi.ac.uk/vol1/run/ERR595/ERR5957055/TP05-01_TS2_Wk8_HF_CAT_R2.fq.gz","FASTQ;FASTQ",NA,NA,NA,NA,NA,"TP05-01_Week8_Study2OrangeFiber",NA,"TP05-01","8","Study2OrangeFiber",NA,"2021-05-23","ftp.sra.ebi.ac.uk/vol1/err/ERR595/005/ERR5957055.bam",1836588258,"28dd25b781daf2dd54f7a54c7cbbbad6"
"99","ERR5956624","ERP128019","SAMEA8793797","ERS6478147","ERX5597145","PRJEB44020","ERA4412305",256318,"metagenome","ILLUMINA","unspecified",NA,NA,"PAIRED","OTHER","METAGENOMIC","RANDOM",16884472,2151732524,"WASHINGTON UNIVERSITY CENTER FOR GENOME SCIENCES","2022-04-13","2022-04-13","unspecified sequencing: Raw reads: TP05-01_Week9_Study1PeaFiber","An approach for evaluating the effects of dietary fiber polysaccharides on the human gut microbiome and plasma proteome","ena-STUDY-WASHINGTON UNIVERSITY CENTER FOR GENOME SCIENCES-30-03-2021-04:15:02:361-407","webin-reads-TP05-01_Week9_Study1PeaFiber","webin-reads-TP05-01_Week9_Study1PeaFiber","641037204;663330863","e7ea8d21db080dd6fc6e0da183a3aa3b;adb8b17278b74c1dc853eb409629987c","ftp.sra.ebi.ac.uk/vol1/fastq/ERR595/004/ERR5956624/ERR5956624_1.fastq.gz;ftp.sra.ebi.ac.uk/vol1/fastq/ERR595/004/ERR5956624/ERR5956624_2.fastq.gz","fasp.sra.ebi.ac.uk:/vol1/fastq/ERR595/004/ERR5956624/ERR5956624_1.fastq.gz;fasp.sra.ebi.ac.uk:/vol1/fastq/ERR595/004/ERR5956624/ERR5956624_2.fastq.gz","ftp.sra.ebi.ac.uk/vol1/fastq/ERR595/004/ERR5956624/ERR5956624_1.fastq.gz;ftp.sra.ebi.ac.uk/vol1/fastq/ERR595/004/ERR5956624/ERR5956624_2.fastq.gz","618260186;640295770","16c429e2e7313315b504e748a38e4a19;d260279e2ffd44bdca3ff93ee66a0d4a","ftp.sra.ebi.ac.uk/vol1/run/ERR595/ERR5956624/TP05-01_TS1_Wk9_HF_CAT_R1.fq.gz;ftp.sra.ebi.ac.uk/vol1/run/ERR595/ERR5956624/TP05-01_TS1_Wk9_HF_CAT_R2.fq.gz","fasp.sra.ebi.ac.uk:/vol1/run/ERR595/ERR5956624/TP05-01_TS1_Wk9_HF_CAT_R1.fq.gz;fasp.sra.ebi.ac.uk:/vol1/run/ERR595/ERR5956624/TP05-01_TS1_Wk9_HF_CAT_R2.fq.gz","ftp.sra.ebi.ac.uk/vol1/run/ERR595/ERR5956624/TP05-01_TS1_Wk9_HF_CAT_R1.fq.gz;ftp.sra.ebi.ac.uk/vol1/run/ERR595/ERR5956624/TP05-01_TS1_Wk9_HF_CAT_R2.fq.gz","FASTQ;FASTQ",NA,NA,NA,NA,NA,"TP05-01_Week9_Study1PeaFiber",NA,"TP05-01","9","Study1PeaFiber",NA,"2021-05-22","ftp.sra.ebi.ac.uk/vol1/err/ERR595/004/ERR5956624.bam",1293885849,"75e6f64f47d935cead81fa42f38ba355"
"100","ERR5957056","ERP128019","SAMEA8793949","ERS6478299","ERX5597577","PRJEB44020","ERA4413083",256318,"metagenome","ILLUMINA","unspecified",NA,NA,"PAIRED","OTHER","METAGENOMIC","RANDOM",20386366,2645713466,"WASHINGTON UNIVERSITY CENTER FOR GENOME SCIENCES","2022-04-13","2022-04-13","unspecified sequencing: Raw reads: TP05-02_Week1_Study2OrangeFiber","An approach for evaluating the effects of dietary fiber polysaccharides on the human gut microbiome and plasma proteome","ena-STUDY-WASHINGTON UNIVERSITY CENTER FOR GENOME SCIENCES-30-03-2021-04:15:02:361-407","webin-reads-TP05-02_Week1_Study2OrangeFiber","webin-reads-TP05-02_Week1_Study2OrangeFiber","801682783;917070738","40c1417d845e4978f029835d53e57bb4;c3fa64db008595161ed712226940d76a","ftp.sra.ebi.ac.uk/vol1/fastq/ERR595/006/ERR5957056/ERR5957056_1.fastq.gz;ftp.sra.ebi.ac.uk/vol1/fastq/ERR595/006/ERR5957056/ERR5957056_2.fastq.gz","fasp.sra.ebi.ac.uk:/vol1/fastq/ERR595/006/ERR5957056/ERR5957056_1.fastq.gz;fasp.sra.ebi.ac.uk:/vol1/fastq/ERR595/006/ERR5957056/ERR5957056_2.fastq.gz","ftp.sra.ebi.ac.uk/vol1/fastq/ERR595/006/ERR5957056/ERR5957056_1.fastq.gz;ftp.sra.ebi.ac.uk/vol1/fastq/ERR595/006/ERR5957056/ERR5957056_2.fastq.gz","765981143;881951965","caa32d38b47919a01d1fee7f4aa54e73;6bcf768350cdae95468f389d275d3c44","ftp.sra.ebi.ac.uk/vol1/run/ERR595/ERR5957056/TP05-02_TS2_Wk1_HF_CAT_R1.fq.gz;ftp.sra.ebi.ac.uk/vol1/run/ERR595/ERR5957056/TP05-02_TS2_Wk1_HF_CAT_R2.fq.gz","fasp.sra.ebi.ac.uk:/vol1/run/ERR595/ERR5957056/TP05-02_TS2_Wk1_HF_CAT_R1.fq.gz;fasp.sra.ebi.ac.uk:/vol1/run/ERR595/ERR5957056/TP05-02_TS2_Wk1_HF_CAT_R2.fq.gz","ftp.sra.ebi.ac.uk/vol1/run/ERR595/ERR5957056/TP05-02_TS2_Wk1_HF_CAT_R1.fq.gz;ftp.sra.ebi.ac.uk/vol1/run/ERR595/ERR5957056/TP05-02_TS2_Wk1_HF_CAT_R2.fq.gz","FASTQ;FASTQ",NA,NA,NA,NA,NA,"TP05-02_Week1_Study2OrangeFiber",NA,"TP05-02","1","Study2OrangeFiber",NA,"2021-05-23","ftp.sra.ebi.ac.uk/vol1/err/ERR595/006/ERR5957056.bam",1728280206,"ea11efdd747e4f48485099332a1bbf87"
"101","ERR5956625","ERP128019","SAMEA8793798","ERS6478148","ERX5597146","PRJEB44020","ERA4412306",256318,"metagenome","ILLUMINA","unspecified",NA,NA,"PAIRED","OTHER","METAGENOMIC","RANDOM",26943238,3391314846,"WASHINGTON UNIVERSITY CENTER FOR GENOME SCIENCES","2022-04-13","2022-04-13","unspecified sequencing: Raw reads: TP05-02_Week1_Study1PeaFiber","An approach for evaluating the effects of dietary fiber polysaccharides on the human gut microbiome and plasma proteome","ena-STUDY-WASHINGTON UNIVERSITY CENTER FOR GENOME SCIENCES-30-03-2021-04:15:02:361-407","webin-reads-TP05-02_Week1_Study1PeaFiber","webin-reads-TP05-02_Week1_Study1PeaFiber","1124340725;1227601270","051beb5b6f2016e68dafaf268029011b;9c02c4bca9408bcb757c30130c825d57","ftp.sra.ebi.ac.uk/vol1/fastq/ERR595/005/ERR5956625/ERR5956625_1.fastq.gz;ftp.sra.ebi.ac.uk/vol1/fastq/ERR595/005/ERR5956625/ERR5956625_2.fastq.gz","fasp.sra.ebi.ac.uk:/vol1/fastq/ERR595/005/ERR5956625/ERR5956625_1.fastq.gz;fasp.sra.ebi.ac.uk:/vol1/fastq/ERR595/005/ERR5956625/ERR5956625_2.fastq.gz","ftp.sra.ebi.ac.uk/vol1/fastq/ERR595/005/ERR5956625/ERR5956625_1.fastq.gz;ftp.sra.ebi.ac.uk/vol1/fastq/ERR595/005/ERR5956625/ERR5956625_2.fastq.gz","1090035716;1191505189","47f9473a9c118c3de8949e59077738af;ebf3ee7765c476e147aba7958dbbfcc0","ftp.sra.ebi.ac.uk/vol1/run/ERR595/ERR5956625/TP05-02_TS1_Wk1_HF_CAT_R1.fq.gz;ftp.sra.ebi.ac.uk/vol1/run/ERR595/ERR5956625/TP05-02_TS1_Wk1_HF_CAT_R2.fq.gz","fasp.sra.ebi.ac.uk:/vol1/run/ERR595/ERR5956625/TP05-02_TS1_Wk1_HF_CAT_R1.fq.gz;fasp.sra.ebi.ac.uk:/vol1/run/ERR595/ERR5956625/TP05-02_TS1_Wk1_HF_CAT_R2.fq.gz","ftp.sra.ebi.ac.uk/vol1/run/ERR595/ERR5956625/TP05-02_TS1_Wk1_HF_CAT_R1.fq.gz;ftp.sra.ebi.ac.uk/vol1/run/ERR595/ERR5956625/TP05-02_TS1_Wk1_HF_CAT_R2.fq.gz","FASTQ;FASTQ",NA,NA,NA,NA,NA,"TP05-02_Week1_Study1PeaFiber",NA,"TP05-02","1","Study1PeaFiber",NA,"2021-05-22","ftp.sra.ebi.ac.uk/vol1/err/ERR595/005/ERR5956625.bam",2403882559,"a6f764c8a9e91dd2894d9de9204e2ff2"
"102","ERR5957057","ERP128019","SAMEA8793950","ERS6478300","ERX5597578","PRJEB44020","ERA4413084",256318,"metagenome","ILLUMINA","unspecified",NA,NA,"PAIRED","OTHER","METAGENOMIC","RANDOM",20077642,2649843822,"WASHINGTON UNIVERSITY CENTER FOR GENOME SCIENCES","2022-04-13","2022-04-13","unspecified sequencing: Raw reads: TP05-02_Week2_Study2OrangeFiber","An approach for evaluating the effects of dietary fiber polysaccharides on the human gut microbiome and plasma proteome","ena-STUDY-WASHINGTON UNIVERSITY CENTER FOR GENOME SCIENCES-30-03-2021-04:15:02:361-407","webin-reads-TP05-02_Week2_Study2OrangeFiber","webin-reads-TP05-02_Week2_Study2OrangeFiber","809428680;935588257","f10dc3ffdc1587971abdccf70ee43b30;7db9dff60141ee202ba5f6bc72e31f52","ftp.sra.ebi.ac.uk/vol1/fastq/ERR595/007/ERR5957057/ERR5957057_1.fastq.gz;ftp.sra.ebi.ac.uk/vol1/fastq/ERR595/007/ERR5957057/ERR5957057_2.fastq.gz","fasp.sra.ebi.ac.uk:/vol1/fastq/ERR595/007/ERR5957057/ERR5957057_1.fastq.gz;fasp.sra.ebi.ac.uk:/vol1/fastq/ERR595/007/ERR5957057/ERR5957057_2.fastq.gz","ftp.sra.ebi.ac.uk/vol1/fastq/ERR595/007/ERR5957057/ERR5957057_1.fastq.gz;ftp.sra.ebi.ac.uk/vol1/fastq/ERR595/007/ERR5957057/ERR5957057_2.fastq.gz","774667341;901199369","0ed7962d7a406bdbee47923daa5f6e29;d9291d2a51d98621de1658b58e88d538","ftp.sra.ebi.ac.uk/vol1/run/ERR595/ERR5957057/TP05-02_TS2_Wk2_HF_CAT_R1.fq.gz;ftp.sra.ebi.ac.uk/vol1/run/ERR595/ERR5957057/TP05-02_TS2_Wk2_HF_CAT_R2.fq.gz","fasp.sra.ebi.ac.uk:/vol1/run/ERR595/ERR5957057/TP05-02_TS2_Wk2_HF_CAT_R1.fq.gz;fasp.sra.ebi.ac.uk:/vol1/run/ERR595/ERR5957057/TP05-02_TS2_Wk2_HF_CAT_R2.fq.gz","ftp.sra.ebi.ac.uk/vol1/run/ERR595/ERR5957057/TP05-02_TS2_Wk2_HF_CAT_R1.fq.gz;ftp.sra.ebi.ac.uk/vol1/run/ERR595/ERR5957057/TP05-02_TS2_Wk2_HF_CAT_R2.fq.gz","FASTQ;FASTQ",NA,NA,NA,NA,NA,"TP05-02_Week2_Study2OrangeFiber",NA,"TP05-02","2","Study2OrangeFiber",NA,"2021-05-23","ftp.sra.ebi.ac.uk/vol1/err/ERR595/007/ERR5957057.bam",1754492128,"f9a3f3dbf2f2c95fda37a154da7d288b"
"103","ERR5956626","ERP128019","SAMEA8793799","ERS6478149","ERX5597147","PRJEB44020","ERA4412307",256318,"metagenome","ILLUMINA","unspecified",NA,NA,"PAIRED","OTHER","METAGENOMIC","RANDOM",17028274,2140203360,"WASHINGTON UNIVERSITY CENTER FOR GENOME SCIENCES","2022-04-13","2022-04-13","unspecified sequencing: Raw reads: TP05-02_Week2_Study1PeaFiber","An approach for evaluating the effects of dietary fiber polysaccharides on the human gut microbiome and plasma proteome","ena-STUDY-WASHINGTON UNIVERSITY CENTER FOR GENOME SCIENCES-30-03-2021-04:15:02:361-407","webin-reads-TP05-02_Week2_Study1PeaFiber","webin-reads-TP05-02_Week2_Study1PeaFiber","641287520;664870718","1c21153dcda6e59e46d138a74be4feff;f1c045484dde657554fa981b89eae1ac","ftp.sra.ebi.ac.uk/vol1/fastq/ERR595/006/ERR5956626/ERR5956626_1.fastq.gz;ftp.sra.ebi.ac.uk/vol1/fastq/ERR595/006/ERR5956626/ERR5956626_2.fastq.gz","fasp.sra.ebi.ac.uk:/vol1/fastq/ERR595/006/ERR5956626/ERR5956626_1.fastq.gz;fasp.sra.ebi.ac.uk:/vol1/fastq/ERR595/006/ERR5956626/ERR5956626_2.fastq.gz","ftp.sra.ebi.ac.uk/vol1/fastq/ERR595/006/ERR5956626/ERR5956626_1.fastq.gz;ftp.sra.ebi.ac.uk/vol1/fastq/ERR595/006/ERR5956626/ERR5956626_2.fastq.gz","617992962;641371016","af0566b36ace5e47b599b0db937b5bcb;98e321ad093cfd826aff10598c4ad996","ftp.sra.ebi.ac.uk/vol1/run/ERR595/ERR5956626/TP05-02_TS1_Wk2_HF_CAT_R1.fq.gz;ftp.sra.ebi.ac.uk/vol1/run/ERR595/ERR5956626/TP05-02_TS1_Wk2_HF_CAT_R2.fq.gz","fasp.sra.ebi.ac.uk:/vol1/run/ERR595/ERR5956626/TP05-02_TS1_Wk2_HF_CAT_R1.fq.gz;fasp.sra.ebi.ac.uk:/vol1/run/ERR595/ERR5956626/TP05-02_TS1_Wk2_HF_CAT_R2.fq.gz","ftp.sra.ebi.ac.uk/vol1/run/ERR595/ERR5956626/TP05-02_TS1_Wk2_HF_CAT_R1.fq.gz;ftp.sra.ebi.ac.uk/vol1/run/ERR595/ERR5956626/TP05-02_TS1_Wk2_HF_CAT_R2.fq.gz","FASTQ;FASTQ",NA,NA,NA,NA,NA,"TP05-02_Week2_Study1PeaFiber",NA,"TP05-02","2","Study1PeaFiber",NA,"2021-05-22","ftp.sra.ebi.ac.uk/vol1/err/ERR595/006/ERR5956626.bam",1298393896,"7d6e128e40dcb8d75e65dbe61b522b1b"
"104","ERR5956627","ERP128019","SAMEA8793800","ERS6478150","ERX5597148","PRJEB44020","ERA4412308",256318,"metagenome","ILLUMINA","unspecified",NA,NA,"PAIRED","OTHER","METAGENOMIC","RANDOM",16387348,2079278258,"WASHINGTON UNIVERSITY CENTER FOR GENOME SCIENCES","2022-04-13","2022-04-13","unspecified sequencing: Raw reads: TP05-02_Week3_Study1PeaFiber","An approach for evaluating the effects of dietary fiber polysaccharides on the human gut microbiome and plasma proteome","ena-STUDY-WASHINGTON UNIVERSITY CENTER FOR GENOME SCIENCES-30-03-2021-04:15:02:361-407","webin-reads-TP05-02_Week3_Study1PeaFiber","webin-reads-TP05-02_Week3_Study1PeaFiber","619046400;639649313","7a81ea64fa78d271e99978d4fadd8475;56ab0a2ad15a923c9e1da979dcb552b4","ftp.sra.ebi.ac.uk/vol1/fastq/ERR595/007/ERR5956627/ERR5956627_1.fastq.gz;ftp.sra.ebi.ac.uk/vol1/fastq/ERR595/007/ERR5956627/ERR5956627_2.fastq.gz","fasp.sra.ebi.ac.uk:/vol1/fastq/ERR595/007/ERR5956627/ERR5956627_1.fastq.gz;fasp.sra.ebi.ac.uk:/vol1/fastq/ERR595/007/ERR5956627/ERR5956627_2.fastq.gz","ftp.sra.ebi.ac.uk/vol1/fastq/ERR595/007/ERR5956627/ERR5956627_1.fastq.gz;ftp.sra.ebi.ac.uk/vol1/fastq/ERR595/007/ERR5956627/ERR5956627_2.fastq.gz","596964886;617337576","840e1dad4396a8c7f09ff22c44804a8e;da7491e385d2fe4152c0c76465dfc5e4","ftp.sra.ebi.ac.uk/vol1/run/ERR595/ERR5956627/TP05-02_TS1_Wk3_HF_CAT_R1.fq.gz;ftp.sra.ebi.ac.uk/vol1/run/ERR595/ERR5956627/TP05-02_TS1_Wk3_HF_CAT_R2.fq.gz","fasp.sra.ebi.ac.uk:/vol1/run/ERR595/ERR5956627/TP05-02_TS1_Wk3_HF_CAT_R1.fq.gz;fasp.sra.ebi.ac.uk:/vol1/run/ERR595/ERR5956627/TP05-02_TS1_Wk3_HF_CAT_R2.fq.gz","ftp.sra.ebi.ac.uk/vol1/run/ERR595/ERR5956627/TP05-02_TS1_Wk3_HF_CAT_R1.fq.gz;ftp.sra.ebi.ac.uk/vol1/run/ERR595/ERR5956627/TP05-02_TS1_Wk3_HF_CAT_R2.fq.gz","FASTQ;FASTQ",NA,NA,NA,NA,NA,"TP05-02_Week3_Study1PeaFiber",NA,"TP05-02","3","Study1PeaFiber",NA,"2021-05-22","ftp.sra.ebi.ac.uk/vol1/err/ERR595/007/ERR5956627.bam",1249623338,"893a097382e692f783affd1fe7e25f35"
"105","ERR5956628","ERP128019","SAMEA8793801","ERS6478151","ERX5597149","PRJEB44020","ERA4412309",256318,"metagenome","ILLUMINA","unspecified",NA,NA,"PAIRED","OTHER","METAGENOMIC","RANDOM",17039606,2143207791,"WASHINGTON UNIVERSITY CENTER FOR GENOME SCIENCES","2022-04-13","2022-04-13","unspecified sequencing: Raw reads: TP05-02_Week4_Study1PeaFiber","An approach for evaluating the effects of dietary fiber polysaccharides on the human gut microbiome and plasma proteome","ena-STUDY-WASHINGTON UNIVERSITY CENTER FOR GENOME SCIENCES-30-03-2021-04:15:02:361-407","webin-reads-TP05-02_Week4_Study1PeaFiber","webin-reads-TP05-02_Week4_Study1PeaFiber","640820241;663547441","1aeff3b038f92d93f3b46cfd703b8fe0;a22c7276216f43b77675fe785ac021a6","ftp.sra.ebi.ac.uk/vol1/fastq/ERR595/008/ERR5956628/ERR5956628_1.fastq.gz;ftp.sra.ebi.ac.uk/vol1/fastq/ERR595/008/ERR5956628/ERR5956628_2.fastq.gz","fasp.sra.ebi.ac.uk:/vol1/fastq/ERR595/008/ERR5956628/ERR5956628_1.fastq.gz;fasp.sra.ebi.ac.uk:/vol1/fastq/ERR595/008/ERR5956628/ERR5956628_2.fastq.gz","ftp.sra.ebi.ac.uk/vol1/fastq/ERR595/008/ERR5956628/ERR5956628_1.fastq.gz;ftp.sra.ebi.ac.uk/vol1/fastq/ERR595/008/ERR5956628/ERR5956628_2.fastq.gz","617452497;639927133","2961bfb809aa623cbc21da1f8fb716d0;61a909066c9684439cfb3b2c08451320","ftp.sra.ebi.ac.uk/vol1/run/ERR595/ERR5956628/TP05-02_TS1_Wk4_HF_CAT_R1.fq.gz;ftp.sra.ebi.ac.uk/vol1/run/ERR595/ERR5956628/TP05-02_TS1_Wk4_HF_CAT_R2.fq.gz","fasp.sra.ebi.ac.uk:/vol1/run/ERR595/ERR5956628/TP05-02_TS1_Wk4_HF_CAT_R1.fq.gz;fasp.sra.ebi.ac.uk:/vol1/run/ERR595/ERR5956628/TP05-02_TS1_Wk4_HF_CAT_R2.fq.gz","ftp.sra.ebi.ac.uk/vol1/run/ERR595/ERR5956628/TP05-02_TS1_Wk4_HF_CAT_R1.fq.gz;ftp.sra.ebi.ac.uk/vol1/run/ERR595/ERR5956628/TP05-02_TS1_Wk4_HF_CAT_R2.fq.gz","FASTQ;FASTQ",NA,NA,NA,NA,NA,"TP05-02_Week4_Study1PeaFiber",NA,"TP05-02","4","Study1PeaFiber",NA,"2021-05-22","ftp.sra.ebi.ac.uk/vol1/err/ERR595/008/ERR5956628.bam",1295008718,"8d809086cda5992a51835f52f78ce66a"
"106","ERR5956629","ERP128019","SAMEA8793802","ERS6478152","ERX5597150","PRJEB44020","ERA4412310",256318,"metagenome","ILLUMINA","unspecified",NA,NA,"PAIRED","OTHER","METAGENOMIC","RANDOM",17156196,2059808816,"WASHINGTON UNIVERSITY CENTER FOR GENOME SCIENCES","2022-04-13","2022-04-13","unspecified sequencing: Raw reads: TP05-02_Week5_Study1PeaFiber","An approach for evaluating the effects of dietary fiber polysaccharides on the human gut microbiome and plasma proteome","ena-STUDY-WASHINGTON UNIVERSITY CENTER FOR GENOME SCIENCES-30-03-2021-04:15:02:361-407","webin-reads-TP05-02_Week5_Study1PeaFiber","webin-reads-TP05-02_Week5_Study1PeaFiber","625015936;643358693","2b723321aabad680355dcc82db9b8ef0;6fd5a5df9ee195dbd20a3126b39ef537","ftp.sra.ebi.ac.uk/vol1/fastq/ERR595/009/ERR5956629/ERR5956629_1.fastq.gz;ftp.sra.ebi.ac.uk/vol1/fastq/ERR595/009/ERR5956629/ERR5956629_2.fastq.gz","fasp.sra.ebi.ac.uk:/vol1/fastq/ERR595/009/ERR5956629/ERR5956629_1.fastq.gz;fasp.sra.ebi.ac.uk:/vol1/fastq/ERR595/009/ERR5956629/ERR5956629_2.fastq.gz","ftp.sra.ebi.ac.uk/vol1/fastq/ERR595/009/ERR5956629/ERR5956629_1.fastq.gz;ftp.sra.ebi.ac.uk/vol1/fastq/ERR595/009/ERR5956629/ERR5956629_2.fastq.gz","601455526;619553571","24df0ff452f7146b94ba65fcac484bcf;7d96f7f1240e38ea9d10aa867994c0d7","ftp.sra.ebi.ac.uk/vol1/run/ERR595/ERR5956629/TP05-02_TS1_Wk5_HF_CAT_R1.fq.gz;ftp.sra.ebi.ac.uk/vol1/run/ERR595/ERR5956629/TP05-02_TS1_Wk5_HF_CAT_R2.fq.gz","fasp.sra.ebi.ac.uk:/vol1/run/ERR595/ERR5956629/TP05-02_TS1_Wk5_HF_CAT_R1.fq.gz;fasp.sra.ebi.ac.uk:/vol1/run/ERR595/ERR5956629/TP05-02_TS1_Wk5_HF_CAT_R2.fq.gz","ftp.sra.ebi.ac.uk/vol1/run/ERR595/ERR5956629/TP05-02_TS1_Wk5_HF_CAT_R1.fq.gz;ftp.sra.ebi.ac.uk/vol1/run/ERR595/ERR5956629/TP05-02_TS1_Wk5_HF_CAT_R2.fq.gz","FASTQ;FASTQ",NA,NA,NA,NA,NA,"TP05-02_Week5_Study1PeaFiber",NA,"TP05-02","5","Study1PeaFiber",NA,"2021-05-22","ftp.sra.ebi.ac.uk/vol1/err/ERR595/009/ERR5956629.bam",1263239950,"a0b03c4f485ef13f2e884f31e8b56900"
"107","ERR5957058","ERP128019","SAMEA8793951","ERS6478301","ERX5597579","PRJEB44020","ERA4413085",256318,"metagenome","ILLUMINA","unspecified",NA,NA,"PAIRED","OTHER","METAGENOMIC","RANDOM",19981860,2583875403,"WASHINGTON UNIVERSITY CENTER FOR GENOME SCIENCES","2022-04-13","2022-04-13","unspecified sequencing: Raw reads: TP05-02_Week5_Study2OrangeFiber","An approach for evaluating the effects of dietary fiber polysaccharides on the human gut microbiome and plasma proteome","ena-STUDY-WASHINGTON UNIVERSITY CENTER FOR GENOME SCIENCES-30-03-2021-04:15:02:361-407","webin-reads-TP05-02_Week5_Study2OrangeFiber","webin-reads-TP05-02_Week5_Study2OrangeFiber","820794068;920730032","94a06f3f3dcb991383f384637f113360;aa784afcc4211e03fc22147d8973a688","ftp.sra.ebi.ac.uk/vol1/fastq/ERR595/008/ERR5957058/ERR5957058_1.fastq.gz;ftp.sra.ebi.ac.uk/vol1/fastq/ERR595/008/ERR5957058/ERR5957058_2.fastq.gz","fasp.sra.ebi.ac.uk:/vol1/fastq/ERR595/008/ERR5957058/ERR5957058_1.fastq.gz;fasp.sra.ebi.ac.uk:/vol1/fastq/ERR595/008/ERR5957058/ERR5957058_2.fastq.gz","ftp.sra.ebi.ac.uk/vol1/fastq/ERR595/008/ERR5957058/ERR5957058_1.fastq.gz;ftp.sra.ebi.ac.uk/vol1/fastq/ERR595/008/ERR5957058/ERR5957058_2.fastq.gz","786177354;886624692","43253eea265df08d6006aa33d23c7b9c;aecbfb5ab470dafc9c5bb36884c2513f","ftp.sra.ebi.ac.uk/vol1/run/ERR595/ERR5957058/TP05-02_TS2_Wk5_HF_CAT_R1.fq.gz;ftp.sra.ebi.ac.uk/vol1/run/ERR595/ERR5957058/TP05-02_TS2_Wk5_HF_CAT_R2.fq.gz","fasp.sra.ebi.ac.uk:/vol1/run/ERR595/ERR5957058/TP05-02_TS2_Wk5_HF_CAT_R1.fq.gz;fasp.sra.ebi.ac.uk:/vol1/run/ERR595/ERR5957058/TP05-02_TS2_Wk5_HF_CAT_R2.fq.gz","ftp.sra.ebi.ac.uk/vol1/run/ERR595/ERR5957058/TP05-02_TS2_Wk5_HF_CAT_R1.fq.gz;ftp.sra.ebi.ac.uk/vol1/run/ERR595/ERR5957058/TP05-02_TS2_Wk5_HF_CAT_R2.fq.gz","FASTQ;FASTQ",NA,NA,NA,NA,NA,"TP05-02_Week5_Study2OrangeFiber",NA,"TP05-02","5","Study2OrangeFiber",NA,"2021-05-23","ftp.sra.ebi.ac.uk/vol1/err/ERR595/008/ERR5957058.bam",1757470555,"90683399107b43428659ff533e13725e"
"108","ERR5956630","ERP128019","SAMEA8793803","ERS6478153","ERX5597151","PRJEB44020","ERA4412311",256318,"metagenome","ILLUMINA","unspecified",NA,NA,"PAIRED","OTHER","METAGENOMIC","RANDOM",17085360,2100662049,"WASHINGTON UNIVERSITY CENTER FOR GENOME SCIENCES","2022-04-13","2022-04-13","unspecified sequencing: Raw reads: TP05-02_Week8_Study1PeaFiber","An approach for evaluating the effects of dietary fiber polysaccharides on the human gut microbiome and plasma proteome","ena-STUDY-WASHINGTON UNIVERSITY CENTER FOR GENOME SCIENCES-30-03-2021-04:15:02:361-407","webin-reads-TP05-02_Week8_Study1PeaFiber","webin-reads-TP05-02_Week8_Study1PeaFiber","629174055;651494763","fcde09553a289e9b3a766e2226172a84;489a7e84d40cc89e3688f0cb45d6a52d","ftp.sra.ebi.ac.uk/vol1/fastq/ERR595/000/ERR5956630/ERR5956630_1.fastq.gz;ftp.sra.ebi.ac.uk/vol1/fastq/ERR595/000/ERR5956630/ERR5956630_2.fastq.gz","fasp.sra.ebi.ac.uk:/vol1/fastq/ERR595/000/ERR5956630/ERR5956630_1.fastq.gz;fasp.sra.ebi.ac.uk:/vol1/fastq/ERR595/000/ERR5956630/ERR5956630_2.fastq.gz","ftp.sra.ebi.ac.uk/vol1/fastq/ERR595/000/ERR5956630/ERR5956630_1.fastq.gz;ftp.sra.ebi.ac.uk/vol1/fastq/ERR595/000/ERR5956630/ERR5956630_2.fastq.gz","605773083;627815665","216bfe1dbd68b7ce3f7d4c3492dfae32;8cd8b56ee79557b78154f77490bb05d7","ftp.sra.ebi.ac.uk/vol1/run/ERR595/ERR5956630/TP05-02_TS1_Wk8_HF_CAT_R1.fq.gz;ftp.sra.ebi.ac.uk/vol1/run/ERR595/ERR5956630/TP05-02_TS1_Wk8_HF_CAT_R2.fq.gz","fasp.sra.ebi.ac.uk:/vol1/run/ERR595/ERR5956630/TP05-02_TS1_Wk8_HF_CAT_R1.fq.gz;fasp.sra.ebi.ac.uk:/vol1/run/ERR595/ERR5956630/TP05-02_TS1_Wk8_HF_CAT_R2.fq.gz","ftp.sra.ebi.ac.uk/vol1/run/ERR595/ERR5956630/TP05-02_TS1_Wk8_HF_CAT_R1.fq.gz;ftp.sra.ebi.ac.uk/vol1/run/ERR595/ERR5956630/TP05-02_TS1_Wk8_HF_CAT_R2.fq.gz","FASTQ;FASTQ",NA,NA,NA,NA,NA,"TP05-02_Week8_Study1PeaFiber",NA,"TP05-02","8","Study1PeaFiber",NA,"2021-05-22","ftp.sra.ebi.ac.uk/vol1/err/ERR595/000/ERR5956630.bam",1272637229,"df02728ec247b9d115da9cc854b85e1f"
"109","ERR5957059","ERP128019","SAMEA8793952","ERS6478302","ERX5597580","PRJEB44020","ERA4413086",256318,"metagenome","ILLUMINA","unspecified",NA,NA,"PAIRED","OTHER","METAGENOMIC","RANDOM",20427656,2677976479,"WASHINGTON UNIVERSITY CENTER FOR GENOME SCIENCES","2022-04-13","2022-04-13","unspecified sequencing: Raw reads: TP05-02_Week8_Study2OrangeFiber","An approach for evaluating the effects of dietary fiber polysaccharides on the human gut microbiome and plasma proteome","ena-STUDY-WASHINGTON UNIVERSITY CENTER FOR GENOME SCIENCES-30-03-2021-04:15:02:361-407","webin-reads-TP05-02_Week8_Study2OrangeFiber","webin-reads-TP05-02_Week8_Study2OrangeFiber","812961563;934232741","8b7f24d3edd0bdc90abe3f6f77cc185c;f1ec0a48a6fb68c108b00c599739572e","ftp.sra.ebi.ac.uk/vol1/fastq/ERR595/009/ERR5957059/ERR5957059_1.fastq.gz;ftp.sra.ebi.ac.uk/vol1/fastq/ERR595/009/ERR5957059/ERR5957059_2.fastq.gz","fasp.sra.ebi.ac.uk:/vol1/fastq/ERR595/009/ERR5957059/ERR5957059_1.fastq.gz;fasp.sra.ebi.ac.uk:/vol1/fastq/ERR595/009/ERR5957059/ERR5957059_2.fastq.gz","ftp.sra.ebi.ac.uk/vol1/fastq/ERR595/009/ERR5957059/ERR5957059_1.fastq.gz;ftp.sra.ebi.ac.uk/vol1/fastq/ERR595/009/ERR5957059/ERR5957059_2.fastq.gz","777330969;899186168","eb5de0a3d7698f2ee61c2e72033b29a8;49187bfdee00379bca5886fc52e64925","ftp.sra.ebi.ac.uk/vol1/run/ERR595/ERR5957059/TP05-02_TS2_Wk8_HF_CAT_R1.fq.gz;ftp.sra.ebi.ac.uk/vol1/run/ERR595/ERR5957059/TP05-02_TS2_Wk8_HF_CAT_R2.fq.gz","fasp.sra.ebi.ac.uk:/vol1/run/ERR595/ERR5957059/TP05-02_TS2_Wk8_HF_CAT_R1.fq.gz;fasp.sra.ebi.ac.uk:/vol1/run/ERR595/ERR5957059/TP05-02_TS2_Wk8_HF_CAT_R2.fq.gz","ftp.sra.ebi.ac.uk/vol1/run/ERR595/ERR5957059/TP05-02_TS2_Wk8_HF_CAT_R1.fq.gz;ftp.sra.ebi.ac.uk/vol1/run/ERR595/ERR5957059/TP05-02_TS2_Wk8_HF_CAT_R2.fq.gz","FASTQ;FASTQ",NA,NA,NA,NA,NA,"TP05-02_Week8_Study2OrangeFiber",NA,"TP05-02","8","Study2OrangeFiber",NA,"2021-05-23","ftp.sra.ebi.ac.uk/vol1/err/ERR595/009/ERR5957059.bam",1756973253,"d29de556e32e939f76c1a604037c0fbe"
"110","ERR5956632","ERP128019","SAMEA8793804","ERS6478154","ERX5597153","PRJEB44020","ERA4412314",256318,"metagenome","ILLUMINA","unspecified",NA,NA,"PAIRED","OTHER","METAGENOMIC","RANDOM",17038314,2050032968,"WASHINGTON UNIVERSITY CENTER FOR GENOME SCIENCES","2022-04-13","2022-04-13","unspecified sequencing: Raw reads: TP05-02_Week9_Study1PeaFiber","An approach for evaluating the effects of dietary fiber polysaccharides on the human gut microbiome and plasma proteome","ena-STUDY-WASHINGTON UNIVERSITY CENTER FOR GENOME SCIENCES-30-03-2021-04:15:02:361-407","webin-reads-TP05-02_Week9_Study1PeaFiber","webin-reads-TP05-02_Week9_Study1PeaFiber","615667481;635454800","ca2e3a8ed7b24a9ace205f8b272515f4;56c178ea34ed1f8555ae33905911a452","ftp.sra.ebi.ac.uk/vol1/fastq/ERR595/002/ERR5956632/ERR5956632_1.fastq.gz;ftp.sra.ebi.ac.uk/vol1/fastq/ERR595/002/ERR5956632/ERR5956632_2.fastq.gz","fasp.sra.ebi.ac.uk:/vol1/fastq/ERR595/002/ERR5956632/ERR5956632_1.fastq.gz;fasp.sra.ebi.ac.uk:/vol1/fastq/ERR595/002/ERR5956632/ERR5956632_2.fastq.gz","ftp.sra.ebi.ac.uk/vol1/fastq/ERR595/002/ERR5956632/ERR5956632_1.fastq.gz;ftp.sra.ebi.ac.uk/vol1/fastq/ERR595/002/ERR5956632/ERR5956632_2.fastq.gz","592054888;611583326","ad1c345481e764ececc29172904124ce;db7a7f0b0391165f69ee1359a5043aeb","ftp.sra.ebi.ac.uk/vol1/run/ERR595/ERR5956632/TP05-02_TS1_Wk9_HF_CAT_R1.fq.gz;ftp.sra.ebi.ac.uk/vol1/run/ERR595/ERR5956632/TP05-02_TS1_Wk9_HF_CAT_R2.fq.gz","fasp.sra.ebi.ac.uk:/vol1/run/ERR595/ERR5956632/TP05-02_TS1_Wk9_HF_CAT_R1.fq.gz;fasp.sra.ebi.ac.uk:/vol1/run/ERR595/ERR5956632/TP05-02_TS1_Wk9_HF_CAT_R2.fq.gz","ftp.sra.ebi.ac.uk/vol1/run/ERR595/ERR5956632/TP05-02_TS1_Wk9_HF_CAT_R1.fq.gz;ftp.sra.ebi.ac.uk/vol1/run/ERR595/ERR5956632/TP05-02_TS1_Wk9_HF_CAT_R2.fq.gz","FASTQ;FASTQ",NA,NA,NA,NA,NA,"TP05-02_Week9_Study1PeaFiber",NA,"TP05-02","9","Study1PeaFiber",NA,"2021-05-22","ftp.sra.ebi.ac.uk/vol1/err/ERR595/002/ERR5956632.bam",1245070860,"adecbbbbffce7005fbd1ad7efd823080"
"111","ERR5956633","ERP128019","SAMEA8793805","ERS6478155","ERX5597154","PRJEB44020","ERA4412315",256318,"metagenome","ILLUMINA","unspecified",NA,NA,"PAIRED","OTHER","METAGENOMIC","RANDOM",16960834,2095221820,"WASHINGTON UNIVERSITY CENTER FOR GENOME SCIENCES","2022-04-13","2022-04-13","unspecified sequencing: Raw reads: TP06-01_Week1_Study1PeaFiber","An approach for evaluating the effects of dietary fiber polysaccharides on the human gut microbiome and plasma proteome","ena-STUDY-WASHINGTON UNIVERSITY CENTER FOR GENOME SCIENCES-30-03-2021-04:15:02:361-407","webin-reads-TP06-01_Week1_Study1PeaFiber","webin-reads-TP06-01_Week1_Study1PeaFiber","629273487;653709515","dc55c5fdd5e7926a38fb91fac2b5db80;424fdab79923f9c7acae282be8decf44","ftp.sra.ebi.ac.uk/vol1/fastq/ERR595/003/ERR5956633/ERR5956633_1.fastq.gz;ftp.sra.ebi.ac.uk/vol1/fastq/ERR595/003/ERR5956633/ERR5956633_2.fastq.gz","fasp.sra.ebi.ac.uk:/vol1/fastq/ERR595/003/ERR5956633/ERR5956633_1.fastq.gz;fasp.sra.ebi.ac.uk:/vol1/fastq/ERR595/003/ERR5956633/ERR5956633_2.fastq.gz","ftp.sra.ebi.ac.uk/vol1/fastq/ERR595/003/ERR5956633/ERR5956633_1.fastq.gz;ftp.sra.ebi.ac.uk/vol1/fastq/ERR595/003/ERR5956633/ERR5956633_2.fastq.gz","605621252;629830498","340afd645ae8eedab4838fa9620348aa;f646ba56b5445bee3be5962aa5c77168","ftp.sra.ebi.ac.uk/vol1/run/ERR595/ERR5956633/TP06-01_TS1_Wk1_HF_CAT_R1.fq.gz;ftp.sra.ebi.ac.uk/vol1/run/ERR595/ERR5956633/TP06-01_TS1_Wk1_HF_CAT_R2.fq.gz","fasp.sra.ebi.ac.uk:/vol1/run/ERR595/ERR5956633/TP06-01_TS1_Wk1_HF_CAT_R1.fq.gz;fasp.sra.ebi.ac.uk:/vol1/run/ERR595/ERR5956633/TP06-01_TS1_Wk1_HF_CAT_R2.fq.gz","ftp.sra.ebi.ac.uk/vol1/run/ERR595/ERR5956633/TP06-01_TS1_Wk1_HF_CAT_R1.fq.gz;ftp.sra.ebi.ac.uk/vol1/run/ERR595/ERR5956633/TP06-01_TS1_Wk1_HF_CAT_R2.fq.gz","FASTQ;FASTQ",NA,NA,NA,NA,NA,"TP06-01_Week1_Study1PeaFiber",NA,"TP06-01","1","Study1PeaFiber",NA,"2021-05-22","ftp.sra.ebi.ac.uk/vol1/err/ERR595/003/ERR5956633.bam",1273608588,"c2c5ecad5b23583aea5033af939288e3"
"112","ERR5956758","ERP128019","SAMEA8793905","ERS6478255","ERX5597279","PRJEB44020","ERA4412438",256318,"metagenome","ILLUMINA","unspecified",NA,NA,"PAIRED","OTHER","METAGENOMIC","RANDOM",20168688,2524725689,"WASHINGTON UNIVERSITY CENTER FOR GENOME SCIENCES","2022-04-13","2022-04-13","unspecified sequencing: Raw reads: TP06-01_Week1_Study2OrangeFiber","An approach for evaluating the effects of dietary fiber polysaccharides on the human gut microbiome and plasma proteome","ena-STUDY-WASHINGTON UNIVERSITY CENTER FOR GENOME SCIENCES-30-03-2021-04:15:02:361-407","webin-reads-TP06-01_Week1_Study2OrangeFiber","webin-reads-TP06-01_Week1_Study2OrangeFiber","770054475;884061803","85e2148cc97c1f3bedc9bd16db981c33;f3b81dee709be49a5b85a3d53a4836fb","ftp.sra.ebi.ac.uk/vol1/fastq/ERR595/008/ERR5956758/ERR5956758_1.fastq.gz;ftp.sra.ebi.ac.uk/vol1/fastq/ERR595/008/ERR5956758/ERR5956758_2.fastq.gz","fasp.sra.ebi.ac.uk:/vol1/fastq/ERR595/008/ERR5956758/ERR5956758_1.fastq.gz;fasp.sra.ebi.ac.uk:/vol1/fastq/ERR595/008/ERR5956758/ERR5956758_2.fastq.gz","ftp.sra.ebi.ac.uk/vol1/fastq/ERR595/008/ERR5956758/ERR5956758_1.fastq.gz;ftp.sra.ebi.ac.uk/vol1/fastq/ERR595/008/ERR5956758/ERR5956758_2.fastq.gz","735597900;850110057","b2bdf64a08e3f5272de099d18b6de28f;6899890b8cd39b9c2b3c8b6aed41ef50","ftp.sra.ebi.ac.uk/vol1/run/ERR595/ERR5956758/TP06-01_TS2_Wk1_HF_CAT_R1.fq.gz;ftp.sra.ebi.ac.uk/vol1/run/ERR595/ERR5956758/TP06-01_TS2_Wk1_HF_CAT_R2.fq.gz","fasp.sra.ebi.ac.uk:/vol1/run/ERR595/ERR5956758/TP06-01_TS2_Wk1_HF_CAT_R1.fq.gz;fasp.sra.ebi.ac.uk:/vol1/run/ERR595/ERR5956758/TP06-01_TS2_Wk1_HF_CAT_R2.fq.gz","ftp.sra.ebi.ac.uk/vol1/run/ERR595/ERR5956758/TP06-01_TS2_Wk1_HF_CAT_R1.fq.gz;ftp.sra.ebi.ac.uk/vol1/run/ERR595/ERR5956758/TP06-01_TS2_Wk1_HF_CAT_R2.fq.gz","FASTQ;FASTQ",NA,NA,NA,NA,NA,"TP06-01_Week1_Study2OrangeFiber",NA,"TP06-01","1","Study2OrangeFiber",NA,"2021-05-23","ftp.sra.ebi.ac.uk/vol1/err/ERR595/008/ERR5956758.bam",1667333345,"87b6c6c82adae848c36cae2fe6363878"
"113","ERR5956634","ERP128019","SAMEA8793806","ERS6478156","ERX5597155","PRJEB44020","ERA4412317",256318,"metagenome","ILLUMINA","unspecified",NA,NA,"PAIRED","OTHER","METAGENOMIC","RANDOM",17010990,2127825154,"WASHINGTON UNIVERSITY CENTER FOR GENOME SCIENCES","2022-04-13","2022-04-13","unspecified sequencing: Raw reads: TP06-01_Week2_Study1PeaFiber","An approach for evaluating the effects of dietary fiber polysaccharides on the human gut microbiome and plasma proteome","ena-STUDY-WASHINGTON UNIVERSITY CENTER FOR GENOME SCIENCES-30-03-2021-04:15:02:361-407","webin-reads-TP06-01_Week2_Study1PeaFiber","webin-reads-TP06-01_Week2_Study1PeaFiber","644710624;668623901","0d99bb41f46aa979d5c426fb38b71323;122441a332e85fc2e9545ac954c0562d","ftp.sra.ebi.ac.uk/vol1/fastq/ERR595/004/ERR5956634/ERR5956634_1.fastq.gz;ftp.sra.ebi.ac.uk/vol1/fastq/ERR595/004/ERR5956634/ERR5956634_2.fastq.gz","fasp.sra.ebi.ac.uk:/vol1/fastq/ERR595/004/ERR5956634/ERR5956634_1.fastq.gz;fasp.sra.ebi.ac.uk:/vol1/fastq/ERR595/004/ERR5956634/ERR5956634_2.fastq.gz","ftp.sra.ebi.ac.uk/vol1/fastq/ERR595/004/ERR5956634/ERR5956634_1.fastq.gz;ftp.sra.ebi.ac.uk/vol1/fastq/ERR595/004/ERR5956634/ERR5956634_2.fastq.gz","621257372;644920861","5be509251ec3e10a0b1d018e3a01bd3e;4b4ad3a67b3233d0aa1ea1926f9b9164","ftp.sra.ebi.ac.uk/vol1/run/ERR595/ERR5956634/TP06-01_TS1_Wk2_HF_CAT_R1.fq.gz;ftp.sra.ebi.ac.uk/vol1/run/ERR595/ERR5956634/TP06-01_TS1_Wk2_HF_CAT_R2.fq.gz","fasp.sra.ebi.ac.uk:/vol1/run/ERR595/ERR5956634/TP06-01_TS1_Wk2_HF_CAT_R1.fq.gz;fasp.sra.ebi.ac.uk:/vol1/run/ERR595/ERR5956634/TP06-01_TS1_Wk2_HF_CAT_R2.fq.gz","ftp.sra.ebi.ac.uk/vol1/run/ERR595/ERR5956634/TP06-01_TS1_Wk2_HF_CAT_R1.fq.gz;ftp.sra.ebi.ac.uk/vol1/run/ERR595/ERR5956634/TP06-01_TS1_Wk2_HF_CAT_R2.fq.gz","FASTQ;FASTQ",NA,NA,NA,NA,NA,"TP06-01_Week2_Study1PeaFiber",NA,"TP06-01","2","Study1PeaFiber",NA,"2021-05-22","ftp.sra.ebi.ac.uk/vol1/err/ERR595/004/ERR5956634.bam",1304283432,"fe788c218caca4d24c90eca2efed9075"
"114","ERR5956759","ERP128019","SAMEA8793906","ERS6478256","ERX5597280","PRJEB44020","ERA4412439",256318,"metagenome","ILLUMINA","unspecified",NA,NA,"PAIRED","OTHER","METAGENOMIC","RANDOM",19921684,2488627770,"WASHINGTON UNIVERSITY CENTER FOR GENOME SCIENCES","2022-04-13","2022-04-13","unspecified sequencing: Raw reads: TP06-01_Week2_Study2OrangeFiber","An approach for evaluating the effects of dietary fiber polysaccharides on the human gut microbiome and plasma proteome","ena-STUDY-WASHINGTON UNIVERSITY CENTER FOR GENOME SCIENCES-30-03-2021-04:15:02:361-407","webin-reads-TP06-01_Week2_Study2OrangeFiber","webin-reads-TP06-01_Week2_Study2OrangeFiber","791767361;881793364","8977d38b0b5f395ba92b3237e462bd90;2ced1e8169c04bbf32d3ef2b7b45e7c2","ftp.sra.ebi.ac.uk/vol1/fastq/ERR595/009/ERR5956759/ERR5956759_1.fastq.gz;ftp.sra.ebi.ac.uk/vol1/fastq/ERR595/009/ERR5956759/ERR5956759_2.fastq.gz","fasp.sra.ebi.ac.uk:/vol1/fastq/ERR595/009/ERR5956759/ERR5956759_1.fastq.gz;fasp.sra.ebi.ac.uk:/vol1/fastq/ERR595/009/ERR5956759/ERR5956759_2.fastq.gz","ftp.sra.ebi.ac.uk/vol1/fastq/ERR595/009/ERR5956759/ERR5956759_1.fastq.gz;ftp.sra.ebi.ac.uk/vol1/fastq/ERR595/009/ERR5956759/ERR5956759_2.fastq.gz","757983738;848296690","35d47e4eac742a25747b75d5e8ee33bd;d83471dda24ca6c5e560df0a11794cba","ftp.sra.ebi.ac.uk/vol1/run/ERR595/ERR5956759/TP06-01_TS2_Wk2_HF_CAT_R1.fq.gz;ftp.sra.ebi.ac.uk/vol1/run/ERR595/ERR5956759/TP06-01_TS2_Wk2_HF_CAT_R2.fq.gz","fasp.sra.ebi.ac.uk:/vol1/run/ERR595/ERR5956759/TP06-01_TS2_Wk2_HF_CAT_R1.fq.gz;fasp.sra.ebi.ac.uk:/vol1/run/ERR595/ERR5956759/TP06-01_TS2_Wk2_HF_CAT_R2.fq.gz","ftp.sra.ebi.ac.uk/vol1/run/ERR595/ERR5956759/TP06-01_TS2_Wk2_HF_CAT_R1.fq.gz;ftp.sra.ebi.ac.uk/vol1/run/ERR595/ERR5956759/TP06-01_TS2_Wk2_HF_CAT_R2.fq.gz","FASTQ;FASTQ",NA,NA,NA,NA,NA,"TP06-01_Week2_Study2OrangeFiber",NA,"TP06-01","2","Study2OrangeFiber",NA,"2021-05-23","ftp.sra.ebi.ac.uk/vol1/err/ERR595/009/ERR5956759.bam",1689855964,"310da3308b3cc06ea182b3ad63ba4b8f"
"115","ERR5956636","ERP128019","SAMEA8793807","ERS6478157","ERX5597157","PRJEB44020","ERA4412319",256318,"metagenome","ILLUMINA","unspecified",NA,NA,"PAIRED","OTHER","METAGENOMIC","RANDOM",16578212,2022422746,"WASHINGTON UNIVERSITY CENTER FOR GENOME SCIENCES","2022-04-13","2022-04-13","unspecified sequencing: Raw reads: TP06-01_Week3_Study1PeaFiber","An approach for evaluating the effects of dietary fiber polysaccharides on the human gut microbiome and plasma proteome","ena-STUDY-WASHINGTON UNIVERSITY CENTER FOR GENOME SCIENCES-30-03-2021-04:15:02:361-407","webin-reads-TP06-01_Week3_Study1PeaFiber","webin-reads-TP06-01_Week3_Study1PeaFiber","605120572;628059313","42fc96cd74db15aaa042b6b984461c8d;8eb40bb9a6909bd7a0eff66b2c604260","ftp.sra.ebi.ac.uk/vol1/fastq/ERR595/006/ERR5956636/ERR5956636_1.fastq.gz;ftp.sra.ebi.ac.uk/vol1/fastq/ERR595/006/ERR5956636/ERR5956636_2.fastq.gz","fasp.sra.ebi.ac.uk:/vol1/fastq/ERR595/006/ERR5956636/ERR5956636_1.fastq.gz;fasp.sra.ebi.ac.uk:/vol1/fastq/ERR595/006/ERR5956636/ERR5956636_2.fastq.gz","ftp.sra.ebi.ac.uk/vol1/fastq/ERR595/006/ERR5956636/ERR5956636_1.fastq.gz;ftp.sra.ebi.ac.uk/vol1/fastq/ERR595/006/ERR5956636/ERR5956636_2.fastq.gz","582200498;604894103","fcb8228de9e354314553a46658233624;8132b6965862230ab93578f644ebb400","ftp.sra.ebi.ac.uk/vol1/run/ERR595/ERR5956636/TP06-01_TS1_Wk3_HF_CAT_R1.fq.gz;ftp.sra.ebi.ac.uk/vol1/run/ERR595/ERR5956636/TP06-01_TS1_Wk3_HF_CAT_R2.fq.gz","fasp.sra.ebi.ac.uk:/vol1/run/ERR595/ERR5956636/TP06-01_TS1_Wk3_HF_CAT_R1.fq.gz;fasp.sra.ebi.ac.uk:/vol1/run/ERR595/ERR5956636/TP06-01_TS1_Wk3_HF_CAT_R2.fq.gz","ftp.sra.ebi.ac.uk/vol1/run/ERR595/ERR5956636/TP06-01_TS1_Wk3_HF_CAT_R1.fq.gz;ftp.sra.ebi.ac.uk/vol1/run/ERR595/ERR5956636/TP06-01_TS1_Wk3_HF_CAT_R2.fq.gz","FASTQ;FASTQ",NA,NA,NA,NA,NA,"TP06-01_Week3_Study1PeaFiber",NA,"TP06-01","3","Study1PeaFiber",NA,"2021-05-22","ftp.sra.ebi.ac.uk/vol1/err/ERR595/006/ERR5956636.bam",1224266904,"6325139b0a16d5b226c721c73a8c6b6a"
"116","ERR5956638","ERP128019","SAMEA8793808","ERS6478158","ERX5597159","PRJEB44020","ERA4412321",256318,"metagenome","ILLUMINA","unspecified",NA,NA,"PAIRED","OTHER","METAGENOMIC","RANDOM",16984440,2073095579,"WASHINGTON UNIVERSITY CENTER FOR GENOME SCIENCES","2022-04-13","2022-04-13","unspecified sequencing: Raw reads: TP06-01_Week4_Study1PeaFiber","An approach for evaluating the effects of dietary fiber polysaccharides on the human gut microbiome and plasma proteome","ena-STUDY-WASHINGTON UNIVERSITY CENTER FOR GENOME SCIENCES-30-03-2021-04:15:02:361-407","webin-reads-TP06-01_Week4_Study1PeaFiber","webin-reads-TP06-01_Week4_Study1PeaFiber","620414413;644959744","6402ba4f01c7f2da821e55946e20d015;22f0e18bb351034603e002d3a5aa31b0","ftp.sra.ebi.ac.uk/vol1/fastq/ERR595/008/ERR5956638/ERR5956638_1.fastq.gz;ftp.sra.ebi.ac.uk/vol1/fastq/ERR595/008/ERR5956638/ERR5956638_2.fastq.gz","fasp.sra.ebi.ac.uk:/vol1/fastq/ERR595/008/ERR5956638/ERR5956638_1.fastq.gz;fasp.sra.ebi.ac.uk:/vol1/fastq/ERR595/008/ERR5956638/ERR5956638_2.fastq.gz","ftp.sra.ebi.ac.uk/vol1/fastq/ERR595/008/ERR5956638/ERR5956638_1.fastq.gz;ftp.sra.ebi.ac.uk/vol1/fastq/ERR595/008/ERR5956638/ERR5956638_2.fastq.gz","597080904;621378293","75d8a56260589a601d285238ad6206dc;5c91a78da257bab61b5844bb61135edd","ftp.sra.ebi.ac.uk/vol1/run/ERR595/ERR5956638/TP06-01_TS1_Wk4_HF_CAT_R1.fq.gz;ftp.sra.ebi.ac.uk/vol1/run/ERR595/ERR5956638/TP06-01_TS1_Wk4_HF_CAT_R2.fq.gz","fasp.sra.ebi.ac.uk:/vol1/run/ERR595/ERR5956638/TP06-01_TS1_Wk4_HF_CAT_R1.fq.gz;fasp.sra.ebi.ac.uk:/vol1/run/ERR595/ERR5956638/TP06-01_TS1_Wk4_HF_CAT_R2.fq.gz","ftp.sra.ebi.ac.uk/vol1/run/ERR595/ERR5956638/TP06-01_TS1_Wk4_HF_CAT_R1.fq.gz;ftp.sra.ebi.ac.uk/vol1/run/ERR595/ERR5956638/TP06-01_TS1_Wk4_HF_CAT_R2.fq.gz","FASTQ;FASTQ",NA,NA,NA,NA,NA,"TP06-01_Week4_Study1PeaFiber",NA,"TP06-01","4","Study1PeaFiber",NA,"2021-05-22","ftp.sra.ebi.ac.uk/vol1/err/ERR595/008/ERR5956638.bam",1256173782,"c836997efef9c5f4f4395992e8709a78"
"117","ERR5956639","ERP128019","SAMEA8793809","ERS6478159","ERX5597160","PRJEB44020","ERA4412322",256318,"metagenome","ILLUMINA","unspecified",NA,NA,"PAIRED","OTHER","METAGENOMIC","RANDOM",15610160,1882459115,"WASHINGTON UNIVERSITY CENTER FOR GENOME SCIENCES","2022-04-13","2022-04-13","unspecified sequencing: Raw reads: TP06-01_Week5_Study1PeaFiber","An approach for evaluating the effects of dietary fiber polysaccharides on the human gut microbiome and plasma proteome","ena-STUDY-WASHINGTON UNIVERSITY CENTER FOR GENOME SCIENCES-30-03-2021-04:15:02:361-407","webin-reads-TP06-01_Week5_Study1PeaFiber","webin-reads-TP06-01_Week5_Study1PeaFiber","564542209;592434230","c5fcca5d4a6f51a7174a44781b65069b;24e0d50b7aca0e50fa5189c4e03a8dc6","ftp.sra.ebi.ac.uk/vol1/fastq/ERR595/009/ERR5956639/ERR5956639_1.fastq.gz;ftp.sra.ebi.ac.uk/vol1/fastq/ERR595/009/ERR5956639/ERR5956639_2.fastq.gz","fasp.sra.ebi.ac.uk:/vol1/fastq/ERR595/009/ERR5956639/ERR5956639_1.fastq.gz;fasp.sra.ebi.ac.uk:/vol1/fastq/ERR595/009/ERR5956639/ERR5956639_2.fastq.gz","ftp.sra.ebi.ac.uk/vol1/fastq/ERR595/009/ERR5956639/ERR5956639_1.fastq.gz;ftp.sra.ebi.ac.uk/vol1/fastq/ERR595/009/ERR5956639/ERR5956639_2.fastq.gz","543462989;571110711","8d73e6796865a3041d80aaeefaf93ba2;30d00b322f9ddc418f9fa38309d18e89","ftp.sra.ebi.ac.uk/vol1/run/ERR595/ERR5956639/TP06-01_TS1_Wk5_HF_CAT_R1.fq.gz;ftp.sra.ebi.ac.uk/vol1/run/ERR595/ERR5956639/TP06-01_TS1_Wk5_HF_CAT_R2.fq.gz","fasp.sra.ebi.ac.uk:/vol1/run/ERR595/ERR5956639/TP06-01_TS1_Wk5_HF_CAT_R1.fq.gz;fasp.sra.ebi.ac.uk:/vol1/run/ERR595/ERR5956639/TP06-01_TS1_Wk5_HF_CAT_R2.fq.gz","ftp.sra.ebi.ac.uk/vol1/run/ERR595/ERR5956639/TP06-01_TS1_Wk5_HF_CAT_R1.fq.gz;ftp.sra.ebi.ac.uk/vol1/run/ERR595/ERR5956639/TP06-01_TS1_Wk5_HF_CAT_R2.fq.gz","FASTQ;FASTQ",NA,NA,NA,NA,NA,"TP06-01_Week5_Study1PeaFiber",NA,"TP06-01","5","Study1PeaFiber",NA,"2021-05-22","ftp.sra.ebi.ac.uk/vol1/err/ERR595/009/ERR5956639.bam",1150203195,"ecbf9236d26eebab1b14e9b225c27e98"
"118","ERR5956761","ERP128019","SAMEA8793907","ERS6478257","ERX5597282","PRJEB44020","ERA4412441",256318,"metagenome","ILLUMINA","unspecified",NA,NA,"PAIRED","OTHER","METAGENOMIC","RANDOM",19301716,2419467809,"WASHINGTON UNIVERSITY CENTER FOR GENOME SCIENCES","2022-04-13","2022-04-13","unspecified sequencing: Raw reads: TP06-01_Week5_Study2OrangeFiber","An approach for evaluating the effects of dietary fiber polysaccharides on the human gut microbiome and plasma proteome","ena-STUDY-WASHINGTON UNIVERSITY CENTER FOR GENOME SCIENCES-30-03-2021-04:15:02:361-407","webin-reads-TP06-01_Week5_Study2OrangeFiber","webin-reads-TP06-01_Week5_Study2OrangeFiber","736758506;843520933","4802d292701c85afa41381625b7d21ee;7ba8d8e370bafe70683c476599030165","ftp.sra.ebi.ac.uk/vol1/fastq/ERR595/001/ERR5956761/ERR5956761_1.fastq.gz;ftp.sra.ebi.ac.uk/vol1/fastq/ERR595/001/ERR5956761/ERR5956761_2.fastq.gz","fasp.sra.ebi.ac.uk:/vol1/fastq/ERR595/001/ERR5956761/ERR5956761_1.fastq.gz;fasp.sra.ebi.ac.uk:/vol1/fastq/ERR595/001/ERR5956761/ERR5956761_2.fastq.gz","ftp.sra.ebi.ac.uk/vol1/fastq/ERR595/001/ERR5956761/ERR5956761_1.fastq.gz;ftp.sra.ebi.ac.uk/vol1/fastq/ERR595/001/ERR5956761/ERR5956761_2.fastq.gz","703563691;810745874","96a1250f3aa22186221b2521d8ace7ef;d722960a1d80cc2b6a11e33601537c15","ftp.sra.ebi.ac.uk/vol1/run/ERR595/ERR5956761/TP06-01_TS2_Wk5_HF_CAT_R1.fq.gz;ftp.sra.ebi.ac.uk/vol1/run/ERR595/ERR5956761/TP06-01_TS2_Wk5_HF_CAT_R2.fq.gz","fasp.sra.ebi.ac.uk:/vol1/run/ERR595/ERR5956761/TP06-01_TS2_Wk5_HF_CAT_R1.fq.gz;fasp.sra.ebi.ac.uk:/vol1/run/ERR595/ERR5956761/TP06-01_TS2_Wk5_HF_CAT_R2.fq.gz","ftp.sra.ebi.ac.uk/vol1/run/ERR595/ERR5956761/TP06-01_TS2_Wk5_HF_CAT_R1.fq.gz;ftp.sra.ebi.ac.uk/vol1/run/ERR595/ERR5956761/TP06-01_TS2_Wk5_HF_CAT_R2.fq.gz","FASTQ;FASTQ",NA,NA,NA,NA,NA,"TP06-01_Week5_Study2OrangeFiber",NA,"TP06-01","5","Study2OrangeFiber",NA,"2021-05-23","ftp.sra.ebi.ac.uk/vol1/err/ERR595/001/ERR5956761.bam",1591498046,"e8368aff42dd424213349f8a6019eee2"
"119","ERR5956640","ERP128019","SAMEA8793810","ERS6478160","ERX5597161","PRJEB44020","ERA4412323",256318,"metagenome","ILLUMINA","unspecified",NA,NA,"PAIRED","OTHER","METAGENOMIC","RANDOM",17073590,2105831456,"WASHINGTON UNIVERSITY CENTER FOR GENOME SCIENCES","2022-04-13","2022-04-13","unspecified sequencing: Raw reads: TP06-01_Week8_Study1PeaFiber","An approach for evaluating the effects of dietary fiber polysaccharides on the human gut microbiome and plasma proteome","ena-STUDY-WASHINGTON UNIVERSITY CENTER FOR GENOME SCIENCES-30-03-2021-04:15:02:361-407","webin-reads-TP06-01_Week8_Study1PeaFiber","webin-reads-TP06-01_Week8_Study1PeaFiber","633305779;666198010","aa0a2439c181502b5deaee5c273648e4;9bb4f715186c1e1c1e99be5213ca98be","ftp.sra.ebi.ac.uk/vol1/fastq/ERR595/000/ERR5956640/ERR5956640_1.fastq.gz;ftp.sra.ebi.ac.uk/vol1/fastq/ERR595/000/ERR5956640/ERR5956640_2.fastq.gz","fasp.sra.ebi.ac.uk:/vol1/fastq/ERR595/000/ERR5956640/ERR5956640_1.fastq.gz;fasp.sra.ebi.ac.uk:/vol1/fastq/ERR595/000/ERR5956640/ERR5956640_2.fastq.gz","ftp.sra.ebi.ac.uk/vol1/fastq/ERR595/000/ERR5956640/ERR5956640_1.fastq.gz;ftp.sra.ebi.ac.uk/vol1/fastq/ERR595/000/ERR5956640/ERR5956640_2.fastq.gz","610186016;642827935","ec82faa479045ec7e51dece12079b028;3d9b11158c307d880048e3cabf39983a","ftp.sra.ebi.ac.uk/vol1/run/ERR595/ERR5956640/TP06-01_TS1_Wk8_HF_CAT_R1.fq.gz;ftp.sra.ebi.ac.uk/vol1/run/ERR595/ERR5956640/TP06-01_TS1_Wk8_HF_CAT_R2.fq.gz","fasp.sra.ebi.ac.uk:/vol1/run/ERR595/ERR5956640/TP06-01_TS1_Wk8_HF_CAT_R1.fq.gz;fasp.sra.ebi.ac.uk:/vol1/run/ERR595/ERR5956640/TP06-01_TS1_Wk8_HF_CAT_R2.fq.gz","ftp.sra.ebi.ac.uk/vol1/run/ERR595/ERR5956640/TP06-01_TS1_Wk8_HF_CAT_R1.fq.gz;ftp.sra.ebi.ac.uk/vol1/run/ERR595/ERR5956640/TP06-01_TS1_Wk8_HF_CAT_R2.fq.gz","FASTQ;FASTQ",NA,NA,NA,NA,NA,"TP06-01_Week8_Study1PeaFiber",NA,"TP06-01","8","Study1PeaFiber",NA,"2021-05-22","ftp.sra.ebi.ac.uk/vol1/err/ERR595/000/ERR5956640.bam",1292223820,"be7e59d15e892ce87edda8aa01852de7"
"120","ERR5956762","ERP128019","SAMEA8793908","ERS6478258","ERX5597283","PRJEB44020","ERA4412442",256318,"metagenome","ILLUMINA","unspecified",NA,NA,"PAIRED","OTHER","METAGENOMIC","RANDOM",19602734,2451942790,"WASHINGTON UNIVERSITY CENTER FOR GENOME SCIENCES","2022-04-13","2022-04-13","unspecified sequencing: Raw reads: TP06-01_Week8_Study2OrangeFiber","An approach for evaluating the effects of dietary fiber polysaccharides on the human gut microbiome and plasma proteome","ena-STUDY-WASHINGTON UNIVERSITY CENTER FOR GENOME SCIENCES-30-03-2021-04:15:02:361-407","webin-reads-TP06-01_Week8_Study2OrangeFiber","webin-reads-TP06-01_Week8_Study2OrangeFiber","746643366;858617009","20b1a44775db5d02dc10fcfdaf6c8edd;626ddfbc109c54ff2987c3581e11f328","ftp.sra.ebi.ac.uk/vol1/fastq/ERR595/002/ERR5956762/ERR5956762_1.fastq.gz;ftp.sra.ebi.ac.uk/vol1/fastq/ERR595/002/ERR5956762/ERR5956762_2.fastq.gz","fasp.sra.ebi.ac.uk:/vol1/fastq/ERR595/002/ERR5956762/ERR5956762_1.fastq.gz;fasp.sra.ebi.ac.uk:/vol1/fastq/ERR595/002/ERR5956762/ERR5956762_2.fastq.gz","ftp.sra.ebi.ac.uk/vol1/fastq/ERR595/002/ERR5956762/ERR5956762_1.fastq.gz;ftp.sra.ebi.ac.uk/vol1/fastq/ERR595/002/ERR5956762/ERR5956762_2.fastq.gz","712776594;825197322","67938ed9fb4f904370ab7aa78ff2179b;1e1377ca4048c6cd9071d3b74be5743d","ftp.sra.ebi.ac.uk/vol1/run/ERR595/ERR5956762/TP06-01_TS2_Wk8_HF_CAT_R1.fq.gz;ftp.sra.ebi.ac.uk/vol1/run/ERR595/ERR5956762/TP06-01_TS2_Wk8_HF_CAT_R2.fq.gz","fasp.sra.ebi.ac.uk:/vol1/run/ERR595/ERR5956762/TP06-01_TS2_Wk8_HF_CAT_R1.fq.gz;fasp.sra.ebi.ac.uk:/vol1/run/ERR595/ERR5956762/TP06-01_TS2_Wk8_HF_CAT_R2.fq.gz","ftp.sra.ebi.ac.uk/vol1/run/ERR595/ERR5956762/TP06-01_TS2_Wk8_HF_CAT_R1.fq.gz;ftp.sra.ebi.ac.uk/vol1/run/ERR595/ERR5956762/TP06-01_TS2_Wk8_HF_CAT_R2.fq.gz","FASTQ;FASTQ",NA,NA,NA,NA,NA,"TP06-01_Week8_Study2OrangeFiber",NA,"TP06-01","8","Study2OrangeFiber",NA,"2021-05-23","ftp.sra.ebi.ac.uk/vol1/err/ERR595/002/ERR5956762.bam",1618141957,"4a1f20ef6aff84aeb55b1702b29c683f"
"121","ERR5956651","ERP128019","SAMEA8793811","ERS6478161","ERX5597172","PRJEB44020","ERA4412325",256318,"metagenome","ILLUMINA","unspecified",NA,NA,"PAIRED","OTHER","METAGENOMIC","RANDOM",16786878,2094806359,"WASHINGTON UNIVERSITY CENTER FOR GENOME SCIENCES","2022-04-13","2022-04-13","unspecified sequencing: Raw reads: TP06-01_Week9_Study1PeaFiber","An approach for evaluating the effects of dietary fiber polysaccharides on the human gut microbiome and plasma proteome","ena-STUDY-WASHINGTON UNIVERSITY CENTER FOR GENOME SCIENCES-30-03-2021-04:15:02:361-407","webin-reads-TP06-01_Week9_Study1PeaFiber","webin-reads-TP06-01_Week9_Study1PeaFiber","630100728;666073394","bf6ad65dab4e257fe0dd387ded9852e9;37f9668f3a541d9aca7ec8597ee63fd4","ftp.sra.ebi.ac.uk/vol1/fastq/ERR595/001/ERR5956651/ERR5956651_1.fastq.gz;ftp.sra.ebi.ac.uk/vol1/fastq/ERR595/001/ERR5956651/ERR5956651_2.fastq.gz","fasp.sra.ebi.ac.uk:/vol1/fastq/ERR595/001/ERR5956651/ERR5956651_1.fastq.gz;fasp.sra.ebi.ac.uk:/vol1/fastq/ERR595/001/ERR5956651/ERR5956651_2.fastq.gz","ftp.sra.ebi.ac.uk/vol1/fastq/ERR595/001/ERR5956651/ERR5956651_1.fastq.gz;ftp.sra.ebi.ac.uk/vol1/fastq/ERR595/001/ERR5956651/ERR5956651_2.fastq.gz","607406120;643122356","f1a8fe11496ada168bb9c81cfe357a15;29bf2752bc8950fdd1da5c852733e554","ftp.sra.ebi.ac.uk/vol1/run/ERR595/ERR5956651/TP06-01_TS1_Wk9_HF_CAT_R1.fq.gz;ftp.sra.ebi.ac.uk/vol1/run/ERR595/ERR5956651/TP06-01_TS1_Wk9_HF_CAT_R2.fq.gz","fasp.sra.ebi.ac.uk:/vol1/run/ERR595/ERR5956651/TP06-01_TS1_Wk9_HF_CAT_R1.fq.gz;fasp.sra.ebi.ac.uk:/vol1/run/ERR595/ERR5956651/TP06-01_TS1_Wk9_HF_CAT_R2.fq.gz","ftp.sra.ebi.ac.uk/vol1/run/ERR595/ERR5956651/TP06-01_TS1_Wk9_HF_CAT_R1.fq.gz;ftp.sra.ebi.ac.uk/vol1/run/ERR595/ERR5956651/TP06-01_TS1_Wk9_HF_CAT_R2.fq.gz","FASTQ;FASTQ",NA,NA,NA,NA,NA,"TP06-01_Week9_Study1PeaFiber",NA,"TP06-01","9","Study1PeaFiber",NA,"2021-05-22","ftp.sra.ebi.ac.uk/vol1/err/ERR595/001/ERR5956651.bam",1289592297,"6d00722503de13fa72ff5bd11057fe56"
"122","ERR5956652","ERP128019","SAMEA8793812","ERS6478162","ERX5597173","PRJEB44020","ERA4412328",256318,"metagenome","ILLUMINA","unspecified",NA,NA,"PAIRED","OTHER","METAGENOMIC","RANDOM",16825468,2053836960,"WASHINGTON UNIVERSITY CENTER FOR GENOME SCIENCES","2022-04-13","2022-04-13","unspecified sequencing: Raw reads: TP06-02_Week1_Study1PeaFiber","An approach for evaluating the effects of dietary fiber polysaccharides on the human gut microbiome and plasma proteome","ena-STUDY-WASHINGTON UNIVERSITY CENTER FOR GENOME SCIENCES-30-03-2021-04:15:02:361-407","webin-reads-TP06-02_Week1_Study1PeaFiber","webin-reads-TP06-02_Week1_Study1PeaFiber","619316636;651932891","2f31590932bdbfd1ea1df3b7d046cb94;b13cc76548eb34e141ee1b607d7455b5","ftp.sra.ebi.ac.uk/vol1/fastq/ERR595/002/ERR5956652/ERR5956652_1.fastq.gz;ftp.sra.ebi.ac.uk/vol1/fastq/ERR595/002/ERR5956652/ERR5956652_2.fastq.gz","fasp.sra.ebi.ac.uk:/vol1/fastq/ERR595/002/ERR5956652/ERR5956652_1.fastq.gz;fasp.sra.ebi.ac.uk:/vol1/fastq/ERR595/002/ERR5956652/ERR5956652_2.fastq.gz","ftp.sra.ebi.ac.uk/vol1/fastq/ERR595/002/ERR5956652/ERR5956652_1.fastq.gz;ftp.sra.ebi.ac.uk/vol1/fastq/ERR595/002/ERR5956652/ERR5956652_2.fastq.gz","596564678;628915581","4bd6956e62fec382b31cd6d5f695a2f6;a2cdd9df3b70154571b4ce55b43ce619","ftp.sra.ebi.ac.uk/vol1/run/ERR595/ERR5956652/TP06-02_TS1_Wk1_HF_CAT_R1.fq.gz;ftp.sra.ebi.ac.uk/vol1/run/ERR595/ERR5956652/TP06-02_TS1_Wk1_HF_CAT_R2.fq.gz","fasp.sra.ebi.ac.uk:/vol1/run/ERR595/ERR5956652/TP06-02_TS1_Wk1_HF_CAT_R1.fq.gz;fasp.sra.ebi.ac.uk:/vol1/run/ERR595/ERR5956652/TP06-02_TS1_Wk1_HF_CAT_R2.fq.gz","ftp.sra.ebi.ac.uk/vol1/run/ERR595/ERR5956652/TP06-02_TS1_Wk1_HF_CAT_R1.fq.gz;ftp.sra.ebi.ac.uk/vol1/run/ERR595/ERR5956652/TP06-02_TS1_Wk1_HF_CAT_R2.fq.gz","FASTQ;FASTQ",NA,NA,NA,NA,NA,"TP06-02_Week1_Study1PeaFiber",NA,"TP06-02","1","Study1PeaFiber",NA,"2021-05-22","ftp.sra.ebi.ac.uk/vol1/err/ERR595/002/ERR5956652.bam",1264664249,"0fec1740d0faa2e4829e070899b35f41"
"123","ERR5956763","ERP128019","SAMEA8793909","ERS6478259","ERX5597284","PRJEB44020","ERA4412443",256318,"metagenome","ILLUMINA","unspecified",NA,NA,"PAIRED","OTHER","METAGENOMIC","RANDOM",19175264,2395735698,"WASHINGTON UNIVERSITY CENTER FOR GENOME SCIENCES","2022-04-13","2022-04-13","unspecified sequencing: Raw reads: TP06-02_Week1_Study2OrangeFiber","An approach for evaluating the effects of dietary fiber polysaccharides on the human gut microbiome and plasma proteome","ena-STUDY-WASHINGTON UNIVERSITY CENTER FOR GENOME SCIENCES-30-03-2021-04:15:02:361-407","webin-reads-TP06-02_Week1_Study2OrangeFiber","webin-reads-TP06-02_Week1_Study2OrangeFiber","729022844;828706804","a74909c169514fa31a788c3d57c8886f;32975d209a6302199c4d74080d0430e0","ftp.sra.ebi.ac.uk/vol1/fastq/ERR595/003/ERR5956763/ERR5956763_1.fastq.gz;ftp.sra.ebi.ac.uk/vol1/fastq/ERR595/003/ERR5956763/ERR5956763_2.fastq.gz","fasp.sra.ebi.ac.uk:/vol1/fastq/ERR595/003/ERR5956763/ERR5956763_1.fastq.gz;fasp.sra.ebi.ac.uk:/vol1/fastq/ERR595/003/ERR5956763/ERR5956763_2.fastq.gz","ftp.sra.ebi.ac.uk/vol1/fastq/ERR595/003/ERR5956763/ERR5956763_1.fastq.gz;ftp.sra.ebi.ac.uk/vol1/fastq/ERR595/003/ERR5956763/ERR5956763_2.fastq.gz","695639376;795642377","5c4626f73929e91ed5fca8bf42b25b1d;883742f7b29c54aad5ea7246d4773573","ftp.sra.ebi.ac.uk/vol1/run/ERR595/ERR5956763/TP06-02_TS2_Wk1_HF_CAT_R1.fq.gz;ftp.sra.ebi.ac.uk/vol1/run/ERR595/ERR5956763/TP06-02_TS2_Wk1_HF_CAT_R2.fq.gz","fasp.sra.ebi.ac.uk:/vol1/run/ERR595/ERR5956763/TP06-02_TS2_Wk1_HF_CAT_R1.fq.gz;fasp.sra.ebi.ac.uk:/vol1/run/ERR595/ERR5956763/TP06-02_TS2_Wk1_HF_CAT_R2.fq.gz","ftp.sra.ebi.ac.uk/vol1/run/ERR595/ERR5956763/TP06-02_TS2_Wk1_HF_CAT_R1.fq.gz;ftp.sra.ebi.ac.uk/vol1/run/ERR595/ERR5956763/TP06-02_TS2_Wk1_HF_CAT_R2.fq.gz","FASTQ;FASTQ",NA,NA,NA,NA,NA,"TP06-02_Week1_Study2OrangeFiber",NA,"TP06-02","1","Study2OrangeFiber",NA,"2021-05-23","ftp.sra.ebi.ac.uk/vol1/err/ERR595/003/ERR5956763.bam",1567661355,"83606768d0a5071d943f2c94a3b2c673"
"124","ERR5956653","ERP128019","SAMEA8793813","ERS6478163","ERX5597174","PRJEB44020","ERA4412329",256318,"metagenome","ILLUMINA","unspecified",NA,NA,"PAIRED","OTHER","METAGENOMIC","RANDOM",17383702,2131551695,"WASHINGTON UNIVERSITY CENTER FOR GENOME SCIENCES","2022-04-13","2022-04-13","unspecified sequencing: Raw reads: TP06-02_Week2_Study1PeaFiber","An approach for evaluating the effects of dietary fiber polysaccharides on the human gut microbiome and plasma proteome","ena-STUDY-WASHINGTON UNIVERSITY CENTER FOR GENOME SCIENCES-30-03-2021-04:15:02:361-407","webin-reads-TP06-02_Week2_Study1PeaFiber","webin-reads-TP06-02_Week2_Study1PeaFiber","642488119;676330385","2211c7d2c80dc8a5f2b0fd603ad1957d;61baa754b9b18a51a1a87da65ac265fa","ftp.sra.ebi.ac.uk/vol1/fastq/ERR595/003/ERR5956653/ERR5956653_1.fastq.gz;ftp.sra.ebi.ac.uk/vol1/fastq/ERR595/003/ERR5956653/ERR5956653_2.fastq.gz","fasp.sra.ebi.ac.uk:/vol1/fastq/ERR595/003/ERR5956653/ERR5956653_1.fastq.gz;fasp.sra.ebi.ac.uk:/vol1/fastq/ERR595/003/ERR5956653/ERR5956653_2.fastq.gz","ftp.sra.ebi.ac.uk/vol1/fastq/ERR595/003/ERR5956653/ERR5956653_1.fastq.gz;ftp.sra.ebi.ac.uk/vol1/fastq/ERR595/003/ERR5956653/ERR5956653_2.fastq.gz","618699183;652273144","b80dd925c10d8a4b954142e40278882a;9f0243e6f32ddc6f475e7e671c2fc5c8","ftp.sra.ebi.ac.uk/vol1/run/ERR595/ERR5956653/TP06-02_TS1_Wk2_HF_CAT_R1.fq.gz;ftp.sra.ebi.ac.uk/vol1/run/ERR595/ERR5956653/TP06-02_TS1_Wk2_HF_CAT_R2.fq.gz","fasp.sra.ebi.ac.uk:/vol1/run/ERR595/ERR5956653/TP06-02_TS1_Wk2_HF_CAT_R1.fq.gz;fasp.sra.ebi.ac.uk:/vol1/run/ERR595/ERR5956653/TP06-02_TS1_Wk2_HF_CAT_R2.fq.gz","ftp.sra.ebi.ac.uk/vol1/run/ERR595/ERR5956653/TP06-02_TS1_Wk2_HF_CAT_R1.fq.gz;ftp.sra.ebi.ac.uk/vol1/run/ERR595/ERR5956653/TP06-02_TS1_Wk2_HF_CAT_R2.fq.gz","FASTQ;FASTQ",NA,NA,NA,NA,NA,"TP06-02_Week2_Study1PeaFiber",NA,"TP06-02","2","Study1PeaFiber",NA,"2021-05-22","ftp.sra.ebi.ac.uk/vol1/err/ERR595/003/ERR5956653.bam",1312340400,"3f46833671b469e2e5b6cc327ddc5790"
"125","ERR5956764","ERP128019","SAMEA8793910","ERS6478260","ERX5597285","PRJEB44020","ERA4412444",256318,"metagenome","ILLUMINA","unspecified",NA,NA,"PAIRED","OTHER","METAGENOMIC","RANDOM",19519202,2436713914,"WASHINGTON UNIVERSITY CENTER FOR GENOME SCIENCES","2022-04-13","2022-04-13","unspecified sequencing: Raw reads: TP06-02_Week2_Study2OrangeFiber","An approach for evaluating the effects of dietary fiber polysaccharides on the human gut microbiome and plasma proteome","ena-STUDY-WASHINGTON UNIVERSITY CENTER FOR GENOME SCIENCES-30-03-2021-04:15:02:361-407","webin-reads-TP06-02_Week2_Study2OrangeFiber","webin-reads-TP06-02_Week2_Study2OrangeFiber","741993322;849883303","16a8040dcf9fbe4de23312ece0db44a3;f296f9ff1a0519cd289489f5667efa0b","ftp.sra.ebi.ac.uk/vol1/fastq/ERR595/004/ERR5956764/ERR5956764_1.fastq.gz;ftp.sra.ebi.ac.uk/vol1/fastq/ERR595/004/ERR5956764/ERR5956764_2.fastq.gz","fasp.sra.ebi.ac.uk:/vol1/fastq/ERR595/004/ERR5956764/ERR5956764_1.fastq.gz;fasp.sra.ebi.ac.uk:/vol1/fastq/ERR595/004/ERR5956764/ERR5956764_2.fastq.gz","ftp.sra.ebi.ac.uk/vol1/fastq/ERR595/004/ERR5956764/ERR5956764_1.fastq.gz;ftp.sra.ebi.ac.uk/vol1/fastq/ERR595/004/ERR5956764/ERR5956764_2.fastq.gz","709353677;817659764","3d402cb156ecbdfdc1ee7124b6562e12;f846525ab79af388ae30401d8da7fade","ftp.sra.ebi.ac.uk/vol1/run/ERR595/ERR5956764/TP06-02_TS2_Wk2_HF_CAT_R1.fq.gz;ftp.sra.ebi.ac.uk/vol1/run/ERR595/ERR5956764/TP06-02_TS2_Wk2_HF_CAT_R2.fq.gz","fasp.sra.ebi.ac.uk:/vol1/run/ERR595/ERR5956764/TP06-02_TS2_Wk2_HF_CAT_R1.fq.gz;fasp.sra.ebi.ac.uk:/vol1/run/ERR595/ERR5956764/TP06-02_TS2_Wk2_HF_CAT_R2.fq.gz","ftp.sra.ebi.ac.uk/vol1/run/ERR595/ERR5956764/TP06-02_TS2_Wk2_HF_CAT_R1.fq.gz;ftp.sra.ebi.ac.uk/vol1/run/ERR595/ERR5956764/TP06-02_TS2_Wk2_HF_CAT_R2.fq.gz","FASTQ;FASTQ",NA,NA,NA,NA,NA,"TP06-02_Week2_Study2OrangeFiber",NA,"TP06-02","2","Study2OrangeFiber",NA,"2021-05-23","ftp.sra.ebi.ac.uk/vol1/err/ERR595/004/ERR5956764.bam",1602854429,"02245514fe44e8fffb5641093249732e"
"126","ERR5956654","ERP128019","SAMEA8793814","ERS6478164","ERX5597175","PRJEB44020","ERA4412330",256318,"metagenome","ILLUMINA","unspecified",NA,NA,"PAIRED","OTHER","METAGENOMIC","RANDOM",16922762,2112566434,"WASHINGTON UNIVERSITY CENTER FOR GENOME SCIENCES","2022-04-13","2022-04-13","unspecified sequencing: Raw reads: TP06-02_Week3_Study1PeaFiber","An approach for evaluating the effects of dietary fiber polysaccharides on the human gut microbiome and plasma proteome","ena-STUDY-WASHINGTON UNIVERSITY CENTER FOR GENOME SCIENCES-30-03-2021-04:15:02:361-407","webin-reads-TP06-02_Week3_Study1PeaFiber","webin-reads-TP06-02_Week3_Study1PeaFiber","635487272;670194699","49e8beb72c0a5d08ce307520a00948d6;6f2198c12f35e566f0281860ea381cfe","ftp.sra.ebi.ac.uk/vol1/fastq/ERR595/004/ERR5956654/ERR5956654_1.fastq.gz;ftp.sra.ebi.ac.uk/vol1/fastq/ERR595/004/ERR5956654/ERR5956654_2.fastq.gz","fasp.sra.ebi.ac.uk:/vol1/fastq/ERR595/004/ERR5956654/ERR5956654_1.fastq.gz;fasp.sra.ebi.ac.uk:/vol1/fastq/ERR595/004/ERR5956654/ERR5956654_2.fastq.gz","ftp.sra.ebi.ac.uk/vol1/fastq/ERR595/004/ERR5956654/ERR5956654_1.fastq.gz;ftp.sra.ebi.ac.uk/vol1/fastq/ERR595/004/ERR5956654/ERR5956654_2.fastq.gz","612532864;647045988","3f82733da5a3800cc2736b39376bd6f0;681375169e4916bac2178788d86579ce","ftp.sra.ebi.ac.uk/vol1/run/ERR595/ERR5956654/TP06-02_TS1_Wk3_HF_CAT_R1.fq.gz;ftp.sra.ebi.ac.uk/vol1/run/ERR595/ERR5956654/TP06-02_TS1_Wk3_HF_CAT_R2.fq.gz","fasp.sra.ebi.ac.uk:/vol1/run/ERR595/ERR5956654/TP06-02_TS1_Wk3_HF_CAT_R1.fq.gz;fasp.sra.ebi.ac.uk:/vol1/run/ERR595/ERR5956654/TP06-02_TS1_Wk3_HF_CAT_R2.fq.gz","ftp.sra.ebi.ac.uk/vol1/run/ERR595/ERR5956654/TP06-02_TS1_Wk3_HF_CAT_R1.fq.gz;ftp.sra.ebi.ac.uk/vol1/run/ERR595/ERR5956654/TP06-02_TS1_Wk3_HF_CAT_R2.fq.gz","FASTQ;FASTQ",NA,NA,NA,NA,NA,"TP06-02_Week3_Study1PeaFiber",NA,"TP06-02","3","Study1PeaFiber",NA,"2021-05-22","ftp.sra.ebi.ac.uk/vol1/err/ERR595/004/ERR5956654.bam",1299312723,"d2bab02cad297dc72234a84b92d5b5a4"
"127","ERR5956655","ERP128019","SAMEA8793815","ERS6478165","ERX5597176","PRJEB44020","ERA4412331",256318,"metagenome","ILLUMINA","unspecified",NA,NA,"PAIRED","OTHER","METAGENOMIC","RANDOM",16421480,1989647097,"WASHINGTON UNIVERSITY CENTER FOR GENOME SCIENCES","2022-04-13","2022-04-13","unspecified sequencing: Raw reads: TP06-02_Week4_Study1PeaFiber","An approach for evaluating the effects of dietary fiber polysaccharides on the human gut microbiome and plasma proteome","ena-STUDY-WASHINGTON UNIVERSITY CENTER FOR GENOME SCIENCES-30-03-2021-04:15:02:361-407","webin-reads-TP06-02_Week4_Study1PeaFiber","webin-reads-TP06-02_Week4_Study1PeaFiber","597732499;627936534","086c1e0c84adb3c6084715e1ef548077;e9402edba5b8fc9229bf42c52c5705e1","ftp.sra.ebi.ac.uk/vol1/fastq/ERR595/005/ERR5956655/ERR5956655_1.fastq.gz;ftp.sra.ebi.ac.uk/vol1/fastq/ERR595/005/ERR5956655/ERR5956655_2.fastq.gz","fasp.sra.ebi.ac.uk:/vol1/fastq/ERR595/005/ERR5956655/ERR5956655_1.fastq.gz;fasp.sra.ebi.ac.uk:/vol1/fastq/ERR595/005/ERR5956655/ERR5956655_2.fastq.gz","ftp.sra.ebi.ac.uk/vol1/fastq/ERR595/005/ERR5956655/ERR5956655_1.fastq.gz;ftp.sra.ebi.ac.uk/vol1/fastq/ERR595/005/ERR5956655/ERR5956655_2.fastq.gz","575449353;605381290","48de18ea2e6f4a1ca5e0f6aa2e40c6fd;b38c5ad23ea1594466b3218cfdedb70d","ftp.sra.ebi.ac.uk/vol1/run/ERR595/ERR5956655/TP06-02_TS1_Wk4_HF_CAT_R1.fq.gz;ftp.sra.ebi.ac.uk/vol1/run/ERR595/ERR5956655/TP06-02_TS1_Wk4_HF_CAT_R2.fq.gz","fasp.sra.ebi.ac.uk:/vol1/run/ERR595/ERR5956655/TP06-02_TS1_Wk4_HF_CAT_R1.fq.gz;fasp.sra.ebi.ac.uk:/vol1/run/ERR595/ERR5956655/TP06-02_TS1_Wk4_HF_CAT_R2.fq.gz","ftp.sra.ebi.ac.uk/vol1/run/ERR595/ERR5956655/TP06-02_TS1_Wk4_HF_CAT_R1.fq.gz;ftp.sra.ebi.ac.uk/vol1/run/ERR595/ERR5956655/TP06-02_TS1_Wk4_HF_CAT_R2.fq.gz","FASTQ;FASTQ",NA,NA,NA,NA,NA,"TP06-02_Week4_Study1PeaFiber",NA,"TP06-02","4","Study1PeaFiber",NA,"2021-05-22","ftp.sra.ebi.ac.uk/vol1/err/ERR595/005/ERR5956655.bam",1218755805,"88be6750da94573db80eed30c6977d5f"
"128","ERR5956656","ERP128019","SAMEA8793816","ERS6478166","ERX5597177","PRJEB44020","ERA4412332",256318,"metagenome","ILLUMINA","unspecified",NA,NA,"PAIRED","OTHER","METAGENOMIC","RANDOM",16800256,1999982712,"WASHINGTON UNIVERSITY CENTER FOR GENOME SCIENCES","2022-04-13","2022-04-13","unspecified sequencing: Raw reads: TP06-02_Week5_Study1PeaFiber","An approach for evaluating the effects of dietary fiber polysaccharides on the human gut microbiome and plasma proteome","ena-STUDY-WASHINGTON UNIVERSITY CENTER FOR GENOME SCIENCES-30-03-2021-04:15:02:361-407","webin-reads-TP06-02_Week5_Study1PeaFiber","webin-reads-TP06-02_Week5_Study1PeaFiber","601577285;636355893","d9a5f433884858886047022487a3afee;0a026a86d8478d34a2d89309908f306d","ftp.sra.ebi.ac.uk/vol1/fastq/ERR595/006/ERR5956656/ERR5956656_1.fastq.gz;ftp.sra.ebi.ac.uk/vol1/fastq/ERR595/006/ERR5956656/ERR5956656_2.fastq.gz","fasp.sra.ebi.ac.uk:/vol1/fastq/ERR595/006/ERR5956656/ERR5956656_1.fastq.gz;fasp.sra.ebi.ac.uk:/vol1/fastq/ERR595/006/ERR5956656/ERR5956656_2.fastq.gz","ftp.sra.ebi.ac.uk/vol1/fastq/ERR595/006/ERR5956656/ERR5956656_1.fastq.gz;ftp.sra.ebi.ac.uk/vol1/fastq/ERR595/006/ERR5956656/ERR5956656_2.fastq.gz","578663542;613159927","f94a5e7e3c18bd29b0e643fc9aeffcba;049c5dd94ffa7a4c3247e1c2a07ee114","ftp.sra.ebi.ac.uk/vol1/run/ERR595/ERR5956656/TP06-02_TS1_Wk5_HF_CAT_R1.fq.gz;ftp.sra.ebi.ac.uk/vol1/run/ERR595/ERR5956656/TP06-02_TS1_Wk5_HF_CAT_R2.fq.gz","fasp.sra.ebi.ac.uk:/vol1/run/ERR595/ERR5956656/TP06-02_TS1_Wk5_HF_CAT_R1.fq.gz;fasp.sra.ebi.ac.uk:/vol1/run/ERR595/ERR5956656/TP06-02_TS1_Wk5_HF_CAT_R2.fq.gz","ftp.sra.ebi.ac.uk/vol1/run/ERR595/ERR5956656/TP06-02_TS1_Wk5_HF_CAT_R1.fq.gz;ftp.sra.ebi.ac.uk/vol1/run/ERR595/ERR5956656/TP06-02_TS1_Wk5_HF_CAT_R2.fq.gz","FASTQ;FASTQ",NA,NA,NA,NA,NA,"TP06-02_Week5_Study1PeaFiber",NA,"TP06-02","5","Study1PeaFiber",NA,"2021-05-22","ftp.sra.ebi.ac.uk/vol1/err/ERR595/006/ERR5956656.bam",1232457794,"f3b43c0efcb868fc6f074985b33d931b"
"129","ERR5956765","ERP128019","SAMEA8793911","ERS6478261","ERX5597286","PRJEB44020","ERA4412445",256318,"metagenome","ILLUMINA","unspecified",NA,NA,"PAIRED","OTHER","METAGENOMIC","RANDOM",19176764,2427796243,"WASHINGTON UNIVERSITY CENTER FOR GENOME SCIENCES","2022-04-13","2022-04-13","unspecified sequencing: Raw reads: TP06-02_Week5_Study2OrangeFiber","An approach for evaluating the effects of dietary fiber polysaccharides on the human gut microbiome and plasma proteome","ena-STUDY-WASHINGTON UNIVERSITY CENTER FOR GENOME SCIENCES-30-03-2021-04:15:02:361-407","webin-reads-TP06-02_Week5_Study2OrangeFiber","webin-reads-TP06-02_Week5_Study2OrangeFiber","768953584;864175450","f7d07e961311bab244ee82a6c8433c4c;432deb3ade92ca014575d30bf822c2b4","ftp.sra.ebi.ac.uk/vol1/fastq/ERR595/005/ERR5956765/ERR5956765_1.fastq.gz;ftp.sra.ebi.ac.uk/vol1/fastq/ERR595/005/ERR5956765/ERR5956765_2.fastq.gz","fasp.sra.ebi.ac.uk:/vol1/fastq/ERR595/005/ERR5956765/ERR5956765_1.fastq.gz;fasp.sra.ebi.ac.uk:/vol1/fastq/ERR595/005/ERR5956765/ERR5956765_2.fastq.gz","ftp.sra.ebi.ac.uk/vol1/fastq/ERR595/005/ERR5956765/ERR5956765_1.fastq.gz;ftp.sra.ebi.ac.uk/vol1/fastq/ERR595/005/ERR5956765/ERR5956765_2.fastq.gz","736235231;831858932","5de9292b9e44f64a325bef4978ccff39;0ecb689fd3840a8c6f61ff60c729a072","ftp.sra.ebi.ac.uk/vol1/run/ERR595/ERR5956765/TP06-02_TS2_Wk5_HF_CAT_R1.fq.gz;ftp.sra.ebi.ac.uk/vol1/run/ERR595/ERR5956765/TP06-02_TS2_Wk5_HF_CAT_R2.fq.gz","fasp.sra.ebi.ac.uk:/vol1/run/ERR595/ERR5956765/TP06-02_TS2_Wk5_HF_CAT_R1.fq.gz;fasp.sra.ebi.ac.uk:/vol1/run/ERR595/ERR5956765/TP06-02_TS2_Wk5_HF_CAT_R2.fq.gz","ftp.sra.ebi.ac.uk/vol1/run/ERR595/ERR5956765/TP06-02_TS2_Wk5_HF_CAT_R1.fq.gz;ftp.sra.ebi.ac.uk/vol1/run/ERR595/ERR5956765/TP06-02_TS2_Wk5_HF_CAT_R2.fq.gz","FASTQ;FASTQ",NA,NA,NA,NA,NA,"TP06-02_Week5_Study2OrangeFiber",NA,"TP06-02","5","Study2OrangeFiber",NA,"2021-05-23","ftp.sra.ebi.ac.uk/vol1/err/ERR595/005/ERR5956765.bam",1647921125,"c5819561d5de052aec384a9bd0585446"
"130","ERR5956657","ERP128019","SAMEA8793817","ERS6478167","ERX5597178","PRJEB44020","ERA4412333",256318,"metagenome","ILLUMINA","unspecified",NA,NA,"PAIRED","OTHER","METAGENOMIC","RANDOM",15181014,1823321021,"WASHINGTON UNIVERSITY CENTER FOR GENOME SCIENCES","2022-04-13","2022-04-13","unspecified sequencing: Raw reads: TP06-02_Week8_Study1PeaFiber","An approach for evaluating the effects of dietary fiber polysaccharides on the human gut microbiome and plasma proteome","ena-STUDY-WASHINGTON UNIVERSITY CENTER FOR GENOME SCIENCES-30-03-2021-04:15:02:361-407","webin-reads-TP06-02_Week8_Study1PeaFiber","webin-reads-TP06-02_Week8_Study1PeaFiber","548267856;573511815","e43ce4df8a6c6d9ae5689a684641638e;f899c50cc6c72e7da7beea2fb13c5875","ftp.sra.ebi.ac.uk/vol1/fastq/ERR595/007/ERR5956657/ERR5956657_1.fastq.gz;ftp.sra.ebi.ac.uk/vol1/fastq/ERR595/007/ERR5956657/ERR5956657_2.fastq.gz","fasp.sra.ebi.ac.uk:/vol1/fastq/ERR595/007/ERR5956657/ERR5956657_1.fastq.gz;fasp.sra.ebi.ac.uk:/vol1/fastq/ERR595/007/ERR5956657/ERR5956657_2.fastq.gz","ftp.sra.ebi.ac.uk/vol1/fastq/ERR595/007/ERR5956657/ERR5956657_1.fastq.gz;ftp.sra.ebi.ac.uk/vol1/fastq/ERR595/007/ERR5956657/ERR5956657_2.fastq.gz","527560244;552567250","89f69a74ca26bcea094493a5744573ad;3c3658601334742b66d3cacc5b6d85bb","ftp.sra.ebi.ac.uk/vol1/run/ERR595/ERR5956657/TP06-02_TS1_Wk8_HF_CAT_R1.fq.gz;ftp.sra.ebi.ac.uk/vol1/run/ERR595/ERR5956657/TP06-02_TS1_Wk8_HF_CAT_R2.fq.gz","fasp.sra.ebi.ac.uk:/vol1/run/ERR595/ERR5956657/TP06-02_TS1_Wk8_HF_CAT_R1.fq.gz;fasp.sra.ebi.ac.uk:/vol1/run/ERR595/ERR5956657/TP06-02_TS1_Wk8_HF_CAT_R2.fq.gz","ftp.sra.ebi.ac.uk/vol1/run/ERR595/ERR5956657/TP06-02_TS1_Wk8_HF_CAT_R1.fq.gz;ftp.sra.ebi.ac.uk/vol1/run/ERR595/ERR5956657/TP06-02_TS1_Wk8_HF_CAT_R2.fq.gz","FASTQ;FASTQ",NA,NA,NA,NA,NA,"TP06-02_Week8_Study1PeaFiber",NA,"TP06-02","8","Study1PeaFiber",NA,"2021-05-22","ftp.sra.ebi.ac.uk/vol1/err/ERR595/007/ERR5956657.bam",1115428820,"67991d1ac8057471e31189900fb7454e"
"131","ERR5956766","ERP128019","SAMEA8793912","ERS6478262","ERX5597287","PRJEB44020","ERA4412446",256318,"metagenome","ILLUMINA","unspecified",NA,NA,"PAIRED","OTHER","METAGENOMIC","RANDOM",20260616,2659248560,"WASHINGTON UNIVERSITY CENTER FOR GENOME SCIENCES","2022-04-13","2022-04-13","unspecified sequencing: Raw reads: TP06-02_Week8_Study2OrangeFiber","An approach for evaluating the effects of dietary fiber polysaccharides on the human gut microbiome and plasma proteome","ena-STUDY-WASHINGTON UNIVERSITY CENTER FOR GENOME SCIENCES-30-03-2021-04:15:02:361-407","webin-reads-TP06-02_Week8_Study2OrangeFiber","webin-reads-TP06-02_Week8_Study2OrangeFiber","800421519;922805411","8edbf3a1e4c052898c388b96f3b0b501;ecc7125e8636ca230a316ed752d1abbc","ftp.sra.ebi.ac.uk/vol1/fastq/ERR595/006/ERR5956766/ERR5956766_1.fastq.gz;ftp.sra.ebi.ac.uk/vol1/fastq/ERR595/006/ERR5956766/ERR5956766_2.fastq.gz","fasp.sra.ebi.ac.uk:/vol1/fastq/ERR595/006/ERR5956766/ERR5956766_1.fastq.gz;fasp.sra.ebi.ac.uk:/vol1/fastq/ERR595/006/ERR5956766/ERR5956766_2.fastq.gz","ftp.sra.ebi.ac.uk/vol1/fastq/ERR595/006/ERR5956766/ERR5956766_1.fastq.gz;ftp.sra.ebi.ac.uk/vol1/fastq/ERR595/006/ERR5956766/ERR5956766_2.fastq.gz","765152932;888069282","f116779073050d8f9141258c049692a1;15058c0230e6403728af3b8e36867c91","ftp.sra.ebi.ac.uk/vol1/run/ERR595/ERR5956766/TP06-02_TS2_Wk8_HF_CAT_R1.fq.gz;ftp.sra.ebi.ac.uk/vol1/run/ERR595/ERR5956766/TP06-02_TS2_Wk8_HF_CAT_R2.fq.gz","fasp.sra.ebi.ac.uk:/vol1/run/ERR595/ERR5956766/TP06-02_TS2_Wk8_HF_CAT_R1.fq.gz;fasp.sra.ebi.ac.uk:/vol1/run/ERR595/ERR5956766/TP06-02_TS2_Wk8_HF_CAT_R2.fq.gz","ftp.sra.ebi.ac.uk/vol1/run/ERR595/ERR5956766/TP06-02_TS2_Wk8_HF_CAT_R1.fq.gz;ftp.sra.ebi.ac.uk/vol1/run/ERR595/ERR5956766/TP06-02_TS2_Wk8_HF_CAT_R2.fq.gz","FASTQ;FASTQ",NA,NA,NA,NA,NA,"TP06-02_Week8_Study2OrangeFiber",NA,"TP06-02","8","Study2OrangeFiber",NA,"2021-05-23","ftp.sra.ebi.ac.uk/vol1/err/ERR595/006/ERR5956766.bam",1730285193,"02b13a198dcbf211edbfab915098fbc9"
"132","ERR5956658","ERP128019","SAMEA8793818","ERS6478168","ERX5597179","PRJEB44020","ERA4412334",256318,"metagenome","ILLUMINA","unspecified",NA,NA,"PAIRED","OTHER","METAGENOMIC","RANDOM",17199716,2076518259,"WASHINGTON UNIVERSITY CENTER FOR GENOME SCIENCES","2022-04-13","2022-04-13","unspecified sequencing: Raw reads: TP06-02_Week9_Study1PeaFiber","An approach for evaluating the effects of dietary fiber polysaccharides on the human gut microbiome and plasma proteome","ena-STUDY-WASHINGTON UNIVERSITY CENTER FOR GENOME SCIENCES-30-03-2021-04:15:02:361-407","webin-reads-TP06-02_Week9_Study1PeaFiber","webin-reads-TP06-02_Week9_Study1PeaFiber","627669631;659511000","c2466bfbbfb7c4aa0a1275571e5bd7ca;ebd09f32428df2e898752a1dae060dc4","ftp.sra.ebi.ac.uk/vol1/fastq/ERR595/008/ERR5956658/ERR5956658_1.fastq.gz;ftp.sra.ebi.ac.uk/vol1/fastq/ERR595/008/ERR5956658/ERR5956658_2.fastq.gz","fasp.sra.ebi.ac.uk:/vol1/fastq/ERR595/008/ERR5956658/ERR5956658_1.fastq.gz;fasp.sra.ebi.ac.uk:/vol1/fastq/ERR595/008/ERR5956658/ERR5956658_2.fastq.gz","ftp.sra.ebi.ac.uk/vol1/fastq/ERR595/008/ERR5956658/ERR5956658_1.fastq.gz;ftp.sra.ebi.ac.uk/vol1/fastq/ERR595/008/ERR5956658/ERR5956658_2.fastq.gz","604117572;635696813","f7a78a5697debf4d28bd06f6cfb42e29;6d90096acaed39ba6e71c4ff62049596","ftp.sra.ebi.ac.uk/vol1/run/ERR595/ERR5956658/TP06-02_TS1_Wk9_HF_CAT_R1.fq.gz;ftp.sra.ebi.ac.uk/vol1/run/ERR595/ERR5956658/TP06-02_TS1_Wk9_HF_CAT_R2.fq.gz","fasp.sra.ebi.ac.uk:/vol1/run/ERR595/ERR5956658/TP06-02_TS1_Wk9_HF_CAT_R1.fq.gz;fasp.sra.ebi.ac.uk:/vol1/run/ERR595/ERR5956658/TP06-02_TS1_Wk9_HF_CAT_R2.fq.gz","ftp.sra.ebi.ac.uk/vol1/run/ERR595/ERR5956658/TP06-02_TS1_Wk9_HF_CAT_R1.fq.gz;ftp.sra.ebi.ac.uk/vol1/run/ERR595/ERR5956658/TP06-02_TS1_Wk9_HF_CAT_R2.fq.gz","FASTQ;FASTQ",NA,NA,NA,NA,NA,"TP06-02_Week9_Study1PeaFiber",NA,"TP06-02","9","Study1PeaFiber",NA,"2021-05-22","ftp.sra.ebi.ac.uk/vol1/err/ERR595/008/ERR5956658.bam",1281565078,"028e6da38177681355168898971c4d7f"
"133","ERR5956660","ERP128019","SAMEA8793819","ERS6478169","ERX5597181","PRJEB44020","ERA4412336",256318,"metagenome","ILLUMINA","unspecified",NA,NA,"PAIRED","OTHER","METAGENOMIC","RANDOM",16677630,1952736770,"WASHINGTON UNIVERSITY CENTER FOR GENOME SCIENCES","2022-04-13","2022-04-13","unspecified sequencing: Raw reads: TP07-01_Week1_Study1PeaFiber","An approach for evaluating the effects of dietary fiber polysaccharides on the human gut microbiome and plasma proteome","ena-STUDY-WASHINGTON UNIVERSITY CENTER FOR GENOME SCIENCES-30-03-2021-04:15:02:361-407","webin-reads-TP07-01_Week1_Study1PeaFiber","webin-reads-TP07-01_Week1_Study1PeaFiber","593585410;614382521","3d55ec7f87ae892e9740c769e0c7f57d;45b0556adfda9bf9b042861b9d8d8525","ftp.sra.ebi.ac.uk/vol1/fastq/ERR595/000/ERR5956660/ERR5956660_1.fastq.gz;ftp.sra.ebi.ac.uk/vol1/fastq/ERR595/000/ERR5956660/ERR5956660_2.fastq.gz","fasp.sra.ebi.ac.uk:/vol1/fastq/ERR595/000/ERR5956660/ERR5956660_1.fastq.gz;fasp.sra.ebi.ac.uk:/vol1/fastq/ERR595/000/ERR5956660/ERR5956660_2.fastq.gz","ftp.sra.ebi.ac.uk/vol1/fastq/ERR595/000/ERR5956660/ERR5956660_1.fastq.gz;ftp.sra.ebi.ac.uk/vol1/fastq/ERR595/000/ERR5956660/ERR5956660_2.fastq.gz","570395662;590978260","406ed62ea794441b69c86e457038939f;50c358643c4243bc70c3691687ee81cc","ftp.sra.ebi.ac.uk/vol1/run/ERR595/ERR5956660/TP07-01_TS1_Wk1_HF_CAT_R1.fq.gz;ftp.sra.ebi.ac.uk/vol1/run/ERR595/ERR5956660/TP07-01_TS1_Wk1_HF_CAT_R2.fq.gz","fasp.sra.ebi.ac.uk:/vol1/run/ERR595/ERR5956660/TP07-01_TS1_Wk1_HF_CAT_R1.fq.gz;fasp.sra.ebi.ac.uk:/vol1/run/ERR595/ERR5956660/TP07-01_TS1_Wk1_HF_CAT_R2.fq.gz","ftp.sra.ebi.ac.uk/vol1/run/ERR595/ERR5956660/TP07-01_TS1_Wk1_HF_CAT_R1.fq.gz;ftp.sra.ebi.ac.uk/vol1/run/ERR595/ERR5956660/TP07-01_TS1_Wk1_HF_CAT_R2.fq.gz","FASTQ;FASTQ",NA,NA,NA,NA,NA,"TP07-01_Week1_Study1PeaFiber",NA,"TP07-01","1","Study1PeaFiber",NA,"2021-05-22","ftp.sra.ebi.ac.uk/vol1/err/ERR595/000/ERR5956660.bam",1204408669,"58ed3afa96e6ab24613c43447ec4f3a3"
"134","ERR5956740","ERP128019","SAMEA8793889","ERS6478239","ERX5597261","PRJEB44020","ERA4412418",256318,"metagenome","ILLUMINA","unspecified",NA,NA,"PAIRED","OTHER","METAGENOMIC","RANDOM",20691148,2590835279,"WASHINGTON UNIVERSITY CENTER FOR GENOME SCIENCES","2022-04-13","2022-04-13","unspecified sequencing: Raw reads: TP07-01_Week1_Study2OrangeFiber","An approach for evaluating the effects of dietary fiber polysaccharides on the human gut microbiome and plasma proteome","ena-STUDY-WASHINGTON UNIVERSITY CENTER FOR GENOME SCIENCES-30-03-2021-04:15:02:361-407","webin-reads-TP07-01_Week1_Study2OrangeFiber","webin-reads-TP07-01_Week1_Study2OrangeFiber","794021239;905869676","a73ab37ea81a8413e8629f13366d6d22;1061e2ccdfe28421ce70d563032fd5c7","ftp.sra.ebi.ac.uk/vol1/fastq/ERR595/000/ERR5956740/ERR5956740_1.fastq.gz;ftp.sra.ebi.ac.uk/vol1/fastq/ERR595/000/ERR5956740/ERR5956740_2.fastq.gz","fasp.sra.ebi.ac.uk:/vol1/fastq/ERR595/000/ERR5956740/ERR5956740_1.fastq.gz;fasp.sra.ebi.ac.uk:/vol1/fastq/ERR595/000/ERR5956740/ERR5956740_2.fastq.gz","ftp.sra.ebi.ac.uk/vol1/fastq/ERR595/000/ERR5956740/ERR5956740_1.fastq.gz;ftp.sra.ebi.ac.uk/vol1/fastq/ERR595/000/ERR5956740/ERR5956740_2.fastq.gz","759063780;871416895","6265f1f9774ffdf0883bbd9e01f1a6d3;683311e8bbd070806ef18b2d0cf28e94","ftp.sra.ebi.ac.uk/vol1/run/ERR595/ERR5956740/TP07-01_TS2_Wk1_HF_CAT_R1.fq.gz;ftp.sra.ebi.ac.uk/vol1/run/ERR595/ERR5956740/TP07-01_TS2_Wk1_HF_CAT_R2.fq.gz","fasp.sra.ebi.ac.uk:/vol1/run/ERR595/ERR5956740/TP07-01_TS2_Wk1_HF_CAT_R1.fq.gz;fasp.sra.ebi.ac.uk:/vol1/run/ERR595/ERR5956740/TP07-01_TS2_Wk1_HF_CAT_R2.fq.gz","ftp.sra.ebi.ac.uk/vol1/run/ERR595/ERR5956740/TP07-01_TS2_Wk1_HF_CAT_R1.fq.gz;ftp.sra.ebi.ac.uk/vol1/run/ERR595/ERR5956740/TP07-01_TS2_Wk1_HF_CAT_R2.fq.gz","FASTQ;FASTQ",NA,NA,NA,NA,NA,"TP07-01_Week1_Study2OrangeFiber",NA,"TP07-01","1","Study2OrangeFiber",NA,"2021-05-23","ftp.sra.ebi.ac.uk/vol1/err/ERR595/000/ERR5956740.bam",1713186475,"3269c36aacadaf5a56501080bc7ae8dd"
"135","ERR5956661","ERP128019","SAMEA8793820","ERS6478170","ERX5597182","PRJEB44020","ERA4412337",256318,"metagenome","ILLUMINA","unspecified",NA,NA,"PAIRED","OTHER","METAGENOMIC","RANDOM",17295562,2127778174,"WASHINGTON UNIVERSITY CENTER FOR GENOME SCIENCES","2022-04-13","2022-04-13","unspecified sequencing: Raw reads: TP07-01_Week2_Study1PeaFiber","An approach for evaluating the effects of dietary fiber polysaccharides on the human gut microbiome and plasma proteome","ena-STUDY-WASHINGTON UNIVERSITY CENTER FOR GENOME SCIENCES-30-03-2021-04:15:02:361-407","webin-reads-TP07-01_Week2_Study1PeaFiber","webin-reads-TP07-01_Week2_Study1PeaFiber","652547438;672593833","f1afd4a1f7419e1a9e5129d65b9b3e4e;b368b387b1fc080cf0db0b82500574d2","ftp.sra.ebi.ac.uk/vol1/fastq/ERR595/001/ERR5956661/ERR5956661_1.fastq.gz;ftp.sra.ebi.ac.uk/vol1/fastq/ERR595/001/ERR5956661/ERR5956661_2.fastq.gz","fasp.sra.ebi.ac.uk:/vol1/fastq/ERR595/001/ERR5956661/ERR5956661_1.fastq.gz;fasp.sra.ebi.ac.uk:/vol1/fastq/ERR595/001/ERR5956661/ERR5956661_2.fastq.gz","ftp.sra.ebi.ac.uk/vol1/fastq/ERR595/001/ERR5956661/ERR5956661_1.fastq.gz;ftp.sra.ebi.ac.uk/vol1/fastq/ERR595/001/ERR5956661/ERR5956661_2.fastq.gz","628676328;648441984","fe79787c9f8ce12ed829e4044024388c;50f278ce9d305b90af730f27c51ef8d0","ftp.sra.ebi.ac.uk/vol1/run/ERR595/ERR5956661/TP07-01_TS1_Wk2_HF_CAT_R1.fq.gz;ftp.sra.ebi.ac.uk/vol1/run/ERR595/ERR5956661/TP07-01_TS1_Wk2_HF_CAT_R2.fq.gz","fasp.sra.ebi.ac.uk:/vol1/run/ERR595/ERR5956661/TP07-01_TS1_Wk2_HF_CAT_R1.fq.gz;fasp.sra.ebi.ac.uk:/vol1/run/ERR595/ERR5956661/TP07-01_TS1_Wk2_HF_CAT_R2.fq.gz","ftp.sra.ebi.ac.uk/vol1/run/ERR595/ERR5956661/TP07-01_TS1_Wk2_HF_CAT_R1.fq.gz;ftp.sra.ebi.ac.uk/vol1/run/ERR595/ERR5956661/TP07-01_TS1_Wk2_HF_CAT_R2.fq.gz","FASTQ;FASTQ",NA,NA,NA,NA,NA,"TP07-01_Week2_Study1PeaFiber",NA,"TP07-01","2","Study1PeaFiber",NA,"2021-05-22","ftp.sra.ebi.ac.uk/vol1/err/ERR595/001/ERR5956661.bam",1319808352,"41f6d585c527681f01cefc2451a67163"
"136","ERR5956742","ERP128019","SAMEA8793890","ERS6478240","ERX5597263","PRJEB44020","ERA4412420",256318,"metagenome","ILLUMINA","unspecified",NA,NA,"PAIRED","OTHER","METAGENOMIC","RANDOM",20433904,2640368025,"WASHINGTON UNIVERSITY CENTER FOR GENOME SCIENCES","2022-04-13","2022-04-13","unspecified sequencing: Raw reads: TP07-01_Week2_Study2OrangeFiber","An approach for evaluating the effects of dietary fiber polysaccharides on the human gut microbiome and plasma proteome","ena-STUDY-WASHINGTON UNIVERSITY CENTER FOR GENOME SCIENCES-30-03-2021-04:15:02:361-407","webin-reads-TP07-01_Week2_Study2OrangeFiber","webin-reads-TP07-01_Week2_Study2OrangeFiber","850097388;938487958","c7802fe594d14d94bbdae2eae08139f2;ec95540142b9cde79ccc1c5d6fefc6fd","ftp.sra.ebi.ac.uk/vol1/fastq/ERR595/002/ERR5956742/ERR5956742_1.fastq.gz;ftp.sra.ebi.ac.uk/vol1/fastq/ERR595/002/ERR5956742/ERR5956742_2.fastq.gz","fasp.sra.ebi.ac.uk:/vol1/fastq/ERR595/002/ERR5956742/ERR5956742_1.fastq.gz;fasp.sra.ebi.ac.uk:/vol1/fastq/ERR595/002/ERR5956742/ERR5956742_2.fastq.gz","ftp.sra.ebi.ac.uk/vol1/fastq/ERR595/002/ERR5956742/ERR5956742_1.fastq.gz;ftp.sra.ebi.ac.uk/vol1/fastq/ERR595/002/ERR5956742/ERR5956742_2.fastq.gz","814823416;903693335","96b715756f8134fddd6d564c2bc8b4c9;4eded79d4acd847b68695d13cabba384","ftp.sra.ebi.ac.uk/vol1/run/ERR595/ERR5956742/TP07-01_TS2_Wk2_HF_CAT_R1.fq.gz;ftp.sra.ebi.ac.uk/vol1/run/ERR595/ERR5956742/TP07-01_TS2_Wk2_HF_CAT_R2.fq.gz","fasp.sra.ebi.ac.uk:/vol1/run/ERR595/ERR5956742/TP07-01_TS2_Wk2_HF_CAT_R1.fq.gz;fasp.sra.ebi.ac.uk:/vol1/run/ERR595/ERR5956742/TP07-01_TS2_Wk2_HF_CAT_R2.fq.gz","ftp.sra.ebi.ac.uk/vol1/run/ERR595/ERR5956742/TP07-01_TS2_Wk2_HF_CAT_R1.fq.gz;ftp.sra.ebi.ac.uk/vol1/run/ERR595/ERR5956742/TP07-01_TS2_Wk2_HF_CAT_R2.fq.gz","FASTQ;FASTQ",NA,NA,NA,NA,NA,"TP07-01_Week2_Study2OrangeFiber",NA,"TP07-01","2","Study2OrangeFiber",NA,"2021-05-23","ftp.sra.ebi.ac.uk/vol1/err/ERR595/002/ERR5956742.bam",1804511801,"f1df903eb1debdf3ae9ccc5c4f33d1eb"
"137","ERR5956662","ERP128019","SAMEA8793821","ERS6478171","ERX5597183","PRJEB44020","ERA4412338",256318,"metagenome","ILLUMINA","unspecified",NA,NA,"PAIRED","OTHER","METAGENOMIC","RANDOM",15960918,1893885980,"WASHINGTON UNIVERSITY CENTER FOR GENOME SCIENCES","2022-04-13","2022-04-13","unspecified sequencing: Raw reads: TP07-01_Week3_Study1PeaFiber","An approach for evaluating the effects of dietary fiber polysaccharides on the human gut microbiome and plasma proteome","ena-STUDY-WASHINGTON UNIVERSITY CENTER FOR GENOME SCIENCES-30-03-2021-04:15:02:361-407","webin-reads-TP07-01_Week3_Study1PeaFiber","webin-reads-TP07-01_Week3_Study1PeaFiber","579471415;599636772","5dc48f4ac95ec6dd3816dba0cef52489;c5cd476d10baab7d766178e31895b671","ftp.sra.ebi.ac.uk/vol1/fastq/ERR595/002/ERR5956662/ERR5956662_1.fastq.gz;ftp.sra.ebi.ac.uk/vol1/fastq/ERR595/002/ERR5956662/ERR5956662_2.fastq.gz","fasp.sra.ebi.ac.uk:/vol1/fastq/ERR595/002/ERR5956662/ERR5956662_1.fastq.gz;fasp.sra.ebi.ac.uk:/vol1/fastq/ERR595/002/ERR5956662/ERR5956662_2.fastq.gz","ftp.sra.ebi.ac.uk/vol1/fastq/ERR595/002/ERR5956662/ERR5956662_1.fastq.gz;ftp.sra.ebi.ac.uk/vol1/fastq/ERR595/002/ERR5956662/ERR5956662_2.fastq.gz","557440103;577403984","42c6d9419cf5c165540789a06c4d284d;639b58280db422f9c0985ea234765fa6","ftp.sra.ebi.ac.uk/vol1/run/ERR595/ERR5956662/TP07-01_TS1_Wk3_HF_CAT_R1.fq.gz;ftp.sra.ebi.ac.uk/vol1/run/ERR595/ERR5956662/TP07-01_TS1_Wk3_HF_CAT_R2.fq.gz","fasp.sra.ebi.ac.uk:/vol1/run/ERR595/ERR5956662/TP07-01_TS1_Wk3_HF_CAT_R1.fq.gz;fasp.sra.ebi.ac.uk:/vol1/run/ERR595/ERR5956662/TP07-01_TS1_Wk3_HF_CAT_R2.fq.gz","ftp.sra.ebi.ac.uk/vol1/run/ERR595/ERR5956662/TP07-01_TS1_Wk3_HF_CAT_R1.fq.gz;ftp.sra.ebi.ac.uk/vol1/run/ERR595/ERR5956662/TP07-01_TS1_Wk3_HF_CAT_R2.fq.gz","FASTQ;FASTQ",NA,NA,NA,NA,NA,"TP07-01_Week3_Study1PeaFiber",NA,"TP07-01","3","Study1PeaFiber",NA,"2021-05-22","ftp.sra.ebi.ac.uk/vol1/err/ERR595/002/ERR5956662.bam",1175796672,"30bf74b5e2efd183565936d9b9fdd372"
"138","ERR5956663","ERP128019","SAMEA8793822","ERS6478172","ERX5597184","PRJEB44020","ERA4412339",256318,"metagenome","ILLUMINA","unspecified",NA,NA,"PAIRED","OTHER","METAGENOMIC","RANDOM",16634608,1991575937,"WASHINGTON UNIVERSITY CENTER FOR GENOME SCIENCES","2022-04-13","2022-04-13","unspecified sequencing: Raw reads: TP07-01_Week4_Study1PeaFiber","An approach for evaluating the effects of dietary fiber polysaccharides on the human gut microbiome and plasma proteome","ena-STUDY-WASHINGTON UNIVERSITY CENTER FOR GENOME SCIENCES-30-03-2021-04:15:02:361-407","webin-reads-TP07-01_Week4_Study1PeaFiber","webin-reads-TP07-01_Week4_Study1PeaFiber","600840183;624342445","76bef77d3985f0d8a21f22ee7b3f97f0;b51173419155594ee424131eb28127e3","ftp.sra.ebi.ac.uk/vol1/fastq/ERR595/003/ERR5956663/ERR5956663_1.fastq.gz;ftp.sra.ebi.ac.uk/vol1/fastq/ERR595/003/ERR5956663/ERR5956663_2.fastq.gz","fasp.sra.ebi.ac.uk:/vol1/fastq/ERR595/003/ERR5956663/ERR5956663_1.fastq.gz;fasp.sra.ebi.ac.uk:/vol1/fastq/ERR595/003/ERR5956663/ERR5956663_2.fastq.gz","ftp.sra.ebi.ac.uk/vol1/fastq/ERR595/003/ERR5956663/ERR5956663_1.fastq.gz;ftp.sra.ebi.ac.uk/vol1/fastq/ERR595/003/ERR5956663/ERR5956663_2.fastq.gz","577969200;601216404","1e40151f682f790d52ea8843c26c4c53;a660aae629f89cbd41dbb36d33ca05ad","ftp.sra.ebi.ac.uk/vol1/run/ERR595/ERR5956663/TP07-01_TS1_Wk4_HF_CAT_R1.fq.gz;ftp.sra.ebi.ac.uk/vol1/run/ERR595/ERR5956663/TP07-01_TS1_Wk4_HF_CAT_R2.fq.gz","fasp.sra.ebi.ac.uk:/vol1/run/ERR595/ERR5956663/TP07-01_TS1_Wk4_HF_CAT_R1.fq.gz;fasp.sra.ebi.ac.uk:/vol1/run/ERR595/ERR5956663/TP07-01_TS1_Wk4_HF_CAT_R2.fq.gz","ftp.sra.ebi.ac.uk/vol1/run/ERR595/ERR5956663/TP07-01_TS1_Wk4_HF_CAT_R1.fq.gz;ftp.sra.ebi.ac.uk/vol1/run/ERR595/ERR5956663/TP07-01_TS1_Wk4_HF_CAT_R2.fq.gz","FASTQ;FASTQ",NA,NA,NA,NA,NA,"TP07-01_Week4_Study1PeaFiber",NA,"TP07-01","4","Study1PeaFiber",NA,"2021-05-22","ftp.sra.ebi.ac.uk/vol1/err/ERR595/003/ERR5956663.bam",1220455867,"220b364487dc6fb04b0dc3f35b92aea6"
"139","ERR5956664","ERP128019","SAMEA8793823","ERS6478173","ERX5597185","PRJEB44020","ERA4412340",256318,"metagenome","ILLUMINA","unspecified",NA,NA,"PAIRED","OTHER","METAGENOMIC","RANDOM",16772756,2014418465,"WASHINGTON UNIVERSITY CENTER FOR GENOME SCIENCES","2022-04-13","2022-04-13","unspecified sequencing: Raw reads: TP07-01_Week5_Study1PeaFiber","An approach for evaluating the effects of dietary fiber polysaccharides on the human gut microbiome and plasma proteome","ena-STUDY-WASHINGTON UNIVERSITY CENTER FOR GENOME SCIENCES-30-03-2021-04:15:02:361-407","webin-reads-TP07-01_Week5_Study1PeaFiber","webin-reads-TP07-01_Week5_Study1PeaFiber","607643894;631421161","1a7cdd6f1c00698f0326bdd828d07f12;286f08698b8190e1b8582f34e5241b12","ftp.sra.ebi.ac.uk/vol1/fastq/ERR595/004/ERR5956664/ERR5956664_1.fastq.gz;ftp.sra.ebi.ac.uk/vol1/fastq/ERR595/004/ERR5956664/ERR5956664_2.fastq.gz","fasp.sra.ebi.ac.uk:/vol1/fastq/ERR595/004/ERR5956664/ERR5956664_1.fastq.gz;fasp.sra.ebi.ac.uk:/vol1/fastq/ERR595/004/ERR5956664/ERR5956664_2.fastq.gz","ftp.sra.ebi.ac.uk/vol1/fastq/ERR595/004/ERR5956664/ERR5956664_1.fastq.gz;ftp.sra.ebi.ac.uk/vol1/fastq/ERR595/004/ERR5956664/ERR5956664_2.fastq.gz","584434295;607980211","0e5ed8f027ccff43b32c3da3c7ac1660;e8aecc672625ba89b8db51504126a27a","ftp.sra.ebi.ac.uk/vol1/run/ERR595/ERR5956664/TP07-01_TS1_Wk5_HF_CAT_R1.fq.gz;ftp.sra.ebi.ac.uk/vol1/run/ERR595/ERR5956664/TP07-01_TS1_Wk5_HF_CAT_R2.fq.gz","fasp.sra.ebi.ac.uk:/vol1/run/ERR595/ERR5956664/TP07-01_TS1_Wk5_HF_CAT_R1.fq.gz;fasp.sra.ebi.ac.uk:/vol1/run/ERR595/ERR5956664/TP07-01_TS1_Wk5_HF_CAT_R2.fq.gz","ftp.sra.ebi.ac.uk/vol1/run/ERR595/ERR5956664/TP07-01_TS1_Wk5_HF_CAT_R1.fq.gz;ftp.sra.ebi.ac.uk/vol1/run/ERR595/ERR5956664/TP07-01_TS1_Wk5_HF_CAT_R2.fq.gz","FASTQ;FASTQ",NA,NA,NA,NA,NA,"TP07-01_Week5_Study1PeaFiber",NA,"TP07-01","5","Study1PeaFiber",NA,"2021-05-22","ftp.sra.ebi.ac.uk/vol1/err/ERR595/004/ERR5956664.bam",1234145431,"32aeed1aa5ea341e408a20ea45b93419"
"140","ERR5956743","ERP128019","SAMEA8793891","ERS6478241","ERX5597264","PRJEB44020","ERA4412421",256318,"metagenome","ILLUMINA","unspecified",NA,NA,"PAIRED","OTHER","METAGENOMIC","RANDOM",19939256,2570310722,"WASHINGTON UNIVERSITY CENTER FOR GENOME SCIENCES","2022-04-13","2022-04-13","unspecified sequencing: Raw reads: TP07-01_Week5_Study2OrangeFiber","An approach for evaluating the effects of dietary fiber polysaccharides on the human gut microbiome and plasma proteome","ena-STUDY-WASHINGTON UNIVERSITY CENTER FOR GENOME SCIENCES-30-03-2021-04:15:02:361-407","webin-reads-TP07-01_Week5_Study2OrangeFiber","webin-reads-TP07-01_Week5_Study2OrangeFiber","787542648;898344931","ff71c2dfb125779a82f582567db8bfe5;a014a03ef9f775613418083bb1f2659b","ftp.sra.ebi.ac.uk/vol1/fastq/ERR595/003/ERR5956743/ERR5956743_1.fastq.gz;ftp.sra.ebi.ac.uk/vol1/fastq/ERR595/003/ERR5956743/ERR5956743_2.fastq.gz","fasp.sra.ebi.ac.uk:/vol1/fastq/ERR595/003/ERR5956743/ERR5956743_1.fastq.gz;fasp.sra.ebi.ac.uk:/vol1/fastq/ERR595/003/ERR5956743/ERR5956743_2.fastq.gz","ftp.sra.ebi.ac.uk/vol1/fastq/ERR595/003/ERR5956743/ERR5956743_1.fastq.gz;ftp.sra.ebi.ac.uk/vol1/fastq/ERR595/003/ERR5956743/ERR5956743_2.fastq.gz","752741460;864023218","0c3ac58e828578d80552fc3ca5b3341e;be313ef698670cb60933c4abff3ef7e2","ftp.sra.ebi.ac.uk/vol1/run/ERR595/ERR5956743/TP07-01_TS2_Wk5_HF_CAT_R1.fq.gz;ftp.sra.ebi.ac.uk/vol1/run/ERR595/ERR5956743/TP07-01_TS2_Wk5_HF_CAT_R2.fq.gz","fasp.sra.ebi.ac.uk:/vol1/run/ERR595/ERR5956743/TP07-01_TS2_Wk5_HF_CAT_R1.fq.gz;fasp.sra.ebi.ac.uk:/vol1/run/ERR595/ERR5956743/TP07-01_TS2_Wk5_HF_CAT_R2.fq.gz","ftp.sra.ebi.ac.uk/vol1/run/ERR595/ERR5956743/TP07-01_TS2_Wk5_HF_CAT_R1.fq.gz;ftp.sra.ebi.ac.uk/vol1/run/ERR595/ERR5956743/TP07-01_TS2_Wk5_HF_CAT_R2.fq.gz","FASTQ;FASTQ",NA,NA,NA,NA,NA,"TP07-01_Week5_Study2OrangeFiber",NA,"TP07-01","5","Study2OrangeFiber",NA,"2021-05-23","ftp.sra.ebi.ac.uk/vol1/err/ERR595/003/ERR5956743.bam",1696381849,"079e12a3efd21daa212f1db8527474da"
"141","ERR5956665","ERP128019","SAMEA8793824","ERS6478174","ERX5597186","PRJEB44020","ERA4412341",256318,"metagenome","ILLUMINA","unspecified",NA,NA,"PAIRED","OTHER","METAGENOMIC","RANDOM",15939424,1917051447,"WASHINGTON UNIVERSITY CENTER FOR GENOME SCIENCES","2022-04-13","2022-04-13","unspecified sequencing: Raw reads: TP07-01_Week8_Study1PeaFiber","An approach for evaluating the effects of dietary fiber polysaccharides on the human gut microbiome and plasma proteome","ena-STUDY-WASHINGTON UNIVERSITY CENTER FOR GENOME SCIENCES-30-03-2021-04:15:02:361-407","webin-reads-TP07-01_Week8_Study1PeaFiber","webin-reads-TP07-01_Week8_Study1PeaFiber","570834610;592277906","9d6c830691ecdc8a6f221d9c70460c2c;0239bf6ca2e588a888038ed1740630fe","ftp.sra.ebi.ac.uk/vol1/fastq/ERR595/005/ERR5956665/ERR5956665_1.fastq.gz;ftp.sra.ebi.ac.uk/vol1/fastq/ERR595/005/ERR5956665/ERR5956665_2.fastq.gz","fasp.sra.ebi.ac.uk:/vol1/fastq/ERR595/005/ERR5956665/ERR5956665_1.fastq.gz;fasp.sra.ebi.ac.uk:/vol1/fastq/ERR595/005/ERR5956665/ERR5956665_2.fastq.gz","ftp.sra.ebi.ac.uk/vol1/fastq/ERR595/005/ERR5956665/ERR5956665_1.fastq.gz;ftp.sra.ebi.ac.uk/vol1/fastq/ERR595/005/ERR5956665/ERR5956665_2.fastq.gz","548748676;569978307","5ff5e2c3bc7b9b7e37d801177f73d846;ca7228270edb9f56e0cd9645e347e2de","ftp.sra.ebi.ac.uk/vol1/run/ERR595/ERR5956665/TP07-01_TS1_Wk8_HF_CAT_R1.fq.gz;ftp.sra.ebi.ac.uk/vol1/run/ERR595/ERR5956665/TP07-01_TS1_Wk8_HF_CAT_R2.fq.gz","fasp.sra.ebi.ac.uk:/vol1/run/ERR595/ERR5956665/TP07-01_TS1_Wk8_HF_CAT_R1.fq.gz;fasp.sra.ebi.ac.uk:/vol1/run/ERR595/ERR5956665/TP07-01_TS1_Wk8_HF_CAT_R2.fq.gz","ftp.sra.ebi.ac.uk/vol1/run/ERR595/ERR5956665/TP07-01_TS1_Wk8_HF_CAT_R1.fq.gz;ftp.sra.ebi.ac.uk/vol1/run/ERR595/ERR5956665/TP07-01_TS1_Wk8_HF_CAT_R2.fq.gz","FASTQ;FASTQ",NA,NA,NA,NA,NA,"TP07-01_Week8_Study1PeaFiber",NA,"TP07-01","8","Study1PeaFiber",NA,"2021-05-22","ftp.sra.ebi.ac.uk/vol1/err/ERR595/005/ERR5956665.bam",1155456466,"13a48fc879ec12ce16e4f1c7e3243204"
"142","ERR5956744","ERP128019","SAMEA8793892","ERS6478242","ERX5597265","PRJEB44020","ERA4412422",256318,"metagenome","ILLUMINA","unspecified",NA,NA,"PAIRED","OTHER","METAGENOMIC","RANDOM",19591498,2455528191,"WASHINGTON UNIVERSITY CENTER FOR GENOME SCIENCES","2022-04-13","2022-04-13","unspecified sequencing: Raw reads: TP07-01_Week8_Study2OrangeFiber","An approach for evaluating the effects of dietary fiber polysaccharides on the human gut microbiome and plasma proteome","ena-STUDY-WASHINGTON UNIVERSITY CENTER FOR GENOME SCIENCES-30-03-2021-04:15:02:361-407","webin-reads-TP07-01_Week8_Study2OrangeFiber","webin-reads-TP07-01_Week8_Study2OrangeFiber","763407473;860909302","68aabf8733153786611ba2ae52a3e612;792eb0a91dedc726979ca421ddcb7def","ftp.sra.ebi.ac.uk/vol1/fastq/ERR595/004/ERR5956744/ERR5956744_1.fastq.gz;ftp.sra.ebi.ac.uk/vol1/fastq/ERR595/004/ERR5956744/ERR5956744_2.fastq.gz","fasp.sra.ebi.ac.uk:/vol1/fastq/ERR595/004/ERR5956744/ERR5956744_1.fastq.gz;fasp.sra.ebi.ac.uk:/vol1/fastq/ERR595/004/ERR5956744/ERR5956744_2.fastq.gz","ftp.sra.ebi.ac.uk/vol1/fastq/ERR595/004/ERR5956744/ERR5956744_1.fastq.gz;ftp.sra.ebi.ac.uk/vol1/fastq/ERR595/004/ERR5956744/ERR5956744_2.fastq.gz","729633796;827463888","72f3fbe35a9448f1ddc345099b8facae;3f46c2d2c36c280975e3858693352958","ftp.sra.ebi.ac.uk/vol1/run/ERR595/ERR5956744/TP07-01_TS2_Wk8_HF_CAT_R1.fq.gz;ftp.sra.ebi.ac.uk/vol1/run/ERR595/ERR5956744/TP07-01_TS2_Wk8_HF_CAT_R2.fq.gz","fasp.sra.ebi.ac.uk:/vol1/run/ERR595/ERR5956744/TP07-01_TS2_Wk8_HF_CAT_R1.fq.gz;fasp.sra.ebi.ac.uk:/vol1/run/ERR595/ERR5956744/TP07-01_TS2_Wk8_HF_CAT_R2.fq.gz","ftp.sra.ebi.ac.uk/vol1/run/ERR595/ERR5956744/TP07-01_TS2_Wk8_HF_CAT_R1.fq.gz;ftp.sra.ebi.ac.uk/vol1/run/ERR595/ERR5956744/TP07-01_TS2_Wk8_HF_CAT_R2.fq.gz","FASTQ;FASTQ",NA,NA,NA,NA,NA,"TP07-01_Week8_Study2OrangeFiber",NA,"TP07-01","8","Study2OrangeFiber",NA,"2021-05-23","ftp.sra.ebi.ac.uk/vol1/err/ERR595/004/ERR5956744.bam",1637562392,"d84146e71feece743a1a9b40f75da4dd"
"143","ERR5956666","ERP128019","SAMEA8793825","ERS6478175","ERX5597187","PRJEB44020","ERA4412342",256318,"metagenome","ILLUMINA","unspecified",NA,NA,"PAIRED","OTHER","METAGENOMIC","RANDOM",17204580,2150745489,"WASHINGTON UNIVERSITY CENTER FOR GENOME SCIENCES","2022-04-13","2022-04-13","unspecified sequencing: Raw reads: TP07-01_Week9_Study1PeaFiber","An approach for evaluating the effects of dietary fiber polysaccharides on the human gut microbiome and plasma proteome","ena-STUDY-WASHINGTON UNIVERSITY CENTER FOR GENOME SCIENCES-30-03-2021-04:15:02:361-407","webin-reads-TP07-01_Week9_Study1PeaFiber","webin-reads-TP07-01_Week9_Study1PeaFiber","640144673;664841191","3cf955c60b35139f42fd38116bcc3b45;94138d21b9012615ec054193f0738699","ftp.sra.ebi.ac.uk/vol1/fastq/ERR595/006/ERR5956666/ERR5956666_1.fastq.gz;ftp.sra.ebi.ac.uk/vol1/fastq/ERR595/006/ERR5956666/ERR5956666_2.fastq.gz","fasp.sra.ebi.ac.uk:/vol1/fastq/ERR595/006/ERR5956666/ERR5956666_1.fastq.gz;fasp.sra.ebi.ac.uk:/vol1/fastq/ERR595/006/ERR5956666/ERR5956666_2.fastq.gz","ftp.sra.ebi.ac.uk/vol1/fastq/ERR595/006/ERR5956666/ERR5956666_1.fastq.gz;ftp.sra.ebi.ac.uk/vol1/fastq/ERR595/006/ERR5956666/ERR5956666_2.fastq.gz","616288747;640755458","add0ff2f938e437735b08457be58a2ee;6d9b4fd64bb310ffbaa7c302cd88a77b","ftp.sra.ebi.ac.uk/vol1/run/ERR595/ERR5956666/TP07-01_TS1_Wk9_HF_CAT_R1.fq.gz;ftp.sra.ebi.ac.uk/vol1/run/ERR595/ERR5956666/TP07-01_TS1_Wk9_HF_CAT_R2.fq.gz","fasp.sra.ebi.ac.uk:/vol1/run/ERR595/ERR5956666/TP07-01_TS1_Wk9_HF_CAT_R1.fq.gz;fasp.sra.ebi.ac.uk:/vol1/run/ERR595/ERR5956666/TP07-01_TS1_Wk9_HF_CAT_R2.fq.gz","ftp.sra.ebi.ac.uk/vol1/run/ERR595/ERR5956666/TP07-01_TS1_Wk9_HF_CAT_R1.fq.gz;ftp.sra.ebi.ac.uk/vol1/run/ERR595/ERR5956666/TP07-01_TS1_Wk9_HF_CAT_R2.fq.gz","FASTQ;FASTQ",NA,NA,NA,NA,NA,"TP07-01_Week9_Study1PeaFiber",NA,"TP07-01","9","Study1PeaFiber",NA,"2021-05-22","ftp.sra.ebi.ac.uk/vol1/err/ERR595/006/ERR5956666.bam",1295834390,"dae1601d11f055fa47418fd83fdc10ea"
"144","ERR5956667","ERP128019","SAMEA8793826","ERS6478176","ERX5597188","PRJEB44020","ERA4412343",256318,"metagenome","ILLUMINA","unspecified",NA,NA,"PAIRED","OTHER","METAGENOMIC","RANDOM",16827730,2177638810,"WASHINGTON UNIVERSITY CENTER FOR GENOME SCIENCES","2022-04-13","2022-04-13","unspecified sequencing: Raw reads: TP07-02_Week1_Study1PeaFiber","An approach for evaluating the effects of dietary fiber polysaccharides on the human gut microbiome and plasma proteome","ena-STUDY-WASHINGTON UNIVERSITY CENTER FOR GENOME SCIENCES-30-03-2021-04:15:02:361-407","webin-reads-TP07-02_Week1_Study1PeaFiber","webin-reads-TP07-02_Week1_Study1PeaFiber","648990192;677363518","9d0e929137bb7e7c862e1a93d2367321;bbe2d37b37315a867d8bc7e32d14454a","ftp.sra.ebi.ac.uk/vol1/fastq/ERR595/007/ERR5956667/ERR5956667_1.fastq.gz;ftp.sra.ebi.ac.uk/vol1/fastq/ERR595/007/ERR5956667/ERR5956667_2.fastq.gz","fasp.sra.ebi.ac.uk:/vol1/fastq/ERR595/007/ERR5956667/ERR5956667_1.fastq.gz;fasp.sra.ebi.ac.uk:/vol1/fastq/ERR595/007/ERR5956667/ERR5956667_2.fastq.gz","ftp.sra.ebi.ac.uk/vol1/fastq/ERR595/007/ERR5956667/ERR5956667_1.fastq.gz;ftp.sra.ebi.ac.uk/vol1/fastq/ERR595/007/ERR5956667/ERR5956667_2.fastq.gz","625934561;654095063","8cddd1d479e4246c4cf02094a52cf6b0;a504e1e6b31a731697b4fc75f345b7ee","ftp.sra.ebi.ac.uk/vol1/run/ERR595/ERR5956667/TP07-02_TS1_Wk1_HF_CAT_R1.fq.gz;ftp.sra.ebi.ac.uk/vol1/run/ERR595/ERR5956667/TP07-02_TS1_Wk1_HF_CAT_R2.fq.gz","fasp.sra.ebi.ac.uk:/vol1/run/ERR595/ERR5956667/TP07-02_TS1_Wk1_HF_CAT_R1.fq.gz;fasp.sra.ebi.ac.uk:/vol1/run/ERR595/ERR5956667/TP07-02_TS1_Wk1_HF_CAT_R2.fq.gz","ftp.sra.ebi.ac.uk/vol1/run/ERR595/ERR5956667/TP07-02_TS1_Wk1_HF_CAT_R1.fq.gz;ftp.sra.ebi.ac.uk/vol1/run/ERR595/ERR5956667/TP07-02_TS1_Wk1_HF_CAT_R2.fq.gz","FASTQ;FASTQ",NA,NA,NA,NA,NA,"TP07-02_Week1_Study1PeaFiber",NA,"TP07-02","1","Study1PeaFiber",NA,"2021-05-22","ftp.sra.ebi.ac.uk/vol1/err/ERR595/007/ERR5956667.bam",1316527711,"d8064a0f1c6dba15f6bae96e6f455430"
"145","ERR5956745","ERP128019","SAMEA8793893","ERS6478243","ERX5597266","PRJEB44020","ERA4412423",256318,"metagenome","ILLUMINA","unspecified",NA,NA,"PAIRED","OTHER","METAGENOMIC","RANDOM",20031404,2521682998,"WASHINGTON UNIVERSITY CENTER FOR GENOME SCIENCES","2022-04-13","2022-04-13","unspecified sequencing: Raw reads: TP07-02_Week1_Study2OrangeFiber","An approach for evaluating the effects of dietary fiber polysaccharides on the human gut microbiome and plasma proteome","ena-STUDY-WASHINGTON UNIVERSITY CENTER FOR GENOME SCIENCES-30-03-2021-04:15:02:361-407","webin-reads-TP07-02_Week1_Study2OrangeFiber","webin-reads-TP07-02_Week1_Study2OrangeFiber","766807818;869007037","55c0f6b47586c2176f21199eab8537eb;53a6681311c75094c7f6b46c024d354a","ftp.sra.ebi.ac.uk/vol1/fastq/ERR595/005/ERR5956745/ERR5956745_1.fastq.gz;ftp.sra.ebi.ac.uk/vol1/fastq/ERR595/005/ERR5956745/ERR5956745_2.fastq.gz","fasp.sra.ebi.ac.uk:/vol1/fastq/ERR595/005/ERR5956745/ERR5956745_1.fastq.gz;fasp.sra.ebi.ac.uk:/vol1/fastq/ERR595/005/ERR5956745/ERR5956745_2.fastq.gz","ftp.sra.ebi.ac.uk/vol1/fastq/ERR595/005/ERR5956745/ERR5956745_1.fastq.gz;ftp.sra.ebi.ac.uk/vol1/fastq/ERR595/005/ERR5956745/ERR5956745_2.fastq.gz","732522181;835081862","8f70ae71efd53547cb06e8bfebae879c;343f5649639fe55c2195def4cbc94bc2","ftp.sra.ebi.ac.uk/vol1/run/ERR595/ERR5956745/TP07-02_TS2_Wk1_HF_CAT_R1.fq.gz;ftp.sra.ebi.ac.uk/vol1/run/ERR595/ERR5956745/TP07-02_TS2_Wk1_HF_CAT_R2.fq.gz","fasp.sra.ebi.ac.uk:/vol1/run/ERR595/ERR5956745/TP07-02_TS2_Wk1_HF_CAT_R1.fq.gz;fasp.sra.ebi.ac.uk:/vol1/run/ERR595/ERR5956745/TP07-02_TS2_Wk1_HF_CAT_R2.fq.gz","ftp.sra.ebi.ac.uk/vol1/run/ERR595/ERR5956745/TP07-02_TS2_Wk1_HF_CAT_R1.fq.gz;ftp.sra.ebi.ac.uk/vol1/run/ERR595/ERR5956745/TP07-02_TS2_Wk1_HF_CAT_R2.fq.gz","FASTQ;FASTQ",NA,NA,NA,NA,NA,"TP07-02_Week1_Study2OrangeFiber",NA,"TP07-02","1","Study2OrangeFiber",NA,"2021-05-23","ftp.sra.ebi.ac.uk/vol1/err/ERR595/005/ERR5956745.bam",1645719311,"cb46341d347a9cd80ea0b259a4ff85fa"
"146","ERR5956668","ERP128019","SAMEA8793827","ERS6478177","ERX5597189","PRJEB44020","ERA4412344",256318,"metagenome","ILLUMINA","unspecified",NA,NA,"PAIRED","OTHER","METAGENOMIC","RANDOM",16313828,2029254539,"WASHINGTON UNIVERSITY CENTER FOR GENOME SCIENCES","2022-04-13","2022-04-13","unspecified sequencing: Raw reads: TP07-02_Week2_Study1PeaFiber","An approach for evaluating the effects of dietary fiber polysaccharides on the human gut microbiome and plasma proteome","ena-STUDY-WASHINGTON UNIVERSITY CENTER FOR GENOME SCIENCES-30-03-2021-04:15:02:361-407","webin-reads-TP07-02_Week2_Study1PeaFiber","webin-reads-TP07-02_Week2_Study1PeaFiber","634204675;657107394","ab90117867320dff9ad96456ad06e9fa;1cd6ac0addec04952f1dc6bc3a779925","ftp.sra.ebi.ac.uk/vol1/fastq/ERR595/008/ERR5956668/ERR5956668_1.fastq.gz;ftp.sra.ebi.ac.uk/vol1/fastq/ERR595/008/ERR5956668/ERR5956668_2.fastq.gz","fasp.sra.ebi.ac.uk:/vol1/fastq/ERR595/008/ERR5956668/ERR5956668_1.fastq.gz;fasp.sra.ebi.ac.uk:/vol1/fastq/ERR595/008/ERR5956668/ERR5956668_2.fastq.gz","ftp.sra.ebi.ac.uk/vol1/fastq/ERR595/008/ERR5956668/ERR5956668_1.fastq.gz;ftp.sra.ebi.ac.uk/vol1/fastq/ERR595/008/ERR5956668/ERR5956668_2.fastq.gz","611974879;634591172","7c24f12ec011e652cd0e62fe27e0318e;544c4a70a0c1a22bae9e016a0f3cb511","ftp.sra.ebi.ac.uk/vol1/run/ERR595/ERR5956668/TP07-02_TS1_Wk2_HF_CAT_R1.fq.gz;ftp.sra.ebi.ac.uk/vol1/run/ERR595/ERR5956668/TP07-02_TS1_Wk2_HF_CAT_R2.fq.gz","fasp.sra.ebi.ac.uk:/vol1/run/ERR595/ERR5956668/TP07-02_TS1_Wk2_HF_CAT_R1.fq.gz;fasp.sra.ebi.ac.uk:/vol1/run/ERR595/ERR5956668/TP07-02_TS1_Wk2_HF_CAT_R2.fq.gz","ftp.sra.ebi.ac.uk/vol1/run/ERR595/ERR5956668/TP07-02_TS1_Wk2_HF_CAT_R1.fq.gz;ftp.sra.ebi.ac.uk/vol1/run/ERR595/ERR5956668/TP07-02_TS1_Wk2_HF_CAT_R2.fq.gz","FASTQ;FASTQ",NA,NA,NA,NA,NA,"TP07-02_Week2_Study1PeaFiber",NA,"TP07-02","2","Study1PeaFiber",NA,"2021-05-22","ftp.sra.ebi.ac.uk/vol1/err/ERR595/008/ERR5956668.bam",1289951065,"dc110d85f6142a5e7f2315991513c593"
"147","ERR5956746","ERP128019","SAMEA8793894","ERS6478244","ERX5597267","PRJEB44020","ERA4412424",256318,"metagenome","ILLUMINA","unspecified",NA,NA,"PAIRED","OTHER","METAGENOMIC","RANDOM",19889856,2460324869,"WASHINGTON UNIVERSITY CENTER FOR GENOME SCIENCES","2022-04-13","2022-04-13","unspecified sequencing: Raw reads: TP07-02_Week2_Study2OrangeFiber","An approach for evaluating the effects of dietary fiber polysaccharides on the human gut microbiome and plasma proteome","ena-STUDY-WASHINGTON UNIVERSITY CENTER FOR GENOME SCIENCES-30-03-2021-04:15:02:361-407","webin-reads-TP07-02_Week2_Study2OrangeFiber","webin-reads-TP07-02_Week2_Study2OrangeFiber","773267121;858871016","d682a983b6983ccf8884b87e3dbdf294;472388ada720524b60e1e11ec86fece0","ftp.sra.ebi.ac.uk/vol1/fastq/ERR595/006/ERR5956746/ERR5956746_1.fastq.gz;ftp.sra.ebi.ac.uk/vol1/fastq/ERR595/006/ERR5956746/ERR5956746_2.fastq.gz","fasp.sra.ebi.ac.uk:/vol1/fastq/ERR595/006/ERR5956746/ERR5956746_1.fastq.gz;fasp.sra.ebi.ac.uk:/vol1/fastq/ERR595/006/ERR5956746/ERR5956746_2.fastq.gz","ftp.sra.ebi.ac.uk/vol1/fastq/ERR595/006/ERR5956746/ERR5956746_1.fastq.gz;ftp.sra.ebi.ac.uk/vol1/fastq/ERR595/006/ERR5956746/ERR5956746_2.fastq.gz","740072476;825837176","51434589942fccdf11fa599b1f4eff1e;a5d8b750e385958fcf512a407e3a9bdd","ftp.sra.ebi.ac.uk/vol1/run/ERR595/ERR5956746/TP07-02_TS2_Wk2_HF_CAT_R1.fq.gz;ftp.sra.ebi.ac.uk/vol1/run/ERR595/ERR5956746/TP07-02_TS2_Wk2_HF_CAT_R2.fq.gz","fasp.sra.ebi.ac.uk:/vol1/run/ERR595/ERR5956746/TP07-02_TS2_Wk2_HF_CAT_R1.fq.gz;fasp.sra.ebi.ac.uk:/vol1/run/ERR595/ERR5956746/TP07-02_TS2_Wk2_HF_CAT_R2.fq.gz","ftp.sra.ebi.ac.uk/vol1/run/ERR595/ERR5956746/TP07-02_TS2_Wk2_HF_CAT_R1.fq.gz;ftp.sra.ebi.ac.uk/vol1/run/ERR595/ERR5956746/TP07-02_TS2_Wk2_HF_CAT_R2.fq.gz","FASTQ;FASTQ",NA,NA,NA,NA,NA,"TP07-02_Week2_Study2OrangeFiber",NA,"TP07-02","2","Study2OrangeFiber",NA,"2021-05-23","ftp.sra.ebi.ac.uk/vol1/err/ERR595/006/ERR5956746.bam",1645627820,"ec8ffe5bff3d82f9b08684a33cee587f"
"148","ERR5956670","ERP128019","SAMEA8793828","ERS6478178","ERX5597191","PRJEB44020","ERA4412346",256318,"metagenome","ILLUMINA","unspecified",NA,NA,"PAIRED","OTHER","METAGENOMIC","RANDOM",16700760,2096864048,"WASHINGTON UNIVERSITY CENTER FOR GENOME SCIENCES","2022-04-13","2022-04-13","unspecified sequencing: Raw reads: TP07-02_Week3_Study1PeaFiber","An approach for evaluating the effects of dietary fiber polysaccharides on the human gut microbiome and plasma proteome","ena-STUDY-WASHINGTON UNIVERSITY CENTER FOR GENOME SCIENCES-30-03-2021-04:15:02:361-407","webin-reads-TP07-02_Week3_Study1PeaFiber","webin-reads-TP07-02_Week3_Study1PeaFiber","621940531;646402718","3358740920f603d3218a7ee0b573c278;3ea05e6cabaf39403e53e0b8b12e40c0","ftp.sra.ebi.ac.uk/vol1/fastq/ERR595/000/ERR5956670/ERR5956670_1.fastq.gz;ftp.sra.ebi.ac.uk/vol1/fastq/ERR595/000/ERR5956670/ERR5956670_2.fastq.gz","fasp.sra.ebi.ac.uk:/vol1/fastq/ERR595/000/ERR5956670/ERR5956670_1.fastq.gz;fasp.sra.ebi.ac.uk:/vol1/fastq/ERR595/000/ERR5956670/ERR5956670_2.fastq.gz","ftp.sra.ebi.ac.uk/vol1/fastq/ERR595/000/ERR5956670/ERR5956670_1.fastq.gz;ftp.sra.ebi.ac.uk/vol1/fastq/ERR595/000/ERR5956670/ERR5956670_2.fastq.gz","598864475;623104953","4a7800930f20e8d2396949333f349599;89b6282b68fcb0c232d18da699b2c56e","ftp.sra.ebi.ac.uk/vol1/run/ERR595/ERR5956670/TP07-02_TS1_Wk3_HF_CAT_R1.fq.gz;ftp.sra.ebi.ac.uk/vol1/run/ERR595/ERR5956670/TP07-02_TS1_Wk3_HF_CAT_R2.fq.gz","fasp.sra.ebi.ac.uk:/vol1/run/ERR595/ERR5956670/TP07-02_TS1_Wk3_HF_CAT_R1.fq.gz;fasp.sra.ebi.ac.uk:/vol1/run/ERR595/ERR5956670/TP07-02_TS1_Wk3_HF_CAT_R2.fq.gz","ftp.sra.ebi.ac.uk/vol1/run/ERR595/ERR5956670/TP07-02_TS1_Wk3_HF_CAT_R1.fq.gz;ftp.sra.ebi.ac.uk/vol1/run/ERR595/ERR5956670/TP07-02_TS1_Wk3_HF_CAT_R2.fq.gz","FASTQ;FASTQ",NA,NA,NA,NA,NA,"TP07-02_Week3_Study1PeaFiber",NA,"TP07-02","3","Study1PeaFiber",NA,"2021-05-22","ftp.sra.ebi.ac.uk/vol1/err/ERR595/000/ERR5956670.bam",1259366734,"178ea43e6a104c18c3955930f532a71d"
"149","ERR5956671","ERP128019","SAMEA8793829","ERS6478179","ERX5597192","PRJEB44020","ERA4412347",256318,"metagenome","ILLUMINA","unspecified",NA,NA,"PAIRED","OTHER","METAGENOMIC","RANDOM",17087620,2073245818,"WASHINGTON UNIVERSITY CENTER FOR GENOME SCIENCES","2022-04-13","2022-04-13","unspecified sequencing: Raw reads: TP07-02_Week4_Study1PeaFiber","An approach for evaluating the effects of dietary fiber polysaccharides on the human gut microbiome and plasma proteome","ena-STUDY-WASHINGTON UNIVERSITY CENTER FOR GENOME SCIENCES-30-03-2021-04:15:02:361-407","webin-reads-TP07-02_Week4_Study1PeaFiber","webin-reads-TP07-02_Week4_Study1PeaFiber","621345131;641991849","deca2a122e2117ebb3d871e60765716c;00a09a4f820ba42917c0aec914f587b3","ftp.sra.ebi.ac.uk/vol1/fastq/ERR595/001/ERR5956671/ERR5956671_1.fastq.gz;ftp.sra.ebi.ac.uk/vol1/fastq/ERR595/001/ERR5956671/ERR5956671_2.fastq.gz","fasp.sra.ebi.ac.uk:/vol1/fastq/ERR595/001/ERR5956671/ERR5956671_1.fastq.gz;fasp.sra.ebi.ac.uk:/vol1/fastq/ERR595/001/ERR5956671/ERR5956671_2.fastq.gz","ftp.sra.ebi.ac.uk/vol1/fastq/ERR595/001/ERR5956671/ERR5956671_1.fastq.gz;ftp.sra.ebi.ac.uk/vol1/fastq/ERR595/001/ERR5956671/ERR5956671_2.fastq.gz","597292575;617697214","c893fe764d875516d1545e18587e1a2f;124d2b91c027905f193a2b306a9c4276","ftp.sra.ebi.ac.uk/vol1/run/ERR595/ERR5956671/TP07-02_TS1_Wk4_HF_CAT_R1.fq.gz;ftp.sra.ebi.ac.uk/vol1/run/ERR595/ERR5956671/TP07-02_TS1_Wk4_HF_CAT_R2.fq.gz","fasp.sra.ebi.ac.uk:/vol1/run/ERR595/ERR5956671/TP07-02_TS1_Wk4_HF_CAT_R1.fq.gz;fasp.sra.ebi.ac.uk:/vol1/run/ERR595/ERR5956671/TP07-02_TS1_Wk4_HF_CAT_R2.fq.gz","ftp.sra.ebi.ac.uk/vol1/run/ERR595/ERR5956671/TP07-02_TS1_Wk4_HF_CAT_R1.fq.gz;ftp.sra.ebi.ac.uk/vol1/run/ERR595/ERR5956671/TP07-02_TS1_Wk4_HF_CAT_R2.fq.gz","FASTQ;FASTQ",NA,NA,NA,NA,NA,"TP07-02_Week4_Study1PeaFiber",NA,"TP07-02","4","Study1PeaFiber",NA,"2021-05-22","ftp.sra.ebi.ac.uk/vol1/err/ERR595/001/ERR5956671.bam",1256756372,"e53af87b020c5c64a3254b493cb39f48"
"150","ERR5956747","ERP128019","SAMEA8793895","ERS6478245","ERX5597268","PRJEB44020","ERA4412425",256318,"metagenome","ILLUMINA","unspecified",NA,NA,"PAIRED","OTHER","METAGENOMIC","RANDOM",20642764,2544924025,"WASHINGTON UNIVERSITY CENTER FOR GENOME SCIENCES","2022-04-13","2022-04-13","unspecified sequencing: Raw reads: TP07-02_Week5_Study2OrangeFiber","An approach for evaluating the effects of dietary fiber polysaccharides on the human gut microbiome and plasma proteome","ena-STUDY-WASHINGTON UNIVERSITY CENTER FOR GENOME SCIENCES-30-03-2021-04:15:02:361-407","webin-reads-TP07-02_Week5_Study2OrangeFiber","webin-reads-TP07-02_Week5_Study2OrangeFiber","810186234;896165575","f5c6d5e6984b72c781a77dbe648f0420;302fa6b2cc0ac3fff55457cde1908dc6","ftp.sra.ebi.ac.uk/vol1/fastq/ERR595/007/ERR5956747/ERR5956747_1.fastq.gz;ftp.sra.ebi.ac.uk/vol1/fastq/ERR595/007/ERR5956747/ERR5956747_2.fastq.gz","fasp.sra.ebi.ac.uk:/vol1/fastq/ERR595/007/ERR5956747/ERR5956747_1.fastq.gz;fasp.sra.ebi.ac.uk:/vol1/fastq/ERR595/007/ERR5956747/ERR5956747_2.fastq.gz","ftp.sra.ebi.ac.uk/vol1/fastq/ERR595/007/ERR5956747/ERR5956747_1.fastq.gz;ftp.sra.ebi.ac.uk/vol1/fastq/ERR595/007/ERR5956747/ERR5956747_2.fastq.gz","775793414;862050853","53d33519040e1923f9bafe5d458a8bd3;e17f94609b4fe7c223c2031c4f075143","ftp.sra.ebi.ac.uk/vol1/run/ERR595/ERR5956747/TP07-02_TS2_Wk5_HF_CAT_R1.fq.gz;ftp.sra.ebi.ac.uk/vol1/run/ERR595/ERR5956747/TP07-02_TS2_Wk5_HF_CAT_R2.fq.gz","fasp.sra.ebi.ac.uk:/vol1/run/ERR595/ERR5956747/TP07-02_TS2_Wk5_HF_CAT_R1.fq.gz;fasp.sra.ebi.ac.uk:/vol1/run/ERR595/ERR5956747/TP07-02_TS2_Wk5_HF_CAT_R2.fq.gz","ftp.sra.ebi.ac.uk/vol1/run/ERR595/ERR5956747/TP07-02_TS2_Wk5_HF_CAT_R1.fq.gz;ftp.sra.ebi.ac.uk/vol1/run/ERR595/ERR5956747/TP07-02_TS2_Wk5_HF_CAT_R2.fq.gz","FASTQ;FASTQ",NA,NA,NA,NA,NA,"TP07-02_Week5_Study2OrangeFiber",NA,"TP07-02","5","Study2OrangeFiber",NA,"2021-05-23","ftp.sra.ebi.ac.uk/vol1/err/ERR595/007/ERR5956747.bam",1723070895,"2d5f173a1552215a01642653e78d1628"
"151","ERR5956673","ERP128019","SAMEA8793830","ERS6478180","ERX5597194","PRJEB44020","ERA4412349",256318,"metagenome","ILLUMINA","unspecified",NA,NA,"PAIRED","OTHER","METAGENOMIC","RANDOM",16395420,1956933837,"WASHINGTON UNIVERSITY CENTER FOR GENOME SCIENCES","2022-04-13","2022-04-13","unspecified sequencing: Raw reads: TP07-02_Week5_Study1PeaFiber","An approach for evaluating the effects of dietary fiber polysaccharides on the human gut microbiome and plasma proteome","ena-STUDY-WASHINGTON UNIVERSITY CENTER FOR GENOME SCIENCES-30-03-2021-04:15:02:361-407","webin-reads-TP07-02_Week5_Study1PeaFiber","webin-reads-TP07-02_Week5_Study1PeaFiber","594220343;611970837","80ded79dc7541e85dcf4d3d37e375c72;e0fa9263b2782717ae66bbbae11db58b","ftp.sra.ebi.ac.uk/vol1/fastq/ERR595/003/ERR5956673/ERR5956673_1.fastq.gz;ftp.sra.ebi.ac.uk/vol1/fastq/ERR595/003/ERR5956673/ERR5956673_2.fastq.gz","fasp.sra.ebi.ac.uk:/vol1/fastq/ERR595/003/ERR5956673/ERR5956673_1.fastq.gz;fasp.sra.ebi.ac.uk:/vol1/fastq/ERR595/003/ERR5956673/ERR5956673_2.fastq.gz","ftp.sra.ebi.ac.uk/vol1/fastq/ERR595/003/ERR5956673/ERR5956673_1.fastq.gz;ftp.sra.ebi.ac.uk/vol1/fastq/ERR595/003/ERR5956673/ERR5956673_2.fastq.gz","571316766;588852833","5bb5ee65aa40a5561a556b6a78dbf45f;37bf83921fa413629247b1de65affbfa","ftp.sra.ebi.ac.uk/vol1/run/ERR595/ERR5956673/TP07-02_TS1_Wk5_HF_CAT_R1.fq.gz;ftp.sra.ebi.ac.uk/vol1/run/ERR595/ERR5956673/TP07-02_TS1_Wk5_HF_CAT_R2.fq.gz","fasp.sra.ebi.ac.uk:/vol1/run/ERR595/ERR5956673/TP07-02_TS1_Wk5_HF_CAT_R1.fq.gz;fasp.sra.ebi.ac.uk:/vol1/run/ERR595/ERR5956673/TP07-02_TS1_Wk5_HF_CAT_R2.fq.gz","ftp.sra.ebi.ac.uk/vol1/run/ERR595/ERR5956673/TP07-02_TS1_Wk5_HF_CAT_R1.fq.gz;ftp.sra.ebi.ac.uk/vol1/run/ERR595/ERR5956673/TP07-02_TS1_Wk5_HF_CAT_R2.fq.gz","FASTQ;FASTQ",NA,NA,NA,NA,NA,"TP07-02_Week5_Study1PeaFiber",NA,"TP07-02","5","Study1PeaFiber",NA,"2021-05-22","ftp.sra.ebi.ac.uk/vol1/err/ERR595/003/ERR5956673.bam",1201304140,"ad4bb267a9d3bc808b320f62756bb98b"
"152","ERR5956748","ERP128019","SAMEA8793896","ERS6478246","ERX5597269","PRJEB44020","ERA4412426",256318,"metagenome","ILLUMINA","unspecified",NA,NA,"PAIRED","OTHER","METAGENOMIC","RANDOM",20169814,2622966857,"WASHINGTON UNIVERSITY CENTER FOR GENOME SCIENCES","2022-04-13","2022-04-13","unspecified sequencing: Raw reads: TP07-02_Week8_Study2OrangeFiber","An approach for evaluating the effects of dietary fiber polysaccharides on the human gut microbiome and plasma proteome","ena-STUDY-WASHINGTON UNIVERSITY CENTER FOR GENOME SCIENCES-30-03-2021-04:15:02:361-407","webin-reads-TP07-02_Week8_Study2OrangeFiber","webin-reads-TP07-02_Week8_Study2OrangeFiber","800448472;911777518","c42b603ad9134b489fa85ff811562897;9516b47db8cbb44f253eab6153a5a9d3","ftp.sra.ebi.ac.uk/vol1/fastq/ERR595/008/ERR5956748/ERR5956748_1.fastq.gz;ftp.sra.ebi.ac.uk/vol1/fastq/ERR595/008/ERR5956748/ERR5956748_2.fastq.gz","fasp.sra.ebi.ac.uk:/vol1/fastq/ERR595/008/ERR5956748/ERR5956748_1.fastq.gz;fasp.sra.ebi.ac.uk:/vol1/fastq/ERR595/008/ERR5956748/ERR5956748_2.fastq.gz","ftp.sra.ebi.ac.uk/vol1/fastq/ERR595/008/ERR5956748/ERR5956748_1.fastq.gz;ftp.sra.ebi.ac.uk/vol1/fastq/ERR595/008/ERR5956748/ERR5956748_2.fastq.gz","765641618;877588979","0e6600462ad67f25ef19a225d861a0a3;a3c70129c20c8caee583470fcb141cee","ftp.sra.ebi.ac.uk/vol1/run/ERR595/ERR5956748/TP07-02_TS2_Wk8_HF_CAT_R1.fq.gz;ftp.sra.ebi.ac.uk/vol1/run/ERR595/ERR5956748/TP07-02_TS2_Wk8_HF_CAT_R2.fq.gz","fasp.sra.ebi.ac.uk:/vol1/run/ERR595/ERR5956748/TP07-02_TS2_Wk8_HF_CAT_R1.fq.gz;fasp.sra.ebi.ac.uk:/vol1/run/ERR595/ERR5956748/TP07-02_TS2_Wk8_HF_CAT_R2.fq.gz","ftp.sra.ebi.ac.uk/vol1/run/ERR595/ERR5956748/TP07-02_TS2_Wk8_HF_CAT_R1.fq.gz;ftp.sra.ebi.ac.uk/vol1/run/ERR595/ERR5956748/TP07-02_TS2_Wk8_HF_CAT_R2.fq.gz","FASTQ;FASTQ",NA,NA,NA,NA,NA,"TP07-02_Week8_Study2OrangeFiber",NA,"TP07-02","8","Study2OrangeFiber",NA,"2021-05-23","ftp.sra.ebi.ac.uk/vol1/err/ERR595/008/ERR5956748.bam",1721352571,"c06013a75c2e72221895716aa955c7ce"
"153","ERR5956674","ERP128019","SAMEA8793831","ERS6478181","ERX5597195","PRJEB44020","ERA4412350",256318,"metagenome","ILLUMINA","unspecified",NA,NA,"PAIRED","OTHER","METAGENOMIC","RANDOM",16746404,2032454712,"WASHINGTON UNIVERSITY CENTER FOR GENOME SCIENCES","2022-04-13","2022-04-13","unspecified sequencing: Raw reads: TP07-02_Week8_Study1PeaFiber","An approach for evaluating the effects of dietary fiber polysaccharides on the human gut microbiome and plasma proteome","ena-STUDY-WASHINGTON UNIVERSITY CENTER FOR GENOME SCIENCES-30-03-2021-04:15:02:361-407","webin-reads-TP07-02_Week8_Study1PeaFiber","webin-reads-TP07-02_Week8_Study1PeaFiber","605747300;629540833","c0c62f59f35f01cf2864bee64e7a4403;4b0d6d6a99a36c72d604bb0dd19bd43e","ftp.sra.ebi.ac.uk/vol1/fastq/ERR595/004/ERR5956674/ERR5956674_1.fastq.gz;ftp.sra.ebi.ac.uk/vol1/fastq/ERR595/004/ERR5956674/ERR5956674_2.fastq.gz","fasp.sra.ebi.ac.uk:/vol1/fastq/ERR595/004/ERR5956674/ERR5956674_1.fastq.gz;fasp.sra.ebi.ac.uk:/vol1/fastq/ERR595/004/ERR5956674/ERR5956674_2.fastq.gz","ftp.sra.ebi.ac.uk/vol1/fastq/ERR595/004/ERR5956674/ERR5956674_1.fastq.gz;ftp.sra.ebi.ac.uk/vol1/fastq/ERR595/004/ERR5956674/ERR5956674_2.fastq.gz","582521419;606059948","3eae9fdae1f8ab0ad7537d6b2c49e577;d988bb4c670477f83c51a0f418506c32","ftp.sra.ebi.ac.uk/vol1/run/ERR595/ERR5956674/TP07-02_TS1_Wk8_HF_CAT_R1.fq.gz;ftp.sra.ebi.ac.uk/vol1/run/ERR595/ERR5956674/TP07-02_TS1_Wk8_HF_CAT_R2.fq.gz","fasp.sra.ebi.ac.uk:/vol1/run/ERR595/ERR5956674/TP07-02_TS1_Wk8_HF_CAT_R1.fq.gz;fasp.sra.ebi.ac.uk:/vol1/run/ERR595/ERR5956674/TP07-02_TS1_Wk8_HF_CAT_R2.fq.gz","ftp.sra.ebi.ac.uk/vol1/run/ERR595/ERR5956674/TP07-02_TS1_Wk8_HF_CAT_R1.fq.gz;ftp.sra.ebi.ac.uk/vol1/run/ERR595/ERR5956674/TP07-02_TS1_Wk8_HF_CAT_R2.fq.gz","FASTQ;FASTQ",NA,NA,NA,NA,NA,"TP07-02_Week8_Study1PeaFiber",NA,"TP07-02","8","Study1PeaFiber",NA,"2021-05-22","ftp.sra.ebi.ac.uk/vol1/err/ERR595/004/ERR5956674.bam",1226978417,"711c89bb799adea592bfd98c092b3b6a"
"154","ERR5956676","ERP128019","SAMEA8793832","ERS6478182","ERX5597197","PRJEB44020","ERA4412352",256318,"metagenome","ILLUMINA","unspecified",NA,NA,"PAIRED","OTHER","METAGENOMIC","RANDOM",17275612,2122891450,"WASHINGTON UNIVERSITY CENTER FOR GENOME SCIENCES","2022-04-13","2022-04-13","unspecified sequencing: Raw reads: TP07-02_Week9_Study1PeaFiber","An approach for evaluating the effects of dietary fiber polysaccharides on the human gut microbiome and plasma proteome","ena-STUDY-WASHINGTON UNIVERSITY CENTER FOR GENOME SCIENCES-30-03-2021-04:15:02:361-407","webin-reads-TP07-02_Week9_Study1PeaFiber","webin-reads-TP07-02_Week9_Study1PeaFiber","631125782;657363775","7e3d709a9355d0cf0440f36b2ed592e4;d5a7ca68f7461ba682c545014ea2f6f0","ftp.sra.ebi.ac.uk/vol1/fastq/ERR595/006/ERR5956676/ERR5956676_1.fastq.gz;ftp.sra.ebi.ac.uk/vol1/fastq/ERR595/006/ERR5956676/ERR5956676_2.fastq.gz","fasp.sra.ebi.ac.uk:/vol1/fastq/ERR595/006/ERR5956676/ERR5956676_1.fastq.gz;fasp.sra.ebi.ac.uk:/vol1/fastq/ERR595/006/ERR5956676/ERR5956676_2.fastq.gz","ftp.sra.ebi.ac.uk/vol1/fastq/ERR595/006/ERR5956676/ERR5956676_1.fastq.gz;ftp.sra.ebi.ac.uk/vol1/fastq/ERR595/006/ERR5956676/ERR5956676_2.fastq.gz","606984309;632983992","6725cdde3ffcedfb611ded13eb276844;30ded4bcf6ea9b5beeb6fa4a791e38e4","ftp.sra.ebi.ac.uk/vol1/run/ERR595/ERR5956676/TP07-02_TS1_Wk9_HF_CAT_R1.fq.gz;ftp.sra.ebi.ac.uk/vol1/run/ERR595/ERR5956676/TP07-02_TS1_Wk9_HF_CAT_R2.fq.gz","fasp.sra.ebi.ac.uk:/vol1/run/ERR595/ERR5956676/TP07-02_TS1_Wk9_HF_CAT_R1.fq.gz;fasp.sra.ebi.ac.uk:/vol1/run/ERR595/ERR5956676/TP07-02_TS1_Wk9_HF_CAT_R2.fq.gz","ftp.sra.ebi.ac.uk/vol1/run/ERR595/ERR5956676/TP07-02_TS1_Wk9_HF_CAT_R1.fq.gz;ftp.sra.ebi.ac.uk/vol1/run/ERR595/ERR5956676/TP07-02_TS1_Wk9_HF_CAT_R2.fq.gz","FASTQ;FASTQ",NA,NA,NA,NA,NA,"TP07-02_Week9_Study1PeaFiber",NA,"TP07-02","9","Study1PeaFiber",NA,"2021-05-22","ftp.sra.ebi.ac.uk/vol1/err/ERR595/006/ERR5956676.bam",1280792961,"95035f4f67da51eed464c004734e5283"
"155","ERR5956677","ERP128019","SAMEA8793833","ERS6478183","ERX5597198","PRJEB44020","ERA4412353",256318,"metagenome","ILLUMINA","unspecified",NA,NA,"PAIRED","OTHER","METAGENOMIC","RANDOM",25034978,3089769953,"WASHINGTON UNIVERSITY CENTER FOR GENOME SCIENCES","2022-04-13","2022-04-13","unspecified sequencing: Raw reads: TP08-01_Week1_Study1PeaFiber","An approach for evaluating the effects of dietary fiber polysaccharides on the human gut microbiome and plasma proteome","ena-STUDY-WASHINGTON UNIVERSITY CENTER FOR GENOME SCIENCES-30-03-2021-04:15:02:361-407","webin-reads-TP08-01_Week1_Study1PeaFiber","webin-reads-TP08-01_Week1_Study1PeaFiber","1074871926;1108529547","c29158f25fb92da38fff8dc6137388d3;260a4425a79714f79c9aaddb63532587","ftp.sra.ebi.ac.uk/vol1/fastq/ERR595/007/ERR5956677/ERR5956677_1.fastq.gz;ftp.sra.ebi.ac.uk/vol1/fastq/ERR595/007/ERR5956677/ERR5956677_2.fastq.gz","fasp.sra.ebi.ac.uk:/vol1/fastq/ERR595/007/ERR5956677/ERR5956677_1.fastq.gz;fasp.sra.ebi.ac.uk:/vol1/fastq/ERR595/007/ERR5956677/ERR5956677_2.fastq.gz","ftp.sra.ebi.ac.uk/vol1/fastq/ERR595/007/ERR5956677/ERR5956677_1.fastq.gz;ftp.sra.ebi.ac.uk/vol1/fastq/ERR595/007/ERR5956677/ERR5956677_2.fastq.gz","1043263871;1074954326","790cf4ed597911851fbaf5fd87ee488a;40e00b659365bad70492d37a1b0a6757","ftp.sra.ebi.ac.uk/vol1/run/ERR595/ERR5956677/TP08-01_TS1_Wk1_HF_CAT_R1.fq.gz;ftp.sra.ebi.ac.uk/vol1/run/ERR595/ERR5956677/TP08-01_TS1_Wk1_HF_CAT_R2.fq.gz","fasp.sra.ebi.ac.uk:/vol1/run/ERR595/ERR5956677/TP08-01_TS1_Wk1_HF_CAT_R1.fq.gz;fasp.sra.ebi.ac.uk:/vol1/run/ERR595/ERR5956677/TP08-01_TS1_Wk1_HF_CAT_R2.fq.gz","ftp.sra.ebi.ac.uk/vol1/run/ERR595/ERR5956677/TP08-01_TS1_Wk1_HF_CAT_R1.fq.gz;ftp.sra.ebi.ac.uk/vol1/run/ERR595/ERR5956677/TP08-01_TS1_Wk1_HF_CAT_R2.fq.gz","FASTQ;FASTQ",NA,NA,NA,NA,NA,"TP08-01_Week1_Study1PeaFiber",NA,"TP08-01","1","Study1PeaFiber",NA,"2021-05-22","ftp.sra.ebi.ac.uk/vol1/err/ERR595/007/ERR5956677.bam",2251255943,"efffcfde7b7f1f0cd8316f7c18e862b6"
"156","ERR5957061","ERP128019","SAMEA8793953","ERS6478303","ERX5597582","PRJEB44020","ERA4413088",256318,"metagenome","ILLUMINA","unspecified",NA,NA,"PAIRED","OTHER","METAGENOMIC","RANDOM",21301914,2729690681,"WASHINGTON UNIVERSITY CENTER FOR GENOME SCIENCES","2022-04-13","2022-04-13","unspecified sequencing: Raw reads: TP08-01_Week1_Study2OrangeFiber","An approach for evaluating the effects of dietary fiber polysaccharides on the human gut microbiome and plasma proteome","ena-STUDY-WASHINGTON UNIVERSITY CENTER FOR GENOME SCIENCES-30-03-2021-04:15:02:361-407","webin-reads-TP08-01_Week1_Study2OrangeFiber","webin-reads-TP08-01_Week1_Study2OrangeFiber","829413316;955446630","01a052e11675b6b42b3e4522b2d3e147;04420d95236b7c70a132a0f1cd979adb","ftp.sra.ebi.ac.uk/vol1/fastq/ERR595/001/ERR5957061/ERR5957061_1.fastq.gz;ftp.sra.ebi.ac.uk/vol1/fastq/ERR595/001/ERR5957061/ERR5957061_2.fastq.gz","fasp.sra.ebi.ac.uk:/vol1/fastq/ERR595/001/ERR5957061/ERR5957061_1.fastq.gz;fasp.sra.ebi.ac.uk:/vol1/fastq/ERR595/001/ERR5957061/ERR5957061_2.fastq.gz","ftp.sra.ebi.ac.uk/vol1/fastq/ERR595/001/ERR5957061/ERR5957061_1.fastq.gz;ftp.sra.ebi.ac.uk/vol1/fastq/ERR595/001/ERR5957061/ERR5957061_2.fastq.gz","792767629;919609875","e48fbd988b6df0f95353375cbaac69cf;4643358b08c17aadda9a919013a5c321","ftp.sra.ebi.ac.uk/vol1/run/ERR595/ERR5957061/TP08-01_TS2_Wk1_HF_CAT_R1.fq.gz;ftp.sra.ebi.ac.uk/vol1/run/ERR595/ERR5957061/TP08-01_TS2_Wk1_HF_CAT_R2.fq.gz","fasp.sra.ebi.ac.uk:/vol1/run/ERR595/ERR5957061/TP08-01_TS2_Wk1_HF_CAT_R1.fq.gz;fasp.sra.ebi.ac.uk:/vol1/run/ERR595/ERR5957061/TP08-01_TS2_Wk1_HF_CAT_R2.fq.gz","ftp.sra.ebi.ac.uk/vol1/run/ERR595/ERR5957061/TP08-01_TS2_Wk1_HF_CAT_R1.fq.gz;ftp.sra.ebi.ac.uk/vol1/run/ERR595/ERR5957061/TP08-01_TS2_Wk1_HF_CAT_R2.fq.gz","FASTQ;FASTQ",NA,NA,NA,NA,NA,"TP08-01_Week1_Study2OrangeFiber",NA,"TP08-01","1","Study2OrangeFiber",NA,"2021-05-23","ftp.sra.ebi.ac.uk/vol1/err/ERR595/001/ERR5957061.bam",1796742555,"847d6b96d8b90e5be7bfd4c55e587152"
"157","ERR5956678","ERP128019","SAMEA8793834","ERS6478184","ERX5597199","PRJEB44020","ERA4412354",256318,"metagenome","ILLUMINA","unspecified",NA,NA,"PAIRED","OTHER","METAGENOMIC","RANDOM",16454832,2023064014,"WASHINGTON UNIVERSITY CENTER FOR GENOME SCIENCES","2022-04-13","2022-04-13","unspecified sequencing: Raw reads: TP08-01_Week2_Study1PeaFiber","An approach for evaluating the effects of dietary fiber polysaccharides on the human gut microbiome and plasma proteome","ena-STUDY-WASHINGTON UNIVERSITY CENTER FOR GENOME SCIENCES-30-03-2021-04:15:02:361-407","webin-reads-TP08-01_Week2_Study1PeaFiber","webin-reads-TP08-01_Week2_Study1PeaFiber","636652764;681877716","ce9cc52abb87c64015734da120ae6de7;33f5fa4971337ed5a98f99059a818bfd","ftp.sra.ebi.ac.uk/vol1/fastq/ERR595/008/ERR5956678/ERR5956678_1.fastq.gz;ftp.sra.ebi.ac.uk/vol1/fastq/ERR595/008/ERR5956678/ERR5956678_2.fastq.gz","fasp.sra.ebi.ac.uk:/vol1/fastq/ERR595/008/ERR5956678/ERR5956678_1.fastq.gz;fasp.sra.ebi.ac.uk:/vol1/fastq/ERR595/008/ERR5956678/ERR5956678_2.fastq.gz","ftp.sra.ebi.ac.uk/vol1/fastq/ERR595/008/ERR5956678/ERR5956678_1.fastq.gz;ftp.sra.ebi.ac.uk/vol1/fastq/ERR595/008/ERR5956678/ERR5956678_2.fastq.gz","614369043;659136681","4411ac8715134b4eea83640d07b35635;eda897d537f9410e23b61017d70184d4","ftp.sra.ebi.ac.uk/vol1/run/ERR595/ERR5956678/TP08-01_TS1_Wk2_HF_CAT_R1.fq.gz;ftp.sra.ebi.ac.uk/vol1/run/ERR595/ERR5956678/TP08-01_TS1_Wk2_HF_CAT_R2.fq.gz","fasp.sra.ebi.ac.uk:/vol1/run/ERR595/ERR5956678/TP08-01_TS1_Wk2_HF_CAT_R1.fq.gz;fasp.sra.ebi.ac.uk:/vol1/run/ERR595/ERR5956678/TP08-01_TS1_Wk2_HF_CAT_R2.fq.gz","ftp.sra.ebi.ac.uk/vol1/run/ERR595/ERR5956678/TP08-01_TS1_Wk2_HF_CAT_R1.fq.gz;ftp.sra.ebi.ac.uk/vol1/run/ERR595/ERR5956678/TP08-01_TS1_Wk2_HF_CAT_R2.fq.gz","FASTQ;FASTQ",NA,NA,NA,NA,NA,"TP08-01_Week2_Study1PeaFiber",NA,"TP08-01","2","Study1PeaFiber",NA,"2021-05-22","ftp.sra.ebi.ac.uk/vol1/err/ERR595/008/ERR5956678.bam",1324511867,"2a5c28532b4dfd22b917497c376e1a46"
"158","ERR5957062","ERP128019","SAMEA8793954","ERS6478304","ERX5597583","PRJEB44020","ERA4413089",256318,"metagenome","ILLUMINA","unspecified",NA,NA,"PAIRED","OTHER","METAGENOMIC","RANDOM",19671184,2451407378,"WASHINGTON UNIVERSITY CENTER FOR GENOME SCIENCES","2022-04-13","2022-04-13","unspecified sequencing: Raw reads: TP08-01_Week2_Study2OrangeFiber","An approach for evaluating the effects of dietary fiber polysaccharides on the human gut microbiome and plasma proteome","ena-STUDY-WASHINGTON UNIVERSITY CENTER FOR GENOME SCIENCES-30-03-2021-04:15:02:361-407","webin-reads-TP08-01_Week2_Study2OrangeFiber","webin-reads-TP08-01_Week2_Study2OrangeFiber","784552134;862793323","e94e85496f427c4ce08602908138bb11;d5cb68647583a4637ac3deef573f351e","ftp.sra.ebi.ac.uk/vol1/fastq/ERR595/002/ERR5957062/ERR5957062_1.fastq.gz;ftp.sra.ebi.ac.uk/vol1/fastq/ERR595/002/ERR5957062/ERR5957062_2.fastq.gz","fasp.sra.ebi.ac.uk:/vol1/fastq/ERR595/002/ERR5957062/ERR5957062_1.fastq.gz;fasp.sra.ebi.ac.uk:/vol1/fastq/ERR595/002/ERR5957062/ERR5957062_2.fastq.gz","ftp.sra.ebi.ac.uk/vol1/fastq/ERR595/002/ERR5957062/ERR5957062_1.fastq.gz;ftp.sra.ebi.ac.uk/vol1/fastq/ERR595/002/ERR5957062/ERR5957062_2.fastq.gz","751416531;830050840","c00fa504100a81597066e3cc373af004;90bd927fe08953ae157d55af8c69eec1","ftp.sra.ebi.ac.uk/vol1/run/ERR595/ERR5957062/TP08-01_TS2_Wk2_HF_CAT_R1.fq.gz;ftp.sra.ebi.ac.uk/vol1/run/ERR595/ERR5957062/TP08-01_TS2_Wk2_HF_CAT_R2.fq.gz","fasp.sra.ebi.ac.uk:/vol1/run/ERR595/ERR5957062/TP08-01_TS2_Wk2_HF_CAT_R1.fq.gz;fasp.sra.ebi.ac.uk:/vol1/run/ERR595/ERR5957062/TP08-01_TS2_Wk2_HF_CAT_R2.fq.gz","ftp.sra.ebi.ac.uk/vol1/run/ERR595/ERR5957062/TP08-01_TS2_Wk2_HF_CAT_R1.fq.gz;ftp.sra.ebi.ac.uk/vol1/run/ERR595/ERR5957062/TP08-01_TS2_Wk2_HF_CAT_R2.fq.gz","FASTQ;FASTQ",NA,NA,NA,NA,NA,"TP08-01_Week2_Study2OrangeFiber",NA,"TP08-01","2","Study2OrangeFiber",NA,"2021-05-23","ftp.sra.ebi.ac.uk/vol1/err/ERR595/002/ERR5957062.bam",1663111491,"3f4785e4c5a13ae5a1799ab32944d515"
"159","ERR5956680","ERP128019","SAMEA8793835","ERS6478185","ERX5597201","PRJEB44020","ERA4412356",256318,"metagenome","ILLUMINA","unspecified",NA,NA,"PAIRED","OTHER","METAGENOMIC","RANDOM",16521788,2063502314,"WASHINGTON UNIVERSITY CENTER FOR GENOME SCIENCES","2022-04-13","2022-04-13","unspecified sequencing: Raw reads: TP08-01_Week3_Study1PeaFiber","An approach for evaluating the effects of dietary fiber polysaccharides on the human gut microbiome and plasma proteome","ena-STUDY-WASHINGTON UNIVERSITY CENTER FOR GENOME SCIENCES-30-03-2021-04:15:02:361-407","webin-reads-TP08-01_Week3_Study1PeaFiber","webin-reads-TP08-01_Week3_Study1PeaFiber","633082819;652931786","42748422889bc0efcb027bf50b1e0faa;071100515186127cbca76964ed6022f2","ftp.sra.ebi.ac.uk/vol1/fastq/ERR595/000/ERR5956680/ERR5956680_1.fastq.gz;ftp.sra.ebi.ac.uk/vol1/fastq/ERR595/000/ERR5956680/ERR5956680_2.fastq.gz","fasp.sra.ebi.ac.uk:/vol1/fastq/ERR595/000/ERR5956680/ERR5956680_1.fastq.gz;fasp.sra.ebi.ac.uk:/vol1/fastq/ERR595/000/ERR5956680/ERR5956680_2.fastq.gz","ftp.sra.ebi.ac.uk/vol1/fastq/ERR595/000/ERR5956680/ERR5956680_1.fastq.gz;ftp.sra.ebi.ac.uk/vol1/fastq/ERR595/000/ERR5956680/ERR5956680_2.fastq.gz","610682564;630256260","f079ad669793bd1f4d03ef71e5eae473;b51c9f0633da32ee8e8fcc043cfcd5eb","ftp.sra.ebi.ac.uk/vol1/run/ERR595/ERR5956680/TP08-01_TS1_Wk3_HF_CAT_R1.fq.gz;ftp.sra.ebi.ac.uk/vol1/run/ERR595/ERR5956680/TP08-01_TS1_Wk3_HF_CAT_R2.fq.gz","fasp.sra.ebi.ac.uk:/vol1/run/ERR595/ERR5956680/TP08-01_TS1_Wk3_HF_CAT_R1.fq.gz;fasp.sra.ebi.ac.uk:/vol1/run/ERR595/ERR5956680/TP08-01_TS1_Wk3_HF_CAT_R2.fq.gz","ftp.sra.ebi.ac.uk/vol1/run/ERR595/ERR5956680/TP08-01_TS1_Wk3_HF_CAT_R1.fq.gz;ftp.sra.ebi.ac.uk/vol1/run/ERR595/ERR5956680/TP08-01_TS1_Wk3_HF_CAT_R2.fq.gz","FASTQ;FASTQ",NA,NA,NA,NA,NA,"TP08-01_Week3_Study1PeaFiber",NA,"TP08-01","3","Study1PeaFiber",NA,"2021-05-22","ftp.sra.ebi.ac.uk/vol1/err/ERR595/000/ERR5956680.bam",1280652648,"6b1fe2d521278d2352dbd70a76e500d3"
"160","ERR5956681","ERP128019","SAMEA8793836","ERS6478186","ERX5597202","PRJEB44020","ERA4412357",256318,"metagenome","ILLUMINA","unspecified",NA,NA,"PAIRED","OTHER","METAGENOMIC","RANDOM",16860386,2083839793,"WASHINGTON UNIVERSITY CENTER FOR GENOME SCIENCES","2022-04-13","2022-04-13","unspecified sequencing: Raw reads: TP08-01_Week4_Study1PeaFiber","An approach for evaluating the effects of dietary fiber polysaccharides on the human gut microbiome and plasma proteome","ena-STUDY-WASHINGTON UNIVERSITY CENTER FOR GENOME SCIENCES-30-03-2021-04:15:02:361-407","webin-reads-TP08-01_Week4_Study1PeaFiber","webin-reads-TP08-01_Week4_Study1PeaFiber","628998375;647559409","5dde60c46ecc43afabc9229e8bc5bda7;d2e0870b35270afdd841b5c7dc988d87","ftp.sra.ebi.ac.uk/vol1/fastq/ERR595/001/ERR5956681/ERR5956681_1.fastq.gz;ftp.sra.ebi.ac.uk/vol1/fastq/ERR595/001/ERR5956681/ERR5956681_2.fastq.gz","fasp.sra.ebi.ac.uk:/vol1/fastq/ERR595/001/ERR5956681/ERR5956681_1.fastq.gz;fasp.sra.ebi.ac.uk:/vol1/fastq/ERR595/001/ERR5956681/ERR5956681_2.fastq.gz","ftp.sra.ebi.ac.uk/vol1/fastq/ERR595/001/ERR5956681/ERR5956681_1.fastq.gz;ftp.sra.ebi.ac.uk/vol1/fastq/ERR595/001/ERR5956681/ERR5956681_2.fastq.gz","605935613;624238111","1ba03d4175e75752c740261070439d81;39f06bc3610a591c9a28bc98baa1a8d6","ftp.sra.ebi.ac.uk/vol1/run/ERR595/ERR5956681/TP08-01_TS1_Wk4_HF_CAT_R1.fq.gz;ftp.sra.ebi.ac.uk/vol1/run/ERR595/ERR5956681/TP08-01_TS1_Wk4_HF_CAT_R2.fq.gz","fasp.sra.ebi.ac.uk:/vol1/run/ERR595/ERR5956681/TP08-01_TS1_Wk4_HF_CAT_R1.fq.gz;fasp.sra.ebi.ac.uk:/vol1/run/ERR595/ERR5956681/TP08-01_TS1_Wk4_HF_CAT_R2.fq.gz","ftp.sra.ebi.ac.uk/vol1/run/ERR595/ERR5956681/TP08-01_TS1_Wk4_HF_CAT_R1.fq.gz;ftp.sra.ebi.ac.uk/vol1/run/ERR595/ERR5956681/TP08-01_TS1_Wk4_HF_CAT_R2.fq.gz","FASTQ;FASTQ",NA,NA,NA,NA,NA,"TP08-01_Week4_Study1PeaFiber",NA,"TP08-01","4","Study1PeaFiber",NA,"2021-05-22","ftp.sra.ebi.ac.uk/vol1/err/ERR595/001/ERR5956681.bam",1267778057,"4f2f3143c0f4338f53a4d19b562b9082"
"161","ERR5956682","ERP128019","SAMEA8793837","ERS6478187","ERX5597203","PRJEB44020","ERA4412358",256318,"metagenome","ILLUMINA","unspecified",NA,NA,"PAIRED","OTHER","METAGENOMIC","RANDOM",16678090,2071685570,"WASHINGTON UNIVERSITY CENTER FOR GENOME SCIENCES","2022-04-13","2022-04-13","unspecified sequencing: Raw reads: TP08-01_Week5_Study1PeaFiber","An approach for evaluating the effects of dietary fiber polysaccharides on the human gut microbiome and plasma proteome","ena-STUDY-WASHINGTON UNIVERSITY CENTER FOR GENOME SCIENCES-30-03-2021-04:15:02:361-407","webin-reads-TP08-01_Week5_Study1PeaFiber","webin-reads-TP08-01_Week5_Study1PeaFiber","635831876;658973886","bb98e715c5fb1a94086a32280aef6509;dc8e8d8959acbbd82006c8f8c7783448","ftp.sra.ebi.ac.uk/vol1/fastq/ERR595/002/ERR5956682/ERR5956682_1.fastq.gz;ftp.sra.ebi.ac.uk/vol1/fastq/ERR595/002/ERR5956682/ERR5956682_2.fastq.gz","fasp.sra.ebi.ac.uk:/vol1/fastq/ERR595/002/ERR5956682/ERR5956682_1.fastq.gz;fasp.sra.ebi.ac.uk:/vol1/fastq/ERR595/002/ERR5956682/ERR5956682_2.fastq.gz","ftp.sra.ebi.ac.uk/vol1/fastq/ERR595/002/ERR5956682/ERR5956682_1.fastq.gz;ftp.sra.ebi.ac.uk/vol1/fastq/ERR595/002/ERR5956682/ERR5956682_2.fastq.gz","612930877;635752220","64945c36eb396b75a8a367877e122afe;33304f6c4a002cff421381e7b8d2e50c","ftp.sra.ebi.ac.uk/vol1/run/ERR595/ERR5956682/TP08-01_TS1_Wk5_HF_CAT_R1.fq.gz;ftp.sra.ebi.ac.uk/vol1/run/ERR595/ERR5956682/TP08-01_TS1_Wk5_HF_CAT_R2.fq.gz","fasp.sra.ebi.ac.uk:/vol1/run/ERR595/ERR5956682/TP08-01_TS1_Wk5_HF_CAT_R1.fq.gz;fasp.sra.ebi.ac.uk:/vol1/run/ERR595/ERR5956682/TP08-01_TS1_Wk5_HF_CAT_R2.fq.gz","ftp.sra.ebi.ac.uk/vol1/run/ERR595/ERR5956682/TP08-01_TS1_Wk5_HF_CAT_R1.fq.gz;ftp.sra.ebi.ac.uk/vol1/run/ERR595/ERR5956682/TP08-01_TS1_Wk5_HF_CAT_R2.fq.gz","FASTQ;FASTQ",NA,NA,NA,NA,NA,"TP08-01_Week5_Study1PeaFiber",NA,"TP08-01","5","Study1PeaFiber",NA,"2021-05-22","ftp.sra.ebi.ac.uk/vol1/err/ERR595/002/ERR5956682.bam",1290023952,"e012887793b216379be2ac21fb7abcdd"
"162","ERR5957063","ERP128019","SAMEA8793955","ERS6478305","ERX5597584","PRJEB44020","ERA4413090",256318,"metagenome","ILLUMINA","unspecified",NA,NA,"PAIRED","OTHER","METAGENOMIC","RANDOM",20606054,2702881327,"WASHINGTON UNIVERSITY CENTER FOR GENOME SCIENCES","2022-04-13","2022-04-13","unspecified sequencing: Raw reads: TP08-01_Week5_Study2OrangeFiber","An approach for evaluating the effects of dietary fiber polysaccharides on the human gut microbiome and plasma proteome","ena-STUDY-WASHINGTON UNIVERSITY CENTER FOR GENOME SCIENCES-30-03-2021-04:15:02:361-407","webin-reads-TP08-01_Week5_Study2OrangeFiber","webin-reads-TP08-01_Week5_Study2OrangeFiber","833341861;944405009","71d06ea635ffa79e178344b567f6c665;1f5194a127558858ff955ec122f1feb6","ftp.sra.ebi.ac.uk/vol1/fastq/ERR595/003/ERR5957063/ERR5957063_1.fastq.gz;ftp.sra.ebi.ac.uk/vol1/fastq/ERR595/003/ERR5957063/ERR5957063_2.fastq.gz","fasp.sra.ebi.ac.uk:/vol1/fastq/ERR595/003/ERR5957063/ERR5957063_1.fastq.gz;fasp.sra.ebi.ac.uk:/vol1/fastq/ERR595/003/ERR5957063/ERR5957063_2.fastq.gz","ftp.sra.ebi.ac.uk/vol1/fastq/ERR595/003/ERR5957063/ERR5957063_1.fastq.gz;ftp.sra.ebi.ac.uk/vol1/fastq/ERR595/003/ERR5957063/ERR5957063_2.fastq.gz","797685523;909083918","95a1cc8be463c7fb0e64d264b976bd0f;c88f9c09b94422d0176ed22830831022","ftp.sra.ebi.ac.uk/vol1/run/ERR595/ERR5957063/TP08-01_TS2_Wk5_HF_CAT_R1.fq.gz;ftp.sra.ebi.ac.uk/vol1/run/ERR595/ERR5957063/TP08-01_TS2_Wk5_HF_CAT_R2.fq.gz","fasp.sra.ebi.ac.uk:/vol1/run/ERR595/ERR5957063/TP08-01_TS2_Wk5_HF_CAT_R1.fq.gz;fasp.sra.ebi.ac.uk:/vol1/run/ERR595/ERR5957063/TP08-01_TS2_Wk5_HF_CAT_R2.fq.gz","ftp.sra.ebi.ac.uk/vol1/run/ERR595/ERR5957063/TP08-01_TS2_Wk5_HF_CAT_R1.fq.gz;ftp.sra.ebi.ac.uk/vol1/run/ERR595/ERR5957063/TP08-01_TS2_Wk5_HF_CAT_R2.fq.gz","FASTQ;FASTQ",NA,NA,NA,NA,NA,"TP08-01_Week5_Study2OrangeFiber",NA,"TP08-01","5","Study2OrangeFiber",NA,"2021-05-23","ftp.sra.ebi.ac.uk/vol1/err/ERR595/003/ERR5957063.bam",1787145707,"525b07f1738bff966f082aad2b57360a"
"163","ERR5956683","ERP128019","SAMEA8793838","ERS6478188","ERX5597204","PRJEB44020","ERA4412359",256318,"metagenome","ILLUMINA","unspecified",NA,NA,"PAIRED","OTHER","METAGENOMIC","RANDOM",17038040,2070746062,"WASHINGTON UNIVERSITY CENTER FOR GENOME SCIENCES","2022-04-13","2022-04-13","unspecified sequencing: Raw reads: TP08-01_Week8_Study1PeaFiber","An approach for evaluating the effects of dietary fiber polysaccharides on the human gut microbiome and plasma proteome","ena-STUDY-WASHINGTON UNIVERSITY CENTER FOR GENOME SCIENCES-30-03-2021-04:15:02:361-407","webin-reads-TP08-01_Week8_Study1PeaFiber","webin-reads-TP08-01_Week8_Study1PeaFiber","652726737;691417745","40b74e64b96c07ab7d1d07ec0c499626;af30ac76308e0ca4030967ce5d3d14b3","ftp.sra.ebi.ac.uk/vol1/fastq/ERR595/003/ERR5956683/ERR5956683_1.fastq.gz;ftp.sra.ebi.ac.uk/vol1/fastq/ERR595/003/ERR5956683/ERR5956683_2.fastq.gz","fasp.sra.ebi.ac.uk:/vol1/fastq/ERR595/003/ERR5956683/ERR5956683_1.fastq.gz;fasp.sra.ebi.ac.uk:/vol1/fastq/ERR595/003/ERR5956683/ERR5956683_2.fastq.gz","ftp.sra.ebi.ac.uk/vol1/fastq/ERR595/003/ERR5956683/ERR5956683_1.fastq.gz;ftp.sra.ebi.ac.uk/vol1/fastq/ERR595/003/ERR5956683/ERR5956683_2.fastq.gz","629455522;667742377","d5dd91e4c1dff185fc3c851d513cc014;4a9c7fdeed39bfece7e75bf74c6912bc","ftp.sra.ebi.ac.uk/vol1/run/ERR595/ERR5956683/TP08-01_TS1_Wk8_HF_CAT_R1.fq.gz;ftp.sra.ebi.ac.uk/vol1/run/ERR595/ERR5956683/TP08-01_TS1_Wk8_HF_CAT_R2.fq.gz","fasp.sra.ebi.ac.uk:/vol1/run/ERR595/ERR5956683/TP08-01_TS1_Wk8_HF_CAT_R1.fq.gz;fasp.sra.ebi.ac.uk:/vol1/run/ERR595/ERR5956683/TP08-01_TS1_Wk8_HF_CAT_R2.fq.gz","ftp.sra.ebi.ac.uk/vol1/run/ERR595/ERR5956683/TP08-01_TS1_Wk8_HF_CAT_R1.fq.gz;ftp.sra.ebi.ac.uk/vol1/run/ERR595/ERR5956683/TP08-01_TS1_Wk8_HF_CAT_R2.fq.gz","FASTQ;FASTQ",NA,NA,NA,NA,NA,"TP08-01_Week8_Study1PeaFiber",NA,"TP08-01","8","Study1PeaFiber",NA,"2021-05-22","ftp.sra.ebi.ac.uk/vol1/err/ERR595/003/ERR5956683.bam",1349035451,"25b4bb47d7234f1db4dc062ce331864c"
"164","ERR5957064","ERP128019","SAMEA8793956","ERS6478306","ERX5597585","PRJEB44020","ERA4413091",256318,"metagenome","ILLUMINA","unspecified",NA,NA,"PAIRED","OTHER","METAGENOMIC","RANDOM",20068892,2620160175,"WASHINGTON UNIVERSITY CENTER FOR GENOME SCIENCES","2022-04-13","2022-04-13","unspecified sequencing: Raw reads: TP08-01_Week8_Study2OrangeFiber","An approach for evaluating the effects of dietary fiber polysaccharides on the human gut microbiome and plasma proteome","ena-STUDY-WASHINGTON UNIVERSITY CENTER FOR GENOME SCIENCES-30-03-2021-04:15:02:361-407","webin-reads-TP08-01_Week8_Study2OrangeFiber","webin-reads-TP08-01_Week8_Study2OrangeFiber","820931154;920604162","b48bcad7da5af2f9a65874ae243287cd;3b0ff21bde767ceb363c49536a60fd47","ftp.sra.ebi.ac.uk/vol1/fastq/ERR595/004/ERR5957064/ERR5957064_1.fastq.gz;ftp.sra.ebi.ac.uk/vol1/fastq/ERR595/004/ERR5957064/ERR5957064_2.fastq.gz","fasp.sra.ebi.ac.uk:/vol1/fastq/ERR595/004/ERR5957064/ERR5957064_1.fastq.gz;fasp.sra.ebi.ac.uk:/vol1/fastq/ERR595/004/ERR5957064/ERR5957064_2.fastq.gz","ftp.sra.ebi.ac.uk/vol1/fastq/ERR595/004/ERR5957064/ERR5957064_1.fastq.gz;ftp.sra.ebi.ac.uk/vol1/fastq/ERR595/004/ERR5957064/ERR5957064_2.fastq.gz","786401471;886435403","1d99817f8e2edb7f3d0991cdb088842f;5c90e191cffd967b8c871373c8303fb7","ftp.sra.ebi.ac.uk/vol1/run/ERR595/ERR5957064/TP08-01_TS2_Wk8_HF_CAT_R1.fq.gz;ftp.sra.ebi.ac.uk/vol1/run/ERR595/ERR5957064/TP08-01_TS2_Wk8_HF_CAT_R2.fq.gz","fasp.sra.ebi.ac.uk:/vol1/run/ERR595/ERR5957064/TP08-01_TS2_Wk8_HF_CAT_R1.fq.gz;fasp.sra.ebi.ac.uk:/vol1/run/ERR595/ERR5957064/TP08-01_TS2_Wk8_HF_CAT_R2.fq.gz","ftp.sra.ebi.ac.uk/vol1/run/ERR595/ERR5957064/TP08-01_TS2_Wk8_HF_CAT_R1.fq.gz;ftp.sra.ebi.ac.uk/vol1/run/ERR595/ERR5957064/TP08-01_TS2_Wk8_HF_CAT_R2.fq.gz","FASTQ;FASTQ",NA,NA,NA,NA,NA,"TP08-01_Week8_Study2OrangeFiber",NA,"TP08-01","8","Study2OrangeFiber",NA,"2021-05-23","ftp.sra.ebi.ac.uk/vol1/err/ERR595/004/ERR5957064.bam",1753456817,"c5a110d728a58e74ba81418532de66b9"
"165","ERR5956685","ERP128019","SAMEA8793839","ERS6478189","ERX5597206","PRJEB44020","ERA4412361",256318,"metagenome","ILLUMINA","unspecified",NA,NA,"PAIRED","OTHER","METAGENOMIC","RANDOM",17014618,2082436911,"WASHINGTON UNIVERSITY CENTER FOR GENOME SCIENCES","2022-04-13","2022-04-13","unspecified sequencing: Raw reads: TP08-01_Week9_Study1PeaFiber","An approach for evaluating the effects of dietary fiber polysaccharides on the human gut microbiome and plasma proteome","ena-STUDY-WASHINGTON UNIVERSITY CENTER FOR GENOME SCIENCES-30-03-2021-04:15:02:361-407","webin-reads-TP08-01_Week9_Study1PeaFiber","webin-reads-TP08-01_Week9_Study1PeaFiber","650210134;689079520","89a06c33f1ae5472c928f1cee62a6b8d;8aa488bb820c75bf16182b34f757ae75","ftp.sra.ebi.ac.uk/vol1/fastq/ERR595/005/ERR5956685/ERR5956685_1.fastq.gz;ftp.sra.ebi.ac.uk/vol1/fastq/ERR595/005/ERR5956685/ERR5956685_2.fastq.gz","fasp.sra.ebi.ac.uk:/vol1/fastq/ERR595/005/ERR5956685/ERR5956685_1.fastq.gz;fasp.sra.ebi.ac.uk:/vol1/fastq/ERR595/005/ERR5956685/ERR5956685_2.fastq.gz","ftp.sra.ebi.ac.uk/vol1/fastq/ERR595/005/ERR5956685/ERR5956685_1.fastq.gz;ftp.sra.ebi.ac.uk/vol1/fastq/ERR595/005/ERR5956685/ERR5956685_2.fastq.gz","627089679;665509158","f9d4536227ebd11677588f4e42f43dc7;0e08fdf5bde6b4f42c97f8469e307c04","ftp.sra.ebi.ac.uk/vol1/run/ERR595/ERR5956685/TP08-01_TS1_Wk9_HF_CAT_R1.fq.gz;ftp.sra.ebi.ac.uk/vol1/run/ERR595/ERR5956685/TP08-01_TS1_Wk9_HF_CAT_R2.fq.gz","fasp.sra.ebi.ac.uk:/vol1/run/ERR595/ERR5956685/TP08-01_TS1_Wk9_HF_CAT_R1.fq.gz;fasp.sra.ebi.ac.uk:/vol1/run/ERR595/ERR5956685/TP08-01_TS1_Wk9_HF_CAT_R2.fq.gz","ftp.sra.ebi.ac.uk/vol1/run/ERR595/ERR5956685/TP08-01_TS1_Wk9_HF_CAT_R1.fq.gz;ftp.sra.ebi.ac.uk/vol1/run/ERR595/ERR5956685/TP08-01_TS1_Wk9_HF_CAT_R2.fq.gz","FASTQ;FASTQ",NA,NA,NA,NA,NA,"TP08-01_Week9_Study1PeaFiber",NA,"TP08-01","9","Study1PeaFiber",NA,"2021-05-22","ftp.sra.ebi.ac.uk/vol1/err/ERR595/005/ERR5956685.bam",1341601001,"ff2174ca8a74480ee65453b689ed917e"
"166","ERR5956686","ERP128019","SAMEA8793840","ERS6478190","ERX5597207","PRJEB44020","ERA4412362",256318,"metagenome","ILLUMINA","unspecified",NA,NA,"PAIRED","OTHER","METAGENOMIC","RANDOM",16931978,2083011785,"WASHINGTON UNIVERSITY CENTER FOR GENOME SCIENCES","2022-04-13","2022-04-13","unspecified sequencing: Raw reads: TP08-02_Week1_Study1PeaFiber","An approach for evaluating the effects of dietary fiber polysaccharides on the human gut microbiome and plasma proteome","ena-STUDY-WASHINGTON UNIVERSITY CENTER FOR GENOME SCIENCES-30-03-2021-04:15:02:361-407","webin-reads-TP08-02_Week1_Study1PeaFiber","webin-reads-TP08-02_Week1_Study1PeaFiber","647517773;679315552","7451977e2b286e24d8d300829f00ad35;4872cafc9052901d2fecb92868d87367","ftp.sra.ebi.ac.uk/vol1/fastq/ERR595/006/ERR5956686/ERR5956686_1.fastq.gz;ftp.sra.ebi.ac.uk/vol1/fastq/ERR595/006/ERR5956686/ERR5956686_2.fastq.gz","fasp.sra.ebi.ac.uk:/vol1/fastq/ERR595/006/ERR5956686/ERR5956686_1.fastq.gz;fasp.sra.ebi.ac.uk:/vol1/fastq/ERR595/006/ERR5956686/ERR5956686_2.fastq.gz","ftp.sra.ebi.ac.uk/vol1/fastq/ERR595/006/ERR5956686/ERR5956686_1.fastq.gz;ftp.sra.ebi.ac.uk/vol1/fastq/ERR595/006/ERR5956686/ERR5956686_2.fastq.gz","624374434;655762276","2c36343aa9023f34f87b8865b341f647;21f6752c8337ae21d3c7fea55a024eb9","ftp.sra.ebi.ac.uk/vol1/run/ERR595/ERR5956686/TP08-02_TS1_Wk1_HF_CAT_R1.fq.gz;ftp.sra.ebi.ac.uk/vol1/run/ERR595/ERR5956686/TP08-02_TS1_Wk1_HF_CAT_R2.fq.gz","fasp.sra.ebi.ac.uk:/vol1/run/ERR595/ERR5956686/TP08-02_TS1_Wk1_HF_CAT_R1.fq.gz;fasp.sra.ebi.ac.uk:/vol1/run/ERR595/ERR5956686/TP08-02_TS1_Wk1_HF_CAT_R2.fq.gz","ftp.sra.ebi.ac.uk/vol1/run/ERR595/ERR5956686/TP08-02_TS1_Wk1_HF_CAT_R1.fq.gz;ftp.sra.ebi.ac.uk/vol1/run/ERR595/ERR5956686/TP08-02_TS1_Wk1_HF_CAT_R2.fq.gz","FASTQ;FASTQ",NA,NA,NA,NA,NA,"TP08-02_Week1_Study1PeaFiber",NA,"TP08-02","1","Study1PeaFiber",NA,"2021-05-22","ftp.sra.ebi.ac.uk/vol1/err/ERR595/006/ERR5956686.bam",1326734963,"849b5f3e9a2800faa3212d5524258182"
"167","ERR5956709","ERP128019","SAMEA8793861","ERS6478211","ERX5597230","PRJEB44020","ERA4412387",256318,"metagenome","ILLUMINA","unspecified",NA,NA,"PAIRED","OTHER","METAGENOMIC","RANDOM",21609970,2704843239,"WASHINGTON UNIVERSITY CENTER FOR GENOME SCIENCES","2022-04-13","2022-04-13","unspecified sequencing: Raw reads: TP08-02_Week1_Study2OrangeFiber","An approach for evaluating the effects of dietary fiber polysaccharides on the human gut microbiome and plasma proteome","ena-STUDY-WASHINGTON UNIVERSITY CENTER FOR GENOME SCIENCES-30-03-2021-04:15:02:361-407","webin-reads-TP08-02_Week1_Study2OrangeFiber","webin-reads-TP08-02_Week1_Study2OrangeFiber","813978701;920171141","b7843743c32b25b6a11c5102b0a17e12;6382fac4daddb684cd5ec701d1de5bb4","ftp.sra.ebi.ac.uk/vol1/fastq/ERR595/009/ERR5956709/ERR5956709_1.fastq.gz;ftp.sra.ebi.ac.uk/vol1/fastq/ERR595/009/ERR5956709/ERR5956709_2.fastq.gz","fasp.sra.ebi.ac.uk:/vol1/fastq/ERR595/009/ERR5956709/ERR5956709_1.fastq.gz;fasp.sra.ebi.ac.uk:/vol1/fastq/ERR595/009/ERR5956709/ERR5956709_2.fastq.gz","ftp.sra.ebi.ac.uk/vol1/fastq/ERR595/009/ERR5956709/ERR5956709_1.fastq.gz;ftp.sra.ebi.ac.uk/vol1/fastq/ERR595/009/ERR5956709/ERR5956709_2.fastq.gz","777226469;883979788","b5497edaf14f8c3ca41b72ba34eb7637;bf1e9ec0fdc49be5e0ce97a72c7c029d","ftp.sra.ebi.ac.uk/vol1/run/ERR595/ERR5956709/TP08-02_TS2_Wk1_HF_CAT_R1.fq.gz;ftp.sra.ebi.ac.uk/vol1/run/ERR595/ERR5956709/TP08-02_TS2_Wk1_HF_CAT_R2.fq.gz","fasp.sra.ebi.ac.uk:/vol1/run/ERR595/ERR5956709/TP08-02_TS2_Wk1_HF_CAT_R1.fq.gz;fasp.sra.ebi.ac.uk:/vol1/run/ERR595/ERR5956709/TP08-02_TS2_Wk1_HF_CAT_R2.fq.gz","ftp.sra.ebi.ac.uk/vol1/run/ERR595/ERR5956709/TP08-02_TS2_Wk1_HF_CAT_R1.fq.gz;ftp.sra.ebi.ac.uk/vol1/run/ERR595/ERR5956709/TP08-02_TS2_Wk1_HF_CAT_R2.fq.gz","FASTQ;FASTQ",NA,NA,NA,NA,NA,"TP08-02_Week1_Study2OrangeFiber",NA,"TP08-02","1","Study2OrangeFiber",NA,"2021-05-22","ftp.sra.ebi.ac.uk/vol1/err/ERR595/009/ERR5956709.bam",1743260138,"bb411a4fc8c3d276d7fde34220abe5fa"
"168","ERR5956710","ERP128019","SAMEA8793862","ERS6478212","ERX5597231","PRJEB44020","ERA4412388",256318,"metagenome","ILLUMINA","unspecified",NA,NA,"PAIRED","OTHER","METAGENOMIC","RANDOM",19860124,2558379905,"WASHINGTON UNIVERSITY CENTER FOR GENOME SCIENCES","2022-04-13","2022-04-13","unspecified sequencing: Raw reads: TP08-02_Week2_Study2OrangeFiber","An approach for evaluating the effects of dietary fiber polysaccharides on the human gut microbiome and plasma proteome","ena-STUDY-WASHINGTON UNIVERSITY CENTER FOR GENOME SCIENCES-30-03-2021-04:15:02:361-407","webin-reads-TP08-02_Week2_Study2OrangeFiber","webin-reads-TP08-02_Week2_Study2OrangeFiber","785144101;898119108","0fb73877771cf4a6424584f8c0d7ddf4;c7d7406c57d666c080294a991f2b656e","ftp.sra.ebi.ac.uk/vol1/fastq/ERR595/000/ERR5956710/ERR5956710_1.fastq.gz;ftp.sra.ebi.ac.uk/vol1/fastq/ERR595/000/ERR5956710/ERR5956710_2.fastq.gz","fasp.sra.ebi.ac.uk:/vol1/fastq/ERR595/000/ERR5956710/ERR5956710_1.fastq.gz;fasp.sra.ebi.ac.uk:/vol1/fastq/ERR595/000/ERR5956710/ERR5956710_2.fastq.gz","ftp.sra.ebi.ac.uk/vol1/fastq/ERR595/000/ERR5956710/ERR5956710_1.fastq.gz;ftp.sra.ebi.ac.uk/vol1/fastq/ERR595/000/ERR5956710/ERR5956710_2.fastq.gz","751769774;865263981","83eb39568fa3235a6bd90fc9d5e0ff72;0bcc9fded0a9a54bf426050e3181dcf1","ftp.sra.ebi.ac.uk/vol1/run/ERR595/ERR5956710/TP08-02_TS2_Wk2_HF_CAT_R1.fq.gz;ftp.sra.ebi.ac.uk/vol1/run/ERR595/ERR5956710/TP08-02_TS2_Wk2_HF_CAT_R2.fq.gz","fasp.sra.ebi.ac.uk:/vol1/run/ERR595/ERR5956710/TP08-02_TS2_Wk2_HF_CAT_R1.fq.gz;fasp.sra.ebi.ac.uk:/vol1/run/ERR595/ERR5956710/TP08-02_TS2_Wk2_HF_CAT_R2.fq.gz","ftp.sra.ebi.ac.uk/vol1/run/ERR595/ERR5956710/TP08-02_TS2_Wk2_HF_CAT_R1.fq.gz;ftp.sra.ebi.ac.uk/vol1/run/ERR595/ERR5956710/TP08-02_TS2_Wk2_HF_CAT_R2.fq.gz","FASTQ;FASTQ",NA,NA,NA,NA,NA,"TP08-02_Week2_Study2OrangeFiber",NA,"TP08-02","2","Study2OrangeFiber",NA,"2021-05-22","ftp.sra.ebi.ac.uk/vol1/err/ERR595/000/ERR5956710.bam",1693241944,"a6aacb499d32fe08018a1f68e7adf40b"
"169","ERR5956687","ERP128019","SAMEA8793841","ERS6478191","ERX5597208","PRJEB44020","ERA4412364",256318,"metagenome","ILLUMINA","unspecified",NA,NA,"PAIRED","OTHER","METAGENOMIC","RANDOM",15312718,1894835876,"WASHINGTON UNIVERSITY CENTER FOR GENOME SCIENCES","2022-04-13","2022-04-13","unspecified sequencing: Raw reads: TP08-02_Week2_Study1PeaFiber","An approach for evaluating the effects of dietary fiber polysaccharides on the human gut microbiome and plasma proteome","ena-STUDY-WASHINGTON UNIVERSITY CENTER FOR GENOME SCIENCES-30-03-2021-04:15:02:361-407","webin-reads-TP08-02_Week2_Study1PeaFiber","webin-reads-TP08-02_Week2_Study1PeaFiber","571945305;596331017","ad62b51ad503faadd82d47fecbc49c0b;97d9dcc3560e50fb51ab1524d95aedab","ftp.sra.ebi.ac.uk/vol1/fastq/ERR595/007/ERR5956687/ERR5956687_1.fastq.gz;ftp.sra.ebi.ac.uk/vol1/fastq/ERR595/007/ERR5956687/ERR5956687_2.fastq.gz","fasp.sra.ebi.ac.uk:/vol1/fastq/ERR595/007/ERR5956687/ERR5956687_1.fastq.gz;fasp.sra.ebi.ac.uk:/vol1/fastq/ERR595/007/ERR5956687/ERR5956687_2.fastq.gz","ftp.sra.ebi.ac.uk/vol1/fastq/ERR595/007/ERR5956687/ERR5956687_1.fastq.gz;ftp.sra.ebi.ac.uk/vol1/fastq/ERR595/007/ERR5956687/ERR5956687_2.fastq.gz","551016056;575166862","ce65027f6d033128370b8b9fc513f2c9;b736f858960bb639ab8ec459820165ff","ftp.sra.ebi.ac.uk/vol1/run/ERR595/ERR5956687/TP08-02_TS1_Wk2_HF_CAT_R1.fq.gz;ftp.sra.ebi.ac.uk/vol1/run/ERR595/ERR5956687/TP08-02_TS1_Wk2_HF_CAT_R2.fq.gz","fasp.sra.ebi.ac.uk:/vol1/run/ERR595/ERR5956687/TP08-02_TS1_Wk2_HF_CAT_R1.fq.gz;fasp.sra.ebi.ac.uk:/vol1/run/ERR595/ERR5956687/TP08-02_TS1_Wk2_HF_CAT_R2.fq.gz","ftp.sra.ebi.ac.uk/vol1/run/ERR595/ERR5956687/TP08-02_TS1_Wk2_HF_CAT_R1.fq.gz;ftp.sra.ebi.ac.uk/vol1/run/ERR595/ERR5956687/TP08-02_TS1_Wk2_HF_CAT_R2.fq.gz","FASTQ;FASTQ",NA,NA,NA,NA,NA,"TP08-02_Week2_Study1PeaFiber",NA,"TP08-02","2","Study1PeaFiber",NA,"2021-05-22","ftp.sra.ebi.ac.uk/vol1/err/ERR595/007/ERR5956687.bam",1161451781,"90a0d7b914b1fc42f05d724fdc3cfce2"
"170","ERR5956688","ERP128019","SAMEA8793842","ERS6478192","ERX5597209","PRJEB44020","ERA4412365",256318,"metagenome","ILLUMINA","unspecified",NA,NA,"PAIRED","OTHER","METAGENOMIC","RANDOM",16685686,1997320498,"WASHINGTON UNIVERSITY CENTER FOR GENOME SCIENCES","2022-04-13","2022-04-13","unspecified sequencing: Raw reads: TP08-02_Week3_Study1PeaFiber","An approach for evaluating the effects of dietary fiber polysaccharides on the human gut microbiome and plasma proteome","ena-STUDY-WASHINGTON UNIVERSITY CENTER FOR GENOME SCIENCES-30-03-2021-04:15:02:361-407","webin-reads-TP08-02_Week3_Study1PeaFiber","webin-reads-TP08-02_Week3_Study1PeaFiber","604136678;631543876","a2197d4d62b165e8523b7e20ed7fc020;a86f0368d532676171edae46cfaf2bbd","ftp.sra.ebi.ac.uk/vol1/fastq/ERR595/008/ERR5956688/ERR5956688_1.fastq.gz;ftp.sra.ebi.ac.uk/vol1/fastq/ERR595/008/ERR5956688/ERR5956688_2.fastq.gz","fasp.sra.ebi.ac.uk:/vol1/fastq/ERR595/008/ERR5956688/ERR5956688_1.fastq.gz;fasp.sra.ebi.ac.uk:/vol1/fastq/ERR595/008/ERR5956688/ERR5956688_2.fastq.gz","ftp.sra.ebi.ac.uk/vol1/fastq/ERR595/008/ERR5956688/ERR5956688_1.fastq.gz;ftp.sra.ebi.ac.uk/vol1/fastq/ERR595/008/ERR5956688/ERR5956688_2.fastq.gz","581162712;608305151","2f41fa966e426fa7d3700e69d95b8188;50dc7a8b8ddfd4580bae08721da32d82","ftp.sra.ebi.ac.uk/vol1/run/ERR595/ERR5956688/TP08-02_TS1_Wk3_HF_CAT_R1.fq.gz;ftp.sra.ebi.ac.uk/vol1/run/ERR595/ERR5956688/TP08-02_TS1_Wk3_HF_CAT_R2.fq.gz","fasp.sra.ebi.ac.uk:/vol1/run/ERR595/ERR5956688/TP08-02_TS1_Wk3_HF_CAT_R1.fq.gz;fasp.sra.ebi.ac.uk:/vol1/run/ERR595/ERR5956688/TP08-02_TS1_Wk3_HF_CAT_R2.fq.gz","ftp.sra.ebi.ac.uk/vol1/run/ERR595/ERR5956688/TP08-02_TS1_Wk3_HF_CAT_R1.fq.gz;ftp.sra.ebi.ac.uk/vol1/run/ERR595/ERR5956688/TP08-02_TS1_Wk3_HF_CAT_R2.fq.gz","FASTQ;FASTQ",NA,NA,NA,NA,NA,"TP08-02_Week3_Study1PeaFiber",NA,"TP08-02","3","Study1PeaFiber",NA,"2021-05-22","ftp.sra.ebi.ac.uk/vol1/err/ERR595/008/ERR5956688.bam",1230836286,"ad2b11481df7c704c6088f18e0e2bc8a"
"171","ERR5956689","ERP128019","SAMEA8793843","ERS6478193","ERX5597210","PRJEB44020","ERA4412366",256318,"metagenome","ILLUMINA","unspecified",NA,NA,"PAIRED","OTHER","METAGENOMIC","RANDOM",16469240,2030812397,"WASHINGTON UNIVERSITY CENTER FOR GENOME SCIENCES","2022-04-13","2022-04-13","unspecified sequencing: Raw reads: TP08-02_Week4_Study1PeaFiber","An approach for evaluating the effects of dietary fiber polysaccharides on the human gut microbiome and plasma proteome","ena-STUDY-WASHINGTON UNIVERSITY CENTER FOR GENOME SCIENCES-30-03-2021-04:15:02:361-407","webin-reads-TP08-02_Week4_Study1PeaFiber","webin-reads-TP08-02_Week4_Study1PeaFiber","618117112;648724815","8fa2a44fd49ab5449ad1648f54c8f999;3654f27a490f896e3fd3ed66a6913e01","ftp.sra.ebi.ac.uk/vol1/fastq/ERR595/009/ERR5956689/ERR5956689_1.fastq.gz;ftp.sra.ebi.ac.uk/vol1/fastq/ERR595/009/ERR5956689/ERR5956689_2.fastq.gz","fasp.sra.ebi.ac.uk:/vol1/fastq/ERR595/009/ERR5956689/ERR5956689_1.fastq.gz;fasp.sra.ebi.ac.uk:/vol1/fastq/ERR595/009/ERR5956689/ERR5956689_2.fastq.gz","ftp.sra.ebi.ac.uk/vol1/fastq/ERR595/009/ERR5956689/ERR5956689_1.fastq.gz;ftp.sra.ebi.ac.uk/vol1/fastq/ERR595/009/ERR5956689/ERR5956689_2.fastq.gz","595308525;625683749","daa1f25c9dc0b085b477cc77bfae10f3;6698c0704fd3d6e3c222d333e0b37109","ftp.sra.ebi.ac.uk/vol1/run/ERR595/ERR5956689/TP08-02_TS1_Wk4_HF_CAT_R1.fq.gz;ftp.sra.ebi.ac.uk/vol1/run/ERR595/ERR5956689/TP08-02_TS1_Wk4_HF_CAT_R2.fq.gz","fasp.sra.ebi.ac.uk:/vol1/run/ERR595/ERR5956689/TP08-02_TS1_Wk4_HF_CAT_R1.fq.gz;fasp.sra.ebi.ac.uk:/vol1/run/ERR595/ERR5956689/TP08-02_TS1_Wk4_HF_CAT_R2.fq.gz","ftp.sra.ebi.ac.uk/vol1/run/ERR595/ERR5956689/TP08-02_TS1_Wk4_HF_CAT_R1.fq.gz;ftp.sra.ebi.ac.uk/vol1/run/ERR595/ERR5956689/TP08-02_TS1_Wk4_HF_CAT_R2.fq.gz","FASTQ;FASTQ",NA,NA,NA,NA,NA,"TP08-02_Week4_Study1PeaFiber",NA,"TP08-02","4","Study1PeaFiber",NA,"2021-05-22","ftp.sra.ebi.ac.uk/vol1/err/ERR595/009/ERR5956689.bam",1261802356,"c164fbb095eaaa48b16b62552d3da3b3"
"172","ERR5956711","ERP128019","SAMEA8793863","ERS6478213","ERX5597232","PRJEB44020","ERA4412389",256318,"metagenome","ILLUMINA","unspecified",NA,NA,"PAIRED","OTHER","METAGENOMIC","RANDOM",19700328,2629019273,"WASHINGTON UNIVERSITY CENTER FOR GENOME SCIENCES","2022-04-13","2022-04-13","unspecified sequencing: Raw reads: TP08-02_Week5_Study2OrangeFiber","An approach for evaluating the effects of dietary fiber polysaccharides on the human gut microbiome and plasma proteome","ena-STUDY-WASHINGTON UNIVERSITY CENTER FOR GENOME SCIENCES-30-03-2021-04:15:02:361-407","webin-reads-TP08-02_Week5_Study2OrangeFiber","webin-reads-TP08-02_Week5_Study2OrangeFiber","855059206;936808212","4e577e5d5c82fe998cbe4307d1c82580;9b096f9579347935244f2b109daab138","ftp.sra.ebi.ac.uk/vol1/fastq/ERR595/001/ERR5956711/ERR5956711_1.fastq.gz;ftp.sra.ebi.ac.uk/vol1/fastq/ERR595/001/ERR5956711/ERR5956711_2.fastq.gz","fasp.sra.ebi.ac.uk:/vol1/fastq/ERR595/001/ERR5956711/ERR5956711_1.fastq.gz;fasp.sra.ebi.ac.uk:/vol1/fastq/ERR595/001/ERR5956711/ERR5956711_2.fastq.gz","ftp.sra.ebi.ac.uk/vol1/fastq/ERR595/001/ERR5956711/ERR5956711_1.fastq.gz;ftp.sra.ebi.ac.uk/vol1/fastq/ERR595/001/ERR5956711/ERR5956711_2.fastq.gz","820974967;902796948","81548f92fafd33b73d014474cc6bfe91;f8eff18c9700661633f13996e9ac818b","ftp.sra.ebi.ac.uk/vol1/run/ERR595/ERR5956711/TP08-02_TS2_Wk5_HF_CAT_R1.fq.gz;ftp.sra.ebi.ac.uk/vol1/run/ERR595/ERR5956711/TP08-02_TS2_Wk5_HF_CAT_R2.fq.gz","fasp.sra.ebi.ac.uk:/vol1/run/ERR595/ERR5956711/TP08-02_TS2_Wk5_HF_CAT_R1.fq.gz;fasp.sra.ebi.ac.uk:/vol1/run/ERR595/ERR5956711/TP08-02_TS2_Wk5_HF_CAT_R2.fq.gz","ftp.sra.ebi.ac.uk/vol1/run/ERR595/ERR5956711/TP08-02_TS2_Wk5_HF_CAT_R1.fq.gz;ftp.sra.ebi.ac.uk/vol1/run/ERR595/ERR5956711/TP08-02_TS2_Wk5_HF_CAT_R2.fq.gz","FASTQ;FASTQ",NA,NA,NA,NA,NA,"TP08-02_Week5_Study2OrangeFiber",NA,"TP08-02","5","Study2OrangeFiber",NA,"2021-05-22","ftp.sra.ebi.ac.uk/vol1/err/ERR595/001/ERR5956711.bam",1804084048,"250c4870b4b74a7cc881d29409fbe522"
"173","ERR5956690","ERP128019","SAMEA8793844","ERS6478194","ERX5597211","PRJEB44020","ERA4412367",256318,"metagenome","ILLUMINA","unspecified",NA,NA,"PAIRED","OTHER","METAGENOMIC","RANDOM",16726930,2012564481,"WASHINGTON UNIVERSITY CENTER FOR GENOME SCIENCES","2022-04-13","2022-04-13","unspecified sequencing: Raw reads: TP08-02_Week5_Study1PeaFiber","An approach for evaluating the effects of dietary fiber polysaccharides on the human gut microbiome and plasma proteome","ena-STUDY-WASHINGTON UNIVERSITY CENTER FOR GENOME SCIENCES-30-03-2021-04:15:02:361-407","webin-reads-TP08-02_Week5_Study1PeaFiber","webin-reads-TP08-02_Week5_Study1PeaFiber","610252045;637933343","58e453c3bccfb8fd45f9cec952cfdcbf;9ebc1f2afc2b1da39c4a946fc39c42b8","ftp.sra.ebi.ac.uk/vol1/fastq/ERR595/000/ERR5956690/ERR5956690_1.fastq.gz;ftp.sra.ebi.ac.uk/vol1/fastq/ERR595/000/ERR5956690/ERR5956690_2.fastq.gz","fasp.sra.ebi.ac.uk:/vol1/fastq/ERR595/000/ERR5956690/ERR5956690_1.fastq.gz;fasp.sra.ebi.ac.uk:/vol1/fastq/ERR595/000/ERR5956690/ERR5956690_2.fastq.gz","ftp.sra.ebi.ac.uk/vol1/fastq/ERR595/000/ERR5956690/ERR5956690_1.fastq.gz;ftp.sra.ebi.ac.uk/vol1/fastq/ERR595/000/ERR5956690/ERR5956690_2.fastq.gz","587195585;614637103","1a1094cf85995ee8d37fc87e984648a2;8296d27482dcc679546e62380fe64e7b","ftp.sra.ebi.ac.uk/vol1/run/ERR595/ERR5956690/TP08-02_TS1_Wk5_HF_CAT_R1.fq.gz;ftp.sra.ebi.ac.uk/vol1/run/ERR595/ERR5956690/TP08-02_TS1_Wk5_HF_CAT_R2.fq.gz","fasp.sra.ebi.ac.uk:/vol1/run/ERR595/ERR5956690/TP08-02_TS1_Wk5_HF_CAT_R1.fq.gz;fasp.sra.ebi.ac.uk:/vol1/run/ERR595/ERR5956690/TP08-02_TS1_Wk5_HF_CAT_R2.fq.gz","ftp.sra.ebi.ac.uk/vol1/run/ERR595/ERR5956690/TP08-02_TS1_Wk5_HF_CAT_R1.fq.gz;ftp.sra.ebi.ac.uk/vol1/run/ERR595/ERR5956690/TP08-02_TS1_Wk5_HF_CAT_R2.fq.gz","FASTQ;FASTQ",NA,NA,NA,NA,NA,"TP08-02_Week5_Study1PeaFiber",NA,"TP08-02","5","Study1PeaFiber",NA,"2021-05-22","ftp.sra.ebi.ac.uk/vol1/err/ERR595/000/ERR5956690.bam",1243041994,"d92dce5adf2d14a4dfb25d631f3ec92b"
"174","ERR5956691","ERP128019","SAMEA8793845","ERS6478195","ERX5597212","PRJEB44020","ERA4412369",256318,"metagenome","ILLUMINA","unspecified",NA,NA,"PAIRED","OTHER","METAGENOMIC","RANDOM",16875490,2060094865,"WASHINGTON UNIVERSITY CENTER FOR GENOME SCIENCES","2022-04-13","2022-04-13","unspecified sequencing: Raw reads: TP08-02_Week8_Study1PeaFiber","An approach for evaluating the effects of dietary fiber polysaccharides on the human gut microbiome and plasma proteome","ena-STUDY-WASHINGTON UNIVERSITY CENTER FOR GENOME SCIENCES-30-03-2021-04:15:02:361-407","webin-reads-TP08-02_Week8_Study1PeaFiber","webin-reads-TP08-02_Week8_Study1PeaFiber","624063127;653027120","4a93d43b4c722c1cc66496a6700970c9;17cd385882c7d1d3717bac3a101155ce","ftp.sra.ebi.ac.uk/vol1/fastq/ERR595/001/ERR5956691/ERR5956691_1.fastq.gz;ftp.sra.ebi.ac.uk/vol1/fastq/ERR595/001/ERR5956691/ERR5956691_2.fastq.gz","fasp.sra.ebi.ac.uk:/vol1/fastq/ERR595/001/ERR5956691/ERR5956691_1.fastq.gz;fasp.sra.ebi.ac.uk:/vol1/fastq/ERR595/001/ERR5956691/ERR5956691_2.fastq.gz","ftp.sra.ebi.ac.uk/vol1/fastq/ERR595/001/ERR5956691/ERR5956691_1.fastq.gz;ftp.sra.ebi.ac.uk/vol1/fastq/ERR595/001/ERR5956691/ERR5956691_2.fastq.gz","600606633;629329744","2ac3afa2e549853b9fdf0435f5116caf;dbd98d9a9823f93ddc0c5ebe4b7d5f6c","ftp.sra.ebi.ac.uk/vol1/run/ERR595/ERR5956691/TP08-02_TS1_Wk8_HF_CAT_R1.fq.gz;ftp.sra.ebi.ac.uk/vol1/run/ERR595/ERR5956691/TP08-02_TS1_Wk8_HF_CAT_R2.fq.gz","fasp.sra.ebi.ac.uk:/vol1/run/ERR595/ERR5956691/TP08-02_TS1_Wk8_HF_CAT_R1.fq.gz;fasp.sra.ebi.ac.uk:/vol1/run/ERR595/ERR5956691/TP08-02_TS1_Wk8_HF_CAT_R2.fq.gz","ftp.sra.ebi.ac.uk/vol1/run/ERR595/ERR5956691/TP08-02_TS1_Wk8_HF_CAT_R1.fq.gz;ftp.sra.ebi.ac.uk/vol1/run/ERR595/ERR5956691/TP08-02_TS1_Wk8_HF_CAT_R2.fq.gz","FASTQ;FASTQ",NA,NA,NA,NA,NA,"TP08-02_Week8_Study1PeaFiber",NA,"TP08-02","8","Study1PeaFiber",NA,"2021-05-22","ftp.sra.ebi.ac.uk/vol1/err/ERR595/001/ERR5956691.bam",1271419674,"d4c705a0c3983e3987e2fc0561a27024"
"175","ERR5956712","ERP128019","SAMEA8793864","ERS6478214","ERX5597233","PRJEB44020","ERA4412390",256318,"metagenome","ILLUMINA","unspecified",NA,NA,"PAIRED","OTHER","METAGENOMIC","RANDOM",20041694,2643784542,"WASHINGTON UNIVERSITY CENTER FOR GENOME SCIENCES","2022-04-13","2022-04-13","unspecified sequencing: Raw reads: TP08-02_Week8_Study2OrangeFiber","An approach for evaluating the effects of dietary fiber polysaccharides on the human gut microbiome and plasma proteome","ena-STUDY-WASHINGTON UNIVERSITY CENTER FOR GENOME SCIENCES-30-03-2021-04:15:02:361-407","webin-reads-TP08-02_Week8_Study2OrangeFiber","webin-reads-TP08-02_Week8_Study2OrangeFiber","835296764;912819279","55959cba4af8cf8a9f472976641b2467;4bba56148c2ff27e35bf501deb4326d3","ftp.sra.ebi.ac.uk/vol1/fastq/ERR595/002/ERR5956712/ERR5956712_1.fastq.gz;ftp.sra.ebi.ac.uk/vol1/fastq/ERR595/002/ERR5956712/ERR5956712_2.fastq.gz","fasp.sra.ebi.ac.uk:/vol1/fastq/ERR595/002/ERR5956712/ERR5956712_1.fastq.gz;fasp.sra.ebi.ac.uk:/vol1/fastq/ERR595/002/ERR5956712/ERR5956712_2.fastq.gz","ftp.sra.ebi.ac.uk/vol1/fastq/ERR595/002/ERR5956712/ERR5956712_1.fastq.gz;ftp.sra.ebi.ac.uk/vol1/fastq/ERR595/002/ERR5956712/ERR5956712_2.fastq.gz","800692085;878564653","ea587176e01d52703bcc82065dbcaf3e;16cc7b9423138f180ffb6aca26d5bf6a","ftp.sra.ebi.ac.uk/vol1/run/ERR595/ERR5956712/TP08-02_TS2_Wk8_HF_CAT_R1.fq.gz;ftp.sra.ebi.ac.uk/vol1/run/ERR595/ERR5956712/TP08-02_TS2_Wk8_HF_CAT_R2.fq.gz","fasp.sra.ebi.ac.uk:/vol1/run/ERR595/ERR5956712/TP08-02_TS2_Wk8_HF_CAT_R1.fq.gz;fasp.sra.ebi.ac.uk:/vol1/run/ERR595/ERR5956712/TP08-02_TS2_Wk8_HF_CAT_R2.fq.gz","ftp.sra.ebi.ac.uk/vol1/run/ERR595/ERR5956712/TP08-02_TS2_Wk8_HF_CAT_R1.fq.gz;ftp.sra.ebi.ac.uk/vol1/run/ERR595/ERR5956712/TP08-02_TS2_Wk8_HF_CAT_R2.fq.gz","FASTQ;FASTQ",NA,NA,NA,NA,NA,"TP08-02_Week8_Study2OrangeFiber",NA,"TP08-02","8","Study2OrangeFiber",NA,"2021-05-22","ftp.sra.ebi.ac.uk/vol1/err/ERR595/002/ERR5956712.bam",1756280260,"0aacf14547596a38e2c8a7e0f87a66e7"
"176","ERR5956692","ERP128019","SAMEA8793846","ERS6478196","ERX5597213","PRJEB44020","ERA4412370",256318,"metagenome","ILLUMINA","unspecified",NA,NA,"PAIRED","OTHER","METAGENOMIC","RANDOM",15953106,1946844021,"WASHINGTON UNIVERSITY CENTER FOR GENOME SCIENCES","2022-04-13","2022-04-13","unspecified sequencing: Raw reads: TP08-02_Week9_Study1PeaFiber","An approach for evaluating the effects of dietary fiber polysaccharides on the human gut microbiome and plasma proteome","ena-STUDY-WASHINGTON UNIVERSITY CENTER FOR GENOME SCIENCES-30-03-2021-04:15:02:361-407","webin-reads-TP08-02_Week9_Study1PeaFiber","webin-reads-TP08-02_Week9_Study1PeaFiber","595055686;622199177","9bf17d6c18edaa27db95c65ce4687a32;56bfa4445334a17ab005c545d2b8128c","ftp.sra.ebi.ac.uk/vol1/fastq/ERR595/002/ERR5956692/ERR5956692_1.fastq.gz;ftp.sra.ebi.ac.uk/vol1/fastq/ERR595/002/ERR5956692/ERR5956692_2.fastq.gz","fasp.sra.ebi.ac.uk:/vol1/fastq/ERR595/002/ERR5956692/ERR5956692_1.fastq.gz;fasp.sra.ebi.ac.uk:/vol1/fastq/ERR595/002/ERR5956692/ERR5956692_2.fastq.gz","ftp.sra.ebi.ac.uk/vol1/fastq/ERR595/002/ERR5956692/ERR5956692_1.fastq.gz;ftp.sra.ebi.ac.uk/vol1/fastq/ERR595/002/ERR5956692/ERR5956692_2.fastq.gz","573054663;599975052","fbca3f9f818f731c217d96e3eedec6f5;2b23f937c0e95de51ba6dd55f05da4bc","ftp.sra.ebi.ac.uk/vol1/run/ERR595/ERR5956692/TP08-02_TS1_Wk9_HF_CAT_R1.fq.gz;ftp.sra.ebi.ac.uk/vol1/run/ERR595/ERR5956692/TP08-02_TS1_Wk9_HF_CAT_R2.fq.gz","fasp.sra.ebi.ac.uk:/vol1/run/ERR595/ERR5956692/TP08-02_TS1_Wk9_HF_CAT_R1.fq.gz;fasp.sra.ebi.ac.uk:/vol1/run/ERR595/ERR5956692/TP08-02_TS1_Wk9_HF_CAT_R2.fq.gz","ftp.sra.ebi.ac.uk/vol1/run/ERR595/ERR5956692/TP08-02_TS1_Wk9_HF_CAT_R1.fq.gz;ftp.sra.ebi.ac.uk/vol1/run/ERR595/ERR5956692/TP08-02_TS1_Wk9_HF_CAT_R2.fq.gz","FASTQ;FASTQ",NA,NA,NA,NA,NA,"TP08-02_Week9_Study1PeaFiber",NA,"TP08-02","9","Study1PeaFiber",NA,"2021-05-22","ftp.sra.ebi.ac.uk/vol1/err/ERR595/002/ERR5956692.bam",1212900922,"37d3c13a6950448edd45202f98a15776"
"177","ERR5956693","ERP128019","SAMEA8793847","ERS6478197","ERX5597214","PRJEB44020","ERA4412371",256318,"metagenome","ILLUMINA","unspecified",NA,NA,"PAIRED","OTHER","METAGENOMIC","RANDOM",16957416,1922811616,"WASHINGTON UNIVERSITY CENTER FOR GENOME SCIENCES","2022-04-13","2022-04-13","unspecified sequencing: Raw reads: TP09-01_Week1_Study1PeaFiber","An approach for evaluating the effects of dietary fiber polysaccharides on the human gut microbiome and plasma proteome","ena-STUDY-WASHINGTON UNIVERSITY CENTER FOR GENOME SCIENCES-30-03-2021-04:15:02:361-407","webin-reads-TP09-01_Week1_Study1PeaFiber","webin-reads-TP09-01_Week1_Study1PeaFiber","584787871;611386752","db9de9e80085c99d2a971b3a095d5407;755b5d81067adc580708cac9cc313426","ftp.sra.ebi.ac.uk/vol1/fastq/ERR595/003/ERR5956693/ERR5956693_1.fastq.gz;ftp.sra.ebi.ac.uk/vol1/fastq/ERR595/003/ERR5956693/ERR5956693_2.fastq.gz","fasp.sra.ebi.ac.uk:/vol1/fastq/ERR595/003/ERR5956693/ERR5956693_1.fastq.gz;fasp.sra.ebi.ac.uk:/vol1/fastq/ERR595/003/ERR5956693/ERR5956693_2.fastq.gz","ftp.sra.ebi.ac.uk/vol1/fastq/ERR595/003/ERR5956693/ERR5956693_1.fastq.gz;ftp.sra.ebi.ac.uk/vol1/fastq/ERR595/003/ERR5956693/ERR5956693_2.fastq.gz","561441191;587790976","0f1c2dbdede008cd742c5f5c1ce282b7;9ba0d25d775f38dc214319f48eaa70aa","ftp.sra.ebi.ac.uk/vol1/run/ERR595/ERR5956693/TP09-01_TS1_Wk1_HF_CAT_R1.fq.gz;ftp.sra.ebi.ac.uk/vol1/run/ERR595/ERR5956693/TP09-01_TS1_Wk1_HF_CAT_R2.fq.gz","fasp.sra.ebi.ac.uk:/vol1/run/ERR595/ERR5956693/TP09-01_TS1_Wk1_HF_CAT_R1.fq.gz;fasp.sra.ebi.ac.uk:/vol1/run/ERR595/ERR5956693/TP09-01_TS1_Wk1_HF_CAT_R2.fq.gz","ftp.sra.ebi.ac.uk/vol1/run/ERR595/ERR5956693/TP09-01_TS1_Wk1_HF_CAT_R1.fq.gz;ftp.sra.ebi.ac.uk/vol1/run/ERR595/ERR5956693/TP09-01_TS1_Wk1_HF_CAT_R2.fq.gz","FASTQ;FASTQ",NA,NA,NA,NA,NA,"TP09-01_Week1_Study1PeaFiber",NA,"TP09-01","1","Study1PeaFiber",NA,"2021-05-22","ftp.sra.ebi.ac.uk/vol1/err/ERR595/003/ERR5956693.bam",1192902380,"aca08993775a105d6fe2a04187638f1d"
"178","ERR5956722","ERP128019","SAMEA8793873","ERS6478223","ERX5597243","PRJEB44020","ERA4412400",256318,"metagenome","ILLUMINA","unspecified",NA,NA,"PAIRED","OTHER","METAGENOMIC","RANDOM",20326798,2544643576,"WASHINGTON UNIVERSITY CENTER FOR GENOME SCIENCES","2022-04-13","2022-04-13","unspecified sequencing: Raw reads: TP09-01_Week1_Study2OrangeFiber","An approach for evaluating the effects of dietary fiber polysaccharides on the human gut microbiome and plasma proteome","ena-STUDY-WASHINGTON UNIVERSITY CENTER FOR GENOME SCIENCES-30-03-2021-04:15:02:361-407","webin-reads-TP09-01_Week1_Study2OrangeFiber","webin-reads-TP09-01_Week1_Study2OrangeFiber","778308280;888837995","412030ae3961778c2dc1af3daba577a4;eba7a257a8c2cf4193f1c00daa230113","ftp.sra.ebi.ac.uk/vol1/fastq/ERR595/002/ERR5956722/ERR5956722_1.fastq.gz;ftp.sra.ebi.ac.uk/vol1/fastq/ERR595/002/ERR5956722/ERR5956722_2.fastq.gz","fasp.sra.ebi.ac.uk:/vol1/fastq/ERR595/002/ERR5956722/ERR5956722_1.fastq.gz;fasp.sra.ebi.ac.uk:/vol1/fastq/ERR595/002/ERR5956722/ERR5956722_2.fastq.gz","ftp.sra.ebi.ac.uk/vol1/fastq/ERR595/002/ERR5956722/ERR5956722_1.fastq.gz;ftp.sra.ebi.ac.uk/vol1/fastq/ERR595/002/ERR5956722/ERR5956722_2.fastq.gz","743384916;854405504","2921def38465ffdcf144b3fda5088cee;a09038cb135804d7100ffc0fd3226ae3","ftp.sra.ebi.ac.uk/vol1/run/ERR595/ERR5956722/TP09-01_TS2_Wk1_HF_CAT_R1.fq.gz;ftp.sra.ebi.ac.uk/vol1/run/ERR595/ERR5956722/TP09-01_TS2_Wk1_HF_CAT_R2.fq.gz","fasp.sra.ebi.ac.uk:/vol1/run/ERR595/ERR5956722/TP09-01_TS2_Wk1_HF_CAT_R1.fq.gz;fasp.sra.ebi.ac.uk:/vol1/run/ERR595/ERR5956722/TP09-01_TS2_Wk1_HF_CAT_R2.fq.gz","ftp.sra.ebi.ac.uk/vol1/run/ERR595/ERR5956722/TP09-01_TS2_Wk1_HF_CAT_R1.fq.gz;ftp.sra.ebi.ac.uk/vol1/run/ERR595/ERR5956722/TP09-01_TS2_Wk1_HF_CAT_R2.fq.gz","FASTQ;FASTQ",NA,NA,NA,NA,NA,"TP09-01_Week1_Study2OrangeFiber",NA,"TP09-01","1","Study2OrangeFiber",NA,"2021-05-23","ftp.sra.ebi.ac.uk/vol1/err/ERR595/002/ERR5956722.bam",1679625580,"f2af5f7a1b2c0eda402cf8c996112b08"
"179","ERR5956694","ERP128019","SAMEA8793848","ERS6478198","ERX5597215","PRJEB44020","ERA4412372",256318,"metagenome","ILLUMINA","unspecified",NA,NA,"PAIRED","OTHER","METAGENOMIC","RANDOM",16140560,1951781114,"WASHINGTON UNIVERSITY CENTER FOR GENOME SCIENCES","2022-04-13","2022-04-13","unspecified sequencing: Raw reads: TP09-01_Week2_Study1PeaFiber","An approach for evaluating the effects of dietary fiber polysaccharides on the human gut microbiome and plasma proteome","ena-STUDY-WASHINGTON UNIVERSITY CENTER FOR GENOME SCIENCES-30-03-2021-04:15:02:361-407","webin-reads-TP09-01_Week2_Study1PeaFiber","webin-reads-TP09-01_Week2_Study1PeaFiber","592161968;619273670","c45820f5a7877d59f605e26f5f1a225a;ddc945b039165a67af4aa711618e38b2","ftp.sra.ebi.ac.uk/vol1/fastq/ERR595/004/ERR5956694/ERR5956694_1.fastq.gz;ftp.sra.ebi.ac.uk/vol1/fastq/ERR595/004/ERR5956694/ERR5956694_2.fastq.gz","fasp.sra.ebi.ac.uk:/vol1/fastq/ERR595/004/ERR5956694/ERR5956694_1.fastq.gz;fasp.sra.ebi.ac.uk:/vol1/fastq/ERR595/004/ERR5956694/ERR5956694_2.fastq.gz","ftp.sra.ebi.ac.uk/vol1/fastq/ERR595/004/ERR5956694/ERR5956694_1.fastq.gz;ftp.sra.ebi.ac.uk/vol1/fastq/ERR595/004/ERR5956694/ERR5956694_2.fastq.gz","570007320;596872181","4b4a5ff9ea69a6da30f482df893178a0;a07fca8753ff81af210ea9a7718cc709","ftp.sra.ebi.ac.uk/vol1/run/ERR595/ERR5956694/TP09-01_TS1_Wk2_HF_CAT_R1.fq.gz;ftp.sra.ebi.ac.uk/vol1/run/ERR595/ERR5956694/TP09-01_TS1_Wk2_HF_CAT_R2.fq.gz","fasp.sra.ebi.ac.uk:/vol1/run/ERR595/ERR5956694/TP09-01_TS1_Wk2_HF_CAT_R1.fq.gz;fasp.sra.ebi.ac.uk:/vol1/run/ERR595/ERR5956694/TP09-01_TS1_Wk2_HF_CAT_R2.fq.gz","ftp.sra.ebi.ac.uk/vol1/run/ERR595/ERR5956694/TP09-01_TS1_Wk2_HF_CAT_R1.fq.gz;ftp.sra.ebi.ac.uk/vol1/run/ERR595/ERR5956694/TP09-01_TS1_Wk2_HF_CAT_R2.fq.gz","FASTQ;FASTQ",NA,NA,NA,NA,NA,"TP09-01_Week2_Study1PeaFiber",NA,"TP09-01","2","Study1PeaFiber",NA,"2021-05-22","ftp.sra.ebi.ac.uk/vol1/err/ERR595/004/ERR5956694.bam",1206654947,"bba8f71cf908886d46a16be62babcf5c"
"180","ERR5956724","ERP128019","SAMEA8793874","ERS6478224","ERX5597245","PRJEB44020","ERA4412402",256318,"metagenome","ILLUMINA","unspecified",NA,NA,"PAIRED","OTHER","METAGENOMIC","RANDOM",20300890,2524357721,"WASHINGTON UNIVERSITY CENTER FOR GENOME SCIENCES","2022-04-13","2022-04-13","unspecified sequencing: Raw reads: TP09-01_Week2_Study2OrangeFiber","An approach for evaluating the effects of dietary fiber polysaccharides on the human gut microbiome and plasma proteome","ena-STUDY-WASHINGTON UNIVERSITY CENTER FOR GENOME SCIENCES-30-03-2021-04:15:02:361-407","webin-reads-TP09-01_Week2_Study2OrangeFiber","webin-reads-TP09-01_Week2_Study2OrangeFiber","802142090;891841616","0c1c706920673933a045f72ff88bf8ac;e43fb9b0609a19709de9c3574bb01681","ftp.sra.ebi.ac.uk/vol1/fastq/ERR595/004/ERR5956724/ERR5956724_1.fastq.gz;ftp.sra.ebi.ac.uk/vol1/fastq/ERR595/004/ERR5956724/ERR5956724_2.fastq.gz","fasp.sra.ebi.ac.uk:/vol1/fastq/ERR595/004/ERR5956724/ERR5956724_1.fastq.gz;fasp.sra.ebi.ac.uk:/vol1/fastq/ERR595/004/ERR5956724/ERR5956724_2.fastq.gz","ftp.sra.ebi.ac.uk/vol1/fastq/ERR595/004/ERR5956724/ERR5956724_1.fastq.gz;ftp.sra.ebi.ac.uk/vol1/fastq/ERR595/004/ERR5956724/ERR5956724_2.fastq.gz","767620821;857583174","25277c6dd9122e61ab1a201fff68d40e;bc6ef833085549892239f766683f386a","ftp.sra.ebi.ac.uk/vol1/run/ERR595/ERR5956724/TP09-01_TS2_Wk2_HF_CAT_R1.fq.gz;ftp.sra.ebi.ac.uk/vol1/run/ERR595/ERR5956724/TP09-01_TS2_Wk2_HF_CAT_R2.fq.gz","fasp.sra.ebi.ac.uk:/vol1/run/ERR595/ERR5956724/TP09-01_TS2_Wk2_HF_CAT_R1.fq.gz;fasp.sra.ebi.ac.uk:/vol1/run/ERR595/ERR5956724/TP09-01_TS2_Wk2_HF_CAT_R2.fq.gz","ftp.sra.ebi.ac.uk/vol1/run/ERR595/ERR5956724/TP09-01_TS2_Wk2_HF_CAT_R1.fq.gz;ftp.sra.ebi.ac.uk/vol1/run/ERR595/ERR5956724/TP09-01_TS2_Wk2_HF_CAT_R2.fq.gz","FASTQ;FASTQ",NA,NA,NA,NA,NA,"TP09-01_Week2_Study2OrangeFiber",NA,"TP09-01","2","Study2OrangeFiber",NA,"2021-05-23","ftp.sra.ebi.ac.uk/vol1/err/ERR595/004/ERR5956724.bam",1710498860,"29de8861c68676d5718afbcd3c804669"
"181","ERR5956696","ERP128019","SAMEA8793849","ERS6478199","ERX5597217","PRJEB44020","ERA4412374",256318,"metagenome","ILLUMINA","unspecified",NA,NA,"PAIRED","OTHER","METAGENOMIC","RANDOM",15768362,1878944166,"WASHINGTON UNIVERSITY CENTER FOR GENOME SCIENCES","2022-04-13","2022-04-13","unspecified sequencing: Raw reads: TP09-01_Week3_Study1PeaFiber","An approach for evaluating the effects of dietary fiber polysaccharides on the human gut microbiome and plasma proteome","ena-STUDY-WASHINGTON UNIVERSITY CENTER FOR GENOME SCIENCES-30-03-2021-04:15:02:361-407","webin-reads-TP09-01_Week3_Study1PeaFiber","webin-reads-TP09-01_Week3_Study1PeaFiber","563673926;588725875","052db063c2db1ae9f27c249d7d91fe0b;9d3668faf548591e109c1f45bf9a5fd5","ftp.sra.ebi.ac.uk/vol1/fastq/ERR595/006/ERR5956696/ERR5956696_1.fastq.gz;ftp.sra.ebi.ac.uk/vol1/fastq/ERR595/006/ERR5956696/ERR5956696_2.fastq.gz","fasp.sra.ebi.ac.uk:/vol1/fastq/ERR595/006/ERR5956696/ERR5956696_1.fastq.gz;fasp.sra.ebi.ac.uk:/vol1/fastq/ERR595/006/ERR5956696/ERR5956696_2.fastq.gz","ftp.sra.ebi.ac.uk/vol1/fastq/ERR595/006/ERR5956696/ERR5956696_1.fastq.gz;ftp.sra.ebi.ac.uk/vol1/fastq/ERR595/006/ERR5956696/ERR5956696_2.fastq.gz","542047075;566869447","5b52baf306be257a1705bfd5105bc8ee;320b9a8b1759e332f8f749019bfad7b5","ftp.sra.ebi.ac.uk/vol1/run/ERR595/ERR5956696/TP09-01_TS1_Wk3_HF_CAT_R1.fq.gz;ftp.sra.ebi.ac.uk/vol1/run/ERR595/ERR5956696/TP09-01_TS1_Wk3_HF_CAT_R2.fq.gz","fasp.sra.ebi.ac.uk:/vol1/run/ERR595/ERR5956696/TP09-01_TS1_Wk3_HF_CAT_R1.fq.gz;fasp.sra.ebi.ac.uk:/vol1/run/ERR595/ERR5956696/TP09-01_TS1_Wk3_HF_CAT_R2.fq.gz","ftp.sra.ebi.ac.uk/vol1/run/ERR595/ERR5956696/TP09-01_TS1_Wk3_HF_CAT_R1.fq.gz;ftp.sra.ebi.ac.uk/vol1/run/ERR595/ERR5956696/TP09-01_TS1_Wk3_HF_CAT_R2.fq.gz","FASTQ;FASTQ",NA,NA,NA,NA,NA,"TP09-01_Week3_Study1PeaFiber",NA,"TP09-01","3","Study1PeaFiber",NA,"2021-05-22","ftp.sra.ebi.ac.uk/vol1/err/ERR595/006/ERR5956696.bam",1145660770,"23e3f523a438e3565e614bc1afceb514"
"182","ERR5956697","ERP128019","SAMEA8793850","ERS6478200","ERX5597218","PRJEB44020","ERA4412375",256318,"metagenome","ILLUMINA","unspecified",NA,NA,"PAIRED","OTHER","METAGENOMIC","RANDOM",17470974,2187821345,"WASHINGTON UNIVERSITY CENTER FOR GENOME SCIENCES","2022-04-13","2022-04-13","unspecified sequencing: Raw reads: TP09-01_Week4_Study1PeaFiber","An approach for evaluating the effects of dietary fiber polysaccharides on the human gut microbiome and plasma proteome","ena-STUDY-WASHINGTON UNIVERSITY CENTER FOR GENOME SCIENCES-30-03-2021-04:15:02:361-407","webin-reads-TP09-01_Week4_Study1PeaFiber","webin-reads-TP09-01_Week4_Study1PeaFiber","658750613;690553891","20408e1457b7bcb2bf3b8b925398c6a6;a1715e47b5b60f0fe31024a057adcc5f","ftp.sra.ebi.ac.uk/vol1/fastq/ERR595/007/ERR5956697/ERR5956697_1.fastq.gz;ftp.sra.ebi.ac.uk/vol1/fastq/ERR595/007/ERR5956697/ERR5956697_2.fastq.gz","fasp.sra.ebi.ac.uk:/vol1/fastq/ERR595/007/ERR5956697/ERR5956697_1.fastq.gz;fasp.sra.ebi.ac.uk:/vol1/fastq/ERR595/007/ERR5956697/ERR5956697_2.fastq.gz","ftp.sra.ebi.ac.uk/vol1/fastq/ERR595/007/ERR5956697/ERR5956697_1.fastq.gz;ftp.sra.ebi.ac.uk/vol1/fastq/ERR595/007/ERR5956697/ERR5956697_2.fastq.gz","634866653;666388358","a59a1e0f1fd566b20ff9b2338a05d41f;88d301f88f435e39803e2cb48dbb668e","ftp.sra.ebi.ac.uk/vol1/run/ERR595/ERR5956697/TP09-01_TS1_Wk4_HF_CAT_R1.fq.gz;ftp.sra.ebi.ac.uk/vol1/run/ERR595/ERR5956697/TP09-01_TS1_Wk4_HF_CAT_R2.fq.gz","fasp.sra.ebi.ac.uk:/vol1/run/ERR595/ERR5956697/TP09-01_TS1_Wk4_HF_CAT_R1.fq.gz;fasp.sra.ebi.ac.uk:/vol1/run/ERR595/ERR5956697/TP09-01_TS1_Wk4_HF_CAT_R2.fq.gz","ftp.sra.ebi.ac.uk/vol1/run/ERR595/ERR5956697/TP09-01_TS1_Wk4_HF_CAT_R1.fq.gz;ftp.sra.ebi.ac.uk/vol1/run/ERR595/ERR5956697/TP09-01_TS1_Wk4_HF_CAT_R2.fq.gz","FASTQ;FASTQ",NA,NA,NA,NA,NA,"TP09-01_Week4_Study1PeaFiber",NA,"TP09-01","4","Study1PeaFiber",NA,"2021-05-22","ftp.sra.ebi.ac.uk/vol1/err/ERR595/007/ERR5956697.bam",1341727967,"f79255e947e64f66f42193e8ece79ed6"
"183","ERR5956725","ERP128019","SAMEA8793875","ERS6478225","ERX5597246","PRJEB44020","ERA4412403",256318,"metagenome","ILLUMINA","unspecified",NA,NA,"PAIRED","OTHER","METAGENOMIC","RANDOM",20059892,2532630421,"WASHINGTON UNIVERSITY CENTER FOR GENOME SCIENCES","2022-04-13","2022-04-13","unspecified sequencing: Raw reads: TP09-01_Week5_Study2OrangeFiber","An approach for evaluating the effects of dietary fiber polysaccharides on the human gut microbiome and plasma proteome","ena-STUDY-WASHINGTON UNIVERSITY CENTER FOR GENOME SCIENCES-30-03-2021-04:15:02:361-407","webin-reads-TP09-01_Week5_Study2OrangeFiber","webin-reads-TP09-01_Week5_Study2OrangeFiber","770864669;880957905","7e4cee09e9959aac29d6741e56d47ada;14ae1161664d206a2a57bf9478cc7485","ftp.sra.ebi.ac.uk/vol1/fastq/ERR595/005/ERR5956725/ERR5956725_1.fastq.gz;ftp.sra.ebi.ac.uk/vol1/fastq/ERR595/005/ERR5956725/ERR5956725_2.fastq.gz","fasp.sra.ebi.ac.uk:/vol1/fastq/ERR595/005/ERR5956725/ERR5956725_1.fastq.gz;fasp.sra.ebi.ac.uk:/vol1/fastq/ERR595/005/ERR5956725/ERR5956725_2.fastq.gz","ftp.sra.ebi.ac.uk/vol1/fastq/ERR595/005/ERR5956725/ERR5956725_1.fastq.gz;ftp.sra.ebi.ac.uk/vol1/fastq/ERR595/005/ERR5956725/ERR5956725_2.fastq.gz","736166164;846739996","197fc18a72a0df247b3bea0eb622a7ed;6550c0f0a0c07ffcb86aeaef5fee74bb","ftp.sra.ebi.ac.uk/vol1/run/ERR595/ERR5956725/TP09-01_TS2_Wk5_HF_CAT_R1.fq.gz;ftp.sra.ebi.ac.uk/vol1/run/ERR595/ERR5956725/TP09-01_TS2_Wk5_HF_CAT_R2.fq.gz","fasp.sra.ebi.ac.uk:/vol1/run/ERR595/ERR5956725/TP09-01_TS2_Wk5_HF_CAT_R1.fq.gz;fasp.sra.ebi.ac.uk:/vol1/run/ERR595/ERR5956725/TP09-01_TS2_Wk5_HF_CAT_R2.fq.gz","ftp.sra.ebi.ac.uk/vol1/run/ERR595/ERR5956725/TP09-01_TS2_Wk5_HF_CAT_R1.fq.gz;ftp.sra.ebi.ac.uk/vol1/run/ERR595/ERR5956725/TP09-01_TS2_Wk5_HF_CAT_R2.fq.gz","FASTQ;FASTQ",NA,NA,NA,NA,NA,"TP09-01_Week5_Study2OrangeFiber",NA,"TP09-01","5","Study2OrangeFiber",NA,"2021-05-23","ftp.sra.ebi.ac.uk/vol1/err/ERR595/005/ERR5956725.bam",1662486156,"dc1cf63628a05fe0b56e4c770ff38882"
"184","ERR5956698","ERP128019","SAMEA8793851","ERS6478201","ERX5597219","PRJEB44020","ERA4412376",256318,"metagenome","ILLUMINA","unspecified",NA,NA,"PAIRED","OTHER","METAGENOMIC","RANDOM",16471946,1965240460,"WASHINGTON UNIVERSITY CENTER FOR GENOME SCIENCES","2022-04-13","2022-04-13","unspecified sequencing: Raw reads: TP09-01_Week5_Study1PeaFiber","An approach for evaluating the effects of dietary fiber polysaccharides on the human gut microbiome and plasma proteome","ena-STUDY-WASHINGTON UNIVERSITY CENTER FOR GENOME SCIENCES-30-03-2021-04:15:02:361-407","webin-reads-TP09-01_Week5_Study1PeaFiber","webin-reads-TP09-01_Week5_Study1PeaFiber","593631530;622083103","e22e9257b8ccc49b550765483d4a5aeb;9b5ddc273ef3a43130022a34b63b2766","ftp.sra.ebi.ac.uk/vol1/fastq/ERR595/008/ERR5956698/ERR5956698_1.fastq.gz;ftp.sra.ebi.ac.uk/vol1/fastq/ERR595/008/ERR5956698/ERR5956698_2.fastq.gz","fasp.sra.ebi.ac.uk:/vol1/fastq/ERR595/008/ERR5956698/ERR5956698_1.fastq.gz;fasp.sra.ebi.ac.uk:/vol1/fastq/ERR595/008/ERR5956698/ERR5956698_2.fastq.gz","ftp.sra.ebi.ac.uk/vol1/fastq/ERR595/008/ERR5956698/ERR5956698_1.fastq.gz;ftp.sra.ebi.ac.uk/vol1/fastq/ERR595/008/ERR5956698/ERR5956698_2.fastq.gz","570851010;599084830","553978200647f2ac683b671d22213aee;13465baa860ac7546fbb34a261f19efb","ftp.sra.ebi.ac.uk/vol1/run/ERR595/ERR5956698/TP09-01_TS1_Wk5_HF_CAT_R1.fq.gz;ftp.sra.ebi.ac.uk/vol1/run/ERR595/ERR5956698/TP09-01_TS1_Wk5_HF_CAT_R2.fq.gz","fasp.sra.ebi.ac.uk:/vol1/run/ERR595/ERR5956698/TP09-01_TS1_Wk5_HF_CAT_R1.fq.gz;fasp.sra.ebi.ac.uk:/vol1/run/ERR595/ERR5956698/TP09-01_TS1_Wk5_HF_CAT_R2.fq.gz","ftp.sra.ebi.ac.uk/vol1/run/ERR595/ERR5956698/TP09-01_TS1_Wk5_HF_CAT_R1.fq.gz;ftp.sra.ebi.ac.uk/vol1/run/ERR595/ERR5956698/TP09-01_TS1_Wk5_HF_CAT_R2.fq.gz","FASTQ;FASTQ",NA,NA,NA,NA,NA,"TP09-01_Week5_Study1PeaFiber",NA,"TP09-01","5","Study1PeaFiber",NA,"2021-05-22","ftp.sra.ebi.ac.uk/vol1/err/ERR595/008/ERR5956698.bam",1210484886,"35fc1dfa33a598df7315108662bf26bc"
"185","ERR5956699","ERP128019","SAMEA8793852","ERS6478202","ERX5597220","PRJEB44020","ERA4412377",256318,"metagenome","ILLUMINA","unspecified",NA,NA,"PAIRED","OTHER","METAGENOMIC","RANDOM",17006760,2085751693,"WASHINGTON UNIVERSITY CENTER FOR GENOME SCIENCES","2022-04-13","2022-04-13","unspecified sequencing: Raw reads: TP09-01_Week8_Study1PeaFiber","An approach for evaluating the effects of dietary fiber polysaccharides on the human gut microbiome and plasma proteome","ena-STUDY-WASHINGTON UNIVERSITY CENTER FOR GENOME SCIENCES-30-03-2021-04:15:02:361-407","webin-reads-TP09-01_Week8_Study1PeaFiber","webin-reads-TP09-01_Week8_Study1PeaFiber","625766273;655158489","e2b60731ae1d407ecd405c7ab27ab088;ba9a52a73c3b341095adab0b6b2ea7b1","ftp.sra.ebi.ac.uk/vol1/fastq/ERR595/009/ERR5956699/ERR5956699_1.fastq.gz;ftp.sra.ebi.ac.uk/vol1/fastq/ERR595/009/ERR5956699/ERR5956699_2.fastq.gz","fasp.sra.ebi.ac.uk:/vol1/fastq/ERR595/009/ERR5956699/ERR5956699_1.fastq.gz;fasp.sra.ebi.ac.uk:/vol1/fastq/ERR595/009/ERR5956699/ERR5956699_2.fastq.gz","ftp.sra.ebi.ac.uk/vol1/fastq/ERR595/009/ERR5956699/ERR5956699_1.fastq.gz;ftp.sra.ebi.ac.uk/vol1/fastq/ERR595/009/ERR5956699/ERR5956699_2.fastq.gz","602402333;631536661","371367b6ea14ce3ca700f682f9dac20d;f748616becb6e6d10e82d59418f4d1b1","ftp.sra.ebi.ac.uk/vol1/run/ERR595/ERR5956699/TP09-01_TS1_Wk8_HF_CAT_R1.fq.gz;ftp.sra.ebi.ac.uk/vol1/run/ERR595/ERR5956699/TP09-01_TS1_Wk8_HF_CAT_R2.fq.gz","fasp.sra.ebi.ac.uk:/vol1/run/ERR595/ERR5956699/TP09-01_TS1_Wk8_HF_CAT_R1.fq.gz;fasp.sra.ebi.ac.uk:/vol1/run/ERR595/ERR5956699/TP09-01_TS1_Wk8_HF_CAT_R2.fq.gz","ftp.sra.ebi.ac.uk/vol1/run/ERR595/ERR5956699/TP09-01_TS1_Wk8_HF_CAT_R1.fq.gz;ftp.sra.ebi.ac.uk/vol1/run/ERR595/ERR5956699/TP09-01_TS1_Wk8_HF_CAT_R2.fq.gz","FASTQ;FASTQ",NA,NA,NA,NA,NA,"TP09-01_Week8_Study1PeaFiber",NA,"TP09-01","8","Study1PeaFiber",NA,"2021-05-22","ftp.sra.ebi.ac.uk/vol1/err/ERR595/009/ERR5956699.bam",1273851651,"103272bd01c103dfd0a958d9a9fe81a4"
"186","ERR5956726","ERP128019","SAMEA8793876","ERS6478226","ERX5597247","PRJEB44020","ERA4412404",256318,"metagenome","ILLUMINA","unspecified",NA,NA,"PAIRED","OTHER","METAGENOMIC","RANDOM",19161320,2489139664,"WASHINGTON UNIVERSITY CENTER FOR GENOME SCIENCES","2022-04-13","2022-04-13","unspecified sequencing: Raw reads: TP09-01_Week8_Study2OrangeFiber","An approach for evaluating the effects of dietary fiber polysaccharides on the human gut microbiome and plasma proteome","ena-STUDY-WASHINGTON UNIVERSITY CENTER FOR GENOME SCIENCES-30-03-2021-04:15:02:361-407","webin-reads-TP09-01_Week8_Study2OrangeFiber","webin-reads-TP09-01_Week8_Study2OrangeFiber","757474567;875220353","d25e7447ba64b97166ee3de8add82851;f2b7ef862577a5a58e5500772d04d57c","ftp.sra.ebi.ac.uk/vol1/fastq/ERR595/006/ERR5956726/ERR5956726_1.fastq.gz;ftp.sra.ebi.ac.uk/vol1/fastq/ERR595/006/ERR5956726/ERR5956726_2.fastq.gz","fasp.sra.ebi.ac.uk:/vol1/fastq/ERR595/006/ERR5956726/ERR5956726_1.fastq.gz;fasp.sra.ebi.ac.uk:/vol1/fastq/ERR595/006/ERR5956726/ERR5956726_2.fastq.gz","ftp.sra.ebi.ac.uk/vol1/fastq/ERR595/006/ERR5956726/ERR5956726_1.fastq.gz;ftp.sra.ebi.ac.uk/vol1/fastq/ERR595/006/ERR5956726/ERR5956726_2.fastq.gz","724369514;842632735","45ad377608510b80e5cda51de431faa3;71ecd76257fd5e328e1e00fb4ed9c89c","ftp.sra.ebi.ac.uk/vol1/run/ERR595/ERR5956726/TP09-01_TS2_Wk8_HF_CAT_R1.fq.gz;ftp.sra.ebi.ac.uk/vol1/run/ERR595/ERR5956726/TP09-01_TS2_Wk8_HF_CAT_R2.fq.gz","fasp.sra.ebi.ac.uk:/vol1/run/ERR595/ERR5956726/TP09-01_TS2_Wk8_HF_CAT_R1.fq.gz;fasp.sra.ebi.ac.uk:/vol1/run/ERR595/ERR5956726/TP09-01_TS2_Wk8_HF_CAT_R2.fq.gz","ftp.sra.ebi.ac.uk/vol1/run/ERR595/ERR5956726/TP09-01_TS2_Wk8_HF_CAT_R1.fq.gz;ftp.sra.ebi.ac.uk/vol1/run/ERR595/ERR5956726/TP09-01_TS2_Wk8_HF_CAT_R2.fq.gz","FASTQ;FASTQ",NA,NA,NA,NA,NA,"TP09-01_Week8_Study2OrangeFiber",NA,"TP09-01","8","Study2OrangeFiber",NA,"2021-05-23","ftp.sra.ebi.ac.uk/vol1/err/ERR595/006/ERR5956726.bam",1642790510,"81badc21d2c3030db36129770646ee9d"
"187","ERR5956700","ERP128019","SAMEA8793853","ERS6478203","ERX5597221","PRJEB44020","ERA4412378",256318,"metagenome","ILLUMINA","unspecified",NA,NA,"PAIRED","OTHER","METAGENOMIC","RANDOM",15756470,1906824718,"WASHINGTON UNIVERSITY CENTER FOR GENOME SCIENCES","2022-04-13","2022-04-13","unspecified sequencing: Raw reads: TP09-01_Week9_Study1PeaFiber","An approach for evaluating the effects of dietary fiber polysaccharides on the human gut microbiome and plasma proteome","ena-STUDY-WASHINGTON UNIVERSITY CENTER FOR GENOME SCIENCES-30-03-2021-04:15:02:361-407","webin-reads-TP09-01_Week9_Study1PeaFiber","webin-reads-TP09-01_Week9_Study1PeaFiber","575295058;601792344","a0dc363fea015dbaaad4875671469d36;cc23bf1e3497ae0088dd2cd8d32752d1","ftp.sra.ebi.ac.uk/vol1/fastq/ERR595/000/ERR5956700/ERR5956700_1.fastq.gz;ftp.sra.ebi.ac.uk/vol1/fastq/ERR595/000/ERR5956700/ERR5956700_2.fastq.gz","fasp.sra.ebi.ac.uk:/vol1/fastq/ERR595/000/ERR5956700/ERR5956700_1.fastq.gz;fasp.sra.ebi.ac.uk:/vol1/fastq/ERR595/000/ERR5956700/ERR5956700_2.fastq.gz","ftp.sra.ebi.ac.uk/vol1/fastq/ERR595/000/ERR5956700/ERR5956700_1.fastq.gz;ftp.sra.ebi.ac.uk/vol1/fastq/ERR595/000/ERR5956700/ERR5956700_2.fastq.gz","553510206;579784052","b157ba23cd74e2be09b4b2cf014d2205;2e26ccab8b108d3064a1f73936f80efa","ftp.sra.ebi.ac.uk/vol1/run/ERR595/ERR5956700/TP09-01_TS1_Wk9_HF_CAT_R1.fq.gz;ftp.sra.ebi.ac.uk/vol1/run/ERR595/ERR5956700/TP09-01_TS1_Wk9_HF_CAT_R2.fq.gz","fasp.sra.ebi.ac.uk:/vol1/run/ERR595/ERR5956700/TP09-01_TS1_Wk9_HF_CAT_R1.fq.gz;fasp.sra.ebi.ac.uk:/vol1/run/ERR595/ERR5956700/TP09-01_TS1_Wk9_HF_CAT_R2.fq.gz","ftp.sra.ebi.ac.uk/vol1/run/ERR595/ERR5956700/TP09-01_TS1_Wk9_HF_CAT_R1.fq.gz;ftp.sra.ebi.ac.uk/vol1/run/ERR595/ERR5956700/TP09-01_TS1_Wk9_HF_CAT_R2.fq.gz","FASTQ;FASTQ",NA,NA,NA,NA,NA,"TP09-01_Week9_Study1PeaFiber",NA,"TP09-01","9","Study1PeaFiber",NA,"2021-05-22","ftp.sra.ebi.ac.uk/vol1/err/ERR595/000/ERR5956700.bam",1171591412,"67a86bc0b739fc88c2bdc63d6cd164a5"
"188","ERR5956701","ERP128019","SAMEA8793854","ERS6478204","ERX5597222","PRJEB44020","ERA4412379",256318,"metagenome","ILLUMINA","unspecified",NA,NA,"PAIRED","OTHER","METAGENOMIC","RANDOM",16740680,2004580754,"WASHINGTON UNIVERSITY CENTER FOR GENOME SCIENCES","2022-04-13","2022-04-13","unspecified sequencing: Raw reads: TP09-02_Week1_Study1PeaFiber","An approach for evaluating the effects of dietary fiber polysaccharides on the human gut microbiome and plasma proteome","ena-STUDY-WASHINGTON UNIVERSITY CENTER FOR GENOME SCIENCES-30-03-2021-04:15:02:361-407","webin-reads-TP09-02_Week1_Study1PeaFiber","webin-reads-TP09-02_Week1_Study1PeaFiber","612231436;639665653","73052e98f53efe30949c4ebcebce7f9c;b067ac9c87605ca6345cd103accc7810","ftp.sra.ebi.ac.uk/vol1/fastq/ERR595/001/ERR5956701/ERR5956701_1.fastq.gz;ftp.sra.ebi.ac.uk/vol1/fastq/ERR595/001/ERR5956701/ERR5956701_2.fastq.gz","fasp.sra.ebi.ac.uk:/vol1/fastq/ERR595/001/ERR5956701/ERR5956701_1.fastq.gz;fasp.sra.ebi.ac.uk:/vol1/fastq/ERR595/001/ERR5956701/ERR5956701_2.fastq.gz","ftp.sra.ebi.ac.uk/vol1/fastq/ERR595/001/ERR5956701/ERR5956701_1.fastq.gz;ftp.sra.ebi.ac.uk/vol1/fastq/ERR595/001/ERR5956701/ERR5956701_2.fastq.gz","589123560;616320014","bbe67fe9fcf91d6e8801e8849860feb4;165ca906f3ce5fbe5e87cda395e5131e","ftp.sra.ebi.ac.uk/vol1/run/ERR595/ERR5956701/TP09-02_TS1_Wk1_HF_CAT_R1.fq.gz;ftp.sra.ebi.ac.uk/vol1/run/ERR595/ERR5956701/TP09-02_TS1_Wk1_HF_CAT_R2.fq.gz","fasp.sra.ebi.ac.uk:/vol1/run/ERR595/ERR5956701/TP09-02_TS1_Wk1_HF_CAT_R1.fq.gz;fasp.sra.ebi.ac.uk:/vol1/run/ERR595/ERR5956701/TP09-02_TS1_Wk1_HF_CAT_R2.fq.gz","ftp.sra.ebi.ac.uk/vol1/run/ERR595/ERR5956701/TP09-02_TS1_Wk1_HF_CAT_R1.fq.gz;ftp.sra.ebi.ac.uk/vol1/run/ERR595/ERR5956701/TP09-02_TS1_Wk1_HF_CAT_R2.fq.gz","FASTQ;FASTQ",NA,NA,NA,NA,NA,"TP09-02_Week1_Study1PeaFiber",NA,"TP09-02","1","Study1PeaFiber",NA,"2021-05-22","ftp.sra.ebi.ac.uk/vol1/err/ERR595/001/ERR5956701.bam",1246953560,"de2dc7a2ee64bbee29e102305a0ed2bb"
"189","ERR5956727","ERP128019","SAMEA8793877","ERS6478227","ERX5597248","PRJEB44020","ERA4412405",256318,"metagenome","ILLUMINA","unspecified",NA,NA,"PAIRED","OTHER","METAGENOMIC","RANDOM",20111310,2518386635,"WASHINGTON UNIVERSITY CENTER FOR GENOME SCIENCES","2022-04-13","2022-04-13","unspecified sequencing: Raw reads: TP09-02_Week1_Study2OrangeFiber","An approach for evaluating the effects of dietary fiber polysaccharides on the human gut microbiome and plasma proteome","ena-STUDY-WASHINGTON UNIVERSITY CENTER FOR GENOME SCIENCES-30-03-2021-04:15:02:361-407","webin-reads-TP09-02_Week1_Study2OrangeFiber","webin-reads-TP09-02_Week1_Study2OrangeFiber","765414768;869796607","35348e0c1c6af7f78265146845087c6e;de8a06ab572ce2cfc05aad41c064264e","ftp.sra.ebi.ac.uk/vol1/fastq/ERR595/007/ERR5956727/ERR5956727_1.fastq.gz;ftp.sra.ebi.ac.uk/vol1/fastq/ERR595/007/ERR5956727/ERR5956727_2.fastq.gz","fasp.sra.ebi.ac.uk:/vol1/fastq/ERR595/007/ERR5956727/ERR5956727_1.fastq.gz;fasp.sra.ebi.ac.uk:/vol1/fastq/ERR595/007/ERR5956727/ERR5956727_2.fastq.gz","ftp.sra.ebi.ac.uk/vol1/fastq/ERR595/007/ERR5956727/ERR5956727_1.fastq.gz;ftp.sra.ebi.ac.uk/vol1/fastq/ERR595/007/ERR5956727/ERR5956727_2.fastq.gz","730655892;835458676","6c812df77844d94626ea40d27d9f7c27;ba626054f710c93249b2e30999431db0","ftp.sra.ebi.ac.uk/vol1/run/ERR595/ERR5956727/TP09-02_TS2_Wk1_HF_CAT_R1.fq.gz;ftp.sra.ebi.ac.uk/vol1/run/ERR595/ERR5956727/TP09-02_TS2_Wk1_HF_CAT_R2.fq.gz","fasp.sra.ebi.ac.uk:/vol1/run/ERR595/ERR5956727/TP09-02_TS2_Wk1_HF_CAT_R1.fq.gz;fasp.sra.ebi.ac.uk:/vol1/run/ERR595/ERR5956727/TP09-02_TS2_Wk1_HF_CAT_R2.fq.gz","ftp.sra.ebi.ac.uk/vol1/run/ERR595/ERR5956727/TP09-02_TS2_Wk1_HF_CAT_R1.fq.gz;ftp.sra.ebi.ac.uk/vol1/run/ERR595/ERR5956727/TP09-02_TS2_Wk1_HF_CAT_R2.fq.gz","FASTQ;FASTQ",NA,NA,NA,NA,NA,"TP09-02_Week1_Study2OrangeFiber",NA,"TP09-02","1","Study2OrangeFiber",NA,"2021-05-23","ftp.sra.ebi.ac.uk/vol1/err/ERR595/007/ERR5956727.bam",1645133565,"b3f5f574bf35f8e5003c5d63e7778a4f"
"190","ERR5956702","ERP128019","SAMEA8793855","ERS6478205","ERX5597223","PRJEB44020","ERA4412380",256318,"metagenome","ILLUMINA","unspecified",NA,NA,"PAIRED","OTHER","METAGENOMIC","RANDOM",16553636,1988087152,"WASHINGTON UNIVERSITY CENTER FOR GENOME SCIENCES","2022-04-13","2022-04-13","unspecified sequencing: Raw reads: TP09-02_Week2_Study1PeaFiber","An approach for evaluating the effects of dietary fiber polysaccharides on the human gut microbiome and plasma proteome","ena-STUDY-WASHINGTON UNIVERSITY CENTER FOR GENOME SCIENCES-30-03-2021-04:15:02:361-407","webin-reads-TP09-02_Week2_Study1PeaFiber","webin-reads-TP09-02_Week2_Study1PeaFiber","599256001;626690627","130292a19ec4e7d7ed1fcdfee9a7ddac;de8c1528920202f7ed160690f2d0a36b","ftp.sra.ebi.ac.uk/vol1/fastq/ERR595/002/ERR5956702/ERR5956702_1.fastq.gz;ftp.sra.ebi.ac.uk/vol1/fastq/ERR595/002/ERR5956702/ERR5956702_2.fastq.gz","fasp.sra.ebi.ac.uk:/vol1/fastq/ERR595/002/ERR5956702/ERR5956702_1.fastq.gz;fasp.sra.ebi.ac.uk:/vol1/fastq/ERR595/002/ERR5956702/ERR5956702_2.fastq.gz","ftp.sra.ebi.ac.uk/vol1/fastq/ERR595/002/ERR5956702/ERR5956702_1.fastq.gz;ftp.sra.ebi.ac.uk/vol1/fastq/ERR595/002/ERR5956702/ERR5956702_2.fastq.gz","576420826;603582400","70298a0c1cf6913dd68c362b6aafa97f;6d539769328a71e34dafd1ef3ea04505","ftp.sra.ebi.ac.uk/vol1/run/ERR595/ERR5956702/TP09-02_TS1_Wk2_HF_CAT_R1.fq.gz;ftp.sra.ebi.ac.uk/vol1/run/ERR595/ERR5956702/TP09-02_TS1_Wk2_HF_CAT_R2.fq.gz","fasp.sra.ebi.ac.uk:/vol1/run/ERR595/ERR5956702/TP09-02_TS1_Wk2_HF_CAT_R1.fq.gz;fasp.sra.ebi.ac.uk:/vol1/run/ERR595/ERR5956702/TP09-02_TS1_Wk2_HF_CAT_R2.fq.gz","ftp.sra.ebi.ac.uk/vol1/run/ERR595/ERR5956702/TP09-02_TS1_Wk2_HF_CAT_R1.fq.gz;ftp.sra.ebi.ac.uk/vol1/run/ERR595/ERR5956702/TP09-02_TS1_Wk2_HF_CAT_R2.fq.gz","FASTQ;FASTQ",NA,NA,NA,NA,NA,"TP09-02_Week2_Study1PeaFiber",NA,"TP09-02","2","Study1PeaFiber",NA,"2021-05-22","ftp.sra.ebi.ac.uk/vol1/err/ERR595/002/ERR5956702.bam",1219323401,"22dbdc15d04a5881c32584a09dbe455f"
"191","ERR5956728","ERP128019","SAMEA8793878","ERS6478228","ERX5597249","PRJEB44020","ERA4412406",256318,"metagenome","ILLUMINA","unspecified",NA,NA,"PAIRED","OTHER","METAGENOMIC","RANDOM",20124570,2514915191,"WASHINGTON UNIVERSITY CENTER FOR GENOME SCIENCES","2022-04-13","2022-04-13","unspecified sequencing: Raw reads: TP09-02_Week2_Study2OrangeFiber","An approach for evaluating the effects of dietary fiber polysaccharides on the human gut microbiome and plasma proteome","ena-STUDY-WASHINGTON UNIVERSITY CENTER FOR GENOME SCIENCES-30-03-2021-04:15:02:361-407","webin-reads-TP09-02_Week2_Study2OrangeFiber","webin-reads-TP09-02_Week2_Study2OrangeFiber","768364372;878779295","423284634b9c2c0a808258f82f133f55;cb2b76d2c85bf277cb6b28d9acac826b","ftp.sra.ebi.ac.uk/vol1/fastq/ERR595/008/ERR5956728/ERR5956728_1.fastq.gz;ftp.sra.ebi.ac.uk/vol1/fastq/ERR595/008/ERR5956728/ERR5956728_2.fastq.gz","fasp.sra.ebi.ac.uk:/vol1/fastq/ERR595/008/ERR5956728/ERR5956728_1.fastq.gz;fasp.sra.ebi.ac.uk:/vol1/fastq/ERR595/008/ERR5956728/ERR5956728_2.fastq.gz","ftp.sra.ebi.ac.uk/vol1/fastq/ERR595/008/ERR5956728/ERR5956728_1.fastq.gz;ftp.sra.ebi.ac.uk/vol1/fastq/ERR595/008/ERR5956728/ERR5956728_2.fastq.gz","734680665;845398362","1fe943c569b9a9cb144cba71ea63d111;c12841272467e77373d6e333b91c8493","ftp.sra.ebi.ac.uk/vol1/run/ERR595/ERR5956728/TP09-02_TS2_Wk2_HF_CAT_R1.fq.gz;ftp.sra.ebi.ac.uk/vol1/run/ERR595/ERR5956728/TP09-02_TS2_Wk2_HF_CAT_R2.fq.gz","fasp.sra.ebi.ac.uk:/vol1/run/ERR595/ERR5956728/TP09-02_TS2_Wk2_HF_CAT_R1.fq.gz;fasp.sra.ebi.ac.uk:/vol1/run/ERR595/ERR5956728/TP09-02_TS2_Wk2_HF_CAT_R2.fq.gz","ftp.sra.ebi.ac.uk/vol1/run/ERR595/ERR5956728/TP09-02_TS2_Wk2_HF_CAT_R1.fq.gz;ftp.sra.ebi.ac.uk/vol1/run/ERR595/ERR5956728/TP09-02_TS2_Wk2_HF_CAT_R2.fq.gz","FASTQ;FASTQ",NA,NA,NA,NA,NA,"TP09-02_Week2_Study2OrangeFiber",NA,"TP09-02","2","Study2OrangeFiber",NA,"2021-05-23","ftp.sra.ebi.ac.uk/vol1/err/ERR595/008/ERR5956728.bam",1658501134,"39555f60cb1ab202572612bff344ba88"
"192","ERR5956703","ERP128019","SAMEA8793856","ERS6478206","ERX5597224","PRJEB44020","ERA4412381",256318,"metagenome","ILLUMINA","unspecified",NA,NA,"PAIRED","OTHER","METAGENOMIC","RANDOM",16676278,1985265826,"WASHINGTON UNIVERSITY CENTER FOR GENOME SCIENCES","2022-04-13","2022-04-13","unspecified sequencing: Raw reads: TP09-02_Week3_Study1PeaFiber","An approach for evaluating the effects of dietary fiber polysaccharides on the human gut microbiome and plasma proteome","ena-STUDY-WASHINGTON UNIVERSITY CENTER FOR GENOME SCIENCES-30-03-2021-04:15:02:361-407","webin-reads-TP09-02_Week3_Study1PeaFiber","webin-reads-TP09-02_Week3_Study1PeaFiber","598362613;627199871","2c75a700cd69d93cfeee5e0fb7cd2b74;683579fb035adf3c61db711a1c3e7b59","ftp.sra.ebi.ac.uk/vol1/fastq/ERR595/003/ERR5956703/ERR5956703_1.fastq.gz;ftp.sra.ebi.ac.uk/vol1/fastq/ERR595/003/ERR5956703/ERR5956703_2.fastq.gz","fasp.sra.ebi.ac.uk:/vol1/fastq/ERR595/003/ERR5956703/ERR5956703_1.fastq.gz;fasp.sra.ebi.ac.uk:/vol1/fastq/ERR595/003/ERR5956703/ERR5956703_2.fastq.gz","ftp.sra.ebi.ac.uk/vol1/fastq/ERR595/003/ERR5956703/ERR5956703_1.fastq.gz;ftp.sra.ebi.ac.uk/vol1/fastq/ERR595/003/ERR5956703/ERR5956703_2.fastq.gz","575230935;603812184","25186ac8bc636855528a2b4644159f25;aa880bf7cab4613ac69539b1ad9b9584","ftp.sra.ebi.ac.uk/vol1/run/ERR595/ERR5956703/TP09-02_TS1_Wk3_HF_CAT_R1.fq.gz;ftp.sra.ebi.ac.uk/vol1/run/ERR595/ERR5956703/TP09-02_TS1_Wk3_HF_CAT_R2.fq.gz","fasp.sra.ebi.ac.uk:/vol1/run/ERR595/ERR5956703/TP09-02_TS1_Wk3_HF_CAT_R1.fq.gz;fasp.sra.ebi.ac.uk:/vol1/run/ERR595/ERR5956703/TP09-02_TS1_Wk3_HF_CAT_R2.fq.gz","ftp.sra.ebi.ac.uk/vol1/run/ERR595/ERR5956703/TP09-02_TS1_Wk3_HF_CAT_R1.fq.gz;ftp.sra.ebi.ac.uk/vol1/run/ERR595/ERR5956703/TP09-02_TS1_Wk3_HF_CAT_R2.fq.gz","FASTQ;FASTQ",NA,NA,NA,NA,NA,"TP09-02_Week3_Study1PeaFiber",NA,"TP09-02","3","Study1PeaFiber",NA,"2021-05-22","ftp.sra.ebi.ac.uk/vol1/err/ERR595/003/ERR5956703.bam",1219691281,"6be45da4ff6ba8a75506bbb35a10176e"
"193","ERR5956704","ERP128019","SAMEA8793857","ERS6478207","ERX5597225","PRJEB44020","ERA4412382",256318,"metagenome","ILLUMINA","unspecified",NA,NA,"PAIRED","OTHER","METAGENOMIC","RANDOM",15863162,1940192260,"WASHINGTON UNIVERSITY CENTER FOR GENOME SCIENCES","2022-04-13","2022-04-13","unspecified sequencing: Raw reads: TP09-02_Week4_Study1PeaFiber","An approach for evaluating the effects of dietary fiber polysaccharides on the human gut microbiome and plasma proteome","ena-STUDY-WASHINGTON UNIVERSITY CENTER FOR GENOME SCIENCES-30-03-2021-04:15:02:361-407","webin-reads-TP09-02_Week4_Study1PeaFiber","webin-reads-TP09-02_Week4_Study1PeaFiber","579244729;599591401","87ab34976820b4b7abec059a653061c5;63f754858372ab412ffd671c784e7f2a","ftp.sra.ebi.ac.uk/vol1/fastq/ERR595/004/ERR5956704/ERR5956704_1.fastq.gz;ftp.sra.ebi.ac.uk/vol1/fastq/ERR595/004/ERR5956704/ERR5956704_2.fastq.gz","fasp.sra.ebi.ac.uk:/vol1/fastq/ERR595/004/ERR5956704/ERR5956704_1.fastq.gz;fasp.sra.ebi.ac.uk:/vol1/fastq/ERR595/004/ERR5956704/ERR5956704_2.fastq.gz","ftp.sra.ebi.ac.uk/vol1/fastq/ERR595/004/ERR5956704/ERR5956704_1.fastq.gz;ftp.sra.ebi.ac.uk/vol1/fastq/ERR595/004/ERR5956704/ERR5956704_2.fastq.gz","557366250;577503391","802b935332abea52aaea0951871673bb;817688c9cd712031550b125174bb8374","ftp.sra.ebi.ac.uk/vol1/run/ERR595/ERR5956704/TP09-02_TS1_Wk4_HF_CAT_R1.fq.gz;ftp.sra.ebi.ac.uk/vol1/run/ERR595/ERR5956704/TP09-02_TS1_Wk4_HF_CAT_R2.fq.gz","fasp.sra.ebi.ac.uk:/vol1/run/ERR595/ERR5956704/TP09-02_TS1_Wk4_HF_CAT_R1.fq.gz;fasp.sra.ebi.ac.uk:/vol1/run/ERR595/ERR5956704/TP09-02_TS1_Wk4_HF_CAT_R2.fq.gz","ftp.sra.ebi.ac.uk/vol1/run/ERR595/ERR5956704/TP09-02_TS1_Wk4_HF_CAT_R1.fq.gz;ftp.sra.ebi.ac.uk/vol1/run/ERR595/ERR5956704/TP09-02_TS1_Wk4_HF_CAT_R2.fq.gz","FASTQ;FASTQ",NA,NA,NA,NA,NA,"TP09-02_Week4_Study1PeaFiber",NA,"TP09-02","4","Study1PeaFiber",NA,"2021-05-22","ftp.sra.ebi.ac.uk/vol1/err/ERR595/004/ERR5956704.bam",1169708892,"d89f0dfc149b43003dad3792f0838816"
"194","ERR5956705","ERP128019","SAMEA8793858","ERS6478208","ERX5597226","PRJEB44020","ERA4412383",256318,"metagenome","ILLUMINA","unspecified",NA,NA,"PAIRED","OTHER","METAGENOMIC","RANDOM",16622304,1952841931,"WASHINGTON UNIVERSITY CENTER FOR GENOME SCIENCES","2022-04-13","2022-04-13","unspecified sequencing: Raw reads: TP09-02_Week5_Study1PeaFiber","An approach for evaluating the effects of dietary fiber polysaccharides on the human gut microbiome and plasma proteome","ena-STUDY-WASHINGTON UNIVERSITY CENTER FOR GENOME SCIENCES-30-03-2021-04:15:02:361-407","webin-reads-TP09-02_Week5_Study1PeaFiber","webin-reads-TP09-02_Week5_Study1PeaFiber","585916767;608321311","aa0ceb9a1d96e248f2682fd492fa6179;0a010641d4b937125274eebcfade2b35","ftp.sra.ebi.ac.uk/vol1/fastq/ERR595/005/ERR5956705/ERR5956705_1.fastq.gz;ftp.sra.ebi.ac.uk/vol1/fastq/ERR595/005/ERR5956705/ERR5956705_2.fastq.gz","fasp.sra.ebi.ac.uk:/vol1/fastq/ERR595/005/ERR5956705/ERR5956705_1.fastq.gz;fasp.sra.ebi.ac.uk:/vol1/fastq/ERR595/005/ERR5956705/ERR5956705_2.fastq.gz","ftp.sra.ebi.ac.uk/vol1/fastq/ERR595/005/ERR5956705/ERR5956705_1.fastq.gz;ftp.sra.ebi.ac.uk/vol1/fastq/ERR595/005/ERR5956705/ERR5956705_2.fastq.gz","563007110;585181525","7b11acab3bc3666cf159ea7ee4d1b5cb;349d553b218aa19fd1906d4bb3ba6fb8","ftp.sra.ebi.ac.uk/vol1/run/ERR595/ERR5956705/TP09-02_TS1_Wk5_HF_CAT_R1.fq.gz;ftp.sra.ebi.ac.uk/vol1/run/ERR595/ERR5956705/TP09-02_TS1_Wk5_HF_CAT_R2.fq.gz","fasp.sra.ebi.ac.uk:/vol1/run/ERR595/ERR5956705/TP09-02_TS1_Wk5_HF_CAT_R1.fq.gz;fasp.sra.ebi.ac.uk:/vol1/run/ERR595/ERR5956705/TP09-02_TS1_Wk5_HF_CAT_R2.fq.gz","ftp.sra.ebi.ac.uk/vol1/run/ERR595/ERR5956705/TP09-02_TS1_Wk5_HF_CAT_R1.fq.gz;ftp.sra.ebi.ac.uk/vol1/run/ERR595/ERR5956705/TP09-02_TS1_Wk5_HF_CAT_R2.fq.gz","FASTQ;FASTQ",NA,NA,NA,NA,NA,"TP09-02_Week5_Study1PeaFiber",NA,"TP09-02","5","Study1PeaFiber",NA,"2021-05-22","ftp.sra.ebi.ac.uk/vol1/err/ERR595/005/ERR5956705.bam",1186968803,"d10b75a2ade6bf29fc540ee2f906f2ea"
"195","ERR5956729","ERP128019","SAMEA8793879","ERS6478229","ERX5597250","PRJEB44020","ERA4412407",256318,"metagenome","ILLUMINA","unspecified",NA,NA,"PAIRED","OTHER","METAGENOMIC","RANDOM",19985272,2561678431,"WASHINGTON UNIVERSITY CENTER FOR GENOME SCIENCES","2022-04-13","2022-04-13","unspecified sequencing: Raw reads: TP09-02_Week5_Study2OrangeFiber","An approach for evaluating the effects of dietary fiber polysaccharides on the human gut microbiome and plasma proteome","ena-STUDY-WASHINGTON UNIVERSITY CENTER FOR GENOME SCIENCES-30-03-2021-04:15:02:361-407","webin-reads-TP09-02_Week5_Study2OrangeFiber","webin-reads-TP09-02_Week5_Study2OrangeFiber","810106258;911540077","4d016c2d80dced60326c03c2c8d4c5c1;4c0fb17e28c5b852363cd5901e90434d","ftp.sra.ebi.ac.uk/vol1/fastq/ERR595/009/ERR5956729/ERR5956729_1.fastq.gz;ftp.sra.ebi.ac.uk/vol1/fastq/ERR595/009/ERR5956729/ERR5956729_2.fastq.gz","fasp.sra.ebi.ac.uk:/vol1/fastq/ERR595/009/ERR5956729/ERR5956729_1.fastq.gz;fasp.sra.ebi.ac.uk:/vol1/fastq/ERR595/009/ERR5956729/ERR5956729_2.fastq.gz","ftp.sra.ebi.ac.uk/vol1/fastq/ERR595/009/ERR5956729/ERR5956729_1.fastq.gz;ftp.sra.ebi.ac.uk/vol1/fastq/ERR595/009/ERR5956729/ERR5956729_2.fastq.gz","775711073;877714927","7151b644b11ef5bc24abfe4b506169d2;c7552740fe514b30edb3bf2c89bfdf4b","ftp.sra.ebi.ac.uk/vol1/run/ERR595/ERR5956729/TP09-02_TS2_Wk5_HF_CAT_R1.fq.gz;ftp.sra.ebi.ac.uk/vol1/run/ERR595/ERR5956729/TP09-02_TS2_Wk5_HF_CAT_R2.fq.gz","fasp.sra.ebi.ac.uk:/vol1/run/ERR595/ERR5956729/TP09-02_TS2_Wk5_HF_CAT_R1.fq.gz;fasp.sra.ebi.ac.uk:/vol1/run/ERR595/ERR5956729/TP09-02_TS2_Wk5_HF_CAT_R2.fq.gz","ftp.sra.ebi.ac.uk/vol1/run/ERR595/ERR5956729/TP09-02_TS2_Wk5_HF_CAT_R1.fq.gz;ftp.sra.ebi.ac.uk/vol1/run/ERR595/ERR5956729/TP09-02_TS2_Wk5_HF_CAT_R2.fq.gz","FASTQ;FASTQ",NA,NA,NA,NA,NA,"TP09-02_Week5_Study2OrangeFiber",NA,"TP09-02","5","Study2OrangeFiber",NA,"2021-05-23","ftp.sra.ebi.ac.uk/vol1/err/ERR595/009/ERR5956729.bam",1736312991,"8e023ea6d185edb0b4da4d16e37f5f43"
"196","ERR5956707","ERP128019","SAMEA8793859","ERS6478209","ERX5597228","PRJEB44020","ERA4412385",256318,"metagenome","ILLUMINA","unspecified",NA,NA,"PAIRED","OTHER","METAGENOMIC","RANDOM",16706470,2012991853,"WASHINGTON UNIVERSITY CENTER FOR GENOME SCIENCES","2022-04-13","2022-04-13","unspecified sequencing: Raw reads: TP09-02_Week8_Study1PeaFiber","An approach for evaluating the effects of dietary fiber polysaccharides on the human gut microbiome and plasma proteome","ena-STUDY-WASHINGTON UNIVERSITY CENTER FOR GENOME SCIENCES-30-03-2021-04:15:02:361-407","webin-reads-TP09-02_Week8_Study1PeaFiber","webin-reads-TP09-02_Week8_Study1PeaFiber","606482762;630760129","6eb25a0ad55b9d3aae63a82aaf524108;b1cc158e4e3c0ec46e565c1aacca1876","ftp.sra.ebi.ac.uk/vol1/fastq/ERR595/007/ERR5956707/ERR5956707_1.fastq.gz;ftp.sra.ebi.ac.uk/vol1/fastq/ERR595/007/ERR5956707/ERR5956707_2.fastq.gz","fasp.sra.ebi.ac.uk:/vol1/fastq/ERR595/007/ERR5956707/ERR5956707_1.fastq.gz;fasp.sra.ebi.ac.uk:/vol1/fastq/ERR595/007/ERR5956707/ERR5956707_2.fastq.gz","ftp.sra.ebi.ac.uk/vol1/fastq/ERR595/007/ERR5956707/ERR5956707_1.fastq.gz;ftp.sra.ebi.ac.uk/vol1/fastq/ERR595/007/ERR5956707/ERR5956707_2.fastq.gz","583275425;607331917","1337aa9e496b15b7f91c2048e1920182;0d98985bb5e8e7f5e1cdb47e7329873f","ftp.sra.ebi.ac.uk/vol1/run/ERR595/ERR5956707/TP09-02_TS1_Wk8_HF_CAT_R1.fq.gz;ftp.sra.ebi.ac.uk/vol1/run/ERR595/ERR5956707/TP09-02_TS1_Wk8_HF_CAT_R2.fq.gz","fasp.sra.ebi.ac.uk:/vol1/run/ERR595/ERR5956707/TP09-02_TS1_Wk8_HF_CAT_R1.fq.gz;fasp.sra.ebi.ac.uk:/vol1/run/ERR595/ERR5956707/TP09-02_TS1_Wk8_HF_CAT_R2.fq.gz","ftp.sra.ebi.ac.uk/vol1/run/ERR595/ERR5956707/TP09-02_TS1_Wk8_HF_CAT_R1.fq.gz;ftp.sra.ebi.ac.uk/vol1/run/ERR595/ERR5956707/TP09-02_TS1_Wk8_HF_CAT_R2.fq.gz","FASTQ;FASTQ",NA,NA,NA,NA,NA,"TP09-02_Week8_Study1PeaFiber",NA,"TP09-02","8","Study1PeaFiber",NA,"2021-05-22","ftp.sra.ebi.ac.uk/vol1/err/ERR595/007/ERR5956707.bam",1230118221,"9392365a08a8b5709b398615d56a5688"
"197","ERR5956730","ERP128019","SAMEA8793880","ERS6478230","ERX5597251","PRJEB44020","ERA4412408",256318,"metagenome","ILLUMINA","unspecified",NA,NA,"PAIRED","OTHER","METAGENOMIC","RANDOM",20282504,2660689090,"WASHINGTON UNIVERSITY CENTER FOR GENOME SCIENCES","2022-04-13","2022-04-13","unspecified sequencing: Raw reads: TP09-02_Week8_Study2OrangeFiber","An approach for evaluating the effects of dietary fiber polysaccharides on the human gut microbiome and plasma proteome","ena-STUDY-WASHINGTON UNIVERSITY CENTER FOR GENOME SCIENCES-30-03-2021-04:15:02:361-407","webin-reads-TP09-02_Week8_Study2OrangeFiber","webin-reads-TP09-02_Week8_Study2OrangeFiber","802090266;922369665","42b3e09542d93be6a95c58f968cc7b44;b0491812b3a4ba4a8d7b60f54e8c0be9","ftp.sra.ebi.ac.uk/vol1/fastq/ERR595/000/ERR5956730/ERR5956730_1.fastq.gz;ftp.sra.ebi.ac.uk/vol1/fastq/ERR595/000/ERR5956730/ERR5956730_2.fastq.gz","fasp.sra.ebi.ac.uk:/vol1/fastq/ERR595/000/ERR5956730/ERR5956730_1.fastq.gz;fasp.sra.ebi.ac.uk:/vol1/fastq/ERR595/000/ERR5956730/ERR5956730_2.fastq.gz","ftp.sra.ebi.ac.uk/vol1/fastq/ERR595/000/ERR5956730/ERR5956730_1.fastq.gz;ftp.sra.ebi.ac.uk/vol1/fastq/ERR595/000/ERR5956730/ERR5956730_2.fastq.gz","766732814;887595935","1ddca0f0febd4a314ecd95e215e3189f;0c877aaa68b018c79a7bc7b3395732b6","ftp.sra.ebi.ac.uk/vol1/run/ERR595/ERR5956730/TP09-02_TS2_Wk8_HF_CAT_R1.fq.gz;ftp.sra.ebi.ac.uk/vol1/run/ERR595/ERR5956730/TP09-02_TS2_Wk8_HF_CAT_R2.fq.gz","fasp.sra.ebi.ac.uk:/vol1/run/ERR595/ERR5956730/TP09-02_TS2_Wk8_HF_CAT_R1.fq.gz;fasp.sra.ebi.ac.uk:/vol1/run/ERR595/ERR5956730/TP09-02_TS2_Wk8_HF_CAT_R2.fq.gz","ftp.sra.ebi.ac.uk/vol1/run/ERR595/ERR5956730/TP09-02_TS2_Wk8_HF_CAT_R1.fq.gz;ftp.sra.ebi.ac.uk/vol1/run/ERR595/ERR5956730/TP09-02_TS2_Wk8_HF_CAT_R2.fq.gz","FASTQ;FASTQ",NA,NA,NA,NA,NA,"TP09-02_Week8_Study2OrangeFiber",NA,"TP09-02","8","Study2OrangeFiber",NA,"2021-05-23","ftp.sra.ebi.ac.uk/vol1/err/ERR595/000/ERR5956730.bam",1731286386,"bad9f984e2b51eec7650d8773b25e75c"
"198","ERR5956708","ERP128019","SAMEA8793860","ERS6478210","ERX5597229","PRJEB44020","ERA4412386",256318,"metagenome","ILLUMINA","unspecified",NA,NA,"PAIRED","OTHER","METAGENOMIC","RANDOM",16845118,2076577678,"WASHINGTON UNIVERSITY CENTER FOR GENOME SCIENCES","2022-04-13","2022-04-13","unspecified sequencing: Raw reads: TP09-02_Week9_Study1PeaFiber","An approach for evaluating the effects of dietary fiber polysaccharides on the human gut microbiome and plasma proteome","ena-STUDY-WASHINGTON UNIVERSITY CENTER FOR GENOME SCIENCES-30-03-2021-04:15:02:361-407","webin-reads-TP09-02_Week9_Study1PeaFiber","webin-reads-TP09-02_Week9_Study1PeaFiber","626371148;650884234","c2aca8f84323291a9eada7dadfa0a189;ad50d08f4e08629a1bd3cfb8434798ec","ftp.sra.ebi.ac.uk/vol1/fastq/ERR595/008/ERR5956708/ERR5956708_1.fastq.gz;ftp.sra.ebi.ac.uk/vol1/fastq/ERR595/008/ERR5956708/ERR5956708_2.fastq.gz","fasp.sra.ebi.ac.uk:/vol1/fastq/ERR595/008/ERR5956708/ERR5956708_1.fastq.gz;fasp.sra.ebi.ac.uk:/vol1/fastq/ERR595/008/ERR5956708/ERR5956708_2.fastq.gz","ftp.sra.ebi.ac.uk/vol1/fastq/ERR595/008/ERR5956708/ERR5956708_1.fastq.gz;ftp.sra.ebi.ac.uk/vol1/fastq/ERR595/008/ERR5956708/ERR5956708_2.fastq.gz","603188131;627455179","f27f592d506e2a2cd81036cf9ce3ea57;5537bc2aa04c40411f415956d00972fd","ftp.sra.ebi.ac.uk/vol1/run/ERR595/ERR5956708/TP09-02_TS1_Wk9_HF_CAT_R1.fq.gz;ftp.sra.ebi.ac.uk/vol1/run/ERR595/ERR5956708/TP09-02_TS1_Wk9_HF_CAT_R2.fq.gz","fasp.sra.ebi.ac.uk:/vol1/run/ERR595/ERR5956708/TP09-02_TS1_Wk9_HF_CAT_R1.fq.gz;fasp.sra.ebi.ac.uk:/vol1/run/ERR595/ERR5956708/TP09-02_TS1_Wk9_HF_CAT_R2.fq.gz","ftp.sra.ebi.ac.uk/vol1/run/ERR595/ERR5956708/TP09-02_TS1_Wk9_HF_CAT_R1.fq.gz;ftp.sra.ebi.ac.uk/vol1/run/ERR595/ERR5956708/TP09-02_TS1_Wk9_HF_CAT_R2.fq.gz","FASTQ;FASTQ",NA,NA,NA,NA,NA,"TP09-02_Week9_Study1PeaFiber",NA,"TP09-02","9","Study1PeaFiber",NA,"2021-05-22","ftp.sra.ebi.ac.uk/vol1/err/ERR595/008/ERR5956708.bam",1270009007,"14f927d79c49ef05e72215928022a2c8"
"199","ERR5956990","ERP128019","SAMEA8793921","ERS6478271","ERX5597511","PRJEB44020","ERA4412457",256318,"metagenome","ILLUMINA","unspecified",NA,NA,"PAIRED","OTHER","METAGENOMIC","RANDOM",21065918,2585212449,"WASHINGTON UNIVERSITY CENTER FOR GENOME SCIENCES","2022-04-13","2022-04-13","unspecified sequencing: Raw reads: TP10-01_Week1_Study2OrangeFiber","An approach for evaluating the effects of dietary fiber polysaccharides on the human gut microbiome and plasma proteome","ena-STUDY-WASHINGTON UNIVERSITY CENTER FOR GENOME SCIENCES-30-03-2021-04:15:02:361-407","webin-reads-TP10-01_Week1_Study2OrangeFiber","webin-reads-TP10-01_Week1_Study2OrangeFiber","782161664;898065320","1657ae71e89e26f22afb17d74fd76303;86d653ea6d065bfb687ccc22ca10407c","ftp.sra.ebi.ac.uk/vol1/fastq/ERR595/000/ERR5956990/ERR5956990_1.fastq.gz;ftp.sra.ebi.ac.uk/vol1/fastq/ERR595/000/ERR5956990/ERR5956990_2.fastq.gz","fasp.sra.ebi.ac.uk:/vol1/fastq/ERR595/000/ERR5956990/ERR5956990_1.fastq.gz;fasp.sra.ebi.ac.uk:/vol1/fastq/ERR595/000/ERR5956990/ERR5956990_2.fastq.gz","ftp.sra.ebi.ac.uk/vol1/fastq/ERR595/000/ERR5956990/ERR5956990_1.fastq.gz;ftp.sra.ebi.ac.uk/vol1/fastq/ERR595/000/ERR5956990/ERR5956990_2.fastq.gz","746010803;862486294","2247d85ac0b20bcd39cd317309233ed4;15b81dd681175b7da819289bd5548458","ftp.sra.ebi.ac.uk/vol1/run/ERR595/ERR5956990/TP10-01_TS2_Wk1_HF_CAT_R1.fq.gz;ftp.sra.ebi.ac.uk/vol1/run/ERR595/ERR5956990/TP10-01_TS2_Wk1_HF_CAT_R2.fq.gz","fasp.sra.ebi.ac.uk:/vol1/run/ERR595/ERR5956990/TP10-01_TS2_Wk1_HF_CAT_R1.fq.gz;fasp.sra.ebi.ac.uk:/vol1/run/ERR595/ERR5956990/TP10-01_TS2_Wk1_HF_CAT_R2.fq.gz","ftp.sra.ebi.ac.uk/vol1/run/ERR595/ERR5956990/TP10-01_TS2_Wk1_HF_CAT_R1.fq.gz;ftp.sra.ebi.ac.uk/vol1/run/ERR595/ERR5956990/TP10-01_TS2_Wk1_HF_CAT_R2.fq.gz","FASTQ;FASTQ",NA,NA,NA,NA,NA,"TP10-01_Week1_Study2OrangeFiber",NA,"TP10-01","1","Study2OrangeFiber",NA,"2021-05-23","ftp.sra.ebi.ac.uk/vol1/err/ERR595/000/ERR5956990.bam",1692952752,"55cfc89cb16af54544092640d2dfebab"
"200","ERR5956991","ERP128019","SAMEA8793922","ERS6478272","ERX5597512","PRJEB44020","ERA4412458",256318,"metagenome","ILLUMINA","unspecified",NA,NA,"PAIRED","OTHER","METAGENOMIC","RANDOM",21542512,2627447271,"WASHINGTON UNIVERSITY CENTER FOR GENOME SCIENCES","2022-04-13","2022-04-13","unspecified sequencing: Raw reads: TP10-01_Week2_Study2OrangeFiber","An approach for evaluating the effects of dietary fiber polysaccharides on the human gut microbiome and plasma proteome","ena-STUDY-WASHINGTON UNIVERSITY CENTER FOR GENOME SCIENCES-30-03-2021-04:15:02:361-407","webin-reads-TP10-01_Week2_Study2OrangeFiber","webin-reads-TP10-01_Week2_Study2OrangeFiber","831663782;922446035","48c394be31c0d511a581e4a07d05012b;d1fed506fe5cb5d4d561e5454fe3181a","ftp.sra.ebi.ac.uk/vol1/fastq/ERR595/001/ERR5956991/ERR5956991_1.fastq.gz;ftp.sra.ebi.ac.uk/vol1/fastq/ERR595/001/ERR5956991/ERR5956991_2.fastq.gz","fasp.sra.ebi.ac.uk:/vol1/fastq/ERR595/001/ERR5956991/ERR5956991_1.fastq.gz;fasp.sra.ebi.ac.uk:/vol1/fastq/ERR595/001/ERR5956991/ERR5956991_2.fastq.gz","ftp.sra.ebi.ac.uk/vol1/fastq/ERR595/001/ERR5956991/ERR5956991_1.fastq.gz;ftp.sra.ebi.ac.uk/vol1/fastq/ERR595/001/ERR5956991/ERR5956991_2.fastq.gz","795021846;886077746","ed8262ae1d10dcbedcfea110f128a3e8;b4dbf05a04a9b455736f7c9986337b2a","ftp.sra.ebi.ac.uk/vol1/run/ERR595/ERR5956991/TP10-01_TS2_Wk2_HF_CAT_R1.fq.gz;ftp.sra.ebi.ac.uk/vol1/run/ERR595/ERR5956991/TP10-01_TS2_Wk2_HF_CAT_R2.fq.gz","fasp.sra.ebi.ac.uk:/vol1/run/ERR595/ERR5956991/TP10-01_TS2_Wk2_HF_CAT_R1.fq.gz;fasp.sra.ebi.ac.uk:/vol1/run/ERR595/ERR5956991/TP10-01_TS2_Wk2_HF_CAT_R2.fq.gz","ftp.sra.ebi.ac.uk/vol1/run/ERR595/ERR5956991/TP10-01_TS2_Wk2_HF_CAT_R1.fq.gz;ftp.sra.ebi.ac.uk/vol1/run/ERR595/ERR5956991/TP10-01_TS2_Wk2_HF_CAT_R2.fq.gz","FASTQ;FASTQ",NA,NA,NA,NA,NA,"TP10-01_Week2_Study2OrangeFiber",NA,"TP10-01","2","Study2OrangeFiber",NA,"2021-05-23","ftp.sra.ebi.ac.uk/vol1/err/ERR595/001/ERR5956991.bam",1771768123,"db4ceae7622fe293b37810ca888a84f5"
"201","ERR5956992","ERP128019","SAMEA8793923","ERS6478273","ERX5597513","PRJEB44020","ERA4412459",256318,"metagenome","ILLUMINA","unspecified",NA,NA,"PAIRED","OTHER","METAGENOMIC","RANDOM",20337958,2461872199,"WASHINGTON UNIVERSITY CENTER FOR GENOME SCIENCES","2022-04-13","2022-04-13","unspecified sequencing: Raw reads: TP10-01_Week5_Study2OrangeFiber","An approach for evaluating the effects of dietary fiber polysaccharides on the human gut microbiome and plasma proteome","ena-STUDY-WASHINGTON UNIVERSITY CENTER FOR GENOME SCIENCES-30-03-2021-04:15:02:361-407","webin-reads-TP10-01_Week5_Study2OrangeFiber","webin-reads-TP10-01_Week5_Study2OrangeFiber","743124428;849676281","1e6274c971d95a23011fc62fe9ebb1a4;50c8c0505375151913ee3e6bdc9b5cb2","ftp.sra.ebi.ac.uk/vol1/fastq/ERR595/002/ERR5956992/ERR5956992_1.fastq.gz;ftp.sra.ebi.ac.uk/vol1/fastq/ERR595/002/ERR5956992/ERR5956992_2.fastq.gz","fasp.sra.ebi.ac.uk:/vol1/fastq/ERR595/002/ERR5956992/ERR5956992_1.fastq.gz;fasp.sra.ebi.ac.uk:/vol1/fastq/ERR595/002/ERR5956992/ERR5956992_2.fastq.gz","ftp.sra.ebi.ac.uk/vol1/fastq/ERR595/002/ERR5956992/ERR5956992_1.fastq.gz;ftp.sra.ebi.ac.uk/vol1/fastq/ERR595/002/ERR5956992/ERR5956992_2.fastq.gz","708077282;815035656","290be09bacaa6ed05260385b34ec439d;d553547abb862ab190bfab41e6e18a3f","ftp.sra.ebi.ac.uk/vol1/run/ERR595/ERR5956992/TP10-01_TS2_Wk5_HF_CAT_R1.fq.gz;ftp.sra.ebi.ac.uk/vol1/run/ERR595/ERR5956992/TP10-01_TS2_Wk5_HF_CAT_R2.fq.gz","fasp.sra.ebi.ac.uk:/vol1/run/ERR595/ERR5956992/TP10-01_TS2_Wk5_HF_CAT_R1.fq.gz;fasp.sra.ebi.ac.uk:/vol1/run/ERR595/ERR5956992/TP10-01_TS2_Wk5_HF_CAT_R2.fq.gz","ftp.sra.ebi.ac.uk/vol1/run/ERR595/ERR5956992/TP10-01_TS2_Wk5_HF_CAT_R1.fq.gz;ftp.sra.ebi.ac.uk/vol1/run/ERR595/ERR5956992/TP10-01_TS2_Wk5_HF_CAT_R2.fq.gz","FASTQ;FASTQ",NA,NA,NA,NA,NA,"TP10-01_Week5_Study2OrangeFiber",NA,"TP10-01","5","Study2OrangeFiber",NA,"2021-05-23","ftp.sra.ebi.ac.uk/vol1/err/ERR595/002/ERR5956992.bam",1603917327,"668dddeb8ba412b9ccad95ba5c532a35"
"202","ERR5956993","ERP128019","SAMEA8793924","ERS6478274","ERX5597514","PRJEB44020","ERA4412460",256318,"metagenome","ILLUMINA","unspecified",NA,NA,"PAIRED","OTHER","METAGENOMIC","RANDOM",123958,14807223,"WASHINGTON UNIVERSITY CENTER FOR GENOME SCIENCES","2022-04-13","2022-04-13","unspecified sequencing: Raw reads: TP10-01_Week8_Study2OrangeFiber","An approach for evaluating the effects of dietary fiber polysaccharides on the human gut microbiome and plasma proteome","ena-STUDY-WASHINGTON UNIVERSITY CENTER FOR GENOME SCIENCES-30-03-2021-04:15:02:361-407","webin-reads-TP10-01_Week8_Study2OrangeFiber","webin-reads-TP10-01_Week8_Study2OrangeFiber","5413713;5503267","3793ae8946c6b3d57761554f0e8468e7;df492bbe8fb14c16071b6371661c4150","ftp.sra.ebi.ac.uk/vol1/fastq/ERR595/003/ERR5956993/ERR5956993_1.fastq.gz;ftp.sra.ebi.ac.uk/vol1/fastq/ERR595/003/ERR5956993/ERR5956993_2.fastq.gz","fasp.sra.ebi.ac.uk:/vol1/fastq/ERR595/003/ERR5956993/ERR5956993_1.fastq.gz;fasp.sra.ebi.ac.uk:/vol1/fastq/ERR595/003/ERR5956993/ERR5956993_2.fastq.gz","ftp.sra.ebi.ac.uk/vol1/fastq/ERR595/003/ERR5956993/ERR5956993_1.fastq.gz;ftp.sra.ebi.ac.uk/vol1/fastq/ERR595/003/ERR5956993/ERR5956993_2.fastq.gz","5285413;5374297","3abe7586a8a6460b024d072e1f0aa1fb;608e5abfa464ef0565751bfb09c0ce2d","ftp.sra.ebi.ac.uk/vol1/run/ERR595/ERR5956993/TP10-01_TS2_Wk8_HF_CAT_R1.fq.gz;ftp.sra.ebi.ac.uk/vol1/run/ERR595/ERR5956993/TP10-01_TS2_Wk8_HF_CAT_R2.fq.gz","fasp.sra.ebi.ac.uk:/vol1/run/ERR595/ERR5956993/TP10-01_TS2_Wk8_HF_CAT_R1.fq.gz;fasp.sra.ebi.ac.uk:/vol1/run/ERR595/ERR5956993/TP10-01_TS2_Wk8_HF_CAT_R2.fq.gz","ftp.sra.ebi.ac.uk/vol1/run/ERR595/ERR5956993/TP10-01_TS2_Wk8_HF_CAT_R1.fq.gz;ftp.sra.ebi.ac.uk/vol1/run/ERR595/ERR5956993/TP10-01_TS2_Wk8_HF_CAT_R2.fq.gz","FASTQ;FASTQ",NA,NA,NA,NA,NA,"TP10-01_Week8_Study2OrangeFiber",NA,"TP10-01","8","Study2OrangeFiber",NA,"2021-05-23","ftp.sra.ebi.ac.uk/vol1/err/ERR595/003/ERR5956993.bam",10983336,"08f8907c653f58a97ef83827d5d89986"
"203","ERR5956994","ERP128019","SAMEA8793925","ERS6478275","ERX5597515","PRJEB44020","ERA4412461",256318,"metagenome","ILLUMINA","unspecified",NA,NA,"PAIRED","OTHER","METAGENOMIC","RANDOM",20247424,2474317969,"WASHINGTON UNIVERSITY CENTER FOR GENOME SCIENCES","2022-04-13","2022-04-13","unspecified sequencing: Raw reads: TP10-02_Week1_Study2OrangeFiber","An approach for evaluating the effects of dietary fiber polysaccharides on the human gut microbiome and plasma proteome","ena-STUDY-WASHINGTON UNIVERSITY CENTER FOR GENOME SCIENCES-30-03-2021-04:15:02:361-407","webin-reads-TP10-02_Week1_Study2OrangeFiber","webin-reads-TP10-02_Week1_Study2OrangeFiber","740501856;844682252","804f1276bc98669d349e6c09020f9a2b;a662df5e9ca5d7cc7f0bea67178d0724","ftp.sra.ebi.ac.uk/vol1/fastq/ERR595/004/ERR5956994/ERR5956994_1.fastq.gz;ftp.sra.ebi.ac.uk/vol1/fastq/ERR595/004/ERR5956994/ERR5956994_2.fastq.gz","fasp.sra.ebi.ac.uk:/vol1/fastq/ERR595/004/ERR5956994/ERR5956994_1.fastq.gz;fasp.sra.ebi.ac.uk:/vol1/fastq/ERR595/004/ERR5956994/ERR5956994_2.fastq.gz","ftp.sra.ebi.ac.uk/vol1/fastq/ERR595/004/ERR5956994/ERR5956994_1.fastq.gz;ftp.sra.ebi.ac.uk/vol1/fastq/ERR595/004/ERR5956994/ERR5956994_2.fastq.gz","705479305;809913939","df698f13ee9538862ffe275080ded0ab;d7acec2ee21c6864050a11ab5440792a","ftp.sra.ebi.ac.uk/vol1/run/ERR595/ERR5956994/TP10-02_TS2_Wk1_HF_CAT_R1.fq.gz;ftp.sra.ebi.ac.uk/vol1/run/ERR595/ERR5956994/TP10-02_TS2_Wk1_HF_CAT_R2.fq.gz","fasp.sra.ebi.ac.uk:/vol1/run/ERR595/ERR5956994/TP10-02_TS2_Wk1_HF_CAT_R1.fq.gz;fasp.sra.ebi.ac.uk:/vol1/run/ERR595/ERR5956994/TP10-02_TS2_Wk1_HF_CAT_R2.fq.gz","ftp.sra.ebi.ac.uk/vol1/run/ERR595/ERR5956994/TP10-02_TS2_Wk1_HF_CAT_R1.fq.gz;ftp.sra.ebi.ac.uk/vol1/run/ERR595/ERR5956994/TP10-02_TS2_Wk1_HF_CAT_R2.fq.gz","FASTQ;FASTQ",NA,NA,NA,NA,NA,"TP10-02_Week1_Study2OrangeFiber",NA,"TP10-02","1","Study2OrangeFiber",NA,"2021-05-23","ftp.sra.ebi.ac.uk/vol1/err/ERR595/004/ERR5956994.bam",1594727035,"ea6f7d8125b09c58314889adb28f5b00"
"204","ERR5956995","ERP128019","SAMEA8793926","ERS6478276","ERX5597516","PRJEB44020","ERA4412462",256318,"metagenome","ILLUMINA","unspecified",NA,NA,"PAIRED","OTHER","METAGENOMIC","RANDOM",19592014,2582680090,"WASHINGTON UNIVERSITY CENTER FOR GENOME SCIENCES","2022-04-13","2022-04-13","unspecified sequencing: Raw reads: TP10-02_Week2_Study2OrangeFiber","An approach for evaluating the effects of dietary fiber polysaccharides on the human gut microbiome and plasma proteome","ena-STUDY-WASHINGTON UNIVERSITY CENTER FOR GENOME SCIENCES-30-03-2021-04:15:02:361-407","webin-reads-TP10-02_Week2_Study2OrangeFiber","webin-reads-TP10-02_Week2_Study2OrangeFiber","779124785;904658736","550cfed7c17f274ec6693a1e0b21da19;e0a23dd29ab67bd95cfe70cf48a57994","ftp.sra.ebi.ac.uk/vol1/fastq/ERR595/005/ERR5956995/ERR5956995_1.fastq.gz;ftp.sra.ebi.ac.uk/vol1/fastq/ERR595/005/ERR5956995/ERR5956995_2.fastq.gz","fasp.sra.ebi.ac.uk:/vol1/fastq/ERR595/005/ERR5956995/ERR5956995_1.fastq.gz;fasp.sra.ebi.ac.uk:/vol1/fastq/ERR595/005/ERR5956995/ERR5956995_2.fastq.gz","ftp.sra.ebi.ac.uk/vol1/fastq/ERR595/005/ERR5956995/ERR5956995_1.fastq.gz;ftp.sra.ebi.ac.uk/vol1/fastq/ERR595/005/ERR5956995/ERR5956995_2.fastq.gz","745080153;871035709","bf69644551b6a374efb2db8857e96705;20f0cd5927086925c8e7214a9a676d86","ftp.sra.ebi.ac.uk/vol1/run/ERR595/ERR5956995/TP10-02_TS2_Wk2_HF_CAT_R1.fq.gz;ftp.sra.ebi.ac.uk/vol1/run/ERR595/ERR5956995/TP10-02_TS2_Wk2_HF_CAT_R2.fq.gz","fasp.sra.ebi.ac.uk:/vol1/run/ERR595/ERR5956995/TP10-02_TS2_Wk2_HF_CAT_R1.fq.gz;fasp.sra.ebi.ac.uk:/vol1/run/ERR595/ERR5956995/TP10-02_TS2_Wk2_HF_CAT_R2.fq.gz","ftp.sra.ebi.ac.uk/vol1/run/ERR595/ERR5956995/TP10-02_TS2_Wk2_HF_CAT_R1.fq.gz;ftp.sra.ebi.ac.uk/vol1/run/ERR595/ERR5956995/TP10-02_TS2_Wk2_HF_CAT_R2.fq.gz","FASTQ;FASTQ",NA,NA,NA,NA,NA,"TP10-02_Week2_Study2OrangeFiber",NA,"TP10-02","2","Study2OrangeFiber",NA,"2021-05-23","ftp.sra.ebi.ac.uk/vol1/err/ERR595/005/ERR5956995.bam",1690559292,"d5c027a53a2b27bf38e2365d01f42911"
"205","ERR5956997","ERP128019","SAMEA8793927","ERS6478277","ERX5597518","PRJEB44020","ERA4412464",256318,"metagenome","ILLUMINA","unspecified",NA,NA,"PAIRED","OTHER","METAGENOMIC","RANDOM",21288768,2776336343,"WASHINGTON UNIVERSITY CENTER FOR GENOME SCIENCES","2022-04-13","2022-04-13","unspecified sequencing: Raw reads: TP10-02_Week5_Study2OrangeFiber","An approach for evaluating the effects of dietary fiber polysaccharides on the human gut microbiome and plasma proteome","ena-STUDY-WASHINGTON UNIVERSITY CENTER FOR GENOME SCIENCES-30-03-2021-04:15:02:361-407","webin-reads-TP10-02_Week5_Study2OrangeFiber","webin-reads-TP10-02_Week5_Study2OrangeFiber","870029155;983053715","9ab60b028680f9796fa31ec56da5c485;b740d90cb6f20c3680436f4c0aaa6740","ftp.sra.ebi.ac.uk/vol1/fastq/ERR595/007/ERR5956997/ERR5956997_1.fastq.gz;ftp.sra.ebi.ac.uk/vol1/fastq/ERR595/007/ERR5956997/ERR5956997_2.fastq.gz","fasp.sra.ebi.ac.uk:/vol1/fastq/ERR595/007/ERR5956997/ERR5956997_1.fastq.gz;fasp.sra.ebi.ac.uk:/vol1/fastq/ERR595/007/ERR5956997/ERR5956997_2.fastq.gz","ftp.sra.ebi.ac.uk/vol1/fastq/ERR595/007/ERR5956997/ERR5956997_1.fastq.gz;ftp.sra.ebi.ac.uk/vol1/fastq/ERR595/007/ERR5956997/ERR5956997_2.fastq.gz","832959379;946517206","a7a5317dc50ab577df7413d4f31c213d;2718f655e40d31b8484e4107e4451a89","ftp.sra.ebi.ac.uk/vol1/run/ERR595/ERR5956997/TP10-02_TS2_Wk5_HF_CAT_R1.fq.gz;ftp.sra.ebi.ac.uk/vol1/run/ERR595/ERR5956997/TP10-02_TS2_Wk5_HF_CAT_R2.fq.gz","fasp.sra.ebi.ac.uk:/vol1/run/ERR595/ERR5956997/TP10-02_TS2_Wk5_HF_CAT_R1.fq.gz;fasp.sra.ebi.ac.uk:/vol1/run/ERR595/ERR5956997/TP10-02_TS2_Wk5_HF_CAT_R2.fq.gz","ftp.sra.ebi.ac.uk/vol1/run/ERR595/ERR5956997/TP10-02_TS2_Wk5_HF_CAT_R1.fq.gz;ftp.sra.ebi.ac.uk/vol1/run/ERR595/ERR5956997/TP10-02_TS2_Wk5_HF_CAT_R2.fq.gz","FASTQ;FASTQ",NA,NA,NA,NA,NA,"TP10-02_Week5_Study2OrangeFiber",NA,"TP10-02","5","Study2OrangeFiber",NA,"2021-05-23","ftp.sra.ebi.ac.uk/vol1/err/ERR595/007/ERR5956997.bam",1866222926,"8ec447e62b1f79fdea5118ff374465f1"
"206","ERR5956998","ERP128019","SAMEA8793928","ERS6478278","ERX5597519","PRJEB44020","ERA4412501",256318,"metagenome","ILLUMINA","unspecified",NA,NA,"PAIRED","OTHER","METAGENOMIC","RANDOM",21447732,2852324559,"WASHINGTON UNIVERSITY CENTER FOR GENOME SCIENCES","2022-04-13","2022-04-13","unspecified sequencing: Raw reads: TP10-02_Week8_Study2OrangeFiber","An approach for evaluating the effects of dietary fiber polysaccharides on the human gut microbiome and plasma proteome","ena-STUDY-WASHINGTON UNIVERSITY CENTER FOR GENOME SCIENCES-30-03-2021-04:15:02:361-407","webin-reads-TP10-02_Week8_Study2OrangeFiber","webin-reads-TP10-02_Week8_Study2OrangeFiber","869694528;991042308","12422b76df54ec241fcb509431edfd34;1be4910d83783659e40b66f9e1549c19","ftp.sra.ebi.ac.uk/vol1/fastq/ERR595/008/ERR5956998/ERR5956998_1.fastq.gz;ftp.sra.ebi.ac.uk/vol1/fastq/ERR595/008/ERR5956998/ERR5956998_2.fastq.gz","fasp.sra.ebi.ac.uk:/vol1/fastq/ERR595/008/ERR5956998/ERR5956998_1.fastq.gz;fasp.sra.ebi.ac.uk:/vol1/fastq/ERR595/008/ERR5956998/ERR5956998_2.fastq.gz","ftp.sra.ebi.ac.uk/vol1/fastq/ERR595/008/ERR5956998/ERR5956998_1.fastq.gz;ftp.sra.ebi.ac.uk/vol1/fastq/ERR595/008/ERR5956998/ERR5956998_2.fastq.gz","832050463;953582069","55a785092d6561f27ad9dc6dcd2226cb;29fd731a2423f1fc9e8ddc06a23da6d9","ftp.sra.ebi.ac.uk/vol1/run/ERR595/ERR5956998/TP10-02_TS2_Wk8_HF_CAT_R1.fq.gz;ftp.sra.ebi.ac.uk/vol1/run/ERR595/ERR5956998/TP10-02_TS2_Wk8_HF_CAT_R2.fq.gz","fasp.sra.ebi.ac.uk:/vol1/run/ERR595/ERR5956998/TP10-02_TS2_Wk8_HF_CAT_R1.fq.gz;fasp.sra.ebi.ac.uk:/vol1/run/ERR595/ERR5956998/TP10-02_TS2_Wk8_HF_CAT_R2.fq.gz","ftp.sra.ebi.ac.uk/vol1/run/ERR595/ERR5956998/TP10-02_TS2_Wk8_HF_CAT_R1.fq.gz;ftp.sra.ebi.ac.uk/vol1/run/ERR595/ERR5956998/TP10-02_TS2_Wk8_HF_CAT_R2.fq.gz","FASTQ;FASTQ",NA,NA,NA,NA,NA,"TP10-02_Week8_Study2OrangeFiber",NA,"TP10-02","8","Study2OrangeFiber",NA,"2021-05-23","ftp.sra.ebi.ac.uk/vol1/err/ERR595/008/ERR5956998.bam",1867905567,"036e3a91a31ecb44658d485cfc025bc1"
"207","ERR5956999","ERP128019","SAMEA8793929","ERS6478279","ERX5597520","PRJEB44020","ERA4412502",256318,"metagenome","ILLUMINA","unspecified",NA,NA,"PAIRED","OTHER","METAGENOMIC","RANDOM",20313068,2478206741,"WASHINGTON UNIVERSITY CENTER FOR GENOME SCIENCES","2022-04-13","2022-04-13","unspecified sequencing: Raw reads: TP11-01_Week1_Study2OrangeFiber","An approach for evaluating the effects of dietary fiber polysaccharides on the human gut microbiome and plasma proteome","ena-STUDY-WASHINGTON UNIVERSITY CENTER FOR GENOME SCIENCES-30-03-2021-04:15:02:361-407","webin-reads-TP11-01_Week1_Study2OrangeFiber","webin-reads-TP11-01_Week1_Study2OrangeFiber","749928432;861765356","1d98fac4af1cd8f8e984ba3aa1983b02;77fc41349c4e23ffe3c37ec711c0532a","ftp.sra.ebi.ac.uk/vol1/fastq/ERR595/009/ERR5956999/ERR5956999_1.fastq.gz;ftp.sra.ebi.ac.uk/vol1/fastq/ERR595/009/ERR5956999/ERR5956999_2.fastq.gz","fasp.sra.ebi.ac.uk:/vol1/fastq/ERR595/009/ERR5956999/ERR5956999_1.fastq.gz;fasp.sra.ebi.ac.uk:/vol1/fastq/ERR595/009/ERR5956999/ERR5956999_2.fastq.gz","ftp.sra.ebi.ac.uk/vol1/fastq/ERR595/009/ERR5956999/ERR5956999_1.fastq.gz;ftp.sra.ebi.ac.uk/vol1/fastq/ERR595/009/ERR5956999/ERR5956999_2.fastq.gz","714996836;827267483","769df47469003816eea2051a9e87b274;d5344d9bb71594546acc1bcdabe11494","ftp.sra.ebi.ac.uk/vol1/run/ERR595/ERR5956999/TP11-01_TS2_Wk1_HF_CAT_R1.fq.gz;ftp.sra.ebi.ac.uk/vol1/run/ERR595/ERR5956999/TP11-01_TS2_Wk1_HF_CAT_R2.fq.gz","fasp.sra.ebi.ac.uk:/vol1/run/ERR595/ERR5956999/TP11-01_TS2_Wk1_HF_CAT_R1.fq.gz;fasp.sra.ebi.ac.uk:/vol1/run/ERR595/ERR5956999/TP11-01_TS2_Wk1_HF_CAT_R2.fq.gz","ftp.sra.ebi.ac.uk/vol1/run/ERR595/ERR5956999/TP11-01_TS2_Wk1_HF_CAT_R1.fq.gz;ftp.sra.ebi.ac.uk/vol1/run/ERR595/ERR5956999/TP11-01_TS2_Wk1_HF_CAT_R2.fq.gz","FASTQ;FASTQ",NA,NA,NA,NA,NA,"TP11-01_Week1_Study2OrangeFiber",NA,"TP11-01","1","Study2OrangeFiber",NA,"2021-05-23","ftp.sra.ebi.ac.uk/vol1/err/ERR595/009/ERR5956999.bam",1624481410,"c2bbe2af24edc7a0acfc0211342cfbd5"
"208","ERR5957000","ERP128019","SAMEA8793930","ERS6478280","ERX5597521","PRJEB44020","ERA4412503",256318,"metagenome","ILLUMINA","unspecified",NA,NA,"PAIRED","OTHER","METAGENOMIC","RANDOM",20727904,2590117493,"WASHINGTON UNIVERSITY CENTER FOR GENOME SCIENCES","2022-04-13","2022-04-13","unspecified sequencing: Raw reads: TP11-01_Week2_Study2OrangeFiber","An approach for evaluating the effects of dietary fiber polysaccharides on the human gut microbiome and plasma proteome","ena-STUDY-WASHINGTON UNIVERSITY CENTER FOR GENOME SCIENCES-30-03-2021-04:15:02:361-407","webin-reads-TP11-01_Week2_Study2OrangeFiber","webin-reads-TP11-01_Week2_Study2OrangeFiber","836843571;919248501","cf567103f9475312e4de81097154fe59;4e3e5ade3f6a11ca9aeb87b0a022ca03","ftp.sra.ebi.ac.uk/vol1/fastq/ERR595/000/ERR5957000/ERR5957000_1.fastq.gz;ftp.sra.ebi.ac.uk/vol1/fastq/ERR595/000/ERR5957000/ERR5957000_2.fastq.gz","fasp.sra.ebi.ac.uk:/vol1/fastq/ERR595/000/ERR5957000/ERR5957000_1.fastq.gz;fasp.sra.ebi.ac.uk:/vol1/fastq/ERR595/000/ERR5957000/ERR5957000_2.fastq.gz","ftp.sra.ebi.ac.uk/vol1/fastq/ERR595/000/ERR5957000/ERR5957000_1.fastq.gz;ftp.sra.ebi.ac.uk/vol1/fastq/ERR595/000/ERR5957000/ERR5957000_2.fastq.gz","801449519;884181791","3fe88f223dd03c235e68d7841c9db362;8dfa6fc2e8ea886649d7f215ef691a55","ftp.sra.ebi.ac.uk/vol1/run/ERR595/ERR5957000/TP11-01_TS2_Wk2_HF_CAT_R1.fq.gz;ftp.sra.ebi.ac.uk/vol1/run/ERR595/ERR5957000/TP11-01_TS2_Wk2_HF_CAT_R2.fq.gz","fasp.sra.ebi.ac.uk:/vol1/run/ERR595/ERR5957000/TP11-01_TS2_Wk2_HF_CAT_R1.fq.gz;fasp.sra.ebi.ac.uk:/vol1/run/ERR595/ERR5957000/TP11-01_TS2_Wk2_HF_CAT_R2.fq.gz","ftp.sra.ebi.ac.uk/vol1/run/ERR595/ERR5957000/TP11-01_TS2_Wk2_HF_CAT_R1.fq.gz;ftp.sra.ebi.ac.uk/vol1/run/ERR595/ERR5957000/TP11-01_TS2_Wk2_HF_CAT_R2.fq.gz","FASTQ;FASTQ",NA,NA,NA,NA,NA,"TP11-01_Week2_Study2OrangeFiber",NA,"TP11-01","2","Study2OrangeFiber",NA,"2021-05-23","ftp.sra.ebi.ac.uk/vol1/err/ERR595/000/ERR5957000.bam",1775014118,"9ce93c2b5040ff8e87c751f42c0fd38f"
"209","ERR5957001","ERP128019","SAMEA8793931","ERS6478281","ERX5597522","PRJEB44020","ERA4412504",256318,"metagenome","ILLUMINA","unspecified",NA,NA,"PAIRED","OTHER","METAGENOMIC","RANDOM",20243032,2280577979,"WASHINGTON UNIVERSITY CENTER FOR GENOME SCIENCES","2022-04-13","2022-04-13","unspecified sequencing: Raw reads: TP11-01_Week5_Study2OrangeFiber","An approach for evaluating the effects of dietary fiber polysaccharides on the human gut microbiome and plasma proteome","ena-STUDY-WASHINGTON UNIVERSITY CENTER FOR GENOME SCIENCES-30-03-2021-04:15:02:361-407","webin-reads-TP11-01_Week5_Study2OrangeFiber","webin-reads-TP11-01_Week5_Study2OrangeFiber","687591377;778405293","79734a4af52605f8aa69308e04040fac;1be3009d052e55a2e5501b4eb6f3ec6e","ftp.sra.ebi.ac.uk/vol1/fastq/ERR595/001/ERR5957001/ERR5957001_1.fastq.gz;ftp.sra.ebi.ac.uk/vol1/fastq/ERR595/001/ERR5957001/ERR5957001_2.fastq.gz","fasp.sra.ebi.ac.uk:/vol1/fastq/ERR595/001/ERR5957001/ERR5957001_1.fastq.gz;fasp.sra.ebi.ac.uk:/vol1/fastq/ERR595/001/ERR5957001/ERR5957001_2.fastq.gz","ftp.sra.ebi.ac.uk/vol1/fastq/ERR595/001/ERR5957001/ERR5957001_1.fastq.gz;ftp.sra.ebi.ac.uk/vol1/fastq/ERR595/001/ERR5957001/ERR5957001_2.fastq.gz","653086406;744389558","07603d9bc88586fd192f51d0d93cef6e;1786045fd6248bfbe64d7eb4026d74e1","ftp.sra.ebi.ac.uk/vol1/run/ERR595/ERR5957001/TP11-01_TS2_Wk5_HF_CAT_R1.fq.gz;ftp.sra.ebi.ac.uk/vol1/run/ERR595/ERR5957001/TP11-01_TS2_Wk5_HF_CAT_R2.fq.gz","fasp.sra.ebi.ac.uk:/vol1/run/ERR595/ERR5957001/TP11-01_TS2_Wk5_HF_CAT_R1.fq.gz;fasp.sra.ebi.ac.uk:/vol1/run/ERR595/ERR5957001/TP11-01_TS2_Wk5_HF_CAT_R2.fq.gz","ftp.sra.ebi.ac.uk/vol1/run/ERR595/ERR5957001/TP11-01_TS2_Wk5_HF_CAT_R1.fq.gz;ftp.sra.ebi.ac.uk/vol1/run/ERR595/ERR5957001/TP11-01_TS2_Wk5_HF_CAT_R2.fq.gz","FASTQ;FASTQ",NA,NA,NA,NA,NA,"TP11-01_Week5_Study2OrangeFiber",NA,"TP11-01","5","Study2OrangeFiber",NA,"2021-05-23","ftp.sra.ebi.ac.uk/vol1/err/ERR595/001/ERR5957001.bam",1476822334,"2a8d4f88c0bdab5745bcc74fa25f0067"
"210","ERR5957002","ERP128019","SAMEA8793932","ERS6478282","ERX5597523","PRJEB44020","ERA4412505",256318,"metagenome","ILLUMINA","unspecified",NA,NA,"PAIRED","OTHER","METAGENOMIC","RANDOM",20677034,2669363113,"WASHINGTON UNIVERSITY CENTER FOR GENOME SCIENCES","2022-04-13","2022-04-13","unspecified sequencing: Raw reads: TP11-01_Week8_Study2OrangeFiber","An approach for evaluating the effects of dietary fiber polysaccharides on the human gut microbiome and plasma proteome","ena-STUDY-WASHINGTON UNIVERSITY CENTER FOR GENOME SCIENCES-30-03-2021-04:15:02:361-407","webin-reads-TP11-01_Week8_Study2OrangeFiber","webin-reads-TP11-01_Week8_Study2OrangeFiber","804694965;938425953","fb01d82218f146f90a6176dd7cefb438;2c8212eca138249a33e0931dedd71232","ftp.sra.ebi.ac.uk/vol1/fastq/ERR595/002/ERR5957002/ERR5957002_1.fastq.gz;ftp.sra.ebi.ac.uk/vol1/fastq/ERR595/002/ERR5957002/ERR5957002_2.fastq.gz","fasp.sra.ebi.ac.uk:/vol1/fastq/ERR595/002/ERR5957002/ERR5957002_1.fastq.gz;fasp.sra.ebi.ac.uk:/vol1/fastq/ERR595/002/ERR5957002/ERR5957002_2.fastq.gz","ftp.sra.ebi.ac.uk/vol1/fastq/ERR595/002/ERR5957002/ERR5957002_1.fastq.gz;ftp.sra.ebi.ac.uk/vol1/fastq/ERR595/002/ERR5957002/ERR5957002_2.fastq.gz","768725402;903036601","a16935180df445e6e49f7c2ca80f5184;478f0915366d28b24569b000563e851e","ftp.sra.ebi.ac.uk/vol1/run/ERR595/ERR5957002/TP11-01_TS2_Wk8_HF_CAT_R1.fq.gz;ftp.sra.ebi.ac.uk/vol1/run/ERR595/ERR5957002/TP11-01_TS2_Wk8_HF_CAT_R2.fq.gz","fasp.sra.ebi.ac.uk:/vol1/run/ERR595/ERR5957002/TP11-01_TS2_Wk8_HF_CAT_R1.fq.gz;fasp.sra.ebi.ac.uk:/vol1/run/ERR595/ERR5957002/TP11-01_TS2_Wk8_HF_CAT_R2.fq.gz","ftp.sra.ebi.ac.uk/vol1/run/ERR595/ERR5957002/TP11-01_TS2_Wk8_HF_CAT_R1.fq.gz;ftp.sra.ebi.ac.uk/vol1/run/ERR595/ERR5957002/TP11-01_TS2_Wk8_HF_CAT_R2.fq.gz","FASTQ;FASTQ",NA,NA,NA,NA,NA,"TP11-01_Week8_Study2OrangeFiber",NA,"TP11-01","8","Study2OrangeFiber",NA,"2021-05-23","ftp.sra.ebi.ac.uk/vol1/err/ERR595/002/ERR5957002.bam",1756071975,"93b97e26d5086225c22bf597dd8eb632"
"211","ERR5957003","ERP128019","SAMEA8793933","ERS6478283","ERX5597524","PRJEB44020","ERA4412506",256318,"metagenome","ILLUMINA","unspecified",NA,NA,"PAIRED","OTHER","METAGENOMIC","RANDOM",114328,13475573,"WASHINGTON UNIVERSITY CENTER FOR GENOME SCIENCES","2022-04-13","2022-04-13","unspecified sequencing: Raw reads: TP11-02_Week1_Study2OrangeFiber","An approach for evaluating the effects of dietary fiber polysaccharides on the human gut microbiome and plasma proteome","ena-STUDY-WASHINGTON UNIVERSITY CENTER FOR GENOME SCIENCES-30-03-2021-04:15:02:361-407","webin-reads-TP11-02_Week1_Study2OrangeFiber","webin-reads-TP11-02_Week1_Study2OrangeFiber","4937475;4935574","f4f05405c096a529f7913dd9a9ae0be2;a1f6b9074789ea80d91e9d35f9f4f301","ftp.sra.ebi.ac.uk/vol1/fastq/ERR595/003/ERR5957003/ERR5957003_1.fastq.gz;ftp.sra.ebi.ac.uk/vol1/fastq/ERR595/003/ERR5957003/ERR5957003_2.fastq.gz","fasp.sra.ebi.ac.uk:/vol1/fastq/ERR595/003/ERR5957003/ERR5957003_1.fastq.gz;fasp.sra.ebi.ac.uk:/vol1/fastq/ERR595/003/ERR5957003/ERR5957003_2.fastq.gz","ftp.sra.ebi.ac.uk/vol1/fastq/ERR595/003/ERR5957003/ERR5957003_1.fastq.gz;ftp.sra.ebi.ac.uk/vol1/fastq/ERR595/003/ERR5957003/ERR5957003_2.fastq.gz","4820377;4816221","ed8a67b38959d1a7433ad5df8a52fe46;06d8803e4bcad8e32cd18d6762c916d4","ftp.sra.ebi.ac.uk/vol1/run/ERR595/ERR5957003/TP11-02_TS2_Wk1_HF_CAT_R1.fq.gz;ftp.sra.ebi.ac.uk/vol1/run/ERR595/ERR5957003/TP11-02_TS2_Wk1_HF_CAT_R2.fq.gz","fasp.sra.ebi.ac.uk:/vol1/run/ERR595/ERR5957003/TP11-02_TS2_Wk1_HF_CAT_R1.fq.gz;fasp.sra.ebi.ac.uk:/vol1/run/ERR595/ERR5957003/TP11-02_TS2_Wk1_HF_CAT_R2.fq.gz","ftp.sra.ebi.ac.uk/vol1/run/ERR595/ERR5957003/TP11-02_TS2_Wk1_HF_CAT_R1.fq.gz;ftp.sra.ebi.ac.uk/vol1/run/ERR595/ERR5957003/TP11-02_TS2_Wk1_HF_CAT_R2.fq.gz","FASTQ;FASTQ",NA,NA,NA,NA,NA,"TP11-02_Week1_Study2OrangeFiber",NA,"TP11-02","1","Study2OrangeFiber",NA,"2021-05-23","ftp.sra.ebi.ac.uk/vol1/err/ERR595/003/ERR5957003.bam",9921731,"0905188d01acfbe39d8c0a90cbc65e40"
"212","ERR5957004","ERP128019","SAMEA8793934","ERS6478284","ERX5597525","PRJEB44020","ERA4412507",256318,"metagenome","ILLUMINA","unspecified",NA,NA,"PAIRED","OTHER","METAGENOMIC","RANDOM",20739148,2547851905,"WASHINGTON UNIVERSITY CENTER FOR GENOME SCIENCES","2022-04-13","2022-04-13","unspecified sequencing: Raw reads: TP11-02_Week2_Study2OrangeFiber","An approach for evaluating the effects of dietary fiber polysaccharides on the human gut microbiome and plasma proteome","ena-STUDY-WASHINGTON UNIVERSITY CENTER FOR GENOME SCIENCES-30-03-2021-04:15:02:361-407","webin-reads-TP11-02_Week2_Study2OrangeFiber","webin-reads-TP11-02_Week2_Study2OrangeFiber","766850583;882339363","74446f2c0f8cd5a2e0410b75598e6f91;10e077ad796731e9e0b476deff9bf942","ftp.sra.ebi.ac.uk/vol1/fastq/ERR595/004/ERR5957004/ERR5957004_1.fastq.gz;ftp.sra.ebi.ac.uk/vol1/fastq/ERR595/004/ERR5957004/ERR5957004_2.fastq.gz","fasp.sra.ebi.ac.uk:/vol1/fastq/ERR595/004/ERR5957004/ERR5957004_1.fastq.gz;fasp.sra.ebi.ac.uk:/vol1/fastq/ERR595/004/ERR5957004/ERR5957004_2.fastq.gz","ftp.sra.ebi.ac.uk/vol1/fastq/ERR595/004/ERR5957004/ERR5957004_1.fastq.gz;ftp.sra.ebi.ac.uk/vol1/fastq/ERR595/004/ERR5957004/ERR5957004_2.fastq.gz","732260256;848219723","e30856c6f70cf4734bf92c03821f7222;b24a145c959685d65cd713f094ed8454","ftp.sra.ebi.ac.uk/vol1/run/ERR595/ERR5957004/TP11-02_TS2_Wk2_HF_CAT_R1.fq.gz;ftp.sra.ebi.ac.uk/vol1/run/ERR595/ERR5957004/TP11-02_TS2_Wk2_HF_CAT_R2.fq.gz","fasp.sra.ebi.ac.uk:/vol1/run/ERR595/ERR5957004/TP11-02_TS2_Wk2_HF_CAT_R1.fq.gz;fasp.sra.ebi.ac.uk:/vol1/run/ERR595/ERR5957004/TP11-02_TS2_Wk2_HF_CAT_R2.fq.gz","ftp.sra.ebi.ac.uk/vol1/run/ERR595/ERR5957004/TP11-02_TS2_Wk2_HF_CAT_R1.fq.gz;ftp.sra.ebi.ac.uk/vol1/run/ERR595/ERR5957004/TP11-02_TS2_Wk2_HF_CAT_R2.fq.gz","FASTQ;FASTQ",NA,NA,NA,NA,NA,"TP11-02_Week2_Study2OrangeFiber",NA,"TP11-02","2","Study2OrangeFiber",NA,"2021-05-23","ftp.sra.ebi.ac.uk/vol1/err/ERR595/004/ERR5957004.bam",1660811427,"8e97bb5165758ae7c06b55346935425b"
"213","ERR5957006","ERP128019","SAMEA8793935","ERS6478285","ERX5597527","PRJEB44020","ERA4412509",256318,"metagenome","ILLUMINA","unspecified",NA,NA,"PAIRED","OTHER","METAGENOMIC","RANDOM",20999436,2628188835,"WASHINGTON UNIVERSITY CENTER FOR GENOME SCIENCES","2022-04-13","2022-04-13","unspecified sequencing: Raw reads: TP11-02_Week5_Study2OrangeFiber","An approach for evaluating the effects of dietary fiber polysaccharides on the human gut microbiome and plasma proteome","ena-STUDY-WASHINGTON UNIVERSITY CENTER FOR GENOME SCIENCES-30-03-2021-04:15:02:361-407","webin-reads-TP11-02_Week5_Study2OrangeFiber","webin-reads-TP11-02_Week5_Study2OrangeFiber","836685544;928014873","c940d2e2549ee764db274d09bb291bfc;3d4110ff84e13782900ad2358da12d6a","ftp.sra.ebi.ac.uk/vol1/fastq/ERR595/006/ERR5957006/ERR5957006_1.fastq.gz;ftp.sra.ebi.ac.uk/vol1/fastq/ERR595/006/ERR5957006/ERR5957006_2.fastq.gz","fasp.sra.ebi.ac.uk:/vol1/fastq/ERR595/006/ERR5957006/ERR5957006_1.fastq.gz;fasp.sra.ebi.ac.uk:/vol1/fastq/ERR595/006/ERR5957006/ERR5957006_2.fastq.gz","ftp.sra.ebi.ac.uk/vol1/fastq/ERR595/006/ERR5957006/ERR5957006_1.fastq.gz;ftp.sra.ebi.ac.uk/vol1/fastq/ERR595/006/ERR5957006/ERR5957006_2.fastq.gz","800931323;892605373","f2f5820ebcfe86730a3661bba2a27e2b;1871ecbe1832d93f394e0476559b0e05","ftp.sra.ebi.ac.uk/vol1/run/ERR595/ERR5957006/TP11-02_TS2_Wk5_HF_CAT_R1.fq.gz;ftp.sra.ebi.ac.uk/vol1/run/ERR595/ERR5957006/TP11-02_TS2_Wk5_HF_CAT_R2.fq.gz","fasp.sra.ebi.ac.uk:/vol1/run/ERR595/ERR5957006/TP11-02_TS2_Wk5_HF_CAT_R1.fq.gz;fasp.sra.ebi.ac.uk:/vol1/run/ERR595/ERR5957006/TP11-02_TS2_Wk5_HF_CAT_R2.fq.gz","ftp.sra.ebi.ac.uk/vol1/run/ERR595/ERR5957006/TP11-02_TS2_Wk5_HF_CAT_R1.fq.gz;ftp.sra.ebi.ac.uk/vol1/run/ERR595/ERR5957006/TP11-02_TS2_Wk5_HF_CAT_R2.fq.gz","FASTQ;FASTQ",NA,NA,NA,NA,NA,"TP11-02_Week5_Study2OrangeFiber",NA,"TP11-02","5","Study2OrangeFiber",NA,"2021-05-23","ftp.sra.ebi.ac.uk/vol1/err/ERR595/006/ERR5957006.bam",1781283307,"5ada2203aca812cf743a544175cc951f"
"214","ERR5957007","ERP128019","SAMEA8793936","ERS6478286","ERX5597528","PRJEB44020","ERA4412510",256318,"metagenome","ILLUMINA","unspecified",NA,NA,"PAIRED","OTHER","METAGENOMIC","RANDOM",20511684,2659469118,"WASHINGTON UNIVERSITY CENTER FOR GENOME SCIENCES","2022-04-13","2022-04-13","unspecified sequencing: Raw reads: TP11-02_Week8_Study2OrangeFiber","An approach for evaluating the effects of dietary fiber polysaccharides on the human gut microbiome and plasma proteome","ena-STUDY-WASHINGTON UNIVERSITY CENTER FOR GENOME SCIENCES-30-03-2021-04:15:02:361-407","webin-reads-TP11-02_Week8_Study2OrangeFiber","webin-reads-TP11-02_Week8_Study2OrangeFiber","847012002;913257558","5451eac1473e21ed1f91d7718177c937;b1cc9dcdc85274712047c8413a92c7cf","ftp.sra.ebi.ac.uk/vol1/fastq/ERR595/007/ERR5957007/ERR5957007_1.fastq.gz;ftp.sra.ebi.ac.uk/vol1/fastq/ERR595/007/ERR5957007/ERR5957007_2.fastq.gz","fasp.sra.ebi.ac.uk:/vol1/fastq/ERR595/007/ERR5957007/ERR5957007_1.fastq.gz;fasp.sra.ebi.ac.uk:/vol1/fastq/ERR595/007/ERR5957007/ERR5957007_2.fastq.gz","ftp.sra.ebi.ac.uk/vol1/fastq/ERR595/007/ERR5957007/ERR5957007_1.fastq.gz;ftp.sra.ebi.ac.uk/vol1/fastq/ERR595/007/ERR5957007/ERR5957007_2.fastq.gz","811562105;878103979","f81c118b1f4e06437adc502ee06b7b9c;3bc8171d560aae4888a7de64ffac1646","ftp.sra.ebi.ac.uk/vol1/run/ERR595/ERR5957007/TP11-02_TS2_Wk8_HF_CAT_R1.fq.gz;ftp.sra.ebi.ac.uk/vol1/run/ERR595/ERR5957007/TP11-02_TS2_Wk8_HF_CAT_R2.fq.gz","fasp.sra.ebi.ac.uk:/vol1/run/ERR595/ERR5957007/TP11-02_TS2_Wk8_HF_CAT_R1.fq.gz;fasp.sra.ebi.ac.uk:/vol1/run/ERR595/ERR5957007/TP11-02_TS2_Wk8_HF_CAT_R2.fq.gz","ftp.sra.ebi.ac.uk/vol1/run/ERR595/ERR5957007/TP11-02_TS2_Wk8_HF_CAT_R1.fq.gz;ftp.sra.ebi.ac.uk/vol1/run/ERR595/ERR5957007/TP11-02_TS2_Wk8_HF_CAT_R2.fq.gz","FASTQ;FASTQ",NA,NA,NA,NA,NA,"TP11-02_Week8_Study2OrangeFiber",NA,"TP11-02","8","Study2OrangeFiber",NA,"2021-05-23","ftp.sra.ebi.ac.uk/vol1/err/ERR595/007/ERR5957007.bam",1770648081,"2617a1903c165d7734e09812ce301a5d"
"215","ERR5956749","ERP128019","SAMEA8793897","ERS6478247","ERX5597270","PRJEB44020","ERA4412427",256318,"metagenome","ILLUMINA","unspecified",NA,NA,"PAIRED","OTHER","METAGENOMIC","RANDOM",20624056,2511455081,"WASHINGTON UNIVERSITY CENTER FOR GENOME SCIENCES","2022-04-13","2022-04-13","unspecified sequencing: Raw reads: TP12-01_Week1_Study2OrangeFiber","An approach for evaluating the effects of dietary fiber polysaccharides on the human gut microbiome and plasma proteome","ena-STUDY-WASHINGTON UNIVERSITY CENTER FOR GENOME SCIENCES-30-03-2021-04:15:02:361-407","webin-reads-TP12-01_Week1_Study2OrangeFiber","webin-reads-TP12-01_Week1_Study2OrangeFiber","766099744;875134197","4235d09b218db2bff6df93d02d491d19;e2b45a5628f9d3276637268cd0aa952d","ftp.sra.ebi.ac.uk/vol1/fastq/ERR595/009/ERR5956749/ERR5956749_1.fastq.gz;ftp.sra.ebi.ac.uk/vol1/fastq/ERR595/009/ERR5956749/ERR5956749_2.fastq.gz","fasp.sra.ebi.ac.uk:/vol1/fastq/ERR595/009/ERR5956749/ERR5956749_1.fastq.gz;fasp.sra.ebi.ac.uk:/vol1/fastq/ERR595/009/ERR5956749/ERR5956749_2.fastq.gz","ftp.sra.ebi.ac.uk/vol1/fastq/ERR595/009/ERR5956749/ERR5956749_1.fastq.gz;ftp.sra.ebi.ac.uk/vol1/fastq/ERR595/009/ERR5956749/ERR5956749_2.fastq.gz","731251382;840679871","0a316a2c0a13e894d797d9c000562630;f7f312ec5af97db76b39b86c85a92cb2","ftp.sra.ebi.ac.uk/vol1/run/ERR595/ERR5956749/TP12-01_TS2_Wk1_HF_CAT_R1.fq.gz;ftp.sra.ebi.ac.uk/vol1/run/ERR595/ERR5956749/TP12-01_TS2_Wk1_HF_CAT_R2.fq.gz","fasp.sra.ebi.ac.uk:/vol1/run/ERR595/ERR5956749/TP12-01_TS2_Wk1_HF_CAT_R1.fq.gz;fasp.sra.ebi.ac.uk:/vol1/run/ERR595/ERR5956749/TP12-01_TS2_Wk1_HF_CAT_R2.fq.gz","ftp.sra.ebi.ac.uk/vol1/run/ERR595/ERR5956749/TP12-01_TS2_Wk1_HF_CAT_R1.fq.gz;ftp.sra.ebi.ac.uk/vol1/run/ERR595/ERR5956749/TP12-01_TS2_Wk1_HF_CAT_R2.fq.gz","FASTQ;FASTQ",NA,NA,NA,NA,NA,"TP12-01_Week1_Study2OrangeFiber",NA,"TP12-01","1","Study2OrangeFiber",NA,"2021-05-23","ftp.sra.ebi.ac.uk/vol1/err/ERR595/009/ERR5956749.bam",1654927924,"a8aeb0431e895dad8a189897bc4b7070"
"216","ERR5956750","ERP128019","SAMEA8793898","ERS6478248","ERX5597271","PRJEB44020","ERA4412428",256318,"metagenome","ILLUMINA","unspecified",NA,NA,"PAIRED","OTHER","METAGENOMIC","RANDOM",20636388,2619248964,"WASHINGTON UNIVERSITY CENTER FOR GENOME SCIENCES","2022-04-13","2022-04-13","unspecified sequencing: Raw reads: TP12-01_Week2_Study2OrangeFiber","An approach for evaluating the effects of dietary fiber polysaccharides on the human gut microbiome and plasma proteome","ena-STUDY-WASHINGTON UNIVERSITY CENTER FOR GENOME SCIENCES-30-03-2021-04:15:02:361-407","webin-reads-TP12-01_Week2_Study2OrangeFiber","webin-reads-TP12-01_Week2_Study2OrangeFiber","832529246;927772364","820cf697f04a6cd04f7eb6ece1da1058;83042815e015440589a2e702a2b0e90f","ftp.sra.ebi.ac.uk/vol1/fastq/ERR595/000/ERR5956750/ERR5956750_1.fastq.gz;ftp.sra.ebi.ac.uk/vol1/fastq/ERR595/000/ERR5956750/ERR5956750_2.fastq.gz","fasp.sra.ebi.ac.uk:/vol1/fastq/ERR595/000/ERR5956750/ERR5956750_1.fastq.gz;fasp.sra.ebi.ac.uk:/vol1/fastq/ERR595/000/ERR5956750/ERR5956750_2.fastq.gz","ftp.sra.ebi.ac.uk/vol1/fastq/ERR595/000/ERR5956750/ERR5956750_1.fastq.gz;ftp.sra.ebi.ac.uk/vol1/fastq/ERR595/000/ERR5956750/ERR5956750_2.fastq.gz","797372675;892994582","b54b43af4a0a5ad650088d7af2ea5b8c;5ed2f6df81f76fcb7b09ea27291341ca","ftp.sra.ebi.ac.uk/vol1/run/ERR595/ERR5956750/TP12-01_TS2_Wk2_HF_CAT_R1.fq.gz;ftp.sra.ebi.ac.uk/vol1/run/ERR595/ERR5956750/TP12-01_TS2_Wk2_HF_CAT_R2.fq.gz","fasp.sra.ebi.ac.uk:/vol1/run/ERR595/ERR5956750/TP12-01_TS2_Wk2_HF_CAT_R1.fq.gz;fasp.sra.ebi.ac.uk:/vol1/run/ERR595/ERR5956750/TP12-01_TS2_Wk2_HF_CAT_R2.fq.gz","ftp.sra.ebi.ac.uk/vol1/run/ERR595/ERR5956750/TP12-01_TS2_Wk2_HF_CAT_R1.fq.gz;ftp.sra.ebi.ac.uk/vol1/run/ERR595/ERR5956750/TP12-01_TS2_Wk2_HF_CAT_R2.fq.gz","FASTQ;FASTQ",NA,NA,NA,NA,NA,"TP12-01_Week2_Study2OrangeFiber",NA,"TP12-01","2","Study2OrangeFiber",NA,"2021-05-23","ftp.sra.ebi.ac.uk/vol1/err/ERR595/000/ERR5956750.bam",1776602379,"cfc1a2bb0b68ff21d715a5e2d0a44dbb"
"217","ERR5956752","ERP128019","SAMEA8793899","ERS6478249","ERX5597273","PRJEB44020","ERA4412430",256318,"metagenome","ILLUMINA","unspecified",NA,NA,"PAIRED","OTHER","METAGENOMIC","RANDOM",19462400,2455653780,"WASHINGTON UNIVERSITY CENTER FOR GENOME SCIENCES","2022-04-13","2022-04-13","unspecified sequencing: Raw reads: TP12-01_Week5_Study2OrangeFiber","An approach for evaluating the effects of dietary fiber polysaccharides on the human gut microbiome and plasma proteome","ena-STUDY-WASHINGTON UNIVERSITY CENTER FOR GENOME SCIENCES-30-03-2021-04:15:02:361-407","webin-reads-TP12-01_Week5_Study2OrangeFiber","webin-reads-TP12-01_Week5_Study2OrangeFiber","748225295;857117103","9e3690053d7935eae8dba05a4347f200;2206abebcb9bfaa213502882b683f075","ftp.sra.ebi.ac.uk/vol1/fastq/ERR595/002/ERR5956752/ERR5956752_1.fastq.gz;ftp.sra.ebi.ac.uk/vol1/fastq/ERR595/002/ERR5956752/ERR5956752_2.fastq.gz","fasp.sra.ebi.ac.uk:/vol1/fastq/ERR595/002/ERR5956752/ERR5956752_1.fastq.gz;fasp.sra.ebi.ac.uk:/vol1/fastq/ERR595/002/ERR5956752/ERR5956752_2.fastq.gz","ftp.sra.ebi.ac.uk/vol1/fastq/ERR595/002/ERR5956752/ERR5956752_1.fastq.gz;ftp.sra.ebi.ac.uk/vol1/fastq/ERR595/002/ERR5956752/ERR5956752_2.fastq.gz","714781465;824140412","d730bdcd4ae4c0cae59aa5704038f5f3;cefdead372f0d0c71a552a8fd3acab4b","ftp.sra.ebi.ac.uk/vol1/run/ERR595/ERR5956752/TP12-01_TS2_Wk5_HF_CAT_R1.fq.gz;ftp.sra.ebi.ac.uk/vol1/run/ERR595/ERR5956752/TP12-01_TS2_Wk5_HF_CAT_R2.fq.gz","fasp.sra.ebi.ac.uk:/vol1/run/ERR595/ERR5956752/TP12-01_TS2_Wk5_HF_CAT_R1.fq.gz;fasp.sra.ebi.ac.uk:/vol1/run/ERR595/ERR5956752/TP12-01_TS2_Wk5_HF_CAT_R2.fq.gz","ftp.sra.ebi.ac.uk/vol1/run/ERR595/ERR5956752/TP12-01_TS2_Wk5_HF_CAT_R1.fq.gz;ftp.sra.ebi.ac.uk/vol1/run/ERR595/ERR5956752/TP12-01_TS2_Wk5_HF_CAT_R2.fq.gz","FASTQ;FASTQ",NA,NA,NA,NA,NA,"TP12-01_Week5_Study2OrangeFiber",NA,"TP12-01","5","Study2OrangeFiber",NA,"2021-05-23","ftp.sra.ebi.ac.uk/vol1/err/ERR595/002/ERR5956752.bam",1616489799,"f4b240ebc340962ee80b9bb0e54d3ef6"
"218","ERR5956753","ERP128019","SAMEA8793900","ERS6478250","ERX5597274","PRJEB44020","ERA4412431",256318,"metagenome","ILLUMINA","unspecified",NA,NA,"PAIRED","OTHER","METAGENOMIC","RANDOM",19335304,2437003410,"WASHINGTON UNIVERSITY CENTER FOR GENOME SCIENCES","2022-04-13","2022-04-13","unspecified sequencing: Raw reads: TP12-01_Week8_Study2OrangeFiber","An approach for evaluating the effects of dietary fiber polysaccharides on the human gut microbiome and plasma proteome","ena-STUDY-WASHINGTON UNIVERSITY CENTER FOR GENOME SCIENCES-30-03-2021-04:15:02:361-407","webin-reads-TP12-01_Week8_Study2OrangeFiber","webin-reads-TP12-01_Week8_Study2OrangeFiber","743894218;855353083","931fbd04d648815d083d82a34353921e;255954636f5ba93cbc4608ab9250fc76","ftp.sra.ebi.ac.uk/vol1/fastq/ERR595/003/ERR5956753/ERR5956753_1.fastq.gz;ftp.sra.ebi.ac.uk/vol1/fastq/ERR595/003/ERR5956753/ERR5956753_2.fastq.gz","fasp.sra.ebi.ac.uk:/vol1/fastq/ERR595/003/ERR5956753/ERR5956753_1.fastq.gz;fasp.sra.ebi.ac.uk:/vol1/fastq/ERR595/003/ERR5956753/ERR5956753_2.fastq.gz","ftp.sra.ebi.ac.uk/vol1/fastq/ERR595/003/ERR5956753/ERR5956753_1.fastq.gz;ftp.sra.ebi.ac.uk/vol1/fastq/ERR595/003/ERR5956753/ERR5956753_2.fastq.gz","710562793;822441625","a8698f9eaed6d09f4fc23447c1056e82;a1a79dc37c2c8dbfc37082b799b63922","ftp.sra.ebi.ac.uk/vol1/run/ERR595/ERR5956753/TP12-01_TS2_Wk8_HF_CAT_R1.fq.gz;ftp.sra.ebi.ac.uk/vol1/run/ERR595/ERR5956753/TP12-01_TS2_Wk8_HF_CAT_R2.fq.gz","fasp.sra.ebi.ac.uk:/vol1/run/ERR595/ERR5956753/TP12-01_TS2_Wk8_HF_CAT_R1.fq.gz;fasp.sra.ebi.ac.uk:/vol1/run/ERR595/ERR5956753/TP12-01_TS2_Wk8_HF_CAT_R2.fq.gz","ftp.sra.ebi.ac.uk/vol1/run/ERR595/ERR5956753/TP12-01_TS2_Wk8_HF_CAT_R1.fq.gz;ftp.sra.ebi.ac.uk/vol1/run/ERR595/ERR5956753/TP12-01_TS2_Wk8_HF_CAT_R2.fq.gz","FASTQ;FASTQ",NA,NA,NA,NA,NA,"TP12-01_Week8_Study2OrangeFiber",NA,"TP12-01","8","Study2OrangeFiber",NA,"2021-05-23","ftp.sra.ebi.ac.uk/vol1/err/ERR595/003/ERR5956753.bam",1611147993,"fc292beaa4717eb31475d200873d9812"
"219","ERR5956754","ERP128019","SAMEA8793901","ERS6478251","ERX5597275","PRJEB44020","ERA4412432",256318,"metagenome","ILLUMINA","unspecified",NA,NA,"PAIRED","OTHER","METAGENOMIC","RANDOM",20426464,2573025147,"WASHINGTON UNIVERSITY CENTER FOR GENOME SCIENCES","2022-04-13","2022-04-13","unspecified sequencing: Raw reads: TP12-02_Week1_Study2OrangeFiber","An approach for evaluating the effects of dietary fiber polysaccharides on the human gut microbiome and plasma proteome","ena-STUDY-WASHINGTON UNIVERSITY CENTER FOR GENOME SCIENCES-30-03-2021-04:15:02:361-407","webin-reads-TP12-02_Week1_Study2OrangeFiber","webin-reads-TP12-02_Week1_Study2OrangeFiber","773274621;881540002","a0bf972564266b4cdf6f2923996df03e;fa4eead72f462be40958f2a7c4bb7762","ftp.sra.ebi.ac.uk/vol1/fastq/ERR595/004/ERR5956754/ERR5956754_1.fastq.gz;ftp.sra.ebi.ac.uk/vol1/fastq/ERR595/004/ERR5956754/ERR5956754_2.fastq.gz","fasp.sra.ebi.ac.uk:/vol1/fastq/ERR595/004/ERR5956754/ERR5956754_1.fastq.gz;fasp.sra.ebi.ac.uk:/vol1/fastq/ERR595/004/ERR5956754/ERR5956754_2.fastq.gz","ftp.sra.ebi.ac.uk/vol1/fastq/ERR595/004/ERR5956754/ERR5956754_1.fastq.gz;ftp.sra.ebi.ac.uk/vol1/fastq/ERR595/004/ERR5956754/ERR5956754_2.fastq.gz","738239653;846889808","974743fedb487a06a0c9c17c331dcc6a;687e8141b964d14193bb16ef6a11d9e0","ftp.sra.ebi.ac.uk/vol1/run/ERR595/ERR5956754/TP12-02_TS2_Wk1_HF_CAT_R1.fq.gz;ftp.sra.ebi.ac.uk/vol1/run/ERR595/ERR5956754/TP12-02_TS2_Wk1_HF_CAT_R2.fq.gz","fasp.sra.ebi.ac.uk:/vol1/run/ERR595/ERR5956754/TP12-02_TS2_Wk1_HF_CAT_R1.fq.gz;fasp.sra.ebi.ac.uk:/vol1/run/ERR595/ERR5956754/TP12-02_TS2_Wk1_HF_CAT_R2.fq.gz","ftp.sra.ebi.ac.uk/vol1/run/ERR595/ERR5956754/TP12-02_TS2_Wk1_HF_CAT_R1.fq.gz;ftp.sra.ebi.ac.uk/vol1/run/ERR595/ERR5956754/TP12-02_TS2_Wk1_HF_CAT_R2.fq.gz","FASTQ;FASTQ",NA,NA,NA,NA,NA,"TP12-02_Week1_Study2OrangeFiber",NA,"TP12-02","1","Study2OrangeFiber",NA,"2021-05-23","ftp.sra.ebi.ac.uk/vol1/err/ERR595/004/ERR5956754.bam",1663642198,"491f8b09bf003cbcf51897a60ae8450e"
"220","ERR5956755","ERP128019","SAMEA8793902","ERS6478252","ERX5597276","PRJEB44020","ERA4412433",256318,"metagenome","ILLUMINA","unspecified",NA,NA,"PAIRED","OTHER","METAGENOMIC","RANDOM",20148464,2440799274,"WASHINGTON UNIVERSITY CENTER FOR GENOME SCIENCES","2022-04-13","2022-04-13","unspecified sequencing: Raw reads: TP12-02_Week2_Study2OrangeFiber","An approach for evaluating the effects of dietary fiber polysaccharides on the human gut microbiome and plasma proteome","ena-STUDY-WASHINGTON UNIVERSITY CENTER FOR GENOME SCIENCES-30-03-2021-04:15:02:361-407","webin-reads-TP12-02_Week2_Study2OrangeFiber","webin-reads-TP12-02_Week2_Study2OrangeFiber","737790156;845861659","afcfc452e42f3bfb2bee16139b370eb1;5af2e89c6295fb19b1d9f0fec9edc365","ftp.sra.ebi.ac.uk/vol1/fastq/ERR595/005/ERR5956755/ERR5956755_1.fastq.gz;ftp.sra.ebi.ac.uk/vol1/fastq/ERR595/005/ERR5956755/ERR5956755_2.fastq.gz","fasp.sra.ebi.ac.uk:/vol1/fastq/ERR595/005/ERR5956755/ERR5956755_1.fastq.gz;fasp.sra.ebi.ac.uk:/vol1/fastq/ERR595/005/ERR5956755/ERR5956755_2.fastq.gz","ftp.sra.ebi.ac.uk/vol1/fastq/ERR595/005/ERR5956755/ERR5956755_1.fastq.gz;ftp.sra.ebi.ac.uk/vol1/fastq/ERR595/005/ERR5956755/ERR5956755_2.fastq.gz","704291440;812578649","f94b40239d09d335bb553a0a31bc11b3;34cccbcc51203857dc370e987375eec2","ftp.sra.ebi.ac.uk/vol1/run/ERR595/ERR5956755/TP12-02_TS2_Wk2_HF_CAT_R1.fq.gz;ftp.sra.ebi.ac.uk/vol1/run/ERR595/ERR5956755/TP12-02_TS2_Wk2_HF_CAT_R2.fq.gz","fasp.sra.ebi.ac.uk:/vol1/run/ERR595/ERR5956755/TP12-02_TS2_Wk2_HF_CAT_R1.fq.gz;fasp.sra.ebi.ac.uk:/vol1/run/ERR595/ERR5956755/TP12-02_TS2_Wk2_HF_CAT_R2.fq.gz","ftp.sra.ebi.ac.uk/vol1/run/ERR595/ERR5956755/TP12-02_TS2_Wk2_HF_CAT_R1.fq.gz;ftp.sra.ebi.ac.uk/vol1/run/ERR595/ERR5956755/TP12-02_TS2_Wk2_HF_CAT_R2.fq.gz","FASTQ;FASTQ",NA,NA,NA,NA,NA,"TP12-02_Week2_Study2OrangeFiber",NA,"TP12-02","2","Study2OrangeFiber",NA,"2021-05-23","ftp.sra.ebi.ac.uk/vol1/err/ERR595/005/ERR5956755.bam",1594396700,"5f6decd4deaecb7f4d3e44de15953987"
"221","ERR5956756","ERP128019","SAMEA8793903","ERS6478253","ERX5597277","PRJEB44020","ERA4412434",256318,"metagenome","ILLUMINA","unspecified",NA,NA,"PAIRED","OTHER","METAGENOMIC","RANDOM",20241228,2650176357,"WASHINGTON UNIVERSITY CENTER FOR GENOME SCIENCES","2022-04-13","2022-04-13","unspecified sequencing: Raw reads: TP12-02_Week5_Study2OrangeFiber","An approach for evaluating the effects of dietary fiber polysaccharides on the human gut microbiome and plasma proteome","ena-STUDY-WASHINGTON UNIVERSITY CENTER FOR GENOME SCIENCES-30-03-2021-04:15:02:361-407","webin-reads-TP12-02_Week5_Study2OrangeFiber","webin-reads-TP12-02_Week5_Study2OrangeFiber","831710698;939028245","242cb85860256356cfa72742bf3d45f4;6b9369e9f8fd646f764a821f104ab063","ftp.sra.ebi.ac.uk/vol1/fastq/ERR595/006/ERR5956756/ERR5956756_1.fastq.gz;ftp.sra.ebi.ac.uk/vol1/fastq/ERR595/006/ERR5956756/ERR5956756_2.fastq.gz","fasp.sra.ebi.ac.uk:/vol1/fastq/ERR595/006/ERR5956756/ERR5956756_1.fastq.gz;fasp.sra.ebi.ac.uk:/vol1/fastq/ERR595/006/ERR5956756/ERR5956756_2.fastq.gz","ftp.sra.ebi.ac.uk/vol1/fastq/ERR595/006/ERR5956756/ERR5956756_1.fastq.gz;ftp.sra.ebi.ac.uk/vol1/fastq/ERR595/006/ERR5956756/ERR5956756_2.fastq.gz","796737137;904514594","4847df8d62afa059bed0b32665fd5c9f;a1639af1e56d96adaac5d6657c071881","ftp.sra.ebi.ac.uk/vol1/run/ERR595/ERR5956756/TP12-02_TS2_Wk5_HF_CAT_R1.fq.gz;ftp.sra.ebi.ac.uk/vol1/run/ERR595/ERR5956756/TP12-02_TS2_Wk5_HF_CAT_R2.fq.gz","fasp.sra.ebi.ac.uk:/vol1/run/ERR595/ERR5956756/TP12-02_TS2_Wk5_HF_CAT_R1.fq.gz;fasp.sra.ebi.ac.uk:/vol1/run/ERR595/ERR5956756/TP12-02_TS2_Wk5_HF_CAT_R2.fq.gz","ftp.sra.ebi.ac.uk/vol1/run/ERR595/ERR5956756/TP12-02_TS2_Wk5_HF_CAT_R1.fq.gz;ftp.sra.ebi.ac.uk/vol1/run/ERR595/ERR5956756/TP12-02_TS2_Wk5_HF_CAT_R2.fq.gz","FASTQ;FASTQ",NA,NA,NA,NA,NA,"TP12-02_Week5_Study2OrangeFiber",NA,"TP12-02","5","Study2OrangeFiber",NA,"2021-05-23","ftp.sra.ebi.ac.uk/vol1/err/ERR595/006/ERR5956756.bam",1783100528,"821e9d971cc1b0f71c2ed55cddc43ea1"
"222","ERR5956757","ERP128019","SAMEA8793904","ERS6478254","ERX5597278","PRJEB44020","ERA4412436",256318,"metagenome","ILLUMINA","unspecified",NA,NA,"PAIRED","OTHER","METAGENOMIC","RANDOM",21253652,2715409822,"WASHINGTON UNIVERSITY CENTER FOR GENOME SCIENCES","2022-04-13","2022-04-13","unspecified sequencing: Raw reads: TP12-02_Week8_Study2OrangeFiber","An approach for evaluating the effects of dietary fiber polysaccharides on the human gut microbiome and plasma proteome","ena-STUDY-WASHINGTON UNIVERSITY CENTER FOR GENOME SCIENCES-30-03-2021-04:15:02:361-407","webin-reads-TP12-02_Week8_Study2OrangeFiber","webin-reads-TP12-02_Week8_Study2OrangeFiber","815906161;934558926","c849ef65e68802bf9794025aef94ebb2;6d4b54332bcfdf3be6c80abf5e18b549","ftp.sra.ebi.ac.uk/vol1/fastq/ERR595/007/ERR5956757/ERR5956757_1.fastq.gz;ftp.sra.ebi.ac.uk/vol1/fastq/ERR595/007/ERR5956757/ERR5956757_2.fastq.gz","fasp.sra.ebi.ac.uk:/vol1/fastq/ERR595/007/ERR5956757/ERR5956757_1.fastq.gz;fasp.sra.ebi.ac.uk:/vol1/fastq/ERR595/007/ERR5956757/ERR5956757_2.fastq.gz","ftp.sra.ebi.ac.uk/vol1/fastq/ERR595/007/ERR5956757/ERR5956757_1.fastq.gz;ftp.sra.ebi.ac.uk/vol1/fastq/ERR595/007/ERR5956757/ERR5956757_2.fastq.gz","779491271;898791978","2aad08ec182bc1fca24cabfef8180cda;7b06a7b55376d5c4ad418b73b0b5949f","ftp.sra.ebi.ac.uk/vol1/run/ERR595/ERR5956757/TP12-02_TS2_Wk8_HF_CAT_R1.fq.gz;ftp.sra.ebi.ac.uk/vol1/run/ERR595/ERR5956757/TP12-02_TS2_Wk8_HF_CAT_R2.fq.gz","fasp.sra.ebi.ac.uk:/vol1/run/ERR595/ERR5956757/TP12-02_TS2_Wk8_HF_CAT_R1.fq.gz;fasp.sra.ebi.ac.uk:/vol1/run/ERR595/ERR5956757/TP12-02_TS2_Wk8_HF_CAT_R2.fq.gz","ftp.sra.ebi.ac.uk/vol1/run/ERR595/ERR5956757/TP12-02_TS2_Wk8_HF_CAT_R1.fq.gz;ftp.sra.ebi.ac.uk/vol1/run/ERR595/ERR5956757/TP12-02_TS2_Wk8_HF_CAT_R2.fq.gz","FASTQ;FASTQ",NA,NA,NA,NA,NA,"TP12-02_Week8_Study2OrangeFiber",NA,"TP12-02","8","Study2OrangeFiber",NA,"2021-05-23","ftp.sra.ebi.ac.uk/vol1/err/ERR595/007/ERR5956757.bam",1759415798,"bae37477e71484146ed771d30a3cd1b7"
