feature	ERR5956517	ERR5956519	ERR5956520	ERR5956522	ERR5956525	ERR5956527	ERR5956536	ERR5956561	ERR5956562	ERR5956563	ERR5956565	ERR5956566	ERR5956567	ERR5956568	ERR5956569	ERR5956570	ERR5956572	ERR5956573	ERR5956574	ERR5956576	ERR5956578	ERR5956579	ERR5956580	ERR5956581	ERR5956583	ERR5956584	ERR5956585	ERR5956587	ERR5956588	ERR5956589	ERR5956590	ERR5956592	ERR5956593	ERR5956594	ERR5956595	ERR5956596	ERR5956597	ERR5956598	ERR5956599	ERR5956601	ERR5956602	ERR5956603	ERR5956604	ERR5956605	ERR5956606	ERR5956607	ERR5956609	ERR5956610	ERR5956611	ERR5956612	ERR5956613	ERR5956614	ERR5956615	ERR5956616	ERR5956617	ERR5956618	ERR5956619	ERR5956621	ERR5956622	ERR5956623	ERR5956624	ERR5956625	ERR5956626	ERR5956627	ERR5956628	ERR5956629	ERR5956630	ERR5956632	ERR5956633	ERR5956634	ERR5956636	ERR5956638	ERR5956639	ERR5956640	ERR5956651	ERR5956652	ERR5956653	ERR5956654	ERR5956655	ERR5956656	ERR5956657	ERR5956658	ERR5956660	ERR5956661	ERR5956662	ERR5956663	ERR5956664	ERR5956665	ERR5956666	ERR5956667	ERR5956668	ERR5956670	ERR5956671	ERR5956673	ERR5956674	ERR5956676	ERR5956677	ERR5956678	ERR5956680	ERR5956681	ERR5956682	ERR5956683	ERR5956685	ERR5956686	ERR5956687	ERR5956688	ERR5956689	ERR5956690	ERR5956691	ERR5956692	ERR5956693	ERR5956694	ERR5956696	ERR5956697	ERR5956698	ERR5956699	ERR5956700	ERR5956701	ERR5956702	ERR5956703	ERR5956704	ERR5956705	ERR5956707	ERR5956708	ERR5956709	ERR5956710	ERR5956711	ERR5956712	ERR5956713	ERR5956714	ERR5956716	ERR5956717	ERR5956718	ERR5956719	ERR5956720	ERR5956721	ERR5956722	ERR5956724	ERR5956725	ERR5956726	ERR5956727	ERR5956728	ERR5956729	ERR5956730	ERR5956732	ERR5956733	ERR5956734	ERR5956735	ERR5956736	ERR5956737	ERR5956738	ERR5956739	ERR5956740	ERR5956742	ERR5956743	ERR5956744	ERR5956745	ERR5956746	ERR5956747	ERR5956748	ERR5956749	ERR5956750	ERR5956752	ERR5956753	ERR5956754	ERR5956755	ERR5956756	ERR5956757	ERR5956758	ERR5956759	ERR5956761	ERR5956762	ERR5956763	ERR5956764	ERR5956765	ERR5956766	ERR5956767	ERR5956768	ERR5956770	ERR5956985	ERR5956986	ERR5956987	ERR5956988	ERR5956989	ERR5956990	ERR5956991	ERR5956992	ERR5956993	ERR5956994	ERR5956995	ERR5956997	ERR5956998	ERR5956999	ERR5957000	ERR5957001	ERR5957002	ERR5957003	ERR5957004	ERR5957006	ERR5957007	ERR5957008	ERR5957009	ERR5957010	ERR5957011	ERR5957012	ERR5957043	ERR5957049	ERR5957050	ERR5957052	ERR5957053	ERR5957054	ERR5957055	ERR5957056	ERR5957057	ERR5957058	ERR5957059	ERR5957061	ERR5957062	ERR5957063	ERR5957064	ERR5960126	ERR5960128	ERR6544671	ERR6544672	ERR6544673	ERR6544674	ERR6544675	ERR6544676	ERR6544677	ERR6544678	ERR6544679	ERR6544680	ERR6544681	ERR6544682	ERR6544683	ERR6544684	ERR6544685	ERR6544686	ERR6544687	ERR6544688	ERR6544689	ERR6544690	ERR6544691	ERR6544692	ERR6544693	ERR6544694	ERR6544695	ERR6544696	ERR6544697	ERR6544698	ERR6544699	ERR6544700	ERR6544702	ERR6544703	ERR6544704	ERR6544705	ERR6544706	ERR6544707	ERR6544708	ERR6544709	ERR6544710	ERR6544711	ERR6544712	ERR6544713	ERR6544714	ERR6544715	ERR6544716	ERR6544717	ERR6544718	ERR6544719	ERR6544720	ERR6544721	ERR6544722	ERR6544723	ERR6544724	ERR6544725	ERR6544726	ERR6544727	ERR6544728	ERR6544730	ERR6544731	ERR6544732	ERR6544753	ERR6544754	ERR6544755	ERR6544756	ERR6544757	ERR6544758	ERR6544759	ERR6544760	ERR6544761	ERR6544762	ERR6544763	ERR6544765	ERR6544766	ERR6544767	ERR6544768	ERR6544769	ERR6544848	ERR6544849	ERR6544850	ERR6544851	ERR6544852	ERR6544853	ERR6544855	ERR6544857	ERR6544859	ERR6544860	ERR6544861	ERR6544862	ERR6544863	ERR6544864	ERR6544865	ERR6544866	ERR6544867	ERR6544868	ERR6544869	ERR6544870	ERR6544871	ERR6544872	ERR6544873	ERR6544874	ERR6544876	ERR6544877	ERR6544880	ERR6544881	ERR6544882	ERR6544883	ERR6544884	ERR6544885	ERR6544886	ERR6544888	ERR6544889	ERR6544890	ERR6544891	ERR6544892	ERR6544893	ERR6544894	ERR6564593	ERR6564594	ERR6564595	ERR6564596	ERR6564597	ERR6564599	ERR6564600	ERR6564601	ERR6564602	ERR6564603	ERR6564604	ERR6564605	ERR6564606	ERR6564607	ERR6564608	ERR6564609	ERR6564610	ERR6564611	ERR6564612	ERR6564613	ERR6564614	ERR6564615	ERR6564616	ERR6564617	ERR6564618	ERR6564619	ERR6564620	ERR6564621	ERR6564622	ERR6564624	ERR6564625	ERR6564626	ERR6564627	ERR6564628	ERR6564629	ERR6564630	ERR6564631	ERR6564634	ERR6564635
total_reads	6697125.0	6153507.0	6592765.0	6443066.0	5941163.0	6531442.0	6329237.0	7049259.0	6772207.0	6790662.0	6540581.0	6644711.0	6497271.0	6897102.0	6355149.0	6760256.0	6879336.0	6891149.0	7119572.0	6849738.0	7106000.0	6715629.0	6784500.0	7198546.0	6421367.0	6840818.0	6587358.0	6849124.0	7130999.0	6878997.0	6787206.0	7154019.0	7169315.0	6524944.0	7135193.0	6986125.0	6963655.0	7281509.0	7161449.0	6978001.0	7127602.0	6946321.0	7177716.0	6521249.0	6741429.0	7216054.0	6804293.0	6545323.0	7206655.0	7057396.0	6566362.0	6777119.0	6608600.0	6719756.0	6370000.0	7094580.0	6621898.0	7173834.0	7076120.0	6689837.0	7020350.0	8193410.0	7004773.0	6830294.0	7033582.0	7061571.0	7135222.0	7187120.0	6902173.0	6850255.0	6959115.0	7025910.0	6416524.0	6958235.0	6883407.0	6944398.0	7170986.0	6835190.0	6839823.0	6948917.0	6364478.0	7082647.0	6829599.0	6950246.0	6509036.0	6898377.0	6976195.0	6731019.0	7191543.0	6913497.0	6338080.0	7025872.0	7189639.0	6789523.0	6953074.0	7319350.0	7073804.0	6195870.0	6681185.0	6899262.0	6742601.0	6526410.0	6596580.0	6734600.0	6192005.0	6817684.0	6611687.0	6840457.0	6899299.0	6405275.0	7050378.0	6538624.0	6655484.0	7184579.0	6800823.0	7075389.0	6413915.0	6788230.0	6882543.0	6975791.0	6725778.0	7056464.0	6878652.0	6937731.0	9652698.0	8708625.0	7884235.0	8548205.0	9079423.0	8105813.0	8616840.0	8774813.0	8860243.0	8887216.0	8302221.0	8955129.0	8790015.0	8408131.0	8789736.0	8328155.0	8798498.0	8746175.0	8345718.0	8844138.0	8931839.0	8357296.0	8675806.0	8798580.0	8384622.0	8515139.0	8243177.0	8660267.0	9124474.0	8430306.0	8746142.0	8478863.0	8794665.0	8574091.0	8724918.0	8727144.0	9133240.0	8609974.0	8644767.0	8455762.0	9058713.0	8992757.0	8536916.0	9403886.0	8767117.0	8188185.0	8417679.0	8657425.0	8506958.0	8584109.0	8080134.0	8833469.0	9225612.0	8769771.0	8677624.0	8589460.0	9308469.0	8568179.0	8721353.0	9378241.0	9313437.0	9188562.0	9084638.0	44974.0	9041977.0	8541436.0	8935106.0	9317109.0	9015325.0	8486796.0	9152180.0	9163083.0	41880.0	9273693.0	8783797.0	8654887.0	8979629.0	8385829.0	9018934.0	9076493.0	9333796.0	9173111.0	8956496.0	9578094.0	9272274.0	8076476.0	8529988.0	8659761.0	8941060.0	8586562.0	8244211.0	8819043.0	9338603.0	8045229.0	8920832.0	8616241.0	6470474.0	6986928.0	166687.0	153139.0	144512.0	135206.0	150897.0	134646.0	31193.0	141726.0	114970.0	34537.0	141191.0	140517.0	134631.0	141868.0	145945.0	141914.0	114856.0	136032.0	153958.0	145316.0	134431.0	126748.0	153894.0	134838.0	130251.0	148546.0	159259.0	149278.0	141604.0	132208.0	35612.0	34925.0	29906.0	28034.0	37514.0	29597.0	150379.0	144201.0	32309.0	147608.0	153884.0	38768.0	36344.0	36335.0	31511.0	33755.0	32533.0	35837.0	35421.0	32267.0	32812.0	37175.0	33388.0	25282.0	15792.0	25820.0	22004.0	24776.0	24431.0	16474.0	24541.0	25659.0	23883.0	23699.0	23395.0	22031.0	25241.0	23132.0	26283.0	26899.0	26756.0	22677.0	24113.0	25499.0	26188.0	22131.0	21715.0	23761.0	22564.0	25324.0	21823.0	25542.0	24859.0	26888.0	19972.0	24250.0	25330.0	26111.0	26609.0	27741.0	25763.0	25203.0	27866.0	23352.0	25667.0	79460.0	22279.0	22437.0	29587.0	29940.0	27912.0	29350.0	29535.0	30675.0	23024.0	28838.0	27283.0	31720.0	23668.0	23161.0	28802.0	107823.0	28039.0	24697.0	25565.0	26146.0	35997.0	31337.0	130843.0	122546.0	28753.0	33980.0	33583.0	33511.0	37901.0	35993.0	31279.0	32828.0	140799.0	149567.0	38604.0	31553.0	30515.0	23432.0	22498.0	25563.0	25244.0	24168.0	96817.0	26113.0	28081.0	27360.0	27114.0	27059.0	27497.0	25410.0	26714.0	27144.0	24853.0	26303.0	26106.0	28624.0	22362.0	21995.0	23515.0
filtered_reads	6386038.0	5797609.0	6634653.0	6196740.0	5697956.0	6284727.0	6019313.0	6845136.0	6724581.0	6468898.0	6047473.0	6368861.0	6465462.0	6681991.0	6347718.0	6548340.0	6720391.0	6778301.0	7073138.0	6681859.0	6335417.0	6110985.0	6818299.0	6608160.0	6017862.0	6406997.0	6183757.0	6552148.0	6645055.0	6537592.0	6595115.0	6914678.0	7041698.0	6303760.0	6641415.0	6775504.0	6650757.0	7052710.0	6702017.0	6612981.0	6903546.0	6927827.0	6723187.0	6232856.0	6429261.0	6890045.0	6323182.0	6480997.0	7101089.0	7054615.0	6473016.0	6578597.0	6399098.0	6324816.0	5874940.0	6997233.0	6615344.0	7095832.0	6633524.0	6584763.0	6702785.0	7696833.0	6832568.0	6761910.0	6990719.0	6766056.0	6796590.0	6705798.0	6880542.0	6480132.0	6328918.0	6977698.0	6384498.0	6816452.0	6345115.0	6416216.0	6693170.0	6502051.0	6285463.0	6687580.0	5859549.0	6675956.0	6691696.0	6798711.0	6050719.0	6534677.0	6615661.0	6445618.0	6982481.0	6746333.0	5890766.0	6749420.0	6644151.0	6240477.0	6941058.0	6806970.0	6686756.0	6171133.0	6263942.0	6797474.0	6294112.0	6060844.0	6371315.0	6267406.0	6226847.0	6726735.0	6335509.0	6552343.0	6435644.0	5951426.0	6630022.0	6560885.0	6231783.0	6716522.0	6435716.0	6567983.0	6248044.0	6227974.0	6376034.0	6487448.0	6229952.0	6616642.0	6763038.0	6628822.0	9080388.0	8261554.0	7704195.0	8344845.0	8933777.0	7576860.0	8127087.0	8503870.0	8350041.0	8540854.0	8155963.0	8825001.0	8694044.0	8266116.0	8683208.0	8223347.0	8699111.0	8565564.0	8138383.0	8749260.0	8702318.0	8268902.0	8565443.0	8605884.0	8191583.0	8363777.0	7908716.0	8493957.0	8541748.0	7943728.0	8519222.0	8286486.0	8669752.0	8379436.0	7846036.0	8555866.0	9009100.0	8459893.0	8098640.0	8274271.0	8874179.0	8822037.0	8212632.0	9297688.0	8591259.0	7952223.0	8124180.0	7980950.0	7901949.0	8169156.0	7571483.0	8616934.0	8894425.0	8595240.0	8445222.0	8300603.0	9147164.0	8385790.0	8228035.0	9281876.0	9199669.0	8618976.0	8957354.0	42126.0	8896668.0	8353427.0	8658222.0	8907369.0	8738792.0	8328192.0	9057332.0	8930368.0	39220.0	9163682.0	8558768.0	8484898.0	8679876.0	8050874.0	8462975.0	8856984.0	9122516.0	8810393.0	8776729.0	9137244.0	8505564.0	7917967.0	8355839.0	8520222.0	8549500.0	8446147.0	7966627.0	8405836.0	8846949.0	7828292.0	8805033.0	8470710.0	6453847.0	6732036.0	138267.0	127878.0	116529.0	111520.0	118502.0	109008.0	29761.0	135513.0	109526.0	29927.0	129853.0	128599.0	107762.0	110920.0	125899.0	121720.0	98142.0	114285.0	129201.0	121836.0	118483.0	108886.0	135273.0	113778.0	110453.0	123373.0	127871.0	122850.0	120440.0	109270.0	30143.0	30508.0	23165.0	22348.0	27579.0	25089.0	112484.0	115875.0	26634.0	114590.0	127436.0	32635.0	31981.0	32035.0	25722.0	29182.0	28206.0	31933.0	30859.0	29210.0	28302.0	31971.0	27712.0	21117.0	13394.0	21448.0	18301.0	20022.0	18987.0	12285.0	19610.0	20723.0	20226.0	20395.0	19264.0	18917.0	20860.0	21426.0	22887.0	21029.0	23595.0	20318.0	18953.0	20561.0	20104.0	19452.0	17847.0	19346.0	19198.0	21553.0	18857.0	21240.0	21414.0	22035.0	12011.0	17676.0	19753.0	23224.0	22454.0	24120.0	23157.0	19295.0	21625.0	19950.0	21549.0	73280.0	19764.0	19363.0	25845.0	26107.0	26749.0	24373.0	24407.0	23703.0	18633.0	24861.0	17054.0	20657.0	20045.0	20246.0	23503.0	76948.0	21201.0	19368.0	21733.0	21569.0	30251.0	26719.0	112846.0	105842.0	22721.0	30103.0	29406.0	27223.0	31609.0	30101.0	27509.0	24460.0	107424.0	124011.0	34218.0	25839.0	26217.0	19439.0	17685.0	19830.0	22772.0	19893.0	83005.0	23473.0	23924.0	24166.0	21823.0	21470.0	21358.0	19799.0	23408.0	23457.0	20173.0	21071.0	21453.0	23432.0	20488.0	19807.0	18183.0
category	53506.47017	52067.71833	49916.83753	52063.00417	49306.58224	53286.9498	50426.23082	57684.59082	56920.64083	57963.64247	57192.13567	59308.95842	61387.67856	53276.64366	78020.61113	83239.91724	70114.30563	81728.4096	87339.52829	58862.8107	50602.47466	46067.2693	60260.96925	48105.52614	53222.43286	54815.22277	56277.4442	53142.3403	52009.88078	51229.12438	57000.61548	59682.90504	55521.92185	58511.12692	56579.88213	57563.57794	55038.47568	66906.34109	63495.08204	60683.40676	63100.42663	56223.80455	48628.89273	49454.01691	56443.81375	48952.56366	47473.08681	62865.13189	69606.48635	63670.90536	71745.04947	67352.83283	58962.04786	60253.17918	54708.28273	65687.00899	63375.20196	66548.18978	59409.5599	66325.3787	58766.49806	35611.26096	47712.88487	55935.19862	55013.55572	50865.06285	50887.22163	47896.30916	53144.81601	52273.28381	49971.15787	49920.11741	51730.69663	51380.60359	49935.59804	43609.09678	47238.48843	42274.00559	42400.91366	44298.57625	48437.74428	52606.04155	53605.11491	59471.61339	53889.06361	53065.47282	52800.86927	51293.82759	56372.1753	59418.52675	47192.63873	56642.66881	50054.8246	48200.16113	76016.13656	51535.66483	43908.83211	58473.30487	65723.53213	63336.13105	61402.95499	59596.05531	59918.29555	54795.69342	62188.88628	69269.25087	60370.46008	65587.13975	59640.19785	55624.91085	64279.28692	64098.78682	61375.89409	58224.0496	60884.67771	53286.55592	49624.47208	47646.12835	53092.87398	51945.37464	49500.92439	60707.19221	54596.04906	48405.39033	53558.96753	55539.55032	52465.7235	54204.67115	54218.57072	51683.16323	45462.86672	61182.84179	52025.60612	49316.27282	49297.09459	52771.29819	51739.76813	51334.28876	58610.11239	55551.5667	47270.32941	41043.83773	45534.18326	54223.52254	66410.27798	74975.31763	58158.73657	60492.93907	48994.43794	48695.80447	52819.85001	48491.03447	48804.39931	49380.3696	54787.84168	50608.79471	55023.18863	51042.19386	49080.6826	46354.25969	44239.80794	48204.14715	40215.55429	46474.94369	64253.87304	64525.19357	53514.84285	64599.12277	44440.75066	42007.32057	42906.46676	37521.58224	40929.52911	41681.30807	41177.64021	42862.70624	53999.01944	58772.80484	57072.57387	55339.36968	61433.7322	56337.71546	51406.39798	60251.44503	62853.73784	59499.7492	67142.22201	52539.79991	57594.75763	51293.34068	55684.43784	52545.78223	55625.52649	65007.62551	70411.82813	66947.23187	54643.47356	75797.51044	59100.2193	48474.08603	58008.51342	49656.60856	46643.79235	47770.27833	51652.15305	51214.91801	54675.32187	55989.37825	47163.42357	51054.36689	50673.22353	63105.22465	40940.94036	39141.15495	40332.4655	39353.421	52513.08303	43326.73094	67700.72019	59357.16935	54913.89381	52640.22142	392.58954	143.04111	87.44735	172.66437	464.23967	458.0705	6794.10433	3171.36361	708.04142	1178.08436	485.78594	509.77112	552.70069	551.47936	668.97465	15.00382	74.48332	171.5647	484.2879	891.77948	248.22585	621.32589	543.07078	173.0006	509.68692	359.63433	183.59298	72.30174	102.34927	167.38213	866.70522	118.76191	1690.30264	423.80265	1427.77251	319.22968	151.81736	191.43041	3925.95728	3001.8206	6530.48708	100.61229	851.95512	927.34738	845.15708	2905.74058	2339.22456	340.3866	176.43741	379.35982	206.62685	91.45715	302.70127	857.88427	1082.03327	448.48526	79.88571	73.01909	779.2343	563.61226	210.53824	174.83899	1074.81116	177.65082	199.06164	77.28436	350.42864	2604.77058	3768.83427	2206.58317	215.51925	116.77995	345.44215	1036.67226	471.10732	745.05211	2030.13863	1386.55573	264.88055	67.83224	77.53027	239.4151	237.46973	395.20604	725.03248	816.22897	222.04045	312.02105	484.08147	661.47355	598.39817	151.54064	235.15268	908.06727	672.54878	494.43073	845.85703	75.50422	873.10782	55.99986	109.31162	208.63975	1479.23598	1163.86464	667.73425	350.28217	298.18088	185.63796	726.18201	288.84487	124.40865	323.3646	74.16287	144.32681	1657.30947	393.53518	511.29104	1348.78322	1942.62596	346.12076	1054.70249	97.1324	296.14246	1118.44747	322.38136	366.88046	263.4184	860.17656	523.84138	3367.09302	138.68345	933.15784	470.36478	319.33014	248.0048	134.47638	4365.67735	851.00555	1942.04035	178.68311	1575.56731	181.49321	538.08736	204.28341	339.28162	897.24416	2229.43549	134.49405	790.89585	69.38391	477.03902	526.26978	176.84442	147.6234	421.79216
AA1	3.06095	1.54036	7.24295	5.09462	1.26389	5.10224	3.31234	0.89088	0.66756	0.55633	0.11113	0.14501	0.18331	1.10116	6.08231	1.7063	2.60173	3.70652	3.2696	5.26359	33.32281	3.56889	8.66966	3.17645	0.49015	NA	1.74691	5.23229	9.77934	2.62588	4.26235	3.84361	12.22626	2.5691	7.45656	0.81701	1.45851	0.70469	0.17763	0.47164	0.26338	13.91533	0.92606	2.83907	4.44775	7.21033	3.5654	0.20249	0.46571	0.45	1.50697	0.13584	0.68723	0.18741	19.14434	11.94056	50.34658	9.58614	28.55091	8.75648	16.65918	1.64222	10.1489	7.026	2.84486	5.12354	4.28182	7.52108	13.37847	35.24178	9.26264	7.13465	8.53938	9.82712	16.89157	102.17735	44.85474	77.99758	14.99757	16.00247	25.96217	41.64598	1.2052	0.92188	1.81638	1.73988	3.3438	5.30097	2.75425	5.56965	8.28513	5.50396	10.2413	10.04519	8.23798	2.24993	0.53168	4.23492	3.82294	2.63714	2.41545	2.90822	12.15982	4.90623	6.40143	0.13765	1.54596	1.82823	4.67902	3.49294	6.03412	1.68971	2.8554	7.53895	3.31013	3.15482	6.44035	8.04775	4.91075	2.60958	3.11817	0.85646	0.19481	63.42528	8.0687	3.34347	2.8974	3.03782	2.39933	0.31488	3.45847	1.49864	0.57611	0.10539	0.17181	NA	19.77065	19.12069	2.3313	2.11041	18.54026	5.53436	4.69766	4.75556	4.49458	3.1297	1.23468	4.97342	1.56008	0.83514	1.36204	2.54733	3.84316	1.75085	NA	4.46476	1.74892	2.25584	0.70794	3.21556	0.35308	1.79201	0.98373	9.07558	5.57345	2.98612	4.57565	9.25872	14.82961	8.4429	6.71077	5.92282	14.86484	51.00876	16.65233	39.57897	2.4963	0.64736	1.66324	1.89315	0.72956	1.93728	NA	0.9265	9.32015	1.50641	3.52337	NA	2.81713	10.12286	4.25895	2.62781	0.22455	1.20007	0.74208	0.44791	NA	0.35663	1.46182	6.16344	1.98381	4.12465	5.83885	3.02413	2.05864	0.35773	NA	0.18628	8.18469	17.13131	4.54618	1.32415	4.60358	4.55107	8.22586	13.79722	6.3588	23.34461	1.29025	NA	5.15416	5.04411	NA	NA	NA	NA	NA	NA	NA	NA	NA	NA	NA	NA	NA	NA	NA	NA	NA	NA	NA	NA	NA	NA	NA	NA	NA	NA	NA	NA	NA	NA	NA	NA	NA	NA	NA	NA	NA	NA	NA	NA	NA	NA	NA	NA	NA	NA	NA	NA	NA	NA	NA	NA	NA	NA	NA	NA	NA	NA	NA	NA	NA	NA	NA	NA	NA	NA	NA	NA	NA	NA	NA	NA	NA	NA	NA	NA	NA	NA	NA	NA	NA	NA	NA	NA	NA	NA	NA	NA	NA	NA	NA	NA	NA	NA	NA	NA	NA	NA	NA	NA	NA	NA	NA	NA	NA	NA	NA	NA	NA	NA	NA	NA	NA	NA	NA	NA	NA	NA	NA	NA	NA	NA	NA	NA	NA	NA	NA	NA	NA	NA	NA	NA	NA	NA	NA	NA	NA	NA	NA	NA	NA	NA	NA	NA	NA	NA	NA	NA	NA	NA	NA	NA	NA	NA	NA
AA10	NA	NA	NA	NA	NA	NA	0.80062	0.38344	NA	NA	NA	NA	0.20298	NA	0.94154	0.2057	0.28506	NA	NA	NA	1.22685	NA	0.679	NA	NA	NA	NA	0.49948	NA	NA	NA	NA	0.29402	NA	NA	NA	NA	NA	NA	0.3969	NA	NA	NA	NA	NA	NA	NA	NA	NA	NA	NA	NA	NA	NA	NA	NA	1.6386	0.43539	0.31211	NA	0.97651	0.37334	2.50151	0.94802	0.18773	NA	NA	NA	NA	0.29563	NA	NA	NA	0.19252	NA	0.29857	NA	0.29463	0.73656	NA	0.32694	NA	NA	NA	0.76514	NA	NA	NA	NA	NA	NA	NA	0.31161	NA	0.18907	NA	NA	NA	NA	NA	NA	NA	NA	0.45849	0.1995	NA	0.25828	NA	NA	NA	NA	NA	0.33223	NA	NA	NA	0.30661	0.37008	NA	0.96586	NA	NA	NA	NA	NA	NA	NA	NA	NA	NA	NA	NA	NA	NA	NA	NA	NA	NA	NA	NA	NA	1.08914	1.9616	NA	NA	NA	NA	NA	NA	NA	NA	NA	0.22428	0.20599	0.15404	NA	NA	0.3215	0.16726	0.15338	NA	NA	NA	NA	NA	0.21715	NA	NA	NA	NA	NA	NA	NA	NA	NA	0.11116	NA	0.25154	NA	NA	0.20473	NA	NA	NA	NA	NA	NA	NA	NA	5.928	0.70987	NA	0.30828	0.2236	0.36133	0.21452	NA	NA	NA	2.14255	NA	NA	NA	NA	0.32917	NA	NA	0.17908	0.22523	NA	NA	0.6271	0.53917	0.63792	0.16473	NA	0.54135	0.41806	NA	0.22616	NA	NA	NA	NA	NA	NA	NA	NA	NA	NA	NA	NA	NA	NA	NA	NA	NA	NA	NA	NA	NA	NA	NA	NA	NA	NA	NA	NA	NA	NA	NA	NA	NA	NA	NA	NA	NA	NA	NA	NA	NA	NA	NA	NA	NA	NA	NA	NA	NA	NA	NA	NA	NA	NA	NA	NA	NA	NA	NA	NA	NA	NA	NA	NA	NA	NA	NA	NA	NA	NA	NA	NA	NA	NA	NA	NA	NA	NA	NA	NA	NA	NA	NA	NA	NA	NA	NA	NA	NA	NA	NA	NA	NA	NA	NA	NA	NA	NA	NA	NA	NA	NA	NA	NA	NA	NA	NA	NA	NA	NA	NA	NA	NA	NA	NA	NA	NA	NA	NA	NA	NA	NA	NA	NA	NA	NA	NA	NA	NA	NA	NA	NA	NA	NA	NA	NA	NA	NA	NA	NA	NA	NA	NA	NA	NA	NA	NA	NA	NA	NA	NA	NA	NA	NA	NA	NA	NA
AA1_2	NA	NA	NA	NA	NA	NA	NA	NA	NA	NA	NA	NA	NA	NA	NA	NA	NA	NA	NA	0.24454	NA	NA	NA	NA	NA	NA	NA	NA	NA	NA	NA	NA	NA	NA	NA	NA	NA	NA	NA	NA	NA	NA	NA	NA	NA	NA	NA	NA	NA	NA	NA	NA	NA	NA	NA	NA	NA	NA	NA	NA	NA	NA	NA	NA	NA	NA	NA	NA	NA	NA	NA	NA	NA	NA	NA	NA	NA	NA	NA	NA	NA	NA	NA	NA	NA	NA	NA	NA	NA	NA	NA	NA	NA	NA	NA	NA	NA	NA	NA	NA	NA	NA	NA	NA	NA	NA	NA	NA	NA	NA	NA	NA	NA	NA	NA	NA	NA	NA	NA	NA	NA	NA	NA	NA	NA	NA	NA	NA	NA	NA	NA	NA	NA	NA	NA	NA	NA	NA	NA	NA	NA	NA	NA	NA	NA	NA	NA	NA	NA	NA	NA	NA	NA	NA	NA	NA	NA	NA	NA	NA	NA	NA	NA	NA	NA	NA	NA	NA	NA	NA	NA	NA	NA	NA	NA	NA	NA	NA	NA	NA	NA	NA	NA	0.17604	NA	NA	NA	NA	NA	NA	NA	NA	NA	NA	NA	NA	NA	NA	NA	NA	NA	NA	NA	NA	NA	NA	NA	NA	NA	NA	NA	NA	NA	NA	NA	NA	NA	NA	NA	NA	NA	NA	NA	NA	NA	NA	NA	NA	NA	NA	NA	NA	NA	NA	NA	NA	NA	NA	NA	NA	NA	NA	NA	NA	NA	NA	NA	NA	NA	NA	NA	NA	NA	NA	NA	NA	NA	NA	NA	NA	NA	NA	NA	NA	NA	NA	NA	NA	NA	NA	NA	NA	NA	NA	NA	NA	NA	NA	NA	NA	NA	NA	NA	NA	NA	NA	NA	NA	NA	NA	NA	NA	NA	NA	NA	NA	NA	NA	NA	NA	NA	NA	NA	NA	NA	NA	NA	NA	NA	NA	NA	NA	NA	NA	NA	NA	NA	NA	NA	NA	NA	NA	NA	NA	NA	NA	NA	NA	NA	NA	NA	NA	NA	NA	NA	NA	NA	NA	NA	NA	NA	NA	NA	NA	NA	NA	NA	NA	NA	NA	NA	NA	NA	NA	NA	NA	NA	NA	NA	NA	NA	NA	NA	NA	NA	NA	NA	NA	NA	NA	NA	NA	NA	NA	NA	NA	NA
AA2	NA	NA	NA	NA	NA	NA	NA	NA	NA	NA	NA	NA	NA	NA	NA	NA	NA	NA	NA	NA	NA	NA	NA	NA	NA	NA	NA	NA	NA	NA	NA	NA	NA	NA	NA	NA	NA	NA	NA	NA	NA	NA	NA	NA	NA	NA	NA	NA	NA	0.30682	NA	NA	NA	NA	NA	NA	NA	NA	NA	NA	NA	NA	NA	NA	NA	NA	NA	NA	NA	NA	NA	NA	NA	NA	NA	NA	NA	NA	NA	NA	NA	NA	NA	NA	NA	NA	NA	NA	NA	NA	NA	NA	NA	NA	NA	NA	NA	NA	NA	NA	NA	NA	NA	NA	NA	NA	NA	NA	NA	NA	NA	NA	NA	NA	NA	NA	NA	NA	NA	NA	NA	NA	NA	NA	NA	NA	NA	NA	NA	NA	NA	NA	NA	NA	NA	NA	NA	NA	0.24927	NA	NA	NA	NA	NA	NA	NA	NA	NA	NA	NA	NA	NA	NA	NA	NA	NA	NA	NA	NA	NA	NA	NA	NA	NA	NA	NA	NA	NA	NA	NA	NA	NA	NA	NA	NA	NA	NA	NA	NA	NA	NA	NA	NA	NA	NA	NA	NA	NA	NA	NA	NA	NA	NA	NA	NA	NA	NA	NA	NA	NA	NA	NA	NA	NA	NA	NA	NA	NA	NA	NA	NA	NA	NA	NA	NA	NA	NA	NA	NA	NA	NA	NA	NA	NA	NA	NA	NA	NA	NA	NA	NA	NA	NA	NA	NA	NA	NA	NA	NA	NA	NA	NA	NA	NA	NA	NA	NA	NA	NA	NA	NA	NA	NA	NA	NA	NA	NA	NA	NA	NA	NA	NA	NA	NA	NA	NA	NA	NA	NA	NA	NA	NA	NA	NA	NA	NA	NA	NA	NA	NA	NA	NA	NA	NA	NA	NA	NA	NA	NA	NA	NA	NA	NA	NA	NA	NA	NA	NA	NA	NA	NA	NA	NA	NA	NA	NA	NA	NA	NA	NA	NA	NA	NA	NA	NA	NA	NA	NA	NA	NA	NA	NA	NA	NA	NA	NA	NA	NA	NA	NA	NA	NA	NA	NA	NA	NA	NA	NA	NA	NA	NA	NA	NA	NA	NA	NA	NA	NA	NA	NA	NA	NA	NA	NA	NA	NA	NA	NA	NA	NA	NA	NA	NA	NA	NA	NA	NA	NA	NA	NA	NA	NA	NA	NA	NA	NA	NA
AA3	0.10197	NA	0.59337	0.55444	0.8603	0.156	1.03875	0.77387	0.83993	0.41717	0.19273	0.67387	0.30507	0.51417	3.98973	2.76294	2.09745	2.61459	0.77155	0.93575	6.26667	0.32086	2.19981	0.22686	0.32583	0.30604	1.08413	0.74947	0.29595	0.86396	2.18248	1.72025	1.03128	1.62776	0.29611	0.1447	NA	0.74754	NA	NA	0.21365	1.5617	0.43747	0.80689	NA	NA	NA	0.37885	1.52889	0.41815	0.83415	1.00672	NA	NA	2.85877	2.80817	17.04578	2.93847	7.35428	3.39142	4.62946	0.51101	NA	0.29169	0.54516	NA	0.84118	0.5848	0.79315	0.69374	NA	0.49405	0.75013	1.15244	0.03899	0.30741	NA	NA	NA	NA	0.19891	6.00583	1.13708	0.41688	0.29827	1.22238	NA	0.23634	0.61465	NA	1.19642	0.29051	NA	NA	NA	NA	0.1743	0.37773	NA	0.38113	NA	0.18898	0.36586	0.87594	1.46324	2.37292	0.46483	NA	NA	0.69003	NA	0.29886	NA	0.17353	0.60934	0.17745	0.9711	NA	0.30934	NA	NA	NA	0.517	0.44632	1.07549	0.61716	0.69953	0.934	0.49632	0.30981	0.24127	NA	0.61554	0.11547	0.24183	0.78869	2.51204	0.32877	0.96409	1.01842	1.94415	0.68878	0.48471	0.56292	1.12028	1.89863	0.7732	0.77904	3.3469	1.90665	1.3115	0.69286	0.54136	0.12415	0.11508	0.97234	0.68358	0.23538	0.24991	0.72572	0.25874	0.41122	NA	4.02756	0.76716	0.84086	0.23875	0.94947	1.16111	0.96447	1.39855	NA	0.5446	1.44866	5.38735	0.45779	0.13104	0.75734	0.56744	0.71006	0.4025	0.36591	NA	0.1589	1.16629	0.13523	2.51967	NA	0.6898	1.58565	0.42513	1.28658	0.95922	0.30193	0.14172	NA	NA	0.10699	0.55605	0.77322	NA	0.84561	0.34753	0.83754	0.49804	NA	0.53118	NA	1.84789	4.28223	1.69356	0.95629	1.04905	0.27545	NA	0.46929	NA	0.12598	1.12503	0.72449	0.30382	NA	NA	NA	NA	NA	NA	NA	NA	NA	NA	NA	NA	NA	NA	NA	NA	NA	NA	NA	NA	NA	NA	NA	NA	NA	NA	NA	NA	NA	NA	NA	NA	NA	NA	NA	NA	NA	NA	NA	NA	NA	NA	NA	NA	NA	NA	NA	NA	NA	NA	NA	NA	NA	NA	NA	NA	NA	NA	NA	NA	NA	NA	NA	NA	NA	NA	NA	NA	NA	NA	NA	NA	NA	NA	NA	NA	NA	NA	NA	NA	NA	NA	NA	NA	NA	NA	NA	NA	NA	NA	NA	NA	NA	NA	NA	NA	NA	NA	NA	NA	NA	NA	NA	NA	NA	NA	NA	NA	NA	NA	NA	NA	NA	NA	NA	NA	NA	NA	NA	NA	NA	NA	NA	NA	NA	NA	NA	NA	NA	NA	NA	NA	NA	NA	NA	NA	NA	NA	NA	NA	NA	NA	NA	NA	NA	NA	NA	NA	NA	NA	NA	NA	NA	NA	NA	NA
AA3_2	0.2134	NA	0.31515	NA	NA	NA	NA	NA	NA	0.0487	NA	NA	NA	NA	NA	NA	NA	NA	NA	0.09448	1.57424	NA	0.49445	0.24115	NA	NA	NA	0.47362	NA	0.06727	NA	NA	0.21455	NA	NA	NA	NA	NA	NA	0.14293	NA	0.18225	NA	NA	NA	NA	0.04983	NA	NA	NA	NA	NA	0.19694	NA	3.06025	1.32119	9.20011	1.59235	4.09585	1.43302	3.03245	NA	NA	NA	0.06003	NA	0.15042	NA	NA	0.29172	NA	NA	0.14327	0.10382	0.15386	NA	0.19711	0.09673	0.13993	NA	0.07505	4.62333	NA	0.0842	0.06933	0.19285	0.09525	0.03643	NA	NA	NA	NA	NA	NA	NA	NA	NA	NA	NA	0.04626	NA	0.04595	NA	0.12971	0.0337	0.01873	0.02482	NA	NA	NA	NA	NA	NA	NA	NA	NA	NA	NA	NA	NA	NA	NA	NA	NA	0.33997	NA	0.08505	NA	0.27644	0.08301	NA	NA	0.1807	NA	NA	NA	0.45742	0.01904	0.06948	0.02241	0.09309	NA	0.1572	NA	NA	0.05075	0.07357	0.0749	0.10877	0.0752	NA	0.1797	0.06105	NA	NA	0.07604	0.04756	NA	NA	NA	NA	0.04339	0.38859	1.38083	NA	NA	NA	0.0525	0.32118	0.28198	NA	0.11843	0.07959	NA	2.14392	NA	NA	NA	0.07475	NA	0.10359	NA	NA	NA	NA	NA	NA	NA	NA	NA	0.17488	0.19899	0.02934	0.25329	0.09489	NA	NA	NA	0.30216	0.36665	NA	NA	NA	NA	NA	NA	NA	NA	1.82514	2.47636	0.53558	0.40138	0.11102	0.14081	NA	0.05232	NA	NA	0.16509	NA	NA	NA	NA	NA	NA	NA	NA	NA	NA	NA	NA	NA	NA	NA	NA	NA	NA	NA	NA	NA	NA	NA	NA	NA	NA	NA	NA	NA	NA	NA	NA	NA	NA	NA	NA	NA	NA	NA	NA	NA	NA	NA	NA	NA	NA	NA	NA	NA	NA	NA	NA	NA	NA	NA	NA	NA	NA	NA	NA	NA	NA	NA	NA	NA	NA	NA	NA	NA	NA	NA	NA	NA	NA	NA	NA	NA	NA	NA	NA	NA	NA	NA	NA	NA	NA	NA	NA	NA	NA	NA	NA	NA	NA	NA	NA	NA	NA	NA	NA	NA	NA	NA	NA	NA	NA	NA	NA	NA	NA	NA	NA	NA	NA	NA	NA	NA	NA	NA	NA	NA	NA	NA	NA	NA	NA	NA	NA	NA	NA	NA	NA	NA	NA	NA	NA	NA	NA	NA	NA	NA	NA	NA	NA	NA	NA	NA	NA	NA	NA	NA	NA	NA	NA	NA	NA	NA	NA
AA4	30.66203	24.05452	34.19868	36.2176	22.63265	19.77267	31.84254	21.01052	23.87136	18.83908	27.37358	13.50847	20.14634	16.28897	8.49735	2.38624	4.09592	2.52118	2.62209	24.293	9.21594	6.24043	7.84769	3.47009	1.74391	2.61027	3.79089	4.32437	30.54499	24.76609	24.86669	25.60016	30.03845	29.17839	18.84638	25.92697	19.47111	28.5745	41.00816	46.08135	52.81712	30.9626	7.42249	7.91357	11.80633	10.58832	11.74072	20.15225	16.99848	15.29565	15.92178	14.84518	15.97984	19.32614	9.40815	6.65508	10.4948	8.81102	5.14303	7.70425	6.99836	13.86885	6.01226	6.58707	14.58852	11.68619	10.9776	13.17655	14.15417	16.67362	14.064	9.9752	13.93188	8.06029	11.46864	55.92869	24.05433	42.04048	14.9799	17.75945	19.47617	26.26365	7.22675	6.14372	5.52152	3.51011	4.94494	7.3372	4.75238	10.41223	9.15413	5.8704	7.53147	12.57114	10.70355	6.40014	3.25418	20.52754	4.2908	18.15922	13.38206	6.78004	12.80767	14.05378	10.97405	11.08138	10.86716	11.47409	11.08843	9.03613	13.81723	9.17249	8.23789	8.06805	4.31594	7.71327	6.87447	26.74073	19.89996	8.80946	9.72936	8.15693	14.52788	56.86719	12.08614	10.71803	5.81804	6.29216	47.60923	20.05678	26.40077	22.18014	30.44282	26.03186	8.92548	16.81886	22.54708	29.55856	12.8807	10.31467	28.76881	16.77903	14.66052	11.34747	2.95003	1.37065	2.52628	5.05094	7.11582	4.33828	2.74689	4.65922	4.99168	3.4517	3.88349	8.30341	6.71698	4.88544	2.76262	2.45414	19.53206	16.56725	24.73805	56.44984	9.23548	6.17494	6.90341	9.55758	18.17434	16.57048	21.17771	16.96478	13.20125	32.08482	12.03616	29.35193	14.60688	17.28365	18.86928	16.54007	17.00209	25.52107	121.30487	148.88272	14.38841	6.49193	7.84872	15.8891	11.89008	18.32088	11.34286	16.85237	72.64135	32.68615	60.89585	28.74122	66.13312	41.89949	101.85924	66.23596	11.43262	15.25893	13.43625	19.02059	10.27843	10.45486	48.22551	43.02856	8.78622	7.7297	7.95659	4.79142	14.02775	19.86169	15.64352	26.11787	11.28076	15.45299	5.65335	3.69162	5.62855	11.63686	NA	NA	NA	NA	NA	NA	NA	NA	NA	NA	NA	NA	NA	NA	NA	NA	NA	NA	NA	NA	NA	NA	NA	NA	NA	NA	NA	NA	NA	NA	NA	NA	NA	NA	NA	NA	NA	NA	NA	NA	NA	NA	NA	NA	NA	NA	NA	NA	NA	NA	NA	NA	NA	NA	NA	NA	NA	NA	NA	NA	NA	NA	NA	NA	NA	NA	NA	NA	NA	NA	NA	NA	NA	NA	NA	NA	NA	NA	NA	NA	NA	NA	NA	NA	NA	NA	NA	NA	NA	NA	NA	NA	NA	NA	NA	NA	NA	NA	NA	NA	NA	NA	NA	NA	NA	NA	NA	NA	NA	NA	NA	NA	NA	NA	NA	NA	NA	NA	NA	NA	NA	NA	NA	NA	NA	NA	NA	NA	NA	NA	NA	NA	NA	NA	NA	NA	NA	NA	NA	NA	NA	NA	NA	NA	NA	NA	NA	NA	NA	NA	NA	NA	NA	NA	NA
AA6	17.04135	14.81888	24.93418	24.10947	11.94915	22.66898	16.3625	17.00962	25.12707	27.58351	16.91991	20.06652	35.81618	29.03128	31.28589	29.86237	38.2837	26.27789	38.81853	38.10192	41.34348	31.21217	37.3023	33.59762	19.68273	26.37628	36.3414	36.10352	14.57616	19.66756	19.90369	31.48503	27.77907	31.1624	25.999	14.44392	16.1752	13.19529	18.3591	15.68794	25.92487	25.64523	20.98575	36.71538	32.04921	42.85931	24.4368	29.05146	20.28975	29.76989	23.35907	15.16442	28.63125	16.80163	12.7905	7.4254	25.71943	7.58967	11.30812	11.26393	11.33902	15.99837	43.01314	14.59769	23.14922	15.82633	12.20039	12.12021	30.12916	23.05402	17.47835	38.09845	25.76803	49.29089	16.03753	8.90994	9.14942	36.54497	17.76	12.41049	11.34466	16.90311	35.48254	42.26333	29.39242	36.29442	24.22928	47.50202	34.39993	41.81818	34.0509	36.88382	34.18185	22.55355	58.40968	42.47732	16.70526	23.40716	20.7241	20.70337	22.95473	14.54378	23.13664	24.69665	25.7627	27.8576	12.9385	19.21581	19.86887	17.50575	29.95764	31.97829	5.82485	23.38162	38.10267	24.23601	50.74962	11.57309	8.41395	9.12518	7.44018	6.09905	18.97809	8.58634	24.25107	26.14892	8.77176	11.71073	14.85539	9.14506	5.94061	11.33083	17.69441	15.16815	16.40176	14.16039	36.39002	29.93507	26.59148	26.91036	9.3627	15.28871	7.7787	9.49164	25.31564	25.87348	28.04688	22.78986	27.03618	34.46148	15.7038	29.21563	37.7021	18.84657	19.31916	32.84514	44.66021	40.51723	31.80338	23.80351	18.87493	20.50812	15.91085	31.33077	9.20021	10.37913	6.15601	7.04264	16.11658	18.93007	18.18402	13.49193	15.89133	11.34927	15.33942	17.01406	25.08887	13.2761	14.04876	12.69325	10.52809	13.62904	24.04471	46.12682	9.27687	9.36223	14.88661	NA	52.59587	41.39545	22.05326	29.1459	40.37868	13.84377	21.73497	8.05664	NA	9.38961	18.42919	39.51007	21.98221	15.37054	9.22335	15.53348	28.08725	16.86665	61.65797	48.73159	4.16928	10.6975	4.84597	3.64775	20.60237	40.24745	34.70634	45.26222	21.46454	32.63428	9.28789	16.71954	44.51895	28.16553	NA	NA	NA	NA	NA	NA	NA	NA	NA	NA	NA	NA	NA	NA	NA	NA	NA	NA	NA	NA	NA	NA	NA	NA	NA	NA	NA	NA	NA	NA	NA	NA	NA	NA	NA	NA	NA	NA	NA	NA	NA	NA	NA	NA	NA	NA	NA	NA	NA	NA	NA	NA	NA	NA	NA	NA	NA	NA	NA	NA	NA	NA	NA	NA	NA	NA	NA	NA	NA	NA	NA	NA	NA	NA	NA	NA	NA	NA	NA	NA	NA	NA	NA	NA	NA	NA	NA	NA	NA	NA	NA	NA	NA	NA	NA	NA	NA	NA	NA	NA	NA	NA	NA	NA	NA	NA	NA	NA	NA	NA	NA	NA	NA	NA	NA	NA	NA	NA	NA	NA	NA	NA	NA	NA	NA	NA	NA	NA	NA	NA	NA	NA	NA	NA	NA	NA	NA	NA	NA	NA	NA	NA	NA	NA	NA	NA	NA	NA	NA	NA	NA	NA	NA	NA	NA
AA7	38.68813	34.203	45.61019	42.95276	43.77587	52.83659	42.58923	19.20623	26.69397	25.42575	28.68867	27.70353	28.75527	34.85396	19.30217	5.79233	12.61446	6.3849	8.95043	46.60358	19.61868	59.57307	35.19805	37.80046	28.90759	31.45187	34.62356	25.0136	29.45595	35.89955	30.48117	26.17536	56.8584	22.18395	24.06787	85.48357	99.68454	67.53748	121.28487	107.94397	138.54658	42.33997	27.95959	35.48152	22.49881	47.61349	41.21588	30.04826	21.32929	36.764	28.82063	24.13545	39.47881	31.51611	23.47787	20.76277	32.13833	29.90814	17.59361	25.21927	24.99445	18.42717	33.00828	29.38396	22.75973	13.56918	16.05916	20.71855	39.21014	39.58418	37.45322	59.44816	37.2069	55.50709	42.36204	30.69382	39.75765	62.08067	36.7424	37.9051	32.33869	23.55944	31.64918	19.8457	20.51098	22.71592	20.80566	28.16994	23.67746	42.3208	50.37836	38.5466	39.80468	54.68698	22.9655	27.06058	17.18098	22.05862	31.1569	44.5624	25.07566	18.69414	18.94891	36.462	35.07835	26.30213	25.91581	30.13426	31.47436	22.53391	11.6657	21.87654	22.44928	26.66108	18.35861	28.16454	43.31609	45.39119	38.23664	34.56266	36.14645	32.83043	68.84967	62.29377	27.17905	28.23149	22.82871	15.18544	32.41426	27.34409	42.37865	25.28805	16.84503	21.22595	27.8517	22.79453	23.96927	23.83269	24.31959	17.05383	63.06081	67.79718	51.44818	37.4366	6.56423	4.10634	3.09375	8.55404	40.51851	32.7468	22.5153	39.22034	19.53699	16.83413	15.69842	26.42281	41.06793	53.31851	43.13532	47.73702	36.04126	20.18458	27.66874	51.4836	18.8079	13.36141	13.68234	15.89479	40.33315	46.64092	46.56168	32.95994	34.72471	41.92518	37.11632	50.19558	13.70767	13.25334	19.60549	21.88569	38.93833	62.62516	184.05611	236.00457	33.21871	6.36414	12.98761	17.74164	36.15601	30.77468	28.80663	25.34432	96.59705	33.38701	68.53531	52.30777	NA	32.98724	59.51798	89.34452	17.39221	21.23202	19.75836	21.67608	38.24332	29.71827	23.48483	11.87002	21.65	26.54443	28.15552	25.82212	28.71864	28.76608	23.18238	26.98194	21.12758	45.45468	12.13186	16.83496	34.76774	31.10024	NA	NA	NA	NA	NA	NA	NA	NA	NA	NA	NA	NA	NA	NA	NA	NA	NA	NA	NA	NA	NA	NA	NA	NA	NA	NA	NA	NA	NA	NA	NA	NA	NA	NA	NA	NA	NA	NA	NA	NA	NA	NA	NA	NA	NA	NA	NA	NA	NA	NA	NA	NA	NA	NA	NA	NA	NA	NA	NA	NA	NA	NA	NA	NA	NA	NA	NA	NA	NA	NA	NA	NA	NA	NA	NA	NA	NA	NA	NA	NA	NA	NA	NA	NA	NA	NA	NA	NA	NA	NA	NA	NA	NA	NA	NA	NA	NA	NA	NA	NA	NA	NA	NA	NA	NA	NA	NA	NA	NA	NA	NA	NA	NA	NA	NA	NA	NA	NA	NA	NA	NA	NA	NA	NA	NA	NA	NA	NA	NA	NA	NA	NA	NA	NA	NA	NA	NA	NA	NA	NA	NA	NA	NA	NA	NA	NA	NA	NA	NA	NA	NA	NA	NA	NA	NA
AA8	NA	NA	NA	NA	NA	NA	NA	NA	NA	NA	NA	NA	NA	NA	NA	NA	NA	NA	NA	NA	1.7054	NA	1.84634	0.76428	NA	NA	NA	NA	NA	NA	NA	NA	NA	NA	NA	NA	NA	NA	NA	NA	NA	2.18705	NA	NA	NA	NA	NA	NA	NA	NA	NA	NA	NA	NA	4.52161	6.46619	24.02797	7.47889	9.61106	8.36183	11.19608	NA	NA	NA	NA	NA	0.68117	NA	NA	NA	NA	NA	1.95438	NA	NA	2.44915	NA	NA	NA	NA	NA	13.29447	NA	NA	2.50409	NA	NA	NA	NA	NA	NA	NA	NA	NA	NA	NA	NA	NA	NA	2.22899	NA	NA	NA	2.41751	NA	NA	1.19576	NA	NA	NA	NA	NA	NA	NA	NA	NA	NA	NA	NA	NA	NA	NA	NA	NA	3.37757	1.18669	NA	NA	NA	NA	NA	NA	NA	NA	NA	NA	2.97003	NA	0.71908	NA	NA	NA	1.03079	NA	NA	NA	0.81075	NA	0.84775	NA	NA	NA	0.22179	NA	NA	NA	1.2151	NA	NA	NA	NA	1.70612	NA	4.33375	NA	NA	NA	NA	0.35272	3.01561	NA	NA	2.34354	NA	8.23504	NA	0.64615	NA	NA	NA	NA	NA	NA	NA	NA	NA	NA	NA	NA	NA	NA	1.86632	NA	1.70904	NA	NA	NA	NA	2.90844	4.86595	NA	NA	NA	NA	NA	NA	NA	NA	7.95219	7.23359	2.85778	2.279	0.73262	NA	NA	NA	NA	NA	3.05691	NA	NA	NA	NA	NA	NA	NA	NA	NA	NA	NA	NA	NA	NA	NA	NA	NA	NA	NA	NA	NA	NA	NA	NA	NA	NA	NA	NA	NA	NA	NA	NA	NA	NA	NA	NA	NA	NA	NA	NA	NA	NA	NA	NA	NA	NA	NA	NA	NA	NA	NA	NA	NA	NA	NA	NA	NA	NA	NA	NA	NA	NA	NA	NA	NA	NA	NA	NA	NA	NA	NA	NA	NA	NA	NA	NA	NA	NA	NA	NA	NA	NA	NA	NA	NA	NA	NA	NA	NA	NA	NA	NA	NA	NA	NA	NA	NA	NA	NA	NA	NA	NA	NA	NA	NA	NA	NA	NA	NA	NA	NA	NA	NA	NA	NA	NA	NA	NA	NA	NA	NA	NA	NA	NA	NA	NA	NA	NA	NA	NA	NA	NA	NA	NA	NA	NA	NA	NA	NA	NA	NA	NA	NA	NA	NA	NA	NA	NA	NA	NA	NA	NA	NA	NA	NA	NA	NA	NA
CBM10	NA	1.69103	2.95537	4.74633	NA	12.47968	4.88623	NA	5.83169	3.03109	3.24232	3.0787	1.51635	17.60659	NA	NA	NA	NA	NA	NA	NA	1.94809	NA	NA	NA	NA	NA	NA	NA	2.99925	1.48654	2.83568	NA	NA	NA	2.89393	NA	4.17028	NA	1.48253	NA	1.41515	NA	7.86471	NA	NA	1.55047	NA	NA	NA	NA	NA	NA	NA	NA	1.40111	NA	NA	NA	NA	2.92533	NA	2.86976	1.44987	5.60968	NA	NA	NA	2.84975	7.5646	NA	18.26548	9.21349	25.88892	NA	1.52799	1.46477	4.52346	4.67933	14.65989	20.07784	22.02813	10.25561	1.44203	NA	NA	NA	NA	2.80815	8.71933	4.99286	1.45256	10.329	1.57102	15.53699	2.88055	NA	NA	NA	2.88458	NA	1.61758	1.53876	NA	3.14892	NA	NA	NA	NA	NA	NA	4.4829	NA	4.37902	7.61681	1.49268	25.1059	3.14835	NA	NA	NA	2.96341	NA	5.91594	NA	1.18669	NA	NA	4.3896	3.88179	NA	NA	1.17412	1.14789	NA	NA	1.12766	NA	2.25813	NA	1.127	NA	NA	1.12054	NA	NA	NA	NA	NA	NA	NA	NA	3.4433	NA	1.1508	10.6481	1.13082	NA	1.24954	1.14587	1.08822	9.27097	NA	NA	NA	4.4452	NA	NA	NA	2.46571	1.20676	NA	7.44418	15.60149	24.60212	7.96425	NA	NA	NA	NA	15.00519	1.16911	NA	NA	NA	NA	NA	NA	NA	NA	5.66163	1.10065	NA	2.35439	NA	NA	NA	1.06987	1.14548	NA	NA	NA	NA	5.53457	NA	NA	NA	NA	NA	1.23819	NA	NA	1.14672	16.25059	2.46125	4.66529	NA	3.75711	NA	NA	3.03816	1.45631	NA	NA	NA	NA	NA	NA	NA	NA	NA	NA	NA	NA	NA	NA	NA	NA	NA	NA	NA	NA	NA	NA	NA	NA	NA	NA	NA	NA	NA	NA	NA	NA	NA	NA	NA	NA	NA	NA	NA	NA	NA	NA	NA	NA	NA	NA	NA	NA	NA	NA	NA	NA	NA	NA	NA	NA	NA	NA	NA	NA	NA	NA	NA	NA	NA	NA	NA	NA	NA	NA	NA	NA	NA	NA	NA	NA	NA	NA	NA	NA	NA	NA	NA	NA	NA	NA	NA	NA	NA	NA	NA	NA	NA	NA	NA	NA	NA	NA	NA	NA	NA	NA	NA	NA	NA	NA	NA	NA	NA	NA	NA	NA	NA	NA	NA	NA	NA	NA	NA	NA	NA	NA	NA	NA	NA	NA	NA	NA	NA	NA	NA	NA	NA	NA	NA	NA	NA	NA	NA	NA	NA	NA	NA	NA	NA	NA	NA	NA	NA	NA	NA	NA	NA	NA	NA
CBM12	38.21793	29.79017	51.49156	40.57344	17.5187	5.30386	41.65557	30.97893	27.11027	27.25127	41.47184	41.72094	31.6861	16.5748	NA	0.84839	1.65334	NA	0.78544	3.32575	7.13619	11.94989	4.07763	10.15587	2.76953	3.52823	4.43409	5.20434	26.26795	26.58415	35.01699	18.49073	17.24213	16.50163	21.63811	NA	NA	NA	1.65788	NA	0.80474	18.4538	17.14448	22.35009	6.02086	13.42126	36.12373	4.43383	4.69412	1.62932	0.88786	0.87361	1.76629	NA	0.94564	0.79396	3.35919	4.59657	16.72292	7.45721	18.04739	46.27979	53.24669	16.30122	25.25817	42.1424	48.33227	75.46822	16.96299	23.84912	13.13876	18.26094	23.55656	8.96524	25.27839	29.65022	25.876	46.5827	55.1433	88.28118	33.12514	29.44173	70.09557	55.00254	50.26261	64.75966	32.83184	74.80645	79.64595	17.29518	52.9235	26.42852	43.35834	35.49692	44.01345	57.45599	7.45354	19.61676	5.23563	8.93754	9.6523	11.88663	38.08513	36.88652	21.33028	12.41686	26.87249	22.86711	29.19731	26.89034	12.54579	10.78948	19.6742	35.41094	10.50769	12.92115	19.78619	63.9726	34.61193	50.61667	75.65486	28.52046	33.63248	44.7333	12.78899	22.82022	15.14327	9.27751	15.54649	20.64848	45.8831	15.05594	23.32369	49.80043	11.5798	25.86647	21.09079	18.14787	23.67425	8.739	36.35514	50.96395	46.33119	31.84955	1.2768	4.03117	5.83741	5.80998	12.08091	7.35541	5.69235	6.61117	77.72318	46.9107	22.97436	82.31077	44.01117	45.98365	29.57912	24.45164	29.73674	9.2083	22.14421	19.72103	14.40022	4.40815	9.63962	9.12546	21.84405	29.20668	27.96057	46.27343	32.51209	40.56938	36.02952	32.61564	14.307	12.85292	28.0343	16.58413	4.85882	2.74463	NA	NA	8.99986	6.44716	9.1833	NA	13.73798	15.31938	7.10241	18.0874	3.28828	NA	NA	NA	NA	9.64213	1.29821	1.96427	8.25871	5.34237	12.43935	8.09357	1.86898	2.5875	NA	NA	11.75701	19.69844	73.65056	12.36779	68.48888	88.33548	72.38005	129.49767	33.28902	44.53696	50.41512	131.12864	17.71773	17.9509	NA	NA	NA	NA	NA	NA	NA	NA	NA	NA	NA	NA	NA	NA	NA	NA	NA	NA	NA	NA	NA	NA	NA	NA	NA	NA	NA	NA	NA	NA	NA	NA	NA	NA	NA	NA	NA	NA	NA	NA	NA	NA	NA	NA	NA	NA	NA	NA	NA	NA	NA	NA	NA	NA	NA	NA	NA	NA	NA	NA	NA	NA	NA	NA	NA	NA	NA	NA	NA	NA	NA	NA	NA	NA	NA	NA	NA	NA	NA	NA	NA	NA	NA	NA	NA	NA	NA	NA	NA	NA	NA	NA	NA	NA	NA	NA	NA	NA	NA	NA	NA	NA	NA	NA	NA	NA	NA	NA	NA	NA	NA	NA	NA	NA	NA	NA	NA	NA	NA	NA	NA	NA	NA	NA	NA	NA	NA	NA	NA	NA	NA	NA	NA	NA	NA	NA	NA	NA	NA	NA	NA	NA	NA	NA	NA	NA	NA	NA	NA	NA	NA	NA	NA	NA	NA
CBM13	209.48839	199.42827	223.26777	188.13679	206.1102	294.50367	210.46179	276.62676	379.33569	318.17966	258.249	284.40546	292.16758	286.56	86.59465	95.72394	152.32707	80.28099	80.96787	166.54838	199.9751	243.08159	136.49328	161.83965	264.71258	285.29282	211.3476	262.21714	216.83583	275.56124	249.44471	243.23514	210.21048	196.91911	216.28221	149.02362	159.14357	142.41915	170.52149	160.24676	169.28952	210.20826	278.04966	252.6979	210.71612	218.22346	189.89564	136.52436	84.334	135.00627	61.0463	80.6938	128.65738	84.16751	106.9417	305.56839	296.01944	312.02904	156.06681	328.98304	216.55157	158.54157	243.42181	191.49854	185.94733	191.78996	255.17691	284.84734	245.46509	204.74264	213.08534	316.0592	245.65815	304.35244	264.09423	114.95421	127.53661	166.6224	148.81745	173.60432	145.13402	121.15584	175.51437	204.13477	231.17071	254.6542	328.48051	178.69393	212.92094	173.56619	207.48755	173.63513	213.27699	204.56573	229.74256	234.90108	148.85405	204.05712	166.85112	173.17055	217.19008	156.25279	256.28707	139.70282	139.63897	125.02213	163.11668	125.91856	147.24884	146.67004	93.62084	192.95446	112.9491	152.23245	120.5965	177.48333	166.84147	124.53346	140.6771	147.40811	181.85329	136.78588	133.57544	147.14938	142.56768	151.73854	183.20033	225.97627	155.26974	161.91805	220.67131	212.48424	239.22742	230.2336	272.17657	244.83293	132.01468	135.46429	137.27649	160.27251	137.77748	208.28975	181.14271	167.64042	75.26013	77.56815	46.56893	70.23019	127.85487	193.23647	251.24688	250.77145	153.51643	185.69958	233.7381	178.4343	230.71685	219.83787	247.6978	226.54244	254.84397	200.43262	251.58781	217.81437	82.7048	81.65794	149.06781	122.50608	137.28701	182.87639	199.33747	242.98998	148.48421	145.63243	141.75362	176.6666	163.52733	147.77271	272.03013	224.98082	117.54757	116.48982	93.09622	95.52872	98.54849	102.10815	93.6815	39.51623	118.08149	97.27212	118.69928	93.70755	248.68242	373.94857	448.00773	410.14364	51.43234	723.16865	441.32011	216.72849	134.51431	139.76274	182.59448	164.80677	84.25086	70.01479	41.34043	42.73848	153.04226	212.21041	272.74325	317.59529	179.54705	213.74302	152.51163	142.32709	231.37589	186.09269	134.28193	199.75965	245.69791	249.58567	NA	NA	NA	NA	NA	NA	NA	NA	NA	NA	NA	NA	NA	NA	NA	NA	NA	NA	NA	NA	NA	NA	NA	NA	NA	NA	NA	NA	NA	NA	NA	NA	NA	NA	NA	NA	NA	NA	NA	NA	NA	NA	NA	NA	NA	NA	NA	NA	NA	NA	NA	NA	NA	NA	NA	NA	NA	NA	NA	NA	NA	NA	NA	NA	NA	NA	NA	NA	NA	NA	NA	NA	NA	NA	NA	NA	NA	NA	NA	NA	NA	NA	NA	NA	NA	NA	NA	NA	NA	NA	NA	NA	NA	NA	NA	NA	NA	NA	NA	NA	NA	NA	NA	NA	NA	NA	NA	NA	NA	NA	NA	NA	NA	NA	NA	NA	NA	NA	NA	NA	NA	NA	NA	NA	NA	NA	NA	NA	NA	NA	NA	NA	NA	NA	NA	NA	NA	NA	NA	NA	NA	NA	NA	NA	NA	NA	NA	NA	NA	NA	NA	NA	NA	NA	NA
CBM14	NA	NA	NA	NA	NA	NA	NA	NA	NA	NA	NA	NA	NA	NA	NA	NA	NA	NA	NA	NA	NA	NA	NA	NA	NA	NA	NA	NA	NA	NA	NA	NA	NA	NA	NA	NA	NA	NA	NA	NA	NA	NA	NA	0.68564	0.6647	NA	2.02754	NA	NA	NA	1.32041	0.64961	NA	1.35135	NA	NA	NA	NA	NA	NA	NA	NA	NA	NA	NA	NA	NA	NA	NA	0.65948	4.72664	NA	0.66936	NA	4.71458	1.33209	NA	NA	NA	NA	4.37594	1.9204	NA	NA	NA	NA	NA	NA	NA	NA	NA	NA	NA	NA	NA	NA	NA	NA	NA	NA	NA	NA	NA	NA	NA	NA	NA	NA	NA	NA	NA	NA	NA	NA	NA	NA	NA	NA	NA	NA	NA	NA	NA	NA	NA	NA	NA	NA	NA	NA	NA	NA	NA	NA	NA	NA	NA	NA	NA	NA	NA	NA	NA	NA	NA	NA	NA	NA	NA	NA	NA	NA	NA	NA	NA	NA	NA	NA	NA	NA	NA	1.0103	NA	NA	NA	NA	NA	NA	3.9794	1.07479	NA	1.07093	1.08163	NA	NA	NA	NA	NA	NA	NA	NA	NA	NA	NA	NA	NA	NA	NA	NA	NA	NA	NA	NA	NA	NA	NA	NA	NA	NA	NA	3.44642	1.06162	NA	NA	NA	NA	NA	NA	0.87089	1.07944	NA	0.4347	NA	NA	NA	NA	NA	NA	NA	NA	NA	NA	NA	NA	NA	NA	NA	NA	NA	NA	NA	NA	NA	NA	NA	NA	NA	NA	NA	NA	NA	NA	NA	NA	NA	NA	NA	NA	NA	NA	NA	NA	NA	NA	NA	NA	NA	NA	NA	NA	NA	NA	NA	NA	NA	NA	NA	NA	NA	NA	NA	NA	NA	NA	NA	NA	NA	NA	NA	NA	NA	NA	NA	NA	NA	NA	NA	NA	NA	NA	NA	NA	NA	NA	NA	NA	NA	NA	NA	NA	NA	NA	NA	NA	NA	NA	NA	NA	NA	NA	NA	NA	NA	NA	NA	NA	NA	NA	NA	NA	NA	NA	NA	NA	NA	NA	NA	NA	NA	NA	NA	NA	NA	NA	NA	NA	NA	NA	NA	NA	NA	NA	NA	NA	NA	NA	NA	NA	NA	NA	NA	NA	NA	NA	NA	NA	NA	NA	NA	NA	NA	NA	NA	NA	NA	NA	NA	NA	NA	NA	NA	NA	NA	NA	NA	NA	NA
CBM16	0.391	NA	0.38784	0.40143	0.05897	NA	NA	NA	0.3727	NA	NA	NA	NA	0.18684	10.30545	0.91759	2.64059	1.36131	1.8203	3.00853	7.19313	10.13264	4.72867	1.69149	0.62315	0.05245	0.99586	3.25085	0.63573	NA	NA	0.36246	NA	NA	0.75192	NA	NA	0.30297	NA	NA	NA	0.77933	0.23567	0.07188	0.59597	0.09754	0.3897	NA	1.05619	0.35394	NA	NA	NA	NA	0.21251	NA	NA	NA	NA	NA	NA	0.1622	NA	NA	1.4287	NA	0.732	NA	NA	0.38388	0.19652	0.35784	NA	0.5474	NA	0.9878	0.37445	0.59074	0.39576	0.40196	0.85225	0.35162	0.5597	0.30605	0.44427	0.76206	NA	0.19297	0.71519	0.34795	0.6366	NA	0.6095	1.19852	0.5972	0.36819	NA	0.8387	NA	NA	NA	0.20599	0.19595	NA	0.81734	0.0666	NA	0.20513	NA	NA	0.71869	0.36918	0.80135	0.37315	1.56446	2.26452	6.69578	0.55177	0.39308	NA	NA	0.37596	NA	1.88197	0.27395	NA	0.20313	NA	0.43626	0.61874	0.55058	0.45168	NA	NA	NA	NA	1.14826	0.72747	0.70167	0.59818	1.48916	0.14575	0.51678	0.14269	2.97526	3.11158	2.16423	0.81831	6.55051	2.04425	0.668	1.74643	0.29177	0.3384	0.13777	1.44828	1.51745	1.30412	0.81498	2.02484	0.27612	NA	NA	0.62315	NA	0.14099	0.62773	NA	0.29063	1.25361	NA	NA	0.04252	0.04113	NA	0.57845	0.14036	NA	NA	0.7762	NA	NA	NA	NA	0.20876	0.18329	2.37018	NA	0.55974	1.16342	1.87505	2.65989	0.53724	NA	NA	NA	29.92629	NA	NA	NA	1.40791	1.56168	0.92921	1.62611	0.25027	NA	NA	NA	0.14623	NA	NA	NA	0.5863	0.44344	0.1573	2.22784	NA	NA	0.28358	NA	1.16279	1.80211	NA	NA	NA	NA	NA	NA	NA	NA	NA	NA	NA	NA	NA	NA	NA	NA	NA	NA	NA	NA	NA	NA	NA	NA	NA	NA	NA	NA	NA	NA	NA	NA	NA	NA	NA	NA	NA	NA	NA	NA	NA	NA	NA	NA	NA	NA	NA	NA	NA	NA	NA	NA	NA	NA	NA	NA	NA	NA	NA	NA	NA	NA	NA	NA	NA	NA	NA	NA	NA	NA	NA	NA	NA	NA	NA	NA	NA	NA	NA	NA	NA	NA	NA	NA	NA	NA	NA	NA	NA	NA	NA	NA	NA	NA	NA	NA	NA	NA	NA	NA	NA	NA	NA	NA	NA	NA	NA	NA	NA	NA	NA	NA	NA	NA	NA	NA	NA	NA	NA	NA	NA	NA	NA	NA	NA	NA	NA	NA	NA	NA	NA	NA	NA	NA	NA	NA	NA	NA	NA	NA	NA	NA	NA	NA	NA	NA	NA	NA	NA	NA	NA	NA	NA	NA	NA
CBM18	NA	NA	NA	NA	NA	NA	NA	NA	NA	NA	NA	NA	NA	NA	NA	NA	NA	NA	NA	1.24716	NA	NA	NA	NA	NA	NA	NA	NA	NA	NA	NA	NA	NA	NA	NA	NA	NA	NA	NA	NA	NA	NA	NA	NA	NA	NA	NA	NA	NA	NA	NA	NA	NA	NA	NA	NA	NA	NA	NA	NA	NA	NA	NA	NA	NA	NA	NA	NA	NA	NA	NA	NA	NA	NA	NA	NA	NA	NA	NA	NA	NA	NA	NA	NA	NA	NA	NA	NA	NA	NA	NA	NA	NA	NA	NA	NA	NA	NA	NA	NA	NA	NA	NA	NA	NA	NA	NA	NA	NA	NA	NA	NA	NA	NA	NA	NA	NA	NA	NA	NA	NA	NA	NA	NA	NA	NA	NA	NA	NA	NA	NA	NA	NA	NA	NA	NA	NA	NA	NA	NA	NA	NA	NA	NA	NA	NA	NA	NA	NA	NA	NA	NA	NA	NA	NA	NA	NA	NA	NA	NA	NA	NA	NA	NA	NA	NA	NA	NA	NA	NA	NA	NA	NA	NA	NA	NA	NA	NA	NA	NA	NA	NA	NA	NA	NA	NA	NA	NA	NA	NA	NA	NA	NA	NA	NA	NA	NA	NA	NA	NA	NA	NA	NA	NA	NA	NA	NA	NA	NA	NA	NA	NA	NA	NA	NA	NA	NA	NA	NA	NA	NA	NA	NA	NA	NA	NA	NA	NA	NA	NA	NA	NA	NA	NA	NA	NA	NA	NA	NA	NA	NA	NA	NA	NA	NA	NA	NA	NA	NA	NA	NA	NA	NA	NA	NA	NA	NA	NA	NA	NA	NA	NA	NA	NA	NA	NA	NA	NA	NA	NA	NA	NA	NA	NA	NA	NA	NA	NA	NA	NA	NA	NA	NA	NA	NA	NA	NA	NA	NA	NA	NA	NA	NA	NA	NA	NA	NA	NA	NA	NA	NA	NA	NA	NA	NA	NA	NA	NA	NA	NA	NA	NA	NA	NA	NA	NA	NA	NA	NA	NA	NA	NA	NA	NA	NA	NA	NA	NA	NA	NA	NA	NA	NA	NA	NA	NA	NA	NA	NA	NA	NA	NA	NA	NA	NA	NA	NA	NA	NA	NA	NA	NA	NA	NA	NA	NA	NA	NA	NA	NA	NA	NA	NA	NA	NA	NA	NA	NA	NA	NA	NA	NA	NA	NA	NA	NA	NA
CBM2	72.14929	47.92031	63.39432	79.60126	72.23037	78.86298	62.6107	67.84631	85.67539	99.46297	75.55369	87.7208	84.54404	41.86414	10.03183	10.80499	5.49815	9.9841	11.33707	3.17672	1.48908	42.40148	27.62982	17.20252	71.38043	91.62373	84.70089	63.33935	63.86215	84.77428	69.16046	88.49411	71.07953	29.51933	74.19887	9.58011	20.70907	39.45843	30.77856	32.33971	34.21746	50.38439	27.665	27.54007	42.87522	32.23372	38.06837	22.67145	19.01992	28.19779	17.84836	17.30517	24.68428	11.78516	49.59607	32.99318	28.87053	47.04366	59.1882	62.69572	41.33215	41.87826	45.28735	45.67969	52.84385	139.62888	106.10388	107.58086	62.2713	39.21882	46.72037	39.2715	68.63419	48.03575	49.99721	8.48258	16.51324	7.9189	15.39686	14.98521	22.28085	17.37042	51.47496	23.03215	72.76026	82.83146	96.80041	55.00534	44.12098	35.37425	50.22139	89.17176	56.6002	77.51344	31.60852	28.96272	27.63877	30.6082	25.21075	41.01484	38.87374	50.64112	39.62497	56.10564	74.10127	78.40483	98.15177	76.94339	87.17412	51.5162	22.9134	15.29785	37.26251	22.81029	23.48138	59.44767	35.43614	44.08355	19.93196	39.6066	73.57293	55.34356	70.39347	30.44555	22.99828	62.33939	104.10731	153.28264	24.67088	40.9466	113.98264	72.93634	43.80677	54.7807	118.082	98.60481	52.70107	51.31946	17.5915	49.13171	35.71859	46.04657	50.05281	46.7992	7.40413	9.58746	13.12499	6.93655	17.17057	47.47986	102.56694	120.9812	22.71806	65.48295	65.38279	38.62056	38.23823	27.25934	85.35759	65.01184	60.04924	64.89811	94.20919	68.64742	9.34578	7.31898	49.98246	22.00445	37.21166	46.27016	33.7736	55.94167	9.20305	11.09723	22.11566	14.15132	45.19339	37.19557	102.19536	91.12525	33.2792	25.69797	30.78092	19.59942	54.43803	72.57458	82.33408	72.31824	18.12165	12.83688	33.3215	19.85058	17.26418	23.7991	22.04684	32.50326	NA	48.7977	32.39661	7.40543	41.20815	39.87268	86.11924	81.93668	7.15514	8.25394	16.99897	13.7359	50.49236	40.99043	83.16699	37.23299	57.95364	33.14705	116.75624	113.55447	25.68336	6.61494	28.38052	31.02161	30.32655	68.30755	NA	NA	NA	NA	NA	NA	NA	NA	NA	NA	NA	NA	NA	NA	NA	NA	NA	NA	NA	NA	NA	NA	NA	NA	NA	NA	NA	NA	NA	NA	NA	NA	NA	NA	NA	NA	NA	NA	NA	NA	NA	NA	NA	NA	NA	NA	NA	NA	NA	NA	NA	NA	NA	NA	NA	NA	NA	NA	NA	NA	NA	NA	NA	NA	NA	NA	NA	NA	NA	NA	NA	NA	NA	NA	NA	NA	NA	NA	NA	NA	NA	NA	NA	NA	NA	NA	NA	NA	NA	NA	NA	NA	NA	NA	NA	NA	NA	NA	NA	NA	NA	NA	NA	NA	NA	NA	NA	NA	NA	NA	NA	NA	NA	NA	NA	NA	NA	NA	NA	NA	NA	NA	NA	NA	NA	NA	NA	NA	NA	NA	NA	NA	NA	NA	NA	NA	NA	NA	NA	NA	NA	NA	NA	NA	NA	NA	NA	NA	NA	NA	NA	NA	NA	NA	NA
CBM20	143.20721	103.46112	46.67192	86.77062	130.42315	95.91725	86.40979	71.19066	51.94909	75.10635	75.51365	63.82183	56.4791	33.79146	184.50588	196.13964	115.55099	173.77781	200.61737	88.21644	34.1355	35.28738	103.70587	73.42797	69.93467	55.16659	66.75298	44.98012	101.87509	65.94441	79.1739	77.88944	100.56651	107.80385	95.85101	76.67388	57.11766	126.39815	111.25595	84.16297	94.42073	81.67875	64.06927	61.51003	75.77565	61.67543	83.29362	139.28403	218.283	149.00556	202.12616	166.58449	110.77254	167.72967	184.84367	269.76066	256.61341	283.12403	265.26115	266.03963	205.88741	35.93557	12.32535	76.22742	87.32767	64.49551	71.56882	39.77478	86.08945	88.14409	83.5116	33.44697	55.03951	46.0754	56.17781	50.32637	68.48014	13.49664	41.48531	49.8604	68.64416	105.82327	79.53587	95.30112	65.93011	61.60922	28.31299	68.76687	77.38802	70.46096	41.62646	51.2472	29.46696	26.18482	119.96816	34.1575	123.03204	124.58963	200.11213	190.65275	204.54482	221.1145	171.15695	114.11652	133.29903	133.15362	126.66987	136.30534	110.06105	127.16695	181.28461	143.44301	251.66119	149.75957	157.10362	83.07246	53.05933	142.58996	143.61157	128.7684	124.23184	257.52925	133.23503	73.52319	108.74812	127.42867	87.93489	97.32251	185.34138	203.94002	90.70331	291.50689	78.62946	71.54408	47.55816	68.01512	138.68576	128.32867	149.97942	129.82026	113.82772	38.20741	94.97421	184.66471	139.72379	204.70216	150.8106	125.93589	105.14468	64.95259	102.19233	63.5436	111.78534	99.42635	84.83195	105.90433	90.35031	81.95157	73.62433	50.47853	59.81839	94.45892	69.54505	93.71251	139.69609	128.50687	103.60828	139.90168	99.49313	56.239	79.46566	34.39056	64.36641	53.17615	52.8299	43.03539	89.28837	124.96394	116.40035	101.92553	156.01731	90.98802	91.40902	124.69649	199.96138	176.29517	184.73205	132.55407	120.03731	95.96644	148.5988	94.34936	251.61034	336.18456	432.56895	437.23323	45.85946	398.39202	231.06418	87.72782	147.40487	105.75716	127.79439	91.00697	93.42896	106.85039	115.49165	130.46717	127.50761	210.78832	159.55388	337.90372	55.87158	36.50265	55.18027	49.86583	163.61004	96.58545	154.10552	87.91966	42.60377	55.81517	NA	NA	NA	NA	NA	NA	NA	NA	NA	NA	NA	NA	NA	NA	NA	NA	NA	NA	NA	NA	NA	NA	NA	NA	NA	NA	NA	NA	NA	NA	NA	NA	NA	NA	NA	NA	NA	NA	NA	NA	NA	NA	NA	NA	NA	NA	NA	NA	NA	NA	NA	NA	NA	NA	NA	NA	NA	NA	NA	NA	NA	NA	NA	NA	NA	NA	NA	NA	NA	NA	NA	NA	NA	NA	NA	NA	NA	NA	NA	NA	NA	NA	NA	NA	NA	NA	NA	NA	NA	NA	NA	NA	NA	NA	NA	NA	NA	NA	NA	NA	NA	NA	NA	NA	NA	NA	NA	NA	NA	NA	NA	NA	NA	NA	NA	NA	NA	NA	NA	NA	NA	NA	NA	NA	NA	NA	NA	NA	NA	NA	NA	NA	NA	NA	NA	NA	NA	NA	NA	NA	NA	NA	NA	NA	NA	NA	NA	NA	NA	NA	NA	NA	NA	NA	NA
CBM21	NA	NA	NA	NA	NA	NA	NA	NA	NA	0.30672	NA	NA	NA	NA	NA	NA	NA	NA	NA	NA	NA	NA	NA	NA	NA	NA	NA	NA	NA	NA	NA	NA	NA	NA	NA	NA	NA	NA	NA	NA	NA	NA	NA	NA	NA	NA	NA	NA	NA	NA	0.61305	NA	NA	NA	NA	NA	NA	NA	NA	NA	NA	NA	NA	NA	NA	NA	NA	NA	NA	NA	NA	NA	NA	NA	NA	NA	NA	NA	NA	NA	NA	NA	NA	NA	NA	NA	NA	NA	NA	NA	NA	NA	NA	NA	NA	NA	NA	NA	NA	NA	NA	NA	NA	NA	NA	NA	NA	NA	NA	NA	NA	NA	NA	NA	NA	NA	NA	NA	NA	NA	NA	NA	NA	NA	NA	NA	NA	NA	NA	NA	NA	NA	NA	NA	NA	NA	NA	NA	NA	NA	NA	NA	NA	NA	NA	NA	NA	NA	NA	NA	NA	NA	NA	NA	NA	NA	NA	NA	NA	NA	NA	NA	NA	NA	NA	NA	NA	NA	NA	NA	NA	NA	NA	NA	NA	NA	NA	NA	NA	NA	NA	NA	NA	NA	NA	NA	NA	NA	NA	NA	NA	NA	NA	NA	NA	NA	NA	NA	NA	NA	NA	NA	NA	NA	NA	NA	NA	NA	NA	NA	NA	NA	NA	NA	NA	NA	NA	NA	NA	NA	NA	NA	NA	NA	NA	NA	NA	NA	NA	NA	NA	NA	NA	NA	NA	NA	NA	NA	NA	NA	NA	NA	NA	NA	NA	NA	NA	NA	NA	NA	NA	NA	NA	NA	NA	NA	NA	NA	NA	NA	NA	NA	NA	NA	NA	NA	NA	NA	NA	NA	NA	NA	NA	NA	NA	NA	NA	NA	NA	NA	NA	NA	NA	NA	NA	NA	NA	NA	NA	NA	NA	NA	NA	NA	NA	NA	NA	NA	NA	NA	NA	NA	NA	NA	NA	NA	NA	NA	NA	NA	NA	NA	NA	NA	NA	NA	NA	NA	NA	NA	NA	NA	NA	NA	NA	NA	NA	NA	NA	NA	NA	NA	NA	NA	NA	NA	NA	NA	NA	NA	NA	NA	NA	NA	NA	NA	NA	NA	NA	NA	NA	NA	NA	NA	NA	NA	NA	NA	NA	NA	NA	NA	NA	NA	NA	NA	NA	NA	NA	NA	NA	NA	NA	NA	NA	NA	NA
CBM22	52.17255	30.90371	24.91243	49.55588	56.60082	102.94366	30.31737	89.43479	110.77408	101.51108	62.75125	123.1743	102.30156	66.20646	13.43606	2.07899	10.33882	7.72079	2.34753	10.28252	41.6831	87.18289	10.24435	32.48245	104.29577	140.45547	108.73238	70.74403	16.11194	24.34477	25.53973	33.72951	16.80895	18.45576	10.55774	10.10146	19.53927	14.97388	22.40201	7.03922	6.27106	11.52837	47.99799	57.10569	65.39896	101.35823	54.2367	15.23374	11.01998	17.95301	19.72304	16.46724	47.64501	9.98597	29.09273	28.84044	33.09146	37.25761	62.91203	59.61935	49.83701	34.82935	41.18578	81.18565	125.04912	112.6726	82.67575	119.75086	50.21683	35.45955	37.18613	81.76193	50.42102	73.24285	60.73549	10.91243	12.53577	14.87054	26.24543	37.92226	70.92474	9.50249	46.804	40.40838	67.85792	90.32234	129.6637	87.08227	49.8962	35.1723	14.87295	55.68928	53.42677	96.75553	12.07529	12.65426	8.61196	14.28406	13.08699	21.63751	35.14506	17.53446	24.11336	23.67674	23.34521	65.47613	50.40061	45.67519	70.34497	20.77462	13.29568	23.08222	24.81554	33.84877	34.53194	85.13283	19.22473	21.36342	19.09177	36.13745	31.3245	36.36671	41.6021	8.70223	35.06187	32.6065	42.92319	63.7727	48.08884	48.07429	42.62361	55.25334	28.91885	69.41237	118.42564	83.20235	48.81893	39.74178	12.66796	51.40444	18.42774	32.81968	32.4306	25.94813	24.44891	19.05297	6.14453	27.37266	12.39064	40.34601	119.51894	132.395	17.58605	41.19864	51.92149	33.88916	66.88319	64.33843	121.59301	125.68515	54.12771	64.90765	67.87412	75.54753	16.52424	24.99675	74.74945	53.09454	16.27736	36.88579	36.69024	63.761	12.61479	11.01879	15.86499	14.09463	14.27223	29.02765	30.8657	28.77444	6.59701	6.89886	57.20359	22.9211	3.59771	11.39853	9.26782	NA	88.53886	25.66001	86.65637	37.06066	2.01576	1.58811	4.70573	7.07377	NA	22.54577	7.10047	5.68117	54.05692	56.95733	96.99987	50.52922	38.16827	33.3419	13.96962	8.09258	44.24526	32.20562	53.49544	22.70815	34.00243	23.28582	76.87897	59.19788	13.65923	14.06682	19.4743	17.16693	127.88468	110.94749	NA	NA	NA	NA	NA	NA	NA	NA	NA	NA	NA	NA	NA	NA	NA	NA	NA	NA	NA	NA	NA	NA	NA	NA	NA	NA	NA	NA	NA	NA	NA	NA	NA	NA	NA	NA	NA	NA	NA	NA	NA	NA	NA	NA	NA	NA	NA	NA	NA	NA	NA	NA	NA	NA	NA	NA	NA	NA	NA	NA	NA	NA	NA	NA	NA	NA	NA	NA	NA	NA	NA	NA	NA	NA	NA	NA	NA	NA	NA	NA	NA	NA	NA	NA	NA	NA	NA	NA	NA	NA	NA	NA	NA	NA	NA	NA	NA	NA	NA	NA	NA	NA	NA	NA	NA	NA	NA	NA	NA	NA	NA	NA	NA	NA	NA	NA	NA	NA	NA	NA	NA	NA	NA	NA	NA	NA	NA	NA	NA	NA	NA	NA	NA	NA	NA	NA	NA	NA	NA	NA	NA	NA	NA	NA	NA	NA	NA	NA	NA	NA	NA	NA	NA	NA	NA
CBM23	32.27819	23.738	11.93129	31.2681	33.252	56.75577	25.15285	27.48365	41.63109	37.76182	24.64238	44.62459	39.57082	34.23227	NA	NA	NA	NA	NA	NA	NA	28.33249	2.83818	6.73557	39.85417	60.23838	48.94477	42.53874	23.75277	23.87617	34.70667	31.45926	20.96636	8.64372	28.57187	2.27071	2.62601	1.01664	4.59423	1.23695	1.03678	13.62525	23.07105	21.61699	33.13495	37.88241	32.93104	NA	NA	NA	NA	NA	NA	NA	13.22763	6.35768	3.68587	12.55739	14.43807	18.92228	16.86272	10.3194	11.41581	56.03993	20.18855	52.42082	33.95207	40.27847	19.86551	19.82537	22.34643	19.21033	20.10038	27.07623	30.72212	0.3309	3.87316	2.60286	3.85718	2.12629	3.44818	1.75484	38.2612	27.90777	60.31806	65.33772	80.55184	37.24769	23.65595	24.62081	10.70288	40.41083	28.75296	30.06322	5.49287	4.1608	4.09442	8.08966	6.42314	14.66285	12.7009	31.49099	16.03181	19.6227	9.44749	12.7477	20.71086	12.77608	14.66446	17.39973	6.60164	5.98973	14.16748	6.46273	1.97402	28.55941	12.07275	14.80383	6.17314	26.648	26.18913	22.78963	19.59854	7.19331	3.68211	9.64706	23.33752	43.64887	15.93856	23.88174	50.94926	31.23298	11.10833	30.08449	67.14903	41.36281	7.62233	15.51924	5.73498	44.29856	10.20412	22.3575	13.62272	19.61487	13.55326	11.18651	3.5572	16.04191	4.45105	20.97646	57.96139	60.07284	11.98954	50.28878	22.03785	26.47241	20.65207	17.18841	54.5736	31.84154	20.46376	36.30774	35.94619	33.65287	10.18968	12.68367	44.11497	24.65023	14.85487	25.92647	24.79825	23.84093	5.3918	2.12416	2.79489	3.85508	10.95094	12.96496	28.14006	28.17287	0.22495	1.47096	3.82298	0.44829	12.71425	31.75051	28.34477	51.71745	18.15699	10.66548	9.39976	16.78197	2.84069	1.05962	7.12131	4.75697	NA	4.72563	1.97333	1.25716	35.4657	49.07126	64.59704	46.26749	NA	NA	0.22879	0.11987	27.37869	13.20636	42.04572	15.55994	12.94947	6.82768	28.09057	45.2687	10.70653	0.39936	22.48286	14.55594	59.41871	51.77724	NA	NA	NA	NA	NA	NA	NA	NA	NA	NA	NA	NA	NA	NA	NA	NA	NA	NA	NA	NA	NA	NA	NA	NA	NA	NA	NA	NA	NA	NA	NA	NA	NA	NA	NA	NA	NA	NA	NA	NA	NA	NA	NA	NA	NA	NA	NA	NA	NA	NA	NA	NA	NA	NA	NA	NA	NA	NA	NA	NA	NA	NA	NA	NA	NA	NA	NA	NA	NA	NA	NA	NA	NA	NA	NA	NA	NA	NA	NA	NA	NA	NA	NA	NA	NA	NA	NA	NA	NA	NA	NA	NA	NA	NA	NA	NA	NA	NA	NA	NA	NA	NA	NA	NA	NA	NA	NA	NA	NA	NA	NA	NA	NA	NA	NA	NA	NA	NA	NA	NA	NA	NA	NA	NA	NA	NA	NA	NA	NA	NA	NA	NA	NA	NA	NA	NA	NA	NA	NA	NA	NA	NA	NA	NA	NA	NA	NA	NA	NA	NA	NA	NA	NA	NA	NA
CBM24	9.06141	7.55326	26.42592	6.02708	8.20564	8.18236	15.69489	12.95501	7.19936	3.68062	7.06749	8.16223	2.94606	8.63212	NA	NA	NA	NA	NA	NA	NA	2.18186	1.67616	2.37801	7.52894	5.94588	3.85033	8.59726	7.967	12.54684	9.40699	7.28501	5.91713	13.75285	6.71591	6.55958	10.26259	5.70269	NA	7.14084	13.23086	5.7381	10.74226	18.71801	10.65318	8.46632	12.1247	NA	NA	NA	0.36783	NA	0.37208	0.75289	6.7752	4.11861	10.88774	5.41144	1.84249	3.80586	6.76099	11.11568	20.00224	25.35209	8.06057	23.40113	25.06913	23.61141	7.64005	3.23333	11.20935	5.38597	7.06733	2.89915	6.32098	4.71131	8.44681	NA	3.97743	7.47655	1.5895	3.05946	9.13238	12.14049	10.46708	11.23433	13.85601	5.60243	2.78475	3.941	7.71991	6.46734	6.60564	3.56098	7.13491	9.54904	2.49249	6.75187	5.35557	6.53838	3.53064	1.37495	10.46356	3.56058	10.9425	7.82515	6.53984	1.84537	1.87883	7.71587	NA	0.7258	3.94802	0.99258	1.10988	0.72502	NA	8.15573	11.83748	10.27625	6.62442	5.51759	13.55407	3.2925	7.96445	10.12079	10.58635	14.26601	26.24509	7.44256	11.99893	6.38475	3.08793	6.70966	4.59643	7.02528	1.53362	1.61301	1.37101	3.12699	2.63665	11.39669	7.0214	5.94155	NA	NA	NA	NA	0.58132	1.1387	15.05271	8.40934	6.1788	1.74841	10.7134	11.58896	7.11285	7.48241	3.03459	3.15387	13.87566	9.26131	7.49685	2.27664	0.8049	4.0483	4.92853	4.35336	3.1273	4.65431	2.73532	7.71854	4.89662	5.25593	9.46041	2.87688	4.4825	1.67291	5.73421	7.70815	6.76765	6.49135	1.20571	NA	5.0169	5.47887	5.58201	NA	NA	NA	NA	0.74844	0.81737	1.14356	0.26288	0.26661	NA	1.81877	5.84196	3.53514	4.28834	4.14034	0.65645	5.46605	0.78299	0.63057	NA	NA	4.1649	7.40259	11.3408	4.74238	12.29999	15.82388	1.39471	1.12356	7.22157	2.83871	0.90136	6.37116	6.4561	9.9029	NA	NA	NA	NA	NA	NA	NA	NA	NA	NA	NA	NA	NA	NA	NA	NA	NA	NA	NA	NA	NA	NA	NA	NA	NA	NA	NA	NA	NA	NA	NA	NA	NA	NA	NA	NA	NA	NA	NA	NA	NA	NA	NA	NA	NA	NA	NA	NA	NA	NA	NA	NA	NA	NA	NA	NA	NA	NA	NA	NA	NA	NA	NA	NA	NA	NA	NA	NA	NA	NA	NA	NA	NA	NA	NA	NA	NA	NA	NA	NA	NA	NA	NA	NA	NA	NA	NA	NA	NA	NA	NA	NA	NA	NA	NA	NA	NA	NA	NA	NA	NA	NA	NA	NA	NA	NA	NA	NA	NA	NA	NA	NA	NA	NA	NA	NA	NA	NA	NA	NA	NA	NA	NA	NA	NA	NA	NA	NA	NA	NA	NA	NA	NA	NA	NA	NA	NA	NA	NA	NA	NA	NA	NA	NA	NA	NA	NA	NA	NA	NA	NA	NA	NA	NA	NA
CBM25	13.15489	12.66609	20.05207	7.16566	11.6394	21.57176	21.64202	14.09107	36.39233	25.75365	53.99855	33.14606	88.10038	68.62897	NA	NA	NA	NA	NA	NA	NA	3.03037	5.60176	5.95504	1.92329	0.36129	0.37434	2.47304	NA	NA	NA	NA	NA	NA	NA	21.25212	67.01012	36.28686	74.64608	46.35241	50.96964	NA	10.27856	11.74198	6.41695	1.01195	4.72928	NA	2.82425	NA	NA	NA	NA	1.4439	0.77724	NA	NA	1.28701	1.03253	1.42432	2.85268	21.00466	32.06539	10.65854	2.60427	5.00225	6.34161	2.69613	7.59536	27.15231	9.94392	5.53248	5.76064	15.04861	18.63276	20.60639	10.35944	157.62359	63.05716	51.8018	20.63213	13.11529	7.50607	4.7014	18.11174	15.37285	3.10595	24.08631	7.84743	NA	NA	NA	NA	NA	NA	NA	4.57813	8.34493	0.36448	5.70988	1.81368	0.7534	NA	0.36934	NA	0.67882	3.68723	7.48831	19.03445	1.15087	NA	NA	8.58678	NA	NA	0.35244	NA	27.52358	26.14868	18.46428	31.95692	12.55253	NA	32.01572	0.53202	0.8611	2.14242	NA	0.78766	2.47812	9.82785	1.1126	23.06564	12.55517	43.86895	52.41988	NA	2.4858	NA	NA	11.35659	12.72158	6.43667	11.23904	0.26236	0.27611	0.5331	NA	4.09748	7.19593	0.73173	0.13626	1.87101	8.04747	NA	13.22503	NA	NA	0.58198	NA	7.55097	2.33201	2.82304	2.79377	0.5217	1.04956	1.4093	NA	12.21161	9.0893	18.05929	3.52518	62.25178	23.86417	24.84011	23.25388	NA	NA	NA	NA	10.32992	34.78991	59.32304	29.49571	0.74452	1.32446	NA	NA	NA	NA	NA	NA	NA	NA	NA	NA	NA	NA	0.54092	NA	6.69659	6.64095	15.13743	11.58426	NA	NA	NA	NA	2.54843	NA	NA	0.54661	14.62635	12.0951	15.73133	4.87429	7.82713	34.62581	NA	NA	11.28489	4.0407	NA	NA	NA	NA	NA	NA	NA	NA	NA	NA	NA	NA	NA	NA	NA	NA	NA	NA	NA	NA	NA	NA	NA	NA	NA	NA	NA	NA	NA	NA	NA	NA	NA	NA	NA	NA	NA	NA	NA	NA	NA	NA	NA	NA	NA	NA	NA	NA	NA	NA	NA	NA	NA	NA	NA	NA	NA	NA	NA	NA	NA	NA	NA	NA	NA	NA	NA	NA	NA	NA	NA	NA	NA	NA	NA	NA	NA	NA	NA	NA	NA	NA	NA	NA	NA	NA	NA	NA	NA	NA	NA	NA	NA	NA	NA	NA	NA	NA	NA	NA	NA	NA	NA	NA	NA	NA	NA	NA	NA	NA	NA	NA	NA	NA	NA	NA	NA	NA	NA	NA	NA	NA	NA	NA	NA	NA	NA	NA	NA	NA	NA	NA	NA	NA	NA	NA	NA	NA	NA	NA	NA	NA	NA	NA	NA	NA	NA	NA	NA	NA	NA	NA	NA	NA	NA
CBM26	40.80757	64.03999	128.63887	65.52578	76.4674	54.68218	90.07522	268.78995	368.24591	237.5411	238.04193	162.76004	176.63621	212.23187	NA	NA	NA	NA	NA	NA	NA	262.73331	107.66385	210.56497	48.73175	43.74493	52.63389	159.01588	86.95716	80.65454	48.13877	42.9545	41.82119	71.58097	41.28077	14.34754	40.73553	21.60228	54.08204	20.43522	31.72564	46.01376	114.42819	126.79101	157.6714	99.50162	96.9213	31.83802	55.64734	73.61467	59.90715	63.73567	46.2545	56.70961	68.25226	31.55088	26.1658	48.75673	37.30432	82.34661	86.86292	103.86713	300.79759	165.10476	96.30005	71.25032	97.42531	98.20303	304.77342	275.73941	211.11466	299.25875	186.014	242.12591	568.58212	116.84952	114.74355	185.20486	124.68802	193.40098	78.76757	73.94772	78.52755	68.43903	58.46224	51.30837	23.56995	49.67276	52.54092	110.35011	226.99916	59.07915	96.42204	181.39555	74.82276	180.1082	73.19901	87.0995	75.31482	40.80274	63.4626	30.22156	102.64998	49.28752	52.93372	31.8273	22.70779	18.41313	17.50925	31.31095	25.8055	64.84472	32.52867	91.98729	99.53232	68.5609	58.39931	76.40285	68.49262	23.50596	55.69613	18.30698	34.15617	77.91691	46.93558	49.98384	32.04347	30.88113	21.47804	30.27908	60.09978	27.77307	420.92071	162.50551	70.78686	87.8412	43.77309	118.19453	67.62284	234.9504	29.43665	51.71254	19.48371	55.59351	NA	0.66085	NA	0.97625	130.14778	97.2837	48.48928	55.65705	87.31358	56.90041	21.10764	74.6001	99.55576	178.25844	63.70123	136.56305	159.33983	42.16393	38.64899	42.87606	38.59226	56.88015	22.93743	19.61229	159.64482	227.46761	186.62274	144.68761	243.59304	74.79582	83.24947	189.04734	102.97727	63.11665	17.97362	15.03147	40.53315	145.37475	52.65247	20.80917	15.36213	15.34719	5.74618	64.51006	136.48275	184.56378	104.41096	154.0607	0.56094	NA	NA	NA	137.0817	37.28285	0.79516	2.12279	60.06228	75.12062	66.61208	54.25164	61.8688	100.81984	6.06534	7.22076	78.36043	32.91594	52.40706	6.44634	176.45973	201.99194	105.20415	21.31814	100.02998	108.83896	16.13313	18.23435	243.00459	95.78088	NA	NA	NA	NA	NA	NA	NA	NA	NA	NA	NA	NA	NA	NA	NA	NA	NA	NA	NA	NA	NA	NA	NA	NA	NA	NA	NA	NA	NA	NA	NA	NA	NA	NA	NA	NA	NA	NA	NA	NA	NA	NA	NA	NA	NA	NA	NA	NA	NA	NA	NA	NA	NA	NA	NA	NA	NA	NA	NA	NA	NA	NA	NA	NA	NA	NA	NA	NA	NA	NA	NA	NA	NA	NA	NA	NA	NA	NA	NA	NA	NA	NA	NA	NA	NA	NA	NA	NA	NA	NA	NA	NA	NA	NA	NA	NA	NA	NA	NA	NA	NA	NA	NA	NA	NA	NA	NA	NA	NA	NA	NA	NA	NA	NA	NA	NA	NA	NA	NA	NA	NA	NA	NA	NA	NA	NA	NA	NA	NA	NA	NA	NA	NA	NA	NA	NA	NA	NA	NA	NA	NA	NA	NA	NA	NA	NA	NA	NA	NA	NA	NA	NA	NA	NA	NA
CBM27	21.67738	19.88581	8.01388	23.81913	26.07842	35.99882	17.01332	38.25416	25.62001	32.31093	48.22984	38.73861	35.21842	52.71627	NA	NA	NA	NA	NA	NA	NA	3.59676	2.94869	0.32755	5.65493	7.98566	13.80286	12.3654	1.1315	NA	4.04436	6.22263	0.80754	6.12741	1.96719	2.38241	1.92578	1.82885	2.25638	0.68579	0.47992	NA	14.11403	6.72863	26.00752	17.99076	18.14815	NA	NA	NA	NA	NA	NA	NA	13.64822	3.47872	4.16939	4.0608	5.85744	11.88608	12.15326	9.63343	4.005	46.51217	13.00009	8.90529	16.73117	16.22556	8.91291	1.34604	4.60616	2.0402	2.78334	3.38706	3.36903	0.34179	0.82855	0.16864	NA	0.16771	0.73406	NA	22.78216	20.42166	50.0433	39.69581	74.9056	20.53441	23.23234	13.14476	1.7231	11.36173	9.08067	3.23065	NA	NA	2.30825	1.07288	NA	NA	NA	8.45539	2.2713	0.72361	NA	3.2273	NA	0.34607	3.08699	1.49377	5.02619	8.25149	8.51061	9.72052	3.87318	14.04323	0.35099	1.95969	5.90363	16.99385	8.83166	15.22382	5.19675	0.32866	0.87361	1.88086	6.01486	5.28861	8.67872	14.28521	24.9854	16.40556	22.66998	56.33691	67.51227	34.5015	2.74712	6.76235	7.53967	19.97773	2.29091	12.67256	2.04617	6.68931	10.59147	11.03084	2.47697	14.35105	0.20078	1.04261	12.82089	6.77778	10.84985	40.35021	18.00547	17.97518	11.82141	12.63549	1.88863	2.24686	9.44083	14.71835	8.65942	9.59095	7.24247	10.11445	22.37929	16.91159	1.04054	3.05245	3.58202	1.52684	0.85329	0.40524	2.15051	1.7662	4.79585	11.21069	4.44563	4.53675	0.34995	2.41674	2.94065	0.47253	1.06559	3.62098	1.44592	NA	8.99291	9.19592	1.11605	10.30284	2.66435	1.19536	6.72199	5.71029	NA	2.15838	2.46235	1.0482	26.79314	30.13928	34.41618	37.78527	NA	NA	NA	NA	19.88049	4.73277	21.87657	7.66862	4.05443	1.60233	5.48877	2.46464	0.24788	NA	8.9641	3.94197	41.49946	41.90708	NA	NA	NA	NA	NA	NA	NA	NA	NA	NA	NA	NA	NA	NA	NA	NA	NA	NA	NA	NA	NA	NA	NA	NA	NA	NA	NA	NA	NA	NA	NA	NA	NA	NA	NA	NA	NA	NA	NA	NA	NA	NA	NA	NA	NA	NA	NA	NA	NA	NA	NA	NA	NA	NA	NA	NA	NA	NA	NA	NA	NA	NA	NA	NA	NA	NA	NA	NA	NA	NA	NA	NA	NA	NA	NA	NA	NA	NA	NA	NA	NA	NA	NA	NA	NA	NA	NA	NA	NA	NA	NA	NA	NA	NA	NA	NA	NA	NA	NA	NA	NA	NA	NA	NA	NA	NA	NA	NA	NA	NA	NA	NA	NA	NA	NA	NA	NA	NA	NA	NA	NA	NA	NA	NA	NA	NA	NA	NA	NA	NA	NA	NA	NA	NA	NA	NA	NA	NA	NA	NA	NA	NA	NA	NA	NA	NA	NA	NA	NA	NA	NA	NA	NA	NA	NA
CBM3	48.58285	16.03749	25.84383	26.64268	36.63849	47.85536	31.94567	36.69785	45.32887	26.90689	15.04867	36.51435	24.80365	19.98905	NA	NA	NA	NA	NA	NA	NA	62.00027	4.24814	19.01955	81.88801	116.80553	97.42523	62.78682	4.8981	16.93964	6.57461	10.68452	6.56905	2.4013	6.03091	NA	NA	NA	NA	NA	NA	12.00042	18.08516	37.2809	35.67798	51.62733	36.75069	NA	NA	0.59063	NA	NA	NA	0.90866	14.96365	20.61967	14.86183	20.82824	31.13145	30.1728	17.39326	27.89433	27.96356	7.47185	6.48571	52.19437	56.99743	40.80053	30.51917	29.47889	19.8943	22.89579	14.95839	38.6733	31.82383	2.84584	2.11098	5.1483	3.50753	2.75637	5.63202	1.91027	13.1455	2.17906	35.26506	37.24112	38.66546	27.17333	19.19836	9.59641	6.22175	21.71883	28.04207	33.6071	0.38114	NA	2.05111	18.70549	14.0934	24.61109	20.13713	39.71303	28.20998	17.27918	26.7877	13.14511	13.44032	30.63323	27.3592	12.64072	NA	NA	9.1796	NA	11.67872	41.64618	19.4062	6.6062	2.69821	8.89278	14.54546	12.8004	26.85809	2.32603	10.73887	19.6056	12.72356	18.50804	23.42084	35.78356	50.63666	45.61522	21.12388	38.69529	34.9487	31.15868	62.75169	38.58241	4.23063	25.06728	9.41604	8.56308	15.58886	7.25923	NA	NA	NA	NA	9.63971	35.29963	89.40854	120.92361	5.17085	15.83104	15.55315	6.60866	29.42134	19.21544	51.91021	81.18881	26.74061	38.62463	46.1551	49.18241	NA	3.25726	42.24325	17.74667	16.11089	9.13656	17.3346	35.20042	1.78272	1.99745	3.08846	2.90621	7.18221	3.45942	6.96101	6.91507	NA	NA	20.54877	NA	2.03596	6.52114	3.55811	NA	37.3546	6.79084	43.41947	13.41288	0.65766	0.91411	NA	NA	NA	14.68066	0.89792	NA	24.64027	30.00931	43.88668	17.18742	1.82698	0.4251	NA	NA	18.54655	20.93249	25.58323	7.80283	24.56217	19.73737	46.83066	11.75579	18.64308	0.5855	19.42645	17.81739	41.75216	47.20085	NA	NA	NA	NA	NA	NA	NA	NA	NA	NA	NA	NA	NA	NA	NA	NA	NA	NA	NA	NA	NA	NA	NA	NA	NA	NA	NA	NA	NA	NA	NA	NA	NA	NA	NA	NA	NA	NA	NA	NA	NA	NA	NA	NA	NA	NA	NA	NA	NA	NA	NA	NA	NA	NA	NA	NA	NA	NA	NA	NA	NA	NA	NA	NA	NA	NA	NA	NA	NA	NA	NA	NA	NA	NA	NA	NA	NA	NA	NA	NA	NA	NA	NA	NA	NA	NA	NA	NA	NA	NA	NA	NA	NA	NA	NA	NA	NA	NA	NA	NA	NA	NA	NA	NA	NA	NA	NA	NA	NA	NA	NA	NA	NA	NA	NA	NA	NA	NA	NA	NA	NA	NA	NA	NA	NA	NA	NA	NA	NA	NA	NA	NA	NA	NA	NA	NA	NA	NA	NA	NA	NA	NA	NA	NA	NA	NA	NA	NA	NA	NA	NA	NA	NA	NA	NA
CBM30	3.99036	NA	NA	2.53046	0.68724	3.1194	0.32575	NA	NA	NA	NA	NA	NA	NA	NA	NA	NA	NA	NA	NA	NA	15.08053	NA	0.59344	12.05561	15.91397	9.51259	7.1822	NA	NA	NA	NA	NA	NA	NA	NA	NA	NA	NA	NA	NA	NA	5.8329	5.03341	5.18463	9.96038	5.8918	NA	NA	NA	NA	NA	NA	NA	0.66751	NA	1.1856	NA	NA	NA	NA	NA	NA	NA	NA	NA	NA	NA	1.70985	2.42067	1.23925	5.05813	3.07116	7.47902	5.25339	NA	0.58591	0.60313	NA	0.5864	NA	NA	4.10225	NA	1.29623	4.80093	8.59517	7.3009	2.80815	2.31977	1.99714	2.60767	9.44297	7.8478	NA	NA	NA	NA	NA	NA	NA	NA	NA	NA	NA	NA	NA	NA	NA	NA	NA	NA	0.62929	NA	NA	NA	NA	NA	0.30752	2.41794	2.51788	5.33414	2.60934	0.59159	NA	NA	NA	NA	0.43896	1.8115	5.54793	7.83811	NA	NA	NA	NA	NA	NA	NA	NA	NA	1.14457	1.92744	2.01698	NA	NA	NA	NA	1.19683	3.51656	8.92537	18.00588	0.68866	2.96201	2.76192	1.65637	NA	NA	NA	NA	5.44112	4.17193	1.45268	6.39829	NA	NA	10.50169	3.0579	0.68469	1.35614	1.68946	5.15934	0.24814	NA	0.25897	0.9102	NA	NA	NA	NA	NA	NA	NA	NA	NA	NA	NA	NA	NA	NA	NA	NA	NA	NA	NA	NA	NA	NA	NA	NA	4.06204	11.20161	10.1912	5.52835	NA	NA	NA	NA	2.99688	1.48582	0.70398	NA	NA	NA	NA	NA	NA	NA	NA	NA	8.65877	8.44659	NA	NA	NA	NA	NA	NA	NA	NA	NA	NA	NA	NA	NA	NA	NA	NA	NA	NA	NA	NA	NA	NA	NA	NA	NA	NA	NA	NA	NA	NA	NA	NA	NA	NA	NA	NA	NA	NA	NA	NA	NA	NA	NA	NA	NA	NA	NA	NA	NA	NA	NA	NA	NA	NA	NA	NA	NA	NA	NA	NA	NA	NA	NA	NA	NA	NA	NA	NA	NA	NA	NA	NA	NA	NA	NA	NA	NA	NA	NA	NA	NA	NA	NA	NA	NA	NA	NA	NA	NA	NA	NA	NA	NA	NA	NA	NA	NA	NA	NA	NA	NA	NA	NA	NA	NA	NA	NA	NA	NA	NA	NA	NA	NA	NA	NA	NA	NA	NA	NA	NA	NA	NA	NA	NA	NA	NA	NA	NA	NA	NA	NA	NA	NA	NA	NA	NA	NA	NA	NA	NA	NA	NA	NA	NA	NA	NA	NA	NA	NA	NA	NA	NA	NA	NA	NA
CBM32	209.19362	206.82577	239.64671	231.00505	148.73668	157.04866	212.57748	244.49023	241.82313	289.49676	260.95293	237.19772	248.56324	185.39028	753.16164	650.99477	554.19257	697.06433	763.92759	465.8125	725.24153	467.93467	407.17437	287.38065	199.70978	191.36304	278.58988	297.57469	338.50158	237.99007	341.65469	324.66608	334.31594	332.8302	358.95456	300.93898	264.33696	399.78348	436.99016	330.05509	313.44737	337.10559	245.79603	239.31844	289.18738	226.99703	234.55433	407.88326	453.00106	401.09239	376.34526	399.21414	312.3754	423.24362	235.29809	295.53897	249.90478	224.35516	222.82142	235.77672	244.81163	183.76253	194.4631	296.25691	298.75822	239.50333	279.8182	233.102	229.58236	276.74061	228.39972	175.69776	220.25359	201.55939	175.85979	581.13859	389.99065	287.6291	217.98079	281.88545	352.46581	441.48924	302.97606	373.92538	269.46717	231.64154	186.3917	268.53334	300.40978	431.31035	323.65853	244.50477	236.0587	299.73881	587.71626	284.61146	268.43014	398.30981	426.3931	293.85233	308.0259	301.56195	364.34751	369.9967	395.96237	514.44449	388.74741	436.95394	409.45525	416.81025	547.34441	408.30542	219.47137	472.62725	382.73797	335.27534	362.86006	209.51259	236.597	173.92203	175.85149	180.53318	218.90372	557.34081	362.68911	403.52836	277.53581	235.09516	244.46155	198.40168	145.6225	214.82174	339.51719	207.20629	140.05026	210.21727	498.23253	461.25602	457.63009	244.34416	306.88188	206.44146	181.69185	225.62153	568.05506	570.26603	411.8373	458.38704	262.83212	201.06754	168.12649	161.85649	353.62651	250.17608	268.54411	291.74804	391.76425	368.43075	296.95859	292.80547	248.56246	217.27275	131.58918	242.0623	465.3258	333.57066	298.3772	412.73777	302.59078	192.73134	206.19586	156.76405	273.31446	372.6043	230.37266	335.63983	311.20048	417.82911	349.4198	372.02661	410.78136	286.71348	284.69077	364.72398	419.45292	291.39455	358.88431	413.29619	328.76474	226.15627	303.77636	300.76205	329.90905	415.88493	414.30557	365.90709	180.35615	272.59913	352.47401	369.10594	358.66814	285.63133	182.04922	182.75774	246.7108	250.38137	272.80307	299.6271	237.08236	242.3317	185.41164	243.36858	252.39407	187.39209	195.90698	171.75618	318.73106	338.34047	514.30066	388.13637	253.14001	276.25623	NA	NA	NA	NA	NA	NA	NA	NA	NA	NA	NA	NA	NA	NA	NA	NA	NA	NA	NA	NA	NA	NA	NA	NA	NA	NA	NA	NA	NA	NA	NA	NA	NA	NA	NA	NA	NA	NA	NA	NA	NA	NA	NA	NA	NA	NA	NA	NA	NA	NA	NA	NA	NA	NA	NA	NA	NA	NA	NA	NA	NA	NA	NA	NA	NA	NA	NA	NA	NA	NA	NA	NA	NA	NA	NA	NA	NA	NA	NA	NA	NA	NA	NA	NA	NA	NA	NA	NA	NA	NA	NA	NA	NA	NA	NA	NA	NA	NA	NA	NA	NA	NA	NA	NA	NA	NA	NA	NA	NA	NA	NA	NA	NA	NA	NA	NA	NA	NA	NA	NA	NA	NA	NA	NA	NA	NA	NA	NA	NA	NA	NA	NA	NA	NA	NA	NA	NA	NA	NA	NA	NA	NA	NA	NA	NA	NA	NA	NA	NA	NA	NA	NA	NA	NA	NA
CBM34	211.46281	315.86261	234.69664	232.99934	198.03966	233.70693	215.73177	227.26618	182.48587	214.92885	165.9576	186.03119	246.37599	265.54092	83.89371	87.4444	185.90388	98.99742	76.01405	249.08266	290.59767	159.38365	190.78179	183.15802	209.35432	212.98903	182.93564	267.71396	119.53415	259.37687	181.19393	189.58314	139.18513	243.46183	173.03285	242.58197	348.74938	233.77188	231.38654	280.46012	286.36039	130.12412	120.47998	173.00883	171.34462	219.04531	171.69721	212.75542	71.25254	174.95362	126.3089	140.40676	203.71459	144.56233	181.86186	102.56914	149.4251	138.76464	134.35212	154.43457	184.97613	165.70623	311.74976	297.53223	259.73649	208.48805	220.54353	190.85527	180.43262	159.52268	134.30018	180.66078	111.14124	185.44406	160.12914	83.71384	106.21342	166.51676	149.18322	115.51524	130.62987	143.73257	190.05571	188.90708	197.80039	217.24611	264.09026	234.73932	191.07634	222.44299	138.11114	266.74811	249.24089	218.25209	111.30433	195.90006	112.97233	170.17604	159.68519	170.1423	190.46182	105.06217	121.73706	137.88586	189.87289	242.36724	131.86404	197.28519	162.24314	161.28609	111.38122	158.46144	134.63904	127.56721	101.76017	152.64042	197.52547	154.60278	161.92489	210.08146	160.88631	145.90723	155.77176	104.19068	167.66322	143.8218	152.88875	150.98395	181.58742	145.47259	150.47349	101.21544	117.19505	188.02963	229.70993	173.58231	86.04535	110.61304	101.1226	137.34209	113.13716	156.15426	149.12206	115.32634	122.71421	92.33557	66.94172	109.75306	106.85177	188.89345	122.23438	163.78805	130.61095	158.19617	152.80476	134.5269	159.36959	135.71965	80.41056	99.99875	108.75348	143.59211	125.30721	129.5518	124.19805	130.62675	129.80899	127.40469	100.07008	99.76313	150.87029	100.45909	100.75112	102.08473	145.36809	159.27396	238.74698	176.49792	133.92269	107.50191	140.14622	251.02756	198.35274	206.01144	47.94497	125.13874	70.16216	139.07292	233.72224	199.01607	144.99261	176.38671	136.92035	74.80541	98.48334	58.57735	31.95137	62.4053	124.1639	217.45883	103.44292	123.23392	141.99887	135.15427	207.81814	189.75361	167.12199	162.41338	175.60885	120.46545	99.99979	67.54479	158.18392	154.51151	183.35962	132.24773	129.0212	130.40489	103.51555	147.24481	268.29221	204.98609	NA	NA	NA	NA	NA	NA	NA	NA	NA	NA	NA	NA	NA	NA	NA	NA	NA	NA	NA	NA	NA	NA	NA	NA	NA	NA	NA	NA	NA	NA	NA	NA	NA	NA	NA	NA	NA	NA	NA	NA	NA	NA	NA	NA	NA	NA	NA	NA	NA	NA	NA	NA	NA	NA	NA	NA	NA	NA	NA	NA	NA	NA	NA	NA	NA	NA	NA	NA	NA	NA	NA	NA	NA	NA	NA	NA	NA	NA	NA	NA	NA	NA	NA	NA	NA	NA	NA	NA	NA	NA	NA	NA	NA	NA	NA	NA	NA	NA	NA	NA	NA	NA	NA	NA	NA	NA	NA	NA	NA	NA	NA	NA	NA	NA	NA	NA	NA	NA	NA	NA	NA	NA	NA	NA	NA	NA	NA	NA	NA	NA	NA	NA	NA	NA	NA	NA	NA	NA	NA	NA	NA	NA	NA	NA	NA	NA	NA	NA	NA	NA	NA	NA	NA	NA	NA
CBM35	45.8285	31.39056	55.02232	42.3568	33.94971	33.27195	44.98214	40.65123	59.73834	52.3013	55.47021	52.79595	53.60165	41.3219	28.49495	8.3159	17.80059	16.8562	13.47777	11.48769	13.63529	53.37491	20.15752	22.54261	50.69377	75.83459	67.96974	51.63342	48.29697	47.41118	42.36781	45.71433	41.56664	16.03228	43.14743	4.70594	5.09558	1.07589	0.94333	3.78809	2.85711	44.96732	14.75705	28.82598	40.83497	50.26998	21.90738	1.88883	14.96626	1.10047	0.77353	1.63768	0.98364	3.62931	16.63933	16.38675	4.4784	15.64336	18.20075	13.75329	21.41607	20.19822	20.06677	18.97469	11.80564	47.63353	44.80698	50.56203	53.01806	28.57955	34.60596	45.85967	39.98942	44.58236	36.42056	12.2648	11.51273	12.86235	16.13982	19.32129	19.17471	17.4629	25.96504	25.57441	51.38429	46.91314	22.77525	37.50287	27.40519	32.58468	36.57922	49.17684	43.66538	42.0079	69.47263	23.2532	10.33741	33.55086	18.78446	28.82073	20.59315	46.37836	32.42026	46.30488	32.97332	52.33994	57.23813	39.82369	55.36566	25.46798	12.3634	19.04131	22.30121	27.19386	17.7984	20.91276	38.34005	15.75725	17.16758	17.91338	24.48593	25.78641	12.166	28.59898	23.15447	32.57904	47.02839	77.39954	10.03582	29.52083	76.71033	26.99996	25.21083	29.94802	24.35126	32.71485	61.17393	37.48511	38.97908	31.75421	28.92947	32.62307	29.43722	29.70246	10.00195	7.82428	9.46568	4.91713	17.96616	45.78699	70.13379	89.5979	39.42747	29.52116	28.25928	35.47986	35.93953	43.4961	85.74925	52.23368	33.44986	42.85496	61.51395	51.22241	18.51867	19.94415	53.42558	45.8719	32.96879	47.52351	32.44762	38.85364	14.05681	12.63403	16.63225	16.08466	18.76579	16.96721	38.69977	34.39762	3.10126	1.61979	5.46887	3.20517	17.37741	15.68329	31.01769	NA	12.29594	29.82516	20.00638	20.03638	4.62767	1.26599	0.50587	2.66613	NA	4.02593	3.47551	1.38974	24.2675	21.84977	33.83513	21.60076	2.06357	2.13838	0.6817	0.56968	16.36195	16.23025	37.07232	10.57311	26.83739	22.85219	33.17058	75.32382	27.72628	22.06459	37.20231	33.64647	27.98494	38.0735	NA	NA	NA	NA	NA	NA	NA	NA	NA	NA	NA	NA	NA	NA	NA	NA	NA	NA	NA	NA	NA	NA	NA	NA	NA	NA	NA	NA	NA	NA	NA	NA	NA	NA	NA	NA	NA	NA	NA	NA	NA	NA	NA	NA	NA	NA	NA	NA	NA	NA	NA	NA	NA	NA	NA	NA	NA	NA	NA	NA	NA	NA	NA	NA	NA	NA	NA	NA	NA	NA	NA	NA	NA	NA	NA	NA	NA	NA	NA	NA	NA	NA	NA	NA	NA	NA	NA	NA	NA	NA	NA	NA	NA	NA	NA	NA	NA	NA	NA	NA	NA	NA	NA	NA	NA	NA	NA	NA	NA	NA	NA	NA	NA	NA	NA	NA	NA	NA	NA	NA	NA	NA	NA	NA	NA	NA	NA	NA	NA	NA	NA	NA	NA	NA	NA	NA	NA	NA	NA	NA	NA	NA	NA	NA	NA	NA	NA	NA	NA	NA	NA	NA	NA	NA	NA
CBM36	NA	NA	NA	NA	NA	NA	NA	3.09937	1.57979	2.57643	0.50109	1.19186	0.23488	1.1348	NA	NA	NA	NA	NA	NA	NA	NA	NA	NA	NA	NA	NA	NA	3.64819	1.85408	2.98923	1.75548	1.94046	1.20289	2.05323	NA	NA	NA	NA	NA	NA	1.31491	NA	NA	0.23566	NA	NA	NA	NA	NA	NA	NA	NA	NA	0.2579	NA	NA	0.64156	0.45682	0.4602	0.4521	1.18112	1.33053	NA	0.86695	0.44787	2.45221	3.3892	1.54196	0.23435	1.43641	2.38972	1.90289	2.44761	0.95516	NA	0.45275	0.46605	1.20528	NA	6.20785	NA	3.39842	3.34731	2.75507	1.85597	6.41848	0.23561	3.47504	0.22459	NA	0.89794	2.73756	3.03493	NA	NA	0.22711	3.1978	NA	3.34809	2.40725	NA	3.33041	2.17576	3.04622	0.45049	1.91322	0.92495	0.94172	1.27352	0.22853	1.15733	0.97253	3.61041	1.41365	0.69206	1.45556	0.36492	0.23763	0.4671	0.48641	NA	NA	NA	4.83893	4.86425	5.41327	3.81666	NA	NA	NA	NA	0.36291	0.71014	3.90718	2.57887	NA	1.83521	0.34898	0.5536	NA	NA	NA	0.52032	NA	NA	NA	NA	NA	NA	NA	NA	2.12899	3.24513	4.80673	3.66237	1.92239	1.62736	1.15866	0.70836	1.6845	2.86886	4.30472	1.46661	NA	0.85952	1.4786	0.65259	1.05937	4.1968	0.93292	2.849	0.19218	1.301	0.80045	NA	1.70466	0.61738	3.41179	4.0194	NA	NA	NA	NA	NA	NA	NA	NA	NA	NA	NA	0.3402	NA	NA	NA	NA	NA	NA	NA	NA	1.92055	0.75408	1.07461	1.02772	NA	NA	NA	NA	1.24696	0.95678	NA	0.71336	0.17722	0.71756	5.70562	2.5235	0.85631	0.58064	NA	NA	NA	NA	NA	NA	NA	NA	NA	NA	NA	NA	NA	NA	NA	NA	NA	NA	NA	NA	NA	NA	NA	NA	NA	NA	NA	NA	NA	NA	NA	NA	NA	NA	NA	NA	NA	NA	NA	NA	NA	NA	NA	NA	NA	NA	NA	NA	NA	NA	NA	NA	NA	NA	NA	NA	NA	NA	NA	NA	NA	NA	NA	NA	NA	NA	NA	NA	NA	NA	NA	NA	NA	NA	NA	NA	NA	NA	NA	NA	NA	NA	NA	NA	NA	NA	NA	NA	NA	NA	NA	NA	NA	NA	NA	NA	NA	NA	NA	NA	NA	NA	NA	NA	NA	NA	NA	NA	NA	NA	NA	NA	NA	NA	NA	NA	NA	NA	NA	NA	NA	NA	NA	NA	NA	NA	NA	NA	NA	NA	NA	NA	NA	NA	NA	NA	NA	NA	NA	NA	NA	NA	NA	NA	NA	NA	NA	NA	NA	NA	NA	NA	NA	NA	NA	NA	NA	NA	NA
CBM37	4.76372	3.07649	5.76632	5.32705	2.08151	1.4379	0.49444	NA	NA	NA	NA	NA	NA	NA	NA	NA	NA	NA	NA	NA	NA	NA	NA	NA	NA	NA	NA	NA	NA	5.36707	3.10348	2.11433	4.96103	4.63846	NA	0.43733	NA	0.42014	NA	0.89853	NA	4.22063	NA	NA	NA	NA	NA	NA	NA	NA	NA	NA	NA	NA	5.1982	NA	NA	4.6802	NA	NA	0.84215	4.55872	18.40172	9.94563	4.60092	3.45723	4.30212	2.18019	NA	NA	NA	0.83809	1.13324	0.85052	1.3589	NA	NA	NA	NA	NA	1.03431	NA	NA	NA	NA	NA	NA	NA	NA	NA	NA	NA	NA	NA	NA	NA	1.38472	10.31438	10.10871	0.89179	NA	NA	NA	NA	NA	NA	NA	NA	NA	NA	NA	NA	0.97253	NA	NA	NA	NA	1.9469	NA	NA	NA	NA	NA	NA	NA	NA	NA	NA	1.79064	0.38258	2.22387	3.57094	NA	NA	NA	0.67212	NA	NA	NA	NA	NA	NA	NA	NA	NA	NA	NA	NA	NA	NA	NA	NA	NA	NA	NA	NA	NA	NA	NA	NA	NA	NA	NA	NA	NA	NA	NA	NA	NA	0.36452	NA	NA	NA	NA	NA	NA	11.83473	6.46353	1.03869	0.35226	0.32346	NA	NA	0.63876	NA	NA	NA	NA	0.99948	2.83798	0.68477	0.99857	NA	NA	NA	NA	NA	NA	NA	NA	NA	NA	NA	NA	NA	NA	NA	NA	0.34868	0.7322	1.04075	NA	13.37252	19.04048	8.07462	3.95705	2.04311	NA	NA	NA	NA	NA	NA	NA	NA	NA	NA	NA	NA	NA	NA	NA	NA	NA	NA	NA	NA	NA	NA	NA	NA	NA	NA	NA	NA	NA	NA	NA	NA	NA	NA	NA	NA	NA	NA	NA	NA	NA	NA	NA	NA	NA	NA	NA	NA	NA	NA	NA	NA	NA	NA	NA	NA	NA	NA	NA	NA	NA	NA	NA	NA	NA	NA	NA	NA	NA	NA	NA	NA	NA	NA	NA	NA	NA	NA	NA	NA	NA	NA	NA	NA	NA	NA	NA	NA	NA	NA	NA	NA	NA	NA	NA	NA	NA	NA	NA	NA	NA	NA	NA	NA	NA	NA	NA	NA	NA	NA	NA	NA	NA	NA	NA	NA	NA	NA	NA	NA	NA	NA	NA	NA	NA	NA	NA	NA	NA	NA	NA	NA	NA	NA	NA	NA	NA	NA	NA	NA	NA	NA	NA	NA	NA	NA	NA	NA	NA	NA	NA	NA	NA	NA	NA	NA	NA	NA	NA	NA
CBM38	1.64279	3.68917	5.21972	6.30158	0.47178	0.42947	4.04873	28.36333	17.72297	21.83895	47.1401	24.78726	17.53968	17.33512	108.08497	115.27728	39.2892	76.3347	47.74101	25.00795	7.78985	16.77512	52.03528	36.80979	20.83909	6.74729	12.23531	21.92039	34.68562	29.63825	34.92709	33.24914	39.20457	27.95467	46.26643	12.48561	11.3412	19.76556	15.35341	15.87529	13.41431	36.08147	3.01015	NA	1.88577	NA	0.21343	0.74318	10.22094	NA	NA	NA	0.53538	1.52982	0.45943	0.19287	NA	0.57057	0.21292	1.2488	1.65601	1.57521	1.6046	0.79832	0.3861	1.82807	3.37476	0.82162	6.08265	17.08333	2.49218	2.08015	3.62238	0.98992	5.72099	6.70575	16.83332	1.24198	14.06453	7.12427	6.88135	14.58137	14.06796	12.28849	2.80686	7.64923	4.24395	10.65617	25.78002	42.29957	13.7122	21.9791	7.2135	4.83729	0.58172	2.64329	12.80885	13.33177	15.45784	9.59227	0.938	7.9639	13.76861	67.70949	66.5141	70.04179	48.02214	40.92709	40.21784	64.41182	NA	NA	0.65143	0.38136	0.43162	NA	0.87459	7.67586	1.16136	2.84258	3.50099	0.65522	5.78585	7.65448	43.36916	55.92608	58.14202	59.35774	1.9818	3.9037	2.78548	1.58441	62.28651	24.60743	14.08331	29.53676	3.27583	26.31195	20.05902	23.53352	9.25709	0.84484	2.85509	2.98122	62.2784	119.30731	99.21337	56.52571	52.92282	31.2677	47.07879	31.55835	29.2622	50.13567	34.40265	33.89819	19.73773	10.18825	18.09977	6.66562	7.02836	13.08295	12.08377	28.08292	NA	NA	0.32865	0.29876	5.44072	2.32489	3.05279	0.67639	16.75233	10.00143	15.37115	9.49283	32.00668	25.282	43.24815	22.85909	31.88331	32.41577	25.40372	25.59013	32.80194	89.16862	66.85116	68.21353	60.44758	54.38865	56.0134	49.01305	1.93953	1.35677	NA	NA	NA	0.45866	0.35398	NA	2.76471	NA	0.47775	0.7663	0.13434	0.40656	NA	NA	1.30147	0.51836	NA	NA	2.21375	2.746	1.5351	2.13023	13.46836	4.67587	12.64376	5.00685	NA	1.01402	NA	NA	NA	NA	NA	NA	NA	NA	NA	NA	NA	NA	NA	NA	NA	NA	NA	NA	NA	NA	NA	NA	NA	NA	NA	NA	NA	NA	NA	NA	NA	NA	NA	NA	NA	NA	NA	NA	NA	NA	NA	NA	NA	NA	NA	NA	NA	NA	NA	NA	NA	NA	NA	NA	NA	NA	NA	NA	NA	NA	NA	NA	NA	NA	NA	NA	NA	NA	NA	NA	NA	NA	NA	NA	NA	NA	NA	NA	NA	NA	NA	NA	NA	NA	NA	NA	NA	NA	NA	NA	NA	NA	NA	NA	NA	NA	NA	NA	NA	NA	NA	NA	NA	NA	NA	NA	NA	NA	NA	NA	NA	NA	NA	NA	NA	NA	NA	NA	NA	NA	NA	NA	NA	NA	NA	NA	NA	NA	NA	NA	NA	NA	NA	NA	NA	NA	NA	NA	NA	NA	NA	NA	NA	NA	NA	NA	NA	NA	NA	NA	NA	NA	NA	NA	NA
CBM4	110.12056	74.58238	117.35471	166.84962	111.20158	164.91542	111.2999	62.01865	112.00835	152.65784	89.60493	116.87627	119.44056	104.90822	176.45648	187.78056	218.33338	230.89848	196.98406	79.38396	77.14418	60.12915	52.9582	35.76262	48.46435	69.43789	77.61751	59.29001	13.67857	16.56072	18.81693	21.382	16.44117	25.71863	11.00794	29.05197	25.03797	48.32483	39.13485	46.20791	44.24679	19.86461	62.16416	46.59838	103.46946	101.32149	84.06984	7.26093	8.07963	6.98843	9.76382	7.21032	7.20768	13.29212	103.70411	59.83211	75.01197	96.68709	122.32548	158.49308	84.97758	52.34629	70.02327	158.74788	60.93924	198.21583	217.76134	207.17665	43.02491	20.0717	27.03861	17.24433	24.45239	44.39915	48.13012	27.49221	42.26016	32.59709	41.85251	45.67575	59.01338	41.32344	104.02533	70.38806	135.64805	164.28271	234.94041	81.62719	86.31055	82.6228	81.86612	111.54216	89.27345	127.68904	21.06975	5.7833	32.83681	50.85224	50.08699	20.97197	38.01187	62.60969	54.54616	59.32434	40.73738	55.34976	40.67743	75.70956	63.54503	64.22184	20.56118	30.55981	147.17833	23.29504	16.98408	60.14378	17.12399	123.07244	122.26046	237.03415	183.55254	149.30371	121.32197	66.84608	62.17032	54.10333	48.92051	35.95981	43.40757	58.37087	133.12513	105.45752	49.47625	103.89182	180.38921	136.74266	39.43774	38.5071	33.23451	84.06144	64.60326	102.02273	149.38195	119.27636	110.63647	113.68273	87.99483	82.23496	34.12722	48.63409	77.48862	79.28888	69.30579	128.97979	64.72491	72.2054	59.4749	60.10628	38.61892	30.32123	114.22897	94.5037	89.29507	83.43392	80.81303	100.36618	81.22536	95.25081	24.503	33.02545	46.85859	69.7967	25.8546	30.0793	70.42676	20.58947	29.15178	16.80978	34.0946	38.73429	23.2671	46.99399	37.37975	22.84658	27.71396	49.2744	27.92513	55.33405	84.5543	65.79319	79.17311	63.70381	10.03033	5.22473	19.26737	10.53318	NA	8.45437	8.86127	4.98319	76.56955	97.05871	129.38478	136.80089	2.50375	8.95073	9.51859	7.90829	187.51703	74.31388	135.86641	63.88255	136.41408	68.02666	201.6625	84.76322	29.11988	26.64197	63.15183	58.79486	175.42597	141.56542	NA	NA	NA	NA	NA	NA	NA	NA	NA	NA	NA	NA	NA	NA	NA	NA	NA	NA	NA	NA	NA	NA	NA	NA	NA	NA	NA	NA	NA	NA	NA	NA	NA	NA	NA	NA	NA	NA	NA	NA	NA	NA	NA	NA	NA	NA	NA	NA	NA	NA	NA	NA	NA	NA	NA	NA	NA	NA	NA	NA	NA	NA	NA	NA	NA	NA	NA	NA	NA	NA	NA	NA	NA	NA	NA	NA	NA	NA	NA	NA	NA	NA	NA	NA	NA	NA	NA	NA	NA	NA	NA	NA	NA	NA	NA	NA	NA	NA	NA	NA	NA	NA	NA	NA	NA	NA	NA	NA	NA	NA	NA	NA	NA	NA	NA	NA	NA	NA	NA	NA	NA	NA	NA	NA	NA	NA	NA	NA	NA	NA	NA	NA	NA	NA	NA	NA	NA	NA	NA	NA	NA	NA	NA	NA	NA	NA	NA	NA	NA	NA	NA	NA	NA	NA	NA
CBM40	6.92995	5.74287	16.15369	10.93527	1.44446	1.46334	4.76146	4.52224	5.50635	2.96711	2.99349	1.40868	1.41148	2.85874	29.14094	12.11941	17.63345	16.17168	8.88712	15.29233	61.41198	62.72105	34.55616	38.6527	11.14127	15.7461	9.46413	25.91042	13.90574	20.14027	11.70773	10.38967	17.35092	7.41526	10.54607	6.36926	4.58873	1.6514	3.70085	8.38609	6.51019	18.61056	4.68957	11.76257	4.00011	8.28137	5.40179	28.16184	28.67801	14.01174	4.85595	6.57602	8.46534	16.71511	1.33852	4.97735	1.67928	1.66754	0.89808	1.75094	1.95677	2.77576	4.93829	2.58016	3.6214	2.97751	4.69587	4.83731	4.37258	6.43608	4.61517	4.60463	5.06878	1.04813	2.49452	5.68226	5.34851	6.7992	3.61894	3.31456	6.70856	10.11912	12.34795	10.18727	3.85534	3.30317	1.54141	8.09533	4.37751	8.43131	14.59426	6.20904	6.53666	8.79405	10.75368	37.99412	5.05849	8.1721	8.99963	6.59923	7.35306	6.12547	8.29261	7.97982	12.4616	4.60591	14.4604	6.13373	8.99535	15.16359	9.37438	5.11059	3.85854	40.58668	21.87783	34.7483	47.00637	13.08083	10.22907	5.67274	6.5538	3.20666	3.63244	16.40876	7.12802	5.10807	0.40062	0.73234	11.81038	3.47563	3.66631	0.94876	6.18241	3.19067	1.23637	0.69947	35.83765	36.05523	53.89905	6.85902	10.54598	13.79711	9.99625	8.15642	20.10907	13.24253	12.67553	19.00237	25.61949	18.55274	3.38982	15.89815	20.90419	4.13777	2.43223	3.59395	35.14303	37.93595	6.70265	17.0261	4.55069	0.96629	2.88788	6.80049	16.87085	12.45605	8.0713	12.79055	20.06581	8.55203	6.8719	5.48561	5.18859	2.5766	6.12371	8.63159	3.89017	3.12506	2.4841	1.19215	4.87408	1.18282	0.46835	1.93945	15.20409	4.16723	7.09209	NA	25.24954	19.34234	15.08277	15.38208	8.1993	3.75782	2.12981	0.64727	NA	4.57671	15.62806	21.35949	3.21049	2.82675	1.86552	1.00243	6.28332	14.39502	6.19178	2.28502	1.1635	1.63292	0.85227	NA	3.89605	4.73244	4.81414	22.55679	6.15181	12.66983	7.57949	4.37431	4.2775	5.63426	NA	NA	NA	NA	NA	NA	NA	NA	NA	NA	NA	NA	NA	NA	NA	NA	NA	NA	NA	NA	NA	NA	NA	NA	NA	NA	NA	NA	NA	NA	NA	NA	NA	NA	NA	NA	NA	NA	NA	NA	NA	NA	NA	NA	NA	NA	NA	NA	NA	NA	NA	NA	NA	NA	NA	NA	NA	NA	NA	NA	NA	NA	NA	NA	NA	NA	NA	NA	NA	NA	NA	NA	NA	NA	NA	NA	NA	NA	NA	NA	NA	NA	NA	NA	NA	NA	NA	NA	NA	NA	NA	NA	NA	NA	NA	NA	NA	NA	NA	NA	NA	NA	NA	NA	NA	NA	NA	NA	NA	NA	NA	NA	NA	NA	NA	NA	NA	NA	NA	NA	NA	NA	NA	NA	NA	NA	NA	NA	NA	NA	NA	NA	NA	NA	NA	NA	NA	NA	NA	NA	NA	NA	NA	NA	NA	NA	NA	NA	NA	NA	NA	NA	NA	NA	NA
CBM41	10.46154	5.4702	19.84529	24.39812	23.6474	16.91875	23.39468	31.43396	22.79615	20.64853	45.59886	32.75083	51.70124	36.5163	1.64982	3.7387	1.32451	0.6222	5.04852	4.79874	16.47196	9.91114	8.69343	11.40775	3.71466	2.90883	3.3396	9.73487	12.77506	2.83901	NA	0.4663	1.87316	1.9027	NA	12.54377	34.16211	14.22009	35.40453	30.23772	34.87042	0.66498	8.53065	9.4087	4.97432	7.00615	3.93546	NA	1.31738	0.94501	2.05737	NA	0.53702	NA	27.52852	9.43895	26.63122	15.38478	14.08451	14.43984	34.45708	11.60749	39.01426	12.20959	14.09198	18.1886	18.3243	27.5293	52.727	50.78111	20.16656	60.54667	30.16469	44.08543	60.11017	7.75528	7.5654	30.87141	27.63057	41.03721	4.30395	9.02705	9.14777	14.70867	25.12173	25.8625	0.26519	1.25811	0.52542	1.95622	NA	1.20552	1.00808	2.64165	NA	NA	0.8876	0.67609	NA	NA	1.03703	NA	0.25153	16.60198	44.49185	44.96379	16.93429	30.55878	9.57343	15.6556	0.40875	4.22314	7.32785	20.8592	11.2961	3.79181	1.86347	3.57958	5.49115	6.88026	9.16625	8.45755	2.30873	6.07847	19.72114	20.89243	18.48988	14.16332	6.58282	5.18581	11.89934	8.87251	30.43141	14.07686	23.79747	22.0825	1.00804	4.40748	3.67893	1.57722	4.27024	6.75076	4.34341	4.34061	0.69869	0.10223	3.94739	2.1759	10.82406	13.18052	3.38264	1.73728	0.09161	0.24264	NA	0.72937	1.62163	1.11334	0.2795	4.59605	5.04419	2.81814	8.08896	24.451	0.5253	2.53074	7.05032	2.87712	39.59123	51.38864	33.38241	17.46579	34.96909	14.96648	17.38366	24.21447	1.83668	0.71775	1.8058	0.46883	4.77733	16.80881	24.69387	19.4738	1.09798	2.73455	1.93961	32.16573	13.90609	11.44721	0.65373	8.29598	1.99281	1.86103	4.55101	6.77159	NA	2.2698	3.00463	0.99337	5.23807	1.91696	7.7967	3.35334	1.06012	0.13739	1.24786	NA	16.1458	11.19646	9.83286	7.22674	23.62	35.273	8.37156	6.85566	0.79539	2.8445	10.20888	5.83959	17.54062	10.46435	NA	NA	NA	NA	NA	NA	NA	NA	NA	NA	NA	NA	NA	NA	NA	NA	NA	NA	NA	NA	NA	NA	NA	NA	NA	NA	NA	NA	NA	NA	NA	NA	NA	NA	NA	NA	NA	NA	NA	NA	NA	NA	NA	NA	NA	NA	NA	NA	NA	NA	NA	NA	NA	NA	NA	NA	NA	NA	NA	NA	NA	NA	NA	NA	NA	NA	NA	NA	NA	NA	NA	NA	NA	NA	NA	NA	NA	NA	NA	NA	NA	NA	NA	NA	NA	NA	NA	NA	NA	NA	NA	NA	NA	NA	NA	NA	NA	NA	NA	NA	NA	NA	NA	NA	NA	NA	NA	NA	NA	NA	NA	NA	NA	NA	NA	NA	NA	NA	NA	NA	NA	NA	NA	NA	NA	NA	NA	NA	NA	NA	NA	NA	NA	NA	NA	NA	NA	NA	NA	NA	NA	NA	NA	NA	NA	NA	NA	NA	NA	NA	NA	NA	NA	NA	NA
CBM42	11.41691	7.81649	14.31888	9.25903	12.24539	24.02748	4.43069	4.08635	5.46901	19.04801	21.19075	41.7849	52.02885	6.55988	NA	NA	NA	NA	NA	NA	NA	1.34809	0.62429	2.53353	9.74972	6.42011	9.12578	1.66403	2.93597	1.73739	4.33815	13.77929	2.08116	5.25562	4.36005	3.36875	2.79126	14.48304	20.88032	25.24944	23.7408	1.77721	1.63774	3.31855	5.56797	8.7684	3.72131	NA	1.13432	1.91167	2.99804	5.03134	3.4125	NA	13.03779	10.29485	18.77827	12.02743	16.43413	28.90436	18.99185	2.41093	4.3589	19.82444	86.95015	48.34105	3.06268	26.44173	3.48014	3.14255	2.99458	1.71068	4.30734	1.86886	2.11669	0.96712	2.30249	2.67227	10.12127	8.38568	28.40986	NA	2.15646	2.87352	27.21718	50.06125	98.67942	61.89877	29.90277	4.78149	6.65959	7.83065	13.64707	24.01335	2.36949	4.98121	2.80699	4.39935	5.07529	3.87445	8.19582	4.16704	5.39065	2.5621	6.08542	42.91767	18.98048	9.05317	18.74928	1.33433	9.56821	4.83062	1.20201	5.09486	10.52836	14.22131	5.54533	2.42878	1.66482	4.42816	1.78966	4.56606	0.19405	0.56746	6.21102	2.86202	13.49339	21.85934	9.53195	2.58783	3.30343	2.64354	2.53533	6.68354	11.15353	7.64024	3.92971	4.68326	5.10223	7.48211	3.08222	0.92952	0.645	1.1111	0.52791	NA	1.38986	0.85305	NA	1.3216	1.20548	1.92997	4.57889	1.00428	8.33869	5.45423	2.90589	1.65939	15.46082	13.91975	0.67314	6.62711	3.56403	2.5923	1.83139	0.76832	1.48678	2.78505	2.63905	2.19634	3.16234	1.33541	NA	4.68087	0.8643	1.1734	4.13765	6.69801	4.94246	7.67522	3.38499	6.68688	2.04873	3.36973	1.31398	2.67926	3.25156	NA	7.08071	3.74479	8.14112	5.30703	0.30035	NA	NA	NA	NA	0.14991	NA	0.16254	2.14291	2.18986	3.47373	3.21471	1.85142	2.4965	0.15714	1.95576	14.22071	6.85251	2.65136	5.94027	4.33303	1.7772	2.94818	1.5037	2.87865	3.54293	2.55879	4.94631	10.44112	13.14785	NA	NA	NA	NA	NA	NA	NA	NA	NA	NA	NA	NA	NA	NA	NA	NA	NA	NA	NA	NA	NA	NA	NA	NA	NA	NA	NA	NA	NA	NA	NA	NA	NA	NA	NA	NA	NA	NA	NA	NA	NA	NA	NA	NA	NA	NA	NA	NA	NA	NA	NA	NA	NA	NA	NA	NA	NA	NA	NA	NA	NA	NA	NA	NA	NA	NA	NA	NA	NA	NA	NA	NA	NA	NA	NA	NA	NA	NA	NA	NA	NA	NA	NA	NA	NA	NA	NA	NA	NA	NA	NA	NA	NA	NA	NA	NA	NA	NA	NA	NA	NA	NA	NA	NA	NA	NA	NA	NA	NA	NA	NA	NA	NA	NA	NA	NA	NA	NA	NA	NA	NA	NA	NA	NA	NA	NA	NA	NA	NA	NA	NA	NA	NA	NA	NA	NA	NA	NA	NA	NA	NA	NA	NA	NA	NA	NA	NA	NA	NA	NA	NA	NA	NA	NA	NA
CBM44	NA	2.01737	NA	NA	0.51316	NA	0.97153	NA	NA	0.45201	0.96701	NA	NA	NA	NA	NA	NA	NA	NA	NA	NA	NA	NA	NA	NA	NA	NA	NA	1.32007	2.68354	NA	0.42287	NA	NA	NA	NA	NA	NA	NA	NA	NA	NA	NA	NA	NA	NA	NA	NA	NA	NA	NA	NA	NA	NA	NA	0.83575	3.41613	1.23621	3.05563	0.8881	1.71536	NA	NA	NA	NA	NA	NA	NA	NA	NA	NA	NA	NA	NA	NA	NA	NA	0.43446	NA	NA	NA	NA	NA	NA	NA	NA	NA	NA	NA	2.6005	0.99273	0.86644	NA	NA	NA	NA	NA	NA	NA	NA	NA	NA	NA	NA	1.8783	1.30404	NA	NA	NA	NA	NA	NA	NA	NA	NA	NA	NA	NA	NA	NA	0.45343	NA	NA	NA	1.61005	NA	0.37953	0.35039	NA	NA	NA	NA	NA	0.34235	NA	NA	NA	NA	NA	NA	NA	NA	NA	NA	NA	NA	NA	NA	NA	NA	NA	NA	NA	NA	NA	NA	NA	NA	NA	NA	NA	NA	NA	NA	NA	NA	NA	NA	NA	NA	NA	NA	0.74006	NA	0.38618	NA	0.65749	NA	NA	NA	NA	NA	NA	NA	NA	NA	NA	NA	NA	NA	NA	NA	NA	NA	NA	NA	NA	NA	NA	NA	NA	NA	NA	NA	NA	NA	NA	NA	0.67589	NA	0.33807	NA	NA	NA	NA	NA	NA	NA	NA	NA	NA	NA	NA	NA	NA	NA	NA	NA	NA	NA	NA	NA	NA	NA	NA	NA	NA	NA	NA	NA	NA	NA	NA	NA	NA	NA	NA	NA	NA	NA	NA	NA	NA	NA	NA	NA	NA	NA	NA	NA	NA	NA	NA	NA	NA	NA	NA	NA	NA	NA	NA	NA	NA	NA	NA	NA	NA	NA	NA	NA	NA	NA	NA	NA	NA	NA	NA	NA	NA	NA	NA	NA	NA	NA	NA	NA	NA	NA	NA	NA	NA	NA	NA	NA	NA	NA	NA	NA	NA	NA	NA	NA	NA	NA	NA	NA	NA	NA	NA	NA	NA	NA	NA	NA	NA	NA	NA	NA	NA	NA	NA	NA	NA	NA	NA	NA	NA	NA	NA	NA	NA	NA	NA	NA	NA	NA	NA	NA	NA	NA	NA	NA	NA	NA	NA	NA	NA	NA	NA	NA	NA	NA	NA	NA	NA	NA	NA	NA	NA	NA	NA	NA	NA	NA	NA	NA	NA
CBM47	NA	NA	NA	NA	NA	NA	NA	1.08296	1.0103	NA	0.37496	NA	0.87652	1.17827	NA	NA	NA	NA	0.16029	0.33936	0.17896	NA	NA	NA	NA	NA	NA	NA	NA	NA	NA	NA	NA	NA	NA	NA	NA	NA	NA	NA	NA	NA	NA	NA	NA	NA	NA	NA	NA	NA	NA	NA	NA	NA	NA	NA	0.17023	NA	NA	NA	NA	NA	NA	NA	NA	NA	NA	NA	NA	NA	NA	0.76434	NA	NA	0.18115	0.21647	NA	0.92542	0.17998	0.25397	NA	NA	NA	NA	NA	NA	NA	NA	NA	5.28216	3.73608	6.93183	0.60445	5.02747	NA	NA	NA	NA	NA	NA	NA	NA	NA	0.68282	1.33888	0.39643	0.26809	1.19378	NA	0.38101	4.29025	4.69355	NA	8.13684	5.42114	6.12888	13.46847	0.27271	2.15305	0.26181	0.82595	0.93321	3.76708	0.55915	0.5434	0.36698	NA	NA	0.22477	NA	NA	NA	0.33267	0.59659	NA	NA	2.72494	3.42287	2.36639	4.04096	1.30347	1.91061	NA	1.55301	NA	NA	NA	NA	NA	NA	NA	NA	NA	0.21381	NA	NA	NA	NA	NA	NA	NA	NA	NA	NA	4.5388	2.55859	NA	2.09391	0.13379	0.50999	NA	0.2516	0.28696	NA	NA	0.26315	NA	NA	0.2676	NA	NA	NA	NA	0.14251	NA	NA	NA	NA	3.66208	1.82992	0.39233	0.76272	NA	NA	NA	NA	NA	NA	NA	0.27093	NA	NA	NA	NA	NA	NA	NA	NA	NA	NA	NA	NA	0.13444	NA	NA	NA	NA	NA	NA	NA	NA	NA	NA	NA	NA	NA	NA	NA	NA	NA	NA	NA	NA	NA	NA	NA	NA	NA	NA	NA	NA	NA	NA	NA	NA	NA	NA	NA	NA	NA	NA	NA	NA	NA	NA	NA	NA	NA	NA	NA	NA	NA	NA	NA	NA	NA	NA	NA	NA	NA	NA	NA	NA	NA	NA	NA	NA	NA	NA	NA	NA	NA	NA	NA	NA	NA	NA	NA	NA	NA	NA	NA	NA	NA	NA	NA	NA	NA	NA	NA	NA	NA	NA	NA	NA	NA	NA	NA	NA	NA	NA	NA	NA	NA	NA	NA	NA	NA	NA	NA	NA	NA	NA	NA	NA	NA	NA	NA	NA	NA	NA	NA	NA	NA	NA	NA	NA	NA	NA	NA	NA	NA	NA	NA	NA	NA	NA	NA	NA	NA	NA	NA	NA	NA	NA	NA	NA	NA	NA	NA	NA	NA	NA	NA	NA	NA	NA	NA	NA	NA	NA	NA	NA	NA	NA	NA	NA
CBM48	908.33576	969.13487	974.4951	939.49763	832.2219	984.05159	997.70448	1206.43026	1320.93373	1211.02401	1184.60055	1131.14018	1168.73082	1215.87937	1004.36047	1009.61058	967.33668	988.68821	929.15468	912.87305	877.21945	943.39339	1092.25917	973.04962	949.5402	883.05779	871.13108	1100.99927	763.46092	914.39486	904.25637	974.91842	862.82584	1093.15122	824.02248	907.07569	1131.8779	971.99478	899.25786	1013.04808	1115.62629	885.37274	1156.18512	1034.69475	1029.50844	933.91802	915.50338	1004.15682	1190.71556	1191.69578	1155.93894	1072.04916	1042.26937	937.57741	951.10744	1030.53979	1151.96286	1118.6823	964.15683	1189.77413	1034.08032	691.30979	1080.28595	1186.8947	1108.56516	1054.98517	1075.22949	1037.03669	1155.07601	1057.88288	934.2089	1091.39413	967.49089	1041.52786	1231.65182	590.45958	787.74165	765.95168	837.37395	826.4921	725.06378	807.89383	848.84483	910.05072	887.51575	997.09033	1008.57858	872.60537	932.00844	982.24566	890.60546	969.74951	969.28165	918.29825	974.43702	1049.51346	716.51464	990.05564	980.79069	1095.26733	1052.50173	1000.33725	1018.27967	967.9891	1216.3887	1280.09241	1042.74972	1111.42053	916.67707	892.93243	865.63735	1194.89143	806.19019	1007.73707	985.01144	925.82066	897.05581	777.5359	817.82601	872.11216	854.34005	801.23255	754.10771	680.43652	981.85692	989.86752	1104.52918	1124.42624	856.84803	780.29828	820.57882	790.55912	1071.96429	1027.38175	1016.85097	1009.5319	722.38849	846.34628	820.69411	1002.49262	690.9487	731.61208	771.44018	783.93634	958.61245	1027.91138	795.74718	816.40538	877.62731	932.25204	924.46675	907.8256	774.29387	797.25641	930.81599	820.98456	854.10455	918.39579	747.30394	781.11199	946.4455	858.77874	812.37213	837.46178	858.0328	819.71906	851.16655	999.60541	746.05799	861.37521	793.50557	812.92698	862.53982	624.2968	754.33038	826.67494	1042.479	1003.1181	927.5334	896.82153	800.20604	1039.33561	810.25118	819.50549	899.97924	923.69349	985.32083	739.95975	1140.73065	1107.71079	1204.40754	986.25207	986.38729	1133.18402	1357.45472	1255.3589	643.26121	838.0717	774.77594	846.32117	975.91329	862.5503	853.22219	920.63267	1056.13895	1055.70063	867.4442	758.08856	840.27447	787.6029	894.1198	929.50106	799.24014	808.57149	745.24887	646.07583	907.42905	732.99521	896.85778	944.40505	1097.24493	982.28548	NA	NA	NA	NA	NA	NA	NA	NA	NA	NA	NA	NA	NA	NA	NA	NA	NA	NA	NA	NA	NA	NA	NA	NA	NA	NA	NA	NA	NA	NA	NA	NA	NA	NA	NA	NA	NA	NA	NA	NA	NA	NA	NA	NA	NA	NA	NA	NA	NA	NA	NA	NA	NA	NA	NA	NA	NA	NA	NA	NA	NA	NA	NA	NA	NA	NA	NA	NA	NA	NA	NA	NA	NA	NA	NA	NA	NA	NA	NA	NA	NA	NA	NA	NA	NA	NA	NA	NA	NA	NA	NA	NA	NA	NA	NA	NA	NA	NA	NA	NA	NA	NA	NA	NA	NA	NA	NA	NA	NA	NA	NA	NA	NA	NA	NA	NA	NA	NA	NA	NA	NA	NA	NA	NA	NA	NA	NA	NA	NA	NA	NA	NA	NA	NA	NA	NA	NA	NA	NA	NA	NA	NA	NA	NA	NA	NA	NA	NA	NA	NA	NA	NA	NA	NA	NA
CBM5	9.18281	9.41986	5.31018	4.67754	11.44575	8.0711	7.25049	6.07857	5.64901	5.34826	1.78271	4.92793	2.95722	3.56324	NA	NA	1.21838	NA	1.67103	1.24716	7.69114	9.62299	14.10805	12.41018	3.01036	1.15671	3.68039	7.79636	7.65984	10.47065	5.80286	2.85472	8.27049	6.21375	17.16448	2.78449	3.93226	5.9657	1.67752	14.76284	15.60334	5.25112	5.40542	4.18008	5.64906	6.99392	2.85281	5.71308	6.08558	0.50266	1.14694	NA	2.00349	NA	3.18485	8.15896	14.14526	6.47815	12.93021	2.61262	4.66866	7.49629	3.89731	9.62892	7.01657	13.12641	10.82771	19.62177	7.91172	10.7151	5.30412	11.16567	5.83464	12.771	9.60964	10.14863	12.71428	6.83289	7.36402	7.91682	6.75164	11.12514	1.15844	NA	2.16971	1.18628	0.58588	1.14922	1.03779	8.19389	2.43547	2.92603	1.79177	NA	NA	1.72959	1.73895	NA	NA	2.28083	0.61581	NA	1.21669	2.78279	2.4139	5.28187	NA	2.42249	1.71862	5.90792	22.64437	5.04764	NA	7.05565	4.40457	6.28332	2.94083	4.15224	2.87968	0.59746	NA	1.09569	2.26879	1.11745	5.02527	1.92131	1.54523	0.94001	6.17909	5.8814	6.72106	4.33995	6.31682	6.80735	3.32281	3.09581	2.21671	5.45555	7.08092	2.9325	NA	2.76457	1.34549	1.26995	3.17441	2.86736	5.04756	NA	7.15923	14.9051	3.20688	3.41623	6.72774	1.40932	NA	0.41378	1.73056	1.75283	1.97601	NA	7.86914	4.82353	6.84919	5.13776	3.28646	6.1512	7.5086	3.5095	3.86705	9.952	3.44514	2.8322	14.58048	8.83073	5.24971	4.64667	1.93531	3.65607	1.71435	3.13834	1.41575	3.64282	6.85157	1.61935	1.54184	1.20074	1.26887	NA	10.74542	23.77333	10.38296	4.19753	NA	NA	6.11847	NA	NA	0.41336	2.03427	NA	0.83485	2.25018	6.80138	2.1242	2.82698	2.36498	NA	1.49097	7.43715	4.98067	1.21095	1.37557	14.72162	21.49357	17.26914	22.23415	5.1418	5.93598	3.14841	3.08487	10.6768	5.44317	NA	NA	NA	NA	NA	NA	NA	NA	NA	NA	NA	NA	NA	NA	NA	NA	NA	NA	NA	NA	NA	NA	NA	NA	NA	NA	NA	NA	NA	NA	NA	NA	NA	NA	NA	NA	NA	NA	NA	NA	NA	NA	NA	NA	NA	NA	NA	NA	NA	NA	NA	NA	NA	NA	NA	NA	NA	NA	NA	NA	NA	NA	NA	NA	NA	NA	NA	NA	NA	NA	NA	NA	NA	NA	NA	NA	NA	NA	NA	NA	NA	NA	NA	NA	NA	NA	NA	NA	NA	NA	NA	NA	NA	NA	NA	NA	NA	NA	NA	NA	NA	NA	NA	NA	NA	NA	NA	NA	NA	NA	NA	NA	NA	NA	NA	NA	NA	NA	NA	NA	NA	NA	NA	NA	NA	NA	NA	NA	NA	NA	NA	NA	NA	NA	NA	NA	NA	NA	NA	NA	NA	NA	NA	NA	NA	NA	NA	NA	NA	NA	NA	NA	NA	NA	NA
CBM50	1571.53506	1484.13993	1472.81538	1526.8438	1252.47218	1520.33094	1516.95842	1660.48804	1591.87857	1589.52819	1673.59645	1709.1633	1587.65945	1394.48074	1583.21214	1625.37182	1617.46156	1574.66099	1685.86486	1604.71464	1861.21962	1728.37856	1691.03141	1505.73149	1411.03096	1502.1881	1464.35327	1392.25642	1512.19276	1362.46717	1505.44141	1560.23462	1561.00582	1547.94274	1451.20823	1574.86036	1641.40215	1642.54295	1784.57281	1557.33884	1640.61281	1540.76383	1282.9545	1448.0118	1601.07036	1458.5177	1387.45517	1494.39584	1712.07329	1616.00471	1553.31118	1525.73664	1458.8693	1596.4892	1568.80433	1529.92529	1595.07283	1643.20365	1602.87959	1675.43403	1668.09674	1239.53535	1355.92459	1810.94906	1772.33856	1493.38275	1640.93901	1463.18211	1707.14521	1868.3742	1605.77951	1568.79879	1625.78608	1510.08449	1627.16297	1417.22539	1554.51133	1503.58671	1406.81795	1388.07133	1497.59993	1424.88241	1600.16142	1610.38393	1499.4891	1492.66321	1502.11849	1608.75321	1633.84508	1587.7917	1568.71559	1710.83692	1623.59702	1729.00743	1550.52871	1425.74591	1047.24948	1493.45178	1620.71459	1755.78236	1557.77958	1399.38619	1508.3071	1555.07579	1762.20053	1729.98476	1687.39636	1594.53482	1640.69991	1588.63608	1373.98696	1401.58364	1472.58236	1390.68365	1459.68252	1459.51734	1423.94152	1540.04718	1535.61048	1444.66787	1540.02969	1536.33656	1648.56438	1481.13357	1407.06375	1443.75539	1372.80838	1510.9775	1436.53474	1346.96791	1430.12643	1472.59831	1356.98914	1391.31982	1472.27784	1407.92726	1594.1067	1509.64171	1535.77083	1406.74153	1506.47664	1472.67442	1397.47852	1474.77296	1397.97222	1450.26724	1168.23843	1368.66947	1514.63545	1378.12241	1264.13242	1422.72642	1443.96398	1385.7678	1402.9533	1356.26986	1439.40249	1431.0994	1348.66956	1587.50131	1389.67839	1335.94379	1419.27648	1510.1162	1467.69941	1306.55676	1526.74611	1500.24049	1526.15523	1512.21316	1398.45418	1413.13842	1308.54292	1340.6146	1183.42237	1316.73426	1443.35762	1581.70489	1367.16522	1423.54366	1539.46987	1421.61637	1479.87845	1568.46999	1541.33926	1362.94477	1489.79657	1280.40323	1571.05743	1549.22085	1433.34067	1489.26556	1510.82856	1381.96974	1477.12776	1302.21371	1231.24554	1494.31594	1382.34859	1327.5683	1356.62791	1304.0702	1292.75932	1415.88215	1335.546	1342.65167	1377.9751	1396.14123	1399.58281	1464.72388	1445.55486	1349.39609	1512.42375	1257.14438	1213.75435	1008.64128	1236.66897	1216.66696	1489.60071	1567.84208	1423.99292	1443.54087	NA	NA	NA	NA	NA	NA	NA	NA	NA	NA	NA	NA	NA	NA	NA	NA	NA	NA	NA	NA	NA	NA	NA	NA	NA	NA	NA	NA	NA	NA	NA	NA	NA	NA	NA	NA	NA	NA	NA	NA	NA	NA	NA	NA	NA	NA	NA	NA	NA	NA	NA	NA	NA	NA	NA	NA	NA	NA	NA	NA	NA	NA	NA	NA	NA	NA	NA	NA	NA	NA	NA	NA	NA	NA	NA	NA	NA	NA	NA	NA	NA	NA	NA	NA	NA	NA	NA	NA	NA	NA	NA	NA	NA	NA	NA	NA	NA	NA	NA	NA	NA	NA	NA	NA	NA	NA	NA	NA	NA	NA	NA	NA	NA	NA	NA	NA	NA	NA	NA	NA	NA	NA	NA	NA	NA	NA	NA	NA	NA	NA	NA	NA	NA	NA	NA	NA	NA	NA	NA	NA	NA	NA	NA	NA	NA	NA	NA	NA	NA	NA	NA	NA	NA	NA	NA
CBM51	83.67422	75.94884	90.95783	97.11255	63.82549	140.79312	113.76102	101.12464	136.47715	121.94886	117.84061	136.80399	133.32242	135.08698	118.84111	105.2583	222.74204	102.82723	75.24889	303.74988	397.9683	110.7961	107.81656	81.31192	35.35447	45.9973	41.15434	81.09491	111.25109	68.21708	87.93271	106.31216	103.67556	121.67646	100.54559	69.3562	32.18638	50.65829	59.22502	64.71134	47.73699	104.10345	70.13642	96.14108	94.11404	74.2618	89.99488	69.43324	91.7279	53.48165	49.75386	52.77615	33.64475	60.98056	64.9431	57.39971	81.55603	53.3401	59.93662	87.80453	83.29927	77.91268	100.38032	66.3221	63.72312	55.38524	120.16689	60.14893	82.74967	111.19085	57.80785	111.45224	95.65996	110.36234	68.66134	261.4923	180.5813	254.37851	126.89054	135.30036	171.67606	172.79388	121.99975	138.53878	147.4938	111.11856	111.99718	116.26364	109.44913	98.21098	107.83185	59.2082	97.05493	94.05871	262.92504	93.9741	59.60867	107.02653	57.53233	54.65036	50.28511	45.63087	95.64428	102.10517	87.23835	93.26679	83.71977	74.76748	81.13335	96.47313	73.32166	57.61413	51.61807	79.79495	80.25331	71.56393	128.83609	96.05875	87.45617	63.8401	86.8447	40.93601	54.08484	183.81441	118.97068	98.93304	76.36587	65.65985	74.66713	63.48114	69.72977	51.76441	123.08087	84.8553	95.77303	113.57699	109.6845	111.23871	93.6083	68.90388	121.10561	88.95184	56.72579	63.53464	107.03245	89.39363	24.87137	96.8718	84.9118	58.33189	34.18941	48.63256	146.60811	95.61822	106.35688	114.31803	87.16544	97.34277	114.77377	93.0316	58.86532	50.52017	75.08135	79.99239	138.38937	100.19151	69.98083	95.38284	112.33541	110.21877	87.13836	88.41128	135.00897	168.33253	125.22617	159.23263	82.44699	133.89102	96.17518	143.11495	77.27809	67.78577	62.51933	97.00755	132.93409	89.40731	72.80851	254.41376	104.41503	97.73404	102.57318	92.74116	65.15509	49.84259	11.98868	5.14376	NA	22.47933	61.70025	65.82438	105.20134	105.23846	88.77779	85.74973	29.61614	34.94101	130.48354	141.56132	70.38941	54.49943	53.45765	26.48159	55.34829	79.42251	56.71311	78.97968	96.32472	144.33849	96.23566	79.36979	79.51948	113.6299	NA	NA	NA	NA	NA	NA	NA	NA	NA	NA	NA	NA	NA	NA	NA	NA	NA	NA	NA	NA	NA	NA	NA	NA	NA	NA	NA	NA	NA	NA	NA	NA	NA	NA	NA	NA	NA	NA	NA	NA	NA	NA	NA	NA	NA	NA	NA	NA	NA	NA	NA	NA	NA	NA	NA	NA	NA	NA	NA	NA	NA	NA	NA	NA	NA	NA	NA	NA	NA	NA	NA	NA	NA	NA	NA	NA	NA	NA	NA	NA	NA	NA	NA	NA	NA	NA	NA	NA	NA	NA	NA	NA	NA	NA	NA	NA	NA	NA	NA	NA	NA	NA	NA	NA	NA	NA	NA	NA	NA	NA	NA	NA	NA	NA	NA	NA	NA	NA	NA	NA	NA	NA	NA	NA	NA	NA	NA	NA	NA	NA	NA	NA	NA	NA	NA	NA	NA	NA	NA	NA	NA	NA	NA	NA	NA	NA	NA	NA	NA	NA	NA	NA	NA	NA	NA
CBM54	10.44839	17.93129	31.26963	18.39885	7.44146	3.35398	22.65821	14.51511	27.92558	19.06657	19.69151	12.60907	15.52137	28.8283	5.01705	2.87715	8.8261	2.41208	2.45737	5.2493	7.46618	5.87072	21.03586	6.42917	4.55918	3.10893	3.18705	1.69452	59.22913	31.08371	26.21252	39.1683	59.96139	11.57463	36.13689	2.44682	0.21791	0.41098	1.95379	NA	1.53319	49.67499	11.81016	12.82941	8.0854	8.01672	8.77067	2.25575	6.92862	0.96766	0.88786	1.76972	0.44906	5.13413	1.29299	3.71632	1.63709	3.87322	3.07236	1.92072	3.19829	15.32129	8.41608	47.51493	23.26465	31.43154	26.55331	35.67478	21.71524	14.41909	19.195	16.58049	14.14627	13.53068	14.99355	5.29165	15.18904	4.9393	14.24823	15.67473	9.71953	15.99606	8.96121	14.47508	22.00896	20.72429	2.82375	0.96954	1.78431	27.89604	43.03647	28.94275	32.28473	28.67683	18.47383	8.58149	3.33037	6.3709	2.70603	6.836	5.44634	9.13818	12.15596	12.2182	7.34794	1.5399	9.28922	4.66436	2.4045	5.70227	8.60326	12.67978	21.35217	11.94313	8.94914	22.4229	16.1814	22.37481	24.40036	39.0134	34.83153	19.72917	12.5966	15.85196	6.51514	8.71855	1.40314	2.07514	7.0007	5.06919	15.30411	2.3747	19.51835	26.99541	12.35006	36.56776	10.93735	5.278	3.27419	3.03237	11.94241	33.6026	14.89413	17.07326	16.0017	16.60731	5.1291	13.86949	6.36359	9.25331	1.78969	2.62543	4.12545	4.5005	1.51138	6.75724	18.85222	23.26692	81.9082	78.85043	20.05144	5.8558	11.50647	6.28995	14.85838	8.43283	16.56003	14.39338	44.41868	36.54371	31.19439	37.73928	11.00527	8.89252	14.03729	13.61699	3.16763	6.17189	5.95726	4.87413	7.01391	1.804	0.38583	0.47422	10.69236	3.72328	4.38947	NA	3.87094	13.68512	6.31	8.4665	7.54541	1.21484	NA	NA	NA	3.189	5.02962	2.9535	10.32958	6.22691	9.18277	3.19591	0.78749	3.62281	0.81994	0.78622	12.50954	6.10882	11.40027	4.68411	32.86767	31.93198	36.79206	72.83052	12.61709	30.24935	2.43949	1.62035	6.29677	10.09573	NA	NA	NA	NA	NA	NA	NA	NA	NA	NA	NA	NA	NA	NA	NA	NA	NA	NA	NA	NA	NA	NA	NA	NA	NA	NA	NA	NA	NA	NA	NA	NA	NA	NA	NA	NA	NA	NA	NA	NA	NA	NA	NA	NA	NA	NA	NA	NA	NA	NA	NA	NA	NA	NA	NA	NA	NA	NA	NA	NA	NA	NA	NA	NA	NA	NA	NA	NA	NA	NA	NA	NA	NA	NA	NA	NA	NA	NA	NA	NA	NA	NA	NA	NA	NA	NA	NA	NA	NA	NA	NA	NA	NA	NA	NA	NA	NA	NA	NA	NA	NA	NA	NA	NA	NA	NA	NA	NA	NA	NA	NA	NA	NA	NA	NA	NA	NA	NA	NA	NA	NA	NA	NA	NA	NA	NA	NA	NA	NA	NA	NA	NA	NA	NA	NA	NA	NA	NA	NA	NA	NA	NA	NA	NA	NA	NA	NA	NA	NA	NA	NA	NA	NA	NA	NA
CBM56	NA	0.23956	2.37866	NA	0.51179	0.22666	0.70651	NA	0.64328	0.45601	NA	0.87789	NA	1.28844	NA	NA	NA	NA	NA	NA	NA	NA	NA	NA	NA	NA	NA	NA	0.41802	NA	NA	0.20086	NA	0.44065	NA	NA	0.42117	NA	0.41795	1.09866	1.623	NA	NA	NA	NA	NA	NA	NA	NA	NA	NA	NA	NA	NA	NA	0.40657	NA	0.39147	0.20937	0.42539	0.41442	0.50751	0.95285	0.19256	1.11755	NA	0.57474	0.80606	NA	NA	NA	NA	NA	0.20547	0.44146	0.43657	NA	0.23303	0.22097	NA	NA	0.41958	NA	NA	NA	NA	0.44987	NA	0.8274	1.23524	NA	1.02889	NA	NA	NA	NA	1.16835	0.52749	1.03935	0.76622	2.89623	0.42967	1.65726	0.22161	0.44985	0.16209	NA	0.42394	0.45434	1.43707	0.42909	1.72778	NA	1.06869	2.23064	0.45314	0.44832	NA	NA	NA	NA	NA	NA	NA	0.45886	0.33623	0.45544	0.33287	0.93491	NA	0.69235	0.32665	NA	0.67427	0.66949	NA	NA	NA	NA	NA	NA	NA	NA	NA	NA	NA	NA	NA	NA	NA	NA	NA	NA	NA	NA	NA	NA	NA	NA	NA	NA	NA	0.51881	NA	NA	NA	NA	NA	0.17022	NA	NA	NA	0.37453	0.68292	NA	0.33942	0.31231	NA	0.65783	0.33465	NA	NA	NA	NA	NA	NA	NA	NA	0.33017	0.34807	0.50571	NA	NA	NA	NA	NA	NA	NA	NA	NA	NA	NA	NA	NA	NA	NA	NA	NA	2.14166	1.06241	0.16761	0.16301	0.9138	0.46249	NA	NA	1.25102	2.78079	0.7394	1.40024	NA	NA	NA	NA	NA	NA	NA	NA	NA	NA	NA	NA	NA	NA	NA	NA	NA	NA	NA	NA	NA	NA	NA	NA	NA	NA	NA	NA	NA	NA	NA	NA	NA	NA	NA	NA	NA	NA	NA	NA	NA	NA	NA	NA	NA	NA	NA	NA	NA	NA	NA	NA	NA	NA	NA	NA	NA	NA	NA	NA	NA	NA	NA	NA	NA	NA	NA	NA	NA	NA	NA	NA	NA	NA	NA	NA	NA	NA	NA	NA	NA	NA	NA	NA	NA	NA	NA	NA	NA	NA	NA	NA	NA	NA	NA	NA	NA	NA	NA	NA	NA	NA	NA	NA	NA	NA	NA	NA	NA	NA	NA	NA	NA	NA	NA	NA	NA	NA	NA	NA	NA	NA	NA	NA	NA	NA	NA	NA	NA	NA	NA	NA	NA	NA	NA	NA	NA	NA	NA	NA	NA	NA	NA	NA	NA	NA	NA	NA	NA	NA	NA	NA	NA	NA	NA	NA	NA
CBM57	109.43273	64.71968	18.56838	75.09479	125.78546	79.09101	53.10672	79.64891	64.23932	70.32057	86.82672	63.08023	81.89315	24.14262	113.81466	101.67066	107.5134	121.34101	111.01203	53.42735	36.83832	9.1468	28.3164	18.14547	32.83081	45.38223	44.63962	22.9357	59.90903	46.26183	87.71338	84.48815	85.49019	69.31739	77.04884	29.95608	19.69533	41.64784	48.91921	49.45237	48.83223	69.86706	18.69677	16.04684	58.4369	20.17644	26.68922	98.39489	126.04429	105.65274	115.98755	128.38256	95.52743	79.15078	79.32078	179.58683	149.95221	162.65349	127.79151	132.95292	96.57279	17.31914	3.11754	33.86047	24.16991	16.87343	18.7724	10.07842	21.65266	32.32684	32.94695	17.25617	41.06932	24.15291	18.20182	26.28361	52.65625	3.26827	20.7343	21.53747	59.63108	66.32616	43.29821	61.46951	54.61769	40.43144	28.87951	39.49473	51.05038	74.83492	46.50607	83.94471	50.16151	22.99193	185.72337	48.39048	78.70656	77.27627	111.99853	97.80044	109.2571	108.10927	77.84963	83.9567	90.42084	124.34229	99.09087	126.17886	102.07528	77.42621	101.13527	48.41316	249.97975	53.37018	57.31163	45.14269	23.74394	100.8367	140.61739	108.83013	93.34193	260.62107	120.14278	18.24077	102.73499	115.27702	63.30799	63.28801	190.83839	186.60063	90.23852	307.20091	96.00403	45.44822	40.20895	71.90282	47.92575	33.36381	34.58161	37.14483	94.18594	34.31118	80.68853	169.93298	61.62353	76.1826	61.95575	43.54059	27.02987	17.64242	32.97937	20.70032	69.1053	70.60754	61.64169	66.62357	76.63171	49.55251	58.4256	24.53043	35.49766	58.1577	29.74865	51.56417	134.90898	126.68357	87.47266	108.75909	27.76068	13.97195	51.49658	14.84436	37.80106	29.20369	39.18152	23.81495	66.02585	85.63237	84.90677	70.0152	41.82754	33.41593	41.90178	44.49215	90.34112	77.53494	119.91565	NA	77.98786	62.03787	85.03418	62.61667	93.16953	138.37728	172.69868	133.07374	86.72515	432.65236	266.22153	95.88989	101.84548	56.28277	16.95659	32.80533	59.09637	65.62753	94.10781	102.08995	71.79343	114.43068	99.62003	225.68698	17.00444	7.60538	9.02729	1.78598	78.16425	30.6767	125.35493	73.93378	17.84844	28.03328	NA	NA	NA	NA	NA	NA	NA	NA	NA	NA	NA	NA	NA	NA	NA	NA	NA	NA	NA	NA	NA	NA	NA	NA	NA	NA	NA	NA	NA	NA	NA	NA	NA	NA	NA	NA	NA	NA	NA	NA	NA	NA	NA	NA	NA	NA	NA	NA	NA	NA	NA	NA	NA	NA	NA	NA	NA	NA	NA	NA	NA	NA	NA	NA	NA	NA	NA	NA	NA	NA	NA	NA	NA	NA	NA	NA	NA	NA	NA	NA	NA	NA	NA	NA	NA	NA	NA	NA	NA	NA	NA	NA	NA	NA	NA	NA	NA	NA	NA	NA	NA	NA	NA	NA	NA	NA	NA	NA	NA	NA	NA	NA	NA	NA	NA	NA	NA	NA	NA	NA	NA	NA	NA	NA	NA	NA	NA	NA	NA	NA	NA	NA	NA	NA	NA	NA	NA	NA	NA	NA	NA	NA	NA	NA	NA	NA	NA	NA	NA	NA	NA	NA	NA	NA	NA
CBM58	4.23841	6.89128	5.36626	10.08731	3.12702	1.17901	5.42452	14.91462	6.99419	13.06368	15.37067	21.5734	18.28861	1.76848	46.47127	76.45847	43.08335	79.17421	115.80235	35.12501	20.79676	7.46778	29.06453	22.12099	27.84114	35.48387	44.27512	9.08497	16.22131	7.94139	21.69096	19.83918	17.05134	14.15511	22.28939	35.36379	22.66392	82.00876	61.56514	54.20481	40.89317	23.44479	7.81408	18.4301	21.6228	21.72883	16.35089	52.06999	69.70929	36.29297	79.76035	51.78882	42.08668	52.04926	10.19521	6.9653	4.59248	6.34844	8.08128	8.83269	13.33483	8.59929	0.86604	16.87883	10.55029	7.77402	7.01631	6.15728	17.71291	18.34259	21.77896	11.48421	14.02311	10.47983	13.23004	10.34612	15.93856	0.67857	1.85783	10.29555	18.82081	13.46902	18.91264	20.9405	11.73725	9.60476	9.71648	13.39698	15.29302	NA	NA	NA	NA	NA	NA	NA	NA	NA	NA	NA	NA	NA	NA	18.9725	23.89652	32.04847	26.45397	34.2931	36.31094	24.12336	106.2359	71.00041	6.3672	88.62873	101.42079	43.61313	38.33496	8.81895	10.88421	5.70838	2.6447	3.13675	2.14208	5.37122	27.53398	26.57021	14.58292	15.54641	7.71229	4.25881	3.32313	4.92528	19.35914	8.09419	8.20714	15.41812	32.82582	36.34316	55.64901	46.13009	5.87256	3.08718	3.54395	6.55701	54.54698	64.12434	23.88607	51.15679	29.43305	19.04335	36.72482	15.43781	13.17184	19.26079	25.45226	22.37654	NA	NA	0.19151	NA	6.04056	13.11336	4.7427	7.53587	41.46563	55.90784	28.09954	38.54104	19.71258	11.06577	6.36232	5.37856	4.116	1.63319	5.5883	4.37396	19.91178	28.77275	28.79303	24.4774	55.61554	35.00487	60.96978	71.84102	47.70126	27.94114	29.50821	NA	40.94156	29.23934	54.12827	46.61634	6.17526	3.74494	0.16381	0.33228	NA	5.9908	7.92242	2.14508	21.9232	21.72776	37.11005	30.32772	27.88554	34.26008	24.34885	31.0038	4.70046	6.51958	0.91971	2.00669	12.20169	9.31474	3.91247	3.1552	NA	NA	NA	NA	6.18728	20.2109	NA	NA	NA	NA	NA	NA	NA	NA	NA	NA	NA	NA	NA	NA	NA	NA	NA	NA	NA	NA	NA	NA	NA	NA	NA	NA	NA	NA	NA	NA	NA	NA	NA	NA	NA	NA	NA	NA	NA	NA	NA	NA	NA	NA	NA	NA	NA	NA	NA	NA	NA	NA	NA	NA	NA	NA	NA	NA	NA	NA	NA	NA	NA	NA	NA	NA	NA	NA	NA	NA	NA	NA	NA	NA	NA	NA	NA	NA	NA	NA	NA	NA	NA	NA	NA	NA	NA	NA	NA	NA	NA	NA	NA	NA	NA	NA	NA	NA	NA	NA	NA	NA	NA	NA	NA	NA	NA	NA	NA	NA	NA	NA	NA	NA	NA	NA	NA	NA	NA	NA	NA	NA	NA	NA	NA	NA	NA	NA	NA	NA	NA	NA	NA	NA	NA	NA	NA	NA	NA	NA	NA	NA	NA	NA	NA	NA	NA	NA	NA	NA	NA	NA	NA	NA	NA
CBM6	90.7811	61.19688	48.31481	69.35678	79.31866	70.8155	64.06763	56.60346	46.6648	71.87619	93.71108	61.34532	54.50094	30.99793	108.50905	122.81642	119.47467	128.38731	150.11902	59.22277	56.19403	37.2926	71.2489	49.32887	44.46815	48.25924	50.49794	43.32158	65.01799	48.23452	63.94401	60.2967	72.7822	48.72424	65.30543	38.97772	31.65845	49.59843	79.58834	43.22433	39.94955	85.14962	18.86928	17.95031	65.02421	20.27009	23.6054	46.68117	88.53396	45.11091	102.25209	54.81923	56.0507	71.13555	118.36003	186.54569	185.6886	208.79039	170.71505	176.84368	122.32866	18.10029	19.90025	37.42656	73.19476	46.63891	39.08262	50.90919	61.99328	50.02267	45.40144	29.5965	46.66737	42.93138	28.88349	25.86056	29.35277	14.68638	24.49356	39.03699	70.58205	41.60462	76.55362	102.83455	115.13776	88.14824	82.84847	84.08298	92.32738	112.78888	73.98672	77.95413	55.91492	72.90427	312.46925	72.51146	197.71315	179.85632	367.74209	365.16475	438.71776	461.19228	223.53016	34.46578	43.76813	95.66558	58.48637	73.96844	69.8497	52.11886	80.23271	83.90966	138.4217	117.66183	141.35155	66.25951	48.66965	56.63598	87.28035	74.32275	62.87467	134.44741	82.94763	14.90821	67.68214	66.99779	56.16416	54.24084	121.55918	118.66378	69.24309	197.72488	45.3886	45.92732	41.16148	49.1809	55.33883	56.99823	72.48212	79.68062	71.83244	31.08304	54.53386	111.68808	98.00565	102.61838	68.10758	73.35873	56.51305	41.17093	47.24084	17.95066	96.16717	63.20548	75.34602	73.19004	114.82844	78.71276	129.79337	83.68442	51.77668	64.69563	43.83079	46.76475	105.14892	132.99315	61.42518	80.80036	56.94908	44.97337	48.32174	24.94147	15.63917	25.80662	26.02453	20.73074	38.40202	42.79419	56.40105	63.54953	39.82199	34.50868	37.67178	46.35759	194.31108	141.43828	239.66412	211.04925	74.59197	58.99706	150.71196	78.38519	171.32971	235.30736	302.37305	284.41084	241.49791	311.31439	171.45207	61.9024	71.5963	35.3006	38.00403	26.0714	49.45629	42.34259	37.56793	35.46182	91.66384	109.7063	102.8994	245.42576	65.90953	37.21611	36.317	49.60368	249.79729	122.99461	228.93635	168.88945	36.12754	33.76846	NA	NA	NA	NA	NA	NA	NA	NA	NA	NA	NA	NA	NA	NA	NA	NA	NA	NA	NA	NA	NA	NA	NA	NA	NA	NA	NA	NA	NA	NA	NA	NA	NA	NA	NA	NA	NA	NA	NA	NA	NA	NA	NA	NA	NA	NA	NA	NA	NA	NA	NA	NA	NA	NA	NA	NA	NA	NA	NA	NA	NA	NA	NA	NA	NA	NA	NA	NA	NA	NA	NA	NA	NA	NA	NA	NA	NA	NA	NA	NA	NA	NA	NA	NA	NA	NA	NA	NA	NA	NA	NA	NA	NA	NA	NA	NA	NA	NA	NA	NA	NA	NA	NA	NA	NA	NA	NA	NA	NA	NA	NA	NA	NA	NA	NA	NA	NA	NA	NA	NA	NA	NA	NA	NA	NA	NA	NA	NA	NA	NA	NA	NA	NA	NA	NA	NA	NA	NA	NA	NA	NA	NA	NA	NA	NA	NA	NA	NA	NA	NA	NA	NA	NA	NA	NA
CBM61	50.38237	47.22139	46.23267	72.97869	71.89536	115.97996	45.71124	36.44638	42.79796	70.49576	37.59004	63.9532	65.34555	72.49831	5.56949	5.68769	24.46516	22.31273	13.00678	29.81102	40.47489	18.67689	19.68898	31.06844	46.57372	62.19313	87.40148	22.99579	15.0367	12.0923	24.77726	27.56771	17.23186	19.78731	17.7841	9.35565	10.25425	16.71536	28.46284	26.01776	33.69737	14.92048	24.58687	22.62019	70.0362	76.94822	41.73717	18.54543	13.54777	18.78559	28.42195	29.0618	34.93346	13.68911	27.42759	13.95672	16.30026	27.5694	27.9698	42.28067	35.58231	18.62041	28.66453	126.74641	72.65144	63.40293	47.61649	52.72618	34.56722	22.74482	25.79131	22.04122	22.86212	21.45777	20.76042	8.06781	10.47757	18.59862	12.33398	12.13308	19.1486	12.38241	53.24607	73.02906	100.50207	108.03616	159.24309	59.34643	46.18896	55.10318	12.59454	72.60777	79.86193	41.8216	23.69356	9.94289	16.65401	24.50654	36.28579	22.62157	41.11285	47.92103	25.00895	8.00045	12.6543	22.24497	10.46792	31.9322	35.48932	11.42501	36.20555	41.95784	39.22298	23.72868	29.77901	64.24981	17.09899	21.45492	20.24376	63.93823	26.58134	47.87553	16.8314	9.51308	8.00505	14.98408	19.36821	20.02206	25.50684	32.07804	62.0952	44.84674	23.12844	38.81396	94.54455	58.27225	11.75219	17.01745	21.32866	55.12587	17.30868	48.28615	8.8191	24.89579	46.00685	34.3557	15.79798	37.45677	13.41302	22.86271	32.65642	33.93471	34.06834	73.1321	50.80964	44.70112	37.097	38.58699	26.95783	24.30396	17.68557	43.97352	21.31739	24.42607	30.10733	35.21789	30.65382	39.9303	16.08852	25.22055	26.99187	22.93456	9.27117	13.5794	19.51525	8.93714	23.32926	29.51108	21.59881	25.78284	6.92275	9.88918	10.38383	9.34912	21.66171	29.64428	17.74299	NA	25.34178	18.76339	17.62717	29.13219	5.47735	3.69853	12.83974	5.60712	59.02129	7.26768	10.32701	9.61531	51.9149	53.12469	60.68634	75.15295	16.91613	18.0199	9.88991	9.16737	60.05404	37.56795	51.33493	19.74894	14.22175	18.84516	19.25608	14.28878	10.28946	7.80004	35.95409	49.25431	116.61023	100.12395	NA	NA	NA	NA	NA	NA	NA	NA	NA	NA	NA	NA	NA	NA	NA	NA	NA	NA	NA	NA	NA	NA	NA	NA	NA	NA	NA	NA	NA	NA	NA	NA	NA	NA	NA	NA	NA	NA	NA	NA	NA	NA	NA	NA	NA	NA	NA	NA	NA	NA	NA	NA	NA	NA	NA	NA	NA	NA	NA	NA	NA	NA	NA	NA	NA	NA	NA	NA	NA	NA	NA	NA	NA	NA	NA	NA	NA	NA	NA	NA	NA	NA	NA	NA	NA	NA	NA	NA	NA	NA	NA	NA	NA	NA	NA	NA	NA	NA	NA	NA	NA	NA	NA	NA	NA	NA	NA	NA	NA	NA	NA	NA	NA	NA	NA	NA	NA	NA	NA	NA	NA	NA	NA	NA	NA	NA	NA	NA	NA	NA	NA	NA	NA	NA	NA	NA	NA	NA	NA	NA	NA	NA	NA	NA	NA	NA	NA	NA	NA	NA	NA	NA	NA	NA	NA
CBM62	51.21404	34.00428	39.20068	43.52879	27.77856	30.88981	58.02423	100.97864	75.78046	152.84461	130.02606	117.70338	116.16939	40.87864	388.25795	464.22969	272.31844	429.99623	431.11402	165.10978	74.70058	51.48136	197.31556	110.75659	106.60076	98.8751	115.36421	77.52135	122.33777	65.41145	98.52121	84.51964	111.58847	75.23432	127.07952	69.00442	49.79323	111.66513	101.85494	88.69935	94.49522	93.4676	48.87435	43.17964	98.21147	25.76734	72.53418	70.09876	144.74456	92.88353	96.46132	133.42522	54.33261	114.10299	60.6327	91.66463	32.6976	43.37646	40.96769	37.7897	56.02918	38.76434	11.13782	64.23909	45.38185	43.11258	56.98251	31.94863	40.75821	82.32445	66.21095	24.43966	65.18699	37.57766	30.63817	48.07638	79.32208	6.00959	47.58183	37.76841	103.81383	124.09198	98.5222	183.71974	148.77706	120.99725	62.77781	106.70055	156.91814	161.43175	110.19868	98.83804	52.08276	64.50387	399.77655	80.73164	73.24216	88.13069	91.17588	74.01918	43.70752	59.14224	84.67758	195.91561	210.19119	283.49791	224.05773	259.15839	197.53565	237.85249	171.19634	141.89032	15.23798	192.33778	148.93033	93.84075	69.09779	25.90274	29.99738	12.09143	22.46054	7.76768	31.97145	42.09334	170.07772	204.73385	139.04086	133.88559	47.60241	32.52834	36.52908	33.40055	134.381	78.28633	57.76464	92.31655	170.15579	130.24801	154.52261	123.38811	39.97563	20.17204	21.67348	35.17678	300.34754	430.48666	339.71074	225.03399	149.95698	87.64045	141.7853	84.39599	168.34766	189.00832	144.36665	165.39686	155.25412	139.22935	181.27053	124.9631	59.70706	107.52615	40.94494	78.49879	151.8754	83.03961	125.79852	167.53744	69.67272	32.64796	15.50135	7.63812	68.34751	51.80892	68.17947	45.43909	88.80546	111.52083	103.52769	92.52525	120.17709	87.46759	82.88536	92.01676	168.76487	209.66378	184.5439	97.30239	134.59051	133.28484	158.26777	175.81857	28.54038	42.97292	18.59374	29.65717	61.14752	44.08256	41.43474	12.448	165.31313	121.25644	21.87652	43.30649	34.78633	65.56901	70.96678	80.71973	30.02568	43.46758	26.87026	43.08722	54.65756	37.35569	27.51587	17.53833	49.44768	35.79518	130.58905	81.48395	28.54567	45.11707	NA	NA	NA	NA	NA	NA	NA	NA	NA	NA	NA	NA	NA	NA	NA	NA	NA	NA	NA	NA	NA	NA	NA	NA	NA	NA	NA	NA	NA	NA	NA	NA	NA	NA	NA	NA	NA	NA	NA	NA	NA	NA	NA	NA	NA	NA	NA	NA	NA	NA	NA	NA	NA	NA	NA	NA	NA	NA	NA	NA	NA	NA	NA	NA	NA	NA	NA	NA	NA	NA	NA	NA	NA	NA	NA	NA	NA	NA	NA	NA	NA	NA	NA	NA	NA	NA	NA	NA	NA	NA	NA	NA	NA	NA	NA	NA	NA	NA	NA	NA	NA	NA	NA	NA	NA	NA	NA	NA	NA	NA	NA	NA	NA	NA	NA	NA	NA	NA	NA	NA	NA	NA	NA	NA	NA	NA	NA	NA	NA	NA	NA	NA	NA	NA	NA	NA	NA	NA	NA	NA	NA	NA	NA	NA	NA	NA	NA	NA	NA	NA	NA	NA	NA	NA	NA
CBM65	37.61134	10.9333	36.28424	30.26919	36.67716	22.44512	30.90251	30.58807	55.72998	34.50925	35.83454	53.84415	56.6889	24.74218	NA	NA	NA	NA	NA	NA	NA	42.51096	1.61064	13.67856	74.37674	83.61986	91.3403	62.36675	0.87239	1.11507	1.98303	0.21715	NA	0.45981	NA	NA	NA	NA	1.21308	0.30735	0.37075	0.2092	15.0272	24.85931	32.12737	30.69515	20.80536	NA	NA	NA	NA	NA	NA	NA	7.11569	2.66772	2.18033	9.32234	3.81787	2.47157	4.91849	13.12915	1.58152	0.22205	2.19978	3.68793	3.57784	1.13599	47.17013	33.95876	38.51292	37.49129	19.48353	32.00696	49.8424	1.85675	5.46588	1.36411	4.87986	10.30659	3.66233	3.31363	NA	0.54757	31.50144	35.42545	9.06044	4.01152	4.71909	NA	NA	NA	NA	NA	NA	NA	8.04947	33.28732	33.29654	48.03991	37.07885	76.49147	50.98558	55.15952	21.50404	29.08202	78.18848	21.38102	38.84964	22.77645	NA	NA	12.69272	NA	NA	NA	NA	0.98953	1.59517	8.58534	29.79844	23.27079	NA	17.49998	11.87795	37.18559	67.42872	127.16166	1.39425	22.78946	92.80406	31.57095	2.46002	17.07097	0.89274	2.6151	1.82411	0.40265	NA	18.2171	18.81616	36.20009	38.48443	33.75661	17.73849	15.29524	5.57983	18.84591	9.53066	49.04421	93.58314	119.21669	NA	18.50217	14.37476	0.73885	NA	NA	NA	NA	36.82621	51.41699	98.12188	63.55357	NA	NA	NA	NA	25.43358	33.4191	28.37573	57.2746	9.79504	1.84599	9.2608	7.53918	0.16294	0.81017	1.54963	NA	NA	NA	2.29641	NA	NA	NA	NA	NA	0.35082	NA	NA	NA	1.30751	0.53232	8.25627	5.71489	NA	3.49865	2.00061	2.54732	17.25617	3.5733	2.6736	1.82149	NA	0.18958	NA	NA	15.65613	8.72758	45.10852	9.29638	3.30086	0.66605	1.67938	0.86508	34.16242	0.60086	49.45239	49.33857	44.14771	42.15494	NA	NA	NA	NA	NA	NA	NA	NA	NA	NA	NA	NA	NA	NA	NA	NA	NA	NA	NA	NA	NA	NA	NA	NA	NA	NA	NA	NA	NA	NA	NA	NA	NA	NA	NA	NA	NA	NA	NA	NA	NA	NA	NA	NA	NA	NA	NA	NA	NA	NA	NA	NA	NA	NA	NA	NA	NA	NA	NA	NA	NA	NA	NA	NA	NA	NA	NA	NA	NA	NA	NA	NA	NA	NA	NA	NA	NA	NA	NA	NA	NA	NA	NA	NA	NA	NA	NA	NA	NA	NA	NA	NA	NA	NA	NA	NA	NA	NA	NA	NA	NA	NA	NA	NA	NA	NA	NA	NA	NA	NA	NA	NA	NA	NA	NA	NA	NA	NA	NA	NA	NA	NA	NA	NA	NA	NA	NA	NA	NA	NA	NA	NA	NA	NA	NA	NA	NA	NA	NA	NA	NA	NA	NA	NA	NA	NA	NA	NA	NA	NA	NA	NA	NA	NA	NA
CBM66	8.61203	5.67728	7.23573	7.21443	9.19633	16.48424	6.05047	9.82482	8.31256	12.90007	12.39969	16.55811	10.67797	15.20018	6.32904	4.80005	3.59408	3.15664	2.57016	7.49798	8.53475	16.18596	13.10294	11.87189	4.25251	3.64787	5.09575	8.17598	17.94237	10.29064	15.33788	14.53055	20.67069	8.86642	13.67956	24.76154	29.24963	15.53995	14.19114	24.24151	27.72922	19.86825	7.88771	6.97013	12.44948	14.02348	5.11559	10.96042	6.95401	12.79319	8.01844	12.56496	24.59495	6.71489	24.36774	12.50179	26.65326	17.27989	13.08962	11.66364	27.31192	6.92483	13.48674	10.44021	7.61407	9.11207	6.40965	11.80606	9.03189	12.18956	11.38727	15.92331	12.32407	21.1634	12.52135	7.8588	12.1574	23.39703	9.58583	9.61497	5.86286	9.31083	14.24851	12.54325	12.18327	8.97362	6.18529	7.02676	10.37632	23.91743	24.02263	19.98308	26.7949	23.25925	27.70421	20.50778	12.81937	9.91945	19.43554	15.21893	10.77298	12.36726	10.55715	19.69741	27.47616	8.95997	14.0663	11.57441	12.36034	9.46259	14.62207	12.12107	3.87516	14.9742	12.23118	12.9036	30.44645	4.38767	3.91071	3.02847	6.22138	6.68536	2.63306	4.96412	25.38738	14.37602	23.64377	12.40522	4.02625	3.65072	6.72922	4.11043	6.00157	12.60217	12.06886	8.86327	19.31278	7.30679	4.56313	6.53604	10.04379	7.41107	2.94382	5.4552	1.60271	0.36232	3.90161	2.92008	14.95188	9.86871	1.77316	5.09256	18.43922	9.49839	6.02394	16.52134	20.8297	34.44202	19.04793	22.8112	1.96329	0.78803	2.06585	1.18437	5.99294	5.54684	6.97589	8.49946	7.55088	10.0284	6.40646	5.91093	9.43392	7.00544	6.99686	14.3099	5.50442	2.42685	3.44471	3.53682	7.18767	23.13243	5.88101	22.64923	1.67669	2.68948	3.97383	NA	13.84504	6.58074	8.2794	8.79096	8.24551	9.88864	13.34073	14.77819	NA	2.84072	10.28777	30.12658	8.387	5.70381	5.14049	4.22978	31.34181	17.70134	7.21589	4.9282	25.78125	15.86103	12.40708	7.63433	6.54312	9.13744	8.87386	3.06066	15.66877	17.36819	8.21098	8.91369	13.3686	10.17668	NA	NA	NA	NA	NA	NA	NA	NA	NA	NA	NA	NA	NA	NA	NA	NA	NA	NA	NA	NA	NA	NA	NA	NA	NA	NA	NA	NA	NA	NA	NA	NA	NA	NA	NA	NA	NA	NA	NA	NA	NA	NA	NA	NA	NA	NA	NA	NA	NA	NA	NA	NA	NA	NA	NA	NA	NA	NA	NA	NA	NA	NA	NA	NA	NA	NA	NA	NA	NA	NA	NA	NA	NA	NA	NA	NA	NA	NA	NA	NA	NA	NA	NA	NA	NA	NA	NA	NA	NA	NA	NA	NA	NA	NA	NA	NA	NA	NA	NA	NA	NA	NA	NA	NA	NA	NA	NA	NA	NA	NA	NA	NA	NA	NA	NA	NA	NA	NA	NA	NA	NA	NA	NA	NA	NA	NA	NA	NA	NA	NA	NA	NA	NA	NA	NA	NA	NA	NA	NA	NA	NA	NA	NA	NA	NA	NA	NA	NA	NA	NA	NA	NA	NA	NA	NA
CBM67	331.79807	288.61267	272.79648	301.23728	331.65246	291.91871	310.94079	263.92038	230.61221	271.96936	316.5374	290.2439	292.29802	236.72665	524.56788	572.03291	563.34142	631.33068	699.55823	411.37358	266.65322	165.81886	291.35171	216.49959	204.21347	207.78011	242.67004	218.59549	329.25637	263.94199	366.67056	328.9205	361.29284	306.09128	298.28896	299.27809	257.27699	346.82138	355.1726	370.39163	367.15141	376.60476	193.34251	218.66008	245.38788	183.19098	224.72911	275.91967	348.09812	280.44972	304.18059	332.95147	226.08532	313.45702	264.29854	396.37473	319.2082	332.7168	319.06901	329.1719	319.89691	149.43905	207.20095	171.47801	191.57259	211.69671	206.57404	217.51084	249.33476	265.62888	253.82693	268.52917	304.70898	272.19514	211.32914	294.41955	317.29284	146.90436	270.89731	282.49638	350.75856	388.85196	404.79778	443.7511	310.12991	275.89178	189.82083	275.79568	331.08784	378.8537	282.57301	295.92284	254.0691	221.30323	703.94639	334.21403	227.72162	314.70172	395.89433	322.87999	333.8287	330.65588	350.33109	318.11025	351.04438	330.24664	320.68913	341.06699	318.6266	313.36563	350.72849	327.51391	577.88639	298.34306	270.47151	244.33102	308.57548	382.31526	415.18949	433.02661	381.40999	595.62045	410.56754	252.30275	302.90767	310.36159	202.32433	185.57092	410.74258	432.44635	261.81244	557.48134	297.32602	219.02599	162.88108	230.20106	282.32561	210.45086	307.69584	239.52717	332.26394	232.56697	278.93341	398.25901	397.95825	446.33917	346.80602	364.94871	243.51621	204.60408	208.69991	160.91724	354.52228	258.59182	291.84509	334.25864	376.13721	322.31456	336.08948	293.16042	143.91986	196.6053	146.62722	192.68826	452.62125	462.19518	343.57415	422.04994	294.99046	258.10336	311.43361	216.53395	232.30327	336.33382	286.50229	238.23446	245.55426	327.13035	269.49742	290.26933	328.64631	264.92422	228.34258	260.8405	338.90075	321.61045	361.58549	517.92569	239.71792	194.69008	244.20237	237.46452	330.39175	423.51326	406.47081	467.69956	538.98088	834.95639	510.69566	224.20497	319.80349	239.91313	176.94579	167.41949	183.46773	203.95764	211.53983	224.15996	252.34686	329.98102	260.08843	484.60339	222.38019	220.90774	192.30188	211.88666	314.01077	272.90263	374.12957	274.95105	266.89906	208.23561	NA	NA	NA	NA	NA	NA	NA	NA	NA	NA	NA	NA	NA	NA	NA	NA	NA	NA	NA	NA	NA	NA	NA	NA	NA	NA	NA	NA	NA	NA	NA	NA	NA	NA	NA	NA	NA	NA	NA	NA	NA	NA	NA	NA	NA	NA	NA	NA	NA	NA	NA	NA	NA	NA	NA	NA	NA	NA	NA	NA	NA	NA	NA	NA	NA	NA	NA	NA	NA	NA	NA	NA	NA	NA	NA	NA	NA	NA	NA	NA	NA	NA	NA	NA	NA	NA	NA	NA	NA	NA	NA	NA	NA	NA	NA	NA	NA	NA	NA	NA	NA	NA	NA	NA	NA	NA	NA	NA	NA	NA	NA	NA	NA	NA	NA	NA	NA	NA	NA	NA	NA	NA	NA	NA	NA	NA	NA	NA	NA	NA	NA	NA	NA	NA	NA	NA	NA	NA	NA	NA	NA	NA	NA	NA	NA	NA	NA	NA	NA	NA	NA	NA	NA	NA	NA
CBM68	NA	NA	0.27605	NA	NA	NA	NA	NA	0.55696	NA	NA	NA	NA	NA	NA	NA	NA	NA	NA	NA	NA	3.04421	NA	1.6754	NA	NA	NA	0.55905	NA	NA	NA	NA	NA	NA	NA	NA	0.56954	NA	NA	NA	NA	NA	NA	NA	NA	NA	NA	NA	NA	NA	NA	NA	NA	NA	NA	NA	0.28589	0.26691	NA	0.28762	NA	0.95182	7.60184	1.0956	NA	NA	1.09001	1.67556	1.36104	NA	NA	1.33009	NA	NA	NA	0.28545	NA	0.28801	NA	NA	NA	0.27587	1.36849	0.26939	NA	NA	NA	NA	NA	NA	0.31091	NA	1.65394	NA	0.26386	3.22875	NA	NA	NA	NA	NA	NA	NA	0.58445	0.58826	NA	NA	0.5716	1.72671	0.93706	1.11739	0.55831	NA	0.81806	2.28637	0.83656	12.60468	NA	NA	NA	0.29398	0.56605	1.3784	1.6639	0.61416	NA	NA	0.44882	0.62885	NA	NA	0.43075	NA	NA	NA	NA	2.31728	1.34434	NA	0.45545	1.06567	NA	NA	NA	0.43038	NA	NA	NA	0.22358	0.21898	NA	NA	0.42884	0.23056	NA	NA	0.8545	0.65571	1.40058	2.3547	0.20329	0.88073	3.39224	2.44993	NA	NA	NA	NA	0.64428	0.46319	NA	0.45897	NA	NA	0.49466	0.84444	NA	0.43574	NA	NA	NA	NA	NA	0.19732	NA	NA	NA	NA	0.84196	NA	NA	NA	2.515	NA	NA	0.21208	NA	NA	NA	NA	NA	NA	NA	NA	NA	NA	NA	NA	NA	NA	NA	NA	2.24601	1.31081	0.69486	0.65729	NA	0.46792	0.20801	NA	NA	NA	NA	NA	NA	NA	NA	NA	NA	NA	NA	NA	NA	NA	NA	NA	NA	NA	NA	NA	NA	NA	NA	NA	NA	NA	NA	NA	NA	NA	NA	NA	NA	NA	NA	NA	NA	NA	NA	NA	NA	NA	NA	NA	NA	NA	NA	NA	NA	NA	NA	NA	NA	NA	NA	NA	NA	NA	NA	NA	NA	NA	NA	NA	NA	NA	NA	NA	NA	NA	NA	NA	NA	NA	NA	NA	NA	NA	NA	NA	NA	NA	NA	NA	NA	NA	NA	NA	NA	NA	NA	NA	NA	NA	NA	NA	NA	NA	NA	NA	NA	NA	NA	NA	NA	NA	NA	NA	NA	NA	NA	NA	NA	NA	NA	NA	NA	NA	NA	NA	NA	NA	NA	NA	NA	NA	NA	NA	NA	NA	NA	NA	NA	NA	NA	NA	NA	NA	NA	NA	NA	NA	NA	NA	NA	NA	NA	NA	NA	NA	NA	NA	NA	NA	NA	NA	NA
CBM69	NA	NA	0.81693	NA	NA	NA	NA	NA	NA	NA	NA	NA	NA	NA	NA	NA	NA	NA	NA	NA	0.42776	NA	NA	NA	NA	NA	NA	NA	NA	NA	NA	NA	NA	NA	NA	NA	NA	NA	NA	NA	NA	NA	NA	NA	NA	NA	NA	NA	NA	NA	NA	NA	NA	NA	NA	NA	NA	NA	NA	NA	NA	NA	NA	NA	NA	NA	NA	NA	NA	0.2091	NA	NA	NA	NA	NA	NA	NA	NA	NA	NA	NA	NA	NA	NA	NA	NA	NA	NA	NA	NA	NA	NA	NA	NA	NA	NA	NA	NA	NA	NA	NA	NA	NA	NA	NA	NA	NA	NA	NA	NA	NA	NA	NA	NA	NA	NA	NA	NA	NA	NA	NA	NA	NA	NA	NA	NA	NA	NA	NA	NA	NA	NA	NA	NA	NA	NA	NA	NA	NA	NA	NA	NA	NA	NA	NA	NA	NA	NA	NA	NA	NA	NA	NA	NA	NA	NA	NA	NA	NA	NA	NA	NA	NA	NA	NA	NA	NA	NA	0.15772	NA	NA	NA	NA	NA	2.32652	NA	NA	NA	NA	NA	NA	NA	NA	NA	NA	NA	NA	NA	NA	NA	0.1565	1.06486	NA	NA	NA	NA	NA	NA	NA	NA	NA	NA	NA	NA	NA	NA	NA	NA	NA	NA	NA	NA	NA	NA	NA	NA	NA	NA	NA	NA	NA	NA	NA	NA	NA	NA	NA	NA	NA	NA	NA	NA	NA	NA	NA	NA	NA	NA	NA	NA	NA	NA	NA	NA	NA	NA	NA	NA	NA	NA	NA	NA	NA	NA	NA	NA	NA	NA	NA	NA	NA	NA	NA	NA	NA	NA	NA	NA	NA	NA	NA	NA	NA	NA	NA	NA	NA	NA	NA	NA	NA	NA	NA	NA	NA	NA	NA	NA	NA	NA	NA	NA	NA	NA	NA	NA	NA	NA	NA	NA	NA	NA	NA	NA	NA	NA	NA	NA	NA	NA	NA	NA	NA	NA	NA	NA	NA	NA	NA	NA	NA	NA	NA	NA	NA	NA	NA	NA	NA	NA	NA	NA	NA	NA	NA	NA	NA	NA	NA	NA	NA	NA	NA	NA	NA	NA	NA	NA	NA	NA	NA	NA	NA	NA	NA	NA	NA	NA	NA	NA	NA	NA	NA	NA	NA	NA	NA	NA	NA	NA	NA	NA	NA	NA	NA	NA	NA
CBM70	NA	NA	NA	NA	NA	NA	NA	NA	NA	NA	NA	NA	NA	NA	NA	NA	NA	NA	0.31164	NA	NA	NA	NA	NA	NA	NA	NA	NA	NA	NA	NA	NA	NA	NA	NA	NA	NA	NA	NA	NA	NA	NA	NA	NA	NA	NA	NA	NA	NA	NA	NA	NA	NA	NA	NA	NA	NA	0.15252	NA	NA	NA	NA	NA	NA	NA	NA	NA	NA	NA	NA	NA	NA	NA	NA	NA	NA	NA	NA	NA	NA	NA	NA	NA	NA	NA	NA	NA	NA	NA	NA	NA	0.32707	NA	NA	NA	NA	NA	NA	NA	NA	NA	NA	NA	NA	NA	NA	NA	NA	NA	NA	NA	NA	NA	NA	NA	NA	NA	NA	NA	NA	NA	NA	NA	NA	NA	NA	NA	NA	NA	NA	NA	NA	NA	NA	NA	NA	NA	0.26705	NA	NA	NA	NA	NA	NA	NA	NA	NA	0.12911	NA	NA	NA	NA	NA	NA	NA	NA	NA	NA	NA	NA	NA	NA	NA	NA	NA	NA	NA	NA	NA	NA	NA	NA	NA	NA	NA	NA	NA	NA	NA	NA	NA	NA	NA	NA	NA	NA	NA	NA	NA	NA	NA	NA	NA	NA	NA	NA	NA	NA	NA	NA	NA	NA	NA	NA	NA	NA	NA	NA	0.51441	NA	NA	NA	NA	NA	NA	NA	NA	NA	NA	NA	NA	NA	NA	NA	NA	NA	NA	NA	NA	NA	NA	NA	NA	NA	NA	NA	NA	NA	NA	NA	NA	NA	NA	NA	NA	NA	NA	NA	NA	NA	NA	NA	NA	NA	NA	NA	NA	NA	NA	NA	NA	NA	NA	NA	NA	NA	NA	NA	NA	NA	NA	NA	NA	NA	NA	NA	NA	NA	NA	NA	NA	NA	NA	NA	NA	NA	NA	NA	NA	NA	NA	NA	NA	NA	NA	NA	NA	NA	NA	NA	NA	NA	NA	NA	NA	NA	NA	NA	NA	NA	NA	NA	NA	NA	NA	NA	NA	NA	NA	NA	NA	NA	NA	NA	NA	NA	NA	NA	NA	NA	NA	NA	NA	NA	NA	NA	NA	NA	NA	NA	NA	NA	NA	NA	NA	NA	NA	NA	NA	NA	NA	NA	NA	NA	NA	NA	NA	NA	NA	NA	NA	NA	NA	NA	NA	NA	NA	NA	NA	NA	NA	NA	NA	NA	NA	NA	NA
CBM71	0.33776	NA	NA	0.94404	NA	0.70983	0.23074	NA	0.77761	0.82646	0.38013	NA	1.54925	0.57472	0.56843	0.41274	0.12718	0.73053	0.88866	2.23274	4.5229	1.0375	2.33172	0.62248	0.25526	1.00996	0.44921	1.01005	NA	NA	1.118	1.80775	NA	0.66098	0.20913	0.75817	0.91809	0.63862	NA	0.43231	0.1665	NA	NA	0.46616	NA	0.24938	0.21965	0.4286	NA	NA	NA	0.13009	0.53702	0.13513	4.82422	1.96846	4.61663	2.97998	1.72918	3.09353	3.80412	0.39915	1.23955	0.82972	2.90212	0.9991	NA	0.17141	0.85022	0.47409	NA	1.331	0.61507	2.13641	0.3623	1.25508	0.83982	1.2359	0.24439	0.34454	2.35938	1.2785	0.33528	0.40857	0.48341	1.84576	0.76817	0.69211	0.64263	1.03751	1.69496	2.10141	1.97391	1.60192	2.83456	0.45133	0.1719	0.50206	0.68694	0.33819	0.44133	NA	0.2683	3.37731	5.16823	3.25389	1.82469	3.36223	1.68217	1.30364	NA	0.40932	0.13786	1.08262	0.55077	0.52582	1.01115	0.39921	1.31602	0.21409	0.52237	0.25968	0.86174	NA	2.66623	1.55719	3.64934	1.09907	0.37446	NA	NA	NA	NA	0.81309	0.69578	NA	0.3195	0.18583	NA	0.33779	0.44084	0.58164	0.28312	0.62121	0.4606	NA	0.30038	1.65091	0.75009	1.32883	0.38846	1.97951	0.66763	0.9822	NA	0.67287	0.70112	0.66125	0.54982	0.26931	NA	0.85875	0.70492	0.19748	0.12952	1.06504	NA	0.50098	0.98838	0.48291	1.1082	1.01017	0.89888	1.22224	0.60864	0.68946	0.63372	1.00784	0.16446	0.42718	0.18784	0.44389	NA	1.33737	0.09307	1.37826	0.31011	NA	0.15611	0.60383	0.60696	0.32838	0.13153	1.40027	0.22127	0.83286	NA	0.12543	0.20075	0.74385	0.16001	NA	NA	NA	0.52654	0.19502	NA	NA	2.06575	3.72745	1.09959	0.81166	0.85618	1.76512	0.96784	0.82234	0.60417	0.09811	NA	NA	0.39935	NA	NA	NA	NA	NA	NA	NA	NA	NA	NA	NA	NA	NA	NA	NA	NA	NA	NA	NA	NA	NA	NA	NA	NA	NA	NA	NA	NA	NA	NA	NA	NA	NA	NA	NA	NA	NA	NA	NA	NA	NA	NA	NA	NA	NA	NA	NA	NA	NA	NA	NA	NA	NA	NA	NA	NA	NA	NA	NA	NA	NA	NA	NA	NA	NA	NA	NA	NA	NA	NA	NA	NA	NA	NA	NA	NA	NA	NA	NA	NA	NA	NA	NA	NA	NA	NA	NA	NA	NA	NA	NA	NA	NA	NA	NA	NA	NA	NA	NA	NA	NA	NA	NA	NA	NA	NA	NA	NA	NA	NA	NA	NA	NA	NA	NA	NA	NA	NA	NA	NA	NA	NA	NA	NA	NA	NA	NA	NA	NA	NA	NA	NA	NA	NA	NA	NA	NA	NA	NA	NA	NA	NA	NA	NA	NA	NA	NA	NA	NA	NA	NA	NA	NA	NA	NA	NA
CBM73	NA	NA	NA	NA	NA	NA	NA	NA	NA	NA	NA	NA	NA	NA	NA	NA	NA	NA	NA	NA	NA	NA	NA	NA	NA	NA	NA	1.08242	NA	NA	NA	NA	NA	NA	NA	NA	NA	NA	NA	NA	NA	NA	NA	NA	NA	NA	NA	NA	NA	NA	NA	NA	NA	NA	NA	NA	NA	NA	NA	NA	NA	NA	NA	NA	NA	NA	NA	NA	NA	NA	NA	NA	NA	NA	NA	NA	NA	NA	NA	NA	NA	NA	NA	NA	NA	NA	NA	NA	NA	NA	NA	NA	NA	NA	NA	NA	NA	NA	NA	NA	NA	NA	NA	NA	NA	NA	NA	NA	NA	NA	NA	NA	NA	NA	NA	NA	NA	NA	NA	NA	NA	NA	NA	NA	NA	NA	NA	NA	NA	NA	NA	NA	NA	NA	NA	NA	NA	NA	NA	NA	NA	NA	NA	NA	NA	NA	NA	NA	NA	NA	NA	NA	NA	NA	NA	NA	NA	NA	NA	NA	NA	NA	NA	NA	NA	NA	NA	NA	NA	NA	NA	NA	NA	NA	NA	NA	NA	NA	NA	NA	NA	NA	NA	NA	NA	NA	NA	NA	NA	NA	NA	NA	NA	NA	NA	NA	NA	NA	NA	NA	NA	NA	NA	NA	NA	NA	NA	NA	NA	NA	NA	0.37618	NA	NA	NA	NA	NA	NA	NA	NA	NA	NA	NA	NA	NA	NA	NA	NA	NA	NA	NA	NA	NA	NA	NA	NA	NA	NA	NA	NA	NA	NA	NA	NA	NA	NA	NA	NA	NA	NA	NA	NA	NA	NA	NA	NA	NA	NA	NA	NA	NA	NA	NA	NA	NA	NA	NA	NA	NA	NA	NA	NA	NA	NA	NA	NA	NA	NA	NA	NA	NA	NA	NA	NA	NA	NA	NA	NA	NA	NA	NA	NA	NA	NA	NA	NA	NA	NA	NA	NA	NA	NA	NA	NA	NA	NA	NA	NA	NA	NA	NA	NA	NA	NA	NA	NA	NA	NA	NA	NA	NA	NA	NA	NA	NA	NA	NA	NA	NA	NA	NA	NA	NA	NA	NA	NA	NA	NA	NA	NA	NA	NA	NA	NA	NA	NA	NA	NA	NA	NA	NA	NA	NA	NA	NA	NA	NA	NA	NA	NA	NA	NA	NA	NA	NA	NA	NA	NA	NA	NA	NA	NA	NA	NA	NA	NA	NA
CBM74	5.53109	9.48569	17.35177	8.73412	9.89917	11.25318	12.27843	40.11417	60.56036	31.25193	38.58109	21.0442	35.41334	31.39785	NA	NA	0.17104	0.16957	0.16251	NA	0.18143	46.8633	20.38148	37.56728	13.31383	10.44255	10.55657	28.22782	12.31785	8.99895	7.86103	5.94174	8.1375	7.77877	4.28195	1.95608	7.827	5.09144	11.34837	8.00861	7.23518	5.50055	25.77479	25.40098	22.47728	18.27164	15.52126	3.09407	8.81459	7.91707	7.08691	5.67878	4.79166	7.94042	16.56796	5.14228	2.9432	8.34459	6.27387	12.15152	11.48119	9.83347	35.60352	14.30363	8.75445	8.85391	12.33215	13.41656	42.03504	39.64245	33.70112	39.91407	20.14689	29.80526	88.01169	17.93831	12.02461	22.02998	16.21948	24.82536	11.68445	8.44486	12.33967	11.30279	7.69466	6.78914	3.08274	6.64725	7.27005	20.67311	47.44144	11.84426	16.8079	35.08685	11.33916	41.67663	17.01307	21.39864	15.85314	11.5659	21.47379	7.99055	23.09784	6.16403	6.83056	3.29233	2.43376	2.45518	4.64371	3.40592	3.74966	9.88931	4.56033	19.29878	15.23266	16.45478	6.60217	11.26152	9.72656	5.42509	11.67456	2.14481	8.58728	13.60883	9.06815	7.00317	5.75349	4.4971	5.24746	3.90738	9.54125	4.25604	57.7798	23.08127	11.09374	12.80807	5.81997	17.39922	9.49405	28.54422	4.98333	9.83547	3.11787	10.75228	0.07445	NA	0.07053	0.06579	21.18982	17.38328	9.50693	9.02959	13.76375	7.40589	3.55955	14.74018	16.5471	32.6932	10.2353	24.29021	23.79206	7.20486	7.1802	9.79575	6.32037	10.36591	4.42378	3.33187	20.11485	28.86206	24.76368	28.07727	33.79713	11.05922	11.18591	24.10725	13.32458	6.17997	2.7429	1.63222	5.59821	22.89623	10.75703	4.66177	2.42858	2.14062	2.80034	NA	18.00385	22.73602	15.4139	24.83701	NA	NA	NA	NA	NA	5.55862	0.82134	0.13376	10.44342	11.75077	11.04627	7.02612	5.34391	11.25897	NA	0.20833	11.43436	4.30377	5.47153	1.98993	20.33329	21.45614	13.19879	3.25703	27.40619	19.49675	3.38436	6.22898	37.82842	15.97226	NA	NA	NA	NA	NA	NA	NA	NA	NA	NA	NA	NA	NA	NA	NA	NA	NA	NA	NA	NA	NA	NA	NA	NA	NA	NA	NA	NA	NA	NA	NA	NA	NA	NA	NA	NA	NA	NA	NA	NA	NA	NA	NA	NA	NA	NA	NA	NA	NA	NA	NA	NA	NA	NA	NA	NA	NA	NA	NA	NA	NA	NA	NA	NA	NA	NA	NA	NA	NA	NA	NA	NA	NA	NA	NA	NA	NA	NA	NA	NA	NA	NA	NA	NA	NA	NA	NA	NA	NA	NA	NA	NA	NA	NA	NA	NA	NA	NA	NA	NA	NA	NA	NA	NA	NA	NA	NA	NA	NA	NA	NA	NA	NA	NA	NA	NA	NA	NA	NA	NA	NA	NA	NA	NA	NA	NA	NA	NA	NA	NA	NA	NA	NA	NA	NA	NA	NA	NA	NA	NA	NA	NA	NA	NA	NA	NA	NA	NA	NA	NA	NA	NA	NA	NA	NA
CBM76	1.51704	0.74548	1.13869	0.87099	2.26821	4.97723	0.89434	3.45944	10.56958	8.31215	2.84487	6.5872	3.99467	3.86418	NA	NA	NA	NA	NA	NA	NA	10.91178	0.32058	2.3176	10.72694	18.95735	11.5106	9.67777	NA	NA	NA	NA	NA	NA	NA	NA	NA	NA	NA	NA	NA	NA	3.90885	6.66833	6.81129	7.45468	6.57138	NA	NA	NA	NA	NA	NA	NA	1.10172	1.70289	4.11347	2.43637	3.08772	3.28078	0.96721	NA	NA	NA	NA	NA	NA	NA	2.54249	2.36338	2.24717	4.23103	2.0553	6.89173	2.92815	NA	NA	NA	NA	NA	0.74852	NA	3.42978	NA	4.70571	5.523	6.94165	4.24118	1.41075	NA	NA	NA	NA	NA	NA	NA	NA	NA	NA	NA	NA	NA	NA	NA	NA	NA	NA	NA	NA	NA	NA	NA	1.40071	NA	NA	NA	NA	0.34982	0.34169	2.18949	3.15483	1.64959	7.42725	0.82544	NA	NA	NA	NA	1.81048	1.42191	0.79814	2.02722	1.54696	4.15787	6.99728	5.12376	NA	NA	NA	NA	0.25127	1.53154	3.35682	0.62539	NA	NA	NA	NA	0.80051	5.22815	13.27443	15.95874	0.2559	3.16707	3.08058	1.31847	2.98949	2.57853	6.60269	10.60087	4.72558	4.51816	3.49984	5.66147	NA	NA	0.13308	5.17242	NA	0.27487	3.09232	2.4685	0.41629	NA	1.87373	0.76143	NA	NA	NA	NA	NA	NA	3.92263	NA	NA	NA	NA	NA	8.10835	1.67464	12.92791	1.44978	NA	NA	NA	NA	NA	0.58784	NA	0.25761	1.38669	5.29693	6.46208	0.1234	NA	NA	0.12452	NA	1.79093	2.74975	2.5909	0.8871	NA	NA	NA	NA	NA	NA	NA	NA	7.79029	10.88612	NA	NA	NA	NA	NA	NA	NA	NA	NA	NA	NA	NA	NA	NA	NA	NA	NA	NA	NA	NA	NA	NA	NA	NA	NA	NA	NA	NA	NA	NA	NA	NA	NA	NA	NA	NA	NA	NA	NA	NA	NA	NA	NA	NA	NA	NA	NA	NA	NA	NA	NA	NA	NA	NA	NA	NA	NA	NA	NA	NA	NA	NA	NA	NA	NA	NA	NA	NA	NA	NA	NA	NA	NA	NA	NA	NA	NA	NA	NA	NA	NA	NA	NA	NA	NA	NA	NA	NA	NA	NA	NA	NA	NA	NA	NA	NA	NA	NA	NA	NA	NA	NA	NA	NA	NA	NA	NA	NA	NA	NA	NA	NA	NA	NA	NA	NA	NA	NA	NA	NA	NA	NA	NA	NA	NA	NA	NA	NA	NA	NA	NA	NA	NA	NA	NA	NA	NA	NA	NA	NA	NA	NA	NA	NA	NA	NA	NA	NA	NA	NA	NA	NA	NA	NA	NA
CBM77	6.62725	4.08936	3.55617	9.40346	4.15239	8.62292	5.62484	15.79527	10.47205	25.68315	22.80935	35.94265	23.17661	10.69335	NA	NA	NA	NA	NA	NA	NA	1.09137	19.42324	6.35764	8.61315	8.58301	1.07214	11.23942	2.74991	2.54032	7.08787	12.83329	5.60999	5.82371	2.27157	0.74541	29.06614	80.72214	65.66159	43.82158	35.35979	4.33926	18.45237	7.76979	16.26948	14.10175	13.80952	12.33328	0.47899	14.94655	6.04288	4.91183	15.94612	2.15112	6.24883	7.85446	9.13508	13.63781	20.33061	27.69203	11.5268	2.18278	2.97232	25.00336	32.4376	28.80959	20.92868	17.21237	2.02934	8.33453	24.92565	9.74349	31.20243	4.14764	2.37542	2.68411	5.52801	2.27537	4.36339	7.7056	7.61292	1.08341	4.2577	9.86334	16.65554	20.40827	21.9808	13.79643	14.35714	9.28404	3.41342	14.27158	17.11938	27.27566	5.13284	11.29983	3.29803	3.02536	1.35752	1.50116	8.91251	1.68361	NA	18.67328	26.06468	31.92762	57.5665	48.98009	49.24307	11.60825	30.30812	17.41005	2.65932	4.5133	8.34631	8.18731	1.05644	4.82679	3.42751	3.92144	11.21105	13.41382	1.498	1.52242	2.59262	9.57211	106.30338	118.53068	4.31612	3.36686	43.94418	37.16335	4.78243	12.9066	81.88685	77.75536	3.90048	6.55458	9.34612	7.60757	1.17052	0.79148	5.00386	2.70941	NA	NA	0.19855	0.39524	1.03135	3.8676	36.42921	52.6484	6.98572	16.72796	130.4686	13.49941	14.82978	3.78336	35.25597	54.23908	7.42536	12.14754	45.63996	100.81188	0.38329	NA	35.4867	6.9364	7.74148	10.62669	5.99546	13.20048	3.95481	5.12397	7.52748	3.88657	17.95197	15.50585	13.26585	18.51693	63.25713	38.40897	74.37539	16.47396	25.37865	41.45046	51.28195	38.4115	27.79007	8.21095	43.39742	9.61708	0.65766	NA	NA	NA	80.17986	156.16758	82.48557	32.05844	11.68263	28.37445	45.90382	97.93785	0.37285	NA	11.04498	11.53252	5.66054	5.89236	17.52727	8.03845	5.76123	3.40601	17.64786	6.03957	NA	NA	2.89723	23.53886	12.55747	26.09853	NA	NA	NA	NA	NA	NA	NA	NA	NA	NA	NA	NA	NA	NA	NA	NA	NA	NA	NA	NA	NA	NA	NA	NA	NA	NA	NA	NA	NA	NA	NA	NA	NA	NA	NA	NA	NA	NA	NA	NA	NA	NA	NA	NA	NA	NA	NA	NA	NA	NA	NA	NA	NA	NA	NA	NA	NA	NA	NA	NA	NA	NA	NA	NA	NA	NA	NA	NA	NA	NA	NA	NA	NA	NA	NA	NA	NA	NA	NA	NA	NA	NA	NA	NA	NA	NA	NA	NA	NA	NA	NA	NA	NA	NA	NA	NA	NA	NA	NA	NA	NA	NA	NA	NA	NA	NA	NA	NA	NA	NA	NA	NA	NA	NA	NA	NA	NA	NA	NA	NA	NA	NA	NA	NA	NA	NA	NA	NA	NA	NA	NA	NA	NA	NA	NA	NA	NA	NA	NA	NA	NA	NA	NA	NA	NA	NA	NA	NA	NA	NA	NA	NA	NA	NA	NA
CBM78	5.3888	3.24225	1.2401	7.14249	5.35918	10.88837	2.48991	5.47259	9.29289	9.25247	3.03183	4.79871	3.23224	3.53539	NA	NA	NA	NA	NA	NA	NA	8.71851	0.20036	1.65386	12.71261	24.09422	13.69709	7.50599	NA	3.55238	1.24285	1.58055	1.35803	0.21672	1.02849	NA	NA	NA	NA	NA	NA	1.18316	6.10147	5.26033	6.16206	7.33616	7.75704	NA	NA	NA	NA	NA	NA	NA	2.0928	2.96579	1.64231	2.94033	7.48534	3.59684	5.13574	2.83986	7.79775	0.40406	NA	4.03816	7.03503	4.27817	3.17677	2.74062	1.51098	8.81027	2.99564	4.80996	4.52136	NA	0.9965	0.82025	NA	0.39875	1.84259	0.6106	2.65397	NA	4.96712	6.48077	8.87941	5.08669	3.52169	2.5693	0.90537	4.9387	12.24134	11.75124	NA	NA	NA	1.54961	3.27139	1.80877	4.99209	5.63502	3.85951	3.05161	3.94906	5.28029	5.82199	2.50192	4.24548	1.83636	NA	NA	1.31531	NA	NA	NA	NA	NA	1.28555	1.89521	2.19283	3.92288	6.66593	0.20609	0.90268	3.30717	3.72375	7.20316	5.02257	6.2501	6.67924	13.00843	2.00705	6.53675	9.90503	6.78838	NA	NA	NA	0.16613	1.71479	1.27077	4.52955	0.93685	NA	NA	0.15949	0.15874	0.83386	5.39014	15.54624	17.20928	0.63974	4.12739	1.92429	1.31889	3.54859	4.48508	13.52771	15.62902	4.66653	4.36001	3.84983	8.28719	NA	NA	12.19233	4.7018	0.63605	1.03075	0.67262	7.36042	0.68745	NA	0.35504	NA	1.53593	0.63576	1.2941	1.64581	NA	NA	3.1793	0.14718	0.29699	NA	0.91508	NA	5.97049	1.33992	9.00237	3.25876	NA	NA	NA	NA	NA	2.14252	NA	NA	6.62074	14.67045	24.64604	8.70466	NA	NA	NA	NA	3.66324	7.50649	6.29858	0.80705	1.27832	1.4557	2.74793	1.78772	0.77209	NA	2.48244	NA	9.10204	6.48396	NA	NA	NA	NA	NA	NA	NA	NA	NA	NA	NA	NA	NA	NA	NA	NA	NA	NA	NA	NA	NA	NA	NA	NA	NA	NA	NA	NA	NA	NA	NA	NA	NA	NA	NA	NA	NA	NA	NA	NA	NA	NA	NA	NA	NA	NA	NA	NA	NA	NA	NA	NA	NA	NA	NA	NA	NA	NA	NA	NA	NA	NA	NA	NA	NA	NA	NA	NA	NA	NA	NA	NA	NA	NA	NA	NA	NA	NA	NA	NA	NA	NA	NA	NA	NA	NA	NA	NA	NA	NA	NA	NA	NA	NA	NA	NA	NA	NA	NA	NA	NA	NA	NA	NA	NA	NA	NA	NA	NA	NA	NA	NA	NA	NA	NA	NA	NA	NA	NA	NA	NA	NA	NA	NA	NA	NA	NA	NA	NA	NA	NA	NA	NA	NA	NA	NA	NA	NA	NA	NA	NA	NA	NA	NA	NA	NA	NA	NA	NA	NA	NA	NA	NA	NA	NA
CBM79	26.61366	10.71102	7.13858	20.45775	27.02205	47.72127	13.44852	29.75402	49.08561	32.47359	10.96991	35.94107	26.57681	16.22039	NA	NA	NA	NA	NA	NA	NA	36.78203	0.94015	4.09577	37.23286	60.82722	41.0044	28.56675	4.81556	14.15042	4.93982	9.36209	6.51868	NA	1.15818	NA	NA	NA	NA	NA	NA	5.15313	18.66713	17.51492	22.47042	30.37059	21.90871	NA	NA	NA	NA	NA	0.47142	NA	15.08177	19.62559	17.89344	17.01643	28.57774	33.60138	17.98588	15.98036	22.80642	2.7609	2.84791	11.13171	27.48486	10.28109	8.19507	9.1182	5.01737	22.36725	9.20365	23.86725	15.09787	1.4616	3.13083	4.17839	NA	1.19816	6.25467	0.4801	9.00288	NA	11.76153	17.21221	38.44854	17.92887	12.99294	14.9851	4.05957	16.92872	36.48528	45.10225	NA	NA	NA	10.78411	2.9953	4.81176	6.40129	9.80056	6.77428	12.73995	9.29827	7.79503	7.53855	7.51224	10.76658	5.734	NA	NA	4.27647	NA	5.03908	40.46891	12.34904	8.64853	2.22044	2.94601	9.12709	8.08237	14.43257	1.93406	3.54908	10.96603	7.0303	12.58384	17.25683	25.66474	29.02516	45.21674	11.7748	29.68303	33.5423	27.34816	54.51001	31.2892	2.18397	12.36557	9.62523	6.28131	9.50399	1.63492	0.34822	NA	NA	0.17932	0.7608	15.43506	38.1062	47.16078	2.75169	10.47925	7.71606	7.03743	34.38137	21.70615	55.49605	63.20156	29.26028	19.19071	14.18095	46.38646	0.18059	NA	50.27598	12.28238	0.18653	3.58265	11.94876	18.82302	0.60842	0.37781	1.68733	1.13447	4.94642	1.453	3.48064	3.19043	NA	NA	21.50765	0.17266	2.33481	2.33447	3.28433	38.04216	42.20631	6.56326	55.46398	14.26191	NA	NA	NA	NA	NA	12.58831	NA	0.18887	27.10792	31.63332	44.54723	25.63787	NA	0.17846	NA	NA	19.53984	25.11533	25.2434	5.00299	4.50452	1.80281	3.4689	4.89467	4.33285	0.38361	2.82364	NA	31.32351	28.59691	NA	NA	NA	NA	NA	NA	NA	NA	NA	NA	NA	NA	NA	NA	NA	NA	NA	NA	NA	NA	NA	NA	NA	NA	NA	NA	NA	NA	NA	NA	NA	NA	NA	NA	NA	NA	NA	NA	NA	NA	NA	NA	NA	NA	NA	NA	NA	NA	NA	NA	NA	NA	NA	NA	NA	NA	NA	NA	NA	NA	NA	NA	NA	NA	NA	NA	NA	NA	NA	NA	NA	NA	NA	NA	NA	NA	NA	NA	NA	NA	NA	NA	NA	NA	NA	NA	NA	NA	NA	NA	NA	NA	NA	NA	NA	NA	NA	NA	NA	NA	NA	NA	NA	NA	NA	NA	NA	NA	NA	NA	NA	NA	NA	NA	NA	NA	NA	NA	NA	NA	NA	NA	NA	NA	NA	NA	NA	NA	NA	NA	NA	NA	NA	NA	NA	NA	NA	NA	NA	NA	NA	NA	NA	NA	NA	NA	NA	NA	NA	NA	NA	NA	NA	NA	NA
CBM82	27.0762	89.04068	31.23948	27.90414	30.67359	11.25399	29.37253	19.8262	15.03196	10.38172	6.90333	12.7493	16.05382	17.2318	NA	NA	NA	NA	NA	NA	NA	21.58247	46.11231	22.08544	31.31053	11.06984	5.83707	69.78658	23.66074	56.64521	25.37069	30.75341	22.35545	54.69143	42.51223	31.19758	76.64017	50.20562	26.09163	57.10014	53.19911	23.75173	25.92662	17.48665	17.94707	2.28152	3.98236	44.6732	10.15036	41.06426	32.88062	40.30914	48.26797	34.76212	8.78351	3.13673	7.50697	8.12665	6.33991	4.15891	8.92458	22.63817	21.1772	18.17855	29.27907	11.48638	14.54923	3.77941	4.04638	2.15143	10.81093	9.43554	5.17679	6.09163	9.47479	5.73277	16.89027	2.70568	17.00377	2.08305	1.76157	2.29262	7.982	9.1864	7.11324	10.75791	17.93178	5.84882	10.07968	29.94127	9.89302	14.86354	11.45724	7.16323	NA	NA	16.14242	16.07652	12.11501	22.35514	17.20269	3.33554	11.90002	14.25014	1.95842	8.71147	9.94919	16.33401	11.66566	7.98476	NA	NA	21.97438	NA	NA	NA	NA	34.61569	31.06586	46.58411	21.81566	26.35342	13.21984	16.47467	25.10423	13.82631	15.45234	6.58703	42.77412	35.97686	5.35611	2.91685	5.6762	6.94579	4.32798	6.27041	NA	NA	NA	NA	16.33273	3.51928	32.59483	12.74213	NA	NA	NA	NA	31.89041	52.31537	4.62128	13.71807	4.6128	12.33931	12.76866	6.27824	NA	NA	NA	0.31538	18.52157	10.06029	1.88284	11.8945	16.58308	16.39508	8.28053	15.09802	5.22979	4.65712	7.69011	13.67148	2.12919	1.73049	6.65574	12.13499	59.14201	41.99366	15.29377	19.87731	9.29965	71.43188	10.31515	21.9551	6.60578	11.02977	1.78721	NA	64.11065	46.39384	33.63024	40.01001	12.75331	10.75062	12.44431	16.19983	NA	4.08825	15.44983	9.48987	9.02419	6.31159	6.02187	2.82035	68.34816	66.16319	5.4362	6.71671	2.87897	5.05084	1.15502	1.59089	14.47758	10.52668	7.26318	1.67329	19.30888	13.0293	5.89181	5.90895	NA	3.79701	NA	NA	NA	NA	NA	NA	NA	NA	NA	NA	NA	NA	NA	NA	NA	NA	NA	NA	NA	NA	NA	NA	NA	NA	NA	NA	NA	NA	NA	NA	NA	NA	NA	NA	NA	NA	NA	NA	NA	NA	NA	NA	NA	NA	NA	NA	NA	NA	NA	NA	NA	NA	NA	NA	NA	NA	NA	NA	NA	NA	NA	NA	NA	NA	NA	NA	NA	NA	NA	NA	NA	NA	NA	NA	NA	NA	NA	NA	NA	NA	NA	NA	NA	NA	NA	NA	NA	NA	NA	NA	NA	NA	NA	NA	NA	NA	NA	NA	NA	NA	NA	NA	NA	NA	NA	NA	NA	NA	NA	NA	NA	NA	NA	NA	NA	NA	NA	NA	NA	NA	NA	NA	NA	NA	NA	NA	NA	NA	NA	NA	NA	NA	NA	NA	NA	NA	NA	NA	NA	NA	NA	NA	NA	NA	NA	NA	NA	NA	NA	NA	NA	NA	NA	NA	NA
CBM83	40.00605	115.85054	40.70299	29.81235	35.98568	19.69133	35.5197	28.85011	20.42124	19.84588	12.28062	13.98225	12.23174	26.70193	NA	NA	NA	NA	NA	NA	NA	22.13428	64.61727	30.9082	26.4733	10.17945	8.77597	63.58051	38.02381	75.72887	30.31931	35.8881	25.17645	57.83323	29.85814	39.08111	91.13643	50.92007	38.56097	53.44831	63.95777	26.88174	29.90618	25.09663	23.69549	2.65446	6.58678	45.43511	17.06198	48.72163	32.66697	44.56407	56.06675	46.70809	15.36482	8.49363	13.92982	13.20498	9.50537	7.15515	18.87648	23.26551	31.70884	21.44536	26.9924	8.82278	12.64277	4.05569	3.01813	3.65266	8.01511	11.05472	6.31773	6.68884	10.19822	3.10201	23.62115	9.27477	16.54012	0.85369	2.46338	2.95826	8.60235	7.43052	5.68219	8.01131	24.58774	7.29262	15.06484	47.78163	10.14833	22.781	21.24955	10.15417	0.25819	10.52875	26.35506	22.63037	21.02687	18.40435	28.31944	4.77978	26.96146	15.61844	4.95122	20.73286	8.59508	12.45572	10.13364	16.38812	NA	NA	32.54943	NA	NA	NA	NA	49.38856	46.27213	56.86035	26.18049	23.53431	14.76552	24.04573	41.23524	22.77922	18.83966	13.26961	42.89281	45.36027	2.68995	3.42813	3.41141	14.97563	6.16172	5.25714	0.20837	0.21902	NA	0.21971	20.81847	5.48572	35.17975	20.22348	10.09028	4.55937	0.41845	1.47126	39.53759	57.62727	4.15403	17.5749	4.44799	11.83828	21.86561	7.4423	0.61953	1.09331	NA	0.21499	24.52388	17.97862	2.4614	7.65987	23.18348	30.2982	5.94338	24.33213	4.90838	7.61956	14.98703	13.57141	3.00949	0.2215	10.05822	16.12296	65.06788	50.95053	14.46973	20.25873	14.00749	81.00099	13.10024	26.99211	9.42059	21.49609	4.65235	NA	69.25176	65.9585	48.49632	47.82371	21.75178	17.44089	19.98201	17.37961	92.38114	11.06876	15.69119	24.38801	12.6359	12.52055	7.57082	5.82646	76.90395	88.66843	11.41107	5.62288	11.45516	17.9534	1.51298	2.33856	19.35279	10.42491	8.41925	1.71718	32.05398	11.18871	7.24172	11.29298	1.72611	6.40125	NA	NA	NA	NA	NA	NA	NA	NA	NA	NA	NA	NA	NA	NA	NA	NA	NA	NA	NA	NA	NA	NA	NA	NA	NA	NA	NA	NA	NA	NA	NA	NA	NA	NA	NA	NA	NA	NA	NA	NA	NA	NA	NA	NA	NA	NA	NA	NA	NA	NA	NA	NA	NA	NA	NA	NA	NA	NA	NA	NA	NA	NA	NA	NA	NA	NA	NA	NA	NA	NA	NA	NA	NA	NA	NA	NA	NA	NA	NA	NA	NA	NA	NA	NA	NA	NA	NA	NA	NA	NA	NA	NA	NA	NA	NA	NA	NA	NA	NA	NA	NA	NA	NA	NA	NA	NA	NA	NA	NA	NA	NA	NA	NA	NA	NA	NA	NA	NA	NA	NA	NA	NA	NA	NA	NA	NA	NA	NA	NA	NA	NA	NA	NA	NA	NA	NA	NA	NA	NA	NA	NA	NA	NA	NA	NA	NA	NA	NA	NA	NA	NA	NA	NA	NA	NA
CBM85	NA	NA	NA	NA	NA	NA	NA	NA	NA	NA	NA	NA	NA	NA	NA	NA	NA	NA	NA	NA	NA	NA	NA	NA	NA	NA	NA	NA	NA	NA	NA	NA	NA	NA	NA	NA	NA	NA	NA	NA	NA	NA	NA	NA	NA	NA	NA	NA	NA	NA	NA	NA	NA	NA	NA	NA	NA	NA	NA	NA	NA	NA	NA	NA	NA	NA	NA	NA	NA	NA	NA	NA	NA	NA	NA	NA	NA	NA	NA	NA	NA	NA	NA	NA	NA	NA	NA	NA	NA	NA	NA	NA	NA	NA	NA	NA	NA	NA	NA	NA	NA	NA	NA	NA	NA	NA	NA	NA	NA	NA	NA	NA	NA	NA	NA	NA	NA	NA	NA	NA	0.42804	NA	0.3943	NA	NA	NA	NA	NA	NA	NA	NA	NA	NA	NA	NA	NA	NA	NA	NA	NA	NA	NA	NA	0.30479	NA	NA	NA	NA	NA	NA	NA	NA	NA	NA	NA	NA	0.45056	NA	NA	NA	NA	NA	NA	NA	NA	NA	NA	NA	NA	0.32748	NA	NA	NA	NA	NA	NA	NA	NA	NA	NA	NA	NA	NA	NA	NA	NA	NA	NA	NA	NA	NA	NA	NA	NA	NA	NA	NA	NA	NA	NA	NA	NA	NA	NA	NA	NA	NA	NA	NA	NA	NA	NA	NA	NA	NA	0.3098	NA	NA	NA	NA	NA	NA	NA	NA	NA	NA	NA	NA	NA	NA	NA	NA	NA	NA	NA	NA	NA	NA	NA	NA	NA	NA	NA	NA	NA	NA	NA	NA	NA	NA	NA	NA	NA	NA	NA	NA	NA	NA	NA	NA	NA	NA	NA	NA	NA	NA	NA	NA	NA	NA	NA	NA	NA	NA	NA	NA	NA	NA	NA	NA	NA	NA	NA	NA	NA	NA	NA	NA	NA	NA	NA	NA	NA	NA	NA	NA	NA	NA	NA	NA	NA	NA	NA	NA	NA	NA	NA	NA	NA	NA	NA	NA	NA	NA	NA	NA	NA	NA	NA	NA	NA	NA	NA	NA	NA	NA	NA	NA	NA	NA	NA	NA	NA	NA	NA	NA	NA	NA	NA	NA	NA	NA	NA	NA	NA	NA	NA	NA	NA	NA	NA	NA	NA	NA	NA	NA	NA	NA	NA	NA	NA	NA	NA	NA	NA	NA	NA	NA	NA	NA	NA	NA	NA	NA	NA	NA	NA
CBM86	2.23702	4.65435	NA	1.0246	5.85005	6.56669	NA	24.60498	14.79784	8.31084	10.62015	18.40043	13.18042	31.39598	NA	NA	NA	NA	NA	NA	NA	16.87484	49.31745	19.48647	26.38582	6.949	8.26518	53.47173	20.867	20.56752	22.87983	20.75508	14.26108	17.12027	16.31191	22.33205	66.22713	34.57293	22.27071	35.98377	35.65465	21.33318	20.51822	11.23861	0.47565	0.66577	2.22241	14.22517	12.55775	28.33284	16.4083	7.26971	27.87188	16.26564	6.2633	4.68504	5.45496	5.3436	7.54178	4.78852	4.9759	8.80329	4.5339	13.59489	8.53879	2.5302	10.80757	5.27051	6.16191	0.48938	6.0145	0.89394	1.92884	0.69859	2.74469	NA	NA	0.48825	0.50507	NA	NA	NA	12.09321	14.70643	11.80434	16.99853	1.19965	NA	NA	2.58812	NA	3.99799	4.06134	0.76307	NA	NA	12.20694	14.21903	11.72508	7.96187	14.3373	3.03076	13.7465	0.48794	NA	NA	1.00362	1.87031	0.95036	NA	NA	NA	NA	NA	NA	NA	NA	NA	NA	NA	NA	NA	5.39816	NA	6.76988	3.17527	7.18825	5.37791	1.42139	2.30443	1.55751	0.74663	3.67012	22.03384	14.63937	8.43407	0.73029	3.0724	NA	NA	0.36493	0.35702	NA	1.08853	2.0064	NA	0.18102	NA	31.93012	43.83538	4.33627	11.4192	NA	NA	NA	NA	NA	NA	NA	NA	0.35238	0.93813	NA	NA	10.73205	15.47352	10.05033	11.43824	NA	NA	1.36593	NA	NA	NA	0.20964	0.36759	12.1437	22.76087	14.92543	16.68448	8.59397	53.72759	1.90194	13.60435	0.69016	1.65747	1.24045	NA	11.95382	12.35117	0.36666	12.11766	2.15269	0.816	8.20377	2.79024	NA	1.0393	0.54657	2.53594	13.76402	7.62894	10.42686	5.66528	38.81038	45.22163	6.31101	2.86024	11.34657	3.7959	6.15734	5.26979	3.09993	1.4575	0.19924	0.94397	21.6817	7.68691	10.95258	10.84864	NA	0.90852	NA	NA	NA	NA	NA	NA	NA	NA	NA	NA	NA	NA	NA	NA	NA	NA	NA	NA	NA	NA	NA	NA	NA	NA	NA	NA	NA	NA	NA	NA	NA	NA	NA	NA	NA	NA	NA	NA	NA	NA	NA	NA	NA	NA	NA	NA	NA	NA	NA	NA	NA	NA	NA	NA	NA	NA	NA	NA	NA	NA	NA	NA	NA	NA	NA	NA	NA	NA	NA	NA	NA	NA	NA	NA	NA	NA	NA	NA	NA	NA	NA	NA	NA	NA	NA	NA	NA	NA	NA	NA	NA	NA	NA	NA	NA	NA	NA	NA	NA	NA	NA	NA	NA	NA	NA	NA	NA	NA	NA	NA	NA	NA	NA	NA	NA	NA	NA	NA	NA	NA	NA	NA	NA	NA	NA	NA	NA	NA	NA	NA	NA	NA	NA	NA	NA	NA	NA	NA	NA	NA	NA	NA	NA	NA	NA	NA	NA	NA	NA	NA	NA	NA	NA	NA	NA
CBM9	13.37009	13.82237	16.59554	19.222	21.80157	26.96202	14.54311	43.189	33.76473	28.52112	17.84706	28.88046	36.43689	51.43971	19.31638	42.70918	46.72757	36.71807	45.70401	44.10373	50.37425	28.87815	43.77856	20.42803	46.46606	37.55785	44.89334	58.91134	33.81425	23.85019	33.62829	49.24542	23.69892	49.22098	31.79245	55.54103	61.27286	78.35703	54.54086	63.47581	62.21354	34.27681	22.18983	29.7632	26.48724	21.22897	12.13916	48.06424	37.26275	48.36979	53.24698	53.89784	49.13724	35.51834	18.25182	17.4764	14.14394	18.30477	18.50292	17.00468	18.91034	18.85088	16.08232	61.26589	38.04538	54.42566	54.10901	42.82539	13.87421	10.89669	29.12851	13.42693	16.48712	19.18146	10.53623	7.93758	13.08196	1.31483	6.01571	9.11711	13.0496	9.39259	18.2043	22.87882	19.29029	21.78445	10.13829	6.47221	13.91418	20.46361	7.83811	21.03888	21.35657	19.29457	3.85653	1.15335	19.87335	24.63895	25.733	21.2453	23.17712	19.93996	23.49272	12.46739	23.31366	24.95481	20.58347	32.29948	26.50735	26.40186	41.18063	33.7628	12.44703	18.09386	22.31077	40.97237	14.31923	9.69793	13.42326	23.24091	16.36835	20.32914	8.12482	6.40942	16.18647	21.14168	14.17575	12.80025	19.73532	17.06881	15.75851	21.27387	21.91742	35.92128	30.50558	27.35937	34.6058	28.21346	27.36043	35.82306	9.91524	18.3278	7.82928	13.36012	42.84127	42.72565	21.25071	39.13773	31.23559	55.15827	40.54403	40.15599	8.22594	21.38481	18.35617	9.02743	21.66588	22.11416	18.04985	21.00208	23.70741	37.3591	20.44325	20.83986	37.69864	37.5338	38.06382	39.25819	11.71561	7.61287	15.74122	11.3406	3.63528	9.22457	10.34293	8.5588	40.91742	67.48466	47.36938	56.80668	63.20594	73.7883	36.29719	59.44517	19.16288	10.58539	18.91984	18.75064	39.94321	27.64694	18.1269	25.70633	13.75961	27.92981	8.82204	6.48774	66.19143	13.2814	13.31483	7.76283	33.69863	28.05225	18.55369	21.85813	53.78895	48.68046	36.26411	37.832	31.09926	13.27378	13.65133	7.32001	25.47192	16.56583	37.99267	9.88426	26.8609	16.42548	49.27714	31.76507	38.18323	30.3392	NA	NA	NA	NA	NA	NA	NA	NA	NA	NA	NA	NA	NA	NA	NA	NA	NA	NA	NA	NA	NA	NA	NA	NA	NA	NA	NA	NA	NA	NA	NA	NA	NA	NA	NA	NA	NA	NA	NA	NA	NA	NA	NA	NA	NA	NA	NA	NA	NA	NA	NA	NA	NA	NA	NA	NA	NA	NA	NA	NA	NA	NA	NA	NA	NA	NA	NA	NA	NA	NA	NA	NA	NA	NA	NA	NA	NA	NA	NA	NA	NA	NA	NA	NA	NA	NA	NA	NA	NA	NA	NA	NA	NA	NA	NA	NA	NA	NA	NA	NA	NA	NA	NA	NA	NA	NA	NA	NA	NA	NA	NA	NA	NA	NA	NA	NA	NA	NA	NA	NA	NA	NA	NA	NA	NA	NA	NA	NA	NA	NA	NA	NA	NA	NA	NA	NA	NA	NA	NA	NA	NA	NA	NA	NA	NA	NA	NA	NA	NA	NA	NA	NA	NA	NA	NA
CE1	624.18047	517.72083	526.42987	526.23135	514.53996	567.94855	593.29576	802.96558	750.33537	783.7484	689.24927	781.28839	778.00853	710.79871	1247.06095	1155.88862	833.5462	1119.59086	1089.35384	667.23319	580.78783	401.08854	787.1962	480.95085	546.9645	509.90797	538.8897	573.10076	714.96495	619.79827	830.45523	833.52593	779.22288	931.28854	773.62	615.84549	614.14548	755.17086	668.26822	639.96568	682.51429	820.70644	847.09624	640.47064	635.2439	512.88861	613.38239	743.54797	1093.08056	861.26252	943.99727	748.23485	660.39595	785.65673	819.55755	1085.34275	1183.43082	1137.10917	953.3696	1106.53699	881.63088	424.95303	532.6408	711.21559	754.86716	666.47959	670.5708	602.36731	693.56975	755.18642	667.46741	714.16581	771.22062	767.42046	577.71739	433.94606	563.86454	291.24986	485.68275	539.49363	654.72863	743.25875	675.52938	777.80029	592.17245	594.84926	548.18853	539.4385	651.74195	756.28233	569.69259	668.09191	555.52752	453.90364	935.0733	611.77753	722.18806	977.69696	970.665	1153.683	958.87885	975.37252	977.18132	979.12927	1053.40777	1130.49141	951.5135	969.10259	847.19595	896.02087	924.61182	1040.95289	716.20332	853.45996	970.02533	697.95225	696.19571	540.80437	650.04519	576.14464	538.97985	662.97099	610.8166	538.77299	963.49048	907.55437	908.76594	940.22086	631.04333	586.38292	510.71869	751.44936	654.43702	654.15957	702.85793	773.69212	719.12455	724.55279	870.88699	808.6224	558.66747	482.48138	597.22366	698.15184	847.86954	1107.99241	829.27055	803.14644	661.3576	555.57317	659.27173	555.2219	692.96084	671.0465	792.06728	661.87024	734.90562	683.0932	671.51667	599.33474	587.94744	631.60259	496.55571	589.35056	941.0255	888.84194	727.03602	946.81131	561.43747	484.77311	548.85327	484.91422	483.15337	490.66954	576.45007	487.96778	855.24737	865.71747	918.2122	815.44054	952.95686	717.37572	669.22931	705.90722	1083.7969	1124.21637	1148.24884	1384.67503	842.82334	752.75263	873.02055	738.15895	910.12541	1173.82216	1299.43788	1275.65363	697.99327	768.36972	581.96695	606.01304	872.1314	729.00029	630.63436	711.10532	672.66559	645.26049	651.33895	611.27415	691.38246	817.69017	741.32807	937.78394	493.94843	535.6812	453.87918	436.19186	940.86913	617.17507	1025.54215	874.79211	561.7422	574.895	NA	NA	NA	NA	NA	NA	NA	NA	NA	NA	NA	NA	NA	NA	NA	NA	NA	NA	NA	NA	NA	NA	NA	NA	NA	NA	NA	NA	NA	NA	NA	NA	NA	NA	NA	NA	NA	NA	NA	NA	NA	NA	NA	NA	NA	NA	NA	NA	NA	NA	NA	NA	NA	NA	NA	NA	NA	NA	NA	NA	NA	NA	NA	NA	NA	NA	NA	NA	NA	NA	NA	NA	NA	NA	NA	NA	NA	NA	NA	NA	NA	NA	NA	NA	NA	NA	NA	NA	NA	NA	NA	NA	NA	NA	NA	NA	NA	NA	NA	NA	NA	NA	NA	NA	NA	NA	NA	NA	NA	NA	NA	NA	NA	NA	NA	NA	NA	NA	NA	NA	NA	NA	NA	NA	NA	NA	NA	NA	NA	NA	NA	NA	NA	NA	NA	NA	NA	NA	NA	NA	NA	NA	NA	NA	NA	NA	NA	NA	NA	NA	NA	NA	NA	NA	NA
CE11	143.46892	95.6082	71.77543	111.02845	106.58956	70.71791	101.32095	150.6124	88.66326	73.44312	140.72062	104.02293	103.27478	73.47586	274.09916	344.35058	194.25667	287.82789	307.49501	170.11664	97.01304	40.19232	166.55147	66.53104	119.79011	118.52339	144.80066	75.8783	147.536	81.55635	131.23387	172.91065	171.54788	161.09483	156.51774	165.19561	114.58951	230.07988	193.31583	197.37411	216.55611	161.46899	81.83468	69.89731	121.72429	72.03516	94.64152	210.18049	291.80934	208.84352	299.10535	242.3496	172.19181	232.99188	187.4395	238.16633	225.54248	234.41392	226.35701	245.71143	200.44433	91.55403	29.17836	166.55447	163.09062	104.10319	111.9977	60.02527	128.02566	124.37771	135.98184	64.10759	118.34505	69.14777	87.50878	131.70062	145.14689	37.8313	74.91299	98.39288	147.5621	197.27175	116.68233	146.01947	83.02483	77.6681	56.74883	87.38357	128.53044	104.31861	53.09294	71.17583	43.35216	46.46403	131.53279	40.05505	91.55721	122.72022	148.95513	155.30008	130.51952	140.2598	139.13003	136.23837	150.44759	169.83594	137.84023	148.2446	137.55401	153.53581	275.71441	211.36738	234.12741	173.00919	203.26103	129.17564	86.2892	134.07643	179.88366	145.48582	124.44165	213.41637	161.86367	141.31974	136.20155	134.11613	107.73136	110.05832	159.58381	179.62883	97.35968	226.75228	134.05259	144.91832	94.55525	110.84598	194.68	177.07514	209.78174	158.23637	136.28582	71.75876	105.18592	153.6983	272.96182	288.84764	198.32317	204.4524	133.47079	87.74447	146.34372	88.94841	123.62966	113.89201	143.13212	123.37397	98.2409	83.44222	73.79226	59.62814	159.77768	168.00602	110.87069	169.8296	199.18664	197.36306	162.76744	217.86516	129.52582	100.10158	117.31968	65.01995	109.70041	105.20901	91.49072	92.61162	145.2537	199.79082	177.59124	173.36686	240.51378	153.26426	183.91921	214.46603	255.60273	179.62802	249.30564	139.24665	167.61027	130.19746	174.48458	155.88386	272.9721	293.0053	324.53393	294.50685	284.99015	317.09752	211.14106	109.06086	215.10478	179.09633	96.94637	137.05631	125.89838	147.23763	182.36566	226.81783	128.02526	190.02856	154.01609	256.51408	97.14546	67.99949	59.55242	47.78319	120.70216	91.63073	174.51065	130.48715	43.90634	90.65866	NA	NA	NA	NA	NA	NA	NA	NA	NA	NA	NA	NA	NA	NA	NA	NA	NA	NA	NA	NA	NA	NA	NA	NA	NA	NA	NA	NA	NA	NA	NA	NA	NA	NA	NA	NA	NA	NA	NA	NA	NA	NA	NA	NA	NA	NA	NA	NA	NA	NA	NA	NA	NA	NA	NA	NA	NA	NA	NA	NA	NA	NA	NA	NA	NA	NA	NA	NA	NA	NA	NA	NA	NA	NA	NA	NA	NA	NA	NA	NA	NA	NA	NA	NA	NA	NA	NA	NA	NA	NA	NA	NA	NA	NA	NA	NA	NA	NA	NA	NA	NA	NA	NA	NA	NA	NA	NA	NA	NA	NA	NA	NA	NA	NA	NA	NA	NA	NA	NA	NA	NA	NA	NA	NA	NA	NA	NA	NA	NA	NA	NA	NA	NA	NA	NA	NA	NA	NA	NA	NA	NA	NA	NA	NA	NA	NA	NA	NA	NA	NA	NA	NA	NA	NA	NA
CE12	141.36164	125.11451	113.45435	159.00009	147.91926	151.68191	117.01616	198.10437	145.16941	254.50741	208.11247	279.55025	295.34323	116.01306	352.4564	499.87883	364.73462	494.70053	641.01478	255.04519	112.97573	61.85252	194.98253	100.13059	228.92476	244.08561	286.94702	105.99937	144.8549	118.75476	172.38253	212.26741	144.49768	188.23782	182.86498	256.35236	187.16263	505.68957	472.86277	383.11142	385.29263	150.17305	106.96885	109.0748	213.77141	124.15846	143.5943	439.574	379.59403	415.89441	574.47197	539.24441	462.84504	364.30061	200.57587	240.90771	176.02705	249.20425	236.28695	282.44221	217.71399	81.14596	53.72311	205.15215	263.05392	191.25962	161.67565	146.18767	102.12929	117.00667	204.61864	113.67061	251.05109	125.55343	98.01521	89.93303	110.80295	26.36311	70.65403	103.57068	146.27427	167.68632	165.84709	225.44549	216.80643	185.0868	205.60443	163.54647	211.65682	173.65679	119.05759	203.70414	177.54288	139.06643	450.25408	186.82625	154.84155	199.94421	356.38871	264.26132	283.54308	225.05526	199.82594	162.22663	210.9879	335.73615	281.69626	372.4625	322.62415	188.98771	505.66198	303.7987	184.87073	215.27486	311.78546	194.41228	118.25619	110.99016	149.34998	110.7518	116.18194	189.48559	162.18133	99.08126	196.54297	225.94481	234.40459	238.18752	133.28239	134.60502	149.79595	235.57323	146.86403	147.90987	281.30121	289.90379	159.69379	159.71521	267.53983	168.37778	101.42056	61.67905	97.54893	146.2313	355.52283	386.38319	243.51609	371.18747	109.51953	107.04289	204.19222	138.24034	144.91981	154.60715	447.82708	157.05171	214.45429	153.07553	251.58336	228.55336	101.79053	179.4158	157.22092	266.09327	318.76372	369.91741	235.35035	288.17964	113.49194	98.18435	88.59961	92.70521	60.44571	102.63481	89.00032	83.56146	206.92531	262.91949	257.70585	208.65411	382.35056	247.71617	386.09072	422.86856	276.00002	264.95283	348.14503	245.99779	232.74307	128.91352	228.49341	221.09775	183.60178	219.98434	224.98649	218.98015	120.85849	589.44735	385.75623	166.41803	211.14118	159.35499	187.02895	234.80856	246.19171	261.97304	427.66342	469.99124	135.29571	232.70406	200.7408	381.4202	92.6253	65.70571	67.5846	33.0933	142.65896	90.95717	418.29229	437.26755	140.90449	173.67128	NA	NA	NA	NA	NA	NA	NA	NA	NA	NA	NA	NA	NA	NA	NA	NA	NA	NA	NA	NA	NA	NA	NA	NA	NA	NA	NA	NA	NA	NA	NA	NA	NA	NA	NA	NA	NA	NA	NA	NA	NA	NA	NA	NA	NA	NA	NA	NA	NA	NA	NA	NA	NA	NA	NA	NA	NA	NA	NA	NA	NA	NA	NA	NA	NA	NA	NA	NA	NA	NA	NA	NA	NA	NA	NA	NA	NA	NA	NA	NA	NA	NA	NA	NA	NA	NA	NA	NA	NA	NA	NA	NA	NA	NA	NA	NA	NA	NA	NA	NA	NA	NA	NA	NA	NA	NA	NA	NA	NA	NA	NA	NA	NA	NA	NA	NA	NA	NA	NA	NA	NA	NA	NA	NA	NA	NA	NA	NA	NA	NA	NA	NA	NA	NA	NA	NA	NA	NA	NA	NA	NA	NA	NA	NA	NA	NA	NA	NA	NA	NA	NA	NA	NA	NA	NA
CE13	NA	NA	NA	0.13056	NA	NA	NA	0.1182	0.12031	NA	0.69333	0.25407	0.87595	0.48432	1.40203	1.11197	3.49128	1.79041	0.91508	4.72225	1.78786	NA	NA	NA	NA	NA	NA	0.6179	NA	NA	NA	NA	NA	NA	NA	0.23882	0.36495	0.22943	NA	NA	0.1172	0.11678	1.92542	1.29806	2.76849	3.05304	3.32674	0.12364	0.11284	NA	NA	0.48721	NA	NA	0.14699	0.24683	0.76676	0.3651	0.64269	1.04088	0.24141	NA	0.47365	0.40754	0.11573	0.23915	0.40547	0.33931	0.11759	NA	0.37982	0.4638	0.63118	0.35608	0.37648	NA	0.24654	0.32243	NA	0.56023	NA	NA	1.20905	0.238	1.73827	3.83812	2.07901	1.25521	0.92696	NA	0.41203	0.33972	0.44666	0.25929	0.19443	0.19826	1.81492	1.70435	3.09988	2.26145	3.34211	1.20141	3.09031	NA	NA	0.24055	NA	NA	NA	0.13594	0.20355	NA	0.25966	0.1193	NA	NA	0.43198	0.25982	0.50756	0.87298	1.81813	0.24455	NA	NA	NA	NA	NA	0.19391	NA	NA	NA	0.09514	0.16162	NA	NA	0.11878	0.26373	0.32652	NA	NA	0.09301	0.09446	0.20377	0.07712	1.20862	1.46766	2.26696	1.69223	0.24712	0.48406	NA	NA	0.26843	1.52774	1.89938	1.17164	0.18664	0.09655	NA	0.31546	0.0898	NA	NA	NA	0.18234	0.27513	0.26284	0.80571	0.25125	0.30424	0.29876	0.10137	0.20478	NA	NA	0.36889	0.18193	NA	0.0799	NA	0.08845	NA	NA	0.17433	NA	NA	NA	NA	NA	0.19371	0.18689	0.07575	2.48531	2.61468	0.18494	0.18757	NA	0.45698	0.58713	0.78966	1.02532	0.80395	0.8604	0.73078	NA	0.27284	NA	NA	0.48842	0.21124	2.1703	1.52031	0.18927	0.10224	0.30467	0.96583	2.27463	1.24021	0.73509	4.39359	3.25939	4.44669	NA	NA	NA	NA	NA	NA	NA	NA	NA	NA	NA	NA	NA	NA	NA	NA	NA	NA	NA	NA	NA	NA	NA	NA	NA	NA	NA	NA	NA	NA	NA	NA	NA	NA	NA	NA	NA	NA	NA	NA	NA	NA	NA	NA	NA	NA	NA	NA	NA	NA	NA	NA	NA	NA	NA	NA	NA	NA	NA	NA	NA	NA	NA	NA	NA	NA	NA	NA	NA	NA	NA	NA	NA	NA	NA	NA	NA	NA	NA	NA	NA	NA	NA	NA	NA	NA	NA	NA	NA	NA	NA	NA	NA	NA	NA	NA	NA	NA	NA	NA	NA	NA	NA	NA	NA	NA	NA	NA	NA	NA	NA	NA	NA	NA	NA	NA	NA	NA	NA	NA	NA	NA	NA	NA	NA	NA	NA	NA	NA	NA	NA	NA	NA	NA	NA	NA	NA	NA	NA	NA	NA	NA	NA	NA	NA	NA	NA	NA	NA	NA	NA	NA	NA	NA	NA
CE14	4.75779	5.00267	17.33451	12.56356	7.53651	8.85667	9.99037	6.14707	8.46413	11.91459	11.57983	12.14847	12.85174	25.16881	7.43777	1.60621	2.5736	0.92786	0.64428	3.97639	4.71445	8.74026	8.67677	5.92511	2.37382	7.37488	2.76656	4.82377	17.24866	10.95476	12.23086	7.49249	17.08619	6.82202	11.03616	2.57247	4.55011	3.7027	4.31895	2.18572	4.84774	16.77404	3.16412	8.97141	5.79089	3.32314	7.96819	3.95634	15.66009	4.70088	3.74115	2.16536	3.78437	6.52959	9.69488	7.79962	18.09591	7.26695	9.16927	2.67038	9.93132	8.00539	13.58228	8.53864	5.44471	7.73902	7.67322	11.62626	7.92357	8.5338	7.91614	28.80662	13.26256	33.19352	9.0285	20.2669	18.178	7.67682	28.33504	30.27854	25.73325	26.8609	24.50764	5.80704	4.888	3.52736	0.46225	22.93967	19.48832	7.3196	12.50382	6.94278	18.28795	6.38273	9.61664	4.99948	8.07083	17.01144	9.42867	14.09848	20.53073	9.33829	9.87468	36.07726	46.10345	41.82614	32.24946	25.94473	25.34033	32.07593	2.61076	5.46546	4.99582	8.51571	20.1937	21.55078	44.53408	8.71122	8.09702	13.9894	13.62953	7.05212	4.88257	12.29819	9.64346	6.81739	21.07111	24.16986	4.52963	6.20699	5.29004	2.03699	16.65877	7.21256	4.42415	12.6367	11.38283	5.58066	9.05229	4.03842	8.26189	11.41728	8.20759	4.09703	1.47106	0.57045	1.01689	0.48422	7.5391	4.77653	3.15595	2.70458	29.13732	6.98283	4.02275	27.17372	4.96117	7.49266	22.66193	17.7258	10.1346	23.21673	17.49373	12.39079	14.92304	11.18419	5.46481	10.13968	13.31951	6.6038	7.25879	13.08353	17.73497	26.19934	36.31932	17.90233	2.99351	2.5652	1.20225	2.58008	10.86961	2.75767	0.69251	1.34433	17.56095	10.99136	12.55749	NA	0.96795	1.57942	5.57915	9.00326	0.40742	1.83096	1.10093	0.31632	NA	2.86618	3.3851	3.72484	3.47684	4.75445	8.88927	5.57067	2.66918	2.42526	2.59687	2.65031	2.98624	8.54106	2.71899	1.3628	14.62059	12.89253	12.60573	36.96095	15.73301	25.37943	7.00349	1.17718	4.29319	7.05114	NA	NA	NA	NA	NA	NA	NA	NA	NA	NA	NA	NA	NA	NA	NA	NA	NA	NA	NA	NA	NA	NA	NA	NA	NA	NA	NA	NA	NA	NA	NA	NA	NA	NA	NA	NA	NA	NA	NA	NA	NA	NA	NA	NA	NA	NA	NA	NA	NA	NA	NA	NA	NA	NA	NA	NA	NA	NA	NA	NA	NA	NA	NA	NA	NA	NA	NA	NA	NA	NA	NA	NA	NA	NA	NA	NA	NA	NA	NA	NA	NA	NA	NA	NA	NA	NA	NA	NA	NA	NA	NA	NA	NA	NA	NA	NA	NA	NA	NA	NA	NA	NA	NA	NA	NA	NA	NA	NA	NA	NA	NA	NA	NA	NA	NA	NA	NA	NA	NA	NA	NA	NA	NA	NA	NA	NA	NA	NA	NA	NA	NA	NA	NA	NA	NA	NA	NA	NA	NA	NA	NA	NA	NA	NA	NA	NA	NA	NA	NA	NA	NA	NA	NA	NA	NA
CE15	20.18288	22.17348	30.65922	19.15439	18.81301	25.16562	23.5308	40.93755	37.16563	45.68094	56.62469	64.15156	52.30268	53.6774	50.78354	62.93249	43.23398	65.41747	91.95453	35.86397	16.8233	32.71406	40.38743	23.74992	27.96038	36.04887	37.35294	23.06668	26.37021	24.93817	35.50008	39.13851	34.25464	31.85193	38.14185	25.35349	17.69837	35.19596	33.92006	13.74407	16.02483	33.48582	23.96429	27.52412	26.51745	18.9582	28.59461	15.04716	57.70852	16.21386	34.95232	17.24446	11.55268	34.26606	17.69063	20.20819	7.58973	14.08249	14.62039	18.58869	19.27801	15.87868	20.11382	21.70987	21.04608	11.88406	17.97064	12.37253	38.67348	34.36683	34.01239	47.48853	37.72406	61.69728	19.89247	34.94818	37.43503	10.65412	40.33891	51.43319	75.27874	66.29509	44.84622	49.36343	40.58512	33.05587	17.42644	29.09759	42.39169	33.51327	45.90471	33.70363	59.99687	33.89947	59.66752	50.68991	40.52812	55.54471	79.02255	94.60079	78.92459	81.1583	58.22158	33.58621	50.60641	53.47301	48.2394	65.80034	51.99782	35.40018	27.65593	41.08011	17.35975	41.56695	62.62532	25.55157	79.08301	16.94158	21.08577	10.38566	13.09501	13.42786	27.68383	26.98885	34.06752	42.71901	23.40259	24.23866	20.25453	17.84815	12.92003	11.20619	38.44064	27.46648	22.58801	32.88084	36.26221	27.30014	73.37666	35.2618	18.83149	16.59708	15.65175	15.28393	57.41499	58.35651	22.18814	51.29797	39.9366	28.46743	38.50002	20.39942	36.62728	33.15255	44.16931	44.78938	32.90062	35.20462	29.04357	18.76007	19.35656	31.56726	13.57293	19.60341	6.9873	14.39297	7.15691	13.25166	33.61285	22.89953	18.02224	12.16903	30.47513	47.55547	54.13958	27.34514	26.94263	37.6305	31.82721	28.78146	49.37942	27.38072	29.92751	27.88169	81.61023	56.66179	87.51345	55.46127	25.42834	32.20695	52.77427	39.06114	12.49647	15.88023	3.91923	1.37197	NA	18.27789	20.48709	15.74494	22.88782	13.44848	14.83112	16.38321	9.55743	12.39262	15.98716	15.32863	11.29003	16.64475	11.42214	5.58288	14.84112	26.0056	14.60874	17.99917	69.53396	49.81784	78.63599	51.54119	32.65151	28.44177	NA	NA	NA	NA	NA	NA	NA	NA	NA	NA	NA	NA	NA	NA	NA	NA	NA	NA	NA	NA	NA	NA	NA	NA	NA	NA	NA	NA	NA	NA	NA	NA	NA	NA	NA	NA	NA	NA	NA	NA	NA	NA	NA	NA	NA	NA	NA	NA	NA	NA	NA	NA	NA	NA	NA	NA	NA	NA	NA	NA	NA	NA	NA	NA	NA	NA	NA	NA	NA	NA	NA	NA	NA	NA	NA	NA	NA	NA	NA	NA	NA	NA	NA	NA	NA	NA	NA	NA	NA	NA	NA	NA	NA	NA	NA	NA	NA	NA	NA	NA	NA	NA	NA	NA	NA	NA	NA	NA	NA	NA	NA	NA	NA	NA	NA	NA	NA	NA	NA	NA	NA	NA	NA	NA	NA	NA	NA	NA	NA	NA	NA	NA	NA	NA	NA	NA	NA	NA	NA	NA	NA	NA	NA	NA	NA	NA	NA	NA	NA	NA	NA	NA	NA	NA	NA
CE17	51.93584	45.90184	34.98876	44.13757	57.13447	80.66016	46.97974	36.54647	55.43619	50.72411	39.86264	60.94725	58.95012	51.9516	NA	NA	NA	NA	NA	NA	NA	19.31587	4.44327	14.88339	46.15986	52.63388	54.09167	27.66145	40.09616	38.8605	46.00114	58.04559	36.95234	29.09473	39.97619	4.92659	8.80052	3.98971	4.95067	7.86408	10.34852	20.26948	82.31352	30.28236	47.8154	46.05007	42.30484	2.24071	0.29156	2.35071	0.31985	5.99801	2.76387	0.49102	20.62636	7.55203	5.32493	12.12994	11.40099	20.29663	15.91265	16.12952	11.84555	58.12906	32.48803	38.16334	46.52894	40.38977	36.32434	31.02833	33.58549	37.01538	47.50823	40.20361	36.20094	5.99403	18.51114	7.05611	11.03825	11.14818	7.76204	8.83107	32.16401	32.77493	64.40339	64.50362	80.20816	46.60598	38.48404	41.26897	20.38782	76.69235	64.34296	35.95959	17.98443	44.44426	9.76909	22.04028	22.48809	28.75765	29.76439	31.9419	24.8769	22.96302	11.85539	23.51779	30.54228	33.38322	29.96849	16.52737	4.05958	8.65309	17.45285	9.35135	5.16489	33.37852	11.41454	19.39847	8.00777	23.02169	22.3211	20.02605	20.66103	8.58913	7.41382	19.04604	27.67979	48.1866	21.05794	36.36193	71.1103	43.84876	12.89135	30.01748	76.85806	45.11651	9.23785	20.44106	6.48441	40.32628	15.0482	26.85381	17.8544	19.36011	14.78901	14.25052	5.72947	14.69058	7.34323	22.6774	41.04537	59.22932	16.03508	48.49136	24.68219	19.15541	39.76758	35.34731	51.2269	28.95985	23.10695	32.09695	35.46942	32.66946	10.77658	9.76475	24.2873	21.43137	24.52442	33.79218	30.51157	45.72991	12.18245	5.19772	14.64342	10.40621	27.95923	23.89572	51.43749	39.53268	2.03708	5.09173	4.15184	1.37242	12.58431	44.76831	20.12128	NA	16.05803	13.30258	7.68578	19.46425	4.47608	0.4972	6.67811	4.56736	NA	2.04373	1.81427	3.68689	36.16768	37.10075	62.9658	51.76166	1.95728	1.99745	0.70769	0.68118	34.45703	13.73211	35.20994	10.84964	16.04095	8.54798	31.90671	65.83911	19.53962	3.58114	28.01633	24.54253	56.06525	65.6581	NA	NA	NA	NA	NA	NA	NA	NA	NA	NA	NA	NA	NA	NA	NA	NA	NA	NA	NA	NA	NA	NA	NA	NA	NA	NA	NA	NA	NA	NA	NA	NA	NA	NA	NA	NA	NA	NA	NA	NA	NA	NA	NA	NA	NA	NA	NA	NA	NA	NA	NA	NA	NA	NA	NA	NA	NA	NA	NA	NA	NA	NA	NA	NA	NA	NA	NA	NA	NA	NA	NA	NA	NA	NA	NA	NA	NA	NA	NA	NA	NA	NA	NA	NA	NA	NA	NA	NA	NA	NA	NA	NA	NA	NA	NA	NA	NA	NA	NA	NA	NA	NA	NA	NA	NA	NA	NA	NA	NA	NA	NA	NA	NA	NA	NA	NA	NA	NA	NA	NA	NA	NA	NA	NA	NA	NA	NA	NA	NA	NA	NA	NA	NA	NA	NA	NA	NA	NA	NA	NA	NA	NA	NA	NA	NA	NA	NA	NA	NA	NA	NA	NA	NA	NA	NA
CE2	141.29597	90.3186	80.77677	99.83339	152.66252	153.0778	114.9647	103.28315	116.9625	109.65277	116.06733	128.32682	137.18512	118.24029	14.58324	8.65034	26.94249	10.4808	6.12683	28.42844	18.28094	64.30711	34.62725	51.1407	122.99662	143.10157	155.70273	85.00114	54.56904	70.55869	81.11021	89.94728	69.3778	45.78845	69.21742	20.70843	22.65421	17.02757	16.30402	29.66281	29.14913	51.39065	55.52316	69.40074	67.11978	65.19321	76.64314	27.17101	24.97976	30.94525	16.49046	31.04293	13.02223	21.47466	119.53418	213.4303	213.41993	234.61407	172.21714	199.83229	141.12911	46.21966	48.31681	129.8319	96.78767	129.06797	110.0579	90.92286	105.13319	94.64227	80.59003	107.58379	95.9828	106.01336	93.59694	31.45182	47.73398	15.96572	48.08122	50.79279	41.42197	49.78374	82.8123	95.84225	138.90609	129.98519	102.22601	87.31909	88.23099	104.19004	79.26309	135.43692	133.34469	89.81478	83.18681	62.5807	28.40338	70.14185	55.55972	80.56139	72.32232	100.77062	70.24746	66.4145	56.52211	58.50611	101.11886	67.88175	76.4089	49.07248	24.24635	33.33997	146.11158	34.88077	37.20427	76.41184	83.57851	72.15693	83.96857	115.10415	105.81173	139.81259	99.23414	37.79322	28.32026	60.15036	95.54062	148.77145	109.17066	116.49695	169.05442	183.99038	46.46098	90.07167	89.07512	70.71464	29.11372	51.0341	54.88286	105.0596	74.80586	88.46692	78.96888	133.24716	18.65157	17.4325	11.5384	21.73569	46.52343	81.75848	123.72748	156.77959	69.65697	128.4064	83.60394	83.69225	76.71325	76.09454	111.12433	82.15638	60.28961	83.30535	113.73386	108.53447	28.69183	39.20263	51.06681	39.86038	61.7413	83.53946	91.92621	85.90842	41.95433	37.64205	50.87146	44.79241	40.7269	34.2394	74.89808	62.12016	14.96022	12.62604	9.94379	4.72728	58.71669	85.30199	58.7948	38.4115	26.05889	21.73692	26.22569	33.32664	106.03262	168.7701	218.22794	194.93438	83.32417	218.43145	121.5027	52.60569	49.27785	43.691	79.80455	59.90976	27.40705	15.38773	8.0385	7.78452	108.41476	119.61334	172.48793	215.92092	52.90151	39.57273	86.70627	112.1774	64.33526	48.28949	74.88463	65.42369	96.58987	103.12498	NA	NA	NA	NA	NA	NA	NA	NA	NA	NA	NA	NA	NA	NA	NA	NA	NA	NA	NA	NA	NA	NA	NA	NA	NA	NA	NA	NA	NA	NA	NA	NA	NA	NA	NA	NA	NA	NA	NA	NA	NA	NA	NA	NA	NA	NA	NA	NA	NA	NA	NA	NA	NA	NA	NA	NA	NA	NA	NA	NA	NA	NA	NA	NA	NA	NA	NA	NA	NA	NA	NA	NA	NA	NA	NA	NA	NA	NA	NA	NA	NA	NA	NA	NA	NA	NA	NA	NA	NA	NA	NA	NA	NA	NA	NA	NA	NA	NA	NA	NA	NA	NA	NA	NA	NA	NA	NA	NA	NA	NA	NA	NA	NA	NA	NA	NA	NA	NA	NA	NA	NA	NA	NA	NA	NA	NA	NA	NA	NA	NA	NA	NA	NA	NA	NA	NA	NA	NA	NA	NA	NA	NA	NA	NA	NA	NA	NA	NA	NA	NA	NA	NA	NA	NA	NA
CE3	4.83158	3.0442	1.63553	3.34597	3.71363	10.32117	5.82453	8.20681	9.14034	8.94199	2.82598	4.58327	5.03135	3.41215	NA	NA	NA	NA	NA	NA	NA	7.43586	3.90966	3.38183	13.10988	18.60686	11.51121	10.10575	3.75813	5.73445	3.14182	3.11613	4.799	2.22155	2.37557	1.8318	1.06637	1.1313	2.51327	0.80435	0.89891	3.62642	4.57317	6.86337	5.90042	8.88225	7.15441	4.10365	10.86138	2.51332	0.9587	2.9647	2.21662	6.44764	2.09989	2.97884	1.40965	4.53492	3.31271	6.11727	4.52121	6.03624	7.08126	1.83104	2.99196	3.62874	9.53514	3.9504	3.65815	3.88419	1.93475	5.45957	2.45066	4.49094	5.78944	2.84168	2.43144	1.0116	1.15326	1.37297	4.16597	4.42962	7.08586	6.5198	7.57755	6.99088	10.56662	9.90843	6.12641	2.34712	1.88619	5.43565	8.66328	10.44777	NA	NA	2.91674	7.2364	3.5574	5.67879	7.00191	4.99056	3.80403	7.53731	2.21279	5.43695	4.71936	3.47879	5.5708	2.55504	NA	NA	2.7424	NA	1.43873	5.63903	3.21088	1.74208	2.65736	2.62149	2.78618	4.0939	4.09677	1.03879	4.58016	3.92103	3.25513	6.92336	5.48491	6.9045	5.81898	12.38946	2.22697	5.82668	9.1345	5.35164	17.74831	7.13994	5.98399	5.92333	2.7477	2.30153	2.64604	1.49199	NA	0.09331	NA	NA	6.97403	6.73397	15.53266	17.2532	5.67441	6.50882	5.97229	5.42439	4.15865	3.32852	9.62399	9.3026	4.98189	7.99534	5.49933	8.15755	1.89809	2.41176	13.77409	6.01321	1.87173	2.18549	3.36986	5.46559	2.07753	0.51736	2.46454	1.35563	2.2857	1.01044	1.96603	1.87357	3.19829	0.95146	2.90382	1.77027	1.7901	2.46683	4.17191	NA	7.007	1.85094	9.53115	3.58501	1.31881	2.55477	NA	NA	NA	2.87505	1.21887	0.10448	10.81608	15.74867	18.90078	12.13145	2.9154	1.20747	2.12118	3.58986	3.44452	4.5756	5.52876	1.38691	2.39725	1.3396	1.68617	1.74978	6.59157	3.96362	6.41646	1.15123	8.28995	9.05893	NA	NA	NA	NA	NA	NA	NA	NA	NA	NA	NA	NA	NA	NA	NA	NA	NA	NA	NA	NA	NA	NA	NA	NA	NA	NA	NA	NA	NA	NA	NA	NA	NA	NA	NA	NA	NA	NA	NA	NA	NA	NA	NA	NA	NA	NA	NA	NA	NA	NA	NA	NA	NA	NA	NA	NA	NA	NA	NA	NA	NA	NA	NA	NA	NA	NA	NA	NA	NA	NA	NA	NA	NA	NA	NA	NA	NA	NA	NA	NA	NA	NA	NA	NA	NA	NA	NA	NA	NA	NA	NA	NA	NA	NA	NA	NA	NA	NA	NA	NA	NA	NA	NA	NA	NA	NA	NA	NA	NA	NA	NA	NA	NA	NA	NA	NA	NA	NA	NA	NA	NA	NA	NA	NA	NA	NA	NA	NA	NA	NA	NA	NA	NA	NA	NA	NA	NA	NA	NA	NA	NA	NA	NA	NA	NA	NA	NA	NA	NA	NA	NA	NA	NA	NA	NA
CE4	993.33192	1024.32322	1171.10029	1098.14423	851.95176	1091.22934	1040.59079	1022.34013	1131.47061	1038.57344	1115.11227	1150.39373	1118.31621	1022.85108	796.95154	751.98228	962.0294	856.281	801.40526	1087.54898	1180.88914	1204.26357	1032.46868	1023.98223	908.6527	992.14429	1004.98124	1056.30028	904.82437	1035.33743	1018.02675	989.09514	937.30954	868.39212	918.92196	889.97484	951.17578	840.90019	783.60421	950.95528	1007.86569	934.38134	766.19176	893.39391	949.41154	1035.69165	867.39744	823.39177	767.7125	945.77638	801.76639	746.48878	878.34314	740.088	815.38844	656.71418	729.05791	774.91201	746.48704	863.88185	861.17057	810.27315	1134.51193	988.40938	1063.87331	1036.36223	1013.51185	984.88829	960.24774	863.89926	915.20305	993.15313	1078.34251	938.20922	912.1757	990.31044	941.72778	1494.37911	1060.04173	1088.62405	1002.70149	842.91908	1006.28724	936.83587	998.49995	999.40418	1115.97634	1134.46147	1043.44747	1044.75768	995.78479	1119.28683	1131.16671	1114.49335	949.03196	994.32405	536.0473	848.62754	826.53911	807.29292	794.67692	665.88708	783.65264	874.5436	997.98396	1083.98386	927.05477	1018.75162	1008.86807	874.59304	728.23521	822.50935	783.82465	761.11739	758.18697	949.04228	988.10683	1007.7969	893.36829	959.8201	1005.63272	791.9585	954.36	1035.00593	821.59684	810.11167	870.06641	891.93271	825.03899	733.17127	853.0558	695.34445	898.33805	814.52531	1007.23221	998.96372	685.25265	751.31582	699.52742	767.74739	875.71469	896.58222	834.17249	786.06241	751.71789	729.84978	889.75271	856.54523	894.97452	961.42238	730.13239	929.4794	806.07172	769.76872	823.72123	840.89554	862.39884	874.15195	888.56261	1039.1202	837.18916	763.66442	754.05299	783.14473	817.89368	848.99136	784.963	810.38828	902.23629	965.26101	826.37569	928.43746	879.59717	930.33808	878.47596	927.68525	844.85563	755.82807	810.25975	781.20639	640.69537	801.94498	671.60091	780.70603	709.52181	752.28861	750.31694	608.94045	952.61887	922.56865	774.02167	846.78168	937.93625	733.23508	945.82069	820.25072	645.60732	596.74692	744.76697	1048.79823	761.90148	784.95651	854.29453	849.80619	913.27811	800.72531	684.78096	621.34423	809.47505	742.04228	750.86222	639.57795	994.05364	913.77645	990.11263	1014.31721	689.85657	847.34959	700.78226	791.45121	1153.5216	1042.19096	NA	NA	NA	NA	NA	NA	NA	NA	NA	NA	NA	NA	NA	NA	NA	NA	NA	NA	NA	NA	NA	NA	NA	NA	NA	NA	NA	NA	NA	NA	NA	NA	NA	NA	NA	NA	NA	NA	NA	NA	NA	NA	NA	NA	NA	NA	NA	NA	NA	NA	NA	NA	NA	NA	NA	NA	NA	NA	NA	NA	NA	NA	NA	NA	NA	NA	NA	NA	NA	NA	NA	NA	NA	NA	NA	NA	NA	NA	NA	NA	NA	NA	NA	NA	NA	NA	NA	NA	NA	NA	NA	NA	NA	NA	NA	NA	NA	NA	NA	NA	NA	NA	NA	NA	NA	NA	NA	NA	NA	NA	NA	NA	NA	NA	NA	NA	NA	NA	NA	NA	NA	NA	NA	NA	NA	NA	NA	NA	NA	NA	NA	NA	NA	NA	NA	NA	NA	NA	NA	NA	NA	NA	NA	NA	NA	NA	NA	NA	NA	NA	NA	NA	NA	NA	NA
CE5	NA	NA	NA	NA	NA	NA	NA	NA	NA	NA	NA	NA	NA	NA	NA	NA	NA	NA	NA	NA	NA	NA	NA	NA	NA	NA	NA	NA	NA	NA	NA	NA	NA	NA	NA	NA	NA	NA	NA	NA	NA	NA	NA	NA	NA	NA	NA	NA	NA	NA	NA	NA	NA	NA	NA	NA	NA	NA	NA	NA	NA	NA	NA	NA	NA	NA	NA	NA	NA	NA	NA	0.12249	NA	NA	NA	NA	NA	NA	NA	NA	NA	NA	NA	NA	NA	NA	NA	NA	NA	NA	NA	NA	NA	NA	NA	NA	NA	NA	NA	NA	NA	NA	NA	NA	NA	NA	NA	NA	NA	NA	NA	NA	NA	NA	NA	NA	0.3273	NA	NA	NA	NA	NA	NA	NA	NA	NA	NA	NA	NA	NA	NA	NA	NA	NA	NA	NA	NA	NA	NA	NA	NA	NA	NA	NA	NA	NA	NA	NA	NA	NA	NA	NA	NA	NA	NA	NA	NA	NA	NA	NA	NA	NA	NA	NA	NA	NA	NA	NA	NA	NA	NA	NA	NA	NA	NA	NA	NA	NA	NA	NA	NA	NA	NA	NA	NA	NA	NA	NA	NA	NA	NA	NA	NA	NA	NA	NA	NA	NA	NA	NA	NA	NA	NA	NA	NA	NA	NA	NA	NA	NA	NA	NA	NA	NA	NA	NA	NA	NA	NA	NA	NA	NA	NA	NA	NA	NA	NA	NA	NA	NA	NA	NA	NA	NA	NA	NA	NA	NA	NA	NA	NA	NA	NA	NA	NA	NA	NA	NA	NA	NA	NA	NA	NA	NA	NA	NA	NA	NA	NA	NA	NA	NA	NA	NA	NA	NA	NA	NA	NA	NA	NA	NA	NA	NA	NA	NA	NA	NA	NA	NA	NA	NA	NA	NA	NA	NA	NA	NA	NA	NA	NA	NA	NA	NA	NA	NA	NA	NA	NA	NA	NA	NA	NA	NA	NA	NA	NA	NA	NA	NA	NA	NA	NA	NA	NA	NA	NA	NA	NA	NA	NA	NA	NA	NA	NA	NA	NA	NA	NA	NA	NA	NA	NA	NA	NA	NA	NA	NA	NA	NA	NA	NA	NA	NA	NA	NA	NA	NA	NA	NA	NA	NA	NA	NA	NA	NA	NA	NA	NA	NA	NA	NA	NA	NA	NA	NA	NA	NA	NA	NA	NA	NA	NA	NA	NA	NA	NA
CE6	48.53609	23.74691	10.92591	40.49219	45.93389	36.7387	19.91316	6.80166	6.41127	16.69907	14.75227	14.30434	9.89379	3.90916	97.33113	79.77329	101.75115	91.43647	118.14499	64.82859	50.4915	19.66685	20.23403	13.67246	19.01768	25.81118	17.09983	19.70222	18.70355	10.82285	22.11105	24.6555	20.63692	29.53326	22.5069	2.94483	3.29386	4.90563	6.45464	4.46787	4.89943	19.45352	11.56905	10.31388	32.5542	12.79807	12.80409	26.45812	49.62701	25.00909	47.92272	31.08001	18.48777	44.74735	72.02593	138.86028	126.10427	156.95999	115.86696	148.59101	82.47078	12.56845	8.88139	16.70288	18.10895	22.13811	18.29743	20.78931	47.67296	49.3306	37.62978	20.66139	34.87873	31.70154	29.54717	7.24865	9.88471	4.587	4.13819	9.36936	24.64594	22.88235	22.40223	38.38827	30.81978	19.33062	16.70215	25.29355	36.44336	83.6914	32.686	74.73751	41.67379	29.30982	136.92016	76.21206	101.48484	85.10022	165.19458	160.92108	162.14311	184.34082	105.30079	16.09931	16.82751	48.19826	25.28155	36.70912	35.96561	23.95555	48.1792	53.13731	85.23011	56.24339	84.67964	34.5565	21.04477	34.62706	42.61991	47.44377	38.81546	107.19746	59.94866	7.07635	30.93272	31.26358	15.20519	10.70945	85.93549	81.68936	33.51718	127.32182	3.74381	7.00175	7.66537	12.02297	23.35183	28.72279	36.53309	42.57343	50.32995	20.02837	49.77631	80.30591	70.36296	80.47439	75.26985	51.87787	13.36556	9.61087	12.30328	13.01231	28.76043	21.65582	23.92594	28.09728	92.25635	58.91894	67.44317	46.34575	20.44415	27.59586	11.25132	18.73302	53.17748	62.24969	22.17099	28.36559	40.52281	19.40485	44.75857	28.86918	7.57033	11.04278	13.50158	10.14871	26.32024	26.4873	29.00773	37.88367	5.99418	5.73473	7.86679	12.92117	77.13559	66.46844	107.16384	NA	43.61562	40.87984	122.08213	53.54801	123.11484	157.8509	229.75496	213.70323	238.13832	116.78354	53.736	38.53444	38.76335	22.13317	17.40048	11.31697	9.2891	24.27993	30.69846	36.7844	56.77572	81.62925	87.24807	164.94617	14.94827	13.75886	6.22504	2.01262	129.15507	27.10774	100.95213	74.48622	15.57034	14.42516	NA	NA	NA	NA	NA	NA	NA	NA	NA	NA	NA	NA	NA	NA	NA	NA	NA	NA	NA	NA	NA	NA	NA	NA	NA	NA	NA	NA	NA	NA	NA	NA	NA	NA	NA	NA	NA	NA	NA	NA	NA	NA	NA	NA	NA	NA	NA	NA	NA	NA	NA	NA	NA	NA	NA	NA	NA	NA	NA	NA	NA	NA	NA	NA	NA	NA	NA	NA	NA	NA	NA	NA	NA	NA	NA	NA	NA	NA	NA	NA	NA	NA	NA	NA	NA	NA	NA	NA	NA	NA	NA	NA	NA	NA	NA	NA	NA	NA	NA	NA	NA	NA	NA	NA	NA	NA	NA	NA	NA	NA	NA	NA	NA	NA	NA	NA	NA	NA	NA	NA	NA	NA	NA	NA	NA	NA	NA	NA	NA	NA	NA	NA	NA	NA	NA	NA	NA	NA	NA	NA	NA	NA	NA	NA	NA	NA	NA	NA	NA	NA	NA	NA	NA	NA	NA
CE7	115.55334	93.64198	58.49552	88.87049	112.01742	79.28816	89.04796	86.63004	59.4639	83.43606	101.69001	83.10973	87.28404	42.64939	357.78995	372.8381	259.8019	361.35057	350.49424	164.38181	107.69411	48.00301	155.26959	76.33488	75.14951	85.23427	87.79247	73.11276	123.53054	80.79377	124.90788	123.8151	129.7207	123.75123	111.75749	101.40675	74.07833	162.86946	156.77641	122.39645	118.75824	133.34055	54.80894	51.94946	95.10582	51.79761	69.29902	127.38903	193.81687	129.34558	216.58538	167.65842	131.48205	159.28385	176.5461	259.00791	246.46884	247.84513	238.39971	243.65886	170.33856	38.61908	12.79068	46.07715	46.3042	35.33657	42.83993	23.88076	77.79034	95.4333	61.28597	36.82937	68.65937	40.54751	43.48521	50.86174	67.50008	21.23775	41.52838	56.16406	89.50409	97.31925	77.22982	109.76145	91.39364	68.72828	42.87812	68.03654	86.36067	143.63758	69.7896	101.45297	37.40338	24.07837	302.54308	81.66181	89.75985	105.27348	132.01121	67.8715	67.64869	78.03973	110.05392	133.8331	153.02211	194.87331	138.12755	154.25033	121.76568	116.76594	177.54988	123.39503	234.69047	102.50894	143.68048	73.19944	47.34505	100.81578	143.21413	128.81387	106.04919	237.17654	128.99428	61.44595	107.2338	127.64028	113.11745	106.75915	152.76594	191.74252	83.20753	240.69759	106.06164	69.85469	50.45329	76.02347	79.46192	90.67696	135.94045	106.76156	101.8875	52.74267	93.61861	164.42857	264.11868	329.86441	255.23829	195.87284	129.38683	89.81303	125.50451	62.11305	100.84241	81.75693	102.32215	93.92066	158.48305	93.11894	88.10988	63.74633	32.13938	66.49794	25.95343	54.02804	162.81452	193.99541	99.56383	141.29843	78.88706	50.96643	76.49832	27.87033	64.15324	61.37506	67.2577	49.8507	114.47709	146.32468	148.69876	122.83543	146.03165	99.21476	117.68396	145.57457	151.39719	158.87352	140.19054	40.97682	88.32462	76.42794	92.78557	89.2973	236.79416	324.94502	385.40657	397.99293	473.0416	390.36879	230.04465	103.05223	133.4258	88.21353	87.04824	82.5747	79.25645	94.14053	131.32289	151.8603	120.2663	152.6016	137.87749	302.33548	38.7013	31.71088	20.45549	44.66452	71.42797	59.0331	175.51462	132.27709	36.56194	61.1356	NA	NA	NA	NA	NA	NA	NA	NA	NA	NA	NA	NA	NA	NA	NA	NA	NA	NA	NA	NA	NA	NA	NA	NA	NA	NA	NA	NA	NA	NA	NA	NA	NA	NA	NA	NA	NA	NA	NA	NA	NA	NA	NA	NA	NA	NA	NA	NA	NA	NA	NA	NA	NA	NA	NA	NA	NA	NA	NA	NA	NA	NA	NA	NA	NA	NA	NA	NA	NA	NA	NA	NA	NA	NA	NA	NA	NA	NA	NA	NA	NA	NA	NA	NA	NA	NA	NA	NA	NA	NA	NA	NA	NA	NA	NA	NA	NA	NA	NA	NA	NA	NA	NA	NA	NA	NA	NA	NA	NA	NA	NA	NA	NA	NA	NA	NA	NA	NA	NA	NA	NA	NA	NA	NA	NA	NA	NA	NA	NA	NA	NA	NA	NA	NA	NA	NA	NA	NA	NA	NA	NA	NA	NA	NA	NA	NA	NA	NA	NA	NA	NA	NA	NA	NA	NA
CE8	233.26536	237.89663	146.16768	194.44458	223.59525	183.68294	187.85466	279.99741	226.20706	286.04046	236.56962	335.12469	298.03055	144.12269	330.05899	500.88396	360.81759	473.71852	638.02233	254.96663	141.11987	106.1365	262.58681	173.22313	323.0067	342.20448	369.01397	175.64277	209.97044	179.83778	288.68806	332.56895	244.70332	322.56091	265.98838	314.33699	233.99259	595.92102	525.01208	435.57235	419.57522	240.47871	292.71404	226.04272	343.16147	220.75932	257.14144	619.98091	594.82373	594.89008	874.82171	756.08722	603.71286	551.31568	316.57986	441.03879	391.66634	471.8564	407.322	474.76285	335.30898	138.29543	118.85922	306.9688	328.54524	270.58333	258.62097	253.86086	244.68185	220.99618	297.21362	186.03724	355.60145	200.80629	177.24978	124.22167	157.31157	34.11778	73.55291	139.48882	224.33801	215.30923	210.42313	293.09128	261.94399	252.78418	234.56284	193.0196	270.65888	171.51006	130.98721	197.26451	202.31493	173.0123	525.02048	241.90402	264.24058	339.80169	479.12879	414.23687	457.2705	380.39859	294.40241	239.99555	302.79567	398.85066	405.46003	476.15826	420.36073	276.31729	688.65286	528.86782	382.20926	397.57572	544.77144	304.13417	164.68785	195.45352	278.68627	218.45262	210.92818	364.69592	255.16803	177.82126	266.83153	294.39149	296.75453	293.02862	241.59462	271.34122	257.96435	433.87702	192.62423	208.55516	353.52013	388.62157	226.46167	265.00075	386.37453	326.54708	195.10781	147.07528	220.52949	296.68851	416.51624	438.36801	256.49887	432.49109	158.70938	164.31119	366.81428	214.7141	214.17395	220.95185	539.44025	238.4841	220.40738	170.46054	278.39057	268.88367	180.88241	247.82483	242.68961	317.1947	435.05441	491.10378	310.59974	377.62289	208.42565	178.76983	159.48876	157.717	79.69319	137.08238	123.71429	122.28414	303.52281	383.49088	366.90695	326.72333	509.31938	327.43428	470.28877	515.54339	329.28819	358.2259	425.28149	333.13373	253.96131	167.68156	280.33834	247.01252	351.76745	453.77256	470.51124	498.11712	599.41831	491.79579	348.3851	144.76665	355.58158	289.89121	390.90289	461.8265	362.1726	360.19859	621.68072	722.36584	223.8943	296.33176	322.40957	482.46767	166.74116	126.7335	137.32108	74.45725	255.44824	148.20209	584.41068	548.9862	168.45362	271.4613	NA	NA	NA	NA	NA	NA	NA	NA	NA	NA	NA	NA	NA	NA	NA	NA	NA	NA	NA	NA	NA	NA	NA	NA	NA	NA	NA	NA	NA	NA	NA	NA	NA	NA	NA	NA	NA	NA	NA	NA	NA	NA	NA	NA	NA	NA	NA	NA	NA	NA	NA	NA	NA	NA	NA	NA	NA	NA	NA	NA	NA	NA	NA	NA	NA	NA	NA	NA	NA	NA	NA	NA	NA	NA	NA	NA	NA	NA	NA	NA	NA	NA	NA	NA	NA	NA	NA	NA	NA	NA	NA	NA	NA	NA	NA	NA	NA	NA	NA	NA	NA	NA	NA	NA	NA	NA	NA	NA	NA	NA	NA	NA	NA	NA	NA	NA	NA	NA	NA	NA	NA	NA	NA	NA	NA	NA	NA	NA	NA	NA	NA	NA	NA	NA	NA	NA	NA	NA	NA	NA	NA	NA	NA	NA	NA	NA	NA	NA	NA	NA	NA	NA	NA	NA	NA
CE9	566.73001	566.94546	700.99226	583.11966	467.90908	580.55273	625.32413	614.53594	651.51981	535.87637	502.41872	518.99036	641.23407	663.26124	772.53467	769.77326	806.61533	770.08936	915.82899	821.66561	816.57389	659.89497	767.09259	661.842	658.07799	660.38201	665.7849	701.05039	541.72093	572.05464	614.79501	609.91707	566.31636	702.6378	529.08871	1024.35351	830.6653	846.58575	730.94448	860.71833	899.78826	628.3714	582.00791	729.08484	670.51765	800.31435	622.23565	928.04166	745.18506	879.90606	906.52422	770.16573	812.18063	710.38275	464.562	500.28588	624.25881	535.85609	380.07941	530.19479	543.43331	472.59637	797.96917	707.58561	625.56834	603.50965	635.66296	608.43539	678.97508	577.20887	583.87525	708.69909	618.28429	676.42866	532.67236	511.61317	536.39042	624.45915	564.90953	594.45104	533.47449	584.06315	689.39337	695.76755	533.61488	616.07734	501.12319	622.09078	634.1502	754.67447	618.6746	705.47381	664.20247	610.82707	709.9605	749.87846	475.5031	730.08061	684.0586	751.39809	642.79514	621.47189	700.09355	519.78683	675.33842	607.43434	552.12785	627.00615	564.70281	554.36178	731.36054	880.82897	397.48321	640.96554	666.59836	661.61292	783.90774	490.95091	553.41178	504.75647	537.02256	430.00791	632.34314	639.2431	558.76059	513.43972	563.29422	565.29023	623.16031	406.14807	419.29571	431.99086	468.53476	552.16098	493.05832	540.01411	552.20728	514.37669	646.2353	695.23911	605.63629	693.28189	541.60279	568.38653	660.03231	715.62704	625.58893	672.73716	608.20387	668.15366	502.12496	574.36204	478.2295	454.17374	612.8743	555.01233	684.70219	706.27298	490.59147	552.01296	532.59839	523.83375	426.07669	512.577	651.44441	667.9343	489.57792	605.89551	535.66454	495.2036	529.53847	451.82748	512.85186	535.74376	499.45321	609.92926	595.1921	627.85691	558.02133	550.98485	760.6465	709.51818	667.68249	953.17087	597.00429	467.45664	605.93148	285.02406	760.6382	664.92001	590.6325	618.64219	637.8465	544.52364	620.52397	369.95673	560.60668	515.67287	638.1635	868.74464	572.52342	543.29612	492.30757	562.49371	803.12961	694.87991	789.63008	787.56259	481.41993	475.96262	472.30932	350.04863	540.81945	535.12796	510.62508	542.61343	630.19859	635.01871	669.20207	665.97797	840.27948	686.97289	NA	NA	NA	NA	NA	NA	NA	NA	NA	NA	NA	NA	NA	NA	NA	NA	NA	NA	NA	NA	NA	NA	NA	NA	NA	NA	NA	NA	NA	NA	NA	NA	NA	NA	NA	NA	NA	NA	NA	NA	NA	NA	NA	NA	NA	NA	NA	NA	NA	NA	NA	NA	NA	NA	NA	NA	NA	NA	NA	NA	NA	NA	NA	NA	NA	NA	NA	NA	NA	NA	NA	NA	NA	NA	NA	NA	NA	NA	NA	NA	NA	NA	NA	NA	NA	NA	NA	NA	NA	NA	NA	NA	NA	NA	NA	NA	NA	NA	NA	NA	NA	NA	NA	NA	NA	NA	NA	NA	NA	NA	NA	NA	NA	NA	NA	NA	NA	NA	NA	NA	NA	NA	NA	NA	NA	NA	NA	NA	NA	NA	NA	NA	NA	NA	NA	NA	NA	NA	NA	NA	NA	NA	NA	NA	NA	NA	NA	NA	NA	NA	NA	NA	NA	NA	NA
GH1	539.2136	576.45565	668.3337	579.47736	500.50216	662.23959	583.54048	489.62984	603.94841	534.0824	396.12433	457.89856	475.17373	624.55549	434.32878	245.7072	476.37497	365.23715	251.24035	670.07391	1201.76143	417.60698	401.9192	348.75242	501.82965	444.05129	388.44364	495.01355	257.04033	400.98532	347.68882	396.85712	303.5557	380.83588	272.57269	496.92119	503.79181	361.38345	317.74903	409.16815	440.81443	391.38438	624.52608	525.67321	400.01444	600.49142	382.09282	439.56132	197.49387	403.22	274.78582	223.13615	372.84425	272.33996	402.90154	344.94489	531.61384	342.09744	298.5624	382.55778	431.62739	415.3292	647.23701	507.83236	465.2135	433.45922	543.38295	542.1966	511.69453	515.75885	409.33936	606.97068	515.0987	493.07707	496.65865	262.98301	320.73918	618.28736	338.99687	343.93546	275.92123	328.89148	316.22268	345.95761	311.17856	347.11391	477.48773	267.09622	268.02745	403.21063	363.73194	443.51289	431.08946	388.50358	299.55816	703.02643	256.16146	397.78697	302.72271	348.72952	278.91144	231.89593	354.13756	308.31785	361.98028	306.06233	293.43277	297.71894	291.93638	352.66275	280.29726	478.49522	298.8929	409.28769	295.90425	445.41242	495.31916	331.46159	348.86327	456.83695	413.98016	336.17281	342.12942	349.1856	340.34001	291.13525	390.84101	415.90223	619.0525	404.15683	375.93001	338.57628	256.29899	435.14043	528.639	497.09742	293.86316	327.69464	340.31605	393.08597	367.37184	510.15745	418.29349	367.99986	338.27624	273.72399	202.6194	286.36791	280.22504	336.77002	370.34099	325.24737	244.99076	301.20498	383.55211	310.40948	495.50637	521.44876	399.56572	342.10587	507.29381	344.18255	371.19828	272.8805	290.63854	350.12163	360.82738	323.17294	305.76839	307.49216	386.45566	479.3447	337.06357	235.6169	295.636	449.42518	365.74978	249.29419	238.46088	292.72515	345.24757	411.32863	349.33204	314.95246	247.51577	252.90801	186.14778	259.27993	502.10694	425.21186	373.86343	327.1024	247.97024	134.62841	184.28297	90.86784	306.11907	310.51517	501.10949	1302.05335	306.34078	338.94868	376.03996	606.51197	423.2415	339.8541	404.10403	337.58628	396.94774	329.65272	371.0767	235.76943	385.412	500.48826	298.97435	262.95795	345.4609	289.56257	197.72427	307.72018	588.56421	490.24797	NA	NA	NA	NA	NA	NA	NA	NA	NA	NA	NA	NA	NA	NA	NA	NA	NA	NA	NA	NA	NA	NA	NA	NA	NA	NA	NA	NA	NA	NA	NA	NA	NA	NA	NA	NA	NA	NA	NA	NA	NA	NA	NA	NA	NA	NA	NA	NA	NA	NA	NA	NA	NA	NA	NA	NA	NA	NA	NA	NA	NA	NA	NA	NA	NA	NA	NA	NA	NA	NA	NA	NA	NA	NA	NA	NA	NA	NA	NA	NA	NA	NA	NA	NA	NA	NA	NA	NA	NA	NA	NA	NA	NA	NA	NA	NA	NA	NA	NA	NA	NA	NA	NA	NA	NA	NA	NA	NA	NA	NA	NA	NA	NA	NA	NA	NA	NA	NA	NA	NA	NA	NA	NA	NA	NA	NA	NA	NA	NA	NA	NA	NA	NA	NA	NA	NA	NA	NA	NA	NA	NA	NA	NA	NA	NA	NA	NA	NA	NA	NA	NA	NA	NA	NA	NA
GH10	196.81105	114.63245	47.84377	124.35037	221.38162	150.02808	112.21808	153.24914	126.88225	165.09778	126.34013	138.47058	133.4804	104.71111	201.49017	245.34904	252.42274	248.23888	260.87915	142.39157	151.97755	77.15385	117.31861	59.42534	99.88439	116.11405	112.47959	117.28619	139.2298	87.33602	133.89576	142.618	108.05388	116.67835	139.11522	65.67918	85.07691	75.05627	85.8191	62.55009	63.69636	98.40674	67.89225	96.71213	123.96415	117.7672	90.30245	76.7327	201.8371	96.32083	202.10998	92.48355	100.63079	155.77672	257.08017	410.14694	428.85718	473.41379	419.28642	416.44025	276.24595	49.77335	33.77089	103.54915	77.23392	81.50628	104.79558	62.25289	141.46973	100.02298	105.39938	79.3154	115.88474	99.70334	84.1313	47.44549	65.4197	22.24396	41.99097	58.08554	141.95808	71.30973	180.66269	215.9207	211.80615	170.17894	127.92691	125.76714	172.99364	156.98297	82.7627	142.78133	105.43169	102.34464	399.92461	92.95013	172.56557	178.86867	280.51893	303.72199	357.35521	362.82728	236.06268	102.62175	121.2769	201.08224	153.32496	190.3454	164.18389	131.78815	144.10979	153.23939	413.74746	216.33825	328.6199	144.43384	100.27246	154.73868	213.4356	221.56659	168.51259	393.18067	224.93015	25.16739	167.24256	169.35738	150.94981	151.83813	252.88204	296.64248	143.29221	432.33403	85.22146	97.15873	139.86135	116.16502	112.71022	124.50548	153.44603	181.40739	128.82458	72.84484	155.31365	268.38485	128.50137	157.67892	117.85732	98.25979	77.43484	89.87863	114.74032	96.24541	160.92108	144.79095	172.09254	143.79914	180.66229	141.04422	196.93357	138.47752	68.76985	114.21786	120.81108	78.02656	114.8221	137.0529	124.52413	122.19647	98.14739	93.52863	110.6386	84.937	36.88715	61.085	52.70757	40.44567	109.60158	121.45612	175.96847	147.53679	60.73574	90.88713	59.66135	63.57955	164.4128	140.81206	207.23211	119.49007	125.73109	95.30452	239.90739	121.40114	302.13701	463.84257	512.07874	601.22559	360.08328	543.74434	273.29273	136.4434	151.98908	110.0698	180.39058	118.86082	87.06756	98.39357	71.84084	62.64776	214.30901	264.70376	268.46739	541.84431	57.95995	40.24042	88.6882	58.45463	230.87918	92.19414	222.43752	139.62251	156.45309	114.33217	NA	NA	NA	NA	NA	NA	NA	NA	NA	NA	NA	NA	NA	NA	NA	NA	NA	NA	NA	NA	NA	NA	NA	NA	NA	NA	NA	NA	NA	NA	NA	NA	NA	NA	NA	NA	NA	NA	NA	NA	NA	NA	NA	NA	NA	NA	NA	NA	NA	NA	NA	NA	NA	NA	NA	NA	NA	NA	NA	NA	NA	NA	NA	NA	NA	NA	NA	NA	NA	NA	NA	NA	NA	NA	NA	NA	NA	NA	NA	NA	NA	NA	NA	NA	NA	NA	NA	NA	NA	NA	NA	NA	NA	NA	NA	NA	NA	NA	NA	NA	NA	NA	NA	NA	NA	NA	NA	NA	NA	NA	NA	NA	NA	NA	NA	NA	NA	NA	NA	NA	NA	NA	NA	NA	NA	NA	NA	NA	NA	NA	NA	NA	NA	NA	NA	NA	NA	NA	NA	NA	NA	NA	NA	NA	NA	NA	NA	NA	NA	NA	NA	NA	NA	NA	NA
GH101	11.08981	8.2486	9.00796	6.49493	5.05846	11.26977	7.06047	13.28729	18.93319	11.19321	4.77674	8.53376	7.17602	6.66123	21.09518	9.31824	13.29553	21.54079	12.77749	19.40261	91.48254	83.31054	33.1925	49.13123	13.98053	17.19648	16.99122	27.10167	6.73472	7.90832	8.80417	6.63279	12.67932	11.03832	11.57017	29.18786	30.99749	21.7821	30.59812	32.80658	30.03173	18.6276	12.44193	17.05348	11.98733	24.51608	16.50205	40.90691	16.51275	23.38238	17.75609	17.5212	31.29633	22.96301	7.15983	9.67663	9.44011	7.7349	6.51124	5.68121	8.45983	11.48096	23.42828	10.89753	15.88985	11.29872	14.04682	21.28336	18.15816	17.8697	8.19399	21.85531	15.79582	19.84535	15.14716	2.94142	4.82326	4.84736	4.13107	6.62716	4.72694	10.33835	23.13581	32.57226	13.11924	18.70686	17.80523	23.04467	13.66418	36.73749	28.96851	14.86901	23.43664	25.79977	15.3921	28.05193	7.19754	20.84429	26.82748	8.44436	13.31652	7.41199	12.7431	11.91591	14.55975	11.63195	11.34446	14.06886	10.45416	21.17469	8.03862	3.52406	9.05448	36.15146	25.92325	33.25576	40.0722	8.34295	8.03722	11.74705	10.35077	7.75123	3.28225	26.33539	13.70794	8.11854	3.86914	1.68712	15.62423	11.96695	7.25104	4.17343	8.82197	12.59507	5.16351	5.99851	29.04572	37.94804	51.22254	11.59606	13.53458	18.85027	9.38471	10.2885	16.99173	16.17804	6.38361	18.28987	20.57284	17.715	9.18832	13.40364	28.86033	9.20328	17.44189	16.49423	26.32813	34.14279	15.87099	28.70338	29.22444	6.89054	7.60458	16.34939	40.39341	15.34083	8.94998	14.76434	24.30494	9.24742	8.06569	7.0751	4.31491	2.96917	3.67139	3.93618	10.65165	11.2067	6.97854	4.29127	19.13949	10.85786	19.39487	24.07471	10.29918	2.45111	5.59886	NA	25.03256	15.50707	11.82961	13.25254	2.00066	1.07761	0.19321	2.1065	NA	4.23492	29.17848	55.89435	12.09777	11.42592	9.76519	5.77779	24.42064	22.92317	14.62765	11.90404	12.2276	13.68514	7.77449	2.31505	8.45239	12.41254	11.89832	11.55548	7.42034	17.11941	13.55255	12.90867	13.59157	15.36522	NA	NA	NA	NA	NA	NA	NA	NA	NA	NA	NA	NA	NA	NA	NA	NA	NA	NA	NA	NA	NA	NA	NA	NA	NA	NA	NA	NA	NA	NA	NA	NA	NA	NA	NA	NA	NA	NA	NA	NA	NA	NA	NA	NA	NA	NA	NA	NA	NA	NA	NA	NA	NA	NA	NA	NA	NA	NA	NA	NA	NA	NA	NA	NA	NA	NA	NA	NA	NA	NA	NA	NA	NA	NA	NA	NA	NA	NA	NA	NA	NA	NA	NA	NA	NA	NA	NA	NA	NA	NA	NA	NA	NA	NA	NA	NA	NA	NA	NA	NA	NA	NA	NA	NA	NA	NA	NA	NA	NA	NA	NA	NA	NA	NA	NA	NA	NA	NA	NA	NA	NA	NA	NA	NA	NA	NA	NA	NA	NA	NA	NA	NA	NA	NA	NA	NA	NA	NA	NA	NA	NA	NA	NA	NA	NA	NA	NA	NA	NA	NA	NA	NA	NA	NA	NA
GH102	12.47206	6.92608	19.17877	3.48697	2.92503	3.24125	7.50949	7.38356	9.0705	15.02214	7.91096	13.85225	18.13568	9.32803	0.40707	NA	NA	NA	NA	0.9344	4.20729	2.6257	10.22706	2.78204	2.19692	1.00824	2.30536	1.31943	5.68525	4.80739	3.54667	9.88654	9.03762	6.86256	6.29956	2.05496	1.21234	2.73938	0.32507	0.49204	0.94675	4.39179	9.45833	11.16568	10.06912	10.58868	3.17889	7.73271	25.3003	10.08322	15.29962	2.35012	2.19483	8.82081	12.77571	9.36155	28.61632	7.28444	10.53235	13.06774	11.75639	8.02843	2.82445	11.37854	4.55001	6.6453	8.45163	3.70385	4.27836	1.55689	1.68829	0.60679	1.66355	6.20885	2.60816	6.28085	4.39663	1.87867	1.61186	5.04862	3.60639	9.71503	16.60195	10.94672	7.48113	11.55041	11.47136	17.26814	17.02895	2.62652	1.68816	7.7061	1.64429	1.23063	56.77661	3.57177	3.10565	5.43465	6.00319	5.49148	3.15685	2.59852	4.40115	8.03711	10.1203	16.37972	7.10725	12.91714	7.94756	8.55495	7.4394	14.5243	2.75312	8.94358	10.92755	4.78007	6.85138	3.84656	3.1372	3.2322	1.84811	1.67927	0.95687	1.86084	9.91254	11.62795	8.36736	13.95735	10.07397	6.46776	3.55498	5.38213	4.15406	14.67606	9.45263	10.05605	20.43069	33.59445	26.4413	19.47565	3.93329	0.50252	7.01197	4.00151	3.88047	1.134	2.67071	7.99803	11.7692	9.29775	4.8367	8.40462	9.17883	9.42773	11.9669	15.79129	17.62499	5.7663	10.84983	7.03412	11.31459	8.74213	4.3994	18.71398	6.57443	7.72006	4.09234	9.22176	8.22012	8.46346	5.01529	1.86809	1.73072	6.46415	9.32202	3.88963	6.59933	6.28064	6.88072	6.43161	6.68446	5.17737	1.18067	5.08117	21.60735	8.96819	30.8827	58.18213	16.99113	9.71995	3.63301	5.03012	2.32632	3.29748	2.70402	1.24071	NA	0.26747	1.78331	2.53511	4.7542	10.3637	12.25049	27.07596	3.75445	2.11446	4.57951	3.63766	4.80273	6.38616	6.37032	3.03528	4.84717	9.06454	10.69962	5.35587	3.32315	11.52176	8.373	3.41677	5.3421	13.99605	NA	NA	NA	NA	NA	NA	NA	NA	NA	NA	NA	NA	NA	NA	NA	NA	NA	NA	NA	NA	NA	NA	NA	NA	NA	NA	NA	NA	NA	NA	NA	NA	NA	NA	NA	NA	NA	NA	NA	NA	NA	NA	NA	NA	NA	NA	NA	NA	NA	NA	NA	NA	NA	NA	NA	NA	NA	NA	NA	NA	NA	NA	NA	NA	NA	NA	NA	NA	NA	NA	NA	NA	NA	NA	NA	NA	NA	NA	NA	NA	NA	NA	NA	NA	NA	NA	NA	NA	NA	NA	NA	NA	NA	NA	NA	NA	NA	NA	NA	NA	NA	NA	NA	NA	NA	NA	NA	NA	NA	NA	NA	NA	NA	NA	NA	NA	NA	NA	NA	NA	NA	NA	NA	NA	NA	NA	NA	NA	NA	NA	NA	NA	NA	NA	NA	NA	NA	NA	NA	NA	NA	NA	NA	NA	NA	NA	NA	NA	NA	NA	NA	NA	NA	NA	NA
GH103	9.15473	1.98898	3.24322	4.12694	0.46091	1.38117	4.76398	25.50514	6.23688	11.18236	27.22967	6.90349	8.32025	10.06368	NA	0.08657	NA	NA	NA	1.2431	4.1431	NA	2.84776	1.50994	0.84299	0.17002	0.62375	1.3203	1.38819	3.07114	1.04983	2.92855	1.91376	1.75917	0.37236	1.67194	0.8467	1.05366	0.74723	0.58075	0.94816	2.10848	1.26384	1.94829	0.57241	0.82596	0.62893	2.44404	4.08587	4.26686	1.17417	1.37692	1.1029	2.46109	9.75912	5.91634	22.72706	7.1862	11.68711	6.56908	7.55402	0.88243	NA	7.663	3.43387	3.73144	1.32204	1.17553	1.59799	0.33763	0.81491	1.59358	3.20013	NA	0.82536	0.79554	2.36735	0.47468	1.20825	2.41646	0.83649	6.11192	0.84688	0.171	1.2612	1.81159	0.08511	3.07158	1.71873	0.45656	0.50978	0.22246	NA	NA	1.34119	NA	0.76141	1.63094	1.05557	2.19653	0.90025	1.28412	1.28789	0.2309	2.26126	1.93407	1.32856	1.06443	1.19771	0.71352	1.66097	0.78529	0.74096	2.78227	1.03844	0.88134	2.94891	0.85842	1.89608	NA	NA	0.45517	NA	0.32866	1.12324	1.69142	1.56072	1.35333	5.10446	2.09892	2.13558	3.48615	15.85639	37.89443	8.46936	4.41299	7.98184	15.2167	4.6104	1.33379	0.31761	0.22329	1.4264	1.45922	1.36357	1.76119	1.79193	3.94853	3.26778	1.97894	2.75508	2.61576	0.69786	0.40434	NA	0.83146	1.18426	1.60105	0.14161	2.03994	3.88956	4.57616	0.95238	11.1192	2.64565	3.53139	0.95957	1.14521	2.74238	2.42099	1.24159	0.20016	1.19044	1.90733	6.52334	0.56141	1.08866	1.49348	2.59346	2.35101	2.25581	2.86999	0.21365	2.35406	17.24789	5.83366	22.82634	NA	5.3755	3.91314	2.72379	4.04025	0.6856	1.11746	0.72162	0.30378	NA	NA	0.48744	0.53845	2.65606	0.77062	1.09468	2.13477	1.13071	1.69287	1.79779	0.99979	4.7159	8.35021	2.18323	1.48097	1.5516	1.49254	1.28838	0.34597	1.40121	2.11818	4.24327	1.10598	0.56645	1.0928	NA	NA	NA	NA	NA	NA	NA	NA	NA	NA	NA	NA	NA	NA	NA	NA	NA	NA	NA	NA	NA	NA	NA	NA	NA	NA	NA	NA	NA	NA	NA	NA	NA	NA	NA	NA	NA	NA	NA	NA	NA	NA	NA	NA	NA	NA	NA	NA	NA	NA	NA	NA	NA	NA	NA	NA	NA	NA	NA	NA	NA	NA	NA	NA	NA	NA	NA	NA	NA	NA	NA	NA	NA	NA	NA	NA	NA	NA	NA	NA	NA	NA	NA	NA	NA	NA	NA	NA	NA	NA	NA	NA	NA	NA	NA	NA	NA	NA	NA	NA	NA	NA	NA	NA	NA	NA	NA	NA	NA	NA	NA	NA	NA	NA	NA	NA	NA	NA	NA	NA	NA	NA	NA	NA	NA	NA	NA	NA	NA	NA	NA	NA	NA	NA	NA	NA	NA	NA	NA	NA	NA	NA	NA	NA	NA	NA	NA	NA	NA	NA	NA	NA	NA	NA	NA
GH104	NA	0.42975	0.71773	NA	0.55715	NA	NA	NA	NA	NA	NA	NA	NA	NA	NA	NA	NA	NA	NA	NA	2.00957	NA	0.59449	0.3503	NA	NA	NA	NA	NA	NA	NA	NA	NA	NA	NA	NA	NA	NA	NA	NA	NA	NA	NA	NA	NA	0.46075	NA	NA	NA	NA	NA	NA	NA	NA	2.92807	1.59145	9.14052	1.28035	3.34348	1.41022	6.97742	NA	NA	1.80429	NA	NA	0.46709	NA	NA	NA	NA	0.71532	NA	0.33959	0.55863	NA	NA	NA	NA	NA	NA	0.60879	0.94882	1.37488	NA	NA	NA	NA	NA	NA	0.36984	0.1614	NA	NA	NA	NA	NA	NA	NA	NA	NA	NA	NA	NA	NA	NA	NA	NA	NA	NA	NA	NA	3.00877	NA	NA	NA	NA	2.6761	2.53616	0.9634	0.66881	3.14863	12.32188	NA	NA	NA	NA	NA	0.62996	NA	NA	0.43164	NA	NA	NA	NA	0.79876	NA	NA	0.14075	8.14259	3.53251	7.79785	13.81069	NA	0.38392	0.70903	0.14813	NA	NA	0.87807	NA	NA	NA	NA	NA	0.80055	0.56828	NA	0.25464	0.35238	0.2836	NA	3.78826	NA	NA	0.19328	NA	0.27572	0.14555	0.84047	NA	NA	NA	1.69915	NA	NA	NA	NA	NA	0.26881	0.55208	NA	NA	NA	NA	NA	NA	NA	0.33088	0.154	0.16825	1.6688	NA	1.3801	NA	NA	0.45469	1.779	1.04755	NA	NA	NA	NA	NA	NA	NA	NA	3.62646	7.58392	1.43362	1.18246	0.79977	NA	NA	NA	NA	NA	0.57096	NA	0.49189	NA	NA	NA	NA	NA	NA	NA	NA	NA	NA	NA	NA	NA	NA	NA	NA	NA	NA	NA	NA	NA	NA	NA	NA	NA	NA	NA	NA	NA	NA	NA	NA	NA	NA	NA	NA	NA	NA	NA	NA	NA	NA	NA	NA	NA	NA	NA	NA	NA	NA	NA	NA	NA	NA	NA	NA	NA	NA	NA	NA	NA	NA	NA	NA	NA	NA	NA	NA	NA	NA	NA	NA	NA	NA	NA	NA	NA	NA	NA	NA	NA	NA	NA	NA	NA	NA	NA	NA	NA	NA	NA	NA	NA	NA	NA	NA	NA	NA	NA	NA	NA	NA	NA	NA	NA	NA	NA	NA	NA	NA	NA	NA	NA	NA	NA	NA	NA	NA	NA	NA	NA	NA	NA	NA	NA	NA	NA	NA	NA	NA	NA	NA	NA	NA	NA	NA	NA	NA	NA	NA	NA	NA	NA	NA	NA	NA	NA	NA	NA	NA	NA	NA	NA	NA	NA	NA
GH105	266.76494	277.31374	235.30911	250.47706	213.08936	243.70488	261.43777	393.88955	288.27576	437.72866	403.71137	453.97071	443.98254	196.28877	948.73713	1209.74994	856.44175	1159.6884	1385.93035	600.7977	351.89059	151.40095	475.64635	238.21826	496.31975	532.74782	559.37385	285.83586	333.00963	258.9774	381.79631	407.51742	341.96414	423.16508	372.1925	480.15391	297.08513	731.25317	707.0235	554.15979	526.99604	347.5766	362.35613	292.57149	403.71642	255.23266	319.29503	758.98214	788.7526	724.37404	988.94992	884.72012	645.83543	631.8564	389.08012	732.31117	656.82464	740.03325	506.75641	699.39351	483.16168	163.32261	84.55424	297.48094	342.31128	254.56478	261.12787	213.74424	286.04896	303.5675	358.04885	238.04418	386.43498	272.95586	203.47712	231.78434	255.74881	75.40557	147.9963	229.24557	299.38833	359.71972	349.11461	477.19429	436.74124	359.96015	326.50888	330.97001	411.7527	377.91802	260.46459	375.31773	273.5627	208.29847	1078.26818	379.23714	380.75939	498.24631	706.36116	552.34474	565.95481	495.67701	492.59873	337.43571	417.2755	592.64954	511.8575	617.23598	546.8454	392.11445	750.91277	697.44307	355.91005	475.25216	556.76011	379.37022	242.63541	256.50661	323.23374	239.42359	249.6838	343.16482	325.60186	335.86629	416.61375	453.22154	402.14826	363.74593	239.27611	249.16347	230.57812	282.51896	374.70845	299.6776	352.06759	447.20451	390.30723	355.11157	541.3539	415.37843	278.03305	194.87259	258.95506	362.44801	940.71376	1030.81459	688.89396	789.04949	329.95386	264.45928	486.98299	309.61882	390.60289	340.13026	509.174	352.46966	469.42974	347.65395	457.88204	319.84407	257.39165	354.63197	227.22936	243.83527	731.13424	768.46	421.4593	583.70233	293.48739	204.6158	184.63622	183.05001	141.50763	225.09655	197.79155	185.84437	372.11691	469.29662	467.00242	425.53621	693.07129	419.85789	579.29142	759.03844	584.1403	593.75473	682.16302	493.39993	403.76999	297.3606	396.69366	393.11177	451.43707	526.47593	518.18321	485.36893	328.34778	644.0643	485.56581	235.18583	498.75401	344.90575	339.26909	372.64506	386.28631	430.59475	865.93717	954.41966	294.60813	504.03559	494.18072	810.29428	198.34611	171.89023	136.14074	117.43757	391.33751	242.0653	848.8346	739.02855	249.4557	308.91493	NA	NA	NA	NA	4.92101	NA	NA	NA	NA	NA	NA	NA	NA	NA	NA	NA	NA	NA	NA	NA	NA	NA	NA	NA	NA	NA	NA	NA	NA	NA	NA	NA	NA	NA	NA	NA	NA	NA	NA	NA	NA	NA	NA	NA	NA	NA	NA	NA	NA	NA	NA	NA	NA	NA	NA	NA	NA	NA	NA	NA	NA	NA	NA	NA	NA	NA	NA	NA	NA	NA	NA	NA	NA	NA	NA	NA	NA	NA	NA	NA	NA	NA	NA	NA	NA	NA	NA	NA	NA	NA	NA	NA	NA	NA	NA	NA	NA	NA	NA	NA	NA	NA	NA	NA	NA	NA	NA	NA	NA	NA	NA	NA	NA	NA	NA	NA	NA	NA	NA	NA	NA	NA	NA	NA	NA	NA	NA	NA	4.73014	NA	NA	NA	NA	NA	NA	NA	NA	NA	NA	NA	NA	NA	NA	NA	NA	NA	NA	NA	NA	NA	NA	NA	NA	NA	NA
GH106	230.76179	215.13382	188.01953	239.56372	229.71156	184.18122	212.31479	243.23463	181.32058	226.93663	275.5076	269.87527	284.31641	149.00813	454.67818	707.59125	586.97121	693.02115	870.75505	442.9054	217.83396	140.65588	344.5265	207.54001	267.21583	309.90742	343.7611	168.22164	300.49737	211.68072	319.05385	333.79372	346.69267	290.17156	322.05582	386.93672	234.59046	578.04188	504.84384	382.58925	373.16818	400.39209	124.44256	186.08975	267.1883	142.852	193.03626	491.18508	519.81995	441.08386	613.69454	569.2107	396.48153	436.94974	268.75615	422.91027	354.6344	402.9845	314.99964	378.4175	294.66367	128.73634	97.86396	180.81993	206.89651	152.75635	146.67373	141.95394	218.70057	233.12519	253.09245	214.58221	295.94453	216.23177	141.73321	211.20925	231.02934	89.77987	129.06426	213.42012	278.98252	323.94604	360.84164	440.98888	299.27231	241.19526	167.18039	238.32043	325.87037	206.36776	187.03764	166.32517	150.69828	127.52155	624.02408	160.57909	274.38583	353.34836	472.31928	444.10655	385.05317	403.12572	349.31721	278.67747	381.40989	423.9631	416.12278	498.78378	392.47649	313.22122	593.74365	402.29028	546.73658	331.79759	409.52113	232.9368	312.41645	280.06713	400.09369	321.73945	297.46859	539.79	365.68935	246.41605	292.67089	333.9198	214.47046	203.09052	321.54332	324.01674	174.63487	453.68877	244.65441	170.64782	158.36797	230.06995	287.82824	204.61381	417.8937	231.69409	321.46293	165.53894	252.31283	403.41639	514.61675	563.24739	317.90954	449.93468	271.07202	212.10973	285.84655	173.05571	334.59941	274.48326	356.05293	303.14345	222.42786	190.00813	253.86273	217.6785	133.77301	242.52709	84.32532	167.42543	557.21183	619.52052	347.01567	531.15703	269.9931	184.51803	218.84557	140.06643	147.96706	248.34722	185.47428	195.10628	292.34909	385.70875	331.53684	299.11557	515.13713	291.23891	372.76066	516.4915	394.9144	274.37528	433.3374	243.26133	284.23176	207.11542	263.6943	301.10068	289.05034	360.84061	375.63417	320.82679	242.66506	837.56857	528.29258	276.81504	292.2203	198.58708	183.35294	183.73007	264.3719	283.45763	424.26803	494.86901	206.56496	339.63733	265.08861	484.99562	184.63881	178.50127	140.13955	149.71969	301.15413	228.43564	576.02987	413.42602	153.51941	190.31551	NA	NA	NA	NA	NA	NA	NA	NA	NA	NA	NA	NA	NA	NA	NA	NA	NA	NA	NA	NA	NA	NA	NA	NA	NA	NA	NA	NA	NA	NA	NA	NA	NA	NA	NA	NA	NA	NA	NA	NA	NA	NA	NA	NA	NA	NA	NA	NA	NA	NA	NA	NA	NA	NA	NA	NA	NA	NA	NA	NA	NA	NA	NA	NA	NA	NA	NA	NA	NA	NA	NA	NA	NA	NA	NA	NA	NA	NA	NA	NA	NA	NA	NA	NA	NA	NA	NA	NA	NA	NA	NA	NA	NA	NA	NA	NA	NA	NA	NA	NA	NA	NA	NA	NA	NA	NA	NA	NA	NA	NA	NA	NA	NA	NA	NA	NA	NA	NA	NA	NA	NA	NA	NA	NA	NA	NA	NA	NA	NA	NA	NA	NA	NA	NA	NA	NA	NA	NA	NA	NA	NA	NA	NA	NA	NA	NA	NA	NA	NA	NA	NA	NA	NA	NA	NA
GH108	47.66483	53.12452	49.31219	178.12222	29.04134	42.42323	104.98814	74.32562	34.76771	56.19044	120.60811	69.11633	62.18145	9.15547	63.55403	104.52717	55.14507	70.08053	80.853	29.13017	12.07438	80.24627	70.66787	655.0029	712.19143	460.71836	108.25353	21.67696	271.19652	258.96388	115.87129	411.81056	360.85276	107.74463	266.41723	34.16365	23.17392	86.08893	64.20298	40.34245	41.99982	496.35949	24.62442	5.32149	14.52009	0.94947	19.62732	54.46465	141.69301	62.33361	109.58751	88.69829	57.59888	81.97313	204.44281	259.79028	200.44016	234.5535	259.77974	220.17451	170.59365	186.82602	127.10021	28.41789	57.05284	80.50643	29.50851	57.22319	26.98602	47.13485	45.56482	129.56559	107.71103	21.15622	18.72678	356.24645	53.15417	474.2166	375.00752	269.2743	230.89084	73.82921	39.37764	51.1136	31.64099	23.19391	19.1493	35.79551	41.89795	3.79604	7.38075	2.6651	0.54532	0.58059	37.02464	4.79049	19.93606	20.93387	17.74696	28.49486	8.30604	11.11658	28.31241	110.00537	77.18989	137.9202	120.34899	129.4824	147.32152	280.14277	102.67136	52.37908	81.10444	62.68843	75.00078	50.25171	20.51089	46.78711	77.19136	47.05277	73.28087	104.29791	53.22255	34.21438	79.23031	92.57894	191.30214	155.2298	80.01089	82.04476	48.17093	56.50534	57.66014	66.14616	38.97477	50.29854	50.56645	37.93411	35.32986	29.77807	60.02462	37.96222	53.76689	58.45804	65.88297	91.14607	2668.44103	1139.64228	49.26265	22.12961	345.80704	86.21997	47.18949	47.09725	50.29707	74.39037	7.74401	3.02673	11.8675	5.92864	24.07419	73.35086	41.92531	165.20811	615.1884	1140.51363	1006.07244	537.95335	34.31547	43.66584	13.89288	9.27969	80.95649	96.21633	67.71348	98.20888	51.87579	82.22959	72.64103	286.64662	78.88757	86.47543	257.14615	70.47609	39.78021	38.89464	55.89514	42.0892	233.89487	169.21128	377.9311	226.36081	44.72038	11.63556	11.22641	NA	NA	231.36006	68.31776	32.01306	70.42274	49.80014	4.75031	21.50465	38.05918	54.05875	64.99325	89.56962	60.68421	72.66036	42.16126	67.55493	56.57966	279.84087	122.69908	81.99443	23.35389	10.80205	26.70653	9.36996	2.47255	2.72234	NA	NA	NA	NA	NA	NA	NA	NA	NA	NA	NA	NA	NA	NA	NA	NA	NA	NA	NA	NA	NA	NA	NA	NA	NA	NA	NA	NA	NA	NA	NA	NA	NA	NA	NA	NA	NA	NA	NA	NA	NA	NA	NA	NA	NA	NA	NA	NA	NA	NA	NA	NA	NA	NA	NA	NA	NA	NA	NA	NA	NA	NA	NA	NA	NA	NA	NA	NA	NA	NA	NA	NA	NA	NA	NA	NA	NA	NA	NA	NA	NA	NA	NA	NA	NA	NA	NA	NA	NA	NA	NA	NA	NA	NA	NA	NA	NA	NA	NA	NA	NA	NA	NA	NA	NA	NA	NA	NA	NA	NA	NA	NA	NA	NA	NA	NA	NA	NA	NA	NA	NA	NA	NA	NA	NA	NA	NA	NA	NA	NA	NA	NA	NA	NA	NA	NA	NA	NA	NA	NA	NA	NA	NA	NA	NA	NA	NA	NA	NA	NA	NA	NA	NA	NA	NA
GH109	78.45354	69.36839	70.35434	82.5982	30.34722	40.47297	78.42766	135.02416	83.71682	101.56429	134.81558	120.84641	121.61328	52.10531	299.80012	369.63967	299.70157	385.1173	471.88938	219.25712	110.07573	70.40918	193.30929	104.9866	136.17751	124.63376	142.42156	98.85629	185.29569	102.72814	170.34435	169.61695	207.15554	182.78668	210.44286	226.88946	108.60241	312.9134	284.2032	224.83634	205.88378	204.30283	92.12102	125.6545	142.39264	85.77382	138.79892	249.92344	315.81072	219.62043	375.79444	295.76443	212.98464	287.46118	113.80559	109.38942	43.23065	53.33664	78.82206	60.81548	102.19809	75.2998	34.09249	100.9598	96.6259	62.36413	78.80931	54.70342	117.8474	153.44478	159.28251	81.91666	150.35119	100.06298	89.07385	276.05871	213.45276	121.74176	94.79654	119.29765	185.88619	229.84946	138.99027	166.00226	92.15754	96.7395	72.40656	105.34377	139.6606	167.61083	106.34689	114.64902	87.26688	90.73472	272.94857	118.48204	159.05483	207.24007	314.4021	260.95584	284.6678	295.18908	234.04409	194.56689	200.18125	257.26761	229.22282	246.54853	193.67275	193.18466	286.47941	174.75549	81.77035	153.68556	171.08117	103.28284	95.97632	108.0567	144.04453	56.95748	63.92265	40.68559	131.43783	274.3789	166.28892	180.9589	123.42998	133.4099	59.64485	56.0199	43.34534	41.65579	151.7932	115.6542	75.38912	119.75064	216.02232	177.04634	294.66911	148.79501	135.89781	58.0595	72.54991	87.73746	302.1231	339.17092	262.80274	296.46866	139.27386	105.40324	158.4177	83.74675	142.31025	109.13684	129.5219	129.07862	152.42124	132.68321	109.66453	94.63886	93.43054	141.64031	73.03165	99.52926	308.20264	330.24222	181.22244	289.74603	166.24761	100.02232	84.73232	61.11941	109.12322	199.61893	99.07645	136.37749	155.98206	198.15218	178.95127	190.70994	355.64588	207.72554	218.71529	312.30417	257.74797	196.02635	290.93496	134.88328	165.25417	132.87966	197.15302	163.12666	82.99902	84.26069	8.36821	4.18243	41.2899	50.02468	65.46655	45.30415	208.52025	159.81837	141.68855	144.24647	130.86125	148.59156	231.9661	260.75605	60.45206	92.72876	45.71983	35.59471	76.24871	58.52935	57.3046	65.59635	192.55321	164.72134	295.08203	206.51076	60.99236	131.50404	NA	NA	NA	NA	NA	NA	NA	NA	NA	NA	NA	NA	NA	NA	NA	NA	NA	NA	NA	NA	NA	NA	NA	NA	NA	NA	NA	NA	NA	NA	NA	NA	NA	NA	NA	NA	NA	NA	NA	NA	NA	NA	NA	NA	NA	NA	NA	NA	NA	NA	NA	NA	NA	NA	NA	NA	NA	NA	NA	NA	NA	NA	NA	NA	NA	NA	NA	NA	NA	NA	NA	NA	NA	NA	NA	NA	NA	NA	NA	NA	NA	NA	NA	NA	NA	NA	NA	NA	NA	NA	NA	NA	NA	NA	NA	NA	NA	NA	NA	NA	NA	NA	NA	NA	NA	NA	NA	NA	NA	NA	NA	NA	NA	NA	NA	NA	NA	NA	NA	NA	NA	NA	NA	NA	NA	NA	NA	NA	NA	NA	NA	NA	NA	NA	NA	NA	NA	NA	NA	NA	NA	NA	NA	NA	NA	NA	NA	NA	NA	NA	NA	NA	NA	NA	NA
GH11	NA	0.63883	NA	NA	NA	NA	NA	2.70725	2.52314	0.83221	0.30793	1.06207	0.85418	0.4341	NA	NA	NA	NA	NA	NA	NA	NA	NA	NA	NA	NA	NA	NA	1.98919	2.64753	4.47214	3.32751	3.29561	2.23227	3.10692	8.41959	5.38197	6.02685	13.18512	9.6414	9.88371	0.9408	0.27698	1.91639	2.46197	NA	0.81837	2.29609	4.61029	9.28133	3.21849	5.42886	3.25567	2.82335	0.63395	0.13307	NA	0.26244	0.56145	0.2828	0.44444	0.99154	0.27255	11.88379	11.81473	2.83213	3.8065	2.71997	4.86195	3.15168	1.74023	2.60482	9.60266	3.45497	1.32068	1.59628	0.97378	0.18603	2.1473	1.30191	6.29085	0.27894	4.74238	2.70299	6.8176	3.53441	2.73076	0.9249	3.61898	1.35181	0.94836	2.98951	3.16562	0.49224	NA	NA	0.59862	1.0458	NA	1.6147	1.289	NA	1.20311	1.88745	1.31551	3.5092	3.12182	1.42102	0.72339	2.84985	0.70218	1.71589	NA	3.3543	1.30671	1.7783	1.04316	0.94173	0.43809	0.88933	NA	0.4498	NA	NA	6.7176	3.25213	9.78119	9.54774	NA	NA	NA	NA	0.22302	0.70968	2.02458	2.73338	NA	0.94972	0.27861	1.18112	NA	NA	NA	0.99301	NA	NA	NA	NA	NA	NA	NA	NA	2.53065	4.5138	3.22632	3.22881	3.59729	0.95541	1.17453	0.35903	1.61265	0.66036	5.14212	1.5248	0.20984	0.80193	3.31062	0.39257	3.22497	5.70499	3.16485	4.00097	0.47133	2.82259	1.49485	0.10805	0.64729	1.24528	7.26195	4.13098	5.992	4.6686	2.44703	8.43577	NA	NA	NA	NA	0.66906	NA	0.43541	0.20906	0.768	0.94018	0.17525	NA	NA	NA	NA	NA	2.63867	0.57826	0.88016	2.66046	9.46115	3.71585	4.0692	3.25721	1.11831	1.14424	0.11143	0.10928	3.43834	1.62997	7.69757	3.76567	0.78613	1.67829	NA	NA	NA	0.27662	NA	NA	NA	NA	NA	NA	NA	NA	NA	NA	NA	NA	NA	NA	NA	NA	NA	NA	NA	NA	NA	NA	NA	NA	NA	NA	NA	NA	NA	NA	NA	NA	NA	NA	NA	NA	NA	NA	NA	NA	NA	NA	NA	NA	NA	NA	NA	NA	NA	NA	NA	NA	NA	NA	NA	NA	NA	NA	NA	NA	NA	NA	NA	NA	NA	NA	NA	NA	NA	NA	NA	NA	NA	NA	NA	NA	NA	NA	NA	NA	NA	NA	NA	NA	NA	NA	NA	NA	NA	NA	NA	NA	NA	NA	NA	NA	NA	NA	NA	NA	NA	NA	NA	NA	NA	NA	NA	NA	NA	NA	NA	NA	NA	NA	NA	NA	NA	NA	NA	NA	NA	NA	NA	NA	NA	NA	NA	NA	NA	NA	NA	NA	NA	NA	NA	NA	NA	NA	NA	NA	NA	NA	NA	NA	NA	NA	NA	NA	NA	NA	NA	NA	NA	NA	NA
GH110	54.39403	62.13894	71.87287	67.37027	31.32882	47.42513	82.62977	87.8874	71.18018	67.52764	89.7072	95.44116	86.57164	38.44595	166.46327	242.95365	133.27479	213.95836	280.66703	129.04657	109.28897	103.97391	137.31378	96.61215	114.51542	117.14161	131.05961	75.67182	109.84374	61.75253	99.12703	81.1106	128.90333	74.9595	113.01199	119.20541	70.81082	182.91356	149.59087	109.283	102.30023	133.1406	49.25994	56.75781	96.55523	53.25916	75.40163	183.82179	196.11941	149.77538	198.41998	197.99276	144.10556	166.98128	70.51748	77.48692	40.9097	49.47935	51.95421	45.32512	68.40146	55.85779	42.0135	64.98841	68.79271	51.97892	48.38396	46.7401	83.40346	100.08414	88.45273	68.28008	95.90387	57.94624	56.89073	203.51368	149.82646	119.07674	73.48141	102.7307	113.8835	162.82963	115.49109	126.90767	95.38313	68.02192	48.30751	97.49258	96.0075	88.09945	72.79145	54.31873	44.37356	73.7062	160.37897	49.24423	60.94402	100.45008	107.76591	102.49931	70.03025	63.95446	104.76633	82.18519	80.86287	84.66368	91.30376	85.66706	96.2837	109.45407	173.66458	144.40628	55.87841	126.40907	104.26211	67.21858	96.14204	83.07329	106.73646	38.09203	53.24013	33.48265	90.6667	249.40705	101.26079	88.75058	47.54412	47.34932	49.20385	48.48318	46.54824	35.48697	106.77033	66.36479	51.53878	88.45178	157.10372	110.42006	175.16822	82.76325	130.30215	71.66809	68.6999	80.07773	208.74468	206.27221	126.04714	177.60579	121.10226	92.34145	124.66353	88.73599	119.1192	74.98145	65.49375	93.32917	96.57876	106.77057	96.20423	81.02691	77.69161	90.03759	50.92211	69.26228	194.66654	183.76867	123.86034	195.79035	129.28576	101.04577	76.74557	66.12847	83.27205	163.58843	78.97449	114.29423	76.63147	89.6324	82.14789	81.24923	176.31568	112.45068	118.35098	167.18914	151.99964	100.69833	134.88138	43.36323	85.40241	63.25788	71.64916	93.37048	37.84608	37.86582	4.55998	1.23347	56.2852	30.92438	43.80772	42.01369	103.05567	84.06073	44.84626	58.4242	90.30327	93.42288	143.44149	151.18577	46.15143	82.72503	51.3053	22.78477	64.14833	55.47169	51.44978	56.29351	83.96064	141.35024	172.79629	107.17019	42.30814	66.60569	NA	NA	NA	NA	NA	NA	NA	NA	NA	NA	NA	NA	NA	NA	NA	NA	NA	NA	NA	NA	NA	NA	NA	NA	NA	NA	NA	NA	NA	NA	NA	NA	NA	NA	NA	NA	NA	NA	NA	NA	NA	NA	NA	NA	NA	NA	NA	NA	NA	NA	NA	NA	NA	NA	NA	NA	NA	NA	NA	NA	NA	NA	NA	NA	NA	NA	NA	NA	NA	NA	NA	NA	NA	NA	NA	NA	NA	NA	NA	NA	NA	NA	NA	NA	NA	NA	NA	NA	NA	NA	NA	NA	NA	NA	NA	NA	NA	NA	NA	NA	NA	NA	NA	NA	NA	NA	NA	NA	NA	NA	NA	NA	NA	NA	NA	NA	NA	NA	NA	NA	NA	NA	NA	NA	NA	NA	NA	NA	NA	NA	NA	NA	NA	NA	NA	NA	NA	NA	NA	NA	NA	NA	NA	NA	NA	NA	NA	NA	NA	NA	NA	NA	NA	NA	NA
GH111	NA	0.06894	0.05266	NA	NA	NA	0.37406	NA	0.06154	0.06261	NA	0.03161	0.03113	0.06255	NA	NA	0.05987	NA	0.08514	0.18016	0.15772	0.12068	NA	NA	NA	NA	NA	0.16883	0.31549	0.10689	NA	0.05787	0.17778	NA	NA	0.02953	0.12809	NA	NA	NA	0.07096	1.56223	NA	NA	0.13863	0.05822	NA	0.0717	NA	NA	NA	NA	NA	NA	NA	NA	0.09905	0.0623	NA	NA	0.18334	0.36157	0.0585	0.45867	0.18632	0.71449	0.11768	0.16657	0.40583	1.50731	0.75205	0.21523	0.3805	0.46889	NA	NA	0.02997	NA	0.05445	0.21671	NA	NA	0.10576	NA	NA	NA	NA	NA	NA	NA	NA	NA	NA	0.10968	0.19722	NA	NA	NA	NA	NA	0.11103	NA	0.38692	0.14129	0.30372	0.0298	0.09514	0.1228	NA	0.28752	1.21555	5.25761	0.12874	3.72525	4.51804	4.83282	7.83461	0.24063	0.80498	0.17331	0.17632	0.06048	0.10333	0.90259	0.18494	0.09764	0.05212	0.07296	NA	0.09223	0.12898	NA	NA	0.04714	0.0499	NA	5.09387	5.81474	4.5098	1.96972	0.48971	0.19873	0.21467	NA	NA	NA	NA	0.07409	NA	NA	0.02551	0.02831	5.0543	2.22806	0.51939	0.0243	0.02325	NA	0.08724	0.28	0.08916	NA	0.11588	NA	2.312	2.80038	3.81453	2.97438	2.27513	0.30567	0.34147	0.21441	0.22672	NA	0.13953	NA	0.07857	0.1444	0.107	0.08419	NA	0.04167	NA	0.22099	4.20688	2.48132	3.45788	8.75306	0.58372	7.85716	4.6494	7.20295	NA	NA	0.02217	NA	NA	0.10795	0.04675	0.09688	NA	NA	0.02393	0.02565	0.05342	NA	0.04693	NA	NA	0.02536	NA	NA	0.08006	0.31035	0.59004	1.44069	0.14744	1.33873	0.2381	0.0825	0.19184	NA	NA	NA	NA	NA	NA	NA	NA	NA	NA	NA	NA	NA	NA	NA	NA	NA	NA	NA	NA	NA	NA	NA	NA	NA	NA	NA	NA	NA	NA	NA	NA	NA	NA	NA	NA	NA	NA	NA	NA	NA	NA	NA	NA	NA	NA	NA	NA	NA	NA	NA	NA	NA	NA	NA	NA	NA	NA	NA	NA	NA	NA	NA	NA	NA	NA	NA	NA	NA	NA	NA	NA	NA	NA	NA	NA	NA	NA	NA	NA	NA	NA	NA	NA	NA	NA	NA	NA	NA	NA	NA	NA	NA	NA	NA	NA	NA	NA	NA	NA	NA	NA	NA	NA	NA	NA	NA	NA	NA	NA	NA	NA	NA	NA	NA	NA	NA	NA	NA	NA	NA	NA	NA	NA	NA	NA	NA	NA	NA	NA	NA	NA	NA	NA	NA	NA	NA	NA	NA	NA	NA	NA	NA	NA	NA	NA	NA	NA	NA	NA	NA	NA	NA	NA	NA	NA
GH112	200.36186	239.60645	222.93925	193.82365	190.08103	241.83628	193.85046	170.58473	210.49675	179.08243	116.59879	159.68416	188.05246	247.58184	125.10002	92.4189	193.09928	118.09864	87.23629	228.01583	302.47451	189.00671	196.54653	191.01865	222.73552	227.62112	226.03433	231.27157	96.83704	174.60267	154.05949	151.49789	135.61734	235.51876	114.69521	163.81085	195.85096	151.66606	166.79738	177.22782	190.0299	137.84537	245.62875	254.64849	206.57955	265.56945	157.37627	191.15776	92.79158	198.18832	127.11773	148.70478	187.26939	118.49464	91.95803	78.33289	92.98869	98.46479	76.63647	109.32331	109.64724	133.21523	224.57396	273.94906	256.19877	195.84759	221.39917	232.78336	148.36042	125.91892	160.75254	186.10266	186.10976	198.89956	163.90097	59.16721	123.93959	134.40845	134.46841	121.19419	85.2131	100.8867	167.69995	193.32623	182.36695	206.39139	220.0895	159.00788	156.51297	215.35564	157.0324	265.95482	269.30514	181.11811	130.6775	207.24002	107.07109	177.75184	158.81098	191.51727	192.7163	125.10987	173.95495	98.82819	122.93255	113.21515	97.60559	120.41207	121.96743	119.90958	84.75573	175.95292	162.93264	148.50137	117.11273	186.87992	196.23978	169.53389	164.00336	233.45022	185.08487	160.50087	106.37427	155.16533	114.45928	96.20001	121.32533	111.31316	181.9474	158.87234	131.29546	102.4571	102.07738	171.0905	161.36519	154.47761	107.22059	129.50693	160.33264	171.19167	138.3128	199.97429	181.52992	136.5449	138.09822	119.94524	84.5375	130.99658	136.23593	202.10166	156.83831	194.35952	112.24846	157.11805	177.49724	143.60875	178.36543	192.19282	127.21341	124.70759	199.22428	185.75077	172.54723	137.77024	95.93546	89.5938	106.56243	89.80277	105.29253	129.50309	146.64063	160.74797	103.64418	97.62	121.53211	131.49271	181.3013	144.1957	116.31406	111.36897	155.71547	139.82861	108.49455	100.48747	88.00515	144.42815	65.26119	77.76843	192.57093	167.61227	125.60542	127.83383	96.5683	57.95475	101.2008	55.63794	61.54509	57.7377	99.84936	166.87063	116.17086	139.79776	135.98753	169.34841	216.23389	178.30937	75.58294	65.09944	102.98013	87.46441	99.56434	51.61421	136.63114	153.11085	134.42733	106.37746	148.71041	148.30255	103.46127	179.48888	325.23463	243.95535	NA	NA	NA	NA	NA	NA	NA	NA	NA	NA	NA	NA	NA	NA	NA	NA	NA	NA	NA	NA	NA	NA	NA	NA	NA	NA	NA	NA	NA	NA	NA	NA	NA	NA	NA	NA	NA	NA	NA	NA	NA	NA	NA	NA	NA	NA	NA	NA	NA	NA	NA	NA	NA	NA	NA	NA	NA	NA	NA	NA	NA	NA	NA	NA	NA	NA	NA	NA	NA	NA	NA	NA	NA	NA	NA	NA	NA	NA	NA	NA	NA	NA	NA	NA	NA	NA	NA	NA	NA	NA	NA	NA	NA	NA	NA	NA	NA	NA	NA	NA	NA	NA	NA	NA	NA	NA	NA	NA	NA	NA	NA	NA	NA	NA	NA	NA	NA	NA	NA	NA	NA	NA	NA	NA	NA	NA	NA	NA	NA	NA	NA	NA	NA	NA	NA	NA	NA	NA	NA	NA	NA	NA	NA	NA	NA	NA	NA	NA	NA	NA	NA	NA	NA	NA	NA
GH113	39.60784	40.62442	29.06112	34.95845	43.44455	63.44281	34.91083	34.91711	49.20874	42.48332	22.52838	39.62615	47.51933	35.48552	40.77797	37.77951	29.08921	40.75589	42.76905	15.20508	0.90093	18.8056	37.1357	15.72919	39.65831	39.11638	38.76695	34.20912	13.83849	14.22836	35.5966	35.30066	30.76696	40.4058	13.09746	24.3133	13.68314	40.88311	19.64227	4.39427	10.56847	40.5458	56.08863	34.82783	35.25715	39.43173	36.54901	43.02882	36.64872	39.83081	42.07831	27.67363	23.40453	10.35109	8.46304	5.80271	4.16011	10.79231	5.51263	6.4476	11.21961	15.29669	8.61676	47.31855	21.22057	19.50585	16.87476	16.5537	37.01688	25.0446	22.62101	30.66793	31.72623	36.18961	20.52407	3.34997	12.20983	4.63066	4.7131	12.84452	5.85293	10.32304	30.47161	40.08006	46.29188	47.22244	59.82276	32.83523	35.76578	26.92922	11.75345	55.58628	41.79796	20.06333	36.59825	22.38558	11.83648	21.84879	13.96325	30.64823	27.17402	25.63541	23.94404	14.60765	27.11287	23.14648	26.71916	18.81952	16.01564	11.31138	10.57204	33.78856	13.30221	9.91897	11.18672	11.89594	8.86552	7.53662	7.9191	16.77603	15.45837	19.16419	13.00711	12.8243	8.18719	18.27619	25.05229	40.06801	21.7562	25.58635	49.71646	28.07904	16.13053	35.43689	47.50365	34.3832	33.46203	29.10225	32.4661	60.10331	17.83292	22.15241	14.19064	24.0694	103.18897	81.06874	72.27035	38.35876	31.74064	34.96594	43.88687	58.03221	21.68657	42.41895	50.99751	33.45432	39.10447	31.11915	29.34313	21.42865	28.53094	44.45191	30.83323	43.29754	29.4222	26.46184	23.7569	27.45447	22.68513	24.45087	29.12225	36.95973	11.60168	11.50628	14.06301	20.97324	37.73757	64.38115	53.76576	38.81327	63.84146	39.32293	30.71157	80.6052	75.74479	15.72511	40.03702	13.3671	38.84563	40.89624	39.05013	27.9002	19.69214	13.38134	8.22918	4.99308	NA	7.71289	4.98601	10.94741	36.65435	47.67049	42.67021	45.62131	19.22341	18.10491	41.95634	33.57806	13.86681	12.18537	17.99257	5.81035	12.29853	9.31182	14.61014	15.96533	13.58516	7.43381	25.65677	20.48951	45.90161	51.88968	NA	NA	NA	NA	NA	NA	NA	NA	NA	NA	NA	NA	NA	NA	NA	NA	NA	NA	NA	NA	NA	NA	NA	NA	NA	NA	NA	NA	NA	NA	NA	NA	NA	NA	NA	NA	NA	NA	NA	NA	NA	NA	NA	NA	NA	NA	NA	NA	NA	NA	NA	NA	NA	NA	NA	NA	NA	NA	NA	NA	NA	NA	NA	NA	NA	NA	NA	NA	NA	NA	NA	NA	NA	NA	NA	NA	NA	NA	NA	NA	NA	NA	NA	NA	NA	NA	NA	NA	NA	NA	NA	NA	NA	NA	NA	NA	NA	NA	NA	NA	NA	NA	NA	NA	NA	NA	NA	NA	NA	NA	NA	NA	NA	NA	NA	NA	NA	NA	NA	NA	NA	NA	NA	NA	NA	NA	NA	NA	NA	NA	NA	NA	NA	NA	NA	NA	NA	NA	NA	NA	NA	NA	NA	NA	NA	NA	NA	NA	NA	NA	NA	NA	NA	NA	NA
GH115	258.97112	180.67516	172.36158	217.09605	267.10804	190.9521	177.4577	231.5921	193.11367	252.80289	178.35373	201.35026	256.61247	162.67741	784.31428	810.4166	651.89807	847.20917	971.97575	418.63702	152.54578	65.8823	305.95839	108.62025	202.09793	234.51833	251.423	147.7424	226.40453	191.26798	323.00579	322.37082	301.87817	315.01605	242.94401	260.60768	159.30059	405.10984	320.30795	210.26198	233.02882	338.16174	105.52117	114.03192	222.10534	131.25545	141.28057	487.23387	428.18899	447.76846	597.60975	497.08804	362.96729	284.36309	288.5829	469.29253	455.38715	488.20665	398.38144	465.22712	334.02624	131.99046	88.90407	278.8359	227.83911	152.09059	168.99795	104.04321	189.57089	133.08015	148.73097	131.28407	172.60533	142.08174	103.9844	89.59611	142.55498	46.48781	69.86189	131.99078	148.4646	187.70634	304.79555	396.53009	260.7848	246.68589	207.42331	204.77173	329.93206	253.48496	129.4183	217.89056	154.85439	132.35067	574.18259	213.6403	286.76484	318.41789	434.10841	429.2908	452.49944	452.35827	334.56177	213.35493	375.53281	495.43341	361.43436	467.37898	345.15137	265.03935	281.2936	404.77831	451.82507	256.00091	296.45417	193.98098	183.38337	220.80522	310.40797	305.99805	220.42192	439.19807	302.25801	103.18421	291.22514	337.22511	219.35944	199.76233	345.96106	327.8949	188.31823	490.32042	203.26461	206.62213	190.43824	201.85955	262.26901	227.52942	370.12082	304.70068	251.75901	132.63065	231.14056	355.97567	768.80448	733.90741	618.45539	543.65686	224.52769	178.26068	232.66352	173.4278	295.58369	261.70187	445.53075	336.38311	280.44423	249.02144	211.14591	180.77749	183.48161	271.50865	127.47545	193.26017	494.243	552.16903	235.1412	356.97864	136.8517	125.47478	148.68659	86.39078	101.80021	146.81712	119.97298	157.00267	309.47404	503.32498	404.98103	360.45769	438.28955	281.53187	283.71736	465.46853	595.67082	357.74408	608.8939	317.22575	393.50166	309.37297	459.7051	325.7472	519.37437	575.81795	767.59489	644.08426	370.04118	714.03636	440.93375	205.19341	288.56321	209.32781	88.44692	177.20888	246.51451	252.18374	439.47287	433.21885	243.47009	319.66011	268.59302	556.54079	144.21434	132.65974	109.94154	98.64557	294.79895	170.47495	450.0285	319.13935	206.56814	168.76298	NA	NA	NA	NA	NA	NA	NA	NA	NA	NA	NA	NA	NA	NA	NA	NA	NA	NA	NA	NA	NA	NA	NA	NA	NA	NA	NA	NA	NA	NA	NA	NA	NA	NA	NA	NA	NA	NA	NA	NA	NA	NA	NA	NA	NA	NA	NA	NA	NA	NA	NA	NA	NA	NA	NA	NA	NA	NA	NA	NA	NA	NA	NA	NA	NA	NA	NA	NA	NA	NA	NA	NA	NA	NA	NA	NA	NA	NA	NA	NA	NA	NA	NA	NA	NA	NA	NA	NA	NA	NA	NA	NA	NA	NA	NA	NA	NA	NA	NA	NA	NA	NA	NA	NA	NA	NA	NA	NA	NA	NA	NA	NA	NA	NA	NA	NA	NA	NA	NA	NA	NA	NA	NA	NA	NA	NA	NA	NA	NA	NA	NA	NA	NA	NA	NA	NA	NA	NA	NA	NA	NA	NA	NA	NA	NA	NA	NA	NA	NA	NA	NA	NA	NA	NA	NA
GH116	11.09065	10.90455	9.62551	7.9231	5.00359	6.98009	14.36352	38.33934	23.89191	26.38832	43.19714	26.40992	30.79838	19.85911	99.47891	96.82053	86.41828	81.87839	49.72389	83.30602	44.49912	27.29206	49.73977	44.6817	31.77459	41.94181	34.30461	42.06038	52.17827	32.63969	42.45294	52.48948	45.37343	39.97055	51.38273	54.06994	37.81551	46.34262	26.48816	34.72711	33.12533	54.19253	32.03882	28.55673	23.78377	12.19802	39.58066	35.29229	102.16502	42.4723	31.57543	59.16382	21.61632	71.1661	24.21639	39.98833	31.47601	36.97825	22.28481	32.61121	29.90174	20.45932	22.83252	19.49395	22.39852	15.78797	22.00958	11.84837	15.2393	26.36111	16.08584	13.32003	16.05457	28.86517	13.04307	17.32733	16.44048	12.5303	16.43873	18.73019	29.36711	20.56044	37.96441	50.1601	39.04834	28.50358	25.32982	36.0367	51.25862	48.61228	28.0501	59.60282	36.98558	27.44875	62.31402	14.12864	69.32651	74.07968	52.21564	50.25433	40.34883	28.75676	74.86598	129.33855	125.93186	151.293	107.8099	94.30242	84.62335	116.72954	63.42805	47.34643	21.8979	70.64634	65.28344	41.11523	25.86663	22.629	21.26134	12.99818	11.73206	10.51578	32.1023	32.3444	54.44503	68.31921	84.27507	92.92931	11.14912	12.48468	7.61828	7.25274	41.1457	27.03576	21.07039	28.89699	55.80159	32.21506	56.14273	34.67	27.70526	12.59274	15.35754	28.09151	64.5828	92.72533	88.41337	51.22906	56.46657	35.69575	43.66231	42.60304	58.26206	55.53729	38.27818	44.95072	42.41158	24.75802	30.58075	18.79412	20.84168	34.02271	29.34322	59.52356	55.84928	31.06777	72.85005	86.95638	21.79087	14.15192	13.41741	8.87156	14.54645	11.2555	16.77666	13.11281	43.79768	41.95314	46.15861	31.90242	88.63515	67.78438	56.37613	43.71048	79.95088	165.62063	151.69266	84.56709	108.19305	128.88775	125.9525	99.43231	11.12753	9.50463	0.86547	0.37454	NA	37.49666	21.36014	13.23104	96.45921	74.35472	10.66284	23.4286	13.14174	33.41771	42.45602	43.24375	24.68689	33.94916	29.32695	35.82674	21.51115	19.47013	20.19432	22.51011	60.17219	34.91074	63.88005	25.11399	7.23167	12.27307	NA	NA	NA	NA	NA	NA	NA	NA	NA	NA	NA	NA	NA	NA	NA	NA	NA	NA	NA	NA	NA	NA	NA	NA	NA	NA	NA	NA	NA	NA	NA	NA	NA	NA	NA	NA	NA	NA	NA	NA	NA	NA	NA	NA	NA	NA	NA	NA	NA	NA	NA	NA	NA	NA	NA	NA	NA	NA	NA	NA	NA	NA	NA	NA	NA	NA	NA	NA	NA	NA	NA	NA	NA	NA	NA	NA	NA	NA	NA	NA	NA	NA	NA	NA	NA	NA	NA	NA	NA	NA	NA	NA	NA	NA	NA	NA	NA	NA	NA	NA	NA	NA	NA	NA	NA	NA	NA	NA	NA	NA	NA	NA	NA	NA	NA	NA	NA	NA	NA	NA	NA	NA	NA	NA	NA	NA	NA	NA	NA	NA	NA	NA	NA	NA	NA	NA	NA	NA	NA	NA	NA	NA	NA	NA	NA	NA	NA	NA	NA	NA	NA	NA	NA	NA	NA
GH117	2.02031	4.29795	3.72739	3.04194	1.22736	2.99425	4.96129	12.17849	10.72635	6.5809	12.74484	9.41071	8.05045	9.62023	NA	NA	NA	NA	NA	NA	NA	1.17103	2.13195	0.18682	1.70758	0.98045	1.7477	5.01724	32.24103	19.22627	31.30604	31.03877	26.1226	28.77172	34.18324	8.34684	8.87184	11.98115	10.17568	9.86679	9.87343	30.55775	18.64211	19.53032	24.48637	21.1955	17.85552	7.97455	49.79516	13.54573	37.78753	12.3509	6.17779	29.28703	2.81249	4.91275	1.28757	2.04608	0.49374	1.17196	1.7839	1.7847	2.40107	2.79425	2.04257	2.31385	4.49316	1.7364	17.8233	15.37511	10.65393	4.53576	7.4611	14.79314	7.70169	13.53961	25.71625	1.83522	17.19713	12.54973	19.70144	25.80114	16.45691	22.8772	17.26295	15.57674	12.77925	12.09277	18.58193	30.61804	13.72754	23.10439	12.13418	6.34177	58.30177	18.07596	12.94072	15.76662	7.72762	7.98472	4.30243	4.22026	16.09156	41.08612	44.46384	53.28192	41.24025	39.4123	37.59634	37.62462	39.94424	41.34001	2.61421	44.04605	62.64411	27.07273	18.53225	1.51374	3.39544	0.61085	1.36588	2.52717	0.89739	4.92254	32.45543	39.51798	34.11449	35.14952	2.86877	3.97507	3.22663	1.7427	21.54883	12.20685	8.0967	11.82765	20.9537	14.4565	16.78888	31.82858	3.22638	0.90167	0.81394	1.66181	0.24413	NA	NA	NA	0.53098	1.56165	0.88618	2.29948	16.36219	16.44692	23.61981	16.77592	26.48458	17.92407	20.28595	13.52134	3.63341	6.93915	2.02334	7.84575	18.58124	5.24241	23.75572	29.59745	16.96413	9.3421	3.49962	0.6548	17.41332	9.68053	19.23382	8.23088	28.24779	28.81444	32.4259	22.75788	20.26234	15.78048	15.82629	13.75951	17.45095	27.76431	25.76058	NA	22.35219	17.66439	17.59565	12.28656	1.47417	0.28262	NA	0.20972	NA	2.63754	2.18561	1.68122	46.61446	29.69353	39.88322	34.36899	6.36624	14.54706	17.04989	17.74181	3.39219	1.1113	1.839	0.81878	3.34966	3.88024	1.7693	1.42664	10.99858	3.71499	11.63438	4.03279	11.53117	17.13785	NA	NA	NA	NA	NA	NA	NA	NA	NA	NA	NA	NA	NA	NA	NA	NA	NA	NA	NA	NA	NA	NA	NA	NA	NA	NA	NA	NA	NA	NA	NA	NA	NA	NA	NA	NA	NA	NA	NA	NA	NA	NA	NA	NA	NA	NA	NA	NA	NA	NA	NA	NA	NA	NA	NA	NA	NA	NA	NA	NA	NA	NA	NA	NA	NA	NA	NA	NA	NA	NA	NA	NA	NA	NA	NA	NA	NA	NA	NA	NA	NA	NA	NA	NA	NA	NA	NA	NA	NA	NA	NA	NA	NA	NA	NA	NA	NA	NA	NA	NA	NA	NA	NA	NA	NA	NA	NA	NA	NA	NA	NA	NA	NA	NA	NA	NA	NA	NA	NA	NA	NA	NA	NA	NA	NA	NA	NA	NA	NA	NA	NA	NA	NA	NA	NA	NA	NA	NA	NA	NA	NA	NA	NA	NA	NA	NA	NA	NA	NA	NA	NA	NA	NA	NA	NA
GH120	68.24201	48.97152	75.18019	84.03213	86.33511	145.64563	65.07739	48.24725	79.12554	83.93853	95.71433	113.61091	166.28028	146.134	15.91646	11.88509	45.81393	26.30739	23.41014	61.74817	88.50959	61.11294	72.31339	92.51909	96.71191	99.06492	136.65191	115.07976	52.72236	68.80746	71.28493	73.2421	64.32309	51.01568	58.90995	133.19663	173.9443	93.05175	116.59162	145.2427	194.99427	63.32405	54.92425	103.33365	82.98014	169.38647	90.81644	79.31824	60.4628	89.20186	78.33684	56.88992	112.73661	94.35777	55.82453	34.64307	34.51502	32.73671	36.6853	39.53725	50.46278	79.52569	198.19083	153.23271	153.5812	153.92565	112.86513	154.95483	111.16692	115.00056	74.43977	135.2363	77.77529	110.23434	97.07479	37.61873	29.42923	91.60176	85.13324	73.9113	51.46252	69.72077	109.98463	115.64126	118.30967	180.40712	165.13128	172.79963	110.88258	110.89434	70.30492	111.40977	95.40966	106.13658	72.6166	160.44482	136.59008	137.20462	216.21614	237.57138	281.84514	295.22484	147.27808	62.38124	73.64387	63.83662	40.46068	63.02731	86.10152	68.44377	77.91097	100.96229	67.86728	99.09521	85.79456	121.12215	103.0489	26.40384	38.36204	65.07391	41.55072	57.06197	52.85632	91.08394	48.45514	60.06896	49.17627	53.66723	76.52119	48.9654	55.46047	53.64932	38.08405	67.04933	53.2742	50.03004	80.03845	57.25808	65.51818	113.19802	40.55479	56.20731	29.27972	41.01563	55.4482	52.3009	47.45439	63.95204	57.02967	95.9612	57.10975	88.34083	62.14232	44.57588	54.07163	66.23634	86.17444	100.42927	42.89041	61.2968	44.72141	63.4812	48.7855	65.75676	45.87863	65.05906	65.18817	69.01549	81.22239	76.15552	66.50491	34.75518	80.0266	62.79457	69.16176	90.43152	54.19322	37.81518	36.50828	36.99341	28.49292	72.68036	57.87612	63.85926	76.66888	87.05168	117.57959	159.16491	120.08901	101.78355	125.31399	87.78015	36.61687	18.45348	37.82448	26.8359	97.6904	45.67339	77.95154	133.34407	57.98145	56.35635	76.86817	35.11177	140.49876	118.36587	52.27548	31.07394	45.87649	23.38302	34.04621	28.01991	59.85463	87.66336	83.38541	64.99119	159.76227	75.32094	104.89326	91.93263	200.26062	126.75459	NA	NA	NA	NA	NA	NA	NA	NA	NA	NA	NA	NA	NA	NA	NA	NA	NA	NA	NA	NA	NA	NA	NA	NA	NA	NA	NA	NA	NA	NA	NA	NA	NA	NA	NA	NA	NA	NA	NA	NA	NA	NA	NA	NA	NA	NA	NA	NA	NA	NA	NA	NA	NA	NA	NA	NA	NA	NA	NA	NA	NA	NA	NA	NA	NA	NA	NA	NA	NA	NA	NA	NA	NA	NA	NA	NA	NA	NA	NA	NA	NA	NA	NA	NA	NA	NA	NA	NA	NA	NA	NA	NA	NA	NA	NA	NA	NA	NA	NA	NA	NA	NA	NA	NA	NA	NA	NA	NA	NA	NA	NA	NA	NA	NA	NA	NA	NA	NA	NA	NA	NA	NA	NA	NA	NA	NA	NA	NA	NA	NA	NA	NA	NA	NA	NA	NA	NA	NA	NA	NA	NA	NA	NA	NA	NA	NA	NA	NA	NA	NA	NA	NA	NA	NA	NA
GH121	1.29334	2.32585	2.21153	1.91798	1.75185	2.71229	1.3871	5.08794	14.70433	9.47772	23.06031	16.38709	40.6727	25.1189	NA	NA	NA	NA	NA	NA	NA	20.96715	19.21661	30.23752	10.26945	5.99474	3.5107	13.64175	0.22623	0.09017	0.62158	0.18713	0.51277	0.19686	0.42627	5.83667	6.69832	6.28896	10.99946	12.45444	17.18976	0.4582	10.04062	9.23972	7.38113	12.16579	5.76001	9.64797	2.77842	7.09876	8.33613	6.4226	18.35941	4.90124	NA	0.07283	NA	0.06257	NA	0.14328	0.28878	3.36842	3.19628	3.23107	6.14194	4.06432	3.21133	9.79697	8.531	8.39364	7.12782	14.30001	9.70633	7.69973	9.55831	5.22813	4.04417	8.39196	7.95629	7.63518	4.18832	2.48551	1.36968	2.18425	0.83871	2.07952	4.22917	3.65507	2.48506	1.48111	3.80473	1.0327	1.2457	3.86722	6.99826	1.59782	0.82815	2.21611	3.16691	2.604	7.54711	1.9427	1.55401	0.45768	0.82838	0.26921	0.58902	0.2693	0.60684	0.73774	0.27411	1.33294	2.30188	2.64185	1.07323	2.73151	0.96931	0.6012	0.86406	4.39571	5.60989	2.43772	0.06893	1.13934	0.41669	0.43718	0.33318	0.2101	1.28667	1.32334	2.00898	1.02218	10.48548	3.92917	14.87231	15.80744	0.48361	0.44033	0.71741	3.77096	2.33046	3.50355	1.15829	1.41818	NA	0.04144	NA	0.11004	23.12043	33.56346	10.5251	6.79502	5.65622	0.78563	7.19226	6.1347	3.03982	3.66726	15.09733	13.68648	0.78158	0.82945	1.4463	3.07296	0.86879	5.29049	9.58002	5.57981	7.98768	7.15861	4.92445	6.3127	8.13726	7.17999	6.49014	5.11639	0.15441	0.09552	0.24034	0.28316	3.33515	4.73411	11.02877	13.56355	2.59933	2.19621	3.09827	NA	0.04945	0.69909	NA	0.07867	NA	NA	NA	1.99714	NA	0.57953	3.24444	3.93347	6.06212	6.98228	13.00361	6.91445	16.28416	12.78639	6.67127	2.84723	0.13527	0.19915	0.66211	0.62252	2.6733	2.15189	11.4824	13.26843	1.49095	4.82203	2.10681	7.16137	23.32054	9.0978	NA	NA	NA	NA	NA	NA	NA	NA	NA	NA	NA	NA	NA	NA	NA	NA	NA	NA	NA	NA	NA	NA	NA	NA	NA	NA	NA	NA	NA	NA	NA	NA	NA	NA	NA	NA	NA	NA	NA	NA	NA	NA	NA	NA	NA	NA	NA	NA	NA	NA	NA	NA	NA	NA	NA	NA	NA	NA	NA	NA	NA	NA	NA	NA	NA	NA	NA	NA	NA	NA	NA	NA	NA	NA	NA	NA	NA	NA	NA	NA	NA	NA	NA	NA	NA	NA	NA	NA	NA	NA	NA	NA	NA	NA	NA	NA	NA	NA	NA	NA	NA	NA	NA	NA	NA	NA	NA	NA	NA	NA	NA	NA	NA	NA	NA	NA	NA	NA	NA	NA	NA	NA	NA	NA	NA	NA	NA	NA	NA	NA	NA	NA	NA	NA	NA	NA	NA	NA	NA	NA	NA	NA	NA	NA	NA	NA	NA	NA	NA	NA	NA	NA	NA	NA	NA
GH123	35.37874	37.45612	51.9195	42.4941	26.4484	45.94065	46.38557	54.95628	49.83158	37.48479	51.71906	43.44399	46.54876	49.52316	98.04948	90.28992	89.40927	108.53424	128.75511	68.67462	63.47583	84.96381	80.84225	58.39773	49.49109	64.08013	66.69953	62.45234	62.53695	40.44231	61.61266	72.25397	78.71367	76.72771	73.50063	73.32998	51.05723	76.42174	74.43589	70.684	73.52121	86.9865	30.61432	44.97186	50.97407	28.02874	47.90677	100.17694	105.45748	81.02791	99.28872	86.9034	58.79771	70.99213	37.23194	42.83541	24.15447	33.05409	27.58253	27.34374	36.01767	21.05713	19.86606	26.32886	29.99458	18.95852	28.09018	25.05075	47.27606	57.47782	56.3541	53.32932	49.55515	63.29011	37.96505	103.45255	79.98801	47.06816	57.63791	73.83705	86.92367	107.98987	53.47375	55.86172	27.43894	26.24604	16.69126	38.42962	43.14298	68.49736	59.97755	49.55211	49.68706	57.04041	57.99898	48.2309	38.6194	66.22154	62.2179	49.94322	34.99674	36.46851	56.88079	58.61376	68.64236	56.0718	58.66778	50.67738	51.08837	62.99574	64.5958	73.61753	36.55672	67.17932	58.73446	51.42567	91.55597	43.33577	46.4736	27.34346	35.88278	29.29493	67.25158	115.20084	70.2366	60.42541	37.83935	38.22038	38.23673	31.74865	27.85177	25.23998	62.82164	42.69533	29.37113	45.85258	107.45746	100.1228	109.15437	56.44788	75.21102	51.8737	48.09728	49.05258	78.95788	80.52351	56.44996	80.73821	63.91587	52.12363	45.10995	54.32018	59.62765	33.94761	40.66536	42.15665	74.27777	83.46854	44.78279	62.48647	41.04726	49.72712	28.77426	52.7821	110.57127	131.10124	57.7084	94.75826	65.47494	48.61757	46.47405	30.5507	57.58728	95.13271	70.02386	67.73308	69.14011	89.91148	76.54425	80.06686	107.13242	58.18788	44.90813	89.80881	88.61216	65.62689	91.46098	48.77872	66.81293	71.38303	57.54781	69.9963	33.73614	44.62875	9.11843	7.45051	27.50835	22.63986	27.20294	38.15406	78.97859	54.04199	30.95576	34.26659	45.1035	47.97189	77.28724	70.48667	34.45112	44.79687	32.76029	16.57629	26.77749	35.27236	31.07243	35.15019	51.06226	68.25522	97.7995	74.65889	28.57254	34.39982	NA	NA	NA	NA	NA	NA	NA	NA	NA	NA	NA	NA	NA	NA	NA	NA	NA	NA	NA	NA	NA	NA	NA	NA	NA	NA	NA	NA	NA	NA	NA	NA	NA	NA	NA	NA	NA	NA	NA	NA	NA	NA	NA	NA	NA	NA	NA	NA	NA	NA	NA	NA	NA	NA	NA	NA	NA	NA	NA	NA	NA	NA	NA	NA	NA	NA	NA	NA	NA	NA	NA	NA	NA	NA	NA	NA	NA	NA	NA	NA	NA	NA	NA	NA	NA	NA	NA	NA	NA	NA	NA	NA	NA	NA	NA	NA	NA	NA	NA	NA	NA	NA	NA	NA	NA	NA	NA	NA	NA	NA	NA	NA	NA	NA	NA	NA	NA	NA	NA	NA	NA	NA	NA	NA	NA	NA	NA	NA	NA	NA	NA	NA	NA	NA	NA	NA	NA	NA	NA	NA	NA	NA	NA	NA	NA	NA	NA	NA	NA	NA	NA	NA	NA	NA	NA
GH125	113.56487	96.42827	68.79237	93.60082	117.10018	91.30811	95.52992	161.24186	126.85003	117.24369	144.37224	124.82637	133.86055	125.68123	746.98884	581.47859	276.74117	490.70331	390.86764	183.70169	96.74359	102.34042	288.58183	183.20761	143.37349	96.70515	146.05503	195.09621	191.25623	146.44292	207.35925	194.2168	222.49525	202.94113	208.73674	119.0731	117.10263	147.37207	135.10595	142.27116	150.39428	215.5225	140.13322	97.90272	136.83749	95.4878	143.27153	108.90695	280.35804	152.98198	146.28016	187.19032	95.11653	167.77534	113.05857	250.1982	248.41273	253.40501	159.43389	245.09719	152.68871	72.71236	114.37196	101.75505	107.82453	108.52289	86.90421	81.45828	125.63244	172.43137	108.40987	98.79572	105.14052	130.36855	86.42672	101.79053	140.38916	30.28061	131.278	131.65098	176.01505	230.1341	158.52522	192.69155	110.22269	105.06229	88.63132	119.40856	176.49424	249.87703	145.81411	179.07477	107.06036	87.30234	223.00049	117.15778	139.72357	177.32742	161.78988	102.63841	101.44841	110.80018	175.79357	351.11046	366.41234	386.24421	282.4734	230.29584	217.33125	306.93462	229.6679	206.14074	135.67054	242.5797	287.53385	149.67824	146.30582	85.8038	111.03032	82.78852	79.63426	127.41077	143.37807	65.5578	217.18525	255.83324	266.63671	273.51235	175.42182	155.2674	83.89775	222.79019	210.91534	133.13314	102.55227	150.34266	189.1801	190.29684	265.40112	212.54701	106.45755	56.85134	78.29351	133.57451	324.54917	533.174	440.56458	291.00616	269.11145	182.09049	256.78139	149.23819	166.20559	186.28263	158.60349	196.50345	218.68148	188.17275	144.58768	108.78119	63.16513	88.53136	74.91018	160.05406	277.52805	229.49846	288.61417	342.57545	111.18256	73.46298	83.89339	40.82649	173.49459	118.78289	183.00739	107.21899	188.60044	190.56887	232.43218	202.53322	227.41828	209.74444	160.69706	160.4587	263.19669	289.13455	248.78429	175.85313	187.92095	178.51973	220.63545	162.7691	97.90219	143.70552	240.20533	171.29239	52.20556	385.80251	226.5652	125.49693	350.4441	234.98241	118.20681	115.03098	71.50924	127.71517	135.29998	134.08721	93.944	103.03603	127.82685	193.15367	72.4691	79.66603	74.59405	66.06719	140.5152	100.80222	183.0065	148.84114	111.77783	93.72771	NA	NA	NA	NA	NA	NA	NA	NA	NA	NA	NA	NA	NA	NA	NA	NA	NA	NA	NA	NA	NA	NA	NA	NA	NA	NA	NA	NA	NA	NA	NA	NA	NA	NA	NA	NA	NA	NA	NA	NA	NA	NA	NA	NA	NA	NA	NA	NA	NA	NA	NA	NA	NA	NA	NA	NA	NA	NA	NA	NA	NA	NA	NA	NA	NA	NA	NA	NA	NA	NA	NA	NA	NA	NA	NA	NA	NA	NA	NA	NA	NA	NA	NA	NA	NA	NA	NA	NA	NA	NA	NA	NA	NA	NA	NA	NA	NA	NA	NA	NA	NA	NA	NA	NA	NA	NA	NA	NA	NA	NA	NA	NA	NA	NA	NA	NA	NA	NA	NA	NA	NA	NA	NA	NA	NA	NA	NA	NA	NA	NA	NA	NA	NA	NA	NA	NA	NA	NA	NA	NA	NA	NA	NA	NA	NA	NA	NA	NA	NA	NA	NA	NA	NA	NA	NA
GH126	0.22382	0.09395	0.62861	0.35073	NA	NA	NA	1.77857	2.0506	2.82415	5.35491	6.06833	6.42468	2.04707	NA	NA	0.31492	NA	0.14961	NA	0.08351	1.68684	1.00234	1.78834	0.51199	0.41957	NA	0.57281	1.43397	3.69678	1.33445	0.43205	0.65883	0.65119	NA	NA	NA	NA	NA	0.16053	NA	0.91784	2.85549	6.31517	1.67964	4.31215	4.61236	NA	NA	NA	NA	NA	NA	NA	1.73056	0.30221	1.28199	0.90232	0.98902	0.16277	1.12652	2.20044	0.39398	1.10399	2.06014	1.01213	0.62727	2.6841	1.74956	2.01642	1.91837	2.01393	3.03624	3.33394	1.76875	1.59108	0.93832	2.11827	4.6088	4.79958	1.6995	1.77771	1.0563	2.09375	0.49187	0.50352	NA	0.46174	NA	1.91479	1.23927	1.54172	0.89645	0.91361	1.84835	0.6911	0.54757	0.2221	NA	NA	NA	NA	NA	1.01796	1.49423	0.20115	1.05778	2.3757	3.62917	0.29582	0.15961	NA	NA	0.50029	NA	0.16112	0.64536	0.23894	0.56532	0.16363	0.40872	0.15993	0.95541	0.46383	0.71153	0.34816	0.35447	3.05218	0.52382	0.0982	NA	NA	1.64694	1.49932	0.91901	2.93269	2.25361	3.12238	2.36773	0.53603	0.24309	0.74292	0.42825	0.31331	0.13803	NA	0.06338	NA	2.24109	1.45993	1.07725	0.89408	0.26132	0.52754	NA	0.17249	1.62783	1.20302	0.65327	1.6726	1.29533	1.24287	0.18375	0.42832	0.28295	NA	NA	0.25449	2.53639	2.64837	0.92612	2.8399	2.55182	1.2265	1.54886	2.01031	0.38987	0.51863	1.67563	0.81647	NA	NA	NA	NA	6.26687	2.91297	3.16075	NA	0.07483	0.99216	0.3754	1.99659	NA	0.45189	0.23744	1.14386	NA	NA	NA	NA	2.74089	0.5028	0.79255	1.20729	NA	NA	NA	NA	0.62165	1.55061	0.78702	0.07662	0.80817	1.11726	0.29569	0.91574	0.46478	NA	NA	NA	14.53304	4.51366	NA	NA	NA	NA	NA	NA	NA	NA	NA	NA	NA	NA	NA	NA	NA	NA	NA	NA	NA	NA	NA	NA	NA	NA	NA	NA	NA	NA	NA	NA	NA	NA	NA	NA	NA	NA	NA	NA	NA	NA	NA	NA	NA	NA	NA	NA	NA	NA	NA	NA	NA	NA	NA	NA	NA	NA	NA	NA	NA	NA	NA	NA	NA	NA	NA	NA	NA	NA	NA	NA	NA	NA	NA	NA	NA	NA	NA	NA	NA	NA	NA	NA	NA	NA	NA	NA	NA	NA	NA	NA	NA	NA	NA	NA	NA	NA	NA	NA	NA	NA	NA	NA	NA	NA	NA	NA	NA	NA	NA	NA	NA	NA	NA	NA	NA	NA	NA	NA	NA	NA	NA	NA	NA	NA	NA	NA	NA	NA	NA	NA	NA	NA	NA	NA	NA	NA	NA	NA	NA	NA	NA	NA	NA	NA	NA	NA	NA	NA	NA	NA	NA	NA	NA	NA	NA
GH127	237.31778	217.16832	134.96868	181.57927	226.70916	201.00077	171.22579	190.0326	161.4263	171.51184	198.05527	220.70241	265.84456	225.49675	305.758	404.46427	305.00058	398.09948	495.83012	243.71759	124.69284	112.94488	220.60569	158.28879	214.86929	232.69966	253.99116	236.94148	209.43863	200.31999	235.76898	248.93489	215.48455	229.30949	234.66589	249.95701	231.45356	357.46425	310.22348	307.47128	316.99178	208.25495	133.79431	145.3797	216.63255	145.92084	175.37226	300.30267	309.58354	306.17844	406.21178	385.67274	343.63091	283.83958	278.78861	405.4086	406.77519	402.34072	349.19749	396.4619	301.79496	113.11648	171.28841	247.44105	233.85214	195.89845	184.79917	167.6798	151.28612	147.16283	146.07317	180.94353	155.93928	178.53323	129.74542	143.10035	178.92635	120.65917	190.0548	175.79126	205.00103	224.21585	224.01624	257.67847	201.73802	202.70246	170.72597	205.55703	217.22334	204.59391	134.89008	181.33689	182.36242	128.7923	331.15025	191.91173	167.8179	218.46676	283.21043	257.2985	262.66587	254.26057	210.00942	200.9804	259.85435	286.13956	251.03045	320.55696	263.49392	214.99206	332.17832	272.1549	411.66688	218.40453	202.66239	240.22665	211.29301	226.57279	273.12028	293.57161	237.62889	427.51522	260.04886	108.59625	207.37032	210.99939	171.3257	155.54133	326.82479	294.24228	137.09569	396.54105	164.26692	163.11292	161.73663	155.68961	184.5143	158.50698	212.52961	202.89602	208.8454	131.46238	184.96334	271.24424	327.07057	362.14225	206.14649	293.11525	187.66992	202.36509	210.02102	161.57657	179.46114	191.73727	199.32309	184.97111	188.44063	169.7037	176.76265	135.23816	90.44388	170.35357	83.28429	137.40365	286.67791	308.8248	219.18033	279.795	138.25826	124.87992	173.4957	89.1078	149.38618	184.41184	172.64756	151.80638	208.09627	229.49649	222.16352	210.51291	291.60094	247.33099	249.24961	336.37304	238.53054	249.49693	291.22158	96.4759	297.93128	212.46195	241.54374	231.54953	373.80114	516.62755	621.06413	600.36187	392.74546	628.69591	395.9414	241.56965	283.21929	195.40135	116.51972	141.2549	269.04902	257.29679	290.30918	332.36947	215.43353	238.98688	239.21612	444.89489	127.74377	126.88592	145.22021	177.72947	206.44638	140.10877	295.19694	227.30257	201.60822	174.55529	NA	NA	NA	NA	NA	NA	NA	NA	NA	NA	NA	NA	NA	NA	NA	NA	NA	NA	NA	NA	NA	NA	NA	NA	NA	NA	NA	NA	NA	NA	NA	NA	NA	NA	NA	NA	NA	NA	NA	NA	NA	NA	NA	NA	NA	NA	NA	NA	NA	NA	NA	NA	NA	NA	NA	NA	NA	NA	NA	NA	NA	NA	NA	NA	NA	NA	NA	NA	NA	NA	NA	NA	NA	NA	NA	NA	NA	NA	NA	NA	NA	NA	NA	NA	NA	NA	NA	NA	NA	NA	NA	NA	NA	NA	NA	NA	NA	NA	NA	NA	NA	NA	NA	NA	NA	NA	NA	NA	NA	NA	NA	NA	NA	NA	NA	NA	NA	NA	NA	NA	NA	NA	NA	NA	NA	NA	NA	NA	NA	NA	NA	NA	NA	NA	NA	NA	NA	NA	NA	NA	NA	NA	NA	NA	NA	NA	NA	NA	NA	NA	NA	NA	NA	NA	NA
GH128	1.48088	3.11502	1.52067	2.76772	0.99693	0.69417	0.85514	4.42313	4.71211	5.76622	3.36735	3.81538	5.38797	4.61011	NA	NA	NA	NA	NA	NA	NA	NA	NA	NA	NA	NA	NA	NA	4.43987	5.16298	6.22179	1.57959	0.91486	3.5119	3.70857	0.32864	3.64677	1.79012	1.77228	2.12693	2.56043	0.39097	13.22336	3.05778	4.80631	NA	0.57354	12.74531	6.58823	15.95737	10.50244	12.11176	9.02448	9.24604	2.31985	3.96475	0.45395	2.60826	4.00594	2.53022	2.85909	1.69565	2.42315	23.83019	13.62524	12.30872	12.7729	9.87726	5.43138	6.92236	8.37279	4.95935	4.35471	5.1996	5.80136	4.89469	2.7655	3.93883	1.84671	4.36132	3.59062	3.84219	4.42321	4.42744	4.38655	1.23626	2.58464	2.52826	3.36716	9.25248	3.93851	0.93373	3.62927	2.54942	0.93986	3.35381	1.28552	4.43209	2.41968	3.03013	5.23758	2.30841	3.54796	0.8948	3.16708	1.91409	1.35647	0.86784	1.67544	3.14669	0.778	3.69864	3.63525	5.81562	5.69523	2.23506	1.18195	1.81313	2.70427	3.11514	5.91302	1.70845	3.67714	2.57974	1.7314	1.58093	1.41664	1.17417	1.95803	0.96575	0.36308	0.32529	2.33913	3.83394	1.06963	2.72344	9.84426	13.61673	1.88282	7.48877	4.59879	3.35715	5.48762	3.19736	NA	0.0884	NA	NA	NA	NA	NA	NA	2.43854	2.02594	2.49587	2.41882	2.79289	3.31655	0.37273	0.96958	0.49198	2.27486	2.46275	3.69461	4.1673	0.673	4.85553	1.8205	9.10514	7.59505	8.10106	6.08189	5.10041	5.11875	2.44856	5.65632	3.42534	2.51838	1.80098	1.93054	0.47326	2.22034	0.71738	0.70585	0.39923	NA	0.24529	NA	2.93231	0.87829	1.86437	2.28663	1.51934	NA	0.48516	NA	NA	1.69446	15.21194	5.68118	0.85224	1.53996	1.81467	0.42574	18.99099	8.87774	3.83124	4.8001	5.30425	1.77362	0.87773	0.24667	13.07035	3.07165	10.4603	2.22058	3.28157	6.60183	3.64179	3.76893	5.33701	4.39829	NA	NA	NA	NA	NA	NA	NA	NA	NA	NA	NA	NA	NA	NA	NA	NA	NA	NA	NA	NA	NA	NA	NA	NA	NA	NA	NA	NA	NA	NA	NA	NA	NA	NA	NA	NA	NA	NA	NA	NA	NA	NA	NA	NA	NA	NA	NA	NA	NA	NA	NA	NA	NA	NA	NA	NA	NA	NA	NA	NA	NA	NA	NA	NA	NA	NA	NA	NA	NA	NA	NA	NA	NA	NA	NA	NA	NA	NA	NA	NA	NA	NA	NA	NA	NA	NA	NA	NA	NA	NA	NA	NA	NA	NA	NA	NA	NA	NA	NA	NA	NA	NA	NA	NA	NA	NA	NA	NA	NA	NA	NA	NA	NA	NA	NA	NA	NA	NA	NA	NA	NA	NA	NA	NA	NA	NA	NA	NA	NA	NA	NA	NA	NA	NA	NA	NA	NA	NA	NA	NA	NA	NA	NA	NA	NA	NA	NA	NA	NA	NA	NA	NA	NA	NA	NA
GH129	12.26114	11.35195	16.84325	17.54957	13.81057	23.16613	14.67597	6.22426	14.54543	7.08529	7.3368	9.1878	10.78619	16.58503	4.69274	2.31588	4.42229	1.84221	0.97711	4.37429	7.38006	12.57717	7.51359	17.15293	8.43683	9.17533	5.04952	8.48442	6.60932	15.70999	9.59545	7.60001	8.38602	7.25772	8.27698	29.25145	40.07139	24.58237	28.49242	32.2636	37.54683	7.60308	12.53302	17.79611	13.7065	17.89302	13.64092	14.55149	6.16885	15.81789	10.8318	7.5802	18.94348	7.51712	14.2294	9.16104	8.89185	6.35157	7.14179	9.65181	15.05694	17.13867	38.09711	14.63417	21.87143	14.08296	17.29289	20.90345	16.60202	14.19948	12.51075	26.94261	13.18447	20.88961	18.63567	8.23428	8.87146	23.28045	16.22009	11.16011	8.36699	11.11714	8.85467	7.85035	5.7309	9.34897	13.19769	7.71293	10.06744	11.58749	11.85277	12.49612	11.04579	11.6731	11.98511	17.49533	5.32085	12.26604	12.45072	9.91879	18.60583	8.81565	11.88912	7.65573	7.05762	8.57156	6.28831	6.36142	5.85633	6.28116	6.90289	13.99106	10.39536	14.84291	12.11299	13.39996	29.77941	10.73628	8.92416	18.49554	21.06468	15.48502	13.89703	13.28894	8.04387	4.14436	6.82144	6.64828	19.92142	9.60638	8.8532	7.90521	5.8926	7.96728	8.55971	8.92434	14.78933	14.42763	12.827	15.06697	14.31078	25.2131	14.68802	14.17662	1.56968	0.98694	3.50974	9.1664	8.93156	11.11107	7.3006	5.41278	8.40451	7.2892	13.21874	8.45963	6.99681	9.29057	13.81735	13.13234	8.65699	6.04864	5.81904	8.64968	9.28859	6.18837	5.79726	5.50818	13.63115	14.45608	13.73519	11.91656	14.49676	6.78003	9.38119	20.29099	6.68918	3.60412	5.02449	4.56336	11.1426	12.82182	13.35823	15.22518	5.11406	2.6509	3.92584	NA	5.34515	10.93397	6.33271	8.51205	7.85024	2.82617	1.36685	1.52278	20.99748	5.94695	10.6954	32.17312	5.78855	7.59251	7.69192	6.77988	20.54758	16.23998	6.38754	2.65643	13.21288	4.06023	3.39543	5.63743	10.18253	14.51349	14.36847	16.33431	5.97397	12.01352	5.56742	16.68392	24.19676	13.10729	NA	NA	NA	NA	NA	NA	NA	NA	NA	NA	NA	NA	NA	NA	NA	NA	NA	NA	NA	NA	NA	NA	NA	NA	NA	NA	NA	NA	NA	NA	NA	NA	NA	NA	NA	NA	NA	NA	NA	NA	NA	NA	NA	NA	NA	NA	NA	NA	NA	NA	NA	NA	NA	NA	NA	NA	NA	NA	NA	NA	NA	NA	NA	NA	NA	NA	NA	NA	NA	NA	NA	NA	NA	NA	NA	NA	NA	NA	NA	NA	NA	NA	NA	NA	NA	NA	NA	NA	NA	NA	NA	NA	NA	NA	NA	NA	NA	NA	NA	NA	NA	NA	NA	NA	NA	NA	NA	NA	NA	NA	NA	NA	NA	NA	NA	NA	NA	NA	NA	NA	NA	NA	NA	NA	NA	NA	NA	NA	NA	NA	NA	NA	NA	NA	NA	NA	NA	NA	NA	NA	NA	NA	NA	NA	NA	NA	NA	NA	NA	NA	NA	NA	NA	NA	NA
GH13	6923.9538	7793.6559	7440.82876	7184.64575	6546.48267	7443.86269	6664.28087	8052.42554	8747.05637	7885.63819	7574.83857	7525.68393	7862.94592	8970.5593	4365.16754	4632.47937	5462.02897	4356.28732	4397.39271	6320.72756	6909.55471	7387.2945	6452.36978	7036.26871	6298.78315	6151.67493	6128.80346	7907.96354	5005.62627	7033.65221	5571.97076	6013.55184	5233.06239	6976.31668	5516.41346	7151.57307	8687.81159	6905.95811	6532.06697	7023.02258	7783.0694	5262.26136	7815.22543	7510.19672	6967.64446	7019.91995	5687.81919	6229.8445	4886.25415	6585.46564	5644.67632	5829.65144	6820.04894	5381.34959	6496.4374	6099.23315	6940.81388	6974.99385	6261.10772	6893.01769	6976.55409	5095.25538	9075.84485	8232.8488	7260.58629	7058.28298	7475.6674	7843.0652	7880.18821	7180.85376	6724.38194	7835.97945	6220.73555	7319.91784	9323.47489	4300.16596	5245.89598	6685.65819	5801.34385	5554.17268	4843.35478	4963.00411	5726.09109	5925.12894	6131.10786	6206.74619	6931.42446	5804.27829	5898.58147	6854.65194	6413.2013	7184.78015	6970.32137	6741.79916	5028.68032	7792.88499	3820.34981	5824.54791	5462.84091	5541.19735	5667.17299	4857.86092	5825.32734	5306.28944	5726.23803	5708.38574	5051.94116	5384.01058	5099.02189	5234.75926	4757.95569	6599.65789	6477.16617	6013.75195	5472.86658	6577.52484	6507.25286	5652.32032	6008.28109	6701.11643	6252.20226	6472.12563	5283.99944	4711.19535	5657.21325	5187.31845	5419.01924	5550.8627	7060.65394	6370.71508	5833.52703	6488.79107	7359.55185	7062.33167	6349.38491	6206.27774	4264.63229	5688.51569	4880.77832	6782.60571	4949.89586	5541.7172	5340.67191	5880.58597	4309.29324	4016.08677	3199.79469	4201.8179	5494.03571	6354.881	5210.44785	5549.12595	4860.09955	5139.033	5400.81978	5228.08084	5713.24164	6178.39683	4560.36166	5358.82893	6220.55658	5316.19872	5422.58473	5025.22772	4569.62292	4604.52531	4302.15809	4862.1978	5029.48546	5822.7801	6210.86994	5624.3797	5589.81852	4295.85362	5061.5212	5985.8405	6647.98254	5839.02001	5165.80068	5126.0574	5146.08461	7560.31776	5187.4469	5497.13716	3985.54796	4404.47475	4052.001	4131.69842	6609.32814	6594.86251	5105.69423	5943.60989	5242.88462	5478.66907	6262.87995	6298.76209	7016.97413	5790.80699	5467.9973	6642.07137	5126.61351	5431.81611	5728.11077	5730.00141	7585.53965	6862.45927	4313.06498	4115.62464	6014.6491	5397.95757	5747.22209	5989.69606	6226.76796	6007.62816	5684.43805	5121.0957	5476.71271	5238.60829	4695.10705	5406.14295	8416.54725	6984.08104	NA	NA	NA	NA	NA	NA	NA	NA	NA	NA	NA	NA	NA	NA	NA	NA	NA	NA	NA	NA	NA	NA	NA	NA	NA	NA	NA	NA	NA	NA	NA	NA	NA	NA	NA	NA	NA	NA	NA	NA	NA	NA	NA	NA	NA	NA	NA	NA	NA	NA	NA	NA	NA	NA	NA	NA	NA	NA	NA	NA	NA	NA	NA	NA	NA	NA	NA	NA	NA	NA	NA	NA	NA	NA	NA	NA	NA	NA	NA	NA	NA	NA	NA	NA	NA	NA	NA	NA	NA	NA	NA	NA	NA	NA	NA	NA	NA	NA	NA	NA	NA	NA	NA	NA	NA	NA	NA	NA	NA	NA	NA	NA	NA	NA	NA	NA	NA	NA	NA	NA	NA	NA	NA	NA	NA	NA	NA	NA	NA	NA	NA	NA	NA	NA	NA	NA	NA	NA	NA	NA	NA	NA	NA	NA	NA	NA	NA	NA	NA	NA	NA	NA	NA	NA	NA
GH130	356.77725	313.22072	237.52629	260.63887	330.09528	359.19406	300.04336	357.22235	303.43969	331.36578	363.59864	371.81001	379.73506	310.32807	589.3245	621.55023	474.93091	632.97776	674.64727	292.28243	152.83513	149.67451	257.45441	179.16919	271.51104	315.46476	334.70863	241.15466	296.33882	252.19475	341.39223	378.05611	323.28261	326.81314	351.24471	269.78942	221.6913	326.6983	340.30911	289.91798	288.41352	287.34578	296.11049	254.55164	337.46536	260.25517	309.21418	291.15872	347.97472	278.02906	340.96923	325.16177	228.42266	281.04119	296.07586	410.54443	342.9026	374.47027	346.87106	381.07322	335.74799	151.97988	144.80384	299.15681	244.42983	264.4455	238.88026	203.05308	253.90705	287.0825	270.92189	255.07059	306.09454	291.13	209.06199	168.66617	229.85481	54.11362	206.01355	220.0266	251.52101	279.21564	292.03359	318.05247	341.00997	313.78457	287.6585	268.77028	317.19943	390.66319	254.32236	415.52704	334.91661	259.5453	494.22561	294.56934	201.65131	300.82969	341.15503	293.33298	311.64072	327.35868	334.88376	271.04771	267.4476	335.10958	301.86554	319.61695	280.37151	258.44174	319.75762	284.46554	388.52405	261.12764	265.32914	218.18741	242.54621	236.85434	282.12492	267.46862	230.35088	376.41339	305.32063	203.59863	215.66564	268.25518	240.41283	277.40872	295.04951	375.26796	341.53602	457.32999	259.74043	336.35298	298.10602	277.59249	228.61883	213.35215	317.62111	313.47774	222.67813	172.52886	188.73081	294.55841	456.72262	555.05252	400.30129	410.74709	237.56849	233.44639	329.34223	298.20669	242.79041	319.73282	262.55888	287.79363	366.2783	309.66568	345.32879	262.66106	188.25119	269.96001	202.69262	244.86411	434.56625	469.00108	342.98597	400.5416	213.15569	209.80142	217.15194	214.50248	171.83671	187.91735	224.52488	164.97988	268.71047	318.51051	378.75412	353.12719	329.15434	244.27619	220.11657	284.46604	357.61381	451.69991	460.91603	150.50987	305.40967	243.81682	240.94021	280.19952	241.37984	332.22327	370.09101	391.08453	383.87618	515.13	315.58892	139.67217	383.16095	287.75091	306.89195	261.69694	178.75833	190.07701	228.87413	255.86917	240.25605	242.40237	288.37097	372.71187	148.68457	135.97787	187.65463	237.54796	254.20932	172.72743	399.64494	338.29652	347.5963	331.1517	NA	24.59105	NA	NA	13.26836	14.42396	NA	NA	NA	NA	NA	NA	NA	NA	NA	NA	NA	NA	12.16962	NA	13.27049	NA	NA	13.81925	NA	12.7445	NA	12.79875	NA	14.38938	NA	NA	NA	NA	114.0235	NA	NA	NA	NA	27.44266	24.67634	NA	NA	NA	NA	NA	NA	NA	NA	NA	NA	NA	NA	NA	NA	NA	NA	NA	NA	NA	NA	NA	NA	NA	NA	NA	NA	NA	NA	NA	NA	NA	NA	NA	NA	NA	NA	NA	NA	NA	NA	NA	NA	NA	NA	NA	NA	NA	NA	NA	NA	NA	NA	NA	NA	NA	NA	NA	NA	NA	NA	NA	NA	NA	84.384	NA	NA	NA	NA	NA	NA	40.86726	74.16287	NA	NA	NA	NA	NA	NA	NA	NA	NA	NA	NA	NA	52.23504	NA	NA	NA	NA	NA	NA	NA	NA	NA	NA	NA	NA	NA	NA	NA	NA	72.04908	NA	NA	158.82894	NA	NA	NA	NA	NA	NA	NA	NA	NA
GH132	NA	NA	NA	NA	NA	NA	NA	NA	NA	NA	NA	NA	NA	NA	NA	NA	NA	NA	NA	NA	NA	NA	NA	NA	NA	NA	NA	NA	NA	NA	NA	NA	NA	NA	NA	NA	NA	NA	NA	NA	NA	NA	NA	NA	NA	NA	NA	NA	NA	0.83629	NA	NA	NA	NA	NA	NA	NA	NA	NA	NA	NA	NA	NA	NA	NA	NA	NA	NA	NA	NA	NA	NA	NA	NA	NA	NA	NA	NA	NA	NA	NA	NA	NA	NA	NA	NA	NA	NA	NA	NA	NA	NA	NA	NA	NA	NA	NA	NA	NA	NA	NA	NA	NA	NA	NA	NA	NA	NA	NA	NA	NA	NA	NA	NA	NA	NA	NA	NA	NA	NA	NA	NA	NA	NA	NA	NA	NA	NA	NA	NA	NA	NA	NA	NA	NA	NA	NA	NA	NA	NA	NA	NA	NA	NA	NA	NA	NA	NA	NA	0.17635	NA	NA	NA	NA	NA	NA	NA	NA	NA	NA	NA	NA	NA	NA	NA	NA	NA	NA	NA	NA	NA	NA	NA	NA	NA	NA	NA	NA	0.46988	NA	NA	NA	NA	NA	NA	NA	NA	NA	NA	NA	NA	NA	NA	NA	NA	NA	NA	NA	NA	NA	NA	NA	NA	NA	NA	NA	NA	NA	NA	NA	NA	NA	NA	NA	NA	NA	NA	NA	NA	NA	NA	NA	NA	NA	NA	NA	NA	NA	NA	NA	NA	NA	NA	NA	NA	NA	NA	NA	NA	NA	NA	NA	NA	NA	NA	NA	NA	NA	NA	NA	NA	NA	NA	NA	NA	NA	NA	NA	NA	NA	NA	NA	NA	NA	NA	NA	NA	NA	NA	NA	NA	NA	NA	NA	NA	NA	NA	NA	NA	NA	NA	NA	NA	NA	NA	NA	NA	NA	NA	NA	NA	NA	NA	NA	NA	NA	NA	NA	NA	NA	NA	NA	NA	NA	NA	NA	NA	NA	NA	NA	NA	NA	NA	NA	NA	NA	NA	NA	NA	NA	NA	NA	NA	NA	NA	NA	NA	NA	NA	NA	NA	NA	NA	NA	NA	NA	NA	NA	NA	NA	NA	NA	NA	NA	NA	NA	NA	NA	NA	NA	NA	NA	NA	NA	NA	NA	NA	NA	NA	NA	NA	NA	NA	NA	NA	NA	NA	NA	NA	NA	NA	NA	NA	NA	NA	NA	NA
GH133	99.80449	118.12121	74.47893	76.11652	83.51675	65.10442	86.68666	82.61394	57.85252	54.05675	60.29422	53.06369	56.13384	66.61542	136.52986	141.204	132.67577	130.89743	148.84212	118.39043	117.96584	48.02682	111.12837	62.54902	63.7998	42.95239	50.18397	89.93818	72.41815	85.6264	87.89641	88.11037	82.93205	125.37009	80.58528	77.87947	94.02449	118.33058	96.72731	99.84373	94.33102	86.08259	54.06644	55.00768	76.77244	42.57185	49.19069	116.11708	135.27258	117.64668	148.35243	121.13284	92.18368	119.23136	118.43787	148.40445	137.18622	144.69699	134.40125	143.10741	116.52604	54.16059	60.77402	108.4543	90.74635	69.54433	76.86194	50.08488	66.98944	60.36931	67.82437	29.14917	53.96216	35.10572	38.25381	44.9577	55.1965	96.28569	47.6623	45.35471	57.86325	80.55636	79.35964	87.20141	66.16469	66.91216	44.56516	74.62819	81.87567	89.07916	47.77842	76.21746	51.67123	42.07295	72.41683	43.90131	71.08319	97.73648	106.0048	109.92783	95.87301	109.57408	97.57958	73.70235	98.51759	115.96277	76.32996	85.99849	70.79633	80.891	97.97382	84.93948	149.43994	90.35377	96.18044	59.15101	43.82814	99.06642	119.59228	113.07995	83.30969	135.61865	80.02558	79.48608	85.449	86.16433	58.78305	65.10477	119.09838	126.16374	57.1812	130.59631	53.34852	70.38749	52.15584	65.92157	95.36996	89.0406	109.19217	95.40798	74.77066	44.10048	78.39209	99.99752	117.89664	136.51332	92.83387	100.05576	93.36243	87.13101	64.01037	50.18379	76.5896	81.79393	72.80012	86.47034	75.4784	68.76813	47.88209	49.43822	80.77974	99.93681	49.3166	83.90403	129.27167	122.83914	75.82273	125.00929	62.22212	48.4918	55.67657	26.59495	44.35982	40.2275	42.49601	38.63668	109.15225	133.33048	91.59382	99.33019	98.91046	109.89717	59.15525	86.83097	122.41386	96.20163	112.07015	33.52868	108.95666	88.79129	95.63307	93.47826	117.62394	169.90008	183.7069	164.46514	49.65922	174.93309	104.83835	57.89252	86.84867	70.38075	60.78565	66.03796	103.53671	103.25683	73.24602	79.9067	89.59582	104.91033	84.86741	146.27722	63.36776	48.59738	42.79706	19.75917	92.50664	92.81528	105.74906	69.21369	55.11004	59.54753	NA	NA	NA	NA	NA	NA	NA	NA	NA	NA	NA	NA	NA	NA	NA	NA	NA	NA	NA	NA	NA	NA	NA	NA	NA	NA	NA	NA	NA	NA	NA	NA	NA	NA	NA	NA	NA	NA	NA	NA	NA	NA	NA	NA	NA	NA	NA	NA	NA	NA	NA	NA	NA	NA	NA	NA	NA	NA	NA	NA	NA	NA	NA	NA	NA	NA	NA	NA	NA	NA	NA	NA	NA	NA	NA	NA	NA	NA	NA	NA	NA	NA	NA	NA	NA	NA	NA	NA	NA	NA	NA	NA	NA	NA	NA	NA	NA	NA	NA	NA	NA	NA	NA	NA	NA	NA	NA	NA	NA	NA	NA	NA	NA	NA	NA	NA	NA	NA	NA	NA	NA	NA	NA	NA	NA	NA	NA	NA	NA	NA	NA	NA	NA	NA	NA	NA	NA	NA	NA	NA	NA	NA	NA	NA	NA	NA	NA	NA	NA	NA	NA	NA	NA	NA	NA
GH136	46.08031	55.15311	69.35367	52.91542	42.8793	46.82112	47.44729	52.25948	51.60432	62.20302	47.99592	56.03011	55.33488	45.38075	81.59963	92.84189	114.99744	110.3217	130.19694	125.34308	211.021	71.03716	53.7959	51.53749	35.31094	45.00469	49.09671	39.21929	24.34552	45.65357	41.45774	34.53721	38.61953	45.71848	29.80169	73.92468	71.38591	86.7817	82.76449	78.45159	74.92532	42.73617	30.27133	48.44484	44.65552	42.28548	40.11247	76.25285	61.08606	56.9567	71.39445	72.57138	62.80145	43.44058	24.40873	27.18177	20.58357	26.31794	15.03876	20.07743	30.11129	23.09057	37.71443	22.78837	25.72001	18.48109	26.73504	18.72433	25.27037	25.39303	26.60456	35.92547	34.49903	36.20937	23.82176	23.92494	31.9915	22.23266	19.96044	25.05042	28.22845	42.81399	48.22429	61.57214	60.51966	42.99637	38.52949	49.61253	55.82288	38.50559	35.05594	44.61539	41.65477	35.93488	96.4997	43.73157	40.34374	58.66955	53.47768	67.79492	46.25155	30.35897	44.29475	32.09734	49.70018	64.48418	41.74714	53.88805	54.80047	41.58593	48.39645	43.50974	31.64449	48.43054	38.42945	44.29535	70.0811	42.56797	38.7974	41.46941	34.938	24.31994	20.4098	37.67173	39.02892	44.81846	30.53953	22.37327	50.9371	36.24011	27.13957	20.85181	41.99143	41.41685	34.45051	39.69909	60.38318	45.79321	77.34669	29.5587	30.65983	35.74244	37.78606	27.31679	86.96044	77.8593	46.05631	87.59284	33.67924	35.24567	34.68508	46.99128	58.44943	36.03184	46.93963	45.76906	35.68165	30.88308	35.31958	31.11003	42.60171	53.32469	24.45473	39.32339	71.50081	56.72835	49.27071	50.70666	44.82927	24.5965	23.01998	18.88344	29.05384	32.17397	21.31865	29.40973	47.21558	52.58272	28.99818	29.32182	86.39021	52.85097	52.43367	74.59109	69.89733	53.93307	78.76056	81.9296	41.79065	38.57232	61.33445	38.34659	27.54516	23.9766	11.05856	7.74892	23.68853	12.44998	34.11937	51.94948	34.7153	31.31538	22.1388	26.49659	47.73302	43.01639	51.20873	54.82538	20.2152	23.72247	13.66378	7.69475	25.27792	28.56054	24.53881	17.81393	39.96607	60.43127	69.37869	66.12267	47.1565	39.64162	NA	NA	NA	NA	NA	NA	NA	NA	NA	NA	NA	NA	NA	NA	NA	NA	NA	NA	NA	NA	NA	NA	NA	NA	NA	NA	NA	NA	NA	NA	NA	NA	NA	NA	NA	NA	NA	NA	NA	NA	NA	NA	NA	NA	NA	NA	NA	NA	NA	NA	NA	NA	NA	NA	NA	NA	NA	NA	NA	NA	NA	NA	NA	NA	NA	NA	NA	NA	NA	NA	NA	NA	NA	NA	NA	NA	NA	NA	NA	NA	NA	NA	NA	NA	NA	NA	NA	NA	NA	NA	NA	NA	NA	NA	NA	NA	NA	NA	NA	NA	NA	NA	NA	NA	NA	NA	NA	NA	NA	NA	NA	NA	NA	NA	NA	NA	NA	NA	NA	NA	NA	NA	NA	NA	NA	NA	NA	NA	NA	NA	NA	NA	NA	NA	NA	NA	NA	NA	NA	NA	NA	NA	NA	NA	NA	NA	NA	NA	NA	NA	NA	NA	NA	NA	NA
GH137	51.63339	44.2085	12.94458	36.69726	57.75365	35.66671	34.50186	20.9324	17.38602	21.33571	33.70307	28.0957	25.47742	12.32119	51.99703	60.02833	78.39145	57.17491	65.5527	54.4029	25.64354	9.70342	30.35279	13.78332	28.23453	42.49464	40.51904	14.20657	21.53955	11.47508	21.62286	25.4384	13.84162	22.38286	21.58884	27.28367	18.09075	41.26479	40.79986	45.79144	42.29921	18.33632	15.32803	13.19059	36.31703	8.67264	20.71618	64.07299	54.24984	55.55892	77.6729	92.17512	52.56843	60.58496	15.85799	15.00457	7.8367	7.71067	9.49799	8.06735	12.70089	9.36504	3.25945	13.35067	13.26038	7.48703	13.44887	4.38506	12.72018	15.93928	26.52341	11.76487	21.91223	17.70047	11.713	12.81747	15.56588	3.00911	6.8934	12.33485	18.86739	26.54307	20.42569	31.30066	28.87344	16.01791	16.25958	18.84016	28.51908	26.03625	14.83583	18.69979	8.46603	8.67138	66.01957	20.23413	34.83681	41.42616	75.97209	82.61172	91.18124	100.41104	47.98839	25.67606	34.49242	43.72677	38.94606	53.68084	42.77724	28.70034	82.00481	37.26638	133.01831	31.84756	30.14438	21.42978	16.87177	51.56308	81.24591	70.40696	58.03129	136.17145	60.90313	13.5119	28.83334	32.02334	22.72221	22.59855	80.66135	98.70622	43.28388	129.90559	20.87724	22.85838	13.57837	16.33141	20.10132	15.27746	37.88344	15.01428	48.95211	20.313	42.30346	77.68294	32.49795	40.03991	37.80718	26.08335	21.366	17.06819	31.32549	14.79082	23.75527	21.26036	29.1285	28.52875	26.62559	18.80165	21.83726	15.07058	15.40854	28.54999	6.12693	15.28303	68.20338	73.89569	35.64871	51.11191	17.70553	11.56997	28.68741	11.11096	3.99445	12.94416	10.11961	8.88128	19.7659	32.0285	27.82178	24.95562	32.06845	20.74889	34.15247	30.32662	69.547	53.94771	85.45779	35.74501	25.52046	11.47907	17.98877	23.98746	13.56101	10.64458	1.0655	0.61499	80.97993	208.24571	125.65606	46.92269	35.53918	22.1872	8.39167	20.32665	34.3995	40.17531	57.28389	65.42964	19.75055	49.49497	28.68321	66.29949	9.30958	6.24728	4.00506	10.92065	51.49644	19.90585	70.94288	46.87847	8.56988	14.46382	NA	NA	NA	NA	NA	NA	NA	NA	NA	NA	NA	NA	NA	NA	NA	NA	NA	NA	NA	NA	NA	NA	NA	NA	NA	NA	NA	NA	NA	NA	NA	NA	NA	NA	NA	NA	NA	NA	NA	NA	NA	NA	NA	NA	NA	NA	NA	NA	NA	NA	NA	NA	NA	NA	NA	NA	NA	NA	NA	NA	NA	NA	NA	NA	NA	NA	NA	NA	NA	NA	NA	NA	NA	NA	NA	NA	NA	NA	NA	NA	NA	NA	NA	NA	NA	NA	NA	NA	NA	NA	NA	NA	NA	NA	NA	NA	NA	NA	NA	NA	NA	NA	NA	NA	NA	NA	NA	NA	NA	NA	NA	NA	NA	NA	NA	NA	NA	NA	NA	NA	NA	NA	NA	NA	NA	NA	NA	NA	NA	NA	NA	NA	NA	NA	NA	NA	NA	NA	NA	NA	NA	NA	NA	NA	NA	NA	NA	NA	NA	NA	NA	NA	NA	NA	NA
GH138	64.7352	49.64597	18.19417	48.10532	71.82708	41.09179	43.9727	41.88738	26.51872	40.86238	35.67605	46.82104	45.11306	12.77326	98.93574	85.9301	80.41649	99.06458	112.32692	45.25889	32.43858	14.70796	60.78002	25.50777	66.14903	72.776	68.32416	30.5476	39.87583	23.46616	42.27901	47.05438	36.44654	44.12225	48.15657	42.67761	26.90711	66.038	59.27005	70.84221	73.1655	39.2633	20.40424	22.36927	50.38246	24.87809	28.54821	108.52055	98.53946	97.72812	134.90181	142.11265	93.15811	91.63347	32.36441	139.81745	184.68118	196.3099	39.10384	167.33874	64.13894	14.01494	9.2473	26.72257	24.03633	12.76703	17.59125	4.61394	24.70755	26.21805	35.68626	21.00156	33.84723	22.25507	18.37321	20.34922	26.36146	4.71423	8.182	21.05616	41.56641	42.03003	35.82274	47.87766	42.11234	33.61846	19.864	27.44226	45.63267	54.01744	30.10686	37.53404	17.97287	11.16171	144.16881	56.49134	97.12988	110.12851	189.66493	226.51013	212.94165	238.16626	125.76992	34.10607	59.36552	82.19355	67.33257	92.31822	74.01209	52.39996	115.67869	76.88946	143.76172	53.45547	55.99796	36.55727	25.90594	62.12334	89.86741	71.25225	61.0263	149.11854	110.62127	34.19155	50.81522	54.25	37.74174	29.6323	104.81569	104.44474	44.70561	163.59202	36.27918	31.96474	23.23149	31.15504	37.95955	28.54135	70.38028	34.95085	81.13055	29.53482	72.50576	134.23523	52.77036	61.24828	56.0595	41.40606	38.07168	26.05308	53.18886	26.20135	39.25935	27.88653	47.25057	38.27377	57.82894	38.0705	38.70748	29.1551	26.91778	48.9436	12.97494	27.82325	105.94056	129.15859	55.16387	84.55483	25.86453	17.85427	36.31311	14.24484	11.42431	28.49945	14.34629	18.42921	42.59188	53.75041	47.33651	40.5326	50.22477	35.61892	57.36841	57.88924	162.45895	107.75634	184.55762	183.47083	61.36417	42.94751	69.74587	52.28252	95.83112	98.96908	151.04016	48.2564	183.53899	418.49681	240.58791	119.52973	57.83953	32.50996	15.92842	28.35081	57.52041	56.26605	94.86425	116.17572	31.75185	164.84576	114.43832	202.42562	17.50246	9.08246	7.07799	3.78824	139.22243	56.67997	165.33838	98.25654	26.3639	28.24949	NA	NA	NA	NA	NA	NA	NA	NA	NA	NA	2.8053	NA	NA	NA	NA	2.99274	NA	6.37488	NA	NA	NA	NA	10.52063	6.10491	NA	NA	NA	NA	5.76723	NA	NA	NA	NA	NA	NA	NA	NA	NA	NA	NA	NA	NA	NA	NA	NA	NA	NA	NA	NA	NA	NA	NA	NA	NA	NA	NA	NA	NA	NA	NA	NA	NA	NA	NA	NA	NA	NA	NA	NA	NA	NA	NA	NA	NA	NA	NA	NA	NA	NA	NA	NA	NA	NA	NA	NA	NA	NA	NA	NA	NA	NA	NA	NA	NA	NA	NA	NA	NA	NA	NA	NA	NA	NA	NA	NA	NA	NA	NA	NA	NA	NA	NA	NA	NA	NA	NA	NA	NA	3.22808	NA	NA	NA	NA	NA	NA	NA	NA	NA	NA	NA	NA	NA	NA	NA	NA	NA	NA	NA	NA	NA	NA	NA	NA	NA	NA	NA	NA	NA	NA	NA	NA	NA	NA	NA	NA
GH139	9.62677	10.71598	10.9724	10.30511	4.88912	3.26573	11.7639	30.67496	19.7659	34.3041	32.60773	32.06216	30.55512	9.18831	91.75444	127.22277	87.38882	112.31189	143.56823	54.62259	25.46567	5.62027	29.98105	12.48516	25.95726	33.96956	35.61862	12.58632	29.63821	14.6331	29.03342	30.73874	22.93147	25.21751	27.87204	49.12536	22.54737	84.66343	79.75066	54.66893	51.62768	24.40851	13.35852	14.82829	34.49909	7.16845	20.51012	65.50209	57.96235	59.72379	88.54639	93.3761	53.06237	52.34502	17.47032	22.3013	7.47125	11.96446	11.159	11.16991	17.34469	11.87056	1.19376	18.40761	16.47477	6.49584	10.55751	3.23463	12.66049	15.89708	23.04169	9.14377	22.30709	10.83702	11.96632	15.76148	21.58644	1.43233	4.73231	12.82839	24.71627	28.5182	36.9458	51.03713	44.63235	28.00952	19.33532	29.3014	42.56081	33.11505	22.63421	22.6145	13.50334	9.00426	127.93446	31.2981	31.72647	40.6709	74.2928	70.49843	68.83248	79.45478	44.17672	28.42413	37.48194	62.84855	50.22414	74.6663	64.532	39.64592	72.24825	44.36722	10.99669	29.49554	28.78796	21.58835	14.59772	14.25293	21.93413	5.538	4.89313	4.60342	13.72897	16.92556	41.29854	44.86289	25.40047	21.9967	7.8264	7.68475	6.2133	7.29529	26.26306	18.76755	16.72442	23.08986	20.19662	18.85408	39.68753	21.637	14.35939	4.96718	7.3287	12.65821	77.43484	84.57555	45.65733	66.31332	20.67169	14.41886	34.14748	14.29199	42.19174	27.50848	45.30297	32.59459	39.61933	26.66761	37.08852	20.89726	12.26034	24.31868	5.74168	16.69527	68.74388	72.82629	36.48676	50.56909	17.277	10.09035	4.8625	4.59388	7.55937	14.53251	9.59409	10.00701	27.23237	37.482	31.41086	31.4041	79.48513	40.97334	56.77949	65.98461	59.35642	49.30749	73.34042	39.34659	35.47959	21.88329	22.69586	32.83833	14.96162	16.08102	1.00165	0.39696	28.4165	6.63431	11.64193	5.30153	39.00763	23.55401	9.79043	18.94696	32.07448	36.05261	60.46797	67.92404	8.83246	15.26344	4.81923	2.6249	12.25109	7.72423	3.81675	2.79199	44.13105	21.35456	77.86299	51.36803	8.70999	14.06615	NA	NA	NA	NA	NA	NA	NA	NA	NA	NA	NA	NA	NA	NA	NA	NA	NA	NA	NA	NA	NA	NA	NA	NA	NA	NA	NA	NA	NA	NA	NA	NA	NA	NA	NA	NA	NA	NA	NA	NA	NA	NA	NA	NA	NA	NA	NA	NA	NA	NA	NA	NA	NA	NA	NA	NA	NA	NA	NA	NA	NA	NA	NA	NA	NA	NA	NA	NA	NA	NA	NA	NA	NA	NA	NA	NA	NA	NA	NA	NA	NA	NA	NA	NA	NA	NA	NA	NA	NA	NA	NA	NA	NA	NA	NA	NA	NA	NA	NA	NA	NA	NA	NA	NA	NA	NA	NA	NA	NA	NA	NA	NA	NA	NA	NA	NA	NA	NA	NA	NA	NA	NA	NA	NA	NA	NA	NA	NA	NA	NA	NA	NA	NA	NA	NA	NA	NA	NA	NA	NA	NA	NA	NA	NA	NA	NA	NA	NA	NA	NA	NA	NA	NA	NA	NA
GH13_10	0.85104	0.20832	NA	NA	NA	NA	NA	0.66164	NA	1.02684	0.19971	NA	NA	0.18074	NA	NA	NA	NA	NA	NA	NA	NA	NA	0.16593	NA	NA	NA	NA	NA	NA	NA	NA	NA	NA	NA	0.07935	NA	NA	NA	NA	NA	NA	NA	0.5813	0.89228	0.70114	0.04775	NA	NA	NA	NA	NA	NA	NA	NA	0.30734	NA	NA	NA	NA	NA	NA	NA	NA	NA	NA	NA	NA	NA	NA	NA	NA	NA	NA	NA	NA	NA	0.16431	NA	NA	0.61834	0.40008	0.13536	0.17764	NA	0.09241	0.09128	0.09369	0.25945	0.26853	0.41004	0.04473	NA	0.09677	0.174	NA	NA	NA	NA	NA	NA	NA	NA	0.17495	NA	NA	NA	0.07851	NA	NA	NA	NA	NA	NA	NA	NA	NA	NA	NA	NA	NA	NA	NA	NA	NA	NA	NA	NA	NA	NA	NA	NA	NA	0.45957	NA	NA	NA	NA	NA	0.06255	NA	0.06005	NA	NA	NA	NA	NA	0.05977	NA	NA	NA	NA	0.17674	1.10226	NA	0.36437	0.38309	0.28826	0.15393	0.21174	0.13406	0.10707	NA	NA	NA	NA	NA	NA	NA	0.07594	NA	NA	NA	0.07392	NA	NA	NA	NA	NA	NA	NA	NA	NA	NA	NA	NA	NA	NA	NA	NA	NA	NA	NA	NA	NA	NA	NA	NA	NA	NA	0.06957	NA	0.53515	0.64771	NA	NA	NA	NA	NA	NA	NA	NA	NA	NA	NA	NA	NA	0.20471	NA	NA	2.33917	0.5382	NA	NA	NA	NA	NA	NA	NA	NA	NA	NA	NA	NA	NA	NA	NA	NA	NA	NA	NA	NA	NA	NA	NA	NA	NA	NA	NA	NA	NA	NA	NA	NA	NA	NA	NA	NA	NA	NA	NA	NA	NA	NA	NA	NA	NA	NA	NA	NA	NA	NA	NA	NA	NA	NA	NA	NA	NA	NA	NA	NA	NA	NA	NA	NA	NA	NA	NA	NA	NA	NA	NA	NA	NA	NA	NA	NA	NA	NA	NA	NA	NA	NA	NA	NA	NA	NA	NA	NA	NA	NA	NA	NA	NA	NA	NA	NA	NA	NA	NA	NA	NA	NA	NA	NA	NA	NA	NA	NA	NA	NA	NA	NA	NA	NA	NA	NA	NA	NA	NA	NA	NA	NA	NA	NA	NA	NA	NA	NA	NA	NA	NA	NA	NA	NA	NA	NA	NA	NA	NA	NA	NA	NA	NA	NA	NA	NA	NA	NA	NA	NA	NA	NA	NA	NA	NA
GH13_11	51.57244	89.47288	68.32493	63.49712	62.05678	66.55871	55.20501	120.62819	107.65511	78.33787	131.03457	70.45272	103.54742	130.16764	28.37927	24.93785	45.7926	35.02525	26.72985	69.62882	95.18356	96.28188	86.07672	97.47168	54.06849	40.52337	35.79524	100.73443	31.89286	72.01386	43.4794	37.16919	36.5909	68.04116	47.93129	113.27988	161.10239	93.58	98.61526	117.01037	134.92858	36.30663	74.81953	83.51019	69.55186	76.60523	41.8722	65.17833	46.01008	72.96012	66.53416	66.88009	100.84893	55.18808	32.92108	23.40796	46.56759	25.22996	30.92153	22.55534	34.54791	60.77643	127.7723	102.34018	73.76441	69.57775	74.92637	79.95442	93.60466	84.84196	56.13758	103.27057	62.71423	94.94972	141.93777	32.19899	42.65237	77.04819	56.3627	55.52676	27.02634	35.86231	46.12724	51.35354	44.95975	49.91318	35.16437	34.49714	36.16034	94.3444	72.37363	78.85848	96.22677	87.32307	32.29505	91.98859	24.5472	40.07367	42.90063	40.0599	39.4259	29.50776	45.56413	32.51602	40.68655	33.37485	27.00694	43.91234	39.0281	36.54409	31.81334	47.71882	51.72955	47.15051	38.51085	68.74074	66.43368	46.58608	56.82849	71.44969	48.96995	49.08788	32.56349	38.08235	60.97708	32.30435	32.43926	27.22877	71.69794	47.7333	31.23686	27.36975	111.19294	134.04121	58.09207	43.32036	28.43441	40.41925	27.50194	70.14448	39.9559	54.16759	44.87083	47.54928	46.76286	31.12588	21.60798	35.20292	63.36386	83.7114	38.72482	36.31976	30.44463	40.50148	36.02234	38.62564	49.95641	58.83883	36.2476	41.15803	69.69311	53.1866	33.69487	54.80277	46.13741	47.64253	37.24115	45.08022	54.84649	67.29122	59.0074	51.78703	59.17883	28.98217	36.94422	72.35908	67.40711	55.48475	27.16249	27.97024	40.299	109.92597	47.06086	72.08584	26.53814	24.84605	32.85936	11.27175	85.91081	68.11515	46.12065	58.39719	36.36254	22.52414	32.8027	30.0617	124.65876	18.79724	43.17231	78.90173	34.30223	41.49122	32.37017	24.63828	119.50868	99.4075	22.88803	20.79228	42.80183	33.15188	18.23188	15.21586	65.47305	56.93645	59.81235	39.43265	44.45049	53.36659	23.0459	28.39917	90.1871	67.37681	NA	NA	NA	NA	NA	NA	NA	NA	NA	NA	NA	NA	NA	NA	NA	NA	NA	NA	NA	NA	NA	NA	NA	NA	NA	NA	NA	NA	NA	NA	NA	NA	NA	NA	NA	NA	NA	NA	NA	NA	NA	NA	NA	NA	NA	NA	NA	NA	NA	NA	NA	NA	NA	NA	NA	NA	NA	NA	NA	NA	NA	NA	NA	NA	NA	NA	NA	NA	NA	NA	NA	NA	NA	NA	NA	NA	NA	NA	NA	NA	NA	NA	NA	NA	NA	NA	NA	NA	NA	NA	NA	NA	NA	NA	NA	NA	NA	NA	NA	NA	NA	NA	NA	NA	NA	NA	NA	NA	NA	NA	NA	NA	NA	NA	NA	NA	NA	NA	NA	NA	NA	NA	NA	NA	NA	NA	NA	NA	NA	NA	NA	NA	NA	NA	NA	NA	NA	NA	NA	NA	NA	NA	NA	NA	NA	NA	NA	NA	NA	NA	NA	NA	NA	NA	NA
GH13_12	NA	NA	0.29811	NA	0.17568	NA	NA	NA	0.41036	0.27175	0.16552	0.15717	0.07756	0.07675	0.23654	0.71975	0.3632	0.79389	1.37089	1.94524	16.91294	0.0819	0.57512	0.23095	0.16634	NA	0.91223	0.39134	NA	NA	NA	NA	NA	NA	NA	0.15137	1.85785	0.28466	0.14936	0.57124	0.97768	NA	0.29778	0.86391	0.54011	0.2767	0.15831	NA	0.13362	NA	NA	0.38602	NA	0.04054	8.41268	3.35499	10.5907	5.17357	3.8023	2.67131	7.88422	1.00466	2.76816	0.76274	0.64606	0.77709	0.78979	0.89932	0.68366	0.80178	1.11493	3.96245	1.16396	1.52699	1.18319	0.31202	0.45235	0.75396	0.15926	0.61346	0.17083	0.19204	0.45613	0.29447	0.24815	NA	0.15131	0.06794	0.13312	1.09235	NA	0.82647	NA	2.64759	0.13821	NA	NA	0.57589	0.36349	0.22633	0.15904	NA	0.06874	5.62521	9.78416	3.94369	3.22522	5.16074	1.61095	1.31041	0.15098	0.33808	1.1244	1.87762	0.83285	0.46472	0.65662	0.16073	1.39709	0.3086	0.8936	1.52403	NA	NA	4.79249	3.51082	3.18888	3.37836	0.05602	NA	NA	NA	NA	NA	NA	0.11343	NA	0.06204	0.10903	0.12472	0.35371	0.88085	0.34354	0.60127	0.46046	0.12558	1.23877	1.20366	0.0626	0.11968	NA	NA	NA	NA	NA	0.65497	0.50635	0.51824	0.87923	NA	NA	0.12894	0.2472	0.32021	0.31506	NA	0.04113	0.13723	NA	0.05395	0.82804	0.25077	NA	NA	0.36438	0.45886	0.08563	0.05966	0.18392	NA	NA	0.20511	0.35445	0.7978	NA	NA	NA	NA	NA	NA	0.03854	NA	0.54982	0.63565	1.22198	1.61696	NA	0.17677	0.20971	0.31586	NA	0.26421	0.0606	0.21248	0.34111	0.0291	0.49607	NA	5.44785	3.82092	3.13931	1.5886	1.26283	1.2798	0.24156	0.11908	0.40158	0.90156	0.05824	NA	0.15653	0.15235	NA	NA	NA	NA	NA	NA	NA	NA	NA	NA	NA	NA	NA	NA	NA	NA	NA	NA	NA	NA	NA	NA	NA	NA	NA	NA	NA	NA	NA	NA	NA	NA	NA	NA	NA	NA	NA	NA	NA	NA	NA	NA	NA	NA	NA	NA	NA	NA	NA	NA	NA	NA	NA	NA	NA	NA	NA	NA	NA	NA	NA	NA	NA	NA	NA	NA	NA	NA	NA	NA	NA	NA	NA	NA	NA	NA	NA	NA	NA	NA	NA	NA	NA	NA	NA	NA	NA	NA	NA	NA	NA	NA	NA	NA	NA	NA	NA	NA	NA	NA	NA	NA	NA	NA	NA	NA	NA	NA	NA	NA	NA	NA	NA	NA	NA	NA	NA	NA	NA	NA	NA	NA	NA	NA	NA	NA	NA	NA	NA	NA	NA	NA	NA	NA	NA	NA	NA	NA	NA	NA	NA	NA	NA	NA	NA	NA	NA	NA	NA	NA	NA	NA	NA	NA	NA
GH13_13	NA	0.07296	NA	NA	NA	0.26923	NA	NA	NA	NA	NA	NA	NA	NA	0.13328	NA	0.06294	NA	NA	0.31654	NA	NA	NA	NA	NA	NA	NA	0.12229	NA	NA	NA	0.11588	NA	NA	NA	0.12487	0.12721	0.11996	NA	NA	0.12255	0.12212	NA	NA	NA	0.12279	NA	NA	0.05957	NA	NA	NA	NA	NA	0.20839	0.22903	1.63518	0.11292	NA	NA	NA	NA	0.06191	NA	NA	NA	NA	0.12616	NA	NA	NA	NA	NA	NA	NA	NA	0.11972	0.06506	0.1346	NA	NA	0.06001	NA	0.11786	NA	NA	NA	NA	NA	0.1254	NA	NA	NA	NA	NA	NA	NA	NA	NA	NA	NA	NA	NA	NA	0.27029	0.18866	NA	NA	0.13146	0.14215	0.1276	NA	NA	NA	0.19719	NA	0.20311	0.06792	NA	NA	0.1358	NA	NA	0.12763	NA	0.0512	NA	0.05069	0.0947	NA	NA	NA	0.14662	0.09906	NA	NA	0.41474	NA	NA	NA	0.04863	NA	NA	NA	0.09722	NA	0.04886	NA	NA	NA	NA	NA	NA	NA	NA	NA	NA	NA	NA	NA	0.09391	0.05	NA	NA	NA	0.0959	NA	NA	NA	NA	0.10414	NA	0.10707	NA	NA	NA	0.14016	0.09843	0.04744	NA	0.0438	NA	NA	0.04557	0.13794	NA	NA	NA	NA	NA	NA	NA	NA	NA	0.22117	NA	NA	0.04616	NA	0.14956	0.09231	NA	NA	NA	0.04637	NA	NA	NA	0.23552	0.1518	0.05062	0.04965	NA	0.10842	0.1062	NA	0.10613	0.16211	0.09608	NA	NA	NA	NA	NA	NA	NA	NA	NA	NA	NA	NA	NA	NA	NA	NA	NA	NA	NA	NA	NA	NA	NA	NA	NA	NA	NA	NA	NA	NA	NA	NA	NA	NA	NA	NA	NA	NA	NA	NA	NA	NA	NA	NA	NA	NA	NA	NA	NA	NA	NA	NA	NA	NA	NA	NA	NA	NA	NA	NA	NA	NA	NA	NA	NA	NA	NA	NA	NA	NA	NA	NA	NA	NA	NA	NA	NA	NA	NA	NA	NA	NA	NA	NA	NA	NA	NA	NA	NA	NA	NA	NA	NA	NA	NA	NA	NA	NA	NA	NA	NA	NA	NA	NA	NA	NA	NA	NA	NA	NA	NA	NA	NA	NA	NA	NA	NA	NA	NA	NA	NA	NA	NA	NA	NA	NA	NA	NA	NA	NA	NA	NA	NA	NA	NA	NA	NA	NA	NA	NA	NA	NA	NA	NA	NA	NA	NA	NA	NA	NA	NA	NA	NA	NA	NA	NA	NA	NA
GH13_14	141.57991	157.71398	124.22122	130.15842	134.67394	120.32503	140.74379	231.66205	226.58901	190.26372	185.56145	148.66743	163.67921	179.08184	134.65303	153.19368	126.37811	137.28884	143.73436	114.89182	117.52832	195.16294	132.05968	160.14089	137.91799	126.31891	128.58823	172.28225	130.94816	154.20794	136.24374	146.11694	118.66474	165.86387	140.9204	94.17889	127.91556	120.92787	131.09629	105.95614	108.37943	115.48711	195.90239	170.85195	161.90454	115.65251	121.47333	123.27681	135.93115	146.95753	126.50243	147.45634	119.55581	140.48804	154.97155	133.16993	144.26903	147.50108	134.39241	148.15853	148.91792	99.52186	164.65444	176.07149	132.55331	131.52156	168.3495	149.95323	206.34418	195.63922	175.25028	178.23165	150.18016	170.38649	281.22983	82.49237	114.40588	99.20242	98.97712	114.88864	103.91141	102.46626	115.80484	130.13194	117.84355	118.04256	93.0251	70.79721	99.99812	151.93192	161.18465	129.29268	130.01533	137.31248	120.98683	193.46189	90.31207	125.38426	142.34268	145.35508	134.41322	166.69458	151.53322	133.46284	131.03378	128.86336	118.18022	129.99176	113.24528	137.08298	114.49195	155.56102	141.933	145.69926	135.16051	140.41949	86.3152	132.9652	154.76625	132.20736	117.77368	149.21828	100.79417	109.18719	133.25134	130.15371	105.35727	114.42301	131.46288	138.10434	117.53465	152.84605	238.59955	152.63844	99.94358	113.67751	75.86992	130.0736	111.59679	183.79868	90.27966	104.36135	105.91394	117.10292	119.0812	125.36045	87.68919	98.14786	129.72369	127.31046	131.25444	108.26394	98.88401	117.27239	101.4718	113.56326	135.95848	170.14014	103.99639	118.58539	172.8351	137.85236	151.30951	108.25102	119.27795	122.33549	100.04161	117.9606	122.65115	160.01809	149.4764	138.33441	131.38463	65.74537	79.09023	107.09243	166.19095	141.19714	135.54744	131.21897	108.28087	147.02549	84.47433	68.55494	115.72033	128.82631	116.32136	49.30075	122.19818	126.16202	116.0747	132.87202	112.35427	137.68737	150.03438	156.77399	17.74216	171.94486	106.17821	84.90846	123.7876	102.67196	115.10828	119.67368	116.76235	145.27172	57.92955	64.79108	125.3077	111.04117	109.1647	126.03522	128.68413	129.6281	103.37761	74.88484	135.10538	109.69354	124.32905	108.3101	145.04405	128.12682	NA	NA	NA	NA	NA	NA	NA	NA	NA	NA	NA	NA	NA	NA	NA	NA	NA	NA	NA	NA	NA	NA	NA	NA	NA	NA	NA	NA	NA	NA	NA	NA	NA	NA	NA	NA	NA	NA	NA	NA	NA	NA	NA	NA	NA	NA	NA	NA	NA	NA	NA	NA	NA	NA	NA	NA	NA	NA	NA	NA	NA	NA	NA	NA	NA	NA	NA	NA	NA	NA	NA	NA	NA	NA	NA	NA	NA	NA	NA	NA	NA	NA	NA	NA	NA	NA	NA	NA	NA	NA	NA	NA	NA	NA	NA	NA	NA	NA	NA	NA	NA	NA	NA	NA	NA	NA	NA	NA	NA	NA	NA	NA	NA	NA	NA	NA	NA	NA	NA	NA	NA	NA	NA	NA	NA	NA	NA	NA	NA	NA	NA	NA	NA	NA	NA	NA	NA	NA	NA	NA	NA	NA	NA	NA	NA	NA	NA	NA	NA	NA	NA	NA	NA	NA	NA
GH13_16	1.87856	NA	0.12915	NA	NA	0.07599	NA	0.12518	NA	2.45059	0.99187	NA	0.33134	NA	0.3779	NA	NA	NA	NA	NA	0.15163	NA	NA	NA	NA	NA	0.15445	0.17105	NA	0.29387	NA	NA	NA	NA	NA	NA	NA	NA	NA	NA	0.13835	0.13906	NA	0.75614	1.13289	1.18149	0.33879	0.39665	0.12067	NA	0.09929	1.5305	NA	1.4903	0.16351	0.13748	0.76841	0.03384	0.14481	0.14588	NA	NA	0.20989	0.63362	0.12258	0.50659	0.12608	0.12778	NA	NA	NA	0.1361	NA	NA	NA	NA	NA	0.14606	NA	NA	1.68176	NA	0.46205	0.26733	0.63729	1.77027	0.32381	0.86413	0.36816	3.90577	0.90915	1.42829	1.16073	0.54925	1.23454	NA	NA	0.486	0.47879	6.27155	1.36143	NA	NA	0.13672	NA	0.66878	1.28491	1.20969	0.89875	0.43195	NA	NA	NA	NA	NA	NA	0.03822	NA	NA	NA	NA	NA	NA	NA	NA	0.20744	NA	0.28239	0.1063	NA	NA	NA	0.01438	1.5551	NA	NA	0.10954	0.25916	0.09868	NA	NA	NA	NA	NA	NA	NA	NA	0.11195	NA	NA	NA	NA	0.10032	2.48103	NA	1.03409	0.04942	0.35792	NA	0.10015	0.28534	0.25322	NA	0.05739	0.09656	NA	NA	NA	NA	NA	NA	NA	NA	0.50142	NA	NA	NA	0.05588	NA	NA	NA	NA	NA	NA	0.06986	NA	NA	NA	NA	NA	NA	NA	NA	NA	0.10606	NA	NA	NA	NA	NA	0.69106	NA	0.65814	0.14512	0.1041	NA	0.04882	NA	NA	0.08594	0.13412	NA	NA	NA	NA	NA	NA	0.54591	NA	NA	2.65546	1.08194	NA	NA	NA	NA	NA	NA	NA	NA	NA	NA	NA	NA	NA	NA	NA	NA	NA	NA	NA	NA	NA	NA	NA	NA	NA	NA	NA	NA	NA	NA	NA	NA	NA	NA	NA	NA	NA	NA	NA	NA	NA	NA	NA	NA	NA	NA	NA	NA	NA	NA	NA	NA	NA	NA	NA	NA	NA	NA	NA	NA	NA	NA	NA	NA	NA	NA	NA	NA	NA	NA	NA	NA	NA	NA	NA	NA	NA	NA	NA	NA	NA	NA	NA	NA	NA	NA	NA	NA	NA	NA	NA	NA	NA	NA	NA	NA	NA	NA	NA	NA	NA	NA	NA	NA	NA	NA	NA	NA	NA	NA	NA	NA	NA	NA	NA	NA	NA	NA	NA	NA	NA	NA	NA	NA	NA	NA	NA	NA	NA	NA	NA	NA	NA	NA	NA	NA	NA	NA	NA	NA	NA	NA	NA	NA	NA	NA	NA	NA	NA	NA	NA	NA	NA	NA	NA
GH13_18	48.62176	71.11538	62.95697	56.03945	57.09115	54.15417	41.90675	41.95802	47.82663	46.26804	37.81786	46.34753	63.56965	98.4636	7.74387	2.03858	6.11238	3.17264	4.4591	9.70514	18.29836	42.73729	54.89592	41.40753	34.1805	25.05387	24.59801	66.17806	24.19163	44.90749	32.07396	28.74363	27.4154	47.80526	30.15697	50.44208	80.00174	55.97922	44.97622	61.47215	74.93265	30.90138	33.9964	35.28055	30.30336	27.46264	26.22392	53.62869	31.21979	53.51805	42.71934	33.74031	57.57953	32.43202	34.98199	20.4778	43.3291	39.03001	33.41393	26.46022	33.72732	31.62683	62.2873	69.89479	54.16515	43.08784	46.07427	55.36436	53.2241	48.20645	46.39395	89.14366	47.15894	87.67576	64.79222	32.22787	32.35078	47.38421	60.2813	50.67074	50.02254	53.58334	18.53139	25.44515	21.53245	28.50001	23.10518	16.46806	19.68945	42.42209	20.22342	50.65299	44.08565	41.67767	17.83669	43.13552	12.01493	22.78484	15.36812	22.7508	27.42918	11.83218	19.67931	20.04192	20.4643	21.47185	14.78585	19.93271	13.14065	18.80004	13.98209	26.11113	29.61688	25.70655	29.64545	40.36875	60.37808	26.11408	36.21506	49.07752	31.1204	29.11135	16.94738	20.4362	41.06857	27.22346	25.32435	18.75718	49.03396	33.81871	31.49248	33.45992	24.44549	37.28771	41.38911	40.77764	12.04891	14.20804	23.52271	38.09906	18.30701	26.77803	31.30037	25.87839	14.30607	10.6624	6.64286	28.39006	33.68132	53.55701	27.47625	31.44215	10.52748	22.7178	23.02528	15.90389	31.51656	36.62985	28.19064	33.70778	33.27666	31.22945	22.34807	40.48711	31.37184	32.82496	29.90556	23.43622	30.70638	46.23402	37.90187	45.25105	35.81621	44.32496	63.02107	44.98114	50.68005	45.53501	23.3667	22.09575	26.88565	58.98599	59.57824	67.40591	7.53091	19.81375	5.84895	49.57054	60.67407	50.53307	40.68447	51.32548	19.94785	17.29888	13.62119	13.24672	75.70688	17.56936	46.37875	51.29539	17.85611	16.96744	32.53927	26.98122	72.36545	66.80089	67.00669	59.24079	43.85845	31.7934	23.60297	12.36334	26.99432	42.03454	33.01751	39.73016	17.52879	18.61303	18.43142	20.56895	51.00127	26.7004	NA	NA	NA	NA	NA	NA	NA	NA	NA	NA	NA	NA	NA	NA	NA	NA	NA	NA	NA	NA	NA	NA	NA	NA	NA	NA	NA	NA	NA	NA	NA	NA	NA	NA	NA	NA	NA	NA	NA	NA	NA	NA	NA	NA	NA	NA	NA	NA	NA	NA	NA	NA	NA	NA	NA	NA	NA	NA	NA	NA	NA	NA	NA	NA	NA	NA	NA	NA	NA	NA	NA	NA	NA	NA	NA	NA	NA	NA	NA	NA	NA	NA	NA	NA	NA	NA	NA	NA	NA	NA	NA	NA	NA	NA	NA	NA	NA	NA	NA	NA	NA	NA	NA	NA	NA	NA	NA	NA	NA	NA	NA	NA	NA	NA	NA	NA	NA	NA	NA	NA	NA	NA	NA	NA	NA	NA	NA	NA	NA	NA	NA	NA	NA	NA	NA	NA	NA	NA	NA	NA	NA	NA	NA	NA	NA	NA	NA	NA	NA	NA	NA	NA	NA	NA	NA
GH13_19	3.47083	8.41493	14.37167	3.93937	4.27253	5.61184	10.18118	77.99471	70.4425	50.39059	70.27974	26.41978	27.36296	47.67435	0.28953	NA	NA	NA	NA	NA	4.18317	63.86881	25.86493	49.21208	15.10107	14.97603	15.4231	38.72892	11.66378	15.81093	10.3261	12.25959	9.97094	16.54088	11.84255	NA	0.53642	1.22979	0.32507	NA	0.41575	12.24965	23.44752	28.29251	42.78608	30.72713	37.10737	8.20468	10.9562	12.92198	10.49372	12.34414	9.86866	7.30115	35.32528	16.26707	30.4847	24.18758	21.33355	24.29587	32.32123	12.84173	35.45098	26.82515	11.22487	9.64878	15.88496	16.91161	43.06961	36.16256	30.83209	34.63724	24.70181	29.11312	78.79457	17.02513	20.72668	21.61663	16.60095	19.23186	17.26274	23.5246	16.69051	16.7094	15.06188	11.92721	12.51383	11.20951	11.70701	23.13428	45.282	17.17872	19.84356	40.00549	17.12364	47.99501	5.8765	10.63101	7.87025	6.71766	8.89544	9.18059	9.96069	10.78232	6.17873	3.39216	4.16548	3.31526	6.44406	5.73294	2.61345	10.63932	4.74748	15.8053	19.70165	10.82054	5.25326	14.21097	13.82904	5.44908	11.90691	5.81601	10.34546	15.45502	13.86049	7.74086	3.78789	2.72752	3.18269	3.35877	7.29752	1.04521	92.35126	63.26877	15.76033	14.35715	14.27237	30.58043	9.691	40.07956	7.97856	10.64798	8.90934	13.11857	0.45566	0.20315	0.08737	0.44544	22.58192	21.08771	14.97523	14.85315	17.23489	12.41223	10.3603	16.8116	22.16092	36.79879	11.2857	28.82328	28.45915	13.19569	12.61631	7.22788	10.67476	16.07348	6.72943	6.5694	20.19514	31.09927	22.28367	22.75464	30.07898	10.38572	19.56932	20.22741	22.99853	13.44365	6.67843	5.00981	5.19854	19.96881	0.10949	0.84451	2.74657	3.50891	1.31683	NA	42.18283	49.20788	32.08511	45.83615	NA	0.76499	0.10055	NA	11.42147	6.37474	1.2306	2.15756	19.69416	21.83885	17.16536	13.48424	8.53341	19.92274	0.20529	0.53625	28.85725	15.89868	16.273	2.26665	27.97635	27.66789	15.71688	2.58254	9.52235	20.60727	4.2535	4.00894	57.31464	27.02957	NA	NA	NA	NA	NA	NA	NA	NA	NA	NA	NA	NA	NA	NA	NA	NA	NA	NA	NA	NA	NA	NA	NA	NA	NA	NA	NA	NA	NA	NA	NA	NA	NA	NA	NA	NA	NA	NA	NA	NA	NA	NA	NA	NA	NA	NA	NA	NA	NA	NA	NA	NA	NA	NA	NA	NA	NA	NA	NA	NA	NA	NA	NA	NA	NA	NA	NA	NA	NA	NA	NA	NA	NA	NA	NA	NA	NA	NA	NA	NA	NA	NA	NA	NA	NA	NA	NA	NA	NA	NA	NA	NA	NA	NA	NA	NA	NA	NA	NA	NA	NA	NA	NA	NA	NA	NA	NA	NA	NA	NA	NA	NA	NA	NA	NA	NA	NA	NA	NA	NA	NA	NA	NA	NA	NA	NA	NA	NA	NA	NA	NA	NA	NA	NA	NA	NA	NA	NA	NA	NA	NA	NA	NA	NA	NA	NA	NA	NA	NA	NA	NA	NA	NA	NA	NA
GH13_2	5.03837	2.77553	9.85388	6.62182	0.78171	0.33504	4.0223	1.24375	1.76884	1.2657	6.14416	1.20521	1.734	0.43692	NA	NA	NA	NA	NA	NA	NA	NA	NA	NA	NA	NA	NA	NA	2.21807	1.88971	2.59158	1.36055	2.90625	0.77787	3.09972	6.56316	15.86512	13.45553	19.03899	8.80266	8.40988	2.87028	0.14455	1.11515	0.57943	1.06569	1.61376	NA	NA	NA	NA	NA	NA	NA	0.16542	NA	0.34277	0.31956	0.07325	0.17218	0.49537	4.51055	3.67435	4.61848	3.89243	6.2553	7.43008	8.57003	3.18349	3.07436	4.08832	2.74157	4.18634	1.31481	2.72242	5.26785	7.67751	1.14148	4.04281	4.19447	2.84712	4.54965	2.25272	0.67265	0.92376	0.85535	NA	5.51834	1.09158	0.81509	3.29259	2.09979	1.17013	3.71152	2.07856	0.72574	0.22465	0.62991	0.23272	1.33436	3.99513	3.09998	2.62267	1.82226	1.41686	NA	1.02901	0.51911	0.01468	0.46639	0.14658	0.50115	1.01581	0.89759	2.36069	1.307	2.50807	1.36536	2.72237	1.22336	0.90995	0.25703	0.25147	0.58977	0.55296	0.96066	0.14716	0.16304	NA	0.59855	2.74563	0.71234	2.44279	2.72349	0.39578	4.88769	1.42869	8.3387	1.72099	0.31018	0.52444	0.26473	0.38543	0.20518	NA	0.05876	NA	NA	NA	NA	0.13338	0.12419	1.66566	0.70363	NA	3.86318	0.81174	1.81367	14.55676	13.3478	1.07337	NA	NA	NA	0.41442	0.2435	0.29115	0.33413	5.21658	2.88018	5.08453	7.70549	3.21814	4.38124	4.66826	4.03665	0.61125	0.8627	1.15033	0.86044	6.83847	5.87845	3.47934	0.97633	0.10564	0.12239	0.22162	11.53465	0.49155	0.40718	1.40303	1.17285	NA	0.23338	NA	NA	7.2271	0.10605	0.28387	0.11453	1.01699	1.56352	6.08699	0.67206	NA	NA	NA	NA	0.78075	0.71596	0.87228	0.64682	14.97195	11.66853	9.67696	30.20969	3.92123	14.09093	0.2396	0.17209	0.15058	1.81649	NA	NA	NA	NA	NA	NA	NA	NA	NA	NA	NA	NA	NA	NA	NA	NA	NA	NA	NA	NA	NA	NA	NA	NA	NA	NA	NA	NA	NA	NA	NA	NA	NA	NA	NA	NA	NA	NA	NA	NA	NA	NA	NA	NA	NA	NA	NA	NA	NA	NA	NA	NA	NA	NA	NA	NA	NA	NA	NA	NA	NA	NA	NA	NA	NA	NA	NA	NA	NA	NA	NA	NA	NA	NA	NA	NA	NA	NA	NA	NA	NA	NA	NA	NA	NA	NA	NA	NA	NA	NA	NA	NA	NA	NA	NA	NA	NA	NA	NA	NA	NA	NA	NA	NA	NA	NA	NA	NA	NA	NA	NA	NA	NA	NA	NA	NA	NA	NA	NA	NA	NA	NA	NA	NA	NA	NA	NA	NA	NA	NA	NA	NA	NA	NA	NA	NA	NA	NA	NA	NA	NA	NA	NA	NA	NA	NA	NA	NA	NA	NA	NA	NA	NA	NA	NA
GH13_20	77.21365	158.00977	88.05461	77.75221	79.82359	78.76899	84.3716	78.90375	59.93854	61.36908	75.32608	51.01842	61.42781	129.03395	24.12615	21.78698	40.54023	16.09737	14.31984	53.9008	59.94717	65.10323	72.02849	71.34412	86.74234	84.61533	64.12649	111.93572	65.81356	133.81829	69.18401	68.99283	65.59665	117.37042	84.70623	79.98228	151.95878	106.29748	97.54125	99.84294	99.90246	53.64951	32.54352	59.82723	47.10657	32.17299	40.12355	70.44921	24.12416	50.21621	38.5654	53.12122	73.83087	57.35455	47.41573	22.50573	38.46718	40.83544	44.87109	23.40438	56.10039	60.69017	113.62723	110.77712	77.12942	57.86153	69.82974	63.65547	54.03637	47.81892	37.05086	61.19825	34.48085	78.10647	51.43468	38.34739	46.11302	38.22	58.88939	39.03201	56.91976	57.73902	47.73462	57.86721	55.0406	53.21356	46.04469	44.28847	48.72864	83.8183	46.82759	97.78402	103.63851	61.73637	24.12882	48.54178	49.27128	60.1528	54.83082	51.33192	91.51624	35.45103	57.78741	44.04135	57.27422	73.10068	29.76846	54.30099	42.21979	52.22261	18.99915	36.5841	64.71999	28.54601	24.88219	38.44878	60.36687	71.25647	77.77767	100.75983	70.45564	50.44538	32.23196	37.30358	64.59599	46.28165	33.02578	20.82382	80.09365	76.05646	28.48314	26.9845	53.66693	85.3424	38.8121	29.69147	20.97954	29.31026	28.71788	38.00568	37.06192	46.75951	51.73539	40.36247	33.95261	25.60521	10.52704	37.05341	46.36698	71.74409	37.05353	57.69692	49.39963	54.07932	29.32517	37.08283	48.78108	39.17926	25.82039	25.08738	33.44537	42.09469	21.08413	25.54485	45.39891	45.56592	30.26058	42.33721	25.77128	27.04576	44.26428	35.00432	27.9337	46.86327	59.61655	46.83827	103.47999	69.09618	32.50544	40.24339	57.20863	110.63095	34.81237	35.39352	17.8814	56.71619	12.18701	13.41147	94.36448	83.78344	51.64567	70.67395	33.163	22.05509	24.58591	26.88223	42.33335	16.92543	26.85707	48.19265	22.69964	18.40006	28.61464	15.16665	90.58757	91.27367	14.55184	10.38507	46.93917	37.78588	21.14905	13.90504	55.70645	60.66265	40.17517	49.62582	69.51556	55.4979	30.73145	29.89956	79.81111	55.76211	NA	NA	NA	NA	NA	NA	NA	NA	NA	NA	NA	NA	NA	NA	NA	NA	NA	NA	NA	NA	NA	NA	NA	NA	NA	NA	NA	NA	NA	NA	NA	NA	NA	NA	NA	NA	NA	NA	NA	NA	NA	NA	NA	NA	NA	NA	NA	NA	NA	NA	NA	NA	NA	NA	NA	NA	NA	NA	NA	NA	NA	NA	NA	NA	NA	NA	NA	NA	NA	NA	NA	NA	NA	NA	NA	NA	NA	NA	NA	NA	NA	NA	NA	NA	NA	NA	NA	NA	NA	NA	NA	NA	NA	NA	NA	NA	NA	NA	NA	NA	NA	NA	NA	NA	NA	NA	NA	NA	NA	NA	NA	NA	NA	NA	NA	NA	NA	NA	NA	NA	NA	NA	NA	NA	NA	NA	NA	NA	NA	NA	NA	NA	NA	NA	NA	NA	NA	NA	NA	NA	NA	NA	NA	NA	NA	NA	NA	NA	NA	NA	NA	NA	NA	NA	NA
GH13_21	0.43595	NA	0.60484	NA	NA	NA	0.3086	0.0228	NA	NA	NA	NA	NA	NA	0.5211	NA	NA	NA	NA	0.56323	1.02914	NA	0.45192	0.16659	NA	NA	NA	NA	NA	NA	NA	0.15551	NA	NA	NA	0.11089	NA	NA	NA	NA	NA	0.46563	NA	NA	NA	NA	NA	NA	NA	NA	NA	NA	NA	NA	3.13124	1.72573	10.52926	2.26415	5.6007	1.33808	3.58742	NA	NA	1.46991	NA	NA	NA	NA	NA	0.14634	0.1699	NA	NA	NA	0.86751	NA	NA	NA	0.25374	0.64314	0.77983	3.72886	NA	0.17733	0.35542	NA	NA	0.16682	NA	0.12175	0.23577	NA	NA	NA	NA	NA	NA	NA	NA	NA	NA	NA	NA	0.52338	NA	0.15437	0.08486	NA	NA	NA	0.16218	NA	NA	NA	NA	NA	NA	NA	NA	NA	NA	NA	NA	NA	0.1444	NA	0.19291	0.03221	0.29882	0.06853	0.06389	NA	NA	NA	NA	NA	0.47227	0.09546	NA	0.11829	0.11226	NA	0.50994	NA	NA	0.26712	NA	NA	0.27314	0.1315	0.48938	0.09845	0.03138	0.08021	NA	NA	0.04737	NA	NA	0.12568	0.05854	0.28786	0.1465	2.05058	0.11168	0.06235	NA	NA	0.34806	0.30677	NA	NA	NA	0.02125	2.95829	0.12637	0.29249	0.05907	NA	0.03299	0.15928	0.09999	0.06923	0.07482	0.15097	NA	NA	NA	NA	NA	0.09647	0.17702	NA	0.10946	0.11872	NA	NA	NA	0.99251	1.0941	NA	NA	NA	NA	NA	NA	0.06009	NA	1.33566	2.5558	0.2273	0.50197	0.13949	0.12337	NA	NA	NA	0.05416	0.2236	0.12501	NA	NA	NA	NA	NA	NA	NA	NA	NA	NA	NA	NA	NA	NA	NA	NA	NA	NA	NA	NA	NA	NA	NA	NA	NA	NA	NA	NA	NA	NA	NA	NA	NA	NA	NA	NA	NA	NA	NA	NA	NA	NA	NA	NA	NA	NA	NA	NA	NA	NA	NA	NA	NA	NA	NA	NA	NA	NA	NA	NA	NA	NA	NA	NA	NA	NA	NA	NA	NA	NA	NA	NA	NA	NA	NA	NA	NA	NA	NA	NA	NA	NA	NA	NA	NA	NA	NA	NA	NA	NA	NA	NA	NA	NA	NA	NA	NA	NA	NA	NA	NA	NA	NA	NA	NA	NA	NA	NA	NA	NA	NA	NA	NA	NA	NA	NA	NA	NA	NA	NA	NA	NA	NA	NA	NA	NA	NA	NA	NA	NA	NA	NA	NA	NA	NA	NA	NA	NA	NA	NA	NA	NA	NA	NA	NA	NA	NA	NA	NA	NA	NA	NA	NA	NA	NA	NA	NA
GH13_23	NA	NA	NA	NA	NA	NA	NA	NA	NA	NA	NA	NA	NA	NA	NA	NA	NA	NA	NA	NA	NA	NA	NA	NA	NA	NA	NA	NA	NA	NA	NA	NA	NA	NA	NA	NA	NA	NA	0.07401	NA	NA	NA	NA	NA	NA	NA	NA	0.15307	NA	NA	NA	NA	0.15503	NA	NA	NA	NA	NA	NA	NA	NA	NA	NA	NA	NA	NA	NA	NA	NA	NA	NA	NA	NA	NA	NA	NA	NA	NA	NA	NA	NA	NA	NA	NA	NA	NA	NA	NA	NA	NA	NA	NA	NA	NA	NA	NA	NA	NA	NA	NA	NA	NA	NA	NA	NA	NA	NA	NA	NA	NA	NA	NA	NA	NA	0.07707	NA	NA	NA	NA	NA	NA	NA	NA	NA	NA	NA	NA	NA	NA	NA	NA	NA	NA	NA	0.06082	NA	NA	NA	0.05713	NA	NA	NA	NA	NA	NA	NA	NA	NA	NA	NA	NA	NA	NA	NA	NA	NA	NA	NA	NA	NA	NA	NA	NA	0.06031	NA	NA	NA	NA	NA	NA	NA	NA	NA	NA	NA	NA	NA	NA	NA	NA	NA	NA	NA	NA	NA	NA	NA	NA	NA	NA	NA	NA	NA	NA	NA	NA	NA	NA	NA	NA	NA	NA	0.05896	NA	NA	NA	NA	NA	NA	NA	NA	NA	NA	NA	NA	NA	NA	0.19009	NA	NA	NA	NA	NA	NA	NA	NA	NA	NA	NA	NA	NA	NA	NA	NA	NA	NA	NA	NA	NA	NA	NA	NA	NA	NA	NA	NA	NA	NA	NA	NA	NA	NA	NA	NA	NA	NA	NA	NA	NA	NA	NA	NA	NA	NA	NA	NA	NA	NA	NA	NA	NA	NA	NA	NA	NA	NA	NA	NA	NA	NA	NA	NA	NA	NA	NA	NA	NA	NA	NA	NA	NA	NA	NA	NA	NA	NA	NA	NA	NA	NA	NA	NA	NA	NA	NA	NA	NA	NA	NA	NA	NA	NA	NA	NA	NA	NA	NA	NA	NA	NA	NA	NA	NA	NA	NA	NA	NA	NA	NA	NA	NA	NA	NA	NA	NA	NA	NA	NA	NA	NA	NA	NA	NA	NA	NA	NA	NA	NA	NA	NA	NA	NA	NA	NA	NA	NA	NA	NA	NA	NA	NA	NA	NA	NA	NA	NA	NA	NA	NA	NA	NA	NA	NA	NA	NA	NA	NA
GH13_26	NA	NA	NA	NA	NA	NA	NA	NA	NA	NA	NA	NA	NA	NA	NA	NA	NA	NA	NA	NA	NA	NA	NA	NA	NA	NA	0.19745	NA	NA	NA	NA	NA	NA	NA	NA	NA	NA	NA	NA	NA	NA	NA	NA	0.19168	NA	NA	NA	NA	NA	NA	0.18457	NA	NA	NA	NA	NA	NA	NA	NA	NA	NA	NA	NA	NA	NA	NA	NA	NA	NA	NA	NA	NA	NA	NA	NA	NA	NA	0.18375	NA	NA	NA	NA	NA	NA	NA	NA	NA	NA	NA	NA	NA	NA	NA	NA	NA	NA	NA	NA	NA	NA	NA	NA	NA	NA	NA	NA	NA	NA	NA	NA	NA	NA	NA	NA	NA	NA	NA	NA	NA	NA	NA	NA	NA	NA	NA	NA	NA	NA	NA	NA	NA	NA	NA	NA	NA	NA	NA	NA	NA	NA	NA	NA	NA	0.06828	NA	NA	NA	NA	NA	NA	NA	0.07058	NA	NA	NA	NA	NA	NA	NA	NA	NA	NA	NA	NA	NA	NA	NA	NA	NA	NA	NA	NA	NA	NA	NA	NA	NA	NA	NA	NA	NA	NA	NA	NA	NA	NA	NA	NA	NA	NA	0.13799	NA	NA	NA	NA	NA	NA	NA	NA	NA	NA	NA	NA	NA	NA	NA	NA	NA	NA	NA	NA	NA	NA	NA	NA	NA	NA	0.68678	NA	NA	NA	NA	NA	NA	NA	NA	NA	NA	NA	NA	NA	NA	NA	NA	NA	NA	NA	NA	NA	NA	NA	NA	NA	NA	NA	NA	NA	NA	NA	NA	NA	NA	NA	NA	NA	NA	NA	NA	NA	NA	NA	NA	NA	NA	NA	NA	NA	NA	NA	NA	NA	NA	NA	NA	NA	NA	NA	NA	NA	NA	NA	NA	NA	NA	NA	NA	NA	NA	NA	NA	NA	NA	NA	NA	NA	NA	NA	NA	NA	NA	NA	NA	NA	NA	NA	NA	NA	NA	NA	NA	NA	NA	NA	NA	NA	NA	NA	NA	NA	NA	NA	NA	NA	NA	NA	NA	NA	NA	NA	NA	NA	NA	NA	NA	NA	NA	NA	NA	NA	NA	NA	NA	NA	NA	NA	NA	NA	NA	NA	NA	NA	NA	NA	NA	NA	NA	NA	NA	NA	NA	NA	NA	NA	NA	NA	NA	NA	NA	NA	NA	NA	NA	NA	NA	NA	NA	NA
GH13_28	16.3014	22.10748	41.49467	29.43141	30.70483	40.58279	29.56638	98.9556	139.74158	94.84675	120.54396	62.24041	93.55961	98.58778	NA	NA	0.17404	NA	0.16536	0.50324	4.7929	123.67101	40.10987	97.04784	20.87732	22.98184	24.83982	63.01094	35.4313	33.02601	16.88241	20.50272	19.08717	26.78733	14.39967	9.86689	31.25151	16.09379	42.67874	24.91654	28.19787	20.62135	58.40401	51.71217	61.91062	47.32801	40.14875	11.16108	26.42872	29.00382	19.86306	24.63572	18.22012	20.76316	30.14882	11.52522	8.25088	20.25077	9.65207	23.08591	26.93682	42.84457	116.36286	63.08406	42.98303	34.20641	46.0128	50.35068	95.04855	74.32909	66.03533	75.8088	49.70574	65.09676	165.38135	35.41344	33.04027	65.57316	47.67142	71.64381	32.58332	26.31336	26.87451	22.32791	17.76553	17.53129	8.92931	17.43131	18.87676	41.19705	78.32427	26.3582	33.3585	68.26963	28.02736	81.40137	31.87321	34.44877	30.756	22.45677	36.46602	18.60685	42.06955	19.57026	27.10005	24.35439	11.78673	8.86124	9.63323	19.20382	8.97897	24.50607	9.43112	38.81534	29.5058	26.82554	16.97962	24.45512	26.8429	10.37769	24.72815	6.73467	12.64634	32.86563	24.22897	24.31046	13.41449	18.55021	13.01768	8.97629	19.30067	10.81778	154.05264	62.68634	36.66655	42.2768	14.95679	43.04135	20.56547	80.78242	11.17772	20.71291	7.73231	20.95508	0.87796	0.46596	0.24041	0.30783	50.14326	39.7194	22.79487	20.21922	30.63783	28.57047	7.16458	30.44356	35.93847	55.59506	17.11599	45.88412	61.02556	17.10681	24.53309	31.67248	11.21033	22.255	12.11474	8.26585	44.59469	61.72829	50.15271	49.71143	84.76445	27.64513	32.85081	60.40123	44.20499	23.60802	9.67035	7.81736	11.55659	54.08447	31.73657	13.91881	4.36372	6.30967	3.05347	NA	36.09053	53.87241	33.39625	47.74334	1.19436	0.46904	3.86343	2.66928	47.48902	11.04107	2.29301	1.19159	24.84323	27.02132	23.60671	21.25845	22.23083	33.33111	3.45359	2.54973	24.493	10.28817	13.29012	4.67467	69.05108	68.79828	41.71327	9.67887	46.51824	49.56898	6.67707	7.61301	87.34368	35.38773	NA	NA	NA	NA	NA	NA	NA	NA	NA	NA	NA	NA	NA	NA	NA	NA	NA	NA	NA	NA	NA	NA	NA	NA	NA	NA	NA	NA	NA	NA	NA	NA	NA	NA	NA	NA	NA	NA	NA	NA	NA	NA	NA	NA	NA	NA	NA	NA	NA	NA	NA	NA	NA	NA	NA	NA	NA	NA	NA	NA	NA	NA	NA	NA	NA	NA	NA	NA	NA	NA	NA	NA	NA	NA	NA	NA	NA	NA	NA	NA	NA	NA	NA	NA	NA	NA	NA	NA	NA	NA	NA	NA	NA	NA	NA	NA	NA	NA	NA	NA	NA	NA	NA	NA	NA	NA	NA	NA	NA	NA	NA	NA	NA	NA	NA	NA	NA	NA	NA	NA	NA	NA	NA	NA	NA	NA	NA	NA	NA	NA	NA	NA	NA	NA	NA	NA	NA	NA	NA	NA	NA	NA	NA	NA	NA	NA	NA	NA	NA	NA	NA	NA	NA	NA	NA
GH13_29	21.95876	18.65757	24.88832	16.84593	14.17154	23.47489	19.44766	9.13288	13.44787	15.40302	7.5644	10.59741	8.36515	13.70755	37.79575	31.67529	56.84869	32.92791	22.7241	81.90082	106.80529	23.17639	14.73643	16.25102	14.54833	25.09162	11.91091	15.50188	21.7318	18.25678	14.24251	16.68581	15.76135	24.69714	13.29131	18.89488	18.34761	7.28548	2.45083	10.68943	9.40402	17.49983	20.71598	14.20747	10.54759	12.67948	4.69742	25.8662	10.24529	23.84585	9.59994	21.01614	20.45168	18.65209	14.45532	10.85804	22.45143	7.63787	10.75005	15.15344	21.68181	14.35441	23.11757	20.49481	18.17508	22.93055	31.93394	34.30696	12.18369	8.35494	8.49856	5.22299	5.31946	6.22355	8.56711	6.23171	16.08998	5.56409	8.18504	8.31485	9.26417	11.52283	5.8585	11.89541	14.98014	14.85157	16.86162	6.73942	8.84789	5.6003	12.598	8.04475	12.39239	7.54	6.91122	15.81523	2.67157	7.0231	4.86285	6.88333	7.68488	10.093	11.5723	12.38854	10.40167	8.58688	10.55217	9.53326	11.21283	10.88956	6.46596	13.40789	5.23351	15.83803	15.09912	19.82438	16.73211	10.50531	8.99794	9.7496	8.34315	7.24755	9.54615	8.75873	13.92015	12.09568	9.76461	23.19831	11.28583	11.29561	18.79534	16.59414	6.04166	7.42404	7.90538	11.51991	10.15706	9.76795	16.63695	13.17328	6.59884	12.59676	10.74929	6.84216	31.39458	24.83767	13.58242	29.551	11.4256	13.63114	11.28173	16.90448	11.4408	7.00063	13.42571	6.57809	9.69395	11.36023	7.87381	6.8533	19.28409	14.50045	13.97831	8.91392	15.74795	10.00416	4.61939	4.24316	5.45634	3.28589	6.47093	5.04879	7.69521	5.95638	12.09633	7.25544	12.34676	11.31932	16.92331	12.95929	8.11635	8.37127	1.7202	1.73878	3.15194	2.34137	2.78201	NA	8.21686	5.3556	4.19613	3.51762	11.25175	4.13765	1.30925	1.65243	NA	1.343	3.99157	3.1586	2.49693	5.29794	3.81043	3.05686	17.34826	12.35863	2.32619	2.70066	13.37478	8.95922	12.71021	8.82292	17.23848	19.15767	19.9748	16.08154	8.38075	6.84436	4.47529	11.18596	7.89304	8.90502	NA	NA	NA	NA	NA	NA	NA	NA	NA	NA	NA	NA	NA	NA	NA	NA	NA	NA	NA	NA	NA	NA	NA	NA	NA	NA	NA	NA	NA	NA	NA	NA	NA	NA	NA	NA	NA	NA	NA	NA	NA	NA	NA	NA	NA	NA	NA	NA	NA	NA	NA	NA	NA	NA	NA	NA	NA	NA	NA	NA	NA	NA	NA	NA	NA	NA	NA	NA	NA	NA	NA	NA	NA	NA	NA	NA	NA	NA	NA	NA	NA	NA	NA	NA	NA	NA	NA	NA	NA	NA	NA	NA	NA	NA	NA	NA	NA	NA	NA	NA	NA	NA	NA	NA	NA	NA	NA	NA	NA	NA	NA	NA	NA	NA	NA	NA	NA	NA	NA	NA	NA	NA	NA	NA	NA	NA	NA	NA	NA	NA	NA	NA	NA	NA	NA	NA	NA	NA	NA	NA	NA	NA	NA	NA	NA	NA	NA	NA	NA	NA	NA	NA	NA	NA	NA
GH13_3	4.94209	3.96528	6.32604	8.62754	13.78218	22.32248	7.45675	4.22246	10.51406	1.9162	8.95073	8.88692	20.98407	11.64366	NA	NA	NA	NA	NA	0.11495	0.12123	8.64238	10.5439	17.44528	4.97407	5.64464	1.29483	8.11826	NA	NA	0.23291	0.33323	NA	NA	NA	18.3217	28.47075	17.37702	34.6225	26.56399	35.22609	NA	9.29795	6.95933	3.24911	7.81919	1.4574	8.64956	6.57634	10.91037	11.39285	11.77604	13.39709	7.49952	NA	0.81432	0.40729	NA	0.03988	NA	0.26291	9.18083	26.14869	10.13693	15.89398	14.49212	12.40565	28.02354	31.83891	29.06111	16.24783	33.33573	18.13273	26.29167	35.8795	4.35279	1.872	10.64792	14.19233	15.49989	2.30829	1.96058	NA	0.45887	0.29404	1.36504	4.95021	4.32415	1.81142	0.11385	1.69838	0.22759	0.44398	3.70211	3.59257	1.15024	0.1817	2.34674	3.97196	3.1739	6.2384	1.77855	0.3574	NA	1.94585	NA	0.24246	NA	NA	0.47871	2.5114	2.50116	3.00645	9.23446	2.97947	3.49514	2.54234	0.26761	2.40168	5.28529	5.17335	2.44684	NA	3.19266	NA	0.66433	2.01618	4.00776	7.57784	7.71165	6.63989	5.93986	5.25831	2.8241	4.49585	6.95381	0.16398	0.28808	0.58965	2.42596	1.44743	6.40509	2.00536	1.30934	0.24292	NA	0.39853	0.62473	10.01264	12.97777	7.19323	4.52927	1.69489	0.59804	9.04851	3.31146	1.27937	1.55302	13.32777	10.07266	9.013	1.79226	5.41632	14.04135	NA	1.73382	4.15193	0.8046	16.06421	17.624	15.7699	8.58977	14.86836	6.74386	9.22888	9.08314	NA	NA	0.21665	NA	9.95943	10.37384	24.06233	22.71861	NA	NA	NA	NA	0.25899	NA	0.10563	NA	NA	NA	0.2544	2.27568	NA	0.5533	3.16187	3.24449	3.32411	3.39571	7.44225	4.1254	23.91015	17.76398	9.70404	4.95054	NA	0.35981	0.97821	2.14092	7.43684	7.86456	17.69225	13.06751	2.07331	4.69267	0.97214	6.12926	18.67306	4.22425	NA	NA	NA	NA	NA	NA	NA	NA	NA	NA	NA	NA	NA	NA	NA	NA	NA	NA	NA	NA	NA	NA	NA	NA	NA	NA	NA	NA	NA	NA	NA	NA	NA	NA	NA	NA	NA	NA	NA	NA	NA	NA	NA	NA	NA	NA	NA	NA	NA	NA	NA	NA	NA	NA	NA	NA	NA	NA	NA	NA	NA	NA	NA	NA	NA	NA	NA	NA	NA	NA	NA	NA	NA	NA	NA	NA	NA	NA	NA	NA	NA	NA	NA	NA	NA	NA	NA	NA	NA	NA	NA	NA	NA	NA	NA	NA	NA	NA	NA	NA	NA	NA	NA	NA	NA	NA	NA	NA	NA	NA	NA	NA	NA	NA	NA	NA	NA	NA	NA	NA	NA	NA	NA	NA	NA	NA	NA	NA	NA	NA	NA	NA	NA	NA	NA	NA	NA	NA	NA	NA	NA	NA	NA	NA	NA	NA	NA	NA	NA	NA	NA	NA	NA	NA	NA
GH13_30	8.33772	6.60258	10.68711	10.43273	11.83818	15.17204	9.71125	4.19787	10.16905	7.87986	13.95578	10.68695	22.48035	17.01358	NA	NA	NA	NA	NA	NA	NA	3.49802	4.94817	8.6953	4.71192	2.17071	1.88945	4.50108	2.15175	1.95486	1.38156	2.23807	1.62069	2.52605	2.64972	15.48113	28.39193	15.43744	35.29101	20.80933	22.17609	1.34732	9.47126	8.91438	4.10119	8.37135	4.53046	10.49847	5.66343	7.41706	11.39889	9.59887	16.40973	10.47723	0.31175	0.26432	0.34122	0.09479	NA	NA	0.78752	12.32717	26.97796	10.65057	12.74702	15.00923	8.82867	21.76947	37.88435	41.54837	17.52619	42.76373	20.46603	28.46322	47.4063	4.75741	3.17944	21.15279	15.78316	23.83692	4.10854	3.92497	0.1906	0.39583	0.34464	1.04477	1.53493	0.83245	0.32663	1.22394	1.46735	1.70189	1.84335	2.38076	1.77489	0.32426	0.13583	1.2417	1.34638	0.64789	3.72312	1.08916	0.35131	0.44958	0.40472	0.15859	0.36245	0.54802	0.3661	0.46161	1.18154	1.23397	6.80837	7.19925	3.10458	3.93228	0.44021	2.18174	3.06291	6.30538	7.47684	3.31883	1.20429	5.16424	1.79382	0.46809	2.58181	3.92003	9.80888	5.82075	4.50194	4.4837	8.14675	4.92745	8.00398	8.49724	0.15573	1.58097	1.57422	3.58605	4.77121	6.87131	2.92397	3.23847	0.36726	0.30162	0.66426	NA	6.82896	5.51124	3.74914	1.5049	0.90726	0.43577	3.33065	1.77812	0.48988	0.58807	5.37355	3.35666	5.64216	2.70176	8.36774	14.95713	0.71022	3.98874	6.90216	2.48593	24.53955	30.47453	24.07678	13.81808	24.27575	10.67399	9.91673	17.70915	1.92383	0.86982	0.91529	0.50673	5.41589	11.25897	16.18872	12.37973	0.5778	0.35766	NA	NA	0.90003	0.75319	1.13419	0.15558	NA	NA	0.19921	0.5665	NA	2.95536	2.94652	9.32289	3.37645	3.69532	5.24099	2.85759	18.52501	16.95491	5.2196	3.66328	0.50798	0.05783	0.41095	2.24912	9.78305	14.50195	8.5647	7.52465	0.44118	2.82851	0.77849	2.54279	13.69341	5.47658	NA	NA	NA	NA	NA	NA	NA	NA	NA	NA	NA	NA	NA	NA	NA	NA	NA	NA	NA	NA	NA	NA	NA	NA	NA	NA	NA	NA	NA	NA	NA	NA	NA	NA	NA	NA	NA	NA	NA	NA	NA	NA	NA	NA	NA	NA	NA	NA	NA	NA	NA	NA	NA	NA	NA	NA	NA	NA	NA	NA	NA	NA	NA	NA	NA	NA	NA	NA	NA	NA	NA	NA	NA	NA	NA	NA	NA	NA	NA	NA	NA	NA	NA	NA	NA	NA	NA	NA	NA	NA	NA	NA	NA	NA	NA	NA	NA	NA	NA	NA	NA	NA	NA	NA	NA	NA	NA	NA	NA	NA	NA	NA	NA	NA	NA	NA	NA	NA	NA	NA	NA	NA	NA	NA	NA	NA	NA	NA	NA	NA	NA	NA	NA	NA	NA	NA	NA	NA	NA	NA	NA	NA	NA	NA	NA	NA	NA	NA	NA	NA	NA	NA	NA	NA	NA
GH13_31	55.87182	87.51818	71.09831	72.34823	63.43477	78.10503	54.31105	55.51125	62.14198	54.07047	63.54101	56.84526	64.92942	99.52856	55.04558	53.99016	125.1435	63.75451	53.21445	155.31519	237.27218	94.02587	77.07841	101.31891	63.25534	53.21821	67.96849	111.43446	45.84076	72.04414	50.06074	50.13988	40.20964	52.62533	55.12061	123.03624	143.22876	78.66809	91.60915	107.03766	122.90583	38.8421	76.18327	105.84919	82.0624	119.38154	65.90388	60.58638	30.5127	59.45241	55.28634	45.14861	78.9623	51.04943	52.44407	25.32161	43.00017	28.49982	28.06075	29.38691	54.19004	66.7165	126.46823	98.02604	72.68447	63.21029	76.14254	86.69334	76.58735	70.09855	55.36767	74.59559	41.99592	59.39988	87.35083	31.29189	40.62911	108.76251	77.50116	56.2803	34.16961	40.8474	51.5802	61.98348	58.54426	68.75739	61.7335	63.33986	48.6787	78.38068	58.50377	96.49867	100.07804	77.01048	37.10249	93.16331	33.36579	55.36026	67.89853	42.75807	66.16786	46.85706	60.96814	49.28096	59.4953	40.27833	44.6053	53.41429	51.15988	51.62311	37.70337	47.86528	48.87652	57.89445	47.92252	83.29598	110.51859	54.61288	51.09256	74.86691	59.06808	46.32981	55.61032	36.6183	58.04407	38.04531	34.72153	29.34022	75.79576	43.77749	30.49207	27.22821	38.2584	49.94483	35.62847	35.09937	37.13941	42.71821	40.78156	50.33643	35.49745	62.09584	40.06436	42.50132	47.8922	42.12871	35.71831	55.79904	55.27135	93.26063	36.79698	51.6205	46.48705	34.48609	36.58614	36.07033	49.41866	48.7772	36.06125	39.77315	39.83493	37.51848	28.59868	38.53947	58.02382	52.0975	39.50582	40.55499	35.57495	37.9261	53.13552	39.04374	57.12936	30.44898	44.31673	70.09037	56.59437	42.90948	26.90527	26.96542	28.03374	73.66696	42.64304	57.23361	18.28042	22.67779	16.50178	31.18576	78.62495	67.43874	43.77474	53.7711	39.9709	17.38321	27.05122	22.29284	100.92004	22.33418	41.87448	106.50265	41.30507	51.50599	44.92553	24.86373	97.6547	78.82813	21.09927	15.32092	48.28305	22.75533	26.33171	19.77308	56.41912	50.21858	50.69123	70.18275	55.26044	69.5985	44.42647	54.5153	120.62408	84.33319	NA	NA	NA	NA	NA	NA	NA	NA	NA	NA	NA	NA	NA	NA	NA	NA	NA	NA	NA	NA	NA	NA	NA	NA	NA	NA	NA	NA	NA	NA	NA	NA	NA	NA	NA	NA	NA	NA	NA	NA	NA	NA	NA	NA	NA	NA	NA	NA	NA	NA	NA	NA	NA	NA	NA	NA	NA	NA	NA	NA	NA	NA	NA	NA	NA	NA	NA	NA	NA	NA	NA	NA	NA	NA	NA	NA	NA	NA	NA	NA	NA	NA	NA	NA	NA	NA	NA	NA	NA	NA	NA	NA	NA	NA	NA	NA	NA	NA	NA	NA	NA	NA	NA	NA	NA	NA	NA	NA	NA	NA	NA	NA	NA	NA	NA	NA	NA	NA	NA	NA	NA	NA	NA	NA	NA	NA	NA	NA	NA	NA	NA	NA	NA	NA	NA	NA	NA	NA	NA	NA	NA	NA	NA	NA	NA	NA	NA	NA	NA	NA	NA	NA	NA	NA	NA
GH13_32	2.22682	1.18121	2.24873	3.58561	4.53237	3.34269	2.6883	2.60654	4.39328	3.82785	11.59193	7.12144	16.10108	12.18352	NA	NA	NA	NA	NA	0.18273	NA	1.44558	3.45499	2.941	1.51688	0.13788	0.19048	1.6179	NA	NA	NA	NA	NA	NA	NA	3.99655	9.91805	3.65115	16.77721	8.21848	12.39354	NA	2.82364	1.57289	0.78868	1.11118	0.88481	NA	NA	NA	NA	NA	NA	NA	NA	0.08417	NA	NA	NA	NA	0.44575	2.9685	9.2256	3.35722	4.19302	4.07214	2.0247	6.46384	13.68842	17.50616	6.0449	16.5822	6.47601	11.97915	24.13603	1.96225	0.57354	6.36225	8.18463	9.10292	1.36421	1.46552	NA	NA	NA	NA	NA	NA	NA	NA	NA	NA	NA	NA	NA	NA	NA	NA	NA	NA	NA	NA	NA	0.19411	0.48843	NA	0.19202	0.18567	NA	0.20441	0.45715	0.45659	0.58087	4.46841	2.72953	3.12092	NA	0.04728	0.04787	1.98003	3.59861	0.99864	NA	0.17769	0.20096	1.54294	1.99097	3.60808	1.31294	1.13132	2.50667	3.42288	2.44853	1.12278	4.58525	5.17612	NA	NA	NA	NA	0.45369	1.19906	0.22239	0.50775	NA	0.21988	0.56684	NA	2.62414	3.52071	0.74466	0.38134	NA	NA	NA	NA	NA	NA	NA	NA	2.28586	0.86273	3.37024	8.09826	0.06636	0.86783	2.40229	0.85511	12.83636	12.85914	7.16658	3.9185	10.00517	6.43771	4.89062	6.2635	NA	NA	0.06974	NA	1.59958	4.97259	10.52131	4.96683	NA	0.13666	NA	NA	NA	NA	NA	NA	0.22958	NA	NA	NA	NA	NA	0.48167	0.34704	1.21484	0.81465	2.8945	0.92701	NA	NA	NA	NA	NA	NA	NA	1.56118	3.00273	4.32511	2.67895	1.17609	NA	0.15597	NA	NA	5.87543	2.42497	NA	NA	NA	NA	NA	NA	NA	NA	NA	NA	NA	NA	NA	NA	NA	NA	NA	NA	NA	NA	NA	NA	NA	NA	NA	NA	NA	NA	NA	NA	NA	NA	NA	NA	NA	NA	NA	NA	NA	NA	NA	NA	NA	NA	NA	NA	NA	NA	NA	NA	NA	NA	NA	NA	NA	NA	NA	NA	NA	NA	NA	NA	NA	NA	NA	NA	NA	NA	NA	NA	NA	NA	NA	NA	NA	NA	NA	NA	NA	NA	NA	NA	NA	NA	NA	NA	NA	NA	NA	NA	NA	NA	NA	NA	NA	NA	NA	NA	NA	NA	NA	NA	NA	NA	NA	NA	NA	NA	NA	NA	NA	NA	NA	NA	NA	NA	NA	NA	NA	NA	NA	NA	NA	NA	NA	NA	NA	NA	NA	NA	NA	NA	NA	NA	NA	NA	NA	NA	NA	NA	NA	NA	NA	NA	NA	NA	NA	NA	NA	NA	NA	NA	NA	NA	NA
GH13_33	1.35245	0.66574	1.20003	0.85656	NA	0.52968	0.8818	NA	NA	NA	NA	NA	NA	NA	NA	NA	NA	NA	NA	NA	NA	0.33671	0.15089	0.07784	NA	NA	NA	0.07851	NA	NA	NA	NA	NA	NA	NA	NA	NA	NA	NA	NA	NA	NA	NA	NA	NA	NA	NA	NA	NA	NA	NA	NA	NA	NA	0.36139	0.74453	0.08024	NA	0.32006	NA	0.39594	0.19685	NA	0.07469	NA	NA	0.07431	0.30126	NA	NA	NA	NA	NA	NA	NA	1.49558	0.5282	0.3107	0.48211	0.15104	0.43096	0.45391	NA	NA	NA	NA	NA	NA	NA	NA	NA	NA	NA	NA	NA	NA	0.55565	1.64167	0.08474	0.70277	NA	NA	0.16662	NA	NA	NA	NA	NA	NA	NA	NA	NA	NA	NA	NA	NA	NA	NA	NA	NA	NA	NA	NA	NA	NA	NA	NA	NA	0.68583	0.71957	0.45717	0.24967	NA	NA	NA	NA	0.17427	0.2444	NA	NA	NA	NA	NA	NA	NA	NA	NA	NA	0.0628	NA	0.06504	NA	NA	NA	NA	0.24831	NA	NA	NA	NA	NA	NA	NA	NA	NA	NA	NA	NA	NA	NA	NA	NA	0.57523	0.2473	NA	0.29306	NA	NA	NA	NA	NA	NA	NA	NA	NA	NA	NA	NA	NA	NA	NA	NA	NA	NA	NA	NA	NA	NA	NA	NA	NA	NA	NA	NA	NA	NA	NA	NA	0.49924	0.49657	0.25409	NA	0.41352	0.29898	0.44377	NA	0.47997	0.54243	NA	NA	NA	NA	NA	NA	NA	NA	NA	NA	NA	NA	NA	NA	NA	NA	NA	NA	NA	NA	NA	NA	NA	NA	NA	NA	NA	NA	NA	NA	NA	NA	NA	NA	NA	NA	NA	NA	NA	NA	NA	NA	NA	NA	NA	NA	NA	NA	NA	NA	NA	NA	NA	NA	NA	NA	NA	NA	NA	NA	NA	NA	NA	NA	NA	NA	NA	NA	NA	NA	NA	NA	NA	NA	NA	NA	NA	NA	NA	NA	NA	NA	NA	NA	NA	NA	NA	NA	NA	NA	NA	NA	NA	NA	NA	NA	NA	NA	NA	NA	NA	NA	NA	NA	NA	NA	NA	NA	NA	NA	NA	NA	NA	NA	NA	NA	NA	NA	NA	NA	NA	NA	NA	NA	NA	NA	NA	NA	NA	NA	NA	NA	NA	NA	NA	NA	NA	NA	NA	NA	NA	NA	NA	NA	NA	NA	NA	NA	NA	NA	NA	NA	NA	NA	NA	NA	NA	NA	NA
GH13_36	42.55789	72.02103	34.75021	43.52126	34.92479	43.55629	42.29874	68.08537	69.06538	74.92546	62.8421	55.05016	55.69699	56.76721	0.33989	NA	0.50585	0.14857	0.36802	0.16091	0.92615	61.27026	44.96419	56.34741	49.90174	45.6569	38.43427	79.79324	47.96409	65.23899	45.56724	50.78414	32.72343	53.41936	51.9887	20.4819	39.34291	29.3704	13.6382	21.73586	27.68575	28.56948	41.90509	40.88909	56.52464	33.9373	38.71435	30.47316	17.34592	33.1778	22.67658	32.96949	38.54418	31.9298	37.13189	15.67354	22.41396	24.58169	25.29286	27.02365	37.81524	25.97841	46.38016	67.77328	41.54046	52.86126	45.24653	42.31432	41.00297	30.566	40.09723	35.53567	28.5017	40.55968	72.0509	18.666	30.52003	31.93002	35.16902	18.16139	19.10841	13.49916	47.33539	42.09349	54.64236	56.60441	70.31657	39.59519	45.42004	49.15155	43.39681	69.94709	66.50207	61.09036	18.11459	46.43516	18.15963	30.83635	24.43235	27.96634	30.33634	15.47448	25.94023	25.71213	23.56861	38.07124	17.98774	31.64485	23.81663	28.36902	6.88548	13.79338	33.32379	18.20852	13.58766	34.06153	15.10008	47.93392	42.89722	52.82031	34.58097	26.63486	25.31954	22.44583	40.30961	27.96054	19.09937	12.29598	33.82586	31.67601	28.52778	17.96583	67.8716	41.906	47.92525	37.97667	8.69556	23.71881	10.89551	43.87537	19.51849	18.55666	26.0175	24.77622	15.60451	11.25928	2.74615	9.80978	28.72099	46.91134	16.95133	30.83193	33.29001	58.5995	28.38758	31.91101	28.40749	35.43585	32.16805	30.23565	38.69206	31.45467	10.30679	14.64459	28.02585	32.46031	24.83541	27.0142	22.57885	39.88386	33.79798	33.36952	26.86293	13.105	19.25916	32.93138	59.12888	39.94735	27.80641	30.40475	11.02693	54.30382	6.87533	11.44874	18.33358	53.89387	20.66461	37.28563	63.03602	64.41384	39.91475	60.14874	12.69188	14.09424	14.5257	14.40573	NA	14.98678	19.41082	26.51039	27.55247	35.21059	43.57766	30.37587	52.13664	50.01812	6.17455	3.34947	46.36986	27.15397	22.10345	11.65678	38.85404	30.00962	30.09456	42.16316	31.04312	33.3544	10.70765	8.37674	64.07469	48.16887	NA	NA	NA	NA	NA	NA	NA	NA	NA	NA	NA	NA	NA	NA	NA	NA	NA	NA	NA	NA	NA	NA	NA	NA	NA	NA	NA	NA	NA	NA	NA	NA	NA	NA	NA	NA	NA	NA	NA	NA	NA	NA	NA	NA	NA	NA	NA	NA	NA	NA	NA	NA	NA	NA	NA	NA	NA	NA	NA	NA	NA	NA	NA	NA	NA	NA	NA	NA	NA	NA	NA	NA	NA	NA	NA	NA	NA	NA	NA	NA	NA	NA	NA	NA	NA	NA	NA	NA	NA	NA	NA	NA	NA	NA	NA	NA	NA	NA	NA	NA	NA	NA	NA	NA	NA	NA	NA	NA	NA	NA	NA	NA	NA	NA	NA	NA	NA	NA	NA	NA	NA	NA	NA	NA	NA	NA	NA	NA	NA	NA	NA	NA	NA	NA	NA	NA	NA	NA	NA	NA	NA	NA	NA	NA	NA	NA	NA	NA	NA	NA	NA	NA	NA	NA	NA
GH13_37	NA	NA	NA	NA	NA	NA	NA	20.66824	4.72089	7.28122	39.0572	5.55346	9.9803	11.12866	NA	NA	NA	NA	NA	NA	NA	NA	NA	NA	NA	NA	NA	NA	NA	NA	NA	NA	NA	NA	NA	NA	NA	NA	NA	NA	NA	NA	NA	NA	NA	NA	NA	NA	NA	NA	NA	NA	NA	NA	NA	NA	NA	NA	NA	NA	NA	NA	NA	NA	NA	NA	NA	NA	NA	NA	NA	NA	NA	NA	NA	NA	NA	NA	NA	NA	NA	NA	NA	NA	NA	NA	NA	NA	NA	NA	NA	NA	NA	NA	NA	NA	NA	NA	NA	NA	NA	NA	NA	NA	NA	NA	NA	NA	NA	NA	NA	NA	NA	NA	NA	NA	NA	NA	NA	NA	NA	NA	NA	NA	NA	NA	NA	NA	0.28969	NA	0.08492	0.12173	19.60872	36.36563	7.8482	3.81234	NA	NA	NA	NA	NA	NA	NA	NA	NA	NA	NA	NA	NA	NA	NA	NA	NA	NA	NA	NA	NA	NA	NA	NA	NA	NA	NA	NA	NA	NA	NA	NA	NA	NA	NA	NA	NA	NA	NA	NA	NA	NA	NA	NA	NA	NA	NA	NA	NA	NA	NA	NA	NA	NA	NA	NA	NA	NA	NA	NA	NA	NA	NA	NA	NA	NA	NA	NA	NA	NA	NA	NA	NA	NA	NA	NA	NA	NA	NA	NA	NA	NA	NA	NA	NA	NA	NA	NA	NA	NA	NA	NA	NA	NA	NA	NA	NA	NA	NA	NA	NA	NA	NA	NA	NA	NA	NA	NA	NA	NA	NA	NA	NA	NA	NA	NA	NA	NA	NA	NA	NA	NA	NA	NA	NA	NA	NA	NA	NA	NA	NA	NA	NA	NA	NA	NA	NA	NA	NA	NA	NA	NA	NA	NA	NA	NA	NA	NA	NA	NA	NA	NA	NA	NA	NA	NA	NA	NA	NA	NA	NA	NA	NA	NA	NA	NA	NA	NA	NA	NA	NA	NA	NA	NA	NA	NA	NA	NA	NA	NA	NA	NA	NA	NA	NA	NA	NA	NA	NA	NA	NA	NA	NA	NA	NA	NA	NA	NA	NA	NA	NA	NA	NA	NA	NA	NA	NA	NA	NA	NA	NA	NA	NA	NA	NA	NA	NA	NA	NA	NA	NA	NA	NA	NA	NA	NA	NA	NA	NA	NA	NA	NA	NA	NA	NA	NA	NA	NA	NA	NA	NA
GH13_38	66.57362	45.8882	22.72133	46.24026	54.39721	40.35882	46.15903	60.30866	34.94603	40.50812	45.1064	39.30911	40.44447	20.95403	167.37238	163.59652	86.9867	148.71462	158.4274	59.75698	30.67109	17.54005	68.83189	34.82991	46.78618	42.75107	43.2054	32.44351	63.04659	36.14312	56.095	70.8499	68.07692	74.44119	74.78324	58.14505	33.53185	87.70497	76.04307	62.51738	60.72769	58.5731	33.51161	34.67726	48.48057	32.69793	38.56735	80.95728	130.44864	96.18954	130.73509	104.53534	66.61097	102.49213	101.38192	147.77769	119.36528	129.35049	128.0639	122.50166	98.74525	18.59703	5.3463	41.11916	41.38192	35.73679	36.15292	21.85453	48.80591	62.7515	55.13101	20.27567	36.00037	30.34586	31.35782	94.60572	65.96727	30.7283	31.36366	38.03384	55.13883	79.77272	45.57878	55.597	38.20258	29.59022	18.79223	40.01396	55.55239	46.66577	30.1698	26.17277	17.45678	22.74867	90.00688	22.56995	53.85459	78.78527	98.82877	93.93817	83.44352	101.45329	78.93138	79.09245	82.8574	85.06262	77.12766	77.9994	66.91189	73.87363	113.06311	78.73961	135.5594	86.91155	116.58517	52.0327	35.99051	63.23896	88.76009	59.84585	60.34584	122.34176	73.35442	72.3051	69.01403	68.199	53.92679	55.88955	91.74752	100.37822	46.56705	126.48127	62.59998	48.56728	26.73491	47.40804	94.01141	90.59736	95.64102	72.45559	70.01126	26.07624	48.52124	81.08025	105.21173	138.55797	83.42714	84.65146	58.65994	38.07564	59.20657	31.02092	56.52347	55.18504	54.26545	57.61951	44.90046	35.22026	32.01185	22.88688	44.91959	61.86371	45.10134	58.04002	91.75218	80.13871	73.48816	100.25599	51.70539	33.01486	50.38717	21.36798	42.21504	52.9023	38.67148	46.6689	69.96863	106.77411	81.51744	91.82171	105.5433	62.78508	65.46901	82.55038	115.7757	102.66552	110.93824	49.70078	66.1997	52.10024	80.93045	61.92042	129.72356	164.44098	203.01314	175.42527	166.42615	196.39121	125.24558	49.74166	75.99724	53.61198	60.52541	51.69469	52.84132	59.00932	82.84299	84.48394	66.12436	93.38814	71.81476	137.26647	33.37028	15.82981	26.28663	19.39197	70.22163	47.29067	106.40845	72.68544	16.06576	39.32333	NA	NA	NA	NA	NA	NA	NA	NA	NA	NA	NA	NA	NA	NA	NA	NA	NA	NA	NA	NA	NA	NA	NA	NA	NA	NA	NA	NA	NA	NA	NA	NA	NA	NA	NA	NA	NA	NA	NA	NA	NA	NA	NA	NA	NA	NA	NA	NA	NA	NA	NA	NA	NA	NA	NA	NA	NA	NA	NA	NA	NA	NA	NA	NA	NA	NA	NA	NA	NA	NA	NA	NA	NA	NA	NA	NA	NA	NA	NA	NA	NA	NA	NA	NA	NA	NA	NA	NA	NA	NA	NA	NA	NA	NA	NA	NA	NA	NA	NA	NA	NA	NA	NA	NA	NA	NA	NA	NA	NA	NA	NA	NA	NA	NA	NA	NA	NA	NA	NA	NA	NA	NA	NA	NA	NA	NA	NA	NA	NA	NA	NA	NA	NA	NA	NA	NA	NA	NA	NA	NA	NA	NA	NA	NA	NA	NA	NA	NA	NA	NA	NA	NA	NA	NA	NA
GH13_39	77.46369	81.90956	91.89968	95.01039	66.41981	104.01618	105.52694	91.71395	112.60002	91.30922	94.21111	88.58695	78.04915	99.69398	15.68346	8.54364	15.12645	12.59382	8.01089	25.79054	17.9703	154.11485	62.93965	107.66862	78.0587	81.52064	85.07346	86.37201	100.79499	88.9089	93.34032	87.3739	91.67011	64.69801	82.03413	31.89373	38.08952	32.96084	30.57183	37.4756	47.79383	84.11453	115.86659	89.28453	63.57213	71.77551	82.95975	32.87083	34.0564	39.73194	27.99609	33.96817	45.60242	26.28544	55.24869	44.39783	49.83712	60.82678	53.02415	60.90066	58.16981	61.19943	83.59655	71.95412	71.58353	99.00726	111.99273	110.37325	143.75045	128.36209	132.78645	132.43722	113.37111	131.09442	182.59002	133.76191	125.52161	98.98398	143.2198	139.03661	117.18435	94.60339	88.63301	63.57758	73.54156	60.03179	70.25507	71.36397	77.65313	83.00897	113.90081	91.98602	113.22312	127.72483	82.74245	101.42074	24.00521	56.41089	39.19192	42.73682	45.74304	45.63507	58.83797	63.81412	53.60346	29.0569	49.58466	44.4718	53.41514	52.88629	44.90817	84.44737	57.48562	65.51151	62.93848	100.35029	105.74208	117.07564	94.62775	85.85712	103.75543	68.75516	99.46897	109.55416	62.08368	49.50232	34.38037	44.0889	53.04769	62.30708	83.7081	61.29618	116.15555	65.50749	58.29617	70.24839	60.90976	88.78531	53.79429	84.81356	90.31401	110.06521	78.76737	71.60868	9.09947	7.31481	6.881	10.42511	78.99673	57.83889	67.22459	74.77501	71.04613	60.83544	45.84285	71.00228	87.09528	109.25125	109.79106	119.19701	93.3246	59.56786	85.26458	59.66716	30.92031	36.96374	49.06065	41.64687	115.60822	125.3789	125.69758	124.49822	121.52589	114.38053	100.60342	94.59807	51.469	39.31443	68.63441	59.91083	37.80198	40.24166	41.07343	32.70038	38.39072	44.98409	39.11962	36.30656	37.53324	56.16891	43.64527	46.56228	28.2818	20.61759	26.24862	26.07554	26.07075	42.80749	23.39669	34.01015	56.36809	55.47364	68.67004	63.3822	43.73692	41.47925	5.39966	6.98783	56.96837	55.77803	68.00151	41.51456	90.44741	97.19127	100.30312	118.56921	57.43946	78.5342	24.98101	36.77943	85.72103	67.79048	NA	NA	NA	NA	NA	NA	NA	NA	NA	NA	NA	NA	NA	NA	NA	NA	NA	NA	NA	NA	NA	NA	NA	NA	NA	NA	NA	NA	NA	NA	NA	NA	NA	NA	NA	NA	NA	NA	NA	NA	NA	NA	NA	NA	NA	NA	NA	NA	NA	NA	NA	NA	NA	NA	NA	NA	NA	NA	NA	NA	NA	NA	NA	NA	NA	NA	NA	NA	NA	NA	NA	NA	NA	NA	NA	NA	NA	NA	NA	NA	NA	NA	NA	NA	NA	NA	NA	NA	NA	NA	NA	NA	NA	NA	NA	NA	NA	NA	NA	NA	NA	NA	NA	NA	NA	NA	NA	NA	NA	NA	NA	NA	NA	NA	NA	NA	NA	NA	NA	NA	NA	NA	NA	NA	NA	NA	NA	NA	NA	NA	NA	NA	NA	NA	NA	NA	NA	NA	NA	NA	NA	NA	NA	NA	NA	NA	NA	NA	NA	NA	NA	NA	NA	NA	NA
GH13_4	57.22131	53.49002	66.90371	56.67942	52.31132	84.05514	55.24934	49.20957	77.11362	73.60905	59.18677	73.0959	68.42431	92.49635	48.51544	47.47479	89.68511	47.58883	36.73312	124.69987	112.64591	36.94065	41.59156	59.61307	68.90314	63.54913	59.88686	68.98312	32.63392	58.4233	46.01323	44.20875	37.96711	65.38073	35.90173	124.6751	116.70018	63.4004	50.47954	82.77637	90.4231	36.75697	165.80009	147.43406	107.62632	148.18218	95.11898	30.33209	15.18773	33.0958	28.57287	18.19589	39.23404	28.5601	52.46236	33.66321	41.18289	36.11001	35.20053	48.30828	51.49341	49.1317	104.03258	72.87384	61.99255	73.67632	79.32388	92.93419	44.17244	32.36415	41.27881	57.73159	50.62225	60.10745	52.23118	20.74248	39.99095	89.63293	48.98389	39.41126	29.51669	33.73895	78.62041	78.36003	91.90745	93.45872	143.98342	101.94242	82.98141	66.83626	77.64773	73.13461	77.13424	57.77211	48.12903	117.09564	45.5381	68.48998	63.68373	70.70712	67.32112	55.30353	68.9256	46.32386	48.50469	40.47826	36.09598	43.25961	44.57874	55.2147	55.78921	114.13892	40.93848	67.0439	50.24128	90.66816	94.76286	37.75637	46.83536	59.64287	56.59618	48.11174	60.16807	29.17031	49.891	41.18953	55.18451	66.80225	46.02791	44.95922	52.98471	29.83374	21.06008	54.10609	76.37939	64.33308	31.42784	40.38821	31.7209	63.64023	34.08601	72.30174	49.02751	41.05303	40.68126	31.86842	30.21189	39.95247	30.01106	44.06794	45.64811	40.78217	49.36566	65.56209	76.46408	66.49027	58.74636	66.87595	34.07741	31.78333	58.91155	41.92705	72.95067	31.72934	32.02092	29.11521	30.60014	31.80413	23.27864	23.94058	40.87954	43.52793	39.86084	20.94906	33.32166	53.61055	49.5233	33.70595	45.03299	38.48682	33.37437	53.5606	21.16931	33.16616	16.67353	19.36321	18.20523	20.08317	47.31239	39.03495	24.91328	34.17007	40.03038	14.41718	24.1589	15.20215	10.78562	22.00429	37.60493	86.85248	63.42501	84.32561	92.99744	109.84407	52.0439	38.22755	13.91109	9.95965	50.8975	32.26874	49.77599	20.1371	43.51381	53.13872	23.91688	22.3111	60.40121	40.57351	28.02107	59.45354	137.80505	123.27107	NA	NA	NA	NA	NA	NA	NA	NA	NA	NA	NA	NA	NA	NA	NA	NA	NA	NA	NA	NA	NA	NA	NA	NA	NA	NA	NA	NA	NA	NA	NA	NA	NA	NA	NA	NA	NA	NA	NA	NA	NA	NA	NA	NA	NA	NA	NA	NA	NA	NA	NA	NA	NA	NA	NA	NA	NA	NA	NA	NA	NA	NA	NA	NA	NA	NA	NA	NA	NA	NA	NA	NA	NA	NA	NA	NA	NA	NA	NA	NA	NA	NA	NA	NA	NA	NA	NA	NA	NA	NA	NA	NA	NA	NA	NA	NA	NA	NA	NA	NA	NA	NA	NA	NA	NA	NA	NA	NA	NA	NA	NA	NA	NA	NA	NA	NA	NA	NA	NA	NA	NA	NA	NA	NA	NA	NA	NA	NA	NA	NA	NA	NA	NA	NA	NA	NA	NA	NA	NA	NA	NA	NA	NA	NA	NA	NA	NA	NA	NA	NA	NA	NA	NA	NA	NA
GH13_40	NA	NA	NA	NA	NA	NA	NA	NA	NA	NA	NA	NA	NA	NA	NA	NA	NA	NA	NA	0.13974	NA	NA	NA	NA	NA	NA	NA	NA	NA	NA	NA	NA	NA	NA	NA	NA	NA	NA	NA	NA	NA	NA	NA	NA	NA	NA	NA	NA	NA	0.13235	NA	NA	NA	NA	NA	NA	NA	NA	NA	NA	NA	NA	NA	NA	NA	NA	NA	NA	NA	NA	NA	NA	NA	NA	NA	NA	NA	NA	NA	NA	NA	NA	NA	NA	NA	NA	NA	NA	NA	NA	NA	NA	NA	NA	NA	NA	NA	NA	NA	NA	NA	NA	NA	NA	NA	NA	NA	NA	NA	NA	NA	NA	NA	NA	NA	NA	NA	NA	NA	NA	NA	NA	NA	NA	NA	NA	NA	NA	NA	NA	NA	NA	NA	NA	NA	NA	NA	NA	NA	NA	NA	NA	NA	NA	NA	NA	0.02922	NA	NA	NA	NA	NA	NA	NA	NA	NA	NA	NA	NA	NA	NA	NA	NA	NA	NA	NA	NA	NA	NA	NA	NA	NA	NA	NA	NA	NA	NA	0.05432	NA	NA	NA	NA	NA	0.25149	NA	NA	NA	NA	NA	NA	NA	NA	NA	NA	NA	NA	NA	NA	NA	NA	NA	NA	NA	NA	NA	NA	NA	NA	NA	NA	NA	NA	NA	NA	NA	NA	NA	NA	NA	NA	NA	NA	NA	NA	NA	NA	NA	NA	NA	NA	NA	NA	NA	NA	NA	NA	NA	NA	NA	NA	NA	NA	NA	NA	NA	NA	NA	NA	NA	NA	NA	NA	NA	NA	NA	NA	NA	NA	NA	NA	NA	NA	NA	NA	NA	NA	NA	NA	NA	NA	NA	NA	NA	NA	NA	NA	NA	NA	NA	NA	NA	NA	NA	NA	NA	NA	NA	NA	NA	NA	NA	NA	NA	NA	NA	NA	NA	NA	NA	NA	NA	NA	NA	NA	NA	NA	NA	NA	NA	NA	NA	NA	NA	NA	NA	NA	NA	NA	NA	NA	NA	NA	NA	NA	NA	NA	NA	NA	NA	NA	NA	NA	NA	NA	NA	NA	NA	NA	NA	NA	NA	NA	NA	NA	NA	NA	NA	NA	NA	NA	NA	NA	NA	NA	NA	NA	NA	NA	NA	NA	NA	NA	NA	NA	NA	NA	NA	NA	NA	NA	NA	NA	NA	NA	NA	NA	NA
GH13_41	21.28769	58.08281	21.37355	21.71192	22.1374	12.59813	24.27837	18.8261	12.44116	12.55453	8.55367	9.47657	9.5239	16.00234	NA	NA	NA	NA	NA	NA	NA	12.96783	33.53151	17.31857	22.63225	4.88103	6.30957	43.69607	20.51051	45.31524	16.5318	21.07443	16.82643	36.90392	27.70086	30.46126	53.23563	35.60522	20.426	34.56771	35.9285	17.1908	16.39791	15.39283	18.9981	1.08008	2.81923	34.48333	9.36028	30.13508	20.80582	28.98812	38.5993	24.23002	9.23513	3.41543	15.10366	9.63815	4.41206	3.89639	12.8009	16.36871	15.74248	14.34422	17.94716	8.83939	12.72242	4.20093	6.73828	2.44489	4.84226	6.15317	5.10888	2.7949	8.24912	5.16752	10.64782	4.61039	11.2613	0.90019	1.50793	1.88432	5.31602	10.05937	5.20254	7.26976	13.56226	5.20186	12.08854	20.90223	5.92512	16.94392	10.7832	6.02456	0.27843	5.20347	13.08716	12.07501	9.1263	9.10871	15.63293	2.4748	12.86264	3.97751	3.38525	6.29933	2.59466	5.51809	1.76712	5.55876	NA	NA	14.04182	0.16219	0.17498	NA	NA	24.67679	15.21582	26.69961	16.75354	11.91264	6.85318	8.02663	16.12182	5.96618	9.97454	5.81767	26.54659	26.12095	3.77853	2.04991	3.52893	11.36034	7.78607	5.98531	0.04177	0.09554	0.06377	NA	8.32842	3.46839	22.01428	10.0381	7.05017	2.28201	0.32646	1.90397	22.39857	41.5482	2.0348	11.0035	3.33737	12.53386	13.24849	4.7019	1.23814	0.62776	NA	NA	10.72531	10.00325	1.36894	4.28605	12.38153	20.17646	4.92447	12.81711	2.93817	4.22697	7.29653	8.92738	1.98323	0.57722	4.84192	9.71078	37.54936	22.84416	9.53655	13.27311	7.8461	60.59104	10.35164	15.4062	8.22116	15.9724	3.59904	26.73233	42.49115	36.42204	20.97423	32.12003	12.15293	12.93159	8.39692	11.66885	28.71306	4.36839	6.66554	8.97898	7.34026	7.96658	6.18282	4.94639	53.00644	58.9058	5.74344	5.42019	6.6659	12.05662	1.39417	1.9344	10.33349	8.79376	3.70747	0.61751	19.29865	7.17332	13.30678	10.77007	0.52347	4.24214	NA	NA	NA	NA	NA	NA	NA	NA	NA	NA	NA	NA	NA	NA	NA	NA	NA	NA	NA	NA	NA	NA	NA	NA	NA	NA	NA	NA	NA	NA	NA	NA	NA	NA	NA	NA	NA	NA	NA	NA	NA	NA	NA	NA	NA	NA	NA	NA	NA	NA	NA	NA	NA	NA	NA	NA	NA	NA	NA	NA	NA	NA	NA	NA	NA	NA	NA	NA	NA	NA	NA	NA	NA	NA	NA	NA	NA	NA	NA	NA	NA	NA	NA	NA	NA	NA	NA	NA	NA	NA	NA	NA	NA	NA	NA	NA	NA	NA	NA	NA	NA	NA	NA	NA	NA	NA	NA	NA	NA	NA	NA	NA	NA	NA	NA	NA	NA	NA	NA	NA	NA	NA	NA	NA	NA	NA	NA	NA	NA	NA	NA	NA	NA	NA	NA	NA	NA	NA	NA	NA	NA	NA	NA	NA	NA	NA	NA	NA	NA	NA	NA	NA	NA	NA	NA
GH13_42	112.76301	84.76333	35.43259	63.78014	130.22352	73.41942	63.73753	125.10139	164.57429	100.56487	103.84606	49.41633	50.72194	70.4595	NA	NA	0.20273	NA	NA	0.06797	0.14336	133.7164	49.68732	98.05708	27.69754	28.81063	31.2259	77.9391	16.55068	33.08322	18.39422	19.58321	18.51956	33.93645	16.19	NA	0.10442	NA	NA	NA	NA	27.68731	57.3529	56.01261	47.23455	27.86872	28.47652	16.48934	26.86081	36.23385	26.36119	24.62139	24.35345	29.74608	192.25264	293.70838	259.78393	288.37944	278.8484	284.66782	202.43993	35.58535	95.01953	54.33978	27.10064	18.30825	32.52212	23.1938	117.58906	94.4114	89.58049	93.17688	70.82971	77.68228	212.18605	36.7532	34.02674	45.45756	32.35325	47.88684	33.61443	24.6198	40.23339	36.17068	24.27729	25.12077	14.18587	25.8026	25.1515	59.53729	115.32897	35.26979	43.61969	95.79249	34.73594	99.40281	23.95042	30.51903	21.53721	16.69724	21.37671	19.32074	31.29406	26.83435	19.43171	9.08527	11.92562	7.80754	11.35659	14.37724	11.15179	31.37448	173.41984	34.71374	40.15129	33.75793	23.31827	64.08088	77.16776	75.61737	99.97823	228.04181	63.08603	43.55987	27.1427	15.59615	5.78603	3.56064	148.25815	220.86125	92.63633	319.04561	181.82796	76.75707	18.08739	22.88463	16.50054	52.64903	27.66243	94.39664	57.84583	37.76191	40.99271	103.97466	0.28958	0.4142	0.19357	0.24091	51.33791	42.87529	25.62145	24.89643	36.99716	28.15298	11.35573	43.71027	56.46404	84.45475	25.20522	70.88459	73.88235	20.70754	13.59514	5.34155	18.88221	28.82934	13.46167	12.33283	57.71403	86.94336	72.28721	70.25702	70.29561	20.02243	19.76319	49.48856	53.79958	26.32121	7.58434	7.8095	14.23279	46.30572	0.07078	0.67941	7.58491	4.32984	1.99246	61.21457	28.32686	37.02896	22.76069	34.50428	251.82864	371.14445	468.86902	516.56989	134.75873	16.30323	0.6271	0.8535	13.4273	20.46687	9.14925	11.34903	31.79839	41.69162	3.73094	4.44444	142.52339	150.93797	169.53598	387.70087	64.30521	64.7169	35.88305	5.57354	32.45669	49.54451	5.29096	3.67127	53.3781	21.042	NA	NA	NA	NA	NA	NA	NA	NA	NA	NA	NA	NA	NA	NA	NA	NA	NA	NA	NA	NA	NA	NA	NA	NA	NA	NA	NA	NA	NA	NA	NA	NA	NA	NA	NA	NA	NA	NA	NA	NA	NA	NA	NA	NA	NA	NA	NA	NA	NA	NA	NA	NA	NA	NA	NA	NA	NA	NA	NA	NA	NA	NA	NA	NA	NA	NA	NA	NA	NA	NA	NA	NA	NA	NA	NA	NA	NA	NA	NA	NA	NA	NA	NA	NA	NA	NA	NA	NA	NA	NA	NA	NA	NA	NA	NA	NA	NA	NA	NA	NA	NA	NA	NA	NA	NA	NA	NA	NA	NA	NA	NA	NA	NA	NA	NA	NA	NA	NA	NA	NA	NA	NA	NA	NA	NA	NA	NA	NA	NA	NA	NA	NA	NA	NA	NA	NA	NA	NA	NA	NA	NA	NA	NA	NA	NA	NA	NA	NA	NA	NA	NA	NA	NA	NA	NA
GH13_5	36.16712	36.08405	57.39847	40.36702	22.51972	42.42258	39.59342	20.01322	33.87536	38.26123	24.01945	33.20847	19.02237	16.02328	23.41545	23.26663	15.69597	23.60575	36.52388	12.83308	40.88754	16.58056	21.41172	25.51654	13.47985	11.2198	16.31981	11.49029	17.84134	11.20391	15.54255	13.41965	29.29139	8.25998	13.24996	6.71176	8.19611	7.43566	2.97925	5.27041	5.80185	28.83844	17.62093	15.30393	27.84193	23.55498	25.2742	5.77027	7.4368	8.86296	4.99754	6.20349	3.82556	10.89284	47.009	23.65251	54.0819	34.88461	37.58953	35.7387	49.10748	30.37723	45.79982	25.96477	13.25683	41.78129	47.97443	41.95985	15.89906	25.17792	13.91036	14.64775	20.11169	20.59387	12.33337	104.81017	50.25826	162.04149	41.54825	40.0957	48.44672	60.94615	41.55405	24.07796	25.80211	32.87759	50.26334	33.28657	28.98793	22.68845	33.7473	28.66666	24.16006	50.84173	29.31093	12.50489	38.01692	39.95018	31.24958	32.30861	23.15875	21.89947	43.23105	33.23554	40.08203	24.31409	26.67361	40.1719	43.31868	33.41556	48.23317	37.53692	17.06865	54.21065	48.58831	28.60738	27.93278	19.42163	18.0779	20.15682	30.34468	15.22322	32.94172	58.15396	27.50995	30.09071	19.39947	14.69155	14.08014	11.81535	26.40866	15.44348	30.17278	20.76508	41.71317	52.26525	53.76411	33.71389	19.14366	12.60467	24.69548	19.83469	26.48217	24.56288	16.12307	14.15971	11.86899	11.67413	18.19845	13.49522	3.26559	8.78905	39.35043	36.86332	16.44943	30.40346	18.9329	24.25355	21.84316	18.89505	21.61914	12.74239	21.87377	11.60526	9.9286	7.60182	9.78866	22.57803	23.00628	21.89128	11.35889	21.80255	31.33436	57.17122	41.02819	49.01997	9.98669	6.9837	12.43911	12.15971	11.80942	9.47546	5.24473	8.32254	42.76302	54.67551	51.55384	23.54991	34.19146	43.56874	32.02608	31.23156	2.55902	2.68632	6.93727	2.66103	25.29484	6.16604	12.36869	47.23002	17.90941	28.14079	35.98468	39.47458	4.4481	2.65923	3.94122	3.18634	44.24517	30.98158	33.06193	20.2508	45.55348	38.45749	59.63016	28.97258	34.88491	48.55726	37.04261	24.9702	26.20764	30.56216	NA	NA	NA	NA	NA	NA	NA	NA	NA	NA	NA	NA	NA	NA	NA	NA	NA	NA	NA	NA	NA	NA	NA	NA	NA	NA	NA	NA	NA	NA	NA	NA	NA	NA	NA	NA	NA	NA	NA	NA	NA	NA	NA	NA	NA	NA	NA	NA	NA	NA	NA	NA	NA	NA	NA	NA	NA	NA	NA	NA	NA	NA	NA	NA	NA	NA	NA	NA	NA	NA	NA	NA	NA	NA	NA	NA	NA	NA	NA	NA	NA	NA	NA	NA	NA	NA	NA	NA	NA	NA	NA	NA	NA	NA	NA	NA	NA	NA	NA	NA	NA	NA	NA	NA	NA	NA	NA	NA	NA	NA	NA	NA	NA	NA	NA	NA	NA	NA	NA	NA	NA	NA	NA	NA	NA	NA	NA	NA	NA	NA	NA	NA	NA	NA	NA	NA	NA	NA	NA	NA	NA	NA	NA	NA	NA	NA	NA	NA	NA	NA	NA	NA	NA	NA	NA
GH13_6	34.7602	24.21895	1.34684	20.30613	44.75422	24.05394	15.09966	6.44631	0.2665	0.69259	0.82317	0.20635	0.09239	3.91424	NA	NA	NA	NA	NA	NA	NA	NA	NA	NA	NA	NA	NA	NA	5.36903	2.57578	2.99371	12.62407	2.05514	20.11908	7.07166	NA	0.08824	0.1676	NA	NA	NA	1.04705	NA	NA	0.18451	NA	NA	9.58597	5.00537	14.86101	8.12121	9.48916	10.87556	7.98093	84.9046	110.04213	109.57391	103.89676	112.21238	103.10225	70.95139	1.74628	0.96173	12.63314	10.68151	8.03434	8.12639	6.722	5.361	2.80298	10.62952	2.90761	2.85028	3.4169	4.7652	NA	NA	NA	NA	NA	NA	0.17896	NA	NA	NA	NA	NA	NA	NA	NA	NA	NA	NA	NA	NA	NA	NA	NA	NA	NA	NA	NA	NA	NA	NA	NA	NA	NA	NA	NA	NA	NA	99.74916	0.09023	NA	NA	NA	39.06749	43.2383	45.25592	39.08991	107.58757	37.4061	2.45538	0.12926	0.11618	0.12698	NA	54.7498	69.90009	27.79114	104.38586	0.14308	13.41037	5.03384	1.01311	8.09305	11.86632	0.13364	5.08504	25.11903	11.04845	28.48625	54.70514	NA	NA	NA	0.06765	NA	NA	NA	NA	NA	NA	NA	0.20979	NA	NA	NA	NA	15.23085	20.86175	20.72465	13.47664	NA	0.06771	0.12499	0.06425	4.07167	5.61536	26.03013	6.25565	NA	NA	NA	NA	16.33916	22.22451	14.21752	24.66568	NA	0.06919	NA	0.22297	NA	0.13475	NA	28.15932	0.20144	0.28605	1.32765	0.59985	75.53399	132.87149	147.7705	182.2566	50.16033	137.18201	85.25191	30.08509	NA	0.13974	0.14017	NA	14.11163	7.35663	3.84557	3.56308	50.33255	67.38532	55.03648	140.83237	8.73401	1.25684	6.82357	0.99493	NA	NA	NA	0.11997	NA	NA	NA	NA	NA	NA	NA	NA	NA	NA	NA	NA	NA	NA	NA	NA	NA	NA	NA	NA	NA	NA	NA	NA	NA	NA	NA	NA	NA	NA	NA	NA	NA	NA	NA	NA	NA	NA	NA	NA	NA	NA	NA	NA	NA	NA	NA	NA	NA	NA	NA	NA	NA	NA	NA	NA	NA	NA	NA	NA	NA	NA	NA	NA	NA	NA	NA	NA	NA	NA	NA	NA	NA	NA	NA	NA	NA	NA	NA	NA	NA	NA	NA	NA	NA	NA	NA	NA	NA	NA	NA	NA	NA	NA	NA	NA	NA	NA	NA	NA	NA	NA	NA	NA	NA	NA	NA	NA	NA	NA	NA	NA	NA	NA	NA	NA	NA	NA	NA	NA	NA	NA	NA	NA	NA	NA	NA	NA	NA	NA	NA	NA	NA	NA	NA	NA	NA	NA	NA	NA	NA	NA	NA	NA	NA	NA	NA	NA	NA	NA	NA	NA	NA	NA	NA	NA	NA
GH13_8	74.391	54.70102	38.27515	56.88008	52.1983	36.71351	59.30081	57.74068	39.34285	46.24878	63.15585	51.47407	48.66369	22.30975	143.76265	139.41328	82.06816	128.93	132.97769	53.56803	33.57269	22.94203	72.40489	50.12071	48.12314	45.86251	47.42411	28.76937	71.41668	46.85315	63.80711	71.09667	78.01796	82.40055	76.43278	51.47611	31.45483	84.49402	75.84255	53.10112	49.56145	86.12177	39.26411	39.07052	61.95651	36.45007	52.93665	73.43748	133.02965	74.31908	106.43205	90.62557	58.28092	103.6808	91.90636	138.90421	101.6474	114.87812	109.79699	123.27802	98.12537	34.37381	7.47578	40.15342	53.44076	41.15527	40.21737	32.42431	58.96366	80.51939	81.10359	25.07211	52.95222	34.99199	39.77103	110.1462	80.55187	35.85566	37.24032	55.97972	74.51785	96.09885	61.21217	68.14892	44.7089	34.00327	19.51691	52.81549	66.17025	53.27068	49.21319	44.49421	33.70453	36.69788	91.44121	34.18382	38.33587	50.16151	58.06706	47.48401	37.23629	42.61357	56.22503	102.07788	82.47651	87.58692	73.39247	76.02636	70.25427	93.54283	98.77381	78.35502	90.10303	89.51958	111.89054	48.17089	40.42235	67.7103	76.13782	56.78101	50.83716	92.765	68.52072	102.7919	74.3052	81.95408	55.30816	54.0738	82.96723	85.31509	44.92273	106.09195	77.85046	57.02136	32.45154	46.01075	93.96456	84.48673	94.1521	63.75308	67.1322	27.32059	50.80061	82.99507	99.20067	117.31868	82.31156	69.86153	64.7574	46.78838	54.42937	33.80839	76.454	57.73316	53.42146	62.78441	54.78539	43.79938	48.17602	43.20509	57.91596	71.17338	50.2638	61.15531	85.6668	77.14794	64.03746	98.45438	72.68917	50.68748	50.24977	29.91928	51.72341	70.39947	42.26913	54.97257	62.20079	94.20833	75.32485	84.96977	88.34976	54.22341	55.33499	62.26382	99.79163	77.44674	89.46727	109.89958	56.94075	51.78944	52.52076	54.55666	108.45915	144.89695	174.0379	150.3908	91.88875	169.41245	111.98005	47.42199	83.78296	62.70397	50.18815	52.38916	49.78558	57.43552	65.16497	69.72895	63.66441	108.28381	80.04033	140.60549	38.89367	29.63626	31.88383	23.08382	46.17618	65.8996	74.41507	50.40543	23.02847	46.09923	NA	NA	NA	NA	NA	NA	NA	NA	NA	NA	NA	NA	NA	NA	NA	NA	NA	NA	NA	NA	NA	NA	NA	NA	NA	NA	NA	NA	NA	NA	NA	NA	NA	NA	NA	NA	NA	NA	NA	NA	NA	NA	NA	NA	NA	NA	NA	NA	NA	NA	NA	NA	NA	NA	NA	NA	NA	NA	NA	NA	NA	NA	NA	NA	NA	NA	NA	NA	NA	NA	NA	NA	NA	NA	NA	NA	NA	NA	NA	NA	NA	NA	NA	NA	NA	NA	NA	NA	NA	NA	NA	NA	NA	NA	NA	NA	NA	NA	NA	NA	NA	NA	NA	NA	NA	NA	NA	NA	NA	NA	NA	NA	NA	NA	NA	NA	NA	NA	NA	NA	NA	NA	NA	NA	NA	NA	NA	NA	NA	NA	NA	NA	NA	NA	NA	NA	NA	NA	NA	NA	NA	NA	NA	NA	NA	NA	NA	NA	NA	NA	NA	NA	NA	NA	NA
GH13_9	387.48374	409.81556	434.00749	390.73367	314.07088	440.35376	424.60904	411.49192	493.67846	458.20097	428.81003	454.93229	451.79518	458.19408	146.67807	116.40632	225.1059	134.05464	101.08297	292.1915	330.62251	447.88699	304.6965	394.05457	401.40139	413.89132	412.89541	421.34527	250.84526	322.04892	300.73601	292.15627	271.07614	320.28963	255.49515	354.49477	422.06612	281.28368	275.2994	353.62853	375.29026	242.37697	483.38132	441.84726	377.55203	449.21075	374.04496	310.57527	165.00294	348.83792	212.36373	213.73474	354.8152	219.68272	298.93149	192.04558	266.74113	263.8272	266.82067	331.84869	302.22501	254.96731	473.86122	405.91096	414.45198	466.89434	422.17621	500.27042	375.02598	353.95235	376.81303	445.1921	400.53721	386.09379	461.42616	229.54667	300.19814	356.70812	330.49977	339.53721	280.99084	213.98633	345.23701	320.78305	391.2721	437.19318	514.94458	406.98847	354.62306	368.05968	384.38908	411.5603	456.89173	457.06372	258.17791	503.65802	152.66682	276.91976	263.30452	271.52188	281.3128	258.25783	287.12889	280.93795	276.65187	300.00109	292.29551	278.25185	301.73762	272.528	246.60399	361.31289	257.82049	288.15151	229.49277	389.68926	377.89175	310.44221	290.06327	361.65774	390.5046	291.14137	310.16102	296.63528	267.73766	262.02593	356.0789	378.30861	303.33914	268.45898	392.32005	260.77424	342.93187	360.25506	418.22588	387.82387	214.23351	275.95978	205.06015	338.46254	292.54333	385.02538	332.10084	277.17479	148.44905	104.95847	120.10736	201.00403	257.36484	331.38454	333.7165	382.98115	262.23906	272.50956	322.16155	290.9515	341.9373	380.34623	322.83319	360.72804	353.57108	277.96979	400.3379	294.02138	169.79175	182.21784	242.19729	185.18019	261.57545	324.12549	341.28835	402.76469	300.28891	254.27679	291.69782	314.86664	285.20876	221.25743	260.58753	223.6144	217.94892	316.57526	309.02523	280.76856	135.78539	186.82286	179.48289	162.56739	298.66921	304.24761	216.09069	262.6077	174.89935	93.68844	126.39523	90.52114	284.46586	144.69788	246.27096	428.94514	252.50044	298.21286	350.66327	372.42186	371.05737	303.91247	293.0821	245.9169	320.55948	240.41761	331.66897	163.33091	333.49085	323.60332	354.88159	298.38691	262.45509	257.54026	211.70647	322.10994	474.89329	435.93503	NA	NA	NA	NA	NA	NA	NA	NA	NA	NA	NA	NA	NA	NA	NA	NA	NA	NA	NA	NA	NA	NA	NA	NA	NA	NA	NA	NA	NA	NA	NA	NA	NA	NA	NA	NA	NA	NA	NA	NA	NA	NA	NA	NA	NA	NA	NA	NA	NA	NA	NA	NA	NA	NA	NA	NA	NA	NA	NA	NA	NA	NA	NA	NA	NA	NA	NA	NA	NA	NA	NA	NA	NA	NA	NA	NA	NA	NA	NA	NA	NA	NA	NA	NA	NA	NA	NA	NA	NA	NA	NA	NA	NA	NA	NA	NA	NA	NA	NA	NA	NA	NA	NA	NA	NA	NA	NA	NA	NA	NA	NA	NA	NA	NA	NA	NA	NA	NA	NA	NA	NA	NA	NA	NA	NA	NA	NA	NA	NA	NA	NA	NA	NA	NA	NA	NA	NA	NA	NA	NA	NA	NA	NA	NA	NA	NA	NA	NA	NA	NA	NA	NA	NA	NA	NA
GH14	0.21569	0.23758	NA	NA	1.45043	0.21917	NA	NA	NA	NA	NA	NA	NA	NA	27.55465	27.06194	24.92707	30.47322	44.36927	18.06679	6.55846	0.859	3.6096	1.38175	4.78755	8.58547	6.14304	4.17838	NA	NA	NA	NA	NA	NA	NA	NA	NA	NA	NA	NA	NA	NA	0.78078	1.04385	2.01686	1.13842	NA	8.54273	13.4078	4.37803	2.38375	10.53822	2.01059	10.35375	1.77672	6.24034	4.92134	3.21727	2.35719	3.03643	4.34295	NA	NA	1.14804	1.48087	0.75793	0.94761	0.38237	0.75706	NA	2.69562	0.36964	1.62464	0.76418	1.85587	NA	NA	NA	NA	NA	NA	NA	1.53572	1.89315	NA	0.78477	0.97048	1.98903	3.13149	NA	NA	NA	NA	NA	NA	NA	NA	NA	NA	NA	NA	NA	NA	NA	NA	NA	NA	NA	NA	NA	13.94704	12.76616	7.01087	15.65894	12.17997	0.78079	2.6772	4.85194	6.16491	5.1426	3.25432	10.27536	4.68435	3.20324	NA	NA	NA	NA	1.23344	0.54538	0.33897	2.26764	NA	NA	NA	NA	0.44355	2.64886	3.26277	5.17183	10.07377	6.63645	7.82697	20.26002	18.72901	12.69293	11.19573	15.20589	1.73823	2.33248	0.98732	1.54371	1.6522	2.26965	1.20984	1.71284	NA	NA	NA	NA	0.14399	NA	0.48426	NA	5.2413	1.17632	3.14919	3.05691	0.8799	0.6563	0.47963	0.32887	NA	NA	1.71926	1.65535	NA	NA	NA	NA	NA	NA	NA	NA	9.86921	10.30926	11.72864	32.6974	NA	NA	NA	NA	17.3354	29.21482	41.26004	40.45947	13.36331	0.29132	0.10722	0.45865	1.63928	0.97114	NA	0.29178	NA	2.91719	2.34293	3.23543	1.7042	8.48837	5.93439	16.78419	1.05501	0.61195	0.3458	0.15432	NA	NA	NA	NA	1.40619	0.38988	NA	NA	NA	NA	NA	NA	NA	NA	NA	NA	NA	NA	NA	NA	NA	NA	NA	NA	NA	NA	NA	NA	NA	NA	NA	NA	NA	NA	NA	NA	NA	NA	NA	NA	NA	NA	NA	NA	NA	NA	NA	NA	NA	NA	NA	NA	NA	NA	NA	NA	NA	NA	NA	NA	NA	NA	NA	NA	NA	NA	NA	NA	NA	NA	NA	NA	NA	NA	NA	NA	NA	NA	NA	NA	NA	NA	NA	NA	NA	NA	NA	NA	NA	NA	NA	NA	NA	NA	NA	NA	NA	NA	NA	NA	NA	NA	NA	NA	NA	NA	NA	NA	NA	NA	NA	NA	NA	NA	NA	NA	NA	NA	NA	NA	NA	NA	NA	NA	NA	NA	NA	NA	NA	NA	NA	NA	NA	NA	NA	NA	NA	NA	NA	NA	NA	NA	NA	NA	NA	NA	NA	NA	NA	NA	NA	NA	NA	NA	NA	NA	NA	NA	NA	NA	NA
GH140	90.11528	83.77606	75.92584	91.43634	94.35113	72.81908	82.43435	133.30657	100.12209	105.96526	160.23376	141.36631	158.08043	94.61492	249.67907	378.49751	321.1297	359.80825	485.66788	233.40855	131.49989	53.77492	135.17293	71.14036	116.62151	144.20593	160.09248	75.98517	101.64829	84.56242	119.03937	131.23455	120.95795	102.03808	117.54102	180.25862	110.34141	306.6997	260.5212	199.61055	188.46837	125.15451	58.45157	83.37794	139.27154	70.87328	105.0758	257.48538	216.7319	226.31292	354.93333	338.16034	227.65092	203.12953	77.00486	92.0686	43.45123	51.87316	53.08159	56.72091	73.90828	77.34895	72.92175	114.50477	113.20808	100.08674	89.37661	67.05362	78.50245	85.20118	98.31624	84.47917	109.0379	102.56746	57.54431	74.66728	93.13386	33.28341	59.79867	93.98677	117.19873	138.29544	120.24671	127.15471	91.52532	79.61741	62.30375	89.05257	123.80866	112.2501	75.77087	108.17724	83.28959	62.31641	238.96603	72.85922	111.3536	142.87059	196.18746	185.95116	168.9435	168.92886	153.73887	98.86891	164.64658	199.94714	171.79117	224.38837	163.92308	127.75776	252.17873	191.78337	177.44964	121.23747	131.71572	111.19336	131.58714	105.17619	130.96176	103.0325	95.14098	164.25419	123.58505	57.31423	100.88234	130.42107	109.83894	104.00989	129.96491	131.19684	72.90386	176.82904	121.60829	115.1451	102.53861	123.58468	114.76547	107.6726	188.49361	120.90924	109.3088	55.15171	74.31325	126.50792	278.40167	288.97247	153.83051	251.77752	109.83622	81.98784	141.49588	83.82365	100.12041	94.55732	140.82637	124.39048	106.7642	84.07499	102.60131	83.82096	58.34035	105.46564	30.43805	72.35863	294.5131	311.21853	164.74144	239.3163	75.17614	54.04092	55.56371	25.10791	59.7982	92.60914	71.25735	65.04453	96.69276	142.4348	146.99706	134.64483	281.69646	155.38513	234.46351	282.48086	201.64808	139.56419	228.29735	78.71805	124.10435	80.13518	106.41923	127.21165	58.9074	55.3826	10.18506	5.47731	109.72971	256.23752	172.79019	73.32864	156.48116	104.88611	93.51604	110.62774	150.28356	140.79998	237.60047	291.78956	56.74982	96.9927	63.61053	96.98975	76.91099	74.93986	70.01885	74.97243	117.72179	77.38014	284.02062	217.57083	88.45875	103.11525	NA	NA	NA	NA	NA	NA	NA	NA	NA	NA	NA	NA	NA	NA	NA	NA	NA	NA	NA	NA	NA	NA	NA	NA	NA	NA	NA	NA	NA	NA	NA	NA	NA	NA	NA	NA	NA	NA	NA	NA	NA	NA	NA	NA	NA	NA	NA	NA	NA	NA	NA	NA	NA	NA	NA	NA	NA	NA	NA	NA	NA	NA	NA	NA	NA	NA	NA	NA	NA	NA	NA	NA	NA	NA	NA	NA	NA	NA	NA	NA	NA	NA	NA	NA	NA	NA	NA	NA	NA	NA	NA	NA	NA	NA	NA	NA	NA	NA	NA	NA	NA	NA	NA	NA	NA	NA	NA	NA	NA	NA	NA	NA	NA	NA	NA	NA	NA	NA	NA	NA	NA	NA	NA	NA	NA	NA	NA	NA	NA	NA	NA	NA	NA	NA	NA	NA	NA	NA	NA	NA	NA	NA	NA	NA	NA	NA	NA	NA	NA	NA	NA	NA	NA	NA	NA
GH141	46.09258	32.30722	15.67578	30.94216	43.98155	30.66702	25.54569	30.64526	21.22721	27.44777	22.83845	24.86501	34.7997	10.16437	108.07162	147.41961	111.42066	144.55	189.32507	67.37247	29.46653	16.66297	46.61087	17.59257	33.74461	42.99537	47.54146	33.50592	27.44335	15.31337	33.46103	36.00476	25.08776	31.51158	29.1535	53.98338	25.32825	95.8654	77.49246	58.57001	54.80307	33.36963	11.95057	13.18749	39.36866	13.53974	21.12347	88.45543	85.69431	86.31282	109.56612	109.81555	74.96775	66.88431	65.21989	105.73395	91.32416	105.54921	96.46063	99.84518	71.43238	10.88585	4.58114	19.96516	18.35612	9.07931	12.51547	2.96646	19.50529	22.61109	27.82657	18.0964	30.79611	28.76288	15.68576	23.99918	37.77084	2.74147	8.29354	22.5183	45.6043	40.35021	28.36686	37.64664	26.75391	19.0804	17.07531	22.22227	36.98902	39.11785	16.3655	28.1659	19.41601	10.26771	77.47577	29.10057	37.88207	54.96796	73.9858	81.38475	78.96664	88.84533	54.93389	18.85973	42.41921	56.24095	41.08522	60.23006	45.49699	26.47943	82.69807	64.85991	94.11702	31.65397	36.28591	24.30431	17.70245	43.68	62.19693	52.62671	43.29998	106.77091	49.34822	20.72022	30.75014	36.29047	28.58082	24.36026	60.36561	66.58129	31.83198	92.97047	23.6701	24.05297	19.42259	26.13351	26.57956	26.00265	51.33002	26.40538	43.83612	17.31509	35.27376	60.86655	106.01893	115.1552	69.89086	92.40449	25.51744	21.53264	37.66084	15.97531	27.31352	25.92717	48.84448	34.4157	42.05843	26.41403	24.5618	15.7297	13.71003	33.32265	6.95851	17.07596	93.47854	105.60155	42.93421	73.56404	23.42331	15.09038	22.23954	6.4926	6.90242	17.47411	22.08629	13.78724	29.2979	44.36703	42.81223	38.64485	80.1503	45.73444	60.60474	86.96923	83.95917	56.35395	97.23697	57.31994	39.69203	18.55656	23.92733	30.30616	106.10902	127.83348	162.34	154.80433	115.33822	145.59816	93.75243	34.46076	48.96662	29.9914	9.57259	21.62177	44.98176	46.12592	85.37879	92.35516	46.12718	60.13463	51.01995	109.67939	11.28904	9.22741	6.6035	3.58735	51.08834	25.83772	99.25865	71.58415	20.78113	23.43249	NA	NA	NA	NA	NA	NA	NA	NA	NA	NA	NA	NA	NA	NA	NA	NA	NA	NA	NA	NA	NA	NA	NA	NA	NA	NA	NA	NA	NA	NA	NA	NA	NA	NA	NA	NA	NA	NA	NA	NA	NA	NA	NA	NA	NA	NA	NA	NA	NA	NA	NA	NA	NA	NA	NA	NA	NA	NA	NA	NA	NA	NA	NA	NA	NA	NA	NA	NA	NA	NA	NA	NA	NA	NA	NA	NA	NA	NA	NA	NA	NA	NA	NA	NA	NA	NA	NA	NA	NA	NA	NA	NA	NA	NA	NA	NA	NA	NA	NA	NA	NA	NA	NA	NA	NA	NA	NA	NA	NA	NA	NA	NA	NA	NA	NA	NA	NA	NA	NA	NA	NA	NA	NA	NA	NA	NA	NA	NA	NA	NA	NA	NA	NA	NA	NA	NA	NA	NA	NA	NA	NA	NA	NA	NA	NA	NA	NA	NA	NA	NA	NA	NA	NA	NA	NA
GH142	40.06225	34.53617	12.63327	27.94304	43.21003	27.4386	26.14819	28.35724	18.28268	26.78247	31.09668	28.65274	26.7697	7.69173	87.42728	100.86332	83.29447	110.37308	133.30526	51.363	18.89827	6.66703	32.07992	12.60034	32.16127	42.92895	38.41998	14.88473	26.90051	14.94508	22.49751	25.79322	21.30911	28.03716	30.99508	42.68457	21.20123	83.52303	66.10786	47.4218	44.6479	24.18105	11.98131	9.7379	29.81326	5.1236	17.88016	63.95752	60.29103	53.58101	80.12435	83.31052	50.50283	52.0104	17.62626	17.87154	5.41507	7.40298	11.19037	8.53668	14.55068	11.09411	2.03437	15.98097	12.68951	5.67004	10.65682	2.93672	12.0757	15.86179	25.65332	11.36833	22.29942	15.43416	13.90827	19.97233	20.74106	2.46836	7.51527	16.49278	39.24191	31.63655	32.34931	43.52649	40.23773	25.42415	15.07417	22.31928	34.44289	34.18143	21.85939	23.74473	11.69141	7.69009	90.33607	19.64445	46.3985	55.45466	91.39023	83.11339	83.05961	89.38186	56.38227	26.45385	30.46164	53.28606	40.68644	60.44077	49.58235	31.34434	73.77918	46.64861	108.21484	30.99469	35.05197	19.73082	14.46479	42.32731	57.72278	61.07798	47.14513	115.45328	49.9019	18.17478	31.39454	35.09849	19.1233	19.09773	60.82903	75.87076	31.03381	103.15188	24.1913	22.05564	14.45181	19.1512	31.9692	18.64255	37.1077	19.85506	38.96736	14.93656	30.96186	54.61206	76.27462	78.4566	46.03064	60.81852	26.31554	17.0519	28.18009	14.24206	34.04581	28.78255	35.16216	31.07903	37.35185	29.06774	28.96125	19.05848	12.12817	25.36436	6.60442	15.13557	54.537	72.92713	28.96024	42.05456	16.42791	11.17209	26.86039	11.47876	7.9447	16.17835	13.12912	11.35304	23.69712	34.09213	29.48433	26.58227	63.43597	29.09867	51.23296	58.5717	65.68272	48.12918	74.97904	112.8415	27.90985	16.27336	20.73264	32.03996	14.20722	14.19602	1.5187	0.66265	78.07123	163.02013	101.58138	38.12248	32.43976	19.46623	7.27724	17.70743	27.93208	30.12607	55.24183	65.3156	15.56298	44.50448	21.25799	46.4498	8.67334	6.71606	5.05715	7.93955	54.74518	28.18505	84.64484	55.69486	7.83995	16.18042	NA	NA	NA	NA	NA	NA	NA	NA	NA	NA	NA	NA	NA	NA	NA	NA	NA	NA	NA	NA	NA	NA	NA	NA	NA	NA	NA	NA	NA	NA	NA	NA	NA	NA	NA	NA	NA	NA	NA	NA	NA	NA	NA	NA	NA	NA	NA	NA	NA	NA	NA	NA	NA	NA	NA	NA	NA	NA	NA	NA	NA	NA	NA	NA	NA	NA	NA	NA	NA	NA	NA	NA	NA	NA	NA	NA	NA	NA	NA	NA	NA	NA	NA	NA	NA	NA	NA	NA	NA	NA	NA	NA	NA	NA	NA	NA	NA	NA	NA	NA	NA	NA	NA	NA	NA	NA	NA	NA	NA	NA	NA	NA	NA	NA	NA	NA	NA	NA	NA	NA	NA	NA	NA	NA	NA	NA	NA	NA	NA	NA	NA	NA	NA	NA	NA	NA	NA	NA	NA	NA	NA	NA	NA	NA	NA	NA	NA	NA	NA	NA	NA	NA	NA	NA	NA
GH143	48.89589	27.64798	9.679	31.96897	42.02297	25.69492	23.61816	22.76493	13.92561	23.17245	23.77718	26.93311	25.7385	5.50143	71.57343	102.61355	80.03175	94.85405	117.43398	40.65433	19.6819	6.60106	27.6418	12.32517	24.78386	32.15629	30.16992	12.98734	22.16934	12.10191	25.01774	26.38501	18.6298	25.94104	25.32719	32.64773	20.09241	70.35794	67.44156	44.13843	47.64139	22.84248	10.87516	11.86956	25.43906	6.23229	14.30334	56.00732	57.71758	52.79125	69.86813	75.14027	45.03743	46.44751	11.4978	14.86682	6.1448	8.95261	11.0745	7.9921	14.6271	6.83803	0.98288	15.82305	16.54002	6.47771	8.19732	3.06504	11.88668	12.0564	18.91222	10.11012	17.80121	11.26721	9.36555	12.76692	17.26792	0.77071	5.44894	9.28267	17.69215	22.01412	20.14274	29.69906	23.73867	19.31545	13.0772	17.64516	28.97597	24.12978	12.83977	17.6081	9.47266	6.40661	69.4637	19.28791	44.45076	52.37856	86.79702	88.09959	94.65568	98.23679	56.60873	21.17442	30.51834	45.95354	37.31222	52.01304	45.66811	25.24182	62.55431	44.27295	104.23842	25.79785	29.20896	15.98338	13.7416	43.77227	53.44174	52.224	44.12102	111.88388	46.90653	11.73381	29.42472	30.90339	21.96026	19.90134	68.1819	78.62545	34.12311	109.91876	21.29435	17.31482	18.52984	18.51522	19.00858	15.53156	37.37713	16.88005	41.87782	13.98469	33.20252	55.40032	68.98264	75.70061	52.23725	75.5948	19.56317	15.15311	27.2214	12.8556	25.91533	22.76492	34.47217	21.8948	26.40872	18.73667	22.43916	10.65705	13.37722	26.48816	7.96592	12.8291	58.14992	63.24247	35.77799	43.13444	14.19712	8.0455	23.47585	7.53157	5.16531	13.08885	8.52483	9.22251	25.59411	31.80494	31.99751	25.9463	51.60903	32.13986	60.15013	62.32459	66.95766	50.57353	76.76242	57.70409	23.99838	13.04938	16.24784	28.3862	9.71281	9.49205	1.74338	0.80645	30.2997	169.9385	98.52414	39.39936	30.68896	18.99326	8.07625	22.73777	33.23733	35.64265	60.97762	64.31654	16.13527	39.1517	22.08829	55.11628	8.41439	5.75291	2.67745	2.18051	54.49341	21.74071	98.19279	89.11835	9.03494	15.5533	NA	NA	NA	NA	NA	NA	NA	NA	NA	NA	NA	NA	NA	NA	NA	NA	NA	NA	NA	NA	NA	NA	NA	NA	NA	NA	NA	NA	NA	NA	NA	NA	NA	NA	NA	NA	NA	NA	NA	NA	NA	NA	NA	NA	NA	NA	NA	NA	NA	NA	NA	NA	NA	NA	NA	NA	NA	NA	NA	NA	NA	NA	NA	NA	NA	NA	NA	NA	NA	NA	NA	NA	NA	NA	NA	NA	NA	NA	NA	NA	NA	NA	NA	NA	NA	NA	NA	NA	NA	NA	NA	NA	NA	NA	NA	NA	NA	NA	NA	NA	NA	NA	NA	NA	NA	NA	NA	NA	NA	NA	NA	NA	NA	NA	NA	NA	NA	NA	NA	NA	NA	NA	NA	NA	NA	NA	NA	NA	NA	NA	NA	NA	NA	NA	NA	NA	NA	NA	NA	NA	NA	NA	NA	NA	NA	NA	NA	NA	NA	NA	NA	NA	NA	NA	NA
GH144	66.27475	68.06879	44.82984	57.69939	58.2044	39.17378	62.5714	86.99606	65.46902	89.45758	100.44171	66.94616	69.69251	47.80374	493.73515	359.09682	211.30441	343.68612	291.48726	129.4076	45.99901	33.7617	168.87918	70.32465	59.86368	34.22488	45.45648	83.31712	132.82899	92.76519	137.24055	125.39907	138.3157	128.47239	154.28616	34.64278	33.43804	47.96646	37.73285	39.72883	38.90675	139.3759	68.28905	40.1435	78.44565	53.6087	70.15816	152.30073	364.12448	188.74974	262.62139	170.84612	104.23272	162.38705	26.18595	37.51797	16.72386	16.19864	17.20935	13.15007	27.02606	27.11232	18.67108	58.70959	61.88242	32.84318	37.96635	16.19992	58.03534	71.63137	37.51791	19.77226	39.80141	29.03414	29.75229	43.07971	75.12339	66.16116	51.30279	52.69512	59.13096	97.79169	92.75169	135.64424	107.12842	85.35914	52.19635	76.91053	118.05064	170.29769	87.28124	107.04594	45.97819	50.31132	322.27609	79.63468	101.46175	114.78696	125.85443	101.32771	95.98204	109.50853	132.98861	208.44968	282.90368	336.33766	216.50034	263.52699	184.36998	183.47829	171.01447	200.36967	13.20021	149.12324	189.72639	81.24929	72.20144	15.93078	18.83011	10.04652	10.30365	7.08012	45.95851	36.7712	190.69954	230.9945	200.45019	212.07931	76.56252	90.53548	46.48858	111.2143	121.54339	69.2761	53.31967	74.21343	139.05969	118.03545	160.12063	142.54831	37.8605	15.67967	21.75368	25.86656	305.91148	389.4156	322.05808	226.55907	148.59557	105.92427	128.54209	72.31413	148.90232	122.78486	114.3552	127.21753	204.45433	147.94092	151.19837	114.81514	59.60481	88.84655	40.79439	142.37466	207.34787	170.99873	185.46749	259.47887	57.8581	28.69899	12.35135	7.61215	76.62444	52.41831	78.70231	48.23948	125.97434	143.58825	160.26806	121.62455	75.73934	65.41445	50.22924	53.42664	210.24603	211.60298	200.11473	202.37504	245.74336	171.38695	239.57824	148.60462	29.09803	34.13531	5.3724	1.32412	NA	23.30372	20.17553	17.50239	195.3394	136.93947	114.36602	101.47248	94.15396	114.34843	163.51678	135.90952	21.45861	25.1823	14.92591	7.77966	39.49611	31.7142	18.61895	12.74042	110.85715	51.52771	125.46674	78.15896	34.90392	56.63381	NA	NA	NA	NA	NA	NA	NA	NA	NA	NA	NA	NA	NA	NA	NA	NA	NA	NA	NA	NA	NA	NA	NA	NA	NA	NA	NA	NA	NA	NA	NA	NA	NA	NA	NA	NA	NA	NA	NA	NA	NA	NA	NA	NA	NA	NA	NA	NA	NA	NA	NA	NA	NA	NA	NA	NA	NA	NA	NA	NA	NA	NA	NA	NA	NA	NA	NA	NA	NA	NA	NA	NA	NA	NA	NA	NA	NA	NA	NA	NA	NA	NA	NA	NA	NA	NA	NA	NA	NA	NA	NA	NA	NA	NA	NA	NA	NA	NA	NA	NA	NA	NA	NA	NA	NA	NA	NA	NA	NA	NA	NA	NA	NA	NA	NA	NA	NA	NA	NA	NA	NA	NA	NA	NA	NA	NA	NA	NA	NA	NA	NA	NA	NA	NA	NA	NA	NA	NA	NA	NA	NA	NA	NA	NA	NA	NA	NA	NA	NA	NA	NA	NA	NA	NA	NA
GH145	12.23373	22.44192	16.27854	22.86695	4.31481	4.08141	16.50124	56.88789	36.08663	39.69406	45.29361	45.18026	42.8392	17.40648	169.44239	193.44798	134.61338	194.03734	209.07561	79.87026	41.04068	18.3646	74.77785	32.90513	53.10212	62.81402	48.54402	32.86919	53.84527	31.21506	62.437	60.20853	54.26287	56.53919	70.06126	65.15738	38.01792	115.52029	82.74838	83.13294	76.99209	63.87069	27.17489	20.67282	49.18645	8.39005	34.04425	105.23183	132.01058	109.41397	148.97411	127.41393	87.44629	91.06441	26.87567	31.62231	7.18607	15.72696	16.24182	15.29478	23.05976	14.20746	2.95792	26.86527	22.89781	9.06608	15.28312	4.64426	23.9751	37.21459	35.56514	15.60686	35.88646	22.11488	19.01936	27.46797	35.90365	3.35728	18.75569	27.16974	43.53139	52.6158	42.63188	64.96194	31.72386	28.70716	22.80207	29.98048	60.93625	46.53082	16.34108	31.48449	12.23311	7.71139	70.77432	24.42681	36.91324	60.46395	69.63223	39.71493	32.91602	28.63085	51.46335	64.10211	79.97286	114.89343	90.16345	86.58219	86.32056	68.96491	107.38456	64.6554	13.82791	48.95362	49.71441	33.61317	18.14488	16.72311	22.78319	9.58556	8.21852	5.70671	30.06162	36.66563	70.15069	76.94743	62.83223	61.56127	11.80948	12.67928	9.30963	11.10299	55.58709	41.81723	30.21614	44.78172	51.61615	48.54033	80.92209	44.64026	16.64794	7.14811	10.82664	12.9372	144.65028	187.49485	124.97701	131.25347	59.33453	38.06887	69.10155	37.25773	51.90779	58.88693	67.38019	57.80962	43.52413	27.21018	26.95857	16.45834	22.20223	37.45463	16.3545	43.66374	134.41772	110.42419	88.24443	133.50305	31.6751	20.78479	8.12526	6.57273	30.20937	31.78651	33.58552	20.58118	57.13842	84.70859	70.68277	65.04663	100.85834	73.83301	82.22486	120.92981	91.27582	81.9519	92.61263	84.4367	63.22709	50.1726	53.09497	50.23856	16.74912	19.27005	3.11264	0.94246	NA	6.57903	14.63242	5.27784	83.5124	51.0195	19.19159	37.17557	54.49649	59.16218	118.7711	123.54354	14.09426	18.71709	7.31459	3.28111	15.50309	9.47714	5.47054	0.92912	31.00768	26.53652	119.02562	79.58696	15.06806	23.28857	NA	NA	NA	NA	NA	NA	NA	NA	NA	NA	NA	NA	NA	NA	NA	NA	NA	NA	NA	NA	NA	NA	NA	NA	NA	NA	NA	NA	NA	NA	NA	NA	NA	NA	NA	NA	NA	NA	NA	NA	NA	NA	NA	NA	NA	NA	NA	NA	NA	NA	NA	NA	NA	NA	NA	NA	NA	NA	NA	NA	NA	NA	NA	NA	NA	NA	NA	NA	NA	NA	NA	NA	NA	NA	NA	NA	NA	NA	NA	NA	NA	NA	NA	NA	NA	NA	NA	NA	NA	NA	NA	NA	NA	NA	NA	NA	NA	NA	NA	NA	NA	NA	NA	NA	NA	NA	NA	NA	NA	NA	NA	NA	NA	NA	NA	NA	NA	NA	NA	NA	NA	NA	NA	NA	NA	NA	NA	NA	NA	NA	NA	NA	NA	NA	NA	NA	NA	NA	NA	NA	NA	NA	NA	NA	NA	NA	NA	NA	NA	NA	NA	NA	NA	NA	NA
GH146	112.04677	84.09481	57.13359	94.12281	109.07877	85.86639	78.00119	93.30725	76.45459	139.05236	133.99333	122.47209	130.29782	52.78906	188.85257	217.45203	189.86897	235.89382	295.85951	132.29108	77.76802	30.13323	83.65055	51.23248	68.01835	77.91865	96.55777	41.15678	118.46547	75.20168	128.68161	134.57112	106.29595	122.18003	154.99078	115.74763	67.88272	176.93358	169.29015	140.62677	130.37023	117.78602	58.97391	66.87225	128.38172	86.76242	84.02566	150.25606	191.22325	143.07165	228.11696	205.47503	143.7561	154.11642	62.3593	62.45132	27.81358	38.09532	43.64097	40.53447	52.86734	31.09829	25.31117	57.23591	74.5437	46.36698	39.69276	36.08331	64.05556	64.46422	61.08625	39.02822	62.02286	52.46826	44.87056	40.48046	52.07047	17.82645	36.43139	42.76974	97.19605	87.4991	109.62894	149.60981	120.06273	103.1816	107.01147	94.53778	135.19	94.88268	56.07683	77.5232	59.24763	41.56239	243.12701	67.13656	78.88542	112.64031	157.94364	142.91816	142.10787	155.87458	117.40907	103.88997	138.10054	207.97559	166.18305	228.26629	207.42923	121.55958	185.54329	145.08761	54.56472	134.23053	151.25664	83.1476	67.20064	44.65351	57.92192	33.61927	37.80459	38.93099	57.40369	70.09222	136.41777	158.08779	103.36763	95.80037	151.99358	161.18797	77.96418	224.22085	111.8636	78.71038	73.39953	94.89379	88.65292	71.3571	148.35497	81.54196	53.3677	33.89402	43.54895	53.40591	180.72339	190.48249	128.07062	157.14131	56.56918	48.46994	74.21327	40.33445	119.37286	94.21533	143.65395	114.3653	92.61611	59.51379	82.80576	51.3598	37.89981	62.8345	33.30564	36.44751	160.1583	155.94363	98.13265	145.18527	64.72683	41.91036	41.42344	26.46332	40.78803	47.74179	47.41035	42.38862	127.75396	176.49226	164.48945	142.6594	156.06536	97.71173	124.47815	175.68473	140.88575	104.28906	170.47105	114.38831	97.54393	67.43433	113.20048	106.60278	118.32067	130.36215	175.10866	141.90796	111.80836	182.74075	114.97555	60.64333	133.74512	94.40072	76.30022	79.85859	92.99067	96.41197	147.98371	173.22506	42.09957	50.37729	27.65832	46.15826	34.11609	29.71728	27.15353	40.06747	104.29448	55.36813	174.43394	129.49517	63.89759	77.81136	NA	NA	NA	NA	NA	NA	NA	NA	NA	NA	NA	NA	NA	NA	NA	NA	NA	NA	NA	NA	NA	NA	NA	NA	NA	NA	NA	NA	NA	NA	NA	NA	NA	NA	NA	NA	NA	NA	NA	NA	NA	NA	NA	NA	NA	NA	NA	NA	NA	NA	NA	NA	NA	NA	NA	NA	NA	NA	NA	NA	NA	NA	NA	NA	NA	NA	NA	NA	NA	NA	NA	NA	NA	NA	NA	NA	NA	NA	NA	NA	NA	NA	NA	NA	NA	NA	NA	NA	NA	NA	NA	NA	NA	NA	NA	NA	NA	NA	NA	NA	NA	NA	NA	NA	NA	NA	NA	NA	NA	NA	NA	NA	NA	NA	NA	NA	NA	NA	NA	NA	NA	NA	NA	NA	NA	NA	NA	NA	NA	NA	NA	NA	NA	NA	NA	NA	NA	NA	NA	NA	NA	NA	NA	NA	NA	NA	NA	NA	NA	NA	NA	NA	NA	NA	NA
GH147	4.38271	4.96208	6.32428	6.38502	3.02756	1.47053	5.79182	9.86709	5.43529	16.04233	13.002	7.77412	11.14885	3.82101	25.15614	24.05563	24.42899	38.15474	56.87347	20.53335	9.03182	8.60645	47.08115	22.31218	16.91172	20.31139	23.14469	16.39021	35.71074	21.03143	44.54707	43.17166	47.07124	34.56572	45.35429	8.27019	4.40932	8.46797	14.7126	15.0507	8.9712	43.43778	4.12297	4.75296	6.98127	3.42319	6.5903	34.3863	46.77737	34.34433	32.95176	29.41743	20.54753	27.8021	9.29499	11.72938	3.81867	5.04883	4.86446	4.74393	8.56573	6.13171	1.90769	11.08244	11.04558	10.95838	6.12407	7.38823	12.3327	11.71465	16.25582	7.25988	15.23278	8.56133	8.94729	6.71763	5.98673	2.74332	3.00652	7.02754	12.07261	11.50906	22.89469	39.57404	32.77481	24.34675	11.78053	23.93206	27.37184	6.86897	8.01631	4.9004	1.1738	2.54961	75.19679	8.36348	30.35464	29.55521	46.91508	7.64091	21.97536	27.85179	33.70905	14.11366	16.66888	25.21929	18.61284	19.75197	16.15855	18.35137	0.94925	2.841	7.75803	1.36512	0.68195	0.81414	6.9685	6.76141	10.22613	4.40634	7.56025	3.56598	22.72806	30.79697	18.22679	19.51405	9.69172	9.10212	2.72612	3.12929	2.97072	2.13198	12.39836	6.55133	6.85528	10.70663	18.30097	11.91981	27.88784	16.08111	11.72478	4.46388	6.88456	9.49217	44.67925	49.48733	39.78444	26.58653	28.31036	20.82623	18.02546	14.16575	35.86417	19.10608	21.37122	24.85672	14.37108	10.12148	19.8985	10.06118	9.34046	10.99265	4.28633	10.64017	59.87014	83.03998	22.43704	35.78345	17.5819	10.2125	4.47257	3.24004	3.36769	5.82006	5.45127	7.76226	40.35633	56.90943	48.65027	58.17872	8.69955	8.41123	2.93733	6.71266	20.31868	18.50121	28.9346	NA	14.39796	10.14479	12.07249	21.09385	5.00122	6.78147	1.99559	2.01157	10.75831	5.4236	6.41271	3.95646	22.74468	11.37322	12.84449	8.68335	15.93432	20.01592	32.42881	25.32189	4.3627	9.09254	6.2184	5.52701	9.39002	7.37705	6.4738	1.63598	30.09991	21.94427	59.29949	51.86697	9.57217	6.73055	NA	NA	NA	NA	NA	NA	NA	NA	NA	NA	NA	NA	NA	NA	NA	NA	NA	NA	NA	NA	NA	NA	NA	NA	NA	NA	NA	NA	NA	NA	NA	NA	NA	NA	NA	NA	NA	NA	NA	NA	NA	NA	NA	NA	NA	NA	NA	NA	NA	NA	NA	NA	NA	NA	NA	NA	NA	NA	NA	NA	NA	NA	NA	NA	NA	NA	NA	NA	NA	NA	NA	NA	NA	NA	NA	NA	NA	NA	NA	NA	NA	NA	NA	NA	NA	NA	NA	NA	NA	NA	NA	NA	NA	NA	NA	NA	NA	NA	NA	NA	NA	NA	NA	NA	NA	NA	NA	NA	NA	NA	NA	NA	NA	NA	NA	NA	NA	NA	NA	NA	NA	NA	NA	NA	NA	NA	NA	NA	NA	NA	NA	NA	NA	NA	NA	NA	NA	NA	NA	NA	NA	NA	NA	NA	NA	NA	NA	NA	NA	NA	NA	NA	NA	NA	NA
GH148	3.86454	5.49642	6.83982	3.30284	4.72735	6.0639	6.39874	1.27752	3.01943	1.74477	3.94767	1.94598	3.92338	5.01004	0.47167	0.15241	0.1485	0.45074	0.1411	0.29872	0.32283	5.7036	3.6335	3.78674	4.47676	2.95961	5.32605	14.40193	0.30218	0.45889	4.91092	2.61361	0.71291	2.22982	0.64378	5.80694	13.83213	2.67262	4.2501	9.15107	14.02801	0.26292	8.163	12.51158	7.81471	8.93925	6.61281	5.60997	2.09331	6.06854	1.49895	3.69707	5.03698	1.85375	7.24761	2.8573	2.42263	2.50221	1.39349	3.97727	5.25929	1.29764	8.42486	3.37441	1.84485	2.34951	2.92017	3.99441	3.59377	3.01928	2.48531	2.87206	2.11389	3.12975	3.23434	1.82572	1.6365	1.75596	2.84291	1.76073	2.01808	7.97094	6.67007	6.04492	6.86317	8.30448	6.41916	10.17352	8.9582	5.29916	3.71209	9.39411	5.83935	5.27142	2.00526	10.6037	3.74161	7.8056	4.43455	3.4235	7.45057	5.8753	11.69851	5.99159	6.16927	6.72359	1.88468	4.13214	2.7018	4.67048	1.19974	3.62643	4.01979	3.39721	2.3053	0.45495	2.20101	0.77366	1.79078	4.02708	2.77083	1.1336	1.26465	1.99498	4.09303	3.9103	4.43725	2.80211	10.48374	4.06373	3.29244	3.0981	1.36081	0.77969	2.31298	1.65439	3.37127	2.00594	4.12595	13.09523	1.45205	5.55143	2.56896	2.21566	0.11537	NA	NA	0.35	5.79454	5.20531	4.78631	3.84588	2.20878	4.66186	3.90888	4.06371	7.44331	5.09655	1.77169	2.5666	0.99106	2.01781	0.61249	1.68001	7.98873	7.05133	9.39453	6.44763	5.18165	5.79544	2.81706	4.67543	3.74934	3.52782	3.06415	3.00236	2.59493	8.85591	2.37488	3.86918	0.62308	4.85042	3.71727	1.66873	1.99277	1.38763	1.78156	NA	8.11333	6.21245	1.70659	8.17767	4.07921	1.3132	0.87625	1.11356	NA	0.32478	1.27643	3.77064	6.4022	5.23048	9.13263	0.87811	6.59458	5.67598	1.4284	0.53367	1.87217	1.43921	1.59962	0.58358	0.58158	2.12203	2.61731	2.59646	6.85267	9.89714	1.69005	3.98198	8.16269	8.20915	NA	NA	NA	NA	NA	NA	NA	NA	NA	NA	NA	NA	NA	NA	NA	NA	NA	NA	NA	NA	NA	NA	NA	NA	NA	NA	NA	NA	NA	NA	NA	NA	NA	NA	NA	NA	NA	NA	NA	NA	NA	NA	NA	NA	NA	NA	NA	NA	NA	NA	NA	NA	NA	NA	NA	NA	NA	NA	NA	NA	NA	NA	NA	NA	NA	NA	NA	NA	NA	NA	NA	NA	NA	NA	NA	NA	NA	NA	NA	NA	NA	NA	NA	NA	NA	NA	NA	NA	NA	NA	NA	NA	NA	NA	NA	NA	NA	NA	NA	NA	NA	NA	NA	NA	NA	NA	NA	NA	NA	NA	NA	NA	NA	NA	NA	NA	NA	NA	NA	NA	NA	NA	NA	NA	NA	NA	NA	NA	NA	NA	NA	NA	NA	NA	NA	NA	NA	NA	NA	NA	NA	NA	NA	NA	NA	NA	NA	NA	NA	NA	NA	NA	NA	NA	NA
GH149	NA	NA	NA	NA	NA	NA	NA	NA	NA	NA	NA	NA	NA	NA	NA	NA	NA	NA	NA	NA	NA	NA	NA	NA	NA	NA	NA	NA	NA	NA	NA	NA	NA	NA	NA	NA	NA	NA	NA	NA	NA	NA	NA	NA	NA	NA	NA	NA	NA	NA	NA	NA	NA	NA	NA	NA	NA	NA	NA	NA	NA	NA	NA	NA	NA	NA	NA	NA	0.38522	0.25293	0.19171	0.05996	0.48549	0.32069	0.42292	NA	NA	NA	NA	NA	NA	NA	NA	NA	NA	NA	NA	NA	NA	NA	NA	NA	NA	NA	NA	NA	NA	NA	NA	NA	NA	NA	NA	NA	NA	NA	NA	NA	NA	NA	NA	NA	NA	NA	NA	NA	NA	NA	NA	NA	NA	NA	NA	NA	NA	NA	NA	NA	NA	NA	NA	NA	NA	NA	NA	NA	NA	NA	NA	NA	NA	NA	NA	NA	NA	NA	NA	NA	NA	NA	NA	NA	NA	NA	NA	NA	NA	NA	NA	NA	NA	NA	NA	NA	NA	NA	NA	NA	0.55683	0.24977	NA	0.11255	NA	NA	NA	NA	NA	NA	NA	NA	NA	NA	NA	NA	NA	NA	NA	NA	NA	NA	NA	NA	NA	NA	NA	NA	NA	NA	NA	NA	NA	NA	NA	NA	NA	NA	NA	NA	NA	NA	NA	NA	NA	NA	NA	NA	NA	NA	NA	NA	NA	NA	NA	NA	NA	NA	NA	NA	NA	NA	NA	NA	NA	NA	NA	NA	NA	NA	NA	NA	NA	NA	NA	NA	NA	NA	NA	NA	NA	NA	NA	NA	NA	NA	NA	NA	NA	NA	NA	NA	NA	NA	NA	NA	NA	NA	NA	NA	NA	NA	NA	NA	NA	NA	NA	NA	NA	NA	NA	NA	NA	NA	NA	NA	NA	NA	NA	NA	NA	NA	NA	NA	NA	NA	NA	NA	NA	NA	NA	NA	NA	NA	NA	NA	NA	NA	NA	NA	NA	NA	NA	NA	NA	NA	NA	NA	NA	NA	NA	NA	NA	NA	NA	NA	NA	NA	NA	NA	NA	NA	NA	NA	NA	NA	NA	NA	NA	NA	NA	NA	NA	NA	NA	NA	NA	NA	NA	NA	NA	NA	NA	NA	NA	NA	NA	NA	NA	NA	NA	NA	NA	NA	NA	NA	NA	NA	NA	NA	NA	NA	NA	NA	NA	NA	NA	NA	NA
GH15	27.86086	27.09271	40.34649	27.06978	11.47171	8.91973	22.63517	38.87442	23.8014	18.04894	35.431	35.61985	31.44659	11.93403	132.32588	143.15951	88.56902	136.20001	157.91301	50.34994	23.20904	18.88787	79.72399	36.39013	50.51028	45.23076	56.10594	29.94629	51.53257	32.70363	42.593	51.41256	57.33538	29.236	44.18772	100.88565	52.78963	137.65901	118.92374	98.25269	85.901	58.3728	20.29648	27.12024	38.35647	12.16946	37.04435	78.08941	83.17306	69.51767	125.54881	111.37059	64.59677	73.81784	30.44424	39.48898	27.40366	21.56941	19.6602	22.49929	35.08746	38.97486	23.37908	40.58188	33.11251	14.41442	35.13849	22.15392	28.37278	33.94933	36.91758	17.69314	33.59323	26.94299	17.52658	42.20886	46.43962	74.01148	24.02073	31.8419	45.86493	53.97834	36.35995	36.38021	33.32116	23.62516	14.75767	35.66314	41.70379	11.21026	15.50461	5.33717	9.59185	11.12573	6.24121	1.28309	46.27935	60.10368	72.64347	44.19857	30.18126	31.03344	52.84532	66.21737	90.50738	84.73703	84.18609	79.65942	74.01904	64.50461	81.65856	59.2535	23.67669	33.51355	43.29614	31.11622	18.72576	41.558	43.96761	10.50476	19.79822	8.13918	24.67831	53.71386	39.87956	45.27814	47.3972	42.26384	12.524	14.18619	15.21699	14.76196	32.9783	20.32068	26.38044	39.9564	48.33441	32.95873	62.79859	25.14165	26.92174	11.07175	19.38552	25.57444	113.40792	143.77844	72.47445	75.09956	64.71595	42.66971	66.76267	32.17412	39.71167	34.72239	43.5109	41.94953	8.78746	9.26903	18.38979	21.20177	20.9353	33.60789	16.12134	33.86729	112.75146	113.95357	72.06499	110.08576	30.64895	21.45867	9.4968	9.60768	17.11891	30.25473	23.64199	17.2088	28.12936	50.17489	40.84871	42.77462	156.75802	85.52959	87.28263	111.95491	100.25385	77.42092	91.15001	13.18795	79.33183	47.94251	59.73006	62.55374	31.41948	25.59035	0.94207	0.77639	NA	9.19383	16.65239	6.78359	61.20889	40.62782	14.96453	35.69307	40.19219	46.94332	84.96873	79.73413	21.65958	27.68035	14.94159	6.1247	48.21085	29.93264	25.31697	14.86002	36.04069	48.50465	96.14259	76.73621	11.77434	26.92852	NA	NA	NA	NA	NA	NA	NA	NA	NA	NA	NA	NA	NA	NA	NA	NA	NA	NA	NA	NA	NA	NA	NA	NA	NA	NA	NA	NA	NA	NA	NA	NA	NA	NA	NA	NA	NA	NA	NA	NA	NA	NA	NA	NA	NA	NA	NA	NA	NA	NA	NA	NA	NA	NA	NA	NA	NA	NA	NA	NA	NA	NA	NA	NA	NA	NA	NA	NA	NA	NA	NA	NA	NA	NA	NA	NA	NA	NA	NA	NA	NA	NA	NA	NA	NA	NA	NA	NA	NA	NA	NA	NA	NA	NA	NA	NA	NA	NA	NA	NA	NA	NA	NA	NA	NA	NA	NA	NA	NA	NA	NA	NA	NA	NA	NA	NA	NA	NA	NA	NA	NA	NA	NA	NA	NA	NA	NA	NA	NA	NA	NA	NA	NA	NA	NA	NA	NA	NA	NA	NA	NA	NA	NA	NA	NA	NA	NA	NA	NA	NA	NA	NA	NA	NA	NA
GH150	NA	NA	NA	NA	NA	NA	NA	NA	NA	NA	NA	NA	NA	NA	NA	NA	NA	NA	NA	NA	NA	NA	NA	NA	NA	NA	NA	NA	1.64247	0.63942	0.22047	0.05257	0.2336	0.66314	0.24768	NA	NA	NA	NA	NA	NA	0.18365	0.72991	0.37908	3.3655	0.84413	2.21327	NA	NA	NA	NA	NA	NA	NA	1.29935	0.54547	0.1099	0.05123	0.1096	NA	0.13558	0.96817	0.0798	1.29018	1.40395	1.07585	0.91191	0.13552	3.28275	2.78727	1.18056	0.77877	2.05288	0.38737	0.91672	1.80115	2.18239	0.31191	0.70926	2.23439	2.14199	3.0766	0.1358	NA	NA	NA	NA	NA	0.15618	NA	NA	NA	NA	NA	NA	NA	NA	NA	NA	NA	NA	NA	NA	1.82697	0.81875	2.02645	1.86471	1.77666	2.3158	2.3836	NA	NA	NA	NA	NA	NA	NA	NA	NA	NA	NA	NA	NA	NA	1.98157	2.29019	1.13357	1.24147	NA	NA	NA	NA	NA	NA	NA	NA	NA	NA	NA	NA	NA	NA	NA	NA	NA	NA	NA	NA	NA	NA	NA	NA	0.04256	0.13728	NA	0.0658	NA	NA	NA	NA	NA	NA	NA	NA	NA	NA	NA	NA	1.58234	0.8397	1.20114	0.62931	0.6126	1.5118	2.32483	0.85261	0.49043	0.29604	0.64672	0.24086	NA	NA	NA	NA	NA	NA	NA	NA	1.2646	0.71234	0.49168	0.92582	NA	NA	0.04013	NA	NA	0.07934	0.2973	0.04284	4.83808	3.79268	0.36509	1.43852	NA	NA	NA	NA	0.02137	0.04591	0.06525	NA	0.85035	0.77468	0.6388	0.02162	NA	NA	0.02064	NA	0.84627	1.59289	NA	NA	NA	NA	NA	NA	NA	NA	NA	NA	NA	NA	NA	NA	NA	NA	NA	NA	NA	NA	NA	NA	NA	NA	NA	NA	NA	NA	NA	NA	NA	NA	NA	NA	NA	NA	NA	NA	NA	NA	NA	NA	NA	NA	NA	NA	NA	NA	NA	NA	NA	NA	NA	NA	NA	NA	NA	NA	NA	NA	NA	NA	NA	NA	NA	NA	NA	NA	NA	NA	NA	NA	NA	NA	NA	NA	NA	NA	NA	NA	NA	NA	NA	NA	NA	NA	NA	NA	NA	NA	NA	NA	NA	NA	NA	NA	NA	NA	NA	NA	NA	NA	NA	NA	NA	NA	NA	NA	NA	NA	NA	NA	NA	NA	NA	NA	NA	NA	NA	NA	NA	NA	NA	NA	NA	NA	NA	NA	NA	NA	NA	NA	NA	NA	NA	NA	NA	NA	NA	NA	NA	NA	NA	NA	NA	NA	NA	NA	NA	NA	NA	NA	NA	NA	NA
GH151	4.3714	4.72032	11.3622	6.07047	8.69822	10.54922	4.61267	1.48559	4.13709	3.11209	9.3072	5.03871	9.67927	11.78668	9.70502	16.60603	46.55225	28.29047	23.35153	61.90744	100.2039	13.93927	11.48361	9.76462	15.86309	16.92579	17.92995	25.44816	4.31629	6.39625	6.28459	5.25659	1.99371	3.82948	6.43786	16.70174	11.07225	5.65391	6.18009	8.81089	9.89395	2.8863	5.99609	9.87464	8.23386	18.57663	9.53558	5.64463	10.22723	6.95905	13.70943	6.21153	14.74994	8.67305	4.2629	3.49737	4.56644	1.05963	1.11952	3.44289	4.38014	17.37934	50.64787	17.68011	20.41357	14.51179	12.89599	11.25864	8.11856	5.37307	8.09639	11.02458	6.24793	15.64352	7.47324	4.69015	5.00029	18.48548	7.97381	5.39482	8.93347	13.5849	31.76385	27.64364	33.31832	30.39826	34.17269	31.42035	17.34376	6.13171	2.16219	8.39794	9.57559	5.44228	3.17999	9.54006	13.23823	15.35159	19.30681	27.15653	30.83709	9.97374	7.44404	9.70452	10.07282	8.67407	5.00122	9.40901	12.51062	13.24709	20.63749	12.37524	3.93205	4.54214	13.91701	13.46522	8.03121	2.18052	2.14408	6.20664	3.6484	1.98515	3.91921	2.62148	12.14547	7.09591	3.82991	6.70363	3.88119	5.70321	4.63793	2.02957	3.23491	5.50856	4.92616	2.56787	6.00189	2.76762	2.0634	3.71172	2.93399	6.60685	3.96593	3.48916	4.95951	9.48094	16.93067	13.04896	10.32247	7.08092	2.82976	4.42943	19.78296	10.12583	9.06631	8.67915	13.66446	5.76109	1.46339	2.39297	1.65771	3.8211	5.34909	2.55843	13.85675	6.31067	4.37609	7.4809	4.61915	2.84101	2.79439	5.91387	5.04086	6.45046	8.17332	6.50365	6.72281	1.0761	1.88828	0.30319	2.06017	4.75006	0.86929	1.30923	4.43766	2.9006	5.09687	NA	6.22768	4.39762	2.93273	0.76432	13.72019	3.05436	1.03305	0.46085	NA	1.40356	2.18096	4.80408	3.07175	10.27118	2.62799	1.16328	13.69964	11.9782	3.73477	2.50221	6.14404	3.77523	1.93343	0.14598	9.6017	10.74068	6.40326	10.03703	8.31082	6.7719	4.4802	7.74614	19.01124	12.11375	NA	NA	NA	NA	NA	NA	NA	NA	NA	NA	NA	NA	NA	NA	NA	NA	NA	NA	NA	NA	NA	NA	NA	NA	NA	NA	NA	NA	NA	NA	NA	NA	NA	NA	NA	NA	NA	NA	NA	NA	NA	NA	NA	NA	NA	NA	NA	NA	NA	NA	NA	NA	NA	NA	NA	NA	NA	NA	NA	NA	NA	NA	NA	NA	NA	NA	NA	NA	NA	NA	NA	NA	NA	NA	NA	NA	NA	NA	NA	NA	NA	NA	NA	NA	NA	NA	NA	NA	NA	NA	NA	NA	NA	NA	NA	NA	NA	NA	NA	NA	NA	NA	NA	NA	NA	NA	NA	NA	NA	NA	NA	NA	NA	NA	NA	NA	NA	NA	NA	NA	NA	NA	NA	NA	NA	NA	NA	NA	NA	NA	NA	NA	NA	NA	NA	NA	NA	NA	NA	NA	NA	NA	NA	NA	NA	NA	NA	NA	NA	NA	NA	NA	NA	NA	NA
GH153	0.82043	0.29552	0.10599	NA	NA	NA	NA	NA	NA	0.07645	0.16356	0.1586	NA	0.30268	0.53054	0.07335	NA	NA	NA	0.14371	3.73361	0.11508	1.89443	0.39629	NA	NA	NA	0.29322	NA	0.21514	0.49935	0.39546	0.2996	NA	NA	NA	0.20472	NA	0.15072	NA	NA	0.71056	NA	NA	NA	NA	NA	0.1966	NA	NA	NA	NA	NA	NA	2.4354	0.75023	5.95684	2.59374	0.31509	3.6851	5.70113	0.18273	0.20585	0.36515	0.49769	1.05784	0.14862	0.53246	0.06971	0.17322	0.65167	NA	NA	NA	1.32629	0.1096	0.17896	NA	0.39265	1.52096	0.39635	8.62075	NA	0.51718	0.49187	NA	NA	NA	NA	NA	NA	NA	NA	NA	NA	NA	0.07553	NA	NA	NA	NA	0.13021	NA	0.44017	0.87128	NA	0.444	0.15416	0.63587	NA	NA	0.21437	0.64756	0.15039	0.25514	0.10707	1.78679	0.45166	0.22059	NA	0.27502	NA	NA	0.31826	0.6521	0.96014	0.7538	0.49683	0.45283	NA	NA	NA	0.23383	0.16468	0.13364	0.11208	1.12939	0.22015	NA	0.18425	0.37233	0.0821	0.96168	0.06608	NA	0.16419	NA	0.18341	0.73036	0.58668	0.34276	0.65645	0.32658	0.08853	NA	0.50919	NA	0.30491	NA	NA	NA	NA	NA	0.48983	NA	0.15943	0.17126	1.13453	0.69327	0.42333	NA	NA	0.19341	0.06054	4.37006	0.19666	0.42486	0.16363	0.05869	NA	0.06843	0.43997	0.23918	0.05446	0.25986	0.27429	0.22241	NA	0.15809	NA	0.96599	0.62664	0.21316	0.57813	0.38933	NA	NA	0.12084	1.21174	2.66944	NA	0.11932	NA	NA	NA	NA	NA	NA	4.81112	5.67088	2.13329	0.77156	0.19206	1.04504	0.26482	NA	NA	NA	0.43675	0.24086	NA	NA	NA	NA	NA	NA	NA	NA	NA	NA	NA	NA	NA	NA	NA	NA	NA	NA	NA	NA	NA	NA	NA	NA	NA	NA	NA	NA	NA	NA	NA	NA	NA	NA	NA	NA	NA	NA	NA	NA	NA	NA	NA	NA	NA	NA	NA	NA	NA	NA	NA	NA	NA	NA	NA	NA	NA	NA	NA	NA	NA	NA	NA	NA	NA	NA	NA	NA	NA	NA	NA	NA	NA	NA	NA	NA	NA	NA	NA	NA	NA	NA	NA	NA	NA	NA	NA	NA	NA	NA	NA	NA	NA	NA	NA	NA	NA	NA	NA	NA	NA	NA	NA	NA	NA	NA	NA	NA	NA	NA	NA	NA	NA	NA	NA	NA	NA	NA	NA	NA	NA	NA	NA	NA	NA	NA	NA	NA	NA	NA	NA	NA	NA	NA	NA	NA	NA	NA	NA	NA	NA	NA	NA	NA	NA	NA	NA	NA	NA	NA	NA	NA	NA	NA	NA	NA	NA
GH154	73.13135	83.95045	81.91735	84.26139	69.51954	93.31421	73.7105	133.76435	102.91795	151.0025	121.2268	150.42687	152.5719	92.83437	426.63341	472.61696	343.30847	492.35862	531.08787	258.71532	139.40766	47.96638	164.56124	93.01958	165.27393	184.4214	217.85347	91.24726	175.28457	122.01896	189.63408	182.02724	165.49844	188.79395	194.06013	158.07442	120.77812	234.03067	256.61408	202.48374	206.43364	186.18683	114.11244	88.24471	159.23831	83.34239	114.01851	253.25952	274.56948	246.39029	294.0157	298.07272	187.01842	245.2665	151.37506	203.41622	170.74956	180.82364	165.80268	189.05313	139.36446	63.20156	45.4636	87.89202	134.28833	74.73205	85.90517	100.65208	84.99374	109.66189	109.88661	81.63954	115.81816	137.66842	70.15149	60.50336	84.47592	24.5618	48.42193	59.64365	94.05225	129.10715	128.9285	171.26204	131.45461	118.96378	121.41953	126.14969	153.83183	219.17601	134.94475	199.41765	147.31239	99.28389	371.79381	158.60731	108.94701	155.35493	202.37812	141.91927	149.32404	124.48866	153.55913	124.84064	125.38237	194.76488	141.43127	192.51224	168.78034	149.15449	222.55454	190.07736	68.46287	134.04584	129.3242	100.59911	59.82536	92.64654	99.82191	64.69065	81.33642	53.74888	101.73792	170.2961	150.82515	160.97072	145.00366	112.82138	57.67406	51.64416	54.14253	53.31107	121.91859	107.65785	102.86431	123.05838	130.75234	99.08354	182.81981	99.65816	96.46956	77.37603	78.26566	86.09036	367.49401	444.86967	343.88976	344.39271	135.74447	100.62816	179.7743	107.1677	150.18028	127.20607	153.87724	132.46583	212.00559	186.4578	157.28015	104.20166	92.47642	128.78502	82.49037	93.86736	220.56137	215.78946	160.4087	224.19968	110.01268	70.28624	66.08519	70.64139	56.12471	85.99292	73.54371	66.91211	174.05128	217.08052	226.77219	190.53352	252.45695	163.55556	178.8751	216.8893	197.70979	207.07912	239.0053	248.21723	148.10772	122.13141	204.5034	168.05791	183.15142	208.73433	238.89927	217.03471	80.76972	54.55403	65.14524	48.03408	189.62324	130.85459	65.46846	91.52438	124.13785	144.82051	245.3411	264.04122	100.59766	133.82777	117.46648	179.11977	86.77941	104.36824	81.02105	87.63687	114.00519	112.68888	251.79716	212.36462	113.93342	108.54103	NA	NA	NA	NA	NA	NA	NA	NA	NA	NA	NA	NA	NA	NA	NA	NA	NA	NA	NA	NA	NA	NA	NA	NA	NA	NA	NA	NA	NA	NA	NA	NA	NA	NA	NA	NA	NA	NA	NA	NA	NA	NA	NA	NA	NA	NA	NA	NA	NA	NA	NA	NA	NA	NA	NA	NA	NA	NA	NA	NA	NA	NA	NA	NA	NA	NA	NA	NA	NA	NA	NA	NA	NA	NA	NA	NA	NA	NA	NA	NA	NA	NA	NA	NA	NA	NA	NA	NA	NA	NA	NA	NA	NA	NA	NA	NA	NA	NA	NA	NA	NA	NA	NA	NA	NA	NA	NA	NA	NA	NA	NA	NA	NA	NA	NA	NA	NA	NA	NA	NA	NA	NA	NA	NA	NA	NA	NA	NA	NA	NA	NA	NA	NA	NA	NA	NA	NA	NA	NA	NA	NA	NA	NA	NA	NA	NA	NA	NA	NA	NA	NA	NA	NA	NA	NA
GH156	2.08764	2.57691	2.08915	2.3894	1.19597	0.69252	3.45166	3.62673	1.4162	2.79786	1.63359	2.26847	1.05028	1.42926	NA	NA	NA	NA	NA	NA	NA	2.40817	4.05516	2.64405	1.6745	3.90716	0.88226	2.42688	4.66611	3.46345	3.19553	2.37133	3.67158	2.08397	2.40112	2.54092	0.40771	0.95	1.53115	1.13305	0.82018	5.07122	0.9581	2.62462	0.92283	0.85586	1.57704	2.40056	7.49376	2.15246	2.50035	1.94691	2.43027	5.16008	0.47156	1.29132	1.16834	0.56393	0.80763	0.56917	1.13248	1.73991	0.66934	1.40281	1.30085	0.77243	1.10635	0.59711	2.21333	4.27247	1.19029	1.82821	3.05435	0.46308	1.18355	2.41137	2.40803	1.12604	2.14244	3.66976	2.83221	4.1821	3.73866	6.73245	3.29359	1.69563	1.08227	3.92007	4.93341	0.09066	0.54545	0.13605	0.23026	0.54523	0.57831	0.38146	2.28808	3.70448	2.45688	5.50654	3.58804	2.5396	3.45448	1.8017	0.88212	0.57952	1.08214	1.67357	1.05721	1.69539	NA	2.8031	0.70281	NA	0.30906	0.25615	0.48958	2.10328	2.90271	0.81535	1.13472	0.57835	2.99827	2.11754	2.0868	1.4957	0.69332	0.84878	2.38559	2.49694	1.21136	1.09562	2.09171	2.89422	0.50872	1.67036	7.56578	2.43585	4.32813	3.41946	1.5677	1.08469	1.95025	1.36017	NA	NA	NA	NA	3.9752	3.07957	2.77767	2.11386	4.52551	3.30074	2.78132	3.35861	NA	NA	0.33387	0.31509	4.09697	4.84944	2.42116	4.46476	2.83034	4.74863	3.24099	2.99921	5.46097	2.98644	5.19584	2.25343	2.79499	2.70393	1.55282	2.39978	1.95425	1.50845	1.47352	1.60921	4.12703	1.09673	0.94627	1.93821	3.15768	1.68179	2.84246	NA	1.65848	1.61834	2.26327	2.03394	1.3265	2.10323	0.88091	0.19854	NA	2.46555	1.32429	0.76353	1.45451	2.68446	1.97352	2.1362	1.93297	1.45993	1.83042	1.90513	0.95254	3.50993	1.62954	0.734	0.75263	0.53358	0.84593	1.02954	6.21121	5.19244	6.34714	1.5238	0.24331	0.80591	NA	NA	NA	NA	NA	NA	NA	NA	NA	NA	NA	NA	NA	NA	NA	NA	NA	NA	NA	NA	NA	NA	NA	NA	NA	NA	NA	NA	NA	NA	NA	NA	NA	NA	NA	NA	NA	NA	NA	NA	NA	NA	NA	NA	NA	NA	NA	NA	NA	NA	NA	NA	NA	NA	NA	NA	NA	NA	NA	NA	NA	NA	NA	NA	NA	NA	NA	NA	NA	NA	NA	NA	NA	NA	NA	NA	NA	NA	NA	NA	NA	NA	NA	NA	NA	NA	NA	NA	NA	NA	NA	NA	NA	NA	NA	NA	NA	NA	NA	NA	NA	NA	NA	NA	NA	NA	NA	NA	NA	NA	NA	NA	NA	NA	NA	NA	NA	NA	NA	NA	NA	NA	NA	NA	NA	NA	NA	NA	NA	NA	NA	NA	NA	NA	NA	NA	NA	NA	NA	NA	NA	NA	NA	NA	NA	NA	NA	NA	NA	NA	NA	NA	NA	NA	NA
GH157	NA	NA	NA	NA	NA	NA	NA	NA	NA	NA	NA	NA	NA	NA	NA	NA	NA	NA	NA	NA	NA	NA	NA	NA	NA	NA	NA	NA	2.55932	0.85136	1.40656	2.45952	1.80039	2.55073	4.19027	NA	NA	NA	NA	NA	NA	1.38364	NA	NA	NA	NA	NA	NA	NA	NA	NA	0.18801	NA	NA	NA	NA	0.09348	NA	NA	NA	NA	NA	NA	NA	NA	NA	NA	NA	NA	NA	NA	NA	NA	NA	NA	NA	NA	NA	NA	NA	NA	NA	6.42301	10.96101	12.52043	8.47011	3.8794	8.10741	5.97839	3.43759	3.93686	2.88625	0.65155	1.13965	33.9015	5.54199	NA	NA	NA	NA	NA	NA	NA	NA	NA	NA	NA	NA	NA	NA	NA	NA	NA	NA	NA	NA	NA	NA	NA	NA	NA	NA	NA	NA	NA	NA	NA	NA	NA	NA	NA	NA	NA	NA	NA	0.07008	NA	NA	NA	NA	NA	NA	NA	NA	NA	NA	NA	0.07186	NA	NA	NA	NA	9.7741	6.11132	4.17405	5.0376	6.59819	3.72706	11.23193	5.05969	NA	NA	NA	NA	NA	NA	NA	NA	NA	NA	NA	NA	NA	NA	NA	NA	2.43355	1.0073	1.61102	2.68215	NA	NA	NA	NA	NA	NA	NA	NA	NA	NA	NA	NA	NA	NA	NA	NA	NA	NA	NA	NA	NA	NA	NA	NA	NA	NA	NA	NA	NA	NA	NA	NA	NA	NA	NA	NA	NA	NA	NA	NA	NA	NA	NA	NA	NA	NA	NA	NA	NA	NA	NA	NA	NA	NA	NA	NA	NA	NA	NA	NA	NA	NA	NA	NA	NA	NA	NA	NA	NA	NA	NA	NA	NA	NA	NA	NA	NA	NA	NA	NA	NA	NA	NA	NA	NA	NA	NA	NA	NA	NA	NA	NA	NA	NA	NA	NA	NA	NA	NA	NA	NA	NA	NA	NA	NA	NA	NA	NA	NA	NA	NA	NA	NA	NA	NA	NA	NA	NA	NA	NA	NA	NA	NA	NA	NA	NA	NA	NA	NA	NA	NA	NA	NA	NA	NA	NA	NA	NA	NA	NA	NA	NA	NA	NA	NA	NA	NA	NA	NA	NA	NA	NA	NA	NA	NA	NA	NA	NA	NA	NA	NA	NA	NA	NA	NA	NA	NA	NA	NA	NA	NA	NA	NA	NA	NA	NA	NA	NA	NA	NA	NA	NA	NA	NA	NA	NA	NA	NA	NA	NA	NA	NA	NA	NA	NA	NA	NA
GH158	2.94709	4.57011	5.52911	3.88932	0.225	1.63196	6.76282	12.78349	14.98817	8.9787	14.18375	10.0607	5.10676	5.18487	78.89184	75.90106	35.83278	59.09527	52.86491	19.40247	6.89428	8.17475	29.04972	17.19578	11.78827	7.39859	10.11213	12.8837	21.96222	15.0676	14.76887	11.22614	18.83773	11.0333	20.17716	8.31661	6.65508	6.77439	5.80712	7.44087	3.59922	24.79804	4.68101	1.40556	6.54251	0.37215	5.54195	1.89339	22.4806	7.91834	5.99842	7.45192	1.33566	9.56366	2.36409	1.35672	1.05944	0.36135	0.96634	0.75098	1.93093	1.42377	0.37528	1.45811	1.74224	0.69477	1.45067	0.19119	7.75426	15.81292	1.61358	1.40864	4.6803	4.3194	7.4423	8.0892	13.52618	1.52108	14.45279	8.09054	14.36407	13.80008	3.73415	9.23279	2.75449	3.89581	1.98635	3.92123	13.69204	35.32849	10.37155	20.03386	7.50656	6.52453	27.9988	13.7222	NA	NA	NA	NA	NA	NA	NA	37.05364	34.70489	39.12152	20.97436	25.32803	17.62574	28.12175	NA	NA	0.41146	NA	NA	NA	NA	1.44098	1.20644	NA	0.61736	0.53284	3.23619	2.70768	20.51258	20.34365	32.93103	26.21372	3.0519	2.52642	1.86037	1.20089	14.37613	12.69262	7.67463	12.81405	2.5455	8.82208	17.65544	11.02463	1.52992	0.90233	1.23775	2.54688	43.29775	72.85364	50.91742	25.83335	24.50491	13.75196	22.72612	13.26005	12.08958	17.79151	16.58606	13.34462	28.27107	17.64251	11.81935	7.12636	2.19458	5.71378	6.42716	12.61102	13.78861	3.07256	19.0213	26.5706	5.59701	2.51465	2.80347	0.9306	19.02592	9.55235	18.85408	7.85043	11.72063	11.38967	14.50183	9.30597	13.89103	18.21574	12.31309	9.59305	29.47364	33.40657	28.8741	86.2289	11.71056	16.90758	11.93083	9.20682	0.73354	1.61638	0.2831	NA	NA	1.11442	2.19009	0.73335	30.30567	17.27984	0.60596	5.60391	1.57937	8.15235	9.50176	9.44624	2.71316	1.75795	0.89502	0.88133	1.0247	2.52317	0.58452	0.71176	NA	NA	NA	NA	NA	0.76176	NA	NA	NA	NA	NA	NA	NA	NA	NA	NA	NA	NA	NA	NA	NA	NA	NA	NA	NA	NA	NA	NA	NA	NA	NA	NA	NA	NA	NA	NA	NA	NA	NA	NA	NA	NA	NA	NA	NA	NA	NA	NA	NA	NA	NA	NA	NA	NA	NA	NA	NA	NA	NA	NA	NA	NA	NA	NA	NA	NA	NA	NA	NA	NA	NA	NA	NA	NA	NA	NA	NA	NA	NA	NA	NA	NA	NA	NA	NA	NA	NA	NA	NA	NA	NA	NA	NA	NA	NA	NA	NA	NA	NA	NA	NA	NA	NA	NA	NA	NA	NA	NA	NA	NA	NA	NA	NA	NA	NA	NA	NA	NA	NA	NA	NA	NA	NA	NA	NA	NA	NA	NA	NA	NA	NA	NA	NA	NA	NA	NA	NA	NA	NA	NA	NA	NA	NA	NA	NA	NA	NA	NA	NA	NA	NA	NA	NA	NA	NA	NA	NA	NA	NA	NA	NA
GH159	8.51591	6.03101	9.70701	11.46197	14.64625	16.23117	6.0348	9.04805	8.74937	26.44658	13.3993	15.2473	17.70158	12.09915	NA	NA	NA	0.38688	0.44044	NA	0.36708	2.46073	4.43106	2.753	4.67046	9.6317	20.97526	5.06749	19.55879	9.94676	12.81408	15.07455	8.70246	11.31239	20.11005	5.90884	7.35903	12.37569	12.76862	22.42021	20.01218	10.05993	5.96027	8.36971	11.7482	14.00569	9.21044	11.13323	16.80211	16.52575	18.03615	23.64417	13.36283	21.28242	4.27832	5.90498	2.06308	2.34066	5.10788	2.86534	5.23709	3.63249	1.29603	6.05594	15.95102	7.84908	4.36453	3.00781	2.32281	3.39682	4.65955	3.83798	4.90534	2.92868	4.12659	4.79873	4.5381	0.65725	2.44522	3.29699	4.05713	6.59065	38.70452	48.48354	55.22987	41.24766	39.7635	41.18949	38.57477	25.19866	21.72718	27.27637	18.16204	19.75535	98.59276	29.30376	9.16149	14.37851	7.98263	14.33284	11.23162	6.07022	10.65524	7.19155	7.04238	11.10928	6.04709	7.28633	5.88748	8.04463	29.71717	23.96069	4.46662	16.97413	18.25973	10.28276	11.29312	5.503	5.4541	6.85852	4.67665	2.11228	2.97164	1.97345	5.84736	7.78478	3.41619	4.58534	7.32329	6.73087	5.29822	4.90312	11.21733	8.34116	10.76544	8.08634	26.45111	14.28806	16.4364	8.8996	4.39279	3.01724	2.47132	5.02727	0.60878	0.09419	0.71901	0.9934	8.27746	8.95871	7.35624	8.40302	44.93589	31.46046	26.85852	32.3574	41.80369	29.89188	40.88594	28.87541	4.68729	6.8461	2.65482	5.84332	6.11549	6.84293	6.13495	7.27716	5.09526	3.51621	7.36779	2.32081	3.97936	2.72865	3.82622	4.69117	13.61787	13.01982	10.17654	15.52181	4.90303	8.22533	1.17595	1.3293	12.97684	4.05699	10.40953	NA	4.43946	1.63384	5.01727	2.85865	1.31572	3.85826	0.16882	NA	NA	1.49368	1.31426	1.84987	6.39495	7.83562	5.69444	3.80158	6.31042	8.44928	6.62612	5.14536	3.37243	5.70042	1.98214	0.67914	3.03709	5.60484	5.70839	2.84576	12.5869	13.02201	10.26932	13.91834	16.80113	9.49463	NA	NA	NA	NA	NA	NA	NA	NA	NA	NA	NA	NA	NA	NA	NA	NA	NA	NA	NA	NA	NA	NA	NA	NA	NA	NA	NA	NA	NA	NA	NA	NA	NA	NA	NA	NA	NA	NA	NA	NA	NA	NA	NA	NA	NA	NA	NA	NA	NA	NA	NA	NA	NA	NA	NA	NA	NA	NA	NA	NA	NA	NA	NA	NA	NA	NA	NA	NA	NA	NA	NA	NA	NA	NA	NA	NA	NA	NA	NA	NA	NA	NA	NA	NA	NA	NA	NA	NA	NA	NA	NA	NA	NA	NA	NA	NA	NA	NA	NA	NA	NA	NA	NA	NA	NA	NA	NA	NA	NA	NA	NA	NA	NA	NA	NA	NA	NA	NA	NA	NA	NA	NA	NA	NA	NA	NA	NA	NA	NA	NA	NA	NA	NA	NA	NA	NA	NA	NA	NA	NA	NA	NA	NA	NA	NA	NA	NA	NA	NA	NA	NA	NA	NA	NA	NA
GH16	538.09716	487.04103	419.61382	527.27243	417.95948	432.952	428.7737	434.53756	457.31592	471.89468	483.53926	529.63007	443.43473	334.85636	617.01922	570.04932	451.31652	607.77126	642.80915	410.51082	328.76683	302.0954	549.0458	283.4503	358.58295	425.97992	498.40807	496.19249	527.44675	449.70546	497.13348	454.32412	544.48456	506.40062	514.03019	436.06906	443.93932	460.04477	383.70805	446.23453	448.48243	595.8885	342.93864	370.91747	594.1527	358.31478	385.33167	634.16252	727.9265	636.19794	607.26497	665.48797	538.92517	642.43943	403.84264	501.43178	370.95456	404.39527	439.01724	444.47084	428.21473	263.12162	280.80826	657.76066	567.70897	465.97845	507.74163	448.83545	476.22666	484.82126	399.50953	216.26481	311.49951	302.25974	322.59901	917.03635	603.50554	627.30582	275.47728	311.14054	476.17202	596.54988	523.19715	590.10165	478.29205	487.7511	521.48878	506.71699	558.42414	527.09395	406.58172	343.18398	357.74231	458.27054	663.45995	154.94306	373.07741	500.39642	501.81719	332.50474	364.21335	404.24835	588.87303	401.78563	516.89347	523.55606	472.46556	491.75246	405.77722	479.74202	519.4456	488.35225	836.97588	369.31741	405.11535	367.34056	230.87242	564.4029	650.25864	693.82694	613.70968	805.41209	534.99714	978.54457	496.76352	463.81941	345.36996	414.21984	441.15666	514.21505	416.20956	692.81125	540.51505	367.51065	353.14376	509.83456	802.22669	676.96525	563.81672	479.98945	621.75194	417.15377	570.68959	654.44632	611.05543	713.47811	500.98292	524.90322	404.87122	457.78115	402.83983	455.91567	483.67873	480.68856	475.13708	522.17124	398.9693	368.03001	249.2377	209.34741	473.37934	426.98889	324.52472	438.61033	657.33741	690.43581	524.05702	664.06041	438.51247	361.93718	381.94236	310.4056	353.10878	529.48124	337.8293	524.4288	490.56365	538.0008	407.0243	463.92151	404.32047	458.94013	226.66749	365.90748	589.29628	371.87021	510.20398	110.79575	510.96695	485.16118	448.41905	555.8635	367.65895	533.39359	424.20986	410.2277	120.92875	1084.85754	759.13438	585.09746	543.77622	530.01757	496.35727	428.13989	590.89811	473.26255	539.0057	506.63869	534.10744	475.09405	451.45283	579.18475	449.9146	272.87783	519.06187	446.31655	499.79222	522.97765	600.02005	479.58073	463.06933	489.96156	NA	NA	NA	NA	NA	NA	NA	NA	NA	NA	NA	NA	NA	NA	NA	NA	NA	NA	NA	NA	NA	NA	NA	NA	NA	NA	NA	NA	NA	NA	NA	NA	NA	NA	NA	NA	NA	NA	NA	NA	NA	NA	NA	NA	NA	NA	NA	NA	NA	NA	NA	NA	NA	NA	NA	NA	NA	NA	NA	NA	NA	NA	NA	NA	NA	NA	NA	NA	NA	NA	NA	NA	NA	NA	NA	NA	NA	NA	NA	NA	NA	NA	NA	NA	NA	NA	NA	NA	NA	NA	NA	NA	NA	NA	NA	NA	NA	NA	NA	NA	NA	NA	NA	NA	NA	NA	NA	NA	NA	NA	NA	NA	NA	NA	NA	NA	NA	NA	NA	NA	NA	NA	NA	NA	NA	NA	NA	NA	NA	NA	NA	NA	NA	NA	NA	NA	NA	NA	NA	NA	NA	NA	NA	NA	NA	NA	NA	NA	NA	NA	NA	NA	NA	NA	NA
GH161	10.80953	10.09092	22.37147	16.17815	9.99727	7.44142	12.54621	15.56404	24.93104	19.43932	8.07921	13.22788	9.73893	12.70787	3.12111	2.24162	0.77906	2.18848	1.48042	0.26118	NA	9.39119	9.92644	7.67262	9.34404	10.5273	12.24292	13.50172	5.91129	6.33152	11.72645	6.69292	6.11207	12.21795	8.19253	3.83362	2.34615	0.75687	1.19801	1.76783	3.30552	6.05369	6.40561	6.58839	10.09956	2.83219	3.82229	4.34705	4.93471	8.71808	2.94438	3.40395	2.03862	2.35712	14.07042	17.25462	16.40152	24.24721	21.6642	25.28523	20.24841	6.57033	10.2589	9.76535	5.52925	3.62405	11.25016	4.40202	12.32167	8.54021	4.77936	6.33375	7.07587	9.35742	6.69993	7.35315	7.7411	6.43559	4.6681	6.29206	5.44362	7.66102	13.42253	11.59665	6.60589	9.59744	4.85682	5.87536	5.72781	14.36407	19.49173	22.7965	16.20048	37.29223	1.45215	8.24993	5.68012	15.92209	8.10157	13.80432	7.27407	4.58865	7.39779	6.94504	17.79624	13.83905	7.30519	7.54969	2.64952	6.92329	2.49249	5.96621	22.85988	7.06472	4.43617	2.53605	5.67183	15.8688	14.58541	33.2917	32.81261	32.08574	39.68302	15.70511	10.60498	5.84735	5.62703	3.97859	6.52315	4.77602	7.5358	7.7298	11.50673	15.62824	7.19891	9.03947	5.8284	7.26541	10.44129	6.40127	14.42064	24.31078	26.53604	24.8789	2.1134	3.73376	4.48248	2.49568	11.94059	15.29251	13.45331	20.77897	3.97264	3.62422	7.3399	6.45134	4.95884	3.75161	1.42436	2.32333	12.75975	13.47892	20.10741	8.27786	12.06469	10.35122	4.64076	10.70464	7.24343	8.22243	8.31959	7.53225	7.7971	6.28673	7.03608	7.3017	20.34772	9.36436	10.2485	10.39552	3.29818	3.85456	2.44324	6.245	6.81185	14.79606	5.10019	3.93272	15.60824	9.21985	12.37767	7.57667	4.52098	6.26007	3.84171	2.83237	NA	3.82928	9.11389	7.64492	3.5411	4.92997	3.63453	4.7655	4.33739	1.75685	6.66255	7.914	17.20397	18.56238	15.38399	12.7891	13.345	7.99657	10.82949	18.55619	12.10246	19.62095	7.65834	5.86696	14.50704	11.15937	NA	NA	NA	NA	NA	NA	NA	NA	NA	NA	NA	NA	NA	NA	NA	NA	NA	NA	NA	NA	NA	NA	NA	NA	NA	NA	NA	NA	NA	NA	NA	NA	NA	NA	NA	NA	NA	NA	NA	NA	NA	NA	NA	NA	NA	NA	NA	NA	NA	NA	NA	NA	NA	NA	NA	NA	NA	NA	NA	NA	NA	NA	NA	NA	NA	NA	NA	NA	NA	NA	NA	NA	NA	NA	NA	NA	NA	NA	NA	NA	NA	NA	NA	NA	NA	NA	NA	NA	NA	NA	NA	NA	NA	NA	NA	NA	NA	NA	NA	NA	NA	NA	NA	NA	NA	NA	NA	NA	NA	NA	NA	NA	NA	NA	NA	NA	NA	NA	NA	NA	NA	NA	NA	NA	NA	NA	NA	NA	NA	NA	NA	NA	NA	NA	NA	NA	NA	NA	NA	NA	NA	NA	NA	NA	NA	NA	NA	NA	NA	NA	NA	NA	NA	NA	NA
GH163	17.96356	14.97582	8.26642	11.83354	6.63109	6.42568	12.58236	23.57825	9.20941	18.23415	19.08326	14.42409	16.56615	11.53914	81.18467	64.36126	72.34698	77.20072	81.23932	28.17028	17.59906	4.19145	22.40048	16.36773	12.25682	13.38198	12.71983	12.77018	42.20744	21.18903	27.13152	55.97276	37.88196	77.81802	38.53545	19.77123	10.76214	38.6459	54.34839	20.66932	16.66856	34.76325	3.0644	5.60624	19.75014	5.8501	6.99944	10.45514	16.64707	11.12045	9.61368	17.03185	2.75166	14.78655	24.23941	21.22358	14.00347	10.0384	17.8972	12.33268	31.74549	10.55803	1.74356	14.52901	21.783	17.94493	13.30738	8.37041	22.38018	20.26522	25.87116	8.22043	16.79316	9.06265	14.45061	13.50657	15.7956	1.90195	6.13372	13.41167	27.57246	20.86822	18.15135	18.88855	10.5273	6.49137	6.59465	8.76393	16.06839	34.87237	15.94897	20.71645	13.23733	7.42357	53.14109	21.6093	15.29834	21.45569	27.70141	5.4086	15.07674	18.9327	21.52272	20.75299	25.23047	21.6683	17.70182	17.91802	20.60828	22.7829	11.43366	8.54281	15.49758	15.12876	12.29366	4.95145	3.38939	11.20647	8.55647	9.76236	8.45142	7.83664	14.54462	9.45114	18.91074	19.02852	13.39376	13.09638	25.39573	22.00156	7.47072	13.55356	14.14775	28.75657	13.39922	14.34006	27.22139	12.22458	30.87115	17.28347	11.15984	5.01685	7.25129	7.47146	41.42263	53.02237	48.75506	29.68231	18.6826	12.45498	9.11829	8.09937	15.338	15.39611	15.6475	14.37758	35.01699	25.55129	15.65245	12.37002	35.10919	53.27176	35.11159	33.289	31.07356	43.9485	11.80797	17.22526	21.16201	13.25568	14.9883	7.68464	12.32735	12.43528	12.06941	7.3722	51.05507	79.91125	51.8351	81.50972	30.23954	21.36363	21.13936	34.63522	20.08909	20.9984	25.3731	NA	9.64366	5.80443	10.50421	12.92715	10.95203	30.31638	7.05529	5.88322	NA	13.85887	14.66668	12.69733	31.56184	14.99729	7.98118	7.1719	3.81525	7.88457	5.2291	7.17119	18.1822	31.64889	12.80774	19.97076	17.53616	13.84902	11.88578	11.40622	15.93225	16.40936	32.93328	31.17517	6.73121	9.71366	NA	NA	NA	NA	NA	NA	NA	NA	NA	NA	NA	NA	NA	NA	NA	NA	NA	NA	NA	NA	NA	NA	NA	NA	NA	NA	NA	NA	NA	NA	NA	NA	NA	NA	NA	NA	NA	NA	NA	NA	NA	NA	NA	NA	NA	NA	NA	NA	NA	NA	NA	NA	NA	NA	NA	NA	NA	NA	NA	NA	NA	NA	NA	NA	NA	NA	NA	NA	NA	NA	NA	NA	NA	NA	NA	NA	NA	NA	NA	NA	NA	NA	NA	NA	NA	NA	NA	NA	NA	NA	NA	NA	NA	NA	NA	NA	NA	NA	NA	NA	NA	NA	NA	NA	NA	NA	NA	NA	NA	NA	NA	NA	NA	NA	NA	NA	NA	NA	NA	NA	NA	NA	NA	NA	NA	NA	NA	NA	NA	NA	NA	NA	NA	NA	NA	NA	NA	NA	NA	NA	NA	NA	NA	NA	NA	NA	NA	NA	NA	NA	NA	NA	NA	NA	NA
GH164	0.75374	0.88457	1.41364	0.9412	0.28868	NA	0.42369	0.23582	0.07591	0.15782	0.12661	0.04658	0.12483	0.30558	NA	NA	NA	NA	NA	NA	NA	4.41058	8.42506	6.12068	2.64184	1.91421	1.97438	1.50796	2.08204	2.11319	1.88523	2.61187	6.09538	1.28679	0.87417	NA	NA	NA	NA	NA	NA	4.75431	1.20233	2.28245	3.50984	0.32952	2.86346	NA	NA	NA	0.07755	NA	NA	NA	0.64475	1.48767	NA	0.2489	0.30454	NA	0.30117	1.58065	0.30001	1.15539	1.06581	4.2561	1.27014	4.59577	0.61759	0.33427	0.04687	0.08503	0.26581	NA	0.1609	2.03153	2.53697	1.25897	1.60075	1.49791	0.93	1.43955	4.74273	5.04911	1.79555	1.51745	0.71319	3.2954	2.928	NA	NA	NA	NA	NA	NA	NA	1.54437	3.8219	1.09246	2.55228	1.41928	1.22807	2.58226	4.12066	4.07687	2.68983	4.30878	1.28811	1.49587	4.47677	1.02998	1.1239	0.90928	2.05996	1.44417	1.19174	5.87971	2.77696	3.80491	0.85981	2.1191	0.3805	1.82922	2.90175	3.19119	2.83721	0.71033	0.71422	0.34982	0.10348	0.52923	0.25512	0.6872	0.24877	0.17753	0.02892	2.86131	3.2154	1.84871	0.52868	2.88257	1.54802	1.74705	2.07566	NA	NA	NA	NA	8.76037	6.63971	1.69106	3.47227	5.21251	3.32912	1.43078	2.62322	NA	NA	NA	NA	0.15065	0.06524	0.18824	NA	1.53602	2.91469	2.63581	5.81663	1.96591	0.81313	0.47668	0.09507	1.20222	1.75356	1.44369	2.21253	0.90405	0.99086	0.4804	0.79315	NA	NA	NA	NA	13.59785	11.3934	8.18425	NA	0.86343	1.0949	1.18078	2.47056	NA	NA	NA	NA	NA	0.0348	NA	NA	2.44671	1.84106	0.75492	0.85794	NA	NA	NA	NA	0.05929	0.35608	0.07059	0.1615	2.76069	2.92189	4.08139	0.48377	2.28229	6.57824	1.0279	0.71257	0.43041	1.91306	NA	NA	NA	NA	NA	NA	NA	NA	NA	NA	NA	NA	NA	NA	NA	NA	NA	NA	NA	NA	NA	NA	NA	NA	NA	NA	NA	NA	NA	NA	NA	NA	NA	NA	NA	NA	NA	NA	NA	NA	NA	NA	NA	NA	NA	NA	NA	NA	NA	NA	NA	NA	NA	NA	NA	NA	NA	NA	NA	NA	NA	NA	NA	NA	NA	NA	NA	NA	NA	NA	NA	NA	NA	NA	NA	NA	NA	NA	NA	NA	NA	NA	NA	NA	NA	NA	NA	NA	NA	NA	NA	NA	NA	NA	NA	NA	NA	NA	NA	NA	NA	NA	NA	NA	NA	NA	NA	NA	NA	NA	NA	NA	NA	NA	NA	NA	NA	NA	NA	NA	NA	NA	NA	NA	NA	NA	NA	NA	NA	NA	NA	NA	NA	NA	NA	NA	NA	NA	NA	NA	NA	NA	NA	NA	NA	NA	NA	NA	NA	NA	NA	NA	NA	NA	NA
GH165	6.4288	8.11892	9.54232	9.54641	3.55615	4.22748	6.51068	11.87185	10.3615	6.99824	9.89199	10.61863	13.75234	3.90308	14.0658	33.08727	21.52298	30.20844	45.82226	15.01044	4.46282	7.57955	36.12997	14.2005	19.07773	22.37268	22.66778	14.23025	16.48432	11.27436	18.78355	21.06896	18.72207	16.11267	15.48798	31.89297	19.14878	49.41423	50.27373	19.26536	20.13361	18.26991	6.83034	10.03943	15.57935	4.60752	10.94003	37.21451	29.41805	34.30872	51.62074	47.03303	32.13809	23.64763	10.29137	10.15245	5.59987	7.48921	6.54134	5.1623	9.79437	5.33412	2.57863	9.08129	6.69997	3.23491	5.33369	1.82583	9.98005	10.57229	10.70812	6.3745	14.96394	10.69981	7.14377	12.39168	15.09176	3.06727	6.84672	11.77064	23.32285	23.52659	6.0254	9.10694	6.57457	5.56661	6.47638	4.13822	12.98262	48.07146	20.95881	33.54113	21.37607	9.24687	65.61202	28.07406	73.62165	64.08705	121.94346	145.61755	146.71531	180.46361	81.19245	10.09336	15.54087	19.99379	20.87063	20.12182	17.78327	11.37087	32.33651	26.01265	2.87424	13.46289	14.82201	11.3926	9.02812	2.45603	2.65188	1.43098	2.16687	2.2556	1.46172	3.55911	9.65016	12.72743	9.57544	8.62617	6.18725	5.40276	3.49509	3.67304	10.4482	9.40207	7.29001	10.68262	11.61095	8.74768	18.48384	10.88383	3.11303	1.15663	1.07293	3.27911	28.24918	27.24638	7.53999	21.47799	24.58317	15.26122	21.537	11.14548	4.61713	9.57046	15.61956	7.33833	42.42116	32.77109	17.99426	13.99262	10.81962	17.86803	4.77554	12.04764	31.28199	27.39177	15.12835	27.43431	10.48346	6.92649	4.59763	5.09244	7.43489	11.26681	6.84022	6.8176	11.35542	20.55942	16.63815	19.4402	45.00514	24.27908	30.51008	50.95413	91.61755	64.56453	117.41467	66.68386	28.62278	27.49281	71.71511	30.14873	9.4685	8.1501	1.15176	0.81942	15.1769	2.58632	2.9937	2.39341	13.54732	9.02916	2.72461	7.70332	19.67267	18.10854	35.94462	40.56738	5.18041	8.26257	4.48433	1.97753	4.47402	4.07682	2.43684	4.42699	94.57363	33.32826	77.75084	39.57454	4.57373	8.62107	NA	NA	NA	NA	NA	NA	NA	NA	NA	NA	NA	NA	NA	NA	NA	NA	NA	NA	NA	NA	NA	NA	NA	NA	NA	NA	NA	NA	NA	NA	NA	NA	NA	NA	NA	NA	NA	NA	NA	NA	NA	NA	NA	NA	NA	NA	NA	NA	NA	NA	NA	NA	NA	NA	NA	NA	NA	NA	NA	NA	NA	NA	NA	NA	NA	NA	NA	NA	NA	NA	NA	NA	NA	NA	NA	NA	NA	NA	NA	NA	NA	NA	NA	NA	NA	NA	NA	NA	NA	NA	NA	NA	NA	NA	NA	NA	NA	NA	NA	NA	NA	NA	NA	NA	NA	NA	NA	NA	NA	NA	NA	NA	NA	NA	NA	NA	NA	NA	NA	NA	NA	NA	NA	NA	NA	NA	NA	NA	NA	NA	NA	NA	NA	NA	NA	NA	NA	NA	NA	NA	NA	NA	NA	NA	NA	NA	NA	NA	NA	NA	NA	NA	NA	NA	NA
GH166	22.9508	24.75087	13.81929	26.3697	24.97185	42.11244	25.43897	32.45578	28.53626	46.75157	29.6575	46.79836	49.58285	36.77502	NA	NA	NA	NA	NA	NA	NA	3.22308	2.61537	5.62636	17.49283	24.42258	23.26229	8.01785	4.74438	6.0318	14.61739	16.96809	4.49804	17.28266	7.92653	1.70525	4.38942	2.28977	3.66977	3.26048	2.94136	4.01547	13.32375	10.23478	24.19443	17.15269	21.78588	4.21907	2.30194	7.12083	3.00318	3.42257	3.28061	1.62748	21.65184	8.40284	14.13344	15.57157	21.7673	22.32561	18.97805	9.71198	12.98078	55.82247	49.32329	42.13216	26.78461	31.10936	18.94899	14.39891	15.17101	15.49444	6.4866	9.68961	18.46758	2.87971	2.66239	4.57506	5.16637	5.47835	17.44485	2.5566	22.23246	26.97855	49.35998	57.20082	76.6756	40.95753	38.664	14.78516	4.2438	33.8597	30.02964	24.83405	4.03922	2.88808	6.71993	17.24122	10.58454	23.08122	19.74384	7.271	5.09005	7.397	8.84678	25.71601	18.53364	14.15922	15.19583	10.75847	3.55584	8.06203	12.97073	7.48777	1.33342	17.65861	11.96959	15.38577	11.44117	17.97638	11.58598	16.73177	19.75874	2.44962	8.28182	12.98499	15.54105	18.41389	21.39917	14.90928	26.88232	17.047	12.96782	25.59782	65.3646	35.01579	8.73418	14.87297	8.83259	29.0422	6.62486	15.43471	3.75278	16.66538	19.85298	15.73285	3.58154	14.40263	2.7894	4.9228	14.48513	16.98267	12.02537	37.61784	23.0717	15.64375	15.13874	10.95109	3.05229	2.92092	10.89194	26.47862	17.88737	13.70771	11.0705	10.73611	12.84698	12.24963	9.68193	12.14926	16.29139	11.17007	3.95396	5.85743	8.28808	6.30753	19.09195	13.39631	13.77773	13.76113	0.42022	1.66807	6.62508	1.19032	7.48139	16.9735	4.61872	NA	8.66318	8.41063	0.89969	13.56808	2.44135	3.36911	4.74944	4.26325	NA	1.52639	2.32981	4.36408	24.39924	24.03728	31.43464	40.03658	4.80033	2.84489	1.3376	0.77179	31.47633	18.1235	21.37342	9.70148	13.7588	5.82258	29.69968	10.38673	3.82442	2.37583	6.84839	4.81756	45.88016	41.89	NA	NA	NA	NA	NA	NA	NA	NA	NA	NA	NA	NA	NA	NA	NA	NA	NA	NA	NA	NA	NA	NA	NA	NA	NA	NA	NA	NA	NA	NA	NA	NA	NA	NA	NA	NA	NA	NA	NA	NA	NA	NA	NA	NA	NA	NA	NA	NA	NA	NA	NA	NA	NA	NA	NA	NA	NA	NA	NA	NA	NA	NA	NA	NA	NA	NA	NA	NA	NA	NA	NA	NA	NA	NA	NA	NA	NA	NA	NA	NA	NA	NA	NA	NA	NA	NA	NA	NA	NA	NA	NA	NA	NA	NA	NA	NA	NA	NA	NA	NA	NA	NA	NA	NA	NA	NA	NA	NA	NA	NA	NA	NA	NA	NA	NA	NA	NA	NA	NA	NA	NA	NA	NA	NA	NA	NA	NA	NA	NA	NA	NA	NA	NA	NA	NA	NA	NA	NA	NA	NA	NA	NA	NA	NA	NA	NA	NA	NA	NA	NA	NA	NA	NA	NA	NA
GH167	0.38848	0.0778	NA	NA	NA	NA	NA	1.22138	1.30935	1.22222	0.56805	1.09958	0.90893	1.04796	NA	NA	NA	NA	NA	NA	NA	NA	NA	NA	NA	0.0704	1.09414	0.44747	2.6377	2.07955	1.35448	1.02488	0.38932	5.99545	1.61518	NA	NA	NA	NA	NA	NA	0.23103	1.30574	0.33308	6.72021	1.9484	4.16857	NA	NA	NA	NA	NA	NA	NA	4.03526	1.54334	0.34623	0.09737	0.27442	0.68624	2.76653	2.59395	1.14745	3.23338	2.79862	2.01004	2.67665	0.16872	4.08481	2.45538	1.06129	0.3964	1.52946	1.16176	0.94443	2.53979	3.8227	0.74297	1.24556	1.58603	2.32264	4.42315	0.26452	0.25765	0.08689	0.19367	0.58909	0.26798	0.41853	1.83865	0.76571	1.03586	1.08621	0.14456	0.32492	5.63248	NA	NA	NA	0.06654	NA	0.26982	0.3202	5.69525	4.56018	6.33068	6.82612	4.71188	5.75912	6.14274	NA	NA	0.66938	0.06734	NA	NA	0.10858	1.33544	0.70916	1.67198	1.24081	0.24078	0.34984	1.14123	4.03088	7.49596	3.31491	2.59198	NA	NA	0.0555	NA	1.19587	0.6346	0.15305	0.05125	0.33814	0.09359	0.17112	0.60522	0.72775	1.49708	1.00474	3.14599	NA	NA	NA	NA	0.0826	NA	0.1711	0.02655	0.19969	0.78237	0.05955	0.145	1.1706	0.45755	0.05749	0.18577	0.2253	1.27962	0.19494	NA	NA	NA	NA	NA	1.95308	0.76841	1.45463	0.84072	0.59592	2.17783	3.4086	1.09279	6.3526	2.83456	0.9823	0.38737	NA	NA	0.02741	NA	1.10318	3.48017	0.35249	NA	0.67573	0.4414	0.95949	0.83042	0.67101	1.24569	NA	0.05051	NA	0.14767	0.78202	0.05479	10.55296	5.10716	0.57151	2.05782	NA	NA	NA	NA	0.29262	0.91747	0.16209	NA	2.39756	1.51097	1.04265	0.27411	0.23448	2.11981	0.10305	0.05488	1.82747	2.26419	NA	NA	NA	NA	NA	NA	NA	NA	NA	NA	NA	NA	NA	NA	NA	NA	NA	NA	NA	NA	NA	NA	NA	NA	NA	NA	NA	NA	NA	NA	NA	NA	NA	NA	NA	NA	NA	NA	NA	NA	NA	NA	NA	NA	NA	NA	NA	NA	NA	NA	NA	NA	NA	NA	NA	NA	NA	NA	NA	NA	NA	NA	NA	NA	NA	NA	NA	NA	NA	NA	NA	NA	NA	NA	NA	NA	NA	NA	NA	NA	NA	NA	NA	NA	NA	NA	NA	NA	NA	NA	NA	NA	NA	NA	NA	NA	NA	NA	NA	NA	NA	NA	NA	NA	NA	NA	NA	NA	NA	NA	NA	NA	NA	NA	NA	NA	NA	NA	NA	NA	NA	NA	NA	NA	NA	NA	NA	NA	NA	NA	NA	NA	NA	NA	NA	NA	NA	NA	NA	NA	NA	NA	NA	NA	NA	NA	NA	NA	NA	NA	NA	NA	NA	NA	NA
GH16_12	NA	NA	NA	NA	NA	NA	NA	NA	NA	NA	NA	NA	NA	NA	NA	NA	NA	NA	NA	NA	NA	NA	NA	NA	NA	NA	NA	NA	NA	NA	NA	NA	NA	NA	NA	NA	NA	NA	NA	NA	NA	NA	0.28714	0.20649	0.9008	NA	NA	NA	NA	NA	NA	NA	NA	NA	NA	NA	NA	NA	NA	NA	NA	NA	NA	NA	NA	NA	NA	NA	NA	NA	NA	NA	NA	NA	NA	NA	NA	NA	NA	NA	NA	NA	NA	NA	NA	NA	NA	NA	NA	NA	NA	NA	NA	NA	NA	NA	NA	NA	NA	NA	NA	NA	NA	NA	NA	NA	NA	NA	NA	NA	NA	NA	NA	NA	NA	NA	NA	NA	NA	NA	NA	NA	NA	NA	NA	NA	NA	NA	NA	NA	NA	NA	NA	NA	NA	NA	NA	NA	NA	NA	NA	NA	NA	NA	NA	NA	NA	NA	NA	NA	NA	NA	NA	NA	NA	0.07857	NA	NA	NA	NA	0.32519	0.42326	0.16078	1.73102	NA	NA	NA	NA	NA	NA	NA	NA	NA	NA	NA	NA	NA	NA	NA	NA	NA	NA	NA	NA	NA	NA	NA	NA	NA	NA	NA	NA	NA	NA	NA	NA	NA	NA	NA	NA	2.81721	0.95915	2.35715	0.14531	NA	NA	NA	NA	NA	NA	NA	NA	NA	NA	NA	NA	NA	NA	NA	NA	1.89445	0.7647	NA	NA	NA	NA	NA	NA	NA	NA	NA	NA	NA	NA	NA	NA	NA	NA	NA	NA	NA	NA	NA	NA	NA	NA	NA	NA	NA	NA	NA	NA	NA	NA	NA	NA	NA	NA	NA	NA	NA	NA	NA	NA	NA	NA	NA	NA	NA	NA	NA	NA	NA	NA	NA	NA	NA	NA	NA	NA	NA	NA	NA	NA	NA	NA	NA	NA	NA	NA	NA	NA	NA	NA	NA	NA	NA	NA	NA	NA	NA	NA	NA	NA	NA	NA	NA	NA	NA	NA	NA	NA	NA	NA	NA	NA	NA	NA	NA	NA	NA	NA	NA	NA	NA	NA	NA	NA	NA	NA	NA	NA	NA	NA	NA	NA	NA	NA	NA	NA	NA	NA	NA	NA	NA	NA	NA	NA	NA	NA	NA	NA	NA	NA	NA	NA	NA	NA	NA	NA	NA	NA	NA	NA	NA	NA	NA	NA	NA	NA	NA	NA	NA	NA	NA	NA	NA
GH16_14	NA	NA	NA	NA	NA	NA	NA	NA	NA	NA	NA	NA	NA	NA	NA	NA	NA	NA	NA	NA	NA	NA	NA	NA	NA	NA	NA	NA	NA	NA	NA	NA	NA	NA	NA	NA	NA	NA	NA	NA	NA	NA	0.34272	NA	0.83623	NA	NA	NA	NA	NA	NA	NA	NA	NA	NA	NA	NA	NA	NA	NA	NA	NA	NA	NA	NA	NA	NA	NA	NA	NA	NA	NA	NA	NA	NA	NA	NA	NA	NA	NA	NA	NA	NA	NA	NA	NA	NA	NA	NA	NA	NA	NA	NA	NA	NA	NA	NA	NA	NA	NA	NA	NA	NA	NA	NA	NA	NA	NA	NA	NA	NA	NA	NA	NA	NA	NA	NA	NA	NA	NA	NA	NA	NA	NA	NA	NA	NA	NA	NA	NA	NA	NA	NA	NA	NA	NA	NA	NA	NA	NA	NA	NA	NA	NA	NA	NA	NA	NA	NA	NA	NA	NA	NA	NA	NA	NA	NA	NA	NA	NA	NA	NA	NA	NA	NA	NA	NA	NA	NA	NA	NA	NA	NA	NA	NA	NA	NA	NA	NA	NA	NA	NA	NA	NA	NA	NA	NA	NA	NA	NA	NA	NA	NA	NA	NA	NA	NA	NA	NA	NA	1.9467	0.3816	2.13272	NA	NA	NA	NA	NA	NA	NA	NA	NA	NA	NA	NA	NA	NA	NA	NA	NA	0.71404	0.68453	NA	NA	NA	NA	NA	NA	NA	NA	NA	NA	NA	NA	NA	NA	NA	NA	NA	NA	NA	NA	NA	NA	NA	NA	NA	NA	NA	NA	NA	NA	NA	NA	NA	NA	NA	NA	NA	NA	NA	NA	NA	NA	NA	NA	NA	NA	NA	NA	NA	NA	NA	NA	NA	NA	NA	NA	NA	NA	NA	NA	NA	NA	NA	NA	NA	NA	NA	NA	NA	NA	NA	NA	NA	NA	NA	NA	NA	NA	NA	NA	NA	NA	NA	NA	NA	NA	NA	NA	NA	NA	NA	NA	NA	NA	NA	NA	NA	NA	NA	NA	NA	NA	NA	NA	NA	NA	NA	NA	NA	NA	NA	NA	NA	NA	NA	NA	NA	NA	NA	NA	NA	NA	NA	NA	NA	NA	NA	NA	NA	NA	NA	NA	NA	NA	NA	NA	NA	NA	NA	NA	NA	NA	NA	NA	NA	NA	NA	NA	NA	NA	NA	NA	NA	NA	NA
GH16_15	NA	NA	NA	NA	NA	NA	NA	NA	NA	NA	NA	NA	NA	NA	NA	NA	NA	NA	NA	NA	NA	NA	NA	NA	NA	NA	NA	NA	NA	NA	NA	NA	NA	NA	NA	NA	NA	NA	NA	NA	NA	NA	NA	NA	NA	NA	NA	NA	NA	NA	NA	NA	NA	NA	NA	NA	NA	NA	NA	NA	NA	NA	NA	NA	NA	NA	NA	NA	NA	NA	NA	NA	NA	NA	NA	NA	NA	NA	NA	NA	NA	NA	NA	NA	NA	NA	NA	NA	NA	NA	NA	NA	NA	NA	NA	NA	NA	NA	NA	NA	NA	NA	NA	NA	NA	NA	NA	NA	NA	NA	NA	NA	NA	NA	NA	NA	NA	NA	NA	NA	NA	NA	NA	NA	NA	NA	NA	NA	NA	NA	NA	NA	NA	NA	NA	NA	NA	NA	NA	NA	NA	NA	NA	NA	NA	NA	NA	NA	NA	NA	NA	NA	NA	NA	NA	NA	NA	NA	NA	NA	0.50917	1.44593	NA	1.84796	NA	NA	NA	NA	NA	NA	NA	NA	NA	NA	NA	NA	NA	NA	NA	NA	NA	NA	NA	NA	NA	NA	NA	NA	NA	NA	NA	NA	NA	NA	NA	NA	NA	NA	NA	NA	NA	NA	NA	NA	NA	NA	NA	NA	NA	NA	NA	NA	NA	NA	NA	NA	NA	NA	NA	NA	NA	NA	NA	NA	NA	NA	NA	NA	NA	NA	NA	NA	NA	NA	NA	NA	NA	NA	NA	NA	NA	NA	NA	NA	NA	NA	NA	NA	NA	NA	NA	NA	NA	NA	NA	NA	NA	NA	NA	NA	NA	NA	NA	NA	NA	NA	NA	NA	NA	NA	NA	NA	NA	NA	NA	NA	NA	NA	NA	NA	NA	NA	NA	NA	NA	NA	NA	NA	NA	NA	NA	NA	NA	NA	NA	NA	NA	NA	NA	NA	NA	NA	NA	NA	NA	NA	NA	NA	NA	NA	NA	NA	NA	NA	NA	NA	NA	NA	NA	NA	NA	NA	NA	NA	NA	NA	NA	NA	NA	NA	NA	NA	NA	NA	NA	NA	NA	NA	NA	NA	NA	NA	NA	NA	NA	NA	NA	NA	NA	NA	NA	NA	NA	NA	NA	NA	NA	NA	NA	NA	NA	NA	NA	NA	NA	NA	NA	NA	NA	NA	NA	NA	NA	NA	NA	NA	NA
GH16_16	NA	NA	NA	NA	NA	NA	NA	NA	NA	NA	NA	NA	NA	NA	NA	NA	NA	NA	NA	NA	NA	NA	NA	NA	NA	NA	NA	NA	NA	NA	NA	NA	NA	NA	NA	NA	NA	NA	NA	NA	NA	NA	0.19367	0.31336	1.82272	NA	0.41184	NA	NA	NA	NA	NA	NA	NA	NA	NA	NA	NA	NA	NA	NA	NA	NA	NA	NA	NA	NA	NA	NA	NA	NA	NA	NA	NA	NA	NA	NA	NA	NA	NA	NA	NA	NA	NA	NA	NA	NA	NA	NA	NA	NA	NA	NA	NA	NA	NA	NA	NA	NA	NA	NA	NA	NA	NA	NA	NA	NA	NA	NA	NA	NA	NA	NA	NA	NA	NA	NA	NA	NA	NA	NA	NA	NA	NA	NA	NA	NA	NA	NA	NA	NA	NA	NA	NA	NA	NA	NA	NA	NA	NA	NA	NA	NA	NA	NA	NA	NA	NA	NA	NA	NA	NA	NA	NA	NA	NA	NA	NA	NA	NA	0.21346	0.75772	0.23746	1.85933	NA	NA	NA	NA	NA	NA	NA	NA	NA	NA	NA	NA	NA	NA	NA	NA	NA	NA	NA	NA	NA	NA	NA	NA	NA	NA	NA	NA	NA	NA	NA	NA	NA	NA	NA	NA	3.07524	0.72779	3.76948	0.07351	NA	NA	NA	NA	NA	NA	NA	NA	NA	NA	NA	NA	NA	NA	NA	NA	1.61402	0.67696	NA	NA	NA	NA	NA	NA	NA	NA	NA	NA	NA	NA	NA	NA	NA	NA	NA	NA	NA	NA	NA	NA	NA	NA	NA	NA	NA	NA	NA	NA	NA	NA	NA	NA	NA	NA	NA	NA	NA	NA	NA	NA	NA	NA	NA	NA	NA	NA	NA	NA	NA	NA	NA	NA	NA	NA	NA	NA	NA	NA	NA	NA	NA	NA	NA	NA	NA	NA	NA	NA	NA	NA	NA	NA	NA	NA	NA	NA	NA	NA	NA	NA	NA	NA	NA	NA	NA	NA	NA	NA	NA	NA	NA	NA	NA	NA	NA	NA	NA	NA	NA	NA	NA	NA	NA	NA	NA	NA	NA	NA	NA	NA	NA	NA	NA	NA	NA	NA	NA	NA	NA	NA	NA	NA	NA	NA	NA	NA	NA	NA	NA	NA	NA	NA	NA	NA	NA	NA	NA	NA	NA	NA	NA	NA	NA	NA	NA	NA	NA	NA	NA	NA	NA	NA	NA
GH16_17	NA	NA	NA	NA	NA	NA	NA	NA	NA	NA	NA	NA	NA	NA	NA	NA	NA	NA	NA	NA	NA	NA	NA	NA	NA	NA	NA	NA	3.31076	1.97942	0.39335	0.65874	1.29085	0.77042	0.96892	NA	NA	NA	NA	NA	NA	0.18869	2.31965	0.6227	5.84443	1.31633	4.82782	NA	NA	NA	NA	NA	NA	NA	2.8034	0.73861	0.58975	NA	0.29102	NA	0.24302	1.68917	0.42529	3.15987	1.85545	2.15185	2.58458	0.48432	2.31483	2.39886	0.92306	0.70035	2.94508	0.37762	1.43097	2.12818	3.20288	0.39898	0.82385	2.13351	3.65165	4.70066	0.19233	0.38157	NA	NA	NA	NA	NA	NA	NA	NA	NA	NA	NA	NA	NA	NA	NA	NA	NA	NA	NA	3.11757	1.39278	5.04447	3.58754	2.58316	1.47599	3.04292	NA	NA	NA	NA	NA	NA	NA	NA	NA	NA	NA	NA	NA	NA	2.62228	4.1595	1.27452	2.19293	NA	NA	NA	NA	NA	NA	NA	NA	NA	NA	NA	NA	NA	NA	NA	NA	NA	NA	NA	NA	NA	NA	NA	NA	NA	NA	NA	0.07887	NA	NA	NA	NA	NA	NA	NA	NA	NA	NA	NA	NA	2.64154	0.56898	1.84291	0.40821	0.61588	1.95092	4.8446	1.1622	1.13162	0.26321	1.07512	0.15627	NA	NA	NA	NA	NA	NA	NA	NA	0.6799	0.72245	0.77194	0.95573	NA	NA	NA	NA	NA	0.14265	0.52984	NA	11.19499	9.06602	1.34139	1.46335	0.07165	NA	0.29328	NA	0.26836	0.24764	0.31046	0.07553	1.74887	1.22738	0.57176	0.27034	NA	0.0822	NA	NA	2.3058	4.28365	NA	NA	NA	NA	NA	NA	NA	NA	NA	NA	NA	NA	NA	NA	NA	NA	NA	NA	NA	NA	NA	NA	NA	NA	NA	NA	NA	NA	NA	NA	NA	NA	NA	NA	NA	NA	NA	NA	NA	NA	NA	NA	NA	NA	NA	NA	NA	NA	NA	NA	NA	NA	NA	NA	NA	NA	NA	NA	NA	NA	NA	NA	NA	NA	NA	NA	NA	NA	NA	NA	NA	NA	NA	NA	NA	NA	NA	NA	NA	NA	NA	NA	NA	NA	NA	NA	NA	NA	NA	NA	NA	NA	NA	NA	NA	NA	NA	NA	NA	NA	NA	NA	NA	NA	NA	NA	NA	NA	NA	NA	NA	NA	NA	NA	NA	NA	NA	NA	NA	NA	NA	NA	NA	NA	NA	NA	NA	NA	NA	NA	NA	NA	NA	NA	NA	NA	NA	NA	NA	NA	NA	NA	NA	NA	NA	NA	NA	NA	NA	NA	NA	NA	NA	NA	NA
GH16_2	NA	NA	NA	NA	NA	NA	NA	NA	NA	NA	NA	NA	NA	NA	NA	NA	NA	NA	NA	NA	NA	NA	NA	NA	NA	NA	NA	NA	NA	NA	NA	NA	NA	NA	NA	NA	NA	NA	NA	NA	NA	NA	NA	NA	NA	NA	NA	NA	NA	0.5309	NA	NA	NA	NA	NA	NA	NA	NA	NA	NA	NA	NA	NA	0.55388	NA	NA	NA	NA	NA	NA	NA	NA	NA	NA	NA	NA	NA	NA	NA	NA	NA	NA	NA	NA	NA	NA	NA	NA	NA	NA	NA	NA	NA	NA	NA	NA	NA	NA	NA	NA	NA	NA	NA	NA	NA	NA	NA	NA	NA	NA	NA	NA	NA	NA	NA	NA	NA	NA	NA	NA	NA	NA	NA	NA	NA	NA	NA	NA	NA	NA	NA	NA	NA	NA	NA	NA	NA	NA	NA	NA	NA	NA	NA	NA	NA	NA	NA	0.4352	NA	NA	NA	NA	NA	NA	NA	NA	NA	NA	NA	NA	NA	NA	NA	NA	NA	NA	NA	NA	NA	NA	NA	NA	NA	NA	NA	NA	NA	NA	NA	NA	NA	NA	NA	0.12826	NA	NA	NA	NA	NA	NA	NA	NA	NA	NA	NA	NA	NA	NA	NA	NA	NA	NA	NA	NA	NA	0.13512	NA	NA	NA	NA	NA	NA	NA	NA	NA	NA	NA	NA	NA	NA	NA	NA	NA	NA	NA	NA	NA	NA	NA	NA	NA	NA	NA	NA	NA	NA	NA	NA	NA	NA	NA	NA	NA	NA	NA	NA	NA	NA	NA	NA	NA	NA	NA	NA	NA	NA	NA	NA	NA	NA	NA	NA	NA	NA	NA	NA	NA	NA	NA	NA	NA	NA	NA	NA	NA	NA	NA	NA	NA	NA	NA	NA	NA	NA	NA	NA	NA	NA	NA	NA	NA	NA	NA	NA	NA	NA	NA	NA	NA	NA	NA	NA	NA	NA	NA	NA	NA	NA	NA	NA	NA	NA	NA	NA	NA	NA	NA	NA	NA	NA	NA	NA	NA	NA	NA	NA	NA	NA	NA	NA	NA	NA	NA	NA	NA	NA	NA	NA	NA	NA	NA	NA	NA	NA	NA	NA	NA	NA	NA	NA	NA	NA	NA	NA	NA	NA	NA	NA	NA	NA	NA	NA	NA	NA	NA	NA	NA	NA	NA	NA	NA	NA	NA	NA	NA	NA	NA
GH16_21	18.04682	7.44425	15.07336	14.2897	21.16216	19.12615	14.62589	14.47689	22.48417	18.64196	11.938	21.15576	17.21861	9.51672	NA	NA	NA	NA	NA	2.07334	10.43117	23.13862	1.16567	5.76903	32.95886	40.33656	43.95233	24.21268	0.63337	4.24893	0.64147	2.79988	1.31492	0.13353	1.01394	NA	NA	NA	NA	NA	NA	0.85052	11.49568	19.98873	12.0235	12.02522	23.27553	NA	NA	NA	NA	NA	NA	NA	7.12413	2.76929	3.5788	5.82671	5.55631	5.70149	6.84789	7.93687	6.654	1.5267	0.72246	3.44629	9.12592	5.77419	14.18095	11.80784	11.13724	13.45444	8.61919	12.63637	14.28722	0.67419	2.92172	0.94134	0.43087	1.82129	2.06103	0.87427	12.10393	7.63031	14.87036	18.13766	11.71394	10.30802	8.34189	11.88092	16.80027	12.25125	23.17262	24.70031	1.4407	1.22424	2.31353	19.45494	16.49896	21.03091	17.33451	27.9328	17.33561	22.37032	17.56453	10.82569	30.78983	9.86859	12.99603	9.84573	NA	NA	8.36689	NA	NA	NA	0.26281	2.03795	6.13166	5.20475	14.29519	15.05221	3.90766	8.46126	7.39379	12.93603	21.73803	42.39273	2.75039	16.29557	44.82366	21.24003	4.23496	9.16367	7.32768	7.06712	0.44175	NA	NA	4.90109	9.09774	13.27005	16.47392	12.19297	0.90162	NA	0.59267	1.59118	3.90375	22.51827	37.94053	51.09719	12.48197	5.78408	10.68142	18.74665	7.842	5.83104	12.57721	14.62915	18.17965	17.86983	32.16152	33.30025	NA	NA	17.97059	3.69344	4.95984	9.14025	7.37537	13.80523	2.428	0.25105	3.23596	3.13449	2.17667	0.78346	1.35536	1.2169	NA	NA	4.43312	0.09069	1.64527	2.04242	7.24996	38.97916	7.25281	2.1252	6.64335	2.74051	NA	NA	0.09247	NA	NA	2.26581	NA	NA	11.82854	14.27827	20.32036	11.17239	NA	0.19205	0.20065	NA	11.39705	13.30046	15.71879	3.9734	2.35221	0.40173	2.96842	1.64905	14.40858	0.67207	15.1396	15.08311	17.18421	17.89707	NA	NA	NA	NA	NA	NA	NA	NA	NA	NA	NA	NA	NA	NA	NA	NA	NA	NA	NA	NA	NA	NA	NA	NA	NA	NA	NA	NA	NA	NA	NA	NA	NA	NA	NA	NA	NA	NA	NA	NA	NA	NA	NA	NA	NA	NA	NA	NA	NA	NA	NA	NA	NA	NA	NA	NA	NA	NA	NA	NA	NA	NA	NA	NA	NA	NA	NA	NA	NA	NA	NA	NA	NA	NA	NA	NA	NA	NA	NA	NA	NA	NA	NA	NA	NA	NA	NA	NA	NA	NA	NA	NA	NA	NA	NA	NA	NA	NA	NA	NA	NA	NA	NA	NA	NA	NA	NA	NA	NA	NA	NA	NA	NA	NA	NA	NA	NA	NA	NA	NA	NA	NA	NA	NA	NA	NA	NA	NA	NA	NA	NA	NA	NA	NA	NA	NA	NA	NA	NA	NA	NA	NA	NA	NA	NA	NA	NA	NA	NA	NA	NA	NA	NA	NA	NA
GH16_24	2.5727	0.61426	0.86477	1.02589	1.01023	1.25136	3.45378	8.11465	5.77985	9.91451	6.9214	6.81933	3.56438	4.46196	14.62642	0.94796	1.02833	0.30356	1.9541	1.14211	2.1926	7.61753	3.66016	3.42717	3.04935	3.35727	2.77378	5.05345	4.89557	4.13607	3.17824	2.70751	6.27847	2.13297	3.2134	14.61335	14.35295	7.86847	6.81599	6.90249	7.62736	5.44292	2.61725	6.10844	5.13894	9.16295	4.6906	5.19603	12.09242	2.43669	2.55321	3.93145	1.67321	9.41428	1.67848	1.12551	1.40406	0.89312	2.4617	0.21541	1.79446	6.02149	4.71504	3.96877	2.41889	1.3542	2.91839	1.16523	3.87932	6.19115	3.78494	4.51875	2.88163	3.70323	2.8695	3.73512	4.43728	14.90964	5.83614	5.18772	6.93172	8.52641	12.18516	9.20193	5.16159	5.49605	2.23013	6.09169	5.60616	0.20591	0.23876	0.41677	0.20646	0.56066	0.60789	0.20662	2.79143	6.2718	3.09579	8.1286	3.61052	4.01003	3.91326	4.2978	6.24775	4.40421	4.78329	2.92067	1.88543	6.81051	3.63019	4.24242	2.10887	4.26067	3.82142	5.45772	11.86231	2.13655	2.78707	1.85347	1.82372	1.60827	1.90893	6.46782	5.63971	2.49321	5.24249	0.40686	2.89505	2.73341	1.31491	2.01862	6.94395	7.82362	2.04757	4.56102	14.40735	7.42956	9.59739	6.37683	2.60215	2.42238	2.1217	1.62716	1.59832	0.91543	0.24428	0.0797	8.35219	3.23506	3.70516	2.00755	8.85539	9.75441	5.13118	6.1879	0.32012	0.3357	0.71482	0.40894	3.18087	5.25756	3.00171	6.16698	4.66193	7.0741	8.84033	6.66454	3.14485	2.57789	4.82508	2.03766	4.68229	3.19378	5.9437	7.82221	2.58344	2.23244	1.41137	1.80065	3.60155	5.12866	3.43821	3.4166	10.02872	5.56899	7.30919	NA	2.10131	11.95097	12.19366	13.11931	2.26576	3.00427	0.92993	0.47049	NA	5.40025	8.54978	17.74969	2.04046	3.60273	2.44674	2.71233	2.75356	2.27276	3.10392	2.43365	2.08048	2.24202	2.13745	0.24884	2.3079	4.73286	3.00644	6.77132	6.1458	6.13804	5.94035	1.52152	7.0538	3.97905	NA	NA	NA	NA	NA	NA	NA	NA	NA	NA	NA	NA	NA	NA	NA	NA	NA	NA	NA	NA	NA	NA	NA	NA	NA	NA	NA	NA	NA	NA	NA	NA	NA	NA	NA	NA	NA	NA	NA	NA	NA	NA	NA	NA	NA	NA	NA	NA	NA	NA	NA	NA	NA	NA	NA	NA	NA	NA	NA	NA	NA	NA	NA	NA	NA	NA	NA	NA	NA	NA	NA	NA	NA	NA	NA	NA	NA	NA	NA	NA	NA	NA	NA	NA	NA	NA	NA	NA	NA	NA	NA	NA	NA	NA	NA	NA	NA	NA	NA	NA	NA	NA	NA	NA	NA	NA	NA	NA	NA	NA	NA	NA	NA	NA	NA	NA	NA	NA	NA	NA	NA	NA	NA	NA	NA	NA	NA	NA	NA	NA	NA	NA	NA	NA	NA	NA	NA	NA	NA	NA	NA	NA	NA	NA	NA	NA	NA	NA	NA	NA	NA	NA	NA	NA	NA
GH16_3	73.43989	65.43464	63.62619	76.85775	61.34773	56.91396	61.73962	79.6017	62.3358	89.089	78.34136	74.91301	65.94881	61.20936	127.02587	129.1078	95.7936	131.8926	135.19738	68.54291	42.25832	37.87655	92.07912	50.02041	64.9927	71.0523	78.95093	66.24991	113.14614	67.49053	98.09255	88.26695	106.90429	84.71727	111.50031	72.59296	74.32031	98.83144	95.79651	94.16369	78.60074	112.11988	53.63353	50.24209	78.54741	40.35956	59.65932	114.8058	144.79665	122.52408	127.85696	144.352	108.57716	141.44879	75.42907	86.95436	65.47256	81.83678	88.92384	84.64056	74.98856	34.9669	28.25236	111.65476	87.51673	90.13777	108.05782	88.61049	66.18273	86.90848	80.93042	32.07213	57.00241	55.96179	52.90305	160.62747	111.83266	89.76072	39.31799	52.06953	91.65393	102.20796	91.2397	107.24897	88.28322	85.22943	90.54753	80.56456	102.78953	96.06801	76.68714	67.52608	69.96986	80.77658	138.48878	35.67789	58.88697	73.08822	100.15643	45.88319	66.60991	56.70555	86.55771	90.20823	98.67721	114.08964	105.68636	121.45224	108.97762	104.04087	92.42913	69.23868	120.78303	68.32734	65.7914	59.44891	20.80662	93.96529	108.60152	119.77841	102.92359	129.40534	91.00264	156.93634	107.71146	101.6933	69.90124	64.61271	70.63196	84.71445	58.16786	110.11249	90.73131	62.85275	52.97177	69.33542	122.7766	111.9735	95.47158	78.24744	95.66848	60.92381	87.4129	102.99984	121.98396	145.82768	110.78695	107.85879	69.46599	62.35577	77.69719	66.55561	96.24479	102.86192	92.96541	98.69389	78.33929	73.96196	58.15265	39.97886	59.38375	67.96513	52.10992	52.82867	113.05093	120.00456	82.63554	119.90116	77.67124	54.13742	63.86123	47.18673	52.10939	92.06268	60.19058	74.88808	83.67864	92.8005	88.36608	88.07483	81.12856	90.25223	50.25914	62.69676	111.15653	84.23627	95.59285	157.39784	93.72546	77.03451	72.76786	95.29445	118.67527	156.7157	151.10698	148.1855	37.36365	163.87784	141.46746	168.03877	83.08029	75.19522	47.04062	53.88649	86.0358	78.1714	103.68505	114.02327	85.51398	77.38251	74.25272	110.94762	78.08679	42.19514	90.48016	80.78134	71.55722	78.93086	103.27826	73.65799	54.38259	64.896	NA	NA	NA	NA	NA	NA	NA	NA	NA	NA	NA	NA	NA	NA	NA	NA	NA	NA	NA	NA	NA	NA	NA	NA	NA	NA	NA	NA	NA	NA	NA	NA	NA	NA	NA	NA	NA	NA	NA	NA	NA	NA	NA	NA	NA	NA	NA	NA	NA	NA	NA	NA	NA	NA	NA	NA	NA	NA	NA	NA	NA	NA	NA	NA	NA	NA	NA	NA	NA	NA	NA	NA	NA	NA	NA	NA	NA	NA	NA	NA	NA	NA	NA	NA	NA	NA	NA	NA	NA	NA	NA	NA	NA	NA	NA	NA	NA	NA	NA	NA	NA	NA	NA	NA	NA	NA	NA	NA	NA	NA	NA	NA	NA	NA	NA	NA	NA	NA	NA	NA	NA	NA	NA	NA	NA	NA	NA	NA	NA	NA	NA	NA	NA	NA	NA	NA	NA	NA	NA	NA	NA	NA	NA	NA	NA	NA	NA	NA	NA	NA	NA	NA	NA	NA	NA
GH16_6	2.76624	NA	9.67983	6.01981	NA	0.1065	0.4448	2.68338	6.45603	2.18384	0.6632	1.20348	0.20678	1.5496	5.59559	0.80268	6.08884	3.16136	0.68782	9.60776	21.62925	1.55095	3.95399	0.5976	NA	NA	0.75369	0.76022	0.30218	2.90368	2.63598	1.98389	0.44134	0.53077	2.49697	3.85349	3.61193	2.95247	2.09571	3.96275	3.89278	0.74238	0.79626	1.67262	1.18425	1.63324	0.07929	1.27832	NA	2.38483	1.52137	1.72825	1.17467	1.80826	NA	NA	NA	NA	NA	0.07614	0.10108	1.73964	1.83377	1.02879	0.41465	0.27692	1.12047	0.27739	0.57437	1.66813	0.21152	0.93068	0.40756	1.03189	0.84307	4.10515	1.40006	1.63858	0.74544	1.09571	2.76972	2.18259	0.19458	0.52812	0.10718	NA	NA	NA	NA	0.14438	1.63073	0.28825	0.39119	1.54455	1.59544	NA	2.41719	2.91824	4.1208	1.70667	0.63754	0.57599	3.76033	1.40057	2.11675	1.59539	0.73656	0.10195	NA	1.2358	1.41048	NA	0.21396	0.09655	0.21055	0.09874	1.66956	0.64441	0.30355	0.16926	NA	NA	NA	0.20441	1.82457	0.95189	0.34437	0.78101	0.11223	NA	0.41156	NA	1.52564	0.77518	0.80282	0.95634	2.04747	0.85717	0.37314	NA	0.15576	0.07288	NA	0.07643	6.2807	4.68645	1.01828	2.41582	0.32375	0.15885	NA	0.42591	0.34239	NA	0.3042	0.07826	1.19887	0.6586	0.16595	0.44797	6.94492	2.43554	0.24777	3.38451	0.6645	0.67962	0.82982	0.49875	0.07783	NA	0.59393	0.92559	1.33543	2.70608	1.11924	3.96865	2.92341	1.23256	1.06977	1.11205	1.38379	1.96746	0.44661	1.01035	3.92327	0.31058	0.84664	NA	3.15754	1.52243	1.46915	1.95377	0.60119	0.32475	NA	NA	NA	5.647	10.12921	33.66196	0.07681	1.47077	0.31628	0.22672	1.30116	1.35755	0.94098	0.57123	0.11788	0.08222	0.1435	NA	0.16846	0.20731	0.55959	NA	1.99941	2.61161	0.91521	1.06529	4.18209	2.79225	NA	NA	NA	NA	NA	NA	NA	NA	NA	NA	NA	NA	NA	NA	NA	NA	NA	NA	NA	NA	NA	NA	NA	NA	NA	NA	NA	NA	NA	NA	NA	NA	NA	NA	NA	NA	NA	NA	NA	NA	NA	NA	NA	NA	NA	NA	NA	NA	NA	NA	NA	NA	NA	NA	NA	NA	NA	NA	NA	NA	NA	NA	NA	NA	NA	NA	NA	NA	NA	NA	NA	NA	NA	NA	NA	NA	NA	NA	NA	NA	NA	NA	NA	NA	NA	NA	NA	NA	NA	NA	NA	NA	NA	NA	NA	NA	NA	NA	NA	NA	NA	NA	NA	NA	NA	NA	NA	NA	NA	NA	NA	NA	NA	NA	NA	NA	NA	NA	NA	NA	NA	NA	NA	NA	NA	NA	NA	NA	NA	NA	NA	NA	NA	NA	NA	NA	NA	NA	NA	NA	NA	NA	NA	NA	NA	NA	NA	NA	NA	NA	NA	NA	NA	NA	NA
GH16_8	NA	NA	NA	NA	NA	NA	NA	NA	NA	NA	NA	NA	NA	NA	1.85981	0.63629	4.44336	1.84412	1.47271	6.44365	5.59027	NA	0.2037	NA	NA	NA	NA	0.21197	NA	NA	NA	NA	NA	NA	NA	0.20499	NA	NA	NA	NA	0.30178	NA	NA	NA	NA	NA	NA	NA	NA	NA	NA	NA	NA	NA	NA	NA	NA	NA	NA	NA	NA	NA	NA	NA	NA	NA	NA	NA	NA	0.21433	NA	NA	NA	NA	NA	NA	NA	NA	NA	NA	NA	NA	0.41511	0.20429	NA	NA	NA	NA	NA	NA	NA	NA	NA	NA	NA	0.20404	NA	NA	NA	NA	NA	NA	NA	NA	NA	NA	NA	NA	NA	NA	NA	NA	NA	NA	0.21581	NA	NA	NA	NA	NA	NA	NA	NA	NA	NA	NA	NA	NA	NA	NA	NA	NA	NA	NA	NA	NA	NA	NA	NA	NA	NA	NA	NA	NA	1.6758	0.5039	0.24323	0.32278	NA	0.16606	NA	NA	NA	NA	NA	NA	NA	NA	NA	NA	NA	NA	NA	NA	0.31302	0.31487	0.16912	0.14938	NA	0.08733	NA	0.17403	NA	NA	NA	NA	NA	NA	NA	NA	NA	NA	NA	NA	NA	NA	NA	NA	0.15611	NA	0.16041	NA	0.31787	NA	NA	NA	NA	NA	NA	NA	NA	NA	NA	NA	NA	NA	NA	NA	NA	NA	NA	NA	NA	NA	NA	NA	NA	NA	NA	NA	NA	NA	NA	NA	NA	NA	NA	NA	NA	NA	NA	NA	NA	NA	NA	NA	NA	NA	NA	NA	NA	NA	NA	NA	NA	NA	NA	NA	NA	NA	NA	NA	NA	NA	NA	NA	NA	NA	NA	NA	NA	NA	NA	NA	NA	NA	NA	NA	NA	NA	NA	NA	NA	NA	NA	NA	NA	NA	NA	NA	NA	NA	NA	NA	NA	NA	NA	NA	NA	NA	NA	NA	NA	NA	NA	NA	NA	NA	NA	NA	NA	NA	NA	NA	NA	NA	NA	NA	NA	NA	NA	NA	NA	NA	NA	NA	NA	NA	NA	NA	NA	NA	NA	NA	NA	NA	NA	NA	NA	NA	NA	NA	NA	NA	NA	NA	NA	NA	NA	NA	NA	NA	NA	NA	NA	NA	NA	NA	NA	NA	NA	NA	NA	NA	NA	NA	NA	NA	NA	NA	NA	NA	NA	NA	NA	NA	NA	NA	NA	NA	NA	NA	NA	NA	NA	NA	NA
GH17	0.63974	0.39861	2.02828	1.22509	0.71241	0.27785	1.2534	1.09811	1.7245	1.80474	0.38515	1.36253	1.81908	1.99173	NA	NA	NA	NA	NA	0.23755	NA	NA	NA	NA	NA	NA	NA	NA	0.54194	0.62801	1.42126	0.58593	0.17437	1.01853	1.06242	NA	0.34685	0.32708	0.3442	0.78487	0.50122	0.26195	2.04586	1.19617	1.07313	NA	0.18115	NA	NA	0.85157	NA	NA	NA	NA	1.0016	1.01902	0.27569	0.32509	1.49732	0.71504	0.35813	NA	0.42496	0.42941	0.33228	NA	NA	0.1732	0.42065	0.3591	0.27591	0.33407	0.6366	0.34317	0.99645	0.80894	0.78694	0.79782	0.73537	0.26955	0.88962	NA	0.34473	1.18729	0.76399	0.26537	0.52305	0.08932	0.33037	3.31793	1.12374	0.70629	0.87656	0.92804	0.33142	0.50908	0.34739	0.65872	0.74038	0.59684	1.66075	0.67071	0.72759	0.28091	0.67241	0.99188	0.38762	0.17726	0.36475	0.98401	0.17397	0.9669	6.55806	0.42932	0.62727	0.0878	NA	4.22084	3.20756	7.20453	7.78911	7.24288	8.81565	1.84946	0.12926	0.49755	0.46993	NA	0.70956	0.53361	0.14391	0.61867	0.48879	1.97922	0.64232	0.66916	0.19936	NA	0.39742	0.62804	2.61617	3.95697	7.5383	5.00194	NA	NA	NA	NA	NA	NA	NA	NA	0.0674	0.14464	0.20274	0.41626	0.59708	0.75595	0.14599	0.06729	3.50087	2.47852	4.24853	0.70119	1.16837	0.13105	1.12434	0.30971	0.20421	0.66185	0.78881	0.65637	0.80018	0.49259	0.37933	1.06885	0.67657	0.81526	1.15454	1.63442	0.1891	0.68467	0.27843	0.18576	0.56222	NA	0.12788	NA	0.39164	0.06952	NA	0.26078	0.59185	0.06949	NA	NA	NA	0.50345	3.36579	2.57822	0.13197	0.42739	0.20326	0.64833	NA	NA	NA	NA	1.92912	0.5211	0.06902	0.13537	0.13585	NA	NA	NA	0.65414	1.63201	0.59358	0.95979	1.24619	0.76808	NA	NA	NA	NA	NA	NA	NA	NA	NA	NA	NA	NA	NA	NA	NA	NA	NA	NA	NA	NA	NA	NA	NA	NA	NA	NA	NA	NA	NA	NA	NA	NA	NA	NA	NA	NA	NA	NA	NA	NA	NA	NA	NA	NA	NA	NA	NA	NA	NA	NA	NA	NA	NA	NA	NA	NA	NA	NA	NA	NA	NA	NA	NA	NA	NA	NA	NA	NA	NA	NA	NA	NA	NA	NA	NA	NA	NA	NA	NA	NA	NA	NA	NA	NA	NA	NA	NA	NA	NA	NA	NA	NA	NA	NA	NA	NA	NA	NA	NA	NA	NA	NA	NA	NA	NA	NA	NA	NA	NA	NA	NA	NA	NA	NA	NA	NA	NA	NA	NA	NA	NA	NA	NA	NA	NA	NA	NA	NA	NA	NA	NA	NA	NA	NA	NA	NA	NA	NA	NA	NA	NA	NA	NA	NA	NA	NA	NA	NA	NA	NA	NA	NA	NA	NA	NA
GH18	269.45763	346.79591	357.57763	302.50853	224.95135	260.65419	311.68131	367.01843	318.26015	361.73836	347.04759	378.45424	385.79915	332.34986	1172.758	1083.63369	902.50751	1124.15142	1204.16779	654.98175	546.2139	362.87875	605.27046	445.61056	364.74869	377.12905	389.10319	415.62013	408.48224	403.77122	448.81548	434.42407	463.4913	401.51158	421.4869	413.03127	387.05826	498.8301	509.29086	455.00911	459.14468	462.3527	284.30577	356.80351	428.84569	345.57992	358.03994	518.02844	584.21556	482.89457	498.79037	535.32483	404.89968	477.58698	264.45146	267.54253	220.13715	221.38452	215.25083	226.54636	284.83685	260.64974	292.60728	373.46111	450.95724	407.17585	330.58093	317.10304	311.88046	346.36988	298.74768	308.22025	360.58631	339.20647	244.48565	262.90176	326.22583	274.28038	317.32142	294.29249	392.27125	407.0017	434.60846	496.55084	372.4364	382.43837	334.18394	448.75814	466.56842	598.7807	416.68138	505.85224	424.60793	367.23148	617.96476	380.52864	325.85679	450.89044	473.09567	354.14675	335.10378	299.41793	427.08956	482.84893	568.50674	653.34805	489.53585	540.01228	459.80629	522.27685	590.07413	570.60691	246.28921	600.82723	570.28111	425.07413	488.65518	325.36545	341.80477	260.62804	272.26174	189.26997	333.38708	335.43357	461.21089	470.37513	422.43948	395.48654	276.21204	210.7351	196.04403	172.77739	331.33141	310.45584	297.73933	345.53308	466.11732	413.63159	532.99708	384.40231	273.29012	248.56213	239.46686	253.24093	788.61844	888.48574	720.61331	670.7844	545.81697	441.45273	325.68838	364.1554	422.63189	389.83396	391.87204	410.61874	497.24147	417.4543	368.37782	385.23006	275.29195	324.74538	227.61994	311.50437	593.1815	584.84994	475.63036	587.0312	316.4773	272.08373	226.4395	207.70346	282.84711	282.94994	332.44238	307.43323	391.61705	378.728	359.18955	342.08987	446.07632	420.12764	360.89661	465.8929	559.37815	562.44824	561.02654	353.85243	471.34503	450.39473	385.22954	473.04498	324.95976	181.10351	211.39082	93.09979	377.25496	150.45651	231.44961	290.1688	496.00451	397.80596	367.52702	337.21219	357.13266	401.97707	412.95904	410.40923	230.41194	237.31634	186.21702	131.87686	303.38344	297.15882	302.74688	305.03295	322.07501	367.30867	498.2043	482.15432	365.7207	370.55341	NA	NA	NA	NA	NA	NA	NA	NA	NA	NA	NA	NA	NA	NA	NA	NA	NA	NA	NA	NA	NA	NA	NA	NA	NA	NA	NA	NA	NA	NA	NA	NA	NA	NA	NA	NA	NA	NA	NA	NA	NA	NA	NA	NA	NA	NA	NA	NA	NA	NA	NA	NA	NA	NA	NA	NA	NA	NA	NA	NA	NA	NA	NA	NA	NA	NA	NA	NA	NA	NA	NA	NA	NA	NA	NA	NA	NA	NA	NA	NA	NA	NA	NA	NA	NA	NA	NA	NA	NA	NA	NA	NA	NA	NA	NA	NA	NA	NA	NA	NA	NA	NA	NA	NA	NA	NA	NA	NA	NA	NA	NA	NA	NA	NA	NA	NA	NA	NA	NA	NA	NA	NA	NA	NA	NA	NA	NA	NA	NA	NA	NA	NA	NA	NA	NA	NA	NA	NA	NA	NA	NA	NA	NA	NA	NA	NA	NA	NA	NA	NA	NA	NA	NA	NA	NA
GH19	0.53862	0.15237	NA	0.13722	0.60723	0.40591	0.27551	NA	1.14391	0.79275	NA	NA	NA	NA	0.09344	0.27816	NA	0.26872	0.12876	0.2726	0.14375	0.75183	0.80144	1.52836	1.94656	3.71832	1.00466	4.48066	3.51409	3.81932	5.66134	1.75693	0.87041	1.29843	2.24834	1.35912	1.13908	2.86443	NA	0.13772	NA	1.76715	NA	1.12154	4.20232	1.65699	1.62203	0.58666	0.36109	2.26064	0.32592	0.28333	0.12643	1.27007	22.07269	16.6742	21.15241	10.1177	17.25684	11.156	21.70017	0.97049	0.16708	0.26506	1.83393	0.31405	0.54522	NA	0.77721	1.51294	4.36772	1.58977	2.07541	1.54828	0.95699	1.2101	0.27822	0.2864	0.29627	0.67815	1.85658	0.64338	0.27828	0.78238	0.90856	0.71243	0.42222	0.86673	2.09526	0.62886	0.29991	0.79206	1.00037	0.12598	0.24777	3.19901	1.03208	3.89862	2.51885	4.18655	1.83813	2.58522	5.84128	0.76283	2.62391	3.20828	1.49266	0.37043	NA	2.11181	4.74305	2.99565	2.04466	3.97967	1.46588	1.07727	4.45661	1.65597	2.2218	1.89709	1.58376	1.11229	0.11963	1.23726	4.63434	0.90631	0.57787	0.45563	0.86555	NA	0.48872	0.70849	0.08678	1.09977	NA	NA	5.98306	3.26633	0.36215	0.76481	1.67214	0.71715	1.12009	3.57963	3.59092	2.28796	0.41484	1.09877	1.10746	1.6049	0.71077	3.9352	2.71696	0.2232	0.41625	2.90472	0.20378	0.63831	0.10312	0.21765	2.65106	0.89584	0.63322	0.92797	0.9965	1.96063	NA	0.47799	1.67844	4.83485	4.75022	0.65064	0.23566	0.44594	0.24057	0.10805	0.5056	2.03557	0.72901	2.50918	0.65662	0.13613	NA	0.12299	1.55155	0.85345	0.10168	NA	0.67879	0.22293	0.96443	0.93171	2.56255	4.05895	0.30313	0.0906	142.44243	137.28222	64.83251	93.69479	2.95408	6.04941	0.826	4.25248	0.35475	0.29103	0.09218	0.45386	14.22657	31.72829	8.25681	15.91684	0.19796	0.11974	0.23397	NA	1.92378	0.88158	3.72631	2.27162	0.3973	2.66616	NA	NA	NA	NA	NA	NA	NA	NA	NA	NA	NA	NA	NA	NA	NA	NA	NA	NA	NA	NA	NA	NA	NA	NA	NA	NA	NA	NA	NA	NA	NA	NA	NA	NA	NA	NA	NA	NA	NA	NA	NA	NA	NA	NA	NA	NA	NA	NA	NA	NA	NA	NA	NA	NA	NA	NA	NA	NA	NA	NA	NA	NA	NA	NA	NA	NA	NA	NA	NA	NA	NA	NA	NA	NA	NA	NA	NA	NA	NA	NA	NA	NA	NA	NA	NA	NA	NA	NA	NA	NA	NA	NA	NA	NA	NA	NA	NA	NA	NA	NA	NA	NA	NA	NA	NA	NA	NA	NA	NA	NA	NA	NA	NA	NA	NA	NA	NA	NA	NA	NA	NA	NA	NA	NA	NA	NA	NA	NA	NA	NA	NA	NA	NA	NA	NA	NA	NA	NA	NA	NA	NA	NA	NA	NA	NA	NA	NA	NA	NA	NA	NA	NA	NA	NA	NA
GH2	2097.72589	1995.04163	1844.14443	1930.57547	1773.19019	1940.41702	2029.79147	2252.63342	2102.95201	2259.99551	2187.67797	2366.43504	2435.38998	1860.34557	3985.94311	4257.23892	3322.73605	4172.35274	4568.50767	2705.996	1995.36502	1443.62972	2435.37922	1590.51838	2148.66651	2210.01932	2361.36065	1809.48866	2304.00553	2005.12589	2597.25454	2608.12584	2507.9647	2712.1205	2549.00113	2609.07014	2176.12421	3285.3	3134.37361	2723.58778	2760.14551	2544.52702	2015.19781	1859.82575	2241.98175	1694.51886	1908.26211	2999.04758	3258.92098	2892.57214	3327.34024	3340.20447	2521.15949	2667.77806	1974.66581	2598.3608	2279.25825	2433.26276	2128.5306	2400.18287	2181.57676	1222.91839	1419.64018	1847.8621	1834.3322	1538.16145	1644.69475	1452.32809	1771.66269	1864.50416	1838.46414	1725.88311	1997.85062	1825.75395	1483.17172	1782.0173	2121.89412	1096.27146	1558.7817	1736.96367	2028.08433	2469.07628	2348.78168	2729.97576	2231.18707	2038.75518	1897.05284	2012.27995	2428.13558	2324.47068	1800.59495	2186.37183	1785.07636	1620.54828	3689.57143	1954.20344	1788.11248	2563.85172	2832.42516	2691.41265	2446.06293	2452.69483	2635.46322	2479.4623	2791.31077	3202.45918	2805.68065	3095.88396	2736.01451	2539.60225	3154.80893	2919.51127	2415.28493	2302.53804	2305.98059	2002.35293	1723.43997	1845.71701	2122.12895	1948.68211	1860.72681	2407.71218	2348.20636	2166.5989	2492.73035	2642.10504	2267.40341	2337.84831	2096.02387	1949.72464	1688.73523	2307.87577	2098.78175	1938.72077	1858.56418	2177.03182	2283.08857	1963.9874	2687.97804	2108.62656	2005.75404	1695.00886	1842.27188	2195.07764	3180.5921	3682.08509	2667.93168	2840.42746	1963.26237	1812.92432	2261.80935	1840.68635	2241.90409	2134.86242	2429.54336	2291.01096	2487.39994	2290.55407	2114.98942	1782.3346	1748.66206	2098.05145	1648.06891	1937.04727	3199.85001	3087.68212	2402.40943	3127.49673	1699.31322	1460.40997	1599.92617	1406.49809	1664.33707	1781.68533	1698.08773	1644.754	2433.49619	2916.8112	2814.76192	2523.12019	3227.13652	2461.67736	2334.58649	2800.79799	3026.23194	2835.51502	3284.13047	2424.46109	2294.92505	1955.87167	2173.54866	2166.95756	2077.85151	2422.3273	2356.9729	2057.7	2195.44615	3511.62597	2567.11783	1776.20745	2722.6064	2134.95328	1613.67228	1902.43168	1931.35365	2037.15301	2620.40951	2785.48216	1711.40623	2092.09926	1884.35676	2302.79336	1330.09021	1287.33501	1137.68361	1198.68888	2257.34108	1751.46334	3327.14061	2733.31543	2011.57521	1968.04451	NA	NA	NA	NA	NA	NA	NA	NA	NA	NA	NA	NA	NA	NA	NA	NA	NA	NA	NA	NA	NA	NA	NA	NA	NA	NA	NA	NA	NA	NA	NA	NA	NA	NA	NA	NA	NA	NA	NA	NA	NA	NA	NA	NA	NA	NA	NA	NA	NA	NA	NA	NA	NA	NA	NA	NA	NA	NA	NA	NA	NA	NA	NA	NA	NA	NA	NA	NA	NA	NA	NA	NA	NA	NA	NA	NA	NA	NA	NA	NA	NA	NA	NA	NA	NA	NA	NA	NA	NA	NA	NA	NA	NA	NA	NA	NA	NA	NA	NA	NA	NA	NA	NA	NA	NA	NA	NA	NA	NA	NA	NA	NA	NA	NA	NA	NA	NA	NA	NA	NA	NA	NA	NA	NA	NA	NA	NA	NA	NA	NA	NA	NA	NA	NA	NA	NA	NA	NA	NA	NA	NA	NA	NA	NA	NA	NA	NA	NA	NA	NA	NA	NA	NA	NA	NA
GH20	538.16184	533.52463	585.31082	588.49799	381.96118	458.34742	622.50258	720.83255	583.5226	592.92457	721.4293	685.08065	678.43711	400.19741	1652.19363	1904.11254	1330.89029	1855.36598	2209.87547	925.76754	615.63172	763.84231	1152.84391	718.10498	733.02241	816.08091	883.58865	594.27005	813.77711	522.27493	780.08294	779.18042	989.2498	725.65007	821.20402	1127.61489	676.38356	1537.50617	1441.67172	1152.66881	1119.74319	1040.82825	493.53983	606.25112	837.74781	515.36887	693.72828	1231.34334	1512.86238	1160.99067	1505.49241	1472.36137	1001.09794	1273.74925	701.4817	960.67688	729.56795	807.88987	715.75797	770.2185	762.11226	417.87947	319.67453	504.46913	664.74595	462.19058	454.45697	401.02606	662.56227	734.14624	718.58569	424.46079	655.07632	495.95485	432.91046	1322.29408	1030.95525	593.52946	505.22806	697.74138	958.65223	1254.91212	844.23096	923.30939	541.11713	503.47125	376.11732	648.07225	832.18565	859.40741	705.3491	612.30213	475.02094	642.09831	1157.77837	441.23202	633.143	934.68318	1022.21099	873.96645	690.17222	731.46872	948.96856	809.58238	941.42923	1083.55859	903.78258	962.28197	852.80842	852.28352	1639.91352	1200.68008	734.42131	1137.39047	1227.86271	745.89991	749.3565	656.23256	770.75605	449.77562	488.82898	608.27173	735.98625	1364.74178	819.45713	819.37156	608.36223	618.74421	562.54284	514.35258	413.78348	533.61141	881.52584	604.30335	436.78151	676.20687	1326.75937	1029.97557	1308.23968	820.43744	908.46232	498.20103	599.84803	751.19734	1392.03886	1658.06871	1088.18012	1217.98683	915.13292	719.73718	820.97576	632.69293	823.08358	714.32453	780.88387	860.66624	923.01355	864.52031	685.25444	739.61766	629.06265	799.94437	477.24174	782.02746	1457.18262	1454.55951	950.16831	1482.8711	777.03099	472.77734	475.49503	302.092	633.70674	956.64386	570.10761	770.75624	646.84342	874.7038	803.65468	743.6569	1624.23449	946.14492	1008.63724	1387.81222	1380.65172	1024.71955	1319.3145	1193.60917	801.1303	663.87636	745.68709	769.8797	759.50891	963.19749	810.07886	688.57897	1011.22586	1025.84564	769.98166	580.49609	1077.16227	844.42073	692.68107	674.64204	682.60797	779.7782	1127.66256	1245.42205	533.03213	711.19087	533.81204	536.6352	454.81637	404.40062	367.84507	406.94925	723.77146	853.78806	1342.97683	964.1773	401.02446	653.65679	NA	NA	NA	NA	NA	NA	NA	NA	NA	NA	NA	NA	NA	NA	NA	NA	NA	NA	NA	NA	NA	NA	NA	NA	NA	NA	NA	NA	NA	NA	NA	NA	NA	NA	NA	NA	NA	NA	NA	NA	NA	NA	NA	NA	NA	NA	NA	NA	NA	NA	NA	NA	NA	NA	NA	NA	NA	NA	NA	NA	NA	NA	NA	NA	NA	NA	NA	NA	NA	NA	NA	NA	NA	NA	NA	NA	NA	NA	NA	NA	NA	NA	NA	NA	NA	NA	NA	NA	NA	NA	NA	NA	NA	NA	NA	NA	NA	NA	NA	NA	NA	NA	NA	NA	NA	NA	NA	NA	NA	NA	NA	NA	NA	NA	NA	NA	NA	NA	NA	NA	NA	NA	NA	NA	NA	NA	NA	NA	NA	NA	NA	NA	NA	NA	NA	NA	NA	NA	NA	NA	NA	NA	NA	NA	NA	NA	NA	NA	NA	NA	NA	NA	NA	NA	NA
GH23	610.17003	551.25969	569.32852	541.83458	511.40816	573.04064	521.78455	629.30559	606.39116	568.2863	616.46317	562.46969	602.76546	648.73813	643.79493	693.31364	764.55523	696.53496	673.91974	774.27398	761.15676	749.83336	781.90589	666.04043	576.16583	571.58147	618.97125	740.79039	433.22165	460.55293	520.99907	550.05855	491.95827	573.66014	474.12153	539.25002	468.22267	549.17634	529.88295	526.32814	540.59789	484.59054	600.93587	690.79462	648.91279	685.0034	590.28574	758.0788	768.36254	762.56977	746.00405	766.67216	690.48446	659.86856	737.62959	776.26033	886.0529	763.93811	731.29583	793.73944	728.90365	493.76783	772.4996	803.22152	847.98159	698.62685	603.19193	599.37365	545.12489	481.99306	537.93716	546.65989	495.68709	505.46961	482.84284	412.49191	439.86243	472.10739	458.31087	492.63383	521.86326	562.98716	617.5239	635.15126	545.30981	600.77816	654.5824	652.81792	630.83509	716.18453	636.00877	658.15383	648.79233	667.32412	641.80248	656.23318	380.55024	611.00278	602.60886	658.38511	554.60265	495.35372	600.13604	554.44527	653.89279	677.81173	631.61291	594.70761	609.36591	560.09931	735.44625	793.12169	745.14431	786.23242	745.20773	755.77691	842.98016	605.78622	612.05898	673.00611	639.38152	756.29699	716.28505	523.0178	568.01646	559.17122	575.56037	574.05702	647.88478	559.84077	464.70003	670.55588	553.66643	605.65408	551.75778	518.35187	635.4951	656.85833	734.72441	673.30258	595.49486	604.65878	593.06361	701.99482	586.45653	693.3564	501.73112	576.75331	656.78041	737.52147	574.61524	644.61756	470.80856	476.00633	566.62652	540.05846	619.27287	619.25539	478.56875	548.63909	639.42177	600.02057	511.95862	633.56873	661.35423	672.06805	538.41497	616.34597	463.93841	463.32345	518.58742	401.6364	432.17016	370.78703	433.02978	465.40948	551.53951	585.09468	557.21773	559.85061	533.98331	480.08819	442.95455	558.04553	648.55946	541.75417	666.26403	386.79161	796.38136	680.44133	622.05394	616.42694	755.39843	779.60684	904.89148	766.20638	444.37172	833.04723	678.11944	654.92203	579.87048	538.4527	475.22854	491.89317	649.94721	599.3172	619.42983	585.57955	566.85361	603.05952	573.58806	743.24609	466.88908	455.73184	415.62327	323.67026	533.94002	525.76626	582.61104	558.32018	666.15161	639.50263	NA	NA	NA	NA	NA	NA	NA	NA	NA	NA	NA	NA	NA	NA	NA	NA	NA	NA	NA	NA	NA	NA	NA	NA	NA	NA	NA	NA	NA	NA	NA	NA	NA	NA	NA	NA	NA	NA	NA	NA	NA	NA	NA	NA	NA	NA	NA	NA	NA	NA	NA	NA	NA	NA	NA	NA	NA	NA	NA	NA	NA	NA	NA	NA	NA	NA	NA	NA	NA	NA	NA	NA	NA	NA	NA	NA	NA	NA	NA	NA	NA	NA	NA	NA	NA	NA	NA	NA	NA	NA	NA	NA	NA	NA	NA	NA	NA	NA	NA	NA	NA	NA	NA	NA	NA	NA	NA	NA	NA	NA	NA	NA	NA	NA	NA	NA	NA	NA	NA	NA	NA	NA	NA	NA	NA	NA	NA	NA	NA	NA	NA	NA	NA	NA	NA	NA	NA	NA	NA	NA	NA	NA	NA	NA	NA	NA	NA	NA	NA	NA	NA	NA	NA	NA	NA
GH24	111.15166	90.88611	100.9097	111.34216	85.65058	78.42967	119.14548	209.36461	173.42055	145.49418	153.03566	153.57171	152.72577	158.88751	427.10935	476.33179	345.53449	462.13126	501.37128	247.46018	154.4012	122.0347	191.47078	156.92166	137.06182	161.81737	125.92673	115.50242	287.66688	204.66329	268.47092	316.47299	307.80241	351.94833	304.71713	163.05114	106.06561	216.15123	216.83046	123.85374	120.90192	327.48765	106.18125	116.04533	152.42502	62.65329	121.14559	216.62541	334.02781	219.88824	314.99521	266.88163	162.2318	253.14205	483.22407	682.41444	591.41046	569.68967	526.47733	540.0258	456.50623	164.97523	106.2339	299.66977	321.87112	211.07309	242.2178	129.50748	230.83278	230.70687	243.79221	145.59872	193.78649	169.97079	206.85875	183.53397	214.28263	77.2565	139.17796	200.17545	270.85669	291.67942	228.43193	259.58848	187.99566	156.43009	98.8952	188.49379	229.7279	135.2276	157.43898	88.53299	101.95937	100.76185	287.27844	95.46642	194.9724	213.62642	276.17473	318.79045	299.86388	330.81584	247.68031	182.12296	180.27617	241.8043	176.16011	176.23492	153.66315	189.63157	220.56849	154.77245	344.9117	180.44704	177.86812	132.05435	110.77924	210.43768	280.78721	193.9173	180.95897	296.00567	320.74874	164.49848	166.70108	153.80469	141.99346	138.98235	132.69589	102.27072	88.55505	162.67773	221.12543	189.02513	111.16462	122.78328	263.67125	219.06834	371.51295	268.1456	198.16345	103.73032	173.32912	268.08471	416.26841	377.87699	318.47418	294.89843	183.64479	108.20411	110.17608	85.94387	272.96631	229.35351	209.4798	251.70849	145.94432	136.12622	148.62582	140.11743	240.01358	254.04004	177.80961	268.34027	251.72951	243.23726	162.21054	264.3528	224.31076	149.44527	152.18685	124.60086	206.41374	161.23223	167.03598	145.36719	298.11176	435.78611	357.59478	338.8948	288.25947	192.57634	190.28534	276.22118	436.27847	311.80941	416.05626	117.91292	207.38236	167.56204	216.15512	195.11627	369.37798	563.32063	527.03579	498.02557	199.11774	290.01068	203.44464	124.44989	187.17327	130.14852	71.15397	106.97646	153.48373	152.33918	192.80126	201.25785	329.85137	499.42604	339.05832	657.73337	213.7913	184.90375	135.6959	92.96385	263.20651	168.33905	231.32068	150.77395	76.85375	89.69309	NA	NA	NA	NA	NA	NA	NA	NA	NA	NA	NA	NA	NA	NA	NA	NA	NA	NA	NA	NA	NA	NA	NA	NA	NA	NA	NA	NA	NA	NA	NA	NA	NA	NA	NA	NA	NA	NA	NA	NA	NA	NA	NA	NA	NA	NA	NA	NA	NA	NA	NA	NA	NA	NA	NA	NA	NA	NA	NA	NA	NA	NA	NA	NA	NA	NA	NA	NA	NA	NA	NA	NA	NA	NA	NA	NA	NA	NA	NA	NA	NA	NA	NA	NA	NA	NA	NA	NA	NA	NA	NA	NA	NA	NA	NA	NA	NA	NA	NA	NA	NA	NA	NA	NA	NA	NA	NA	NA	NA	NA	NA	NA	NA	NA	NA	NA	NA	NA	NA	NA	NA	NA	NA	NA	NA	NA	NA	NA	NA	NA	NA	NA	NA	NA	NA	NA	NA	NA	NA	NA	NA	NA	NA	NA	NA	NA	NA	NA	NA	NA	NA	NA	NA	NA	NA
GH25	888.47745	836.13478	781.92653	879.92753	860.53201	988.06314	845.9714	774.77006	852.95285	806.01832	593.92248	784.78803	767.83004	788.75653	442.05659	369.11975	420.88025	385.27043	388.92627	474.02891	475.89406	1022.60841	710.37628	726.35339	753.21621	865.24145	833.88714	807.01312	517.88319	667.96001	649.23732	714.33023	554.97279	654.57084	610.53699	609.03238	690.3224	584.16233	575.31867	633.09778	690.12009	513.10314	713.42069	756.96089	725.03673	706.88108	672.7411	515.09376	431.61416	504.81284	457.71323	431.26981	486.11607	396.95129	725.17791	884.01206	974.16675	1006.1425	913.0006	1089.62782	854.31806	521.43183	753.05026	811.24507	785.05195	857.58532	787.31322	821.67678	804.83249	760.39946	803.46195	863.21404	831.55223	865.64017	994.58129	392.89744	534.60398	686.48529	607.126	598.29878	481.29753	468.77351	584.61013	542.20724	720.14392	750.03786	800.10022	591.86074	571.05279	717.57992	693.23147	784.8688	807.9902	892.69685	557.1131	706.6016	338.39506	572.10372	575.91989	561.51838	545.9168	501.88227	543.45668	556.2161	585.02018	539.04868	634.81266	595.71666	598.58502	488.68299	472.04392	565.09429	857.51477	502.94421	468.54732	643.78308	641.39106	728.2815	744.09118	778.6381	836.02135	918.77401	871.78076	614.9194	483.32231	502.27059	729.20558	842.00359	802.9389	786.83771	930.38778	952.0388	548.09355	639.78192	832.23229	837.18107	472.38097	532.40047	512.79383	590.94547	723.79897	808.72048	804.92981	870.67726	419.74198	394.01764	347.66227	433.07512	581.2158	669.91173	698.33518	920.50626	427.53032	544.1254	590.44508	487.05651	705.75638	772.72425	690.98948	868.62692	737.084	717.60311	779.79156	698.23872	440.14792	453.82171	566.37965	596.86605	537.55034	685.55661	675.02066	712.52369	578.47449	483.77981	527.01597	544.98877	647.63324	634.2779	682.21769	691.66249	532.19163	561.82387	638.11378	439.4409	439.08958	530.59159	531.58996	384.06415	535.73841	555.74708	428.01116	505.16611	672.24602	783.78825	952.88477	884.16848	410.27783	1006.6236	765.13244	781.67432	538.14714	601.26836	638.44006	791.92512	516.5675	470.10325	499.19964	432.45887	767.46927	810.18208	963.24531	1017.25019	630.26689	648.95745	763.06944	706.40265	456.25186	456.60076	634.27264	865.03875	934.93245	808.64903	353.06831	68.59608	56.18486	136.79636	385.67303	332.96133	6794.10433	3171.36361	708.04142	1117.2198	468.95329	502.68905	552.70069	543.26852	668.97465	12.01108	74.48332	165.18982	415.72572	839.45317	165.7748	612.96167	525.81749	153.07643	493.1958	317.8931	176.4706	59.50298	96.58205	152.99276	866.70522	118.76191	1690.30264	423.80265	1313.74901	319.22968	135.624	144.272	3925.95728	2974.37795	6505.81074	44.79817	226.58381	328.38955	845.15708	2905.74058	2339.22456	340.3866	117.41108	348.18053	206.62685	91.45715	105.51301	857.88427	1082.03327	406.02225	79.88571	73.01909	76.99944	238.01193	74.5532	174.83899	1074.81116	177.65082	151.7845	77.28436	350.42864	2604.77058	3768.83427	2206.58317	215.51925	71.95533	345.44215	992.37739	471.10732	745.05211	2030.13863	1386.55573	264.88055	67.83224	77.53027	239.4151	237.46973	395.20604	725.03248	740.79713	222.04045	312.02105	484.08147	661.47355	598.39817	151.54064	235.15268	908.06727	672.54878	494.43073	845.85703	75.50422	873.10782	55.99986	109.31162	208.63975	1367.29103	1163.86464	583.35025	350.28217	298.18088	141.54895	726.18201	288.84487	124.40865	265.16962	NA	75.48473	737.04995	NA	481.1847	1248.97908	1939.39788	337.51598	1054.70249	97.1324	296.14246	1118.44747	207.12977	314.64541	263.4184	860.17656	459.76485	3367.09302	85.45142	897.91086	470.36478	225.62709	248.0048	NA	4365.67735	805.22328	1909.12378	62.28383	1575.56731	181.49321	466.03828	204.28341	339.28162	738.41523	2229.43549	NA	790.89585	69.38391	477.03902	526.26978	176.84442	147.6234	321.61652
GH26	255.75846	153.25041	106.43862	187.89925	272.69998	225.04536	172.46986	158.77595	190.62732	227.80258	187.60257	206.25258	196.86491	114.84745	202.36202	163.81299	91.29364	139.78029	111.66533	52.7879	17.6386	140.41	223.08156	140.8707	212.85876	234.13763	243.51477	184.29243	209.974	217.56918	234.51413	274.18862	225.18964	123.34737	268.39935	45.16574	44.80763	102.89054	61.32597	44.05447	49.93253	176.73524	96.37378	73.79481	132.07923	98.89005	130.81088	30.61589	100.99258	52.99905	47.59649	81.15266	32.37773	60.29648	210.70591	318.35665	313.14666	345.58604	308.78156	342.40848	231.33357	72.0805	61.30197	126.23381	123.9745	252.8929	188.39442	195.37058	119.74252	96.87132	79.65014	92.31628	112.08094	111.70913	106.18207	66.21916	122.02872	21.86554	87.31568	89.12072	88.61096	128.46907	180.11701	180.06026	279.81449	231.1392	229.44317	184.18402	177.66485	185.29631	135.14843	248.86966	187.64737	165.71465	401.84072	99.92684	114.63376	140.35481	191.21129	244.85588	241.45259	302.97904	192.68994	200.30237	175.20292	205.59727	222.70448	224.68411	212.46981	170.19803	111.85275	75.46188	285.34327	110.71114	83.08953	179.59858	143.3002	156.07704	172.98049	172.01748	168.59813	311.42949	224.30601	77.74754	121.74346	177.25465	168.53739	259.89492	206.79785	282.93072	291.05026	416.49547	128.43652	123.79036	197.10422	177.3361	168.71412	146.89885	108.37088	155.35536	159.0374	119.11018	147.68148	227.02395	119.57996	186.44782	141.5125	100.53199	201.17786	180.93911	269.95179	280.1741	180.00121	225.07507	156.11177	178.04626	236.76651	185.51656	338.82335	247.07424	98.04619	125.00932	143.29971	146.03286	203.56952	174.20494	254.23372	239.20302	84.68698	112.74125	113.73178	92.07215	120.64165	72.02792	107.84797	85.04503	133.32421	128.97717	262.22725	254.27346	133.50895	89.49462	87.90458	103.67745	232.03057	269.05295	287.57904	145.43621	111.32757	97.52793	144.04485	103.19548	131.74458	158.93733	226.99428	197.0814	140.79292	302.06659	158.24138	70.0684	217.21579	170.58662	202.22998	147.48569	19.36362	44.05525	45.08461	46.66047	189.70534	165.78375	252.28844	296.90683	91.56373	67.26602	166.873	254.51268	169.35591	52.44335	163.19666	95.1259	138.67043	159.77853	NA	NA	NA	NA	NA	NA	NA	NA	NA	NA	NA	NA	NA	NA	NA	NA	NA	NA	NA	NA	NA	NA	NA	NA	NA	NA	NA	NA	NA	NA	NA	NA	NA	NA	NA	NA	NA	NA	NA	NA	NA	NA	NA	NA	NA	NA	NA	NA	NA	NA	NA	NA	NA	NA	NA	NA	NA	NA	NA	NA	NA	NA	NA	NA	NA	NA	NA	NA	NA	NA	NA	NA	NA	NA	NA	NA	NA	NA	NA	NA	NA	NA	NA	NA	NA	NA	NA	NA	NA	NA	NA	NA	NA	NA	NA	NA	NA	NA	NA	NA	NA	NA	NA	NA	NA	NA	NA	NA	NA	NA	NA	NA	NA	NA	NA	NA	NA	NA	NA	NA	NA	NA	NA	NA	NA	NA	NA	NA	NA	NA	NA	NA	NA	NA	NA	NA	NA	NA	NA	NA	NA	NA	NA	NA	NA	NA	NA	NA	NA	NA	NA	NA	NA	NA	NA
GH27	155.14761	160.59431	186.36897	172.11657	146.2758	225.91558	201.65232	170.46856	151.85902	187.60089	178.16504	202.06536	209.06465	200.56838	261.06944	323.62806	229.5705	333.7227	405.63533	178.13247	98.92152	285.30685	237.28142	217.00348	231.01365	296.28364	299.32335	180.73699	208.27927	175.53521	234.50345	255.67325	232.57878	214.82427	219.43021	125.48309	95.00592	145.40812	153.32731	143.43499	150.29908	220.44057	126.54679	135.62221	147.38612	115.7033	148.77233	203.70067	255.51563	205.23367	227.42483	267.90629	170.03193	206.09252	142.43074	116.39226	95.75582	116.39123	115.95685	112.54765	135.07035	109.72776	136.76261	200.69785	180.07374	150.369	172.35385	152.94776	149.47306	149.05809	149.05144	185.19849	181.50857	190.76091	124.53218	272.06428	279.9558	190.54787	236.84616	242.04065	281.19003	288.78462	223.23316	199.40247	184.4143	157.20697	128.87951	214.16456	236.35457	206.57292	231.05423	220.25622	229.97419	281.32876	287.30193	96.22456	105.84554	163.70776	172.54717	132.39259	134.36965	120.9834	178.8179	172.56322	189.4523	199.78846	183.61003	223.15706	194.45752	163.46731	234.63432	210.55263	147.44681	185.40419	176.06711	152.87948	202.83284	166.63158	157.61733	161.13201	180.99867	143.59504	261.76814	307.12947	204.24912	213.01478	124.01881	134.34399	136.83608	123.73861	143.92692	120.22527	195.0336	157.05296	157.25128	173.68223	178.42417	171.28782	214.65435	167.87221	225.22791	201.30694	182.84659	179.86557	254.97398	255.75548	165.01102	241.72541	184.13051	164.84888	210.9252	200.08297	189.58134	175.42008	152.87504	212.28396	215.2252	229.27403	245.23091	261.46927	99.43944	143.91765	122.76808	161.35019	296.37243	288.53632	221.003	287.36747	190.78374	184.79033	158.10309	124.04182	214.64685	336.36208	238.55176	202.8762	174.32014	221.96267	208.89142	253.51262	158.6794	111.79536	99.91526	130.40104	200.4744	214.57339	209.41214	122.04342	119.6532	132.37698	96.1692	138.85026	73.16889	83.92611	40.68018	22.80975	134.11787	96.23693	72.0408	115.80212	207.90854	159.44709	108.58291	110.0314	104.1299	140.45948	151.83158	157.10798	131.76818	139.14744	126.55206	74.98891	127.58676	134.87243	176.24582	212.97315	125.57938	131.57728	192.07247	175.20037	238.76878	155.41668	NA	NA	NA	NA	NA	NA	NA	NA	NA	NA	NA	NA	NA	NA	NA	NA	NA	NA	NA	NA	NA	NA	NA	NA	NA	NA	NA	NA	NA	NA	NA	NA	NA	NA	NA	NA	NA	NA	NA	NA	NA	NA	NA	NA	NA	NA	NA	NA	NA	NA	NA	NA	NA	NA	NA	NA	NA	NA	NA	NA	NA	NA	NA	NA	NA	NA	NA	NA	NA	NA	NA	NA	NA	NA	NA	NA	NA	NA	NA	NA	NA	NA	NA	NA	NA	NA	NA	NA	NA	NA	NA	NA	NA	NA	NA	NA	NA	NA	NA	NA	NA	NA	NA	NA	NA	NA	NA	NA	NA	NA	NA	NA	NA	NA	NA	NA	NA	NA	NA	NA	NA	NA	NA	NA	NA	NA	NA	NA	NA	NA	NA	NA	NA	NA	NA	NA	NA	NA	NA	NA	NA	NA	NA	NA	NA	NA	NA	NA	NA	NA	NA	NA	NA	NA	NA
GH28	608.58101	549.1589	475.27854	572.20822	604.75095	591.7882	550.46843	719.33672	579.41982	828.09215	766.21012	851.6598	883.18734	530.05091	1239.89877	1732.41381	1358.87595	1765.11825	2198.35685	909.25696	474.91277	291.00315	787.38262	384.69707	739.98681	938.41706	933.44342	444.83561	711.89186	525.22838	882.49828	973.65277	736.53698	993.13513	883.10367	948.44948	654.64725	1402.68486	1275.88368	1130.91275	1153.0514	774.74765	683.2226	600.84391	815.87946	580.65045	661.18413	1439.55258	1469.13365	1329.50386	1862.85377	1552.03635	1229.50247	1173.64485	699.10983	1103.6163	969.25817	1169.21172	870.2667	1079.29062	807.05794	357.10437	282.09702	665.19532	723.49017	548.68076	523.89443	431.22595	577.49463	529.56454	710.33359	554.00251	759.21761	651.61068	372.50556	373.38946	534.76007	143.60014	355.73799	452.89089	642.14329	730.41997	813.88176	1100.86283	921.62413	768.85934	689.82065	693.67938	888.72717	691.90689	516.74275	729.03169	601.8788	467.65262	1771.66121	733.2986	674.95733	876.62445	1129.75279	1040.0139	1022.53063	902.85926	824.00686	690.83119	993.31302	1310.04607	1170.64574	1435.63044	1196.47648	812.86907	1368.52189	1328.57271	888.00208	891.62078	1098.13429	649.73562	679.10639	561.63408	681.25224	584.9656	553.8362	881.5281	662.68764	405.79746	838.82442	995.19544	796.11831	785.33525	713.87561	694.7972	489.40836	999.5325	623.65582	571.60362	644.88084	774.76276	624.9342	619.92723	1053.74255	741.68772	580.31644	412.99121	577.12982	790.3394	1339.63947	1411.47378	859.09326	1235.95036	541.21815	474.15897	791.6022	624.47505	804.86623	734.70156	1071.37325	768.6782	816.59677	616.00127	842.912	643.10374	487.95292	682.6105	393.05411	501.25303	1345.04188	1364.08996	832.2639	1139.37096	492.60032	367.57442	461.952	350.80172	326.9775	496.82124	469.15535	376.57501	879.09861	1191.40198	1041.52193	977.76258	1263.64348	818.20819	1104.78141	1382.72917	931.84979	848.75851	1138.76973	849.12657	716.35176	523.49017	750.60786	679.60149	933.33808	1180.22299	1343.70052	1211.84973	819.69005	1535.94193	1040.4507	536.68687	860.19774	629.08559	748.85653	865.74553	811.92483	820.78941	1461.17026	1598.47381	547.32116	785.15505	752.07643	1196.29671	378.42957	351.44522	272.70848	208.99177	672.83976	441.52257	1387.66287	1165.70091	540.62122	662.20713	NA	NA	NA	NA	NA	NA	NA	NA	NA	NA	NA	NA	NA	NA	NA	NA	NA	NA	NA	NA	NA	NA	NA	NA	NA	NA	NA	NA	NA	NA	NA	NA	NA	NA	NA	NA	NA	NA	NA	NA	NA	NA	NA	NA	NA	NA	NA	NA	NA	NA	NA	NA	NA	NA	NA	NA	NA	NA	NA	NA	NA	NA	NA	NA	NA	NA	NA	NA	NA	NA	NA	NA	NA	NA	NA	NA	NA	NA	NA	NA	NA	NA	NA	NA	NA	NA	NA	NA	NA	NA	NA	NA	NA	NA	NA	NA	NA	NA	NA	NA	NA	NA	NA	NA	NA	NA	NA	NA	NA	NA	NA	NA	NA	NA	NA	NA	NA	NA	NA	NA	NA	NA	NA	NA	NA	NA	NA	NA	NA	NA	NA	NA	NA	NA	NA	NA	NA	NA	NA	NA	NA	NA	NA	NA	NA	NA	NA	NA	NA	NA	NA	NA	NA	NA	NA
GH29	284.28907	291.3185	375.66461	338.83923	225.54783	330.12263	336.14252	437.63024	369.99534	371.16376	405.88606	417.69335	439.26947	420.31533	787.23771	1024.53507	869.46005	989.9603	1213.01782	797.0651	594.88102	478.10857	649.07383	511.92357	497.99235	520.9321	573.4769	451.2464	506.01823	342.22528	522.20936	559.63615	544.97481	581.00467	588.52456	887.14296	551.72668	1099.05927	949.4358	857.06039	874.62468	573.15993	363.26037	552.06878	531.25751	463.53482	502.24152	884.8526	849.01741	773.0657	1056.13281	958.64708	765.28308	739.12624	416.63787	461.73196	319.84226	361.22604	323.25934	327.22661	390.88979	278.70471	325.29399	356.13077	395.12887	271.01016	317.77313	264.41997	407.09803	431.56213	470.06957	407.28414	435.51768	463.46545	278.05517	661.41406	585.37616	368.23287	427.76027	520.87247	586.30378	747.20365	530.60664	622.88133	423.52401	413.0898	329.37372	454.72465	521.68616	438.80896	422.11393	362.16205	379.70039	405.70256	721.66147	372.6778	435.68279	597.25066	742.52219	652.78553	621.98893	619.93013	579.83198	456.42378	586.80212	630.17582	551.11244	633.75541	559.59256	511.47798	1102.19801	838.5008	385.01484	699.18728	742.3896	545.39462	656.22259	388.67744	459.08881	295.64045	301.60583	305.3803	420.481	752.07674	466.573	492.30951	366.02567	372.86594	281.2773	236.26598	218.67832	198.31636	467.83545	361.96415	317.56062	419.11395	741.64778	597.22735	721.49039	533.53157	465.97078	307.57037	326.99138	401.39066	835.57519	907.84836	602.93857	805.75966	478.67416	430.18292	500.39391	391.48075	499.87316	405.668	496.03606	454.82327	489.38937	485.00619	396.10252	367.89525	346.73686	508.21595	293.39841	429.35277	875.53358	897.65775	564.72371	855.81582	492.13967	326.40861	333.67299	216.3971	409.51747	622.49562	449.11498	470.60655	532.76548	702.32087	608.53532	606.83746	1216.83806	711.55574	735.18474	1033.1274	645.36351	479.9891	679.84255	547.03513	574.77611	504.39496	588.75873	554.64683	415.35115	521.07318	303.6037	249.53701	203.45019	377.84585	363.54461	367.24978	556.46642	480.8654	378.26777	397.85305	568.36211	541.19727	730.0743	818.43298	305.83767	366.70038	244.7386	219.98352	309.0629	304.078	240.70277	332.95017	533.83931	490.71395	842.31324	591.94141	468.40271	492.42159	NA	NA	NA	NA	NA	NA	NA	NA	NA	NA	NA	NA	NA	NA	NA	NA	NA	NA	NA	NA	NA	NA	NA	NA	NA	NA	NA	NA	NA	NA	NA	NA	NA	NA	NA	NA	NA	NA	NA	NA	NA	NA	NA	NA	NA	NA	NA	NA	NA	NA	NA	NA	NA	NA	NA	NA	NA	NA	NA	NA	NA	NA	NA	NA	NA	NA	NA	NA	NA	NA	NA	NA	NA	NA	NA	NA	NA	NA	NA	NA	NA	NA	NA	NA	NA	NA	NA	NA	NA	NA	NA	NA	NA	NA	NA	NA	NA	NA	NA	NA	NA	NA	NA	NA	NA	NA	NA	NA	NA	NA	NA	NA	NA	NA	NA	NA	NA	NA	NA	NA	NA	NA	NA	NA	NA	NA	NA	NA	NA	NA	NA	NA	NA	NA	NA	NA	NA	NA	NA	NA	NA	NA	NA	NA	NA	NA	NA	NA	NA	NA	NA	NA	NA	NA	NA
GH3	1525.8862	1617.45705	1478.1087	1502.80337	1451.28554	1581.27631	1464.61354	1538.52685	1595.98885	1637.43281	1668.1005	1702.97061	1811.37534	1642.06941	2686.47068	2540.42851	2124.93315	2495.48901	2217.05779	1714.37004	1419.9264	1174.82055	1753.11328	1381.67836	1334.1278	1291.06089	1414.81137	1608.25505	1534.80121	1522.65905	1747.70433	1721.95359	1607.52537	1685.11612	1699.0244	1557.81711	1950.99488	1658.99722	1700.37183	1756.14376	1852.81076	1615.27737	1518.44776	1646.12752	1638.44818	1574.88449	1503.86623	1380.64073	1712.42349	1508.64689	1445.75974	1381.74861	1308.22092	1460.30859	1399.25885	1683.51714	1750.05744	1773.48179	1501.65048	1781.47345	1534.12194	993.72438	1565.03091	1505.58457	1451.29441	1399.80401	1468.42144	1375.62992	1480.1694	1439.9887	1436.25555	1579.2083	1542.51795	1727.49459	1379.12713	1068.28037	1384.90824	1174.09359	1597.34362	1566.21243	1447.08403	1626.36603	1788.28334	1992.54348	1789.01212	1761.55593	1569.12232	1659.6499	1830.68775	1994.5888	1466.19934	1860.21388	1567.88029	1439.09606	2641.33007	1848.27211	1362.15722	1822.62536	2029.17497	1874.75796	1873.8943	1914.40658	1908.52945	1877.41402	1912.18783	2279.02396	1747.45196	2033.01817	1840.43904	1802.7215	1752.04676	1873.27467	1607.18417	1749.51197	1777.42936	1585.19841	1685.95827	1286.86655	1376.7892	1431.59675	1262.56359	1638.97196	1495.40355	1126.68969	1936.92219	1852.02588	1619.34634	1703.61733	1676.52126	1568.5852	1249.62171	1802.10518	1563.33068	1302.09378	1273.96602	1454.46754	1379.16851	1411.55116	1749.42235	1745.18435	1249.24992	1102.20394	1241.52031	1418.83703	1887.80028	2437.65094	2036.14003	1641.97086	1479.09798	1487.27336	1453.63796	1345.99733	1693.0506	1619.27144	1684.31416	1779.97198	1917.73427	1737.32066	1549.98184	1338.00713	1234.1648	1293.66624	1148.83184	1479.09949	1804.60582	1778.79833	1612.14729	1848.69674	1216.57823	1296.7414	1244.66769	1177.18352	1481.32512	1261.71488	1544.98692	1255.94226	1577.31821	1578.09336	1633.24238	1466.57825	1551.1423	1722.13115	1143.14102	1366.79581	1880.4139	2189.91593	2014.00334	2028.8867	2075.0593	1850.98063	1913.69199	1666.92942	1729.23711	2024.45912	2312.738	2178.74084	1801.76309	1993.86213	1556.90208	1377.88479	1963.56213	1567.41567	1466.81956	1265.50032	1440.91602	1425.34333	1049.26123	1008.42307	1314.46252	1322.05566	1228.99725	1638.63079	1168.55706	1153.3093	1209.08946	1190.25848	1749.46646	1316.35106	1803.50445	1533.89244	2001.85285	1591.46643	NA	NA	NA	NA	NA	NA	NA	NA	NA	NA	NA	NA	NA	NA	NA	NA	NA	NA	NA	NA	NA	NA	NA	NA	NA	NA	NA	NA	NA	NA	NA	NA	NA	NA	NA	NA	NA	NA	NA	NA	NA	NA	NA	NA	NA	NA	NA	NA	NA	NA	NA	NA	NA	NA	NA	NA	NA	NA	NA	NA	NA	NA	NA	NA	NA	NA	NA	NA	NA	NA	NA	NA	NA	NA	NA	NA	NA	NA	NA	NA	NA	NA	NA	NA	NA	NA	NA	NA	NA	NA	NA	NA	NA	NA	NA	NA	NA	NA	NA	NA	NA	NA	NA	NA	NA	NA	NA	NA	NA	NA	NA	NA	NA	NA	NA	NA	NA	NA	NA	NA	NA	NA	NA	NA	NA	NA	NA	NA	NA	NA	NA	NA	NA	NA	NA	NA	NA	NA	NA	NA	NA	NA	NA	NA	NA	NA	NA	NA	NA	NA	NA	NA	NA	NA	NA
GH30	28.87629	12.9441	4.40484	14.43496	18.36502	15.70786	18.01328	16.98567	22.24146	34.16654	37.98936	31.67507	33.97536	11.49324	80.25729	80.64105	94.08319	85.64215	77.96755	55.00688	49.16959	21.59335	17.05875	10.64395	27.05174	46.4963	31.88159	30.49238	22.3831	29.7408	22.7883	33.23074	31.64235	20.87937	33.05026	21.00595	12.55547	27.3161	37.66229	28.65134	26.47144	24.6048	15.80165	23.17079	30.27858	17.2668	17.69826	26.61493	32.96881	24.32919	31.38788	37.60109	16.0007	31.17733	30.58799	43.53443	38.25464	44.66752	41.20824	47.48791	36.6174	19.38671	15.98681	14.36464	8.87792	15.94589	27.45473	7.75686	42.09467	30.39738	19.08848	23.70651	19.9165	23.95905	20.57749	15.90204	21.15304	8.11196	20.26369	17.0541	20.78927	21.82833	37.45716	60.18091	37.07602	36.31981	31.24017	27.70074	40.55832	11.74723	17.30109	11.03539	4.38515	5.66683	82.1605	11.24136	14.98562	23.53748	29.67308	12.86336	20.5271	28.49671	27.81933	20.57786	28.46255	26.58911	38.73228	38.01934	31.79487	19.11729	24.89077	11.07467	68.07341	8.5435	9.80386	7.81966	8.25761	20.36456	37.92081	34.22574	37.43352	73.15658	45.29786	14.39984	23.65353	28.68061	11.08943	15.90942	27.36375	29.61541	18.45227	44.19619	23.4187	22.3196	21.34231	22.09835	19.56052	23.79015	17.71981	14.17662	20.57342	8.01458	27.54806	33.21854	51.54324	56.1498	51.58502	50.71946	11.78078	16.49846	36.84028	34.63429	41.78833	38.39922	48.94118	30.46119	31.58836	30.48615	42.75236	34.44449	15.26064	20.66948	14.36475	17.87916	63.80737	78.95058	27.26488	40.34742	19.4572	17.07018	19.35351	22.00227	23.74341	24.1255	19.86736	12.26689	19.53178	21.0289	29.69394	26.82486	21.89639	16.90628	22.99167	26.62371	19.32475	19.82536	33.9916	NA	23.21933	10.28758	28.11815	16.60538	34.70702	45.26053	45.04676	55.36904	3.88085	4.64645	4.59212	2.90443	33.89103	24.17314	22.22147	10.31494	8.58417	19.59843	19.50993	25.58582	23.70605	27.38929	29.51312	48.12795	15.68121	10.24611	11.44799	15.25031	18.25642	17.45195	38.20967	31.87023	27.15396	25.53257	NA	NA	NA	NA	NA	NA	NA	NA	NA	NA	NA	NA	NA	NA	NA	NA	NA	NA	NA	NA	NA	NA	NA	NA	NA	NA	NA	NA	NA	NA	NA	NA	NA	NA	NA	NA	NA	NA	NA	NA	NA	NA	NA	NA	NA	NA	NA	NA	NA	NA	NA	NA	NA	NA	NA	NA	NA	NA	NA	NA	NA	NA	NA	NA	NA	NA	NA	NA	NA	NA	NA	NA	NA	NA	NA	NA	NA	NA	NA	NA	NA	NA	NA	NA	NA	NA	NA	NA	NA	NA	NA	NA	NA	NA	NA	NA	NA	NA	NA	NA	NA	NA	NA	NA	NA	NA	NA	NA	NA	NA	NA	NA	NA	NA	NA	NA	NA	NA	NA	NA	NA	NA	NA	NA	NA	NA	NA	NA	NA	NA	NA	NA	NA	NA	NA	NA	NA	NA	NA	NA	NA	NA	NA	NA	NA	NA	NA	NA	NA	NA	NA	NA	NA	NA	NA
GH30_1	7.20369	6.99768	8.18673	6.6264	4.87601	7.31382	7.79387	11.84289	16.70756	10.13126	10.23642	12.3609	12.31026	13.919	16.51196	15.58118	28.12426	12.94423	11.06571	33.51726	57.31489	14.914	9.63549	6.6586	4.35145	8.02528	5.18398	14.29758	10.96549	15.2627	16.42017	11.88279	12.02788	9.32823	15.8579	7.14444	9.48626	8.23572	5.78428	10.43385	11.88302	13.271	7.32331	12.06265	6.08587	4.85255	5.58221	7.59111	5.84281	9.44288	7.86901	7.08355	8.55645	9.4849	6.1658	3.24825	5.32049	3.94052	4.32033	4.88118	6.93765	8.97734	18.85034	3.77384	3.44423	4.75432	6.17962	3.31902	16.46418	11.84173	8.52074	11.59964	8.4375	13.58111	7.45413	9.82538	10.76211	10.42502	11.28731	10.93514	9.52878	13.18861	13.98776	11.61332	11.5437	14.22459	18.30505	13.04996	17.71911	9.74406	7.50576	10.77247	8.40285	9.18685	7.06833	14.65585	4.07044	6.83275	4.85354	6.1542	9.11198	4.80836	9.49707	7.52733	9.74316	8.5073	5.43431	6.84524	2.74372	5.19219	1.99558	3.21131	4.92124	2.02157	2.70156	3.12622	6.42033	5.98668	4.99521	7.3581	6.38184	3.17448	1.1508	5.64447	8.41836	5.40115	9.14141	7.71739	4.04982	6.0937	6.75957	4.39862	15.61179	8.44023	14.06748	20.43155	5.43562	3.09063	1.6024	2.84405	4.86463	6.51368	3.35122	2.87763	20.36532	12.15554	3.10503	14.95399	6.28396	4.80542	3.75017	4.01049	8.74299	6.23022	15.60658	12.75545	4.91414	7.08017	3.19103	3.3466	2.80087	4.86999	5.59823	3.90043	15.91259	7.80029	1.36394	3.86536	6.96112	10.62075	7.85157	9.24995	11.74165	7.87418	6.39626	8.01938	7.40336	6.69962	6.95704	9.89791	2.60495	6.32978	2.00884	3.77433	2.71724	6.96524	6.85103	NA	1.98989	2.2914	2.39262	3.91889	4.57352	2.77308	0.64525	0.43937	NA	1.00977	4.88407	4.19878	4.33566	7.2089	7.79277	11.71521	16.5057	11.2698	3.89565	1.42465	5.94631	9.62657	2.73675	1.64465	13.03881	9.91987	19.9822	10.79063	10.40362	15.4835	4.47359	5.94921	9.83255	12.33693	NA	NA	NA	NA	NA	NA	NA	NA	NA	NA	NA	NA	NA	NA	NA	NA	NA	NA	NA	NA	NA	NA	NA	NA	NA	NA	NA	NA	NA	NA	NA	NA	NA	NA	NA	NA	NA	NA	NA	NA	NA	NA	NA	NA	NA	NA	NA	NA	NA	NA	NA	NA	NA	NA	NA	NA	NA	NA	NA	NA	NA	NA	NA	NA	NA	NA	NA	NA	NA	NA	NA	NA	NA	NA	NA	NA	NA	NA	NA	NA	NA	NA	NA	NA	NA	NA	NA	NA	NA	NA	NA	NA	NA	NA	NA	NA	NA	NA	NA	NA	NA	NA	NA	NA	NA	NA	NA	NA	NA	NA	NA	NA	NA	NA	NA	NA	NA	NA	NA	NA	NA	NA	NA	NA	NA	NA	NA	NA	NA	NA	NA	NA	NA	NA	NA	NA	NA	NA	NA	NA	NA	NA	NA	NA	NA	NA	NA	NA	NA	NA	NA	NA	NA	NA	NA
GH30_2	8.66678	10.84872	10.14657	9.7722	9.09809	7.25199	11.61234	29.37617	21.04575	29.8639	34.57116	32.27339	38.1107	17.54423	8.76731	3.41672	8.77145	7.16186	6.88605	5.20201	3.53704	7.37649	8.37972	7.31422	3.46279	2.06427	2.59378	5.7863	12.82809	6.98754	11.06988	14.74241	12.4272	8.81109	16.49691	23.72491	23.42151	33.40252	32.4935	56.55083	52.04395	9.79243	14.23395	10.89181	16.42079	4.36976	8.00699	33.60128	33.74245	30.93821	43.80267	40.81761	31.80893	38.11969	11.36422	14.84638	4.70128	7.27946	10.97725	7.38689	13.33794	10.50917	6.09644	16.64023	11.63456	8.24644	11.80134	8.01604	26.33291	31.50666	27.22963	20.14997	22.93752	22.78891	20.8887	25.48982	11.57148	8.61822	15.11965	19.68772	36.80358	49.96867	30.04503	41.58775	29.24027	29.36155	22.30195	22.64787	33.11573	56.53855	25.56842	34.46801	18.72638	11.66403	117.35292	36.72625	0.6591	0.94373	1.40651	0.84711	0.63578	1.05897	1.54613	21.62366	19.83462	38.83233	25.26804	35.31464	34.50618	25.64542	18.00838	14.01735	9.40753	15.99041	13.8551	5.29425	8.45594	7.78893	10.16913	3.27384	5.36843	3.94201	10.6313	13.49773	26.92928	33.11875	15.61277	13.50143	6.29875	5.21159	7.73309	4.63756	26.11529	23.47953	19.52205	21.58568	14.61405	11.37772	14.0521	13.32062	7.98708	3.35143	4.73184	5.8217	6.43413	12.93883	6.61833	2.65497	9.42811	9.55084	6.14211	4.42111	36.45585	25.14934	33.78961	28.99452	49.63055	32.84428	40.04507	24.10138	11.52649	20.03123	16.11251	26.21649	29.58054	15.0309	16.8845	17.83364	25.29373	19.41245	11.55813	10.96483	18.62289	36.36679	14.17323	22.747	9.77904	15.72881	9.79472	17.14222	25.53501	25.33016	25.02572	21.55011	11.62195	8.28261	8.52413	44.54452	22.49806	14.44414	28.47365	33.42763	11.64427	9.98161	0.49958	0.59377	NA	4.84301	6.92671	4.64615	19.41397	13.19199	8.48634	5.92345	26.10933	23.72668	16.50098	16.11604	9.16958	8.94741	3.70526	3.35274	11.09695	8.9958	5.85575	3.14218	1.0051	3.02122	0.31737	0.14212	10.45146	8.58605	NA	NA	NA	NA	NA	NA	NA	NA	NA	NA	NA	NA	NA	NA	NA	NA	NA	NA	NA	NA	NA	NA	NA	NA	NA	NA	NA	NA	NA	NA	NA	NA	NA	NA	NA	NA	NA	NA	NA	NA	NA	NA	NA	NA	NA	NA	NA	NA	NA	NA	NA	NA	NA	NA	NA	NA	NA	NA	NA	NA	NA	NA	NA	NA	NA	NA	NA	NA	NA	NA	NA	NA	NA	NA	NA	NA	NA	NA	NA	NA	NA	NA	NA	NA	NA	NA	NA	NA	NA	NA	NA	NA	NA	NA	NA	NA	NA	NA	NA	NA	NA	NA	NA	NA	NA	NA	NA	NA	NA	NA	NA	NA	NA	NA	NA	NA	NA	NA	NA	NA	NA	NA	NA	NA	NA	NA	NA	NA	NA	NA	NA	NA	NA	NA	NA	NA	NA	NA	NA	NA	NA	NA	NA	NA	NA	NA	NA	NA	NA	NA	NA	NA	NA	NA	NA
GH30_3	36.23754	27.74408	7.17213	23.4512	49.12602	26.87366	20.55021	14.94062	12.32146	20.72461	20.1748	17.52592	18.17096	8.75954	82.81307	70.85917	44.90849	65.45794	62.71516	24.6028	11.83168	15.33926	37.6218	23.16648	15.86435	12.35699	10.66886	17.1339	22.45139	14.39894	18.10079	17.69601	23.42412	18.35922	22.80506	8.05021	6.48092	11.50383	13.73378	8.76333	11.10737	20.03234	10.55756	4.66166	14.60754	1.53217	12.17971	12.18391	26.38936	12.3914	13.27303	18.69346	5.2895	17.67264	7.02	7.55699	1.54239	3.22804	6.90068	3.3282	5.89699	5.04853	1.04802	4.22787	4.50615	7.21207	5.59619	6.6581	15.39428	14.78001	9.26407	4.16826	10.43881	6.27831	8.63702	7.33108	13.85774	0.75026	13.34757	11.19853	15.49399	19.26188	27.36707	34.09098	30.96023	24.4803	15.56857	20.13724	27.68214	38.84052	25.9777	28.01048	16.99422	11.30261	86.49919	21.01877	16.21722	15.3974	18.60467	7.41345	10.82166	12.51541	17.65381	29.27679	40.21568	47.94695	32.8138	33.95518	30.42268	35.19391	19.57242	12.70365	28.63938	18.84831	14.74102	13.86008	17.70207	15.34651	25.85298	14.62313	13.62929	29.61094	29.36147	8.42885	27.14982	35.49882	25.38094	23.91261	50.48223	60.16346	27.27528	92.63977	22.51243	13.89503	12.08245	14.54855	18.04261	20.58816	16.67222	15.24603	18.46	7.62431	17.67471	38.35635	39.87315	60.43755	54.78957	37.516	29.08851	18.08138	18.87278	13.53456	38.97446	33.0782	29.87911	32.14238	41.15189	29.96364	39.13198	27.4713	6.08298	8.83357	5.72389	13.62675	32.51055	26.82732	28.09915	34.48941	10.19169	7.53089	18.09078	7.38063	12.68982	8.97617	15.35145	8.21756	17.24264	19.03708	20.37727	18.59368	15.42492	15.0567	13.1962	10.97221	37.23234	44.98189	33.64309	NA	18.35749	19.08978	19.38223	15.30962	86.52726	121.65047	148.32043	173.03954	165.05436	157.92047	88.30225	27.58372	34.9596	20.18701	5.42211	8.72954	2.55633	11.26172	11.55571	13.52112	12.56539	32.89789	22.09862	57.96021	5.88529	4.3823	7.20946	2.87858	12.19368	4.40248	23.16472	18.6657	4.62462	3.86566	NA	NA	NA	NA	NA	NA	NA	NA	NA	NA	NA	NA	NA	NA	NA	NA	NA	NA	NA	NA	NA	NA	NA	NA	NA	NA	NA	NA	NA	NA	NA	NA	NA	NA	NA	NA	NA	NA	NA	NA	NA	NA	NA	NA	NA	NA	NA	NA	NA	NA	NA	NA	NA	NA	NA	NA	NA	NA	NA	NA	NA	NA	NA	NA	NA	NA	NA	NA	NA	NA	NA	NA	NA	NA	NA	NA	NA	NA	NA	NA	NA	NA	NA	NA	NA	NA	NA	NA	NA	NA	NA	NA	NA	NA	NA	NA	NA	NA	NA	NA	NA	NA	NA	NA	NA	NA	NA	NA	NA	NA	NA	NA	NA	NA	NA	NA	NA	NA	NA	NA	NA	NA	NA	NA	NA	NA	NA	NA	NA	NA	NA	NA	NA	NA	NA	NA	NA	NA	NA	NA	NA	NA	NA	NA	NA	NA	NA	NA	NA	NA	NA	NA	NA	NA	NA
GH30_4	67.16148	54.88489	23.85191	50.22225	67.78937	41.74608	43.10725	56.56845	43.08909	48.82827	56.55791	52.38954	64.56118	21.16533	176.45824	198.27125	148.05611	201.60739	211.72236	86.83455	39.1657	14.07793	56.63259	27.97039	41.11987	48.4364	51.23342	28.16735	56.78382	31.50922	49.084	51.17378	61.96139	39.38746	60.44846	71.66847	37.66501	131.12547	111.9645	86.09154	91.26551	54.39503	31.98042	20.8466	52.41836	11.38114	31.94208	119.83713	119.9622	113.12525	157.72671	149.06973	104.09375	98.53592	103.48476	153.57509	142.67312	159.59612	135.1394	151.66491	107.09582	17.26436	11.51034	28.57447	23.39496	9.95493	19.35044	7.66873	54.15921	55.34181	57.82948	52.29487	67.88583	40.44394	51.1939	44.58297	68.23132	34.28442	61.87009	56.54795	63.71573	79.91479	61.54736	92.46378	69.38636	51.79957	29.08022	48.39525	80.58132	48.93248	31.77802	37.3718	12.35888	13.22153	181.00147	35.25826	49.24083	65.31287	87.57794	57.42927	43.73547	47.02655	57.21889	95.8978	108.73331	153.28056	121.19092	137.35392	122.4755	90.24473	124.51993	96.01591	137.33382	66.42647	61.66363	49.48204	33.62906	77.48383	96.58973	83.01333	70.12917	139.4758	101.8241	46.71322	91.00315	105.98787	75.56242	71.29422	100.13153	102.41912	46.18796	153.30431	62.05797	49.94006	37.07102	49.90457	68.3932	46.49019	66.70022	46.81558	75.4142	29.92925	62.78622	99.22529	135.61893	170.28003	115.2846	125.62505	46.03081	33.42464	61.07003	29.21521	64.3876	57.68247	73.73931	71.04991	74.71287	50.26248	57.77209	40.34844	24.76306	58.55501	19.34538	39.98109	157.93851	158.60026	96.49379	141.53416	91.59073	75.24387	57.25624	48.14603	66.97095	93.66393	56.17007	41.93451	31.66975	32.93929	44.42604	35.268	123.37913	72.96487	105.35814	136.2645	71.32202	64.69146	90.94717	53.90904	78.48884	54.5039	64.82773	70.62605	170.71586	221.70928	259.89496	240.68574	81.11802	10.6718	23.49858	7.49006	86.28766	45.95879	18.17108	32.558	56.86144	63.76276	115.69987	133.53846	56.0185	74.57174	84.31825	158.09748	22.69098	12.57029	11.69931	6.30966	40.48967	25.07254	127.92381	96.26004	20.64869	22.52863	NA	NA	NA	NA	NA	NA	NA	NA	NA	NA	NA	NA	NA	NA	NA	NA	NA	NA	NA	NA	NA	NA	NA	NA	NA	NA	NA	NA	NA	NA	NA	NA	NA	NA	NA	NA	NA	NA	NA	NA	NA	NA	NA	NA	NA	NA	NA	NA	NA	NA	NA	NA	NA	NA	NA	NA	NA	NA	NA	NA	NA	NA	NA	NA	NA	NA	NA	NA	NA	NA	NA	NA	NA	NA	NA	NA	NA	NA	NA	NA	NA	NA	NA	NA	NA	NA	NA	NA	NA	NA	NA	NA	NA	NA	NA	NA	NA	NA	NA	NA	NA	NA	NA	NA	NA	NA	NA	NA	NA	NA	NA	NA	NA	NA	NA	NA	NA	NA	NA	NA	NA	NA	NA	NA	NA	NA	NA	NA	NA	NA	NA	NA	NA	NA	NA	NA	NA	NA	NA	NA	NA	NA	NA	NA	NA	NA	NA	NA	NA	NA	NA	NA	NA	NA	NA
GH30_5	8.0513	4.06846	7.00167	7.06151	9.48641	13.69288	6.88635	3.07392	3.26853	3.35514	2.30772	2.66359	4.09191	3.99609	8.8729	3.46877	10.3953	8.49796	6.3554	16.85097	29.87192	2.96549	2.4509	6.37815	7.41802	6.38596	9.6855	3.26902	2.16641	2.38131	3.09655	3.57305	1.12652	3.46208	2.94753	8.56682	10.17778	10.70994	15.21311	18.74206	16.13395	0.90892	4.3374	7.03389	15.45641	18.77989	6.13395	6.08311	2.43034	7.25154	9.00316	10.04495	17.68348	2.86972	3.43588	1.82164	2.27688	2.46285	2.04776	3.68039	5.06756	4.54355	4.44338	6.73298	11.87136	8.94713	9.2564	11.01411	6.32779	3.97731	5.04607	9.92116	4.42232	6.59361	6.46307	0.65616	1.22868	4.18495	2.17547	4.4328	1.15803	1.00802	3.69035	3.92772	5.60847	6.19129	14.11273	5.86189	2.63355	6.38814	5.18445	7.94838	9.9678	8.79003	5.13902	4.91867	0.98139	2.40921	6.3874	6.0108	13.25815	3.81355	2.41014	1.02408	1.79844	5.17842	0.7887	9.7157	17.18033	0.70383	4.65473	2.31902	1.35068	2.30623	7.19878	5.34925	1.21429	0.92762	0.6598	4.46002	3.87042	3.05133	0.32355	1.16497	1.06957	1.80069	2.11295	0.79777	4.82403	4.69227	5.18501	4.88108	0.74132	4.3426	3.53251	2.483	3.1613	3.1048	1.80596	6.36474	1.73744	2.33083	1.03518	1.31695	7.43323	4.11724	5.92244	4.5003	2.06152	5.17898	4.66959	2.4149	4.78309	2.18563	10.40543	5.56342	4.82309	3.57773	8.67058	6.71548	2.36758	4.04715	2.12644	2.14945	7.28759	3.05009	4.03302	2.1663	2.95175	3.88402	2.10007	2.06145	1.63156	1.00152	2.35963	1.80745	3.21295	5.91501	4.37626	3.39879	5.93528	8.19617	8.42537	9.46161	0.71425	0.68948	2.99797	NA	2.68795	2.66052	5.47211	5.24643	0.12368	0.088	NA	1.2854	NA	1.18159	2.18515	1.56415	4.08691	3.80968	4.79021	2.64892	13.70304	10.68359	4.90336	2.97995	1.84974	2.02776	1.31226	1.2048	4.61383	2.96275	9.84508	9.10324	2.3757	2.32206	2.99372	11.98737	14.07799	13.04457	NA	NA	NA	NA	NA	NA	NA	NA	NA	NA	NA	NA	NA	NA	NA	NA	NA	NA	NA	NA	NA	NA	NA	NA	NA	NA	NA	NA	NA	NA	NA	NA	NA	NA	NA	NA	NA	NA	NA	NA	NA	NA	NA	NA	NA	NA	NA	NA	NA	NA	NA	NA	NA	NA	NA	NA	NA	NA	NA	NA	NA	NA	NA	NA	NA	NA	NA	NA	NA	NA	NA	NA	NA	NA	NA	NA	NA	NA	NA	NA	NA	NA	NA	NA	NA	NA	NA	NA	NA	NA	NA	NA	NA	NA	NA	NA	NA	NA	NA	NA	NA	NA	NA	NA	NA	NA	NA	NA	NA	NA	NA	NA	NA	NA	NA	NA	NA	NA	NA	NA	NA	NA	NA	NA	NA	NA	NA	NA	NA	NA	NA	NA	NA	NA	NA	NA	NA	NA	NA	NA	NA	NA	NA	NA	NA	NA	NA	NA	NA	NA	NA	NA	NA	NA	NA
GH30_6	5.97675	8.02575	8.14832	10.83334	2.60077	3.38654	7.19965	15.36406	10.61703	8.52958	12.33881	16.76374	14.87948	2.80777	51.51509	70.78844	40.23636	67.63326	97.91317	34.45072	17.43713	4.64703	20.10408	9.61366	28.39117	31.8983	34.66348	8.85849	4.74716	2.83988	5.62989	3.35026	3.32928	9.25713	5.53221	35.62149	20.76934	64.47098	65.45363	50.01942	45.50449	4.87132	7.55454	4.33788	15.7763	3.79889	10.3249	51.49038	43.98471	44.00886	61.15607	57.10476	40.36416	39.10385	13.71898	11.56067	2.8645	9.6612	7.12614	6.55788	8.8876	5.8436	0.69679	8.53447	8.01265	3.3746	3.9602	1.87472	10.33308	14.92972	24.358	9.2244	20.71514	12.62884	10.49426	9.6696	14.55781	1.14426	4.00018	10.39634	17.90095	20.18419	9.60673	12.87538	7.27851	5.40465	5.49973	8.57808	12.36223	NA	NA	NA	NA	NA	NA	NA	7.35861	11.4595	17.84052	16.58982	9.11037	8.56349	9.35408	0.82721	1.37299	2.85069	1.03	1.36123	1.0857	2.25386	61.59797	40.81029	8.94259	25.84097	31.58946	17.34661	10.70645	9.35694	12.90947	3.0771	3.35746	2.56113	11.1586	23.65754	2.36262	2.63743	2.02138	4.54008	5.88982	5.67394	3.83943	4.61669	10.36029	12.27794	6.66971	10.17862	15.32404	13.71882	28.8888	14.23544	8.95189	2.01327	5.42792	6.61777	44.7402	45.76259	21.71428	47.40028	13.3549	10.423	24.64543	11.24806	4.69954	6.39578	8.58311	8.45941	NA	NA	NA	NA	5.87276	11.8943	1.89735	7.01034	41.47824	40.19971	21.71419	30.64285	15.63438	10.63299	4.633	3.69032	4.27112	10.27458	8.01539	6.42986	5.89449	6.04481	6.47246	5.01145	48.26036	30.12164	40.68505	64.09243	25.07846	20.7985	35.93802	NA	20.96949	9.29556	12.06886	15.62638	7.76163	7.04577	0.8285	0.37645	10.38771	2.3121	4.89156	2.83369	18.66493	10.99602	2.46927	8.97063	24.92625	23.91577	45.21683	54.20765	3.92908	9.16421	3.85896	2.35516	4.66982	2.47558	1.12088	0.8246	5.16839	6.39147	28.27487	16.8219	2.92043	8.54128	NA	NA	NA	NA	NA	NA	NA	NA	NA	NA	NA	NA	NA	NA	NA	NA	NA	NA	NA	NA	NA	NA	NA	NA	NA	NA	NA	NA	NA	NA	NA	NA	NA	NA	NA	NA	NA	NA	NA	NA	NA	NA	NA	NA	NA	NA	NA	NA	NA	NA	NA	NA	NA	NA	NA	NA	NA	NA	NA	NA	NA	NA	NA	NA	NA	NA	NA	NA	NA	NA	NA	NA	NA	NA	NA	NA	NA	NA	NA	NA	NA	NA	NA	NA	NA	NA	NA	NA	NA	NA	NA	NA	NA	NA	NA	NA	NA	NA	NA	NA	NA	NA	NA	NA	NA	NA	NA	NA	NA	NA	NA	NA	NA	NA	NA	NA	NA	NA	NA	NA	NA	NA	NA	NA	NA	NA	NA	NA	NA	NA	NA	NA	NA	NA	NA	NA	NA	NA	NA	NA	NA	NA	NA	NA	NA	NA	NA	NA	NA	NA	NA	NA	NA	NA	NA
GH30_8	6.53532	1.19404	1.5136	2.87899	3.84246	5.10302	2.95697	5.76952	7.57767	12.87334	8.45869	10.82598	7.51217	3.59554	22.19443	25.66267	25.69076	30.97306	25.86325	6.89038	7.48518	9.04201	0.14089	0.65416	13.4885	17.91378	13.20431	9.30978	10.21244	6.72655	8.25046	12.35402	8.35385	7.3653	13.26408	NA	NA	NA	NA	NA	NA	6.88217	3.41366	5.63061	9.19217	7.59265	6.13232	4.19132	3.89015	2.61052	2.98733	5.2489	2.2304	6.18744	4.07811	3.28055	1.78938	2.96758	4.21784	5.78146	4.4226	6.33714	8.11311	7.04607	4.28352	4.14758	14.26792	6.55174	2.08841	3.5981	2.80167	4.95609	1.64883	7.59833	5.94066	NA	0.66036	0.37465	0.6276	1.12627	2.47627	NA	12.07948	16.89648	15.70786	9.15905	3.54063	7.83674	8.95111	2.58618	4.36474	3.06118	1.24387	1.10361	39.0273	4.78902	0.07142	1.39294	1.90597	0.56704	1.28985	2.52139	2.70635	7.3642	7.04941	11.2535	10.28807	12.85433	11.63215	6.8849	NA	NA	3.54263	NA	NA	NA	NA	2.17855	1.69187	4.18591	2.27136	4.6905	8.66583	0.99339	7.0099	10.04328	4.22243	5.40792	4.91558	3.24252	2.44871	1.91843	4.35597	5.99838	8.45036	4.96627	1.38477	2.57883	4.12172	2.34155	1.56624	0.94613	3.0411	3.75376	12.11548	12.58348	20.33597	11.50226	0.93815	3.84634	13.7253	14.07987	15.5446	7.46162	8.63862	7.48405	13.59531	10.05058	26.96169	18.64455	6.59712	5.39139	3.05065	6.0832	16.72312	20.21418	4.88282	9.39074	0.67288	1.32878	3.1236	4.09236	NA	0.11759	1.26554	0.68614	9.25447	10.89266	10.95062	13.36482	0.05019	NA	2.92688	0.05315	2.22252	5.0136	6.26723	NA	5.99894	2.00041	9.90781	5.0445	NA	NA	NA	NA	11.7067	1.65965	1.22128	0.56826	7.25674	6.73192	8.42065	1.48051	1.00938	2.76962	2.8327	3.37598	2.95564	2.78618	4.92741	1.40184	5.42214	2.4334	7.05691	4.33743	1.31665	0.8126	1.18902	0.05435	12.06016	10.72633	NA	NA	NA	NA	NA	NA	NA	NA	NA	NA	NA	NA	NA	NA	NA	NA	NA	NA	NA	NA	NA	NA	NA	NA	NA	NA	NA	NA	NA	NA	NA	NA	NA	NA	NA	NA	NA	NA	NA	NA	NA	NA	NA	NA	NA	NA	NA	NA	NA	NA	NA	NA	NA	NA	NA	NA	NA	NA	NA	NA	NA	NA	NA	NA	NA	NA	NA	NA	NA	NA	NA	NA	NA	NA	NA	NA	NA	NA	NA	NA	NA	NA	NA	NA	NA	NA	NA	NA	NA	NA	NA	NA	NA	NA	NA	NA	NA	NA	NA	NA	NA	NA	NA	NA	NA	NA	NA	NA	NA	NA	NA	NA	NA	NA	NA	NA	NA	NA	NA	NA	NA	NA	NA	NA	NA	NA	NA	NA	NA	NA	NA	NA	NA	NA	NA	NA	NA	NA	NA	NA	NA	NA	NA	NA	NA	NA	NA	NA	NA	NA	NA	NA	NA	NA	NA
GH30_9	NA	NA	NA	NA	NA	NA	NA	NA	NA	NA	NA	NA	NA	NA	NA	NA	NA	NA	NA	NA	NA	NA	NA	NA	NA	NA	0.12279	NA	NA	NA	NA	NA	NA	NA	NA	NA	NA	NA	0.22659	NA	NA	NA	NA	NA	NA	NA	NA	NA	NA	NA	NA	NA	NA	NA	NA	NA	NA	NA	NA	NA	NA	NA	NA	NA	NA	NA	0.2793	NA	NA	NA	NA	NA	NA	NA	NA	NA	NA	NA	NA	NA	NA	NA	NA	NA	NA	NA	NA	NA	NA	NA	NA	0.1125	NA	NA	NA	NA	NA	NA	NA	NA	NA	NA	NA	NA	NA	NA	NA	NA	NA	NA	NA	NA	NA	NA	NA	NA	NA	NA	NA	NA	NA	NA	NA	NA	NA	NA	NA	NA	NA	NA	NA	NA	NA	NA	NA	NA	NA	NA	NA	NA	NA	NA	NA	NA	NA	NA	NA	NA	NA	NA	NA	NA	NA	NA	NA	NA	NA	NA	NA	NA	NA	NA	NA	NA	NA	NA	NA	NA	NA	NA	NA	NA	NA	NA	NA	NA	NA	NA	NA	NA	NA	NA	NA	NA	NA	NA	NA	NA	NA	NA	NA	NA	NA	NA	NA	NA	NA	NA	NA	NA	NA	NA	NA	NA	NA	NA	NA	NA	NA	NA	NA	NA	NA	NA	NA	NA	NA	NA	NA	NA	NA	NA	NA	NA	NA	NA	NA	NA	NA	NA	NA	NA	NA	NA	NA	NA	NA	NA	NA	NA	NA	NA	NA	NA	NA	NA	NA	NA	NA	NA	NA	NA	NA	NA	NA	NA	NA	NA	NA	NA	NA	NA	NA	NA	NA	NA	NA	NA	NA	NA	NA	NA	NA	NA	NA	NA	NA	NA	NA	NA	NA	NA	NA	NA	NA	NA	NA	NA	NA	NA	NA	NA	NA	NA	NA	NA	NA	NA	NA	NA	NA	NA	NA	NA	NA	NA	NA	NA	NA	NA	NA	NA	NA	NA	NA	NA	NA	NA	NA	NA	NA	NA	NA	NA	NA	NA	NA	NA	NA	NA	NA	NA	NA	NA	NA	NA	NA	NA	NA	NA	NA	NA	NA	NA	NA	NA	NA	NA	NA	NA	NA	NA	NA	NA	NA	NA	NA	NA	NA	NA	NA	NA	NA	NA	NA	NA	NA	NA	NA	NA	NA	NA	NA	NA	NA	NA	NA
GH31	753.13472	801.24811	694.35885	698.9041	682.02312	745.94401	759.16398	851.47139	857.42632	830.85058	839.3226	828.79808	883.91479	900.32319	1347.14752	1377.0782	1088.80654	1306.15552	1270.19503	984.12597	849.3151	684.19268	898.31895	696.47232	860.46449	782.61235	800.51589	942.5165	723.85718	794.25385	784.41512	775.10399	742.02191	878.71586	768.19639	882.55648	988.72012	1029.77153	909.98441	958.49937	989.34905	753.44826	761.37094	736.16473	750.96547	654.0396	664.24907	924.92796	1002.42026	945.94613	965.40298	908.08892	862.13191	855.67029	654.56194	758.80195	776.68226	796.48873	722.05289	804.4631	728.74104	506.19959	841.50085	823.85701	741.56032	593.93692	623.34035	563.7706	609.92366	591.82877	605.17039	626.96944	623.06617	694.26574	596.99373	488.56306	611.08722	457.354	595.96839	563.63401	600.10717	725.01278	796.46296	886.64761	796.61577	808.27332	728.40855	770.59555	860.89503	963.14223	742.08595	877.42627	761.28833	728.28707	1197.98912	938.59046	639.43334	881.12267	955.81429	884.69117	902.80107	872.43524	922.74832	803.80827	852.16448	983.70446	741.22573	872.31837	765.14172	754.61326	945.74755	972.7467	853.38661	853.07875	806.45702	804.55031	717.57368	607.94132	686.1491	741.96217	660.89376	903.24112	749.16212	598.63712	847.66006	819.30316	727.61939	729.03661	763.07652	687.17227	566.00634	740.51978	775.0869	694.48676	698.88633	763.17903	683.64206	695.57978	751.8136	794.97711	615.90579	575.61905	650.84234	730.8589	975.99673	1177.15317	917.63546	885.91053	743.55833	843.45989	815.45497	724.49025	727.34653	733.05815	774.06154	797.92064	920.92467	866.45033	698.81902	637.76605	590.66882	641.18087	535.20585	639.86333	958.13899	1031.1226	796.81632	1002.30276	475.68577	468.09023	496.77494	498.68759	572.57308	514.16511	550.58282	549.28263	785.29316	799.92654	757.52708	734.16068	864.35398	937.24248	688.64866	785.38209	860.8106	914.2446	914.87227	794.69401	849.57387	739.4704	732.02382	697.71476	741.09667	791.7342	956.43931	815.58066	613.76461	1084.5691	822.42197	658.25969	871.22529	713.24653	501.16106	561.37183	865.95866	876.31394	675.80094	660.89267	592.36139	567.04008	615.60373	694.61521	516.93447	547.79369	474.48146	513.3998	812.35602	582.66366	960.86315	884.68889	805.75291	690.97675	NA	NA	NA	NA	NA	NA	NA	NA	NA	NA	NA	NA	NA	NA	NA	NA	NA	NA	NA	NA	NA	NA	NA	NA	NA	NA	NA	NA	NA	NA	NA	NA	NA	NA	NA	NA	NA	NA	NA	NA	NA	NA	NA	NA	NA	NA	NA	NA	NA	NA	NA	NA	NA	NA	NA	NA	NA	NA	NA	NA	NA	NA	NA	NA	NA	NA	NA	NA	NA	NA	NA	NA	NA	NA	NA	NA	NA	NA	NA	NA	NA	NA	NA	NA	NA	NA	NA	NA	NA	NA	NA	NA	NA	NA	NA	NA	NA	NA	NA	NA	NA	NA	NA	NA	NA	NA	NA	NA	NA	NA	NA	NA	NA	NA	NA	NA	NA	NA	NA	NA	NA	NA	NA	NA	NA	NA	NA	NA	NA	NA	NA	NA	NA	NA	NA	NA	NA	NA	NA	NA	NA	NA	NA	NA	NA	NA	NA	NA	NA	NA	NA	NA	NA	NA	NA
GH32	531.56631	571.14326	532.22995	555.84632	535.73988	659.17306	502.20454	419.08014	485.64935	430.02162	410.25258	450.51854	496.32687	608.86676	737.44732	764.08421	780.84185	734.46136	687.25509	793.32923	769.8506	348.75988	544.07374	427.60522	483.09932	456.97373	452.34863	542.86652	378.95276	600.66874	530.78078	486.1381	460.78681	612.84815	502.63334	888.42291	916.37752	646.85594	547.13697	721.99963	779.96924	455.14811	560.95457	624.03392	616.49561	751.79128	539.79543	558.2785	484.32703	561.25886	559.61254	485.51094	570.02397	472.93422	565.29319	516.3278	594.93951	544.3475	504.23021	548.11491	577.66941	399.22067	735.46005	546.19104	529.53325	463.68611	503.19122	456.38044	490.00189	433.03491	442.69314	540.62376	392.75669	532.15393	456.9201	252.55267	381.70423	655.26202	436.18459	368.70399	325.52612	442.63994	558.612	568.49577	538.08653	584.66387	665.28419	562.25229	579.52416	557.36937	421.97662	623.87983	579.6332	455.06491	532.31291	620.06719	353.55357	480.92128	489.53994	412.62162	450.10567	338.63808	438.90141	504.58265	593.947	583.14151	467.76676	521.67375	490.14397	488.416	503.78051	663.58718	781.20381	564.1859	545.59614	555.002	671.54397	438.24551	535.74569	638.35062	536.89108	783.79515	563.02118	285.44379	500.99495	440.07535	463.45471	435.01979	627.66165	502.73035	386.15909	503.19305	324.04957	418.33129	459.65824	395.70996	337.68616	350.71141	381.93415	497.7156	434.60923	441.18317	467.52004	581.32724	649.44185	714.6001	584.30302	517.72872	430.19924	487.53771	386.28163	402.40355	383.54029	469.27707	516.27893	461.08126	478.92325	441.99307	308.81709	298.95268	365.47418	418.04978	325.92378	383.2496	448.55681	488.99419	386.50262	429.25172	315.95289	306.26049	390.54027	306.33894	405.36749	298.897	408.1159	553.59171	553.70374	508.47355	493.73253	446.3763	464.65228	655.67434	411.64761	606.51917	386.19323	390.09767	381.43806	418.81299	639.44767	537.13967	478.3124	426.23486	537.48789	510.9219	599.99192	561.09769	606.17967	647.25207	674.77959	994.78434	517.21782	502.69654	471.59329	479.67645	629.31715	518.18911	459.95676	406.23483	532.19996	403.18078	434.77265	487.98963	356.56877	338.43564	314.77248	325.02371	422.6403	305.22143	337.28895	405.13941	755.84445	647.59765	NA	NA	NA	NA	NA	NA	NA	NA	NA	NA	NA	NA	NA	NA	NA	NA	NA	NA	NA	NA	NA	NA	NA	NA	NA	NA	NA	NA	NA	NA	NA	NA	NA	NA	NA	NA	NA	NA	NA	NA	NA	NA	NA	NA	NA	NA	NA	NA	NA	NA	NA	NA	NA	NA	NA	NA	NA	NA	NA	NA	NA	NA	NA	NA	NA	NA	NA	NA	NA	NA	NA	NA	NA	NA	NA	NA	NA	NA	NA	NA	NA	NA	NA	NA	NA	NA	NA	NA	NA	NA	NA	NA	NA	NA	NA	NA	NA	NA	NA	NA	NA	NA	NA	NA	NA	NA	NA	NA	NA	NA	NA	NA	NA	NA	NA	NA	NA	NA	NA	NA	NA	NA	NA	NA	NA	NA	NA	NA	NA	NA	NA	NA	NA	NA	NA	NA	NA	NA	NA	NA	NA	NA	NA	NA	NA	NA	NA	NA	NA	NA	NA	NA	NA	NA	NA
GH33	224.3363	170.05739	158.77687	192.29758	168.38317	161.78866	165.4556	208.84475	183.89336	199.34254	208.76635	211.19809	197.32071	133.6794	340.09854	393.05392	300.26869	382.54172	428.17021	227.44826	199.7514	230.27811	265.93345	212.4097	195.37402	215.10963	229.76279	160.88277	258.61335	186.60695	248.61661	267.58269	285.3036	249.12507	250.65821	243.52649	166.74432	383.41027	350.23594	302.13381	275.26282	308.09789	174.95613	184.32817	216.14788	143.58746	174.82007	331.78168	364.28741	275.11023	345.37965	354.04695	252.67137	289.73935	155.46677	240.63152	178.58902	186.7069	165.41988	175.54243	155.30677	101.85903	90.98284	134.21492	185.96923	147.80875	157.45095	165.16535	176.84266	204.48887	216.47146	139.81707	190.8269	152.39953	139.42783	396.57747	321.12267	213.85741	169.90826	210.61441	291.42066	338.97291	208.05893	222.25826	173.89141	141.10283	135.89177	179.48888	202.5178	216.77001	165.52115	209.39561	179.09158	163.75382	325.71945	186.76821	265.9625	306.67141	422.53356	394.45686	370.35279	392.38321	333.81156	216.18098	233.78338	268.95638	255.85575	246.27594	260.0088	259.95207	410.46759	324.08369	315.0762	334.06101	297.41264	263.8861	236.6348	229.3321	273.35747	216.57402	192.02485	279.81751	247.80951	371.34669	216.60319	200.20657	157.50295	148.00255	255.57424	236.81623	151.64768	293.98941	242.1887	172.35785	139.83717	185.00276	356.90923	294.26426	346.9641	175.03034	263.24781	150.38601	168.54982	227.34205	309.82112	380.36063	246.01899	293.94154	219.95859	156.49298	186.86737	159.73923	195.38915	149.64971	191.6501	175.80518	257.31764	257.88036	138.93653	144.04089	174.39645	194.00107	159.2249	163.52895	406.94648	404.34563	270.16258	401.8605	262.88723	184.16135	194.93267	134.36344	181.54165	312.14534	202.16418	211.99118	212.78921	266.15772	247.97834	247.48892	340.07982	188.02527	242.97413	320.29477	363.20123	303.01998	345.26742	256.47911	212.82406	184.49915	238.62794	216.63218	165.80478	220.01694	203.26107	211.01781	346.98193	421.22892	316.3629	166.71207	273.77542	205.13986	137.489	141.07252	152.12855	189.81264	302.47622	321.61175	122.76167	182.33568	129.48766	174.50466	137.1524	136.06261	123.20047	181.29117	300.5452	241.94118	407.19005	274.64626	120.87629	157.783	NA	NA	NA	NA	NA	NA	NA	NA	NA	NA	NA	NA	NA	NA	NA	NA	NA	NA	NA	NA	NA	NA	NA	NA	NA	NA	NA	NA	NA	NA	NA	NA	NA	NA	NA	NA	NA	NA	NA	NA	NA	NA	NA	NA	NA	NA	NA	NA	NA	NA	NA	NA	NA	NA	NA	NA	NA	NA	NA	NA	NA	NA	NA	NA	NA	NA	NA	NA	NA	NA	NA	NA	NA	NA	NA	NA	NA	NA	NA	NA	NA	NA	NA	NA	NA	NA	NA	NA	NA	NA	NA	NA	NA	NA	NA	NA	NA	NA	NA	NA	NA	NA	NA	NA	NA	NA	NA	NA	NA	NA	NA	NA	NA	NA	NA	NA	NA	NA	NA	NA	NA	NA	NA	NA	NA	NA	NA	NA	NA	NA	NA	NA	NA	NA	NA	NA	NA	NA	NA	NA	NA	NA	NA	NA	NA	NA	NA	NA	NA	NA	NA	NA	NA	NA	NA
GH34	NA	NA	NA	NA	NA	NA	0.44415	0.7398	0.39341	0.37889	NA	NA	NA	0.73361	NA	NA	NA	NA	NA	NA	NA	NA	NA	NA	NA	NA	NA	NA	0.39812	0.38978	1.61446	0.38259	NA	NA	1.59334	NA	NA	NA	NA	NA	NA	NA	3.00325	3.72944	0.82296	NA	NA	NA	NA	NA	NA	NA	NA	NA	NA	NA	NA	NA	NA	NA	NA	NA	NA	NA	NA	NA	NA	NA	NA	NA	0.836	NA	0.82873	NA	NA	NA	NA	0.87799	1.30698	0.83281	0.83658	NA	0.79377	1.47475	1.25199	0.40146	NA	0.38026	0.38288	0.37772	0.87242	NA	1.12132	1.20944	NA	1.4498	NA	NA	NA	NA	NA	NA	NA	NA	NA	NA	NA	NA	NA	NA	NA	NA	0.78661	NA	NA	NA	NA	NA	NA	NA	0.84219	NA	NA	NA	NA	NA	NA	NA	NA	NA	NA	0.30784	0.58706	NA	NA	NA	NA	NA	1.7973	1.59889	3.29462	0.30846	0.64966	0.59278	NA	NA	NA	NA	NA	NA	NA	NA	0.57388	NA	0.62107	NA	0.56541	1.47024	NA	NA	0.58239	0.31271	NA	1.29239	1.80436	NA	0.33343	0.58666	0.65908	NA	NA	0.66065	3.03605	0.64768	0.36137	0.92215	0.91632	0.29873	0.65948	NA	0.30444	0.94642	NA	NA	0.28456	NA	0.59069	NA	NA	NA	NA	NA	1.49654	1.00313	NA	NA	NA	0.86608	5.78074	1.88454	NA	0.63303	0.62519	0.29869	NA	NA	NA	NA	NA	NA	NA	NA	NA	NA	NA	NA	NA	NA	NA	NA	1.22973	1.12835	NA	NA	NA	NA	NA	NA	NA	NA	NA	NA	NA	NA	NA	NA	NA	NA	NA	NA	NA	NA	NA	NA	NA	NA	NA	NA	NA	NA	NA	NA	NA	NA	NA	NA	NA	NA	NA	NA	NA	NA	NA	NA	NA	NA	NA	NA	NA	NA	NA	NA	NA	NA	NA	NA	NA	NA	NA	NA	NA	NA	NA	NA	NA	NA	NA	NA	NA	NA	NA	NA	NA	NA	NA	NA	NA	NA	NA	NA	NA	NA	NA	NA	NA	NA	NA	NA	NA	NA	NA	NA	NA	NA	NA	NA	NA	NA	NA	NA	NA	NA	NA	NA	NA	NA	NA	NA	NA	NA	NA	NA	NA	NA	NA	NA	NA	NA	NA	NA	NA	NA	NA	NA	NA	NA	NA	NA	NA	NA	NA	NA	NA	NA	NA	NA	NA	NA	NA	NA	NA	NA	NA	NA	NA	NA	NA	NA	NA	NA	NA	NA	NA	NA	NA	NA	NA
GH35	141.41213	127.67838	120.07395	139.58181	121.87248	135.2766	147.17432	139.93949	106.65168	131.82364	150.0338	135.34612	165.32617	127.96274	355.29861	370.79588	274.17252	372.0184	402.83193	210.85588	137.49307	150.6636	220.18308	138.37693	151.52588	176.82214	187.9751	142.75689	250.46714	169.3222	262.35748	249.2955	266.07894	209.57404	252.65589	157.3536	134.11374	188.15771	240.77846	208.07699	211.01632	253.25184	97.89597	144.07097	171.94064	107.10345	143.98881	176.79658	275.52791	167.52956	199.25636	186.20087	127.71672	213.20316	160.6285	210.65986	167.44121	199.50832	167.4901	193.49503	165.40019	60.22526	67.43716	100.26032	96.57994	91.57826	90.35086	88.58551	147.19242	168.65563	131.92547	110.87617	151.11728	143.33936	115.93722	218.99697	178.9227	113.61517	109.54384	138.65359	171.42733	226.45916	137.51265	162.83268	113.1686	102.61032	94.55583	118.5623	140.08939	151.75641	143.43904	175.76962	136.41972	162.88633	224.41852	119.78629	181.13987	220.65361	267.1493	225.85551	224.51349	238.44291	225.48033	155.80562	180.85658	237.1122	175.00781	223.92897	172.08875	178.45975	244.6045	229.78801	173.05484	201.25615	198.0448	136.55201	142.19547	124.85613	160.17373	113.1884	119.33067	175.81983	209.83165	276.10687	186.14937	188.0851	132.36845	125.26395	138.97523	159.56689	123.6394	176.83314	169.0792	110.97331	104.11968	149.42981	236.04313	186.90226	212.32501	200.52026	177.74619	99.92532	139.35844	173.37095	281.18075	346.96993	282.93298	248.21943	157.56453	136.55653	156.3633	134.86924	158.08086	131.54279	117.40524	137.64563	180.79205	199.45526	152.727	146.14601	119.81121	143.94383	105.35811	157.74183	269.66595	295.25782	176.06152	254.34777	165.27639	143.88697	105.46897	67.88261	151.30292	191.32743	132.83379	150.03433	197.02483	233.30757	265.75383	237.7743	214.38765	153.70284	117.96515	162.74896	288.93746	271.45085	331.41926	298.62769	182.71295	183.98379	236.54586	199.1152	266.06835	348.95774	392.57625	394.12134	176.12191	72.14885	67.39218	82.59966	200.30761	149.46066	137.98299	120.19767	86.334	111.39258	165.24947	157.76791	107.11599	139.55951	143.06951	174.85173	79.57848	98.11176	91.3102	124.92345	191.72663	155.94248	263.71764	213.17691	131.04167	129.69319	NA	NA	NA	NA	NA	NA	NA	NA	NA	NA	NA	NA	NA	NA	NA	NA	NA	NA	NA	NA	NA	NA	NA	NA	NA	NA	NA	NA	NA	NA	NA	NA	NA	NA	NA	NA	NA	NA	NA	NA	NA	NA	NA	NA	NA	NA	NA	NA	NA	NA	NA	NA	NA	NA	NA	NA	NA	NA	NA	NA	NA	NA	NA	NA	NA	NA	NA	NA	NA	NA	NA	NA	NA	NA	NA	NA	NA	NA	NA	NA	NA	NA	NA	NA	NA	NA	NA	NA	NA	NA	NA	NA	NA	NA	NA	NA	NA	NA	NA	NA	NA	NA	NA	NA	NA	NA	NA	NA	NA	NA	NA	NA	NA	NA	NA	NA	NA	NA	NA	NA	NA	NA	NA	NA	NA	NA	NA	NA	NA	NA	NA	NA	NA	NA	NA	NA	NA	NA	NA	NA	NA	NA	NA	NA	NA	NA	NA	NA	NA	NA	NA	NA	NA	NA	NA
GH36	647.32612	646.99457	524.29845	594.22366	672.78106	725.43878	565.54063	478.77947	528.44636	548.61429	534.41555	579.91414	623.2932	615.29828	721.61542	685.42872	646.60279	707.291	704.22445	608.81954	548.17074	422.87134	563.61434	471.52959	477.23126	457.70891	510.35891	594.11137	443.32488	515.27949	511.19596	541.89707	490.97954	506.04601	507.66137	639.7893	647.73351	551.12996	542.86502	671.31273	719.33497	487.15667	460.68913	549.50946	550.59891	603.19358	484.42641	482.40933	439.34886	475.37957	471.37092	436.26503	503.60328	427.02843	599.53762	803.02871	791.92451	821.03583	712.95562	827.93795	663.37458	312.65828	554.37089	548.1383	501.90521	437.10369	405.87171	411.56873	497.55788	456.25324	457.36111	541.50084	486.62319	470.40944	439.35636	409.53979	429.43618	473.23293	461.42637	421.71755	468.19421	491.39077	551.69114	528.21345	587.40035	613.78584	704.41609	581.61156	521.69258	607.0669	407.69807	620.76456	541.27915	433.06798	640.09772	547.36334	340.38301	538.06212	532.14899	519.80523	486.68047	507.67085	524.06777	445.3126	487.78389	524.43144	459.89307	489.14791	461.75498	445.27372	469.34432	503.66866	789.59124	393.64136	354.20514	458.71989	526.42066	506.72921	551.36641	660.39411	556.87198	809.25013	611.98495	415.82723	456.77768	411.51166	452.58605	482.24627	664.09059	648.15698	557.78391	803.56685	351.06185	470.14749	550.36447	462.57637	393.76248	342.5063	394.95467	446.12828	504.62653	513.64751	490.09829	622.11169	605.74157	645.05611	512.30711	531.28701	432.23508	551.34381	471.06635	504.3018	425.29887	467.21884	425.72262	435.86079	543.53861	489.56861	471.66691	415.13064	368.62747	446.78453	340.66742	402.21977	473.69032	514.23584	437.0609	506.13269	418.26276	398.7443	505.17557	353.06315	392.57598	435.24259	422.38737	443.8018	483.58906	478.39335	507.2031	468.35454	421.97098	516.57988	350.29009	454.56618	390.44127	409.31225	408.60684	358.61669	543.43575	433.51462	368.48288	418.14714	705.36649	942.56532	1085.31704	1092.78474	733.95786	1006.98135	698.0119	616.4413	461.37879	433.70667	449.6696	409.18806	542.05876	490.70623	330.22142	246.2235	536.98704	569.77977	626.76639	889.03459	326.33439	316.34447	354.57007	439.50753	470.67924	398.64745	521.07847	495.2788	715.29976	630.74654	NA	NA	NA	NA	NA	NA	NA	NA	NA	NA	NA	NA	NA	NA	NA	NA	NA	NA	NA	NA	NA	NA	NA	NA	NA	NA	NA	NA	NA	NA	NA	NA	NA	NA	NA	NA	NA	NA	NA	NA	NA	NA	NA	NA	NA	NA	NA	NA	NA	NA	NA	NA	NA	NA	NA	NA	NA	NA	NA	NA	NA	NA	NA	NA	NA	NA	NA	NA	NA	NA	NA	NA	NA	NA	NA	NA	NA	NA	NA	NA	NA	NA	NA	NA	NA	NA	NA	NA	NA	NA	NA	NA	NA	NA	NA	NA	NA	NA	NA	NA	NA	NA	NA	NA	NA	NA	NA	NA	NA	NA	NA	NA	NA	NA	NA	NA	NA	NA	NA	NA	NA	NA	NA	NA	NA	NA	NA	NA	NA	NA	NA	NA	NA	NA	NA	NA	NA	NA	NA	NA	NA	NA	NA	NA	NA	NA	NA	NA	NA	NA	NA	NA	NA	NA	NA
GH37	6.43913	5.22182	17.15117	6.43872	5.29556	2.89139	4.0661	15.13219	11.46507	15.40304	26.0976	17.05114	21.24732	10.0572	2.96991	2.97247	2.26279	4.30743	7.91177	4.31027	8.84127	1.2901	7.92945	3.86938	2.71648	3.71801	3.93137	5.02327	6.09214	6.52443	8.11165	4.68723	11.59518	5.3913	6.39838	3.42694	2.38138	6.20938	2.87729	1.32898	1.74549	11.1409	7.47615	6.70274	5.25801	4.76922	5.99226	7.88218	5.13807	5.29084	6.73995	5.68165	5.76037	4.09893	22.94406	20.39426	71.74944	17.51376	22.97371	19.96109	23.15148	3.22489	5.68227	10.19195	4.51915	5.15414	3.77762	4.37179	19.72125	9.65862	14.94606	13.30273	15.15621	16.61298	11.27955	8.95727	6.74461	1.33528	6.06905	7.98031	5.1956	25.62844	4.27545	6.90795	2.75333	3.73927	5.6659	3.21962	4.29011	2.92814	8.37363	3.96028	6.54499	7.8873	4.40192	6.7544	5.45056	11.4738	4.39977	9.86377	3.95599	4.37216	7.79535	7.03965	8.80539	8.13681	7.05492	6.93854	4.54399	7.14482	3.7411	15.7348	2.5022	5.90714	8.27755	6.10505	6.7753	2.51635	1.87984	2.049	0.96279	1.02835	6.72978	2.75652	6.13396	7.18169	7.78	6.77588	7.73253	2.07774	7.23222	10.50759	19.58165	7.46838	13.25464	21.77375	12.40939	14.31975	14.45162	16.8997	4.92254	9.28289	8.24978	4.50303	4.85487	7.32706	4.96762	7.55933	9.00024	7.3846	7.56724	7.75639	7.52971	4.75808	7.30828	7.40765	8.01544	8.66699	6.92927	12.78066	11.28268	13.85312	6.48044	18.55373	7.13965	9.14367	4.40043	8.38478	6.65871	16.97085	9.20903	7.42517	9.48115	6.08	21.04786	10.12493	5.93932	9.09975	6.30443	7.40855	8.59088	4.3063	2.44596	7.71942	8.35348	7.44631	8.90676	32.31671	2.13128	4.98702	4.21007	5.28336	8.81483	3.47441	5.63252	1.61755	NA	7.14598	5.12671	5.89104	7.52453	6.1077	4.78478	11.47105	3.86044	1.94954	6.26256	5.61604	9.32376	18.44495	10.8293	4.01891	7.09938	11.38746	7.0745	13.09818	8.20973	12.74056	10.4948	7.59497	12.49869	3.20153	NA	NA	NA	NA	NA	NA	NA	NA	NA	NA	NA	NA	NA	NA	NA	NA	NA	NA	NA	NA	NA	NA	NA	NA	NA	NA	NA	NA	NA	NA	NA	NA	NA	NA	NA	NA	NA	NA	NA	NA	NA	NA	NA	NA	NA	NA	NA	NA	NA	NA	NA	NA	NA	NA	NA	NA	NA	NA	NA	NA	NA	NA	NA	NA	NA	NA	NA	NA	NA	NA	NA	NA	NA	NA	NA	NA	NA	NA	NA	NA	NA	NA	NA	NA	NA	NA	NA	NA	NA	NA	NA	NA	NA	NA	NA	NA	NA	NA	NA	NA	NA	NA	NA	NA	NA	NA	NA	NA	NA	NA	NA	NA	NA	NA	NA	NA	NA	NA	NA	NA	NA	NA	NA	NA	NA	NA	NA	NA	NA	NA	NA	NA	NA	NA	NA	NA	NA	NA	NA	NA	NA	NA	NA	NA	NA	NA	NA	NA	NA	NA	NA	NA	NA	NA	NA
GH38	125.92054	148.80967	193.18927	161.92504	141.05449	224.86637	180.49963	115.7688	108.37299	113.732	108.71861	101.38081	125.4686	136.71735	318.1826	250.35067	168.90912	237.36353	226.24884	158.95235	152.85421	289.2905	241.67285	220.31614	189.04963	183.18493	230.02547	232.09378	153.29965	127.32785	182.12806	142.8017	189.31665	123.75509	135.44919	80.3602	136.23391	106.13978	116.50635	146.85811	147.51299	170.68904	105.67961	126.02196	112.28402	111.87073	133.14423	76.43875	116.39891	98.16055	75.46253	101.43132	89.26342	93.1414	74.12983	58.49952	68.82831	76.50002	62.41909	76.51551	78.61159	100.28332	181.34805	129.65194	137.46454	132.32441	124.76152	157.16813	123.60832	121.37546	109.83246	140.25042	123.71283	135.37408	109.20832	140.74411	161.77273	115.64844	159.96779	145.22411	133.37511	196.06161	148.75557	151.60518	128.33456	126.5172	116.15127	112.19585	121.70434	203.99202	232.42076	216.50539	209.44914	282.06019	134.52274	117.21588	91.24075	125.44944	125.28008	119.00047	138.43561	84.49336	126.4307	164.3811	146.46064	124.09471	126.76384	102.34542	116.35276	139.00713	114.44802	149.82186	94.958	127.82354	112.3696	97.28471	149.60716	134.72067	116.04206	131.04328	171.56644	105.29294	172.16332	211.32493	124.05774	121.13254	92.32801	97.87348	82.27355	101.37838	132.73229	86.79665	105.84277	84.7427	75.82479	105.30088	119.65575	93.8128	114.21317	91.20181	183.81632	197.51443	162.14827	139.43192	170.70252	191.47764	168.41283	158.40126	206.92045	207.9081	183.04195	225.81775	116.95013	109.11159	84.07331	103.76783	201.69563	220.45857	204.3981	266.26014	94.59168	91.04576	125.3008	177.98187	148.32974	111.07661	154.21655	183.70581	161.45139	142.85055	138.88703	114.28966	156.23527	199.40836	156.72355	126.4541	104.89299	107.09393	107.65615	96.39564	99.49141	99.31564	76.49188	66.02456	118.00872	135.44879	112.71329	168.45909	105.88389	146.23847	139.04017	145.35935	41.82352	19.42126	13.60988	7.595	34.37568	57.58563	35.54117	85.69124	148.81054	125.75215	86.09322	70.57964	66.67558	83.03509	101.6484	98.83812	89.03723	79.53937	86.43179	47.01914	121.10425	147.63911	141.48982	149.89979	114.50723	127.09281	138.6395	140.39648	159.84647	113.56409	NA	NA	NA	NA	NA	NA	NA	NA	NA	NA	NA	NA	NA	NA	NA	NA	NA	NA	NA	NA	NA	NA	NA	NA	NA	NA	NA	NA	NA	NA	NA	NA	NA	NA	NA	NA	NA	NA	NA	NA	NA	NA	NA	NA	NA	NA	NA	NA	NA	NA	NA	NA	NA	NA	NA	NA	NA	NA	NA	NA	NA	NA	NA	NA	NA	NA	NA	NA	NA	NA	NA	NA	NA	NA	NA	NA	NA	NA	NA	NA	NA	NA	NA	NA	NA	NA	NA	NA	NA	NA	NA	NA	NA	NA	NA	NA	NA	NA	NA	NA	NA	NA	NA	NA	NA	NA	NA	NA	NA	NA	NA	NA	NA	NA	NA	NA	NA	NA	NA	NA	NA	NA	NA	NA	NA	NA	NA	NA	NA	NA	NA	NA	NA	NA	NA	NA	NA	NA	NA	NA	NA	NA	NA	NA	NA	NA	NA	NA	NA	NA	NA	NA	NA	NA	NA
GH39	42.02378	43.49938	53.96847	54.9844	59.99981	58.25132	44.67643	82.96485	53.16407	40.35751	47.04272	47.54318	85.21607	126.51728	16.45163	5.86821	26.20745	12.19169	11.15483	27.4884	35.46181	16.04691	12.87227	10.65025	29.26015	35.7856	32.23892	33.86605	59.56099	53.8382	72.53335	64.69701	58.47233	49.61311	56.01232	102.8998	169.26287	96.56657	71.48522	117.46997	133.14751	69.70451	60.27471	74.25571	104.86616	72.29088	38.50944	43.46673	37.07973	70.21045	47.4942	44.10339	85.05463	49.20651	30.48866	16.23915	25.05391	23.6574	21.81652	20.73099	26.98098	46.16748	47.62498	173.40262	125.26723	75.10736	91.11055	73.27653	61.51475	27.02622	28.6052	32.84211	30.39432	29.80687	38.53689	32.86627	38.4626	38.04772	39.44006	34.25745	41.49204	49.46323	77.78074	97.38434	68.26618	78.17561	69.06062	73.55349	53.04716	69.14632	27.405	58.98408	59.21049	45.6903	70.40436	23.83952	43.45304	56.07632	43.87446	37.33116	49.65302	67.58007	83.24667	34.87674	45.50155	43.24479	51.67185	53.28902	46.87716	47.88455	11.31647	25.8182	58.9917	17.96324	15.55333	37.692	19.85699	48.82759	45.71873	95.82098	70.79515	54.4297	62.0884	50.40636	46.47961	38.82972	46.45993	34.55801	66.12069	40.64941	41.2114	57.75274	26.46371	81.82727	70.51819	49.68862	36.30633	49.81076	64.777	135.88038	45.3704	74.02292	28.68912	53.76058	55.93412	47.56141	20.60033	50.71069	11.91201	15.18306	45.72979	28.28416	49.03133	70.07324	39.91424	39.76863	73.46894	71.85783	36.0344	31.54638	63.69538	108.2831	60.12542	71.1926	50.89576	53.2798	63.27686	52.51124	42.23265	48.41879	60.13767	42.28609	30.4142	46.81624	45.63642	29.78599	44.22903	53.81713	46.22706	52.56435	46.75779	154.3435	18.52749	50.76968	25.01449	29.80119	24.54197	68.25052	86.62006	86.43078	35.81514	75.31482	41.37236	14.13193	33.98893	23.09531	9.02236	7.38321	13.2035	13.41041	64.95609	50.37931	42.70523	41.48483	116.40079	113.80057	23.8096	10.55294	42.53317	22.89503	32.3414	18.15055	33.83664	40.0592	50.09713	45.88212	57.94276	51.18235	72.19992	63.04069	150.513	90.74862	NA	NA	NA	NA	NA	NA	NA	NA	NA	NA	NA	NA	NA	NA	NA	NA	NA	NA	NA	NA	NA	NA	NA	NA	NA	NA	NA	NA	NA	NA	NA	NA	NA	NA	NA	NA	NA	NA	NA	NA	NA	NA	NA	NA	NA	NA	NA	NA	NA	NA	NA	NA	NA	NA	NA	NA	NA	NA	NA	NA	NA	NA	NA	NA	NA	NA	NA	NA	NA	NA	NA	NA	NA	NA	NA	NA	NA	NA	NA	NA	NA	NA	NA	NA	NA	NA	NA	NA	NA	NA	NA	NA	NA	NA	NA	NA	NA	NA	NA	NA	NA	NA	NA	NA	NA	NA	NA	NA	NA	NA	NA	NA	NA	NA	NA	NA	NA	NA	NA	NA	NA	NA	NA	NA	NA	NA	NA	NA	NA	NA	NA	NA	NA	NA	NA	NA	NA	NA	NA	NA	NA	NA	NA	NA	NA	NA	NA	NA	NA	NA	NA	NA	NA	NA	NA
GH4	195.30778	147.75238	195.49052	174.66204	175.25377	213.37084	174.62433	139.63357	159.15903	131.46217	117.62854	162.95463	165.63823	221.98997	144.84533	61.42803	177.71814	120.12186	96.59021	245.88456	314.31247	265.25684	234.20209	224.64749	206.73362	185.04217	163.38559	220.10165	86.25245	113.64155	111.87837	109.9613	120.65052	125.49329	105.77284	253.75298	252.93365	149.52854	137.78656	230.55747	259.49131	126.31636	178.18755	156.33315	111.07157	201.71962	130.15108	270.41481	123.13867	232.66734	178.75757	142.67429	239.85919	158.63887	147.49817	229.72823	336.89747	265.03953	143.16565	255.78339	200.26903	98.78984	162.94337	174.10582	148.26954	117.8602	145.53	128.18863	160.12065	143.30991	146.81931	205.18543	187.86338	201.0715	135.93377	102.77066	127.61192	184.46377	148.24076	140.15346	127.95583	153.24188	136.83644	131.78024	99.20067	101.89384	91.16142	105.5765	92.62435	182.03445	185.61745	219.66356	232.99356	220.82219	149.45641	244.02157	98.46943	163.24226	129.93685	158.15412	136.19783	102.16399	139.38781	113.6028	130.46439	102.07843	92.74435	96.84196	107.94434	118.13551	118.79167	186.06353	147.58813	161.63096	133.3079	182.10872	258.12818	149.83298	145.30525	188.34894	172.94974	144.59074	205.59876	170.96285	114.82945	92.45381	91.23071	76.05053	251.89981	167.10403	153.73769	226.33326	82.18021	136.44168	140.61036	156.2813	139.89337	173.48566	175.08466	148.81844	224.48765	239.17071	190.62549	227.10323	121.65383	98.06153	76.99588	105.3904	172.60561	186.06341	128.47784	170.77061	91.38721	81.50759	81.40509	75.30674	209.58883	238.34769	152.24506	184.42683	146.9906	148.10682	118.46088	156.86378	97.47937	106.55801	102.72338	113.66729	145.24613	168.64485	190.45132	176.3095	121.24191	138.15687	166.61922	150.08235	99.97514	74.70715	77.74587	79.73547	117.8451	186.01088	211.80603	355.01574	77.18682	69.01115	52.37406	124.82162	160.70064	124.54204	140.14712	123.98616	256.10687	244.25139	321.4068	230.01798	120.73783	309.63375	379.91712	375.27592	82.54373	82.24897	100.01053	108.46258	215.34369	168.18077	538.45294	557.26807	142.63865	194.34438	182.28148	260.40074	119.89664	160.98931	135.02856	159.55108	156.1371	127.28398	67.51763	126.40897	247.76506	141.64287	NA	NA	NA	NA	NA	NA	NA	NA	NA	NA	NA	NA	NA	NA	NA	NA	NA	NA	NA	NA	NA	NA	NA	NA	NA	NA	NA	NA	NA	NA	NA	NA	NA	NA	NA	NA	NA	NA	NA	NA	NA	NA	NA	NA	NA	NA	NA	NA	NA	NA	NA	NA	NA	NA	NA	NA	NA	NA	NA	NA	NA	NA	NA	NA	NA	NA	NA	NA	NA	NA	NA	NA	NA	NA	NA	NA	NA	NA	NA	NA	NA	NA	NA	NA	NA	NA	NA	NA	NA	NA	NA	NA	NA	NA	NA	NA	NA	NA	NA	NA	NA	NA	NA	NA	NA	NA	NA	NA	NA	NA	NA	NA	NA	NA	NA	NA	NA	NA	NA	NA	NA	NA	NA	NA	NA	NA	NA	NA	NA	NA	NA	NA	NA	NA	NA	NA	NA	NA	NA	NA	NA	NA	NA	NA	NA	NA	NA	NA	NA	NA	NA	NA	NA	NA	NA
GH42	205.0067	260.00827	248.7708	241.19955	224.7232	310.18607	217.55559	213.81247	219.46146	211.88566	247.90363	250.90584	345.05023	345.11482	341.12774	344.36167	490.48422	351.70286	350.61545	478.78396	427.05539	226.34235	307.07974	314.51227	271.59799	258.75169	245.45982	337.25576	184.17088	266.30651	226.78727	221.11514	189.08669	239.11726	231.73224	365.26352	454.32023	344.2987	351.37696	388.4053	414.38245	189.57411	229.40499	298.83549	300.60295	397.5266	253.60986	270.5722	207.62557	279.7916	282.68091	262.9869	329.24685	233.40657	149.14764	88.5893	124.81822	99.80423	106.76637	107.93709	152.07164	199.08328	428.97748	288.37163	282.97476	221.78176	206.67151	210.93493	284.11305	267.28424	225.71724	357.07935	208.18527	310.55668	281.48825	129.14539	157.54926	257.37099	260.83636	212.67445	195.34256	213.73101	283.59392	293.9241	276.13827	317.92261	338.40013	325.15475	262.01065	371.48466	236.25271	305.82832	327.9392	238.25623	382.05164	322.84399	150.58594	217.25854	226.42579	166.00246	237.61534	161.78351	205.39761	185.8238	221.54275	248.24757	177.55445	243.5097	214.37887	205.21546	219.65375	248.39553	161.20978	252.80903	252.29981	299.30654	354.43908	142.42391	158.02952	213.55229	168.58391	149.10049	150.64871	116.35944	231.25585	168.56764	204.64873	150.70498	229.61821	163.931	142.15695	111.68401	169.09706	216.4118	212.2602	189.2	157.6827	162.32133	209.64098	221.07518	129.85175	175.46273	145.50697	119.48675	280.77778	284.88351	243.05812	291.76458	218.56331	293.30546	186.96361	207.31065	218.54828	203.2419	229.27549	191.82088	271.35111	238.15236	178.86189	147.95142	162.87768	189.78688	118.49416	178.74041	237.27108	276.44278	182.95688	215.28803	157.76469	160.43629	173.36358	131.88536	183.04079	170.84299	218.81994	226.66932	232.9589	202.15214	158.93549	155.69187	199.99438	301.5533	219.93083	252.17944	120.2364	147.73545	131.42844	129.26185	303.29966	265.5013	206.39367	196.68856	109.2498	67.43036	76.2844	61.5867	200.94897	66.19025	132.6002	233.84085	219.39297	208.64994	187.87695	142.17998	378.5852	319.13579	163.60804	131.68991	137.78353	83.33936	73.07497	61.45038	166.57479	193.46976	179.8161	203.80349	194.96426	183.54775	177.6485	216.30025	449.03474	340.35784	NA	NA	NA	NA	NA	NA	NA	NA	NA	NA	NA	NA	NA	NA	NA	NA	NA	NA	NA	NA	NA	NA	NA	NA	NA	NA	NA	NA	NA	NA	NA	NA	NA	NA	NA	NA	NA	NA	NA	NA	NA	NA	NA	NA	NA	NA	NA	NA	NA	NA	NA	NA	NA	NA	NA	NA	NA	NA	NA	NA	NA	NA	NA	NA	NA	NA	NA	NA	NA	NA	NA	NA	NA	NA	NA	NA	NA	NA	NA	NA	NA	NA	NA	NA	NA	NA	NA	NA	NA	NA	NA	NA	NA	NA	NA	NA	NA	NA	NA	NA	NA	NA	NA	NA	NA	NA	NA	NA	NA	NA	NA	NA	NA	NA	NA	NA	NA	NA	NA	NA	NA	NA	NA	NA	NA	NA	NA	NA	NA	NA	NA	NA	NA	NA	NA	NA	NA	NA	NA	NA	NA	NA	NA	NA	NA	NA	NA	NA	NA	NA	NA	NA	NA	NA	NA
GH43	1541.34129	1470.65578	1400.14803	1467.32026	1588.42206	1418.56349	1460.82375	1710.97236	1615.11857	2072.04712	2420.88267	2734.60625	2694.59617	1458.31293	3557.16664	4146.2203	3347.36896	4298.17292	4659.32016	2005.36526	1333.00638	1020.98366	2368.80602	1425.85147	1656.61451	1799.80626	2006.61969	1730.18812	2062.58788	1486.00687	2385.65177	2590.99631	2172.40719	2172.16335	2207.07142	1851.08127	1500.51756	2553.76896	2735.12742	2155.52762	2434.56572	2226.94933	1408.34634	1326.47135	1817.87376	1397.60061	1357.25608	2072.57482	3046.37309	2205.37734	2999.85928	2890.77079	2127.12438	2436.24218	1725.24906	2569.09884	1907.04114	2528.99583	2053.99849	2271.96617	1918.1886	972.29544	998.95356	2237.65	2344.32758	1912.67459	1543.79537	1564.59359	1499.88414	1626.45679	1336.49154	1269.29692	1559.55726	1277.67658	1327.11977	870.67725	1215.19089	616.23786	1228.90644	1214.18345	1771.53746	1558.4875	1901.53421	2626.72559	2346.01878	2666.63066	3061.42305	2369.90643	2699.19355	2337.58321	1359.37563	1938.32861	1394.70498	1400.67609	4042.5678	1754.83421	2025.92224	2293.10212	2630.9071	2453.98646	2236.45785	2261.98087	2333.35149	2352.40033	2841.25345	3921.72797	3049.64052	3349.75759	3003.04941	2539.37867	2584.11307	2411.18971	2107.50443	2471.92106	2552.90147	2012.501	1182.12572	1116.2983	1483.84704	1609.32844	1320.31668	1967.69721	1828.82569	1123.61017	2157.96273	2601.24632	2408.72655	2225.48194	1767.94765	1619.41403	1344.4267	2074.87532	1631.95507	1470.30443	1600.52947	1703.83564	1855.7462	1743.12139	2518.26113	2208.18703	1388.56987	943.47382	1373.31715	1796.82162	3499.19779	4076.29134	2841.28114	2927.55437	1698.45035	1701.84696	1971.44912	1453.98746	2083.37498	2243.34566	2486.23485	2167.25646	2115.42511	1584.78599	2023.5949	1683.98378	1167.04872	1629.0855	1100.77596	1359.45157	3254.16937	2786.73024	2437.8559	3058.86564	1300.17209	1203.59986	1159.57292	862.36796	1001.02624	1221.06631	1123.16035	1035.18898	1948.7142	2758.43347	2651.31277	2520.65059	2262.10277	1885.33665	1951.9177	2310.31834	2669.19498	2509.91399	3164.10915	1962.18288	2091.29264	2153.41822	2654.3854	2261.381	2362.94977	3319.55921	3322.39454	3433.47963	2932.1938	2590.57844	1823.56319	854.18115	2500.25895	1789.46992	1233.95815	1285.28774	1618.40177	1804.9952	1925.82315	2049.51127	1356.28731	1641.36966	1712.24355	2755.34355	1100.71361	1026.10359	1185.97877	1208.0723	1916.74714	1238.49319	3394.61651	2487.03061	1749.88538	1573.08746	NA	NA	NA	NA	NA	NA	NA	NA	NA	NA	NA	NA	NA	NA	NA	NA	NA	NA	NA	NA	NA	NA	NA	NA	NA	NA	NA	NA	NA	NA	NA	NA	NA	NA	NA	NA	NA	NA	NA	NA	NA	NA	NA	NA	NA	NA	NA	NA	NA	NA	NA	NA	NA	NA	NA	NA	NA	NA	NA	NA	NA	NA	NA	NA	NA	NA	NA	NA	NA	NA	NA	NA	NA	NA	NA	NA	NA	NA	NA	NA	NA	NA	NA	NA	NA	NA	NA	NA	NA	NA	NA	NA	NA	NA	NA	NA	NA	NA	NA	NA	NA	NA	NA	NA	NA	NA	NA	NA	NA	NA	NA	NA	NA	NA	NA	NA	NA	NA	NA	NA	NA	NA	NA	NA	NA	NA	NA	NA	NA	NA	NA	NA	NA	NA	NA	NA	NA	NA	NA	NA	NA	NA	NA	NA	NA	NA	NA	NA	NA	NA	NA	NA	NA	NA	NA
GH43_1	45.65876	32.10156	13.1708	30.63681	47.45475	25.46999	26.25972	28.32822	12.8701	23.316	30.83471	23.94419	26.41086	5.42454	54.74354	88.15643	73.4078	87.0141	119.54422	40.2862	18.07668	5.64298	29.17215	11.96027	31.62935	31.99527	46.43191	15.68079	35.02757	24.75293	31.91212	33.91154	32.37278	40.0387	41.8507	24.39505	12.08319	35.39547	40.65254	10.23149	10.61798	32.86925	12.19334	17.32495	30.91599	23.91616	22.75962	43.15032	68.96447	46.60758	79.42363	53.20901	34.06087	55.24071	57.69176	119.76674	119.27748	130.16282	87.33311	116.24206	73.79495	14.29618	2.49092	20.13667	25.36946	17.65073	16.73566	2.69468	26.17576	25.56318	23.5558	9.64316	24.77192	11.88412	9.49019	16.05258	23.51082	2.37783	8.06188	12.58041	26.5775	28.91323	23.53795	31.60346	20.0292	17.42811	12.37869	16.48031	31.05271	32.06215	11.82588	19.75472	10.84841	7.8209	80.45124	21.29459	41.51919	46.63781	85.79921	74.7677	76.26229	88.62066	51.72139	18.132	33.14007	46.73184	39.26972	54.64278	40.3611	27.32261	28.28344	30.32368	78.96063	31.66672	55.5826	17.89233	16.82401	23.6887	45.62747	37.73981	28.97583	76.33459	46.43141	5.86945	25.75579	34.73132	18.66886	20.26932	67.13308	64.37187	31.93269	117.80602	21.16769	17.84772	14.77006	21.32533	14.46152	17.77706	58.2307	28.09697	32.23039	12.06941	33.15181	75.94931	69.88772	70.08904	38.42265	58.81955	22.22859	16.10982	40.52066	11.52902	24.25386	20.41887	35.92849	25.3593	33.26839	23.13846	23.83868	15.60693	12.78343	24.25053	7.90993	12.03117	70.74655	79.05278	37.74195	43.2726	23.51687	11.29211	20.29593	4.95839	5.70445	16.21458	11.50625	9.00648	37.13407	45.42109	40.6038	39.39547	36.82541	21.47783	33.69275	36.44858	52.03344	45.16169	72.51569	NA	36.98966	25.1049	49.62741	34.15648	109.06449	172.96045	184.34224	212.11689	117.33834	197.4986	105.62685	42.52921	34.2306	25.356	52.513	33.82676	32.41621	30.84712	24.62165	28.3761	44.39493	67.53963	70.35309	161.78	12.64382	7.86584	7.67075	3.57938	47.59944	19.13066	91.23413	54.10174	11.06376	21.766	NA	NA	NA	NA	NA	NA	NA	NA	NA	NA	NA	NA	NA	NA	NA	NA	NA	NA	NA	NA	NA	NA	NA	NA	NA	NA	NA	NA	NA	NA	NA	NA	NA	NA	NA	NA	NA	NA	NA	NA	NA	NA	NA	NA	NA	NA	NA	NA	NA	NA	NA	NA	NA	NA	NA	NA	NA	NA	NA	NA	NA	NA	NA	NA	NA	NA	NA	NA	NA	NA	NA	NA	NA	NA	NA	NA	NA	NA	NA	NA	NA	NA	NA	NA	NA	NA	NA	NA	NA	NA	NA	NA	NA	NA	NA	NA	NA	NA	NA	NA	NA	NA	NA	NA	NA	NA	NA	NA	NA	NA	NA	NA	NA	NA	NA	NA	NA	NA	NA	NA	NA	NA	NA	NA	NA	NA	NA	NA	NA	NA	NA	NA	NA	NA	NA	NA	NA	NA	NA	NA	NA	NA	NA	NA	NA	NA	NA	NA	NA	NA	NA	NA	NA	NA	NA
GH43_10	170.64822	173.65727	93.99796	127.82679	157.86747	122.2935	122.55904	143.84556	110.16312	163.21721	160.76314	158.31965	181.83473	114.25682	191.35104	288.01045	230.68924	260.0371	324.29807	185.00405	151.0285	51.66169	128.55515	64.67208	137.49243	131.84465	129.7162	103.06879	165.66313	148.70492	197.26093	217.62514	156.05709	193.21373	190.41283	129.10918	131.45386	177.79802	187.52024	219.90231	207.75813	163.08102	84.92466	99.68627	138.89444	107.63207	111.35881	185.53846	215.60029	166.81431	247.2422	203.86996	161.87681	202.68113	156.33179	221.58408	212.49604	239.39272	215.7372	226.5874	176.51484	67.29291	68.55754	180.66558	165.96383	148.31916	132.82592	109.00106	111.85752	98.52604	110.90437	82.79692	123.73687	106.22173	86.80394	41.15978	64.65425	28.24519	68.34936	63.3726	82.78299	72.97044	131.39627	194.03645	169.04713	152.3743	146.51408	126.83714	162.08034	152.3848	79.60686	170.82502	136.029	106.76555	310.66201	115.08159	134.64659	154.73517	253.17589	247.05593	279.28395	271.98599	176.1031	119.10276	138.56963	221.10031	192.83866	273.88571	230.28844	144.06462	201.12559	182.41756	317.07739	184.24894	235.35989	138.56068	93.8049	135.30539	189.7502	181.57449	146.87646	305.98793	155.83016	65.01277	151.50094	179.19409	133.75843	121.33092	196.29192	219.26746	124.90059	305.76619	116.15432	108.7378	142.74617	155.00243	98.57102	126.66746	185.24034	167.90165	111.94141	60.85264	123.50369	175.02109	224.11377	229.58098	138.20693	214.80295	78.31743	83.85268	118.6303	80.94457	137.71574	141.15833	188.22314	125.81873	141.08007	103.09393	143.2002	114.15756	79.76552	108.83561	70.3894	98.0471	190.39251	207.51452	148.80141	160.20339	97.41691	90.36162	91.64523	61.23145	49.36308	48.02675	60.41201	56.96925	188.31434	239.75699	216.59766	193.59297	120.42939	136.40897	137.9985	143.84245	175.30172	195.89837	227.2938	171.14626	161.92051	129.04684	195.03353	146.06606	285.54266	337.4043	470.36473	468.00108	308.79457	402.60655	244.71399	101.21478	131.00148	95.18456	179.2463	136.67452	143.63418	145.79349	158.40438	178.26843	117.85607	133.12265	130.59898	251.9331	84.81444	61.55563	91.23941	92.43372	169.90834	79.94222	213.98884	176.71488	133.57976	129.4261	NA	NA	NA	NA	NA	NA	NA	NA	NA	NA	NA	NA	NA	NA	NA	NA	NA	NA	NA	NA	NA	NA	NA	NA	NA	NA	NA	NA	NA	NA	NA	NA	NA	NA	NA	NA	NA	NA	NA	NA	NA	NA	NA	NA	NA	NA	NA	NA	NA	NA	NA	NA	NA	NA	NA	NA	NA	NA	NA	NA	NA	NA	NA	NA	NA	NA	NA	NA	NA	NA	NA	NA	NA	NA	NA	NA	NA	NA	NA	NA	NA	NA	NA	NA	NA	NA	NA	NA	NA	NA	NA	NA	NA	NA	NA	NA	NA	NA	NA	NA	NA	NA	NA	NA	NA	NA	NA	NA	NA	NA	NA	NA	NA	NA	NA	NA	NA	NA	NA	NA	NA	NA	NA	NA	NA	NA	NA	NA	NA	NA	NA	NA	NA	NA	NA	NA	NA	NA	NA	NA	NA	NA	NA	NA	NA	NA	NA	NA	NA	NA	NA	NA	NA	NA	NA
GH43_11	28.06004	31.85802	41.69024	42.42306	52.73598	58.45483	30.32387	30.63946	31.7813	42.74092	31.51653	34.29426	55.73993	54.44831	33.21069	32.30646	71.87702	30.4631	24.77347	83.40153	81.44503	24.67034	18.67887	22.12713	21.78475	31.98444	28.34682	23.90065	25.18809	23.35445	32.04315	29.04148	26.42185	25.86087	30.61797	48.33876	75.59059	45.71883	55.14686	72.28257	78.18955	22.53149	35.1978	38.24767	36.15473	42.66285	32.94481	35.30398	21.29966	37.10933	36.77141	28.57145	43.42666	26.95206	21.13004	10.74235	14.62973	13.82539	20.3318	18.52455	20.92143	24.75774	39.99206	58.06899	35.06875	52.40836	46.93226	43.06793	64.88788	60.64616	36.06794	66.3573	35.66211	45.11152	66.74958	6.21999	7.62452	22.39969	20.25815	18.77614	12.86713	6.53387	24.83351	25.61567	39.90125	38.86915	30.76239	23.55851	21.46558	21.28899	16.20648	24.52897	31.09049	25.13862	35.90084	11.01126	13.79793	24.7251	14.20916	15.89125	18.7346	21.14378	24.3147	13.4608	14.38838	17.01052	14.42389	23.77651	19.20598	20.07347	13.26998	18.48631	20.87294	28.90045	24.66429	39.36027	17.79241	13.11134	15.21315	34.18593	24.28864	24.68552	29.2708	5.75503	17.80607	18.7468	24.83546	29.39167	39.67154	24.23572	30.40391	36.40456	17.25077	33.1344	40.849	23.14381	6.06725	17.36765	16.47598	34.67823	11.87656	29.28594	12.73838	16.88365	32.11487	28.32083	17.64996	32.85777	17.98792	19.31509	24.61585	23.22417	20.99923	28.14453	20.86627	18.49938	24.26714	20.07224	21.66907	16.89362	14.93502	26.80547	28.68778	29.01557	26.25983	27.67852	28.49501	17.81228	44.47156	53.78462	49.81722	26.4806	23.20978	15.52603	15.88934	18.50319	20.46724	22.951	22.32232	20.30401	13.06232	53.36335	42.07108	51.63848	5.78793	9.10494	11.20215	NA	39.27956	36.10399	15.6916	28.82362	15.78192	7.46043	11.21987	5.64082	NA	5.77113	27.05576	19.49956	35.87068	30.10648	34.9468	22.08869	52.41895	49.73822	50.32882	42.9055	27.8282	9.52695	12.87656	11.56873	24.06491	24.03896	40.9077	22.58349	23.48131	22.13114	16.33067	16.00545	52.10915	47.86555	NA	NA	NA	NA	NA	NA	NA	NA	NA	NA	NA	NA	NA	NA	NA	NA	NA	NA	NA	NA	NA	NA	NA	NA	NA	NA	NA	NA	NA	NA	NA	NA	NA	NA	NA	NA	NA	NA	NA	NA	NA	NA	NA	NA	NA	NA	NA	NA	NA	NA	NA	NA	NA	NA	NA	NA	NA	NA	NA	NA	NA	NA	NA	NA	NA	NA	NA	NA	NA	NA	NA	NA	NA	NA	NA	NA	NA	NA	NA	NA	NA	NA	NA	NA	NA	NA	NA	NA	NA	NA	NA	NA	NA	NA	NA	NA	NA	NA	NA	NA	NA	NA	NA	NA	NA	NA	NA	NA	NA	NA	NA	NA	NA	NA	NA	NA	NA	NA	NA	NA	NA	NA	NA	NA	NA	NA	NA	NA	NA	NA	NA	NA	NA	NA	NA	NA	NA	NA	NA	NA	NA	NA	NA	NA	NA	NA	NA	NA	NA	NA	NA	NA	NA	NA	NA
GH43_12	79.26101	82.09611	65.33151	76.99847	94.72334	79.92211	73.6825	82.49186	72.66449	86.93825	62.4952	81.38503	83.15179	82.097	124.03773	145.5875	155.28762	155.42751	151.32241	125.57924	132.52601	59.36579	84.9005	62.58232	107.0788	115.07724	99.94704	101.61706	78.97992	83.48854	106.43174	113.54191	78.96863	98.62643	100.31626	58.68821	69.37443	84.22361	82.61647	82.27219	90.07587	74.77366	54.5623	69.21094	92.70091	60.77086	77.76906	60.16171	81.98038	65.36725	88.96933	73.16771	60.43549	70.88822	95.32486	116.32966	104.15005	127.35894	120.41217	115.28562	99.29891	43.42067	34.18865	93.7034	87.05312	70.88155	69.67825	41.49271	67.5291	49.13714	68.93269	63.77932	58.04857	77.84034	59.49158	32.23632	49.41115	15.99612	51.872	41.05351	66.03251	62.89726	95.24835	111.35965	111.27024	111.64209	85.11771	83.86339	109.49409	114.52017	57.2166	113.40815	86.32011	56.36684	164.2643	82.31919	88.72587	113.57269	168.92506	154.31164	175.42528	190.46419	124.45189	86.61118	74.42425	112.53594	104.1544	119.53653	96.78318	72.63099	50.91897	57.03957	130.11492	61.16567	88.74096	79.45677	67.61092	64.54643	81.02877	88.44404	69.8534	139.21098	66.05254	25.65893	82.73187	95.08824	79.30875	80.67719	87.35496	109.01028	92.19707	139.61955	60.37087	63.73893	70.24193	50.23974	46.89889	61.42907	75.98953	90.75102	60.20599	38.99789	58.03865	76.29386	122.36576	130.54619	92.35311	124.20173	64.32798	73.60928	97.03488	94.93556	70.55794	85.47472	98.5323	83.8987	110.10378	86.6366	78.15937	55.87641	59.08075	86.68134	71.17485	70.30016	123.89957	144.54091	91.88951	94.12191	45.93668	50.47949	46.54759	47.77127	33.17523	47.83676	51.6628	38.68038	91.46845	103.50199	104.03239	98.05101	58.28642	70.98879	74.42981	66.2195	83.28397	95.74818	112.63806	64.27275	89.87075	83.69214	137.80871	96.34552	121.0866	138.2518	181.32259	180.39902	104.0528	161.21322	100.02886	45.0731	97.17131	62.49576	90.57211	63.7485	61.9615	72.04924	52.89044	51.84191	66.95056	70.46446	73.88886	123.46076	39.05413	37.15622	49.62022	58.87919	110.87934	55.12146	166.44737	142.13255	94.08559	98.3303	NA	NA	NA	NA	NA	NA	NA	NA	NA	NA	NA	NA	NA	NA	NA	NA	NA	NA	NA	NA	NA	NA	NA	NA	NA	NA	NA	NA	NA	NA	NA	NA	NA	NA	NA	NA	NA	NA	NA	NA	NA	NA	NA	NA	NA	NA	NA	NA	NA	NA	NA	NA	NA	NA	NA	NA	NA	NA	NA	NA	NA	NA	NA	NA	NA	NA	NA	NA	NA	NA	NA	NA	NA	NA	NA	NA	NA	NA	NA	NA	NA	NA	NA	NA	NA	NA	NA	NA	NA	NA	NA	NA	NA	NA	NA	NA	NA	NA	NA	NA	NA	NA	NA	NA	NA	NA	NA	NA	NA	NA	NA	NA	NA	NA	NA	NA	NA	NA	NA	NA	NA	NA	NA	NA	NA	NA	NA	NA	NA	NA	NA	NA	NA	NA	NA	NA	NA	NA	NA	NA	NA	NA	NA	NA	NA	NA	NA	NA	NA	NA	NA	NA	NA	NA	NA
GH43_16	18.05296	10.22674	5.9761	12.64229	13.17084	28.42508	13.29169	30.81358	24.61502	27.94393	30.19449	38.63161	34.92634	16.16014	74.83007	58.78308	23.53076	40.6179	29.57517	16.61467	23.90261	11.19497	29.70824	22.05736	20.84032	16.2985	14.28119	17.29098	58.65555	55.58441	70.72041	74.00772	56.34107	31.971	73.11319	8.94631	16.18324	16.8069	12.33414	14.67524	13.93184	42.50618	24.30616	28.39569	31.78468	28.9641	27.51449	14.44972	31.89667	16.55176	13.64152	15.61839	24.5075	15.44081	18.54285	14.31569	5.22465	11.96461	15.64171	19.30372	17.50278	12.62487	18.31464	40.83503	58.3974	106.03105	64.91749	89.77413	19.91563	24.98328	19.35225	27.47987	38.29087	24.834	26.68982	9.30206	15.96321	10.04013	24.28418	19.21796	32.60366	14.90794	49.04443	37.17849	68.67995	57.30125	71.91474	56.031	51.35343	42.5286	23.52183	79.44642	58.1298	56.56753	58.15568	18.18489	35.31908	43.32205	51.11132	60.0739	71.84798	64.01628	48.54624	38.24716	42.77462	57.40522	49.71121	69.21626	57.70915	45.61412	19.24758	20.25919	10.04012	37.41522	23.92963	80.20331	46.59392	33.43174	9.77311	12.13508	14.94061	10.41189	46.58342	3.73833	43.56064	40.62553	66.27837	80.75211	8.16252	13.85632	23.26437	18.14781	29.92461	26.39416	60.5496	39.73347	32.44158	59.89044	29.0084	59.47174	10.32457	3.31296	4.4973	6.56907	35.60543	66.89785	51.81515	29.55459	30.65695	22.87978	38.54816	20.79227	30.08284	56.29219	49.73644	59.52456	45.41427	26.77835	103.50046	62.11257	15.76528	30.18855	38.58284	46.76749	31.12731	20.4342	65.91799	46.15956	18.40392	37.39186	11.47693	17.90884	17.70303	15.69248	18.07145	10.58298	33.52831	32.68751	84.53652	66.27648	18.33682	17.6051	22.30623	20.26831	95.72043	110.30208	96.19501	50.64497	31.78928	30.08486	48.77137	29.92628	1.76631	2.23206	0.23592	3.02488	NA	2.55549	2.26797	2.17087	56.23771	42.7275	61.80978	45.56408	21.46809	19.27798	18.54691	12.25459	9.21015	5.83235	8.12601	5.755	26.73949	17.23558	82.7606	137.52494	46.36053	19.35703	27.64579	16.71926	35.66613	42.287	NA	NA	NA	NA	NA	NA	NA	NA	NA	NA	NA	NA	NA	NA	NA	NA	NA	NA	NA	NA	NA	NA	NA	NA	NA	NA	NA	NA	NA	NA	NA	NA	NA	NA	NA	NA	NA	NA	NA	NA	NA	NA	NA	NA	NA	NA	NA	NA	NA	NA	NA	NA	NA	NA	NA	NA	NA	NA	NA	NA	NA	NA	NA	NA	NA	NA	NA	NA	NA	NA	NA	NA	NA	NA	NA	NA	NA	NA	NA	NA	NA	NA	NA	NA	NA	NA	NA	NA	NA	NA	NA	NA	NA	NA	NA	NA	NA	NA	NA	NA	NA	NA	NA	NA	NA	NA	NA	NA	NA	NA	NA	NA	NA	NA	NA	NA	NA	NA	NA	NA	NA	NA	NA	NA	NA	NA	NA	NA	NA	NA	NA	NA	NA	NA	NA	NA	NA	NA	NA	NA	NA	NA	NA	NA	NA	NA	NA	NA	NA	NA	NA	NA	NA	NA	NA
GH43_17	12.12269	13.017	18.87859	18.17043	16.15071	19.30552	15.42734	23.49262	20.7413	38.07072	33.67478	30.0818	38.2787	14.65932	28.16423	41.0974	29.91308	44.9541	55.22561	22.1978	7.11261	7.42184	16.81596	8.44096	26.90733	27.21703	41.5351	11.41914	35.64177	21.57067	37.59393	49.44108	37.75201	34.93667	34.99693	44.42902	26.22512	64.62234	56.68071	50.35529	60.68795	33.81458	16.22967	14.95249	31.19636	18.04938	23.62946	50.40383	63.87591	57.97591	91.81443	79.73813	50.16673	50.3528	17.10493	19.6016	7.21106	12.37818	13.70411	14.05563	15.56475	14.59074	8.71797	22.9842	25.44579	14.5272	19.25694	8.72091	24.64469	23.45831	30.68124	24.49841	24.4079	20.6527	23.36361	17.90534	29.08229	11.67667	19.07917	25.58806	25.15245	30.34141	32.16564	42.04316	45.95579	29.63011	29.98344	23.74157	29.44492	18.69392	15.91306	20.2438	16.57813	9.34551	78.09466	19.55791	18.52226	28.61521	36.75002	27.46341	30.37021	22.99429	20.72943	38.3374	61.13492	59.76844	64.44329	69.69553	62.63157	38.06764	60.131	38.78283	16.00476	21.6826	30.12565	23.89075	13.40701	18.50069	18.33651	19.50228	19.92193	11.59955	23.14205	27.31891	46.40734	53.90188	32.70542	34.17413	11.20992	6.99701	9.94412	8.92722	31.07081	25.73006	19.40513	24.39879	27.56687	22.08017	28.6338	18.62116	21.44895	14.29718	14.39371	14.90767	34.00888	44.66374	15.77611	35.66968	11.3603	11.88998	26.45713	14.73131	33.82278	28.92207	38.90329	28.86571	21.98377	15.53448	23.3599	18.96401	16.42486	26.21097	11.85048	15.88698	53.38614	59.79466	28.95969	43.73042	33.62831	31.60829	24.92498	20.82723	24.77854	34.79097	19.35564	17.22004	34.44192	44.9241	46.74495	48.00611	54.39161	35.24373	47.77433	50.8148	30.13815	22.0464	39.96603	29.97261	22.8082	15.18886	26.26259	27.6645	16.29958	10.81171	3.50082	1.27274	32.19343	7.91532	11.32335	4.3377	28.25059	22.08589	9.4735	17.4948	30.97373	36.05109	51.06653	57.42892	10.96871	15.24171	7.78587	4.21012	18.33814	16.43453	12.25989	9.99562	16.20843	13.84992	53.07391	42.38922	31.6858	26.27439	NA	NA	NA	NA	NA	NA	NA	NA	NA	NA	NA	NA	NA	NA	NA	NA	NA	NA	NA	NA	NA	NA	NA	NA	NA	NA	NA	NA	NA	NA	NA	NA	NA	NA	NA	NA	NA	NA	NA	NA	NA	NA	NA	NA	NA	NA	NA	NA	NA	NA	NA	NA	NA	NA	NA	NA	NA	NA	NA	NA	NA	NA	NA	NA	NA	NA	NA	NA	NA	NA	NA	NA	NA	NA	NA	NA	NA	NA	NA	NA	NA	NA	NA	NA	NA	NA	NA	NA	NA	NA	NA	NA	NA	NA	NA	NA	NA	NA	NA	NA	NA	NA	NA	NA	NA	NA	NA	NA	NA	NA	NA	NA	NA	NA	NA	NA	NA	NA	NA	NA	NA	NA	NA	NA	NA	NA	NA	NA	NA	NA	NA	NA	NA	NA	NA	NA	NA	NA	NA	NA	NA	NA	NA	NA	NA	NA	NA	NA	NA	NA	NA	NA	NA	NA	NA
GH43_18	44.7538	34.67376	13.88294	29.41108	50.9804	31.45086	33.84834	35.13711	23.17823	38.72707	42.01598	40.23318	39.09814	12.20321	139.58441	178.66535	141.27326	202.01874	235.23189	89.37031	50.85355	12.25146	49.23874	24.70665	50.87341	68.27178	81.77292	25.45153	26.29139	19.65088	38.28817	44.20573	35.50358	36.5587	43.53767	76.5896	48.88133	134.33286	142.32024	89.62304	83.23724	35.6838	19.55424	18.0771	44.08563	6.21294	25.17105	106.12502	106.46851	101.46065	156.15321	157.44239	92.44513	89.23344	25.23501	30.28497	8.53867	18.00924	16.52967	17.65209	22.61276	13.12839	0.91392	26.53597	22.00473	13.55828	12.96088	3.48727	24.18525	25.41019	38.94267	16.84218	41.81732	22.15484	16.98804	22.27838	30.70903	1.19827	8.80669	18.10738	46.44191	40.20588	44.22971	57.22649	41.46748	27.07362	22.4229	30.29824	46.1341	48.43216	26.90075	34.47356	19.16877	11.16949	122.15694	37.65735	52.25212	64.98576	112.5839	101.77477	105.28927	109.14857	66.72689	32.90237	54.8877	81.19416	67.795	90.28705	71.70353	50.47702	115.56778	77.28588	132.97523	46.48096	50.7037	32.25867	25.27143	48.19799	65.49067	57.78441	52.42229	112.21367	63.63446	26.46643	52.0278	61.67212	36.70849	29.72591	76.13995	88.43446	32.18105	111.0668	37.38264	29.12034	20.52447	29.31339	34.27342	25.94428	58.39116	32.9163	50.29338	15.98785	40.3931	71.9181	133.69039	134.87163	80.56546	101.81215	35.95221	25.00998	55.89581	23.63484	43.16108	32.56513	57.74843	45.87735	46.67598	36.37968	33.73737	23.61695	16.51063	37.21936	8.37355	21.19213	117.60625	120.97351	59.42223	85.17718	26.41405	15.78221	25.4401	9.36034	9.54467	26.75739	16.85821	15.86881	38.25846	56.21159	48.74745	46.0563	107.44286	69.23957	101.34726	119.68832	86.44795	64.31315	116.33078	127.33016	47.68015	28.28785	39.78138	49.70523	20.77833	23.53547	1.96117	0.74096	NA	192.47846	124.70044	45.61929	62.425	32.108	13.02491	26.65301	53.76264	67.6972	109.38658	131.80881	20.6472	50.00866	29.23191	60.63009	15.28601	8.304	4.70946	2.59907	59.04745	30.52834	126.14531	93.70999	11.97107	18.91052	NA	NA	NA	NA	NA	NA	NA	NA	NA	NA	NA	NA	NA	NA	NA	NA	NA	NA	NA	NA	NA	NA	NA	NA	NA	NA	NA	NA	NA	NA	NA	NA	NA	NA	NA	NA	NA	NA	NA	NA	NA	NA	NA	NA	NA	NA	NA	NA	NA	NA	NA	NA	NA	NA	NA	NA	NA	NA	NA	NA	NA	NA	NA	NA	NA	NA	NA	NA	NA	NA	NA	NA	NA	NA	NA	NA	NA	NA	NA	NA	NA	NA	NA	NA	NA	NA	NA	NA	NA	NA	NA	NA	NA	NA	NA	NA	NA	NA	NA	NA	NA	NA	NA	NA	NA	NA	NA	NA	NA	NA	NA	NA	NA	NA	NA	NA	NA	NA	NA	NA	NA	NA	NA	NA	NA	NA	NA	NA	NA	NA	NA	NA	NA	NA	NA	NA	NA	NA	NA	NA	NA	NA	NA	NA	NA	NA	NA	NA	NA	NA	NA	NA	NA	NA	NA
GH43_19	23.08272	18.67937	21.76521	24.61929	6.07824	5.63748	29.87914	51.67326	40.48151	40.36349	57.14256	43.91724	47.19611	17.32971	155.41533	203.64478	128.79521	184.528	210.18318	83.04766	26.11374	14.51792	71.92312	30.99016	50.36283	59.36159	66.94009	33.80616	59.03275	31.98922	55.5655	69.56061	59.84792	56.74364	67.37043	81.7948	41.51054	141.81488	127.69248	101.22095	92.12828	61.34216	25.79525	15.01478	37.41784	5.82042	20.13939	89.01938	108.28759	88.95351	125.16879	114.64079	80.44189	73.61504	26.94006	31.90336	7.25164	15.02352	18.12966	14.94557	29.34206	16.33706	2.77249	34.99357	21.92326	11.72842	26.56329	8.05747	22.32161	29.36984	22.61426	13.51655	28.6952	20.93749	16.70669	25.52973	42.83542	2.29623	17.92683	22.00858	50.32166	52.98795	51.77302	77.68061	59.60337	45.13581	31.28405	40.35773	68.59825	48.90101	24.56151	35.58528	14.0352	9.44978	149.37567	31.51158	33.34477	49.05018	58.61614	44.2382	30.00315	32.58538	49.71761	72.52676	82.01025	107.52842	94.39512	108.12784	93.36821	72.14414	128.77092	79.25634	15.66178	56.65185	56.99451	44.96426	26.68866	11.98045	19.42126	6.75116	7.00246	5.57419	22.05534	24.15564	65.31514	77.657	55.69433	56.46441	17.31388	17.34214	13.49136	13.98109	56.05023	41.48579	29.10154	45.96822	58.9622	53.78562	96.76882	53.67359	23.70487	6.52591	9.81437	14.75679	146.46032	180.30776	111.71455	113.54256	61.83049	44.16912	69.25926	34.27519	68.0	69.97781	75.0087	63.39571	53.98216	31.36116	49.19982	30.79674	26.69129	45.06936	19.94901	37.99777	123.06494	100.02264	89.43412	124.07197	20.03401	12.32563	7.65487	4.40132	25.55926	30.1377	25.84236	19.00919	58.47601	94.72751	87.86347	70.92088	120.82347	73.93608	92.60759	139.00415	41.02248	49.41388	66.52962	33.96038	67.66479	48.90988	66.04399	67.41055	25.2967	50.8892	11.34287	11.5689	19.69326	8.26112	21.81744	8.28752	72.36672	42.99389	12.85925	30.03657	49.32726	55.18828	73.98249	87.27408	12.4291	18.0488	5.42575	3.89565	18.3783	12.31392	8.78784	2.75032	27.93833	17.11679	102.03071	65.98788	7.46395	18.28483	NA	NA	NA	NA	NA	NA	NA	NA	NA	NA	NA	NA	NA	NA	NA	NA	NA	NA	NA	NA	NA	NA	NA	NA	NA	NA	NA	NA	NA	NA	NA	NA	NA	NA	NA	NA	NA	NA	NA	NA	NA	NA	NA	NA	NA	NA	NA	NA	NA	NA	NA	NA	NA	NA	NA	NA	NA	NA	NA	NA	NA	NA	NA	NA	NA	NA	NA	NA	NA	NA	NA	NA	NA	NA	NA	NA	NA	NA	NA	NA	NA	NA	NA	NA	NA	NA	NA	NA	NA	NA	NA	NA	NA	NA	NA	NA	NA	NA	NA	NA	NA	NA	NA	NA	NA	NA	NA	NA	NA	NA	NA	NA	NA	NA	NA	NA	NA	NA	NA	NA	NA	NA	NA	NA	NA	NA	NA	NA	NA	NA	NA	NA	NA	NA	NA	NA	NA	NA	NA	NA	NA	NA	NA	NA	NA	NA	NA	NA	NA	NA	NA	NA	NA	NA	NA
GH43_2	34.63133	19.12812	2.42073	18.11785	37.0773	21.05973	16.94887	5.92977	4.14288	19.98554	21.23219	9.36639	13.54698	3.58139	21.52453	21.49909	12.89053	20.0936	30.46611	7.09412	4.74191	3.04893	16.86784	9.66757	9.48108	12.05068	11.38205	12.73538	28.67519	18.47157	28.03388	29.75668	26.897	23.32974	30.59496	4.98471	2.00197	6.36496	13.38276	8.54169	7.33062	29.76415	1.94741	7.0998	9.28098	2.80736	4.75003	8.53146	32.76824	8.0275	28.50279	11.23178	4.09176	29.50992	67.83735	101.87107	87.69729	109.71261	101.20458	85.60787	62.75867	2.8862	0.77819	7.84303	5.2618	2.57075	8.53535	2.00842	12.13743	20.17116	8.86819	3.86018	7.57582	5.10222	9.37259	5.5763	3.07365	0.62875	1.16327	1.96678	9.0915	7.8443	19.65945	29.84991	29.79554	20.25847	11.81528	18.87174	17.6375	5.05452	7.26573	4.66771	1.7845	2.4007	67.24242	10.75474	67.50178	55.69615	124.02637	126.58066	136.6818	150.33509	72.69598	21.43904	19.92476	34.1785	25.61892	25.3959	37.24208	23.22405	40.84551	32.81446	64.76234	43.3926	59.32774	19.74559	13.65336	26.27072	30.34833	36.4055	31.74949	69.7262	32.42839	4.10018	19.43983	27.72504	9.71245	9.29921	53.17289	55.08339	22.7938	86.02464	11.07649	5.24444	3.72702	8.27842	17.85884	21.97419	39.34098	34.24148	21.93419	7.6805	18.57975	38.35845	12.39744	10.50242	8.70287	7.01503	12.65981	5.32032	7.78849	2.70313	31.64228	14.47261	16.91985	18.88509	16.90938	8.4182	25.6271	11.94682	9.66572	16.33547	6.11589	8.69487	25.66856	32.90771	7.14997	8.66841	12.89506	5.48547	15.99084	2.2333	1.74407	3.32205	3.07711	3.90686	22.65357	31.8184	31.65056	31.58257	3.55551	4.87782	2.20258	4.7786	76.77422	58.32158	89.83064	74.14614	15.75581	20.49457	66.95829	27.3084	72.34351	100.05589	128.06991	151.68812	87.91614	148.67472	83.03001	32.2631	13.45645	4.80725	6.29821	4.22281	4.14985	5.3011	6.75172	11.78692	43.13875	50.01321	56.87891	114.6133	4.12088	2.922	2.50049	0.99101	83.84457	23.96867	69.17623	43.30676	5.22211	8.09763	NA	NA	NA	NA	NA	NA	NA	NA	NA	NA	NA	NA	NA	NA	NA	NA	NA	NA	NA	NA	NA	NA	NA	NA	NA	NA	NA	NA	NA	NA	NA	NA	NA	NA	NA	NA	NA	NA	NA	NA	NA	NA	NA	NA	NA	NA	NA	NA	NA	NA	NA	NA	NA	NA	NA	NA	NA	NA	NA	NA	NA	NA	NA	NA	NA	NA	NA	NA	NA	NA	NA	NA	NA	NA	NA	NA	NA	NA	NA	NA	NA	NA	NA	NA	NA	NA	NA	NA	NA	NA	NA	NA	NA	NA	NA	NA	NA	NA	NA	NA	NA	NA	NA	NA	NA	NA	NA	NA	NA	NA	NA	NA	NA	NA	NA	NA	NA	NA	NA	NA	NA	NA	NA	NA	NA	NA	NA	NA	NA	NA	NA	NA	NA	NA	NA	NA	NA	NA	NA	NA	NA	NA	NA	NA	NA	NA	NA	NA	NA	NA	NA	NA	NA	NA	NA
GH43_22	22.65007	30.35871	39.54516	36.52057	35.10768	53.55047	25.27336	15.37474	31.93237	13.91308	23.5074	28.15864	59.38208	41.36186	22.97857	5.72118	21.68331	15.67911	11.89442	34.67777	84.97256	30.88901	15.68919	10.96766	14.3977	12.3635	20.94676	20.98646	5.47483	6.25948	12.07066	8.76841	3.46898	7.90236	7.61474	36.20797	63.55041	46.55455	68.09668	63.87587	71.30234	2.49098	18.33308	22.07262	37.89037	57.19024	17.38623	19.65928	6.42183	20.44993	20.77406	19.35248	53.85237	12.93268	23.78645	10.02794	16.63235	12.54368	15.50876	15.59452	29.57445	16.80214	37.34392	22.91175	39.16252	29.3691	28.29137	48.82594	45.8823	46.97386	19.10357	65.37422	33.95472	50.12568	41.80352	11.36517	7.60407	30.11043	27.86448	41.93146	9.09623	12.06852	10.35826	8.90708	14.91928	16.1182	28.67459	21.15281	11.77722	22.96511	13.12811	25.19117	38.62172	20.175	12.90034	9.48269	10.18905	22.34373	26.05621	20.5993	50.34948	22.42353	20.93974	5.66418	4.38528	13.75598	3.51092	23.35554	39.77816	7.30382	12.25979	16.50928	6.09298	25.23947	28.2709	27.0267	26.38085	3.79398	2.71268	13.48191	17.64411	10.5441	5.49694	5.65717	4.9711	6.67661	13.63794	11.80729	36.50439	15.7019	22.52379	15.88567	9.93929	14.69084	34.44253	21.48533	10.80837	13.85514	12.69491	22.42496	7.15432	9.2724	3.90828	6.65862	16.12923	10.2483	9.12385	14.35551	5.21625	6.35199	11.5089	9.7979	36.57524	5.18038	16.69462	22.39836	11.32023	12.67318	30.21953	32.25922	11.0315	11.23894	13.70317	33.71643	24.88146	16.59169	15.17328	11.30331	35.07501	47.53747	27.64165	20.35713	29.48912	14.55976	20.59285	25.29311	6.33327	11.31059	7.88671	7.87401	15.07494	31.412	32.03158	36.05186	3.73181	9.05226	12.69145	NA	9.70981	15.94608	3.12789	12.41977	2.56887	0.6278	0.44778	5.91677	NA	2.77408	7.02266	5.96662	16.4771	16.21691	22.03658	13.32485	39.69443	30.11603	13.40685	6.2836	19.42217	10.40316	8.46499	10.50828	17.29985	23.23355	40.34092	42.37882	17.18825	27.44168	13.98675	32.13498	49.85655	30.60517	NA	NA	NA	NA	NA	NA	NA	NA	NA	NA	NA	NA	NA	NA	NA	NA	NA	NA	NA	NA	NA	NA	NA	NA	NA	NA	NA	NA	NA	NA	NA	NA	NA	NA	NA	NA	NA	NA	NA	NA	NA	NA	NA	NA	NA	NA	NA	NA	NA	NA	NA	NA	NA	NA	NA	NA	NA	NA	NA	NA	NA	NA	NA	NA	NA	NA	NA	NA	NA	NA	NA	NA	NA	NA	NA	NA	NA	NA	NA	NA	NA	NA	NA	NA	NA	NA	NA	NA	NA	NA	NA	NA	NA	NA	NA	NA	NA	NA	NA	NA	NA	NA	NA	NA	NA	NA	NA	NA	NA	NA	NA	NA	NA	NA	NA	NA	NA	NA	NA	NA	NA	NA	NA	NA	NA	NA	NA	NA	NA	NA	NA	NA	NA	NA	NA	NA	NA	NA	NA	NA	NA	NA	NA	NA	NA	NA	NA	NA	NA	NA	NA	NA	NA	NA	NA
GH43_24	53.46108	42.20942	72.43539	52.1201	27.79277	29.98202	64.11697	105.37753	91.17933	113.94073	135.38244	108.79764	122.60303	66.80164	274.94856	302.55568	200.4345	289.098	305.07265	141.11707	90.42951	49.23551	135.08425	72.36247	75.53994	74.26858	74.93295	64.0388	150.07276	88.04567	135.9707	144.7423	157.1889	131.04264	156.10141	103.77446	63.44539	107.58862	119.87014	101.10372	95.16039	157.8778	43.76799	42.32343	75.82353	53.38987	61.4395	122.95429	154.03959	108.22837	110.58313	128.79276	86.39722	122.4786	111.90516	163.23439	133.627	153.34891	137.68052	137.89316	124.81617	45.63327	53.85161	64.35183	56.01154	37.1007	60.17266	54.15281	62.77033	78.36246	61.52562	67.48982	84.1682	78.76502	56.99863	116.99909	89.95335	53.00417	49.75363	69.22399	80.64432	117.15131	113.65309	138.64908	108.7451	82.54829	67.63038	87.42589	123.23459	82.51517	74.15878	72.47445	52.66691	63.12409	267.23187	71.96725	79.42562	94.22774	106.00898	76.24157	68.27714	65.62911	103.06258	143.33781	171.75414	216.01843	161.37635	209.23496	183.72235	156.05289	122.58829	117.85528	32.43853	116.28082	90.21991	69.82355	44.11655	41.80809	37.83817	21.29829	29.1965	17.38035	56.83211	115.80152	151.3709	171.67019	118.11888	122.63038	38.68633	31.43608	47.8835	36.01349	142.02556	86.42689	68.13148	112.28224	124.72709	115.83235	144.11126	114.85002	56.96066	34.54382	41.20392	40.94326	230.5411	285.65717	194.54169	189.45347	105.03368	69.97374	107.3108	63.0208	124.22648	118.89782	140.77409	131.99204	103.10631	81.70875	107.86559	92.28057	61.17254	72.54691	43.68682	67.6788	180.39064	160.42156	135.12472	181.25321	68.44968	58.27525	41.52505	47.10492	67.51361	85.54	64.86166	67.80117	128.87538	185.10415	175.05174	150.93583	136.73222	92.43661	76.89136	119.24025	174.76731	170.97974	217.29053	90.44713	126.55817	115.7612	152.58723	137.97001	135.29845	177.35592	201.3881	221.10864	164.70062	25.85422	29.89856	21.60725	128.21253	93.08425	38.93457	47.02139	62.26826	71.62619	103.90176	96.6265	73.83155	86.74251	86.43168	153.40156	53.32949	61.6251	63.93573	110.21263	65.72992	62.22683	155.45397	121.08488	56.32628	60.97285	NA	NA	NA	NA	NA	NA	NA	NA	NA	NA	NA	NA	NA	NA	NA	NA	NA	NA	NA	NA	NA	NA	NA	NA	NA	NA	NA	NA	NA	NA	NA	NA	NA	NA	NA	NA	NA	NA	NA	NA	NA	NA	NA	NA	NA	NA	NA	NA	NA	NA	NA	NA	NA	NA	NA	NA	NA	NA	NA	NA	NA	NA	NA	NA	NA	NA	NA	NA	NA	NA	NA	NA	NA	NA	NA	NA	NA	NA	NA	NA	NA	NA	NA	NA	NA	NA	NA	NA	NA	NA	NA	NA	NA	NA	NA	NA	NA	NA	NA	NA	NA	NA	NA	NA	NA	NA	NA	NA	NA	NA	NA	NA	NA	NA	NA	NA	NA	NA	NA	NA	NA	NA	NA	NA	NA	NA	NA	NA	NA	NA	NA	NA	NA	NA	NA	NA	NA	NA	NA	NA	NA	NA	NA	NA	NA	NA	NA	NA	NA	NA	NA	NA	NA	NA	NA
GH43_26	52.81766	83.5258	66.94181	71.22438	68.6144	72.38588	49.14451	49.75061	41.78561	39.01442	40.73915	50.03875	69.84769	82.95289	71.25548	49.56286	54.11059	67.04802	79.38026	58.62602	55.95815	46.13855	83.65564	62.40783	62.10232	62.6667	74.19889	103.8619	51.56605	69.74682	56.11961	63.36673	49.44319	71.75233	60.98836	40.0996	41.63458	40.00176	52.77248	63.55047	62.04432	52.97497	25.94751	32.93323	53.10574	54.57094	23.14824	49.67309	49.86334	51.64746	42.1347	55.61964	58.64912	58.94866	34.5171	27.89427	32.26128	20.91441	29.35707	31.19071	41.72814	34.09572	63.40612	86.4299	113.40523	71.40455	57.76872	61.31349	54.42444	52.07356	39.08571	53.20374	40.27859	47.15273	51.1768	18.70078	23.74614	35.9323	38.24507	39.30127	33.21585	24.60074	49.37998	63.21588	41.77746	65.13318	78.7137	64.68484	51.06133	104.28246	40.08112	82.01691	71.75862	47.19613	46.06274	45.46154	69.2797	69.9242	93.43723	44.22958	82.56519	59.94478	72.61229	35.68098	34.81534	59.72507	41.17694	56.78041	44.79568	41.85016	94.93889	100.70006	55.98887	94.92732	88.93492	106.51171	55.25307	46.26127	50.16845	87.81488	47.17692	51.78825	37.35275	41.18509	51.04759	47.74836	48.96232	33.16657	68.61759	42.5898	27.18944	34.23131	17.30084	38.53204	46.73868	29.38705	44.25258	37.73065	52.75041	84.6443	36.20134	46.32514	44.23491	40.81434	58.77735	59.73835	45.59461	50.34722	53.56867	80.82677	47.11995	45.2593	45.23825	42.2972	50.37402	36.48309	76.63435	72.2376	31.99582	32.38677	19.33729	30.40088	27.83448	29.26863	75.43273	91.34185	52.26013	57.94147	44.96446	44.27904	43.53955	23.60171	32.58859	20.854	35.16935	40.54542	61.37612	65.96431	43.01821	51.30718	14.60539	37.62503	31.53132	29.93878	46.77734	63.4476	61.16925	101.48191	97.57653	82.92271	70.95429	80.1918	18.52864	10.55848	15.21514	13.18148	NA	15.58223	31.59377	46.2675	44.92631	31.85273	30.64187	22.18691	50.35628	50.39351	27.94042	23.50766	41.52164	22.44564	25.09292	19.60624	31.75264	35.32397	31.86278	25.30781	57.54564	35.1784	76.33874	77.75898	96.13985	62.07343	NA	NA	NA	NA	NA	NA	NA	NA	NA	NA	NA	NA	NA	NA	NA	NA	NA	NA	NA	NA	NA	NA	NA	NA	NA	NA	NA	NA	NA	NA	NA	NA	NA	NA	NA	NA	NA	NA	NA	NA	NA	NA	NA	NA	NA	NA	NA	NA	NA	NA	NA	NA	NA	NA	NA	NA	NA	NA	NA	NA	NA	NA	NA	NA	NA	NA	NA	NA	NA	NA	NA	NA	NA	NA	NA	NA	NA	NA	NA	NA	NA	NA	NA	NA	NA	NA	NA	NA	NA	NA	NA	NA	NA	NA	NA	NA	NA	NA	NA	NA	NA	NA	NA	NA	NA	NA	NA	NA	NA	NA	NA	NA	NA	NA	NA	NA	NA	NA	NA	NA	NA	NA	NA	NA	NA	NA	NA	NA	NA	NA	NA	NA	NA	NA	NA	NA	NA	NA	NA	NA	NA	NA	NA	NA	NA	NA	NA	NA	NA	NA	NA	NA	NA	NA	NA
GH43_27	1.11949	2.12872	4.3865	4.68289	5.27084	7.10606	4.25352	7.2194	7.40953	5.56431	12.14335	7.00354	17.7054	13.86932	4.01473	1.39466	8.87202	0.83637	0.63903	1.18552	3.75106	7.10309	8.76874	12.67162	5.97339	2.87113	3.58105	9.36305	1.62504	2.02851	5.27576	3.97018	1.6989	4.78912	0.68521	10.1114	21.06875	9.87185	19.92533	17.8463	20.03583	0.84875	18.40986	23.85117	15.55019	13.39662	20.28424	6.1287	3.0224	4.92739	7.96385	4.19492	18.55704	4.48922	6.40956	1.19565	2.38516	0.58843	1.11857	0.50232	1.69776	9.13464	12.82521	16.04853	11.11092	7.87922	10.42425	19.63095	20.99497	24.2274	11.2079	32.68567	9.9199	20.96971	24.41752	3.44336	2.52001	13.18571	12.9892	15.25975	6.64518	6.08361	5.38439	7.98589	5.28537	7.95368	12.67894	5.3598	9.44505	6.20962	3.69153	6.08133	8.65857	5.13115	7.40761	2.43452	0.87071	1.44826	2.50791	2.70168	6.99418	2.93477	0.97387	0.57456	1.40056	2.54651	0.71065	1.6804	0.61135	0.95647	3.53945	7.40503	1.68045	16.61358	7.84735	4.66325	9.12615	0.52941	0.41614	3.07847	2.48017	1.14193	1.59958	1.06872	1.49551	1.89254	2.34341	3.42518	3.52101	1.61596	3.31637	1.57527	4.54467	3.65215	9.37915	9.49038	5.70342	2.7848	1.49306	5.56915	1.16414	1.4427	0.33923	2.09064	0.34523	0.34561	0.78718	0.96011	8.07857	9.92	8.6424	3.49426	5.55961	0.32358	6.26498	7.71627	2.97896	2.90712	11.17069	12.17759	2.80583	1.83182	4.39904	7.56534	10.50005	10.73564	14.56513	9.22545	16.15007	18.96402	11.88846	6.58313	13.11758	6.99851	9.27748	10.85657	5.60323	10.31434	6.05958	6.75955	4.85575	8.84193	14.07373	12.70103	0.662	3.60975	3.68984	11.50112	0.82276	0.13597	0.59199	1.01925	NA	NA	NA	2.15038	NA	0.88263	4.53015	3.0608	11.29028	10.84831	17.64652	7.68387	12.03895	9.91689	5.2044	2.68662	0.28686	0.07209	0.43699	1.74442	6.75134	7.11705	12.87971	15.12441	0.97317	5.28208	0.86592	3.755	31.92492	17.33448	NA	NA	NA	NA	NA	NA	NA	NA	NA	NA	NA	NA	NA	NA	NA	NA	NA	NA	NA	NA	NA	NA	NA	NA	NA	NA	NA	NA	NA	NA	NA	NA	NA	NA	NA	NA	NA	NA	NA	NA	NA	NA	NA	NA	NA	NA	NA	NA	NA	NA	NA	NA	NA	NA	NA	NA	NA	NA	NA	NA	NA	NA	NA	NA	NA	NA	NA	NA	NA	NA	NA	NA	NA	NA	NA	NA	NA	NA	NA	NA	NA	NA	NA	NA	NA	NA	NA	NA	NA	NA	NA	NA	NA	NA	NA	NA	NA	NA	NA	NA	NA	NA	NA	NA	NA	NA	NA	NA	NA	NA	NA	NA	NA	NA	NA	NA	NA	NA	NA	NA	NA	NA	NA	NA	NA	NA	NA	NA	NA	NA	NA	NA	NA	NA	NA	NA	NA	NA	NA	NA	NA	NA	NA	NA	NA	NA	NA	NA	NA	NA	NA	NA	NA	NA	NA
GH43_28	37.90649	46.46265	42.76229	31.94177	29.23295	37.95968	43.09709	39.13158	45.72952	69.80465	63.58014	58.95393	61.56536	41.50875	96.81925	101.78711	67.89641	93.46341	68.55703	42.11994	17.93475	16.3117	42.41678	28.1024	25.29001	20.68187	21.70744	36.86259	60.25705	54.63099	57.10401	59.09942	48.6199	74.80667	60.88896	45.68423	47.99663	61.15794	62.68141	50.4447	46.04598	55.80608	88.79438	51.59029	45.0358	35.41313	57.30058	20.97422	52.82526	25.66007	23.70055	36.40462	19.80325	24.39343	22.60986	21.663	19.09986	16.29895	20.59822	17.90577	28.13427	25.80284	29.03648	23.61255	36.1225	30.48941	35.32076	22.78459	33.86409	60.58459	47.04866	48.93413	70.6167	54.03036	41.88572	37.46911	56.34697	23.06865	52.17999	45.64847	48.44151	55.96371	79.05314	95.03028	68.90412	65.88275	50.9781	57.70516	74.13976	102.60355	63.04177	81.19212	48.84386	36.99681	193.61591	107.72131	84.61849	102.51045	115.75557	107.77686	106.54856	127.74036	116.44778	140.37362	125.23076	170.91147	115.63275	117.45821	106.61317	117.91841	73.94297	100.03729	19.91057	87.71243	62.65744	76.60493	38.64771	37.27266	33.13035	36.57716	31.13271	21.30116	36.9415	33.9874	90.41125	101.51152	85.5831	88.08637	32.69589	39.7103	35.19901	27.32946	55.09209	42.97164	34.22542	50.67473	65.81907	39.45104	77.52712	51.7147	32.34706	32.27725	29.34185	26.46741	64.95782	89.56356	77.4807	55.6414	36.18645	23.47458	36.05231	17.3461	94.98697	88.88102	84.84482	89.16127	107.37098	85.50501	94.11588	62.77289	47.48152	52.12348	44.7892	58.185	74.3291	52.64448	75.87317	88.03118	32.29105	27.68983	30.30855	46.88377	43.72419	46.90402	46.89572	37.6436	53.08032	39.37586	62.76183	64.60512	70.39714	69.65033	49.70676	50.03767	96.98756	100.70397	88.32539	61.09634	52.00202	58.16975	107.26812	55.70474	14.33562	13.8296	1.34963	1.15344	7.58845	15.7596	13.68913	12.93983	77.83322	63.46234	34.21319	34.55632	13.48708	24.26977	24.90696	25.60565	25.72101	21.06112	25.72671	9.47287	31.09123	34.24786	22.43438	19.68603	102.47698	63.2311	103.04573	84.45187	37.45273	30.38327	NA	NA	NA	NA	NA	NA	NA	NA	NA	NA	NA	NA	NA	NA	NA	NA	NA	NA	NA	NA	NA	NA	NA	NA	NA	NA	NA	NA	NA	NA	NA	NA	NA	NA	NA	NA	NA	NA	NA	NA	NA	NA	NA	NA	NA	NA	NA	NA	NA	NA	NA	NA	NA	NA	NA	NA	NA	NA	NA	NA	NA	NA	NA	NA	NA	NA	NA	NA	NA	NA	NA	NA	NA	NA	NA	NA	NA	NA	NA	NA	NA	NA	NA	NA	NA	NA	NA	NA	NA	NA	NA	NA	NA	NA	NA	NA	NA	NA	NA	NA	NA	NA	NA	NA	NA	NA	NA	NA	NA	NA	NA	NA	NA	NA	NA	NA	NA	NA	NA	NA	NA	NA	NA	NA	NA	NA	NA	NA	NA	NA	NA	NA	NA	NA	NA	NA	NA	NA	NA	NA	NA	NA	NA	NA	NA	NA	NA	NA	NA	NA	NA	NA	NA	NA	NA
GH43_29	68.60135	40.05016	17.10556	38.31557	71.21071	44.47535	40.86012	29.42933	21.02454	63.53976	54.76164	66.47254	63.30546	12.6503	69.9438	82.9483	70.77882	77.22248	87.71819	34.27581	18.78292	10.21939	26.28549	17.23014	27.71398	36.24613	37.58786	15.69056	35.55412	16.15664	32.6077	43.54951	28.73526	37.3743	36.08385	29.18901	18.38515	44.25975	55.43509	36.07454	34.65836	22.9899	8.29002	5.73555	31.56276	7.71125	13.34007	38.47891	120.36571	41.41858	114.83557	58.50003	45.71719	86.71135	110.23726	165.84777	157.17908	170.48622	168.0938	170.87596	112.38677	9.12875	5.39578	30.63673	50.39578	31.17577	26.22527	23.90533	60.68823	47.00219	39.12241	13.25373	28.9762	24.04964	23.39713	10.21942	17.10409	3.17718	9.53797	15.13366	45.73864	26.0402	48.60651	67.8445	84.14354	80.51791	78.37051	63.16305	73.71663	55.36292	32.53492	37.89956	23.59954	28.27636	192.93898	42.17664	142.47341	124.4432	282.2992	310.55476	369.12642	393.75298	166.46858	26.86305	31.69624	78.75396	44.93615	58.40119	50.52648	32.76574	111.16462	115.0597	140.34638	144.21664	220.60253	86.39757	47.14451	45.51688	70.52251	63.55013	56.98335	145.58497	59.42038	4.7618	41.97906	52.92233	28.3817	23.84472	86.81468	103.91653	47.24533	145.24088	26.71076	24.1316	33.22676	24.34395	45.58036	55.95868	83.00545	92.48484	44.50953	16.1524	38.06504	82.48694	59.41016	62.30098	43.14375	44.09595	20.10711	13.78031	26.81927	10.79396	53.76689	34.40043	50.95974	43.60233	64.37485	40.63613	65.48051	32.06694	37.92277	55.21113	34.30212	34.8923	57.05134	64.08151	26.79655	40.22886	49.15049	20.5863	32.53193	12.34488	4.7206	14.40998	12.19702	6.72937	32.26739	43.52963	42.72496	48.92436	31.73311	26.249	28.79557	37.30588	158.44279	124.02369	192.99576	141.63068	60.25576	56.50229	165.90735	73.34589	154.8233	213.87801	261.46912	278.08008	98.60542	246.70259	144.59776	47.12863	36.03251	20.40367	13.17297	14.90934	30.46709	40.37407	33.59355	47.73354	75.99022	94.18517	85.03911	209.96642	14.14395	8.99466	7.37412	5.5004	191.6114	57.53414	146.21888	81.65322	18.53461	21.30182	NA	NA	NA	NA	NA	NA	NA	NA	NA	NA	NA	NA	NA	NA	NA	NA	NA	NA	NA	NA	NA	NA	NA	NA	NA	NA	NA	NA	NA	NA	NA	NA	NA	NA	NA	NA	NA	NA	NA	NA	NA	NA	NA	NA	NA	NA	NA	NA	NA	NA	NA	NA	NA	NA	NA	NA	NA	NA	NA	NA	NA	NA	NA	NA	NA	NA	NA	NA	NA	NA	NA	NA	NA	NA	NA	NA	NA	NA	NA	NA	NA	NA	NA	NA	NA	NA	NA	NA	NA	NA	NA	NA	NA	NA	NA	NA	NA	NA	NA	NA	NA	NA	NA	NA	NA	NA	NA	NA	NA	NA	NA	NA	NA	NA	NA	NA	NA	NA	NA	NA	NA	NA	NA	NA	NA	NA	NA	NA	NA	NA	NA	NA	NA	NA	NA	NA	NA	NA	NA	NA	NA	NA	NA	NA	NA	NA	NA	NA	NA	NA	NA	NA	NA	NA	NA
GH43_3	10.14067	8.80794	9.93835	12.47486	4.99002	3.45211	11.83349	29.84602	21.62416	46.62592	47.83608	34.90371	34.65902	12.6087	86.84776	111.36366	99.21269	110.78768	129.55949	47.57034	24.34582	11.98485	44.28398	22.0614	32.2612	30.33769	41.11459	25.32914	32.91245	22.18126	26.55506	31.46476	26.2608	28.43011	22.58671	31.60406	16.06698	33.66387	45.59819	31.19577	24.11154	27.93643	15.69982	9.12859	29.29318	4.84503	19.49247	62.621	67.34475	41.28425	67.97606	75.29438	38.00171	61.66542	16.43291	18.10261	4.73954	7.61687	12.46796	7.908	18.99143	8.67819	0.49171	15.8224	14.90577	10.96351	12.91074	7.2765	21.58999	19.83056	19.92551	6.13956	22.0444	16.47824	13.53091	11.7509	12.49627	0.55277	5.83943	9.60513	23.66316	21.76492	46.92548	62.69808	55.07601	38.71171	21.36688	37.86648	52.6036	68.30181	33.25443	38.81758	23.57038	15.78837	153.80464	43.79951	28.50578	35.63935	57.82958	20.38884	31.66588	33.26061	37.1652	49.97488	47.01729	79.50197	59.36989	74.01586	59.98656	60.93157	32.43201	22.02827	7.73669	39.41984	24.97396	18.63044	11.35367	10.20103	13.14041	4.44645	5.18815	2.52774	12.47979	10.10215	49.88553	54.82597	40.3423	35.82778	8.69507	9.29994	4.23418	6.38509	44.08793	27.01542	18.35444	26.35088	28.45617	17.53379	35.34547	11.86765	8.20174	2.94826	5.91507	6.36003	76.29949	72.76866	64.71453	60.77277	30.44347	23.18776	26.94508	12.93362	62.24513	50.25762	49.70456	47.3655	66.1905	44.42699	54.88939	30.45909	15.29933	23.76888	13.93924	23.19879	69.76278	73.48831	44.21482	60.09266	21.20674	13.7217	8.8487	3.5413	5.9246	6.60613	9.49857	8.2622	26.09021	31.55174	26.47517	33.86981	36.60687	30.26109	25.93018	35.79856	52.90561	59.59918	55.38883	NA	30.14105	25.74219	34.85688	40.46892	11.02584	12.24666	0.4397	0.1857	59.76233	7.75274	12.92853	4.09112	58.69558	36.16152	14.99012	15.36189	21.3451	31.36195	48.95326	52.72026	9.36949	12.71465	5.07108	3.8701	9.0838	7.68803	5.71404	1.3742	25.87896	15.11876	74.91685	56.98153	12.32862	15.00188	NA	NA	NA	NA	NA	NA	NA	NA	NA	NA	NA	NA	NA	NA	NA	NA	NA	NA	NA	NA	NA	NA	NA	NA	NA	NA	NA	NA	NA	NA	NA	NA	NA	NA	NA	NA	NA	NA	NA	NA	NA	NA	NA	NA	NA	NA	NA	NA	NA	NA	NA	NA	NA	NA	NA	NA	NA	NA	NA	NA	NA	NA	NA	NA	NA	NA	NA	NA	NA	NA	NA	NA	NA	NA	NA	NA	NA	NA	NA	NA	NA	NA	NA	NA	NA	NA	NA	NA	NA	NA	NA	NA	NA	NA	NA	NA	NA	NA	NA	NA	NA	NA	NA	NA	NA	NA	NA	NA	NA	NA	NA	NA	NA	NA	NA	NA	NA	NA	NA	NA	NA	NA	NA	NA	NA	NA	NA	NA	NA	NA	NA	NA	NA	NA	NA	NA	NA	NA	NA	NA	NA	NA	NA	NA	NA	NA	NA	NA	NA	NA	NA	NA	NA	NA	NA
GH43_30	NA	NA	NA	NA	NA	NA	NA	0.17838	NA	NA	NA	NA	NA	NA	NA	NA	NA	NA	NA	NA	NA	NA	NA	NA	NA	NA	NA	NA	NA	NA	NA	NA	NA	NA	NA	NA	NA	NA	NA	NA	NA	NA	NA	NA	NA	NA	NA	NA	NA	NA	NA	NA	NA	NA	NA	NA	NA	NA	NA	NA	NA	NA	NA	NA	NA	NA	NA	NA	NA	NA	NA	NA	NA	NA	NA	0.1903	NA	NA	NA	NA	NA	NA	NA	NA	NA	NA	NA	NA	NA	NA	NA	NA	NA	NA	NA	NA	NA	NA	NA	NA	NA	NA	NA	NA	NA	NA	NA	NA	NA	NA	NA	NA	NA	NA	NA	NA	NA	NA	NA	0.18821	NA	NA	NA	NA	NA	NA	NA	NA	NA	NA	NA	NA	NA	NA	NA	NA	NA	NA	NA	NA	NA	NA	NA	NA	NA	NA	NA	NA	NA	NA	NA	NA	NA	NA	NA	NA	NA	NA	NA	NA	NA	NA	NA	NA	NA	NA	NA	NA	NA	NA	NA	NA	NA	NA	NA	0.35424	NA	NA	NA	NA	NA	NA	NA	NA	NA	NA	NA	NA	NA	0.07308	0.07051	NA	NA	NA	NA	NA	NA	NA	NA	NA	NA	NA	NA	NA	0.33461	NA	NA	NA	NA	NA	NA	NA	NA	NA	NA	NA	NA	0.07799	NA	NA	NA	NA	NA	NA	NA	NA	NA	NA	NA	NA	NA	NA	NA	NA	NA	NA	NA	NA	NA	NA	NA	NA	NA	NA	NA	NA	NA	NA	NA	NA	NA	NA	NA	NA	NA	NA	NA	NA	NA	NA	NA	NA	NA	NA	NA	NA	NA	NA	NA	NA	NA	NA	NA	NA	NA	NA	NA	NA	NA	NA	NA	NA	NA	NA	NA	NA	NA	NA	NA	NA	NA	NA	NA	NA	NA	NA	NA	NA	NA	NA	NA	NA	NA	NA	NA	NA	NA	NA	NA	NA	NA	NA	NA	NA	NA	NA	NA	NA	NA	NA	NA	NA	NA	NA	NA	NA	NA	NA	NA	NA	NA	NA	NA	NA	NA	NA	NA	NA	NA	NA	NA	NA	NA	NA	NA	NA	NA	NA	NA	NA	NA	NA	NA	NA	NA	NA	NA	NA	NA	NA	NA	NA	NA	NA	NA	NA	NA	NA	NA	NA	NA	NA	NA	NA	NA	NA	NA
GH43_31	7.38596	11.35699	8.77435	10.49774	3.1287	4.35354	12.81792	39.09408	26.31818	26.0922	45.78716	33.49347	29.66132	16.58268	109.25608	159.24075	95.3175	143.38613	156.29205	53.01828	30.47539	18.07222	54.39232	34.63774	38.03245	42.2189	40.2385	25.86468	38.21683	24.37332	29.24313	32.42764	29.3967	34.45947	41.16719	30.79981	21.08638	43.77075	44.96253	29.15181	28.7811	31.38432	22.03519	10.77919	23.86154	4.15142	19.40085	50.66251	90.82866	48.29157	77.13903	96.20765	38.25398	77.13709	19.63405	24.15728	7.81033	10.60317	12.36788	8.08121	19.32423	12.63731	2.45456	18.05274	14.26397	10.12911	13.18017	7.25505	14.53947	25.95395	13.41821	7.62945	14.83407	9.38398	13.8739	14.9303	17.95418	0.75245	17.97281	18.47638	25.03295	25.55121	25.3708	33.14257	24.23428	16.60538	9.50808	20.09512	36.3094	45.42582	19.33175	28.8878	11.59326	10.43473	46.71494	15.67851	35.14713	38.41594	50.20574	33.98094	21.23809	23.10274	41.3731	87.14892	72.59952	82.39741	79.39268	80.27683	71.79702	71.47741	49.08418	36.50181	4.89493	52.30568	42.34174	24.12802	13.78902	8.5027	7.13039	3.36038	2.58079	2.83431	10.07274	10.11031	59.00333	73.33902	53.16069	53.90246	7.31595	9.62039	5.36326	5.61328	51.25403	32.03775	18.23348	30.9021	36.82717	20.70935	46.10924	21.89789	7.8327	2.4419	4.47378	7.85175	97.28953	112.26115	78.08152	74.42759	41.88526	27.12156	43.27145	22.5134	42.75491	54.13961	38.56361	42.09215	41.6745	34.71451	25.39951	18.17464	17.01075	25.24854	23.10923	30.89741	75.20188	52.50676	64.23782	74.84908	14.66228	11.00838	7.41084	3.89642	16.98332	10.85416	21.93556	9.47308	25.86156	33.88566	31.6955	28.3791	48.45331	35.57838	42.46452	39.7467	90.53775	105.27153	84.99721	28.21216	44.70445	42.06373	50.45664	54.86415	9.66022	8.46923	0.81849	0.28493	7.95793	5.16714	7.29785	2.93117	60.56115	41.96544	11.25717	18.40428	24.83128	36.62423	50.07953	70.21103	18.54496	12.8663	8.25162	2.73362	12.39789	7.93862	7.48784	3.88775	28.80909	18.00493	61.60873	38.4324	6.31826	6.09054	NA	NA	NA	NA	NA	NA	NA	NA	NA	NA	NA	NA	NA	NA	NA	NA	NA	NA	NA	NA	NA	NA	NA	NA	NA	NA	NA	NA	NA	NA	NA	NA	NA	NA	NA	NA	NA	NA	NA	NA	NA	NA	NA	NA	NA	NA	NA	NA	NA	NA	NA	NA	NA	NA	NA	NA	NA	NA	NA	NA	NA	NA	NA	NA	NA	NA	NA	NA	NA	NA	NA	NA	NA	NA	NA	NA	NA	NA	NA	NA	NA	NA	NA	NA	NA	NA	NA	NA	NA	NA	NA	NA	NA	NA	NA	NA	NA	NA	NA	NA	NA	NA	NA	NA	NA	NA	NA	NA	NA	NA	NA	NA	NA	NA	NA	NA	NA	NA	NA	NA	NA	NA	NA	NA	NA	NA	NA	NA	NA	NA	NA	NA	NA	NA	NA	NA	NA	NA	NA	NA	NA	NA	NA	NA	NA	NA	NA	NA	NA	NA	NA	NA	NA	NA	NA
GH43_33	5.02066	5.86744	5.04839	6.41702	2.32903	2.01363	8.38062	15.81527	14.06767	10.22532	13.42506	13.89631	11.26921	9.67374	58.63521	54.6423	19.76332	39.585	25.58954	13.40497	3.1135	21.93917	29.68303	26.68264	17.0929	10.90221	12.05489	18.16598	20.14207	13.37377	18.49031	14.75681	23.07049	12.41263	18.99186	8.64909	6.48272	10.09075	8.54972	9.97258	6.86968	19.27695	11.45831	4.59847	5.76104	2.85372	12.2151	7.65733	30.59239	11.4514	9.96184	16.0849	5.61425	16.23621	5.84473	5.99978	1.80234	3.58503	6.59355	5.36627	6.51587	4.31361	1.99154	3.66125	4.31096	6.66059	7.96982	6.67188	6.71297	21.27803	8.39671	6.37869	12.73539	7.85853	9.70835	20.14554	21.40144	12.45212	18.17725	19.81351	22.16102	28.41152	16.07272	15.93716	7.73518	6.1325	4.92066	9.66654	19.07198	10.18918	5.01755	10.01736	3.96919	2.5054	1.32143	1.93952	16.32611	17.53654	15.00296	18.67371	9.25855	11.61273	21.34752	38.24758	34.26276	37.70212	29.99198	25.75669	19.67624	33.12254	19.78416	8.46064	2.10097	15.69951	17.93843	16.8259	7.68272	6.73501	9.01226	3.36599	4.18011	3.07837	7.16986	11.43826	22.2223	23.7761	24.45587	30.96995	5.51492	3.33877	3.82438	2.22334	23.89922	13.61392	12.10725	20.58584	37.30454	18.79075	28.98742	15.77031	10.47872	3.75276	3.00747	4.47889	25.97345	46.90371	36.00142	23.0135	35.3607	28.31016	33.34746	25.00812	21.96657	27.53514	16.86997	26.22737	6.87523	4.30853	6.78445	6.61945	14.24726	15.53643	14.35136	22.90443	24.03946	13.92093	30.39158	35.17284	14.51679	11.57425	10.59069	6.99422	20.33941	19.17537	18.29394	10.80208	12.11715	12.75544	17.88707	8.9485	18.24019	18.38545	11.35674	10.23245	46.11764	45.46555	37.95403	65.68531	25.88292	24.24814	25.63648	21.3565	3.89165	3.15984	0.11683	0.16966	NA	2.78399	0.8358	0.81065	34.61228	19.77654	7.56002	8.41498	4.57068	11.53354	11.50426	12.46259	6.21981	8.48528	5.00835	1.45366	9.10116	6.65919	13.0647	11.94492	17.96186	14.74763	21.85086	6.61878	1.67101	4.17823	NA	NA	NA	NA	NA	NA	NA	NA	NA	NA	NA	NA	NA	NA	NA	NA	NA	NA	NA	NA	NA	NA	NA	NA	NA	NA	NA	NA	NA	NA	NA	NA	NA	NA	NA	NA	NA	NA	NA	NA	NA	NA	NA	NA	NA	NA	NA	NA	NA	NA	NA	NA	NA	NA	NA	NA	NA	NA	NA	NA	NA	NA	NA	NA	NA	NA	NA	NA	NA	NA	NA	NA	NA	NA	NA	NA	NA	NA	NA	NA	NA	NA	NA	NA	NA	NA	NA	NA	NA	NA	NA	NA	NA	NA	NA	NA	NA	NA	NA	NA	NA	NA	NA	NA	NA	NA	NA	NA	NA	NA	NA	NA	NA	NA	NA	NA	NA	NA	NA	NA	NA	NA	NA	NA	NA	NA	NA	NA	NA	NA	NA	NA	NA	NA	NA	NA	NA	NA	NA	NA	NA	NA	NA	NA	NA	NA	NA	NA	NA	NA	NA	NA	NA	NA	NA
GH43_34	59.19346	46.57246	28.97304	47.05757	41.61703	34.71771	49.34707	56.09519	37.54258	51.13872	53.44613	47.5842	45.42965	22.79265	235.11129	282.71627	174.37533	240.06547	268.48039	125.29685	91.84846	35.6127	90.28735	54.75208	75.82351	74.23081	88.80328	59.73308	62.51679	38.23098	59.26957	73.25555	66.51492	60.73989	69.39111	96.39529	57.18837	160.6151	184.7478	132.42833	115.05359	65.0983	37.67188	24.86387	69.76552	22.62989	38.20675	106.31019	134.84759	103.05828	145.83849	144.62132	105.55509	123.27059	75.0301	113.58041	86.9481	92.76918	89.23332	89.8535	82.17247	24.22297	6.48558	38.08215	34.42437	24.30096	33.90311	23.55372	42.43013	70.84527	48.28478	23.51043	44.50197	29.76144	31.3301	43.17343	64.49398	11.60714	28.86979	36.50636	69.87187	78.27486	62.96661	93.77778	70.92481	59.78926	40.82954	61.61667	87.76014	74.18081	45.13913	51.63837	38.89307	20.79904	153.75589	50.01381	42.50037	59.30372	88.15598	48.54628	51.57547	49.89215	56.97805	93.84089	93.63798	120.50841	104.57793	139.80431	134.56742	92.96253	145.44039	89.23064	82.29673	87.03644	98.48357	60.45717	41.63504	46.04977	66.89995	44.99446	44.87409	70.32487	56.19787	41.6571	76.41175	88.66761	70.026	64.63996	71.81146	62.64493	31.85708	93.7135	57.18811	50.0671	29.72453	38.26427	59.95721	55.79244	92.12795	65.03841	47.14149	16.5875	37.78704	60.31458	193.33404	223.38172	147.22242	150.09207	74.24844	48.20464	90.24677	44.14572	99.79442	85.74163	93.6659	84.80853	71.71075	49.77533	66.2694	44.03885	32.33121	48.31205	30.78178	48.27186	152.98995	144.25248	100.36713	131.8106	49.29499	24.7428	26.33589	12.41738	34.16982	37.76936	35.60498	30.57984	59.51461	79.26661	79.05571	71.45072	126.1118	91.91036	114.69997	130.02115	82.51745	88.13703	97.56942	60.95083	61.95422	47.43711	62.20222	68.70455	110.05849	148.16723	149.28159	156.93945	167.94134	129.21337	82.42023	32.82514	95.78849	61.88733	14.41975	34.19541	63.71791	68.35089	101.35911	131.90391	55.00548	68.76829	51.49776	100.82703	24.77484	15.16123	19.38028	14.53943	40.60491	29.00923	107.4924	79.30574	13.67138	27.74666	NA	NA	NA	NA	NA	NA	NA	NA	NA	NA	NA	NA	NA	NA	NA	NA	NA	NA	NA	NA	NA	NA	NA	NA	NA	NA	NA	NA	NA	NA	NA	NA	NA	NA	NA	NA	NA	NA	NA	NA	NA	NA	NA	NA	NA	NA	NA	NA	NA	NA	NA	NA	NA	NA	NA	NA	NA	NA	NA	NA	NA	NA	NA	NA	NA	NA	NA	NA	NA	NA	NA	NA	NA	NA	NA	NA	NA	NA	NA	NA	NA	NA	NA	NA	NA	NA	NA	NA	NA	NA	NA	NA	NA	NA	NA	NA	NA	NA	NA	NA	NA	NA	NA	NA	NA	NA	NA	NA	NA	NA	NA	NA	NA	NA	NA	NA	NA	NA	NA	NA	NA	NA	NA	NA	NA	NA	NA	NA	NA	NA	NA	NA	NA	NA	NA	NA	NA	NA	NA	NA	NA	NA	NA	NA	NA	NA	NA	NA	NA	NA	NA	NA	NA	NA	NA
GH43_35	72.73606	50.24937	91.8185	75.67668	62.987	82.9544	66.48032	92.01646	102.37003	107.93444	103.03794	117.69685	112.54552	103.48745	55.13309	47.58233	46.55249	37.02232	20.49583	34.97504	22.01992	31.23144	30.05462	29.01011	51.42518	48.35653	55.74338	48.32591	55.78164	59.42451	71.2371	71.95513	62.60639	46.00509	56.7672	46.65464	75.6753	55.18034	50.21029	67.21349	73.916	57.96013	71.01711	69.46387	88.10341	87.30797	89.04148	23.69029	31.06864	38.11172	29.68076	26.67573	31.67902	24.36437	47.81347	30.60385	33.28384	49.05527	49.85098	63.21999	43.62762	57.36765	60.25699	127.56736	68.28596	117.5104	139.17847	108.00454	60.47349	46.72532	61.75359	68.30093	85.10124	80.39064	61.54792	47.03883	65.76931	51.0388	83.88852	72.54153	61.25532	48.15665	79.09072	72.19023	97.50263	93.46375	112.24524	64.33091	68.80632	84.04986	59.27655	95.15337	86.86429	86.58213	64.94828	80.09795	59.55111	81.12554	72.85439	94.2408	95.32799	98.89426	86.5429	70.42777	70.27843	82.56051	87.22051	102.10464	90.17843	76.03206	41.56687	50.78963	88.97885	69.44461	56.95682	100.27347	64.79268	67.10639	63.12701	100.76695	98.09067	92.73283	119.57481	57.80132	61.30046	78.58669	77.73119	98.59569	35.22299	39.44485	87.01863	64.11049	73.09165	80.64737	118.33449	90.73454	44.40753	66.90093	67.02244	102.38552	64.48206	79.53106	66.3375	75.459	49.72317	62.52484	57.97078	68.52659	31.94915	36.97054	73.69499	74.25916	51.29185	84.0565	73.28165	73.07506	71.83634	63.30641	72.29485	70.0876	53.57265	75.76861	82.12581	73.76004	57.32341	52.29506	81.49143	74.76683	32.34209	66.56055	43.93163	58.63514	56.08668	61.19876	68.3964	47.91743	49.87219	52.24487	73.89666	65.2362	30.1011	75.47504	19.24116	28.89166	58.02408	71.74014	73.94323	39.91652	83.89222	101.45166	91.19615	70.61386	22.23785	8.75665	14.65902	8.11379	NA	7.87974	10.20687	16.57428	102.98533	85.10092	89.45023	76.61204	43.52655	38.70635	15.87528	12.15026	67.48359	39.61186	65.58483	53.93379	89.38924	71.78207	126.58669	126.91746	85.93506	49.84268	68.36424	56.30059	135.22658	99.28336	NA	NA	NA	NA	NA	NA	NA	NA	NA	NA	NA	NA	NA	NA	NA	NA	NA	NA	NA	NA	NA	NA	NA	NA	NA	NA	NA	NA	NA	NA	NA	NA	NA	NA	NA	NA	NA	NA	NA	NA	NA	NA	NA	NA	NA	NA	NA	NA	NA	NA	NA	NA	NA	NA	NA	NA	NA	NA	NA	NA	NA	NA	NA	NA	NA	NA	NA	NA	NA	NA	NA	NA	NA	NA	NA	NA	NA	NA	NA	NA	NA	NA	NA	NA	NA	NA	NA	NA	NA	NA	NA	NA	NA	NA	NA	NA	NA	NA	NA	NA	NA	NA	NA	NA	NA	NA	NA	NA	NA	NA	NA	NA	NA	NA	NA	NA	NA	NA	NA	NA	NA	NA	NA	NA	NA	NA	NA	NA	NA	NA	NA	NA	NA	NA	NA	NA	NA	NA	NA	NA	NA	NA	NA	NA	NA	NA	NA	NA	NA	NA	NA	NA	NA	NA	NA
GH43_37	0.92584	1.1686	3.99675	2.62399	8.98791	9.60939	1.14121	0.79181	0.70526	1.04733	NA	1.02308	3.02961	1.11532	1.87544	1.53093	10.34893	6.65547	4.69495	16.3162	17.90072	NA	1.09303	NA	3.71523	3.99445	10.07973	0.62041	0.62592	NA	1.821	1.86164	0.19243	0.42991	1.02012	0.69314	1.31041	4.80317	5.55995	9.99829	9.4994	0.19559	0.20154	0.93367	7.46968	8.05592	1.6072	1.46352	NA	3.45735	5.12865	4.94335	5.92902	0.42848	1.69051	1.88369	1.39181	0.64223	2.93828	2.36379	1.79175	0.54039	0.59495	1.60311	9.82154	4.92046	1.89398	1.81859	1.08314	0.52276	2.24804	0.97096	NA	0.65495	0.96099	NA	NA	0.11145	NA	NA	NA	0.20297	0.20249	0.59791	3.47111	2.07357	8.09035	2.10222	0.48515	2.41022	0.69007	4.0152	3.56896	3.41088	0.29283	2.28922	0.70924	0.76851	3.78559	2.90431	5.38207	3.12996	2.23308	0.6486	0.87043	2.55401	0.29155	6.43578	10.34038	0.22768	4.39407	2.47835	0.65231	0.30262	3.15819	4.84819	0.43374	0.32635	0.21252	3.23744	0.76125	1.53592	NA	0.10221	0.65109	0.32803	1.11915	0.52388	1.19787	0.71534	1.07236	1.33267	0.16228	0.55528	1.21771	0.46063	0.31171	0.98354	0.6242	0.32955	NA	1.74012	0.49949	0.38718	2.592	1.21238	1.97328	1.04889	0.15298	0.55485	1.37065	1.83456	0.38466	1.53519	1.67006	0.31475	1.17219	0.32341	0.8635	0.23756	0.0752	0.72076	0.75291	0.16376	0.53442	0.38399	0.32998	0.29147	NA	0.85197	1.08412	0.50934	NA	0.15225	0.80231	1.71701	1.47132	1.47074	0.71107	2.19261	0.74067	1.61584	2.15023	0.13603	1.39925	0.23582	0.83201	NA	0.45692	NA	0.29166	0.14175	NA	0.1627	NA	NA	NA	0.36967	NA	0.23955	0.5924	2.22607	0.30927	0.89699	1.41108	3.99873	0.15439	1.03807	0.80548	1.6399	0.45324	0.59265	0.8717	0.16043	1.02643	0.74171	0.22974	0.08655	1.38502	3.03933	9.34297	8.69417	NA	NA	NA	NA	NA	NA	NA	NA	NA	NA	NA	NA	NA	NA	NA	NA	NA	NA	NA	NA	NA	NA	NA	NA	NA	NA	NA	NA	NA	NA	NA	NA	NA	NA	NA	NA	NA	NA	NA	NA	NA	NA	NA	NA	NA	NA	NA	NA	NA	NA	NA	NA	NA	NA	NA	NA	NA	NA	NA	NA	NA	NA	NA	NA	NA	NA	NA	NA	NA	NA	NA	NA	NA	NA	NA	NA	NA	NA	NA	NA	NA	NA	NA	NA	NA	NA	NA	NA	NA	NA	NA	NA	NA	NA	NA	NA	NA	NA	NA	NA	NA	NA	NA	NA	NA	NA	NA	NA	NA	NA	NA	NA	NA	NA	NA	NA	NA	NA	NA	NA	NA	NA	NA	NA	NA	NA	NA	NA	NA	NA	NA	NA	NA	NA	NA	NA	NA	NA	NA	NA	NA	NA	NA	NA	NA	NA	NA	NA	NA	NA	NA	NA	NA	NA	NA
GH43_4	73.16023	85.59204	44.44849	53.37121	88.47636	81.08977	58.35331	42.16755	35.09348	86.06453	140.92327	197.70057	186.1372	51.46899	58.58029	80.89259	51.15062	75.89453	112.15084	39.87566	17.10183	34.53831	78.96433	55.01921	75.88949	70.6106	71.36597	88.78002	43.55444	34.83875	63.3567	98.57514	43.68358	69.23161	58.60005	58.30727	34.49229	89.05986	100.28409	77.24242	90.34457	46.15786	40.93874	39.17409	60.78126	58.17154	28.15053	109.74861	127.79611	104.81957	162.17167	121.28406	101.46318	108.5905	92.89359	129.21518	119.12376	147.43762	145.14792	153.22932	92.12058	33.70678	53.74063	135.53393	283.76312	182.70741	50.81513	114.08098	52.17408	31.952	44.34483	29.5842	32.83446	34.13771	31.48275	18.92783	30.43815	15.37546	41.25542	42.87871	128.03811	27.36853	48.58663	82.39134	139.1075	207.72345	325.75012	242.32335	157.52723	53.17285	22.46194	40.57398	34.28022	82.99402	90.69702	42.6116	62.67576	75.01576	132.55783	146.57022	142.05171	163.99303	74.7611	37.93296	53.43012	164.15103	117.91237	101.83043	103.30035	55.16303	153.35516	137.30297	142.90304	130.88433	166.70231	130.96322	58.41569	59.26475	96.23618	99.10048	73.25388	153.86953	57.39743	22.20588	65.99939	63.62601	73.81297	71.99578	101.98161	103.5377	42.71253	125.74829	27.53805	41.54702	48.50457	33.89073	55.89036	58.66348	73.6932	103.88302	53.18071	33.23093	60.09538	83.8623	78.40696	73.66226	31.8985	69.43159	52.11746	87.5451	59.45251	47.17205	35.8818	55.02794	104.33704	46.365	37.48731	30.81294	35.55764	27.52038	32.19949	66.35621	26.78428	35.32421	92.84847	107.6308	65.45918	62.72921	36.20607	20.8207	33.26193	19.44584	15.47853	33.61571	25.62559	25.62882	53.71916	83.36971	63.03383	72.55376	81.10128	53.39371	84.28651	110.30404	89.78795	70.95667	110.60451	199.83471	100.06341	75.50627	108.31741	91.88795	194.73038	263.13152	301.18239	336.26964	172.79975	164.19572	102.16028	42.76341	49.30956	30.40314	31.9094	31.87637	81.43094	89.27916	98.87202	114.44078	75.21637	91.39664	88.85839	177.24264	31.05151	24.61184	26.35967	19.3077	80.43357	32.31919	108.37921	68.52019	75.50832	74.21569	NA	NA	NA	NA	NA	NA	NA	NA	NA	NA	NA	NA	NA	NA	NA	NA	NA	NA	NA	NA	NA	NA	NA	NA	NA	NA	NA	NA	NA	NA	NA	NA	NA	NA	NA	NA	NA	NA	NA	NA	NA	NA	NA	NA	NA	NA	NA	NA	NA	NA	NA	NA	NA	NA	NA	NA	NA	NA	NA	NA	NA	NA	NA	NA	NA	NA	NA	NA	NA	NA	NA	NA	NA	NA	NA	NA	NA	NA	NA	NA	NA	NA	NA	NA	NA	NA	NA	NA	NA	NA	NA	NA	NA	NA	NA	NA	NA	NA	NA	NA	NA	NA	NA	NA	NA	NA	NA	NA	NA	NA	NA	NA	NA	NA	NA	NA	NA	NA	NA	NA	NA	NA	NA	NA	NA	NA	NA	NA	NA	NA	NA	NA	NA	NA	NA	NA	NA	NA	NA	NA	NA	NA	NA	NA	NA	NA	NA	NA	NA	NA	NA	NA	NA	NA	NA
GH43_5	28.47205	14.94443	1.96608	20.05158	37.50286	21.99751	11.20282	0.18308	1.49089	5.15199	8.96299	14.30137	15.71411	0.18896	NA	NA	NA	NA	NA	NA	NA	NA	NA	NA	NA	NA	NA	NA	2.23688	1.13815	1.06241	5.66511	0.81173	0.92667	0.89944	NA	NA	NA	NA	0.19093	NA	0.71263	NA	0.50644	NA	0.09163	NA	NA	NA	NA	NA	NA	NA	NA	46.58579	83.76218	82.10433	91.1786	74.39412	90.99625	49.26827	0.67876	1.10601	7.95066	24.18884	15.65725	2.52503	10.90942	0.36701	0.29227	0.09975	1.44761	0.19776	0.92616	NA	0.29518	0.56171	0.19129	3.49517	4.22761	11.38194	0.37826	0.47031	0.46152	8.82842	14.43017	27.38045	21.75173	10.62565	NA	0.10717	NA	0.09502	7.74057	0.09095	NA	NA	0.1023	NA	0.3715	NA	NA	NA	0.39991	1.31196	8.86195	8.13757	0.47743	2.44655	0.21216	0.19044	0.09622	70.3605	NA	0.0981	NA	1.81875	22.72101	30.4521	41.41513	26.25753	74.31559	27.23603	1.5172	0.96608	0.83658	4.80168	3.9859	53.01101	57.51303	20.77533	84.9668	0.73282	0.31303	0.38689	0.43086	1.7781	1.5064	1.40296	1.7515	20.09934	8.7238	22.97806	40.7262	NA	0.13901	0.10672	NA	NA	NA	NA	NA	0.14782	0.75515	2.41317	0.90968	0.14564	0.20838	NA	NA	6.02357	5.41783	5.16239	3.44149	0.07114	0.21468	NA	0.06181	NA	0.23816	12.88207	2.11008	0.22535	2.99334	0.6658	0.21979	0.67846	4.61131	2.38275	2.39613	0.55214	0.07528	NA	NA	0.12494	0.06467	0.05622	NA	1.34042	0.21787	2.92615	1.51624	100.97767	127.74102	172.95906	142.84685	83.70221	148.42653	85.87289	31.4168	0.14547	NA	0.0746	0.05597	NA	NA	0.16776	0.12536	37.17652	43.44482	50.18839	106.39335	1.50794	1.0327	1.0034	0.94846	0.14272	0.28941	0.10227	NA	0.19564	0.18755	NA	NA	NA	NA	NA	NA	NA	NA	NA	NA	NA	NA	NA	NA	NA	NA	NA	NA	NA	NA	NA	NA	NA	NA	NA	NA	NA	NA	NA	NA	NA	NA	NA	NA	NA	NA	NA	NA	NA	NA	NA	NA	NA	NA	NA	NA	NA	NA	NA	NA	NA	NA	NA	NA	NA	NA	NA	NA	NA	NA	NA	NA	NA	NA	NA	NA	NA	NA	NA	NA	NA	NA	NA	NA	NA	NA	NA	NA	NA	NA	NA	NA	NA	NA	NA	NA	NA	NA	NA	NA	NA	NA	NA	NA	NA	NA	NA	NA	NA	NA	NA	NA	NA	NA	NA	NA	NA	NA	NA	NA	NA	NA	NA	NA	NA	NA	NA	NA	NA	NA	NA	NA	NA	NA	NA	NA	NA	NA	NA	NA	NA	NA	NA	NA	NA	NA	NA	NA	NA	NA	NA	NA	NA	NA	NA	NA	NA	NA	NA	NA	NA	NA	NA	NA	NA
GH43_7	14.86822	8.84549	0.81159	6.19147	16.7885	10.23717	5.93018	1.55026	2.7848	4.05281	5.88354	2.84232	5.40662	1.77495	NA	NA	NA	NA	NA	NA	NA	NA	NA	NA	NA	NA	NA	NA	16.34512	10.50298	13.72408	11.91625	15.60173	12.67499	18.23386	NA	NA	NA	NA	NA	NA	16.7592	0.30479	0.32877	0.61915	1.28878	0.10802	2.53144	29.33354	3.82149	24.79978	3.61463	5.96882	17.12053	27.84697	70.12119	80.2272	79.65269	43.76659	70.95378	35.16915	NA	0.13672	NA	NA	NA	NA	NA	16.83311	14.68729	7.90898	1.52081	6.35512	3.75459	7.87024	NA	NA	NA	NA	NA	NA	NA	9.04843	9.73233	13.61772	9.55242	3.67984	8.03806	5.81087	2.12813	2.86108	3.23697	0.84555	1.40039	32.73506	3.20961	20.44267	22.88637	43.62263	58.91513	64.14907	71.93858	28.05755	2.78874	2.60641	6.31018	4.13814	6.76393	6.40161	3.89066	25.86823	24.86615	10.08687	31.541	56.79937	17.60028	10.14705	3.92826	3.56501	4.08773	4.15902	12.49651	6.4544	0.30141	4.88728	5.8179	0.48614	0.76918	31.43401	17.7795	7.87622	42.85629	3.21453	2.58523	1.60724	1.88386	13.6504	14.58006	33.46717	28.69736	11.77365	2.15989	10.04701	20.55446	0.07173	0.16388	NA	NA	0.15241	NA	NA	NA	10.52333	3.14321	3.09793	6.02639	6.69597	3.25537	12.80894	5.32594	1.62954	4.8753	1.45278	2.89734	0.14731	NA	NA	NA	14.2778	6.55219	10.88323	1.27887	0.08856	NA	NA	NA	13.96602	11.03883	18.40457	12.46201	0.05849	0.22214	0.06503	NA	22.70762	18.04883	32.06289	NA	9.03496	10.96055	25.78545	8.22423	75.80921	98.98873	139.05871	102.97928	47.74756	139.92452	68.56689	30.55881	0.87085	1.52717	2.97242	2.37236	3.27408	5.32714	5.44551	6.8638	20.99415	38.32406	43.54533	95.99601	0.13377	0.36422	NA	0.13588	32.3326	12.22604	21.02977	7.30362	NA	1.01464	NA	NA	NA	NA	NA	NA	NA	NA	NA	NA	NA	NA	NA	NA	NA	NA	NA	NA	NA	NA	NA	NA	NA	NA	NA	NA	NA	NA	NA	NA	NA	NA	NA	NA	NA	NA	NA	NA	NA	NA	NA	NA	NA	NA	NA	NA	NA	NA	NA	NA	NA	NA	NA	NA	NA	NA	NA	NA	NA	NA	NA	NA	NA	NA	NA	NA	NA	NA	NA	NA	NA	NA	NA	NA	NA	NA	NA	NA	NA	NA	NA	NA	NA	NA	NA	NA	NA	NA	NA	NA	NA	NA	NA	NA	NA	NA	NA	NA	NA	NA	NA	NA	NA	NA	NA	NA	NA	NA	NA	NA	NA	NA	NA	NA	NA	NA	NA	NA	NA	NA	NA	NA	NA	NA	NA	NA	NA	NA	NA	NA	NA	NA	NA	NA	NA	NA	NA	NA	NA	NA	NA	NA	NA	NA	NA	NA	NA	NA	NA	NA	NA	NA	NA	NA	NA
GH43_8	3.19669	3.09213	2.91719	2.5068	1.20813	0.87641	6.10257	8.9123	1.18779	4.94313	4.20377	3.33633	2.63088	2.25015	15.76863	20.20165	13.36946	20.45267	26.96508	7.69929	5.01857	5.91222	15.43668	15.8264	11.96022	10.07111	10.02281	7.16834	21.12796	15.86005	21.19501	23.07576	21.66502	20.08112	21.78797	6.505	4.6346	8.41658	10.91294	6.13426	6.0464	21.35666	2.05135	2.15034	0.84573	2.08765	3.03298	7.2742	14.19536	8.7129	4.69149	9.13673	4.31387	14.63767	2.46766	5.5565	0.41711	2.44824	2.2455	1.23674	4.09569	3.92162	0.17936	6.3432	4.87717	7.53159	5.40972	6.09816	1.63961	3.24536	0.87976	0.93878	1.46239	1.2666	1.61488	7.55889	7.35983	1.68543	3.22658	5.3298	11.47314	12.05957	16.51132	20.91949	7.65719	6.32211	5.79935	11.60479	17.95922	3.67847	8.21741	3.31365	4.28838	4.76216	1.94212	0.18003	8.03653	6.1037	12.28211	6.32672	9.62475	8.54742	9.2503	21.31114	30.83258	28.86383	33.73256	41.27517	34.37975	32.2073	10.10687	9.07332	4.19883	10.86969	8.12706	2.96506	6.80181	4.08102	7.43884	2.27573	3.95844	0.36578	3.98023	7.02829	26.14508	25.80712	12.51358	12.31677	3.52496	3.05006	3.01256	1.19309	3.50091	3.66425	1.83134	1.10799	11.77891	5.79248	12.26214	7.21554	4.96227	1.83083	2.1749	2.51809	12.9498	11.93067	7.17313	8.19019	15.85931	9.13584	7.1862	6.66055	20.34181	21.82143	18.96774	14.7042	3.67516	4.05843	5.66197	6.12325	3.13848	5.77261	1.95079	3.59218	8.35202	9.09615	7.86223	10.6622	2.945	3.14986	3.72402	2.12264	5.64337	4.75102	4.05103	5.52823	19.59863	25.4988	27.59591	26.14481	7.89589	7.01278	2.49885	5.69292	14.44429	12.42036	13.42774	NA	5.36164	5.55283	11.19993	12.77591	1.72851	2.21917	0.14965	0.15855	31.24656	1.89061	0.7351	0.63504	2.91427	3.64683	2.26421	2.65619	2.33278	2.5607	3.62546	4.60087	3.14311	2.75196	1.65244	0.20477	5.46495	4.11516	4.16584	1.81904	8.68983	7.38162	14.26331	12.80374	0.39719	2.30442	NA	NA	NA	NA	NA	NA	NA	NA	NA	NA	NA	NA	NA	NA	NA	NA	NA	NA	NA	NA	NA	NA	NA	NA	NA	NA	NA	NA	NA	NA	NA	NA	NA	NA	NA	NA	NA	NA	NA	NA	NA	NA	NA	NA	NA	NA	NA	NA	NA	NA	NA	NA	NA	NA	NA	NA	NA	NA	NA	NA	NA	NA	NA	NA	NA	NA	NA	NA	NA	NA	NA	NA	NA	NA	NA	NA	NA	NA	NA	NA	NA	NA	NA	NA	NA	NA	NA	NA	NA	NA	NA	NA	NA	NA	NA	NA	NA	NA	NA	NA	NA	NA	NA	NA	NA	NA	NA	NA	NA	NA	NA	NA	NA	NA	NA	NA	NA	NA	NA	NA	NA	NA	NA	NA	NA	NA	NA	NA	NA	NA	NA	NA	NA	NA	NA	NA	NA	NA	NA	NA	NA	NA	NA	NA	NA	NA	NA	NA	NA	NA	NA	NA	NA	NA	NA
GH43_9	17.48954	16.84052	12.08646	11.24063	4.93282	3.31613	18.0624	27.72541	14.88176	15.77404	29.26937	25.18129	29.54661	5.73554	46.9028	118.88638	65.71748	104.23991	136.15918	55.84395	19.82258	7.24029	37.99574	19.76777	43.03281	53.78716	58.67818	20.47025	24.4098	14.27386	30.74516	32.67743	21.18472	33.0931	29.61822	65.67089	30.41225	96.68005	97.10342	56.13894	59.08662	25.46432	16.1789	6.47621	22.53761	3.12857	11.28794	37.78574	36.98907	31.01509	43.37098	42.11305	29.00561	34.58677	24.86383	22.62205	6.62387	14.63996	12.01316	13.15343	19.82015	17.68909	3.21153	29.81816	33.00631	14.03931	25.97591	5.91326	9.34848	10.31901	18.57486	9.58784	19.21245	13.16368	7.95646	16.42194	22.91059	0.90922	4.29693	10.66014	26.00286	29.26862	29.7971	38.63304	22.36447	19.89337	16.00414	18.8692	35.74791	3.0526	4.11844	2.41258	0.57593	1.33025	36.40856	5.72248	15.22988	29.18878	41.60358	34.45358	26.7106	15.43847	21.20488	22.56974	41.09762	47.93791	48.88271	70.01233	51.40945	29.23436	52.70432	35.63652	6.74006	20.45181	20.92586	15.38087	10.56636	6.56276	13.60038	3.55045	4.40715	2.61256	8.48093	11.90315	35.38867	44.62928	24.84136	23.86757	11.79844	11.41202	9.36784	10.73177	27.58801	17.72631	15.2293	23.0339	24.23702	23.4014	57.54978	23.58988	11.0446	1.95631	3.75062	5.72725	83.18308	90.84109	36.08485	72.00191	22.21375	20.56698	46.8788	17.87153	24.57138	22.47753	47.46441	29.34576	7.25224	4.4737	9.14397	4.84089	10.83091	13.4269	7.07226	6.94944	68.88225	70.96312	43.73031	60.69664	10.8007	5.89633	3.51199	2.30931	6.8287	15.83768	8.02504	9.28041	31.11504	51.84635	40.95258	36.92997	91.12287	58.34885	81.52699	97.00309	20.92864	22.46607	28.01162	11.15522	33.25361	17.78388	27.71868	31.76271	16.86938	14.83643	0.93732	0.20084	17.76429	8.03168	13.23957	4.82968	24.63915	19.34921	3.39615	10.71545	23.69947	19.41085	17.3932	15.50989	10.85128	9.70416	5.14795	3.63945	17.69712	10.00752	6.38559	5.03031	13.0267	9.94164	74.99706	46.1228	2.71919	5.77954	NA	NA	NA	NA	NA	NA	NA	NA	NA	NA	NA	NA	NA	NA	NA	NA	NA	NA	NA	NA	NA	NA	NA	NA	NA	NA	NA	NA	NA	NA	NA	NA	NA	NA	NA	NA	NA	NA	NA	NA	NA	NA	NA	NA	NA	NA	NA	NA	NA	NA	NA	NA	NA	NA	NA	NA	NA	NA	NA	NA	NA	NA	NA	NA	NA	NA	NA	NA	NA	NA	NA	NA	NA	NA	NA	NA	NA	NA	NA	NA	NA	NA	NA	NA	NA	NA	NA	NA	NA	NA	NA	NA	NA	NA	NA	NA	NA	NA	NA	NA	NA	NA	NA	NA	NA	NA	NA	NA	NA	NA	NA	NA	NA	NA	NA	NA	NA	NA	NA	NA	NA	NA	NA	NA	NA	NA	NA	NA	NA	NA	NA	NA	NA	NA	NA	NA	NA	NA	NA	NA	NA	NA	NA	NA	NA	NA	NA	NA	NA	NA	NA	NA	NA	NA	NA
GH44	6.4019	3.78231	2.46505	3.94205	4.9622	10.80237	3.39499	6.46661	8.68594	8.30843	2.97234	5.69659	4.76138	3.07572	NA	NA	NA	NA	NA	NA	NA	9.19997	0.39032	1.61094	6.71653	11.91624	11.18979	7.76817	NA	0.25494	NA	0.24103	0.71006	0.1322	0.37643	NA	NA	NA	NA	NA	NA	1.20288	9.70096	10.85485	11.00581	12.98316	14.36246	NA	NA	NA	NA	NA	NA	NA	4.28793	2.28696	2.03569	5.70366	6.20642	5.30316	5.52668	4.11791	1.11376	0.44171	0.16642	0.78288	1.22234	0.24854	2.68337	2.31066	1.20895	3.79023	1.77159	5.07558	2.90981	0.50424	1.1254	0.70138	0.56732	0.77987	0.68185	0.04983	4.00318	0.61286	2.74927	4.78663	8.14616	4.07886	3.66901	4.27709	1.82485	7.38216	11.136	16.05854	NA	NA	NA	NA	NA	NA	NA	NA	NA	NA	NA	NA	NA	NA	NA	NA	NA	NA	4.34351	NA	NA	NA	NA	1.1873	1.52599	4.22357	10.20669	11.96512	3.68919	9.48255	NA	0.04027	NA	NA	4.41864	6.13021	7.42747	11.83677	2.65064	4.57853	7.75304	5.62011	0.67096	0.37281	0.76777	0.50669	7.95078	12.7815	16.43384	11.62858	NA	0.08046	NA	NA	1.0965	3.46041	10.1373	11.78874	1.54032	3.74934	2.36325	3.4961	5.39223	2.48175	9.40417	9.84074	3.39717	3.32279	2.83318	6.3122	0.26279	0.41525	13.22594	4.15241	0.46466	0.96217	1.31033	2.33444	NA	0.24433	0.70299	0.11582	NA	0.09695	0.19735	NA	0.07274	NA	3.35269	NA	NA	NA	NA	NA	6.67673	1.14531	6.83105	2.64367	NA	0.07926	NA	NA	NA	1.53455	NA	NA	11.6769	10.55974	13.32823	8.63963	NA	0.07552	0.01895	NA	8.08363	8.6138	21.29627	4.76285	1.22568	0.2644	0.25096	0.41158	NA	NA	NA	NA	8.83857	16.00378	NA	NA	NA	NA	NA	NA	NA	NA	NA	NA	NA	NA	NA	NA	NA	NA	NA	NA	NA	NA	NA	NA	NA	NA	NA	NA	NA	NA	NA	NA	NA	NA	NA	NA	NA	NA	NA	NA	NA	NA	NA	NA	NA	NA	NA	NA	NA	NA	NA	NA	NA	NA	NA	NA	NA	NA	NA	NA	NA	NA	NA	NA	NA	NA	NA	NA	NA	NA	NA	NA	NA	NA	NA	NA	NA	NA	NA	NA	NA	NA	NA	NA	NA	NA	NA	NA	NA	NA	NA	NA	NA	NA	NA	NA	NA	NA	NA	NA	NA	NA	NA	NA	NA	NA	NA	NA	NA	NA	NA	NA	NA	NA	NA	NA	NA	NA	NA	NA	NA	NA	NA	NA	NA	NA	NA	NA	NA	NA	NA	NA	NA	NA	NA	NA	NA	NA	NA	NA	NA	NA	NA	NA	NA	NA	NA	NA	NA	NA	NA	NA	NA	NA	NA	NA	NA
GH46	NA	NA	NA	NA	NA	NA	NA	NA	NA	NA	NA	NA	NA	NA	0.75739	0.12236	NA	NA	NA	NA	NA	NA	NA	NA	NA	NA	NA	NA	NA	NA	NA	NA	NA	NA	NA	NA	NA	NA	NA	NA	NA	NA	NA	0.28908	NA	NA	NA	NA	NA	NA	NA	NA	NA	NA	NA	NA	NA	NA	NA	NA	NA	NA	NA	NA	NA	NA	NA	NA	NA	NA	NA	NA	NA	NA	NA	NA	NA	NA	NA	NA	NA	NA	NA	NA	NA	NA	NA	NA	NA	NA	NA	NA	NA	NA	NA	NA	NA	NA	NA	NA	NA	NA	NA	NA	NA	NA	NA	NA	NA	NA	NA	NA	NA	NA	NA	NA	NA	NA	NA	NA	NA	NA	NA	NA	NA	NA	NA	NA	NA	NA	NA	NA	NA	NA	NA	NA	NA	NA	NA	NA	NA	NA	NA	NA	NA	NA	NA	NA	NA	NA	NA	NA	NA	NA	NA	NA	NA	NA	NA	NA	NA	NA	NA	NA	NA	NA	NA	NA	NA	NA	NA	NA	NA	NA	NA	NA	NA	NA	NA	NA	0.23663	NA	NA	NA	NA	NA	NA	NA	2.95963	0.74478	NA	NA	NA	NA	NA	NA	NA	NA	NA	NA	NA	NA	NA	NA	NA	NA	NA	NA	NA	NA	NA	NA	NA	NA	NA	NA	NA	NA	NA	NA	NA	NA	NA	NA	NA	NA	NA	NA	NA	NA	NA	NA	NA	NA	NA	NA	NA	NA	NA	NA	NA	NA	NA	NA	NA	NA	NA	NA	NA	NA	NA	NA	NA	NA	NA	NA	NA	NA	NA	NA	NA	NA	NA	NA	NA	NA	NA	NA	NA	NA	NA	NA	NA	NA	NA	NA	NA	NA	NA	NA	NA	NA	NA	NA	NA	NA	NA	NA	NA	NA	NA	NA	NA	NA	NA	NA	NA	NA	NA	NA	NA	NA	NA	NA	NA	NA	NA	NA	NA	NA	NA	NA	NA	NA	NA	NA	NA	NA	NA	NA	NA	NA	NA	NA	NA	NA	NA	NA	NA	NA	NA	NA	NA	NA	NA	NA	NA	NA	NA	NA	NA	NA	NA	NA	NA	NA	NA	NA	NA	NA	NA	NA	NA	NA	NA	NA	NA	NA	NA	NA	NA	NA	NA	NA	NA	NA	NA	NA	NA	NA	NA	NA	NA	NA	NA	NA	NA
GH47	0.76761	1.26827	0.18471	0.39553	0.57353	0.25999	1.08583	NA	NA	NA	NA	NA	NA	NA	NA	NA	NA	NA	NA	NA	NA	NA	NA	NA	NA	NA	NA	NA	NA	NA	NA	NA	NA	NA	NA	NA	NA	NA	NA	NA	NA	NA	NA	NA	NA	NA	NA	NA	NA	NA	NA	NA	NA	NA	NA	NA	0.57917	NA	NA	0.29093	NA	NA	NA	NA	NA	NA	NA	NA	NA	NA	NA	NA	NA	NA	NA	NA	NA	NA	NA	NA	NA	NA	NA	NA	NA	NA	NA	NA	NA	NA	NA	NA	NA	NA	NA	NA	NA	NA	NA	NA	NA	NA	NA	NA	NA	NA	NA	NA	NA	NA	NA	NA	NA	NA	NA	NA	NA	NA	NA	NA	NA	NA	NA	NA	NA	NA	NA	NA	1.00595	1.67133	0.05026	1.68128	NA	NA	NA	NA	NA	NA	NA	NA	NA	NA	NA	NA	NA	NA	NA	NA	NA	NA	0.08855	NA	NA	NA	NA	NA	NA	NA	NA	NA	NA	NA	NA	NA	NA	NA	NA	NA	NA	NA	NA	NA	NA	NA	NA	NA	NA	NA	NA	NA	NA	NA	NA	NA	NA	NA	NA	NA	NA	NA	NA	NA	NA	NA	NA	NA	NA	NA	NA	NA	NA	NA	NA	NA	NA	NA	NA	NA	NA	0.48389	NA	NA	NA	NA	NA	NA	NA	NA	NA	NA	NA	NA	NA	NA	NA	NA	NA	NA	NA	NA	NA	NA	NA	NA	NA	NA	NA	NA	NA	NA	NA	NA	NA	NA	NA	NA	NA	NA	NA	NA	NA	NA	NA	NA	NA	NA	NA	NA	NA	NA	NA	NA	NA	NA	NA	NA	NA	NA	NA	NA	NA	NA	NA	NA	NA	NA	NA	NA	NA	NA	NA	NA	NA	NA	NA	NA	NA	NA	NA	NA	NA	NA	NA	NA	NA	NA	NA	NA	NA	NA	NA	NA	NA	NA	NA	NA	NA	NA	NA	NA	NA	NA	NA	NA	NA	NA	NA	NA	NA	NA	NA	NA	NA	NA	NA	NA	NA	NA	NA	NA	NA	NA	NA	NA	NA	NA	NA	NA	NA	NA	NA	NA	NA	NA	NA	NA	NA	NA	NA	NA	NA	NA	NA	NA	NA	NA	NA	NA	NA	NA	NA	NA	NA	NA	NA	NA	NA	NA	NA	NA	NA	NA	NA	NA	NA	NA	NA
GH48	9.34065	5.21952	3.34198	6.67601	7.07993	15.29712	3.0077	7.87101	16.25886	14.63535	5.31406	13.24227	12.81146	7.98014	NA	NA	NA	NA	NA	NA	NA	11.43091	0.55376	1.2074	13.05047	23.51121	16.19807	12.05166	2.64634	6.24636	1.5151	4.11465	2.20449	1.3025	0.84355	NA	NA	NA	NA	NA	NA	1.95851	4.73717	7.31876	8.88705	9.46749	7.79063	NA	NA	NA	NA	NA	NA	NA	7.84629	6.50824	4.60203	5.81716	11.31966	12.52424	8.14846	7.86954	9.72355	1.0537	1.30808	5.7943	11.50633	6.82481	4.05246	3.59167	2.78291	7.61462	1.89027	10.1919	4.39638	0.56686	0.19685	1.94641	1.78804	0.9132	0.8036	0.2972	3.8795	0.26079	5.3705	8.27745	10.17895	6.2274	3.34803	2.64327	1.19142	5.17465	7.68978	11.09397	0.22336	NA	NA	4.283	2.28908	2.13835	3.3004	3.2483	2.86179	5.02192	4.59543	5.3732	5.7832	3.05846	6.26048	3.31886	NA	NA	1.0499	NA	1.367	7.81361	3.6375	1.03306	0.71768	1.49548	3.48173	3.44982	4.24443	0.50152	1.55115	5.971	4.52579	9.6163	7.6138	9.05915	6.86628	13.0672	4.28016	12.56717	15.01905	11.02567	11.44029	8.42573	0.28144	3.12548	3.23154	2.09066	3.4068	2.30089	NA	0.0268	NA	0.10385	0.98973	6.65101	16.54	21.0431	1.14902	3.79949	3.19199	2.13992	12.81972	7.72225	21.84897	25.43343	6.84845	6.94285	5.03491	10.26346	0.0982	0.0256	11.67884	5.55786	0.31006	0.98228	3.84132	5.29022	1.00323	0.14205	1.23063	0.5235	1.68025	0.87998	1.79965	3.28473	NA	NA	7.98389	0.2378	0.87727	1.06741	1.08237	NA	18.45963	2.62543	18.45186	7.12234	0.42572	0.17868	0.73934	NA	NA	6.66122	1.05261	0.40449	8.42501	9.87475	16.48916	5.60829	NA	0.05031	NA	NA	6.67683	4.57487	12.46542	3.11774	3.1462	0.48458	1.43481	4.25004	1.68749	0.48487	1.56143	0.05332	13.00913	11.81884	NA	NA	NA	NA	NA	NA	NA	NA	NA	NA	NA	NA	NA	NA	NA	NA	NA	NA	NA	NA	NA	NA	NA	NA	NA	NA	NA	NA	NA	NA	NA	NA	NA	NA	NA	NA	NA	NA	NA	NA	NA	NA	NA	NA	NA	NA	NA	NA	NA	NA	NA	NA	NA	NA	NA	NA	NA	NA	NA	NA	NA	NA	NA	NA	NA	NA	NA	NA	NA	NA	NA	NA	NA	NA	NA	NA	NA	NA	NA	NA	NA	NA	NA	NA	NA	NA	NA	NA	NA	NA	NA	NA	NA	NA	NA	NA	NA	NA	NA	NA	NA	NA	NA	NA	NA	NA	NA	NA	NA	NA	NA	NA	NA	NA	NA	NA	NA	NA	NA	NA	NA	NA	NA	NA	NA	NA	NA	NA	NA	NA	NA	NA	NA	NA	NA	NA	NA	NA	NA	NA	NA	NA	NA	NA	NA	NA	NA	NA	NA	NA	NA	NA	NA	NA	NA
GH49	NA	NA	NA	NA	NA	NA	NA	NA	NA	NA	NA	NA	NA	NA	NA	NA	NA	NA	NA	NA	NA	NA	NA	NA	NA	NA	NA	NA	1.5038	2.7924	2.44066	0.92904	2.53866	0.28308	2.04363	0.08419	NA	NA	NA	NA	NA	3.76721	NA	NA	NA	NA	NA	NA	NA	NA	NA	NA	NA	NA	NA	NA	NA	NA	NA	NA	NA	NA	NA	NA	NA	NA	NA	NA	NA	NA	NA	NA	NA	NA	0.09152	0.16687	NA	0.21955	NA	NA	0.42635	NA	NA	NA	NA	NA	NA	NA	NA	0.63481	3.45331	1.05754	1.61144	2.28757	0.41134	NA	NA	NA	NA	NA	NA	NA	NA	NA	NA	NA	NA	NA	NA	NA	NA	NA	NA	NA	NA	NA	NA	NA	NA	NA	NA	NA	NA	NA	NA	NA	NA	NA	NA	NA	NA	NA	NA	NA	NA	NA	0.04105	1.1277	0.2055	0.43512	NA	0.06486	NA	NA	NA	NA	NA	NA	NA	0.08683	NA	NA	NA	0.04551	NA	NA	0.82329	1.23514	3.32051	7.88369	NA	NA	NA	0.03477	NA	NA	NA	NA	NA	NA	NA	NA	NA	0.699	NA	0.04142	0.4426	0.12456	0.55056	0.77719	NA	0.08512	0.03376	NA	NA	NA	NA	NA	NA	NA	NA	NA	0.78431	1.17424	0.39983	0.12194	NA	2.25644	2.79825	0.93988	NA	NA	NA	NA	NA	NA	NA	NA	NA	NA	NA	NA	NA	NA	NA	NA	NA	NA	NA	NA	NA	NA	NA	NA	NA	NA	NA	NA	NA	NA	NA	NA	NA	NA	NA	NA	NA	NA	NA	NA	NA	NA	NA	NA	NA	NA	NA	NA	NA	NA	NA	NA	NA	NA	NA	NA	NA	NA	NA	NA	NA	NA	NA	NA	NA	NA	NA	NA	NA	NA	NA	NA	NA	NA	NA	NA	NA	NA	NA	NA	NA	NA	NA	NA	NA	NA	NA	NA	NA	NA	NA	NA	NA	NA	NA	NA	NA	NA	NA	NA	NA	NA	NA	NA	NA	NA	NA	NA	NA	NA	NA	NA	NA	NA	NA	NA	NA	NA	NA	NA	NA	NA	NA	NA	NA	NA	NA	NA	NA	NA	NA	NA	NA	NA	NA	NA	NA	NA	NA	NA	NA	NA	NA	NA	NA	NA	NA	NA	NA	NA	NA	NA	NA	NA	NA	NA	NA	NA	NA	NA	NA	NA	NA	NA	NA	NA	NA	NA	NA	NA	NA	NA	NA	NA	NA	NA	NA
GH5	1793.89931	1235.07564	1235.0317	1765.10851	2225.29254	2132.05502	1498.06704	1298.71239	1746.41311	1535.31579	1487.99601	1905.82943	1863.90756	1071.56427	1535.75809	1324.09329	942.34076	1161.40199	939.8556	669.48525	554.32018	1191.01762	1001.98191	855.85841	1693.8387	1971.8466	1953.92872	1553.11889	1621.43247	1909.28266	1753.14841	2258.63219	1670.8466	873.54524	2223.76458	401.3626	592.18525	639.02928	615.48936	652.35694	744.11698	1374.19228	781.18953	783.04047	1219.863	896.47423	996.21503	466.63598	724.29611	528.6039	514.45611	618.68472	461.63976	510.18065	1661.50082	2685.2907	2421.07045	3040.244	2497.52972	3175.22576	1861.51596	610.35705	867.03004	928.46164	1089.95006	2081.47076	1662.64928	1599.46088	1216.38188	1010.79712	966.01318	1177.14142	1091.22641	1292.21122	1150.88492	443.75142	562.54831	322.79564	639.87742	490.59457	619.89177	576.66957	1224.74114	845.08001	1707.8773	1645.01904	1880.91704	1379.08498	1380.26757	1361.73741	844.32714	1864.06969	1318.47648	1278.35204	1792.57893	694.28926	789.49194	1103.87859	1006.56185	1024.74878	1084.29904	1314.51989	1279.67215	1450.44429	1327.93221	1627.3595	1793.98785	1768.73805	1559.27003	1199.40279	469.36823	340.30826	2244.93002	426.27787	550.83525	1489.49163	887.09778	1299.80255	1278.2425	1618.64286	1618.57187	2483.05924	2141.0625	738.29852	925.79027	1379.99742	1929.4633	2656.24248	1714.49091	1988.51227	2451.22516	3367.26207	1121.78118	1241.19397	1926.89011	1740.48463	1216.48256	1409.12007	742.13812	1436.60304	1404.17892	971.71178	1606.51076	2212.10516	989.07506	1428.2415	1145.88567	835.90332	950.69375	1459.33724	2243.8252	2679.39662	874.28844	1696.03973	1436.40373	1209.50277	1256.65073	941.62884	2027.36648	1663.88775	1053.31242	1227.07484	1689.18272	1575.05376	760.92156	654.32857	1347.4198	1113.95513	852.00097	1095.21241	1104.25772	950.18898	569.07704	473.36346	730.48515	507.0553	1085.22689	892.42838	2176.3265	2007.07143	551.35676	699.71503	663.57052	480.57529	1338.98162	1938.83983	1708.60753	455.77875	951.02724	738.09222	1120.92193	777.49854	1796.25463	2550.78941	3361.11014	3220.92285	1208.10459	3193.38655	1704.58655	710.93375	1493.41014	1320.87494	1626.1033	1237.17509	468.71489	530.35543	380.52823	355.89831	1576.64571	1649.84165	2495.73608	3224.2075	824.19802	539.23811	1822.62345	2655.80048	982.40897	355.13365	1273.14384	1109.35626	1254.10021	1569.37885	NA	NA	NA	NA	NA	NA	NA	NA	NA	NA	NA	NA	NA	NA	NA	NA	NA	NA	NA	NA	NA	NA	NA	NA	NA	NA	NA	NA	NA	NA	NA	NA	NA	NA	NA	NA	NA	NA	NA	NA	NA	NA	NA	NA	NA	NA	NA	NA	NA	NA	NA	NA	NA	NA	NA	NA	NA	NA	NA	NA	NA	NA	NA	NA	NA	NA	NA	NA	NA	NA	NA	NA	NA	NA	NA	NA	NA	NA	NA	NA	NA	NA	NA	NA	NA	NA	NA	NA	NA	NA	NA	NA	NA	NA	NA	NA	NA	NA	NA	NA	NA	NA	NA	NA	NA	NA	NA	NA	NA	NA	NA	NA	NA	NA	NA	NA	NA	NA	NA	NA	NA	NA	NA	NA	NA	NA	NA	NA	NA	NA	NA	NA	NA	NA	NA	NA	NA	NA	NA	NA	NA	NA	NA	NA	NA	NA	NA	NA	NA	NA	NA	NA	NA	NA	NA
GH50	9.80966	9.05027	14.57274	10.70356	5.18917	6.51138	7.74877	9.3641	14.70476	33.15003	25.80165	22.04405	23.12811	8.41623	104.01778	86.74116	110.141	107.99041	102.7149	37.15319	20.02485	8.24836	15.67681	12.35011	5.80638	6.15095	7.48116	11.85581	26.55159	19.98603	20.10602	29.4438	24.45673	33.55705	27.81995	7.77176	5.29375	9.42796	17.04646	19.34221	12.99025	31.14345	6.92618	11.43897	34.42299	11.25233	18.33411	12.56617	16.17585	13.22532	11.3927	16.10534	5.40367	15.15069	8.17122	10.26286	2.28403	4.61993	5.35673	6.77791	9.4935	5.32472	3.09199	6.2517	8.86744	7.43271	8.06964	6.3	18.91863	13.07431	15.13635	12.41541	19.50358	21.63853	10.43414	13.44655	19.50989	2.72068	13.59386	19.33267	37.76191	37.47936	36.61397	51.15853	46.0035	40.47604	28.90879	33.99103	43.13435	96.34862	45.98113	56.97092	31.51371	22.89484	188.95988	55.54643	26.58142	26.20591	41.30046	7.79983	29.23469	29.48617	27.60732	11.81444	12.88391	42.78729	16.59244	30.94428	23.06203	14.07846	0.36626	1.39537	10.45663	1.46537	1.90081	1.57687	3.39678	11.03351	12.44509	8.38907	12.41	6.03936	17.85316	13.60295	24.2517	23.82059	19.73263	12.72067	4.20489	5.07303	5.04988	5.5948	17.76116	12.12453	11.66907	14.25087	12.93824	9.37366	15.32191	6.48098	8.35066	7.55719	8.74923	9.322	50.90471	67.49991	65.01113	40.91072	10.96404	9.79074	9.12003	8.23122	39.04193	25.78993	28.1609	33.32981	104.96667	64.89679	55.31661	41.26753	6.98894	12.66575	3.32983	7.23162	37.45011	66.20278	15.25826	25.40835	20.76398	12.61801	8.5816	6.31106	10.0628	17.75494	24.5887	11.31524	19.90449	25.59155	28.22344	33.66828	6.8773	7.16406	2.414	7.02248	13.23343	16.90815	20.04413	NA	11.60977	14.05312	30.66009	16.85991	7.12813	2.38394	0.34729	NA	NA	2.55655	5.65848	2.04983	47.1416	22.24241	17.16947	9.43636	5.29185	10.5134	8.55211	9.28791	4.47816	5.40501	3.99185	2.54016	6.24185	11.4585	7.40882	12.78229	20.74937	12.81907	48.27699	52.72585	16.41143	16.81231	NA	NA	NA	NA	NA	NA	NA	NA	NA	NA	NA	NA	NA	NA	NA	NA	NA	NA	NA	NA	NA	NA	NA	NA	NA	NA	NA	NA	NA	NA	NA	NA	NA	NA	NA	NA	NA	NA	NA	NA	NA	NA	NA	NA	NA	NA	NA	NA	NA	NA	NA	NA	NA	NA	NA	NA	NA	NA	NA	NA	NA	NA	NA	NA	NA	NA	NA	NA	NA	NA	NA	NA	NA	NA	NA	NA	NA	NA	NA	NA	NA	NA	NA	NA	NA	NA	NA	NA	NA	NA	NA	NA	NA	NA	NA	NA	NA	NA	NA	NA	NA	NA	NA	NA	NA	NA	NA	NA	NA	NA	NA	NA	NA	NA	NA	NA	NA	NA	NA	NA	NA	NA	NA	NA	NA	NA	NA	NA	NA	NA	NA	NA	NA	NA	NA	NA	NA	NA	NA	NA	NA	NA	NA	NA	NA	NA	NA	NA	NA	NA	NA	NA	NA	NA	NA
GH51	503.1373	436.00941	376.951	452.94472	552.09762	555.25415	412.85266	393.90001	387.89006	381.41129	350.0475	431.63708	481.59252	497.5377	629.27038	691.35007	567.48786	661.88711	726.52763	445.59169	322.84597	355.97049	470.61176	392.18227	473.70996	487.95255	521.75645	486.57278	367.26372	414.01252	470.54216	458.94923	394.04923	423.71175	411.01146	538.5269	556.62065	648.45004	623.37968	674.70258	697.62115	383.45815	276.27574	349.42086	391.22409	382.0355	351.39654	541.0593	551.2931	535.1239	645.88335	546.28727	556.48817	496.87025	556.88501	701.38027	691.00419	751.85268	651.22749	715.75679	587.97756	278.20468	466.50915	464.43216	461.42372	389.37407	383.6956	353.63742	351.52936	321.88491	317.21294	420.70758	330.67598	425.75463	284.05592	232.78939	309.1762	209.74342	335.85848	324.92571	417.99738	448.48992	456.38548	508.1423	493.15826	497.19053	483.22854	501.88331	482.50247	562.35221	360.57923	519.0434	482.81235	378.74862	715.07858	410.36441	397.84544	497.27994	592.36363	582.19837	661.14603	583.11007	521.14211	414.35474	498.13866	604.88347	501.45284	576.71378	489.95209	435.16503	526.46671	492.64781	739.08757	436.25823	514.98349	456.26444	458.65917	381.0164	474.95806	509.09822	428.86498	774.52676	484.66975	260.20979	414.36391	446.00879	415.06645	400.74415	592.37596	607.39188	402.68701	778.36867	288.63675	328.9445	314.69951	322.09833	352.885	344.45286	470.64286	467.87441	398.6566	338.07848	385.29096	512.5364	515.31566	633.54385	439.52547	453.84118	396.39809	429.70431	446.67862	428.07284	400.91645	376.56507	443.52424	408.7215	448.34188	394.55694	354.36586	300.45703	290.43451	371.29109	256.49132	348.38535	537.27046	574.08373	430.0222	551.91416	274.29923	246.38893	305.54111	194.35981	283.6661	338.87446	336.87954	289.83667	387.52713	436.49438	382.18855	360.54222	478.43648	540.22704	373.0378	539.75542	447.6067	457.03705	509.74339	447.20223	563.37914	447.02129	476.04428	433.73957	690.94628	884.98531	1099.19787	1085.8326	622.03574	1037.69967	680.54888	483.93109	430.44412	307.26526	242.74236	223.41579	504.59297	475.9325	439.16793	424.29891	463.81738	489.92113	501.84241	775.34663	261.00694	284.49525	291.85125	312.06981	485.67839	314.42403	554.13959	487.68118	507.5711	417.70225	NA	NA	NA	NA	NA	NA	NA	NA	NA	NA	NA	NA	NA	NA	NA	NA	NA	NA	NA	NA	NA	NA	NA	NA	NA	NA	NA	NA	NA	NA	NA	NA	NA	NA	NA	NA	NA	NA	NA	NA	NA	NA	NA	NA	NA	NA	NA	NA	NA	NA	NA	NA	NA	NA	NA	NA	NA	NA	NA	NA	NA	NA	NA	NA	NA	NA	NA	NA	NA	NA	NA	NA	NA	NA	NA	NA	NA	NA	NA	NA	NA	NA	NA	NA	NA	NA	NA	NA	NA	NA	NA	NA	NA	NA	NA	NA	NA	NA	NA	NA	NA	NA	NA	NA	NA	NA	NA	NA	NA	NA	NA	NA	NA	NA	NA	NA	NA	NA	NA	NA	NA	NA	NA	NA	NA	NA	NA	NA	NA	NA	NA	NA	NA	NA	NA	NA	NA	NA	NA	NA	NA	NA	NA	NA	NA	NA	NA	NA	NA	NA	NA	NA	NA	NA	NA
GH52	NA	NA	NA	NA	NA	NA	NA	NA	NA	NA	NA	NA	NA	NA	NA	NA	NA	NA	NA	NA	NA	0.20819	0.37319	0.38506	0.42283	NA	NA	NA	NA	NA	NA	NA	NA	NA	NA	NA	NA	NA	NA	NA	NA	0.05853	NA	0.42156	NA	NA	0.28342	NA	NA	NA	NA	NA	NA	NA	NA	NA	NA	NA	NA	NA	NA	NA	NA	NA	NA	NA	NA	NA	NA	NA	0.40205	NA	NA	NA	NA	NA	NA	NA	NA	NA	NA	NA	NA	NA	NA	NA	NA	NA	NA	NA	NA	NA	NA	NA	0.36659	0.37381	NA	NA	NA	NA	NA	NA	NA	0.32351	NA	NA	0.40163	NA	NA	NA	NA	NA	0.40831	0.48301	NA	0.30871	0.25961	0.20121	0.39908	0.27624	NA	0.51083	0.05996	NA	NA	0.09817	NA	NA	NA	NA	NA	NA	NA	NA	NA	0.20307	0.8588	NA	0.14652	NA	0.58501	NA	0.08071	NA	NA	NA	NA	NA	0.46594	NA	NA	NA	0.41547	NA	NA	0.09787	NA	0.30366	0.64862	NA	NA	NA	NA	NA	0.0457	NA	0.40859	0.31729	NA	NA	NA	NA	NA	NA	NA	NA	NA	NA	NA	NA	NA	NA	NA	NA	0.41488	0.1882	NA	NA	0.13674	0.9374	0.04684	0.37672	NA	NA	NA	NA	NA	NA	NA	NA	NA	NA	NA	0.17534	NA	NA	NA	NA	NA	NA	NA	NA	NA	NA	NA	0.30271	NA	NA	NA	NA	0.12945	0.06205	NA	NA	NA	NA	NA	NA	NA	NA	NA	NA	NA	NA	NA	NA	NA	NA	NA	NA	NA	NA	NA	NA	NA	NA	NA	NA	NA	NA	NA	NA	NA	NA	NA	NA	NA	NA	NA	NA	NA	NA	NA	NA	NA	NA	NA	NA	NA	NA	NA	NA	NA	NA	NA	NA	NA	NA	NA	NA	NA	NA	NA	NA	NA	NA	NA	NA	NA	NA	NA	NA	NA	NA	NA	NA	NA	NA	NA	NA	NA	NA	NA	NA	NA	NA	NA	NA	NA	NA	NA	NA	NA	NA	NA	NA	NA	NA	NA	NA	NA	NA	NA	NA	NA	NA	NA	NA	NA	NA	NA	NA	NA	NA	NA	NA	NA	NA	NA	NA	NA	NA	NA	NA	NA	NA	NA	NA	NA	NA	NA	NA	NA	NA	NA	NA	NA	NA	NA	NA	NA	NA	NA	NA	NA	NA	NA	NA	NA	NA	NA	NA	NA	NA	NA	NA	NA
GH53	254.06781	367.50281	221.3281	264.53008	276.76277	281.51217	234.47799	248.19385	196.68862	215.56533	207.95309	206.54871	265.23036	285.8593	298.27923	317.84602	230.88311	294.59067	273.5451	197.70874	138.10409	103.95797	249.95742	115.69816	179.34681	186.39296	194.48719	201.05917	233.68828	320.99872	295.62673	325.88391	277.92459	365.7596	280.55808	343.4473	444.32056	355.30493	247.55696	346.18339	392.25852	295.26938	193.01095	161.79514	222.24365	219.06623	139.22046	318.98286	312.32548	362.03229	369.75309	333.09564	377.66577	252.47158	136.38101	159.53828	180.32001	175.36604	151.43445	169.36266	162.01067	157.55182	190.5336	512.14981	308.72854	217.53733	211.98744	165.56053	130.99673	109.04125	105.61331	114.7215	105.74853	124.01356	100.2737	57.63974	115.54889	97.59791	87.22047	87.71458	77.03219	95.94068	201.11643	243.87774	210.64796	227.23116	249.24586	157.80266	212.63534	197.19244	83.87184	257.8614	227.72761	144.83914	185.68873	67.01031	189.8774	189.27947	217.26448	187.96837	225.78099	225.77029	238.20532	173.01922	202.95171	228.43448	144.90087	192.02331	166.14605	150.38087	186.09321	228.65881	233.09658	128.87233	148.58756	198.0771	80.2564	150.28102	181.04326	273.45042	152.9384	240.86808	137.48603	102.3281	206.143	194.16566	170.76465	165.07188	284.11578	275.66772	178.73251	251.41581	180.01951	237.61053	261.46374	204.00432	137.42718	108.12269	194.26425	245.21486	143.14705	152.04686	138.44574	174.34686	372.28911	362.22678	256.96931	264.97174	178.6425	205.60222	188.71688	168.9326	135.9338	288.84382	225.64695	197.27905	193.51666	180.10562	107.48177	104.48558	191.18327	260.62083	126.23489	194.90149	251.91167	242.63436	216.70631	267.2804	88.54726	77.97538	113.44469	64.87678	80.00519	61.67976	92.58161	92.68103	350.55852	406.28625	280.23665	259.16598	186.79412	429.87236	152.5434	294.69931	252.84866	249.38276	217.98219	265.10707	375.62046	283.13982	218.32427	239.20265	249.94988	285.70111	376.94297	338.41401	157.39226	298.20272	233.24771	283.27019	222.80625	204.89943	203.29155	203.18215	421.55697	393.19731	210.14055	163.22897	175.23379	146.51981	151.36059	182.18146	107.55674	104.17856	80.54395	39.92799	199.35711	132.1917	185.41437	161.62416	316.07954	251.02281	NA	NA	NA	NA	NA	NA	NA	NA	NA	NA	NA	NA	NA	NA	NA	NA	NA	NA	NA	NA	NA	NA	NA	NA	NA	NA	NA	NA	NA	NA	NA	NA	NA	NA	NA	NA	NA	NA	NA	NA	NA	NA	NA	NA	NA	NA	NA	NA	NA	NA	NA	NA	NA	NA	NA	NA	NA	NA	NA	NA	NA	NA	NA	NA	NA	NA	NA	NA	NA	NA	NA	NA	NA	NA	NA	NA	NA	NA	NA	NA	NA	NA	NA	NA	NA	NA	NA	NA	NA	NA	NA	NA	NA	NA	NA	NA	NA	NA	NA	NA	NA	NA	NA	NA	NA	NA	NA	NA	NA	NA	NA	NA	NA	NA	NA	NA	NA	NA	NA	NA	NA	NA	NA	NA	NA	NA	NA	NA	NA	NA	NA	NA	NA	NA	NA	NA	NA	NA	NA	NA	NA	NA	NA	NA	NA	NA	NA	NA	NA	NA	NA	NA	NA	NA	NA
GH55	10.85019	16.45446	15.95359	14.4054	8.22305	16.0131	19.7952	40.70391	43.01293	24.81021	37.76456	32.08292	25.16681	25.10308	121.35764	92.53065	32.87039	71.35046	45.17834	22.58895	16.83913	15.78868	47.13988	26.94272	22.47266	8.79023	10.86199	26.10342	56.48089	34.98943	58.26966	40.71365	50.21791	45.30408	63.53637	8.68984	12.18912	15.48352	10.03126	10.43596	10.74322	46.2033	39.18871	13.74006	24.55841	1.53456	22.6327	14.01951	67.68026	29.47678	23.33039	31.15422	8.76138	32.80469	10.28025	10.1173	6.89576	6.90311	7.52035	5.8736	8.07435	4.73698	2.68333	4.2878	2.71985	1.7324	6.28853	1.81459	8.79334	23.6992	6.19194	7.71928	7.54605	11.67058	10.10713	32.26132	46.11572	14.83725	50.01759	38.19872	54.97288	68.4983	24.89339	22.98635	8.27502	8.80953	6.34934	9.4474	26.33783	35.48633	22.72658	17.65958	19.12979	9.6505	9.99495	13.3854	26.9698	36.04353	22.07055	22.24944	12.04354	15.9896	39.33598	72.11994	68.78213	60.85269	45.2677	34.5523	29.8433	53.35852	44.54173	22.03468	7.9504	43.31891	37.6918	31.18544	10.1273	8.27516	7.41592	5.15459	5.40317	4.87647	8.90335	7.80372	62.04444	58.55918	49.92284	59.92576	11.51298	11.30695	7.26481	3.75269	58.22721	39.72955	22.16891	35.71182	29.26184	19.01515	37.39955	23.66959	14.5264	8.25825	8.11299	11.86063	53.73428	100.92115	76.25128	39.85246	40.30077	27.897	39.21807	20.82431	25.62589	33.96926	27.05639	34.08274	21.33895	17.76063	7.03253	8.21825	11.78799	22.29658	18.86581	44.36124	59.88554	26.33083	65.39295	83.14372	10.36508	5.62925	5.97738	2.48897	57.53916	42.81413	66.88798	31.90228	45.69272	40.46139	50.37061	37.17634	37.12015	32.70383	16.81107	18.44414	73.69293	98.31907	63.70019	NA	50.81015	56.29561	53.60849	37.86887	6.96383	5.99553	1.18843	0.60433	NA	5.72056	19.46906	9.43553	85.8935	59.00451	5.84127	19.09654	8.33798	22.54331	30.01269	29.80819	14.2045	11.30451	3.67063	1.31877	6.33424	6.12335	6.95173	2.69129	33.20889	16.88568	30.13787	12.88266	8.1712	10.9207	NA	NA	NA	NA	NA	NA	NA	NA	NA	NA	NA	NA	NA	NA	NA	NA	NA	NA	NA	NA	NA	NA	NA	NA	NA	NA	NA	NA	NA	NA	NA	NA	NA	NA	NA	NA	NA	NA	NA	NA	NA	NA	NA	NA	NA	NA	NA	NA	NA	NA	NA	NA	NA	NA	NA	NA	NA	NA	NA	NA	NA	NA	NA	NA	NA	NA	NA	NA	NA	NA	NA	NA	NA	NA	NA	NA	NA	NA	NA	NA	NA	NA	NA	NA	NA	NA	NA	NA	NA	NA	NA	NA	NA	NA	NA	NA	NA	NA	NA	NA	NA	NA	NA	NA	NA	NA	NA	NA	NA	NA	NA	NA	NA	NA	NA	NA	NA	NA	NA	NA	NA	NA	NA	NA	NA	NA	NA	NA	NA	NA	NA	NA	NA	NA	NA	NA	NA	NA	NA	NA	NA	NA	NA	NA	NA	NA	NA	NA	NA	NA	NA	NA	NA	NA	NA
GH56	1.7694	2.67985	0.42577	0.68379	0.74365	0.44948	3.28509	NA	NA	NA	NA	NA	NA	NA	NA	NA	NA	NA	NA	NA	NA	NA	NA	NA	NA	NA	NA	NA	0.51186	NA	NA	NA	NA	NA	NA	NA	NA	NA	NA	NA	NA	NA	NA	NA	NA	NA	NA	NA	NA	NA	NA	NA	NA	NA	3.12541	0.60557	0.42702	1.39335	2.12923	2.3595	2.10723	NA	NA	NA	NA	NA	NA	NA	0.20273	0.85024	NA	4.00575	1.09791	NA	2.64914	NA	NA	NA	NA	NA	NA	NA	NA	NA	NA	NA	NA	NA	NA	NA	NA	NA	NA	NA	NA	NA	NA	NA	NA	NA	NA	NA	NA	NA	NA	NA	NA	NA	NA	NA	NA	NA	NA	NA	NA	NA	NA	NA	NA	NA	NA	NA	NA	NA	NA	NA	NA	NA	0.6324	1.30489	3.82344	1.66093	NA	NA	NA	NA	NA	NA	NA	NA	NA	NA	0.83588	NA	NA	NA	NA	NA	NA	NA	NA	NA	NA	NA	NA	NA	NA	NA	NA	NA	NA	NA	NA	NA	NA	NA	NA	NA	NA	NA	2.23641	0.52654	NA	NA	NA	NA	NA	NA	NA	NA	NA	NA	NA	NA	NA	NA	NA	NA	NA	NA	NA	NA	NA	NA	NA	NA	NA	NA	NA	NA	NA	NA	NA	NA	NA	NA	NA	NA	NA	1.0703	0.33807	0.99464	NA	NA	NA	NA	NA	NA	NA	NA	NA	NA	NA	NA	NA	NA	NA	NA	NA	NA	NA	NA	NA	NA	NA	NA	NA	NA	NA	NA	NA	NA	NA	NA	NA	NA	NA	NA	NA	NA	NA	NA	NA	NA	NA	NA	NA	NA	NA	NA	NA	NA	NA	NA	NA	NA	NA	NA	NA	NA	NA	NA	NA	NA	NA	NA	NA	NA	NA	NA	NA	NA	NA	NA	NA	NA	NA	NA	NA	NA	NA	NA	NA	NA	NA	NA	NA	NA	NA	NA	NA	NA	NA	NA	NA	NA	NA	NA	NA	NA	NA	NA	NA	NA	NA	NA	NA	NA	NA	NA	NA	NA	NA	NA	NA	NA	NA	NA	NA	NA	NA	NA	NA	NA	NA	NA	NA	NA	NA	NA	NA	NA	NA	NA	NA	NA	NA	NA	NA	NA	NA	NA	NA	NA	NA	NA	NA	NA	NA	NA	NA	NA	NA	NA	NA	NA	NA	NA	NA	NA	NA	NA	NA	NA	NA	NA	NA
GH57	96.34915	79.53003	51.30553	58.98138	72.63077	49.52507	72.20065	84.29228	57.35885	65.43966	62.40025	58.81234	51.12551	32.80693	178.38594	175.05644	95.67901	160.82084	170.16947	66.95991	27.22793	25.14465	95.45091	42.99679	47.23611	49.36218	54.22474	43.99712	75.79851	46.37622	80.30746	79.92433	93.34737	89.16284	84.23521	65.19173	41.62145	96.49462	89.31983	57.38844	59.41235	93.42145	44.78831	45.94114	72.39447	49.99483	64.67582	97.20355	165.78871	102.99848	148.48109	133.05041	77.17078	137.40327	114.21635	159.20193	142.45812	151.64715	151.65836	144.08529	130.15645	49.84071	37.89126	70.34249	67.34327	55.54078	61.63369	40.58845	69.73564	80.39057	83.78242	24.56124	62.54728	35.80798	40.5703	103.29215	87.39144	113.71478	61.18118	73.34948	85.90587	108.82376	66.44478	84.51438	56.1982	46.99821	33.55759	80.04622	77.34061	79.21973	50.336	52.01196	37.46253	33.06198	95.84388	30.94766	92.06152	114.06828	121.86082	184.84319	123.84747	130.51132	115.6123	112.72712	115.61178	120.68384	120.58956	122.20754	91.95055	103.64715	123.84503	101.83593	142.7932	104.28292	127.47984	56.72324	48.27545	86.90812	106.68366	81.81015	82.78609	129.35154	89.58589	112.30742	87.4479	96.0032	70.6249	80.22863	104.6156	123.2715	62.11182	145.25263	81.61445	64.83709	50.08405	86.13343	118.4096	101.84243	125.50359	82.32596	80.07907	35.55919	63.93311	101.61934	116.30717	154.30238	113.98615	97.92573	89.19139	52.38974	63.72705	49.49212	83.52861	81.32053	63.35618	93.0837	66.78812	60.91683	61.00394	52.2371	72.2714	95.54331	54.25884	73.29886	118.43038	93.67478	81.979	121.16066	70.2362	49.7625	56.36736	32.17951	61.29341	73.20118	57.1316	62.61002	76.47777	97.99865	89.15911	94.89946	109.27942	69.53609	63.81005	80.82744	179.43643	145.42165	162.04177	185.68878	90.99972	82.70111	106.97589	78.42243	128.80209	191.96261	193.86723	224.41441	134.36416	206.54389	132.46109	52.90912	106.20976	88.07615	78.34379	88.34072	54.25359	61.87709	91.46732	97.68859	88.22802	120.88052	95.94023	189.44465	70.74028	42.47826	57.19659	29.4708	108.35819	114.26005	116.55074	75.12115	29.88405	54.90282	NA	NA	NA	NA	NA	NA	NA	NA	NA	NA	NA	NA	NA	NA	NA	NA	NA	NA	NA	NA	NA	NA	NA	NA	NA	NA	NA	NA	NA	NA	NA	NA	NA	NA	NA	NA	NA	NA	NA	NA	NA	NA	NA	NA	NA	NA	NA	NA	NA	NA	NA	NA	NA	NA	NA	NA	NA	NA	NA	NA	NA	NA	NA	NA	NA	NA	NA	NA	NA	NA	NA	NA	NA	NA	NA	NA	NA	NA	NA	NA	NA	NA	NA	NA	NA	NA	NA	NA	NA	NA	NA	NA	NA	NA	NA	NA	NA	NA	NA	NA	NA	NA	NA	NA	NA	NA	NA	NA	NA	NA	NA	NA	NA	NA	NA	NA	NA	NA	NA	NA	NA	NA	NA	NA	NA	NA	NA	NA	NA	NA	NA	NA	NA	NA	NA	NA	NA	NA	NA	NA	NA	NA	NA	NA	NA	NA	NA	NA	NA	NA	NA	NA	NA	NA	NA
GH59	26.00563	10.67827	18.84444	20.93085	32.51621	29.38619	23.08774	29.30214	42.28092	41.90493	30.43157	38.11653	33.70266	20.45861	NA	NA	NA	0.10375	0.07398	0.07444	0.15702	21.3854	2.60568	10.86977	50.21906	60.76952	56.99496	32.19482	21.79858	33.37203	28.49088	38.80969	21.63062	7.69533	25.59467	6.69954	11.97326	9.5241	5.48163	7.36011	6.52625	15.95155	9.75253	20.40022	22.49867	24.41182	23.77885	2.06764	0.64402	1.0077	0.10699	0.07018	0.2065	0.5739	12.0926	9.18142	9.61074	16.04637	14.64317	16.26025	14.10102	13.59321	16.63875	16.00583	22.72433	46.41358	33.44247	44.92605	25.22774	15.55711	15.67517	21.93804	22.22201	22.43885	22.65192	4.89767	6.28977	4.94952	6.82434	4.56066	7.2144	3.76635	10.64597	3.14432	29.86482	25.06233	24.33562	16.41743	13.82209	5.8332	6.08112	41.56001	38.24835	28.49536	9.80282	4.35186	10.79047	24.30578	19.26012	24.15265	21.18956	37.07832	31.88979	30.37053	18.77492	21.97673	41.04709	30.12797	32.09787	19.34429	2.16944	5.32369	15.94026	5.04545	4.93903	26.92488	20.51617	21.39101	10.99599	16.93372	21.14973	23.3516	17.86534	9.21997	8.37194	20.73627	49.07433	72.37813	4.64217	16.50653	51.09666	31.72725	15.44379	22.92521	36.55064	24.81724	20.47462	19.46701	7.7889	24.29001	14.48652	21.50485	21.18375	15.70643	0.39182	0.20767	1.07178	1.37922	6.04618	31.96749	53.66679	67.64644	5.47907	14.98618	21.30167	11.35046	11.12941	6.90866	29.36198	21.49974	28.5805	27.36522	46.38199	40.50401	3.17123	2.56091	23.78337	5.63075	12.00906	21.9429	16.56611	21.91332	4.48408	5.27168	7.60432	5.8901	10.15088	4.97553	29.9945	28.41838	2.2494	1.19122	6.75127	2.77843	16.73608	24.07416	22.71088	43.98918	10.1644	5.69596	9.31849	14.21741	1.78504	0.90335	1.38209	0.27297	NA	2.57672	1.70859	2.10312	18.60106	15.23287	33.68655	24.98727	0.24041	0.3934	0.1384	0.20301	15.48789	16.21147	28.0795	12.28915	12.83672	6.60366	29.55367	46.55286	21.06929	15.1668	27.04899	26.11129	20.56954	38.76632	NA	NA	NA	NA	NA	NA	NA	NA	NA	NA	NA	NA	NA	NA	NA	NA	NA	NA	NA	NA	NA	NA	NA	NA	NA	NA	NA	NA	NA	NA	NA	NA	NA	NA	NA	NA	NA	NA	NA	NA	NA	NA	NA	NA	NA	NA	NA	NA	NA	NA	NA	NA	NA	NA	NA	NA	NA	NA	NA	NA	NA	NA	NA	NA	NA	NA	NA	NA	NA	NA	NA	NA	NA	NA	NA	NA	NA	NA	NA	NA	NA	NA	NA	NA	NA	NA	NA	NA	NA	NA	NA	NA	NA	NA	NA	NA	NA	NA	NA	NA	NA	NA	NA	NA	NA	NA	NA	NA	NA	NA	NA	NA	NA	NA	NA	NA	NA	NA	NA	NA	NA	NA	NA	NA	NA	NA	NA	NA	NA	NA	NA	NA	NA	NA	NA	NA	NA	NA	NA	NA	NA	NA	NA	NA	NA	NA	NA	NA	NA	NA	NA	NA	NA	NA	NA
GH5_1	28.28724	9.99928	21.33743	21.54612	21.74781	28.10861	18.20294	22.2336	33.56561	27.32449	16.4815	24.17091	23.34571	12.98305	NA	NA	NA	NA	NA	NA	NA	25.89845	1.27632	6.68423	38.30009	45.38176	44.80678	31.68922	19.0238	25.61851	19.04663	30.08764	18.31184	2.92508	21.09146	NA	NA	NA	NA	NA	NA	14.21504	10.72257	12.37863	15.37748	16.16497	13.12684	NA	NA	NA	NA	NA	NA	NA	8.04991	9.33926	10.12431	13.89237	18.78871	20.06829	12.08246	11.83744	15.97729	9.22812	5.43379	29.79508	29.899	25.5592	17.11989	12.77435	14.24878	20.37017	13.94731	24.85637	19.54597	1.21067	4.18887	1.69853	3.38325	1.30011	2.04579	0.57932	14.57996	0.60179	26.37959	23.14353	14.13546	13.65146	5.59374	14.64369	11.21417	32.20233	35.84587	50.68101	5.08276	3.76956	2.74677	16.03295	12.36843	13.9405	10.92419	26.15683	18.26415	13.72696	12.00065	12.00493	23.8579	20.34777	17.05993	12.72771	NA	NA	12.69471	1.26365	3.76039	36.5249	21.40618	13.82024	7.12337	21.37443	28.56219	26.75798	35.53456	12.81621	6.12639	11.8943	24.0684	41.80406	5.02313	15.71948	42.85112	31.88818	8.53021	13.17211	17.9773	15.37563	35.98078	34.63193	1.72904	24.12235	14.42844	17.11393	21.28862	21.21021	0.05709	0.03876	NA	0.14624	3.65486	22.20907	42.81468	59.61111	2.40695	14.0197	8.50755	8.88836	10.92599	8.5983	36.25448	27.13165	22.39431	21.25977	43.6948	27.30538	0.12117	0.05623	26.3769	5.50007	10.4221	22.19026	11.0758	15.80285	1.95786	1.31645	4.82428	2.04439	8.56405	2.3864	26.0783	27.66261	NA	0.13539	6.63419	0.04704	11.44695	17.30637	21.75381	NA	12.96399	3.84508	15.20395	7.20677	0.09632	NA	NA	NA	NA	2.88928	NA	NA	16.05477	18.27949	33.49475	17.27129	0.19642	0.18195	0.10796	NA	14.17259	13.08838	30.87579	8.99867	8.01338	3.2082	22.47872	46.51501	10.53619	0.54717	15.7742	11.04122	15.20231	17.69317	NA	NA	NA	NA	NA	NA	NA	NA	NA	NA	NA	NA	NA	NA	NA	NA	NA	NA	NA	NA	NA	NA	NA	NA	NA	NA	NA	NA	NA	NA	NA	NA	NA	NA	NA	NA	NA	NA	NA	NA	NA	NA	NA	NA	NA	NA	NA	NA	NA	NA	NA	NA	NA	NA	NA	NA	NA	NA	NA	NA	NA	NA	NA	NA	NA	NA	NA	NA	NA	NA	NA	NA	NA	NA	NA	NA	NA	NA	NA	NA	NA	NA	NA	NA	NA	NA	NA	NA	NA	NA	NA	NA	NA	NA	NA	NA	NA	NA	NA	NA	NA	NA	NA	NA	NA	NA	NA	NA	NA	NA	NA	NA	NA	NA	NA	NA	NA	NA	NA	NA	NA	NA	NA	NA	NA	NA	NA	NA	NA	NA	NA	NA	NA	NA	NA	NA	NA	NA	NA	NA	NA	NA	NA	NA	NA	NA	NA	NA	NA	NA	NA	NA	NA	NA	NA
GH5_12	NA	NA	NA	NA	NA	NA	NA	NA	NA	NA	NA	NA	NA	NA	NA	NA	NA	NA	NA	NA	NA	NA	NA	NA	NA	NA	NA	NA	NA	NA	NA	NA	NA	NA	NA	NA	NA	NA	NA	0.29306	NA	NA	NA	NA	NA	NA	NA	NA	NA	0.22717	NA	NA	NA	NA	NA	NA	NA	NA	NA	NA	NA	NA	NA	NA	NA	NA	NA	NA	NA	NA	NA	NA	NA	NA	NA	NA	NA	NA	NA	NA	NA	NA	NA	NA	NA	NA	NA	NA	NA	NA	NA	NA	NA	NA	NA	NA	NA	NA	NA	NA	NA	NA	NA	NA	NA	NA	NA	NA	NA	NA	NA	NA	NA	NA	NA	NA	NA	NA	NA	NA	NA	NA	NA	NA	NA	NA	NA	NA	NA	NA	NA	NA	NA	NA	NA	NA	NA	NA	NA	NA	NA	NA	NA	NA	NA	NA	NA	NA	NA	NA	NA	NA	NA	NA	NA	NA	NA	NA	NA	NA	NA	NA	NA	NA	NA	NA	NA	NA	NA	NA	NA	NA	NA	NA	NA	NA	NA	NA	NA	NA	NA	NA	NA	NA	NA	NA	NA	NA	NA	NA	NA	NA	NA	NA	NA	NA	NA	NA	NA	NA	NA	NA	NA	NA	NA	NA	NA	NA	NA	NA	NA	NA	NA	NA	NA	NA	NA	NA	NA	NA	NA	NA	NA	NA	NA	NA	NA	NA	NA	NA	NA	NA	NA	NA	NA	NA	NA	NA	NA	NA	NA	NA	NA	NA	NA	NA	NA	NA	NA	NA	NA	NA	NA	NA	NA	NA	NA	NA	NA	NA	NA	NA	NA	NA	NA	NA	NA	NA	NA	NA	NA	NA	NA	NA	NA	NA	NA	NA	NA	NA	NA	NA	NA	NA	NA	NA	NA	NA	NA	NA	NA	NA	NA	NA	NA	NA	NA	NA	NA	NA	NA	NA	NA	NA	NA	NA	NA	NA	NA	NA	NA	NA	NA	NA	NA	NA	NA	NA	NA	NA	NA	NA	NA	NA	NA	NA	NA	NA	NA	NA	NA	NA	NA	NA	NA	NA	NA	NA	NA	NA	NA	NA	NA	NA	NA	NA	NA	NA	NA	NA	NA	NA	NA	NA	NA	NA	NA	NA	NA	NA	NA	NA	NA	NA	NA	NA	NA	NA	NA	NA	NA	NA	NA	NA	NA	NA	NA
GH5_13	3.21214	3.5081	3.51861	4.61347	2.82811	2.36974	3.63028	6.53617	4.95775	8.95224	11.21982	9.91534	9.27119	1.77545	58.43129	48.28317	67.23875	66.934	56.35335	20.83728	16.30666	10.09037	34.68422	16.80327	11.31359	14.23813	11.18363	14.79644	14.3467	12.33214	18.8572	19.84265	15.54951	20.07378	15.22387	24.05489	12.12649	22.91064	38.8628	28.87164	23.56745	18.48646	7.01389	5.01691	23.26971	7.69985	10.60061	15.84541	18.89432	15.8046	18.70175	24.15148	11.40594	20.40821	3.19096	4.8768	2.45884	2.21823	3.91369	1.3343	4.74424	3.66773	1.43146	4.81385	7.0259	6.10197	5.10349	3.14774	13.98634	15.93868	17.30865	4.84272	14.51165	11.57403	8.66099	9.68229	17.39777	5.29565	5.31088	10.22366	31.58086	31.22706	6.39724	5.71678	4.37658	3.83312	6.38983	5.89913	5.64767	51.72109	24.37717	29.65188	19.18652	10.42632	57.7562	28.10899	31.12335	28.35431	47.23619	8.72238	28.32471	31.87734	33.59308	2.24249	3.31489	12.87851	4.86785	11.82779	11.00757	5.10259	1.26234	1.00745	5.45189	2.07868	0.638	1.08794	1.44836	5.71509	7.6719	4.55741	4.72329	3.56598	13.39158	12.63145	6.78808	9.41118	7.12575	5.24766	1.56319	2.96579	4.54053	2.59763	5.76223	4.15901	3.52689	7.24616	6.7164	2.36528	4.58687	1.97601	8.13967	3.12247	3.95469	6.61097	31.59866	35.85262	42.46424	25.93331	18.86239	13.37417	13.74572	9.90525	5.83195	4.40039	5.77652	4.24229	41.43621	29.64234	17.27896	12.33871	8.28088	9.27027	4.00852	3.07792	46.47898	79.28331	14.62548	25.18004	16.1936	8.43741	4.39481	3.83206	8.80567	8.9612	11.397	8.29324	16.6875	19.16659	19.31462	22.11178	17.27457	17.42233	11.14883	18.0362	8.33411	11.22346	17.30858	NA	4.11171	3.45769	4.10327	5.53231	2.92722	1.37376	0.13775	NA	NA	1.94756	2.61065	0.61344	28.9688	16.7138	12.04122	8.43386	8.49677	13.43654	17.713	14.56807	3.67744	4.50086	4.15013	1.96878	5.53098	8.74312	7.64891	9.49642	23.15803	8.03261	56.90813	52.69226	8.98869	8.4637	NA	NA	NA	NA	NA	NA	NA	NA	NA	NA	NA	NA	NA	NA	NA	NA	NA	NA	NA	NA	NA	NA	NA	NA	NA	NA	NA	NA	NA	NA	NA	NA	NA	NA	NA	NA	NA	NA	NA	NA	NA	NA	NA	NA	NA	NA	NA	NA	NA	NA	NA	NA	NA	NA	NA	NA	NA	NA	NA	NA	NA	NA	NA	NA	NA	NA	NA	NA	NA	NA	NA	NA	NA	NA	NA	NA	NA	NA	NA	NA	NA	NA	NA	NA	NA	NA	NA	NA	NA	NA	NA	NA	NA	NA	NA	NA	NA	NA	NA	NA	NA	NA	NA	NA	NA	NA	NA	NA	NA	NA	NA	NA	NA	NA	NA	NA	NA	NA	NA	NA	NA	NA	NA	NA	NA	NA	NA	NA	NA	NA	NA	NA	NA	NA	NA	NA	NA	NA	NA	NA	NA	NA	NA	NA	NA	NA	NA	NA	NA	NA	NA	NA	NA	NA	NA
GH5_18	0.47109	0.20756	NA	NA	0.31679	1.62754	NA	0.3516	0.53685	0.18602	NA	0.18895	1.2098	NA	NA	NA	NA	NA	NA	NA	NA	2.65841	2.20614	4.72774	1.99966	2.91123	0.58381	1.65294	NA	NA	NA	NA	NA	NA	NA	0.0888	0.36187	1.10906	0.17955	0.36394	1.83027	NA	0.44747	0.57921	1.12302	1.39723	0.95155	4.73475	1.3557	4.8615	2.88154	0.82315	6.86393	1.71235	NA	NA	NA	NA	NA	NA	NA	2.34519	1.5851	2.04657	1.54924	2.3121	0.70822	5.74247	4.28492	1.76416	3.7077	8.45051	3.01573	4.23694	3.50858	0.09378	NA	0.18508	NA	NA	NA	NA	NA	0.177	0.19888	2.11774	2.18276	1.12017	0.43085	NA	0.5107	NA	0.18112	0.96416	3.78329	0.17678	NA	0.39	0.76844	0.5311	1.9119	0.19855	0.18887	NA	NA	NA	NA	NA	NA	NA	NA	NA	NA	NA	NA	NA	NA	NA	NA	NA	NA	NA	NA	NA	NA	NA	NA	NA	0.5388	0.55588	1.77683	0.35377	0.28823	0.1409	0.8115	1.02269	NA	NA	NA	0.2195	NA	NA	NA	NA	0.06914	NA	0.14049	NA	1.76284	3.52503	3.88001	1.41674	0.21132	0.07574	3.67259	2.54136	0.41048	1.27409	7.56713	4.99527	0.06679	0.14224	0.66865	1.16348	NA	NA	NA	NA	1.75086	1.74024	0.74061	1.05546	NA	NA	NA	NA	NA	NA	NA	NA	NA	NA	NA	NA	NA	NA	NA	NA	NA	NA	NA	NA	NA	NA	NA	1.01063	NA	0.2589	0.9009	0.90874	0.3466	0.89682	0.63987	0.67933	8.57428	6.21463	1.64531	1.31699	NA	NA	NA	NA	1.05565	0.71238	6.1931	6.01267	0.40806	1.46035	0.34167	1.27856	1.49166	0.71501	NA	NA	NA	NA	NA	NA	NA	NA	NA	NA	NA	NA	NA	NA	NA	NA	NA	NA	NA	NA	NA	NA	NA	NA	NA	NA	NA	NA	NA	NA	NA	NA	NA	NA	NA	NA	NA	NA	NA	NA	NA	NA	NA	NA	NA	NA	NA	NA	NA	NA	NA	NA	NA	NA	NA	NA	NA	NA	NA	NA	NA	NA	NA	NA	NA	NA	NA	NA	NA	NA	NA	NA	NA	NA	NA	NA	NA	NA	NA	NA	NA	NA	NA	NA	NA	NA	NA	NA	NA	NA	NA	NA	NA	NA	NA	NA	NA	NA	NA	NA	NA	NA	NA	NA	NA	NA	NA	NA	NA	NA	NA	NA	NA	NA	NA	NA	NA	NA	NA	NA	NA	NA	NA	NA	NA	NA	NA	NA	NA	NA	NA	NA	NA	NA	NA	NA	NA	NA	NA	NA	NA	NA	NA	NA	NA	NA	NA	NA	NA	NA	NA	NA	NA	NA	NA
GH5_2	150.92653	162.43012	133.48914	168.66116	165.93794	172.22323	148.17188	102.36587	127.54397	135.97263	119.98963	169.91006	147.01188	113.65077	110.97484	90.23088	82.6697	87.47858	61.16726	41.1538	19.58959	48.92373	97.98052	59.79678	102.56602	103.4183	84.72196	106.95655	83.62516	120.83166	112.9083	131.6243	105.05917	95.7945	109.75625	56.04027	98.92698	100.98807	67.91043	95.96096	105.5987	86.73508	80.92619	76.77574	112.85178	80.89943	80.26917	90.48901	55.79169	86.35194	60.29836	73.92665	87.26206	56.26345	141.05311	167.63986	180.84997	201.16687	184.87756	234.98006	144.19805	61.24017	97.63981	121.33083	137.37583	150.61124	119.44302	110.722	57.39246	55.36392	63.51159	69.63514	85.86317	61.85729	68.69411	28.3124	50.78732	42.36086	61.43438	40.02075	53.68403	38.11714	117.28523	95.08851	160.84144	171.51647	236.11955	133.95942	142.02445	137.45667	77.91806	165.69758	113.36482	112.65615	126.55765	61.94814	77.25874	90.88869	81.9878	89.28729	91.15552	84.61473	90.22717	104.16107	114.07273	161.31353	127.26419	136.6428	111.28709	103.55773	62.75292	58.54122	199.91905	51.87355	50.24362	85.07998	46.86768	115.71523	126.88939	181.4935	163.93719	194.44602	145.19599	53.18783	90.19587	99.60738	150.58421	172.09393	137.65239	167.91603	159.56599	213.80559	66.87783	100.51846	188.44548	167.59449	41.94678	60.83053	64.57146	83.37414	84.03077	80.22168	118.74904	157.92608	82.90584	107.86401	83.86191	66.48924	70.90275	104.76647	112.33512	116.90351	84.72192	140.64316	152.3244	94.86817	95.95709	67.1686	99.08214	77.23624	80.73793	88.06729	114.12692	96.21182	71.47133	66.33823	103.32828	93.96049	41.9837	55.89505	70.22308	69.39658	46.23076	36.05241	65.29835	61.15038	106.96361	84.27913	112.56088	114.9626	62.13299	115.6896	60.12109	62.19842	83.5474	144.15108	99.01879	129.79287	96.98339	83.5817	79.0539	63.89864	135.97176	177.66115	252.33241	231.26788	162.79183	217.46562	141.1508	77.28391	102.86233	98.82964	115.64523	137.52303	82.30269	88.0687	45.21563	33.2869	131.27403	123.3188	160.7422	202.42179	74.95254	52.27952	114.03687	79.11013	73.84694	47.78717	81.92143	92.39317	109.84632	120.10539	NA	NA	NA	NA	NA	NA	NA	NA	NA	NA	NA	NA	NA	NA	NA	NA	NA	NA	NA	NA	NA	NA	NA	NA	NA	NA	NA	NA	NA	NA	NA	NA	NA	NA	NA	NA	NA	NA	NA	NA	NA	NA	NA	NA	NA	NA	NA	NA	NA	NA	NA	NA	NA	NA	NA	NA	NA	NA	NA	NA	NA	NA	NA	NA	NA	NA	NA	NA	NA	NA	NA	NA	NA	NA	NA	NA	NA	NA	NA	NA	NA	NA	NA	NA	NA	NA	NA	NA	NA	NA	NA	NA	NA	NA	NA	NA	NA	NA	NA	NA	NA	NA	NA	NA	NA	NA	NA	NA	NA	NA	NA	NA	NA	NA	NA	NA	NA	NA	NA	NA	NA	NA	NA	NA	NA	NA	NA	NA	NA	NA	NA	NA	NA	NA	NA	NA	NA	NA	NA	NA	NA	NA	NA	NA	NA	NA	NA	NA	NA	NA	NA	NA	NA	NA	NA
GH5_21	79.0525	47.41025	5.7779	42.709	84.82825	51.13106	32.62939	6.50297	5.85147	18.64422	10.96248	7.75755	8.1242	2.78419	4.82445	0.53961	3.76822	1.56454	2.83093	1.58649	0.65071	1.25284	8.20559	3.92134	1.95727	4.41214	2.47619	3.7751	6.44308	3.09446	2.7386	4.69479	2.74402	7.50822	8.20589	7.32526	2.76395	5.12597	13.34834	9.82174	5.32548	2.35776	1.75508	1.42411	7.6375	0.3419	2.61289	2.19187	26.8426	2.16423	26.05632	3.00064	3.37278	15.90286	48.89359	101.21902	106.91657	108.58581	93.0829	94.59665	55.50244	NA	NA	NA	NA	NA	NA	NA	18.26547	10.80368	10.74804	1.37471	5.44434	5.08794	4.81875	1.86051	1.94843	0.18441	1.22143	0.88855	4.6848	4.87728	14.67032	21.34373	23.45979	19.7854	7.9281	13.88414	14.87832	20.1759	17.08234	16.45813	7.95102	4.42016	86.16553	17.41474	40.73307	28.9063	68.09167	72.5762	82.90106	93.92606	44.67527	7.92202	9.65606	22.60289	10.70595	19.01857	13.53722	8.04658	24.50012	25.0879	206.86469	29.14936	53.1671	17.14128	11.90629	68.76576	94.10039	93.82126	80.22783	211.82479	78.51916	1.84382	12.34058	13.74994	4.76696	2.66562	103.46352	143.07737	53.88202	207.43733	6.81631	6.51836	4.01918	5.95145	11.15022	15.17511	16.51427	23.81736	46.74443	17.17347	57.23239	106.42741	2.30095	8.19054	3.09403	1.04035	6.61936	3.24518	3.05736	1.31736	20.13216	9.43695	11.56922	10.67376	31.18582	19.69449	27.52634	15.4114	5.62256	6.71425	1.30281	3.55504	NA	NA	0.146	NA	14.53192	6.79729	31.44231	7.11858	1.20588	1.23204	3.11969	0.4113	4.10906	5.42139	4.04002	4.85033	5.29201	4.3111	2.82969	6.73213	32.95606	21.5459	41.531	43.616	7.72992	10.62989	36.9443	14.87357	94.66296	132.90319	184.3945	179.46898	63.42586	110.47466	48.66455	20.96821	10.25802	4.03382	5.23218	1.61826	3.20016	5.42298	5.54804	7.35923	47.65213	63.15773	62.29609	155.89304	0.07325	0.37006	0.15828	0.29884	51.60281	12.8003	40.25014	28.2861	4.23371	3.9697	NA	NA	NA	NA	NA	NA	NA	NA	NA	NA	NA	NA	NA	NA	NA	NA	NA	NA	NA	NA	NA	NA	NA	NA	NA	NA	NA	NA	NA	NA	NA	NA	NA	NA	NA	NA	NA	NA	NA	NA	NA	NA	NA	NA	NA	NA	NA	NA	NA	NA	NA	NA	NA	NA	NA	NA	NA	NA	NA	NA	NA	NA	NA	NA	NA	NA	NA	NA	NA	NA	NA	NA	NA	NA	NA	NA	NA	NA	NA	NA	NA	NA	NA	NA	NA	NA	NA	NA	NA	NA	NA	NA	NA	NA	NA	NA	NA	NA	NA	NA	NA	NA	NA	NA	NA	NA	NA	NA	NA	NA	NA	NA	NA	NA	NA	NA	NA	NA	NA	NA	NA	NA	NA	NA	NA	NA	NA	NA	NA	NA	NA	NA	NA	NA	NA	NA	NA	NA	NA	NA	NA	NA	NA	NA	NA	NA	NA	NA	NA	NA	NA	NA	NA	NA	NA
GH5_22	0.83674	0.20682	0.36541	0.70134	0.10714	0.18942	NA	0.77144	1.63379	0.73612	0.19686	0.97736	0.62864	2.85831	0.26521	0.12854	0.30177	0.53118	0.67675	0.69977	0.30259	2.39193	0.76832	1.952	0.59277	0.70434	0.09626	0.61626	0.70123	2.0122	1.48757	0.94692	1.55747	0.18885	2.72673	0.35141	0.92441	NA	0.26644	0.18002	0.60355	1.79515	0.34179	1.73555	0.26583	NA	0.28547	NA	0.20326	NA	NA	NA	NA	0.62882	0.20483	0.34027	1.34968	NA	0.63007	0.63277	0.33803	0.31269	0.17612	0.15902	NA	NA	0.26558	0.70095	0.60838	0.77637	0.83944	3.05833	1.8417	3.25508	0.2811	1.84359	0.5549	3.43328	0.64595	1.34314	3.33174	2.8207	1.51229	0.78765	0.69112	0.91878	0.3599	0.64943	0.77184	1.15752	1.22568	0.77908	4.15117	1.05645	2.97889	1.27412	0.17803	0.17945	0.47513	0.94255	0.09457	0.39284	0.28027	0.86402	1.83592	0.08945	0.09362	NA	NA	0.90773	0.24327	0.59464	0.65495	0.70964	1.2986	0.88876	0.64948	0.86017	0.46678	0.83475	0.66881	0.17992	0.35205	2.35389	0.59281	0.36259	NA	0.21476	0.19988	0.47476	0.59015	NA	1.11861	0.27877	0.8698	0.51404	1.71184	1.20962	1.30149	1.37532	1.37521	1.1272	1.15741	1.62387	0.64041	0.44031	0.37526	0.22276	0.21774	1.22865	0.515	1.65509	0.85007	0.44959	0.07063	0.5801	0.54794	1.0289	0.43997	0.61594	0.19821	NA	0.0735	0.07194	1.19603	0.54765	0.71498	0.39867	2.44974	0.25555	0.65847	0.52397	2.5102	4.05659	1.61381	1.33378	0.41539	0.1385	0.87574	0.50197	NA	NA	0.07234	0.18138	0.66608	NA	NA	NA	3.27318	3.03888	2.70124	1.95279	0.706	NA	NA	NA	NA	NA	0.16765	NA	0.40816	0.53997	1.13399	0.20162	NA	0.33309	NA	NA	0.41653	0.15198	0.14247	0.27945	0.99185	2.41813	4.58797	6.84657	1.34156	3.95911	0.394	0.55236	0.55438	0.35495	NA	NA	NA	NA	NA	NA	NA	NA	NA	NA	NA	NA	NA	NA	NA	NA	NA	NA	NA	NA	NA	NA	NA	NA	NA	NA	NA	NA	NA	NA	NA	NA	NA	NA	NA	NA	NA	NA	NA	NA	NA	NA	NA	NA	NA	NA	NA	NA	NA	NA	NA	NA	NA	NA	NA	NA	NA	NA	NA	NA	NA	NA	NA	NA	NA	NA	NA	NA	NA	NA	NA	NA	NA	NA	NA	NA	NA	NA	NA	NA	NA	NA	NA	NA	NA	NA	NA	NA	NA	NA	NA	NA	NA	NA	NA	NA	NA	NA	NA	NA	NA	NA	NA	NA	NA	NA	NA	NA	NA	NA	NA	NA	NA	NA	NA	NA	NA	NA	NA	NA	NA	NA	NA	NA	NA	NA	NA	NA	NA	NA	NA	NA	NA	NA	NA	NA	NA	NA	NA	NA	NA	NA	NA	NA	NA	NA	NA	NA	NA	NA	NA	NA	NA	NA	NA
GH5_25	NA	NA	NA	NA	NA	NA	NA	NA	NA	NA	NA	0.19602	NA	NA	0.20433	NA	NA	NA	NA	NA	NA	NA	NA	NA	NA	NA	NA	NA	NA	0.19168	0.39955	0.53762	0.26694	0.41801	NA	5.32619	3.59528	7.22977	6.63774	3.99994	6.50788	NA	NA	NA	NA	NA	NA	NA	NA	NA	NA	NA	NA	NA	NA	0.17909	NA	0.1766	0.37782	0.19031	0.18696	0.97687	0.46348	0.76137	0.9157	0.18521	2.4113	NA	0.38073	0.10047	0.20574	NA	NA	NA	NA	5.02623	2.68923	NA	0.20961	0.1947	0.22485	0.48165	NA	NA	NA	NA	NA	NA	NA	NA	NA	NA	NA	NA	NA	NA	NA	NA	NA	NA	NA	NA	NA	NA	NA	NA	NA	NA	NA	NA	NA	NA	0.40217	NA	NA	NA	NA	0.60363	0.29481	0.58472	0.40229	NA	1.21443	0.56713	0.13647	0.23142	0.08551	NA	NA	NA	NA	NA	0.07476	NA	0.15336	NA	0.29608	11.00354	0.50511	9.26705	0.87992	0.52255	1.236	0.71813	NA	NA	NA	NA	NA	NA	NA	NA	NA	NA	NA	NA	NA	NA	NA	NA	NA	NA	NA	NA	NA	NA	NA	NA	0.15156	0.1228	0.07626	0.24472	2.57928	0.69415	0.17197	0.15111	NA	NA	0.14838	NA	15.30512	15.39619	12.86335	9.51107	NA	0.14539	NA	NA	7.25986	1.74954	8.49645	4.54383	NA	NA	NA	NA	NA	NA	NA	NA	NA	NA	NA	NA	NA	NA	NA	NA	NA	NA	NA	NA	1.84011	1.14088	0.87128	0.37852	NA	NA	NA	NA	NA	NA	NA	NA	NA	NA	NA	NA	NA	NA	NA	NA	NA	NA	NA	NA	NA	NA	NA	NA	NA	NA	NA	NA	NA	NA	NA	NA	NA	NA	NA	NA	NA	NA	NA	NA	NA	NA	NA	NA	NA	NA	NA	NA	NA	NA	NA	NA	NA	NA	NA	NA	NA	NA	NA	NA	NA	NA	NA	NA	NA	NA	NA	NA	NA	NA	NA	NA	NA	NA	NA	NA	NA	NA	NA	NA	NA	NA	NA	NA	NA	NA	NA	NA	NA	NA	NA	NA	NA	NA	NA	NA	NA	NA	NA	NA	NA	NA	NA	NA	NA	NA	NA	NA	NA	NA	NA	NA	NA	NA	NA	NA	NA	NA	NA	NA	NA	NA	NA	NA	NA	NA	NA	NA	NA	NA	NA	NA	NA	NA	NA	NA	NA	NA	NA	NA	NA	NA	NA	NA	NA	NA	NA	NA	NA	NA	NA	NA	NA	NA	NA	NA	NA	NA	NA	NA	NA
GH5_26	NA	NA	NA	NA	NA	0.19499	NA	NA	0.09112	0.18944	0.20265	0.19242	0.18954	NA	0.46063	0.11163	NA	0.21569	NA	NA	NA	NA	NA	NA	NA	NA	NA	NA	NA	0.37491	NA	NA	0.17403	0.38881	0.18452	NA	NA	NA	NA	NA	NA	NA	10.26485	1.98083	4.51396	NA	7.675	3.92862	26.68248	11.43244	10.21718	15.88468	1.36191	12.75684	2.23401	2.38651	0.21956	1.22751	0.77066	0.33088	1.9503	0.07961	NA	0.36247	0.1753	0.36225	0.54093	0.3655	0.18368	0.18912	NA	NA	NA	NA	0.19314	NA	NA	NA	NA	NA	NA	NA	NA	NA	NA	NA	NA	NA	NA	NA	NA	NA	NA	NA	NA	NA	NA	NA	NA	NA	NA	NA	NA	0.40994	0.41261	0.36436	0.34614	0.39211	0.8569	0.12283	NA	NA	NA	NA	NA	NA	NA	NA	NA	NA	NA	NA	NA	1.20167	0.74228	0.2225	0.15907	0.0876	0.06859	NA	NA	NA	NA	NA	0.15026	NA	2.92532	0.35373	16.80963	0.26495	NA	0.08479	NA	0.14007	NA	0.17681	0.34137	NA	NA	NA	NA	NA	NA	NA	NA	NA	NA	NA	NA	NA	NA	NA	NA	NA	NA	NA	NA	0.47173	0.21397	0.15732	NA	0.33674	NA	NA	NA	NA	NA	0.14258	0.14511	0.22146	NA	NA	NA	NA	NA	NA	NA	NA	0.08216	NA	0.08443	NA	NA	NA	NA	NA	NA	NA	NA	NA	28.61796	21.91801	1.11671	5.57313	3.42273	11.126	9.68085	10.1867	1.96385	0.64205	0.52319	0.34095	0.07167	0.14509	0.15383	NA	NA	NA	NA	NA	NA	0.21505	NA	NA	NA	NA	NA	NA	NA	NA	NA	NA	NA	NA	NA	NA	NA	NA	NA	NA	NA	NA	NA	NA	NA	NA	NA	NA	NA	NA	NA	NA	NA	NA	NA	NA	NA	NA	NA	NA	NA	NA	NA	NA	NA	NA	NA	NA	NA	NA	NA	NA	NA	NA	NA	NA	NA	NA	NA	NA	NA	NA	NA	NA	NA	NA	NA	NA	NA	NA	NA	NA	NA	NA	NA	NA	NA	NA	NA	NA	NA	NA	NA	NA	NA	NA	NA	NA	NA	NA	NA	NA	NA	NA	NA	NA	NA	NA	NA	NA	NA	NA	NA	NA	NA	NA	NA	NA	NA	NA	NA	NA	NA	NA	NA	NA	NA	NA	NA	NA	NA	NA	NA	NA	NA	NA	NA	NA	NA	NA	NA	NA	NA	NA	NA	NA	NA	NA	NA	NA	NA	NA	NA	NA	NA	NA	NA	NA	NA	NA	NA	NA	NA	NA	NA	NA	NA
GH5_36	NA	NA	NA	NA	NA	NA	NA	0.34118	0.3473	0.1783	NA	0.73564	NA	0.1769	NA	NA	NA	NA	NA	NA	NA	NA	NA	NA	NA	NA	NA	NA	NA	NA	NA	NA	NA	NA	0.17549	NA	NA	NA	NA	NA	NA	NA	NA	NA	NA	NA	NA	NA	NA	NA	NA	NA	NA	NA	NA	NA	NA	NA	NA	NA	NA	0.22664	NA	NA	NA	NA	0.08696	1.30495	NA	NA	NA	NA	NA	NA	NA	0.18165	NA	NA	NA	NA	NA	NA	0.17664	NA	NA	NA	NA	0.17894	0.33679	0.35042	0.40132	0.26058	0.17791	0.56365	NA	NA	NA	NA	NA	NA	NA	NA	NA	NA	NA	NA	NA	NA	NA	NA	NA	NA	NA	NA	0.1786	NA	NA	0.18456	0.27808	NA	NA	NA	NA	NA	NA	NA	NA	NA	NA	NA	NA	NA	0.90814	0.06752	NA	0.06535	0.13221	NA	NA	NA	NA	NA	NA	NA	NA	NA	NA	NA	NA	NA	NA	NA	NA	0.1447	0.06937	0.14092	NA	NA	NA	NA	NA	NA	NA	NA	NA	NA	NA	NA	NA	NA	NA	NA	NA	NA	NA	NA	NA	NA	0.13801	NA	NA	NA	NA	NA	NA	NA	NA	NA	NA	0.1376	NA	NA	NA	NA	NA	NA	NA	NA	NA	NA	NA	NA	NA	NA	NA	NA	NA	NA	NA	NA	NA	NA	0.06913	0.13656	NA	0.06837	NA	NA	NA	NA	NA	NA	NA	NA	NA	NA	NA	NA	NA	NA	NA	NA	NA	NA	NA	NA	NA	NA	NA	NA	NA	NA	NA	NA	NA	NA	NA	NA	NA	NA	NA	NA	NA	NA	NA	NA	NA	NA	NA	NA	NA	NA	NA	NA	NA	NA	NA	NA	NA	NA	NA	NA	NA	NA	NA	NA	NA	NA	NA	NA	NA	NA	NA	NA	NA	NA	NA	NA	NA	NA	NA	NA	NA	NA	NA	NA	NA	NA	NA	NA	NA	NA	NA	NA	NA	NA	NA	NA	NA	NA	NA	NA	NA	NA	NA	NA	NA	NA	NA	NA	NA	NA	NA	NA	NA	NA	NA	NA	NA	NA	NA	NA	NA	NA	NA	NA	NA	NA	NA	NA	NA	NA	NA	NA	NA	NA	NA	NA	NA	NA	NA	NA	NA	NA	NA	NA	NA	NA	NA	NA	NA	NA	NA	NA	NA	NA	NA	NA	NA	NA	NA	NA	NA	NA	NA	NA	NA
GH5_37	38.03867	29.49308	29.78391	37.95118	38.758	60.71881	39.61435	37.60364	47.98382	59.10546	30.38527	55.42986	58.71381	27.7469	NA	NA	NA	NA	NA	NA	NA	31.55435	3.43443	13.38964	58.18551	80.09008	63.57423	37.34418	24.68515	34.05059	36.04968	54.01787	29.90327	14.89462	36.09915	0.96244	2.40073	2.3611	1.09029	3.61387	3.47586	18.82197	22.55219	22.54502	31.43933	32.12479	37.57604	1.28634	0.49412	1.82459	0.57709	5.68121	2.60486	0.44289	23.2583	12.55292	11.37838	18.72281	18.45553	26.54601	24.3271	14.8485	22.95769	20.23313	12.81285	78.52178	62.40726	68.12471	24.13409	15.83757	20.60165	27.08986	24.82202	31.28466	22.28747	2.92039	5.51802	2.39378	10.41828	8.01013	8.39999	6.16111	25.92551	8.65769	58.56873	48.96173	78.07785	45.8571	32.84962	9.38074	6.85883	52.31383	34.30863	30.92602	9.99231	8.12129	8.75948	16.76044	21.1668	28.06364	30.32057	21.93466	17.10904	30.07546	27.03064	27.47954	48.08533	44.39757	45.91218	26.79333	1.61509	1.46029	11.48221	4.42333	0.28485	16.43623	12.18096	14.63108	6.16571	12.04885	20.14355	20.29154	27.853	9.50124	7.96226	22.78485	38.38275	51.39056	8.05159	23.58862	58.37791	39.4589	19.99954	28.62726	65.519	43.76464	9.27638	15.77841	1.57386	17.0175	10.62524	15.59282	17.12727	13.03346	NA	NA	0.35832	0.15403	7.9572	29.77498	53.1337	79.85717	14.28502	41.4523	25.48644	21.21809	17.61698	12.41341	47.75088	33.44029	22.47128	28.16847	32.06607	28.29582	1.29851	0.55469	22.73639	11.42421	12.43342	22.0579	16.4921	26.6276	4.7134	8.09503	11.64228	5.02444	14.29586	7.50781	34.71428	35.15166	0.37407	0.55789	7.05509	0.90238	13.0288	37.7429	20.84325	NA	14.08617	4.6681	14.12956	10.10296	0.37845	NA	0.05879	NA	NA	2.97362	0.97481	0.20677	22.2682	32.12477	54.51109	46.91889	1.55627	1.56126	0.72645	0.5537	33.65574	26.64908	33.92437	13.72764	34.74083	14.29068	74.42636	61.54553	10.78078	2.37481	11.4817	12.12981	39.54899	51.57804	NA	NA	NA	NA	NA	NA	NA	NA	NA	NA	NA	NA	NA	NA	NA	NA	NA	NA	NA	NA	NA	NA	NA	NA	NA	NA	NA	NA	NA	NA	NA	NA	NA	NA	NA	NA	NA	NA	NA	NA	NA	NA	NA	NA	NA	NA	NA	NA	NA	NA	NA	NA	NA	NA	NA	NA	NA	NA	NA	NA	NA	NA	NA	NA	NA	NA	NA	NA	NA	NA	NA	NA	NA	NA	NA	NA	NA	NA	NA	NA	NA	NA	NA	NA	NA	NA	NA	NA	NA	NA	NA	NA	NA	NA	NA	NA	NA	NA	NA	NA	NA	NA	NA	NA	NA	NA	NA	NA	NA	NA	NA	NA	NA	NA	NA	NA	NA	NA	NA	NA	NA	NA	NA	NA	NA	NA	NA	NA	NA	NA	NA	NA	NA	NA	NA	NA	NA	NA	NA	NA	NA	NA	NA	NA	NA	NA	NA	NA	NA	NA	NA	NA	NA	NA	NA
GH5_38	1.02347	1.69103	1.3119	0.35158	1.05148	0.77998	2.80447	5.172	0.80996	2.10493	1.97967	1.36554	2.52452	0.97814	18.51841	15.33847	11.08616	18.23765	26.60627	5.61634	3.31017	0.71303	2.95565	2.06057	1.71964	3.57044	2.29007	3.24196	3.85236	3.24837	2.47757	1.18102	3.40257	2.93769	2.53859	5.13608	5.13724	5.51445	13.01173	10.6693	6.38418	2.75168	0.72911	0.96124	1.01659	0.6324	1.61566	4.37007	10.27797	2.00737	2.52431	1.82145	1.53208	7.92259	2.67164	2.32884	0.82333	0.07676	0.66796	0.24815	1.30256	1.27376	NA	1.04296	1.55673	0.88393	0.55941	0.48655	0.61762	2.02384	0.24692	NA	1.19826	0.96121	0.94733	3.14087	1.79027	0.33507	1.55978	2.68765	2.97449	4.81355	6.57443	8.61713	1.98035	2.06401	1.81286	3.78338	5.83856	NA	NA	NA	NA	NA	NA	NA	4.07269	4.94254	3.21722	5.84928	1.99031	2.96557	3.93239	3.66181	3.96225	4.72506	4.50427	0.90539	3.90005	6.0206	NA	NA	0.61181	NA	NA	NA	NA	1.04945	4.18575	0.16791	0.87426	0.65854	1.53017	2.62211	3.21616	4.41458	1.60241	1.84589	1.76803	2.79387	0.80422	0.76859	2.34485	2.51121	0.79943	1.3574	5.57565	1.0517	5.51988	2.1169	0.6249	0.76305	0.66795	1.1828	11.16142	10.87881	10.30889	11.67126	4.98943	3.38718	2.68588	1.73133	3.88965	5.28086	2.36553	4.25683	NA	NA	NA	NA	1.33005	4.89301	2.01761	2.83052	2.02541	2.28434	2.85176	2.92902	0.87348	1.36068	2.4819	0.94628	2.20568	2.53357	1.15098	2.2755	1.77585	1.82102	0.90291	0.91864	5.49257	5.25573	2.8017	6.5135	2.72341	1.57983	1.39854	NA	1.97065	1.13311	0.96659	1.52168	1.24654	1.89659	0.06013	NA	NA	1.42649	0.44547	0.64192	0.69025	1.75897	2.50997	1.80386	2.2091	1.42187	1.98584	2.44397	1.07304	4.40244	0.7822	0.1287	0.63707	0.25795	0.54429	0.25855	5.10989	4.6616	4.33006	1.86469	0.33757	1.45631	NA	NA	NA	NA	NA	NA	NA	NA	NA	NA	NA	NA	NA	NA	NA	NA	NA	NA	NA	NA	NA	NA	NA	NA	NA	NA	NA	NA	NA	NA	NA	NA	NA	NA	NA	NA	NA	NA	NA	NA	NA	NA	NA	NA	NA	NA	NA	NA	NA	NA	NA	NA	NA	NA	NA	NA	NA	NA	NA	NA	NA	NA	NA	NA	NA	NA	NA	NA	NA	NA	NA	NA	NA	NA	NA	NA	NA	NA	NA	NA	NA	NA	NA	NA	NA	NA	NA	NA	NA	NA	NA	NA	NA	NA	NA	NA	NA	NA	NA	NA	NA	NA	NA	NA	NA	NA	NA	NA	NA	NA	NA	NA	NA	NA	NA	NA	NA	NA	NA	NA	NA	NA	NA	NA	NA	NA	NA	NA	NA	NA	NA	NA	NA	NA	NA	NA	NA	NA	NA	NA	NA	NA	NA	NA	NA	NA	NA	NA	NA	NA	NA	NA	NA	NA	NA
GH5_4	198.31834	107.77924	76.41035	150.58346	248.39075	209.95274	130.02115	147.19685	183.68579	167.57752	143.6766	173.63907	151.00238	87.10975	169.6144	159.75425	75.63215	124.45774	79.79052	62.89185	47.38234	135.45042	81.75835	74.54006	198.50888	243.7773	233.45654	167.02143	137.48252	167.9053	167.96309	193.1768	152.25824	66.85067	186.73127	12.82121	19.23005	34.27988	23.43436	30.2018	32.36435	114.18373	49.85381	75.79987	90.67612	77.18144	91.72024	14.11395	50.10431	26.07068	21.58219	23.31411	8.78611	24.96027	198.80401	323.20072	297.98227	364.47582	334.28829	355.9333	234.66678	59.07246	80.57997	74.94465	94.94347	221.53902	180.3329	163.17142	122.06242	106.68128	110.75933	124.73506	111.93135	122.97117	125.15063	24.10584	38.34374	9.62437	42.6751	31.24724	36.54055	38.91176	95.72185	54.56751	193.79097	156.12441	157.68021	109.69092	105.41076	113.69845	62.1783	174.82579	115.7915	97.04357	167.12444	64.34692	54.69353	120.56778	109.00642	103.52995	85.99174	162.3687	133.41393	173.94528	128.82911	157.0806	192.72415	196.45446	175.57612	122.2092	41.70749	23.32799	297.08414	40.87272	63.87881	237.81659	111.29052	157.00284	140.51635	181.12189	165.35824	320.61398	236.34454	47.92457	88.12789	150.1694	204.0836	299.55168	185.54665	249.24668	263.24733	382.6761	133.11907	119.42285	189.20207	157.25961	153.96464	184.041	66.43267	169.41262	136.32922	88.30125	146.52385	209.21522	87.70823	162.14238	128.05719	71.08534	93.01091	148.78387	280.63531	303.29284	65.68201	134.31202	126.58794	109.68094	141.27014	86.76454	251.9598	196.09412	100.21176	127.79548	172.39906	162.20845	64.15804	45.93537	112.40746	103.84504	79.47229	111.65028	112.6096	106.51449	45.15593	28.32746	50.04546	31.0819	80.82894	62.17647	197.40032	187.78737	33.91907	33.89354	63.31156	26.79212	151.69368	226.60338	194.95431	223.18858	94.16701	67.92764	103.95765	71.79059	185.70598	272.23704	350.79447	338.6424	122.80676	398.59633	209.45642	78.39494	119.01056	96.82935	155.15793	105.121	9.87233	20.25339	21.69365	23.23546	163.46713	180.9129	257.40813	363.19009	64.94231	39.41442	185.42664	329.40797	87.69858	14.33917	122.66093	85.49793	90.96596	167.59474	NA	NA	NA	NA	NA	NA	NA	NA	NA	NA	NA	NA	NA	NA	NA	NA	NA	NA	NA	NA	NA	NA	NA	NA	NA	NA	NA	NA	NA	NA	NA	NA	NA	NA	NA	NA	NA	NA	NA	NA	NA	NA	NA	NA	NA	NA	NA	NA	NA	NA	NA	NA	NA	NA	NA	NA	NA	NA	NA	NA	NA	NA	NA	NA	NA	NA	NA	NA	NA	NA	NA	NA	NA	NA	NA	NA	NA	NA	NA	NA	NA	NA	NA	NA	NA	NA	NA	NA	NA	NA	NA	NA	NA	NA	NA	NA	NA	NA	NA	NA	NA	NA	NA	NA	NA	NA	NA	NA	NA	NA	NA	NA	NA	NA	NA	NA	NA	NA	NA	NA	NA	NA	NA	NA	NA	NA	NA	NA	NA	NA	NA	NA	NA	NA	NA	NA	NA	NA	NA	NA	NA	NA	NA	NA	NA	NA	NA	NA	NA	NA	NA	NA	NA	NA	NA
GH5_41	NA	NA	NA	NA	NA	NA	NA	NA	NA	NA	NA	NA	NA	NA	NA	NA	NA	NA	NA	0.09594	0.90248	NA	NA	NA	NA	NA	NA	NA	NA	NA	NA	NA	0.18189	NA	NA	NA	NA	NA	NA	NA	NA	NA	NA	NA	NA	NA	NA	NA	NA	NA	NA	NA	NA	NA	NA	0.09152	1.45795	0.22028	0.38654	0.44664	0.31266	NA	NA	NA	NA	NA	NA	NA	NA	NA	NA	NA	NA	NA	NA	NA	NA	NA	NA	NA	NA	NA	NA	0.41285	NA	NA	NA	NA	NA	NA	NA	NA	NA	NA	NA	NA	NA	NA	NA	NA	NA	NA	NA	NA	NA	NA	NA	NA	NA	NA	NA	NA	NA	NA	NA	NA	NA	NA	NA	NA	NA	NA	NA	NA	NA	NA	NA	NA	NA	NA	NA	NA	0.15354	NA	NA	NA	0.40906	NA	NA	NA	NA	NA	NA	NA	NA	NA	NA	NA	NA	NA	NA	NA	NA	NA	NA	NA	NA	NA	NA	NA	NA	NA	NA	NA	NA	NA	NA	NA	NA	NA	NA	NA	0.24337	NA	NA	NA	0.08352	0.33898	0.11087	NA	NA	NA	NA	NA	NA	NA	NA	NA	NA	NA	NA	NA	NA	NA	NA	NA	NA	NA	NA	NA	NA	NA	NA	NA	NA	NA	NA	NA	0.11008	0.3236	0.3345	0.1917	NA	NA	NA	NA	NA	NA	NA	NA	NA	NA	NA	NA	NA	NA	NA	NA	NA	NA	NA	NA	NA	NA	NA	NA	NA	NA	NA	NA	NA	NA	NA	NA	NA	NA	NA	NA	NA	NA	NA	NA	NA	NA	NA	NA	NA	NA	NA	NA	NA	NA	NA	NA	NA	NA	NA	NA	NA	NA	NA	NA	NA	NA	NA	NA	NA	NA	NA	NA	NA	NA	NA	NA	NA	NA	NA	NA	NA	NA	NA	NA	NA	NA	NA	NA	NA	NA	NA	NA	NA	NA	NA	NA	NA	NA	NA	NA	NA	NA	NA	NA	NA	NA	NA	NA	NA	NA	NA	NA	NA	NA	NA	NA	NA	NA	NA	NA	NA	NA	NA	NA	NA	NA	NA	NA	NA	NA	NA	NA	NA	NA	NA	NA	NA	NA	NA	NA	NA	NA	NA	NA	NA	NA	NA	NA	NA	NA	NA	NA	NA	NA	NA	NA	NA	NA	NA	NA	NA	NA	NA	NA	NA	NA	NA	NA	NA
GH5_44	11.47017	7.66962	18.50563	19.32776	16.2538	23.52154	8.75334	10.47707	19.78104	10.94629	19.96746	22.16176	35.6042	30.6345	20.23044	16.88232	35.20807	16.55089	18.14811	45.87906	72.78622	22.33896	17.98552	24.44058	9.03805	11.07626	9.99032	18.37591	4.14352	6.40673	8.13016	9.3873	5.96867	7.73159	8.19149	21.95827	32.86162	22.2505	33.69492	29.67929	38.84443	5.00707	11.47975	18.65334	12.71472	20.8348	12.58875	7.82361	8.43152	9.13341	11.41217	9.01068	16.91673	11.55836	7.12024	2.79777	3.65866	4.84005	7.00008	4.80395	6.05284	13.15259	24.64995	11.79192	17.81694	15.12466	13.0162	21.28849	34.7835	33.49948	13.21075	35.7997	19.40848	36.54569	35.12485	4.25633	3.45473	19.76854	15.18842	21.48755	4.80646	5.97921	8.9259	6.68794	5.95774	5.02795	7.95545	5.41448	4.91919	4.60669	4.98078	2.49513	5.3851	4.11756	6.32248	2.90984	2.12711	8.12446	11.86648	9.32734	13.33998	6.12268	3.42526	5.07491	9.30019	7.92022	6.67465	9.45965	12.87489	7.40789	1.82063	10.02887	9.00937	15.16898	10.03589	10.05823	4.58434	7.10573	3.72646	11.68788	10.12281	8.97841	17.83789	3.67033	3.70202	4.62821	10.35384	15.15958	9.97741	8.2466	14.59603	11.94933	10.2018	9.39557	19.91084	17.82213	2.54934	3.91574	2.45435	4.19313	7.25927	11.10828	7.19957	6.59204	17.44926	15.07983	3.68872	13.60469	14.99365	18.83158	9.5803	8.43679	8.99518	3.49701	10.39384	5.07669	2.56393	4.29474	8.74578	8.95946	7.20261	6.55304	10.89113	18.23138	12.85873	9.05988	6.70024	2.92038	27.28579	26.27773	19.26947	14.38351	18.43155	9.72339	12.34446	16.15372	6.27516	3.95965	3.53287	3.63395	11.33513	17.76988	27.22634	22.08105	1.84379	2.15202	1.77909	NA	2.81035	2.48913	0.91556	0.57678	6.03117	1.42463	0.68744	2.43115	NA	1.19216	2.0328	3.36957	9.7532	9.34232	15.28782	10.45708	23.08309	20.71943	8.47862	5.84199	12.72557	3.20523	4.80475	4.45949	12.67509	14.76824	21.35132	20.42634	5.79793	8.13249	5.50843	10.20953	17.1599	17.89668	NA	NA	NA	NA	NA	NA	NA	NA	NA	NA	NA	NA	NA	NA	NA	NA	NA	NA	NA	NA	NA	NA	NA	NA	NA	NA	NA	NA	NA	NA	NA	NA	NA	NA	NA	NA	NA	NA	NA	NA	NA	NA	NA	NA	NA	NA	NA	NA	NA	NA	NA	NA	NA	NA	NA	NA	NA	NA	NA	NA	NA	NA	NA	NA	NA	NA	NA	NA	NA	NA	NA	NA	NA	NA	NA	NA	NA	NA	NA	NA	NA	NA	NA	NA	NA	NA	NA	NA	NA	NA	NA	NA	NA	NA	NA	NA	NA	NA	NA	NA	NA	NA	NA	NA	NA	NA	NA	NA	NA	NA	NA	NA	NA	NA	NA	NA	NA	NA	NA	NA	NA	NA	NA	NA	NA	NA	NA	NA	NA	NA	NA	NA	NA	NA	NA	NA	NA	NA	NA	NA	NA	NA	NA	NA	NA	NA	NA	NA	NA	NA	NA	NA	NA	NA	NA
GH5_46	3.59312	3.06568	3.959	6.06238	4.18634	4.26069	7.66861	13.79726	15.87721	14.67879	18.85761	15.79661	11.47255	7.28548	56.86876	52.85213	15.28466	32.40803	23.29108	10.83035	4.33488	8.24601	18.91855	14.65708	10.48186	3.73465	5.59941	9.03357	16.33253	11.67634	15.34046	13.17923	16.48165	12.84132	19.17273	2.70512	6.7047	7.83329	5.16725	5.05358	4.90169	18.11111	7.17031	2.73335	5.54029	0.67203	6.66127	3.77943	18.72731	6.45975	8.96389	9.21478	3.33658	10.38971	2.39559	1.61035	0.69985	0.96934	2.13915	1.1263	2.18508	4.46355	2.57046	7.88771	15.35705	11.32011	7.1406	3.9765	4.99663	13.39374	2.90989	4.60446	4.01786	4.8721	5.59133	8.39909	11.4527	4.12219	11.39798	10.7236	11.17142	17.67733	13.90033	15.25697	10.48426	10.20639	3.84411	7.81	17.53114	11.39417	9.02753	8.91121	4.66141	4.6013	31.16363	5.40778	7.46371	9.27745	5.0397	5.78935	1.76756	4.67064	11.05915	24.76867	29.98163	35.01252	23.01841	19.94723	21.39778	23.63852	13.19974	7.96025	1.89949	10.31763	8.01769	9.72479	2.48492	2.81691	3.09704	1.61514	2.82121	0.69617	2.76439	3.9221	25.52971	27.19808	21.87749	22.96764	2.16617	4.29044	3.26799	2.90402	25.04714	14.88728	11.0704	15.02468	20.06418	18.8147	16.86032	15.93941	5.65313	1.58308	2.33463	2.98014	23.40355	42.41325	33.94076	21.39286	17.5173	11.61623	18.53932	10.70587	20.29007	21.56067	15.77366	23.67608	11.22938	5.79033	8.48677	7.55887	1.91004	2.68523	1.93895	5.61143	16.65444	6.07848	18.07512	29.168	5.17174	1.62814	1.91912	0.56679	13.11252	9.80985	15.78898	7.2191	12.19825	8.75916	17.98932	10.05345	11.52077	12.81286	10.45184	9.09492	21.02469	26.19474	23.94775	12.83809	20.56186	16.46625	21.41942	13.32457	4.14028	3.20571	0.43582	0.29507	NA	0.68224	NA	NA	22.68892	17.06746	0.93626	6.02914	2.74478	7.16419	7.9362	8.85764	2.26832	1.84594	0.73722	0.61702	3.97533	5.29477	7.33767	4.95087	8.03038	2.89264	9.01895	4.02402	0.20577	0.85588	NA	NA	NA	NA	NA	NA	NA	NA	NA	NA	NA	NA	NA	NA	NA	NA	NA	NA	NA	NA	NA	NA	NA	NA	NA	NA	NA	NA	NA	NA	NA	NA	NA	NA	NA	NA	NA	NA	NA	NA	NA	NA	NA	NA	NA	NA	NA	NA	NA	NA	NA	NA	NA	NA	NA	NA	NA	NA	NA	NA	NA	NA	NA	NA	NA	NA	NA	NA	NA	NA	NA	NA	NA	NA	NA	NA	NA	NA	NA	NA	NA	NA	NA	NA	NA	NA	NA	NA	NA	NA	NA	NA	NA	NA	NA	NA	NA	NA	NA	NA	NA	NA	NA	NA	NA	NA	NA	NA	NA	NA	NA	NA	NA	NA	NA	NA	NA	NA	NA	NA	NA	NA	NA	NA	NA	NA	NA	NA	NA	NA	NA	NA	NA	NA	NA	NA	NA	NA	NA	NA	NA	NA	NA	NA	NA	NA	NA	NA	NA	NA	NA	NA	NA	NA	NA
GH5_49	NA	NA	NA	NA	NA	NA	NA	NA	NA	NA	NA	NA	NA	NA	NA	NA	NA	NA	NA	NA	NA	NA	NA	NA	NA	NA	NA	NA	NA	NA	NA	NA	NA	NA	NA	NA	NA	NA	NA	NA	NA	NA	NA	NA	NA	NA	NA	NA	NA	0.34075	NA	NA	NA	NA	NA	NA	NA	NA	NA	NA	NA	NA	NA	NA	NA	NA	NA	NA	NA	NA	NA	NA	NA	NA	NA	NA	NA	NA	NA	NA	NA	NA	NA	NA	NA	NA	NA	NA	NA	NA	NA	NA	NA	NA	NA	NA	NA	NA	NA	NA	NA	NA	NA	NA	NA	NA	NA	NA	NA	NA	NA	NA	NA	NA	NA	NA	NA	NA	NA	NA	NA	NA	NA	NA	NA	NA	NA	NA	NA	NA	NA	NA	NA	NA	NA	NA	NA	NA	NA	NA	NA	NA	NA	NA	NA	NA	NA	NA	NA	NA	NA	NA	NA	NA	NA	NA	NA	NA	NA	NA	NA	NA	NA	NA	NA	NA	NA	NA	NA	NA	NA	NA	NA	NA	NA	NA	NA	NA	NA	NA	NA	NA	NA	NA	NA	NA	NA	NA	NA	NA	NA	NA	NA	NA	NA	NA	NA	NA	NA	NA	NA	NA	NA	NA	NA	NA	NA	NA	NA	NA	NA	NA	NA	NA	NA	NA	NA	NA	NA	NA	NA	NA	NA	NA	NA	NA	NA	NA	NA	NA	NA	NA	NA	NA	NA	NA	NA	NA	NA	NA	NA	NA	NA	NA	NA	NA	NA	NA	NA	NA	NA	NA	NA	NA	NA	NA	NA	NA	NA	NA	NA	NA	NA	NA	NA	NA	NA	NA	NA	NA	NA	NA	NA	NA	NA	NA	NA	NA	NA	NA	NA	NA	NA	NA	NA	NA	NA	NA	NA	NA	NA	NA	NA	NA	NA	NA	NA	NA	NA	NA	NA	NA	NA	NA	NA	NA	NA	NA	NA	NA	NA	NA	NA	NA	NA	NA	NA	NA	NA	NA	NA	NA	NA	NA	NA	NA	NA	NA	NA	NA	NA	NA	NA	NA	NA	NA	NA	NA	NA	NA	NA	NA	NA	NA	NA	NA	NA	NA	NA	NA	NA	NA	NA	NA	NA	NA	NA	NA	NA	NA	NA	NA	NA	NA	NA	NA	NA	NA	NA	NA	NA	NA	NA	NA	NA	NA	NA
GH5_5	11.19414	7.36569	9.21426	12.04159	6.48564	2.31403	7.90604	5.04865	1.62736	3.72346	1.15511	2.802	4.60482	1.25503	68.82829	57.35325	69.59065	73.25874	64.11812	23.59221	22.57702	5.6099	15.67395	11.21797	5.64004	7.83252	4.42668	13.26136	13.69171	11.27138	13.82158	15.37893	17.10212	9.22242	11.02329	0.63073	1.28512	0.60594	0.31882	0.48467	0.61903	19.29249	1.10979	1.81931	6.62504	1.7704	2.23442	8.07092	11.23495	9.98024	7.00139	8.81603	5.80798	10.11147	5.21022	13.05219	6.17277	9.53003	4.87282	7.39263	10.67015	2.81779	1.03894	3.58496	4.10946	4.09273	2.74496	0.78617	9.57693	10.59789	4.68916	1.82392	6.87271	3.85609	2.70536	2.27653	1.94067	0.7745	0.30563	2.05096	1.14942	3.07375	13.82923	13.68225	7.87102	9.14385	6.04929	13.13031	16.08362	65.03773	24.58583	34.85993	23.10059	7.73542	68.0765	34.46853	18.6969	19.52077	27.60832	3.60395	17.9594	18.68875	18.16591	3.93155	2.53562	18.46206	5.99834	14.67553	12.71163	7.54837	NA	0.16284	9.68717	NA	0.16601	NA	0.17099	10.94307	17.43261	5.66594	9.11024	6.31851	13.70497	7.81635	11.4724	11.38536	12.74381	7.12443	10.34124	6.33319	6.47363	9.01376	1.30739	1.83803	2.27927	3.97403	16.07917	9.47286	21.69862	4.21419	6.56792	3.75356	7.01091	7.55036	29.68692	34.86848	50.34086	31.58694	11.5976	7.28433	9.63562	4.46809	13.64183	13.8412	13.17428	14.04818	53.54387	36.94209	30.71258	15.58755	7.01962	9.55944	6.55621	4.84822	36.7037	51.5002	16.81558	28.6303	4.18895	2.40678	4.10389	1.17126	0.82574	2.30565	1.89313	1.07556	10.08742	11.19776	9.88588	19.53063	0.46719	1.40143	NA	0.80572	4.12655	7.91045	13.11665	NA	5.40918	2.47297	1.77882	2.72832	9.79451	14.27565	16.28081	19.36124	NA	21.35894	12.55532	7.15515	10.9454	3.87582	6.67278	3.77014	5.69783	7.1917	6.57994	6.09313	5.34511	8.2092	6.55532	5.57778	3.56623	2.03006	2.42716	1.87969	14.5334	4.54074	35.97191	37.4747	6.65712	2.70568	NA	NA	NA	NA	NA	NA	NA	NA	NA	NA	NA	NA	NA	NA	NA	NA	NA	NA	NA	NA	NA	NA	NA	NA	NA	NA	NA	NA	NA	NA	NA	NA	NA	NA	NA	NA	NA	NA	NA	NA	NA	NA	NA	NA	NA	NA	NA	NA	NA	NA	NA	NA	NA	NA	NA	NA	NA	NA	NA	NA	NA	NA	NA	NA	NA	NA	NA	NA	NA	NA	NA	NA	NA	NA	NA	NA	NA	NA	NA	NA	NA	NA	NA	NA	NA	NA	NA	NA	NA	NA	NA	NA	NA	NA	NA	NA	NA	NA	NA	NA	NA	NA	NA	NA	NA	NA	NA	NA	NA	NA	NA	NA	NA	NA	NA	NA	NA	NA	NA	NA	NA	NA	NA	NA	NA	NA	NA	NA	NA	NA	NA	NA	NA	NA	NA	NA	NA	NA	NA	NA	NA	NA	NA	NA	NA	NA	NA	NA	NA	NA	NA	NA	NA	NA	NA
GH5_54	0.58128	1.50829	1.29922	0.49404	1.20052	0.98339	0.41802	2.83876	2.25652	3.56729	1.14382	2.78664	2.09085	2.64604	2.52463	0.09789	3.14771	2.93168	0.18126	5.1805	14.36774	7.67131	5.89755	3.38344	0.72972	0.47782	2.31452	2.98169	1.21613	3.43178	3.20533	0.91598	0.44973	1.58723	1.32502	0.44821	4.5512	2.13781	1.92027	1.47867	3.37537	0.36594	10.3457	2.33169	2.05808	NA	0.10138	NA	NA	NA	NA	NA	0.20035	NA	0.75035	1.22864	0.41482	1.69358	2.21549	1.30071	0.91226	0.65132	1.32033	1.16155	0.25865	NA	1.34427	NA	0.64937	1.44902	0.77934	0.54572	0.42194	1.15078	1.29224	3.79138	2.06968	2.42348	2.2071	1.13307	0.64333	0.28806	1.23103	2.57863	0.41744	0.7768	0.58137	0.86504	2.76324	3.40152	2.34854	1.20632	1.42704	0.70371	1.01588	1.76678	2.87441	5.15434	2.76754	2.45315	4.73486	3.4727	3.9497	0.58618	2.27618	0.1849	0.58896	1.13889	0.67643	1.65577	1.76871	3.85214	4.77148	2.07733	4.61865	2.28786	1.26687	1.97242	3.32062	1.04114	2.2759	0.93117	3.88306	0.92223	0.6933	0.79386	0.72633	0.59847	1.19301	1.32333	0.14596	0.66041	1.42309	3.11522	2.20414	1.01093	0.58985	0.38774	0.72501	1.31355	4.30797	3.94955	3.97697	2.06891	2.65181	3.41099	1.27226	1.63871	2.94665	4.38448	1.89076	1.10383	0.52084	0.70913	0.59522	0.8921	1.68954	2.36236	NA	0.07492	3.46395	5.47534	5.82041	14.96691	1.9967	0.35841	1.62515	1.09282	NA	0.70741	0.29151	0.71808	4.0702	0.69685	0.25399	2.90787	2.11263	1.18214	0.36655	1.13995	0.27822	1.0565	0.37791	0.41025	0.4056	0.14431	0.6334	NA	0.85386	0.37222	0.14807	1.39091	2.62054	0.45723	0.2831	0.21106	NA	0.68491	6.32264	2.60813	1.01188	0.94833	1.10678	0.57252	NA	0.07276	NA	NA	4.29222	0.38803	0.58292	0.19598	1.80836	1.30485	NA	NA	2.1461	3.90164	4.05718	4.62848	1.75819	3.38813	NA	NA	NA	NA	NA	NA	NA	NA	NA	NA	NA	NA	NA	NA	NA	NA	NA	NA	NA	NA	NA	NA	NA	NA	NA	NA	NA	NA	NA	NA	NA	NA	NA	NA	NA	NA	NA	NA	NA	NA	NA	NA	NA	NA	NA	NA	NA	NA	NA	NA	NA	NA	NA	NA	NA	NA	NA	NA	NA	NA	NA	NA	NA	NA	NA	NA	NA	NA	NA	NA	NA	NA	NA	NA	NA	NA	NA	NA	NA	NA	NA	NA	NA	NA	NA	NA	NA	NA	NA	NA	NA	NA	NA	NA	NA	NA	NA	NA	NA	NA	NA	NA	NA	NA	NA	NA	NA	NA	NA	NA	NA	NA	NA	NA	NA	NA	NA	NA	NA	NA	NA	NA	NA	NA	NA	NA	NA	NA	NA	NA	NA	NA	NA	NA	NA	NA	NA	NA	NA	NA	NA	NA	NA	NA	NA	NA	NA	NA	NA	NA	NA	NA	NA	NA	NA
GH5_7	50.2365	28.798	18.35542	30.04802	51.85087	42.55758	33.29369	58.94823	45.52094	41.99665	64.14992	39.93662	47.10328	28.98587	51.18146	39.17521	12.97513	31.18469	22.17078	8.31938	2.37742	34.11092	27.37168	22.79938	47.48514	55.41443	52.88785	35.06427	53.36299	46.329	53.33046	59.00853	49.42228	29.09421	67.95317	3.82067	4.83273	9.16592	5.25796	7.8149	7.04453	48.26522	16.64883	16.14737	23.99129	17.27324	24.45878	4.32434	21.61505	8.12787	9.85533	11.59464	2.75451	9.01878	56.9946	93.92265	83.55301	96.67679	78.02556	95.72007	63.1639	11.36317	3.77125	15.97049	23.58444	43.95763	30.15059	30.90708	20.73944	22.67098	18.88772	20.80439	20.24528	23.03955	27.03045	5.70043	15.6185	2.48888	14.74695	7.56933	5.90953	15.43167	27.66934	19.37553	39.99203	33.26594	23.88993	25.37543	30.84876	33.52284	28.86151	49.59424	37.73385	35.41329	52.79149	13.88516	37.49469	46.40381	52.75628	81.03591	69.45747	75.68884	60.21281	51.57276	47.96925	58.48404	51.45721	51.796	38.19999	43.76105	16.96388	10.44979	80.98501	17.22427	12.77864	24.98614	25.74385	39.72659	45.47114	47.74673	44.22204	86.51429	56.19472	13.18037	35.25944	39.76165	42.39103	59.70948	58.60398	66.62539	59.25622	104.24242	46.86625	72.64267	30.12974	29.40811	35.03862	32.67214	19.19355	35.36351	40.07777	24.14754	41.19624	60.05369	26.56108	46.18186	37.22083	19.68041	26.34397	37.86108	65.54234	65.68543	27.52876	40.10198	31.97925	34.76109	46.45139	36.21964	69.04843	49.93576	19.86299	27.5922	35.70827	36.56464	17.59146	9.914	46.88668	40.49165	15.99894	22.60461	25.45166	21.77013	15.94953	7.56863	16.07313	8.6762	36.39753	42.16343	71.89877	56.63121	16.30235	15.19911	13.6387	9.91581	66.70848	69.57534	72.91281	51.21534	34.41825	31.32251	62.19307	25.76771	85.6679	107.4128	141.80364	141.82657	27.50507	140.82099	80.0693	28.13054	40.16477	36.10731	34.0746	23.54991	2.9793	7.58979	11.1192	10.14522	42.11798	48.9636	74.52408	119.21358	15.07765	11.65325	30.22342	51.22646	50.06717	16.41598	52.25149	23.75212	17.99487	22.4077	NA	NA	NA	NA	NA	NA	NA	NA	NA	NA	NA	NA	NA	NA	NA	NA	NA	NA	NA	NA	NA	NA	NA	NA	NA	NA	NA	NA	NA	NA	NA	NA	NA	NA	NA	NA	NA	NA	NA	NA	NA	NA	NA	NA	NA	NA	NA	NA	NA	NA	NA	NA	NA	NA	NA	NA	NA	NA	NA	NA	NA	NA	NA	NA	NA	NA	NA	NA	NA	NA	NA	NA	NA	NA	NA	NA	NA	NA	NA	NA	NA	NA	NA	NA	NA	NA	NA	NA	NA	NA	NA	NA	NA	NA	NA	NA	NA	NA	NA	NA	NA	NA	NA	NA	NA	NA	NA	NA	NA	NA	NA	NA	NA	NA	NA	NA	NA	NA	NA	NA	NA	NA	NA	NA	NA	NA	NA	NA	NA	NA	NA	NA	NA	NA	NA	NA	NA	NA	NA	NA	NA	NA	NA	NA	NA	NA	NA	NA	NA	NA	NA	NA	NA	NA	NA
GH5_8	10.99077	4.7321	9.71745	8.33809	12.87974	6.61984	9.15359	9.23494	21.23957	10.07073	8.73199	13.13658	14.88471	10.98298	NA	NA	NA	NA	NA	NA	NA	13.35606	1.20711	4.77356	25.64382	24.38606	29.01535	17.74655	67.82934	75.05001	65.15568	75.10375	56.06401	12.27384	87.09831	NA	NA	NA	0.61403	0.51858	0.7948	42.72304	3.97694	3.96148	11.73432	13.74001	8.38829	NA	NA	NA	NA	NA	NA	NA	2.68514	1.37228	0.20736	3.23443	1.55092	1.24992	0.81861	3.8006	5.01378	14.98734	8.62394	58.1638	36.55816	48.06072	23.71457	10.1247	10.39828	13.4384	19.95701	22.52537	24.30617	0.74696	4.29926	2.1783	6.21091	2.35717	1.17004	1.12927	12.37973	0.56494	25.88118	18.01782	6.20502	9.98661	3.04062	9.33314	11.50048	34.67924	20.59424	15.13877	13.10779	9.25176	3.55581	13.53152	10.58453	15.73381	11.15084	24.21437	11.89172	12.53314	12.07791	9.41323	27.23079	22.21994	22.68309	13.23851	NA	NA	5.71546	0.71273	0.21315	32.08575	18.3952	13.84492	2.36258	5.70426	8.0345	8.67276	23.78765	6.17274	3.51923	10.67395	21.5476	38.01421	0.46064	6.78914	30.73923	8.38341	7.04921	5.91447	8.06056	7.16205	7.63831	20.44386	0.47328	23.58589	9.33657	9.95477	11.89382	10.40948	14.58073	11.44653	3.44319	12.99043	2.59525	12.87478	25.36702	37.72563	3.12563	31.90201	4.15961	13.46129	12.00198	7.26669	46.65807	26.88386	11.6328	12.03745	27.0644	19.2199	NA	0.46583	12.82832	1.10229	13.92914	25.64276	12.17706	14.3959	2.49586	0.92251	4.97815	3.42131	18.41443	7.57242	81.28438	78.01421	0.07498	0.32716	0.83358	0.29557	21.49718	41.92983	40.51207	65.12568	0.07678	1.80062	0.94994	4.38542	2.11912	1.39937	6.96675	3.37929	NA	1.19755	1.44246	1.45502	4.36644	3.06203	20.72723	7.50996	NA	0.0519	NA	NA	4.2681	5.08183	14.06353	2.55987	12.72529	6.88448	41.98678	95.5733	11.17929	0.87507	12.64631	12.31819	31.60396	26.73344	NA	NA	NA	NA	NA	NA	NA	NA	NA	NA	NA	NA	NA	NA	NA	NA	NA	NA	NA	NA	NA	NA	NA	NA	NA	NA	NA	NA	NA	NA	NA	NA	NA	NA	NA	NA	NA	NA	NA	NA	NA	NA	NA	NA	NA	NA	NA	NA	NA	NA	NA	NA	NA	NA	NA	NA	NA	NA	NA	NA	NA	NA	NA	NA	NA	NA	NA	NA	NA	NA	NA	NA	NA	NA	NA	NA	NA	NA	NA	NA	NA	NA	NA	NA	NA	NA	NA	NA	NA	NA	NA	NA	NA	NA	NA	NA	NA	NA	NA	NA	NA	NA	NA	NA	NA	NA	NA	NA	NA	NA	NA	NA	NA	NA	NA	NA	NA	NA	NA	NA	NA	NA	NA	NA	NA	NA	NA	NA	NA	NA	NA	NA	NA	NA	NA	NA	NA	NA	NA	NA	NA	NA	NA	NA	NA	NA	NA	NA	NA	NA	NA	NA	NA	NA	NA
GH5_9	NA	NA	NA	NA	NA	NA	NA	NA	NA	NA	NA	NA	NA	NA	NA	NA	NA	NA	NA	NA	NA	NA	NA	NA	NA	NA	NA	NA	NA	NA	NA	NA	NA	NA	NA	NA	NA	NA	NA	NA	NA	NA	NA	NA	NA	NA	NA	NA	NA	0.41815	NA	NA	NA	NA	NA	NA	NA	NA	NA	NA	NA	NA	NA	NA	NA	NA	NA	NA	NA	NA	NA	NA	NA	NA	NA	NA	NA	NA	NA	NA	NA	NA	NA	NA	NA	NA	NA	NA	NA	NA	NA	NA	NA	NA	NA	NA	NA	NA	NA	NA	NA	NA	NA	NA	NA	NA	NA	NA	NA	NA	NA	NA	NA	NA	NA	NA	NA	NA	NA	NA	NA	NA	NA	NA	NA	NA	NA	NA	NA	NA	NA	NA	NA	NA	NA	NA	NA	NA	NA	NA	NA	NA	NA	NA	NA	NA	NA	NA	NA	NA	NA	NA	NA	NA	NA	0.17799	NA	NA	NA	NA	NA	NA	NA	NA	NA	NA	NA	NA	NA	NA	NA	NA	NA	NA	NA	NA	NA	NA	NA	NA	NA	NA	NA	NA	NA	NA	NA	NA	NA	NA	NA	NA	NA	NA	NA	NA	NA	NA	NA	NA	NA	NA	NA	NA	NA	NA	NA	NA	NA	NA	NA	NA	NA	NA	NA	NA	NA	NA	NA	NA	NA	NA	NA	NA	NA	NA	NA	NA	NA	NA	NA	NA	NA	NA	NA	NA	NA	NA	NA	NA	NA	NA	NA	NA	NA	NA	NA	NA	NA	NA	NA	NA	NA	NA	NA	NA	NA	NA	NA	NA	NA	NA	NA	NA	NA	NA	NA	NA	NA	NA	NA	NA	NA	NA	NA	NA	NA	NA	NA	NA	NA	NA	NA	NA	NA	NA	NA	NA	NA	NA	NA	NA	NA	NA	NA	NA	NA	NA	NA	NA	NA	NA	NA	NA	NA	NA	NA	NA	NA	NA	NA	NA	NA	NA	NA	NA	NA	NA	NA	NA	NA	NA	NA	NA	NA	NA	NA	NA	NA	NA	NA	NA	NA	NA	NA	NA	NA	NA	NA	NA	NA	NA	NA	NA	NA	NA	NA	NA	NA	NA	NA	NA	NA	NA	NA	NA	NA	NA	NA	NA	NA	NA	NA	NA	NA	NA	NA	NA	NA	NA	NA	NA	NA	NA	NA	NA	NA
GH63	29.49978	36.48879	35.83	34.17641	12.31409	12.134	44.22881	87.35367	59.40753	49.79548	85.83203	80.20488	71.25463	34.26615	204.96502	243.02247	152.15461	205.89264	212.45478	120.93958	64.2677	41.00601	102.1718	54.93412	63.33041	61.61141	75.89932	47.05528	100.294	64.13282	104.2583	112.30938	113.8335	107.83287	112.4556	90.03531	57.44625	154.49924	127.09427	105.7639	107.91809	115.50687	43.51025	28.49896	65.01965	35.01735	54.55886	129.49952	137.99621	126.56827	174.99223	173.47289	112.33392	106.05401	93.37191	128.96752	126.83062	126.97345	108.06994	115.59817	90.48489	28.8156	10.41768	39.57671	39.37616	29.0152	36.70582	24.49184	64.67425	81.88298	77.35362	42.1987	64.60782	45.4886	38.82654	133.80478	111.44631	62.41573	61.40971	64.20351	91.66474	132.56272	69.66789	78.67369	41.69486	41.77175	28.02114	53.50081	73.54094	45.52924	35.15917	29.96556	21.80802	28.20602	69.38301	19.63299	106.93416	137.97875	157.21085	169.59075	139.31218	160.52866	144.63754	146.68489	157.90468	163.50991	137.07943	142.87635	118.5814	136.39161	193.86762	132.82421	33.39992	136.2576	145.72467	91.23374	66.5933	45.75872	43.97707	24.31119	30.75367	18.01343	47.79116	96.94864	112.04828	124.8711	100.13271	106.94858	25.72562	24.64671	22.44653	19.81198	112.30878	65.51857	51.93778	73.91327	121.21616	108.96456	144.89786	101.66722	60.93635	26.94954	24.14966	27.07787	158.0928	213.22329	123.69326	151.32287	90.39971	58.96607	98.08623	52.704	70.43372	74.88314	78.49696	77.96486	46.88182	37.56153	45.55643	36.89496	24.80829	49.62585	19.50804	56.12509	144.95462	122.91423	107.71212	157.71571	76.28789	50.98226	42.13228	33.94753	71.22195	99.83081	70.56469	70.40312	92.1889	133.88094	129.98152	119.09722	153.56841	106.07429	127.93115	168.90917	187.81176	157.18851	183.036	165.34806	113.7262	82.67776	119.91766	89.01191	106.88026	160.43632	125.72493	112.32042	86.96264	10.92821	22.05763	12.93019	113.31694	79.57423	42.58337	54.2719	67.61413	79.36585	136.73091	161.92519	63.76345	78.90015	61.66981	109.76635	30.80753	24.28821	26.8753	34.24062	126.87397	88.47046	165.41185	86.39974	17.27057	44.33236	NA	NA	NA	NA	NA	NA	NA	NA	NA	NA	NA	NA	NA	NA	NA	NA	NA	NA	NA	NA	NA	NA	NA	NA	NA	NA	NA	NA	NA	NA	NA	NA	NA	NA	NA	NA	NA	NA	NA	NA	NA	NA	NA	NA	NA	NA	NA	NA	NA	NA	NA	NA	NA	NA	NA	NA	NA	NA	NA	NA	NA	NA	NA	NA	NA	NA	NA	NA	NA	NA	NA	NA	NA	NA	NA	NA	NA	NA	NA	NA	NA	NA	NA	NA	NA	NA	NA	NA	NA	NA	NA	NA	NA	NA	NA	NA	NA	NA	NA	NA	NA	NA	NA	NA	NA	NA	NA	NA	NA	NA	NA	NA	NA	NA	NA	NA	NA	NA	NA	NA	NA	NA	NA	NA	NA	NA	NA	NA	NA	NA	NA	NA	NA	NA	NA	NA	NA	NA	NA	NA	NA	NA	NA	NA	NA	NA	NA	NA	NA	NA	NA	NA	NA	NA	NA
GH64	1.5168	0.85471	1.61786	1.15524	1.10841	0.34712	0.34576	0.71404	1.63175	1.19095	0.88759	0.79282	2.05432	2.37678	NA	NA	NA	NA	NA	NA	NA	NA	NA	NA	NA	NA	NA	NA	1.07207	2.09093	2.13349	0.43745	0.5229	0.76524	0.6646	NA	1.13975	0.5374	0.48898	0.63715	0.88484	0.42752	3.70799	1.08696	1.09961	NA	NA	NA	NA	NA	NA	NA	NA	NA	0.6498	1.53276	0.24102	0.13195	0.64762	0.21421	1.32405	0.06152	NA	1.38717	0.37294	NA	0.209	0.56169	0.1801	1.18868	0.39014	0.57426	0.22248	0.06946	0.80522	0.99485	1.55058	1.0308	1.14444	0.77732	0.39387	NA	0.66192	0.78877	0.67255	0.22482	0.14314	NA	0.62817	3.0833	1.4132	0.28713	1.49175	0.07587	0.17853	2.03944	0.69789	1.25195	1.24862	0.76543	2.42785	0.60569	1.23263	0.14611	0.44918	0.99921	NA	0.4469	0.44343	3.05824	0.42368	0.57086	1.6277	1.04555	1.4549	0.7128	0.82781	0.46084	1.32443	1.22869	1.82708	1.19289	2.68515	0.58361	0.36947	1.01524	0.56442	1.16632	1.0167	0.46249	0.18024	0.30938	0.69501	1.57949	0.73684	1.00104	3.7557	6.06434	NA	3.09858	1.53383	2.47626	2.80277	2.14878	0.09847	NA	NA	NA	NA	NA	NA	NA	NA	0.44958	0.16674	0.28081	1.27201	1.0129	0.12069	0.16602	0.27359	NA	0.39457	1.409	1.11822	0.05367	0.50273	0.37743	0.10934	NA	0.26721	0.67333	1.42051	0.62976	0.69928	0.93835	1.16358	1.13497	0.10843	0.60321	NA	1.53384	0.19039	0.29178	NA	0.06059	0.11659	NA	0.1103	0.14779	NA	0.49942	0.55018	0.13125	NA	NA	NA	0.33659	4.17311	1.76465	0.14276	0.15392	0.83506	0.50465	NA	NA	NA	NA	1.49403	0.4815	NA	NA	0.76736	0.3202	0.11887	0.11139	0.77276	2.25372	1.03344	1.44664	0.83551	1.98619	NA	NA	NA	NA	NA	NA	NA	NA	NA	NA	NA	NA	NA	NA	NA	NA	NA	NA	NA	NA	NA	NA	NA	NA	NA	NA	NA	NA	NA	NA	NA	NA	NA	NA	NA	NA	NA	NA	NA	NA	NA	NA	NA	NA	NA	NA	NA	NA	NA	NA	NA	NA	NA	NA	NA	NA	NA	NA	NA	NA	NA	NA	NA	NA	NA	NA	NA	NA	NA	NA	NA	NA	NA	NA	NA	NA	NA	NA	NA	NA	NA	NA	NA	NA	NA	NA	NA	NA	NA	NA	NA	NA	NA	NA	NA	NA	NA	NA	NA	NA	NA	NA	NA	NA	NA	NA	NA	NA	NA	NA	NA	NA	NA	NA	NA	NA	NA	NA	NA	NA	NA	NA	NA	NA	NA	NA	NA	NA	NA	NA	NA	NA	NA	NA	NA	NA	NA	NA	NA	NA	NA	NA	NA	NA	NA	NA	NA	NA	NA	NA	NA	NA	NA	NA	NA
GH65	42.69713	61.32569	58.04537	50.69716	32.05007	45.84823	43.38446	100.58999	99.32366	110.92969	104.43068	118.58517	118.7922	87.44581	153.60068	125.07606	128.44224	122.70734	103.66368	97.1006	140.33831	76.7241	71.90695	66.26425	63.15144	69.14804	56.2781	81.78373	55.77171	52.8737	63.71934	64.80034	74.10712	65.30727	64.12951	76.84804	98.32527	72.06465	88.46287	73.20728	69.99342	73.6869	48.58499	67.95798	89.73534	85.0367	71.23001	56.94195	154.93842	63.75981	117.17369	56.8631	50.43063	97.48142	45.48845	26.68117	39.14303	26.56004	33.17655	37.90274	51.99605	43.63326	41.5607	63.59085	70.3088	57.04328	59.89939	45.98483	88.44388	95.99738	61.90845	69.60447	62.0105	88.50604	75.2705	45.09117	54.9701	53.01152	58.33497	67.46121	69.47805	67.25507	77.78571	85.82886	73.60109	62.80909	52.51573	83.00114	83.01952	101.23451	68.101	95.05143	66.58287	59.5425	176.09431	96.57154	88.03743	122.69497	149.52701	180.0192	192.77822	170.8449	124.26343	88.07158	92.65387	91.37392	87.56128	81.91854	76.97861	95.08855	103.26946	83.69352	37.36659	134.58731	150.70374	91.9485	83.50214	49.74307	46.2092	42.02169	42.34538	28.35649	47.24414	54.76483	92.33844	67.81415	73.60703	69.42984	54.89503	38.71024	24.38081	16.23837	89.74096	74.39546	66.91351	73.97687	88.78965	79.1854	105.64524	67.72851	59.19079	63.3872	49.84794	61.63834	117.43965	119.65693	109.09456	71.39019	73.47328	69.59721	61.95498	80.03826	101.40253	69.95896	61.36283	70.39159	110.66634	95.72506	89.26584	56.76044	37.89842	45.90527	23.11495	38.91433	105.89387	105.04317	82.67299	95.63222	69.68842	63.95847	50.99559	44.92551	65.70776	48.54602	71.98667	60.82356	71.45114	56.771	58.23772	42.11325	53.58139	52.38547	42.70737	50.26112	147.49498	122.45782	142.61489	12.64356	64.02858	78.46992	105.14717	55.17377	25.08508	16.89319	14.34453	8.52298	NA	27.28985	49.74349	81.88967	87.4733	74.99429	75.56116	56.02982	40.9053	51.98686	62.79207	69.98965	37.00162	33.97987	19.62821	13.90157	49.58562	49.21042	58.61156	49.46581	129.97729	128.66838	134.52581	94.9759	117.98858	73.97479	NA	NA	NA	NA	NA	NA	NA	NA	NA	NA	NA	NA	NA	NA	NA	NA	NA	NA	NA	NA	NA	NA	NA	NA	NA	NA	NA	NA	NA	NA	NA	NA	NA	NA	NA	NA	NA	NA	NA	NA	NA	NA	NA	NA	NA	NA	NA	NA	NA	NA	NA	NA	NA	NA	NA	NA	NA	NA	NA	NA	NA	NA	NA	NA	NA	NA	NA	NA	NA	NA	NA	NA	NA	NA	NA	NA	NA	NA	NA	NA	NA	NA	NA	NA	NA	NA	NA	NA	NA	NA	NA	NA	NA	NA	NA	NA	NA	NA	NA	NA	NA	NA	NA	NA	NA	NA	NA	NA	NA	NA	NA	NA	NA	NA	NA	NA	NA	NA	NA	NA	NA	NA	NA	NA	NA	NA	NA	NA	NA	NA	NA	NA	NA	NA	NA	NA	NA	NA	NA	NA	NA	NA	NA	NA	NA	NA	NA	NA	NA	NA	NA	NA	NA	NA	NA
GH66	21.68212	17.32091	39.00384	30.06687	11.33908	14.47072	32.71448	60.359	52.8468	64.0902	63.11635	49.0326	49.09008	41.98473	282.89621	212.70088	117.61957	188.82276	175.95049	68.99328	53.51805	29.95061	93.65831	57.7101	40.46412	39.67193	38.59599	59.58088	79.29461	49.17867	78.08324	66.54124	69.50242	57.30698	69.66381	21.19447	33.10941	35.27198	32.53638	33.60871	33.42145	80.2407	28.8964	19.93603	33.73148	7.95584	32.59876	33.26326	87.45932	42.5734	34.50541	57.85646	23.56552	49.0347	30.644	26.88331	24.73485	17.75955	20.57514	13.59563	34.60842	22.66628	35.61127	28.19949	32.36841	31.50064	25.62177	19.89931	31.60275	52.74344	28.86691	23.72447	31.75288	20.9916	28.92623	31.39806	47.18065	11.48373	43.71824	34.98146	45.98215	65.57212	43.50701	55.47652	36.55342	29.64104	17.7168	33.82973	58.57487	86.51585	45.95471	61.52791	35.20135	31.17818	122.04093	49.7184	50.18953	71.59246	55.07376	29.56103	33.6467	37.59502	81.45589	116.91966	117.05281	132.41627	94.52412	92.67452	70.99441	89.99155	56.25502	49.12261	132.7972	61.43291	50.96056	37.03898	24.5162	59.73372	76.34497	80.44967	67.65173	136.98737	69.65592	21.99722	91.06558	90.88627	83.4846	90.45952	13.56366	16.96354	19.15483	9.57618	76.37507	48.59241	31.6229	54.73916	53.56617	40.05367	76.19064	53.0641	52.55697	33.4093	53.61701	81.91718	135.85952	205.03805	157.83909	104.96848	91.9941	68.28229	81.62113	68.89069	62.92117	65.07001	51.9089	68.15675	72.14726	57.59684	64.49139	48.79445	20.14415	25.96389	24.41377	44.45581	82.26465	61.06828	84.07619	104.63988	29.94097	28.40279	24.16584	20.40373	56.11659	35.40474	66.16856	32.26676	54.54063	50.75377	72.43183	56.32979	49.69192	46.76605	32.57682	36.06356	117.34664	131.69882	95.3622	112.64944	62.12122	59.85688	66.25046	51.7191	15.52594	35.95576	12.22371	14.82364	127.58317	222.83139	122.83747	56.08933	96.05357	63.38521	11.41187	26.51411	21.93151	42.60215	42.01648	32.52502	25.65568	13.92935	15.04691	9.97507	23.24513	25.41373	18.88956	35.86978	56.79548	50.79466	71.4859	62.29161	18.20121	17.68366	NA	NA	NA	NA	NA	NA	NA	NA	NA	NA	NA	NA	NA	NA	NA	NA	NA	NA	NA	NA	NA	NA	NA	NA	NA	NA	NA	NA	NA	NA	NA	NA	NA	NA	NA	NA	NA	NA	NA	NA	NA	NA	NA	NA	NA	NA	NA	NA	NA	NA	NA	NA	NA	NA	NA	NA	NA	NA	NA	NA	NA	NA	NA	NA	NA	NA	NA	NA	NA	NA	NA	NA	NA	NA	NA	NA	NA	NA	NA	NA	NA	NA	NA	NA	NA	NA	NA	NA	NA	NA	NA	NA	NA	NA	NA	NA	NA	NA	NA	NA	NA	NA	NA	NA	NA	NA	NA	NA	NA	NA	NA	NA	NA	NA	NA	NA	NA	NA	NA	NA	NA	NA	NA	NA	NA	NA	NA	NA	NA	NA	NA	NA	NA	NA	NA	NA	NA	NA	NA	NA	NA	NA	NA	NA	NA	NA	NA	NA	NA	NA	NA	NA	NA	NA	NA
GH67	120.72652	83.20172	52.49429	75.00407	102.14117	59.08949	66.5677	55.4162	52.38081	54.99625	54.4361	66.6275	73.40552	38.94707	115.31553	144.77792	128.90416	172.61662	196.32826	87.70267	50.72805	10.80941	52.44505	24.82004	43.78212	50.11854	66.6121	35.54791	45.88512	43.93888	63.06602	59.7773	49.79009	61.87913	55.72466	41.75253	26.44738	67.56269	63.71485	18.64553	18.28898	50.87679	27.10001	25.30371	57.36231	38.69492	43.34973	77.43415	122.18168	72.20635	138.45933	91.97035	57.72417	91.46587	149.1805	210.26108	212.72474	231.38293	221.26316	229.49631	151.73961	39.20961	22.84573	62.72231	56.50373	50.59765	35.3215	25.2058	74.25463	48.11271	58.50664	36.25634	60.1266	50.24938	33.72141	35.41056	57.32765	18.5582	30.56718	44.30559	62.10767	56.15416	51.79984	69.42824	64.39995	44.48613	42.88395	47.72126	59.27799	63.02036	27.04253	41.43561	25.83448	20.44082	127.10962	40.86219	79.60055	91.11895	159.27866	155.18952	160.64377	169.60833	99.91006	31.50047	54.28028	82.10894	55.42244	95.87078	67.03737	49.93694	67.47482	76.46329	175.12249	82.71378	149.5757	59.7678	47.0412	78.99347	96.43745	103.35176	70.25834	191.54041	78.13156	26.8227	63.18967	64.75878	48.26673	32.05502	124.89365	161.0777	70.84506	211.55229	52.98993	47.79456	43.31127	52.13276	38.84691	53.77098	133.35507	105.69569	73.12062	30.76933	59.09386	102.96275	107.57634	130.84985	74.57538	110.17376	32.09215	40.90603	57.93014	24.74203	49.23042	36.95582	63.23064	46.35865	59.87317	40.35888	51.25859	33.69387	43.87878	55.40947	33.67654	36.13663	128.79612	156.95076	61.21332	93.81852	58.07435	52.85632	48.71341	37.99659	23.69169	43.25948	31.05682	40.32962	55.20039	77.18455	73.43328	66.14214	52.3191	35.03228	50.6545	60.46622	95.84106	80.34153	128.84924	69.22839	69.81127	49.0212	89.66629	56.65872	195.7202	256.36496	318.37273	323.56562	64.88688	367.9369	210.90941	88.09068	71.09317	47.75797	57.54725	50.65349	52.06414	62.25442	44.48458	46.05403	102.87317	118.73327	117.4188	246.79707	43.45985	29.89338	26.6516	32.38886	108.07543	44.90611	143.36449	90.56655	53.48883	37.18419	NA	NA	NA	NA	NA	NA	NA	NA	NA	NA	NA	NA	NA	NA	NA	NA	NA	NA	NA	NA	NA	NA	NA	NA	NA	NA	NA	NA	NA	NA	NA	NA	NA	NA	NA	NA	NA	NA	NA	NA	NA	NA	NA	NA	NA	NA	NA	NA	NA	NA	NA	NA	NA	NA	NA	NA	NA	NA	NA	NA	NA	NA	NA	NA	NA	NA	NA	NA	NA	NA	NA	NA	NA	NA	NA	NA	NA	NA	NA	NA	NA	NA	NA	NA	NA	NA	NA	NA	NA	NA	NA	NA	NA	NA	NA	NA	NA	NA	NA	NA	NA	NA	NA	NA	NA	NA	NA	NA	NA	NA	NA	NA	NA	NA	NA	NA	NA	NA	NA	NA	NA	NA	NA	NA	NA	NA	NA	NA	NA	NA	NA	NA	NA	NA	NA	NA	NA	NA	NA	NA	NA	NA	NA	NA	NA	NA	NA	NA	NA	NA	NA	NA	NA	NA	NA
GH68	NA	NA	NA	NA	0.08973	NA	0.12361	NA	0.33638	0.51537	NA	0.54536	0.72633	0.11135	0.14731	1.24225	0.72566	0.24664	1.59035	3.10746	4.22357	0.12176	0.24142	0.33203	0.12364	NA	0.68355	0.22712	NA	NA	NA	NA	NA	0.3484	NA	0.8886	4.08261	0.55099	0.85968	1.53693	1.74267	NA	NA	0.41477	0.68747	0.21598	0.12672	NA	0.12521	NA	0.62869	NA	0.05893	0.33784	18.60411	7.42584	17.14678	11.00627	7.80608	8.11191	22.95003	1.15088	3.50564	1.27707	2.04159	1.23907	0.38195	1.1124	0.45574	2.653	1.42967	1.06672	1.35081	1.78293	1.85552	0.17395	0.22233	0.86339	0.23675	NA	0.12698	0.28666	0.14326	NA	0.24646	0.34158	0.37919	0.17315	0.18572	NA	NA	NA	0.3216	0.83766	NA	NA	0.25391	0.55452	0.86041	0.10946	0.23643	NA	0.63091	6.56882	9.99838	3.20068	3.51086	6.61833	2.97646	2.30325	NA	0.47776	0.42113	0.92742	0.33142	0.09624	NA	0.48112	1.18377	0.6308	0.82327	2.00593	NA	NA	6.11996	4.3188	5.43487	3.96335	0.44702	0.0982	NA	NA	NA	NA	0.18161	NA	NA	NA	0.21444	0.14491	0.41314	0.38659	0.47146	0.97342	0.7148	0.08998	2.97234	0.87571	NA	NA	NA	NA	NA	NA	NA	0.63531	0.37038	NA	NA	0.09951	NA	0.05666	0.27811	0.06225	NA	0.08434	NA	0.05874	0.72241	0.37465	0.50948	0.23307	0.18832	0.09108	0.25577	0.38349	0.29681	0.42233	0.1776	0.04482	0.22044	1.13567	0.60392	0.64419	NA	NA	0.1082	NA	NA	0.08907	0.14431	0.17249	2.06114	1.43201	3.76994	3.70587	19.22865	0.13117	NA	0.37818	NA	NA	NA	0.4526	0.55758	0.22636	NA	NA	11.73424	5.32542	5.37192	3.72066	2.11459	0.87061	0.9075	0.12101	NA	0.42593	NA	0.06036	NA	0.09873	NA	NA	NA	NA	NA	NA	NA	NA	NA	NA	NA	NA	NA	NA	NA	NA	NA	NA	NA	NA	NA	NA	NA	NA	NA	NA	NA	NA	NA	NA	NA	NA	NA	NA	NA	NA	NA	NA	NA	NA	NA	NA	NA	NA	NA	NA	NA	NA	NA	NA	NA	NA	NA	NA	NA	NA	NA	NA	NA	NA	NA	NA	NA	NA	NA	NA	NA	NA	NA	NA	NA	NA	NA	NA	NA	NA	NA	NA	NA	NA	NA	NA	NA	NA	NA	NA	NA	NA	NA	NA	NA	NA	NA	NA	NA	NA	NA	NA	NA	NA	NA	NA	NA	NA	NA	NA	NA	NA	NA	NA	NA	NA	NA	NA	NA	NA	NA	NA	NA	NA	NA	NA	NA	NA	NA	NA	NA	NA	NA	NA	NA	NA	NA	NA	NA	NA	NA	NA	NA	NA	NA	NA	NA	NA	NA	NA	NA	NA	NA	NA	NA	NA	NA	NA	NA
GH70	0.20645	0.48007	0.88647	0.18831	0.38236	0.29355	0.49925	0.44605	1.6025	1.67083	0.70521	2.25864	0.90323	2.11764	0.15561	6.80245	3.10405	4.68651	6.56788	15.09867	19.84081	0.68479	2.15762	1.90048	0.07325	0.14164	0.89032	1.18366	0.75644	0.44596	0.62497	0.57623	1.10873	3.27361	0.15587	3.7808	17.54376	2.82712	3.16659	6.49986	6.47147	1.28109	0.36617	1.78749	4.37663	0.9881	2.73241	1.09839	1.66304	0.70733	0.82845	0.70642	0.84548	1.51288	82.93761	34.38822	93.72516	54.55686	31.10005	34.94767	83.24349	3.56738	18.14603	3.13288	10.87529	6.37204	2.61577	5.26784	3.86002	6.767	2.51181	5.30037	5.39656	9.02838	6.94023	1.121	0.09549	8.28582	0.79429	0.69861	0.66786	1.10697	1.20119	1.01906	0.4889	1.61215	0.85347	1.6654	0.86195	0.57284	0.2574	0.95629	1.33393	3.47084	0.19695	NA	1.71833	1.61491	4.11825	0.30702	0.59143	0.0854	1.17491	38.4548	50.6289	20.27015	24.22159	35.47961	18.73309	8.47059	0.27871	1.47791	4.80462	4.25757	0.90841	1.27937	0.31785	1.44471	6.25935	1.7608	4.35214	7.12722	0.70536	0.61689	32.18584	27.39112	27.74315	16.16866	2.25853	0.29286	0.12738	0.3389	0.37165	0.45207	2.21262	0.84581	1.45677	0.44599	1.6878	1.10597	1.52503	3.15815	1.11861	4.31386	6.17161	1.57351	12.29632	7.377	0.56739	0.22457	0.39301	0.59196	0.36358	1.12845	0.42999	4.57729	0.63815	0.51396	0.10491	0.26385	1.42847	0.99101	0.80911	0.98814	0.62913	0.91298	0.49358	1.63149	2.72496	1.81198	1.24725	1.16494	1.9973	0.50624	1.28383	2.28941	2.13302	1.0619	1.16174	1.25199	0.76328	7.10775	1.63008	5.58294	0.07262	0.14942	0.06635	NA	0.7753	0.11593	0.6931	0.33922	4.92072	5.49602	6.64547	9.96557	NA	0.34469	0.92971	1.98289	0.99425	0.31851	0.25228	1.29634	2.58135	0.95483	0.39115	0.68416	49.88355	31.54741	26.13529	17.26672	12.54051	7.09105	3.75421	0.89945	1.09304	0.63502	1.35536	0.2516	2.00479	1.0431	NA	NA	NA	NA	NA	NA	NA	NA	NA	NA	NA	NA	NA	NA	NA	NA	NA	NA	NA	NA	NA	NA	NA	NA	NA	NA	NA	NA	NA	NA	NA	NA	NA	NA	NA	NA	NA	NA	NA	NA	NA	NA	NA	NA	NA	NA	NA	NA	NA	NA	NA	NA	NA	NA	NA	NA	NA	NA	NA	NA	NA	NA	NA	NA	NA	NA	NA	NA	NA	NA	NA	NA	NA	NA	NA	NA	NA	NA	NA	NA	NA	NA	NA	NA	NA	NA	NA	NA	NA	NA	NA	NA	NA	NA	NA	NA	NA	NA	NA	NA	NA	NA	NA	NA	NA	NA	NA	NA	NA	NA	NA	NA	NA	NA	NA	NA	NA	NA	NA	NA	NA	NA	NA	NA	NA	NA	NA	NA	NA	NA	NA	NA	NA	NA	NA	NA	NA	NA	NA	NA	NA	NA	NA	NA	NA	NA	NA	NA	NA	NA	NA	NA	NA	NA	NA
GH71	NA	NA	NA	NA	NA	NA	NA	NA	NA	NA	NA	NA	NA	NA	NA	NA	NA	NA	NA	NA	NA	NA	NA	NA	NA	NA	NA	NA	NA	NA	NA	NA	NA	NA	NA	NA	NA	NA	NA	NA	NA	NA	NA	NA	NA	NA	NA	NA	NA	NA	NA	NA	NA	NA	NA	NA	NA	NA	NA	NA	NA	NA	NA	NA	NA	NA	NA	NA	NA	NA	NA	NA	NA	NA	NA	NA	NA	NA	NA	NA	NA	NA	NA	NA	NA	NA	NA	NA	NA	NA	NA	NA	NA	NA	NA	NA	NA	NA	NA	NA	NA	NA	NA	NA	NA	NA	NA	NA	NA	NA	NA	NA	NA	NA	NA	NA	NA	NA	NA	NA	NA	NA	NA	NA	NA	NA	NA	NA	NA	NA	NA	NA	NA	NA	NA	NA	0.10307	NA	0.10019	0.10262	NA	NA	NA	NA	NA	NA	NA	NA	NA	NA	NA	NA	NA	NA	NA	NA	NA	NA	NA	NA	NA	NA	NA	NA	NA	NA	NA	NA	NA	NA	NA	NA	NA	0.1407	NA	NA	NA	NA	NA	NA	NA	NA	NA	NA	NA	NA	NA	NA	NA	NA	NA	NA	NA	NA	NA	NA	NA	NA	NA	NA	NA	NA	NA	NA	NA	NA	NA	NA	NA	NA	NA	NA	NA	NA	NA	NA	NA	NA	NA	NA	NA	NA	NA	NA	NA	NA	NA	NA	NA	NA	NA	NA	NA	NA	NA	NA	NA	NA	NA	NA	NA	NA	NA	NA	NA	NA	NA	NA	NA	NA	NA	NA	NA	NA	NA	NA	NA	NA	NA	NA	NA	NA	NA	NA	NA	NA	NA	NA	NA	NA	NA	NA	NA	NA	NA	NA	NA	NA	NA	NA	NA	NA	NA	NA	NA	NA	NA	NA	NA	NA	NA	NA	NA	NA	NA	NA	NA	NA	NA	NA	NA	NA	NA	NA	NA	NA	NA	NA	NA	NA	NA	NA	NA	NA	NA	NA	NA	NA	NA	NA	NA	NA	NA	NA	NA	NA	NA	NA	NA	NA	NA	NA	NA	NA	NA	NA	NA	NA	NA	NA	NA	NA	NA	NA	NA	NA	NA	NA	NA	NA	NA	NA	NA	NA	NA	NA	NA	NA	NA	NA	NA	NA	NA	NA	NA	NA	NA	NA	NA	NA	NA	NA	NA	NA	NA	NA	NA
GH72	NA	NA	NA	NA	NA	NA	NA	NA	NA	NA	NA	NA	NA	NA	NA	NA	NA	NA	NA	0.30418	NA	NA	NA	NA	NA	NA	NA	NA	NA	NA	NA	NA	NA	NA	NA	0.1757	NA	NA	NA	NA	NA	NA	NA	NA	NA	NA	NA	NA	NA	0.36281	NA	NA	NA	NA	NA	NA	NA	NA	NA	NA	NA	NA	NA	0.25151	NA	NA	NA	NA	NA	0.23814	NA	NA	NA	NA	NA	NA	NA	NA	NA	NA	NA	NA	NA	NA	NA	NA	NA	NA	NA	NA	NA	NA	NA	NA	NA	NA	NA	NA	NA	NA	NA	NA	NA	NA	NA	NA	NA	NA	NA	NA	NA	NA	NA	NA	NA	NA	NA	NA	NA	NA	NA	NA	NA	NA	NA	NA	NA	NA	NA	NA	NA	NA	NA	NA	NA	NA	NA	NA	NA	NA	NA	NA	NA	NA	NA	NA	NA	0.17932	NA	NA	NA	NA	NA	NA	NA	NA	NA	NA	NA	NA	NA	NA	NA	NA	NA	NA	NA	NA	NA	NA	0.06255	NA	NA	NA	0.18043	NA	NA	NA	NA	NA	NA	NA	NA	NA	NA	NA	NA	NA	NA	NA	NA	NA	NA	NA	NA	NA	NA	NA	NA	NA	NA	NA	NA	NA	0.1114	NA	NA	NA	NA	NA	NA	NA	NA	NA	NA	NA	NA	NA	NA	NA	NA	NA	NA	NA	NA	NA	NA	NA	NA	NA	NA	NA	NA	NA	NA	NA	NA	NA	NA	NA	NA	NA	NA	NA	NA	NA	NA	NA	NA	NA	NA	NA	NA	NA	NA	NA	NA	NA	NA	NA	NA	NA	NA	NA	NA	NA	NA	NA	NA	NA	NA	NA	NA	NA	NA	NA	NA	NA	NA	NA	NA	NA	NA	NA	NA	NA	NA	NA	NA	NA	NA	NA	NA	NA	NA	NA	NA	NA	NA	NA	NA	NA	NA	NA	NA	NA	NA	NA	NA	NA	NA	NA	NA	NA	NA	NA	NA	NA	NA	NA	NA	NA	NA	NA	NA	NA	NA	NA	NA	NA	NA	NA	NA	NA	NA	NA	NA	NA	NA	NA	NA	NA	NA	NA	NA	NA	NA	NA	NA	NA	NA	NA	NA	NA	NA	NA	NA	NA	NA	NA	NA	NA	NA	NA	NA	NA	NA	NA	NA	NA	NA	NA	NA	NA	NA	NA	NA
GH73	359.99007	324.92385	463.73174	345.9276	286.49809	320.78626	273.0245	306.48256	287.50528	271.27194	314.02143	293.71917	289.21334	254.13202	371.2808	402.81132	411.17319	392.61659	402.81246	451.31117	556.9288	206.23668	306.97857	253.95545	251.58556	247.155	290.31173	255.99391	327.66911	311.98027	358.70289	371.57303	342.69956	466.43306	398.7826	474.77581	387.41842	543.50921	505.6555	372.18333	386.66085	362.13403	262.2347	332.10708	378.23161	383.583	373.33318	579.84185	709.81522	577.81023	636.98052	689.42045	552.71035	596.13974	633.29072	903.13377	861.92244	844.59712	650.29515	720.40642	587.4567	292.75462	354.6492	406.77561	392.79347	363.90913	373.0081	312.10758	444.39874	424.92386	379.60577	411.7727	411.05786	348.51666	329.48139	319.16601	406.62843	502.71601	319.95537	345.17664	393.90207	477.42761	383.38721	369.331	318.05724	293.06066	294.60429	326.83968	363.72806	414.63899	322.84887	399.86579	351.94508	315.22236	384.61914	330.56171	264.68466	383.66075	457.74884	459.8619	416.97698	424.24998	384.22603	477.17442	552.72547	490.65604	463.65592	471.31797	467.10358	453.01544	621.02253	527.2744	776.09742	573.59864	723.93799	443.72288	467.93973	521.28444	631.5651	506.01837	530.42805	738.44866	591.10529	364.37648	418.73233	424.67836	354.7319	372.97	367.22934	322.71625	261.07539	340.89007	242.18024	283.97177	231.48464	220.0357	435.3634	472.07971	531.78504	396.50236	441.5419	305.93785	430.1355	628.86816	305.93631	333.47653	242.91196	255.62609	262.53946	222.75202	238.31848	226.88642	369.22333	327.9143	350.70211	347.44802	301.08624	257.43607	225.94351	261.76404	346.44492	410.3793	248.37239	335.66994	442.99642	354.03246	257.90271	386.71581	393.07905	284.43914	318.60197	264.52715	359.16162	272.86462	330.4875	298.44074	385.57629	436.00469	383.81519	349.93222	523.73885	410.78589	369.04123	494.93705	469.78957	388.11671	432.88186	347.30554	397.46778	355.42846	383.98248	344.91292	611.17609	805.61133	819.61829	786.81965	436.79057	573.94525	460.16105	371.63595	408.10223	345.22725	286.90309	287.23213	443.58304	410.8632	534.33183	548.92382	491.83384	610.65064	498.18807	870.80321	337.14836	311.30639	298.62283	155.87727	368.04233	328.69533	404.57972	315.97316	291.63715	339.65151	NA	NA	NA	NA	NA	NA	NA	NA	NA	NA	NA	NA	NA	NA	NA	NA	NA	NA	NA	NA	NA	NA	NA	NA	NA	NA	NA	NA	NA	NA	NA	NA	NA	NA	NA	NA	NA	NA	NA	NA	NA	NA	NA	NA	NA	NA	NA	NA	NA	NA	NA	NA	NA	NA	NA	NA	NA	NA	NA	NA	NA	NA	NA	NA	NA	NA	NA	NA	NA	NA	NA	NA	NA	NA	NA	NA	NA	NA	NA	NA	NA	NA	NA	NA	NA	NA	NA	NA	NA	NA	NA	NA	NA	NA	NA	NA	NA	NA	NA	NA	NA	NA	NA	NA	NA	NA	NA	NA	NA	NA	NA	NA	NA	NA	NA	NA	NA	NA	NA	NA	NA	NA	NA	NA	NA	NA	NA	NA	NA	NA	NA	NA	NA	NA	NA	NA	NA	NA	NA	NA	NA	NA	NA	NA	NA	NA	NA	NA	NA	NA	NA	NA	NA	NA	NA
GH74	39.39039	21.94007	26.88957	32.83039	33.45635	31.64319	35.18183	43.76879	63.66005	45.08863	33.11511	47.67119	47.78837	30.8264	33.53477	54.4569	13.81632	32.1958	16.79656	12.11025	2.52817	55.15078	22.93818	25.19161	72.38756	106.51963	90.01596	67.6419	19.29251	17.53117	30.13071	28.22429	30.70679	15.79548	18.43776	6.88187	4.38374	5.78634	5.50647	6.91667	4.91921	33.09662	26.25775	24.29382	29.55376	30.7202	42.26687	2.8306	21.85793	8.79091	6.75336	9.1803	1.82904	7.37076	11.46178	10.32954	1.98859	14.22507	13.84497	10.54727	19.92387	7.69589	3.95616	6.93717	4.14473	23.05267	15.91253	18.48522	65.278	37.47566	32.58637	42.6639	29.27542	42.95131	39.25635	8.11131	14.16526	0.67043	14.614	8.7216	11.61358	17.81845	11.20459	8.94194	44.85669	46.45119	23.377	24.87558	30.62447	14.75124	6.40936	24.09846	8.13071	6.36104	8.09891	2.85152	6.07823	29.05737	18.99445	40.32706	23.05733	47.86988	37.72318	48.41052	47.34378	42.58716	65.44068	39.46709	41.57004	34.70627	34.95777	31.80181	10.57254	44.44166	57.55645	49.2254	23.46988	5.92835	7.1157	13.05651	30.94035	28.12434	16.2325	19.64169	22.97442	41.61	64.5356	105.74988	9.77786	20.22938	69.73414	23.09289	28.29648	38.87239	28.01386	27.6516	50.30934	45.95523	33.86288	63.07984	27.99987	35.7136	35.00856	29.8335	23.33095	48.28871	40.42386	23.57724	26.69889	58.60237	124.01754	130.93094	12.7668	38.71217	31.11796	28.01803	26.02388	18.81469	45.71268	36.99994	38.90002	52.54806	78.70946	61.60877	15.27718	8.12408	31.42486	33.39129	27.75748	39.18749	22.90547	41.88567	20.22121	8.24202	17.14884	11.0642	17.97032	13.62122	40.21103	33.33994	15.18998	14.36606	17.77095	9.3275	42.95578	49.29978	42.102	NA	39.35127	18.99975	37.99743	19.42818	0.55353	0.4665	NA	0.10865	50.29033	6.52457	0.2188	NA	39.17779	26.64752	14.17182	8.73999	3.18431	7.7548	8.94919	8.86974	16.50046	9.5793	43.00027	8.91719	11.48132	6.20986	21.87544	41.85413	21.24896	0.13885	33.95255	30.88794	21.59405	37.54822	NA	NA	NA	NA	NA	NA	NA	NA	NA	NA	NA	NA	NA	NA	NA	NA	NA	NA	NA	NA	NA	NA	NA	NA	NA	NA	NA	NA	NA	NA	NA	NA	NA	NA	NA	NA	NA	NA	NA	NA	NA	NA	NA	NA	NA	NA	NA	NA	NA	NA	NA	NA	NA	NA	NA	NA	NA	NA	NA	NA	NA	NA	NA	NA	NA	NA	NA	NA	NA	NA	NA	NA	NA	NA	NA	NA	NA	NA	NA	NA	NA	NA	NA	NA	NA	NA	NA	NA	NA	NA	NA	NA	NA	NA	NA	NA	NA	NA	NA	NA	NA	NA	NA	NA	NA	NA	NA	NA	NA	NA	NA	NA	NA	NA	NA	NA	NA	NA	NA	NA	NA	NA	NA	NA	NA	NA	NA	NA	NA	NA	NA	NA	NA	NA	NA	NA	NA	NA	NA	NA	NA	NA	NA	NA	NA	NA	NA	NA	NA	NA	NA	NA	NA	NA	NA
GH76	23.02669	27.75263	31.04724	31.96094	10.58726	11.53908	31.9905	75.11803	50.24027	59.73594	67.32907	60.87126	57.03924	40.12767	594.07266	528.28489	343.57087	521.48182	514.21048	194.36318	92.67208	64.39627	215.29514	123.27088	89.34655	71.96342	87.01597	102.1163	114.68687	80.64758	117.18934	110.81387	120.35693	93.542	102.99292	65.77892	50.71756	89.68468	107.04769	87.72564	77.84044	125.25545	57.95955	40.85443	112.07296	25.11866	76.75128	83.17358	187.48195	102.27999	72.69429	134.61253	40.7463	131.89256	34.41919	48.4295	17.28863	21.40007	27.62558	21.22391	40.66295	56.11799	9.8742	72.45452	143.00271	96.14976	79.59516	29.1404	68.01738	87.69357	49.25951	28.1579	57.07114	44.27334	42.64097	43.87196	69.6809	7.68856	45.2892	38.58491	78.10126	96.95015	81.99851	117.76329	50.8929	56.27342	39.68732	64.0168	100.53961	180.39008	69.54085	116.98463	54.0102	41.63659	174.97553	88.85056	124.833	142.49958	164.3421	67.30966	95.26544	100.98918	152.89636	138.0141	142.46558	160.64228	110.37758	126.9919	109.20591	156.94507	137.28434	136.69027	34.15606	140.86641	133.12636	59.24492	60.64033	32.6525	47.75497	17.88054	25.38433	13.70139	63.63141	48.06636	131.33064	147.21315	115.70349	113.16124	19.62571	23.43492	17.68214	9.4794	87.25912	64.07836	36.7382	62.52441	108.73279	88.79385	150.5885	108.28242	38.49297	18.96972	23.80867	32.25272	333.11758	446.04667	386.63244	257.83875	185.61162	112.10739	127.39218	85.48171	93.1898	102.01623	101.41456	104.99148	165.71874	131.89615	74.15122	55.41192	29.01715	52.18186	31.55715	65.61905	209.79721	245.4085	133.57502	177.47345	67.71967	36.42667	23.88435	13.06414	63.493	40.56169	81.04662	50.39339	84.97614	100.94249	114.26009	116.41248	114.75713	97.01124	68.56025	87.52228	159.21994	155.48867	158.65553	45.41847	76.98222	58.40671	83.13609	91.76345	19.52978	25.99923	2.07679	1.23839	22.66417	36.64989	41.29238	17.53268	248.43662	143.58636	41.88553	60.84715	26.74019	66.00861	87.68631	78.64118	28.18818	28.68335	16.59682	9.62791	42.60396	44.90506	27.32288	11.21255	124.39638	88.86657	206.70345	184.3186	44.58632	44.93333	NA	NA	NA	NA	NA	NA	NA	NA	NA	NA	NA	NA	NA	NA	NA	NA	NA	NA	NA	NA	NA	NA	NA	NA	NA	NA	NA	NA	NA	NA	NA	NA	NA	NA	NA	NA	NA	NA	NA	NA	NA	NA	NA	NA	NA	NA	NA	NA	NA	NA	NA	NA	NA	NA	NA	NA	NA	NA	NA	NA	NA	NA	NA	NA	NA	NA	NA	NA	NA	NA	NA	NA	NA	NA	NA	NA	NA	NA	NA	NA	NA	NA	NA	NA	NA	NA	NA	NA	NA	NA	NA	NA	NA	NA	NA	NA	NA	NA	NA	NA	NA	NA	NA	NA	NA	NA	NA	NA	NA	NA	NA	NA	NA	NA	NA	NA	NA	NA	NA	NA	NA	NA	NA	NA	NA	NA	NA	NA	NA	NA	NA	NA	NA	NA	NA	NA	NA	NA	NA	NA	NA	NA	NA	NA	NA	NA	NA	NA	NA	NA	NA	NA	NA	NA	NA
GH77	862.12147	820.46092	844.17024	811.17588	755.43333	881.8659	784.8846	739.83958	837.04564	770.83476	644.68926	765.31271	840.60125	817.71098	508.71673	532.24503	546.42579	526.63477	531.60096	563.3414	579.81555	651.09644	675.02043	597.37384	715.33453	672.49972	695.44783	734.58432	534.86052	692.52116	668.94077	702.19105	633.93911	698.89087	560.30277	793.38439	872.92471	729.78556	676.38114	783.23966	863.95949	668.76395	874.12827	768.66994	757.92763	788.50333	663.26279	757.2147	542.45131	777.21296	655.80992	659.05843	725.78618	594.13994	599.64566	691.3716	810.0226	766.36841	596.47925	827.45211	714.39904	499.48141	795.64671	789.72202	786.35839	778.40172	756.40381	771.09815	679.12362	598.13226	629.95137	736.17742	753.32113	728.98518	676.54341	431.01051	539.54984	623.26997	556.02235	563.26477	436.89102	427.95202	629.23407	595.3539	636.81302	714.06762	815.1788	639.21732	620.99873	670.73729	616.15088	741.11745	693.64462	690.75963	544.29078	759.25754	424.26549	683.92142	582.36383	669.14356	576.34968	532.42333	662.97081	495.66403	586.817	588.92739	534.747	595.0047	527.12958	512.40698	574.73118	839.86669	603.60185	583.29997	511.67506	671.66186	628.42334	588.18605	594.94186	673.45024	641.79487	630.34141	749.34036	573.31363	538.3429	504.23164	642.59363	688.72482	772.55579	655.0321	734.13833	722.72953	516.4829	695.97586	796.86366	803.62281	499.29169	570.98194	579.16509	677.44243	673.34737	766.60859	736.99431	760.34732	511.75591	513.79486	396.38855	493.02238	551.32286	666.6629	648.42924	699.29744	437.44463	528.02208	650.2158	571.19137	659.73922	736.80598	615.30799	674.33079	717.05667	683.05468	665.20565	663.00924	625.0406	749.71742	693.09754	716.29658	517.10767	586.10208	614.50779	646.23147	510.58851	452.68433	468.01039	587.87682	634.0755	582.95985	670.3976	654.8085	643.30652	702.79664	644.64493	700.44384	475.13121	517.15326	545.62901	359.63237	622.57446	588.1852	504.03613	518.5432	572.86941	605.35331	697.39055	634.42225	436.38554	716.00504	709.07192	811.56847	616.17508	620.51102	726.17472	824.99983	799.11781	706.8619	627.88709	549.46087	610.01734	663.23115	766.99506	719.6915	592.17791	620.12349	579.30051	572.63908	580.43777	501.1697	557.21155	729.95832	922.13885	856.36706	NA	NA	NA	NA	NA	NA	NA	NA	NA	NA	NA	NA	NA	NA	NA	NA	NA	NA	NA	NA	NA	NA	NA	NA	NA	NA	NA	NA	NA	NA	NA	NA	NA	NA	NA	NA	NA	NA	NA	NA	NA	NA	NA	NA	NA	NA	NA	NA	NA	NA	NA	NA	NA	NA	NA	NA	NA	NA	NA	NA	NA	NA	NA	NA	NA	NA	NA	NA	NA	NA	NA	NA	NA	NA	NA	NA	NA	NA	NA	NA	NA	NA	NA	NA	NA	NA	NA	NA	NA	NA	NA	NA	NA	NA	NA	NA	NA	NA	NA	NA	NA	NA	NA	NA	NA	NA	NA	NA	NA	NA	NA	NA	NA	NA	NA	NA	NA	NA	NA	NA	NA	NA	NA	NA	NA	NA	NA	NA	NA	NA	NA	NA	NA	NA	NA	NA	NA	NA	NA	NA	NA	NA	NA	NA	NA	NA	NA	NA	NA	NA	NA	NA	NA	NA	NA
GH78	360.64099	348.93329	381.48942	389.96994	340.10959	330.57841	369.48022	377.67615	333.90666	385.24672	428.64626	417.97389	431.03551	349.78985	878.3052	1015.88664	898.73424	1022.21507	1208.11777	633.26132	399.00063	235.30497	461.28668	338.52612	313.39281	347.21419	403.59763	317.89945	471.81096	359.08456	459.41697	448.58964	513.2449	384.04017	424.79656	421.56556	369.96807	536.74106	572.54912	496.11165	460.28983	527.82663	275.37831	326.47041	395.55397	306.1912	331.72868	467.42958	569.52354	469.59463	515.53229	530.66591	380.30413	471.88347	284.98403	317.92723	242.90102	276.55052	269.86611	284.26168	320.72455	241.95643	301.43288	250.49576	292.74637	275.93884	293.32279	291.61697	360.74488	378.99032	384.54742	400.07965	443.41608	396.78157	298.97236	447.1578	465.38327	290.26975	404.97036	416.32339	508.03778	579.96381	493.06953	558.70856	419.28957	353.62611	254.77248	356.203	401.78897	543.05507	396.36617	442.44892	375.68865	320.47476	860.74319	473.89724	343.74216	479.19749	572.40164	514.54507	478.5033	511.10652	494.69239	435.90491	502.40869	517.54209	457.86145	505.96521	449.90379	452.58338	451.70308	424.31897	543.35042	417.81049	385.90301	345.26184	435.70341	437.47012	488.14458	445.27753	454.7973	543.19248	510.38099	387.22858	453.55492	446.49902	285.75244	280.00714	396.89045	425.59386	288.37267	487.48535	400.57452	319.44546	249.6105	338.93839	394.04282	259.7468	483.44771	340.5397	405.69677	319.7055	317.97688	395.71687	696.22675	765.14102	545.80948	607.26514	385.57796	292.76243	351.52479	232.47862	455.55616	350.03271	365.74091	421.56515	485.32994	439.15565	441.02875	370.81032	225.67905	335.222	199.94851	270.47087	660.39249	742.823	477.05872	638.30622	435.78867	379.76748	428.39579	302.62966	348.01404	498.89742	414.43367	366.87954	305.75838	375.68579	346.32828	346.78469	480.64782	392.17311	350.32508	434.66423	527.04836	442.89715	548.56429	397.68049	319.38165	275.87648	329.42021	357.48575	325.96935	329.53859	290.42268	279.17664	412.4838	707.90036	460.97286	270.58956	465.84721	340.39833	229.56539	222.57397	300.12628	329.24999	345.04957	372.14579	266.47164	291.13014	233.32181	322.62567	318.7229	324.50025	287.8422	325.03095	449.09815	394.82748	621.00746	464.86842	363.5088	322.97018	NA	NA	NA	NA	NA	NA	NA	NA	NA	NA	NA	NA	NA	NA	NA	NA	NA	NA	NA	NA	NA	NA	NA	NA	NA	NA	NA	NA	NA	NA	NA	NA	NA	NA	NA	NA	NA	NA	NA	NA	NA	NA	NA	NA	NA	NA	NA	NA	NA	NA	NA	NA	NA	NA	NA	NA	NA	NA	NA	NA	NA	NA	NA	NA	NA	NA	NA	NA	NA	NA	NA	NA	NA	NA	NA	NA	NA	NA	NA	NA	NA	NA	NA	NA	NA	NA	NA	NA	NA	NA	NA	NA	NA	NA	NA	NA	NA	NA	NA	NA	NA	NA	NA	NA	NA	NA	NA	NA	NA	NA	NA	NA	NA	NA	NA	NA	NA	NA	NA	NA	NA	NA	NA	NA	NA	NA	NA	NA	NA	NA	NA	NA	NA	NA	NA	NA	NA	NA	NA	NA	NA	NA	NA	NA	NA	NA	NA	NA	NA	NA	NA	NA	NA	NA	NA
GH79	0.28274	0.36129	0.41429	0.15282	0.60378	0.5746	2.20396	2.98617	1.91705	6.81291	5.02166	2.76601	4.23812	1.96411	0.11173	0.24329	0.58043	0.10463	0.30081	0.05307	0.16792	2.93656	3.07226	1.63484	1.46556	1.17984	1.23892	4.03029	4.12628	2.18353	3.52196	3.42623	2.40466	4.10566	6.78322	0.50284	0.10778	0.83614	NA	0.1969	0.32315	2.03143	0.05122	1.02308	0.275	0.86532	0.10892	1.84477	0.79421	1.23509	0.16039	1.10811	2.56433	0.30237	1.11615	2.22376	0.21268	2.29599	2.13565	0.45669	1.48101	1.62242	1.44655	2.82505	1.32126	1.31482	2.34101	1.02464	3.46843	1.11358	0.36529	1.72891	1.19008	3.69737	1.20056	0.11172	0.38908	1.15542	0.41194	0.77212	0.33078	0.38338	5.60942	9.83005	9.06593	8.6503	6.02039	4.56192	5.68648	2.8812	3.82159	3.47835	0.9439	1.63575	29.10295	2.65256	0.07548	0.26169	0.11444	0.47888	0.61336	0.35821	0.5643	4.92504	7.53948	11.95711	6.66601	8.54209	9.29968	4.82617	0.15189	0.94349	0.46368	0.37484	0.36962	1.03582	0.86099	0.43664	0.76514	0.72013	0.46228	0.47594	1.39453	0.21863	5.38577	8.5235	2.43932	1.53099	0.40508	0.13291	0.49097	0.75014	3.30886	2.86233	1.88571	2.80615	0.32493	0.18274	0.81469	2.36867	1.79647	2.43237	0.42443	0.72045	1.15722	0.73073	0.4115	1.11168	2.05987	1.66269	2.56197	0.91202	8.45672	4.75195	5.0125	5.65065	5.76968	3.57992	11.21939	4.93401	0.54687	1.61531	0.4797	1.23728	1.00192	1.02279	1.04675	0.67	1.47581	1.19831	1.10695	0.77521	0.56541	0.76331	0.61784	1.28411	3.84419	3.61644	3.06043	2.39808	0.56765	0.40149	0.633	1.1924	0.53909	1.59346	0.39204	NA	5.60786	3.59402	4.81344	3.04474	4.79615	1.22481	0.37246	0.38786	NA	0.59491	0.86611	1.64617	0.62382	1.27069	0.52107	1.13843	3.14498	2.05526	0.93425	0.48571	1.56669	2.0802	1.11495	1.21006	1.78298	1.13037	2.2407	3.50619	0.74821	1.74198	NA	0.46115	2.8841	4.27738	NA	NA	NA	NA	NA	NA	NA	NA	NA	NA	NA	NA	NA	NA	NA	NA	NA	NA	NA	NA	NA	NA	NA	NA	NA	NA	NA	NA	NA	NA	NA	NA	NA	NA	NA	NA	NA	NA	NA	NA	NA	NA	NA	NA	NA	NA	NA	NA	NA	NA	NA	NA	NA	NA	NA	NA	NA	NA	NA	NA	NA	NA	NA	NA	NA	NA	NA	NA	NA	NA	NA	NA	NA	NA	NA	NA	NA	NA	NA	NA	NA	NA	NA	NA	NA	NA	NA	NA	NA	NA	NA	NA	NA	NA	NA	NA	NA	NA	NA	NA	NA	NA	NA	NA	NA	NA	NA	NA	NA	NA	NA	NA	NA	NA	NA	NA	NA	NA	NA	NA	NA	NA	NA	NA	NA	NA	NA	NA	NA	NA	NA	NA	NA	NA	NA	NA	NA	NA	NA	NA	NA	NA	NA	NA	NA	NA	NA	NA	NA	NA	NA	NA	NA	NA	NA
GH8	90.76512	123.2908	74.90407	77.67615	102.74816	79.97679	75.60546	114.30775	68.1752	80.7452	122.21845	84.75931	108.27419	104.97045	6.39011	4.03504	9.65681	5.51597	6.39116	13.30987	19.396	52.22266	62.84068	47.96894	75.31614	66.4037	56.54378	102.39245	66.40903	96.91357	75.19593	80.56462	63.04985	89.51445	77.70135	52.77188	92.67017	61.5502	48.05256	64.08359	70.19336	63.34321	55.08354	56.71224	59.19927	56.8928	46.33235	56.41063	60.80534	49.73618	71.35112	49.59958	58.54244	49.17535	97.21745	123.12168	152.65729	142.27742	128.69424	131.16062	96.12652	46.15751	68.9818	87.14479	54.81174	76.47393	75.88714	61.64541	86.82298	65.52018	54.89847	65.77319	59.39894	73.4915	73.23518	15.43199	29.76868	27.4753	44.57058	36.5637	24.22262	25.29962	66.2512	80.6905	90.02473	76.50152	70.75652	64.56246	65.54478	73.45244	37.61492	79.66478	73.64605	57.78472	124.02826	35.35465	101.40743	95.06441	169.6435	185.41709	245.86171	210.9649	124.64414	52.19621	47.23168	66.18145	53.53722	73.49827	59.46955	51.5091	30.47572	50.41374	120.67149	65.52401	86.75849	66.07038	38.94888	63.83837	81.9583	107.55832	76.5351	133.95313	70.05776	19.48383	76.5759	72.54617	53.53439	48.90941	118.67155	119.91651	61.86342	145.59557	77.12995	128.09985	78.19101	64.83026	37.72225	42.69028	52.65404	63.62939	54.82983	36.4256	78.30502	95.03184	18.83708	13.40446	8.49704	19.79126	43.41028	83.5211	41.91332	59.98331	53.396	62.17679	47.33182	51.78808	55.25004	46.14385	49.91922	36.8971	64.76098	62.40609	46.78334	66.96708	26.66015	41.23166	45.35525	44.30616	48.32708	66.20269	57.34076	49.06686	33.0016	22.14957	38.403	44.21482	87.24167	73.34849	59.75405	49.87473	20.68251	87.0231	35.03791	34.50101	89.88399	90.00545	102.3022	57.94725	93.37815	98.29366	115.81502	86.03924	120.04617	148.4089	220.70857	210.23132	143.32714	194.69787	127.83476	53.53927	48.59433	38.51828	45.21114	38.25002	82.2864	77.868	20.1822	19.11288	84.84026	77.07298	86.42741	163.45427	52.33343	48.4488	63.25524	38.77821	134.49577	49.34272	76.78567	46.91861	108.21306	55.91303	NA	NA	NA	NA	NA	NA	NA	NA	NA	NA	NA	NA	NA	NA	NA	NA	NA	NA	NA	NA	NA	NA	NA	NA	NA	NA	NA	NA	NA	NA	NA	NA	NA	NA	NA	NA	NA	NA	NA	NA	NA	NA	NA	NA	NA	NA	NA	NA	NA	NA	NA	NA	NA	NA	NA	NA	NA	NA	NA	NA	NA	NA	NA	NA	NA	NA	NA	NA	NA	NA	NA	NA	NA	NA	NA	NA	NA	NA	NA	NA	NA	NA	NA	NA	NA	NA	NA	NA	NA	NA	NA	NA	NA	NA	NA	NA	NA	NA	NA	NA	NA	NA	NA	NA	NA	NA	NA	NA	NA	NA	NA	NA	NA	NA	NA	NA	NA	NA	NA	NA	NA	NA	NA	NA	NA	NA	NA	NA	NA	NA	NA	NA	NA	NA	NA	NA	NA	NA	NA	NA	NA	NA	NA	NA	NA	NA	NA	NA	NA	NA	NA	NA	NA	NA	NA
GH81	4.66011	4.06041	5.50204	2.75625	3.26259	3.353	4.8281	6.10026	7.95397	8.32243	3.48704	7.7055	7.95935	9.33253	NA	NA	NA	NA	NA	NA	NA	NA	NA	NA	NA	NA	NA	NA	4.91732	7.16564	9.37604	2.93494	1.53618	3.25166	4.10496	1.1305	3.96062	2.86963	3.92563	2.32545	1.20439	1.7267	16.91989	9.26428	8.01691	1.36279	0.49072	20.46557	13.28828	33.22252	17.15766	21.93714	21.43657	21.84048	2.94553	3.12734	1.62565	3.8183	3.19964	1.66348	6.04345	4.8092	1.94589	35.84333	33.75898	21.08732	21.55813	17.60709	10.56067	10.78213	12.27167	7.96582	8.84194	7.05511	8.54223	4.86223	5.38936	4.45508	3.31063	4.02803	4.00503	1.53291	3.60665	5.06006	1.931	1.74603	2.38416	1.06564	1.9151	12.18285	5.33987	2.06674	5.12436	2.43304	1.13478	3.41246	1.9819	3.5581	2.74419	2.18793	4.85306	1.99277	1.95543	1.69609	4.59324	5.50802	2.75928	4.16297	2.49346	10.18113	0.76729	2.17867	3.63615	2.38459	2.12145	1.46013	1.50219	3.22277	4.561	2.0608	4.17429	1.49241	3.16521	2.37175	3.08488	4.51893	2.21483	2.75397	4.91304	2.41864	0.74533	1.63242	3.60216	4.43237	3.14216	4.21895	0.76004	0.8682	2.48185	2.82741	8.48423	6.36586	5.86715	4.23575	NA	NA	NA	NA	NA	0.09673	0.0462	NA	0.68796	1.64258	1.90287	1.5553	3.27665	5.99145	0.65511	1.52888	0.89718	2.68224	1.81682	3.37944	5.63475	1.05859	6.04796	3.29704	9.27849	14.51014	15.35278	9.71202	7.76544	1.96537	3.17373	6.81515	4.98024	4.50887	1.85841	3.25278	1.68198	4.22255	0.69608	0.78344	2.25341	0.66684	1.09425	12.32519	4.31871	3.0051	4.38643	2.73227	2.01464	1.24562	0.98948	0.17292	12.22887	4.05096	20.40736	9.25591	2.50463	1.353	2.07445	3.72656	33.1282	14.48565	8.82292	10.33995	5.89511	1.92247	0.43983	0.41915	24.72964	5.33634	18.6292	5.93386	1.9691	5.25686	3.57199	3.38274	7.46213	9.09421	NA	NA	NA	NA	NA	NA	NA	NA	NA	NA	NA	NA	NA	NA	NA	NA	NA	NA	NA	NA	NA	NA	NA	NA	NA	NA	NA	NA	NA	NA	NA	NA	NA	NA	NA	NA	NA	NA	NA	NA	NA	NA	NA	NA	NA	NA	NA	NA	NA	NA	NA	NA	NA	NA	NA	NA	NA	NA	NA	NA	NA	NA	NA	NA	NA	NA	NA	NA	NA	NA	NA	NA	NA	NA	NA	NA	NA	NA	NA	NA	NA	NA	NA	NA	NA	NA	NA	NA	NA	NA	NA	NA	NA	NA	NA	NA	NA	NA	NA	NA	NA	NA	NA	NA	NA	NA	NA	NA	NA	NA	NA	NA	NA	NA	NA	NA	NA	NA	NA	NA	NA	NA	NA	NA	NA	NA	NA	NA	NA	NA	NA	NA	NA	NA	NA	NA	NA	NA	NA	NA	NA	NA	NA	NA	NA	NA	NA	NA	NA	NA	NA	NA	NA	NA	NA
GH82	NA	NA	NA	NA	NA	NA	NA	NA	NA	NA	NA	NA	NA	NA	NA	NA	NA	NA	NA	NA	NA	NA	NA	NA	NA	NA	NA	NA	NA	NA	NA	NA	NA	NA	NA	NA	NA	NA	NA	NA	NA	NA	NA	NA	NA	NA	NA	NA	NA	NA	NA	NA	NA	NA	NA	NA	NA	NA	NA	NA	NA	NA	NA	NA	NA	NA	NA	NA	1.52186	1.21192	0.41363	0.62528	1.22724	0.25603	1.10019	0.544	0.52149	NA	NA	0.52192	0.29784	1.43711	NA	NA	NA	NA	NA	NA	NA	NA	NA	NA	NA	NA	NA	NA	NA	NA	NA	NA	NA	NA	NA	1.53151	1.82176	2.59442	1.92824	2.5303	2.30501	2.19931	0.55249	NA	NA	0.27269	NA	NA	NA	NA	NA	NA	NA	NA	NA	NA	1.24926	3.06303	1.24589	0.62741	NA	NA	NA	NA	NA	NA	NA	NA	NA	NA	NA	NA	NA	NA	NA	NA	NA	NA	NA	NA	NA	NA	NA	NA	NA	NA	NA	NA	NA	NA	0.35015	NA	NA	NA	NA	NA	NA	NA	NA	NA	1.21829	0.98644	1.07408	0.32801	NA	0.74772	2.07447	0.70834	NA	NA	NA	NA	NA	NA	NA	NA	NA	NA	NA	NA	1.76547	0.41784	0.20157	1.07659	NA	NA	NA	NA	NA	NA	NA	NA	NA	NA	NA	NA	NA	NA	NA	NA	NA	NA	NA	NA	NA	NA	0.2299	0.43577	NA	2.22261	NA	NA	NA	NA	NA	NA	NA	NA	NA	NA	NA	NA	NA	NA	NA	NA	NA	NA	NA	NA	NA	NA	NA	NA	NA	NA	NA	NA	NA	NA	NA	NA	NA	NA	NA	NA	NA	NA	NA	NA	NA	NA	NA	NA	NA	NA	NA	NA	NA	NA	NA	NA	NA	NA	NA	NA	NA	NA	NA	NA	NA	NA	NA	NA	NA	NA	NA	NA	NA	NA	NA	NA	NA	NA	NA	NA	NA	NA	NA	NA	NA	NA	NA	NA	NA	NA	NA	NA	NA	NA	NA	NA	NA	NA	NA	NA	NA	NA	NA	NA	NA	NA	NA	NA	NA	NA	NA	NA	NA	NA	NA	NA	NA	NA	NA	NA	NA	NA	NA	NA	NA	NA	NA	NA	NA	NA	NA	NA	NA	NA	NA	NA	NA	NA	NA	NA	NA	NA	NA	NA	NA	NA	NA	NA	NA	NA	NA	NA	NA	NA	NA	NA	NA	NA	NA	NA	NA	NA	NA
GH84	82.14866	70.04819	43.94318	62.28417	62.4938	60.93975	65.0652	95.19128	76.69355	57.95948	92.66594	68.6261	62.65356	39.43433	163.45945	174.40388	114.6004	163.88557	184.09778	96.74044	141.11113	120.19687	115.3255	66.99481	68.70553	71.62132	90.05333	60.88467	84.58877	53.60014	84.79304	99.36184	108.19724	125.06081	98.66111	119.57319	75.3051	142.99057	146.43963	111.11453	117.79406	108.99311	46.18608	50.27349	67.18067	45.05945	64.84085	141.80188	160.9358	133.78539	152.08335	162.34444	122.25004	119.09893	96.95972	159.17623	139.63446	162.84341	132.25163	136.11307	106.75432	40.59962	44.8983	45.77183	57.09494	37.38994	42.83115	38.6958	53.00848	82.72496	67.59177	44.75933	59.65344	51.84595	53.37377	188.76856	116.92177	95.89979	49.44169	70.73762	94.70746	139.85507	62.68433	75.16015	37.35948	37.38225	34.92396	64.05457	64.10147	68.81283	60.30363	38.46504	39.39955	61.68591	47.70897	41.19976	65.2561	115.06695	89.2259	104.07312	45.10457	56.38646	114.09107	95.69674	103.03531	108.70116	96.94973	89.69146	82.67694	110.73286	173.20599	101.637	131.52567	130.91781	103.92769	98.66096	101.1732	83.90087	100.17341	71.80135	62.34188	125.07055	70.22723	200.45732	92.47977	87.40357	62.25957	66.59731	119.85229	113.30856	59.86606	144.03349	116.00374	90.10362	37.70558	70.05524	164.95984	148.88549	177.14394	77.10296	123.42775	60.55881	68.839	100.37599	144.30378	167.01106	97.45384	122.09254	81.58393	60.85446	74.10267	48.25858	79.66033	66.41031	71.87622	80.11554	69.94974	75.13425	36.2504	50.94875	69.01933	62.54414	30.49621	59.5043	123.57604	118.84709	91.59917	137.64932	75.10836	45.15916	41.26818	30.4985	68.62036	115.04648	48.92216	90.10021	118.67279	170.91807	132.15103	152.17884	153.24441	86.78663	99.89339	129.08354	158.59812	124.5917	136.79626	121.14555	130.27474	92.80015	107.83093	96.82516	152.5627	201.80728	228.90798	206.85165	130.09969	211.95419	157.44152	120.39015	107.9899	77.64375	33.52995	42.88327	72.63838	76.64491	128.93852	142.15341	73.60513	75.96684	67.08987	94.35421	38.22045	36.40122	26.91589	32.28586	83.59071	110.42986	129.2239	74.0195	24.9542	39.07493	NA	NA	NA	NA	NA	NA	NA	NA	NA	NA	NA	NA	NA	NA	NA	NA	NA	NA	NA	NA	NA	NA	NA	NA	NA	NA	NA	NA	NA	NA	NA	NA	NA	NA	NA	NA	NA	NA	NA	NA	NA	NA	NA	NA	NA	NA	NA	NA	NA	NA	NA	NA	NA	NA	NA	NA	NA	NA	NA	NA	NA	NA	NA	NA	NA	NA	NA	NA	NA	NA	NA	NA	NA	NA	NA	NA	NA	NA	NA	NA	NA	NA	NA	NA	NA	NA	NA	NA	NA	NA	NA	NA	NA	NA	NA	NA	NA	NA	NA	NA	NA	NA	NA	NA	NA	NA	NA	NA	NA	NA	NA	NA	NA	NA	NA	NA	NA	NA	NA	NA	NA	NA	NA	NA	NA	NA	NA	NA	NA	NA	NA	NA	NA	NA	NA	NA	NA	NA	NA	NA	NA	NA	NA	NA	NA	NA	NA	NA	NA	NA	NA	NA	NA	NA	NA
GH85	16.2413	19.6418	24.26127	20.42898	12.50825	14.22652	22.23296	21.33004	10.65812	15.31157	14.05186	13.06808	10.05025	11.85249	35.52832	28.62624	40.44004	33.32689	28.50493	51.842	56.8581	23.07345	21.73462	22.34045	14.85455	14.46492	36.606	45.55435	30.09179	23.84805	33.87308	71.71565	25.21019	135.75839	43.88879	10.10261	19.7435	15.02438	22.83456	13.57704	18.05575	23.35911	13.47574	30.65569	31.40805	31.4866	24.2145	16.66138	14.4885	8.94793	11.72866	10.38726	17.9009	6.49073	10.55804	8.4008	8.68525	9.07358	11.07121	6.63983	15.614	26.23449	47.73911	39.64273	33.01333	27.06548	19.06583	36.39416	20.23593	21.3931	60.36436	15.00608	12.28113	12.47447	17.17458	45.51165	33.42213	6.86084	42.09374	48.66792	47.12046	34.91608	35.3275	30.31527	18.28975	20.76517	18.43906	32.61191	27.63204	15.51939	11.62304	13.43981	17.2283	11.37393	8.616	7.26075	8.06674	10.4677	10.12392	8.40062	10.84581	5.28571	9.90181	16.64386	15.09359	18.08324	19.94384	14.8493	21.8878	19.68689	6.19212	11.60333	10.78187	14.41454	12.83089	6.39422	20.4972	20.00168	21.53591	12.06513	15.08849	10.08586	9.43083	24.43421	15.59308	20.56635	9.96714	7.20208	12.76975	11.37258	11.14172	9.48286	9.92104	11.49818	13.71703	15.14636	37.58957	31.62868	26.03213	14.70627	16.00021	15.04022	15.1348	8.55674	24.82959	19.71662	9.09269	20.86181	17.29391	33.15771	23.02153	34.09398	21.50053	14.50406	13.99402	23.44368	9.08205	9.7475	8.57733	8.40464	11.98527	12.46315	6.57049	7.58867	30.78723	29.71707	34.31121	38.79447	12.51723	16.47143	39.01348	6.60366	32.50834	25.02957	22.06241	26.56692	105.40087	191.20206	94.94999	194.36543	10.07975	11.11123	3.92879	7.00832	39.23633	31.5072	22.63152	NA	19.35319	19.85198	8.18944	18.98109	27.48704	113.49233	28.56092	42.3603	NA	4.30191	1.71799	3.54096	27.88089	16.43493	15.53196	15.75715	16.12184	12.02784	11.36841	2.23586	11.08955	12.06531	10.24715	6.09764	18.92527	19.74057	29.04167	31.89827	11.56732	15.65617	13.19919	9.85881	26.98404	28.70256	NA	NA	NA	NA	NA	NA	NA	NA	NA	NA	NA	NA	NA	NA	NA	NA	NA	NA	NA	NA	NA	NA	NA	NA	NA	NA	NA	NA	NA	NA	NA	NA	NA	NA	NA	NA	NA	NA	NA	NA	NA	NA	NA	NA	NA	NA	NA	NA	NA	NA	NA	NA	NA	NA	NA	NA	NA	NA	NA	NA	NA	NA	NA	NA	NA	NA	NA	NA	NA	NA	NA	NA	NA	NA	NA	NA	NA	NA	NA	NA	NA	NA	NA	NA	NA	NA	NA	NA	NA	NA	NA	NA	NA	NA	NA	NA	NA	NA	NA	NA	NA	NA	NA	NA	NA	NA	NA	NA	NA	NA	NA	NA	NA	NA	NA	NA	NA	NA	NA	NA	NA	NA	NA	NA	NA	NA	NA	NA	NA	NA	NA	NA	NA	NA	NA	NA	NA	NA	NA	NA	NA	NA	NA	NA	NA	NA	NA	NA	NA	NA	NA	NA	NA	NA	NA
GH86	NA	NA	NA	NA	NA	NA	NA	NA	NA	NA	NA	NA	NA	NA	NA	NA	NA	NA	NA	NA	NA	NA	NA	0.08324	NA	NA	NA	NA	NA	NA	NA	NA	NA	NA	NA	NA	NA	NA	NA	NA	NA	NA	0.56534	0.28213	4.05539	0.08699	0.72698	NA	NA	NA	NA	NA	NA	NA	NA	NA	NA	NA	NA	NA	NA	NA	NA	NA	NA	NA	NA	NA	NA	NA	NA	NA	NA	NA	NA	NA	NA	0.25379	NA	NA	NA	0.08239	NA	NA	NA	NA	NA	NA	NA	NA	NA	NA	NA	NA	NA	0.08081	NA	NA	NA	NA	NA	NA	NA	NA	NA	NA	NA	NA	NA	NA	NA	NA	NA	0.0819	NA	NA	0.08804	NA	NA	NA	NA	NA	NA	0.04149	NA	NA	NA	NA	NA	NA	NA	NA	NA	NA	NA	NA	NA	NA	0.12669	NA	NA	NA	NA	NA	NA	NA	NA	NA	NA	NA	NA	NA	NA	NA	NA	NA	NA	NA	NA	NA	0.24026	0.47973	0.13363	1.79846	NA	NA	0.03294	NA	NA	NA	NA	NA	0.06961	NA	NA	NA	NA	NA	NA	NA	NA	NA	NA	NA	NA	NA	NA	NA	NA	NA	NA	NA	NA	NA	NA	NA	NA	NA	NA	NA	6.10192	1.01546	7.10021	0.33978	0.06433	NA	NA	NA	NA	NA	NA	NA	NA	0.03256	NA	0.03272	NA	NA	NA	NA	2.73243	0.83173	NA	NA	NA	NA	NA	NA	NA	NA	NA	NA	NA	NA	NA	NA	NA	NA	NA	NA	NA	NA	NA	NA	NA	NA	NA	NA	NA	NA	NA	NA	NA	NA	NA	NA	NA	NA	NA	NA	NA	NA	NA	NA	NA	NA	NA	NA	NA	NA	NA	NA	NA	NA	NA	NA	NA	NA	NA	NA	NA	NA	NA	NA	NA	NA	NA	NA	NA	NA	NA	NA	NA	NA	NA	NA	NA	NA	NA	NA	NA	NA	NA	NA	NA	NA	NA	NA	NA	NA	NA	NA	NA	NA	NA	NA	NA	NA	NA	NA	NA	NA	NA	NA	NA	NA	NA	NA	NA	NA	NA	NA	NA	NA	NA	NA	NA	NA	NA	NA	NA	NA	NA	NA	NA	NA	NA	NA	NA	NA	NA	NA	NA	NA	NA	NA	NA	NA	NA	NA	NA	NA	NA	NA	NA	NA	NA	NA	NA	NA	NA	NA	NA	NA	NA	NA	NA
GH87	0.47135	0.24826	0.82529	0.47089	0.20187	NA	0.29028	0.34305	0.70978	1.05877	0.3319	0.54521	0.88935	1.13267	0.04161	1.40677	0.63276	0.57307	0.74067	2.8805	2.79796	NA	0.0806	0.15988	NA	NA	0.42715	0.20169	0.98284	1.76203	0.86555	1.4216	0.40235	0.89762	0.69258	0.49876	7.20295	2.393	1.8033	3.71627	3.88232	0.37781	0.07882	0.16871	0.08191	0.11794	0.4217	NA	0.15497	0.11705	0.16625	NA	0.08377	0.39305	12.86363	6.81757	13.75058	8.52772	8.24722	6.43513	13.88305	1.05839	2.49893	1.08438	1.54102	0.80331	1.13736	1.1906	0.67985	2.06383	0.602	0.53721	1.24544	1.33972	1.58089	2.93045	3.06172	1.89889	1.94731	3.21185	4.6709	1.94343	0.35487	0.08693	0.66622	0.37192	0.30432	1.05963	1.44238	3.74144	1.81843	1.11774	1.81774	0.82217	NA	0.08652	1.74474	2.03892	2.3689	2.51005	3.25019	1.37635	2.87464	5.29751	7.7816	4.51465	4.63284	6.23182	4.7473	3.74737	1.69564	3.96525	1.04226	4.24236	5.05539	2.2352	1.76787	0.89853	1.50448	1.20422	1.41031	0.79439	0.95768	0.35395	5.5805	5.69718	4.7368	2.88356	0.47901	0.27173	NA	NA	0.42261	0.34781	0.25942	0.4348	2.97593	4.83617	0.16057	1.67522	0.41266	0.54287	0.9215	1.22791	0.37469	0.26302	1.37915	0.82585	0.1364	0.03099	NA	0.06958	0.06919	0.38582	0.06333	0.59157	0.06633	0.03216	0.07116	NA	0.0591	0.06254	0.48709	0.16562	NA	NA	NA	0.0568	0.5174	0.46971	0.58257	0.39863	2.65092	1.38955	1.91769	0.96232	0.88401	1.12468	1.20696	0.53727	0.12145	0.93227	0.06459	0.93132	NA	0.05959	NA	NA	0.09883	0.06304	0.09196	NA	0.40615	0.98796	1.29762	1.38585	NA	0.03265	0.40675	0.09758	0.04089	0.10525	0.03324	0.18539	0.30612	0.31241	0.09533	0.03003	15.76747	5.74825	4.89734	2.38573	2.31797	1.32566	0.61821	0.06294	3.20377	4.16	2.25051	2.76783	0.09357	NA	NA	NA	NA	NA	NA	NA	NA	NA	NA	NA	NA	NA	NA	NA	NA	NA	NA	NA	NA	NA	NA	NA	NA	NA	NA	NA	NA	NA	NA	NA	NA	NA	NA	NA	NA	NA	NA	NA	NA	NA	NA	NA	NA	NA	NA	NA	NA	NA	NA	NA	NA	NA	NA	NA	NA	NA	NA	NA	NA	NA	NA	NA	NA	NA	NA	NA	NA	NA	NA	NA	NA	NA	NA	NA	NA	NA	NA	NA	NA	NA	NA	NA	NA	NA	NA	NA	NA	NA	NA	NA	NA	NA	NA	NA	NA	NA	NA	NA	NA	NA	NA	NA	NA	NA	NA	NA	NA	NA	NA	NA	NA	NA	NA	NA	NA	NA	NA	NA	NA	NA	NA	NA	NA	NA	NA	NA	NA	NA	NA	NA	NA	NA	NA	NA	NA	NA	NA	NA	NA	NA	NA	NA	NA	NA	NA	NA	NA	NA	NA	NA	NA	NA	NA	NA	NA
GH88	143.69762	165.20314	158.8822	171.65368	103.10083	140.5525	177.46579	357.65673	267.32061	365.96554	378.77547	340.75669	328.06352	180.17387	845.01089	907.96568	669.61997	920.06442	1069.80923	499.75952	301.04766	121.393	358.2225	188.06962	324.71474	358.88359	381.46371	201.0446	352.06023	230.9651	375.72764	377.53258	348.3645	371.45485	387.44709	294.32175	172.25797	380.94719	397.98307	351.19622	336.16972	375.70382	230.64347	224.90315	327.25843	237.61819	272.08712	523.76412	633.82947	473.87616	655.13231	568.74037	432.66512	533.80513	148.35437	181.34254	86.88011	103.37575	129.15826	125.48255	163.13702	119.15779	55.93595	178.52304	199.61988	132.45318	132.94581	107.51088	224.23092	245.02137	234.59653	121.75344	213.72244	159.20951	144.17755	182.86525	245.91046	35.48509	162.45731	192.99276	275.78908	358.37061	298.57684	435.4038	295.77436	231.90677	224.75383	243.20956	358.23612	395.22544	218.71242	325.77457	213.15401	144.79031	746.91351	264.00242	381.1942	448.13491	608.30818	569.73158	543.08748	588.85691	460.36459	376.83947	416.61524	529.49879	433.32099	530.20306	453.42446	388.00276	535.99095	503.65949	112.12004	428.42685	539.11755	270.89784	182.88212	124.69004	185.2165	88.23283	97.10215	76.04699	169.21727	253.28822	440.63741	497.3988	346.56482	324.23651	115.09351	113.72248	112.12515	96.39016	398.72904	286.09511	245.83756	312.22396	323.0778	263.69948	492.46105	339.78051	145.789	106.36143	116.80111	132.10321	711.29265	819.99446	561.55502	592.06744	298.99429	220.55132	342.55096	205.19597	341.83906	301.66655	372.5284	306.71044	395.66832	284.56219	291.55832	178.65784	185.53728	258.52577	125.95242	188.90356	554.93599	549.30021	386.90789	523.82663	249.87374	146.37913	113.64273	99.98908	221.15134	166.9852	226.38211	151.50539	350.07211	414.71364	413.51204	379.58331	441.95779	283.08603	266.79611	375.72091	580.47942	507.59939	681.37672	536.76159	410.06602	370.0167	544.93117	417.28593	149.85894	98.20276	22.94335	5.12045	133.21123	66.6222	106.70809	69.17497	413.08037	305.88248	360.47936	314.34459	269.01928	304.65873	507.12273	557.79557	102.78483	147.65863	98.30168	45.97856	135.98753	111.35784	78.25959	62.74635	440.61176	253.12923	639.85872	431.90202	191.54797	251.73057	NA	NA	NA	NA	NA	NA	NA	NA	NA	NA	NA	NA	NA	NA	NA	NA	NA	NA	NA	NA	NA	NA	NA	NA	NA	NA	NA	NA	NA	NA	NA	NA	NA	NA	NA	NA	NA	NA	NA	NA	NA	NA	NA	NA	NA	NA	NA	NA	NA	NA	NA	NA	NA	NA	NA	NA	NA	NA	NA	NA	NA	NA	NA	NA	NA	NA	NA	NA	NA	NA	NA	NA	NA	NA	NA	NA	NA	NA	NA	NA	NA	NA	NA	NA	NA	NA	NA	NA	NA	NA	NA	NA	NA	NA	NA	NA	NA	NA	NA	NA	NA	NA	NA	NA	NA	NA	NA	NA	NA	NA	NA	NA	NA	NA	NA	NA	NA	NA	NA	NA	NA	NA	NA	NA	NA	NA	NA	NA	NA	NA	NA	NA	NA	NA	NA	NA	NA	NA	NA	NA	NA	NA	NA	NA	NA	NA	NA	NA	NA	NA	NA	NA	NA	NA	NA
GH89	77.48667	92.05509	125.93894	104.97418	45.42261	51.92916	101.36276	156.8263	122.43557	143.16553	133.35549	148.63967	152.39958	57.97125	474.24535	528.41091	430.40683	568.40335	702.93573	308.90828	158.45297	90.36136	251.49596	97.59893	161.8564	193.78157	195.93403	126.09223	174.24919	118.09067	190.72619	186.8026	203.30049	173.25207	194.63289	214.33317	118.24409	266.2205	211.21656	230.20229	239.9973	223.52711	116.84823	173.80546	240.13116	138.5302	177.6262	409.71451	388.54121	367.51002	452.85467	452.39313	289.72196	354.74107	106.15365	140.74832	66.17925	85.92936	79.21096	68.54265	115.33169	90.76219	61.98258	123.7218	132.50916	66.136	79.09569	47.96547	152.67605	154.98123	184.64998	113.88435	168.20443	136.33168	105.71914	259.87727	206.90869	154.5921	78.86823	124.76486	198.5872	225.03692	163.98971	245.19694	157.99251	120.08795	93.70775	143.13021	208.88531	218.41659	122.62466	144.66149	88.68552	71.6842	399.81822	128.79433	163.41442	237.32875	271.24775	175.14459	170.92096	155.43026	238.05514	135.36115	182.52666	250.77758	192.86077	246.50433	208.22504	171.46	196.13074	186.19311	95.27999	171.2315	176.23309	97.22985	108.70408	114.22099	148.53964	63.87407	74.24722	49.41885	145.20215	373.11397	194.72018	193.58242	133.13687	114.02554	78.35944	64.43638	45.57014	51.87819	167.67526	114.14585	85.49493	156.72696	211.75556	168.0978	306.98999	126.13729	175.1115	79.43587	93.26898	110.30617	416.32689	461.67873	325.40101	381.24864	181.15551	144.95171	181.3612	103.51198	183.01763	163.79139	195.03236	173.13803	222.62101	182.32963	135.28407	97.69498	115.26014	159.28988	54.54112	97.46859	439.92037	499.46849	227.26156	382.91523	173.35775	133.64774	117.61233	82.79406	92.99957	201.55977	99.61704	169.56573	170.67022	245.22293	210.61358	196.72582	293.52372	190.55164	185.18161	243.52032	269.26728	212.49562	282.59135	137.93433	147.06253	135.60467	121.7144	158.70762	97.03891	111.73115	40.25506	15.30971	35.65638	65.1326	92.70976	67.04948	280.39197	210.54702	190.35903	194.89493	197.39333	229.15132	337.90075	396.866	65.49649	102.43026	50.69235	33.68205	87.95564	85.58412	54.97215	50.02895	173.45455	190.66901	403.202	292.35361	101.40823	186.19617	NA	NA	NA	NA	NA	NA	NA	NA	NA	NA	NA	NA	NA	NA	NA	NA	NA	NA	NA	NA	NA	NA	NA	NA	NA	NA	NA	NA	NA	NA	NA	NA	NA	NA	NA	NA	NA	NA	NA	NA	NA	NA	NA	NA	NA	NA	NA	NA	NA	NA	NA	NA	NA	NA	NA	NA	NA	NA	NA	NA	NA	NA	NA	NA	NA	NA	NA	NA	NA	NA	NA	NA	NA	NA	NA	NA	NA	NA	NA	NA	NA	NA	NA	NA	NA	NA	NA	NA	NA	NA	NA	NA	NA	NA	NA	NA	NA	NA	NA	NA	NA	NA	NA	NA	NA	NA	NA	NA	NA	NA	NA	NA	NA	NA	NA	NA	NA	NA	NA	NA	NA	NA	NA	NA	NA	NA	NA	NA	NA	NA	NA	NA	NA	NA	NA	NA	NA	NA	NA	NA	NA	NA	NA	NA	NA	NA	NA	NA	NA	NA	NA	NA	NA	NA	NA
GH9	135.14091	101.74698	112.16387	133.43418	101.32341	185.56512	124.33315	204.46771	239.56531	235.43638	202.35262	203.61204	199.91504	148.93594	518.73204	474.69829	154.83393	364.82603	228.0157	105.71384	40.3985	177.99472	208.40673	138.17783	207.18384	223.06832	174.01263	180.57553	157.6332	127.1537	161.66192	153.83943	167.55769	121.51627	163.82556	49.28648	52.26113	87.13126	48.10577	51.50992	61.92844	174.27522	141.94095	94.02977	154.77395	132.8147	168.65162	71.59923	262.29316	117.46269	154.09756	137.06988	57.28381	138.43502	82.31543	80.75759	75.78216	87.80235	121.18522	131.01849	93.72443	73.45978	86.62681	108.15526	59.61623	161.75812	188.98134	139.37898	103.94373	145.72956	71.65975	79.86502	75.80564	104.38684	107.75048	81.87272	113.05453	25.5805	99.88337	90.9014	113.96144	136.31532	162.77758	129.3467	167.84643	182.66442	257.98701	164.51451	201.06973	146.42685	83.12654	159.3909	114.39066	167.46144	138.46452	29.18857	122.89426	169.85598	142.36733	147.98596	125.14429	151.09185	185.85711	325.68459	323.27137	382.27805	250.96026	235.41615	212.56972	253.6314	181.62488	122.2102	62.25213	164.66241	207.94329	204.73479	81.72653	53.25882	53.88872	86.8723	93.05588	89.50038	147.47375	61.01424	194.79329	257.50773	236.97378	280.10337	71.91196	99.98251	137.41891	134.64164	216.01591	204.06847	233.87686	247.12129	213.80563	177.03806	244.51495	175.56186	73.52612	75.54336	87.87753	75.76671	265.85837	498.70949	371.16507	240.08427	220.51618	167.60677	345.25016	277.17152	173.65277	281.41259	208.18118	217.22778	156.37457	101.72829	176.98445	175.57546	112.1018	116.80429	105.97343	190.75498	202.77792	109.30351	380.22518	362.13145	83.46823	56.6675	62.07433	78.81625	142.22689	82.20708	151.82609	83.35828	136.23275	117.96299	183.20473	122.50373	162.64623	139.99279	140.7538	110.84194	278.80716	308.66227	240.37137	190.85875	282.576	196.60327	324.4693	160.12034	23.63556	21.69281	21.81922	7.44583	NA	32.26666	11.26057	12.96561	331.28587	311.63414	205.78525	196.83975	64.89111	94.51594	123.37255	125.96945	120.07175	80.80586	115.63662	47.26466	100.45079	60.02144	133.76802	69.077	136.08575	71.79527	154.50308	77.60962	144.12827	154.5962	NA	NA	NA	NA	NA	NA	NA	NA	NA	NA	NA	NA	NA	NA	NA	NA	NA	NA	NA	NA	NA	NA	NA	NA	NA	NA	NA	NA	NA	NA	NA	NA	NA	NA	NA	NA	NA	NA	NA	NA	NA	NA	NA	NA	NA	NA	NA	NA	NA	NA	NA	NA	NA	NA	NA	NA	NA	NA	NA	NA	NA	NA	NA	NA	NA	NA	NA	NA	NA	NA	NA	NA	NA	NA	NA	NA	NA	NA	NA	NA	NA	NA	NA	NA	NA	NA	NA	NA	NA	NA	NA	NA	NA	NA	NA	NA	NA	NA	NA	NA	NA	NA	NA	NA	NA	NA	NA	NA	NA	NA	NA	NA	NA	NA	NA	NA	NA	NA	NA	NA	NA	NA	NA	NA	NA	NA	NA	NA	NA	NA	NA	NA	NA	NA	NA	NA	NA	NA	NA	NA	NA	NA	NA	NA	NA	NA	NA	NA	NA	NA	NA	NA	NA	NA	NA
GH91	13.82238	14.85255	16.69762	16.14512	10.70341	14.30516	13.42126	15.35296	10.44073	14.108	8.2882	8.40607	11.70395	13.90049	48.13443	46.91898	73.51811	46.49019	52.9937	84.94474	90.73129	15.62825	33.84012	19.2524	19.68977	20.95206	18.43492	20.09474	26.62172	29.0332	28.16637	24.89991	25.62633	26.85558	26.46716	40.55111	34.25367	31.04544	41.81144	40.95907	40.59331	36.8842	25.13045	45.77209	40.8806	74.85976	39.65953	44.20934	48.38574	36.06144	28.3853	19.50717	36.62906	51.17511	14.76243	8.51038	8.08265	7.64254	6.60885	4.85272	10.53432	8.86677	21.51416	36.85073	26.13274	18.78463	17.05677	10.64199	13.9215	14.93115	21.05162	12.02596	14.98531	13.61988	17.79137	10.85872	7.76161	7.85304	5.68476	12.66466	22.66612	19.24867	24.57614	29.0137	20.87184	26.89496	28.03622	26.67443	28.4174	12.75484	13.07622	18.08111	18.48556	12.25596	3.30752	5.8119	22.66726	24.72329	31.35971	23.3616	26.37774	21.70915	28.82837	10.90218	10.21415	11.23945	9.20532	8.70529	10.14321	11.59313	3.1195	5.9961	13.71456	3.135	2.51336	5.52246	4.10346	12.05016	14.89285	15.88774	11.54837	9.23699	28.21621	41.55231	14.4452	10.86718	13.10838	8.28445	12.10884	7.06474	9.25967	8.56224	10.74125	12.59532	16.94764	16.21001	19.81403	9.19374	28.07609	11.97111	9.1013	21.62397	13.80604	12.14874	56.78291	58.93918	51.42392	48.49928	27.28714	23.88677	24.08856	15.3472	13.69522	11.89168	7.26143	14.00154	11.58972	6.69198	1.75418	1.74844	15.32738	12.768	6.71697	10.34514	37.18333	36.63892	19.0054	32.26081	23.16807	9.69554	9.62475	3.49374	7.28448	11.73037	8.87644	7.52627	26.988	22.94408	21.25572	18.24987	12.27083	20.83428	9.97457	23.48282	1.33296	0.9622	1.17793	NA	5.72466	6.0228	2.68065	2.73656	5.13353	4.92209	1.63223	1.16112	NA	5.87634	10.98251	11.73135	34.62231	42.86187	122.18721	82.35091	46.27009	35.48305	35.81687	22.85952	7.02923	4.93096	6.06546	3.097	12.84867	11.97856	13.29447	11.51585	23.54656	15.55068	27.58644	16.09458	29.17558	52.85364	NA	NA	NA	NA	NA	NA	NA	NA	NA	NA	NA	NA	NA	NA	NA	NA	NA	NA	NA	NA	NA	NA	NA	NA	NA	NA	NA	NA	NA	NA	NA	NA	NA	NA	NA	NA	NA	NA	NA	NA	NA	NA	NA	NA	NA	NA	NA	NA	NA	NA	NA	NA	NA	NA	NA	NA	NA	NA	NA	NA	NA	NA	NA	NA	NA	NA	NA	NA	NA	NA	NA	NA	NA	NA	NA	NA	NA	NA	NA	NA	NA	NA	NA	NA	NA	NA	NA	NA	NA	NA	NA	NA	NA	NA	NA	NA	NA	NA	NA	NA	NA	NA	NA	NA	NA	NA	NA	NA	NA	NA	NA	NA	NA	NA	NA	NA	NA	NA	NA	NA	NA	NA	NA	NA	NA	NA	NA	NA	NA	NA	NA	NA	NA	NA	NA	NA	NA	NA	NA	NA	NA	NA	NA	NA	NA	NA	NA	NA	NA	NA	NA	NA	NA	NA	NA
GH92	485.43465	455.47675	380.25716	424.93624	319.26195	247.26385	519.20722	818.00553	550.23744	744.06909	769.31102	713.45867	703.92869	336.86651	2460.00097	2813.67604	1808.51679	2646.45968	2979.01347	1171.91784	586.88636	379.69688	1311.53087	693.41477	782.24071	895.44854	924.38053	617.368	928.02326	602.24599	937.73012	970.41413	953.91417	1028.57835	990.31703	942.34119	527.06108	1355.16624	1252.01141	965.51455	899.57309	1013.79239	518.7186	482.07847	890.20395	368.41827	667.38415	1344.87699	1880.98632	1273.9908	1670.33622	1643.15397	989.48654	1445.14198	648.04171	905.95668	583.7514	686.81483	627.02657	648.34094	709.68568	427.8162	129.75702	565.18767	739.19348	571.08429	495.0616	363.86693	625.88315	723.05235	678.45683	319.10188	667.72988	446.2796	391.63298	539.27121	651.5933	115.76298	362.4765	524.43889	760.24817	918.63707	923.85213	1122.87838	719.57844	619.37176	426.04181	655.91976	943.06931	1036.37083	536.17542	690.56278	375.4901	279.50483	1605.4568	519.92266	980.70513	1202.68175	1363.99275	1116.38661	918.44337	1032.33288	1161.13201	1154.67652	1353.83957	1584.82016	1316.06233	1406.33511	1189.95657	1205.56501	1867.46172	1473.32667	491.06656	1410.91481	1550.72986	749.07378	697.65194	463.92777	624.96149	294.22463	313.01199	326.94312	603.91051	648.65404	1048.60838	1175.35237	885.1189	872.70501	573.27478	508.28639	328.90474	592.02911	779.61652	693.957	515.14277	695.40418	1267.13027	887.38313	1520.56609	996.85505	545.00525	255.64297	387.09616	516.76959	1905.47472	2243.83438	1645.12721	1640.98861	1131.54414	776.88508	962.59787	634.49888	1028.07778	892.52643	1018.5092	987.39807	1067.2859	837.14826	710.10101	558.53932	621.49303	919.15492	490.21901	749.58858	2151.76632	2080.23766	1393.05632	2042.15234	761.78992	441.8227	402.21959	231.10985	473.78613	485.58707	526.22841	493.02934	908.07534	1238.2458	1109.91216	1143.57763	1494.45175	1000.17788	965.86638	1348.33738	1719.29422	1412.30734	1700.69803	919.24444	794.4778	649.8848	869.58962	815.32345	452.73198	691.46407	414.21285	355.83834	900.31793	863.82715	636.57301	322.2399	1362.41675	920.50675	648.04676	715.41214	628.62861	822.66088	1165.7515	1304.98416	451.11441	643.19625	435.57382	501.97459	443.77748	377.77274	291.00695	159.89197	928.88743	675.34391	1856.51306	1308.86781	326.84845	561.53861	NA	NA	NA	NA	NA	NA	NA	NA	NA	NA	NA	NA	NA	NA	NA	NA	NA	NA	NA	NA	NA	NA	NA	NA	NA	NA	NA	NA	NA	NA	NA	NA	NA	NA	NA	NA	NA	NA	NA	NA	NA	NA	NA	NA	NA	NA	NA	NA	NA	NA	NA	NA	NA	NA	NA	NA	NA	NA	NA	NA	NA	NA	NA	NA	NA	NA	NA	NA	NA	NA	NA	NA	NA	NA	NA	NA	NA	NA	NA	NA	NA	NA	NA	NA	NA	NA	NA	NA	NA	NA	NA	NA	NA	NA	NA	NA	NA	NA	NA	NA	NA	NA	NA	NA	NA	NA	NA	NA	NA	NA	NA	NA	NA	NA	NA	NA	NA	NA	NA	NA	NA	NA	NA	NA	NA	NA	NA	NA	NA	NA	NA	NA	NA	NA	NA	NA	NA	NA	NA	NA	NA	NA	NA	NA	NA	NA	NA	NA	NA	NA	NA	NA	NA	NA	NA
GH93	0.34485	0.26016	0.30576	0.57548	0.19435	0.22443	0.34256	1.11791	2.22875	1.0342	0.9569	0.32109	0.961	2.25841	0.30093	0.21878	2.79925	1.14051	1.50894	2.74082	2.3243	2.03712	1.45328	1.56666	0.39305	0.3348	0.68169	2.44219	8.23008	33.08871	10.09688	8.88755	5.6495	12.024	5.90448	5.73028	4.8484	9.99121	0.14292	5.72491	5.20765	4.53727	0.06628	0.28599	0.41588	0.12936	0.2819	6.28053	7.90099	6.00376	3.54923	6.93986	1.37533	8.52284	0.17675	0.30845	NA	NA	0.31018	0.38169	0.44009	0.6096	0.21587	0.08243	0.36046	0.75422	0.66108	0.16625	4.05318	4.14933	3.92512	3.02804	5.23839	1.76681	3.84025	0.70831	0.81506	1.2856	1.04672	0.7092	2.82382	1.01579	1.93686	2.07515	1.90326	0.15552	0.66516	3.86259	0.59612	10.28497	8.53297	7.18003	9.21803	9.29339	4.12538	1.855	1.29108	1.00979	0.91793	0.42325	1.39275	0.37294	2.25692	0.57202	0.38876	0.14158	0.47712	0.14535	NA	0.48008	12.85946	12.32539	0.84751	13.80197	9.65801	3.32868	4.70201	NA	1.38261	0.26349	0.26488	0.16626	0.65175	1.84757	0.5448	0.12088	NA	0.17674	0.47113	0.29232	0.18559	0.30367	1.62358	3.23595	0.70343	5.36036	2.98746	2.01793	5.09504	3.60948	0.92085	0.36664	0.46932	0.68341	0.51119	0.32203	0.22732	0.56334	2.95009	0.74702	2.64566	2.70439	8.27039	1.51254	1.4611	6.34186	1.81396	1.08838	17.4029	17.41083	0.61837	0.69808	0.45461	0.59634	8.10221	15.08425	5.20425	10.8292	5.4143	3.81765	3.4204	3.50198	0.54934	0.9597	0.75341	1.73865	21.45525	14.10953	6.6447	4.9974	2.56848	9.49133	6.17327	2.99596	8.55876	10.30955	11.25657	45.67341	22.17401	25.40268	11.90962	18.75539	0.22543	NA	NA	NA	NA	1.31426	9.14688	8.35179	0.15402	0.66423	4.25353	2.36121	0.42207	1.12379	2.38154	2.52837	0.06467	NA	NA	0.23246	0.30414	0.36449	0.97957	0.44185	1.38531	4.12905	3.37633	2.43371	1.82268	1.05445	NA	NA	NA	NA	NA	NA	NA	NA	NA	NA	NA	NA	NA	NA	NA	NA	NA	NA	NA	NA	NA	NA	NA	NA	NA	NA	NA	NA	NA	NA	NA	NA	NA	NA	NA	NA	NA	NA	NA	NA	NA	NA	NA	NA	NA	NA	NA	NA	NA	NA	NA	NA	NA	NA	NA	NA	NA	NA	NA	NA	NA	NA	NA	NA	NA	NA	NA	NA	NA	NA	NA	NA	NA	NA	NA	NA	NA	NA	NA	NA	NA	NA	NA	NA	NA	NA	NA	NA	NA	NA	NA	NA	NA	NA	NA	NA	NA	NA	NA	NA	NA	NA	NA	NA	NA	NA	NA	NA	NA	NA	NA	NA	NA	NA	NA	NA	NA	NA	NA	NA	NA	NA	NA	NA	NA	NA	NA	NA	NA	NA	NA	NA	NA	NA	NA	NA	NA	NA	NA	NA	NA	NA	NA	NA	NA	NA	NA	NA	NA	NA	NA	NA	NA	NA	NA
GH94	506.9118	623.84829	551.10345	524.28667	510.05414	522.49896	486.57189	382.47567	419.89149	414.69281	377.20967	447.56834	466.98163	434.24961	236.34634	215.92752	240.40967	192.26663	152.79422	263.52112	361.68774	271.26453	386.99131	271.18677	433.39184	409.21627	429.74016	527.94139	326.70998	499.71972	384.73131	421.9932	345.52199	445.59928	367.02531	318.87011	461.84326	346.79492	240.51825	338.44738	375.72759	328.62772	329.51459	351.75339	366.76086	406.70327	276.02384	290.57428	140.94968	324.78349	232.1622	247.1647	351.25943	195.59671	314.12525	308.09889	369.63368	417.83455	373.52784	463.89338	372.86082	320.27119	521.08354	531.48678	471.44407	461.02003	477.71669	467.3265	258.75373	221.50928	241.1642	289.43983	306.1894	260.81491	268.07252	197.94825	260.4705	325.02212	327.88296	289.42188	203.76611	179.60613	402.7738	343.25203	429.69387	474.88855	519.57144	457.1449	376.70206	409.4731	303.36801	536.03282	440.3646	429.43042	193.63499	275.86608	215.63679	345.05207	264.55518	309.48654	319.46356	249.71403	332.34496	270.7618	289.39868	296.3011	311.3426	324.78427	298.12574	244.10524	207.01543	256.51603	471.89917	220.33245	201.66499	367.60648	284.15373	436.7638	418.32986	606.40763	504.20187	514.50252	417.83327	315.21199	274.99728	238.19438	362.83888	405.00474	417.63586	394.87726	401.01664	386.70745	246.38052	339.80032	441.82463	438.8686	189.50468	215.34611	163.07855	304.93908	331.74623	400.58336	476.09695	428.38363	216.55136	229.47643	156.89975	197.02937	270.57998	449.04727	373.08111	441.96053	255.30537	342.66031	342.34585	291.69859	295.68938	255.84708	272.56452	240.566	370.96781	328.23903	371.04358	301.98165	253.27819	263.49353	318.0749	329.63898	214.01589	266.67722	278.84945	294.32083	220.20976	159.81832	237.15501	271.67779	457.03388	364.77094	336.99588	318.01679	190.79366	432.50979	174.54836	191.12457	209.62624	320.09475	218.58569	199.86548	521.089	428.76483	334.5626	355.79122	309.5698	274.16847	426.297	338.34062	301.04153	337.9363	306.37227	295.41887	276.10546	309.56727	328.90103	313.67662	415.8658	385.16666	116.53816	86.77398	358.51959	290.10602	377.08425	327.21306	317.44999	303.48318	347.19212	403.82283	308.73804	305.53577	213.06429	261.03927	484.09043	463.45294	NA	NA	NA	NA	NA	NA	NA	NA	NA	NA	NA	NA	NA	NA	NA	NA	NA	NA	NA	NA	NA	NA	NA	NA	NA	NA	NA	NA	NA	NA	NA	NA	NA	NA	NA	NA	NA	NA	NA	NA	NA	NA	NA	NA	NA	NA	NA	NA	NA	NA	NA	NA	NA	NA	NA	NA	NA	NA	NA	NA	NA	NA	NA	NA	NA	NA	NA	NA	NA	NA	NA	NA	NA	NA	NA	NA	NA	NA	NA	NA	NA	NA	NA	NA	NA	NA	NA	NA	NA	NA	NA	NA	NA	NA	NA	NA	NA	NA	NA	NA	NA	NA	NA	NA	NA	NA	NA	NA	NA	NA	NA	NA	NA	NA	NA	NA	NA	NA	NA	NA	NA	NA	NA	NA	NA	NA	NA	NA	NA	NA	NA	NA	NA	NA	NA	NA	NA	NA	NA	NA	NA	NA	NA	NA	NA	NA	NA	NA	NA	NA	NA	NA	NA	NA	NA
GH95	355.91763	277.04075	205.73439	291.07976	331.88642	273.22774	257.38979	301.03882	261.52295	349.37504	289.55047	307.83794	328.66195	174.97741	574.16362	647.5491	599.33513	669.84518	713.18832	509.25795	468.53829	339.45947	380.99348	285.58756	329.27003	373.93285	383.14341	255.1385	332.68016	233.67363	356.2167	398.12201	358.61074	394.05818	411.13631	412.39394	276.11468	535.84384	555.86741	430.43211	415.13984	367.48245	214.61391	296.66239	383.50764	290.57839	295.28097	469.26961	511.67857	425.56442	573.04032	498.26222	419.12244	450.31465	400.83211	570.61927	507.14423	561.33618	478.94721	516.63809	427.62383	173.89	187.46065	239.22888	268.91669	210.17974	200.77924	157.20714	253.63091	234.5321	280.49226	172.88532	255.18133	198.6387	171.92613	294.96363	270.9357	174.87004	159.61208	202.10775	299.87131	358.6936	373.85498	477.53655	406.9205	364.23484	239.74392	327.82742	382.58718	332.15497	261.98007	298.5914	237.4732	264.77914	844.24854	348.99246	294.98824	404.35042	564.05569	468.7217	474.35623	500.37536	434.01939	343.21795	401.28213	508.31091	460.49086	531.23264	484.67574	376.88837	672.25625	523.21538	506.23719	478.47445	591.35645	396.00305	401.17719	319.54835	396.29511	307.35973	300.22179	523.81959	406.1664	398.16092	371.64069	419.83245	326.89627	329.42553	429.01954	446.25126	278.81344	613.11117	288.42404	243.72525	218.00709	262.27743	438.72423	392.63607	460.52299	395.03622	340.79451	206.50491	276.12095	389.76955	500.75225	569.96276	446.69107	484.97344	277.98706	252.69297	335.14078	283.82829	421.86806	301.38778	366.58577	329.24333	423.30466	338.57788	369.61912	315.39171	238.37959	314.63126	212.39648	275.39267	500.74854	534.81581	324.41963	428.85922	299.69318	198.36403	226.63124	137.36955	175.07152	273.68457	181.11283	216.20221	360.15243	469.31165	423.94827	422.38621	514.58177	329.03335	360.63858	472.89772	446.16917	350.19017	489.26556	526.98275	355.74402	271.84201	328.14093	319.54974	442.06913	555.0357	566.39419	553.26384	315.25715	985.7234	650.8548	373.69308	413.38278	328.90502	313.33633	318.41902	274.63686	283.43255	403.12853	426.41436	324.45649	427.32034	392.21844	643.80144	169.11772	147.27381	125.77407	145.45052	374.52877	270.36016	627.74838	524.12762	240.94087	325.31951	NA	NA	NA	NA	NA	NA	NA	NA	NA	NA	NA	NA	NA	NA	NA	NA	NA	NA	NA	NA	NA	NA	NA	NA	NA	NA	NA	NA	NA	NA	NA	NA	NA	NA	NA	NA	NA	NA	NA	NA	NA	NA	NA	NA	NA	NA	NA	NA	NA	NA	NA	NA	NA	NA	NA	NA	NA	NA	NA	NA	NA	NA	NA	NA	NA	NA	NA	NA	NA	NA	NA	NA	NA	NA	NA	NA	NA	NA	NA	NA	NA	NA	NA	NA	NA	NA	NA	NA	NA	NA	NA	NA	NA	NA	NA	NA	NA	NA	NA	NA	NA	NA	NA	NA	NA	NA	NA	NA	NA	NA	NA	NA	NA	NA	NA	NA	NA	NA	NA	NA	NA	NA	NA	NA	NA	NA	NA	NA	NA	NA	NA	NA	NA	NA	NA	NA	NA	NA	NA	NA	NA	NA	NA	NA	NA	NA	NA	NA	NA	NA	NA	NA	NA	NA	NA
GH96	NA	0.12949	0.69151	0.24904	NA	0.23891	NA	NA	NA	NA	NA	0.24008	0.47299	NA	NA	NA	NA	NA	NA	NA	NA	0.25253	NA	1.05804	0.25409	0.71596	0.24727	0.23337	NA	0.11694	0.23185	NA	NA	0.24481	NA	NA	NA	NA	NA	NA	NA	NA	NA	NA	NA	NA	NA	NA	NA	0.31926	0.81187	0.5706	0.35196	0.4748	0.26027	NA	NA	NA	0.2305	NA	NA	0.58524	1.64817	0.44411	0.12321	0.11096	NA	0.22391	NA	0.94826	0.11862	0.43037	0.1203	1.57492	0.23664	NA	NA	0.71203	NA	NA	1.57664	2.42717	NA	NA	NA	0.43229	NA	NA	NA	NA	NA	0.22864	NA	0.15089	NA	NA	NA	NA	NA	NA	NA	NA	NA	0.48794	0.36834	0.45462	0.24135	NA	0.3839	0.12846	0.23169	NA	NA	NA	NA	0.23496	0.86447	0.12389	NA	NA	0.12328	0.23216	NA	0.71496	0.44973	0.18508	0.79388	0.45808	0.16807	0.20274	NA	NA	NA	NA	0.09374	0.22206	1.06419	0.18756	NA	0.05237	0.3548	NA	NA	NA	NA	NA	NA	NA	NA	0.18282	NA	1.00149	0.39052	0.19427	0.1011	NA	NA	0.10279	0.12001	0.36074	NA	NA	0.18967	NA	NA	NA	NA	NA	0.26618	0.09441	NA	NA	0.39059	0.75563	0.10191	1.34318	NA	NA	NA	NA	NA	NA	NA	NA	NA	NA	0.17228	NA	0.05764	0.0928	0.04974	NA	NA	NA	NA	NA	NA	NA	NA	NA	NA	NA	0.09117	NA	NA	0.17042	0.76985	NA	NA	0.09656	NA	NA	0.26832	0.7185	0.28795	0.94351	NA	NA	NA	NA	0.12011	NA	NA	NA	NA	NA	NA	NA	NA	NA	NA	NA	NA	NA	NA	NA	NA	NA	NA	NA	NA	NA	NA	NA	NA	NA	NA	NA	NA	NA	NA	NA	NA	NA	NA	NA	NA	NA	NA	NA	NA	NA	NA	NA	NA	NA	NA	NA	NA	NA	NA	NA	NA	NA	NA	NA	NA	NA	NA	NA	NA	NA	NA	NA	NA	NA	NA	NA	NA	NA	NA	NA	NA	NA	NA	NA	NA	NA	NA	NA	NA	NA	NA	NA	NA	NA	NA	NA	NA	NA	NA	NA	NA	NA	NA	NA	NA	NA	NA	NA	NA	NA	NA	NA	NA	NA	NA	NA	NA	NA	NA	NA	NA	NA	NA	NA	NA	NA	NA	NA	NA	NA	NA	NA	NA	NA	NA	NA	NA	NA	NA	NA	NA	NA	NA	NA	NA	NA	NA	NA	NA	NA	NA	NA	NA	NA	NA	NA	NA	NA	NA	NA	NA	NA	NA	NA	NA
GH97	644.05889	522.51305	324.41192	494.68732	562.56703	368.19853	518.22158	742.57241	545.52067	704.08002	807.09712	683.1242	697.64779	309.09459	2181.41316	2440.19637	1397.59785	2209.94271	2390.56424	980.50325	458.61757	276.22363	972.05119	547.6597	688.78004	613.57461	710.22571	450.43381	774.23601	477.69362	759.50622	756.38363	838.7977	753.28191	859.38143	759.58065	439.49869	1130.91319	975.34406	836.82339	827.35161	824.54315	429.06876	313.86556	707.82637	266.12609	515.48937	1051.48002	1533.84056	1044.49684	1468.40148	1364.67011	850.6936	1135.17388	812.26169	1322.13161	1061.30032	1224.39201	1009.38372	1144.40349	867.02829	255.55336	104.375	391.47197	448.31113	317.35086	314.23706	195.63557	466.05523	577.30803	504.25022	252.4736	462.33305	336.72009	311.82028	484.16346	644.62438	119.71624	383.99313	449.02294	678.02252	842.24468	675.96577	891.297	602.39276	491.63524	313.36102	529.7273	772.80428	751.60133	411.88929	525.23182	264.93299	232.67548	1451.34187	408.53466	786.78497	916.00285	1234.79749	1036.75531	986.58105	1107.19136	1004.09305	1031.33756	1168.27661	1362.71718	1070.31862	1204.0149	1016.45788	1020.09922	1450.2982	1048.15296	1288.17973	1007.61447	1127.97401	613.75249	459.56354	639.85581	882.1237	654.94119	584.23628	1177.71887	891.13314	525.37682	1012.94405	1124.5534	823.53975	822.65024	796.80838	875.60993	442.65275	1211.47811	886.65005	626.35907	479.4438	693.66456	827.47859	742.18772	1255.68315	793.8765	666.74917	276.46574	528.37796	901.7684	1622.16861	2049.05231	1420.57839	1398.11223	857.77539	576.51019	882.88518	477.38526	800.40322	721.6141	773.53836	741.91398	779.44689	594.70977	615.22071	447.80088	390.62741	581.76726	312.29257	507.00577	1428.45305	1310.31262	1046.56966	1483.42452	514.06976	303.90247	379.95971	189.09399	492.25837	459.87737	521.48252	387.73819	704.74966	910.6002	904.55274	799.00992	1160.36848	774.86402	854.46567	1118.07987	1500.29381	1395.22323	1575.3523	1023.66883	891.98855	680.09813	963.57449	775.44223	1304.06526	1790.04598	2106.79666	1998.38763	1353.36488	2175.55248	1293.80106	518.22271	1199.85479	794.08651	404.20586	577.9994	561.6867	685.81303	1035.20973	1187.95226	578.66016	822.68884	734.07875	1407.39757	288.06532	232.58412	157.5653	94.68106	864.45025	510.94913	1421.66231	918.29062	198.21244	382.26096	NA	NA	NA	NA	NA	NA	NA	NA	NA	NA	NA	NA	NA	NA	NA	NA	NA	NA	NA	NA	NA	NA	NA	NA	NA	NA	NA	NA	NA	NA	NA	NA	NA	NA	NA	NA	NA	NA	NA	NA	NA	NA	NA	NA	NA	NA	NA	NA	NA	NA	NA	NA	NA	NA	NA	NA	NA	NA	NA	NA	NA	NA	NA	NA	NA	NA	NA	NA	NA	NA	NA	NA	NA	NA	NA	NA	NA	NA	NA	NA	NA	NA	NA	NA	NA	NA	NA	NA	NA	NA	NA	NA	NA	NA	NA	NA	NA	NA	NA	NA	NA	NA	NA	NA	NA	NA	NA	NA	NA	NA	NA	NA	NA	NA	NA	NA	NA	NA	NA	NA	NA	NA	NA	NA	NA	NA	NA	NA	NA	NA	NA	NA	NA	NA	NA	NA	NA	NA	NA	NA	NA	NA	NA	NA	NA	NA	NA	NA	NA	NA	NA	NA	NA	NA	NA
GH98	6.90483	10.13982	15.86456	12.73084	2.39415	1.06496	10.16176	3.17504	6.48227	4.98395	8.6738	5.70486	8.65071	5.76353	47.87793	47.09335	60.6823	68.56758	50.70404	47.82127	68.26975	2.04812	2.26517	0.75213	0.79299	0.748	0.96413	5.71562	5.49878	4.7561	6.94078	9.79806	8.58597	4.75532	5.90937	7.1834	3.6644	6.23142	13.88774	8.5711	8.81141	4.84952	NA	0.46362	0.08152	0.49982	0.51929	8.07074	8.30422	7.65461	8.62164	8.30145	6.71151	8.6719	0.78552	0.91576	NA	0.87104	0.56189	1.71759	2.34526	10.05211	3.19387	11.3567	10.27526	14.10286	21.2278	17.28995	2.44893	4.00223	3.20019	1.46973	2.50466	1.50418	2.88737	1.28459	3.85137	0.74597	2.96518	6.00262	4.0005	10.04682	4.3338	9.86318	3.29027	4.89369	4.40052	4.18809	7.09962	3.89454	13.97305	6.9919	5.57338	8.61119	4.65574	5.98757	0.53126	2.11754	0.68867	1.07508	1.56955	1.36888	3.79645	4.12018	4.1396	0.95436	2.11469	1.31219	2.0699	0.8412	4.58382	7.07884	50.82362	4.70025	6.79867	17.84429	15.39453	30.33584	39.64575	37.15202	28.03275	25.10307	29.69226	4.67471	1.95804	1.40405	NA	0.58762	3.21099	3.72446	8.02842	0.96369	11.28396	1.99166	4.46531	22.67207	18.80481	14.63239	7.53864	10.52114	16.21091	10.90762	23.31098	36.25221	33.35956	33.18635	39.48813	25.72773	1.53512	0.589	2.54391	0.85475	11.46988	7.83933	8.62669	8.22913	12.30034	7.56495	29.93288	28.72878	3.30109	1.40589	5.25475	1.58784	37.2425	37.89373	18.4043	26.43405	6.44134	6.46873	6.2845	7.24925	2.81948	2.03688	3.10235	4.18164	4.13369	8.86662	7.00403	12.98924	3.24041	5.35865	2.2558	4.735	6.76949	7.73212	9.35221	27.13424	12.13317	11.6615	23.0816	14.04307	8.83936	4.27057	1.92933	0.30101	NA	0.95077	3.71768	6.88379	3.01666	1.39061	0.58886	1.09537	5.46744	6.81513	5.00007	5.49531	12.40347	13.60994	9.67204	34.40945	26.5652	17.79947	18.8937	45.45481	4.45539	13.46028	0.07331	NA	1.45869	0.64146	NA	NA	NA	NA	NA	NA	NA	NA	NA	NA	NA	NA	NA	NA	NA	NA	NA	NA	NA	NA	NA	NA	NA	NA	NA	NA	NA	NA	NA	NA	NA	NA	NA	NA	NA	NA	NA	NA	NA	NA	NA	NA	NA	NA	NA	NA	NA	NA	NA	NA	NA	NA	NA	NA	NA	NA	NA	NA	NA	NA	NA	NA	NA	NA	NA	NA	NA	NA	NA	NA	NA	NA	NA	NA	NA	NA	NA	NA	NA	NA	NA	NA	NA	NA	NA	NA	NA	NA	NA	NA	NA	NA	NA	NA	NA	NA	NA	NA	NA	NA	NA	NA	NA	NA	NA	NA	NA	NA	NA	NA	NA	NA	NA	NA	NA	NA	NA	NA	NA	NA	NA	NA	NA	NA	NA	NA	NA	NA	NA	NA	NA	NA	NA	NA	NA	NA	NA	NA	NA	NA	NA	NA	NA	NA	NA	NA	NA	NA	NA	NA	NA	NA	NA	NA	NA
GH99	0.21574	NA	0.49098	0.16706	0.0881	0.11948	0.43372	4.65234	0.81093	5.75329	9.08757	3.99663	3.31575	1.05276	50.48015	52.09945	49.56195	58.65321	66.39149	21.44329	12.27742	1.18703	3.98574	3.21688	3.88142	8.61656	6.55134	2.48751	4.35286	5.61532	2.16994	1.51394	2.76289	3.50581	3.51839	NA	NA	NA	NA	NA	NA	3.0858	0.52458	0.76261	1.13039	0.94581	0.32242	5.59575	8.59191	4.6197	2.61265	6.53272	2.89156	9.85059	3.86165	4.89024	1.83685	1.52845	2.67056	1.13188	4.60032	NA	NA	NA	NA	NA	NA	NA	4.08873	2.5689	2.27842	2.17239	2.8406	1.17888	2.07326	0.88967	0.52502	0.30883	0.52593	1.38945	NA	1.17193	1.31328	3.27894	0.93327	1.93948	1.35292	2.84884	3.20119	23.99179	7.99782	15.44971	7.44304	2.16594	26.4178	11.22384	NA	NA	NA	NA	NA	NA	NA	5.71629	7.67957	14.91593	5.71973	14.2436	12.70457	9.44425	14.34374	11.03755	0.28407	11.89724	11.11466	3.70096	4.83332	1.49646	0.91072	0.11574	NA	NA	1.48842	1.40288	7.96158	9.55778	7.8167	5.66741	0.39422	0.3333	0.12354	0.23974	3.05873	2.73464	0.59379	2.15439	3.54342	3.48302	4.87272	4.82376	0.76337	0.11901	0.18285	0.07165	28.3856	29.35775	29.16283	28.26293	3.4724	2.18103	2.48318	2.17982	1.43793	2.60908	0.77869	3.85564	20.76026	12.06903	6.55882	3.14961	1.0562	2.38787	0.99583	0.72753	NA	NA	NA	NA	3.12521	1.24558	1.40531	0.95937	0.31959	0.49161	2.57248	1.78636	2.28358	2.93597	2.35571	2.95829	NA	NA	NA	NA	25.57079	24.00531	14.8814	12.13615	1.5331	0.74158	0.87956	1.04743	0.66119	0.24111	NA	NA	20.28726	0.27345	0.99712	0.91559	1.06824	1.38931	NA	0.96364	0.68642	1.90454	4.45575	2.53903	3.0431	1.66017	0.24399	0.31105	NA	0.05944	NA	NA	NA	NA	NA	NA	2.08029	0.80324	NA	NA	NA	NA	NA	NA	NA	NA	NA	NA	NA	NA	NA	NA	NA	NA	NA	NA	NA	NA	NA	NA	NA	NA	NA	NA	NA	NA	NA	NA	NA	NA	NA	NA	NA	NA	NA	NA	NA	NA	NA	NA	NA	NA	NA	NA	NA	NA	NA	NA	NA	NA	NA	NA	NA	NA	NA	NA	NA	NA	NA	NA	NA	NA	NA	NA	NA	NA	NA	NA	NA	NA	NA	NA	NA	NA	NA	NA	NA	NA	NA	NA	NA	NA	NA	NA	NA	NA	NA	NA	NA	NA	NA	NA	NA	NA	NA	NA	NA	NA	NA	NA	NA	NA	NA	NA	NA	NA	NA	NA	NA	NA	NA	NA	NA	NA	NA	NA	NA	NA	NA	NA	NA	NA	NA	NA	NA	NA	NA	NA	NA	NA	NA	NA	NA	NA	NA	NA	NA	NA	NA	NA	NA	NA	NA	NA	NA	NA	NA	NA	NA	NA	NA	NA	NA
GT1	11.86918	8.102	11.6107	14.91251	8.53319	10.20288	11.38138	10.70576	16.21384	10.0732	12.94885	16.03635	17.47485	14.26114	13.76706	6.73718	10.53449	9.8082	6.85043	9.73491	9.68412	8.99018	22.48467	14.43772	4.90684	7.51736	8.16	11.842	26.22404	20.27301	24.04554	19.20819	36.19074	16.09404	16.15344	21.83799	17.50588	13.11995	21.33323	14.78185	15.16682	30.89974	10.89645	18.39019	14.84764	14.06592	14.90284	13.7229	16.70442	11.64478	8.49266	12.32609	6.28806	13.9643	7.80957	13.16323	5.78584	6.89352	7.17183	7.67151	8.59867	13.24958	6.95814	10.10198	10.9336	7.13617	13.68573	15.19673	23.96082	23.2309	11.7362	17.80346	14.04417	12.65193	12.88265	46.65029	26.44943	35.848	13.12704	22.1045	22.19341	28.59001	13.93255	8.45461	4.96749	6.2492	5.94781	9.854	10.8131	20.6021	17.42995	17.6295	14.55333	22.841	12.93391	27.87169	13.89035	19.4383	16.54856	7.17851	13.72299	13.72098	27.4363	19.80832	32.88902	12.22861	15.0686	17.15799	13.33022	26.34874	33.59842	44.00131	10.11277	43.79116	44.58196	39.78847	47.82223	15.2858	17.37115	13.47459	12.34698	7.36532	19.97086	41.21808	23.82653	18.6111	12.36569	32.73231	16.33748	13.55921	10.39091	5.1829	14.16601	7.87894	8.11581	11.55169	42.65793	38.75344	22.58401	25.38701	29.76078	20.28186	17.15698	19.61263	6.81202	9.71161	8.09749	4.53912	19.77682	13.18851	5.74545	6.84917	19.63631	9.84412	4.06052	11.28928	20.61778	22.80759	24.76923	17.76124	8.79458	7.65308	7.4985	7.79819	20.52949	31.5774	17.61448	24.26367	19.82972	24.00074	18.29703	21.8643	18.87695	31.23603	16.51974	31.03862	13.04324	7.37815	15.0976	12.46519	33.36126	23.8054	12.18382	7.53052	19.8409	4.97536	6.645	NA	11.40876	18.32815	14.54436	14.3489	9.40083	4.33517	2.69368	3.3275	19.62833	3.34246	2.80299	11.07627	15.21431	18.39238	12.82892	17.71908	7.12726	9.73299	4.99992	5.6191	9.04721	9.24855	10.81338	5.24759	18.91322	21.96486	22.15163	33.81933	19.76499	24.08041	22.15918	19.00518	24.22602	18.29516	NA	NA	NA	NA	NA	NA	NA	NA	NA	NA	NA	NA	NA	NA	NA	NA	NA	NA	NA	NA	NA	NA	NA	NA	NA	NA	NA	NA	NA	NA	NA	NA	NA	NA	NA	NA	NA	NA	NA	NA	NA	NA	NA	NA	NA	NA	NA	NA	NA	NA	NA	NA	NA	NA	NA	NA	NA	NA	NA	NA	NA	NA	NA	NA	NA	NA	NA	NA	NA	NA	NA	NA	NA	NA	NA	NA	NA	NA	NA	NA	NA	NA	NA	NA	NA	NA	NA	NA	NA	NA	NA	NA	NA	NA	NA	NA	NA	NA	NA	NA	NA	NA	NA	NA	NA	NA	NA	NA	NA	NA	NA	NA	NA	NA	NA	NA	NA	NA	NA	NA	NA	NA	NA	NA	NA	NA	NA	NA	NA	NA	NA	NA	NA	NA	NA	NA	NA	NA	NA	NA	NA	NA	NA	NA	NA	NA	NA	NA	NA	NA	NA	NA	NA	NA	NA
GT10	10.00412	7.87173	22.16744	10.91997	6.85472	8.97873	14.48166	16.11179	18.68489	16.82501	15.37377	13.8768	15.22965	16.32961	5.76606	6.09918	26.4497	7.25256	6.47829	28.07853	11.60117	6.22312	24.83268	3.85775	5.68719	7.53543	7.33951	11.74944	39.60028	12.01384	21.32646	12.04779	44.51414	4.56304	29.70755	2.73672	2.4474	1.62847	1.97753	0.6131	0.45465	51.97122	14.904	20.62195	17.15907	28.17669	27.69258	2.23861	10.11666	3.52678	2.10718	3.73607	1.25187	7.81429	55.30487	83.47869	76.10187	74.68993	81.75192	68.09008	54.65678	4.54121	8.26308	8.36966	8.30592	12.86851	15.8388	29.23367	14.92806	22.71295	17.68754	13.70046	15.82207	23.15339	10.82123	63.72028	31.75969	37.95078	20.61714	17.76961	18.19317	31.87951	17.09173	13.40836	11.79613	13.24043	14.88679	28.18615	18.87184	13.88525	24.00554	9.33328	19.09235	51.75775	40.17255	18.3655	9.91146	10.7379	8.53082	8.80801	7.08882	8.34022	16.60835	8.08949	8.56692	5.04883	8.36117	6.86658	8.83944	7.28459	29.24649	27.21331	83.02716	38.11091	23.1347	34.70064	21.34448	28.16404	56.26025	35.99066	38.83909	79.82358	33.2185	52.34479	12.31686	10.89871	8.11315	7.47724	5.15254	4.65892	10.135	8.40228	27.95511	10.66297	10.54213	19.80047	67.7297	83.12097	15.01096	16.65048	39.77089	15.92521	36.26135	49.77754	4.18781	3.80007	14.0783	6.00986	5.94767	4.17132	5.11046	4.38433	10.95153	12.16199	4.0325	22.65144	17.02896	27.44176	11.56929	8.7197	12.1958	15.39145	9.90235	18.90844	15.22601	12.94321	19.74431	38.3515	16.97522	18.00053	9.85124	13.25301	19.69738	36.5579	15.07333	32.4879	3.18416	2.82945	7.0404	8.89543	7.73192	1.28524	1.11296	0.72521	49.12613	5.73511	7.53102	NA	4.63586	7.74361	8.9476	8.01034	1.36821	0.21871	0.47037	0.01181	NA	0.67883	0.30438	0.71615	10.7771	17.52393	23.26426	8.91444	1.21838	3.93074	0.20868	0.48307	33.73648	30.12354	37.60392	67.26013	18.21376	23.66739	37.01109	66.7295	14.45163	22.65503	11.6686	10.07201	15.57096	27.5504	39.52122	49.85398	31.26249	NA	15.37099	25.06459	NA	NA	NA	60.86456	14.02735	7.08207	NA	8.21084	NA	NA	NA	NA	56.39256	52.3263	69.18057	8.36422	6.73266	NA	16.49112	7.38206	7.12239	NA	NA	NA	NA	NA	NA	NA	NA	NA	16.19336	47.15841	NA	NA	NA	55.81411	NA	99.5041	NA	NA	NA	NA	59.02633	31.17928	NA	NA	197.18825	NA	NA	42.46302	NA	NA	NA	NA	NA	NA	NA	NA	47.27714	NA	NA	NA	NA	NA	NA	44.82463	NA	44.29487	NA	NA	NA	NA	NA	NA	NA	NA	NA	NA	NA	NA	NA	NA	NA	NA	NA	NA	NA	NA	NA	NA	NA	NA	NA	NA	NA	NA	111.94495	NA	NA	NA	NA	44.08902	NA	NA	NA	NA	NA	NA	NA	84.44961	30.10634	NA	NA	8.60478	NA	NA	NA	NA	115.25158	NA	NA	NA	59.3464	NA	53.23203	35.24698	NA	93.70305	NA	NA	NA	45.78228	32.91658	116.39929	NA	NA	NA	NA	NA	NA	NA	77.65245	NA	NA	NA	NA	NA	NA	100.17564
GT101	12.25113	18.45392	16.52055	10.63312	8.06306	6.51497	13.03626	43.33597	29.98194	39.4021	43.52247	42.54183	45.68695	40.99058	91.91906	132.02519	88.60633	117.62729	154.44116	59.83974	25.9753	10.16428	41.27911	19.53328	52.37147	53.10104	65.76436	24.24887	21.69763	17.04733	32.145	43.59859	26.02396	31.87596	30.72627	17.81088	7.80729	12.91445	8.15706	18.30053	17.62343	25.48282	12.82241	22.08172	26.53843	19.67418	19.94389	56.48185	65.50204	58.46194	74.25415	73.88325	49.98745	50.51908	8.35788	7.97285	5.31891	17.11574	10.14133	13.64663	13.1834	30.24793	33.03469	25.25429	41.73816	15.90268	13.67416	8.73144	13.26388	6.56244	12.45393	9.23644	30.43151	9.26885	8.93904	3.8098	3.80149	5.20238	5.93133	8.00911	7.87522	8.90591	9.11352	8.41678	3.49526	2.7984	2.06983	9.51942	4.27748	7.47083	4.74649	8.16819	6.13243	7.19862	10.00754	10.88405	7.28419	11.30626	14.17128	2.14968	7.64209	17.23208	11.92172	29.71612	53.30487	38.81954	40.83596	56.22223	49.77424	40.40757	38.79146	25.35668	8.46797	25.6643	24.19602	11.89223	13.55692	11.3611	13.82787	6.81953	11.55469	11.67215	6.75554	58.31663	39.70303	41.57089	25.20662	23.98439	10.67889	9.14636	7.7533	10.01016	37.137	33.52106	26.29997	34.22181	21.75453	18.61727	54.72675	17.36487	22.05058	9.54637	7.69241	10.57037	80.46731	74.32679	39.99447	70.97134	26.37322	24.05374	43.36292	18.18383	2.7534	8.83381	6.76053	6.76308	14.61405	16.6529	22.87942	13.54527	5.31707	11.54766	2.9709	4.03882	70.90789	76.40021	45.45701	72.2762	7.36289	6.81046	5.67944	3.50088	2.03275	2.00327	4.60062	6.25772	29.41715	50.87391	32.70604	35.61985	26.65979	9.36226	6.26294	12.00433	31.723	18.28871	47.83774	NA	10.6675	11.46903	10.77398	18.44953	20.14919	20.99754	3.19739	1.8247	NA	5.45658	11.74299	9.04637	18.41425	22.8547	5.68153	11.30124	30.14176	30.15843	28.00643	27.71277	16.19869	6.87989	8.26542	4.06136	18.28286	25.43542	5.41722	3.94491	5.49928	4.87145	11.00984	11.36186	52.17365	27.17235	NA	NA	NA	NA	NA	NA	NA	NA	NA	NA	NA	NA	NA	NA	NA	NA	NA	NA	NA	NA	NA	NA	NA	NA	NA	NA	NA	NA	NA	NA	NA	NA	NA	NA	NA	NA	NA	NA	NA	NA	NA	NA	NA	NA	NA	NA	NA	NA	NA	NA	NA	NA	NA	NA	NA	NA	NA	NA	NA	NA	NA	NA	NA	NA	NA	NA	NA	NA	NA	NA	NA	NA	NA	NA	NA	NA	NA	NA	NA	NA	NA	NA	NA	NA	NA	NA	NA	NA	NA	NA	NA	NA	NA	NA	NA	NA	NA	NA	NA	NA	NA	NA	NA	NA	NA	NA	NA	NA	NA	NA	NA	NA	NA	NA	NA	NA	NA	NA	NA	NA	NA	NA	NA	NA	NA	NA	NA	NA	NA	NA	NA	NA	NA	NA	NA	NA	NA	NA	NA	NA	NA	NA	NA	NA	NA	NA	NA	NA	NA	NA	NA	NA	NA	NA	NA
GT102	NA	NA	NA	NA	NA	NA	NA	0.62699	0.42549	0.44231	2.72049	0.44925	0.77445	0.10705	NA	NA	NA	NA	NA	NA	NA	NA	NA	NA	NA	NA	NA	NA	NA	NA	NA	NA	NA	NA	NA	NA	NA	NA	NA	NA	NA	NA	NA	NA	NA	NA	NA	NA	NA	NA	NA	NA	NA	NA	NA	NA	NA	NA	NA	NA	NA	NA	NA	NA	NA	NA	NA	NA	NA	NA	NA	NA	NA	NA	NA	0.1096	NA	0.10816	NA	NA	NA	NA	0.73563	NA	0.34867	0.21523	NA	1.41834	0.30214	NA	NA	NA	NA	NA	NA	NA	NA	NA	NA	NA	NA	NA	NA	NA	NA	NA	NA	NA	NA	NA	NA	NA	NA	NA	NA	NA	NA	NA	NA	NA	NA	NA	NA	NA	NA	NA	NA	NA	NA	NA	NA	NA	1.11365	0.1675	0.35081	1.54004	NA	NA	NA	NA	NA	NA	NA	NA	NA	NA	NA	NA	NA	NA	NA	NA	1.48192	0.26558	0.08255	0.08487	NA	NA	NA	NA	NA	NA	NA	NA	NA	NA	NA	NA	NA	NA	NA	NA	NA	NA	NA	NA	NA	NA	NA	NA	NA	NA	NA	NA	NA	NA	NA	NA	NA	NA	NA	NA	NA	NA	NA	NA	NA	NA	NA	NA	NA	NA	NA	NA	NA	NA	NA	NA	NA	NA	NA	NA	NA	NA	NA	NA	NA	NA	NA	NA	NA	NA	NA	NA	NA	NA	NA	NA	NA	NA	NA	NA	NA	NA	NA	NA	NA	NA	NA	NA	NA	NA	NA	NA	NA	NA	NA	NA	NA	NA	NA	NA	NA	NA	NA	NA	NA	NA	NA	NA	NA	NA	NA	NA	NA	NA	NA	NA	NA	NA	NA	NA	NA	NA	NA	NA	NA	NA	NA	NA	NA	NA	NA	NA	NA	NA	NA	NA	NA	NA	NA	NA	NA	NA	NA	NA	NA	NA	NA	NA	NA	NA	NA	NA	NA	NA	NA	NA	NA	NA	NA	NA	NA	NA	NA	NA	NA	NA	NA	NA	NA	NA	NA	NA	NA	NA	NA	NA	NA	NA	NA	NA	NA	NA	NA	NA	NA	NA	NA	NA	NA	NA	NA	NA	NA	NA	NA	NA	NA	NA	NA	NA	NA	NA	NA	NA	NA	NA	NA	NA	NA	NA	NA	NA	NA	NA	NA	NA	NA	NA	NA	NA	NA	NA	NA	NA	NA
GT103	NA	NA	NA	NA	NA	NA	NA	0.47742	0.60747	0.25259	1.35097	1.28279	0.25273	NA	NA	NA	NA	NA	NA	NA	NA	NA	NA	NA	NA	NA	NA	NA	NA	NA	NA	NA	NA	NA	NA	NA	NA	NA	NA	NA	NA	NA	NA	NA	NA	NA	NA	NA	NA	NA	NA	NA	NA	NA	NA	NA	NA	NA	NA	NA	NA	NA	NA	NA	NA	NA	NA	NA	NA	NA	NA	NA	NA	NA	NA	NA	NA	0.12565	NA	NA	NA	NA	1.09882	NA	NA	NA	NA	1.14077	0.93605	NA	NA	NA	NA	NA	NA	NA	NA	NA	NA	NA	NA	NA	NA	NA	NA	NA	NA	NA	NA	NA	NA	NA	NA	NA	NA	NA	NA	NA	NA	NA	NA	NA	NA	NA	NA	NA	NA	NA	NA	NA	NA	NA	0.6849	0.19131	1.20206	1.29608	NA	NA	NA	NA	NA	NA	NA	NA	NA	NA	NA	NA	NA	NA	NA	NA	1.91294	0.41139	NA	0.39437	NA	NA	NA	NA	NA	NA	NA	NA	NA	NA	NA	NA	NA	NA	NA	NA	NA	0.10001	NA	NA	NA	NA	NA	NA	NA	NA	NA	NA	NA	NA	NA	NA	NA	NA	NA	NA	NA	NA	NA	NA	NA	NA	NA	NA	NA	NA	NA	NA	NA	NA	NA	NA	NA	NA	NA	NA	NA	NA	NA	NA	NA	NA	NA	NA	NA	NA	NA	NA	NA	NA	NA	NA	NA	NA	NA	NA	NA	NA	NA	NA	NA	NA	NA	NA	NA	NA	NA	NA	NA	NA	NA	NA	NA	NA	NA	NA	NA	NA	NA	NA	NA	NA	NA	NA	NA	NA	NA	NA	NA	NA	NA	NA	NA	NA	NA	NA	NA	NA	NA	NA	NA	NA	NA	NA	NA	NA	NA	NA	NA	NA	NA	NA	NA	NA	NA	NA	NA	NA	NA	NA	NA	NA	NA	NA	NA	NA	NA	NA	NA	NA	NA	NA	NA	NA	NA	NA	NA	NA	NA	NA	NA	NA	NA	NA	NA	NA	NA	NA	NA	NA	NA	NA	NA	NA	NA	NA	NA	NA	NA	NA	NA	NA	NA	NA	NA	NA	NA	NA	NA	NA	NA	NA	NA	NA	NA	NA	NA	NA	NA	NA	NA	NA	NA	NA	NA	NA	NA	NA	NA	NA	NA	NA	NA	NA	NA	NA	NA	NA	NA	NA	NA
GT104	0.84656	0.19038	0.32698	0.49516	0.20103	NA	0.31193	25.62144	8.69487	7.84984	30.42699	6.58629	8.68225	11.03505	NA	NA	NA	NA	NA	NA	NA	NA	0.8827	0.21018	0.15386	0.14452	0.14974	NA	0.97538	0.28326	0.28079	0.80344	1.05193	0.58754	0.13942	0.2966	0.45534	2.08553	0.50239	0.08345	0.37306	1.2697	0.68861	0.14856	0.14402	0.26877	0.29287	2.35878	2.98593	2.16924	1.78219	0.80994	1.06317	1.62763	0.65582	0.82828	NA	0.42903	0.44854	0.22138	0.4208	0.06015	NA	1.43779	0.46358	0.20527	NA	NA	0.20186	0.14289	NA	0.1327	0.81745	NA	0.76913	0.48296	0.12969	NA	NA	0.20336	0.3899	0.1335	NA	NA	NA	NA	NA	NA	NA	NA	NA	NA	NA	NA	NA	NA	0.06924	0.15004	0.36955	0.13622	NA	NA	0.72664	0.15506	0.5056	0.31464	NA	0.3067	0.08063	0.27265	0.42661	0.51788	0.29309	0.27359	0.44005	0.21505	0.59278	0.14664	0.42969	NA	0.14659	0.13802	NA	0.24479	1.60183	0.70562	1.14821	0.30947	1.81	2.49058	0.92013	2.04269	15.51051	29.05037	9.28366	3.96789	0.84868	0.66509	1.01302	0.56299	1.17461	NA	0.19054	0.97345	0.95975	1.09546	1.38649	4.44013	1.5385	0.88565	0.64392	0.59955	NA	NA	NA	0.05131	NA	NA	NA	NA	2.51803	1.75118	0.45732	3.8607	1.16367	2.19732	0.5686	0.41117	0.77565	0.23864	0.72494	0.54365	0.08605	1.15554	0.78249	0.10074	0.57256	2.20837	0.93193	0.83662	2.82667	0.99336	0.94199	1.02206	3.82506	1.33688	3.53848	NA	1.35298	0.33253	0.64165	1.09148	1.05956	1.00062	1.53344	0.25921	NA	0.15031	0.1616	0.10793	0.48004	NA	0.76586	0.62725	0.54842	1.92834	2.83682	1.3879	0.17526	0.05525	0.1522	0.24021	0.2166	NA	0.17308	NA	0.15699	0.11828	1.47222	0.38258	0.14347	0.13754	NA	NA	NA	NA	NA	NA	NA	NA	NA	NA	NA	NA	NA	NA	NA	NA	NA	NA	NA	NA	NA	NA	NA	NA	NA	NA	NA	NA	NA	NA	NA	NA	NA	NA	NA	NA	NA	NA	NA	NA	NA	NA	NA	NA	NA	NA	NA	NA	NA	NA	NA	NA	NA	NA	NA	NA	NA	NA	NA	NA	NA	NA	NA	NA	NA	NA	NA	NA	NA	NA	NA	NA	NA	NA	NA	NA	NA	NA	NA	NA	NA	NA	NA	NA	NA	NA	NA	NA	NA	NA	NA	NA	NA	NA	NA	NA	NA	NA	NA	NA	NA	NA	NA	NA	NA	NA	NA	NA	NA	NA	NA	NA	NA	NA	NA	NA	NA	NA	NA	NA	NA	NA	NA	NA	NA	NA	NA	NA	NA	NA	NA	NA	NA	NA	NA	NA	NA	NA	NA	NA	NA	NA	NA	NA	NA	NA	NA	NA	NA	NA	NA	NA	NA	NA	NA
GT107	1.0134	0.61172	1.07804	0.97053	0.30448	1.06173	0.9425	1.25167	0.83182	0.26181	1.1032	0.23791	1.59877	0.22263	NA	NA	NA	NA	NA	NA	0.13773	0.08227	1.35689	1.58757	NA	0.29435	0.12335	1.10644	0.34504	0.07509	0.33324	0.27855	0.397	1.17648	NA	0.97419	1.31504	0.92299	0.21083	NA	0.69179	NA	0.07302	0.45033	0.323	0.11251	0.75797	0.70809	1.22743	0.57065	0.39218	0.14925	0.03836	0.77702	5.71792	5.37464	17.40471	3.12903	13.51243	3.57914	3.55041	2.39883	0.10283	0.50478	2.14637	0.53417	1.53884	0.48734	NA	NA	0.51655	0.71024	1.61556	0.40033	0.15292	1.64837	1.35467	NA	0.97804	1.12629	0.63904	0.42638	2.60412	0.73379	0.08571	0.5065	NA	NA	0.51278	NA	0.08446	0.07371	NA	NA	0.70623	NA	NA	NA	NA	0.18162	NA	0.40739	0.72664	2.14885	1.21435	1.64201	1.75607	1.17967	0.78593	3.69097	0.88941	1.77866	0.15732	0.60146	1.31022	0.6731	1.47357	0.48003	0.20391	NA	0.0788	NA	NA	NA	1.35671	2.58592	1.44448	0.6094	1.31093	0.28764	0.72244	0.47592	0.72265	0.69509	0.24241	0.37771	2.82778	2.36797	2.99906	1.30372	0.16778	0.05528	0.24093	0.22691	0.28664	0.09395	0.05094	0.33632	1.16029	0.81615	0.6557	1.59322	0.0291	0.70007	0.73844	0.66217	0.66766	0.117	0.49982	1.55694	1.16281	0.80553	1.27239	5.23058	4.71349	3.25956	1.00451	0.91972	1.14266	0.70752	1.04495	0.36386	0.51443	0.35861	0.62126	0.63486	0.57354	0.35549	0.26701	0.48262	3.6737	2.18317	0.1204	2.82003	3.0433	3.06193	3.22534	NA	1.64716	1.93765	1.20188	0.69207	NA	NA	NA	NA	NA	NA	0.86283	0.81021	0.43579	0.54907	0.54578	0.39517	0.02981	0.58246	0.05411	0.17193	0.61687	0.87539	0.82559	0.44958	0.12311	0.49937	0.17709	0.27679	0.7638	0.75456	1.34373	0.19764	0.13736	0.21166	NA	NA	NA	NA	NA	NA	NA	NA	NA	NA	NA	NA	NA	NA	NA	NA	NA	NA	NA	NA	NA	NA	NA	NA	NA	NA	NA	NA	NA	NA	NA	NA	NA	NA	NA	NA	NA	NA	NA	NA	NA	NA	NA	NA	NA	NA	NA	NA	NA	NA	NA	NA	NA	NA	NA	NA	NA	NA	NA	NA	NA	NA	NA	NA	NA	NA	NA	NA	NA	NA	NA	NA	NA	NA	NA	NA	NA	NA	NA	NA	NA	NA	NA	NA	NA	NA	NA	NA	NA	NA	NA	NA	NA	NA	NA	NA	NA	NA	NA	NA	NA	NA	NA	NA	NA	NA	NA	NA	NA	NA	NA	NA	NA	NA	NA	NA	NA	NA	NA	NA	NA	NA	NA	NA	NA	NA	NA	NA	NA	NA	NA	NA	NA	NA	NA	NA	NA	NA	NA	NA	NA	NA	NA	NA	NA	NA	NA	NA	NA	NA	NA	NA	NA	NA	NA
GT108	0.36759	NA	0.88453	0.8599	NA	NA	NA	0.91839	1.01306	0.53124	4.26582	0.89592	0.70597	0.42682	NA	NA	NA	NA	NA	NA	0.36922	NA	NA	0.17699	NA	NA	NA	NA	NA	NA	NA	NA	0.16727	NA	0.17735	NA	0.08553	NA	NA	NA	NA	NA	2.70742	1.36894	2.38882	4.29302	4.13812	0.08777	0.16471	0.16126	NA	0.5188	0.26668	0.35974	NA	NA	NA	NA	NA	NA	NA	NA	NA	NA	NA	0.16757	NA	NA	NA	NA	0.81311	0.90055	0.45431	0.2495	0.09282	0.62963	0.34537	NA	0.56218	0.68531	0.39921	NA	1.6151	0.66934	2.63228	3.22076	3.78804	1.76501	1.6293	NA	NA	0.17329	NA	0.18742	NA	NA	NA	NA	NA	NA	NA	0.18707	NA	0.25179	0.1827	0.43271	0.36548	1.21538	0.29938	0.48802	0.35282	NA	1.36887	0.08557	NA	NA	0.18719	0.36534	0.18539	0.78794	1.09566	0.94537	0.26125	0.52641	0.25057	1.33791	1.329	1.71377	NA	NA	0.07798	NA	1.9871	0.1998	0.34848	1.03354	0.40358	0.07075	0.1347	NA	0.52133	0.53228	0.13931	0.45355	0.0672	NA	NA	NA	NA	NA	NA	NA	0.47363	1.57737	1.26863	1.37291	NA	NA	0.29814	NA	NA	NA	0.14442	NA	0.26	0.06448	0.20779	0.12236	0.2665	0.49901	0.21696	0.14482	0.29603	0.63551	0.386	NA	NA	0.06852	0.13947	NA	NA	NA	NA	NA	0.12366	0.19799	NA	NA	0.13146	0.14001	0.06754	0.13131	NA	NA	NA	NA	NA	NA	0.19938	0.06704	1.24515	0.70654	0.73935	1.22025	0.56119	0.12913	0.19443	NA	0.19995	0.21479	0.20881	NA	0.66307	1.14102	1.78121	3.70923	NA	0.14483	0.12877	NA	3.52551	2.78836	NA	NA	NA	NA	NA	NA	NA	NA	NA	NA	NA	NA	NA	NA	NA	NA	NA	NA	NA	NA	NA	NA	NA	NA	NA	NA	NA	NA	NA	NA	NA	NA	NA	NA	NA	NA	NA	NA	NA	NA	NA	NA	NA	NA	NA	NA	NA	NA	NA	NA	NA	NA	NA	NA	NA	NA	NA	NA	NA	NA	NA	NA	NA	NA	NA	NA	NA	NA	NA	NA	NA	NA	NA	NA	NA	NA	NA	NA	NA	NA	NA	NA	NA	NA	NA	NA	NA	NA	NA	NA	NA	NA	NA	NA	NA	NA	NA	NA	NA	NA	NA	NA	NA	NA	NA	NA	NA	NA	NA	NA	NA	NA	NA	NA	NA	NA	NA	NA	NA	NA	NA	NA	NA	NA	NA	NA	NA	NA	NA	NA	NA	NA	NA	NA	NA	NA	NA	NA	NA	NA	NA	NA	NA	NA	NA	NA	NA	NA	NA	NA	NA	NA	NA	NA	NA
GT11	63.47335	54.21371	68.63513	69.03669	65.92117	55.2854	63.34603	115.66954	98.8563	78.73511	86.45613	85.70602	87.37127	69.46762	76.77088	110.54634	92.12146	107.84881	138.92202	84.93111	42.79418	31.18397	80.91229	32.35594	58.7151	77.89207	72.75452	59.50594	63.39372	45.15437	67.95954	71.98837	71.14582	75.55585	80.09642	98.11483	72.34203	157.37285	134.02015	61.49968	64.99508	70.36166	61.68945	108.55831	105.65631	84.18415	102.92432	131.48602	209.44656	126.32205	169.72456	164.31211	109.39221	168.09681	50.88837	39.36831	23.04563	39.92226	39.34153	31.27267	40.3897	36.4329	34.61652	67.78755	64.94655	80.90029	90.52466	74.89432	64.89852	82.68927	65.89752	34.38199	70.34471	74.92968	40.63362	149.13056	92.73736	78.07564	38.03385	58.18124	89.81523	120.04439	58.32794	75.13073	38.00206	36.02321	36.71289	47.71754	77.93424	83.09115	82.8315	60.95809	59.60586	82.00712	68.12085	60.30587	112.35197	99.56575	133.06038	115.83291	108.59678	119.60769	117.1755	83.54871	116.29816	93.90155	94.18173	90.01739	80.42794	81.22876	127.05043	130.63707	24.69763	129.66349	147.53647	82.78487	93.60216	33.0732	35.03089	15.8404	22.762	15.22194	31.18271	68.62211	99.49968	105.17942	66.98785	65.34976	62.91112	66.61857	46.13647	92.87845	111.74651	70.86608	61.67049	87.90983	132.33947	124.62028	138.48534	87.0848	31.89326	24.07627	31.21247	24.69563	113.08524	115.29287	70.86536	105.56038	48.42354	35.85039	72.73923	57.80098	48.53814	53.98177	68.08647	63.32381	61.31907	72.35085	35.70886	42.82463	43.03001	56.76716	29.43147	50.34716	146.40574	128.57534	113.76918	177.43515	76.26294	43.9577	32.56369	32.30074	44.83707	94.56014	44.46694	70.86288	66.71735	102.2149	71.67118	73.31721	182.0928	86.86144	106.84042	123.55757	99.57878	93.87538	123.50892	101.26318	74.54407	74.10963	100.84869	82.0744	30.05113	25.45073	3.80661	1.34007	69.30079	16.67851	39.86954	20.27337	127.76831	105.7986	69.7141	83.03725	73.97224	79.72303	113.04939	118.91983	45.8828	50.14547	45.77579	36.53388	67.48454	52.56915	97.47189	103.65692	91.55567	68.00534	155.80322	89.02709	79.35701	87.46615	NA	NA	NA	NA	NA	NA	NA	NA	NA	NA	NA	NA	NA	NA	NA	NA	NA	NA	NA	NA	NA	NA	NA	NA	NA	NA	NA	NA	NA	NA	NA	NA	NA	NA	NA	NA	NA	NA	NA	NA	NA	NA	NA	NA	NA	NA	NA	NA	NA	NA	NA	NA	NA	NA	NA	NA	NA	NA	NA	NA	NA	NA	NA	NA	NA	NA	NA	NA	NA	NA	NA	NA	NA	NA	NA	NA	NA	NA	NA	NA	NA	NA	NA	NA	NA	NA	NA	NA	NA	NA	NA	NA	NA	NA	NA	NA	NA	NA	NA	NA	NA	NA	NA	NA	NA	NA	NA	NA	NA	NA	NA	NA	NA	NA	NA	NA	NA	NA	NA	NA	NA	NA	NA	NA	NA	NA	NA	NA	NA	NA	NA	NA	NA	NA	NA	NA	NA	NA	NA	NA	NA	NA	NA	NA	NA	NA	NA	NA	NA	NA	NA	NA	NA	NA	NA
GT111	132.67418	128.91293	142.12898	151.24919	146.38217	127.05858	116.18543	139.89252	128.38658	101.4602	92.78876	135.2452	122.8322	123.69713	46.01375	107.63818	90.94889	109.11426	153.43682	91.49726	58.45117	90.51086	154.94709	106.12852	151.10434	152.1102	166.99847	177.73193	189.74432	203.50587	216.05981	237.84595	192.88011	167.23004	222.47425	147.51689	111.382	174.63071	166.74412	205.81256	203.89382	193.54993	114.07052	125.61678	125.73469	111.80024	101.55638	141.20225	120.52685	138.14865	160.54292	144.47266	126.4744	106.21055	104.61005	136.98783	109.80741	124.27312	106.5362	139.78818	111.46785	93.44455	67.44885	190.97183	133.758	166.31342	142.45899	138.67536	117.39301	152.03707	128.22943	115.59327	144.83004	130.24918	130.03194	68.66664	74.78831	52.6284	89.94451	84.16842	79.28945	94.04801	95.1395	118.13408	117.68752	110.7935	109.962	76.75482	80.18207	109.96967	82.36813	153.62946	119.24929	94.73006	78.59709	47.64283	84.6732	110.75866	135.43948	141.90945	111.70677	115.05847	113.25493	98.22877	118.61383	116.47047	117.24572	132.0891	129.73451	93.51029	154.19844	130.45897	103.7008	125.38937	128.81135	178.55916	107.48773	106.34788	100.35505	93.41826	109.5007	92.05301	141.88355	78.29424	82.285	91.6647	122.54721	135.37508	143.7064	83.6461	108.06221	127.28115	91.81805	108.50878	162.16006	149.32962	106.41135	118.3306	129.13373	157.58498	84.01949	84.0184	103.00443	128.47514	150.18327	137.62517	84.02114	210.18073	111.3607	166.46945	175.70139	148.98746	50.04009	121.21503	128.15045	87.29758	78.80797	72.1761	161.47265	140.6829	132.36376	162.67647	113.78121	140.27655	135.46951	120.55317	162.57036	127.9838	85.61118	95.97702	80.71118	76.23948	85.55902	90.44058	76.81414	79.68349	179.39573	200.73645	245.64035	222.953	204.18896	137.33877	209.64939	178.97716	161.85613	157.99435	217.07878	95.84714	75.87272	75.08499	66.10199	92.34075	183.68433	145.39602	185.52442	102.93116	27.01868	253.03152	165.51224	170.11293	117.93904	96.26011	122.80284	128.73741	103.01219	95.77834	202.5732	230.43198	93.42325	105.34687	147.34689	142.89869	87.33155	60.71306	135.0875	203.1556	80.2913	65.8973	239.66814	274.62841	204.30415	137.51775	NA	NA	NA	NA	NA	NA	NA	NA	NA	NA	NA	NA	NA	NA	NA	NA	NA	NA	NA	NA	NA	NA	NA	NA	NA	NA	NA	NA	NA	NA	NA	NA	NA	NA	NA	NA	NA	NA	NA	NA	NA	NA	NA	NA	NA	NA	NA	NA	NA	NA	NA	NA	NA	NA	NA	NA	NA	NA	NA	NA	NA	NA	NA	NA	NA	NA	NA	NA	NA	NA	NA	NA	NA	NA	NA	NA	NA	NA	NA	NA	NA	NA	NA	NA	NA	NA	NA	NA	NA	NA	NA	NA	NA	NA	NA	NA	NA	NA	NA	NA	NA	NA	NA	NA	NA	NA	NA	NA	NA	NA	NA	NA	NA	NA	NA	NA	NA	NA	NA	NA	NA	NA	NA	NA	NA	NA	NA	NA	NA	NA	NA	NA	NA	NA	NA	NA	NA	NA	NA	NA	NA	NA	NA	NA	NA	NA	NA	NA	NA	NA	NA	NA	NA	NA	NA
GT12	0.47472	NA	0.68539	0.45586	0.49577	0.49881	NA	1.85707	1.52151	1.15561	0.26774	1.99594	1.50256	4.05228	NA	NA	NA	NA	NA	NA	NA	NA	NA	NA	NA	NA	NA	NA	NA	1.72838	0.64249	1.02133	1.60465	0.89625	NA	NA	NA	NA	NA	NA	NA	0.61163	NA	1.71136	19.90898	14.9122	13.7312	NA	NA	NA	NA	NA	NA	NA	4.76601	5.20141	2.02747	5.2613	3.01499	8.50448	11.53749	1.09179	NA	0.20712	NA	NA	0.20607	NA	0.61584	0.21796	NA	0.40484	NA	0.41442	NA	0.21828	NA	1.08614	1.12357	0.4224	NA	0.42314	NA	NA	NA	NA	NA	NA	NA	0.65521	NA	NA	NA	NA	NA	NA	1.60224	5.48471	7.16605	1.56094	2.32615	5.95109	4.80679	NA	0.45366	0.41995	0.89175	0.43112	0.65841	0.23733	0.85214	0.43056	NA	0.84117	0.6584	1.07524	1.58242	NA	NA	NA	NA	NA	NA	NA	NA	0.34193	0.73333	1.71735	NA	NA	NA	NA	0.70136	1.56096	0.19852	0.16005	0.32492	0.5454	0.97597	0.51528	NA	NA	NA	NA	NA	NA	NA	NA	NA	NA	NA	NA	NA	NA	NA	NA	NA	NA	NA	NA	1.30011	1.5759	2.64583	4.5215	NA	NA	NA	NA	NA	0.17761	NA	NA	1.76742	0.3458	2.40942	3.76587	0.9528	0.49298	0.33449	0.8508	NA	NA	NA	NA	0.37446	NA	NA	NA	14.38741	21.0692	11.85771	19.30985	NA	NA	NA	NA	NA	1.3872	2.31038	5.9927	8.61139	8.77751	5.35667	5.11837	NA	NA	NA	NA	6.59322	5.2202	4.1488	0.15649	0.16382	0.33164	NA	NA	7.51153	24.50849	0.6886	3.63581	28.94783	13.26988	NA	NA	NA	NA	NA	NA	NA	NA	NA	NA	NA	NA	NA	NA	NA	NA	NA	NA	NA	NA	NA	NA	NA	NA	NA	NA	NA	NA	NA	NA	NA	NA	NA	NA	NA	NA	NA	NA	NA	NA	NA	NA	NA	NA	NA	NA	NA	NA	NA	NA	NA	NA	NA	NA	NA	NA	NA	NA	NA	NA	NA	NA	NA	NA	NA	NA	NA	NA	NA	NA	NA	NA	NA	NA	NA	NA	NA	NA	NA	NA	NA	NA	NA	NA	NA	NA	NA	NA	NA	NA	NA	NA	NA	NA	NA	NA	NA	NA	NA	NA	NA	NA	NA	NA	NA	NA	NA	NA	NA	NA	NA	NA	NA	NA	NA	NA	NA	NA	NA	NA	NA	NA	NA	NA	NA	NA	NA	NA	NA	NA	NA	NA	NA	NA	NA	NA	NA	NA	NA	NA	NA	NA	NA	NA	NA	NA	NA	NA	NA	NA	NA	NA	NA	NA	NA
GT13	NA	NA	NA	NA	NA	NA	NA	NA	NA	NA	NA	NA	NA	NA	NA	NA	NA	NA	NA	NA	NA	NA	NA	NA	NA	NA	NA	NA	0.21924	0.17828	0.66271	0.16855	0.41379	0.04622	0.30711	NA	NA	NA	NA	NA	NA	0.67294	NA	NA	NA	NA	NA	1.75338	2.17472	0.86736	0.67521	1.5502	0.18214	1.19778	NA	NA	NA	NA	NA	NA	NA	NA	NA	NA	NA	NA	NA	NA	NA	NA	NA	NA	NA	NA	NA	NA	NA	NA	NA	NA	NA	NA	0.17417	0.34286	NA	0.13377	0.39639	0.54246	0.04173	NA	NA	0.13348	NA	NA	0.25959	0.13235	NA	NA	NA	NA	NA	NA	NA	NA	NA	NA	NA	NA	NA	NA	NA	0.13731	NA	NA	NA	NA	NA	NA	NA	NA	NA	NA	NA	NA	NA	NA	NA	NA	NA	NA	NA	NA	NA	NA	NA	NA	NA	NA	NA	NA	NA	NA	NA	NA	NA	NA	NA	NA	NA	NA	NA	NA	0.03411	0.58688	0.37622	0.59777	NA	NA	NA	NA	NA	NA	NA	NA	NA	NA	NA	NA	NA	NA	NA	NA	0.22802	NA	NA	NA	0.58967	1.01699	0.55203	0.80737	NA	NA	NA	NA	NA	NA	NA	NA	NA	NA	NA	NA	NA	NA	NA	NA	NA	NA	NA	NA	NA	NA	NA	0.0658	0.09582	0.16536	0.82997	0.31889	NA	NA	NA	NA	NA	NA	NA	NA	NA	NA	NA	NA	NA	NA	NA	NA	NA	NA	NA	NA	NA	NA	NA	NA	NA	NA	NA	NA	NA	NA	NA	NA	NA	NA	NA	NA	NA	NA	NA	NA	NA	NA	NA	NA	NA	NA	NA	NA	NA	NA	NA	NA	NA	NA	NA	NA	NA	NA	NA	NA	NA	NA	NA	NA	NA	NA	NA	NA	NA	NA	NA	NA	NA	NA	NA	NA	NA	NA	NA	NA	NA	NA	NA	NA	NA	NA	NA	NA	NA	NA	NA	NA	NA	NA	NA	NA	NA	NA	NA	NA	NA	NA	NA	NA	NA	NA	NA	NA	NA	NA	NA	NA	NA	NA	NA	NA	NA	NA	NA	NA	NA	NA	NA	NA	NA	NA	NA	NA	NA	NA	NA	NA	NA	NA	NA	NA	NA	NA	NA	NA	NA	NA	NA	NA	NA	NA	NA	NA	NA	NA	NA	NA	NA	NA	NA	NA	NA	NA	NA	NA	NA	NA	NA	NA	NA	NA	NA	NA	NA
GT14	56.96932	45.75409	29.03002	49.14097	65.07938	42.65684	50.66837	74.02993	61.80233	61.20888	58.06324	61.8911	59.79334	75.37847	165.43696	173.34188	84.35133	154.70381	169.87834	58.43656	41.30281	46.77515	94.20059	64.98094	108.42318	99.66213	99.56446	64.67521	79.97561	61.06097	93.42304	72.05676	88.23907	73.33901	81.67157	94.19747	63.88867	100.90028	82.15071	83.70016	73.33834	98.6943	32.93092	29.14963	39.12718	34.10255	32.63588	126.49084	140.67102	116.68934	156.22567	176.09266	134.6927	130.21016	87.46626	126.7917	104.40524	124.7483	99.21171	121.16823	97.75689	43.40657	39.03738	70.17279	63.04342	81.50752	86.457	72.21117	79.00354	95.2754	67.2144	73.53152	58.5751	74.42627	83.72277	61.13103	75.07415	36.72377	61.89518	69.31783	70.13954	75.95304	61.97825	87.71894	42.75502	48.72285	47.19903	50.40672	82.49114	45.04361	35.13199	27.27862	40.29616	28.37818	49.08878	23.86273	98.38678	102.51814	134.40176	164.37093	164.94023	184.55352	116.94709	83.54371	101.01482	86.02414	89.25631	87.02166	83.84924	103.77516	132.29431	99.74463	135.55154	111.7304	105.53108	60.58861	96.4729	85.87707	103.77672	98.6236	88.58387	121.53565	100.38145	59.67939	65.34395	74.60252	62.00603	81.73539	80.37447	75.41269	42.59211	111.32679	48.23915	54.42638	45.03419	64.37902	50.06152	50.86767	57.22018	66.62453	78.57897	63.28746	78.74461	94.1862	116.04505	153.3621	101.48876	98.68392	75.66634	59.95565	121.09356	53.68658	55.34426	72.93796	71.11532	72.17619	30.1776	22.07193	32.43736	32.10001	46.81178	50.99824	35.94643	38.19891	90.75945	79.8744	86.42236	117.49996	71.13395	51.52733	88.29444	60.92996	56.43407	67.02172	81.70001	63.88824	65.78974	62.97863	68.44459	58.61285	90.29936	64.83351	77.63185	93.18874	120.56897	108.97833	116.61413	92.1104	58.3304	46.7288	80.32377	67.86924	179.73292	253.20854	306.56901	303.42132	212.86702	187.54142	112.22261	59.52208	52.73112	36.1049	14.01409	30.78584	75.91983	79.68817	111.56795	148.41937	70.40688	80.60244	82.92711	139.85077	57.95193	47.79724	47.57	18.01506	110.71751	95.40339	103.96965	66.95434	29.86899	27.26251	NA	NA	NA	NA	NA	NA	NA	NA	NA	NA	NA	NA	NA	NA	NA	NA	NA	NA	NA	NA	NA	NA	NA	NA	NA	NA	NA	NA	NA	NA	NA	NA	NA	NA	NA	NA	NA	NA	NA	NA	NA	NA	NA	NA	NA	NA	NA	NA	NA	NA	NA	NA	NA	NA	NA	NA	NA	NA	NA	NA	NA	NA	NA	NA	NA	NA	NA	NA	NA	NA	NA	NA	NA	NA	NA	NA	NA	NA	NA	NA	NA	NA	NA	NA	NA	NA	NA	NA	NA	NA	NA	NA	NA	NA	NA	NA	NA	NA	NA	NA	NA	NA	NA	NA	NA	NA	NA	NA	NA	NA	NA	NA	NA	NA	NA	NA	NA	NA	NA	NA	NA	NA	NA	NA	NA	NA	NA	NA	NA	NA	NA	NA	NA	NA	NA	NA	NA	NA	NA	NA	NA	NA	NA	NA	NA	NA	NA	NA	NA	NA	NA	NA	NA	NA	NA
GT15	NA	NA	NA	NA	NA	NA	NA	NA	NA	NA	NA	NA	NA	NA	NA	NA	NA	NA	NA	NA	NA	NA	NA	NA	NA	NA	NA	NA	NA	NA	NA	NA	NA	NA	NA	NA	NA	NA	NA	NA	NA	NA	NA	NA	NA	NA	NA	NA	NA	0.712	NA	NA	NA	0.09445	NA	NA	NA	NA	NA	NA	NA	NA	NA	NA	NA	NA	NA	NA	NA	NA	NA	NA	NA	NA	NA	NA	NA	0.20183	NA	NA	NA	NA	NA	NA	NA	NA	NA	NA	NA	NA	NA	NA	NA	NA	NA	NA	NA	NA	NA	NA	NA	NA	NA	NA	NA	NA	NA	NA	NA	NA	NA	NA	NA	NA	NA	NA	NA	NA	NA	NA	NA	NA	NA	NA	NA	NA	NA	NA	NA	NA	NA	NA	NA	NA	NA	NA	NA	NA	NA	NA	NA	NA	NA	NA	NA	NA	0.07661	0.16841	NA	NA	NA	NA	NA	NA	NA	NA	NA	NA	NA	NA	NA	NA	NA	NA	NA	NA	NA	NA	NA	NA	NA	NA	NA	NA	NA	NA	NA	NA	NA	NA	NA	NA	NA	0.66094	NA	NA	NA	NA	NA	NA	NA	NA	NA	NA	NA	NA	NA	NA	NA	NA	NA	NA	NA	NA	NA	NA	NA	NA	NA	NA	NA	NA	NA	NA	NA	NA	NA	NA	NA	NA	NA	NA	NA	NA	NA	NA	NA	NA	NA	NA	NA	NA	NA	NA	NA	NA	NA	NA	NA	NA	NA	NA	NA	NA	NA	NA	NA	NA	NA	NA	NA	NA	NA	NA	NA	NA	NA	NA	NA	NA	NA	NA	NA	NA	NA	NA	NA	NA	NA	NA	NA	NA	NA	NA	NA	NA	NA	NA	NA	NA	NA	NA	NA	NA	NA	NA	NA	NA	NA	NA	NA	NA	NA	NA	NA	NA	NA	NA	NA	NA	NA	NA	NA	NA	NA	NA	NA	NA	NA	NA	NA	NA	NA	NA	NA	NA	NA	NA	NA	NA	NA	NA	NA	NA	NA	NA	NA	NA	NA	NA	NA	NA	NA	NA	NA	NA	NA	NA	NA	NA	NA	NA	NA	NA	NA	NA	NA	NA	NA	NA	NA	NA	NA	NA	NA	NA	NA	NA	NA	NA	NA	NA	NA	NA	NA	NA	NA	NA	NA	NA	NA	NA	NA	NA	NA	NA	NA
GT17	2.54947	1.33028	2.35976	2.12649	1.14069	2.00322	2.08417	3.24418	3.48656	6.22966	1.26486	2.50048	0.8467	9.93158	NA	NA	0.08986	NA	0.08537	0.09037	0.38126	1.74667	0.34428	1.86537	2.44944	4.98	3.40445	5.75544	0.89286	1.54185	0.46473	0.59718	0.08545	3.26461	4.14262	0.6055	2.52171	2.72602	1.76783	0.26812	0.51366	0.36208	3.97891	11.52072	7.22256	5.76245	7.90395	0.09135	3.04279	2.72385	NA	0.4485	0.17901	2.22359	1.40364	2.30952	0.60729	3.35722	1.90381	2.28653	3.26544	0.41078	0.1733	1.05816	1.76346	1.20127	3.59028	0.53044	1.7009	1.3691	1.78237	1.31424	1.45106	10.355	0.64059	NA	1.24355	0.97232	0.37439	0.35877	4.02771	4.36995	4.77904	3.026	3.085	6.34823	1.70311	2.13826	4.50308	1.92338	2.8606	4.50765	2.20391	0.6324	4.25142	2.72307	0.18029	1.37157	0.37498	1.08166	0.65767	0.19855	0.34308	3.22322	3.08777	4.98344	1.70339	4.35305	2.67154	3.28213	2.54543	8.47485	3.81252	4.45582	2.01238	0.90634	2.99536	3.27765	1.72489	2.31865	3.50561	3.79222	0.35146	0.72877	2.48929	1.85294	3.50384	2.99563	1.67021	2.52721	0.90341	0.50585	0.31333	3.00297	1.40399	0.28727	2.03289	3.09291	3.03703	1.54005	0.8379	0.66794	1.34188	1.14859	NA	0.07303	0.141	NA	1.2115	0.46541	0.81981	1.83848	3.51112	5.78497	2.0966	4.32627	2.32392	2.99899	1.45079	1.15782	1.32757	2.1232	0.29745	NA	0.44791	0.1369	0.14562	0.37022	1.41944	1.41968	1.41311	0.36625	1.66172	1.76446	1.04519	0.44088	1.56174	1.30308	1.26401	0.77928	7.49978	1.48041	1.50842	0.38205	1.25093	0.15328	0.06742	NA	0.24553	0.52246	1.28563	0.36567	0.272	1.27738	NA	NA	NA	0.26001	NA	NA	9.04453	3.58355	3.11167	2.86248	0.38588	0.26003	0.22429	0.06479	1.85706	3.03368	4.9143	1.24913	2.57421	2.26457	2.13539	9.43472	1.0878	0.23098	0.13485	0.13978	10.12529	4.75454	NA	NA	NA	NA	NA	NA	NA	NA	NA	NA	NA	NA	NA	NA	NA	NA	NA	NA	NA	NA	NA	NA	NA	NA	NA	NA	NA	NA	NA	NA	NA	NA	NA	NA	NA	NA	NA	NA	NA	NA	NA	NA	NA	NA	NA	NA	NA	NA	NA	NA	NA	NA	NA	NA	NA	NA	NA	NA	NA	NA	NA	NA	NA	NA	NA	NA	NA	NA	NA	NA	NA	NA	NA	NA	NA	NA	NA	NA	NA	NA	NA	NA	NA	NA	NA	NA	NA	NA	NA	NA	NA	NA	NA	NA	NA	NA	NA	NA	NA	NA	NA	NA	NA	NA	NA	NA	NA	NA	NA	NA	NA	NA	NA	NA	NA	NA	NA	NA	NA	NA	NA	NA	NA	NA	NA	NA	NA	NA	NA	NA	NA	NA	NA	NA	NA	NA	NA	NA	NA	NA	NA	NA	NA	NA	NA	NA	NA	NA	NA	NA	NA	NA	NA	NA	NA
GT19	127.58398	92.36388	54.49179	91.40851	94.54132	61.89266	83.21717	123.42435	70.02477	81.78732	128.42587	80.06877	85.09488	52.40216	209.59114	223.58058	145.44631	209.44807	230.28197	114.63862	67.2469	30.72106	124.64271	54.92548	86.86651	84.56013	94.44172	55.39218	107.53853	66.25527	99.15669	117.50811	127.38228	114.05497	108.72539	112.68306	67.85402	160.63269	170.58632	111.20241	117.87139	140.20024	56.14072	60.70313	92.61327	52.55694	73.10571	146.21207	241.76166	166.95012	244.27317	201.76154	128.85639	175.65803	163.36398	234.74935	203.38346	209.81931	206.07841	183.19264	160.2637	49.69152	10.59757	82.87004	84.4947	60.17272	67.04607	44.47687	92.45589	114.48838	117.22281	37.57961	89.49772	45.01854	65.03197	114.27799	109.93124	39.49587	50.71965	75.00331	110.37024	140.45656	90.31311	113.88395	79.93103	53.97819	44.12497	77.83599	112.11843	80.34205	68.33801	52.42902	46.58905	41.89197	106.70761	30.8114	76.69135	103.13938	125.0488	138.3606	107.97142	120.63509	112.11602	121.15546	137.83035	162.49803	127.11823	123.7615	115.87207	110.94025	210.91587	142.63853	195.79998	130.79333	154.09418	87.55816	62.40951	105.54832	151.37294	108.50115	92.82642	189.08587	138.88163	116.28928	118.74921	124.76118	98.2559	96.1724	155.94483	141.11974	80.03211	193.28227	129.55186	135.1167	66.63083	71.63572	162.23965	161.70195	176.87596	130.25279	121.62135	50.02838	93.61334	135.08114	177.1134	205.46715	142.86217	147.93484	102.01607	68.43701	116.00045	67.69936	100.0904	92.91441	89.77143	101.46893	76.81336	70.13227	68.34811	53.893	104.5362	126.85838	62.04449	122.00458	184.31439	151.99267	123.29571	195.55874	107.55848	74.7642	91.77757	52.46574	71.18149	81.97205	64.8095	73.93479	98.00011	138.67749	123.22841	125.62217	187.36971	120.4543	138.00274	163.92567	212.181	163.89982	190.42939	55.68278	117.94891	102.26494	126.88693	101.8495	248.33894	269.49886	326.72762	266.72641	80.41433	292.38458	205.31864	86.17242	136.58866	92.29199	81.25912	90.44002	95.8059	102.9769	138.95865	152.13467	110.54242	154.3174	127.1086	229.72086	64.32486	41.51877	37.0906	31.46333	93.02337	65.9905	142.89926	88.0139	25.96706	66.40859	NA	NA	NA	NA	NA	NA	NA	NA	NA	NA	NA	NA	NA	NA	NA	NA	NA	NA	NA	NA	NA	NA	NA	NA	NA	NA	NA	NA	NA	NA	NA	NA	NA	NA	NA	NA	NA	NA	NA	NA	NA	NA	NA	NA	NA	NA	NA	NA	NA	NA	NA	NA	NA	NA	NA	NA	NA	NA	NA	NA	NA	NA	NA	NA	NA	NA	NA	NA	NA	NA	NA	NA	NA	NA	NA	NA	NA	NA	NA	NA	NA	NA	NA	NA	NA	NA	NA	NA	NA	NA	NA	NA	NA	NA	NA	NA	NA	NA	NA	NA	NA	NA	NA	NA	NA	NA	NA	NA	NA	NA	NA	NA	NA	NA	NA	NA	NA	NA	NA	NA	NA	NA	NA	NA	NA	NA	NA	NA	NA	NA	NA	NA	NA	NA	NA	NA	NA	NA	NA	NA	NA	NA	NA	NA	NA	NA	NA	NA	NA	NA	NA	NA	NA	NA	NA
GT2	5241.47949	5054.86288	5181.745	5104.03395	4719.81802	5377.14376	4842.33949	5569.97511	5589.93589	5509.23981	4999.32385	5497.28073	5757.4569	5552.03754	5460.78305	5875.41063	5489.66267	5776.39358	6194.43322	5016.27631	4230.75281	3935.20639	5281.41654	4428.61496	4727.16978	4739.06991	4624.97346	4763.56154	4627.19753	4683.97366	5181.15758	5200.92964	5052.18245	5625.64033	4965.62739	5657.72326	5322.39369	5824.9685	5188.20884	5394.10384	5607.54693	5132.2283	4708.97335	4910.85867	5351.36822	5081.09003	4573.83554	5923.09551	6015.44709	5984.81059	6360.09261	5857.88602	5768.49925	5291.43448	5633.05609	6381.53024	6309.4077	6563.67462	6018.41527	6670.18634	5944.89184	3744.79766	5182.1334	5468.78106	5333.97664	5099.32004	5128.85065	4910.60485	5445.30885	5161.66258	4892.42196	5317.24601	5451.63314	5652.88668	4995.35384	4593.94662	4829.42659	5183.71404	4455.22695	4455.66616	4647.39381	5044.6365	4969.30024	5405.93377	4656.43058	4789.05042	4892.08227	4781.69535	5006.51553	5252.3092	4657.63051	5148.81652	4818.07731	4856.91603	5445.67295	4937.84275	4252.99337	5316.42514	5847.35755	6174.7166	5623.62052	5163.45941	5248.39064	4926.82992	5891.11429	5946.8369	5395.55463	5705.14289	5300.03436	5041.28142	5412.89712	6140.32143	5421.30154	5454.75863	5654.76278	4912.50809	5036.60644	4771.45744	5056.57206	4990.89446	4948.18161	5302.8297	5337.36321	5018.89585	4562.42903	4648.72039	4736.43518	4768.96489	4928.05436	4480.72281	4154.40035	5080.34496	4472.15508	4618.69749	4828.56185	5238.74526	4767.98921	4794.61771	5134.39936	4874.3602	4507.14165	4351.43388	4479.91575	4971.9394	4849.78661	5340.67565	4046.68354	4405.94985	4251.59252	4316.65377	4228.05146	4174.18525	4054.51835	4173.72775	4831.85564	4338.26926	4374.99009	4358.66039	3677.23007	3880.98084	4325.70863	4469.45159	3757.34411	3969.51873	4787.06066	4696.74717	4215.95277	5125.06474	4306.09306	4240.87672	4229.16922	3790.48398	4154.56168	4277.24609	4049.03541	4512.86915	4952.13457	5245.82563	4849.26789	4912.39642	5743.14912	5132.24802	4794.56564	5513.28177	5845.94228	5194.8429	6098.87349	5382.59983	4854.8481	4504.63012	4679.9016	4573.47056	4938.93243	5874.77678	5840.12668	5730.61541	4623.67867	6194.10319	5584.2656	5156.54912	4728.65788	4440.01272	4083.23575	4605.26058	4969.98317	4686.44107	5349.73894	5273.11309	4465.62072	4764.96249	4779.46295	5517.12146	4172.06901	4348.65323	4426.95203	3945.02793	4494.88493	4316.1616	5869.13945	5361.87761	5280.71777	4956.44485	NA	NA	NA	35.86801	45.00627	85.62063	NA	NA	NA	NA	NA	NA	NA	NA	NA	NA	NA	NA	NA	NA	NA	NA	NA	NA	NA	21.61467	NA	NA	NA	NA	NA	NA	NA	NA	NA	NA	NA	NA	NA	NA	NA	NA	625.37131	499.45372	NA	NA	NA	NA	NA	NA	NA	NA	NA	NA	NA	NA	NA	NA	702.23486	325.60033	135.98504	NA	NA	NA	NA	NA	NA	NA	NA	NA	NA	NA	NA	NA	NA	NA	NA	NA	NA	NA	NA	NA	NA	NA	NA	75.43185	NA	NA	NA	NA	NA	NA	NA	NA	NA	NA	NA	NA	NA	NA	NA	NA	NA	NA	NA	NA	NA	NA	NA	NA	NA	17.32772	NA	68.84208	920.25951	309.08557	NA	99.80413	NA	NA	NA	NA	NA	NA	NA	NA	NA	NA	NA	NA	NA	NA	NA	NA	NA	134.47638	NA	NA	NA	NA	NA	NA	NA	NA	NA	NA	NA	56.8416	NA	NA	NA	NA	NA	NA	NA
GT20	22.00268	24.40136	26.20989	25.20028	8.4754	6.81735	31.11937	48.25529	37.69361	28.69213	38.67563	40.85294	37.93308	14.64098	153.03489	159.86032	77.56099	135.52076	146.16317	64.32635	30.48962	22.46557	92.10467	53.05502	56.88557	50.07313	62.35471	44.45622	53.20172	41.07719	59.32971	58.59634	67.23766	62.24907	69.80448	93.19564	47.88947	127.90463	120.61543	87.4559	81.741	67.90836	28.78622	27.19198	44.24832	11.21762	38.18027	80.82749	118.32885	90.03139	113.988	125.99034	75.70407	88.40977	41.23567	49.34469	34.73702	24.145	35.38699	24.41965	36.40663	28.04632	8.58237	33.02967	27.52845	17.40388	28.46514	7.40547	27.59913	35.83178	37.80153	16.30373	31.12679	23.49745	22.63667	36.74625	48.2227	7.2314	18.38409	36.09371	57.14327	82.18217	37.72039	47.05476	26.09162	21.21363	18.30176	31.78776	59.53767	18.40358	13.09247	14.6419	11.78913	11.2733	6.04687	2.37059	51.53609	66.31201	63.76988	46.36948	36.00319	39.05614	61.52213	80.27142	94.41027	110.14733	91.49436	94.60211	77.79355	85.06454	99.47801	52.70063	23.20278	45.93469	52.67415	37.8414	18.90311	27.21718	36.26687	11.01887	13.14795	11.23469	33.75764	47.03923	54.79519	63.68798	66.09391	72.13951	17.51547	17.77031	15.89641	14.19198	46.81847	30.37069	24.72643	39.52293	65.8511	50.53159	86.14716	46.67159	25.4448	10.4715	19.23066	27.48902	123.14457	167.59955	99.82949	91.90402	81.83468	50.58469	87.40225	43.66889	48.26879	48.28923	58.5443	54.13058	16.08894	16.33332	15.52089	23.09475	24.77409	41.44953	16.22757	37.75705	108.26634	108.82544	80.50892	115.02988	32.13699	16.34317	13.46679	6.75818	38.64546	33.94772	35.50532	26.51222	52.19262	83.54609	71.70376	62.34653	157.8119	93.43592	91.25626	109.26198	105.1798	95.29894	94.63693	13.15041	62.31561	49.44516	63.84576	66.86907	25.56676	29.35625	3.44349	1.06595	58.61424	14.18318	30.4259	15.43082	79.57449	49.90319	15.4707	33.94223	45.70946	55.82158	96.24786	100.96626	24.77082	39.17507	23.017	9.8013	21.71391	18.62038	7.86759	3.96811	46.30727	28.87018	108.39112	69.94862	13.01181	26.4095	NA	NA	NA	NA	NA	NA	NA	NA	NA	NA	NA	NA	NA	NA	NA	NA	NA	NA	NA	NA	NA	NA	NA	NA	NA	NA	NA	NA	NA	NA	NA	NA	NA	NA	NA	NA	NA	NA	NA	NA	NA	NA	NA	NA	NA	NA	NA	NA	NA	NA	NA	NA	NA	NA	NA	NA	NA	NA	NA	NA	NA	NA	NA	NA	NA	NA	NA	NA	NA	NA	NA	NA	NA	NA	NA	NA	NA	NA	NA	NA	NA	NA	NA	NA	NA	NA	NA	NA	NA	NA	NA	NA	NA	NA	NA	NA	NA	NA	NA	NA	NA	NA	NA	NA	NA	NA	NA	NA	NA	NA	NA	NA	NA	NA	NA	NA	NA	NA	NA	NA	NA	NA	NA	NA	NA	NA	NA	NA	NA	NA	NA	NA	NA	NA	NA	NA	NA	NA	NA	NA	NA	NA	NA	NA	NA	NA	NA	NA	NA	NA	NA	NA	NA	NA	NA
GT22	0.75355	2.75079	1.64722	1.92367	0.9086	0.13428	0.81967	0.31558	1.0578	0.76874	0.78125	1.21106	1.11815	0.33312	0.09797	NA	NA	NA	NA	NA	NA	NA	0.88399	0.13633	NA	NA	NA	NA	0.92013	1.96925	2.69355	2.07437	5.54875	0.82467	1.21427	NA	NA	NA	NA	NA	NA	6.42758	1.77875	1.54903	0.32471	0.46597	0.74371	NA	0.48946	0.15543	NA	0.18906	NA	0.08252	NA	1.23238	0.46369	0.47091	0.21775	0.594	1.53439	0.18795	0.24827	0.30243	0.26759	0.45336	0.61287	0.56918	1.05585	1.05383	0.78975	1.2381	1.30619	0.37203	0.66151	1.39391	0.1346	0.31978	NA	0.42215	0.56855	0.49902	2.54979	0.86819	0.58417	0.53135	0.52485	1.01005	2.11893	5.89369	7.38466	3.54304	7.85911	3.94772	4.58044	1.53065	0.69183	0.60365	0.28765	0.79521	0.14313	NA	0.32097	0.55187	1.36957	0.74742	0.59394	0.14405	0.81264	0.78237	NA	0.28436	NA	NA	NA	NA	0.39813	0.32836	0.4811	0.15761	0.49238	NA	0.75594	NA	0.67168	0.35658	0.28465	0.1705	0.3068	0.87421	0.79871	1.48491	2.32326	0.63174	0.68644	1.03675	1.96919	1.2009	1.93128	NA	0.70524	0.59686	1.75894	0.11687	0.14293	NA	0.21781	NA	0.77765	0.59127	0.07863	0.10606	1.20723	0.93132	0.316	1.71092	4.80053	4.8439	7.20125	9.70042	0.65844	0.47413	0.7758	NA	NA	NA	NA	0.32756	3.81505	2.74967	1.79328	3.13176	0.49486	1.54541	0.41707	0.20426	0.88592	0.74564	2.08704	0.7855	0.27195	NA	NA	NA	1.56253	1.0026	0.95884	NA	NA	NA	NA	NA	0.14233	0.05734	NA	0.18478	NA	0.22316	NA	NA	0.74088	0.44258	0.30588	0.4012	NA	0.41467	NA	0.14971	1.26975	0.7555	1.71569	0.24002	1.53506	1.82008	1.32136	1.41265	0.44856	0.83664	0.10232	NA	0.20089	0.83759	NA	NA	NA	NA	NA	NA	NA	NA	NA	NA	NA	NA	NA	NA	NA	NA	NA	NA	NA	NA	NA	NA	NA	NA	NA	NA	NA	NA	NA	NA	NA	NA	NA	NA	NA	NA	NA	NA	NA	NA	NA	NA	NA	NA	NA	NA	NA	NA	NA	NA	NA	NA	NA	NA	NA	NA	NA	NA	NA	NA	NA	NA	NA	NA	NA	NA	NA	NA	NA	NA	NA	NA	NA	NA	NA	NA	NA	NA	NA	NA	NA	NA	NA	NA	NA	NA	NA	NA	NA	NA	NA	NA	NA	NA	NA	NA	NA	NA	NA	NA	NA	NA	NA	NA	NA	NA	NA	NA	NA	NA	NA	NA	NA	NA	NA	NA	NA	NA	NA	NA	NA	NA	NA	NA	NA	NA	NA	NA	NA	NA	NA	NA	NA	NA	NA	NA	NA	NA	NA	NA	NA	NA	NA	NA	NA	NA	NA	NA	NA	NA	NA	NA	NA	NA	NA
GT23	8.61514	15.36083	15.48891	13.69305	6.80314	10.19547	11.24696	28.13719	20.99777	10.10878	11.65275	16.50335	23.43741	6.42676	27.59915	48.18209	30.29359	50.29238	78.54581	23.96971	4.401	2.96096	20.05246	3.66172	12.7326	16.08852	16.26424	12.1181	23.0329	13.13315	32.2897	31.37073	23.2775	28.98798	33.0682	36.22987	21.12307	60.0918	35.77562	31.26489	43.3332	36.45346	7.43295	10.69657	19.8563	3.5373	12.6544	61.57753	51.43552	67.28041	89.76818	64.0182	45.28523	31.20977	12.14061	17.75633	5.27029	15.88654	7.88427	12.47666	11.29953	12.91307	4.27603	23.15612	14.46473	20.22964	25.07095	22.57256	11.48573	9.7086	9.35329	8.4734	20.0892	17.69732	5.29374	11.03114	12.76794	0.64022	1.34836	9.93617	13.0001	20.58518	22.99927	31.30248	10.4936	11.42321	8.11364	7.7347	20.62106	4.33909	1.23345	3.15065	4.13499	1.35613	NA	0.41149	15.09553	25.4414	27.16803	34.94628	13.79118	9.20966	15.67883	31.78349	51.70011	63.21125	54.03352	66.85094	56.76685	36.53785	33.05952	50.66039	6.93177	17.29676	17.41319	13.38032	15.27593	6.84043	11.8355	4.34926	2.79301	5.07484	10.77302	13.76576	22.50743	35.82472	21.83576	19.3675	8.86921	6.78158	7.5471	7.43756	17.62142	19.78728	18.53709	19.58987	34.76808	23.60237	43.05782	22.71608	10.95169	3.76763	8.01767	9.93772	49.96369	51.76799	16.51078	40.70103	14.90878	14.16393	24.66696	12.35725	14.14286	16.23572	34.32863	19.71485	0.39884	0.56334	0.58998	0.4382	9.40256	20.64386	3.01641	12.7777	63.26683	61.3048	40.66891	61.75339	13.14217	8.90405	12.75508	4.92458	4.08401	11.21328	5.80619	10.02824	32.18824	57.43562	45.39632	32.3676	68.4592	39.55611	34.04949	78.70681	34.65977	16.66451	37.84671	85.53722	36.98634	22.97327	24.74631	38.22906	6.81127	9.65847	1.65648	0.2051	46.70118	3.27174	9.10256	3.69931	29.04693	17.78969	8.54317	14.85662	33.6049	29.6488	72.93331	63.43318	9.91563	12.76921	6.69246	2.7407	15.708	10.48549	20.6321	7.39957	8.52209	9.32647	79.57388	44.23413	9.24455	11.30087	NA	NA	NA	NA	NA	NA	NA	NA	NA	NA	NA	NA	NA	NA	NA	NA	NA	NA	NA	NA	NA	NA	NA	NA	NA	NA	NA	NA	NA	NA	NA	NA	NA	NA	NA	NA	NA	NA	NA	NA	NA	NA	NA	NA	NA	NA	NA	NA	NA	NA	NA	NA	NA	NA	NA	NA	NA	NA	NA	NA	NA	NA	NA	NA	NA	NA	NA	NA	NA	NA	NA	NA	NA	NA	NA	NA	NA	NA	NA	NA	NA	NA	NA	NA	NA	NA	NA	NA	NA	NA	NA	NA	NA	NA	NA	NA	NA	NA	NA	NA	NA	NA	NA	NA	NA	NA	NA	NA	NA	NA	NA	NA	NA	NA	NA	NA	NA	NA	NA	NA	NA	NA	NA	NA	NA	NA	NA	NA	NA	NA	NA	NA	NA	NA	NA	NA	NA	NA	NA	NA	NA	NA	NA	NA	NA	NA	NA	NA	NA	NA	NA	NA	NA	NA	NA
GT25	2.11429	5.83536	2.52641	2.6443	0.37987	0.33428	2.55765	3.30323	1.88304	2.05773	3.25599	1.83748	1.92933	0.6603	27.53019	26.63305	17.73681	31.9025	31.4606	13.28549	4.82852	2.78283	13.08329	4.23307	3.65544	8.91728	7.90275	4.40023	14.7474	11.23421	6.97549	6.60951	6.98298	3.95528	5.90631	19.71581	4.67506	13.27395	5.38735	9.55906	8.02041	10.4089	8.79535	16.32244	15.62926	7.81852	11.31185	7.39984	34.42706	12.0708	11.75529	20.39199	6.90974	23.30271	12.12826	14.7014	16.96895	12.20219	14.02564	11.93405	11.12376	2.3768	0.30877	3.8736	5.35361	9.74125	5.01238	10.58442	1.38865	4.44345	1.50296	1.03653	3.89604	0.86004	0.63626	0.26642	0.2692	0.33951	NA	0.85081	0.94294	1.21943	3.44158	4.31072	1.14401	1.33502	0.77397	2.79215	4.18889	2.23035	11.95791	2.83254	6.27612	20.66817	20.52795	0.2647	1.83832	0.82195	0.14382	0.13253	1.67312	0.74162	1.31183	7.17336	4.13757	5.00695	7.56863	4.53541	7.71135	4.73384	22.61142	18.94374	4.98608	28.26837	27.14816	8.27024	7.48601	3.25664	3.59284	3.16339	4.72366	2.26654	6.46045	9.61325	5.36869	3.83025	6.9493	3.96678	2.56734	3.57497	1.74148	2.50128	2.42099	2.20107	2.64526	2.03292	21.16819	22.57382	10.00425	5.21824	4.01077	2.85693	4.62853	3.87999	19.46503	15.34938	12.60013	14.00715	8.29652	3.07396	5.43293	4.26427	1.52554	2.81649	2.69256	3.64499	1.74927	0.53757	1.38583	2.99918	0.20054	1.77294	0.75377	4.7682	8.27107	6.82945	6.07326	16.5798	6.43109	2.50597	1.35245	0.51364	0.33034	0.44466	2.86697	1.57354	4.71319	4.76337	4.684	6.44918	27.45168	18.08135	8.90933	13.71319	33.80364	52.48794	51.49989	50.08082	24.09498	33.39688	31.18207	30.14909	18.67736	6.95858	11.49512	1.88993	27.59437	7.89756	17.17957	13.83455	35.56969	32.04979	7.16307	7.68436	3.24786	8.03291	10.71441	13.96994	8.71527	14.6405	5.78711	2.17593	5.31708	6.11402	11.94554	17.86461	0.81109	2.34267	1.7125	1.40882	3.42188	10.28957	NA	NA	NA	NA	NA	NA	NA	NA	NA	NA	NA	NA	NA	NA	NA	NA	NA	NA	NA	NA	NA	NA	NA	NA	NA	NA	NA	NA	NA	NA	NA	NA	NA	NA	NA	NA	NA	NA	NA	NA	NA	NA	NA	NA	NA	NA	NA	NA	NA	NA	NA	NA	NA	NA	NA	NA	NA	NA	NA	NA	NA	NA	NA	NA	NA	NA	NA	NA	NA	NA	NA	NA	NA	NA	NA	NA	NA	NA	NA	NA	NA	NA	NA	NA	NA	NA	NA	NA	NA	NA	NA	NA	NA	NA	NA	NA	NA	NA	NA	NA	NA	NA	NA	NA	NA	NA	NA	NA	NA	NA	NA	NA	NA	NA	NA	NA	NA	NA	NA	NA	NA	NA	NA	NA	NA	NA	NA	NA	NA	NA	NA	NA	NA	NA	NA	NA	NA	NA	NA	NA	NA	NA	NA	NA	NA	NA	NA	NA	NA	NA	NA	NA	NA	NA	NA
GT26	163.43961	137.19602	121.91082	145.22442	123.03245	138.15511	125.83241	127.18543	109.62548	112.37627	95.39799	117.34122	116.06155	80.99108	177.93928	244.18706	190.01668	233.0532	276.87545	163.58366	88.50832	92.19085	153.91988	120.0185	99.20254	123.05083	140.56272	89.80375	109.58087	78.01662	119.18977	98.83772	125.06062	91.14713	103.3491	194.27204	153.68638	275.44633	273.79665	213.26415	215.80047	124.56222	98.53597	128.29681	148.51778	113.59097	141.02101	219.28012	256.83913	222.37622	280.56436	264.45083	201.88958	216.46602	215.61328	282.78301	280.55421	286.32291	242.75213	278.38214	229.40522	100.40328	105.61515	154.25475	133.74921	91.396	116.82858	84.04861	146.60054	163.52305	135.23004	134.2396	147.52711	173.50895	129.8371	162.15099	149.5717	113.48299	86.99519	125.44886	155.32177	174.63125	111.77239	146.01742	90.82768	96.74213	103.64271	87.16812	130.6433	105.45563	84.20557	87.53875	73.3756	74.89674	122.99085	122.47091	125.32419	172.2876	204.67596	222.26993	190.74987	163.48074	171.64292	112.03686	132.07476	148.76571	128.72833	139.97623	124.62081	117.59595	236.26746	222.94174	162.83226	154.19503	133.61949	161.89904	100.88212	120.87975	136.07964	125.82353	121.39479	147.42688	121.92236	135.38068	102.21316	102.43791	99.57692	84.1415	160.42674	165.00223	129.92258	192.73287	87.1749	106.73514	72.86597	91.96703	152.46211	152.44275	187.32648	135.26109	125.69414	86.56993	126.86192	132.83259	175.29316	219.93273	125.18517	154.38143	121.21592	103.28937	118.45356	108.17398	100.97297	102.51948	159.54536	104.74232	84.8509	90.36927	68.35936	75.64042	94.38872	114.45636	95.74151	119.42145	140.01396	158.92451	94.35639	149.2203	125.64575	108.90064	139.41446	120.22238	91.68623	130.81574	109.13437	115.39127	78.00022	96.47618	101.19876	75.96371	272.05695	153.47636	216.72655	230.42823	176.41235	127.75197	167.60859	119.82128	154.4116	128.74039	188.38683	153.10451	529.90027	637.82303	801.79528	792.17307	359.71232	396.05213	309.53128	179.17983	168.49504	140.6525	111.24159	161.49565	162.95075	161.61729	208.63649	227.39197	157.17749	181.30087	180.76928	274.41298	108.40186	81.76235	99.98244	94.62171	144.13585	113.64406	278.80887	249.60998	136.03592	143.25898	NA	NA	NA	NA	NA	NA	NA	NA	NA	NA	NA	NA	NA	NA	NA	NA	NA	NA	NA	NA	NA	NA	NA	NA	NA	NA	NA	NA	NA	NA	NA	NA	NA	NA	NA	NA	NA	NA	NA	NA	NA	NA	NA	NA	NA	NA	NA	NA	NA	NA	NA	NA	NA	NA	NA	NA	NA	NA	NA	NA	NA	NA	NA	NA	NA	NA	NA	NA	NA	NA	NA	NA	NA	NA	NA	NA	NA	NA	NA	NA	NA	NA	NA	NA	NA	NA	NA	NA	NA	NA	NA	NA	NA	NA	NA	NA	NA	NA	NA	NA	NA	NA	NA	NA	NA	NA	NA	NA	NA	NA	NA	NA	NA	NA	NA	NA	NA	NA	NA	NA	NA	NA	NA	NA	NA	NA	NA	NA	NA	NA	NA	NA	NA	NA	NA	NA	NA	NA	NA	NA	NA	NA	NA	NA	NA	NA	NA	NA	NA	NA	NA	NA	NA	NA	NA
GT27	NA	0.20388	NA	0.57225	0.20745	NA	0.29456	NA	NA	NA	NA	NA	NA	NA	NA	NA	NA	NA	NA	NA	NA	NA	NA	NA	NA	NA	NA	NA	NA	NA	NA	NA	NA	NA	NA	NA	NA	NA	NA	NA	NA	NA	NA	NA	NA	NA	NA	NA	NA	NA	0.1728	NA	NA	NA	NA	NA	NA	NA	NA	NA	NA	0.75713	0.17058	3.96714	0.50016	0.17226	3.00235	1.30777	1.63204	3.64818	1.6809	0.3388	1.20342	0.43352	0.55887	0.18423	0.0883	NA	NA	0.17675	0.50432	1.23941	NA	NA	NA	NA	NA	NA	NA	NA	NA	NA	NA	NA	NA	NA	0.83641	4.89397	0.625	2.46835	2.1326	1.47645	3.77461	NA	NA	NA	NA	NA	NA	NA	NA	NA	NA	NA	NA	NA	NA	NA	NA	NA	NA	NA	NA	NA	NA	NA	NA	NA	NA	0.15601	NA	0.139	NA	NA	NA	NA	NA	NA	NA	NA	NA	NA	NA	NA	NA	NA	NA	NA	NA	NA	NA	NA	0.06548	NA	NA	NA	NA	NA	NA	NA	NA	NA	NA	NA	1.19879	2.81371	0.71964	0.82636	1.65103	0.74321	0.21824	0.37027	NA	0.14469	0.23417	0.96023	NA	NA	NA	NA	NA	NA	NA	NA	NA	NA	NA	NA	NA	NA	NA	NA	NA	NA	NA	NA	NA	NA	NA	NA	NA	NA	NA	NA	NA	NA	NA	NA	NA	NA	NA	NA	0.88943	0.27598	0.36693	0.62507	4.29881	10.93092	0.88926	NA	NA	NA	NA	NA	NA	NA	NA	NA	NA	NA	NA	NA	NA	NA	NA	NA	NA	NA	NA	NA	NA	NA	NA	NA	NA	NA	NA	NA	NA	NA	NA	NA	NA	NA	NA	NA	NA	NA	NA	NA	NA	NA	NA	NA	NA	NA	NA	NA	NA	NA	NA	NA	NA	NA	NA	NA	NA	NA	NA	NA	NA	NA	NA	NA	NA	NA	NA	NA	NA	NA	NA	NA	NA	NA	NA	NA	NA	NA	NA	NA	NA	NA	NA	NA	NA	NA	NA	NA	NA	NA	NA	NA	NA	NA	NA	NA	NA	NA	NA	NA	NA	NA	NA	NA	NA	NA	NA	NA	NA	NA	NA	NA	NA	NA	NA	NA	NA	NA	NA	NA	NA	NA	NA	NA	NA	NA	NA	NA	NA	NA	NA	NA	NA	NA	NA	NA	NA	NA	NA	NA	NA	NA	NA	NA	NA	NA	NA	NA	NA	NA	NA	NA	NA	NA	NA	NA	NA
GT28	409.93604	429.11098	495.54599	444.50214	349.33611	432.97813	455.25859	451.65943	508.11723	431.70611	450.51074	400.61577	412.62298	458.42363	280.81128	266.52638	316.23816	266.33711	270.64344	358.87989	436.3483	472.19514	401.14593	411.60186	351.39809	335.27292	335.72226	390.23613	426.87411	475.49663	436.38641	387.37592	442.43649	379.54849	399.86442	323.24082	378.09397	351.90297	338.09696	373.8354	407.44633	419.05438	374.16043	399.37964	372.13205	361.79833	372.64063	354.42581	311.89101	393.32738	333.92531	310.88839	336.3373	302.9935	349.07152	322.67427	363.28846	346.95646	330.48942	385.57301	362.82914	331.28318	448.96176	404.97781	397.57422	345.98497	393.27609	379.53213	447.06753	408.3889	387.08177	466.7374	417.18596	435.21471	448.52486	536.78106	464.76351	510.0472	492.10332	505.18571	430.55445	427.2379	360.27045	317.32274	339.18561	339.69166	347.91582	391.36272	374.88145	408.51019	406.30547	353.60483	421.3803	402.94569	329.30181	324.45137	217.6089	355.87555	303.57962	331.14547	300.26665	262.5689	331.31248	351.71628	355.39013	306.23351	320.28154	315.24965	333.37777	298.59529	263.91285	349.50104	377.11702	288.40368	281.91373	313.03434	399.61782	487.18078	453.37224	422.83843	452.34852	369.89562	403.16721	517.07799	330.24132	275.38202	296.44273	304.68021	382.85937	343.99029	364.00871	311.15701	425.77113	375.85314	338.63084	384.81647	281.16142	331.7888	282.57539	301.97586	443.78946	408.21597	397.99295	384.89482	258.4202	276.61531	187.08887	245.31595	356.84378	343.14129	313.16349	351.38928	289.32247	279.53381	283.28984	352.2998	329.76755	323.73483	319.54167	378.30728	424.60326	356.58464	353.37665	361.48369	308.5632	307.75531	279.32256	312.11552	373.41525	382.69863	373.83189	388.63148	414.83822	467.40699	426.96282	429.83792	338.12563	315.77718	338.3509	311.48261	312.63145	361.73486	292.13558	366.30199	293.81742	268.55925	299.91781	216.83198	345.3363	316.19804	286.05689	300.83511	349.97928	307.2235	342.24858	281.20349	377.47409	321.58336	308.98281	368.28419	297.90915	299.49301	343.72758	327.51481	355.49621	323.90938	265.89379	239.83883	350.17971	340.21837	335.38025	291.65447	369.23691	401.91975	317.75487	332.3353	325.51114	415.34103	263.79412	272.58618	387.31909	395.43969	NA	NA	NA	NA	NA	NA	NA	NA	NA	NA	NA	NA	NA	NA	NA	NA	NA	NA	NA	NA	NA	NA	NA	NA	NA	NA	NA	NA	NA	NA	NA	NA	NA	NA	NA	NA	NA	NA	NA	NA	NA	NA	NA	NA	NA	NA	NA	NA	NA	NA	NA	NA	NA	NA	NA	NA	NA	NA	NA	NA	NA	NA	NA	NA	NA	NA	NA	NA	NA	NA	NA	NA	NA	NA	NA	NA	NA	NA	NA	NA	NA	NA	NA	NA	NA	NA	NA	NA	NA	NA	NA	NA	NA	NA	NA	NA	NA	NA	NA	NA	NA	NA	NA	NA	NA	NA	NA	NA	NA	NA	NA	NA	NA	NA	NA	NA	NA	NA	NA	NA	NA	NA	NA	NA	NA	NA	NA	NA	NA	NA	NA	NA	NA	NA	NA	NA	NA	NA	NA	NA	NA	NA	NA	NA	NA	NA	NA	NA	NA	NA	NA	NA	NA	NA	NA
GT29	NA	NA	NA	NA	NA	NA	NA	NA	NA	0.24306	0.77999	NA	NA	NA	NA	NA	NA	NA	NA	NA	0.12409	NA	NA	NA	NA	NA	NA	NA	NA	NA	NA	NA	NA	NA	NA	NA	NA	NA	NA	NA	NA	NA	NA	NA	NA	NA	NA	1.95004	3.01194	3.70684	2.44646	1.08179	1.3602	4.62083	2.54251	1.79766	9.86367	0.66475	7.8219	0.47757	1.72368	0.25985	NA	0.39437	0.66755	0.39412	NA	NA	NA	NA	NA	NA	NA	NA	NA	NA	NA	NA	NA	NA	NA	NA	NA	NA	NA	NA	NA	NA	NA	NA	NA	NA	NA	NA	NA	NA	0.3988	NA	0.745	0.98076	0.5296	0.32999	0.62781	0.24285	0.24444	NA	NA	NA	NA	0.25575	NA	NA	NA	NA	NA	NA	NA	NA	NA	NA	NA	NA	NA	NA	NA	NA	NA	NA	NA	NA	NA	NA	NA	NA	NA	NA	NA	NA	NA	NA	NA	NA	NA	NA	NA	NA	NA	NA	NA	NA	NA	NA	NA	NA	NA	NA	NA	NA	NA	NA	NA	NA	NA	NA	NA	NA	NA	NA	NA	NA	NA	NA	NA	0.08161	NA	NA	NA	NA	NA	NA	NA	NA	NA	NA	9.12537	1.14106	24.64927	35.80439	NA	0.09049	0.0873	NA	NA	NA	NA	NA	NA	NA	NA	NA	NA	NA	NA	NA	1.73508	1.34741	1.44345	0.51952	NA	NA	0.18092	NA	0.07798	NA	NA	NA	0.37678	NA	0.90857	0.23611	NA	NA	NA	NA	NA	NA	NA	NA	NA	NA	NA	NA	NA	NA	NA	NA	NA	NA	NA	NA	NA	NA	NA	NA	NA	NA	NA	NA	NA	NA	NA	NA	NA	NA	NA	NA	NA	NA	NA	NA	NA	NA	NA	NA	NA	NA	NA	NA	NA	NA	NA	NA	NA	NA	NA	NA	NA	NA	NA	NA	NA	NA	NA	NA	NA	NA	NA	NA	NA	NA	NA	NA	NA	NA	NA	NA	NA	NA	NA	NA	NA	NA	NA	NA	NA	NA	NA	NA	NA	NA	NA	NA	NA	NA	NA	NA	NA	NA	NA	NA	NA	NA	NA	NA	NA	NA	NA	NA	NA	NA	NA	NA	NA	NA	NA	NA	NA	NA	NA	NA	NA	NA	NA	NA	NA	NA	NA	NA	NA	NA	NA	NA	NA	NA	NA	NA	NA	NA	NA	NA	NA	NA	NA	NA	NA	NA	NA	NA	NA	NA	NA	NA	NA	NA	NA	NA	NA
GT3	105.25692	95.75113	52.7403	81.87339	77.21057	58.70361	81.89072	92.98028	57.21809	59.22297	74.80219	73.15429	65.75696	39.66406	197.32433	207.77312	128.29673	190.66197	215.78272	74.52837	49.59722	40.01251	123.17102	79.44453	73.20697	63.57383	85.25231	46.68169	105.08578	68.9251	105.39442	97.96796	117.79143	113.26412	121.44519	104.06423	54.85814	131.22636	137.3107	88.87005	81.84612	128.71628	57.29514	71.51843	71.48939	44.27044	74.26493	138.14126	212.82329	123.98392	181.0127	154.17043	103.19601	150.3696	166.07601	224.20947	160.83869	166.74687	208.8537	177.10183	156.9438	48.71255	11.1348	66.69192	81.44291	64.7052	68.59164	44.08391	88.00116	88.88204	115.30663	46.06938	94.19099	53.6714	53.38908	77.65289	105.31865	8.73111	53.47785	79.62192	97.00025	127.46383	97.34973	116.97541	72.83922	60.41797	31.89611	76.86212	108.30422	87.38008	81.01727	60.07065	53.22183	44.17667	117.55555	33.5148	71.92749	101.18001	127.5634	121.45142	104.08391	118.40016	116.44272	130.81235	127.31332	144.45466	137.93439	130.39845	115.04981	146.61222	144.31562	107.2773	189.38499	114.74384	138.92134	73.63513	62.84035	97.88724	135.38482	80.93803	86.00516	167.79722	112.01675	84.20955	117.76937	117.88895	85.9314	83.54438	107.43926	137.14726	76.83759	169.71453	93.01253	83.19547	54.77926	75.0312	156.36246	125.70313	168.49478	113.55713	86.63542	36.16101	78.07198	123.27578	145.68494	182.4601	126.11587	113.91101	124.07623	80.29745	93.00151	63.2829	118.54791	102.73151	93.31182	100.12212	86.37536	81.82758	92.59851	78.85835	84.10158	111.82994	61.2053	93.99314	140.25043	128.91885	95.06976	147.40703	98.44376	72.23413	73.48199	49.96374	70.29213	62.99494	59.67082	62.80396	96.48809	131.45826	119.2508	123.19527	167.36797	102.04509	88.92484	115.25305	184.76366	142.16929	177.26413	60.25858	92.54745	75.19209	115.12778	90.5822	141.23173	222.58818	194.71931	258.40257	135.01352	207.82738	126.66877	51.4612	116.11839	87.219	67.87455	81.55293	77.66172	82.40724	108.92873	130.60271	114.04004	136.89365	118.1092	214.76692	62.52542	44.22565	42.30399	26.43258	97.1133	84.87686	148.38641	79.90911	30.21831	54.86826	NA	NA	NA	NA	NA	NA	NA	NA	NA	NA	NA	NA	NA	NA	NA	NA	NA	NA	NA	NA	NA	NA	NA	NA	NA	NA	NA	NA	NA	NA	NA	NA	NA	NA	NA	NA	NA	NA	NA	NA	NA	NA	NA	NA	NA	NA	NA	NA	NA	NA	NA	NA	NA	NA	NA	NA	NA	NA	NA	NA	NA	NA	NA	NA	NA	NA	NA	NA	NA	NA	NA	NA	NA	NA	NA	NA	NA	NA	NA	NA	NA	NA	NA	NA	NA	NA	NA	NA	NA	NA	NA	NA	NA	NA	NA	NA	NA	NA	NA	NA	NA	NA	NA	NA	NA	NA	NA	NA	NA	NA	NA	NA	NA	NA	NA	NA	NA	NA	NA	NA	NA	NA	NA	NA	NA	NA	NA	NA	NA	NA	NA	NA	NA	NA	NA	NA	NA	NA	NA	NA	NA	NA	NA	NA	NA	NA	NA	NA	NA	NA	NA	NA	NA	NA	NA
GT30	111.57804	73.08777	50.1684	72.68572	71.42841	51.65959	79.34483	122.08683	68.50963	77.62307	115.34961	68.86444	73.46685	63.42664	186.119	202.41374	118.48037	187.65943	207.28828	109.96008	62.64463	30.69957	103.49987	58.37446	70.79063	60.37729	68.59991	50.97857	95.18255	67.2424	95.32702	92.58779	105.85549	79.90757	99.90193	104.5361	76.9866	140.29954	118.45097	114.38251	101.4968	111.7846	51.28334	59.03159	76.03571	48.79316	63.44327	120.60064	185.5816	120.51602	197.87472	149.16479	96.7427	151.86362	162.95678	225.55714	203.12117	209.3498	214.47641	212.87842	175.00602	42.97486	14.98078	67.23925	81.34273	57.01387	62.41115	39.46278	89.31879	90.31733	92.45558	38.02593	73.58181	39.23789	58.53604	136.60727	117.69221	51.36097	48.08583	71.07396	108.69737	141.4667	78.37531	110.48661	56.55956	53.92513	42.04227	76.50919	100.21433	80.28422	60.50225	53.01768	35.03748	40.6138	114.51911	29.14628	68.61294	95.948	124.80386	151.96395	125.62434	136.21	99.73213	106.76122	119.0674	137.82114	116.81064	114.33432	103.50288	120.84572	160.38291	114.36413	226.53541	121.88473	118.53324	73.41216	58.19569	131.52721	155.82783	114.99151	101.6474	176.74624	127.50161	128.57705	106.03582	107.13173	78.72519	78.72632	125.35766	132.49612	68.3844	171.44314	128.86405	127.27968	60.7369	71.35541	153.22745	150.52963	138.00136	106.91689	95.25084	53.2505	89.68083	124.49733	145.75909	180.01502	123.92868	132.76722	91.35124	57.82722	87.07724	51.28277	90.55342	89.82455	78.15755	94.512	72.71772	65.17216	58.94113	52.1595	96.25907	118.59792	64.72219	115.83392	151.5674	152.5402	105.41133	168.96476	93.33983	68.74624	82.46606	47.81641	58.0895	79.07067	61.06468	64.57846	71.75765	99.91814	86.9812	83.96994	173.00945	98.66786	110.76078	163.47962	167.51822	129.9766	201.35247	21.73838	103.20149	91.0295	121.26176	108.19223	211.59953	247.32231	272.88836	264.90874	300.87905	242.89541	176.34203	78.38616	126.82079	91.7898	73.34951	78.16876	75.46688	82.61124	108.45765	126.97823	120.54191	139.48788	126.24768	212.05057	52.38089	40.21003	36.95307	31.58407	109.59842	74.47678	131.04216	82.7812	30.23732	51.14557	NA	NA	NA	NA	NA	NA	NA	NA	NA	NA	NA	NA	NA	NA	NA	NA	NA	NA	NA	NA	NA	NA	NA	NA	NA	NA	NA	NA	NA	NA	NA	NA	NA	NA	NA	NA	NA	NA	NA	NA	NA	NA	NA	NA	NA	NA	NA	NA	NA	NA	NA	NA	NA	NA	NA	NA	NA	NA	NA	NA	NA	NA	NA	NA	NA	NA	NA	NA	NA	NA	NA	NA	NA	NA	NA	NA	NA	NA	NA	NA	NA	NA	NA	NA	NA	NA	NA	NA	NA	NA	NA	NA	NA	NA	NA	NA	NA	NA	NA	NA	NA	NA	NA	NA	NA	NA	NA	NA	NA	NA	NA	NA	NA	NA	NA	NA	NA	NA	NA	NA	NA	NA	NA	NA	NA	NA	NA	NA	NA	NA	NA	NA	NA	NA	NA	NA	NA	NA	NA	NA	NA	NA	NA	NA	NA	NA	NA	NA	NA	NA	NA	NA	NA	NA	NA
GT31	0.35136	NA	2.36356	2.68878	NA	2.11559	2.77044	1.61724	0.65979	0.51693	2.72812	1.89894	NA	NA	NA	NA	NA	NA	NA	NA	NA	4.88595	23.47342	0.66812	NA	NA	0.53274	3.04123	9.07547	3.68986	4.48897	1.50646	11.67855	0.52183	5.11807	NA	NA	NA	NA	NA	NA	11.6331	2.78832	8.329	10.28805	22.90375	11.51765	NA	NA	0.15543	NA	0.33335	0.3427	NA	NA	0.32067	NA	0.31622	NA	NA	0.33476	2.3175	NA	NA	3.18545	6.24695	7.2091	20.70248	2.10601	7.52475	1.74284	NA	0.87862	3.10162	1.04086	42.96844	18.37047	22.59093	3.20017	6.88526	11.16092	18.25496	1.3928	NA	NA	0.83898	4.47503	3.31723	2.04145	5.28253	17.73433	4.88428	15.75459	33.57611	25.12725	NA	0.16778	4.32554	0.3501	1.31291	0.52667	1.83191	5.05412	0.73689	1.98833	NA	NA	0.17122	1.78956	0.73696	16.67208	0.33647	1.06037	11.35049	6.53513	6.39011	0.17666	3.00525	0.34394	0.17294	0.35201	NA	NA	33.05031	5.65272	2.05216	NA	1.21696	0.50233	NA	1.63957	1.04861	7.8394	0.5229	NA	2.65654	52.66853	57.7025	NA	0.67558	12.05108	1.30725	1.09616	0.50794	NA	NA	NA	NA	2.42466	NA	0.41962	0.39071	NA	0.13803	NA	2.18333	0.25632	0.13349	NA	NA	0.37359	0.13004	NA	NA	12.42887	8.26286	14.4969	36.52773	3.37964	2.37464	2.45666	1.66687	5.823	22.39036	4.12735	14.80411	NA	0.25514	1.29836	1.45308	NA	NA	NA	NA	13.22988	1.52662	1.34654	NA	NA	NA	NA	NA	NA	NA	NA	NA	NA	NA	NA	NA	2.28367	10.82785	17.07265	0.99946	0.24253	NA	NA	NA	NA	0.70296	NA	NA	8.70088	7.11277	26.79056	45.57896	3.90783	8.40666	NA	NA	2.0493	13.93075	NA	NA	NA	NA	NA	NA	NA	NA	NA	NA	NA	NA	NA	NA	NA	NA	NA	NA	NA	NA	NA	NA	NA	NA	NA	NA	NA	NA	NA	NA	NA	NA	NA	NA	NA	NA	NA	NA	NA	NA	NA	NA	NA	NA	NA	NA	NA	NA	NA	NA	NA	NA	NA	NA	NA	NA	NA	NA	NA	NA	NA	NA	NA	NA	NA	NA	NA	NA	NA	NA	NA	NA	NA	NA	NA	NA	NA	NA	NA	NA	NA	NA	NA	NA	NA	NA	NA	NA	NA	NA	NA	NA	NA	NA	NA	NA	NA	NA	NA	NA	NA	NA	NA	NA	NA	NA	NA	NA	NA	NA	NA	NA	NA	NA	NA	NA	NA	NA	NA	NA	NA	NA	NA	NA	NA	NA	NA	NA	NA	NA	NA	NA	NA	NA	NA	NA	NA	NA	NA	NA	NA	NA	NA	NA	NA	NA	NA	NA	NA	NA	NA	NA	NA	NA	NA
GT32	301.56673	227.71952	180.7147	258.84346	316.68383	292.12654	234.08214	273.95529	289.71905	296.28048	300.57129	300.57223	322.05955	324.66616	191.45497	253.32296	197.12025	215.3091	321.73993	135.50013	64.18073	183.8554	196.0125	168.02392	174.19619	214.302	236.19328	192.37042	263.84364	229.57808	238.91305	222.01804	233.89939	267.1457	223.93037	327.82276	303.21773	398.1584	357.07752	369.77078	375.8272	249.47351	299.57309	242.96783	240.76008	229.15663	226.49246	242.91797	318.23498	240.92993	330.57436	292.39431	251.20631	301.53103	224.34237	264.3811	243.76424	234.8899	226.19381	225.36367	244.70506	170.71536	141.27986	221.80962	232.131	168.15325	216.64703	144.92617	227.14173	257.87291	229.14705	199.44456	231.81999	240.14477	205.67188	330.04013	260.69868	250.2187	202.76422	229.1074	272.21737	294.11291	268.01423	335.15098	226.34778	231.64146	219.25462	240.32903	274.62313	345.51275	284.90856	222.19993	217.02301	292.95864	372.56394	334.96949	363.00617	334.14583	371.18818	463.64109	412.99396	430.55829	395.10726	212.11503	246.42787	238.46291	190.60873	209.15134	194.13821	219.25663	506.3457	452.45912	260.97542	490.53957	538.81034	310.39641	276.55037	212.919	263.71416	192.92953	220.14431	234.56605	226.76994	244.88537	182.97469	177.33965	135.0116	110.3648	262.5118	335.10979	236.51996	428.48788	235.86331	196.64487	234.35211	246.70392	299.4712	251.84038	214.65637	220.79307	196.2785	150.89048	183.37127	218.05033	196.53544	178.34099	118.03709	173.95429	149.30542	126.96744	124.11471	124.565	251.24473	250.61544	263.24634	231.59161	229.19991	228.06054	240.80104	227.64038	158.51321	143.95751	123.00217	97.95273	128.72607	127.33196	100.0918	137.11267	179.57868	146.27465	198.2678	144.23745	194.80221	243.94762	147.70613	260.03295	213.74975	225.31421	211.92358	193.65001	363.46301	276.30353	229.42583	234.40439	298.96585	274.03523	318.50045	279.46589	171.07278	178.1809	198.36256	216.35214	143.6494	154.01171	199.57808	174.78595	344.55917	294.91141	271.9418	227.70892	176.10677	177.2477	225.04626	189.81729	201.55305	189.83951	150.98621	176.59676	212.06054	255.62372	223.61509	345.49554	148.89152	131.93914	196.68201	141.1924	348.76417	286.78153	348.24992	275.05284	172.73743	186.96749	NA	NA	NA	NA	NA	NA	NA	NA	NA	NA	NA	NA	NA	NA	NA	NA	NA	NA	NA	NA	NA	NA	NA	NA	NA	NA	NA	NA	NA	NA	NA	NA	NA	NA	NA	NA	NA	NA	NA	NA	NA	NA	NA	NA	NA	NA	NA	NA	NA	NA	NA	NA	NA	NA	NA	NA	NA	NA	NA	NA	NA	NA	NA	NA	NA	NA	NA	NA	NA	NA	NA	NA	NA	NA	NA	NA	NA	NA	NA	NA	NA	NA	NA	NA	NA	NA	NA	NA	NA	NA	NA	NA	NA	NA	NA	NA	NA	NA	NA	NA	NA	NA	NA	NA	NA	NA	NA	NA	NA	NA	NA	NA	NA	NA	NA	NA	NA	NA	NA	NA	NA	NA	NA	NA	NA	NA	NA	NA	NA	NA	NA	NA	NA	NA	NA	NA	NA	NA	NA	NA	NA	NA	NA	NA	NA	NA	NA	NA	NA	NA	NA	NA	NA	NA	NA
GT34	NA	NA	NA	NA	NA	NA	NA	NA	NA	NA	NA	NA	NA	NA	NA	NA	NA	NA	NA	NA	NA	NA	NA	NA	NA	NA	NA	NA	NA	NA	NA	NA	NA	NA	NA	NA	NA	NA	NA	NA	NA	NA	NA	NA	NA	NA	NA	NA	NA	0.20367	NA	NA	NA	NA	NA	NA	NA	NA	NA	NA	NA	NA	NA	NA	NA	NA	NA	NA	NA	NA	NA	NA	NA	NA	NA	NA	NA	NA	NA	NA	NA	NA	NA	NA	NA	NA	NA	NA	NA	NA	NA	NA	NA	NA	NA	NA	NA	NA	NA	NA	NA	NA	NA	NA	NA	NA	NA	NA	NA	NA	NA	NA	NA	NA	NA	NA	NA	NA	NA	NA	NA	NA	NA	NA	NA	NA	NA	NA	NA	NA	NA	NA	NA	NA	NA	NA	NA	NA	NA	NA	NA	NA	NA	NA	NA	NA	NA	NA	NA	NA	NA	NA	NA	NA	NA	NA	NA	NA	NA	NA	NA	NA	NA	NA	NA	NA	NA	NA	NA	NA	NA	NA	NA	NA	NA	NA	NA	NA	NA	NA	NA	NA	NA	NA	NA	NA	NA	NA	NA	NA	NA	NA	NA	NA	NA	NA	NA	NA	NA	NA	NA	NA	NA	NA	NA	NA	NA	NA	NA	NA	NA	NA	NA	NA	NA	NA	NA	NA	NA	NA	NA	NA	NA	NA	NA	NA	NA	NA	NA	NA	NA	NA	NA	NA	NA	NA	NA	NA	NA	NA	NA	NA	NA	NA	NA	NA	NA	NA	NA	NA	NA	NA	NA	NA	NA	NA	NA	NA	NA	NA	NA	NA	NA	NA	NA	NA	NA	NA	NA	NA	NA	NA	NA	NA	NA	NA	NA	NA	NA	NA	NA	NA	NA	NA	NA	NA	NA	NA	NA	NA	NA	NA	NA	NA	NA	NA	NA	NA	NA	NA	NA	NA	NA	NA	NA	NA	NA	NA	NA	NA	NA	NA	NA	NA	NA	NA	NA	NA	NA	NA	NA	NA	NA	NA	NA	NA	NA	NA	NA	NA	NA	NA	NA	NA	NA	NA	NA	NA	NA	NA	NA	NA	NA	NA	NA	NA	NA	NA	NA	NA	NA	NA	NA	NA	NA	NA	NA	NA	NA	NA	NA	NA	NA	NA	NA	NA	NA	NA	NA	NA	NA	NA	NA	NA	NA	NA	NA
GT35	887.70689	955.31661	1032.81037	915.62441	841.00715	980.30743	936.59984	992.11939	1048.1519	942.48332	863.37084	937.76395	1069.96897	1018.7916	630.57034	668.90839	682.05225	692.42923	837.93968	667.75739	601.44338	832.9629	1038.81004	769.41248	902.01536	851.95572	859.67219	921.45711	745.07415	904.61978	934.78992	975.40622	856.88525	937.00316	795.96549	1099.14342	1057.83931	1152.57135	950.88791	970.8874	1088.60174	887.34524	881.30023	982.13564	882.69202	915.923	818.36971	1064.49093	887.87418	1093.78344	1066.94552	913.62948	979.25696	759.83207	739.96563	785.5201	926.60386	852.42681	747.44383	902.85906	835.76265	680.4571	1029.3487	1054.73091	1021.02216	1028.28593	966.60361	978.60891	951.29765	863.56651	832.58275	961.04862	973.66749	933.19217	862.48651	727.18714	805.96215	878.26103	807.267	847.32849	784.43181	850.65921	907.22876	811.01842	825.60735	881.74981	918.77147	851.13113	881.88125	895.57595	798.50578	1037.23301	932.62815	912.44592	814.5193	911.45808	580.30546	926.07643	788.40916	930.88927	769.69447	710.09722	875.68711	670.46476	845.35032	794.3635	726.50202	822.60283	732.79807	666.73319	817.36359	1049.38447	742.54913	773.35145	859.32031	909.24686	973.10303	780.70968	800.53148	865.37345	849.86566	746.71874	1011.85951	891.1485	716.48772	655.7616	798.51251	889.49803	914.19088	712.97635	767.31656	778.22842	756.59289	905.29898	935.185	975.69973	783.51924	841.28244	915.5592	920.53584	820.85226	830.07081	860.61605	842.30044	658.68669	674.98729	516.58566	639.1715	830.49715	938.37684	855.12767	911.29809	637.59144	721.39523	864.99843	811.06847	775.1288	809.86797	825.4886	797.60098	856.58292	859.25005	775.76577	812.29512	777.53951	863.79371	753.45635	905.88049	782.27858	796.27749	787.72508	753.37291	746.09868	772.8467	760.39272	847.65191	873.04291	912.40365	922.71641	896.58629	1067.57325	1045.82587	886.80546	1167.8926	789.94819	750.27427	793.08692	738.25079	953.49397	807.39479	728.33695	731.69791	631.11339	703.10073	629.6988	604.88493	849.71836	715.62607	788.84633	944.68835	754.93669	808.31648	853.8834	960.04637	1026.68922	891.2282	909.91266	829.48355	753.46966	764.57405	822.36217	690.20997	770.47515	779.56289	761.49871	867.77094	762.39178	729.59052	914.59422	927.52733	1015.11916	1005.92752	NA	NA	NA	NA	NA	NA	NA	NA	NA	NA	NA	NA	NA	NA	NA	NA	NA	NA	NA	NA	NA	NA	NA	NA	NA	NA	NA	NA	NA	NA	NA	NA	NA	NA	NA	NA	NA	NA	NA	NA	NA	NA	NA	NA	NA	NA	NA	NA	NA	NA	NA	NA	NA	NA	NA	NA	NA	NA	NA	NA	NA	NA	NA	NA	NA	NA	NA	NA	NA	NA	NA	NA	NA	NA	NA	NA	NA	NA	NA	NA	NA	NA	NA	NA	NA	NA	NA	NA	NA	NA	NA	NA	NA	NA	NA	NA	NA	NA	NA	NA	NA	NA	NA	NA	NA	NA	NA	NA	NA	NA	NA	NA	NA	NA	NA	NA	NA	NA	NA	NA	NA	NA	NA	NA	NA	NA	NA	NA	NA	NA	NA	NA	NA	NA	NA	NA	NA	NA	NA	NA	NA	NA	NA	NA	NA	NA	NA	NA	NA	NA	NA	NA	NA	NA	NA
GT38	1.58173	NA	0.76123	NA	0.29546	0.80362	1.11873	2.9513	1.0014	0.26025	NA	1.586	2.08307	0.50389	4.50863	5.39885	3.50709	5.96079	6.42636	3.52732	NA	0.55098	2.85853	0.40708	1.119	0.26276	NA	0.25694	3.8002	1.28755	5.1053	3.65202	3.58614	2.1365	2.78834	5.21785	2.02503	5.49016	0.75358	1.27288	2.68246	2.43006	0.2504	0.2701	0.5237	0.24434	0.79873	3.11712	2.84492	4.77277	8.06248	7.16536	3.15701	0.53235	0.28656	1.20298	1.01794	1.89802	0.50757	0.767	2.26048	0.65618	NA	4.48143	2.64901	0.99526	1.23849	NA	0.73403	2.07835	1.33001	1.44761	2.17796	1.87291	NA	0.26238	NA	NA	0.80352	0.50347	0.57462	0.25217	1.00632	1.48572	NA	0.51525	1.52683	0.26119	3.61655	0.20355	NA	0.12729	NA	NA	NA	NA	0.7553	3.00083	0.80628	2.47666	NA	1.38883	1.58539	1.07445	7.29977	4.75513	6.11167	4.36783	3.13908	1.69724	0.76176	3.07916	NA	0.25065	0.78476	0.25632	0.80833	NA	0.79211	NA	NA	NA	1.49356	0.25397	1.854	2.24153	1.18955	2.4209	1.50754	0.88876	NA	0.39594	1.41131	1.18267	2.47696	2.47995	2.5173	2.03663	5.62252	3.27556	1.16115	0.58963	0.41372	1.34692	6.8235	6.10783	2.8018	5.53061	1.2331	0.40257	2.5544	0.991	1.18255	1.27157	5.92836	2.03162	0.27132	NA	NA	0.107	1.17514	3.03575	NA	1.42424	6.12223	6.10653	4.30478	9.05333	1.13879	0.84681	0.41444	0.21094	0.21305	1.44256	NA	0.39074	2.08204	7.05112	3.98687	3.44789	8.28208	5.21967	3.6829	9.25013	5.30688	1.17195	2.4433	NA	2.27074	0.6046	1.74996	1.13401	NA	1.21287	0.37174	0.18851	NA	0.36743	0.7868	0.59523	2.1335	0.83643	NA	1.71069	2.39907	3.0573	9.20708	5.52738	NA	0.85047	1.20886	0.19759	1.18147	1.19593	0.42264	NA	0.38058	1.72043	6.33653	5.56483	NA	NA	NA	NA	NA	NA	NA	NA	NA	NA	NA	NA	NA	NA	NA	NA	NA	NA	NA	NA	NA	NA	NA	NA	NA	NA	NA	NA	NA	NA	NA	NA	NA	NA	NA	NA	NA	NA	NA	NA	NA	NA	NA	NA	NA	NA	NA	NA	NA	NA	NA	NA	NA	NA	NA	NA	NA	NA	NA	NA	NA	NA	NA	NA	NA	NA	NA	NA	NA	NA	NA	NA	NA	NA	NA	NA	NA	NA	NA	NA	NA	NA	NA	NA	NA	NA	NA	NA	NA	NA	NA	NA	NA	NA	NA	NA	NA	NA	NA	NA	NA	NA	NA	NA	NA	NA	NA	NA	NA	NA	NA	NA	NA	NA	NA	NA	NA	NA	NA	NA	NA	NA	NA	NA	NA	NA	NA	NA	NA	NA	NA	NA	NA	NA	NA	NA	NA	NA	NA	NA	NA	NA	NA	NA	NA	NA	NA	NA	NA	NA	NA	NA	NA	NA	NA	NA	NA
GT39	22.43146	18.02668	46.86888	40.16298	36.69228	55.00368	45.3095	29.0561	29.09358	43.53254	40.11352	55.52009	59.34592	51.2953	3.58313	4.15843	7.61773	3.04087	0.86526	1.8437	5.43978	20.0022	14.5287	21.80907	29.65149	35.66027	39.78381	13.68604	19.26379	26.75762	31.54692	33.80191	26.58053	23.62921	21.87939	13.20495	18.03173	22.94181	29.82102	23.54157	30.61369	26.60857	18.68397	31.73601	18.19931	31.59116	45.934	9.15759	15.06808	10.33108	10.42114	13.54892	16.44399	6.80728	23.79836	16.06293	19.06125	30.11041	27.92557	27.47394	27.04458	24.02625	32.23001	30.16478	52.80545	67.88761	49.30588	61.55813	33.04969	25.68768	53.17037	60.17726	44.38808	67.62995	41.431	73.66483	66.56774	23.69949	101.77036	117.04067	76.22695	54.88244	28.64846	19.39267	33.82621	38.24392	58.66262	55.20148	44.26252	22.83641	20.60984	40.57917	53.00468	48.57232	32.76992	28.88912	13.23073	26.28583	17.33371	31.61928	29.26266	16.75812	23.6023	23.28454	29.76951	34.86603	34.03396	30.76864	32.06643	28.58362	16.33892	25.67593	19.25539	26.58918	39.55156	39.61429	59.60329	37.14711	25.71055	23.93454	22.94757	18.27322	14.54612	37.94903	25.20004	24.57399	29.45454	29.71781	19.36286	27.8149	43.98411	19.47994	37.93968	24.39569	41.67559	33.56728	20.51487	27.9108	28.15005	24.31575	20.46208	23.65523	16.0652	13.22103	4.02816	4.07872	3.69986	4.25925	16.79513	23.96248	10.99844	31.55973	30.63301	17.5322	24.96857	30.84278	20.80937	17.4697	18.19925	15.69528	24.39282	29.39533	24.01467	20.89266	10.72324	14.56003	17.47674	12.73394	33.27998	38.54285	33.79851	33.76893	58.86702	62.72401	72.5522	47.97929	14.8953	12.88676	17.67982	22.39962	24.02794	12.19934	14.09476	6.20379	12.29501	21.99513	9.45105	34.70513	5.77375	14.9157	10.04515	10.80131	2.74534	3.13594	NA	0.15297	NA	7.28779	3.38686	3.58551	21.33725	12.6837	26.158	22.49365	6.29859	6.53823	6.63483	4.96847	25.14958	23.19518	18.39539	13.41529	43.74786	50.26273	78.62406	68.62744	21.6429	49.03222	15.37206	18.61498	53.65477	35.8976	NA	NA	NA	NA	NA	NA	NA	NA	NA	NA	NA	NA	NA	NA	NA	NA	NA	NA	NA	NA	NA	NA	NA	NA	NA	NA	NA	NA	NA	NA	NA	NA	NA	NA	NA	NA	NA	NA	NA	NA	NA	NA	NA	NA	NA	NA	NA	NA	NA	NA	NA	NA	NA	NA	NA	NA	NA	NA	NA	NA	NA	NA	NA	NA	NA	NA	NA	NA	NA	NA	NA	NA	NA	NA	NA	NA	NA	NA	NA	NA	NA	NA	NA	NA	NA	NA	NA	NA	NA	NA	NA	NA	NA	NA	NA	NA	NA	NA	NA	NA	NA	NA	NA	NA	NA	NA	NA	NA	NA	NA	NA	NA	NA	NA	NA	NA	NA	NA	NA	NA	NA	NA	NA	NA	NA	NA	NA	NA	NA	NA	NA	NA	NA	NA	NA	NA	NA	NA	NA	NA	NA	NA	NA	NA	NA	NA	NA	NA	NA	NA	NA	NA	NA	NA	NA
GT4	2124.83625	2161.87709	2323.46105	2166.60793	1714.5097	2141.16609	2310.04028	2697.41097	2575.23273	2548.90408	2474.67964	2597.30505	2684.33079	2403.11401	3816.87244	4062.13136	2861.65059	3700.23584	3909.10586	2260.04738	2042.27888	2219.78379	3009.35314	2369.33375	2351.02098	2478.96281	2583.76445	2213.4844	2983.2618	2683.12412	2985.43176	2964.90429	3060.82583	3078.8635	3064.66489	2981.621	2538.21985	3416.00112	3094.53088	2776.6327	2773.15048	3155.12476	2602.37698	2408.73782	2939.61777	2349.20501	2528.79564	3266.96117	4099.31726	3322.73603	3997.73336	3777.70458	3096.19948	3431.6036	3006.6012	3470.0486	3036.03419	3284.71376	3211.86146	3124.76853	3087.9493	1847.37849	2208.28982	2391.66623	2368.46714	2091.92049	2333.80511	1999.33739	2657.42953	2968.4981	2755.74314	2579.81576	2865.02035	2816.2298	2653.61402	2901.31248	2955.57761	2578.45483	2473.89298	2588.06596	2821.70456	3289.43905	2407.40905	2864.66855	2236.15684	2076.9454	1813.3376	2179.88746	2512.44277	2750.29936	2482.98933	2481.45403	2198.20381	2302.42833	3220.77867	2481.59382	2353.47954	2648.8201	3195.15341	3044.75827	2760.08618	2683.43745	2746.82066	3068.5552	3457.6876	3286.79432	3149.29936	3144.26939	3016.18502	3070.23631	2944.26901	2939.01439	2780.46481	2758.49582	2616.55131	2247.62249	2234.85123	2478.49804	2787.80709	2319.00708	2437.38938	2586.96965	2621.59541	3064.21455	2605.3194	2704.90626	2500.55789	2460.32839	1867.35938	1786.29945	1803.96257	1789.26927	2596.46907	2093.69277	2079.63347	2545.46721	2785.08427	2676.86532	2844.87321	2343.22174	2334.45278	1957.34434	2193.49238	2461.40848	2947.41827	3505.73534	2506.6394	2588.85627	2510.48294	2126.93525	2458.18539	2079.97009	2308.41998	2159.11431	2238.28995	2295.21274	2471.35888	2439.45099	2333.60076	2219.93853	2079.19951	2387.62858	1906.5682	2153.90649	2551.42673	2441.81078	2217.50961	2663.52381	2457.32679	2148.35201	2137.40999	2066.75125	2441.73292	2528.68274	2338.68858	2416.65982	2728.89957	2989.78256	2673.60531	2790.13141	3540.47335	2661.41354	2805.97426	3038.34799	3518.09298	2960.99139	3619.71447	3273.33106	2616.4973	2501.6605	3043.36463	2879.1887	2829.69379	3569.63927	3351.89438	3845.69537	2429.12237	3401.15241	2978.06277	2326.92408	3034.97797	2560.35921	2032.5853	2089.39167	2284.63402	2389.62615	3304.60328	3561.90245	2396.73144	2620.26768	2438.92959	2858.85614	2029.08505	1956.31202	1930.11986	1912.37023	2291.52666	2209.5914	3307.27402	2865.48149	2416.01868	2369.38388	NA	NA	NA	NA	NA	NA	NA	NA	NA	NA	NA	NA	NA	NA	NA	NA	NA	NA	NA	NA	NA	NA	NA	NA	NA	NA	NA	NA	NA	NA	NA	NA	NA	NA	NA	NA	NA	NA	NA	NA	NA	NA	NA	NA	NA	NA	NA	NA	NA	NA	NA	NA	NA	NA	NA	NA	NA	NA	NA	NA	NA	NA	NA	NA	NA	NA	NA	NA	NA	NA	NA	NA	NA	NA	NA	NA	NA	NA	NA	NA	NA	NA	NA	NA	NA	NA	NA	NA	NA	NA	NA	NA	NA	NA	NA	NA	NA	NA	NA	NA	NA	NA	NA	NA	NA	NA	NA	NA	NA	NA	NA	NA	NA	NA	NA	NA	NA	NA	NA	NA	NA	NA	NA	NA	NA	NA	NA	NA	NA	NA	NA	NA	NA	NA	NA	NA	NA	NA	NA	NA	NA	NA	NA	NA	NA	NA	NA	NA	NA	NA	NA	NA	NA	NA	NA
GT41	NA	NA	NA	NA	NA	NA	NA	NA	NA	NA	NA	NA	NA	0.19171	NA	0.02221	NA	NA	NA	0.04745	NA	0.17072	0.68856	0.27629	NA	0.08142	NA	0.11942	0.1888	0.04837	NA	0.092	NA	0.1043	NA	0.42335	0.36406	0.09428	0.09849	0.09439	NA	NA	NA	NA	NA	NA	NA	NA	NA	NA	NA	NA	NA	NA	0.83879	NA	1.46528	1.88058	NA	2.27358	0.29142	NA	NA	0.0939	0.33794	0.61977	NA	0.10509	NA	NA	0.15895	NA	NA	NA	NA	NA	NA	NA	NA	NA	NA	NA	NA	NA	NA	NA	NA	NA	NA	NA	NA	NA	NA	NA	NA	NA	0.0473	NA	NA	NA	NA	NA	NA	NA	NA	0.0916	NA	0.14655	0.80555	NA	NA	NA	NA	0.09294	NA	NA	NA	NA	NA	NA	0.09927	NA	0.08677	NA	0.10882	0.07131	0.92769	0.19646	NA	NA	NA	NA	NA	NA	0.15895	NA	NA	NA	NA	NA	NA	NA	NA	NA	0.44158	0.27464	0.01698	0.14234	1.0189	0.43659	0.29681	0.4299	NA	0.03955	NA	NA	NA	0.07493	NA	NA	NA	NA	NA	NA	NA	NA	NA	NA	NA	NA	NA	NA	NA	NA	NA	NA	0.27862	NA	NA	0.08373	0.0715	0.23952	0.15481	0.63335	NA	0.07524	NA	NA	NA	NA	NA	NA	NA	NA	NA	NA	NA	NA	NA	0.13201	NA	NA	NA	0.26014	NA	NA	NA	NA	0.45736	2.08291	0.8272	NA	0.07431	NA	0.20269	NA	NA	0.08753	NA	NA	NA	NA	NA	NA	NA	NA	NA	NA	NA	NA	NA	NA	NA	NA	NA	NA	NA	NA	NA	NA	NA	NA	NA	NA	NA	NA	NA	NA	NA	NA	NA	NA	NA	NA	NA	NA	NA	NA	NA	NA	NA	NA	NA	NA	NA	NA	NA	NA	NA	NA	NA	NA	NA	NA	NA	NA	NA	NA	NA	NA	NA	NA	NA	NA	NA	NA	NA	NA	NA	NA	NA	NA	NA	NA	NA	NA	NA	NA	NA	NA	NA	NA	NA	NA	NA	NA	NA	NA	NA	NA	NA	NA	NA	NA	NA	NA	NA	NA	NA	NA	NA	NA	NA	NA	NA	NA	NA	NA	NA	NA	NA	NA	NA	NA	NA	NA	NA	NA	NA	NA	NA	NA	NA	NA	NA	NA	NA	NA	NA	NA	NA	NA	NA	NA	NA	NA	NA	NA	NA	NA	NA	NA	NA	NA	NA	NA	NA	NA	NA	NA	NA	NA	NA	NA	NA	NA	NA
GT44	NA	NA	NA	NA	NA	NA	NA	NA	NA	NA	NA	NA	NA	NA	0.59194	NA	NA	NA	NA	NA	NA	NA	NA	NA	NA	NA	NA	NA	NA	NA	NA	NA	NA	NA	NA	NA	NA	NA	NA	NA	NA	NA	NA	NA	NA	NA	NA	NA	NA	NA	NA	NA	NA	NA	NA	NA	NA	NA	NA	NA	NA	NA	NA	NA	NA	NA	NA	NA	NA	NA	NA	NA	NA	NA	NA	NA	NA	NA	NA	NA	NA	NA	NA	NA	NA	NA	NA	NA	NA	NA	NA	NA	NA	NA	NA	NA	NA	NA	NA	NA	NA	NA	NA	NA	NA	NA	NA	NA	NA	NA	NA	NA	NA	NA	NA	NA	NA	NA	NA	NA	NA	NA	NA	NA	NA	NA	NA	NA	NA	NA	NA	NA	NA	NA	NA	NA	NA	NA	NA	NA	NA	NA	NA	NA	NA	NA	NA	NA	NA	NA	NA	NA	NA	NA	NA	NA	NA	NA	NA	NA	NA	NA	NA	NA	NA	NA	NA	NA	NA	NA	NA	NA	NA	NA	NA	NA	NA	NA	NA	NA	NA	NA	NA	NA	NA	NA	NA	NA	NA	NA	NA	NA	NA	NA	NA	NA	NA	NA	NA	NA	NA	NA	NA	NA	NA	NA	NA	NA	NA	NA	NA	NA	0.19494	NA	NA	NA	NA	NA	NA	NA	NA	NA	NA	NA	NA	NA	NA	NA	NA	NA	NA	NA	NA	NA	NA	NA	NA	NA	NA	NA	NA	NA	NA	NA	NA	NA	NA	NA	NA	NA	NA	NA	NA	NA	NA	NA	NA	NA	NA	NA	NA	NA	NA	NA	NA	NA	NA	NA	NA	NA	NA	NA	NA	NA	NA	NA	NA	NA	NA	NA	NA	NA	NA	NA	NA	NA	NA	NA	NA	NA	NA	NA	NA	NA	NA	NA	NA	NA	NA	NA	NA	NA	NA	NA	NA	NA	NA	NA	NA	NA	NA	NA	NA	NA	NA	NA	NA	NA	NA	NA	NA	NA	NA	NA	NA	NA	NA	NA	NA	NA	NA	NA	NA	NA	NA	NA	NA	NA	NA	NA	NA	NA	NA	NA	NA	NA	NA	NA	NA	NA	NA	NA	NA	NA	NA	NA	NA	NA	NA	NA	NA	NA	NA	NA	NA	NA	NA	NA	NA	NA	NA	NA	NA	NA	NA	NA	NA
GT45	NA	0.55284	0.48309	NA	0.28125	NA	NA	NA	NA	NA	NA	NA	NA	NA	NA	NA	NA	NA	NA	NA	NA	NA	NA	NA	NA	NA	NA	NA	NA	NA	NA	NA	NA	NA	NA	NA	NA	NA	NA	NA	NA	NA	NA	NA	NA	NA	NA	NA	NA	NA	NA	NA	NA	NA	NA	NA	NA	NA	NA	NA	NA	NA	0.4691	NA	NA	NA	NA	NA	NA	NA	NA	NA	NA	NA	NA	NA	NA	NA	NA	NA	NA	NA	NA	NA	NA	NA	NA	NA	NA	NA	NA	NA	NA	NA	NA	NA	NA	NA	NA	NA	NA	NA	NA	NA	NA	NA	NA	NA	NA	NA	NA	NA	NA	NA	NA	NA	NA	NA	NA	NA	NA	NA	NA	NA	NA	NA	NA	NA	NA	NA	NA	NA	NA	NA	NA	NA	NA	NA	NA	NA	NA	NA	NA	NA	NA	NA	NA	NA	NA	NA	0.20263	0.94336	NA	NA	NA	NA	NA	NA	NA	NA	NA	NA	0.19788	0.9684	NA	NA	NA	NA	0.5596	NA	NA	NA	NA	NA	NA	NA	NA	NA	NA	NA	NA	NA	NA	NA	NA	NA	NA	NA	NA	NA	NA	NA	NA	0.38485	NA	NA	NA	NA	0.18724	1.32211	NA	NA	NA	NA	NA	NA	NA	NA	NA	NA	NA	NA	NA	NA	NA	NA	NA	NA	NA	NA	NA	NA	NA	NA	NA	NA	NA	NA	NA	NA	NA	NA	NA	NA	NA	NA	NA	NA	NA	NA	NA	NA	NA	NA	NA	NA	NA	NA	NA	NA	NA	NA	NA	NA	NA	NA	NA	NA	NA	NA	NA	NA	NA	NA	NA	NA	NA	NA	NA	NA	NA	NA	NA	NA	NA	NA	NA	NA	NA	NA	NA	NA	NA	NA	NA	NA	NA	NA	NA	NA	NA	NA	NA	NA	NA	NA	NA	NA	NA	NA	NA	NA	NA	NA	NA	NA	NA	NA	NA	NA	NA	NA	NA	NA	NA	NA	NA	NA	NA	NA	NA	NA	NA	NA	NA	NA	NA	NA	NA	NA	NA	NA	NA	NA	NA	NA	NA	NA	NA	NA	NA	NA	NA	NA	NA	NA	NA	NA	NA	NA	NA	NA	NA	NA	NA	NA	NA	NA	NA	NA	NA	NA	NA	NA	NA	NA	NA	NA	NA	NA	NA	NA	NA	NA	NA	NA	NA
GT48	NA	NA	NA	NA	NA	NA	NA	NA	NA	NA	NA	NA	NA	NA	NA	NA	NA	NA	NA	NA	NA	NA	NA	NA	NA	NA	NA	NA	NA	NA	NA	NA	NA	NA	NA	0.21769	NA	NA	NA	NA	NA	NA	NA	NA	NA	NA	NA	NA	NA	0.51214	NA	NA	0.23049	NA	NA	NA	NA	NA	NA	NA	NA	NA	NA	NA	NA	NA	NA	NA	NA	NA	NA	NA	NA	NA	NA	NA	NA	NA	NA	NA	NA	NA	NA	NA	NA	NA	NA	NA	NA	NA	NA	NA	NA	NA	NA	NA	NA	NA	NA	NA	NA	NA	NA	NA	NA	NA	NA	NA	NA	NA	NA	NA	NA	NA	NA	NA	NA	NA	NA	NA	NA	NA	NA	NA	NA	NA	NA	NA	NA	NA	NA	NA	NA	NA	NA	NA	NA	NA	NA	NA	NA	NA	NA	NA	NA	NA	NA	0.69166	NA	NA	NA	NA	NA	NA	NA	NA	NA	NA	NA	NA	NA	NA	NA	NA	NA	NA	NA	NA	NA	NA	NA	NA	NA	NA	NA	NA	NA	NA	NA	NA	NA	NA	NA	0.1589	NA	NA	NA	NA	NA	NA	NA	NA	NA	NA	NA	0.33327	NA	NA	NA	NA	NA	NA	NA	NA	NA	NA	NA	NA	NA	NA	NA	NA	NA	NA	NA	NA	NA	NA	NA	NA	NA	NA	NA	NA	NA	NA	NA	NA	NA	NA	NA	NA	NA	NA	NA	NA	NA	NA	NA	NA	NA	NA	NA	NA	NA	NA	NA	NA	NA	NA	NA	NA	NA	NA	NA	NA	NA	NA	NA	NA	NA	NA	NA	NA	NA	NA	NA	NA	NA	NA	NA	NA	NA	NA	NA	NA	NA	NA	NA	NA	NA	NA	NA	NA	NA	NA	NA	NA	NA	NA	NA	NA	NA	NA	NA	NA	NA	NA	NA	NA	NA	NA	NA	NA	NA	NA	NA	NA	NA	NA	NA	NA	NA	NA	NA	NA	NA	NA	NA	NA	NA	NA	NA	NA	NA	NA	NA	NA	NA	NA	NA	NA	NA	NA	NA	NA	NA	NA	NA	NA	NA	NA	NA	NA	NA	NA	NA	NA	NA	NA	NA	NA	NA	NA	NA	NA	NA	NA	NA	NA	NA	NA	NA	NA	NA	NA	NA	NA	NA	NA	NA	NA	NA	NA	NA	NA	NA
GT5	396.37603	459.99162	474.24498	421.7422	356.64667	444.24061	430.80953	393.37325	454.20488	418.41419	371.64464	406.82077	420.55958	464.36315	252.66846	199.45199	208.82201	213.35522	192.57202	218.97425	198.47692	478.36976	418.45764	385.39991	458.73652	431.53203	450.66288	501.47622	314.79346	432.68686	372.37043	362.60632	358.82489	403.67786	346.03573	424.62674	472.54463	364.03141	291.85675	369.67356	397.51248	362.51365	414.27865	426.52817	404.86903	420.8782	357.79641	367.69637	278.79593	381.1895	308.25929	323.19838	397.88142	294.97112	283.19803	214.63483	276.7922	259.56846	257.45636	297.63389	299.1577	282.39212	471.41159	408.16045	380.73207	383.01271	389.36253	402.27819	397.2992	370.84132	369.74919	429.72224	381.14761	405.25686	408.22857	262.85583	311.42443	342.39566	361.70262	345.33506	292.22198	260.98437	383.60464	370.68454	383.96902	418.52518	405.65326	361.65787	372.73891	421.11958	374.8332	432.5513	429.69177	444.64129	298.37171	422.73098	235.25861	343.67792	302.13124	380.73174	335.12369	300.03718	342.06657	324.24264	373.79076	370.53069	360.74571	355.91522	343.47194	311.23929	268.68615	372.5491	276.47886	316.76424	306.95801	385.07646	375.82436	346.40872	310.28573	391.44107	365.32822	291.75487	379.61433	341.57191	320.97961	314.36281	369.70449	378.673	332.96895	291.04022	354.30568	270.82217	296.58376	355.02928	358.94609	329.09608	241.32036	267.60706	238.48349	358.7209	337.04817	400.73725	371.47505	330.80498	211.41165	201.01354	162.19811	198.59911	334.19618	426.16426	366.44898	429.49834	259.72876	288.45796	328.00248	294.8142	321.99453	366.73215	319.88935	351.42491	397.44643	327.39524	372.97672	353.21507	211.99436	246.52374	253.07555	263.14657	297.92493	337.80455	353.67342	364.55649	304.17059	283.36511	302.03604	329.93301	365.73618	300.83627	307.37411	274.50508	262.5161	415.33118	249.48953	298.84669	246.9579	255.49052	250.14526	450.09765	417.78648	347.82537	319.88764	313.71485	177.95215	122.24209	150.19319	118.25782	170.62958	169.92205	241.58374	393.89408	288.68309	315.76876	313.47988	322.78324	442.63284	381.23143	237.40268	207.17364	300.21407	267.07339	320.12245	179.06614	312.35823	311.61435	303.16118	301.1145	302.91338	260.10261	244.10717	287.17588	441.38615	415.1981	NA	NA	NA	NA	NA	NA	NA	NA	NA	NA	NA	NA	NA	NA	NA	NA	NA	NA	NA	NA	NA	NA	NA	NA	NA	NA	NA	NA	NA	NA	NA	NA	NA	NA	NA	NA	NA	NA	NA	NA	NA	NA	NA	NA	NA	NA	NA	NA	NA	NA	NA	NA	NA	NA	NA	NA	NA	NA	NA	NA	NA	NA	NA	NA	NA	NA	NA	NA	NA	NA	NA	NA	NA	NA	NA	NA	NA	NA	NA	NA	NA	NA	NA	NA	NA	NA	NA	NA	NA	NA	NA	NA	NA	NA	NA	NA	NA	NA	NA	NA	NA	NA	NA	NA	NA	NA	NA	NA	NA	NA	NA	NA	NA	NA	NA	NA	NA	NA	NA	NA	NA	NA	NA	NA	NA	NA	NA	NA	NA	NA	NA	NA	NA	NA	NA	NA	NA	NA	NA	NA	NA	NA	NA	NA	NA	NA	NA	NA	NA	NA	NA	NA	NA	NA	NA
GT50	NA	NA	NA	NA	NA	NA	NA	NA	NA	NA	NA	NA	NA	NA	NA	NA	NA	NA	NA	NA	NA	NA	NA	NA	NA	NA	NA	NA	NA	NA	NA	NA	NA	NA	NA	NA	NA	NA	NA	NA	NA	NA	NA	NA	NA	NA	NA	NA	NA	0.50807	NA	NA	NA	NA	NA	NA	NA	NA	NA	NA	NA	NA	NA	NA	NA	NA	NA	NA	NA	NA	NA	NA	NA	NA	NA	NA	NA	NA	NA	NA	NA	NA	NA	NA	NA	NA	NA	NA	NA	NA	NA	NA	NA	NA	NA	NA	NA	NA	NA	NA	NA	NA	NA	NA	NA	NA	NA	NA	NA	NA	NA	NA	NA	NA	NA	NA	NA	NA	NA	NA	NA	NA	NA	NA	NA	NA	NA	NA	NA	NA	NA	NA	NA	NA	NA	NA	NA	NA	NA	NA	NA	NA	NA	NA	NA	NA	NA	NA	NA	NA	NA	NA	NA	NA	NA	NA	NA	NA	NA	NA	NA	NA	NA	NA	NA	NA	NA	NA	NA	NA	NA	NA	NA	NA	NA	NA	0.50644	NA	NA	NA	NA	NA	NA	NA	NA	NA	NA	NA	NA	NA	NA	NA	NA	NA	NA	NA	NA	NA	NA	NA	NA	NA	NA	NA	NA	NA	NA	NA	NA	NA	NA	NA	NA	NA	NA	NA	NA	NA	NA	NA	NA	NA	NA	NA	NA	NA	NA	NA	NA	NA	NA	NA	NA	NA	NA	NA	NA	NA	NA	NA	NA	NA	NA	NA	NA	NA	NA	NA	NA	NA	NA	NA	NA	NA	NA	NA	NA	NA	NA	NA	NA	NA	NA	NA	NA	NA	NA	NA	NA	NA	NA	NA	NA	NA	NA	NA	NA	NA	NA	NA	NA	NA	NA	NA	NA	NA	NA	NA	NA	NA	NA	NA	NA	NA	NA	NA	NA	NA	NA	NA	NA	NA	NA	NA	NA	NA	NA	NA	NA	NA	NA	NA	NA	NA	NA	NA	NA	NA	NA	NA	NA	NA	NA	NA	NA	NA	NA	NA	NA	NA	NA	NA	NA	NA	NA	NA	NA	NA	NA	NA	NA	NA	NA	NA	NA	NA	NA	NA	NA	NA	NA	NA	NA	NA	NA	NA	NA	NA	NA	NA	NA	NA	NA	NA	NA	NA	NA	NA	NA	NA	NA	NA	NA	NA	NA	NA	NA
GT51	699.52792	650.19799	607.59091	631.01034	591.24381	667.50198	638.6866	694.30845	629.00354	645.53648	803.96721	675.71175	677.92499	688.68721	610.36208	580.55261	533.58723	610.74173	612.93721	588.40336	688.57424	594.19894	643.68887	570.39501	526.45529	487.34541	505.83164	595.71793	571.70219	563.06231	587.70221	593.01268	575.72382	620.17831	548.60875	595.22256	685.84019	600.27974	609.28585	659.21783	666.52841	575.70611	541.46023	560.28223	537.26156	522.04402	486.47048	654.36231	592.05694	719.85835	636.21078	628.66459	670.53643	617.10321	732.62225	816.25299	908.79299	853.49053	772.98261	837.58074	723.81762	462.99589	675.79177	714.19924	705.4781	623.85907	619.22907	641.1172	623.49994	659.69419	616.67357	642.98256	667.28408	606.67987	616.84028	771.3112	650.44554	1124.95245	700.98774	697.79402	655.61737	630.76223	584.88666	543.94788	539.57712	537.9321	594.04321	615.29879	602.5747	572.22152	537.56722	581.42177	585.66534	582.26404	608.30882	568.50209	411.77653	601.90461	649.52727	677.69696	645.22402	648.21128	642.9883	548.47083	613.07274	609.84623	591.61615	555.83056	572.96063	519.40448	561.2957	572.81426	746.53874	578.14311	549.77409	557.45155	558.26286	660.68784	685.27738	715.24992	671.38976	810.82764	629.9197	717.27787	566.78412	507.9901	548.30387	597.40497	728.31492	708.76245	562.67623	771.82331	604.3193	693.03975	631.88753	612.49492	549.08798	582.04658	508.38556	516.38284	622.29652	558.44389	577.74558	663.58498	569.91044	550.92429	430.70511	523.04461	556.73611	545.29983	464.65346	475.57573	485.18353	456.0248	545.0739	517.85256	543.1879	542.3276	528.69418	519.71919	577.98908	578.73565	538.76468	571.15324	514.39343	522.99771	487.68298	545.1239	560.06049	573.3065	572.37167	551.25417	578.43962	584.40223	572.10871	576.71297	543.35647	585.75309	524.79981	553.08531	531.26101	566.29869	536.31242	591.46083	608.89325	515.27897	637.79108	461.83647	565.64941	508.63398	511.63606	506.69847	803.78559	799.51055	1021.00617	879.05209	653.48525	952.49905	817.91934	659.17959	509.21675	461.23051	498.84121	523.8694	689.81053	614.14995	564.6321	534.75861	635.5347	652.06143	620.31204	846.89689	579.72789	549.27281	524.986	435.67054	591.5975	640.86731	554.40419	566.62808	597.40585	560.94613	NA	NA	NA	NA	NA	NA	NA	NA	NA	NA	NA	NA	NA	NA	NA	NA	NA	NA	NA	NA	NA	NA	NA	NA	NA	NA	NA	NA	NA	NA	NA	NA	NA	NA	NA	NA	NA	NA	NA	NA	NA	NA	NA	NA	NA	NA	NA	NA	NA	NA	NA	NA	NA	NA	NA	NA	NA	NA	NA	NA	NA	NA	NA	NA	NA	NA	NA	NA	NA	NA	NA	NA	NA	NA	NA	NA	NA	NA	NA	NA	NA	NA	NA	NA	NA	NA	NA	NA	NA	NA	NA	NA	NA	NA	NA	NA	NA	NA	NA	NA	NA	NA	NA	NA	NA	NA	NA	NA	NA	NA	NA	NA	NA	NA	NA	NA	NA	NA	NA	NA	NA	NA	NA	NA	NA	NA	NA	NA	NA	NA	NA	NA	NA	NA	NA	NA	NA	NA	NA	NA	NA	NA	NA	NA	NA	NA	NA	NA	NA	NA	NA	NA	NA	NA	NA
GT52	NA	NA	NA	NA	NA	NA	NA	NA	NA	NA	NA	NA	NA	NA	NA	NA	NA	NA	NA	NA	NA	NA	NA	NA	NA	NA	NA	NA	NA	NA	NA	NA	NA	NA	NA	NA	0.20625	NA	NA	NA	NA	NA	NA	NA	NA	NA	NA	NA	NA	NA	NA	NA	NA	NA	NA	NA	1.01539	0.19738	NA	NA	NA	NA	NA	NA	NA	NA	NA	NA	NA	0.10807	0.21674	0.09829	NA	NA	NA	NA	NA	NA	NA	NA	NA	NA	NA	NA	NA	NA	NA	NA	NA	NA	NA	NA	0.39503	NA	NA	NA	NA	NA	NA	NA	NA	NA	NA	NA	NA	NA	NA	NA	NA	NA	NA	NA	NA	NA	NA	NA	NA	NA	NA	NA	NA	NA	NA	NA	NA	NA	NA	NA	NA	NA	NA	NA	NA	NA	NA	NA	NA	NA	NA	NA	NA	NA	NA	NA	NA	NA	NA	NA	NA	NA	NA	NA	NA	NA	NA	NA	NA	NA	NA	NA	NA	NA	NA	NA	NA	NA	NA	NA	NA	NA	NA	NA	NA	NA	NA	NA	NA	NA	NA	NA	NA	NA	NA	NA	NA	NA	NA	NA	NA	NA	NA	NA	NA	NA	0.07573	0.48256	NA	NA	NA	NA	NA	NA	NA	NA	NA	NA	NA	NA	NA	0.15198	0.14402	NA	NA	NA	NA	NA	NA	NA	NA	NA	NA	NA	NA	NA	NA	NA	NA	NA	NA	NA	NA	NA	NA	NA	NA	NA	NA	NA	NA	NA	NA	NA	NA	NA	NA	NA	NA	NA	NA	NA	NA	NA	NA	NA	NA	NA	NA	NA	NA	NA	NA	NA	NA	NA	NA	NA	NA	NA	NA	NA	NA	NA	NA	NA	NA	NA	NA	NA	NA	NA	NA	NA	NA	NA	NA	NA	NA	NA	NA	NA	NA	NA	NA	NA	NA	NA	NA	NA	NA	NA	NA	NA	NA	NA	NA	NA	NA	NA	NA	NA	NA	NA	NA	NA	NA	NA	NA	NA	NA	NA	NA	NA	NA	NA	NA	NA	NA	NA	NA	NA	NA	NA	NA	NA	NA	NA	NA	NA	NA	NA	NA	NA	NA	NA	NA	NA	NA	NA	NA	NA	NA	NA	NA	NA	NA	NA	NA	NA	NA	NA	NA	NA	NA	NA	NA	NA	NA	NA	NA	NA	NA	NA	NA	NA	NA	NA	NA
GT53	NA	NA	NA	NA	NA	NA	NA	NA	NA	NA	NA	NA	NA	NA	NA	0.06888	0.06712	NA	NA	0.04577	NA	NA	NA	NA	NA	NA	NA	NA	NA	NA	NA	NA	NA	NA	NA	NA	NA	NA	NA	NA	NA	NA	NA	NA	NA	NA	NA	NA	NA	NA	NA	NA	NA	NA	NA	NA	NA	NA	NA	NA	NA	NA	NA	NA	NA	NA	NA	NA	NA	NA	NA	NA	NA	NA	NA	NA	NA	NA	NA	NA	NA	NA	NA	NA	NA	NA	NA	NA	NA	NA	NA	NA	NA	NA	NA	NA	NA	NA	0.04847	NA	NA	NA	NA	NA	NA	NA	NA	NA	NA	NA	NA	0.04627	NA	NA	NA	0.09244	0.19435	0.02437	NA	NA	NA	NA	NA	NA	NA	NA	NA	NA	NA	NA	NA	NA	NA	NA	NA	NA	0.12221	0.03673	0.06992	NA	NA	NA	NA	NA	NA	NA	NA	NA	NA	NA	NA	NA	NA	NA	NA	NA	NA	NA	NA	NA	NA	NA	NA	NA	NA	NA	NA	NA	NA	NA	NA	NA	NA	NA	NA	NA	NA	NA	NA	NA	NA	NA	NA	NA	NA	NA	NA	NA	NA	NA	NA	NA	NA	NA	0.08847	NA	NA	NA	NA	NA	NA	NA	NA	NA	NA	NA	NA	NA	NA	NA	NA	NA	NA	NA	NA	NA	0.05147	NA	0.05172	NA	NA	NA	NA	NA	NA	NA	NA	NA	NA	NA	NA	NA	NA	NA	NA	NA	NA	NA	NA	NA	NA	NA	NA	NA	NA	NA	NA	NA	NA	NA	NA	NA	NA	NA	NA	NA	NA	NA	NA	NA	NA	NA	NA	NA	NA	NA	NA	NA	NA	NA	NA	NA	NA	NA	NA	NA	NA	NA	NA	NA	NA	NA	NA	NA	NA	NA	NA	NA	NA	NA	NA	NA	NA	NA	NA	NA	NA	NA	NA	NA	NA	NA	NA	NA	NA	NA	NA	NA	NA	NA	NA	NA	NA	NA	NA	NA	NA	NA	NA	NA	NA	NA	NA	NA	NA	NA	NA	NA	NA	NA	NA	NA	NA	NA	NA	NA	NA	NA	NA	NA	NA	NA	NA	NA	NA	NA	NA	NA	NA	NA	NA	NA	NA	NA	NA	NA	NA	NA	NA	NA	NA	NA	NA	NA	NA	NA	NA	NA	NA	NA	NA	NA	NA	NA	NA	NA	NA
GT56	0.49712	NA	0.92015	0.74854	0.4875	0.69455	0.99982	0.89856	0.64912	1.62909	0.95147	1.55768	0.70583	0.71265	0.71113	0.21878	NA	NA	NA	1.45166	2.89587	NA	0.60394	0.14453	NA	NA	NA	NA	NA	NA	0.69195	0.22956	0.64807	0.97573	NA	1.43491	2.92364	0.98465	0.41447	1.05012	NA	0.4707	0.88535	2.35567	0.46291	1.72782	0.8786	NA	NA	NA	NA	NA	NA	NA	7.3978	4.68574	24.04737	3.94237	8.86162	3.22466	6.17878	0.3609	0.60982	2.32683	1.32987	0.41055	1.02175	1.24271	0.44085	0.39362	0.84851	0.25745	0.67364	NA	0.42262	NA	NA	NA	1.0435	0.95144	1.27114	9.89939	NA	0.20429	0.1733	NA	0.20994	NA	NA	1.55328	0.53891	0.23518	0.2389	NA	NA	1.16594	0.41541	0.45012	NA	NA	0.22066	0.22916	0.87196	NA	0.73287	NA	NA	NA	NA	0.23337	0.72921	1.4516	NA	0.14344	NA	0.24167	NA	0.13634	NA	NA	0.22294	NA	NA	NA	0.25814	NA	0.31989	NA	1.03966	NA	0.19531	0.74663	NA	1.02216	0.34058	0.47214	2.04501	0.83055	0.93398	0.36192	1.23635	NA	1.48266	0.95573	NA	0.15628	0.2612	0.23508	0.35176	NA	1.01581	0.26521	0.1863	0.29099	0.51498	0.50283	2.95511	1.38299	0.27456	1.52936	0.63494	0.4084	0.196	5.26754	0.36581	NA	0.84558	0.26199	0.66967	0.6455	0.2606	0.17403	NA	NA	3.7479	0.36841	0.79189	0.22472	0.24499	0.16732	1.02678	1.26386	0.5064	0.25254	1.76852	0.64457	0.62022	NA	NA	NA	0.48606	0.63212	NA	0.11568	0.0539	0.10819	NA	NA	0.54464	1.27824	0.32003	0.78864	0.82057	0.78406	NA	NA	NA	NA	1.47478	5.00263	3.19686	0.94123	1.1248	0.77653	0.73798	NA	1.88389	1.38539	2.28425	0.98378	2.73616	2.12205	NA	NA	NA	NA	NA	NA	NA	NA	NA	NA	NA	NA	NA	NA	NA	NA	NA	NA	NA	NA	NA	NA	NA	NA	NA	NA	NA	NA	NA	NA	NA	NA	NA	NA	NA	NA	NA	NA	NA	NA	NA	NA	NA	NA	NA	NA	NA	NA	NA	NA	NA	NA	NA	NA	NA	NA	NA	NA	NA	NA	NA	NA	NA	NA	NA	NA	NA	NA	NA	NA	NA	NA	NA	NA	NA	NA	NA	NA	NA	NA	NA	NA	NA	NA	NA	NA	NA	NA	NA	NA	NA	NA	NA	NA	NA	NA	NA	NA	NA	NA	NA	NA	NA	NA	NA	NA	NA	NA	NA	NA	NA	NA	NA	NA	NA	NA	NA	NA	NA	NA	NA	NA	NA	NA	NA	NA	NA	NA	NA	NA	NA	NA	NA	NA	NA	NA	NA	NA	NA	NA	NA	NA	NA	NA	NA	NA	NA	NA	NA	NA	NA	NA	NA	NA	NA
GT57	0.43117	1.46072	0.53072	0.28411	0.18539	NA	0.63222	0.11906	0.2269	0.25865	0.27717	NA	0.18154	0.08783	0.24538	0.47573	1.043	0.1149	0.11011	0.8159	0.49172	4.85346	2.23096	4.72127	2.1224	1.9546	0.50378	1.14161	0.41194	0.40415	0.08898	0.29723	0.16668	NA	NA	NA	NA	NA	NA	NA	NA	0.36305	0.30417	NA	NA	0.10656	NA	NA	NA	1.19637	NA	NA	NA	NA	NA	0.20129	NA	NA	NA	NA	0.14009	0.86802	0.57653	0.17358	0.1679	1.6045	0.60685	0.66985	NA	0.36225	NA	0.25963	NA	0.10915	0.43746	0.22886	0.57011	0.33507	0.54153	1.62362	0.9381	0.53193	0.21944	NA	NA	0.14369	0.23545	0.57274	0.22308	0.65406	0.17683	0.11539	0.76844	0.66768	0.92104	3.02698	NA	NA	NA	0.10801	NA	NA	NA	0.35798	NA	0.43659	0.32883	0.07165	NA	NA	NA	NA	0.18834	0.16009	0.11408	NA	0.23502	1.70227	1.32888	0.63322	0.75359	0.17739	0.5366	0.82353	0.45886	0.12609	0.2551	0.25771	NA	0.57191	1.64066	0.11042	0.6169	NA	0.14391	0.3325	0.70631	0.29876	0.16911	NA	0.95047	0.65773	0.09022	0.13415	NA	0.09419	0.27278	NA	4.50556	2.60422	1.59586	1.27844	0.48474	0.342	NA	0.12571	0.67912	0.84753	0.37819	0.91627	0.18572	NA	0.34373	NA	0.11819	0.11808	0.13093	NA	0.32016	0.21813	0.30619	NA	0.50904	1.03366	0.23253	0.2947	NA	0.11648	0.13898	NA	NA	NA	NA	NA	NA	NA	0.22355	NA	NA	NA	NA	0.21756	NA	NA	NA	NA	NA	0.1537	NA	NA	NA	0.05831	0.05548	NA	NA	NA	NA	NA	0.0552	0.05929	0.05619	NA	1.32005	1.10122	1.16614	2.28701	0.16598	0.8237	0.1183	NA	0.3228	0.21813	NA	NA	NA	NA	NA	NA	NA	NA	NA	NA	NA	NA	NA	NA	NA	NA	NA	NA	NA	NA	NA	NA	NA	NA	NA	NA	NA	NA	NA	NA	NA	NA	NA	NA	NA	NA	NA	NA	NA	NA	NA	NA	NA	NA	NA	NA	NA	NA	NA	NA	NA	NA	NA	NA	NA	NA	NA	NA	NA	NA	NA	NA	NA	NA	NA	NA	NA	NA	NA	NA	NA	NA	NA	NA	NA	NA	NA	NA	NA	NA	NA	NA	NA	NA	NA	NA	NA	NA	NA	NA	NA	NA	NA	NA	NA	NA	NA	NA	NA	NA	NA	NA	NA	NA	NA	NA	NA	NA	NA	NA	NA	NA	NA	NA	NA	NA	NA	NA	NA	NA	NA	NA	NA	NA	NA	NA	NA	NA	NA	NA	NA	NA	NA	NA	NA	NA	NA	NA	NA	NA	NA	NA	NA	NA	NA	NA	NA	NA	NA	NA	NA	NA	NA	NA	NA
GT58	NA	NA	NA	NA	NA	NA	NA	NA	NA	NA	NA	NA	NA	NA	NA	NA	NA	NA	NA	NA	NA	NA	NA	NA	NA	NA	NA	NA	NA	NA	NA	NA	NA	NA	NA	NA	NA	NA	NA	NA	NA	NA	NA	NA	NA	NA	NA	NA	NA	0.36069	NA	NA	NA	NA	NA	NA	NA	NA	NA	NA	NA	NA	NA	NA	NA	NA	NA	NA	NA	NA	NA	NA	NA	NA	NA	NA	NA	NA	NA	NA	NA	NA	NA	NA	NA	NA	NA	NA	NA	NA	NA	NA	NA	NA	NA	NA	NA	NA	NA	NA	NA	NA	NA	NA	NA	NA	NA	NA	NA	NA	NA	NA	NA	NA	NA	NA	NA	NA	NA	NA	NA	NA	NA	NA	NA	NA	NA	NA	NA	NA	NA	NA	NA	NA	NA	NA	NA	NA	NA	NA	NA	NA	NA	NA	NA	NA	NA	NA	NA	NA	NA	NA	NA	NA	NA	NA	NA	NA	NA	NA	NA	NA	NA	NA	NA	NA	NA	NA	NA	NA	NA	NA	NA	NA	NA	NA	NA	NA	NA	NA	NA	NA	NA	NA	NA	NA	NA	NA	NA	NA	NA	NA	NA	NA	NA	NA	NA	NA	NA	NA	NA	NA	NA	NA	NA	NA	NA	NA	NA	NA	NA	NA	NA	NA	NA	NA	NA	NA	NA	NA	NA	NA	NA	NA	NA	NA	NA	NA	NA	NA	NA	NA	NA	NA	NA	NA	NA	NA	NA	NA	NA	NA	NA	NA	NA	NA	NA	NA	NA	NA	NA	NA	NA	NA	NA	NA	NA	NA	NA	NA	NA	NA	NA	NA	NA	NA	NA	NA	NA	NA	NA	NA	NA	NA	NA	NA	NA	NA	NA	NA	NA	NA	NA	NA	NA	NA	NA	NA	NA	NA	NA	NA	NA	NA	NA	NA	NA	NA	NA	NA	NA	NA	NA	NA	NA	NA	NA	NA	NA	NA	NA	NA	NA	NA	NA	NA	NA	NA	NA	NA	NA	NA	NA	NA	NA	NA	NA	NA	NA	NA	NA	NA	NA	NA	NA	NA	NA	NA	NA	NA	NA	NA	NA	NA	NA	NA	NA	NA	NA	NA	NA	NA	NA	NA	NA	NA	NA	NA	NA	NA	NA	NA	NA	NA	NA	NA	NA	NA	NA	NA	NA	NA	NA	NA	NA	NA	NA
GT59	NA	NA	NA	NA	NA	NA	NA	NA	NA	NA	NA	NA	NA	NA	NA	NA	NA	NA	NA	NA	NA	NA	NA	NA	NA	NA	NA	NA	NA	NA	NA	NA	NA	NA	NA	NA	NA	NA	NA	NA	NA	0.4258	NA	NA	NA	NA	NA	NA	NA	NA	NA	NA	NA	NA	0.50211	NA	NA	NA	NA	NA	NA	NA	NA	NA	NA	NA	NA	NA	NA	NA	NA	NA	NA	NA	NA	NA	NA	NA	NA	NA	NA	NA	NA	NA	NA	NA	NA	NA	NA	NA	NA	NA	NA	NA	NA	NA	NA	NA	NA	NA	NA	NA	NA	NA	NA	NA	NA	NA	NA	NA	NA	NA	NA	NA	NA	NA	NA	NA	NA	NA	NA	NA	NA	NA	NA	NA	NA	NA	NA	NA	NA	NA	NA	NA	NA	NA	NA	NA	NA	NA	NA	NA	NA	NA	NA	NA	NA	NA	NA	NA	NA	NA	NA	NA	NA	NA	NA	NA	NA	NA	NA	NA	NA	NA	NA	NA	NA	NA	NA	NA	NA	NA	NA	NA	NA	NA	NA	NA	NA	NA	NA	NA	NA	NA	NA	NA	NA	NA	NA	NA	NA	NA	NA	NA	NA	NA	NA	NA	NA	NA	NA	NA	NA	NA	NA	NA	NA	NA	NA	NA	NA	NA	NA	NA	NA	NA	NA	NA	NA	NA	NA	NA	NA	NA	NA	NA	NA	NA	NA	NA	NA	NA	NA	NA	NA	NA	NA	NA	NA	NA	NA	NA	NA	NA	NA	NA	NA	NA	NA	NA	NA	NA	NA	NA	NA	NA	NA	NA	NA	NA	NA	NA	NA	NA	NA	NA	NA	NA	NA	NA	NA	NA	NA	NA	NA	NA	NA	NA	NA	NA	NA	NA	NA	NA	NA	NA	NA	NA	NA	NA	NA	NA	NA	NA	NA	NA	NA	NA	NA	NA	NA	NA	NA	NA	NA	NA	NA	NA	NA	NA	NA	NA	NA	NA	NA	NA	NA	NA	NA	NA	NA	NA	NA	NA	NA	NA	NA	NA	NA	NA	NA	NA	NA	NA	NA	NA	NA	NA	NA	NA	NA	NA	NA	NA	NA	NA	NA	NA	NA	NA	NA	NA	NA	NA	NA	NA	NA	NA	NA	NA	NA	NA	NA	NA	NA	NA	NA	NA	NA	NA	NA	NA	NA	NA	NA	NA	NA
GT6	25.88623	25.93583	52.41197	34.39136	31.87282	41.60333	28.09197	25.59142	31.00148	25.99913	23.07449	29.5305	24.16688	22.72019	19.81729	10.25512	17.34763	11.96258	17.47766	11.1075	8.2716	12.07181	16.86382	9.20879	7.09552	10.98348	10.11504	14.13805	25.11772	14.75503	15.16719	12.91743	31.88867	15.49232	31.38875	33.5367	56.05623	46.29789	56.82586	34.00684	32.25125	38.0302	20.27056	46.83515	25.69566	44.67607	30.78333	17.2432	67.20826	13.5769	50.6189	17.52105	19.55205	53.97785	12.47768	12.86325	14.67423	12.30329	9.03504	9.49071	14.95454	30.78512	41.71965	35.42189	44.18542	38.49093	37.201	53.44986	43.66585	29.31133	39.17229	20.58527	34.60891	35.74395	24.33357	16.315	23.81532	14.86549	22.24353	21.26211	30.4056	27.50099	12.65874	15.10807	14.53415	16.72439	11.30518	17.97499	14.80929	20.40111	15.00124	10.88538	15.21087	26.93327	28.51609	21.10142	26.3025	36.24572	27.58523	16.48937	20.59229	18.87903	34.15936	23.66616	27.76791	17.85474	14.08555	13.69738	17.83253	25.58109	62.08673	80.31627	16.77082	81.1541	114.72287	55.64961	57.67978	26.09784	25.25929	21.43769	16.83005	14.41181	8.33764	18.62414	33.07399	20.03942	34.37021	15.82598	22.7866	13.49326	21.82881	19.22964	26.08043	19.61226	23.87496	26.72311	66.88866	75.80264	59.4161	58.93721	22.02308	31.24839	23.3786	18.91701	23.27659	20.57337	21.36055	11.40998	12.9993	20.34075	21.09963	29.36758	14.41862	9.43862	22.56525	13.20417	15.47913	18.14486	10.11354	11.29888	25.97607	24.29196	23.99984	20.39937	17.28962	17.03888	40.35313	32.07723	35.35185	30.07132	22.94109	22.21416	15.7547	16.03569	21.72355	15.9246	13.6322	12.21146	15.52776	12.76475	37.91688	22.13281	19.57216	9.2529	27.05	10.99586	19.1373	NA	3.43238	9.10223	6.54665	6.73052	5.66976	3.10669	0.43793	0.99685	NA	11.16204	10.39655	4.81414	25.34919	23.45619	32.56387	33.93809	8.69508	15.46038	17.45119	22.51726	15.43305	9.98047	16.18932	11.01644	44.42124	49.41975	52.71188	52.39729	28.92485	45.25283	45.64153	52.83148	45.26543	37.93773	NA	NA	NA	NA	NA	NA	NA	NA	NA	NA	NA	NA	NA	NA	NA	NA	NA	NA	NA	NA	NA	NA	NA	NA	NA	NA	NA	NA	NA	NA	NA	NA	NA	NA	NA	NA	NA	NA	NA	NA	NA	NA	NA	NA	NA	NA	NA	NA	NA	NA	NA	NA	NA	NA	NA	NA	NA	NA	NA	NA	NA	NA	NA	NA	NA	NA	NA	NA	NA	NA	NA	NA	NA	NA	NA	NA	NA	NA	NA	NA	NA	NA	NA	NA	NA	NA	NA	NA	NA	NA	NA	NA	NA	NA	NA	NA	NA	NA	NA	NA	NA	NA	NA	NA	NA	NA	NA	NA	NA	NA	NA	NA	NA	NA	NA	NA	NA	NA	NA	NA	NA	NA	NA	NA	NA	NA	NA	NA	NA	NA	NA	NA	NA	NA	NA	NA	NA	NA	NA	NA	NA	NA	NA	NA	NA	NA	NA	NA	NA	NA	NA	NA	NA	NA	NA
GT60	NA	NA	NA	NA	NA	NA	NA	0.89847	1.28108	0.75848	1.41927	4.62875	3.99236	1.10313	NA	NA	NA	NA	NA	NA	NA	NA	NA	NA	NA	NA	NA	NA	0.556	0.37768	0.93391	0.71155	1.2221	0.38881	NA	NA	NA	NA	NA	NA	NA	1.06464	NA	0.39469	NA	1.06718	NA	NA	NA	NA	NA	NA	NA	NA	0.2086	NA	NA	NA	0.37222	0.18749	NA	NA	0.346	NA	NA	NA	NA	NA	NA	0.75786	0.38798	0.17563	1.34719	2.1654	0.77542	0.56905	0.7351	1.12238	NA	2.38766	NA	0.73699	NA	NA	NA	NA	NA	NA	NA	NA	NA	NA	NA	NA	NA	NA	NA	NA	NA	NA	NA	NA	NA	NA	0.39507	NA	0.38686	1.11625	1.14677	NA	NA	NA	NA	NA	NA	NA	NA	NA	0.37077	NA	NA	NA	NA	NA	0.13496	0.14834	0.63863	2.05979	NA	NA	0.14544	NA	0.58815	0.28803	0.60437	1.11247	NA	NA	NA	NA	NA	0.276	0.72621	NA	NA	NA	NA	NA	NA	NA	NA	NA	NA	NA	NA	0.14265	NA	NA	NA	NA	NA	NA	NA	NA	NA	NA	NA	NA	1.28908	1.54677	0.75478	0.92586	1.08733	0.30058	0.64982	0.99922	NA	0.28516	1.89342	1.0362	NA	NA	NA	NA	NA	NA	NA	NA	NA	NA	NA	NA	NA	NA	NA	NA	NA	NA	NA	NA	0.42409	NA	0.43549	NA	NA	NA	NA	NA	NA	NA	NA	NA	NA	0.41985	NA	NA	0.53444	0.30199	NA	NA	5.89699	1.0983	NA	NA	NA	NA	NA	NA	NA	NA	NA	NA	NA	NA	NA	NA	NA	NA	NA	NA	NA	NA	NA	NA	NA	NA	NA	NA	NA	NA	NA	NA	NA	NA	NA	NA	NA	NA	NA	NA	NA	NA	NA	NA	NA	NA	NA	NA	NA	NA	NA	NA	NA	NA	NA	NA	NA	NA	NA	NA	NA	NA	NA	NA	NA	NA	NA	NA	NA	NA	NA	NA	NA	NA	NA	NA	NA	NA	NA	NA	NA	NA	NA	NA	NA	NA	NA	NA	NA	NA	NA	NA	NA	NA	NA	NA	NA	NA	NA	NA	NA	NA	NA	NA	NA	NA	NA	NA	NA	NA	NA	NA	NA	NA	NA	NA	NA	NA	NA	NA	NA	NA	NA	NA	NA	NA	NA	NA	NA	NA	NA	NA	NA	NA	NA	NA	NA	NA	NA	NA	NA	NA	NA	NA	NA	NA	NA	NA	NA	NA	NA	NA	NA	NA	NA	NA	NA
GT62	NA	NA	NA	NA	NA	NA	NA	NA	NA	NA	NA	NA	NA	NA	NA	NA	NA	NA	NA	NA	NA	NA	NA	NA	NA	NA	NA	NA	NA	NA	NA	NA	NA	NA	NA	NA	NA	NA	NA	NA	NA	NA	NA	NA	NA	NA	NA	NA	NA	0.57293	NA	NA	NA	NA	NA	NA	NA	NA	NA	NA	NA	NA	NA	NA	NA	NA	NA	NA	NA	NA	NA	NA	NA	NA	NA	NA	NA	NA	NA	NA	NA	NA	NA	NA	NA	NA	NA	NA	NA	NA	NA	NA	NA	NA	NA	NA	NA	NA	NA	NA	NA	NA	NA	NA	NA	NA	NA	NA	NA	NA	NA	NA	NA	NA	NA	NA	NA	NA	NA	NA	NA	NA	NA	NA	NA	NA	NA	NA	NA	NA	NA	NA	NA	NA	NA	NA	NA	NA	NA	NA	NA	NA	NA	NA	NA	NA	NA	NA	NA	NA	NA	NA	NA	NA	NA	NA	NA	NA	NA	NA	NA	NA	NA	NA	NA	NA	NA	NA	NA	NA	NA	NA	NA	NA	NA	NA	NA	NA	NA	NA	NA	NA	NA	NA	NA	NA	NA	NA	NA	NA	NA	NA	NA	NA	NA	NA	NA	NA	NA	NA	NA	NA	NA	NA	NA	NA	NA	NA	NA	NA	NA	NA	NA	NA	NA	NA	NA	NA	NA	NA	NA	NA	NA	NA	NA	NA	NA	NA	NA	NA	NA	NA	NA	NA	NA	NA	NA	NA	NA	NA	NA	NA	NA	NA	NA	NA	NA	NA	NA	NA	NA	NA	NA	NA	NA	NA	NA	NA	NA	NA	NA	NA	NA	NA	NA	NA	NA	NA	NA	NA	NA	NA	NA	NA	NA	NA	NA	NA	NA	NA	NA	NA	NA	NA	NA	NA	NA	NA	NA	NA	NA	NA	NA	NA	NA	NA	NA	NA	NA	NA	NA	NA	NA	NA	NA	NA	NA	NA	NA	NA	NA	NA	NA	NA	NA	NA	NA	NA	NA	NA	NA	NA	NA	NA	NA	NA	NA	NA	NA	NA	NA	NA	NA	NA	NA	NA	NA	NA	NA	NA	NA	NA	NA	NA	NA	NA	NA	NA	NA	NA	NA	NA	NA	NA	NA	NA	NA	NA	NA	NA	NA	NA	NA	NA	NA	NA	NA	NA	NA	NA	NA	NA	NA	NA	NA	NA	NA
GT66	4.0745	3.52106	4.17084	3.77301	3.69167	2.12909	6.25809	10.4922	10.35649	6.61145	6.6026	6.60216	14.68626	18.54585	1.52948	NA	0.96311	1.43233	3.66032	1.69517	NA	0.85576	2.17439	0.78676	0.21736	1.01841	0.90265	1.77932	5.80321	19.16525	14.51906	9.41796	9.92847	8.46663	8.31195	7.08642	11.40895	7.08484	7.58456	11.31971	14.29493	8.79066	5.57147	11.67329	5.83897	5.85873	6.76162	5.93058	5.30572	7.22516	3.85809	4.0169	6.76183	5.78429	3.88415	2.48265	2.96581	1.801	1.41031	2.03045	3.30303	9.80787	24.9489	7.46386	6.82911	9.57136	10.18617	15.84603	16.14936	18.7762	13.55138	21.3636	28.19974	63.83749	11.64457	4.64185	6.21272	2.45138	8.38386	5.10377	3.06695	9.22565	11.30916	4.98373	6.04036	10.52043	10.16467	13.0857	9.98908	8.00862	3.07845	9.48927	3.99318	5.56546	1.39142	11.59514	2.70252	10.51883	6.49071	4.09847	6.15356	9.20179	13.70797	7.07113	6.27892	3.22025	4.30932	2.44634	3.80817	5.34269	3.5965	8.36218	4.72199	8.4159	3.17826	0.45874	3.58135	16.02118	11.76568	9.51768	8.33325	4.57804	15.28131	7.28464	5.86239	3.57634	3.66187	2.97973	6.10258	4.11754	2.13499	1.53847	6.35075	9.03291	7.4124	7.80893	5.71975	3.58304	7.24642	6.45793	14.80872	12.80071	4.85148	7.09515	NA	1.76119	0.43366	1.88025	4.61008	4.01206	2.23431	3.01456	10.91364	6.12575	4.0615	12.64565	2.59296	4.74007	3.40389	2.96445	1.92451	2.86573	4.07482	3.58398	5.91527	7.31163	3.40735	3.943	10.34741	14.29685	9.56801	7.51887	6.65458	5.56578	2.44585	5.4316	3.57158	3.04059	6.77748	4.40079	2.80216	6.98998	2.41055	7.32482	1.92258	2.00571	1.92272	NA	3.73626	4.5592	2.2837	3.11598	3.13116	1.11845	0.14804	0.30927	NA	1.00834	1.15434	3.03122	3.07266	2.33916	4.14092	2.90558	8.56174	7.81638	4.24635	1.48246	1.59005	2.85709	1.31553	1.3253	13.17003	31.11623	31.61096	50.20185	9.57133	15.58751	5.42508	6.01658	12.30806	8.1645	NA	NA	NA	NA	NA	NA	NA	NA	NA	NA	NA	NA	NA	NA	NA	NA	NA	NA	NA	NA	NA	NA	NA	NA	NA	NA	NA	NA	NA	NA	NA	NA	NA	NA	NA	NA	NA	NA	NA	NA	NA	NA	NA	NA	NA	NA	NA	NA	NA	NA	NA	NA	NA	NA	NA	NA	NA	NA	NA	NA	NA	NA	NA	NA	NA	NA	NA	NA	NA	NA	NA	NA	NA	NA	NA	NA	NA	NA	NA	NA	NA	NA	NA	NA	NA	NA	NA	NA	NA	NA	NA	NA	NA	NA	NA	NA	NA	NA	NA	NA	NA	NA	NA	NA	NA	NA	NA	NA	NA	NA	NA	NA	NA	NA	NA	NA	NA	NA	NA	NA	NA	NA	NA	NA	NA	NA	NA	NA	NA	NA	NA	NA	NA	NA	NA	NA	NA	NA	NA	NA	NA	NA	NA	NA	NA	NA	NA	NA	NA	NA	NA	NA	NA	NA	NA
GT69	NA	NA	NA	NA	NA	NA	NA	NA	NA	NA	NA	NA	NA	NA	NA	NA	NA	NA	NA	NA	NA	NA	NA	NA	NA	NA	NA	NA	NA	NA	NA	NA	NA	NA	NA	NA	NA	NA	NA	NA	NA	NA	NA	NA	NA	NA	NA	NA	NA	NA	NA	NA	NA	NA	NA	NA	NA	NA	NA	NA	NA	0.45472	NA	1.44857	NA	NA	1.33858	NA	NA	NA	NA	NA	NA	NA	NA	NA	NA	NA	NA	NA	NA	NA	NA	NA	NA	NA	NA	NA	NA	NA	NA	NA	NA	NA	NA	NA	NA	NA	NA	NA	NA	NA	NA	NA	NA	NA	NA	NA	NA	NA	NA	NA	NA	NA	NA	NA	NA	NA	NA	NA	NA	NA	NA	NA	NA	NA	NA	NA	NA	NA	NA	NA	NA	NA	NA	NA	NA	NA	NA	NA	NA	NA	NA	NA	NA	NA	NA	NA	NA	NA	NA	NA	NA	NA	NA	NA	NA	NA	NA	NA	NA	NA	NA	NA	NA	NA	NA	NA	NA	NA	NA	NA	NA	NA	NA	NA	NA	NA	NA	NA	NA	NA	NA	NA	NA	NA	NA	NA	NA	NA	NA	NA	NA	NA	NA	NA	NA	NA	NA	NA	NA	NA	NA	NA	NA	NA	NA	NA	NA	NA	NA	NA	0.73667	0.57968	0.61531	0.24993	NA	NA	NA	NA	NA	NA	NA	NA	NA	NA	NA	NA	NA	NA	NA	NA	NA	NA	NA	NA	NA	NA	NA	NA	NA	NA	NA	NA	NA	NA	NA	NA	NA	NA	NA	NA	NA	NA	NA	NA	NA	NA	NA	NA	NA	NA	NA	NA	NA	NA	NA	NA	NA	NA	NA	NA	NA	NA	NA	NA	NA	NA	NA	NA	NA	NA	NA	NA	NA	NA	NA	NA	NA	NA	NA	NA	NA	NA	NA	NA	NA	NA	NA	NA	NA	NA	NA	NA	NA	NA	NA	NA	NA	NA	NA	NA	NA	NA	NA	NA	NA	NA	NA	NA	NA	NA	NA	NA	NA	NA	NA	NA	NA	NA	NA	NA	NA	NA	NA	NA	NA	NA	NA	NA	NA	NA	NA	NA	NA	NA	NA	NA	NA	NA	NA	NA	NA	NA	NA	NA	NA	NA	NA	NA	NA	NA	NA	NA	NA	NA	NA	NA	NA	NA	NA	NA	NA	NA	NA	NA	NA
GT71	NA	NA	NA	NA	NA	NA	NA	NA	NA	NA	NA	NA	NA	NA	NA	NA	NA	NA	NA	NA	NA	0.64172	NA	NA	NA	NA	NA	NA	NA	NA	NA	NA	NA	NA	NA	NA	NA	NA	NA	0.43205	NA	NA	NA	NA	NA	NA	NA	NA	NA	0.27	NA	NA	NA	NA	NA	NA	NA	NA	NA	NA	NA	NA	NA	NA	NA	NA	NA	NA	NA	NA	NA	NA	NA	NA	NA	NA	NA	NA	NA	NA	NA	NA	NA	NA	NA	NA	NA	NA	NA	NA	NA	NA	NA	NA	NA	NA	NA	NA	NA	NA	NA	NA	NA	NA	NA	NA	NA	NA	NA	NA	NA	NA	NA	NA	NA	NA	NA	NA	NA	NA	NA	NA	NA	NA	NA	NA	NA	NA	NA	NA	NA	NA	NA	NA	NA	NA	NA	NA	NA	NA	NA	NA	NA	NA	NA	NA	NA	0.48304	NA	NA	NA	NA	NA	NA	NA	NA	NA	NA	NA	NA	NA	NA	NA	NA	NA	NA	NA	NA	NA	NA	NA	NA	NA	NA	NA	NA	NA	NA	NA	NA	NA	NA	NA	NA	NA	NA	NA	NA	NA	NA	NA	NA	NA	NA	NA	0.37326	NA	NA	NA	NA	NA	NA	NA	NA	0.12344	NA	NA	NA	NA	NA	NA	NA	NA	NA	NA	NA	NA	NA	NA	NA	NA	NA	NA	NA	NA	NA	NA	NA	NA	NA	NA	NA	NA	NA	NA	NA	NA	NA	NA	NA	NA	NA	NA	NA	NA	NA	NA	NA	NA	NA	NA	NA	NA	NA	NA	NA	NA	NA	NA	NA	NA	NA	NA	NA	NA	NA	NA	NA	NA	NA	NA	NA	NA	NA	NA	NA	NA	NA	NA	NA	NA	NA	NA	NA	NA	NA	NA	NA	NA	NA	NA	NA	NA	NA	NA	NA	NA	NA	NA	NA	NA	NA	NA	NA	NA	NA	NA	NA	NA	NA	NA	NA	NA	NA	NA	NA	NA	NA	NA	NA	NA	NA	NA	NA	NA	NA	NA	NA	NA	NA	NA	NA	NA	NA	NA	NA	NA	NA	NA	NA	NA	NA	NA	NA	NA	NA	NA	NA	NA	NA	NA	NA	NA	NA	NA	NA	NA	NA	NA	NA	NA	NA	NA	NA	NA	NA	NA	NA	NA	NA	NA	NA	NA	NA	NA	NA	NA
GT73	6.48937	7.00942	7.67778	8.37938	5.11152	3.84505	3.59874	1.18252	2.18172	3.48605	0.76822	4.35553	2.21234	4.60732	0.19594	NA	0.37015	NA	0.17585	1.01739	1.46862	15.42918	5.28767	5.49598	3.24462	0.74324	3.28996	7.72613	1.99497	2.10981	1.39427	2.65968	1.50901	2.18808	1.39692	0.84357	0.68657	0.75758	1.24908	1.43972	0.77167	0.72276	0.17096	0.92207	0.71512	0.5685	0.37654	NA	3.89485	NA	NA	0.60789	0.37208	1.13644	0.63481	0.60819	3.28195	0.20161	2.11292	0.76467	0.7512	0.82279	0.73935	2.88975	4.07305	2.81517	1.26144	3.02595	0.96862	1.26542	3.77776	3.96175	9.15359	3.31426	4.86605	1.46525	0.23056	1.48134	1.23271	NA	2.28829	3.46758	16.1884	20.45687	15.2441	13.06901	10.49881	13.57388	11.98069	31.33859	65.11367	16.30324	27.74399	52.91105	12.23312	52.74173	NA	0.36997	NA	0.67472	NA	NA	0.18685	1.49441	2.98952	4.40121	3.58746	1.58924	NA	3.60512	3.14669	1.64862	NA	2.19403	2.67147	1.66531	6.92581	NA	NA	0.37505	1.09242	1.00756	NA	0.4335	6.51737	2.57758	5.50318	4.58428	14.29304	8.11645	3.32808	1.77109	0.30708	1.32905	12.72808	6.5073	7.85821	3.61527	0.33527	1.51401	1.59052	1.28083	4.77127	3.87337	6.99091	2.0721	NA	1.08598	4.17904	3.88874	0.6757	0.89232	16.09358	12.52592	3.8962	15.43569	19.92944	37.39028	8.54724	29.1863	0.94999	0.45165	0.94509	1.13208	3.04558	3.74471	4.26577	2.04371	3.66895	2.6971	2.56686	2.7112	2.30962	0.79371	0.47059	0.42587	2.90358	2.17236	3.34514	1.81857	2.1076	1.47382	1.35502	9.43637	1.10354	NA	0.25489	NA	6.09503	13.53155	7.97975	17.02978	9.09067	6.95004	5.74767	2.60351	NA	0.69904	1.55927	2.46836	1.09467	0.60833	3.12382	NA	0.08869	NA	0.56685	NA	0.58326	0.45406	0.25682	0.16578	1.23529	0.29452	NA	0.90835	0.28118	3.20016	0.2639	0.53906	1.78099	3.07331	NA	NA	NA	NA	NA	NA	NA	NA	NA	NA	NA	NA	NA	NA	NA	NA	NA	NA	NA	NA	NA	NA	NA	NA	NA	NA	NA	NA	NA	NA	NA	NA	NA	NA	NA	NA	NA	NA	NA	NA	NA	NA	NA	NA	NA	NA	NA	NA	NA	NA	NA	NA	NA	NA	NA	NA	NA	NA	NA	NA	NA	NA	NA	NA	NA	NA	NA	NA	NA	NA	NA	NA	NA	NA	NA	NA	NA	NA	NA	NA	NA	NA	NA	NA	NA	NA	NA	NA	NA	NA	NA	NA	NA	NA	NA	NA	NA	NA	NA	NA	NA	NA	NA	NA	NA	NA	NA	NA	NA	NA	NA	NA	NA	NA	NA	NA	NA	NA	NA	NA	NA	NA	NA	NA	NA	NA	NA	NA	NA	NA	NA	NA	NA	NA	NA	NA	NA	NA	NA	NA	NA	NA	NA	NA	NA	NA	NA	NA	NA	NA	NA	NA	NA	NA	NA
GT75	0.24621	0.2712	0.23699	NA	NA	NA	0.26121	NA	NA	NA	0.51999	NA	NA	NA	NA	NA	NA	NA	NA	NA	NA	NA	NA	NA	NA	NA	NA	NA	NA	NA	NA	NA	NA	NA	NA	NA	NA	NA	NA	NA	NA	NA	NA	NA	NA	NA	NA	NA	NA	NA	NA	NA	NA	NA	NA	NA	NA	NA	NA	NA	NA	NA	NA	NA	NA	NA	NA	NA	NA	NA	NA	NA	NA	NA	NA	NA	NA	NA	NA	NA	NA	NA	NA	NA	NA	NA	NA	NA	NA	NA	NA	NA	NA	NA	NA	NA	NA	NA	NA	NA	NA	NA	NA	NA	NA	NA	NA	NA	NA	NA	NA	NA	NA	NA	NA	NA	NA	NA	NA	NA	NA	NA	NA	NA	NA	NA	NA	NA	NA	NA	0.19347	NA	NA	NA	0.19278	NA	NA	NA	NA	NA	NA	NA	NA	NA	NA	NA	NA	NA	NA	NA	NA	NA	NA	NA	NA	NA	NA	NA	NA	NA	NA	NA	NA	NA	NA	NA	NA	NA	NA	NA	NA	NA	NA	NA	NA	NA	NA	NA	NA	NA	NA	NA	NA	NA	NA	NA	NA	NA	NA	NA	NA	NA	NA	NA	NA	NA	NA	NA	NA	NA	NA	NA	NA	NA	NA	NA	NA	NA	NA	NA	NA	NA	NA	NA	NA	NA	NA	NA	NA	NA	NA	NA	NA	NA	NA	NA	NA	NA	NA	NA	NA	NA	NA	NA	NA	NA	NA	NA	NA	NA	NA	NA	NA	NA	NA	NA	NA	NA	NA	NA	NA	NA	NA	NA	NA	NA	NA	NA	NA	NA	NA	NA	NA	NA	NA	NA	NA	NA	NA	NA	NA	NA	NA	NA	NA	NA	NA	NA	NA	NA	NA	NA	NA	NA	NA	NA	NA	NA	NA	NA	NA	NA	NA	NA	NA	NA	NA	NA	NA	NA	NA	NA	NA	NA	NA	NA	NA	NA	NA	NA	NA	NA	NA	NA	NA	NA	NA	NA	NA	NA	NA	NA	NA	NA	NA	NA	NA	NA	NA	NA	NA	NA	NA	NA	NA	NA	NA	NA	NA	NA	NA	NA	NA	NA	NA	NA	NA	NA	NA	NA	NA	NA	NA	NA	NA	NA	NA	NA	NA	NA	NA	NA	NA	NA	NA	NA	NA	NA	NA	NA	NA	NA	NA	NA	NA	NA	NA
GT76	NA	NA	NA	NA	NA	NA	NA	NA	NA	NA	NA	NA	NA	NA	NA	NA	NA	NA	NA	NA	NA	NA	NA	NA	NA	NA	NA	NA	NA	NA	NA	NA	NA	NA	NA	NA	NA	NA	NA	NA	NA	NA	NA	NA	NA	NA	NA	NA	NA	NA	NA	NA	NA	NA	NA	NA	NA	NA	NA	NA	NA	NA	NA	NA	NA	NA	NA	NA	NA	NA	NA	NA	NA	NA	NA	NA	NA	0.29691	0.20476	0.48112	NA	NA	NA	NA	NA	NA	NA	NA	NA	NA	NA	NA	NA	NA	NA	NA	NA	NA	NA	NA	NA	NA	NA	NA	NA	NA	NA	NA	NA	NA	NA	NA	NA	NA	NA	NA	NA	NA	NA	NA	NA	NA	NA	NA	NA	NA	NA	NA	NA	NA	NA	NA	NA	NA	NA	NA	NA	NA	NA	NA	NA	NA	NA	NA	NA	NA	NA	NA	NA	NA	NA	NA	NA	NA	NA	NA	NA	NA	NA	NA	NA	NA	NA	NA	NA	NA	NA	NA	NA	NA	NA	NA	0.16287	0.31509	0.16998	0.22404	NA	NA	NA	NA	NA	NA	NA	NA	NA	NA	NA	NA	NA	NA	NA	NA	NA	NA	NA	NA	NA	NA	NA	NA	NA	NA	NA	NA	NA	NA	NA	NA	NA	NA	NA	NA	NA	NA	NA	NA	NA	NA	NA	NA	NA	NA	NA	NA	NA	NA	NA	NA	NA	NA	NA	NA	NA	NA	NA	NA	NA	NA	NA	NA	NA	NA	NA	NA	NA	NA	NA	NA	NA	NA	NA	NA	NA	NA	NA	NA	NA	NA	NA	NA	NA	NA	NA	NA	NA	NA	NA	NA	NA	NA	NA	NA	NA	NA	NA	NA	NA	NA	NA	NA	NA	NA	NA	NA	NA	NA	NA	NA	NA	NA	NA	NA	NA	NA	NA	NA	NA	NA	NA	NA	NA	NA	NA	NA	NA	NA	NA	NA	NA	NA	NA	NA	NA	NA	NA	NA	NA	NA	NA	NA	NA	NA	NA	NA	NA	NA	NA	NA	NA	NA	NA	NA	NA	NA	NA	NA	NA	NA	NA	NA	NA	NA	NA	NA	NA	NA	NA	NA	NA	NA	NA	NA	NA	NA	NA	NA	NA	NA	NA	NA	NA	NA	NA	NA	NA	NA	NA	NA	NA	NA	NA	NA	NA	NA	NA	NA	NA
GT8	237.12226	205.2714	183.95748	204.56423	211.55032	161.4905	193.76817	151.77528	168.61829	148.02463	132.87657	149.27744	138.06664	195.10067	59.31014	47.98769	62.69848	63.76328	69.28604	48.40596	100.3169	103.51648	141.89914	98.59241	58.67398	73.67219	69.27135	109.22234	146.95526	136.08587	119.94618	142.97246	164.9959	147.75939	132.85518	95.23957	107.6145	121.46196	112.08719	169.57693	175.16347	164.13897	116.94288	128.26394	160.12741	156.1892	154.09909	153.14585	178.96585	170.68527	204.43991	165.61405	132.55318	187.85306	418.14063	514.65927	545.28829	515.89051	518.13853	477.72613	427.75182	134.05283	159.29863	233.23901	211.29018	139.92455	135.89663	150.0551	223.1291	255.46788	205.74239	170.37157	203.16032	161.25462	222.69402	335.27466	230.03068	311.06277	184.51896	191.10662	199.052	240.00838	107.1403	138.55612	108.1818	134.16731	119.52127	123.20132	126.59811	176.59787	132.65981	126.69184	128.51027	176.91066	156.49341	96.73536	165.75781	179.67002	229.44095	214.55905	227.70608	250.45813	212.54796	155.11856	177.05634	152.38042	162.16995	164.11756	151.81244	123.28979	215.9696	195.26597	430.75715	200.51353	236.58703	171.88859	146.01905	251.26726	333.62675	298.1808	290.25938	437.37837	240.46685	312.63817	104.39747	100.67195	158.34592	156.30457	193.6239	231.62768	170.39504	281.50502	172.97238	121.46933	168.79176	172.51253	236.10094	250.69833	154.60883	193.94012	232.41405	159.21019	197.65645	286.69477	79.12216	59.5709	92.14546	161.90671	112.93394	85.00792	88.99108	74.59987	78.07705	104.98342	116.53242	105.00916	143.51651	157.83099	149.45523	153.30736	173.58135	153.18242	113.78936	155.02917	98.70714	124.24294	145.38976	134.83703	204.75823	187.58857	186.71384	158.31732	168.07395	265.89297	147.79833	223.24469	140.94713	156.91705	111.26799	134.7372	113.34683	119.36176	232.77198	190.478	193.86474	133.4486	176.1792	219.25195	143.65829	167.80169	204.83847	198.23573	358.41587	495.36426	474.75656	639.76027	228.62366	439.98333	350.39073	198.12517	132.87828	156.35554	171.32131	176.30986	168.71698	181.40588	266.163	264.2533	297.88841	297.35059	290.20488	482.87681	154.4409	143.59492	195.31224	190.94296	143.02994	151.42946	268.69753	274.13923	183.01404	186.07123	NA	NA	NA	NA	NA	NA	NA	NA	NA	NA	NA	NA	NA	NA	NA	NA	NA	NA	NA	NA	NA	NA	NA	NA	NA	NA	NA	NA	NA	NA	NA	NA	NA	NA	NA	NA	NA	NA	NA	NA	NA	NA	NA	NA	NA	NA	NA	NA	NA	NA	NA	NA	NA	NA	NA	NA	NA	NA	NA	NA	NA	NA	NA	NA	NA	NA	NA	NA	NA	NA	NA	NA	NA	NA	NA	NA	NA	NA	NA	NA	NA	NA	NA	NA	NA	NA	NA	NA	NA	NA	NA	NA	NA	NA	NA	NA	NA	NA	NA	NA	NA	NA	NA	NA	NA	NA	NA	NA	NA	NA	NA	NA	NA	NA	NA	NA	NA	NA	NA	NA	NA	NA	NA	NA	NA	NA	NA	NA	NA	NA	NA	NA	NA	NA	NA	NA	NA	NA	NA	NA	NA	NA	NA	NA	NA	NA	NA	NA	NA	NA	NA	NA	NA	NA	NA
GT80	1.22437	0.56371	3.43634	2.1135	0.34685	NA	2.0616	1.54401	0.78449	2.95447	4.47101	2.27928	1.93754	1.18541	NA	NA	NA	NA	NA	NA	NA	3.07864	11.66596	7.46107	3.2269	2.13023	2.94208	2.397	2.2547	1.48894	5.00795	3.12795	6.94992	2.16493	2.67637	1.06913	0.39777	1.40184	0.19581	0.40005	0.38245	9.76914	0.39194	0.21139	0.51232	1.33781	1.87695	1.01807	3.71559	0.375	0.20354	0.90402	0.20671	1.04568	1.57429	1.4137	NA	0.18568	3.37938	3.00293	1.37869	4.18168	0.48056	2.71719	2.91426	7.86747	2.31923	8.91241	2.1041	1.72742	0.62454	1.51244	2.88953	1.25829	2.18029	4.8728	5.07823	0.7937	3.13502	5.63155	7.83133	3.91997	4.34993	4.56371	1.0677	3.27064	1.07954	1.80293	3.42169	NA	NA	NA	NA	NA	NA	NA	1.57007	3.50884	1.36179	2.60634	1.14676	0.97437	1.85378	5.94527	5.02315	3.40015	6.62462	3.19659	3.98509	7.45543	2.45512	1.29675	2.40321	3.30985	2.24711	2.68951	6.71805	6.38872	4.99404	0.70221	2.0785	0.89106	5.02703	6.49002	4.10563	2.20214	1.43744	2.73941	0.29296	0.94563	0.96927	0.30807	2.52868	1.07832	1.69653	3.435	6.40604	5.79265	3.85582	1.11873	5.1006	1.8969	2.95767	2.67553	NA	NA	NA	NA	8.82795	8.06883	1.89681	3.59637	5.68801	2.93381	1.44216	4.07178	NA	NA	NA	NA	2.85497	1.63773	1.71111	1.91269	2.69376	5.52299	2.29601	7.64913	3.22001	3.3949	1.93891	2.06199	2.98123	3.35794	3.57008	3.80128	1.37835	1.43816	1.85528	2.36513	1.58585	1.65251	0.63988	0.14195	9.73115	6.94964	11.6129	NA	0.57864	1.23986	0.37338	2.89259	0.45171	0.0791	NA	NA	NA	0.50046	0.15037	NA	1.36554	1.63685	3.42811	1.19094	NA	0.7489	NA	NA	2.09059	2.66633	1.58022	0.46452	5.5353	3.42446	5.94155	3.2163	2.74425	5.4483	0.29809	0.23239	0.20415	0.58636	NA	NA	NA	NA	NA	NA	NA	NA	NA	NA	NA	NA	NA	NA	NA	NA	NA	NA	NA	NA	NA	NA	NA	NA	NA	NA	NA	NA	NA	NA	NA	NA	NA	NA	NA	NA	NA	NA	NA	NA	NA	NA	NA	NA	NA	NA	NA	NA	NA	NA	NA	NA	NA	NA	NA	NA	NA	NA	NA	NA	NA	NA	NA	NA	NA	NA	NA	NA	NA	NA	NA	NA	NA	NA	NA	NA	NA	NA	NA	NA	NA	NA	NA	NA	NA	NA	NA	NA	NA	NA	NA	NA	NA	NA	NA	NA	NA	NA	NA	NA	NA	NA	NA	NA	NA	NA	NA	NA	NA	NA	NA	NA	NA	NA	NA	NA	NA	NA	NA	NA	NA	NA	NA	NA	NA	NA	NA	NA	NA	NA	NA	NA	NA	NA	NA	NA	NA	NA	NA	NA	NA	NA	NA	NA	NA	NA	NA	NA	NA	NA	NA	NA	NA	NA	NA
GT81	NA	NA	NA	NA	NA	NA	NA	4.21021	3.66607	4.13302	2.29664	1.85364	7.30377	7.18834	NA	NA	NA	NA	NA	NA	NA	NA	NA	NA	NA	NA	NA	NA	2.61264	4.88627	1.36886	1.50646	1.38066	0.55082	3.41572	NA	NA	NA	NA	NA	NA	2.30552	NA	NA	NA	NA	NA	NA	NA	NA	NA	NA	NA	NA	NA	NA	NA	NA	NA	NA	NA	1.81953	5.04799	1.64319	1.7053	3.33569	3.26961	6.00641	6.47626	8.89471	6.87614	12.10868	13.79571	40.92088	2.20715	NA	NA	NA	NA	NA	NA	NA	1.86799	0.97036	0.22954	1.6472	NA	2.80121	2.68529	NA	NA	NA	NA	NA	NA	NA	NA	0.45012	NA	NA	0.38616	NA	1.08995	1.55124	0.89219	0.20647	1.42495	0.6359	2.91346	1.28354	NA	NA	2.34015	NA	NA	NA	NA	9.47785	9.91125	3.53246	5.57343	2.30899	10.26823	4.6095	0.84125	0.33623	NA	0.83218	NA	NA	NA	NA	1.19205	3.08972	1.61777	2.09842	NA	NA	NA	NA	7.90311	6.64807	2.3039	3.86276	NA	NA	NA	NA	NA	NA	NA	NA	7.8861	1.13647	NA	1.08946	NA	NA	NA	NA	NA	NA	1.54347	0.16786	NA	NA	NA	NA	4.95767	6.72419	4.27394	3.61103	NA	NA	NA	NA	0.31231	NA	0.90452	0.16732	NA	NA	NA	NA	NA	NA	NA	NA	NA	NA	NA	NA	NA	NA	NA	NA	NA	NA	NA	NA	NA	NA	NA	NA	0.07612	0.15764	NA	NA	NA	NA	NA	NA	5.37448	12.31934	17.04158	25.22498	2.04088	2.88306	NA	0.08198	NA	NA	NA	NA	NA	NA	NA	NA	NA	NA	NA	NA	NA	NA	NA	NA	NA	NA	NA	NA	NA	NA	NA	NA	NA	NA	NA	NA	NA	NA	NA	NA	NA	NA	NA	NA	NA	NA	NA	NA	NA	NA	NA	NA	NA	NA	NA	NA	NA	NA	NA	NA	NA	NA	NA	NA	NA	NA	NA	NA	NA	NA	NA	NA	NA	NA	NA	NA	NA	NA	NA	NA	NA	NA	NA	NA	NA	NA	NA	NA	NA	NA	NA	NA	NA	NA	NA	NA	NA	NA	NA	NA	NA	NA	NA	NA	NA	NA	NA	NA	NA	NA	NA	NA	NA	NA	NA	NA	NA	NA	NA	NA	NA	NA	NA	NA	NA	NA	NA	NA	NA	NA	NA	NA	NA	NA	NA	NA	NA	NA	NA	NA	NA	NA	NA	NA	NA	NA	NA	NA	NA	NA	NA	NA	NA	NA	NA	NA	NA	NA	NA	NA	NA	NA	NA	NA	NA
GT82	NA	NA	NA	NA	NA	NA	NA	NA	NA	NA	NA	NA	NA	NA	NA	NA	NA	NA	NA	NA	NA	NA	NA	NA	NA	NA	NA	NA	NA	NA	NA	NA	NA	NA	NA	2.31515	0.88446	1.0194	0.78018	0.88952	0.66273	NA	NA	NA	NA	NA	NA	NA	NA	NA	NA	NA	NA	NA	71.64222	116.06185	102.18417	115.32446	111.55354	104.12604	82.36948	NA	0.30302	NA	NA	NA	NA	NA	0.21155	0.33694	0.22999	0.41722	0.34199	0.7474	0.34411	NA	NA	NA	NA	NA	NA	NA	NA	NA	NA	NA	NA	NA	NA	25.02842	11.11947	14.88079	10.95403	3.96528	24.85055	16.67954	NA	NA	NA	NA	NA	NA	NA	NA	NA	NA	NA	NA	NA	NA	NA	NA	NA	NA	NA	NA	NA	NA	NA	NA	NA	NA	NA	NA	NA	NA	NA	NA	NA	NA	NA	NA	NA	NA	NA	NA	NA	NA	NA	NA	NA	NA	NA	NA	0.23791	NA	NA	NA	NA	NA	NA	NA	0.12119	0.18324	NA	NA	18.97208	13.54949	6.95704	5.95453	NA	NA	NA	NA	NA	NA	NA	NA	0.50829	NA	0.71668	0.09119	NA	NA	NA	NA	NA	NA	NA	NA	2.78668	2.64999	1.42983	1.40832	NA	NA	NA	NA	NA	NA	NA	NA	NA	NA	NA	NA	NA	NA	NA	NA	NA	NA	NA	NA	NA	NA	NA	NA	31.88754	21.44139	41.7506	49.57151	NA	NA	0.25988	NA	NA	NA	NA	NA	NA	NA	NA	NA	NA	NA	NA	NA	NA	NA	NA	NA	NA	NA	NA	NA	NA	NA	NA	NA	NA	NA	NA	NA	NA	NA	NA	NA	NA	NA	NA	NA	NA	NA	NA	NA	NA	NA	NA	NA	NA	NA	NA	NA	NA	NA	NA	NA	NA	NA	NA	NA	NA	NA	NA	NA	NA	NA	NA	NA	NA	NA	NA	NA	NA	NA	NA	NA	NA	NA	NA	NA	NA	NA	NA	NA	NA	NA	NA	NA	NA	NA	NA	NA	NA	NA	NA	NA	NA	NA	NA	NA	NA	NA	NA	NA	NA	NA	NA	NA	NA	NA	NA	NA	NA	NA	NA	NA	NA	NA	NA	NA	NA	NA	NA	NA	NA	NA	NA	NA	NA	NA	NA	NA	NA	NA	NA	NA	NA	NA	NA	NA	NA	NA	NA	NA	NA	NA	NA	NA	NA	NA	NA	NA	NA	NA	NA	NA	NA	NA	NA	NA	NA	NA	NA	NA	NA
GT83	90.57577	69.70006	59.19521	77.60946	79.72712	64.16699	72.86629	74.68457	49.82564	56.87147	50.42936	58.38961	59.04716	32.83818	122.8932	133.35514	97.31827	140.87479	139.37096	139.50349	102.33233	63.88648	90.50216	73.03071	69.27002	70.83009	77.49436	71.81813	77.99219	54.52207	66.50339	76.75544	69.76983	63.69102	62.74196	88.23482	66.39678	120.50481	117.99143	103.71946	121.7496	69.04212	37.94838	49.45381	63.69985	48.54301	58.04158	105.44486	138.76782	116.72252	154.98996	128.65237	85.18735	115.69774	130.73912	191.77783	184.26318	186.52331	169.30745	166.96271	133.90072	42.7367	27.93384	81.45685	65.25089	82.42049	85.32506	68.4287	86.7395	81.7762	91.8301	51.16493	74.6354	40.15972	58.29991	54.32182	64.40214	23.77744	36.02522	41.99506	78.82532	94.21704	74.99953	105.88421	68.30931	53.83767	56.71205	62.06583	86.8499	73.86524	46.98134	59.64703	46.26395	39.76284	81.654	39.79387	77.548	108.8053	120.80618	134.84444	114.04435	113.5182	107.0363	104.90148	115.36533	121.69261	105.9058	115.97143	111.97085	110.20535	121.57744	123.89439	176.21511	93.72438	101.57982	74.27319	57.30184	91.29526	126.0943	123.08124	95.37586	181.66714	144.2612	73.88628	96.42655	101.04716	87.31329	91.07415	128.06871	116.61656	63.01383	172.51691	64.86284	67.96681	40.03249	57.15371	107.04992	94.44127	114.22894	101.66445	110.81889	62.32327	107.65884	131.71207	117.3372	154.49847	113.83539	120.12416	70.993	59.74507	82.68983	60.26981	67.84643	72.06747	72.13399	81.23615	66.52172	56.39103	44.83283	34.31337	97.00077	96.38433	60.55579	130.12636	126.81818	131.59896	97.15094	133.87721	85.89059	78.12879	89.26923	57.04073	42.03729	51.3616	51.16959	44.81261	55.43172	71.34581	89.09191	57.46251	140.33689	102.29819	136.14268	187.03456	96.05296	87.58757	102.47771	61.08903	90.32018	70.57611	89.58957	79.07927	349.15586	299.83548	404.2463	302.70932	332.18275	280.80509	221.09813	111.66415	100.17486	76.69883	62.01735	64.67687	78.08505	68.23313	92.95812	108.37625	99.55815	128.34971	115.55383	201.66645	75.68645	50.64344	76.04388	32.12788	90.12151	85.69343	122.45524	85.22713	33.83627	53.72867	NA	NA	NA	NA	NA	NA	NA	NA	NA	NA	NA	NA	NA	NA	NA	NA	NA	NA	NA	NA	NA	NA	NA	NA	NA	NA	NA	NA	NA	NA	NA	NA	NA	NA	NA	NA	NA	NA	NA	NA	NA	NA	NA	NA	NA	NA	NA	NA	NA	NA	NA	NA	NA	NA	NA	NA	NA	NA	NA	NA	NA	NA	NA	NA	NA	NA	NA	NA	NA	NA	NA	NA	NA	NA	NA	NA	NA	NA	NA	NA	NA	NA	NA	NA	NA	NA	NA	NA	NA	NA	NA	NA	NA	NA	NA	NA	NA	NA	NA	NA	NA	NA	NA	NA	NA	NA	NA	NA	NA	NA	NA	NA	NA	NA	NA	NA	NA	NA	NA	NA	NA	NA	NA	NA	NA	NA	NA	NA	NA	NA	NA	NA	NA	NA	NA	NA	NA	NA	NA	NA	NA	NA	NA	NA	NA	NA	NA	NA	NA	NA	NA	NA	NA	NA	NA
GT84	12.98213	16.99857	32.69177	23.11865	7.77201	7.1849	26.06496	6.85529	12.45594	9.24488	15.55349	11.82385	7.64044	6.62248	1.34392	0.96443	0.35095	0.23196	NA	0.94571	0.25174	2.47165	2.78483	4.64187	2.10202	1.60478	1.53772	2.17062	9.61208	6.22539	9.22369	4.08292	9.46213	1.87695	6.01636	NA	0.35295	NA	NA	NA	NA	10.22292	1.42338	2.04004	4.30723	2.46569	11.56459	NA	0.66741	0.44787	0.24406	0.24014	0.74063	0.37466	9.06583	4.969	4.24607	10.56856	8.03233	2.43974	8.41473	14.73471	26.84179	12.52089	6.36679	9.39255	13.87962	15.8452	7.5417	7.58554	20.38372	9.59548	12.1382	9.61897	9.63902	64.25552	43.85255	91.0866	78.10378	81.22204	37.71068	31.45344	34.11466	5.14497	16.86127	13.10231	6.96296	56.99266	43.59658	2.45769	7.02772	3.80658	4.43958	5.08915	2.93907	1.97882	4.15832	11.07413	2.20164	6.99205	5.3312	4.90414	11.30272	5.86721	4.73	1.70403	5.70032	4.90575	15.25851	3.51214	2.50504	5.84001	5.24308	7.379	5.80304	4.48067	13.34242	45.07464	25.00856	10.03929	22.46849	8.56563	5.43826	53.48465	2.06804	3.44651	0.92229	1.5369	3.14012	8.38874	16.41219	1.70786	18.44087	2.56665	13.99481	24.65777	11.29467	12.29421	7.1451	5.03545	18.9854	13.08215	11.38209	9.54788	1.90569	1.81589	0.27665	0.09178	7.49673	4.45493	NA	2.66445	39.35739	14.21899	4.2612	29.00607	2.17933	2.69356	5.28565	6.5248	14.62306	6.51513	5.13822	2.27823	6.12345	3.34466	7.07634	8.01429	25.21428	22.32474	13.01848	15.85287	41.0357	26.36551	30.60846	30.47957	2.14406	2.23411	3.93524	4.00908	0.60447	0.13996	NA	0.1702	9.26931	4.13816	5.5513	NA	1.95962	8.55412	5.95515	9.72269	0.99696	NA	NA	NA	NA	2.92541	0.27427	0.79398	2.49608	6.41834	6.16121	9.25014	NA	0.35756	NA	NA	8.66146	7.70848	4.01793	7.69198	26.94977	27.62577	27.98203	22.17285	10.84619	50.48589	0.4968	1.71175	6.15785	4.6434	NA	NA	NA	NA	NA	NA	NA	NA	NA	NA	NA	NA	NA	NA	NA	NA	NA	NA	NA	NA	NA	NA	NA	NA	NA	NA	NA	NA	NA	NA	NA	NA	NA	NA	NA	NA	NA	NA	NA	NA	NA	NA	NA	NA	NA	NA	NA	NA	NA	NA	NA	NA	NA	NA	NA	NA	NA	NA	NA	NA	NA	NA	NA	NA	NA	NA	NA	NA	NA	NA	NA	NA	NA	NA	NA	NA	NA	NA	NA	NA	NA	NA	NA	NA	NA	NA	NA	NA	NA	NA	NA	NA	NA	NA	NA	NA	NA	NA	NA	NA	NA	NA	NA	NA	NA	NA	NA	NA	NA	NA	NA	NA	NA	NA	NA	NA	NA	NA	NA	NA	NA	NA	NA	NA	NA	NA	NA	NA	NA	NA	NA	NA	NA	NA	NA	NA	NA	NA	NA	NA	NA	NA	NA	NA	NA	NA	NA	NA	NA	NA	NA	NA	NA	NA	NA
GT85	NA	NA	NA	NA	NA	NA	NA	NA	NA	NA	NA	NA	NA	NA	NA	NA	NA	NA	NA	NA	NA	NA	NA	0.10687	NA	NA	NA	NA	NA	NA	NA	NA	NA	NA	NA	NA	NA	NA	NA	NA	NA	NA	NA	NA	NA	NA	NA	NA	NA	NA	NA	NA	NA	NA	NA	NA	NA	NA	NA	NA	NA	NA	NA	NA	NA	NA	NA	NA	NA	NA	NA	NA	NA	NA	NA	NA	NA	NA	NA	NA	NA	NA	NA	NA	NA	NA	NA	NA	NA	NA	NA	NA	NA	NA	NA	NA	NA	NA	NA	NA	NA	NA	NA	NA	NA	NA	NA	NA	NA	NA	NA	NA	NA	NA	NA	NA	NA	NA	NA	NA	NA	NA	NA	NA	NA	NA	NA	NA	NA	NA	NA	NA	NA	NA	NA	NA	NA	NA	NA	NA	NA	NA	NA	NA	NA	NA	NA	NA	NA	NA	NA	NA	NA	NA	NA	NA	NA	NA	NA	NA	NA	NA	NA	NA	NA	NA	NA	NA	NA	NA	NA	NA	NA	NA	NA	NA	NA	NA	NA	NA	NA	NA	NA	NA	NA	NA	NA	NA	NA	NA	NA	NA	NA	NA	NA	NA	NA	NA	NA	NA	NA	NA	NA	NA	NA	NA	NA	NA	NA	NA	NA	NA	NA	NA	NA	NA	NA	NA	NA	NA	NA	NA	NA	NA	NA	NA	NA	NA	NA	NA	NA	NA	NA	NA	NA	NA	NA	NA	NA	NA	NA	NA	NA	NA	NA	NA	NA	NA	NA	NA	NA	NA	NA	NA	NA	NA	NA	NA	NA	NA	NA	NA	NA	NA	NA	NA	NA	NA	NA	NA	NA	NA	NA	NA	NA	NA	NA	NA	NA	NA	NA	NA	NA	NA	NA	NA	NA	NA	NA	NA	NA	NA	NA	NA	NA	NA	NA	NA	NA	NA	NA	NA	NA	NA	NA	NA	NA	NA	NA	NA	NA	NA	NA	NA	NA	NA	NA	NA	NA	NA	NA	NA	NA	NA	NA	NA	NA	NA	NA	NA	NA	NA	NA	NA	NA	NA	NA	NA	NA	NA	NA	NA	NA	NA	NA	NA	NA	NA	NA	NA	NA	NA	NA	NA	NA	NA	NA	NA	NA	NA	NA	NA	NA	NA	NA	NA	NA	NA	NA	NA	NA	NA	NA	NA	NA	NA	NA
GT87	NA	NA	0.25374	NA	NA	NA	NA	0.12297	NA	NA	NA	0.74573	1.36332	0.25452	1.59399	1.29331	1.00458	0.99727	1.66609	2.92058	3.89238	0.3326	1.53716	0.92273	NA	1.37308	0.55005	0.90715	0.61976	0.13007	NA	0.27798	1.5118	NA	NA	NA	2.17355	0.24114	0.25376	1.02869	1.06302	0.87191	0.97215	NA	0.26452	NA	0.6513	0.6162	0.83219	0.47728	0.13137	0.51181	NA	NA	6.40818	2.30898	15.42339	7.78226	3.40778	4.11706	11.40266	1.39038	3.44567	0.25151	2.98324	0.60867	1.74759	2.40706	2.02342	2.9152	1.03271	4.75746	2.80872	0.2495	NA	0.26238	1.46477	NA	0.16168	0.30392	NA	0.74426	3.99636	2.55286	0.82117	3.81172	NA	3.1317	3.83336	0.12604	0.2887	0.75592	0.76531	0.40879	0.24254	NA	0.55701	0.13779	NA	0.96153	NA	0.33535	NA	0.67838	4.55978	0.43971	1.58956	2.5141	2.32396	0.4844	NA	0.90463	NA	NA	0.66064	0.3884	0.40829	1.04945	0.81686	0.26215	NA	0.53914	0.56025	1.97198	0.82051	1.09991	0.33112	NA	0.55413	NA	NA	NA	NA	0.19912	0.10426	0.19077	0.29243	0.50916	0.09694	0.20681	0.59261	1.74022	0.61052	1.80557	1.65028	1.12185	2.07476	0.88629	0.5564	0.66748	NA	0.75534	2.60276	4.1139	0.58121	1.64374	0.28842	NA	NA	0.09939	0.18687	NA	0.21	2.79207	0.47427	0.86165	0.20708	0.27345	1.71749	2.46571	0.50692	1.03204	0.62661	1.72744	1.29485	1.73362	NA	0.09893	0.77392	NA	0.27607	1.31414	0.20669	0.61626	0.3314	NA	NA	NA	1.89228	1.71304	0.97319	0.4725	0.67426	0.40635	0.65719	0.07016	NA	NA	NA	NA	0.19395	0.40592	NA	0.51557	1.11856	NA	1.87864	0.09212	3.06358	1.71192	4.54754	0.49901	0.79949	4.10213	0.10674	0.30144	NA	0.69413	0.19315	NA	NA	NA	NA	NA	NA	NA	NA	NA	NA	NA	NA	NA	NA	NA	NA	NA	NA	NA	NA	NA	NA	NA	NA	NA	NA	NA	NA	NA	NA	NA	NA	NA	NA	NA	NA	NA	NA	NA	NA	NA	NA	NA	NA	NA	NA	NA	NA	NA	NA	NA	NA	NA	NA	NA	NA	NA	NA	NA	NA	NA	NA	NA	NA	NA	NA	NA	NA	NA	NA	NA	NA	NA	NA	NA	NA	NA	NA	NA	NA	NA	NA	NA	NA	NA	NA	NA	NA	NA	NA	NA	NA	NA	NA	NA	NA	NA	NA	NA	NA	NA	NA	NA	NA	NA	NA	NA	NA	NA	NA	NA	NA	NA	NA	NA	NA	NA	NA	NA	NA	NA	NA	NA	NA	NA	NA	NA	NA	NA	NA	NA	NA	NA	NA	NA	NA	NA	NA	NA	NA	NA	NA	NA	NA	NA	NA	NA	NA	NA	NA	NA	NA	NA	NA	NA	NA	NA	NA
GT9	130.98483	89.73443	80.94703	107.74655	97.99929	64.03923	100.56303	149.34311	67.31127	96.7692	148.09819	78.41705	86.72789	70.9426	191.32781	206.73736	150.19781	211.81374	232.97486	139.9164	111.20127	33.75415	119.08108	62.92823	77.13427	74.9956	71.59804	61.01561	114.43954	79.33968	83.47069	119.80266	123.79994	128.22393	103.55247	96.61731	73.70848	128.78915	136.23371	112.494	113.01203	127.26311	53.63966	54.53988	94.07533	42.89223	80.80102	152.5616	190.36721	145.89358	188.63974	185.10932	124.66094	177.75821	179.44375	275.12344	340.11029	251.64933	215.45158	235.32263	186.8474	51.02192	12.06234	81.91778	69.35897	50.57041	59.48017	52.92226	92.01421	99.43691	105.38748	47.98587	86.9237	54.18219	62.06735	170.45667	128.53126	67.43492	62.97589	74.95233	127.2992	181.72171	87.1488	116.8272	68.94188	59.22759	54.19961	77.78351	101.35289	90.8883	67.00932	73.13792	56.03278	63.87099	151.63715	46.99755	64.65837	93.04086	109.14076	148.44462	71.69757	66.26573	87.41281	109.16048	106.96916	138.95953	120.77137	126.13096	119.60789	115.44467	133.07719	108.88456	203.56414	70.76194	59.59886	56.45322	46.58653	122.26194	158.08206	132.63573	121.64903	200.0342	147.49079	176.49258	110.22118	108.43221	96.89031	85.59622	163.36528	135.39661	87.35433	190.84523	119.03975	155.65412	70.15287	85.10205	167.16732	149.90204	136.40961	89.93162	146.99413	86.59027	134.34796	167.33895	171.61015	188.6348	149.76899	155.66907	90.16572	70.50499	93.09835	60.90032	92.7313	89.97261	80.09032	93.97372	85.23888	71.09503	59.63548	49.61523	128.41117	136.64976	79.90896	165.30783	168.45022	170.18511	113.70189	166.57688	110.02588	82.94209	106.48301	58.83301	67.39142	107.5207	76.784	89.15873	95.47364	136.67544	119.2881	130.54017	151.47631	96.36045	128.22323	169.65664	171.36995	125.37622	138.97762	153.22464	113.68823	111.56511	98.30047	133.15456	282.07786	297.59251	346.40987	313.5751	190.87894	291.50409	235.48444	126.63771	130.29281	109.16081	59.67155	75.32862	99.94214	92.39815	130.43084	139.02046	121.47059	200.62292	157.80326	238.5624	71.89127	55.15343	57.79837	51.74149	67.32439	86.95941	131.52918	109.20115	29.14211	65.76887	NA	NA	NA	NA	NA	NA	NA	NA	NA	NA	NA	NA	NA	NA	NA	NA	NA	NA	NA	NA	NA	NA	NA	NA	NA	NA	NA	NA	NA	NA	NA	NA	NA	NA	NA	NA	NA	NA	NA	NA	NA	NA	NA	NA	NA	NA	NA	NA	NA	NA	NA	NA	NA	NA	NA	NA	NA	NA	NA	NA	NA	NA	NA	NA	NA	NA	NA	NA	NA	NA	NA	NA	NA	NA	NA	NA	NA	NA	NA	NA	NA	NA	NA	NA	NA	NA	NA	NA	NA	NA	NA	NA	NA	NA	NA	NA	NA	NA	NA	NA	NA	NA	NA	NA	NA	NA	NA	NA	NA	NA	NA	NA	NA	NA	NA	NA	NA	NA	NA	NA	NA	NA	NA	NA	NA	NA	NA	NA	NA	NA	NA	NA	NA	NA	NA	NA	NA	NA	NA	NA	NA	NA	NA	NA	NA	NA	NA	NA	NA	NA	NA	NA	NA	NA	NA
GT92	NA	NA	NA	NA	NA	NA	NA	NA	NA	NA	NA	NA	NA	0.2096	NA	NA	0.1042	NA	NA	NA	NA	NA	NA	NA	NA	NA	NA	NA	2.34197	2.60184	3.32874	11.94548	1.51161	21.52416	6.08357	NA	NA	NA	NA	NA	NA	1.10363	NA	NA	NA	NA	NA	NA	NA	NA	NA	NA	NA	NA	NA	NA	0.42343	NA	NA	NA	NA	NA	NA	0.10356	NA	0.207	NA	NA	NA	NA	NA	1.90684	NA	NA	NA	NA	NA	0.2154	NA	NA	NA	NA	NA	NA	NA	NA	NA	NA	NA	0.72661	NA	NA	NA	NA	NA	NA	NA	NA	NA	NA	NA	NA	NA	NA	0.56231	NA	NA	NA	NA	NA	NA	NA	NA	NA	0.21762	0.21324	0.22416	NA	NA	NA	NA	NA	NA	NA	NA	NA	NA	NA	NA	NA	NA	NA	NA	NA	NA	NA	NA	0.16943	NA	NA	NA	NA	NA	NA	0.08047	NA	NA	0.24412	NA	NA	NA	NA	NA	NA	NA	NA	NA	NA	NA	NA	NA	NA	0.17294	NA	NA	NA	NA	NA	NA	NA	0.08805	NA	NA	NA	NA	NA	12.47151	26.11237	16.58078	27.29657	NA	0.06388	NA	0.15089	NA	NA	NA	NA	NA	NA	NA	NA	NA	NA	NA	NA	NA	NA	0.16364	NA	0.16136	NA	NA	NA	NA	NA	0.63831	NA	NA	NA	NA	0.16438	0.49145	0.16582	NA	NA	NA	0.53673	NA	NA	NA	NA	NA	NA	NA	NA	NA	NA	NA	NA	NA	NA	NA	NA	NA	NA	NA	NA	NA	NA	NA	NA	NA	NA	NA	NA	NA	NA	NA	NA	NA	NA	NA	NA	NA	NA	NA	NA	NA	NA	NA	NA	NA	NA	NA	NA	NA	NA	NA	NA	NA	NA	NA	NA	NA	NA	NA	NA	NA	NA	NA	NA	NA	NA	NA	NA	NA	NA	NA	NA	NA	NA	NA	NA	NA	NA	NA	NA	NA	NA	NA	NA	NA	NA	NA	NA	NA	NA	NA	NA	NA	NA	NA	NA	NA	NA	NA	NA	NA	NA	NA	NA	NA	NA	NA	NA	NA	NA	NA	NA	NA	NA	NA	NA	NA	NA	NA	NA	NA	NA	NA	NA	NA	NA	NA	NA	NA	NA	NA	NA	NA	NA	NA	NA	NA	NA	NA	NA	NA	NA	NA	NA	NA	NA	NA	NA	NA	NA	NA	NA	NA	NA	NA	NA	NA	NA	NA
GT97	NA	0.15373	0.80601	0.28766	0.46926	1.70177	1.03647	0.52082	0.66269	0.27555	NA	0.27988	NA	0.8003	2.83447	0.28922	1.4091	0.13971	NA	0.28344	0.74736	1.69579	1.43339	1.8937	0.58963	1.36116	1.37621	3.2207	NA	NA	0.42039	0.25918	NA	0.27042	NA	NA	NA	NA	NA	NA	NA	NA	2.38619	7.70319	8.83724	2.10938	6.85796	NA	0.62756	NA	0.27538	NA	NA	NA	1.27157	0.3937	NA	NA	NA	0.29778	0.70353	0.0734	0.28698	NA	0.56097	0.2898	0.2885	0.88068	0.27037	0.91496	1.0421	0.28101	0.50988	1.69978	NA	0.29518	0.28297	NA	0.56719	NA	0.30421	1.20153	1.76476	0.91765	0.2946	NA	0.28628	1.91362	0.38293	NA	0.61018	NA	NA	0.30349	0.16279	0.13912	0.53315	1.30885	0.30236	2.90097	0.42481	0.9007	0.69944	NA	0.14313	0.39749	NA	NA	NA	0.91726	2.7003	5.06695	0.28604	6.03754	1.11998	2.50017	2.81355	NA	NA	0.27477	NA	0.4041	0.28004	NA	0.39261	NA	0.11569	0.21361	0.09976	NA	NA	NA	0.35018	NA	NA	0.11242	4.43836	1.5466	18.94466	1.8425	NA	0.33625	NA	1.97061	NA	0.34357	0.53623	0.11004	1.0346	2.13229	2.11898	1.89748	1.40862	0.79239	0.64079	1.40496	0.22886	NA	0.3712	0.20834	NA	NA	NA	NA	10.77862	3.3144	20.47196	17.08637	0.85997	NA	0.54853	0.22335	NA	0.69974	0.35314	0.21979	0.17484	0.42681	NA	0.35031	NA	NA	NA	NA	4.4075	3.0464	1.99907	NA	1.47203	0.54317	0.64444	0.12685	0.32509	0.11371	0.41821	NA	NA	NA	NA	NA	4.45815	1.38078	1.89564	0.65866	NA	NA	NA	NA	0.23053	0.29778	0.11733	NA	0.62549	0.10552	NA	0.13442	1.42299	0.72581	NA	NA	5.27755	4.4941	NA	NA	NA	NA	NA	NA	NA	NA	NA	NA	NA	NA	NA	NA	NA	NA	NA	NA	NA	NA	NA	NA	NA	NA	NA	NA	NA	NA	NA	NA	NA	NA	NA	NA	NA	NA	NA	NA	NA	NA	NA	NA	NA	NA	NA	NA	NA	NA	NA	NA	NA	NA	NA	NA	NA	NA	NA	NA	NA	NA	NA	NA	NA	NA	NA	NA	NA	NA	NA	NA	NA	NA	NA	NA	NA	NA	NA	NA	NA	NA	NA	NA	NA	NA	NA	NA	NA	NA	NA	NA	NA	NA	NA	NA	NA	NA	NA	NA	NA	NA	NA	NA	NA	NA	NA	NA	NA	NA	NA	NA	NA	NA	NA	NA	NA	NA	NA	NA	NA	NA	NA	NA	NA	NA	NA	NA	NA	NA	NA	NA	NA	NA	NA	NA	NA	NA	NA	NA	NA	NA	NA	NA	NA	NA	NA	NA	NA	NA	NA	NA	NA	NA	NA	NA	NA
GT99	1.91801	0.30181	0.32967	0.698	NA	0.83525	0.43604	0.31953	0.91072	0.87769	0.14467	0.4808	0.13532	0.65466	NA	NA	NA	0.12545	NA	0.06363	0.06711	NA	NA	0.25736	NA	NA	NA	0.13214	0.19646	NA	0.25862	0.24667	0.4029	NA	0.82045	NA	NA	NA	NA	NA	NA	0.2462	0.08155	0.44958	0.17055	NA	NA	14.24178	2.95692	7.75105	7.23104	6.78251	9.63883	7.19299	NA	NA	1.21906	0.37884	NA	NA	NA	0.05624	NA	NA	NA	NA	0.12511	NA	1.54934	NA	NA	0.06093	NA	0.24129	0.18241	NA	NA	0.79634	0.17445	0.12946	NA	0.06369	NA	NA	NA	NA	NA	NA	NA	NA	NA	NA	NA	1.07376	NA	0.44709	NA	NA	NA	NA	NA	NA	NA	NA	NA	NA	NA	NA	NA	NA	NA	NA	NA	0.5079	0.26503	NA	0.17549	NA	NA	NA	NA	NA	NA	NA	NA	NA	0.11356	NA	2.35034	0.28867	0.64591	0.61729	0.36416	0.66583	0.21454	0.09914	NA	NA	NA	NA	0.09775	NA	NA	NA	NA	NA	NA	NA	NA	NA	NA	0.05006	0.2534	NA	NA	NA	NA	0.37773	NA	NA	NA	NA	NA	NA	NA	0.09814	NA	NA	0.09927	NA	0.17246	0.05327	NA	NA	0.11465	0.6221	0.19399	0.10152	0.10098	NA	NA	0.05357	NA	NA	0.08124	NA	NA	NA	NA	NA	NA	0.0972	NA	NA	NA	NA	NA	1.28889	23.97096	12.5796	NA	NA	0.42051	0.34968	4.74727	4.71685	43.91036	47.49197	NA	NA	NA	NA	NA	NA	0.10982	0.1545	NA	0.17898	NA	NA	0.08495	NA	NA	NA	NA	NA	NA	NA	NA	NA	NA	NA	NA	NA	NA	NA	NA	NA	NA	NA	NA	NA	NA	NA	NA	NA	NA	NA	NA	NA	NA	NA	NA	NA	NA	NA	NA	NA	NA	NA	NA	NA	NA	NA	NA	NA	NA	NA	NA	NA	NA	NA	NA	NA	NA	NA	NA	NA	NA	NA	NA	NA	NA	NA	NA	NA	NA	NA	NA	NA	NA	NA	NA	NA	NA	NA	NA	NA	NA	NA	NA	NA	NA	NA	NA	NA	NA	NA	NA	NA	NA	NA	NA	NA	NA	NA	NA	NA	NA	NA	NA	NA	NA	NA	NA	NA	NA	NA	NA	NA	NA	NA	NA	NA	NA	NA	NA	NA	NA	NA	NA	NA	NA	NA	NA	NA	NA	NA	NA	NA	NA	NA	NA	NA	NA	NA	NA	NA	NA	NA	NA	NA	NA	NA	NA	NA	NA	NA	NA	NA	NA	NA	NA	NA	NA	NA	NA
PL1	449.25508	295.04719	101.55693	305.37527	407.45766	307.64243	235.2411	219.49618	180.88864	338.9051	241.51967	293.05863	239.55236	90.24891	691.5314	800.99711	791.75288	843.89754	898.05028	381.9369	254.92591	232.38849	321.18395	352.51066	409.81677	390.75374	491.90763	229.92508	200.64664	253.12815	274.04305	345.94535	257.61006	309.65779	282.61235	263.96577	209.7332	435.70117	509.76048	340.83496	305.11653	267.77786	188.5139	224.86262	490.23091	368.33674	297.13583	406.26876	851.8991	414.08081	766.57481	521.62567	387.81581	652.64758	233.57225	336.44836	278.2191	293.55644	280.6336	353.06496	240.98006	145.89196	103.04793	211.58702	445.75413	361.13739	239.87389	155.48844	354.4293	275.10946	359.95522	165.79089	283.68284	218.68495	183.43628	110.05861	171.45374	20.48563	48.50835	103.21693	303.37317	167.55508	283.40751	422.45836	353.5631	324.11814	268.93545	245.89328	332.01349	466.55735	203.07904	396.41746	380.56912	283.53332	1416.04932	365.89778	278.78321	347.11338	637.01003	285.63633	505.0758	489.51014	329.82851	217.77359	226.15587	391.73225	337.37471	392.04341	368.97695	275.92643	831.54812	709.84388	838.44922	793.80214	1257.11651	416.69627	295.46176	379.38475	489.17679	415.05598	408.61023	946.12518	460.66139	162.34803	228.49918	345.58184	304.76946	299.419	636.68157	699.33752	433.53316	1110.59756	185.05427	173.20893	248.00924	239.17298	292.67307	387.33984	499.02237	550.80364	305.88006	120.3873	309.50049	606.98541	556.25789	708.75589	549.53425	499.80776	231.55024	206.15046	349.95589	253.21482	319.60668	220.59561	567.50773	244.99066	415.68888	244.36867	492.75026	333.66982	104.63458	216.3589	199.51535	411.69082	479.54843	600.06629	286.31572	367.73089	311.31703	228.90444	196.65675	94.67337	32.2209	101.79358	101.10275	67.32968	248.14774	275.6099	269.36731	269.7095	345.31261	231.74529	334.5675	395.56565	407.73885	344.50854	442.95713	416.46156	265.94665	137.01754	269.50355	184.74076	99.32769	129.48825	123.19262	78.37371	212.47663	1961.55036	1132.57089	403.46495	444.18027	318.75548	658.08709	532.55759	203.2043	299.02717	410.02149	491.07	270.43047	479.09174	393.88374	799.10453	141.70866	97.40434	76.9156	30.41151	271.11509	135.44248	613.89747	631.20006	221.50029	376.17123	NA	NA	NA	NA	NA	NA	NA	NA	NA	NA	NA	NA	NA	NA	NA	NA	NA	NA	NA	NA	NA	NA	NA	NA	NA	NA	NA	NA	NA	NA	NA	NA	NA	NA	NA	NA	NA	NA	NA	NA	NA	NA	NA	NA	NA	NA	NA	NA	NA	NA	NA	NA	NA	NA	NA	NA	NA	NA	NA	NA	NA	NA	NA	NA	NA	NA	NA	NA	NA	NA	NA	NA	NA	NA	NA	NA	NA	NA	NA	NA	NA	NA	NA	NA	NA	NA	NA	NA	NA	NA	NA	NA	NA	NA	NA	NA	NA	NA	NA	NA	NA	NA	NA	NA	NA	NA	NA	NA	NA	NA	NA	NA	NA	NA	NA	NA	NA	NA	NA	NA	NA	NA	NA	NA	NA	NA	NA	NA	NA	NA	NA	NA	NA	NA	NA	NA	NA	NA	NA	NA	NA	NA	NA	NA	NA	NA	NA	NA	NA	NA	NA	NA	NA	NA	NA
PL10	5.19987	10.055	7.44396	5.87036	2.85597	3.46805	7.05183	26.89411	21.51478	17.7583	16.44901	19.16643	28.26354	7.65226	30.74173	56.75278	43.67122	61.03366	90.26096	33.034	9.08213	2.48613	22.52348	5.57569	15.18435	27.96565	23.03363	5.28719	25.42664	19.76523	46.60283	45.10062	32.15757	37.07607	27.80771	42.48424	20.52373	71.35742	45.9707	51.83984	52.58526	37.41811	14.22411	9.50339	33.25485	3.25797	15.64594	75.48558	82.79117	68.72874	130.60616	82.49896	65.68189	57.69619	8.40339	16.82519	8.97741	14.88995	7.175	11.58061	11.80634	13.31413	3.44262	20.78861	32.45728	19.13984	17.17002	4.83033	13.67732	14.26803	21.0913	12.45461	29.71939	14.35215	7.01659	8.81882	18.98748	1.76547	4.01724	7.15896	11.76608	23.99211	23.01392	30.5992	13.62398	10.20951	20.72262	9.23801	31.7553	3.94601	2.1504	2.2969	0.51828	0.09146	14.17581	2.07405	28.34295	43.80045	47.14407	57.89694	32.56254	25.39895	30.03866	26.45689	53.45699	58.5947	58.41799	77.66248	51.72943	37.13853	46.30323	41.63551	14.84102	13.27209	14.40763	15.28839	11.61306	8.14715	6.70711	4.44421	2.76854	3.56686	13.36798	12.19992	26.45553	38.02151	33.96644	31.23527	5.8522	6.46039	6.87054	6.79842	20.79737	20.21142	20.07065	26.55864	24.74306	16.87075	22.19373	16.99661	10.0468	6.20139	9.69959	11.86565	54.20911	59.14006	24.25803	48.64158	13.49426	15.42321	26.46653	12.2481	19.44443	30.62797	51.94223	25.67552	6.91414	2.81831	4.3259	4.54465	11.41034	30.01916	5.46721	14.29693	69.50354	91.03231	45.4245	67.92722	13.69887	10.19223	5.90195	3.51592	4.46637	15.06316	4.01951	9.62942	36.06313	67.19818	56.75175	41.3105	72.07748	38.65943	42.56562	77.97436	44.89692	20.94843	45.68712	88.90752	30.2952	19.69391	30.38196	29.46422	9.79628	10.01314	1.49	1.87975	96.44173	10.23232	14.25343	5.48316	46.08121	23.52021	8.31428	30.28712	48.20172	38.19285	78.99633	74.0011	7.33253	11.17941	4.84456	4.18832	9.14113	9.183	2.38067	2.93401	18.26654	14.86614	102.13183	64.83064	6.53484	13.01382	NA	NA	NA	NA	NA	NA	NA	NA	NA	NA	NA	NA	NA	NA	NA	NA	NA	NA	NA	NA	NA	NA	NA	NA	NA	NA	NA	NA	NA	NA	NA	NA	NA	NA	NA	NA	NA	NA	NA	NA	NA	NA	NA	NA	NA	NA	NA	NA	NA	NA	NA	NA	NA	NA	NA	NA	NA	NA	NA	NA	NA	NA	NA	NA	NA	NA	NA	NA	NA	NA	NA	NA	NA	NA	NA	NA	NA	NA	NA	NA	NA	NA	NA	NA	NA	NA	NA	NA	NA	NA	NA	NA	NA	NA	NA	NA	NA	NA	NA	NA	NA	NA	NA	NA	NA	NA	NA	NA	NA	NA	NA	NA	NA	NA	NA	NA	NA	NA	NA	NA	NA	NA	NA	NA	NA	NA	NA	NA	NA	NA	NA	NA	NA	NA	NA	NA	NA	NA	NA	NA	NA	NA	NA	NA	NA	NA	NA	NA	NA	NA	NA	NA	NA	NA	NA
PL10_1	12.27539	17.96851	14.39522	15.88774	7.56912	9.89227	18.31625	42.82241	28.91272	48.71487	50.55983	48.91633	55.9989	15.90073	96.60536	130.32994	102.59635	134.42303	173.7502	64.75474	27.55945	6.18391	37.66729	17.13874	37.76914	54.37463	53.97947	19.67934	26.76864	16.84797	29.38381	34.63171	26.12652	32.06191	44.85023	57.17851	33.44032	99.83921	88.05301	71.47673	67.24007	29.87445	24.7423	25.87574	58.66774	25.78737	39.42502	96.36065	138.47069	89.3129	173.58929	126.30709	91.71681	117.92704	20.47622	27.34499	8.10243	20.6812	20.87067	21.65159	21.51465	27.6694	5.19336	44.2098	88.27779	58.16463	36.18461	11.52387	28.04822	30.89818	41.47212	15.5962	59.80102	17.71871	21.96381	18.25872	28.25274	1.75785	9.23232	12.76311	33.67576	33.17022	37.82742	52.10572	48.44368	27.64404	22.29264	24.47206	42.51106	30.29704	23.8559	25.5925	14.41111	9.05636	130.79571	35.47673	41.29558	46.88464	89.07451	78.9391	82.03305	89.11611	52.48539	38.47404	44.71762	77.4561	58.16753	82.35382	67.00891	49.15354	148.03778	91.00443	14.64014	83.21136	110.74917	56.99997	35.08531	15.9501	21.27541	8.92942	11.14493	12.79646	17.13263	19.44978	46.65527	45.97247	34.0323	28.57102	9.55894	13.1291	10.81405	10.63608	32.4408	27.60972	37.73834	33.67826	42.26658	42.99718	72.19654	53.37747	14.48164	6.68505	9.97335	12.22055	84.5116	96.28812	54.49783	80.25534	23.13569	21.2793	39.08544	16.94147	41.70894	26.71301	44.90708	29.17883	39.30179	26.06273	62.79247	43.64713	12.87949	31.27888	7.79632	19.65527	63.72098	81.94141	38.77398	54.27146	29.58277	17.14246	7.85563	7.94381	7.52415	17.01008	12.2342	11.16032	35.38456	41.81957	40.20772	33.40647	74.5904	41.3897	76.88349	92.86697	77.113	56.85592	86.50767	41.06974	44.05952	29.28673	51.63153	63.1872	20.8309	24.30711	2.28749	0.81063	16.34811	17.86543	23.18411	7.51064	52.36727	36.10193	55.60941	67.1198	48.88587	55.4358	90.69941	117.30279	8.12715	14.20817	5.40212	4.96308	20.9677	10.62101	6.46332	3.66688	46.64995	17.88563	89.03573	61.30193	14.04844	39.1296	NA	NA	NA	NA	NA	NA	NA	NA	NA	NA	NA	NA	NA	NA	NA	NA	NA	NA	NA	NA	NA	NA	NA	NA	NA	NA	NA	NA	NA	NA	NA	NA	NA	NA	NA	NA	NA	NA	NA	NA	NA	NA	NA	NA	NA	NA	NA	NA	NA	NA	NA	NA	NA	NA	NA	NA	NA	NA	NA	NA	NA	NA	NA	NA	NA	NA	NA	NA	NA	NA	NA	NA	NA	NA	NA	NA	NA	NA	NA	NA	NA	NA	NA	NA	NA	NA	NA	NA	NA	NA	NA	NA	NA	NA	NA	NA	NA	NA	NA	NA	NA	NA	NA	NA	NA	NA	NA	NA	NA	NA	NA	NA	NA	NA	NA	NA	NA	NA	NA	NA	NA	NA	NA	NA	NA	NA	NA	NA	NA	NA	NA	NA	NA	NA	NA	NA	NA	NA	NA	NA	NA	NA	NA	NA	NA	NA	NA	NA	NA	NA	NA	NA	NA	NA	NA
PL10_2	5.2457	8.63904	3.39943	3.70677	2.3559	1.77894	6.61589	10.57396	8.07385	9.18318	13.12936	11.80991	11.09429	4.20383	10.41242	34.2714	21.43279	30.09882	45.23945	16.04251	5.92104	3.67543	9.44399	4.21396	17.33162	20.11281	27.25436	4.62956	9.7283	7.08486	17.83954	19.54686	12.3089	13.58616	15.21975	28.81706	12.28561	45.31152	44.20068	23.83186	26.01446	14.11819	9.22188	4.92432	17.88426	3.20479	15.60317	39.29771	30.67073	27.50279	56.6023	60.21641	40.10833	46.1751	9.86938	11.14159	2.87603	6.93792	5.5648	6.2311	8.25091	7.99345	1.39854	11.84161	16.19198	11.41279	9.60366	1.68098	6.43062	6.49016	18.07658	6.53137	11.37513	8.28372	6.97578	10.61614	12.10187	0.44786	3.29553	4.63909	12.0679	15.96043	9.33236	10.68783	4.03521	5.11207	8.27031	3.55224	12.71363	NA	NA	NA	NA	NA	NA	NA	10.97497	17.19224	33.52689	23.6555	15.4415	15.84926	14.61662	13.72912	22.03906	26.79063	30.30363	34.61935	27.67909	14.7056	40.10226	18.03875	3.93181	15.31928	11.92881	16.59244	5.13386	3.7147	7.47338	1.66454	3.96515	1.23866	3.56003	6.40119	12.81627	19.12551	13.15502	11.21554	4.10987	5.65157	3.75454	4.9692	10.59969	9.91687	5.20454	9.23358	10.37976	7.14753	25.032	9.38959	4.69339	2.72231	2.62378	3.45036	26.97742	26.2381	8.48488	20.78781	6.2754	5.90038	18.17456	7.11036	6.11325	10.80076	18.09232	9.50965	NA	NA	0.15173	NA	3.24587	13.83797	2.61067	6.16585	38.31825	40.26929	28.03702	34.05135	5.22934	4.09345	1.9811	1.69852	3.47459	8.56223	3.85596	4.79126	15.78617	25.64141	22.72036	15.46594	36.06163	19.61319	39.26444	34.355	17.0083	13.92089	17.69041	NA	11.58034	7.09368	10.42689	15.0141	7.75074	8.89312	1.58033	0.73138	NA	4.01736	7.72229	3.08746	21.97089	11.36191	3.65413	11.38199	20.61304	23.71847	34.27236	53.14639	4.45754	6.87351	1.92808	0.74461	5.35276	3.77686	2.20558	0.46466	7.52403	6.15967	47.28607	28.60524	1.73014	7.92136	NA	NA	NA	NA	NA	NA	NA	NA	NA	NA	NA	NA	NA	NA	NA	NA	NA	NA	NA	NA	NA	NA	NA	NA	NA	NA	NA	NA	NA	NA	NA	NA	NA	NA	NA	NA	NA	NA	NA	NA	NA	NA	NA	NA	NA	NA	NA	NA	NA	NA	NA	NA	NA	NA	NA	NA	NA	NA	NA	NA	NA	NA	NA	NA	NA	NA	NA	NA	NA	NA	NA	NA	NA	NA	NA	NA	NA	NA	NA	NA	NA	NA	NA	NA	NA	NA	NA	NA	NA	NA	NA	NA	NA	NA	NA	NA	NA	NA	NA	NA	NA	NA	NA	NA	NA	NA	NA	NA	NA	NA	NA	NA	NA	NA	NA	NA	NA	NA	NA	NA	NA	NA	NA	NA	NA	NA	NA	NA	NA	NA	NA	NA	NA	NA	NA	NA	NA	NA	NA	NA	NA	NA	NA	NA	NA	NA	NA	NA	NA	NA	NA	NA	NA	NA	NA
PL11	38.8031	35.37634	57.75564	68.48498	55.18663	67.61512	50.06868	61.63134	51.65008	78.13936	74.60248	82.90001	93.93668	38.99739	191.93073	283.33432	204.62621	305.05531	339.83742	121.20129	57.11338	17.57958	82.48488	33.54486	80.95398	97.57687	127.27077	43.70372	75.76935	53.14832	94.05012	99.18811	68.92828	90.92825	89.37288	87.26631	60.3082	187.61923	163.26522	126.89595	118.92798	86.59423	38.57368	64.25868	100.94444	82.89766	77.76574	106.97045	133.55844	100.11905	203.8954	143.27374	107.37558	93.16925	43.53003	52.94135	21.62518	35.52754	38.44647	40.50168	49.14052	29.35647	18.52078	68.7801	79.42547	46.70819	40.03995	42.70616	50.31267	43.79529	69.56473	37.93118	66.12779	47.18835	38.58171	41.228	45.14058	5.95245	15.0045	38.17547	65.43679	63.00863	70.64935	99.9824	73.36474	65.88084	75.78017	54.1338	92.16006	112.84219	53.359	90.79547	61.90548	29.22773	209.73361	82.45072	55.39847	95.94297	122.17014	93.57919	95.01489	72.31749	83.23299	73.92921	112.07137	179.03453	126.87166	199.32908	164.2509	88.94842	117.51573	97.49971	39.35309	57.32501	117.58362	66.29075	36.96863	38.22456	41.85428	29.85521	23.61515	18.90602	38.98088	48.08275	91.08911	126.30363	83.09278	73.57208	36.28299	30.11248	31.94557	40.70184	68.95859	48.15285	55.47659	68.3214	45.31481	56.87606	139.32221	66.54414	31.60338	23.50786	26.50511	31.36915	201.52103	213.61648	122.54921	166.03162	59.02514	45.70712	94.88127	43.24151	68.5324	72.29809	128.55755	78.26399	113.81832	82.86973	65.59043	45.75589	39.35653	76.47757	22.67007	38.89019	164.23201	187.25372	100.79146	155.07704	42.12369	36.81692	19.82311	22.33604	16.55328	46.28175	29.94208	27.83082	98.11885	149.27283	129.01801	112.52025	128.52117	85.64173	115.30912	126.46512	111.93258	87.68111	127.65537	115.85349	69.06506	41.63973	54.29185	63.08478	29.09112	30.90237	6.52777	2.90908	26.19616	38.9039	42.727	19.30811	98.95157	64.02678	104.3928	95.26113	54.47341	67.17664	110.45128	117.88569	24.3905	44.59302	22.92581	42.86757	38.54674	31.9356	22.18275	12.14115	51.33687	41.30082	201.14635	170.23429	68.29662	82.69013	NA	NA	NA	NA	NA	NA	NA	NA	NA	NA	NA	NA	NA	NA	NA	NA	NA	NA	NA	NA	NA	NA	NA	NA	NA	NA	NA	NA	NA	NA	NA	NA	NA	NA	NA	NA	NA	NA	NA	NA	NA	NA	NA	NA	NA	NA	NA	NA	NA	NA	NA	NA	NA	NA	NA	NA	NA	NA	NA	NA	NA	NA	NA	NA	NA	NA	NA	NA	NA	NA	NA	NA	NA	NA	NA	NA	NA	NA	NA	NA	NA	NA	NA	NA	NA	NA	NA	NA	NA	NA	NA	NA	NA	NA	NA	NA	NA	NA	NA	NA	NA	NA	NA	NA	NA	NA	NA	NA	NA	NA	NA	NA	NA	NA	NA	NA	NA	NA	NA	NA	NA	NA	NA	NA	NA	NA	NA	NA	NA	NA	NA	NA	NA	NA	NA	NA	NA	NA	NA	NA	NA	NA	NA	NA	NA	NA	NA	NA	NA	NA	NA	NA	NA	NA	NA
PL11_1	28.76031	32.55449	44.57215	54.6825	60.24897	91.92792	28.27664	33.072	32.41959	48.74027	40.67873	47.5049	55.29575	32.21471	103.55034	138.72926	106.18882	141.50064	171.10437	58.6915	30.15483	22.31906	43.49474	25.72201	81.61403	98.41974	139.63405	35.74431	33.94695	32.13898	46.98042	48.84932	28.39852	43.1148	48.37944	69.15003	47.58857	135.59985	159.1634	129.66866	127.3121	31.60406	25.27899	39.53942	68.44039	71.23591	50.4841	72.98366	78.57254	75.56218	143.00679	135.306	107.8807	78.62127	31.42987	28.37365	16.64608	20.70623	32.89092	32.11952	36.00212	21.49977	20.07964	36.61278	75.11095	45.52775	35.29208	33.54566	27.10423	28.07698	52.60106	25.27602	33.72379	32.69016	27.81679	19.25268	23.87112	3.14068	8.42541	19.04426	29.47331	33.93578	37.2362	46.86082	49.82539	44.09843	87.39628	39.39798	47.56056	76.56579	37.65569	74.55654	70.40663	55.36782	95.3518	61.54277	40.92868	60.29359	104.57461	57.46004	100.30587	74.79804	57.59986	36.37092	41.47974	74.06088	51.81336	77.14956	71.63729	44.93415	111.40143	57.3268	23.93474	41.85114	88.50845	58.91664	22.49852	25.52972	26.0064	32.64045	25.43101	26.23038	25.81267	23.19849	40.03077	53.92496	39.7918	34.46449	24.41486	21.49814	31.14306	30.47402	34.62341	35.634	36.95532	30.42954	31.86537	33.41166	58.4421	31.16369	19.47481	18.11669	17.31183	19.84922	95.38035	105.27729	68.76186	84.28995	28.27717	27.47395	55.72654	39.8242	27.99458	37.75988	58.6243	35.05403	58.30475	49.23542	43.80387	31.42737	23.89048	44.23448	21.01413	19.24577	83.0175	85.36246	63.6927	73.2919	21.91673	19.90531	19.70134	17.77475	7.93469	20.65496	16.8135	10.97227	41.112	56.68085	51.28316	52.32451	73.57491	59.96633	68.95995	75.76383	62.72581	46.80868	69.17111	13.45709	46.29319	19.54425	33.03726	37.09517	15.29389	14.48614	1.35448	0.65858	44.60671	101.52295	70.69521	24.0143	55.89444	43.90762	54.90869	47.56136	40.92325	55.53968	68.25336	97.32446	21.0766	49.12269	26.0747	53.05713	21.00437	12.92099	13.36957	6.31521	37.36042	18.70315	110.55573	124.57038	79.90066	78.98624	NA	NA	NA	NA	NA	NA	NA	NA	NA	NA	NA	NA	NA	NA	NA	NA	NA	NA	NA	NA	NA	NA	NA	NA	NA	NA	NA	NA	NA	NA	NA	NA	NA	NA	NA	NA	NA	NA	NA	NA	NA	NA	NA	NA	NA	NA	NA	NA	NA	NA	NA	NA	NA	NA	NA	NA	NA	NA	NA	NA	NA	NA	NA	NA	NA	NA	NA	NA	NA	NA	NA	NA	NA	NA	NA	NA	NA	NA	NA	NA	NA	NA	NA	NA	NA	NA	NA	NA	NA	NA	NA	NA	NA	NA	NA	NA	NA	NA	NA	NA	NA	NA	NA	NA	NA	NA	NA	NA	NA	NA	NA	NA	NA	NA	NA	NA	NA	NA	NA	NA	NA	NA	NA	NA	NA	NA	NA	NA	NA	NA	NA	NA	NA	NA	NA	NA	NA	NA	NA	NA	NA	NA	NA	NA	NA	NA	NA	NA	NA	NA	NA	NA	NA	NA	NA
PL12	2.39849	6.33116	5.48707	4.16921	3.72206	6.19414	4.8956	1.14047	4.05543	2.35243	3.32104	5.34593	5.82567	2.98995	0.37243	NA	NA	NA	0.29639	0.31375	0.33091	5.24304	8.42945	3.99596	2.40717	4.16963	4.9649	5.3689	1.24099	4.12293	2.45889	3.33694	3.44845	1.85675	3.12361	1.57011	3.19912	1.50788	2.46918	8.57473	9.24594	8.07363	3.9695	4.56352	6.36023	5.33297	5.78736	0.5433	NA	1.66801	1.09566	0.53904	1.66131	0.37378	2.61278	0.16657	0.71472	0.49741	1.60372	2.32359	1.7561	1.37081	1.52749	0.69923	3.42309	1.60756	2.42995	2.05863	1.33639	2.7465	1.21596	0.48086	2.18393	0.34197	2.51154	1.32721	0.52363	0.89626	2.40613	2.45749	0.22938	0.63606	1.58978	1.70926	5.13277	4.17789	4.15845	6.04433	1.90856	4.55371	5.78522	6.47862	6.40336	7.4289	1.13521	2.45025	6.81465	14.60331	6.924	9.49437	11.57267	2.30978	7.91267	4.33361	4.3534	10.72683	4.64927	13.84659	9.71001	4.95209	0.35408	NA	2.86828	1.29358	1.22873	0.65911	0.75145	2.31752	1.30641	1.30527	2.45327	1.61578	3.25833	3.80646	3.93456	8.92797	4.04619	2.98395	2.37176	0.62184	4.24641	3.04406	2.54026	4.65519	1.8743	1.77908	1.20332	12.68948	0.92599	14.1167	2.05699	5.42296	1.17602	1.88407	0.24091	NA	NA	NA	5.53287	5.13137	3.80685	2.97705	0.67151	0.8928	1.94249	0.85588	2.8609	2.96035	1.35588	2.7921	3.38438	3.32342	1.33341	2.80014	NA	0.40196	NA	1.1385	1.76209	1.31455	2.16209	2.19675	0.1475	1.42671	1.07971	0.97136	0.92529	1.48568	1.68945	1.67683	0.64592	2.53722	0.14366	0.38205	15.15488	22.12149	17.30359	58.61311	19.11961	24.99301	43.19405	21.26214	4.83517	1.26839	0.90711	0.39429	NA	NA	0.40853	NA	3.11534	2.25223	3.08783	1.75181	0.25915	0.53665	NA	0.38718	NA	0.14894	0.98034	0.41038	3.14987	2.23294	1.05565	2.89886	11.36985	15.1212	10.59197	20.04907	3.26325	5.34462	NA	NA	NA	NA	NA	NA	NA	NA	NA	NA	NA	NA	NA	NA	NA	NA	NA	NA	NA	NA	NA	NA	NA	NA	NA	NA	NA	NA	NA	NA	NA	NA	NA	NA	NA	NA	NA	NA	NA	NA	NA	NA	NA	NA	NA	NA	NA	NA	NA	NA	NA	NA	NA	NA	NA	NA	NA	NA	NA	NA	NA	NA	NA	NA	NA	NA	NA	NA	NA	NA	NA	NA	NA	NA	NA	NA	NA	NA	NA	NA	NA	NA	NA	NA	NA	NA	NA	NA	NA	NA	NA	NA	NA	NA	NA	NA	NA	NA	NA	NA	NA	NA	NA	NA	NA	NA	NA	NA	NA	NA	NA	NA	NA	NA	NA	NA	NA	NA	NA	NA	NA	NA	NA	NA	NA	NA	NA	NA	NA	NA	NA	NA	NA	NA	NA	NA	NA	NA	NA	NA	NA	NA	NA	NA	NA	NA	NA	NA	NA	NA	NA	NA	NA	NA	NA
PL12_1	0.58003	NA	0.9755	0.60215	NA	0.22099	NA	2.65696	2.22877	1.02299	1.58063	0.8723	1.71853	1.24713	25.83919	16.1088	19.2157	23.58219	29.84077	33.85438	33.8685	15.55463	12.77262	3.75749	3.05787	3.90519	6.12823	7.66173	5.40982	5.40011	5.87063	4.3678	4.73896	4.78266	3.02625	3.62305	1.31588	1.40312	2.7553	2.36757	2.8432	4.66056	5.50885	5.92492	4.9843	5.38079	3.31772	29.11631	8.19828	18.43326	10.86758	4.29607	9.13386	7.89144	10.34637	8.99178	11.97852	7.68092	3.90284	10.4966	16.21415	3.39062	0.36138	2.06162	NA	0.60757	3.93472	2.4384	27.13202	18.46496	13.14415	17.90452	14.24892	11.49957	15.63287	4.09061	0.94268	1.1565	0.81461	0.96517	2.75945	11.57682	1.93125	0.83552	1.02477	0.37234	0.37601	1.4183	1.4875	2.06295	4.19498	2.00823	4.29545	0.59793	6.83092	7.79965	1.30764	1.81677	1.45073	0.8988	0.77313	0.82086	0.77231	2.98809	6.83434	3.13893	1.16923	2.44255	1.16792	2.35968	8.08453	7.32239	2.64829	1.58431	0.96919	6.00564	2.43951	4.81892	4.96008	3.80462	3.26975	1.49268	0.82128	6.85449	3.67855	3.13629	2.2352	2.05925	NA	NA	0.3195	0.61487	0.96324	1.44338	0.68116	1.22616	7.92352	4.70231	1.56423	2.85923	6.73293	9.02545	6.51746	5.40666	32.40187	15.75065	15.21449	16.74357	8.90663	4.79764	3.32573	2.87421	7.17174	1.30279	1.08582	1.74303	16.87126	4.5147	2.96344	3.93002	4.29554	0.58373	1.0854	3.13017	4.35714	6.05189	3.94674	2.82285	23.00222	21.0745	40.42701	15.36439	1.87926	3.56052	1.4712	5.73413	7.3984	3.55348	3.15481	2.38416	3.54244	1.02632	0.75251	14.03685	2.98012	3.01775	2.5671	NA	34.0531	27.856	27.81421	33.55568	35.2402	9.3842	9.11732	0.13928	NA	2.51721	8.08302	10.96944	1.13787	0.92236	1.45779	2.36757	13.90734	15.11972	81.26593	95.57501	10.16575	3.50715	2.08044	4.63036	2.97413	3.45874	1.36732	2.30488	1.42114	4.28283	0.78633	NA	4.96804	7.12251	NA	NA	NA	NA	NA	NA	NA	NA	NA	NA	NA	NA	NA	NA	NA	NA	NA	NA	NA	NA	NA	NA	NA	NA	NA	NA	NA	NA	NA	NA	NA	NA	NA	NA	NA	NA	NA	NA	NA	NA	NA	NA	NA	NA	NA	NA	NA	NA	NA	NA	NA	NA	NA	NA	NA	NA	NA	NA	NA	NA	NA	NA	NA	NA	NA	NA	NA	NA	NA	NA	NA	NA	NA	NA	NA	NA	NA	NA	NA	NA	NA	NA	NA	NA	NA	NA	NA	NA	NA	NA	NA	NA	NA	NA	NA	NA	NA	NA	NA	NA	NA	NA	NA	NA	NA	NA	NA	NA	NA	NA	NA	NA	NA	NA	NA	NA	NA	NA	NA	NA	NA	NA	NA	NA	NA	NA	NA	NA	NA	NA	NA	NA	NA	NA	NA	NA	NA	NA	NA	NA	NA	NA	NA	NA	NA	NA	NA	NA	NA	NA	NA	NA	NA	NA	NA
PL12_2	5.31267	5.40157	6.09092	5.9437	0.45011	1.43166	13.93088	24.3802	13.6087	22.70354	27.19192	22.12012	21.48787	11.12486	176.37013	153.63246	122.07458	162.31301	141.62776	55.88691	29.38903	11.079	58.61608	25.63727	26.8157	22.26625	29.20677	24.86291	18.14202	12.7734	18.91123	19.61429	15.12023	21.22821	19.8689	16.192	6.80758	16.00262	27.13476	14.93271	12.67693	18.65229	30.24284	43.56104	62.48841	79.99378	63.5879	35.38746	145.1001	35.34889	127.57484	35.64236	24.60854	104.39095	22.10864	16.35656	4.54889	7.26998	12.84395	9.02099	17.06693	8.51314	1.44309	7.28017	11.71292	13.84778	7.36608	4.39895	75.64243	52.46478	55.61682	13.64006	34.71253	30.75807	27.33897	10.24989	26.3922	0.78625	20.21023	20.42403	29.3678	28.80263	28.18271	46.46585	36.14465	23.1844	12.8512	20.07719	41.25092	45.6023	20.26345	25.99811	17.7945	8.30244	89.32516	35.59706	75.82659	67.59413	137.95868	130.1741	149.65987	171.75588	103.15348	28.58851	26.18882	39.99776	36.31562	36.76071	34.14087	35.96216	153.73079	141.30613	8.16927	151.37186	278.02842	87.01351	61.57098	3.56089	4.6113	1.74393	1.21396	2.49613	12.9134	8.8092	50.43992	54.68059	30.2535	34.2682	3.93824	4.10661	4.3011	2.72645	27.35274	21.34392	14.14755	18.68791	47.29129	67.06616	67.84241	103.61821	4.65421	1.98687	2.62285	5.16962	96.62768	122.94787	102.02609	70.68219	44.62506	26.54855	40.12813	18.38595	43.5814	41.06843	43.55893	37.19235	42.38268	27.51754	30.97956	15.78294	18.97022	23.9355	10.27297	16.01875	53.52525	60.34387	20.03207	22.7601	65.12503	34.34221	12.74327	9.55126	24.90262	14.35695	24.10573	12.27689	14.12728	21.23187	19.05148	23.89571	8.54857	11.45701	4.23438	10.07008	93.12211	96.68537	145.73188	NA	42.18226	47.81467	87.712	50.97145	6.08302	2.12881	NA	0.28316	NA	2.72202	5.961	5.13047	64.37985	56.93762	174.09872	97.09828	15.96308	27.00584	33.90011	37.99572	12.82867	11.28227	8.96259	3.42729	9.62895	8.07762	5.98314	1.97469	114.38767	29.63285	96.07126	59.72941	43.04671	78.08997	NA	NA	NA	NA	NA	NA	NA	NA	NA	NA	NA	NA	NA	NA	NA	NA	NA	NA	NA	NA	NA	NA	NA	NA	NA	NA	NA	NA	NA	NA	NA	NA	NA	NA	NA	NA	NA	NA	NA	NA	NA	NA	NA	NA	NA	NA	NA	NA	NA	NA	NA	NA	NA	NA	NA	NA	NA	NA	NA	NA	NA	NA	NA	NA	NA	NA	NA	NA	NA	NA	NA	NA	NA	NA	NA	NA	NA	NA	NA	NA	NA	NA	NA	NA	NA	NA	NA	NA	NA	NA	NA	NA	NA	NA	NA	NA	NA	NA	NA	NA	NA	NA	NA	NA	NA	NA	NA	NA	NA	NA	NA	NA	NA	NA	NA	NA	NA	NA	NA	NA	NA	NA	NA	NA	NA	NA	NA	NA	NA	NA	NA	NA	NA	NA	NA	NA	NA	NA	NA	NA	NA	NA	NA	NA	NA	NA	NA	NA	NA	NA	NA	NA	NA	NA	NA
PL12_3	NA	0.39927	NA	NA	NA	0.36832	NA	NA	NA	NA	NA	NA	NA	0.3668	0.38612	0.37429	1.09412	0.54239	0.52495	0.7391	NA	NA	0.37606	0.58203	0.42608	0.2001	NA	NA	10.33078	11.06111	20.81918	21.45145	13.57783	20.80291	16.60702	NA	NA	NA	NA	NA	NA	13.98064	4.40168	9.70564	9.76919	6.08827	8.5721	2.64726	3.45156	4.6903	5.30104	5.02968	3.25567	3.48766	2.10038	1.23289	0.93036	2.60679	0.18543	1.68326	1.28931	0.31844	0.35938	1.26864	2.80484	1.26786	1.44248	0.3655	NA	NA	NA	NA	0.36257	0.36223	0.36482	1.52799	0.36619	NA	0.77989	1.28274	0.83658	0.18357	0.74945	0.18294	1.2713	0.75015	0.38758	NA	0.35102	1.10093	0.21119	NA	NA	0.19638	NA	1.26024	NA	0.20775	NA	NA	NA	NA	NA	12.90524	19.68075	23.13712	22.63154	27.11947	26.08786	12.97419	NA	0.37919	0.76476	0.93994	0.39238	0.95546	0.4043	0.57938	0.38441	NA	NA	0.37317	2.02345	0.3492	9.17729	16.46757	11.295	7.04909	0.12955	0.45827	NA	NA	NA	NA	NA	NA	1.28755	0.30549	NA	0.15088	0.28175	0.69365	0.15058	0.14007	0.98576	1.63468	0.42922	NA	NA	0.44176	NA	NA	0.28694	0.15427	0.2877	0.30261	0.84811	NA	NA	NA	0.41111	0.29061	0.30414	0.14921	NA	NA	NA	NA	NA	0.29109	NA	NA	NA	1.50014	1.29485	0.14222	15.98713	20.24816	16.40037	15.6508	NA	NA	NA	NA	NA	NA	NA	NA	NA	0.29779	NA	NA	NA	NA	NA	NA	NA	NA	NA	NA	4.66965	4.89692	5.24949	1.80898	0.94036	4.59438	2.79259	2.95065	2.46699	0.93495	1.03207	NA	0.57336	0.58038	NA	0.58424	0.27909	0.32754	NA	NA	5.91317	3.47357	NA	NA	NA	NA	NA	NA	NA	NA	NA	NA	NA	NA	NA	NA	NA	NA	NA	NA	NA	NA	NA	NA	NA	NA	NA	NA	NA	NA	NA	NA	NA	NA	NA	NA	NA	NA	NA	NA	NA	NA	NA	NA	NA	NA	NA	NA	NA	NA	NA	NA	NA	NA	NA	NA	NA	NA	NA	NA	NA	NA	NA	NA	NA	NA	NA	NA	NA	NA	NA	NA	NA	NA	NA	NA	NA	NA	NA	NA	NA	NA	NA	NA	NA	NA	NA	NA	NA	NA	NA	NA	NA	NA	NA	NA	NA	NA	NA	NA	NA	NA	NA	NA	NA	NA	NA	NA	NA	NA	NA	NA	NA	NA	NA	NA	NA	NA	NA	NA	NA	NA	NA	NA	NA	NA	NA	NA	NA	NA	NA	NA	NA	NA	NA	NA	NA	NA	NA	NA	NA	NA	NA	NA	NA	NA	NA	NA	NA	NA	NA	NA	NA	NA	NA	NA	NA
PL13	4.32868	5.50897	6.10649	6.11564	1.54905	1.68629	9.11162	24.35073	19.53514	18.05706	29.80927	18.05182	17.75151	9.59821	146.41443	119.83866	71.02735	109.04282	98.47968	39.45103	18.53649	14.27495	40.34163	27.27106	21.64935	12.62552	20.507	18.67965	9.07122	5.76057	8.59255	10.35939	8.84418	9.35568	11.55005	5.73266	3.99484	5.35571	11.15431	8.68009	7.82489	8.48794	10.56811	17.41389	21.99036	20.27395	16.14829	9.22913	39.15391	15.20186	34.69373	13.77867	9.44049	30.56115	5.15145	7.00492	1.85786	5.80919	7.37854	5.11262	6.8583	2.28442	0.5967	2.69005	2.80908	2.78419	1.84839	2.10439	18.7584	17.25283	17.12834	4.68921	11.68748	9.95828	10.35142	11.01092	21.62476	1.44527	13.02735	10.00024	22.86951	28.80795	20.18881	31.17368	26.1055	23.103	11.43241	19.02408	26.32906	31.50562	16.62327	21.40019	9.69005	6.69218	84.74881	21.19106	60.08024	53.42312	84.87217	95.15433	105.07432	101.83436	64.08673	22.86836	22.30909	31.4569	19.29539	28.34724	20.1861	23.95414	61.49083	53.06097	3.12799	61.16276	79.03621	34.31964	18.2182	3.10161	2.51062	1.94177	1.99611	1.20156	9.0203	3.35999	36.64	45.95621	22.61557	21.0538	3.09332	4.0332	4.17126	2.46966	31.08183	21.77509	12.34109	19.11215	18.49902	19.04729	19.47517	31.54669	4.09223	2.30626	4.55794	3.82519	72.5625	109.63019	81.41376	51.72325	37.2689	22.11491	29.90528	15.7396	35.57965	38.11243	32.51826	33.76203	29.88662	22.17726	26.71343	17.15938	9.22108	12.92614	3.86848	10.01905	19.58356	22.87605	5.0606	8.1046	19.7922	9.56417	4.29325	1.94945	22.89125	9.49106	20.66791	8.65124	10.04636	9.53056	10.87464	10.9865	4.56217	4.85057	2.12137	4.96943	56.48061	69.01755	86.75598	74.90275	44.91521	42.74534	93.68643	42.82639	1.38751	0.55238	0.1235	NA	NA	2.55459	3.41433	2.65671	25.55145	15.78516	49.40139	29.09457	5.75784	9.32931	10.86447	16.40116	4.60335	5.12798	3.55742	1.24839	2.8095	2.93598	2.61734	0.58008	66.38286	21.63848	61.47214	32.41034	9.97874	17.47442	NA	NA	NA	NA	NA	NA	NA	NA	NA	NA	NA	NA	NA	NA	NA	NA	NA	NA	NA	NA	NA	NA	NA	NA	NA	NA	NA	NA	NA	NA	NA	NA	NA	NA	NA	NA	NA	NA	NA	NA	NA	NA	NA	NA	NA	NA	NA	NA	NA	NA	NA	NA	NA	NA	NA	NA	NA	NA	NA	NA	NA	NA	NA	NA	NA	NA	NA	NA	NA	NA	NA	NA	NA	NA	NA	NA	NA	NA	NA	NA	NA	NA	NA	NA	NA	NA	NA	NA	NA	NA	NA	NA	NA	NA	NA	NA	NA	NA	NA	NA	NA	NA	NA	NA	NA	NA	NA	NA	NA	NA	NA	NA	NA	NA	NA	NA	NA	NA	NA	NA	NA	NA	NA	NA	NA	NA	NA	NA	NA	NA	NA	NA	NA	NA	NA	NA	NA	NA	NA	NA	NA	NA	NA	NA	NA	NA	NA	NA	NA	NA	NA	NA	NA	NA	NA
PL14	NA	NA	NA	NA	NA	NA	NA	NA	NA	NA	NA	NA	NA	NA	NA	NA	NA	NA	NA	NA	NA	NA	NA	NA	NA	NA	NA	NA	NA	NA	NA	NA	NA	NA	NA	NA	NA	NA	NA	NA	NA	NA	NA	NA	NA	NA	NA	NA	NA	NA	NA	NA	NA	NA	NA	NA	NA	NA	NA	NA	NA	NA	NA	NA	NA	NA	NA	NA	NA	NA	NA	NA	NA	NA	NA	NA	NA	NA	NA	NA	NA	NA	NA	NA	NA	NA	NA	NA	NA	NA	NA	NA	NA	NA	NA	NA	NA	NA	NA	NA	NA	NA	NA	NA	NA	NA	NA	NA	NA	NA	NA	NA	NA	NA	NA	NA	NA	NA	NA	NA	NA	NA	NA	NA	NA	NA	NA	NA	NA	NA	NA	NA	NA	NA	NA	NA	NA	NA	NA	NA	NA	NA	NA	NA	NA	NA	NA	NA	NA	NA	NA	NA	NA	NA	NA	NA	NA	NA	NA	NA	NA	NA	NA	NA	NA	NA	NA	NA	NA	NA	NA	NA	NA	NA	NA	NA	NA	NA	0.19834	NA	NA	NA	NA	NA	NA	NA	NA	NA	NA	NA	NA	NA	NA	NA	NA	NA	NA	NA	NA	NA	NA	NA	NA	NA	NA	NA	NA	NA	NA	NA	NA	NA	NA	NA	NA	NA	NA	NA	NA	NA	NA	NA	NA	NA	NA	NA	NA	NA	NA	NA	NA	NA	NA	NA	NA	NA	NA	NA	NA	NA	NA	NA	NA	NA	NA	NA	NA	NA	NA	NA	NA	NA	NA	NA	NA	NA	NA	NA	NA	NA	NA	NA	NA	NA	NA	NA	NA	NA	NA	NA	NA	NA	NA	NA	NA	NA	NA	NA	NA	NA	NA	NA	NA	NA	NA	NA	NA	NA	NA	NA	NA	NA	NA	NA	NA	NA	NA	NA	NA	NA	NA	NA	NA	NA	NA	NA	NA	NA	NA	NA	NA	NA	NA	NA	NA	NA	NA	NA	NA	NA	NA	NA	NA	NA	NA	NA	NA	NA	NA	NA	NA	NA	NA	NA	NA	NA	NA	NA	NA	NA	NA	NA	NA	NA	NA	NA	NA	NA	NA	NA	NA	NA	NA	NA	NA	NA	NA	NA	NA	NA	NA	NA	NA	NA	NA	NA	NA	NA	NA	NA	NA	NA	NA	NA	NA	NA	NA
PL15	0.68681	0.79038	0.67586	1.41557	NA	1.13607	NA	1.28148	0.63069	3.90307	0.54636	1.38191	2.718	1.31715	28.52938	28.35359	32.6021	30.93768	33.33093	11.49515	7.97428	2.15315	10.84562	2.65488	1.27544	1.7114	3.901	4.01381	4.45963	3.37391	5.3557	8.4715	4.63039	5.92094	6.27376	NA	NA	NA	NA	NA	NA	5.87843	3.40245	3.62294	11.6144	4.26181	10.95878	3.21453	5.62794	5.81349	5.9288	6.34611	1.71351	7.97471	6.18396	5.06463	0.91778	3.04068	3.68656	3.86991	3.30135	1.29924	0.32524	0.32864	0.31788	0.65687	0.49044	1.98833	4.40315	4.60856	4.85042	2.51458	5.82028	5.14124	4.82548	3.2734	6.2187	0.86278	2.28644	6.18332	11.0484	7.40408	3.45414	5.32652	5.44375	3.411	2.00348	3.23671	4.27508	32.71194	18.76366	18.68382	13.49723	5.0699	36.92028	21.66021	66.39838	68.78283	137.02072	163.47665	188.12752	197.97422	96.6297	1.57456	4.46399	16.21147	5.71133	10.45788	6.81511	4.79024	0.23715	NA	1.05571	NA	NA	0.40601	0.85021	0.91662	0.51591	1.23061	2.88869	0.49715	2.61222	1.28864	8.50099	7.22198	7.82935	6.67392	0.24547	1.44716	0.42345	NA	1.24054	1.02706	0.27067	1.51086	0.25224	0.2653	2.31023	0.85441	0.77697	2.23923	0.94312	1.53568	19.42754	26.41192	26.384	13.97312	6.82118	4.53173	4.85041	2.67427	2.32261	3.05731	1.67492	0.93155	21.2895	19.3784	14.32995	8.11168	10.91408	16.87144	5.44456	11.86227	20.63782	28.38861	6.30498	9.03809	6.04336	5.68729	2.21852	3.18898	1.67206	2.18049	6.89347	3.08915	4.80112	5.67217	6.28563	6.5981	NA	NA	0.12902	NA	84.55506	61.06477	98.95165	78.08654	42.70068	56.31528	163.78327	45.51666	0.9998	0.51825	NA	NA	NA	1.21285	0.64952	0.81034	19.85338	8.68402	9.8004	4.90403	1.80294	3.60917	3.12329	3.86156	4.00474	1.57467	3.75977	0.80611	1.42274	0.13155	1.39471	0.92528	114.49278	32.46712	76.57246	47.09884	4.43444	5.03613	NA	NA	NA	NA	NA	NA	NA	NA	NA	NA	NA	NA	NA	NA	NA	NA	NA	NA	NA	NA	NA	NA	NA	NA	NA	NA	NA	NA	NA	NA	NA	NA	NA	NA	NA	NA	NA	NA	NA	NA	NA	NA	NA	NA	NA	NA	NA	NA	NA	NA	NA	NA	NA	NA	NA	NA	NA	NA	NA	NA	NA	NA	NA	NA	NA	NA	NA	NA	NA	NA	NA	NA	NA	NA	NA	NA	NA	NA	NA	NA	NA	NA	NA	NA	NA	NA	NA	NA	NA	NA	NA	NA	NA	NA	NA	NA	NA	NA	NA	NA	NA	NA	NA	NA	NA	NA	NA	NA	NA	NA	NA	NA	NA	NA	NA	NA	NA	NA	NA	NA	NA	NA	NA	NA	NA	NA	NA	NA	NA	NA	NA	NA	NA	NA	NA	NA	NA	NA	NA	NA	NA	NA	NA	NA	NA	NA	NA	NA	NA	NA	NA	NA	NA	NA	NA
PL15_1	NA	NA	NA	NA	NA	NA	NA	NA	NA	NA	NA	NA	NA	NA	NA	NA	NA	NA	NA	NA	NA	NA	NA	NA	NA	NA	NA	NA	NA	NA	NA	NA	NA	NA	NA	NA	NA	NA	NA	NA	NA	NA	NA	NA	NA	NA	NA	NA	NA	NA	NA	NA	NA	NA	NA	0.35287	NA	NA	NA	NA	NA	NA	NA	NA	NA	NA	NA	NA	NA	NA	NA	NA	NA	NA	NA	NA	NA	NA	NA	NA	NA	NA	NA	NA	NA	NA	NA	NA	NA	NA	NA	NA	NA	NA	NA	NA	NA	NA	NA	NA	NA	NA	NA	NA	NA	NA	NA	NA	NA	NA	NA	NA	NA	NA	NA	NA	NA	NA	NA	NA	NA	NA	NA	NA	NA	NA	NA	NA	NA	NA	NA	NA	NA	NA	NA	NA	NA	NA	NA	NA	NA	NA	NA	NA	NA	NA	NA	NA	NA	NA	NA	NA	NA	NA	NA	NA	NA	NA	NA	NA	NA	NA	NA	NA	NA	NA	NA	NA	NA	NA	NA	NA	NA	NA	NA	NA	NA	NA	NA	NA	NA	NA	NA	NA	NA	NA	NA	NA	NA	NA	NA	NA	NA	NA	NA	NA	NA	NA	NA	NA	NA	NA	NA	NA	NA	NA	NA	1.08091	NA	NA	NA	NA	NA	NA	NA	NA	NA	NA	NA	NA	NA	NA	NA	NA	NA	NA	NA	NA	NA	NA	NA	NA	NA	NA	NA	NA	NA	NA	NA	NA	NA	NA	NA	NA	NA	NA	NA	NA	NA	NA	NA	NA	NA	NA	NA	NA	NA	NA	NA	NA	NA	NA	NA	NA	NA	NA	NA	NA	NA	NA	NA	NA	NA	NA	NA	NA	NA	NA	NA	NA	NA	NA	NA	NA	NA	NA	NA	NA	NA	NA	NA	NA	NA	NA	NA	NA	NA	NA	NA	NA	NA	NA	NA	NA	NA	NA	NA	NA	NA	NA	NA	NA	NA	NA	NA	NA	NA	NA	NA	NA	NA	NA	NA	NA	NA	NA	NA	NA	NA	NA	NA	NA	NA	NA	NA	NA	NA	NA	NA	NA	NA	NA	NA	NA	NA	NA	NA	NA	NA	NA	NA	NA	NA	NA	NA	NA	NA	NA	NA	NA	NA	NA	NA	NA	NA	NA	NA	NA	NA	NA	NA	NA	NA	NA	NA	NA	NA
PL15_2	7.87739	5.35268	9.716	7.36999	0.76974	3.01865	9.66508	16.27734	18.44807	20.23987	20.98664	15.07414	15.48255	13.0118	178.14188	137.94425	102.33882	131.80051	132.01883	50.21023	21.8948	13.00254	49.71567	25.38184	20.88725	16.10572	20.65466	24.58841	10.87894	9.96888	11.42962	16.1894	11.80302	16.04699	19.92147	6.17936	1.31894	6.07766	10.79801	9.45111	7.47962	9.9785	17.15154	20.30257	37.50111	22.9694	23.55428	15.45497	41.55274	19.13214	38.69967	21.92575	7.31934	32.61964	3.28291	7.81056	1.11836	1.71091	4.62827	2.66431	7.96363	2.27936	0.32096	3.08098	6.90138	2.43086	1.93596	1.30811	22.95055	16.80143	16.72114	4.86989	14.89621	9.01972	9.81192	13.08305	23.0624	2.68455	17.02612	15.07613	23.50793	25.36223	21.72752	30.95501	20.60535	15.40627	14.92737	11.90674	28.59005	56.00499	24.37134	36.41913	18.7033	9.57037	96.34188	33.45586	61.50106	61.87133	111.72536	111.47735	116.87521	127.6171	88.08711	23.7879	20.423	30.03908	22.09922	29.33167	28.76351	26.83337	51.31573	49.47407	3.77733	53.05825	75.56352	28.40572	17.40919	3.88262	7.22896	3.3947	1.58403	0.66287	8.04215	4.70929	40.40086	42.04749	27.63278	28.19002	2.20093	5.25346	2.08815	1.96208	26.07211	17.71315	12.99519	19.46989	18.40949	19.2969	27.19932	32.19897	5.79411	4.92686	2.35859	5.40427	79.27603	121.21029	111.19829	71.16939	37.21697	27.0421	32.06586	17.52628	32.47466	34.07848	25.65548	30.53578	51.483	36.01484	30.8628	20.36032	9.55731	18.59202	3.2875	10.38778	31.39228	42.83641	9.28063	13.89695	21.77068	9.47657	3.73168	2.9984	24.36323	8.96764	23.40064	11.59694	12.2952	10.62926	12.88098	23.49894	4.32642	3.94672	1.99894	3.9038	66.27	73.85312	114.07214	81.75258	47.62514	51.87153	110.01758	49.44455	3.9886	1.94702	0.12106	0.21956	NA	4.1111	3.77597	2.49953	38.24967	24.72216	49.50905	28.58546	6.29283	13.41016	13.86745	14.40269	2.19155	1.84148	2.10526	1.15824	2.30854	2.2818	2.50274	0.65222	83.18987	26.49423	82.93011	56.75242	19.83892	26.36635	NA	NA	NA	NA	NA	NA	NA	NA	NA	NA	NA	NA	NA	NA	NA	NA	NA	NA	NA	NA	NA	NA	NA	NA	NA	NA	NA	NA	NA	NA	NA	NA	NA	NA	NA	NA	NA	NA	NA	NA	NA	NA	NA	NA	NA	NA	NA	NA	NA	NA	NA	NA	NA	NA	NA	NA	NA	NA	NA	NA	NA	NA	NA	NA	NA	NA	NA	NA	NA	NA	NA	NA	NA	NA	NA	NA	NA	NA	NA	NA	NA	NA	NA	NA	NA	NA	NA	NA	NA	NA	NA	NA	NA	NA	NA	NA	NA	NA	NA	NA	NA	NA	NA	NA	NA	NA	NA	NA	NA	NA	NA	NA	NA	NA	NA	NA	NA	NA	NA	NA	NA	NA	NA	NA	NA	NA	NA	NA	NA	NA	NA	NA	NA	NA	NA	NA	NA	NA	NA	NA	NA	NA	NA	NA	NA	NA	NA	NA	NA	NA	NA	NA	NA	NA	NA
PL17	1.65441	0.52268	0.91348	0.48902	NA	NA	1.25858	4.90835	5.22286	11.34304	12.69226	8.3294	4.83371	4.20642	NA	NA	NA	NA	NA	NA	NA	NA	NA	NA	NA	NA	NA	NA	1.57213	2.12258	1.50489	0.45053	0.8848	3.21224	0.46907	33.99895	57.88525	40.08355	71.91629	37.76077	38.26355	0.66626	1.20147	9.72233	0.48454	0.45214	2.52021	NA	NA	NA	0.70222	NA	NA	NA	1.8637	2.02236	1.87262	0.22158	0.93087	0.47757	1.64205	13.61273	28.03158	16.34272	5.85405	2.97243	7.11495	3.31711	1.35829	2.41731	0.67523	1.56261	2.68368	0.45702	2.4618	6.95308	4.87326	0.93211	0.6799	4.11057	12.7658	13.36395	NA	NA	NA	NA	NA	1.05792	NA	1.79671	4.88695	4.9387	0.68413	1.69956	47.80513	7.88952	40.59973	40.52336	77.80957	64.2495	81.03593	90.61931	49.99067	16.33207	12.25046	18.54762	20.3208	20.27785	25.15604	10.48433	NA	NA	NA	NA	NA	NA	NA	NA	NA	NA	0.48641	NA	NA	NA	14.0628	14.09761	6.28977	8.86968	NA	0.19997	0.39569	NA	11.64145	3.9967	3.35592	4.44719	4.3245	2.28441	2.24437	0.55837	NA	NA	NA	NA	NA	NA	NA	NA	NA	NA	NA	0.17838	NA	0.26899	3.32828	1.42064	8.73815	4.88208	12.9384	7.08357	12.12188	12.78359	10.77009	24.1544	12.96615	5.09691	32.55604	11.97843	1.99435	0.62403	0.76339	0.19159	2.29518	8.1642	2.62481	2.20031	3.49294	3.80563	6.27094	2.43949	30.69803	18.24647	10.36184	4.07543	57.69207	40.52581	50.45351	NA	9.34859	13.70851	33.16013	14.52107	NA	NA	NA	NA	NA	NA	NA	NA	0.71781	2.41594	NA	0.20856	NA	NA	NA	NA	1.29228	0.79431	NA	NA	13.31944	14.75393	2.22013	0.2542	61.16681	34.86471	45.27285	31.57922	3.34486	6.38233	NA	NA	NA	NA	NA	NA	NA	NA	NA	NA	NA	NA	NA	NA	NA	NA	NA	NA	NA	NA	NA	NA	NA	NA	NA	NA	NA	NA	NA	NA	NA	NA	NA	NA	NA	NA	NA	NA	NA	NA	NA	NA	NA	NA	NA	NA	NA	NA	NA	NA	NA	NA	NA	NA	NA	NA	NA	NA	NA	NA	NA	NA	NA	NA	NA	NA	NA	NA	NA	NA	NA	NA	NA	NA	NA	NA	NA	NA	NA	NA	NA	NA	NA	NA	NA	NA	NA	NA	NA	NA	NA	NA	NA	NA	NA	NA	NA	NA	NA	NA	NA	NA	NA	NA	NA	NA	NA	NA	NA	NA	NA	NA	NA	NA	NA	NA	NA	NA	NA	NA	NA	NA	NA	NA	NA	NA	NA	NA	NA	NA	NA	NA	NA	NA	NA	NA	NA	NA	NA	NA	NA	NA	NA	NA	NA	NA	NA	NA	NA	NA	NA	NA	NA	NA	NA
PL17_1	0.80303	3.09419	5.9844	3.92778	3.60003	4.68876	0.63897	0.37459	0.76261	2.17401	2.96473	0.80213	3.56623	3.83733	NA	NA	NA	NA	NA	NA	NA	0.41639	1.11957	0.65337	0.42283	NA	NA	NA	0.96467	1.76494	0.58318	0.55623	NA	0.40676	0.77216	1.32746	3.46982	3.81741	2.8694	8.91797	5.38556	0.18506	NA	0.41138	0.39882	NA	NA	2.76944	0.72217	1.45386	0.39612	NA	0.80139	0.2027	1.30934	0.73289	0.7782	1.44541	0.96634	NA	NA	0.66627	1.50111	1.89599	3.11769	1.51586	2.26358	2.86778	NA	0.39569	NA	NA	NA	NA	0.20205	NA	0.38309	NA	NA	NA	NA	NA	NA	NA	NA	NA	0.38758	NA	0.36722	5.89114	8.48786	7.40804	8.10429	6.77956	0.36941	1.88344	1.9173	1.2465	1.4327	6.41264	4.48119	1.48071	2.41467	NA	NA	NA	NA	NA	NA	NA	NA	NA	0.41146	0.37885	NA	0.53991	0.40725	NA	1.00537	1.58096	0.61736	1.35633	NA	0.38681	0.28238	NA	NA	NA	1.86558	1.68689	1.5775	1.50185	1.98428	1.35097	1.56952	2.75579	NA	0.15391	0.43956	NA	1.03164	2.09545	0.63013	0.29307	NA	NA	NA	NA	0.31063	0.45635	0.64347	0.14978	0.14895	NA	NA	NA	3.25328	3.21299	0.4902	2.54736	NA	0.30309	NA	NA	NA	NA	NA	NA	0.74044	NA	NA	0.16064	NA	NA	NA	NA	0.7207	0.59663	1.51808	1.39008	1.26143	1.83461	0.77908	NA	NA	NA	NA	NA	1.58515	2.60792	0.88618	10.36197	1.46708	0.15394	NA	NA	NA	0.83837	NA	NA	NA	NA	NA	0.14365	0.14054	0.14552	0.14607	0.28062	0.30146	0.16192	NA	0.45141	1.04969	2.88403	0.48278	0.42186	2.17372	3.11166	0.29121	4.99459	NA	NA	NA	NA	NA	NA	NA	NA	NA	NA	NA	NA	NA	NA	NA	NA	NA	NA	NA	NA	NA	NA	NA	NA	NA	NA	NA	NA	NA	NA	NA	NA	NA	NA	NA	NA	NA	NA	NA	NA	NA	NA	NA	NA	NA	NA	NA	NA	NA	NA	NA	NA	NA	NA	NA	NA	NA	NA	NA	NA	NA	NA	NA	NA	NA	NA	NA	NA	NA	NA	NA	NA	NA	NA	NA	NA	NA	NA	NA	NA	NA	NA	NA	NA	NA	NA	NA	NA	NA	NA	NA	NA	NA	NA	NA	NA	NA	NA	NA	NA	NA	NA	NA	NA	NA	NA	NA	NA	NA	NA	NA	NA	NA	NA	NA	NA	NA	NA	NA	NA	NA	NA	NA	NA	NA	NA	NA	NA	NA	NA	NA	NA	NA	NA	NA	NA	NA	NA	NA	NA	NA	NA	NA	NA	NA	NA	NA	NA	NA	NA	NA	NA	NA	NA	NA	NA	NA
PL17_2	2.83807	0.86459	0.56663	0.8089	1.30327	NA	0.41637	1.12723	0.7454	2.50397	1.65773	0.48461	2.92344	0.79357	7.89659	3.4446	7.08576	3.69748	3.54336	3.75085	2.76917	4.30631	11.06992	6.66705	3.68461	7.87061	5.40961	4.95847	2.45156	4.64472	6.93183	8.17036	2.57381	6.09076	3.81737	6.28832	4.14523	3.90898	13.27547	9.0958	11.43577	3.47867	2.14524	3.11354	9.37293	2.46964	6.03167	NA	NA	0.21875	0.23841	0.93832	0.48232	NA	2.22191	1.91943	0.77233	1.38884	2.76192	0.38062	1.61251	NA	0.45172	0.45644	0.883	0.82658	NA	0.83401	5.28509	2.38325	1.77654	1.46583	2.22267	3.02654	0.78998	2.37534	6.36567	0.38546	1.9937	2.51839	7.34062	6.59724	NA	0.36864	1.53027	0.47231	NA	1.49592	3.37001	33.19181	7.41004	25.06629	15.22739	6.46767	35.67114	14.34326	40.79691	32.25088	65.85446	70.86391	96.57767	100.58032	45.40344	0.83218	1.33794	6.19594	1.67393	6.74517	6.6204	2.73728	NA	NA	1.40761	NA	NA	NA	NA	0.60363	0.78615	0.38633	2.01146	0.75756	2.03821	3.40278	5.2212	4.64868	5.02466	2.17243	0.58381	2.48084	0.61677	0.77091	NA	0.18069	0.36776	0.30208	0.80547	1.0166	0.33902	NA	1.00837	1.05796	1.07785	1.43227	4.896	9.5475	5.55944	2.1842	6.2721	4.26457	7.13023	4.52979	0.542	1.48111	NA	NA	24.40943	16.77342	9.92973	7.70451	1.17557	4.0135	0.77367	0.3029	17.14146	27.69892	4.11982	6.39701	2.03464	0.53476	2.56723	NA	1.71254	3.11236	3.19755	1.25769	3.04781	5.12844	6.29396	7.42194	3.42492	5.67854	2.74141	6.3454	31.02767	27.7271	41.18686	NA	10.37414	13.38925	38.59014	16.75131	0.45344	NA	NA	NA	NA	1.92252	2.0531	0.77499	9.67844	7.51093	1.63159	2.79303	0.16916	0.35032	0.33184	NA	0.97096	1.23607	0.14997	NA	0.1805	NA	0.70201	0.36718	45.50907	11.92819	33.65223	15.61073	3.23557	4.96106	NA	NA	NA	NA	NA	NA	NA	NA	NA	NA	NA	NA	NA	NA	NA	NA	NA	NA	NA	NA	NA	NA	NA	NA	NA	NA	NA	NA	NA	NA	NA	NA	NA	NA	NA	NA	NA	NA	NA	NA	NA	NA	NA	NA	NA	NA	NA	NA	NA	NA	NA	NA	NA	NA	NA	NA	NA	NA	NA	NA	NA	NA	NA	NA	NA	NA	NA	NA	NA	NA	NA	NA	NA	NA	NA	NA	NA	NA	NA	NA	NA	NA	NA	NA	NA	NA	NA	NA	NA	NA	NA	NA	NA	NA	NA	NA	NA	NA	NA	NA	NA	NA	NA	NA	NA	NA	NA	NA	NA	NA	NA	NA	NA	NA	NA	NA	NA	NA	NA	NA	NA	NA	NA	NA	NA	NA	NA	NA	NA	NA	NA	NA	NA	NA	NA	NA	NA	NA	NA	NA	NA	NA	NA	NA	NA	NA	NA	NA	NA	NA	NA	NA	NA	NA	NA
PL1_2	186.28869	135.1863	45.46791	124.49458	182.87593	119.21124	98.28395	93.04677	73.60629	144.32751	105.1048	97.05913	96.94642	26.10067	357.82251	409.48692	349.83945	416.81434	500.91423	204.58204	119.88984	89.31754	156.53592	154.10721	149.02805	175.98841	205.5309	94.40081	100.31852	96.53633	131.38636	151.55055	128.91773	109.83283	131.5703	132.11786	83.28352	219.68506	243.63651	176.82322	155.31537	126.56252	72.4365	95.49099	220.51112	136.36943	137.40553	203.7287	374.58154	199.38781	377.43497	254.41353	178.92011	326.10459	112.0746	151.04172	109.88513	140.0218	131.95844	137.0438	119.88053	62.64328	35.61766	87.91711	189.14202	142.70213	97.50572	53.33647	165.74965	113.06883	151.42188	58.28215	118.44215	82.1321	77.19064	51.01558	57.18176	6.08724	18.48872	40.7821	115.32343	95.94257	133.04252	185.17169	159.57699	127.968	83.93841	98.8632	145.72335	200.77926	99.32841	150.83648	138.72954	129.21343	587.71425	164.17261	136.26681	172.87891	314.67363	176.34756	295.05736	278.17033	192.28967	97.70458	112.10146	173.80723	144.89333	187.30381	173.64502	130.97208	409.2594	338.52065	429.0167	368.98332	557.03985	206.50869	117.20868	173.70619	247.59923	233.06845	190.09706	463.12965	217.26594	82.06641	121.08103	154.44015	94.45341	83.25354	269.42097	322.32426	159.89395	484.34432	89.60726	61.74188	58.82872	70.66416	133.81774	161.39313	211.76517	235.8093	154.00498	61.4987	144.21751	255.65978	289.42128	341.88546	253.96133	219.96613	112.62988	102.50489	119.28306	69.61868	145.64809	109.83284	198.25844	116.81542	156.5388	104.48449	163.46394	103.26882	46.79928	91.34155	47.61288	104.73509	273.54718	326.42148	113.81834	179.01162	146.65884	86.27365	80.36803	28.08798	16.55175	41.40586	43.05901	29.95225	103.16535	134.7789	122.8243	138.76532	152.01319	110.4397	108.55495	172.42906	207.0549	172.86332	226.91391	82.16238	90.918	51.43722	71.24484	77.54358	36.59258	37.77061	8.42907	5.80525	150.11784	775.43696	460.36863	181.06536	216.20695	138.62532	253.3669	186.50242	98.3003	133.69668	179.51615	227.39207	99.69717	206.07462	145.30482	350.47931	62.01673	42.92074	26.06353	12.98171	155.1814	75.83291	292.81756	243.75002	70.93	133.19583	NA	NA	NA	NA	NA	NA	NA	NA	NA	NA	NA	NA	NA	NA	NA	NA	NA	NA	NA	NA	NA	NA	NA	NA	NA	NA	NA	NA	NA	NA	NA	NA	NA	NA	NA	NA	NA	NA	NA	NA	NA	NA	NA	NA	NA	NA	NA	NA	NA	NA	NA	NA	NA	NA	NA	NA	NA	NA	NA	NA	NA	NA	NA	NA	NA	NA	NA	NA	NA	NA	NA	NA	NA	NA	NA	NA	NA	NA	NA	NA	NA	NA	NA	NA	NA	NA	NA	NA	NA	NA	NA	NA	NA	NA	NA	NA	NA	NA	NA	NA	NA	NA	NA	NA	NA	NA	NA	NA	NA	NA	NA	NA	NA	NA	NA	NA	NA	NA	NA	NA	NA	NA	NA	NA	NA	NA	NA	NA	NA	NA	NA	NA	NA	NA	NA	NA	NA	NA	NA	NA	NA	NA	NA	NA	NA	NA	NA	NA	NA	NA	NA	NA	NA	NA	NA
PL1_6	NA	NA	NA	NA	NA	NA	NA	NA	NA	NA	NA	NA	NA	NA	NA	NA	NA	NA	NA	NA	NA	NA	NA	NA	NA	NA	NA	NA	NA	NA	NA	NA	NA	NA	NA	NA	NA	NA	NA	0.37063	NA	NA	NA	NA	NA	NA	NA	NA	NA	NA	NA	NA	NA	NA	NA	NA	NA	NA	NA	NA	NA	NA	NA	0.36247	NA	NA	NA	NA	NA	NA	NA	NA	NA	NA	NA	NA	NA	NA	NA	NA	NA	NA	NA	NA	NA	NA	NA	NA	NA	NA	NA	NA	NA	NA	NA	NA	NA	NA	NA	NA	NA	NA	NA	NA	NA	NA	NA	NA	NA	NA	NA	NA	NA	NA	NA	NA	NA	NA	NA	NA	NA	NA	NA	NA	NA	NA	NA	NA	NA	NA	NA	NA	NA	NA	NA	NA	NA	NA	NA	NA	NA	NA	NA	NA	NA	NA	NA	NA	NA	NA	NA	NA	NA	NA	NA	NA	NA	NA	NA	NA	NA	NA	NA	NA	NA	NA	NA	NA	NA	NA	NA	NA	NA	NA	NA	NA	NA	NA	NA	NA	NA	NA	NA	NA	NA	NA	NA	NA	NA	NA	NA	NA	NA	NA	NA	NA	NA	NA	NA	NA	NA	NA	NA	NA	NA	NA	NA	NA	NA	NA	NA	NA	NA	NA	NA	NA	NA	NA	NA	NA	NA	NA	NA	NA	NA	NA	NA	NA	NA	NA	NA	NA	NA	NA	NA	NA	NA	NA	NA	NA	NA	NA	NA	NA	NA	NA	NA	NA	NA	NA	NA	NA	NA	NA	NA	NA	NA	NA	NA	NA	NA	NA	NA	NA	NA	NA	NA	NA	NA	NA	NA	NA	NA	NA	NA	NA	NA	NA	NA	NA	NA	NA	NA	NA	NA	NA	NA	NA	NA	NA	NA	NA	NA	NA	NA	NA	NA	NA	NA	NA	NA	NA	NA	NA	NA	NA	NA	NA	NA	NA	NA	NA	NA	NA	NA	NA	NA	NA	NA	NA	NA	NA	NA	NA	NA	NA	NA	NA	NA	NA	NA	NA	NA	NA	NA	NA	NA	NA	NA	NA	NA	NA	NA	NA	NA	NA	NA	NA	NA	NA	NA	NA	NA	NA	NA	NA	NA	NA	NA	NA	NA	NA	NA	NA	NA	NA	NA	NA	NA	NA	NA	NA	NA	NA	NA	NA	NA
PL1_8	4.78247	2.8597	1.8413	2.6051	5.20685	11.24641	2.31947	6.7563	9.01851	11.06112	3.75159	7.12454	3.77897	2.74239	NA	NA	NA	NA	NA	NA	NA	11.35945	0.30837	0.58227	10.51332	20.30731	14.10579	12.92585	NA	NA	NA	NA	NA	NA	NA	NA	NA	NA	NA	NA	NA	NA	4.54882	4.544	7.10156	7.58794	8.24321	NA	NA	NA	NA	NA	NA	NA	NA	NA	2.3743	NA	NA	NA	NA	NA	NA	NA	NA	NA	NA	NA	2.89998	4.31546	3.67273	8.69792	2.37944	8.68787	6.48324	NA	0.52149	0.67102	0.27766	NA	0.7446	NA	5.06823	NA	2.94335	6.76826	8.63374	6.3512	4.05617	1.42279	1.4813	4.13713	5.91001	7.27111	NA	NA	NA	NA	NA	NA	NA	NA	NA	NA	NA	NA	NA	NA	NA	NA	NA	NA	0.84015	NA	NA	NA	NA	0.28022	0.82114	3.23455	1.73814	3.06966	9.69038	1.29255	NA	NA	NA	NA	3.27209	6.04624	4.29478	9.79946	1.46304	6.43657	8.9336	5.98213	NA	NA	NA	NA	0.74324	0.71311	4.93316	2.09917	NA	NA	NA	0.20279	0.72639	6.1754	19.90215	20.1423	0.30647	7.57531	3.51082	1.39302	6.54217	4.26957	9.84257	12.95255	5.47292	5.3783	3.62952	7.67946	NA	NA	0.10625	5.5551	0.3463	1.63132	2.7343	5.37305	0.11043	0.21363	0.46099	NA	NA	NA	NA	NA	NA	NA	NA	NA	NA	NA	NA	NA	7.45421	2.66373	8.8185	4.0655	NA	NA	NA	NA	NA	2.38059	NA	NA	1.3117	5.82909	5.46963	0.94956	NA	NA	NA	NA	2.76998	2.97554	0.31329	NA	NA	NA	NA	0.10381	NA	NA	NA	NA	9.41035	13.88282	NA	NA	NA	NA	NA	NA	NA	NA	NA	NA	NA	NA	NA	NA	NA	NA	NA	NA	NA	NA	NA	NA	NA	NA	NA	NA	NA	NA	NA	NA	NA	NA	NA	NA	NA	NA	NA	NA	NA	NA	NA	NA	NA	NA	NA	NA	NA	NA	NA	NA	NA	NA	NA	NA	NA	NA	NA	NA	NA	NA	NA	NA	NA	NA	NA	NA	NA	NA	NA	NA	NA	NA	NA	NA	NA	NA	NA	NA	NA	NA	NA	NA	NA	NA	NA	NA	NA	NA	NA	NA	NA	NA	NA	NA	NA	NA	NA	NA	NA	NA	NA	NA	NA	NA	NA	NA	NA	NA	NA	NA	NA	NA	NA	NA	NA	NA	NA	NA	NA	NA	NA	NA	NA	NA	NA	NA	NA	NA	NA	NA	NA	NA	NA	NA	NA	NA	NA	NA	NA	NA	NA	NA	NA	NA	NA	NA	NA	NA	NA	NA	NA	NA	NA	NA	NA
PL2	NA	NA	0.08263	NA	NA	NA	NA	NA	NA	NA	NA	0.50969	NA	NA	NA	NA	NA	NA	NA	NA	NA	NA	NA	NA	NA	NA	NA	0.04958	NA	NA	NA	0.16797	NA	NA	NA	NA	NA	NA	NA	NA	NA	NA	NA	NA	NA	NA	NA	NA	NA	NA	NA	NA	NA	NA	0.1106	NA	0.14733	NA	NA	NA	NA	NA	NA	NA	NA	NA	NA	NA	NA	NA	NA	NA	NA	NA	NA	NA	NA	0.47562	0.17445	NA	0.18713	NA	NA	0.17083	NA	NA	0.17556	NA	0.08317	0.98346	0.18614	0.70187	1.09592	2.33363	1.31438	0.68147	NA	NA	NA	NA	0.18453	NA	NA	NA	NA	NA	NA	NA	NA	NA	NA	NA	NA	NA	NA	NA	NA	NA	NA	NA	0.18643	NA	NA	NA	NA	NA	NA	NA	NA	NA	NA	NA	NA	NA	NA	0.08469	NA	0.13265	NA	NA	0.13351	NA	0.34686	0.13275	NA	NA	NA	NA	NA	NA	NA	NA	NA	0.14621	NA	0.28032	0.24159	0.1191	0.87072	0.12816	NA	NA	NA	NA	NA	NA	0.3098	NA	0.12763	NA	NA	NA	0.13876	NA	NA	0.34746	NA	NA	NA	0.06996	NA	NA	NA	NA	NA	NA	NA	NA	NA	NA	NA	NA	NA	NA	NA	NA	NA	NA	NA	NA	NA	NA	NA	NA	NA	NA	NA	NA	NA	NA	NA	NA	0.06413	0.19473	NA	0.06522	NA	0.29673	NA	NA	NA	NA	NA	NA	NA	NA	NA	NA	NA	NA	NA	NA	NA	NA	NA	NA	NA	NA	NA	NA	NA	NA	NA	NA	NA	NA	NA	NA	NA	NA	NA	NA	NA	NA	NA	NA	NA	NA	NA	NA	NA	NA	NA	NA	NA	NA	NA	NA	NA	NA	NA	NA	NA	NA	NA	NA	NA	NA	NA	NA	NA	NA	NA	NA	NA	NA	NA	NA	NA	NA	NA	NA	NA	NA	NA	NA	NA	NA	NA	NA	NA	NA	NA	NA	NA	NA	NA	NA	NA	NA	NA	NA	NA	NA	NA	NA	NA	NA	NA	NA	NA	NA	NA	NA	NA	NA	NA	NA	NA	NA	NA	NA	NA	NA	NA	NA	NA	NA	NA	NA	NA	NA	NA	NA	NA	NA	NA	NA	NA	NA	NA	NA	NA	NA	NA	NA	NA	NA	NA	NA	NA	NA	NA	NA	NA	NA	NA	NA	NA	NA	NA	NA	NA	NA	NA	NA	NA
PL21	NA	NA	NA	NA	NA	NA	NA	NA	NA	NA	NA	NA	NA	NA	NA	NA	NA	NA	NA	NA	NA	NA	NA	NA	NA	NA	NA	NA	NA	NA	NA	NA	NA	NA	NA	NA	NA	NA	NA	NA	NA	NA	NA	NA	NA	NA	NA	NA	NA	NA	NA	NA	NA	NA	1.2895	0.72179	0.76345	NA	0.76136	0.3835	1.50699	NA	NA	NA	NA	NA	0.63694	NA	NA	NA	NA	NA	NA	NA	NA	NA	NA	NA	NA	NA	NA	NA	NA	NA	NA	NA	NA	NA	NA	NA	NA	NA	NA	NA	NA	NA	NA	NA	NA	NA	NA	NA	NA	NA	NA	NA	NA	NA	NA	NA	NA	NA	NA	NA	NA	NA	NA	NA	NA	NA	NA	NA	NA	NA	NA	NA	NA	NA	NA	NA	NA	NA	NA	NA	NA	NA	NA	NA	NA	NA	NA	NA	NA	NA	NA	NA	1.59492	0.31749	NA	NA	NA	NA	NA	NA	NA	NA	0.62013	2.12065	NA	NA	NA	NA	NA	NA	NA	NA	NA	NA	NA	NA	NA	0.34235	NA	NA	NA	NA	NA	NA	NA	NA	NA	NA	NA	NA	NA	NA	NA	NA	NA	NA	NA	NA	NA	NA	NA	NA	NA	NA	NA	NA	NA	NA	NA	NA	NA	NA	NA	NA	NA	NA	0.60443	NA	NA	NA	NA	0.95939	NA	NA	NA	NA	NA	NA	NA	NA	NA	NA	NA	NA	NA	NA	NA	NA	NA	NA	NA	NA	NA	NA	NA	NA	NA	NA	NA	NA	NA	NA	NA	NA	NA	NA	NA	NA	NA	NA	NA	NA	NA	NA	NA	NA	NA	NA	NA	NA	NA	NA	NA	NA	NA	NA	NA	NA	NA	NA	NA	NA	NA	NA	NA	NA	NA	NA	NA	NA	NA	NA	NA	NA	NA	NA	NA	NA	NA	NA	NA	NA	NA	NA	NA	NA	NA	NA	NA	NA	NA	NA	NA	NA	NA	NA	NA	NA	NA	NA	NA	NA	NA	NA	NA	NA	NA	NA	NA	NA	NA	NA	NA	NA	NA	NA	NA	NA	NA	NA	NA	NA	NA	NA	NA	NA	NA	NA	NA	NA	NA	NA	NA	NA	NA	NA	NA	NA	NA	NA	NA	NA	NA	NA	NA	NA	NA	NA	NA	NA	NA	NA	NA	NA	NA	NA	NA	NA	NA	NA	NA	NA	NA
PL21_1	NA	NA	NA	NA	NA	NA	NA	NA	NA	NA	NA	NA	NA	NA	NA	NA	NA	NA	NA	NA	NA	NA	NA	NA	NA	NA	NA	NA	NA	NA	NA	NA	NA	NA	NA	NA	NA	NA	NA	NA	NA	NA	8.13994	25.1436	25.92315	44.76861	24.39102	4.60589	60.95344	9.16799	59.95037	9.83137	6.21978	33.43066	NA	NA	NA	NA	NA	NA	NA	NA	NA	NA	NA	NA	NA	NA	23.49983	14.20338	11.79141	1.06951	9.35101	6.93377	7.44883	NA	NA	NA	NA	NA	NA	NA	NA	NA	NA	NA	NA	NA	NA	NA	NA	NA	NA	NA	NA	NA	50.2218	54.01493	92.92703	140.89226	143.86027	174.02302	70.27767	NA	NA	0.7396	NA	NA	NA	NA	67.1602	53.46021	NA	67.40636	125.62048	37.87407	17.11979	NA	NA	NA	NA	NA	NA	NA	1.91764	0.6022	0.32288	2.98096	NA	NA	NA	NA	NA	NA	NA	NA	14.87837	24.67666	26.64261	54.14749	0.57191	NA	NA	NA	NA	NA	NA	NA	NA	NA	NA	NA	NA	NA	0.29199	NA	NA	NA	NA	NA	9.9402	13.52592	7.37179	10.82298	NA	NA	NA	NA	20.84729	6.25627	1.83715	1.24675	NA	NA	NA	NA	NA	NA	NA	NA	NA	NA	NA	NA	71.65518	50.50755	78.31471	NA	20.41124	30.07673	68.37891	23.45869	NA	0.59738	NA	NA	NA	2.17167	1.45322	1.1727	13.7563	17.3029	85.24107	48.58858	7.90783	10.44673	10.77023	15.79017	NA	0.31417	NA	NA	NA	NA	NA	NA	93.06972	22.87913	58.4808	19.67564	17.34474	31.40845	NA	NA	NA	NA	NA	NA	NA	NA	NA	NA	NA	NA	NA	NA	NA	NA	NA	NA	NA	NA	NA	NA	NA	NA	NA	NA	NA	NA	NA	NA	NA	NA	NA	NA	NA	NA	NA	NA	NA	NA	NA	NA	NA	NA	NA	NA	NA	NA	NA	NA	NA	NA	NA	NA	NA	NA	NA	NA	NA	NA	NA	NA	NA	NA	NA	NA	NA	NA	NA	NA	NA	NA	NA	NA	NA	NA	NA	NA	NA	NA	NA	NA	NA	NA	NA	NA	NA	NA	NA	NA	NA	NA	NA	NA	NA	NA	NA	NA	NA	NA	NA	NA	NA	NA	NA	NA	NA	NA	NA	NA	NA	NA	NA	NA	NA	NA	NA	NA	NA	NA	NA	NA	NA	NA	NA	NA	NA	NA	NA	NA	NA	NA	NA	NA	NA	NA	NA	NA	NA	NA	NA	NA	NA	NA	NA	NA	NA	NA	NA	NA	NA	NA	NA	NA	NA
PL22	32.51582	36.77964	31.28166	26.44735	14.79616	16.46966	44.57898	54.93111	43.38923	55.46708	50.61966	57.95433	74.12508	26.8291	69.62682	169.59354	94.72124	145.00253	209.80386	84.89316	29.8788	21.77567	62.75406	25.58199	70.36006	93.62717	77.2491	29.43599	43.79986	37.27199	60.78857	56.50926	47.90256	63.98546	64.66785	139.35944	64.29134	204.09926	179.20143	148.4629	147.94754	58.38955	33.5909	43.23807	79.92124	23.88734	46.67843	177.89151	159.15676	165.66816	243.47977	223.97301	160.95247	136.24811	48.68454	43.70004	23.56795	26.20587	38.76072	28.28024	48.96694	41.906	5.81963	66.47681	93.07076	45.19008	48.84316	21.0752	45.14658	45.33685	115.31155	50.81264	83.32701	71.68746	52.27988	40.17185	58.42769	8.96136	14.38065	36.7672	55.96729	65.65852	58.2095	69.02039	44.16383	32.38911	33.19409	38.67694	64.8717	47.79449	45.99109	45.90131	49.63727	39.93	64.43981	24.96011	40.70623	62.68611	82.4433	84.53352	59.48394	38.41598	54.71787	50.28377	78.46491	92.94805	99.70853	114.5134	91.01083	77.18571	153.13108	93.27899	32.14122	48.81204	69.68527	51.95752	32.72834	26.6801	55.37203	28.04236	18.48888	15.10383	32.1916	45.2594	56.8453	69.19584	39.28704	37.29781	35.58971	28.46279	19.19787	27.32809	57.35769	45.87654	38.59	48.03086	82.65689	50.15677	105.84742	52.82163	32.75941	18.28171	23.68151	23.84955	136.86117	122.03732	37.38238	107.39734	51.58277	38.37741	67.43961	40.48987	44.43086	40.07259	74.00931	54.75858	43.82696	47.57871	42.91094	29.11728	27.82703	64.09006	16.61213	41.97375	138.60653	143.92679	80.32603	126.01166	44.10355	38.69256	28.11928	32.37878	21.87673	33.04476	19.88757	32.66735	54.83827	91.92768	70.89387	47.49254	200.65193	110.8139	152.31122	229.95	86.71749	46.66462	98.87746	NA	80.04156	55.87228	61.12591	78.9742	49.55633	44.63341	12.6935	5.2444	NA	37.15192	46.77001	27.42585	77.07545	56.99318	18.7411	45.64463	97.55272	91.82253	205.31373	240.1581	20.35046	37.51209	12.23316	8.09483	31.54889	33.83852	9.39377	9.35591	35.78143	38.92441	152.75189	104.15301	22.56341	36.67992	NA	NA	NA	NA	NA	NA	NA	NA	NA	NA	NA	NA	NA	NA	NA	NA	NA	NA	NA	NA	NA	NA	NA	NA	NA	NA	NA	NA	NA	NA	NA	NA	NA	NA	NA	NA	NA	NA	NA	NA	NA	NA	NA	NA	NA	NA	NA	NA	NA	NA	NA	NA	NA	NA	NA	NA	NA	NA	NA	NA	NA	NA	NA	NA	NA	NA	NA	NA	NA	NA	NA	NA	NA	NA	NA	NA	NA	NA	NA	NA	NA	NA	NA	NA	NA	NA	NA	NA	NA	NA	NA	NA	NA	NA	NA	NA	NA	NA	NA	NA	NA	NA	NA	NA	NA	NA	NA	NA	NA	NA	NA	NA	NA	NA	NA	NA	NA	NA	NA	NA	NA	NA	NA	NA	NA	NA	NA	NA	NA	NA	NA	NA	NA	NA	NA	NA	NA	NA	NA	NA	NA	NA	NA	NA	NA	NA	NA	NA	NA	NA	NA	NA	NA	NA	NA
PL22_1	1.55349	0.58668	2.70231	3.46837	5.14894	4.16069	2.11903	0.71093	1.0327	0.2629	0.65618	0.66758	0.31058	0.4751	NA	NA	NA	NA	NA	0.49392	NA	0.55098	1.17803	0.60774	NA	0.52552	0.32473	1.53829	0.51186	4.29229	0.90254	1.96762	0.12076	1.07098	0.51214	0.84935	1.50963	0.69	1.49808	2.25414	1.61512	NA	1.72854	1.4136	0.22043	2.26013	0.94136	3.22954	0.28278	1.90535	0.31022	1.38603	4.92473	0.31748	3.61753	1.14073	3.51051	1.18413	1.27427	1.54285	3.35289	1.91362	2.38562	3.02871	4.21045	3.83441	2.29725	4.76977	4.979	3.78736	11.57107	11.28441	9.33067	10.59171	6.89838	NA	NA	0.89809	0.45476	1.50131	0.94118	1.8	0.21179	2.53772	0.09369	1.69166	2.14585	2.3381	1.17723	6.91978	6.77868	5.99271	3.58353	7.18413	2.31438	3.12305	0.63584	0.55117	0.67876	2.12664	0.63807	1.36413	1.25317	NA	0.5956	0.75081	0.6339	0.78407	1.98195	2.00032	1.93038	0.30606	1.09162	1.09924	0.27963	1.89306	1.07778	0.54063	2.13384	2.62149	3.18866	1.6707	NA	NA	2.24214	0.65477	1.06695	0.3057	1.62078	0.41899	1.36019	0.69996	0.78075	0.06637	0.2462	NA	1.18854	0.61099	0.42513	1.46512	0.69365	1.38984	0.7314	0.48595	0.37925	NA	NA	0.09881	1.6367	3.5625	1.99017	1.24293	1.58075	0.64227	2.8866	0.6528	2.10067	3.70135	3.42632	3.77151	0.06292	0.30154	0.31499	1.06484	0.19564	0.77111	1.03541	NA	1.17573	9.35237	2.23117	7.88611	1.31936	0.64981	1.66517	1.35756	0.49311	0.59065	0.39677	NA	0.67932	0.47891	1.81168	3.46142	0.18486	NA	0.19382	NA	0.20228	0.40307	NA	0.58004	0.39477	NA	0.32145	NA	NA	0.84298	0.46923	0.30065	0.98793	0.73935	1.21015	1.57623	7.10331	1.71867	2.71047	0.53259	1.09446	1.11198	1.35185	0.68676	0.39784	1.589	3.74225	1.63985	0.38447	1.16782	0.93898	6.5146	2.46317	1.97328	NA	NA	NA	NA	NA	NA	NA	NA	NA	NA	NA	NA	NA	NA	NA	NA	NA	NA	NA	NA	NA	NA	NA	NA	NA	NA	NA	NA	NA	NA	NA	NA	NA	NA	NA	NA	NA	NA	NA	NA	NA	NA	NA	NA	NA	NA	NA	NA	NA	NA	NA	NA	NA	NA	NA	NA	NA	NA	NA	NA	NA	NA	NA	NA	NA	NA	NA	NA	NA	NA	NA	NA	NA	NA	NA	NA	NA	NA	NA	NA	NA	NA	NA	NA	NA	NA	NA	NA	NA	NA	NA	NA	NA	NA	NA	NA	NA	NA	NA	NA	NA	NA	NA	NA	NA	NA	NA	NA	NA	NA	NA	NA	NA	NA	NA	NA	NA	NA	NA	NA	NA	NA	NA	NA	NA	NA	NA	NA	NA	NA	NA	NA	NA	NA	NA	NA	NA	NA	NA	NA	NA	NA	NA	NA	NA	NA	NA	NA	NA	NA	NA	NA	NA	NA	NA
PL26	18.71769	20.28331	33.02011	28.64866	19.74749	27.08195	23.9066	40.11701	26.63824	30.70466	30.85245	39.34971	42.45152	15.11947	127.94792	192.95338	137.76016	180.66409	240.80735	81.88112	41.08788	12.6102	50.7428	20.54462	59.60736	65.83143	90.27132	27.64016	36.07157	28.91678	47.25209	52.14652	38.08188	46.40658	44.4092	71.92519	45.42378	133.74929	118.38247	98.5403	100.88211	49.90458	21.82776	24.27693	45.73426	23.80686	30.88741	116.1107	108.74323	107.72842	154.34184	144.25652	104.85244	96.23126	28.96488	27.63279	11.99035	17.83453	18.29351	18.12013	24.07313	23.66077	6.9327	46.25046	47.79929	18.19159	27.24613	13.89418	21.69256	22.90129	35.9205	18.57978	35.76194	21.83249	16.68062	15.43385	26.46922	2.17906	7.05808	16.71605	31.37498	37.11688	39.37178	46.18729	23.0677	26.91736	39.52092	24.22888	49.67986	46.3566	22.80817	43.25482	33.82946	23.84338	47.48291	25.60812	37.783	58.83037	74.14884	56.02244	54.6651	43.89677	44.83256	30.23784	71.13937	80.10054	59.94403	82.18864	60.8421	47.46954	115.42616	83.87096	15.71875	42.43773	61.5687	40.57756	22.74007	15.36074	22.49302	14.39242	14.40287	9.30226	19.16728	19.20725	44.60275	51.40781	40.36059	36.80487	17.41786	13.00456	12.3954	14.28811	31.11036	30.19712	22.84593	28.84179	35.17457	39.32803	70.15486	36.82369	17.40456	9.4424	11.84218	17.83638	124.5754	136.92709	79.53302	114.44892	34.99704	28.2731	60.4212	29.86184	31.23763	42.39976	73.90331	42.9047	39.50835	27.32073	15.35757	14.39454	26.59178	45.26379	16.68398	22.8183	118.60814	118.96763	55.81326	96.19987	24.60921	17.55831	9.63742	7.39891	7.04579	21.87686	13.3093	14.57246	48.39734	72.84626	61.01154	50.83807	97.33636	58.36377	79.4133	120.43092	57.54852	38.13317	71.61825	30.65337	49.68306	26.97513	33.70756	42.70373	21.79707	19.38823	2.21075	0.65789	9.92881	8.62083	12.79319	8.5342	53.44071	32.25784	14.98707	31.68799	58.46308	61.11109	107.37324	125.54055	10.44599	17.51748	6.29755	4.18609	22.91955	14.49644	8.68812	4.58707	27.98862	25.93573	111.2328	97.14193	31.6462	34.50267	NA	NA	NA	NA	NA	NA	NA	NA	NA	NA	NA	NA	NA	NA	NA	NA	NA	NA	NA	NA	NA	NA	NA	NA	NA	NA	NA	NA	NA	NA	NA	NA	NA	NA	NA	NA	NA	NA	NA	NA	NA	NA	NA	NA	NA	NA	NA	NA	NA	NA	NA	NA	NA	NA	NA	NA	NA	NA	NA	NA	NA	NA	NA	NA	NA	NA	NA	NA	NA	NA	NA	NA	NA	NA	NA	NA	NA	NA	NA	NA	NA	NA	NA	NA	NA	NA	NA	NA	NA	NA	NA	NA	NA	NA	NA	NA	NA	NA	NA	NA	NA	NA	NA	NA	NA	NA	NA	NA	NA	NA	NA	NA	NA	NA	NA	NA	NA	NA	NA	NA	NA	NA	NA	NA	NA	NA	NA	NA	NA	NA	NA	NA	NA	NA	NA	NA	NA	NA	NA	NA	NA	NA	NA	NA	NA	NA	NA	NA	NA	NA	NA	NA	NA	NA	NA
PL27	14.85224	15.63777	18.03074	19.34201	15.86235	21.89683	15.69089	21.72561	16.64515	20.42951	23.06517	28.30862	29.75317	13.24372	55.32005	96.83515	85.76827	87.62071	111.00394	70.07474	29.76429	5.56325	19.62064	8.79166	37.65042	39.78497	51.11886	15.69704	16.83325	21.59285	25.2405	32.309	17.30112	14.6824	16.56775	26.26152	31.40544	59.91639	59.67969	66.5303	61.03005	16.1396	21.51801	20.73642	38.22342	16.57644	21.92212	34.35467	35.48018	40.80865	51.80969	55.7573	34.44328	38.60496	24.48953	19.43697	13.38759	14.3107	12.3211	15.44594	20.81577	12.00487	16.49271	24.36193	19.84076	10.94829	20.9466	9.20022	10.90447	10.19944	17.98503	12.18573	15.24525	10.15444	10.27066	20.30851	20.5115	3.104	11.45824	14.4928	24.48079	32.45009	31.56827	28.15515	28.27975	30.90916	32.56267	25.94035	32.28609	18.92238	17.57375	27.83607	21.73425	17.67818	45.74435	27.05145	22.87937	34.42236	44.43082	38.35023	35.31754	27.71169	33.61262	10.30514	10.25978	15.87623	11.08833	11.85339	11.12198	13.75893	93.53058	59.97399	12.99609	38.7534	45.26079	42.20637	20.5293	10.98205	13.8221	11.86649	10.85641	9.16541	16.70131	13.37728	10.39501	12.11035	9.32448	6.82954	13.84594	10.40375	10.6426	11.03083	19.69246	20.09459	14.92392	17.91713	21.07862	19.7328	40.78874	22.68139	13.1251	9.50349	7.95302	11.2057	66.04712	65.01624	33.34302	52.42546	18.03536	16.90358	31.95191	17.04467	17.23764	17.86601	25.35649	27.89107	19.00369	17.8016	18.94478	12.0942	9.35625	17.86921	6.30647	11.4546	63.96714	66.44362	37.59565	48.73926	13.79915	7.52734	7.60212	5.32768	11.37547	23.63403	9.86108	15.60227	14.42208	15.35384	13.02969	19.18823	43.87824	37.36387	34.3906	43.85578	23.38364	37.70335	42.40762	25.50729	20.38557	22.28834	18.62136	15.32538	5.4388	4.24385	5.90881	4.24997	27.59466	4.89625	11.05193	10.74553	33.95757	21.42231	11.33871	16.72149	29.1769	27.41339	20.27532	20.97532	12.69861	13.41417	6.8071	4.18961	13.91491	10.50788	7.63851	7.4082	22.59063	23.02793	60.52652	56.33326	26.42576	25.91789	NA	NA	NA	NA	NA	NA	NA	NA	NA	NA	NA	NA	NA	NA	NA	NA	NA	NA	NA	NA	NA	NA	NA	NA	NA	NA	NA	NA	NA	NA	NA	NA	NA	NA	NA	NA	NA	NA	NA	NA	NA	NA	NA	NA	NA	NA	NA	NA	NA	NA	NA	NA	NA	NA	NA	NA	NA	NA	NA	NA	NA	NA	NA	NA	NA	NA	NA	NA	NA	NA	NA	NA	NA	NA	NA	NA	NA	NA	NA	NA	NA	NA	NA	NA	NA	NA	NA	NA	NA	NA	NA	NA	NA	NA	NA	NA	NA	NA	NA	NA	NA	NA	NA	NA	NA	NA	NA	NA	NA	NA	NA	NA	NA	NA	NA	NA	NA	NA	NA	NA	NA	NA	NA	NA	NA	NA	NA	NA	NA	NA	NA	NA	NA	NA	NA	NA	NA	NA	NA	NA	NA	NA	NA	NA	NA	NA	NA	NA	NA	NA	NA	NA	NA	NA	NA
PL29	2.21346	3.55245	3.6863	3.22326	1.18833	1.40139	2.84271	5.66723	5.44469	5.94388	4.06461	5.81163	4.28699	1.37415	52.56683	35.64977	37.5273	45.79253	53.41907	26.83487	17.41872	3.93641	14.99596	4.44083	9.78541	6.44299	8.97564	4.47429	11.6515	7.54115	12.34554	8.04996	9.10822	9.5947	11.48806	13.006	6.45856	11.33188	19.29319	16.72429	10.49597	13.76905	4.93587	2.76941	9.81845	2.00181	7.81002	15.89447	25.81381	10.64386	11.70561	15.11484	8.50944	21.86626	6.30259	7.66673	2.00561	3.85925	3.0949	3.42115	5.6421	2.33697	0.44552	2.95278	4.59008	3.05513	3.7503	2.58692	6.65873	7.54281	11.26277	3.89415	9.52423	5.80801	4.73663	4.96267	6.40642	1.09846	3.10776	5.32233	16.57976	8.37323	6.45792	11.82273	5.23042	3.25462	5.66293	7.12313	7.44092	23.50791	8.13359	15.25692	6.21365	3.35117	23.404	12.13737	11.05298	7.92925	17.64079	3.40202	12.03574	12.12322	14.16149	5.28293	7.42563	15.72019	9.94686	10.57553	11.1208	9.88495	10.16531	8.9103	3.43977	9.25502	6.18577	2.22986	2.79613	6.18471	5.32688	1.51043	2.48798	0.82195	7.60507	12.15898	9.68079	10.36337	8.99013	7.5673	1.87083	1.75809	2.33926	0.99296	6.64403	4.0398	3.60394	5.37411	10.13372	8.32528	16.27424	6.25467	4.51978	1.40084	2.52341	3.79781	34.19187	40.62275	39.73648	30.42775	10.42134	5.30435	7.62457	4.24827	8.80373	6.83087	5.93347	6.86394	16.65922	12.43251	6.96529	6.26281	9.06693	11.92463	7.21001	5.90204	23.57609	27.92037	9.9004	13.97172	11.75083	6.20842	3.66229	2.03307	2.24412	5.27137	4.09954	4.81359	9.53513	11.99543	11.46895	13.48143	9.29453	9.27496	5.44848	9.71268	13.79968	9.33817	21.24113	NA	5.03615	2.56339	4.57599	8.41577	2.27599	1.63185	NA	NA	NA	2.86974	4.23072	2.25911	14.7309	7.45734	6.18074	5.73315	5.16319	7.30262	10.09702	9.50002	2.76423	4.18428	4.53621	1.91753	3.96491	3.23474	3.08882	2.43321	9.04293	6.18096	23.26406	18.06365	5.60681	5.50638	NA	NA	NA	NA	NA	NA	NA	NA	NA	NA	NA	NA	NA	NA	NA	NA	NA	NA	NA	NA	NA	NA	NA	NA	NA	NA	NA	NA	NA	NA	NA	NA	NA	NA	NA	NA	NA	NA	NA	NA	NA	NA	NA	NA	NA	NA	NA	NA	NA	NA	NA	NA	NA	NA	NA	NA	NA	NA	NA	NA	NA	NA	NA	NA	NA	NA	NA	NA	NA	NA	NA	NA	NA	NA	NA	NA	NA	NA	NA	NA	NA	NA	NA	NA	NA	NA	NA	NA	NA	NA	NA	NA	NA	NA	NA	NA	NA	NA	NA	NA	NA	NA	NA	NA	NA	NA	NA	NA	NA	NA	NA	NA	NA	NA	NA	NA	NA	NA	NA	NA	NA	NA	NA	NA	NA	NA	NA	NA	NA	NA	NA	NA	NA	NA	NA	NA	NA	NA	NA	NA	NA	NA	NA	NA	NA	NA	NA	NA	NA	NA	NA	NA	NA	NA	NA
PL30	4.24748	4.50781	4.42812	5.79473	0.90811	1.19909	7.21481	18.47356	15.24903	10.47323	19.97993	12.46311	12.50698	9.71344	1.61853	NA	0.84932	NA	0.32279	0.34169	NA	0.03804	0.13637	0.34863	0.11588	0.07256	NA	0.70821	32.19312	15.88154	32.66659	29.54896	30.64761	29.94205	34.03769	11.9294	11.84883	18.09367	19.9796	15.0966	17.42449	27.30252	20.85184	19.27561	22.77763	24.50061	21.51654	9.06816	72.56186	18.80271	46.83034	19.62508	10.07937	41.00227	2.83109	5.32167	1.25801	2.11585	2.04453	1.20103	3.27571	3.18398	0.64101	3.12762	3.31823	4.69723	5.80852	1.277	19.60414	19.09906	9.55115	3.63877	7.66365	4.55122	8.00115	8.02231	20.97927	0.67712	13.27662	8.35493	13.35452	22.94186	7.57749	17.57462	19.81793	10.56892	6.31855	8.55679	10.32628	20.02285	8.7975	11.76042	2.12894	4.31026	41.55051	7.87497	19.71137	27.35791	28.64374	13.4091	13.65272	17.28941	24.98412	50.08414	39.70319	46.10816	32.75293	29.53829	25.12975	37.53604	62.09573	50.71326	2.84935	56.26354	88.14297	39.17838	19.02552	1.75857	3.89151	1.45312	1.76936	1.65104	4.57849	5.50188	34.31708	34.60462	33.7337	43.20616	3.03225	3.7405	2.83862	1.34879	33.51517	18.43092	10.54925	17.55131	23.84367	19.76893	17.08766	34.82685	4.34281	1.84302	1.86571	2.85833	1.3514	0.13805	NA	0.05471	0.10632	0.2431	0.38209	0.27367	13.51305	6.40594	5.76512	8.33301	19.74997	10.11388	19.60837	10.58768	7.6725	11.21565	7.19408	5.62129	42.86505	35.66814	41.64361	50.49197	18.28897	7.3633	1.68659	1.21585	24.38895	10.31203	21.34444	9.71177	26.20321	25.99211	32.47093	24.48695	24.54782	23.3937	19.87946	19.068	25.53053	38.80708	36.89245	11.17623	26.1121	23.4587	18.15014	14.84079	1.12742	0.75342	0.08674	NA	8.5411	2.16851	2.00249	1.27825	51.3339	39.27267	51.39162	40.46894	8.17898	16.36767	21.91424	24.63663	2.11853	2.38884	1.47682	0.57413	2.40232	2.25019	1.57964	0.99697	17.69975	7.00557	33.5679	24.01998	9.00319	22.65694	NA	NA	NA	NA	NA	NA	NA	NA	NA	NA	NA	NA	NA	NA	NA	NA	NA	NA	NA	NA	NA	NA	NA	NA	NA	NA	NA	NA	NA	NA	NA	NA	NA	NA	NA	NA	NA	NA	NA	NA	NA	NA	NA	NA	NA	NA	NA	NA	NA	NA	NA	NA	NA	NA	NA	NA	NA	NA	NA	NA	NA	NA	NA	NA	NA	NA	NA	NA	NA	NA	NA	NA	NA	NA	NA	NA	NA	NA	NA	NA	NA	NA	NA	NA	NA	NA	NA	NA	NA	NA	NA	NA	NA	NA	NA	NA	NA	NA	NA	NA	NA	NA	NA	NA	NA	NA	NA	NA	NA	NA	NA	NA	NA	NA	NA	NA	NA	NA	NA	NA	NA	NA	NA	NA	NA	NA	NA	NA	NA	NA	NA	NA	NA	NA	NA	NA	NA	NA	NA	NA	NA	NA	NA	NA	NA	NA	NA	NA	NA	NA	NA	NA	NA	NA	NA
PL31	1.80803	1.98868	1.20473	2.43513	0.62415	4.81101	1.18139	NA	NA	NA	NA	NA	NA	NA	NA	NA	NA	NA	NA	NA	NA	15.71858	0.91328	1.885	20.24828	27.34881	21.85833	14.53481	0.80047	2.98329	1.20979	2.8206	2.26614	0.70317	0.80091	NA	NA	NA	NA	NA	NA	2.55932	4.8973	7.42901	9.27408	16.65327	9.57062	NA	NA	NA	NA	NA	NA	NA	NA	NA	0.80836	0.25121	NA	NA	NA	4.95276	10.12049	0.13111	1.01452	3.40666	7.69577	6.34573	5.30746	6.31286	4.49851	9.31075	3.9022	13.44857	7.43604	NA	0.26632	0.5483	0.2836	NA	0.91263	0.40051	2.13104	NA	3.53518	4.50088	6.06243	2.07412	2.42522	2.11378	0.6052	4.88588	4.15843	6.56972	NA	NA	NA	1.29291	1.9814	0.26084	2.2536	4.24185	2.64372	3.81915	4.69826	4.34911	2.51873	3.92367	5.09684	2.9792	NA	NA	0.28604	NA	1.37751	8.90846	3.26343	1.5658	1.53167	0.54953	2.00286	3.09811	4.48068	0.40336	1.75735	4.93613	1.9562	6.48041	0.2977	0.82007	4.15253	6.8959	NA	NA	NA	0.10046	11.82843	8.4726	0.91887	2.80295	1.42783	0.83242	3.39493	1.42615	NA	0.21442	NA	NA	1.41183	9.79299	20.36616	27.76805	0.93908	2.91713	2.3016	0.53778	NA	NA	NA	NA	7.31587	7.68237	2.30961	4.19946	NA	NA	7.37961	3.93021	0.62245	0.22416	3.7259	6.57135	0.33837	NA	0.23543	NA	1.19606	0.82513	1.78455	1.17483	NA	NA	NA	0.19102	0.38546	0.20571	0.49486	NA	3.69635	0.95722	5.23463	1.69586	NA	NA	NA	NA	NA	NA	NA	NA	5.02977	12.49898	14.62747	4.02488	NA	NA	NA	NA	2.51487	2.47637	0.10666	0.10461	2.28125	0.31489	1.1128	1.26558	1.5031	NA	1.30889	NA	16.27198	16.91808	NA	NA	NA	NA	NA	NA	NA	NA	NA	NA	NA	NA	NA	NA	NA	NA	NA	NA	NA	NA	NA	NA	NA	NA	NA	NA	NA	NA	NA	NA	NA	NA	NA	NA	NA	NA	NA	NA	NA	NA	NA	NA	NA	NA	NA	NA	NA	NA	NA	NA	NA	NA	NA	NA	NA	NA	NA	NA	NA	NA	NA	NA	NA	NA	NA	NA	NA	NA	NA	NA	NA	NA	NA	NA	NA	NA	NA	NA	NA	NA	NA	NA	NA	NA	NA	NA	NA	NA	NA	NA	NA	NA	NA	NA	NA	NA	NA	NA	NA	NA	NA	NA	NA	NA	NA	NA	NA	NA	NA	NA	NA	NA	NA	NA	NA	NA	NA	NA	NA	NA	NA	NA	NA	NA	NA	NA	NA	NA	NA	NA	NA	NA	NA	NA	NA	NA	NA	NA	NA	NA	NA	NA	NA	NA	NA	NA	NA	NA	NA	NA	NA	NA	NA	NA	NA
PL32	NA	NA	NA	NA	NA	NA	NA	NA	NA	NA	NA	NA	NA	NA	NA	NA	NA	NA	NA	NA	NA	NA	NA	NA	NA	NA	NA	NA	NA	NA	NA	NA	NA	NA	NA	NA	NA	NA	NA	NA	NA	NA	1.36162	3.03257	4.90711	2.44366	3.22081	NA	NA	NA	NA	NA	NA	NA	0.40288	1.93068	NA	0.7064	0.6452	0.04102	0.39747	NA	NA	NA	NA	NA	NA	NA	NA	NA	NA	NA	NA	NA	NA	NA	NA	NA	NA	NA	NA	NA	NA	NA	NA	NA	NA	NA	NA	NA	NA	NA	NA	NA	NA	NA	NA	NA	NA	NA	NA	NA	NA	NA	NA	NA	NA	NA	NA	NA	NA	NA	NA	NA	NA	NA	NA	NA	NA	NA	NA	NA	NA	NA	NA	NA	NA	NA	NA	NA	NA	NA	NA	NA	NA	NA	NA	NA	NA	NA	NA	NA	NA	NA	NA	NA	NA	NA	NA	NA	NA	NA	NA	NA	NA	NA	NA	NA	NA	NA	NA	NA	NA	NA	NA	NA	NA	NA	NA	NA	NA	NA	NA	NA	NA	NA	NA	NA	NA	NA	NA	NA	NA	NA	11.94809	8.26237	4.83414	NA	NA	0.06467	NA	NA	NA	NA	NA	NA	NA	NA	NA	NA	3.04943	1.49142	0.6172	1.07761	NA	NA	NA	NA	0.06511	0.36076	NA	NA	NA	NA	NA	NA	NA	NA	NA	NA	0.99723	3.33552	NA	NA	NA	NA	NA	NA	NA	NA	NA	NA	NA	NA	NA	NA	NA	NA	NA	NA	NA	NA	NA	NA	NA	NA	NA	NA	NA	NA	NA	NA	NA	NA	NA	NA	NA	NA	NA	NA	NA	NA	NA	NA	NA	NA	NA	NA	NA	NA	NA	NA	NA	NA	NA	NA	NA	NA	NA	NA	NA	NA	NA	NA	NA	NA	NA	NA	NA	NA	NA	NA	NA	NA	NA	NA	NA	NA	NA	NA	NA	NA	NA	NA	NA	NA	NA	NA	NA	NA	NA	NA	NA	NA	NA	NA	NA	NA	NA	NA	NA	NA	NA	NA	NA	NA	NA	NA	NA	NA	NA	NA	NA	NA	NA	NA	NA	NA	NA	NA	NA	NA	NA	NA	NA	NA	NA	NA	NA	NA	NA	NA	NA	NA	NA	NA	NA	NA	NA	NA	NA	NA	NA	NA	NA	NA	NA	NA	NA	NA	NA	NA	NA	NA	NA	NA	NA
PL33_1	31.68517	34.43129	16.52744	23.54255	19.29441	24.96731	24.97402	43.81207	37.90645	55.33176	41.01908	61.62164	53.07077	34.65632	54.67213	53.50185	43.879	55.10019	54.7169	22.07464	23.30183	13.88835	37.57962	25.67206	40.9047	57.38162	45.66538	22.59126	32.47241	27.82683	33.64701	40.95401	31.09929	46.38263	31.83026	34.1336	25.14742	25.93877	38.22197	31.87544	26.19323	29.75875	71.2041	47.62073	37.05896	47.84083	39.92809	58.93096	71.61487	52.54375	44.47138	55.90045	44.59182	75.09379	83.35759	142.98686	123.42897	126.35407	108.81702	140.60111	98.44528	12.02471	6.95123	15.44621	18.59442	19.0735	16.95741	21.00061	41.03749	42.2322	54.2456	43.48079	53.28711	47.66694	36.74962	18.99284	20.34385	5.14021	14.47664	24.41875	33.12724	27.24375	30.39934	51.84272	42.29353	46.30533	55.78645	41.96934	49.38144	55.69927	54.17406	61.97469	58.94302	42.3721	94.51995	62.54178	60.67765	47.74064	94.91698	92.71276	104.52849	120.47495	62.49857	34.53419	36.13426	46.15535	50.2889	45.70324	50.04254	44.37266	70.54776	103.46887	29.67243	68.45289	73.61252	49.5969	37.7497	31.34892	38.52204	33.93662	40.87784	21.36805	21.31651	44.77073	37.78938	41.81046	39.16143	26.53491	19.01659	21.32449	24.7895	18.70504	21.75935	35.87879	40.47041	39.94013	49.33158	39.01122	46.54033	52.46502	23.81021	32.48524	25.69701	29.66625	45.7997	48.82966	51.03832	35.63237	22.73363	19.3803	26.27844	30.36854	37.91695	48.7613	45.67268	38.37543	67.76648	59.90267	64.1185	38.31206	39.97558	35.20654	37.82343	23.67161	38.43251	45.37264	30.03211	40.57529	38.75252	33.31372	33.83895	53.60984	16.15402	17.088	21.52994	15.68578	32.80527	25.31554	33.55122	36.96999	62.06978	24.84451	20.26216	15.51258	50.66533	65.53394	69.18674	30.0766	29.21115	29.38005	52.65279	40.10239	17.70204	15.82003	2.8834	1.35537	NA	10.84139	11.13815	10.50924	38.46757	39.04962	64.68141	51.8691	36.91161	39.95777	39.77743	55.93269	66.92996	73.90729	76.83586	126.96475	17.13924	16.42471	8.92952	8.12502	74.88022	41.52658	59.49519	43.24604	30.48165	41.79154	NA	NA	NA	NA	NA	NA	NA	NA	NA	NA	NA	NA	NA	NA	NA	NA	NA	NA	NA	NA	NA	NA	NA	NA	NA	NA	NA	NA	NA	NA	NA	NA	NA	NA	NA	NA	NA	NA	NA	NA	NA	NA	NA	NA	NA	NA	NA	NA	NA	NA	NA	NA	NA	NA	NA	NA	NA	NA	NA	NA	NA	NA	NA	NA	NA	NA	NA	NA	NA	NA	NA	NA	NA	NA	NA	NA	NA	NA	NA	NA	NA	NA	NA	NA	NA	NA	NA	NA	NA	NA	NA	NA	NA	NA	NA	NA	NA	NA	NA	NA	NA	NA	NA	NA	NA	NA	NA	NA	NA	NA	NA	NA	NA	NA	NA	NA	NA	NA	NA	NA	NA	NA	NA	NA	NA	NA	NA	NA	NA	NA	NA	NA	NA	NA	NA	NA	NA	NA	NA	NA	NA	NA	NA	NA	NA	NA	NA	NA	NA	NA	NA	NA	NA	NA	NA
PL33_2	1.83588	1.01711	6.70161	3.32902	4.71971	5.64402	1.77713	5.94609	2.57976	5.53164	2.294	3.49081	3.98972	4.14573	23.45785	14.81983	11.51401	24.19554	32.16268	13.31267	6.02116	1.32578	5.5264	3.14945	6.86494	6.19514	10.82212	5.53683	3.67097	3.38151	6.4866	2.73578	5.4345	6.09101	4.5968	0.36174	1.28984	1.21633	1.82854	1.66784	2.84026	3.18025	1.20328	2.24975	0.73878	2.76503	1.46307	15.05645	14.01087	13.86656	8.43282	14.11828	12.28512	13.1733	0.73566	4.63457	1.66725	1.83035	1.34669	2.77097	5.48042	2.17437	1.23559	3.21037	6.4375	3.98471	2.83487	1.06605	2.0372	3.03604	1.49528	1.51354	4.71047	3.10569	0.36482	NA	0.34465	NA	NA	0.51801	0.98762	0.86446	5.41511	6.51398	0.81015	3.32356	9.4267	3.51674	1.98396	0.90826	NA	1.99727	0.55334	0.98189	NA	0.72014	2.64486	3.81723	4.58672	2.15342	2.4987	1.97705	4.59933	3.49465	4.62073	11.79217	6.75202	5.56303	7.56265	6.84231	16.1463	15.10966	1.34379	9.13279	14.4175	4.89239	4.82382	1.48416	2.56114	1.87852	0.38206	0.34743	6.15504	5.92444	7.9605	6.12513	5.57172	3.08031	2.91342	1.86869	2.16322	1.94864	2.90525	2.45741	1.45985	3.5606	5.99259	4.63812	12.28233	8.52006	2.25839	0.42922	3.01779	1.86483	15.96055	18.02217	15.1811	18.54196	2.96275	3.5058	3.23413	3.86887	3.39839	2.94553	3.05964	2.26428	0.14135	1.01539	NA	0.14323	1.41985	1.64821	0.43616	0.44433	3.51875	3.66622	1.68922	4.7644	7.15271	3.70882	2.04315	0.75923	0.4384	1.84184	1.22291	2.58156	6.00074	10.38625	6.44796	6.72042	NA	1.16911	0.44682	NA	7.43499	5.77044	9.94238	NA	0.41324	NA	0.40291	0.78329	0.93084	1.25077	NA	NA	NA	1.14344	1.62183	2.3508	3.23025	2.21364	0.8447	3.67209	4.38703	3.86924	9.00908	6.49622	0.40541	2.37809	1.10812	1.35842	1.6414	0.42722	1.19847	0.26414	2.88995	1.77317	5.03007	3.99461	5.38939	5.15628	NA	NA	NA	NA	NA	NA	NA	NA	NA	NA	NA	NA	NA	NA	NA	NA	NA	NA	NA	NA	NA	NA	NA	NA	NA	NA	NA	NA	NA	NA	NA	NA	NA	NA	NA	NA	NA	NA	NA	NA	NA	NA	NA	NA	NA	NA	NA	NA	NA	NA	NA	NA	NA	NA	NA	NA	NA	NA	NA	NA	NA	NA	NA	NA	NA	NA	NA	NA	NA	NA	NA	NA	NA	NA	NA	NA	NA	NA	NA	NA	NA	NA	NA	NA	NA	NA	NA	NA	NA	NA	NA	NA	NA	NA	NA	NA	NA	NA	NA	NA	NA	NA	NA	NA	NA	NA	NA	NA	NA	NA	NA	NA	NA	NA	NA	NA	NA	NA	NA	NA	NA	NA	NA	NA	NA	NA	NA	NA	NA	NA	NA	NA	NA	NA	NA	NA	NA	NA	NA	NA	NA	NA	NA	NA	NA	NA	NA	NA	NA	NA	NA	NA	NA	NA	NA
PL35	11.52134	13.74238	8.81343	10.49298	3.76647	4.77273	18.15353	31.98855	25.87153	37.85833	37.81076	31.32835	30.88979	10.82043	54.9777	39.58288	56.9169	60.08927	51.96639	30.2627	22.49233	10.35959	40.42478	22.14615	11.63209	19.12382	14.84132	19.52572	35.4487	24.37649	26.47392	27.18143	33.90763	26.48798	31.69696	24.49007	10.08731	19.51797	30.21701	25.65609	25.83508	38.92399	7.61202	18.28492	18.86517	7.27862	16.87638	28.62658	45.39493	21.21284	19.9794	22.97609	18.84789	42.70495	15.21932	11.24625	3.46714	8.32144	9.79737	7.4206	10.59752	46.61307	35.16456	16.44472	22.82036	23.02486	14.7369	15.60057	17.76311	27.60775	18.32572	8.52762	23.05049	11.67898	11.14206	16.82456	17.25017	1.078	10.28184	18.40003	32.77045	37.60561	33.18507	41.33449	17.44842	15.92947	14.82519	22.04068	34.25775	43.05028	20.60788	30.22404	20.36355	7.30263	47.92241	29.05359	50.43249	52.12128	86.78635	78.33571	72.79717	80.60136	59.2529	36.46386	26.90388	35.32847	24.17434	34.78078	25.46862	30.23242	NA	NA	14.90995	NA	NA	NA	0.57366	17.56229	27.31535	8.064	12.76945	6.09268	26.03843	46.81303	41.96904	50.54899	28.45151	26.09716	10.07526	8.62058	8.58574	4.62801	38.32537	25.26422	17.10803	31.12729	28.80322	17.07862	24.35961	19.36676	12.61405	5.73316	10.68473	11.70483	38.31497	49.78045	52.09715	38.85292	29.25328	19.79576	21.86445	9.72677	26.12234	24.7695	25.54889	29.66647	48.79958	33.93398	18.59169	13.48661	16.83576	18.92582	10.02336	20.4289	46.24937	75.32941	22.37904	40.24651	30.83253	16.49692	16.02877	8.78572	16.18545	15.42694	14.94737	13.22148	26.51748	27.18916	26.03216	30.5601	31.72301	19.00941	9.0418	20.45107	56.95632	56.46026	79.40271	45.21583	33.27202	35.32351	45.23698	30.76786	9.11796	10.21103	0.31545	NA	NA	8.44277	8.23463	2.85965	31.06313	23.30958	13.29103	17.72695	12.67984	15.82244	18.53264	15.78213	5.5503	9.8149	6.19726	3.22932	25.2722	87.62037	38.03935	29.00548	70.69956	37.37786	83.16589	63.31502	9.63861	11.49656	NA	NA	NA	NA	NA	NA	NA	NA	NA	NA	NA	NA	NA	NA	NA	NA	NA	NA	NA	NA	NA	NA	NA	NA	NA	NA	NA	NA	NA	NA	NA	NA	NA	NA	NA	NA	NA	NA	NA	NA	NA	NA	NA	NA	NA	NA	NA	NA	NA	NA	NA	NA	NA	NA	NA	NA	NA	NA	NA	NA	NA	NA	NA	NA	NA	NA	NA	NA	NA	NA	NA	NA	NA	NA	NA	NA	NA	NA	NA	NA	NA	NA	NA	NA	NA	NA	NA	NA	NA	NA	NA	NA	NA	NA	NA	NA	NA	NA	NA	NA	NA	NA	NA	NA	NA	NA	NA	NA	NA	NA	NA	NA	NA	NA	NA	NA	NA	NA	NA	NA	NA	NA	NA	NA	NA	NA	NA	NA	NA	NA	NA	NA	NA	NA	NA	NA	NA	NA	NA	NA	NA	NA	NA	NA	NA	NA	NA	NA	NA	NA	NA	NA	NA	NA	NA
PL37	2.88227	2.62263	3.01247	2.96338	1.61322	1.61276	5.39183	16.4436	10.49352	16.03535	22.24453	12.08057	13.37773	7.93924	47.8573	48.56849	13.28382	33.79376	19.05809	10.16428	4.29716	7.03209	20.0174	12.4746	10.1509	3.99598	4.54685	10.83434	2.82293	2.06776	1.58515	3.8703	1.46473	2.45949	4.76686	NA	0.12656	NA	0.12542	NA	NA	1.14141	7.05962	10.24033	9.89449	17.80762	10.15178	3.60951	26.24441	4.54183	25.97227	3.1627	4.7141	16.14182	0.18273	0.67329	0.08062	NA	0.28295	0.08522	0.29141	0.50042	1.22387	3.27719	5.23088	7.10459	3.57943	11.31108	11.33681	9.83275	7.2208	0.95792	3.21166	3.25277	4.0834	4.91379	10.30285	1.41168	9.40098	5.55226	9.00131	15.97451	11.81183	19.07252	13.78136	11.36812	5.09913	11.2735	17.20824	3.44826	3.99149	2.05369	0.65061	1.16991	35.31236	4.89664	36.10283	34.71172	53.19657	67.2047	63.17417	70.74889	38.22086	14.13023	11.45893	12.47583	6.35896	10.36719	9.67308	8.7362	38.52866	33.98173	0.70263	44.49	56.22289	23.21696	17.26136	1.27606	1.70955	0.4724	0.98141	0.19947	0.8069	1.86245	22.90487	24.20177	9.23661	9.34921	1.15644	2.63902	2.47672	1.59393	22.55602	11.72149	9.40222	19.5279	18.04814	11.43711	12.80739	23.3015	2.04684	0.65425	1.12697	0.64579	24.1185	45.09795	35.23178	20.32086	18.30879	9.965	17.15608	8.97369	22.11776	22.05187	17.48395	20.20768	7.90934	4.11994	10.6679	6.30572	3.59302	7.14258	1.64374	5.50494	0.78618	0.4907	0.67175	0.65581	11.72148	5.23187	1.2131	1.15796	15.3393	9.51768	12.41465	5.87255	2.12484	1.91251	2.2603	2.67633	0.14977	0.06865	NA	NA	37.10513	37.9072	53.89902	12.50043	20.0237	24.73458	36.33526	19.3086	2.72027	0.28753	1.00341	0.06359	14.47882	2.18305	2.7257	1.79625	8.97879	7.69296	38.73711	23.84259	2.91319	3.43201	5.46287	8.14752	0.36105	NA	0.31301	NA	1.72034	2.35123	1.5132	0.92965	43.59533	16.08106	31.73369	13.02401	4.74641	11.73152	NA	NA	NA	NA	NA	NA	NA	NA	NA	NA	NA	NA	NA	NA	NA	NA	NA	NA	NA	NA	NA	NA	NA	NA	NA	NA	NA	NA	NA	NA	NA	NA	NA	NA	NA	NA	NA	NA	NA	NA	NA	NA	NA	NA	NA	NA	NA	NA	NA	NA	NA	NA	NA	NA	NA	NA	NA	NA	NA	NA	NA	NA	NA	NA	NA	NA	NA	NA	NA	NA	NA	NA	NA	NA	NA	NA	NA	NA	NA	NA	NA	NA	NA	NA	NA	NA	NA	NA	NA	NA	NA	NA	NA	NA	NA	NA	NA	NA	NA	NA	NA	NA	NA	NA	NA	NA	NA	NA	NA	NA	NA	NA	NA	NA	NA	NA	NA	NA	NA	NA	NA	NA	NA	NA	NA	NA	NA	NA	NA	NA	NA	NA	NA	NA	NA	NA	NA	NA	NA	NA	NA	NA	NA	NA	NA	NA	NA	NA	NA	NA	NA	NA	NA	NA	NA
PL38	8.1755	6.98935	6.92266	8.52525	1.12388	5.57384	13.83782	27.2133	22.09689	33.07878	38.64704	20.39049	19.51551	11.94208	69.81349	56.92413	21.22522	45.34584	23.56443	14.2888	6.8305	19.29575	48.33498	31.87224	24.16317	17.63082	18.56075	29.74702	49.75971	25.17416	31.94089	41.01432	47.27908	28.67043	51.34912	27.84014	19.89351	40.04138	73.60502	47.17813	37.64384	44.69077	13.68271	5.78057	19.91942	3.66951	12.93111	16.74172	45.94627	18.12554	17.1283	22.78223	12.1045	28.42294	3.50969	5.84781	7.04758	2.13516	4.01492	2.28619	4.21504	4.12388	2.05758	7.01209	7.42658	4.74459	9.4488	2.44905	8.82137	33.67499	6.5589	2.34162	7.59625	7.31213	7.97741	99.87092	57.02583	59.78332	22.9984	30.22109	34.48375	54.79593	37.29547	61.65272	41.32447	31.38282	20.99495	33.09307	47.43747	26.86152	16.39031	25.58406	6.62095	6.87533	104.37021	17.51933	31.6209	34.88107	32.0613	16.58338	20.72599	29.19491	40.72894	46.65643	41.14574	51.92032	29.98089	34.47532	28.68083	33.52154	22.68193	8.68422	7.21999	17.07626	15.51249	14.7102	3.8974	12.08492	8.98795	5.50025	4.9772	3.35716	10.85162	65.30239	42.51808	37.08746	30.51248	31.62788	7.24849	6.45713	6.41024	5.48375	53.56091	25.09258	15.77731	26.60926	17.66677	11.98476	23.26172	13.48264	30.4762	5.81149	5.37213	9.1076	29.20335	64.16222	43.91569	27.78054	43.71581	28.30677	37.8874	18.10352	60.90774	47.89445	47.7858	44.86375	36.68897	22.93783	32.31589	19.04768	7.05719	14.9278	10.68356	23.45018	57.66637	62.15352	41.64305	46.15609	18.47058	7.13719	9.39688	6.25238	35.96647	56.01792	26.09977	45.10473	28.09754	27.47818	33.37614	30.9942	39.49225	34.94859	25.24866	35.74174	29.0691	39.1673	35.84834	NA	30.29171	25.88948	28.36835	21.24188	6.55077	5.27578	NA	0.13427	NA	6.76652	6.24094	1.05555	50.55371	28.67796	14.93735	10.75053	6.16431	12.18331	17.25977	18.49896	5.44169	6.94266	2.40459	0.94947	8.19021	4.87172	5.30939	1.34175	34.47558	31.00401	39.42966	25.0502	8.56357	7.80946	NA	NA	NA	NA	NA	NA	NA	NA	NA	NA	NA	NA	NA	NA	NA	NA	NA	NA	NA	NA	NA	NA	NA	NA	NA	NA	NA	NA	NA	NA	NA	NA	NA	NA	NA	NA	NA	NA	NA	NA	NA	NA	NA	NA	NA	NA	NA	NA	NA	NA	NA	NA	NA	NA	NA	NA	NA	NA	NA	NA	NA	NA	NA	NA	NA	NA	NA	NA	NA	NA	NA	NA	NA	NA	NA	NA	NA	NA	NA	NA	NA	NA	NA	NA	NA	NA	NA	NA	NA	NA	NA	NA	NA	NA	NA	NA	NA	NA	NA	NA	NA	NA	NA	NA	NA	NA	NA	NA	NA	NA	NA	NA	NA	NA	NA	NA	NA	NA	NA	NA	NA	NA	NA	NA	NA	NA	NA	NA	NA	NA	NA	NA	NA	NA	NA	NA	NA	NA	NA	NA	NA	NA	NA	NA	NA	NA	NA	NA	NA	NA	NA	NA	NA	NA	NA
PL4	NA	NA	NA	NA	NA	NA	NA	NA	NA	NA	NA	NA	NA	NA	NA	0.08372	1.42764	0.24265	0.50382	2.21535	1.08171	NA	NA	NA	NA	NA	NA	NA	NA	NA	NA	NA	NA	NA	NA	NA	NA	NA	NA	NA	NA	NA	5.70494	2.70056	7.51085	1.40171	3.70933	NA	NA	NA	NA	NA	NA	NA	NA	NA	NA	NA	NA	NA	NA	NA	NA	NA	NA	NA	NA	NA	NA	NA	NA	NA	NA	NA	NA	NA	NA	NA	NA	NA	NA	NA	NA	NA	NA	NA	NA	NA	NA	NA	NA	NA	NA	NA	NA	NA	NA	NA	NA	NA	NA	NA	NA	NA	NA	NA	NA	NA	NA	NA	NA	NA	NA	NA	NA	NA	NA	NA	NA	NA	NA	NA	NA	NA	NA	NA	NA	NA	NA	NA	NA	NA	NA	NA	NA	NA	NA	NA	NA	NA	NA	NA	NA	NA	1.4175	1.85646	0.73608	0.60542	NA	NA	0.06932	NA	NA	NA	NA	NA	NA	NA	NA	NA	2.48094	3.75098	0.64737	2.86801	0.06219	NA	NA	NA	NA	NA	NA	NA	NA	NA	NA	NA	NA	NA	NA	NA	NA	NA	NA	NA	NA	NA	NA	NA	NA	NA	NA	NA	4.95747	5.43382	0.39605	0.30899	NA	NA	NA	NA	7.88406	2.29638	1.79329	6.01289	NA	0.06264	NA	NA	NA	NA	NA	NA	NA	NA	NA	NA	NA	NA	NA	NA	0.98338	4.18086	NA	NA	NA	NA	NA	NA	NA	NA	NA	NA	NA	NA	NA	NA	NA	NA	NA	NA	NA	NA	NA	NA	NA	NA	NA	NA	NA	NA	NA	NA	NA	NA	NA	NA	NA	NA	NA	NA	NA	NA	NA	NA	NA	NA	NA	NA	NA	NA	NA	NA	NA	NA	NA	NA	NA	NA	NA	NA	NA	NA	NA	NA	NA	NA	NA	NA	NA	NA	NA	NA	NA	NA	NA	NA	NA	NA	NA	NA	NA	NA	NA	NA	NA	NA	NA	NA	NA	NA	NA	NA	NA	NA	NA	NA	NA	NA	NA	NA	NA	NA	NA	NA	NA	NA	NA	NA	NA	NA	NA	NA	NA	NA	NA	NA	NA	NA	NA	NA	NA	NA	NA	NA	NA	NA	NA	NA	NA	NA	NA	NA	NA	NA	NA	NA	NA	NA	NA	NA	NA	NA	NA	NA	NA	NA	NA	NA	NA	NA	NA	NA	NA	NA	NA	NA	NA
PL40	21.35792	22.48776	19.19978	22.98325	7.51522	8.3096	24.59516	58.86512	41.49913	40.43684	52.69405	52.5739	52.11004	19.96574	110.35327	152.19792	118.11089	157.1435	206.82652	77.61637	35.77939	9.55781	46.51666	15.52279	42.45551	49.59928	53.59318	23.68349	57.11276	36.74942	66.37931	59.8924	63.26918	62.95294	71.26516	45.33629	22.2143	53.66741	46.36352	68.5557	69.37876	70.53477	15.7126	19.73172	38.31779	24.8273	30.49536	66.35917	100.26804	67.01046	105.94769	82.43417	60.0014	75.64938	15.35238	21.07973	6.44133	9.47366	13.88369	9.42099	18.0948	14.21744	2.7389	25.92012	20.77564	8.78622	16.18816	4.09756	39.08991	43.56118	37.14997	16.51026	35.77461	20.55674	23.06869	30.14538	44.35872	2.52179	20.23134	29.24803	44.33294	62.07476	40.97427	54.42302	33.70162	27.76814	20.58725	27.56332	44.33196	42.9273	16.56124	26.50155	11.07	7.99392	75.03646	19.85477	31.78432	36.20038	39.20549	20.25778	21.02993	27.36368	41.36192	57.23291	70.36628	82.47063	79.4398	99.57155	82.34035	63.39587	60.32589	54.45048	15.89655	64.49101	85.04122	34.24078	20.27087	15.80997	22.14957	6.65083	9.93801	7.40762	23.81566	36.22453	71.51256	82.86171	48.02407	44.25531	15.79892	15.99833	12.90701	14.32994	59.89967	44.61961	29.29243	48.71411	37.81335	27.61981	101.60203	41.86737	19.23172	5.78459	9.9756	12.86422	123.20634	134.17974	75.74297	103.25993	32.52937	25.98892	47.11241	18.69172	35.6062	36.00154	56.7289	38.27859	37.32658	22.89457	23.35843	16.0255	12.88069	18.34413	8.24551	9.39263	130.30888	117.70344	86.42413	126.99715	40.73048	18.6606	9.40503	5.77584	27.73859	31.20088	31.13877	24.37441	58.50195	81.52773	81.18479	61.99461	49.44654	30.1896	47.75155	43.25632	55.21466	38.36435	70.2505	44.56083	45.2565	28.40156	45.57106	45.12758	7.61639	5.77079	0.29107	0.23314	23.86919	8.9849	11.07509	8.00461	44.66371	33.00038	48.18131	39.08539	46.51949	43.1379	42.2105	42.30116	7.89224	14.10641	6.78094	2.8876	13.86912	8.33731	4.25753	2.24137	32.79012	16.992	55.8333	41.01655	13.6433	25.78262	NA	NA	NA	NA	NA	NA	NA	NA	NA	NA	NA	NA	NA	NA	NA	NA	NA	NA	NA	NA	NA	NA	NA	NA	NA	NA	NA	NA	NA	NA	NA	NA	NA	NA	NA	NA	NA	NA	NA	NA	NA	NA	NA	NA	NA	NA	NA	NA	NA	NA	NA	NA	NA	NA	NA	NA	NA	NA	NA	NA	NA	NA	NA	NA	NA	NA	NA	NA	NA	NA	NA	NA	NA	NA	NA	NA	NA	NA	NA	NA	NA	NA	NA	NA	NA	NA	NA	NA	NA	NA	NA	NA	NA	NA	NA	NA	NA	NA	NA	NA	NA	NA	NA	NA	NA	NA	NA	NA	NA	NA	NA	NA	NA	NA	NA	NA	NA	NA	NA	NA	NA	NA	NA	NA	NA	NA	NA	NA	NA	NA	NA	NA	NA	NA	NA	NA	NA	NA	NA	NA	NA	NA	NA	NA	NA	NA	NA	NA	NA	NA	NA	NA	NA	NA	NA
PL4_1	1.08101	1.98454	5.30159	5.46405	7.09622	12.08277	1.52916	0.1921	0.58662	0.91471	0.43487	1.08392	3.35572	2.45983	NA	NA	NA	NA	NA	NA	NA	0.05379	0.91605	NA	4.75245	6.20828	10.68524	1.65566	0.54417	0.15085	1.69472	2.37705	0.09337	0.88652	1.03944	0.58221	0.14828	0.69916	0.24525	0.54681	0.28571	0.1898	0.58674	1.2658	3.42574	4.48484	2.02754	NA	NA	0.18639	NA	0.39976	0.30823	0.2079	0.72741	0.7047	1.14292	0.55593	1.43712	2.74576	1.91271	0.21355	0.28867	0.29169	0.37619	0.53444	0.04837	0.39218	0.04778	0.10146	0.10388	0.28267	NA	NA	NA	0.10247	0.29469	NA	NA	0.09831	NA	NA	0.14738	0.0967	0.05433	NA	0.64597	NA	NA	3.50837	0.44644	4.96792	4.65082	3.79276	0.09472	1.54539	NA	0.05327	0.10496	0.09672	0.10446	NA	NA	0.47206	0.42234	1.95477	0.10377	1.60544	1.07267	0.27618	5.50362	3.05639	0.52751	0.48944	6.18058	3.20323	1.05227	0.84453	0.20623	2.33091	0.68596	1.9873	NA	0.09918	0.76025	1.31309	1.19473	1.1818	1.50865	1.77883	1.25391	1.27567	0.39369	1.19317	1.28978	0.0745	0.52935	1.43167	0.30287	0.03998	0.30231	1.15135	0.5251	0.6763	0.11333	0.19878	1.15136	0.91676	0.08026	0.82539	1.53793	1.12235	NA	0.04138	0.15435	NA	1.17543	0.66692	0.54467	0.15369	0.40138	1.2823	0.48709	0.35756	0.44452	0.22357	0.72049	0.5657	NA	0.08268	0.24278	0.16476	NA	NA	NA	NA	0.73918	0.34421	NA	0.0396	0.14375	0.43121	0.07991	NA	1.21492	0.34326	0.3303	NA	0.9607	0.43288	0.68342	0.22143	0.07523	0.07894	NA	NA	NA	NA	NA	0.34869	0.37873	1.59244	0.54381	0.22269	0.14414	0.22387	0.07491	NA	0.1546	1.86827	0.03934	0.07716	NA	NA	0.41264	0.07821	0.14863	NA	NA	0.07762	9.52497	6.641	NA	NA	NA	NA	NA	NA	NA	NA	NA	NA	NA	NA	NA	NA	NA	NA	NA	NA	NA	NA	NA	NA	NA	NA	NA	NA	NA	NA	NA	NA	NA	NA	NA	NA	NA	NA	NA	NA	NA	NA	NA	NA	NA	NA	NA	NA	NA	NA	NA	NA	NA	NA	NA	NA	NA	NA	NA	NA	NA	NA	NA	NA	NA	NA	NA	NA	NA	NA	NA	NA	NA	NA	NA	NA	NA	NA	NA	NA	NA	NA	NA	NA	NA	NA	NA	NA	NA	NA	NA	NA	NA	NA	NA	NA	NA	NA	NA	NA	NA	NA	NA	NA	NA	NA	NA	NA	NA	NA	NA	NA	NA	NA	NA	NA	NA	NA	NA	NA	NA	NA	NA	NA	NA	NA	NA	NA	NA	NA	NA	NA	NA	NA	NA	NA	NA	NA	NA	NA	NA	NA	NA	NA	NA	NA	NA	NA	NA	NA	NA	NA	NA	NA	NA	NA	NA
PL4_4	NA	NA	NA	NA	NA	NA	NA	NA	NA	NA	NA	NA	NA	NA	NA	NA	NA	NA	NA	NA	NA	NA	NA	NA	NA	NA	NA	NA	NA	NA	NA	NA	NA	NA	NA	NA	NA	NA	NA	NA	NA	NA	NA	NA	NA	NA	NA	NA	NA	NA	0.09484	NA	NA	NA	NA	NA	NA	NA	NA	NA	NA	NA	NA	NA	NA	NA	NA	NA	NA	NA	NA	NA	NA	NA	NA	NA	NA	NA	NA	NA	NA	NA	NA	NA	NA	NA	NA	NA	NA	NA	NA	NA	NA	NA	NA	NA	NA	NA	NA	NA	NA	NA	NA	NA	NA	NA	NA	NA	NA	NA	NA	NA	NA	NA	NA	NA	NA	NA	NA	NA	NA	NA	NA	NA	NA	NA	NA	NA	NA	NA	NA	NA	NA	NA	NA	NA	NA	NA	NA	NA	NA	NA	NA	NA	NA	NA	0.14334	NA	NA	NA	NA	NA	NA	NA	NA	NA	NA	NA	NA	NA	NA	NA	NA	NA	NA	NA	NA	NA	NA	NA	NA	NA	NA	NA	NA	NA	NA	NA	NA	NA	NA	NA	NA	NA	NA	NA	NA	NA	NA	NA	NA	NA	NA	0.07371	0.06778	0.37807	NA	NA	NA	NA	NA	NA	NA	NA	NA	NA	NA	NA	NA	0.07825	NA	NA	NA	NA	NA	NA	NA	NA	NA	NA	NA	NA	NA	NA	NA	NA	NA	NA	NA	NA	NA	NA	NA	NA	NA	NA	NA	NA	NA	NA	NA	NA	NA	NA	NA	NA	NA	NA	NA	NA	NA	NA	NA	NA	NA	NA	NA	NA	NA	NA	NA	NA	NA	NA	NA	NA	NA	NA	NA	NA	NA	NA	NA	NA	NA	NA	NA	NA	NA	NA	NA	NA	NA	NA	NA	NA	NA	NA	NA	NA	NA	NA	NA	NA	NA	NA	NA	NA	NA	NA	NA	NA	NA	NA	NA	NA	NA	NA	NA	NA	NA	NA	NA	NA	NA	NA	NA	NA	NA	NA	NA	NA	NA	NA	NA	NA	NA	NA	NA	NA	NA	NA	NA	NA	NA	NA	NA	NA	NA	NA	NA	NA	NA	NA	NA	NA	NA	NA	NA	NA	NA	NA	NA	NA	NA	NA	NA	NA	NA	NA	NA	NA	NA	NA	NA	NA	NA	NA	NA	NA	NA	NA	NA	NA	NA	NA	NA
PL5	NA	NA	NA	NA	NA	NA	NA	NA	NA	NA	NA	NA	NA	NA	NA	NA	NA	NA	NA	NA	NA	NA	NA	NA	NA	NA	NA	NA	NA	NA	NA	NA	NA	NA	NA	NA	NA	NA	NA	NA	NA	NA	NA	NA	NA	NA	NA	NA	NA	NA	NA	NA	NA	NA	NA	NA	NA	NA	NA	NA	NA	NA	NA	NA	NA	NA	NA	NA	NA	NA	NA	NA	NA	NA	NA	NA	NA	NA	NA	NA	NA	NA	NA	NA	NA	NA	NA	NA	NA	NA	NA	NA	NA	NA	NA	NA	NA	NA	NA	NA	NA	NA	NA	NA	NA	NA	NA	NA	NA	NA	NA	NA	NA	NA	NA	NA	NA	NA	NA	NA	NA	NA	NA	NA	NA	NA	NA	NA	NA	NA	NA	NA	NA	NA	NA	NA	NA	NA	NA	0.07765	NA	NA	NA	NA	NA	NA	NA	NA	NA	NA	NA	NA	NA	NA	NA	NA	NA	NA	NA	NA	NA	NA	NA	NA	NA	NA	NA	NA	NA	NA	NA	NA	NA	NA	NA	NA	NA	NA	NA	NA	NA	NA	NA	NA	NA	NA	NA	NA	NA	NA	NA	NA	NA	NA	NA	NA	NA	NA	NA	NA	NA	NA	NA	NA	NA	NA	NA	NA	NA	NA	NA	NA	NA	NA	NA	NA	NA	NA	NA	NA	NA	NA	NA	NA	NA	NA	NA	NA	NA	NA	NA	NA	NA	NA	NA	NA	NA	NA	NA	NA	NA	NA	NA	NA	NA	NA	NA	NA	NA	NA	NA	NA	NA	NA	NA	NA	NA	NA	NA	NA	NA	NA	NA	NA	NA	NA	NA	NA	NA	NA	NA	NA	NA	NA	NA	NA	NA	NA	NA	NA	NA	NA	NA	NA	NA	NA	NA	NA	NA	NA	NA	NA	NA	NA	NA	NA	NA	NA	NA	NA	NA	NA	NA	NA	NA	NA	NA	NA	NA	NA	NA	NA	NA	NA	NA	NA	NA	NA	NA	NA	NA	NA	NA	NA	NA	NA	NA	NA	NA	NA	NA	NA	NA	NA	NA	NA	NA	NA	NA	NA	NA	NA	NA	NA	NA	NA	NA	NA	NA	NA	NA	NA	NA	NA	NA	NA	NA	NA	NA	NA	NA	NA	NA	NA	NA	NA	NA	NA	NA	NA	NA	NA	NA	NA	NA	NA	NA
PL5_1	NA	NA	NA	NA	NA	NA	NA	NA	NA	NA	NA	NA	NA	NA	NA	NA	NA	NA	NA	NA	NA	NA	NA	NA	NA	NA	NA	NA	NA	NA	NA	NA	NA	NA	NA	NA	NA	NA	NA	NA	NA	NA	NA	NA	NA	NA	NA	NA	NA	NA	NA	NA	NA	NA	NA	NA	NA	NA	NA	0.08139	NA	NA	NA	NA	NA	NA	NA	NA	NA	NA	NA	NA	NA	NA	NA	NA	NA	NA	NA	NA	NA	NA	NA	NA	NA	NA	NA	NA	NA	NA	NA	NA	NA	NA	NA	NA	NA	NA	NA	NA	NA	NA	NA	NA	NA	NA	NA	NA	NA	NA	NA	NA	NA	NA	NA	NA	NA	NA	NA	NA	NA	NA	NA	NA	NA	NA	NA	NA	NA	NA	NA	NA	NA	NA	NA	NA	NA	NA	NA	NA	NA	NA	NA	NA	NA	NA	NA	NA	NA	NA	NA	NA	NA	NA	NA	NA	NA	NA	NA	NA	NA	NA	NA	NA	NA	NA	NA	NA	NA	NA	NA	NA	NA	NA	NA	NA	NA	NA	NA	NA	NA	NA	NA	NA	NA	NA	NA	NA	NA	NA	NA	NA	NA	NA	NA	NA	NA	NA	NA	NA	NA	NA	NA	NA	NA	NA	NA	NA	NA	NA	NA	NA	NA	NA	NA	NA	NA	NA	NA	NA	NA	NA	NA	NA	NA	NA	NA	NA	NA	NA	NA	NA	NA	NA	NA	NA	NA	NA	NA	NA	NA	NA	NA	NA	NA	NA	NA	NA	NA	NA	NA	NA	NA	NA	NA	NA	NA	NA	NA	NA	NA	NA	NA	NA	NA	NA	NA	NA	NA	NA	NA	NA	NA	NA	NA	NA	NA	NA	NA	NA	NA	NA	NA	NA	NA	NA	NA	NA	NA	NA	NA	NA	NA	NA	NA	NA	NA	NA	NA	NA	NA	NA	NA	NA	NA	NA	NA	NA	NA	NA	NA	NA	NA	NA	NA	NA	NA	NA	NA	NA	NA	NA	NA	NA	NA	NA	NA	NA	NA	NA	NA	NA	NA	NA	NA	NA	NA	NA	NA	NA	NA	NA	NA	NA	NA	NA	NA	NA	NA	NA	NA	NA	NA	NA	NA	NA	NA	NA	NA	NA	NA	NA	NA	NA	NA	NA	NA	NA	NA	NA	NA	NA	NA	NA	NA	NA	NA
PL6	0.33917	NA	6.52461	6.95642	1.49545	3.96301	7.28708	8.32428	2.41685	37.13244	18.73397	15.44028	25.48904	1.33479	8.53121	0.79289	34.3455	27.69052	13.83703	2.17961	3.3683	11.15811	39.72891	12.0207	21.22483	6.0997	6.69099	21.94544	19.91026	5.23302	16.12152	16.51924	13.93942	14.94599	18.23607	24.2809	13.04193	13.48245	37.70202	47.1638	21.20379	15.01666	3.74639	5.348	16.18606	3.62842	13.20128	NA	NA	NA	NA	NA	NA	NA	2.83691	1.79775	1.30226	NA	NA	0.06271	0.19813	NA	NA	1.12036	4.33475	NA	NA	0.1801	4.95681	12.94671	2.63341	2.61179	2.77314	3.89611	10.78908	10.83701	7.86484	2.93479	NA	3.24262	13.75546	21.50377	20.11155	26.40076	28.27884	23.17934	16.94854	13.08404	23.72541	71.21463	48.38189	41.61977	46.74571	16.25852	184.37258	44.62657	176.62061	99.72588	164.66865	161.38952	207.20594	242.74548	109.53474	18.44242	35.92293	73.21714	41.39058	54.47275	56.04339	26.32492	3.46105	1.65672	7.18605	2.87704	2.62725	1.28717	1.44973	NA	NA	2.33551	NA	2.5189	6.50641	7.562	26.89294	54.13309	13.98254	9.18645	0.06003	3.29952	1.04182	0.03755	10.88536	10.91713	7.46313	15.89524	3.62043	9.40536	1.04316	0.51403	6.25928	6.81022	0.0638	4.79804	7.65483	20.74921	11.63845	10.07546	24.44038	11.14741	11.79482	3.0711	45.4929	17.78405	17.69688	14.23371	68.65651	50.63804	43.88955	33.03497	3.05942	10.47781	0.44738	1.32093	53.85093	52.72076	17.29809	19.62372	4.20164	9.47516	3.07723	NA	3.16378	5.61753	7.90635	3.40388	10.62032	19.02166	17.21949	30.2166	21.62468	12.6729	9.57528	30.96528	96.75238	51.68111	125.32905	452.97739	28.61208	30.03825	75.10289	57.93064	5.71405	NA	NA	NA	NA	4.65383	0.02632	0.15927	15.85573	11.62802	4.99564	8.66778	0.07279	NA	0.13761	NA	1.9595	3.15738	NA	NA	0.42379	2.86633	0.2274	0.35919	102.13257	18.48122	78.19533	44.77361	4.35636	6.67812	NA	NA	NA	NA	NA	NA	NA	NA	NA	NA	NA	NA	NA	NA	NA	NA	NA	NA	NA	NA	NA	NA	NA	NA	NA	NA	NA	NA	NA	NA	NA	NA	NA	NA	NA	NA	NA	NA	NA	NA	NA	NA	NA	NA	NA	NA	NA	NA	NA	NA	NA	NA	NA	NA	NA	NA	NA	NA	NA	NA	NA	NA	NA	NA	NA	NA	NA	NA	NA	NA	NA	NA	NA	NA	NA	NA	NA	NA	NA	NA	NA	NA	NA	NA	NA	NA	NA	NA	NA	NA	NA	NA	NA	NA	NA	NA	NA	NA	NA	NA	NA	NA	NA	NA	NA	NA	NA	NA	NA	NA	NA	NA	NA	NA	NA	NA	NA	NA	NA	NA	NA	NA	NA	NA	NA	NA	NA	NA	NA	NA	NA	NA	NA	NA	NA	NA	NA	NA	NA	NA	NA	NA	NA	NA	NA	NA	NA	NA	NA	NA	NA	NA	NA	NA	NA
PL6_1	1.4294	1.01762	1.46395	1.27841	0.24302	0.54923	1.7569	2.39269	3.58436	12.94886	7.90571	4.65016	7.29201	1.21488	3.96416	1.54707	5.75631	3.94135	4.41235	2.7144	0.54162	1.0428	7.53691	3.57302	3.09536	3.67246	2.53669	5.36794	5.65605	3.83312	6.02514	5.78971	4.32296	5.01808	5.13487	4.87145	3.7344	5.40978	10.92248	12.35439	8.48527	3.85912	2.47932	2.44559	7.28339	1.71406	4.34584	NA	NA	NA	NA	NA	NA	NA	0.83795	1.34269	0.4295	0.27718	0.29136	1.31043	0.80697	0.06049	NA	0.55079	0.26638	NA	NA	0.2777	3.08983	3.07031	0.85693	0.28226	2.2594	0.78711	0.89536	1.27309	3.66237	0.45536	1.18017	2.19839	9.35784	6.90861	7.44223	7.4455	9.60707	5.89453	2.53886	6.45183	5.97825	27.41196	14.07982	17.81174	10.51866	5.59295	55.82714	17.1475	36.79968	23.97001	56.17021	54.27942	71.22338	78.43992	31.2417	8.38498	7.42327	20.44349	10.32958	19.07816	14.34367	7.92536	NA	NA	0.78661	NA	NA	NA	NA	0.62176	1.60677	0.52133	0.70815	0.66677	2.42813	1.77712	10.35078	16.90946	6.28688	3.26378	0.68597	1.41547	0.45202	0.09518	4.23153	2.53347	3.73739	4.54421	0.32355	0.62309	NA	NA	0.96824	0.91612	0.22085	1.34465	3.56753	4.71291	3.17624	0.67403	4.27368	2.71557	3.14041	1.48125	7.54096	3.71635	2.87183	3.56007	29.04019	17.23835	18.30396	10.53825	1.17811	3.26538	0.60318	0.77354	13.81444	19.82743	4.89504	5.24588	1.40284	1.09047	0.66627	0.37109	0.81205	1.77668	4.08505	1.3367	5.08213	5.52268	6.18911	6.98621	3.78651	3.47811	1.63835	5.98978	25.74652	19.1002	28.74996	46.68301	8.82062	7.72996	26.91201	12.20243	1.01424	0.11306	NA	NA	NA	1.48955	1.07984	0.56778	6.89764	4.59919	1.30526	2.48253	0.0522	0.11128	0.02801	NA	0.34801	NA	0.11774	NA	0.10891	0.11024	0.12306	NA	37.40122	10.38772	24.10855	13.31941	2.58999	2.14689	NA	NA	NA	NA	NA	NA	NA	NA	NA	NA	NA	NA	NA	NA	NA	NA	NA	NA	NA	NA	NA	NA	NA	NA	NA	NA	NA	NA	NA	NA	NA	NA	NA	NA	NA	NA	NA	NA	NA	NA	NA	NA	NA	NA	NA	NA	NA	NA	NA	NA	NA	NA	NA	NA	NA	NA	NA	NA	NA	NA	NA	NA	NA	NA	NA	NA	NA	NA	NA	NA	NA	NA	NA	NA	NA	NA	NA	NA	NA	NA	NA	NA	NA	NA	NA	NA	NA	NA	NA	NA	NA	NA	NA	NA	NA	NA	NA	NA	NA	NA	NA	NA	NA	NA	NA	NA	NA	NA	NA	NA	NA	NA	NA	NA	NA	NA	NA	NA	NA	NA	NA	NA	NA	NA	NA	NA	NA	NA	NA	NA	NA	NA	NA	NA	NA	NA	NA	NA	NA	NA	NA	NA	NA	NA	NA	NA	NA	NA	NA	NA	NA	NA	NA	NA	NA
PL7	NA	NA	NA	NA	NA	NA	NA	2.10467	3.15807	2.80725	1.5615	3.43535	1.89434	3.17974	NA	NA	NA	NA	NA	NA	NA	NA	NA	NA	NA	NA	NA	NA	2.13968	3.06325	3.82224	4.75854	3.37269	2.93968	1.48223	13.2733	16.59484	16.75538	20.98994	9.26041	10.87523	7.27845	0.42017	5.49319	2.0518	2.46724	1.14215	6.56584	NA	5.5293	1.09566	NA	3.32494	NA	2.46688	2.00282	1.04992	5.07332	5.20842	8.20997	5.41457	2.82864	9.83152	7.11864	1.52177	3.14467	4.01555	1.41121	4.42229	2.51201	0.9692	1.01789	1.37161	0.58907	1.44928	0.49011	1.17458	NA	0.82502	1.64646	0.99148	0.47104	3.46951	2.31268	NA	NA	1.48669	NA	0.90073	3.67944	NA	2.10157	1.60115	0.56824	NA	NA	2.99944	8.48806	5.78854	3.37133	7.42207	3.96171	8.62674	NA	2.77759	4.62283	1.45129	3.0021	0.73295	NA	NA	0.54049	NA	NA	1.10201	NA	NA	NA	NA	NA	NA	NA	NA	1.04908	NA	1.67555	12.21917	6.51449	0.352	NA	NA	1.25099	4.35398	3.1521	5.2148	3.82794	NA	NA	NA	NA	NA	NA	5.66443	3.05007	NA	NA	0.828	NA	NA	0.84797	5.82892	0.83497	0.7363	1.03831	4.55882	5.20947	NA	NA	NA	0.82893	8.99302	4.39619	4.25135	4.36912	1.91449	0.88514	16.07878	5.03866	0.29906	2.37242	2.20917	1.39052	0.39796	0.40507	1.329	0.54741	10.5781	11.91431	9.75001	6.63392	12.50997	9.23875	4.58468	16.65686	1.23151	1.06518	4.46063	NA	0.35346	2.31077	2.27192	0.35304	NA	NA	NA	NA	NA	NA	NA	NA	2.79856	0.49875	4.18836	1.69602	0.07741	NA	4.04034	1.94046	1.59782	2.06002	6.85552	1.65926	4.33803	4.33102	2.12539	0.5641	7.5538	13.42114	9.07008	13.43232	1.61902	3.608	NA	NA	NA	NA	NA	NA	NA	NA	NA	NA	NA	NA	NA	NA	NA	NA	NA	NA	NA	NA	NA	NA	NA	NA	NA	NA	NA	NA	NA	NA	NA	NA	NA	NA	NA	NA	NA	NA	NA	NA	NA	NA	NA	NA	NA	NA	NA	NA	NA	NA	NA	NA	NA	NA	NA	NA	NA	NA	NA	NA	NA	NA	NA	NA	NA	NA	NA	NA	NA	NA	NA	NA	NA	NA	NA	NA	NA	NA	NA	NA	NA	NA	NA	NA	NA	NA	NA	NA	NA	NA	NA	NA	NA	NA	NA	NA	NA	NA	NA	NA	NA	NA	NA	NA	NA	NA	NA	NA	NA	NA	NA	NA	NA	NA	NA	NA	NA	NA	NA	NA	NA	NA	NA	NA	NA	NA	NA	NA	NA	NA	NA	NA	NA	NA	NA	NA	NA	NA	NA	NA	NA	NA	NA	NA	NA	NA	NA	NA	NA	NA	NA	NA	NA	NA	NA
PL7_1	NA	NA	NA	NA	NA	NA	NA	NA	NA	NA	NA	NA	NA	NA	NA	NA	NA	NA	NA	NA	NA	NA	NA	NA	NA	NA	NA	NA	NA	NA	NA	NA	NA	NA	NA	NA	NA	NA	NA	NA	NA	NA	NA	NA	NA	NA	NA	NA	NA	NA	NA	NA	NA	NA	NA	NA	NA	NA	NA	NA	NA	NA	NA	NA	NA	NA	NA	NA	NA	NA	NA	NA	NA	NA	NA	NA	NA	NA	NA	NA	NA	NA	NA	NA	NA	NA	NA	NA	NA	NA	NA	NA	NA	NA	NA	NA	NA	NA	NA	NA	NA	NA	NA	NA	NA	NA	NA	NA	NA	NA	NA	NA	NA	NA	NA	NA	NA	NA	NA	NA	NA	NA	NA	NA	NA	NA	NA	NA	NA	NA	NA	NA	NA	NA	NA	NA	NA	NA	NA	NA	NA	NA	NA	NA	NA	NA	NA	NA	NA	NA	NA	NA	NA	NA	NA	NA	NA	0.2162	NA	NA	NA	NA	NA	NA	NA	NA	NA	NA	NA	NA	NA	NA	NA	NA	NA	NA	NA	NA	NA	NA	NA	NA	NA	NA	NA	NA	NA	NA	NA	NA	NA	NA	NA	NA	NA	NA	NA	NA	NA	NA	NA	NA	NA	NA	NA	NA	NA	NA	NA	NA	NA	NA	NA	NA	NA	NA	NA	NA	NA	NA	NA	NA	NA	NA	NA	NA	NA	NA	NA	NA	NA	NA	NA	NA	NA	NA	NA	NA	NA	NA	NA	NA	NA	NA	NA	NA	NA	NA	NA	NA	NA	NA	NA	NA	NA	NA	NA	NA	NA	NA	NA	NA	NA	NA	NA	NA	NA	NA	NA	NA	NA	NA	NA	NA	NA	NA	NA	NA	NA	NA	NA	NA	NA	NA	NA	NA	NA	NA	NA	NA	NA	NA	NA	NA	NA	NA	NA	NA	NA	NA	NA	NA	NA	NA	NA	NA	NA	NA	NA	NA	NA	NA	NA	NA	NA	NA	NA	NA	NA	NA	NA	NA	NA	NA	NA	NA	NA	NA	NA	NA	NA	NA	NA	NA	NA	NA	NA	NA	NA	NA	NA	NA	NA	NA	NA	NA	NA	NA	NA	NA	NA	NA	NA	NA	NA	NA	NA	NA	NA	NA	NA	NA	NA	NA	NA	NA	NA	NA	NA	NA	NA	NA	NA	NA	NA	NA	NA
PL8	21.68483	28.92712	36.68819	26.15439	18.17195	20.24998	32.17627	54.5025	52.48155	63.30612	63.3953	59.32204	63.30376	31.80806	137.70765	126.28144	78.69487	128.80299	101.88111	61.04866	46.05973	21.30911	53.78619	29.46008	39.13948	32.32488	52.42094	37.18339	58.52021	35.63974	49.53486	63.37017	51.84242	58.2599	80.19497	38.95665	17.01109	27.83207	41.334	46.26619	39.34762	60.31294	23.66035	36.13277	48.20603	27.7795	37.77031	52.80028	106.32041	48.7364	54.13073	48.15778	28.78097	72.57728	25.5781	38.61213	16.06086	20.81042	21.38531	23.1925	26.16593	12.88578	7.74763	27.28724	34.51801	29.0486	17.49973	12.1583	43.57188	63.63861	36.77523	27.17188	41.69312	29.65628	30.88325	28.41767	30.51011	8.52922	18.32336	34.27321	29.83032	46.90217	52.15217	80.2028	62.42634	44.82973	33.47762	48.50524	57.61651	48.72872	21.86466	36.5937	20.34822	18.34512	161.96211	32.73561	25.22711	36.32231	28.64526	28.08173	20.95766	28.55797	34.81224	66.95649	75.25877	94.08854	72.06215	79.77724	72.51937	78.70334	92.10698	71.99532	14.715	71.0985	98.00811	30.07761	32.22204	25.50921	26.36478	11.10861	11.33418	11.18584	42.68598	46.98604	88.56646	102.62279	55.89346	62.55047	15.71042	15.967	22.46234	16.35145	78.04172	43.78862	39.81842	62.17921	73.58142	55.12873	72.49239	75.31908	26.41516	15.95608	19.1423	23.06138	97.47135	121.10639	114.5068	89.00196	61.87714	34.6736	57.95807	35.5528	65.98604	64.64971	49.55894	60.50919	69.41062	59.7823	50.17633	35.0334	39.01649	54.21002	24.06008	41.46088	86.8307	74.71091	47.41227	75.73208	59.71211	42.62822	22.70767	12.52623	30.29407	24.54523	25.56131	25.44486	55.84461	84.73528	69.89052	93.6253	53.04161	40.73938	19.56192	38.81572	82.8264	71.38921	124.15451	129.26095	68.67375	75.05058	96.02078	92.23142	29.34064	22.38211	3.78333	1.1712	34.54905	14.13135	22.89562	12.57079	68.00483	49.6161	46.97257	56.78265	18.15356	34.25898	58.92503	63.41877	18.88663	25.5176	18.13488	9.38939	19.47244	16.02475	21.03602	10.72679	26.1733	28.45804	57.96446	62.42323	34.08389	38.65507	NA	NA	NA	NA	NA	NA	NA	NA	NA	NA	NA	NA	NA	NA	NA	NA	NA	NA	NA	NA	NA	NA	NA	NA	NA	NA	NA	NA	NA	NA	NA	NA	NA	NA	NA	NA	NA	NA	NA	NA	NA	NA	NA	NA	NA	NA	NA	NA	NA	NA	NA	NA	NA	NA	NA	NA	NA	NA	NA	NA	NA	NA	NA	NA	NA	NA	NA	NA	NA	NA	NA	NA	NA	NA	NA	NA	NA	NA	NA	NA	NA	NA	NA	NA	NA	NA	NA	NA	NA	NA	NA	NA	NA	NA	NA	NA	NA	NA	NA	NA	NA	NA	NA	NA	NA	NA	NA	NA	NA	NA	NA	NA	NA	NA	NA	NA	NA	NA	NA	NA	NA	NA	NA	NA	NA	NA	NA	NA	NA	NA	NA	NA	NA	NA	NA	NA	NA	NA	NA	NA	NA	NA	NA	NA	NA	NA	NA	NA	NA	NA	NA	NA	NA	NA	NA
PL8_1	NA	NA	NA	NA	NA	NA	NA	NA	NA	NA	NA	NA	NA	NA	0.20756	NA	NA	NA	NA	NA	NA	NA	NA	NA	NA	NA	NA	NA	NA	NA	NA	NA	NA	NA	NA	NA	NA	NA	NA	NA	NA	NA	NA	NA	NA	NA	NA	NA	NA	NA	NA	NA	NA	NA	NA	0.55435	NA	NA	NA	0.10004	0.19656	NA	NA	NA	NA	0.19473	NA	NA	NA	NA	NA	NA	NA	NA	NA	NA	0.29527	0.20263	NA	NA	NA	NA	NA	NA	NA	NA	NA	NA	NA	NA	NA	NA	NA	NA	NA	NA	NA	NA	NA	NA	NA	NA	NA	NA	NA	NA	NA	NA	NA	NA	NA	NA	NA	NA	NA	NA	NA	NA	0.41327	NA	NA	NA	NA	NA	NA	NA	NA	NA	NA	NA	NA	NA	NA	NA	NA	NA	NA	NA	NA	NA	NA	NA	NA	NA	NA	NA	NA	0.1531	NA	NA	NA	NA	NA	NA	NA	NA	NA	NA	NA	NA	NA	NA	NA	NA	NA	NA	NA	NA	NA	NA	NA	NA	NA	NA	NA	NA	NA	NA	NA	NA	NA	NA	NA	NA	NA	NA	NA	NA	NA	NA	NA	NA	NA	NA	NA	NA	NA	NA	NA	NA	NA	NA	NA	NA	NA	NA	NA	NA	NA	NA	0.15768	NA	NA	NA	NA	NA	NA	NA	NA	NA	NA	NA	NA	NA	NA	NA	NA	NA	NA	NA	NA	NA	NA	NA	NA	NA	NA	NA	NA	NA	NA	NA	NA	NA	NA	NA	NA	NA	NA	NA	NA	NA	NA	NA	NA	NA	NA	NA	NA	NA	NA	NA	NA	NA	NA	NA	NA	NA	NA	NA	NA	NA	NA	NA	NA	NA	NA	NA	NA	NA	NA	NA	NA	NA	NA	NA	NA	NA	NA	NA	NA	NA	NA	NA	NA	NA	NA	NA	NA	NA	NA	NA	NA	NA	NA	NA	NA	NA	NA	NA	NA	NA	NA	NA	NA	NA	NA	NA	NA	NA	NA	NA	NA	NA	NA	NA	NA	NA	NA	NA	NA	NA	NA	NA	NA	NA	NA	NA	NA	NA	NA	NA	NA	NA	NA	NA	NA	NA	NA	NA	NA	NA	NA	NA	NA	NA	NA	NA	NA	NA	NA	NA	NA	NA	NA	NA	NA	NA	NA	NA	NA	NA	NA	NA	NA	NA	NA
PL8_2	9.70077	11.61055	9.26882	12.42461	2.71882	3.76068	12.45516	23.75722	16.64306	35.67966	35.24306	24.12238	25.79429	9.90504	137.38464	121.61331	83.23596	131.86245	109.24644	59.63809	44.43657	12.05011	40.92408	23.84462	30.46941	23.92495	16.99807	22.6677	35.10465	21.2075	34.21865	33.27144	37.43929	37.52874	47.96236	17.4891	11.98635	20.76594	27.34556	19.14107	18.37488	37.50243	26.01712	30.06478	49.13303	44.04431	38.38507	33.24003	98.53219	35.05851	67.13237	37.60769	23.16645	90.58472	17.07536	18.12494	3.58131	6.80409	13.54757	7.55932	13.44548	7.15348	4.07214	10.35776	9.70306	9.88791	12.74797	8.45896	32.56528	34.78079	32.89886	11.51245	27.37957	19.15533	20.19726	19.28159	24.48989	2.53247	18.91255	19.98911	36.6865	41.50492	31.21997	46.77242	36.24904	27.93383	17.95491	25.41412	31.90702	55.7132	26.52453	35.55925	21.29698	10.90644	103.87562	32.07628	63.14673	66.70737	126.29245	115.15902	147.74655	157.10102	88.76072	61.56262	48.06309	64.1666	55.71708	64.19446	61.2752	64.49157	84.34413	65.46722	11.76638	82.83783	112.39826	44.5782	25.23754	9.57879	13.17489	3.25112	5.07858	4.45798	23.36781	31.35442	54.03302	63.14708	39.99987	39.46523	3.45745	7.10845	6.13892	3.11555	34.46069	22.16872	13.79517	26.4798	43.48561	50.56185	57.53204	75.44162	12.37512	5.65276	4.91475	7.66817	80.71621	94.7701	95.86195	71.18717	33.67106	18.74534	32.02114	18.68513	44.78926	30.94879	31.58628	29.17541	52.48683	34.52736	45.37815	19.22137	32.07888	32.81005	24.79496	34.19938	61.65363	61.63535	36.04255	47.37441	37.26751	19.67278	10.65099	6.943	17.39302	16.99572	25.10742	12.61237	34.70079	29.63026	38.03698	34.21951	20.83098	19.54754	14.77454	17.07915	106.12472	97.3759	118.75206	48.44553	53.6509	42.54234	91.89694	50.29784	7.64598	3.06304	0.2056	0.37241	NA	4.59848	8.96466	5.68251	61.15514	46.56393	85.79172	58.19386	17.59727	26.02098	36.73541	36.33241	8.65328	9.91764	8.33044	2.56875	7.81201	9.98659	6.21238	3.66644	98.82885	30.45051	77.58759	51.61509	22.8308	37.04842	NA	NA	NA	NA	NA	NA	NA	NA	NA	NA	NA	NA	NA	NA	NA	NA	NA	NA	NA	NA	NA	NA	NA	NA	NA	NA	NA	NA	NA	NA	NA	NA	NA	NA	NA	NA	NA	NA	NA	NA	NA	NA	NA	NA	NA	NA	NA	NA	NA	NA	NA	NA	NA	NA	NA	NA	NA	NA	NA	NA	NA	NA	NA	NA	NA	NA	NA	NA	NA	NA	NA	NA	NA	NA	NA	NA	NA	NA	NA	NA	NA	NA	NA	NA	NA	NA	NA	NA	NA	NA	NA	NA	NA	NA	NA	NA	NA	NA	NA	NA	NA	NA	NA	NA	NA	NA	NA	NA	NA	NA	NA	NA	NA	NA	NA	NA	NA	NA	NA	NA	NA	NA	NA	NA	NA	NA	NA	NA	NA	NA	NA	NA	NA	NA	NA	NA	NA	NA	NA	NA	NA	NA	NA	NA	NA	NA	NA	NA	NA	NA	NA	NA	NA	NA	NA
PL8_3	5.29509	4.93287	4.93754	4.61818	0.68218	2.04353	10.87073	17.14937	9.72102	35.8123	27.69724	17.50789	17.79805	6.96233	60.85321	69.20124	30.49804	53.56923	45.97094	25.34517	10.70552	8.24246	24.01942	19.63781	20.8682	18.07702	14.28883	12.1429	27.36772	13.4847	17.59956	19.67338	12.91933	17.09422	32.02584	1.44976	0.86901	1.48963	2.60714	1.07722	0.59462	13.77988	9.32532	13.42357	13.62822	26.74475	17.41892	17.75835	58.04395	12.68807	35.88129	17.37185	11.60749	47.3048	7.42857	9.61229	2.48615	3.47715	3.7671	1.67739	4.52402	1.44831	0.19672	2.6013	1.82514	1.48236	1.64913	2.60529	12.60227	12.7374	10.94591	0.81375	5.77002	5.44097	3.98897	6.84994	4.22127	1.03027	1.47464	5.55604	4.93144	9.44633	43.8681	73.45899	75.74331	51.93672	24.93729	38.45481	44.65711	15.26043	15.34284	11.46429	4.63584	5.63683	162.2981	24.19722	7.09251	7.33812	9.47301	6.30965	5.33523	3.786	6.98248	26.35235	23.76834	43.86965	27.12201	43.89499	33.40733	27.88951	29.56041	35.79061	3.54966	48.64481	64.25751	21.70581	14.79706	4.9163	5.11698	0.53413	2.49359	1.47091	5.32974	14.71138	24.72131	33.24862	7.66933	6.78418	3.59644	3.46304	3.42611	2.104	19.49394	12.08627	10.45415	15.38123	15.7507	19.8122	31.37849	32.2235	4.53439	0.46981	3.00763	3.03858	39.74344	52.14825	49.26647	36.4275	25.01679	15.57033	23.87373	13.73627	64.40863	47.74598	35.74224	37.70843	29.05074	19.26145	57.67902	26.17015	15.14209	13.92066	15.59863	17.99406	6.66766	7.90901	5.52383	7.84916	16.3449	7.58844	4.90789	1.78455	4.92631	4.51813	2.32452	2.86788	17.32614	17.89994	12.83521	19.72147	3.41132	1.97067	0.9825	1.44618	26.45578	21.93583	11.24878	32.56284	1.73385	1.52341	2.85468	1.36028	3.73984	4.01167	0.08071	0.08615	NA	4.44108	4.13966	2.43835	9.72672	12.37938	44.05924	21.66004	6.99361	11.76112	15.0777	17.93491	2.7809	4.12722	3.1046	0.23631	2.04551	1.74624	1.19222	0.64884	7.57999	8.21583	9.79317	3.55578	5.06072	20.19606	NA	NA	NA	NA	NA	NA	NA	NA	NA	NA	NA	NA	NA	NA	NA	NA	NA	NA	NA	NA	NA	NA	NA	NA	NA	NA	NA	NA	NA	NA	NA	NA	NA	NA	NA	NA	NA	NA	NA	NA	NA	NA	NA	NA	NA	NA	NA	NA	NA	NA	NA	NA	NA	NA	NA	NA	NA	NA	NA	NA	NA	NA	NA	NA	NA	NA	NA	NA	NA	NA	NA	NA	NA	NA	NA	NA	NA	NA	NA	NA	NA	NA	NA	NA	NA	NA	NA	NA	NA	NA	NA	NA	NA	NA	NA	NA	NA	NA	NA	NA	NA	NA	NA	NA	NA	NA	NA	NA	NA	NA	NA	NA	NA	NA	NA	NA	NA	NA	NA	NA	NA	NA	NA	NA	NA	NA	NA	NA	NA	NA	NA	NA	NA	NA	NA	NA	NA	NA	NA	NA	NA	NA	NA	NA	NA	NA	NA	NA	NA	NA	NA	NA	NA	NA	NA
PL9	10.70443	9.16927	7.49208	6.63884	3.9249	2.39477	11.04944	13.63693	11.3542	22.64157	19.0201	28.93555	22.57055	10.25262	16.83251	22.14467	23.19836	23.62478	31.65414	12.41657	6.2904	4.54508	16.3643	4.93933	6.5627	10.97032	6.39075	7.7807	2.95606	6.50947	12.08073	11.44032	5.27414	9.31088	5.97356	5.07551	11.43255	26.23184	19.15594	13.29532	20.25375	4.61137	13.92256	11.86669	8.54262	21.69899	19.9109	24.12137	27.00417	23.6123	28.83871	14.21879	25.94487	14.62699	7.619	8.46412	6.81885	8.73085	11.85211	21.48031	9.36321	5.69099	13.65119	18.06112	25.2394	21.18045	10.7812	11.77577	3.75226	6.3671	11.33981	8.15548	16.41057	5.99605	2.40896	1.96122	7.73692	0.38815	1.18492	4.49814	3.40022	1.49221	10.26936	15.5145	21.32945	23.498	21.40526	19.80533	24.00459	4.64747	5.26145	7.66209	5.09893	10.65399	2.48954	13.19293	8.29605	13.63658	13.06641	8.38521	7.70504	5.65756	5.93099	13.43443	16.28497	20.82619	23.92084	24.74142	22.94439	5.46253	37.20251	27.71483	6.70554	9.35279	11.02529	6.49235	3.68865	7.57637	9.51712	9.17124	9.62482	5.61303	4.65499	3.78525	1.45367	12.48446	53.87312	60.13181	5.86238	4.67649	52.01843	41.86272	6.07015	10.05463	69.45677	71.5523	7.8264	4.45692	15.9523	10.17224	6.83912	5.17922	10.88919	6.06338	17.3272	21.47184	15.68556	13.64418	4.02852	3.87089	24.30768	24.6632	6.91837	19.92254	148.02847	21.37604	7.10649	4.75035	20.52202	40.59992	8.97704	16.09233	57.68834	138.92203	14.58865	16.08242	22.67303	16.72718	2.39281	5.08955	4.1961	5.7558	3.18799	2.74493	9.47822	4.46944	16.79503	16.46884	20.06587	18.39043	29.70335	20.34281	33.83194	24.69741	20.70021	25.47035	51.35202	27.63195	37.90451	8.79842	58.43494	14.38478	0.82379	0.38032	NA	0.00401	NA	0.72412	1.13275	0.27607	13.14983	19.54342	56.41955	45.44815	10.30998	13.3544	33.88847	23.074	6.11757	6.61732	16.97662	7.06273	10.65929	4.80905	14.91867	5.82434	3.01754	3.06355	25.35673	55.31887	14.20033	19.90797	NA	NA	NA	NA	NA	NA	NA	NA	NA	NA	NA	NA	NA	NA	NA	NA	NA	NA	NA	NA	NA	NA	NA	NA	NA	NA	NA	NA	NA	NA	NA	NA	NA	NA	NA	NA	NA	NA	NA	NA	NA	NA	NA	NA	NA	NA	NA	NA	NA	NA	NA	NA	NA	NA	NA	NA	NA	NA	NA	NA	NA	NA	NA	NA	NA	NA	NA	NA	NA	NA	NA	NA	NA	NA	NA	NA	NA	NA	NA	NA	NA	NA	NA	NA	NA	NA	NA	NA	NA	NA	NA	NA	NA	NA	NA	NA	NA	NA	NA	NA	NA	NA	NA	NA	NA	NA	NA	NA	NA	NA	NA	NA	NA	NA	NA	NA	NA	NA	NA	NA	NA	NA	NA	NA	NA	NA	NA	NA	NA	NA	NA	NA	NA	NA	NA	NA	NA	NA	NA	NA	NA	NA	NA	NA	NA	NA	NA	NA	NA	NA	NA	NA	NA	NA	NA
PL9_1	22.67207	22.49184	20.97383	26.84364	17.15178	23.38107	17.74248	57.12361	39.67653	61.98915	42.06188	91.69418	71.29236	26.93545	50.0745	50.41058	46.49158	57.65275	67.72788	25.43736	11.6113	17.50547	46.0073	23.60265	43.11151	60.98848	48.00128	29.53999	12.6098	22.42887	31.15658	39.4584	19.09214	35.07159	19.33869	34.64072	41.92719	108.3344	87.38256	79.47976	81.90759	21.97195	30.7107	23.43066	33.82654	29.6512	33.99378	118.40794	64.20607	116.95443	97.39028	103.97978	125.07087	65.92587	24.12262	27.88943	14.87795	36.37469	40.90713	59.24729	36.68493	13.40201	14.66642	57.06495	74.44863	64.09585	56.82602	56.83317	10.43991	23.3093	38.60264	19.31902	67.35413	15.22038	16.82041	4.84047	7.16815	1.43554	5.4024	6.81454	14.04698	6.27514	15.74128	24.37513	50.73404	59.80323	58.75154	39.83338	38.02757	18.4728	20.72748	52.68817	48.71545	40.1583	43.6017	33.09225	11.86041	17.67326	26.25403	24.67992	41.96923	13.77207	14.42883	36.61758	33.57725	49.00092	70.63847	64.22109	61.85194	23.84693	108.14576	75.65076	18.70594	49.88951	50.55771	48.21515	21.31518	19.23123	17.89616	16.48957	19.95	32.19312	24.4586	16.39559	14.77449	28.61161	118.49361	115.65947	12.74783	15.21523	43.48195	40.30773	20.41627	37.53827	141.9462	122.92724	39.50147	38.04869	30.99921	27.7717	10.24537	6.87356	19.2783	18.30516	35.30189	39.08423	69.33565	138.12987	14.34586	18.78643	81.7618	76.76692	21.38027	31.52929	117.87212	21.12905	33.88247	16.91799	90.30591	99.24386	14.36126	21.94686	44.07429	72.56469	34.44232	23.52816	65.88558	30.66011	16.27146	21.47615	18.38218	25.79408	3.28566	5.97486	10.65332	10.80289	37.21841	41.37674	54.18788	46.09664	91.00506	61.01531	123.12286	86.20193	52.69841	80.27057	110.19788	20.65997	50.9596	23.95209	52.79637	32.95291	15.41097	9.27153	4.04866	0.7646	41.86732	4.14234	7.20331	5.9853	28.08384	45.15369	91.20467	134.81635	46.85668	47.11567	104.91212	120.85641	19.42387	21.41981	42.71614	18.95422	22.437	10.42721	22.90616	10.33501	4.97358	5.81536	29.63364	63.9593	24.81199	47.83671	NA	NA	NA	NA	NA	NA	NA	NA	NA	NA	NA	NA	NA	NA	NA	NA	NA	NA	NA	NA	NA	NA	NA	NA	NA	NA	NA	NA	NA	NA	NA	NA	NA	NA	NA	NA	NA	NA	NA	NA	NA	NA	NA	NA	NA	NA	NA	NA	NA	NA	NA	NA	NA	NA	NA	NA	NA	NA	NA	NA	NA	NA	NA	NA	NA	NA	NA	NA	NA	NA	NA	NA	NA	NA	NA	NA	NA	NA	NA	NA	NA	NA	NA	NA	NA	NA	NA	NA	NA	NA	NA	NA	NA	NA	NA	NA	NA	NA	NA	NA	NA	NA	NA	NA	NA	NA	NA	NA	NA	NA	NA	NA	NA	NA	NA	NA	NA	NA	NA	NA	NA	NA	NA	NA	NA	NA	NA	NA	NA	NA	NA	NA	NA	NA	NA	NA	NA	NA	NA	NA	NA	NA	NA	NA	NA	NA	NA	NA	NA	NA	NA	NA	NA	NA	NA
PL9_2	6.66692	5.79765	7.00653	6.03636	2.39274	4.93731	4.83161	7.88305	4.1106	5.25534	3.29019	6.8626	5.1511	1.05491	NA	NA	NA	NA	NA	15.55762	11.42352	8.57104	15.95537	14.29986	16.04485	10.69146	9.65387	6.34341	18.39081	9.51875	17.83534	16.29008	18.47481	24.12564	26.18283	NA	NA	NA	NA	NA	NA	20.63533	2.62305	4.8379	6.48462	2.11675	6.76447	16.74367	38.42769	10.10483	9.66937	8.6838	13.64289	32.82283	9.41224	6.70778	2.21496	5.42131	4.4553	2.22074	5.61527	3.36212	6.1412	2.22003	6.07314	4.45288	4.57345	4.24445	1.96938	5.09753	6.77288	2.46483	3.80412	4.45147	2.19909	7.47375	3.88801	1.16305	1.58372	5.10865	7.82732	10.23332	10.3135	8.55183	5.71434	7.30587	5.67866	8.8268	9.44179	4.17927	2.09396	2.80608	6.05739	7.51536	12.59067	4.46014	7.31417	8.20075	14.8854	1.89722	7.15489	5.69057	12.532	5.95898	3.32851	6.37241	4.02501	1.19666	4.14944	9.45691	10.47046	6.36312	5.30868	3.8246	8.0638	7.50809	0.91179	4.42832	7.28578	1.65086	2.96326	2.31822	12.70102	31.01346	7.83779	6.76019	5.33897	5.50688	3.54565	3.15055	18.76569	16.37035	10.80708	4.32471	3.4687	8.53458	17.03853	10.27385	21.663	12.24357	5.99242	1.3171	4.01945	2.89186	22.12466	19.08152	29.3357	24.02438	8.1731	6.44098	8.99503	6.02434	12.55812	5.61109	29.70876	4.63874	0.54989	0.90393	0.6587	2.10722	10.17483	6.21619	14.76012	39.68972	16.98107	15.64756	8.55917	21.03281	13.48566	4.42536	2.60664	2.02941	3.94001	9.23574	6.34466	3.0885	21.6047	26.59327	23.21341	15.84867	0.10294	0.1014	0.73322	0.11627	NA	0.16544	NA	5.66817	11.16665	1.35509	18.4342	3.06566	3.12202	1.96801	0.29262	0.09474	NA	3.27051	6.58671	4.14082	5.47172	6.65968	5.41857	5.44872	8.05274	8.7308	16.07821	14.89607	3.93088	5.82989	4.42624	2.445	5.33177	2.50711	1.63021	1.05606	8.42889	9.39591	13.7674	7.02708	2.68604	6.36079	NA	NA	NA	NA	NA	NA	NA	NA	NA	NA	NA	NA	NA	NA	NA	NA	NA	NA	NA	NA	NA	NA	NA	NA	NA	NA	NA	NA	NA	NA	NA	NA	NA	NA	NA	NA	NA	NA	NA	NA	NA	NA	NA	NA	NA	NA	NA	NA	NA	NA	NA	NA	NA	NA	NA	NA	NA	NA	NA	NA	NA	NA	NA	NA	NA	NA	NA	NA	NA	NA	NA	NA	NA	NA	NA	NA	NA	NA	NA	NA	NA	NA	NA	NA	NA	NA	NA	NA	NA	NA	NA	NA	NA	NA	NA	NA	NA	NA	NA	NA	NA	NA	NA	NA	NA	NA	NA	NA	NA	NA	NA	NA	NA	NA	NA	NA	NA	NA	NA	NA	NA	NA	NA	NA	NA	NA	NA	NA	NA	NA	NA	NA	NA	NA	NA	NA	NA	NA	NA	NA	NA	NA	NA	NA	NA	NA	NA	NA	NA	NA	NA	NA	NA	NA	NA
PL9_4	NA	NA	NA	NA	NA	NA	NA	NA	NA	NA	NA	NA	NA	NA	NA	NA	NA	NA	NA	NA	NA	NA	NA	NA	NA	NA	NA	NA	NA	NA	1.33887	NA	NA	NA	NA	NA	NA	NA	NA	NA	NA	NA	0.32834	NA	NA	0.32039	NA	NA	NA	NA	NA	NA	NA	NA	NA	NA	NA	NA	NA	NA	NA	NA	NA	NA	NA	NA	NA	NA	NA	NA	NA	0.15818	NA	NA	NA	NA	NA	NA	NA	NA	NA	0.33067	NA	NA	NA	NA	NA	NA	NA	NA	NA	NA	NA	NA	NA	NA	NA	NA	NA	NA	NA	NA	NA	NA	NA	NA	NA	NA	NA	0.18546	NA	NA	NA	NA	NA	NA	NA	NA	NA	NA	NA	NA	NA	NA	NA	NA	NA	NA	NA	NA	NA	NA	0.13219	NA	NA	NA	NA	NA	NA	NA	NA	NA	NA	NA	NA	NA	NA	NA	NA	NA	NA	NA	NA	NA	NA	NA	NA	NA	NA	NA	NA	NA	NA	NA	NA	NA	NA	NA	0.77084	NA	NA	0.2766	NA	NA	NA	NA	NA	NA	NA	NA	NA	NA	NA	NA	NA	NA	NA	NA	NA	NA	NA	NA	NA	NA	NA	NA	NA	NA	NA	NA	0.25432	NA	NA	NA	NA	NA	NA	NA	NA	NA	NA	NA	0.1291	NA	NA	NA	NA	NA	NA	NA	NA	NA	NA	NA	NA	NA	NA	NA	NA	NA	NA	NA	NA	NA	NA	NA	NA	NA	NA	NA	NA	NA	NA	NA	NA	NA	NA	NA	NA	NA	NA	NA	NA	NA	NA	NA	NA	NA	NA	NA	NA	NA	NA	NA	NA	NA	NA	NA	NA	NA	NA	NA	NA	NA	NA	NA	NA	NA	NA	NA	NA	NA	NA	NA	NA	NA	NA	NA	NA	NA	NA	NA	NA	NA	NA	NA	NA	NA	NA	NA	NA	NA	NA	NA	NA	NA	NA	NA	NA	NA	NA	NA	NA	NA	NA	NA	NA	NA	NA	NA	NA	NA	NA	NA	NA	NA	NA	NA	NA	NA	NA	NA	NA	NA	NA	NA	NA	NA	NA	NA	NA	NA	NA	NA	NA	NA	NA	NA	NA	NA	NA	NA	NA	NA	NA	NA	NA	NA	NA	NA	NA	NA	NA	NA	NA	NA	NA	NA	NA	NA	NA	NA	NA	NA	NA	NA	NA
