Run,Assay Type,AvgSpotLen,Bases,bio_material,BioProject,BioSample,Bytes,Center Name,collection_timepoint,Consent,DATASTORE filetype,DATASTORE provider,DATASTORE region,Diet,ENA-FIRST-PUBLIC (run),ENA_first_public,ENA-LAST-UPDATE (run),ENA_last_update,Experiment,external_id,host_scientific_name,INSDC_center_name,INSDC_first_public,INSDC_last_update,INSDC_status,Instrument,LibraryLayout,LibrarySelection,LibrarySource,Organism,Participant_ID,Platform,ReleaseDate,create_date,version,Sample Name,Sample_name,SRA Study,Submitter_Id,INSDC_center_alias,Scientific_Name
ERR5956517,OTHER,240,1975701349,Stool,PRJEB44020,SAMEA8793735,831752731,WASHINGTON UNIVERSITY CENTER FOR GENOME SCIENCES,Week1,public,"fastq,sra,run.zq","s3,gs,ncbi","s3.us-east-1,gs.us-east1,ncbi.public",Free diet,2022-04-14,2022-04-14,2022-04-14,2022-04-14,ERX5597038,SAMEA8793735,Homo sapiens,WASHINGTON UNIVERSITY CENTER FOR GENOME SCIENCES,2022-04-14T00:23:43Z,2022-04-14T00:23:43Z,public,unspecified,PAIRED,RANDOM,METAGENOMIC,metagenome,TP01-01,ILLUMINA,2022-04-14T00:00:00Z,2022-05-12T01:36:00Z,1,SAMEA8793735,TP01-01_Week1_Study1PeaFiber,ERP128019,TP01-01_Week1_Study1PeaFiber,WASHINGTON UNIVERSITY CENTER FOR GENOME SCIENCES,
ERR5956519,OTHER,243,1845790314,Stool,PRJEB44020,SAMEA8793736,783540908,WASHINGTON UNIVERSITY CENTER FOR GENOME SCIENCES,Week2,public,"run.zq,fastq,sra","ncbi,gs,s3","ncbi.public,gs.us-east1,s3.us-east-1",Free diet,2022-04-14,2022-04-14,2022-04-14,2022-04-14,ERX5597040,SAMEA8793736,Homo sapiens,WASHINGTON UNIVERSITY CENTER FOR GENOME SCIENCES,2022-04-14T00:23:43Z,2022-04-14T00:23:43Z,public,unspecified,PAIRED,RANDOM,METAGENOMIC,metagenome,TP01-01,ILLUMINA,2022-04-14T00:00:00Z,2022-05-12T01:36:00Z,1,SAMEA8793736,TP01-01_Week2_Study1PeaFiber,ERP128019,TP01-01_Week2_Study1PeaFiber,WASHINGTON UNIVERSITY CENTER FOR GENOME SCIENCES,
ERR5956520,OTHER,254,2122777781,Stool,PRJEB44020,SAMEA8793737,900090594,WASHINGTON UNIVERSITY CENTER FOR GENOME SCIENCES,Week3,public,"fastq,run.zq,sra","ncbi,s3,gs","s3.us-east-1,gs.us-east1,ncbi.public",Pea fiber (1 snack a day),2022-04-14,2022-04-14,2022-04-14,2022-04-14,ERX5597041,SAMEA8793737,Homo sapiens,WASHINGTON UNIVERSITY CENTER FOR GENOME SCIENCES,2022-04-14T00:23:43Z,2022-04-14T00:23:43Z,public,unspecified,PAIRED,RANDOM,METAGENOMIC,metagenome,TP01-01,ILLUMINA,2022-04-14T00:00:00Z,2022-05-12T01:36:00Z,1,SAMEA8793737,TP01-01_Week3_Study1PeaFiber,ERP128019,TP01-01_Week3_Study1PeaFiber,WASHINGTON UNIVERSITY CENTER FOR GENOME SCIENCES,
ERR5956522,OTHER,251,2002494336,Stool,PRJEB44020,SAMEA8793738,839378588,WASHINGTON UNIVERSITY CENTER FOR GENOME SCIENCES,Week4,public,"fastq,sra,run.zq","ncbi,gs,s3","s3.us-east-1,ncbi.public,gs.us-east1",Pea fiber (2 snacks a day),2022-04-14,2022-04-14,2022-04-14,2022-04-14,ERX5597043,SAMEA8793738,Homo sapiens,WASHINGTON UNIVERSITY CENTER FOR GENOME SCIENCES,2022-04-14T00:23:43Z,2022-04-14T00:23:43Z,public,unspecified,PAIRED,RANDOM,METAGENOMIC,metagenome,TP01-01,ILLUMINA,2022-04-14T00:00:00Z,2022-05-12T01:36:00Z,1,SAMEA8793738,TP01-01_Week4_Study1PeaFiber,ERP128019,TP01-01_Week4_Study1PeaFiber,WASHINGTON UNIVERSITY CENTER FOR GENOME SCIENCES,
ERR5956525,OTHER,244,2051952104,Stool,PRJEB44020,SAMEA8793739,965222803,WASHINGTON UNIVERSITY CENTER FOR GENOME SCIENCES,Week5,public,"fastq,run.zq,sra","s3,ncbi,gs","ncbi.public,gs.us-east1,s3.us-east-1",Pea fiber (3 snacks a day),2022-04-14,2022-04-14,2022-04-14,2022-04-14,ERX5597046,SAMEA8793739,Homo sapiens,WASHINGTON UNIVERSITY CENTER FOR GENOME SCIENCES,2022-04-14T00:23:43Z,2022-04-14T00:23:43Z,public,unspecified,PAIRED,RANDOM,METAGENOMIC,metagenome,TP01-01,ILLUMINA,2022-04-14T00:00:00Z,2022-05-12T01:36:00Z,1,SAMEA8793739,TP01-01_Week5_Study1PeaFiber,ERP128019,TP01-01_Week5_Study1PeaFiber,WASHINGTON UNIVERSITY CENTER FOR GENOME SCIENCES,
ERR5956527,OTHER,246,1971361244,Stool,PRJEB44020,SAMEA8793740,823141673,WASHINGTON UNIVERSITY CENTER FOR GENOME SCIENCES,Week8,public,"sra,run.zq,fastq","s3,ncbi,gs","gs.us-east1,ncbi.public,s3.us-east-1",Pea fiber (3 snacks a day),2022-04-14,2022-04-14,2022-04-14,2022-04-14,ERX5597048,SAMEA8793740,Homo sapiens,WASHINGTON UNIVERSITY CENTER FOR GENOME SCIENCES,2022-04-14T00:23:43Z,2022-04-14T00:23:43Z,public,unspecified,PAIRED,RANDOM,METAGENOMIC,metagenome,TP01-01,ILLUMINA,2022-04-14T00:00:00Z,2022-05-12T01:36:00Z,1,SAMEA8793740,TP01-01_Week8_Study1PeaFiber,ERP128019,TP01-01_Week8_Study1PeaFiber,WASHINGTON UNIVERSITY CENTER FOR GENOME SCIENCES,
ERR5956536,OTHER,244,1942427627,Stool,PRJEB44020,SAMEA8793741,825722385,WASHINGTON UNIVERSITY CENTER FOR GENOME SCIENCES,Week9,public,"sra,fastq,run.zq","s3,gs,ncbi","s3.us-east-1,gs.us-east1,ncbi.public",Free diet,2022-04-14,2022-04-14,2022-04-14,2022-04-14,ERX5597057,SAMEA8793741,Homo sapiens,WASHINGTON UNIVERSITY CENTER FOR GENOME SCIENCES,2022-04-14T00:23:43Z,2022-04-14T00:23:43Z,public,unspecified,PAIRED,RANDOM,METAGENOMIC,metagenome,TP01-01,ILLUMINA,2022-04-14T00:00:00Z,2022-05-12T23:36:00Z,1,SAMEA8793741,TP01-01_Week9_Study1PeaFiber,ERP128019,TP01-01_Week9_Study1PeaFiber,WASHINGTON UNIVERSITY CENTER FOR GENOME SCIENCES,
ERR5956561,OTHER,243,2093764924,Stool,PRJEB44020,SAMEA8793742,874419645,WASHINGTON UNIVERSITY CENTER FOR GENOME SCIENCES,Week1,public,"sra,run.zq,fastq","s3,ncbi,gs","ncbi.public,gs.us-east1,s3.us-east-1",Free diet,2022-04-14,2022-04-14,2022-04-14,2022-04-14,ERX5597082,SAMEA8793742,Homo sapiens,WASHINGTON UNIVERSITY CENTER FOR GENOME SCIENCES,2022-04-14T00:23:43Z,2022-04-14T00:23:43Z,public,unspecified,PAIRED,RANDOM,METAGENOMIC,metagenome,TP01-02,ILLUMINA,2022-04-14T00:00:00Z,2022-05-12T01:36:00Z,1,SAMEA8793742,TP01-02_Week1_Study1PeaFiber,ERP128019,TP01-02_Week1_Study1PeaFiber,WASHINGTON UNIVERSITY CENTER FOR GENOME SCIENCES,
ERR5956562,OTHER,245,2053467274,Stool,PRJEB44020,SAMEA8793743,860072906,WASHINGTON UNIVERSITY CENTER FOR GENOME SCIENCES,Week2,public,"sra,fastq,run.zq","ncbi,s3,gs","ncbi.public,s3.us-east-1,gs.us-east1",Free diet,2022-04-14,2022-04-14,2022-04-14,2022-04-14,ERX5597083,SAMEA8793743,Homo sapiens,WASHINGTON UNIVERSITY CENTER FOR GENOME SCIENCES,2022-04-14T00:23:43Z,2022-04-14T00:23:43Z,public,unspecified,PAIRED,RANDOM,METAGENOMIC,metagenome,TP01-02,ILLUMINA,2022-04-14T00:00:00Z,2022-05-12T23:37:00Z,1,SAMEA8793743,TP01-02_Week2_Study1PeaFiber,ERP128019,TP01-02_Week2_Study1PeaFiber,WASHINGTON UNIVERSITY CENTER FOR GENOME SCIENCES,
ERR5956563,OTHER,240,1985201204,Stool,PRJEB44020,SAMEA8793744,827878640,WASHINGTON UNIVERSITY CENTER FOR GENOME SCIENCES,Week3,public,"run.zq,fastq,sra","gs,ncbi,s3","s3.us-east-1,gs.us-east1,ncbi.public",Pea fiber (1 snack a day),2022-04-14,2022-04-14,2022-04-14,2022-04-14,ERX5597084,SAMEA8793744,Homo sapiens,WASHINGTON UNIVERSITY CENTER FOR GENOME SCIENCES,2022-04-14T00:23:43Z,2022-04-14T00:23:43Z,public,unspecified,PAIRED,RANDOM,METAGENOMIC,metagenome,TP01-02,ILLUMINA,2022-04-14T00:00:00Z,2022-05-12T23:37:00Z,1,SAMEA8793744,TP01-02_Week3_Study1PeaFiber,ERP128019,TP01-02_Week3_Study1PeaFiber,WASHINGTON UNIVERSITY CENTER FOR GENOME SCIENCES,
ERR5956565,OTHER,249,1935249600,Stool,PRJEB44020,SAMEA8793745,796761865,WASHINGTON UNIVERSITY CENTER FOR GENOME SCIENCES,Week4,public,"fastq,sra,run.zq","ncbi,gs,s3","gs.us-east1,s3.us-east-1,ncbi.public",Pea fiber (2 snacks a day),2022-04-14,2022-04-14,2022-04-14,2022-04-14,ERX5597086,SAMEA8793745,Homo sapiens,WASHINGTON UNIVERSITY CENTER FOR GENOME SCIENCES,2022-04-14T00:23:43Z,2022-04-14T00:23:43Z,public,unspecified,PAIRED,RANDOM,METAGENOMIC,metagenome,TP01-02,ILLUMINA,2022-04-14T00:00:00Z,2022-05-12T23:37:00Z,1,SAMEA8793745,TP01-02_Week4_Study1PeaFiber,ERP128019,TP01-02_Week4_Study1PeaFiber,WASHINGTON UNIVERSITY CENTER FOR GENOME SCIENCES,
ERR5956566,OTHER,257,2072738865,Stool,PRJEB44020,SAMEA8793746,860874638,WASHINGTON UNIVERSITY CENTER FOR GENOME SCIENCES,Week5,public,"run.zq,sra,fastq","s3,ncbi,gs","gs.us-east1,s3.us-east-1,ncbi.public",Pea fiber (3 snacks a day),2022-04-14,2022-04-14,2022-04-14,2022-04-14,ERX5597087,SAMEA8793746,Homo sapiens,WASHINGTON UNIVERSITY CENTER FOR GENOME SCIENCES,2022-04-14T00:23:43Z,2022-04-14T00:23:43Z,public,unspecified,PAIRED,RANDOM,METAGENOMIC,metagenome,TP01-02,ILLUMINA,2022-04-14T00:00:00Z,2022-05-12T23:37:00Z,1,SAMEA8793746,TP01-02_Week5_Study1PeaFiber,ERP128019,TP01-02_Week5_Study1PeaFiber,WASHINGTON UNIVERSITY CENTER FOR GENOME SCIENCES,
ERR5956567,OTHER,254,2041064014,Stool,PRJEB44020,SAMEA8793747,852304705,WASHINGTON UNIVERSITY CENTER FOR GENOME SCIENCES,Week8,public,"fastq,sra,run.zq","ncbi,s3,gs","gs.us-east1,ncbi.public,s3.us-east-1",Pea fiber (3 snacks a day),2022-04-14,2022-04-14,2022-04-14,2022-04-14,ERX5597088,SAMEA8793747,Homo sapiens,WASHINGTON UNIVERSITY CENTER FOR GENOME SCIENCES,2022-04-14T00:23:43Z,2022-04-14T00:23:43Z,public,unspecified,PAIRED,RANDOM,METAGENOMIC,metagenome,TP01-02,ILLUMINA,2022-04-14T00:00:00Z,2022-05-12T23:37:00Z,1,SAMEA8793747,TP01-02_Week8_Study1PeaFiber,ERP128019,TP01-02_Week8_Study1PeaFiber,WASHINGTON UNIVERSITY CENTER FOR GENOME SCIENCES,
ERR5956568,OTHER,256,2153149777,Stool,PRJEB44020,SAMEA8793748,895637114,WASHINGTON UNIVERSITY CENTER FOR GENOME SCIENCES,Week9,public,"sra,fastq,run.zq","s3,gs,ncbi","s3.us-east-1,ncbi.public,gs.us-east1",Free diet,2022-04-14,2022-04-14,2022-04-14,2022-04-14,ERX5597089,SAMEA8793748,Homo sapiens,WASHINGTON UNIVERSITY CENTER FOR GENOME SCIENCES,2022-04-14T00:23:43Z,2022-04-14T00:23:43Z,public,unspecified,PAIRED,RANDOM,METAGENOMIC,metagenome,TP01-02,ILLUMINA,2022-04-14T00:00:00Z,2022-05-12T23:37:00Z,1,SAMEA8793748,TP01-02_Week9_Study1PeaFiber,ERP128019,TP01-02_Week9_Study1PeaFiber,WASHINGTON UNIVERSITY CENTER FOR GENOME SCIENCES,
ERR5956569,OTHER,210,1591892809,Stool,PRJEB44020,SAMEA8793749,644478360,WASHINGTON UNIVERSITY CENTER FOR GENOME SCIENCES,Week1,public,"run.zq,fastq,sra","ncbi,s3,gs","ncbi.public,gs.us-east1,s3.us-east-1",Free diet,2022-04-14,2022-04-14,2022-04-14,2022-04-14,ERX5597090,SAMEA8793749,Homo sapiens,WASHINGTON UNIVERSITY CENTER FOR GENOME SCIENCES,2022-04-14T00:23:43Z,2022-04-14T00:23:43Z,public,unspecified,PAIRED,RANDOM,METAGENOMIC,metagenome,TP02-01,ILLUMINA,2022-04-14T00:00:00Z,2022-05-12T23:37:00Z,1,SAMEA8793749,TP02-01_Week1_Study1PeaFiber,ERP128019,TP02-01_Week1_Study1PeaFiber,WASHINGTON UNIVERSITY CENTER FOR GENOME SCIENCES,
ERR5956570,OTHER,232,1918726047,Stool,PRJEB44020,SAMEA8793750,801510162,WASHINGTON UNIVERSITY CENTER FOR GENOME SCIENCES,Week2,public,"sra,fastq,run.zq","ncbi,s3,gs","s3.us-east-1,gs.us-east1,ncbi.public",Free diet,2022-04-14,2022-04-14,2022-04-14,2022-04-14,ERX5597091,SAMEA8793750,Homo sapiens,WASHINGTON UNIVERSITY CENTER FOR GENOME SCIENCES,2022-04-14T00:23:43Z,2022-04-14T00:23:43Z,public,unspecified,PAIRED,RANDOM,METAGENOMIC,metagenome,TP02-01,ILLUMINA,2022-04-14T00:00:00Z,2022-05-12T23:37:00Z,1,SAMEA8793750,TP02-01_Week2_Study1PeaFiber,ERP128019,TP02-01_Week2_Study1PeaFiber,WASHINGTON UNIVERSITY CENTER FOR GENOME SCIENCES,
ERR5956572,OTHER,255,2163364939,Stool,PRJEB44020,SAMEA8793751,897169812,WASHINGTON UNIVERSITY CENTER FOR GENOME SCIENCES,Week3,public,"run.zq,fastq,sra","gs,s3,ncbi","gs.us-east1,ncbi.public,s3.us-east-1",Pea fiber (1 snack a day),2022-04-14,2022-04-14,2022-04-14,2022-04-14,ERX5597093,SAMEA8793751,Homo sapiens,WASHINGTON UNIVERSITY CENTER FOR GENOME SCIENCES,2022-04-14T00:23:43Z,2022-04-14T00:23:43Z,public,unspecified,PAIRED,RANDOM,METAGENOMIC,metagenome,TP02-01,ILLUMINA,2022-04-14T00:00:00Z,2022-05-12T23:39:00Z,1,SAMEA8793751,TP02-01_Week3_Study1PeaFiber,ERP128019,TP02-01_Week3_Study1PeaFiber,WASHINGTON UNIVERSITY CENTER FOR GENOME SCIENCES,
ERR5956573,OTHER,238,1987168929,Stool,PRJEB44020,SAMEA8793752,820504298,WASHINGTON UNIVERSITY CENTER FOR GENOME SCIENCES,Week4,public,"run.zq,sra,fastq","s3,gs,ncbi","s3.us-east-1,gs.us-east1,ncbi.public",Pea fiber (2 snacks a day),2022-04-14,2022-04-14,2022-04-14,2022-04-14,ERX5597094,SAMEA8793752,Homo sapiens,WASHINGTON UNIVERSITY CENTER FOR GENOME SCIENCES,2022-04-14T00:23:43Z,2022-04-14T00:23:43Z,public,unspecified,PAIRED,RANDOM,METAGENOMIC,metagenome,TP02-01,ILLUMINA,2022-04-14T00:00:00Z,2022-05-12T23:37:00Z,1,SAMEA8793752,TP02-01_Week4_Study1PeaFiber,ERP128019,TP02-01_Week4_Study1PeaFiber,WASHINGTON UNIVERSITY CENTER FOR GENOME SCIENCES,
ERR5956574,OTHER,241,2055249452,Stool,PRJEB44020,SAMEA8793753,840928375,WASHINGTON UNIVERSITY CENTER FOR GENOME SCIENCES,Week5,public,"run.zq,fastq,sra","gs,ncbi,s3","gs.us-east1,s3.us-east-1,ncbi.public",Pea fiber (3 snacks a day),2022-04-14,2022-04-14,2022-04-14,2022-04-14,ERX5597095,SAMEA8793753,Homo sapiens,WASHINGTON UNIVERSITY CENTER FOR GENOME SCIENCES,2022-04-14T00:23:43Z,2022-04-14T00:23:43Z,public,unspecified,PAIRED,RANDOM,METAGENOMIC,metagenome,TP02-01,ILLUMINA,2022-04-14T00:00:00Z,2022-05-12T23:37:00Z,1,SAMEA8793753,TP02-01_Week5_Study1PeaFiber,ERP128019,TP02-01_Week5_Study1PeaFiber,WASHINGTON UNIVERSITY CENTER FOR GENOME SCIENCES,
ERR5956576,OTHER,244,2043127984,Stool,PRJEB44020,SAMEA8793754,844627259,WASHINGTON UNIVERSITY CENTER FOR GENOME SCIENCES,Week8,public,"run.zq,sra,fastq","s3,gs,ncbi","gs.us-east1,s3.us-east-1,ncbi.public",Pea fiber (3 snacks a day),2022-04-14,2022-04-14,2022-04-14,2022-04-14,ERX5597097,SAMEA8793754,Homo sapiens,WASHINGTON UNIVERSITY CENTER FOR GENOME SCIENCES,2022-04-14T00:23:43Z,2022-04-14T00:23:43Z,public,unspecified,PAIRED,RANDOM,METAGENOMIC,metagenome,TP02-01,ILLUMINA,2022-04-14T00:00:00Z,2022-05-12T23:37:00Z,1,SAMEA8793754,TP02-01_Week8_Study1PeaFiber,ERP128019,TP02-01_Week8_Study1PeaFiber,WASHINGTON UNIVERSITY CENTER FOR GENOME SCIENCES,
ERR5956578,OTHER,241,2085307079,Stool,PRJEB44020,SAMEA8793755,869848034,WASHINGTON UNIVERSITY CENTER FOR GENOME SCIENCES,Week9,public,"fastq,run.zq,sra","s3,gs,ncbi","s3.us-east-1,gs.us-east1,ncbi.public",Free diet,2022-04-14,2022-04-14,2022-04-14,2022-04-14,ERX5597099,SAMEA8793755,Homo sapiens,WASHINGTON UNIVERSITY CENTER FOR GENOME SCIENCES,2022-04-14T00:23:43Z,2022-04-14T00:23:43Z,public,unspecified,PAIRED,RANDOM,METAGENOMIC,metagenome,TP02-01,ILLUMINA,2022-04-14T00:00:00Z,2022-05-12T23:39:00Z,1,SAMEA8793755,TP02-01_Week9_Study1PeaFiber,ERP128019,TP02-01_Week9_Study1PeaFiber,WASHINGTON UNIVERSITY CENTER FOR GENOME SCIENCES,
ERR5956579,OTHER,238,1889119483,Stool,PRJEB44020,SAMEA8793756,774508696,WASHINGTON UNIVERSITY CENTER FOR GENOME SCIENCES,Week1,public,"run.zq,fastq,sra","gs,ncbi,s3","gs.us-east1,s3.us-east-1,ncbi.public",Free diet,2022-04-14,2022-04-14,2022-04-14,2022-04-14,ERX5597100,SAMEA8793756,Homo sapiens,WASHINGTON UNIVERSITY CENTER FOR GENOME SCIENCES,2022-04-14T00:23:43Z,2022-04-14T00:23:43Z,public,unspecified,PAIRED,RANDOM,METAGENOMIC,metagenome,TP02-02,ILLUMINA,2022-04-14T00:00:00Z,2022-05-12T23:38:00Z,1,SAMEA8793756,TP02-02_Week1_Study1PeaFiber,ERP128019,TP02-02_Week1_Study1PeaFiber,WASHINGTON UNIVERSITY CENTER FOR GENOME SCIENCES,
ERR5956580,OTHER,245,2053726149,Stool,PRJEB44020,SAMEA8793757,854116394,WASHINGTON UNIVERSITY CENTER FOR GENOME SCIENCES,Week2,public,"sra,run.zq,fastq","ncbi,gs,s3","ncbi.public,gs.us-east1,s3.us-east-1",Free diet,2022-04-14,2022-04-14,2022-04-14,2022-04-14,ERX5597101,SAMEA8793757,Homo sapiens,WASHINGTON UNIVERSITY CENTER FOR GENOME SCIENCES,2022-04-14T00:23:43Z,2022-04-14T00:23:43Z,public,unspecified,PAIRED,RANDOM,METAGENOMIC,metagenome,TP02-02,ILLUMINA,2022-04-14T00:00:00Z,2022-05-12T23:37:00Z,1,SAMEA8793757,TP02-02_Week2_Study1PeaFiber,ERP128019,TP02-02_Week2_Study1PeaFiber,WASHINGTON UNIVERSITY CENTER FOR GENOME SCIENCES,
ERR5956581,OTHER,245,2097976208,Stool,PRJEB44020,SAMEA8793758,868214138,WASHINGTON UNIVERSITY CENTER FOR GENOME SCIENCES,Week3,public,"run.zq,sra,fastq","ncbi,gs,s3","s3.us-east-1,gs.us-east1,ncbi.public",Pea fiber (1 snack a day),2022-04-14,2022-04-14,2022-04-14,2022-04-14,ERX5597102,SAMEA8793758,Homo sapiens,WASHINGTON UNIVERSITY CENTER FOR GENOME SCIENCES,2022-04-14T00:23:43Z,2022-04-14T00:23:43Z,public,unspecified,PAIRED,RANDOM,METAGENOMIC,metagenome,TP02-02,ILLUMINA,2022-04-14T00:00:00Z,2022-05-12T23:38:00Z,1,SAMEA8793758,TP02-02_Week3_Study1PeaFiber,ERP128019,TP02-02_Week3_Study1PeaFiber,WASHINGTON UNIVERSITY CENTER FOR GENOME SCIENCES,
ERR5956583,OTHER,240,1843931238,Stool,PRJEB44020,SAMEA8793759,763840321,WASHINGTON UNIVERSITY CENTER FOR GENOME SCIENCES,Week4,public,"sra,run.zq,fastq","s3,gs,ncbi","s3.us-east-1,ncbi.public,gs.us-east1",Pea fiber (2 snacks a day),2022-04-14,2022-04-14,2022-04-14,2022-04-14,ERX5597104,SAMEA8793759,Homo sapiens,WASHINGTON UNIVERSITY CENTER FOR GENOME SCIENCES,2022-04-14T00:23:43Z,2022-04-14T00:23:43Z,public,unspecified,PAIRED,RANDOM,METAGENOMIC,metagenome,TP02-02,ILLUMINA,2022-04-14T00:00:00Z,2022-05-17T20:39:00Z,1,SAMEA8793759,TP02-02_Week4_Study1PeaFiber,ERP128019,TP02-02_Week4_Study1PeaFiber,WASHINGTON UNIVERSITY CENTER FOR GENOME SCIENCES,
ERR5956584,OTHER,243,2007495652,Stool,PRJEB44020,SAMEA8793760,837109348,WASHINGTON UNIVERSITY CENTER FOR GENOME SCIENCES,Week5,public,"sra,fastq,run.zq","ncbi,gs,s3","gs.us-east1,s3.us-east-1,ncbi.public",Pea fiber (3 snacks a day),2022-04-14,2022-04-14,2022-04-14,2022-04-14,ERX5597105,SAMEA8793760,Homo sapiens,WASHINGTON UNIVERSITY CENTER FOR GENOME SCIENCES,2022-04-14T00:23:43Z,2022-04-14T00:23:43Z,public,unspecified,PAIRED,RANDOM,METAGENOMIC,metagenome,TP02-02,ILLUMINA,2022-04-14T00:00:00Z,2022-05-12T23:37:00Z,1,SAMEA8793760,TP02-02_Week5_Study1PeaFiber,ERP128019,TP02-02_Week5_Study1PeaFiber,WASHINGTON UNIVERSITY CENTER FOR GENOME SCIENCES,
ERR5956585,OTHER,250,2020075659,Stool,PRJEB44020,SAMEA8793761,849672401,WASHINGTON UNIVERSITY CENTER FOR GENOME SCIENCES,Week8,public,"sra,fastq,run.zq","gs,ncbi,s3","s3.us-east-1,gs.us-east1,ncbi.public",Pea fiber (3 snacks a day),2022-04-14,2022-04-14,2022-04-14,2022-04-14,ERX5597106,SAMEA8793761,Homo sapiens,WASHINGTON UNIVERSITY CENTER FOR GENOME SCIENCES,2022-04-14T00:23:43Z,2022-04-14T00:23:43Z,public,unspecified,PAIRED,RANDOM,METAGENOMIC,metagenome,TP02-02,ILLUMINA,2022-04-14T00:00:00Z,2022-05-12T23:37:00Z,1,SAMEA8793761,TP02-02_Week8_Study1PeaFiber,ERP128019,TP02-02_Week8_Study1PeaFiber,WASHINGTON UNIVERSITY CENTER FOR GENOME SCIENCES,
ERR5956587,OTHER,251,2112397111,Stool,PRJEB44020,SAMEA8793762,882543220,WASHINGTON UNIVERSITY CENTER FOR GENOME SCIENCES,Week9,public,"fastq,sra,run.zq","gs,ncbi,s3","gs.us-east1,s3.us-east-1,ncbi.public",Free diet,2022-04-14,2022-04-14,2022-04-14,2022-04-14,ERX5597108,SAMEA8793762,Homo sapiens,WASHINGTON UNIVERSITY CENTER FOR GENOME SCIENCES,2022-04-14T00:23:43Z,2022-04-14T00:23:43Z,public,unspecified,PAIRED,RANDOM,METAGENOMIC,metagenome,TP02-02,ILLUMINA,2022-04-14T00:00:00Z,2022-05-12T23:38:00Z,1,SAMEA8793762,TP02-02_Week9_Study1PeaFiber,ERP128019,TP02-02_Week9_Study1PeaFiber,WASHINGTON UNIVERSITY CENTER FOR GENOME SCIENCES,
ERR5956588,OTHER,241,2095762463,Stool,PRJEB44020,SAMEA8793763,881740217,WASHINGTON UNIVERSITY CENTER FOR GENOME SCIENCES,Week1,public,"sra,fastq,run.zq","s3,ncbi,gs","s3.us-east-1,ncbi.public,gs.us-east1",Free diet,2022-04-14,2022-04-14,2022-04-14,2022-04-14,ERX5597109,SAMEA8793763,Homo sapiens,WASHINGTON UNIVERSITY CENTER FOR GENOME SCIENCES,2022-04-14T00:23:43Z,2022-04-14T00:23:43Z,public,unspecified,PAIRED,RANDOM,METAGENOMIC,metagenome,TP03-01,ILLUMINA,2022-04-14T00:00:00Z,2022-05-12T23:39:00Z,1,SAMEA8793763,TP03-01_Week1_Study1PeaFiber,ERP128019,TP03-01_Week1_Study1PeaFiber,WASHINGTON UNIVERSITY CENTER FOR GENOME SCIENCES,
ERR5956589,OTHER,252,2085782774,Stool,PRJEB44020,SAMEA8793764,863950894,WASHINGTON UNIVERSITY CENTER FOR GENOME SCIENCES,Week2,public,"run.zq,fastq,sra","s3,ncbi,gs","gs.us-east1,ncbi.public,s3.us-east-1",Free diet,2022-04-14,2022-04-14,2022-04-14,2022-04-14,ERX5597110,SAMEA8793764,Homo sapiens,WASHINGTON UNIVERSITY CENTER FOR GENOME SCIENCES,2022-04-14T00:23:43Z,2022-04-14T00:23:43Z,public,unspecified,PAIRED,RANDOM,METAGENOMIC,metagenome,TP03-01,ILLUMINA,2022-04-14T00:00:00Z,2022-05-12T23:41:00Z,1,SAMEA8793764,TP03-01_Week2_Study1PeaFiber,ERP128019,TP03-01_Week2_Study1PeaFiber,WASHINGTON UNIVERSITY CENTER FOR GENOME SCIENCES,
ERR5956590,OTHER,238,2036035602,Stool,PRJEB44020,SAMEA8793765,866711157,WASHINGTON UNIVERSITY CENTER FOR GENOME SCIENCES,Week3,public,"fastq,sra,run.zq","s3,gs,ncbi","s3.us-east-1,gs.us-east1,ncbi.public",Pea fiber (1 snack a day),2022-04-14,2022-04-14,2022-04-14,2022-04-14,ERX5597111,SAMEA8793765,Homo sapiens,WASHINGTON UNIVERSITY CENTER FOR GENOME SCIENCES,2022-04-14T00:23:43Z,2022-04-14T00:23:43Z,public,unspecified,PAIRED,RANDOM,METAGENOMIC,metagenome,TP03-01,ILLUMINA,2022-04-14T00:00:00Z,2022-05-12T23:37:00Z,1,SAMEA8793765,TP03-01_Week3_Study1PeaFiber,ERP128019,TP03-01_Week3_Study1PeaFiber,WASHINGTON UNIVERSITY CENTER FOR GENOME SCIENCES,
ERR5956592,OTHER,245,2106908674,Stool,PRJEB44020,SAMEA8793766,869007743,WASHINGTON UNIVERSITY CENTER FOR GENOME SCIENCES,Week4,public,"run.zq,sra,fastq","ncbi,gs,s3","gs.us-east1,ncbi.public,s3.us-east-1",Pea fiber (2 snacks a day),2022-04-14,2022-04-14,2022-04-14,2022-04-14,ERX5597113,SAMEA8793766,Homo sapiens,WASHINGTON UNIVERSITY CENTER FOR GENOME SCIENCES,2022-04-14T00:23:43Z,2022-04-14T00:23:43Z,public,unspecified,PAIRED,RANDOM,METAGENOMIC,metagenome,TP03-01,ILLUMINA,2022-04-14T00:00:00Z,2022-05-12T23:38:00Z,1,SAMEA8793766,TP03-01_Week4_Study1PeaFiber,ERP128019,TP03-01_Week4_Study1PeaFiber,WASHINGTON UNIVERSITY CENTER FOR GENOME SCIENCES,
ERR5956593,OTHER,245,2118299559,Stool,PRJEB44020,SAMEA8793767,876001110,WASHINGTON UNIVERSITY CENTER FOR GENOME SCIENCES,Week5,public,"fastq,sra,run.zq","ncbi,s3,gs","ncbi.public,s3.us-east-1,gs.us-east1",Pea fiber (3 snacks a day),2022-04-14,2022-04-14,2022-04-14,2022-04-14,ERX5597114,SAMEA8793767,Homo sapiens,WASHINGTON UNIVERSITY CENTER FOR GENOME SCIENCES,2022-04-14T00:23:43Z,2022-04-14T00:23:43Z,public,unspecified,PAIRED,RANDOM,METAGENOMIC,metagenome,TP03-01,ILLUMINA,2022-04-14T00:00:00Z,2022-05-12T23:39:00Z,1,SAMEA8793767,TP03-01_Week5_Study1PeaFiber,ERP128019,TP03-01_Week5_Study1PeaFiber,WASHINGTON UNIVERSITY CENTER FOR GENOME SCIENCES,
ERR5956594,OTHER,240,1861009974,Stool,PRJEB44020,SAMEA8793768,767750415,WASHINGTON UNIVERSITY CENTER FOR GENOME SCIENCES,Week8,public,"sra,fastq,run.zq","s3,gs,ncbi","ncbi.public,s3.us-east-1,gs.us-east1",Pea fiber (3 snacks a day),2022-04-14,2022-04-14,2022-04-14,2022-04-14,ERX5597115,SAMEA8793768,Homo sapiens,WASHINGTON UNIVERSITY CENTER FOR GENOME SCIENCES,2022-04-14T00:23:43Z,2022-04-14T00:23:43Z,public,unspecified,PAIRED,RANDOM,METAGENOMIC,metagenome,TP03-01,ILLUMINA,2022-04-14T00:00:00Z,2022-05-12T23:38:00Z,1,SAMEA8793768,TP03-01_Week8_Study1PeaFiber,ERP128019,TP03-01_Week8_Study1PeaFiber,WASHINGTON UNIVERSITY CENTER FOR GENOME SCIENCES,
ERR5956595,OTHER,247,2108013929,Stool,PRJEB44020,SAMEA8793769,874839789,WASHINGTON UNIVERSITY CENTER FOR GENOME SCIENCES,Week9,public,"sra,fastq,run.zq","ncbi,gs,s3","ncbi.public,s3.us-east-1,gs.us-east1",Free diet,2022-04-14,2022-04-14,2022-04-14,2022-04-14,ERX5597116,SAMEA8793769,Homo sapiens,WASHINGTON UNIVERSITY CENTER FOR GENOME SCIENCES,2022-04-14T00:23:43Z,2022-04-14T00:23:43Z,public,unspecified,PAIRED,RANDOM,METAGENOMIC,metagenome,TP03-01,ILLUMINA,2022-04-14T00:00:00Z,2022-05-12T23:40:00Z,1,SAMEA8793769,TP03-01_Week9_Study1PeaFiber,ERP128019,TP03-01_Week9_Study1PeaFiber,WASHINGTON UNIVERSITY CENTER FOR GENOME SCIENCES,
ERR5956596,OTHER,255,2227872260,Stool,PRJEB44020,SAMEA8793770,945152907,WASHINGTON UNIVERSITY CENTER FOR GENOME SCIENCES,Week1,public,"sra,run.zq,fastq","s3,gs,ncbi","ncbi.public,s3.us-east-1,gs.us-east1",Free diet,2022-04-14,2022-04-14,2022-04-14,2022-04-14,ERX5597117,SAMEA8793770,Homo sapiens,WASHINGTON UNIVERSITY CENTER FOR GENOME SCIENCES,2022-04-14T00:23:43Z,2022-04-14T00:23:43Z,public,unspecified,PAIRED,RANDOM,METAGENOMIC,metagenome,TP03-02,ILLUMINA,2022-04-14T00:00:00Z,2022-05-12T23:38:00Z,1,SAMEA8793770,TP03-02_Week1_Study1PeaFiber,ERP128019,TP03-02_Week1_Study1PeaFiber,WASHINGTON UNIVERSITY CENTER FOR GENOME SCIENCES,
ERR5956597,OTHER,254,2152659347,Stool,PRJEB44020,SAMEA8793771,900622627,WASHINGTON UNIVERSITY CENTER FOR GENOME SCIENCES,Week2,public,"fastq,run.zq,sra","ncbi,s3,gs","s3.us-east-1,gs.us-east1,ncbi.public",Free diet,2022-04-14,2022-04-14,2022-04-14,2022-04-14,ERX5597118,SAMEA8793771,Homo sapiens,WASHINGTON UNIVERSITY CENTER FOR GENOME SCIENCES,2022-04-14T00:23:43Z,2022-04-14T00:23:43Z,public,unspecified,PAIRED,RANDOM,METAGENOMIC,metagenome,TP03-02,ILLUMINA,2022-04-14T00:00:00Z,2022-05-12T23:38:00Z,1,SAMEA8793771,TP03-02_Week2_Study1PeaFiber,ERP128019,TP03-02_Week2_Study1PeaFiber,WASHINGTON UNIVERSITY CENTER FOR GENOME SCIENCES,
ERR5956598,OTHER,252,2203996449,Stool,PRJEB44020,SAMEA8793772,914588711,WASHINGTON UNIVERSITY CENTER FOR GENOME SCIENCES,Week3,public,"fastq,run.zq,sra","ncbi,gs,s3","gs.us-east1,s3.us-east-1,ncbi.public",Pea fiber (1 snack a day),2022-04-14,2022-04-14,2022-04-14,2022-04-14,ERX5597119,SAMEA8793772,Homo sapiens,WASHINGTON UNIVERSITY CENTER FOR GENOME SCIENCES,2022-04-14T00:23:43Z,2022-04-14T00:23:43Z,public,unspecified,PAIRED,RANDOM,METAGENOMIC,metagenome,TP03-02,ILLUMINA,2022-04-14T00:00:00Z,2022-05-12T23:45:00Z,1,SAMEA8793772,TP03-02_Week3_Study1PeaFiber,ERP128019,TP03-02_Week3_Study1PeaFiber,WASHINGTON UNIVERSITY CENTER FOR GENOME SCIENCES,
ERR5956599,OTHER,246,2114258047,Stool,PRJEB44020,SAMEA8793773,877981731,WASHINGTON UNIVERSITY CENTER FOR GENOME SCIENCES,Week4,public,"fastq,run.zq,sra","s3,ncbi,gs","gs.us-east1,ncbi.public,s3.us-east-1",Pea fiber (2 snacks a day),2022-04-14,2022-04-14,2022-04-14,2022-04-14,ERX5597120,SAMEA8793773,Homo sapiens,WASHINGTON UNIVERSITY CENTER FOR GENOME SCIENCES,2022-04-14T00:23:43Z,2022-04-14T00:23:43Z,public,unspecified,PAIRED,RANDOM,METAGENOMIC,metagenome,TP03-02,ILLUMINA,2022-04-14T00:00:00Z,2022-05-12T23:39:00Z,1,SAMEA8793773,TP03-02_Week4_Study1PeaFiber,ERP128019,TP03-02_Week4_Study1PeaFiber,WASHINGTON UNIVERSITY CENTER FOR GENOME SCIENCES,
ERR5956601,OTHER,246,2087269529,Stool,PRJEB44020,SAMEA8793774,873926051,WASHINGTON UNIVERSITY CENTER FOR GENOME SCIENCES,Week5,public,"run.zq,fastq,sra","s3,gs,ncbi","ncbi.public,gs.us-east1,s3.us-east-1",Pea fiber (3 snacks a day),2022-04-14,2022-04-14,2022-04-14,2022-04-14,ERX5597122,SAMEA8793774,Homo sapiens,WASHINGTON UNIVERSITY CENTER FOR GENOME SCIENCES,2022-04-14T00:23:43Z,2022-04-14T00:23:43Z,public,unspecified,PAIRED,RANDOM,METAGENOMIC,metagenome,TP03-02,ILLUMINA,2022-04-14T00:00:00Z,2022-05-12T23:39:00Z,1,SAMEA8793774,TP03-02_Week5_Study1PeaFiber,ERP128019,TP03-02_Week5_Study1PeaFiber,WASHINGTON UNIVERSITY CENTER FOR GENOME SCIENCES,
ERR5956602,OTHER,251,2143834206,Stool,PRJEB44020,SAMEA8793775,887328116,WASHINGTON UNIVERSITY CENTER FOR GENOME SCIENCES,Week8,public,"sra,fastq,run.zq","s3,ncbi,gs","ncbi.public,s3.us-east-1,gs.us-east1",Pea fiber (3 snacks a day),2022-04-14,2022-04-14,2022-04-14,2022-04-14,ERX5597123,SAMEA8793775,Homo sapiens,WASHINGTON UNIVERSITY CENTER FOR GENOME SCIENCES,2022-04-14T00:23:43Z,2022-04-14T00:23:43Z,public,unspecified,PAIRED,RANDOM,METAGENOMIC,metagenome,TP03-02,ILLUMINA,2022-04-14T00:00:00Z,2022-05-12T23:39:00Z,1,SAMEA8793775,TP03-02_Week8_Study1PeaFiber,ERP128019,TP03-02_Week8_Study1PeaFiber,WASHINGTON UNIVERSITY CENTER FOR GENOME SCIENCES,
ERR5956603,OTHER,249,2105787033,Stool,PRJEB44020,SAMEA8793776,878256051,WASHINGTON UNIVERSITY CENTER FOR GENOME SCIENCES,Week9,public,"fastq,run.zq,sra","gs,ncbi,s3","gs.us-east1,ncbi.public,s3.us-east-1",Free diet,2022-04-14,2022-04-14,2022-04-14,2022-04-14,ERX5597124,SAMEA8793776,Homo sapiens,WASHINGTON UNIVERSITY CENTER FOR GENOME SCIENCES,2022-04-14T00:23:43Z,2022-04-14T00:23:43Z,public,unspecified,PAIRED,RANDOM,METAGENOMIC,metagenome,TP03-02,ILLUMINA,2022-04-14T00:00:00Z,2022-05-12T23:39:00Z,1,SAMEA8793776,TP03-02_Week9_Study1PeaFiber,ERP128019,TP03-02_Week9_Study1PeaFiber,WASHINGTON UNIVERSITY CENTER FOR GENOME SCIENCES,
ERR5956604,OTHER,238,2053079050,Stool,PRJEB44020,SAMEA8793777,857792012,WASHINGTON UNIVERSITY CENTER FOR GENOME SCIENCES,Week1,public,"run.zq,fastq,sra","gs,s3,ncbi","ncbi.public,s3.us-east-1,gs.us-east1",Free diet,2022-04-14,2022-04-14,2022-04-14,2022-04-14,ERX5597125,SAMEA8793777,Homo sapiens,WASHINGTON UNIVERSITY CENTER FOR GENOME SCIENCES,2022-04-14T00:23:43Z,2022-04-14T00:23:43Z,public,unspecified,PAIRED,RANDOM,METAGENOMIC,metagenome,TP04-01,ILLUMINA,2022-04-14T00:00:00Z,2022-05-12T23:39:00Z,1,SAMEA8793777,TP04-01_Week1_Study1PeaFiber,ERP128019,TP04-01_Week1_Study1PeaFiber,WASHINGTON UNIVERSITY CENTER FOR GENOME SCIENCES,
ERR5956605,OTHER,239,1852534967,Stool,PRJEB44020,SAMEA8793778,763983240,WASHINGTON UNIVERSITY CENTER FOR GENOME SCIENCES,Week2,public,"run.zq,fastq,sra","ncbi,gs,s3","gs.us-east1,ncbi.public,s3.us-east-1",Free diet,2022-04-14,2022-04-14,2022-04-14,2022-04-14,ERX5597126,SAMEA8793778,Homo sapiens,WASHINGTON UNIVERSITY CENTER FOR GENOME SCIENCES,2022-04-14T00:23:43Z,2022-04-14T00:23:43Z,public,unspecified,PAIRED,RANDOM,METAGENOMIC,metagenome,TP04-01,ILLUMINA,2022-04-14T00:00:00Z,2022-05-12T23:39:00Z,1,SAMEA8793778,TP04-01_Week2_Study1PeaFiber,ERP128019,TP04-01_Week2_Study1PeaFiber,WASHINGTON UNIVERSITY CENTER FOR GENOME SCIENCES,
ERR5956606,OTHER,257,2102227267,Stool,PRJEB44020,SAMEA8793779,875842615,WASHINGTON UNIVERSITY CENTER FOR GENOME SCIENCES,Week3,public,"sra,run.zq,fastq","ncbi,s3,gs","ncbi.public,gs.us-east1,s3.us-east-1",Pea fiber (1 snack a day),2022-04-14,2022-04-14,2022-04-14,2022-04-14,ERX5597127,SAMEA8793779,Homo sapiens,WASHINGTON UNIVERSITY CENTER FOR GENOME SCIENCES,2022-04-14T00:23:43Z,2022-04-14T00:23:43Z,public,unspecified,PAIRED,RANDOM,METAGENOMIC,metagenome,TP04-01,ILLUMINA,2022-04-14T00:00:00Z,2022-05-12T23:39:00Z,1,SAMEA8793779,TP04-01_Week3_Study1PeaFiber,ERP128019,TP04-01_Week3_Study1PeaFiber,WASHINGTON UNIVERSITY CENTER FOR GENOME SCIENCES,
ERR5956607,OTHER,252,2207603622,Stool,PRJEB44020,SAMEA8793782,918796058,WASHINGTON UNIVERSITY CENTER FOR GENOME SCIENCES,Week8,public,"fastq,run.zq,sra","gs,s3,ncbi","s3.us-east-1,gs.us-east1,ncbi.public",Pea fiber (3 snacks a day),2022-04-14,2022-04-14,2022-04-14,2022-04-14,ERX5597128,SAMEA8793782,Homo sapiens,WASHINGTON UNIVERSITY CENTER FOR GENOME SCIENCES,2022-04-14T00:23:43Z,2022-04-14T00:23:43Z,public,unspecified,PAIRED,RANDOM,METAGENOMIC,metagenome,TP04-01,ILLUMINA,2022-04-14T00:00:00Z,2022-05-12T23:40:00Z,1,SAMEA8793782,TP04-01_Week8_Study1PeaFiber,ERP128019,TP04-01_Week8_Study1PeaFiber,WASHINGTON UNIVERSITY CENTER FOR GENOME SCIENCES,
ERR5956609,OTHER,242,2172060641,Stool,PRJEB44020,SAMEA8793783,969997994,WASHINGTON UNIVERSITY CENTER FOR GENOME SCIENCES,Week9,public,"run.zq,fastq,sra","gs,s3,ncbi","gs.us-east1,ncbi.public,s3.us-east-1",Free diet,2022-04-14,2022-04-14,2022-04-14,2022-04-14,ERX5597130,SAMEA8793783,Homo sapiens,WASHINGTON UNIVERSITY CENTER FOR GENOME SCIENCES,2022-04-14T00:23:43Z,2022-04-14T00:23:43Z,public,unspecified,PAIRED,RANDOM,METAGENOMIC,metagenome,TP04-01,ILLUMINA,2022-04-14T00:00:00Z,2022-05-12T23:40:00Z,1,SAMEA8793783,TP04-01_Week9_Study1PeaFiber,ERP128019,TP04-01_Week9_Study1PeaFiber,WASHINGTON UNIVERSITY CENTER FOR GENOME SCIENCES,
ERR5956610,OTHER,240,1884437463,Stool,PRJEB44020,SAMEA8793784,781603099,WASHINGTON UNIVERSITY CENTER FOR GENOME SCIENCES,Week1,public,"sra,fastq,run.zq","ncbi,gs,s3","ncbi.public,s3.us-east-1,gs.us-east1",Free diet,2022-04-14,2022-04-14,2022-04-14,2022-04-14,ERX5597131,SAMEA8793784,Homo sapiens,WASHINGTON UNIVERSITY CENTER FOR GENOME SCIENCES,2022-04-14T00:23:43Z,2022-04-14T00:23:43Z,public,unspecified,PAIRED,RANDOM,METAGENOMIC,metagenome,TP04-02,ILLUMINA,2022-04-14T00:00:00Z,2022-05-12T23:38:00Z,1,SAMEA8793784,TP04-02_Week1_Study1PeaFiber,ERP128019,TP04-02_Week1_Study1PeaFiber,WASHINGTON UNIVERSITY CENTER FOR GENOME SCIENCES,
ERR5956611,OTHER,247,2149425183,Stool,PRJEB44020,SAMEA8793785,889791494,WASHINGTON UNIVERSITY CENTER FOR GENOME SCIENCES,Week2,public,"sra,fastq,run.zq","s3,ncbi,gs","gs.us-east1,ncbi.public,s3.us-east-1",Free diet,2022-04-14,2022-04-14,2022-04-14,2022-04-14,ERX5597132,SAMEA8793785,Homo sapiens,WASHINGTON UNIVERSITY CENTER FOR GENOME SCIENCES,2022-04-14T00:23:43Z,2022-04-14T00:23:43Z,public,unspecified,PAIRED,RANDOM,METAGENOMIC,metagenome,TP04-02,ILLUMINA,2022-04-14T00:00:00Z,2022-05-12T23:39:00Z,1,SAMEA8793785,TP04-02_Week2_Study1PeaFiber,ERP128019,TP04-02_Week2_Study1PeaFiber,WASHINGTON UNIVERSITY CENTER FOR GENOME SCIENCES,
ERR5956612,OTHER,237,1998544442,Stool,PRJEB44020,SAMEA8793786,823306516,WASHINGTON UNIVERSITY CENTER FOR GENOME SCIENCES,Week3,public,"run.zq,fastq,sra","gs,ncbi,s3","s3.us-east-1,gs.us-east1,ncbi.public",Pea fiber (1 snack a day),2022-04-14,2022-04-14,2022-04-14,2022-04-14,ERX5597133,SAMEA8793786,Homo sapiens,WASHINGTON UNIVERSITY CENTER FOR GENOME SCIENCES,2022-04-14T00:23:43Z,2022-04-14T00:23:43Z,public,unspecified,PAIRED,RANDOM,METAGENOMIC,metagenome,TP04-02,ILLUMINA,2022-04-14T00:00:00Z,2022-05-12T23:38:00Z,1,SAMEA8793786,TP04-02_Week3_Study1PeaFiber,ERP128019,TP04-02_Week3_Study1PeaFiber,WASHINGTON UNIVERSITY CENTER FOR GENOME SCIENCES,
ERR5956613,OTHER,237,1858067980,Stool,PRJEB44020,SAMEA8793787,766352625,WASHINGTON UNIVERSITY CENTER FOR GENOME SCIENCES,Week4,public,"sra,run.zq,fastq","gs,s3,ncbi","s3.us-east-1,ncbi.public,gs.us-east1",Pea fiber (2 snacks a day),2022-04-14,2022-04-14,2022-04-14,2022-04-14,ERX5597134,SAMEA8793787,Homo sapiens,WASHINGTON UNIVERSITY CENTER FOR GENOME SCIENCES,2022-04-14T00:23:43Z,2022-04-14T00:23:43Z,public,unspecified,PAIRED,RANDOM,METAGENOMIC,metagenome,TP04-02,ILLUMINA,2022-04-14T00:00:00Z,2022-05-12T23:39:00Z,1,SAMEA8793787,TP04-02_Week4_Study1PeaFiber,ERP128019,TP04-02_Week4_Study1PeaFiber,WASHINGTON UNIVERSITY CENTER FOR GENOME SCIENCES,
ERR5956614,OTHER,259,2140495674,Stool,PRJEB44020,SAMEA8793788,894810505,WASHINGTON UNIVERSITY CENTER FOR GENOME SCIENCES,Week5,public,"sra,fastq,run.zq","ncbi,gs,s3","gs.us-east1,ncbi.public,s3.us-east-1",Pea fiber (3 snacks a day),2022-04-14,2022-04-14,2022-04-14,2022-04-14,ERX5597135,SAMEA8793788,Homo sapiens,WASHINGTON UNIVERSITY CENTER FOR GENOME SCIENCES,2022-04-14T00:23:43Z,2022-04-14T00:23:43Z,public,unspecified,PAIRED,RANDOM,METAGENOMIC,metagenome,TP04-02,ILLUMINA,2022-04-14T00:00:00Z,2022-05-12T23:39:00Z,1,SAMEA8793788,TP04-02_Week5_Study1PeaFiber,ERP128019,TP04-02_Week5_Study1PeaFiber,WASHINGTON UNIVERSITY CENTER FOR GENOME SCIENCES,
ERR5956615,OTHER,257,2080045811,Stool,PRJEB44020,SAMEA8793789,872924986,WASHINGTON UNIVERSITY CENTER FOR GENOME SCIENCES,Week8,public,"run.zq,fastq,sra","s3,gs,ncbi","s3.us-east-1,ncbi.public,gs.us-east1",Pea fiber (3 snacks a day),2022-04-14,2022-04-14,2022-04-14,2022-04-14,ERX5597136,SAMEA8793789,Homo sapiens,WASHINGTON UNIVERSITY CENTER FOR GENOME SCIENCES,2022-04-14T00:23:43Z,2022-04-14T00:23:43Z,public,unspecified,PAIRED,RANDOM,METAGENOMIC,metagenome,TP04-02,ILLUMINA,2022-04-14T00:00:00Z,2022-05-12T23:39:00Z,1,SAMEA8793789,TP04-02_Week8_Study1PeaFiber,ERP128019,TP04-02_Week8_Study1PeaFiber,WASHINGTON UNIVERSITY CENTER FOR GENOME SCIENCES,
ERR5956616,OTHER,252,2118120755,Stool,PRJEB44020,SAMEA8793790,911012939,WASHINGTON UNIVERSITY CENTER FOR GENOME SCIENCES,Week9,public,"run.zq,fastq,sra","ncbi,s3,gs","s3.us-east-1,gs.us-east1,ncbi.public",Free diet,2022-04-14,2022-04-14,2022-04-14,2022-04-14,ERX5597137,SAMEA8793790,Homo sapiens,WASHINGTON UNIVERSITY CENTER FOR GENOME SCIENCES,2022-04-14T00:23:43Z,2022-04-14T00:23:43Z,public,unspecified,PAIRED,RANDOM,METAGENOMIC,metagenome,TP04-02,ILLUMINA,2022-04-14T00:00:00Z,2022-05-12T23:39:00Z,1,SAMEA8793790,TP04-02_Week9_Study1PeaFiber,ERP128019,TP04-02_Week9_Study1PeaFiber,WASHINGTON UNIVERSITY CENTER FOR GENOME SCIENCES,
ERR5956617,OTHER,249,1920341464,Stool,PRJEB44020,SAMEA8793791,799925813,WASHINGTON UNIVERSITY CENTER FOR GENOME SCIENCES,Week1,public,"run.zq,sra,fastq","s3,gs,ncbi","gs.us-east1,ncbi.public,s3.us-east-1",Free diet,2022-04-14,2022-04-14,2022-04-14,2022-04-14,ERX5597138,SAMEA8793791,Homo sapiens,WASHINGTON UNIVERSITY CENTER FOR GENOME SCIENCES,2022-04-14T00:23:43Z,2022-04-14T00:23:43Z,public,unspecified,PAIRED,RANDOM,METAGENOMIC,metagenome,TP05-01,ILLUMINA,2022-04-14T00:00:00Z,2022-05-12T23:40:00Z,1,SAMEA8793791,TP05-01_Week1_Study1PeaFiber,ERP128019,TP05-01_Week1_Study1PeaFiber,WASHINGTON UNIVERSITY CENTER FOR GENOME SCIENCES,
ERR5956618,OTHER,253,2209039783,Stool,PRJEB44020,SAMEA8793792,922357981,WASHINGTON UNIVERSITY CENTER FOR GENOME SCIENCES,Week2,public,"run.zq,fastq,sra","ncbi,gs,s3","gs.us-east1,s3.us-east-1,ncbi.public",Free diet,2022-04-14,2022-04-14,2022-04-14,2022-04-14,ERX5597139,SAMEA8793792,Homo sapiens,WASHINGTON UNIVERSITY CENTER FOR GENOME SCIENCES,2022-04-14T00:23:43Z,2022-04-14T00:23:43Z,public,unspecified,PAIRED,RANDOM,METAGENOMIC,metagenome,TP05-01,ILLUMINA,2022-04-14T00:00:00Z,2022-05-12T23:40:00Z,1,SAMEA8793792,TP05-01_Week2_Study1PeaFiber,ERP128019,TP05-01_Week2_Study1PeaFiber,WASHINGTON UNIVERSITY CENTER FOR GENOME SCIENCES,
ERR5956619,OTHER,238,1957094177,Stool,PRJEB44020,SAMEA8793793,818925540,WASHINGTON UNIVERSITY CENTER FOR GENOME SCIENCES,Week3,public,"sra,fastq,run.zq","gs,s3,ncbi","s3.us-east-1,gs.us-east1,ncbi.public",Pea fiber (1 snack a day),2022-04-14,2022-04-14,2022-04-14,2022-04-14,ERX5597140,SAMEA8793793,Homo sapiens,WASHINGTON UNIVERSITY CENTER FOR GENOME SCIENCES,2022-04-14T00:23:44Z,2022-04-14T00:23:44Z,public,unspecified,PAIRED,RANDOM,METAGENOMIC,metagenome,TP05-01,ILLUMINA,2022-04-14T00:00:00Z,2022-05-12T23:39:00Z,1,SAMEA8793793,TP05-01_Week3_Study1PeaFiber,ERP128019,TP05-01_Week3_Study1PeaFiber,WASHINGTON UNIVERSITY CENTER FOR GENOME SCIENCES,
ERR5956621,OTHER,242,2100224270,Stool,PRJEB44020,SAMEA8793794,869109988,WASHINGTON UNIVERSITY CENTER FOR GENOME SCIENCES,Week4,public,"run.zq,sra,fastq","gs,s3,ncbi","s3.us-east-1,gs.us-east1,ncbi.public",Pea fiber (2 snacks a day),2022-04-14,2022-04-14,2022-04-14,2022-04-14,ERX5597142,SAMEA8793794,Homo sapiens,WASHINGTON UNIVERSITY CENTER FOR GENOME SCIENCES,2022-04-14T00:23:44Z,2022-04-14T00:23:44Z,public,unspecified,PAIRED,RANDOM,METAGENOMIC,metagenome,TP05-01,ILLUMINA,2022-04-14T00:00:00Z,2022-05-12T23:40:00Z,1,SAMEA8793794,TP05-01_Week4_Study1PeaFiber,ERP128019,TP05-01_Week4_Study1PeaFiber,WASHINGTON UNIVERSITY CENTER FOR GENOME SCIENCES,
ERR5956622,OTHER,249,2121989507,Stool,PRJEB44020,SAMEA8793795,882463748,WASHINGTON UNIVERSITY CENTER FOR GENOME SCIENCES,Week5,public,"fastq,sra,run.zq","s3,gs,ncbi","gs.us-east1,ncbi.public,s3.us-east-1",Pea fiber (3 snacks a day),2022-04-14,2022-04-14,2022-04-14,2022-04-14,ERX5597143,SAMEA8793795,Homo sapiens,WASHINGTON UNIVERSITY CENTER FOR GENOME SCIENCES,2022-04-14T00:23:44Z,2022-04-14T00:23:44Z,public,unspecified,PAIRED,RANDOM,METAGENOMIC,metagenome,TP05-01,ILLUMINA,2022-04-14T00:00:00Z,2022-05-12T23:39:00Z,1,SAMEA8793795,TP05-01_Week5_Study1PeaFiber,ERP128019,TP05-01_Week5_Study1PeaFiber,WASHINGTON UNIVERSITY CENTER FOR GENOME SCIENCES,
ERR5956623,OTHER,236,1861829930,Stool,PRJEB44020,SAMEA8793796,757508074,WASHINGTON UNIVERSITY CENTER FOR GENOME SCIENCES,Week8,public,"run.zq,sra,fastq","ncbi,gs,s3","gs.us-east1,ncbi.public,s3.us-east-1",Pea fiber (3 snacks a day),2022-04-14,2022-04-14,2022-04-14,2022-04-14,ERX5597144,SAMEA8793796,Homo sapiens,WASHINGTON UNIVERSITY CENTER FOR GENOME SCIENCES,2022-04-14T00:23:44Z,2022-04-14T00:23:44Z,public,unspecified,PAIRED,RANDOM,METAGENOMIC,metagenome,TP05-01,ILLUMINA,2022-04-14T00:00:00Z,2022-05-12T23:38:00Z,1,SAMEA8793796,TP05-01_Week8_Study1PeaFiber,ERP128019,TP05-01_Week8_Study1PeaFiber,WASHINGTON UNIVERSITY CENTER FOR GENOME SCIENCES,
ERR5956624,OTHER,254,2151732524,Stool,PRJEB44020,SAMEA8793797,886877242,WASHINGTON UNIVERSITY CENTER FOR GENOME SCIENCES,Week9,public,"fastq,sra,run.zq","s3,gs,ncbi","ncbi.public,gs.us-east1,s3.us-east-1",Free diet,2022-04-14,2022-04-14,2022-04-14,2022-04-14,ERX5597145,SAMEA8793797,Homo sapiens,WASHINGTON UNIVERSITY CENTER FOR GENOME SCIENCES,2022-04-14T00:23:44Z,2022-04-14T00:23:44Z,public,unspecified,PAIRED,RANDOM,METAGENOMIC,metagenome,TP05-01,ILLUMINA,2022-04-14T00:00:00Z,2022-05-12T23:40:00Z,1,SAMEA8793797,TP05-01_Week9_Study1PeaFiber,ERP128019,TP05-01_Week9_Study1PeaFiber,WASHINGTON UNIVERSITY CENTER FOR GENOME SCIENCES,
ERR5956625,OTHER,251,3391314846,Stool,PRJEB44020,SAMEA8793798,1649963287,WASHINGTON UNIVERSITY CENTER FOR GENOME SCIENCES,Week1,public,"run.zq,fastq,sra","s3,ncbi,gs","ncbi.public,gs.us-east1,s3.us-east-1",Free diet,2022-04-14,2022-04-14,2022-04-14,2022-04-14,ERX5597146,SAMEA8793798,Homo sapiens,WASHINGTON UNIVERSITY CENTER FOR GENOME SCIENCES,2022-04-14T00:23:44Z,2022-04-14T00:23:44Z,public,unspecified,PAIRED,RANDOM,METAGENOMIC,metagenome,TP05-02,ILLUMINA,2022-04-14T00:00:00Z,2022-05-12T23:43:00Z,1,SAMEA8793798,TP05-02_Week1_Study1PeaFiber,ERP128019,TP05-02_Week1_Study1PeaFiber,WASHINGTON UNIVERSITY CENTER FOR GENOME SCIENCES,
ERR5956626,OTHER,251,2140203360,Stool,PRJEB44020,SAMEA8793799,888376356,WASHINGTON UNIVERSITY CENTER FOR GENOME SCIENCES,Week2,public,"fastq,run.zq,sra","gs,s3,ncbi","s3.us-east-1,ncbi.public,gs.us-east1",Free diet,2022-04-14,2022-04-14,2022-04-14,2022-04-14,ERX5597147,SAMEA8793799,Homo sapiens,WASHINGTON UNIVERSITY CENTER FOR GENOME SCIENCES,2022-04-14T00:23:44Z,2022-04-14T00:23:44Z,public,unspecified,PAIRED,RANDOM,METAGENOMIC,metagenome,TP05-02,ILLUMINA,2022-04-14T00:00:00Z,2022-05-12T23:39:00Z,1,SAMEA8793799,TP05-02_Week2_Study1PeaFiber,ERP128019,TP05-02_Week2_Study1PeaFiber,WASHINGTON UNIVERSITY CENTER FOR GENOME SCIENCES,
ERR5956627,OTHER,253,2079278258,Stool,PRJEB44020,SAMEA8793800,855743547,WASHINGTON UNIVERSITY CENTER FOR GENOME SCIENCES,Week3,public,"run.zq,sra,fastq","s3,gs,ncbi","gs.us-east1,ncbi.public,s3.us-east-1",Pea fiber (1 snack a day),2022-04-14,2022-04-14,2022-04-14,2022-04-14,ERX5597148,SAMEA8793800,Homo sapiens,WASHINGTON UNIVERSITY CENTER FOR GENOME SCIENCES,2022-04-14T00:23:44Z,2022-04-14T00:23:44Z,public,unspecified,PAIRED,RANDOM,METAGENOMIC,metagenome,TP05-02,ILLUMINA,2022-04-14T00:00:00Z,2022-05-12T23:40:00Z,1,SAMEA8793800,TP05-02_Week3_Study1PeaFiber,ERP128019,TP05-02_Week3_Study1PeaFiber,WASHINGTON UNIVERSITY CENTER FOR GENOME SCIENCES,
ERR5956628,OTHER,251,2143207791,Stool,PRJEB44020,SAMEA8793801,885885218,WASHINGTON UNIVERSITY CENTER FOR GENOME SCIENCES,Week4,public,"fastq,sra,run.zq","ncbi,s3,gs","s3.us-east-1,gs.us-east1,ncbi.public",Pea fiber (2 snacks a day),2022-04-14,2022-04-14,2022-04-14,2022-04-14,ERX5597149,SAMEA8793801,Homo sapiens,WASHINGTON UNIVERSITY CENTER FOR GENOME SCIENCES,2022-04-14T00:23:44Z,2022-04-14T00:23:44Z,public,unspecified,PAIRED,RANDOM,METAGENOMIC,metagenome,TP05-02,ILLUMINA,2022-04-14T00:00:00Z,2022-05-12T23:40:00Z,1,SAMEA8793801,TP05-02_Week4_Study1PeaFiber,ERP128019,TP05-02_Week4_Study1PeaFiber,WASHINGTON UNIVERSITY CENTER FOR GENOME SCIENCES,
ERR5956629,OTHER,240,2059808816,Stool,PRJEB44020,SAMEA8793802,857262928,WASHINGTON UNIVERSITY CENTER FOR GENOME SCIENCES,Week5,public,"fastq,run.zq,sra","gs,s3,ncbi","s3.us-east-1,ncbi.public,gs.us-east1",Pea fiber (3 snacks a day),2022-04-14,2022-04-14,2022-04-14,2022-04-14,ERX5597150,SAMEA8793802,Homo sapiens,WASHINGTON UNIVERSITY CENTER FOR GENOME SCIENCES,2022-04-14T00:23:44Z,2022-04-14T00:23:44Z,public,unspecified,PAIRED,RANDOM,METAGENOMIC,metagenome,TP05-02,ILLUMINA,2022-04-14T00:00:00Z,2022-05-12T23:40:00Z,1,SAMEA8793802,TP05-02_Week5_Study1PeaFiber,ERP128019,TP05-02_Week5_Study1PeaFiber,WASHINGTON UNIVERSITY CENTER FOR GENOME SCIENCES,
ERR5956630,OTHER,245,2100662049,Stool,PRJEB44020,SAMEA8793803,867101259,WASHINGTON UNIVERSITY CENTER FOR GENOME SCIENCES,Week8,public,"run.zq,sra,fastq","gs,ncbi,s3","gs.us-east1,s3.us-east-1,ncbi.public",Pea fiber (3 snacks a day),2022-04-14,2022-04-14,2022-04-14,2022-04-14,ERX5597151,SAMEA8793803,Homo sapiens,WASHINGTON UNIVERSITY CENTER FOR GENOME SCIENCES,2022-04-14T00:23:44Z,2022-04-14T00:23:44Z,public,unspecified,PAIRED,RANDOM,METAGENOMIC,metagenome,TP05-02,ILLUMINA,2022-04-14T00:00:00Z,2022-05-12T23:41:00Z,1,SAMEA8793803,TP05-02_Week8_Study1PeaFiber,ERP128019,TP05-02_Week8_Study1PeaFiber,WASHINGTON UNIVERSITY CENTER FOR GENOME SCIENCES,
ERR5956632,OTHER,240,2050032968,Stool,PRJEB44020,SAMEA8793804,844770355,WASHINGTON UNIVERSITY CENTER FOR GENOME SCIENCES,Week9,public,"sra,run.zq,fastq","gs,ncbi,s3","gs.us-east1,ncbi.public,s3.us-east-1",Free diet,2022-04-14,2022-04-14,2022-04-14,2022-04-14,ERX5597153,SAMEA8793804,Homo sapiens,WASHINGTON UNIVERSITY CENTER FOR GENOME SCIENCES,2022-04-14T00:23:44Z,2022-04-14T00:23:44Z,public,unspecified,PAIRED,RANDOM,METAGENOMIC,metagenome,TP05-02,ILLUMINA,2022-04-14T00:00:00Z,2022-05-12T23:41:00Z,1,SAMEA8793804,TP05-02_Week9_Study1PeaFiber,ERP128019,TP05-02_Week9_Study1PeaFiber,WASHINGTON UNIVERSITY CENTER FOR GENOME SCIENCES,
ERR5956633,OTHER,247,2095221820,Stool,PRJEB44020,SAMEA8793805,869141482,WASHINGTON UNIVERSITY CENTER FOR GENOME SCIENCES,Week1,public,"run.zq,sra,fastq","gs,ncbi,s3","ncbi.public,s3.us-east-1,gs.us-east1",Free diet,2022-04-14,2022-04-14,2022-04-14,2022-04-14,ERX5597154,SAMEA8793805,Homo sapiens,WASHINGTON UNIVERSITY CENTER FOR GENOME SCIENCES,2022-04-14T00:23:44Z,2022-04-14T00:23:44Z,public,unspecified,PAIRED,RANDOM,METAGENOMIC,metagenome,TP06-01,ILLUMINA,2022-04-14T00:00:00Z,2022-05-12T23:41:00Z,1,SAMEA8793805,TP06-01_Week1_Study1PeaFiber,ERP128019,TP06-01_Week1_Study1PeaFiber,WASHINGTON UNIVERSITY CENTER FOR GENOME SCIENCES,
ERR5956634,OTHER,250,2127825154,Stool,PRJEB44020,SAMEA8793806,892339817,WASHINGTON UNIVERSITY CENTER FOR GENOME SCIENCES,Week2,public,"fastq,sra,run.zq","s3,gs,ncbi","s3.us-east-1,gs.us-east1,ncbi.public",Free diet,2022-04-14,2022-04-14,2022-04-14,2022-04-14,ERX5597155,SAMEA8793806,Homo sapiens,WASHINGTON UNIVERSITY CENTER FOR GENOME SCIENCES,2022-04-14T00:23:44Z,2022-04-14T00:23:44Z,public,unspecified,PAIRED,RANDOM,METAGENOMIC,metagenome,TP06-01,ILLUMINA,2022-04-14T00:00:00Z,2022-05-12T23:41:00Z,1,SAMEA8793806,TP06-01_Week2_Study1PeaFiber,ERP128019,TP06-01_Week2_Study1PeaFiber,WASHINGTON UNIVERSITY CENTER FOR GENOME SCIENCES,
ERR5956636,OTHER,243,2022422746,Stool,PRJEB44020,SAMEA8793807,833154730,WASHINGTON UNIVERSITY CENTER FOR GENOME SCIENCES,Week3,public,"fastq,run.zq,sra","ncbi,s3,gs","ncbi.public,s3.us-east-1,gs.us-east1",Pea fiber (1 snack a day),2022-04-14,2022-04-14,2022-04-14,2022-04-14,ERX5597157,SAMEA8793807,Homo sapiens,WASHINGTON UNIVERSITY CENTER FOR GENOME SCIENCES,2022-04-14T00:23:44Z,2022-04-14T00:23:44Z,public,unspecified,PAIRED,RANDOM,METAGENOMIC,metagenome,TP06-01,ILLUMINA,2022-04-14T00:00:00Z,2022-05-12T23:40:00Z,1,SAMEA8793807,TP06-01_Week3_Study1PeaFiber,ERP128019,TP06-01_Week3_Study1PeaFiber,WASHINGTON UNIVERSITY CENTER FOR GENOME SCIENCES,
ERR5956638,OTHER,244,2073095579,Stool,PRJEB44020,SAMEA8793808,855594079,WASHINGTON UNIVERSITY CENTER FOR GENOME SCIENCES,Week4,public,"run.zq,fastq,sra","gs,s3,ncbi","ncbi.public,s3.us-east-1,gs.us-east1",Pea fiber (2 snacks a day),2022-04-14,2022-04-14,2022-04-14,2022-04-14,ERX5597159,SAMEA8793808,Homo sapiens,WASHINGTON UNIVERSITY CENTER FOR GENOME SCIENCES,2022-04-14T00:23:44Z,2022-04-14T00:23:44Z,public,unspecified,PAIRED,RANDOM,METAGENOMIC,metagenome,TP06-01,ILLUMINA,2022-04-14T00:00:00Z,2022-05-12T23:40:00Z,1,SAMEA8793808,TP06-01_Week4_Study1PeaFiber,ERP128019,TP06-01_Week4_Study1PeaFiber,WASHINGTON UNIVERSITY CENTER FOR GENOME SCIENCES,
ERR5956639,OTHER,241,1882459115,Stool,PRJEB44020,SAMEA8793809,781643043,WASHINGTON UNIVERSITY CENTER FOR GENOME SCIENCES,Week5,public,"sra,fastq,run.zq","ncbi,gs,s3","gs.us-east1,s3.us-east-1,ncbi.public",Pea fiber (3 snacks a day),2022-04-14,2022-04-14,2022-04-14,2022-04-14,ERX5597160,SAMEA8793809,Homo sapiens,WASHINGTON UNIVERSITY CENTER FOR GENOME SCIENCES,2022-04-14T00:23:44Z,2022-04-14T00:23:44Z,public,unspecified,PAIRED,RANDOM,METAGENOMIC,metagenome,TP06-01,ILLUMINA,2022-04-14T00:00:00Z,2022-05-12T23:39:00Z,1,SAMEA8793809,TP06-01_Week5_Study1PeaFiber,ERP128019,TP06-01_Week5_Study1PeaFiber,WASHINGTON UNIVERSITY CENTER FOR GENOME SCIENCES,
ERR5956640,OTHER,246,2105831456,Stool,PRJEB44020,SAMEA8793810,882233698,WASHINGTON UNIVERSITY CENTER FOR GENOME SCIENCES,Week8,public,"sra,fastq,run.zq","gs,ncbi,s3","gs.us-east1,s3.us-east-1,ncbi.public",Pea fiber (3 snacks a day),2022-04-14,2022-04-14,2022-04-14,2022-04-14,ERX5597161,SAMEA8793810,Homo sapiens,WASHINGTON UNIVERSITY CENTER FOR GENOME SCIENCES,2022-04-14T00:23:44Z,2022-04-14T00:23:44Z,public,unspecified,PAIRED,RANDOM,METAGENOMIC,metagenome,TP06-01,ILLUMINA,2022-04-14T00:00:00Z,2022-05-12T23:40:00Z,1,SAMEA8793810,TP06-01_Week8_Study1PeaFiber,ERP128019,TP06-01_Week8_Study1PeaFiber,WASHINGTON UNIVERSITY CENTER FOR GENOME SCIENCES,
ERR5956651,OTHER,249,2094806359,Stool,PRJEB44020,SAMEA8793811,881637782,WASHINGTON UNIVERSITY CENTER FOR GENOME SCIENCES,Week9,public,"fastq,sra,run.zq","s3,gs,ncbi","ncbi.public,s3.us-east-1,gs.us-east1",Free diet,2022-04-14,2022-04-14,2022-04-14,2022-04-14,ERX5597172,SAMEA8793811,Homo sapiens,WASHINGTON UNIVERSITY CENTER FOR GENOME SCIENCES,2022-04-14T00:23:44Z,2022-04-14T00:23:44Z,public,unspecified,PAIRED,RANDOM,METAGENOMIC,metagenome,TP06-01,ILLUMINA,2022-04-14T00:00:00Z,2022-05-12T23:41:00Z,1,SAMEA8793811,TP06-01_Week9_Study1PeaFiber,ERP128019,TP06-01_Week9_Study1PeaFiber,WASHINGTON UNIVERSITY CENTER FOR GENOME SCIENCES,
ERR5956652,OTHER,244,2053836960,Stool,PRJEB44020,SAMEA8793812,861730450,WASHINGTON UNIVERSITY CENTER FOR GENOME SCIENCES,Week1,public,"fastq,sra,run.zq","s3,gs,ncbi","s3.us-east-1,ncbi.public,gs.us-east1",Free diet,2022-04-14,2022-04-14,2022-04-14,2022-04-14,ERX5597173,SAMEA8793812,Homo sapiens,WASHINGTON UNIVERSITY CENTER FOR GENOME SCIENCES,2022-04-14T00:23:44Z,2022-04-14T00:23:44Z,public,unspecified,PAIRED,RANDOM,METAGENOMIC,metagenome,TP06-02,ILLUMINA,2022-04-14T00:00:00Z,2022-05-12T23:41:00Z,1,SAMEA8793812,TP06-02_Week1_Study1PeaFiber,ERP128019,TP06-02_Week1_Study1PeaFiber,WASHINGTON UNIVERSITY CENTER FOR GENOME SCIENCES,
ERR5956653,OTHER,245,2131551695,Stool,PRJEB44020,SAMEA8793813,894636208,WASHINGTON UNIVERSITY CENTER FOR GENOME SCIENCES,Week2,public,"run.zq,fastq,sra","ncbi,gs,s3","s3.us-east-1,ncbi.public,gs.us-east1",Free diet,2022-04-14,2022-04-14,2022-04-14,2022-04-14,ERX5597174,SAMEA8793813,Homo sapiens,WASHINGTON UNIVERSITY CENTER FOR GENOME SCIENCES,2022-04-14T00:23:44Z,2022-04-14T00:23:44Z,public,unspecified,PAIRED,RANDOM,METAGENOMIC,metagenome,TP06-02,ILLUMINA,2022-04-14T00:00:00Z,2022-05-12T23:41:00Z,1,SAMEA8793813,TP06-02_Week2_Study1PeaFiber,ERP128019,TP06-02_Week2_Study1PeaFiber,WASHINGTON UNIVERSITY CENTER FOR GENOME SCIENCES,
ERR5956654,OTHER,249,2112566434,Stool,PRJEB44020,SAMEA8793814,890486780,WASHINGTON UNIVERSITY CENTER FOR GENOME SCIENCES,Week3,public,"fastq,run.zq,sra","gs,ncbi,s3","ncbi.public,s3.us-east-1,gs.us-east1",Pea fiber (1 snack a day),2022-04-14,2022-04-14,2022-04-14,2022-04-14,ERX5597175,SAMEA8793814,Homo sapiens,WASHINGTON UNIVERSITY CENTER FOR GENOME SCIENCES,2022-04-14T00:23:44Z,2022-04-14T00:23:44Z,public,unspecified,PAIRED,RANDOM,METAGENOMIC,metagenome,TP06-02,ILLUMINA,2022-04-14T00:00:00Z,2022-05-12T23:42:00Z,1,SAMEA8793814,TP06-02_Week3_Study1PeaFiber,ERP128019,TP06-02_Week3_Study1PeaFiber,WASHINGTON UNIVERSITY CENTER FOR GENOME SCIENCES,
ERR5956655,OTHER,242,1989647097,Stool,PRJEB44020,SAMEA8793815,829179281,WASHINGTON UNIVERSITY CENTER FOR GENOME SCIENCES,Week4,public,"fastq,sra,run.zq","ncbi,gs,s3","s3.us-east-1,gs.us-east1,ncbi.public",Pea fiber (2 snacks a day),2022-04-14,2022-04-14,2022-04-14,2022-04-14,ERX5597176,SAMEA8793815,Homo sapiens,WASHINGTON UNIVERSITY CENTER FOR GENOME SCIENCES,2022-04-14T00:23:44Z,2022-04-14T00:23:44Z,public,unspecified,PAIRED,RANDOM,METAGENOMIC,metagenome,TP06-02,ILLUMINA,2022-04-14T00:00:00Z,2022-05-12T23:40:00Z,1,SAMEA8793815,TP06-02_Week4_Study1PeaFiber,ERP128019,TP06-02_Week4_Study1PeaFiber,WASHINGTON UNIVERSITY CENTER FOR GENOME SCIENCES,
ERR5956656,OTHER,238,1999982712,Stool,PRJEB44020,SAMEA8793816,835960422,WASHINGTON UNIVERSITY CENTER FOR GENOME SCIENCES,Week5,public,"fastq,sra,run.zq","s3,gs,ncbi","s3.us-east-1,gs.us-east1,ncbi.public",Pea fiber (3 snacks a day),2022-04-14,2022-04-14,2022-04-14,2022-04-14,ERX5597177,SAMEA8793816,Homo sapiens,WASHINGTON UNIVERSITY CENTER FOR GENOME SCIENCES,2022-04-14T00:23:44Z,2022-04-14T00:23:44Z,public,unspecified,PAIRED,RANDOM,METAGENOMIC,metagenome,TP06-02,ILLUMINA,2022-04-14T00:00:00Z,2022-05-12T23:40:00Z,1,SAMEA8793816,TP06-02_Week5_Study1PeaFiber,ERP128019,TP06-02_Week5_Study1PeaFiber,WASHINGTON UNIVERSITY CENTER FOR GENOME SCIENCES,
ERR5956657,OTHER,240,1823321021,Stool,PRJEB44020,SAMEA8793817,757207529,WASHINGTON UNIVERSITY CENTER FOR GENOME SCIENCES,Week8,public,"fastq,run.zq,sra","s3,ncbi,gs","ncbi.public,gs.us-east1,s3.us-east-1",Pea fiber (3 snacks a day),2022-04-14,2022-04-14,2022-04-14,2022-04-14,ERX5597178,SAMEA8793817,Homo sapiens,WASHINGTON UNIVERSITY CENTER FOR GENOME SCIENCES,2022-04-14T00:23:44Z,2022-04-14T00:23:44Z,public,unspecified,PAIRED,RANDOM,METAGENOMIC,metagenome,TP06-02,ILLUMINA,2022-04-14T00:00:00Z,2022-05-12T23:40:00Z,1,SAMEA8793817,TP06-02_Week8_Study1PeaFiber,ERP128019,TP06-02_Week8_Study1PeaFiber,WASHINGTON UNIVERSITY CENTER FOR GENOME SCIENCES,
ERR5956658,OTHER,241,2076518259,Stool,PRJEB44020,SAMEA8793818,871184475,WASHINGTON UNIVERSITY CENTER FOR GENOME SCIENCES,Week9,public,"fastq,sra,run.zq","s3,ncbi,gs","ncbi.public,gs.us-east1,s3.us-east-1",Free diet,2022-04-14,2022-04-14,2022-04-14,2022-04-14,ERX5597179,SAMEA8793818,Homo sapiens,WASHINGTON UNIVERSITY CENTER FOR GENOME SCIENCES,2022-04-14T00:23:44Z,2022-04-14T00:23:44Z,public,unspecified,PAIRED,RANDOM,METAGENOMIC,metagenome,TP06-02,ILLUMINA,2022-04-14T00:00:00Z,2022-05-12T23:40:00Z,1,SAMEA8793818,TP06-02_Week9_Study1PeaFiber,ERP128019,TP06-02_Week9_Study1PeaFiber,WASHINGTON UNIVERSITY CENTER FOR GENOME SCIENCES,
ERR5956660,OTHER,234,1952736770,Stool,PRJEB44020,SAMEA8793819,813539701,WASHINGTON UNIVERSITY CENTER FOR GENOME SCIENCES,Week1,public,"run.zq,fastq,sra","ncbi,gs,s3","ncbi.public,s3.us-east-1,gs.us-east1",Free diet,2022-04-14,2022-04-14,2022-04-14,2022-04-14,ERX5597181,SAMEA8793819,Homo sapiens,WASHINGTON UNIVERSITY CENTER FOR GENOME SCIENCES,2022-04-14T00:23:44Z,2022-04-14T00:23:44Z,public,unspecified,PAIRED,RANDOM,METAGENOMIC,metagenome,TP07-01,ILLUMINA,2022-04-14T00:00:00Z,2022-05-12T23:41:00Z,1,SAMEA8793819,TP07-01_Week1_Study1PeaFiber,ERP128019,TP07-01_Week1_Study1PeaFiber,WASHINGTON UNIVERSITY CENTER FOR GENOME SCIENCES,
ERR5956661,OTHER,246,2127778174,Stool,PRJEB44020,SAMEA8793820,900166516,WASHINGTON UNIVERSITY CENTER FOR GENOME SCIENCES,Week2,public,"fastq,sra,run.zq","gs,s3,ncbi","ncbi.public,s3.us-east-1,gs.us-east1",Free diet,2022-04-14,2022-04-14,2022-04-14,2022-04-14,ERX5597182,SAMEA8793820,Homo sapiens,WASHINGTON UNIVERSITY CENTER FOR GENOME SCIENCES,2022-04-14T00:23:44Z,2022-04-14T00:23:44Z,public,unspecified,PAIRED,RANDOM,METAGENOMIC,metagenome,TP07-01,ILLUMINA,2022-04-14T00:00:00Z,2022-05-12T23:40:00Z,1,SAMEA8793820,TP07-01_Week2_Study1PeaFiber,ERP128019,TP07-01_Week2_Study1PeaFiber,WASHINGTON UNIVERSITY CENTER FOR GENOME SCIENCES,
ERR5956662,OTHER,237,1893885980,Stool,PRJEB44020,SAMEA8793821,796480019,WASHINGTON UNIVERSITY CENTER FOR GENOME SCIENCES,Week3,public,"run.zq,sra,fastq","s3,ncbi,gs","ncbi.public,gs.us-east1,s3.us-east-1",Pea fiber (1 snack a day),2022-04-14,2022-04-14,2022-04-14,2022-04-14,ERX5597183,SAMEA8793821,Homo sapiens,WASHINGTON UNIVERSITY CENTER FOR GENOME SCIENCES,2022-04-14T00:23:44Z,2022-04-14T00:23:44Z,public,unspecified,PAIRED,RANDOM,METAGENOMIC,metagenome,TP07-01,ILLUMINA,2022-04-14T00:00:00Z,2022-05-12T23:41:00Z,1,SAMEA8793821,TP07-01_Week3_Study1PeaFiber,ERP128019,TP07-01_Week3_Study1PeaFiber,WASHINGTON UNIVERSITY CENTER FOR GENOME SCIENCES,
ERR5956663,OTHER,239,1991575937,Stool,PRJEB44020,SAMEA8793822,827560140,WASHINGTON UNIVERSITY CENTER FOR GENOME SCIENCES,Week4,public,"run.zq,sra,fastq","s3,gs,ncbi","ncbi.public,gs.us-east1,s3.us-east-1",Pea fiber (2 snacks a day),2022-04-14,2022-04-14,2022-04-14,2022-04-14,ERX5597184,SAMEA8793822,Homo sapiens,WASHINGTON UNIVERSITY CENTER FOR GENOME SCIENCES,2022-04-14T00:23:44Z,2022-04-14T00:23:44Z,public,unspecified,PAIRED,RANDOM,METAGENOMIC,metagenome,TP07-01,ILLUMINA,2022-04-14T00:00:00Z,2022-05-12T23:40:00Z,1,SAMEA8793822,TP07-01_Week4_Study1PeaFiber,ERP128019,TP07-01_Week4_Study1PeaFiber,WASHINGTON UNIVERSITY CENTER FOR GENOME SCIENCES,
ERR5956664,OTHER,240,2014418465,Stool,PRJEB44020,SAMEA8793823,837372145,WASHINGTON UNIVERSITY CENTER FOR GENOME SCIENCES,Week5,public,"run.zq,fastq,sra","s3,gs,ncbi","s3.us-east-1,gs.us-east1,ncbi.public",Pea fiber (3 snacks a day),2022-04-14,2022-04-14,2022-04-14,2022-04-14,ERX5597185,SAMEA8793823,Homo sapiens,WASHINGTON UNIVERSITY CENTER FOR GENOME SCIENCES,2022-04-14T00:23:44Z,2022-04-14T00:23:44Z,public,unspecified,PAIRED,RANDOM,METAGENOMIC,metagenome,TP07-01,ILLUMINA,2022-04-14T00:00:00Z,2022-05-12T23:40:00Z,1,SAMEA8793823,TP07-01_Week5_Study1PeaFiber,ERP128019,TP07-01_Week5_Study1PeaFiber,WASHINGTON UNIVERSITY CENTER FOR GENOME SCIENCES,
ERR5956665,OTHER,240,1917051447,Stool,PRJEB44020,SAMEA8793824,783980379,WASHINGTON UNIVERSITY CENTER FOR GENOME SCIENCES,Week8,public,"fastq,run.zq,sra","ncbi,gs,s3","ncbi.public,gs.us-east1,s3.us-east-1",Pea fiber (3 snacks a day),2022-04-14,2022-04-14,2022-04-14,2022-04-14,ERX5597186,SAMEA8793824,Homo sapiens,WASHINGTON UNIVERSITY CENTER FOR GENOME SCIENCES,2022-04-14T00:23:44Z,2022-04-14T00:23:44Z,public,unspecified,PAIRED,RANDOM,METAGENOMIC,metagenome,TP07-01,ILLUMINA,2022-04-14T00:00:00Z,2022-05-12T23:40:00Z,1,SAMEA8793824,TP07-01_Week8_Study1PeaFiber,ERP128019,TP07-01_Week8_Study1PeaFiber,WASHINGTON UNIVERSITY CENTER FOR GENOME SCIENCES,
ERR5956666,OTHER,250,2150745489,Stool,PRJEB44020,SAMEA8793825,885045178,WASHINGTON UNIVERSITY CENTER FOR GENOME SCIENCES,Week9,public,"run.zq,sra,fastq","gs,s3,ncbi","ncbi.public,gs.us-east1,s3.us-east-1",Free diet,2022-04-14,2022-04-14,2022-04-14,2022-04-14,ERX5597187,SAMEA8793825,Homo sapiens,WASHINGTON UNIVERSITY CENTER FOR GENOME SCIENCES,2022-04-14T00:23:44Z,2022-04-14T00:23:44Z,public,unspecified,PAIRED,RANDOM,METAGENOMIC,metagenome,TP07-01,ILLUMINA,2022-04-14T00:00:00Z,2022-05-12T23:40:00Z,1,SAMEA8793825,TP07-01_Week9_Study1PeaFiber,ERP128019,TP07-01_Week9_Study1PeaFiber,WASHINGTON UNIVERSITY CENTER FOR GENOME SCIENCES,
ERR5956667,OTHER,258,2177638810,Stool,PRJEB44020,SAMEA8793826,905463411,WASHINGTON UNIVERSITY CENTER FOR GENOME SCIENCES,Week1,public,"run.zq,fastq,sra","ncbi,s3,gs","s3.us-east-1,ncbi.public,gs.us-east1",Free diet,2022-04-14,2022-04-14,2022-04-14,2022-04-14,ERX5597188,SAMEA8793826,Homo sapiens,WASHINGTON UNIVERSITY CENTER FOR GENOME SCIENCES,2022-04-14T00:23:44Z,2022-04-14T00:23:44Z,public,unspecified,PAIRED,RANDOM,METAGENOMIC,metagenome,TP07-02,ILLUMINA,2022-04-14T00:00:00Z,2022-05-12T04:10:00Z,1,SAMEA8793826,TP07-02_Week1_Study1PeaFiber,ERP128019,TP07-02_Week1_Study1PeaFiber,WASHINGTON UNIVERSITY CENTER FOR GENOME SCIENCES,
ERR5956668,OTHER,248,2029254539,Stool,PRJEB44020,SAMEA8793827,881875979,WASHINGTON UNIVERSITY CENTER FOR GENOME SCIENCES,Week2,public,"sra,fastq,run.zq","gs,s3,ncbi","s3.us-east-1,gs.us-east1,ncbi.public",Free diet,2022-04-14,2022-04-14,2022-04-14,2022-04-14,ERX5597189,SAMEA8793827,Homo sapiens,WASHINGTON UNIVERSITY CENTER FOR GENOME SCIENCES,2022-04-14T00:23:44Z,2022-04-14T00:23:44Z,public,unspecified,PAIRED,RANDOM,METAGENOMIC,metagenome,TP07-02,ILLUMINA,2022-04-14T00:00:00Z,2022-05-12T23:41:00Z,1,SAMEA8793827,TP07-02_Week2_Study1PeaFiber,ERP128019,TP07-02_Week2_Study1PeaFiber,WASHINGTON UNIVERSITY CENTER FOR GENOME SCIENCES,
ERR5956670,OTHER,251,2096864048,Stool,PRJEB44020,SAMEA8793828,860732525,WASHINGTON UNIVERSITY CENTER FOR GENOME SCIENCES,Week3,public,"fastq,sra,run.zq","ncbi,s3,gs","s3.us-east-1,ncbi.public,gs.us-east1",Pea fiber (1 snack a day),2022-04-14,2022-04-14,2022-04-14,2022-04-14,ERX5597191,SAMEA8793828,Homo sapiens,WASHINGTON UNIVERSITY CENTER FOR GENOME SCIENCES,2022-04-14T00:23:44Z,2022-04-14T00:23:44Z,public,unspecified,PAIRED,RANDOM,METAGENOMIC,metagenome,TP07-02,ILLUMINA,2022-04-14T00:00:00Z,2022-05-12T23:41:00Z,1,SAMEA8793828,TP07-02_Week3_Study1PeaFiber,ERP128019,TP07-02_Week3_Study1PeaFiber,WASHINGTON UNIVERSITY CENTER FOR GENOME SCIENCES,
ERR5956671,OTHER,242,2073245818,Stool,PRJEB44020,SAMEA8793829,853960645,WASHINGTON UNIVERSITY CENTER FOR GENOME SCIENCES,Week4,public,"sra,fastq,run.zq","s3,gs,ncbi","gs.us-east1,ncbi.public,s3.us-east-1",Pea fiber (2 snacks a day),2022-04-14,2022-04-14,2022-04-14,2022-04-14,ERX5597192,SAMEA8793829,Homo sapiens,WASHINGTON UNIVERSITY CENTER FOR GENOME SCIENCES,2022-04-14T00:23:44Z,2022-04-14T00:23:44Z,public,unspecified,PAIRED,RANDOM,METAGENOMIC,metagenome,TP07-02,ILLUMINA,2022-04-14T00:00:00Z,2022-05-12T23:41:00Z,1,SAMEA8793829,TP07-02_Week4_Study1PeaFiber,ERP128019,TP07-02_Week4_Study1PeaFiber,WASHINGTON UNIVERSITY CENTER FOR GENOME SCIENCES,
ERR5956673,OTHER,238,1956933837,Stool,PRJEB44020,SAMEA8793830,814415190,WASHINGTON UNIVERSITY CENTER FOR GENOME SCIENCES,Week5,public,"fastq,sra,run.zq","gs,ncbi,s3","ncbi.public,gs.us-east1,s3.us-east-1",Pea fiber (3 snacks a day),2022-04-14,2022-04-14,2022-04-14,2022-04-14,ERX5597194,SAMEA8793830,Homo sapiens,WASHINGTON UNIVERSITY CENTER FOR GENOME SCIENCES,2022-04-14T00:23:44Z,2022-04-14T00:23:44Z,public,unspecified,PAIRED,RANDOM,METAGENOMIC,metagenome,TP07-02,ILLUMINA,2022-04-14T00:00:00Z,2022-05-12T04:09:00Z,1,SAMEA8793830,TP07-02_Week5_Study1PeaFiber,ERP128019,TP07-02_Week5_Study1PeaFiber,WASHINGTON UNIVERSITY CENTER FOR GENOME SCIENCES,
ERR5956674,OTHER,242,2032454712,Stool,PRJEB44020,SAMEA8793831,833655451,WASHINGTON UNIVERSITY CENTER FOR GENOME SCIENCES,Week8,public,"sra,run.zq,fastq","s3,gs,ncbi","ncbi.public,s3.us-east-1,gs.us-east1",Pea fiber (3 snacks a day),2022-04-14,2022-04-14,2022-04-14,2022-04-14,ERX5597195,SAMEA8793831,Homo sapiens,WASHINGTON UNIVERSITY CENTER FOR GENOME SCIENCES,2022-04-14T00:23:44Z,2022-04-14T00:23:44Z,public,unspecified,PAIRED,RANDOM,METAGENOMIC,metagenome,TP07-02,ILLUMINA,2022-04-14T00:00:00Z,2022-05-12T04:09:00Z,1,SAMEA8793831,TP07-02_Week8_Study1PeaFiber,ERP128019,TP07-02_Week8_Study1PeaFiber,WASHINGTON UNIVERSITY CENTER FOR GENOME SCIENCES,
ERR5956676,OTHER,245,2122891450,Stool,PRJEB44020,SAMEA8793832,872506638,WASHINGTON UNIVERSITY CENTER FOR GENOME SCIENCES,Week9,public,"run.zq,fastq,sra","s3,ncbi,gs","s3.us-east-1,gs.us-east1,ncbi.public",Free diet,2022-04-14,2022-04-14,2022-04-14,2022-04-14,ERX5597197,SAMEA8793832,Homo sapiens,WASHINGTON UNIVERSITY CENTER FOR GENOME SCIENCES,2022-04-14T00:23:44Z,2022-04-14T00:23:44Z,public,unspecified,PAIRED,RANDOM,METAGENOMIC,metagenome,TP07-02,ILLUMINA,2022-04-14T00:00:00Z,2022-05-12T04:09:00Z,1,SAMEA8793832,TP07-02_Week9_Study1PeaFiber,ERP128019,TP07-02_Week9_Study1PeaFiber,WASHINGTON UNIVERSITY CENTER FOR GENOME SCIENCES,
ERR5956677,OTHER,246,3089769953,Stool,PRJEB44020,SAMEA8793833,1542980798,WASHINGTON UNIVERSITY CENTER FOR GENOME SCIENCES,Week1,public,"run.zq,fastq,sra","s3,gs,ncbi","s3.us-east-1,ncbi.public,gs.us-east1",Free diet,2022-04-14,2022-04-14,2022-04-14,2022-04-14,ERX5597198,SAMEA8793833,Homo sapiens,WASHINGTON UNIVERSITY CENTER FOR GENOME SCIENCES,2022-04-14T00:23:44Z,2022-04-14T00:23:44Z,public,unspecified,PAIRED,RANDOM,METAGENOMIC,metagenome,TP08-01,ILLUMINA,2022-04-14T00:00:00Z,2022-05-12T04:12:00Z,1,SAMEA8793833,TP08-01_Week1_Study1PeaFiber,ERP128019,TP08-01_Week1_Study1PeaFiber,WASHINGTON UNIVERSITY CENTER FOR GENOME SCIENCES,
ERR5956678,OTHER,245,2023064014,Stool,PRJEB44020,SAMEA8793834,904098541,WASHINGTON UNIVERSITY CENTER FOR GENOME SCIENCES,Week2,public,"fastq,sra,run.zq","ncbi,s3,gs","gs.us-east1,ncbi.public,s3.us-east-1",Free diet,2022-04-14,2022-04-14,2022-04-14,2022-04-14,ERX5597199,SAMEA8793834,Homo sapiens,WASHINGTON UNIVERSITY CENTER FOR GENOME SCIENCES,2022-04-14T00:23:44Z,2022-04-14T00:23:44Z,public,unspecified,PAIRED,RANDOM,METAGENOMIC,metagenome,TP08-01,ILLUMINA,2022-04-14T00:00:00Z,2022-05-12T04:10:00Z,1,SAMEA8793834,TP08-01_Week2_Study1PeaFiber,ERP128019,TP08-01_Week2_Study1PeaFiber,WASHINGTON UNIVERSITY CENTER FOR GENOME SCIENCES,
ERR5956680,OTHER,249,2063502314,Stool,PRJEB44020,SAMEA8793835,875840257,WASHINGTON UNIVERSITY CENTER FOR GENOME SCIENCES,Week3,public,"run.zq,fastq,sra","s3,gs,ncbi","s3.us-east-1,ncbi.public,gs.us-east1",Pea fiber (1 snack a day),2022-04-14,2022-04-14,2022-04-14,2022-04-14,ERX5597201,SAMEA8793835,Homo sapiens,WASHINGTON UNIVERSITY CENTER FOR GENOME SCIENCES,2022-04-14T00:23:44Z,2022-04-14T00:23:44Z,public,unspecified,PAIRED,RANDOM,METAGENOMIC,metagenome,TP08-01,ILLUMINA,2022-04-14T00:00:00Z,2022-05-12T04:10:00Z,1,SAMEA8793835,TP08-01_Week3_Study1PeaFiber,ERP128019,TP08-01_Week3_Study1PeaFiber,WASHINGTON UNIVERSITY CENTER FOR GENOME SCIENCES,
ERR5956681,OTHER,247,2083839793,Stool,PRJEB44020,SAMEA8793836,865116088,WASHINGTON UNIVERSITY CENTER FOR GENOME SCIENCES,Week4,public,"run.zq,fastq,sra","s3,ncbi,gs","ncbi.public,s3.us-east-1,gs.us-east1",Pea fiber (2 snacks a day),2022-04-14,2022-04-14,2022-04-14,2022-04-14,ERX5597202,SAMEA8793836,Homo sapiens,WASHINGTON UNIVERSITY CENTER FOR GENOME SCIENCES,2022-04-14T00:23:44Z,2022-04-14T00:23:44Z,public,unspecified,PAIRED,RANDOM,METAGENOMIC,metagenome,TP08-01,ILLUMINA,2022-04-14T00:00:00Z,2022-05-12T04:10:00Z,1,SAMEA8793836,TP08-01_Week4_Study1PeaFiber,ERP128019,TP08-01_Week4_Study1PeaFiber,WASHINGTON UNIVERSITY CENTER FOR GENOME SCIENCES,
ERR5956682,OTHER,248,2071685570,Stool,PRJEB44020,SAMEA8793837,881354497,WASHINGTON UNIVERSITY CENTER FOR GENOME SCIENCES,Week5,public,"fastq,run.zq,sra","gs,s3,ncbi","ncbi.public,gs.us-east1,s3.us-east-1",Pea fiber (3 snacks a day),2022-04-14,2022-04-14,2022-04-14,2022-04-14,ERX5597203,SAMEA8793837,Homo sapiens,WASHINGTON UNIVERSITY CENTER FOR GENOME SCIENCES,2022-04-14T00:23:44Z,2022-04-14T00:23:44Z,public,unspecified,PAIRED,RANDOM,METAGENOMIC,metagenome,TP08-01,ILLUMINA,2022-04-14T00:00:00Z,2022-05-12T04:09:00Z,1,SAMEA8793837,TP08-01_Week5_Study1PeaFiber,ERP128019,TP08-01_Week5_Study1PeaFiber,WASHINGTON UNIVERSITY CENTER FOR GENOME SCIENCES,
ERR5956683,OTHER,243,2070746062,Stool,PRJEB44020,SAMEA8793838,918854488,WASHINGTON UNIVERSITY CENTER FOR GENOME SCIENCES,Week8,public,"run.zq,fastq,sra","gs,ncbi,s3","gs.us-east1,s3.us-east-1,ncbi.public",Pea fiber (3 snacks a day),2022-04-14,2022-04-14,2022-04-14,2022-04-14,ERX5597204,SAMEA8793838,Homo sapiens,WASHINGTON UNIVERSITY CENTER FOR GENOME SCIENCES,2022-04-14T00:23:44Z,2022-04-14T00:23:44Z,public,unspecified,PAIRED,RANDOM,METAGENOMIC,metagenome,TP08-01,ILLUMINA,2022-04-14T00:00:00Z,2022-05-12T04:10:00Z,1,SAMEA8793838,TP08-01_Week8_Study1PeaFiber,ERP128019,TP08-01_Week8_Study1PeaFiber,WASHINGTON UNIVERSITY CENTER FOR GENOME SCIENCES,
ERR5956685,OTHER,244,2082436911,Stool,PRJEB44020,SAMEA8793839,914749396,WASHINGTON UNIVERSITY CENTER FOR GENOME SCIENCES,Week9,public,"fastq,run.zq,sra","ncbi,s3,gs","s3.us-east-1,ncbi.public,gs.us-east1",Free diet,2022-04-14,2022-04-14,2022-04-14,2022-04-14,ERX5597206,SAMEA8793839,Homo sapiens,WASHINGTON UNIVERSITY CENTER FOR GENOME SCIENCES,2022-04-14T00:23:44Z,2022-04-14T00:23:44Z,public,unspecified,PAIRED,RANDOM,METAGENOMIC,metagenome,TP08-01,ILLUMINA,2022-04-14T00:00:00Z,2022-05-12T04:09:00Z,1,SAMEA8793839,TP08-01_Week9_Study1PeaFiber,ERP128019,TP08-01_Week9_Study1PeaFiber,WASHINGTON UNIVERSITY CENTER FOR GENOME SCIENCES,
ERR5956686,OTHER,246,2083011785,Stool,PRJEB44020,SAMEA8793840,904887331,WASHINGTON UNIVERSITY CENTER FOR GENOME SCIENCES,Week1,public,"sra,fastq,run.zq","gs,s3,ncbi","gs.us-east1,ncbi.public,s3.us-east-1",Free diet,2022-04-14,2022-04-14,2022-04-14,2022-04-14,ERX5597207,SAMEA8793840,Homo sapiens,WASHINGTON UNIVERSITY CENTER FOR GENOME SCIENCES,2022-04-14T00:23:44Z,2022-04-14T00:23:44Z,public,unspecified,PAIRED,RANDOM,METAGENOMIC,metagenome,TP08-02,ILLUMINA,2022-04-14T00:00:00Z,2022-05-12T04:08:00Z,1,SAMEA8793840,TP08-02_Week1_Study1PeaFiber,ERP128019,TP08-02_Week1_Study1PeaFiber,WASHINGTON UNIVERSITY CENTER FOR GENOME SCIENCES,
ERR5956687,OTHER,247,1894835876,Stool,PRJEB44020,SAMEA8793841,792484956,WASHINGTON UNIVERSITY CENTER FOR GENOME SCIENCES,Week2,public,"sra,run.zq,fastq","ncbi,gs,s3","gs.us-east1,ncbi.public,s3.us-east-1",Free diet,2022-04-14,2022-04-14,2022-04-14,2022-04-14,ERX5597208,SAMEA8793841,Homo sapiens,WASHINGTON UNIVERSITY CENTER FOR GENOME SCIENCES,2022-04-14T00:23:44Z,2022-04-14T00:23:44Z,public,unspecified,PAIRED,RANDOM,METAGENOMIC,metagenome,TP08-02,ILLUMINA,2022-04-14T00:00:00Z,2022-05-12T04:09:00Z,1,SAMEA8793841,TP08-02_Week2_Study1PeaFiber,ERP128019,TP08-02_Week2_Study1PeaFiber,WASHINGTON UNIVERSITY CENTER FOR GENOME SCIENCES,
ERR5956688,OTHER,239,1997320498,Stool,PRJEB44020,SAMEA8793842,835263634,WASHINGTON UNIVERSITY CENTER FOR GENOME SCIENCES,Week3,public,"run.zq,sra,fastq","gs,ncbi,s3","gs.us-east1,s3.us-east-1,ncbi.public",Pea fiber (1 snack a day),2022-04-14,2022-04-14,2022-04-14,2022-04-14,ERX5597209,SAMEA8793842,Homo sapiens,WASHINGTON UNIVERSITY CENTER FOR GENOME SCIENCES,2022-04-14T00:23:44Z,2022-04-14T00:23:44Z,public,unspecified,PAIRED,RANDOM,METAGENOMIC,metagenome,TP08-02,ILLUMINA,2022-04-14T00:00:00Z,2022-05-12T04:10:00Z,1,SAMEA8793842,TP08-02_Week3_Study1PeaFiber,ERP128019,TP08-02_Week3_Study1PeaFiber,WASHINGTON UNIVERSITY CENTER FOR GENOME SCIENCES,
ERR5956689,OTHER,246,2030812397,Stool,PRJEB44020,SAMEA8793843,860823964,WASHINGTON UNIVERSITY CENTER FOR GENOME SCIENCES,Week4,public,"sra,fastq,run.zq","ncbi,s3,gs","gs.us-east1,s3.us-east-1,ncbi.public",Pea fiber (2 snacks a day),2022-04-14,2022-04-14,2022-04-14,2022-04-14,ERX5597210,SAMEA8793843,Homo sapiens,WASHINGTON UNIVERSITY CENTER FOR GENOME SCIENCES,2022-04-14T00:23:44Z,2022-04-14T00:23:44Z,public,unspecified,PAIRED,RANDOM,METAGENOMIC,metagenome,TP08-02,ILLUMINA,2022-04-14T00:00:00Z,2022-05-12T04:09:00Z,1,SAMEA8793843,TP08-02_Week4_Study1PeaFiber,ERP128019,TP08-02_Week4_Study1PeaFiber,WASHINGTON UNIVERSITY CENTER FOR GENOME SCIENCES,
ERR5956690,OTHER,240,2012564481,Stool,PRJEB44020,SAMEA8793844,844529312,WASHINGTON UNIVERSITY CENTER FOR GENOME SCIENCES,Week5,public,"sra,fastq,run.zq","s3,ncbi,gs","gs.us-east1,ncbi.public,s3.us-east-1",Pea fiber (3 snacks a day),2022-04-14,2022-04-14,2022-04-14,2022-04-14,ERX5597211,SAMEA8793844,Homo sapiens,WASHINGTON UNIVERSITY CENTER FOR GENOME SCIENCES,2022-04-14T00:23:44Z,2022-04-14T00:23:44Z,public,unspecified,PAIRED,RANDOM,METAGENOMIC,metagenome,TP08-02,ILLUMINA,2022-04-14T00:00:00Z,2022-05-12T04:10:00Z,1,SAMEA8793844,TP08-02_Week5_Study1PeaFiber,ERP128019,TP08-02_Week5_Study1PeaFiber,WASHINGTON UNIVERSITY CENTER FOR GENOME SCIENCES,
ERR5956691,OTHER,244,2060094865,Stool,PRJEB44020,SAMEA8793845,866001614,WASHINGTON UNIVERSITY CENTER FOR GENOME SCIENCES,Week8,public,"run.zq,fastq,sra","ncbi,s3,gs","gs.us-east1,ncbi.public,s3.us-east-1",Pea fiber (3 snacks a day),2022-04-14,2022-04-14,2022-04-14,2022-04-14,ERX5597212,SAMEA8793845,Homo sapiens,WASHINGTON UNIVERSITY CENTER FOR GENOME SCIENCES,2022-04-14T00:23:44Z,2022-04-14T00:23:44Z,public,unspecified,PAIRED,RANDOM,METAGENOMIC,metagenome,TP08-02,ILLUMINA,2022-04-14T00:00:00Z,2022-05-12T04:09:00Z,1,SAMEA8793845,TP08-02_Week8_Study1PeaFiber,ERP128019,TP08-02_Week8_Study1PeaFiber,WASHINGTON UNIVERSITY CENTER FOR GENOME SCIENCES,
ERR5956692,OTHER,244,1946844021,Stool,PRJEB44020,SAMEA8793846,826050877,WASHINGTON UNIVERSITY CENTER FOR GENOME SCIENCES,Week9,public,"sra,fastq,run.zq","ncbi,gs,s3","s3.us-east-1,gs.us-east1,ncbi.public",Free diet,2022-04-14,2022-04-14,2022-04-14,2022-04-14,ERX5597213,SAMEA8793846,Homo sapiens,WASHINGTON UNIVERSITY CENTER FOR GENOME SCIENCES,2022-04-14T00:23:44Z,2022-04-14T00:23:44Z,public,unspecified,PAIRED,RANDOM,METAGENOMIC,metagenome,TP08-02,ILLUMINA,2022-04-14T00:00:00Z,2022-05-12T04:13:00Z,1,SAMEA8793846,TP08-02_Week9_Study1PeaFiber,ERP128019,TP08-02_Week9_Study1PeaFiber,WASHINGTON UNIVERSITY CENTER FOR GENOME SCIENCES,
ERR5956693,OTHER,226,1922811616,Stool,PRJEB44020,SAMEA8793847,802372565,WASHINGTON UNIVERSITY CENTER FOR GENOME SCIENCES,Week1,public,"fastq,run.zq,sra","ncbi,s3,gs","s3.us-east-1,ncbi.public,gs.us-east1",Free diet,2022-04-14,2022-04-14,2022-04-14,2022-04-14,ERX5597214,SAMEA8793847,Homo sapiens,WASHINGTON UNIVERSITY CENTER FOR GENOME SCIENCES,2022-04-14T00:23:44Z,2022-04-14T00:23:44Z,public,unspecified,PAIRED,RANDOM,METAGENOMIC,metagenome,TP09-01,ILLUMINA,2022-04-14T00:00:00Z,2022-05-12T04:09:00Z,1,SAMEA8793847,TP09-01_Week1_Study1PeaFiber,ERP128019,TP09-01_Week1_Study1PeaFiber,WASHINGTON UNIVERSITY CENTER FOR GENOME SCIENCES,
ERR5956694,OTHER,241,1951781114,Stool,PRJEB44020,SAMEA8793848,820442602,WASHINGTON UNIVERSITY CENTER FOR GENOME SCIENCES,Week2,public,"run.zq,sra,fastq","ncbi,s3,gs","ncbi.public,gs.us-east1,s3.us-east-1",Free diet,2022-04-14,2022-04-14,2022-04-14,2022-04-14,ERX5597215,SAMEA8793848,Homo sapiens,WASHINGTON UNIVERSITY CENTER FOR GENOME SCIENCES,2022-04-14T00:23:44Z,2022-04-14T00:23:44Z,public,unspecified,PAIRED,RANDOM,METAGENOMIC,metagenome,TP09-01,ILLUMINA,2022-04-14T00:00:00Z,2022-05-12T04:11:00Z,1,SAMEA8793848,TP09-01_Week2_Study1PeaFiber,ERP128019,TP09-01_Week2_Study1PeaFiber,WASHINGTON UNIVERSITY CENTER FOR GENOME SCIENCES,
ERR5956696,OTHER,238,1878944166,Stool,PRJEB44020,SAMEA8793849,776485958,WASHINGTON UNIVERSITY CENTER FOR GENOME SCIENCES,Week3,public,"run.zq,fastq,sra","s3,gs,ncbi","ncbi.public,gs.us-east1,s3.us-east-1",Pea fiber (1 snack a day),2022-04-14,2022-04-14,2022-04-14,2022-04-14,ERX5597217,SAMEA8793849,Homo sapiens,WASHINGTON UNIVERSITY CENTER FOR GENOME SCIENCES,2022-04-14T00:23:44Z,2022-04-14T00:23:44Z,public,unspecified,PAIRED,RANDOM,METAGENOMIC,metagenome,TP09-01,ILLUMINA,2022-04-14T00:00:00Z,2022-05-12T04:09:00Z,1,SAMEA8793849,TP09-01_Week3_Study1PeaFiber,ERP128019,TP09-01_Week3_Study1PeaFiber,WASHINGTON UNIVERSITY CENTER FOR GENOME SCIENCES,
ERR5956697,OTHER,250,2187821345,Stool,PRJEB44020,SAMEA8793850,917876781,WASHINGTON UNIVERSITY CENTER FOR GENOME SCIENCES,Week4,public,"fastq,sra,run.zq","s3,ncbi,gs","gs.us-east1,ncbi.public,s3.us-east-1",Pea fiber (2 snacks a day),2022-04-14,2022-04-14,2022-04-14,2022-04-14,ERX5597218,SAMEA8793850,Homo sapiens,WASHINGTON UNIVERSITY CENTER FOR GENOME SCIENCES,2022-04-14T00:23:44Z,2022-04-14T00:23:44Z,public,unspecified,PAIRED,RANDOM,METAGENOMIC,metagenome,TP09-01,ILLUMINA,2022-04-14T00:00:00Z,2022-05-12T04:12:00Z,1,SAMEA8793850,TP09-01_Week4_Study1PeaFiber,ERP128019,TP09-01_Week4_Study1PeaFiber,WASHINGTON UNIVERSITY CENTER FOR GENOME SCIENCES,
ERR5956698,OTHER,238,1965240460,Stool,PRJEB44020,SAMEA8793851,820900379,WASHINGTON UNIVERSITY CENTER FOR GENOME SCIENCES,Week5,public,"fastq,sra,run.zq","gs,ncbi,s3","gs.us-east1,s3.us-east-1,ncbi.public",Pea fiber (3 snacks a day),2022-04-14,2022-04-14,2022-04-14,2022-04-14,ERX5597219,SAMEA8793851,Homo sapiens,WASHINGTON UNIVERSITY CENTER FOR GENOME SCIENCES,2022-04-14T00:23:44Z,2022-04-14T00:23:44Z,public,unspecified,PAIRED,RANDOM,METAGENOMIC,metagenome,TP09-01,ILLUMINA,2022-04-14T00:00:00Z,2022-05-12T04:10:00Z,1,SAMEA8793851,TP09-01_Week5_Study1PeaFiber,ERP128019,TP09-01_Week5_Study1PeaFiber,WASHINGTON UNIVERSITY CENTER FOR GENOME SCIENCES,
ERR5956699,OTHER,245,2085751693,Stool,PRJEB44020,SAMEA8793852,868252059,WASHINGTON UNIVERSITY CENTER FOR GENOME SCIENCES,Week8,public,"sra,run.zq,fastq","s3,ncbi,gs","s3.us-east-1,ncbi.public,gs.us-east1",Pea fiber (3 snacks a day),2022-04-14,2022-04-14,2022-04-14,2022-04-14,ERX5597220,SAMEA8793852,Homo sapiens,WASHINGTON UNIVERSITY CENTER FOR GENOME SCIENCES,2022-04-14T00:23:44Z,2022-04-14T00:23:44Z,public,unspecified,PAIRED,RANDOM,METAGENOMIC,metagenome,TP09-01,ILLUMINA,2022-04-14T00:00:00Z,2022-05-12T04:09:00Z,1,SAMEA8793852,TP09-01_Week8_Study1PeaFiber,ERP128019,TP09-01_Week8_Study1PeaFiber,WASHINGTON UNIVERSITY CENTER FOR GENOME SCIENCES,
ERR5956700,OTHER,242,1906824718,Stool,PRJEB44020,SAMEA8793853,796498550,WASHINGTON UNIVERSITY CENTER FOR GENOME SCIENCES,Week9,public,"run.zq,fastq,sra","s3,gs,ncbi","ncbi.public,gs.us-east1,s3.us-east-1",Free diet,2022-04-14,2022-04-14,2022-04-14,2022-04-14,ERX5597221,SAMEA8793853,Homo sapiens,WASHINGTON UNIVERSITY CENTER FOR GENOME SCIENCES,2022-04-14T00:23:44Z,2022-04-14T00:23:44Z,public,unspecified,PAIRED,RANDOM,METAGENOMIC,metagenome,TP09-01,ILLUMINA,2022-04-14T00:00:00Z,2022-05-12T04:09:00Z,1,SAMEA8793853,TP09-01_Week9_Study1PeaFiber,ERP128019,TP09-01_Week9_Study1PeaFiber,WASHINGTON UNIVERSITY CENTER FOR GENOME SCIENCES,
ERR5956701,OTHER,239,2004580754,Stool,PRJEB44020,SAMEA8793854,846932802,WASHINGTON UNIVERSITY CENTER FOR GENOME SCIENCES,Week1,public,"fastq,run.zq,sra","gs,s3,ncbi","s3.us-east-1,ncbi.public,gs.us-east1",Free diet,2022-04-14,2022-04-14,2022-04-14,2022-04-14,ERX5597222,SAMEA8793854,Homo sapiens,WASHINGTON UNIVERSITY CENTER FOR GENOME SCIENCES,2022-04-14T00:23:44Z,2022-04-14T00:23:44Z,public,unspecified,PAIRED,RANDOM,METAGENOMIC,metagenome,TP09-02,ILLUMINA,2022-04-14T00:00:00Z,2022-05-12T04:09:00Z,1,SAMEA8793854,TP09-02_Week1_Study1PeaFiber,ERP128019,TP09-02_Week1_Study1PeaFiber,WASHINGTON UNIVERSITY CENTER FOR GENOME SCIENCES,
ERR5956702,OTHER,240,1988087152,Stool,PRJEB44020,SAMEA8793855,827788056,WASHINGTON UNIVERSITY CENTER FOR GENOME SCIENCES,Week2,public,"run.zq,sra,fastq","ncbi,s3,gs","gs.us-east1,s3.us-east-1,ncbi.public",Free diet,2022-04-14,2022-04-14,2022-04-14,2022-04-14,ERX5597223,SAMEA8793855,Homo sapiens,WASHINGTON UNIVERSITY CENTER FOR GENOME SCIENCES,2022-04-14T00:23:44Z,2022-04-14T00:23:44Z,public,unspecified,PAIRED,RANDOM,METAGENOMIC,metagenome,TP09-02,ILLUMINA,2022-04-14T00:00:00Z,2022-05-12T04:10:00Z,1,SAMEA8793855,TP09-02_Week2_Study1PeaFiber,ERP128019,TP09-02_Week2_Study1PeaFiber,WASHINGTON UNIVERSITY CENTER FOR GENOME SCIENCES,
ERR5956703,OTHER,238,1985265826,Stool,PRJEB44020,SAMEA8793856,826939939,WASHINGTON UNIVERSITY CENTER FOR GENOME SCIENCES,Week3,public,"sra,run.zq,fastq","s3,gs,ncbi","gs.us-east1,s3.us-east-1,ncbi.public",Pea fiber (1 snack a day),2022-04-14,2022-04-14,2022-04-14,2022-04-14,ERX5597224,SAMEA8793856,Homo sapiens,WASHINGTON UNIVERSITY CENTER FOR GENOME SCIENCES,2022-04-14T00:23:44Z,2022-04-14T00:23:44Z,public,unspecified,PAIRED,RANDOM,METAGENOMIC,metagenome,TP09-02,ILLUMINA,2022-04-14T00:00:00Z,2022-05-12T04:10:00Z,1,SAMEA8793856,TP09-02_Week3_Study1PeaFiber,ERP128019,TP09-02_Week3_Study1PeaFiber,WASHINGTON UNIVERSITY CENTER FOR GENOME SCIENCES,
ERR5956704,OTHER,244,1940192260,Stool,PRJEB44020,SAMEA8793857,796349228,WASHINGTON UNIVERSITY CENTER FOR GENOME SCIENCES,Week4,public,"run.zq,fastq,sra","ncbi,gs,s3","ncbi.public,gs.us-east1,s3.us-east-1",Pea fiber (2 snacks a day),2022-04-14,2022-04-14,2022-04-14,2022-04-14,ERX5597225,SAMEA8793857,Homo sapiens,WASHINGTON UNIVERSITY CENTER FOR GENOME SCIENCES,2022-04-14T00:23:44Z,2022-04-14T00:23:44Z,public,unspecified,PAIRED,RANDOM,METAGENOMIC,metagenome,TP09-02,ILLUMINA,2022-04-14T00:00:00Z,2022-05-12T04:10:00Z,1,SAMEA8793857,TP09-02_Week4_Study1PeaFiber,ERP128019,TP09-02_Week4_Study1PeaFiber,WASHINGTON UNIVERSITY CENTER FOR GENOME SCIENCES,
ERR5956705,OTHER,234,1952841931,Stool,PRJEB44020,SAMEA8793858,802847926,WASHINGTON UNIVERSITY CENTER FOR GENOME SCIENCES,Week5,public,"run.zq,sra,fastq","ncbi,gs,s3","ncbi.public,s3.us-east-1,gs.us-east1",Pea fiber (3 snacks a day),2022-04-14,2022-04-14,2022-04-14,2022-04-14,ERX5597226,SAMEA8793858,Homo sapiens,WASHINGTON UNIVERSITY CENTER FOR GENOME SCIENCES,2022-04-14T00:23:44Z,2022-04-14T00:23:44Z,public,unspecified,PAIRED,RANDOM,METAGENOMIC,metagenome,TP09-02,ILLUMINA,2022-04-14T00:00:00Z,2022-05-12T04:10:00Z,1,SAMEA8793858,TP09-02_Week5_Study1PeaFiber,ERP128019,TP09-02_Week5_Study1PeaFiber,WASHINGTON UNIVERSITY CENTER FOR GENOME SCIENCES,
ERR5956707,OTHER,240,2012991853,Stool,PRJEB44020,SAMEA8793859,835463894,WASHINGTON UNIVERSITY CENTER FOR GENOME SCIENCES,Week8,public,"run.zq,sra,fastq","ncbi,s3,gs","ncbi.public,s3.us-east-1,gs.us-east1",Pea fiber (3 snacks a day),2022-04-14,2022-04-14,2022-04-14,2022-04-14,ERX5597228,SAMEA8793859,Homo sapiens,WASHINGTON UNIVERSITY CENTER FOR GENOME SCIENCES,2022-04-14T00:23:44Z,2022-04-14T00:23:44Z,public,unspecified,PAIRED,RANDOM,METAGENOMIC,metagenome,TP09-02,ILLUMINA,2022-04-14T00:00:00Z,2022-05-12T04:10:00Z,1,SAMEA8793859,TP09-02_Week8_Study1PeaFiber,ERP128019,TP09-02_Week8_Study1PeaFiber,WASHINGTON UNIVERSITY CENTER FOR GENOME SCIENCES,
ERR5956708,OTHER,246,2076577678,Stool,PRJEB44020,SAMEA8793860,866115162,WASHINGTON UNIVERSITY CENTER FOR GENOME SCIENCES,Week9,public,"fastq,run.zq,sra","gs,s3,ncbi","gs.us-east1,s3.us-east-1,ncbi.public",Free diet,2022-04-14,2022-04-14,2022-04-14,2022-04-14,ERX5597229,SAMEA8793860,Homo sapiens,WASHINGTON UNIVERSITY CENTER FOR GENOME SCIENCES,2022-04-14T00:23:44Z,2022-04-14T00:23:44Z,public,unspecified,PAIRED,RANDOM,METAGENOMIC,metagenome,TP09-02,ILLUMINA,2022-04-14T00:00:00Z,2022-05-12T04:10:00Z,1,SAMEA8793860,TP09-02_Week9_Study1PeaFiber,ERP128019,TP09-02_Week9_Study1PeaFiber,WASHINGTON UNIVERSITY CENTER FOR GENOME SCIENCES,
ERR5956709,OTHER,250,2704843239,Stool,PRJEB44020,SAMEA8793861,1221847706,WASHINGTON UNIVERSITY CENTER FOR GENOME SCIENCES,Week1,public,"sra,fastq,run.zq","gs,s3,ncbi","gs.us-east1,ncbi.public,s3.us-east-1",Free diet,2022-04-14,2022-04-14,2022-04-14,2022-04-14,ERX5597230,SAMEA8793861,Homo sapiens,WASHINGTON UNIVERSITY CENTER FOR GENOME SCIENCES,2022-04-14T00:23:43Z,2022-04-14T00:23:43Z,public,unspecified,PAIRED,RANDOM,METAGENOMIC,metagenome,TP08-02,ILLUMINA,2022-04-14T00:00:00Z,2022-05-12T04:12:00Z,1,SAMEA8793861,TP08-02_Week1_Study2OrangeFiber,ERP128019,TP08-02_Week1_Study2OrangeFiber,WASHINGTON UNIVERSITY CENTER FOR GENOME SCIENCES,
ERR5956710,OTHER,257,2558379905,Stool,PRJEB44020,SAMEA8793862,1195843493,WASHINGTON UNIVERSITY CENTER FOR GENOME SCIENCES,Week2,public,"sra,fastq,run.zq","gs,s3,ncbi","s3.us-east-1,gs.us-east1,ncbi.public",Free diet,2022-04-14,2022-04-14,2022-04-14,2022-04-14,ERX5597231,SAMEA8793862,Homo sapiens,WASHINGTON UNIVERSITY CENTER FOR GENOME SCIENCES,2022-04-14T00:23:43Z,2022-04-14T00:23:43Z,public,unspecified,PAIRED,RANDOM,METAGENOMIC,metagenome,TP08-02,ILLUMINA,2022-04-14T00:00:00Z,2022-05-12T04:19:00Z,1,SAMEA8793862,TP08-02_Week2_Study2OrangeFiber,ERP128019,TP08-02_Week2_Study2OrangeFiber,WASHINGTON UNIVERSITY CENTER FOR GENOME SCIENCES,
ERR5956711,OTHER,266,2629019273,Stool,PRJEB44020,SAMEA8793863,1283743725,WASHINGTON UNIVERSITY CENTER FOR GENOME SCIENCES,Week5,public,"fastq,sra,run.zq","gs,s3,ncbi","ncbi.public,gs.us-east1,s3.us-east-1",Orange fiber (3 snacks a day),2022-04-14,2022-04-14,2022-04-14,2022-04-14,ERX5597232,SAMEA8793863,Homo sapiens,WASHINGTON UNIVERSITY CENTER FOR GENOME SCIENCES,2022-04-14T00:23:43Z,2022-04-14T00:23:43Z,public,unspecified,PAIRED,RANDOM,METAGENOMIC,metagenome,TP08-02,ILLUMINA,2022-04-14T00:00:00Z,2022-05-12T04:14:00Z,1,SAMEA8793863,TP08-02_Week5_Study2OrangeFiber,ERP128019,TP08-02_Week5_Study2OrangeFiber,WASHINGTON UNIVERSITY CENTER FOR GENOME SCIENCES,
ERR5956712,OTHER,263,2643784542,Stool,PRJEB44020,SAMEA8793864,1243507292,WASHINGTON UNIVERSITY CENTER FOR GENOME SCIENCES,Week8,public,"fastq,run.zq,sra","s3,gs,ncbi","gs.us-east1,ncbi.public,s3.us-east-1",Orange fiber (3 snacks a day),2022-04-14,2022-04-14,2022-04-14,2022-04-14,ERX5597233,SAMEA8793864,Homo sapiens,WASHINGTON UNIVERSITY CENTER FOR GENOME SCIENCES,2022-04-14T00:23:43Z,2022-04-14T00:23:43Z,public,unspecified,PAIRED,RANDOM,METAGENOMIC,metagenome,TP08-02,ILLUMINA,2022-04-14T00:00:00Z,2022-05-12T04:17:00Z,1,SAMEA8793864,TP08-02_Week8_Study2OrangeFiber,ERP128019,TP08-02_Week8_Study2OrangeFiber,WASHINGTON UNIVERSITY CENTER FOR GENOME SCIENCES,
ERR5956713,OTHER,247,2542768480,Stool,PRJEB44020,SAMEA8793865,1170999308,WASHINGTON UNIVERSITY CENTER FOR GENOME SCIENCES,Week1,public,"run.zq,sra,fastq","gs,s3,ncbi","s3.us-east-1,ncbi.public,gs.us-east1",Free diet,2022-04-14,2022-04-14,2022-04-14,2022-04-14,ERX5597234,SAMEA8793865,Homo sapiens,WASHINGTON UNIVERSITY CENTER FOR GENOME SCIENCES,2022-04-14T00:23:43Z,2022-04-14T00:23:43Z,public,unspecified,PAIRED,RANDOM,METAGENOMIC,metagenome,TP01-01,ILLUMINA,2022-04-14T00:00:00Z,2022-05-12T04:13:00Z,1,SAMEA8793865,TP01-01_Week1_Study2OrangeFiber,ERP128019,TP01-01_Week1_Study2OrangeFiber,WASHINGTON UNIVERSITY CENTER FOR GENOME SCIENCES,
ERR5956714,OTHER,248,2392986576,Stool,PRJEB44020,SAMEA8793866,1144465389,WASHINGTON UNIVERSITY CENTER FOR GENOME SCIENCES,Week2,public,"fastq,run.zq,sra","s3,gs,ncbi","s3.us-east-1,ncbi.public,gs.us-east1",Free diet,2022-04-14,2022-04-14,2022-04-14,2022-04-14,ERX5597235,SAMEA8793866,Homo sapiens,WASHINGTON UNIVERSITY CENTER FOR GENOME SCIENCES,2022-04-14T00:23:43Z,2022-04-14T00:23:43Z,public,unspecified,PAIRED,RANDOM,METAGENOMIC,metagenome,TP01-01,ILLUMINA,2022-04-14T00:00:00Z,2022-05-12T04:12:00Z,1,SAMEA8793866,TP01-01_Week2_Study2OrangeFiber,ERP128019,TP01-01_Week2_Study2OrangeFiber,WASHINGTON UNIVERSITY CENTER FOR GENOME SCIENCES,
ERR5956716,OTHER,255,2510155496,Stool,PRJEB44020,SAMEA8793867,1169324972,WASHINGTON UNIVERSITY CENTER FOR GENOME SCIENCES,Week5,public,"sra,fastq,run.zq","ncbi,s3,gs","ncbi.public,gs.us-east1,s3.us-east-1",Orange fiber (3 snacks a day),2022-04-14,2022-04-14,2022-04-14,2022-04-14,ERX5597237,SAMEA8793867,Homo sapiens,WASHINGTON UNIVERSITY CENTER FOR GENOME SCIENCES,2022-04-14T00:23:43Z,2022-04-14T00:23:43Z,public,unspecified,PAIRED,RANDOM,METAGENOMIC,metagenome,TP01-01,ILLUMINA,2022-04-14T00:00:00Z,2022-05-12T04:11:00Z,1,SAMEA8793867,TP01-01_Week5_Study2OrangeFiber,ERP128019,TP01-01_Week5_Study2OrangeFiber,WASHINGTON UNIVERSITY CENTER FOR GENOME SCIENCES,
ERR5956717,OTHER,254,2531383673,Stool,PRJEB44020,SAMEA8793868,1179349753,WASHINGTON UNIVERSITY CENTER FOR GENOME SCIENCES,Week8,public,"fastq,sra,run.zq","gs,s3,ncbi","s3.us-east-1,ncbi.public,gs.us-east1",Orange fiber (3 snacks a day),2022-04-14,2022-04-14,2022-04-14,2022-04-14,ERX5597238,SAMEA8793868,Homo sapiens,WASHINGTON UNIVERSITY CENTER FOR GENOME SCIENCES,2022-04-14T00:23:43Z,2022-04-14T00:23:43Z,public,unspecified,PAIRED,RANDOM,METAGENOMIC,metagenome,TP01-01,ILLUMINA,2022-04-14T00:00:00Z,2022-05-12T04:13:00Z,1,SAMEA8793868,TP01-01_Week8_Study2OrangeFiber,ERP128019,TP01-01_Week8_Study2OrangeFiber,WASHINGTON UNIVERSITY CENTER FOR GENOME SCIENCES,
ERR5956718,OTHER,262,2654671957,Stool,PRJEB44020,SAMEA8793869,1232799290,WASHINGTON UNIVERSITY CENTER FOR GENOME SCIENCES,Week1,public,"sra,fastq,run.zq","s3,ncbi,gs","gs.us-east1,ncbi.public,s3.us-east-1",Free diet,2022-04-14,2022-04-14,2022-04-14,2022-04-14,ERX5597239,SAMEA8793869,Homo sapiens,WASHINGTON UNIVERSITY CENTER FOR GENOME SCIENCES,2022-04-14T00:23:43Z,2022-04-14T00:23:43Z,public,unspecified,PAIRED,RANDOM,METAGENOMIC,metagenome,TP01-02,ILLUMINA,2022-04-14T00:00:00Z,2022-05-12T04:11:00Z,1,SAMEA8793869,TP01-02_Week1_Study2OrangeFiber,ERP128019,TP01-02_Week1_Study2OrangeFiber,WASHINGTON UNIVERSITY CENTER FOR GENOME SCIENCES,
ERR5956719,OTHER,253,2575019241,Stool,PRJEB44020,SAMEA8793870,1194750579,WASHINGTON UNIVERSITY CENTER FOR GENOME SCIENCES,Week2,public,"fastq,sra,run.zq","s3,gs,ncbi","ncbi.public,gs.us-east1,s3.us-east-1",Free diet,2022-04-14,2022-04-14,2022-04-14,2022-04-14,ERX5597240,SAMEA8793870,Homo sapiens,WASHINGTON UNIVERSITY CENTER FOR GENOME SCIENCES,2022-04-14T00:23:43Z,2022-04-14T00:23:43Z,public,unspecified,PAIRED,RANDOM,METAGENOMIC,metagenome,TP01-02,ILLUMINA,2022-04-14T00:00:00Z,2022-05-12T04:13:00Z,1,SAMEA8793870,TP01-02_Week2_Study2OrangeFiber,ERP128019,TP01-02_Week2_Study2OrangeFiber,WASHINGTON UNIVERSITY CENTER FOR GENOME SCIENCES,
ERR5956720,OTHER,259,2580352836,Stool,PRJEB44020,SAMEA8793871,1238562493,WASHINGTON UNIVERSITY CENTER FOR GENOME SCIENCES,Week5,public,"fastq,run.zq,sra","ncbi,s3,gs","s3.us-east-1,gs.us-east1,ncbi.public",Orange fiber (3 snacks a day),2022-04-14,2022-04-14,2022-04-14,2022-04-14,ERX5597241,SAMEA8793871,Homo sapiens,WASHINGTON UNIVERSITY CENTER FOR GENOME SCIENCES,2022-04-14T00:23:43Z,2022-04-14T00:23:43Z,public,unspecified,PAIRED,RANDOM,METAGENOMIC,metagenome,TP01-02,ILLUMINA,2022-04-14T00:00:00Z,2022-05-12T04:11:00Z,1,SAMEA8793871,TP01-02_Week5_Study2OrangeFiber,ERP128019,TP01-02_Week5_Study2OrangeFiber,WASHINGTON UNIVERSITY CENTER FOR GENOME SCIENCES,
ERR5956721,OTHER,262,2697028754,Stool,PRJEB44020,SAMEA8793872,1243817189,WASHINGTON UNIVERSITY CENTER FOR GENOME SCIENCES,Week8,public,"fastq,run.zq,sra","s3,gs,ncbi","ncbi.public,gs.us-east1,s3.us-east-1",Orange fiber (3 snacks a day),2022-04-14,2022-04-14,2022-04-14,2022-04-14,ERX5597242,SAMEA8793872,Homo sapiens,WASHINGTON UNIVERSITY CENTER FOR GENOME SCIENCES,2022-04-14T00:23:43Z,2022-04-14T00:23:43Z,public,unspecified,PAIRED,RANDOM,METAGENOMIC,metagenome,TP01-02,ILLUMINA,2022-04-14T00:00:00Z,2022-05-12T04:12:00Z,1,SAMEA8793872,TP01-02_Week8_Study2OrangeFiber,ERP128019,TP01-02_Week8_Study2OrangeFiber,WASHINGTON UNIVERSITY CENTER FOR GENOME SCIENCES,
ERR5956722,OTHER,250,2544643576,Stool,PRJEB44020,SAMEA8793873,1180239014,WASHINGTON UNIVERSITY CENTER FOR GENOME SCIENCES,Week1,public,"fastq,sra,run.zq","s3,ncbi,gs","ncbi.public,s3.us-east-1,gs.us-east1",Free diet,2022-04-14,2022-04-14,2022-04-14,2022-04-14,ERX5597243,SAMEA8793873,Homo sapiens,WASHINGTON UNIVERSITY CENTER FOR GENOME SCIENCES,2022-04-14T00:23:43Z,2022-04-14T00:23:43Z,public,unspecified,PAIRED,RANDOM,METAGENOMIC,metagenome,TP09-01,ILLUMINA,2022-04-14T00:00:00Z,2022-05-12T04:11:00Z,1,SAMEA8793873,TP09-01_Week1_Study2OrangeFiber,ERP128019,TP09-01_Week1_Study2OrangeFiber,WASHINGTON UNIVERSITY CENTER FOR GENOME SCIENCES,
ERR5956724,OTHER,248,2524357721,Stool,PRJEB44020,SAMEA8793874,1202335165,WASHINGTON UNIVERSITY CENTER FOR GENOME SCIENCES,Week2,public,"run.zq,fastq,sra","gs,ncbi,s3","s3.us-east-1,gs.us-east1,ncbi.public",Free diet,2022-04-14,2022-04-14,2022-04-14,2022-04-14,ERX5597245,SAMEA8793874,Homo sapiens,WASHINGTON UNIVERSITY CENTER FOR GENOME SCIENCES,2022-04-14T00:23:43Z,2022-04-14T00:23:43Z,public,unspecified,PAIRED,RANDOM,METAGENOMIC,metagenome,TP09-01,ILLUMINA,2022-04-14T00:00:00Z,2022-05-12T04:10:00Z,1,SAMEA8793874,TP09-01_Week2_Study2OrangeFiber,ERP128019,TP09-01_Week2_Study2OrangeFiber,WASHINGTON UNIVERSITY CENTER FOR GENOME SCIENCES,
ERR5956725,OTHER,252,2532630421,Stool,PRJEB44020,SAMEA8793875,1170138088,WASHINGTON UNIVERSITY CENTER FOR GENOME SCIENCES,Week5,public,"fastq,sra,run.zq","ncbi,gs,s3","ncbi.public,gs.us-east1,s3.us-east-1",Orange fiber (3 snacks a day),2022-04-14,2022-04-14,2022-04-14,2022-04-14,ERX5597246,SAMEA8793875,Homo sapiens,WASHINGTON UNIVERSITY CENTER FOR GENOME SCIENCES,2022-04-14T00:23:43Z,2022-04-14T00:23:43Z,public,unspecified,PAIRED,RANDOM,METAGENOMIC,metagenome,TP09-01,ILLUMINA,2022-04-14T00:00:00Z,2022-05-12T04:14:00Z,1,SAMEA8793875,TP09-01_Week5_Study2OrangeFiber,ERP128019,TP09-01_Week5_Study2OrangeFiber,WASHINGTON UNIVERSITY CENTER FOR GENOME SCIENCES,
ERR5956726,OTHER,259,2489139664,Stool,PRJEB44020,SAMEA8793876,1162859425,WASHINGTON UNIVERSITY CENTER FOR GENOME SCIENCES,Week8,public,"sra,run.zq,fastq","ncbi,s3,gs","s3.us-east-1,gs.us-east1,ncbi.public",Orange fiber (3 snacks a day),2022-04-14,2022-04-14,2022-04-14,2022-04-14,ERX5597247,SAMEA8793876,Homo sapiens,WASHINGTON UNIVERSITY CENTER FOR GENOME SCIENCES,2022-04-14T00:23:43Z,2022-04-14T00:23:43Z,public,unspecified,PAIRED,RANDOM,METAGENOMIC,metagenome,TP09-01,ILLUMINA,2022-04-14T00:00:00Z,2022-05-12T04:11:00Z,1,SAMEA8793876,TP09-01_Week8_Study2OrangeFiber,ERP128019,TP09-01_Week8_Study2OrangeFiber,WASHINGTON UNIVERSITY CENTER FOR GENOME SCIENCES,
ERR5956727,OTHER,250,2518386635,Stool,PRJEB44020,SAMEA8793877,1157004535,WASHINGTON UNIVERSITY CENTER FOR GENOME SCIENCES,Week1,public,"fastq,sra,run.zq","ncbi,s3,gs","s3.us-east-1,gs.us-east1,ncbi.public",Free diet,2022-04-14,2022-04-14,2022-04-14,2022-04-14,ERX5597248,SAMEA8793877,Homo sapiens,WASHINGTON UNIVERSITY CENTER FOR GENOME SCIENCES,2022-04-14T00:23:43Z,2022-04-14T00:23:43Z,public,unspecified,PAIRED,RANDOM,METAGENOMIC,metagenome,TP09-02,ILLUMINA,2022-04-14T00:00:00Z,2022-05-12T04:11:00Z,1,SAMEA8793877,TP09-02_Week1_Study2OrangeFiber,ERP128019,TP09-02_Week1_Study2OrangeFiber,WASHINGTON UNIVERSITY CENTER FOR GENOME SCIENCES,
ERR5956728,OTHER,249,2514915191,Stool,PRJEB44020,SAMEA8793878,1166888707,WASHINGTON UNIVERSITY CENTER FOR GENOME SCIENCES,Week2,public,"run.zq,sra,fastq","gs,ncbi,s3","s3.us-east-1,ncbi.public,gs.us-east1",Free diet,2022-04-14,2022-04-14,2022-04-14,2022-04-14,ERX5597249,SAMEA8793878,Homo sapiens,WASHINGTON UNIVERSITY CENTER FOR GENOME SCIENCES,2022-04-14T00:23:43Z,2022-04-14T00:23:43Z,public,unspecified,PAIRED,RANDOM,METAGENOMIC,metagenome,TP09-02,ILLUMINA,2022-04-14T00:00:00Z,2022-05-12T04:15:00Z,1,SAMEA8793878,TP09-02_Week2_Study2OrangeFiber,ERP128019,TP09-02_Week2_Study2OrangeFiber,WASHINGTON UNIVERSITY CENTER FOR GENOME SCIENCES,
ERR5956729,OTHER,256,2561678431,Stool,PRJEB44020,SAMEA8793879,1227972345,WASHINGTON UNIVERSITY CENTER FOR GENOME SCIENCES,Week5,public,"sra,run.zq,fastq","s3,ncbi,gs","ncbi.public,s3.us-east-1,gs.us-east1",Orange fiber (3 snacks a day),2022-04-14,2022-04-14,2022-04-14,2022-04-14,ERX5597250,SAMEA8793879,Homo sapiens,WASHINGTON UNIVERSITY CENTER FOR GENOME SCIENCES,2022-04-14T00:23:43Z,2022-04-14T00:23:43Z,public,unspecified,PAIRED,RANDOM,METAGENOMIC,metagenome,TP09-02,ILLUMINA,2022-04-14T00:00:00Z,2022-05-12T04:12:00Z,1,SAMEA8793879,TP09-02_Week5_Study2OrangeFiber,ERP128019,TP09-02_Week5_Study2OrangeFiber,WASHINGTON UNIVERSITY CENTER FOR GENOME SCIENCES,
ERR5956730,OTHER,262,2660689090,Stool,PRJEB44020,SAMEA8793880,1224762667,WASHINGTON UNIVERSITY CENTER FOR GENOME SCIENCES,Week8,public,"run.zq,fastq,sra","ncbi,s3,gs","s3.us-east-1,gs.us-east1,ncbi.public",Orange fiber (3 snacks a day),2022-04-14,2022-04-14,2022-04-14,2022-04-14,ERX5597251,SAMEA8793880,Homo sapiens,WASHINGTON UNIVERSITY CENTER FOR GENOME SCIENCES,2022-04-14T00:23:43Z,2022-04-14T00:23:43Z,public,unspecified,PAIRED,RANDOM,METAGENOMIC,metagenome,TP09-02,ILLUMINA,2022-04-14T00:00:00Z,2022-05-12T04:13:00Z,1,SAMEA8793880,TP09-02_Week8_Study2OrangeFiber,ERP128019,TP09-02_Week8_Study2OrangeFiber,WASHINGTON UNIVERSITY CENTER FOR GENOME SCIENCES,
ERR5956732,OTHER,255,2619334755,Stool,PRJEB44020,SAMEA8793881,1219486912,WASHINGTON UNIVERSITY CENTER FOR GENOME SCIENCES,Week1,public,"fastq,run.zq,sra","s3,gs,ncbi","s3.us-east-1,gs.us-east1,ncbi.public",Free diet,2022-04-14,2022-04-14,2022-04-14,2022-04-14,ERX5597253,SAMEA8793881,Homo sapiens,WASHINGTON UNIVERSITY CENTER FOR GENOME SCIENCES,2022-04-14T00:23:43Z,2022-04-14T00:23:43Z,public,unspecified,PAIRED,RANDOM,METAGENOMIC,metagenome,TP02-01,ILLUMINA,2022-04-14T00:00:00Z,2022-05-12T04:11:00Z,1,SAMEA8793881,TP02-01_Week1_Study2OrangeFiber,ERP128019,TP02-01_Week1_Study2OrangeFiber,WASHINGTON UNIVERSITY CENTER FOR GENOME SCIENCES,
ERR5956733,OTHER,247,2517492947,Stool,PRJEB44020,SAMEA8793882,1206958386,WASHINGTON UNIVERSITY CENTER FOR GENOME SCIENCES,Week2,public,"sra,fastq,run.zq","ncbi,s3,gs","gs.us-east1,s3.us-east-1,ncbi.public",Free diet,2022-04-14,2022-04-14,2022-04-14,2022-04-14,ERX5597254,SAMEA8793882,Homo sapiens,WASHINGTON UNIVERSITY CENTER FOR GENOME SCIENCES,2022-04-14T00:23:43Z,2022-04-14T00:23:43Z,public,unspecified,PAIRED,RANDOM,METAGENOMIC,metagenome,TP02-01,ILLUMINA,2022-04-14T00:00:00Z,2022-05-12T04:12:00Z,1,SAMEA8793882,TP02-01_Week2_Study2OrangeFiber,ERP128019,TP02-01_Week2_Study2OrangeFiber,WASHINGTON UNIVERSITY CENTER FOR GENOME SCIENCES,
ERR5956734,OTHER,262,2603937125,Stool,PRJEB44020,SAMEA8793883,1207550668,WASHINGTON UNIVERSITY CENTER FOR GENOME SCIENCES,Week5,public,"fastq,sra,run.zq","s3,ncbi,gs","s3.us-east-1,gs.us-east1,ncbi.public",Orange fiber (3 snacks a day),2022-04-14,2022-04-14,2022-04-14,2022-04-14,ERX5597255,SAMEA8793883,Homo sapiens,WASHINGTON UNIVERSITY CENTER FOR GENOME SCIENCES,2022-04-14T00:23:43Z,2022-04-14T00:23:43Z,public,unspecified,PAIRED,RANDOM,METAGENOMIC,metagenome,TP02-01,ILLUMINA,2022-04-14T00:00:00Z,2022-05-12T04:12:00Z,1,SAMEA8793883,TP02-01_Week5_Study2OrangeFiber,ERP128019,TP02-01_Week5_Study2OrangeFiber,WASHINGTON UNIVERSITY CENTER FOR GENOME SCIENCES,
ERR5956735,OTHER,251,2523480810,Stool,PRJEB44020,SAMEA8793884,1167293748,WASHINGTON UNIVERSITY CENTER FOR GENOME SCIENCES,Week8,public,"fastq,run.zq,sra","s3,gs,ncbi","gs.us-east1,ncbi.public,s3.us-east-1",Orange fiber (3 snacks a day),2022-04-14,2022-04-14,2022-04-14,2022-04-14,ERX5597256,SAMEA8793884,Homo sapiens,WASHINGTON UNIVERSITY CENTER FOR GENOME SCIENCES,2022-04-14T00:23:43Z,2022-04-14T00:23:43Z,public,unspecified,PAIRED,RANDOM,METAGENOMIC,metagenome,TP02-01,ILLUMINA,2022-04-14T00:00:00Z,2022-05-12T04:12:00Z,1,SAMEA8793884,TP02-01_Week8_Study2OrangeFiber,ERP128019,TP02-01_Week8_Study2OrangeFiber,WASHINGTON UNIVERSITY CENTER FOR GENOME SCIENCES,
ERR5956736,OTHER,252,2440111049,Stool,PRJEB44020,SAMEA8793885,1128283296,WASHINGTON UNIVERSITY CENTER FOR GENOME SCIENCES,Week1,public,"fastq,sra,run.zq","ncbi,gs,s3","gs.us-east1,ncbi.public,s3.us-east-1",Free diet,2022-04-14,2022-04-14,2022-04-14,2022-04-14,ERX5597257,SAMEA8793885,Homo sapiens,WASHINGTON UNIVERSITY CENTER FOR GENOME SCIENCES,2022-04-14T00:23:43Z,2022-04-14T00:23:43Z,public,unspecified,PAIRED,RANDOM,METAGENOMIC,metagenome,TP02-02,ILLUMINA,2022-04-14T00:00:00Z,2022-05-12T04:11:00Z,1,SAMEA8793885,TP02-02_Week1_Study2OrangeFiber,ERP128019,TP02-02_Week1_Study2OrangeFiber,WASHINGTON UNIVERSITY CENTER FOR GENOME SCIENCES,
ERR5956737,OTHER,255,2510231663,Stool,PRJEB44020,SAMEA8793886,1174267237,WASHINGTON UNIVERSITY CENTER FOR GENOME SCIENCES,Week2,public,"run.zq,sra,fastq","gs,ncbi,s3","gs.us-east1,s3.us-east-1,ncbi.public",Free diet,2022-04-14,2022-04-14,2022-04-14,2022-04-14,ERX5597258,SAMEA8793886,Homo sapiens,WASHINGTON UNIVERSITY CENTER FOR GENOME SCIENCES,2022-04-14T00:23:43Z,2022-04-14T00:23:43Z,public,unspecified,PAIRED,RANDOM,METAGENOMIC,metagenome,TP02-02,ILLUMINA,2022-04-14T00:00:00Z,2022-05-12T04:12:00Z,1,SAMEA8793886,TP02-02_Week2_Study2OrangeFiber,ERP128019,TP02-02_Week2_Study2OrangeFiber,WASHINGTON UNIVERSITY CENTER FOR GENOME SCIENCES,
ERR5956738,OTHER,256,2557615684,Stool,PRJEB44020,SAMEA8793887,1238552068,WASHINGTON UNIVERSITY CENTER FOR GENOME SCIENCES,Week5,public,"fastq,sra,run.zq","ncbi,s3,gs","s3.us-east-1,ncbi.public,gs.us-east1",Orange fiber (3 snacks a day),2022-04-14,2022-04-14,2022-04-14,2022-04-14,ERX5597259,SAMEA8793887,Homo sapiens,WASHINGTON UNIVERSITY CENTER FOR GENOME SCIENCES,2022-04-14T00:23:43Z,2022-04-14T00:23:43Z,public,unspecified,PAIRED,RANDOM,METAGENOMIC,metagenome,TP02-02,ILLUMINA,2022-04-14T00:00:00Z,2022-05-12T04:13:00Z,1,SAMEA8793887,TP02-02_Week5_Study2OrangeFiber,ERP128019,TP02-02_Week5_Study2OrangeFiber,WASHINGTON UNIVERSITY CENTER FOR GENOME SCIENCES,
ERR5956739,OTHER,260,2607866397,Stool,PRJEB44020,SAMEA8793888,1214243166,WASHINGTON UNIVERSITY CENTER FOR GENOME SCIENCES,Week8,public,"run.zq,fastq,sra","ncbi,s3,gs","s3.us-east-1,ncbi.public,gs.us-east1",Orange fiber (3 snacks a day),2022-04-14,2022-04-14,2022-04-14,2022-04-14,ERX5597260,SAMEA8793888,Homo sapiens,WASHINGTON UNIVERSITY CENTER FOR GENOME SCIENCES,2022-04-14T00:23:43Z,2022-04-14T00:23:43Z,public,unspecified,PAIRED,RANDOM,METAGENOMIC,metagenome,TP02-02,ILLUMINA,2022-04-14T00:00:00Z,2022-05-12T04:14:00Z,1,SAMEA8793888,TP02-02_Week8_Study2OrangeFiber,ERP128019,TP02-02_Week8_Study2OrangeFiber,WASHINGTON UNIVERSITY CENTER FOR GENOME SCIENCES,
ERR5956740,OTHER,250,2590835279,Stool,PRJEB44020,SAMEA8793889,1203207231,WASHINGTON UNIVERSITY CENTER FOR GENOME SCIENCES,Week1,public,"fastq,sra,run.zq","s3,gs,ncbi","ncbi.public,s3.us-east-1,gs.us-east1",Free diet,2022-04-14,2022-04-14,2022-04-14,2022-04-14,ERX5597261,SAMEA8793889,Homo sapiens,WASHINGTON UNIVERSITY CENTER FOR GENOME SCIENCES,2022-04-14T00:23:43Z,2022-04-14T00:23:43Z,public,unspecified,PAIRED,RANDOM,METAGENOMIC,metagenome,TP07-01,ILLUMINA,2022-04-14T00:00:00Z,2022-05-12T04:12:00Z,1,SAMEA8793889,TP07-01_Week1_Study2OrangeFiber,ERP128019,TP07-01_Week1_Study2OrangeFiber,WASHINGTON UNIVERSITY CENTER FOR GENOME SCIENCES,
ERR5956742,OTHER,258,2640368025,Stool,PRJEB44020,SAMEA8793890,1277529315,WASHINGTON UNIVERSITY CENTER FOR GENOME SCIENCES,Week2,public,"run.zq,sra,fastq","s3,ncbi,gs","s3.us-east-1,gs.us-east1,ncbi.public",Free diet,2022-04-14,2022-04-14,2022-04-14,2022-04-14,ERX5597263,SAMEA8793890,Homo sapiens,WASHINGTON UNIVERSITY CENTER FOR GENOME SCIENCES,2022-04-14T00:23:43Z,2022-04-14T00:23:43Z,public,unspecified,PAIRED,RANDOM,METAGENOMIC,metagenome,TP07-01,ILLUMINA,2022-04-14T00:00:00Z,2022-05-12T04:13:00Z,1,SAMEA8793890,TP07-01_Week2_Study2OrangeFiber,ERP128019,TP07-01_Week2_Study2OrangeFiber,WASHINGTON UNIVERSITY CENTER FOR GENOME SCIENCES,
ERR5956743,OTHER,257,2570310722,Stool,PRJEB44020,SAMEA8793891,1199350766,WASHINGTON UNIVERSITY CENTER FOR GENOME SCIENCES,Week5,public,"sra,run.zq,fastq","ncbi,s3,gs","ncbi.public,gs.us-east1,s3.us-east-1",Orange fiber (3 snacks a day),2022-04-14,2022-04-14,2022-04-14,2022-04-14,ERX5597264,SAMEA8793891,Homo sapiens,WASHINGTON UNIVERSITY CENTER FOR GENOME SCIENCES,2022-04-14T00:23:43Z,2022-04-14T00:23:43Z,public,unspecified,PAIRED,RANDOM,METAGENOMIC,metagenome,TP07-01,ILLUMINA,2022-04-14T00:00:00Z,2022-05-12T04:14:00Z,1,SAMEA8793891,TP07-01_Week5_Study2OrangeFiber,ERP128019,TP07-01_Week5_Study2OrangeFiber,WASHINGTON UNIVERSITY CENTER FOR GENOME SCIENCES,
ERR5956744,OTHER,250,2455528191,Stool,PRJEB44020,SAMEA8793892,1152213476,WASHINGTON UNIVERSITY CENTER FOR GENOME SCIENCES,Week8,public,"sra,fastq,run.zq","s3,ncbi,gs","s3.us-east-1,gs.us-east1,ncbi.public",Orange fiber (3 snacks a day),2022-04-14,2022-04-14,2022-04-14,2022-04-14,ERX5597265,SAMEA8793892,Homo sapiens,WASHINGTON UNIVERSITY CENTER FOR GENOME SCIENCES,2022-04-14T00:23:43Z,2022-04-14T00:23:43Z,public,unspecified,PAIRED,RANDOM,METAGENOMIC,metagenome,TP07-01,ILLUMINA,2022-04-14T00:00:00Z,2022-05-12T04:12:00Z,1,SAMEA8793892,TP07-01_Week8_Study2OrangeFiber,ERP128019,TP07-01_Week8_Study2OrangeFiber,WASHINGTON UNIVERSITY CENTER FOR GENOME SCIENCES,
ERR5956745,OTHER,251,2521682998,Stool,PRJEB44020,SAMEA8793893,1158721311,WASHINGTON UNIVERSITY CENTER FOR GENOME SCIENCES,Week1,public,"run.zq,sra,fastq","gs,ncbi,s3","s3.us-east-1,gs.us-east1,ncbi.public",Free diet,2022-04-14,2022-04-14,2022-04-14,2022-04-14,ERX5597266,SAMEA8793893,Homo sapiens,WASHINGTON UNIVERSITY CENTER FOR GENOME SCIENCES,2022-04-14T00:23:43Z,2022-04-14T00:23:43Z,public,unspecified,PAIRED,RANDOM,METAGENOMIC,metagenome,TP07-02,ILLUMINA,2022-04-14T00:00:00Z,2022-05-12T04:15:00Z,1,SAMEA8793893,TP07-02_Week1_Study2OrangeFiber,ERP128019,TP07-02_Week1_Study2OrangeFiber,WASHINGTON UNIVERSITY CENTER FOR GENOME SCIENCES,
ERR5956746,OTHER,247,2460324869,Stool,PRJEB44020,SAMEA8793894,1155470610,WASHINGTON UNIVERSITY CENTER FOR GENOME SCIENCES,Week2,public,"sra,run.zq,fastq","ncbi,s3,gs","ncbi.public,s3.us-east-1,gs.us-east1",Free diet,2022-04-14,2022-04-14,2022-04-14,2022-04-14,ERX5597267,SAMEA8793894,Homo sapiens,WASHINGTON UNIVERSITY CENTER FOR GENOME SCIENCES,2022-04-14T00:23:43Z,2022-04-14T00:23:43Z,public,unspecified,PAIRED,RANDOM,METAGENOMIC,metagenome,TP07-02,ILLUMINA,2022-04-14T00:00:00Z,2022-05-12T04:20:00Z,1,SAMEA8793894,TP07-02_Week2_Study2OrangeFiber,ERP128019,TP07-02_Week2_Study2OrangeFiber,WASHINGTON UNIVERSITY CENTER FOR GENOME SCIENCES,
ERR5956747,OTHER,246,2544924025,Stool,PRJEB44020,SAMEA8793895,1208392012,WASHINGTON UNIVERSITY CENTER FOR GENOME SCIENCES,Week5,public,"fastq,run.zq,sra","gs,s3,ncbi","ncbi.public,gs.us-east1,s3.us-east-1",Orange fiber (3 snacks a day),2022-04-14,2022-04-14,2022-04-14,2022-04-14,ERX5597268,SAMEA8793895,Homo sapiens,WASHINGTON UNIVERSITY CENTER FOR GENOME SCIENCES,2022-04-14T00:23:43Z,2022-04-14T00:23:43Z,public,unspecified,PAIRED,RANDOM,METAGENOMIC,metagenome,TP07-02,ILLUMINA,2022-04-14T00:00:00Z,2022-05-12T04:12:00Z,1,SAMEA8793895,TP07-02_Week5_Study2OrangeFiber,ERP128019,TP07-02_Week5_Study2OrangeFiber,WASHINGTON UNIVERSITY CENTER FOR GENOME SCIENCES,
ERR5956748,OTHER,260,2622966857,Stool,PRJEB44020,SAMEA8793896,1216947795,WASHINGTON UNIVERSITY CENTER FOR GENOME SCIENCES,Week8,public,"run.zq,fastq,sra","gs,s3,ncbi","ncbi.public,s3.us-east-1,gs.us-east1",Orange fiber (3 snacks a day),2022-04-14,2022-04-14,2022-04-14,2022-04-14,ERX5597269,SAMEA8793896,Homo sapiens,WASHINGTON UNIVERSITY CENTER FOR GENOME SCIENCES,2022-04-14T00:23:43Z,2022-04-14T00:23:43Z,public,unspecified,PAIRED,RANDOM,METAGENOMIC,metagenome,TP07-02,ILLUMINA,2022-04-14T00:00:00Z,2022-05-12T04:14:00Z,1,SAMEA8793896,TP07-02_Week8_Study2OrangeFiber,ERP128019,TP07-02_Week8_Study2OrangeFiber,WASHINGTON UNIVERSITY CENTER FOR GENOME SCIENCES,
ERR5956749,OTHER,243,2511455081,Stool,PRJEB44020,SAMEA8793897,1157902212,WASHINGTON UNIVERSITY CENTER FOR GENOME SCIENCES,Week1,public,"sra,run.zq,fastq","ncbi,gs,s3","ncbi.public,s3.us-east-1,gs.us-east1",Free diet,2022-04-14,2022-04-14,2022-04-14,2022-04-14,ERX5597270,SAMEA8793897,Homo sapiens,WASHINGTON UNIVERSITY CENTER FOR GENOME SCIENCES,2022-04-14T00:23:43Z,2022-04-14T00:23:43Z,public,unspecified,PAIRED,RANDOM,METAGENOMIC,metagenome,TP12-01,ILLUMINA,2022-04-14T00:00:00Z,2022-05-12T04:12:00Z,1,SAMEA8793897,TP12-01_Week1_Study2OrangeFiber,ERP128019,TP12-01_Week1_Study2OrangeFiber,WASHINGTON UNIVERSITY CENTER FOR GENOME SCIENCES,
ERR5956750,OTHER,253,2619248964,Stool,PRJEB44020,SAMEA8793898,1253810774,WASHINGTON UNIVERSITY CENTER FOR GENOME SCIENCES,Week2,public,"run.zq,fastq,sra","ncbi,s3,gs","s3.us-east-1,ncbi.public,gs.us-east1",Free diet,2022-04-14,2022-04-14,2022-04-14,2022-04-14,ERX5597271,SAMEA8793898,Homo sapiens,WASHINGTON UNIVERSITY CENTER FOR GENOME SCIENCES,2022-04-14T00:23:43Z,2022-04-14T00:23:43Z,public,unspecified,PAIRED,RANDOM,METAGENOMIC,metagenome,TP12-01,ILLUMINA,2022-04-14T00:00:00Z,2022-05-12T04:12:00Z,1,SAMEA8793898,TP12-01_Week2_Study2OrangeFiber,ERP128019,TP12-01_Week2_Study2OrangeFiber,WASHINGTON UNIVERSITY CENTER FOR GENOME SCIENCES,
ERR5956752,OTHER,252,2455653780,Stool,PRJEB44020,SAMEA8793899,1138331265,WASHINGTON UNIVERSITY CENTER FOR GENOME SCIENCES,Week5,public,"sra,run.zq,fastq","gs,ncbi,s3","s3.us-east-1,gs.us-east1,ncbi.public",Orange fiber (3 snacks a day),2022-04-14,2022-04-14,2022-04-14,2022-04-14,ERX5597273,SAMEA8793899,Homo sapiens,WASHINGTON UNIVERSITY CENTER FOR GENOME SCIENCES,2022-04-14T00:23:43Z,2022-04-14T00:23:43Z,public,unspecified,PAIRED,RANDOM,METAGENOMIC,metagenome,TP12-01,ILLUMINA,2022-04-14T00:00:00Z,2022-05-12T04:12:00Z,1,SAMEA8793899,TP12-01_Week5_Study2OrangeFiber,ERP128019,TP12-01_Week5_Study2OrangeFiber,WASHINGTON UNIVERSITY CENTER FOR GENOME SCIENCES,
ERR5956753,OTHER,252,2437003410,Stool,PRJEB44020,SAMEA8793900,1135170031,WASHINGTON UNIVERSITY CENTER FOR GENOME SCIENCES,Week8,public,"fastq,run.zq,sra","gs,ncbi,s3","ncbi.public,gs.us-east1,s3.us-east-1",Orange fiber (3 snacks a day),2022-04-14,2022-04-14,2022-04-14,2022-04-14,ERX5597274,SAMEA8793900,Homo sapiens,WASHINGTON UNIVERSITY CENTER FOR GENOME SCIENCES,2022-04-14T00:23:43Z,2022-04-14T00:23:43Z,public,unspecified,PAIRED,RANDOM,METAGENOMIC,metagenome,TP12-01,ILLUMINA,2022-04-14T00:00:00Z,2022-05-12T04:12:00Z,1,SAMEA8793900,TP12-01_Week8_Study2OrangeFiber,ERP128019,TP12-01_Week8_Study2OrangeFiber,WASHINGTON UNIVERSITY CENTER FOR GENOME SCIENCES,
ERR5956754,OTHER,251,2573025147,Stool,PRJEB44020,SAMEA8793901,1171139785,WASHINGTON UNIVERSITY CENTER FOR GENOME SCIENCES,Week1,public,"sra,fastq,run.zq","gs,s3,ncbi","gs.us-east1,s3.us-east-1,ncbi.public",Free diet,2022-04-14,2022-04-14,2022-04-14,2022-04-14,ERX5597275,SAMEA8793901,Homo sapiens,WASHINGTON UNIVERSITY CENTER FOR GENOME SCIENCES,2022-04-14T00:23:43Z,2022-04-14T00:23:43Z,public,unspecified,PAIRED,RANDOM,METAGENOMIC,metagenome,TP12-02,ILLUMINA,2022-04-14T00:00:00Z,2022-05-12T04:13:00Z,1,SAMEA8793901,TP12-02_Week1_Study2OrangeFiber,ERP128019,TP12-02_Week1_Study2OrangeFiber,WASHINGTON UNIVERSITY CENTER FOR GENOME SCIENCES,
ERR5956755,OTHER,242,2440799274,Stool,PRJEB44020,SAMEA8793902,1116497151,WASHINGTON UNIVERSITY CENTER FOR GENOME SCIENCES,Week2,public,"fastq,sra,run.zq","ncbi,gs,s3","ncbi.public,gs.us-east1,s3.us-east-1",Free diet,2022-04-14,2022-04-14,2022-04-14,2022-04-14,ERX5597276,SAMEA8793902,Homo sapiens,WASHINGTON UNIVERSITY CENTER FOR GENOME SCIENCES,2022-04-14T00:23:43Z,2022-04-14T00:23:43Z,public,unspecified,PAIRED,RANDOM,METAGENOMIC,metagenome,TP12-02,ILLUMINA,2022-04-14T00:00:00Z,2022-05-12T04:12:00Z,1,SAMEA8793902,TP12-02_Week2_Study2OrangeFiber,ERP128019,TP12-02_Week2_Study2OrangeFiber,WASHINGTON UNIVERSITY CENTER FOR GENOME SCIENCES,
ERR5956756,OTHER,261,2650176357,Stool,PRJEB44020,SAMEA8793903,1265502076,WASHINGTON UNIVERSITY CENTER FOR GENOME SCIENCES,Week5,public,"run.zq,sra,fastq","ncbi,s3,gs","gs.us-east1,s3.us-east-1,ncbi.public",Orange fiber (3 snacks a day),2022-04-14,2022-04-14,2022-04-14,2022-04-14,ERX5597277,SAMEA8793903,Homo sapiens,WASHINGTON UNIVERSITY CENTER FOR GENOME SCIENCES,2022-04-14T00:23:43Z,2022-04-14T00:23:43Z,public,unspecified,PAIRED,RANDOM,METAGENOMIC,metagenome,TP12-02,ILLUMINA,2022-04-14T00:00:00Z,2022-05-12T04:15:00Z,1,SAMEA8793903,TP12-02_Week5_Study2OrangeFiber,ERP128019,TP12-02_Week5_Study2OrangeFiber,WASHINGTON UNIVERSITY CENTER FOR GENOME SCIENCES,
ERR5956757,OTHER,255,2715409822,Stool,PRJEB44020,SAMEA8793904,1239185758,WASHINGTON UNIVERSITY CENTER FOR GENOME SCIENCES,Week8,public,"run.zq,fastq,sra","gs,s3,ncbi","gs.us-east1,ncbi.public,s3.us-east-1",Orange fiber (3 snacks a day),2022-04-14,2022-04-14,2022-04-14,2022-04-14,ERX5597278,SAMEA8793904,Homo sapiens,WASHINGTON UNIVERSITY CENTER FOR GENOME SCIENCES,2022-04-14T00:23:43Z,2022-04-14T00:23:43Z,public,unspecified,PAIRED,RANDOM,METAGENOMIC,metagenome,TP12-02,ILLUMINA,2022-04-14T00:00:00Z,2022-05-12T04:14:00Z,1,SAMEA8793904,TP12-02_Week8_Study2OrangeFiber,ERP128019,TP12-02_Week8_Study2OrangeFiber,WASHINGTON UNIVERSITY CENTER FOR GENOME SCIENCES,
ERR5956758,OTHER,250,2524725689,Stool,PRJEB44020,SAMEA8793905,1172461660,WASHINGTON UNIVERSITY CENTER FOR GENOME SCIENCES,Week1,public,"sra,fastq,run.zq","gs,s3,ncbi","ncbi.public,s3.us-east-1,gs.us-east1",Free diet,2022-04-14,2022-04-14,2022-04-14,2022-04-14,ERX5597279,SAMEA8793905,Homo sapiens,WASHINGTON UNIVERSITY CENTER FOR GENOME SCIENCES,2022-04-14T00:23:43Z,2022-04-14T00:23:43Z,public,unspecified,PAIRED,RANDOM,METAGENOMIC,metagenome,TP06-01,ILLUMINA,2022-04-14T00:00:00Z,2022-05-12T04:13:00Z,1,SAMEA8793905,TP06-01_Week1_Study2OrangeFiber,ERP128019,TP06-01_Week1_Study2OrangeFiber,WASHINGTON UNIVERSITY CENTER FOR GENOME SCIENCES,
ERR5956759,OTHER,249,2488627770,Stool,PRJEB44020,SAMEA8793906,1190407272,WASHINGTON UNIVERSITY CENTER FOR GENOME SCIENCES,Week2,public,"run.zq,sra,fastq","gs,ncbi,s3","s3.us-east-1,ncbi.public,gs.us-east1",Free diet,2022-04-14,2022-04-14,2022-04-14,2022-04-14,ERX5597280,SAMEA8793906,Homo sapiens,WASHINGTON UNIVERSITY CENTER FOR GENOME SCIENCES,2022-04-14T00:23:43Z,2022-04-14T00:23:43Z,public,unspecified,PAIRED,RANDOM,METAGENOMIC,metagenome,TP06-01,ILLUMINA,2022-04-14T00:00:00Z,2022-05-12T04:20:00Z,1,SAMEA8793906,TP06-01_Week2_Study2OrangeFiber,ERP128019,TP06-01_Week2_Study2OrangeFiber,WASHINGTON UNIVERSITY CENTER FOR GENOME SCIENCES,
ERR5956761,OTHER,250,2419467809,Stool,PRJEB44020,SAMEA8793907,1120047387,WASHINGTON UNIVERSITY CENTER FOR GENOME SCIENCES,Week5,public,"fastq,run.zq,sra","s3,ncbi,gs","gs.us-east1,ncbi.public,s3.us-east-1",Orange fiber (3 snacks a day),2022-04-14,2022-04-14,2022-04-14,2022-04-14,ERX5597282,SAMEA8793907,Homo sapiens,WASHINGTON UNIVERSITY CENTER FOR GENOME SCIENCES,2022-04-14T00:23:43Z,2022-04-14T00:23:43Z,public,unspecified,PAIRED,RANDOM,METAGENOMIC,metagenome,TP06-01,ILLUMINA,2022-04-14T00:00:00Z,2022-05-12T04:13:00Z,1,SAMEA8793907,TP06-01_Week5_Study2OrangeFiber,ERP128019,TP06-01_Week5_Study2OrangeFiber,WASHINGTON UNIVERSITY CENTER FOR GENOME SCIENCES,
ERR5956762,OTHER,250,2451942790,Stool,PRJEB44020,SAMEA8793908,1138789590,WASHINGTON UNIVERSITY CENTER FOR GENOME SCIENCES,Week8,public,"sra,fastq,run.zq","s3,gs,ncbi","gs.us-east1,s3.us-east-1,ncbi.public",Orange fiber (3 snacks a day),2022-04-14,2022-04-14,2022-04-14,2022-04-14,ERX5597283,SAMEA8793908,Homo sapiens,WASHINGTON UNIVERSITY CENTER FOR GENOME SCIENCES,2022-04-14T00:23:43Z,2022-04-14T00:23:43Z,public,unspecified,PAIRED,RANDOM,METAGENOMIC,metagenome,TP06-01,ILLUMINA,2022-04-14T00:00:00Z,2022-05-12T04:13:00Z,1,SAMEA8793908,TP06-01_Week8_Study2OrangeFiber,ERP128019,TP06-01_Week8_Study2OrangeFiber,WASHINGTON UNIVERSITY CENTER FOR GENOME SCIENCES,
ERR5956763,OTHER,249,2395735698,Stool,PRJEB44020,SAMEA8793909,1103680411,WASHINGTON UNIVERSITY CENTER FOR GENOME SCIENCES,Week1,public,"sra,fastq,run.zq","gs,s3,ncbi","s3.us-east-1,ncbi.public,gs.us-east1",Free diet,2022-04-14,2022-04-14,2022-04-14,2022-04-14,ERX5597284,SAMEA8793909,Homo sapiens,WASHINGTON UNIVERSITY CENTER FOR GENOME SCIENCES,2022-04-14T00:23:43Z,2022-04-14T00:23:43Z,public,unspecified,PAIRED,RANDOM,METAGENOMIC,metagenome,TP06-02,ILLUMINA,2022-04-14T00:00:00Z,2022-05-12T04:14:00Z,1,SAMEA8793909,TP06-02_Week1_Study2OrangeFiber,ERP128019,TP06-02_Week1_Study2OrangeFiber,WASHINGTON UNIVERSITY CENTER FOR GENOME SCIENCES,
ERR5956764,OTHER,249,2436713914,Stool,PRJEB44020,SAMEA8793910,1126484416,WASHINGTON UNIVERSITY CENTER FOR GENOME SCIENCES,Week2,public,"sra,fastq,run.zq","ncbi,gs,s3","gs.us-east1,s3.us-east-1,ncbi.public",Free diet,2022-04-14,2022-04-14,2022-04-14,2022-04-14,ERX5597285,SAMEA8793910,Homo sapiens,WASHINGTON UNIVERSITY CENTER FOR GENOME SCIENCES,2022-04-14T00:23:43Z,2022-04-14T00:23:43Z,public,unspecified,PAIRED,RANDOM,METAGENOMIC,metagenome,TP06-02,ILLUMINA,2022-04-14T00:00:00Z,2022-05-12T04:12:00Z,1,SAMEA8793910,TP06-02_Week2_Study2OrangeFiber,ERP128019,TP06-02_Week2_Study2OrangeFiber,WASHINGTON UNIVERSITY CENTER FOR GENOME SCIENCES,
ERR5956765,OTHER,253,2427796243,Stool,PRJEB44020,SAMEA8793911,1164289386,WASHINGTON UNIVERSITY CENTER FOR GENOME SCIENCES,Week5,public,"run.zq,sra,fastq","s3,ncbi,gs","gs.us-east1,s3.us-east-1,ncbi.public",Orange fiber (3 snacks a day),2022-04-14,2022-04-14,2022-04-14,2022-04-14,ERX5597286,SAMEA8793911,Homo sapiens,WASHINGTON UNIVERSITY CENTER FOR GENOME SCIENCES,2022-04-14T00:23:43Z,2022-04-14T00:23:43Z,public,unspecified,PAIRED,RANDOM,METAGENOMIC,metagenome,TP06-02,ILLUMINA,2022-04-14T00:00:00Z,2022-05-12T04:12:00Z,1,SAMEA8793911,TP06-02_Week5_Study2OrangeFiber,ERP128019,TP06-02_Week5_Study2OrangeFiber,WASHINGTON UNIVERSITY CENTER FOR GENOME SCIENCES,
ERR5956766,OTHER,262,2659248560,Stool,PRJEB44020,SAMEA8793912,1225286918,WASHINGTON UNIVERSITY CENTER FOR GENOME SCIENCES,Week8,public,"run.zq,sra,fastq","ncbi,gs,s3","ncbi.public,s3.us-east-1,gs.us-east1",Orange fiber (3 snacks a day),2022-04-14,2022-04-14,2022-04-14,2022-04-14,ERX5597287,SAMEA8793912,Homo sapiens,WASHINGTON UNIVERSITY CENTER FOR GENOME SCIENCES,2022-04-14T00:23:43Z,2022-04-14T00:23:43Z,public,unspecified,PAIRED,RANDOM,METAGENOMIC,metagenome,TP06-02,ILLUMINA,2022-04-14T00:00:00Z,2022-05-12T04:13:00Z,1,SAMEA8793912,TP06-02_Week8_Study2OrangeFiber,ERP128019,TP06-02_Week8_Study2OrangeFiber,WASHINGTON UNIVERSITY CENTER FOR GENOME SCIENCES,
ERR5956767,OTHER,250,2599822644,Stool,PRJEB44020,SAMEA8793913,1193826723,WASHINGTON UNIVERSITY CENTER FOR GENOME SCIENCES,Week1,public,"run.zq,sra,fastq","gs,ncbi,s3","gs.us-east1,ncbi.public,s3.us-east-1",Free diet,2022-04-14,2022-04-14,2022-04-14,2022-04-14,ERX5597288,SAMEA8793913,Homo sapiens,WASHINGTON UNIVERSITY CENTER FOR GENOME SCIENCES,2022-04-14T00:23:43Z,2022-04-14T00:23:43Z,public,unspecified,PAIRED,RANDOM,METAGENOMIC,metagenome,TP03-01,ILLUMINA,2022-04-14T00:00:00Z,2022-05-12T04:13:00Z,1,SAMEA8793913,TP03-01_Week1_Study2OrangeFiber,ERP128019,TP03-01_Week1_Study2OrangeFiber,WASHINGTON UNIVERSITY CENTER FOR GENOME SCIENCES,
ERR5956768,OTHER,255,2686082457,Stool,PRJEB44020,SAMEA8793914,1283342875,WASHINGTON UNIVERSITY CENTER FOR GENOME SCIENCES,Week2,public,"fastq,run.zq,sra","gs,s3,ncbi","ncbi.public,gs.us-east1,s3.us-east-1",Free diet,2022-04-14,2022-04-14,2022-04-14,2022-04-14,ERX5597289,SAMEA8793914,Homo sapiens,WASHINGTON UNIVERSITY CENTER FOR GENOME SCIENCES,2022-04-14T00:23:43Z,2022-04-14T00:23:43Z,public,unspecified,PAIRED,RANDOM,METAGENOMIC,metagenome,TP03-01,ILLUMINA,2022-04-14T00:00:00Z,2022-05-12T04:14:00Z,1,SAMEA8793914,TP03-01_Week2_Study2OrangeFiber,ERP128019,TP03-01_Week2_Study2OrangeFiber,WASHINGTON UNIVERSITY CENTER FOR GENOME SCIENCES,
ERR5956770,OTHER,251,2464664892,Stool,PRJEB44020,SAMEA8793915,1133986539,WASHINGTON UNIVERSITY CENTER FOR GENOME SCIENCES,Week5,public,"run.zq,sra,fastq","s3,ncbi,gs","ncbi.public,gs.us-east1,s3.us-east-1",Orange fiber (3 snacks a day),2022-04-14,2022-04-14,2022-04-14,2022-04-14,ERX5597291,SAMEA8793915,Homo sapiens,WASHINGTON UNIVERSITY CENTER FOR GENOME SCIENCES,2022-04-14T00:23:43Z,2022-04-14T00:23:43Z,public,unspecified,PAIRED,RANDOM,METAGENOMIC,metagenome,TP03-01,ILLUMINA,2022-04-14T00:00:00Z,2022-05-12T04:13:00Z,1,SAMEA8793915,TP03-01_Week5_Study2OrangeFiber,ERP128019,TP03-01_Week5_Study2OrangeFiber,WASHINGTON UNIVERSITY CENTER FOR GENOME SCIENCES,
ERR5956985,OTHER,258,2522874602,Stool,PRJEB44020,SAMEA8793916,1174953031,WASHINGTON UNIVERSITY CENTER FOR GENOME SCIENCES,Week8,public,"sra,fastq,run.zq","gs,ncbi,s3","ncbi.public,s3.us-east-1,gs.us-east1",Orange fiber (3 snacks a day),2022-04-14,2022-04-14,2022-04-14,2022-04-14,ERX5597506,SAMEA8793916,Homo sapiens,WASHINGTON UNIVERSITY CENTER FOR GENOME SCIENCES,2022-04-14T00:23:43Z,2022-04-14T00:23:43Z,public,unspecified,PAIRED,RANDOM,METAGENOMIC,metagenome,TP03-01,ILLUMINA,2022-04-14T00:00:00Z,2022-05-12T04:13:00Z,1,SAMEA8793916,TP03-01_Week8_Study2OrangeFiber,ERP128019,TP03-01_Week8_Study2OrangeFiber,WASHINGTON UNIVERSITY CENTER FOR GENOME SCIENCES,
ERR5956986,OTHER,251,2637996950,Stool,PRJEB44020,SAMEA8793917,1203125282,WASHINGTON UNIVERSITY CENTER FOR GENOME SCIENCES,Week1,public,"sra,fastq,run.zq","gs,s3,ncbi","ncbi.public,gs.us-east1,s3.us-east-1",Free diet,2022-04-14,2022-04-14,2022-04-14,2022-04-14,ERX5597507,SAMEA8793917,Homo sapiens,WASHINGTON UNIVERSITY CENTER FOR GENOME SCIENCES,2022-04-14T00:23:43Z,2022-04-14T00:23:43Z,public,unspecified,PAIRED,RANDOM,METAGENOMIC,metagenome,TP03-02,ILLUMINA,2022-04-14T00:00:00Z,2022-05-12T04:13:00Z,1,SAMEA8793917,TP03-02_Week1_Study2OrangeFiber,ERP128019,TP03-02_Week1_Study2OrangeFiber,WASHINGTON UNIVERSITY CENTER FOR GENOME SCIENCES,
ERR5956987,OTHER,258,2505664373,Stool,PRJEB44020,SAMEA8793918,1158003401,WASHINGTON UNIVERSITY CENTER FOR GENOME SCIENCES,Week2,public,"run.zq,fastq,sra","ncbi,gs,s3","gs.us-east1,s3.us-east-1,ncbi.public",Free diet,2022-04-14,2022-04-14,2022-04-14,2022-04-14,ERX5597508,SAMEA8793918,Homo sapiens,WASHINGTON UNIVERSITY CENTER FOR GENOME SCIENCES,2022-04-14T00:23:43Z,2022-04-14T00:23:43Z,public,unspecified,PAIRED,RANDOM,METAGENOMIC,metagenome,TP03-02,ILLUMINA,2022-04-14T00:00:00Z,2022-05-12T04:13:00Z,1,SAMEA8793918,TP03-02_Week2_Study2OrangeFiber,ERP128019,TP03-02_Week2_Study2OrangeFiber,WASHINGTON UNIVERSITY CENTER FOR GENOME SCIENCES,
ERR5956988,OTHER,257,2644378279,Stool,PRJEB44020,SAMEA8793919,1258331602,WASHINGTON UNIVERSITY CENTER FOR GENOME SCIENCES,Week5,public,"fastq,sra,run.zq","ncbi,s3,gs","ncbi.public,gs.us-east1,s3.us-east-1",Orange fiber (3 snacks a day),2022-04-14,2022-04-14,2022-04-14,2022-04-14,ERX5597509,SAMEA8793919,Homo sapiens,WASHINGTON UNIVERSITY CENTER FOR GENOME SCIENCES,2022-04-14T00:23:43Z,2022-04-14T00:23:43Z,public,unspecified,PAIRED,RANDOM,METAGENOMIC,metagenome,TP03-02,ILLUMINA,2022-04-14T00:00:00Z,2022-05-12T04:13:00Z,1,SAMEA8793919,TP03-02_Week5_Study2OrangeFiber,ERP128019,TP03-02_Week5_Study2OrangeFiber,WASHINGTON UNIVERSITY CENTER FOR GENOME SCIENCES,
ERR5956989,OTHER,257,2740685240,Stool,PRJEB44020,SAMEA8793920,1248142724,WASHINGTON UNIVERSITY CENTER FOR GENOME SCIENCES,Week8,public,"fastq,sra,run.zq","gs,ncbi,s3","s3.us-east-1,gs.us-east1,ncbi.public",Orange fiber (3 snacks a day),2022-04-14,2022-04-14,2022-04-14,2022-04-14,ERX5597510,SAMEA8793920,Homo sapiens,WASHINGTON UNIVERSITY CENTER FOR GENOME SCIENCES,2022-04-14T00:23:43Z,2022-04-14T00:23:43Z,public,unspecified,PAIRED,RANDOM,METAGENOMIC,metagenome,TP03-02,ILLUMINA,2022-04-14T00:00:00Z,2022-05-12T04:15:00Z,1,SAMEA8793920,TP03-02_Week8_Study2OrangeFiber,ERP128019,TP03-02_Week8_Study2OrangeFiber,WASHINGTON UNIVERSITY CENTER FOR GENOME SCIENCES,
ERR5956990,OTHER,245,2585212449,Stool,PRJEB44020,SAMEA8793921,1184807908,WASHINGTON UNIVERSITY CENTER FOR GENOME SCIENCES,Week1,public,"sra,fastq,run.zq","gs,s3,ncbi","ncbi.public,gs.us-east1,s3.us-east-1",Free diet,2022-04-14,2022-04-14,2022-04-14,2022-04-14,ERX5597511,SAMEA8793921,Homo sapiens,WASHINGTON UNIVERSITY CENTER FOR GENOME SCIENCES,2022-04-14T00:23:43Z,2022-04-14T00:23:43Z,public,unspecified,PAIRED,RANDOM,METAGENOMIC,metagenome,TP10-01,ILLUMINA,2022-04-14T00:00:00Z,2022-05-12T04:13:00Z,1,SAMEA8793921,TP10-01_Week1_Study2OrangeFiber,ERP128019,TP10-01_Week1_Study2OrangeFiber,WASHINGTON UNIVERSITY CENTER FOR GENOME SCIENCES,
ERR5956991,OTHER,243,2627447271,Stool,PRJEB44020,SAMEA8793922,1241039895,WASHINGTON UNIVERSITY CENTER FOR GENOME SCIENCES,Week2,public,"sra,run.zq,fastq","gs,s3,ncbi","ncbi.public,gs.us-east1,s3.us-east-1",Free diet,2022-04-14,2022-04-14,2022-04-14,2022-04-14,ERX5597512,SAMEA8793922,Homo sapiens,WASHINGTON UNIVERSITY CENTER FOR GENOME SCIENCES,2022-04-14T00:23:43Z,2022-04-14T00:23:43Z,public,unspecified,PAIRED,RANDOM,METAGENOMIC,metagenome,TP10-01,ILLUMINA,2022-04-14T00:00:00Z,2022-05-12T04:13:00Z,1,SAMEA8793922,TP10-01_Week2_Study2OrangeFiber,ERP128019,TP10-01_Week2_Study2OrangeFiber,WASHINGTON UNIVERSITY CENTER FOR GENOME SCIENCES,
ERR5956992,OTHER,242,2461872199,Stool,PRJEB44020,SAMEA8793923,1120611000,WASHINGTON UNIVERSITY CENTER FOR GENOME SCIENCES,Week5,public,"run.zq,sra,fastq","s3,ncbi,gs","ncbi.public,s3.us-east-1,gs.us-east1",Orange fiber (3 snacks a day),2022-04-14,2022-04-14,2022-04-14,2022-04-14,ERX5597513,SAMEA8793923,Homo sapiens,WASHINGTON UNIVERSITY CENTER FOR GENOME SCIENCES,2022-04-14T00:23:43Z,2022-04-14T00:23:43Z,public,unspecified,PAIRED,RANDOM,METAGENOMIC,metagenome,TP10-01,ILLUMINA,2022-04-14T00:00:00Z,2022-05-12T04:13:00Z,1,SAMEA8793923,TP10-01_Week5_Study2OrangeFiber,ERP128019,TP10-01_Week5_Study2OrangeFiber,WASHINGTON UNIVERSITY CENTER FOR GENOME SCIENCES,
ERR5956993,OTHER,238,14807223,Stool,PRJEB44020,SAMEA8793924,7632656,WASHINGTON UNIVERSITY CENTER FOR GENOME SCIENCES,Week8,public,"run.zq,fastq,sra","s3,gs,ncbi","s3.us-east-1,ncbi.public,gs.us-east1",Orange fiber (3 snacks a day),2022-04-14,2022-04-14,2022-04-14,2022-04-14,ERX5597514,SAMEA8793924,Homo sapiens,WASHINGTON UNIVERSITY CENTER FOR GENOME SCIENCES,2022-04-14T00:23:43Z,2022-04-14T00:23:43Z,public,unspecified,PAIRED,RANDOM,METAGENOMIC,metagenome,TP10-01,ILLUMINA,2022-04-14T00:00:00Z,2022-05-12T04:08:00Z,1,SAMEA8793924,TP10-01_Week8_Study2OrangeFiber,ERP128019,TP10-01_Week8_Study2OrangeFiber,WASHINGTON UNIVERSITY CENTER FOR GENOME SCIENCES,
ERR5956994,OTHER,244,2474317969,Stool,PRJEB44020,SAMEA8793925,1118173133,WASHINGTON UNIVERSITY CENTER FOR GENOME SCIENCES,Week1,public,"run.zq,sra,fastq","ncbi,gs,s3","gs.us-east1,ncbi.public,s3.us-east-1",Free diet,2022-04-14,2022-04-14,2022-04-14,2022-04-14,ERX5597515,SAMEA8793925,Homo sapiens,WASHINGTON UNIVERSITY CENTER FOR GENOME SCIENCES,2022-04-14T00:23:43Z,2022-04-14T00:23:43Z,public,unspecified,PAIRED,RANDOM,METAGENOMIC,metagenome,TP10-02,ILLUMINA,2022-04-14T00:00:00Z,2022-05-12T04:13:00Z,1,SAMEA8793925,TP10-02_Week1_Study2OrangeFiber,ERP128019,TP10-02_Week1_Study2OrangeFiber,WASHINGTON UNIVERSITY CENTER FOR GENOME SCIENCES,
ERR5956995,OTHER,263,2582680090,Stool,PRJEB44020,SAMEA8793926,1198795053,WASHINGTON UNIVERSITY CENTER FOR GENOME SCIENCES,Week2,public,"fastq,sra,run.zq","ncbi,gs,s3","gs.us-east1,ncbi.public,s3.us-east-1",Free diet,2022-04-14,2022-04-14,2022-04-14,2022-04-14,ERX5597516,SAMEA8793926,Homo sapiens,WASHINGTON UNIVERSITY CENTER FOR GENOME SCIENCES,2022-04-14T00:23:43Z,2022-04-14T00:23:43Z,public,unspecified,PAIRED,RANDOM,METAGENOMIC,metagenome,TP10-02,ILLUMINA,2022-04-14T00:00:00Z,2022-05-12T04:14:00Z,1,SAMEA8793926,TP10-02_Week2_Study2OrangeFiber,ERP128019,TP10-02_Week2_Study2OrangeFiber,WASHINGTON UNIVERSITY CENTER FOR GENOME SCIENCES,
ERR5956997,OTHER,260,2776336343,Stool,PRJEB44020,SAMEA8793927,1323082378,WASHINGTON UNIVERSITY CENTER FOR GENOME SCIENCES,Week5,public,"run.zq,fastq,sra","ncbi,gs,s3","s3.us-east-1,gs.us-east1,ncbi.public",Orange fiber (3 snacks a day),2022-04-14,2022-04-14,2022-04-14,2022-04-14,ERX5597518,SAMEA8793927,Homo sapiens,WASHINGTON UNIVERSITY CENTER FOR GENOME SCIENCES,2022-04-14T00:23:43Z,2022-04-14T00:23:43Z,public,unspecified,PAIRED,RANDOM,METAGENOMIC,metagenome,TP10-02,ILLUMINA,2022-04-14T00:00:00Z,2022-05-12T04:15:00Z,1,SAMEA8793927,TP10-02_Week5_Study2OrangeFiber,ERP128019,TP10-02_Week5_Study2OrangeFiber,WASHINGTON UNIVERSITY CENTER FOR GENOME SCIENCES,
ERR5956998,OTHER,265,2852324559,Stool,PRJEB44020,SAMEA8793928,1326178315,WASHINGTON UNIVERSITY CENTER FOR GENOME SCIENCES,Week8,public,"fastq,run.zq,sra","gs,ncbi,s3","ncbi.public,s3.us-east-1,gs.us-east1",Orange fiber (3 snacks a day),2022-04-14,2022-04-14,2022-04-14,2022-04-14,ERX5597519,SAMEA8793928,Homo sapiens,WASHINGTON UNIVERSITY CENTER FOR GENOME SCIENCES,2022-04-14T00:23:43Z,2022-04-14T00:23:43Z,public,unspecified,PAIRED,RANDOM,METAGENOMIC,metagenome,TP10-02,ILLUMINA,2022-04-14T00:00:00Z,2022-05-12T04:15:00Z,1,SAMEA8793928,TP10-02_Week8_Study2OrangeFiber,ERP128019,TP10-02_Week8_Study2OrangeFiber,WASHINGTON UNIVERSITY CENTER FOR GENOME SCIENCES,
ERR5956999,OTHER,244,2478206741,Stool,PRJEB44020,SAMEA8793929,1136902925,WASHINGTON UNIVERSITY CENTER FOR GENOME SCIENCES,Week1,public,"run.zq,fastq,sra","s3,ncbi,gs","s3.us-east-1,gs.us-east1,ncbi.public",Free diet,2022-04-14,2022-04-14,2022-04-14,2022-04-14,ERX5597520,SAMEA8793929,Homo sapiens,WASHINGTON UNIVERSITY CENTER FOR GENOME SCIENCES,2022-04-14T00:23:43Z,2022-04-14T00:23:43Z,public,unspecified,PAIRED,RANDOM,METAGENOMIC,metagenome,TP11-01,ILLUMINA,2022-04-14T00:00:00Z,2022-05-12T04:12:00Z,1,SAMEA8793929,TP11-01_Week1_Study2OrangeFiber,ERP128019,TP11-01_Week1_Study2OrangeFiber,WASHINGTON UNIVERSITY CENTER FOR GENOME SCIENCES,
ERR5957000,OTHER,249,2590117493,Stool,PRJEB44020,SAMEA8793930,1249440527,WASHINGTON UNIVERSITY CENTER FOR GENOME SCIENCES,Week2,public,"run.zq,fastq,sra","ncbi,s3,gs","gs.us-east1,ncbi.public,s3.us-east-1",Free diet,2022-04-14,2022-04-14,2022-04-14,2022-04-14,ERX5597521,SAMEA8793930,Homo sapiens,WASHINGTON UNIVERSITY CENTER FOR GENOME SCIENCES,2022-04-14T00:23:43Z,2022-04-14T00:23:43Z,public,unspecified,PAIRED,RANDOM,METAGENOMIC,metagenome,TP11-01,ILLUMINA,2022-04-14T00:00:00Z,2022-05-12T04:13:00Z,1,SAMEA8793930,TP11-01_Week2_Study2OrangeFiber,ERP128019,TP11-01_Week2_Study2OrangeFiber,WASHINGTON UNIVERSITY CENTER FOR GENOME SCIENCES,
ERR5957001,OTHER,225,2280577979,Stool,PRJEB44020,SAMEA8793931,1021000882,WASHINGTON UNIVERSITY CENTER FOR GENOME SCIENCES,Week5,public,"fastq,run.zq,sra","ncbi,s3,gs","s3.us-east-1,gs.us-east1,ncbi.public",Orange fiber (3 snacks a day),2022-04-14,2022-04-14,2022-04-14,2022-04-14,ERX5597522,SAMEA8793931,Homo sapiens,WASHINGTON UNIVERSITY CENTER FOR GENOME SCIENCES,2022-04-14T00:23:43Z,2022-04-14T00:23:43Z,public,unspecified,PAIRED,RANDOM,METAGENOMIC,metagenome,TP11-01,ILLUMINA,2022-04-14T00:00:00Z,2022-05-12T04:14:00Z,1,SAMEA8793931,TP11-01_Week5_Study2OrangeFiber,ERP128019,TP11-01_Week5_Study2OrangeFiber,WASHINGTON UNIVERSITY CENTER FOR GENOME SCIENCES,
ERR5957002,OTHER,258,2669363113,Stool,PRJEB44020,SAMEA8793932,1242387152,WASHINGTON UNIVERSITY CENTER FOR GENOME SCIENCES,Week8,public,"run.zq,fastq,sra","gs,s3,ncbi","ncbi.public,s3.us-east-1,gs.us-east1",Orange fiber (3 snacks a day),2022-04-14,2022-04-14,2022-04-14,2022-04-14,ERX5597523,SAMEA8793932,Homo sapiens,WASHINGTON UNIVERSITY CENTER FOR GENOME SCIENCES,2022-04-14T00:23:43Z,2022-04-14T00:23:43Z,public,unspecified,PAIRED,RANDOM,METAGENOMIC,metagenome,TP11-01,ILLUMINA,2022-04-14T00:00:00Z,2022-05-12T04:13:00Z,1,SAMEA8793932,TP11-01_Week8_Study2OrangeFiber,ERP128019,TP11-01_Week8_Study2OrangeFiber,WASHINGTON UNIVERSITY CENTER FOR GENOME SCIENCES,
ERR5957003,OTHER,235,13475573,Stool,PRJEB44020,SAMEA8793933,6884273,WASHINGTON UNIVERSITY CENTER FOR GENOME SCIENCES,Week1,public,"sra,run.zq,fastq","ncbi,gs,s3","gs.us-east1,ncbi.public,s3.us-east-1",Free diet,2022-04-14,2022-04-14,2022-04-14,2022-04-14,ERX5597524,SAMEA8793933,Homo sapiens,WASHINGTON UNIVERSITY CENTER FOR GENOME SCIENCES,2022-04-14T00:23:43Z,2022-04-14T00:23:43Z,public,unspecified,PAIRED,RANDOM,METAGENOMIC,metagenome,TP11-02,ILLUMINA,2022-04-14T00:00:00Z,2022-05-12T04:08:00Z,1,SAMEA8793933,TP11-02_Week1_Study2OrangeFiber,ERP128019,TP11-02_Week1_Study2OrangeFiber,WASHINGTON UNIVERSITY CENTER FOR GENOME SCIENCES,
ERR5957004,OTHER,245,2547851905,Stool,PRJEB44020,SAMEA8793934,1162546382,WASHINGTON UNIVERSITY CENTER FOR GENOME SCIENCES,Week2,public,"sra,fastq,run.zq","gs,ncbi,s3","gs.us-east1,s3.us-east-1,ncbi.public",Free diet,2022-04-14,2022-04-14T00:23:43Z,2022-04-14,2022-04-14T00:23:43Z,ERX5597525,SAMEA8793934,Homo sapiens,WASHINGTON UNIVERSITY CENTER FOR GENOME SCIENCES,2022-04-14T00:23:43Z,2022-04-14T00:23:43Z,public,unspecified,PAIRED,RANDOM,METAGENOMIC,metagenome,TP11-02,ILLUMINA,2022-04-14T00:00:00Z,2022-05-12T04:16:00Z,1,SAMEA8793934,TP11-02_Week2_Study2OrangeFiber,ERP128019,TP11-02_Week2_Study2OrangeFiber,,metagenome
ERR5957006,OTHER,250,2628188835,Stool,PRJEB44020,SAMEA8793935,1254422007,WASHINGTON UNIVERSITY CENTER FOR GENOME SCIENCES,Week5,public,"fastq,run.zq,sra","s3,ncbi,gs","ncbi.public,s3.us-east-1,gs.us-east1",Orange fiber (3 snacks a day),2022-04-14,2022-04-14,2022-04-14,2022-04-14,ERX5597527,SAMEA8793935,Homo sapiens,WASHINGTON UNIVERSITY CENTER FOR GENOME SCIENCES,2022-04-14T00:23:43Z,2022-04-14T00:23:43Z,public,unspecified,PAIRED,RANDOM,METAGENOMIC,metagenome,TP11-02,ILLUMINA,2022-04-14T00:00:00Z,2022-05-12T04:14:00Z,1,SAMEA8793935,TP11-02_Week5_Study2OrangeFiber,ERP128019,TP11-02_Week5_Study2OrangeFiber,WASHINGTON UNIVERSITY CENTER FOR GENOME SCIENCES,
ERR5957007,OTHER,259,2659469118,Stool,PRJEB44020,SAMEA8793936,1253267261,WASHINGTON UNIVERSITY CENTER FOR GENOME SCIENCES,Week8,public,"run.zq,sra,fastq","s3,ncbi,gs","ncbi.public,s3.us-east-1,gs.us-east1",Orange fiber (3 snacks a day),2022-04-14,2022-04-14,2022-04-14,2022-04-14,ERX5597528,SAMEA8793936,Homo sapiens,WASHINGTON UNIVERSITY CENTER FOR GENOME SCIENCES,2022-04-14T00:23:43Z,2022-04-14T00:23:43Z,public,unspecified,PAIRED,RANDOM,METAGENOMIC,metagenome,TP11-02,ILLUMINA,2022-04-14T00:00:00Z,2022-05-12T04:15:00Z,1,SAMEA8793936,TP11-02_Week8_Study2OrangeFiber,ERP128019,TP11-02_Week8_Study2OrangeFiber,WASHINGTON UNIVERSITY CENTER FOR GENOME SCIENCES,
ERR5957008,OTHER,256,2603073415,Stool,PRJEB44020,SAMEA8793937,1204650370,WASHINGTON UNIVERSITY CENTER FOR GENOME SCIENCES,Week1,public,"sra,run.zq,fastq","ncbi,s3,gs","s3.us-east-1,ncbi.public,gs.us-east1",Free diet,2022-04-14,2022-04-14,2022-04-14,2022-04-14,ERX5597529,SAMEA8793937,Homo sapiens,WASHINGTON UNIVERSITY CENTER FOR GENOME SCIENCES,2022-04-14T00:23:43Z,2022-04-14T00:23:43Z,public,unspecified,PAIRED,RANDOM,METAGENOMIC,metagenome,TP04-01,ILLUMINA,2022-04-14T00:00:00Z,2022-05-12T04:14:00Z,1,SAMEA8793937,TP04-01_Week1_Study2OrangeFiber,ERP128019,TP04-01_Week1_Study2OrangeFiber,WASHINGTON UNIVERSITY CENTER FOR GENOME SCIENCES,
ERR5957009,OTHER,259,2605672909,Stool,PRJEB44020,SAMEA8793938,1252203101,WASHINGTON UNIVERSITY CENTER FOR GENOME SCIENCES,Week2,public,"run.zq,sra,fastq","ncbi,gs,s3","s3.us-east-1,gs.us-east1,ncbi.public",Free diet,2022-04-14,2022-04-14,2022-04-14,2022-04-14,ERX5597530,SAMEA8793938,Homo sapiens,WASHINGTON UNIVERSITY CENTER FOR GENOME SCIENCES,2022-04-14T00:23:43Z,2022-04-14T00:23:43Z,public,unspecified,PAIRED,RANDOM,METAGENOMIC,metagenome,TP04-01,ILLUMINA,2022-04-14T00:00:00Z,2022-05-12T04:13:00Z,1,SAMEA8793938,TP04-01_Week2_Study2OrangeFiber,ERP128019,TP04-01_Week2_Study2OrangeFiber,WASHINGTON UNIVERSITY CENTER FOR GENOME SCIENCES,
ERR5957010,OTHER,257,2622397345,Stool,PRJEB44020,SAMEA8793939,1211537246,WASHINGTON UNIVERSITY CENTER FOR GENOME SCIENCES,Week5,public,"sra,fastq,run.zq","ncbi,s3,gs","gs.us-east1,ncbi.public,s3.us-east-1",Orange fiber (3 snacks a day),2022-04-14,2022-04-14,2022-04-14,2022-04-14,ERX5597531,SAMEA8793939,Homo sapiens,WASHINGTON UNIVERSITY CENTER FOR GENOME SCIENCES,2022-04-14T00:23:43Z,2022-04-14T00:23:43Z,public,unspecified,PAIRED,RANDOM,METAGENOMIC,metagenome,TP04-01,ILLUMINA,2022-04-14T00:00:00Z,2022-05-12T04:14:00Z,1,SAMEA8793939,TP04-01_Week5_Study2OrangeFiber,ERP128019,TP04-01_Week5_Study2OrangeFiber,WASHINGTON UNIVERSITY CENTER FOR GENOME SCIENCES,
ERR5957011,OTHER,254,2618877425,Stool,PRJEB44020,SAMEA8793940,1214596912,WASHINGTON UNIVERSITY CENTER FOR GENOME SCIENCES,Week8,public,"sra,run.zq,fastq","gs,s3,ncbi","s3.us-east-1,ncbi.public,gs.us-east1",Orange fiber (3 snacks a day),2022-04-14,2022-04-14,2022-04-14,2022-04-14,ERX5597532,SAMEA8793940,Homo sapiens,WASHINGTON UNIVERSITY CENTER FOR GENOME SCIENCES,2022-04-14T00:23:43Z,2022-04-14T00:23:43Z,public,unspecified,PAIRED,RANDOM,METAGENOMIC,metagenome,TP04-01,ILLUMINA,2022-04-14T00:00:00Z,2022-05-12T04:13:00Z,1,SAMEA8793940,TP04-01_Week8_Study2OrangeFiber,ERP128019,TP04-01_Week8_Study2OrangeFiber,WASHINGTON UNIVERSITY CENTER FOR GENOME SCIENCES,
ERR5957012,OTHER,259,2733510600,Stool,PRJEB44020,SAMEA8793941,1252001135,WASHINGTON UNIVERSITY CENTER FOR GENOME SCIENCES,Week1,public,"fastq,sra,run.zq","gs,ncbi,s3","ncbi.public,s3.us-east-1,gs.us-east1",Free diet,2022-04-14,2022-04-14,2022-04-14,2022-04-14,ERX5597533,SAMEA8793941,Homo sapiens,WASHINGTON UNIVERSITY CENTER FOR GENOME SCIENCES,2022-04-14T00:23:43Z,2022-04-14T00:23:43Z,public,unspecified,PAIRED,RANDOM,METAGENOMIC,metagenome,TP04-02,ILLUMINA,2022-04-14T00:00:00Z,2022-05-12T04:14:00Z,1,SAMEA8793941,TP04-02_Week1_Study2OrangeFiber,ERP128019,TP04-02_Week1_Study2OrangeFiber,WASHINGTON UNIVERSITY CENTER FOR GENOME SCIENCES,
ERR5957043,OTHER,263,2757139055,Stool,PRJEB44020,SAMEA8793942,1289488541,WASHINGTON UNIVERSITY CENTER FOR GENOME SCIENCES,Week2,public,"sra,run.zq,fastq","ncbi,s3,gs","s3.us-east-1,gs.us-east1,ncbi.public",Free diet,2022-04-14,2022-04-14,2022-04-14,2022-04-14,ERX5597564,SAMEA8793942,Homo sapiens,WASHINGTON UNIVERSITY CENTER FOR GENOME SCIENCES,2022-04-14T00:23:43Z,2022-04-14T00:23:43Z,public,unspecified,PAIRED,RANDOM,METAGENOMIC,metagenome,TP04-02,ILLUMINA,2022-04-14T00:00:00Z,2022-05-12T04:15:00Z,1,SAMEA8793942,TP04-02_Week2_Study2OrangeFiber,ERP128019,TP04-02_Week2_Study2OrangeFiber,WASHINGTON UNIVERSITY CENTER FOR GENOME SCIENCES,
ERR5957049,OTHER,257,2735919758,Stool,PRJEB44020,SAMEA8793943,1298083664,WASHINGTON UNIVERSITY CENTER FOR GENOME SCIENCES,Week5,public,"run.zq,fastq,sra","gs,ncbi,s3","s3.us-east-1,ncbi.public,gs.us-east1",Orange fiber (3 snacks a day),2022-04-14,2022-04-14,2022-04-14,2022-04-14,ERX5597570,SAMEA8793943,Homo sapiens,WASHINGTON UNIVERSITY CENTER FOR GENOME SCIENCES,2022-04-14T00:23:43Z,2022-04-14T00:23:43Z,public,unspecified,PAIRED,RANDOM,METAGENOMIC,metagenome,TP04-02,ILLUMINA,2022-04-14T00:00:00Z,2022-05-12T04:14:00Z,1,SAMEA8793943,TP04-02_Week5_Study2OrangeFiber,ERP128019,TP04-02_Week5_Study2OrangeFiber,WASHINGTON UNIVERSITY CENTER FOR GENOME SCIENCES,
ERR5957050,OTHER,260,2818509310,Stool,PRJEB44020,SAMEA8793944,1289317074,WASHINGTON UNIVERSITY CENTER FOR GENOME SCIENCES,Week8,public,"run.zq,sra,fastq","gs,s3,ncbi","s3.us-east-1,ncbi.public,gs.us-east1",Orange fiber (3 snacks a day),2022-04-14,2022-04-14,2022-04-14,2022-04-14,ERX5597571,SAMEA8793944,Homo sapiens,WASHINGTON UNIVERSITY CENTER FOR GENOME SCIENCES,2022-04-14T00:23:43Z,2022-04-14T00:23:43Z,public,unspecified,PAIRED,RANDOM,METAGENOMIC,metagenome,TP04-02,ILLUMINA,2022-04-14T00:00:00Z,2022-05-12T04:13:00Z,1,SAMEA8793944,TP04-02_Week8_Study2OrangeFiber,ERP128019,TP04-02_Week8_Study2OrangeFiber,WASHINGTON UNIVERSITY CENTER FOR GENOME SCIENCES,
ERR5957052,OTHER,254,2682132152,Stool,PRJEB44020,SAMEA8793945,1241740559,WASHINGTON UNIVERSITY CENTER FOR GENOME SCIENCES,Week1,public,"run.zq,fastq,sra","s3,ncbi,gs","s3.us-east-1,gs.us-east1,ncbi.public",Free diet,2022-04-14,2022-04-14,2022-04-14,2022-04-14,ERX5597573,SAMEA8793945,Homo sapiens,WASHINGTON UNIVERSITY CENTER FOR GENOME SCIENCES,2022-04-14T00:23:43Z,2022-04-14T00:23:43Z,public,unspecified,PAIRED,RANDOM,METAGENOMIC,metagenome,TP05-01,ILLUMINA,2022-04-14T00:00:00Z,2022-05-12T04:14:00Z,1,SAMEA8793945,TP05-01_Week1_Study2OrangeFiber,ERP128019,TP05-01_Week1_Study2OrangeFiber,WASHINGTON UNIVERSITY CENTER FOR GENOME SCIENCES,
ERR5957053,OTHER,256,2586561034,Stool,PRJEB44020,SAMEA8793946,1244844564,WASHINGTON UNIVERSITY CENTER FOR GENOME SCIENCES,Week2,public,"fastq,run.zq,sra","gs,ncbi,s3","ncbi.public,gs.us-east1,s3.us-east-1",Free diet,2022-04-14,2022-04-14,2022-04-14,2022-04-14,ERX5597574,SAMEA8793946,Homo sapiens,WASHINGTON UNIVERSITY CENTER FOR GENOME SCIENCES,2022-04-14T00:23:43Z,2022-04-14T00:23:43Z,public,unspecified,PAIRED,RANDOM,METAGENOMIC,metagenome,TP05-01,ILLUMINA,2022-04-14T00:00:00Z,2022-05-12T04:13:00Z,1,SAMEA8793946,TP05-01_Week2_Study2OrangeFiber,ERP128019,TP05-01_Week2_Study2OrangeFiber,WASHINGTON UNIVERSITY CENTER FOR GENOME SCIENCES,
ERR5957054,OTHER,257,2524814285,Stool,PRJEB44020,SAMEA8793947,1173663662,WASHINGTON UNIVERSITY CENTER FOR GENOME SCIENCES,Week5,public,"fastq,sra,run.zq","gs,ncbi,s3","gs.us-east1,s3.us-east-1,ncbi.public",Orange fiber (3 snacks a day),2022-04-14,2022-04-14,2022-04-14,2022-04-14,ERX5597575,SAMEA8793947,Homo sapiens,WASHINGTON UNIVERSITY CENTER FOR GENOME SCIENCES,2022-04-14T00:23:43Z,2022-04-14T00:23:43Z,public,unspecified,PAIRED,RANDOM,METAGENOMIC,metagenome,TP05-01,ILLUMINA,2022-04-14T00:00:00Z,2022-05-12T04:20:00Z,1,SAMEA8793947,TP05-01_Week5_Study2OrangeFiber,ERP128019,TP05-01_Week5_Study2OrangeFiber,WASHINGTON UNIVERSITY CENTER FOR GENOME SCIENCES,
ERR5957055,OTHER,266,2733008295,Stool,PRJEB44020,SAMEA8793948,1305349324,WASHINGTON UNIVERSITY CENTER FOR GENOME SCIENCES,Week8,public,"sra,fastq,run.zq","ncbi,gs,s3","s3.us-east-1,ncbi.public,gs.us-east1",Orange fiber (3 snacks a day),2022-04-14,2022-04-14,2022-04-14,2022-04-14,ERX5597576,SAMEA8793948,Homo sapiens,WASHINGTON UNIVERSITY CENTER FOR GENOME SCIENCES,2022-04-14T00:23:43Z,2022-04-14T00:23:43Z,public,unspecified,PAIRED,RANDOM,METAGENOMIC,metagenome,TP05-01,ILLUMINA,2022-04-14T00:00:00Z,2022-05-12T04:14:00Z,1,SAMEA8793948,TP05-01_Week8_Study2OrangeFiber,ERP128019,TP05-01_Week8_Study2OrangeFiber,WASHINGTON UNIVERSITY CENTER FOR GENOME SCIENCES,
ERR5957056,OTHER,259,2645713466,Stool,PRJEB44020,SAMEA8793949,1223146332,WASHINGTON UNIVERSITY CENTER FOR GENOME SCIENCES,Week1,public,"sra,run.zq,fastq","s3,ncbi,gs","ncbi.public,s3.us-east-1,gs.us-east1",Free diet,2022-04-14,2022-04-14,2022-04-14,2022-04-14,ERX5597577,SAMEA8793949,Homo sapiens,WASHINGTON UNIVERSITY CENTER FOR GENOME SCIENCES,2022-04-14T00:23:43Z,2022-04-14T00:23:43Z,public,unspecified,PAIRED,RANDOM,METAGENOMIC,metagenome,TP05-02,ILLUMINA,2022-04-14T00:00:00Z,2022-05-12T04:15:00Z,1,SAMEA8793949,TP05-02_Week1_Study2OrangeFiber,ERP128019,TP05-02_Week1_Study2OrangeFiber,WASHINGTON UNIVERSITY CENTER FOR GENOME SCIENCES,
ERR5957057,OTHER,263,2649843822,Stool,PRJEB44020,SAMEA8793950,1245421436,WASHINGTON UNIVERSITY CENTER FOR GENOME SCIENCES,Week2,public,"fastq,run.zq,sra","ncbi,gs,s3","s3.us-east-1,gs.us-east1,ncbi.public",Free diet,2022-04-14,2022-04-14,2022-04-14,2022-04-14,ERX5597578,SAMEA8793950,Homo sapiens,WASHINGTON UNIVERSITY CENTER FOR GENOME SCIENCES,2022-04-14T00:23:43Z,2022-04-14T00:23:43Z,public,unspecified,PAIRED,RANDOM,METAGENOMIC,metagenome,TP05-02,ILLUMINA,2022-04-14T00:00:00Z,2022-05-12T04:14:00Z,1,SAMEA8793950,TP05-02_Week2_Study2OrangeFiber,ERP128019,TP05-02_Week2_Study2OrangeFiber,WASHINGTON UNIVERSITY CENTER FOR GENOME SCIENCES,
ERR5957058,OTHER,258,2583875403,Stool,PRJEB44020,SAMEA8793951,1245511643,WASHINGTON UNIVERSITY CENTER FOR GENOME SCIENCES,Week5,public,"fastq,run.zq,sra","gs,ncbi,s3","ncbi.public,s3.us-east-1,gs.us-east1",Orange fiber (3 snacks a day),2022-04-14,2022-04-14,2022-04-14,2022-04-14,ERX5597579,SAMEA8793951,Homo sapiens,WASHINGTON UNIVERSITY CENTER FOR GENOME SCIENCES,2022-04-14T00:23:43Z,2022-04-14T00:23:43Z,public,unspecified,PAIRED,RANDOM,METAGENOMIC,metagenome,TP05-02,ILLUMINA,2022-04-14T00:00:00Z,2022-05-12T04:17:00Z,1,SAMEA8793951,TP05-02_Week5_Study2OrangeFiber,ERP128019,TP05-02_Week5_Study2OrangeFiber,WASHINGTON UNIVERSITY CENTER FOR GENOME SCIENCES,
ERR5957059,OTHER,262,2677976479,Stool,PRJEB44020,SAMEA8793952,1244655374,WASHINGTON UNIVERSITY CENTER FOR GENOME SCIENCES,Week8,public,"fastq,run.zq,sra","ncbi,s3,gs","gs.us-east1,ncbi.public,s3.us-east-1",Orange fiber (3 snacks a day),2022-04-14,2022-04-14,2022-04-14,2022-04-14,ERX5597580,SAMEA8793952,Homo sapiens,WASHINGTON UNIVERSITY CENTER FOR GENOME SCIENCES,2022-04-14T00:23:43Z,2022-04-14T00:23:43Z,public,unspecified,PAIRED,RANDOM,METAGENOMIC,metagenome,TP05-02,ILLUMINA,2022-04-14T00:00:00Z,2022-05-12T04:15:00Z,1,SAMEA8793952,TP05-02_Week8_Study2OrangeFiber,ERP128019,TP05-02_Week8_Study2OrangeFiber,WASHINGTON UNIVERSITY CENTER FOR GENOME SCIENCES,
ERR5957061,OTHER,256,2729690681,Stool,PRJEB44020,SAMEA8793953,1265558126,WASHINGTON UNIVERSITY CENTER FOR GENOME SCIENCES,Week1,public,"sra,run.zq,fastq","s3,ncbi,gs","s3.us-east-1,ncbi.public,gs.us-east1",Free diet,2022-04-14,2022-04-14,2022-04-14,2022-04-14,ERX5597582,SAMEA8793953,Homo sapiens,WASHINGTON UNIVERSITY CENTER FOR GENOME SCIENCES,2022-04-14T00:23:43Z,2022-04-14T00:23:43Z,public,unspecified,PAIRED,RANDOM,METAGENOMIC,metagenome,TP08-01,ILLUMINA,2022-04-14T00:00:00Z,2022-05-12T04:15:00Z,1,SAMEA8793953,TP08-01_Week1_Study2OrangeFiber,ERP128019,TP08-01_Week1_Study2OrangeFiber,WASHINGTON UNIVERSITY CENTER FOR GENOME SCIENCES,
ERR5957062,OTHER,249,2451407378,Stool,PRJEB44020,SAMEA8793954,1167774491,WASHINGTON UNIVERSITY CENTER FOR GENOME SCIENCES,Week2,public,"fastq,sra,run.zq","s3,ncbi,gs","s3.us-east-1,gs.us-east1,ncbi.public",Free diet,2022-04-14,2022-04-14,2022-04-14,2022-04-14,ERX5597583,SAMEA8793954,Homo sapiens,WASHINGTON UNIVERSITY CENTER FOR GENOME SCIENCES,2022-04-14T00:23:43Z,2022-04-14T00:23:43Z,public,unspecified,PAIRED,RANDOM,METAGENOMIC,metagenome,TP08-01,ILLUMINA,2022-04-14T00:00:00Z,2022-05-12T04:13:00Z,1,SAMEA8793954,TP08-01_Week2_Study2OrangeFiber,ERP128019,TP08-01_Week2_Study2OrangeFiber,WASHINGTON UNIVERSITY CENTER FOR GENOME SCIENCES,
ERR5957063,OTHER,262,2702881327,Stool,PRJEB44020,SAMEA8793955,1266435805,WASHINGTON UNIVERSITY CENTER FOR GENOME SCIENCES,Week5,public,"sra,run.zq,fastq","ncbi,gs,s3","gs.us-east1,ncbi.public,s3.us-east-1",Orange fiber (3 snacks a day),2022-04-14,2022-04-14,2022-04-14,2022-04-14,ERX5597584,SAMEA8793955,Homo sapiens,WASHINGTON UNIVERSITY CENTER FOR GENOME SCIENCES,2022-04-14T00:23:43Z,2022-04-14T00:23:43Z,public,unspecified,PAIRED,RANDOM,METAGENOMIC,metagenome,TP08-01,ILLUMINA,2022-04-14T00:00:00Z,2022-05-12T04:14:00Z,1,SAMEA8793955,TP08-01_Week5_Study2OrangeFiber,ERP128019,TP08-01_Week5_Study2OrangeFiber,WASHINGTON UNIVERSITY CENTER FOR GENOME SCIENCES,
ERR5957064,OTHER,261,2620160175,Stool,PRJEB44020,SAMEA8793956,1242486908,WASHINGTON UNIVERSITY CENTER FOR GENOME SCIENCES,Week8,public,"sra,run.zq,fastq","ncbi,s3,gs","ncbi.public,gs.us-east1,s3.us-east-1",Orange fiber (3 snacks a day),2022-04-14,2022-04-14,2022-04-14,2022-04-14,ERX5597585,SAMEA8793956,Homo sapiens,WASHINGTON UNIVERSITY CENTER FOR GENOME SCIENCES,2022-04-14T00:23:43Z,2022-04-14T00:23:43Z,public,unspecified,PAIRED,RANDOM,METAGENOMIC,metagenome,TP08-01,ILLUMINA,2022-04-14T00:00:00Z,2022-05-12T04:14:00Z,1,SAMEA8793956,TP08-01_Week8_Study2OrangeFiber,ERP128019,TP08-01_Week8_Study2OrangeFiber,WASHINGTON UNIVERSITY CENTER FOR GENOME SCIENCES,
ERR5960126,OTHER,252,2001036281,Stool,PRJEB44020,SAMEA8793780,836085407,WASHINGTON UNIVERSITY CENTER FOR GENOME SCIENCES,Week4,public,"run.zq,sra,fastq","s3,gs,ncbi","gs.us-east1,s3.us-east-1,ncbi.public",Pea fiber (2 snacks a day),2022-04-14,2022-04-14,2022-04-14,2022-04-14,ERX5600647,SAMEA8793780,Homo sapiens,WASHINGTON UNIVERSITY CENTER FOR GENOME SCIENCES,2022-04-14T00:23:43Z,2022-04-14T00:23:43Z,public,unspecified,PAIRED,RANDOM,METAGENOMIC,metagenome,TP04-01,ILLUMINA,2022-04-14T00:00:00Z,2022-05-12T04:12:00Z,1,SAMEA8793780,TP04-01_Week4_Study1PeaFiber,ERP128019,TP04-01_Week4_Study1PeaFiber,WASHINGTON UNIVERSITY CENTER FOR GENOME SCIENCES,
ERR5960128,OTHER,248,2088387899,Stool,PRJEB44020,SAMEA8793781,865205683,WASHINGTON UNIVERSITY CENTER FOR GENOME SCIENCES,Week5,public,"sra,run.zq,fastq","ncbi,s3,gs","s3.us-east-1,gs.us-east1,ncbi.public",Pea fiber (3 snacks a day),2022-04-14,2022-04-14,2022-04-14,2022-04-14,ERX5600649,SAMEA8793781,Homo sapiens,WASHINGTON UNIVERSITY CENTER FOR GENOME SCIENCES,2022-04-14T00:23:43Z,2022-04-14T00:23:43Z,public,unspecified,PAIRED,RANDOM,METAGENOMIC,metagenome,TP04-01,ILLUMINA,2022-04-14T00:00:00Z,2022-05-12T04:12:00Z,1,SAMEA8793781,TP04-01_Week5_Study1PeaFiber,ERP128019,TP04-01_Week5_Study1PeaFiber,WASHINGTON UNIVERSITY CENTER FOR GENOME SCIENCES,
ERR6544671,AMPLICON,500,87380500,Stool,PRJEB44020,SAMEA8793736,45852774,WASHINGTON UNIVERSITY CENTER FOR GENOME SCIENCES,Week2,public,"sra,fastq,run.zq","ncbi,s3,gs","s3.us-east-1,ncbi.public,gs.us-east1",Free diet,2022-04-14,2022-04-14,2022-04-14,2022-04-14,ERX6170861,SAMEA8793736,Homo sapiens,WASHINGTON UNIVERSITY CENTER FOR GENOME SCIENCES,2022-04-14T00:23:43Z,2022-04-14T00:23:43Z,public,unspecified,PAIRED,PCR,METAGENOMIC,metagenome,TP01-01,ILLUMINA,2022-04-14T00:00:00Z,2022-05-12T04:09:00Z,1,SAMEA8793736,TP01-01_Week2_Study1PeaFiber,ERP128019,TP01-01_Week2_Study1PeaFiber,WASHINGTON UNIVERSITY CENTER FOR GENOME SCIENCES,
ERR6544672,AMPLICON,500,80178000,Stool,PRJEB44020,SAMEA8793739,42007447,WASHINGTON UNIVERSITY CENTER FOR GENOME SCIENCES,Week5,public,"fastq,run.zq,sra","s3,ncbi,gs","gs.us-east1,ncbi.public,s3.us-east-1",Pea fiber (3 snacks a day),2022-04-14,2022-04-14,2022-04-14,2022-04-14,ERX6170862,SAMEA8793739,Homo sapiens,WASHINGTON UNIVERSITY CENTER FOR GENOME SCIENCES,2022-04-14T00:23:43Z,2022-04-14T00:23:43Z,public,unspecified,PAIRED,PCR,METAGENOMIC,metagenome,TP01-01,ILLUMINA,2022-04-14T00:00:00Z,2022-05-12T04:09:00Z,1,SAMEA8793739,TP01-01_Week5_Study1PeaFiber,ERP128019,TP01-01_Week5_Study1PeaFiber,WASHINGTON UNIVERSITY CENTER FOR GENOME SCIENCES,
ERR6544673,AMPLICON,500,75884500,Stool,PRJEB44020,SAMEA8793740,40082298,WASHINGTON UNIVERSITY CENTER FOR GENOME SCIENCES,Week8,public,"sra,run.zq,fastq","gs,s3,ncbi","gs.us-east1,s3.us-east-1,ncbi.public",Pea fiber (3 snacks a day),2022-04-14,2022-04-14,2022-04-14,2022-04-14,ERX6170863,SAMEA8793740,Homo sapiens,WASHINGTON UNIVERSITY CENTER FOR GENOME SCIENCES,2022-04-14T00:23:43Z,2022-04-14T00:23:43Z,public,unspecified,PAIRED,PCR,METAGENOMIC,metagenome,TP01-01,ILLUMINA,2022-04-14T00:00:00Z,2022-05-12T04:09:00Z,1,SAMEA8793740,TP01-01_Week8_Study1PeaFiber,ERP128019,TP01-01_Week8_Study1PeaFiber,WASHINGTON UNIVERSITY CENTER FOR GENOME SCIENCES,
ERR6544674,AMPLICON,500,70813000,Stool,PRJEB44020,SAMEA8793743,37692022,WASHINGTON UNIVERSITY CENTER FOR GENOME SCIENCES,Week2,public,"sra,run.zq,fastq","s3,ncbi,gs","gs.us-east1,ncbi.public,s3.us-east-1",Free diet,2022-04-14,2022-04-14,2022-04-14,2022-04-14,ERX6170864,SAMEA8793743,Homo sapiens,WASHINGTON UNIVERSITY CENTER FOR GENOME SCIENCES,2022-04-14T00:23:43Z,2022-04-14T00:23:43Z,public,unspecified,PAIRED,PCR,METAGENOMIC,metagenome,TP01-02,ILLUMINA,2022-04-14T00:00:00Z,2022-05-12T04:09:00Z,1,SAMEA8793743,TP01-02_Week2_Study1PeaFiber,ERP128019,TP01-02_Week2_Study1PeaFiber,WASHINGTON UNIVERSITY CENTER FOR GENOME SCIENCES,
ERR6544675,AMPLICON,500,79001500,Stool,PRJEB44020,SAMEA8793746,40968932,WASHINGTON UNIVERSITY CENTER FOR GENOME SCIENCES,Week5,public,"fastq,sra,run.zq","gs,ncbi,s3","s3.us-east-1,gs.us-east1,ncbi.public",Pea fiber (3 snacks a day),2022-04-14,2022-04-14,2022-04-14,2022-04-14,ERX6170865,SAMEA8793746,Homo sapiens,WASHINGTON UNIVERSITY CENTER FOR GENOME SCIENCES,2022-04-14T00:23:43Z,2022-04-14T00:23:43Z,public,unspecified,PAIRED,PCR,METAGENOMIC,metagenome,TP01-02,ILLUMINA,2022-04-14T00:00:00Z,2022-05-12T04:09:00Z,1,SAMEA8793746,TP01-02_Week5_Study1PeaFiber,ERP128019,TP01-02_Week5_Study1PeaFiber,WASHINGTON UNIVERSITY CENTER FOR GENOME SCIENCES,
ERR6544676,AMPLICON,500,70594500,Stool,PRJEB44020,SAMEA8793747,37073737,WASHINGTON UNIVERSITY CENTER FOR GENOME SCIENCES,Week8,public,"run.zq,sra,fastq","ncbi,s3,gs","s3.us-east-1,gs.us-east1,ncbi.public",Pea fiber (3 snacks a day),2022-04-14,2022-04-14,2022-04-14,2022-04-14,ERX6170866,SAMEA8793747,Homo sapiens,WASHINGTON UNIVERSITY CENTER FOR GENOME SCIENCES,2022-04-14T00:23:43Z,2022-04-14T00:23:43Z,public,unspecified,PAIRED,PCR,METAGENOMIC,metagenome,TP01-02,ILLUMINA,2022-04-14T00:00:00Z,2022-05-12T04:10:00Z,1,SAMEA8793747,TP01-02_Week8_Study1PeaFiber,ERP128019,TP01-02_Week8_Study1PeaFiber,WASHINGTON UNIVERSITY CENTER FOR GENOME SCIENCES,
ERR6544677,AMPLICON,500,18305500,Stool,PRJEB44020,SAMEA8793750,9313165,WASHINGTON UNIVERSITY CENTER FOR GENOME SCIENCES,Week2,public,"run.zq,sra,fastq","gs,ncbi,s3","gs.us-east1,s3.us-east-1,ncbi.public",Free diet,2022-04-14,2022-04-14,2022-04-14,2022-04-14,ERX6170867,SAMEA8793750,Homo sapiens,WASHINGTON UNIVERSITY CENTER FOR GENOME SCIENCES,2022-04-14T00:23:43Z,2022-04-14T00:23:43Z,public,unspecified,PAIRED,PCR,METAGENOMIC,metagenome,TP02-01,ILLUMINA,2022-04-14T00:00:00Z,2022-05-12T04:09:00Z,1,SAMEA8793750,TP02-01_Week2_Study1PeaFiber,ERP128019,TP02-01_Week2_Study1PeaFiber,WASHINGTON UNIVERSITY CENTER FOR GENOME SCIENCES,
ERR6544678,AMPLICON,500,73688500,Stool,PRJEB44020,SAMEA8793753,37574165,WASHINGTON UNIVERSITY CENTER FOR GENOME SCIENCES,Week5,public,"fastq,run.zq,sra","s3,gs,ncbi","ncbi.public,s3.us-east-1,gs.us-east1",Pea fiber (3 snacks a day),2022-04-14,2022-04-14,2022-04-14,2022-04-14,ERX6170868,SAMEA8793753,Homo sapiens,WASHINGTON UNIVERSITY CENTER FOR GENOME SCIENCES,2022-04-14T00:23:43Z,2022-04-14T00:23:43Z,public,unspecified,PAIRED,PCR,METAGENOMIC,metagenome,TP02-01,ILLUMINA,2022-04-14T00:00:00Z,2022-05-12T04:09:00Z,1,SAMEA8793753,TP02-01_Week5_Study1PeaFiber,ERP128019,TP02-01_Week5_Study1PeaFiber,WASHINGTON UNIVERSITY CENTER FOR GENOME SCIENCES,
ERR6544679,AMPLICON,500,59789000,Stool,PRJEB44020,SAMEA8793754,29985900,WASHINGTON UNIVERSITY CENTER FOR GENOME SCIENCES,Week8,public,"fastq,run.zq,sra","s3,ncbi,gs","s3.us-east-1,ncbi.public,gs.us-east1",Pea fiber (3 snacks a day),2022-04-14,2022-04-14,2022-04-14,2022-04-14,ERX6170869,SAMEA8793754,Homo sapiens,WASHINGTON UNIVERSITY CENTER FOR GENOME SCIENCES,2022-04-14T00:23:43Z,2022-04-14T00:23:43Z,public,unspecified,PAIRED,PCR,METAGENOMIC,metagenome,TP02-01,ILLUMINA,2022-04-14T00:00:00Z,2022-05-12T04:10:00Z,1,SAMEA8793754,TP02-01_Week8_Study1PeaFiber,ERP128019,TP02-01_Week8_Study1PeaFiber,WASHINGTON UNIVERSITY CENTER FOR GENOME SCIENCES,
ERR6544680,AMPLICON,500,20164500,Stool,PRJEB44020,SAMEA8793757,10112611,WASHINGTON UNIVERSITY CENTER FOR GENOME SCIENCES,Week2,public,"run.zq,fastq,sra","ncbi,s3,gs","ncbi.public,gs.us-east1,s3.us-east-1",Free diet,2022-04-14,2022-04-14,2022-04-14,2022-04-14,ERX6170870,SAMEA8793757,Homo sapiens,WASHINGTON UNIVERSITY CENTER FOR GENOME SCIENCES,2022-04-14T00:23:43Z,2022-04-14T00:23:43Z,public,unspecified,PAIRED,PCR,METAGENOMIC,metagenome,TP02-02,ILLUMINA,2022-04-14T00:00:00Z,2022-05-12T04:09:00Z,1,SAMEA8793757,TP02-02_Week2_Study1PeaFiber,ERP128019,TP02-02_Week2_Study1PeaFiber,WASHINGTON UNIVERSITY CENTER FOR GENOME SCIENCES,
ERR6544681,AMPLICON,500,73341500,Stool,PRJEB44020,SAMEA8793760,37957931,WASHINGTON UNIVERSITY CENTER FOR GENOME SCIENCES,Week5,public,"fastq,sra,run.zq","s3,ncbi,gs","s3.us-east-1,ncbi.public,gs.us-east1",Pea fiber (3 snacks a day),2022-04-14,2022-04-14,2022-04-14,2022-04-14,ERX6170871,SAMEA8793760,Homo sapiens,WASHINGTON UNIVERSITY CENTER FOR GENOME SCIENCES,2022-04-14T00:23:43Z,2022-04-14T00:23:43Z,public,unspecified,PAIRED,PCR,METAGENOMIC,metagenome,TP02-02,ILLUMINA,2022-04-14T00:00:00Z,2022-05-12T04:09:00Z,1,SAMEA8793760,TP02-02_Week5_Study1PeaFiber,ERP128019,TP02-02_Week5_Study1PeaFiber,WASHINGTON UNIVERSITY CENTER FOR GENOME SCIENCES,
ERR6544682,AMPLICON,500,73483500,Stool,PRJEB44020,SAMEA8793761,38415570,WASHINGTON UNIVERSITY CENTER FOR GENOME SCIENCES,Week8,public,"sra,run.zq,fastq","gs,s3,ncbi","s3.us-east-1,gs.us-east1,ncbi.public",Pea fiber (3 snacks a day),2022-04-14,2022-04-14,2022-04-14,2022-04-14,ERX6170872,SAMEA8793761,Homo sapiens,WASHINGTON UNIVERSITY CENTER FOR GENOME SCIENCES,2022-04-14T00:23:43Z,2022-04-14T00:23:43Z,public,unspecified,PAIRED,PCR,METAGENOMIC,metagenome,TP02-02,ILLUMINA,2022-04-14T00:00:00Z,2022-05-12T04:09:00Z,1,SAMEA8793761,TP02-02_Week8_Study1PeaFiber,ERP128019,TP02-02_Week8_Study1PeaFiber,WASHINGTON UNIVERSITY CENTER FOR GENOME SCIENCES,
ERR6544683,AMPLICON,500,70327000,Stool,PRJEB44020,SAMEA8793764,36702708,WASHINGTON UNIVERSITY CENTER FOR GENOME SCIENCES,Week2,public,"sra,run.zq,fastq","gs,s3,ncbi","s3.us-east-1,gs.us-east1,ncbi.public",Free diet,2022-04-14,2022-04-14,2022-04-14,2022-04-14,ERX6170873,SAMEA8793764,Homo sapiens,WASHINGTON UNIVERSITY CENTER FOR GENOME SCIENCES,2022-04-14T00:23:43Z,2022-04-14T00:23:43Z,public,unspecified,PAIRED,PCR,METAGENOMIC,metagenome,TP03-01,ILLUMINA,2022-04-14T00:00:00Z,2022-05-12T04:09:00Z,1,SAMEA8793764,TP03-01_Week2_Study1PeaFiber,ERP128019,TP03-01_Week2_Study1PeaFiber,WASHINGTON UNIVERSITY CENTER FOR GENOME SCIENCES,
ERR6544684,AMPLICON,500,74191500,Stool,PRJEB44020,SAMEA8793767,39118284,WASHINGTON UNIVERSITY CENTER FOR GENOME SCIENCES,Week5,public,"fastq,run.zq,sra","gs,ncbi,s3","s3.us-east-1,gs.us-east1,ncbi.public",Pea fiber (3 snacks a day),2022-04-14,2022-04-14,2022-04-14,2022-04-14,ERX6170874,SAMEA8793767,Homo sapiens,WASHINGTON UNIVERSITY CENTER FOR GENOME SCIENCES,2022-04-14T00:23:43Z,2022-04-14T00:23:43Z,public,unspecified,PAIRED,PCR,METAGENOMIC,metagenome,TP03-01,ILLUMINA,2022-04-14T00:00:00Z,2022-05-12T04:09:00Z,1,SAMEA8793767,TP03-01_Week5_Study1PeaFiber,ERP128019,TP03-01_Week5_Study1PeaFiber,WASHINGTON UNIVERSITY CENTER FOR GENOME SCIENCES,
ERR6544685,AMPLICON,500,76463500,Stool,PRJEB44020,SAMEA8793768,40109221,WASHINGTON UNIVERSITY CENTER FOR GENOME SCIENCES,Week8,public,"run.zq,sra,fastq","gs,ncbi,s3","gs.us-east1,s3.us-east-1,ncbi.public",Pea fiber (3 snacks a day),2022-04-14,2022-04-14,2022-04-14,2022-04-14,ERX6170875,SAMEA8793768,Homo sapiens,WASHINGTON UNIVERSITY CENTER FOR GENOME SCIENCES,2022-04-14T00:23:43Z,2022-04-14T00:23:43Z,public,unspecified,PAIRED,PCR,METAGENOMIC,metagenome,TP03-01,ILLUMINA,2022-04-14T00:00:00Z,2022-05-12T04:09:00Z,1,SAMEA8793768,TP03-01_Week8_Study1PeaFiber,ERP128019,TP03-01_Week8_Study1PeaFiber,WASHINGTON UNIVERSITY CENTER FOR GENOME SCIENCES,
ERR6544686,AMPLICON,500,73988000,Stool,PRJEB44020,SAMEA8793771,37550279,WASHINGTON UNIVERSITY CENTER FOR GENOME SCIENCES,Week2,public,"run.zq,sra,fastq","s3,gs,ncbi","ncbi.public,s3.us-east-1,gs.us-east1",Free diet,2022-04-14,2022-04-14,2022-04-14,2022-04-14,ERX6170876,SAMEA8793771,Homo sapiens,WASHINGTON UNIVERSITY CENTER FOR GENOME SCIENCES,2022-04-14T00:23:43Z,2022-04-14T00:23:43Z,public,unspecified,PAIRED,PCR,METAGENOMIC,metagenome,TP03-02,ILLUMINA,2022-04-14T00:00:00Z,2022-05-12T04:09:00Z,1,SAMEA8793771,TP03-02_Week2_Study1PeaFiber,ERP128019,TP03-02_Week2_Study1PeaFiber,WASHINGTON UNIVERSITY CENTER FOR GENOME SCIENCES,
ERR6544687,AMPLICON,500,60193500,Stool,PRJEB44020,SAMEA8793774,30822354,WASHINGTON UNIVERSITY CENTER FOR GENOME SCIENCES,Week5,public,"fastq,run.zq,sra","gs,s3,ncbi","s3.us-east-1,gs.us-east1,ncbi.public",Pea fiber (3 snacks a day),2022-04-14,2022-04-14,2022-04-14,2022-04-14,ERX6170877,SAMEA8793774,Homo sapiens,WASHINGTON UNIVERSITY CENTER FOR GENOME SCIENCES,2022-04-14T00:23:43Z,2022-04-14T00:23:43Z,public,unspecified,PAIRED,PCR,METAGENOMIC,metagenome,TP03-02,ILLUMINA,2022-04-14T00:00:00Z,2022-05-12T04:09:00Z,1,SAMEA8793774,TP03-02_Week5_Study1PeaFiber,ERP128019,TP03-02_Week5_Study1PeaFiber,WASHINGTON UNIVERSITY CENTER FOR GENOME SCIENCES,
ERR6544688,AMPLICON,500,71399000,Stool,PRJEB44020,SAMEA8793775,36894391,WASHINGTON UNIVERSITY CENTER FOR GENOME SCIENCES,Week8,public,"sra,fastq,run.zq","ncbi,s3,gs","s3.us-east-1,gs.us-east1,ncbi.public",Pea fiber (3 snacks a day),2022-04-14,2022-04-14,2022-04-14,2022-04-14,ERX6170878,SAMEA8793775,Homo sapiens,WASHINGTON UNIVERSITY CENTER FOR GENOME SCIENCES,2022-04-14T00:23:43Z,2022-04-14T00:23:43Z,public,unspecified,PAIRED,PCR,METAGENOMIC,metagenome,TP03-02,ILLUMINA,2022-04-14T00:00:00Z,2022-05-12T04:09:00Z,1,SAMEA8793775,TP03-02_Week8_Study1PeaFiber,ERP128019,TP03-02_Week8_Study1PeaFiber,WASHINGTON UNIVERSITY CENTER FOR GENOME SCIENCES,
ERR6544689,AMPLICON,500,80056500,Stool,PRJEB44020,SAMEA8793778,40924964,WASHINGTON UNIVERSITY CENTER FOR GENOME SCIENCES,Week2,public,"fastq,run.zq,sra","s3,ncbi,gs","ncbi.public,gs.us-east1,s3.us-east-1",Free diet,2022-04-14,2022-04-14,2022-04-14,2022-04-14,ERX6170879,SAMEA8793778,Homo sapiens,WASHINGTON UNIVERSITY CENTER FOR GENOME SCIENCES,2022-04-14T00:23:43Z,2022-04-14T00:23:43Z,public,unspecified,PAIRED,PCR,METAGENOMIC,metagenome,TP04-01,ILLUMINA,2022-04-14T00:00:00Z,2022-05-12T04:09:00Z,1,SAMEA8793778,TP04-01_Week2_Study1PeaFiber,ERP128019,TP04-01_Week2_Study1PeaFiber,WASHINGTON UNIVERSITY CENTER FOR GENOME SCIENCES,
ERR6544690,AMPLICON,500,75809000,Stool,PRJEB44020,SAMEA8793781,38995360,WASHINGTON UNIVERSITY CENTER FOR GENOME SCIENCES,Week5,public,"fastq,sra,run.zq","ncbi,s3,gs","s3.us-east-1,ncbi.public,gs.us-east1",Pea fiber (3 snacks a day),2022-04-14,2022-04-14,2022-04-14,2022-04-14,ERX6170880,SAMEA8793781,Homo sapiens,WASHINGTON UNIVERSITY CENTER FOR GENOME SCIENCES,2022-04-14T00:23:43Z,2022-04-14T00:23:43Z,public,unspecified,PAIRED,PCR,METAGENOMIC,metagenome,TP04-01,ILLUMINA,2022-04-14T00:00:00Z,2022-05-12T04:09:00Z,1,SAMEA8793781,TP04-01_Week5_Study1PeaFiber,ERP128019,TP04-01_Week5_Study1PeaFiber,WASHINGTON UNIVERSITY CENTER FOR GENOME SCIENCES,
ERR6544691,AMPLICON,500,70042000,Stool,PRJEB44020,SAMEA8793782,35920634,WASHINGTON UNIVERSITY CENTER FOR GENOME SCIENCES,Week8,public,"sra,fastq,run.zq","s3,ncbi,gs","ncbi.public,s3.us-east-1,gs.us-east1",Pea fiber (3 snacks a day),2022-04-14,2022-04-14,2022-04-14,2022-04-14,ERX6170881,SAMEA8793782,Homo sapiens,WASHINGTON UNIVERSITY CENTER FOR GENOME SCIENCES,2022-04-14T00:23:43Z,2022-04-14T00:23:43Z,public,unspecified,PAIRED,PCR,METAGENOMIC,metagenome,TP04-01,ILLUMINA,2022-04-14T00:00:00Z,2022-05-12T04:09:00Z,1,SAMEA8793782,TP04-01_Week8_Study1PeaFiber,ERP128019,TP04-01_Week8_Study1PeaFiber,WASHINGTON UNIVERSITY CENTER FOR GENOME SCIENCES,
ERR6544692,AMPLICON,500,66319500,Stool,PRJEB44020,SAMEA8793785,34974283,WASHINGTON UNIVERSITY CENTER FOR GENOME SCIENCES,Week2,public,"fastq,sra,run.zq","s3,gs,ncbi","gs.us-east1,s3.us-east-1,ncbi.public",Free diet,2022-04-14,2022-04-14,2022-04-14,2022-04-14,ERX6170882,SAMEA8793785,Homo sapiens,WASHINGTON UNIVERSITY CENTER FOR GENOME SCIENCES,2022-04-14T00:23:43Z,2022-04-14T00:23:43Z,public,unspecified,PAIRED,PCR,METAGENOMIC,metagenome,TP04-02,ILLUMINA,2022-04-14T00:00:00Z,2022-05-12T04:10:00Z,1,SAMEA8793785,TP04-02_Week2_Study1PeaFiber,ERP128019,TP04-02_Week2_Study1PeaFiber,WASHINGTON UNIVERSITY CENTER FOR GENOME SCIENCES,
ERR6544693,AMPLICON,500,80566000,Stool,PRJEB44020,SAMEA8793788,42015916,WASHINGTON UNIVERSITY CENTER FOR GENOME SCIENCES,Week5,public,"run.zq,sra,fastq","ncbi,s3,gs","gs.us-east1,ncbi.public,s3.us-east-1",Pea fiber (3 snacks a day),2022-04-14,2022-04-14,2022-04-14,2022-04-14,ERX6170883,SAMEA8793788,Homo sapiens,WASHINGTON UNIVERSITY CENTER FOR GENOME SCIENCES,2022-04-14T00:23:43Z,2022-04-14T00:23:43Z,public,unspecified,PAIRED,PCR,METAGENOMIC,metagenome,TP04-02,ILLUMINA,2022-04-14T00:00:00Z,2022-05-12T04:10:00Z,1,SAMEA8793788,TP04-02_Week5_Study1PeaFiber,ERP128019,TP04-02_Week5_Study1PeaFiber,WASHINGTON UNIVERSITY CENTER FOR GENOME SCIENCES,
ERR6544694,AMPLICON,500,70435500,Stool,PRJEB44020,SAMEA8793789,36373049,WASHINGTON UNIVERSITY CENTER FOR GENOME SCIENCES,Week8,public,"sra,run.zq,fastq","s3,gs,ncbi","ncbi.public,gs.us-east1,s3.us-east-1",Pea fiber (3 snacks a day),2022-04-14,2022-04-14,2022-04-14,2022-04-14,ERX6170884,SAMEA8793789,Homo sapiens,WASHINGTON UNIVERSITY CENTER FOR GENOME SCIENCES,2022-04-14T00:23:43Z,2022-04-14T00:23:43Z,public,unspecified,PAIRED,PCR,METAGENOMIC,metagenome,TP04-02,ILLUMINA,2022-04-14T00:00:00Z,2022-05-12T04:10:00Z,1,SAMEA8793789,TP04-02_Week8_Study1PeaFiber,ERP128019,TP04-02_Week8_Study1PeaFiber,WASHINGTON UNIVERSITY CENTER FOR GENOME SCIENCES,
ERR6544695,AMPLICON,500,68412000,Stool,PRJEB44020,SAMEA8793792,35185360,WASHINGTON UNIVERSITY CENTER FOR GENOME SCIENCES,Week2,public,"fastq,run.zq,sra","s3,ncbi,gs","ncbi.public,gs.us-east1,s3.us-east-1",Free diet,2022-04-14,2022-04-14,2022-04-14,2022-04-14,ERX6170885,SAMEA8793792,Homo sapiens,WASHINGTON UNIVERSITY CENTER FOR GENOME SCIENCES,2022-04-14T00:23:43Z,2022-04-14T00:23:43Z,public,unspecified,PAIRED,PCR,METAGENOMIC,metagenome,TP05-01,ILLUMINA,2022-04-14T00:00:00Z,2022-05-12T04:10:00Z,1,SAMEA8793792,TP05-01_Week2_Study1PeaFiber,ERP128019,TP05-01_Week2_Study1PeaFiber,WASHINGTON UNIVERSITY CENTER FOR GENOME SCIENCES,
ERR6544696,AMPLICON,500,77553000,Stool,PRJEB44020,SAMEA8793795,39573773,WASHINGTON UNIVERSITY CENTER FOR GENOME SCIENCES,Week5,public,"sra,fastq,run.zq","ncbi,gs,s3","gs.us-east1,ncbi.public,s3.us-east-1",Pea fiber (3 snacks a day),2022-04-14,2022-04-14,2022-04-14,2022-04-14,ERX6170886,SAMEA8793795,Homo sapiens,WASHINGTON UNIVERSITY CENTER FOR GENOME SCIENCES,2022-04-14T00:23:44Z,2022-04-14T00:23:44Z,public,unspecified,PAIRED,PCR,METAGENOMIC,metagenome,TP05-01,ILLUMINA,2022-04-14T00:00:00Z,2022-05-12T04:10:00Z,1,SAMEA8793795,TP05-01_Week5_Study1PeaFiber,ERP128019,TP05-01_Week5_Study1PeaFiber,WASHINGTON UNIVERSITY CENTER FOR GENOME SCIENCES,
ERR6544697,AMPLICON,500,83302500,Stool,PRJEB44020,SAMEA8793796,43646648,WASHINGTON UNIVERSITY CENTER FOR GENOME SCIENCES,Week8,public,"sra,fastq,run.zq","gs,ncbi,s3","gs.us-east1,s3.us-east-1,ncbi.public",Pea fiber (3 snacks a day),2022-04-14,2022-04-14,2022-04-14,2022-04-14,ERX6170887,SAMEA8793796,Homo sapiens,WASHINGTON UNIVERSITY CENTER FOR GENOME SCIENCES,2022-04-14T00:23:44Z,2022-04-14T00:23:44Z,public,unspecified,PAIRED,PCR,METAGENOMIC,metagenome,TP05-01,ILLUMINA,2022-04-14T00:00:00Z,2022-05-12T04:10:00Z,1,SAMEA8793796,TP05-01_Week8_Study1PeaFiber,ERP128019,TP05-01_Week8_Study1PeaFiber,WASHINGTON UNIVERSITY CENTER FOR GENOME SCIENCES,
ERR6544698,AMPLICON,500,78172500,Stool,PRJEB44020,SAMEA8793799,40522016,WASHINGTON UNIVERSITY CENTER FOR GENOME SCIENCES,Week2,public,"fastq,run.zq,sra","gs,ncbi,s3","gs.us-east1,s3.us-east-1,ncbi.public",Free diet,2022-04-14,2022-04-14,2022-04-14,2022-04-14,ERX6170888,SAMEA8793799,Homo sapiens,WASHINGTON UNIVERSITY CENTER FOR GENOME SCIENCES,2022-04-14T00:23:44Z,2022-04-14T00:23:44Z,public,unspecified,PAIRED,PCR,METAGENOMIC,metagenome,TP05-02,ILLUMINA,2022-04-14T00:00:00Z,2022-05-12T04:10:00Z,1,SAMEA8793799,TP05-02_Week2_Study1PeaFiber,ERP128019,TP05-02_Week2_Study1PeaFiber,WASHINGTON UNIVERSITY CENTER FOR GENOME SCIENCES,
ERR6544699,AMPLICON,500,74189000,Stool,PRJEB44020,SAMEA8793802,38916586,WASHINGTON UNIVERSITY CENTER FOR GENOME SCIENCES,Week5,public,"sra,run.zq,fastq","s3,gs,ncbi","s3.us-east-1,gs.us-east1,ncbi.public",Pea fiber (3 snacks a day),2022-04-14,2022-04-14,2022-04-14,2022-04-14,ERX6170889,SAMEA8793802,Homo sapiens,WASHINGTON UNIVERSITY CENTER FOR GENOME SCIENCES,2022-04-14T00:23:44Z,2022-04-14T00:23:44Z,public,unspecified,PAIRED,PCR,METAGENOMIC,metagenome,TP05-02,ILLUMINA,2022-04-14T00:00:00Z,2022-05-12T04:10:00Z,1,SAMEA8793802,TP05-02_Week5_Study1PeaFiber,ERP128019,TP05-02_Week5_Study1PeaFiber,WASHINGTON UNIVERSITY CENTER FOR GENOME SCIENCES,
ERR6544700,AMPLICON,500,68907500,Stool,PRJEB44020,SAMEA8793803,35425502,WASHINGTON UNIVERSITY CENTER FOR GENOME SCIENCES,Week8,public,"run.zq,fastq,sra","gs,ncbi,s3","s3.us-east-1,gs.us-east1,ncbi.public",Pea fiber (3 snacks a day),2022-04-14,2022-04-14,2022-04-14,2022-04-14,ERX6170890,SAMEA8793803,Homo sapiens,WASHINGTON UNIVERSITY CENTER FOR GENOME SCIENCES,2022-04-14T00:23:44Z,2022-04-14T00:23:44Z,public,unspecified,PAIRED,PCR,METAGENOMIC,metagenome,TP05-02,ILLUMINA,2022-04-14T00:00:00Z,2022-05-12T04:09:00Z,1,SAMEA8793803,TP05-02_Week8_Study1PeaFiber,ERP128019,TP05-02_Week8_Study1PeaFiber,WASHINGTON UNIVERSITY CENTER FOR GENOME SCIENCES,
ERR6544701,AMPLICON,500,19137500,Stool,PRJEB44020,SAMEA8793806,9711440,WASHINGTON UNIVERSITY CENTER FOR GENOME SCIENCES,Week2,public,"run.zq,fastq,sra","s3,gs,ncbi","gs.us-east1,s3.us-east-1,ncbi.public",Free diet,2022-04-14,2022-04-14,2022-04-14,2022-04-14,ERX6170891,SAMEA8793806,Homo sapiens,WASHINGTON UNIVERSITY CENTER FOR GENOME SCIENCES,2022-04-14T00:23:44Z,2022-04-14T00:23:44Z,public,unspecified,PAIRED,PCR,METAGENOMIC,metagenome,TP06-01,ILLUMINA,2022-04-14T00:00:00Z,2022-05-12T04:09:00Z,1,SAMEA8793806,TP06-01_Week2_Study1PeaFiber,ERP128019,TP06-01_Week2_Study1PeaFiber,WASHINGTON UNIVERSITY CENTER FOR GENOME SCIENCES,
ERR6544702,AMPLICON,500,20777500,Stool,PRJEB44020,SAMEA8793809,10405993,WASHINGTON UNIVERSITY CENTER FOR GENOME SCIENCES,Week5,public,"fastq,run.zq,sra","ncbi,gs,s3","s3.us-east-1,gs.us-east1,ncbi.public",Pea fiber (3 snacks a day),2022-04-14,2022-04-14,2022-04-14,2022-04-14,ERX6170892,SAMEA8793809,Homo sapiens,WASHINGTON UNIVERSITY CENTER FOR GENOME SCIENCES,2022-04-14T00:23:44Z,2022-04-14T00:23:44Z,public,unspecified,PAIRED,PCR,METAGENOMIC,metagenome,TP06-01,ILLUMINA,2022-04-14T00:00:00Z,2022-05-12T04:09:00Z,1,SAMEA8793809,TP06-01_Week5_Study1PeaFiber,ERP128019,TP06-01_Week5_Study1PeaFiber,WASHINGTON UNIVERSITY CENTER FOR GENOME SCIENCES,
ERR6544703,AMPLICON,500,20533500,Stool,PRJEB44020,SAMEA8793810,10364842,WASHINGTON UNIVERSITY CENTER FOR GENOME SCIENCES,Week8,public,"run.zq,sra,fastq","ncbi,s3,gs","ncbi.public,gs.us-east1,s3.us-east-1",Pea fiber (3 snacks a day),2022-04-14,2022-04-14,2022-04-14,2022-04-14,ERX6170893,SAMEA8793810,Homo sapiens,WASHINGTON UNIVERSITY CENTER FOR GENOME SCIENCES,2022-04-14T00:23:44Z,2022-04-14T00:23:44Z,public,unspecified,PAIRED,PCR,METAGENOMIC,metagenome,TP06-01,ILLUMINA,2022-04-14T00:00:00Z,2022-05-12T04:10:00Z,1,SAMEA8793810,TP06-01_Week8_Study1PeaFiber,ERP128019,TP06-01_Week8_Study1PeaFiber,WASHINGTON UNIVERSITY CENTER FOR GENOME SCIENCES,
ERR6544704,AMPLICON,500,17486000,Stool,PRJEB44020,SAMEA8793813,8823290,WASHINGTON UNIVERSITY CENTER FOR GENOME SCIENCES,Week2,public,"sra,fastq,run.zq","s3,ncbi,gs","ncbi.public,gs.us-east1,s3.us-east-1",Free diet,2022-04-14,2022-04-14,2022-04-14,2022-04-14,ERX6170894,SAMEA8793813,Homo sapiens,WASHINGTON UNIVERSITY CENTER FOR GENOME SCIENCES,2022-04-14T00:23:44Z,2022-04-14T00:23:44Z,public,unspecified,PAIRED,PCR,METAGENOMIC,metagenome,TP06-02,ILLUMINA,2022-04-14T00:00:00Z,2022-05-12T04:09:00Z,1,SAMEA8793813,TP06-02_Week2_Study1PeaFiber,ERP128019,TP06-02_Week2_Study1PeaFiber,WASHINGTON UNIVERSITY CENTER FOR GENOME SCIENCES,
ERR6544705,AMPLICON,500,16647500,Stool,PRJEB44020,SAMEA8793816,8495025,WASHINGTON UNIVERSITY CENTER FOR GENOME SCIENCES,Week5,public,"fastq,sra,run.zq","gs,s3,ncbi","s3.us-east-1,gs.us-east1,ncbi.public",Pea fiber (3 snacks a day),2022-04-14,2022-04-14,2022-04-14,2022-04-14,ERX6170895,SAMEA8793816,Homo sapiens,WASHINGTON UNIVERSITY CENTER FOR GENOME SCIENCES,2022-04-14T00:23:44Z,2022-04-14T00:23:44Z,public,unspecified,PAIRED,PCR,METAGENOMIC,metagenome,TP06-02,ILLUMINA,2022-04-14T00:00:00Z,2022-05-12T04:09:00Z,1,SAMEA8793816,TP06-02_Week5_Study1PeaFiber,ERP128019,TP06-02_Week5_Study1PeaFiber,WASHINGTON UNIVERSITY CENTER FOR GENOME SCIENCES,
ERR6544706,AMPLICON,500,22063000,Stool,PRJEB44020,SAMEA8793817,11154322,WASHINGTON UNIVERSITY CENTER FOR GENOME SCIENCES,Week8,public,"fastq,sra,run.zq","s3,gs,ncbi","s3.us-east-1,gs.us-east1,ncbi.public",Pea fiber (3 snacks a day),2022-04-14,2022-04-14,2022-04-14,2022-04-14,ERX6170896,SAMEA8793817,Homo sapiens,WASHINGTON UNIVERSITY CENTER FOR GENOME SCIENCES,2022-04-14T00:23:44Z,2022-04-14T00:23:44Z,public,unspecified,PAIRED,PCR,METAGENOMIC,metagenome,TP06-02,ILLUMINA,2022-04-14T00:00:00Z,2022-05-12T04:09:00Z,1,SAMEA8793817,TP06-02_Week8_Study1PeaFiber,ERP128019,TP06-02_Week8_Study1PeaFiber,WASHINGTON UNIVERSITY CENTER FOR GENOME SCIENCES,
ERR6544707,AMPLICON,500,17471500,Stool,PRJEB44020,SAMEA8793820,8934805,WASHINGTON UNIVERSITY CENTER FOR GENOME SCIENCES,Week2,public,"sra,fastq,run.zq","s3,ncbi,gs","gs.us-east1,ncbi.public,s3.us-east-1",Free diet,2022-04-14,2022-04-14,2022-04-14,2022-04-14,ERX6170897,SAMEA8793820,Homo sapiens,WASHINGTON UNIVERSITY CENTER FOR GENOME SCIENCES,2022-04-14T00:23:44Z,2022-04-14T00:23:44Z,public,unspecified,PAIRED,PCR,METAGENOMIC,metagenome,TP07-01,ILLUMINA,2022-04-14T00:00:00Z,2022-05-12T04:09:00Z,1,SAMEA8793820,TP07-01_Week2_Study1PeaFiber,ERP128019,TP07-01_Week2_Study1PeaFiber,WASHINGTON UNIVERSITY CENTER FOR GENOME SCIENCES,
ERR6544708,AMPLICON,500,78425500,Stool,PRJEB44020,SAMEA8793823,40456300,WASHINGTON UNIVERSITY CENTER FOR GENOME SCIENCES,Week5,public,"run.zq,fastq,sra","s3,gs,ncbi","ncbi.public,gs.us-east1,s3.us-east-1",Pea fiber (3 snacks a day),2022-04-14,2022-04-14,2022-04-14,2022-04-14,ERX6170898,SAMEA8793823,Homo sapiens,WASHINGTON UNIVERSITY CENTER FOR GENOME SCIENCES,2022-04-14T00:23:44Z,2022-04-14T00:23:44Z,public,unspecified,PAIRED,PCR,METAGENOMIC,metagenome,TP07-01,ILLUMINA,2022-04-14T00:00:00Z,2022-05-12T04:10:00Z,1,SAMEA8793823,TP07-01_Week5_Study1PeaFiber,ERP128019,TP07-01_Week5_Study1PeaFiber,WASHINGTON UNIVERSITY CENTER FOR GENOME SCIENCES,
ERR6544709,AMPLICON,500,74915500,Stool,PRJEB44020,SAMEA8793824,38156198,WASHINGTON UNIVERSITY CENTER FOR GENOME SCIENCES,Week8,public,"fastq,run.zq,sra","gs,ncbi,s3","ncbi.public,s3.us-east-1,gs.us-east1",Pea fiber (3 snacks a day),2022-04-14,2022-04-14,2022-04-14,2022-04-14,ERX6170899,SAMEA8793824,Homo sapiens,WASHINGTON UNIVERSITY CENTER FOR GENOME SCIENCES,2022-04-14T00:23:44Z,2022-04-14T00:23:44Z,public,unspecified,PAIRED,PCR,METAGENOMIC,metagenome,TP07-01,ILLUMINA,2022-04-14T00:00:00Z,2022-05-12T04:10:00Z,1,SAMEA8793824,TP07-01_Week8_Study1PeaFiber,ERP128019,TP07-01_Week8_Study1PeaFiber,WASHINGTON UNIVERSITY CENTER FOR GENOME SCIENCES,
ERR6544710,AMPLICON,500,18918000,Stool,PRJEB44020,SAMEA8793827,9615869,WASHINGTON UNIVERSITY CENTER FOR GENOME SCIENCES,Week2,public,"run.zq,fastq,sra","gs,s3,ncbi","gs.us-east1,s3.us-east-1,ncbi.public",Free diet,2022-04-14,2022-04-14,2022-04-14,2022-04-14,ERX6170900,SAMEA8793827,Homo sapiens,WASHINGTON UNIVERSITY CENTER FOR GENOME SCIENCES,2022-04-14T00:23:44Z,2022-04-14T00:23:44Z,public,unspecified,PAIRED,PCR,METAGENOMIC,metagenome,TP07-02,ILLUMINA,2022-04-14T00:00:00Z,2022-05-12T04:09:00Z,1,SAMEA8793827,TP07-02_Week2_Study1PeaFiber,ERP128019,TP07-02_Week2_Study1PeaFiber,WASHINGTON UNIVERSITY CENTER FOR GENOME SCIENCES,
ERR6544711,AMPLICON,500,76881500,Stool,PRJEB44020,SAMEA8793830,39563106,WASHINGTON UNIVERSITY CENTER FOR GENOME SCIENCES,Week5,public,"fastq,sra,run.zq","s3,ncbi,gs","s3.us-east-1,ncbi.public,gs.us-east1",Pea fiber (3 snacks a day),2022-04-14,2022-04-14,2022-04-14,2022-04-14,ERX6170901,SAMEA8793830,Homo sapiens,WASHINGTON UNIVERSITY CENTER FOR GENOME SCIENCES,2022-04-14T00:23:44Z,2022-04-14T00:23:44Z,public,unspecified,PAIRED,PCR,METAGENOMIC,metagenome,TP07-02,ILLUMINA,2022-04-14T00:00:00Z,2022-05-12T04:10:00Z,1,SAMEA8793830,TP07-02_Week5_Study1PeaFiber,ERP128019,TP07-02_Week5_Study1PeaFiber,WASHINGTON UNIVERSITY CENTER FOR GENOME SCIENCES,
ERR6544712,AMPLICON,500,80327500,Stool,PRJEB44020,SAMEA8793831,42137737,WASHINGTON UNIVERSITY CENTER FOR GENOME SCIENCES,Week8,public,"fastq,run.zq,sra","ncbi,gs,s3","ncbi.public,s3.us-east-1,gs.us-east1",Pea fiber (3 snacks a day),2022-04-14,2022-04-14,2022-04-14,2022-04-14,ERX6170902,SAMEA8793831,Homo sapiens,WASHINGTON UNIVERSITY CENTER FOR GENOME SCIENCES,2022-04-14T00:23:44Z,2022-04-14T00:23:44Z,public,unspecified,PAIRED,PCR,METAGENOMIC,metagenome,TP07-02,ILLUMINA,2022-04-14T00:00:00Z,2022-05-12T04:10:00Z,1,SAMEA8793831,TP07-02_Week8_Study1PeaFiber,ERP128019,TP07-02_Week8_Study1PeaFiber,WASHINGTON UNIVERSITY CENTER FOR GENOME SCIENCES,
ERR6544713,AMPLICON,500,22901500,Stool,PRJEB44020,SAMEA8793834,11722581,WASHINGTON UNIVERSITY CENTER FOR GENOME SCIENCES,Week2,public,"fastq,run.zq,sra","gs,ncbi,s3","s3.us-east-1,ncbi.public,gs.us-east1",Free diet,2022-04-14,2022-04-14,2022-04-14,2022-04-14,ERX6170903,SAMEA8793834,Homo sapiens,WASHINGTON UNIVERSITY CENTER FOR GENOME SCIENCES,2022-04-14T00:23:44Z,2022-04-14T00:23:44Z,public,unspecified,PAIRED,PCR,METAGENOMIC,metagenome,TP08-01,ILLUMINA,2022-04-14T00:00:00Z,2022-05-12T04:10:00Z,1,SAMEA8793834,TP08-01_Week2_Study1PeaFiber,ERP128019,TP08-01_Week2_Study1PeaFiber,WASHINGTON UNIVERSITY CENTER FOR GENOME SCIENCES,
ERR6544714,AMPLICON,500,21348000,Stool,PRJEB44020,SAMEA8793837,10916248,WASHINGTON UNIVERSITY CENTER FOR GENOME SCIENCES,Week5,public,"sra,fastq,run.zq","gs,ncbi,s3","s3.us-east-1,ncbi.public,gs.us-east1",Pea fiber (3 snacks a day),2022-04-14,2022-04-14,2022-04-14,2022-04-14,ERX6170904,SAMEA8793837,Homo sapiens,WASHINGTON UNIVERSITY CENTER FOR GENOME SCIENCES,2022-04-14T00:23:44Z,2022-04-14T00:23:44Z,public,unspecified,PAIRED,PCR,METAGENOMIC,metagenome,TP08-01,ILLUMINA,2022-04-14T00:00:00Z,2022-05-12T04:10:00Z,1,SAMEA8793837,TP08-01_Week5_Study1PeaFiber,ERP128019,TP08-01_Week5_Study1PeaFiber,WASHINGTON UNIVERSITY CENTER FOR GENOME SCIENCES,
ERR6544715,AMPLICON,500,21309500,Stool,PRJEB44020,SAMEA8793838,10736233,WASHINGTON UNIVERSITY CENTER FOR GENOME SCIENCES,Week8,public,"run.zq,fastq,sra","ncbi,s3,gs","ncbi.public,s3.us-east-1,gs.us-east1",Pea fiber (3 snacks a day),2022-04-14,2022-04-14,2022-04-14,2022-04-14,ERX6170905,SAMEA8793838,Homo sapiens,WASHINGTON UNIVERSITY CENTER FOR GENOME SCIENCES,2022-04-14T00:23:44Z,2022-04-14T00:23:44Z,public,unspecified,PAIRED,PCR,METAGENOMIC,metagenome,TP08-01,ILLUMINA,2022-04-14T00:00:00Z,2022-05-12T04:10:00Z,1,SAMEA8793838,TP08-01_Week8_Study1PeaFiber,ERP128019,TP08-01_Week8_Study1PeaFiber,WASHINGTON UNIVERSITY CENTER FOR GENOME SCIENCES,
ERR6544716,AMPLICON,500,18525500,Stool,PRJEB44020,SAMEA8793841,9335402,WASHINGTON UNIVERSITY CENTER FOR GENOME SCIENCES,Week2,public,"fastq,sra,run.zq","ncbi,gs,s3","ncbi.public,s3.us-east-1,gs.us-east1",Free diet,2022-04-14,2022-04-14,2022-04-14,2022-04-14,ERX6170906,SAMEA8793841,Homo sapiens,WASHINGTON UNIVERSITY CENTER FOR GENOME SCIENCES,2022-04-14T00:23:44Z,2022-04-14T00:23:44Z,public,unspecified,PAIRED,PCR,METAGENOMIC,metagenome,TP08-02,ILLUMINA,2022-04-14T00:00:00Z,2022-05-12T04:10:00Z,1,SAMEA8793841,TP08-02_Week2_Study1PeaFiber,ERP128019,TP08-02_Week2_Study1PeaFiber,WASHINGTON UNIVERSITY CENTER FOR GENOME SCIENCES,
ERR6544717,AMPLICON,500,19777500,Stool,PRJEB44020,SAMEA8793844,10037362,WASHINGTON UNIVERSITY CENTER FOR GENOME SCIENCES,Week5,public,"run.zq,fastq,sra","s3,ncbi,gs","ncbi.public,s3.us-east-1,gs.us-east1",Pea fiber (3 snacks a day),2022-04-14,2022-04-14,2022-04-14,2022-04-14,ERX6170907,SAMEA8793844,Homo sapiens,WASHINGTON UNIVERSITY CENTER FOR GENOME SCIENCES,2022-04-14T00:23:44Z,2022-04-14T00:23:44Z,public,unspecified,PAIRED,PCR,METAGENOMIC,metagenome,TP08-02,ILLUMINA,2022-04-14T00:00:00Z,2022-05-12T04:10:00Z,1,SAMEA8793844,TP08-02_Week5_Study1PeaFiber,ERP128019,TP08-02_Week5_Study1PeaFiber,WASHINGTON UNIVERSITY CENTER FOR GENOME SCIENCES,
ERR6544718,AMPLICON,500,19095500,Stool,PRJEB44020,SAMEA8793845,9697821,WASHINGTON UNIVERSITY CENTER FOR GENOME SCIENCES,Week8,public,"sra,fastq,run.zq","gs,ncbi,s3","gs.us-east1,ncbi.public,s3.us-east-1",Pea fiber (3 snacks a day),2022-04-14,2022-04-14,2022-04-14,2022-04-14,ERX6170908,SAMEA8793845,Homo sapiens,WASHINGTON UNIVERSITY CENTER FOR GENOME SCIENCES,2022-04-14T00:23:44Z,2022-04-14T00:23:44Z,public,unspecified,PAIRED,PCR,METAGENOMIC,metagenome,TP08-02,ILLUMINA,2022-04-14T00:00:00Z,2022-05-12T04:10:00Z,1,SAMEA8793845,TP08-02_Week8_Study1PeaFiber,ERP128019,TP08-02_Week8_Study1PeaFiber,WASHINGTON UNIVERSITY CENTER FOR GENOME SCIENCES,
ERR6544719,AMPLICON,500,20865000,Stool,PRJEB44020,SAMEA8793848,10467799,WASHINGTON UNIVERSITY CENTER FOR GENOME SCIENCES,Week2,public,"fastq,sra,run.zq","gs,ncbi,s3","ncbi.public,gs.us-east1,s3.us-east-1",Free diet,2022-04-14,2022-04-14,2022-04-14,2022-04-14,ERX6170909,SAMEA8793848,Homo sapiens,WASHINGTON UNIVERSITY CENTER FOR GENOME SCIENCES,2022-04-14T00:23:44Z,2022-04-14T00:23:44Z,public,unspecified,PAIRED,PCR,METAGENOMIC,metagenome,TP09-01,ILLUMINA,2022-04-14T00:00:00Z,2022-05-12T04:10:00Z,1,SAMEA8793848,TP09-01_Week2_Study1PeaFiber,ERP128019,TP09-01_Week2_Study1PeaFiber,WASHINGTON UNIVERSITY CENTER FOR GENOME SCIENCES,
ERR6544720,AMPLICON,500,20677500,Stool,PRJEB44020,SAMEA8793851,10430711,WASHINGTON UNIVERSITY CENTER FOR GENOME SCIENCES,Week5,public,"sra,fastq,run.zq","gs,s3,ncbi","gs.us-east1,ncbi.public,s3.us-east-1",Pea fiber (3 snacks a day),2022-04-14,2022-04-14,2022-04-14,2022-04-14,ERX6170910,SAMEA8793851,Homo sapiens,WASHINGTON UNIVERSITY CENTER FOR GENOME SCIENCES,2022-04-14T00:23:44Z,2022-04-14T00:23:44Z,public,unspecified,PAIRED,PCR,METAGENOMIC,metagenome,TP09-01,ILLUMINA,2022-04-14T00:00:00Z,2022-05-12T04:10:00Z,1,SAMEA8793851,TP09-01_Week5_Study1PeaFiber,ERP128019,TP09-01_Week5_Study1PeaFiber,WASHINGTON UNIVERSITY CENTER FOR GENOME SCIENCES,
ERR6544721,AMPLICON,500,18717500,Stool,PRJEB44020,SAMEA8793852,9363080,WASHINGTON UNIVERSITY CENTER FOR GENOME SCIENCES,Week8,public,"fastq,run.zq,sra","s3,gs,ncbi","ncbi.public,gs.us-east1,s3.us-east-1",Pea fiber (3 snacks a day),2022-04-14,2022-04-14,2022-04-14,2022-04-14,ERX6170911,SAMEA8793852,Homo sapiens,WASHINGTON UNIVERSITY CENTER FOR GENOME SCIENCES,2022-04-14T00:23:44Z,2022-04-14T00:23:44Z,public,unspecified,PAIRED,PCR,METAGENOMIC,metagenome,TP09-01,ILLUMINA,2022-04-14T00:00:00Z,2022-05-12T04:10:00Z,1,SAMEA8793852,TP09-01_Week8_Study1PeaFiber,ERP128019,TP09-01_Week8_Study1PeaFiber,WASHINGTON UNIVERSITY CENTER FOR GENOME SCIENCES,
ERR6544722,AMPLICON,500,19250000,Stool,PRJEB44020,SAMEA8793855,9731372,WASHINGTON UNIVERSITY CENTER FOR GENOME SCIENCES,Week2,public,"sra,run.zq,fastq","s3,ncbi,gs","s3.us-east-1,gs.us-east1,ncbi.public",Free diet,2022-04-14,2022-04-14,2022-04-14,2022-04-14,ERX6170912,SAMEA8793855,Homo sapiens,WASHINGTON UNIVERSITY CENTER FOR GENOME SCIENCES,2022-04-14T00:23:44Z,2022-04-14T00:23:44Z,public,unspecified,PAIRED,PCR,METAGENOMIC,metagenome,TP09-02,ILLUMINA,2022-04-14T00:00:00Z,2022-05-12T04:10:00Z,1,SAMEA8793855,TP09-02_Week2_Study1PeaFiber,ERP128019,TP09-02_Week2_Study1PeaFiber,WASHINGTON UNIVERSITY CENTER FOR GENOME SCIENCES,
ERR6544723,AMPLICON,500,21774000,Stool,PRJEB44020,SAMEA8793858,10905197,WASHINGTON UNIVERSITY CENTER FOR GENOME SCIENCES,Week5,public,"fastq,run.zq,sra","ncbi,s3,gs","ncbi.public,gs.us-east1,s3.us-east-1",Pea fiber (3 snacks a day),2022-04-14,2022-04-14,2022-04-14,2022-04-14,ERX6170913,SAMEA8793858,Homo sapiens,WASHINGTON UNIVERSITY CENTER FOR GENOME SCIENCES,2022-04-14T00:23:44Z,2022-04-14T00:23:44Z,public,unspecified,PAIRED,PCR,METAGENOMIC,metagenome,TP09-02,ILLUMINA,2022-04-14T00:00:00Z,2022-05-12T04:10:00Z,1,SAMEA8793858,TP09-02_Week5_Study1PeaFiber,ERP128019,TP09-02_Week5_Study1PeaFiber,WASHINGTON UNIVERSITY CENTER FOR GENOME SCIENCES,
ERR6544724,AMPLICON,500,19449000,Stool,PRJEB44020,SAMEA8793859,9732667,WASHINGTON UNIVERSITY CENTER FOR GENOME SCIENCES,Week8,public,"fastq,sra,run.zq","gs,s3,ncbi","gs.us-east1,ncbi.public,s3.us-east-1",Pea fiber (3 snacks a day),2022-04-14,2022-04-14,2022-04-14,2022-04-14,ERX6170914,SAMEA8793859,Homo sapiens,WASHINGTON UNIVERSITY CENTER FOR GENOME SCIENCES,2022-04-14T00:23:44Z,2022-04-14T00:23:44Z,public,unspecified,PAIRED,PCR,METAGENOMIC,metagenome,TP09-02,ILLUMINA,2022-04-14T00:00:00Z,2022-05-12T04:10:00Z,1,SAMEA8793859,TP09-02_Week8_Study1PeaFiber,ERP128019,TP09-02_Week8_Study1PeaFiber,WASHINGTON UNIVERSITY CENTER FOR GENOME SCIENCES,
ERR6544725,AMPLICON,500,13303500,Stool,PRJEB44020,SAMEA8793862,5420552,WASHINGTON UNIVERSITY CENTER FOR GENOME SCIENCES,Week2,public,"sra,run.zq,fastq","ncbi,gs,s3","ncbi.public,s3.us-east-1,gs.us-east1",Free diet,2022-04-14,2022-04-14,2022-04-14,2022-04-14,ERX6170915,SAMEA8793862,Homo sapiens,WASHINGTON UNIVERSITY CENTER FOR GENOME SCIENCES,2022-04-14T00:23:43Z,2022-04-14T00:23:43Z,public,unspecified,PAIRED,PCR,METAGENOMIC,metagenome,TP08-02,ILLUMINA,2022-04-14T00:00:00Z,2022-05-12T04:10:00Z,1,SAMEA8793862,TP08-02_Week2_Study2OrangeFiber,ERP128019,TP08-02_Week2_Study2OrangeFiber,WASHINGTON UNIVERSITY CENTER FOR GENOME SCIENCES,
ERR6544726,AMPLICON,500,8471500,Stool,PRJEB44020,SAMEA8793863,3632876,WASHINGTON UNIVERSITY CENTER FOR GENOME SCIENCES,Week5,public,"run.zq,sra,fastq","ncbi,gs,s3","gs.us-east1,s3.us-east-1,ncbi.public",Orange fiber (3 snacks a day),2022-04-14,2022-04-14,2022-04-14,2022-04-14,ERX6170916,SAMEA8793863,Homo sapiens,WASHINGTON UNIVERSITY CENTER FOR GENOME SCIENCES,2022-04-14T00:23:43Z,2022-04-14T00:23:43Z,public,unspecified,PAIRED,PCR,METAGENOMIC,metagenome,TP08-02,ILLUMINA,2022-04-14T00:00:00Z,2022-05-12T04:10:00Z,1,SAMEA8793863,TP08-02_Week5_Study2OrangeFiber,ERP128019,TP08-02_Week5_Study2OrangeFiber,WASHINGTON UNIVERSITY CENTER FOR GENOME SCIENCES,
ERR6544727,AMPLICON,500,13657500,Stool,PRJEB44020,SAMEA8793864,5592324,WASHINGTON UNIVERSITY CENTER FOR GENOME SCIENCES,Week8,public,"fastq,run.zq,sra","ncbi,gs,s3","s3.us-east-1,ncbi.public,gs.us-east1",Orange fiber (3 snacks a day),2022-04-14,2022-04-14,2022-04-14,2022-04-14,ERX6170917,SAMEA8793864,Homo sapiens,WASHINGTON UNIVERSITY CENTER FOR GENOME SCIENCES,2022-04-14T00:23:43Z,2022-04-14T00:23:43Z,public,unspecified,PAIRED,PCR,METAGENOMIC,metagenome,TP08-02,ILLUMINA,2022-04-14T00:00:00Z,2022-05-12T04:10:00Z,1,SAMEA8793864,TP08-02_Week8_Study2OrangeFiber,ERP128019,TP08-02_Week8_Study2OrangeFiber,WASHINGTON UNIVERSITY CENTER FOR GENOME SCIENCES,
ERR6544728,AMPLICON,500,11617500,Stool,PRJEB44020,SAMEA8793866,4755775,WASHINGTON UNIVERSITY CENTER FOR GENOME SCIENCES,Week2,public,"sra,run.zq,fastq","gs,ncbi,s3","gs.us-east1,s3.us-east-1,ncbi.public",Free diet,2022-04-14,2022-04-14,2022-04-14,2022-04-14,ERX6170918,SAMEA8793866,Homo sapiens,WASHINGTON UNIVERSITY CENTER FOR GENOME SCIENCES,2022-04-14T00:23:43Z,2022-04-14T00:23:43Z,public,unspecified,PAIRED,PCR,METAGENOMIC,metagenome,TP01-01,ILLUMINA,2022-04-14T00:00:00Z,2022-05-12T04:10:00Z,1,SAMEA8793866,TP01-01_Week2_Study2OrangeFiber,ERP128019,TP01-01_Week2_Study2OrangeFiber,WASHINGTON UNIVERSITY CENTER FOR GENOME SCIENCES,
ERR6544729,AMPLICON,500,13862000,Stool,PRJEB44020,SAMEA8793867,5689068,WASHINGTON UNIVERSITY CENTER FOR GENOME SCIENCES,Week5,public,"run.zq,sra,fastq","gs,s3,ncbi","gs.us-east1,s3.us-east-1,ncbi.public",Orange fiber (3 snacks a day),2022-04-14,2022-04-14,2022-04-14,2022-04-14,ERX6170919,SAMEA8793867,Homo sapiens,WASHINGTON UNIVERSITY CENTER FOR GENOME SCIENCES,2022-04-14T00:23:43Z,2022-04-14T00:23:43Z,public,unspecified,PAIRED,PCR,METAGENOMIC,metagenome,TP01-01,ILLUMINA,2022-04-14T00:00:00Z,2022-05-12T04:10:00Z,1,SAMEA8793867,TP01-01_Week5_Study2OrangeFiber,ERP128019,TP01-01_Week5_Study2OrangeFiber,WASHINGTON UNIVERSITY CENTER FOR GENOME SCIENCES,
ERR6544730,AMPLICON,500,13109000,Stool,PRJEB44020,SAMEA8793868,5372587,WASHINGTON UNIVERSITY CENTER FOR GENOME SCIENCES,Week8,public,"sra,run.zq,fastq","s3,ncbi,gs","s3.us-east-1,gs.us-east1,ncbi.public",Orange fiber (3 snacks a day),2022-04-14,2022-04-14,2022-04-14,2022-04-14,ERX6170920,SAMEA8793868,Homo sapiens,WASHINGTON UNIVERSITY CENTER FOR GENOME SCIENCES,2022-04-14T00:23:43Z,2022-04-14T00:23:43Z,public,unspecified,PAIRED,PCR,METAGENOMIC,metagenome,TP01-01,ILLUMINA,2022-04-14T00:00:00Z,2022-05-12T04:10:00Z,1,SAMEA8793868,TP01-01_Week8_Study2OrangeFiber,ERP128019,TP01-01_Week8_Study2OrangeFiber,WASHINGTON UNIVERSITY CENTER FOR GENOME SCIENCES,
ERR6544731,AMPLICON,500,12870000,Stool,PRJEB44020,SAMEA8793870,5263080,WASHINGTON UNIVERSITY CENTER FOR GENOME SCIENCES,Week2,public,"run.zq,fastq,sra","ncbi,gs,s3","ncbi.public,s3.us-east-1,gs.us-east1",Free diet,2022-04-14,2022-04-14,2022-04-14,2022-04-14,ERX6170921,SAMEA8793870,Homo sapiens,WASHINGTON UNIVERSITY CENTER FOR GENOME SCIENCES,2022-04-14T00:23:43Z,2022-04-14T00:23:43Z,public,unspecified,PAIRED,PCR,METAGENOMIC,metagenome,TP01-02,ILLUMINA,2022-04-14T00:00:00Z,2022-05-12T04:10:00Z,1,SAMEA8793870,TP01-02_Week2_Study2OrangeFiber,ERP128019,TP01-02_Week2_Study2OrangeFiber,WASHINGTON UNIVERSITY CENTER FOR GENOME SCIENCES,
ERR6544732,AMPLICON,500,8720500,Stool,PRJEB44020,SAMEA8793871,3586438,WASHINGTON UNIVERSITY CENTER FOR GENOME SCIENCES,Week5,public,"run.zq,sra,fastq","s3,gs,ncbi","s3.us-east-1,ncbi.public,gs.us-east1",Orange fiber (3 snacks a day),2022-04-14,2022-04-14,2022-04-14,2022-04-14,ERX6170922,SAMEA8793871,Homo sapiens,WASHINGTON UNIVERSITY CENTER FOR GENOME SCIENCES,2022-04-14T00:23:43Z,2022-04-14T00:23:43Z,public,unspecified,PAIRED,PCR,METAGENOMIC,metagenome,TP01-02,ILLUMINA,2022-04-14T00:00:00Z,2022-05-12T04:10:00Z,1,SAMEA8793871,TP01-02_Week5_Study2OrangeFiber,ERP128019,TP01-02_Week5_Study2OrangeFiber,WASHINGTON UNIVERSITY CENTER FOR GENOME SCIENCES,
ERR6544753,AMPLICON,500,13001500,Stool,PRJEB44020,SAMEA8793872,5384607,WASHINGTON UNIVERSITY CENTER FOR GENOME SCIENCES,Week8,public,"fastq,run.zq,sra","ncbi,gs,s3","s3.us-east-1,gs.us-east1,ncbi.public",Orange fiber (3 snacks a day),2022-04-14,2022-04-14,2022-04-14,2022-04-14,ERX6170943,SAMEA8793872,Homo sapiens,WASHINGTON UNIVERSITY CENTER FOR GENOME SCIENCES,2022-04-14T00:23:43Z,2022-04-14T00:23:43Z,public,unspecified,PAIRED,PCR,METAGENOMIC,metagenome,TP01-02,ILLUMINA,2022-04-14T00:00:00Z,2022-05-12T04:10:00Z,1,SAMEA8793872,TP01-02_Week8_Study2OrangeFiber,ERP128019,TP01-02_Week8_Study2OrangeFiber,WASHINGTON UNIVERSITY CENTER FOR GENOME SCIENCES,
ERR6544754,AMPLICON,500,13540000,Stool,PRJEB44020,SAMEA8793874,5546295,WASHINGTON UNIVERSITY CENTER FOR GENOME SCIENCES,Week2,public,"run.zq,sra,fastq","s3,ncbi,gs","gs.us-east1,ncbi.public,s3.us-east-1",Free diet,2022-04-14,2022-04-14,2022-04-14,2022-04-14,ERX6170944,SAMEA8793874,Homo sapiens,WASHINGTON UNIVERSITY CENTER FOR GENOME SCIENCES,2022-04-14T00:23:43Z,2022-04-14T00:23:43Z,public,unspecified,PAIRED,PCR,METAGENOMIC,metagenome,TP09-01,ILLUMINA,2022-04-14T00:00:00Z,2022-05-12T04:10:00Z,1,SAMEA8793874,TP09-01_Week2_Study2OrangeFiber,ERP128019,TP09-01_Week2_Study2OrangeFiber,WASHINGTON UNIVERSITY CENTER FOR GENOME SCIENCES,
ERR6544755,AMPLICON,500,12663000,Stool,PRJEB44020,SAMEA8793875,5276426,WASHINGTON UNIVERSITY CENTER FOR GENOME SCIENCES,Week5,public,"run.zq,fastq,sra","s3,gs,ncbi","gs.us-east1,s3.us-east-1,ncbi.public",Orange fiber (3 snacks a day),2022-04-14,2022-04-14,2022-04-14,2022-04-14,ERX6170945,SAMEA8793875,Homo sapiens,WASHINGTON UNIVERSITY CENTER FOR GENOME SCIENCES,2022-04-14T00:23:43Z,2022-04-14T00:23:43Z,public,unspecified,PAIRED,PCR,METAGENOMIC,metagenome,TP09-01,ILLUMINA,2022-04-14T00:00:00Z,2022-05-12T04:10:00Z,1,SAMEA8793875,TP09-01_Week5_Study2OrangeFiber,ERP128019,TP09-01_Week5_Study2OrangeFiber,WASHINGTON UNIVERSITY CENTER FOR GENOME SCIENCES,
ERR6544756,AMPLICON,500,12562000,Stool,PRJEB44020,SAMEA8793876,5193364,WASHINGTON UNIVERSITY CENTER FOR GENOME SCIENCES,Week8,public,"sra,run.zq,fastq","gs,ncbi,s3","s3.us-east-1,gs.us-east1,ncbi.public",Orange fiber (3 snacks a day),2022-04-14,2022-04-14,2022-04-14,2022-04-14,ERX6170946,SAMEA8793876,Homo sapiens,WASHINGTON UNIVERSITY CENTER FOR GENOME SCIENCES,2022-04-14T00:23:43Z,2022-04-14T00:23:43Z,public,unspecified,PAIRED,PCR,METAGENOMIC,metagenome,TP09-01,ILLUMINA,2022-04-14T00:00:00Z,2022-05-12T04:10:00Z,1,SAMEA8793876,TP09-01_Week8_Study2OrangeFiber,ERP128019,TP09-01_Week8_Study2OrangeFiber,WASHINGTON UNIVERSITY CENTER FOR GENOME SCIENCES,
ERR6544757,AMPLICON,500,12384500,Stool,PRJEB44020,SAMEA8793878,5133379,WASHINGTON UNIVERSITY CENTER FOR GENOME SCIENCES,Week2,public,"fastq,run.zq,sra","s3,gs,ncbi","gs.us-east1,s3.us-east-1,ncbi.public",Free diet,2022-04-14,2022-04-14,2022-04-14,2022-04-14,ERX6170947,SAMEA8793878,Homo sapiens,WASHINGTON UNIVERSITY CENTER FOR GENOME SCIENCES,2022-04-14T00:23:43Z,2022-04-14T00:23:43Z,public,unspecified,PAIRED,PCR,METAGENOMIC,metagenome,TP09-02,ILLUMINA,2022-04-14T00:00:00Z,2022-05-12T04:10:00Z,1,SAMEA8793878,TP09-02_Week2_Study2OrangeFiber,ERP128019,TP09-02_Week2_Study2OrangeFiber,WASHINGTON UNIVERSITY CENTER FOR GENOME SCIENCES,
ERR6544758,AMPLICON,500,11648500,Stool,PRJEB44020,SAMEA8793879,4811472,WASHINGTON UNIVERSITY CENTER FOR GENOME SCIENCES,Week5,public,"run.zq,sra,fastq","gs,s3,ncbi","s3.us-east-1,gs.us-east1,ncbi.public",Orange fiber (3 snacks a day),2022-04-14,2022-04-14,2022-04-14,2022-04-14,ERX6170948,SAMEA8793879,Homo sapiens,WASHINGTON UNIVERSITY CENTER FOR GENOME SCIENCES,2022-04-14T00:23:43Z,2022-04-14T00:23:43Z,public,unspecified,PAIRED,PCR,METAGENOMIC,metagenome,TP09-02,ILLUMINA,2022-04-14T00:00:00Z,2022-05-12T04:10:00Z,1,SAMEA8793879,TP09-02_Week5_Study2OrangeFiber,ERP128019,TP09-02_Week5_Study2OrangeFiber,WASHINGTON UNIVERSITY CENTER FOR GENOME SCIENCES,
ERR6544759,AMPLICON,500,13385500,Stool,PRJEB44020,SAMEA8793880,5567404,WASHINGTON UNIVERSITY CENTER FOR GENOME SCIENCES,Week8,public,"sra,run.zq,fastq","gs,s3,ncbi","ncbi.public,s3.us-east-1,gs.us-east1",Orange fiber (3 snacks a day),2022-04-14,2022-04-14,2022-04-14,2022-04-14,ERX6170949,SAMEA8793880,Homo sapiens,WASHINGTON UNIVERSITY CENTER FOR GENOME SCIENCES,2022-04-14T00:23:43Z,2022-04-14T00:23:43Z,public,unspecified,PAIRED,PCR,METAGENOMIC,metagenome,TP09-02,ILLUMINA,2022-04-14T00:00:00Z,2022-05-12T04:10:00Z,1,SAMEA8793880,TP09-02_Week8_Study2OrangeFiber,ERP128019,TP09-02_Week8_Study2OrangeFiber,WASHINGTON UNIVERSITY CENTER FOR GENOME SCIENCES,
ERR6544760,AMPLICON,500,12167500,Stool,PRJEB44020,SAMEA8793882,4972032,WASHINGTON UNIVERSITY CENTER FOR GENOME SCIENCES,Week2,public,"run.zq,fastq,sra","ncbi,gs,s3","ncbi.public,gs.us-east1,s3.us-east-1",Free diet,2022-04-14,2022-04-14,2022-04-14,2022-04-14,ERX6170950,SAMEA8793882,Homo sapiens,WASHINGTON UNIVERSITY CENTER FOR GENOME SCIENCES,2022-04-14T00:23:43Z,2022-04-14T00:23:43Z,public,unspecified,PAIRED,PCR,METAGENOMIC,metagenome,TP02-01,ILLUMINA,2022-04-14T00:00:00Z,2022-05-12T04:10:00Z,1,SAMEA8793882,TP02-01_Week2_Study2OrangeFiber,ERP128019,TP02-01_Week2_Study2OrangeFiber,WASHINGTON UNIVERSITY CENTER FOR GENOME SCIENCES,
ERR6544761,AMPLICON,500,13915500,Stool,PRJEB44020,SAMEA8793883,5796646,WASHINGTON UNIVERSITY CENTER FOR GENOME SCIENCES,Week5,public,"sra,fastq,run.zq","s3,ncbi,gs","gs.us-east1,ncbi.public,s3.us-east-1",Orange fiber (3 snacks a day),2022-04-14,2022-04-14,2022-04-14,2022-04-14,ERX6170951,SAMEA8793883,Homo sapiens,WASHINGTON UNIVERSITY CENTER FOR GENOME SCIENCES,2022-04-14T00:23:43Z,2022-04-14T00:23:43Z,public,unspecified,PAIRED,PCR,METAGENOMIC,metagenome,TP02-01,ILLUMINA,2022-04-14T00:00:00Z,2022-05-12T04:10:00Z,1,SAMEA8793883,TP02-01_Week5_Study2OrangeFiber,ERP128019,TP02-01_Week5_Study2OrangeFiber,WASHINGTON UNIVERSITY CENTER FOR GENOME SCIENCES,
ERR6544762,AMPLICON,500,14213500,Stool,PRJEB44020,SAMEA8793884,5846243,WASHINGTON UNIVERSITY CENTER FOR GENOME SCIENCES,Week8,public,"run.zq,sra,fastq","ncbi,gs,s3","ncbi.public,s3.us-east-1,gs.us-east1",Orange fiber (3 snacks a day),2022-04-14,2022-04-14,2022-04-14,2022-04-14,ERX6170952,SAMEA8793884,Homo sapiens,WASHINGTON UNIVERSITY CENTER FOR GENOME SCIENCES,2022-04-14T00:23:43Z,2022-04-14T00:23:43Z,public,unspecified,PAIRED,PCR,METAGENOMIC,metagenome,TP02-01,ILLUMINA,2022-04-14T00:00:00Z,2022-05-12T04:10:00Z,1,SAMEA8793884,TP02-01_Week8_Study2OrangeFiber,ERP128019,TP02-01_Week8_Study2OrangeFiber,WASHINGTON UNIVERSITY CENTER FOR GENOME SCIENCES,
ERR6544763,AMPLICON,500,14256000,Stool,PRJEB44020,SAMEA8793886,5968868,WASHINGTON UNIVERSITY CENTER FOR GENOME SCIENCES,Week2,public,"fastq,sra,run.zq","gs,ncbi,s3","gs.us-east1,ncbi.public,s3.us-east-1",Free diet,2022-04-14,2022-04-14,2022-04-14,2022-04-14,ERX6170953,SAMEA8793886,Homo sapiens,WASHINGTON UNIVERSITY CENTER FOR GENOME SCIENCES,2022-04-14T00:23:43Z,2022-04-14T00:23:43Z,public,unspecified,PAIRED,PCR,METAGENOMIC,metagenome,TP02-02,ILLUMINA,2022-04-14T00:00:00Z,2022-05-12T04:10:00Z,1,SAMEA8793886,TP02-02_Week2_Study2OrangeFiber,ERP128019,TP02-02_Week2_Study2OrangeFiber,WASHINGTON UNIVERSITY CENTER FOR GENOME SCIENCES,
ERR6544764,AMPLICON,500,13204000,Stool,PRJEB44020,SAMEA8793887,5359262,WASHINGTON UNIVERSITY CENTER FOR GENOME SCIENCES,Week5,public,"run.zq,fastq,sra","s3,gs,ncbi","s3.us-east-1,gs.us-east1,ncbi.public",Orange fiber (3 snacks a day),2022-04-14,2022-04-14,2022-04-14,2022-04-14,ERX6170954,SAMEA8793887,Homo sapiens,WASHINGTON UNIVERSITY CENTER FOR GENOME SCIENCES,2022-04-14T00:23:43Z,2022-04-14T00:23:43Z,public,unspecified,PAIRED,PCR,METAGENOMIC,metagenome,TP02-02,ILLUMINA,2022-04-14T00:00:00Z,2022-05-12T04:10:00Z,1,SAMEA8793887,TP02-02_Week5_Study2OrangeFiber,ERP128019,TP02-02_Week5_Study2OrangeFiber,WASHINGTON UNIVERSITY CENTER FOR GENOME SCIENCES,
ERR6544765,AMPLICON,500,11998500,Stool,PRJEB44020,SAMEA8793888,4945149,WASHINGTON UNIVERSITY CENTER FOR GENOME SCIENCES,Week8,public,"fastq,sra,run.zq","s3,ncbi,gs","s3.us-east-1,gs.us-east1,ncbi.public",Orange fiber (3 snacks a day),2022-04-14,2022-04-14,2022-04-14,2022-04-14,ERX6170955,SAMEA8793888,Homo sapiens,WASHINGTON UNIVERSITY CENTER FOR GENOME SCIENCES,2022-04-14T00:23:43Z,2022-04-14T00:23:43Z,public,unspecified,PAIRED,PCR,METAGENOMIC,metagenome,TP02-02,ILLUMINA,2022-04-14T00:00:00Z,2022-05-12T04:10:00Z,1,SAMEA8793888,TP02-02_Week8_Study2OrangeFiber,ERP128019,TP02-02_Week8_Study2OrangeFiber,WASHINGTON UNIVERSITY CENTER FOR GENOME SCIENCES,
ERR6544766,AMPLICON,500,12733000,Stool,PRJEB44020,SAMEA8793890,5196557,WASHINGTON UNIVERSITY CENTER FOR GENOME SCIENCES,Week2,public,"run.zq,sra,fastq","gs,s3,ncbi","s3.us-east-1,gs.us-east1,ncbi.public",Free diet,2022-04-14,2022-04-14,2022-04-14,2022-04-14,ERX6170956,SAMEA8793890,Homo sapiens,WASHINGTON UNIVERSITY CENTER FOR GENOME SCIENCES,2022-04-14T00:23:43Z,2022-04-14T00:23:43Z,public,unspecified,PAIRED,PCR,METAGENOMIC,metagenome,TP07-01,ILLUMINA,2022-04-14T00:00:00Z,2022-05-12T04:10:00Z,1,SAMEA8793890,TP07-01_Week2_Study2OrangeFiber,ERP128019,TP07-01_Week2_Study2OrangeFiber,WASHINGTON UNIVERSITY CENTER FOR GENOME SCIENCES,
ERR6544767,AMPLICON,500,13455500,Stool,PRJEB44020,SAMEA8793891,5501786,WASHINGTON UNIVERSITY CENTER FOR GENOME SCIENCES,Week5,public,"fastq,run.zq,sra","gs,s3,ncbi","gs.us-east1,ncbi.public,s3.us-east-1",Orange fiber (3 snacks a day),2022-04-14,2022-04-14,2022-04-14,2022-04-14,ERX6170957,SAMEA8793891,Homo sapiens,WASHINGTON UNIVERSITY CENTER FOR GENOME SCIENCES,2022-04-14T00:23:43Z,2022-04-14T00:23:43Z,public,unspecified,PAIRED,PCR,METAGENOMIC,metagenome,TP07-01,ILLUMINA,2022-04-14T00:00:00Z,2022-05-12T04:10:00Z,1,SAMEA8793891,TP07-01_Week5_Study2OrangeFiber,ERP128019,TP07-01_Week5_Study2OrangeFiber,WASHINGTON UNIVERSITY CENTER FOR GENOME SCIENCES,
ERR6544768,AMPLICON,500,13861000,Stool,PRJEB44020,SAMEA8793892,5679430,WASHINGTON UNIVERSITY CENTER FOR GENOME SCIENCES,Week8,public,"fastq,run.zq,sra","gs,s3,ncbi","s3.us-east-1,ncbi.public,gs.us-east1",Orange fiber (3 snacks a day),2022-04-14,2022-04-14,2022-04-14,2022-04-14,ERX6170958,SAMEA8793892,Homo sapiens,WASHINGTON UNIVERSITY CENTER FOR GENOME SCIENCES,2022-04-14T00:23:43Z,2022-04-14T00:23:43Z,public,unspecified,PAIRED,PCR,METAGENOMIC,metagenome,TP07-01,ILLUMINA,2022-04-14T00:00:00Z,2022-05-12T04:10:00Z,1,SAMEA8793892,TP07-01_Week8_Study2OrangeFiber,ERP128019,TP07-01_Week8_Study2OrangeFiber,WASHINGTON UNIVERSITY CENTER FOR GENOME SCIENCES,
ERR6544769,AMPLICON,500,11719000,Stool,PRJEB44020,SAMEA8793894,4861773,WASHINGTON UNIVERSITY CENTER FOR GENOME SCIENCES,Week2,public,"fastq,run.zq,sra","gs,ncbi,s3","s3.us-east-1,ncbi.public,gs.us-east1",Free diet,2022-04-14,2022-04-14,2022-04-14,2022-04-14,ERX6170959,SAMEA8793894,Homo sapiens,WASHINGTON UNIVERSITY CENTER FOR GENOME SCIENCES,2022-04-14T00:23:43Z,2022-04-14T00:23:43Z,public,unspecified,PAIRED,PCR,METAGENOMIC,metagenome,TP07-02,ILLUMINA,2022-04-14T00:00:00Z,2022-05-12T04:10:00Z,1,SAMEA8793894,TP07-02_Week2_Study2OrangeFiber,ERP128019,TP07-02_Week2_Study2OrangeFiber,WASHINGTON UNIVERSITY CENTER FOR GENOME SCIENCES,
ERR6544848,AMPLICON,500,11488000,Stool,PRJEB44020,SAMEA8793895,4689274,WASHINGTON UNIVERSITY CENTER FOR GENOME SCIENCES,Week5,public,"fastq,sra,run.zq","ncbi,gs,s3","s3.us-east-1,gs.us-east1,ncbi.public",Orange fiber (3 snacks a day),2022-04-14,2022-04-14,2022-04-14,2022-04-14,ERX6171038,SAMEA8793895,Homo sapiens,WASHINGTON UNIVERSITY CENTER FOR GENOME SCIENCES,2022-04-14T00:23:43Z,2022-04-14T00:23:43Z,public,unspecified,PAIRED,PCR,METAGENOMIC,metagenome,TP07-02,ILLUMINA,2022-04-14T00:00:00Z,2022-05-12T04:10:00Z,1,SAMEA8793895,TP07-02_Week5_Study2OrangeFiber,ERP128019,TP07-02_Week5_Study2OrangeFiber,WASHINGTON UNIVERSITY CENTER FOR GENOME SCIENCES,
ERR6544849,AMPLICON,500,12580500,Stool,PRJEB44020,SAMEA8793896,5236589,WASHINGTON UNIVERSITY CENTER FOR GENOME SCIENCES,Week8,public,"fastq,run.zq,sra","ncbi,gs,s3","ncbi.public,gs.us-east1,s3.us-east-1",Orange fiber (3 snacks a day),2022-04-14,2022-04-14,2022-04-14,2022-04-14,ERX6171039,SAMEA8793896,Homo sapiens,WASHINGTON UNIVERSITY CENTER FOR GENOME SCIENCES,2022-04-14T00:23:43Z,2022-04-14T00:23:43Z,public,unspecified,PAIRED,PCR,METAGENOMIC,metagenome,TP07-02,ILLUMINA,2022-04-14T00:00:00Z,2022-05-12T04:10:00Z,1,SAMEA8793896,TP07-02_Week8_Study2OrangeFiber,ERP128019,TP07-02_Week8_Study2OrangeFiber,WASHINGTON UNIVERSITY CENTER FOR GENOME SCIENCES,
ERR6544850,AMPLICON,500,11917500,Stool,PRJEB44020,SAMEA8793898,4913055,WASHINGTON UNIVERSITY CENTER FOR GENOME SCIENCES,Week2,public,"run.zq,fastq,sra","ncbi,s3,gs","gs.us-east1,ncbi.public,s3.us-east-1",Free diet,2022-04-14,2022-04-14,2022-04-14,2022-04-14,ERX6171040,SAMEA8793898,Homo sapiens,WASHINGTON UNIVERSITY CENTER FOR GENOME SCIENCES,2022-04-14T00:23:43Z,2022-04-14T00:23:43Z,public,unspecified,PAIRED,PCR,METAGENOMIC,metagenome,TP12-01,ILLUMINA,2022-04-14T00:00:00Z,2022-05-12T04:10:00Z,1,SAMEA8793898,TP12-01_Week2_Study2OrangeFiber,ERP128019,TP12-01_Week2_Study2OrangeFiber,WASHINGTON UNIVERSITY CENTER FOR GENOME SCIENCES,
ERR6544851,AMPLICON,500,13398500,Stool,PRJEB44020,SAMEA8793899,5502476,WASHINGTON UNIVERSITY CENTER FOR GENOME SCIENCES,Week5,public,"fastq,sra,run.zq","gs,s3,ncbi","s3.us-east-1,ncbi.public,gs.us-east1",Orange fiber (3 snacks a day),2022-04-14,2022-04-14,2022-04-14,2022-04-14,ERX6171041,SAMEA8793899,Homo sapiens,WASHINGTON UNIVERSITY CENTER FOR GENOME SCIENCES,2022-04-14T00:23:43Z,2022-04-14T00:23:43Z,public,unspecified,PAIRED,PCR,METAGENOMIC,metagenome,TP12-01,ILLUMINA,2022-04-14T00:00:00Z,2022-05-12T04:10:00Z,1,SAMEA8793899,TP12-01_Week5_Study2OrangeFiber,ERP128019,TP12-01_Week5_Study2OrangeFiber,WASHINGTON UNIVERSITY CENTER FOR GENOME SCIENCES,
ERR6544852,AMPLICON,500,11577000,Stool,PRJEB44020,SAMEA8793900,4792072,WASHINGTON UNIVERSITY CENTER FOR GENOME SCIENCES,Week8,public,"run.zq,fastq,sra","ncbi,gs,s3","gs.us-east1,ncbi.public,s3.us-east-1",Orange fiber (3 snacks a day),2022-04-14,2022-04-14,2022-04-14,2022-04-14,ERX6171042,SAMEA8793900,Homo sapiens,WASHINGTON UNIVERSITY CENTER FOR GENOME SCIENCES,2022-04-14T00:23:43Z,2022-04-14T00:23:43Z,public,unspecified,PAIRED,PCR,METAGENOMIC,metagenome,TP12-01,ILLUMINA,2022-04-14T00:00:00Z,2022-05-12T04:10:00Z,1,SAMEA8793900,TP12-01_Week8_Study2OrangeFiber,ERP128019,TP12-01_Week8_Study2OrangeFiber,WASHINGTON UNIVERSITY CENTER FOR GENOME SCIENCES,
ERR6544853,AMPLICON,500,13519500,Stool,PRJEB44020,SAMEA8793902,5560840,WASHINGTON UNIVERSITY CENTER FOR GENOME SCIENCES,Week2,public,"run.zq,sra,fastq","s3,ncbi,gs","gs.us-east1,s3.us-east-1,ncbi.public",Free diet,2022-04-14,2022-04-14,2022-04-14,2022-04-14,ERX6171043,SAMEA8793902,Homo sapiens,WASHINGTON UNIVERSITY CENTER FOR GENOME SCIENCES,2022-04-14T00:23:43Z,2022-04-14T00:23:43Z,public,unspecified,PAIRED,PCR,METAGENOMIC,metagenome,TP12-02,ILLUMINA,2022-04-14T00:00:00Z,2022-05-12T04:10:00Z,1,SAMEA8793902,TP12-02_Week2_Study2OrangeFiber,ERP128019,TP12-02_Week2_Study2OrangeFiber,WASHINGTON UNIVERSITY CENTER FOR GENOME SCIENCES,
ERR6544854,AMPLICON,500,13632000,Stool,PRJEB44020,SAMEA8793903,5625387,WASHINGTON UNIVERSITY CENTER FOR GENOME SCIENCES,Week5,public,"sra,fastq,run.zq","gs,s3,ncbi","ncbi.public,gs.us-east1,s3.us-east-1",Orange fiber (3 snacks a day),2022-04-14,2022-04-14,2022-04-14,2022-04-14,ERX6171044,SAMEA8793903,Homo sapiens,WASHINGTON UNIVERSITY CENTER FOR GENOME SCIENCES,2022-04-14T00:23:43Z,2022-04-14T00:23:43Z,public,unspecified,PAIRED,PCR,METAGENOMIC,metagenome,TP12-02,ILLUMINA,2022-04-14T00:00:00Z,2022-05-12T04:10:00Z,1,SAMEA8793903,TP12-02_Week5_Study2OrangeFiber,ERP128019,TP12-02_Week5_Study2OrangeFiber,WASHINGTON UNIVERSITY CENTER FOR GENOME SCIENCES,
ERR6544855,AMPLICON,500,13191500,Stool,PRJEB44020,SAMEA8793904,5455826,WASHINGTON UNIVERSITY CENTER FOR GENOME SCIENCES,Week8,public,"sra,fastq,run.zq","gs,ncbi,s3","s3.us-east-1,gs.us-east1,ncbi.public",Orange fiber (3 snacks a day),2022-04-14,2022-04-14,2022-04-14,2022-04-14,ERX6171045,SAMEA8793904,Homo sapiens,WASHINGTON UNIVERSITY CENTER FOR GENOME SCIENCES,2022-04-14T00:23:43Z,2022-04-14T00:23:43Z,public,unspecified,PAIRED,PCR,METAGENOMIC,metagenome,TP12-02,ILLUMINA,2022-04-14T00:00:00Z,2022-05-12T04:10:00Z,1,SAMEA8793904,TP12-02_Week8_Study2OrangeFiber,ERP128019,TP12-02_Week8_Study2OrangeFiber,WASHINGTON UNIVERSITY CENTER FOR GENOME SCIENCES,
ERR6544856,AMPLICON,500,13310000,Stool,PRJEB44020,SAMEA8793906,5542386,WASHINGTON UNIVERSITY CENTER FOR GENOME SCIENCES,Week2,public,"run.zq,fastq,sra","s3,ncbi,gs","gs.us-east1,ncbi.public,s3.us-east-1",Free diet,2022-04-14,2022-04-14,2022-04-14,2022-04-14,ERX6171046,SAMEA8793906,Homo sapiens,WASHINGTON UNIVERSITY CENTER FOR GENOME SCIENCES,2022-04-14T00:23:43Z,2022-04-14T00:23:43Z,public,unspecified,PAIRED,PCR,METAGENOMIC,metagenome,TP06-01,ILLUMINA,2022-04-14T00:00:00Z,2022-05-12T04:10:00Z,1,SAMEA8793906,TP06-01_Week2_Study2OrangeFiber,ERP128019,TP06-01_Week2_Study2OrangeFiber,WASHINGTON UNIVERSITY CENTER FOR GENOME SCIENCES,
ERR6544857,AMPLICON,500,14295500,Stool,PRJEB44020,SAMEA8793907,5931769,WASHINGTON UNIVERSITY CENTER FOR GENOME SCIENCES,Week5,public,"sra,run.zq,fastq","s3,ncbi,gs","s3.us-east-1,ncbi.public,gs.us-east1",Orange fiber (3 snacks a day),2022-04-14,2022-04-14,2022-04-14,2022-04-14,ERX6171047,SAMEA8793907,Homo sapiens,WASHINGTON UNIVERSITY CENTER FOR GENOME SCIENCES,2022-04-14T00:23:43Z,2022-04-14T00:23:43Z,public,unspecified,PAIRED,PCR,METAGENOMIC,metagenome,TP06-01,ILLUMINA,2022-04-14T00:00:00Z,2022-05-17T20:36:00Z,1,SAMEA8793907,TP06-01_Week5_Study2OrangeFiber,ERP128019,TP06-01_Week5_Study2OrangeFiber,WASHINGTON UNIVERSITY CENTER FOR GENOME SCIENCES,
ERR6544858,AMPLICON,500,11912500,Stool,PRJEB44020,SAMEA8793908,4960190,WASHINGTON UNIVERSITY CENTER FOR GENOME SCIENCES,Week8,public,"run.zq,sra,fastq","gs,ncbi,s3","ncbi.public,gs.us-east1,s3.us-east-1",Orange fiber (3 snacks a day),2022-04-14,2022-04-14,2022-04-14,2022-04-14,ERX6171048,SAMEA8793908,Homo sapiens,WASHINGTON UNIVERSITY CENTER FOR GENOME SCIENCES,2022-04-14T00:23:43Z,2022-04-14T00:23:43Z,public,unspecified,PAIRED,PCR,METAGENOMIC,metagenome,TP06-01,ILLUMINA,2022-04-14T00:00:00Z,2022-05-12T04:10:00Z,1,SAMEA8793908,TP06-01_Week8_Study2OrangeFiber,ERP128019,TP06-01_Week8_Study2OrangeFiber,WASHINGTON UNIVERSITY CENTER FOR GENOME SCIENCES,
ERR6544859,AMPLICON,500,10641500,Stool,PRJEB44020,SAMEA8793910,4467019,WASHINGTON UNIVERSITY CENTER FOR GENOME SCIENCES,Week2,public,"run.zq,sra,fastq","s3,ncbi,gs","ncbi.public,gs.us-east1,s3.us-east-1",Free diet,2022-04-14,2022-04-14,2022-04-14,2022-04-14,ERX6171049,SAMEA8793910,Homo sapiens,WASHINGTON UNIVERSITY CENTER FOR GENOME SCIENCES,2022-04-14T00:23:43Z,2022-04-14T00:23:43Z,public,unspecified,PAIRED,PCR,METAGENOMIC,metagenome,TP06-02,ILLUMINA,2022-04-14T00:00:00Z,2022-05-12T04:10:00Z,1,SAMEA8793910,TP06-02_Week2_Study2OrangeFiber,ERP128019,TP06-02_Week2_Study2OrangeFiber,WASHINGTON UNIVERSITY CENTER FOR GENOME SCIENCES,
ERR6544860,AMPLICON,500,12882000,Stool,PRJEB44020,SAMEA8793911,5383605,WASHINGTON UNIVERSITY CENTER FOR GENOME SCIENCES,Week5,public,"run.zq,sra,fastq","gs,ncbi,s3","gs.us-east1,ncbi.public,s3.us-east-1",Orange fiber (3 snacks a day),2022-04-14,2022-04-14,2022-04-14,2022-04-14,ERX6171050,SAMEA8793911,Homo sapiens,WASHINGTON UNIVERSITY CENTER FOR GENOME SCIENCES,2022-04-14T00:23:43Z,2022-04-14T00:23:43Z,public,unspecified,PAIRED,PCR,METAGENOMIC,metagenome,TP06-02,ILLUMINA,2022-04-14T00:00:00Z,2022-05-12T04:10:00Z,1,SAMEA8793911,TP06-02_Week5_Study2OrangeFiber,ERP128019,TP06-02_Week5_Study2OrangeFiber,WASHINGTON UNIVERSITY CENTER FOR GENOME SCIENCES,
ERR6544861,AMPLICON,500,13476000,Stool,PRJEB44020,SAMEA8793912,5625606,WASHINGTON UNIVERSITY CENTER FOR GENOME SCIENCES,Week8,public,"fastq,sra,run.zq","ncbi,gs,s3","gs.us-east1,ncbi.public,s3.us-east-1",Orange fiber (3 snacks a day),2022-04-14,2022-04-14,2022-04-14,2022-04-14,ERX6171051,SAMEA8793912,Homo sapiens,WASHINGTON UNIVERSITY CENTER FOR GENOME SCIENCES,2022-04-14T00:23:43Z,2022-04-14T00:23:43Z,public,unspecified,PAIRED,PCR,METAGENOMIC,metagenome,TP06-02,ILLUMINA,2022-04-14T00:00:00Z,2022-05-12T04:10:00Z,1,SAMEA8793912,TP06-02_Week8_Study2OrangeFiber,ERP128019,TP06-02_Week8_Study2OrangeFiber,WASHINGTON UNIVERSITY CENTER FOR GENOME SCIENCES,
ERR6544862,AMPLICON,500,13754000,Stool,PRJEB44020,SAMEA8793914,5537413,WASHINGTON UNIVERSITY CENTER FOR GENOME SCIENCES,Week2,public,"run.zq,sra,fastq","gs,ncbi,s3","s3.us-east-1,gs.us-east1,ncbi.public",Free diet,2022-04-14,2022-04-14,2022-04-14,2022-04-14,ERX6171052,SAMEA8793914,Homo sapiens,WASHINGTON UNIVERSITY CENTER FOR GENOME SCIENCES,2022-04-14T00:23:43Z,2022-04-14T00:23:43Z,public,unspecified,PAIRED,PCR,METAGENOMIC,metagenome,TP03-01,ILLUMINA,2022-04-14T00:00:00Z,2022-05-12T04:10:00Z,1,SAMEA8793914,TP03-01_Week2_Study2OrangeFiber,ERP128019,TP03-01_Week2_Study2OrangeFiber,WASHINGTON UNIVERSITY CENTER FOR GENOME SCIENCES,
ERR6544863,AMPLICON,500,14050000,Stool,PRJEB44020,SAMEA8793915,5705100,WASHINGTON UNIVERSITY CENTER FOR GENOME SCIENCES,Week5,public,"run.zq,sra,fastq","gs,ncbi,s3","gs.us-east1,s3.us-east-1,ncbi.public",Orange fiber (3 snacks a day),2022-04-14,2022-04-14,2022-04-14,2022-04-14,ERX6171053,SAMEA8793915,Homo sapiens,WASHINGTON UNIVERSITY CENTER FOR GENOME SCIENCES,2022-04-14T00:23:43Z,2022-04-14T00:23:43Z,public,unspecified,PAIRED,PCR,METAGENOMIC,metagenome,TP03-01,ILLUMINA,2022-04-14T00:00:00Z,2022-05-12T04:10:00Z,1,SAMEA8793915,TP03-01_Week5_Study2OrangeFiber,ERP128019,TP03-01_Week5_Study2OrangeFiber,WASHINGTON UNIVERSITY CENTER FOR GENOME SCIENCES,
ERR6544864,AMPLICON,500,14654500,Stool,PRJEB44020,SAMEA8793916,6039064,WASHINGTON UNIVERSITY CENTER FOR GENOME SCIENCES,Week8,public,"sra,fastq,run.zq","ncbi,gs,s3","ncbi.public,s3.us-east-1,gs.us-east1",Orange fiber (3 snacks a day),2022-04-14,2022-04-14,2022-04-14,2022-04-14,ERX6171054,SAMEA8793916,Homo sapiens,WASHINGTON UNIVERSITY CENTER FOR GENOME SCIENCES,2022-04-14T00:23:43Z,2022-04-14T00:23:43Z,public,unspecified,PAIRED,PCR,METAGENOMIC,metagenome,TP03-01,ILLUMINA,2022-04-14T00:00:00Z,2022-05-12T04:10:00Z,1,SAMEA8793916,TP03-01_Week8_Study2OrangeFiber,ERP128019,TP03-01_Week8_Study2OrangeFiber,WASHINGTON UNIVERSITY CENTER FOR GENOME SCIENCES,
ERR6544865,AMPLICON,500,13693000,Stool,PRJEB44020,SAMEA8793918,5776154,WASHINGTON UNIVERSITY CENTER FOR GENOME SCIENCES,Week2,public,"fastq,sra,run.zq","s3,ncbi,gs","s3.us-east-1,ncbi.public,gs.us-east1",Free diet,2022-04-14,2022-04-14,2022-04-14,2022-04-14,ERX6171055,SAMEA8793918,Homo sapiens,WASHINGTON UNIVERSITY CENTER FOR GENOME SCIENCES,2022-04-14T00:23:43Z,2022-04-14T00:23:43Z,public,unspecified,PAIRED,PCR,METAGENOMIC,metagenome,TP03-02,ILLUMINA,2022-04-14T00:00:00Z,2022-05-12T04:10:00Z,1,SAMEA8793918,TP03-02_Week2_Study2OrangeFiber,ERP128019,TP03-02_Week2_Study2OrangeFiber,WASHINGTON UNIVERSITY CENTER FOR GENOME SCIENCES,
ERR6544866,AMPLICON,500,13377000,Stool,PRJEB44020,SAMEA8793919,5619324,WASHINGTON UNIVERSITY CENTER FOR GENOME SCIENCES,Week5,public,"run.zq,sra,fastq","ncbi,s3,gs","ncbi.public,gs.us-east1,s3.us-east-1",Orange fiber (3 snacks a day),2022-04-14,2022-04-14,2022-04-14,2022-04-14,ERX6171056,SAMEA8793919,Homo sapiens,WASHINGTON UNIVERSITY CENTER FOR GENOME SCIENCES,2022-04-14T00:23:43Z,2022-04-14T00:23:43Z,public,unspecified,PAIRED,PCR,METAGENOMIC,metagenome,TP03-02,ILLUMINA,2022-04-14T00:00:00Z,2022-05-12T04:10:00Z,1,SAMEA8793919,TP03-02_Week5_Study2OrangeFiber,ERP128019,TP03-02_Week5_Study2OrangeFiber,WASHINGTON UNIVERSITY CENTER FOR GENOME SCIENCES,
ERR6544867,AMPLICON,500,14840500,Stool,PRJEB44020,SAMEA8793920,6365082,WASHINGTON UNIVERSITY CENTER FOR GENOME SCIENCES,Week8,public,"run.zq,fastq,sra","gs,ncbi,s3","ncbi.public,s3.us-east-1,gs.us-east1",Orange fiber (3 snacks a day),2022-04-14,2022-04-14,2022-04-14,2022-04-14,ERX6171057,SAMEA8793920,Homo sapiens,WASHINGTON UNIVERSITY CENTER FOR GENOME SCIENCES,2022-04-14T00:23:43Z,2022-04-14T00:23:43Z,public,unspecified,PAIRED,PCR,METAGENOMIC,metagenome,TP03-02,ILLUMINA,2022-04-14T00:00:00Z,2022-05-17T20:36:00Z,1,SAMEA8793920,TP03-02_Week8_Study2OrangeFiber,ERP128019,TP03-02_Week8_Study2OrangeFiber,WASHINGTON UNIVERSITY CENTER FOR GENOME SCIENCES,
ERR6544868,AMPLICON,500,12299000,Stool,PRJEB44020,SAMEA8793922,5050391,WASHINGTON UNIVERSITY CENTER FOR GENOME SCIENCES,Week2,public,"sra,fastq,run.zq","s3,gs,ncbi","s3.us-east-1,ncbi.public,gs.us-east1",Free diet,2022-04-14,2022-04-14,2022-04-14,2022-04-14,ERX6171058,SAMEA8793922,Homo sapiens,WASHINGTON UNIVERSITY CENTER FOR GENOME SCIENCES,2022-04-14T00:23:43Z,2022-04-14T00:23:43Z,public,unspecified,PAIRED,PCR,METAGENOMIC,metagenome,TP10-01,ILLUMINA,2022-04-14T00:00:00Z,2022-05-12T04:10:00Z,1,SAMEA8793922,TP10-01_Week2_Study2OrangeFiber,ERP128019,TP10-01_Week2_Study2OrangeFiber,WASHINGTON UNIVERSITY CENTER FOR GENOME SCIENCES,
ERR6544869,AMPLICON,500,13494000,Stool,PRJEB44020,SAMEA8793923,5426523,WASHINGTON UNIVERSITY CENTER FOR GENOME SCIENCES,Week5,public,"fastq,sra,run.zq","s3,ncbi,gs","s3.us-east-1,gs.us-east1,ncbi.public",Orange fiber (3 snacks a day),2022-04-14,2022-04-14,2022-04-14,2022-04-14,ERX6171059,SAMEA8793923,Homo sapiens,WASHINGTON UNIVERSITY CENTER FOR GENOME SCIENCES,2022-04-14T00:23:43Z,2022-04-14T00:23:43Z,public,unspecified,PAIRED,PCR,METAGENOMIC,metagenome,TP10-01,ILLUMINA,2022-04-14T00:00:00Z,2022-05-12T04:10:00Z,1,SAMEA8793923,TP10-01_Week5_Study2OrangeFiber,ERP128019,TP10-01_Week5_Study2OrangeFiber,WASHINGTON UNIVERSITY CENTER FOR GENOME SCIENCES,
ERR6544870,AMPLICON,500,41705000,Stool,PRJEB44020,SAMEA8793924,16859502,WASHINGTON UNIVERSITY CENTER FOR GENOME SCIENCES,Week8,public,"sra,fastq,run.zq","gs,s3,ncbi","ncbi.public,s3.us-east-1,gs.us-east1",Orange fiber (3 snacks a day),2022-04-14,2022-04-14,2022-04-14,2022-04-14,ERX6171060,SAMEA8793924,Homo sapiens,WASHINGTON UNIVERSITY CENTER FOR GENOME SCIENCES,2022-04-14T00:23:43Z,2022-04-14T00:23:43Z,public,unspecified,PAIRED,PCR,METAGENOMIC,metagenome,TP10-01,ILLUMINA,2022-04-14T00:00:00Z,2022-05-12T04:10:00Z,1,SAMEA8793924,TP10-01_Week8_Study2OrangeFiber,ERP128019,TP10-01_Week8_Study2OrangeFiber,WASHINGTON UNIVERSITY CENTER FOR GENOME SCIENCES,
ERR6544871,AMPLICON,500,11850000,Stool,PRJEB44020,SAMEA8793926,5008635,WASHINGTON UNIVERSITY CENTER FOR GENOME SCIENCES,Week2,public,"sra,run.zq,fastq","s3,ncbi,gs","ncbi.public,s3.us-east-1,gs.us-east1",Free diet,2022-04-14,2022-04-14,2022-04-14,2022-04-14,ERX6171061,SAMEA8793926,Homo sapiens,WASHINGTON UNIVERSITY CENTER FOR GENOME SCIENCES,2022-04-14T00:23:43Z,2022-04-14T00:23:43Z,public,unspecified,PAIRED,PCR,METAGENOMIC,metagenome,TP10-02,ILLUMINA,2022-04-14T00:00:00Z,2022-05-12T04:10:00Z,1,SAMEA8793926,TP10-02_Week2_Study2OrangeFiber,ERP128019,TP10-02_Week2_Study2OrangeFiber,WASHINGTON UNIVERSITY CENTER FOR GENOME SCIENCES,
ERR6544872,AMPLICON,500,11887000,Stool,PRJEB44020,SAMEA8793927,4907491,WASHINGTON UNIVERSITY CENTER FOR GENOME SCIENCES,Week5,public,"sra,run.zq,fastq","s3,ncbi,gs","gs.us-east1,ncbi.public,s3.us-east-1",Orange fiber (3 snacks a day),2022-04-14,2022-04-14,2022-04-14,2022-04-14,ERX6171062,SAMEA8793927,Homo sapiens,WASHINGTON UNIVERSITY CENTER FOR GENOME SCIENCES,2022-04-14T00:23:43Z,2022-04-14T00:23:43Z,public,unspecified,PAIRED,PCR,METAGENOMIC,metagenome,TP10-02,ILLUMINA,2022-04-14T00:00:00Z,2022-05-17T20:36:00Z,1,SAMEA8793927,TP10-02_Week5_Study2OrangeFiber,ERP128019,TP10-02_Week5_Study2OrangeFiber,WASHINGTON UNIVERSITY CENTER FOR GENOME SCIENCES,
ERR6544873,AMPLICON,500,15652000,Stool,PRJEB44020,SAMEA8793928,6415321,WASHINGTON UNIVERSITY CENTER FOR GENOME SCIENCES,Week8,public,"run.zq,sra,fastq","s3,gs,ncbi","ncbi.public,s3.us-east-1,gs.us-east1",Orange fiber (3 snacks a day),2022-04-14,2022-04-14,2022-04-14,2022-04-14,ERX6171063,SAMEA8793928,Homo sapiens,WASHINGTON UNIVERSITY CENTER FOR GENOME SCIENCES,2022-04-14T00:23:43Z,2022-04-14T00:23:43Z,public,unspecified,PAIRED,PCR,METAGENOMIC,metagenome,TP10-02,ILLUMINA,2022-04-14T00:00:00Z,2022-05-17T20:36:00Z,1,SAMEA8793928,TP10-02_Week8_Study2OrangeFiber,ERP128019,TP10-02_Week8_Study2OrangeFiber,WASHINGTON UNIVERSITY CENTER FOR GENOME SCIENCES,
ERR6544874,AMPLICON,500,15766500,Stool,PRJEB44020,SAMEA8793930,6431228,WASHINGTON UNIVERSITY CENTER FOR GENOME SCIENCES,Week2,public,"fastq,sra,run.zq","ncbi,gs,s3","s3.us-east-1,ncbi.public,gs.us-east1",Free diet,2022-04-14,2022-04-14,2022-04-14,2022-04-14,ERX6171064,SAMEA8793930,Homo sapiens,WASHINGTON UNIVERSITY CENTER FOR GENOME SCIENCES,2022-04-14T00:23:43Z,2022-04-14T00:23:43Z,public,unspecified,PAIRED,PCR,METAGENOMIC,metagenome,TP11-01,ILLUMINA,2022-04-14T00:00:00Z,2022-05-17T20:36:00Z,1,SAMEA8793930,TP11-01_Week2_Study2OrangeFiber,ERP128019,TP11-01_Week2_Study2OrangeFiber,WASHINGTON UNIVERSITY CENTER FOR GENOME SCIENCES,
ERR6544875,AMPLICON,500,15169500,Stool,PRJEB44020,SAMEA8793931,6269739,WASHINGTON UNIVERSITY CENTER FOR GENOME SCIENCES,Week5,public,"fastq,sra,run.zq","s3,ncbi,gs","s3.us-east-1,gs.us-east1,ncbi.public",Orange fiber (3 snacks a day),2022-04-14,2022-04-14,2022-04-14,2022-04-14,ERX6171065,SAMEA8793931,Homo sapiens,WASHINGTON UNIVERSITY CENTER FOR GENOME SCIENCES,2022-04-14T00:23:43Z,2022-04-14T00:23:43Z,public,unspecified,PAIRED,PCR,METAGENOMIC,metagenome,TP11-01,ILLUMINA,2022-04-14T00:00:00Z,2022-05-12T04:10:00Z,1,SAMEA8793931,TP11-01_Week5_Study2OrangeFiber,ERP128019,TP11-01_Week5_Study2OrangeFiber,WASHINGTON UNIVERSITY CENTER FOR GENOME SCIENCES,
ERR6544876,AMPLICON,500,14698500,Stool,PRJEB44020,SAMEA8793932,5985233,WASHINGTON UNIVERSITY CENTER FOR GENOME SCIENCES,Week8,public,"sra,run.zq,fastq","s3,ncbi,gs","ncbi.public,s3.us-east-1,gs.us-east1",Orange fiber (3 snacks a day),2022-04-14,2022-04-14,2022-04-14,2022-04-14,ERX6171066,SAMEA8793932,Homo sapiens,WASHINGTON UNIVERSITY CENTER FOR GENOME SCIENCES,2022-04-14T00:23:43Z,2022-04-14T00:23:43Z,public,unspecified,PAIRED,PCR,METAGENOMIC,metagenome,TP11-01,ILLUMINA,2022-04-14T00:00:00Z,2022-05-17T20:36:00Z,1,SAMEA8793932,TP11-01_Week8_Study2OrangeFiber,ERP128019,TP11-01_Week8_Study2OrangeFiber,WASHINGTON UNIVERSITY CENTER FOR GENOME SCIENCES,
ERR6544877,AMPLICON,500,15559500,Stool,PRJEB44020,SAMEA8793934,6511116,WASHINGTON UNIVERSITY CENTER FOR GENOME SCIENCES,Week2,public,"fastq,run.zq,sra","s3,ncbi,gs","s3.us-east-1,ncbi.public,gs.us-east1",Free diet,2022-04-14,2022-04-14T00:23:43Z,2022-04-14,2022-04-14T00:23:43Z,ERX6171067,SAMEA8793934,Homo sapiens,WASHINGTON UNIVERSITY CENTER FOR GENOME SCIENCES,2022-04-14T00:23:43Z,2022-04-14T00:23:43Z,public,unspecified,PAIRED,PCR,METAGENOMIC,metagenome,TP11-02,ILLUMINA,2022-04-14T00:00:00Z,2022-05-12T04:10:00Z,1,SAMEA8793934,TP11-02_Week2_Study2OrangeFiber,ERP128019,TP11-02_Week2_Study2OrangeFiber,,metagenome
ERR6544878,AMPLICON,500,12760500,Stool,PRJEB44020,SAMEA8793935,5303248,WASHINGTON UNIVERSITY CENTER FOR GENOME SCIENCES,Week5,public,"run.zq,fastq,sra","ncbi,s3,gs","gs.us-east1,s3.us-east-1,ncbi.public",Orange fiber (3 snacks a day),2022-04-14,2022-04-14,2022-04-14,2022-04-14,ERX6171068,SAMEA8793935,Homo sapiens,WASHINGTON UNIVERSITY CENTER FOR GENOME SCIENCES,2022-04-14T00:23:43Z,2022-04-14T00:23:43Z,public,unspecified,PAIRED,PCR,METAGENOMIC,metagenome,TP11-02,ILLUMINA,2022-04-14T00:00:00Z,2022-05-17T20:36:00Z,1,SAMEA8793935,TP11-02_Week5_Study2OrangeFiber,ERP128019,TP11-02_Week5_Study2OrangeFiber,WASHINGTON UNIVERSITY CENTER FOR GENOME SCIENCES,
ERR6544879,AMPLICON,500,13225000,Stool,PRJEB44020,SAMEA8793936,5507735,WASHINGTON UNIVERSITY CENTER FOR GENOME SCIENCES,Week8,public,"sra,run.zq,fastq","ncbi,gs,s3","s3.us-east-1,ncbi.public,gs.us-east1",Orange fiber (3 snacks a day),2022-04-14,2022-04-14,2022-04-14,2022-04-14,ERX6171069,SAMEA8793936,Homo sapiens,WASHINGTON UNIVERSITY CENTER FOR GENOME SCIENCES,2022-04-14T00:23:43Z,2022-04-14T00:23:43Z,public,unspecified,PAIRED,PCR,METAGENOMIC,metagenome,TP11-02,ILLUMINA,2022-04-14T00:00:00Z,2022-05-17T20:36:00Z,1,SAMEA8793936,TP11-02_Week8_Study2OrangeFiber,ERP128019,TP11-02_Week8_Study2OrangeFiber,WASHINGTON UNIVERSITY CENTER FOR GENOME SCIENCES,
ERR6544880,AMPLICON,500,15558000,Stool,PRJEB44020,SAMEA8793938,6392520,WASHINGTON UNIVERSITY CENTER FOR GENOME SCIENCES,Week2,public,"fastq,run.zq,sra","s3,ncbi,gs","s3.us-east-1,ncbi.public,gs.us-east1",Free diet,2022-04-14,2022-04-14,2022-04-14,2022-04-14,ERX6171070,SAMEA8793938,Homo sapiens,WASHINGTON UNIVERSITY CENTER FOR GENOME SCIENCES,2022-04-14T00:23:43Z,2022-04-14T00:23:43Z,public,unspecified,PAIRED,PCR,METAGENOMIC,metagenome,TP04-01,ILLUMINA,2022-04-14T00:00:00Z,2022-05-17T20:36:00Z,1,SAMEA8793938,TP04-01_Week2_Study2OrangeFiber,ERP128019,TP04-01_Week2_Study2OrangeFiber,WASHINGTON UNIVERSITY CENTER FOR GENOME SCIENCES,
ERR6544881,AMPLICON,500,16225000,Stool,PRJEB44020,SAMEA8793939,6642816,WASHINGTON UNIVERSITY CENTER FOR GENOME SCIENCES,Week5,public,"run.zq,fastq,sra","s3,gs,ncbi","s3.us-east-1,gs.us-east1,ncbi.public",Orange fiber (3 snacks a day),2022-04-14,2022-04-14,2022-04-14,2022-04-14,ERX6171071,SAMEA8793939,Homo sapiens,WASHINGTON UNIVERSITY CENTER FOR GENOME SCIENCES,2022-04-14T00:23:43Z,2022-04-14T00:23:43Z,public,unspecified,PAIRED,PCR,METAGENOMIC,metagenome,TP04-01,ILLUMINA,2022-04-14T00:00:00Z,2022-05-17T20:36:00Z,1,SAMEA8793939,TP04-01_Week5_Study2OrangeFiber,ERP128019,TP04-01_Week5_Study2OrangeFiber,WASHINGTON UNIVERSITY CENTER FOR GENOME SCIENCES,
ERR6544882,AMPLICON,500,12130500,Stool,PRJEB44020,SAMEA8793940,4958215,WASHINGTON UNIVERSITY CENTER FOR GENOME SCIENCES,Week8,public,"run.zq,fastq,sra","gs,ncbi,s3","ncbi.public,gs.us-east1,s3.us-east-1",Orange fiber (3 snacks a day),2022-04-14,2022-04-14,2022-04-14,2022-04-14,ERX6171072,SAMEA8793940,Homo sapiens,WASHINGTON UNIVERSITY CENTER FOR GENOME SCIENCES,2022-04-14T00:23:43Z,2022-04-14T00:23:43Z,public,unspecified,PAIRED,PCR,METAGENOMIC,metagenome,TP04-01,ILLUMINA,2022-04-14T00:00:00Z,2022-05-17T20:36:00Z,1,SAMEA8793940,TP04-01_Week8_Study2OrangeFiber,ERP128019,TP04-01_Week8_Study2OrangeFiber,WASHINGTON UNIVERSITY CENTER FOR GENOME SCIENCES,
ERR6544883,AMPLICON,500,15341500,Stool,PRJEB44020,SAMEA8793942,6422111,WASHINGTON UNIVERSITY CENTER FOR GENOME SCIENCES,Week2,public,"sra,run.zq,fastq","s3,gs,ncbi","s3.us-east-1,gs.us-east1,ncbi.public",Free diet,2022-04-14,2022-04-14,2022-04-14,2022-04-14,ERX6171073,SAMEA8793942,Homo sapiens,WASHINGTON UNIVERSITY CENTER FOR GENOME SCIENCES,2022-04-14T00:23:43Z,2022-04-14T00:23:43Z,public,unspecified,PAIRED,PCR,METAGENOMIC,metagenome,TP04-02,ILLUMINA,2022-04-14T00:00:00Z,2022-05-12T04:10:00Z,1,SAMEA8793942,TP04-02_Week2_Study2OrangeFiber,ERP128019,TP04-02_Week2_Study2OrangeFiber,WASHINGTON UNIVERSITY CENTER FOR GENOME SCIENCES,
ERR6544884,AMPLICON,500,14428000,Stool,PRJEB44020,SAMEA8793943,5969125,WASHINGTON UNIVERSITY CENTER FOR GENOME SCIENCES,Week5,public,"run.zq,fastq,sra","s3,gs,ncbi","s3.us-east-1,gs.us-east1,ncbi.public",Orange fiber (3 snacks a day),2022-04-14,2022-04-14,2022-04-14,2022-04-14,ERX6171074,SAMEA8793943,Homo sapiens,WASHINGTON UNIVERSITY CENTER FOR GENOME SCIENCES,2022-04-14T00:23:43Z,2022-04-14T00:23:43Z,public,unspecified,PAIRED,PCR,METAGENOMIC,metagenome,TP04-02,ILLUMINA,2022-04-14T00:00:00Z,2022-05-17T20:36:00Z,1,SAMEA8793943,TP04-02_Week5_Study2OrangeFiber,ERP128019,TP04-02_Week5_Study2OrangeFiber,WASHINGTON UNIVERSITY CENTER FOR GENOME SCIENCES,
ERR6544885,AMPLICON,500,16878000,Stool,PRJEB44020,SAMEA8793944,7028611,WASHINGTON UNIVERSITY CENTER FOR GENOME SCIENCES,Week8,public,"run.zq,fastq,sra","ncbi,s3,gs","gs.us-east1,ncbi.public,s3.us-east-1",Orange fiber (3 snacks a day),2022-04-14,2022-04-14,2022-04-14,2022-04-14,ERX6171075,SAMEA8793944,Homo sapiens,WASHINGTON UNIVERSITY CENTER FOR GENOME SCIENCES,2022-04-14T00:23:43Z,2022-04-14T00:23:43Z,public,unspecified,PAIRED,PCR,METAGENOMIC,metagenome,TP04-02,ILLUMINA,2022-04-14T00:00:00Z,2022-05-12T04:10:00Z,1,SAMEA8793944,TP04-02_Week8_Study2OrangeFiber,ERP128019,TP04-02_Week8_Study2OrangeFiber,WASHINGTON UNIVERSITY CENTER FOR GENOME SCIENCES,
ERR6544886,AMPLICON,500,12538000,Stool,PRJEB44020,SAMEA8793946,5173581,WASHINGTON UNIVERSITY CENTER FOR GENOME SCIENCES,Week2,public,"fastq,sra,run.zq","s3,ncbi,gs","s3.us-east-1,gs.us-east1,ncbi.public",Free diet,2022-04-14,2022-04-14,2022-04-14,2022-04-14,ERX6171076,SAMEA8793946,Homo sapiens,WASHINGTON UNIVERSITY CENTER FOR GENOME SCIENCES,2022-04-14T00:23:43Z,2022-04-14T00:23:43Z,public,unspecified,PAIRED,PCR,METAGENOMIC,metagenome,TP05-01,ILLUMINA,2022-04-14T00:00:00Z,2022-05-12T04:10:00Z,1,SAMEA8793946,TP05-01_Week2_Study2OrangeFiber,ERP128019,TP05-01_Week2_Study2OrangeFiber,WASHINGTON UNIVERSITY CENTER FOR GENOME SCIENCES,
ERR6544887,AMPLICON,500,13386500,Stool,PRJEB44020,SAMEA8793947,5521428,WASHINGTON UNIVERSITY CENTER FOR GENOME SCIENCES,Week5,public,"sra,run.zq,fastq","gs,ncbi,s3","gs.us-east1,ncbi.public,s3.us-east-1",Orange fiber (3 snacks a day),2022-04-14,2022-04-14,2022-04-14,2022-04-14,ERX6171077,SAMEA8793947,Homo sapiens,WASHINGTON UNIVERSITY CENTER FOR GENOME SCIENCES,2022-04-14T00:23:43Z,2022-04-14T00:23:43Z,public,unspecified,PAIRED,PCR,METAGENOMIC,metagenome,TP05-01,ILLUMINA,2022-04-14T00:00:00Z,2022-05-17T20:36:00Z,1,SAMEA8793947,TP05-01_Week5_Study2OrangeFiber,ERP128019,TP05-01_Week5_Study2OrangeFiber,WASHINGTON UNIVERSITY CENTER FOR GENOME SCIENCES,
ERR6544888,AMPLICON,500,12207500,Stool,PRJEB44020,SAMEA8793948,4965261,WASHINGTON UNIVERSITY CENTER FOR GENOME SCIENCES,Week8,public,"fastq,run.zq,sra","s3,gs,ncbi","gs.us-east1,s3.us-east-1,ncbi.public",Orange fiber (3 snacks a day),2022-04-14,2022-04-14,2022-04-14,2022-04-14,ERX6171078,SAMEA8793948,Homo sapiens,WASHINGTON UNIVERSITY CENTER FOR GENOME SCIENCES,2022-04-14T00:23:43Z,2022-04-14T00:23:43Z,public,unspecified,PAIRED,PCR,METAGENOMIC,metagenome,TP05-01,ILLUMINA,2022-04-14T00:00:00Z,2022-05-17T20:36:00Z,1,SAMEA8793948,TP05-01_Week8_Study2OrangeFiber,ERP128019,TP05-01_Week8_Study2OrangeFiber,WASHINGTON UNIVERSITY CENTER FOR GENOME SCIENCES,
ERR6544889,AMPLICON,500,15302000,Stool,PRJEB44020,SAMEA8793950,6313408,WASHINGTON UNIVERSITY CENTER FOR GENOME SCIENCES,Week2,public,"run.zq,fastq,sra","s3,ncbi,gs","s3.us-east-1,gs.us-east1,ncbi.public",Free diet,2022-04-14,2022-04-14,2022-04-14,2022-04-14,ERX6171079,SAMEA8793950,Homo sapiens,WASHINGTON UNIVERSITY CENTER FOR GENOME SCIENCES,2022-04-14T00:23:43Z,2022-04-14T00:23:43Z,public,unspecified,PAIRED,PCR,METAGENOMIC,metagenome,TP05-02,ILLUMINA,2022-04-14T00:00:00Z,2022-05-12T04:10:00Z,1,SAMEA8793950,TP05-02_Week2_Study2OrangeFiber,ERP128019,TP05-02_Week2_Study2OrangeFiber,WASHINGTON UNIVERSITY CENTER FOR GENOME SCIENCES,
ERR6544890,AMPLICON,500,56312000,Stool,PRJEB44020,SAMEA8793951,28309066,WASHINGTON UNIVERSITY CENTER FOR GENOME SCIENCES,Week5,public,"sra,fastq,run.zq","ncbi,gs,s3","s3.us-east-1,gs.us-east1,ncbi.public",Orange fiber (3 snacks a day),2022-04-14,2022-04-14,2022-04-14,2022-04-14,ERX6171080,SAMEA8793951,Homo sapiens,WASHINGTON UNIVERSITY CENTER FOR GENOME SCIENCES,2022-04-14T00:23:43Z,2022-04-14T00:23:43Z,public,unspecified,PAIRED,PCR,METAGENOMIC,metagenome,TP05-02,ILLUMINA,2022-04-14T00:00:00Z,2022-05-12T04:10:00Z,1,SAMEA8793951,TP05-02_Week5_Study2OrangeFiber,ERP128019,TP05-02_Week5_Study2OrangeFiber,WASHINGTON UNIVERSITY CENTER FOR GENOME SCIENCES,
ERR6544891,AMPLICON,500,14866000,Stool,PRJEB44020,SAMEA8793952,6144819,WASHINGTON UNIVERSITY CENTER FOR GENOME SCIENCES,Week8,public,"run.zq,sra,fastq","s3,gs,ncbi","gs.us-east1,ncbi.public,s3.us-east-1",Orange fiber (3 snacks a day),2022-04-14,2022-04-14,2022-04-14,2022-04-14,ERX6171081,SAMEA8793952,Homo sapiens,WASHINGTON UNIVERSITY CENTER FOR GENOME SCIENCES,2022-04-14T00:23:43Z,2022-04-14T00:23:43Z,public,unspecified,PAIRED,PCR,METAGENOMIC,metagenome,TP05-02,ILLUMINA,2022-04-14T00:00:00Z,2022-05-17T20:36:00Z,1,SAMEA8793952,TP05-02_Week8_Study2OrangeFiber,ERP128019,TP05-02_Week8_Study2OrangeFiber,WASHINGTON UNIVERSITY CENTER FOR GENOME SCIENCES,
ERR6544892,AMPLICON,500,13067000,Stool,PRJEB44020,SAMEA8793954,5363189,WASHINGTON UNIVERSITY CENTER FOR GENOME SCIENCES,Week2,public,"run.zq,fastq,sra","gs,s3,ncbi","ncbi.public,s3.us-east-1,gs.us-east1",Free diet,2022-04-14,2022-04-14,2022-04-14,2022-04-14,ERX6171082,SAMEA8793954,Homo sapiens,WASHINGTON UNIVERSITY CENTER FOR GENOME SCIENCES,2022-04-14T00:23:43Z,2022-04-14T00:23:43Z,public,unspecified,PAIRED,PCR,METAGENOMIC,metagenome,TP08-01,ILLUMINA,2022-04-14T00:00:00Z,2022-05-17T20:36:00Z,1,SAMEA8793954,TP08-01_Week2_Study2OrangeFiber,ERP128019,TP08-01_Week2_Study2OrangeFiber,WASHINGTON UNIVERSITY CENTER FOR GENOME SCIENCES,
ERR6544893,AMPLICON,500,13470000,Stool,PRJEB44020,SAMEA8793955,5480839,WASHINGTON UNIVERSITY CENTER FOR GENOME SCIENCES,Week5,public,"fastq,run.zq,sra","gs,s3,ncbi","s3.us-east-1,ncbi.public,gs.us-east1",Orange fiber (3 snacks a day),2022-04-14,2022-04-14,2022-04-14,2022-04-14,ERX6171083,SAMEA8793955,Homo sapiens,WASHINGTON UNIVERSITY CENTER FOR GENOME SCIENCES,2022-04-14T00:23:43Z,2022-04-14T00:23:43Z,public,unspecified,PAIRED,PCR,METAGENOMIC,metagenome,TP08-01,ILLUMINA,2022-04-14T00:00:00Z,2022-05-17T20:36:00Z,1,SAMEA8793955,TP08-01_Week5_Study2OrangeFiber,ERP128019,TP08-01_Week5_Study2OrangeFiber,WASHINGTON UNIVERSITY CENTER FOR GENOME SCIENCES,
ERR6544894,AMPLICON,500,13840500,Stool,PRJEB44020,SAMEA8793956,5634224,WASHINGTON UNIVERSITY CENTER FOR GENOME SCIENCES,Week8,public,"fastq,run.zq,sra","s3,ncbi,gs","ncbi.public,gs.us-east1,s3.us-east-1",Orange fiber (3 snacks a day),2022-04-14,2022-04-14,2022-04-14,2022-04-14,ERX6171084,SAMEA8793956,Homo sapiens,WASHINGTON UNIVERSITY CENTER FOR GENOME SCIENCES,2022-04-14T00:23:43Z,2022-04-14T00:23:43Z,public,unspecified,PAIRED,PCR,METAGENOMIC,metagenome,TP08-01,ILLUMINA,2022-04-14T00:00:00Z,2022-05-17T20:36:00Z,1,SAMEA8793956,TP08-01_Week8_Study2OrangeFiber,ERP128019,TP08-01_Week8_Study2OrangeFiber,WASHINGTON UNIVERSITY CENTER FOR GENOME SCIENCES,
ERR6564593,AMPLICON,500,21115000,Stool,PRJEB44020,SAMEA8793735,10660878,WASHINGTON UNIVERSITY CENTER FOR GENOME SCIENCES,Week1,public,"fastq,sra,run.zq","ncbi,s3,gs","gs.us-east1,s3.us-east-1,ncbi.public",Free diet,2022-04-14,2022-04-14,2022-04-14,2022-04-14,ERX6190783,SAMEA8793735,Homo sapiens,WASHINGTON UNIVERSITY CENTER FOR GENOME SCIENCES,2022-04-14T00:23:43Z,2022-04-14T00:23:43Z,public,unspecified,PAIRED,PCR,METAGENOMIC,metagenome,TP01-01,ILLUMINA,2022-04-14T00:00:00Z,2022-05-17T20:36:00Z,1,SAMEA8793735,TP01-01_Week1_Study1PeaFiber,ERP128019,TP01-01_Week1_Study1PeaFiber,WASHINGTON UNIVERSITY CENTER FOR GENOME SCIENCES,
ERR6564594,AMPLICON,500,18396000,Stool,PRJEB44020,SAMEA8793742,9422336,WASHINGTON UNIVERSITY CENTER FOR GENOME SCIENCES,Week1,public,"run.zq,sra,fastq","s3,gs,ncbi","s3.us-east-1,ncbi.public,gs.us-east1",Free diet,2022-04-14,2022-04-14,2022-04-14,2022-04-14,ERX6190784,SAMEA8793742,Homo sapiens,WASHINGTON UNIVERSITY CENTER FOR GENOME SCIENCES,2022-04-14T00:23:43Z,2022-04-14T00:23:43Z,public,unspecified,PAIRED,PCR,METAGENOMIC,metagenome,TP01-02,ILLUMINA,2022-04-14T00:00:00Z,2022-05-17T20:36:00Z,1,SAMEA8793742,TP01-02_Week1_Study1PeaFiber,ERP128019,TP01-02_Week1_Study1PeaFiber,WASHINGTON UNIVERSITY CENTER FOR GENOME SCIENCES,
ERR6564595,AMPLICON,500,68528000,Stool,PRJEB44020,SAMEA8793749,35558230,WASHINGTON UNIVERSITY CENTER FOR GENOME SCIENCES,Week1,public,"sra,run.zq,fastq","s3,gs,ncbi","ncbi.public,s3.us-east-1,gs.us-east1",Free diet,2022-04-14,2022-04-14,2022-04-14,2022-04-14,ERX6190785,SAMEA8793749,Homo sapiens,WASHINGTON UNIVERSITY CENTER FOR GENOME SCIENCES,2022-04-14T00:23:43Z,2022-04-14T00:23:43Z,public,unspecified,PAIRED,PCR,METAGENOMIC,metagenome,TP02-01,ILLUMINA,2022-04-14T00:00:00Z,2022-05-17T20:36:00Z,1,SAMEA8793749,TP02-01_Week1_Study1PeaFiber,ERP128019,TP02-01_Week1_Study1PeaFiber,WASHINGTON UNIVERSITY CENTER FOR GENOME SCIENCES,
ERR6564596,AMPLICON,500,64651000,Stool,PRJEB44020,SAMEA8793756,33949933,WASHINGTON UNIVERSITY CENTER FOR GENOME SCIENCES,Week1,public,"run.zq,sra,fastq","ncbi,gs,s3","gs.us-east1,ncbi.public,s3.us-east-1",Free diet,2022-04-14,2022-04-14,2022-04-14,2022-04-14,ERX6190786,SAMEA8793756,Homo sapiens,WASHINGTON UNIVERSITY CENTER FOR GENOME SCIENCES,2022-04-14T00:23:43Z,2022-04-14T00:23:43Z,public,unspecified,PAIRED,PCR,METAGENOMIC,metagenome,TP02-02,ILLUMINA,2022-04-14T00:00:00Z,2022-05-17T20:37:00Z,1,SAMEA8793756,TP02-02_Week1_Study1PeaFiber,ERP128019,TP02-02_Week1_Study1PeaFiber,WASHINGTON UNIVERSITY CENTER FOR GENOME SCIENCES,
ERR6564597,AMPLICON,500,16860000,Stool,PRJEB44020,SAMEA8793763,8550515,WASHINGTON UNIVERSITY CENTER FOR GENOME SCIENCES,Week1,public,"fastq,run.zq,sra","gs,s3,ncbi","gs.us-east1,s3.us-east-1,ncbi.public",Free diet,2022-04-14,2022-04-14,2022-04-14,2022-04-14,ERX6190787,SAMEA8793763,Homo sapiens,WASHINGTON UNIVERSITY CENTER FOR GENOME SCIENCES,2022-04-14T00:23:43Z,2022-04-14T00:23:43Z,public,unspecified,PAIRED,PCR,METAGENOMIC,metagenome,TP03-01,ILLUMINA,2022-04-14T00:00:00Z,2022-05-17T20:36:00Z,1,SAMEA8793763,TP03-01_Week1_Study1PeaFiber,ERP128019,TP03-01_Week1_Study1PeaFiber,WASHINGTON UNIVERSITY CENTER FOR GENOME SCIENCES,
ERR6564599,AMPLICON,500,20168500,Stool,PRJEB44020,SAMEA8793770,10326896,WASHINGTON UNIVERSITY CENTER FOR GENOME SCIENCES,Week1,public,"sra,run.zq,fastq","s3,ncbi,gs","s3.us-east-1,ncbi.public,gs.us-east1",Free diet,2022-04-14,2022-04-14,2022-04-14,2022-04-14,ERX6190789,SAMEA8793770,Homo sapiens,WASHINGTON UNIVERSITY CENTER FOR GENOME SCIENCES,2022-04-14T00:23:43Z,2022-04-14T00:23:43Z,public,unspecified,PAIRED,PCR,METAGENOMIC,metagenome,TP03-02,ILLUMINA,2022-04-14T00:00:00Z,2022-05-17T20:36:00Z,1,SAMEA8793770,TP03-02_Week1_Study1PeaFiber,ERP128019,TP03-02_Week1_Study1PeaFiber,WASHINGTON UNIVERSITY CENTER FOR GENOME SCIENCES,
ERR6564600,AMPLICON,500,19751500,Stool,PRJEB44020,SAMEA8793777,10020080,WASHINGTON UNIVERSITY CENTER FOR GENOME SCIENCES,Week1,public,"sra,run.zq,fastq","gs,s3,ncbi","s3.us-east-1,ncbi.public,gs.us-east1",Free diet,2022-04-14,2022-04-14,2022-04-14,2022-04-14,ERX6190790,SAMEA8793777,Homo sapiens,WASHINGTON UNIVERSITY CENTER FOR GENOME SCIENCES,2022-04-14T00:23:43Z,2022-04-14T00:23:43Z,public,unspecified,PAIRED,PCR,METAGENOMIC,metagenome,TP04-01,ILLUMINA,2022-04-14T00:00:00Z,2022-05-17T20:36:00Z,1,SAMEA8793777,TP04-01_Week1_Study1PeaFiber,ERP128019,TP04-01_Week1_Study1PeaFiber,WASHINGTON UNIVERSITY CENTER FOR GENOME SCIENCES,
ERR6564601,AMPLICON,500,19741500,Stool,PRJEB44020,SAMEA8793784,10040474,WASHINGTON UNIVERSITY CENTER FOR GENOME SCIENCES,Week1,public,"sra,run.zq,fastq","s3,ncbi,gs","s3.us-east-1,gs.us-east1,ncbi.public",Free diet,2022-04-14,2022-04-14,2022-04-14,2022-04-14,ERX6190791,SAMEA8793784,Homo sapiens,WASHINGTON UNIVERSITY CENTER FOR GENOME SCIENCES,2022-04-14T00:23:43Z,2022-04-14T00:23:43Z,public,unspecified,PAIRED,PCR,METAGENOMIC,metagenome,TP04-02,ILLUMINA,2022-04-14T00:00:00Z,2022-05-17T20:36:00Z,1,SAMEA8793784,TP04-02_Week1_Study1PeaFiber,ERP128019,TP04-02_Week1_Study1PeaFiber,WASHINGTON UNIVERSITY CENTER FOR GENOME SCIENCES,
ERR6564602,AMPLICON,500,22425500,Stool,PRJEB44020,SAMEA8793791,11554775,WASHINGTON UNIVERSITY CENTER FOR GENOME SCIENCES,Week1,public,"run.zq,sra,fastq","gs,ncbi,s3","ncbi.public,gs.us-east1,s3.us-east-1",Free diet,2022-04-14,2022-04-14,2022-04-14,2022-04-14,ERX6190792,SAMEA8793791,Homo sapiens,WASHINGTON UNIVERSITY CENTER FOR GENOME SCIENCES,2022-04-14T00:23:43Z,2022-04-14T00:23:43Z,public,unspecified,PAIRED,PCR,METAGENOMIC,metagenome,TP05-01,ILLUMINA,2022-04-14T00:00:00Z,2022-05-12T04:10:00Z,1,SAMEA8793791,TP05-01_Week1_Study1PeaFiber,ERP128019,TP05-01_Week1_Study1PeaFiber,WASHINGTON UNIVERSITY CENTER FOR GENOME SCIENCES,
ERR6564603,AMPLICON,500,21272500,Stool,PRJEB44020,SAMEA8793798,10838436,WASHINGTON UNIVERSITY CENTER FOR GENOME SCIENCES,Week1,public,"sra,fastq,run.zq","gs,ncbi,s3","gs.us-east1,s3.us-east-1,ncbi.public",Free diet,2022-04-14,2022-04-14,2022-04-14,2022-04-14,ERX6190793,SAMEA8793798,Homo sapiens,WASHINGTON UNIVERSITY CENTER FOR GENOME SCIENCES,2022-04-14T00:23:44Z,2022-04-14T00:23:44Z,public,unspecified,PAIRED,PCR,METAGENOMIC,metagenome,TP05-02,ILLUMINA,2022-04-14T00:00:00Z,2022-05-12T04:10:00Z,1,SAMEA8793798,TP05-02_Week1_Study1PeaFiber,ERP128019,TP05-02_Week1_Study1PeaFiber,WASHINGTON UNIVERSITY CENTER FOR GENOME SCIENCES,
ERR6564604,AMPLICON,500,18443500,Stool,PRJEB44020,SAMEA8793805,9327180,WASHINGTON UNIVERSITY CENTER FOR GENOME SCIENCES,Week1,public,"sra,fastq,run.zq","ncbi,gs,s3","s3.us-east-1,gs.us-east1,ncbi.public",Free diet,2022-04-14,2022-04-14,2022-04-14,2022-04-14,ERX6190794,SAMEA8793805,Homo sapiens,WASHINGTON UNIVERSITY CENTER FOR GENOME SCIENCES,2022-04-14T00:23:44Z,2022-04-14T00:23:44Z,public,unspecified,PAIRED,PCR,METAGENOMIC,metagenome,TP06-01,ILLUMINA,2022-04-14T00:00:00Z,2022-05-12T04:10:00Z,1,SAMEA8793805,TP06-01_Week1_Study1PeaFiber,ERP128019,TP06-01_Week1_Study1PeaFiber,WASHINGTON UNIVERSITY CENTER FOR GENOME SCIENCES,
ERR6564605,AMPLICON,500,19449000,Stool,PRJEB44020,SAMEA8793812,9955124,WASHINGTON UNIVERSITY CENTER FOR GENOME SCIENCES,Week1,public,"run.zq,sra,fastq","ncbi,gs,s3","s3.us-east-1,gs.us-east1,ncbi.public",Free diet,2022-04-14,2022-04-14,2022-04-14,2022-04-14,ERX6190795,SAMEA8793812,Homo sapiens,WASHINGTON UNIVERSITY CENTER FOR GENOME SCIENCES,2022-04-14T00:23:44Z,2022-04-14T00:23:44Z,public,unspecified,PAIRED,PCR,METAGENOMIC,metagenome,TP06-02,ILLUMINA,2022-04-14T00:00:00Z,2022-05-12T04:10:00Z,1,SAMEA8793812,TP06-02_Week1_Study1PeaFiber,ERP128019,TP06-02_Week1_Study1PeaFiber,WASHINGTON UNIVERSITY CENTER FOR GENOME SCIENCES,
ERR6564606,AMPLICON,500,73177500,Stool,PRJEB44020,SAMEA8793819,37398364,WASHINGTON UNIVERSITY CENTER FOR GENOME SCIENCES,Week1,public,"fastq,run.zq,sra","s3,gs,ncbi","s3.us-east-1,ncbi.public,gs.us-east1",Free diet,2022-04-14,2022-04-14,2022-04-14,2022-04-14,ERX6190796,SAMEA8793819,Homo sapiens,WASHINGTON UNIVERSITY CENTER FOR GENOME SCIENCES,2022-04-14T00:23:44Z,2022-04-14T00:23:44Z,public,unspecified,PAIRED,PCR,METAGENOMIC,metagenome,TP07-01,ILLUMINA,2022-04-14T00:00:00Z,2022-05-12T04:10:00Z,1,SAMEA8793819,TP07-01_Week1_Study1PeaFiber,ERP128019,TP07-01_Week1_Study1PeaFiber,WASHINGTON UNIVERSITY CENTER FOR GENOME SCIENCES,
ERR6564607,AMPLICON,500,77810500,Stool,PRJEB44020,SAMEA8793826,40109448,WASHINGTON UNIVERSITY CENTER FOR GENOME SCIENCES,Week1,public,"fastq,run.zq,sra","s3,ncbi,gs","ncbi.public,gs.us-east1,s3.us-east-1",Free diet,2022-04-14,2022-04-14,2022-04-14,2022-04-14,ERX6190797,SAMEA8793826,Homo sapiens,WASHINGTON UNIVERSITY CENTER FOR GENOME SCIENCES,2022-04-14T00:23:44Z,2022-04-14T00:23:44Z,public,unspecified,PAIRED,PCR,METAGENOMIC,metagenome,TP07-02,ILLUMINA,2022-04-14T00:00:00Z,2022-05-12T04:10:00Z,1,SAMEA8793826,TP07-02_Week1_Study1PeaFiber,ERP128019,TP07-02_Week1_Study1PeaFiber,WASHINGTON UNIVERSITY CENTER FOR GENOME SCIENCES,
ERR6564608,AMPLICON,500,22635500,Stool,PRJEB44020,SAMEA8793833,11504577,WASHINGTON UNIVERSITY CENTER FOR GENOME SCIENCES,Week1,public,"sra,fastq,run.zq","s3,ncbi,gs","gs.us-east1,s3.us-east-1,ncbi.public",Free diet,2022-04-14,2022-04-14,2022-04-14,2022-04-14,ERX6190798,SAMEA8793833,Homo sapiens,WASHINGTON UNIVERSITY CENTER FOR GENOME SCIENCES,2022-04-14T00:23:44Z,2022-04-14T00:23:44Z,public,unspecified,PAIRED,PCR,METAGENOMIC,metagenome,TP08-01,ILLUMINA,2022-04-14T00:00:00Z,2022-05-17T20:37:00Z,1,SAMEA8793833,TP08-01_Week1_Study1PeaFiber,ERP128019,TP08-01_Week1_Study1PeaFiber,WASHINGTON UNIVERSITY CENTER FOR GENOME SCIENCES,
ERR6564609,AMPLICON,500,18517000,Stool,PRJEB44020,SAMEA8793840,9353349,WASHINGTON UNIVERSITY CENTER FOR GENOME SCIENCES,Week1,public,"fastq,sra,run.zq","s3,ncbi,gs","s3.us-east-1,ncbi.public,gs.us-east1",Free diet,2022-04-14,2022-04-14,2022-04-14,2022-04-14,ERX6190799,SAMEA8793840,Homo sapiens,WASHINGTON UNIVERSITY CENTER FOR GENOME SCIENCES,2022-04-14T00:23:44Z,2022-04-14T00:23:44Z,public,unspecified,PAIRED,PCR,METAGENOMIC,metagenome,TP08-02,ILLUMINA,2022-04-14T00:00:00Z,2022-05-17T20:36:00Z,1,SAMEA8793840,TP08-02_Week1_Study1PeaFiber,ERP128019,TP08-02_Week1_Study1PeaFiber,WASHINGTON UNIVERSITY CENTER FOR GENOME SCIENCES,
ERR6564610,AMPLICON,500,17686000,Stool,PRJEB44020,SAMEA8793847,8817861,WASHINGTON UNIVERSITY CENTER FOR GENOME SCIENCES,Week1,public,"sra,run.zq,fastq","ncbi,gs,s3","ncbi.public,s3.us-east-1,gs.us-east1",Free diet,2022-04-14,2022-04-14,2022-04-14,2022-04-14,ERX6190800,SAMEA8793847,Homo sapiens,WASHINGTON UNIVERSITY CENTER FOR GENOME SCIENCES,2022-04-14T00:23:44Z,2022-04-14T00:23:44Z,public,unspecified,PAIRED,PCR,METAGENOMIC,metagenome,TP09-01,ILLUMINA,2022-04-14T00:00:00Z,2022-05-17T20:36:00Z,1,SAMEA8793847,TP09-01_Week1_Study1PeaFiber,ERP128019,TP09-01_Week1_Study1PeaFiber,WASHINGTON UNIVERSITY CENTER FOR GENOME SCIENCES,
ERR6564611,AMPLICON,500,13937000,Stool,PRJEB44020,SAMEA8793854,7195959,WASHINGTON UNIVERSITY CENTER FOR GENOME SCIENCES,Week1,public,"fastq,sra,run.zq","gs,s3,ncbi","s3.us-east-1,gs.us-east1,ncbi.public",Free diet,2022-04-14,2022-04-14,2022-04-14,2022-04-14,ERX6190801,SAMEA8793854,Homo sapiens,WASHINGTON UNIVERSITY CENTER FOR GENOME SCIENCES,2022-04-14T00:23:44Z,2022-04-14T00:23:44Z,public,unspecified,PAIRED,PCR,METAGENOMIC,metagenome,TP09-02,ILLUMINA,2022-04-14T00:00:00Z,2022-05-17T20:36:00Z,1,SAMEA8793854,TP09-02_Week1_Study1PeaFiber,ERP128019,TP09-02_Week1_Study1PeaFiber,WASHINGTON UNIVERSITY CENTER FOR GENOME SCIENCES,
ERR6564612,AMPLICON,500,12149000,Stool,PRJEB44020,SAMEA8793865,5284245,WASHINGTON UNIVERSITY CENTER FOR GENOME SCIENCES,Week1,public,"fastq,run.zq,sra","s3,ncbi,gs","gs.us-east1,ncbi.public,s3.us-east-1",Free diet,2022-04-14,2022-04-14,2022-04-14,2022-04-14,ERX6190802,SAMEA8793865,Homo sapiens,WASHINGTON UNIVERSITY CENTER FOR GENOME SCIENCES,2022-04-14T00:23:43Z,2022-04-14T00:23:43Z,public,unspecified,PAIRED,PCR,METAGENOMIC,metagenome,TP01-01,ILLUMINA,2022-04-14T00:00:00Z,2022-05-12T04:10:00Z,1,SAMEA8793865,TP01-01_Week1_Study2OrangeFiber,ERP128019,TP01-01_Week1_Study2OrangeFiber,WASHINGTON UNIVERSITY CENTER FOR GENOME SCIENCES,
ERR6564613,AMPLICON,500,13508000,Stool,PRJEB44020,SAMEA8793869,5560918,WASHINGTON UNIVERSITY CENTER FOR GENOME SCIENCES,Week1,public,"run.zq,fastq,sra","s3,ncbi,gs","s3.us-east-1,ncbi.public,gs.us-east1",Free diet,2022-04-14,2022-04-14,2022-04-14,2022-04-14,ERX6190803,SAMEA8793869,Homo sapiens,WASHINGTON UNIVERSITY CENTER FOR GENOME SCIENCES,2022-04-14T00:23:43Z,2022-04-14T00:23:43Z,public,unspecified,PAIRED,PCR,METAGENOMIC,metagenome,TP01-02,ILLUMINA,2022-04-14T00:00:00Z,2022-05-12T04:10:00Z,1,SAMEA8793869,TP01-02_Week1_Study2OrangeFiber,ERP128019,TP01-02_Week1_Study2OrangeFiber,WASHINGTON UNIVERSITY CENTER FOR GENOME SCIENCES,
ERR6564614,AMPLICON,500,13300000,Stool,PRJEB44020,SAMEA8793881,5440517,WASHINGTON UNIVERSITY CENTER FOR GENOME SCIENCES,Week1,public,"run.zq,fastq,sra","ncbi,s3,gs","gs.us-east1,ncbi.public,s3.us-east-1",Free diet,2022-04-14,2022-04-14,2022-04-14,2022-04-14,ERX6190804,SAMEA8793881,Homo sapiens,WASHINGTON UNIVERSITY CENTER FOR GENOME SCIENCES,2022-04-14T00:23:43Z,2022-04-14T00:23:43Z,public,unspecified,PAIRED,PCR,METAGENOMIC,metagenome,TP02-01,ILLUMINA,2022-04-14T00:00:00Z,2022-05-17T20:36:00Z,1,SAMEA8793881,TP02-01_Week1_Study2OrangeFiber,ERP128019,TP02-01_Week1_Study2OrangeFiber,WASHINGTON UNIVERSITY CENTER FOR GENOME SCIENCES,
ERR6564615,AMPLICON,500,12808000,Stool,PRJEB44020,SAMEA8793885,5401536,WASHINGTON UNIVERSITY CENTER FOR GENOME SCIENCES,Week1,public,"run.zq,sra,fastq","gs,s3,ncbi","gs.us-east1,s3.us-east-1,ncbi.public",Free diet,2022-04-14,2022-04-14,2022-04-14,2022-04-14,ERX6190805,SAMEA8793885,Homo sapiens,WASHINGTON UNIVERSITY CENTER FOR GENOME SCIENCES,2022-04-14T00:23:43Z,2022-04-14T00:23:43Z,public,unspecified,PAIRED,PCR,METAGENOMIC,metagenome,TP02-02,ILLUMINA,2022-04-14T00:00:00Z,2022-05-12T04:10:00Z,1,SAMEA8793885,TP02-02_Week1_Study2OrangeFiber,ERP128019,TP02-02_Week1_Study2OrangeFiber,WASHINGTON UNIVERSITY CENTER FOR GENOME SCIENCES,
ERR6564616,AMPLICON,500,50755500,Stool,PRJEB44020,SAMEA8793913,25407286,WASHINGTON UNIVERSITY CENTER FOR GENOME SCIENCES,Week1,public,"run.zq,fastq,sra","ncbi,gs,s3","s3.us-east-1,ncbi.public,gs.us-east1",Free diet,2022-04-14,2022-04-14,2022-04-14,2022-04-14,ERX6190806,SAMEA8793913,Homo sapiens,WASHINGTON UNIVERSITY CENTER FOR GENOME SCIENCES,2022-04-14T00:23:43Z,2022-04-14T00:23:43Z,public,unspecified,PAIRED,PCR,METAGENOMIC,metagenome,TP03-01,ILLUMINA,2022-04-14T00:00:00Z,2022-05-17T20:36:00Z,1,SAMEA8793913,TP03-01_Week1_Study2OrangeFiber,ERP128019,TP03-01_Week1_Study2OrangeFiber,WASHINGTON UNIVERSITY CENTER FOR GENOME SCIENCES,
ERR6564617,AMPLICON,500,13825000,Stool,PRJEB44020,SAMEA8793917,5675565,WASHINGTON UNIVERSITY CENTER FOR GENOME SCIENCES,Week1,public,"fastq,run.zq,sra","ncbi,s3,gs","ncbi.public,gs.us-east1,s3.us-east-1",Free diet,2022-04-14,2022-04-14,2022-04-14,2022-04-14,ERX6190807,SAMEA8793917,Homo sapiens,WASHINGTON UNIVERSITY CENTER FOR GENOME SCIENCES,2022-04-14T00:23:43Z,2022-04-14T00:23:43Z,public,unspecified,PAIRED,PCR,METAGENOMIC,metagenome,TP03-02,ILLUMINA,2022-04-14T00:00:00Z,2022-05-17T20:36:00Z,1,SAMEA8793917,TP03-02_Week1_Study2OrangeFiber,ERP128019,TP03-02_Week1_Study2OrangeFiber,WASHINGTON UNIVERSITY CENTER FOR GENOME SCIENCES,
ERR6564618,AMPLICON,500,14824000,Stool,PRJEB44020,SAMEA8793937,6077075,WASHINGTON UNIVERSITY CENTER FOR GENOME SCIENCES,Week1,public,"run.zq,sra,fastq","ncbi,s3,gs","ncbi.public,s3.us-east-1,gs.us-east1",Free diet,2022-04-14,2022-04-14,2022-04-14,2022-04-14,ERX6190808,SAMEA8793937,Homo sapiens,WASHINGTON UNIVERSITY CENTER FOR GENOME SCIENCES,2022-04-14T00:23:43Z,2022-04-14T00:23:43Z,public,unspecified,PAIRED,PCR,METAGENOMIC,metagenome,TP04-01,ILLUMINA,2022-04-14T00:00:00Z,2022-05-12T04:10:00Z,1,SAMEA8793937,TP04-01_Week1_Study2OrangeFiber,ERP128019,TP04-01_Week1_Study2OrangeFiber,WASHINGTON UNIVERSITY CENTER FOR GENOME SCIENCES,
ERR6564619,AMPLICON,500,14581500,Stool,PRJEB44020,SAMEA8793941,6141256,WASHINGTON UNIVERSITY CENTER FOR GENOME SCIENCES,Week1,public,"run.zq,sra,fastq","ncbi,gs,s3","s3.us-east-1,gs.us-east1,ncbi.public",Free diet,2022-04-14,2022-04-14,2022-04-14,2022-04-14,ERX6190809,SAMEA8793941,Homo sapiens,WASHINGTON UNIVERSITY CENTER FOR GENOME SCIENCES,2022-04-14T00:23:43Z,2022-04-14T00:23:43Z,public,unspecified,PAIRED,PCR,METAGENOMIC,metagenome,TP04-02,ILLUMINA,2022-04-14T00:00:00Z,2022-05-17T20:36:00Z,1,SAMEA8793941,TP04-02_Week1_Study2OrangeFiber,ERP128019,TP04-02_Week1_Study2OrangeFiber,WASHINGTON UNIVERSITY CENTER FOR GENOME SCIENCES,
ERR6564620,AMPLICON,500,14367500,Stool,PRJEB44020,SAMEA8793945,5906546,WASHINGTON UNIVERSITY CENTER FOR GENOME SCIENCES,Week1,public,"sra,run.zq,fastq","ncbi,gs,s3","ncbi.public,gs.us-east1,s3.us-east-1",Free diet,2022-04-14,2022-04-14,2022-04-14,2022-04-14,ERX6190810,SAMEA8793945,Homo sapiens,WASHINGTON UNIVERSITY CENTER FOR GENOME SCIENCES,2022-04-14T00:23:43Z,2022-04-14T00:23:43Z,public,unspecified,PAIRED,PCR,METAGENOMIC,metagenome,TP05-01,ILLUMINA,2022-04-14T00:00:00Z,2022-05-17T20:36:00Z,1,SAMEA8793945,TP05-01_Week1_Study2OrangeFiber,ERP128019,TP05-01_Week1_Study2OrangeFiber,WASHINGTON UNIVERSITY CENTER FOR GENOME SCIENCES,
ERR6564621,AMPLICON,500,14334000,Stool,PRJEB44020,SAMEA8793949,5880933,WASHINGTON UNIVERSITY CENTER FOR GENOME SCIENCES,Week1,public,"fastq,sra,run.zq","gs,s3,ncbi","ncbi.public,s3.us-east-1,gs.us-east1",Free diet,2022-04-14,2022-04-14,2022-04-14,2022-04-14,ERX6190811,SAMEA8793949,Homo sapiens,WASHINGTON UNIVERSITY CENTER FOR GENOME SCIENCES,2022-04-14T00:23:43Z,2022-04-14T00:23:43Z,public,unspecified,PAIRED,PCR,METAGENOMIC,metagenome,TP05-02,ILLUMINA,2022-04-14T00:00:00Z,2022-05-17T20:36:00Z,1,SAMEA8793949,TP05-02_Week1_Study2OrangeFiber,ERP128019,TP05-02_Week1_Study2OrangeFiber,WASHINGTON UNIVERSITY CENTER FOR GENOME SCIENCES,
ERR6564622,AMPLICON,500,14641500,Stool,PRJEB44020,SAMEA8793905,6154628,WASHINGTON UNIVERSITY CENTER FOR GENOME SCIENCES,Week1,public,"run.zq,sra,fastq","gs,ncbi,s3","gs.us-east1,ncbi.public,s3.us-east-1",Free diet,2022-04-14,2022-04-14,2022-04-14,2022-04-14,ERX6190812,SAMEA8793905,Homo sapiens,WASHINGTON UNIVERSITY CENTER FOR GENOME SCIENCES,2022-04-14T00:23:43Z,2022-04-14T00:23:43Z,public,unspecified,PAIRED,PCR,METAGENOMIC,metagenome,TP06-01,ILLUMINA,2022-04-14T00:00:00Z,2022-05-17T20:36:00Z,1,SAMEA8793905,TP06-01_Week1_Study2OrangeFiber,ERP128019,TP06-01_Week1_Study2OrangeFiber,WASHINGTON UNIVERSITY CENTER FOR GENOME SCIENCES,
ERR6564623,AMPLICON,500,13851500,Stool,PRJEB44020,SAMEA8793909,5814968,WASHINGTON UNIVERSITY CENTER FOR GENOME SCIENCES,Week1,public,"sra,fastq,run.zq","gs,ncbi,s3","gs.us-east1,s3.us-east-1,ncbi.public",Free diet,2022-04-14,2022-04-14,2022-04-14,2022-04-14,ERX6190813,SAMEA8793909,Homo sapiens,WASHINGTON UNIVERSITY CENTER FOR GENOME SCIENCES,2022-04-14T00:23:43Z,2022-04-14T00:23:43Z,public,unspecified,PAIRED,PCR,METAGENOMIC,metagenome,TP06-02,ILLUMINA,2022-04-14T00:00:00Z,2022-05-12T04:10:00Z,1,SAMEA8793909,TP06-02_Week1_Study2OrangeFiber,ERP128019,TP06-02_Week1_Study2OrangeFiber,WASHINGTON UNIVERSITY CENTER FOR GENOME SCIENCES,
ERR6564624,AMPLICON,500,13407000,Stool,PRJEB44020,SAMEA8793889,5529561,WASHINGTON UNIVERSITY CENTER FOR GENOME SCIENCES,Week1,public,"fastq,sra,run.zq","s3,gs,ncbi","gs.us-east1,ncbi.public,s3.us-east-1",Free diet,2022-04-14,2022-04-14,2022-04-14,2022-04-14,ERX6190814,SAMEA8793889,Homo sapiens,WASHINGTON UNIVERSITY CENTER FOR GENOME SCIENCES,2022-04-14T00:23:43Z,2022-04-14T00:23:43Z,public,unspecified,PAIRED,PCR,METAGENOMIC,metagenome,TP07-01,ILLUMINA,2022-04-14T00:00:00Z,2022-05-12T04:10:00Z,1,SAMEA8793889,TP07-01_Week1_Study2OrangeFiber,ERP128019,TP07-01_Week1_Study2OrangeFiber,WASHINGTON UNIVERSITY CENTER FOR GENOME SCIENCES,
ERR6564625,AMPLICON,500,14127000,Stool,PRJEB44020,SAMEA8793893,5783043,WASHINGTON UNIVERSITY CENTER FOR GENOME SCIENCES,Week1,public,"run.zq,fastq,sra","gs,s3,ncbi","s3.us-east-1,ncbi.public,gs.us-east1",Free diet,2022-04-14,2022-04-14,2022-04-14,2022-04-14,ERX6190815,SAMEA8793893,Homo sapiens,WASHINGTON UNIVERSITY CENTER FOR GENOME SCIENCES,2022-04-14T00:23:43Z,2022-04-14T00:23:43Z,public,unspecified,PAIRED,PCR,METAGENOMIC,metagenome,TP07-02,ILLUMINA,2022-04-14T00:00:00Z,2022-05-12T04:10:00Z,1,SAMEA8793893,TP07-02_Week1_Study2OrangeFiber,ERP128019,TP07-02_Week1_Study2OrangeFiber,WASHINGTON UNIVERSITY CENTER FOR GENOME SCIENCES,
ERR6564626,AMPLICON,500,14274000,Stool,PRJEB44020,SAMEA8793953,5820031,WASHINGTON UNIVERSITY CENTER FOR GENOME SCIENCES,Week1,public,"sra,run.zq,fastq","s3,gs,ncbi","s3.us-east-1,ncbi.public,gs.us-east1",Free diet,2022-04-14,2022-04-14,2022-04-14,2022-04-14,ERX6190816,SAMEA8793953,Homo sapiens,WASHINGTON UNIVERSITY CENTER FOR GENOME SCIENCES,2022-04-14T00:23:43Z,2022-04-14T00:23:43Z,public,unspecified,PAIRED,PCR,METAGENOMIC,metagenome,TP08-01,ILLUMINA,2022-04-14T00:00:00Z,2022-05-17T20:36:00Z,1,SAMEA8793953,TP08-01_Week1_Study2OrangeFiber,ERP128019,TP08-01_Week1_Study2OrangeFiber,WASHINGTON UNIVERSITY CENTER FOR GENOME SCIENCES,
ERR6564627,AMPLICON,500,13074000,Stool,PRJEB44020,SAMEA8793861,5339398,WASHINGTON UNIVERSITY CENTER FOR GENOME SCIENCES,Week1,public,"sra,fastq,run.zq","ncbi,s3,gs","s3.us-east-1,ncbi.public,gs.us-east1",Free diet,2022-04-14,2022-04-14,2022-04-14,2022-04-14,ERX6190817,SAMEA8793861,Homo sapiens,WASHINGTON UNIVERSITY CENTER FOR GENOME SCIENCES,2022-04-14T00:23:43Z,2022-04-14T00:23:43Z,public,unspecified,PAIRED,PCR,METAGENOMIC,metagenome,TP08-02,ILLUMINA,2022-04-14T00:00:00Z,2022-05-12T04:10:00Z,1,SAMEA8793861,TP08-02_Week1_Study2OrangeFiber,ERP128019,TP08-02_Week1_Study2OrangeFiber,WASHINGTON UNIVERSITY CENTER FOR GENOME SCIENCES,
ERR6564628,AMPLICON,500,13819500,Stool,PRJEB44020,SAMEA8793873,5583899,WASHINGTON UNIVERSITY CENTER FOR GENOME SCIENCES,Week1,public,"sra,run.zq,fastq","s3,gs,ncbi","gs.us-east1,ncbi.public,s3.us-east-1",Free diet,2022-04-14,2022-04-14,2022-04-14,2022-04-14,ERX6190818,SAMEA8793873,Homo sapiens,WASHINGTON UNIVERSITY CENTER FOR GENOME SCIENCES,2022-04-14T00:23:43Z,2022-04-14T00:23:43Z,public,unspecified,PAIRED,PCR,METAGENOMIC,metagenome,TP09-01,ILLUMINA,2022-04-14T00:00:00Z,2022-05-12T04:10:00Z,1,SAMEA8793873,TP09-01_Week1_Study2OrangeFiber,ERP128019,TP09-01_Week1_Study2OrangeFiber,WASHINGTON UNIVERSITY CENTER FOR GENOME SCIENCES,
ERR6564629,AMPLICON,500,13885000,Stool,PRJEB44020,SAMEA8793877,5827801,WASHINGTON UNIVERSITY CENTER FOR GENOME SCIENCES,Week1,public,"fastq,run.zq,sra","s3,gs,ncbi","s3.us-east-1,gs.us-east1,ncbi.public",Free diet,2022-04-14,2022-04-14,2022-04-14,2022-04-14,ERX6190819,SAMEA8793877,Homo sapiens,WASHINGTON UNIVERSITY CENTER FOR GENOME SCIENCES,2022-04-14T00:23:43Z,2022-04-14T00:23:43Z,public,unspecified,PAIRED,PCR,METAGENOMIC,metagenome,TP09-02,ILLUMINA,2022-04-14T00:00:00Z,2022-05-12T04:10:00Z,1,SAMEA8793877,TP09-02_Week1_Study2OrangeFiber,ERP128019,TP09-02_Week1_Study2OrangeFiber,WASHINGTON UNIVERSITY CENTER FOR GENOME SCIENCES,
ERR6564630,AMPLICON,500,15075000,Stool,PRJEB44020,SAMEA8793921,6160073,WASHINGTON UNIVERSITY CENTER FOR GENOME SCIENCES,Week1,public,"sra,fastq,run.zq","s3,ncbi,gs","ncbi.public,s3.us-east-1,gs.us-east1",Free diet,2022-04-14,2022-04-14,2022-04-14,2022-04-14,ERX6190820,SAMEA8793921,Homo sapiens,WASHINGTON UNIVERSITY CENTER FOR GENOME SCIENCES,2022-04-14T00:23:43Z,2022-04-14T00:23:43Z,public,unspecified,PAIRED,PCR,METAGENOMIC,metagenome,TP10-01,ILLUMINA,2022-04-14T00:00:00Z,2022-05-12T04:10:00Z,1,SAMEA8793921,TP10-01_Week1_Study2OrangeFiber,ERP128019,TP10-01_Week1_Study2OrangeFiber,WASHINGTON UNIVERSITY CENTER FOR GENOME SCIENCES,
ERR6564631,AMPLICON,500,11856500,Stool,PRJEB44020,SAMEA8793925,4907420,WASHINGTON UNIVERSITY CENTER FOR GENOME SCIENCES,Week1,public,"fastq,sra,run.zq","ncbi,gs,s3","gs.us-east1,s3.us-east-1,ncbi.public",Free diet,2022-04-14,2022-04-14,2022-04-14,2022-04-14,ERX6190821,SAMEA8793925,Homo sapiens,WASHINGTON UNIVERSITY CENTER FOR GENOME SCIENCES,2022-04-14T00:23:43Z,2022-04-14T00:23:43Z,public,unspecified,PAIRED,PCR,METAGENOMIC,metagenome,TP10-02,ILLUMINA,2022-04-14T00:00:00Z,2022-05-17T20:37:00Z,1,SAMEA8793925,TP10-02_Week1_Study2OrangeFiber,ERP128019,TP10-02_Week1_Study2OrangeFiber,WASHINGTON UNIVERSITY CENTER FOR GENOME SCIENCES,
ERR6564632,AMPLICON,500,14708000,Stool,PRJEB44020,SAMEA8793929,6131910,WASHINGTON UNIVERSITY CENTER FOR GENOME SCIENCES,Week1,public,"sra,fastq,run.zq","ncbi,s3,gs","gs.us-east1,s3.us-east-1,ncbi.public",Free diet,2022-04-14,2022-04-14,2022-04-14,2022-04-14,ERX6190822,SAMEA8793929,Homo sapiens,WASHINGTON UNIVERSITY CENTER FOR GENOME SCIENCES,2022-04-14T00:23:43Z,2022-04-14T00:23:43Z,public,unspecified,PAIRED,PCR,METAGENOMIC,metagenome,TP11-01,ILLUMINA,2022-04-14T00:00:00Z,2022-05-12T04:10:00Z,1,SAMEA8793929,TP11-01_Week1_Study2OrangeFiber,ERP128019,TP11-01_Week1_Study2OrangeFiber,WASHINGTON UNIVERSITY CENTER FOR GENOME SCIENCES,
ERR6564633,AMPLICON,500,22809500,Stool,PRJEB44020,SAMEA8793933,9566168,WASHINGTON UNIVERSITY CENTER FOR GENOME SCIENCES,Week1,public,"run.zq,sra,fastq","s3,ncbi,gs","ncbi.public,gs.us-east1,s3.us-east-1",Free diet,2022-04-14,2022-04-14,2022-04-14,2022-04-14,ERX6190823,SAMEA8793933,Homo sapiens,WASHINGTON UNIVERSITY CENTER FOR GENOME SCIENCES,2022-04-14T00:23:43Z,2022-04-14T00:23:43Z,public,unspecified,PAIRED,PCR,METAGENOMIC,metagenome,TP11-02,ILLUMINA,2022-04-14T00:00:00Z,2022-05-12T04:10:00Z,1,SAMEA8793933,TP11-02_Week1_Study2OrangeFiber,ERP128019,TP11-02_Week1_Study2OrangeFiber,WASHINGTON UNIVERSITY CENTER FOR GENOME SCIENCES,
ERR6564634,AMPLICON,500,11760500,Stool,PRJEB44020,SAMEA8793897,5068007,WASHINGTON UNIVERSITY CENTER FOR GENOME SCIENCES,Week1,public,"fastq,sra,run.zq","gs,ncbi,s3","gs.us-east1,s3.us-east-1,ncbi.public",Free diet,2022-04-14,2022-04-14,2022-04-14,2022-04-14,ERX6190824,SAMEA8793897,Homo sapiens,WASHINGTON UNIVERSITY CENTER FOR GENOME SCIENCES,2022-04-14T00:23:43Z,2022-04-14T00:23:43Z,public,unspecified,PAIRED,PCR,METAGENOMIC,metagenome,TP12-01,ILLUMINA,2022-04-14T00:00:00Z,2022-05-12T04:10:00Z,1,SAMEA8793897,TP12-01_Week1_Study2OrangeFiber,ERP128019,TP12-01_Week1_Study2OrangeFiber,WASHINGTON UNIVERSITY CENTER FOR GENOME SCIENCES,
ERR6564635,AMPLICON,500,12471500,Stool,PRJEB44020,SAMEA8793901,5188350,WASHINGTON UNIVERSITY CENTER FOR GENOME SCIENCES,Week1,public,"run.zq,fastq,sra","gs,s3,ncbi","ncbi.public,gs.us-east1,s3.us-east-1",Free diet,2022-04-14,2022-04-14,2022-04-14,2022-04-14,ERX6190825,SAMEA8793901,Homo sapiens,WASHINGTON UNIVERSITY CENTER FOR GENOME SCIENCES,2022-04-14T00:23:43Z,2022-04-14T00:23:43Z,public,unspecified,PAIRED,PCR,METAGENOMIC,metagenome,TP12-02,ILLUMINA,2022-04-14T00:00:00Z,2022-05-17T20:36:00Z,1,SAMEA8793901,TP12-02_Week1_Study2OrangeFiber,ERP128019,TP12-02_Week1_Study2OrangeFiber,WASHINGTON UNIVERSITY CENTER FOR GENOME SCIENCES,
