feature	SRR13759185	SRR13759186	SRR13759187	SRR13759188	SRR13759189	SRR13759190	SRR13759191	SRR13759192	SRR13759193	SRR13759194	SRR13759195	SRR13759196	SRR13759197	SRR13759198	SRR13759199	SRR13759200	SRR13759201	SRR13759202	SRR13759203	SRR13759204	SRR13759205	SRR13759206	SRR13759207	SRR13759208	SRR13759209	SRR13759210	SRR13759211	SRR13759212	SRR13759213	SRR13759214	SRR13759215	SRR13759216	SRR13759217	SRR13759218	SRR13759219	SRR13759220	SRR13759221	SRR13759222	SRR13759223	SRR13759224	SRR13759225	SRR13759226	SRR13759227	SRR13759228	SRR13759229	SRR13759230	SRR13759231	SRR13759232	SRR13759233	SRR13759234	SRR13759235	SRR13759236	SRR13759237	SRR13759238	SRR13759239	SRR13759240	SRR13759241	SRR13759242	SRR13759243	SRR13759244	SRR13759245	SRR13759246	SRR13759247	SRR13759248	SRR13759249	SRR13759250	SRR13759251	SRR13759252	SRR13759253	SRR13759254	SRR13759255	SRR13759256	SRR13759257	SRR13759258	SRR13759259	SRR13759260	SRR13759261	SRR13759262	SRR13759263	SRR13759264	SRR13759265	SRR13759266	SRR13759267	SRR13759268	SRR13759269	SRR13759270	SRR13759271	SRR13759272	SRR13759273	SRR13759274	SRR13759275	SRR13759276	SRR13759277	SRR13759278	SRR13759279	SRR13759280	SRR13759281	SRR13759282	SRR13759283	SRR13759284	SRR13759285	SRR13759286	SRR13759287	SRR13759288	SRR13759289	SRR13759290	SRR13759291	SRR13759292	SRR13759293	SRR13759294	SRR13759295	SRR13759296	SRR13759297	SRR13759298	SRR13759299	SRR13759300	SRR13759301	SRR13759302	SRR13759303	SRR13759304	SRR13759305	SRR13759306	SRR13759307	SRR13759308	SRR13759309	SRR13759310	SRR13759311	SRR13759312	SRR13759313	SRR13759314	SRR13759315	SRR13759316	SRR13759317	SRR13759318	SRR13759319	SRR13759320	SRR13759321	SRR13759322	SRR13759323	SRR13759324	SRR13759325	SRR13759326	SRR13759327	SRR13759328	SRR13759329	SRR13759330	SRR13759331	SRR13759332	SRR13759333	SRR13759334	SRR13759335	SRR13759336	SRR13759337	SRR13759338	SRR13759339	SRR13759340	SRR13759341	SRR13759342	SRR13759343	SRR13759344	SRR13759345	SRR13759346	SRR13759347	SRR13759348	SRR13759349	SRR13759350	SRR13759351	SRR13759352	SRR13759353	SRR13759354	SRR13759355	SRR13759356	SRR13759357	SRR13759358	SRR13759359	SRR13759360	SRR13759361	SRR13759362	SRR13759363	SRR13759364	SRR13759365	SRR13759366	SRR13759367	SRR13759368	SRR13759369	SRR13759370	SRR13759371	SRR13759372	SRR13759373	SRR13759374	SRR13759375	SRR13759376	SRR13759377	SRR13759378	SRR13759379	SRR13759380	SRR13759381	SRR13759382	SRR13759383	SRR13759384
total_reads	12676604.0	18465091.0	13520461.0	22112599.0	17209070.0	20925255.0	21118077.0	15249105.0	12801530.0	14718227.0	19592334.0	14834832.0	15695358.0	17810592.0	15451787.0	14282671.0	19444647.0	15790487.0	16217465.0	10665805.0	13735666.0	19656450.0	17423634.0	20844390.0	15493001.0	19077541.0	17541065.0	14792027.0	16071769.0	15212440.0	16921987.0	16308807.0	23104370.0	16441326.0	15068416.0	17457907.0	19872218.0	17862417.0	16408789.0	18155370.0	17978995.0	17715921.0	14987908.0	18919828.0	18183690.0	18625915.0	16482401.0	14401321.0	13797561.0	13671071.0	15978964.0	16361679.0	17158049.0	17481641.0	20310928.0	17926678.0	19110598.0	19505712.0	16766582.0	17684612.0	21703578.0	17111672.0	17365383.0	17526635.0	15502394.0	20469849.0	17481115.0	17320810.0	16165102.0	18661678.0	14146454.0	19647502.0	14573225.0	18329958.0	17674023.0	16904820.0	24713776.0	15925404.0	17824708.0	18228214.0	19397078.0	17432269.0	17253230.0	16751179.0	17667131.0	17446199.0	16606984.0	19450369.0	21458424.0	18325913.0	15213427.0	16219287.0	21463710.0	13831257.0	15022721.0	18115021.0	22684163.0	15844551.0	18082813.0	24598874.0	16788749.0	19534827.0	15788319.0	18527752.0	19917342.0	15566592.0	18496786.0	20660860.0	14897327.0	17936347.0	22326400.0	13424162.0	17620283.0	28837665.0	15344826.0	16117135.0	15558932.0	17907740.0	19112785.0	24005453.0	18091203.0	16906363.0	17083060.0	17436873.0	20355789.0	16902789.0	15386766.0	25666798.0	14477177.0	14862491.0	22234239.0	19559403.0	17385087.0	22240789.0	18233696.0	21362648.0	19301842.0	16902239.0	22090603.0	24091398.0	17736235.0	16237379.0	18777110.0	20272691.0	15688486.0	17014087.0	15089025.0	19693297.0	19752733.0	20886729.0	21050392.0	15426617.0	18182973.0	18702365.0	18224604.0	16851289.0	16501958.0	19355700.0	17095873.0	17705043.0	14697860.0	18619349.0	19332522.0	24765358.0	16695782.0	20873679.0	19040334.0	16198171.0	15684554.0	14726570.0	15442331.0	20703099.0	13672479.0	19903948.0	14336473.0	16693533.0	16582052.0	19898384.0	19972508.0	19522949.0	17692278.0	20147143.0	12854706.0	18129370.0	19076920.0	18567781.0	15647589.0	11351257.0	18453773.0	16065245.0	20884244.0	18620706.0	17234059.0	16969580.0	19518414.0	18872838.0	19017833.0	16722064.0	16904466.0	18753469.0
filtered_reads	13681468.0	18525802.0	13558396.0	22172548.0	17158410.0	20643791.0	21235148.0	15276638.0	12874816.0	14712669.0	19554110.0	14910583.0	15730680.0	17779219.0	15466835.0	14198849.0	19439249.0	15734149.0	16253139.0	10686370.0	13705622.0	19550229.0	17478157.0	20848775.0	15496504.0	19098857.0	17545472.0	14782189.0	16053844.0	15224278.0	17041428.0	16319563.0	23061272.0	16477713.0	15014339.0	17600334.0	19795847.0	17889082.0	16403277.0	18126301.0	18019690.0	17462054.0	14985576.0	18918275.0	18197656.0	18623718.0	16459662.0	14451162.0	13814314.0	13736137.0	16149577.0	16453611.0	17167140.0	17525726.0	20058286.0	18041865.0	19284095.0	19592733.0	16819694.0	18211941.0	21819255.0	17179953.0	17414923.0	17533553.0	15470193.0	20474046.0	17457789.0	17410286.0	16143635.0	18555761.0	14174361.0	19781358.0	14520995.0	18236926.0	17782843.0	16873894.0	24495652.0	15877253.0	17855567.0	18227453.0	19438298.0	17470100.0	17273960.0	16652004.0	17681534.0	17526647.0	16554748.0	19436020.0	21559965.0	18379042.0	15185845.0	16189370.0	21585629.0	13932534.0	15040914.0	18166154.0	22684966.0	15837760.0	18067982.0	24511663.0	16697153.0	19554958.0	15760799.0	18595318.0	20230169.0	15601001.0	18222089.0	20690345.0	14896930.0	17962734.0	22555293.0	13408506.0	17681073.0	29379828.0	15329898.0	15986948.0	15622927.0	17937157.0	19070843.0	23935054.0	18070296.0	17108627.0	17139855.0	17443041.0	20345452.0	16853321.0	15436004.0	25612857.0	14446953.0	14877063.0	22228787.0	19557266.0	17504438.0	22259731.0	18286241.0	21351036.0	19495571.0	16965031.0	22147863.0	24132033.0	17759473.0	16266010.0	18781272.0	20305627.0	15668841.0	17046896.0	15029054.0	19705168.0	19753297.0	20819189.0	20904754.0	15581899.0	18314321.0	18674407.0	18077053.0	16834282.0	16417438.0	19299293.0	17006062.0	17685965.0	14672708.0	18794066.0	19529454.0	24896913.0	16721500.0	20983165.0	19012649.0	16127315.0	15734399.0	14720565.0	15430628.0	21488756.0	13757694.0	19879691.0	14134423.0	16709932.0	16522245.0	20242569.0	19914028.0	19582067.0	17663863.0	20204611.0	12987871.0	18238212.0	18791540.0	18536450.0	15836145.0	12488948.0	18439717.0	16086872.0	20875915.0	19183876.0	17327048.0	16819968.0	19452780.0	18848066.0	18944724.0	16784408.0	16932581.0	18762164.0
category	70971.65061	85796.01785	83400.50212	75425.622	77580.10535	72206.43227	98462.68113	97948.48095	79714.44421	78043.43957	76407.0938	71856.02619	71439.1108	70595.83387	69447.04214	60750.68055	78417.72622	74665.48745	88836.3125	88892.86515	69518.36918	70719.43713	85515.00394	81521.03543	78546.7877	79903.16784	84084.89051	93651.98513	62263.93151	75410.66339	79254.73504	74814.52456	64747.01543	77494.68316	68059.76159	86156.8311	76613.47869	72773.16187	70174.55022	68065.39914	81207.523	61064.57726	74684.94455	86492.92354	95023.18757	96587.34248	71679.2953	72000.72406	72774.17976	73370.16572	62716.90735	75489.72986	72738.04053	70083.12628	74331.65389	67475.94669	70464.14234	88323.74402	85305.05235	83962.40254	62097.25233	88739.13152	84555.92364	96081.29908	104059.19729	83024.25848	75503.85367	74628.4774	85976.34721	80660.62559	75500.79573	75122.21934	82230.32434	79522.58434	77921.07643	80471.14987	65973.44945	74867.87849	82738.26904	70808.71282	75793.89648	83910.76602	84622.49624	87433.44741	87039.30571	76719.29151	72358.69145	64658.17789	65726.48458	69163.3723	73346.76461	81936.07917	93706.18062	47643.37312	93969.95089	81314.30735	89692.46719	90019.60371	81130.96539	90806.73905	73339.48585	86909.37602	84061.92306	94466.19478	77766.33217	74429.91084	72600.69588	89370.13783	88611.40478	100805.31536	89184.30857	79959.22936	67784.23784	78303.80543	61650.21886	64402.29503	78682.63111	78152.1107	78407.21569	67134.60374	71334.78919	89999.36911	83724.99453	80263.88602	86548.08886	68619.71629	75008.88336	83297.60894	81853.66009	95036.68258	87967.80573	70289.86034	71099.81463	93983.33926	97836.56718	93197.90522	69890.21267	85820.85168	63710.69573	67852.96537	73567.39559	91234.9564	76078.23746	81039.9742	84822.74828	71927.49448	72019.0432	104805.22885	103350.37934	93728.34359	88264.66589	61051.05642	71359.22631	76582.4439	73561.74418	76045.59196	72221.40976	83105.26124	74030.08631	77351.38007	80969.33768	96349.56251	88625.26274	56096.06111	85972.83161	85584.86015	88237.15587	90196.56396	93442.79458	92475.79863	83653.58361	80050.87378	79935.9208	85379.10727	81328.27682	105548.07287	84757.55823	66211.70109	87835.72051	87222.39733	87470.74777	84503.79529	62891.21825	68833.77191	68721.87988	87471.10857	63114.78755	67189.42878	90147.00867	91744.39472	88997.03878	61243.49404	74613.97063	81245.01284	87907.14311	78512.74397	80375.67275	72390.6436	89127.29416	101736.07539
AA1	49.30147	0.89569	1.08388	5.73511	39.86394	5.7959	127.74109	23.3444	2.5241	0.18592	23.3103	2.49183	11.85932	257.20906	344.33392	11.4798	2.98953	74.05499	19.91469	43.76652	22.16724	4.23711	1.00949	0.24047	13.96407	13.84073	151.14095	3.39895	1.93538	1.19597	21.30118	0.62942	0.25195	19.18068	1.98346	1.35599	0.18409	21.63646	15.68918	17.36428	0.29288	5.88249	13.21842	0.62561	2.86697	0.45948	23.32015	13.89098	1.78889	4.60031	106.80349	13.44999	3.62409	2.13817	2.03454	1.1717	2.28812	19.41974	2.88227	24.33641	153.69539	9.95541	18.32389	3.99488	15.92349	1.39067	201.57491	6.24808	35.58035	35.40469	26.43348	16.90471	5.46453	4.4909	69.10294	38.69762	24.49815	4.04913	1.94931	402.00883	358.73617	18.91085	11.26792	0.87053	12.3566	16.36609	104.67103	12.96404	24.48471	8.20113	117.17751	37.0002	0.4926	85.81587	10.1636	3.93417	0.87375	5.70979	160.03193	31.74669	8.1898	4.65407	5.94344	18.83051	7.63081	2.92365	8.03729	26.99815	0.33291	15.41156	10.17327	7.63314	0.49123	0.38001	22.47257	1.25665	18.47107	8.52209	6.40202	3.61053	16.65607	15.78484	37.05008	7.23356	12.38332	6.66617	37.16901	2.97777	18.41681	9.01939	1.40042	22.99576	4.82328	3.12492	8.14423	4.46709	26.56129	2.38121	7.61062	3.95466	7.99839	14.91692	4.84633	1.32339	6.2071	8.92345	8.67034	2.88664	0.34729	1.14904	3.38844	18.38978	7.30775	2.10206	10.28273	71.33999	6.30672	6.9792	NA	0.86445	10.23109	0.86638	6.20955	65.62322	27.21761	0.34567	5.25414	4.9158	35.57316	10.38777	6.80624	1.43151	12.33654	7.6372	3.36792	20.10967	14.56945	1.79001	11.07977	6.77969	17.42682	0.58794	0.77349	11.76118	1.85239	0.72458	25.23883	17.57847	15.01103	26.06774	52.88386	4.28705	0.9437	0.99849	0.36254	13.16315	3.45915	14.2439	0.41028	0.73648
AA10	NA	0.11039	NA	NA	1.01306	NA	0.1926	0.1254	NA	NA	0.79101	NA	NA	0.05681	NA	0.17519	NA	2.50791	NA	0.6832	NA	NA	NA	NA	NA	NA	2.84401	NA	NA	NA	0.12	NA	NA	NA	NA	NA	NA	0.11431	NA	2.36727	NA	NA	NA	NA	NA	NA	NA	NA	NA	NA	0.12663	NA	NA	NA	NA	NA	NA	NA	NA	NA	0.18745	NA	NA	NA	NA	NA	NA	NA	NA	NA	NA	NA	0.38842	NA	0.18946	NA	0.21995	NA	NA	NA	NA	NA	0.23677	NA	NA	NA	NA	NA	0.81263	0.11127	NA	0.43693	NA	0.22017	0.224	0.11257	NA	NA	8.52033	0.38788	NA	NA	NA	1.03509	NA	NA	NA	1.43315	NA	NA	0.10738	NA	NA	NA	NA	NA	NA	NA	NA	NA	0.12921	NA	NA	NA	NA	NA	NA	0.03992	NA	NA	NA	NA	NA	NA	NA	NA	NA	NA	NA	0.07717	NA	NA	NA	NA	NA	NA	NA	0.23002	NA	NA	0.04891	NA	0.27848	0.59141	0.18637	3.91561	NA	NA	NA	NA	NA	NA	NA	0.04107	1.1551	NA	0.3663	NA	0.64716	NA	NA	NA	NA	NA	NA	NA	2.99731	NA	0.12492	NA	NA	NA	NA	NA	NA	NA	NA	NA	NA	0.27039	NA	NA	NA	NA	NA	NA	NA	0.26784	NA	NA
AA1_2	NA	NA	NA	NA	NA	NA	NA	NA	NA	NA	NA	NA	NA	NA	NA	NA	NA	NA	NA	NA	NA	NA	NA	NA	NA	NA	NA	NA	NA	NA	NA	NA	NA	NA	NA	NA	NA	NA	NA	NA	NA	NA	NA	NA	NA	NA	NA	NA	NA	NA	NA	NA	NA	NA	NA	NA	NA	NA	NA	NA	NA	NA	NA	NA	NA	NA	NA	NA	NA	NA	NA	NA	NA	NA	NA	NA	NA	NA	NA	NA	NA	NA	NA	NA	NA	NA	NA	NA	NA	NA	NA	NA	NA	NA	NA	NA	NA	NA	NA	NA	NA	NA	NA	NA	NA	0.05237	NA	NA	NA	NA	NA	NA	NA	NA	NA	NA	NA	NA	NA	NA	NA	NA	NA	NA	NA	NA	NA	NA	NA	NA	NA	NA	NA	NA	NA	NA	NA	NA	NA	NA	NA	NA	NA	NA	NA	NA	NA	NA	NA	NA	NA	NA	NA	NA	NA	NA	NA	NA	NA	NA	NA	NA	NA	NA	NA	NA	NA	NA	NA	NA	NA	NA	NA	NA	NA	NA	NA	NA	NA	NA	NA	NA	NA	0.08959	NA	NA	NA	NA	NA	NA	NA	NA	NA	NA	NA	NA	NA	NA	NA	NA
AA2	NA	NA	NA	NA	NA	NA	NA	NA	NA	NA	NA	NA	NA	NA	NA	NA	NA	NA	NA	NA	NA	NA	NA	NA	NA	NA	NA	NA	NA	NA	NA	NA	NA	NA	NA	NA	NA	NA	NA	NA	NA	NA	NA	NA	NA	NA	NA	NA	NA	NA	NA	NA	NA	NA	NA	NA	NA	NA	NA	NA	0.1984	NA	NA	NA	NA	NA	NA	NA	NA	NA	NA	NA	NA	NA	NA	NA	NA	NA	NA	NA	NA	NA	NA	NA	NA	NA	NA	NA	NA	NA	NA	NA	NA	NA	NA	NA	NA	NA	NA	NA	NA	NA	NA	NA	NA	0.69371	NA	NA	NA	NA	NA	NA	NA	NA	NA	NA	NA	NA	NA	NA	NA	NA	NA	NA	NA	NA	NA	NA	NA	NA	NA	NA	NA	NA	NA	NA	NA	NA	NA	NA	NA	NA	NA	NA	NA	NA	NA	NA	NA	NA	NA	NA	NA	NA	NA	NA	NA	NA	NA	NA	NA	NA	NA	NA	NA	NA	NA	NA	NA	NA	NA	NA	NA	NA	NA	NA	NA	NA	NA	NA	NA	NA	NA	NA	NA	NA	NA	NA	NA	NA	NA	NA	NA	NA	NA	NA	NA	NA	NA	NA
AA3	16.62407	0.03479	0.38013	1.47028	7.52296	0.57919	11.78889	1.12599	0.17673	0.95807	6.65832	1.34094	0.63643	125.46178	172.49299	4.77906	0.62905	11.56351	0.8195	18.77971	3.71954	0.3031	0.6715	0.1815	4.76582	2.44323	43.38076	1.0586	1.99578	1.60392	8.76254	0.70507	0.23045	1.0482	1.44325	0.13663	0.05888	3.07179	6.21647	2.45481	0.34298	0.05614	NA	0.01835	0.71968	0.18304	1.61256	2.17245	0.19003	NA	16.1078	0.89059	0.73744	0.33113	NA	0.58589	0.59227	7.20355	0.58455	9.02713	71.32189	2.997	5.99952	0.50295	0.85843	0.50095	101.83016	0.62462	11.24254	9.01358	9.75428	8.25049	1.77198	2.30323	8.16484	13.85072	6.81063	1.90334	0.02188	109.94618	85.69841	8.99144	5.04282	0.21493	2.82723	2.60588	32.05239	0.16861	7.02352	1.30363	0.38774	14.32339	0.55525	32.71671	1.71574	0.45813	0.28274	1.0729	39.33453	5.60622	0.09926	0.45071	0.97382	6.04477	3.33582	0.81051	1.22586	8.50542	0.04443	5.19478	2.45354	2.21981	0.4738	0.03337	8.77103	0.42217	7.98472	0.94574	1.87192	1.26169	0.24088	4.05148	14.84107	3.56099	4.11197	2.52178	9.529	1.74624	9.12358	0.73542	0.62484	1.68087	0.2807	1.62155	1.62921	1.27646	4.54788	0.34459	2.77958	0.53801	2.15763	6.99079	0.08691	0.32566	2.54963	1.00278	0.33852	1.70498	0.11801	0.17301	0.49478	0.25167	1.13982	0.48656	0.78252	18.21714	1.13876	0.87146	0.86986	0.25637	4.15958	0.03978	0.58332	3.23834	8.4716	0.29731	0.59436	2.15685	15.07092	5.03061	2.57319	1.1131	5.08618	2.36139	1.80293	9.64025	3.63879	0.65352	3.05613	0.96308	4.95716	0.51272	0.15097	3.88504	1.24725	0.30384	13.34573	5.81215	2.64652	9.79034	14.1035	0.85365	1.22437	0.02707	NA	1.40664	0.20811	3.25789	0.45964	0.35881
AA3_2	7.19781	0.08001	0.12439	0.4118	4.32638	0.21493	4.52245	0.29516	0.32849	NA	4.34689	0.38864	0.47741	53.26856	81.69203	3.04907	0.23898	8.62064	0.4137	7.64523	1.61898	0.12928	0.2868	0.02878	2.3259	1.12509	25.97088	0.69069	0.4475	0.28045	3.93463	0.12628	0.06653	0.38249	0.15886	0.16474	NA	1.26444	2.52892	2.76369	0.17203	0.38291	NA	0.03148	0.18531	0.05331	0.66522	0.79724	0.12266	NA	8.26587	0.31776	0.28476	0.03362	0.01571	0.18656	0.19241	3.55984	0.27337	6.64638	31.657	1.97125	2.84655	0.01115	1.03738	0.37302	44.1513	1.11609	8.56034	6.65225	3.92965	3.78881	0.50328	0.89575	5.5585	7.79947	5.42184	0.89699	0.03468	80.23574	62.52388	4.00849	2.20838	0.14721	1.60759	1.55297	26.40495	0.03857	3.8053	0.85984	0.04157	7.32923	0.08734	15.87449	0.84978	0.24643	0.05365	0.99881	28.98988	3.38051	0.06783	0.07745	0.73009	2.90134	0.90059	0.38417	1.07523	6.23494	0.03123	2.51814	1.27406	1.35198	0.03123	NA	3.64782	0.16771	3.64729	0.45339	0.77241	0.38948	0.36967	1.80118	7.20529	1.65538	1.66871	0.92803	4.88384	0.61607	3.52703	0.12296	0.20535	1.35024	NA	0.81714	0.57383	0.52313	2.30257	0.28108	0.89749	0.10164	0.84813	3.05804	0.10835	0.22369	1.53514	0.19864	0.27264	0.80455	NA	0.13988	0.54732	0.04044	0.33211	0.54096	1.01685	16.04842	0.65163	0.10645	NA	0.12419	1.5725	0.06375	0.0154	1.0274	4.70684	0.01249	0.42684	1.5884	6.19659	1.98867	1.47015	0.388	2.23903	1.12694	0.8419	3.63692	3.16895	0.13837	1.44603	0.45042	2.53508	NA	0.03386	1.50403	0.32569	0.15831	5.09585	2.181	2.2058	5.50308	9.83629	0.50202	0.08664	0.0519	NA	0.87874	0.51994	1.15203	0.10992	0.16855
AA4	4.66292	4.68302	7.94341	16.28018	13.18742	9.67158	2.62319	7.95582	14.02793	9.12214	13.43521	24.0019	20.30041	3.54167	4.04713	10.49187	6.20943	17.58547	14.38473	11.56594	42.0745	10.95038	36.42023	65.21289	13.87755	14.8484	2.96502	16.27732	25.7179	16.05161	19.94125	15.067	17.15375	28.36163	15.86902	13.12345	16.51265	10.37141	20.09829	16.15549	14.4306	17.45836	24.38576	13.22476	47.05032	32.07345	13.87124	77.79467	9.00916	14.89237	55.70185	17.76967	5.19606	19.94583	16.03879	17.20306	16.66461	6.21834	14.35491	3.65195	2.92227	4.8171	8.88224	75.97603	9.89331	72.17409	2.5551	14.35939	23.0563	19.39966	27.69801	20.26417	11.51689	18.93029	10.14246	10.02726	28.28997	14.12618	10.85912	12.06239	9.21472	21.46396	13.99108	6.5649	3.93198	14.99846	15.03298	91.36488	15.08147	9.26143	25.37512	10.85182	13.14548	88.70618	9.99683	27.0991	11.47427	19.9388	15.528	1.74314	13.24912	9.91467	13.23623	12.29902	14.06929	15.91835	34.70059	51.32269	62.96227	9.65354	13.33143	17.6923	14.75505	7.05575	66.55032	12.83039	81.41668	50.64753	8.37035	41.19151	9.95888	7.82448	9.63535	11.08672	12.97897	14.93322	16.84419	11.5501	15.93241	7.36733	14.07646	9.73088	15.64106	12.21957	10.2911	2.91662	339.24917	17.01582	11.75162	26.28093	17.02478	2.36471	55.70462	43.98284	20.27692	19.30218	21.91978	3.56854	1.86055	11.01131	5.28717	48.10138	23.05863	13.90073	17.12786	9.89217	4.78857	20.89712	18.322	12.3197	4.83632	7.41888	13.17225	66.8018	15.59636	17.246	13.54992	24.09741	13.76944	18.69666	42.36689	6.43181	94.87506	46.5135	19.82885	7.30282	39.83073	32.37365	9.18086	12.56438	8.55086	4.82014	30.46103	23.14305	16.67871	8.33212	25.23417	31.03739	9.18328	6.82512	6.46593	13.01148	13.23697	1.73689	4.44471	20.0118	17.33809	30.1605	10.31381	4.77012
AA6	20.59208	15.32747	40.70641	23.60046	8.81462	10.81813	86.76223	36.1249	20.52327	23.91115	23.70018	16.67798	14.44177	120.81966	171.95663	10.56521	9.58758	38.29175	25.66848	48.23739	18.53024	7.83887	3.80614	4.30065	28.3416	42.90922	37.36085	4.39157	10.88864	11.91576	26.42959	16.1089	7.13569	40.21771	11.47962	30.2555	37.28415	19.06925	21.46643	10.2151	9.09083	21.33674	14.36744	3.81383	7.36306	2.35297	43.70954	49.8094	5.73102	8.4493	24.64205	12.75409	12.12613	20.71547	9.74689	18.53003	15.81298	10.52785	5.87887	114.31231	113.62859	9.20731	6.74511	7.25057	6.20938	8.66484	108.41382	9.56239	21.31423	27.00604	39.84629	27.24768	12.6065	13.37665	32.93446	34.43818	24.55704	19.67273	6.57444	147.76591	111.3524	54.67321	29.94724	5.89459	12.3065	23.27837	49.76257	18.09	10.82792	10.92	51.58361	13.78111	9.18344	127.31124	32.78168	2.01844	3.91457	16.21449	51.38456	8.69719	6.90478	5.19538	28.79673	43.76798	24.44315	17.1141	14.99324	23.80463	10.10288	13.06467	10.95748	22.82541	17.72669	9.2514	13.99654	10.08489	38.00182	18.26366	9.98009	21.76874	24.92436	63.38275	48.74465	18.93911	29.50504	17.76942	33.99262	56.41564	70.01043	10.26248	6.87369	34.72508	23.73273	22.27579	15.19462	22.21359	15.01737	9.46338	14.61345	14.50511	23.7753	53.90587	27.2573	7.00461	16.34038	19.73048	9.91453	20.01253	19.003	2.9635	4.80666	3.58721	8.88063	8.25445	17.66092	39.79814	16.1711	25.18823	11.77819	16.81279	47.95323	45.34427	2.62203	14.81391	87.57996	4.96265	8.72699	21.19344	27.07926	13.80129	24.44585	44.55079	21.61321	93.89972	131.39244	20.73765	1.96358	5.88774	10.63107	16.94697	13.598	26.56811	20.18532	18.48451	6.76608	0.19794	23.19178	54.20521	50.68611	88.43306	142.74879	13.59998	18.05719	1.25427	1.04874	2.63306	4.20924	15.91954	5.96411	1.98046
AA7	8.36589	18.9242	13.01169	25.32413	10.73385	12.7905	5.44553	14.4898	11.71909	11.421	34.41058	56.14509	19.6396	6.32786	1.27033	39.34582	12.10048	33.12815	27.82987	13.88307	36.10169	11.80589	28.19409	40.69929	29.77452	24.68239	3.13206	13.0072	65.48937	30.3261	14.76473	16.3453	18.82967	28.74184	19.72466	21.91616	28.53826	18.52204	33.49798	13.59199	12.58662	26.73358	23.80344	15.72346	4.19494	3.72633	35.52373	127.414	13.52832	16.53804	22.61949	9.30798	11.62526	23.30633	5.01017	25.88722	17.00775	7.16353	15.55435	5.78454	1.97262	11.29724	10.83026	95.45298	3.77357	3.24568	1.86563	23.21024	14.28249	14.03902	51.20957	26.76347	15.55805	23.74521	14.5655	21.22332	62.47049	20.02217	8.87794	6.41314	7.98874	17.56607	20.15959	16.43949	10.05675	26.48415	33.27225	156.55667	30.67287	23.32865	8.8187	6.9935	12.42941	41.97516	10.69485	8.1056	8.74736	12.75943	17.50412	2.26528	8.45579	6.83142	21.30403	13.76788	18.20338	26.30806	61.195	37.1276	44.62991	12.27429	11.76506	14.51221	24.92396	11.63619	105.30589	49.77252	103.96135	77.69509	19.12694	63.55692	22.46053	4.89313	4.22495	9.44473	11.44553	27.08512	26.204	9.9393	15.74193	16.00661	20.29146	15.79192	29.21106	20.95375	14.17088	5.95242	425.7351	20.12452	34.87119	32.48602	29.67326	10.83606	82.85716	8.45681	9.02166	36.69926	25.32036	8.75793	7.46054	12.34363	7.70136	70.46767	27.93287	32.84957	16.09004	11.01323	15.20457	17.19168	25.38524	34.698	18.49406	14.69815	12.88475	27.35473	6.61396	8.64817	14.91391	37.38824	11.17036	11.36285	36.62302	11.66077	4.57804	25.86438	21.70139	3.9375	1.46186	10.62983	22.92117	26.81034	19.77174	10.42489	53.54765	33.25066	28.09085	5.88345	45.56252	6.66403	0.20816	9.92195	7.61161	15.67211	16.76928	2.23735	6.73683	1.74549	1.85446	36.96103	17.54079	7.45605
AA8	30.59437	0.62118	NA	2.91215	7.66972	0.91422	14.24634	0.22588	NA	NA	12.17599	2.73327	NA	173.82634	271.32675	5.78704	0.43155	34.84011	2.17511	24.86171	5.586	1.24079	1.34406	0.10223	4.58883	2.05175	90.32573	2.11179	2.04849	1.24403	18.04783	0.48152	NA	0.78542	0.41301	NA	NA	3.6675	13.62971	6.12216	0.4868	NA	NA	NA	1.60962	0.22188	0.38054	4.36666	NA	NA	30.00653	3.49509	2.19606	0.6484	NA	NA	0.58928	11.37066	1.3069	24.75331	90.39485	3.44738	12.65709	0.51762	1.64226	0.69215	149.49397	0.05946	34.3712	26.30123	16.93191	13.77309	0.67273	2.38493	14.63903	20.85565	18.90225	4.83872	NA	240.36799	190.14751	13.64991	6.87917	0.24815	5.06817	2.8211	94.37091	NA	10.14002	1.10374	NA	26.2082	0.49135	80.99344	2.91642	NA	0.40235	9.16885	60.49557	9.99962	NA	0.15847	1.85949	11.9521	6.34714	0.56301	3.73999	19.01654	NA	6.07159	5.01906	6.08849	0.43391	NA	15.54241	NA	20.16858	3.33264	3.69015	0.77836	1.10628	11.27122	16.23704	7.71463	10.20428	4.97595	20.3614	1.42933	7.90962	0.50922	0.163	2.45736	NA	3.44652	0.78986	1.7473	8.05996	0.76063	2.74391	0.13584	5.62655	16.8236	NA	0.80835	8.63388	0.44441	NA	2.28674	NA	0.10773	1.54797	NA	1.4277	0.84999	4.67222	42.45063	3.00526	0.05364	NA	0.39265	6.65818	NA	NA	2.62184	10.51198	0.24069	0.68006	3.26958	37.17358	3.05055	7.41213	NA	8.37195	3.11048	1.85047	12.03991	7.51899	0.56137	3.96035	1.08623	13.38547	0.56302	NA	4.58316	0.3062	2.69025	17.99668	6.09419	10.4154	24.64782	51.46597	4.69237	NA	0.68418	NA	2.20715	2.77817	10.15756	0.33982	0.70064
CBM10	NA	NA	NA	NA	NA	NA	NA	1.21221	NA	NA	NA	NA	NA	NA	NA	NA	0.50434	NA	NA	NA	NA	NA	NA	NA	NA	NA	NA	NA	NA	NA	NA	0.7565	0.42512	0.59498	NA	NA	0.49525	NA	NA	2.9036	NA	NA	NA	NA	NA	NA	0.59563	NA	NA	NA	NA	NA	NA	NA	NA	1.0868	NA	NA	NA	NA	NA	NA	NA	NA	NA	NA	NA	1.12622	NA	NA	NA	NA	NA	NA	NA	NA	NA	NA	NA	NA	NA	NA	NA	NA	NA	NA	NA	NA	0.90946	NA	NA	NA	NA	NA	NA	NA	NA	NA	NA	NA	NA	NA	NA	NA	NA	NA	NA	NA	0.65812	NA	NA	NA	NA	0.29857	0.63953	NA	NA	NA	NA	NA	NA	NA	NA	NA	NA	0.36627	NA	NA	NA	NA	NA	NA	NA	NA	NA	NA	NA	NA	NA	NA	NA	NA	NA	NA	NA	NA	NA	NA	NA	NA	NA	NA	NA	NA	NA	NA	NA	NA	NA	NA	NA	NA	NA	NA	NA	NA	NA	NA	NA	NA	NA	NA	0.44868	NA	NA	NA	NA	NA	NA	NA	NA	NA	NA	NA	NA	NA	NA	NA	NA	NA	NA	NA	NA	NA	NA	NA	0.46303	NA	NA	NA
CBM12	NA	2.09917	NA	NA	0.64756	0.81663	NA	NA	2.15753	4.15364	0.28411	14.74893	8.10005	0.62495	0.74315	14.03746	7.68869	1.73736	1.70041	3.11924	15.35095	2.54835	0.31786	NA	7.70205	1.14477	0.63328	0.3637	26.75114	15.24643	2.93403	10.55311	25.81231	7.11639	1.11005	0.94695	5.58734	5.39862	4.81356	0.30649	2.38688	3.46886	NA	2.94673	0.31582	2.36753	2.72348	1.15417	2.23016	5.66227	6.41405	5.9361	NA	1.98121	NA	10.688	8.94938	63.415	10.29259	NA	0.50923	39.77504	61.88817	NA	NA	0.54269	NA	8.57442	5.85026	2.09579	3.9068	NA	1.87677	0.89424	0.31241	1.31696	4.30184	1.71567	NA	2.74312	0.2858	0.63601	4.93512	NA	0.6284	0.63396	1.67793	4.54575	18.29523	11.78946	NA	1.02948	5.6456	0.82499	0.7783	1.22396	0.4898	NA	1.54801	0.22665	46.47413	NA	1.70561	1.79257	0.54923	8.19036	33.51927	NA	0.74587	0.30928	NA	NA	4.08689	0.94547	3.85781	10.27364	185.62463	4.64585	4.93753	9.44376	7.37859	NA	1.29652	1.31792	NA	2.96677	7.52326	NA	NA	2.58992	5.80474	5.11319	10.47353	0.24958	2.1483	4.00171	NA	1.26763	68.51123	29.20862	NA	NA	0.88741	NA	NA	14.01435	10.66036	0.56387	0.56249	NA	0.26576	227.4826	51.52949	0.89249	1.53663	NA	NA	NA	13.41871	2.1703	NA	NA	0.84424	14.92994	2.29353	5.54293	5.55186	NA	NA	NA	0.37245	0.50039	0.78158	NA	NA	NA	NA	17.87567	1.69434	0.28371	0.30437	1.90954	15.83601	11.24385	29.1159	0.59942	21.07094	NA	0.60256	NA	NA	32.14505	22.22684	NA	NA	3.20427	4.66363	15.22577	11.69437	0.58266
CBM13	129.07336	69.6737	140.89806	248.20614	92.2798	36.87244	79.25757	50.1525	61.32699	88.70278	93.69419	130.32073	176.55605	119.54944	58.79392	140.51636	143.93317	184.59425	102.75834	39.27909	77.47619	357.34137	21.05541	38.99922	84.54292	116.56169	63.50525	61.44026	121.32303	180.80795	19.02333	71.52056	100.50666	235.15228	154.25805	130.70542	293.88346	102.67291	171.38083	121.65064	77.46052	174.75045	140.25552	99.75709	95.93039	93.56768	254.54098	226.66519	122.75664	110.86171	102.40932	138.26758	102.98526	80.51742	51.49397	174.05922	118.73941	135.26169	168.0466	163.31044	124.84066	89.24983	139.84449	134.8828	162.612	62.13535	105.63272	83.84938	37.08496	38.76775	117.82367	118.05169	103.01224	73.70835	63.03457	33.61575	99.92185	41.84661	33.61679	54.07706	23.70002	29.1038	21.94921	108.25049	109.70509	100.06253	97.69015	108.23425	194.47914	87.9522	105.57468	140.30265	144.42016	162.7487	114.72483	92.02741	58.11484	27.4232	42.84767	132.34751	182.75951	80.35616	120.60984	64.14146	91.82512	211.04376	173.76247	125.13315	131.62424	23.44149	44.14077	119.92778	261.65484	185.55002	163.85979	127.45892	119.80868	174.20175	163.81612	234.75126	182.32308	100.71122	111.42092	98.40592	57.97568	167.65578	73.50506	197.26655	236.01867	189.28144	175.36904	207.07179	167.6014	93.73852	76.37616	115.91699	540.30461	45.76201	173.98828	191.44078	128.79427	181.80911	256.6601	13.88353	21.55518	171.6304	83.64451	40.45037	41.89669	83.37749	96.95626	197.69209	139.16429	116.15621	98.86389	122.9115	291.37886	126.59929	127.55975	143.7037	295.33542	106.41514	53.33444	63.21647	133.35655	151.5313	179.05958	35.9382	88.3496	40.99023	31.38246	125.13692	32.2302	95.65654	228.43238	82.38665	63.14638	104.83753	33.59087	116.3487	46.41134	86.5967	121.30195	269.33615	110.80131	68.90854	179.27182	47.0495	102.22963	173.48513	200.32743	297.25698	187.79744	103.05365	100.78945	143.46313	178.43052	133.9992	117.79949	92.19482
CBM14	NA	NA	NA	NA	NA	NA	NA	NA	NA	NA	2.45183	NA	NA	NA	NA	0.90293	0.65952	2.64817	NA	NA	NA	0.21859	NA	NA	0.47801	0.58177	0.29685	NA	NA	NA	0.25077	0.52373	1.6678	0.25935	NA	NA	NA	NA	NA	NA	0.23716	NA	NA	NA	0.23484	NA	0.25963	NA	NA	NA	NA	NA	0.24894	NA	NA	1.4212	2.43768	NA	NA	NA	NA	NA	NA	0.48747	NA	NA	NA	NA	NA	NA	NA	NA	NA	NA	0.29289	NA	NA	NA	NA	NA	NA	NA	NA	NA	NA	0.87778	3.2354	NA	NA	0.23252	NA	NA	NA	NA	0.34628	NA	NA	0.53966	5.71352	NA	NA	NA	NA	1.3789	NA	NA	NA	0.53702	0.49724	NA	NA	NA	0.2417	0.14546	NA	NA	NA	NA	NA	NA	NA	NA	NA	NA	NA	NA	NA	NA	NA	NA	NA	NA	NA	NA	NA	NA	NA	0.2519	NA	NA	NA	NA	NA	NA	NA	0.30553	NA	NA	NA	NA	0.35434	NA	NA	NA	0.31792	0.65078	NA	NA	NA	0.24163	NA	NA	NA	NA	0.62295	NA	NA	NA	NA	NA	NA	NA	NA	NA	NA	NA	NA	0.42223	0.2146	NA	0.24193	NA	0.32904	1.17158	NA	NA	1.61915	NA	NA	NA	NA	NA	0.24664	NA	NA	NA	NA	NA	0.50477	NA
CBM16	0.15618	0.26956	0.73733	NA	NA	0.18143	NA	NA	0.09697	0.50914	0.63798	0.11378	NA	0.51582	0.08072	0.17262	0.32064	0.42712	NA	NA	NA	0.19134	NA	NA	0.08026	0.1961	NA	NA	0.47256	0.16401	NA	NA	NA	1.36351	0.41544	0.01909	0.44133	0.41151	1.24187	NA	0.27713	1.28288	1.39975	NA	NA	NA	0.11377	NA	0.3615	0.27267	0.41614	0.65551	NA	1.45807	NA	NA	0.38796	0.50976	0.37113	NA	0.60965	NA	NA	0.23096	NA	NA	0.82179	NA	0.15467	NA	NA	0.06795	NA	0.41075	NA	NA	NA	NA	NA	0.13699	NA	NA	0.3611	0.07525	NA	1.68168	1.18314	0.12847	0.05791	0.06793	0.32885	NA	0.2987	1.74101	0.58041	NA	NA	NA	NA	NA	0.29936	NA	0.15843	0.29408	0.12343	0.96923	2.64312	NA	NA	NA	NA	NA	0.20923	NA	NA	0.15618	0.12905	0.24353	0.54034	4.4651	0.48336	NA	0.27391	NA	NA	NA	NA	0.56812	0.43208	0.11293	0.11233	0.05463	NA	NA	0.13655	NA	NA	0.66203	0.31355	0.55437	NA	NA	NA	NA	NA	0.1774	0.63383	0.24429	0.50586	NA	0.32148	NA	NA	0.13371	0.27599	0.44469	NA	0.64514	1.7981	0.45691	NA	1.32782	NA	0.65189	NA	NA	NA	NA	0.14919	NA	NA	0.31954	NA	NA	0.17665	0.58533	NA	0.12358	0.26998	NA	0.30437	0.55588	0.29574	0.87451	0.11921	NA	0.69314	NA	0.06365	0.14592	NA	0.09342	0.31029	NA	NA	0.13248	0.28379	NA	0.32083	NA
CBM18	NA	NA	NA	NA	NA	NA	NA	NA	NA	NA	NA	NA	NA	NA	NA	NA	NA	NA	NA	NA	NA	NA	NA	NA	NA	NA	NA	NA	NA	NA	NA	NA	NA	NA	NA	NA	NA	NA	NA	0.67279	NA	NA	NA	NA	NA	NA	NA	NA	NA	NA	NA	NA	NA	NA	NA	NA	NA	NA	NA	NA	NA	NA	NA	NA	NA	NA	NA	NA	NA	NA	NA	NA	NA	NA	NA	NA	NA	NA	NA	NA	NA	NA	NA	NA	NA	NA	NA	NA	NA	NA	NA	NA	NA	NA	NA	NA	NA	NA	NA	NA	NA	NA	NA	NA	NA	0.26056	NA	NA	NA	NA	NA	NA	NA	NA	NA	NA	NA	NA	NA	NA	NA	NA	NA	NA	NA	NA	NA	NA	NA	NA	NA	NA	NA	NA	NA	NA	NA	NA	NA	NA	NA	NA	NA	NA	NA	NA	NA	NA	NA	NA	NA	NA	NA	NA	NA	NA	NA	NA	NA	NA	NA	NA	NA	NA	NA	NA	NA	NA	NA	NA	NA	NA	NA	NA	NA	NA	NA	NA	NA	NA	NA	NA	NA	NA	NA	NA	NA	NA	NA	NA	NA	NA	NA	NA	NA	NA	NA	NA	NA	NA
CBM2	18.87122	45.6694	39.74133	32.51644	24.79186	15.55914	20.99136	24.27673	36.83519	66.34716	38.13779	36.89162	44.43133	93.75231	81.92047	49.21379	22.95116	12.78981	41.27222	37.58213	42.88288	49.4353	37.72533	23.16446	89.74375	135.09782	2.36968	8.08798	104.04254	98.83769	90.88101	65.03607	47.39464	24.76585	28.35188	26.0704	62.583	68.02551	51.95313	119.2203	108.85422	70.26562	58.31412	19.81808	97.37864	99.15504	68.06158	30.25038	110.1603	128.65964	35.68066	65.09488	27.00916	34.71397	47.78137	57.60719	57.90102	33.56539	36.34903	17.37403	24.17566	28.64101	33.49007	33.40656	32.24597	75.85867	96.70953	59.69671	48.33408	51.31892	23.30677	39.22589	66.22552	51.14362	10.77956	20.44165	100.18456	107.18938	140.07393	45.56774	45.5852	29.98113	53.61961	19.59866	14.45844	54.61374	42.23969	134.16963	18.18954	30.61173	73.70724	59.62782	111.21829	4.94868	42.85651	19.67124	38.5231	32.52009	18.98278	3.49846	28.46559	85.4378	57.69144	59.61127	57.45308	26.79978	11.51619	14.84412	12.43939	25.12189	56.85152	28.6709	58.92866	55.30286	23.39145	28.61143	41.03927	29.31476	8.37818	32.97504	21.64737	51.18974	41.05148	49.04976	56.34748	159.55893	125.38448	37.3463	25.1949	76.08105	94.24462	40.24459	11.46323	11.67716	47.78561	39.09268	18.37599	74.65205	34.34129	26.22855	11.53482	22.37757	30.83396	75.80698	46.20997	72.29648	44.32009	35.15822	36.60065	1.28389	13.97137	35.58221	67.42197	58.15627	89.8422	134.14966	19.20791	43.44672	134.94768	79.0724	22.77149	53.93142	56.04332	37.74431	8.21277	14.18875	43.18865	53.28083	64.87743	25.15413	21.89464	69.34405	67.91035	38.55741	5.60981	1.15955	3.37833	35.06672	33.07059	30.22385	29.66188	55.82522	14.70528	37.02963	15.61873	19.92258	49.52233	35.35018	54.35969	20.23213	17.25986	58.29971	54.69641	2.61044	6.77289	9.82966	10.77123	33.43097	17.88489	3.10167
CBM20	275.98699	320.44519	241.94309	171.84509	525.52498	569.06481	375.06754	347.06728	253.24188	310.2661	253.41724	235.90171	262.06638	225.09703	131.80947	251.27868	391.328	173.91831	211.2472	290.14007	284.6254	206.44328	323.80627	303.72387	364.4541	343.77817	568.64028	613.5294	183.57341	303.44172	448.46657	370.73166	283.19165	273.01798	272.09737	285.9694	194.42964	249.64514	264.88165	344.52649	348.74667	180.99083	234.67781	571.61917	608.64691	592.00288	219.67663	128.13311	249.53682	198.17661	141.06228	321.18566	347.95002	256.46575	277.72213	236.68732	291.41486	517.97131	385.10464	281.23819	273.57219	295.45248	294.26454	472.14758	550.6282	423.87047	234.22377	368.05292	382.00147	356.76886	391.54196	275.2755	454.98886	368.62571	275.13246	529.40127	323.87911	367.08306	416.47281	218.3445	261.26209	488.92125	510.75406	654.7107	587.86156	247.62925	232.69406	309.05301	158.88369	362.68116	425.42409	553.13865	535.12448	NA	248.45253	584.58748	370.34954	489.56901	313.36671	715.70899	463.67959	281.3421	267.0802	315.48468	378.41035	368.09211	395.62846	486.62728	509.47334	403.40674	377.84914	287.67868	198.13316	291.43188	276.9494	387.0079	274.45163	187.30341	548.6577	291.48559	301.85024	240.49605	220.54333	322.9676	392.76969	317.09671	275.10054	396.92618	302.63297	470.48256	430.37454	200.31391	203.45913	281.03126	374.08317	357.35367	133.93785	366.05322	230.5845	214.24481	132.5865	294.36934	207.22076	343.11356	330.17309	240.17732	306.12868	360.81621	350.22658	668.90044	619.20506	222.09096	239.52426	306.74812	214.19287	240.40588	151.31397	416.9795	235.67492	239.30808	229.40964	329.03544	360.44334	190.41625	293.16477	524.93458	446.44609	322.28512	248.823	531.76696	411.34378	310.71142	235.04313	290.99304	271.52498	172.69406	653.78564	395.96773	431.91853	256.3451	423.60199	245.55053	264.1788	219.78726	485.73765	667.77357	180.49207	182.73617	314.50631	256.09014	345.27445	117.0735	241.1603	626.61934	651.93703	525.92097	531.43761	211.54332	566.20923	684.66527
CBM21	NA	NA	NA	NA	NA	NA	NA	NA	NA	0.24897	NA	NA	NA	NA	NA	NA	NA	NA	NA	NA	NA	NA	NA	NA	NA	NA	NA	NA	2.59697	NA	NA	NA	NA	NA	NA	NA	NA	NA	NA	0.16567	NA	NA	NA	NA	NA	NA	NA	NA	NA	NA	NA	NA	NA	NA	NA	NA	NA	NA	NA	NA	0.2387	NA	NA	NA	NA	NA	NA	NA	NA	NA	NA	NA	NA	NA	NA	NA	NA	NA	NA	NA	NA	NA	NA	NA	NA	NA	NA	NA	NA	NA	NA	NA	NA	NA	NA	NA	NA	NA	NA	NA	NA	14.60379	NA	NA	NA	NA	NA	NA	NA	NA	NA	NA	NA	NA	NA	NA	NA	NA	NA	NA	NA	NA	NA	NA	NA	NA	NA	NA	NA	NA	NA	NA	NA	NA	NA	NA	NA	NA	1.39513	NA	NA	NA	NA	NA	NA	NA	NA	NA	NA	NA	NA	0.8152	NA	NA	NA	NA	NA	NA	NA	NA	NA	NA	NA	NA	NA	NA	NA	NA	NA	NA	NA	NA	NA	NA	0.38873	NA	NA	NA	NA	NA	NA	NA	NA	NA	NA	NA	NA	NA	NA	NA	NA	0.28231	NA	NA	NA	NA	NA	NA	NA	NA
CBM22	50.07149	12.77716	3.89116	31.32803	3.90048	2.77319	0.56029	0.40279	3.63563	4.68566	33.26368	19.40831	31.06232	4.31051	12.95834	4.44792	5.23366	13.71198	20.44185	6.26031	28.91762	29.84296	1.08403	3.53659	7.00237	4.43327	0.71298	0.86387	28.06468	33.44632	2.13016	14.09176	21.89892	14.02823	7.20502	13.48675	63.48469	19.53316	4.88485	8.68348	8.76191	17.99231	19.55424	30.09216	0.48236	0.79185	32.59313	29.19462	16.79594	12.37752	19.28542	11.39862	19.76667	10.27876	6.32303	40.51825	16.12231	10.91172	79.82687	0.98971	7.16492	9.91782	11.18572	10.41899	6.53437	2.43723	4.06703	8.85289	4.6189	4.36609	10.17738	6.03031	21.54871	18.60757	10.13976	3.34922	11.86424	1.67015	0.59315	1.09818	0.7333	0.14128	0.2631	1.81477	12.47561	46.15211	28.45495	39.87314	18.36959	36.30017	7.71434	4.44254	5.07736	41.51695	6.12031	2.42063	2.40241	0.48569	4.69254	1.85903	13.55741	15.72965	15.04491	NA	4.28529	8.91272	2.1009	2.17087	7.36752	4.18603	3.22221	1.09772	20.47746	16.82389	3.05963	8.46023	13.96211	26.31432	3.20939	15.7586	48.52984	2.8256	4.50723	0.294	0.32489	1.87457	2.21222	4.97444	5.83504	8.30077	17.34103	19.82002	16.05758	4.92045	8.52922	12.93078	6.39797	15.70445	12.77806	35.21479	9.14115	1.41872	66.29677	1.50086	4.98263	32.7837	18.37026	3.80433	3.12356	0.7118	15.26569	2.74712	19.68758	9.18537	3.26736	2.00286	17.3208	2.46187	53.79648	21.65354	36.0296	3.09685	4.79392	1.41055	2.83611	4.49129	11.36934	1.01685	15.41828	1.23662	1.95165	2.67961	2.57873	NA	0.8804	5.20533	2.72692	5.30518	4.66014	4.58394	4.47704	0.74834	60.03426	102.92133	2.94269	0.0572	21.78327	26.29833	6.27576	11.29923	1.43284	26.98123	37.01071	5.15564	6.63345	12.07161	5.0567	21.14781	3.47744	0.0705
CBM23	31.34359	20.22444	6.59657	37.45919	0.53276	2.48911	2.8255	1.60681	1.72572	4.0925	20.32743	9.13711	20.58868	7.50018	9.49643	5.13174	2.81485	1.70351	14.45793	7.04334	11.89912	19.01762	1.80124	1.22731	21.00923	9.21098	0.11727	0.759	9.237	10.65066	1.60913	2.96868	1.5378	0.1156	NA	4.90968	31.59576	18.12467	1.59907	1.47321	6.81905	7.62711	12.35771	9.14823	0.22322	0.4363	28.78411	20.01288	8.86922	9.36883	4.89618	6.37895	15.72717	6.44323	1.10444	24.75032	7.84641	2.90793	13.39584	9.77904	1.04757	2.76257	4.19655	6.09097	1.74389	0.34041	4.73187	5.48891	2.9851	2.37409	3.46335	4.98301	18.72079	12.00501	0.16067	2.26089	5.59148	0.71981	2.56023	0.95264	0.63409	1.03578	1.07336	1.66314	5.27041	6.80943	9.70643	13.12943	21.80317	8.4678	6.14512	4.88895	2.13814	33.89346	6.05386	0.05807	NA	1.20267	1.82283	0.82868	2.55475	6.0351	17.764	7.73364	3.71537	8.62995	4.51351	5.8429	2.95916	3.78165	1.45369	39.77575	9.9345	6.82846	1.60342	2.6983	1.55863	12.69661	1.904	4.84091	17.69231	8.90667	14.29198	4.10125	3.83846	0.53616	1.14008	1.09558	0.26811	2.50458	10.05685	10.942	1.36232	3.33785	6.44263	8.03874	0.99151	6.13489	5.50909	2.48212	9.7608	38.52615	21.27289	1.73539	5.91415	24.7773	0.83557	1.35446	1.2252	0.63281	8.15758	22.53177	20.11798	1.94513	4.03763	0.61051	11.25129	3.58095	36.80987	15.50422	10.10191	1.38077	2.60812	2.61586	2.68241	0.44476	10.53052	0.77377	1.56799	0.4858	1.32474	0.43758	2.05199	0.19163	4.09533	0.12158	1.1691	1.86866	2.51556	3.38105	2.18001	7.29271	4.53874	10.26316	0.22454	NA	5.77028	13.00414	10.89703	1.06841	2.92188	2.47727	5.7416	0.62701	1.72854	1.15553	1.93347	16.82785	3.42305	0.11233
CBM24	9.74554	0.12852	0.52682	9.12755	8.70738	0.86501	NA	NA	0.86301	5.28645	1.58291	5.72664	13.01672	1.33918	0.30788	2.3624	2.3956	2.6274	5.71318	0.51987	1.37103	5.96753	0.31786	0.26647	NA	2.03619	NA	NA	1.13152	3.78407	0.95472	6.08757	0.51278	NA	NA	3.26924	20.94796	NA	NA	0.65677	NA	6.79879	1.80067	0.37756	1.04735	0.8523	3.62911	6.64526	NA	NA	3.71035	1.05636	3.97585	2.19099	2.21576	0.92378	0.24693	NA	0.53792	NA	NA	NA	0.27344	0.43001	NA	9.63279	NA	9.04866	NA	NA	0.16798	NA	2.04958	1.04445	0.62482	2.68095	1.03202	NA	NA	2.59072	0.85741	0.68144	0.13783	1.93027	0.89772	NA	0.14382	2.07653	0.55217	0.95001	0.6456	0.15139	0.51475	NA	0.4749	0.13107	2.09915	NA	NA	0.22665	2.15153	5.11379	3.02136	NA	NA	3.00144	1.0453	0.24933	0.31966	NA	NA	NA	8.95496	1.43171	7.02797	6.08135	6.40085	13.11899	2.14322	8.14822	1.95445	NA	NA	8.28092	2.18449	8.90032	1.79954	0.18592	NA	2.32061	0.57126	5.62045	4.17128	0.37437	0.15191	3.67998	0.73277	0.28069	4.81886	5.14695	NA	NA	4.1835	NA	NA	4.44482	2.39965	1.67147	1.96873	1.06739	0.68784	2.72498	3.94348	7.0124	7.37583	29.53629	15.51776	0.28786	1.14338	2.75979	NA	0.76012	NA	NA	NA	0.11347	NA	NA	NA	NA	NA	NA	NA	NA	NA	NA	NA	3.46982	0.41847	4.23533	2.02188	1.37482	3.78864	5.6353	1.2248	NA	3.45803	NA	NA	NA	NA	5.34023	0.6224	1.81662	0.42839	0.29475	8.04345	3.47545	0.2895	NA
CBM25	1.26895	0.56228	1.52273	0.96203	NA	NA	NA	NA	NA	2.73529	13.19567	35.61233	7.05256	1.16049	5.70668	3.76894	4.69634	2.05586	NA	1.11777	5.91133	0.97331	3.55904	8.82125	NA	NA	NA	NA	11.75119	5.90948	NA	1.13474	4.79669	119.35063	62.2775	2.6693	7.35563	NA	NA	4.1504	NA	NA	NA	2.06501	NA	NA	4.68947	2.39615	3.97339	5.6535	39.49003	0.07034	2.0226	0.13208	0.57228	13.65782	2.48729	NA	1.101	NA	NA	5.64015	3.48178	30.87734	31.76431	0.33454	1.18695	NA	NA	0.31187	3.10289	1.69679	NA	0.69812	NA	NA	1.36654	2.25981	0.64821	NA	NA	NA	0.80404	0.13901	NA	0.1285	NA	3.10855	289.07737	14.94858	0.33967	NA	6.87503	NA	NA	NA	0.61225	NA	0.89506	3.5109	0.29363	29.08349	0.14687	NA	15.98481	1.11311	NA	0.11035	NA	0.90333	0.46183	NA	1.31494	0.96193	6.65004	4.11308	0.29634	25.49791	2.48591	0.09671	NA	NA	NA	0.72262	2.36902	0.41205	0.29992	0.54226	0.48069	8.50493	6.47497	NA	5.64523	0.15599	NA	3.10102	34.96758	NA	9.28247	49.89855	3.97545	0.42693	34.7421	0.45599	0.6648	14.05633	3.4282	NA	0.11719	7.97057	1.47199	8.29279	0.75317	11.28952	0.1263	NA	1.40997	NA	NA	0.38727	3.31303	0.72888	0.71118	1.11571	NA	NA	0.73051	0.07177	0.14712	NA	NA	0.10772	NA	NA	1.40135	NA	NA	NA	1.21521	0.59105	0.98363	0.113	122.45366	94.46884	0.90406	NA	3.94571	NA	NA	NA	NA	7.48041	3.70639	0.57078	NA	0.12281	NA	1.10512	0.69417	NA
CBM26	74.57886	36.5938	2.10914	2.94563	NA	19.65226	0.22456	NA	1.04121	5.19166	137.01226	49.1558	87.66248	0.1512	17.28129	69.92252	108.86175	15.20207	1.53701	NA	11.72016	20.28889	2.2274	11.05765	6.11729	0.14306	198.49282	214.12622	17.96536	10.64149	1.75709	9.19605	38.56125	111.34013	54.05282	68.67348	24.64403	0.26815	0.4702	10.52024	6.85307	26.62518	15.70409	190.91626	NA	NA	23.18624	74.46671	15.66516	114.14932	39.1075	42.69689	42.93107	6.52812	4.07803	19.78825	15.13723	8.4934	25.50167	NA	0.12354	10.64205	0.46308	32.65139	23.07622	11.57113	NA	2.16616	NA	NA	93.60605	75.5899	NA	8.39144	0.42227	NA	170.18555	NA	NA	NA	NA	0.64659	5.34408	254.43456	254.8068	25.84902	34.69207	370.61939	602.42503	25.99601	103.5047	104.73064	22.04968	1.89576	1.11651	89.68947	NA	0.14928	13.95898	228.98579	95.95654	109.56365	14.47791	0.73466	13.31224	218.64214	213.91877	180.34316	166.04365	2.97807	0.22178	NA	16.59476	59.28626	15.77709	7.36562	41.65662	191.7046	60.63143	9.26052	22.62752	22.46275	16.86005	0.15412	1.77586	NA	9.1149	31.4571	NA	17.30547	9.36353	0.97844	240.37779	3.71661	0.14942	20.61231	716.63753	1.23943	103.11696	205.40405	1.0355	NA	80.54807	0.22826	0.15996	30.72448	28.7471	0.81687	0.45863	257.84029	164.81539	525.16061	189.43073	11.63801	0.26645	2.60114	147.45316	2.21643	18.44041	23.65908	16.51905	5.44456	143.02938	182.71695	NA	207.34545	110.00164	0.40318	0.54594	0.45394	0.82838	75.40627	2.54204	NA	6.42296	NA	2.13116	3.52785	27.47123	17.43796	24.58687	80.15431	715.54276	83.77051	86.93425	105.59305	339.54812	47.74883	NA	NA	NA	27.35529	5.79422	110.20927	152.3338	132.9261	163.53016	284.80857	293.18443	382.99928
CBM27	12.35655	13.82505	6.05628	39.67976	0.71571	1.39308	3.82204	1.52081	1.22206	0.60794	10.43682	3.29801	13.94585	0.77976	5.44556	4.0	1.5901	0.99843	11.95489	6.39152	10.84498	4.14429	1.85178	0.79488	7.50728	9.95837	0.18239	0.73205	6.36297	4.42979	0.52719	1.03007	1.02018	0.06654	0.14606	3.30397	13.28995	18.70359	1.26244	2.01156	3.00419	3.35859	3.4828	6.43732	0.24567	1.01281	16.50594	28.953	1.68715	1.90966	1.41794	6.25095	10.40929	3.47003	0.94735	16.78112	2.27657	1.70835	5.23499	10.32555	2.01014	2.30118	2.07119	2.48303	1.06796	0.21144	1.28323	0.81219	3.87532	2.51858	3.41993	5.68247	1.39568	1.69561	0.36996	1.8084	2.50268	0.72514	1.22651	NA	0.27432	1.16113	0.46912	1.6074	1.62462	3.46124	5.22989	4.55218	8.93797	2.1847	1.26902	0.96753	1.49073	38.09488	6.53211	NA	0.09667	1.76543	2.8496	0.95689	0.12797	4.20571	20.29515	6.33884	3.17923	5.1168	3.43208	7.13747	1.80333	2.50777	1.09545	42.60519	2.09749	3.85546	1.39091	0.97672	2.65317	13.00305	NA	0.46619	15.16643	10.15659	15.54549	4.08716	4.41928	0.33047	0.98279	0.21861	0.07751	1.33799	1.098	12.34185	0.12207	4.2159	6.92677	10.57126	0.54734	2.18515	4.46788	0.87293	11.30095	37.34512	14.06796	1.26899	5.44457	7.88122	0.51602	0.60751	1.52429	0.10721	5.12291	3.29341	13.77089	1.19905	4.42486	0.8869	11.2756	2.32881	1.05987	6.96956	8.07084	0.5345	1.72222	0.35784	3.54452	0.32069	4.18238	0.88387	0.91727	1.58726	1.52474	0.09922	1.91333	0.16547	4.08567	0.33562	1.03325	0.32175	1.45479	2.35733	1.29759	1.13552	3.45153	5.73698	0.05947	0.17781	2.49957	12.64916	11.14594	1.84034	3.54539	1.92678	3.51116	NA	0.63086	0.89133	0.53197	13.7562	2.66485	0.11877
CBM3	39.11393	6.1597	NA	0.63504	2.08144	0.96113	NA	NA	NA	3.39432	10.09654	12.93131	5.73191	9.55394	3.93822	4.68689	0.60169	0.50021	0.38958	NA	14.84393	2.45964	17.2322	1.57957	11.6387	0.30441	NA	NA	3.85782	9.6518	NA	4.01148	3.52579	0.49853	NA	3.26061	17.08272	NA	NA	1.58719	7.38024	19.18782	9.40321	16.93455	0.11894	NA	13.62819	1.91838	12.64393	12.61835	8.81845	37.28846	2.34344	5.12279	0.22457	11.68689	9.20359	6.19215	37.75238	NA	NA	2.00181	2.32979	8.51813	0.25651	0.1978	14.2274	4.63992	NA	0.42771	5.30894	0.84524	42.13467	25.75561	NA	0.24693	3.20362	NA	0.22224	0.54901	NA	0.85545	3.08873	1.42019	5.2444	6.19572	14.98042	14.34223	6.55249	14.13576	2.99652	1.54078	2.95357	NA	NA	1.71734	NA	NA	1.49313	0.33177	9.41754	NA	NA	NA	NA	3.60742	1.74411	NA	3.62167	3.31374	NA	NA	11.02388	14.24267	1.77282	1.47889	1.23833	0.47425	1.22197	7.37891	7.46643	NA	NA	NA	NA	0.24723	1.84932	0.16268	NA	5.09583	15.90444	1690.93706	11.36075	1.96989	NA	1.36605	NA	7.56685	0.48763	0.66735	0.70385	NA	22.28653	NA	NA	18.68266	1.17573	0.13425	3.21425	NA	8.65631	2.65898	5.8946	27.62028	NA	NA	NA	0.95954	13.23409	4.51505	NA	NA	0.88984	0.6976	NA	2.28346	2.95119	NA	NA	NA	NA	1.02708	0.92549	NA	NA	NA	NA	1.33854	2.02454	NA	0.31939	1.40527	3.27833	8.64374	0.10313	NA	8.02571	NA	NA	NA	NA	3.46664	4.98253	8.08835	3.76068	4.64172	1.12129	3.80844	2.03527	NA
CBM30	NA	1.26848	NA	NA	NA	0.56057	32.8589	3.02786	10.63019	1.06617	2.10509	NA	NA	0.44088	NA	NA	NA	NA	NA	NA	0.14306	NA	1.43444	0.37456	NA	NA	12.85785	1.69454	0.73283	0.77276	NA	NA	1.0203	NA	0.12833	0.44519	7.02673	NA	NA	NA	0.86862	0.22458	NA	3.42028	NA	NA	2.85904	NA	1.13365	NA	3.15389	0.71502	0.91374	0.78316	1.92236	1.94618	2.91231	NA	NA	NA	NA	0.56078	1.10838	1.78929	NA	6.11998	0.22463	0.90098	NA	NA	NA	NA	2.56559	2.15035	NA	NA	5.36043	NA	NA	NA	NA	NA	NA	NA	1.99352	0.895	1.0638	0.40354	NA	NA	1.67605	0.36335	0.63459	NA	NA	1.16797	NA	NA	NA	NA	NA	NA	NA	NA	NA	1.1268	0.21521	NA	NA	NA	NA	NA	0.22179	1.23467	NA	NA	NA	NA	NA	0.16384	NA	NA	NA	NA	NA	NA	NA	NA	NA	NA	3.96942	NA	NA	NA	NA	NA	NA	NA	0.08853	0.24376	NA	NA	0.1044	NA	NA	NA	NA	NA	NA	NA	NA	0.62919	1.39057	0.105	NA	NA	NA	NA	2.88248	3.19365	NA	NA	NA	NA	7.49472	5.42105	NA	NA	NA	NA	NA	NA	NA	NA	NA	28.49126	NA	0.48432	0.49231	NA	0.11101	NA	0.37743	0.91383	NA	NA	0.12382	NA	NA	NA	NA	0.51009	0.22633	NA	NA	NA	NA	NA	0.57855	NA
CBM32	331.99587	666.58296	672.23469	415.99485	566.84424	686.59475	639.81696	508.89898	492.10052	500.69518	550.07423	360.71202	277.34725	359.49365	257.71229	361.87112	491.9733	426.77485	534.33696	887.47705	377.05513	416.83573	534.77953	602.40838	362.42881	487.26355	408.38066	537.70404	389.31131	496.74472	364.35633	395.16302	502.46671	414.89812	216.44142	537.3523	475.32098	402.14505	363.57519	387.24775	543.01213	499.00273	648.09106	490.41102	634.52212	655.966	387.49383	364.72832	400.51999	478.30898	627.03424	571.34468	530.67414	523.8053	522.99395	365.94636	468.50995	465.69209	478.29408	937.69846	493.19772	706.79283	623.2844	548.85953	420.43864	485.96672	509.6159	407.42466	413.79213	419.31643	371.31591	433.71021	361.86932	499.83286	220.60723	289.19977	662.61132	298.28455	366.7618	320.03831	344.62906	301.13641	407.36413	493.4935	520.08314	537.49658	559.33102	570.32789	328.56144	552.69098	368.0085	456.64481	618.4452	338.3729	828.60022	476.56904	564.13759	549.70106	560.84039	504.70965	549.01188	550.26409	603.81705	898.1201	406.96733	472.01334	444.874	401.70735	396.7851	850.77518	630.67654	754.33995	401.83414	571.26392	442.13835	530.84271	397.1485	368.28421	522.4433	428.66323	402.13024	527.43423	488.14086	392.7748	521.23271	349.74718	410.73527	1023.90175	918.05586	490.24695	386.57837	378.56551	329.82338	635.47732	897.02461	804.84283	142.4463	654.92012	501.99468	474.92998	554.13064	979.94773	451.78341	620.45455	606.53156	434.65902	400.24885	739.49479	751.11286	451.14165	403.83877	394.10743	516.96586	458.98819	480.05723	497.93563	402.15534	599.1855	364.58144	422.31545	560.27169	1022.93995	565.40915	567.6123	960.68828	486.82222	412.88551	732.13326	972.75254	588.17342	514.0654	519.79804	260.07103	872.65891	1138.9642	1009.11914	772.42905	518.69869	653.19847	464.30935	690.06983	739.48992	235.95429	292.41345	404.92738	463.14188	388.70063	363.60922	702.44692	676.19185	802.0291	280.94096	520.35783	580.50952	662.76862	407.02241	457.49323	525.8896	366.73938	442.94628
CBM34	102.92025	87.20617	138.03968	194.77003	67.28786	29.2915	122.59295	67.58103	84.64956	79.15967	92.6172	44.99574	91.27707	137.14569	228.34769	116.61693	80.32047	132.06179	163.58277	70.74821	166.03113	52.95295	58.85172	55.29987	56.148	127.22451	65.23204	24.78707	155.17334	79.25201	51.68659	70.12274	77.83149	47.13259	24.5196	76.21228	133.24122	150.08135	47.88916	90.26212	70.71386	130.28896	88.81868	54.47966	25.27358	19.10499	106.84846	199.45406	140.44047	79.27489	101.82709	98.96642	62.83404	94.72066	58.5426	164.57442	94.19432	56.37836	77.50782	95.41298	147.9087	73.85265	100.24076	47.77079	29.23835	58.32696	108.55471	43.20043	53.76915	49.47079	54.29266	134.73846	31.29247	46.79634	211.72711	55.29289	43.53477	25.8492	35.15711	118.65797	93.46295	69.49295	30.38049	14.04532	21.20794	81.70356	112.13945	65.48606	86.19704	44.51604	98.43072	44.06103	58.67813	443.11351	136.04565	21.34492	55.72718	52.33479	85.69876	19.49191	51.92981	148.83675	123.92212	40.73449	39.738	85.37182	74.33563	60.15609	22.75899	56.41471	36.20714	148.12451	103.59232	136.62292	86.17046	31.62962	101.69402	134.78262	10.61171	35.93846	137.21975	164.05671	218.8518	174.4103	59.20391	82.65541	121.91941	43.3202	45.65735	24.50665	47.5038	170.21613	165.76072	104.03324	34.37313	67.23305	233.89987	25.49024	61.71013	92.09871	287.23049	104.47073	98.99825	101.93885	70.7661	70.38102	100.10152	36.80602	33.52719	13.10254	35.8829	66.57861	84.05594	15.90644	58.07892	54.22413	252.33202	66.03013	104.21335	135.42508	53.44593	56.02138	24.7746	33.66421	99.93135	13.75269	67.61417	48.39347	120.5226	59.3061	134.94445	27.26931	187.20818	39.56862	67.75229	75.44378	20.63167	27.91116	26.03137	57.97675	25.10705	80.44079	108.80183	58.99518	33.13941	22.49795	75.24045	183.1255	181.11677	66.85343	84.59111	131.2669	60.75386	9.37908	15.22996	13.36668	19.45208	146.01194	24.2863	13.73462
CBM35	29.89634	14.36944	10.18457	9.3646	2.79196	0.61839	20.46606	21.2582	6.02722	23.58547	24.05399	29.28069	17.99383	14.67463	7.23292	22.50968	9.20306	11.17097	8.26659	5.28277	7.0842	16.22005	0.0745	0.32496	57.75169	9.79643	11.64187	2.07076	23.12883	33.84751	2.83583	13.16759	31.17444	55.91984	15.66234	7.89115	30.625	14.77742	11.00183	2.01174	7.59904	24.72132	27.16626	5.88329	7.07196	0.94627	19.29752	2.96306	25.42487	31.1486	22.23155	9.07413	2.39337	8.75547	10.56736	15.45936	25.1658	2.24138	15.83082	11.47349	20.29089	3.08882	1.97596	19.50921	3.94115	2.42718	19.04205	9.85522	1.9422	3.51599	7.52964	11.62918	21.05331	15.01927	6.65207	4.13898	15.3829	1.67499	0.04667	105.00506	92.15767	2.96902	4.50737	4.74859	7.48622	43.92744	36.04283	35.06544	17.57468	14.08226	9.6714	12.51661	9.99941	58.87143	35.82808	2.58268	1.86256	0.96414	12.92047	3.37439	92.99235	2.15175	34.8101	8.74065	13.7524	14.03385	11.65517	1.42966	3.73861	1.36139	1.23792	2.98308	24.26775	5.10613	25.17296	6.99373	4.99151	4.69999	3.84418	36.91316	14.50397	6.0141	10.10841	3.16275	7.21438	1.12583	5.77216	3.74797	6.58453	2.69853	19.08779	9.08258	7.71899	5.60792	16.49232	20.52666	0.56059	8.81142	12.10214	22.17376	6.06439	2.97077	9.9265	1.42582	6.95092	71.13635	26.27626	36.38798	34.40766	0.07552	4.3932	18.02947	21.79531	2.26758	7.56544	21.12851	6.97701	16.00681	81.37895	30.6025	20.99488	28.57458	6.86023	38.51059	35.48317	3.47133	13.26726	1.42043	2.8125	6.09427	4.85612	1.08671	29.88187	37.09269	26.49819	27.09671	0.30751	6.59529	3.1597	5.27182	4.82594	14.30875	32.81234	14.03036	13.69761	1.81963	7.62344	2.69015	4.59256	67.0084	93.29945	19.84278	38.20436	0.16999	2.43937	2.41146	1.13036	2.41983	3.22814	0.20573
CBM36	NA	NA	NA	NA	NA	NA	NA	NA	NA	NA	0.77716	0.40763	0.19308	NA	NA	NA	NA	0.19377	NA	NA	NA	2.87344	NA	NA	NA	NA	NA	NA	NA	NA	NA	NA	1.05262	NA	NA	NA	2.52847	NA	NA	NA	NA	1.04274	1.01301	NA	NA	NA	0.1841	NA	0.21961	0.55329	NA	NA	NA	NA	NA	0.08398	NA	NA	NA	NA	NA	NA	NA	NA	NA	NA	NA	NA	NA	NA	NA	NA	NA	NA	NA	NA	0.06185	NA	NA	NA	NA	NA	NA	NA	NA	1.90206	1.37719	0.15591	NA	NA	NA	NA	NA	NA	NA	NA	NA	NA	NA	NA	NA	NA	NA	NA	NA	NA	NA	NA	NA	NA	NA	NA	1.28802	NA	NA	0.28519	NA	NA	NA	NA	NA	NA	NA	NA	NA	NA	NA	NA	NA	NA	NA	NA	NA	NA	NA	NA	NA	NA	NA	NA	NA	NA	NA	NA	NA	0.53499	NA	NA	NA	NA	NA	NA	NA	NA	NA	NA	NA	NA	2.85376	1.11633	NA	NA	NA	NA	NA	NA	0.23944	NA	NA	NA	NA	NA	NA	NA	NA	NA	NA	NA	NA	NA	NA	NA	0.23421	NA	NA	NA	0.28805	NA	NA	NA	NA	0.1585	0.30626	NA	NA	NA	NA	NA	NA	NA
CBM37	NA	NA	NA	NA	NA	NA	NA	NA	NA	NA	NA	NA	NA	NA	NA	NA	NA	NA	NA	NA	NA	NA	NA	NA	NA	NA	NA	NA	79.29789	20.9008	NA	0.55714	NA	NA	NA	NA	17.60507	NA	NA	NA	NA	NA	5.86757	NA	NA	NA	NA	NA	NA	NA	NA	0.4043	NA	NA	NA	10.58678	2.98207	NA	NA	NA	NA	NA	NA	NA	NA	NA	NA	NA	NA	NA	NA	NA	NA	NA	NA	NA	1.85603	NA	NA	NA	NA	NA	NA	NA	NA	NA	NA	0.62378	NA	NA	NA	2.0595	NA	NA	NA	NA	NA	NA	NA	NA	NA	NA	NA	NA	NA	NA	NA	NA	NA	NA	NA	NA	0.16774	0.80729	NA	NA	NA	NA	NA	NA	NA	NA	NA	NA	NA	NA	NA	NA	NA	NA	NA	NA	NA	NA	NA	NA	NA	NA	1.68845	NA	NA	NA	NA	NA	NA	3.55604	5.23799	NA	NA	NA	NA	NA	0.32359	NA	NA	NA	NA	NA	NA	26.8852	NA	NA	NA	NA	NA	NA	NA	NA	NA	NA	NA	NA	NA	NA	NA	NA	NA	NA	0.2989	NA	NA	0.29461	NA	NA	NA	NA	28.31463	NA	NA	NA	NA	415.13087	190.81096	NA	NA	NA	NA	NA	1.07072	NA
CBM38	NA	73.57239	71.76997	31.19111	NA	0.36794	NA	NA	0.22248	NA	39.69791	2.08505	0.27794	26.71262	24.50415	3.5329	8.68598	0.99617	8.22033	17.5585	23.80593	64.47541	1.60502	1.49022	98.40373	20.30751	NA	NA	20.91429	24.40862	12.27024	38.02487	1.13928	1.57602	0.64218	27.30147	45.13691	12.00837	17.28107	3.51954	63.70092	20.3115	28.19978	0.52903	4.79228	0.14493	27.37023	17.76767	21.45418	13.67235	5.66783	33.33783	6.0762	10.56331	21.2716	17.98383	12.12957	3.89754	5.35934	NA	NA	1.87727	2.36885	14.22708	NA	19.59861	35.62261	13.89675	NA	NA	15.87451	12.20752	30.28097	45.79931	0.60712	4.37016	26.72301	6.39366	0.24526	12.68708	1.57098	16.92847	20.60681	NA	0.78535	4.6151	1.69529	11.21755	6.32867	9.74668	0.09975	1.04353	1.54806	NA	41.15739	2.00475	65.75231	23.61644	33.41464	1.82387	17.21543	9.99634	9.16106	23.38292	11.84683	3.87844	6.64379	0.06827	1.90033	14.25534	NA	1.3752	39.91237	39.04422	0.7241	5.54741	2.53235	81.36085	2.10514	3.88616	NA	26.31806	31.25811	4.06978	3.11484	3.53758	4.48017	0.55103	0.41855	0.93337	0.139	2.42076	12.68351	9.93563	96.31441	47.60117	0.74928	93.92966	37.28599	54.01507	0.27137	20.76943	NA	0.38708	NA	17.55656	15.34569	114.31793	107.24931	0.14552	0.69023	21.38299	41.93582	1.01233	24.69722	27.13711	12.78164	3.11203	1.97462	7.06067	4.93604	28.10033	22.2697	41.45905	0.83496	4.57088	5.32123	NA	NA	NA	NA	5.96944	0.9164	58.06947	NA	0.09065	0.70336	2.6507	213.24504	NA	178.77817	78.20947	9.343	12.96848	0.45153	0.14561	21.29606	NA	NA	NA	NA	16.92168	24.00971	NA	0.34974	0.91497	0.86433	14.85946	2.96223	0.14386
CBM4	62.68262	46.38003	49.60671	167.76337	183.17197	202.75246	17.65337	20.75721	49.90052	112.42268	53.16724	30.09832	29.64943	13.84686	56.78125	93.22565	63.50011	29.54119	33.13144	52.72457	50.82621	21.86541	15.58505	5.32109	31.33952	10.75381	9.45633	2.37863	61.4198	28.97094	5.57211	43.05368	74.59828	4.18017	9.23458	14.96047	40.9315	17.09707	0.58378	6.14134	58.72092	72.24113	47.05934	254.6101	227.4749	298.31937	22.75496	64.94475	36.8647	32.98834	30.23994	74.10625	41.35982	26.21849	35.9208	48.27365	29.28608	114.69262	72.46711	85.73081	2.52319	4.91655	9.86999	196.47211	316.35024	15.55915	26.08538	48.06365	64.35255	54.85088	8.32068	3.06714	21.80987	9.71427	2.00499	9.36811	15.33515	2.85149	1.50564	2.7328	2.08413	3.74702	4.3411	5.25251	12.53084	15.57631	23.22328	19.46726	34.10482	19.15632	64.49288	25.5541	15.87202	187.47116	106.23124	160.54045	15.66793	3.52064	5.86759	4.03733	2.39097	17.41489	45.42794	106.84084	82.31052	30.86186	22.38266	3.45714	1.2845	2.56766	58.36145	8.58017	40.82598	23.20954	5.84369	7.63897	9.78434	55.02194	14.80736	14.08205	18.4892	34.20303	32.83769	8.78389	2.37311	1.48753	15.75426	38.46838	73.54995	8.7408	42.00183	18.07092	21.59355	43.50351	22.29657	52.8974	1.27984	13.49548	17.87741	27.74674	30.90406	34.12257	44.26222	8.03712	19.6094	48.62015	33.5257	1.8567	2.18651	17.99037	51.62177	20.34938	88.3112	3.9792	13.95088	10.95899	20.09236	20.9222	43.42856	43.08368	26.31803	22.0245	11.06647	3.91503	87.71362	6.49958	29.86071	59.04711	30.99295	2.14786	5.13778	2.02987	1.52571	31.31159	100.63575	270.68035	100.73432	34.63294	11.91265	14.10226	9.49819	2.57214	11.42675	23.19875	9.53047	92.19828	28.15387	44.45881	11.12904	131.35427	74.08289	19.85863	53.32025	6.48222	19.41858	103.78445	93.39286	50.59129	8.46953	0.97497
CBM40	15.64587	0.71033	3.94236	3.19886	1.35815	1.79395	10.81348	9.22683	6.25757	21.86519	1.74129	13.55581	2.10755	5.09517	0.32841	0.84331	2.1798	4.04215	7.42551	9.66034	6.51248	2.4286	0.74502	NA	16.80823	15.01404	0.78769	0.92151	3.33719	0.95285	2.89587	2.63949	7.4005	6.74742	3.27117	0.05474	0.60816	7.10744	8.05476	0.2167	1.86369	6.14824	2.48597	0.69149	1.14152	0.47573	1.84715	0.27606	1.33083	9.81274	3.38237	0.78352	0.34932	1.77184	2.99263	1.87996	5.35739	28.39094	40.07936	1.82274	16.54669	2.19669	3.11753	8.89961	0.65846	0.72693	3.16704	1.79402	8.45176	7.39907	1.43266	5.99605	1.19013	2.38386	1.02779	5.59258	1.12482	2.4159	0.10791	0.97566	2.88334	2.27084	2.19944	1.50522	1.02127	2.41302	2.55408	0.6951	0.13523	1.89943	4.66826	0.4866	1.17367	81.54204	7.58209	3.42572	5.70354	8.73368	1.67639	1.6528	0.89256	7.74182	7.6632	11.79466	16.97448	1.61719	1.01018	11.73128	2.39035	7.0481	7.15374	44.78776	2.99191	0.96273	1.49481	0.6851	2.31388	0.10589	0.10789	8.91622	27.1045	4.64474	8.70778	3.11458	8.27133	1.35893	2.88005	6.16105	11.28941	0.41492	0.26102	4.46323	5.07949	5.38087	24.40683	12.45783	NA	1.83598	0.80797	0.29843	14.72768	38.73706	1.06878	1.17035	11.96013	0.94668	3.31027	16.91843	8.21319	NA	1.12463	2.40047	1.67832	2.61097	1.79103	1.08753	0.30545	2.25825	3.4311	3.02526	14.5969	6.70277	2.21652	7.03723	2.65913	2.02884	1.45714	4.14948	5.85071	NA	0.19638	3.03348	3.60906	10.5528	0.14095	24.76021	0.19527	1.48299	1.84186	7.13138	3.28515	4.5975	1.99547	2.75439	1.66938	0.21156	2.58193	3.72626	0.73144	3.83186	0.61708	NA	NA	NA	0.3655	0.05111	0.10026	2.37377	0.52704	0.20539
CBM41	23.93514	2.8159	NA	0.13544	3.19983	0.39567	1.01676	0.47505	1.35871	1.67847	9.50482	12.8298	4.14517	9.90132	9.25914	3.1596	5.02688	17.54535	13.2928	3.57318	17.7262	3.80264	3.19864	8.73435	0.68448	0.50487	25.44859	2.31952	12.06959	1.18303	1.52253	2.38822	2.52732	69.26219	32.43047	4.85134	6.19404	1.95538	2.34728	16.34317	0.12332	0.83063	3.94365	3.13054	0.28723	NA	9.84922	26.97291	3.15027	2.66362	10.17113	3.01417	16.69862	6.72861	0.67842	4.17095	2.45701	1.50725	9.64592	14.43916	7.66932	6.38272	11.11657	10.6635	11.61014	NA	7.30193	0.70017	2.31932	3.74744	30.80712	14.22073	0.17629	4.65331	9.48423	0.66816	3.53218	6.314	1.50246	143.5185	123.83479	1.67431	5.31472	0.18034	NA	4.3294	0.10169	4.16572	73.94058	3.22286	1.51189	0.78883	0.94573	27.31579	4.80695	9.81618	2.35533	0.80634	18.92324	7.5082	0.59079	1.85556	7.49653	1.68001	4.3719	6.23533	2.17072	18.23405	0.50812	2.73918	2.82467	1.85545	0.65305	4.2035	7.77339	1.47015	4.86241	50.79658	3.19687	3.82974	15.71241	0.82278	0.97942	2.3409	3.63584	2.52433	4.78495	4.33391	3.34946	23.07427	1.01861	7.20432	10.35747	4.14175	0.24305	0.15982	400.11995	1.30222	6.661	14.44443	23.05135	1.21998	20.90972	1.97855	4.51534	10.70665	0.56402	1.52043	1.28692	1.79576	3.56223	15.62723	5.42601	4.81144	2.38306	25.0171	40.6114	3.27507	1.79669	4.7558	14.34399	0.95451	4.47105	7.03849	1.15625	0.10591	7.00586	3.63762	3.77588	1.34736	1.40178	0.19171	7.78044	2.75795	14.29932	4.58065	0.81034	1.50897	1.65433	3.46114	6.35206	0.94607	50.62173	29.69227	1.61648	0.99026	3.61941	15.84136	4.6614	1.50821	0.40959	15.73956	1.50393	0.9133	0.36075	3.37917	2.26902	7.95336	0.73954	0.30489
CBM42	NA	NA	3.50809	3.93844	0.34082	0.07273	NA	NA	1.07016	0.29314	6.28059	9.25563	0.86717	0.86296	1.25193	7.10111	11.28121	2.14846	1.82494	NA	0.60834	5.33779	0.06622	NA	0.1389	NA	NA	0.0783	1.40657	1.70821	NA	0.07092	1.6452	0.88726	NA	1.04607	2.24048	1.10302	0.44696	0.23376	0.60691	0.99064	2.574	0.07466	0.40819	0.33317	2.12671	2.10394	3.15822	NA	0.31756	2.31172	NA	0.15739	NA	0.32863	0.44832	0.97005	0.34768	NA	NA	0.85099	1.34321	0.08338	NA	0.37374	0.71546	1.51151	NA	0.22775	0.26402	0.21747	1.08471	0.24028	NA	0.17328	0.56542	NA	NA	NA	NA	NA	NA	0.18032	0.50502	5.65018	3.37351	0.7098	0.61877	NA	0.19255	0.36122	1.00862	2.71771	1.79571	NA	0.30373	1.66159	NA	0.04722	3.65791	0.35512	1.59023	NA	0.14583	1.20742	0.32093	NA	NA	NA	1.29352	0.65269	0.85829	0.69384	0.86403	1.86773	NA	0.31117	0.91993	5.02416	0.48944	NA	NA	NA	NA	0.08675	1.60575	0.74884	NA	1.08098	1.3628	2.57326	0.96397	0.62395	1.03593	3.98626	NA	NA	3.52341	2.66572	0.5168	NA	0.38394	NA	NA	0.43531	1.55644	0.55139	0.13964	0.06624	NA	13.20794	0.61548	0.07829	0.50839	0.71036	4.47388	2.38349	0.51581	0.71052	NA	0.64807	0.14144	0.99161	0.32991	NA	0.88972	NA	0.60182	NA	NA	0.06418	0.33651	NA	NA	0.08254	NA	0.43437	NA	0.07213	NA	0.23795	2.12521	1.48639	0.6921	NA	1.32304	0.42792	3.92497	NA	NA	2.31365	4.87857	NA	0.22547	0.15513	0.5402	0.30622	0.6337	NA
CBM44	NA	NA	NA	NA	NA	NA	NA	NA	NA	NA	0.14953	NA	NA	NA	NA	NA	NA	NA	NA	NA	NA	NA	NA	NA	NA	NA	NA	NA	1.09281	0.38412	NA	0.17917	NA	NA	NA	NA	NA	NA	NA	NA	NA	NA	0.39024	NA	NA	NA	0.35529	0.19548	NA	0.2092	NA	NA	NA	NA	NA	NA	NA	NA	NA	NA	NA	NA	NA	NA	NA	NA	NA	NA	NA	NA	NA	NA	NA	NA	NA	NA	NA	NA	NA	NA	NA	NA	NA	NA	NA	NA	0.17358	NA	NA	NA	NA	NA	NA	NA	0.77761	0.93301	NA	NA	NA	NA	NA	NA	NA	NA	NA	NA	NA	NA	NA	NA	NA	NA	NA	NA	NA	NA	NA	NA	NA	NA	NA	NA	NA	NA	NA	NA	NA	NA	NA	NA	NA	NA	NA	NA	NA	0.26461	NA	NA	NA	NA	NA	NA	NA	NA	NA	NA	NA	0.57342	NA	NA	NA	NA	NA	NA	NA	NA	NA	NA	NA	NA	NA	NA	NA	NA	NA	NA	0.15379	NA	NA	NA	NA	NA	NA	NA	NA	NA	NA	NA	NA	NA	NA	0.14472	NA	NA	NA	NA	NA	NA	NA	NA	NA	0.76209	0.50626	NA	NA	NA	NA	NA	NA	NA
CBM47	0.50412	NA	NA	NA	0.06593	NA	NA	0.07524	NA	NA	NA	0.15418	NA	NA	NA	NA	NA	0.29221	NA	NA	NA	NA	0.13153	NA	NA	NA	0.52009	NA	NA	0.1319	NA	NA	NA	NA	NA	NA	0.11455	NA	0.08064	NA	NA	NA	NA	NA	NA	NA	NA	0.09153	NA	NA	NA	NA	NA	0.12939	NA	0.12554	NA	NA	0.11939	NA	NA	NA	NA	NA	NA	NA	NA	NA	0.12439	0.0611	NA	NA	NA	NA	NA	NA	NA	NA	NA	NA	0.17667	0.06468	0.26616	NA	NA	NA	NA	NA	NA	NA	NA	NA	NA	0.18988	NA	0.21961	NA	NA	NA	NA	NA	NA	NA	NA	0.11133	NA	NA	0.41856	NA	NA	NA	NA	NA	NA	NA	NA	NA	0.12635	NA	NA	NA	NA	0.49646	NA	NA	NA	0.08638	0.04488	NA	NA	NA	NA	NA	NA	NA	NA	0.17085	NA	NA	NA	NA	NA	0.07099	NA	0.38446	NA	NA	NA	NA	NA	0.05517	NA	NA	NA	NA	NA	NA	NA	NA	NA	0.23208	NA	NA	NA	0.0678	NA	NA	NA	0.23017	NA	NA	NA	NA	NA	NA	NA	NA	NA	NA	0.06755	NA	NA	NA	NA	NA	NA	NA	NA	NA	NA	NA	NA	NA	NA	NA	0.07074	NA	NA	NA	NA
CBM48	989.40379	1023.43264	1021.87805	1246.78187	1655.21611	1526.68828	1103.45817	780.43031	927.43471	1056.96256	1168.65493	972.69052	1157.39446	1227.74397	1256.40481	1096.43407	1374.37904	1038.14303	1010.26296	1045.37577	1135.69982	1262.60114	1171.06357	1194.75264	1136.41957	1051.02058	944.64978	889.97446	933.44751	1096.10968	875.78851	870.86242	1030.30611	1280.51354	1187.49365	1073.96816	1189.51073	932.1559	951.52754	1168.90569	1101.01915	1004.13445	1012.58817	1746.80592	1061.30728	1105.70802	1323.04565	1283.21618	1258.76784	1198.85067	748.75134	1102.40455	1031.81276	1071.6236	830.64944	1110.35038	976.67042	1241.5216	1259.55108	685.91636	974.4556	988.30463	1066.86865	1003.63667	944.65303	994.34779	1131.88748	969.49467	1243.45071	1117.2143	1236.62129	1257.94676	1341.08976	1194.84665	1224.80411	1193.17849	1463.74285	986.92877	1023.62337	1150.16158	1066.87138	1545.85748	1244.82415	1355.1062	1366.23111	880.94148	977.16103	1570.88812	1192.51448	914.1935	1027.13847	1092.78364	991.95525	993.41461	981.9975	1132.89069	1056.11222	998.74758	1116.51517	977.12185	833.80214	1150.63114	1070.24895	843.23144	826.81489	1341.92645	1326.62008	1843.98858	1839.71432	1117.21334	1014.07964	985.79828	1248.86116	1256.74696	1219.82704	1108.78393	1107.44311	1433.10202	1264.7116	959.25961	1232.05198	952.01548	1006.55563	1083.25857	1049.42975	895.26855	867.58213	1151.17825	1040.24277	994.45006	862.29948	1130.4886	1137.13436	832.61724	931.20155	1003.29593	1639.69364	1117.90658	977.69219	1174.92651	1300.60872	1130.871	1225.53241	1228.93288	1133.31844	1017.43288	1099.52248	1062.43351	1089.32698	1719.75509	1506.12939	1153.29068	1154.86595	996.69953	1016.66388	1137.58194	1338.07261	1148.2902	1049.77006	1064.89456	953.6342	755.45316	1052.66637	773.35607	769.3264	1011.48791	1180.60896	1031.2919	1103.94004	971.77154	1071.28484	1093.33446	1092.30363	761.14809	643.151	722.88332	1056.95553	867.09866	1559.90689	988.45707	1504.71232	1147.07468	1025.84149	1288.08188	1035.72145	1319.46286	1093.75983	889.70164	1003.29033	999.25372	864.47142	1191.06497	1156.5379	1214.52216	1405.14002	1241.29603	1224.3819	1078.84465	930.28782	925.88187
CBM5	34.92232	0.56	1.24324	1.8055	22.57296	1.65995	17.29161	9.54353	0.98569	0.54184	6.51538	3.87243	3.01751	126.36262	225.54423	9.91407	2.97352	31.15104	10.14067	16.34772	16.14795	3.53924	3.48359	3.84814	11.0175	9.60485	26.10557	2.96229	52.96731	20.89086	20.29396	5.42602	7.89596	28.12129	6.48508	8.1762	5.66987	8.53377	14.71163	32.67836	4.83676	5.78847	7.40218	NA	1.58953	0.62436	7.21448	2.63929	6.33141	6.35381	25.4059	5.38993	3.34549	1.68832	1.61032	5.72462	6.0801	10.38162	5.23306	5.81938	78.45081	9.62906	18.86112	6.90855	0.25054	1.82175	111.49891	12.51238	12.63017	8.30868	20.56524	14.24706	10.76822	13.27276	28.67272	3.60238	10.19115	11.13937	1.63059	4.21876	1.29872	9.53882	8.41202	1.06111	1.2214	7.44204	3.42463	14.25452	6.70507	6.18142	66.09863	0.54484	7.04886	58.14135	5.31667	1.2654	5.58797	1.67417	75.53834	6.53932	7.47658	0.92812	2.346	37.89557	45.26176	10.94658	20.87809	4.0751	1.29639	6.33599	5.28291	0.5688	24.70129	15.14344	9.77749	5.39995	9.48115	9.85613	8.06087	18.8083	3.70492	4.11557	1.56207	10.35861	15.26155	6.2575	11.14917	9.5718	15.96762	27.13793	3.90644	3.78973	36.50486	5.11152	12.75051	6.65378	9.83737	4.03505	43.33342	49.68805	13.69646	9.99268	2.45268	1.03101	5.31391	15.921	35.10645	11.23382	10.17736	NA	1.45672	8.81468	6.80548	4.45278	5.73157	11.79319	24.99082	5.27696	14.28487	6.24471	18.64792	7.81802	6.61891	25.9676	6.94903	6.97235	10.83673	20.03195	12.88791	6.36823	3.94469	3.76417	8.3115	21.47633	21.81632	5.48242	7.36672	21.87802	29.0489	7.90842	26.80922	5.78366	5.54461	17.08995	14.22025	NA	25.47502	11.22583	0.17557	5.93957	4.00905	10.80419	6.75013	NA	1.95681	0.80935	3.23637	4.22392	6.37834	1.37456
CBM50	1707.89634	1984.15994	1851.07809	1790.69413	1835.90679	1846.21293	2142.644	1842.53061	1886.12955	1926.87555	1996.14634	2240.2519	2192.24301	2028.30096	2424.97232	2099.69157	2191.47647	1821.61546	1976.50531	2423.22888	1953.05676	1691.18378	2183.75487	1973.04411	2154.74423	2094.95826	2112.77504	2248.03488	2175.26021	1965.03318	1919.74967	2184.82772	2184.89713	2220.02723	2243.07672	1758.78697	1717.31214	2180.33166	2036.22375	1893.46339	2081.53332	1816.64201	1937.06793	2278.3846	2125.45102	2059.97669	1696.12557	1683.75965	2375.49162	2264.10622	2074.98785	2307.8091	2049.01149	2052.35768	1623.01856	2028.97908	2241.8626	2015.9192	1955.58786	2066.54771	2472.48777	1802.02038	1800.35847	1938.48896	1971.8158	1964.77418	2043.53604	2155.49163	2358.68454	2099.21603	2146.55817	2161.1065	1996.26001	1750.11836	1605.74518	2009.04556	2312.31305	2479.18819	1761.90511	2089.24386	2002.29608	2229.43517	2422.01117	2205.46458	2326.72102	1681.32506	1924.48196	2416.06364	1812.7683	1872.06811	2334.11076	2201.22487	2043.46295	2001.03508	1678.44975	1909.38288	1802.16855	1962.2602	1889.94425	1918.97154	1981.94268	1830.36707	1751.41845	1929.56593	2023.30528	1875.86691	1903.74175	2012.66082	1998.3617	1780.78112	1983.03471	2024.41317	1759.79455	1995.92473	2206.1865	2108.95059	2351.29107	1752.96866	1751.57531	2097.56577	2046.79565	1866.95337	1926.16162	1600.88951	1755.94995	1993.97141	2469.65641	1729.8311	1843.46364	1965.78768	1808.61378	1900.3548	1889.0707	1908.80575	2048.99793	1681.62969	1571.66893	2183.81479	2591.17533	2408.65159	1647.79205	1942.0237	1800.40991	2050.82731	2014.20831	1961.62513	2090.85724	1742.77601	1684.29297	1811.04924	1861.8085	2165.31211	1915.83846	2231.87676	1759.7283	1696.78037	1733.13021	1933.55355	2030.14627	1912.32129	1636.47623	1798.07855	1831.54588	1932.06844	1675.55514	2108.25491	1835.57282	1782.5024	1811.78878	1982.70661	1712.11288	1575.37325	1898.04933	1480.0661	1536.65377	1733.25147	1776.81742	1981.78499	2070.34312	1724.15471	2049.02973	2020.56697	2563.28021	1936.95758	1812.1629	2311.59579	2327.84066	1417.71437	1779.25361	1591.83085	1641.78398	1911.61079	2152.8646	1799.78827	2198.93054	1806.79307	1823.87619	2275.02838	2050.53929	2100.95696
CBM51	22.38459	20.51093	111.88888	116.34131	26.70959	19.04542	24.02475	10.33709	88.76264	94.51368	61.53256	116.46406	64.10761	84.62545	66.70432	97.9757	111.99302	97.58474	95.92989	125.6803	100.47221	77.8429	37.74022	29.50428	117.98686	67.55366	35.0297	50.8151	107.98733	158.83865	102.03112	99.70273	88.26402	114.68661	64.19213	113.54034	96.83908	60.25508	41.83059	156.02686	132.16733	138.99625	116.7226	21.39349	49.10531	17.15259	96.69203	77.46159	42.81819	45.01445	261.07503	109.84166	31.8599	73.02276	54.60578	97.39593	131.89619	53.27017	54.41555	270.98993	303.46636	11.63855	18.79779	53.99525	6.16439	88.8952	102.0406	95.96232	157.53841	124.13794	94.37972	107.61576	74.21293	75.24407	18.33068	21.36246	169.22332	33.8238	18.2951	24.01181	32.14356	87.61086	48.80494	68.87316	98.88284	102.5373	149.23949	152.04531	44.0875	65.81376	59.51301	52.2312	27.76609	82.18927	69.72602	54.77526	80.50863	120.57961	75.42728	19.7083	103.86071	50.37765	53.83886	166.80226	111.01768	35.43405	30.52269	38.29103	42.59244	40.15054	67.99613	69.93243	82.76023	82.7773	299.64478	348.16959	52.15187	53.41191	19.10079	110.63414	95.40117	78.78612	85.25963	35.37775	40.81292	21.11259	49.61005	114.52886	170.44237	11.42554	35.18625	141.17171	80.05397	82.02877	61.83125	74.63089	38.07941	125.79673	93.6945	120.56518	82.3638	66.84605	24.52546	75.04801	49.25074	127.92581	118.21883	28.95741	48.15642	9.06987	21.90119	105.10935	98.99205	26.97101	52.6611	56.25087	33.58128	176.97186	50.97064	76.11533	98.13215	86.05668	107.9143	184.76435	252.41575	42.39553	27.61644	46.20246	33.26987	45.43139	44.35184	61.82528	55.6089	71.01753	84.59179	156.12992	5.55665	42.56286	203.24017	66.01281	182.14807	72.86446	76.90294	57.69626	26.88027	26.32499	112.71675	52.19618	25.00974	86.77892	64.15532	101.01522	153.95915	21.87418	49.05838	29.18378	14.53474	100.71273	19.59149	2.41293
CBM54	4.02405	1.30893	3.83844	0.98863	0.59842	0.7948	NA	3.69939	2.59512	9.35161	4.86713	25.35445	2.07199	1.57053	1.02733	32.4778	7.76604	0.39786	2.01859	0.40686	5.61806	1.72108	NA	NA	6.8538	6.23205	1.44457	1.7735	14.09615	4.92905	0.46195	3.68071	16.74863	12.03198	8.86109	1.68114	2.19647	7.0287	6.56355	1.37838	3.05517	8.68009	6.8529	3.12131	1.0782	0.23211	4.92354	25.42742	2.77926	3.00736	24.65639	11.56904	1.83985	7.16354	1.97456	4.63976	5.57202	3.7191	4.24465	2.33425	7.36702	2.03564	2.03295	4.14085	0.46845	0.72197	2.09554	3.79385	1.77088	2.05197	6.31118	3.0745	3.13903	2.12488	0.43857	1.52716	4.63752	4.95497	0.96344	3.58123	3.44253	1.951	2.97486	0.54418	0.88922	5.43138	3.29138	4.17482	2.02118	3.94895	1.24887	2.41207	3.17967	32.031	5.6649	0.64106	0.47357	0.19855	1.12118	0.92986	6.50485	0.22234	6.85727	5.58989	8.98666	2.69806	7.09471	0.295	1.04036	1.10847	0.65022	0.25851	8.13144	3.42327	1.4083	4.12568	1.81681	1.78894	0.15707	10.43969	7.58151	2.54176	3.48748	2.226	4.8329	2.6546	6.1043	3.39259	5.03762	0.77933	0.87977	3.96439	2.69066	3.3211	14.33903	6.28482	0.14868	0.68312	44.15588	20.85111	6.75641	1.33632	12.46555	0.3565	5.27105	8.78019	7.63132	11.81923	11.93328	0.27605	1.01861	18.2223	8.57011	1.91747	3.8294	2.36834	0.70776	1.72252	6.66783	6.37351	5.3319	3.49441	4.47704	9.77457	1.29992	1.67467	1.61627	1.43768	0.73655	NA	0.11251	1.4539	NA	5.9037	0.53567	9.28249	0.09516	7.81683	0.87307	2.38642	1.55579	2.7356	11.47701	13.75168	25.06295	0.5473	17.62383	2.0882	2.98622	7.50085	0.15064	13.68732	10.8235	NA	0.31227	2.70695	3.81802	9.65569	6.23213	0.23107
CBM56	NA	NA	0.16114	NA	NA	NA	NA	NA	NA	NA	NA	NA	NA	NA	NA	NA	0.29044	NA	NA	NA	1.01337	0.14208	NA	NA	0.0932	NA	NA	NA	0.81313	NA	NA	0.42553	NA	NA	NA	NA	NA	NA	NA	NA	NA	NA	0.04878	NA	NA	NA	NA	0.28833	NA	0.10515	NA	NA	NA	NA	0.06924	0.07698	NA	NA	NA	NA	NA	NA	NA	NA	NA	NA	NA	NA	NA	NA	NA	NA	NA	0.05368	NA	NA	NA	NA	NA	NA	NA	NA	NA	NA	NA	NA	NA	NA	NA	NA	NA	NA	0.19303	NA	0.55404	NA	0.06409	NA	NA	NA	NA	NA	NA	NA	NA	NA	0.07686	NA	NA	NA	NA	NA	NA	NA	NA	NA	NA	NA	NA	NA	NA	NA	NA	NA	NA	NA	NA	NA	NA	NA	0.1308	NA	NA	NA	NA	0.34185	NA	NA	NA	NA	0.04153	NA	NA	NA	NA	NA	0.09241	NA	0.0736	NA	NA	NA	NA	NA	NA	NA	NA	NA	NA	NA	NA	NA	NA	NA	NA	NA	0.1461	NA	NA	NA	NA	NA	NA	NA	NA	NA	NA	NA	NA	NA	NA	NA	NA	NA	NA	NA	NA	NA	NA	NA	NA	NA	NA	NA	NA	NA	NA	NA	NA	NA
CBM57	113.45241	134.29224	157.83133	84.48353	23.09101	22.82479	164.42611	174.27131	107.94728	154.64805	98.78216	116.07096	76.35945	128.33181	112.01316	161.23181	266.12202	113.07003	179.89953	164.09057	89.26269	153.56555	59.31828	15.75485	112.03173	78.57192	21.38778	48.63229	86.88173	199.45639	67.7776	109.71974	37.86604	79.96292	82.13777	149.94186	118.04155	74.58965	63.83203	22.6072	134.20417	122.94296	138.08604	11.64569	375.40468	454.62793	96.08307	66.30865	67.47927	62.60577	46.16118	144.28291	14.934	36.8012	143.86845	83.71228	128.5869	161.86346	133.00008	125.62694	0.13805	57.62738	54.38982	598.36996	876.37138	116.39011	150.48014	86.61578	63.81648	63.71725	55.11189	71.87523	141.46292	266.53148	75.67857	91.53188	75.18354	43.39084	34.21054	93.25387	142.16893	60.65277	74.90817	13.21997	13.35863	161.13559	164.5094	44.10005	28.73216	39.8873	95.73457	137.42777	665.13053	1.36919	235.30758	137.36011	219.61295	203.34543	126.5404	22.40656	49.94696	110.8952	140.71034	221.72586	192.06098	25.483	20.76681	264.25773	286.48245	151.16991	110.57996	75.94625	108.41249	135.03915	24.91367	63.88957	22.43492	76.03519	6.93947	72.42207	43.52032	287.62028	234.06193	115.07098	101.16821	48.18062	54.62942	188.57322	172.72757	749.61162	629.56015	64.59268	104.42172	199.94109	263.68219	283.72687	12.62257	169.9341	38.00336	52.28763	93.42741	178.07674	22.06242	37.72798	76.36346	81.19024	56.9766	253.25442	281.50533	174.89443	222.59044	78.62152	145.64062	29.10474	124.3496	162.91882	89.19215	109.8735	128.44924	138.29349	165.30959	230.69054	282.89349	71.30551	100.84643	52.14129	205.01136	256.96836	169.33645	127.22471	69.41375	80.39385	28.99064	236.17665	169.56298	256.386	153.76417	84.43714	343.14791	149.57108	277.54458	66.66932	25.87937	45.91473	173.56898	276.44511	69.7308	84.50009	130.01014	127.94716	92.78033	42.91875	106.67271	99.3683	116.81847	74.81822	87.11114	43.23168	411.41655	572.48018
CBM58	80.64587	55.31692	65.68793	67.96006	21.66653	24.57615	42.48237	230.81087	78.45097	76.32579	15.82621	49.96837	42.0368	20.86455	7.74055	8.41865	7.31032	104.25497	110.32293	18.37316	70.97368	10.33248	60.45093	25.18012	105.63761	93.08028	29.93898	46.45865	14.93352	6.99262	42.66903	73.68651	12.16208	47.85327	77.04526	42.53751	35.13324	52.57137	41.27495	8.38341	42.19096	29.43272	44.60425	0.36638	3.41118	1.94206	85.39803	68.65192	52.96354	62.33592	43.93692	54.61836	9.34456	16.77724	114.38647	27.6919	35.5999	10.93348	12.31672	13.44898	0.186	28.5824	34.00381	34.28056	0.28129	132.8369	25.08056	12.93234	39.88609	35.09579	80.65345	33.24566	166.3046	140.99181	77.74205	138.49944	9.78606	40.43504	31.01911	52.62738	55.31865	226.69785	195.47543	9.49479	12.45702	88.0727	56.478	8.60783	26.2229	29.8569	11.75535	8.10542	3.47513	NA	6.12609	8.17476	184.20561	208.45958	34.64371	5.21291	14.95757	143.02708	43.04053	93.65988	101.43313	3.54781	3.25104	17.5132	13.63829	49.96066	28.12246	22.08356	54.47865	73.55021	22.08012	30.31781	27.87215	35.03702	3.75848	22.98575	2.76387	162.15885	115.95549	150.3152	177.6795	2.22271	7.66958	24.3139	26.96056	3.03259	5.51079	21.29347	90.21405	154.28102	96.7158	111.03341	2.19113	27.2863	18.90091	53.74782	49.34315	102.67621	6.39981	21.2725	44.61593	23.66676	25.17571	141.83108	128.55206	4.16956	9.68395	32.33022	38.62139	23.42322	25.64045	12.69296	17.85927	107.36405	106.78092	116.00499	90.40159	156.73561	106.79909	34.92126	42.42692	3.00745	12.83802	13.47775	NA	20.56501	39.82436	42.61462	16.13395	91.02479	12.53613	0.2669	0.90051	22.89645	126.98555	156.02032	105.29138	6.07565	9.72977	10.99886	1.80309	NA	53.78113	101.65787	165.61871	NA	NA	25.25361	51.24291	0.46446	2.11957	0.60223	1.82458	24.90196	9.35164	0.87588
CBM6	89.06965	276.58372	147.16772	98.48336	262.72806	267.25394	240.47087	223.04089	155.24274	134.71611	251.94655	213.22449	131.63213	82.40999	94.04509	165.10061	222.80975	82.52155	121.331	142.22456	92.48111	157.42715	275.27048	337.25314	149.73704	212.77538	329.96143	352.56444	153.61982	214.47408	269.68157	152.63097	180.18792	169.19268	200.12279	32.17563	41.03245	210.40032	239.09032	134.69471	247.38583	58.50503	69.2645	303.67813	451.85262	512.27709	75.46118	67.31074	130.53411	150.46395	107.45857	221.97413	170.18814	174.03254	124.59341	111.93244	160.565	340.87931	303.52582	229.31697	131.16475	448.88497	400.41141	317.89545	539.75534	129.82044	105.97095	263.72702	185.47978	185.88143	112.93072	53.60906	226.2681	184.26402	121.75877	217.04573	53.13923	310.96506	384.89827	152.63332	212.4747	272.98308	189.35067	283.88842	266.10146	123.66134	100.76258	43.38029	164.20814	242.66136	275.29452	344.34603	418.33569	10.17386	279.08294	357.19682	256.45271	227.43599	177.18499	314.02804	222.74328	129.59496	194.16991	176.87622	185.22088	260.66672	271.51597	239.52107	256.4216	243.49749	73.78537	20.22243	41.45502	57.07117	40.37443	68.60907	276.96129	126.87109	337.27512	158.22915	157.47555	201.9951	168.1394	170.60568	239.26497	245.93676	255.60285	125.43367	179.65372	364.69263	349.38335	100.67606	74.63885	81.04321	62.33107	238.97386	84.89716	261.08232	202.96432	102.99139	124.06151	197.10133	265.9025	320.55987	318.10931	120.54006	181.58301	172.45056	184.3003	300.47077	248.72044	79.45906	94.01895	439.42831	135.3969	154.67164	97.16013	357.35671	49.5908	55.93793	95.55205	80.01154	37.00415	47.44246	227.46139	234.45374	294.62749	243.16341	185.73485	139.50763	158.97748	217.84949	267.16929	134.76859	297.94829	517.59869	345.55923	211.33456	81.87168	150.77789	150.99722	428.84388	75.40291	143.02159	271.42292	398.66386	71.58743	169.91658	184.08529	413.95522	399.57666	53.26192	161.08926	270.84497	253.55838	317.50161	310.56532	290.86621	413.77153	575.03121
CBM61	30.77493	36.50738	59.73216	97.08543	7.01036	6.49344	0.84248	5.36647	35.8106	24.18223	29.37858	42.56817	27.86074	11.53814	14.63922	15.41979	29.27531	27.17287	37.60865	31.87338	26.84734	23.3145	24.57803	32.00228	24.75502	11.80192	3.94396	2.3615	43.87613	41.77962	9.10529	7.8144	25.81437	18.35931	6.55411	22.21346	56.95884	33.68674	18.03654	4.96946	19.9686	23.56557	19.58105	15.51011	8.14637	1.85678	33.16586	55.15591	74.36157	15.96297	6.68436	27.55785	19.26527	39.24166	17.96526	36.3845	19.84261	3.88357	12.43694	0.63234	5.75221	5.62185	6.0844	14.05963	17.5129	19.85792	14.28137	11.88823	28.9692	27.51718	23.41425	21.62227	13.52764	10.90775	7.3131	10.06554	8.54191	21.51596	31.0613	3.77113	4.45026	3.63984	2.95595	5.24343	4.84897	30.39467	32.38504	13.39158	39.04148	19.55829	7.30022	5.10959	18.13047	122.00755	37.24322	5.30619	9.80432	5.25606	6.99369	2.16212	29.3709	59.41073	30.05084	10.97716	22.79919	24.52334	8.11055	2.31661	1.99613	6.4207	23.80968	5.44975	24.1691	33.28731	27.5972	24.07405	5.43514	30.05488	3.45372	24.16514	46.46728	51.42173	102.80966	88.40985	17.03099	10.08136	18.09544	38.6404	38.01232	8.25525	14.85251	43.89881	9.55058	16.39604	15.17682	30.37864	122.04967	10.53416	17.22701	22.224	22.44602	5.14747	32.55589	76.37015	50.79846	34.11753	34.17129	7.59201	3.86608	9.27776	13.12261	10.49901	46.88535	2.88425	7.83752	7.38396	45.7483	27.45396	42.06312	43.43843	18.52912	21.06667	5.96799	6.62668	63.87123	1.94123	25.08601	56.72016	22.1814	30.21617	86.87091	8.82957	177.62381	18.80998	22.80694	149.92598	6.57642	6.5762	5.18528	10.90967	5.09453	25.46702	5.37864	16.46503	3.50065	2.42285	15.4524	68.23858	43.3725	83.17862	62.45893	30.77507	30.478	0.86468	4.55158	1.37667	7.14177	44.55962	10.54704	8.8741
CBM62	48.13624	165.98415	326.70067	179.2416	41.70257	33.89182	234.26681	229.73703	158.28279	191.95305	95.36196	83.77432	55.8388	163.44395	172.42615	47.18216	89.84175	122.53827	208.69881	160.9472	131.49087	108.81168	54.66108	15.21811	221.94545	139.98126	62.1648	89.64859	134.12492	206.46146	89.71754	176.23501	98.6335	170.70508	145.05585	340.07883	191.12732	156.76013	148.75365	14.26645	222.49921	199.35435	244.43163	69.61709	102.56259	69.17141	122.41795	107.01247	107.50874	120.67111	65.26611	85.68908	37.94992	109.76066	223.48077	113.63048	139.99703	63.0409	91.34133	274.44228	504.60031	44.86656	30.07761	127.69502	51.83251	271.33994	202.683	108.99236	138.12373	151.25592	148.50713	148.47196	146.57015	208.61369	113.63161	92.88548	93.83113	115.96486	164.37924	74.81965	64.8661	62.15109	67.51442	71.82854	72.43121	209.12549	287.68464	66.8782	48.92911	37.72386	63.23366	90.84717	80.27979	6.1358	329.17459	82.34002	288.79155	211.50379	127.12236	40.18974	83.09256	137.31636	180.36811	255.97034	123.44549	78.58635	45.62751	52.67349	82.49066	228.44865	112.37792	133.05918	129.86527	146.77803	51.57214	115.29802	79.09524	175.1823	33.56316	82.09363	45.83688	188.87202	149.77115	70.99145	116.20852	31.24119	79.66646	299.04805	214.2133	55.45183	83.43583	100.24485	107.22983	205.14832	193.18941	251.40361	6.80919	211.749	62.93802	105.10961	111.53474	425.93995	26.0966	34.14955	43.74258	188.68939	261.691	505.81893	476.73638	80.31214	79.09077	106.97074	199.14203	31.29891	174.38814	138.75866	83.93547	295.11076	151.94959	150.33324	144.46692	309.61159	377.61975	114.47659	290.62741	86.28347	103.67365	220.96301	279.93943	110.42415	104.15564	102.03227	50.47283	287.24311	382.23093	167.72276	172.78907	194.7169	269.18322	72.38454	244.48104	210.40358	101.59807	51.53683	36.06589	34.78349	65.22238	128.95176	287.44351	414.43876	506.08355	86.17705	166.55528	19.44864	48.22779	119.91024	118.11877	78.88888	114.94576	71.01464
CBM65	20.07024	10.8725	NA	NA	NA	NA	NA	NA	3.53556	11.59074	10.78916	6.91998	15.26811	12.96261	6.22414	14.3748	0.44876	NA	NA	NA	5.55624	3.25381	NA	NA	53.78871	1.49536	NA	NA	5.2748	16.46461	NA	2.05891	2.89395	NA	NA	2.42625	6.2151	NA	NA	NA	1.41341	6.91199	10.11126	3.74435	NA	NA	2.41943	NA	20.94069	30.77981	1.37037	0.53098	14.51955	9.73768	NA	6.50756	12.39734	NA	9.77473	NA	NA	3.49374	3.57851	NA	NA	0.30686	10.97087	3.79596	NA	NA	0.6887	0.99096	24.40943	2.45264	NA	NA	7.89203	NA	NA	1.28213	NA	NA	NA	NA	NA	11.98739	2.95474	43.11307	5.80491	2.28083	4.0741	15.64602	NA	NA	NA	NA	NA	0.12979	NA	NA	3.65785	NA	2.85095	NA	NA	0.7454	NA	NA	NA	NA	NA	NA	31.07224	1.98721	1.60245	5.37174	NA	0.3438	NA	0.06091	8.01111	NA	NA	NA	NA	NA	NA	NA	NA	0.10427	15.8008	NA	0.66604	1.25093	NA	NA	NA	0.27085	7.17062	13.852	NA	NA	5.59527	NA	NA	64.59618	9.90367	NA	NA	NA	0.45722	16.14548	0.25376	1.20571	NA	NA	0.91654	3.65299	109.16205	14.49162	NA	NA	NA	7.52199	NA	NA	3.66782	NA	NA	NA	NA	0.21481	0.23864	NA	0.42492	NA	NA	0.14427	0.50408	0.3261	0.95371	1.47572	19.0992	7.66548	NA	NA	1.09117	0.7514	NA	NA	NA	94.86904	54.02359	NA	NA	NA	NA	5.37968	NA	NA
CBM66	4.52388	0.86918	15.49235	11.65933	3.17875	NA	25.26756	13.90667	1.55554	6.52902	12.27608	3.1352	1.47331	0.05504	0.06339	1.53761	3.00623	8.62752	4.4869	12.31676	4.01578	6.76128	3.36192	1.49493	7.46845	7.65783	0.63639	1.7292	6.82567	5.49688	0.92512	0.81109	4.24471	4.03866	1.91056	26.01504	11.07676	2.60417	2.866	0.93104	6.2392	8.79872	11.66099	0.54473	0.49624	0.16471	5.51146	2.50099	1.75634	1.73036	4.5508	2.72697	0.80575	3.89213	2.40777	6.10457	7.92766	4.93708	1.49671	72.97886	65.10077	0.79947	0.62218	0.56696	4.40948	0.93018	0.61831	1.16499	1.16986	9.24403	4.06938	4.91463	16.85974	12.61837	1.45594	4.26395	3.71758	4.36668	0.43599	10.0837	1.51772	2.44787	0.567	2.25517	1.34363	2.52325	1.97626	2.90332	1.60247	3.34556	1.69476	0.96412	2.4438	6.39653	21.92161	5.29589	5.63142	1.34294	2.82492	0.08343	1.09287	0.0988	19.45366	0.43999	3.38337	2.82098	2.22197	13.53152	7.92189	0.84264	2.40177	1.16124	8.27847	7.10864	1.37727	1.72693	16.84142	5.97182	2.57469	1.02208	29.69543	9.57271	13.53384	2.82009	3.25785	0.76142	4.37616	57.90113	57.41342	1.4331	3.14681	16.25329	2.30348	7.721	0.97128	15.96005	0.72171	0.85427	7.0078	22.78871	11.21317	33.9353	0.52095	0.34275	0.32055	10.28174	3.71717	3.44455	4.83108	NA	0.18356	7.23674	1.78629	0.48119	1.44256	0.47805	6.91425	17.7876	7.26146	14.60387	19.91098	20.36748	0.20035	1.48621	43.57395	0.84001	1.06701	2.59929	1.83512	14.21522	6.1367	3.55531	1.12371	24.9855	96.12986	7.76702	1.34094	9.49894	71.11722	0.59175	55.96921	1.68	14.99608	7.70521	3.26866	0.05503	4.52427	25.50078	46.60123	63.43359	126.10574	3.67957	13.21336	NA	0.20042	4.51385	6.37285	0.24343	0.61611	0.85894
CBM67	244.16586	631.32881	730.11674	547.93137	414.62098	364.25361	538.43105	613.34026	635.2194	557.49282	658.10792	556.61195	451.56455	473.89837	376.3995	512.80635	678.53133	500.01555	676.46128	862.95784	483.94706	550.43622	650.39304	815.06135	388.92207	413.29618	278.21387	406.19186	446.51317	522.71338	702.59769	571.82152	508.35649	613.51125	476.15755	618.50515	542.38877	448.13313	445.07682	648.57403	658.62161	408.07632	453.02514	415.9859	749.88239	849.6399	496.45522	431.52008	466.77039	409.81212	368.96242	439.37176	770.21787	678.01724	446.82854	501.01693	571.46067	637.7881	608.80355	971.34388	555.89253	880.5043	776.2031	1034.18666	1429.09339	412.76256	462.46685	555.2672	762.51738	659.60838	413.76615	486.57573	411.57923	483.54849	399.13318	376.4972	459.26671	651.95279	692.91665	463.60339	549.53114	671.45744	755.27145	379.40234	368.49393	561.62804	506.44946	429.91954	444.56865	757.38239	367.58727	486.82718	1114.8337	304.19185	777.58433	501.63297	781.46318	767.10553	391.51948	347.79114	437.06275	446.57399	657.24401	656.80288	449.09661	422.33955	460.80376	817.89723	790.58943	427.64388	515.51469	616.43393	380.37203	405.55467	390.41782	464.12934	663.18432	545.26246	424.49035	515.61886	545.76698	618.47624	594.19394	618.12543	592.9127	804.98928	737.84725	495.09136	588.03856	1170.81431	990.32922	501.60146	385.41016	584.82946	678.66032	669.46845	235.74687	695.98065	649.39297	564.17854	460.73374	840.64549	766.53575	798.69696	784.35081	518.78231	391.06229	955.63074	1023.13932	628.75587	697.3972	507.33569	539.1581	771.62004	548.69097	583.30587	390.56801	367.54783	528.94137	582.2805	548.11561	616.77736	732.57929	374.64195	909.32845	420.1678	565.34214	744.00306	489.77607	433.79403	268.78141	1034.79653	695.16504	878.49704	703.0921	861.97452	734.06332	572.6586	773.86154	462.89266	891.4326	1040.57333	507.76681	422.84219	461.935	560.60227	403.9073	512.65881	663.85328	813.72278	795.74354	288.9602	497.09367	392.42386	454.34831	387.16439	426.50186	591.41061	835.38781	1165.65435
CBM68	NA	NA	NA	NA	0.32262	NA	NA	NA	NA	NA	NA	NA	NA	NA	NA	NA	NA	NA	NA	NA	NA	NA	NA	NA	NA	0.76717	NA	NA	NA	NA	NA	0.16651	0.15884	NA	NA	NA	NA	0.10238	NA	NA	0.30548	NA	NA	NA	NA	NA	NA	0.25917	NA	NA	NA	NA	NA	NA	NA	NA	NA	NA	NA	0.31198	0.0868	NA	NA	NA	NA	0.09147	NA	NA	NA	NA	NA	NA	NA	NA	NA	NA	NA	NA	NA	NA	NA	NA	NA	NA	NA	NA	NA	NA	NA	NA	NA	NA	0.08774	NA	NA	0.20617	NA	NA	NA	NA	NA	NA	NA	NA	0.5432	NA	NA	0.18307	NA	NA	0.0812	0.40978	NA	NA	0.12216	NA	NA	0.0522	NA	NA	NA	NA	0.32057	NA	NA	NA	NA	NA	NA	NA	NA	NA	NA	NA	NA	NA	NA	0.10796	NA	NA	NA	NA	0.14469	NA	NA	NA	NA	NA	NA	NA	NA	NA	NA	NA	NA	NA	NA	NA	NA	NA	NA	0.09745	NA	NA	NA	0.26185	NA	NA	0.1164	NA	NA	NA	0.13313	NA	0.12958	NA	NA	0.18246	NA	NA	NA	0.09065	NA	NA	NA	NA	0.1144	NA	NA	NA	NA	NA	NA	NA	NA	NA	0.19994	NA	NA	0.19962
CBM69	NA	NA	NA	0.18334	NA	NA	NA	NA	NA	NA	NA	NA	NA	NA	NA	NA	NA	NA	NA	NA	NA	NA	NA	NA	1.7488	NA	0.23169	NA	0.0844	NA	NA	NA	NA	NA	NA	NA	NA	NA	NA	NA	NA	NA	NA	NA	NA	NA	NA	NA	NA	NA	NA	NA	NA	NA	NA	NA	NA	NA	NA	NA	NA	0.31549	1.08931	NA	NA	NA	NA	NA	NA	NA	NA	NA	NA	NA	NA	NA	0.22127	NA	NA	NA	NA	NA	NA	NA	NA	NA	NA	NA	NA	NA	NA	9.37415	NA	NA	0.54053	NA	NA	NA	0.37498	NA	NA	NA	0.17195	NA	NA	NA	NA	4.6498	NA	NA	NA	NA	NA	NA	NA	NA	NA	NA	NA	NA	NA	NA	NA	NA	NA	NA	NA	NA	NA	NA	NA	NA	NA	NA	NA	NA	NA	NA	NA	NA	NA	NA	NA	NA	NA	NA	NA	NA	NA	NA	NA	NA	NA	NA	NA	NA	NA	NA	NA	NA	NA	NA	NA	NA	NA	NA	NA	NA	NA	NA	0.35125	NA	NA	NA	NA	NA	NA	NA	NA	NA	NA	NA	NA	NA	NA	NA	NA	NA	NA	NA	NA	NA	NA	NA	NA	0.35946	NA	NA	NA	NA
CBM70	NA	NA	NA	NA	NA	NA	NA	NA	NA	NA	NA	NA	NA	NA	NA	NA	NA	NA	NA	NA	NA	NA	NA	NA	NA	NA	NA	NA	NA	NA	NA	NA	NA	NA	NA	NA	NA	NA	NA	NA	NA	NA	NA	NA	NA	NA	NA	NA	NA	NA	NA	NA	NA	NA	NA	NA	NA	NA	NA	NA	NA	NA	NA	NA	NA	NA	NA	NA	NA	NA	NA	NA	NA	NA	NA	NA	NA	NA	NA	NA	NA	NA	NA	NA	NA	NA	NA	NA	NA	NA	NA	NA	NA	NA	NA	NA	NA	NA	NA	NA	NA	NA	NA	NA	NA	NA	NA	NA	NA	NA	NA	NA	NA	NA	NA	NA	NA	NA	NA	NA	NA	NA	NA	NA	NA	NA	0.07187	NA	NA	NA	NA	NA	NA	NA	NA	NA	NA	NA	NA	NA	NA	NA	NA	NA	NA	NA	NA	NA	NA	NA	NA	NA	NA	NA	NA	NA	NA	NA	NA	NA	NA	NA	NA	NA	NA	NA	NA	NA	NA	NA	NA	NA	NA	NA	NA	NA	NA	NA	NA	NA	NA	NA	NA	NA	NA	NA	NA	NA	NA	NA	NA	NA	NA	NA	NA	NA	NA	NA	NA	NA
CBM71	1.42945	0.32621	3.13617	0.25056	0.76604	0.0414	NA	0.22432	0.17392	0.18219	1.16334	1.17324	0.55092	0.09616	NA	0.67601	0.68824	0.18226	0.52749	2.34502	2.46697	0.11476	0.0978	0.90571	0.04956	0.85579	0.04896	0.31449	1.26821	NA	0.71282	0.07043	0.1381	0.57526	0.11385	0.73757	0.31774	1.48317	0.74385	0.66232	0.19291	0.22663	NA	NA	0.19613	0.04589	0.14879	1.24325	0.12438	0.18479	NA	0.31193	0.04979	0.45623	NA	0.63284	0.82892	NA	0.49067	1.30458	0.67215	0.38011	0.07975	0.19574	1.91822	0.41786	NA	0.30511	NA	0.0463	0.36366	1.04498	0.3323	NA	NA	NA	0.0567	0.08748	0.07778	NA	0.21465	0.14728	0.20848	0.05159	NA	0.1461	0.25851	NA	0.23114	0.42742	0.33792	NA	0.13686	6.30489	0.71939	9.17273	NA	0.05397	0.54795	0.07172	0.31218	0.26349	0.16325	NA	0.3438	0.37173	NA	5.35725	NA	0.38213	0.21315	1.04755	NA	0.02924	0.6763	0.10785	NA	0.3553	NA	0.05803	8.76262	0.50535	0.60663	NA	0.16804	0.86989	0.86875	0.2633	0.05947	NA	0.03845	2.80495	NA	0.15359	0.1472	0.10792	2.53831	NA	0.30903	0.39378	0.62738	0.10509	0.51675	0.12649	0.14671	0.10048	0.09241	NA	0.13037	0.25663	0.29113	0.48086	0.14025	0.08226	0.31678	NA	4.39981	0.08897	1.05138	0.27902	1.50415	0.53112	NA	0.06901	0.20512	NA	0.45001	NA	0.74596	NA	0.06124	NA	1.41645	NA	0.24872	0.10357	NA	0.18274	NA	0.17594	0.04839	NA	0.17741	0.08422	NA	0.13857	NA	NA	0.41883	NA	0.14841	NA	NA	NA	0.0714	0.18162	0.36049	0.25455	NA	0.2491
CBM72	64.58356	3.21302	NA	NA	NA	NA	NA	NA	NA	NA	NA	NA	NA	NA	NA	NA	NA	NA	NA	NA	NA	NA	NA	NA	NA	NA	NA	NA	NA	NA	NA	NA	NA	NA	NA	NA	NA	NA	NA	NA	NA	NA	NA	NA	NA	NA	NA	NA	NA	NA	NA	NA	NA	NA	NA	NA	NA	NA	NA	NA	NA	NA	NA	NA	NA	NA	NA	NA	NA	NA	NA	NA	NA	NA	NA	NA	NA	NA	NA	NA	NA	NA	NA	NA	NA	NA	NA	NA	NA	NA	NA	NA	NA	NA	NA	NA	NA	NA	NA	NA	NA	NA	NA	NA	NA	NA	NA	NA	NA	NA	NA	NA	NA	NA	NA	NA	NA	NA	NA	NA	NA	NA	NA	NA	NA	NA	NA	NA	NA	NA	NA	NA	NA	NA	NA	NA	NA	NA	NA	NA	NA	NA	NA	NA	NA	NA	NA	NA	NA	NA	NA	NA	NA	NA	NA	NA	NA	NA	NA	NA	NA	NA	NA	NA	NA	NA	NA	NA	NA	NA	NA	NA	NA	NA	NA	NA	NA	NA	NA	NA	NA	NA	NA	NA	NA	NA	NA	NA	NA	NA	NA	NA	NA	NA	NA	NA	NA	NA	NA	NA
CBM73	1.0292	NA	NA	NA	7.47892	NA	NA	NA	NA	NA	1.89525	NA	NA	NA	NA	NA	NA	2.32275	1.00585	NA	NA	NA	NA	NA	NA	NA	5.37205	NA	NA	NA	5.17183	NA	NA	NA	NA	NA	NA	NA	0.43236	2.79863	NA	1.01537	NA	NA	NA	NA	NA	NA	NA	NA	NA	NA	NA	NA	NA	NA	NA	NA	NA	NA	0.73447	NA	NA	NA	NA	NA	NA	0.40736	NA	NA	NA	NA	0.74154	NA	1.46267	NA	NA	0.21869	NA	NA	NA	NA	NA	NA	NA	NA	NA	NA	0.16448	NA	NA	NA	NA	NA	0.21309	NA	NA	NA	34.37581	1.1448	NA	NA	0.22499	0.37941	NA	NA	0.97302	2.76344	NA	0.22566	0.31444	NA	NA	NA	NA	NA	NA	NA	NA	NA	0.39043	NA	NA	NA	NA	NA	NA	NA	NA	NA	NA	NA	NA	NA	NA	NA	0.72757	NA	NA	NA	NA	NA	NA	NA	NA	NA	NA	NA	NA	NA	NA	NA	NA	NA	1.18539	2.48207	NA	NA	NA	NA	NA	0.18868	NA	NA	2.6628	NA	NA	NA	0.2037	NA	NA	NA	NA	0.32245	NA	NA	4.93783	NA	NA	NA	NA	NA	NA	NA	NA	NA	NA	NA	NA	NA	NA	NA	NA	NA	NA	NA	0.18718	1.02566	NA	NA
CBM74	12.3551	4.85533	0.51069	0.37295	0.06187	3.4884	NA	NA	0.08245	0.63261	18.91284	8.95356	17.44053	0.12436	3.47943	0.15717	0.1846	2.30998	0.19618	NA	1.10489	3.74066	0.65859	1.76293	0.25568	0.7152	0.52978	0.03591	2.05349	1.58281	NA	0.92233	2.50228	22.89014	7.7987	11.23866	5.2817	0.15899	0.03468	1.02242	1.72704	6.32215	2.74824	2.80524	NA	NA	4.87804	15.15646	2.42976	18.72447	6.25669	3.42582	5.45243	0.77851	0.17682	3.24429	6.55976	1.00349	3.78638	NA	NA	NA	0.097	7.35927	4.95515	1.36253	0.19268	0.66853	NA	NA	19.10683	10.37378	NA	1.83982	NA	NA	15.16437	NA	NA	NA	NA	0.21807	0.44084	0.11277	NA	4.27796	5.24567	34.37657	81.37393	3.85141	0.2619	0.1652	3.17959	0.53442	0.03808	30.31485	0.03401	NA	1.94733	11.10287	13.22427	22.59863	2.20323	0.13191	2.03354	7.05954	5.95116	5.01318	0.46136	0.56859	0.35673	NA	10.92622	38.52616	2.59767	1.20369	6.67779	32.09491	6.56318	1.0038	2.97543	3.34532	3.12489	0.09549	0.20064	NA	1.80892	4.81335	NA	1.99562	1.4945	0.08503	37.58484	1.32738	NA	2.62574	116.57475	0.20294	26.81746	32.45428	0.35632	NA	10.31451	0.11017	0.07018	3.77746	2.68961	0.14957	0.27631	0.51776	0.34023	102.80907	45.66933	2.14521	0.06293	0.3896	22.67539	0.22104	3.09133	1.80251	5.41361	0.55742	25.44716	30.99797	NA	1.63672	1.85561	0.09874	0.34106	0.52357	0.15661	8.12202	0.4741	NA	1.21594	NA	0.4303	0.62032	2.59891	1.79719	1.38604	13.19818	131.5321	23.27934	2.81263	NA	33.40113	8.57085	0.08369	NA	NA	4.27914	2.12089	0.79829	0.66967	2.90485	4.07838	29.19772	NA	NA
CBM75	NA	NA	NA	NA	NA	NA	NA	NA	NA	NA	NA	NA	NA	NA	NA	NA	NA	NA	NA	NA	NA	NA	NA	NA	NA	NA	NA	NA	NA	NA	NA	NA	NA	NA	NA	NA	NA	NA	NA	NA	NA	NA	NA	NA	NA	NA	NA	NA	NA	NA	NA	NA	NA	NA	NA	NA	NA	NA	NA	NA	NA	NA	NA	NA	NA	NA	NA	NA	NA	NA	NA	NA	NA	NA	NA	NA	NA	NA	NA	NA	NA	NA	NA	NA	NA	NA	NA	NA	NA	NA	NA	NA	NA	NA	NA	NA	NA	NA	NA	NA	NA	NA	NA	NA	NA	NA	NA	NA	NA	NA	NA	NA	NA	NA	NA	NA	NA	NA	NA	NA	NA	NA	NA	NA	NA	NA	NA	NA	NA	NA	NA	NA	NA	NA	NA	NA	NA	NA	0.08121	NA	NA	NA	NA	NA	NA	NA	NA	NA	NA	NA	NA	NA	NA	NA	NA	NA	NA	NA	NA	NA	NA	NA	NA	NA	NA	NA	NA	NA	NA	NA	NA	NA	NA	NA	NA	NA	NA	NA	NA	NA	NA	NA	NA	NA	NA	NA	NA	NA	NA	NA	NA	NA	NA	NA	NA	NA	NA	NA	NA	NA
CBM76	3.78727	NA	NA	NA	NA	NA	NA	NA	NA	1.41139	0.2753	0.72372	1.59631	NA	0.06997	0.23955	0.05832	NA	NA	NA	1.72957	0.27536	NA	0.31452	0.69748	0.16963	NA	NA	0.6127	2.01004	NA	1.25509	0.37789	NA	NA	NA	NA	NA	NA	NA	1.21046	1.36153	0.14374	2.82107	NA	NA	2.52317	NA	NA	0.39293	NA	NA	NA	NA	NA	2.36227	1.24683	0.87899	5.38084	NA	NA	NA	0.4393	1.18391	NA	NA	NA	1.12993	NA	NA	0.15172	NA	3.78829	4.55455	NA	NA	0.1324	NA	NA	NA	NA	NA	NA	NA	NA	0.99771	0.33009	0.66804	0.44918	2.22586	NA	0.20252	0.05063	NA	NA	0.29866	NA	NA	NA	0.0883	0.84011	NA	NA	NA	NA	0.83789	0.11995	NA	0.3609	NA	0.09691	NA	0.4945	1.56237	0.21179	NA	NA	0.12186	NA	0.76459	NA	NA	NA	NA	NA	NA	NA	NA	NA	0.80809	2.65498	NA	0.73814	0.04831	NA	NA	NA	2.47538	NA	NA	NA	NA	3.15538	NA	NA	0.3799	0.07178	NA	NA	NA	1.81013	NA	0.83545	0.23107	NA	NA	NA	NA	3.4063	0.12359	NA	NA	0.11048	NA	NA	0.51444	0.28425	NA	NA	NA	NA	NA	NA	NA	NA	NA	NA	1.29577	NA	NA	0.18562	NA	0.25136	1.19848	NA	NA	0.5481	NA	NA	NA	NA	0.11394	0.06328	0.12806	0.11109	0.22894	0.11407	0.12854	NA	NA
CBM77	5.37799	21.18403	17.28291	16.15438	13.18248	3.11705	NA	5.24953	3.25115	1.5748	19.76695	2.88723	15.7214	3.94438	5.45152	59.76755	109.88634	16.99724	48.7723	26.47753	6.19989	11.00167	4.34872	14.2676	4.94223	75.75741	211.85749	204.76043	18.88662	36.95924	1.3634	6.52538	51.20058	4.31628	1.68546	16.07664	37.56913	47.82075	4.98262	1.3356	6.86542	27.54918	24.96852	249.75155	1.04104	3.92345	21.42452	21.63328	10.31501	4.01301	10.92539	24.87078	3.84249	5.03024	24.41929	18.24433	5.18721	1.27041	3.20175	0.72176	5.92374	4.6394	25.7198	0.39046	0.10993	11.37158	2.93882	2.56192	3.38718	4.23785	1.06173	30.36554	3.90407	4.1859	1.95235	0.29632	1.39155	0.62788	8.88174	1.1031	NA	NA	0.19494	245.67099	219.94728	15.24701	5.86204	3.71696	1.51498	0.92966	121.43949	133.04416	3.51171	10.6177	8.76349	79.08236	10.36083	0.2148	5.1663	184.20004	77.5654	20.46531	9.00004	NA	2.06153	166.27665	181.92794	196.5186	217.38249	0.19893	2.94299	NA	2.30425	2.01941	7.10774	0.42126	2.00544	12.09035	0.53506	2.92895	9.54946	2.83258	1.38693	4.48106	1.09415	37.64071	12.1748	1.69439	1.83875	1.71473	11.8079	27.30513	0.7572	1.40826	8.45419	15.09794	30.02663	3.51997	0.84466	1.05711	10.27666	NA	9.1734	NA	NA	8.55243	15.21697	4.4251	6.81823	103.16438	48.23528	0.43417	11.08199	1.51769	6.01374	5.92017	2.38162	1.23084	8.753	14.2049	0.22718	9.30654	0.69666	0.47071	13.14915	4.0429	15.98393	0.51468	27.82144	0.55099	1.29802	NA	48.24793	1.00947	15.72607	1.7223	0.20587	0.32288	0.74911	1.28071	0.66874	1.16077	0.5133	2.13165	0.93043	32.14812	11.18733	14.36761	11.15245	21.35514	4.96943	6.11212	1.44777	1.21524	6.47526	38.55708	91.4806	4.10505	9.76281	2.7655
CBM78	4.4672	0.71972	NA	NA	NA	NA	NA	NA	NA	1.94992	2.32344	0.93891	0.71799	0.61023	0.55621	NA	0.28111	NA	NA	NA	2.50585	0.50126	NA	0.19658	0.35918	NA	NA	NA	0.50241	2.06386	NA	1.3684	0.6994	NA	NA	0.2291	3.78821	NA	NA	NA	1.13907	1.65996	0.36691	1.85313	NA	NA	2.07495	NA	1.15822	0.80549	1.65123	0.81036	1.78636	0.60863	NA	1.59011	1.91273	1.7097	7.35951	NA	NA	0.39759	0.47067	1.63621	NA	0.1351	0.48649	1.09853	NA	NA	0.68898	NA	3.85724	7.0415	NA	NA	0.56237	NA	NA	NA	NA	NA	NA	0.16014	1.96061	0.62356	1.04703	1.16119	0.32153	4.39672	0.87801	0.59069	0.62073	NA	NA	0.76133	NA	NA	NA	0.05711	2.01754	NA	NA	NA	NA	1.29231	0.22491	NA	1.21261	NA	NA	NA	0.38632	0.92997	0.17823	NA	NA	NA	NA	1.05	NA	NA	NA	NA	NA	NA	NA	NA	NA	1.18714	3.06254	0.07158	0.63789	NA	NA	NA	NA	1.80708	0.06228	0.7283	NA	NA	5.18405	NA	NA	0.65501	0.55665	NA	NA	NA	1.9864	NA	2.0707	0.0746	NA	NA	NA	NA	2.8116	0.68036	NA	NA	0.6417	NA	NA	0.39838	0.51365	NA	NA	NA	NA	0.19387	NA	NA	NA	NA	0.08268	0.26995	0.1372	NA	NA	NA	0.73629	1.34828	0.149	NA	0.68405	NA	NA	NA	NA	NA	0.31537	0.08122	0.07197	0.36959	0.29345	0.41462	0.23623	NA
CBM79	28.40827	3.47115	0.6958	2.97836	0.09164	NA	NA	NA	2.68673	3.32824	13.13463	8.32153	14.28008	0.82112	2.93423	1.6931	0.24427	NA	NA	NA	11.91711	0.693	NA	0.98218	2.91435	0.25044	0.17923	NA	3.83181	5.94155	NA	5.99983	7.57483	NA	NA	3.42725	24.23087	0.61525	1.24611	0.08841	4.60266	7.97097	2.47699	18.75822	NA	NA	13.43972	1.10484	6.32076	5.93066	8.7639	2.27768	5.33551	3.85347	NA	11.19027	4.94001	7.42446	44.83887	NA	NA	3.76866	10.66197	8.2446	NA	0.77735	1.86705	8.93537	NA	NA	5.18836	0.32406	18.36492	19.67564	35.11971	0.46591	3.0104	NA	NA	0.36088	NA	NA	NA	1.26184	4.73987	6.1025	6.51268	4.80266	3.82111	20.52756	3.94398	1.61517	3.77075	NA	NA	2.86737	NA	NA	0.83061	0.75448	11.19911	NA	NA	NA	2.87571	5.72524	1.40388	NA	3.96041	NA	NA	NA	1.33942	5.52523	1.2482	0.70016	NA	NA	0.9831	6.89099	NA	7.62791	15.1363	11.17744	2.16388	NA	NA	0.73666	0.87068	1.22713	13.42477	0.16509	5.88547	NA	NA	NA	25.8888	13.20837	0.84112	2.79786	NA	NA	26.55947	NA	NA	3.3452	0.42652	1.1171	NA	1.43494	11.39233	1.48969	5.74414	3.43645	NA	NA	NA	NA	16.61326	4.74605	NA	NA	0.90495	0.38771	NA	3.77335	4.37562	NA	NA	4.16565	15.28448	0.38105	NA	NA	NA	NA	NA	3.23269	0.80474	NA	0.90424	NA	1.22932	5.98807	1.92136	5.5964	11.66366	NA	NA	NA	NA	0.92271	4.62034	2.0862	1.14654	6.00172	2.61865	1.8762	3.43599	1.75986
CBM80	NA	1.88815	NA	NA	NA	NA	NA	NA	NA	3.91589	NA	NA	NA	NA	NA	NA	NA	NA	NA	NA	NA	NA	NA	NA	NA	NA	NA	NA	NA	NA	NA	NA	NA	NA	NA	NA	NA	NA	NA	NA	NA	NA	NA	NA	NA	NA	NA	NA	NA	NA	NA	NA	NA	NA	NA	NA	NA	NA	NA	NA	NA	NA	NA	NA	NA	NA	NA	NA	NA	NA	NA	NA	NA	NA	NA	NA	NA	NA	NA	NA	NA	NA	NA	NA	NA	NA	NA	NA	NA	NA	NA	NA	NA	NA	NA	NA	NA	NA	NA	NA	NA	NA	NA	NA	NA	NA	NA	NA	NA	NA	NA	NA	NA	NA	NA	NA	NA	NA	NA	NA	NA	NA	NA	NA	NA	NA	NA	NA	NA	NA	NA	NA	NA	NA	NA	NA	NA	NA	NA	NA	NA	NA	NA	NA	NA	NA	NA	NA	NA	NA	NA	NA	NA	NA	NA	NA	NA	0.6397	NA	NA	NA	NA	NA	NA	NA	NA	NA	NA	NA	NA	NA	NA	NA	NA	NA	NA	NA	NA	NA	NA	NA	NA	NA	NA	NA	NA	NA	NA	NA	NA	NA	NA	NA	NA	NA	NA	NA	NA	NA	NA
CBM82	8.91065	0.15413	1.60948	29.89999	8.74367	1.82046	0.06416	NA	2.00177	9.71802	1.41043	1.11884	2.93145	0.69689	8.88921	5.26254	2.17257	3.81952	4.53941	0.25896	2.26737	0.07418	NA	0.06695	2.76552	5.34296	1.74958	0.38544	11.13041	0.09347	NA	5.05903	0.06125	NA	2.79863	NA	NA	1.69858	2.37181	17.29603	2.70714	9.0253	0.27872	NA	NA	0.14671	0.49802	2.72896	1.89622	6.97453	2.89736	4.84633	NA	0.07795	0.96185	19.60323	6.64307	1.73846	10.41728	NA	NA	6.30671	10.93308	NA	NA	5.00147	0.86279	3.77862	1.06035	0.7479	4.08637	3.34026	0.18816	0.52204	NA	0.48576	1.75733	NA	3.30538	0.37139	0.07028	NA	NA	0.49907	0.31621	2.98965	2.24301	3.36414	10.62336	0.97909	2.28991	0.08325	3.57927	NA	3.29562	0.22801	6.00098	0.43633	0.37597	1.07273	0.16636	NA	2.47926	0.07311	0.92936	6.5261	5.41777	4.3252	0.09279	2.03606	NA	NA	7.92255	24.08714	0.54979	0.2423	9.77336	26.44469	0.59249	1.87551	5.69062	7.74405	1.89255	7.52445	NA	11.07645	12.94393	NA	NA	0.09183	1.79826	70.15655	37.76101	16.71377	0.14611	20.56183	NA	0.08053	1.58824	11.77842	1.00001	NA	NA	0.67278	NA	1.90321	2.42794	3.26536	1.3844	0.0676	1.11421	NA	0.07459	0.15228	0.54648	0.40427	23.59252	2.77778	4.23273	9.11273	NA	1.04207	1.27407	1.3278	NA	0.95183	9.57254	NA	19.60381	NA	NA	0.06357	NA	NA	NA	1.22632	3.75484	1.84792	0.27348	0.21525	0.85295	0.69887	3.43412	7.19425	0.59737	0.31832	3.97114	10.76258	17.20117	NA	11.85355	8.95733	1.6958	1.0625	0.28298	0.07406	1.16578	30.20747	1.99933	NA
CBM83	9.16896	2.22895	2.7908	30.9627	8.47408	0.87472	NA	0.35576	12.13478	7.72903	2.32129	2.30762	2.05963	1.32214	11.3479	4.22277	3.42898	18.02358	14.91843	0.5031	3.13831	1.20859	NA	0.60824	1.86794	4.52595	2.26695	NA	14.66176	3.88546	1.78717	8.52853	0.23313	NA	3.10196	NA	NA	3.80365	2.40476	16.08321	7.51183	10.46664	13.87184	1.89459	1.87113	1.44279	6.63927	7.56944	0.9074	12.91303	2.58669	3.60402	9.60021	9.71144	5.5378	19.2831	6.13289	2.13409	10.06079	NA	NA	10.53275	12.44443	NA	0.11689	7.26303	0.41285	5.04089	1.00036	1.83453	4.32738	8.68449	0.49366	0.88442	1.20933	2.33654	1.19606	NA	1.71781	0.09939	0.36878	1.1284	NA	0.64573	1.92692	4.71132	1.09195	3.10541	12.82301	3.25725	5.23647	1.35458	5.39695	NA	11.07973	1.87402	10.32087	0.33946	2.18536	0.7362	0.21672	NA	8.29828	NA	0.53152	12.69339	4.46578	4.37787	NA	8.19356	0.15891	NA	8.57072	24.51629	0.1169	1.01348	3.43914	21.57497	1.23491	2.33326	29.39687	7.62417	3.59615	5.81603	NA	3.50909	8.42283	0.06975	NA	1.56731	4.93806	40.28447	42.11345	15.8488	NA	10.65254	NA	0.42369	4.32138	6.62369	46.50951	NA	0.76302	4.05982	NA	1.70717	7.21885	1.46002	1.65198	0.08702	1.29989	NA	0.19542	0.67698	0.59671	1.59642	31.10225	3.65222	1.58644	9.50212	NA	6.96918	1.12448	2.62204	3.42958	0.53534	7.81541	NA	9.10278	NA	NA	5.25396	NA	NA	NA	8.90634	2.07706	2.23018	0.81385	5.68709	0.20291	0.53219	1.39915	8.92078	0.19074	NA	3.19857	10.03924	7.08914	4.56363	8.58214	13.83162	1.57398	2.77657	0.92527	0.48037	1.15635	15.32245	0.75722	NA
CBM85	NA	NA	NA	NA	NA	NA	NA	NA	NA	NA	NA	NA	NA	NA	NA	NA	NA	NA	NA	NA	NA	NA	NA	NA	NA	NA	NA	NA	NA	NA	NA	NA	NA	NA	NA	NA	NA	NA	NA	NA	NA	NA	NA	NA	NA	NA	NA	NA	NA	NA	NA	NA	NA	NA	NA	NA	NA	NA	NA	NA	NA	NA	NA	NA	NA	NA	NA	NA	NA	NA	NA	NA	NA	NA	NA	NA	0.10886	NA	NA	NA	NA	NA	NA	NA	NA	NA	NA	NA	NA	NA	NA	NA	NA	NA	NA	NA	NA	NA	NA	NA	NA	NA	NA	NA	NA	NA	NA	NA	NA	NA	NA	NA	NA	NA	NA	NA	NA	NA	NA	NA	NA	NA	NA	NA	NA	NA	NA	NA	NA	NA	NA	NA	NA	NA	NA	NA	NA	NA	0.1204	NA	NA	NA	NA	NA	NA	NA	NA	NA	NA	NA	NA	NA	NA	NA	NA	NA	NA	NA	NA	NA	NA	NA	NA	NA	NA	NA	NA	NA	NA	NA	NA	NA	NA	NA	NA	NA	NA	NA	NA	NA	NA	NA	NA	NA	NA	NA	0.50194	NA	NA	NA	NA	NA	NA	NA	NA	NA	NA	NA	NA	NA
CBM86	21.39426	0.08487	2.92679	16.82332	0.83258	1.69158	NA	NA	3.08218	2.48139	NA	0.53227	10.5199	3.61101	22.35055	1.90027	3.75465	1.61365	10.44926	6.385	10.5884	NA	NA	NA	5.71531	0.90975	0.09047	0.42952	4.28001	5.70629	1.67505	2.13886	0.34415	NA	NA	2.52456	1.52304	17.033	0.19353	0.52541	5.01611	0.63587	5.29459	3.59498	NA	NA	12.43287	28.41429	0.68942	2.42585	0.29486	0.96441	9.05721	6.97261	NA	18.82276	3.78426	2.18489	7.64684	NA	0.1455	1.29292	2.64224	0.4525	0.51302	0.0768	2.51631	1.00244	4.32567	3.33588	6.26814	2.24641	0.21862	1.65372	NA	NA	1.42015	NA	0.0889	NA	0.08166	NA	0.27567	0.19047	1.43476	NA	2.47543	1.53311	12.42965	4.14403	1.35798	1.47007	1.32305	37.62452	3.06044	NA	NA	NA	2.72326	NA	NA	3.00334	10.87601	NA	1.48978	6.31204	8.41155	NA	NA	3.97607	1.47785	NA	0.98477	3.48864	0.31014	0.48909	2.84418	19.98812	0.32198	2.44364	10.70029	5.80191	1.84931	NA	NA	NA	9.70478	NA	NA	0.53331	2.62356	12.41775	7.74343	13.62974	7.02781	10.92351	0.5698	3.07811	4.79647	1.11757	60.14206	NA	18.16252	NA	6.17949	4.83999	1.02527	1.12774	0.32143	0.76195	0.07593	NA	12.48048	0.59499	4.74161	1.60293	3.77067	0.57573	2.74715	8.8132	NA	0.67566	1.3664	2.11064	2.75484	NA	2.98741	NA	NA	1.40098	0.92564	NA	NA	NA	3.80186	4.27462	0.57642	0.78414	0.71209	2.65032	1.96922	0.31406	2.19928	6.35148	0.25341	NA	1.40071	NA	NA	NA	NA	3.63961	2.62339	0.46071	0.48515	1.41588	0.25089	4.63033	0.09374	NA
CBM9	55.86852	119.53454	42.99266	53.78341	41.87218	33.94138	159.30211	154.16026	100.49162	78.88041	108.19196	74.61731	89.81056	40.33465	45.14891	21.84648	26.18415	59.04792	76.4357	63.77549	29.2562	46.34918	169.28771	169.14298	42.33254	84.51846	29.69935	44.22889	35.93633	65.25161	113.58995	64.33151	48.30869	56.65608	43.08809	80.0088	39.52797	102.0044	87.89869	142.97385	128.01012	21.11054	48.56472	34.58473	20.34756	28.56685	38.58704	63.45643	73.11066	106.24616	28.16899	31.83666	151.10737	131.88171	47.46245	69.15399	53.85217	35.13788	85.28539	20.67654	34.27197	168.90459	159.68885	41.47418	4.6105	94.44964	49.57888	142.5527	135.02926	118.81051	71.56306	82.51861	47.07685	71.2441	54.8997	45.46629	113.66267	131.63158	175.98938	61.18751	81.18924	36.80765	53.36373	46.80857	50.3523	52.90631	32.17573	114.20073	69.63265	111.17507	15.11512	26.34312	14.93454	122.19357	53.87063	26.60417	65.72426	97.15471	50.3673	16.81334	48.77832	89.63539	91.36264	34.8674	35.92478	30.8044	15.29114	33.90827	16.5901	113.76154	123.7405	96.85194	24.75827	39.37557	148.04686	140.00038	133.26948	71.52209	3.01892	36.69677	51.7613	81.90047	52.03078	56.63497	66.70286	134.20372	147.47795	33.89366	24.22529	6.18748	19.47875	73.0803	57.84041	126.53805	76.37392	78.84268	46.22044	135.02044	72.01409	30.56196	109.8361	98.76184	125.85247	146.06517	153.59509	46.38738	40.06232	93.03417	81.42824	3.05982	8.38053	22.2894	51.37209	151.06501	112.87141	88.79906	41.22918	42.30857	59.05432	62.0997	56.81796	107.1833	68.96543	27.6702	25.24148	35.14856	35.0461	61.83031	110.86645	70.62882	53.03779	95.11246	118.17672	45.67197	59.3316	7.72126	5.91427	15.3556	44.9069	105.93519	69.83894	140.14448	26.11418	31.40935	3.99727	2.94661	39.19247	93.29394	134.10549	47.90607	77.22041	26.18352	45.69115	10.2227	17.11071	19.8421	9.87644	126.05971	23.37439	3.07657
CE1	983.26418	1404.56521	1251.14345	1232.97788	1497.73211	1292.95863	1474.11402	1096.45455	1244.48684	1320.33595	1278.4357	1213.19893	1249.38955	1204.39766	1129.87206	1070.29229	1488.03579	1202.00777	1302.04344	1353.43544	1303.01077	1323.02599	1294.46843	1316.29787	1455.05158	1316.21038	1367.98612	1537.20689	979.8976	1328.46795	1199.54964	1193.64118	1108.73585	1320.78051	1293.2007	1459.8218	1287.69007	1217.49324	1119.34818	1187.355	1454.12923	1000.1738	1134.29886	1765.37982	1500.88024	1555.18346	1009.54265	911.57082	1216.92534	1186.1089	823.51111	1337.41754	1099.92269	1059.90024	1228.23359	1107.09831	1103.50083	1804.67005	1568.81922	1371.68253	1425.36754	1402.40491	1386.23885	1373.91293	1451.96772	1379.4048	1215.2519	1342.33313	1518.52558	1381.96251	1254.75588	1155.93135	1481.36728	1272.84382	1245.15497	1490.95612	1285.22902	1145.57439	1240.65479	1341.60661	1250.97007	1742.22138	1562.1799	1389.03736	1378.01557	1206.44739	1241.2265	1193.41178	789.10247	1100.51459	1088.28334	1178.13656	1186.81104	310.15884	1184.99958	1257.16239	1472.18876	1344.25038	1298.31462	1202.32579	941.13471	1052.39545	1057.43396	1285.20184	1236.52868	1427.19718	1471.08534	1636.45723	1670.5888	1434.78015	1073.63385	886.20274	1227.60448	1209.24566	950.30167	1093.44905	1239.94107	1397.54231	1380.55043	1157.96814	1132.74285	1081.5008	1065.28774	1062.56755	1232.7517	1033.3502	1049.1828	1681.30188	1460.28393	1286.39511	1082.84521	1499.20854	983.48552	1098.39912	1636.79776	1622.86915	946.23987	1438.26818	1161.58347	1345.18846	1079.4345	1401.86625	1258.25469	1276.89895	1197.07867	1108.43538	1320.00591	1527.82732	1472.45945	2096.85014	1846.6445	970.76952	1061.30194	1488.92219	1163.74686	1261.76731	1032.01057	1453.88395	1040.16061	1117.55594	1369.63039	1408.63823	1468.28434	760.63454	1340.57477	1385.03639	1371.98956	1292.22719	1348.75552	1391.88897	1436.31918	1232.4528	917.12229	1137.44869	758.23002	1291.47851	864.81026	850.21154	1962.86978	1005.13272	1848.28028	1307.30085	810.70644	1088.58695	1103.54631	1602.16195	1043.15091	740.58429	1072.55331	991.23335	1020.07974	1053.32464	1213.35556	1353.64796	1661.4561	1477.64483	1508.48781	1250.33917	1376.57111	1519.60609
CE11	393.55478	383.80486	348.79807	241.13419	301.87445	336.38945	584.84916	479.28509	396.35278	350.86055	288.37891	284.56985	302.69829	431.13824	469.64031	250.1974	336.02569	303.47358	346.37895	710.13976	538.1028	230.8103	581.42375	425.14556	513.108	463.6033	519.79747	588.79797	198.88434	260.50025	757.3968	598.87361	295.6997	663.38064	862.50623	366.45977	245.25115	498.54018	651.21661	261.52483	414.19132	207.66839	307.8625	440.81674	490.52	488.87981	689.13872	391.19086	340.29134	352.90424	284.63043	332.7678	310.47589	317.57326	281.91212	346.57508	496.4525	451.1103	366.20527	449.45032	356.6991	433.08366	372.84916	458.9554	484.17217	418.45737	443.25529	284.52883	299.5142	306.36175	443.96316	340.21942	589.71226	645.69357	1135.00972	995.40496	372.79262	332.70882	361.0462	508.45843	698.70917	759.0477	753.37698	437.52001	425.60157	566.31168	589.24025	319.04764	269.90682	456.48916	406.23486	426.44694	444.95183	91.19913	536.75933	429.87214	833.84654	881.52779	474.54227	516.43154	353.2478	426.27662	553.41289	417.48775	472.38699	356.11991	350.30807	391.79621	412.64338	507.30141	670.64783	372.12933	230.49405	278.60863	372.51215	418.53263	319.81914	253.53282	402.28342	299.26352	385.81099	422.50001	455.26843	504.10409	496.15503	232.06205	290.47651	299.54555	270.39687	454.37537	390.03355	310.47197	317.56781	463.22549	352.37083	294.84891	430.72578	588.99598	242.93959	229.29288	202.14086	307.36889	207.16848	366.31244	343.44421	249.32779	282.51188	625.99732	692.79969	533.2506	458.99577	306.34807	355.5644	284.83998	440.01995	415.21887	208.27326	365.04809	280.239	299.88504	277.61525	403.17216	798.7593	512.60718	251.43973	571.01712	480.46556	676.43686	419.99871	679.3063	572.24697	486.42504	581.84555	293.65488	183.40918	190.769	432.6932	384.25287	857.34683	743.85187	752.02471	290.18243	269.18478	352.23859	423.74025	497.69425	252.00356	729.96597	844.04291	562.73701	572.91923	166.92933	275.97847	448.91628	501.00877	448.9003	438.14903	266.01073	418.22294	477.05062
CE12	728.02847	788.57484	510.81471	425.81508	315.21165	248.06791	1021.57478	1091.09375	699.07784	517.20401	587.103	512.14878	503.81521	421.94048	361.85487	325.88289	524.08993	534.10032	731.3384	621.56921	301.50403	403.10777	885.31216	798.63508	368.21559	729.2786	831.70371	1055.22003	308.31815	518.08192	629.53526	485.28704	334.88932	455.92142	459.25849	632.31214	425.89416	593.43341	498.00745	485.73204	637.43782	273.32015	446.55718	402.15358	918.79925	1018.5536	330.61238	465.23452	544.33863	574.27862	266.15905	507.88126	649.86801	625.87259	550.07063	321.62686	407.58725	364.51803	499.55103	502.06577	18.36683	910.87959	814.81207	424.84073	246.17623	501.71539	527.96268	556.98137	743.05104	670.77146	379.95892	510.07936	437.92029	466.00464	450.98365	430.79771	211.50224	633.64275	808.88072	416.47889	527.48582	423.78004	480.05103	327.75606	317.73911	538.92166	358.1439	213.19295	334.66505	490.41959	373.97134	522.92189	306.86817	87.6222	632.34614	427.65627	559.6186	593.43034	472.74457	297.9586	238.27005	793.79299	626.84472	607.77266	459.7862	340.13351	304.3851	857.858	878.15202	887.95621	687.36203	664.06334	305.18123	399.04207	201.48157	260.90877	627.38634	451.17429	675.63973	353.67841	371.06911	762.28893	551.27624	472.84439	599.64709	795.60054	828.42022	182.89451	271.99398	279.40024	368.07292	398.7501	417.71673	858.60417	584.57029	628.34721	255.33268	574.28735	335.07567	194.48704	468.25769	567.93071	597.62011	675.16864	769.3822	326.29773	340.25628	818.48939	817.41189	283.57734	327.33033	164.43842	389.23333	719.6839	675.19843	578.29915	392.19156	497.75571	404.18562	437.8492	438.73665	799.03593	464.06354	173.95099	433.56747	313.74319	415.59783	701.46724	980.33973	661.56202	607.32512	610.8902	716.28558	552.23614	419.19557	567.46316	778.03305	447.53715	274.95289	787.75068	365.94247	667.35679	211.56704	246.36755	485.02441	597.90954	228.86155	522.19419	825.88096	446.39866	277.92524	213.47076	428.38428	730.05516	591.18797	471.45232	515.96243	543.71995	440.96822	426.44057
CE13	0.41395	0.20093	1.37145	0.4578	0.54482	0.03919	NA	NA	NA	0.26873	NA	0.76299	0.1808	0.13652	0.99388	0.33119	NA	3.64982	0.42388	NA	0.43719	NA	NA	NA	0.11012	0.28063	0.19907	NA	1.14665	0.03736	NA	0.30096	1.4472	NA	NA	6.5644	3.23928	0.76885	NA	0.04463	0.61124	2.24847	0.60144	0.18041	0.08681	NA	0.24435	0.8459	0.58107	0.20706	7.43125	7.28521	0.4592	0.51931	0.04034	0.44636	0.32389	0.08299	0.37201	NA	NA	0.16555	0.06533	0.17935	NA	0.07903	0.13903	0.39206	0.05012	NA	NA	0.34507	NA	NA	NA	0.04795	0.11937	NA	NA	NA	NA	NA	0.13718	NA	NA	0.95299	1.68156	0.41371	0.21107	NA	0.15983	NA	1.58703	NA	1.45235	NA	0.24966	NA	NA	NA	NA	NA	1.0491	NA	NA	0.18231	0.09365	NA	NA	NA	NA	NA	0.65973	3.69413	0.15833	0.48722	0.43692	5.07397	0.20709	0.3592	0.04477	NA	NA	NA	0.03977	NA	0.47695	0.06318	NA	NA	0.33552	0.49643	4.23823	0.3714	0.08849	0.18947	NA	NA	0.36673	0.08067	0.27334	NA	3.88974	NA	NA	0.80084	2.26895	NA	NA	0.02732	0.21768	0.03651	0.43483	0.06092	0.41347	NA	4.756	1.73687	2.61458	2.40004	NA	0.21824	NA	NA	NA	NA	0.2608	NA	NA	NA	NA	NA	NA	NA	NA	NA	NA	NA	0.07933	NA	0.13524	0.08446	0.39417	0.07577	0.55291	NA	0.35362	NA	NA	NA	NA	1.21772	0.37342	NA	NA	NA	0.08459	0.36753	NA	0.08624
CE14	8.52748	3.08323	24.30045	10.43542	1.05904	1.95761	28.15818	0.91022	7.60217	1.15405	13.07477	20.19614	3.1183	64.33276	108.5752	24.22779	5.57036	18.76804	6.29215	11.39876	3.38284	4.41777	0.57062	0.66617	5.3715	2.30937	28.65669	2.56789	7.20695	1.99782	5.01102	1.38509	9.84932	6.72089	3.2142	1.98318	2.17419	12.70934	10.54237	1.23456	1.06637	6.20513	5.77087	1.46396	1.55648	0.38053	4.30787	3.18314	0.96175	0.84158	25.13116	6.28882	0.61072	2.37198	5.53284	1.48451	2.72086	5.536	0.99269	11.12348	39.78641	1.34532	2.06369	1.1728	1.3063	3.27953	70.69552	3.06299	10.98796	9.24226	9.69796	11.32363	2.30472	5.71174	7.43557	6.65578	6.30118	1.44691	NA	126.66761	117.97185	6.18981	2.89119	1.12469	2.15002	8.44781	38.40177	5.22998	6.7335	3.00262	39.03439	16.07677	3.27844	25.74709	1.44077	1.49876	0.73358	2.68624	15.94421	5.4828	3.12892	0.74339	0.63369	7.54415	2.78295	4.02646	5.57501	8.71285	0.49826	3.90487	3.21939	2.01855	6.75408	3.85628	5.8155	2.0644	0.9053	0.76296	1.42852	7.1512	3.32587	3.06504	7.44916	0.08167	3.79358	1.57329	12.25787	1.55121	5.10214	5.12951	2.30448	3.27817	0.92484	1.16285	2.70924	10.69671	2.42315	2.91098	22.1424	28.76041	3.78464	0.51232	0.33152	1.12666	4.14471	5.15298	3.66779	4.23004	0.66182	0.3497	0.43279	11.50771	6.08832	2.45253	1.83977	17.54223	0.64145	1.73062	3.98612	3.33096	2.80702	5.3294	1.63692	8.0959	2.43642	3.06477	3.0854	2.03978	1.00175	1.14688	4.57491	1.59547	3.68049	1.17885	0.94591	4.81602	0.43162	6.12612	9.70927	0.95854	12.02602	1.29443	7.75565	8.62751	12.71907	2.30961	36.13273	3.85456	2.44918	3.83261	10.30041	11.41977	6.67922	0.16938	1.67578	1.73509	1.21341	4.10022	0.67877	0.22777
CE15	0.53015	12.84412	62.90577	68.56667	25.44814	22.90051	157.30162	211.25288	30.57841	33.59525	58.38976	31.21473	23.11308	57.03128	52.85074	20.75314	24.3977	46.28294	76.02435	116.82607	82.19091	32.97187	50.9696	18.10983	86.71681	95.54378	6.92892	30.38921	47.95636	45.85912	27.46966	31.6045	21.45932	132.73167	143.15282	132.36976	97.58627	34.18158	29.22089	13.62894	58.01643	26.57583	54.53929	2.81064	16.57316	4.99531	48.60547	68.54279	49.12846	41.04058	57.20778	72.18214	13.0696	20.99897	96.9007	45.18229	63.47405	30.37452	30.26926	17.67841	12.55493	15.91792	4.04408	37.79937	4.25283	118.1612	65.07527	18.15511	2.51955	21.1581	76.12681	61.49082	99.9454	64.07172	91.63746	119.90616	13.25372	15.25453	17.01856	12.66929	7.88425	126.80218	95.53015	12.51523	14.82669	132.10067	81.48851	34.57534	21.84191	22.22848	11.98507	11.43715	9.89929	19.18065	103.56193	9.73924	129.27976	152.46031	59.71817	3.60109	19.92794	115.52674	108.06375	65.53131	32.17937	5.57716	6.99106	10.67755	8.15194	103.49537	64.55572	90.16928	67.71798	84.57691	20.54876	20.16975	30.67115	33.28578	260.31651	74.96229	64.8616	3.87406	2.97541	121.52173	160.09482	29.58517	45.8103	10.53666	5.39306	5.60965	24.76369	53.21695	76.75195	42.09722	120.63311	129.86354	7.65313	37.13884	29.33983	73.86937	38.24029	85.46323	18.78359	17.74303	35.92867	56.69058	99.90773	143.65516	130.31201	4.07034	6.50808	43.44574	61.99308	30.87194	63.55235	67.61559	85.2395	133.16419	139.54746	121.81181	71.92058	149.09429	93.69468	43.98953	1.23357	14.19271	34.40908	175.28755	211.43267	180.08115	152.7848	11.68557	7.47177	62.77636	15.48722	20.09339	0.88726	20.41028	53.04125	153.71814	38.53926	16.80447	82.75593	71.36964	10.43269	1.77648	65.81462	100.42554	168.80075	5.72869	8.6078	49.60046	93.54728	2.75788	2.19161	5.44646	4.11493	40.09794	30.34326	29.3957
CE17	23.55708	32.51174	37.76941	36.54724	5.85992	2.15966	3.41244	2.67138	6.43987	8.19971	24.5987	9.53851	32.62924	5.07371	7.96468	17.66917	22.39925	24.54224	31.16488	8.00527	10.94105	51.32061	3.10226	5.61617	19.20801	12.33531	0.53101	0.2856	45.97683	28.36091	3.22945	5.37015	12.67389	4.15883	1.17467	6.34296	48.99036	18.27641	5.46293	4.05246	8.62865	28.62209	20.72578	12.28965	0.53147	1.06875	46.39438	36.44912	35.03878	9.58535	13.19442	21.46511	19.2948	17.08013	2.93816	41.23912	18.07184	5.06883	7.19273	10.45886	1.47077	7.81269	10.65163	4.44762	1.75426	6.20771	7.35826	11.44088	3.41021	2.1465	7.16783	11.04625	14.87912	6.6116	2.7403	6.76956	14.72536	2.15457	0.92762	8.13615	0.81795	5.09311	0.91248	3.34388	3.76683	13.88396	13.80157	16.9363	19.03726	11.82614	4.61876	5.12819	4.68552	37.13993	25.1372	1.25452	5.19185	4.05368	6.53326	2.15658	18.21837	35.79205	29.47625	7.7385	5.08346	28.3883	14.2761	5.859	4.0281	4.10031	1.9755	52.97281	19.38909	17.69497	17.67262	6.98875	5.2829	31.46049	7.42094	8.54662	20.85748	7.08082	17.29431	3.16089	3.22648	1.00106	5.06213	12.19099	1.64905	3.94391	5.92817	13.58955	2.61542	3.74634	8.95367	16.26973	12.50401	3.74124	29.22895	16.76062	22.42445	43.34	19.14912	5.45151	6.42251	26.92839	18.49373	5.80992	11.31416	0.34806	6.41427	11.20266	15.52045	3.97835	5.21703	2.41263	35.84665	12.21385	61.08517	45.9251	11.00619	19.32539	2.29365	4.39748	5.73654	1.52764	12.44769	1.02702	3.10289	1.30061	2.60899	1.50709	0.60337	0.83317	22.91972	11.79124	2.168	3.88767	3.23245	14.46118	1.78862	25.32867	5.27935	11.7888	1.84128	0.22503	34.98394	18.86198	21.27405	4.4572	3.71722	63.69064	38.46104	3.14989	2.81891	1.77686	5.55067	28.24086	9.70835	0.82292
CE2	125.55788	43.51872	67.00886	63.20294	11.78407	16.02383	4.18363	4.08862	19.38825	64.13874	87.00074	31.37869	59.60251	22.4451	16.73443	119.61769	167.80421	45.73011	49.65863	25.18731	52.50409	59.52177	52.68093	58.83897	71.56477	19.76542	225.13239	260.3426	85.59887	72.52967	7.33474	17.49734	72.94586	14.69683	9.75905	59.80097	118.58976	44.49646	26.1875	9.82367	19.55088	56.37196	51.49296	292.83458	264.34762	333.90392	78.11513	72.03502	86.15817	68.77334	25.47204	97.15128	88.25151	79.67312	38.22339	83.07252	52.70572	259.70486	184.19726	11.01379	1.16113	13.74176	19.61123	213.46223	344.11577	36.81818	27.62469	47.84222	7.05569	6.46844	50.45756	51.74302	53.2728	44.93153	4.61997	11.81951	70.12676	35.39672	48.81864	23.92691	3.94688	29.64656	35.67163	219.55176	214.61019	79.01268	74.51343	101.60634	75.77971	31.83772	149.3738	171.67189	314.60689	40.21608	37.70618	144.71879	54.35264	25.25922	14.51139	158.89596	77.22534	35.54963	41.65074	36.06107	12.29135	175.22963	155.84786	230.90292	248.14548	8.16376	75.71827	92.41272	63.11841	46.63088	40.04525	58.03031	49.70628	134.63148	115.49451	57.28073	71.42879	10.52991	17.23565	12.11312	8.46712	4.05117	13.36221	90.62284	45.96848	238.92666	259.7759	97.29469	26.86736	11.3833	92.10585	65.08695	2.10448	9.66815	47.75881	85.48497	39.43831	63.62894	51.08068	19.65847	41.7671	106.1364	64.10529	17.9725	21.01138	324.78661	269.53285	42.5992	66.34826	9.6113	14.60247	10.76923	77.77729	41.30085	161.35958	87.58527	14.99745	40.94112	18.49254	43.30362	16.12842	263.43019	262.24326	20.82615	19.4896	7.63745	9.22923	39.08456	8.37094	38.83992	16.80485	15.2515	85.75196	66.80837	81.44829	21.34415	63.57593	40.13246	59.27391	44.61156	93.73664	135.84794	54.24002	36.86509	34.84707	8.08512	4.06978	194.272	139.16081	149.70577	219.6563	126.56253	130.24017	42.12809	266.2337	330.29728
CE3	4.57444	0.96824	0.78463	0.43981	0.62	0.90182	NA	NA	NA	0.78603	4.93922	2.19557	0.95139	0.35788	0.73039	7.86698	9.80505	3.04258	4.52722	NA	2.47374	2.58361	2.0796	0.4608	0.48288	NA	0.46624	0.05997	2.95847	3.23099	0.78033	2.30041	4.70071	4.89593	0.70854	0.93065	6.054	6.78928	3.18869	0.09782	2.84764	3.7059	2.43781	3.48223	0.82818	1.09484	3.26768	1.11275	2.4869	1.30423	4.85726	1.54636	1.423	2.5399	NA	4.06735	3.92562	3.66598	8.43622	NA	NA	0.07919	0.11719	5.9543	NA	0.06645	0.32574	4.57196	NA	NA	0.28796	0.20634	5.10937	4.62544	NA	0.21015	1.93107	1.45174	0.3972	0.04864	1.277	0.15224	0.10264	1.2514	3.19857	0.87743	1.0811	3.20003	1.35307	3.75952	2.70682	1.27058	1.60205	NA	0.47153	12.41947	0.27356	1.23146	1.04521	1.16489	4.12641	0.18134	1.40622	0.5721	1.44612	2.01261	1.08839	2.95646	0.52588	0.6416	0.27513	0.13223	1.53448	2.27418	2.43286	3.12177	NA	0.09885	0.29296	5.02661	1.61897	NA	NA	1.2706	2.74514	0.36822	2.35472	NA	NA	1.77842	5.80497	0.58929	1.28247	NA	NA	NA	0.13642	3.74516	3.49624	7.67119	NA	NA	5.57131	NA	NA	1.46697	1.29772	NA	NA	0.12775	2.23463	2.15847	5.30033	1.41284	0.53946	0.78993	NA	NA	3.40015	0.85858	NA	NA	0.46219	1.4019	NA	0.57476	0.66199	NA	NA	2.95095	2.98752	0.99013	0.96658	NA	NA	NA	NA	0.83407	0.11284	NA	0.60226	0.61428	0.85559	1.73501	0.69225	NA	1.46287	NA	NA	NA	NA	1.20691	0.64488	0.48533	0.50019	5.10708	7.89313	0.49202	0.41332	NA
CE4	829.9715	886.47593	889.9354	991.59608	623.14504	579.0688	793.93243	821.72277	849.74506	879.22619	1017.02295	920.19355	973.51148	646.21532	692.11424	875.06454	675.73591	853.6773	949.21903	798.96331	878.00002	805.32156	916.40602	967.17116	855.7868	979.82469	500.42089	539.78478	1108.23242	942.81008	997.20604	977.47805	888.69251	756.26245	616.64678	915.8538	1126.61372	962.74568	748.74933	920.5549	882.17597	822.65554	920.53695	727.89547	669.43672	568.80447	953.50576	885.59626	889.83972	945.03693	982.95406	817.35002	1038.08832	991.60935	844.12368	949.17512	840.09559	754.40215	820.94998	809.53455	664.83313	877.89425	911.20901	627.62964	458.18027	936.65966	662.12287	939.88699	1207.9735	1130.07125	805.4847	878.81503	767.55367	680.58195	947.66179	763.51499	687.23869	779.6626	855.2783	835.78308	943.81393	927.79301	840.064	433.74926	494.91562	957.10401	825.65946	799.01621	1058.69862	985.58692	537.59629	456.31954	657.75029	1308.90905	914.3544	481.3565	712.66515	833.23158	786.6202	457.56786	684.78429	847.36416	834.15945	787.72687	707.35559	662.64667	653.02389	655.91578	589.37146	727.85164	722.29815	811.75248	794.46448	829.63961	701.58572	669.0327	935.11556	980.14457	618.81317	831.93307	890.65821	959.90301	958.14047	870.1031	728.69024	985.08997	1062.29419	828.02174	834.80377	512.58133	602.6676	883.54946	792.01217	860.8616	741.94116	807.2894	927.53459	817.357	1005.28648	928.31762	1087.36912	783.34375	1106.28619	1070.10646	976.77586	971.43988	925.81335	806.13801	798.16795	524.29129	648.92761	846.25256	830.25439	767.3786	961.88197	871.22803	976.99573	807.56464	1045.57727	1021.29763	761.07908	792.79028	690.69707	824.5653	919.76644	475.73059	604.06026	898.09322	906.8917	1023.2377	1104.91626	858.10931	1045.01848	784.00402	854.54828	1023.91748	471.7138	619.45713	798.69762	726.35735	790.97711	802.82447	1109.25659	807.08107	577.56226	405.60736	888.45767	723.50296	868.70176	823.00469	761.41219	1055.54815	1019.62239	370.35425	456.60896	440.81001	487.11305	974.52487	565.10501	481.48379
CE5	NA	NA	NA	NA	NA	NA	NA	0.16715	NA	NA	NA	NA	NA	NA	NA	NA	NA	NA	NA	NA	NA	NA	NA	NA	NA	NA	NA	NA	NA	NA	NA	0.73191	NA	NA	NA	NA	NA	NA	NA	NA	NA	NA	NA	NA	NA	NA	NA	NA	NA	NA	NA	NA	NA	NA	NA	NA	NA	NA	NA	NA	NA	NA	NA	NA	NA	NA	NA	NA	NA	NA	NA	NA	NA	NA	NA	NA	NA	NA	NA	NA	NA	NA	NA	NA	NA	NA	NA	NA	NA	NA	NA	NA	NA	NA	NA	NA	NA	NA	NA	NA	NA	NA	NA	NA	NA	NA	NA	NA	NA	NA	NA	NA	NA	NA	NA	NA	NA	NA	NA	NA	NA	NA	NA	NA	NA	NA	NA	NA	NA	NA	NA	NA	NA	NA	NA	NA	NA	NA	NA	NA	NA	NA	NA	NA	NA	NA	NA	NA	NA	NA	NA	NA	NA	NA	NA	NA	NA	NA	NA	NA	NA	NA	NA	NA	NA	NA	NA	NA	NA	NA	NA	NA	0.12425	NA	NA	NA	NA	NA	NA	NA	NA	NA	NA	NA	NA	NA	NA	NA	NA	NA	NA	NA	NA	NA	NA	NA	NA	NA	NA	NA
CE6	21.71363	115.00745	90.10037	61.04196	293.08812	299.18764	21.94086	28.14573	103.123	110.70479	105.21151	107.04521	58.72323	62.25855	87.71627	140.07518	261.38214	48.11095	92.77444	81.58426	75.42818	65.27377	161.46052	178.01312	75.07288	73.50813	298.2577	345.54362	69.76193	104.01272	109.81561	80.60523	119.74748	63.74084	102.72903	69.03363	38.76445	106.41561	116.47817	100.37912	168.25951	33.7696	62.35517	406.07381	431.65942	428.65953	22.91813	18.4328	70.33105	44.06277	31.4926	176.10848	166.05839	143.15403	87.77785	38.50431	55.222	570.39575	369.03309	111.27135	39.55411	202.57708	170.80157	301.57257	489.15788	64.36513	75.64024	112.90407	94.85967	91.30708	98.09046	64.97229	117.23676	90.29161	27.42682	94.12485	31.00887	111.54172	153.017	51.48175	64.3231	160.63703	91.70079	71.27998	81.89307	53.27331	32.3036	21.01331	77.27987	103.36378	238.28758	335.52036	363.11583	132.11775	236.78771	334.2272	187.11598	170.83409	59.49703	461.55301	230.09701	30.46645	120.8824	181.70501	66.43914	237.46958	284.77587	312.60147	288.8226	75.79237	75.00854	77.47265	45.15556	50.13037	22.37645	29.45888	99.9366	63.09987	430.85228	224.82099	56.71174	77.07544	85.24315	41.9623	104.49251	165.99329	206.48736	58.56379	118.62741	380.84816	311.64849	61.14784	39.11192	95.70197	45.82396	159.45599	34.96293	127.67048	82.51523	39.50516	63.80622	120.89134	112.62265	127.70214	160.27125	90.46882	116.90856	160.05214	211.58837	477.35316	404.70945	56.67558	69.99363	186.40027	44.47235	69.65835	33.16205	144.13377	58.59435	69.91011	53.94255	53.73194	23.17601	29.94901	172.94459	403.95151	331.52137	167.31476	47.53534	81.96173	109.30616	91.73393	122.72895	72.69399	153.22803	446.71654	406.98597	236.06726	29.91854	19.01699	60.46439	185.16907	90.29051	46.80387	367.07519	555.99343	43.9743	10.81942	9.54825	234.5788	205.54951	29.60975	82.52784	370.20266	377.83326	363.98604	353.13041	156.62464	310.59792	424.21739
CE7	209.00715	194.5148	206.00281	178.4123	209.97248	214.64912	297.17495	351.19422	200.33167	233.58719	141.54733	154.54377	154.33132	164.38535	143.55159	123.91445	180.90436	207.5286	331.27089	289.41565	178.7479	156.21863	193.29655	214.42718	303.83037	232.70245	213.73319	266.19088	118.89985	158.20634	136.06912	163.80125	132.70709	191.77891	187.15161	264.76508	178.34901	200.9577	189.56922	55.6926	151.09604	107.8187	226.23607	208.6687	491.35841	571.8689	106.44865	133.75195	163.2547	169.33889	131.59057	236.63525	76.68397	104.4479	283.20558	115.3271	148.09511	411.9736	300.1769	188.48364	13.87477	303.98153	229.74599	462.70907	601.87647	237.3529	182.86772	94.35694	348.85248	310.73864	196.70035	183.2031	246.45514	228.53035	158.35648	216.93259	107.27845	154.17031	167.99796	123.86858	154.69252	294.53934	350.3985	235.16058	228.63278	200.80261	185.5281	66.46076	74.65938	67.23079	244.1518	333.80679	478.93662	59.7584	362.50114	320.41972	264.06951	260.11627	195.40011	304.41591	196.73592	247.01944	263.10799	301.57583	294.29208	198.10222	195.56219	207.73596	202.97813	324.99852	334.40614	245.02668	119.57114	175.4943	77.20236	94.61404	109.04209	152.93888	351.94116	215.99902	140.87743	274.54924	233.58727	203.68921	290.40062	65.41785	88.81469	306.21452	305.46861	467.20971	460.09921	147.87508	176.46588	332.34587	358.62169	320.60059	26.47848	159.75934	154.59603	179.38359	175.94342	268.23455	66.94615	162.47724	249.51747	183.89012	207.973	513.41966	507.58747	280.26626	243.54545	102.84783	214.70108	77.94847	192.33375	210.92896	168.69788	205.61508	181.50992	206.46189	234.89187	322.5308	245.3891	99.27373	228.54194	265.79017	332.86814	353.19316	311.92762	286.28131	284.35864	194.83872	200.64459	272.16837	249.77667	461.07426	552.8512	314.85791	257.83921	238.44599	229.0855	109.81191	124.57423	143.50267	309.19254	504.70691	120.72602	141.01434	230.58981	367.23295	295.17269	78.09158	142.00448	410.842	321.79425	355.96407	336.92041	79.73335	233.05474	251.85309
CE8	761.88511	574.90998	544.55322	560.25682	239.61546	164.48132	1357.91433	1411.47455	517.01712	380.46608	438.29911	281.64473	383.71152	623.5753	612.23042	348.3392	551.87458	803.84975	870.49174	753.27798	417.07672	437.80703	579.72512	360.16714	518.17924	785.49933	766.89873	876.57216	287.81383	484.38189	385.46391	433.92561	343.45346	733.72673	804.8921	618.7612	468.65204	474.77091	353.11743	178.81203	403.43742	345.49655	538.04845	736.6216	686.51667	714.52676	473.12326	636.52513	565.83342	488.86183	393.06569	746.75191	322.77416	384.66158	730.11285	486.87403	497.59205	653.85976	578.96205	397.0398	107.80331	380.80366	392.94629	661.20761	661.34217	694.3549	715.02824	361.88747	501.69878	502.42335	538.75289	627.5522	679.20023	635.02478	671.11604	696.81464	387.98351	328.58068	406.26275	392.83147	415.14009	719.99706	701.83286	850.8184	820.9519	562.86806	428.28392	391.05	187.49085	183.19382	476.02653	523.70431	626.97761	172.00994	710.46938	539.31935	689.79476	671.34257	692.79532	859.44827	494.39105	1067.63624	759.49769	762.92968	719.54985	515.05595	499.03421	743.94087	693.75505	1221.99319	915.07367	769.13012	497.45604	579.50226	295.34889	268.81485	344.87828	403.54752	571.49618	355.36971	584.48295	840.49029	633.20035	625.65975	875.66333	307.87065	285.49616	269.12229	408.6682	582.17478	624.97657	683.35686	542.74551	1158.87998	783.04313	867.1625	184.19095	349.14469	156.43373	193.8825	498.96944	580.31683	306.60548	289.31568	484.35916	451.81136	605.15677	947.63533	886.30132	1033.63838	918.63905	206.37841	453.40899	293.8943	558.61557	597.36635	596.25989	728.29144	575.5289	609.66356	704.26729	904.8251	532.22438	210.23988	431.29119	758.48216	757.80021	639.86682	1191.02964	787.23892	849.00726	446.67352	456.47949	528.25385	511.58118	999.79237	443.89819	288.8424	197.67748	945.39632	187.4085	166.78297	275.03769	526.535	479.47352	903.19011	376.66668	614.43959	865.47707	712.96731	375.05667	397.53462	431.71294	521.78605	657.89288	588.66112	608.49876	278.0189	627.65928	663.80275
CE9	806.5812	773.42537	768.20079	927.32705	596.58822	432.03552	1486.99671	1288.62489	939.14029	783.51759	733.70944	654.31746	840.70775	1009.81485	1117.63638	565.87105	537.00797	990.99476	983.81581	923.13544	833.50377	725.30161	1068.5438	1024.63649	870.1046	1006.32983	548.35005	569.87725	638.92024	625.81446	858.06344	804.52132	529.8824	875.12676	806.30793	981.70962	910.77771	718.96813	724.79832	1004.02696	829.3974	554.85384	683.41321	452.84424	470.07682	410.0926	796.28585	902.97918	819.96219	814.58163	733.34057	598.06702	895.81927	920.47149	690.73095	835.41657	783.51174	532.74647	617.79446	1113.67289	1109.36226	788.93514	877.87999	750.15331	513.72234	959.0294	946.99856	669.30895	941.71817	914.02154	1013.18049	1045.35994	957.10917	835.99013	1671.63425	1159.07148	745.34407	736.1241	833.10365	645.48457	757.3628	1070.51647	902.31478	541.09531	554.19213	779.7145	758.31453	747.84534	744.27946	789.08682	475.87654	445.84778	375.26327	1036.46944	856.82254	488.00309	899.43343	1088.59797	904.50368	552.42708	505.95776	983.31605	927.53197	983.93819	963.61351	501.35717	430.13803	551.27776	442.79671	1155.61976	1108.4942	1148.66893	782.36136	794.27205	1010.84597	909.46529	937.75192	867.36231	403.90372	725.00289	1056.74158	1390.9594	1488.05094	1253.90754	1075.71974	829.10944	913.37297	731.40308	832.88448	358.09923	346.57316	890.58878	840.30195	1130.05207	819.08788	923.14628	1215.1505	695.21392	604.11748	597.4328	986.85213	995.54928	815.07411	1112.34777	972.62824	792.4953	738.99418	924.5218	887.1857	492.68177	464.48906	604.55033	652.58221	685.33671	876.11818	842.0325	978.73314	882.10731	748.37917	797.00884	1015.37578	1044.73863	754.80585	633.04169	875.14691	556.3534	650.62263	915.90423	1108.46337	1359.94953	1367.20549	806.90883	1602.0708	881.01321	758.69832	840.4069	533.47606	572.75922	521.19526	1184.73716	558.88609	554.94674	538.35357	816.26928	449.19596	542.16633	754.14181	1079.0812	1277.26307	928.27442	1094.56045	726.39229	718.1126	401.32548	399.66566	415.32008	414.94311	787.14102	438.4081	409.78807
GH1	331.09797	138.00635	252.06648	439.25692	276.88976	115.14163	411.08216	104.04742	190.78703	212.86945	258.25794	247.71791	334.18142	647.42926	749.0671	261.90999	190.59818	589.61748	342.08096	159.51282	326.23461	550.23449	69.15226	97.45334	152.08271	216.0838	373.54711	110.60702	247.28004	227.47833	118.41221	192.86749	226.17736	354.86562	227.64995	285.12584	556.34264	325.49861	218.24976	332.40036	190.14641	306.13813	179.43767	199.72682	82.49305	47.54767	492.01266	541.93367	275.69708	158.04184	291.62898	227.65174	222.53235	249.43762	132.99694	316.67874	215.77774	212.6405	236.89261	269.43404	482.6258	199.71087	272.1841	117.82767	92.87907	169.18953	537.29874	146.86274	149.9376	160.35994	238.89466	283.81027	156.95692	116.91071	464.75336	216.44218	183.19168	67.56504	53.53858	1274.20037	1075.7034	267.54504	161.44974	137.62389	132.29263	237.35738	394.30051	169.72505	437.23191	190.82693	365.76436	141.91776	141.08426	867.22752	285.18297	105.92846	197.65431	156.08996	421.81477	174.53281	123.82793	161.03461	295.77752	155.07863	164.3563	361.23951	322.81392	360.86948	232.75245	157.22604	120.6303	427.67499	550.31257	275.77894	254.03451	221.93966	377.26277	543.86087	217.32141	280.84931	412.74589	309.20313	346.49663	285.36382	186.01048	204.91008	210.42926	203.79715	260.97561	195.38391	104.39183	315.89986	183.92412	155.23548	231.18917	271.33597	213.6006	71.73114	367.38801	436.08632	387.90721	454.26217	565.92593	161.7821	189.37848	279.86457	173.34764	150.59635	149.4368	103.92218	128.89637	198.49531	236.89929	268.53585	330.59325	570.53161	807.201	152.30121	206.72003	360.57148	592.41786	187.47357	114.99161	141.925	137.95101	106.40217	181.514	106.29575	278.22676	136.44532	204.28442	350.72854	267.3283	97.6699	106.62952	193.3823	144.74666	134.32698	85.32099	236.3321	105.83507	111.6131	248.53711	378.47684	144.6526	49.25091	369.37413	205.3867	214.3487	211.19494	158.69342	566.07024	262.93967	124.56997	100.43226	95.99667	180.89976	270.2338	145.69094	77.83046
GH10	264.68066	269.7873	172.03746	155.48136	752.68081	736.83299	255.64232	252.07068	184.82798	184.30493	229.44364	208.66498	153.108	121.36751	133.46135	243.77355	449.77022	100.94731	179.63515	209.01561	264.47378	157.06522	293.98223	282.34911	315.24922	314.4859	730.63351	714.94097	137.01482	205.14157	238.25696	217.29371	239.8453	301.21322	390.04673	72.65402	137.73127	194.51564	182.52604	166.84027	302.47683	72.22929	93.91582	766.52404	800.79899	976.44572	154.8091	136.06837	247.69448	231.52034	117.85175	413.99241	238.50312	251.68704	274.14427	146.05561	181.7045	680.54844	597.63742	85.84983	4.05272	304.44483	299.45714	660.15135	1059.7641	269.07741	161.90178	271.70988	250.36617	290.97768	245.60859	135.91352	428.47807	236.90685	182.75162	430.95703	74.1753	234.02255	251.36282	133.29366	168.94487	586.50603	445.67467	380.50418	370.37127	223.47888	150.43723	103.91849	135.78834	222.37671	533.90383	694.24251	851.56532	166.11259	267.96774	791.37261	266.9072	247.45654	269.26423	721.36293	436.56668	226.41666	249.134	216.14658	221.22548	492.89991	491.36182	512.35561	515.16238	372.51638	92.46408	61.91118	182.18008	194.98572	118.01622	97.77208	199.36223	147.77249	505.34488	230.55364	188.73303	221.28363	174.32169	253.02673	363.90963	313.51333	317.25866	98.74754	127.52048	680.06243	695.19103	169.44438	122.28456	135.07367	209.93293	329.30704	70.06176	255.44736	159.44232	168.3303	214.2019	249.49534	228.63019	230.21773	250.73401	245.11694	441.03444	285.85437	317.31336	950.88753	750.86224	123.33413	203.30914	316.19861	204.39481	199.61971	137.11268	500.24672	316.22792	264.80001	173.93123	98.15598	140.84383	102.21433	149.23882	790.12534	739.13863	371.02347	255.51974	309.12615	361.80845	193.47036	227.14893	175.91612	113.71878	418.00767	797.2859	428.47547	138.79633	214.6255	171.71541	331.23941	189.2297	213.15285	455.20166	773.75894	149.17797	150.69164	194.57235	317.33981	212.80499	182.07767	268.1164	698.93854	692.87669	800.01658	683.25611	251.36896	627.6639	860.48029
GH101	22.10805	6.11247	6.08258	13.86174	1.8522	1.99782	21.62769	23.23863	7.29776	4.0813	7.42845	4.77753	7.90042	5.1094	5.51618	0.95349	2.24338	10.4526	13.53932	14.48657	13.11828	2.77453	8.22765	2.96276	12.42113	18.14993	3.19285	6.6174	2.77141	1.52272	4.72224	5.18827	9.15177	21.8107	10.40037	13.40664	9.63784	7.68719	7.22483	1.54997	4.41406	5.50676	8.89987	1.38565	1.75579	0.64428	13.8562	15.03674	3.78868	12.22332	10.73152	7.52305	2.44081	2.26765	10.08726	6.11479	11.39951	30.67991	36.15838	0.92516	9.41859	7.73108	9.43806	9.83024	2.68507	8.36432	8.97769	2.71429	8.97404	7.87196	5.24671	7.6406	6.35744	8.57132	15.61404	10.75213	5.5571	3.52758	1.69694	4.50112	7.74457	7.7552	8.96903	1.78144	1.77738	9.17027	6.57174	3.48576	2.18876	4.10301	3.63102	0.61057	1.49732	11.24051	6.5596	3.79203	11.32758	16.12464	12.55405	1.4093	1.77064	21.40223	13.91915	5.03107	9.20584	1.26501	0.91261	9.93714	1.90546	21.87576	13.76834	14.2667	5.94253	6.40141	4.23038	2.7027	10.07213	9.66921	0.64308	10.46594	48.46916	21.57611	14.83199	13.87862	12.5986	3.17034	4.70866	3.4511	5.33525	5.63796	2.54901	18.93086	8.17246	15.69458	16.61463	11.43829	4.05385	2.66068	2.63467	3.4714	21.27641	10.31893	6.32673	5.05413	6.91244	5.63712	4.84026	14.51268	13.55372	0.27674	2.33627	4.05245	6.33949	3.6572	6.21942	8.15744	6.28514	8.3478	8.03778	11.06978	29.95767	19.01079	8.88652	2.75212	2.32427	3.22497	3.17451	16.65463	28.28938	11.55711	7.74972	5.20764	8.15842	6.28288	1.93848	4.68735	0.98034	1.15654	5.85199	18.58042	5.11071	2.40047	7.88112	62.96376	3.0621	0.66996	10.09554	19.22579	32.29707	5.16837	1.53054	2.33941	3.43564	0.1322	0.27199	0.37279	0.07717	5.53631	2.17822	0.45521
GH102	29.62189	21.67656	13.74173	12.48164	12.95607	15.23459	86.21355	40.17578	15.62438	11.59611	20.63934	26.27471	36.20493	120.30997	172.65785	16.19784	13.6103	59.30614	18.29438	16.74384	40.43525	13.66185	19.22611	12.73236	75.64454	61.97027	68.76041	24.44462	21.95534	18.89269	68.76867	60.63979	25.94146	70.36828	52.48706	19.04431	10.81972	43.87059	38.31487	17.21284	23.70361	44.74983	10.85564	7.79412	12.79445	9.03319	53.57549	40.85007	20.67566	14.60343	24.45902	24.38876	11.12248	18.67077	34.92497	26.76296	34.87848	19.19662	15.88605	28.56633	81.91289	12.8145	21.04914	13.80179	10.66375	59.95011	104.38912	23.53695	52.4786	52.2133	96.90824	51.68997	79.82444	29.80132	94.12109	146.86589	40.97065	27.73789	15.08733	134.79707	102.14003	89.77349	97.85021	12.68786	14.51247	25.63452	53.69567	32.20782	24.26222	25.60868	60.0992	15.90993	5.6622	43.15976	14.85467	9.4794	14.06238	22.91784	87.59185	18.02657	16.98524	31.03723	33.53253	21.80136	50.83482	5.74867	5.22416	19.74538	7.40033	45.56197	23.34568	10.45926	46.83724	31.19245	22.74229	45.26786	28.28116	8.45827	11.1678	31.66159	51.52242	15.48847	32.35099	35.16519	57.30948	14.32137	30.37611	11.77554	21.91507	10.80305	14.3813	32.04289	123.73061	28.48271	16.4776	2.13453	20.56273	19.3019	20.92704	12.84092	13.18274	20.63861	23.60799	7.06056	10.87785	40.4999	42.32164	17.90234	6.88541	10.48971	8.4815	18.90013	18.89642	44.9827	29.63885	45.67487	24.89831	73.76735	42.88344	29.36049	13.18973	17.45594	24.73611	75.19328	10.21508	11.05186	10.20349	30.12176	34.66452	88.30359	84.65115	16.80525	15.34034	22.05253	27.66406	10.42808	13.86793	30.92779	11.02279	27.19571	23.47756	21.67572	22.82428	30.21537	21.11949	28.21162	105.96125	5.90319	2.809	19.42869	28.77262	58.17043	54.04015	6.56255	9.40691	7.38434	9.32157	19.3553	11.12762	6.4054
GH103	20.52766	5.41235	4.84832	5.4039	10.72547	5.66213	73.75523	14.50955	12.0092	7.21358	15.24547	4.21972	14.06034	131.21788	185.47002	12.45816	7.51061	40.01015	10.89584	21.8409	13.49644	8.21493	20.1478	4.94921	19.7001	14.24346	70.07709	16.03905	12.19695	8.0504	24.78604	11.36358	9.07467	17.70728	10.27894	7.35036	5.32327	13.68164	20.90979	10.97882	8.0759	7.01227	4.44165	3.54729	6.64078	4.64404	17.33201	27.52628	2.04677	2.5012	19.50118	6.79624	5.63883	7.26459	4.63413	9.04027	10.23496	12.41551	11.54341	18.88983	88.82546	5.59391	13.09155	8.26027	7.21945	11.96018	109.5081	10.96415	24.06601	20.65219	31.33702	15.55084	11.63059	13.0089	36.04069	28.53645	28.18956	8.86811	3.51748	164.39892	123.07098	17.08337	18.90115	6.317	6.52632	8.55884	55.44291	14.56166	16.09552	11.09137	59.78954	22.57011	2.61282	45.18876	6.73625	5.20486	3.60613	5.50004	56.59253	15.40005	7.23571	8.35214	3.29925	7.84198	8.48828	4.13832	4.73524	16.77229	3.39629	11.18287	5.7193	3.51318	22.48416	7.89852	12.81579	9.39121	16.42897	3.80757	8.28981	12.44302	9.90828	17.32125	28.63637	2.86248	9.94949	10.12271	26.51089	6.20928	13.79357	3.56485	1.91863	13.2905	56.30838	12.00458	8.3005	3.54849	12.33065	8.63361	7.10643	5.97405	6.71891	14.4351	7.49563	4.07033	6.50697	8.76997	7.2486	5.61315	2.477	4.06306	2.22986	3.30733	4.18607	6.26053	14.9364	30.28561	8.48747	8.36583	26.50405	9.49403	8.75055	7.1717	2.37432	26.28801	9.18563	5.09808	1.34871	16.70585	23.81125	7.61436	7.44145	4.87733	9.23975	16.2805	14.25543	7.65533	11.72833	13.14162	6.3102	1.62101	9.10559	3.10956	3.76077	8.25879	11.91714	11.54666	17.6168	8.72746	4.84206	13.96816	33.59715	11.69178	18.78554	5.3401	6.1384	8.80896	5.3974	7.92515	4.69652	2.88258
GH104	13.52302	0.56281	0.11054	0.99274	1.33214	0.14519	47.97349	0.60165	NA	NA	3.22385	0.17713	NA	0.48909	0.93702	1.1575	1.08771	5.5183	1.6045	12.59468	2.53999	NA	NA	NA	3.98975	1.57732	16.19528	NA	0.14419	0.07602	4.97962	0.06675	NA	0.9744	0.39927	0.06355	NA	2.83474	3.13566	1.39168	0.26683	NA	NA	NA	0.074	NA	0.23953	1.88384	NA	NA	7.88722	5.34529	NA	0.20943	NA	NA	0.18006	9.18076	6.3984	6.26923	43.26598	4.09805	8.40161	NA	1.15185	0.07079	0.4981	0.07002	20.491	16.30213	8.93401	4.36877	0.07971	2.35576	5.80936	4.71996	4.5677	1.17032	NA	NA	8.01374	4.02791	1.02315	3.465	5.45529	NA	95.37684	NA	2.0531	0.06297	21.63374	19.49772	0.1577	24.73525	2.11445	4.89643	0.30827	3.75674	4.80429	2.43138	0.26466	0.07411	0.37067	1.28455	0.78726	40.59521	34.50027	14.16505	NA	5.01161	1.66317	6.42255	NA	NA	2.09069	NA	1.65603	NA	1.04359	NA	0.0802	0.89214	7.1603	2.21554	2.81809	3.81739	9.41266	1.14965	0.20063	1.14104	NA	0.42109	0.14842	1.38801	1.34453	0.74392	0.19919	NA	0.6573	0.04514	0.08161	0.2673	NA	0.33478	3.94997	NA	2.63379	NA	NA	3.71363	3.81482	NA	0.12639	NA	NA	2.44182	0.41135	NA	NA	0.68219	6.502	NA	0.11853	1.26738	4.2869	0.51644	1.27839	3.26633	5.2331	1.20635	0.76899	0.19677	10.971	3.02716	NA	5.02112	1.59331	NA	1.3092	1.53205	0.48179	NA	NA	2.0623	0.30796	0.06244	0.30782	3.07499	2.40303	5.93461	17.74568	1.28181	0.14299	13.37696	20.34842	1.2391	1.20966	4.44634	0.06433	NA
GH105	869.48819	979.65725	921.06495	815.54289	549.7848	539.1397	1478.35077	1633.1345	1087.27916	867.6114	751.76569	735.05162	789.67214	728.3678	603.76319	335.02504	579.06934	1024.07046	1244.76869	1162.80325	659.25837	651.03239	1140.84993	994.50732	776.33952	1017.14815	623.2872	830.98491	460.18808	698.73621	1015.71276	845.72879	497.08107	889.1013	827.91246	1124.52547	755.64769	754.44389	716.14656	603.19051	854.94187	533.24929	811.09116	440.93928	905.08254	879.44151	664.06228	704.01557	766.94234	757.10291	568.08457	704.59861	982.25473	825.11654	894.06129	648.28948	746.28108	716.75887	773.76378	760.85461	39.60416	1225.10478	1079.78816	665.77738	313.58946	1056.44933	898.8313	772.12512	1131.11086	1027.7683	713.01646	846.85942	928.91626	904.58562	871.27383	1030.8868	416.4382	935.63972	1090.22931	746.19053	916.83894	1008.33424	952.6778	420.22811	418.14789	904.99637	573.00705	381.01044	370.132	602.38156	354.25688	490.95279	620.84759	261.58209	1236.9311	570.87147	1104.73064	1238.52056	1035.28718	797.2862	772.65532	1223.44686	1122.52014	1396.73403	936.54276	422.41199	338.67119	649.06452	595.76531	1620.73207	1455.02559	1348.10085	602.69913	713.81974	376.13819	469.63153	872.97485	672.20806	627.37015	604.35361	654.27417	1385.03584	1021.50469	1014.53455	1232.22633	881.25446	945.10168	566.18472	785.77586	638.89058	584.64937	662.15783	811.75229	1663.74375	1081.62998	1056.85423	307.80313	851.6372	456.49227	444.84489	794.27984	1047.8638	679.67172	943.26006	1177.25519	684.82639	685.59863	1354.99583	1315.24432	479.28435	523.70767	384.09556	729.07807	748.2137	912.64911	922.13514	748.44545	1007.82635	695.52877	806.54578	852.6862	1474.44679	922.08988	477.91441	887.85053	522.74471	615.40194	1328.52076	1544.23651	1285.49152	1129.09355	918.81378	971.82488	998.72432	1100.27845	1974.41653	821.83926	580.97479	650.18788	1468.87653	705.37732	895.94886	435.14795	551.86346	501.20585	641.6532	479.45843	886.58498	1254.84432	1058.12438	721.40703	443.81169	758.11393	806.91015	734.49379	492.86176	519.50234	627.33261	544.7467	469.44289
GH106	577.27125	537.02025	601.26049	493.56816	180.48357	180.25847	1443.00201	1498.31806	676.28393	538.0369	573.12677	489.85955	436.74658	537.73134	439.82992	547.79527	757.89893	722.52554	919.51648	1189.25342	541.20492	350.88691	790.0283	548.55253	645.39643	831.36109	858.17841	1231.3748	362.5968	426.42948	671.13542	607.29643	463.62735	595.98604	541.94268	1143.81634	615.11904	476.56572	429.91816	245.49198	513.29952	344.43791	639.72997	517.88759	907.69543	908.48035	566.97019	516.00087	545.16098	549.24426	481.15959	644.6522	438.70977	431.33851	844.081	451.78106	671.36198	802.91542	676.53736	538.05962	27.67924	537.1226	502.82346	988.95836	1156.0426	911.68446	650.54399	433.92268	554.31816	537.17209	626.52879	687.06724	862.81296	853.35773	726.10393	967.54956	345.93459	622.41206	556.47177	534.60518	536.33884	754.00887	849.68103	511.99741	490.78948	794.58308	468.55974	298.63472	276.6364	426.01143	439.26769	571.0924	888.48371	96.19039	804.98468	544.57007	870.98259	1058.86141	804.70655	511.24541	350.97216	1102.68484	858.91175	926.5729	692.49014	424.33969	443.17657	973.9625	1019.42453	1235.24105	964.78078	819.45385	501.04946	702.40929	246.54148	331.2985	454.99368	373.19267	469.32357	488.78158	523.97748	880.00114	650.79787	986.59061	1077.97738	402.62531	474.47502	206.10031	342.8873	1212.8993	1010.02366	446.51848	665.81169	1180.08744	920.59566	968.16465	242.45381	551.10948	355.2675	551.50669	542.38084	608.32098	342.20477	628.67501	768.14265	492.64743	556.33966	1164.00035	1149.52552	807.00151	819.12204	371.14925	465.14138	441.45914	714.37856	684.65175	522.34425	889.30902	851.56465	912.60934	751.33644	1097.32916	794.07471	348.90424	398.18404	683.31642	755.80942	1141.26191	1233.06514	1187.96221	845.65336	534.20201	472.5146	841.44602	651.64139	665.44796	660.3831	566.71527	891.17972	1225.32526	763.40501	352.30317	415.0209	460.94048	551.96251	688.76799	462.89077	739.35595	1095.48428	652.99524	519.30948	313.6844	584.68515	645.36637	701.76548	525.08931	529.92499	480.66614	949.14653	1194.07962
GH108	93.41318	104.03207	107.58923	9.96436	4.1025	64.06372	26.98726	238.7726	87.58746	303.82176	57.58466	137.75685	135.69308	47.3332	19.96616	23.28934	14.8784	125.3273	130.20412	21.72656	27.64607	57.38416	18.78692	19.51568	124.11814	74.2597	167.57269	108.61675	32.1696	36.45102	16.5942	34.22892	545.57311	124.93027	273.09603	47.03946	63.46088	547.5475	200.0313	9.92517	54.12787	121.67743	112.33669	199.64761	23.32086	46.55888	25.4174	22.59672	24.90462	18.36301	74.61636	109.15208	21.88604	21.85162	75.75876	141.47446	231.69993	6.81571	11.25982	2.57251	7.70071	2.34452	2.76257	41.03747	0.7563	48.08491	58.73063	44.40857	5.57537	37.7528	106.39666	47.69458	123.86575	52.93406	37.49731	81.36319	8.44747	9.86178	1.62638	219.31812	199.57452	50.82812	204.05385	191.73893	561.32813	32.8024	21.68988	36.32973	16.51469	12.03514	43.41416	78.64094	18.56756	NA	34.97874	29.3934	55.43183	48.17563	34.89297	58.25755	73.11856	44.2091	36.29714	90.39992	97.58464	8.39445	4.19818	109.72526	127.8961	9.03947	15.6642	14.95153	46.42843	46.9596	23.72352	24.05783	27.03569	30.0085	27.24119	49.77099	60.15506	688.26992	300.95245	23.94142	45.47078	3.39705	10.08899	83.1595	55.04534	704.38457	383.03622	39.5814	152.29725	231.53579	86.66049	70.91496	3.28717	48.25105	29.38021	35.64784	16.51366	62.37034	4.89833	4.67395	2.81037	69.19686	44.59098	289.67847	233.68674	0.84455	4.00409	53.56722	61.17435	24.19192	205.36506	295.76672	44.20029	46.30622	75.23528	56.08525	112.40479	86.12647	129.75921	110.47139	6.25061	161.58707	151.6862	58.4094	29.27269	133.81383	115.15826	80.17074	41.63181	120.68753	11.41383	NA	0.6727	20.66223	11.84456	19.97779	15.2639	46.90505	59.3545	67.99158	18.87952	209.94887	109.96967	NA	NA	0.72282	0.38366	101.96101	117.04185	1.28218	2.89197	33.8258	31.21186	42.92993	417.35166	310.0515
GH109	346.23292	528.92886	377.67104	272.92499	249.61525	321.67617	773.23271	966.31981	542.02153	407.22798	385.10229	372.03313	370.49163	403.494	306.77652	129.21037	167.184	362.03549	468.71884	633.06593	459.42634	263.21831	471.2289	591.45385	374.05465	429.72995	229.73181	328.14415	215.71936	272.40632	544.03972	443.55682	342.54407	392.83081	309.94927	591.44439	357.49436	319.95879	342.97414	307.53538	396.00965	265.48129	472.20131	142.10463	235.70503	130.4266	451.96256	328.8764	420.88411	504.9242	331.38815	275.36944	610.34686	458.21575	409.12186	348.46949	472.44566	174.06108	222.56055	395.83045	230.71533	1156.14779	1103.83724	320.09332	23.17686	669.98566	467.29624	484.25777	391.97171	391.12454	411.98019	459.45453	601.54745	641.73806	618.58753	699.55029	367.14919	342.98943	330.88998	240.57626	311.06505	453.05141	510.63203	109.46721	127.16161	484.31789	328.98895	297.80104	198.99343	444.71671	106.98218	140.79608	66.34188	16.94675	530.31673	162.7799	658.20588	885.69502	650.76499	118.6192	193.75132	831.50027	609.88242	899.35221	819.05785	131.12174	103.46299	254.64664	192.00031	994.65772	614.47344	507.3086	275.55489	410.62271	302.8359	392.78711	310.15811	199.63518	159.78499	247.02749	310.18539	714.86408	543.10314	618.18055	598.09572	266.55337	300.10457	323.92317	405.50567	45.95053	99.40351	232.22881	448.1347	1079.35911	438.77816	495.51693	156.95113	599.54686	397.85784	309.1676	287.47739	437.32745	402.66671	549.33744	589.64177	383.69909	381.37876	624.51242	570.47853	38.76731	99.85927	191.97926	278.64178	574.2706	412.16626	381.29211	248.98442	500.58728	325.93213	371.79791	433.01319	599.32502	593.19737	400.67641	385.36464	185.0581	123.73644	888.96973	843.93197	674.66234	540.63944	362.98848	271.38803	462.20475	428.37431	652.04677	200.44634	230.7317	430.95044	1050.33139	418.11781	240.80197	249.26701	265.31	136.88759	125.3333	270.23341	380.14153	577.84726	467.32606	561.97297	164.15825	355.00024	140.61626	144.05467	158.98275	150.73282	415.62275	92.95179	9.39674
GH11	NA	NA	3.2175	3.48094	1.17343	1.35461	NA	NA	NA	NA	2.00337	0.86353	NA	NA	NA	4.40177	2.10045	10.23721	5.0928	NA	NA	2.73481	NA	NA	NA	NA	NA	NA	NA	NA	NA	NA	1.25159	NA	NA	0.57198	3.88065	0.12506	NA	NA	NA	1.67321	1.44387	NA	0.1844	0.15426	1.07256	0.16887	NA	1.45491	0.06926	0.06798	1.10768	0.51059	6.46884	0.37239	NA	NA	NA	90.47092	NA	NA	NA	NA	NA	0.4917	NA	NA	NA	0.72338	NA	NA	0.92437	3.00543	NA	0.26516	18.10721	NA	NA	1.53418	0.69053	0.25611	NA	NA	NA	1.63983	1.56745	24.39519	NA	NA	NA	NA	NA	NA	NA	1.9253	NA	NA	1.55571	0.77578	0.26797	NA	NA	NA	NA	NA	NA	NA	NA	0.12454	0.09918	0.25027	1.50409	3.08389	0.26741	0.15132	NA	NA	0.11731	2.14974	1.42372	NA	0.13052	0.19238	1.0446	NA	NA	NA	NA	NA	NA	0.17158	NA	NA	NA	NA	NA	0.3956	0.16723	NA	0.75581	1.23781	NA	NA	NA	0.53382	NA	NA	NA	NA	NA	NA	NA	NA	NA	NA	0.2044	1.79673	2.51814	1.33185	4.1929	NA	0.34366	0.13478	NA	0.21323	0.15124	0.20808	NA	NA	NA	NA	NA	22.05662	52.62669	NA	NA	NA	0.16851	NA	NA	NA	0.14338	1.04263	NA	NA	0.58226	NA	NA	99.7103	88.51706	0.91677	0.63484	0.53083	2.75392	1.73695	0.94259	0.06664	3.33957	NA
GH110	114.47897	290.12332	230.71899	169.20872	276.58662	325.38242	614.0419	578.30869	232.32253	165.44856	217.36308	193.1912	185.53774	105.74351	103.57238	63.76312	68.24507	223.02738	304.32992	321.19764	180.18455	127.49346	286.27596	373.19371	172.27836	263.77601	109.90672	158.67622	98.32126	118.54481	371.76284	241.01504	248.72786	195.83479	119.13033	286.54326	154.71813	191.98251	192.14792	198.65064	237.74679	129.97863	199.84905	104.08724	140.48204	91.86435	203.73672	186.22563	184.40481	262.99772	304.42603	170.94859	342.54283	246.68165	142.2777	204.13611	271.71315	93.50985	138.18539	431.39041	397.43473	717.7061	675.94236	125.23978	7.93431	249.83388	126.69117	205.75886	273.25087	255.7836	129.53391	154.8325	186.0075	243.61513	222.63457	248.31773	142.18583	178.81523	170.65889	212.69216	251.81053	176.84619	203.56056	61.28494	55.40629	202.02253	149.32157	110.53184	181.74724	364.61433	64.28999	67.29109	43.88319	11.47481	290.533	132.10126	248.48828	331.51108	323.44439	114.04627	132.69711	340.35823	336.22154	477.87057	387.8221	78.17974	69.84366	145.104	127.10692	518.25073	278.11753	298.58821	100.38531	145.74907	84.1909	131.44593	255.41919	114.96101	193.85397	154.63823	132.78999	427.12159	348.56902	232.74695	264.75834	327.30495	301.3047	158.78681	188.11561	27.83854	64.46665	94.32229	250.57697	351.89096	147.4358	196.30183	93.12999	282.03437	252.63899	206.41212	223.56396	369.80198	336.76038	370.89918	336.23205	169.07617	151.60558	225.96734	222.40178	17.22641	53.05465	147.93774	154.88414	433.69388	216.5324	170.65941	160.89834	246.17506	113.34922	138.82298	230.35093	432.43014	301.04387	266.42519	482.73765	74.12417	66.38245	533.71154	565.39486	397.22094	236.82532	234.98227	298.99919	218.21036	230.83032	175.00439	224.74603	175.21178	222.97258	457.6908	255.15834	290.86906	150.57198	130.26404	117.63579	61.81047	124.79382	219.53481	396.49484	357.31541	467.20607	70.31973	143.29703	151.23324	85.39982	23.10791	21.26397	292.37013	48.35861	9.36081
GH111	NA	0.13155	0.01474	NA	NA	0.03952	NA	0.01348	0.01557	NA	0.17227	0.29256	0.15272	0.15845	0.06777	0.32928	0.16136	0.08139	NA	4.18996	0.3975	NA	0.08982	0.03195	NA	0.07369	0.12684	0.02884	0.27496	0.29501	0.13013	0.12722	0.00893	2.60795	0.11759	0.07991	0.01046	NA	0.08485	NA	0.24333	0.08985	0.02284	0.04248	NA	0.25721	0.06238	0.30367	NA	NA	0.32345	0.23342	0.12203	0.12195	NA	0.04457	0.23599	0.19967	0.05519	NA	0.06059	0.06677	NA	NA	NA	NA	0.10007	NA	4.43199	2.82385	0.13982	0.04563	0.13252	0.50727	0.02257	0.02431	0.07126	0.02566	NA	NA	NA	0.20299	0.08615	NA	NA	0.49929	1.31869	0.16168	0.13254	0.33134	NA	NA	0.03234	NA	0.0694	NA	NA	NA	0.01926	NA	0.06149	NA	0.01269	NA	NA	NA	0.07512	0.09375	0.09372	NA	0.01772	NA	0.07044	0.01184	NA	NA	NA	NA	NA	0.03615	0.04607	0.34103	0.38743	0.02307	NA	0.06812	NA	NA	NA	NA	NA	0.03138	NA	NA	NA	NA	0.01034	NA	0.22027	0.09972	0.09441	NA	0.07411	NA	NA	0.22529	1.32678	NA	NA	NA	0.01912	0.68902	NA	NA	0.03346	NA	NA	1.17164	0.24064	NA	NA	NA	0.07586	1.70593	0.11935	NA	0.40305	1.77365	1.8699	NA	0.02601	NA	0.14347	NA	NA	NA	0.01733	0.01691	NA	0.01029	NA	NA	0.2377	0.24196	0.03719	NA	0.41826	NA	0.02197	NA	0.02089	0.05352	0.0395	NA	NA	0.20451	0.01059	0.07221	0.02064	NA
GH112	160.4611	96.44701	116.55405	163.85892	145.9372	99.71578	38.2047	37.14175	64.51334	49.71756	111.5671	65.19267	102.90061	122.304	94.97241	77.69103	67.81795	123.19155	114.29211	87.12682	82.15698	178.88849	58.93117	61.33973	98.65633	102.78332	21.6354	21.79241	105.25665	105.81051	57.84237	88.72157	72.74391	162.45931	81.80077	129.16034	229.97665	80.53761	107.29126	59.62634	42.44284	106.45242	96.92326	66.90018	34.06791	32.5512	137.74956	183.19873	146.23461	105.53568	93.39321	92.50962	123.36583	124.45226	48.55849	156.42685	81.62127	71.91504	104.20118	71.10346	67.48358	72.73834	94.0765	46.85183	19.72182	74.85942	95.47735	60.5543	48.94019	45.19785	69.95151	90.38379	93.64903	78.36065	44.67319	45.29879	108.08968	57.94717	73.2519	39.2643	19.7939	23.99704	21.28332	34.03231	39.69527	94.93239	67.86084	108.57222	100.28255	58.31725	53.35963	48.80024	52.3135	254.03485	116.45098	61.07417	64.32776	39.89404	32.66465	60.26442	114.61482	147.39473	111.19039	40.74949	49.83092	115.34466	80.7462	52.18347	42.21722	41.38872	87.19156	104.96207	192.26076	208.62296	72.19119	76.549	142.26998	256.89258	166.69013	147.74195	198.21693	86.67734	75.79583	128.18468	82.0075	67.33466	61.02177	95.37836	77.82368	85.72765	49.08884	151.03024	124.93918	79.45666	93.63601	111.21188	22.18711	32.82522	99.76832	117.77074	205.45718	93.99502	254.18424	67.11181	67.32792	117.58108	75.39939	96.88855	93.01067	25.932	45.89751	97.8653	68.2261	65.67833	94.82729	102.02667	258.46145	67.34028	91.93519	152.44486	163.94138	80.55034	56.44386	54.01295	70.45784	32.40725	78.08112	35.32535	61.36922	23.53648	19.93459	160.67761	34.01163	49.14398	56.50097	51.37577	184.28618	121.38425	42.48427	74.69127	44.72005	79.61001	88.23587	207.29947	87.84177	29.6759	106.85118	181.71382	146.2657	71.47653	37.91755	202.45954	85.06888	90.04921	48.95921	53.62436	71.72095	97.31427	41.10686	13.81582
GH113	55.53295	57.97377	93.62076	74.49736	5.08084	5.16064	9.48864	3.38791	85.77919	57.12587	27.83169	10.94327	29.74547	154.62866	52.04243	19.13286	21.60114	44.79473	78.38261	203.77014	107.61603	39.41262	96.34612	38.70987	85.2614	67.46697	32.54965	23.15128	56.92071	91.93019	203.94482	111.32088	21.74029	69.97151	161.84037	11.79223	27.76207	132.50498	230.43799	11.00845	58.06908	24.44679	35.85644	11.46033	3.07712	1.96621	140.78772	78.65299	54.47792	48.69969	29.89275	23.36553	125.13229	63.94652	11.51852	99.12911	128.51706	3.40396	10.65156	108.98303	1.59029	91.3596	62.31348	4.86259	2.58367	19.005	109.97262	24.21519	6.60052	6.57284	92.81461	65.40324	130.04829	191.20748	190.70814	184.67643	39.96636	62.12761	85.60009	21.69096	9.78754	87.46802	124.9242	3.78225	6.18702	140.51386	147.7336	49.47355	42.19902	77.7795	10.94655	7.14976	28.49401	97.02148	161.21567	14.19338	240.85809	234.66894	55.1695	2.37431	14.3278	63.06042	129.04127	34.04737	41.42441	29.86942	15.1795	11.68168	10.31166	63.12659	138.7507	64.49274	58.49292	69.81563	43.90132	40.12152	14.10079	29.67626	3.69994	11.34918	130.43023	21.11487	38.80875	40.65093	47.08179	9.34626	17.81106	9.29474	5.40309	4.9214	8.04366	74.01907	9.85989	21.13759	8.06513	11.0461	22.43037	132.85312	56.38391	35.68572	22.11622	30.54732	17.10179	32.52056	39.54069	70.45772	50.70961	124.53073	164.7852	10.10844	13.37787	90.55492	123.84065	4.47705	98.36867	72.44022	46.29622	11.57328	178.86337	161.63536	10.70759	11.60717	172.32847	93.07782	11.2771	37.75744	36.7676	70.21019	21.93039	11.06811	32.98603	149.54388	58.21634	0.1184	4.95649	7.28023	2.48222	12.99138	290.40928	183.88873	269.99014	111.38528	24.03158	66.95564	6.27377	2.13029	75.83805	157.94521	141.37826	96.09873	112.58582	62.49278	35.83524	2.02107	2.50842	2.14801	4.36992	51.59685	10.4729	2.47503
GH115	654.29391	598.78135	781.49827	640.26943	772.23101	757.04149	866.90466	900.29028	608.02834	468.12898	473.10708	328.09086	297.53443	619.15052	448.08364	369.94333	637.37729	566.86307	834.77432	901.11858	500.89844	369.8394	832.58328	563.01535	428.56274	547.59614	1004.80796	1172.33375	402.22751	620.79382	805.88305	510.74126	411.86078	644.7959	662.33603	642.18213	425.78331	534.77676	668.38336	360.30754	641.82135	209.8453	446.29977	951.24552	1092.24841	1152.48372	633.70797	591.37751	389.04319	408.93598	259.65629	535.54599	805.44189	555.74035	582.54672	458.2156	592.37887	1140.53347	867.41748	645.79219	131.66199	1020.13665	850.15446	840.90396	1217.66571	556.58642	588.87349	567.84633	425.75953	429.32534	613.27048	481.65931	672.3553	995.4427	695.03035	699.59543	325.7828	611.78561	775.42897	386.07172	467.31216	603.44789	843.03719	925.88922	853.07764	672.10873	598.0749	328.39025	353.61169	548.12983	684.66941	877.98293	934.09013	47.8339	821.15091	929.18767	862.94841	844.69702	605.11808	1003.01424	715.88768	655.68582	752.27861	585.32418	457.06598	657.99403	675.54695	784.45654	835.56946	958.07071	534.19758	336.15532	509.08762	747.31943	323.3493	346.87435	462.37215	367.30997	884.51654	479.97379	418.91692	633.98072	502.81744	651.00443	751.09489	700.06723	688.73649	211.12724	357.51403	1229.49457	855.09434	363.31952	405.95436	616.5723	798.10615	853.13728	214.32583	863.67942	400.21044	275.75044	420.61531	546.44162	677.80427	625.64279	756.41072	461.09996	501.87577	961.03197	992.04239	1161.64421	942.30761	296.58594	531.06761	617.21321	548.25305	581.93068	418.52352	625.74014	697.54221	774.51617	700.5929	686.44847	571.4865	309.41471	666.16282	1117.59245	935.4726	1033.0637	918.88733	426.34534	425.44764	822.72169	580.61683	751.99262	621.1775	1301.72388	958.50197	613.63517	816.34833	979.90944	870.12603	922.838	212.33408	387.90814	747.29548	1292.25347	484.82121	656.50445	887.79506	1365.01247	1243.19772	203.89448	409.46055	928.84832	1000.01476	920.32503	884.26861	577.23437	868.862	1242.50429
GH116	6.87024	123.26062	138.08986	48.77915	46.11698	30.7542	14.66116	7.77803	47.49256	65.58091	44.48057	22.80609	16.32923	33.97439	38.95623	24.72125	29.77835	25.66269	31.25908	67.84699	58.10381	54.4211	4.61436	2.94752	63.04443	19.70433	25.78765	18.1494	63.46677	60.7165	39.24946	68.22046	34.06192	25.74329	16.37431	68.66117	97.0827	34.881	29.81613	4.16131	100.77539	71.88917	75.74434	9.30017	61.37565	68.0674	50.29775	37.72384	88.29782	36.64256	37.10866	78.70098	16.3717	31.41241	50.86479	43.73512	37.60382	12.60922	16.12898	0.55273	6.94758	6.82108	6.28574	37.7807	1.68589	77.25248	49.20238	50.74442	3.14621	6.62907	51.75142	55.45338	50.84674	92.541	1.45259	10.08348	51.5239	11.52246	3.34508	19.20209	14.82065	27.42	36.02072	4.45565	8.23749	36.9801	89.21107	23.3246	27.36609	41.98866	35.93035	44.27122	22.92499	1.07279	79.25111	17.26431	117.39761	75.91611	53.71213	3.43619	121.55468	77.82933	31.85365	126.78145	63.38691	21.5004	17.42879	57.68771	68.6865	32.45413	39.18915	42.88931	101.38082	142.18282	57.83344	29.46628	6.66194	57.72777	3.33345	63.47896	5.39616	30.70567	26.14204	10.06084	26.31408	5.27489	20.946	114.0976	56.66205	3.91445	13.58776	10.52978	35.95289	43.55857	184.69415	72.81073	4.52289	202.04376	57.44266	71.4324	4.03657	59.03926	16.07064	16.93761	11.03036	53.64399	68.1866	168.82148	139.94519	32.905	40.73344	42.00784	101.87423	26.62218	38.3877	44.0161	28.39816	16.35196	27.58785	20.10127	11.31439	55.37757	219.75539	89.35876	34.59212	33.53704	41.65403	12.64638	30.07527	13.63928	10.42959	24.68021	11.70614	75.19616	1.58723	0.35873	13.26485	22.7373	142.06799	28.30777	133.59713	153.99961	29.45624	33.96024	3.97275	0.1209	46.70633	9.03173	7.94899	0.18392	0.09665	51.98704	76.93039	20.69888	11.0591	51.58915	52.95844	36.9777	54.52944	57.72892
GH117	23.7111	131.09054	90.66023	34.05285	43.4655	29.53573	18.34066	24.0101	28.35194	96.03103	27.366	6.87965	26.97458	37.95268	24.73084	5.96986	13.81065	16.11898	20.09077	39.74933	80.48594	44.95043	27.99308	14.37134	81.52844	79.33098	3.7407	3.96681	25.78768	62.68936	70.07085	106.05226	18.49475	62.5716	95.96543	36.02224	41.3862	37.70225	23.17096	11.05982	68.2318	24.47061	40.21234	5.01095	13.19454	13.89686	33.5624	15.57735	114.68208	135.44819	37.83493	43.76881	14.80763	21.18078	99.41948	95.69792	64.33572	19.11531	31.41727	17.04691	0.0536	0.93148	0.90456	31.18052	0.42809	110.24953	44.50534	55.13932	54.50036	63.82047	83.9792	39.45382	148.53688	75.59943	56.09328	145.38965	11.832	7.3193	6.4123	17.64458	15.16986	167.04104	99.17839	8.67161	16.55524	54.30304	65.29788	12.31636	9.66422	19.67289	6.63117	4.43972	2.43717	NA	12.99887	4.70463	39.32193	51.37724	149.90827	1.69279	13.09286	41.94504	31.96983	38.43197	49.7577	5.6035	5.63595	2.9324	7.87104	226.46741	31.5401	19.79566	73.66255	85.25627	37.63829	49.58641	17.88583	48.27197	0.94065	24.53291	67.35836	14.37797	17.89107	48.50443	92.61931	3.08777	10.90869	1.08364	1.97844	2.64685	2.45142	41.18358	34.05311	28.05003	219.55281	118.88192	3.66813	76.81363	42.281	46.06729	5.80543	33.98389	16.82687	6.84807	13.66781	86.40342	125.65422	133.00377	111.14674	2.30616	7.49199	30.29759	60.32809	26.21507	98.22984	88.83531	33.05961	112.64988	98.85076	85.59343	45.99099	37.56223	99.83848	19.13304	1.20822	3.93426	24.30031	41.38239	25.09588	141.82033	160.3364	14.09405	11.35228	73.49314	34.14893	12.37528	0.89686	4.39652	104.13569	12.37382	95.5137	34.89808	15.01904	52.5424	2.40945	1.47628	37.23222	43.21025	70.97603	0.07703	0.11556	36.98313	72.79109	0.29253	1.79877	1.71565	0.89927	18.78103	23.75698	0.63653
GH119	NA	NA	NA	NA	NA	NA	NA	NA	NA	NA	NA	NA	NA	NA	NA	NA	NA	NA	NA	NA	NA	NA	NA	NA	NA	NA	NA	NA	NA	NA	NA	NA	NA	NA	NA	NA	NA	NA	NA	NA	NA	NA	NA	NA	NA	NA	NA	NA	NA	NA	NA	NA	NA	NA	NA	0.07851	0.41622	NA	NA	NA	NA	NA	NA	NA	NA	NA	NA	NA	NA	NA	NA	NA	NA	NA	NA	NA	NA	NA	NA	NA	NA	NA	NA	NA	NA	NA	NA	NA	NA	NA	NA	NA	NA	NA	NA	NA	NA	NA	0.18292	NA	NA	NA	NA	NA	NA	NA	NA	NA	NA	NA	NA	NA	NA	NA	NA	NA	NA	NA	NA	NA	NA	NA	NA	NA	NA	NA	NA	NA	NA	NA	NA	NA	NA	NA	NA	NA	NA	NA	0.40504	NA	NA	NA	NA	NA	NA	NA	NA	NA	NA	NA	NA	2.75737	1.83038	NA	NA	NA	NA	NA	NA	NA	NA	NA	NA	NA	NA	NA	NA	NA	NA	NA	NA	NA	NA	NA	NA	NA	NA	NA	NA	NA	NA	NA	NA	NA	NA	NA	NA	NA	NA	NA	NA	0.04922	0.49048	NA	NA	NA	NA	NA	NA	NA
GH12	NA	NA	NA	NA	NA	NA	NA	NA	NA	NA	NA	NA	NA	NA	NA	NA	NA	NA	NA	NA	NA	NA	NA	NA	NA	NA	NA	NA	NA	NA	NA	NA	NA	NA	NA	NA	NA	NA	NA	NA	NA	NA	NA	NA	NA	NA	NA	NA	NA	NA	NA	NA	NA	NA	NA	NA	NA	NA	NA	NA	NA	0.50396	NA	NA	NA	NA	NA	NA	NA	NA	NA	NA	NA	NA	NA	NA	NA	NA	NA	NA	NA	NA	NA	NA	NA	NA	NA	NA	NA	NA	NA	NA	NA	NA	NA	NA	NA	NA	NA	NA	NA	NA	NA	NA	NA	NA	NA	NA	NA	NA	NA	NA	NA	NA	NA	NA	NA	NA	NA	NA	NA	NA	NA	NA	NA	NA	NA	NA	NA	NA	NA	NA	NA	NA	NA	NA	NA	NA	NA	NA	NA	NA	NA	NA	NA	NA	NA	NA	NA	NA	NA	NA	NA	NA	NA	NA	NA	NA	NA	NA	NA	NA	NA	NA	NA	NA	NA	NA	NA	NA	NA	NA	NA	NA	NA	NA	NA	NA	NA	NA	NA	NA	NA	NA	NA	NA	NA	NA	NA	NA	NA	NA	NA	NA	NA	NA	NA	NA	NA	NA
GH120	46.72487	10.62775	39.05905	86.59979	4.8564	5.63233	25.62805	26.14231	59.50999	35.74617	41.64303	72.87579	28.25958	12.75442	43.74102	8.51772	8.34561	26.96187	47.65272	115.02513	67.71945	22.94933	13.23001	15.09767	11.638	22.62903	6.26748	5.09172	27.56768	25.41964	11.11692	27.06014	91.65161	95.159	37.92389	43.6952	30.77654	45.50089	22.98171	25.78768	18.58959	59.48383	29.10331	48.17362	6.10199	4.94866	44.97789	98.51017	74.71251	93.10087	77.10482	33.19879	20.75619	24.65979	22.1593	63.9409	50.83532	11.20279	29.97102	52.31198	112.59817	227.98622	198.62975	23.98157	18.34188	21.77417	15.56126	10.30635	20.2731	35.78401	41.46516	64.96839	13.39174	77.81854	28.28981	25.3317	23.46253	20.32752	4.7306	6.21425	9.12677	6.49795	14.86423	7.8427	15.48992	43.47378	40.44037	30.56583	112.94572	38.15421	11.01175	2.63565	5.44505	36.63255	49.4542	1.76329	226.41033	147.03208	32.16651	8.1998	51.99587	26.26798	62.58793	45.49581	46.97306	23.09076	3.8083	20.66273	29.20296	22.31697	28.04927	15.02247	23.31823	21.16909	36.08436	12.70354	73.50503	56.25375	4.06806	34.18225	66.59861	16.55312	14.90734	13.58861	32.57856	9.2743	27.14155	59.2124	47.70651	37.09735	15.41513	93.47659	26.05533	44.63948	45.37069	148.96675	390.22375	25.52982	105.82224	99.08794	122.28005	54.00055	37.02837	150.68587	118.2075	53.0813	38.70205	11.08756	9.60768	3.20723	5.45993	53.57808	45.26139	14.62297	16.83032	15.685	67.75961	35.73335	57.81567	32.27222	68.31884	25.24664	6.38497	22.82884	96.64558	12.17514	13.15872	18.54952	42.35987	10.26577	7.79198	12.00191	5.62637	21.22299	94.41949	85.25561	2.54298	7.99242	30.12079	68.54992	64.21531	175.37588	93.18894	79.16899	4.23601	0.92524	58.06859	130.95623	104.40436	114.80601	167.21604	27.64231	61.19185	1.70279	0.80997	2.49013	5.17666	56.32493	5.40756	0.81452
GH121	6.73358	1.09512	0.16775	6.66696	0.33117	0.0524	0.28749	0.12408	0.41842	0.71335	5.38821	9.86905	1.53576	0.95533	8.55555	1.14764	0.35676	0.18367	0.01437	3.09847	13.03344	2.56536	1.52978	6.57396	2.84652	1.84599	0.23291	0.73811	2.43722	0.99396	0.02259	2.04729	0.73617	43.39176	16.52184	4.26649	3.50664	0.33396	0.42626	19.55294	0.53389	2.04878	3.78925	1.74502	0.01355	NA	6.87496	21.40676	1.87619	0.08061	9.81761	0.72971	2.45824	1.41877	1.39889	1.5258	1.4781	2.35648	5.98395	0.13001	NA	4.03594	6.62924	0.67197	0.38635	0.59217	0.89633	0.32639	1.03876	1.08947	18.19677	13.42315	0.48038	1.16136	8.39145	2.6258	2.13831	6.85477	1.15536	NA	0.03078	0.78683	3.17465	0.21271	0.7107	7.27467	4.5322	4.75824	56.35924	4.66838	NA	0.03187	0.17784	5.01709	0.15952	0.01286	1.84733	0.05153	2.63115	1.10286	0.32477	7.11284	1.38348	NA	3.67738	4.68762	1.99618	1.0088	0.25624	0.89508	1.87129	0.76195	0.35298	0.64972	5.00753	1.08992	9.18777	17.54238	0.56113	2.73579	22.95076	1.4112	2.30991	1.11566	2.08737	1.29053	1.46678	3.58481	1.04864	27.81954	1.09192	0.81957	9.71573	2.20443	1.52096	0.09504	259.5087	0.404	2.98322	12.04618	18.47069	1.56598	4.67277	1.83833	2.97715	4.59077	1.52738	1.06517	0.59823	0.47727	2.01214	11.75368	2.21056	3.01022	NA	0.12178	16.23269	0.82882	4.12018	3.58465	14.51291	0.0504	1.20747	8.29009	0.17762	0.01839	5.01312	3.18894	7.09464	0.49747	0.28038	1.22405	2.14363	NA	3.99177	NA	0.2138	1.70718	3.85268	5.28776	3.10655	7.05086	26.50472	37.08062	2.34251	0.20199	5.39567	0.29202	NA	5.68635	0.83662	0.33625	1.70262	0.12478	0.23013	0.194	0.03562	8.11324	0.33018	0.03105
GH123	81.39994	138.30534	145.78431	91.44088	54.38884	56.12702	210.61337	216.17004	169.17113	140.01783	116.74338	140.63845	122.65675	89.58687	77.7917	64.24043	86.9922	142.01107	165.5478	226.75378	99.01432	94.6699	167.33819	137.45562	131.91916	160.34216	34.31963	65.46284	91.42987	103.55634	269.42135	166.52939	106.5137	125.24725	83.28702	155.29002	97.58888	160.41997	173.69589	184.93946	150.31373	61.30357	110.72961	34.92283	49.32885	31.34433	82.54813	79.44334	75.55066	101.43041	135.79844	74.48588	141.52364	101.90135	110.4504	88.45206	119.55853	82.83546	121.23812	280.34624	199.08566	163.07534	150.62895	87.35736	4.27861	128.20523	111.00896	148.5892	250.39357	221.9605	76.13283	106.0654	96.57138	132.01563	74.50459	84.36391	141.81917	238.22436	255.27605	137.22966	186.56995	81.19259	96.87705	52.07813	57.01567	151.65689	133.71967	125.70088	80.27854	180.04362	35.04686	24.34216	16.7097	19.71558	200.6857	39.99842	119.68224	131.65895	122.64152	19.78064	46.71796	148.80653	159.64695	247.8509	139.68149	55.67913	48.64971	58.46406	44.14208	189.78011	162.84342	138.00408	71.71798	100.87695	129.73559	151.75775	211.12886	94.00529	16.10781	106.77836	78.8713	165.24263	157.61445	120.61225	158.85213	209.13182	173.33749	268.29628	289.48346	13.87129	36.36265	61.36475	118.19658	210.98699	94.13628	122.15532	81.13762	206.18503	88.28424	64.28725	125.6032	226.67791	113.49286	272.12982	242.59441	107.67509	85.72574	169.2976	177.40897	9.14881	25.06861	63.08793	74.88967	161.18004	134.634	134.47608	70.05407	100.55358	81.53154	93.9026	167.67394	198.34282	108.84367	135.69301	265.23982	42.86175	39.48251	160.36044	170.24576	143.12322	95.24962	173.99253	200.92419	165.71389	161.21761	172.5107	5.42591	37.84519	144.25161	165.78727	156.20344	126.85117	71.52524	95.42766	15.53927	6.26273	79.22677	131.10698	191.17757	410.29375	421.33892	46.93964	88.23832	18.95639	41.5682	42.98126	38.24202	121.48503	29.58811	2.29161
GH125	71.47191	340.42156	478.03724	284.34923	257.00494	268.2981	115.60947	138.46437	145.94878	377.6907	231.09174	213.16432	172.44803	190.09485	230.15723	171.08377	283.67341	179.61638	282.27818	301.38379	203.44764	338.20424	132.21694	126.60534	489.53191	210.92868	283.96799	364.24154	256.25769	375.7141	109.83868	216.36702	125.91053	173.5877	192.06473	241.96946	294.55921	240.70668	232.57826	148.63362	329.65872	221.77537	333.15161	40.85324	265.77374	243.72294	150.41247	137.13246	190.40705	144.26578	107.21617	168.97818	76.1188	95.53311	281.24503	173.09061	150.54491	71.62358	95.9661	500.18207	309.26028	71.11148	68.35504	470.70835	614.18079	190.82134	242.60718	176.6184	161.17339	175.9122	179.35463	218.8852	252.45834	223.77054	58.93452	126.92302	389.58176	129.74689	131.06004	123.75426	122.56517	309.34583	363.12049	386.87861	357.29165	323.6175	441.80175	260.00645	125.43836	168.74514	288.55491	371.16307	380.59031	41.7416	506.54281	288.09353	349.82752	218.70507	271.47395	422.4231	329.66868	143.17123	276.68819	366.16292	204.20939	64.1281	51.73153	265.94407	309.93754	200.59911	299.32284	136.66289	249.69476	270.11984	228.06987	292.48979	148.60418	342.41236	177.34865	181.45274	161.19354	220.16262	230.44304	136.07663	247.0078	60.63433	120.65147	877.14436	677.86418	520.93501	468.59183	219.33377	146.4421	176.3951	719.13895	412.79178	34.94806	387.81509	202.10519	323.03348	186.27365	543.85632	102.10503	60.73428	126.36314	190.37695	174.02454	576.62688	572.63876	394.56037	355.09772	178.59968	336.15909	115.09425	207.43444	241.07744	163.12414	349.74423	165.84845	180.03033	269.79637	363.90828	770.09837	235.84605	500.34036	410.67329	374.90894	411.816	229.40589	157.55942	171.8472	276.93989	74.27145	517.84636	413.88081	565.72951	216.71326	176.83515	923.47911	47.53067	750.80874	355.28403	149.40419	314.33226	332.81423	343.35204	125.19309	93.12288	113.81484	549.5841	702.81634	170.35937	241.67894	334.02607	360.43886	309.4588	298.06921	122.4684	65.98421	32.42135
GH126	0.89803	0.14417	0.82738	0.04818	0.98958	1.65609	NA	NA	3.23629	1.56125	4.24251	0.42153	0.18546	0.1134	NA	0.61787	0.47739	4.31111	6.54049	NA	0.07795	1.80952	1.86435	0.92239	3.24214	4.0556	0.33491	4.2642	5.33811	9.31656	1.50463	3.24057	3.50176	0.94015	0.21347	0.64618	6.74569	5.31528	1.72599	NA	NA	1.59075	0.5347	0.78265	0.22074	NA	1.74502	2.95615	3.64372	3.2667	4.35897	7.2877	NA	0.29792	NA	2.16115	2.7496	0.59982	0.1588	NA	NA	0.46995	0.18404	2.34593	0.20718	NA	0.42345	0.26921	5.39362	5.0374	0.25011	5.30013	0.40466	2.05041	NA	0.08819	3.8474	1.21122	0.68809	NA	0.02696	NA	NA	0.03218	NA	18.56586	6.38227	16.14717	0.11156	0.63248	NA	NA	0.03113	3.67642	3.97775	0.85772	4.75672	3.84508	1.59653	NA	NA	3.25075	5.25349	NA	0.15843	0.37867	0.03438	3.40801	5.88087	2.02223	0.18947	0.27888	4.32782	2.07284	0.28776	0.23326	NA	NA	0.11204	3.30549	1.80326	1.40505	0.71683	1.77623	3.22947	0.22187	1.14202	1.04281	2.62528	0.07181	3.59224	1.69347	1.68964	0.05893	NA	NA	NA	NA	1.45399	9.07554	2.0448	NA	1.64967	NA	NA	3.78157	8.99468	NA	NA	NA	0.15723	0.34182	0.74304	0.64033	NA	NA	0.06508	2.35273	16.36289	1.60386	NA	NA	0.79383	0.83775	NA	1.5928	2.73261	NA	NA	0.03629	NA	0.44746	0.07766	3.19765	NA	NA	NA	0.29433	0.93886	3.43721	0.3629	0.27046	17.65776	0.20226	NA	0.05764	NA	NA	NA	NA	NA	7.42134	10.77423	NA	NA	NA	NA	NA	0.30895	NA
GH127	415.43573	431.94402	402.34417	380.50741	507.68173	453.02873	891.59989	802.07591	404.39518	357.28098	399.17653	336.34124	319.4999	280.29489	228.04845	192.27987	311.56578	419.87481	472.83839	504.01532	243.82455	251.37632	530.35226	489.3479	311.34258	424.57804	438.73	606.24889	230.6744	364.28722	412.62419	313.16776	260.4931	299.08676	202.58018	547.70203	323.61065	336.62151	318.07074	313.05468	366.44188	180.20289	328.74688	330.35357	777.22813	811.08556	332.72765	342.68935	248.2535	332.7745	193.25469	290.30898	367.72162	298.39706	291.7414	275.64039	357.83275	522.93601	447.61006	439.38524	438.69015	560.05442	482.93116	710.49372	908.69605	348.42862	316.24575	393.70467	457.70803	413.94505	261.85405	280.88426	302.63683	425.1885	492.29628	383.02761	200.69729	423.27384	507.60603	304.24882	402.94863	267.94939	365.67359	305.35035	277.1391	452.7201	301.99042	177.41457	293.79249	331.26376	216.32824	258.71932	648.48801	118.66906	469.63288	490.16754	409.33686	513.85139	458.48107	589.89646	457.66228	504.29889	483.89003	347.56831	335.63623	258.74529	250.78742	284.44356	257.25334	658.61675	376.20029	414.42383	229.78541	314.97869	185.29637	179.82564	433.62757	318.217	371.04516	330.87397	336.61027	601.62419	541.56194	566.27099	480.83992	445.41209	467.19974	380.56635	360.31574	747.86153	640.12634	307.66734	346.2339	611.50857	606.08952	600.36589	555.98167	385.31	270.78301	266.31792	457.83879	579.56796	337.18539	494.33095	500.29303	235.63061	188.58692	556.64149	520.1793	346.09153	353.19341	271.46936	287.92915	396.38462	415.90445	387.89672	317.14604	325.62489	317.01692	383.80082	441.72538	648.5166	399.17605	184.09158	341.74928	557.80008	562.55789	648.54402	661.43371	585.04118	406.42735	341.33879	421.65606	459.53665	372.37211	192.46457	640.1629	406.72154	389.36051	580.41426	401.33882	381.51737	345.70174	351.60036	268.54217	322.51063	225.17621	507.64871	728.31416	335.82116	527.86458	191.91933	290.5056	273.6337	332.25402	402.6574	408.27503	327.9858	448.67141	551.84707
GH128	0.1498	0.51902	0.53277	NA	0.0841	NA	NA	0.2374	0.22712	0.6464	0.23002	0.59112	0.28177	0.04058	0.56864	9.41385	9.87017	0.28376	0.89124	NA	0.05453	1.04711	NA	NA	0.47574	0.03949	NA	NA	2.91104	1.46977	0.22329	10.18396	0.51057	0.2607	0.84809	0.56212	1.14126	0.74084	0.40859	NA	1.11982	5.31778	8.11513	0.07728	0.19711	0.04049	0.13155	0.74521	0.65734	1.34609	15.63944	1.23344	0.08516	0.86987	0.22053	0.41182	NA	0.19107	0.69136	NA	NA	0.13009	NA	0.21506	NA	0.03683	0.59003	0.04293	NA	NA	0.20563	0.15048	0.14529	NA	NA	NA	30.61446	NA	NA	NA	NA	0.87105	0.12585	NA	0.17061	NA	0.67907	39.64362	0.8592	0.23829	0.72016	NA	0.85717	0.09419	2.75949	0.9255	0.36241	0.18394	0.16365	NA	0.35536	NA	1.85626	NA	0.07259	0.18632	0.16443	0.10889	0.19628	0.16507	0.06398	0.43614	3.87077	2.55125	0.28404	0.18615	0.4764	0.04204	0.15133	0.64561	0.22691	NA	NA	0.69808	7.21929	0.26024	1.32598	0.64333	0.4741	NA	0.39936	0.83923	0.67846	0.69272	6.70291	6.56205	NA	0.67127	0.39758	0.11349	0.15974	NA	0.07364	NA	NA	0.30234	0.6246	0.07426	0.11124	0.0359	0.52452	2.43697	3.81525	0.188	0.33015	0.7972	0.2257	0.03908	0.12877	0.24	NA	0.42968	0.11083	0.85351	NA	0.65284	1.27445	NA	NA	NA	NA	0.38453	NA	0.91877	NA	0.15707	NA	0.29537	0.26045	0.15202	0.21025	NA	1.28497	0.08252	0.23799	NA	1.90173	0.05679	0.39781	1.36407	NA	1.70573	5.17969	2.39029	4.02113	2.52354	2.0922	0.61077	4.53351	1.36364
GH129	6.00832	0.64233	2.44277	8.05887	1.83755	1.66763	0.95294	1.65273	1.2614	0.84841	3.0333	8.59901	0.85495	4.44903	3.8203	1.87148	0.93681	9.90264	3.2137	2.16055	3.18387	1.25126	2.60179	2.14655	4.71476	4.1691	0.39538	1.51743	1.90068	2.41916	0.73957	1.39953	1.21006	12.85967	3.99474	2.73434	3.43523	5.08758	11.78412	0.88877	1.3446	1.82421	2.28468	1.444	0.64188	1.21498	3.7683	8.70298	2.61449	1.61299	11.40899	3.14921	3.40191	2.25368	1.37569	2.41587	2.54235	0.58127	1.97996	0.9477	3.99123	1.57059	2.85483	1.57109	2.48627	1.28469	3.16426	1.28891	0.79542	0.84429	4.58149	6.5551	1.64648	1.49626	4.9316	3.17849	2.68546	0.25275	0.24604	1.15432	0.6609	0.6717	0.49367	0.16406	0.54257	1.5191	2.123	5.40349	5.2237	1.3261	0.37766	0.29096	1.63583	5.47108	3.08134	0.51031	1.61613	0.89654	1.04112	0.26271	1.29536	0.71855	3.15807	NA	1.39564	2.40366	1.39677	1.4452	1.05697	0.09338	2.36202	4.0751	1.76917	5.04598	4.32874	2.28268	12.21321	7.50563	1.03419	6.62467	3.64128	4.40835	4.77702	0.89264	1.07174	1.80904	2.27735	0.6911	0.82595	1.66467	1.76522	3.87438	1.12864	2.28839	0.52864	1.61925	17.29776	0.34457	9.46755	7.95876	14.24546	NA	3.40766	0.27409	0.73729	5.05231	4.59283	0.52679	0.75571	0.40201	0.37171	2.31163	2.27205	1.30155	4.05578	3.54715	9.35836	4.23635	3.82135	3.76135	33.77913	0.38775	0.05468	2.13349	6.35951	0.96998	1.7982	0.67178	3.2053	0.06271	0.09602	0.15323	NA	0.01365	0.63711	4.14861	0.40713	1.30835	0.58471	0.95549	0.51856	0.70618	2.50501	4.57745	1.05647	0.04669	9.57778	11.16257	5.61728	1.98481	1.96273	2.93009	1.89456	0.03186	0.64958	0.16603	0.88529	3.84206	0.85001	0.27584
GH13	7652.41837	5678.53809	5378.71578	7934.40056	7693.4261	6998.58883	5880.90083	4664.83909	5293.78156	5602.25685	6484.49609	5266.89639	7212.63262	6342.47641	7498.7496	7349.99818	7857.94073	7435.4468	5980.82834	4851.72839	5926.89768	7575.25108	5601.15755	5952.68755	5085.05702	5279.1458	9014.31078	8809.95271	5943.49217	5961.20591	5114.22969	5467.18103	6050.15089	7092.92982	5909.20735	6334.94185	7635.82839	5727.7467	6103.33752	8721.31489	5597.61521	6442.61608	5959.16095	10823.10059	7594.01578	7705.61507	7205.28973	8179.98557	6075.7928	6257.52148	5536.19335	6433.2747	5915.66971	5696.23272	4062.65343	6851.99727	5380.72512	8123.01631	7441.78033	3568.2722	5392.74242	5433.52282	6592.12338	7318.80715	8127.06882	4813.7888	5845.0504	5696.90434	5831.07094	5191.82555	6510.5044	6330.99126	5098.06204	4595.94534	9704.05755	4802.66773	7229.09556	5022.64403	4974.20393	6997.1143	6843.73627	5762.39545	4710.61789	9949.0458	10120.2394	5018.13659	5451.51074	8443.98847	10548.46574	5713.07079	7919.36929	8189.18842	8593.14493	8434.12547	5300.6569	8285.00913	5641.23761	5224.48397	5565.24677	10167.33163	7524.05216	6373.70336	5714.89713	4567.18309	5563.41343	8216.56355	8195.63897	9538.22843	9335.36345	4561.27036	4687.96767	5394.99725	7405.20443	7684.35509	7255.24683	6427.72697	6665.98364	9382.6243	8309.63582	6255.14669	7409.1901	6272.81454	7535.73479	7927.79631	5472.05053	5706.29159	5845.65646	5295.93233	5558.09881	7495.92024	6770.04574	6177.57967	8290.74173	5903.93409	5180.00694	5604.64103	15970.68181	4982.26684	6311.81179	7938.92803	8361.84684	5643.8113	7771.61106	7042.60904	5688.21052	5756.34554	5268.7362	5057.57827	4900.77803	11478.09883	10196.63725	8851.62492	6576.70849	5439.19568	5613.83176	5804.35355	9610.20659	4682.95442	5819.90906	6697.75088	6913.95135	5096.16178	5719.098	4870.92264	4478.8033	7992.67735	8478.71255	3684.41308	5530.30905	5189.49441	6400.63713	5696.7651	9045.91617	3910.38038	3891.77614	3936.13063	7866.87541	5993.31971	5698.86072	5238.79795	5615.27313	5331.27296	10268.47333	8210.57656	6984.87782	8534.75062	7243.71449	6953.04547	6734.88742	4731.75659	4664.80741	7926.51235	5702.85888	8695.04804	9284.88585	8534.64687	9013.10219	7188.68709	9139.29164	10476.75495
GH130	475.02992	482.29521	593.81856	491.45167	269.39759	322.46781	655.6075	627.71853	535.6099	482.91779	444.543	405.19946	443.44103	390.52446	364.07181	261.23213	380.68456	484.64308	654.86371	688.50838	377.79036	439.94762	514.49653	517.39282	506.96478	496.86585	418.40204	554.14061	370.4863	415.76091	580.96259	455.34779	316.28422	395.69894	279.82873	611.86256	540.64311	418.31796	395.20092	322.22973	449.76672	326.37031	461.53367	391.86986	542.89871	496.56676	621.61295	478.41983	474.33208	428.29778	265.18507	421.48419	481.44966	484.22856	469.43728	444.74688	448.89941	428.45959	437.92908	871.8536	344.01267	426.54499	399.72342	664.7968	708.09508	710.67682	431.67273	437.68875	607.70727	540.26021	452.32695	505.17901	649.5163	632.60529	567.1362	585.34916	410.11739	446.23788	502.17649	397.92183	429.92104	320.63364	500.25951	331.10776	344.63825	547.80216	394.13879	387.69053	241.18962	358.3053	251.6824	323.12656	538.39302	146.97487	678.42841	317.46233	533.70118	639.60528	528.27861	362.25048	302.98611	609.75524	586.25176	736.28971	590.56004	359.32894	314.40866	377.74316	348.77697	631.30248	833.20858	667.2023	312.91967	371.67577	362.92846	422.47446	495.058	458.09525	314.83618	392.23105	381.3946	593.59957	552.27796	556.66022	501.9322	346.702	391.15902	616.03176	630.58408	609.15574	579.43697	360.92961	397.47221	652.56807	514.56167	531.50149	84.37848	437.07481	349.32513	381.39831	537.48543	675.18058	334.41128	392.77057	526.8928	510.98223	417.5059	836.26494	887.82614	343.64804	355.87979	278.08435	448.65452	317.96215	452.78477	549.50978	338.28267	480.41685	418.89363	366.43305	478.80022	721.47113	529.74353	311.88467	754.94024	460.93976	493.31781	861.68229	650.29629	571.92989	416.17278	537.88501	412.76307	603.54826	743.50978	1093.204	296.9408	279.67349	482.62623	590.57569	500.24148	509.14306	263.86341	408.3981	239.80126	292.96622	340.34529	419.18314	567.57312	745.99459	714.33834	385.13488	498.39717	272.89274	256.24566	288.27926	298.2298	388.52998	342.35917	280.22371
GH132	NA	NA	NA	NA	NA	NA	NA	NA	NA	NA	NA	NA	NA	NA	NA	NA	NA	NA	NA	NA	NA	NA	NA	NA	NA	NA	NA	NA	NA	NA	NA	NA	NA	NA	NA	NA	NA	NA	NA	NA	NA	NA	NA	NA	NA	NA	NA	NA	NA	NA	NA	NA	NA	NA	NA	NA	NA	NA	NA	NA	NA	NA	NA	NA	NA	NA	NA	NA	NA	NA	NA	NA	NA	NA	NA	NA	NA	NA	NA	NA	NA	NA	NA	NA	NA	NA	NA	NA	NA	NA	NA	NA	NA	NA	NA	NA	NA	NA	NA	NA	NA	NA	NA	NA	NA	0.58752	NA	NA	NA	NA	NA	NA	NA	NA	NA	NA	NA	NA	NA	NA	NA	NA	NA	NA	NA	NA	NA	NA	NA	NA	NA	0.07542	NA	NA	NA	NA	NA	NA	NA	NA	NA	NA	NA	NA	NA	NA	NA	NA	NA	NA	NA	NA	NA	NA	NA	NA	NA	NA	NA	NA	NA	NA	NA	NA	NA	NA	NA	NA	NA	NA	NA	NA	NA	NA	NA	NA	NA	NA	NA	NA	NA	NA	NA	NA	NA	NA	NA	NA	NA	NA	NA	NA	NA	NA	NA	NA	NA	NA	NA	NA
GH133	198.2882	173.03705	157.10304	134.05317	194.38497	197.13701	169.96457	185.34807	162.32863	181.51104	144.4227	162.59497	140.6629	90.65304	89.37788	123.92773	189.35058	130.54691	138.41673	153.59253	134.50815	93.54908	206.11161	184.66393	187.82792	175.6769	173.28326	212.52526	131.01847	163.46611	141.14468	163.66031	163.06631	125.90132	149.78745	144.75707	93.20854	165.25413	155.69759	174.6544	204.43291	120.90419	163.2663	210.76829	244.43344	272.74858	113.10611	93.52958	138.10174	151.53845	120.08809	164.06367	130.90254	153.54958	156.72614	157.85958	157.51782	201.67892	193.15803	125.67096	146.24272	156.25788	143.59977	222.63354	243.50929	158.8517	116.79712	169.74746	187.86276	182.41368	158.90176	147.58911	161.18429	152.00478	86.43375	141.01553	186.05126	135.81642	164.21766	82.03153	90.65562	184.46855	161.18556	260.01926	263.55213	144.51997	118.46313	177.25876	138.66466	131.04523	195.39611	239.59562	233.45252	119.7235	154.70245	239.03309	182.80533	181.11279	128.917	264.98763	176.49761	140.32517	152.2616	176.51315	168.36075	189.83685	213.55865	211.85219	214.08979	184.52078	180.51893	170.6593	157.0687	196.47164	184.22828	223.50802	150.67899	138.60397	206.28912	133.65884	173.76113	134.78972	114.53764	113.88285	170.24836	139.75627	178.58449	160.06003	166.53816	189.2988	225.26608	145.68055	110.97117	167.70854	171.58215	183.39615	33.48973	207.0382	184.1005	137.94082	186.7035	170.49522	123.78589	134.79835	149.1513	145.39205	169.19353	173.20321	172.12905	245.60105	262.01461	149.33156	150.29366	186.39758	151.37748	138.73645	114.94157	190.79356	151.83966	165.17287	114.44496	169.04223	173.598	103.89303	142.24919	201.90891	196.04849	153.14755	139.51427	180.32783	168.06252	139.78746	107.94327	144.69559	149.39605	141.04398	222.97979	189.00829	202.78292	133.56847	201.13212	172.00836	158.99585	137.73376	165.41752	203.82715	113.42189	116.81823	171.62761	130.7609	161.87065	99.49436	157.9766	225.09192	252.94305	228.04153	228.27999	155.41213	231.10045	231.78289
GH135	NA	NA	NA	NA	NA	NA	NA	NA	NA	NA	NA	NA	NA	NA	NA	NA	NA	NA	NA	NA	NA	NA	NA	NA	NA	NA	NA	NA	NA	NA	NA	NA	NA	NA	NA	NA	NA	NA	NA	NA	NA	NA	NA	NA	NA	NA	NA	NA	0.05338	NA	NA	NA	NA	NA	NA	NA	NA	NA	NA	NA	0.0338	NA	NA	NA	NA	NA	NA	NA	NA	NA	NA	NA	NA	NA	NA	NA	NA	NA	NA	NA	NA	NA	NA	NA	NA	NA	NA	NA	NA	NA	NA	NA	NA	0.15879	0.14709	NA	NA	NA	NA	NA	NA	NA	NA	NA	NA	NA	NA	0.21386	NA	NA	NA	NA	NA	NA	NA	NA	NA	NA	NA	NA	NA	NA	NA	NA	NA	NA	NA	NA	NA	NA	NA	NA	NA	NA	NA	NA	NA	NA	NA	NA	NA	NA	NA	NA	NA	NA	NA	NA	NA	NA	NA	NA	NA	NA	NA	NA	NA	NA	NA	NA	NA	NA	NA	NA	NA	NA	NA	NA	NA	NA	NA	NA	NA	NA	NA	NA	NA	NA	NA	NA	NA	NA	NA	NA	NA	NA	NA	NA	NA	NA	NA	NA	NA	NA	NA	NA	NA	NA	NA	NA
GH136	54.46358	109.92254	65.63323	70.41836	39.1394	27.94806	123.26214	143.41308	62.95486	53.48216	76.43538	82.21603	54.24579	5.07076	8.31145	19.57825	25.23843	46.85644	78.0892	67.29413	48.84187	35.47001	123.25423	114.93592	33.50774	68.1903	1.6987	3.78662	55.74122	69.44627	100.47422	66.88863	53.65042	82.25336	44.75326	82.82231	62.99251	72.12179	87.72923	77.49216	85.9124	32.43534	38.4091	33.66675	18.37528	20.4996	61.37846	93.0407	64.02436	71.50364	30.01585	21.01901	88.15206	91.03008	46.94231	39.1192	50.5916	25.67344	59.78904	48.51448	15.21612	150.81202	136.18841	8.96364	1.5872	60.06425	5.71176	81.36152	102.11278	84.77466	23.98322	23.43247	46.4137	63.29563	78.70375	46.75395	25.47047	88.04977	119.92751	62.86913	79.40186	36.09299	53.48757	15.22448	13.99015	57.51515	42.17074	28.40448	67.62187	81.2161	11.35758	4.72504	11.92854	23.84569	59.35072	7.81098	62.25825	70.49957	36.99689	8.42123	24.63925	101.28959	71.28701	42.76648	42.01538	36.30148	22.63121	28.44979	17.19593	77.46464	49.32252	69.29972	37.63892	67.37612	27.61638	23.13234	120.21006	59.76864	11.28362	25.15572	48.69433	82.1772	56.77531	64.71697	84.95591	126.51195	125.87558	18.70957	10.05488	13.85492	24.21536	25.86528	63.98353	119.14953	57.95876	56.79448	30.22137	86.54518	58.5336	30.25503	51.7015	48.53939	92.38028	92.12274	83.83882	30.72987	35.60703	97.07705	78.76379	5.09206	7.65858	11.51436	26.35006	116.60733	108.0888	73.05592	63.50411	65.35509	41.51177	57.56025	48.31123	20.28678	68.4501	15.54822	7.52607	11.48889	14.82755	69.97014	119.22273	72.83232	58.04293	132.43154	119.743	39.67038	37.61743	11.08581	5.1705	12.19953	38.07357	107.52428	55.70977	141.20893	10.37547	47.01576	5.87606	5.32906	35.45082	75.46268	111.42417	12.6307	2.51293	29.39856	41.40783	2.79983	6.39784	2.28622	4.76546	98.70971	14.29545	1.72781
GH137	68.80927	56.09365	78.90439	54.48864	14.50949	16.37651	204.95247	196.84207	53.18994	37.6991	33.74695	33.70118	33.5085	72.28518	58.98745	69.15898	117.4486	90.1506	109.8685	111.46593	50.10597	25.68359	52.58075	11.28339	54.51617	66.62578	22.91985	57.08838	28.48336	68.41901	57.72109	39.9945	22.80388	10.91183	12.60199	126.96731	62.48967	28.02869	26.74339	18.57697	38.31308	24.74323	72.84913	6.50166	50.36366	70.44896	67.91326	44.61503	23.69641	30.92488	38.80158	95.43614	8.658	13.22221	97.29491	51.00224	93.76229	138.7406	109.6839	63.12907	2.32564	37.41408	31.75177	222.18037	358.0094	96.33339	73.22322	41.48542	18.94311	19.59235	39.85691	48.70221	81.66602	112.1095	73.76689	95.28694	36.25806	37.58149	25.27251	44.71474	72.77153	60.9132	80.27726	7.70903	8.11014	97.77815	46.45239	32.74572	11.57573	26.28489	51.12443	82.20865	254.65389	2.48109	94.48564	65.91081	125.45307	159.67303	104.74833	4.13289	7.25808	116.05257	101.03088	81.80374	118.04245	14.71221	13.55323	186.51474	179.86012	157.8745	94.43737	75.37362	44.95116	52.56827	18.06423	25.4978	23.69964	27.78394	3.36549	33.93119	36.84896	142.74647	104.75148	140.30709	102.50426	42.75594	37.01036	23.85457	49.09182	257.65001	218.71791	21.50573	78.35877	165.13625	99.62804	129.72128	12.29442	36.16755	10.25173	16.80793	77.47566	88.87627	15.20759	44.5102	67.39045	44.30615	45.38988	128.92341	140.95451	139.02611	172.75649	36.88782	48.31023	18.5488	71.83955	81.79543	49.40894	67.59509	63.27231	77.80253	152.00044	166.14184	72.23399	29.17289	36.65413	28.01502	66.20494	194.18286	154.8176	124.56582	67.47463	42.38585	29.89668	113.12492	66.84233	105.90602	86.51924	50.75646	38.60432	158.81346	29.35474	8.77254	6.78451	9.22754	91.9864	139.76475	37.25767	104.79014	141.05668	55.22304	45.10461	13.22405	34.39313	47.00563	57.90694	31.03266	48.38902	19.88165	252.94979	355.80176
GH138	124.49608	91.29422	127.81256	96.2868	23.80098	23.06325	312.63671	295.2498	108.47454	82.28813	58.62745	80.77864	66.15423	111.31538	81.08142	133.48374	224.00531	146.48972	202.42346	200.03341	92.68575	47.43767	87.77426	22.21717	78.97718	125.08172	33.40081	99.18836	49.34883	103.19507	95.22423	64.65536	42.64535	20.15686	20.94802	198.84195	99.09253	50.90118	45.23917	28.60677	62.32495	49.61385	117.6153	17.85174	92.55856	106.73922	111.26869	80.70854	38.44591	54.78141	71.79212	131.0539	15.93418	20.56405	113.37664	97.03871	152.53797	181.76529	130.87482	94.21426	1.77467	60.4118	60.69768	309.07275	463.35221	144.68794	122.08961	42.10537	39.86292	37.56651	61.53086	91.33822	127.02786	220.71241	175.14451	179.31764	63.69619	63.3634	53.29832	94.93025	134.35357	105.3608	148.77162	17.65655	21.39904	149.99784	72.66208	49.73313	24.81526	46.5957	70.73532	108.27267	320.20104	1.64864	183.58226	93.50827	248.62854	304.923	176.79269	34.35841	27.2682	211.29682	168.60374	161.573	160.14819	16.80097	11.48302	347.44305	354.79323	252.0414	155.11116	125.42656	60.8368	75.80022	29.4558	41.18832	41.81341	48.91305	18.20223	64.32503	62.18828	251.97911	184.94943	231.33471	182.95078	69.00039	59.33199	59.23737	106.60816	416.31881	289.87802	43.56367	145.05255	296.02648	146.24842	252.71985	23.46921	51.54673	21.46538	30.89682	138.12183	152.38217	27.09827	68.354	118.61973	74.23091	50.70749	220.65334	247.04953	213.37799	249.44709	76.76874	89.49797	29.71919	123.56742	148.57752	91.79235	120.1973	90.16094	117.09466	162.90183	253.27467	121.65587	50.88785	102.30749	47.12332	101.97773	310.30006	232.52218	216.92639	110.23747	85.55245	47.05449	189.95882	120.08367	241.7121	155.55799	98.34837	61.47783	301.46754	55.99252	14.80097	11.43049	21.69899	171.68951	266.75947	58.98522	180.76505	229.82236	120.11015	82.17299	20.01836	55.46521	72.48998	91.70673	46.02617	51.43457	36.86888	341.39752	496.47051
GH139	53.27978	63.6699	87.10288	62.35231	22.84566	21.0797	189.73826	199.30038	79.47023	49.94657	65.47864	42.77571	45.00187	71.07272	55.39591	11.82559	18.03744	84.187	129.3178	116.31999	60.9112	39.74298	65.20351	16.50433	53.70498	74.6905	38.77341	63.23173	28.97839	63.29224	71.03695	48.20759	34.51427	39.06375	51.90323	136.79609	67.14677	31.54114	24.76317	12.71427	48.67845	24.26497	75.00558	8.13439	23.93925	6.62184	62.08523	54.33487	25.26601	34.27601	38.13241	50.3895	24.09559	29.51857	93.46434	58.53175	86.83888	22.21347	33.19674	52.83364	0.04893	36.52644	26.66906	55.46693	2.84211	139.53278	82.09387	96.78388	22.69689	21.95769	74.13713	78.99718	83.91194	119.9416	60.99643	63.01983	27.52804	35.70656	30.27746	37.15519	49.5398	52.43716	72.53815	8.49891	7.48245	93.89202	54.58965	22.92932	19.43139	32.12272	4.78696	3.34663	7.73828	NA	103.62714	9.74199	138.06002	176.51269	87.9499	5.3789	8.43074	129.81448	111.25423	140.43127	146.59951	17.96076	15.31392	31.72611	23.11321	162.57056	116.45089	100.30579	46.94384	80.31564	29.2026	34.9565	35.06635	36.56671	2.13488	38.37116	35.87891	141.87595	105.66673	105.3239	123.96679	24.93836	34.74917	41.14046	69.73041	8.18976	19.90686	27.15331	71.62297	169.513	104.09341	134.04786	9.40947	73.68369	11.99403	19.51156	67.19633	100.10192	19.91303	61.26046	95.95091	58.78953	54.12307	158.19979	153.07287	6.59296	20.9325	33.27884	57.6132	25.85621	81.66532	82.59263	46.14214	70.51767	58.84342	77.59501	98.39281	156.30402	90.59719	40.72355	100.67023	41.81384	29.81017	159.48342	146.90157	112.99595	65.07013	76.75883	50.18532	116.90428	62.14896	235.82794	1.15374	16.6816	42.65306	152.24544	46.71636	37.94186	30.26197	34.76297	1.88123	1.03977	42.70517	93.93269	145.40652	64.93637	47.50892	22.48584	50.46918	0.55069	2.76583	1.3504	1.82394	72.57273	15.87624	1.00963
GH13_10	NA	0.05804	NA	NA	2.88836	NA	0.12659	NA	0.25884	NA	1.02362	0.03606	NA	NA	0.03628	0.03786	NA	1.36532	0.23155	NA	NA	NA	NA	NA	0.13878	NA	3.5229	NA	NA	NA	0.0631	NA	NA	NA	NA	NA	NA	0.06011	NA	1.23943	NA	4.14432	NA	NA	NA	NA	NA	0.29763	NA	NA	NA	NA	NA	NA	NA	NA	NA	NA	NA	NA	0.21189	NA	NA	NA	NA	0.09644	NA	NA	NA	NA	NA	NA	0.20587	NA	0.72065	NA	0.30727	0.03386	NA	NA	NA	NA	0.06225	NA	NA	NA	NA	NA	0.04987	0.05851	NA	0.29888	NA	NA	0.0795	NA	NA	NA	13.37505	0.32541	NA	NA	NA	0.08674	NA	NA	0.26554	0.50267	NA	NA	NA	NA	NA	NA	NA	NA	0.03441	NA	NA	NA	NA	0.03142	NA	NA	NA	0.11349	0.06966	NA	NA	NA	NA	NA	NA	NA	NA	NA	NA	NA	NA	NA	NA	NA	0.04458	NA	0.06862	NA	NA	0.05457	NA	NA	NA	NA	0.17614	0.03363	0.14871	1.10228	NA	NA	NA	NA	NA	NA	NA	NA	0.65663	NA	0.05656	NA	0.42908	NA	NA	NA	NA	NA	NA	NA	1.04717	0.05312	NA	NA	NA	NA	NA	NA	NA	NA	NA	NA	NA	NA	NA	NA	NA	NA	NA	0.05705	0.22703	NA	NA	NA
GH13_11	53.37238	8.35878	20.34256	90.0462	28.34853	10.93806	85.57349	10.88644	39.21939	17.9982	31.40602	24.12945	52.764	108.51756	169.58016	23.3312	19.26396	68.65148	32.01802	30.89893	33.66781	22.72052	53.40342	65.94534	19.23978	21.29951	68.68083	9.36785	21.54758	15.16198	22.13245	24.74634	11.89597	65.82284	26.72006	27.82224	21.48009	46.43872	40.26152	73.65647	15.53912	43.00797	29.09038	14.45013	13.46139	5.93701	45.86561	68.2047	16.22771	35.63939	40.91541	18.55142	39.78962	48.15467	18.14311	70.2341	29.22715	20.29606	26.70171	32.23955	101.69688	31.5685	59.37455	30.11975	45.28065	19.20423	87.29647	16.62857	23.4987	19.71003	44.51874	40.28841	10.99554	11.87952	241.93001	35.0934	23.51246	20.42699	14.82166	124.29969	103.21941	13.08429	8.63105	4.27509	8.33523	21.54762	52.37368	15.5442	143.40161	26.56212	51.4502	15.33221	13.49809	175.69526	23.53989	14.34528	13.71918	8.21549	76.36653	14.29271	9.85895	19.94171	28.09884	14.98848	30.4169	29.58819	17.44393	26.03132	5.68543	18.75411	10.17999	33.47526	37.57307	51.43427	38.04024	9.45916	42.07226	95.53488	16.20469	21.8823	90.89496	79.9468	146.42851	144.43263	43.43371	32.02016	50.72099	20.61995	24.22479	33.49637	7.70039	60.49191	136.92087	33.65867	14.27795	29.65525	374.27981	12.48976	22.49089	53.54217	138.16863	40.97998	44.84532	96.80937	41.87861	27.97929	19.79333	12.61733	10.30699	12.95789	15.2324	24.36181	23.13826	10.22308	16.68415	34.03955	73.59953	13.284	35.28147	40.66911	52.30964	15.85014	5.57006	26.33289	35.86394	9.63348	34.48167	17.27223	38.53742	45.73219	96.87978	17.03562	259.11145	13.18829	19.2919	41.23194	13.44494	7.97969	15.49445	25.94384	16.01626	15.61327	49.54794	127.95283	9.46731	22.0087	61.46624	120.73342	68.52962	31.71303	41.77458	42.8015	36.24329	5.10585	4.7398	6.7686	5.71664	49.60763	8.67276	9.86588
GH13_12	0.82184	0.30916	NA	0.06664	1.08147	NA	0.07071	0.20282	NA	NA	0.33899	0.54883	0.07495	NA	NA	NA	0.06632	0.47671	0.49271	0.57143	0.90834	0.0512	0.05091	0.48403	NA	0.05241	0.3391	0.05888	0.05345	NA	0.41075	0.17018	NA	0.26162	0.12487	0.28756	0.24486	0.93713	0.03051	0.08487	NA	NA	NA	0.01984	NA	NA	NA	0.34634	0.12882	0.09748	0.12052	0.09785	0.10285	0.47749	0.06783	0.18913	0.19379	0.05185	0.1058	0.08764	1.59312	0.14566	NA	NA	0.8052	0.02095	NA	0.05585	0.05167	NA	0.03531	0.24085	0.02954	NA	0.42426	0.02966	0.01532	NA	0.04555	NA	NA	0.08595	0.02897	NA	0.0368	0.11163	NA	NA	0.2097	0.06418	NA	NA	0.04174	0.04835	0.38468	2.43332	NA	0.06476	0.24213	NA	0.08564	0.10847	0.20849	0.13073	0.07422	0.11674	0.40857	6.08718	0.08606	0.20499	NA	0.38749	NA	0.03407	0.5237	NA	0.03282	0.33666	NA	0.28914	2.64916	0.17549	0.18446	0.05739	0.04696	0.2801	0.24409	0.03908	0.03464	NA	NA	0.54512	NA	0.08857	NA	NA	0.6559	NA	NA	0.0316	0.29932	0.13103	0.4911	NA	0.06388	0.05505	NA	0.04092	0.13357	0.08653	0.13609	NA	0.07988	0.14966	0.12598	NA	2.03343	0.09941	NA	0.0566	0.31764	0.02663	NA	0.04021	0.02328	NA	0.1053	NA	0.30893	NA	0.14139	NA	5.75806	0.04842	0.03219	0.01554	0.19464	0.02248	0.02513	0.04427	0.051	NA	NA	0.02134	NA	0.18901	0.06321	0.04008	0.13571	0.12445	0.1918	0.16039	0.20433	NA	NA	0.35153	0.48293	0.17706	0.11232	0.05335
GH13_13	0.23754	NA	NA	0.07228	0.19018	0.04098	0.45281	NA	0.19087	NA	3.40115	0.13435	NA	5.58849	0.02735	0.1693	0.25559	8.39903	NA	0.41659	0.52617	NA	NA	0.02029	0.12927	0.0443	11.87518	1.05853	0.02635	NA	0.07447	NA	NA	NA	0.05635	NA	NA	0.06844	0.1954	1.28153	NA	NA	NA	NA	0.08806	NA	NA	0.58649	0.11601	0.05833	NA	NA	NA	NA	NA	NA	0.10388	NA	0.04764	7.4136	2.40751	NA	0.02429	NA	0.08058	NA	4.36033	0.09205	0.1489	0.60461	2.00683	0.67967	0.16554	NA	4.50095	0.04749	0.83414	NA	NA	98.43684	84.31924	0.1376	0.53474	NA	0.06798	2.14874	NA	NA	1.74781	0.23979	NA	0.37561	0.01856	0.31631	0.26637	NA	NA	0.07589	10.27056	2.84402	NA	0.06146	0.05084	1.98216	NA	NA	0.85748	0.42659	NA	0.71373	0.78473	0.05976	NA	NA	0.10454	NA	0.33338	NA	0.04436	NA	0.16113	0.04683	NA	NA	0.1595	0.14263	0.36337	0.01564	NA	NA	NA	1.60016	NA	NA	NA	NA	0.0411	0.09446	0.03618	0.06641	0.02382	0.09852	0.04266	NA	0.15627	NA	NA	0.65062	NA	0.04064	0.07773	NA	0.70003	0.19309	0.77437	14.8835	0.41486	0.02192	NA	0.07175	0.12668	NA	NA	0.56322	1.44561	0.02016	0.04214	0.05338	0.32147	NA	NA	NA	0.12299	0.16123	NA	0.35964	0.12124	NA	0.52308	NA	1.85987	0.07932	NA	NA	0.06396	0.06484	NA	0.16219	NA	0.62262	0.04053	0.04177	NA	0.02382	NA	0.70146	NA	0.19362	0.02366	0.02255
GH13_14	247.23875	172.69346	117.78546	148.00863	206.25429	220.52515	115.99449	115.80609	127.33462	141.63048	183.44706	136.26502	185.45379	111.24025	86.53103	105.01281	148.05702	143.07342	128.51082	123.83546	133.03485	223.63814	176.98727	195.19864	145.35902	137.1141	161.60477	194.43111	128.64838	175.64827	191.07162	155.26677	126.26035	180.01041	160.42883	174.4408	166.13193	138.35165	203.85612	200.47707	153.60339	124.248	133.57233	185.08578	187.64118	191.92691	173.09522	166.5117	155.56886	171.73348	105.04602	154.72133	188.54482	140.46785	122.07291	159.35489	125.58205	205.32949	183.02101	130.96201	93.65267	178.28205	196.13006	177.99974	209.08956	154.79097	116.33952	204.46858	206.78462	177.81116	188.58524	171.01335	178.13283	153.04852	101.18392	167.13856	153.4473	212.05661	219.32785	134.49698	135.98312	152.08413	148.76044	163.17289	153.99795	103.6863	96.80202	194.05616	273.22061	174.76171	130.49733	176.06316	206.53936	112.00931	151.69333	234.72289	167.58431	172.46387	104.09739	246.04562	160.33736	152.71348	154.30886	179.86851	204.43662	195.68177	217.15628	180.00854	182.64012	125.58843	185.58249	173.09047	188.72191	200.62069	137.1789	161.11501	204.59072	259.64693	242.33572	139.86517	189.57326	126.06659	120.84001	109.5727	133.05865	196.51406	163.88285	178.67347	181.09447	185.3776	154.93713	158.95312	199.25226	150.20891	148.4134	178.73453	267.83404	171.00249	179.16686	235.47132	154.49883	176.51516	229.59011	171.74415	186.59389	138.42333	139.13236	133.83319	137.46667	230.74056	213.36232	215.77262	151.07358	202.77611	153.458	151.65545	229.74437	154.37599	139.01621	159.08009	176.94723	140.32728	165.92097	115.43269	141.8581	178.19827	191.19154	127.31122	104.42673	142.88397	114.35596	194.22036	87.40769	123.28438	137.64701	115.0132	260.98295	176.94561	181.77859	138.81358	186.50924	160.23729	227.64945	160.47412	169.21044	220.39907	170.17739	98.95284	112.26575	121.59099	122.45467	208.30736	162.63082	199.10012	177.76864	233.88367	226.52731	195.99049	182.1365	187.46968
GH13_16	0.30718	0.026	NA	NA	3.10272	NA	0.34324	NA	0.07461	NA	2.51962	0.25789	NA	2.18372	0.18213	0.13531	0.17516	5.58316	0.35564	0.02622	NA	NA	NA	NA	NA	NA	8.9825	0.23828	NA	NA	0.06342	NA	NA	NA	NA	NA	0.58437	0.01342	0.37359	1.19857	0.01333	2.6935	NA	NA	0.03959	NA	NA	0.69999	0.07823	NA	0.02983	NA	NA	NA	NA	0.02662	0.02491	NA	NA	3.90192	0.94265	NA	NA	NA	NA	0.02353	2.28812	0.66242	0.09917	0.31709	0.84996	0.19222	0.7296	NA	2.95109	NA	0.36455	0.09102	NA	41.89728	37.82134	NA	0.30818	NA	0.02716	0.84132	NA	0.02443	1.43135	0.243	NA	0.47606	0.09723	0.28566	0.3253	0.02614	NA	0.02527	19.12657	2.21361	NA	0.04912	NA	1.65503	NA	NA	0.35842	0.71578	NA	0.22298	0.57634	NA	NA	NA	0.12533	NA	0.30037	NA	0.05037	NA	0.31957	0.08447	NA	NA	0.09121	0.05716	0.18688	0.07501	NA	NA	NA	1.00706	NA	NA	NA	NA	0.09799	NA	NA	0.03992	NA	0.02953	0.07687	NA	NA	NA	0.01598	0.59921	NA	NA	NA	NA	0.14432	0.16105	0.40542	7.82538	0.10483	NA	NA	NA	0.05456	NA	NA	0.18488	1.31732	NA	0.05067	NA	0.52044	NA	NA	0.01863	NA	0.29007	NA	0.05988	1.48662	NA	0.1829	NA	0.58523	0.02377	NA	NA	0.4257	0.04103	NA	NA	NA	0.44786	NA	NA	NA	NA	NA	0.55865	0.68651	NA	0.05673	NA
GH13_18	54.59158	15.41353	38.34231	106.88249	16.96707	6.22031	26.71579	4.41143	13.85975	35.00893	28.25985	25.13598	41.22251	52.3014	123.91169	19.64448	16.83031	36.85054	42.69689	14.23715	33.49532	15.24487	11.46046	22.03619	19.88695	8.70295	12.76586	0.97964	35.14266	16.25667	15.59743	23.88752	13.08878	38.57083	18.1139	44.44054	53.20803	35.82816	9.09976	43.97188	16.63295	53.38086	33.08895	15.04479	4.78905	3.96928	24.27152	46.39937	31.03253	22.48022	36.66236	22.39383	28.66215	18.88469	13.06767	49.24666	21.6138	16.16266	35.41892	6.12447	55.67253	18.35611	25.19067	17.19234	13.22501	13.75792	53.88219	12.76707	15.89363	12.15924	35.6046	31.39643	5.00603	15.41838	13.17504	13.3088	18.53069	8.51179	4.80583	4.46227	2.88714	27.21135	10.88079	6.46471	10.6489	11.31312	35.10826	22.78471	73.56714	20.27912	37.36509	10.94997	17.27071	109.83706	17.8363	5.63692	14.21018	9.46437	26.07945	6.52156	18.80338	36.80289	19.92497	1.13239	8.68482	16.14429	9.12495	36.07564	4.89569	7.4859	7.28852	17.14137	29.44041	41.59272	15.18778	7.08655	21.23875	67.68208	4.07065	25.02717	44.58097	12.9662	9.81284	17.36491	5.94722	3.54763	19.01101	11.25522	6.47763	27.48758	13.61331	45.5991	40.88312	24.59855	10.82816	27.06776	152.13913	7.38771	22.12479	24.28017	90.70085	4.48505	29.91052	14.39217	25.12602	19.21937	21.73239	5.08463	7.1347	2.83181	12.13543	23.00037	26.05778	10.25541	17.58029	7.08891	84.83583	19.09458	32.01787	41.18985	35.07312	13.04757	4.85444	12.29077	36.7586	5.76268	31.83723	8.62192	13.90494	11.76559	24.00186	1.37418	5.69203	2.71212	8.73875	24.96234	8.01707	4.80905	7.27613	12.86061	5.90402	2.28771	29.36516	81.52121	4.26241	7.96113	24.00801	29.34454	14.32967	14.41863	29.32149	47.06356	11.87227	2.80085	3.58317	5.2848	5.81433	49.12924	4.69931	1.37223
GH13_19	50.17388	10.20076	6.05065	3.90884	13.24428	10.24357	67.11041	1.50317	1.09268	2.76746	49.3357	5.39773	22.61987	134.75774	198.03817	7.34747	2.35499	28.78522	18.06293	25.90138	5.58248	30.7678	9.91362	0.23372	9.64745	2.88491	54.55305	1.20902	8.25276	4.70031	11.9472	3.0949	0.96322	10.67151	13.349	14.30783	9.10782	12.43911	23.71136	11.36004	2.00594	17.96416	12.3395	NA	1.30761	0.77089	12.50979	13.00817	3.74979	32.14624	31.91985	52.59342	5.84024	3.73547	0.93462	8.35592	9.92227	202.60345	115.08981	15.22302	89.66873	11.26116	18.16157	4.06127	4.68084	3.4271	113.70309	3.1062	22.37532	19.26891	36.03997	33.55136	5.91708	5.13584	36.97258	16.79313	46.75174	5.06558	0.70637	160.73218	227.71907	10.71301	5.26549	0.1828	5.50288	8.94311	59.1297	74.65676	70.17028	6.17675	66.38423	25.12065	4.4373	42.69377	7.31861	0.6984	3.73241	3.59232	58.13129	11.45945	1.21913	34.26565	7.52193	5.49716	12.0916	8.47678	7.99621	16.03199	3.69181	8.70719	7.25394	7.20987	14.53102	34.04727	14.42868	5.17855	21.57209	30.39344	96.51613	36.73743	12.4905	15.23329	30.21182	5.69062	8.19696	9.97503	17.92194	24.31025	23.31388	4.14972	1.8551	12.45505	42.57538	4.27162	1.84279	6.9947	5.77058	1.44066	42.28981	31.27857	6.94244	23.2797	14.69125	0.24834	6.17147	4.95837	4.33054	2.15995	NA	1.06177	1.72113	186.11618	61.13097	5.06015	9.1994	32.16671	36.16597	2.70378	7.42778	2.2348	30.98067	4.3246	61.69379	71.63306	11.25446	4.89373	2.03379	3.93334	19.96872	6.20488	4.61003	11.57422	10.46544	3.9973	4.13272	11.17047	43.8855	21.52422	9.02567	12.81582	11.03377	16.88978	191.02333	26.92837	4.40688	10.22012	81.14335	24.10262	5.08186	17.7623	28.73261	23.25656	8.43726	1.33296	1.45566	3.45726	2.7617	49.68395	0.25589	0.65352
GH13_2	NA	0.02623	NA	NA	0.04956	0.19223	NA	NA	0.07548	0.09908	0.02485	1.03361	NA	NA	NA	16.74962	1.21773	1.45919	0.85454	NA	NA	NA	NA	0.11653	0.74993	0.05936	NA	0.09861	1.15815	0.0993	NA	NA	7.58728	NA	NA	NA	0.69302	NA	NA	0.02704	NA	NA	NA	0.30104	NA	NA	NA	NA	0.03517	0.15359	9.72277	3.7993	1.6912	0.09057	NA	0.28279	0.47875	NA	NA	NA	NA	0.29698	0.23996	0.05543	0.07329	NA	NA	NA	0.0903	0.3797	NA	0.02478	NA	NA	NA	NA	0.32124	0.06121	NA	NA	NA	NA	NA	NA	NA	2.16247	2.40683	0.50556	4.57662	1.29459	NA	NA	0.9507	NA	NA	NA	NA	NA	NA	0.30066	3.57509	NA	NA	NA	NA	NA	NA	NA	NA	NA	NA	NA	NA	0.46695	0.01849	0.03546	NA	0.08127	NA	0.62764	NA	NA	NA	NA	0.13374	NA	NA	NA	NA	0.14698	NA	NA	0.19755	0.12006	NA	NA	NA	NA	0.75253	0.95915	NA	NA	NA	NA	NA	1.88128	1.21242	NA	NA	NA	NA	NA	NA	NA	0.3092	0.15658	0.82872	1.70368	0.17928	NA	NA	0.10342	0.14928	2.09806	NA	0.09006	NA	NA	NA	NA	NA	0.24723	0.28608	NA	0.10313	NA	NA	2.80744	NA	NA	NA	0.04008	1.27202	NA	3.8192	0.1835	0.97292	NA	NA	3.34775	NA	1.46472	0.09815	0.14926	0.3522	0.05202	NA	0.19927	1.79354	0.06593
GH13_20	34.84894	32.30101	40.01515	47.98679	14.34962	3.51266	3.92088	5.06442	17.92324	26.84182	25.46683	16.02006	20.18847	4.2681	24.10373	48.0858	37.6015	32.63531	41.45813	6.86895	14.94623	16.25893	16.79893	4.2247	17.09788	12.05102	2.94873	1.3487	63.73463	28.63099	3.23264	14.41142	26.92454	5.34702	4.21854	16.35996	36.51495	38.59197	7.57086	32.03154	20.53608	33.72914	26.62243	12.29904	2.98767	4.4728	22.82141	64.99075	60.45898	24.16216	32.91316	30.40372	20.57043	25.07162	12.11291	58.67576	25.31994	8.16733	18.20169	5.78607	2.68102	17.08121	22.86682	5.36039	3.44485	16.86455	4.80916	13.87984	6.07197	5.93259	13.05708	21.60199	5.05057	5.6209	6.14677	5.59928	10.22515	1.18762	3.72875	3.28216	1.3263	2.5047	0.50356	2.97233	4.70495	23.04478	17.62499	11.31869	30.30766	9.86623	9.88611	10.77367	21.7906	51.48612	41.17226	3.6178	12.80992	2.45183	3.92018	3.09831	30.28736	67.3546	24.30123	0.23703	4.46296	24.5653	23.72772	14.31082	2.33348	6.83209	2.26223	2.75521	37.63818	62.32629	5.77384	4.29113	34.592	51.06982	3.0705	10.46406	36.23105	19.07716	14.24097	14.72756	3.20693	8.7897	31.1356	12.73826	0.34701	9.65325	10.6125	38.1874	82.4029	37.88423	7.53451	21.63926	3.37832	4.98461	31.8582	45.01362	89.17803	0.34616	34.87814	3.18006	3.61416	22.43217	36.03862	3.78966	3.29158	0.99403	11.69794	31.74218	19.0922	1.93648	12.21458	6.55738	98.45388	24.50958	34.05319	45.14179	0.74782	15.48765	5.73795	12.02274	19.60649	1.06211	23.91705	0.92218	11.84575	0.79462	1.54309	5.55193	0.94945	0.311	5.63194	9.74051	6.11551	13.87309	12.05247	6.5086	10.73701	37.80648	49.03178	19.93719	16.00486	0.85863	19.06028	36.06978	27.11035	13.21576	20.04488	55.99574	14.96324	3.39015	4.33091	2.77209	8.2641	37.86386	6.43881	0.77448
GH13_21	8.84037	NA	0.33206	0.2752	6.20878	0.70491	22.77264	0.6182	0.50788	NA	5.72687	0.94486	0.4082	59.36427	80.51515	2.27704	0.38881	14.03061	4.79453	9.41359	1.49876	0.09635	0.20629	0.17202	2.16039	1.77171	34.75402	0.9825	0.28226	0.22085	4.05768	0.06464	0.00905	0.28505	0.06674	0.31688	NA	1.88832	2.09613	4.5228	0.09217	1.04049	0.12043	NA	0.5435	0.12695	0.93335	1.51668	0.22106	0.08112	7.68191	0.38306	0.17635	0.75158	0.05645	0.09834	0.08264	3.08709	0.32337	8.60305	35.21566	2.09395	2.93169	0.11837	1.73807	0.36888	45.90325	1.75582	8.8804	5.66726	7.11945	4.3736	1.35643	1.2261	16.91013	7.59902	5.05862	0.63366	NA	105.98305	93.81209	3.81952	2.00355	0.07525	1.90997	1.96894	18.24349	0.02766	3.30506	1.46836	29.039	7.59082	0.68715	18.6693	2.11652	0.56245	0.18358	1.08512	34.53385	5.6152	0.37691	0.15187	0.27309	2.96236	1.21411	0.69006	3.90547	4.92043	0.02892	2.95908	2.25731	1.92432	0.15481	0.07184	3.71997	0.1209	3.6705	0.32373	1.22365	0.72051	0.72993	2.52759	7.29382	2.48951	2.6002	1.49496	5.01965	0.99974	3.64134	0.39053	0.21314	1.77424	3.08907	0.63235	1.03173	0.85226	2.87285	0.32317	1.26206	0.02228	1.4371	4.30825	0.03698	0.48213	2.70211	0.36085	0.33439	1.25972	0.06371	0.02365	0.33859	3.03383	4.46766	0.50179	3.05679	18.21381	1.07746	0.20832	NA	0.05489	2.49268	0.04804	NA	1.09478	5.33614	0.08427	0.4428	1.9021	7.1677	2.33208	1.34349	0.45351	3.10233	2.34119	0.41922	4.91433	2.91159	0.19686	1.90165	1.12301	2.99629	0.15793	0.07406	1.89984	1.03547	0.109	5.77038	2.94202	2.78519	6.99912	11.55367	9.20301	0.94158	NA	0.07814	0.88524	0.31217	1.75895	0.1198	0.09183
GH13_23	NA	NA	NA	NA	0.02891	NA	NA	NA	0.03853	NA	NA	NA	NA	NA	NA	NA	NA	0.03153	NA	0.04642	0.07238	NA	NA	0.02379	NA	NA	NA	NA	NA	NA	NA	NA	NA	0.0301	NA	NA	NA	NA	NA	NA	NA	NA	NA	NA	NA	NA	NA	0.03432	NA	NA	NA	NA	NA	NA	0.02473	0.05499	NA	NA	NA	NA	NA	0.02887	0.02848	NA	NA	NA	NA	0.02849	0.03073	0.02673	NA	NA	NA	NA	NA	NA	NA	NA	NA	NA	NA	0.08518	0.02872	NA	NA	NA	NA	NA	NA	NA	NA	NA	NA	NA	NA	NA	0.02187	0.09396	NA	NA	NA	NA	NA	NA	NA	NA	NA	0.14384	0.0666	NA	0.02199	NA	NA	NA	NA	NA	NA	NA	NA	NA	NA	0.02899	NA	NA	NA	NA	NA	NA	NA	NA	NA	NA	NA	NA	NA	NA	0.02544	NA	NA	NA	NA	NA	0.02641	0.04886	NA	NA	0.06601	NA	NA	NA	NA	NA	NA	NA	NA	NA	NA	NA	NA	NA	NA	NA	NA	NA	NA	NA	NA	NA	NA	NA	NA	NA	0.03605	NA	NA	NA	NA	NA	NA	NA	NA	NA	NA	NA	NA	NA	NA	NA	NA	NA	NA	NA	NA	NA	NA	NA	NA	NA	NA	NA
GH13_25	NA	NA	NA	NA	NA	NA	NA	NA	NA	NA	NA	NA	NA	NA	NA	NA	NA	NA	NA	NA	NA	NA	NA	NA	NA	NA	NA	NA	0.54761	0.2406	NA	NA	NA	NA	NA	NA	NA	NA	NA	NA	NA	NA	NA	NA	NA	NA	NA	NA	NA	NA	NA	NA	NA	NA	NA	NA	NA	NA	NA	NA	NA	NA	NA	NA	NA	NA	NA	NA	NA	NA	NA	NA	NA	NA	NA	NA	NA	NA	NA	NA	NA	NA	NA	NA	NA	NA	NA	NA	NA	NA	NA	NA	NA	NA	NA	NA	NA	NA	NA	NA	NA	NA	NA	NA	NA	NA	NA	NA	NA	NA	NA	NA	NA	NA	NA	NA	NA	NA	NA	NA	NA	NA	NA	NA	NA	NA	NA	NA	NA	NA	NA	NA	NA	NA	NA	NA	NA	NA	NA	NA	NA	NA	NA	NA	NA	NA	NA	NA	NA	NA	NA	NA	NA	NA	NA	NA	NA	NA	NA	NA	NA	NA	NA	NA	NA	NA	NA	NA	NA	NA	NA	NA	NA	NA	NA	NA	NA	NA	NA	NA	NA	NA	NA	NA	NA	NA	NA	NA	NA	NA	NA	NA	NA	NA	NA	NA	NA	NA	NA	NA
GH13_26	NA	0.16477	NA	NA	3.50297	NA	0.08625	NA	NA	NA	0.36653	0.27064	NA	NA	NA	NA	NA	1.23801	0.11269	NA	NA	NA	NA	NA	NA	NA	2.84943	NA	NA	NA	NA	NA	NA	NA	NA	0.03469	NA	0.20476	0.03722	0.75575	NA	0.20977	NA	NA	NA	NA	NA	0.2858	NA	NA	NA	NA	NA	NA	NA	NA	NA	NA	NA	NA	NA	NA	NA	NA	NA	NA	NA	NA	NA	NA	NA	NA	0.30788	NA	0.47438	NA	0.15358	NA	NA	NA	NA	NA	0.10965	NA	NA	NA	NA	NA	0.07638	0.05439	NA	0.20658	NA	0.05639	0.12177	NA	NA	NA	16.99569	0.23786	NA	NA	0.03874	0.11942	NA	0.05218	0.35061	0.26298	NA	NA	0.33121	0.09106	NA	NA	NA	NA	0.16443	NA	NA	NA	0.03378	NA	NA	NA	NA	NA	0.0791	0.10256	NA	NA	NA	NA	NA	NA	NA	NA	NA	NA	NA	NA	NA	NA	NA	NA	NA	NA	0.04062	NA	NA	NA	NA	NA	0.12125	0.03269	0.08693	1.62604	NA	NA	NA	NA	NA	NA	NA	NA	0.83806	NA	NA	NA	0.21555	NA	NA	NA	NA	NA	NA	0.07074	1.23968	NA	NA	NA	NA	NA	NA	NA	NA	NA	NA	NA	NA	0.0296	NA	NA	NA	NA	NA	NA	0.1289	NA	NA	NA
GH13_28	25.50419	8.36376	0.11005	0.55478	1.00882	6.94131	0.12065	0.43072	0.58031	0.79574	47.39547	28.66479	47.11429	NA	7.55409	73.37379	109.3843	5.51579	0.23124	NA	3.40596	5.6011	1.27825	5.10708	10.62473	1.54971	184.90998	192.28056	3.66411	4.64868	0.16789	2.19593	41.69521	54.17381	26.11768	27.91559	11.43058	0.03292	0.04356	9.49444	6.51097	17.82929	15.38717	222.65779	0.04602	0.04497	12.08741	31.99582	7.27663	42.54226	17.85451	8.99966	14.86213	2.47517	0.95381	9.31288	16.48609	4.43867	14.93169	0.0668	NA	1.12017	0.06646	19.64606	14.41441	2.8904	0.13779	1.98513	0.05188	NA	41.81169	28.71248	0.17303	3.25502	NA	NA	66.64762	NA	NA	0.68922	0.07979	0.74154	0.93883	216.2186	191.17195	9.12923	14.66336	114.4251	209.28491	13.03132	104.2246	119.96337	8.02988	0.36388	0.7894	87.14714	NA	0.08135	5.19071	181.87413	78.04582	25.70724	4.60925	0.1699	9.14232	141.1441	160.68307	189.73474	192.87762	1.1138	0.20526	NA	25.46141	70.94273	19.29534	11.29462	16.10881	83.63859	20.1357	3.36363	6.82974	10.73361	6.62465	0.18684	0.33856	0.0197	3.55391	11.09413	NA	5.47576	3.39874	0.33116	85.1435	3.33499	0.18882	6.88738	380.76232	0.75226	49.70261	79.53356	0.62345	NA	26.88741	0.19005	0.08719	11.5006	15.10879	0.29506	0.33511	304.03755	251.85613	196.65696	76.95754	5.21187	0.03365	1.08654	73.54318	0.6225	8.8202	4.37445	11.98129	0.93583	52.90734	57.53875	0.11514	176.08909	110.44302	0.69974	1.02937	0.7821	0.80983	24.30783	1.35207	NA	1.68124	NA	0.55925	2.06047	8.86584	6.96721	5.55328	25.75956	269.79863	54.70921	76.30404	104.56463	72.98305	26.96019	3.45751	0.134	0.13416	7.11112	4.54482	127.37836	170.75797	121.58715	158.13826	66.36686	164.30675	220.3535
GH13_29	8.13778	2.25988	8.12218	13.57107	20.81342	7.3638	46.76787	8.94903	16.08564	7.98129	7.89613	7.30429	19.65528	40.62834	59.58374	10.18108	5.19112	40.06475	19.57242	14.73653	36.24361	21.81236	5.13375	9.59229	12.78299	20.4981	35.9039	2.30105	7.22954	9.07384	4.31526	7.868	5.9363	24.12404	33.08709	8.26008	38.51696	6.12756	7.57438	30.43805	6.21773	16.23059	5.49657	4.91024	2.335	1.91482	42.16941	43.90189	6.8349	7.92448	13.85704	4.17227	4.57266	7.34644	2.25281	9.22922	6.95312	6.88117	8.58361	8.98906	29.73386	23.9179	38.51895	5.15441	5.17672	2.5407	35.43396	10.17557	8.56594	7.01702	7.11283	5.54013	14.00841	8.38125	98.53697	10.19293	15.33113	1.2081	0.65918	101.18784	76.68518	3.42708	1.93953	3.58241	7.10418	6.92304	19.13882	7.12227	13.4148	6.35297	18.28806	5.5265	4.71745	44.70056	8.44107	6.61574	3.09111	1.9022	39.21951	6.50373	4.60228	1.13681	9.05892	7.89553	11.0721	11.77759	11.69091	10.80573	2.4753	3.49844	13.15197	18.1723	30.69256	20.08293	13.23526	15.28536	9.2422	36.79722	3.06004	13.94549	14.24323	20.90409	49.52018	47.99019	15.13672	23.70814	11.4485	35.5707	43.00107	4.7663	1.74755	11.09784	8.71916	6.53798	5.47699	10.7251	61.73991	3.27896	11.29673	13.55673	13.99859	34.82833	10.28843	7.47705	4.69943	8.93814	5.04818	3.43471	1.7072	7.20385	9.79898	8.84682	7.53429	6.73736	23.96028	49.06008	44.60466	4.19397	9.69971	23.44532	6.38133	2.3257	1.4344	2.60452	10.39439	5.45781	8.28083	5.82041	14.55984	13.37904	42.78176	1.1399	26.66865	8.44076	7.70112	28.26284	4.66482	7.74139	6.73669	6.85929	7.39918	4.21495	12.79833	32.32372	5.1316	6.50127	13.91814	10.5514	5.49193	10.66216	8.32353	17.43112	9.52646	6.03892	2.56618	2.19	11.5096	11.38854	4.0678	3.88037
GH13_3	6.24825	0.69101	0.27811	8.68084	0.2037	NA	0.55582	1.11551	0.62052	NA	2.54956	8.3206	1.23319	1.36269	4.51932	0.50267	0.19094	0.62145	0.09451	4.53353	11.22921	0.55052	3.22862	6.45637	0.40777	2.16861	1.82452	0.95618	1.74947	1.40906	0.01811	1.34055	0.31502	46.41098	19.99185	4.08393	1.83658	0.36252	0.46081	10.21745	0.10559	0.12636	0.42923	1.13115	NA	0.04903	6.07819	20.44156	0.82301	0.33555	6.11334	0.20026	5.11056	0.48069	1.31423	2.51277	0.74215	0.39858	5.73254	1.05515	0.36636	5.3832	3.43935	7.97993	8.70226	0.24047	0.83002	0.08823	1.55223	1.65855	11.67311	8.31958	0.75384	1.90556	11.93818	3.48469	2.04735	3.3278	0.68877	10.74193	8.24589	0.63915	2.34006	0.56563	1.29746	2.45658	0.04639	4.14159	32.73137	3.32431	NA	NA	0.07116	6.57665	0.25775	NA	0.97758	NA	3.50932	1.3219	0.046	11.01866	1.19887	0.08821	7.11416	3.04555	0.52693	1.38949	0.09789	0.62951	1.39428	1.21618	0.87487	1.82154	6.21108	0.89308	11.51207	19.88781	1.23772	6.13957	39.07771	1.98769	3.63304	0.34645	2.31777	1.01462	0.92174	6.43583	2.84686	20.72966	0.79601	1.11706	8.23	1.25672	1.93757	0.10335	156.29662	0.96072	2.89155	10.34365	12.28875	1.0777	5.48506	2.34772	3.05441	3.65531	0.15334	0.55659	1.09835	0.99197	0.68285	9.93632	0.38996	3.42719	0.1421	1.03955	14.65171	0.34694	NA	0.29182	32.19479	0.33226	0.5711	3.21619	3.44643	NA	3.43591	2.18732	6.17599	0.93661	0.04977	0.27612	0.77754	NA	3.77843	0.03166	0.39625	0.09754	4.76838	4.39291	4.09155	0.4454	21.255	115.35904	0.54081	0.08287	5.68152	12.83554	NA	11.74687	0.59892	0.27331	0.37703	1.03773	1.31812	0.59765	NA	7.1789	0.11927	0.16984
GH13_30	1.22486	0.2643	0.09995	3.08615	1.84392	0.22476	0.19886	0.41912	3.05759	0.66543	3.90273	9.30175	1.8131	0.05095	0.03954	0.3049	0.49663	0.06448	NA	1.86026	1.80504	0.42017	2.39218	7.45504	0.10053	0.86731	1.98623	1.48429	0.07584	0.58627	1.18288	0.82299	0.68858	36.15383	18.07058	2.81362	1.63061	1.19004	1.18326	4.01262	0.51339	0.18355	0.5422	2.13276	0.07347	0.18212	4.73117	17.95518	0.30315	0.3415	2.22327	0.99743	4.78512	1.68102	1.15729	2.61563	0.46067	2.02125	7.40719	0.02514	NA	1.25391	1.45102	10.45897	12.52199	0.30502	0.07843	0.09109	0.55626	0.63915	13.04176	4.36062	1.05766	2.43412	9.49038	1.97805	0.47627	2.1732	1.07882	0.20718	0.38676	0.29395	1.81288	2.84042	0.40893	0.49248	0.11241	0.49359	73.85005	4.45592	NA	NA	0.22259	2.28845	0.45041	0.17768	0.06072	NA	3.9402	1.8491	0.55369	5.31316	1.21651	NA	4.50077	3.89551	3.31002	1.76179	0.50234	2.43025	1.00926	0.77315	0.64654	3.77674	6.21155	1.32619	7.74252	26.36172	3.11635	5.62767	16.87233	0.59968	1.26228	NA	0.11008	1.97418	1.06978	2.53052	0.92588	8.24897	0.0959	0.5869	0.79871	0.83691	1.14459	0.1185	194.67472	0.29379	4.77221	17.66054	2.26214	0.25404	6.76086	0.64731	0.44813	3.95032	1.01766	0.35858	0.4014	4.77435	0.49732	16.5812	0.80029	4.93432	2.68855	0.36335	35.90619	0.23148	0.04656	0.10357	11.07623	0.03996	NA	NA	0.76317	NA	3.62887	0.66748	1.9882	0.2374	0.4881	0.61587	0.79274	NA	NA	0.0274	3.23478	1.20306	1.56558	6.04614	1.8761	0.40783	28.53137	55.83907	1.81595	0.47559	3.26312	8.17064	NA	3.24418	0.50191	1.01444	0.14783	0.71586	0.30086	0.70727	NA	9.67092	0.54514	0.42958
GH13_31	27.55073	14.43423	16.79332	82.38692	12.05366	7.97147	13.1222	7.5172	19.57458	13.98508	25.42177	23.24251	26.55667	6.30217	20.96945	29.95729	15.98417	23.84028	20.98713	17.88773	54.86757	6.53829	16.08518	31.40754	15.34376	22.31401	6.55919	2.715	36.12001	29.25506	7.48447	16.08015	22.16496	38.98891	18.54055	12.98854	38.60365	40.69404	37.99151	69.32474	18.35269	18.76483	23.19667	11.56744	5.69876	3.95765	30.21099	50.53818	29.49192	21.60282	25.72133	16.3023	21.99569	30.01571	14.10676	48.14396	18.27063	16.93896	26.33097	18.65301	52.71253	20.98603	29.82411	18.99026	22.18075	11.75171	4.08994	8.38078	14.49724	14.07954	30.06035	38.16028	10.25807	9.85813	120.39016	13.55902	9.65285	12.17392	7.69793	1.62441	2.81186	4.53704	5.77066	2.37231	5.04803	25.63695	14.43779	20.31012	47.40482	13.60822	5.62918	3.22274	14.25321	184.07704	25.89201	14.75531	8.98496	7.60444	11.17499	4.48456	35.85609	52.88251	31.01645	7.73931	14.31932	18.83627	17.01036	19.50045	9.29424	10.63517	6.07513	31.46661	15.61021	27.04119	39.66305	7.36682	37.04793	60.32277	3.74272	24.61197	102.34056	47.47344	79.72764	61.54333	21.42202	10.84935	27.28282	8.55039	12.60039	17.29338	8.62368	37.11616	33.06285	21.93532	11.12009	28.32752	138.76136	7.43548	22.33471	37.56405	103.23118	36.42236	30.91519	48.15195	27.98087	27.67487	23.23157	7.53232	7.01994	5.30757	11.48441	39.54861	27.76437	7.7024	18.70246	8.24519	65.48615	8.63528	25.89716	30.3521	28.58748	14.71839	8.94234	11.08979	20.06287	4.17188	19.51795	10.11563	26.24437	18.93189	48.01236	7.3262	99.82039	11.86255	18.39147	42.68017	7.44116	7.06836	9.01863	25.63131	10.19959	3.71421	45.68329	66.5344	16.40954	12.09813	23.97266	72.91408	53.17055	7.72652	15.85111	36.95059	30.48757	8.16647	4.9584	2.77154	3.99672	38.91659	7.25626	4.4318
GH13_32	1.18376	0.25432	NA	NA	NA	NA	NA	0.01928	0.14653	0.1463	1.3199	6.65264	1.16299	0.29812	2.07658	0.06222	NA	0.18297	NA	0.1138	1.97661	0.06692	0.15533	2.76766	NA	NA	0.0348	NA	0.59166	0.41107	NA	0.25261	0.06618	22.94693	8.00801	0.71942	0.357	0.13168	NA	4.03058	0.05082	NA	NA	0.91012	0.03355	NA	1.84096	7.54998	NA	0.02144	1.71395	0.10738	2.22084	NA	0.20553	1.31394	0.18883	0.25239	2.85815	0.03234	NA	0.7713	1.38652	5.11757	6.13178	0.1768	0.1518	NA	NA	0.03174	6.61553	2.56816	0.23009	1.19612	NA	0.03618	0.30053	0.96441	0.06597	NA	NA	0.06742	0.80494	NA	NA	NA	NA	0.56057	33.36073	1.4681	NA	NA	NA	NA	0.04059	0.03242	0.58413	NA	1.5683	0.62243	0.09364	0.27105	0.07473	NA	2.64692	2.21785	0.45694	NA	NA	0.55844	0.39166	NA	0.34618	2.31739	2.91598	0.44672	1.0178	15.25816	1.06147	1.89298	NA	NA	0.05154	0.23634	0.46314	0.22714	0.07631	0.62082	0.20382	5.13547	0.13247	NA	2.1196	0.29103	NA	NA	114.9079	0.06943	1.01047	7.69474	3.91425	0.74222	1.80004	0.46564	0.52758	1.94217	0.09796	0.11955	0.28323	1.21395	0.0292	10.29283	0.72389	1.71887	NA	NA	8.88204	NA	NA	NA	3.33143	NA	0.34679	1.18273	NA	NA	1.75991	0.62414	0.7401	0.10002	0.07633	0.05582	0.04281	NA	0.99999	NA	NA	NA	0.14787	0.97743	0.03334	0.01943	13.181	12.53617	0.42	0.06587	0.45147	NA	NA	NA	NA	0.53538	0.10197	0.10632	NA	0.21705	NA	4.94601	0.03605	0.03139
GH13_33	NA	NA	NA	NA	NA	NA	NA	NA	NA	NA	NA	NA	NA	NA	NA	0.06844	0.49993	NA	NA	0.13641	0.42544	NA	NA	NA	0.20215	NA	NA	NA	NA	NA	NA	NA	0.97007	NA	NA	0.05538	NA	NA	NA	NA	NA	NA	NA	0.05137	0.36586	0.53624	NA	0.16861	NA	NA	NA	NA	1.73529	1.4975	NA	0.13997	0.31428	NA	NA	NA	NA	NA	NA	NA	NA	NA	0.05583	0.62895	NA	0.05444	0.03563	NA	NA	NA	NA	NA	NA	NA	NA	0.87613	NA	NA	NA	0.85473	0.41472	NA	NA	NA	0.22538	0.13219	NA	NA	NA	NA	NA	0.07034	NA	0.8209	NA	0.06296	NA	NA	NA	NA	NA	0.29362	0.14026	NA	NA	NA	NA	NA	NA	NA	0.47833	0.59148	NA	NA	NA	NA	NA	NA	NA	NA	NA	NA	NA	NA	NA	NA	NA	NA	NA	NA	NA	NA	NA	0.05728	0.70206	0.52352	NA	NA	NA	NA	NA	0.99765	0.06466	NA	NA	NA	NA	0.22689	0.27577	NA	NA	NA	NA	NA	NA	NA	NA	NA	NA	0.04132	NA	0.02322	NA	NA	NA	NA	NA	NA	NA	NA	NA	NA	NA	2.59302	NA	NA	NA	0.30552	NA	NA	3.142	NA	0.1841	NA	NA	NA	NA	0.38056	0.26552	NA	0.13643	NA	NA	NA	NA	NA
GH13_36	22.35181	20.62919	26.04989	40.03536	7.44788	4.69522	0.08695	0.77197	12.18369	13.42152	32.46709	8.00916	26.74041	2.652	16.49774	17.73055	19.53814	15.84117	21.96044	3.48799	11.80145	22.03481	1.27865	0.72075	7.22004	4.21309	1.91165	0.31702	47.02522	24.63116	2.47075	10.10452	12.19153	3.64633	4.20759	12.32461	34.15222	14.39594	3.20078	18.87373	10.39089	24.52859	22.21064	10.10129	2.6507	1.56278	22.90596	26.85867	29.25147	26.13016	13.18156	16.76351	16.9238	13.9287	7.79423	35.17814	15.20333	4.47802	10.84966	NA	NA	6.77327	12.17496	2.85457	0.75944	11.91458	1.97913	11.31514	1.87141	2.55217	14.45326	17.184	4.84951	5.53336	1.53975	3.38283	17.51999	0.19546	1.47447	2.14082	0.32202	0.94949	0.66664	1.54886	2.63258	26.97773	15.21705	38.29253	59.70082	6.91024	6.09513	3.03292	9.53773	25.57371	25.71763	0.78471	9.75332	2.08527	3.05292	1.16154	13.95592	45.38677	14.99432	0.05516	2.39291	17.06376	10.51348	4.69973	0.38152	5.0225	1.21926	0.76768	20.07611	36.79508	1.17979	3.16858	13.19098	46.20926	7.3598	7.6175	30.3849	7.65969	4.07741	8.98486	0.64064	3.87443	12.15237	12.40774	0.10627	5.3249	3.56892	35.05017	56.17172	15.6619	3.9974	18.88322	0.63753	1.46206	22.15554	46.50764	49.76858	NA	19.44051	3.6071	2.81358	15.93057	26.99886	1.25538	1.46837	0.23791	6.28882	41.01143	24.46586	2.47924	2.78229	1.98264	59.71009	10.89745	32.38116	40.76215	NA	12.52132	14.33814	17.44402	6.79521	2.54156	10.13527	0.27845	9.00827	0.42034	0.74725	10.11967	0.13779	0.02596	3.08898	7.29857	4.09158	3.08662	9.64404	7.27866	6.45484	27.30339	51.61439	12.31904	2.93718	0.18191	29.77829	17.76023	9.40555	5.20116	8.5375	25.74465	21.97301	1.98265	2.03311	1.81076	4.91298	37.57445	5.32825	0.08715
GH13_37	NA	NA	NA	NA	NA	NA	NA	NA	NA	NA	NA	1.16511	0.72474	NA	NA	NA	NA	NA	NA	NA	NA	NA	9.87134	NA	NA	NA	NA	NA	NA	NA	NA	NA	0.14125	NA	NA	NA	NA	NA	NA	NA	NA	NA	NA	0.0287	NA	NA	NA	NA	NA	NA	NA	NA	NA	NA	NA	NA	NA	NA	NA	NA	NA	NA	NA	NA	NA	NA	NA	NA	NA	NA	NA	NA	NA	NA	NA	NA	NA	NA	NA	NA	NA	NA	NA	NA	NA	NA	NA	NA	NA	NA	NA	NA	NA	NA	NA	NA	NA	NA	NA	NA	NA	NA	NA	NA	NA	NA	NA	NA	NA	NA	NA	NA	NA	NA	0.28331	0.47541	NA	NA	NA	NA	NA	NA	NA	NA	NA	NA	NA	NA	NA	NA	NA	NA	NA	NA	NA	NA	NA	NA	NA	NA	NA	NA	NA	NA	NA	NA	NA	NA	NA	NA	NA	NA	NA	NA	NA	NA	NA	NA	NA	NA	NA	NA	NA	NA	NA	NA	NA	NA	NA	NA	NA	NA	NA	NA	NA	NA	NA	NA	0.05452	NA	NA	NA	1.50479	0.3572	NA	NA	NA	NA	NA	NA	NA	NA	NA	NA	NA	NA	NA	NA	NA	NA
GH13_38	178.42282	194.45177	149.10426	86.1122	215.15809	236.39586	207.96042	209.67254	175.74541	189.34358	152.28802	148.29958	163.85326	107.64626	72.8971	151.97415	212.21009	104.3186	139.14451	152.71182	145.15381	105.18545	237.85951	221.25507	197.78535	194.30981	208.39246	265.38141	74.90545	141.93062	230.89051	202.18963	143.17682	160.73428	151.72989	164.19275	114.79042	151.68668	152.39432	265.13891	220.68056	91.30596	128.31095	241.96414	277.20476	275.24448	102.47098	69.2917	156.67146	158.68981	117.18865	179.80815	217.53861	170.25732	158.81306	121.35543	151.19502	225.87545	203.62696	100.72553	88.83839	178.95507	163.24014	236.66919	240.7366	183.81195	142.55322	229.2892	262.7111	239.17753	201.09902	155.73536	184.62747	158.85134	86.38116	192.98964	183.65636	201.87389	204.25671	86.44917	145.52368	238.9409	187.56537	278.79626	280.2414	147.48793	142.11675	164.87031	99.24491	206.4358	195.96255	235.33618	212.37092	0.06573	146.89577	231.76124	206.27018	241.93527	147.90868	294.39933	212.64926	172.11067	152.89514	199.26496	195.82063	194.55459	216.47193	212.29577	243.07629	221.94291	242.3904	179.80169	105.69006	166.11417	201.53208	206.57253	181.56369	125.44765	215.83502	130.37693	139.84248	151.36898	115.61602	149.96503	194.02623	219.48555	201.01977	143.57087	148.69787	217.9044	206.48957	112.87901	99.25502	197.9941	181.5971	160.04595	73.63662	215.27517	102.37315	99.36932	65.90877	136.29905	128.84853	241.75279	222.5012	130.13033	169.85053	199.12399	186.76811	270.5982	273.54622	122.7646	123.67147	201.40989	173.8776	147.10984	83.09216	196.12504	115.45506	131.59287	116.11907	198.34175	197.139	118.18774	87.23442	259.46727	235.61417	174.88083	175.89291	270.15847	185.26967	155.68172	128.44906	154.35238	122.13234	117.50417	249.15686	155.87774	189.269	158.39228	191.40259	189.49961	140.13702	76.67588	194.39559	262.34525	78.63189	109.7189	162.02991	102.46499	99.21232	51.00874	108.05821	281.12327	309.26266	247.38854	238.86762	153.24225	234.06964	253.55517
GH13_39	50.8493	30.84651	19.20331	59.9612	23.05526	15.49237	0.21726	4.9552	22.826	24.59938	46.17677	59.12936	71.9152	36.98067	15.34409	87.84311	33.863	52.52329	27.28452	1.55802	88.69443	143.73037	15.97691	30.93511	25.29163	10.64517	21.95441	24.81501	94.80351	57.73408	3.33567	27.87657	45.2382	58.74037	58.24613	50.09434	85.19403	23.36497	76.62169	20.99391	17.42043	53.59887	40.46615	41.44794	29.26747	22.42211	101.4783	97.68352	29.20835	40.35968	60.52477	41.57843	31.60373	48.08201	7.94541	58.17577	39.05733	34.74108	35.96941	1.21757	6.42748	33.18909	54.33988	38.80778	31.22995	15.06142	18.42845	30.18462	6.12475	6.69848	31.96539	24.26986	33.65607	29.048	144.268	13.53899	52.83631	14.04585	3.06776	21.20778	7.46524	6.40031	5.70432	16.25909	18.24648	46.57156	39.30483	80.547	118.11518	44.2212	22.62009	19.16839	46.76126	30.68028	14.78143	16.47958	19.46388	2.2478	10.54754	22.07305	70.04461	28.26432	26.21746	5.52546	38.34107	65.94989	98.53583	43.67694	51.13681	4.60603	13.34939	12.90485	90.23495	38.7831	83.75397	50.48455	58.81018	72.69955	59.49483	100.25633	53.46985	51.2296	95.0799	91.42157	22.82738	24.74121	16.86664	44.84296	53.92124	51.91513	36.19751	35.76919	58.46565	21.61507	30.53467	36.70661	169.83342	15.50421	91.99685	91.96849	32.85493	41.53575	100.86921	58.59283	22.3053	66.43481	36.11817	17.86005	12.1568	37.41539	44.46804	94.93237	62.23245	48.35025	27.27233	40.05708	106.05015	22.20657	47.54334	50.31181	82.18608	21.34108	38.73873	66.09008	7.92865	31.84232	45.13468	3.94162	9.05539	27.8803	68.23023	68.17615	156.57088	4.20516	1.83445	10.71782	13.58008	50.31727	26.47351	39.17355	22.36767	39.72819	85.98965	84.47504	53.07063	20.86645	109.6764	52.10118	25.4254	29.37744	1.7764	126.0453	69.67682	23.50607	26.14671	11.17975	30.12474	69.49961	22.40539	8.56354
GH13_4	24.32957	15.22708	14.40248	55.96944	33.54604	13.5018	0.63627	2.87477	21.90395	24.16185	24.02648	27.3327	60.87552	25.3248	12.25942	17.90934	11.15658	91.0358	31.01433	10.34644	15.56611	106.14428	18.29799	39.21651	12.89092	14.36136	6.93435	2.28021	34.65815	53.31941	6.27032	21.53816	19.93616	18.22947	9.50074	22.17584	61.80621	29.14023	59.03375	35.88995	16.64959	48.93176	29.35004	15.89547	9.3745	5.94369	34.43209	39.02506	50.95397	27.83822	25.10408	29.20169	27.41977	29.7968	15.27022	34.632	17.44127	15.31063	13.11683	1.23622	13.57927	19.48133	34.08456	15.96864	17.94018	25.30564	15.22402	24.15765	10.36297	9.19255	21.36053	36.0846	24.01804	15.4611	147.63633	18.23811	23.77941	13.72073	3.35133	12.3364	4.34838	7.18921	3.7831	7.27745	8.31548	21.61534	16.39194	17.62971	31.97357	13.9534	4.24489	4.52378	12.78315	44.23869	20.30196	10.03842	22.32571	8.80633	10.66723	2.12464	8.19676	25.75389	20.58947	5.50803	24.65106	29.14258	15.01756	3.03443	11.60202	2.36105	3.86289	3.28967	105.51031	43.17315	41.38301	38.01226	29.91303	39.44632	9.98846	33.25598	43.08009	53.73071	87.72353	101.24648	27.53129	35.60927	23.69826	6.97179	10.32862	19.90113	14.66767	39.83169	25.97211	11.76807	19.38934	32.58334	101.98935	9.98784	53.8146	69.94982	40.17922	9.92879	34.75177	65.45482	22.97436	36.04529	16.19443	9.71075	9.52822	10.77761	15.65743	15.16928	26.75894	30.78091	28.48793	31.23744	75.32058	16.94857	19.23053	42.24997	145.07253	15.29372	26.93641	23.18696	18.65581	7.00109	16.06331	6.81961	14.11419	19.75296	63.67679	3.29724	126.98426	8.53618	11.69758	25.03196	6.82105	15.58639	6.29888	40.14379	8.25628	3.56619	17.83283	83.16208	10.64793	15.98953	28.63922	63.3655	46.79755	25.12467	2.31913	101.18921	42.59251	27.40024	11.19149	7.145	22.81371	18.05582	13.98996	7.72023
GH13_40	NA	NA	NA	NA	NA	NA	NA	NA	NA	NA	NA	NA	NA	NA	NA	NA	NA	NA	NA	NA	NA	NA	NA	NA	NA	NA	NA	NA	NA	NA	NA	NA	NA	NA	NA	NA	NA	NA	NA	0.05337	NA	NA	NA	NA	NA	NA	NA	NA	NA	NA	NA	0.02837	NA	NA	NA	NA	NA	NA	NA	NA	0.0107	NA	NA	NA	NA	NA	NA	NA	NA	NA	NA	NA	NA	NA	NA	NA	NA	NA	NA	NA	NA	NA	NA	NA	NA	NA	NA	NA	NA	NA	NA	NA	NA	NA	NA	NA	NA	NA	NA	NA	NA	NA	NA	NA	NA	0.10541	NA	NA	NA	NA	NA	NA	NA	NA	NA	NA	NA	NA	NA	NA	NA	NA	0.01816	NA	NA	0.0297	NA	NA	NA	NA	NA	0.03753	NA	NA	NA	NA	NA	NA	NA	NA	NA	NA	NA	NA	NA	NA	NA	NA	NA	NA	NA	NA	NA	NA	NA	NA	NA	NA	NA	NA	NA	NA	NA	NA	NA	NA	NA	NA	NA	NA	NA	NA	NA	NA	NA	NA	NA	NA	NA	NA	NA	NA	NA	NA	NA	NA	NA	NA	NA	NA	NA	NA	NA	NA	NA	NA	NA	NA	NA	NA
GH13_41	7.34013	1.58409	2.28125	24.09494	2.92521	0.81014	0.02565	0.13198	7.61089	6.43984	0.94741	0.5387	1.97674	1.19432	7.3802	2.96326	3.31896	9.93414	15.19439	0.07645	2.44181	1.46458	NA	0.3708	1.36443	1.79654	1.32237	0.10776	10.42007	3.09312	0.93644	4.7087	1.60362	0.05047	1.40633	NA	NA	3.28577	1.11255	10.26567	4.72193	9.41205	14.20158	3.27077	2.46789	1.18177	7.68664	4.73797	0.96017	11.88491	1.52321	2.91974	6.04925	7.88896	5.03902	17.16853	6.42214	1.62235	6.84194	NA	NA	5.20013	7.72939	0.0233	0.07041	7.00784	0.5812	3.48492	0.89517	1.50126	1.7172	4.63771	1.16648	2.12908	1.14569	1.57361	1.04402	NA	1.31656	0.23047	0.1877	1.19219	0.03153	0.78131	1.17601	3.47139	0.63763	2.10424	7.54097	1.94841	3.15325	0.49803	3.58466	20.02547	10.95369	1.07136	6.9136	0.61063	1.51311	0.21082	0.0637	NA	8.27647	NA	0.10969	7.28411	3.41022	2.45046	0.59004	2.86453	NA	NA	5.16028	15.8209	0.06736	0.64953	2.1691	8.76825	0.02952	1.19033	16.0427	5.11568	1.17756	3.33097	NA	1.91658	5.91687	NA	NA	0.95238	2.29603	23.76837	28.68665	16.05547	0.32165	6.19722	0.45462	0.71335	3.02499	6.74693	43.00535	NA	0.83426	3.01585	1.19267	1.56531	4.56166	1.22241	0.98291	NA	0.66199	1.47173	3.08347	0.57146	0.61031	0.71688	18.2007	1.8994	1.64077	6.76176	NA	5.12013	0.51149	1.33102	2.76821	0.60698	4.81085	0.12918	5.1957	NA	NA	3.64291	0.08185	NA	NA	5.79104	1.13926	1.59892	0.66627	3.51468	0.54027	0.37831	0.97774	5.84635	0.35039	0.26257	2.73468	4.69455	5.92299	2.40662	6.72753	8.48778	2.06562	1.50765	0.27176	0.30623	0.60809	12.49357	1.15217	NA
GH13_42	102.62874	7.5132	0.35465	0.31282	138.0751	162.26412	0.5152	NA	0.03807	1.07602	18.79149	8.40374	30.70254	0.06865	9.61782	216.91119	352.4833	1.69503	0.02577	0.15383	3.35133	2.94601	NA	0.31975	2.53453	0.25176	622.14416	680.52147	3.24433	2.02389	0.13753	3.72276	122.25206	5.78902	2.51958	23.24142	7.68633	NA	0.05267	2.13383	3.93155	6.67063	3.74858	664.01087	516.80757	589.89449	6.04565	21.57084	4.52585	26.36293	22.01516	42.44951	7.4787	2.99045	0.88609	5.94005	7.28125	129.98489	89.44939	0.17196	0.03822	0.24149	0.29478	132.6954	185.14642	2.31626	0.04339	1.99792	NA	NA	11.2757	12.21783	NA	1.92594	0.04707	0.0992	42.17088	NA	NA	0.04273	0.21971	0.69517	0.81863	750.05627	700.81169	3.88667	8.83968	70.17852	135.95324	4.66517	311.41795	289.57187	488.7637	0.15533	0.14373	307.04979	0.05479	0.10932	1.73621	768.74703	333.14639	22.59824	3.45027	0.22282	1.92646	211.76003	294.30551	534.0364	568.12178	1.14225	0.18813	NA	12.20802	42.67706	2.43809	0.67006	18.06879	64.88872	213.63666	43.55508	5.38521	7.40127	5.78358	0.02416	0.06827	NA	4.21863	11.84168	0.02915	141.98372	141.30761	0.20508	76.77706	0.01812	0.04747	7.75921	0.49849	0.12523	29.29964	62.377	0.04749	0.04788	22.58923	0.04036	NA	6.11344	15.71556	0.06563	NA	877.02664	569.1705	98.18897	39.62892	2.3995	0.02987	0.60082	35.6342	0.83881	6.16146	0.98702	NA	1.92857	24.02548	25.41875	1.13644	150.75206	137.32581	NA	0.08533	0.10338	0.31113	18.76683	0.8127	NA	1.89568	NA	214.3686	109.67571	8.03228	7.22663	3.70262	24.91913	171.8499	8.33889	383.65502	299.14719	37.37216	16.68223	0.08447	0.09562	NA	3.07374	3.06978	490.68976	544.01237	393.80108	427.98307	33.55867	592.46299	747.20593
GH13_5	22.11816	8.34387	53.72727	25.70576	10.68069	2.20475	71.35162	19.26046	6.92439	37.53544	35.0157	11.94138	9.39051	98.00272	152.08979	33.6505	18.33171	27.39493	18.82859	43.53156	26.67312	20.32963	5.73201	3.35659	16.73448	16.77468	33.44585	3.64661	15.36963	15.61711	8.93339	20.46896	25.96954	26.02346	8.35835	34.85898	31.56837	8.11142	10.1142	9.36595	22.94034	51.20375	30.91441	5.22086	2.79372	0.42194	25.31515	14.81727	14.63988	13.65971	113.14357	22.97205	3.3115	8.896	7.32944	12.44033	20.81801	21.35827	6.19342	65.14557	150.9797	4.02025	5.02482	5.14763	5.12482	2.66983	103.29997	9.71191	38.23925	41.79957	17.58417	14.54389	23.14678	34.55602	20.7869	33.71788	23.48333	9.19761	2.97702	101.30276	96.20785	13.4158	4.25937	4.63109	8.98859	22.96891	61.89718	12.23492	56.39637	6.41303	74.77886	25.91974	10.59355	38.27295	76.03981	8.94318	11.33678	4.72403	51.40484	8.86925	11.51529	5.7395	40.46182	65.5916	12.17142	12.57888	8.1868	24.13914	14.0832	9.05561	7.45901	8.56023	22.7098	23.05154	13.05836	8.71568	30.92446	10.34146	7.56581	11.69292	16.8401	25.59768	35.03336	7.38601	13.30615	4.07681	18.43189	46.11673	59.07355	7.11369	14.8944	22.4762	16.13188	12.02289	128.00546	63.13128	4.6732	3.06356	18.15128	36.61342	12.08785	63.64527	20.02479	0.77872	4.7936	30.0818	19.49739	8.48486	12.3824	0.93829	8.18075	15.26122	16.87189	11.48038	11.33444	23.27514	17.20758	30.3393	19.74456	26.13933	29.78611	36.77595	15.74198	55.90449	58.99845	3.37433	10.87298	7.79601	12.5766	15.26756	12.21984	9.362	16.06232	44.5869	77.89405	12.25658	4.97318	19.17144	95.89269	2.05188	77.02229	13.57442	21.4372	20.04279	2.12017	0.6014	33.84555	22.38633	65.04102	119.49473	173.13208	14.28431	29.74816	0.2192	2.93818	4.93219	4.43602	9.34505	4.22319	1.15053
GH13_6	0.76173	NA	0.04375	NA	201.08489	229.04259	0.24235	NA	NA	NA	NA	NA	NA	NA	NA	93.42108	133.84639	0.10057	0.18055	0.25659	NA	0.06068	0.1018	0.17681	NA	NA	166.9058	189.61585	8.9871	36.40116	0.06802	NA	35.68752	NA	NA	0.05597	NA	0.02206	0.07155	70.45949	23.73663	3.24992	4.6619	207.68296	164.76552	205.93376	NA	0.08151	NA	NA	5.30579	56.33772	0.52384	0.27222	0.05851	0.69818	1.86623	149.64641	106.61251	0.21536	0.02718	NA	NA	152.12282	257.25399	NA	NA	33.76243	NA	NA	0.04184	NA	NA	NA	0.03258	0.06124	128.17563	NA	0.03287	0.03189	0.10124	NA	NA	256.86616	238.17303	0.06149	NA	133.57226	0.38293	NA	165.59677	221.605	203.20437	NA	NA	250.8541	NA	0.03732	0.23216	256.21882	135.00228	0.05929	NA	NA	43.23763	143.94397	173.11676	155.25565	170.35525	0.13044	NA	NA	3.91917	12.88368	100.49356	103.32911	0.07593	NA	216.88671	50.49994	NA	NA	NA	0.03021	0.0583	0.05861	NA	NA	NA	163.67215	165.71896	0.33774	NA	NA	NA	0.02727	0.05957	0.11625	10.28932	0.29494	NA	NA	0.04429	NA	NA	0.10292	9.33268	0.16362	0.057	294.28357	235.08902	43.82058	16.00664	0.05986	NA	0.03549	0.03551	NA	0.052	NA	NA	NA	0.06162	0.0725	0.99312	175.16139	172.41031	NA	0.15025	NA	NA	NA	0.12835	NA	NA	0.06966	252.96593	136.31907	0.02909	0.03029	NA	0.05934	82.54718	6.86187	177.88838	245.2665	NA	NA	NA	0.14443	NA	0.31364	0.48615	261.28538	248.87026	246.77513	230.73134	0.07144	202.11654	284.06675
GH13_8	128.77898	185.62151	135.46942	74.64399	172.36048	179.302	131.75785	151.43429	150.74125	177.00902	157.16936	152.00373	132.74658	81.81672	65.05476	147.82983	202.5023	83.20931	113.70379	156.42025	111.84714	112.9553	216.49023	215.06704	158.79774	145.05987	181.19339	221.58292	109.07432	168.20831	168.32439	152.7785	191.91084	136.05739	132.26959	134.62968	79.02022	129.56873	142.30656	219.61012	196.39069	96.36847	145.27532	228.99781	232.97881	261.52344	52.9262	59.43813	140.2039	142.09288	148.51878	173.56978	177.87941	154.52814	135.8606	99.1497	116.04613	217.35375	190.48703	108.55854	112.86479	157.43679	145.74965	219.46182	211.42871	107.89793	110.96442	213.02162	233.05383	212.87598	135.7132	114.82748	144.60693	111.98578	51.2065	95.34552	178.65775	209.64157	215.20119	116.95703	142.41246	138.54002	132.39203	259.70176	274.06599	123.9048	125.62411	157.83051	93.42191	176.45366	189.03205	256.49965	236.19572	0.73333	139.75609	214.07291	144.49107	118.11651	98.98233	302.75756	196.54204	127.12664	110.62322	172.36553	138.6185	212.25027	249.41664	207.55827	235.08553	151.34553	194.03712	146.78033	99.69148	143.23972	180.40776	205.09774	175.72742	106.05772	208.10878	131.29032	88.75052	99.89236	75.2502	69.14383	137.21803	182.89633	174.13879	118.55802	139.1428	177.87065	207.1408	100.6224	100.17452	168.78023	151.51569	126.87169	57.12321	214.54449	143.51994	139.1497	52.68338	120.61137	111.68262	197.2852	201.99983	107.16207	170.59993	170.49317	168.42459	258.26759	248.71386	127.01213	126.86965	200.25362	160.27996	138.51869	47.65684	157.93893	106.21173	96.45889	96.76788	139.06576	171.76305	145.37896	82.05821	224.8203	209.97365	111.30857	113.3861	121.50081	125.30229	133.05672	102.29026	117.13503	119.78038	131.38193	217.52168	192.35394	223.57029	118.66694	233.75255	162.02491	148.97501	80.93365	194.72198	223.00393	88.48974	80.77633	114.421	103.05614	98.85564	77.14058	126.35107	233.85809	266.66989	249.72155	239.49411	125.27673	228.5791	234.24318
GH13_9	207.75695	136.07146	135.912	313.52726	133.30324	74.85226	98.92833	53.93995	112.56683	131.82274	183.9722	147.44282	257.16709	208.09605	204.41808	226.33295	119.92917	297.3694	204.65991	67.4366	193.54404	347.12276	70.8356	104.40217	109.05825	159.96546	108.66868	45.2702	242.5538	189.70663	80.71619	133.01283	150.89061	201.71941	156.3848	190.05953	386.24362	207.70542	214.08798	191.67514	109.90745	307.67265	179.72343	133.40918	59.35836	49.568	347.97043	386.6918	195.07905	181.6819	184.17443	175.42917	131.36451	168.52986	88.68192	234.56404	130.09363	98.96077	133.45485	84.21428	141.21739	131.81203	207.9969	92.396	68.3332	99.6029	149.45269	99.86833	78.84325	73.10029	162.74647	200.73701	107.61983	88.65767	231.49226	78.18634	146.25856	70.58384	71.13317	193.76699	137.62405	115.36812	53.41289	61.28801	76.43848	156.80484	157.79263	210.64749	313.22826	129.11561	130.47224	81.22563	108.49948	455.3759	114.09951	64.41031	83.33337	55.08523	138.50433	52.54977	107.26697	147.2107	160.05403	43.20873	103.54934	171.97327	149.06947	111.44406	83.82694	38.02266	54.78996	151.16685	320.27359	175.08302	180.46139	128.90839	180.988	306.13148	111.3116	232.28032	241.28017	163.89154	232.44234	213.50589	84.74796	190.49835	144.23331	134.37312	163.56966	165.30365	146.00375	254.52046	271.55321	98.29669	84.71498	126.36896	369.12713	46.64344	182.47178	244.34376	329.66223	168.36299	330.16575	124.68258	102.20029	219.10467	128.57305	60.03277	63.62827	47.65411	82.89448	237.95688	199.18677	120.87885	125.502	161.83665	404.30413	88.30963	239.67538	222.87932	251.66416	97.6464	88.09288	132.00418	145.76653	61.66923	126.76418	38.64607	178.90821	62.82038	162.04844	152.86316	229.23203	53.53431	70.54861	128.9162	37.80263	94.47887	59.11499	141.2783	64.2023	110.27971	213.69984	268.39982	97.48943	65.68692	341.7547	176.91395	185.13829	152.87187	69.46602	451.91456	252.97949	56.86827	48.20458	53.96566	86.56435	219.99882	70.07343	33.59521
GH14	NA	0.34983	4.40289	2.16034	0.37742	0.37898	1.1129	NA	4.53042	1.40898	1.25114	1.3896	0.01428	0.63197	NA	5.97723	19.27308	0.98805	9.72866	4.6047	1.60752	0.46369	NA	0.12444	1.24814	0.54072	55.32668	61.28558	0.24241	0.76552	0.22777	0.15866	8.5702	0.47112	0.17279	0.81216	1.44469	0.57982	0.86836	NA	NA	1.56204	2.76866	54.07388	1.03185	0.50911	0.70807	0.44742	0.65622	2.35761	0.76579	4.03411	0.97496	1.62577	2.77306	0.51326	0.13454	27.60112	20.96673	0.00959	NA	0.07521	NA	0.14739	NA	1.45551	NA	0.29716	NA	0.06991	0.365	0.98263	3.51914	0.21256	0.43768	0.77821	2.10856	NA	NA	0.17391	0.403	0.96355	NA	20.23161	20.63186	0.77152	1.25098	0.26645	0.2999	NA	17.06871	10.4495	22.41536	NA	7.14519	30.17943	3.93962	1.55237	0.42937	16.50448	4.79573	2.1181	3.54328	12.12099	0.89571	28.89275	22.19734	60.28997	69.60572	0.64826	1.95271	4.0576	3.98151	2.06916	0.35978	0.97401	0.24877	0.43307	14.90483	6.94652	0.21508	1.36389	1.20945	NA	0.19276	NA	4.44741	2.53093	5.6449	3.61086	5.18658	0.92782	0.44349	1.74509	NA	NA	0.0771	0.40074	0.11714	0.10751	4.15375	18.61528	0.0688	0.32138	1.23119	0.60788	1.725	1.83991	7.21064	99.75823	54.64281	0.16747	0.28277	0.20839	1.36063	0.30703	NA	NA	0.07628	NA	3.79882	4.13028	0.06642	0.31244	7.22471	44.08178	37.4398	2.66185	NA	NA	NA	3.01384	0.18821	2.47882	NA	NA	3.74075	1.59589	NA	NA	NA	0.10354	NA	NA	25.44447	33.31196	0.98073	NA	NA	NA	NA	NA	NA	20.49949	31.86502	10.23052	5.37843	2.70319	11.38361	17.45887
GH140	208.36685	226.35226	268.31746	257.8511	69.60941	58.81898	620.5483	876.53955	246.25397	176.44189	241.6303	106.92745	126.54657	226.21474	183.23206	129.00442	198.77424	339.7955	494.76645	471.46898	216.98172	139.54008	365.48447	252.91863	221.58635	341.93962	71.36088	145.04409	103.79577	123.6573	173.71354	174.96774	82.42772	247.54925	211.5784	469.23944	218.63734	137.3736	116.01896	54.36678	171.85595	123.62142	317.33574	24.25284	104.28169	107.84765	155.67377	239.83718	190.84927	216.3973	158.16409	233.5682	146.85725	151.87715	280.88835	195.13559	291.27035	243.28966	239.91823	164.11214	151.13522	148.60804	106.37917	380.10334	427.73832	309.92599	284.00821	153.09912	145.96784	137.5027	228.41259	302.42866	242.59047	324.35506	305.33437	249.34575	110.32451	164.39253	175.12149	219.84867	243.62215	210.89884	302.78763	38.43959	35.54193	332.4284	227.21726	107.31369	88.61783	95.91399	74.85436	105.42443	315.20344	40.87872	309.30295	110.69768	503.30309	498.25354	340.49764	28.1453	45.94497	555.11857	378.25659	349.20401	338.36547	60.19261	37.81092	370.01659	343.06508	718.75348	462.97837	539.84741	160.19588	237.22613	107.77907	99.5982	158.436	158.51369	14.13087	98.6759	205.61761	540.98397	363.47689	375.54476	429.21283	111.55923	159.59389	89.84209	168.86318	319.45876	326.94818	209.86208	322.41757	630.8059	381.04757	380.30527	41.49576	127.12799	63.65612	122.3097	315.16707	397.48204	82.47497	200.40103	286.3922	116.02617	143.62957	616.97617	575.576	163.19629	233.27767	122.27614	248.08699	87.63685	287.25279	318.20329	232.24706	247.27562	229.63525	254.58456	348.85982	643.20862	363.77508	113.85514	140.69475	59.72293	160.64958	466.52506	673.4871	421.27889	345.10074	191.13358	150.89256	251.80054	121.26492	147.52232	116.36412	108.93519	270.37812	522.8841	250.89087	159.62043	133.8962	143.84376	125.49342	208.13279	156.64631	379.20316	593.69797	100.99862	96.11966	80.09674	126.05261	55.1766	79.3633	57.65986	74.7567	98.14781	339.85966	434.03792
GH141	108.79874	80.81798	107.93435	82.75581	32.16315	30.86048	285.86469	279.46307	95.02206	74.74444	51.44978	40.38159	44.57642	101.83904	75.25354	19.47036	25.57116	133.53942	176.70751	172.45879	70.0358	44.44865	78.24448	18.50875	73.3321	99.79601	25.96855	68.71566	52.85569	118.59853	98.20612	92.95993	36.12936	64.60639	46.59357	182.64842	89.35918	45.98815	39.87096	26.06798	57.7506	37.07419	107.34446	8.11992	216.94331	210.12218	90.07687	71.35204	37.2545	53.11347	64.00822	74.46843	19.53583	28.41844	124.40217	78.85252	134.11901	43.88301	46.99117	66.62901	0.24688	47.70187	40.39743	207.79684	254.82253	180.19911	108.32383	67.60503	41.35316	39.99392	61.49993	66.35469	138.77349	186.66704	99.2924	133.94159	55.02973	68.76489	51.06784	66.37352	110.6183	90.20644	111.18606	12.77246	10.8908	136.68849	66.24384	40.29987	21.90304	48.52718	6.55661	4.19913	172.85257	0.03987	165.3262	34.00617	195.12168	243.22588	149.92441	10.50956	105.6747	173.1549	156.26047	145.81491	192.93406	23.59882	18.9167	25.82877	10.86001	223.39787	140.88877	112.10361	63.62527	96.20152	60.95408	39.36723	35.91871	38.7615	4.77191	103.50562	57.58767	221.14787	170.10775	194.64942	161.63544	61.69334	51.02215	70.28915	103.63619	188.38665	185.17383	38.98053	117.93183	247.81126	127.80292	176.31362	16.5928	51.94455	27.14818	27.76607	118.30518	136.79195	24.65287	85.99487	155.30662	82.27867	54.25773	360.86026	349.79196	10.50334	29.74466	83.43726	94.63043	24.04009	108.11491	128.01422	83.73145	102.01874	91.25012	119.75083	163.81202	244.00737	111.59807	41.84177	143.21163	46.64941	96.79333	307.30746	225.7314	196.65273	93.08715	66.32994	40.55423	175.70047	78.73844	205.525	67.60503	44.49994	55.97106	219.6671	50.12875	12.57649	66.50136	62.96043	5.68261	0.36704	64.38882	263.18374	385.31065	116.44476	94.90633	23.18163	51.28353	1.84399	10.54357	17.064	6.97601	30.15894	19.4595	1.10242
GH142	62.55406	53.60579	87.63988	57.97205	11.27293	14.65884	185.49857	192.67375	71.48064	55.33037	36.01201	31.86116	32.37911	61.21463	47.8427	76.59737	125.09969	84.76206	120.99902	115.69234	51.15161	27.49172	51.63848	11.38624	52.04173	74.30819	15.73398	49.32424	26.68536	52.54795	44.90117	40.70104	27.13357	67.96712	47.42957	116.48826	55.92186	33.24248	27.05849	15.34015	38.00806	26.05887	66.55681	5.16303	44.40671	59.89387	55.78425	43.73439	22.45643	28.79773	37.69229	79.71918	8.48652	13.97757	72.74042	44.07676	79.99892	115.90409	88.03218	49.5713	29.5696	29.28543	23.80921	203.01423	328.26147	76.76944	70.39509	38.52327	17.76042	21.25759	38.39265	50.22751	66.08726	95.31132	71.53628	86.73221	33.66683	37.6531	22.00595	44.92249	73.4507	56.02724	73.46783	8.9809	8.24272	77.9369	40.15043	24.14245	14.06851	24.40655	43.94522	76.59674	208.51567	0.17089	118.18138	56.90323	134.15669	155.54188	93.14902	3.37305	9.19812	108.06078	112.3628	107.82318	96.09366	12.61228	10.88648	187.70677	189.31764	138.43867	75.95112	68.6664	42.33556	49.43694	21.45323	31.01598	23.84979	26.26161	2.35218	36.19532	45.06169	132.95904	99.38957	123.64771	104.90988	33.9717	35.51555	22.71807	51.27823	276.42413	189.72431	32.60635	71.69319	158.74364	86.29068	132.27782	10.22223	34.60023	8.71526	22.13035	72.96679	104.82746	17.10024	39.55546	64.09208	41.06796	29.65814	137.7383	139.36754	121.59752	158.26071	35.31175	49.36131	17.86246	70.2849	75.39696	49.11462	64.88276	54.23679	71.21205	111.78377	164.1159	68.14906	25.96936	61.44439	24.28535	58.2663	172.163	136.27377	130.2128	66.63045	43.34656	28.58812	108.57341	64.10908	112.49703	87.06408	49.79663	36.82443	156.86267	31.4144	10.4017	37.57502	40.45694	93.67757	146.89555	40.36867	98.61932	154.20471	93.51893	93.45744	15.36494	33.01111	42.7145	54.12522	29.80537	45.39067	29.9383	221.45631	337.9387
GH143	62.99139	54.31089	68.45805	56.79919	10.90847	15.73198	165.79202	158.92681	68.75871	47.90504	32.33625	35.23906	30.46365	52.81735	43.47755	68.48998	111.82945	81.87216	102.84793	97.98461	50.43046	26.25623	46.71116	10.66873	46.55055	60.65309	15.27692	44.79957	22.52887	52.74687	44.31346	37.17149	22.17324	57.7181	43.73979	102.19363	48.09024	36.78553	24.17843	18.16097	32.24304	24.10798	63.77664	5.0093	40.07133	57.45066	52.0823	47.23577	23.3226	31.71766	34.1638	76.42208	8.36012	14.05903	69.45452	46.53032	72.70854	111.73551	94.07794	28.65725	0.03126	27.21986	25.43835	198.84443	318.9255	69.43548	67.25664	36.49141	16.69768	15.67022	33.18968	53.88026	64.0241	93.49215	61.84647	80.80369	31.57524	32.85711	25.93397	43.59051	70.90947	53.24843	71.96453	7.0985	8.54005	75.83231	37.38301	21.1081	12.35872	22.39719	45.10005	72.77898	210.03887	NA	93.04886	58.14105	120.56429	143.77915	95.25825	2.67887	5.57651	103.29528	98.31024	87.96904	96.49544	11.80865	10.22838	166.44315	166.89216	132.25917	82.79606	67.19442	35.81339	47.65351	17.48264	22.28619	21.63761	26.93004	1.38594	26.74015	37.50744	127.22912	90.67754	114.04283	93.94053	29.8685	31.40698	23.73692	45.85215	273.28214	191.64426	21.42237	68.25985	146.46574	82.83464	114.74327	10.66421	32.03748	10.20971	15.83313	73.36487	78.62253	15.82384	35.16435	59.66602	36.23194	29.38112	130.07742	125.65952	115.41348	142.68104	27.73486	47.87293	17.36406	65.04758	70.49517	51.85761	57.14035	46.59194	58.65757	84.48569	142.08693	65.24518	23.75	45.01741	23.68993	55.07454	172.13526	145.14585	117.22556	58.0217	39.36379	21.79153	87.64575	63.02142	109.7392	82.33337	46.50169	38.43886	138.76076	28.94365	8.08819	25.23772	29.71464	95.95594	128.71738	37.31301	92.90641	130.04225	58.38469	29.70619	14.80661	31.53787	41.7152	56.27472	32.45462	46.46889	23.69874	219.62603	332.26225
GH144	81.36634	208.2038	298.20999	155.60951	60.36636	51.64062	150.56211	117.68443	117.96239	168.53557	104.85265	141.87405	122.9169	211.59915	155.05824	49.18283	104.7736	109.20669	205.98883	266.26751	207.59905	139.66501	126.70562	96.9247	334.59775	226.56792	64.10528	72.39726	190.75357	302.45118	142.06465	242.74409	86.55989	122.23157	166.60974	174.89566	179.29754	192.68365	191.26946	33.76405	212.21793	174.59951	180.76044	60.09459	183.08538	239.1101	200.17592	120.36801	167.21718	120.42778	86.19601	133.67518	80.43452	111.79291	329.69281	138.67605	153.68082	74.43158	87.09591	619.70464	437.00278	94.33351	69.61155	232.31923	225.19293	319.804	213.4671	89.9302	248.80488	289.95438	226.14623	190.84433	439.13824	398.87581	141.00243	332.50753	174.98808	96.34383	87.94328	93.86391	77.03524	361.06807	443.15615	80.33445	70.29714	140.88357	149.07905	88.95116	69.00757	120.49086	69.96679	54.18071	216.96759	0.71942	388.62499	49.39395	288.18194	258.39394	223.81457	59.62358	84.869	197.99185	295.64032	332.3841	221.37743	51.42942	44.01425	56.48883	81.29923	137.05962	223.47789	129.38195	264.78182	290.61178	85.30225	182.76254	99.15161	121.77485	40.06643	107.08455	210.46135	179.6937	225.89183	155.54131	253.56554	45.81038	68.81137	669.8898	504.68584	187.22756	190.09748	209.33576	142.341	113.00762	383.21918	323.56836	13.78286	288.03244	141.16772	199.56853	218.66619	391.42334	40.67074	39.8594	86.65383	205.64468	214.54857	304.86606	307.77493	62.38474	61.9051	143.29936	187.0217	101.92766	138.31682	196.73153	81.58412	277.73605	214.01481	240.85691	346.70747	287.55686	477.97169	176.83841	837.86691	83.88098	153.98437	242.66884	102.58784	384.28102	383.20736	249.53639	51.6685	485.12024	329.93265	486.50651	9.60107	28.62138	414.34669	198.49266	367.6707	224.98859	99.73531	220.95691	39.36609	31.4719	130.44184	70.38473	155.64013	529.28822	671.406	162.70156	280.59197	29.48603	56.5989	30.66971	28.44654	76.40242	21.59506	5.85752
GH145	119.69092	229.81408	160.54064	122.82047	58.49036	53.13215	300.67053	319.93908	178.16616	166.55633	148.82526	131.93873	119.59795	133.83823	100.93596	22.56068	44.31647	164.52479	210.68208	238.47646	110.10782	115.51023	201.32149	141.60037	153.45282	178.22236	35.45901	68.7456	89.69218	134.6049	164.22917	138.20368	79.4132	126.38763	103.72253	223.16397	150.73418	107.85651	110.10099	126.24289	177.11338	89.54951	160.76473	35.52671	36.41127	29.29942	120.4797	113.08801	98.01811	131.10653	85.16258	82.67415	138.46363	104.90815	133.72728	96.07367	117.03692	50.20113	81.3469	98.24837	0.38274	226.26382	194.10232	101.11974	7.16429	158.80024	158.96436	149.93583	176.01007	151.43676	78.1813	99.1778	139.23594	182.68132	145.76527	142.42951	85.02847	155.38561	158.72297	130.38287	173.28458	99.44034	150.62956	21.11377	19.17785	181.17498	130.27583	60.74048	68.55539	125.01417	8.61855	6.58956	8.97808	NA	201.43608	23.5697	149.24146	190.32301	189.13686	10.99604	26.68606	215.85689	189.65716	196.46486	124.33126	28.5805	15.13045	50.56913	28.41294	279.63987	159.40729	150.11842	87.34324	117.49475	35.47939	58.38928	147.34179	119.0348	6.07347	59.69892	64.48948	242.31526	205.13541	208.35729	198.63884	208.70944	215.84998	155.59373	135.08328	17.88353	38.61661	50.02904	147.47241	303.49684	234.63524	186.0878	59.81939	188.85497	120.72596	82.44176	135.54319	195.25749	131.35807	180.83108	195.71943	97.41847	77.73395	328.55134	298.73838	8.02513	28.25256	88.61632	115.02641	183.2035	191.06552	204.29577	91.85123	103.47587	117.89512	164.97869	171.6219	281.49861	235.60144	81.7371	100.77753	27.61923	45.30404	315.63043	313.58341	212.5955	135.6514	142.60938	159.41244	201.7706	100.76265	249.25738	3.15749	19.46708	195.42347	272.91333	198.20205	201.68062	72.35086	94.77378	7.19049	3.01637	68.11344	172.22806	221.64189	139.16859	97.43581	47.8529	110.80993	0.72414	7.36058	2.51677	2.23144	137.54251	26.54662	1.87333
GH146	334.26393	284.21042	197.52075	156.46909	225.96037	214.28588	406.41009	562.4074	236.10688	201.16097	234.35201	167.92844	178.09688	188.2994	136.25765	93.9008	174.14136	196.17827	237.71752	257.8099	160.5347	165.80305	209.31764	170.18359	200.88942	231.80466	182.40624	259.05554	110.03563	149.70706	258.27093	183.40443	162.32304	228.77787	196.72656	284.07038	167.43913	228.18052	209.99138	179.71595	276.10655	125.95853	226.47119	250.80204	283.67801	274.96186	178.45777	175.73419	150.88965	195.66909	116.77837	217.57587	344.48883	277.60734	320.18376	135.70774	199.86644	406.21052	323.50951	169.31923	10.36205	246.32916	204.92816	393.71365	534.1489	298.11195	226.78545	215.54858	220.5471	232.85763	199.81554	180.25373	243.3343	232.96262	242.25851	428.12136	73.80688	101.10147	76.35798	151.41184	228.773	297.40083	326.41224	230.11517	215.67763	237.48224	152.30987	61.62892	102.20432	172.82926	168.40542	223.06596	404.14344	10.04848	252.34004	263.44722	247.72655	290.99306	310.44246	177.82724	112.57483	311.89719	289.29938	267.64693	186.87363	169.43824	168.87935	200.25854	205.75201	494.67427	231.90311	252.59848	239.28542	325.99737	78.5136	130.44793	142.87385	100.95038	281.78957	184.63114	190.17864	298.09238	223.96701	303.05156	348.59673	291.11383	304.90811	90.39335	133.10548	475.43156	380.46814	149.69284	158.14775	354.67196	607.63388	547.38825	63.00772	189.22276	86.73904	69.77109	238.40172	241.42896	235.36821	199.30074	227.03946	226.79069	290.61074	332.70258	294.15823	239.9653	226.00127	112.81071	194.43798	315.13208	207.92845	205.35346	161.83476	301.96358	301.46711	336.79166	280.75011	457.44886	235.85824	104.5981	117.47721	239.91561	310.02836	428.99458	491.28976	561.7821	437.53197	213.6739	221.50603	306.00741	182.06013	264.3395	294.79276	182.20532	201.85783	339.47847	187.50513	186.36889	104.82621	144.71353	106.97804	245.63301	142.91126	212.968	321.8995	122.14158	100.57691	119.03727	226.79055	97.3189	161.33834	162.8562	175.62534	210.69276	199.99579	247.32315
GH147	29.73507	16.17622	73.96776	26.95275	6.08487	5.78522	5.09568	43.01013	53.2733	57.16217	24.25085	24.90557	12.87894	58.93114	56.7128	8.69614	31.43176	34.30986	35.74394	93.13121	26.29854	16.31557	30.63538	13.17503	25.1956	28.08239	2.72312	4.75713	30.91076	19.02059	24.87722	22.80364	27.08569	16.87773	15.72499	35.96241	19.98935	49.9697	51.96954	26.57783	48.23232	43.67776	55.4372	3.89693	9.05059	5.13381	23.15392	15.76407	26.54853	21.51668	33.8946	27.88903	6.13988	8.21956	50.28359	23.10232	26.96264	35.54294	29.02545	68.16117	0.02182	100.26768	34.50494	19.71877	0.41604	27.93513	77.03887	12.15761	71.92669	65.69012	43.55737	63.99992	9.0492	13.34829	1.22256	15.13171	9.32552	24.7224	21.32517	14.67622	8.51507	4.03827	5.1944	4.0178	6.68617	31.12739	19.61687	6.63705	7.26651	9.48285	5.94004	6.21969	11.75687	NA	79.9059	12.10459	24.1845	13.12551	27.14152	3.96008	7.02898	12.13637	40.25113	82.22683	34.56979	6.93237	4.49711	17.04228	22.5531	36.29613	79.37855	27.57704	39.45737	79.58593	16.36422	27.90801	24.53389	30.43992	14.27139	22.3385	15.67103	57.9184	55.13225	15.33962	31.1629	6.58191	19.90923	71.57693	111.26045	6.42023	17.29876	45.22865	24.92235	48.57882	24.43061	21.58856	0.92743	34.05377	22.10418	35.02661	39.20029	61.97033	9.08284	17.88894	40.63382	39.3417	23.24012	1.96207	1.67783	1.32875	5.29074	54.41257	49.92957	16.20823	10.4782	6.49958	13.22002	47.38613	27.37144	38.06203	26.86596	16.49106	58.12433	43.21105	159.0867	8.18709	8.22276	60.30721	43.1427	4.91249	5.56405	25.69646	17.89126	50.87506	57.76846	405.35926	0.88019	20.68509	100.25043	78.22479	83.37417	23.54451	45.85424	27.10595	2.10932	0.1743	35.01684	19.00679	28.25196	187.75849	152.79756	13.12287	36.18952	0.20684	1.4976	0.90166	0.47029	17.63082	5.57101	1.14521
GH148	2.24252	4.88787	2.69827	7.85215	3.8539	2.99829	NA	0.78522	10.96781	2.58162	2.00747	6.35479	8.56299	0.78582	1.31555	10.97182	5.56972	5.41859	1.38138	NA	1.75428	1.2756	1.03774	0.63188	0.80839	1.77729	0.32999	0.69651	2.43572	1.45007	0.47637	1.80328	8.90597	2.20166	0.55516	5.68515	2.24787	11.63649	4.18122	0.97747	3.07004	2.5736	1.86816	0.77404	0.33057	0.9289	2.25962	4.76036	7.91759	1.62134	0.59353	1.53016	0.581	1.14189	1.05201	2.96568	2.53522	NA	0.85269	NA	NA	0.58585	0.81453	0.16687	0.19315	5.05842	0.86948	2.79552	0.76229	0.63197	2.54516	2.1065	2.49125	5.17413	2.55392	2.64367	3.38341	0.06324	NA	0.60394	0.30929	0.81994	1.46718	0.41918	0.51314	4.9367	0.59684	2.85048	0.99999	0.54116	0.26249	0.12256	0.99711	0.36031	3.54217	0.61027	1.0821	0.72341	4.02703	0.03656	9.37741	0.05104	6.83804	0.11418	NA	2.39324	2.00327	0.10028	NA	4.53544	1.24881	NA	6.53763	5.43559	1.08014	1.21868	11.23593	11.03952	1.85437	5.72591	22.16907	0.95517	1.76617	8.87504	5.03236	3.68076	4.39458	0.35568	NA	0.26834	0.30863	2.38222	0.9789	3.44438	0.27288	2.05895	0.56906	0.23391	6.64224	34.7038	1.93625	NA	5.72005	NA	5.6388	10.74209	7.42968	1.00747	0.14155	NA	0.94863	5.13489	4.31642	0.65829	3.8966	2.98177	2.2428	0.40128	0.28906	1.3085	NA	5.91457	NA	0.41352	16.23872	0.67063	4.47155	0.50337	1.30138	NA	NA	0.26391	0.28633	1.08419	0.76092	12.95982	NA	1.91182	NA	1.02544	0.21541	0.58396	18.49318	15.9415	4.87769	0.05416	7.18765	3.91321	3.59796	1.16269	0.93334	19.96605	19.13724	0.11867	0.82535	1.46524	3.29789	2.82066	0.05929	0.10703
GH149	NA	NA	NA	NA	NA	NA	NA	NA	NA	NA	NA	NA	NA	NA	NA	NA	NA	NA	NA	NA	0.01149	NA	NA	NA	NA	NA	NA	NA	NA	NA	NA	NA	0.08653	NA	NA	NA	NA	NA	NA	NA	NA	NA	NA	NA	NA	NA	NA	NA	0.19376	NA	0.1476	0.06013	NA	NA	NA	NA	NA	NA	NA	NA	NA	NA	NA	NA	NA	NA	NA	NA	NA	NA	NA	NA	NA	NA	NA	NA	0.04671	NA	NA	NA	NA	NA	NA	NA	NA	NA	NA	0.0845	NA	NA	NA	NA	NA	NA	NA	NA	NA	NA	NA	NA	NA	NA	NA	NA	NA	NA	NA	NA	NA	NA	NA	NA	NA	NA	NA	NA	NA	NA	NA	NA	NA	NA	NA	NA	NA	NA	NA	NA	NA	NA	NA	NA	NA	NA	NA	NA	NA	NA	0.38793	0.10632	NA	NA	NA	NA	NA	NA	NA	NA	NA	NA	NA	NA	NA	NA	NA	NA	NA	NA	NA	NA	NA	NA	NA	0.03586	NA	NA	NA	NA	NA	NA	NA	NA	NA	NA	NA	NA	NA	NA	NA	NA	NA	NA	NA	NA	NA	NA	0.41301	NA	NA	NA	NA	NA	NA	NA	NA	NA	NA	NA	NA	NA
GH15	63.9623	116.15616	81.2185	68.2317	23.46448	18.4646	196.23502	264.01847	129.90768	96.12904	49.02493	69.57056	47.73531	117.3946	181.09193	28.84182	27.30738	98.39853	153.16547	172.59198	92.164	20.93109	83.68984	20.50102	66.58634	88.36145	66.18901	73.15977	51.29217	38.83446	75.52707	60.83951	46.60903	102.44505	89.3692	146.228	71.19192	52.97987	51.53838	9.58006	68.98563	48.25661	127.38557	14.04753	31.22867	16.13451	59.08748	90.04432	44.07639	56.67426	106.63786	89.20678	13.94695	37.60296	133.26404	63.54576	79.17266	31.47445	39.28911	133.79584	153.83772	40.31541	34.32361	74.79474	4.62811	141.13203	157.53463	34.25793	90.6643	80.00743	73.72604	111.27137	83.79096	140.17587	80.92298	72.51516	42.16596	39.99229	32.66979	53.05835	54.99264	87.74679	131.31844	12.64519	13.35932	115.36934	157.70989	33.60699	70.46	33.56663	46.75678	14.531	13.82815	7.53371	144.63815	10.38292	189.63855	140.0366	96.03667	5.54973	18.63278	182.65453	143.69151	215.0472	126.86986	26.85917	14.1515	43.64088	34.54604	178.53435	197.10769	159.70738	77.38291	138.51065	39.89239	41.18621	31.41558	72.64103	7.16183	33.14801	34.8904	152.52473	106.30486	75.8248	108.31236	25.4562	54.58242	92.15149	97.90095	7.54564	35.27685	41.00525	117.05413	232.38529	206.51586	145.96845	5.84519	88.16378	36.02675	56.1782	80.3232	183.5935	35.64028	58.71445	79.16796	74.16645	95.61947	247.18307	222.66029	7.98449	18.42697	33.98201	96.83334	43.44924	76.80524	74.38079	49.32559	74.9456	68.78634	65.93031	99.09291	182.63515	239.0099	80.6233	108.03552	44.67749	41.72613	145.7199	191.44164	109.64678	69.29869	92.71369	50.96769	79.94002	74.91232	192.64968	1.90051	18.91187	51.8751	171.32374	50.46666	46.73986	43.68962	66.12798	11.9184	3.46559	68.07395	111.708	167.66253	104.9308	71.56277	33.77338	72.55071	0.41075	6.34736	2.50253	2.33535	71.66036	24.99044	0.91327
GH150	NA	NA	8.19324	6.01879	NA	NA	NA	NA	NA	NA	0.93925	NA	0.08088	NA	NA	0.19201	0.49554	NA	NA	1.42866	NA	3.68336	0.0208	0.01744	NA	NA	NA	NA	0.02264	0.01257	0.15269	0.05745	0.09791	0.15442	0.14526	NA	NA	NA	NA	NA	NA	NA	NA	0.01921	0.11985	NA	NA	NA	0.6198	0.88522	NA	NA	NA	0.06551	NA	0.48355	0.28275	NA	NA	NA	NA	NA	NA	NA	NA	NA	NA	1.17693	NA	NA	NA	0.03675	NA	NA	NA	NA	NA	NA	NA	NA	NA	NA	NA	NA	NA	NA	NA	NA	0.31191	0.2186	NA	NA	0.02526	NA	NA	NA	NA	NA	NA	NA	NA	0.12083	0.19604	0.12706	2.14768	0.233	0.01995	NA	NA	NA	NA	NA	NA	NA	0.04742	0.01137	NA	0.0608	NA	0.04594	0.04023	NA	NA	0.33396	0.01787	0.41151	2.98907	NA	NA	NA	NA	0.15799	NA	NA	NA	NA	NA	NA	NA	0.06025	NA	NA	0.0489	NA	NA	0.19191	0.09736	NA	NA	NA	NA	NA	NA	0.04918	NA	NA	NA	NA	NA	NA	NA	NA	0.08376	0.09953	NA	NA	0.05736	NA	NA	NA	NA	1.35328	NA	NA	NA	NA	NA	0.08128	NA	NA	NA	NA	0.02799	0.01993	NA	NA	NA	NA	NA	NA	NA	NA	NA	NA	NA	NA	NA	0.04331	0.02147	NA
GH151	2.4872	0.19992	1.30008	1.12928	2.14629	0.29956	23.78477	5.36153	2.04702	5.63363	2.11827	4.2354	3.86163	1.62507	0.33413	4.61687	5.88327	0.73138	8.90341	1.55942	1.94698	1.27964	1.33441	0.94168	0.55725	11.39669	0.18534	1.5435	7.33764	1.64108	1.51127	1.83724	6.10688	4.67309	3.09922	0.21096	13.47876	4.68712	3.17636	0.06811	0.67375	6.983	4.21951	1.19953	0.29725	0.24611	3.22512	0.7709	3.37918	4.9782	3.72625	12.11951	0.82688	5.82411	3.08937	1.15118	1.8142	0.69174	4.95811	20.29364	46.89622	1.41573	3.51957	2.75471	1.01775	5.91824	2.47742	1.13743	3.29386	3.20085	1.98976	9.22187	0.64459	0.22243	6.54573	1.4195	0.87544	1.37	4.01527	0.2058	0.26233	1.68247	0.57604	0.08455	0.4867	4.96096	1.1302	4.04793	1.30189	1.14012	1.71105	NA	3.91551	137.19795	21.67859	0.95129	1.34202	5.21605	2.34965	0.05	71.1753	35.79178	11.64201	10.14827	3.42987	3.90302	0.92498	6.52352	1.8113	3.39346	4.60522	58.02653	12.99823	10.18232	35.07519	3.6161	1.8289	1.96186	0.77401	31.22224	16.0262	15.94553	36.6399	7.92063	6.32198	7.04493	9.42048	8.20463	9.99326	0.25212	6.17313	0.89902	1.17365	2.01608	0.7119	4.4888	3.64514	0.09356	2.54694	6.55934	11.36708	43.99708	1.12937	4.95832	8.35579	11.33106	2.98244	1.04424	3.01789	0.36751	0.65349	1.48559	2.09462	0.53427	0.48069	4.18328	21.39921	2.12147	11.95225	3.85977	12.89913	7.67778	0.56894	1.30065	0.88758	0.86908	0.72032	10.99431	9.29978	1.96979	6.48585	1.2635	4.63241	1.85161	1.14314	0.47224	NA	0.72418	0.12976	1.98594	0.63582	1.33298	4.15217	1.68258	3.54369	0.12575	15.69872	5.12145	19.58245	5.32539	8.28963	7.92039	9.68602	NA	0.80397	NA	4.23014	1.6193	0.22039	0.42301
GH153	10.35421	0.4988	NA	1.22773	7.26571	0.99999	9.83383	1.19194	0.54506	1.33834	9.06484	1.00065	2.85377	16.22382	14.1282	2.40097	0.49699	33.61	8.60707	4.09162	1.87276	0.57553	0.28165	0.10119	4.8683	3.3713	38.60038	1.84095	0.89711	0.43953	4.07469	0.08618	0.61977	0.41898	0.15122	2.68694	0.67496	3.51209	3.17981	5.98011	1.06439	1.71936	0.97489	NA	0.3169	0.23169	8.14251	2.07508	0.48665	0.20478	16.62815	1.4505	0.63704	0.86821	0.65915	0.36676	1.80381	5.79749	0.77739	13.7596	41.85938	1.5641	4.2452	0.42335	4.22728	0.40724	12.88838	2.30057	12.55608	11.73292	6.24865	1.55917	4.59239	1.72582	17.09131	7.4289	1.96008	1.18686	0.44442	134.85458	115.20691	5.90066	1.61473	0.05982	3.49583	2.36866	48.43671	0.10085	6.76212	1.77461	3.57708	0.51495	0.20002	22.73588	2.78597	0.84249	0.85811	2.28793	40.67005	7.48439	0.08417	2.04832	1.22142	3.99827	1.82739	0.14707	2.05285	8.27495	0.84972	4.07579	2.88363	0.07164	0.50473	1.21626	7.90692	0.26393	5.08006	1.7217	1.13464	0.36455	4.0497	3.69718	0.15092	2.24017	3.08733	1.08793	9.65717	0.7914	1.47065	0.39345	1.17758	13.7522	0.23812	0.78129	0.27025	0.60303	0.92037	0.41658	2.09434	3.32351	2.18395	4.42354	1.22564	0.12766	2.27409	0.42325	1.21893	1.92699	NA	0.22657	0.64158	1.50055	2.20548	0.23401	4.9561	25.35848	1.16124	1.51594	0.78569	1.59349	1.1784	0.07786	0.64816	2.46844	6.49832	0.18247	0.77323	0.81605	2.0599	0.29471	1.99655	0.4968	3.50944	1.46546	0.8729	6.30757	3.99296	1.24861	10.89888	1.35721	11.6285	NA	0.37396	2.05987	0.53987	0.06447	1.45655	4.19354	3.67247	5.33687	14.02006	0.66859	1.5833	0.25834	NA	2.95186	0.94349	1.9101	0.27725	0.1214
GH154	219.05345	429.40897	371.30487	298.57678	377.864	366.45871	398.66777	298.04868	491.20543	431.18855	275.45509	408.04622	332.99194	314.15237	231.35616	115.13323	188.22143	274.09533	392.90816	609.19039	294.38387	292.25954	273.1227	297.98853	253.3099	313.12705	113.83654	170.62558	206.00404	347.03451	456.83561	329.27394	206.43313	253.97965	204.52211	314.73101	274.4311	322.9849	334.24108	178.85378	307.97295	306.29183	364.21456	107.7977	402.95985	390.90889	285.01678	284.93417	247.42107	282.29013	221.3285	165.07124	309.3961	225.41747	295.02707	196.30672	240.5168	149.55919	235.40735	341.86739	114.04338	482.98811	410.44356	179.38716	26.47652	357.37965	356.05891	481.84097	460.01534	410.58496	231.68361	273.27169	266.5893	396.91734	302.68379	300.51733	168.41353	310.55647	336.12323	228.65012	309.68287	196.96104	250.62554	70.5499	75.38663	277.25244	185.0488	143.41839	216.7079	311.03068	142.45591	207.9654	255.461	39.34358	446.89638	202.42729	359.07022	358.15416	404.81756	182.04526	253.24526	272.20061	381.239	505.8957	366.79613	88.6372	55.91164	158.69999	148.20855	500.57698	343.97886	376.54949	247.84304	337.37451	133.69256	192.43539	317.62505	212.93054	261.2922	267.0654	190.96047	374.91636	315.29369	281.01484	312.72398	294.95979	339.35323	342.48002	278.12149	76.77512	116.56373	145.52803	278.99213	437.66098	545.51289	532.87032	156.36329	504.81238	291.33797	258.88606	315.52842	438.49545	386.61322	528.97756	511.90992	305.22858	277.33977	489.53006	529.07094	95.87819	94.98703	182.77866	292.83546	385.38902	413.15046	403.2945	264.66263	274.47798	296.02635	374.30441	455.74306	611.34296	407.84562	176.73114	554.76806	120.34419	88.84654	522.21356	579.34481	427.88411	308.53279	388.95722	434.71986	446.01457	281.54309	1031.24542	354.76494	245.6053	244.83795	452.92796	294.18755	396.60226	158.94687	152.38127	219.02814	260.46025	225.52882	232.63509	318.25948	471.54228	444.60903	166.82793	317.20685	407.03237	351.8215	190.87876	175.32954	339.41029	91.11018	19.42314
GH156	NA	0.1283	0.61236	0.54088	0.77149	1.10482	NA	NA	3.48807	0.98879	3.77484	3.94131	1.8658	0.31821	0.40838	9.01657	7.02824	4.8075	3.83035	0.3646	1.72436	2.88201	2.21581	0.8616	1.30239	0.99863	2.26576	3.05371	4.43351	2.21604	3.29544	3.17284	7.61511	8.06626	1.80175	1.95277	3.73607	6.99984	3.7285	0.25849	2.19836	2.68984	1.73723	0.97985	3.51901	1.44496	4.60069	1.85127	1.78004	1.22887	4.15909	4.93302	2.34843	1.99275	1.84523	2.70844	3.85804	10.01511	8.45223	NA	NA	NA	0.066	4.95834	0.11146	5.93152	0.50716	5.8248	NA	NA	2.83972	2.93954	3.17804	1.67552	0.03396	0.18933	3.05989	1.34403	1.13097	1.06855	1.81337	0.44102	0.30362	1.14378	0.82632	1.10594	2.02716	2.5431	2.22621	2.17754	1.31679	0.88073	3.61894	NA	0.25513	0.76446	1.88074	4.63648	1.25796	3.80895	4.88082	2.06322	2.1768	4.80454	6.95231	1.31942	2.03765	4.56315	2.66055	0.58243	3.53641	2.75641	2.13581	4.21881	2.81784	4.98777	0.23576	0.18823	8.17402	11.48792	2.18284	0.0353	NA	2.3407	2.92633	0.46442	3.59991	NA	NA	0.53168	2.30933	0.96032	0.25708	0.29711	0.91463	0.32345	0.21102	5.07115	1.56183	3.28807	NA	NA	0.57926	2.05587	0.78717	3.70718	3.56982	0.68218	NA	0.68564	1.10342	4.63773	3.56921	1.52637	0.91689	0.60231	0.11035	0.29625	0.58888	0.3416	NA	NA	0.87979	2.58083	0.10975	4.98333	1.90914	NA	NA	6.48704	5.30888	2.1598	1.38592	1.6605	0.46586	NA	1.49646	3.38754	0.27643	NA	0.60733	1.15278	1.33718	1.18903	2.29812	0.08604	3.3607	NA	NA	NA	NA	3.06153	3.17437	0.06834	1.39968	0.69937	1.7035	3.61603	1.51475	0.04725
GH157	NA	0.06676	NA	NA	NA	NA	NA	NA	NA	NA	NA	0.35254	0.15725	NA	NA	NA	NA	NA	NA	NA	NA	0.04745	NA	NA	0.37912	0.09714	NA	NA	NA	NA	NA	NA	NA	NA	NA	NA	NA	NA	NA	NA	0.06864	NA	NA	NA	NA	NA	0.03757	0.21397	NA	NA	NA	NA	NA	NA	0.06166	NA	NA	NA	NA	NA	NA	NA	NA	NA	NA	NA	NA	NA	NA	NA	NA	0.06253	NA	NA	NA	NA	NA	NA	NA	NA	NA	NA	NA	NA	0.03498	NA	NA	NA	NA	NA	NA	NA	NA	NA	1.40877	NA	NA	NA	NA	NA	NA	NA	0.54178	0.01663	NA	NA	NA	0.12228	0.04151	NA	NA	NA	4.54756	1.98734	0.04126	0.13539	NA	NA	NA	0.14211	NA	NA	NA	NA	NA	NA	NA	NA	NA	NA	NA	NA	0.17665	0.45841	NA	NA	NA	0.41921	0.01428	0.15726	NA	NA	NA	NA	NA	NA	NA	NA	NA	NA	NA	NA	NA	NA	NA	NA	NA	NA	NA	NA	NA	0.67456	0.03239	0.02541	NA	NA	NA	NA	NA	NA	NA	NA	NA	NA	NA	0.03701	NA	NA	NA	NA	NA	NA	NA	NA	NA	NA	NA	NA	NA	NA	NA	NA	NA	NA	0.03179	NA	NA	NA	NA	NA
GH158	NA	27.81341	36.61627	17.21147	3.11354	2.18479	NA	2.75135	NA	NA	17.44443	NA	NA	12.96564	10.41103	1.79006	2.59248	9.30588	28.01456	18.55037	20.00757	32.82674	0.21753	0.62518	39.26751	9.81577	0.88832	2.82667	14.95381	26.3635	3.98924	11.51804	2.7575	2.4027	4.22876	16.04557	25.86581	19.93838	16.37495	1.90732	25.90423	18.95677	30.56993	0.31948	0.57871	NA	8.77365	10.75929	11.28766	3.8667	3.51104	7.3782	1.20022	3.36772	23.02329	12.11005	7.77314	2.28595	1.40469	7.51965	NA	0.80543	0.28939	15.21296	NA	10.64761	15.49001	2.23998	0.86261	1.35563	8.21747	10.18398	6.08421	4.28862	0.33816	3.21012	8.14926	1.32272	NA	4.51994	4.44725	20.62131	26.09904	0.44911	0.88909	0.79244	0.63614	1.86737	8.58568	9.50403	4.00572	2.72304	1.52868	NA	33.66102	0.26045	66.4756	18.09289	11.59236	0.84104	5.42616	4.22968	12.6392	0.13551	3.8327	1.17788	1.34868	0.88903	2.62723	5.55645	2.16826	0.07968	13.14741	14.39277	1.35601	4.72951	1.6471	29.58028	0.11364	11.84161	1.20713	10.71293	11.96717	3.34032	3.30568	1.66289	2.52308	4.77881	12.36956	0.41652	3.10151	3.63823	5.31106	6.00662	72.08621	39.08459	0.49321	36.9409	18.09406	36.36612	0.14438	0.66732	0.06591	0.25255	1.49929	9.35376	14.74345	69.91722	75.06632	NA	0.76824	4.64598	3.69447	0.71105	14.02203	16.94621	5.6206	1.92647	10.56028	13.2915	17.25564	29.38142	53.15755	0.73318	0.15334	1.70059	1.12707	16.86254	13.85949	3.19671	5.8015	25.89949	3.29974	24.30373	22.31088	7.25835	NA	1.15458	85.39424	NA	64.97126	30.31426	7.38726	9.22129	0.54905	NA	7.63544	6.67257	NA	NA	NA	9.96493	10.77631	0.07622	0.82539	NA	0.46263	6.71629	0.75634	NA
GH159	2.157	1.09151	37.24959	20.69478	3.68396	1.90259	43.63523	18.80901	5.84723	3.77203	11.59737	3.61764	2.48776	4.71047	2.77275	8.20766	13.22961	7.51704	7.30946	6.19359	3.24114	6.70019	2.22909	0.54222	6.07469	11.16084	0.08715	0.75807	7.25964	11.6665	2.19388	4.62658	10.45668	16.62302	4.16139	5.83342	13.25939	10.02927	6.26544	0.96477	8.06316	7.85742	8.81705	1.53607	4.57881	1.46415	5.30025	1.66611	3.83957	3.72613	9.47545	8.93132	1.56553	7.20278	5.37336	8.16888	16.6348	5.72508	4.92834	90.43924	100.10879	0.76386	0.89442	6.20667	0.3011	2.27011	3.16156	8.61845	NA	10.76617	0.29996	5.05999	4.54044	1.37271	NA	0.56836	9.21241	2.81767	1.73628	3.03895	3.41736	2.79768	3.58894	3.944	3.7279	6.868	4.45898	5.72741	2.83498	4.81055	1.01147	1.39247	2.69816	4.5745	54.87829	0.9733	3.15455	2.63033	2.45715	1.29953	11.07462	3.16846	35.81019	18.0808	9.11292	2.52061	1.37965	4.807	4.34214	1.27271	5.82182	8.41816	7.71701	4.39526	4.86465	10.54246	1.9908	1.57966	2.60494	13.78461	2.88623	15.74961	23.61334	4.93041	7.97529	2.71304	7.49763	7.06489	8.54253	2.77938	6.40363	6.13507	4.09518	3.40063	6.31341	36.38474	NA	3.78599	0.63474	2.80213	15.95256	55.17666	0.68744	NA	NA	7.72989	5.57237	11.94457	19.0624	0.47367	0.84542	7.56482	13.24684	1.234	7.99096	4.0051	4.975	25.8469	4.58775	10.00368	36.88294	40.39967	0.44856	2.72904	102.9017	4.83095	3.77648	3.88614	0.87787	24.3783	15.11737	5.7379	1.00201	31.26768	0.42638	0.61658	0.06618	3.61593	1.97064	0.15275	2.25789	12.70506	5.0454	4.16692	2.20199	0.30653	8.5804	0.29977	75.68663	114.78497	228.66537	7.56364	10.20955	0.08579	0.66784	0.7397	1.36375	1.91743	2.56353	0.19516
GH16	701.53078	1541.83598	979.58259	755.61291	404.02263	295.89036	1020.41083	613.58344	548.2327	679.56099	789.09277	386.8556	371.505	498.43246	418.45972	630.71638	988.48987	619.50918	735.50014	1223.60765	597.25038	528.72879	674.9839	407.93776	638.44124	636.90535	1027.58588	1138.47267	470.12801	581.87195	605.26958	718.95997	744.94776	804.93522	554.48537	463.00959	388.21249	408.39416	363.96462	407.56113	730.31292	559.79393	744.39746	1129.30023	1151.49864	1366.43905	350.33751	471.05436	596.18625	681.85851	1528.00001	682.58607	479.20241	569.76874	559.90083	680.64551	603.94736	981.13167	915.28366	1057.97387	653.95158	202.18979	216.86926	1108.61969	1259.63637	507.62265	655.74789	505.0914	750.25515	699.8485	722.70471	661.59761	717.5441	489.90668	859.64236	670.17995	886.4068	377.73836	373.31246	483.42017	622.59683	509.37867	505.27608	1245.29596	1255.96957	653.28051	661.13316	889.6378	478.49536	778.37865	580.84995	607.44629	1132.18782	225.23822	1206.87569	1022.55314	566.61843	540.61488	1098.71918	1388.53874	1168.2586	835.49634	891.23398	1443.40586	820.59077	784.4567	859.54269	1057.77822	1066.08752	1967.47631	892.96987	692.74574	440.85585	549.48648	566.78297	530.8967	782.07058	656.0813	1025.91356	693.89604	671.55851	888.17468	947.96503	916.87376	1060.30222	436.44779	597.00708	815.21645	1015.50561	1224.14196	1288.08981	599.02364	471.03431	868.08809	1235.13461	847.87043	817.44085	1061.62838	674.04469	574.16679	561.42383	1140.09834	387.28503	666.02191	661.06213	782.49951	765.15686	1005.32906	993.45571	1331.08117	1111.50781	434.8822	875.53762	482.32592	455.42432	564.05981	228.29006	485.50881	472.54657	518.08945	669.80215	1022.51873	881.86445	983.25569	1144.86788	982.59144	902.24259	907.68477	847.0228	693.57878	773.42542	397.64548	821.21066	767.55023	932.43045	1278.1485	1156.82053	748.89613	441.38626	811.06096	596.75632	1288.84887	288.06375	314.7988	761.88385	961.72907	481.50971	806.24484	948.31454	1675.99958	1659.39258	414.46972	619.298	908.33388	1059.71647	1012.48589	1087.81512	1002.35377	1376.22352	1483.19681
GH161	29.24402	15.61453	15.7258	34.4686	6.27481	1.68189	0.0076	2.00988	13.56332	34.38197	17.49844	11.49724	17.44555	1.70154	3.34083	36.61481	33.02602	15.65942	16.57495	11.03995	23.54109	14.85388	3.86283	4.08504	11.46565	5.04433	0.48205	0.80007	13.50087	14.61948	5.55678	26.08794	17.11585	1.91098	4.42766	3.25257	4.60384	8.63703	4.56988	6.80537	17.17792	32.1894	14.96788	4.73733	3.64676	3.94987	18.6071	40.84862	34.32481	8.82249	8.77598	9.92332	7.38566	9.1971	8.52875	32.11574	15.79245	9.96611	5.32978	0.62913	0.42547	6.12421	7.39077	2.46975	0.34896	6.3871	2.16824	10.1427	0.61985	1.37017	7.39335	7.87002	3.52918	2.16526	2.65068	5.66919	7.42928	0.24082	2.7823	0.99791	0.9705	3.76669	1.85583	1.82874	5.04924	11.05729	3.81256	5.64854	18.49052	8.72294	22.44723	12.21692	5.77782	22.289	19.13261	0.53641	11.23506	5.78263	5.74259	0.54896	8.01013	7.02399	17.96206	1.67001	5.52121	7.02485	5.24458	2.37348	0.55807	5.84497	0.42145	1.37349	9.67908	5.88926	2.81593	7.88515	6.98712	16.98838	2.55887	11.12077	38.7637	1.12315	0.918	6.39489	1.33428	3.79821	6.40962	5.52979	3.57197	6.28916	11.40594	36.97495	6.5167	4.1463	11.21762	22.33411	1.48797	7.17325	6.94123	23.16237	12.32384	2.62864	24.92357	5.76398	1.17135	18.45692	19.52024	5.41002	6.31701	0.46961	9.91451	11.09215	20.25866	6.79659	2.59155	5.2055	20.96453	6.51775	10.82757	19.69266	0.29735	8.93753	13.10292	13.19357	10.4717	1.1915	5.89786	1.46089	13.78107	1.53191	4.26652	9.93371	0.95357	1.93134	5.62294	10.83038	2.65097	8.75284	5.18078	3.95007	4.44133	7.32963	5.2403	12.8251	3.34499	0.71374	7.7396	8.06191	11.16174	5.58416	0.39682	18.35013	14.10017	1.75655	1.80219	3.92907	2.89237	15.2678	5.26701	0.20525
GH163	12.41583	8.22054	41.85594	23.00407	5.80496	16.3767	17.83296	15.89933	23.46788	15.58304	36.23745	15.25137	8.65867	15.99149	37.20913	50.4009	51.87199	23.61215	57.65806	56.01698	12.77638	26.7162	61.52131	63.13985	15.8205	9.39001	1.2983	9.95384	33.05922	33.46418	15.27133	19.85421	14.87962	12.70798	7.97389	17.05787	12.78802	21.20487	16.58269	178.64542	73.16622	26.13235	50.57851	2.9416	11.17366	14.66314	13.39778	9.53302	61.36756	46.3252	19.07134	6.2983	63.11069	65.17212	35.43818	38.6664	27.91318	20.72125	35.66006	110.52088	NA	2.12401	2.52916	11.95525	0.27296	16.44314	23.29995	40.73857	45.91469	38.26282	42.72429	60.23062	21.56409	14.38366	0.91854	7.54326	150.85176	46.76973	67.36555	6.21803	5.44478	6.84827	7.72112	76.69395	87.18131	19.54466	18.18674	157.49809	6.86647	10.43766	25.64087	49.39525	10.17508	2.1706	97.55985	3.10011	28.9595	18.37018	25.26219	24.14155	30.70909	6.13504	37.17218	99.48009	28.32124	13.10961	11.47171	8.31028	8.88444	13.07697	123.71985	73.94373	12.7992	11.15267	263.67732	243.52196	55.32748	24.88544	2.45779	35.15368	38.88137	36.12571	40.96399	5.47959	7.50312	6.97593	16.83269	37.97154	61.96746	2.75115	11.74954	66.93148	20.50961	34.77504	8.85075	41.09488	0.83176	37.76261	6.38644	6.99303	29.7329	43.96731	10.68905	16.74736	59.80608	31.88502	20.23261	59.97212	91.50878	1.58506	6.19163	41.52229	54.46368	8.98017	27.3106	37.83352	9.5419	31.39303	14.30776	13.45296	42.1334	36.38432	12.05006	11.82142	91.58442	11.45974	8.99946	67.37093	29.55167	11.89104	11.87458	4.87571	0.82278	64.76734	118.39683	243.17481	0.53435	11.14371	5.51533	4.30857	4.65886	5.55507	7.848	15.02471	5.26016	5.12414	17.10369	8.54911	0.07409	141.69956	95.37202	17.0763	41.66122	22.5173	36.23084	23.8652	19.90153	6.01881	12.97782	3.46964
GH164	NA	0.70844	1.49262	1.05124	NA	NA	0.02642	NA	1.27062	7.91945	7.83863	0.72178	0.45147	0.31059	0.01623	1.39409	0.92742	1.73944	1.38826	11.44832	1.94865	7.19967	2.06772	0.68992	4.59492	2.62808	0.22608	1.5006	3.38144	1.425	0.41702	5.21209	4.89796	1.58955	0.68853	25.22574	8.29847	1.49494	3.17465	0.20472	3.11183	9.81992	9.58376	0.11187	0.36342	0.09617	4.87768	1.28096	0.87614	1.30117	0.80157	1.24045	0.42815	0.70602	3.49384	4.04693	7.07832	6.68285	2.02917	0.02803	NA	0.29462	0.53595	0.19761	0.0651	1.44478	0.1294	1.22453	1.10419	1.23248	4.92701	1.99411	0.08695	0.60816	0.18376	1.23543	2.37578	5.29435	0.30461	11.27905	1.18198	0.27397	0.84991	0.33366	0.38768	2.00238	0.44885	1.46688	0.92721	2.38351	0.03789	0.10752	0.69205	NA	NA	0.22831	NA	NA	4.36002	0.33599	1.26334	1.19995	0.28818	0.52199	1.37931	0.09565	0.14132	0.5797	6.80334	1.58184	NA	NA	7.59322	11.3242	0.53871	2.35212	1.4022	4.09518	1.8179	1.01121	0.85962	NA	0.03273	NA	0.13653	0.16864	0.85372	NA	NA	0.48222	2.56581	1.31993	6.5736	0.12498	1.28412	6.07924	NA	1.77008	7.53032	24.73158	NA	NA	0.38757	NA	NA	3.23533	2.9797	NA	NA	NA	NA	7.13344	2.87689	0.61442	0.81055	0.77274	0.22263	7.4089	7.22606	9.63895	NA	2.56636	5.87972	6.87534	0.09654	0.15652	3.73071	NA	NA	NA	NA	3.99558	0.22492	NA	NA	NA	0.57207	12.2316	70.72545	NA	54.71991	2.24783	1.68711	1.48671	0.16935	NA	3.61859	NA	NA	NA	0.02419	0.2766	0.7922	NA	NA	0.03028	0.26654	0.045	0.6834	0.49195
GH165	27.61339	29.99489	34.72213	25.84004	7.92601	6.31095	84.26417	105.9699	35.70129	31.42723	25.63253	52.10379	25.31755	36.09168	90.85545	9.53278	20.55495	45.661	101.68667	70.12402	29.02922	12.36652	30.51561	7.93117	22.38497	35.32205	3.69811	4.59241	4.59979	5.63975	19.21204	19.14637	8.41861	35.65241	40.62578	14.90316	9.76655	18.8326	17.76574	3.80054	22.34633	12.36647	40.34523	1.15533	7.84264	2.5764	18.79725	34.81666	15.03319	17.04116	20.74018	24.37085	5.83038	9.22185	31.86918	37.72688	56.1953	9.29534	14.12545	54.54277	NA	25.65903	19.26791	10.38011	2.0264	40.29735	50.95741	5.36094	3.16575	5.71853	5.61015	18.17447	18.67508	69.27708	43.96005	24.67644	15.64195	13.59318	12.54319	14.38611	19.51018	26.04508	30.27456	5.08925	5.05681	32.35102	29.89319	12.67226	12.87597	11.78023	3.03912	1.03943	2.59001	1.34632	32.58462	2.66904	139.79252	133.81772	38.30447	2.51812	1.96331	82.64886	58.43483	43.71704	54.04872	4.6079	2.71767	11.4103	3.6311	78.77427	38.60423	38.65624	3.01136	8.69696	9.06531	5.90324	10.87674	22.54107	1.0414	7.21458	9.41477	53.11722	33.31831	40.14663	51.8206	13.55778	26.4245	0.10796	0.06521	3.53474	10.34623	12.44334	40.37197	34.26904	28.92696	135.24396	2.54942	6.8847	9.6698	14.06774	28.78173	39.60835	20.95202	17.85615	55.80158	24.24934	24.69015	62.96843	58.0991	2.7894	5.31012	48.67577	33.62983	10.06756	27.39303	35.08886	21.10199	28.13098	36.58273	35.99757	27.98952	73.59604	52.48369	12.39184	71.98055	4.90072	13.00044	118.95127	112.46993	40.74103	35.93798	27.41363	21.35169	34.7082	100.9745	277.67885	0.07458	1.2104	16.08491	85.52427	12.14849	0.08936	11.09307	21.90651	1.73409	0.01606	36.06766	45.42111	83.65419	141.39435	119.5544	6.98067	13.46403	0.33571	1.88133	2.06353	2.69907	20.33615	3.58417	0.26967
GH166	12.87332	15.99988	27.38317	33.08547	5.04348	1.71722	NA	1.13742	10.55025	4.70312	13.25998	5.1322	10.30533	1.92178	2.33986	6.64155	7.03251	7.43015	19.35247	5.04361	10.53144	7.81013	1.34189	0.9718	6.40098	2.22903	0.41013	0.59559	19.94026	10.54849	2.16048	3.36959	6.89166	2.21664	2.03784	3.02117	21.34726	13.58198	3.13574	2.78082	8.43118	11.89156	10.28158	7.7766	1.85841	2.18324	16.54706	21.7081	25.09279	6.14356	2.15174	10.71139	10.39678	10.01684	4.3227	21.62959	12.76079	4.94545	7.90254	0.91081	0.18101	3.27204	4.48309	1.82929	1.63947	4.3238	1.5633	4.25805	1.7985	1.98213	3.90709	8.9026	3.16989	2.64189	0.87339	3.16117	3.03315	0.29381	0.52765	2.18667	0.7661	0.97798	NA	1.20193	1.69422	6.47708	6.60491	4.24863	10.6691	5.62197	3.76456	2.49035	2.32059	24.32851	24.03869	0.42832	3.98565	0.54474	2.71869	0.77558	7.54923	31.39807	12.75446	NA	2.14152	7.11822	2.20407	0.73099	0.1569	3.67701	0.78924	1.9089	10.54592	13.02866	3.42643	1.69128	7.28613	18.04664	0.46696	3.12642	16.58205	1.32245	2.54674	4.5424	NA	1.75658	4.27656	7.6336	0.16153	1.42689	2.0342	22.55291	1.4754	2.64218	5.95038	15.22835	4.52167	1.90648	4.42108	0.98593	9.99119	NA	13.79285	1.72969	2.3539	9.93776	13.67669	0.47128	0.23613	0.39487	5.72488	2.31184	6.77457	0.6628	2.73249	1.29082	23.45154	6.52475	16.77353	23.56376	NA	5.85889	2.6839	1.5512	4.35291	0.82823	10.28835	NA	8.06876	0.92318	1.68436	2.90833	0.22787	NA	4.50112	5.58392	1.04479	2.21239	1.22918	3.25985	1.19461	11.66339	1.77525	6.59589	0.34792	0.2097	8.67742	13.30304	8.57481	2.95722	0.11117	12.93407	6.7723	0.79053	1.09711	1.36585	1.97455	17.36216	1.19684	0.08187
GH167	NA	NA	14.58714	4.89083	1.36698	0.05462	NA	NA	NA	NA	1.7256	1.29602	0.33909	0.12685	0.33538	1.65938	1.04491	3.51178	3.95469	1.77259	0.0181	5.43108	0.06631	0.01115	NA	0.02362	NA	NA	NA	0.06023	0.24006	0.18204	0.43375	0.33488	0.18472	NA	0.04557	0.22693	1.11368	0.28617	0.61327	NA	0.29746	0.02424	0.11426	0.18619	NA	NA	0.44877	0.98935	NA	NA	NA	0.22113	0.1799	0.72331	0.7566	0.13813	0.10727	NA	NA	NA	NA	NA	NA	0.53976	0.09043	0.78237	NA	NA	0.12963	0.87789	NA	NA	NA	NA	0.44636	NA	NA	NA	NA	NA	NA	NA	NA	0.02032	NA	0.90028	0.33215	0.02495	NA	NA	0.44611	NA	NA	0.03467	NA	NA	0.19822	0.01897	1.78313	0.33153	0.04425	0.19846	1.6204	0.45451	0.05289	NA	0.01693	0.18787	NA	NA	0.69231	0.16682	NA	0.02821	NA	0.1548	0.36699	0.93167	0.02573	NA	NA	0.13198	0.02285	0.30059	2.06467	NA	NA	NA	0.05229	0.65938	0.21903	NA	NA	NA	NA	NA	0.91179	4.58508	NA	NA	0.21938	NA	NA	0.82582	1.14464	0.28613	NA	NA	0.1184	0.19026	0.15375	0.7047	NA	NA	NA	NA	NA	NA	NA	0.048	0.02381	0.00921	0.06389	0.03647	0.02412	NA	NA	NA	NA	1.71961	0.05046	NA	NA	NA	NA	0.28777	NA	NA	0.02554	0.04465	0.17106	0.20914	0.98016	NA	0.59497	NA	NA	NA	NA	2.48632	2.53253	NA	NA	0.18536	0.36311	0.06925	NA	NA
GH16_12	NA	69.40128	30.80246	7.48778	0.52505	0.06234	NA	NA	4.99813	23.70592	NA	1.07893	0.61361	2.56977	1.87223	0.99705	4.70065	0.53168	1.18777	2.16781	0.65732	NA	9.90389	1.51239	1.41187	1.34773	NA	NA	1.44302	18.3866	7.84329	2.93177	3.30378	0.82011	1.50007	NA	NA	1.36692	1.29459	NA	0.85706	NA	NA	1.02044	5.83469	13.75199	0.27367	0.04453	0.83848	1.45227	1.83192	0.15736	2.13661	2.71709	0.32082	5.13606	3.45374	2.82457	7.15439	NA	NA	0.15518	0.29561	10.20291	NA	NA	4.2758	5.21149	NA	NA	25.60499	8.97846	4.56446	1.16442	11.21785	4.23308	NA	NA	NA	0.10591	NA	NA	NA	0.77379	3.05709	5.10346	3.57614	NA	3.96965	2.97608	NA	NA	1.43095	NA	1.36907	1.52319	4.34013	1.21892	62.00663	0.26253	1.19473	1.21757	0.6941	10.6585	2.4811	2.92857	3.42549	0.21771	0.08639	146.27022	NA	0.09598	1.67416	1.68652	10.11642	9.13712	3.74825	2.08077	0.2362	10.16264	NA	NA	NA	0.18446	0.50606	0.57274	3.66857	NA	NA	0.25953	0.20264	0.16452	1.54401	5.55048	63.48353	21.85084	NA	NA	14.64359	16.05283	NA	0.11868	1.57609	NA	NA	16.42075	26.0328	NA	NA	0.06182	0.92348	4.17109	23.57657	0.41351	1.99347	5.35158	0.07839	NA	NA	NA	NA	NA	17.36479	3.28252	0.03848	0.15334	3.21536	NA	NA	NA	NA	1.46735	0.1871	NA	NA	NA	0.38948	0.604	2.90825	NA	1.78509	NA	0.74319	1.156	0.82226	0.71187	8.00508	NA	NA	NA	NA	1.64365	4.71659	0.07652	0.3308	0.4097	0.06793	3.60388	14.09937	0.20579
GH16_14	0.11228	64.22589	21.72431	5.8541	0.40286	0.0372	NA	NA	3.47988	19.48921	0.06546	0.21463	0.35805	2.89435	2.33392	0.91957	3.35837	0.40678	0.36229	2.58739	0.49501	NA	9.25008	1.56566	1.68513	1.26675	NA	NA	0.5741	16.44636	1.41969	2.00803	1.76515	1.25851	1.17655	NA	NA	0.60823	0.75697	0.12712	0.76721	NA	NA	0.97436	6.48565	8.84606	0.20998	NA	1.08416	0.61506	NA	0.09336	1.85669	2.7317	NA	5.49158	2.73486	2.26057	5.44159	0.02109	NA	0.17882	0.06615	11.52059	NA	0.11254	5.10338	3.94826	NA	NA	23.89594	4.4651	5.09529	0.6598	7.11603	4.96135	NA	NA	NA	0.08427	NA	NA	NA	0.46124	2.20809	6.55136	2.5517	NA	9.12603	20.32163	NA	NA	6.34873	NA	1.78724	2.66988	2.31922	0.48495	52.13002	0.12534	0.68998	0.77898	0.42234	7.33135	2.0693	2.50256	3.71617	0.25985	0.28357	114.32755	NA	0.17184	1.28145	1.07182	7.13945	10.6242	4.39997	2.01249	0.04027	10.12404	NA	NA	NA	0.11008	1.03184	0.70637	2.81127	NA	0.05316	0.10325	NA	0.2749	1.18469	3.50215	43.40853	16.49337	0.11929	NA	13.22975	14.08343	NA	0.09444	1.77209	NA	NA	13.7418	17.73319	NA	NA	0.09223	1.01648	3.94329	18.76684	0.08226	1.20381	4.41033	0.09357	0.0398	NA	NA	NA	0.02043	12.41445	3.16718	0.22966	0.0366	2.59886	0.09525	NA	NA	NA	1.76327	0.11165	NA	NA	NA	1.06917	0.41737	1.9477	0.03922	1.00007	NA	0.66035	0.25267	0.77657	1.32591	4.75298	NA	NA	NA	NA	0.64725	3.71605	0.04566	0.55276	0.28525	0.08108	2.53966	9.54812	0.20468
GH16_15	NA	NA	NA	NA	NA	NA	NA	NA	NA	NA	NA	NA	NA	NA	NA	NA	NA	NA	NA	NA	NA	NA	NA	NA	NA	NA	NA	NA	NA	NA	10.63248	3.51354	1.59129	NA	NA	NA	NA	NA	NA	NA	NA	NA	NA	0.08082	NA	NA	NA	NA	NA	NA	6.67498	0.1394	NA	NA	NA	NA	NA	NA	NA	NA	NA	NA	NA	NA	NA	NA	NA	NA	NA	NA	NA	NA	NA	NA	NA	NA	NA	NA	NA	NA	NA	NA	NA	NA	NA	NA	NA	NA	NA	NA	NA	NA	NA	NA	NA	NA	NA	NA	NA	NA	NA	NA	NA	NA	NA	NA	0.08391	NA	NA	NA	NA	NA	NA	NA	NA	NA	NA	NA	NA	NA	NA	NA	NA	NA	NA	NA	NA	NA	NA	NA	NA	NA	NA	NA	NA	NA	NA	NA	NA	NA	NA	NA	NA	NA	NA	NA	NA	NA	NA	NA	NA	NA	NA	NA	NA	NA	NA	NA	0.04298	0.04133	NA	NA	NA	NA	NA	NA	NA	NA	NA	NA	NA	NA	NA	NA	NA	NA	NA	NA	NA	NA	NA	NA	NA	1.34141	NA	0.16498	NA	NA	NA	NA	NA	NA	NA	NA	NA	NA	NA	NA	NA	NA
GH16_16	NA	82.31878	33.29291	7.56727	21.25321	7.45104	NA	NA	6.32088	29.20527	NA	0.30564	0.25051	4.28432	3.15696	0.97015	4.19886	0.45515	0.52708	2.4369	1.47256	NA	12.11375	2.07086	1.42841	1.56805	NA	NA	1.7268	20.31125	10.13265	4.87059	3.69653	1.42238	2.25479	NA	NA	2.18359	1.39752	0.18907	0.36129	NA	NA	0.82668	7.62032	13.28391	0.2415	0.0901	1.56767	1.53169	2.85852	0.31411	2.58482	3.82818	0.03246	5.69023	2.73292	2.63394	6.74946	NA	NA	0.18948	0.14954	10.07846	NA	NA	7.04825	2.14726	NA	NA	35.47822	8.58151	4.85055	0.61348	11.71541	7.90947	NA	NA	0.14585	NA	0.13574	NA	NA	0.47535	3.343	4.08615	3.31601	NA	5.84889	8.88403	NA	NA	1.34141	NA	1.44439	2.67473	4.30489	2.21977	80.77086	0.11045	1.061	1.71376	1.31107	13.09413	3.7009	2.33692	4.60893	0.47365	0.17481	160.56111	NA	0.391	1.70545	1.4299	9.98727	9.82544	5.70909	3.08513	NA	8.71871	NA	NA	NA	0.74648	0.76798	0.70349	2.61064	NA	NA	0.13128	0.05858	0.79894	1.01403	5.64495	61.70006	20.87838	NA	NA	14.88538	13.29502	NA	0.04214	1.69856	NA	NA	18.51827	23.07685	NA	0.03296	0.03127	1.09988	3.17996	25.07225	0.34863	2.30495	7.92808	NA	NA	0.1502	0.07221	0.08874	NA	14.73167	3.51792	0.35658	0.1878	4.24618	NA	NA	NA	NA	1.70302	NA	NA	NA	NA	0.88353	0.55864	2.48646	NA	1.64799	NA	1.36468	0.88253	0.59446	0.91766	6.82445	NA	NA	NA	NA	2.51133	4.2834	0.07741	0.46855	NA	0.06873	3.99521	16.35899	0.24839
GH16_17	NA	NA	9.55426	0.37467	NA	NA	NA	NA	NA	NA	1.72571	NA	0.02045	NA	NA	0.55238	0.26638	NA	0.09025	1.27778	NA	5.67859	0.2209	0.0627	NA	NA	NA	NA	NA	NA	0.50892	NA	0.27789	0.41557	0.04353	NA	NA	NA	NA	NA	NA	NA	NA	NA	0.07183	NA	NA	NA	0.30463	0.92841	NA	NA	NA	NA	NA	0.52694	0.2743	NA	NA	NA	NA	NA	NA	NA	NA	NA	NA	1.63451	NA	NA	0.04722	NA	NA	NA	NA	NA	NA	NA	NA	NA	NA	NA	NA	NA	NA	NA	NA	NA	0.46731	0.14482	NA	NA	NA	NA	NA	NA	NA	NA	NA	NA	NA	0.30003	0.13553	0.19375	2.71863	0.08379	NA	NA	NA	NA	NA	NA	NA	NA	NA	NA	0.04184	0.10875	NA	NA	NA	NA	NA	0.33376	0.09588	0.30819	3.05503	NA	NA	NA	NA	0.14345	NA	NA	NA	NA	NA	NA	NA	NA	NA	NA	NA	NA	NA	0.25438	0.0976	NA	NA	NA	NA	NA	NA	NA	NA	NA	NA	NA	NA	NA	NA	NA	0.07511	NA	NA	NA	0.03438	NA	NA	NA	NA	2.2108	0.0973	NA	NA	NA	NA	0.21422	NA	NA	NA	NA	NA	NA	NA	NA	NA	0.05872	NA	NA	NA	NA	NA	NA	NA	NA	NA	NA	NA	NA
GH16_2	NA	NA	NA	NA	NA	NA	NA	NA	NA	NA	NA	NA	NA	NA	NA	NA	NA	NA	NA	NA	NA	NA	NA	NA	NA	NA	NA	NA	NA	NA	NA	NA	NA	NA	NA	NA	NA	NA	NA	0.10331	NA	NA	NA	NA	NA	NA	NA	NA	NA	NA	NA	NA	NA	NA	NA	NA	NA	NA	NA	NA	NA	NA	NA	NA	NA	NA	NA	NA	NA	NA	NA	NA	NA	NA	NA	NA	NA	NA	NA	NA	NA	NA	NA	NA	NA	NA	NA	NA	NA	NA	NA	NA	NA	NA	NA	NA	NA	NA	NA	NA	NA	NA	NA	NA	NA	0.07631	NA	NA	NA	NA	NA	NA	NA	NA	NA	NA	NA	NA	NA	NA	NA	NA	NA	NA	NA	NA	NA	NA	NA	NA	NA	0.31325	NA	NA	NA	NA	NA	NA	NA	NA	NA	NA	NA	NA	NA	NA	NA	NA	NA	NA	NA	NA	NA	NA	NA	NA	NA	NA	NA	NA	NA	NA	NA	NA	NA	NA	NA	NA	NA	NA	NA	NA	NA	NA	NA	NA	NA	NA	NA	NA	NA	NA	NA	NA	NA	NA	NA	NA	NA	NA	NA	NA	NA	NA	NA	NA	NA	NA	NA	NA
GH16_21	9.25221	3.98665	2.75205	13.53772	NA	NA	NA	NA	NA	3.69499	4.96755	3.97454	4.52348	3.06605	2.31381	2.9054	0.11849	0.16749	NA	NA	55.09998	1.3864	NA	0.21408	14.82824	0.1188	2.52837	1.45844	20.40076	11.43324	NA	4.48282	2.39104	0.20229	NA	1.12596	11.06533	3.26779	3.99346	NA	0.40661	2.7041	5.91359	7.26895	NA	NA	3.63103	NA	5.58571	14.31656	3.64762	0.42894	2.40729	11.16084	NA	16.07202	9.05758	0.64444	8.95452	NA	NA	4.46893	17.68894	8.88429	16.8033	0.3289	4.56396	2.47356	NA	NA	0.65882	0.30098	11.09477	5.2141	109.28945	3.43982	2.91765	NA	NA	0.30234	NA	NA	0.025	0.63062	2.63277	1.65181	1.99827	7.07897	3.52387	3.17601	3.4763	3.47309	3.89843	NA	NA	2.39911	NA	NA	0.23248	0.49256	3.39895	NA	0.45005	0.18576	9.20173	14.0549	16.86715	0.08199	0.28252	NA	0.04877	NA	8.90618	3.35835	20.11734	3.46039	NA	0.16076	0.62215	2.36127	NA	32.88421	69.73651	62.20198	11.00396	NA	0.22378	1.66725	2.03753	0.67204	7.79945	0.0424	1.43197	0.29654	0.04722	0.08089	103.58691	4.15351	0.47354	2.4061	0.2358	NA	4.93841	56.10777	13.0182	16.23031	4.53654	NA	NA	5.81489	3.98353	3.32353	1.39956	0.47882	NA	NA	0.25586	1.03103	26.9256	12.54983	NA	0.13785	0.02873	1.0272	0.31607	1.09609	10.68105	NA	NA	18.19411	65.77343	1.27454	120.18	NA	0.27121	0.07752	NA	0.82151	0.52615	0.04504	0.49148	0.82205	0.95693	4.10775	0.08959	NA	9.60999	37.30935	20.55013	0.3259	0.57122	56.6929	28.72494	0.1835	0.08654	1.07096	0.06565	22.06527	2.41705	5.61272
GH16_24	NA	0.37915	1.30205	0.89744	0.76994	0.79874	NA	NA	0.76065	1.4353	4.23871	0.7104	0.04528	1.68049	0.13303	5.6469	6.80876	4.87062	5.11335	4.19897	0.31181	2.74486	0.90325	0.62009	1.22822	0.22092	0.04059	0.82033	3.61293	2.20699	0.75547	5.40122	6.12954	10.95171	1.84223	1.09565	2.85241	8.78788	3.99241	0.23726	2.24392	4.4046	2.52	0.49435	1.61537	1.97057	1.7262	0.59319	2.13466	1.29756	5.09319	2.77089	0.91781	2.35271	0.21129	2.57573	5.14539	5.9956	4.5173	0.54753	NA	0.04146	NA	4.94262	0.04657	0.03479	0.6396	5.22325	1.03541	1.35287	0.48717	0.56762	2.97755	0.58527	NA	0.12556	2.36517	1.48586	0.88456	1.36439	1.13154	0.47743	1.06176	1.11671	1.73499	1.53463	1.55019	2.13552	7.38018	21.67414	1.0376	0.6194	5.28614	NA	1.32078	0.23591	0.88999	2.46191	1.62493	0.26298	3.51356	1.16971	1.84942	0.85108	2.12477	0.7826	0.54711	3.672	0.38486	0.9651	0.53913	0.10735	1.98062	1.14591	2.28944	3.94199	0.09118	0.27796	0.11066	9.18213	2.88138	0.62684	0.60794	3.10894	3.09549	0.67711	2.96627	0.65827	0.14603	1.1093	2.15593	1.69211	0.3214	0.03081	0.07691	0.19762	0.0737	1.68414	0.60783	1.83437	NA	NA	0.57322	NA	NA	1.89776	1.81146	0.59524	0.62675	0.13743	0.99699	8.55682	6.64565	0.94118	1.12776	1.09005	NA	0.81052	1.9656	1.37984	NA	0.96917	0.97429	3.12547	0.2122	0.7154	0.38395	NA	0.08718	5.08699	4.56663	1.69935	1.14697	0.24413	0.24508	NA	NA	1.54254	1.80809	NA	1.96964	0.71847	1.3182	0.85986	0.907	0.15545	3.1103	NA	NA	NA	0.06571	0.97157	0.99528	NA	0.07052	0.83372	0.41671	1.45086	0.54976	0.07592
GH16_3	178.63636	190.42583	131.96568	100.15157	75.88516	47.80887	190.46492	105.82709	96.01273	91.14718	164.09933	78.41195	65.9458	87.97823	80.3786	113.31799	171.77452	113.83481	140.77861	251.18207	89.37899	112.55569	90.15038	41.83592	92.62709	98.64328	212.54511	232.65309	61.42825	52.92848	56.04215	89.06448	146.1648	98.21041	54.3691	98.73714	78.31083	56.65681	49.45175	27.70185	94.62329	110.18185	140.96917	192.32732	178.61923	205.82202	55.54261	76.57163	120.19777	149.29063	209.31031	119.76156	57.43378	67.01082	140.3614	105.76334	88.34281	177.38703	139.66	208.33608	137.41902	32.40942	23.7249	191.47056	226.87851	110.21962	105.13945	65.27655	204.27283	182.5688	69.12907	101.1797	75.87316	99.8932	30.82904	52.35492	148.00677	48.35261	41.92688	112.48907	138.78383	85.68389	105.92083	204.622	193.21586	125.79174	128.80471	146.89233	77.46895	122.03211	112.36649	120.86509	188.82039	25.62712	210.24316	201.84944	115.84009	109.26531	67.40806	293.12962	251.52903	143.2012	167.13542	246.64242	146.46199	125.61428	157.24661	154.62035	171.0838	95.25219	161.53804	149.05276	94.00091	127.80432	48.9113	59.42589	103.87449	90.93522	260.07167	100.37509	90.58136	114.99029	101.72112	98.26884	156.98119	31.11116	57.82671	224.01945	247.63336	155.58291	168.40762	102.55907	72.61209	141.2323	190.26961	155.84901	23.84564	146.67309	152.14503	89.05919	98.6003	232.40064	28.53659	50.13928	98.1716	108.83549	107.91375	221.01542	214.70658	238.12016	209.3717	66.11494	129.3334	27.1045	65.01899	77.95135	36.65283	73.7637	97.86288	117.3907	163.21774	201.86988	142.87036	132.0977	247.77754	171.2817	132.27402	218.26398	179.13418	108.19563	80.32449	63.45433	30.93528	178.38591	257.43658	230.45501	323.80627	185.569	99.8418	142.21963	140.83479	329.75109	47.48493	47.15401	205.24304	226.9026	68.14817	152.71092	175.94985	255.00312	284.02821	54.32368	99.68818	159.49426	176.01436	212.30691	227.84785	215.82334	198.6873	225.79718
GH16_6	NA	0.07516	0.9237	0.06038	NA	0.03615	0.0303	NA	1.20689	0.47693	0.25379	0.64786	NA	NA	0.06491	0.04724	0.60423	0.64833	0.37612	NA	NA	0.09685	0.24824	NA	NA	NA	0.03805	NA	1.04427	0.15375	NA	NA	NA	NA	NA	NA	0.27033	0.34166	0.42863	0.06154	NA	NA	0.08449	NA	NA	0.18043	0.04063	0.50953	NA	0.96835	0.07702	0.11376	0.43062	1.72189	0.38633	0.07218	0.10399	NA	0.31848	NA	0.9762	0.33148	0.16824	0.03818	NA	0.25952	NA	NA	NA	0.16338	0.04722	1.23552	0.09209	NA	0.18895	0.06606	NA	NA	NA	NA	NA	0.61695	NA	0.07025	0.16707	NA	NA	0.06019	0.03102	NA	0.40509	0.2532	0.03097	3.89458	1.67142	0.14798	0.24079	NA	0.56747	0.15137	0.03003	0.09682	0.28036	0.27927	0.12547	0.48835	NA	0.09675	NA	0.03726	0.03957	0.12886	0.14177	0.12476	0.27615	NA	0.15535	NA	NA	0.15604	NA	NA	0.1325	0.02874	0.12208	0.28336	0.21433	0.10872	NA	NA	0.03011	0.13857	NA	NA	NA	0.51203	0.06173	NA	NA	0.05542	6.66984	0.02743	NA	0.41217	0.81327	NA	0.04454	0.06788	0.13439	NA	NA	NA	0.09754	NA	0.14978	NA	0.84245	0.18066	NA	NA	1.22912	0.03175	NA	0.08055	NA	0.05576	NA	NA	0.1862	NA	NA	NA	0.47784	0.06537	0.50399	0.99728	NA	NA	0.10084	0.63357	0.10414	0.07608	NA	0.21214	NA	0.06018	0.20505	0.15578	0.31707	1.54931	0.44673	1.46557	0.62972	NA	0.21479	NA	0.03312	0.1088	NA	0.06671
GH16_8	NA	NA	0.02561	0.01566	NA	NA	NA	NA	NA	NA	NA	NA	NA	NA	NA	NA	NA	NA	NA	NA	NA	NA	NA	NA	NA	NA	NA	NA	NA	NA	NA	NA	NA	NA	NA	NA	NA	NA	NA	NA	NA	NA	NA	NA	NA	NA	NA	0.09571	NA	NA	NA	NA	NA	NA	NA	NA	NA	NA	NA	0.07626	0.15914	NA	NA	NA	NA	NA	NA	NA	0.04302	0.2994	NA	NA	NA	NA	NA	NA	NA	NA	NA	NA	NA	NA	NA	NA	NA	NA	NA	NA	NA	NA	NA	NA	NA	0.44859	NA	0.07614	NA	NA	NA	NA	NA	NA	NA	0.03735	NA	NA	NA	NA	NA	NA	NA	NA	NA	NA	NA	NA	NA	NA	NA	NA	NA	NA	NA	NA	NA	NA	NA	0.06778	0.62489	NA	NA	0.14203	NA	NA	NA	NA	NA	NA	NA	NA	0.07821	NA	NA	NA	NA	NA	NA	NA	0.07031	NA	NA	NA	NA	NA	NA	NA	NA	NA	NA	NA	NA	NA	NA	NA	NA	NA	NA	NA	0.13241	NA	NA	NA	NA	NA	NA	2.1195	NA	NA	NA	NA	NA	NA	NA	NA	NA	NA	NA	0.11121	0.03766	NA	NA	NA	NA	NA	NA	NA	NA	NA	NA	NA
GH17	0.08975	NA	0.29997	NA	NA	NA	NA	NA	NA	0.4719	3.43925	0.11671	NA	0.19546	0.11241	0.16399	1.51726	0.25811	0.57127	NA	0.26877	1.64598	NA	NA	0.18569	0.06032	NA	NA	0.77699	0.68981	NA	8.3195	0.02518	0.07073	NA	NA	0.35123	0.25799	0.17651	0.33954	7.42655	12.08784	2.73534	0.06108	NA	NA	0.10861	0.0803	3.72044	0.55065	0.07138	0.21058	NA	0.30271	0.17398	4.60275	3.30545	4.895	0.24028	NA	0.29379	NA	NA	0.03286	NA	NA	0.13324	0.20153	NA	0.12461	NA	0.03058	NA	0.06377	NA	NA	1.26479	NA	NA	NA	NA	NA	NA	0.03459	0.62791	NA	0.28097	0.45132	0.16148	NA	0.19393	0.18292	0.16236	NA	0.24071	0.06438	NA	NA	0.06473	0.02386	NA	NA	0.07314	NA	0.05736	0.68212	0.06305	NA	NA	0.03256	NA	NA	2.58136	0.29896	0.07505	NA	0.11062	NA	NA	0.44071	NA	0.24481	NA	NA	0.02884	NA	NA	NA	0.0402	NA	4.18197	0.39446	0.09883	0.18187	NA	0.92282	NA	0.06772	0.05281	0.04761	NA	NA	NA	NA	NA	1.85247	4.27665	0.05894	0.0294	NA	NA	NA	0.06327	NA	0.44975	NA	0.10606	NA	NA	NA	0.21035	0.15326	NA	0.06982	NA	0.08286	0.71038	NA	NA	NA	NA	0.054	NA	NA	NA	NA	NA	NA	0.02901	0.17714	0.06532	NA	NA	0.03168	NA	NA	0.40517	0.0465	0.03149	0.57177	0.02801	0.42999	0.33854	NA	0.54055	NA	NA	0.071	NA	NA
GH18	386.82801	603.04444	808.62402	605.94766	223.5091	214.33696	594.45243	704.45428	455.67491	531.54475	556.98637	421.72401	365.88016	521.07684	631.08872	277.24543	297.15989	531.62676	822.03393	835.78737	475.9758	455.97014	647.88497	561.48465	650.7282	577.82212	241.36939	267.47338	529.47013	504.24386	408.84015	504.13623	361.79757	446.23829	417.46168	669.5525	533.98185	443.54827	381.5121	259.43335	542.13475	489.93023	660.18059	211.43317	157.67609	132.66747	410.80947	458.60661	562.35132	500.04683	468.34075	423.23042	462.62754	577.56192	541.95254	456.84494	429.90851	315.1443	412.32067	604.14764	329.93455	380.83018	393.21942	346.98777	61.90943	520.75602	668.24275	317.01053	424.14447	443.57509	460.97707	603.73112	675.08081	546.34559	589.4174	482.82595	313.62134	530.94909	616.18378	495.21044	498.45641	557.26979	548.80097	116.08824	145.33824	602.79029	561.18581	252.92334	358.51763	417.04388	231.64375	96.8918	188.40117	485.58974	1035.84057	101.22915	634.57104	491.40129	578.27884	128.4933	192.68528	622.80751	700.79942	970.1081	476.63243	236.76444	200.20889	247.37744	256.80578	741.43586	774.72507	677.35362	486.99397	557.87886	333.69674	267.62036	476.5662	610.82846	92.86049	377.07344	442.02441	708.40575	679.99023	488.69766	623.11906	378.34216	472.4833	771.32545	781.10364	102.07301	193.62421	550.0555	474.9934	723.18618	607.20692	497.02091	403.06474	641.54441	408.11457	604.26155	610.16429	857.2065	365.98371	424.87225	562.80188	485.15285	504.47828	1059.09033	1122.93147	139.33625	176.6877	424.22755	566.36407	367.79689	458.57841	512.04179	415.36804	691.03539	507.38449	567.34931	498.29934	725.4155	757.24278	482.67803	728.75723	189.56375	277.11516	796.22525	853.81791	527.56683	609.49051	494.46888	534.05478	732.92923	895.55488	1199.81891	57.80093	255.19869	1178.54452	452.58456	1006.84729	444.04799	413.39899	455.00486	143.60956	69.87054	321.89453	532.93089	721.24506	780.0148	636.13253	355.52312	501.29063	48.82398	94.71624	60.18073	79.27897	371.90728	199.62659	98.72634
GH19	1.86005	13.78421	6.4028	13.91067	146.48172	144.44796	3.18519	0.32923	1.55064	NA	4.81166	0.92703	0.11051	1.12968	0.10462	19.11079	39.52342	34.19192	3.62888	2.06372	0.47895	0.84484	0.21429	0.18886	2.91113	21.11272	24.51779	0.33323	8.88246	2.91398	2.67498	0.59881	50.24997	0.03982	0.19139	1.10799	6.52026	1.38358	2.43084	3.37336	1.12111	1.40693	1.51737	194.57579	7.88652	10.99118	3.23805	2.17382	34.51425	59.2292	0.95483	2.47002	0.04296	0.66445	0.16187	2.09899	3.56509	0.13698	0.08769	6.29352	4.02579	NA	0.3166	0.49417	2.12406	0.12612	1.59114	1.25445	0.20419	12.74326	0.66701	1.83962	0.95163	0.82709	3.83175	1.76406	66.8111	0.57519	0.35342	45.20296	67.15516	0.25033	0.26757	234.30508	287.17026	2.58194	0.48992	65.86242	2.12882	0.49652	1.09846	0.16939	122.07487	7.06786	0.95271	43.29107	0.19647	1.08915	36.59712	41.63533	30.88794	11.14404	1.42465	5.2549	1.23795	236.72841	216.43703	1.00397	0.06114	1.85252	1.2049	3.79026	1.10681	3.40134	1.23663	0.17751	1.51449	1.7557	368.05409	58.87121	19.79453	0.20793	0.10627	2.22174	0.87834	1.1158	2.62831	0.30699	0.3152	14.18711	27.7951	24.43785	1.41079	2.36175	NA	0.91987	1.4094	0.59487	1.26462	0.23593	5.13325	3.82347	0.45628	0.34618	0.67416	0.53426	5.63292	3.1581	1.42616	101.23591	121.87079	0.78268	4.75893	0.43155	1.21157	9.65507	0.25455	0.19193	4.71517	0.29947	0.28468	0.22841	NA	0.65112	5.40466	132.21431	0.70366	4.73389	2.29191	36.51665	36.49603	0.27291	0.18638	1.25594	1.64298	6.09082	2.92893	0.49479	1.12629	0.39461	2.3602	0.33993	0.19471	0.53647	7.39742	38.45757	0.91015	0.38619	0.08993	2.93509	2.04911	NA	0.35823	0.43482	0.48548	6.72459	10.51952	3.57067	223.91363	349.85026
GH2	3011.71096	4582.62503	4378.01169	3541.68642	3663.31862	3282.48731	5512.41893	5411.14924	4348.13697	4078.52855	3643.70592	3575.78377	3393.26711	3579.58239	3062.22132	2268.38398	3187.14165	3867.52989	4627.73288	4968.54264	3175.831	3789.22861	4207.95477	3922.02454	3646.65776	3809.07059	3058.45945	3822.47438	2939.24186	4181.92434	3905.44512	3512.62025	3026.46042	3349.37696	2853.46701	4382.97665	3818.52676	3301.50117	3374.59346	3441.9893	4116.64543	2936.05658	4039.15463	2921.53234	3634.63846	3695.15074	3474.01768	3249.41052	3289.22512	3395.80103	2803.30732	3236.61297	3307.73586	3154.54213	3643.77316	3042.50337	3391.85907	3190.46982	3220.09018	4700.02547	2818.72112	4608.82461	4252.98241	4539.15812	4323.73972	4289.76207	3941.56182	3950.75943	4040.26387	3771.01008	3397.59933	3539.87794	3650.84775	4194.44393	3201.60624	3286.15765	2787.4284	3654.58141	3989.49888	2742.20019	3263.15242	3368.52082	3914.60988	2905.76489	2822.70443	4105.21204	3531.56666	2501.64355	2281.00667	3327.29005	2687.3242	3217.69896	3808.15138	1565.66912	5005.48813	3188.81722	4394.11495	4532.18627	3968.64258	3204.29921	2829.19499	4329.46075	4441.28528	5168.73094	3837.17543	2794.52794	2492.91309	4142.88404	4164.3392	5643.24795	4647.47545	4483.68566	3272.81804	3917.99375	2511.31749	2919.49718	3547.10653	3307.47602	2815.13085	3114.56011	3036.01853	4558.80566	4084.57762	3885.44689	4347.66044	3676.44349	3794.22681	5019.74005	4753.14478	4162.4899	3829.62467	2900.10699	3156.76324	5453.63791	5540.13721	5224.18519	2011.28073	4917.13728	3001.33013	3130.67302	3314.543	5269.13511	3364.78695	4588.49806	4746.58225	3375.65273	3262.76486	5557.40025	5416.58542	2944.97646	3086.86066	2509.02637	3378.08371	3437.88956	3988.33846	4151.2469	3184.85073	3585.86532	3571.06948	3884.54411	4785.0719	5686.14357	4752.64651	2479.19574	4406.96264	3022.94691	3240.54897	4836.70997	4816.05707	4757.66518	3772.58354	4235.12923	3701.15871	5216.58348	4685.28391	5139.7806	3296.70616	2703.82052	4683.7584	4491.57072	4707.56996	4188.44029	2551.7864	2905.90824	2984.4068	3677.9108	2788.54823	3385.72991	4998.94359	5137.27366	5464.18417	2727.91432	3766.11598	3173.27953	3007.81273	2864.05122	2936.68611	3381.43129	3488.27549	3751.24781
GH20	1116.869	1803.13658	1874.96894	1448.7038	1958.87451	1926.74462	3196.47363	3443.23276	1817.88211	1584.14771	1490.58426	1248.68829	1251.90454	1397.20296	1234.16828	751.04518	971.06525	1703.63815	2245.20411	2663.66355	1546.41448	1148.96296	2169.44306	1591.00327	1972.05692	2217.92957	1104.12167	1439.41725	1013.43827	1257.76621	2040.98027	1744.9252	1227.23154	2273.68032	2104.30905	2188.52194	1296.35421	1339.57206	1385.46984	1310.82947	1865.4346	982.96916	1759.66696	909.14373	1480.52072	1310.27226	1375.32206	1461.96184	1435.9521	1630.16192	1735.95937	1281.41234	1737.25694	1819.11299	1708.82425	1399.88957	1627.57912	1037.832	1261.35926	2896.87652	2050.61189	1624.16089	1435.16803	1737.62777	1034.49248	2430.80008	1672.47589	1683.42613	1940.65055	1884.94752	1967.77167	2074.16686	2170.0359	2035.21806	1478.16112	2064.45557	1419.654	1964.16288	2283.22483	1376.69884	1649.38727	1998.56005	2093.59709	918.59129	948.62618	1862.73334	1581.51543	1168.44557	888.76315	1673.62284	935.76728	1242.37711	1284.41189	189.62249	2451.58059	1505.76673	2323.08462	2566.72081	1850.10453	1294.67841	1168.92281	2400.04117	2287.55135	2931.64519	2032.85751	958.18852	766.41304	1201.57822	1152.10011	2858.53042	2850.64739	2435.537	1104.02098	1637.72592	1183.11504	1411.76514	1682.87491	1278.19038	1366.65527	1353.99059	1535.30996	2221.22287	1789.37663	1746.71821	2404.38712	1725.7303	1842.86811	2248.27122	2234.19206	1008.69439	1118.5579	1251.5141	1551.09889	2912.36177	2034.69493	1992.92606	514.28283	2081.51793	1118.71675	1108.40161	1428.11254	2677.96212	1153.01848	2102.7584	2274.09711	1517.43614	1552.46271	2900.13268	2870.16168	819.18317	860.46042	1046.8505	1502.49375	1488.66422	1809.92572	1761.60581	1070.2624	2079.72075	1266.3161	1390.55122	1822.61702	2683.88407	2370.49165	1819.02898	2876.81617	1279.45101	1216.39712	2698.04682	2510.04922	2551.59684	2019.31382	1832.68687	1507.58602	2201.36515	2333.44316	2826.32056	1572.09823	1338.60336	1929.52708	2323.80863	1922.97845	1345.65372	870.12252	1163.39856	1453.62934	1548.70231	1104.9962	1745.12883	2987.95357	2586.48549	3310.26692	901.0952	1577.21163	1331.88171	1284.12695	1334.84951	1263.4573	1428.88681	945.52586	697.24895
GH23	782.61712	837.32451	769.23029	727.78196	856.33868	854.21297	1206.48463	944.23973	785.66471	772.49008	840.47568	792.66031	813.01971	1120.73445	1222.41153	696.24617	858.47402	889.16367	806.85129	859.29844	795.01074	737.04668	967.87267	885.14629	916.48589	993.10849	1154.05103	1119.90833	691.65888	823.96792	961.67189	836.16081	788.41731	821.14537	705.28343	865.52566	743.00466	811.05877	836.42644	883.93451	863.83906	701.71088	723.43678	995.55486	1037.98845	1069.89243	774.71167	904.0747	705.71978	738.46042	660.87153	755.1523	1022.65853	906.31182	703.4509	801.99851	853.8704	996.51337	964.81106	947.09642	1249.63819	812.30285	812.50378	1016.16905	1072.46959	951.79775	1102.64009	963.80935	1063.7311	974.64235	994.98534	887.724	851.9073	835.26518	1835.35323	1037.52276	892.59816	922.67234	949.21896	1293.29766	1357.16197	897.932	913.88956	1029.1348	1023.88224	765.38517	903.51836	890.52259	846.93665	913.62708	1161.26761	981.718	966.98902	1032.68229	796.77024	903.49466	833.99237	1045.97746	1080.20701	1011.44267	854.27741	783.8308	808.28325	847.79086	954.01648	868.85644	853.23643	1043.64335	964.70629	944.84977	935.79279	967.54432	710.47524	758.56223	880.73565	835.0597	943.52545	796.64202	821.87503	819.01698	890.80514	1009.68855	1083.98341	1007.56392	958.47586	963.1078	1004.98596	913.37823	881.24578	1025.53535	882.72824	752.94551	766.4074	912.07099	841.50579	790.77324	835.88936	907.51461	751.24424	688.92557	651.09798	937.24863	847.23908	855.41764	889.86029	728.64773	717.89822	895.98992	857.35679	1041.38677	989.56995	735.59155	721.36207	926.41167	767.56397	839.53229	757.77091	768.20317	717.92029	753.24769	810.09632	869.12618	780.64178	826.00521	840.86564	1038.13065	915.23662	868.79424	958.19985	1007.06451	920.51087	785.66458	1286.68506	846.69481	678.27058	612.00897	894.45769	815.25487	814.43957	819.35577	855.87042	766.51414	809.50167	844.60844	792.60174	1031.84257	808.20126	696.75701	924.46796	792.41872	976.01283	558.6251	760.65129	868.62092	1013.86049	932.63801	950.68299	811.89789	991.1453	1082.44132
GH24	310.18864	392.47365	327.51393	228.47416	438.83254	400.37385	570.5499	281.08216	627.10315	675.70087	342.9362	529.69073	459.45496	529.46989	621.33494	383.55822	477.66591	237.85191	325.42808	588.84167	345.47757	299.78334	526.25438	412.05897	494.3716	431.46097	384.78868	376.81153	501.43979	607.31023	679.9047	431.42886	350.51914	329.23289	404.71699	224.48853	155.85862	297.69196	357.73649	1143.46496	866.6957	298.79895	347.57358	552.86364	399.91524	371.32166	332.31183	264.51917	421.32727	406.39387	353.48981	364.67292	698.10965	529.67785	329.66563	433.12567	624.97823	295.2812	305.2314	191.82058	359.76341	418.7858	396.50659	597.80299	690.39258	749.77672	504.13687	524.22202	628.12173	541.86185	401.2194	410.57913	521.66745	609.87247	207.57699	277.29527	363.25757	837.02726	921.21933	324.48776	489.92863	296.16966	283.65509	455.08452	444.513	602.24514	515.71595	316.08959	315.59505	406.77439	396.27653	506.30922	122.0378	162.13327	286.43578	682.12892	472.17035	546.93019	726.73117	923.93894	744.62367	524.68521	347.83202	772.05139	831.47279	643.86935	572.19676	304.74772	334.42354	828.41884	646.72447	473.96894	213.84804	282.1296	898.99839	833.04377	708.36008	374.01121	239.74803	390.87232	300.7955	573.49904	546.68158	729.03547	778.40212	997.00865	909.01979	305.84764	299.7379	545.29912	515.38757	288.69207	355.83568	156.56299	418.47558	281.82254	307.77233	739.01438	508.23992	429.99161	201.38265	381.03216	369.36646	409.85132	445.41476	467.81019	558.92494	442.50537	423.83848	45.08555	105.25028	400.95381	398.95485	567.76692	232.26707	297.125	188.7296	390.99119	246.52826	192.77184	517.21694	345.40474	585.04623	379.07399	365.73289	625.08104	443.68585	525.72443	369.67761	363.51824	267.47423	597.542	498.77699	529.88391	296.35593	256.50555	335.17322	551.88475	410.22106	871.68009	400.81762	303.80273	216.68746	258.80287	291.43135	383.26576	494.10624	326.48383	554.62513	230.22222	317.67129	317.01782	422.78643	708.95948	511.27505	453.65097	345.93387	341.37175	538.19796	505.34691
GH25	581.42482	608.30977	538.86172	637.70992	1132.53598	1061.15439	613.09753	512.51542	439.7937	475.37806	590.71826	550.52492	660.9708	1082.44346	649.05491	964.22624	1076.3202	594.91807	676.36258	398.37161	538.26486	633.58599	408.5577	391.76588	542.54272	447.46678	675.92008	773.52328	541.08207	598.09147	419.28249	527.27948	586.56555	621.55798	431.81472	541.05966	711.88797	645.54085	477.8545	649.49283	501.75192	562.20924	530.90326	1193.46186	1198.52331	1280.22678	710.79573	722.4128	584.12563	647.26964	585.8098	668.0385	514.66824	505.2277	391.16996	617.51479	546.07238	824.77454	775.36234	351.674	354.07087	431.32282	495.91656	914.51008	1178.95211	453.02201	903.54522	518.07764	409.89807	376.74946	458.92579	506.03228	498.47458	409.48747	527.54637	391.11502	781.80036	380.17435	389.39782	312.57384	285.98236	378.83638	330.23744	1207.13847	1325.13589	617.53055	519.5271	895.86328	840.00506	545.69584	1080.78083	1198.53831	1244.97689	605.6614	540.15368	959.2479	450.67698	421.76719	336.95445	1048.31287	1006.50762	588.71467	560.24962	375.03032	527.35059	1083.8003	973.49423	1028.36921	1241.57715	426.30342	419.12227	430.65717	619.82794	602.71268	734.42351	569.24402	613.80805	774.28362	1400.35472	792.90767	689.60712	483.49857	503.63803	545.66768	439.76053	488.08319	523.14494	566.98928	626.55243	1226.51673	1436.94652	2021.18677	728.28384	623.61663	379.22625	479.06556	600.45925	379.67493	530.05123	532.3528	643.42789	522.58604	696.13308	464.06769	448.69673	625.229	477.77841	541.19688	503.93957	1283.58992	1148.64904	596.20143	591.72564	494.14732	469.9057	658.1763	902.87564	474.15054	511.88712	553.49556	553.21085	473.23897	372.52957	314.82722	471.46956	796.64119	939.02926	413.14427	524.68166	330.59421	390.31423	689.73185	508.80628	362.4845	386.61586	431.89862	1072.40248	792.155	379.94621	454.75732	360.77871	430.25373	557.48801	658.33135	1019.2057	1220.2485	771.16688	524.70498	699.93903	587.06679	495.46086	687.53521	501.88177	1157.31579	1145.62965	1170.11115	1204.39044	497.72263	1124.52018	1291.01578
GH26	89.43094	138.7757	201.731	108.83454	231.44139	272.73768	64.62294	73.738	98.15696	162.15338	141.66574	141.99739	112.52867	86.96019	100.35212	231.74346	381.57757	132.87297	273.16288	110.10782	99.29068	165.97534	106.51807	106.01319	178.49602	168.31559	600.37769	680.48796	216.43306	212.08348	192.37726	143.03559	189.16418	56.19619	38.02955	107.94994	230.06223	198.77452	196.14949	15.51229	111.14469	120.03165	154.36379	576.71323	427.93841	401.4057	152.26093	70.03582	158.68022	118.92348	56.3551	216.21086	85.54347	92.49865	140.58103	137.95632	143.10095	570.34233	435.0268	169.1527	236.6795	19.40598	22.67849	491.66768	711.13844	115.43853	104.64504	58.79756	324.54487	286.65196	141.92703	177.92654	99.13957	134.52261	14.47422	36.78421	107.83507	89.75829	143.60638	130.34874	133.6525	63.8218	125.61286	576.01638	561.43834	136.54475	154.07221	119.20295	83.09786	64.57328	434.02837	559.70341	580.01724	38.96151	211.89371	373.94865	170.53274	115.474	67.6973	564.47462	289.43402	61.51117	125.37837	143.14471	153.30418	420.60397	472.63637	404.99478	423.75473	39.92719	222.34063	166.39773	122.53923	96.72891	39.68166	66.48352	248.7361	162.00029	403.51756	174.11498	81.48577	84.83029	98.85622	32.27986	41.02857	26.47829	52.40182	373.13643	307.15077	549.41316	539.88411	105.76318	94.49255	72.93033	307.70711	228.07043	5.19411	146.21795	85.71517	157.09467	73.96751	241.11515	69.33162	25.11956	58.0689	182.64219	144.64094	205.23789	191.4309	676.00606	639.8868	129.68499	148.90108	52.46121	56.78659	60.0123	61.03944	77.58015	215.47415	149.49107	104.14179	132.00907	208.25042	96.11119	152.93365	573.68641	529.51439	108.99631	71.07054	59.09514	56.23283	217.33933	218.78109	161.75807	138.69558	47.32803	351.35866	209.48341	226.71604	20.90786	196.64302	174.16712	128.13475	123.14535	312.62933	620.96486	132.91332	63.90765	117.66812	236.38644	320.41426	169.4891	216.06093	429.84434	515.40359	493.86222	493.35392	58.31358	529.1505	675.77953
GH27	345.87298	268.58571	304.05957	284.53137	237.83288	233.35491	258.10349	293.79415	176.27454	148.22374	242.66956	186.50721	161.98375	198.58219	176.58055	140.33222	180.8549	248.39066	335.60698	249.79015	170.57217	199.95116	280.11536	207.80931	273.61355	200.29729	82.36798	117.98765	199.27525	217.95192	182.34934	189.32063	118.89489	282.85889	200.59459	379.91425	265.79788	79.37915	78.37246	264.05197	258.7376	182.20911	210.20195	36.1272	57.03173	40.5711	239.55748	265.07578	219.4735	202.17029	273.81874	217.18529	332.83796	292.55524	203.85319	189.41956	187.07175	78.57568	96.06756	306.43455	216.90698	69.07658	65.64802	114.41977	13.00323	277.34495	259.60738	111.50491	136.36542	136.3069	186.77032	217.34937	218.42137	242.98545	190.74853	155.55641	348.24116	135.22259	155.91815	111.17231	160.54006	142.75787	177.64892	331.65376	341.65188	387.58754	279.2227	374.08276	88.11836	84.14203	143.53312	194.30424	50.79542	83.37387	318.30189	180.90127	216.88676	206.3458	157.64675	109.2002	146.7242	476.02889	292.75784	381.48573	255.30691	111.18162	111.00346	91.37383	78.8796	219.0498	340.35577	257.3686	156.45454	224.54764	330.98161	305.0961	203.44967	186.61372	179.77157	203.50189	182.32266	419.90726	338.23687	313.66324	387.08021	163.21806	217.83096	197.43447	271.96078	45.42609	68.2428	195.74414	224.90603	317.79917	227.96163	256.41046	50.81284	241.16126	87.38639	215.65657	181.8914	271.81656	190.03929	139.66623	236.10788	234.18722	159.71636	416.16531	406.01702	78.52932	87.54868	135.06693	157.98947	230.55311	173.00017	154.45072	121.22545	195.34228	205.45389	212.73383	230.1766	296.32955	382.96533	207.70468	418.66898	93.76618	104.74606	197.94027	221.96572	131.06274	134.94993	167.48796	113.01006	267.6689	380.43361	441.19823	182.0926	168.88483	391.71531	395.25482	323.09517	102.64498	208.63993	216.29382	146.68794	180.52145	179.19452	372.34305	604.04565	427.63969	482.33618	227.34623	304.93203	157.73914	191.79944	163.48517	168.44356	197.57008	80.71576	51.01712
GH28	1716.60759	1976.62792	1581.983	1505.20404	1848.04674	1488.75422	3071.81809	3700.05263	1739.71976	1373.31342	1495.03566	1229.04599	1320.30066	1295.50731	1039.97894	1044.97545	1623.62586	1633.73691	2177.87596	1821.52395	1235.9678	1113.96488	2195.88816	1813.47165	1468.34709	2096.91727	2073.71806	2733.03309	836.55076	1208.52115	1627.56148	1507.4614	1088.5797	1868.28571	1787.1946	2155.07093	1319.40752	1380.69523	1292.90163	1030.49468	1549.49094	694.46256	1347.94432	2039.4392	2034.29289	2208.49698	1301.26503	1449.18269	1586.77136	1659.77339	960.74871	1601.13669	1461.70656	1311.85662	1918.43909	1159.87431	1433.76648	1895.90606	1769.70253	1034.46409	211.64075	1998.97628	1744.36063	2118.12809	2446.57502	1984.00154	1519.27756	1389.25609	1968.9469	1845.96141	1517.1186	1531.57338	1829.21353	1461.34861	1768.18231	2355.98342	852.11726	1620.81211	1897.47431	1212.35843	1584.81864	2341.14291	2228.63413	1886.6279	1908.83912	1707.51772	1061.89285	811.41451	762.85782	1202.10514	1560.84169	2036.78066	1895.36929	475.80888	1992.26142	1984.45478	1867.48315	2109.34803	1950.08998	2680.24538	1546.75206	2641.26083	2107.39212	2020.60835	1742.04713	1551.26963	1495.25039	2316.51161	2285.89735	3148.87734	2324.30536	2115.39409	1193.06892	1525.82032	791.174	945.52365	1540.82469	1211.93595	1827.33307	1219.60199	1462.87098	2476.23245	1834.58637	2223.59753	2616.04714	1455.84358	1592.96182	652.0341	921.19601	2826.56554	2408.3508	1397.53126	1387.30563	2467.36479	2269.7612	2236.85828	568.16959	1371.19578	890.96841	736.06526	1433.42011	1703.49404	1351.93985	1668.98277	2034.40485	1232.44943	1492.23436	2574.97846	2439.74564	1805.73075	1695.57311	724.91803	1221.49859	1652.85404	1782.40779	1648.0659	1411.63047	2095.13278	1731.46054	1884.38468	1845.8993	2620.8417	1802.1595	680.4732	1089.84021	2236.83818	2292.51656	2340.54631	2886.598	3039.51457	2357.80572	1448.54734	1361.41961	1729.46038	1174.44225	1910.95883	2457.04813	1528.44593	1140.70643	2797.56649	1217.5822	1372.30061	706.99084	988.89488	1681.89352	2294.75628	1031.6707	1580.41521	2473.52809	1387.84004	816.29627	793.69789	1224.37509	2024.0309	2156.82145	1894.20076	2127.47933	1210.34011	2106.43157	2641.03448
GH29	757.74652	1747.80721	1042.43732	850.25755	1053.59241	1045.18274	1902.5248	1810.89264	1485.39461	1046.06337	1153.69838	1098.59379	1079.06075	796.3357	604.73255	410.17653	504.39997	1059.07143	1306.90681	1397.27194	921.71972	715.5732	1564.39616	1388.98517	924.87898	1293.32662	741.11691	971.00753	640.58416	972.77017	1769.82157	1252.78943	856.79945	1004.24508	837.65791	1469.60044	848.52861	951.6361	957.67614	1219.15318	1308.85211	587.85972	951.42139	533.27573	755.94304	635.83381	1013.4952	897.86628	902.85182	1052.22409	873.14417	765.3993	1390.2296	1198.06156	1095.93943	758.40325	968.59934	439.49399	745.32859	895.66111	774.59711	1879.64682	1643.80021	856.17592	330.15254	2011.60168	935.94874	1539.6806	1383.85203	1273.42652	1198.41194	1174.18391	1286.63358	1364.32835	983.89678	1322.79338	868.17512	1418.13359	1624.83964	885.64324	1176.6526	937.0926	1060.59936	549.81432	566.56909	1012.44887	762.46658	817.33525	753.8943	1347.04759	538.94524	707.78048	501.0086	221.86093	1083.73265	758.17664	1362.10384	1774.23171	1322.07805	640.02066	646.39938	1510.79281	1254.08957	1652.0019	1464.81678	456.88173	419.92922	815.12892	782.2126	2206.30876	1648.40037	1477.57202	755.67989	1359.6639	1040.36847	1055.67061	1327.65621	749.05684	741.84122	715.15057	781.06055	1370.35672	1077.03472	1103.30526	1325.94776	1378.06617	1380.09661	1036.42747	1062.71696	348.6526	437.30552	729.97989	927.70503	1768.47911	1262.93583	1270.4486	450.7066	1682.99732	988.51575	709.0925	868.22527	1256.04994	1193.28412	1831.97786	1780.20352	989.37277	1050.98718	1666.51386	1574.16509	363.01649	457.56264	601.86593	837.68544	1502.59404	1052.30696	1016.00442	614.00199	1045.16786	882.16136	937.88335	1148.09575	1807.37036	1110.50062	741.02399	960.81431	772.67021	572.25215	1303.9264	1591.70111	1368.69846	1052.82472	1142.02069	1055.15247	1165.52635	987.00709	625.13872	911.91004	778.89818	861.52342	1719.54055	1026.01696	1184.39548	541.21705	606.54136	576.3177	591.12076	602.58808	1182.67092	1886.80092	1154.34284	1486.97742	411.69651	909.37817	827.05048	673.79099	648.04784	632.56263	1387.6504	470.59716	224.89987
GH3	1743.29984	2733.45023	2901.68058	2359.30973	2766.83102	2530.79916	1453.53738	1356.17923	2186.05509	2753.34716	2578.8464	2577.52071	2424.09395	2046.51228	1890.21634	1702.29433	2487.35116	1918.48942	2168.17028	2232.87493	1981.74121	2671.99579	1978.04534	2167.82764	2855.28263	1928.83121	2645.46327	2956.39539	2311.2475	2848.46649	1975.26414	2209.27372	2242.84954	2034.78552	1598.18321	2405.14913	3016.44124	2211.46023	2337.29547	1434.77538	2102.04885	2044.87182	2202.28796	3429.85892	2645.64368	2772.20611	2357.46387	2240.37454	2431.45066	2023.09046	1435.21457	2176.85311	2109.48849	2096.37501	2286.15848	2057.51683	1791.82774	3082.60499	2772.83018	4117.68867	2106.7172	3123.50057	2948.77868	2733.16946	3168.00634	2567.56414	2063.83588	1829.7219	2716.29186	2560.99416	2472.93769	2475.7556	2590.70714	2551.24731	1334.80199	2066.8772	1933.76043	2221.45195	2526.54	1869.15501	1831.73209	2155.60711	2414.29918	2826.9507	2670.23372	2721.43453	2636.25625	1845.05848	1647.86039	1964.95952	2078.28578	2286.55878	2844.90641	1612.81253	3227.61878	2486.81407	2454.39093	2187.70811	2028.28368	2938.23981	2333.41227	1478.02795	2216.07702	2829.50967	2331.12748	2400.63947	2494.74277	2905.69754	3063.62527	1802.67894	3105.63077	2654.22365	2192.33947	2328.12494	1287.72664	1698.29837	2267.53173	3176.90943	2969.79693	2406.83506	2542.98988	1933.46116	2201.17584	1399.07286	1776.65698	1548.70079	1667.38583	4565.45132	3668.59267	3250.72743	2492.51911	2525.49391	1742.41695	1637.5167	4426.93773	3254.58733	1877.34756	2720.37702	2263.05581	2699.46296	2393.87123	3414.75536	3021.45187	2096.61216	2537.70048	2448.73623	2245.95398	3304.08808	3324.39179	3303.8516	2831.11789	1962.02639	2400.84614	2260.22371	1716.61938	1935.74876	2455.5918	2159.96072	2276.33443	2241.14978	2359.60467	2594.65725	2943.07561	1659.75383	4025.36277	2900.58735	2682.20766	2547.91677	1767.51276	2128.92231	2107.79232	3523.44751	1926.70847	3362.75431	3317.57921	4385.84785	2586.44669	2017.25306	3859.25523	1300.9184	3593.07932	2935.09656	2044.8325	2493.22239	2629.58778	3133.93926	1791.67481	1306.84535	1810.51324	4069.21469	4222.00823	2276.86585	2839.79983	2413.49917	2651.7158	2487.02475	2459.49614	2080.21089	2292.24543	2666.09516
GH30	35.27782	25.7126	43.87093	22.86187	12.8106	6.65538	46.96045	48.41848	44.5591	60.10194	14.6501	20.30305	18.14892	28.57611	47.48939	13.55921	28.27502	49.4397	53.57071	57.64732	38.41525	25.04896	17.9776	7.09336	29.59853	25.10975	6.24893	15.21401	25.98951	27.79409	23.32781	29.20111	20.62118	29.06051	21.76367	87.42528	49.54401	19.50649	16.31358	7.63037	37.74506	53.47826	63.00891	13.53555	89.04753	84.10054	24.59122	23.98795	33.34952	44.58264	18.81523	23.41025	54.04412	39.61801	30.60146	29.0121	37.46113	36.65667	31.49653	86.12241	22.17688	11.12012	10.43365	19.42857	1.30528	31.14282	34.42109	28.41016	19.88281	15.25048	23.91589	23.91933	24.55717	29.02341	33.63983	31.83655	17.36235	18.28268	17.61435	15.1143	20.00998	19.78434	19.98088	4.14464	4.24463	37.66931	37.85322	14.46903	11.94812	16.90415	13.59048	19.04847	10.43813	2.24018	66.33086	30.14498	24.08408	27.0848	36.18077	11.68178	27.25072	36.1613	52.19547	79.75038	30.81111	11.67369	6.19614	5.24054	7.34047	49.48421	53.35603	19.81755	14.79235	17.94127	15.14722	21.44639	10.99159	23.3231	34.19368	55.9503	20.64808	56.63855	48.75022	37.71104	32.90817	22.4596	24.13434	40.16332	52.9791	11.41371	15.64539	20.75613	40.5408	60.1257	15.39101	21.1107	4.95131	18.91066	7.59802	12.31367	49.43193	47.31501	11.91841	12.9348	44.22868	33.97561	18.76815	37.32185	40.7545	2.38214	6.26754	10.82959	18.7918	14.25184	29.78947	31.33134	25.0036	62.75161	15.78711	19.53263	18.59476	46.79682	35.14773	26.50305	76.56367	8.2406	12.94984	70.39276	50.60434	30.17215	19.31279	16.15246	9.39079	40.79717	108.86507	156.35382	67.99496	46.03486	28.50992	45.7093	22.1435	25.21637	14.91077	30.3157	30.94381	15.7926	13.96332	41.71406	35.35368	94.77047	62.05951	10.73814	27.0489	41.20131	39.30661	14.18483	12.65103	7.22934	23.72233	6.98457
GH30_1	15.08929	7.77386	8.51345	41.07487	4.43318	2.25796	0.58004	1.73445	7.79955	7.40843	5.48224	6.70787	11.76384	2.05275	3.82838	3.36128	12.4192	7.88517	10.01032	3.60987	14.33015	0.953	2.58017	1.12505	1.65223	4.08017	1.07695	0.19606	12.46704	4.71948	1.92414	6.93642	2.56064	1.44443	1.19951	21.1263	18.82195	3.05127	2.60549	5.49194	4.6915	11.91324	11.56513	3.04039	1.71854	1.12726	11.19521	30.6111	27.14676	9.2085	3.95771	6.88626	0.54584	2.10237	5.70341	13.83537	4.93434	2.02168	3.56115	19.49369	3.10714	3.43216	4.38784	1.99885	0.25699	3.71756	1.40196	2.60015	0.71926	0.39112	3.92788	5.17018	1.94524	1.90668	6.31802	4.19439	2.60485	0.14001	1.20766	0.84699	0.79234	0.89261	0.30766	0.93258	0.86036	4.12798	2.71484	4.11082	10.42241	4.82142	1.86983	1.3637	3.82676	26.88026	2.5891	0.06457	2.90993	0.67013	2.71039	0.33304	26.18021	2.27743	7.7524	0.24839	2.46864	3.90648	4.11297	0.69831	0.56737	1.82276	0.13491	0.03054	2.37967	4.73698	15.52604	2.90991	3.26859	23.02015	0.44251	18.39182	20.69981	1.86416	1.63217	4.39751	0.3361	4.68889	5.60692	2.5595	2.53174	2.71098	3.51966	22.68575	3.32841	3.12903	1.67594	10.36894	1.66024	2.37508	5.44607	15.30075	22.16943	0.47327	16.9829	0.07582	0.07899	13.99213	6.08523	1.32378	1.07528	0.80296	3.93212	8.48573	13.78029	1.65318	4.44815	4.28562	28.54354	7.7006	5.64146	11.32049	1.61982	2.65282	2.15595	2.99824	10.10798	0.61416	5.1919	0.83604	9.43367	0.63008	1.2092	2.67681	0.83352	4.84099	13.78309	4.73621	0.47563	1.43131	5.62595	0.27239	4.19997	1.01773	3.33359	7.23955	1.42929	0.02106	7.41501	7.974	15.59135	5.7582	2.03814	12.40799	1.53509	0.96167	0.5469	0.29225	0.4374	3.23766	0.96556	0.12852
GH30_2	38.29291	108.52523	64.27789	50.43273	31.00325	29.5263	8.84302	114.38242	74.60192	62.6059	66.65336	113.82412	79.80602	48.5452	19.15907	21.24841	42.20124	43.25185	106.87513	23.64564	35.30302	32.29139	109.95756	119.47124	16.76348	46.26644	0.99264	2.63875	40.61459	76.62947	73.06238	54.81103	56.15126	22.96683	11.49313	47.25785	26.70705	72.06983	77.19808	96.1245	99.30241	67.948	46.08777	29.90497	23.96404	21.73768	27.67749	49.10405	62.47208	77.58996	20.64549	110.88131	111.90246	90.27556	55.08952	31.12023	28.21796	20.70789	49.47949	143.448	131.35278	139.9656	134.03735	12.63337	3.95456	25.70632	72.85487	110.28077	152.76635	130.31327	33.81909	33.58715	6.11976	6.33607	32.8051	36.93583	20.26108	81.99108	108.51627	43.666	54.93909	44.5336	54.00139	9.6272	7.50755	48.48703	46.9187	15.78344	83.29661	97.32117	13.26572	11.98593	9.77227	0.05676	46.22161	36.40037	8.15044	9.30644	9.36685	10.07986	19.19748	76.27903	62.70229	50.44739	36.43321	21.19087	10.32533	41.24058	20.29676	6.37152	2.88309	3.45176	26.69855	48.36758	13.58975	36.51012	92.34674	63.16655	69.22319	47.7534	7.50345	77.16903	63.26652	48.01583	57.31458	112.95579	122.71602	7.7224	14.0416	11.09252	9.39333	9.30642	40.04385	30.03372	4.43602	14.17983	138.21577	103.32637	74.18329	35.78893	21.9781	53.78095	90.24118	137.26381	115.09324	23.0672	27.49213	29.07479	45.47336	2.10988	12.21433	62.30444	53.5413	128.79724	65.56025	39.69805	7.38314	35.8886	44.91328	53.58424	17.72412	12.4631	70.10714	35.40665	50.42483	3.23781	21.45608	10.231	2.79261	5.60127	4.36515	115.4915	126.16182	63.95941	75.34211	100.52328	3.83754	8.93397	42.54206	108.72141	70.31491	138.93481	41.27672	22.11852	4.51024	7.53612	20.39185	9.77246	0.05571	56.41985	41.93748	23.29381	59.26766	81.37393	38.21905	17.48161	20.18487	29.96374	7.06854	0.22971
GH30_3	5.74527	33.41241	58.79364	24.20414	5.99044	4.56419	1.34521	4.62302	29.95379	50.30688	18.5009	28.64901	21.02643	28.16489	33.22391	27.44729	56.77431	14.8712	39.23638	43.55411	28.35536	35.3459	8.70813	2.21617	50.32615	18.68851	120.21623	123.89829	28.16275	37.29838	9.42358	15.85082	30.41808	10.52582	9.3715	41.51234	39.2872	24.65015	18.89525	2.53431	31.23518	36.19876	47.88865	122.54193	190.88756	218.52619	18.86136	13.0798	12.50183	10.97924	13.40785	36.10918	3.78436	8.16028	39.66526	19.27576	21.90342	77.09371	50.59381	57.06493	30.77073	3.62258	2.94047	138.78575	198.45975	21.93192	38.07337	16.33005	35.19381	28.71746	16.85407	24.07839	22.54981	22.56294	1.0951	7.81052	19.24384	4.94404	0.68194	8.21337	11.44287	24.23891	25.00455	0.88568	2.28033	31.66452	38.07185	9.57442	12.01708	12.88087	80.40411	83.41197	197.46119	0.11728	44.91057	49.21517	39.71777	23.88152	22.51768	102.80402	54.29655	7.92992	23.58461	37.46788	16.84868	97.17527	110.72924	98.63914	111.6039	8.93308	24.31465	7.09992	27.94852	22.66458	5.68767	15.92847	3.88988	29.90479	38.97679	34.25024	6.28323	30.41579	31.12948	6.92587	13.49611	5.25947	16.6336	93.12949	93.18664	159.24321	168.17765	11.01029	13.47209	26.23675	65.68352	39.6797	1.32968	37.41193	20.21249	41.17575	18.07203	47.16019	4.55834	2.94668	11.70863	24.43846	23.13653	67.89305	70.43791	120.38716	105.41192	24.81989	35.70736	9.26909	27.91388	29.09516	9.95522	12.75365	14.81851	22.00759	32.92519	44.03094	65.04396	22.54275	26.8245	108.76385	120.46363	56.32622	22.93529	9.02983	9.12898	31.41006	6.25443	66.92847	68.13146	0.07106	0.18822	5.43157	83.26498	1.15852	69.79882	47.6971	14.07812	21.12005	36.50734	54.24379	16.68254	5.97646	NA	NA	0.10434	13.80453	29.06176	62.7685	91.69098	19.43777	53.21168	10.86131	141.89349	177.76376
GH30_4	225.21307	262.20362	164.01941	111.05373	46.12343	49.56351	417.12721	347.96393	111.91065	116.84998	123.95832	87.71819	76.66013	147.60608	115.50419	26.54815	55.54546	235.89356	279.26165	213.3745	92.62122	96.84035	130.95477	43.72099	136.04177	230.26527	46.20681	82.41372	54.95041	80.57994	136.88101	97.65409	31.50176	123.67877	106.38343	181.01314	103.98637	59.22739	77.38127	80.0629	130.60209	110.71754	187.29003	7.0373	347.89885	355.3834	59.6875	62.67399	95.19268	117.32246	56.0226	146.86708	14.13759	35.19777	118.94574	82.67952	123.83617	164.09836	102.62759	149.12275	43.88065	261.20282	210.96152	111.17	7.53466	93.36676	183.52536	107.48589	173.10091	147.98356	57.57025	97.86045	129.19156	145.0914	164.72603	110.63405	78.11056	119.44269	130.84452	112.83695	136.4001	84.13251	113.63805	11.02896	14.20496	172.04854	153.48861	54.87974	57.10161	69.77953	50.89263	90.05573	41.69964	4.56354	211.09412	88.10571	134.57081	143.88489	229.47491	114.38822	143.71471	226.38211	202.45286	169.63613	93.90514	34.35143	25.29205	47.40004	37.18543	446.27223	127.35344	164.71449	110.33199	163.0058	49.3915	63.82415	49.32642	89.41831	139.11999	115.00112	51.18089	135.71551	118.30705	157.52963	194.06454	180.95632	173.56627	165.77236	121.07758	10.47998	40.65491	51.75947	181.65168	393.98516	166.23356	100.24147	14.72977	99.36844	113.86188	105.80073	169.61696	270.46062	217.56708	45.20268	116.06919	97.5617	76.05152	167.2568	149.33849	3.42512	20.45814	121.48024	124.05658	291.53858	103.07275	140.96358	86.69548	108.71147	106.46524	113.56806	129.68312	335.56265	242.56245	76.81041	202.64421	23.15613	47.83806	288.70687	408.90417	138.25627	143.75628	131.51583	152.43518	169.88388	119.88907	270.38549	346.08435	203.03906	170.83731	247.1285	168.00845	173.97334	119.26567	147.32041	150.98621	70.51681	41.0437	75.8132	111.54413	167.4215	129.92993	44.86386	98.36592	200.11201	171.92562	60.49693	65.91996	94.45932	81.54975	33.07419
GH30_5	1.55055	0.56321	1.52202	7.44886	1.16768	0.33263	0.92096	0.79965	2.66977	4.49342	2.01833	1.64177	0.32983	1.27867	2.80012	0.84476	0.66758	2.19801	1.22223	1.43431	1.77122	3.51501	0.71631	0.71888	0.47802	1.38831	0.08209	0.7192	5.43898	11.64539	2.03824	4.73294	2.94516	11.29586	3.06488	1.23038	5.60484	5.54555	4.28603	1.24798	5.76724	4.49039	3.77768	2.46904	2.49971	0.64819	1.62072	6.50804	4.12541	3.80835	1.25681	2.27925	1.30995	4.17797	1.36295	5.84015	9.54958	0.55634	1.56107	0.41846	0.50018	0.74757	1.12531	1.03188	1.40972	0.84824	1.92104	3.15977	0.51358	0.69765	7.65324	3.03348	0.42006	0.54259	4.84104	2.11256	0.73546	2.9115	9.24635	NA	0.25635	0.28088	1.1051	2.53119	1.44709	6.69453	10.74057	1.44857	1.9861	2.07581	0.3876	0.26219	1.58103	10.68838	4.29383	0.98298	0.83229	0.04626	1.42321	0.29159	5.17053	5.65621	2.42073	0.39186	0.87235	2.26786	0.62917	0.82947	2.08992	0.72013	1.30652	0.93706	8.47635	23.12369	3.36596	10.05831	5.88558	2.71192	0.48958	6.51939	19.60221	1.62505	1.98712	0.16221	0.20796	0.08086	1.37728	5.64946	1.5455	3.99901	3.66881	4.06967	0.17605	0.78403	1.3371	3.83312	2.38044	0.13579	0.18713	0.93043	0.32315	0.26587	0.87173	0.838	0.5974	4.38627	5.03268	1.35699	0.91282	0.19461	0.82668	7.42708	6.87163	0.0807	1.55305	1.67648	8.67539	13.43555	0.54607	2.93308	14.1016	3.87207	0.52241	4.32913	2.07368	0.05668	1.6465	0.63989	3.56265	0.19733	0.11897	0.85868	1.13799	0.03269	0.24434	2.1394	1.00683	3.06948	2.47508	5.23948	1.96804	1.00594	3.31978	44.11859	1.90129	2.72793	9.9225	7.27599	2.90731	3.98727	0.74807	4.12487	8.52482	0.05816	1.01667	0.0387	0.55911	1.55068	1.59188	0.06098
GH30_6	66.08263	44.17674	59.51357	45.81375	14.57446	20.9191	184.33464	169.0283	39.73756	29.34624	27.36732	13.71922	24.50282	66.55474	67.82837	0.98639	1.87177	91.63739	90.63025	144.72343	56.04052	16.01112	38.69838	11.8653	38.705	57.88288	18.28797	45.35379	9.01909	13.29257	80.41282	52.838	20.04272	59.12941	43.85665	95.4131	42.50016	11.50156	14.91109	13.57731	27.74962	28.96999	55.4106	4.55843	30.59438	11.34621	63.94803	45.22841	89.26433	144.01718	45.13196	28.29956	186.31013	130.59165	21.79231	35.60632	66.40607	21.4491	20.93638	102.68084	0.014	33.16287	30.1722	38.80359	4.1842	63.75453	71.66528	55.07619	2.4824	3.36722	19.1055	36.38059	58.77199	77.79542	115.90089	101.82019	31.21233	36.10534	32.65328	37.5967	57.33159	49.01397	55.13489	7.49534	5.17931	74.95018	38.07391	28.27432	8.47549	18.81771	3.91374	2.07125	3.13116	NA	48.29729	24.82048	63.5098	96.50454	93.99191	2.85762	2.6284	111.93387	81.76287	124.77255	113.39491	7.4512	4.02589	15.48771	6.67073	143.63729	55.34718	71.70039	8.91549	12.05352	13.11649	19.33586	19.4218	25.79373	1.55058	20.47454	36.24649	106.1057	82.69651	122.73518	112.04771	44.65318	26.25994	9.05561	24.5694	12.56668	17.2379	5.65695	69.98457	138.65345	1.03286	8.94725	14.35859	21.20278	6.88693	10.98442	77.17078	103.55402	15.10888	36.76716	53.5453	27.31909	10.12242	89.10622	95.94204	6.35021	11.29072	22.59658	36.07087	14.05765	52.77529	62.67257	54.03176	57.54377	8.25385	10.53974	6.63316	107.2674	60.87029	26.91105	102.03919	14.5031	18.61227	187.64966	157.53465	106.3374	69.40197	40.53964	31.72478	57.18131	81.51277	217.89712	1.08541	8.55258	33.72125	153.80261	22.96898	4.71094	18.0822	33.37852	1.4321	3.02266	7.10767	80.42369	126.07471	127.87922	94.37725	3.12582	10.05424	0.56056	1.67624	0.72914	0.72078	9.47081	12.48973	0.5773
GH30_8	1.9423	1.50576	5.67269	1.54255	2.06391	0.55756	0.10841	2.29739	7.17988	17.53722	1.13017	3.96973	7.08582	NA	NA	2.45316	7.39783	NA	NA	6.96255	2.84072	3.8385	0.07903	0.06625	1.75078	0.84306	NA	0.03115	3.95383	10.13172	2.27625	4.90593	3.08222	1.61681	1.44063	0.36522	0.3479	5.27784	3.47078	0.3414	8.95228	4.66211	4.81642	3.35204	2.23059	0.4024	0.02789	0.03177	5.36699	3.0889	1.28366	0.93102	0.66478	2.31595	0.84801	2.86822	3.11379	0.65449	7.91535	2.65444	NA	0.16079	0.2115	0.83152	0.05952	0.1794	NA	4.2723	1.49157	1.0407	7.31854	2.30947	0.90856	1.27046	NA	NA	2.47568	2.79332	3.26103	0.54111	0.41488	0.02757	0.02658	2.02255	2.41021	7.61988	16.78527	1.78355	1.81748	4.34525	0.65336	0.17434	1.26102	NA	31.14233	0.66745	NA	NA	1.11952	0.13717	4.32633	2.28667	10.14083	33.81496	3.19534	1.43186	0.50482	NA	1.18644	1.25571	2.40865	0.10301	1.45676	3.6745	1.46118	5.07109	0.20779	0.59781	0.27114	4.84077	1.63166	1.11953	0.72819	NA	0.74677	1.74095	3.38076	NA	NA	0.54953	1.69356	1.13584	2.29469	2.60813	0.38729	1.85752	NA	0.65013	0.58349	1.63079	NA	0.11322	6.08225	0.60463	8.47224	5.36315	4.18819	NA	NA	0.04672	0.61873	2.17074	3.63126	8.55909	0.89142	0.6581	3.05559	14.51858	0.97455	1.7556	NA	2.02412	0.26735	3.43414	NA	0.57825	1.99205	NA	NA	0.06255	0.50723	0.19506	NA	1.50537	21.96817	0.05495	NA	2.00836	0.60466	2.76948	0.8138	8.9325	2.17445	5.03952	1.11684	1.87907	0.14579	9.64558	NA	NA	NA	1.40219	9.13609	0.50129	1.53485	0.89729	0.46128	0.16959	1.81365	NA
GH30_9	NA	NA	NA	NA	NA	NA	NA	NA	NA	NA	NA	NA	NA	NA	NA	NA	NA	NA	NA	0.21414	NA	NA	0.9369	1.4619	NA	NA	NA	NA	NA	NA	NA	NA	NA	2.36086	0.0508	NA	NA	NA	NA	NA	NA	NA	NA	NA	NA	NA	NA	NA	NA	NA	NA	NA	NA	NA	NA	NA	NA	NA	NA	NA	NA	NA	NA	NA	NA	NA	NA	NA	NA	NA	NA	NA	NA	NA	NA	NA	NA	NA	NA	NA	NA	NA	NA	NA	NA	NA	NA	NA	NA	NA	NA	NA	NA	NA	NA	NA	NA	NA	NA	NA	NA	NA	NA	NA	0.98033	NA	NA	NA	NA	NA	NA	NA	NA	NA	NA	NA	NA	NA	NA	NA	NA	NA	NA	NA	NA	NA	NA	NA	NA	0.46145	NA	NA	NA	NA	NA	NA	NA	NA	NA	NA	NA	NA	NA	NA	NA	NA	NA	NA	NA	NA	NA	NA	NA	NA	NA	NA	NA	NA	NA	NA	NA	NA	NA	NA	NA	NA	NA	NA	NA	NA	NA	NA	NA	NA	NA	NA	NA	NA	NA	NA	NA	NA	NA	NA	NA	NA	NA	NA	NA	NA	NA	NA	NA	NA	NA	NA	NA	NA	NA	NA
GH31	913.99824	1215.96582	1132.79351	1038.07787	1006.87849	921.53532	1108.43906	1230.8086	1078.455	1181.77352	1115.46142	1060.41217	1022.79083	975.99589	1075.94061	570.09682	786.74171	1025.85703	1183.91078	1192.40829	788.99931	1110.38604	1185.55839	1190.53533	1117.19011	973.44803	1220.25516	1266.11394	896.46094	1271.48088	1133.27248	925.49588	774.64219	908.06546	741.06865	1293.99032	1187.1952	1046.26734	1166.89095	994.43687	1173.31485	808.59619	1016.81343	721.45146	1055.24633	1078.03598	936.05598	984.89014	849.97073	814.49116	672.22891	838.14015	873.51668	801.34068	935.89802	888.5574	867.22334	1134.99172	1098.49406	1330.1535	827.89786	1387.00239	1363.32547	1283.52845	1306.33106	1051.82339	1008.25683	961.75025	1184.27532	1093.00212	982.97201	1048.85174	1007.59424	1067.75117	1064.94087	804.02743	863.21612	1114.3829	1206.60305	963.23001	1088.42145	882.30925	918.6214	1376.52064	1281.33755	1065.2095	1051.45371	727.20862	869.28936	1059.73094	963.725	1096.26343	870.06592	832.12828	1483.05231	879.91722	1129.29223	1042.33053	986.58535	1245.82596	1099.71855	993.84804	1130.56879	1364.71703	969.10687	980.74071	907.91325	976.65719	1001.87509	1091.72077	1114.45298	872.22341	780.57332	910.37308	697.44104	794.46223	1270.24543	1243.12205	1239.09998	903.7874	978.07639	1298.38833	1272.04191	920.4669	990.87376	1184.75238	1180.19667	1611.5619	1472.92904	1110.36896	1068.92233	862.06751	872.22983	1391.21405	1288.77563	1185.20543	759.21065	1364.05919	933.57957	1015.88712	1221.47834	1401.61753	1153.89375	1205.40506	1252.51342	887.17889	778.00263	1379.71394	1377.35204	1369.26154	1213.50018	620.37513	826.03001	1212.46495	996.69458	1103.734	993.61418	970.00575	719.84732	834.52731	1144.84326	1339.9824	1351.98378	695.04341	1755.40719	1054.25603	1015.67933	1549.21972	1331.87445	932.91541	882.46718	1331.52387	1079.3406	1245.68869	1165.35274	2037.176	954.40458	731.60758	1444.10071	1121.71507	1399.50397	1149.53171	719.32357	918.58747	800.68767	993.93473	739.24621	837.19841	1041.60423	1540.90314	1694.29545	779.10254	1004.59779	1027.78153	1067.41659	871.80012	900.42327	1085.86377	898.98727	950.65689
GH32	397.86951	522.46344	571.64103	544.27109	661.15104	596.92521	431.97116	356.35518	501.44956	380.32851	499.49185	399.85162	469.9312	424.70512	357.93885	353.10079	476.08009	513.04083	498.97631	425.40469	512.88242	513.5557	564.4935	614.79411	464.96375	367.3768	1061.62464	955.05738	423.68937	592.68888	322.9463	403.42735	335.8536	329.5367	263.31944	386.90848	504.77971	324.85292	327.16433	442.61788	524.35006	403.50982	471.47219	578.71315	641.27555	705.00318	416.76822	501.18678	545.23676	552.06133	281.88368	502.67168	575.65587	617.108	330.85175	351.31987	293.08907	799.6298	726.36377	456.35247	407.71553	447.9169	474.7086	613.47518	755.64394	413.31886	448.21295	525.72613	479.76974	450.00326	536.77959	530.82276	359.30115	343.73766	684.9214	371.52833	375.31494	427.00309	545.04977	547.30243	501.03277	503.7207	390.88655	639.88169	638.86014	293.32399	247.02575	368.85237	394.21257	419.66251	633.49706	706.21912	606.83809	529.60793	512.29167	777.6917	394.01522	395.40129	423.06345	828.15262	615.29258	395.00078	419.18287	521.92899	408.55648	678.20957	690.54202	871.81622	841.32327	386.92033	650.71574	534.43867	555.21788	626.71237	480.3618	429.52469	463.14897	543.78381	719.15547	423.95538	440.13358	478.53035	592.1919	497.71092	457.70393	420.13721	522.98502	369.98549	419.78723	582.62687	552.57056	468.77127	391.14337	448.72163	439.70385	407.35373	717.39308	601.19069	338.10199	406.88664	586.45293	509.03464	497.05316	635.92774	536.43511	405.24289	402.9261	501.4554	508.37318	623.38381	572.57516	262.83763	381.27914	465.36408	378.87694	394.69366	481.85576	410.40898	348.51404	363.98159	499.05237	436.24477	430.79931	167.47571	676.30248	592.61776	606.91847	537.24037	448.33808	408.31897	543.52734	354.25105	551.51629	470.03108	415.99748	662.03642	615.93579	409.56377	573.37096	335.75484	614.25746	624.29544	294.47454	378.93282	475.72566	603.38035	341.83884	385.46353	460.69224	534.64757	649.17334	394.00917	376.02964	641.37156	591.80917	657.30786	699.95015	527.91731	504.81189	626.97319
GH33	263.92514	313.62316	446.16108	289.52639	288.15353	293.80921	694.41651	672.59049	616.12528	463.8555	311.4321	304.89553	250.46866	235.30317	199.54239	225.44487	296.8011	584.5097	613.60753	506.11529	258.23961	247.25003	444.39759	328.14222	225.52716	353.42657	123.39095	272.08009	205.73199	258.0218	307.22492	271.32765	228.81203	368.23436	235.69605	475.21547	281.86501	236.70716	216.77017	287.50483	381.89789	265.62681	389.71506	70.43805	406.43468	413.00336	263.56551	250.20662	325.68555	321.68299	434.07246	320.47926	337.12582	371.851	328.28252	307.4428	379.98995	310.82223	361.42481	552.09412	485.80383	378.98622	347.34981	685.4382	680.19508	411.22321	281.81937	336.38903	408.84928	378.1042	261.67955	340.46182	326.88887	454.49433	286.33272	271.55138	390.79351	261.53461	344.5554	209.76657	255.45981	185.18976	279.56208	132.52707	143.08522	459.64107	432.78263	358.7556	187.5474	272.84692	188.44214	268.1715	471.43058	80.46328	556.27665	299.74934	511.67709	504.39036	366.55651	126.46326	207.05026	546.50179	488.34152	538.49092	378.47287	169.77713	152.64183	353.46257	299.41067	565.66871	576.57731	495.33665	221.63942	287.23254	439.46231	434.86526	392.97434	296.22661	202.06863	303.46377	290.58578	517.32288	425.33965	403.7774	459.2438	307.1465	328.69058	348.79193	398.93211	565.49806	492.37776	303.14832	322.75367	601.02256	580.09307	630.59077	102.01507	368.94815	159.54751	180.67031	366.01393	622.08047	229.79588	291.57949	400.81973	261.08812	230.06459	698.50352	699.10727	144.09701	221.65758	282.02924	373.36161	312.78607	370.60097	360.58489	257.14247	315.79771	273.07829	279.98387	437.99827	633.77503	478.99964	384.47676	530.48879	139.59765	256.30582	490.52329	560.67334	420.1946	342.4069	285.45805	312.42004	437.4084	428.81442	722.44275	438.81101	310.44057	288.37325	529.93237	272.60249	279.65286	239.34958	326.91085	258.01173	303.1226	262.7767	459.77277	765.82039	612.56919	833.55612	148.06733	220.78492	325.88602	282.17723	267.48268	256.46298	216.73806	339.66171	366.43085
GH34	NA	NA	NA	NA	NA	NA	NA	0.16681	0.64962	0.36783	NA	0.87299	0.32192	NA	NA	NA	0.6464	NA	0.15678	NA	NA	NA	NA	NA	NA	NA	NA	NA	NA	0.17232	NA	1.43579	NA	NA	NA	NA	0.93904	NA	NA	NA	0.15711	NA	NA	NA	NA	NA	NA	NA	0.91848	0.18315	NA	0.17207	NA	0.29324	NA	NA	NA	0.26723	0.61285	NA	NA	NA	NA	0.43681	NA	NA	NA	NA	NA	NA	NA	NA	NA	NA	NA	NA	NA	NA	NA	NA	NA	NA	NA	NA	NA	NA	0.15813	NA	0.5942	NA	NA	NA	NA	NA	NA	NA	NA	NA	NA	NA	NA	NA	NA	NA	0.49928	NA	NA	NA	NA	NA	NA	NA	NA	NA	0.15988	NA	NA	NA	NA	0.20751	NA	NA	NA	NA	NA	NA	NA	NA	NA	NA	0.79152	0.13699	NA	0.57959	NA	0.75287	NA	NA	NA	NA	NA	NA	NA	NA	NA	NA	0.70106	NA	NA	NA	NA	NA	0.57478	NA	NA	NA	NA	NA	NA	NA	NA	0.41146	0.1255	0.09845	NA	NA	0.13593	NA	NA	NA	NA	0.40821	NA	NA	NA	NA	NA	NA	NA	NA	NA	NA	NA	NA	NA	NA	NA	NA	NA	0.48854	NA	NA	0.60498	NA	NA	NA	NA	0.15398	NA	NA
GH35	191.20949	427.55882	403.25296	306.1428	140.42629	136.57339	401.497	301.34538	502.38308	424.03453	368.19768	449.0014	410.77069	264.49886	199.23378	133.89915	238.66994	236.92442	275.38876	463.18992	289.57297	319.72295	395.15513	478.46293	331.36765	340.30522	266.44668	304.763	313.79234	436.96073	537.98493	407.31426	347.07696	265.77446	196.1818	338.97028	328.93137	392.13951	404.29526	341.50056	452.76537	275.55103	321.80037	158.74953	386.62853	394.12677	259.53868	178.82652	305.29235	396.18217	352.56308	282.75881	418.35468	337.68538	365.58089	225.16057	241.57003	374.85657	362.86439	825.9498	430.25265	819.85962	743.83504	176.79461	36.39501	473.15476	295.24488	512.1772	663.17695	576.12939	256.9724	270.98578	301.04754	388.43747	144.71584	260.21201	191.98042	505.25466	540.56024	320.64835	429.68883	238.35225	272.52257	247.94706	233.68006	242.48128	243.86884	125.75426	296.16801	498.69271	130.29875	179.19952	274.24212	144.13258	470.35383	225.59928	332.29422	376.48409	275.47673	303.62793	289.77305	289.54896	347.50173	544.55011	441.93943	128.62749	96.08288	306.04963	328.50712	300.96347	392.76668	290.69177	232.93529	315.7626	151.28641	182.56665	531.77094	345.36348	360.20634	321.40391	204.5929	405.32471	496.40339	358.64658	320.57477	511.30175	542.22065	616.91274	640.43372	45.00761	76.79557	184.69384	234.1825	368.3141	442.38134	430.38114	422.12767	619.48332	433.44031	279.60815	295.2476	600.96268	402.84312	877.64186	696.79644	300.01471	278.55054	354.158	373.04412	257.34826	248.24746	201.43546	242.62512	471.07658	391.03764	352.61266	235.11792	333.06181	248.80011	293.56794	337.27176	373.5295	331.92896	310.53375	733.39669	265.51687	227.65699	502.55299	280.24198	358.45175	409.0301	490.65149	696.58365	567.71807	706.22312	849.71002	353.60591	251.50132	393.18071	342.8762	468.00945	507.06842	164.56814	209.88389	159.29827	300.36995	236.5455	296.01722	347.18305	995.42826	1198.84814	187.90765	350.56975	257.86234	327.75585	220.84732	206.88919	421.09525	327.6258	339.01798
GH36	450.07043	571.90613	565.24259	633.43029	976.63346	805.03677	537.8871	576.13735	567.2587	534.90826	548.86851	444.66469	460.5111	297.24836	398.70508	655.52957	901.70255	556.29824	686.3275	727.3239	508.24662	458.0745	766.21539	698.73591	485.08733	599.15322	1078.91218	1098.72391	511.43504	557.39549	531.31611	486.48905	587.45096	387.82743	312.38756	538.84708	545.50522	626.46874	552.25458	665.56805	641.60732	550.34426	594.62038	1290.10047	1116.35754	1322.79154	488.41157	576.9577	498.85038	534.10633	504.78338	641.55126	600.44322	595.62178	366.98039	520.90813	452.26633	986.88079	898.39191	922.40209	593.21678	729.83493	751.63829	1044.32997	1416.01697	428.8864	350.93281	503.16407	720.61642	644.95489	396.06622	528.24601	365.63827	478.16614	738.67238	269.06188	429.40665	577.14559	661.98015	532.06825	576.02717	512.94909	670.71844	949.12982	912.09258	461.8249	465.53087	406.38053	511.65693	438.42408	837.67098	1038.36151	1165.00714	599.36064	709.6958	1119.30102	482.38403	352.74862	444.34714	1360.1516	887.50574	672.59615	649.02075	642.38211	447.47336	1026.78865	991.81968	1378.61281	1475.94614	510.72576	542.51168	555.27434	478.13838	586.91381	511.63059	460.1018	599.61874	558.26549	1032.16034	660.73541	420.34274	616.09051	726.49661	745.3404	593.85496	657.10649	736.76335	546.20689	578.23533	1023.28071	1046.17384	458.13617	523.80674	703.37226	601.41024	560.00344	935.78413	594.6865	542.25181	542.61583	716.4786	748.61065	571.97907	603.43495	479.01675	507.69926	367.6739	700.43963	732.57683	1343.08443	1127.86099	433.9454	544.68647	468.89588	447.66283	485.91085	496.5576	402.96795	435.79064	513.40568	725.16572	663.23686	543.7611	395.42638	821.77348	1130.1603	1133.03939	693.07595	611.47906	347.22436	482.94748	483.6503	979.73628	665.81932	621.43488	749.39045	1074.16895	779.43171	555.66106	602.47224	542.99901	438.17187	379.92627	491.28216	860.85602	1060.08032	475.47151	561.53534	649.84781	943.96828	1009.9982	499.23333	518.15238	1272.20061	1305.71425	1118.22782	1038.75334	521.75621	1173.34158	1489.78679
GH37	54.63545	10.60201	5.70991	8.06564	17.69501	3.1383	155.97497	19.55344	10.21146	4.48	34.12126	13.23795	11.33987	287.67286	428.79071	24.93902	11.39144	64.98628	27.39066	54.20708	18.86573	3.48384	1.76352	2.51058	20.92561	12.09885	139.08554	8.31085	20.76758	15.5492	25.03548	7.12351	23.00372	24.83536	7.62711	20.09342	35.89825	11.50319	17.98833	17.24329	5.23888	7.68412	11.04631	45.88194	17.62276	12.47882	38.22767	44.10679	3.95017	4.50134	53.28969	12.40206	8.4558	7.82705	4.34152	12.14995	15.10213	18.77494	6.58209	36.53719	202.37927	13.49962	20.9959	5.26576	5.95619	2.60755	244.09905	5.7584	47.40455	40.89216	30.06957	26.10778	7.83	10.96878	78.14042	43.77724	43.56889	5.58943	0.54764	439.40433	355.13618	27.6092	18.62107	12.37534	21.78925	17.66569	135.34176	32.20092	28.06887	12.20807	158.24308	54.10445	7.5367	98.94467	12.0941	6.8124	8.05948	12.31449	114.58523	38.09689	9.91748	2.82149	7.26468	21.00343	12.13371	14.8313	17.14616	43.72299	11.32612	29.82279	15.10631	13.22012	5.89248	6.18088	31.51368	5.04092	29.65525	13.03043	10.55528	9.54259	7.34704	24.23072	45.21324	10.23501	13.20447	11.29703	35.30547	5.51496	18.41967	9.92461	5.5698	10.16444	30.02387	20.16586	25.34442	16.36774	11.44734	3.75272	11.58952	7.62061	12.3308	21.26098	35.0201	1.7599	8.79424	11.36492	6.17546	10.04214	4.02275	2.86442	4.76648	19.43389	10.5483	3.4975	14.54511	81.98239	15.84753	7.87963	6.66594	8.3342	17.1004	11.12736	10.06282	17.4577	30.31298	2.12564	11.52799	14.10222	52.14614	18.00286	10.8524	22.94803	17.82533	13.68922	33.92524	25.99491	11.32286	10.23703	15.23277	17.74305	21.98983	3.4306	12.58336	18.13625	18.89575	14.19298	51.54566	15.06997	10.5149	36.96272	59.93865	8.32482	7.95813	2.73567	4.6112	7.47352	3.98184	20.39367	3.85936	1.71623
GH38	82.13866	135.85454	218.77167	208.20014	29.45158	22.12705	92.06618	28.15652	72.498	148.08356	147.97988	174.5551	104.98162	185.09235	252.67882	96.59542	72.56638	116.05547	143.58839	142.06105	59.06183	118.9789	82.30356	83.8129	174.39391	81.4277	29.3318	17.29359	98.6001	121.4896	40.62464	93.11508	94.02948	128.68913	56.76637	227.55381	200.1849	119.61255	102.84106	25.23065	112.28786	146.96807	107.60525	33.47427	25.97564	16.98357	194.03795	140.35277	116.6469	79.61975	105.67951	138.57925	130.00977	123.50085	112.49965	113.99696	90.85657	60.68216	65.04726	294.93534	301.03029	31.83182	25.68506	71.01726	14.86473	73.89058	199.99761	122.63878	70.58731	77.56152	122.43692	119.05187	113.56298	110.08413	58.58788	44.97589	126.67769	86.10092	67.82393	80.12137	43.94475	147.23244	92.94203	24.61343	51.45503	116.35842	207.11316	79.61865	115.98869	77.53508	114.33911	42.38151	54.0678	181.33744	220.08772	16.30034	119.90875	70.58048	118.02272	25.1073	92.5873	88.37176	112.72086	207.89683	76.24329	88.67238	107.99265	63.77459	60.27638	28.92865	141.84502	80.87873	122.88636	163.07317	93.39817	86.5009	152.38594	233.03774	59.1745	184.29832	144.8251	91.47903	93.12083	21.65705	32.20209	29.57637	80.27879	300.00028	246.49251	60.21411	45.62465	143.18211	104.58178	64.86892	182.20026	173.78096	142.67208	125.71453	105.31365	216.3784	120.69881	211.52544	113.60366	33.95255	80.28949	148.55719	94.16982	99.28885	112.1495	8.89812	16.26247	173.19324	169.59745	44.0873	86.07893	74.4209	143.20999	121.08104	91.91237	125.71109	105.02399	145.01852	247.77507	99.48224	214.72172	44.02192	65.05792	118.92517	82.9802	31.20467	38.65842	124.2181	25.26583	207.88321	283.73653	161.15467	11.46575	68.10346	446.58606	16.62142	355.54382	110.32653	121.33258	245.92537	35.36179	4.6937	126.80307	68.40048	91.68264	265.07475	249.6133	118.27741	129.5812	9.92406	19.45418	9.13027	16.51351	100.86841	25.03319	9.68352
GH39	50.96367	29.3632	21.04908	53.01727	6.71564	2.64605	7.0445	6.11283	28.42932	17.74521	61.60548	64.8588	44.22227	11.15684	12.26245	44.28822	33.58377	23.38516	52.87645	25.68361	27.60139	28.24404	8.05549	7.02611	29.80992	18.02813	5.49738	4.27501	37.97471	21.66584	12.89957	18.77472	32.47861	37.04681	13.18581	48.65906	45.14315	54.17403	12.59205	7.834	23.92863	25.61644	23.89193	15.17111	7.94986	3.70788	50.54717	81.42144	24.1767	16.05908	18.77183	34.499	44.94338	31.49632	13.72413	52.74327	20.31038	4.36155	24.46625	3.92902	14.91374	8.7999	13.65664	18.07806	5.16415	15.71123	14.63335	11.07978	32.9426	28.10932	22.30228	23.9861	5.31979	10.7468	10.01988	10.55237	13.42241	2.37756	2.25307	4.81169	3.68906	5.78348	5.63721	9.8314	7.75855	38.47169	42.7889	32.15271	44.15494	20.37254	11.12305	4.96298	20.8873	18.05806	82.3427	2.08788	15.43365	8.1069	11.75331	5.09322	34.25275	8.72213	51.13207	63.33124	12.02627	37.40978	43.21719	25.27697	9.02797	7.28721	6.32695	6.97834	26.72072	28.56585	14.60803	18.27109	25.18496	74.21265	23.86314	53.28967	36.22476	16.77747	20.64257	11.08955	1.14835	5.33695	12.92047	42.68928	12.29288	5.81644	8.01501	51.96099	20.4634	29.882	42.85414	55.34104	4.82251	13.96013	43.96347	95.71111	61.07996	0.33966	42.0794	3.08786	9.32764	65.12594	27.41328	41.22223	48.66799	3.7163	6.36627	37.02779	39.07485	6.66287	18.94823	13.39127	45.08186	16.49445	72.79277	68.17638	0.23719	8.54884	14.91464	33.45598	53.85095	9.23178	19.31918	1.19359	4.26465	5.1034	7.93552	23.39518	4.74551	1.88355	14.89875	92.30321	1.44657	15.27559	8.38476	7.83241	5.90939	16.93548	77.8116	85.00384	18.81121	0.39987	41.01385	60.76541	31.07746	11.49779	10.47446	91.75858	85.1539	2.32372	5.56445	7.8131	10.8914	45.68615	7.48419	1.3405
GH4	133.01085	70.05269	96.1805	139.27779	202.59572	108.04928	318.22162	70.87385	124.856	53.98854	133.53255	122.99869	123.95252	406.86508	597.12597	194.2942	205.2413	196.17144	91.14063	105.991	81.25492	151.47051	83.02813	107.57825	64.39078	78.37621	390.25824	225.06968	111.03875	82.77285	95.51127	54.17995	113.42062	104.96454	48.38064	145.91426	167.02368	67.81499	62.07438	121.89123	67.88995	94.16748	59.57191	298.96203	318.93574	330.18846	128.29601	186.4215	54.56492	72.51206	133.61196	143.83765	85.12942	104.74617	54.66731	89.71012	82.03477	295.74175	247.58297	347.98007	299.22856	80.35782	110.78978	248.15119	379.48546	63.90691	369.82723	55.03277	131.69189	132.18063	121.07227	134.05187	51.05189	62.68555	312.87503	93.53619	177.35766	31.81918	37.73915	942.8656	838.05076	253.78049	69.44052	297.30465	296.19117	111.31001	256.16711	183.85314	176.84637	78.06924	361.61094	260.44059	325.41539	561.47792	62.52326	240.56011	73.95687	97.09823	250.13708	224.59111	172.57495	54.1831	65.81064	101.98903	69.0169	307.19031	249.99108	270.7324	226.28148	51.64439	39.27859	129.73811	153.68064	71.04709	181.81993	103.3509	144.56894	132.58668	278.92433	216.04722	87.16856	194.16183	232.33424	120.48877	81.25552	42.47978	97.47392	35.96052	46.40449	349.83777	283.69369	82.24537	79.2667	41.14831	61.97073	95.89413	274.366	34.40856	101.52347	163.2465	188.40212	36.63702	147.20521	123.37876	92.49813	123.70126	75.75186	50.13009	47.57443	435.06873	276.54463	99.27127	66.72959	60.55435	70.55502	168.61058	156.63357	45.29632	94.33768	106.92103	84.3617	83.60578	49.92869	79.06491	159.52434	249.76657	253.1597	37.17932	131.67297	90.54465	245.97165	155.99172	227.82472	165.16967	242.27926	206.80021	259.78082	199.63649	106.40909	63.77706	117.08459	42.78519	145.63811	119.72506	215.69551	277.48992	147.07611	193.37233	49.38801	88.84755	103.82718	172.88463	118.16007	286.40998	346.51047	231.95299	221.785	112.62181	287.29819	366.08795
GH42	202.97343	302.94237	177.51267	249.50739	122.78983	82.2988	232.9916	246.37988	266.43168	257.95768	282.82753	223.54812	231.48727	149.56162	187.02188	75.19927	109.51482	246.14252	304.57519	246.52928	220.02819	211.84314	281.21004	319.47924	180.31997	238.8933	81.99594	67.2938	166.38966	235.40001	272.18484	229.7634	171.82825	275.26108	129.77213	263.68997	303.84849	237.31815	222.29573	301.19637	273.17435	145.21434	207.32079	106.68934	60.96441	50.4671	263.09066	344.16453	152.88314	221.48098	110.07041	132.15236	280.1252	199.12683	150.96374	224.53904	143.96901	127.65514	201.84555	241.05996	96.1822	402.61452	379.44533	123.14177	30.64043	149.84	170.51679	241.33818	364.76144	303.08601	160.94486	155.3013	131.23139	168.1152	125.76573	126.97403	135.93589	233.89641	271.12017	427.97324	430.11157	183.07761	214.00779	34.48807	38.17009	254.42763	178.4653	132.58153	268.59251	256.50331	37.50709	18.61636	38.41495	193.86485	244.53521	50.7581	157.56025	149.51143	175.22459	41.7336	96.62829	176.20496	226.44035	183.50084	125.45974	110.34853	70.66267	113.45941	66.26382	214.49782	177.52576	182.15458	170.04862	195.96592	91.10642	73.37783	300.15301	366.84591	36.27403	157.11718	243.21633	238.67192	201.63283	189.16975	161.86608	303.47899	338.70189	262.7315	268.58971	113.41738	77.338	172.80113	238.24518	296.77756	280.85181	271.45679	427.80177	294.92015	238.39791	228.53007	422.6388	228.55435	380.76856	285.03004	316.6083	196.85015	127.93398	292.16879	307.65266	17.75619	46.19491	105.08122	169.04991	300.91953	377.46129	365.37345	295.72508	139.51868	161.23731	208.28781	229.67725	231.0519	224.48725	129.39107	303.18513	41.9997	109.27565	302.29861	304.81593	114.49179	94.44318	344.31621	275.48701	209.59925	191.60693	503.93343	22.28906	44.35495	227.35581	181.93745	268.11094	318.64379	166.3745	312.63151	26.24893	14.41863	128.37699	188.37852	231.06723	235.88763	216.67331	110.06019	160.07188	11.63265	17.74325	11.18392	26.32382	287.66113	44.22173	7.94449
GH43	3161.78293	4693.96879	4753.80803	3562.97631	4912.20078	4818.78131	3535.14337	5552.46875	4230.60273	4317.33367	3460.15821	3811.76859	2953.04515	2521.0038	2144.71329	2106.73037	3275.77442	3105.31929	4882.29603	3631.69754	3263.62636	3034.32668	5672.45169	5664.23357	3548.92389	3774.38439	3347.77106	4082.66137	2807.94889	3982.68684	4908.35208	3844.91003	2534.46425	3488.30539	2761.39694	4807.5461	4049.98421	4505.68743	4248.38005	3434.96944	5336.35448	2928.02543	3605.41476	2848.12886	5552.26701	5530.23875	3392.7465	3091.13589	3467.95901	3735.09477	2014.85753	3803.69965	3752.21618	3490.00502	4594.21726	2828.88678	3146.45419	5211.34996	4978.60854	5392.01065	1866.27586	5453.23621	4808.16564	5709.52816	6788.27407	4105.01285	3153.58945	4936.14517	4989.2807	4567.96895	3468.16322	2937.90006	3702.58497	3941.77756	2723.65322	3993.65478	2172.60845	5035.62303	6034.05225	2493.17792	2862.12265	4415.72963	4936.66833	4590.93165	4254.10156	4069.70771	4043.47699	1776.92982	2822.01661	3474.0932	3549.40404	4556.03986	4796.24195	1497.17696	5226.86972	3864.26106	4918.72107	4701.10864	4227.37793	4428.63557	3626.80544	3535.57632	3996.19523	5041.7178	2911.01046	3751.40832	3873.08923	4152.5352	4078.23762	5620.42508	2916.05737	2672.41695	3186.89526	4129.33854	1374.60235	2123.42673	4043.65933	3864.18382	3823.43261	3106.03211	2574.09703	4455.40396	3830.914	3082.24964	4064.5224	4289.24686	4931.7281	5429.79455	4851.24083	5024.35476	4595.44772	2741.02889	2969.26937	5005.7186	6612.36221	5726.6865	3227.10327	5091.06113	2930.94334	3063.46212	3161.71062	4915.45958	4411.28144	4766.41286	4803.28462	3559.12953	3554.06261	6236.53956	6140.90472	3453.23751	3286.5968	2175.35421	3411.35713	4680.84816	3986.61792	3534.26799	3659.07636	5409.449	3899.42417	4499.58478	4327.06627	4402.5157	4633.27015	2169.89765	4512.67059	4385.22687	5067.14472	4145.88788	3217.47398	4068.4429	3220.71442	5485.92084	4661.55474	6156.66928	5151.73543	6980.42497	5663.13571	3727.97746	4670.79076	4958.85031	4841.99399	5682.82577	2560.99596	3107.25279	3001.02075	3970.9591	2606.66262	2711.16433	3975.47449	4277.7732	3597.47865	2312.30581	4116.80974	4309.98737	4619.20195	3696.84442	3608.49429	3025.80507	3806.19391	4610.10435
GH43_1	115.13757	179.59098	84.34151	97.50503	252.09748	240.97767	244.34518	241.18122	100.20414	107.38229	117.99616	100.53922	112.41665	53.13428	42.50318	68.77071	131.81326	54.87884	106.17532	125.18115	111.26684	71.34039	179.32164	162.99542	132.91673	193.78348	182.31119	196.60536	51.6501	88.65565	161.20947	142.95308	99.62334	136.92342	134.90133	28.94422	25.58673	108.26686	108.26993	101.36224	120.16784	11.37246	19.28825	246.0028	262.77132	293.83915	96.66411	71.41266	105.45997	133.91944	56.92753	135.4088	149.95273	125.37905	106.71925	64.83986	104.77524	223.03224	185.1302	44.28484	NA	177.54938	174.11083	194.15605	306.73246	144.95813	62.18827	164.33373	185.12187	166.55723	87.59947	41.06024	172.97442	136.40422	147.00878	246.7975	44.70873	157.67697	162.44844	105.08898	145.61879	221.66569	179.0417	248.67241	233.91979	123.10848	77.88183	38.83064	78.21655	142.67531	147.07246	210.90429	250.09213	17.59178	115.76587	266.26151	72.02289	96.35761	174.53149	292.1826	162.00183	189.09775	154.36985	99.70247	118.49834	146.15132	146.6789	215.80207	216.72767	250.80362	22.60107	5.32408	76.27597	92.46867	44.94871	69.69966	135.54117	70.41397	272.86505	100.29078	99.31437	179.07059	130.07415	208.6711	208.27028	178.8255	184.68501	18.72502	35.84208	199.89976	190.43408	57.53419	101.59509	64.78051	125.25966	143.79045	58.4814	128.04423	72.62504	43.46019	94.19857	98.12593	126.34518	184.88466	183.65338	91.13172	123.33414	191.2108	190.10007	276.04974	222.70499	47.78181	91.12372	181.67791	172.93234	161.34236	89.88273	204.64694	127.03175	135.00422	143.11364	45.25288	36.01201	40.31986	39.76873	214.11502	222.49231	234.20494	193.05122	133.6519	119.8096	125.61136	130.59243	130.80165	56.98685	124.86188	261.05818	161.73251	61.968	228.40767	82.80358	129.93973	38.7993	66.45207	227.02359	286.50957	56.58197	130.02021	185.34652	73.62497	52.59534	30.73296	84.32642	266.78379	234.73471	266.2125	244.67869	124.66331	248.65252	330.08759
GH43_10	287.38337	376.07093	283.85381	281.61588	290.65924	299.41176	319.22063	393.09427	296.97339	279.27926	344.039	246.46494	300.74343	205.01198	166.11498	190.39777	323.73395	177.0686	282.61042	308.55992	243.8476	210.42181	412.42397	441.81476	267.31867	346.46441	358.79563	409.1695	199.58003	283.69892	336.27598	304.07166	270.36167	320.20565	305.26684	238.34881	212.79905	340.65983	245.64433	226.07669	378.61703	156.78696	221.30591	477.50794	484.86134	514.2781	255.56805	264.44216	392.19836	392.58014	140.6226	315.32684	318.92286	272.58847	446.11754	211.3463	214.14228	445.70457	416.91164	382.2599	39.09775	580.34027	518.89541	378.80215	548.67628	418.89719	233.48259	334.75159	472.47133	478.21176	379.07727	298.23694	375.48813	252.74937	309.51593	559.03162	111.91508	401.47967	488.71741	302.38852	359.15448	445.63761	415.7588	428.99764	402.94982	271.23771	169.4735	102.91917	195.69142	304.11295	300.38558	381.62915	551.72432	81.36733	339.36309	363.59482	246.77138	303.06851	337.15997	518.67022	370.44991	349.52383	353.63877	340.32245	357.90658	303.03986	348.59248	381.71565	380.50315	488.83268	389.20554	305.71321	276.07886	376.33595	110.06857	177.83674	379.96036	240.86283	420.77268	225.82919	380.69077	359.43794	277.73722	317.25141	444.07611	288.0761	322.63623	148.90977	197.101	560.69589	512.37715	368.32621	211.40806	248.13656	474.51525	502.65018	204.36499	305.01418	249.77348	146.1088	271.83477	228.84099	312.3371	461.29516	477.56511	309.69144	439.45137	344.41609	334.6661	479.71747	473.68295	158.9762	226.67856	407.90978	275.82099	270.71671	213.62632	588.60628	384.04996	412.21712	359.81143	297.11961	219.65137	114.44748	278.21035	445.73449	497.73232	347.4592	336.84789	658.36335	583.85299	312.82213	272.9674	485.6538	423.49723	446.18446	480.48379	278.12004	171.01858	347.98233	219.70516	384.09775	157.94827	195.61281	423.41915	479.40677	188.32674	247.12729	318.94969	273.62337	271.28763	193.08208	346.90779	455.94688	419.46512	397.93244	415.25413	321.69494	369.53493	452.71671
GH43_11	29.73624	22.74951	15.39549	36.70303	7.80324	3.70941	2.20843	4.55483	21.90289	9.92449	33.91825	14.85641	20.12076	7.92699	17.83509	3.57202	2.88545	14.09748	14.03952	2.08043	70.52648	10.79328	22.83529	40.21399	15.04364	9.67251	12.00534	1.93586	8.44215	13.69549	4.18776	5.74314	4.73458	54.46787	22.76197	11.48155	18.73632	24.29665	8.55179	28.89836	9.56666	14.52726	12.20533	10.70441	6.77231	3.44816	20.98798	48.35859	9.76952	7.49046	16.08797	6.03973	25.839	17.98281	8.19113	24.01029	9.85832	5.66734	7.36625	9.9582	15.62768	6.73787	9.27262	9.47054	11.97415	6.04764	8.09064	4.20197	7.39337	6.96606	27.64925	18.40165	5.93371	8.33693	172.74863	6.97311	6.74757	6.97889	5.14151	65.87893	68.29576	8.00044	7.64885	1.56824	3.45844	12.24926	8.72583	6.84048	60.26335	10.1989	7.58364	4.00547	7.19657	56.79625	6.77565	2.18928	5.02173	4.95371	38.80748	5.46553	2.87302	6.51561	14.55934	2.61502	8.85918	24.38738	21.70715	4.38556	2.21904	5.40518	5.92652	7.80607	7.88342	13.00292	11.27172	4.98104	11.50737	49.89688	8.15083	10.57319	25.96738	6.23561	6.1435	3.865	5.15262	7.42916	8.46564	8.38943	5.16264	32.59162	7.55867	17.7472	12.89835	10.37911	13.56242	13.65001	442.24901	7.55855	18.99172	31.7019	39.24181	3.07698	23.20053	7.42543	12.36653	14.25826	4.11062	3.84231	3.19579	1.57083	2.26752	6.55499	7.10793	7.38884	7.96581	16.59144	31.17571	7.33608	15.95282	5.12081	20.91803	4.19138	3.99241	10.65174	11.45144	5.17521	20.14395	6.53919	18.99852	27.51128	92.93056	1.68274	2.86209	1.67966	12.05434	18.08389	3.32755	2.72457	3.71112	13.63155	6.36476	5.05399	35.57854	35.79904	1.8771	10.82668	9.26665	53.22156	26.80618	7.63151	3.99552	11.61612	11.10218	0.52094	0.56827	1.41141	2.55824	37.76552	1.10264	1.30911
GH43_12	126.69835	178.05242	152.1423	161.69933	176.34057	189.28615	188.98974	171.72805	206.10686	195.99558	177.72966	226.92986	202.60272	87.22363	102.23972	135.73898	204.06587	107.85065	181.14867	151.51106	122.00333	120.57329	232.21749	213.83709	157.08762	174.39302	194.41193	245.06325	95.99266	119.81765	123.3519	129.03148	98.35379	119.32132	109.91377	120.16566	125.23773	126.17531	96.84123	81.30876	161.2381	72.8629	84.77417	187.16002	241.31502	254.10317	151.71649	161.2737	186.88078	175.75222	56.12822	145.28199	191.03647	181.73078	208.46162	131.82111	145.21596	200.17802	203.68681	153.31775	19.59311	161.80466	155.80152	199.20455	281.91425	208.68763	93.48889	149.17772	219.57516	200.90506	142.11809	121.18714	176.59123	157.53198	136.84849	171.17564	79.13115	157.41576	200.41976	90.99634	106.96106	171.37444	177.89572	185.21966	175.81114	147.45717	108.39161	61.53268	85.05218	117.7708	147.61805	209.09393	208.87817	59.74533	203.88853	228.70609	128.33856	115.43445	162.24718	232.4939	192.82171	191.36361	189.26058	147.50838	144.15611	128.70358	139.65964	162.60482	163.39371	251.85776	224.33627	147.95499	113.24423	141.28884	73.68021	77.07744	264.38042	176.29145	204.29512	119.94156	155.95049	158.21594	132.84166	175.27142	180.81101	142.55058	162.0544	117.94361	109.62703	239.23605	189.23301	174.55108	132.48741	100.46854	198.18852	209.26137	42.51754	152.629	85.95283	67.62902	193.5031	145.11125	156.286	151.21851	221.95857	144.95681	183.69892	215.03962	209.86886	205.28695	198.69438	71.42352	127.91632	159.22888	154.31029	167.139	148.02856	250.05708	182.96847	171.68668	246.93594	128.47082	75.8248	49.93545	175.87909	213.82986	222.39044	301.32423	242.70487	162.28719	174.19093	160.38682	107.70689	182.89162	152.73523	380.01549	265.78344	143.23235	106.79965	194.42582	113.37606	152.88597	49.38869	97.30062	205.67997	268.10804	107.38292	144.41566	200.42031	179.19423	130.52233	105.13855	160.71751	217.14115	229.05155	182.58292	217.18303	154.26838	164.37177	198.57345
GH43_16	6.00573	47.76806	44.16845	23.28774	4.62712	2.43026	2.77647	7.63568	74.86556	88.39403	25.61354	95.40904	76.75938	26.71864	15.748	5.04826	6.38339	11.77944	14.94307	31.11508	32.12049	48.97222	1.17614	1.67547	61.21858	14.7017	140.01864	141.43635	93.63941	70.83447	10.25323	28.69535	19.86848	9.38907	10.23236	25.89711	78.8471	19.99477	22.88296	3.29128	34.44253	44.62569	53.89961	4.90378	4.19198	1.28276	51.3115	23.95278	13.52478	11.96828	4.51238	12.01519	4.768	8.21695	25.1551	39.71706	27.9882	3.35006	9.24899	2.85646	2.95287	4.2053	6.08942	15.81351	1.23719	24.44914	23.02864	14.75094	1.19067	2.71211	22.77292	12.99114	31.75919	57.93282	8.69372	12.9085	38.52176	9.279	5.79259	17.85965	14.31793	42.43068	90.34528	7.6515	9.33236	35.49356	56.34267	16.18515	10.55356	17.83565	4.97534	5.60975	2.65703	18.52264	35.62212	2.6862	57.42112	45.50267	19.13313	1.77183	14.7751	8.17472	15.05851	15.23915	25.05763	6.62291	2.90992	3.0532	5.89586	7.30756	0.73582	8.0865	24.04524	23.33076	5.76184	22.1464	69.79536	70.11297	2.40089	9.00266	21.45582	16.80551	20.80415	5.10376	6.80698	4.92185	6.57985	118.32368	70.56037	6.66571	4.23596	5.04054	18.34324	10.3604	117.72765	60.47049	3.64168	51.30466	34.77455	47.65822	27.18037	36.53425	9.77465	0.60055	0.83926	19.32977	23.22168	74.94361	66.50389	0.23312	3.75945	22.63987	31.87917	10.9582	18.35691	35.83457	18.48574	25.63459	29.52634	36.92604	20.61554	28.11026	107.46752	22.39788	3.93562	6.179	13.07884	34.88151	26.7527	6.00744	5.50415	29.99242	6.33898	54.45581	21.29757	23.32313	0.56797	4.61595	102.80411	3.64928	93.20059	56.17849	14.08315	66.53404	3.73636	1.58188	49.47984	9.22614	6.76185	4.34568	2.57684	67.17189	53.74493	0.96669	2.04223	85.30513	109.71024	18.6329	156.19793	208.15768
GH43_17	58.02556	36.71659	55.17827	52.00116	13.37432	28.73548	123.36053	140.78733	41.98086	32.08287	30.74716	15.82352	16.41495	52.77754	30.16333	30.87986	40.75071	75.63836	75.18446	74.10916	34.41642	18.05486	138.88289	137.13809	38.53378	86.63353	15.29708	27.6273	31.2496	36.56848	123.73639	73.89448	28.51132	56.32145	43.64207	105.48142	83.95372	85.90785	92.54129	91.13252	108.09798	32.20258	57.93407	8.18564	24.78321	25.36599	42.13809	44.2709	77.14552	87.15072	34.0117	45.74913	103.44958	84.95465	58.50442	37.60353	56.41846	24.80817	59.08816	7.08186	1.16669	185.45803	161.7848	34.10972	2.61272	55.04388	62.26275	110.0636	130.14688	107.44956	28.51538	34.58025	41.84855	58.59002	58.51894	52.88538	27.24853	124.98153	148.72313	31.14789	33.39569	34.46539	56.42424	14.37361	9.96807	98.56667	65.21177	34.15731	51.94914	64.70574	19.17348	22.13251	6.85809	9.71976	44.60998	14.01938	61.68921	83.27584	60.13836	13.69457	35.45578	119.96988	67.28769	58.9916	42.77753	22.47113	13.78172	37.83129	21.24718	119.42207	60.57352	100.65508	46.2382	78.81209	16.21932	33.52448	19.19723	24.59303	15.36131	39.20317	38.0278	99.27299	74.93524	72.22088	77.80053	140.32191	168.05044	16.73372	22.19122	4.30784	18.66592	32.63384	59.98143	114.87278	86.3979	86.32763	33.74442	94.02535	22.73558	35.58772	52.06264	101.49753	104.88561	133.27674	142.02976	47.27784	43.14897	152.26135	155.53051	2.71726	10.63473	48.33422	45.24067	148.44682	98.78877	75.57749	52.81253	69.29801	110.03515	141.49842	80.55532	100.45089	95.98369	50.33546	14.54061	7.06437	21.55349	72.02427	109.51392	84.17926	62.69338	99.39984	130.42581	89.75682	16.47505	13.19028	160.59828	81.90862	26.5669	116.02452	21.85906	23.45025	114.43344	43.65018	16.66221	4.13617	40.948	67.02547	110.42633	0.09973	1.02061	36.09087	86.62872	0.86453	6.65818	1.0434	2.96909	16.20455	10.05873	0.75035
GH43_18	90.18482	105.43675	132.54846	88.29703	22.16707	21.96522	275.95214	343.2879	116.22302	81.97445	53.08976	48.56898	45.05388	99.0171	97.71515	85.28464	136.76715	157.3659	223.97937	168.18922	63.74134	34.10042	95.85325	23.78483	71.47081	118.06867	23.64935	60.65073	33.39882	69.66033	59.4783	54.51026	28.01209	115.42752	94.37013	175.47615	78.45489	40.89234	38.31484	10.23176	63.28927	48.41789	119.289	9.15768	53.65289	66.62922	54.36169	99.23494	45.14132	61.46492	64.92048	124.16644	16.5329	27.9123	124.51206	64.3243	106.94142	128.16784	124.21957	108.53219	1.71267	65.77201	50.12858	256.64682	365.80162	120.01687	134.7817	53.62455	41.06605	42.9037	47.74561	76.987	101.80916	146.82402	126.12859	85.93234	48.25753	33.06723	29.31602	64.18319	77.5265	79.5094	126.63425	13.12132	14.35758	128.75606	74.07627	41.16953	20.30052	18.12421	51.78555	80.98285	244.94969	2.8434	196.27212	66.49089	198.5952	202.51905	125.45497	5.48755	10.29631	218.20731	180.43893	180.57716	130.44119	22.15954	17.86094	210.31382	212.07934	257.17518	142.57464	135.06427	66.45425	93.43937	34.81282	36.04861	39.43795	46.58052	4.11947	50.35847	44.5233	212.43847	138.06704	131.52187	176.68403	35.74767	61.66161	52.85583	96.35031	302.88546	229.47906	44.39465	120.41148	274.63081	143.51773	180.84678	9.2782	56.19423	12.07621	24.93043	108.99976	165.23244	26.13117	45.83596	102.49191	62.06296	55.25245	257.69646	265.22787	140.22681	171.72127	35.94415	90.85611	28.91901	115.2675	117.86237	62.45499	97.14882	75.72384	96.40304	118.94595	235.02902	134.13217	46.28416	99.3979	21.07413	83.95224	247.26109	281.78207	140.03172	116.98662	74.91123	60.92483	161.08426	112.86891	219.60557	95.92034	56.5147	60.33909	226.55113	46.47325	26.77065	38.12207	57.89828	107.23754	141.66196	61.94812	145.61578	229.06555	124.48278	101.81671	24.17813	60.01736	46.50068	63.3693	36.53287	48.36496	36.86483	261.84936	371.30613
GH43_19	110.02752	289.53542	169.73129	116.05639	86.79013	75.70908	172.20011	331.092	206.91888	190.02365	205.84273	128.10024	100.23819	98.23241	77.15676	31.00919	61.94825	136.61572	184.34491	133.95191	87.4064	126.43889	304.97373	279.36836	99.63739	154.84302	25.41854	42.11991	115.42485	221.12942	277.94184	189.94846	120.46584	124.42963	98.39787	229.10014	128.72092	171.87703	180.319	228.5896	263.94295	82.17588	134.41051	60.7317	65.05139	42.79669	98.76568	102.59235	122.5721	182.16629	33.60784	47.85537	257.01242	190.37906	129.39002	99.16019	138.3135	62.31589	105.96597	103.26404	0.13997	317.66014	294.68453	99.67392	8.64163	134.25538	123.66955	271.72937	260.7718	229.7357	99.79549	74.56942	111.40233	156.02958	155.5272	135.93703	72.28182	230.72099	260.49311	128.43222	174.28731	59.47757	91.55768	32.68755	23.15795	161.78968	173.87043	55.63874	88.68406	166.51269	27.68838	39.41498	12.37978	0.06537	136.10834	31.9985	153.3078	185.07098	174.45709	19.2063	51.6277	189.23113	114.52993	169.63821	109.67818	37.52143	21.53133	60.54464	40.63142	303.82881	87.47819	82.22069	116.98933	169.59046	41.22317	83.42361	221.41475	141.30615	4.39157	66.35823	44.1672	246.81777	189.53521	128.27039	166.3365	319.56491	310.9113	139.90955	131.19937	17.13633	38.13705	58.85523	144.21571	293.72606	216.45435	170.40381	105.52078	268.71625	150.36672	106.40965	97.09811	124.99266	228.67022	287.10469	247.84383	83.72389	87.60659	273.17682	268.1035	5.43755	28.02733	91.99588	120.61278	323.20289	212.26157	168.74244	107.25187	172.31485	156.48934	197.58155	180.91637	182.70419	162.05874	62.48913	145.28978	21.9672	41.43214	206.38888	154.62312	111.17515	72.15244	197.32493	236.76609	224.16311	122.99476	236.62157	9.92712	32.8098	179.9952	289.09368	207.80673	281.05434	71.51293	86.10907	11.99094	18.42625	77.063	145.7508	229.41997	76.55166	48.23421	46.9825	124.44281	1.24983	13.73855	35.78112	35.48718	146.74539	38.91292	2.13431
GH43_2	108.85591	11.11245	49.87747	19.0999	150.74366	152.08381	2.17219	12.85493	74.3562	69.18057	23.52898	97.03487	60.22337	33.60856	5.48322	35.77554	59.968	13.17662	13.90011	9.96193	57.59917	42.66263	65.37454	70.80448	62.26653	68.27676	164.93219	181.29437	36.99277	51.15276	53.09731	33.39218	26.43864	61.22826	72.89716	6.31029	10.35085	47.64904	53.88072	37.60496	82.32052	39.09752	27.92324	15.2486	199.16488	222.27128	44.65931	30.70575	73.51329	62.26431	17.02183	158.93422	7.57291	24.60769	68.81124	18.69494	26.11084	161.7451	129.57267	43.57893	0.05743	80.02196	65.839	175.01241	244.36881	65.44196	50.67348	52.10953	89.26263	89.78	87.65837	41.81115	103.62921	38.72844	35.50049	139.19854	7.37107	71.81133	85.04773	26.27494	28.77736	152.70729	99.09159	273.84215	232.03354	32.32444	33.45958	7.35609	23.58048	29.39313	133.79651	180.93999	170.54669	0.02266	63.63298	137.73201	83.1135	80.68489	59.9678	240.60382	136.18876	11.90425	36.95605	58.15648	23.24862	122.9156	145.37454	152.1821	153.04009	58.86883	31.03144	9.04047	42.05931	41.14072	15.17421	23.3353	55.2628	23.05612	68.14963	57.40611	56.41516	21.69363	19.98437	51.59031	83.71068	3.12297	16.84275	23.82559	44.55273	153.45472	152.45068	28.96666	7.09561	19.39875	23.64736	79.46944	15.08659	59.39522	38.46244	19.8552	10.75419	16.42167	33.0102	6.8024	22.63547	82.3682	108.42325	4.2806	9.08516	215.03793	189.335	22.00559	19.03851	55.11152	38.78482	22.991	31.08181	149.08134	46.01453	50.93876	11.59899	18.6237	16.15781	27.02355	76.46943	182.57407	177.52522	11.17148	0.16926	122.87943	90.8605	47.70503	61.49034	82.13417	84.76956	187.17736	228.05998	132.19582	6.00554	6.86442	5.95062	30.63568	22.93119	42.73724	235.77204	236.35826	21.37929	8.2935	0.06328	100.52464	80.50908	29.09052	87.04846	358.86079	334.94508	139.34999	128.77636	19.91324	131.1472	166.4764
GH43_22	11.33204	1.73278	9.35382	52.27285	0.94044	1.80082	2.28044	3.70449	4.09551	3.75702	9.36569	11.04539	8.41211	1.72287	5.9753	2.25505	2.01836	3.7281	10.55685	2.98011	17.00451	5.59226	3.68704	6.08129	0.96272	5.08071	0.65572	2.06277	12.23251	12.28209	1.24142	3.44182	4.33779	61.42367	25.41957	6.69927	14.82622	14.29128	5.60272	4.71392	4.93435	4.41901	1.20416	6.05088	0.95494	0.57785	19.55026	33.4821	5.13465	4.05971	5.40302	4.32337	8.17677	3.80063	6.60743	14.41484	4.85435	1.58552	10.60451	0.93389	6.64083	4.42463	7.36098	11.40952	15.83477	1.86275	3.85899	0.99038	3.02409	2.98106	24.01747	9.61995	1.37315	5.11627	20.90161	11.16817	4.63659	1.48786	0.09525	0.34571	1.69152	0.72901	1.62663	0.4925	1.51317	16.85971	8.55728	15.6157	64.32811	9.58235	1.40354	0.72555	0.46487	55.86188	9.90616	0.65578	2.57607	0.77	6.00546	1.6773	1.50264	20.9841	11.65392	NA	5.37644	5.81168	2.65117	2.5522	1.97725	3.47682	2.77827	1.43226	6.6405	5.64008	9.35716	4.52293	15.70131	30.71855	2.36169	9.70868	25.85533	1.26356	1.14778	3.21347	1.08858	1.87345	5.82568	10.51391	2.87056	34.44988	5.32073	16.18968	14.81777	8.93187	4.49034	8.40485	284.04356	1.10718	6.07843	28.0386	22.79634	NA	8.43646	3.62783	7.0834	9.20836	7.08967	3.57372	2.04506	2.69125	1.74051	19.16919	12.04809	4.64834	5.14265	2.64773	36.37127	4.63541	11.08592	5.73714	17.59524	7.0098	0.86017	3.57117	6.0936	0.73346	4.60085	2.97921	14.26253	0.56991	0.27528	1.49478	4.32068	0.03899	1.82935	8.48356	1.28427	0.82244	7.48987	9.13357	5.66203	1.07719	57.61246	173.50849	0.95321	0.15149	15.62202	29.90739	13.9786	14.71588	4.34641	11.00416	14.2829	0.81847	0.25416	0.51494	0.28485	17.30783	1.2316	0.23794
GH43_23	NA	NA	NA	NA	NA	NA	NA	NA	NA	NA	NA	NA	NA	NA	NA	NA	NA	NA	NA	NA	NA	NA	NA	NA	NA	NA	NA	NA	NA	NA	NA	NA	NA	NA	NA	NA	NA	NA	NA	NA	NA	NA	NA	NA	NA	NA	NA	NA	NA	NA	NA	NA	NA	NA	NA	NA	NA	NA	NA	NA	NA	NA	NA	NA	NA	NA	NA	NA	NA	NA	NA	NA	NA	NA	NA	NA	NA	NA	NA	NA	NA	NA	NA	NA	NA	NA	NA	NA	NA	NA	NA	NA	NA	NA	NA	NA	NA	NA	NA	NA	NA	NA	NA	NA	NA	NA	NA	NA	NA	NA	NA	NA	NA	NA	NA	NA	NA	NA	NA	NA	NA	NA	NA	NA	NA	NA	NA	NA	NA	NA	NA	NA	NA	NA	NA	NA	NA	NA	NA	NA	NA	NA	NA	NA	NA	NA	NA	NA	NA	NA	NA	NA	NA	NA	NA	NA	NA	NA	NA	NA	NA	NA	NA	NA	NA	NA	0.13841	NA	NA	NA	NA	NA	NA	NA	NA	NA	NA	NA	NA	NA	NA	NA	NA	NA	NA	NA	NA	NA	NA	NA	NA	NA	NA	NA	NA	NA	NA	NA	NA	NA
GH43_24	66.2068	218.37045	278.63488	163.40405	252.7779	256.6487	201.34798	314.11856	277.24962	256.60828	156.05604	240.73058	170.15469	159.3268	120.54741	57.11778	96.12952	158.8762	232.8921	228.31201	141.10525	147.15253	278.93562	172.94906	228.63066	224.88309	50.65878	76.27993	129.27003	221.77659	195.20332	169.18622	106.98605	128.06096	72.33724	329.00768	224.63947	193.32542	176.69729	117.02363	289.08342	147.67361	238.33687	63.32868	280.94487	273.30316	163.74489	172.47605	139.87462	179.47299	203.41348	166.92944	121.38272	131.08898	259.82365	125.5876	151.65556	74.74294	114.76239	315.22762	92.34356	213.80922	186.31684	94.39726	10.72798	254.6517	199.57714	266.76243	221.34173	201.56228	172.15262	162.41487	151.00993	213.64931	133.89627	134.18815	114.84386	141.23394	157.33828	91.58287	114.87529	167.46186	260.0414	31.4895	29.22266	259.09966	249.81436	72.49076	140.12636	196.09794	79.7177	114.94657	218.34651	7.75295	318.608	100.28418	223.78346	239.32235	175.70191	108.47697	143.22149	262.87901	229.65786	321.93366	154.85751	52.89376	30.2359	79.51068	76.80795	264.3955	199.58724	243.47246	181.40721	240.29789	58.31005	103.53805	91.66055	155.68552	168.44076	134.85191	99.07174	175.06544	158.70053	162.3567	227.55444	182.59514	217.70722	283.85733	262.06266	30.91039	62.51386	118.3178	152.18717	233.23651	432.00616	339.60257	56.59802	304.85384	177.70421	159.6762	159.51063	369.91716	143.50885	202.84366	230.37522	164.39976	155.49995	378.96192	349.65298	16.7724	45.51689	86.60719	155.34032	199.73328	178.59045	177.8364	143.29038	203.37111	172.62221	215.69728	275.95748	342.47143	250.02903	197.01705	240.31944	53.72458	81.69274	198.20958	185.39729	214.22099	173.60592	212.51677	206.22965	373.86493	328.85376	369.10385	228.66888	143.24066	276.48576	305.26701	264.51351	264.56838	96.61874	146.85321	106.69605	72.23715	163.6815	201.77771	282.08578	228.48755	174.392	100.92101	199.38747	238.14629	230.70415	101.54507	115.65099	214.29636	53.92255	27.20919
GH43_26	45.61072	21.11544	108.15911	102.38407	18.5684	8.67439	53.68796	33.00098	44.91052	38.42395	73.0709	33.99024	34.10046	36.64306	68.45271	14.4072	35.45925	54.85797	75.1485	96.51676	32.60129	49.0872	79.2755	80.902	33.19991	31.78695	22.89518	4.63787	26.46475	21.41848	9.98815	15.55811	22.84611	43.46068	24.176	55.33929	31.6917	35.95623	15.43587	19.28175	36.07686	46.73938	46.59612	7.75812	15.64098	11.08402	30.58852	62.06632	60.51582	55.88175	35.2769	27.04465	63.72516	81.41143	48.2206	51.53008	35.46948	15.2938	34.82739	181.36163	123.30329	9.80324	9.97267	21.76862	7.97784	25.80404	55.62512	22.24228	26.62525	40.37499	52.36588	70.87071	39.23855	46.49839	176.2857	22.46637	28.42094	46.90495	51.8509	113.65292	98.08816	12.21402	13.84677	10.57908	11.12502	36.9621	18.34364	20.07104	53.08267	15.01203	10.86772	6.11166	7.29308	44.01251	127.34177	5.17719	36.39462	17.81379	65.25702	7.93348	49.39959	19.19584	87.6773	111.55324	49.49778	21.86571	14.47304	8.71584	18.16272	20.35901	132.87537	81.39966	40.91627	50.60523	52.53729	23.93768	72.11038	67.98004	8.88439	56.19024	78.80093	94.29197	153.75908	93.73955	51.60363	8.32619	40.03182	172.28647	200.90154	18.03778	20.77728	110.80402	21.06026	51.76008	100.86137	122.62162	149.49012	28.9065	30.96669	59.20417	100.59319	147.85767	21.4319	85.68952	76.03042	68.48945	31.23183	73.91875	101.7685	10.92614	16.64453	33.40126	52.16203	13.48059	44.09145	59.48787	52.04344	53.44391	34.87409	52.10783	92.1998	89.94644	16.48197	28.97069	213.25375	15.94534	30.4463	63.06574	29.00247	46.57651	124.7334	18.4446	126.48151	113.81856	238.57618	278.38458	3.97892	16.71294	76.36375	24.02177	66.00577	16.89431	48.82474	67.83853	6.54809	1.67974	24.38637	71.1095	102.6088	224.71555	311.9193	25.15963	64.37408	0.75903	5.05399	2.84834	3.55585	30.4891	15.25441	4.59963
GH43_27	6.49725	0.97185	0.60321	2.50479	0.32339	NA	0.29159	1.12088	0.70056	0.10653	2.59369	6.65529	1.60883	0.95225	6.77675	0.09389	0.04828	3.23642	1.3802	0.54405	7.38479	0.2721	1.13403	3.93686	0.21558	1.24062	0.25276	0.5983	1.6156	0.92318	NA	1.25903	0.37609	27.84746	13.94995	2.56111	1.07844	2.8704	3.03576	9.06676	0.06249	4.74651	2.58507	0.65856	NA	NA	4.61077	27.35752	1.36934	1.19296	3.40511	1.03998	3.73369	1.45638	1.70535	6.9576	0.79467	0.42215	3.54044	0.22837	NA	2.93187	3.56747	5.13074	6.23126	1.25208	0.60822	0.32784	0.62431	0.35411	11.32265	6.86319	0.44276	2.99228	0.86292	1.97303	2.08595	4.16509	0.46907	0.06263	0.11745	0.30694	0.98395	0.15442	0.06456	1.72481	2.01014	2.51654	28.52386	1.45305	NA	0.02319	0.0087	4.27726	1.84487	NA	1.27668	NA	1.58025	0.61646	NA	0.63236	2.23274	NA	2.79913	2.04822	0.27491	0.82562	0.22766	0.14728	1.15848	0.2347	1.9068	2.60228	4.11034	0.95544	5.80525	15.09089	1.68751	2.20224	1.7575	0.75558	1.55234	0.84052	1.56446	0.59038	0.71574	2.36419	0.99746	15.33444	0.37647	0.36847	5.23487	2.04075	1.14955	1.42158	131.54027	0.21762	2.24102	7.60117	36.16931	1.37275	3.59734	1.58792	2.65968	2.52259	0.50089	1.23093	0.82923	1.45541	0.61696	9.78351	2.16181	2.07792	0.0623	NA	11.15842	0.40259	6.14793	3.7064	7.97358	0.14582	1.31422	3.65011	4.21484	0.01789	2.3636	1.66479	6.25025	0.332	0.07092	0.14152	0.0375	NA	2.79079	4.1668	0.24	0.02782	0.45829	3.09716	0.9927	0.29781	14.55121	17.5976	0.93812	0.29602	8.21965	9.85539	6.84075	3.85504	0.59579	2.47735	2.48913	0.24456	0.03859	0.20958	0.05453	10.21875	0.23862	0.2095
GH43_28	13.62602	119.50219	177.61203	111.49244	43.00236	18.78876	38.5581	27.50979	101.60982	166.97131	101.20694	163.77158	108.87267	67.71303	36.43637	32.52484	56.05316	100.82854	117.11549	141.05611	105.8784	115.83993	100.40958	103.78814	67.29088	58.61325	10.24572	23.81358	112.25355	128.61728	38.38236	64.01582	52.83503	58.78522	34.30001	144.23265	188.42234	67.24344	55.01175	57.53671	113.42105	135.06765	139.33472	23.26933	21.4401	19.13053	84.43501	68.30247	124.74962	80.12661	48.29971	105.04904	110.12816	133.71465	111.01218	103.16346	77.68935	42.25085	57.14429	366.8435	227.02007	39.29749	39.47695	62.69633	1.12035	85.52284	84.38719	58.43678	131.14853	115.14388	106.5087	113.84201	63.0256	155.32132	23.11073	39.09742	103.7998	66.37514	82.34145	49.21408	36.02554	62.71715	91.55858	10.97472	20.55708	97.40043	149.49364	56.2038	63.11092	70.03372	22.31383	18.43291	37.80773	100.10797	187.38634	27.07032	202.65502	132.66452	93.07765	13.5114	39.97503	35.27943	101.04365	181.6419	67.8604	75.10877	70.40913	39.98228	28.68263	63.34623	145.23891	99.03714	107.56639	97.26151	44.54639	70.62917	107.2337	170.27745	38.27831	89.9549	93.03803	88.17749	101.85392	35.35853	33.85178	40.65498	59.85337	392.62528	265.67332	28.60961	20.29586	128.28555	78.91354	89.27969	289.94933	184.45229	10.38065	109.3904	96.74134	156.40066	78.78874	204.84064	133.60618	42.75979	82.44777	95.39289	78.07984	205.57985	192.88056	7.23995	20.51409	101.60256	147.27686	61.72224	71.81625	95.69817	127.58981	110.5215	40.81145	64.60424	88.57558	103.86451	165.98723	79.30754	341.81327	26.29831	57.89616	71.8763	37.70093	34.54213	32.86048	221.09924	31.01596	153.23374	230.59387	339.87036	4.54008	19.72155	233.91737	23.2897	216.6155	169.45258	57.28292	86.24278	17.62587	7.54195	102.94963	30.49471	53.37819	217.35629	256.12597	69.74018	98.18633	13.57491	12.48236	6.84664	22.4978	79.31352	24.0279	5.88056
GH43_29	51.15367	280.45157	92.52208	76.5685	242.98641	248.10018	127.296	128.03122	193.09149	181.65017	255.32393	233.09091	190.0756	39.77208	49.72564	101.79362	181.5162	42.08844	85.37426	86.62647	134.29699	150.07411	255.62084	381.58742	166.40831	189.97438	283.13531	336.45085	122.18675	218.87252	287.2006	158.05212	194.41817	179.99251	247.06681	33.24038	28.01261	245.40598	247.41846	119.1244	272.36433	37.88862	46.21069	271.51387	347.11535	406.78574	71.11674	40.72666	175.78233	188.14506	51.88019	170.6849	219.48521	197.81762	134.25236	81.87088	115.83956	302.31028	298.37239	137.83455	0.2005	654.11029	579.87856	233.16483	387.95342	148.84228	58.89388	388.42114	265.15948	253.31582	197.00429	83.3453	294.34588	151.58612	115.74277	308.57873	26.88345	327.53902	400.20572	159.99423	198.75675	400.26249	260.92442	200.10523	192.01722	110.44569	101.20508	25.14956	181.98011	287.68982	237.37305	332.68716	301.48593	3.22273	122.18096	296.36381	194.47251	200.0623	178.20671	266.10355	166.59264	95.85928	127.60397	90.59016	145.6834	240.01378	272.43003	184.28209	191.62181	232.2405	33.92364	9.77872	67.36895	75.39128	46.23282	56.60381	273.40183	124.04295	255.986	148.61234	153.46899	108.69054	93.23063	182.64833	278.1138	197.05687	213.58145	40.96027	70.4574	261.63959	251.12675	80.83859	45.24798	49.40783	63.07875	211.08133	117.04587	364.51833	262.85173	118.84971	59.9633	70.83992	313.1813	447.64576	398.26828	160.20709	264.81507	118.80662	129.54282	241.91562	208.50934	68.92446	79.75093	500.66894	137.67518	134.5598	98.3242	379.95078	101.74994	99.74171	40.57706	35.47632	46.46455	46.76746	128.53146	181.89092	246.26533	182.88971	113.59052	252.12371	247.3608	235.14094	326.28958	107.77111	183.1699	327.93569	290.62115	158.45641	71.61978	100.05529	161.36384	411.892	42.55379	91.72438	196.35647	233.56774	56.90248	69.60218	98.76139	117.61976	85.40558	43.86462	138.6858	217.04938	210.16707	290.14547	288.829	322.71219	272.88628	375.88052
GH43_3	89.12976	69.51304	96.5951	61.81188	37.47554	32.36055	112.80112	158.34228	52.57107	61.43052	64.55014	64.71911	38.60593	47.81859	63.98914	45.23429	66.83973	73.27781	124.78281	82.66511	24.91818	64.10987	154.87126	149.45585	31.38716	34.95762	10.85111	12.1043	37.99744	29.26608	128.46398	88.50564	25.84737	18.00793	15.63381	44.27738	45.0501	82.57558	93.84792	54.56396	91.01664	70.68598	47.48149	3.47341	11.65706	7.03684	17.65528	14.15018	35.15801	34.43709	32.74644	47.14879	7.40721	14.11219	79.95152	54.78644	53.3786	56.3761	74.766	104.64693	29.9094	160.08298	130.83262	177.76817	240.80591	36.06543	62.56977	86.08613	101.05128	87.79966	19.25907	24.73411	39.93629	67.23553	10.94379	13.34994	42.2013	116.91774	170.87816	64.45496	56.31444	51.91993	73.96039	9.11041	8.13236	38.861	38.17655	30.23393	32.94013	38.29857	18.35422	10.15127	7.33289	NA	148.69758	5.41715	89.93186	46.64759	58.92678	5.60418	19.47558	22.51162	93.22913	159.71241	76.47442	123.90639	131.71356	128.8495	136.01973	89.85768	74.40231	41.36877	46.72879	59.73925	27.34475	26.76758	105.43001	70.1952	2.40003	23.76881	37.17702	80.787	67.77623	11.90363	21.04233	116.83141	110.14918	111.02231	124.65461	152.04834	174.22418	98.72898	55.4527	122.75336	112.41374	118.1467	3.20451	53.06485	23.16343	56.30529	50.70955	114.7942	13.42782	95.42811	101.77707	46.21666	47.50616	93.16237	111.63411	1.24559	7.3531	33.61504	68.61744	14.46882	48.79779	61.60421	25.67643	60.60618	43.34968	50.24302	78.60808	78.93059	101.50373	36.1016	133.60448	27.71809	76.33604	114.90467	61.13901	16.52248	19.06429	92.84686	100.75202	120.7428	190.9049	278.10057	5.85281	18.44226	111.83775	72.01456	119.20266	151.33517	21.71836	25.36229	3.83579	2.05072	33.76782	24.6006	23.60063	179.53478	153.74139	26.59539	63.78663	0.7454	4.64443	13.08685	19.82032	22.25356	8.99879	0.57078
GH43_31	22.78971	84.33495	101.66337	56.22869	40.2406	33.40026	77.70904	83.92416	47.15041	68.58015	44.98229	49.94207	42.05724	41.44303	43.01386	32.16631	48.47843	58.90286	103.67711	59.49225	35.65374	60.91351	135.56437	161.28817	54.50647	38.09914	7.84383	10.96439	31.88138	35.10402	155.68778	78.16102	20.27235	17.62346	18.53753	48.35222	61.8718	125.7707	155.22579	64.71214	102.77415	51.72905	43.77802	2.77004	8.34804	5.39513	22.30768	15.66696	30.36906	31.74027	17.65382	37.22136	8.09839	10.83347	82.88102	38.86799	43.86527	62.37501	73.13678	153.48209	58.28051	151.05184	129.51463	129.27652	157.34875	46.01243	56.55716	121.97604	92.11454	85.86683	25.6394	38.25482	37.03587	63.39996	8.50693	17.88139	43.56569	166.12933	237.16783	73.87719	81.30207	72.51722	111.3617	8.31143	6.74645	48.68761	71.72298	22.83504	45.91418	50.66887	16.25533	11.53016	5.57514	NA	114.09503	5.21323	96.87444	57.51811	61.32073	5.25533	20.75672	23.28277	77.97575	95.71015	52.45463	97.71316	108.92852	110.36696	107.76964	68.16348	22.44798	10.83094	47.20303	76.02928	16.12551	26.69829	141.0087	94.44807	2.14849	21.9038	23.21628	79.06203	75.39568	14.11554	23.96949	117.43647	109.33858	191.12826	163.92499	112.97872	123.02425	32.23556	51.06736	80.77256	176.30859	99.51706	3.1401	85.95805	38.67741	72.14309	36.47199	128.10515	16.35954	138.57542	120.5882	39.70257	41.51947	111.9818	115.1192	0.38246	6.15427	37.23352	64.8608	23.88491	69.28728	61.78961	32.42372	48.48297	41.6892	45.33984	81.66594	84.78241	159.79424	37.00147	95.04009	21.50395	58.37997	90.65981	38.33454	28.6251	29.14482	161.13882	158.66938	158.93814	191.16813	112.69607	4.86941	14.59934	175.93942	62.1529	186.55234	254.37357	26.94786	49.82931	5.73391	1.12914	35.49329	31.12768	46.36199	116.32497	150.6657	26.92141	60.71312	0.91715	4.20827	9.47263	13.42259	21.37509	13.36664	0.76639
GH43_33	1.88208	41.76043	36.7046	16.2748	7.8038	6.02786	0.08387	0.06927	9.80491	36.068	21.51368	26.7644	22.9262	16.21354	14.46891	14.55823	14.58752	11.73216	17.86674	41.91708	36.23554	34.52528	5.87878	2.33876	63.95184	18.37193	2.29022	8.27023	37.10523	40.58426	11.95456	29.1531	19.85342	14.57144	16.39278	27.11012	42.07999	29.90159	26.34459	3.75835	29.82464	34.76845	41.22693	3.17878	3.89281	1.76621	18.24023	9.2176	11.05167	7.91684	17.15138	15.22099	4.76792	7.34588	31.38914	23.0375	23.72329	6.91273	5.67075	45.37984	52.93611	3.19987	3.66028	25.77024	0.0228	22.01369	21.24329	11.73325	30.50221	24.57194	18.10133	17.61275	22.09957	43.47821	2.48668	9.18205	27.0309	8.96174	1.31964	18.02056	16.29922	3.92844	5.58832	2.32964	2.72777	44.19088	51.58181	13.2097	14.72874	19.02992	6.63385	6.39721	3.11011	2.69729	26.30553	3.11729	39.35809	23.4562	26.44534	5.89143	17.6275	9.90543	12.41562	29.66145	23.12236	5.54919	9.97365	6.3835	5.24619	10.72405	2.63379	1.20836	27.11965	24.5404	5.64792	26.3744	6.42491	34.6878	2.934	19.79687	8.59209	14.69974	21.58923	9.19014	10.80534	4.60084	10.93944	116.81423	63.83652	2.42254	5.35421	6.15119	15.03465	10.96132	88.41975	49.69648	2.08634	52.54173	33.39394	42.28479	7.81296	38.67416	6.40045	3.91721	0.39207	19.38905	18.8763	55.1353	53.95251	1.49425	2.01913	24.26588	29.87353	15.05159	18.00711	19.4238	10.00764	8.80167	18.35642	14.78081	23.40114	35.44432	93.98805	36.50768	36.10583	9.30578	8.74538	34.31203	14.41954	14.30305	13.34824	38.63391	8.16598	46.34697	0.20856	0.06333	0.37955	8.79854	86.69072	NA	74.86129	36.77572	16.36159	26.47564	7.39275	1.26123	21.16766	NA	NA	NA	0.04365	17.26537	24.48231	0.60578	2.52064	2.88578	2.68399	10.61625	6.54321	0.20697
GH43_34	112.70899	281.83164	184.07327	122.06665	205.67694	225.36626	250.62908	279.43192	176.11466	200.19717	222.80845	124.41698	131.37532	111.30286	131.07216	89.55625	161.52017	169.22249	210.23566	246.48587	115.56654	139.02704	400.44056	357.10651	138.98973	207.83041	172.19911	264.51359	127.17015	190.64555	261.54146	198.71391	175.61916	126.93509	92.61798	270.67998	169.63984	184.80124	173.49102	244.47114	271.8731	103.78949	180.49412	237.00782	216.57887	214.34316	113.39743	102.29654	133.87416	180.46639	72.01942	125.93852	237.99531	172.17853	169.80433	88.79172	129.98988	221.15045	230.16908	170.40334	56.11545	394.0292	341.40242	212.32531	206.82872	206.05811	136.93194	255.9669	326.25032	276.19468	88.83708	89.93735	143.89461	189.77398	148.60169	129.05213	70.04707	296.25004	396.50903	167.98812	224.40668	111.84587	160.25006	219.67834	188.14683	211.4618	179.40969	37.53646	139.17384	248.47512	117.06947	146.23303	168.21059	5.04524	191.88812	204.05708	198.49779	197.94411	202.17219	176.50532	111.27214	255.32767	192.62712	193.16258	113.48467	165.97719	191.37364	188.07021	194.42664	284.19943	183.04796	149.91781	138.17714	186.77356	56.30655	89.52464	306.18331	181.33081	78.28048	101.28049	119.86265	217.32736	181.05547	265.51785	287.40797	339.91179	347.59152	248.67488	239.05105	218.24335	153.8415	192.65572	148.3604	257.69566	267.82444	210.55089	96.96882	258.03086	175.27087	162.8724	137.39329	216.01552	213.94619	308.47286	332.77061	89.38572	94.10261	379.50073	360.93855	248.20174	234.57686	89.92097	132.45505	287.09714	204.30808	190.21909	105.66318	204.13866	115.46741	150.2335	248.05217	277.81033	244.1378	99.44702	171.49903	223.27996	183.70911	316.81334	266.50342	203.19316	142.06164	205.08297	240.30093	224.62449	222.79528	315.84419	241.41119	170.71699	253.58197	247.06341	280.31302	322.31679	80.09441	133.60048	90.92375	197.71305	92.23622	207.81325	298.63153	109.76648	67.56562	58.33397	150.25459	93.85977	140.04267	146.65201	172.3552	213.83791	177.07429	224.58014
GH43_35	33.18338	87.04152	82.55481	59.86757	10.54138	6.4824	17.13884	2.95135	45.43254	86.87542	84.56415	94.31896	93.84042	33.26077	29.04513	36.43134	29.69975	42.31351	67.57017	28.57987	72.20343	61.49442	6.03764	10.71062	70.85488	24.60991	3.18851	7.05403	79.74841	97.45947	11.23362	48.93202	53.76249	81.89265	15.56187	93.19937	152.52402	59.20372	25.44735	23.16133	59.85343	112.22221	70.32625	30.83622	15.02832	4.52403	155.9643	138.41891	66.65655	39.8631	31.08742	72.3326	46.4615	54.13531	71.24062	92.5525	47.61084	83.91322	86.70327	51.82902	15.07849	10.94022	13.31686	23.69074	3.83214	75.57799	35.84254	35.28407	9.60129	11.75914	37.12139	32.33644	32.07009	78.66078	6.04763	10.08126	45.15211	12.68582	16.60554	12.24184	12.54515	30.91309	38.59633	4.89953	11.10492	106.18	96.91767	72.71234	55.77294	56.6149	29.2415	19.4236	27.88817	130.11043	57.75569	19.08511	64.40066	64.65635	25.22561	8.06314	27.62103	12.28421	46.11095	24.72238	29.29061	58.88916	66.67965	30.90659	40.58126	9.6584	4.3851	84.45218	52.83441	50.59635	27.62761	34.12546	58.42199	117.59247	42.34389	64.81207	58.1516	18.84195	20.83583	9.28911	6.57251	15.97223	29.80987	96.77583	53.20307	54.31132	27.02145	45.55756	26.43519	22.63109	106.23669	81.13593	4.65872	45.16388	50.72894	91.24679	32.44038	96.06886	193.06336	1.8452	15.18933	100.662	48.4612	43.27231	39.69459	4.43576	15.81177	45.58695	68.74899	31.48721	30.05052	24.94457	135.49079	35.72717	83.65399	54.6578	8.34448	30.2337	78.14045	28.28921	9.76467	11.09824	41.54181	25.73749	38.00744	9.76736	11.61027	130.25369	9.1683	39.64403	39.87343	19.76036	2.18876	10.17945	103.25638	19.9798	83.27751	79.24012	69.33753	51.48919	9.4722	2.15457	37.48253	24.68292	9.52753	39.97355	12.75251	162.54944	125.60656	2.28825	8.89422	6.93819	7.96909	60.21748	6.28133	0.63417
GH43_37	NA	0.07314	0.09313	0.87918	0.07359	NA	NA	0.13305	0.36477	0.08582	0.67402	0.50808	0.12627	0.70324	0.17223	NA	NA	0.72614	0.20558	0.1268	0.1483	0.67888	NA	NA	0.18385	0.07459	NA	NA	0.12085	NA	0.27357	0.43644	0.22702	1.60355	0.04512	0.07174	1.05863	0.28749	0.24782	0.21407	NA	0.34919	0.04521	0.13592	0.03469	NA	0.04116	0.23122	0.24522	0.46628	0.17641	2.48644	NA	0.60798	NA	0.24231	NA	0.32718	0.67547	NA	NA	NA	0.0725	0.10802	NA	NA	0.4216	0.15965	NA	0.13609	NA	0.03425	0.13679	0.18575	NA	NA	0.50354	NA	NA	NA	NA	0.20385	0.03922	NA	NA	NA	0.45018	0.14301	NA	NA	NA	NA	NA	4.2397	2.11708	NA	0.35025	NA	NA	NA	0.1623	0.47796	0.04299	NA	NA	0.08093	0.07436	0.03051	0.22276	NA	0.38639	0.58222	0.53645	0.09224	1.67941	2.07656	0.18236	0.82225	NA	0.61501	0.07499	1.37383	0.95577	0.32574	0.03103	NA	0.5267	0.23807	NA	NA	0.76197	0.13857	0.14426	0.02836	0.11115	2.22123	NA	NA	NA	NA	0.03815	NA	NA	0.59072	0.24175	NA	0.09016	0.26099	0.34298	NA	0.13374	0.04348	0.39176	NA	0.14992	0.12074	1.27929	0.52658	NA	0.15323	2.47567	5.3029	0.17346	0.38097	0.40517	0.06017	0.43127	NA	0.47365	NA	NA	0.18917	0.05177	6.80733	11.69076	0.16218	0.07642	0.06237	NA	0.09672	NA	NA	NA	0.0743	NA	0.03406	0.12835	0.1085	1.94731	NA	NA	1.07065	1.92398	NA	NA	NA	NA	0.07798	NA	NA
GH43_4	137.60158	157.92622	120.57692	133.03522	216.66295	205.53118	315.63643	302.35726	171.55723	137.67273	142.42172	141.76441	153.98291	120.87209	76.67701	87.0177	137.98432	151.22643	168.60016	173.5916	148.91014	76.52019	183.0037	164.27465	149.57522	166.7445	205.53803	285.36946	54.94072	88.77849	171.87266	105.25256	99.53868	179.30058	193.91315	203.12421	94.49981	123.84018	113.47105	146.41631	179.51522	47.21883	103.33255	223.34696	249.97905	261.89304	117.44535	104.98433	120.93925	161.39791	67.76776	155.52946	151.60982	123.03946	148.32311	94.22706	137.21861	313.90316	243.02118	119.98293	10.87511	259.35524	225.02772	218.81173	268.72213	208.13315	119.77685	125.81616	125.14343	131.9368	172.36523	120.58031	264.6001	183.7581	202.23983	319.47285	58.91664	170.52476	194.81009	128.3974	152.18644	306.005	260.13538	235.78243	214.13702	156.37624	88.79156	58.81147	32.23255	42.78869	139.17514	183.47013	236.38984	31.07427	94.18915	219.87496	197.96702	259.34441	240.26424	258.46333	137.95023	190.11333	182.16525	82.60793	114.17504	145.39796	174.91569	206.56666	196.85531	341.18563	106.80359	133.09065	84.64854	105.93034	44.65356	50.60352	116.15538	85.78871	233.44151	114.24245	154.96048	171.28798	137.19164	275.46609	282.73996	205.91023	186.37536	22.56897	33.88212	223.83841	201.04533	74.5827	134.2131	241.25889	148.54068	180.75647	65.09264	142.46515	26.95464	25.27587	163.16264	139.14899	145.99911	165.68039	160.25998	128.37091	149.7639	185.7098	163.29704	271.2739	258.46384	56.61051	73.45708	192.48781	87.87486	104.37056	142.43842	266.31195	155.87805	176.13168	152.52144	226.32132	141.12832	74.40686	39.55029	228.47005	239.0081	251.67968	250.78733	383.70149	248.66096	155.50468	189.5331	168.35897	91.68661	8.40986	242.53426	154.03179	69.39673	274.41732	85.36062	144.92755	55.23939	92.81494	154.75318	219.70401	77.25584	163.85118	240.97468	0.91847	0.71295	44.38053	111.036	186.77993	198.50646	185.80166	201.2827	144.65401	205.51772	253.01412
GH43_5	0.69031	82.02534	NA	NA	188.01097	189.65304	0.08328	0.07473	58.0785	44.04801	50.68961	55.9169	48.13698	NA	0.07381	65.99761	109.50695	0.12552	NA	0.19525	0.03615	21.92298	81.79229	94.8783	NA	NA	165.32062	197.35079	22.54136	46.27839	73.8423	39.82416	70.85037	NA	NA	NA	0.03189	54.61065	53.26464	96.09047	73.47893	2.61651	1.18888	201.29261	207.4932	248.44208	0.01734	NA	32.06076	57.50959	2.33844	40.53095	89.21486	57.22758	NA	0.1299	NA	170.15731	122.13132	0.21577	NA	139.54836	119.33108	146.82842	243.192	NA	NA	93.9407	143.95297	113.94305	6.04134	2.2371	NA	NA	NA	NA	NA	83.41183	104.25297	39.79229	50.30273	NA	0.05507	187.24451	182.89398	3.01211	8.87164	NA	52.49777	89.53264	153.15222	191.23088	167.42291	NA	NA	182.46674	0.0329	0.08799	NA	259.76839	133.9373	NA	0.06891	0.03069	0.1292	117.53425	134.8992	154.03052	165.9787	0.46339	0.0493	NA	NA	NA	1.24663	2.99435	73.66987	25.62613	177.52594	57.84686	2.05098	0.16264	NA	NA	0.02805	114.29677	120.10604	NA	NA	182.53274	165.20945	0.66527	NA	NA	NA	0.02611	45.74403	86.03289	49.87214	17.50107	NA	NA	90.30525	114.97698	91.29667	1.55083	10.49628	0.05793	1.06912	222.26759	193.56653	2.25621	3.11011	105.22886	49.44439	36.61124	1.24622	8.19715	NA	NA	NA	NA	0.02335	0.03388	1.39683	189.57802	167.6271	NA	NA	0.09467	NA	47.06477	80.23109	NA	NA	NA	234.90052	128.38482	19.57939	1.57321	50.65253	116.01817	1.46299	0.26943	143.7096	230.35918	0.39647	0.08927	0.03095	NA	NA	0.816	16.04556	188.80895	175.93651	181.6999	181.80671	86.18226	178.02892	246.68415
GH43_7	112.59234	8.26581	11.43417	9.76418	184.64248	192.11105	3.36464	4.29242	13.42603	15.12622	8.87723	28.62474	35.64691	13.08434	1.5366	35.88554	46.60168	0.23804	1.15218	NA	60.06489	5.81026	6.17806	11.18924	66.19576	53.60875	213.50447	227.67162	6.77478	9.04934	8.03583	13.9288	3.32569	63.97172	94.74256	3.08557	3.34248	5.05311	2.61013	7.54016	27.25848	4.43265	1.87446	0.77256	123.61357	132.62587	21.50645	4.94448	41.7169	25.05545	13.28335	72.497	3.69954	7.18857	46.02959	11.39946	21.44378	177.37732	102.54275	0.14963	0.14854	0.74038	0.48118	130.27158	247.6835	71.47967	10.707	3.52231	4.31576	27.07224	86.11614	29.36482	129.60822	29.81226	50.77719	175.80863	4.17669	8.03209	4.02291	1.06163	0.1306	181.85142	108.94957	345.76336	311.75592	15.71708	11.98986	5.96751	2.33718	5.87613	164.22503	227.51461	187.28367	NA	2.83761	212.21148	42.84312	66.19543	66.89135	321.32762	165.52868	12.39495	17.39719	4.58354	23.34962	126.10936	146.94428	160.88498	185.09071	66.38365	6.3059	2.7465	30.19771	35.20508	14.98404	12.90681	0.26233	0.40577	221.94699	67.81576	61.41068	0.65674	0.39241	58.29485	90.37982	0.38435	1.9521	NA	NA	198.21832	157.24969	21.15378	0.87369	0.33651	14.84267	35.93073	2.4514	13.24218	4.50329	5.08584	0.0703	NA	7.4091	0.18301	NA	50.46968	89.44888	0.08219	0.19379	282.79332	230.32152	13.5133	7.55367	25.92202	1.39808	3.48889	28.83451	140.07136	58.16683	51.1888	0.14078	1.78309	15.45542	18.89075	1.05009	217.80993	184.73488	0.0258	0.14733	141.39109	121.19691	12.55075	9.50929	32.37327	NA	NA	282.51083	160.26549	0.28211	NA	0.53008	9.4466	10.59348	28.44308	242.06454	264.66399	13.36444	0.15815	0.0677	NA	NA	13.40771	37.57042	259.44401	236.03942	208.51283	178.57194	9.42305	206.61072	292.32641
GH43_8	2.04131	1.81557	19.2799	5.98145	3.3043	2.13724	0.71494	2.8653	14.69794	16.24535	15.08543	6.17371	1.59424	9.06109	2.84685	11.60523	14.1709	13.66345	19.32733	34.10376	8.78983	8.12468	7.12201	2.24556	14.29303	10.85176	1.11019	5.51773	13.54512	8.87303	4.44014	9.42432	12.29122	9.8968	6.37513	31.62925	20.96926	21.82456	17.81819	2.83597	17.85493	22.31022	22.7979	2.0384	4.57634	1.76367	8.64701	10.27463	11.72352	12.12418	12.14222	22.39209	4.04619	8.67694	43.33036	10.76262	11.56968	11.72482	7.43393	49.4463	56.50281	1.63773	1.29094	11.47996	NA	15.405	13.67967	8.88932	43.67955	37.98094	20.18516	16.08973	20.62807	17.35661	0.90032	2.58096	8.62243	9.80277	3.03678	11.54962	6.04005	7.10162	17.55323	2.2324	1.81049	7.33511	6.50689	4.5359	4.8064	7.87086	2.0374	1.32377	4.70187	NA	38.41359	2.35456	12.91833	7.97169	7.28155	2.54997	9.12248	7.29659	16.04516	58.49496	9.99531	1.95322	1.80177	4.15007	10.27468	4.0327	4.6867	5.46546	39.12501	52.60936	5.06258	18.02202	4.29945	3.51691	3.11768	16.01915	7.94535	14.92487	17.56665	4.18079	8.21106	2.53166	8.4269	11.24697	17.07028	3.25428	6.12342	25.81793	10.22015	10.24277	83.07045	81.74841	0.25568	17.21263	6.69975	23.43401	7.74953	23.08396	1.07129	3.78441	9.35333	13.81475	26.30122	20.44664	15.5946	0.79204	2.00015	8.78052	4.83098	3.66225	5.4024	3.54144	1.20016	15.9214	55.19152	64.97002	79.37658	35.63683	8.87947	10.3945	68.51236	2.18534	2.22665	9.13342	0.62309	13.01437	12.42398	7.07328	2.97174	66.39395	16.83501	90.03452	0.29978	10.83143	57.5361	8.06956	46.41014	6.52368	6.11641	9.58035	1.83115	1.28382	32.0367	NA	NA	NA	NA	14.51141	25.25701	0.06619	0.7885	1.06433	1.27917	17.88154	2.96132	0.63864
GH43_9	48.1359	134.52053	99.66984	84.3441	45.06489	44.60357	36.75739	318.4445	53.78486	41.91605	129.15811	11.0628	10.35714	38.49205	35.54912	8.86552	9.90204	57.72032	105.87118	64.89731	43.23027	56.40858	208.27784	168.13209	38.31663	72.88951	10.91443	9.73932	51.96716	99.93216	141.86868	96.35386	58.81699	60.72427	42.97894	160.95562	74.72925	97.47657	94.9476	97.38613	97.80747	38.63309	77.75778	28.48811	35.87773	31.51025	43.89811	58.99416	88.45373	106.34049	6.28717	7.97802	142.28725	115.7003	107.77863	53.60596	77.59179	44.41168	73.42936	36.52747	0.06211	175.48399	156.3236	60.41218	4.68822	105.53506	52.18233	139.35015	134.23822	114.70303	76.89136	65.22563	61.32286	89.81296	103.69569	80.51392	33.96293	139.53718	186.18722	68.98477	88.17472	12.25491	28.89892	18.71309	13.93656	77.3052	81.72369	30.64623	19.10858	39.39203	8.64559	4.85036	12.33512	0.58599	12.59668	18.67433	121.44165	127.80421	128.28286	10.9649	22.6253	139.63962	32.81591	93.66191	118.84384	28.86251	16.77531	44.81855	24.11452	250.27713	120.27824	117.50651	79.53272	110.40772	35.26159	42.23936	152.45878	82.04975	3.12083	26.06808	48.07748	167.16133	120.04136	78.47907	111.86447	114.31961	111.12059	16.73212	26.33912	8.9693	29.1759	82.64371	98.88408	153.33552	131.48842	116.8121	60.51956	121.47433	67.65832	37.25225	57.47061	50.55207	114.80779	188.59616	185.1015	34.21092	53.13461	182.56188	162.37146	4.60276	18.41674	34.39106	66.23605	162.40238	114.83048	85.74648	70.92012	112.40325	83.36732	88.65432	110.23276	112.5619	71.39572	24.66573	44.81129	14.71907	32.04212	54.90215	110.09267	59.92243	60.24455	99.40998	116.76582	120.67559	69.59853	0.1127	4.58248	15.06432	48.7307	144.43568	77.99517	133.93749	18.94476	24.15978	5.72748	9.88931	45.60588	117.20894	191.51282	NA	0.06179	24.27456	66.82845	0.51433	4.7933	0.99606	3.42468	25.75758	21.75033	2.69906
GH44	14.07175	7.13564	NA	NA	NA	NA	NA	NA	NA	0.59919	5.57793	6.07	10.80355	7.53816	2.96243	0.68997	0.40167	0.28482	NA	NA	4.76798	1.82876	NA	0.12765	23.75758	1.05023	0.03798	NA	1.35568	10.746	NA	1.02845	2.40529	2.88268	0.38852	1.0128	6.04286	0.32608	0.66044	NA	0.64615	6.06243	7.67033	3.065	0.22056	0.22373	4.33643	0.16078	10.89653	14.0606	4.74374	1.20703	2.73754	3.1858	NA	4.74347	6.68005	1.09558	9.22391	NA	NA	1.09525	1.49743	2.23135	NA	0.04052	5.84485	3.25179	NA	NA	0.52971	0.24469	15.32281	5.17577	NA	0.03447	6.65225	NA	NA	2.22541	NA	NA	NA	0.51744	2.82156	15.26674	7.25036	20.51017	3.77376	5.05862	3.42246	5.55157	0.8769	0.0835	NA	0.09175	NA	NA	0.15659	0.034	4.00841	NA	0.94215	NA	NA	0.93887	0.46599	NA	1.05017	0.1943	NA	NA	13.54682	1.59615	1.00317	2.60797	NA	0.26847	0.30588	2.37077	0.69174	NA	NA	NA	NA	NA	NA	NA	NA	0.70488	9.56625	0.04662	1.25257	0.23775	NA	NA	NA	1.60266	0.73829	0.95221	NA	NA	5.89271	NA	NA	26.71408	2.92207	1.39557	1.72967	NA	1.69615	0.06375	1.95036	1.17447	NA	0.0495	0.26727	2.04261	62.63941	17.0346	NA	NA	0.37526	8.14442	0.57752	0.54857	2.87706	NA	NA	NA	NA	0.05426	NA	NA	NA	NA	NA	0.87973	0.99797	0.0297	0.52883	0.93472	0.32017	1.25857	0.11528	NA	1.31229	0.48225	NA	NA	NA	71.49054	33.75439	0.08903	0.30788	0.65334	0.21078	0.36266	0.72115	NA
GH46	NA	NA	NA	NA	NA	NA	NA	NA	NA	NA	NA	NA	NA	NA	NA	NA	NA	NA	NA	NA	NA	NA	NA	NA	NA	NA	NA	NA	NA	NA	NA	NA	NA	NA	NA	NA	NA	NA	NA	0.04421	0.31003	31.50977	0.13234	NA	NA	NA	NA	NA	NA	NA	NA	NA	NA	NA	NA	2.59251	1.3366	NA	NA	NA	NA	NA	NA	NA	NA	NA	NA	NA	NA	NA	NA	NA	NA	NA	0.04506	NA	NA	NA	NA	NA	NA	NA	NA	NA	NA	NA	NA	NA	NA	0.34838	NA	NA	NA	NA	NA	NA	NA	NA	NA	NA	NA	0.3333	0.11815	NA	NA	NA	NA	NA	NA	NA	NA	NA	0.05179	NA	NA	NA	NA	NA	NA	NA	0.51526	NA	NA	NA	0.15754	NA	NA	NA	NA	NA	NA	NA	NA	NA	NA	NA	NA	0.05488	0.25224	NA	NA	NA	0.04958	NA	NA	NA	0.10663	NA	NA	NA	NA	NA	NA	0.59832	0.04433	0.0952	NA	NA	NA	NA	NA	NA	NA	NA	NA	NA	NA	NA	NA	NA	NA	NA	NA	0.04031	NA	NA	NA	NA	NA	NA	NA	NA	NA	NA	NA	NA	15.61397	NA	NA	NA	NA	12.67205	7.80596	NA	NA	NA	NA	2.48124	NA	NA
GH47	NA	NA	NA	NA	NA	NA	NA	NA	NA	NA	NA	NA	NA	NA	NA	NA	NA	NA	NA	NA	NA	NA	NA	NA	NA	NA	NA	NA	9.25205	3.4241	NA	NA	NA	NA	NA	NA	NA	NA	NA	0.33143	NA	NA	NA	NA	NA	NA	NA	NA	NA	NA	NA	NA	NA	NA	NA	NA	NA	NA	NA	NA	NA	NA	NA	NA	NA	NA	NA	NA	NA	NA	NA	NA	NA	NA	NA	NA	NA	NA	NA	NA	NA	NA	NA	NA	NA	NA	NA	0.09856	NA	NA	NA	NA	NA	NA	NA	NA	NA	NA	NA	NA	NA	NA	NA	NA	NA	0.20282	NA	NA	NA	NA	NA	NA	NA	NA	NA	NA	NA	NA	NA	NA	NA	NA	NA	NA	NA	NA	NA	NA	NA	NA	NA	0.03581	NA	NA	NA	NA	NA	NA	NA	NA	NA	NA	NA	NA	NA	NA	NA	NA	NA	NA	NA	NA	NA	NA	NA	NA	NA	NA	NA	NA	NA	NA	NA	NA	NA	NA	NA	NA	NA	NA	NA	NA	NA	NA	NA	NA	NA	NA	NA	NA	NA	NA	NA	NA	NA	NA	NA	NA	NA	NA	NA	NA	NA	NA	NA	NA	NA	NA	NA	NA
GH48	10.01961	0.71458	NA	NA	NA	NA	NA	NA	NA	1.27996	2.10781	2.85356	3.3345	0.587	1.776	0.26547	0.09567	NA	NA	NA	3.99355	0.35438	NA	0.1716	0.45247	0.13679	0.03633	NA	0.71934	1.63601	NA	2.15565	1.37294	4.375	1.49769	0.83486	5.12134	NA	NA	0.02445	1.10231	2.42314	2.04154	4.57406	NA	NA	2.46933	0.4821	1.09621	1.6878	1.91784	2.24819	1.04331	0.40725	NA	2.59591	1.84196	2.38869	12.7762	NA	NA	0.1032	0.48928	1.72045	0.09619	0.19709	0.49704	0.90818	NA	NA	1.32186	0.50364	4.08303	4.34433	NA	NA	0.59249	NA	NA	0.02425	NA	NA	NA	0.48963	1.67751	0.67152	1.39439	1.46013	7.44791	5.64426	1.75489	0.677	1.07076	NA	NA	0.55609	0.17086	0.12236	0.40124	0.39657	2.85965	NA	NA	NA	0.11879	1.34417	0.28622	NA	1.60377	NA	NA	NA	0.54254	1.36279	0.97675	0.21805	NA	0.01236	0.58392	1.98768	NA	NA	NA	NA	NA	NA	NA	NA	NA	0.50486	4.11911	NA	1.52913	0.00979	NA	NA	NA	4.88709	0.39349	2.00368	NA	NA	8.98125	NA	NA	1.61687	0.36835	NA	0.09811	NA	3.62453	0.09957	1.59827	0.64877	0.10721	NA	NA	NA	3.17823	0.79586	NA	NA	0.15521	0.15871	NA	0.60561	0.99148	NA	0.05718	NA	NA	0.09067	NA	NA	NA	NA	21.70595	10.6989	0.28579	NA	0.08783	NA	3.46167	4.53862	5.41283	1.32461	3.01625	NA	0.1051	NA	NA	0.97114	0.79123	1.3939	1.45083	3.64738	0.59121	0.47819	0.25957	NA
GH49	0.04061	NA	NA	NA	NA	NA	0.02636	NA	NA	0.71416	1.34389	NA	NA	NA	0.03755	1.28538	0.90279	NA	NA	0.05199	0.02027	0.59305	NA	NA	NA	NA	0.01583	NA	1.6197	NA	NA	NA	0.12678	NA	NA	0.07323	0.02806	NA	NA	NA	NA	NA	NA	0.02937	0.0169	0.06225	0.45533	0.29635	NA	NA	0.50827	0.21691	0.08316	0.28695	NA	0.53409	0.70326	0.46679	0.06366	0.01525	0.10185	NA	NA	NA	0.07182	NA	NA	0.36898	0.24621	0.11716	NA	0.02852	NA	NA	NA	NA	NA	NA	NA	0.23801	0.46497	NA	NA	NA	NA	0.20672	0.17509	NA	1.95329	0.90181	NA	NA	0.0992	NA	NA	0.07961	0.27045	NA	0.31604	0.16078	0.83359	NA	NA	NA	0.01373	0.45752	0.21544	NA	NA	0.20998	NA	NA	NA	NA	0.01909	NA	NA	0.12067	0.46784	0.10437	0.07911	NA	NA	NA	0.02779	NA	NA	NA	NA	0.0243	0.03253	NA	4.42429	0.70545	5.76983	22.50262	NA	NA	NA	NA	NA	NA	NA	NA	NA	0.85836	0.64116	NA	NA	NA	NA	2.0409	0.25659	0.0388	0.07853	0.0424	NA	1.03557	0.04252	NA	NA	NA	NA	NA	0.01661	0.01324	0.31911	NA	0.19447	NA	NA	2.27531	0.08181	NA	NA	NA	NA	NA	0.25385	NA	0.14305	NA	NA	NA	1.10153	NA	2.11841	NA	NA	NA	NA	1.39551	2.45479	NA	NA	NA	NA	0.1714	NA	NA
GH5	1886.52593	1826.82935	1383.0811	860.91831	975.85215	865.17035	58.61161	204.05692	1280.86546	2101.37694	2068.25715	1646.75019	1686.36063	688.33195	825.0383	2349.0436	3498.2935	476.12032	1026.99795	698.47876	925.59893	2046.59431	1188.89461	1975.07582	1965.66656	558.78785	4404.61272	5183.24787	1554.58496	1421.99606	1178.39607	1123.4279	2116.86125	451.07168	252.08649	679.06133	1725.22627	1172.24208	1192.72552	300.09199	1002.50583	1421.94524	1330.6731	5530.30916	5163.04272	5546.52571	1254.82184	552.73689	1357.27565	991.40316	474.63846	1833.11296	1065.80904	1142.18642	937.54937	1036.88437	864.54653	4996.90654	4077.60582	882.76023	239.75719	2100.82424	1801.4754	4115.05792	6489.1377	635.86022	759.13431	1327.23323	537.38533	521.39052	930.6706	929.46213	1042.57543	1124.4744	95.49664	230.63559	801.62473	1670.25417	2095.4138	774.7522	741.57021	419.55553	697.87603	5928.59845	5768.076	1168.9612	1463.72921	783.87761	1107.88008	1448.95888	3509.48002	4406.43471	5671.55322	735.79836	1381.30948	3541.86194	1036.93822	549.68064	578.02994	4694.44116	2383.90843	452.89395	558.7541	912.50663	760.88263	3592.60236	4099.47975	4206.22595	4631.93564	196.01378	1759.8688	1113.09418	1117.60043	960.20994	760.35951	763.38129	1284.61788	1437.70321	2518.41083	1413.82503	750.65723	684.9054	723.93698	260.00934	223.13877	262.19138	377.25298	2735.23863	2035.35132	5431.35738	4938.22021	1168.40103	741.79027	609.94623	2241.79434	1291.3348	940.26142	1761.00868	724.63255	1295.12283	760.43217	1104.77949	1461.60563	213.93996	557.97758	1609.87663	1019.24194	1696.86056	1665.70066	6490.86472	5722.46036	1023.78742	1462.92575	1678.14191	464.49798	688.69157	570.15094	348.48114	1851.66972	1074.86523	549.38625	826.49613	1705.22763	867.11121	459.79802	4981.31122	4833.65295	801.17589	554.4291	128.80943	153.14795	1253.9275	1390.28127	1069.77652	1494.24317	997.37494	2590.7578	1648.06696	3010.66239	94.76071	3024.23853	4184.43174	648.3629	1081.22436	2412.16546	4853.58935	941.29921	355.02554	188.39354	525.15557	512.55087	2066.48968	1632.28417	3106.27449	4547.08936	4088.07637	4292.18168	1486.37543	5751.43904	7942.94256
GH50	5.35905	11.53297	69.84645	42.43778	4.30977	2.4822	1.23899	13.82286	32.81935	33.51649	20.8029	33.5406	14.06979	26.27582	54.57	16.41759	53.12974	24.92603	99.81598	59.9922	13.98594	41.18531	14.05148	4.75104	18.87288	13.09394	0.61399	1.68801	21.09845	51.17848	4.7861	7.73867	26.48515	18.74289	12.16802	23.31606	19.66419	22.80363	12.23854	1.05622	27.21784	14.05825	49.08939	3.26268	4.68124	1.49665	3.7648	14.60411	20.87893	16.58393	17.26932	11.42944	1.67076	5.62266	25.6178	36.67398	30.71665	6.05455	10.97862	121.74212	0.26671	3.18277	4.53817	46.73425	0.30077	10.07684	39.38343	13.97552	60.48442	50.88115	11.72911	22.38796	20.45352	25.79463	13.14059	8.22313	10.14672	3.44869	0.35687	6.39037	6.19001	5.04411	5.79963	2.89397	4.64506	31.40217	15.85577	9.00907	6.73467	4.30846	3.30463	2.89858	4.86843	0.05961	165.22491	3.8065	100.72905	39.41048	71.12584	2.76997	17.91819	7.21229	61.22021	114.25278	23.00069	7.9932	7.51254	1.26727	3.23961	101.06067	26.24952	10.62696	16.0678	15.22299	20.226	21.54135	7.80157	14.35469	2.38299	72.13115	7.12252	45.02749	46.50113	5.00251	11.25819	7.6196	32.88588	22.40878	55.17134	3.1237	10.69721	27.82176	27.27454	79.54785	96.27133	105.03283	0.09079	8.89554	30.14648	92.67652	30.88476	52.38022	4.21837	1.64061	25.18676	63.69237	46.17898	128.99697	170.60858	0.47852	5.50879	21.2432	72.76218	2.51226	54.18611	64.53395	6.76328	12.29818	15.69991	19.31128	49.60367	46.90479	18.59013	17.40432	134.44394	2.70924	11.30249	84.47064	42.59605	1.59684	3.45724	6.98728	1.27605	70.05339	169.4589	438.69374	0.40069	9.28595	5.23424	6.5949	4.34756	11.43653	51.86493	47.95302	5.35428	2.08836	29.54988	0.73615	0.7507	73.94846	50.36002	16.0978	37.08708	NA	1.45935	1.67492	3.11489	14.17958	17.62232	0.50368
GH51	835.27129	807.55933	616.73393	551.22135	964.48322	907.0641	801.21658	812.40766	622.46351	643.8852	696.96754	556.66795	542.44787	427.16834	389.71549	538.36779	860.6792	545.07046	759.91627	768.27882	514.61105	493.28072	790.29089	692.18617	626.52212	662.54865	1018.01318	1314.13531	640.5864	888.14726	610.95761	530.96665	639.57569	580.75482	504.92422	731.70261	556.82359	614.61532	568.09345	523.12397	726.37149	410.86404	587.42349	1269.05726	1288.7551	1321.55515	538.53259	546.33907	533.00175	613.06634	351.89569	605.07012	619.66725	568.10911	561.41126	520.79206	570.7666	1207.87864	954.50824	775.71472	419.49229	838.11	758.86134	1166.27424	1526.59156	661.32269	461.14126	651.19236	745.17983	682.59493	524.18271	491.13126	809.09051	925.76622	569.59812	723.30509	339.17652	715.20732	795.66212	592.89283	729.70239	630.32473	681.78147	1184.43297	1105.51634	752.91403	620.24568	289.39785	432.38412	599.65146	880.0505	1158.87062	1148.50827	267.01152	682.26075	1050.07842	685.32687	734.41283	643.75803	1398.48214	1085.79791	789.4663	681.80893	599.45666	476.54218	923.56454	932.01287	983.70305	1021.62107	879.60333	536.11041	478.64011	430.0106	555.8087	316.91846	343.85673	1039.22131	757.10787	1093.39815	751.28503	521.4088	721.36466	595.62823	744.61714	807.00186	645.25349	732.38506	638.59705	569.38248	1318.45544	1103.0664	418.10529	478.24012	833.19412	833.04093	844.59865	385.6345	751.90906	529.45749	514.6145	764.74707	693.00051	626.16878	715.4264	811.0745	540.05875	513.10604	1079.96412	1043.19295	1490.43636	1345.04879	456.81056	518.03794	706.30855	648.9273	616.97041	505.02806	738.51128	565.26425	669.78027	658.32559	827.41728	718.38199	337.0153	643.26124	1291.07057	1117.51952	904.67205	822.02889	751.15255	518.80464	631.13754	578.66773	712.81116	533.21707	832.17441	1134.57583	754.04734	829.44839	717.05381	908.21234	1090.14588	387.65736	605.21087	1035.66897	1303.47264	428.85689	656.70969	954.76337	491.35073	565.02783	383.72714	596.48838	1093.184	1190.5332	1115.78701	1140.51882	613.63326	1151.25085	1491.78482
GH52	NA	NA	NA	0.10973	NA	NA	NA	NA	NA	NA	NA	NA	0.02669	NA	NA	0.17921	0.08565	NA	NA	NA	NA	0.46574	NA	NA	0.05234	0.02198	NA	NA	1.67686	NA	NA	NA	0.05517	NA	NA	NA	0.57995	NA	NA	NA	NA	NA	NA	NA	NA	NA	NA	NA	NA	NA	0.15756	NA	NA	NA	NA	NA	NA	NA	NA	NA	0.13468	0.09775	NA	NA	NA	NA	NA	NA	NA	NA	NA	NA	NA	NA	NA	NA	NA	NA	NA	0.04606	NA	NA	NA	NA	NA	NA	0.0245	NA	NA	NA	NA	NA	0.12838	NA	NA	NA	NA	NA	NA	NA	0.2371	NA	NA	NA	NA	NA	NA	NA	NA	NA	NA	NA	NA	NA	NA	NA	NA	NA	NA	NA	NA	NA	NA	NA	NA	NA	NA	NA	NA	NA	NA	0.09852	NA	NA	NA	NA	NA	NA	0.75073	NA	NA	NA	NA	NA	NA	NA	NA	NA	NA	NA	NA	NA	NA	NA	NA	NA	NA	0.02101	0.02469	NA	NA	NA	NA	0.06515	NA	NA	NA	0.10413	NA	NA	NA	NA	NA	0.04224	0.17821	NA	NA	NA	NA	NA	NA	0.43154	NA	NA	NA	NA	NA	NA	NA	NA	NA	NA	0.04846	NA	NA	NA	NA	NA	NA	NA
GH53	302.98188	433.1722	332.66618	401.82487	327.13559	311.94351	21.19148	194.39478	373.97351	342.37907	182.11558	298.42329	363.76151	338.61701	253.81167	199.48476	288.76863	254.83038	303.98379	136.39663	248.00953	172.23585	138.1352	126.68853	211.93765	118.93358	394.73652	395.89134	194.82237	267.8917	154.52394	147.4047	180.30204	39.65286	23.92616	75.44132	176.55305	173.55506	121.27419	493.24028	374.55045	177.86581	296.96195	336.51116	307.9111	322.05302	193.85383	230.04678	264.35749	199.85862	145.64727	208.12502	282.89233	213.96171	170.4547	215.34533	108.19832	280.44778	246.38938	70.03946	30.6462	107.88983	110.7688	261.76346	395.45672	181.07224	321.52761	369.80883	114.02734	124.80048	374.87452	292.36381	161.34252	291.50669	89.5788	115.92215	213.55438	174.57595	219.53332	199.96346	206.7967	436.9966	486.50627	333.31051	324.39538	204.10553	209.44378	214.07205	168.77915	138.18762	253.58692	344.12928	301.45989	185.40139	209.18624	374.38879	216.753	228.65685	116.34875	443.86253	368.12097	275.20814	142.4813	146.24649	165.92826	273.4179	273.47996	289.41133	278.97915	41.01339	122.99527	47.1081	177.29168	290.42981	272.97498	259.00178	88.73885	256.67624	275.79888	141.00465	256.31369	268.13401	312.85464	248.87992	145.22316	423.85951	396.6082	260.86545	173.39391	290.46176	263.12716	182.36241	224.33364	259.52669	389.45774	290.50868	396.85019	348.05755	141.65855	215.28685	295.20293	156.78588	127.18022	587.53417	438.83266	227.792	284.34935	210.71628	187.77467	374.41063	353.71644	138.45441	148.15496	94.11858	64.08221	78.67983	146.52055	57.20091	286.94619	338.34969	115.97306	207.97619	232.2365	76.06396	212.96769	310.92252	343.26246	275.14429	113.45626	297.94005	314.54984	131.0292	333.51053	159.57037	70.57115	392.61918	394.0107	212.33729	465.24457	178.42555	518.19735	596.17108	171.3577	215.34886	294.29247	373.4955	225.14726	261.41167	228.47209	427.16869	427.14035	105.47781	136.91091	351.0141	364.6659	301.47728	363.38111	226.84459	329.40065	447.1394
GH55	4.60186	63.38749	63.10469	29.11616	11.62686	3.87842	0.17169	0.19279	18.61058	65.01219	43.92287	49.00854	35.73439	44.57306	33.02881	7.95861	28.01165	28.99754	30.88537	35.27551	43.77837	77.62459	0.62485	1.50961	83.20101	19.4321	2.74585	7.58674	40.36182	85.37591	15.60383	61.94708	11.41019	8.68043	15.27778	35.45839	59.6733	37.57037	34.57718	9.08962	69.13423	68.43588	56.23276	1.36655	4.02048	1.26146	31.90067	20.81827	19.07274	15.24641	4.1129	25.81225	8.09801	15.59079	45.90913	32.44289	22.57152	3.71722	4.67526	NA	0.34205	4.19162	5.50061	24.05781	0.11471	26.19775	57.19057	17.80321	0.29511	2.72861	21.29157	15.19081	31.92731	60.09054	4.01798	13.11344	29.94003	4.60814	1.41191	10.27207	19.24251	42.69353	50.61417	1.52559	2.40635	45.04499	82.19549	13.75207	18.0122	21.23721	12.30696	9.36166	4.58941	1.95372	55.51678	2.39788	87.45234	35.8699	29.24569	2.03957	16.02668	7.77455	22.1609	24.75562	21.14381	8.09769	5.30038	3.432	4.83361	13.42084	0.07356	0.68529	35.90514	40.89365	5.62447	23.51716	6.14165	61.67196	1.07353	7.6044	30.14235	31.63141	32.51349	7.32031	10.91329	9.6693	13.48555	141.09443	81.42445	3.96701	6.73176	33.91044	15.56808	16.05476	142.67945	61.56519	2.51462	108.44904	37.38389	71.1253	11.06218	51.81666	6.49099	3.76732	0.91579	19.95896	24.34888	82.93523	75.04253	0.01226	1.38874	25.27183	46.43005	13.79646	29.79578	36.66132	27.32553	4.86436	16.67124	24.90764	11.40011	58.42738	200.20734	30.20372	2.07649	4.89811	16.52892	39.62148	32.07782	8.83487	8.72658	69.13224	10.59934	74.70828	0.05606	6.38408	1.53804	2.67863	264.70829	3.27172	213.04629	78.43654	14.56802	22.51523	1.54188	0.0751	17.52642	5.51647	6.84935	6.3714	0.31794	22.55957	34.67372	1.78358	2.47769	1.44601	1.03673	23.0242	1.8227	0.02981
GH56	NA	NA	NA	NA	NA	NA	NA	NA	NA	NA	1.35862	NA	2.39423	NA	NA	0.39297	0.67818	NA	NA	NA	1.42233	NA	NA	NA	NA	NA	NA	NA	NA	NA	NA	NA	2.77939	NA	NA	NA	NA	NA	NA	0.15584	NA	1.61771	1.31954	0.14747	NA	NA	NA	NA	NA	NA	NA	NA	NA	NA	NA	NA	NA	NA	NA	NA	0.13763	NA	NA	NA	NA	NA	NA	NA	NA	NA	0.10593	NA	NA	NA	NA	NA	0.51894	NA	NA	NA	NA	NA	NA	NA	NA	NA	NA	0.21801	NA	NA	NA	NA	NA	NA	NA	NA	NA	NA	NA	NA	NA	NA	NA	NA	NA	0.09624	NA	NA	NA	NA	NA	NA	0.19237	0.09496	NA	NA	0.09611	NA	NA	NA	NA	NA	NA	NA	NA	NA	NA	NA	NA	0.09376	NA	NA	NA	NA	NA	NA	0.13052	NA	0.25193	0.11561	NA	NA	0.81606	NA	NA	4.99153	0.27844	NA	NA	NA	0.13513	NA	NA	NA	NA	NA	NA	NA	NA	NA	NA	NA	NA	NA	0.08979	NA	NA	NA	NA	NA	NA	NA	NA	NA	1.89025	NA	NA	NA	NA	NA	NA	NA	NA	NA	NA	NA	1.40935	NA	NA	NA	NA	2.2824	0.24455	NA	NA	NA	NA	0.08311	0.08341	NA
GH57	68.63918	193.61454	171.01342	103.41656	285.34727	279.61244	163.93745	201.09241	172.0379	197.79006	170.36708	183.7663	133.60029	89.02156	71.9896	162.46286	219.77911	91.73495	125.26001	176.11133	155.08561	122.65236	227.65796	206.24438	199.11302	183.42682	235.76983	281.83517	123.44308	167.58863	134.30795	167.18012	172.47803	152.72728	156.69626	169.5936	115.55548	156.86186	171.79149	177.59074	221.81711	131.36816	174.54283	259.81186	297.77982	305.95587	86.91209	71.66013	145.86621	168.85395	155.92701	196.84561	173.80445	183.86972	161.86876	137.0318	178.43505	246.99859	213.01384	104.13061	140.26386	167.21149	154.5066	254.29349	307.31354	146.8205	129.06572	177.43469	186.10006	179.069	162.40002	138.56535	162.02075	162.91316	70.65302	144.80081	193.40905	153.23815	179.01017	93.30375	104.46917	210.3317	196.6333	294.90968	291.25955	156.96865	162.16504	174.35883	132.71533	142.04112	223.82637	301.74336	257.01938	0.23147	167.22639	287.52671	218.35705	223.42096	138.37551	338.86885	236.15925	140.71204	142.00971	182.6692	164.91069	220.46077	232.20433	233.50355	255.7589	199.45516	193.15577	153.71904	111.96436	170.4631	166.81829	191.04677	153.43513	139.66696	263.46888	147.25649	126.98535	133.61633	100.96966	126.67988	195.02623	147.33599	177.55192	193.50036	178.25375	232.98078	244.657	135.08165	112.55929	187.97262	205.01563	214.45337	39.09995	231.88015	166.55932	150.76829	65.61963	178.61194	119.93932	144.26348	151.3855	122.86126	171.76309	192.86955	194.04173	297.55672	288.03543	166.40738	171.99246	209.50058	167.24455	142.74786	78.04316	194.67411	136.03862	138.80206	110.66833	180.2486	217.89242	146.82145	106.58966	270.04461	251.85203	173.05505	142.77607	181.38075	169.01448	154.81719	127.10366	157.3727	151.35674	135.48442	321.85909	230.09526	272.94359	139.27093	250.99685	202.55211	208.46782	110.4897	213.84442	283.40025	93.48782	96.33032	163.19858	136.12852	151.55576	70.11238	140.56268	301.56956	317.23225	287.60832	266.9987	142.72653	279.58226	299.21221
GH58	0.05463	NA	NA	0.29563	NA	0.05991	NA	NA	NA	NA	NA	NA	NA	NA	NA	NA	NA	0.0475	NA	NA	1.03009	0.02504	NA	0.0717	NA	0.21853	NA	NA	0.04655	0.25894	0.34251	NA	NA	NA	NA	NA	NA	NA	NA	NA	NA	NA	NA	NA	0.04107	0.19161	NA	NA	NA	NA	NA	NA	NA	NA	NA	NA	NA	NA	NA	2.04634	0.8969	0.0435	NA	NA	NA	NA	NA	NA	NA	NA	NA	NA	NA	NA	NA	NA	NA	NA	NA	NA	NA	NA	0.02163	NA	0.02113	NA	NA	NA	NA	NA	NA	NA	0.03999	NA	NA	NA	NA	NA	NA	NA	NA	NA	NA	NA	NA	0.04791	NA	NA	NA	0.11046	NA	NA	NA	NA	0.36805	NA	0.47333	0.8304	0.31683	NA	NA	NA	NA	NA	NA	0.19113	0.15276	NA	NA	0.20696	NA	NA	NA	NA	0.10218	0.07001	0.03834	NA	NA	NA	NA	NA	NA	NA	NA	NA	NA	NA	NA	NA	NA	NA	NA	NA	NA	NA	NA	NA	NA	NA	NA	NA	NA	NA	NA	NA	NA	NA	NA	NA	NA	0.06956	0.20697	0.1983	0.22603	NA	0.14972	NA	1.07066	NA	3.04163	NA	NA	NA	NA	NA	0.04719	NA	0.12644	NA	NA	NA	0.15613	NA	NA	NA	0.09235	NA	NA	NA
GH59	11.76901	14.47912	26.06305	10.2993	1.69504	0.42617	NA	0.15542	0.47737	6.40084	9.89853	7.00252	12.74986	8.75233	2.86906	3.96363	1.14491	3.8879	9.22031	0.23028	8.72356	15.19229	1.21738	1.08254	18.81404	1.06357	0.02717	0.08818	44.305	22.77946	0.77045	2.16595	6.1709	2.76856	0.17604	1.17848	23.37527	0.59097	0.27409	0.73508	2.76517	17.09829	17.43514	4.22507	0.26459	0.21604	19.55556	1.79756	11.45986	13.04751	4.33304	24.53809	1.73192	5.93698	1.67572	17.50139	16.41165	2.3312	11.7965	0.46599	0.5294	0.63017	1.2656	3.13311	NA	3.31905	11.65099	4.19102	0.56797	0.34841	28.08083	39.61791	15.92496	5.80896	1.95256	0.46806	8.0377	0.45619	0.2753	1.59357	0.98379	2.72935	1.33071	0.30974	1.82624	7.00915	3.00744	12.721	10.01009	7.47348	3.75417	5.74407	1.57603	4.44561	13.41831	0.38226	0.31392	0.05481	1.25784	0.68924	4.20031	NA	1.70947	0.02708	1.02155	2.1604	1.30773	0.34925	0.49758	0.26477	0.54662	0.98134	17.95693	5.54337	1.78158	2.18321	0.98472	2.09213	1.00778	4.30204	0.73654	1.16219	0.65621	0.26982	0.05566	1.08367	1.66324	6.12438	0.21447	1.12818	6.56872	1.23434	5.04344	1.66945	1.77649	1.72044	0.78975	2.05499	1.53655	4.00842	1.38641	0.02838	8.55806	0.75859	1.08427	39.66699	6.54531	0.41425	0.46921	NA	2.3022	7.63713	4.91545	1.39736	9.24493	2.85862	17.0741	5.02536	47.06867	36.6922	0.75193	3.86876	0.76708	2.51571	56.14089	0.7686	5.00909	0.11854	0.74467	NA	NA	0.48051	0.07201	0.2154	0.73049	100.70431	0.39661	0.71537	0.75154	0.39671	0.48669	5.36634	4.28653	9.00238	0.39641	0.22602	15.45194	2.25754	13.92454	0.28242	0.12571	52.7938	27.68271	0.69023	0.73623	1.41957	1.1465	2.03941	0.44186	NA
GH5_1	15.42787	5.49924	NA	NA	NA	NA	NA	NA	NA	20.27816	13.16685	5.04192	9.52227	5.3294	2.48684	19.18049	4.49312	0.24656	NA	NA	9.23782	13.00891	0.05357	0.51134	11.70262	0.16052	0.1351	NA	14.75763	7.9733	NA	9.19349	9.34543	NA	NA	1.01592	19.96213	NA	NA	NA	8.91028	19.89909	7.58681	4.33144	NA	NA	15.79952	1.01171	8.49254	7.45996	9.05847	1.0154	4.65235	2.66124	NA	9.79373	8.96766	8.52248	13.75732	NA	NA	0.45959	0.75853	3.05512	NA	0.28459	3.8816	3.06957	NA	0.04536	1.11729	0.67791	12.51309	8.03214	NA	NA	7.51536	NA	NA	0.62188	NA	NA	NA	0.74102	4.48322	1.33517	3.75718	9.53177	2.40313	7.07312	15.06326	10.94186	1.14941	NA	NA	0.32867	NA	NA	0.26293	0.13373	3.93279	NA	0.27047	NA	NA	1.17901	0.4523	NA	0.96194	NA	NA	0.08884	13.50287	3.76059	0.6706	1.54425	NA	0.25246	0.09855	2.07289	NA	NA	NA	NA	NA	NA	NA	NA	NA	0.97618	12.88665	NA	1.42679	0.47415	NA	NA	NA	4.14333	0.7608	2.01781	NA	NA	9.17784	NA	NA	17.51513	7.28911	NA	NA	NA	5.82393	3.57749	12.39076	0.84319	NA	NA	0.02309	0.65411	28.20864	11.74308	NA	NA	0.2923	1.624	0.03967	0.61326	3.27732	NA	NA	NA	NA	NA	NA	NA	0.08753	NA	NA	0.93285	0.43475	0.02697	0.42675	3.83174	1.101	3.63916	0.07013	0.02713	9.78052	0.30563	NA	NA	NA	31.75435	13.63343	0.44792	0.86716	4.61777	1.71708	0.62574	1.49314	NA
GH5_12	NA	NA	NA	NA	NA	NA	NA	NA	NA	NA	NA	NA	NA	NA	NA	NA	NA	NA	NA	NA	NA	NA	NA	NA	NA	NA	NA	NA	NA	NA	NA	NA	NA	NA	NA	NA	NA	NA	NA	NA	NA	NA	NA	NA	NA	NA	NA	NA	NA	NA	NA	NA	NA	NA	NA	NA	NA	NA	NA	NA	0.03672	NA	NA	NA	NA	NA	NA	NA	NA	NA	NA	NA	NA	NA	NA	NA	NA	NA	NA	NA	NA	NA	NA	NA	NA	NA	NA	NA	NA	NA	NA	NA	NA	NA	NA	NA	NA	NA	NA	NA	NA	NA	NA	NA	NA	0.34778	NA	NA	NA	NA	NA	NA	NA	NA	NA	NA	NA	NA	NA	NA	NA	NA	NA	NA	NA	0.11499	NA	NA	NA	NA	NA	0.10926	NA	NA	NA	NA	NA	NA	NA	NA	NA	NA	NA	NA	NA	NA	NA	NA	NA	NA	NA	NA	NA	NA	NA	NA	NA	NA	NA	NA	NA	NA	NA	NA	NA	NA	NA	NA	NA	NA	NA	NA	NA	NA	NA	NA	NA	NA	NA	NA	NA	NA	NA	NA	NA	NA	NA	NA	NA	NA	NA	NA	NA	NA	NA	NA	NA	NA	NA	NA
GH5_13	112.38759	10.19803	28.90447	31.76822	7.70506	3.74453	24.36523	46.69581	33.2914	31.20577	21.9643	31.81444	27.98629	19.21482	48.23592	7.84931	29.21138	35.08964	58.16039	46.33964	12.46234	36.09476	12.23768	3.28509	10.7849	7.81864	4.73062	0.60148	20.46879	15.9603	11.39562	9.45079	17.43056	5.38667	9.08372	28.70023	17.98265	25.03962	13.60998	3.52813	22.0903	12.05954	40.06979	2.67899	7.5679	1.12241	11.87756	9.88181	10.91591	9.76759	15.05201	13.38722	2.07668	3.58669	49.0397	14.36818	22.55778	3.1015	5.6428	169.8611	0.02995	8.25979	8.7308	16.0385	1.64023	28.68246	28.18531	11.17399	67.77124	56.90362	6.53455	12.50875	11.27219	14.26678	14.32265	23.05439	15.98148	9.69283	4.83625	5.45834	3.88003	10.246	13.50984	1.05957	1.93008	22.4237	13.39148	9.21929	7.35904	7.3955	2.01561	1.57888	1.83411	NA	140.64345	2.41975	22.0966	6.90126	44.05371	2.09663	6.10081	19.20751	57.85113	137.8378	20.56022	6.63231	6.89223	1.13076	1.90009	25.66297	69.44038	13.54997	24.89306	28.75309	4.52158	10.00208	3.86231	11.77929	1.94718	20.16887	5.45082	50.71491	57.84581	26.1454	25.1799	10.69455	17.19765	122.11694	132.81994	5.3017	14.90522	19.32938	18.97571	73.85486	78.62461	81.93334	0.66306	14.23404	8.7816	14.52233	35.65877	40.96679	9.69337	6.86323	30.99652	42.56692	21.22228	74.4218	97.36498	0.89003	3.14606	20.12348	48.51511	10.82381	61.38592	76.2831	22.65387	28.04129	13.50596	15.2801	43.4343	37.38743	17.61387	19.05038	99.35236	3.26699	9.08688	73.42997	31.99655	1.16519	1.53452	10.55917	3.86082	75.6657	198.60365	295.37527	1.83566	4.44409	11.38464	23.51396	9.52686	3.7448	19.55548	31.85794	6.96269	NA	11.14408	9.19742	0.53618	142.92345	92.27193	13.68037	30.74606	0.2441	2.50763	2.89441	2.35376	4.66719	5.28355	0.15056
GH5_18	3.61074	0.28907	0.31064	2.79506	0.28053	NA	0.085	NA	0.36993	NA	NA	0.40353	NA	0.03384	NA	0.08475	NA	NA	NA	1.57491	0.34751	NA	0.30982	0.17316	NA	NA	NA	0.56985	NA	NA	NA	NA	NA	7.74756	2.60253	0.16996	0.15024	0.1009	0.14672	NA	NA	NA	NA	0.03091	NA	NA	0.03656	2.16506	NA	NA	0.69781	NA	0.35049	0.30898	0.53994	NA	NA	0.18426	0.42927	0.13215	0.08041	NA	NA	0.34316	1.04684	NA	0.03447	NA	0.1837	0.28906	0.29476	0.17909	0.33148	0.29693	2.97749	1.10539	0.71164	0.07579	NA	0.03301	0.12381	0.1722	NA	0.2168	0.27223	0.13732	NA	0.40244	0.19457	0.12727	NA	NA	NA	NA	NA	NA	NA	NA	0.1332	0.17183	NA	4.43072	0.33869	NA	1.69529	0.15427	0.13208	0.40468	0.16156	NA	0.29344	0.26924	0.13612	0.06144	0.35214	NA	2.77293	1.24113	0.0631	0.37707	11.98127	0.59786	0.98292	0.03353	NA	NA	NA	0.1621	0.32844	2.50348	0.05414	0.70587	NA	NA	1.05292	NA	1.48141	0.24826	NA	0.87266	NA	NA	0.19222	0.29631	0.2304	0.14118	NA	NA	NA	NA	NA	NA	NA	0.19332	NA	NA	1.24607	0.15588	0.10614	NA	7.62731	NA	0.03037	0.16676	0.13989	NA	0.82146	0.67155	2.10106	NA	0.03899	0.224	0.43612	NA	NA	NA	NA	NA	NA	NA	0.06813	NA	3.42817	33.28725	NA	NA	1.78574	6.02217	NA	2.73036	0.51394	0.06273	0.1389	NA	NA	NA	NA	0.28678	NA	0.03207
GH5_2	41.56959	88.66711	88.73113	75.81972	25.99956	18.87052	1.56682	10.1674	29.01592	108.68216	91.64551	53.71023	73.79883	41.77346	48.65472	69.57997	56.29022	28.41134	72.05681	47.63936	69.89321	86.31421	86.94049	152.04208	105.27936	60.35255	7.71375	10.57916	84.18165	94.68527	13.63216	55.21169	59.8191	25.67935	15.37173	43.55637	125.35297	56.61314	35.55155	45.62262	72.5801	130.13695	97.68254	30.72998	326.16767	349.65784	72.14224	59.87276	107.68878	80.19941	33.10627	109.18688	75.65507	77.29454	62.95445	92.36279	63.93215	267.51265	190.62367	2.57594	7.76686	21.80717	37.26743	197.93661	305.77616	50.03786	37.25612	111.42044	26.1738	25.85655	75.4688	88.30629	51.10635	50.9945	8.51535	19.16213	53.76181	43.43997	66.46987	18.87284	15.70394	34.27014	45.47158	4.18244	10.25931	74.58938	92.35752	43.16352	57.01833	47.58429	116.14802	141.1876	267.94909	37.75112	80.6026	89.53654	67.86184	29.23501	29.63877	5.45049	30.55402	50.91611	38.34793	29.67907	21.99764	40.85687	20.39356	13.26316	7.65874	10.5375	121.90039	63.38564	80.55999	73.2862	38.91753	33.95767	51.71535	106.59931	115.93688	79.61803	56.97126	40.97123	44.00756	41.20261	13.63864	43.92296	37.51578	166.58456	93.4701	260.60258	247.04835	124.23686	85.7074	48.45094	122.16237	68.36548	8.09236	65.09088	51.81623	77.05104	138.30918	44.75509	35.32156	12.74388	23.68544	81.61411	53.9904	118.23102	122.58001	1.18073	25.04781	64.26818	103.61794	12.703	26.07282	43.42242	45.48728	19.38173	81.65753	96.08401	26.81737	58.80991	123.17711	48.54683	57.11054	51.6221	132.22074	38.89375	46.28565	8.47515	10.09965	50.32301	15.45494	50.62449	39.4867	36.72079	87.19465	59.90376	144.76595	10.08847	156.40179	215.89921	24.92686	54.1055	9.61007	75.32187	47.22753	43.41209	37.85654	5.51551	23.96921	54.37763	51.19838	5.14104	17.04791	86.99362	112.66273	40.43675	292.39405	410.73922
GH5_21	178.48944	8.8036	21.18852	18.06885	185.21154	199.99964	0.49049	4.04077	27.50234	23.66007	3.3824	23.78125	9.76896	18.81228	18.68992	96.79719	145.26735	13.14654	28.97135	16.7198	33.44074	7.84837	7.41204	7.41644	38.98635	30.81066	358.1614	376.20026	9.7445	14.96698	1.35186	0.91671	43.5048	42.2392	57.19071	11.99827	12.88629	8.51668	3.75653	2.90818	34.90883	11.85638	15.27606	211.80498	412.32605	490.14971	10.38971	5.88732	36.78039	23.72602	15.61833	107.62575	3.12805	9.37188	47.54094	14.95566	16.60256	246.80102	176.41452	45.05419	0.05779	1.17679	0.53412	312.97221	526.66701	35.30833	24.70804	5.63815	19.26171	32.28081	49.45719	23.22814	73.12681	23.90244	15.66436	64.04867	2.95302	6.13376	4.23525	1.70109	0.87187	95.21507	56.49989	289.39261	244.62451	8.0003	1.59553	4.87815	3.57468	5.23001	279.89209	367.70206	382.03101	NA	48.77663	322.93897	53.21203	47.77208	31.86042	293.46007	143.74528	5.13056	27.01494	35.06113	15.7593	264.6641	319.17363	155.41392	149.56434	46.4037	17.33434	5.0688	14.42493	16.46833	10.39759	6.14743	0.79569	4.0961	171.31398	75.53788	25.94807	15.75388	14.37486	19.91424	54.67091	5.31683	7.07228	14.60278	28.41768	370.74216	374.61485	23.56254	2.88869	15.91331	11.7413	54.99019	1.15558	12.39006	2.23656	5.36507	12.78514	14.68987	2.46355	0.06168	NA	43.92476	84.80315	36.35731	49.6673	275.94518	229.51817	12.98522	15.4915	2.97078	13.90574	23.38174	16.83787	102.05127	31.62668	39.59718	13.88763	14.12239	9.60963	13.60845	1.66152	197.86399	269.6051	48.84693	10.59659	59.72966	66.47534	8.38474	7.9808	15.95317	42.04795	13.56455	254.07587	130.21815	2.31907	2.81573	2.25729	18.72216	7.078	23.96217	170.41078	287.89586	12.29409	0.0501	NA	74.46236	64.64485	15.30697	37.58646	219.14837	215.87707	277.77077	278.3507	10.00981	370.89255	517.8644
GH5_22	0.06152	0.22468	0.36289	0.41123	NA	0.09442	0.60078	1.05258	NA	0.12137	0.11992	NA	NA	0.30703	NA	9.67728	0.8348	NA	0.07325	6.52053	NA	0.089	0.06152	NA	0.63399	1.18205	NA	NA	0.20865	0.0782	0.09879	0.13375	0.31103	0.33535	0.22523	0.30414	0.15127	0.36192	0.57432	0.03296	0.13166	NA	0.19946	0.03146	NA	0.03219	0.07233	0.44511	NA	0.17501	4.77028	1.96682	0.13869	0.14956	0.14785	0.19583	0.0926	NA	NA	0.30469	0.79667	0.63773	0.0318	0.06316	0.03834	NA	0.12339	0.06813	0.24009	0.20002	0.04199	0.17538	0.05797	0.10688	NA	NA	0.08296	0.08688	NA	NA	0.28229	0.14455	0.22438	0.1786	0.16229	0.06543	0.24027	NA	NA	0.03274	0.0392	0.0711	NA	4.95413	0.18805	NA	0.03711	NA	0.39128	0.04857	0.48659	0.08495	0.47499	1.22717	0.09713	0.15289	0.60314	0.05754	0.0565	0.04686	0.0491	NA	0.20163	0.60969	NA	NA	0.76812	0.13274	0.04414	NA	0.06128	0.96905	1.01958	0.09651	NA	NA	0.3846	0.13146	0.93442	NA	NA	0.19933	NA	NA	0.77452	0.64881	NA	0.40864	0.02688	0.02467	NA	0.08579	0.04482	NA	NA	0.14068	0.13579	0.11477	0.15787	NA	0.05736	NA	0.22845	0.06352	NA	NA	NA	0.09467	0.10404	0.46649	0.45895	0.13061	NA	0.2507	1.45009	0.02837	0.09353	0.56538	0.10699	0.07523	0.39762	0.49165	0.85442	2.24533	4.22218	2.07438	NA	0.56688	NA	0.08907	NA	0.13654	NA	0.22846	0.03168	NA	0.12055	0.75729	NA	NA	NA	1.65139	0.20711	NA	NA	NA	0.06329	NA	NA	NA
GH5_25	NA	NA	28.27234	11.01169	NA	0.09105	NA	NA	5.44674	34.58497	15.78734	0.25441	NA	NA	NA	1.91591	5.77456	0.16145	3.12789	2.42984	0.30842	33.20122	0.64916	0.54584	48.27486	8.76398	NA	0.08937	NA	0.20501	NA	NA	3.53563	NA	0.08044	0.06862	0.09151	0.21283	0.43405	NA	0.49378	NA	NA	0.43953	NA	0.06485	0.22564	1.25674	0.2832	NA	0.70744	0.34754	1.83676	1.56441	0.12495	0.56506	0.33019	1.59421	1.74327	0.29842	NA	4.61901	3.66413	4.83692	NA	0.34492	NA	4.38682	1.9825	2.93532	0.35603	2.08923	1.05194	0.30983	0.07047	2.24805	0.44918	4.33897	0.03509	NA	NA	0.38542	0.18529	NA	0.3676	26.15483	41.45523	1.60435	1.14802	1.03013	NA	NA	0.26439	NA	15.0557	0.76627	NA	0.08127	0.34301	NA	NA	5.41859	1.43776	13.03934	6.33852	0.73147	1.49159	0.08756	0.4695	NA	NA	NA	1.78733	6.73764	0.25409	3.34523	NA	NA	1.76799	3.14995	NA	NA	NA	0.90969	3.42597	NA	NA	NA	NA	0.08423	0.17236	0.06408	0.03579	0.02869	90.95675	31.98806	0.03388	2.42864	20.74333	24.94249	1.46371	32.72722	4.19823	NA	0.07998	0.22026	0.08338	56.67031	49.78217	NA	NA	8.94001	19.29199	7.88406	NA	NA	10.22941	0.3825	0.03551	NA	NA	NA	8.82736	19.75113	NA	0.05972	4.44195	0.33699	1.30487	NA	NA	NA	0.04389	NA	NA	NA	NA	0.40574	98.45554	NA	70.13234	0.06321	3.29234	16.77795	0.50376	NA	2.69196	NA	NA	NA	NA	NA	0.03802	0.11579	NA	NA	NA	6.36248	0.90599	NA
GH5_26	NA	NA	0.76828	0.22108	0.07142	NA	NA	NA	0.14278	0.12494	NA	NA	NA	NA	NA	NA	NA	NA	NA	1.04317	0.22354	NA	0.07012	NA	NA	NA	NA	NA	0.07634	NA	NA	NA	NA	0.07437	NA	0.04153	0.03693	NA	NA	0.0338	0.47487	0.24563	0.368	NA	0.13469	NA	NA	0.05058	NA	NA	NA	NA	0.03569	0.06993	0.09164	0.10189	0.22242	NA	0.03643	NA	NA	0.17833	NA	0.12507	NA	0.02993	NA	NA	NA	NA	NA	NA	NA	NA	NA	NA	NA	NA	NA	0.06723	NA	NA	NA	NA	NA	0.06992	0.29688	NA	NA	NA	0.28245	0.15139	NA	NA	NA	NA	NA	NA	NA	NA	NA	NA	NA	NA	NA	NA	NA	NA	0.04113	NA	NA	NA	NA	NA	NA	NA	NA	0.03416	NA	0.1536	NA	0.10744	NA	NA	0.15059	NA	NA	0.10493	0.6362	NA	NA	NA	0.31505	0.52301	NA	NA	NA	0.08618	0.15435	0.15725	NA	NA	NA	NA	NA	NA	NA	1.06216	2.75261	NA	NA	NA	NA	NA	0.04044	NA	NA	0.69849	0.07206	0.06929	NA	NA	0.82347	NA	NA	NA	NA	0.09065	NA	NA	NA	NA	0.05313	0.03677	NA	NA	NA	0.03611	0.33145	NA	0.04138	0.15163	NA	0.08016	NA	NA	NA	NA	NA	NA	NA	0.07621	0.04219	NA	NA	NA	NA	NA	0.07237	NA
GH5_36	NA	NA	NA	NA	NA	NA	NA	NA	NA	NA	NA	0.2765	NA	NA	NA	NA	NA	0.07331	NA	NA	NA	NA	NA	NA	NA	NA	NA	NA	NA	NA	NA	NA	NA	NA	NA	NA	NA	NA	NA	NA	NA	NA	NA	NA	NA	NA	NA	NA	NA	NA	NA	NA	NA	NA	NA	0.6224	0.33713	NA	NA	NA	0.1317	NA	NA	NA	NA	NA	NA	NA	NA	NA	NA	NA	NA	NA	NA	NA	NA	NA	NA	NA	NA	NA	NA	NA	NA	NA	NA	NA	NA	NA	NA	NA	0.24642	NA	NA	NA	NA	NA	NA	NA	0.14158	NA	NA	NA	NA	0.03788	0.25947	NA	NA	NA	NA	NA	NA	NA	NA	NA	NA	0.0659	NA	NA	NA	NA	NA	NA	NA	NA	NA	NA	NA	NA	NA	NA	NA	NA	NA	NA	NA	NA	4.16118	6.12274	NA	NA	NA	NA	NA	NA	NA	NA	NA	NA	NA	NA	NA	NA	NA	NA	NA	NA	0.20277	NA	NA	NA	NA	0.09233	NA	NA	NA	0.28509	NA	NA	NA	NA	NA	0.11564	0.12198	NA	NA	NA	NA	NA	NA	NA	NA	NA	NA	NA	NA	NA	NA	NA	NA	NA	NA	NA	0.03038	NA	NA	NA	NA	NA
GH5_37	18.20221	21.44857	18.14265	2.63166	2.15478	0.71456	0.02754	0.18345	0.64245	5.25889	11.32906	4.81293	8.93635	2.89957	2.17401	9.54734	4.6083	11.37018	15.61982	0.04999	10.4166	16.27472	0.06692	0.72537	10.20236	1.95215	0.16377	0.11526	26.06114	17.61417	0.27586	2.21141	9.43042	1.50129	0.46891	1.62385	31.61803	1.71212	1.61729	0.15852	5.49531	12.84977	9.98125	7.86442	0.06455	0.06206	17.85572	5.07687	36.78151	12.88575	3.66749	9.997	2.47543	6.08771	1.08451	11.81618	8.5266	3.65808	13.53479	NA	NA	3.27037	4.67839	3.18516	0.0378	2.87418	3.89585	6.21799	0.10309	0.18475	2.29502	3.471	15.56871	10.67809	1.01945	0.64616	4.99304	0.35256	3.72456	1.44815	0.15042	0.16689	0.03385	0.40733	1.93738	8.26192	6.00593	10.94837	3.56874	5.75695	3.04334	4.52452	4.28491	NA	14.32906	1.48804	0.33508	0.26703	0.16529	0.19677	8.17317	28.50975	2.08113	NA	0.05781	8.76086	2.90868	0.02826	1.62315	0.08893	0.54491	1.12177	17.08919	12.06855	3.06346	0.84798	0.20651	3.33872	0.56744	2.37984	2.23797	NA	0.0322	0.23186	NA	0.38005	4.26534	3.81458	NA	1.10731	9.39376	0.4167	2.65094	0.32355	0.09765	1.27654	0.14998	3.29496	1.90928	7.43979	3.47461	NA	10.2282	0.02764	0.02824	13.98998	11.84533	0.14558	0.05921	NA	4.83256	2.25257	9.43208	1.33663	0.96169	0.69038	16.6296	4.02108	39.31455	19.33127	NA	3.82114	0.73792	1.66481	1.74262	0.79334	6.1975	0.10878	1.98677	NA	NA	0.23519	NA	NA	0.10087	0.34997	0.03205	2.4748	1.42348	0.41542	1.20633	19.67875	10.54776	11.20449	0.34964	0.06514	11.14746	0.19408	1.95738	16.07062	4.02448	38.73307	19.73756	1.04306	0.92398	2.58897	3.4694	0.66831	2.10305	0.18701
GH5_38	1.70122	71.21715	14.40478	5.26423	NA	9.50584	NA	3.2897	0.03947	0.51805	63.82786	0.07235	NA	0.71785	0.38832	5.95638	9.62705	3.78834	11.36674	0.40444	0.15742	27.21903	1.67519	0.07202	0.03481	NA	0.06209	0.07369	2.19844	1.18014	89.05083	36.50015	34.37039	0.06568	0.28774	2.42647	2.50297	59.99409	78.19679	0.53621	10.30395	3.1458	2.99656	17.93708	9.70477	22.3914	1.62145	1.05532	0.98568	1.56678	2.82156	1.13155	1.86677	4.59354	7.90296	0.08998	0.08247	10.95146	37.507	88.0359	NA	170.11596	143.67853	1.77065	0.03475	0.52536	1.72015	3.0337	NA	NA	2.77595	11.38347	2.79352	0.21183	NA	NA	0.15463	95.48653	123.17272	53.52688	57.10933	1.4611	0.95615	0.91499	1.20136	0.05798	0.39902	NA	35.03748	52.91909	1.18022	0.471	2.39269	NA	0.14344	0.17989	0.57624	1.10048	1.67478	2.65413	7.78341	0.84799	0.69211	0.08903	32.03696	0.6636	1.23627	16.55296	13.80062	0.67727	0.36225	0.13723	6.32612	2.63147	2.64934	3.74761	0.03452	0.15064	0.59281	5.75339	3.62091	0.56809	0.18902	1.7479	3.10662	NA	0.24773	0.8083	5.70222	0.54916	2.22855	1.004	0.35935	0.42822	NA	NA	22.51614	77.47374	4.87561	7.99162	1.13791	1.35573	92.75343	0.02648	NA	3.69064	1.39299	1.21608	2.45945	0.15697	0.41687	1.25837	2.23048	134.02264	0.05948	0.13113	0.3201	2.25999	0.09525	NA	5.37248	NA	1.03793	1.15538	0.35937	0.51797	0.05748	2.83849	NA	7.38851	4.2241	60.9973	109.45167	44.63457	65.13331	12.32865	1.07382	1.97583	17.48492	NA	44.18342	130.5888	0.04153	NA	0.85861	1.59599	1.75252	NA	NA	NA	NA	0.3407	0.69135	0.06393	2.04539	0.66464	0.31606	94.64099	0.06176	0.11462
GH5_4	229.16621	158.67267	100.90377	61.09508	11.77469	15.22162	9.79165	11.07858	158.53152	224.01106	167.15572	203.85087	219.84168	46.00345	59.9112	272.95292	450.36503	33.11277	61.57721	47.03401	77.90742	185.69364	49.79398	60.51634	184.32023	37.16487	670.82947	808.13794	138.34676	123.75782	93.98144	77.46696	228.13002	8.56161	9.39408	42.64914	161.33834	69.4564	84.52613	7.20789	67.95774	93.7139	98.52611	779.16502	537.92384	542.82886	108.42442	25.55485	87.10344	76.39299	19.93865	181.24996	54.02716	60.53841	52.76065	81.85548	56.5317	593.9017	471.47228	57.8404	22.96412	180.75717	151.48821	483.03221	775.88452	40.97739	55.19466	38.81579	26.42029	28.77511	56.79435	58.2718	94.76268	105.44991	3.9054	15.78924	71.74914	133.74552	168.67693	67.1139	65.46554	21.77503	30.25532	794.57804	782.73144	109.30996	142.3562	68.49482	52.73662	85.88756	523.72017	685.83523	645.86266	103.33462	96.42533	477.56673	68.47988	33.2422	36.05479	729.3055	297.50555	16.26038	45.69055	75.73758	58.00113	506.08244	622.52688	606.34348	661.69317	18.67628	85.37067	82.31147	82.18954	60.26414	113.59859	110.35106	132.07119	116.28731	276.28459	128.28688	32.97517	43.69354	53.26032	9.35406	17.8955	11.15022	21.18564	270.37934	184.18353	621.53837	577.01878	61.86039	30.20434	26.39638	148.11571	64.59454	23.11188	171.92465	41.77069	83.248	19.40912	123.09892	138.09802	15.7233	54.43362	149.29235	89.29044	90.09136	76.25887	987.07159	913.98571	60.50348	100.34243	159.23888	29.62279	51.24985	23.88335	10.46827	189.83663	73.59227	24.20288	45.0347	158.75487	49.07643	56.29575	755.22266	681.64207	94.12937	49.78879	8.40646	13.08674	94.1615	122.12534	77.37556	80.30808	151.49267	253.54849	136.36818	276.67545	3.4766	251.25545	215.23737	55.46966	61.07873	336.58148	747.13332	65.90669	12.56303	10.76844	69.16221	68.92598	313.77685	211.02189	464.9173	686.24931	614.22845	611.5423	115.73974	754.78152	1007.83374
GH5_41	0.49036	NA	NA	0.06358	0.74679	0.45223	0.89842	NA	NA	NA	3.54523	0.62074	NA	8.22623	NA	0.1542	0.28311	9.74093	NA	0.1476	0.31768	NA	0.08801	NA	0.04137	NA	16.0001	1.05812	NA	NA	0.16882	NA	NA	NA	NA	NA	NA	NA	0.39641	1.43709	NA	0.25697	NA	NA	0.05145	NA	NA	0.35486	NA	NA	NA	NA	NA	NA	NA	NA	NA	NA	NA	8.61347	8.82834	NA	NA	NA	NA	NA	6.83316	0.10756	0.40014	0.273	1.89568	0.2831	0.19057	NA	6.57008	NA	0.69882	NA	NA	125.93355	97.91006	0.08725	0.19182	NA	0.17214	2.49664	0.04361	NA	2.31705	NA	NA	0.68032	NA	0.75748	0.19348	NA	NA	0.18058	15.1217	4.24409	NA	0.16917	0.12231	3.15155	NA	NA	1.40871	NA	NA	0.40076	0.56957	NA	NA	NA	0.05327	NA	0.32446	NA	NA	NA	0.14199	0.07494	NA	NA	0.15585	0.15214	NA	0.02503	NA	NA	NA	1.86051	NA	NA	NA	NA	0.48959	0.3833	NA	NA	NA	NA	0.04985	NA	0.26483	0.11281	NA	0.81228	NA	0.03079	NA	NA	0.43861	NA	0.88719	17.30038	0.79523	NA	NA	NA	NA	NA	NA	0.59607	0.52518	NA	0.03372	NA	NA	NA	0.06068	NA	NA	0.69186	NA	0.08067	0.81565	NA	1.59759	NA	1.36681	NA	NA	NA	0.45071	0.18979	NA	NA	NA	0.73906	NA	NA	NA	NA	NA	0.43863	0.13535	NA	0.04387	NA
GH5_44	7.09448	1.21496	2.11555	6.61536	2.13316	0.65687	1.65461	1.4248	1.71007	3.21259	3.7476	10.0232	2.68885	1.15228	9.79651	1.31871	0.78822	5.52235	1.51293	3.63832	13.83583	1.14405	10.01543	23.95926	2.31861	2.53536	0.13632	0.77614	3.24432	1.66768	0.36267	1.48633	2.21637	49.30335	22.31612	13.51804	7.71222	1.58642	1.65235	16.80096	0.94265	4.583	3.09282	3.89442	0.28481	0.17546	5.79549	15.78427	7.18911	1.34491	5.54597	9.81542	5.3275	1.15006	3.44336	4.66527	1.70016	4.11667	7.76415	0.98264	13.25735	4.76904	7.1668	10.13552	8.43566	1.14695	1.8001	1.27044	1.84307	2.03539	20.19976	14.98565	0.41272	2.67271	5.24996	2.105	2.79112	5.54143	1.36233	0.24849	0.17161	1.10352	3.13955	0.2165	1.48507	2.26136	1.29042	4.15193	50.97794	3.3975	1.0163	0.32639	0.2888	46.56038	0.25919	0.13409	2.21032	0.24588	3.20021	1.49975	0.24061	5.12606	1.466	0.11755	3.09808	5.90972	1.05716	0.74507	0.65822	1.15215	1.87371	1.21611	1.93614	7.20279	8.35583	2.11752	17.71647	30.40229	2.27492	3.88294	14.4951	4.25028	3.52635	1.67317	2.86767	2.04338	4.29328	5.59249	5.92896	27.06636	1.68458	9.14218	19.38583	4.24053	1.63741	1.00742	219.94276	0.7157	4.63437	14.44565	24.4358	2.57819	9.90112	2.17809	2.83629	7.05031	3.35321	1.55589	1.09787	1.42393	0.67309	13.97899	4.29452	3.3321	2.02269	0.64076	22.45669	5.45213	4.40681	2.76884	21.05385	1.95092	2.09578	8.30123	1.05593	0.05138	4.13256	2.98269	5.607	1.2353	0.65119	1.20789	1.07025	1.15684	8.01278	4.55546	0.13409	0.17027	2.52697	4.0373	2.50486	0.53858	22.07533	56.15366	1.72006	0.32735	5.47458	9.78195	4.65179	2.79822	0.63585	8.85386	2.37856	0.68828	0.75231	0.51841	0.40184	9.73007	0.52761	0.28273
GH5_46	0.19184	34.46924	31.9421	14.45401	6.63377	10.12217	0.58942	3.32041	4.82938	36.8896	37.29578	23.02931	21.83139	22.11639	13.59349	4.08551	8.77771	7.98078	10.35278	26.55341	22.24701	35.31665	45.95319	54.98839	43.17754	11.29533	3.58238	5.56216	21.86058	45.48443	6.07578	31.13337	10.70833	5.40249	7.37872	20.26495	28.33708	15.8699	26.44387	2.81825	23.86492	30.276	32.17792	1.64509	4.90023	7.48189	13.77655	7.49447	10.43324	5.33477	2.29062	12.11982	53.98696	54.52188	23.91584	10.68775	12.21301	1.87272	10.03419	1.66391	0.03019	4.10982	4.06375	12.11879	0.11411	23.46793	25.29296	8.66767	3.83774	4.51454	13.17611	10.06584	28.17636	41.58652	2.88835	8.65479	24.65835	37.98405	54.93526	19.13562	11.75786	23.76849	51.72378	0.65699	1.19386	27.11228	43.32594	12.32989	8.34635	14.23648	5.72046	5.01533	9.91868	NA	24.63669	0.86279	48.88499	34.03146	20.25557	0.78703	9.14992	3.45654	11.3614	13.36422	12.25622	9.52103	7.6658	6.51328	6.12729	5.8261	72.24232	52.05687	28.22084	40.99948	12.58	22.88859	30.80579	46.43165	1.73464	6.3941	24.01396	15.20893	13.94436	4.11989	5.95757	2.62974	3.70251	101.77206	48.23912	2.73849	1.70802	54.27044	11.05874	6.79959	89.77552	33.1393	1.39126	43.94664	30.11142	41.96338	1.94237	29.68339	4.63739	14.19351	32.28462	13.52341	14.15507	55.43972	49.94867	0.03189	0.85461	31.20343	40.72012	10.29208	12.0934	25.26511	9.16256	4.51078	10.60378	11.41082	5.80227	23.8595	80.52445	25.85999	0.32636	11.51598	10.40897	29.6771	14.08017	4.5884	8.48242	43.40671	6.37675	40.01551	NA	0.04455	0.46165	1.93513	89.27291	0.23736	75.96666	46.87055	8.75618	24.26616	3.73964	1.29716	12.27209	NA	NA	NA	0.11681	17.26624	23.46295	0.46226	1.26074	1.31569	0.82391	7.48652	7.69584	2.49289
GH5_48	NA	NA	NA	NA	NA	NA	NA	NA	NA	NA	NA	NA	NA	NA	NA	NA	NA	NA	NA	NA	NA	NA	NA	NA	NA	NA	NA	NA	NA	NA	NA	NA	NA	NA	NA	NA	NA	NA	NA	NA	NA	NA	NA	NA	NA	NA	NA	NA	NA	NA	NA	NA	NA	NA	NA	NA	NA	NA	NA	NA	NA	NA	NA	NA	NA	NA	NA	NA	NA	NA	NA	NA	NA	NA	NA	NA	NA	NA	NA	NA	NA	NA	NA	NA	NA	0.06425	NA	NA	NA	NA	NA	NA	NA	NA	NA	NA	NA	NA	NA	NA	NA	NA	NA	NA	NA	NA	NA	NA	NA	NA	NA	NA	NA	NA	NA	NA	NA	NA	NA	NA	NA	NA	NA	NA	NA	NA	NA	NA	NA	NA	NA	NA	NA	NA	NA	NA	NA	NA	NA	NA	NA	NA	NA	NA	NA	NA	NA	NA	NA	NA	NA	0.43363	NA	NA	NA	NA	NA	NA	NA	NA	NA	NA	NA	NA	NA	NA	NA	NA	NA	NA	NA	NA	NA	NA	NA	NA	NA	NA	NA	NA	NA	NA	NA	NA	NA	NA	NA	NA	NA	NA	NA	NA	NA	NA	NA	NA	NA	NA	NA	NA
GH5_49	NA	NA	NA	NA	NA	NA	NA	NA	NA	NA	NA	NA	NA	NA	NA	NA	NA	NA	NA	NA	NA	NA	NA	NA	NA	NA	NA	NA	NA	NA	NA	NA	NA	NA	NA	NA	NA	NA	NA	NA	NA	NA	NA	NA	NA	NA	NA	NA	NA	NA	NA	NA	NA	NA	NA	NA	NA	NA	NA	NA	NA	NA	NA	NA	NA	NA	NA	NA	NA	NA	NA	NA	NA	NA	NA	NA	NA	NA	NA	NA	NA	NA	NA	NA	NA	NA	NA	NA	NA	NA	NA	NA	NA	NA	NA	NA	NA	NA	NA	NA	NA	NA	NA	NA	NA	0.05136	NA	NA	NA	NA	NA	NA	NA	NA	NA	NA	NA	NA	NA	NA	NA	NA	NA	NA	NA	NA	NA	NA	NA	NA	NA	NA	NA	NA	NA	NA	NA	NA	NA	NA	NA	NA	NA	NA	NA	NA	NA	NA	NA	NA	NA	NA	NA	NA	NA	NA	NA	NA	NA	NA	NA	NA	NA	NA	NA	NA	NA	NA	NA	NA	NA	NA	NA	NA	NA	NA	NA	NA	NA	NA	NA	NA	NA	NA	NA	NA	NA	NA	NA	NA	NA	NA	NA	NA	NA	NA	NA	NA	NA	NA
GH5_5	7.42404	2.49546	38.32846	29.78275	1.01188	0.17736	12.66058	11.45454	17.70808	10.41297	12.68348	15.11685	7.03254	1.11261	1.02442	13.77189	41.13195	9.74766	63.69526	25.11779	5.30042	27.73504	76.59956	166.0304	13.81862	9.943	2.83994	4.35591	11.01969	3.48509	6.38889	4.93712	12.57006	29.82774	18.58489	16.00525	11.70356	11.83398	7.84285	0.76365	4.60441	3.89051	10.98928	3.38098	5.54607	3.35302	4.14763	8.25227	9.82005	8.89043	2.92515	2.93358	1.11435	2.03164	23.58982	8.14801	11.89881	0.82373	1.35815	5.39266	NA	6.24187	4.68045	34.14941	34.41751	7.98405	1.57873	138.82108	34.60621	27.66812	4.28228	6.18799	15.98678	5.23229	0.35185	2.53069	3.41554	13.37877	11.33358	2.20315	1.72287	3.9556	3.35783	0.60434	1.86037	12.75292	13.22099	1.35239	27.50769	33.13032	4.15884	2.64651	3.71094	NA	36.43483	6.19826	21.77387	4.62558	0.81027	1.79086	2.84633	2.58117	18.70631	5.68796	6.82626	6.17431	2.68076	1.4818	3.33575	2.84431	47.71593	7.58895	2.86136	2.59109	1.22845	1.63974	6.16812	6.34822	3.40042	20.25941	6.09841	31.6468	27.96267	2.98491	5.89731	2.80787	18.54069	26.84714	55.75039	35.29622	33.59969	11.54783	8.16379	21.90527	NA	NA	0.16305	3.46642	4.13371	4.13159	12.5394	7.1471	0.4331	2.7762	0.94972	12.64749	7.46937	89.92038	111.8661	NA	1.33597	0.75134	33.96485	1.07949	9.01455	23.44582	4.09952	11.88472	3.13024	8.23283	36.9727	45.14926	3.13076	18.21746	0.43852	2.49855	6.8938	0.09816	0.1358	NA	0.03817	2.42973	1.24629	7.73126	92.158	22.0994	1.32099	11.04914	29.31668	NA	81.36533	261.48114	1.84116	5.6892	2.22301	1.41155	5.37277	0.08555	0.23176	NA	0.27431	6.02649	26.60349	0.76813	1.52215	16.03919	29.28675	4.66179	4.33896	2.54683
GH5_54	0.18182	0.13416	0.18912	NA	NA	0.0621	0.03019	0.12588	0.19916	0.4357	0.12427	0.94433	0.20344	0.10816	0.65075	0.19425	2.4279	0.20127	0.6693	NA	0.11134	0.25741	NA	NA	0.16954	NA	NA	NA	0.96038	0.56214	NA	4.66606	NA	0.23342	NA	0.03533	0.19042	0.14333	0.11724	NA	0.10672	NA	0.66013	0.03388	NA	NA	NA	0.0409	0.13921	0.60094	0.15877	0.23376	0.03734	0.21563	0.37682	0.52128	0.0645	NA	0.36613	NA	0.35255	NA	NA	0.10641	NA	NA	0.25484	NA	NA	NA	NA	0.19443	NA	NA	NA	NA	NA	NA	0.0359	NA	NA	NA	NA	0.07699	0.21536	NA	0.48783	NA	0.20813	NA	0.21106	0.1501	0.08643	2.07042	0.35145	NA	NA	NA	NA	NA	0.21804	NA	0.36605	0.13789	0.03169	0.18213	0.07036	NA	NA	NA	0.11368	0.04781	0.35173	0.14882	0.49554	NA	0.24619	0.07147	NA	0.21106	0.03547	0.03747	NA	NA	NA	NA	NA	0.05005	NA	NA	0.16872	0.09833	0.1831	0.11347	0.07011	1.6611	NA	0.03666	NA	0.17537	NA	NA	0.03413	NA	NA	0.07521	NA	0.06506	0.15983	NA	0.05674	NA	0.07	NA	0.17465	0.21709	NA	NA	NA	NA	NA	0.37519	0.19694	0.20598	NA	NA	0.30244	NA	NA	NA	NA	0.14915	NA	0.19347	NA	0.65215	NA	NA	0.12876	NA	0.14516	NA	NA	0.07029	NA	NA	0.12023	0.25664	0.64492	0.55787	NA	0.56107	0.21756	NA	0.29658	NA	NA	0.26506	NA	NA
GH5_7	10.19262	40.40845	55.46485	26.42017	6.66479	10.15177	25.71411	15.09356	62.87213	70.50768	49.05553	67.59686	43.20263	25.20361	14.98368	58.63137	96.599	11.49716	11.42009	24.86666	25.55659	48.23767	46.78857	56.40493	63.53862	20.18972	173.14346	195.7808	23.26314	40.04376	7.01363	21.27538	56.24326	7.39439	6.64651	22.52969	45.77942	27.45446	26.96594	2.80068	28.7576	35.0708	42.93284	194.87609	193.62554	231.39182	39.04477	13.93264	63.27677	51.23981	9.19402	62.65012	45.36701	63.49466	56.09938	23.90439	34.08855	176.2622	122.9576	42.63115	65.77763	4.27139	3.47976	156.168	228.37004	32.81145	26.23864	23.31032	NA	9.51111	68.68239	55.95879	32.87099	68.44299	1.67977	9.56481	26.75847	31.75355	48.65632	10.10171	10.14212	26.36683	53.94281	164.44127	174.83282	25.83315	40.22173	16.61566	19.06511	53.5455	109.47162	121.21843	193.11412	NA	49.10572	87.89989	59.37668	43.43083	19.23261	155.38181	73.55644	15.58103	29.07483	12.29001	61.59285	135.14168	162.08781	147.94166	172.79321	7.16831	94.37768	67.89654	29.58067	22.32298	12.08002	16.29943	59.81733	51.59005	77.25297	40.71859	44.0077	21.02529	23.34397	6.85064	7.21372	6.66764	10.28277	135.33333	87.09723	188.2098	176.58845	67.65119	22.8468	13.96209	147.6835	129.65528	1.66955	49.77156	23.26341	44.86586	9.41019	65.39384	8.33278	5.44141	10.95244	34.30836	39.5314	70.01248	54.68348	238.88904	222.2741	42.94436	47.74652	8.2469	11.82003	16.76689	10.15455	17.45288	39.40237	16.8317	29.63728	42.94809	76.0536	20.70608	51.99736	188.60022	162.92659	24.58445	11.92103	18.17814	13.88246	33.61033	7.12862	51.20141	59.65695	5.28686	67.82149	34.30826	94.9727	5.25921	77.34859	52.87288	19.65446	32.45905	64.25717	101.72291	46.76065	24.64915	48.01186	78.90249	136.4781	13.94379	26.8327	96.84587	150.1295	94.88633	106.75418	20.03555	158.84973	205.69211
GH5_8	3.29196	2.77669	NA	NA	NA	NA	NA	0.48983	2.02435	2.8903	5.23464	2.89793	4.08104	2.91165	2.01029	3.1352	NA	0.11624	0.1688	0.25463	0.5805	16.59316	NA	NA	21.54269	1.52505	NA	NA	21.40431	7.46347	NA	0.876	0.92533	NA	NA	0.07794	9.47829	NA	NA	NA	1.78893	2.47777	5.63184	3.84217	NA	NA	12.41249	0.14238	2.73733	6.38129	0.15572	NA	10.42762	4.43531	NA	2.96268	3.03739	NA	1.90297	NA	NA	1.55699	1.4966	NA	NA	0.0335	2.47249	2.221	NA	NA	0.14516	0.10402	6.43967	0.47638	NA	NA	3.41582	NA	NA	0.45154	NA	NA	NA	NA	NA	0.22175	0.19334	6.81028	2.24382	0.44782	1.65304	5.32111	NA	NA	NA	0.03776	NA	NA	0.11388	0.02798	0.59562	NA	0.69628	0.07377	NA	NA	NA	NA	NA	0.03818	NA	NA	7.65481	0.30348	0.34301	1.40146	NA	0.17844	NA	0.05731	7.74297	NA	NA	NA	NA	0.04036	NA	NA	NA	NA	2.85307	NA	0.26122	0.1746	NA	NA	NA	0.40429	4.48919	0.57791	NA	NA	1.02862	NA	NA	12.50752	1.64291	NA	NA	NA	NA	5.56084	5.91118	0.35993	NA	NA	0.12533	0.42646	29.68897	10.06743	NA	NA	NA	1.96512	NA	NA	3.98781	NA	NA	NA	NA	NA	0.69307	NA	0.1941	NA	NA	0.03374	0.34442	0.2335	0.50478	7.13966	0.7917	2.26891	NA	NA	6.45326	0.10984	NA	NA	NA	2.07364	1.86044	NA	NA	0.8729	0.61457	4.74018	0.40506	NA
GH5_9	NA	NA	NA	NA	NA	NA	NA	NA	NA	NA	NA	NA	NA	NA	NA	NA	NA	NA	NA	NA	NA	NA	NA	NA	NA	NA	NA	NA	NA	NA	NA	NA	NA	NA	NA	NA	NA	NA	NA	0.12205	NA	NA	NA	NA	NA	NA	NA	NA	NA	NA	NA	NA	NA	NA	NA	NA	NA	NA	NA	NA	NA	NA	NA	NA	NA	NA	NA	NA	NA	NA	NA	NA	NA	NA	NA	NA	NA	NA	NA	NA	NA	NA	NA	NA	NA	NA	NA	NA	NA	NA	NA	NA	NA	NA	NA	NA	NA	NA	NA	NA	NA	NA	NA	NA	NA	0.18908	NA	NA	NA	NA	NA	NA	NA	NA	NA	NA	NA	NA	NA	NA	NA	NA	NA	NA	NA	NA	NA	NA	NA	NA	NA	NA	NA	NA	NA	NA	NA	NA	NA	NA	NA	NA	NA	NA	NA	NA	NA	NA	NA	NA	NA	NA	NA	NA	NA	NA	NA	NA	NA	NA	NA	NA	NA	NA	NA	NA	NA	NA	NA	NA	NA	NA	NA	NA	NA	NA	NA	NA	NA	NA	NA	NA	NA	NA	NA	NA	NA	NA	NA	NA	NA	NA	NA	NA	NA	NA	NA	NA	NA	NA
GH6	NA	NA	NA	NA	NA	NA	NA	NA	NA	NA	NA	NA	NA	NA	NA	NA	NA	NA	NA	NA	NA	NA	NA	NA	NA	NA	NA	NA	NA	NA	NA	NA	NA	NA	NA	NA	NA	NA	NA	NA	NA	NA	NA	NA	NA	NA	NA	NA	NA	NA	NA	NA	NA	NA	NA	NA	NA	NA	NA	NA	NA	NA	NA	NA	NA	NA	NA	NA	NA	NA	NA	NA	NA	NA	NA	NA	NA	NA	NA	NA	NA	NA	NA	NA	NA	NA	NA	NA	NA	NA	NA	NA	NA	NA	NA	NA	NA	NA	NA	NA	NA	NA	NA	NA	NA	NA	NA	NA	NA	NA	NA	NA	NA	NA	NA	NA	NA	NA	NA	NA	NA	NA	NA	NA	NA	NA	NA	NA	NA	NA	NA	NA	NA	NA	NA	NA	NA	NA	NA	NA	NA	NA	NA	NA	NA	NA	NA	NA	NA	NA	NA	NA	NA	NA	NA	NA	NA	NA	NA	NA	NA	NA	NA	NA	0.07667	NA	NA	NA	NA	NA	NA	NA	NA	NA	NA	0.3069	NA	NA	NA	NA	NA	NA	NA	NA	NA	NA	NA	NA	NA	NA	NA	NA	NA	NA	NA	NA	NA	NA	NA	NA
GH63	172.3768	232.46385	182.49334	154.47029	48.09997	48.88784	483.41712	437.28148	140.84931	207.75188	162.23818	127.84082	97.58873	286.75127	267.62813	83.11091	113.5114	218.97737	245.45042	338.91109	201.86221	188.27033	115.94406	44.05976	291.69044	244.57758	206.59522	283.01426	102.95099	153.9729	144.20301	176.60066	118.52901	215.11033	208.59159	245.49981	179.16942	98.11836	104.80317	117.5153	192.74726	158.02567	261.63779	182.77971	43.20032	22.37	184.59531	179.76923	107.00322	114.92944	151.06946	177.46918	135.46169	144.29897	162.96126	173.39942	204.8879	209.91563	136.10377	105.42885	189.0908	107.68832	84.81334	167.59646	11.30422	195.18365	287.23649	85.00264	54.32519	78.86404	213.32132	198.06025	277.13729	311.76333	243.14725	286.24352	253.52585	120.00153	117.83651	110.32139	119.21219	271.78416	328.9752	261.04538	280.39998	259.22639	292.99355	210.07552	55.01998	75.57058	176.24767	143.46987	35.93091	40.52026	198.68258	133.29912	273.71408	294.18774	308.37024	197.39383	123.91725	310.99741	241.28038	189.27518	223.97285	151.8738	180.00396	202.27059	192.39546	427.57186	236.56263	254.5337	130.55036	170.38565	159.0118	185.42512	98.44506	139.03692	96.82008	116.50468	169.83625	314.01977	268.82399	272.69496	301.70852	90.38658	88.59891	297.00317	168.31621	20.22681	42.30774	140.47576	213.34716	357.87898	440.42833	285.53018	30.88667	188.91512	89.03691	139.57196	163.5011	291.78483	54.90695	105.59092	148.93537	121.62678	126.17046	368.79081	319.56722	242.17949	213.8189	140.49069	185.19062	74.10254	146.09988	191.29286	157.0225	228.23432	163.36364	189.45216	187.83836	365.92075	363.71765	162.55598	100.27541	195.78683	152.26382	263.53496	264.6042	344.08952	270.15992	179.93955	105.99717	232.79406	45.8949	12.4609	74.94037	74.69904	404.97359	215.05019	341.87487	142.62644	110.34494	171.69678	89.80285	136.83885	137.37231	216.06379	307.74205	64.67526	125.9709	87.87757	137.59039	118.60782	181.45646	109.34064	129.41544	77.08654	183.36324	227.02389
GH64	0.35886	NA	0.32433	0.04491	0.19768	NA	NA	0.06996	0.30556	0.92295	0.04819	0.19736	NA	0.10653	0.56835	3.69725	11.68232	0.22986	0.41652	NA	0.29527	0.12109	NA	NA	0.12536	0.02479	NA	NA	0.69198	0.49671	NA	5.30817	0.03982	0.12085	NA	NA	0.10182	0.20977	0.17616	NA	0.11321	3.46756	4.89498	NA	0.19551	NA	NA	0.65346	0.47028	0.38981	0.23757	0.12103	NA	NA	0.10171	0.31851	0.06728	0.10859	0.0734	NA	NA	NA	NA	NA	NA	0.02313	0.18226	0.05378	NA	NA	NA	0.20206	NA	0.12982	NA	NA	0.02132	NA	NA	NA	NA	NA	NA	0.25054	0.02678	0.0262	0.11312	0.04872	0.06814	NA	0.12472	0.08774	0.15512	NA	1.08078	16.25004	0.20056	0.05798	0.27332	20.10666	20.97888	NA	0.09476	NA	NA	0.34073	0.07737	0.04577	0.02876	NA	0.02099	NA	0.21395	0.16759	0.03565	0.08856	0.06061	NA	NA	0.33339	0.0524	NA	NA	NA	NA	NA	0.15996	0.03887	NA	NA	0.20945	0.08084	0.18935	0.13419	0.02589	1.9575	0.02429	NA	0.04571	NA	NA	NA	NA	NA	NA	NA	0.20539	0.07063	0.0937	NA	0.05928	0.03039	0.18629	0.12293	0.36687	0.13637	0.05768	0.02901	NA	NA	NA	0.21992	NA	0.30892	NA	NA	0.72115	NA	NA	NA	NA	0.24707	NA	NA	0.07295	NA	NA	NA	0.07133	0.02418	0.05361	NA	0.12437	NA	0.05298	NA	0.19345	NA	NA	0.19022	NA	1.02912	0.50034	NA	0.0745	6.21344	8.17068	0.20182	NA	NA
GH65	69.11366	91.62288	139.3078	134.13558	43.55517	33.52574	242.29942	52.9096	105.26278	127.58728	114.96623	105.03576	97.46337	162.15991	187.85688	75.37695	69.61119	84.80346	137.10043	130.79255	109.31518	86.27464	92.67749	99.23917	183.00647	153.7081	44.73686	36.70032	127.46392	130.17989	85.55775	105.86634	73.44426	92.5765	116.2852	170.47867	168.54783	133.75633	109.2444	34.83316	80.35535	59.73614	66.51374	16.85107	20.29856	19.95447	68.94297	42.03213	176.95131	106.32643	89.83917	81.21719	73.19615	102.34886	127.67432	137.09571	137.90901	75.98401	92.76947	187.40047	149.63959	14.79932	14.13557	61.5966	5.99583	125.43042	160.26419	70.34973	125.57505	140.27754	155.1001	145.47809	189.02377	126.64567	94.3468	223.52686	89.22392	64.28991	94.12506	21.36926	24.71567	219.50448	178.2927	21.34821	36.49818	224.83035	191.30405	118.16797	41.22041	51.59509	91.7532	25.69474	25.15298	75.9043	135.09072	12.30628	187.196	191.88777	140.06489	10.56015	104.92337	195.00507	116.35491	68.83091	104.08602	41.3033	28.58557	25.13081	14.11026	120.30014	243.44262	187.11298	103.86039	120.97939	81.50027	85.23846	114.48036	106.35666	12.4969	83.7037	181.51618	49.56633	51.45685	139.59108	193.46587	17.63291	50.31376	219.72404	152.87908	18.68816	26.11709	218.40158	91.58228	70.55769	174.60067	154.74247	14.6362	98.04552	84.09526	174.93121	79.49012	204.65973	61.71324	29.54994	57.66352	146.87578	187.77719	131.29523	134.7959	10.57088	26.84821	101.86356	107.2321	54.93039	144.16188	142.83654	119.36611	213.53061	156.68974	128.83684	87.59227	105.732	127.01092	78.80989	173.17555	35.18468	57.0052	67.87924	71.58103	308.41722	286.85069	62.41812	24.06084	129.53115	133.54519	54.93139	7.86573	40.49705	140.17576	50.90459	114.83192	88.71254	177.15845	133.86289	56.30914	5.31427	95.02062	76.05023	100.17867	177.99236	247.96292	118.41413	167.3676	6.3612	7.29625	7.62763	10.88379	52.9417	19.16983	7.48385
GH66	96.90691	86.46019	133.18088	54.56159	10.38068	11.96228	6.33119	15.90377	124.6492	138.01175	119.44119	159.36332	97.95565	66.85907	58.61778	43.46348	61.95903	44.93166	80.28229	85.90743	64.37525	118.35138	144.14155	150.59423	119.44883	34.72595	229.17694	253.34641	100.59209	149.58127	137.17285	100.92644	76.20954	21.33688	20.89725	70.11719	92.1516	113.41116	146.6644	93.61901	167.84311	62.50405	102.39194	20.60444	38.86166	55.85329	39.38234	34.85219	30.43171	27.36487	27.86658	36.45122	12.99679	18.28963	105.88674	38.89667	47.00747	103.28117	103.23952	141.50831	3.6158	236.81358	200.34075	219.29025	338.40109	56.19595	78.40717	26.11963	113.25908	93.81539	57.56676	80.46501	48.45919	73.10196	6.45124	24.93928	59.97358	120.64466	165.43054	91.38535	109.34153	63.45848	91.28335	269.47504	239.15806	81.89642	118.87329	24.89087	94.89376	135.59402	132.02111	142.46131	17.86262	0.36998	149.42858	93.92316	104.24324	64.02693	52.50837	113.27816	57.03411	15.6602	65.88381	116.6548	97.99704	170.90019	186.7832	32.03981	30.35831	21.14217	44.65431	16.57448	67.56277	75.67325	11.95204	36.89083	103.91215	122.01334	91.02497	78.29785	20.61465	68.09495	72.70119	20.20346	27.26203	179.84155	135.66118	255.11875	218.55555	241.01686	201.38665	28.71263	56.76231	307.49352	190.47634	107.15354	26.00323	178.79837	138.08118	121.94363	46.5767	109.44252	127.14621	101.54404	95.08222	87.34553	56.13686	167.82809	182.93142	343.00357	274.42091	94.70638	89.89469	191.60025	112.26734	129.55599	35.25349	35.91426	31.81237	46.3088	63.68052	97.98982	183.45588	53.29901	178.90678	32.60157	56.48392	140.03485	55.40936	5.76825	8.64698	171.6709	186.81711	188.81071	151.56045	203.62431	93.65735	58.35705	236.89279	1.49726	202.57674	111.36562	50.85467	49.198	59.73658	27.187	46.28519	12.11174	2.28592	113.32285	103.22562	39.9565	68.85055	113.89972	158.91529	134.67498	173.33401	142.13769	16.38903	3.14462
GH67	265.49587	267.60522	146.48516	147.35712	395.08832	380.72334	406.79379	350.80672	150.74834	140.20827	193.60012	178.18247	197.52755	85.23395	76.23917	117.75037	218.07746	111.63876	172.6741	242.07011	212.62379	133.32666	257.95392	255.73251	212.30935	287.01117	277.66229	303.0156	105.64283	168.57834	265.75862	211.3843	166.28564	291.05834	252.92949	61.60902	77.82552	150.28006	152.71861	215.89041	206.16205	24.94324	50.85769	370.21737	478.02659	505.58416	238.60965	192.49522	177.8156	201.41991	113.44571	194.72982	238.40393	189.36173	188.67812	120.13494	184.65564	311.03166	265.37237	144.12356	0.86833	283.50579	281.90448	348.32515	573.4519	274.61911	101.26276	215.94958	308.16372	286.83498	183.92638	77.61513	358.52757	238.55247	305.47841	431.72001	91.47716	256.48759	262.16134	186.88856	259.8618	409.13011	343.81539	341.50023	325.52368	245.82386	125.67224	99.67628	120.09676	239.06789	238.73116	335.37035	368.04365	3.29648	222.64784	406.82412	150.16916	159.93956	323.01738	410.97424	231.32245	251.66436	244.45938	167.01194	212.59646	236.37054	239.03959	316.69753	347.12042	432.05106	51.6721	14.10254	99.48305	125.81999	88.10684	103.16107	223.35266	137.88083	370.22237	188.89016	178.1533	268.80541	224.17846	359.15284	364.36988	293.88035	276.57246	49.59149	97.39086	386.94836	335.54678	98.41597	170.93097	123.18589	146.58223	203.07848	105.11639	196.3441	135.39888	100.95226	150.63231	137.42017	261.63318	298.09341	302.67945	197.20629	249.41579	341.60989	356.47113	390.18677	302.05117	89.19458	132.46223	293.64528	266.67735	290.93925	180.55508	384.06802	203.18587	198.58086	146.10955	56.59781	65.92522	87.88723	131.89729	301.0706	350.39651	346.22125	317.66343	267.36822	213.23462	320.84874	191.49437	187.31291	169.9014	376.78881	360.99074	214.3636	102.01419	369.60813	137.39019	224.49363	107.6558	141.06792	315.66389	445.04027	70.35782	205.61147	297.63732	280.00773	222.05401	99.87372	184.78969	367.2064	317.74917	349.99777	308.1858	194.63621	327.93215	470.07498
GH68	1.15031	0.51776	NA	NA	1.43643	NA	0.04582	NA	0.31526	NA	1.06922	0.30309	0.14263	NA	0.04811	NA	0.04539	0.27826	NA	0.23093	1.60904	0.04791	0.33048	0.17117	0.11788	NA	0.08435	0.09093	NA	NA	0.65303	NA	NA	0.89485	0.193	0.3558	0.25647	0.51515	NA	0.27016	NA	NA	0.17324	0.26071	NA	NA	NA	NA	0.23374	NA	0.20354	0.21028	NA	0.72106	0.15639	0.10771	0.27975	NA	0.15132	0.47091	1.79074	NA	NA	NA	2.06315	NA	NA	0.13735	NA	0.14256	0.12242	0.77348	0.09578	0.07304	1.20722	NA	NA	NA	NA	0.06305	NA	NA	NA	NA	0.05511	0.46058	0.20801	NA	0.45244	NA	0.05936	NA	0.21369	0.03478	1.38219	3.27045	NA	NA	0.40166	0.04553	NA	0.26625	0.61353	0.26815	0.0958	0.35288	0.34093	10.31313	0.09074	0.11407	NA	0.25776	0.20841	NA	0.26028	NA	0.0838	0.60699	NA	NA	3.08516	NA	0.08153	NA	0.28442	0.05958	0.89211	NA	NA	0.14033	NA	0.98234	NA	NA	NA	0.05723	0.27454	NA	NA	0.03809	0.02887	0.13811	0.13223	NA	0.26464	0.25217	NA	0.13574	0.06028	NA	0.39174	NA	0.04063	NA	0.32325	NA	3.88408	0.12203	NA	NA	0.96966	0.07999	NA	NA	0.05707	NA	0.01957	NA	0.23365	NA	0.67075	NA	0.32353	0.11443	0.46388	0.03783	0.37245	0.09454	0.03174	NA	NA	NA	0.0291	0.06141	NA	NA	0.05409	NA	0.05446	0.21497	0.13308	0.09223	NA	NA	NA	0.36775	0.78384	0.04524	0.10813	NA
GH70	8.72709	2.56719	0.38129	0.62554	9.04345	0.38153	0.612	1.04921	1.57179	0.25629	6.1756	2.63315	1.24593	0.22606	0.43754	0.13167	0.37278	2.71862	0.65584	3.99098	4.90079	0.37227	1.10014	2.15636	0.99071	0.75729	1.83409	0.46657	1.06547	0.05446	2.96982	0.9019	0.86159	3.30202	1.40102	1.97625	2.14682	3.86107	0.21481	1.21277	0.32053	2.3853	1.24973	0.59247	0.18442	0.54507	0.51831	0.88832	1.05175	1.58997	3.65968	0.7243	1.15317	2.66938	0.99955	2.91522	2.14558	0.25798	1.20242	3.11507	9.00377	0.29749	0.22832	0.57839	11.01131	0.66279	0.24815	1.00171	0.25213	0.24971	1.82118	4.76993	1.37374	0.86289	4.18762	1.20468	0.52878	1.274	0.27979	0.30562	0.59689	0.71803	1.15598	0.19964	0.65703	1.29773	0.26742	0.33771	1.32169	0.47587	0.11746	0.04241	0.92928	0.36295	6.12138	16.95025	0.20649	0.24705	5.69357	0.08673	0.14624	1.29344	2.23754	2.72216	1.75527	3.59643	1.47682	53.36037	0.76633	2.70806	1.04428	1.1541	1.31155	0.57895	2.08065	0.07268	0.83869	4.11714	0.01661	0.55386	18.42405	0.29289	0.64781	0.23247	2.53834	0.64547	5.79645	0.45449	0.0286	0.33146	0.68806	5.63032	0.81103	2.16218	0.43262	0.31519	2.60593	1.6228	0.23988	0.40694	1.05876	1.00095	1.59491	0.38902	0.47482	1.00075	0.96788	0.77263	0.67793	0.10901	2.04316	0.28945	1.66718	0.60725	2.79442	0.25957	22.19784	0.51707	0.70406	0.86782	3.59971	0.57675	0.10411	0.79752	0.48108	0.72671	0.51425	0.45362	1.66551	0.276	1.75182	0.21774	1.47341	0.13275	1.59525	0.07178	2.69997	0.2207	0.14101	3.66246	0.03097	0.13898	0.14417	0.53207	0.00843	0.0841	0.46568	NA	0.23599	1.16311	0.65842	0.53898	0.74669	0.0493	NA	2.02617	2.31255	0.39181	0.43478	0.21487
GH71	NA	NA	NA	NA	NA	NA	NA	NA	NA	NA	NA	0.79338	0.05696	NA	NA	0.83174	0.2712	NA	NA	NA	NA	NA	NA	NA	NA	NA	NA	NA	NA	NA	NA	NA	0.20918	NA	NA	NA	NA	NA	NA	NA	NA	NA	0.07944	NA	NA	NA	NA	NA	NA	NA	NA	NA	NA	NA	NA	0.04677	0.5372	NA	NA	NA	NA	NA	NA	NA	NA	NA	NA	NA	NA	NA	NA	NA	NA	NA	NA	NA	0.17186	NA	NA	NA	NA	NA	NA	NA	NA	NA	NA	0.23812	NA	NA	NA	NA	0.14227	NA	NA	NA	NA	NA	0.12254	NA	0.59059	NA	NA	NA	NA	NA	0.16781	NA	0.06015	0.12181	NA	NA	0.83793	0.08617	NA	NA	NA	NA	0.2087	0.5563	NA	NA	NA	NA	NA	NA	NA	NA	NA	NA	NA	NA	NA	NA	NA	NA	NA	NA	0.56228	2.41964	NA	NA	NA	NA	NA	0.68972	0.31577	NA	NA	NA	NA	0.1929	0.2634	0.04519	NA	NA	NA	NA	NA	NA	NA	NA	NA	NA	NA	0.02713	NA	NA	NA	NA	NA	NA	NA	NA	NA	NA	NA	0.05678	NA	NA	NA	NA	0.06899	0.04913	0.74031	NA	0.3521	NA	NA	NA	NA	1.94049	0.94794	NA	NA	0.06041	0.29838	NA	NA	NA
GH72	NA	NA	NA	NA	NA	NA	NA	NA	NA	NA	NA	NA	NA	NA	NA	NA	NA	NA	NA	NA	NA	NA	NA	NA	NA	NA	NA	NA	NA	NA	NA	NA	NA	NA	NA	NA	NA	NA	NA	0.37599	NA	NA	NA	NA	NA	NA	NA	NA	NA	NA	NA	NA	NA	NA	NA	NA	NA	NA	NA	NA	NA	NA	NA	NA	NA	NA	NA	NA	NA	NA	0.0717	NA	NA	NA	NA	NA	NA	NA	NA	NA	NA	NA	NA	NA	NA	NA	NA	NA	NA	NA	NA	NA	NA	NA	NA	NA	NA	NA	NA	0.06938	NA	NA	NA	NA	NA	0.3522	NA	NA	NA	NA	NA	NA	NA	NA	NA	NA	NA	NA	NA	NA	NA	NA	NA	NA	NA	0.08106	NA	NA	NA	NA	NA	NA	NA	NA	NA	NA	NA	NA	NA	NA	NA	NA	NA	NA	NA	NA	NA	NA	NA	NA	0.11639	NA	NA	NA	NA	NA	NA	NA	NA	NA	0.09311	NA	NA	NA	NA	NA	NA	NA	NA	NA	NA	NA	NA	NA	NA	NA	NA	NA	NA	NA	NA	NA	NA	0.14034	NA	NA	NA	NA	NA	NA	NA	NA	NA	NA	NA	NA	NA	0.06055	NA	NA
GH73	312.58606	348.58383	455.04374	373.0831	703.18777	744.86421	583.63868	460.07771	389.43787	407.01342	412.65188	315.00794	345.50624	657.23279	594.47452	469.38094	665.68348	382.75952	501.927	464.18007	522.12301	295.40429	423.56151	468.06074	588.26479	592.27043	541.65487	589.96038	409.33526	468.6091	566.49159	496.84398	452.11321	374.29297	328.72828	429.83834	315.63361	412.12309	429.51388	565.17768	668.09115	412.86661	523.77585	443.59323	930.38731	957.40219	301.81704	290.97653	417.21451	504.51006	545.59655	787.53603	612.84813	524.2311	353.2509	403.27827	538.17355	1000.57312	663.34199	315.87199	462.51191	327.49986	323.8656	824.70645	725.18492	434.26807	648.28563	371.68586	431.55436	417.05387	416.93338	442.84611	508.64111	499.58453	565.46147	468.41381	526.08154	454.65251	420.56557	480.06389	530.31406	678.06821	722.97552	872.95647	852.40309	379.49396	386.13052	477.00783	337.9405	404.48944	852.29734	927.37547	840.70748	437.9747	557.34075	733.71523	717.22894	732.81824	515.35926	472.48308	386.56984	535.15783	535.01128	606.0646	747.3727	557.38815	563.74446	976.08516	973.35552	537.73661	428.03378	591.46725	265.92704	290.58169	736.08948	641.89714	570.14124	415.75998	487.68794	444.70202	470.07982	389.47298	468.7021	479.29024	471.20128	418.93899	482.21421	360.22269	382.41246	508.78267	412.10273	315.73031	492.94251	482.83907	384.47395	338.19037	324.03368	378.00585	332.12546	302.02946	428.48637	596.93641	277.03052	552.78398	551.32843	406.05851	555.4757	519.12896	526.23803	735.86918	846.15345	616.1026	573.02131	391.45703	495.17369	536.07537	284.65424	553.58109	368.91663	411.5894	710.30812	864.84166	493.9559	637.77648	635.35081	684.08718	622.19609	717.20886	621.03059	588.47975	488.56731	379.06483	488.82081	850.87437	622.48146	549.3874	672.7717	559.48089	404.83038	458.00608	436.60591	480.94782	411.79888	523.08772	457.72345	709.14247	322.29384	264.98909	349.89301	573.69426	580.74567	322.24888	386.28178	621.82389	653.41143	972.54221	878.12163	343.22014	1267.63903	1590.8753
GH74	32.70455	35.7286	28.44627	11.92871	5.57975	2.35323	NA	NA	8.1089	43.28104	24.05413	31.85315	35.90635	26.85791	17.71259	12.12103	5.95308	5.7389	8.5755	23.52509	31.08627	45.34639	0.27703	1.58175	75.657	10.58493	4.83736	8.31347	22.44336	49.35302	7.2695	22.21483	8.44762	2.04473	5.44677	17.846	40.64449	15.80666	18.61783	4.03523	39.48229	30.10564	40.03448	1.78365	0.79728	0.057	36.34042	7.24529	20.53055	21.1557	1.13567	8.95351	3.02182	8.79742	23.28233	19.33853	19.82258	4.01322	24.67654	NA	NA	6.30406	6.84943	20.7923	NA	21.4411	23.11893	12.83643	1.57904	2.41931	14.8148	9.92754	56.88997	55.49037	0.10863	1.74766	29.75855	3.18343	0.21774	12.75606	10.05311	25.78748	46.83404	0.46245	1.23133	28.44297	43.0815	25.10456	13.56468	22.95937	7.74866	15.16234	1.42529	0.29396	24.27184	2.19218	30.33498	20.96363	38.47024	1.71988	15.90412	3.37545	7.35323	10.73793	14.56484	2.0986	3.37275	1.10484	4.59049	39.3203	19.50415	9.27179	41.4233	26.72535	4.27972	15.45043	2.11358	31.79232	0.81516	6.16909	2.87896	12.08995	13.70276	50.00437	79.18069	3.04807	2.57796	96.65136	42.21346	3.287	15.75078	2.89821	14.44948	8.1158	78.44836	29.74998	3.65277	59.32582	26.7135	45.79147	2.02396	30.18648	17.66915	NA	0.12407	51.90022	11.17625	54.78252	48.38464	0.04629	6.9341	25.40796	26.91187	11.88967	10.63487	24.17776	22.89853	71.64827	82.93214	18.04336	4.49201	22.14509	80.59705	23.64909	0.69773	4.22919	11.24795	25.87681	13.41105	5.55797	7.52171	38.38534	5.00796	32.74147	0.57299	NA	0.24372	3.49148	93.92013	0.10928	79.46166	38.65427	10.17647	31.55039	2.90304	0.10426	16.0518	0.84303	NA	NA	0.0897	51.77891	50.78715	0.84398	2.13569	6.16897	1.95713	7.53325	1.89309	0.10336
GH76	40.87995	113.24757	393.8615	204.77976	38.39209	24.38758	66.17423	86.00707	153.40134	225.54653	197.48584	110.17149	79.25097	133.93091	201.2227	49.28527	104.34521	147.7931	265.16631	226.67344	71.80636	211.73118	317.81997	309.04974	196.36974	96.39355	8.68572	17.21163	96.40823	158.29766	41.70346	77.68048	63.73996	61.00597	48.09925	149.46309	110.89956	136.7896	109.07576	13.19605	187.91425	105.78597	150.69393	11.99512	38.26387	46.47991	59.02591	46.41933	235.01402	205.53136	69.79196	75.38016	163.3222	223.81969	251.74629	68.54645	75.96257	32.52937	80.12449	572.66302	185.98563	18.5279	14.58705	103.41884	2.47334	117.10523	190.22368	89.40611	211.4302	199.40279	149.04901	255.32113	119.31142	86.23774	4.67545	35.44959	107.53434	242.97363	367.20686	64.54028	45.7605	105.12192	107.29651	15.54975	19.26307	170.97127	205.98695	37.74472	54.22839	61.12625	29.13859	16.95016	17.11046	0.31746	586.9088	14.4024	239.4591	119.8262	128.41627	10.88477	58.32535	36.75453	243.49924	509.74374	113.87852	47.33618	37.56344	34.52241	49.68318	86.1931	578.5589	259.81946	138.53857	155.58517	96.07133	104.88082	220.84264	218.94294	10.12774	127.21181	169.79276	210.90753	225.61336	64.55177	134.77139	29.47266	103.09637	568.59218	629.86559	11.99147	53.74985	345.88278	78.70081	171.8252	320.45744	280.27007	4.97043	207.11961	68.18037	165.44909	159.53598	447.26386	31.71315	73.18859	221.13918	163.16538	105.06133	306.05527	399.98093	1.83801	22.13073	77.09627	214.66906	36.21339	155.79417	182.45611	74.32693	200.41641	76.35316	109.05024	248.68788	271.88961	263.8911	83.8573	672.73094	54.863	65.58167	341.32715	144.97127	58.29939	67.89689	125.72159	27.06043	478.62014	791.46707	1122.00546	2.82375	42.87428	464.87454	0.65748	371.53903	120.62031	67.37854	111.85082	10.20414	10.96596	39.41859	90.44001	112.01782	794.4356	701.80583	74.63828	161.40772	2.02906	13.06748	5.03393	5.79571	54.80041	46.6937	18.3649
GH77	842.68539	733.09378	603.90784	965.35794	1030.88901	778.56078	811.43922	720.34166	628.07501	623.48159	651.26679	598.75123	815.02109	821.03619	814.64377	672.99238	605.1237	953.12629	708.08384	589.77181	659.40621	1033.60711	588.15203	605.09151	627.26077	666.67753	807.10461	903.87572	708.91767	753.73334	654.27789	672.69133	617.34908	766.59052	612.05534	801.20495	1006.54404	698.36332	791.26801	800.30229	600.37846	704.51873	668.18009	804.71407	794.2276	757.92167	955.53626	958.22583	696.16905	661.4247	636.28632	640.87383	696.64494	625.42781	459.62746	667.31946	556.39963	802.24953	714.69326	406.23816	601.86391	740.47419	833.89735	786.27042	933.99174	718.49288	675.0197	664.90112	605.07319	546.5676	699.18885	712.2801	682.18346	577.29294	1195.95224	827.23816	601.81531	591.69922	580.52426	715.27942	679.39464	701.48395	677.54612	681.76024	691.86816	703.04894	657.76931	633.55976	771.81491	690.59098	813.5929	823.48234	726.86298	791.10713	595.57531	799.04708	638.85615	678.65974	633.88572	820.88896	631.43633	691.88679	703.18601	495.11333	694.5349	803.44139	696.74173	633.70629	634.27031	678.124	537.45395	594.16355	1023.4589	759.79585	708.67336	700.45706	717.65372	901.65905	791.94683	746.22549	872.55035	831.5686	871.9725	942.29466	720.32335	775.31916	685.99368	602.42571	607.9491	965.53974	749.65591	650.19454	689.1624	768.16828	607.93839	626.39105	1095.01371	565.33153	743.40743	835.82018	818.95715	670.95521	923.40167	705.68792	666.34599	715.19307	545.72121	608.18497	557.60777	922.04204	843.439	620.33665	613.30016	717.27547	609.73919	681.91092	1092.7676	609.21025	621.93322	785.65577	761.6038	677.43512	610.46233	535.71773	589.01065	693.24059	781.11298	522.48792	722.87234	809.87713	823.05589	699.2845	703.10683	412.9994	405.45405	447.1032	814.08407	665.57895	566.67094	769.40085	569.18743	534.90835	646.25904	931.26915	759.00245	681.61805	798.81769	597.90282	693.92364	566.77096	517.07579	900.27633	709.14577	769.70068	798.92947	727.26126	828.3399	729.61373	777.99765	901.96892
GH78	436.72037	761.0326	850.92019	706.91415	254.53359	238.23968	946.33863	1054.72399	648.81097	619.70857	830.25399	696.53832	520.04716	532.57543	499.78511	518.88427	657.44267	702.96706	960.34846	1038.5262	509.91215	599.98915	936.82366	985.70816	599.45609	707.78564	141.71075	344.69434	605.82366	712.18406	812.714	651.13069	586.99977	734.4059	499.94767	964.09784	722.20054	559.20252	526.98194	673.34569	778.21465	471.72175	584.42355	266.3014	522.21078	545.66604	724.83744	672.79292	534.47525	517.84829	540.81449	510.83149	886.84927	774.44776	651.19757	515.16695	621.08139	602.4992	616.36483	1404.81565	901.70805	1033.49753	902.54256	952.06198	982.53386	606.25654	584.08627	661.55206	976.0061	849.94624	559.04602	706.32734	629.38376	765.0271	396.21341	475.0843	403.03985	738.66393	815.98235	669.19327	718.11374	421.87326	565.69148	202.31957	192.26532	832.03787	647.42293	359.42628	548.32201	841.01867	238.4347	242.06812	829.25777	282.88178	1085.12611	288.4101	867.32468	860.22908	645.31859	154.91835	355.27444	806.88282	928.77594	1040.60177	646.30716	367.76834	381.00229	685.5846	633.84768	809.4497	902.71135	945.36511	534.39564	628.40739	295.96314	449.27191	855.84771	717.79297	241.69932	684.86687	543.51244	955.60562	863.85376	763.56522	740.57172	960.85177	886.0305	698.71209	866.77304	918.01996	785.24225	573.31557	576.50007	893.63486	1072.15106	1085.50138	271.42495	730.38943	739.15933	730.37536	709.94523	1261.69632	826.68089	869.17917	963.79838	575.0363	377.31249	1266.49879	1281.12935	423.84681	527.84738	652.42498	698.34879	851.29164	682.26554	748.96274	567.57694	578.55297	494.42154	561.05664	828.63207	1113.76222	866.56012	406.13816	1425.58999	296.9354	489.82461	1232.79092	988.4728	825.1159	525.26298	1152.38831	774.08858	1024.92889	970.40156	1344.11063	451.3125	447.11293	976.87518	832.30849	1019.64379	1022.82698	642.32355	584.08306	382.32728	391.13287	549.27721	642.84714	1017.46506	947.45332	886.80927	371.23609	608.19186	182.66297	282.58559	142.82219	203.97602	686.39945	668.68882	817.74074
GH79	1.77921	1.45359	3.64957	2.80577	1.96423	0.72719	0.18749	0.24688	2.43407	2.54423	5.04906	1.55804	1.16456	0.09268	NA	12.44615	12.49586	30.42305	0.81164	0.68156	1.54011	4.66396	0.32185	0.11783	2.49036	0.44295	2.05482	0.47259	17.95511	24.64545	0.27845	0.37235	16.01906	1.41037	1.35482	0.63943	1.35952	0.53233	0.13394	32.48432	9.74734	7.39369	5.08805	2.42122	1.99284	0.20047	2.1599	5.11981	23.77342	7.16355	0.43915	0.36559	1.22733	1.23861	0.6199	5.24083	2.93061	1.14194	0.95432	NA	1.25812	0.81769	1.45697	0.4517	0.45338	0.16146	0.18923	2.79182	0.56498	0.48631	2.96124	7.77607	0.50311	1.50952	2.83177	1.57517	1.066	0.67154	0.05875	0.34863	0.18054	0.1572	0.09052	0.76544	0.66099	6.87217	2.04968	0.44101	1.21434	0.83242	1.29678	1.71613	0.67097	1.29597	3.02184	2.25452	0.31577	2.46028	0.23671	0.26426	3.46352	1.93328	1.935	0.48471	0.8254	0.6027	0.55047	0.206	0.33957	0.03818	0.13221	1.09991	35.99444	18.54591	0.66806	1.06897	0.99721	4.08632	1.55073	3.5573	1.3053	0.57266	0.61443	0.28867	0.58872	0.38434	1.26372	0.50331	1.19998	2.02629	0.86191	2.48971	0.68366	0.12687	1.29494	1.81053	0.57046	0.41216	3.70858	14.77878	0.53841	NA	2.22856	0.03206	0.12465	1.19281	1.25867	0.12446	0.60231	0.03798	1.61662	0.52383	2.0869	0.83028	0.13357	0.28052	1.88895	2.27366	5.03856	21.62435	3.77153	0.56279	0.43928	2.87752	1.08035	2.00745	1.80534	0.16148	1.07709	0.15686	0.11112	0.26039	0.6645	NA	0.441	2.91794	0.75629	1.9066	0.18845	0.05143	0.03686	4.16385	1.86762	14.37059	0.8057	NA	2.82734	4.47757	0.72228	0.97129	0.09356	13.92539	12.8317	12.35707	4.10764	1.65722	1.99217	1.45175	7.93879	0.06363
GH8	173.54614	44.3248	56.94199	80.79506	208.47733	208.09749	73.65579	21.70949	137.37637	119.96533	64.00326	179.81048	160.93768	184.61386	232.31706	72.28786	87.10495	62.54277	42.5312	29.88595	73.20505	31.43086	114.20165	118.83764	74.01576	81.30561	302.49591	265.63207	63.75674	87.53217	102.52175	58.38854	54.967	124.35241	103.9893	43.92025	87.52697	80.84368	80.26071	96.68065	114.42044	50.67945	45.60233	33.07895	258.96293	297.28453	129.68845	143.89823	94.73897	90.20262	51.27052	101.32603	60.45279	54.495	57.15163	74.83203	48.05906	214.49962	170.56379	39.16291	70.26211	154.24169	150.82673	304.56527	521.58423	71.52466	173.32239	99.28028	130.83103	129.79946	106.67972	74.11486	96.33688	48.33233	86.36249	115.87075	56.30194	102.9626	125.38569	409.4758	344.2141	129.33624	103.6716	397.45099	357.12631	62.45548	87.71977	65.44958	109.80062	92.39222	211.37931	213.91412	234.92171	75.99648	41.85004	168.99385	48.86988	44.1946	128.90598	333.93282	194.16442	40.85899	49.16075	14.35951	61.91343	188.15484	206.29181	221.93302	228.25869	61.26014	8.00807	8.91407	69.31934	78.38073	46.09181	36.72317	113.06948	94.40795	149.03089	84.66836	61.5838	28.60221	43.183	29.2554	72.25494	24.77596	53.42323	21.33044	12.57731	271.37935	218.28914	56.7006	60.90459	34.62992	43.61396	48.13157	188.08753	92.26468	87.90745	77.55888	114.36254	31.45309	117.73003	34.04586	50.03923	83.28429	100.43108	15.01824	10.98538	305.42502	264.85495	37.70033	38.07289	87.75902	76.38974	100.41796	69.04485	106.06804	88.9187	75.07182	26.59381	18.29784	24.05964	55.04977	31.41162	270.70436	268.08355	32.16073	42.75542	60.59423	69.82179	123.15381	82.66157	52.00199	24.2084	21.38179	228.20756	140.89001	14.97508	30.19286	25.34805	53.04778	67.00192	69.72854	387.41664	389.50256	58.75114	22.66296	23.57338	26.70069	52.07913	48.73851	88.91889	441.27729	417.23192	144.66263	138.93624	58.29786	236.23391	316.86767
GH81	0.21941	0.15917	1.86251	2.15411	0.27508	0.07113	NA	0.2085	0.5198	1.69935	0.98923	4.96833	0.54408	3.0882	1.86277	7.81672	15.91716	1.60285	1.54962	0.04784	0.80214	1.10354	0.33157	0.09162	0.58756	0.11466	NA	0.06678	4.47958	1.93307	NA	16.63109	1.02599	0.45146	0.71506	0.27438	0.76264	1.03769	0.93504	0.56734	1.42237	3.16135	3.93239	0.34836	0.44216	NA	0.34275	1.23142	4.7366	1.44971	1.34058	9.82681	1.32893	1.82723	0.48453	1.80954	0.21975	0.09844	1.17966	NA	0.09486	0.11963	0.30898	1.05057	NA	NA	2.97255	1.22328	0.48494	0.07557	0.0887	0.64257	0.19582	0.59935	NA	NA	29.01971	0.09249	0.2056	NA	0.04025	0.20952	0.60303	0.13622	0.15172	NA	0.67571	33.65316	1.26594	0.68275	0.56429	0.63427	0.64646	NA	5.33676	0.90031	0.39307	NA	0.08964	0.06081	0.30385	NA	2.22336	NA	0.52094	0.46297	0.16621	0.06944	0.17481	NA	0.09968	NA	1.25262	0.48839	1.08153	0.11677	0.90158	1.0121	0.43481	1.73631	0.32893	NA	0.02814	NA	0.05151	0.10446	0.46868	0.12039	NA	0.24983	0.86818	0.9217	1.40256	1.01895	NA	4.60919	NA	0.31272	0.05617	0.28157	0.16186	NA	0.36843	0.17709	NA	0.55991	0.77053	0.18089	0.40387	0.45101	0.21496	0.36486	0.82993	0.58079	1.10642	0.65314	0.57519	0.72945	0.0792	0.28224	NA	1.1191	0.19198	1.1914	0.04391	0.49382	2.01522	NA	NA	NA	NA	0.57865	NA	NA	0.14928	0.11547	NA	0.10771	0.08377	0.50479	0.1682	0.11365	0.32162	0.3543	1.57301	NA	1.06204	0.24585	0.57754	2.11832	NA	2.85699	3.2195	2.94439	4.13547	3.07151	2.43685	2.40312	4.37717	1.03775
GH82	NA	NA	9.84688	0.03935	NA	NA	NA	NA	NA	NA	NA	NA	NA	NA	NA	NA	NA	NA	NA	NA	NA	NA	NA	NA	NA	NA	NA	NA	NA	0.11404	1.63722	0.26735	0.03784	NA	NA	NA	NA	NA	NA	NA	NA	NA	NA	NA	NA	NA	NA	NA	0.56817	1.52396	NA	NA	NA	0.04979	NA	NA	NA	NA	NA	NA	NA	NA	NA	NA	NA	NA	NA	1.40232	NA	NA	NA	NA	NA	NA	NA	NA	NA	NA	NA	NA	NA	NA	NA	NA	NA	NA	NA	NA	NA	0.47453	NA	NA	NA	NA	NA	NA	NA	NA	NA	NA	NA	NA	0.1661	NA	NA	NA	NA	NA	NA	NA	NA	NA	NA	NA	NA	NA	NA	NA	NA	NA	NA	NA	NA	NA	NA	0.25861	4.23713	NA	NA	NA	NA	0.13385	NA	NA	NA	NA	NA	NA	NA	NA	NA	NA	NA	NA	NA	NA	0.11612	NA	NA	NA	0.04174	NA	NA	NA	NA	NA	NA	NA	NA	NA	NA	NA	0.26786	0.0701	NA	NA	NA	NA	NA	NA	NA	1.74611	NA	NA	NA	NA	NA	NA	NA	NA	NA	NA	NA	NA	NA	NA	NA	NA	NA	NA	NA	NA	NA	NA	NA	NA	NA	NA	NA	NA
GH84	73.8145	213.66204	156.6788	107.38067	255.12652	251.18707	225.54939	267.41786	192.12223	163.53709	182.66086	165.46606	148.84876	103.91274	72.96628	107.08711	125.90382	123.92604	175.42694	191.49794	157.0197	125.27871	263.05988	245.36507	141.20155	164.62503	61.14147	91.65293	96.2309	160.39538	227.46668	150.01698	134.86548	155.20409	105.91752	154.01705	94.73799	139.65235	153.29481	363.6145	316.78134	120.56242	180.60723	44.5742	318.35456	319.51214	97.187	110.03348	131.61515	170.92961	234.49615	171.45812	204.54915	180.49251	125.85638	108.2949	134.0365	89.70519	150.72812	173.12711	206.3982	239.14056	211.92413	274.0281	336.38368	175.33438	137.29426	236.65572	217.80899	200.70124	111.55043	142.09671	107.29205	197.13098	93.01555	85.01347	317.30558	221.65934	245.03198	125.77619	174.93363	96.75876	131.96039	120.05672	131.6375	141.2703	138.64513	298.23013	134.67521	310.34597	115.27856	186.89044	261.69195	36.14688	148.95111	210.29344	179.29093	169.20342	136.10384	120.563	152.33682	198.5317	160.35103	206.56139	166.84916	105.90328	81.20688	86.50052	61.04147	218.09127	222.85195	208.23553	85.89819	135.19901	352.82625	358.43409	197.61032	165.2283	128.75723	104.15338	115.74813	145.2126	123.02493	80.14363	143.34304	217.695	188.49136	188.9082	178.27711	287.5008	241.08976	122.60074	108.48464	234.97971	294.40591	200.31774	87.3189	268.92212	107.51458	102.11362	92.24672	222.74753	161.89201	247.54326	225.38767	117.91352	114.89942	243.84324	216.54584	10.2642	27.59873	100.98275	145.35896	226.02722	153.6505	140.7067	61.79537	100.71567	76.3083	84.34188	139.30936	226.28114	222.63588	188.98307	128.92194	103.66023	137.34592	137.41174	207.43441	107.42369	104.36085	184.57779	160.18389	150.61781	110.94513	16.91172	217.51468	131.45028	196.41205	207.41824	206.09212	187.32258	57.25444	95.01719	125.28111	168.42544	96.9901	124.58281	243.51023	111.58025	199.73264	49.55	88.81162	197.53811	194.87228	170.98757	154.25811	203.65531	54.57911	19.935
GH85	15.37117	5.9276	28.36727	58.97126	1.52346	0.29078	1.93812	0.58825	3.66674	4.7327	10.75927	28.80204	14.52785	33.14113	3.24293	81.1871	85.95838	3.81989	19.31118	15.97276	6.78618	10.9481	5.88458	1.7794	13.4191	5.04265	1.40234	1.53388	28.85542	63.58196	1.76771	6.86336	16.75805	39.97786	11.35283	4.57461	5.10605	23.69846	8.9984	374.32232	127.09313	63.57045	37.60838	5.1306	54.70031	60.81625	11.32347	6.20783	17.65322	15.45189	11.39136	107.0945	5.42468	16.91364	18.05826	18.5613	18.93562	0.9819	3.13892	3.75026	1.17813	1.18626	1.64114	11.95726	2.51384	7.16056	56.55374	6.93884	1.37941	1.98877	4.45589	6.9933	6.78877	10.00985	6.49226	4.19253	368.45432	2.29947	0.21201	1.58054	1.8846	3.40496	6.39042	133.32776	168.24778	15.03563	15.11455	356.89717	16.02718	10.4812	56.2934	105.36141	171.14134	38.80464	14.53026	91.71137	1.68382	1.32252	6.18015	42.18712	44.42014	18.0469	13.26334	13.22999	2.55382	17.02975	18.64027	3.10551	10.25578	4.05923	3.20891	3.861	24.11682	52.51825	479.01921	442.54978	9.52303	6.08476	4.38715	25.3893	26.04034	4.2143	4.10698	0.61743	6.02482	5.18331	7.91771	8.64052	21.67984	10.98458	7.34117	14.86658	9.53069	10.96749	12.58119	47.38499	4.37771	10.45039	13.38578	9.19832	8.34651	0.15693	12.1279	0.3318	5.16069	26.60207	10.07727	26.654	37.64744	1.66929	2.87539	42.4833	29.20208	7.61852	14.09489	3.93366	9.58965	8.05544	4.63409	5.38843	13.54772	28.60219	2.74202	19.99117	10.69645	1.79815	3.48011	2.86477	3.98411	1.29504	1.17856	4.46098	2.89368	19.62173	132.51276	3.18936	6.56007	11.23462	3.20642	4.23443	3.37822	10.30931	12.33903	49.49694	4.47886	0.41121	19.32243	6.56428	1.03246	7.77501	0.76317	11.72795	18.005	45.07944	64.39969	89.97348	86.71876	14.24318	1.90412	0.20157
GH86	0.13936	69.75899	50.54052	16.72722	1.11333	0.26213	0.02788	NA	4.41195	24.75967	NA	1.37571	1.38428	5.65431	4.84526	2.47037	11.86729	0.45441	0.80296	2.17301	1.28682	NA	13.64896	2.12524	3.10431	3.3974	NA	0.07185	2.70107	43.56049	10.31354	7.18991	6.13822	1.88083	3.2886	NA	NA	1.72443	1.91776	0.27906	1.10943	NA	NA	1.92327	7.89117	11.97854	0.47784	0.13115	3.72087	2.26271	4.33081	0.38515	2.45728	4.96806	0.33058	11.29024	7.71416	5.94312	12.65771	NA	0.04054	0.65275	0.4042	30.82236	NA	0.1348	10.9769	9.90809	NA	NA	37.11173	10.12059	13.15828	1.6929	22.91743	14.19456	NA	NA	NA	0.36242	0.23632	0.04053	NA	1.63263	7.20567	20.26496	7.64727	NA	5.72376	3.32757	NA	NA	2.39652	NA	2.53709	4.00336	9.06276	3.12192	122.18115	0.47762	2.31901	3.4896	2.91345	10.64857	3.25981	4.0304	6.04789	0.73672	0.0592	239.88127	0.02439	0.66167	2.70307	3.13313	19.24123	32.13124	11.1561	3.73859	0.32126	26.80783	NA	NA	NA	0.08426	0.72238	2.25141	7.9079	NA	NA	0.48769	0.13983	0.99923	3.00946	10.76125	118.16685	47.48794	NA	NA	29.85744	35.37911	NA	0.1621	1.60809	NA	NA	50.18398	48.75896	NA	NA	0.20439	3.26109	12.50955	49.69159	0.40925	1.47013	5.71694	NA	NA	0.74976	0.23999	NA	0.06312	30.4045	7.91245	0.27441	0.55441	9.10118	0.03678	NA	NA	NA	2.30508	0.24531	NA	NA	NA	1.14095	1.16446	4.55838	NA	3.68377	NA	0.78869	1.50484	1.76544	2.9326	12.63801	NA	NA	NA	NA	3.41587	3.91424	0.04209	1.62187	0.6449	0.45458	6.10073	27.17372	0.67662
GH87	1.46399	0.47525	NA	0.11967	0.55708	NA	0.01424	0.01973	0.3585	0.12172	1.01193	1.30066	0.28077	NA	0.11085	0.14276	0.95979	0.28436	0.03242	0.61606	1.03503	0.03049	0.09461	0.1841	0.3719	0.32358	0.19258	0.11002	0.80682	0.19253	0.43389	0.4714	0.08899	0.48376	0.91809	0.3013	0.46821	0.66661	NA	0.23262	0.03104	4.82982	7.95038	0.18601	0.12881	0.09449	0.13853	0.08059	0.31296	0.3541	0.35926	0.55072	0.38836	0.38926	NA	0.5868	0.36164	0.12083	0.24463	0.63938	1.22824	NA	0.01727	NA	1.61569	0.05238	NA	0.33959	NA	0.04667	0.15863	0.81813	0.15212	0.04525	0.51927	NA	0.11766	0.0531	NA	NA	0.02642	NA	0.09753	NA	0.03228	0.13363	0.34427	0.10757	0.46719	0.21416	0.038	0.05091	0.32912	0.14163	1.91808	15.65898	NA	0.03339	0.495	14.35274	14.19301	0.21714	0.37783	0.14735	0.14696	0.85269	0.46271	8.04997	0.75816	0.07764	0.02625	0.14976	6.92061	22.91129	0.30723	0.10941	0.03417	0.57461	0.03155	0.58414	2.96438	0.03101	0.16876	0.01734	0.20417	NA	0.75103	0.01094	NA	0.22466	0.03665	0.81405	NA	0.0525	NA	NA	0.37199	0.06396	0.11817	0.92953	0.11388	0.0163	0.24792	0.01426	0.09183	0.06471	0.33087	0.09371	0.07403	NA	0.37276	3.58796	4.73271	NA	0.23009	0.04791	3.24226	0.03131	NA	NA	0.66063	0.02821	NA	NA	0.19912	0.02847	0.45507	NA	0.48169	0.05458	0.53764	NA	0.26935	NA	0.29131	0.03351	0.42583	0.05918	0.03013	0.05677	0.1255	NA	0.04465	0.0616	0.22253	0.06068	0.82628	NA	NA	0.18498	0.3238	0.55209	0.34032	NA	NA	3.60197	6.17219	0.09717	0.05012	0.01621
GH88	398.01625	767.43165	727.80067	654.82376	169.15594	195.72995	677.84377	1050.27	817.75726	662.11855	573.81087	637.03287	574.95116	576.21211	510.83311	171.39064	282.08555	473.73201	681.34923	790.83161	609.50864	593.24103	517.89525	546.18268	766.69642	697.30184	166.86508	209.35257	372.69625	564.33051	795.15254	689.60052	350.07423	673.67598	722.46777	646.91022	421.97547	645.57266	583.67585	215.75737	595.64056	444.53583	602.68828	157.23051	207.07739	134.99303	510.09674	520.5952	570.96583	641.58571	412.55418	493.49545	428.9774	431.14789	869.2749	436.36555	505.02227	199.6945	355.07572	858.42202	112.11656	810.62377	746.16963	291.08853	43.69131	919.7952	696.37505	587.74342	942.89418	892.84051	643.43187	605.14509	886.73043	745.27182	1080.22341	1089.54203	268.75699	537.71591	584.1697	351.24271	476.70848	978.45448	878.49862	118.99265	129.50161	498.23134	422.68973	230.45186	366.07828	537.41384	164.70595	199.44415	77.93334	402.81014	986.86355	157.70345	813.05105	883.58218	674.94939	135.99469	202.08596	695.30548	770.3811	1122.2007	849.588	122.46523	75.46739	268.94063	238.40395	889.07697	710.71907	688.53778	620.15728	858.71949	306.50091	388.24925	501.21938	396.16289	179.08058	443.40222	523.32007	873.11967	838.86353	654.14279	860.41544	315.84518	463.21764	531.66999	599.64864	67.29445	163.44149	381.53936	405.88602	801.2875	1067.38589	1070.21054	636.76798	902.54501	366.92056	299.9525	429.63355	679.36626	581.4514	771.05556	765.25989	652.11986	787.41712	878.28734	907.10575	58.36378	119.47814	317.09876	487.19885	762.86003	745.15396	717.20693	403.64849	751.35082	743.23429	745.77981	823.73292	1101.46317	807.46986	323.35576	816.71876	196.83769	246.00108	809.49756	1010.45055	1182.63394	1218.60403	586.57258	713.29341	885.03277	903.01534	1550.14108	182.56621	225.40279	722.2748	896.92305	682.68132	716.30175	250.80714	406.577	151.279	151.56786	358.19969	452.32678	569.91205	958.10765	801.13398	282.64535	632.39902	146.10816	94.41857	155.25409	147.93821	592.31765	118.92512	28.22068
GH89	414.01931	478.61551	465.60028	425.07569	407.65123	429.73515	906.45499	1004.00386	460.92871	286.1304	371.87448	325.85928	325.79834	345.74557	339.15065	121.99777	209.17702	363.16052	597.2701	688.19037	320.30327	285.42167	504.411	330.54646	334.6985	513.29678	143.92541	204.7511	211.24607	251.87754	567.42442	498.91716	285.97985	475.3269	347.5593	677.27636	345.2045	315.54312	305.05107	318.4552	359.51451	209.05963	369.12891	101.83299	173.20532	83.31703	373.27741	362.73764	258.2222	325.05345	564.04321	282.07956	361.5527	296.47634	601.54133	272.02273	352.53356	157.56672	236.74346	456.12584	193.69849	498.74342	438.19775	253.11292	23.68918	824.52441	435.16934	395.62544	424.63949	404.77974	291.66729	376.64233	336.12307	422.09529	461.86687	440.3559	221.36731	385.01538	361.25529	274.54031	392.39124	307.29598	414.26963	119.75151	108.7307	429.71658	292.4198	185.85865	235.81363	477.28863	118.53043	145.07262	79.56982	5.07976	834.11946	207.1913	494.51426	603.08969	491.41381	140.69196	215.10116	690.5084	661.19225	965.50414	606.3917	106.56973	74.99236	203.18302	185.66763	906.27675	768.34015	625.31007	256.85479	467.43873	166.89779	177.69502	383.57378	256.67636	478.35446	314.67135	281.46817	727.12056	587.35062	460.05869	583.77877	501.12316	483.57219	339.54828	512.1536	66.13008	132.6857	241.31457	366.80912	534.17771	357.97708	491.51454	151.04708	523.50024	178.56251	146.33036	456.48879	661.48245	315.76664	467.13739	518.60611	365.5953	262.7535	772.22521	799.02049	36.24968	108.87539	217.07633	349.63786	331.18329	454.91365	443.96213	287.35698	412.91778	262.45998	346.14857	540.4202	848.28747	477.87184	395.32318	741.61147	192.56303	151.88138	732.33188	888.51625	608.4216	466.55303	334.68537	326.87895	522.00098	625.6787	1147.42367	270.78362	263.02329	333.03173	714.71262	346.39295	387.53004	195.72494	233.5569	171.25995	192.25786	228.84013	448.54584	710.32017	615.56565	620.95351	148.97305	309.01249	153.0206	120.4881	175.90157	151.45137	350.57503	96.11437	17.17372
GH9	95.54527	404.4248	332.59342	165.83418	197.6149	177.0235	71.28581	63.07024	106.26836	448.76924	193.1027	290.80955	281.00038	226.01173	152.41919	94.73573	90.9647	102.47691	116.37682	249.41178	421.75168	297.62496	34.41121	37.53099	471.12331	193.95921	46.85759	72.05447	260.00323	408.58803	122.64139	295.74648	129.03104	184.97051	226.05499	220.77042	392.06179	210.04119	250.14413	53.78976	327.10917	297.24187	340.4397	58.50632	24.28108	5.68203	237.84681	102.86546	210.26898	139.15325	98.17233	168.77834	59.76226	85.71121	335.59925	209.15681	205.76929	51.44674	99.38497	54.05468	3.91296	51.79509	76.93606	185.56763	29.18968	365.3454	218.51243	101.17517	86.57914	120.42529	290.57226	151.85687	544.23085	417.71925	337.2256	459.25001	324.79933	57.79238	19.05753	124.52481	120.62593	560.92739	753.03329	24.90727	51.3958	330.71335	478.24399	192.15149	105.08767	188.78622	136.96295	128.91051	30.44125	23.77712	247.84287	113.17936	413.75042	299.98427	306.52075	88.71017	177.25162	118.55503	136.17636	210.77032	212.41606	107.33274	95.56825	68.7887	96.8515	195.7939	71.34111	42.69371	230.14981	271.50003	83.91082	177.76922	43.42917	305.2944	255.65424	141.16418	191.29361	209.38552	261.5245	260.28559	262.1231	49.60445	64.4121	1029.67834	552.12997	42.8237	74.50619	103.08682	153.2208	124.48268	655.73443	286.21179	162.19126	460.34328	261.71726	397.55556	43.43595	298.96289	116.53546	82.18012	36.94869	239.02618	310.33554	557.18146	507.387	14.47222	54.0452	201.53114	290.61565	149.22405	135.58851	243.45359	155.28657	285.45724	246.50575	207.68846	60.26959	247.59014	836.02519	250.22933	88.13789	57.2634	137.33816	267.95298	154.89589	371.62391	383.88955	415.61432	276.12685	375.99684	134.79463	205.4508	212.91734	151.04337	799.54738	43.89762	697.03463	382.9173	129.10891	299.2713	119.64366	66.90413	161.08862	114.75091	61.06589	5.73372	0.97726	230.41071	292.83039	241.17959	173.27218	159.32506	133.29843	112.24039	38.50143	14.92054
GH91	13.73274	6.03383	2.82963	13.68703	8.15757	14.96056	0.13392	14.19794	2.9402	4.30329	15.73283	7.45741	3.64197	10.07752	9.83258	1.53466	2.04228	5.05477	7.34378	101.29632	33.56871	19.03881	6.223	0.72757	110.47905	101.35086	0.8438	0.30065	6.81065	4.57007	40.72585	51.34276	16.36972	131.29315	191.57744	18.25123	12.0282	8.39782	6.52755	1.49692	14.56172	48.03518	20.36067	2.38473	3.96363	5.58214	37.47398	28.64363	22.37562	15.47682	61.78556	3.19726	2.86955	4.92133	114.31522	16.17366	8.71884	6.09279	15.04442	84.25854	5.07776	1.63993	1.55704	10.94374	0.24693	90.82332	14.26821	0.76119	89.20898	112.3501	109.47835	58.39979	188.62437	14.81784	42.99388	188.93736	6.79508	21.66334	5.33173	6.85846	13.99178	3.44824	9.11059	17.64777	30.41334	5.24849	2.90776	5.36049	6.40852	2.59926	3.13605	0.82409	2.06176	6.7554	12.9354	1.25605	6.1102	2.65004	22.24453	0.31175	1.10755	22.26276	36.5511	54.94097	27.13546	4.58851	2.12048	2.19869	4.80316	19.74635	27.62752	7.00616	5.97639	4.45852	42.78526	15.68967	22.90904	12.74469	1.13067	28.03388	84.53007	3.44752	1.47851	7.74812	35.76442	0.47415	2.03291	4.54931	10.69562	2.92544	6.718	47.58527	9.53166	33.60529	4.52123	2.77336	1.01843	16.92645	1.38963	2.29082	37.90781	23.63678	9.39779	1.70306	23.90417	11.63108	8.96209	33.3659	43.40607	1.28426	3.53621	12.12363	31.68273	8.59124	39.7222	25.44998	9.18473	1.4325	17.58777	26.19572	26.22747	12.93387	31.97325	19.26058	7.86346	12.56972	3.05095	75.58034	35.36835	176.82538	177.25505	1.30328	1.56829	7.84315	103.96194	28.8579	0.50823	1.85922	2.2563	73.24339	1.88812	2.07921	15.99629	47.15456	3.00751	0.13913	8.74154	16.76452	10.74496	1.33725	2.12124	6.30282	10.82795	0.57277	0.66024	0.39863	0.47225	18.7779	3.04425	0.27282
GH92	1262.35013	2505.65232	2534.25027	1692.75865	1906.31935	1798.20552	2826.35299	3125.90527	2376.80719	2155.84447	2234.27079	1974.94522	1662.2051	1512.15304	1328.45708	808.3421	1208.27208	1656.21888	2703.4616	3224.0126	1340.10254	1631.75157	3165.47414	3293.37681	2202.65109	2520.58675	785.26738	1154.88156	1326.15312	2001.84142	2369.08038	2066.21745	1363.9329	1747.02164	1622.51322	2519.75817	1556.1288	2155.83404	2132.32741	1688.44461	2603.73775	1347.19714	2024.3418	567.90429	1259.46438	1008.97471	1302.48711	1289.71037	1996.57665	2144.47284	1211.58996	1556.61977	2185.60112	2122.66472	2130.92528	1519.60184	1798.71332	1068.56326	1551.90371	3654.3492	2391.74645	2563.39358	2234.72595	1704.98058	1153.14848	2194.41348	1923.56584	2289.18757	3212.37497	2939.57981	2054.8882	2171.92403	2248.88956	1871.29326	1509.72227	2151.60347	1720.33813	3032.86878	3905.42016	1845.2236	2109.63939	2006.31742	2434.65606	1093.28331	1118.57093	1743.01625	1481.93772	1410.57636	1291.58065	2060.94847	886.29479	1070.73159	951.90249	72.08612	3243.55247	1314.90669	2577.06133	2446.33778	2199.30041	1337.80954	1244.23428	2142.03319	2491.92828	3523.19967	1915.80378	722.14679	508.33639	1112.43505	1101.68065	3203.66544	3515.67067	2655.94615	1439.66313	1885.02995	1745.00252	2045.90975	2587.98624	1758.40524	1389.66989	1334.65257	1846.40328	2446.46779	2107.56259	1844.20425	2555.21855	2017.39397	2416.85889	2608.83086	3046.71771	966.54676	1175.10686	1954.78248	1385.9461	2268.0403	2309.76395	2400.39336	608.61643	2820.61724	1538.12756	1547.06305	1613.10838	3231.36238	1650.85768	2679.52257	2955.5151	1621.29225	1506.98553	3055.65045	3152.48428	838.3779	949.99248	1294.90703	1832.85118	2189.79874	2300.40541	2233.17365	1113.56418	2489.19713	1558.20272	1830.40172	2398.82001	3294.64255	2971.04252	1176.00821	3578.01405	1686.58735	1536.78447	2949.66041	3067.83386	2936.28754	2473.91899	2168.19653	2168.27117	3061.877	3048.98748	4223.42244	1257.84817	1236.25273	3073.82259	2101.8248	3111.01256	2681.29486	871.91753	1247.13576	1156.28211	1003.63071	988.1906	1395.86018	2239.93167	3532.4126	3726.46082	871.31899	1759.57181	1212.3307	1109.9879	1038.19855	917.69298	1854.48215	720.53326	400.38862
GH93	0.32164	0.47506	4.57984	15.42591	1.54199	0.73775	2.35718	NA	5.90563	6.32777	1.88709	12.19164	1.40406	1.43529	20.32856	2.33259	2.34033	0.16366	0.49686	6.02229	1.79281	0.71897	0.18883	0.48997	2.95977	1.25176	1.02366	0.03249	2.07042	1.46425	0.22594	0.3375	0.86382	0.91932	1.12772	0.84382	0.25318	0.05681	0.12653	NA	2.79495	1.35419	1.52994	0.38459	0.03023	0.10914	0.12685	0.15225	1.75047	1.28447	2.59518	2.79281	0.67175	1.26749	6.09223	10.76428	8.274	1.06854	6.38604	NA	0.04377	0.15165	0.12634	0.44998	NA	2.85224	3.46034	1.00093	0.5078	0.47045	0.88173	2.71855	1.3726	0.94879	NA	1.04314	1.91701	0.38109	0.38406	0.54319	0.42446	0.69268	0.35027	0.46527	0.40442	4.07138	2.20733	1.6434	0.16986	0.05986	1.0937	0.33936	1.12158	NA	7.78953	0.37048	0.9699	0.86827	0.72766	0.21726	0.40135	1.35018	4.77867	12.89701	1.6261	0.1415	0.25728	0.51401	1.972	0.69266	2.9996	5.62013	12.30805	27.4828	0.25117	0.13763	0.24568	5.17321	NA	4.19491	2.40705	NA	0.06418	0.18921	2.48729	NA	2.70823	4.5099	8.45245	0.11092	0.21008	1.49966	1.57657	2.99142	NA	NA	NA	0.97269	16.6201	17.3797	33.71568	0.06763	0.20337	NA	NA	7.79795	4.50409	2.31548	6.63129	0.05284	0.99987	19.11548	3.32954	0.05891	2.30819	1.15387	NA	0.49453	0.65392	1.24066	NA	1.11339	NA	0.25977	10.72379	1.36262	0.3839	NA	NA	0.29943	3.17482	2.27816	0.11994	0.27669	NA	NA	0.93118	2.04166	0.94553	0.12239	1.35906	0.8058	0.52348	0.24128	2.83122	0.05915	11.51632	NA	NA	NA	4.8147	2.20904	4.17145	NA	0.10128	1.28024	1.726	2.26586	2.21157	0.08597
GH94	303.44356	195.86102	202.23239	403.74379	396.45669	327.24755	43.69114	42.75182	145.52616	291.87237	249.55644	193.22709	265.75988	149.27753	135.69907	426.01804	384.61144	244.64854	236.60935	126.29895	188.45987	367.75309	50.54419	58.72405	187.13434	164.4048	325.12849	389.45384	356.8409	288.19862	71.41093	197.46861	262.61457	180.81806	195.6685	164.25332	407.58473	222.68839	216.49514	225.35842	193.96684	355.86286	242.80522	430.85595	410.23929	437.8595	330.97723	349.4332	273.19954	149.23922	241.82797	229.83901	143.64556	126.71148	124.42234	354.15184	190.03844	344.88778	264.59047	73.73334	87.15156	142.84758	199.61445	277.3722	423.09534	137.5994	117.92991	125.3585	40.76062	42.29445	128.11024	136.00387	174.37513	152.19703	113.85306	75.29817	138.37858	40.98572	34.44331	72.12433	43.88699	75.2155	123.96997	396.19677	378.07754	240.5813	199.91606	176.64221	256.20485	126.39192	355.33714	390.63177	356.23939	191.72476	203.18924	350.84604	181.40511	92.07279	93.46254	470.20375	398.45321	172.99507	187.24296	32.9583	137.22888	317.79491	316.99318	320.67494	351.32179	85.30058	71.48825	50.78393	333.70156	246.28552	99.47739	131.05607	86.80676	305.13379	435.57165	254.6875	297.63462	115.79363	119.65908	169.72463	57.46123	121.30799	111.65534	259.45862	195.21582	461.42334	356.16917	242.70866	289.80793	186.95905	213.16292	240.59347	279.16296	107.23118	305.36335	343.89335	272.60462	218.30338	276.35495	60.29186	58.77235	237.70191	213.35089	141.06547	133.76361	416.41844	416.18796	205.57531	220.19076	113.78095	124.74839	149.52605	428.04529	110.52096	286.86417	302.77119	78.57807	143.7654	173.4852	104.75041	93.52117	414.04314	355.67075	57.6563	120.81176	45.04301	62.27	168.58838	91.26909	72.64741	40.8633	100.68484	449.42211	295.17569	229.60941	150.59581	201.62959	144.89298	344.73732	276.96313	526.26304	484.66731	285.53728	152.57423	125.63468	99.78216	51.95339	466.71244	288.07056	420.52837	392.72272	401.90153	415.33443	222.45357	388.45878	503.7648
GH95	706.85399	754.59923	781.52247	513.34691	990.16002	976.66352	1283.6437	1026.6283	855.26742	678.39805	595.86835	590.82841	591.90476	648.21485	488.81419	509.07696	769.74106	608.42756	737.24161	944.35586	642.30716	460.3364	865.10323	916.4529	753.30261	885.36816	762.10808	986.80298	419.88186	653.27724	750.36491	682.55586	635.03522	730.93066	690.26036	801.87485	528.51783	585.22433	562.6635	642.08126	783.86572	487.37191	681.69549	822.61039	927.27842	948.80523	616.08238	576.79207	794.94854	870.5681	625.92893	879.24336	814.32499	691.74156	843.45263	574.66548	704.69217	963.92416	860.41617	926.64723	436.61855	1121.51613	1034.68122	1189.60408	1485.42263	882.93509	752.81982	636.86725	728.78433	750.30657	889.75314	711.11108	970.40337	765.86839	588.65616	1050.30813	603.82144	663.16928	724.96952	398.99221	547.88719	1014.63228	945.34314	805.93717	792.81322	614.8964	451.07577	555.40039	352.58084	699.2399	696.64304	942.29569	969.40521	280.19895	995.87673	1051.86632	864.27551	1084.16096	924.48521	1055.37596	840.86585	905.27282	884.2564	1191.13962	903.78188	570.91093	553.55736	929.58735	899.71235	1360.16441	1217.53521	1031.51638	483.10148	683.51119	603.11744	692.62858	667.64222	460.93991	904.29985	717.37386	818.72386	1007.18953	872.90005	768.56404	1016.86007	606.58844	636.87049	641.40384	744.59154	1030.51423	911.11894	637.73172	512.02647	989.01475	941.94109	1031.92389	264.8427	901.82312	529.89214	351.28012	592.88421	970.65259	575.32891	900.19942	1042.71858	706.4605	784.48279	1040.2013	1050.6901	926.76467	887.71631	473.12044	647.7214	696.39417	713.56956	720.06525	575.62466	1049.99692	786.11397	899.14255	877.69222	1104.0552	676.59515	450.06345	1053.02559	884.58183	867.39209	1084.81567	1119.74875	1350.5474	991.45293	528.4392	442.73899	924.8148	998.49741	1447.71132	1162.92448	750.95912	432.78579	861.92128	521.84557	683.14008	406.59658	448.67618	917.06749	1114.8262	421.5488	622.21178	926.15588	1316.64509	1251.07766	334.72844	651.79376	981.51209	978.89177	915.72134	867.56751	506.08729	911.1793	1168.39993
GH96	NA	NA	NA	NA	NA	NA	NA	NA	NA	NA	0.04405	0.05777	NA	0.2594	0.10024	0.11622	0.25466	NA	NA	NA	NA	NA	NA	NA	NA	NA	NA	NA	NA	NA	NA	0.06285	0.09991	0.0928	NA	NA	NA	NA	NA	NA	NA	0.04933	0.05506	NA	0.12662	NA	NA	NA	0.27799	0.16774	NA	NA	NA	0.08567	NA	0.34056	0.04001	NA	NA	NA	NA	NA	NA	NA	NA	NA	0.2656	NA	NA	NA	NA	NA	NA	NA	NA	NA	0.06737	NA	NA	NA	NA	NA	NA	NA	NA	0.07372	0.04661	0.0849	NA	NA	NA	0.09275	NA	NA	NA	NA	NA	NA	NA	NA	NA	NA	NA	NA	NA	NA	NA	NA	NA	NA	NA	NA	NA	NA	NA	NA	NA	0.12556	0.21632	0.13789	NA	NA	NA	NA	NA	NA	NA	NA	NA	NA	0.9329	NA	NA	0.06901	NA	NA	NA	NA	0.14901	NA	NA	NA	NA	NA	NA	NA	NA	NA	NA	NA	NA	NA	NA	NA	NA	0.59311	NA	NA	0.72261	0.17371	NA	NA	NA	NA	NA	NA	NA	NA	NA	NA	NA	0.14363	NA	0.07692	NA	NA	NA	NA	NA	NA	NA	0.04263	0.27603	NA	NA	NA	0.3916	NA	NA	NA	NA	NA	NA	NA	NA	NA	NA	NA	NA	NA
GH97	1496.54352	2498.62823	1801.07474	1258.34648	2631.89815	2385.48962	2230.89064	2771.22964	1803.10565	1885.34972	1911.81205	1564.8306	1382.35046	1334.4298	1028.8984	1169.38418	1948.54386	1390.11593	1845.26398	2199.40858	1164.49241	1601.56012	2382.36236	2224.84106	2057.0174	2011.7538	2176.80165	2647.86877	1082.95655	1826.1483	1926.14103	1765.57506	1464.98611	1388.21277	1355.25332	2215.2629	1423.34756	1507.17654	1490.57258	1646.15682	2293.44315	1144.45849	1742.08159	2513.34629	2248.74377	2339.11675	1094.48706	1080.92567	1305.21497	1524.26523	892.09106	1384.41913	1847.97185	1551.79154	1834.95693	1128.95094	1397.35639	2045.80679	1860.04211	1384.10883	855.63898	2928.94058	2516.02557	2720.80042	3378.3859	1976.43319	1623.42973	1625.91559	2188.28233	2041.24646	1437.1285	1463.82434	1781.23104	1884.42245	1315.74921	1901.2416	1276.77236	1796.89432	2065.20155	1288.48261	1555.29939	1827.46194	2105.42932	2198.96799	2102.66572	1804.32925	1668.71284	1014.10742	1055.20481	1829.18252	2104.07071	2693.5283	2116.9866	85.77396	2389.46385	2513.99062	2218.71603	2147.45044	1905.69745	2585.5097	1670.42842	2101.24032	1933.94254	2279.93843	1577.4018	1783.19649	1755.24604	1865.65062	1887.11958	2846.75869	1807.05086	1636.34511	1130.86902	1568.61449	974.33874	1243.76312	1645.99118	1448.46577	2536.777	1256.69598	1135.36904	2321.21133	1877.53211	1733.47143	2138.93895	2230.12671	2253.61559	2216.28507	1908.20105	2121.28783	2199.15072	1005.2922	1293.92348	2361.87237	2715.95493	2240.91934	693.84193	2486.15536	1340.30762	1294.33016	1231.98263	2319.55777	1737.25012	2230.25332	2301.71819	1242.63106	1469.83091	3057.70938	2874.31572	3088.52255	2460.24177	924.56921	1486.0508	2413.19379	1839.53002	1823.60707	1021.44526	1745.08909	1318.02689	1528.48939	1526.38193	2844.1499	2818.76857	1017.6543	1486.03771	2367.09923	2352.60491	2668.74393	2915.13402	2459.42476	2062.54485	1787.64401	1808.04155	1989.46367	1584.66982	2286.49921	2822.28118	2042.48163	2894.01291	2127.39629	2904.96935	2637.02311	856.69942	1105.88937	1687.98609	2261.93136	825.77642	1459.22797	2296.34483	1811.00269	1854.80834	688.96616	1427.32749	2694.65343	2588.25517	2366.61882	2181.11994	1704.92804	2354.5857	2941.95907
GH98	95.9135	4.96425	7.35302	3.56056	3.26944	2.34505	16.66818	8.71121	9.07922	19.11471	5.01784	8.42382	0.28296	0.13203	NA	25.71223	14.82393	8.27138	7.02693	10.34945	2.47988	9.48285	0.43105	NA	5.19504	13.0124	0.34676	0.98983	6.7712	8.58526	3.94933	5.00434	8.0358	4.85717	3.08133	0.09105	0.26864	7.99968	3.00443	0.57727	12.0518	7.34819	5.19794	1.66706	2.18678	1.16412	1.25117	NA	3.02493	2.75489	5.49192	44.54158	2.67924	8.81764	4.31711	1.86711	1.72865	71.42423	56.74662	57.01928	27.08719	2.72364	4.53896	3.0731	0.46025	0.33806	0.73468	4.70737	2.80707	2.60049	7.83024	8.65194	4.07991	3.41534	0.18245	0.41693	4.04464	1.97712	5.71931	0.73577	2.26312	1.5134	0.63678	2.35585	1.81693	4.09878	12.58074	2.92707	2.09263	2.37446	5.37669	2.5506	2.05523	99.01326	5.82357	21.2771	3.02138	3.81483	1.68297	0.63247	6.27701	3.33745	13.72752	10.79011	4.59901	3.95291	2.93627	4.61107	2.49223	6.54492	6.67682	39.96951	5.74866	7.58321	3.02738	8.22436	1.67802	0.5967	0.56096	4.8554	16.38278	9.54496	18.62422	4.58836	4.66662	6.54498	12.22778	0.57039	6.97339	0.74389	3.27839	36.42928	5.06888	3.60204	0.30349	0.44618	1.21477	0.79035	7.93402	4.91397	11.85082	34.54889	1.30561	4.40748	25.9004	7.70825	9.04354	0.87146	1.69246	0.41496	0.78984	5.40178	3.75158	0.88523	1.36728	1.10684	7.04498	12.37747	2.83813	5.796	10.33986	2.77853	1.09461	4.58997	64.43756	0.57014	2.79592	5.9256	14.93569	3.30505	2.87439	0.781	1.92539	12.5814	60.27947	194.14327	0.24515	1.53789	1.4817	6.12446	2.51993	0.31849	2.21985	1.70132	7.94656	101.34089	5.34187	12.86572	10.29267	2.67224	3.51443	6.40254	7.40289	1.48038	1.40502	39.73539	29.70157	8.72276	2.37191	0.05225
GH99	1.58403	0.995	21.59634	6.98112	0.71623	1.16724	2.73697	NA	3.57729	2.64489	4.43094	3.25344	1.05117	6.19305	2.3783	1.47149	1.35759	4.37277	30.32188	6.04723	1.30162	4.03578	1.0909	0.18237	2.37189	2.6799	0.21938	0.36471	1.23368	1.35672	0.80079	0.72139	1.20527	2.24506	1.01165	3.99863	4.14051	1.20977	3.09629	0.29411	3.64489	1.22408	1.82776	0.56805	0.57955	0.03366	1.9934	2.54211	1.0432	2.91724	1.47544	1.5445	1.22589	1.37734	9.27323	0.97454	1.25274	1.70975	2.57997	9.22553	NA	0.32839	0.07199	0.64684	NA	2.73098	11.18483	1.97646	NA	0.65435	17.71785	34.02992	2.72588	1.7304	NA	1.75178	1.76122	1.5426	NA	1.52853	2.5363	1.99324	2.59719	0.26703	1.18409	6.32362	3.80401	0.7218	0.32974	0.56813	0.42051	0.26296	0.08916	NA	11.48336	9.9588	22.1566	11.65548	6.53415	11.85462	12.27836	1.79343	4.45726	17.1707	4.50378	0.83363	0.57529	0.33294	1.84183	1.88476	2.36024	4.81946	5.96219	3.83206	1.03135	4.43975	0.754	1.03962	0.03287	3.62348	0.63115	7.15725	4.12149	0.65632	5.74014	0.7268	2.7187	10.45117	24.87281	0.14308	0.06198	2.57872	1.65946	2.99323	0.16425	NA	0.24957	6.46608	2.17302	2.24121	0.63454	0.20302	0.85503	NA	NA	8.1572	1.2012	2.90612	8.73304	0.16461	1.28866	2.63188	12.84635	1.37014	3.5726	1.02751	1.2143	5.12208	1.98185	2.50001	8.65724	8.82616	4.03513	8.05707	17.8109	1.02858	0.98428	9.83329	NA	1.65318	3.23214	3.1561	0.12445	32.13728	16.61059	0.238	0.03094	2.98468	4.18098	0.15338	8.22874	33.21701	0.25035	0.75295	0.10474	0.08102	3.4499	NA	NA	NA	NA	3.9284	2.18925	NA	1.01615	3.95244	5.35798	4.59054	1.34417	NA
GT1	9.75467	5.66521	9.74673	6.08974	4.91201	3.48573	30.25982	8.57461	18.33834	19.67972	11.68951	21.13222	24.09219	4.4834	3.88377	29.46911	20.30488	48.17875	23.57325	36.40272	19.45091	6.94171	8.32701	5.45568	22.71824	21.55534	4.53222	6.54313	47.00019	42.37198	7.34312	17.07958	27.29731	20.85267	13.0938	12.91092	40.80498	7.82004	6.13457	34.61334	17.78368	27.38362	26.40389	6.95595	7.15012	4.30311	8.68312	11.8304	31.14605	18.42438	67.05846	18.93309	5.39253	11.26523	11.89755	22.42143	24.20794	5.04105	8.87031	98.63186	74.48717	3.27272	4.01045	12.50013	1.79443	6.30167	3.9233	14.71813	55.04148	44.56774	16.62774	26.08219	5.49155	6.32762	6.95302	6.67567	12.65791	3.61931	1.9556	99.97892	25.39007	5.09109	5.41477	4.43883	5.48429	32.21303	24.67601	21.8197	22.84419	14.3098	3.91359	4.9292	7.384	43.85015	42.12024	12.12686	12.80275	4.86732	8.89539	16.97791	18.68422	6.22038	19.22137	71.6632	17.90772	20.80945	15.8814	24.20388	21.35958	6.91313	19.43552	7.46123	44.66143	12.20075	11.29511	16.99767	12.87754	16.65606	13.33642	22.32591	20.02287	17.78122	22.88035	5.52767	5.79185	10.235	14.5848	19.12084	37.70504	18.37716	10.49775	16.25776	17.38106	18.74269	38.09287	35.88709	3.66694	9.56772	20.79013	40.32547	15.96648	29.27159	56.1301	5.09126	2.60938	29.92212	27.06662	13.65221	13.00728	3.34866	7.0865	39.03747	14.64905	19.60675	16.90766	31.30676	33.23781	19.13485	29.6803	30.79352	27.78259	14.02588	14.12341	74.70089	64.98832	17.83345	16.97418	17.4453	9.39374	6.01194	6.355	2.96125	5.03064	28.04576	41.49825	126.47132	3.76113	18.20468	10.10027	15.98649	12.59085	3.96271	39.65418	25.75495	20.75907	7.6454	23.88494	6.83261	2.17202	8.08468	0.35863	44.8612	37.9023	15.59539	11.5578	13.63831	19.95675	10.05259	11.75102	1.62519
GT10	0.32622	9.91543	51.93451	16.90175	9.86519	5.6219	20.77014	NA	2.30688	2.40837	23.31687	29.39971	20.44755	0.61942	0.33503	2.61622	5.71077	7.3108	5.31474	1.39629	23.43596	13.59679	38.06024	8.37734	2.42086	11.77817	19.25922	13.74289	5.81106	2.2745	36.46891	17.95946	11.79468	37.16784	5.80035	15.97072	25.62846	80.54996	27.47366	37.2759	28.44788	8.3415	14.44956	5.01619	156.32553	136.1427	50.64775	53.99428	12.81384	11.54366	61.24353	13.13066	17.80852	15.81413	24.73166	8.48294	5.30823	5.73928	6.22373	59.44259	83.62067	1.2472	1.91191	0.24317	0.05524	16.45131	1.83267	2.49322	0.52752	11.7365	4.44735	5.4957	0.46913	4.86227	0.35383	0.0708	10.8396	0.73782	0.05964	14.79813	13.49542	58.48879	57.75138	10.11321	3.58884	16.44725	34.99905	17.43836	7.41355	7.63169	5.95243	0.82829	8.86211	NA	21.4455	13.10117	2.8985	1.32837	4.88212	1.63916	7.98904	0.46376	23.7128	4.86799	3.71125	11.94579	13.34379	16.43822	8.41572	1.20944	0.93534	0.2158	1.89704	3.74836	6.85908	2.18633	77.79987	26.99255	8.66552	8.69519	24.06764	15.59931	15.90494	2.86524	5.21155	3.00924	6.29725	39.71382	39.08128	14.544	2.7853	36.30745	1.12065	1.00656	22.02111	26.56945	0.04697	0.75689	8.50115	22.90506	12.59441	58.51717	47.084	NA	NA	15.80666	10.84525	5.76055	6.1668	0.67295	1.84443	15.98995	10.13023	1.94193	6.24765	8.12151	16.45767	18.64205	32.11479	19.5058	4.23947	0.02381	9.10284	50.17819	47.25538	0.977	12.98116	2.05312	1.47666	1.55836	0.90584	47.82443	14.57122	19.64008	55.16825	NA	0.09033	0.63555	12.88972	0.79703	12.53475	9.70418	98.14297	14.67716	2.83846	0.39097	10.876	37.1391	14.44799	81.59466	114.75479	5.10187	1.55004	NA	0.02818	0.29911	0.82706	9.65759	0.36681	0.60843
GT101	58.83521	49.79837	46.41138	11.49092	5.00797	1.98317	23.06157	13.53557	26.51013	13.62331	17.52526	20.35655	17.81237	9.84931	2.3685	10.41968	20.22156	67.43834	46.01338	19.03831	9.59367	12.12549	18.29516	1.43669	44.70676	47.53883	12.77609	18.14763	11.00545	7.43265	9.14425	7.49072	22.45898	84.31366	98.51275	24.33409	11.21892	13.11071	12.26464	5.67089	32.66224	4.1043	15.14789	2.15113	7.86772	2.76739	3.81434	19.71098	27.42334	21.65554	3.15346	19.51323	5.44297	5.28452	63.88052	33.1137	64.63578	4.42765	11.90014	127.63748	64.40538	36.79914	47.08974	27.59922	1.56212	23.42089	13.96189	7.77478	31.79645	26.39397	14.70167	11.07984	5.73795	12.75635	1.18288	7.68947	33.1062	24.80069	32.05711	39.8893	54.78894	56.84258	91.31597	9.927	9.83157	5.32212	4.87643	27.21472	10.20451	6.20233	4.418	1.94329	2.41397	5.55446	111.87398	3.52092	13.63509	8.62999	11.15201	4.0248	4.82985	4.25531	89.10744	115.55791	61.26468	3.89136	1.70326	19.06519	2.61515	2.55881	153.36956	89.02171	54.70019	83.66843	5.2076	3.68389	15.15291	19.3719	2.67913	18.83265	18.52935	134.25118	97.97433	4.23446	13.52904	6.14337	11.55016	79.26152	104.46036	4.67977	13.03668	32.51401	71.4551	161.50331	103.92257	99.73007	5.03358	55.45882	3.18262	6.43067	19.71966	36.62951	11.73139	5.17799	29.74228	36.55143	39.73578	55.72561	70.08197	0.68157	9.5174	4.13947	1.85599	3.49036	32.12181	17.09188	20.14546	18.72509	83.44518	61.90353	129.58978	75.86831	68.70548	34.05467	184.19395	18.74996	9.08174	0.45728	7.15697	18.33669	13.95312	5.3309	4.70395	78.90365	100.32067	125.28025	0.32159	3.47433	3.74569	0.60826	2.81942	2.83291	9.67432	20.40924	0.4239	0.28544	28.9689	14.61418	35.12376	116.43572	68.95446	8.0017	15.9833	1.63386	4.38464	1.97209	2.56541	16.41546	2.15331	0.34271
GT102	0.20219	0.97788	NA	NA	NA	NA	NA	NA	0.11257	NA	0.2122	5.29506	2.48332	NA	NA	NA	NA	NA	NA	NA	NA	NA	NA	NA	NA	NA	0.19708	NA	NA	NA	NA	NA	NA	NA	NA	NA	NA	NA	NA	NA	NA	NA	NA	NA	NA	NA	NA	NA	NA	NA	NA	NA	NA	NA	NA	NA	NA	NA	NA	NA	NA	NA	NA	NA	NA	NA	NA	NA	NA	NA	NA	NA	NA	NA	0.07778	NA	NA	NA	NA	NA	NA	NA	NA	NA	NA	NA	NA	NA	0.09623	NA	NA	NA	NA	NA	NA	NA	NA	NA	0.07655	0.25392	NA	NA	NA	NA	NA	0.0917	0.54957	NA	NA	NA	NA	NA	NA	NA	NA	NA	NA	NA	NA	NA	NA	NA	NA	NA	NA	NA	NA	NA	NA	NA	NA	NA	NA	NA	NA	NA	NA	NA	NA	NA	NA	NA	NA	NA	NA	NA	NA	0.14038	NA	NA	NA	NA	NA	NA	NA	0.08216	NA	NA	NA	NA	NA	NA	NA	NA	NA	NA	NA	NA	NA	NA	NA	NA	NA	NA	NA	NA	NA	NA	NA	NA	NA	NA	NA	NA	NA	NA	2.871	NA	NA	NA	NA	NA	NA	NA	NA	NA	NA	0.8202	NA	NA
GT103	NA	NA	NA	NA	NA	NA	0.03792	NA	NA	NA	0.20588	NA	NA	NA	NA	NA	NA	NA	NA	NA	NA	NA	NA	NA	NA	NA	0.50478	NA	NA	NA	NA	NA	NA	NA	NA	NA	NA	NA	NA	NA	NA	NA	NA	NA	NA	NA	NA	NA	NA	NA	NA	NA	NA	NA	NA	NA	NA	NA	NA	NA	NA	NA	NA	NA	NA	NA	NA	NA	NA	NA	NA	NA	NA	NA	NA	NA	NA	NA	NA	NA	NA	NA	NA	NA	NA	NA	NA	NA	NA	NA	NA	NA	NA	NA	NA	NA	NA	NA	0.13369	0.03285	NA	NA	NA	NA	NA	0.05237	0.26901	NA	NA	NA	NA	NA	NA	NA	NA	NA	NA	NA	NA	NA	NA	NA	NA	NA	NA	NA	NA	NA	NA	NA	NA	NA	NA	NA	NA	NA	NA	NA	NA	NA	NA	NA	NA	NA	NA	NA	NA	NA	NA	NA	NA	NA	NA	NA	NA	NA	NA	NA	NA	NA	NA	NA	NA	NA	NA	NA	NA	NA	NA	NA	NA	NA	NA	NA	NA	NA	0.09746	NA	NA	NA	NA	NA	NA	NA	NA	NA	0.82545	NA	NA	NA	NA	NA	NA	NA	NA	NA	NA	NA	NA	NA
GT104	NA	4.65117	2.34695	1.76906	NA	3.88761	19.13532	11.72222	11.64972	6.9406	5.71616	9.94788	9.87439	1.76603	1.16963	3.84383	3.46782	5.54638	2.50664	NA	2.93677	8.15876	20.62031	4.52481	6.53231	8.89294	18.24163	20.20619	6.97914	2.56719	5.10189	4.16238	7.63708	13.08484	2.28162	6.04997	2.75965	6.04042	3.44452	4.85551	8.60935	4.39523	2.62428	5.24568	6.20462	4.3329	6.72754	21.41188	0.39743	0.42427	0.8961	2.05509	1.51479	4.26611	4.94528	5.94866	5.51999	1.5133	3.20411	4.66374	1.20712	3.59818	4.36112	5.16662	1.73572	19.24363	1.49167	9.1469	NA	1.79639	14.82849	6.65935	3.02655	3.53317	4.02203	9.43706	13.03563	5.08823	2.58933	4.16195	5.79141	5.32927	7.04691	4.26356	1.1412	2.03706	0.67117	10.45754	5.15381	5.27818	1.57033	2.21111	2.78383	0.34474	5.52465	6.69112	NA	0.02733	4.45847	3.9801	5.71798	7.59878	12.87465	4.63902	12.17684	0.98354	1.22406	2.10957	4.05956	3.81448	0.11486	0.74064	3.37631	2.28667	5.69818	18.60891	3.67456	1.05822	6.58305	11.68821	1.99097	11.97627	14.00254	NA	3.46383	4.28534	7.67806	1.61227	2.82728	3.38956	7.9204	6.38192	7.33025	8.30881	3.13938	0.15329	5.57868	5.10818	10.09509	5.11923	3.24978	5.77778	9.74339	3.9564	2.54071	5.00187	2.68075	4.3936	2.92966	4.21053	1.28055	11.66492	6.2777	14.66306	7.9687	3.50199	4.32341	2.23463	3.50837	3.88328	4.56981	7.14045	10.21648	18.70158	3.36318	2.38557	1.80034	7.25508	5.44337	3.14331	3.40625	2.64996	1.21144	3.40611	10.55785	9.87048	5.47571	9.7902	4.16278	12.86801	7.41467	7.08054	1.98522	0.07611	12.57136	19.75298	17.24655	0.06915	NA	2.90667	5.14504	5.10686	9.41319	5.39217	7.96069	2.10097	3.58927	5.43599	2.57777	1.91411
GT107	1.18968	0.93156	1.40685	1.47288	1.17751	1.18168	4.09914	1.99623	2.39628	4.45639	1.43013	8.86099	1.72531	1.35823	0.23655	3.74827	1.44624	4.22404	0.8113	3.37197	3.72973	0.95419	0.43083	0.19889	3.38942	2.13049	4.42938	0.3657	2.68867	2.02922	3.30382	2.64269	3.01926	1.36879	2.56344	0.65881	0.78349	1.32284	4.48202	0.83675	1.17037	1.02846	0.81163	0.71255	2.37247	0.34889	2.16904	1.91379	0.77407	1.13261	8.82402	1.69993	1.29257	3.22803	0.41667	1.51157	2.59505	5.21598	2.15271	2.64814	25.10186	1.77637	4.1289	1.39264	0.84635	0.45225	1.1162	2.57801	13.07123	9.39837	3.25268	6.33174	3.24252	4.48645	23.10596	1.90604	6.47789	3.22315	0.14855	1.68969	2.98672	0.31254	4.1467	0.42832	0.57655	2.10996	1.00181	3.55557	0.85824	2.14151	NA	NA	2.46648	20.37485	6.65753	2.44521	0.08091	2.11114	1.74223	0.71859	1.33225	0.54229	9.87263	4.86242	15.72295	1.12574	1.09397	1.32902	0.46888	1.61256	2.05322	4.44259	2.55662	1.49038	1.07547	0.28291	3.80379	0.90973	1.98813	1.60607	2.65407	3.17997	15.30374	3.79647	6.22832	2.36337	5.02702	3.8285	11.00586	3.69375	8.29919	0.30773	4.15601	5.14055	2.43134	1.43937	3.15713	2.30423	2.77105	0.32579	2.43148	6.69006	0.30314	0.32279	4.73884	2.04274	2.3546	0.16906	0.0677	0.28786	0.08545	1.87518	1.40365	3.12973	0.33549	0.85668	0.43936	NA	1.87659	1.16963	3.41329	2.77991	0.78217	4.41649	3.44416	2.23106	0.49257	3.58651	1.58421	1.29003	3.5038	1.4082	6.11747	4.48568	3.41266	6.43738	0.28391	2.57154	3.81726	14.43773	7.26438	1.67121	1.32751	1.9955	0.86443	0.13252	1.125	0.69922	3.73425	8.46012	18.19286	4.93612	1.50884	0.0909	0.77488	0.82394	0.56223	4.37578	1.1768	0.28181
GT108	NA	0.21666	NA	0.43757	NA	NA	NA	NA	0.13254	0.19331	1.22259	NA	NA	0.64347	1.17687	0.16025	0.45006	0.7592	0.66496	NA	0.08301	0.32005	NA	0.0561	NA	NA	0.03242	NA	0.03643	NA	NA	0.17428	0.074	0.03549	NA	0.12928	0.54596	NA	0.21391	0.16245	0.34724	0.22803	NA	0.21047	0.25007	NA	0.03456	0.87096	0.65974	0.28988	0.03621	0.27657	NA	0.19474	0.05831	0.25223	0.23598	0.02903	0.03382	0.54588	0.32162	0.06808	NA	NA	0.72277	0.19448	0.391	NA	NA	NA	NA	NA	0.47146	0.06238	NA	NA	0.13933	0.03683	NA	0.12483	0.15042	NA	NA	NA	NA	0.13164	0.3436	0.05833	0.08137	0.12727	0.03746	0.07027	0.10541	0.12592	0.15552	NA	0.2006	NA	NA	0.04625	0.06813	NA	NA	0.03145	NA	0.10938	0.06243	NA	NA	NA	NA	NA	0.03217	0.15489	0.44735	NA	0.61822	NA	NA	0.04753	0.03236	NA	NA	NA	NA	NA	NA	NA	NA	0.03824	0.02559	0.17941	NA	0.05111	0.09594	4.54393	NA	NA	0.18523	0.07238	0.09609	NA	0.30287	NA	0.18661	0.16684	0.15139	NA	0.05921	NA	0.10346	0.10952	0.24957	NA	NA	NA	NA	0.0606	0.06926	NA	NA	0.03112	NA	0.02277	0.10205	0.02787	0.17951	0.14504	0.07433	NA	NA	NA	NA	NA	0.28962	0.10212	NA	0.11202	NA	0.08715	NA	0.26247	0.0873	0.1865	0.15084	NA	0.29055	0.27328	NA	NA	NA	0.62147	1.27904	0.07003	NA	NA	NA	NA	NA	NA
GT11	82.52826	128.06609	195.28001	144.42027	23.15469	28.76777	74.92362	101.48895	145.78915	103.41808	98.16658	138.30478	100.84168	62.93634	64.95718	44.67932	67.3026	152.21162	194.5459	129.89275	111.73442	94.50749	136.24056	89.81803	146.90914	124.91707	21.71587	38.55851	51.05732	60.31997	136.83099	162.26512	65.87724	266.51599	224.95126	132.90746	107.53064	113.50612	101.0561	31.83669	116.99015	86.82841	133.95619	29.93975	30.44804	35.0596	113.48634	126.32697	185.97038	180.35863	113.40452	128.3238	115.07211	116.80124	96.88709	104.82538	94.2974	56.46309	105.60967	24.30388	8.6337	158.12874	140.86294	133.53693	109.03785	117.95775	78.50608	112.86048	72.90312	95.08964	193.08705	152.20949	177.52512	172.52046	79.10649	148.0262	61.06665	167.64746	207.31465	106.87258	128.553	218.90048	179.29885	40.26503	30.78568	120.21691	103.23674	54.45168	60.69959	100.19857	27.29409	26.24956	38.55199	34.99786	166.0947	21.17239	159.37562	137.31884	142.825	46.70737	99.90041	166.73695	173.75438	143.61979	110.80554	62.77462	40.71043	72.01288	43.37301	209.60332	174.64252	134.45551	103.72834	130.76504	77.19416	64.90798	235.45966	196.43809	19.74393	53.91139	132.69611	210.61103	144.43297	148.66109	215.22836	27.82708	41.97406	143.38675	83.41103	35.81091	32.27366	142.09146	156.48252	329.02498	133.40197	125.63947	48.64625	197.65767	100.31405	87.94855	74.41521	56.15503	129.94304	135.22111	163.34006	110.9653	153.78878	287.85313	257.52489	11.08952	21.22206	68.52849	119.42373	40.8977	125.49252	126.78214	129.36556	191.39819	164.2128	141.62601	81.71636	172.43824	236.73234	99.11897	60.29433	163.07615	170.39546	92.23713	131.5198	189.13849	134.14779	168.99384	137.57651	69.46852	116.13236	76.51805	1.92316	13.25964	180.68369	163.51571	161.66846	182.27773	52.54884	87.03594	16.65447	77.49266	63.39454	130.18666	182.52252	103.95372	40.90055	66.59717	89.24983	9.75167	16.36663	25.234	38.56167	68.26417	24.9768	6.11493
GT111	127.55027	108.46006	182.27613	300.32778	139.74329	88.86242	183.14727	242.19191	216.83038	121.73308	109.20277	115.09696	124.08299	93.22097	74.05877	160.76834	167.2597	149.04713	182.2471	121.29984	156.44673	98.11237	76.04565	52.03394	107.3078	141.57302	74.62609	92.84853	74.60857	51.2684	97.44341	100.78901	102.23695	219.96	139.8546	254.07138	161.82359	174.91456	106.10862	50.97706	90.83472	126.60979	162.36803	85.1979	240.14416	212.97459	180.90359	235.05253	62.83649	89.17213	87.24385	122.77682	98.6637	116.79942	128.31975	189.80486	204.2433	147.89022	185.4725	29.28533	87.81358	89.76497	94.79015	185.18164	194.74099	168.18914	113.10488	68.5673	17.18967	28.86404	138.34797	163.23106	126.60229	213.7775	106.98202	92.60844	57.06574	43.06449	40.78969	38.30707	94.05648	96.89923	136.24002	71.10863	114.76045	142.93867	103.5137	86.29767	149.43674	72.5355	85.90592	79.11827	146.42563	83.42318	93.20257	60.15184	197.77198	173.73645	150.12609	556.20503	181.60631	296.47375	179.56484	148.92781	159.64848	92.88859	59.85301	93.21296	81.5697	235.44726	151.26193	181.50952	158.93722	187.0739	63.74871	60.90376	116.22334	164.36534	93.96716	77.97764	133.32303	147.43579	101.32938	207.47271	206.36306	76.80547	90.53526	24.91406	28.77425	280.83622	243.34928	120.89032	123.41492	220.37034	142.89703	154.32672	37.62579	116.26575	63.16693	69.18361	136.33416	115.8877	141.30411	96.45301	108.34321	142.56647	152.77128	169.95016	127.79267	77.71077	101.17934	74.74894	139.85551	57.9806	109.93362	120.08629	189.28864	135.2421	209.93276	171.23698	231.58612	239.95375	128.36685	64.65674	50.70077	121.4904	162.76751	169.35613	279.8002	173.29237	119.23818	130.59847	69.81491	69.3421	52.14076	27.07412	48.13734	101.32984	48.13292	207.8074	40.44432	44.14613	187.82394	179.40295	34.93481	17.10753	179.68362	165.31169	221.91765	69.6035	21.31748	107.93926	127.54132	52.44149	77.20091	62.56764	62.59674	185.54392	128.6034	126.32294
GT12	NA	4.00624	NA	NA	NA	3.74608	NA	NA	NA	NA	24.17171	0.78554	1.86472	NA	NA	NA	NA	NA	NA	NA	NA	2.79728	NA	NA	3.13022	3.64691	NA	NA	NA	0.08758	NA	NA	0.05393	NA	NA	NA	NA	NA	NA	0.07356	NA	7.39115	6.02462	NA	NA	NA	NA	NA	NA	13.88066	NA	3.72765	NA	NA	NA	NA	NA	NA	NA	NA	NA	NA	NA	0.85125	0.0804	NA	NA	NA	NA	NA	0.08775	2.51506	NA	NA	NA	NA	NA	NA	NA	NA	NA	NA	NA	0.07819	NA	0.17887	NA	NA	NA	NA	NA	NA	NA	NA	NA	NA	NA	NA	0.07817	NA	NA	NA	1.60736	NA	NA	NA	NA	NA	NA	0.20773	NA	NA	NA	NA	NA	NA	NA	NA	NA	NA	NA	NA	NA	NA	NA	NA	NA	NA	NA	NA	NA	NA	NA	NA	NA	NA	NA	NA	NA	0.33151	NA	NA	NA	NA	NA	NA	NA	NA	NA	NA	NA	56.47579	17.76388	NA	NA	NA	NA	NA	NA	0.14065	NA	NA	25.20232	30.8041	0.07974	2.03338	NA	2.23656	NA	NA	NA	0.31101	0.48578	NA	NA	NA	NA	0.06978	NA	NA	NA	NA	NA	NA	NA	NA	28.79489	NA	NA	NA	NA	NA	NA	NA	NA	NA	NA	24.86435	NA	NA
GT13	NA	NA	NA	NA	NA	NA	NA	NA	1.11185	2.08493	0.0596	NA	NA	NA	NA	NA	NA	NA	NA	NA	NA	0.04471	0.18338	0.01398	0.03761	0.10679	NA	NA	4.66652	1.1138	NA	NA	NA	NA	NA	NA	0.04526	NA	NA	0.05641	5.33386	NA	NA	NA	NA	NA	NA	NA	NA	NA	NA	NA	NA	0.11638	NA	NA	NA	NA	NA	NA	NA	NA	NA	NA	NA	NA	NA	NA	NA	NA	NA	NA	NA	NA	NA	NA	NA	NA	NA	NA	NA	NA	NA	NA	NA	NA	NA	NA	NA	NA	NA	NA	NA	NA	NA	NA	0.03853	NA	NA	NA	NA	NA	NA	NA	NA	0.11206	0.03198	NA	NA	NA	NA	NA	NA	0.02975	NA	NA	NA	NA	NA	NA	NA	NA	NA	NA	0.09581	NA	NA	NA	NA	NA	NA	NA	NA	NA	NA	NA	NA	NA	NA	NA	NA	NA	NA	NA	NA	NA	NA	NA	NA	NA	NA	NA	NA	NA	NA	NA	NA	NA	NA	NA	NA	NA	NA	NA	0.05829	NA	NA	NA	NA	NA	NA	NA	NA	NA	NA	NA	NA	NA	NA	NA	NA	NA	NA	NA	NA	NA	NA	NA	NA	NA	NA	0.84076	0.41371	NA	NA	NA	NA	NA	NA	NA
GT14	59.19305	53.72618	146.20128	118.21588	15.506	14.41572	92.69235	36.4148	103.97653	120.35643	64.30188	80.13233	45.85995	37.52185	24.80801	103.0011	153.68938	26.55454	45.34864	125.30937	93.04902	69.38753	25.57924	12.2031	76.39353	41.5579	228.82724	279.93884	35.57088	49.26971	25.56041	52.70249	81.8511	54.08426	72.87237	129.53003	89.05311	55.63641	52.22091	18.12395	61.42136	65.84851	74.32813	232.79686	476.27788	501.92212	52.14314	36.24761	112.75322	123.08235	59.34202	118.59811	18.86753	21.35253	88.02163	90.75263	122.13549	200.01339	142.99138	2.34993	6.37472	21.80325	21.03437	251.12034	441.69134	63.39972	51.57391	21.22338	13.58584	13.94571	73.27893	41.63974	119.54157	124.18116	122.42444	136.05586	43.32991	143.1924	168.9218	36.96142	23.79509	191.01793	187.70913	246.37905	218.22205	110.97999	136.8313	34.8081	43.51832	79.08736	152.45952	199.9916	432.0045	4.21964	86.12641	203.55364	187.72471	150.49011	37.34578	210.82503	85.89861	171.84338	110.12229	77.64933	43.7287	258.50505	278.00162	11.05556	27.88299	25.88989	20.58405	33.05719	91.16632	113.22182	40.4268	53.45995	86.81189	138.2781	95.60627	71.40891	33.74367	144.98192	95.54232	132.7958	135.22108	14.26303	23.5453	121.1469	68.04972	10.48784	16.14373	28.00984	46.23009	45.56381	136.59114	113.97498	16.68328	76.89775	51.20449	122.9651	22.23674	73.1048	23.88247	53.94151	88.95052	46.26883	52.30608	139.32826	140.56535	296.94483	252.41445	74.25771	112.46458	34.0677	51.76922	50.40196	43.82732	73.33363	87.98555	98.62863	46.83196	65.17563	217.13465	64.91957	100.00318	233.40623	211.90381	55.59973	34.17579	28.83202	24.75273	80.61473	44.9846	66.33102	17.31074	210.79149	88.58881	73.78821	262.79836	160.57372	209.32138	44.92628	47.52532	70.30166	89.77195	227.79206	60.55439	26.99074	44.34077	148.06565	81.88494	45.40375	69.50532	120.05309	174.13731	155.18452	198.67171	40.27488	222.65754	292.46462
GT15	NA	NA	NA	NA	NA	NA	NA	NA	NA	NA	NA	NA	NA	NA	NA	NA	NA	NA	NA	NA	NA	NA	NA	NA	NA	NA	NA	NA	NA	NA	NA	NA	NA	NA	NA	NA	NA	NA	NA	0.21479	NA	NA	NA	NA	NA	NA	NA	NA	NA	NA	NA	NA	NA	NA	NA	NA	NA	NA	NA	NA	NA	NA	NA	NA	NA	NA	NA	NA	NA	NA	0.06156	NA	NA	NA	NA	NA	NA	NA	NA	NA	NA	NA	NA	NA	NA	NA	NA	NA	0.06607	NA	NA	NA	NA	NA	NA	NA	NA	NA	NA	NA	NA	NA	NA	NA	NA	0.49321	NA	NA	NA	NA	NA	NA	NA	NA	NA	NA	NA	NA	NA	NA	NA	NA	0.03828	NA	NA	NA	NA	NA	NA	NA	NA	0.08924	NA	NA	NA	NA	NA	NA	NA	NA	0.29327	NA	NA	NA	NA	NA	NA	NA	NA	NA	NA	NA	NA	NA	NA	NA	NA	NA	NA	NA	0.11894	NA	NA	NA	NA	NA	NA	NA	NA	NA	NA	NA	NA	NA	NA	NA	NA	NA	NA	NA	NA	NA	NA	NA	NA	NA	NA	NA	NA	NA	NA	NA	NA	NA	NA	NA	NA	NA	NA	NA
GT17	0.38878	0.43072	3.40391	2.10969	0.45445	0.3529	3.75732	4.31836	0.51371	0.28696	7.93197	0.41688	0.18557	0.03384	NA	0.51207	0.49432	5.16286	0.52983	0.82958	1.73022	6.43007	1.92743	1.36069	0.66333	1.43467	0.99163	0.83961	2.14648	3.11213	0.10404	1.25039	2.58539	1.39884	2.36181	8.41517	3.40693	1.6975	2.68116	1.53907	1.9679	2.48329	0.77845	0.39798	0.19487	0.08487	2.73308	0.82316	8.42421	2.97725	0.44395	11.37908	4.00409	2.76091	3.1022	1.10838	0.62995	0.36198	0.53861	0.12579	NA	0.37991	0.47031	1.54614	0.44896	2.76709	NA	3.02746	0.07355	NA	0.04177	0.15438	0.55075	0.12532	0.68976	0.52538	0.2532	2.86377	2.68109	0.19488	0.23169	0.06695	NA	0.42591	0.16858	1.41628	0.30995	0.51596	1.34116	1.24349	NA	NA	0.21704	NA	0.15188	NA	2.42429	3.35852	8.20263	NA	NA	2.90144	1.85857	3.14653	1.75288	0.85657	0.09707	0.05536	NA	9.54499	2.20105	1.05787	5.68423	7.49143	0.65475	1.21997	8.54997	6.06033	0.24692	1.24118	1.99475	3.83449	1.44824	2.43955	1.56865	0.58792	2.39116	0.09201	NA	0.0398	0.82749	0.90659	10.78057	0.11633	0.145	0.05636	0.27284	0.30996	2.02171	2.75006	0.89853	0.65402	3.80472	0.5461	2.72447	4.14347	2.88881	3.14926	1.88495	5.76712	1.9998	1.79639	1.39963	0.52612	0.16296	0.73708	9.64274	8.58315	3.09069	3.16669	0.12084	NA	0.36315	0.49091	0.10542	0.68465	0.04667	2.08887	1.3201	0.12045	0.07423	0.99013	0.25775	0.02942	1.65622	0.33169	NA	0.37861	0.74101	2.62579	0.53087	0.33526	0.45572	0.53825	1.12308	4.04736	2.61314	2.55545	4.23077	39.02315	5.66378	4.0745	5.60578	0.27861	0.12153	0.03035	0.55171	1.46275	0.29777	NA
GT19	253.7495	316.94352	253.2141	182.80787	313.50139	337.10524	438.7524	374.22793	293.47555	298.3899	290.39239	292.98038	277.94641	328.22375	317.38931	232.09193	330.10288	234.06586	230.56576	316.05851	349.6809	199.81261	414.16192	368.4219	365.72271	329.83866	469.23561	511.00848	212.08244	279.73912	315.88345	327.38729	311.49233	278.5329	267.56204	311.36968	194.48986	295.98221	326.57639	245.17581	323.06952	173.67347	262.83522	429.86789	469.91054	466.04669	195.85668	188.17183	239.16633	275.33251	210.53123	283.95595	295.88144	291.20075	270.41129	219.23946	304.14637	437.67097	359.82778	244.91905	323.64429	330.04593	320.93108	392.55901	433.93962	375.94266	318.22824	335.9271	371.72191	345.9414	382.51228	293.60297	354.05407	302.38912	530.5978	437.95483	330.36584	338.73474	363.83785	359.26192	371.50962	397.42545	445.2082	485.28262	471.08608	259.05573	297.44746	316.00041	216.31115	317.11106	386.41189	375.47888	415.50372	73.76597	221.85905	377.5536	313.20746	369.38782	360.77735	458.6614	335.72133	283.12825	263.91915	288.35209	325.09006	320.66118	344.86818	396.69628	406.8019	381.91899	410.37052	296.12286	188.29078	229.21961	300.23972	351.3806	337.97312	244.20166	349.55441	269.99654	315.12021	339.85457	373.42183	383.47796	366.97626	209.22906	267.65686	361.15707	302.49019	422.64243	371.23346	230.59262	259.38347	316.21849	301.80336	252.16511	342.04544	402.61856	286.70426	236.78111	160.07445	285.43918	194.07665	378.5661	346.69174	247.94676	287.62173	342.28758	314.6362	528.85396	446.623	233.60445	241.68851	328.37323	271.81048	295.25803	163.25825	363.13736	297.69359	295.2139	212.05478	317.26568	359.30729	270.11196	283.28583	453.57506	377.50612	325.26429	316.65023	483.57491	449.18102	305.77801	540.63806	259.79664	194.89929	219.89443	368.38091	346.15125	357.13957	267.66184	380.0162	347.86281	200.18741	255.71654	253.34254	399.05593	224.69639	242.30129	299.18256	191.48877	261.36477	130.94553	282.20195	377.36108	428.72782	386.92198	375.55945	284.51726	456.57591	564.35578
GT2	4574.71208	5323.1977	6147.8391	5971.90837	6005.94447	5461.39867	7233.71053	6978.71603	5388.78519	5100.70089	4803.30992	4835.27388	4874.57658	4386.87129	4205.33591	4783.12193	5752.17529	5625.81933	6546.30359	5856.76824	5360.68864	5180.80886	5176.63066	4459.665	5585.954	5837.10858	5974.15391	6437.32184	4771.12702	5085.45414	5464.63527	5727.75158	4648.89793	6098.42134	5218.96423	6645.74685	5970.43033	5284.40223	4932.83251	5231.79914	5568.38414	5160.41671	5601.84465	5814.97065	6812.75303	6588.0054	6027.44666	6534.92053	5356.43606	4953.85609	5587.51793	6057.3908	4467.99428	4679.38593	5282.92468	5527.06898	5826.11012	6223.80827	6069.56151	4316.26621	5100.90126	5509.69124	5310.35555	6069.84036	6163.49791	6214.54996	4606.74006	4611.55442	4812.99901	4786.39788	5618.58564	5662.71396	6177.68974	6316.4225	4861.07855	5758.98224	6045.9849	4582.93869	4889.89537	4313.51846	4586.62455	6576.73256	6343.39295	7363.45689	7129.3979	5496.61334	5279.25247	6145.82161	5183.0048	4666.18513	5286.99564	5621.3442	6531.11962	3647.07062	6074.07417	5710.54304	7282.26697	7024.47653	5682.00292	7798.63564	6401.68553	7302.28409	6137.04036	6157.16749	5765.69718	5592.33533	4976.60843	5392.28895	5366.07498	7161.63621	5827.69636	5655.54284	5788.45962	6252.50445	5775.21979	5691.0746	5251.48172	5933.74735	6223.63486	5026.9539	5218.38612	6275.48605	5509.57839	5770.43016	6184.58199	4153.90109	4670.88586	5025.42215	4394.78152	6826.73196	6475.71657	5084.88234	5951.66131	6668.47679	6884.47064	6355.68142	3665.82176	5419.90591	4730.33124	5159.51254	5574.72094	5716.06493	5571.68786	4312.81099	4697.71691	5595.16624	5840.22997	7241.81928	6895.92019	6894.86372	6317.24727	4236.72928	5138.97046	4703.20737	5001.51929	5194.9903	6594.48027	6919.18921	6240.15995	5980.4985	5560.73843	6614.8038	6389.82913	4216.86813	5401.4707	6258.64614	6379.39722	5052.92995	6634.32129	7314.64571	6238.36075	5695.31205	4441.4164	4859.56885	4485.39251	4983.40517	6053.06408	5179.89948	5945.63538	6999.66686	5468.12381	4691.99718	5371.93321	5714.68089	4342.94522	5450.48691	5317.4763	4182.53155	6178.16998	5829.00613	4626.3073	5320.31476	5592.68202	6180.22856	6663.66424	5472.98529	5741.62058	4737.15508	6140.40198	6627.3358
GT20	81.54589	119.28318	104.44664	74.20298	35.1254	23.40317	269.25133	230.61267	137.6693	114.90039	73.76117	90.48467	71.63158	230.26492	321.33011	28.3276	32.00396	134.14641	145.88973	229.48656	118.35253	48.24395	115.40102	26.21974	103.78381	102.72558	96.11666	73.67429	67.07962	72.06483	85.68921	75.8009	48.38733	174.92862	199.05021	148.75339	91.31944	69.15715	62.54718	19.21473	103.34717	85.78529	141.27805	12.25961	58.07543	24.88685	60.06897	82.53392	92.36379	89.75635	108.16761	102.87581	18.10573	39.798	162.07325	66.57872	72.10285	60.2722	62.09307	137.6911	207.79077	37.93915	35.90008	101.18915	5.30957	163.93239	251.77264	58.83948	88.19096	83.37115	134.16981	142.38714	103.93801	148.81053	87.12921	90.47813	58.72156	51.62207	32.17106	233.52043	233.34565	96.38312	129.09806	15.1672	17.64535	178.51013	216.14249	37.01443	51.81137	40.04809	92.05061	31.1367	20.51008	64.28333	221.60387	13.73566	195.80609	152.71188	150.82375	22.39083	32.45804	172.72675	200.58637	448.40981	369.22823	39.17812	24.51122	77.80628	58.68878	203.70941	220.16029	171.30475	95.18782	154.99912	61.07079	48.26554	51.65353	89.79161	6.62097	50.96502	40.1915	151.17039	115.75571	119.82028	157.19489	27.60667	58.68554	103.36802	112.40008	8.83678	32.69064	49.116	118.10443	237.34287	244.28448	170.23443	15.62258	245.67699	45.20048	64.29664	81.17635	178.18008	34.20834	59.58844	97.53937	93.28099	106.74134	267.23523	229.84785	9.28007	25.74651	47.66994	100.82258	51.92946	97.73874	117.44754	60.90374	65.73172	87.91455	97.18653	116.5939	182.7431	225.67785	67.30857	88.70851	48.62775	43.00042	158.89206	208.12095	105.27897	82.36716	165.10031	78.47624	108.57619	90.2661	190.36335	6.43891	22.05307	147.11089	182.55501	155.59794	155.9868	42.46725	60.16476	7.56282	6.37113	98.61531	130.62167	171.79404	110.46197	108.14201	49.22889	79.50852	4.45379	8.2582	8.10838	8.40901	82.21155	21.47533	2.1391
GT22	NA	0.53748	0.18347	0.33081	NA	NA	NA	NA	0.14491	1.90503	2.21683	1.10446	0.10453	0.59743	NA	2.41334	1.06729	0.14404	0.07653	NA	0.50951	1.62064	NA	0.02071	0.38313	0.04441	0.02417	NA	6.25917	1.22109	NA	0.93067	1.48757	1.09632	0.79456	0.31803	0.64275	0.22236	0.31957	0.0601	0.1506	2.31184	1.17586	0.27024	0.52268	0.30882	0.31981	0.05869	NA	0.44663	1.34539	1.92591	0.08627	1.22282	0.16914	0.43187	2.58204	NA	0.11122	NA	NA	NA	NA	0.27912	NA	0.04143	0.23707	0.32338	0.27101	0.40179	0.28855	NA	0.40921	0.43055	NA	0.07371	0.77957	0.07834	NA	0.67399	0.69881	0.05157	0.70641	0.11204	0.05095	2.17456	0.24028	1.67176	2.42938	1.06955	0.6348	0.17492	0.80367	NA	0.12404	0.12722	0.38261	NA	0.77235	0.05609	1.44985	0.02169	0.14709	NA	0.586	0.67215	0.61353	0.09884	0.32333	0.57025	NA	NA	0.51197	0.11451	1.24399	1.3293	NA	0.11363	1.37259	4.19656	0.04986	0.40837	0.72546	0.03565	0.12227	0.15073	1.52626	NA	NA	0.24799	0.58387	NA	3.17888	1.45064	5.53694	3.38769	NA	0.31163	2.11074	3.29244	NA	NA	0.65331	NA	NA	1.43728	1.46371	5.04646	2.77303	NA	1.09101	3.48133	2.05881	0.62167	0.50907	0.71821	NA	0.32223	2.71055	2.06836	NA	0.15958	1.0534	4.21524	NA	0.5023	NA	NA	NA	NA	NA	0.03937	0.09312	NA	NA	NA	NA	2.60864	0.20266	0.3811	0.44415	4.53058	1.6488	5.35364	3.72032	NA	2.12775	NA	NA	NA	NA	0.82151	1.97763	NA	0.41542	0.4685	0.74712	0.53915	1.06386	0.02249
GT23	57.49311	68.71163	63.93361	85.78721	89.12539	102.82258	174.06841	218.98006	69.19711	41.90266	36.9756	22.07524	31.62208	51.20138	43.94116	13.95406	17.48271	93.06564	116.39438	96.81319	45.0314	20.29794	60.69554	18.42644	44.58345	77.22225	26.44599	44.65565	15.85046	12.1658	41.49403	39.18152	17.39907	82.00622	72.8628	128.67181	49.24183	42.57963	29.63144	10.97926	40.4808	32.5263	73.62652	5.69831	143.2294	172.6714	51.44854	73.71883	38.02849	45.25405	32.75785	59.23524	8.49456	19.0493	74.73511	55.29491	60.764	19.43711	27.10347	30.16243	62.72718	54.96862	37.40829	141.58111	135.33306	78.89857	64.20943	8.8119	1.54253	7.67554	35.73325	59.82529	67.17459	94.7588	101.44769	61.84021	19.11384	24.65508	25.54738	38.87275	48.06228	58.94794	100.98214	6.37457	7.00546	72.70267	54.29511	16.11295	15.52717	13.8212	19.44205	30.06943	11.4416	28.46694	61.85348	22.98796	96.84064	99.05396	87.30527	20.49672	34.61387	150.19261	99.31664	73.79535	58.0648	13.80048	7.5725	138.84835	143.15151	180.91189	70.85306	93.70623	44.8562	70.43121	22.21926	14.77859	32.62848	35.6481	3.74623	17.98336	32.20828	125.84201	74.48954	95.03331	113.29976	22.56588	33.99664	0.11831	NA	118.53998	141.66753	34.565	84.28496	180.856	154.58206	112.61793	5.40869	23.2815	10.08543	13.81332	69.07168	80.49186	22.85821	36.76976	48.36024	29.33101	42.20998	159.86888	127.87723	4.50958	10.87203	14.60628	46.02807	18.86449	58.99661	61.54976	52.49532	56.6493	78.13608	78.67191	97.68611	160.7028	97.63696	31.57942	1.03464	10.11053	28.50007	106.66997	180.61951	105.0651	83.3104	52.68202	44.6603	55.53311	0.14293	2.32004	86.58176	59.26941	36.5809	180.38937	26.53955	1.0354	18.68467	35.92103	10.94321	26.85567	45.04021	96.2626	160.71191	NA	0.05796	21.591	33.86739	61.79842	73.2047	18.82823	16.12367	35.25682	18.16948	1.35899
GT24	NA	NA	NA	NA	NA	NA	NA	NA	NA	NA	NA	NA	NA	NA	NA	NA	NA	NA	NA	NA	NA	NA	NA	NA	NA	NA	NA	NA	0.62834	NA	NA	NA	NA	NA	NA	NA	NA	NA	NA	0.17514	NA	NA	NA	NA	NA	NA	NA	NA	NA	NA	NA	NA	NA	NA	NA	NA	NA	NA	NA	NA	NA	NA	NA	NA	NA	NA	NA	NA	NA	NA	NA	NA	NA	NA	NA	NA	NA	NA	NA	NA	NA	NA	NA	NA	NA	NA	NA	NA	NA	NA	NA	NA	NA	NA	NA	NA	NA	NA	NA	NA	NA	NA	NA	NA	NA	0.40697	NA	NA	NA	NA	NA	NA	NA	NA	NA	NA	NA	NA	NA	NA	NA	NA	NA	NA	NA	NA	NA	NA	NA	NA	NA	NA	NA	NA	NA	NA	NA	NA	NA	NA	NA	NA	NA	NA	NA	NA	NA	NA	NA	NA	NA	NA	NA	NA	NA	NA	NA	NA	NA	NA	NA	NA	NA	NA	NA	NA	NA	NA	NA	NA	NA	NA	NA	NA	NA	NA	NA	NA	NA	NA	NA	NA	NA	NA	NA	NA	NA	NA	NA	NA	NA	NA	NA	NA	NA	NA	NA	NA	NA	NA
GT25	3.96855	6.58393	33.58329	9.22768	3.3304	3.18596	0.78732	6.6688	4.68933	0.4635	12.08673	21.36	18.94624	3.92954	2.21534	1.42832	3.37493	51.01598	12.05376	22.927	12.13313	2.80513	28.79513	20.40929	2.44245	6.22292	21.42112	16.64742	1.94944	0.57433	2.29118	0.97391	12.67566	3.75757	2.38878	2.49322	1.18442	11.31024	4.09152	1.35283	14.8396	1.17169	3.15692	12.11901	13.7312	10.04456	25.20422	19.2312	8.29975	7.83755	11.72298	12.92303	11.55107	13.03926	21.93673	3.7439	11.03473	5.63368	11.68255	3.84371	10.7361	2.1318	2.14293	1.61479	13.22379	69.48283	6.18046	24.13007	15.32921	13.35708	16.56195	14.69394	3.32882	20.32215	13.92171	6.82031	14.09637	6.42046	11.62752	1.26243	2.31968	2.80365	1.66238	0.45407	3.29533	1.94066	33.0777	13.79594	25.75131	1.20669	1.25246	1.16567	4.69663	NA	26.7493	1.17018	8.36159	6.56852	14.56074	6.44939	3.78491	8.17776	17.90052	12.57625	1.64883	3.31658	2.54945	17.68384	12.40634	6.13577	46.88768	40.20358	1.63239	0.60617	11.29847	8.68905	7.41954	7.33559	1.75203	8.62573	19.15145	13.4243	25.78263	0.91332	3.53096	0.26303	4.59027	1.3133	3.86914	0.18167	2.97601	31.99672	0.94779	0.86867	58.83679	17.89575	7.32329	96.34845	0.81186	3.03502	6.90969	15.32594	4.72631	6.53333	7.33955	26.01689	28.56404	8.70181	13.42463	1.56395	1.94113	4.52646	7.38529	4.07916	14.12184	9.62365	6.82381	2.98848	1.33651	1.17975	11.95866	24.49983	3.43454	1.39716	6.95336	21.28524	6.42417	9.59338	7.23908	2.13207	2.55373	4.49207	3.55244	16.98441	3.30192	4.57241	13.831	5.43819	1.34437	1.06158	1.44003	3.70702	5.78929	8.63714	9.06321	36.03808	12.6542	0.65912	2.46069	76.68713	70.75636	7.07279	8.44013	0.14085	0.24892	6.25047	6.63158	9.00522	6.13883	1.28471
GT26	112.2258	273.13992	217.4169	225.79761	270.98597	243.96511	693.32932	427.39663	262.09935	218.55114	262.19912	224.66699	229.66129	259.18147	265.21397	186.65282	157.81862	232.44315	322.60198	333.0877	310.43432	133.5459	185.97423	134.17136	150.23097	234.25741	242.99586	240.0827	163.58045	196.4154	345.13916	266.14626	151.45918	297.87095	223.12409	430.90683	292.36303	178.032	177.30524	76.75606	194.56889	159.886	266.4391	77.61685	578.33705	616.75138	232.92762	270.33854	162.02964	165.01571	228.65021	242.48105	67.30119	117.31887	196.84263	255.18879	299.604	186.85552	232.81434	78.11138	179.06761	322.93613	328.04005	383.6553	345.1589	178.15752	249.47852	255.50205	261.841	249.72507	164.85392	188.23341	146.4647	240.23633	430.46726	211.01387	211.42059	231.80904	216.97483	296.04651	285.18085	265.62923	267.12075	76.23698	97.40868	270.42447	298.32261	244.15525	219.07608	235.69641	287.16062	265.58756	889.77275	228.61799	251.08565	250.10418	315.42634	338.00594	390.28756	98.99177	143.00149	291.9415	252.36562	261.67359	206.24501	213.89411	213.07698	277.39348	218.21803	547.80648	248.27703	277.12998	133.84121	180.15778	294.97482	221.38293	190.35668	184.15402	320.97515	158.61496	215.31793	358.80808	325.11118	285.81085	260.28971	105.93552	151.36267	172.27607	130.58331	620.50712	587.28591	210.70577	268.56975	330.66617	237.93521	259.73016	337.86868	217.66625	188.08012	154.7503	224.00218	273.43091	272.88472	249.19102	192.20893	175.10787	159.09333	399.20052	391.16703	66.08152	91.82165	169.79507	231.00759	160.5198	284.17161	339.14096	213.94177	300.05116	207.55729	210.91117	271.55711	504.85983	162.29402	169.12599	168.73394	104.46557	235.97505	388.53842	472.8389	501.65069	431.95519	266.90213	462.55618	249.19173	126.51838	175.4034	197.29883	154.11706	132.2526	403.97942	158.65847	149.32009	163.21728	217.4732	283.06012	187.59347	196.0262	300.1619	438.97349	250.1102	193.89635	180.52696	195.48302	120.38009	105.63678	213.9236	242.32576	278.42518	89.25883	60.10019
GT27	NA	NA	2.65902	1.57266	NA	NA	NA	NA	1.9124	5.0276	NA	0.6342	NA	NA	NA	0.45787	0.30403	NA	NA	8.72604	2.83379	NA	0.91857	0.0567	0.03696	0.32987	NA	NA	3.96711	1.03221	2.80611	3.67589	1.12764	1.28606	0.19073	NA	NA	NA	NA	0.46367	7.13504	2.84304	1.06485	NA	0.09442	0.43054	NA	NA	1.94861	2.877	0.10979	NA	0.13345	0.55423	0.88395	NA	NA	NA	NA	NA	NA	NA	NA	NA	NA	0.7794	NA	NA	NA	NA	8.13414	2.46041	0.39442	1.162	0.06647	0.82436	0.63129	NA	NA	0.15711	0.88393	0.42619	0.71286	0.55251	0.85563	NA	0.28561	0.58936	4.27278	6.75104	NA	NA	NA	NA	NA	0.06624	1.38082	1.19414	NA	NA	NA	NA	NA	7.73083	1.61463	30.17839	19.04732	0.08481	0.88427	NA	2.7424	0.21357	NA	0.1207	0.29089	0.13947	1.24839	0.0659	0.1893	4.38558	NA	NA	NA	NA	NA	NA	NA	NA	NA	0.5245	1.69275	NA	NA	NA	0.50113	NA	NA	0.13935	NA	NA	2.5288	7.84824	0.35615	NA	NA	2.22197	6.18295	NA	NA	NA	0.30137	NA	NA	0.74623	NA	NA	0.2442	0.35129	0.13341	NA	NA	NA	0.11417	0.83668	NA	0.05633	0.46628	1.83235	NA	NA	NA	NA	0.24978	NA	NA	NA	0.03374	0.05507	NA	NA	NA	NA	NA	NA	NA	NA	NA	NA	NA	NA	NA	0.14928	0.49582	11.361	37.97878	0.72896	1.35107	NA	2.62788	NA
GT28	482.77249	392.79407	342.94658	465.34385	470.4602	409.16266	465.3312	412.13415	354.72236	332.26112	450.16854	396.06448	444.93273	375.34795	354.95	475.44421	413.93057	455.3581	388.29962	388.28466	488.57289	427.94429	367.53611	413.30141	368.76417	421.56792	401.35847	442.80139	451.2373	450.55877	362.98856	381.91023	426.64474	428.73871	359.9823	435.72193	483.27589	414.8649	437.62068	396.42454	383.09513	386.43957	428.80994	420.09383	409.95155	405.08684	483.4351	500.2184	378.11913	404.95041	472.72667	393.1343	374.06381	392.30765	302.80365	455.54296	438.49923	408.67441	418.79763	330.3189	408.37255	408.64205	457.95392	432.7196	451.66009	499.22427	331.90354	440.40263	418.86348	393.50004	431.3675	424.01393	457.98461	392.04968	604.05642	477.2574	461.58994	332.20854	329.50206	376.64392	356.7624	391.49066	411.28364	394.36226	413.12046	412.42733	339.98143	546.53295	602.30409	433.13516	378.24343	397.02682	400.9721	422.19124	353.42976	441.46628	348.66541	392.49924	436.17475	412.28902	544.65362	464.30469	394.32943	326.15213	455.84857	386.14086	413.33716	402.55574	393.40914	397.41379	374.62674	346.24415	383.97013	389.59047	454.85614	434.70016	432.81085	473.26577	443.77716	526.26895	474.80709	415.59876	436.08281	471.1172	379.79885	387.87322	414.22872	382.59012	389.71067	419.8041	398.40273	406.93468	517.20527	432.2413	360.95534	362.54036	611.04586	387.26155	488.67551	474.01132	533.79853	364.81153	447.99406	385.53461	382.7365	433.14954	391.26914	367.91931	370.70059	418.43508	427.63086	545.10623	403.77279	426.31858	352.05111	376.8236	509.53211	394.13305	463.08469	436.76345	431.95994	399.41067	402.9755	497.23724	418.015	420.59258	398.47701	416.93903	381.28187	463.25802	443.7558	362.10724	446.63733	306.70645	244.81862	302.1515	451.44935	437.39185	375.98781	443.8391	369.1055	385.64337	504.28003	502.08704	438.58266	459.12484	512.95743	351.70662	433.50764	307.17678	356.41109	470.10037	487.38356	395.6292	427.95183	434.18623	411.42026	474.62406	399.61694	411.17407
GT29	NA	NA	NA	NA	NA	4.45655	NA	NA	NA	NA	NA	NA	NA	NA	NA	NA	0.13718	2.33039	2.91226	NA	NA	NA	NA	NA	0.05002	NA	0.13255	NA	NA	NA	NA	NA	NA	NA	NA	NA	NA	NA	0.04726	NA	NA	NA	NA	NA	NA	NA	NA	NA	NA	NA	NA	NA	NA	NA	NA	NA	NA	NA	NA	NA	NA	NA	NA	NA	NA	NA	NA	NA	NA	NA	NA	NA	NA	NA	NA	NA	NA	NA	NA	NA	NA	NA	NA	NA	NA	NA	NA	NA	NA	NA	NA	0.24708	NA	NA	NA	NA	NA	NA	NA	NA	NA	NA	NA	NA	NA	NA	NA	NA	NA	0.04217	NA	NA	10.52749	1.59661	0.09861	NA	0.68276	0.669	NA	NA	NA	NA	NA	NA	0.54353	NA	NA	NA	NA	NA	NA	NA	NA	NA	NA	NA	NA	NA	0.0602	0.24863	NA	NA	NA	0.0778	1.10905	NA	NA	NA	NA	NA	NA	NA	NA	NA	NA	NA	NA	NA	NA	NA	NA	NA	NA	0.02678	NA	NA	NA	NA	NA	NA	NA	NA	NA	NA	NA	NA	NA	NA	NA	NA	NA	NA	NA	NA	NA	NA	NA	NA	NA	1.47304	2.04322	0.0695	NA	NA	NA	NA	NA	0.03972	NA	NA
GT3	153.20882	290.38727	212.32854	131.28887	360.37415	349.09149	206.19718	236.37212	230.96162	280.24837	246.72594	260.33278	195.21586	134.68309	96.97888	163.55005	229.53786	111.98158	172.08061	248.41338	221.59191	157.02787	318.88702	273.0589	279.73238	235.17966	243.72424	279.50143	196.05326	223.49333	211.48606	245.35128	245.7756	192.74351	205.40105	246.88382	154.28945	223.3033	254.89214	225.00492	301.23342	158.81285	233.00535	266.93924	304.334	337.8068	134.30319	120.71981	192.53826	221.75574	163.06131	235.98103	231.39957	265.99807	204.76266	144.88873	216.30345	252.63839	269.75043	231.69845	203.6845	278.11228	257.4041	246.30685	224.65637	198.70384	167.55919	244.8359	357.00355	323.88644	210.85428	180.79167	257.00758	217.84872	90.22288	219.61387	221.46047	220.35276	236.96655	151.75335	159.34674	257.91697	267.57841	313.04547	305.19749	205.12588	185.92171	189.21525	159.18693	260.8312	248.17576	300.52778	300.29169	3.30875	206.32755	284.00729	247.41307	232.34357	184.45514	322.22683	272.29435	193.48016	180.38532	286.01171	257.1987	280.13594	242.93621	256.62781	296.97402	247.99123	247.32063	177.2674	147.31856	202.81814	205.12405	247.22941	221.18097	174.79565	380.29469	185.3252	153.07143	159.07523	129.72023	127.5565	198.48025	219.85788	280.85714	262.10651	237.23029	218.07926	267.60686	142.71916	177.57272	261.96969	261.81982	223.70555	59.08	350.51229	268.37571	235.27038	82.01033	194.99665	205.18409	235.98105	216.71616	194.87963	250.0348	263.99096	244.14622	287.23696	273.6718	159.71064	182.70218	316.6881	245.53117	198.53509	85.14408	271.59096	221.98331	210.6946	161.61102	234.274	267.62164	170.94701	161.24416	284.55928	261.90362	198.43267	187.8549	247.88414	186.15628	255.12521	164.2267	215.48937	155.17409	200.25822	339.56117	365.73592	419.34144	180.09276	404.53987	321.82527	154.6533	198.03266	255.03135	260.36656	133.46008	109.94062	195.10073	170.54561	201.70699	112.89198	255.88024	380.12058	367.87307	330.33437	324.67512	245.33922	298.46335	278.29809
GT30	288.11179	261.11974	209.7489	156.64368	318.64166	331.65513	431.69552	325.13845	278.53063	282.08957	237.92886	259.94476	245.33708	330.66336	398.04236	198.14825	242.17853	231.27705	212.6422	295.84762	312.03989	164.39091	367.97719	336.68885	291.58069	299.00352	392.27532	345.50753	163.75326	234.1872	272.18871	267.50033	234.32159	222.50941	228.67918	258.54226	161.76219	239.88307	232.99551	194.55729	294.39303	177.15795	234.80907	326.59423	331.80437	381.81098	176.30959	170.96692	198.94387	229.53735	239.20141	230.91526	305.53676	275.89978	245.03257	207.88825	255.60882	308.29067	295.93908	214.77142	306.9542	271.69849	252.11449	332.67252	345.08388	307.3923	357.6354	300.72832	383.60497	331.05137	297.54058	293.74217	264.93103	255.36972	365.01804	343.63615	196.77518	249.04066	274.66493	378.60208	398.92623	314.73798	313.38785	323.75799	312.84273	227.12498	269.45357	187.97855	187.29913	295.04483	318.99097	296.30435	307.69751	134.13318	211.59355	337.33423	251.45461	310.12143	301.27829	401.489	299.89625	262.75358	239.73235	269.71888	310.0311	271.06424	332.52806	335.48295	330.34711	341.66944	290.2012	264.6538	195.06736	245.20319	155.57433	190.31691	284.13381	181.03049	295.97061	210.3634	192.87778	288.01394	319.0135	310.39757	295.3379	268.56298	345.38352	251.91689	257.73634	290.85458	305.10044	186.06251	227.8976	284.97221	281.17506	259.74875	265.76849	319.70379	203.92511	195.63853	136.1998	268.948	209.93753	305.85154	265.81847	253.67269	319.11358	307.36665	286.60546	345.6474	304.1426	186.96228	185.35157	280.08684	258.46497	255.19659	124.48133	273.36272	236.08594	234.95832	221.18164	270.90766	306.26797	245.76709	212.78726	313.90854	312.1909	274.87822	292.83282	362.13079	351.55937	214.50365	396.38795	238.76933	218.85177	230.80066	313.80492	277.45972	310.05138	253.7086	306.36354	232.84643	193.56811	183.83944	191.27892	343.94456	226.20592	215.55429	259.39376	186.57659	262.11877	120.94714	243.0776	332.85861	343.49775	327.83591	317.0943	260.90521	345.47464	378.8023
GT31	NA	NA	0.74151	NA	NA	NA	NA	NA	NA	NA	0.5095	NA	NA	NA	NA	NA	0.11281	0.13984	NA	NA	3.70653	7.42269	NA	NA	NA	NA	NA	0.14835	3.62371	1.38885	NA	NA	NA	14.90435	3.02735	NA	NA	NA	0.34096	NA	NA	1.3908	9.34542	NA	NA	NA	NA	NA	NA	NA	56.10486	6.56818	0.38831	NA	NA	NA	NA	NA	NA	NA	NA	NA	NA	NA	NA	0.16439	NA	0.44732	0.0695	0.2395	NA	NA	NA	NA	NA	0.06649	0.38048	NA	NA	NA	NA	NA	NA	NA	NA	4.72338	8.01434	NA	NA	NA	0.51285	0.13725	NA	NA	NA	0.54323	NA	NA	0.06089	0.13464	8.98239	NA	NA	NA	NA	NA	NA	NA	NA	NA	0.09755	NA	NA	NA	0.28611	NA	NA	0.12388	NA	1.01786	NA	0.03204	0.25976	NA	NA	NA	NA	NA	NA	NA	0.04933	NA	0.06285	0.20063	3.89757	NA	NA	NA	NA	3.03001	NA	NA	NA	NA	NA	8.50078	6.06188	NA	NA	0.3201	0.15918	4.86345	NA	NA	NA	NA	NA	7.15817	NA	NA	NA	NA	8.56289	54.93345	NA	NA	NA	NA	NA	NA	NA	NA	NA	NA	0.15875	NA	NA	0.10834	NA	NA	NA	0.71647	1.71519	0.06151	NA	NA	10.88353	NA	NA	NA	NA	3.08252	3.98616	NA	NA	NA	NA	NA	NA	NA
GT32	86.72284	292.41641	264.87614	102.53374	321.19184	330.34429	85.81486	80.8299	184.21269	127.09028	297.91325	187.9252	140.34526	90.40682	91.09326	196.10132	209.48255	246.25983	388.0318	152.80168	224.22638	265.36627	447.32171	507.77343	206.58359	262.40367	130.98285	112.71242	245.37805	241.23895	379.8919	275.86448	268.16501	212.69494	298.0037	149.49362	140.15203	338.80645	314.69318	234.53417	255.42832	201.76885	216.98599	471.08434	985.16191	983.46332	151.81506	137.00302	369.83753	404.55979	276.21787	224.88198	469.22196	457.01978	237.81606	174.06876	170.28211	257.45859	314.10011	95.14325	258.82923	514.66352	435.11102	408.73263	663.52716	254.14859	112.75247	296.4114	379.96476	354.01568	296.57272	257.47439	346.47912	228.35191	177.36868	331.17046	88.002	368.58748	490.34968	183.95943	198.80393	478.02153	371.46086	241.67785	216.74375	77.25036	133.21961	101.03175	322.71518	335.15929	163.67058	119.49023	716.2114	90.02457	133.72529	292.57496	317.47551	242.45317	133.82458	316.22726	323.02275	117.62349	148.74587	283.77684	166.87802	174.98757	113.4711	208.48615	198.38131	129.14254	375.81501	279.96708	270.74067	268.88091	113.5847	116.02757	357.97012	226.69279	249.93298	160.12151	190.19145	184.30771	134.6554	93.56202	193.14541	190.30688	268.58857	88.26814	101.5091	788.20985	774.9631	225.94269	199.31171	196.74752	266.01532	296.02392	167.58229	330.33729	254.51182	208.60877	119.86333	131.02243	369.73913	416.39388	339.04431	196.58314	289.67934	316.65752	315.79991	466.48642	399.03331	193.71207	168.93276	444.57225	168.73959	174.60634	143.75629	246.59865	283.66218	247.53406	238.55845	300.77381	192.87439	180.13285	213.07279	180.95448	208.75883	92.03213	100.68492	224.82313	190.40517	309.43131	427.97538	256.88172	147.19111	269.5284	260.84362	179.72335	134.43244	116.41644	198.36181	384.06096	170.008	178.34154	107.99198	197.18374	395.864	121.603	174.17704	253.85318	126.51033	160.24936	163.45979	326.25235	247.13403	239.87388	281.69396	466.70019	170.73304	111.4519
GT33	NA	NA	NA	0.0826	NA	NA	NA	NA	NA	NA	NA	NA	NA	NA	NA	NA	NA	NA	NA	NA	NA	NA	NA	NA	NA	NA	NA	NA	0.29357	0.05628	NA	NA	NA	NA	NA	NA	0.4626	NA	NA	0.60625	NA	0.10488	0.12222	NA	NA	NA	NA	NA	NA	0.13333	NA	NA	NA	NA	0.18262	NA	NA	NA	NA	NA	NA	NA	NA	NA	NA	0.08945	NA	NA	NA	0.29611	0.25842	NA	NA	NA	NA	NA	NA	NA	NA	NA	NA	NA	NA	NA	NA	NA	NA	NA	NA	NA	NA	NA	NA	NA	NA	NA	0.16147	NA	NA	NA	NA	NA	0.11621	NA	NA	NA	NA	NA	NA	NA	NA	NA	NA	NA	NA	NA	0.11723	NA	NA	NA	NA	NA	NA	NA	NA	NA	NA	NA	NA	NA	NA	NA	NA	NA	NA	0.08578	NA	NA	NA	NA	0.41251	NA	NA	NA	NA	NA	NA	NA	NA	NA	NA	NA	NA	NA	NA	NA	0.22312	0.0949	NA	NA	NA	NA	NA	0.07356	NA	NA	NA	NA	NA	NA	NA	NA	NA	NA	NA	NA	NA	NA	NA	NA	NA	NA	NA	NA	NA	NA	NA	NA	NA	NA	NA	NA	0.1057	NA	NA	NA	NA	NA	NA	NA
GT34	NA	NA	NA	NA	NA	NA	NA	NA	NA	NA	NA	NA	0.1308	NA	NA	NA	NA	0.13077	0.2532	NA	NA	NA	NA	NA	NA	NA	NA	NA	NA	NA	NA	NA	NA	NA	NA	NA	NA	NA	NA	NA	NA	NA	NA	NA	NA	NA	NA	NA	NA	NA	0.06835	NA	NA	NA	NA	NA	NA	NA	NA	NA	NA	NA	NA	NA	NA	NA	NA	NA	NA	NA	NA	NA	NA	NA	NA	NA	NA	NA	NA	NA	NA	NA	NA	NA	NA	NA	NA	NA	NA	NA	NA	NA	NA	NA	NA	NA	NA	NA	NA	NA	NA	NA	NA	NA	NA	0.07075	NA	NA	NA	NA	NA	NA	NA	NA	NA	NA	NA	NA	NA	NA	0.45547	NA	NA	NA	NA	NA	NA	NA	NA	NA	NA	0.07347	NA	NA	NA	NA	NA	NA	NA	NA	NA	NA	NA	NA	NA	NA	NA	NA	NA	NA	NA	NA	NA	NA	NA	NA	NA	NA	NA	NA	NA	NA	NA	NA	NA	NA	NA	NA	NA	NA	NA	NA	NA	NA	NA	NA	NA	NA	NA	NA	NA	NA	NA	NA	NA	NA	NA	NA	NA	NA	NA	NA	NA	NA	NA	NA	NA	NA	NA	NA
GT35	1211.84203	953.30497	847.32043	1081.3568	1062.63782	736.90237	1637.28711	1134.42488	816.54535	812.37621	848.35277	693.13303	889.20512	1356.75345	1300.62635	866.19976	848.97927	1136.14019	1075.45043	1278.90282	970.49363	1190.03368	785.86852	684.84801	1086.62112	1141.30811	993.42591	1056.69057	986.85076	859.2414	767.49902	866.39868	841.96782	1092.72902	1010.14742	1009.27387	1097.91007	826.53189	950.26087	935.05033	853.00887	826.45974	1007.13103	1146.5463	867.18485	864.41237	1093.56136	1022.3717	860.80762	819.74899	981.37333	899.58065	551.79294	645.63937	734.47614	1121.15147	1124.83016	1000.22989	893.58479	716.50786	1100.70017	870.11654	976.66905	925.50099	675.71155	909.03263	1233.34112	653.82216	876.75583	804.64497	939.33573	953.88245	1225.07401	942.21434	1751.28364	1320.48544	1075.62396	734.34811	774.12661	1211.40792	1240.87925	1318.41873	1250.71054	763.4198	867.36887	1081.72304	985.00768	1019.71447	907.90041	712.82189	1124.72635	947.87594	777.80312	818.45757	869.63261	871.04206	1024.02995	1119.45727	1294.33403	1058.6078	1008.77558	1330.42889	1047.8956	849.59133	938.4183	807.76925	657.87463	889.52345	814.45468	1498.72764	864.37937	805.83336	982.75842	931.52736	1163.85349	1111.82401	773.70414	987.82081	1092.83265	1029.27567	1092.04281	1360.76679	1354.95177	1477.4326	1225.43772	746.78502	788.64289	678.05576	743.01072	712.24962	711.90104	736.12188	1091.45046	1357.34943	848.40787	838.36306	1048.16869	705.75073	841.66109	885.12529	1182.85664	988.46498	887.65058	800.36014	807.96559	906.18037	747.23622	1103.90757	1039.57432	785.31738	796.41522	809.82689	870.90813	748.55815	967.21334	1056.63064	1247.72238	1071.93046	894.03736	938.54741	882.11363	1228.00714	1273.93364	876.3349	586.29226	783.54796	877.19755	1112.44923	1469.27711	1197.26248	1148.6568	1056.95847	968.93114	554.88515	434.64739	496.91913	1093.95247	975.8701	745.41792	1461.01778	752.27658	704.21396	809.85815	1106.36198	713.07003	691.72184	996.87603	1044.30983	1329.80663	651.44242	653.49728	1034.78103	928.95497	1051.5162	1145.50545	973.79319	1071.60788	838.19464	816.978	872.04061
GT37	NA	NA	NA	NA	NA	NA	NA	NA	NA	NA	NA	NA	NA	NA	NA	NA	NA	NA	NA	NA	NA	NA	NA	NA	NA	NA	NA	NA	2.16756	0.6439	NA	NA	NA	NA	NA	NA	NA	NA	NA	NA	NA	NA	NA	NA	NA	NA	NA	NA	NA	NA	NA	NA	NA	NA	NA	NA	NA	NA	NA	NA	NA	NA	NA	NA	NA	NA	NA	NA	NA	NA	NA	NA	NA	NA	NA	NA	NA	NA	NA	NA	NA	NA	NA	NA	NA	NA	NA	NA	NA	NA	NA	NA	NA	NA	NA	NA	NA	NA	NA	NA	NA	NA	NA	NA	NA	NA	NA	NA	NA	NA	NA	NA	NA	NA	NA	NA	NA	NA	NA	NA	NA	NA	NA	NA	NA	NA	NA	NA	NA	NA	NA	NA	NA	NA	NA	NA	NA	NA	NA	NA	NA	NA	NA	NA	NA	NA	NA	NA	NA	NA	NA	NA	NA	NA	NA	NA	NA	NA	NA	NA	NA	NA	NA	NA	NA	NA	NA	NA	NA	NA	NA	NA	NA	NA	NA	NA	NA	NA	NA	NA	NA	NA	NA	NA	NA	NA	NA	NA	NA	NA	NA	NA	NA	NA	NA	NA	NA	NA	NA	NA
GT38	9.10568	9.5417	8.69167	10.1157	3.19633	1.631	38.13321	34.93374	10.98378	6.52224	6.2849	3.12927	5.56505	11.55209	5.4423	1.42548	1.81867	13.05359	19.7838	18.43186	8.82073	3.80371	10.48361	3.37994	7.38735	14.79447	3.55018	9.33875	0.52433	1.58004	7.98637	7.53057	2.33604	13.48623	13.45515	19.56336	10.37527	6.77576	4.41318	1.48602	7.10035	1.73536	12.24522	1.15685	2.03526	0.81356	6.34139	12.69806	3.89973	6.98592	5.73344	6.54836	1.17678	1.71463	15.52714	4.47892	4.9761	2.83552	5.00456	0.73411	0.08391	5.87953	6.46315	9.0255	0.71326	13.89622	11.37906	1.06365	NA	1.27017	7.60134	6.80844	10.43421	14.95467	14.38984	10.27627	4.17784	4.66542	4.52565	6.55762	6.75538	8.81837	15.30959	0.53468	1.80904	13.83175	10.37268	3.29147	2.26445	1.74038	0.5543	0.62393	0.70564	NA	10.72447	2.40948	13.13556	15.41302	15.00133	0.68682	0.50413	24.10542	15.5951	11.76937	9.40356	3.12939	0.64672	6.50932	1.01709	34.81717	13.80819	14.06213	8.47413	16.56007	3.56849	2.84323	4.32341	5.90704	0.63785	2.81345	7.08047	21.84497	12.76879	15.92485	16.79741	4.22799	4.58066	0.13146	0.79355	1.70971	2.36965	7.14469	12.29378	32.36961	32.31828	24.45246	1.03624	5.16015	1.23302	1.51212	10.99617	11.79879	3.58549	5.63775	9.34751	5.03661	6.72099	29.91451	17.81231	0.49106	1.61064	3.34931	8.36496	1.6227	11.54802	8.50037	7.17805	6.62958	15.79391	14.84942	20.76739	24.90219	14.91316	3.11047	NA	1.12715	3.18767	13.77924	32.09849	18.29823	17.56531	7.87956	8.57674	10.58556	0.26808	NA	0.40757	0.998	7.06125	29.40229	6.36668	NA	2.85166	4.24609	NA	NA	6.80368	17.65871	23.82867	NA	0.05465	3.15922	4.38891	NA	0.08654	0.17864	NA	4.71417	2.28675	0.08973
GT39	5.51815	22.37361	30.08901	16.25058	4.49646	2.51877	0.14839	3.6838	8.02706	16.77951	30.99395	17.93937	19.37915	2.68166	2.98534	30.52265	13.09928	16.47363	19.5663	0.2823	18.71293	13.90277	1.80579	2.63771	7.00463	2.64873	1.74161	0.47284	28.78532	31.23368	1.92331	8.9558	29.18866	32.62257	6.74715	29.49044	79.76541	5.21586	11.02769	12.12816	7.02624	23.91906	15.78675	13.99659	3.35273	0.5595	56.33633	58.74158	36.08207	16.90723	21.44721	20.26156	13.18806	17.78117	4.06376	18.13969	16.91519	7.27937	7.88877	1.82893	4.75369	4.43071	5.01397	7.31279	0.72935	8.54118	2.85458	7.74349	4.06323	3.8111	10.32756	6.98045	9.76318	14.36109	2.75248	4.34498	15.46253	2.23451	1.34455	5.24949	2.63044	6.28686	4.50905	1.01245	4.33905	36.37549	18.28344	37.10724	26.63802	25.66629	9.83083	4.48223	12.45396	30.07685	20.6171	2.10541	2.48375	1.46575	3.62474	3.84941	18.54893	27.54994	9.53174	3.77754	9.23609	21.25632	26.31881	17.27301	10.1647	1.87244	2.0285	2.58779	18.67494	21.38899	16.96753	9.06066	16.56122	52.2257	17.61587	19.52193	7.08187	0.51758	2.43836	3.92867	4.29881	9.70214	6.5677	14.16103	3.43923	28.39364	14.51088	6.10965	10.24553	6.39304	23.18971	11.59377	2.17934	1.05458	21.53898	31.51005	12.60392	3.03951	78.08389	1.92534	6.48998	40.61381	28.28491	10.58938	4.60716	3.69124	6.88401	11.74897	13.53671	10.02012	14.73113	4.70572	48.48995	20.09278	39.64528	32.71183	5.28007	7.641	2.47774	8.03781	1.48554	4.36575	15.83657	1.44842	2.08419	0.25198	0.74805	44.48813	2.12878	4.22374	0.09665	7.31635	1.19276	7.37781	6.68141	5.5892	7.7847	29.37607	33.60455	23.70989	9.88892	3.42766	15.14949	2.07815	5.9324	14.08514	0.50707	40.29591	32.70987	3.13994	3.87797	1.97226	4.86641	17.64343	4.06302	0.48085
GT4	2094.39454	3065.03946	3561.9544	2719.37891	1719.58585	1586.85192	3371.62748	3432.91023	3234.46975	2694.19405	2571.0332	2840.96671	2407.16498	2174.6275	2225.39871	2219.1812	2285.37429	2857.81361	3713.92885	3215.71265	2736.95831	2802.30906	2283.5945	1947.60999	2802.72248	2797.45948	2549.27742	2636.36972	2697.78838	2675.80323	2696.52694	2637.45404	2336.32406	3134.60925	2602.39133	3918.19518	3346.64821	2488.97819	2469.73902	2203.49681	2619.99602	2441.91151	3366.6331	2281.58285	2695.82087	2477.21752	2882.25401	3297.3229	2433.43179	2407.96537	3431.66495	3112.30478	1657.67878	2017.87675	2952.8897	2490.33355	2827.96721	2156.50438	2577.98089	2257.4008	3215.04376	3545.75171	3233.11072	2423.09034	1811.88547	3081.96097	2500.98917	2669.49346	2703.0225	2563.64499	2398.19801	2827.81306	2986.71406	3094.12917	2053.20059	2223.41915	2854.93391	2129.34162	2242.39886	2138.88625	2068.59823	2555.02081	2636.5477	2068.77053	2091.10285	3021.92064	3051.1138	2969.45105	2693.33694	1975.89872	1997.02997	2060.47747	3676.70067	1689.42424	3916.43212	2033.13594	4204.75113	3608.4985	2699.07036	1848.79627	2132.92912	4243.32996	3393.20031	3638.28558	2570.20736	2924.96894	2607.73279	2025.35737	1773.93147	3723.28747	2758.28442	2634.58418	2788.58195	3245.90952	2534.77933	2384.90393	2520.25613	3040.91647	2142.00819	2030.87624	2073.72557	3504.92271	3138.57864	2849.15052	3224.42449	1950.08607	2096.74317	2720.22556	2348.6661	2726.46038	2675.1775	2430.81793	2971.90411	3790.58565	3887.76083	3612.49286	1695.08165	3115.76947	2307.88216	2684.64732	2923.4213	3147.03006	2655.43835	2415.14993	2551.29706	2710.92789	3055.39685	4014.29633	3857.6906	2451.48665	2385.92078	2407.80955	2930.17304	2044.04481	2511.82363	2687.80931	2753.72797	2977.10377	2989.8902	2813.08769	3244.89003	4114.47819	3514.06841	2494.52069	3062.94886	2340.22106	2647.35428	2777.88644	3747.71996	2890.72267	2548.19676	2950.82926	2170.56387	3042.86164	2760.07824	3095.91446	1849.85484	2023.59824	2988.40492	3383.97411	2833.24744	3111.23489	2680.68071	2602.22764	1609.48123	1635.45146	2794.4927	2322.22193	3539.16209	3769.48787	2681.06913	2633.45983	3116.74605	1529.17778	1913.30557	1682.37619	1864.86804	2793.23265	2605.67417	2519.57735
GT41	NA	0.54777	0.02423	0.38818	1.68012	0.13891	0.02528	0.04115	NA	0.09084	0.83444	0.02269	2.65118	NA	NA	NA	0.03307	17.10174	0.76005	NA	1.75119	NA	NA	NA	NA	1.18377	0.03586	NA	0.95831	0.54737	NA	NA	NA	0.33864	NA	0.30129	0.09811	2.2963	NA	0.05961	NA	0.09213	NA	NA	NA	0.25768	6.23028	0.24095	0.11336	NA	NA	0.09694	0.19459	0.09248	0.70597	0.51963	0.35488	NA	0.07018	0.0143	0.07404	0.21224	0.36056	0.07387	2.50502	0.01541	NA	0.12825	0.03231	NA	0.09432	0.08207	NA	NA	0.61815	0.14321	0.06164	0.06248	0.74961	NA	NA	0.09533	NA	NA	NA	NA	NA	0.06565	0.48285	0.90825	NA	NA	0.0293	2.07618	2.01823	0.25033	0.03008	NA	2.64364	0.06963	NA	1.86018	0.47303	NA	0.04995	NA	0.16196	0.2025	NA	0.61109	0.47919	0.05836	0.04618	NA	0.63554	0.37228	NA	0.73088	0.24618	1.5365	4.67623	0.38966	0.09502	NA	NA	NA	0.07643	NA	NA	NA	0.29478	11.59458	NA	NA	NA	0.04816	0.07927	0.09541	NA	NA	0.15722	0.42474	0.65392	NA	NA	NA	NA	0.03594	0.20331	NA	0.1331	NA	NA	NA	1.12975	0.13053	1.2029	0.01608	0.1227	0.16222	NA	0.06974	NA	NA	0.37098	NA	0.14616	NA	0.55107	0.12403	0.33806	NA	NA	0.02657	NA	NA	1.77324	0.0265	0.04294	0.20923	0.03595	NA	NA	NA	NA	NA	NA	NA	0.07203	0.04102	NA	NA	NA	NA	NA	3.37218	1.30487	0.46261	NA	NA
GT44	0.75352	NA	NA	NA	NA	NA	NA	NA	NA	NA	NA	NA	NA	NA	NA	NA	NA	NA	NA	NA	NA	NA	NA	NA	NA	NA	NA	NA	NA	NA	NA	NA	NA	NA	NA	NA	NA	NA	NA	NA	NA	NA	NA	NA	NA	NA	NA	NA	NA	NA	NA	NA	NA	NA	NA	NA	NA	NA	NA	NA	NA	NA	NA	NA	NA	NA	NA	NA	NA	NA	NA	NA	NA	NA	NA	NA	NA	NA	NA	NA	NA	NA	NA	NA	NA	NA	NA	NA	NA	NA	NA	NA	NA	NA	NA	NA	NA	NA	1.99704	NA	NA	NA	NA	NA	NA	NA	NA	NA	NA	NA	NA	NA	NA	NA	NA	NA	NA	NA	NA	NA	NA	NA	NA	NA	NA	NA	NA	NA	NA	NA	NA	NA	NA	NA	NA	NA	NA	NA	NA	NA	NA	NA	NA	NA	NA	NA	NA	NA	NA	NA	NA	NA	NA	NA	NA	NA	NA	NA	NA	NA	NA	NA	NA	NA	NA	NA	NA	NA	NA	NA	NA	NA	NA	NA	NA	NA	NA	NA	NA	NA	NA	NA	NA	NA	NA	NA	NA	NA	NA	NA	NA	NA	NA	NA	NA	NA	NA	NA	NA	NA
GT45	NA	NA	NA	NA	0.1868	NA	NA	NA	NA	NA	NA	NA	NA	NA	NA	NA	NA	NA	NA	NA	NA	NA	NA	NA	NA	NA	NA	NA	NA	NA	NA	NA	NA	NA	NA	NA	NA	NA	NA	NA	NA	NA	NA	NA	NA	NA	NA	NA	NA	NA	0.49616	NA	NA	NA	NA	NA	NA	NA	NA	NA	NA	NA	NA	NA	NA	NA	NA	NA	NA	NA	NA	NA	NA	NA	NA	NA	NA	NA	NA	NA	NA	NA	NA	NA	NA	NA	NA	NA	NA	NA	NA	NA	NA	NA	0.21309	NA	NA	0.80949	NA	NA	NA	NA	NA	NA	NA	NA	NA	NA	NA	NA	NA	NA	NA	NA	0.10454	NA	NA	NA	NA	NA	NA	NA	NA	NA	NA	NA	0.20764	NA	1.10927	NA	NA	NA	NA	NA	NA	NA	NA	NA	NA	0.13282	0.99261	1.57636	NA	NA	NA	NA	NA	NA	NA	NA	NA	NA	NA	NA	NA	NA	NA	NA	NA	NA	0.5461	NA	NA	NA	NA	NA	NA	NA	NA	NA	NA	NA	NA	NA	0.90704	NA	NA	NA	0.24142	NA	0.3629	NA	NA	NA	NA	NA	NA	NA	NA	1.79315	1.15149	NA	NA	NA	NA	NA	NA	NA	NA	NA
GT48	NA	NA	NA	NA	NA	NA	NA	NA	NA	NA	NA	NA	NA	NA	0.10462	NA	NA	NA	NA	NA	NA	NA	NA	NA	NA	NA	NA	NA	NA	NA	NA	NA	NA	NA	NA	NA	NA	NA	NA	0.54827	NA	NA	NA	NA	NA	NA	NA	0.1088	NA	NA	NA	NA	NA	NA	NA	NA	NA	NA	NA	NA	NA	NA	NA	NA	NA	NA	NA	NA	NA	NA	0.524	NA	NA	NA	NA	NA	NA	NA	NA	NA	NA	NA	NA	NA	NA	NA	NA	NA	NA	NA	NA	NA	NA	NA	NA	NA	NA	NA	NA	NA	NA	NA	NA	NA	NA	0.92831	NA	NA	NA	NA	NA	NA	NA	NA	NA	NA	NA	NA	NA	NA	NA	NA	0.2917	NA	NA	0.18313	NA	NA	NA	NA	NA	0.07891	NA	NA	NA	NA	NA	NA	NA	NA	0.11887	NA	NA	NA	NA	NA	NA	NA	NA	NA	NA	NA	NA	NA	NA	NA	NA	NA	NA	NA	0.29909	NA	NA	NA	NA	NA	NA	NA	NA	NA	NA	NA	NA	NA	NA	NA	NA	NA	NA	NA	NA	NA	NA	0.13308	NA	NA	NA	NA	NA	NA	NA	NA	NA	NA	NA	NA	NA	NA	NA	NA
GT49	NA	NA	NA	NA	NA	NA	NA	NA	NA	NA	NA	NA	NA	NA	NA	NA	NA	NA	NA	NA	NA	NA	NA	NA	NA	NA	NA	NA	26.71783	7.64183	NA	NA	NA	NA	NA	NA	NA	NA	NA	NA	NA	NA	NA	NA	NA	NA	NA	NA	NA	NA	NA	NA	NA	NA	NA	NA	NA	NA	NA	NA	NA	NA	NA	NA	NA	NA	NA	NA	NA	NA	NA	NA	NA	NA	NA	NA	NA	NA	NA	NA	NA	NA	NA	NA	NA	NA	NA	NA	NA	NA	NA	NA	NA	NA	NA	NA	NA	NA	NA	NA	NA	NA	NA	NA	NA	NA	NA	NA	NA	NA	NA	NA	NA	NA	NA	NA	NA	NA	NA	NA	NA	NA	NA	NA	NA	NA	NA	NA	NA	NA	NA	NA	NA	NA	NA	NA	NA	NA	NA	NA	NA	NA	NA	NA	NA	NA	NA	NA	NA	NA	NA	NA	NA	NA	NA	NA	NA	NA	NA	NA	NA	NA	NA	NA	NA	NA	NA	NA	NA	NA	NA	NA	NA	NA	NA	NA	NA	NA	NA	NA	NA	NA	NA	NA	NA	NA	NA	NA	NA	NA	NA	NA	NA	NA	NA	NA	NA	NA	NA	NA
GT5	243.20624	280.95997	227.95669	320.16167	122.54563	80.95084	229.8779	184.05556	235.17503	262.23739	280.55161	272.84706	323.011	305.47812	302.93787	259.28909	168.58304	299.31809	262.75273	240.24726	260.51822	323.59247	185.49748	218.48823	268.69267	213.68847	167.90483	78.22329	253.62219	232.90955	196.02872	253.27095	206.62443	237.12831	221.68308	222.89657	310.83667	273.19377	278.16222	215.65248	232.19033	317.3873	267.64167	128.66603	111.26427	99.15464	321.4521	341.74331	283.2009	278.12645	251.23791	237.31079	190.12423	216.58886	199.28998	325.7617	236.56078	138.2532	180.19769	163.6349	247.63448	254.22393	297.42326	206.02451	190.33566	206.01338	274.0692	235.38457	278.13393	266.33578	229.9394	217.02084	235.22107	185.26286	313.03792	209.39112	175.89658	225.05015	167.49259	322.98387	285.74195	260.93646	208.53024	76.12419	99.65867	242.7688	256.65559	211.86794	379.48439	242.46901	158.50473	77.92293	142.56643	311.81097	226.87814	81.16079	219.59523	189.65113	226.49978	54.55701	126.1378	214.0836	212.3702	213.78167	195.60588	181.90342	163.2117	140.79112	102.03641	187.93847	145.8179	169.52054	339.2649	307.28457	199.05392	156.24855	283.70381	362.40211	109.15591	259.3719	272.33852	249.72122	282.92146	302.47109	218.80421	179.83522	248.96047	231.94124	255.58363	245.7742	226.92127	245.35451	329.02652	265.60741	233.67785	248.25572	439.75164	233.05571	283.60105	354.38299	347.45463	231.74427	330.84752	271.3604	216.09822	282.88077	240.74699	198.51581	189.2675	62.9508	97.78187	293.38096	266.36819	271.04349	238.37024	236.18442	360.30231	207.46792	284.6617	274.09738	240.91451	223.81383	211.73764	176.31392	174.91577	91.70682	170.46489	147.59691	206.79374	222.48324	285.39764	218.18476	334.49448	172.85848	192.88952	225.48955	37.13982	111.83715	198.98867	211.13511	209.73344	256.26837	277.62542	295.78944	105.91026	43.12823	354.29775	221.55762	217.93305	208.26269	209.15434	432.39315	296.53725	46.29249	55.51138	59.72259	86.68023	373.20041	104.81954	78.0527
GT50	NA	NA	NA	NA	NA	NA	NA	NA	NA	NA	NA	NA	NA	NA	NA	NA	NA	NA	NA	NA	NA	NA	NA	NA	NA	NA	NA	NA	NA	NA	NA	NA	NA	NA	NA	NA	NA	NA	NA	NA	NA	NA	NA	NA	NA	NA	NA	NA	NA	NA	0.22194	NA	NA	NA	NA	NA	NA	NA	NA	NA	NA	NA	NA	NA	NA	NA	NA	NA	NA	NA	NA	NA	NA	NA	NA	NA	NA	NA	NA	NA	NA	NA	NA	NA	NA	NA	NA	NA	NA	NA	NA	NA	NA	NA	NA	NA	NA	NA	NA	NA	NA	NA	NA	NA	NA	NA	NA	NA	NA	NA	NA	NA	NA	NA	NA	NA	NA	NA	NA	NA	NA	NA	NA	NA	NA	NA	NA	NA	NA	NA	NA	NA	NA	NA	NA	NA	NA	NA	NA	NA	NA	NA	NA	NA	NA	NA	NA	NA	NA	NA	NA	NA	NA	NA	NA	NA	NA	NA	NA	NA	0.12214	NA	NA	NA	NA	NA	NA	NA	NA	NA	NA	NA	NA	NA	NA	NA	NA	NA	NA	NA	NA	NA	NA	NA	NA	NA	NA	NA	NA	NA	NA	NA	NA	NA	NA	NA	NA	NA	NA	NA
GT51	711.09958	771.34066	686.50192	705.84826	996.86512	935.00696	903.36381	696.02245	803.51247	789.90563	793.33568	769.19433	789.70925	945.83706	1091.92264	883.98993	1077.15022	774.60298	712.97185	782.01989	678.09123	652.84612	914.0504	872.19489	650.1569	753.54724	1259.7211	1361.47191	698.92831	817.67146	683.27132	690.56816	820.95056	650.03816	464.34984	658.90928	693.37439	754.84467	743.06757	1051.20711	856.21622	639.50933	706.45944	1305.06467	1199.0861	1204.83601	609.71015	700.86736	616.23127	703.60089	927.91839	784.57103	766.44827	685.40954	530.03102	643.00533	631.16023	1220.7551	1021.77838	1027.84949	1270.8479	783.50732	827.04598	1062.85211	1215.69818	591.86022	879.99659	820.12331	1008.04697	921.59003	642.15452	673.87831	537.63789	573.37922	595.48818	527.10346	897.94285	716.85801	687.16356	1155.49576	1124.03086	524.5534	506.34463	1226.19765	1277.78824	659.26244	772.12558	905.03601	894.67883	903.98006	1116.7078	1076.62452	1021.25007	803.11515	746.16824	1117.47129	605.14331	625.89272	658.22063	1317.83429	992.84132	533.28067	669.35232	723.73261	688.4453	961.82055	1018.56425	1157.47348	1161.6217	549.06183	672.38861	609.84441	695.90737	602.70526	827.3165	840.42596	872.5143	718.70753	1087.92631	860.99552	804.51608	678.1203	673.92356	588.40228	616.92057	850.67373	983.81159	828.22715	884.39096	1198.98159	1045.50381	681.31114	815.50788	712.92593	669.58704	750.21224	919.70837	757.23246	769.91673	668.00637	741.82275	783.3894	759.7588	829.98457	823.08933	615.79632	544.13857	643.96477	681.07436	1256.36274	1193.62975	589.1328	603.2952	840.20332	768.57375	787.53734	669.3538	601.34258	617.55024	682.30649	747.36006	725.08309	530.17592	683.45341	1046.85826	1146.46398	1014.78573	683.59311	699.9896	682.91536	598.40822	578.77558	663.57302	764.77559	861.66301	877.95123	1123.46494	810.93987	693.94655	618.9043	764.76152	743.94722	801.63864	727.61826	978.15071	1163.34138	789.35038	609.31211	793.33541	907.9029	1145.36395	686.04817	761.19688	1068.53462	1238.40162	1057.0919	1096.69547	802.72533	1081.93212	1178.61916
GT52	NA	NA	NA	NA	NA	NA	NA	NA	NA	NA	NA	NA	NA	NA	NA	NA	NA	NA	NA	0.06553	NA	NA	NA	NA	NA	NA	NA	NA	NA	NA	NA	NA	NA	0.11115	NA	NA	NA	0.07424	NA	NA	NA	NA	NA	NA	NA	NA	NA	NA	NA	NA	0.08494	NA	NA	NA	NA	NA	NA	NA	NA	NA	NA	0.07322	0.1382	NA	NA	NA	NA	NA	NA	NA	NA	NA	NA	NA	NA	NA	NA	NA	NA	NA	NA	NA	NA	NA	NA	NA	NA	NA	NA	NA	NA	NA	0.07487	NA	NA	NA	NA	NA	NA	NA	NA	NA	NA	NA	NA	0.0587	NA	NA	NA	NA	NA	NA	NA	NA	NA	NA	NA	0.03702	NA	NA	NA	NA	NA	NA	NA	NA	0.04537	NA	NA	NA	NA	NA	NA	NA	NA	NA	NA	NA	NA	NA	NA	NA	NA	NA	NA	NA	NA	NA	NA	NA	NA	NA	NA	NA	NA	NA	NA	NA	NA	NA	NA	0.03649	NA	NA	NA	NA	NA	NA	NA	NA	NA	NA	NA	NA	NA	NA	0.15981	NA	NA	NA	NA	NA	NA	NA	NA	NA	NA	NA	NA	NA	NA	NA	NA	NA	NA	NA	NA	NA	NA	NA
GT53	NA	NA	NA	NA	NA	NA	NA	NA	NA	NA	NA	NA	NA	NA	NA	NA	NA	NA	NA	NA	NA	NA	NA	NA	NA	NA	NA	NA	NA	NA	NA	NA	NA	NA	NA	NA	NA	NA	NA	NA	NA	NA	NA	NA	NA	NA	NA	NA	NA	NA	NA	NA	NA	NA	NA	NA	NA	NA	NA	NA	NA	NA	NA	NA	NA	NA	NA	NA	NA	NA	NA	NA	NA	NA	NA	NA	NA	NA	NA	NA	NA	0.01738	NA	NA	0.01717	NA	NA	NA	NA	NA	NA	NA	NA	NA	NA	NA	NA	NA	NA	NA	NA	NA	NA	NA	NA	NA	NA	NA	NA	NA	NA	NA	NA	NA	0.28369	NA	NA	NA	NA	NA	NA	NA	NA	NA	NA	NA	NA	NA	NA	NA	NA	NA	NA	NA	NA	NA	NA	NA	NA	NA	NA	NA	NA	NA	NA	NA	NA	NA	NA	NA	NA	NA	NA	NA	NA	NA	NA	NA	NA	NA	0.05461	NA	NA	NA	NA	NA	NA	NA	NA	NA	NA	NA	NA	NA	NA	NA	NA	NA	NA	NA	NA	NA	NA	NA	NA	NA	NA	NA	NA	NA	NA	NA	NA	NA	0.0313	NA	NA	NA	NA	NA
GT56	23.61348	0.11056	2.88413	4.83506	7.7635	1.89229	53.02976	1.87198	0.77606	0.0944	9.8724	0.84569	0.65495	123.63108	174.80483	5.77451	0.53397	22.41385	11.54792	22.81176	5.8869	0.36428	0.7451	0.74554	6.35535	3.33165	44.52702	1.21475	1.16482	2.32922	11.41476	0.7953	0.23118	2.39662	0.43073	0.32601	0.09796	5.10124	5.66811	8.9843	0.15494	1.04205	0.74145	0.89147	1.3606	0.12783	2.15394	3.2483	1.66499	0.70778	21.00363	2.33354	1.99701	1.68751	NA	NA	0.56893	9.11097	0.86891	13.18306	71.97868	3.19179	8.18632	1.01745	3.82837	0.27839	99.58843	2.64329	18.09133	13.04382	11.49751	8.29675	2.23811	1.67669	33.99091	16.68527	12.72786	2.45461	0.22288	133.71007	106.46055	8.04271	5.70935	0.10163	4.42161	2.86199	48.05404	1.10418	10.61663	2.88805	68.97036	17.60704	0.88961	43.31078	2.77184	0.38219	0.40025	2.99819	46.54789	6.8674	0.74003	0.51824	0.9524	5.12218	3.41197	1.42733	2.52516	11.44455	0.09571	5.52977	5.85568	4.19074	0.91783	0.5026	10.3802	0.1534	7.68577	0.95812	1.09852	1.77896	1.16581	6.31014	19.00099	4.94437	5.33072	4.34434	15.21928	2.90244	6.51577	2.61349	1.48233	2.41385	2.88518	2.09875	1.70845	1.40912	4.64681	0.86955	2.43367	0.22295	3.32451	8.48773	1.18595	0.50603	3.36399	2.03822	0.56067	1.41534	NA	0.39189	1.33286	0.16267	1.65004	0.8688	5.97871	24.37699	3.76386	1.94308	0.49127	0.31412	3.62148	0.21396	0.06825	2.80394	8.5762	0.67843	2.11322	3.50456	13.53692	4.45624	4.11019	0.96824	6.66629	3.45789	1.37908	9.17912	4.46164	0.63517	4.57229	3.04619	7.49667	1.19252	0.41243	5.06127	1.05934	0.51778	12.28706	5.19528	4.41804	9.95046	24.91835	3.00636	2.741	0.35892	0.11802	1.49352	0.76459	5.64244	0.56918	0.29689
GT57	NA	NA	NA	NA	NA	NA	NA	NA	NA	NA	0.55747	0.28838	0.07461	NA	NA	2.33696	0.93684	NA	0.05777	NA	0.03425	0.07204	NA	NA	0.76543	NA	NA	NA	1.98744	0.33664	NA	NA	1.10586	NA	NA	NA	NA	NA	NA	NA	0.05211	0.05672	0.127	NA	NA	NA	NA	NA	0.56217	0.03418	0.08339	0.65742	NA	NA	NA	0.17545	0.45039	NA	NA	NA	NA	NA	NA	NA	NA	NA	NA	NA	NA	NA	NA	NA	NA	NA	NA	NA	0.04791	0.02957	NA	NA	NA	NA	NA	NA	0.27284	1.53355	1.45358	0.39252	0.14717	0.08097	NA	NA	0.38165	NA	NA	NA	NA	NA	0.05197	NA	0.35197	NA	NA	NA	NA	0.6875	0.41867	NA	NA	NA	NA	NA	0.05311	NA	NA	NA	NA	NA	0.12309	0.14821	NA	NA	NA	NA	NA	NA	NA	NA	NA	NA	NA	0.03001	NA	NA	NA	NA	NA	NA	0.47165	0.35505	NA	NA	NA	NA	NA	0.02754	0.0896	NA	NA	NA	NA	NA	0.0769	NA	NA	0.11155	NA	NA	0.22085	0.02655	NA	NA	0.17135	0.61788	NA	NA	NA	NA	NA	NA	NA	NA	NA	NA	NA	NA	NA	0.58562	NA	NA	0.05316	NA	0.92603	0.12871	NA	NA	0.97092	NA	NA	NA	NA	0.09789	0.11129	NA	NA	NA	NA	NA	NA	NA
GT58	NA	NA	NA	NA	NA	NA	NA	NA	NA	NA	NA	NA	NA	NA	NA	NA	NA	NA	NA	0.11905	NA	NA	NA	NA	NA	NA	NA	NA	1.07034	0.14834	NA	NA	NA	NA	NA	NA	NA	NA	NA	NA	NA	NA	NA	NA	NA	NA	NA	NA	NA	NA	NA	NA	NA	NA	NA	NA	NA	NA	NA	NA	NA	NA	NA	NA	NA	NA	NA	NA	NA	NA	NA	NA	NA	NA	NA	NA	NA	NA	NA	NA	NA	NA	NA	NA	NA	NA	NA	NA	NA	NA	NA	NA	NA	NA	NA	NA	NA	NA	NA	NA	NA	NA	NA	NA	NA	0.73676	NA	NA	NA	NA	NA	NA	NA	NA	NA	NA	NA	NA	NA	NA	NA	NA	NA	NA	NA	NA	NA	NA	NA	NA	NA	0.32527	NA	NA	NA	NA	NA	NA	NA	NA	NA	NA	NA	NA	NA	NA	NA	NA	NA	NA	NA	NA	NA	NA	NA	NA	NA	NA	NA	NA	NA	NA	NA	NA	NA	NA	NA	NA	NA	NA	NA	NA	NA	NA	NA	NA	NA	NA	NA	NA	NA	NA	NA	NA	NA	NA	NA	NA	NA	NA	NA	NA	NA	NA	NA	NA	NA	NA	NA	NA
GT59	NA	NA	NA	NA	NA	NA	NA	NA	NA	NA	NA	NA	NA	NA	NA	NA	NA	NA	NA	NA	NA	NA	NA	NA	NA	NA	NA	NA	0.36077	0.1273	NA	NA	NA	NA	NA	NA	NA	NA	NA	NA	NA	NA	NA	NA	NA	NA	3.67395	0.10206	NA	NA	NA	NA	NA	NA	NA	NA	NA	NA	NA	NA	NA	NA	NA	NA	NA	NA	NA	NA	NA	NA	NA	NA	NA	NA	NA	NA	NA	NA	NA	NA	NA	NA	NA	NA	NA	NA	NA	NA	NA	NA	NA	NA	NA	NA	NA	NA	NA	NA	NA	NA	NA	NA	NA	NA	NA	NA	NA	NA	NA	NA	NA	NA	NA	NA	NA	NA	NA	NA	NA	NA	NA	NA	NA	NA	NA	NA	NA	NA	NA	NA	NA	NA	NA	NA	NA	NA	NA	NA	NA	NA	NA	NA	NA	NA	NA	NA	NA	NA	NA	NA	NA	NA	NA	0.15796	NA	NA	NA	NA	NA	NA	NA	NA	NA	NA	NA	NA	NA	NA	NA	NA	NA	NA	NA	NA	NA	NA	NA	NA	NA	NA	NA	NA	NA	NA	NA	NA	NA	NA	NA	NA	NA	NA	NA	NA	NA	NA	NA	NA	NA	NA
GT6	2.79637	16.56053	70.86308	77.01839	10.42305	11.50469	NA	0.05107	19.34283	9.99101	22.82582	26.31407	26.12196	6.16943	14.54792	8.02521	4.79209	27.036	20.73163	26.23013	81.90255	14.19373	46.62787	121.99897	67.32738	56.23842	25.18229	28.89327	20.71382	20.92806	60.37106	106.09191	57.66921	136.50583	108.21162	34.36478	51.89817	55.64396	60.00921	41.71558	49.92543	17.33253	17.1054	46.26268	39.19817	23.91995	90.96147	81.21628	107.01971	107.26649	41.12024	49.93834	157.7833	103.90203	7.27105	34.2778	11.15777	27.79368	35.55711	14.72226	NA	366.30202	339.93781	30.6021	0.68648	19.55542	8.96826	21.02549	5.71931	33.89819	88.10869	42.30208	155.54127	86.28032	56.63514	136.33386	29.27097	5.46154	2.78793	5.03263	4.97384	183.30093	114.95839	11.258	19.10903	13.00577	12.69047	32.24231	41.34075	56.7397	14.88425	4.32487	22.76425	NA	8.40004	11.92668	31.02011	36.29165	98.12544	5.06467	7.90827	71.96721	41.04398	72.75495	82.066	28.05889	28.72513	46.73651	32.81516	141.74076	36.16449	19.60657	30.09428	50.93805	62.54767	41.27246	29.67731	79.46316	14.67167	39.67701	73.03269	2.63432	1.68427	49.42416	103.65354	17.76776	10.26406	30.71741	23.52604	42.88793	23.97657	35.6759	24.81528	29.10135	15.7004	5.20536	8.29631	25.56658	63.07714	30.27042	12.48543	5.48798	172.42586	19.1609	17.53281	111.77686	123.23353	85.38746	91.25465	9.4467	14.78919	8.15795	12.64212	144.1872	53.4356	24.69036	97.1741	146.37543	63.38588	53.3932	11.22568	3.24818	89.54012	33.22849	0.48776	24.12677	42.28661	108.21058	107.09274	138.3348	120.821	66.61893	11.95355	4.81129	24.19475	0.05765	2.863	9.7757	4.94076	7.74072	4.80536	20.81645	19.56946	49.83043	8.26039	2.40042	14.66256	NA	1.47233	94.58273	20.30008	18.20754	26.48062	5.37179	2.35723	1.39417	2.33158	28.7807	7.05993	0.96072
GT60	NA	NA	NA	NA	NA	NA	NA	NA	NA	NA	5.15974	NA	NA	NA	NA	0.77934	0.50574	NA	NA	NA	NA	1.76352	NA	NA	NA	NA	NA	NA	5.59573	8.41062	NA	NA	3.31066	NA	NA	1.11819	12.54614	NA	NA	NA	NA	NA	NA	0.19529	NA	NA	NA	NA	2.40606	NA	0.6096	0.44772	NA	NA	NA	1.22692	2.74297	NA	NA	NA	NA	NA	NA	NA	NA	NA	NA	NA	NA	NA	0.08678	0.18677	NA	NA	NA	NA	1.80845	NA	NA	NA	NA	NA	NA	NA	0.2087	12.21892	4.38539	17.01858	0.17137	0.20053	NA	0.15196	NA	NA	NA	NA	NA	NA	NA	NA	NA	NA	NA	NA	NA	0.31508	NA	NA	NA	NA	NA	NA	3.196	1.00387	NA	NA	NA	NA	NA	0.15417	NA	NA	0.28732	NA	NA	NA	NA	NA	NA	NA	0.55335	NA	2.31734	NA	NA	NA	NA	NA	2.38379	16.542	NA	NA	0.13098	NA	NA	6.8444	6.61965	NA	NA	NA	NA	NA	NA	0.32885	NA	NA	NA	NA	15.83628	2.22683	NA	NA	NA	NA	NA	0.11724	NA	NA	NA	NA	NA	NA	NA	NA	NA	NA	NA	NA	NA	NA	NA	NA	21.11419	0.53979	NA	NA	NA	NA	NA	NA	NA	10.0665	17.32157	NA	NA	NA	NA	0.07328	NA	NA
GT62	NA	NA	NA	NA	NA	NA	NA	NA	NA	NA	NA	NA	NA	NA	NA	NA	NA	NA	NA	NA	NA	NA	NA	NA	NA	NA	NA	NA	NA	NA	NA	NA	NA	NA	NA	NA	NA	NA	NA	NA	NA	NA	NA	NA	NA	NA	NA	NA	NA	NA	NA	NA	NA	NA	NA	NA	NA	NA	NA	NA	NA	NA	NA	NA	NA	NA	NA	NA	NA	NA	NA	NA	NA	NA	NA	NA	NA	NA	NA	NA	NA	NA	NA	NA	NA	NA	NA	NA	NA	NA	NA	NA	NA	NA	NA	NA	NA	NA	NA	NA	NA	NA	NA	NA	NA	0.74177	NA	NA	NA	NA	NA	NA	NA	NA	NA	NA	NA	NA	NA	NA	NA	0.03761	NA	NA	NA	NA	NA	NA	NA	NA	NA	NA	NA	NA	NA	NA	NA	NA	NA	NA	0.07247	NA	NA	NA	NA	NA	NA	NA	NA	NA	NA	NA	NA	NA	NA	NA	NA	NA	NA	NA	NA	NA	NA	NA	NA	NA	NA	NA	NA	NA	NA	NA	NA	NA	NA	NA	NA	NA	NA	NA	NA	NA	NA	NA	NA	NA	NA	NA	NA	NA	NA	NA	NA	NA	NA	NA	NA	NA	NA	NA
GT63	NA	NA	NA	NA	NA	NA	NA	NA	NA	NA	NA	NA	NA	NA	NA	NA	NA	NA	NA	NA	NA	NA	NA	NA	NA	NA	NA	NA	NA	NA	NA	NA	0.27346	NA	NA	NA	NA	NA	NA	NA	NA	NA	NA	NA	NA	NA	NA	NA	NA	NA	NA	NA	NA	NA	NA	NA	NA	NA	NA	NA	NA	NA	NA	NA	NA	NA	NA	NA	NA	NA	NA	NA	NA	NA	NA	NA	NA	NA	NA	NA	NA	NA	NA	NA	NA	NA	NA	NA	NA	0.19607	NA	NA	NA	NA	NA	NA	NA	NA	NA	NA	NA	NA	NA	NA	NA	NA	NA	NA	NA	NA	NA	NA	NA	NA	NA	NA	NA	NA	NA	NA	NA	NA	NA	NA	NA	NA	NA	NA	NA	NA	NA	NA	NA	NA	NA	NA	NA	NA	NA	NA	NA	NA	NA	NA	NA	NA	NA	NA	NA	NA	NA	NA	NA	NA	NA	NA	NA	NA	NA	NA	NA	NA	NA	NA	NA	NA	NA	NA	NA	NA	NA	NA	NA	NA	NA	NA	NA	NA	NA	NA	NA	NA	2.21967	4.84084	NA	NA	NA	NA	NA	NA	NA	NA	NA	NA	NA	NA	NA	NA	NA	NA
GT66	2.41665	0.8364	2.84494	3.20009	0.94567	0.64146	2.91876	4.24589	3.0226	2.45751	2.35395	3.69851	2.98298	2.3051	0.7736	2.66533	1.91542	6.88276	3.81768	0.05819	5.62463	1.53736	2.86107	1.11361	5.8781	3.72187	1.54556	0.81975	7.9704	4.88025	1.90569	5.00576	6.00446	3.74267	6.26067	1.67578	2.19397	4.45745	13.67307	1.74776	3.52167	3.47366	2.98943	0.92742	2.34326	1.41831	4.63276	12.91373	3.21771	2.93678	2.87899	3.39454	2.42677	3.29303	1.2495	4.80145	6.38926	2.3263	4.03193	2.04894	4.678	1.54606	2.64021	2.10416	0.39365	3.43222	1.67923	1.88057	3.69403	3.63421	6.52638	6.10305	4.3918	7.22842	12.87363	8.38083	2.50552	1.63481	0.45761	5.3909	2.27314	0.76396	3.01415	1.33099	0.97461	5.01155	3.93024	3.18329	2.24655	3.35435	0.07268	0.24422	1.94139	4.19873	3.89091	0.3879	4.10894	3.99758	1.91032	0.319	1.99966	0.31864	3.142	NA	3.93383	2.82298	2.49007	1.27536	0.77049	1.62946	1.32586	0.20314	3.23367	2.45087	4.04298	2.05678	2.29443	2.58883	1.1825	3.55134	2.80372	0.90674	2.41403	1.57946	2.26962	2.91737	2.70701	5.44516	4.22203	3.44321	2.64624	2.79392	1.73736	5.09846	2.91866	1.24205	1.7253	2.31079	8.55696	12.6062	32.66559	0.06786	2.37965	0.10753	0.04645	5.33304	3.458	1.09824	0.28247	0.65545	0.77288	2.49623	2.30981	3.19401	5.80698	3.47223	3.99586	6.0353	4.97482	4.69529	NA	3.0573	2.24305	9.24569	13.96375	3.6403	1.37145	3.9608	2.06601	1.17836	0.62243	1.37945	0.69802	7.46532	3.76645	5.07569	0.16257	7.26717	1.16281	0.68043	1.84948	3.68897	2.24077	6.56219	5.01528	0.12928	9.66094	2.65911	7.16086	3.9134	1.73496	3.04053	1.94289	0.0256	1.27251	0.40785	1.03966	3.17337	1.65791	1.39629
GT69	NA	NA	NA	NA	NA	NA	NA	NA	NA	NA	NA	NA	NA	NA	NA	NA	NA	NA	NA	NA	NA	NA	NA	NA	NA	NA	NA	NA	NA	NA	NA	NA	NA	NA	NA	NA	NA	NA	NA	NA	NA	1.48255	0.88748	NA	0.30737	0.15041	0.04309	3.38631	3.26687	5.50518	NA	NA	0.20396	0.75902	NA	NA	NA	NA	NA	NA	NA	NA	NA	NA	NA	NA	NA	0.92427	NA	NA	6.5046	2.90409	0.04884	3.53892	NA	NA	NA	0.44106	0.82286	NA	NA	2.27339	8.66306	NA	NA	NA	NA	NA	0.25964	0.34276	NA	NA	NA	NA	NA	NA	NA	0.04478	NA	NA	NA	NA	NA	NA	NA	NA	NA	0.03428	0.19043	NA	NA	NA	NA	NA	NA	NA	NA	NA	NA	NA	NA	NA	NA	NA	NA	NA	NA	NA	NA	NA	NA	NA	NA	NA	55.7331	34.5458	NA	NA	NA	NA	NA	NA	NA	NA	NA	NA	NA	6.8384	3.08773	NA	0.33926	NA	NA	NA	NA	NA	NA	NA	NA	NA	NA	NA	NA	NA	NA	0.0338	NA	NA	NA	NA	NA	NA	0.1031	NA	NA	NA	NA	0.24187	0.42147	0.50051	0.19822	NA	NA	NA	NA	NA	NA	NA	NA	NA	NA	NA	NA	NA	NA	0.22577	0.07362	NA	0.74157	NA
GT71	NA	NA	NA	NA	NA	NA	NA	NA	NA	NA	NA	NA	NA	NA	NA	NA	NA	NA	NA	NA	NA	NA	NA	NA	NA	NA	NA	NA	NA	NA	NA	NA	NA	NA	NA	NA	NA	NA	NA	0.23077	NA	NA	NA	NA	NA	NA	NA	NA	NA	NA	NA	NA	NA	NA	NA	NA	NA	NA	NA	NA	0.05161	NA	NA	NA	NA	NA	NA	NA	NA	NA	NA	NA	NA	NA	NA	NA	NA	NA	NA	NA	NA	NA	NA	NA	NA	NA	NA	NA	NA	NA	NA	NA	NA	NA	NA	NA	NA	NA	0.10542	NA	NA	NA	NA	NA	NA	0.42925	NA	NA	NA	NA	NA	NA	NA	NA	NA	NA	NA	NA	NA	NA	NA	NA	NA	NA	NA	0.10634	NA	NA	NA	NA	NA	NA	NA	NA	NA	NA	NA	NA	NA	NA	0.06341	NA	NA	NA	NA	NA	NA	NA	NA	NA	NA	NA	NA	NA	NA	NA	NA	NA	NA	NA	0.28509	NA	NA	NA	NA	NA	NA	NA	NA	NA	NA	NA	NA	NA	NA	NA	NA	NA	NA	NA	NA	NA	NA	NA	NA	NA	NA	NA	NA	NA	NA	NA	NA	NA	NA	NA	NA	NA	NA	NA
GT73	7.44818	1.20203	2.3748	2.07828	3.80442	1.28158	1.45771	1.75044	14.89758	2.22398	5.91819	1.10504	1.62579	7.31065	NA	0.67963	1.10553	12.89036	3.43243	1.80135	1.17015	2.33052	0.26049	0.47309	0.92269	3.68999	11.60707	NA	0.24463	0.93078	0.61548	0.07621	0.42529	1.27645	3.20861	1.72173	1.26558	4.52896	1.64012	2.16217	2.17566	1.03894	0.24993	0.64832	0.36278	0.85626	6.17695	6.43338	0.84255	2.61318	0.9525	1.01385	0.86516	1.80944	1.11266	2.22858	0.44252	0.26377	2.63708	11.387	3.93384	NA	NA	0.38021	0.65324	0.05614	6.42551	0.12379	0.37787	2.09004	3.13966	10.36602	0.24055	0.11359	7.69385	1.13802	1.03318	0.32497	NA	118.8186	18.71276	9.74483	1.5975	NA	0.43354	4.31787	1.73602	1.74321	4.32555	1.01711	NA	0.81381	6.45841	33.44947	0.87986	0.27232	2.98711	0.4188	18.54468	2.407	19.06715	1.73629	0.29882	4.47018	2.77021	1.6917	1.39006	0.14009	0.37293	2.0614	1.53155	0.28576	1.70832	1.30027	16.84562	0.13423	1.9084	1.13414	0.13744	1.82434	5.07275	0.82031	1.01028	0.34555	0.80716	7.4949	10.09874	1.7683	2.3431	0.08618	1.01354	4.22274	2.70816	0.58947	0.07857	1.3355	1.69063	2.16781	1.99273	0.62753	1.68406	2.34924	0.57332	NA	0.13695	1.68802	0.2047	1.87019	2.52761	NA	NA	NA	1.77333	1.27202	6.43475	14.25863	5.96016	0.31268	1.31589	2.94278	NA	1.11793	0.05016	0.82266	2.0425	0.41262	1.26926	1.65996	12.82428	NA	0.40051	0.47129	4.36596	1.14426	0.52841	1.34727	0.79228	NA	1.43852	1.0255	1.50746	0.13748	0.56972	0.9009	1.48377	0.74875	2.6589	5.47396	0.97188	1.59128	1.24537	1.8703	5.6558	0.29723	NA	1.12989	NA	0.62383	2.42695	0.66372
GT75	NA	NA	NA	NA	NA	NA	NA	NA	NA	NA	NA	NA	NA	NA	NA	NA	NA	NA	NA	NA	NA	NA	NA	NA	NA	NA	NA	NA	NA	NA	NA	NA	0.06818	NA	NA	NA	NA	NA	NA	NA	NA	NA	NA	NA	NA	NA	NA	NA	NA	NA	NA	NA	NA	NA	NA	NA	NA	NA	NA	NA	NA	NA	NA	NA	NA	NA	NA	NA	NA	NA	NA	NA	NA	NA	NA	NA	NA	NA	NA	NA	NA	NA	NA	NA	NA	NA	NA	NA	NA	NA	NA	NA	NA	NA	NA	NA	NA	NA	NA	NA	NA	NA	NA	NA	NA	NA	NA	NA	NA	NA	NA	NA	NA	NA	NA	NA	NA	NA	NA	NA	NA	NA	NA	NA	NA	NA	NA	NA	NA	NA	NA	NA	NA	NA	NA	NA	NA	NA	NA	0.06516	NA	NA	NA	NA	NA	NA	NA	NA	NA	NA	NA	NA	NA	NA	NA	NA	NA	NA	NA	NA	NA	NA	NA	NA	NA	NA	NA	NA	NA	NA	NA	NA	NA	NA	NA	NA	NA	NA	NA	NA	NA	NA	NA	NA	NA	NA	NA	NA	NA	NA	NA	NA	NA	NA	NA	NA	NA	NA	NA	NA
GT77	NA	NA	NA	NA	NA	NA	NA	NA	NA	NA	NA	NA	NA	NA	NA	NA	NA	NA	NA	NA	NA	NA	NA	NA	NA	NA	NA	NA	3.29202	1.73544	NA	NA	NA	NA	NA	NA	NA	NA	NA	NA	NA	NA	NA	NA	NA	NA	NA	NA	NA	NA	NA	NA	NA	NA	NA	NA	NA	NA	NA	NA	NA	NA	NA	NA	NA	NA	NA	NA	NA	NA	NA	NA	NA	NA	NA	NA	NA	NA	NA	NA	NA	NA	NA	NA	NA	NA	NA	NA	NA	NA	NA	NA	NA	NA	NA	NA	NA	NA	NA	NA	NA	NA	NA	NA	NA	NA	NA	NA	NA	NA	NA	NA	NA	NA	NA	NA	NA	NA	NA	NA	NA	NA	NA	NA	NA	NA	NA	NA	NA	NA	NA	NA	NA	NA	NA	NA	NA	NA	NA	NA	NA	NA	NA	NA	NA	NA	NA	NA	NA	NA	NA	NA	NA	NA	NA	NA	NA	NA	NA	NA	NA	NA	NA	NA	NA	NA	NA	NA	NA	NA	NA	NA	NA	NA	NA	NA	NA	NA	NA	NA	NA	NA	NA	NA	NA	NA	NA	NA	NA	NA	NA	NA	NA	NA	NA	NA	NA	NA	NA	NA
GT8	220.17843	189.47392	147.90006	218.74222	301.8127	314.91483	254.17284	228.71673	165.4495	113.22951	240.54031	189.71742	172.88965	152.94364	249.10872	155.45411	216.15255	161.3158	232.95175	74.15119	202.60818	124.59612	312.32508	350.20518	203.70381	239.16321	336.42709	285.96571	197.43094	151.61087	350.42006	293.98348	171.073	289.22714	198.99839	81.33616	89.54111	364.71333	249.76532	202.58713	247.20104	165.81125	166.01191	278.78419	634.56322	601.05618	171.13037	271.20621	136.09599	169.3648	303.30386	162.02908	279.51368	289.22514	199.26124	171.36868	153.81526	168.03019	257.9196	100.55215	242.93881	256.87403	245.91169	317.99801	535.74771	233.6335	178.58463	164.9786	313.48434	316.96956	282.66598	268.14625	204.34894	222.88428	182.3458	227.21822	105.35052	230.88678	290.32402	124.67098	185.78898	373.06394	239.51243	48.89826	56.09268	109.35101	228.55726	145.35389	331.03907	205.39617	271.59034	250.87321	496.27747	184.97442	179.38113	296.64241	210.02068	199.87053	197.64016	173.39502	165.21503	84.33739	171.61456	206.01454	173.99676	296.36679	254.11517	359.98772	327.1884	240.18462	226.96726	233.87687	120.82462	165.21415	154.15136	103.32503	267.98915	183.52137	205.32582	142.02842	217.09905	134.52424	202.09845	233.60017	203.07715	205.7296	271.27224	98.03641	93.47778	363.87195	384.17626	198.33264	293.04944	202.5605	156.9634	211.17253	207.27192	226.44495	196.1636	201.40383	201.16998	160.48456	244.00054	330.51048	190.45697	195.82588	225.71276	239.27616	220.15277	393.60888	307.27151	175.48151	151.91523	262.8547	119.30827	122.97802	182.80889	282.83826	215.79801	153.67214	128.30428	153.64466	84.29768	246.61229	264.96102	375.3043	380.24372	149.73138	216.35867	296.00286	320.47762	209.53314	361.35181	155.67721	186.68596	233.79915	184.18303	145.87485	110.70212	183.72832	150.48036	320.80113	196.68087	165.28555	92.83323	142.72677	199.63313	186.12269	189.54058	331.34111	216.989	201.68079	192.77247	266.04104	282.00404	135.61685	143.06689	257.3314	274.77127	327.25555
GT80	NA	1.99345	1.31341	1.12949	NA	0.7993	NA	NA	0.64976	6.69663	5.60962	3.26263	2.5115	NA	NA	3.57538	1.59486	5.37517	1.04967	11.28131	2.72439	5.99317	2.18868	0.90022	10.23937	3.00776	0.37474	1.35199	9.5929	4.8671	0.54135	3.58359	4.75611	2.84045	6.45539	22.5131	9.17062	3.40064	5.40378	0.1588	3.05341	11.78006	11.51454	0.27694	0.60786	0.35139	6.91294	1.52714	1.16501	0.74956	5.09437	4.7407	1.18369	1.21458	1.52598	2.1764	3.73552	4.82934	1.50026	NA	0.05898	0.11237	0.74011	1.68352	0.0416	0.44806	NA	2.63775	1.01496	0.95204	5.55393	2.48934	14.80755	11.97515	0.21712	1.74885	3.46008	4.46186	0.14416	11.68901	2.20566	0.33982	1.59933	0.55124	0.33561	8.76356	6.9321	2.70761	2.70051	2.07572	1.43345	1.10044	1.02514	NA	0.76109	0.18161	3.41134	1.11783	3.34747	0.47921	2.07624	NA	0.83712	1.27704	4.719	2.70877	5.23814	0.91654	6.40582	0.93798	0.26856	NA	8.3729	9.17183	0.25517	2.45115	2.46706	4.80216	2.66062	2.80994	0.68993	NA	NA	0.64014	1.28861	0.38863	1.89737	4.791	2.00998	0.60599	1.88339	0.06737	5.21053	0.02919	0.79255	0.24683	0.16909	1.55524	10.63356	24.21494	NA	NA	0.24309	NA	NA	4.91957	2.70864	NA	0.03348	NA	0.50508	5.9227	2.02989	2.1165	2.58053	1.21245	1.5233	14.5959	11.56832	13.98167	NA	NA	8.23554	16.02946	0.23424	2.79802	0.78087	NA	NA	NA	NA	4.28235	0.1871	0.04471	NA	NA	0.38948	18.52633	74.99582	NA	53.28232	NA	5.19294	6.29648	2.38788	NA	7.52246	NA	NA	NA	NA	8.78814	17.17527	NA	0.23719	0.59473	0.80075	0.94244	2.84189	0.41968
GT81	NA	NA	NA	NA	NA	NA	NA	NA	NA	NA	NA	NA	NA	NA	NA	NA	NA	NA	NA	NA	NA	NA	NA	NA	NA	NA	NA	NA	NA	NA	NA	NA	0.18068	NA	NA	NA	NA	NA	NA	NA	NA	NA	NA	NA	NA	NA	NA	NA	NA	NA	NA	NA	NA	NA	NA	NA	NA	NA	NA	NA	NA	NA	NA	NA	NA	NA	NA	NA	NA	NA	NA	NA	NA	NA	NA	NA	NA	NA	NA	NA	NA	NA	NA	NA	NA	NA	NA	NA	NA	NA	NA	NA	0.70778	NA	NA	NA	NA	NA	NA	NA	NA	NA	NA	NA	NA	NA	NA	0.23495	0.04662	NA	NA	NA	NA	NA	0.42789	0.02172	NA	NA	NA	NA	NA	NA	NA	NA	NA	NA	NA	NA	NA	NA	NA	NA	NA	NA	NA	NA	NA	NA	3.38633	5.41005	NA	NA	NA	NA	NA	NA	NA	NA	NA	NA	NA	NA	NA	NA	NA	NA	NA	NA	NA	NA	NA	NA	NA	NA	NA	NA	NA	NA	NA	NA	NA	NA	NA	NA	NA	NA	NA	0.06861	NA	NA	NA	NA	NA	0.07615	NA	NA	NA	NA	NA	NA	NA	NA	NA	NA	NA	NA	NA	NA	NA	NA
GT82	NA	0.32612	NA	NA	NA	NA	NA	NA	NA	NA	NA	NA	NA	NA	NA	NA	0.09827	3.56173	21.22533	NA	NA	0.0888	0.05418	NA	NA	NA	4.74829	0.88925	NA	NA	NA	NA	NA	NA	0.19475	NA	NA	NA	NA	NA	NA	NA	0.1457	NA	NA	NA	0.70748	2.26633	NA	NA	1.32646	0.26379	NA	NA	1.31197	NA	NA	0.07429	0.28569	NA	NA	144.17814	119.03106	0.66415	0.23523	0.78548	NA	NA	NA	NA	NA	NA	NA	NA	NA	0.1294	NA	NA	NA	NA	NA	NA	NA	NA	NA	NA	NA	NA	0.13503	0.47519	NA	NA	NA	NA	0.06351	0.12072	NA	NA	NA	1.342	2.69244	NA	0.06008	NA	NA	NA	NA	NA	NA	NA	NA	NA	0.27197	0.06474	NA	NA	NA	NA	0.47981	3.76837	NA	NA	NA	NA	NA	0.82051	0.99014	NA	NA	NA	0.1278	NA	NA	NA	NA	NA	NA	NA	NA	NA	NA	NA	NA	NA	NA	0.16665	NA	NA	NA	NA	NA	0.43069	0.05215	NA	NA	NA	NA	NA	NA	NA	NA	NA	NA	0.24406	NA	NA	NA	NA	NA	NA	NA	NA	NA	NA	NA	NA	4.78658	2.4539	NA	NA	NA	NA	NA	NA	NA	NA	NA	NA	NA	NA	NA	NA	NA	NA	NA	0.07723	0.2305	0.26017	NA	NA
GT83	162.11079	128.54163	174.04152	152.93602	304.03708	281.2506	350.5285	276.84502	186.01959	141.81897	105.89853	126.14528	165.16727	211.54645	256.95252	202.747	244.61691	168.21697	174.80773	229.94118	309.00934	91.11835	133.03765	146.09636	207.53588	194.42062	376.39015	394.79307	82.55912	106.85799	160.5864	183.10688	155.84702	170.75166	167.33455	177.51875	127.37413	112.98396	101.51334	41.42982	125.31857	100.49889	144.28545	341.55317	385.96727	379.68328	171.26118	181.55485	104.77211	110.05475	127.58372	209.75609	60.52399	106.10534	170.237	163.4233	189.67136	400.37769	278.78531	173.005	281.21861	65.79626	100.24849	409.47859	525.23775	300.28324	215.17934	107.35226	135.43428	150.85881	194.0122	147.12051	216.25507	189.61886	564.02389	304.64311	175.98536	64.97077	42.62982	244.18136	238.79471	275.23826	241.98219	320.829	326.38807	172.16695	188.00424	215.32202	120.12007	173.46767	285.82144	308.054	360.35281	104.13077	196.76329	375.11095	203.85781	278.6534	264.61849	358.3932	232.00254	199.79539	182.09744	229.5144	310.35038	231.64741	270.6496	312.1314	331.72057	274.21332	187.03285	157.25794	149.3351	204.48326	173.82887	131.1594	169.07019	138.34418	335.11059	197.53711	149.27048	265.06321	378.75001	367.09571	272.26361	63.458	90.11657	227.43334	207.60063	377.63105	281.02139	91.96521	121.83611	213.37234	217.93879	200.38769	580.00794	155.88382	60.91522	94.08703	118.5276	185.90133	89.3771	218.31226	123.10695	180.90668	190.75875	241.42078	222.98832	467.84871	382.1298	113.58816	131.43329	68.42693	125.04724	153.81497	123.79259	211.54652	148.75732	190.52411	174.75461	225.64697	202.18318	131.89231	278.51389	417.86715	346.07996	257.06295	226.61104	370.86297	455.49415	114.41572	467.42264	173.86799	179.08769	251.26917	417.51008	267.97625	157.19046	206.20681	137.58417	70.97487	151.45056	130.05622	271.63729	294.51805	148.58537	219.36949	231.08532	228.0086	283.38165	61.61671	129.78582	382.85156	387.44175	329.65594	332.95868	163.1649	289.22454	417.9684
GT84	0.1732	0.04264	2.79036	0.63823	1.2018	0.26784	0.18796	0.05171	0.4914	2.49146	12.85699	8.95616	2.94784	0.06602	NA	21.84036	8.01313	2.66621	0.9163	NA	1.18552	3.20408	0.06715	0.0563	1.88601	0.37183	0.22894	NA	13.01655	7.22547	2.17892	1.60435	12.99596	2.9835	0.68368	1.77209	5.33794	1.54248	7.45086	1.39678	1.14158	4.84035	4.47044	2.25404	0.57158	0.03496	3.51309	1.59877	4.27823	10.0095	45.39451	3.75474	0.37121	1.86051	0.20111	2.42243	2.14643	1.64788	2.00491	NA	NA	1.44725	0.20219	0.63242	0.20521	NA	0.33914	1.22774	0.55921	0.3501	2.49744	0.48529	3.16743	4.68645	0.88132	0.04741	2.20181	0.34801	NA	1.04252	0.20376	0.13543	0.25173	NA	NA	7.73675	5.16099	4.31182	43.11264	6.39787	1.2701	1.80388	5.57759	0.11025	1.21867	0.57278	NA	NA	0.88373	0.09668	4.03734	0.04039	0.46179	0.29856	0.27462	1.38273	4.10786	0.15419	NA	0.13192	0.5267	NA	4.20397	2.30107	1.61575	0.87301	0.15168	0.26717	6.42205	4.50211	0.21859	NA	NA	0.04528	0.62118	0.18747	1.39203	0.06168	0.10987	10.87304	4.51882	0.18004	2.95761	1.86095	1.59632	3.58891	0.04052	NA	42.00339	6.68867	1.43235	NA	6.27771	NA	NA	3.73776	3.92502	0.21064	0.4558	NA	1.58844	5.60176	2.73209	3.12719	1.26463	4.58987	0.14641	4.33037	5.29503	7.74041	NA	0.79955	0.52619	6.13028	1.33364	0.11447	2.39885	0.11112	0.40161	NA	NA	0.1101	NA	0.07947	NA	NA	2.11645	2.95175	4.59426	0.64847	2.92727	2.37674	57.04277	6.12603	3.78975	NA	21.59783	0.15814	0.50921	0.14592	NA	5.26657	6.88544	0.37994	1.19734	0.6938	2.71112	2.48869	1.73155	0.12746
GT85	NA	NA	NA	NA	NA	NA	NA	NA	NA	NA	NA	NA	NA	NA	NA	NA	NA	NA	NA	NA	NA	NA	NA	NA	NA	NA	NA	NA	NA	NA	NA	NA	NA	NA	NA	NA	NA	NA	NA	NA	NA	NA	NA	NA	NA	NA	NA	NA	NA	NA	NA	NA	NA	NA	NA	NA	NA	NA	NA	NA	NA	NA	NA	NA	NA	NA	NA	NA	NA	NA	NA	NA	NA	NA	NA	NA	NA	NA	NA	NA	NA	NA	NA	NA	NA	NA	NA	NA	NA	NA	NA	NA	NA	NA	NA	NA	NA	NA	NA	NA	NA	NA	NA	NA	NA	NA	NA	NA	NA	NA	NA	NA	NA	NA	0.09936	NA	NA	NA	NA	NA	NA	NA	NA	NA	NA	NA	NA	NA	NA	NA	NA	NA	NA	NA	NA	NA	NA	NA	NA	NA	NA	NA	NA	NA	NA	NA	NA	NA	NA	NA	NA	NA	NA	NA	NA	NA	NA	NA	NA	NA	NA	NA	NA	NA	NA	NA	NA	NA	NA	NA	NA	NA	NA	NA	NA	NA	NA	NA	NA	NA	NA	NA	NA	NA	NA	NA	NA	NA	NA	NA	NA	NA	NA	NA	NA	NA	NA	NA	NA	NA
GT87	2.55911	0.5508	0.40644	0.27612	0.15864	NA	0.23313	0.69133	0.06605	NA	0.38621	0.38669	NA	7.24139	11.74465	0.58009	0.253	0.25279	0.41227	5.24479	2.05293	0.04306	0.10997	0.12236	1.19501	1.0966	1.24461	NA	1.55868	0.45269	1.21385	0.15961	NA	0.20231	0.22654	0.24157	0.27167	0.98356	0.20631	0.14074	0.4193	0.09641	0.16851	NA	0.09068	0.27303	2.68336	0.54219	NA	NA	2.52469	0.20058	0.1471	0.33768	NA	0.18108	0.0527	0.67636	0.10009	NA	17.0327	0.58795	0.09476	NA	0.60463	0.0806	7.46924	0.09478	2.04642	1.20597	2.21431	2.49506	0.34899	0.54474	0.09564	0.19954	2.32479	NA	NA	NA	0.04375	1.42257	0.28659	0.20426	0.37331	0.14858	0.05085	NA	0.55789	0.06806	NA	NA	NA	14.74525	0.50596	1.12366	0.03711	0.21049	0.73334	0.20196	0.79087	0.12914	0.10736	2.25258	0.12483	0.36553	NA	5.19354	0.22833	1.01657	0.3658	0.38051	0.04761	0.02865	2.20834	0.06357	2.85186	NA	0.34611	0.06894	1.10608	1.50478	3.47179	0.09651	0.04137	0.85766	1.07503	0.19328	1.7341	NA	NA	0.98793	NA	0.37066	0.04603	0.23655	1.01572	0.14885	0.89415	0.43219	0.09563	0.93254	NA	NA	0.10532	0.0379	NA	NA	0.38569	0.04084	0.40194	1.24224	0.48956	0.04508	0.09408	0.29605	0.30462	0.09672	NA	NA	2.51175	0.31174	NA	0.82048	0.5961	NA	0.08855	1.46144	0.46297	0.3363	0.54551	0.19586	4.39572	3.00338	3.45234	1.39651	0.09988	0.32288	0.08286	NA	0.28026	0.04166	2.4452	1.39227	NA	0.07968	0.23465	0.86285	0.17898	0.82063	1.97616	3.74939	2.44864	NA	NA	0.57194	0.1725	0.78652	0.09746	NA
GT9	302.75608	242.47505	181.89486	163.38167	373.66091	351.94864	575.01033	360.42663	380.17025	252.23733	251.69038	279.89413	270.11613	440.55921	658.72955	228.47099	263.48713	381.51577	309.57519	405.62967	340.17668	180.31928	227.08866	221.56752	253.4555	229.15525	560.07663	392.74931	179.84461	216.01579	276.38578	230.74653	225.78007	227.60293	159.07158	276.96989	190.48871	274.33022	254.19249	215.42187	226.56533	179.43931	243.94428	352.17324	358.22987	383.91308	224.97668	270.19302	147.24826	217.56792	326.14477	243.19257	72.02203	111.55534	211.09459	181.94593	228.0671	323.91061	273.72622	268.4677	508.81444	298.07469	300.55922	413.39599	432.94823	329.64542	416.93155	275.16403	346.56803	306.54063	230.98735	229.22102	198.66867	237.54926	564.12698	228.91136	346.51931	218.29935	202.40985	734.286	608.53106	183.25248	216.92597	363.85013	359.74181	240.54364	362.00943	302.96755	194.49409	198.54658	456.00638	357.37903	331.36417	229.56604	285.82875	451.50402	240.45761	263.56505	403.12859	443.17334	306.5765	270.61991	272.62662	292.03374	316.50622	255.53331	276.4896	381.03822	385.86307	313.07041	240.92902	203.3467	175.5825	229.08814	323.65882	264.24045	260.12142	177.46506	281.66515	235.4013	136.62151	401.04336	463.19384	319.81143	260.74145	98.16751	194.42688	197.97333	253.43597	275.13744	355.40912	182.96979	193.05254	306.82874	254.00097	209.29497	353.70857	292.39647	228.65453	196.46984	177.6513	264.19266	211.55683	353.6517	243.71257	188.05452	196.71143	327.92349	317.86739	436.79026	345.56166	221.25361	203.81019	246.15605	320.0033	358.76375	141.17629	150.24683	177.61086	182.13627	220.28484	304.83854	258.78073	276.59124	309.74303	375.44122	334.49716	361.16452	344.62432	268.70166	399.08753	220.97227	425.07958	287.38733	241.78144	495.73061	376.9076	300.27503	281.98703	268.81568	287.26476	203.8382	205.31717	156.0177	251.65355	422.57264	239.97742	180.64502	182.65956	237.29002	247.21548	112.52519	223.242	336.98139	348.81402	353.72942	320.31062	272.96432	352.58365	411.90232
GT92	NA	NA	NA	NA	NA	NA	NA	NA	NA	NA	NA	NA	NA	NA	NA	14.55595	14.05316	NA	NA	NA	NA	NA	NA	NA	NA	NA	NA	NA	NA	NA	NA	NA	NA	NA	NA	NA	NA	NA	NA	80.47076	24.47096	NA	NA	0.03022	NA	NA	NA	NA	NA	NA	NA	NA	NA	NA	NA	NA	NA	NA	NA	NA	NA	NA	NA	NA	NA	NA	NA	NA	NA	NA	NA	NA	NA	NA	NA	NA	68.1329	NA	NA	NA	NA	NA	NA	26.04889	36.54282	NA	NA	64.04033	NA	NA	10.80933	22.28888	NA	NA	NA	NA	NA	NA	NA	6.83878	5.22826	NA	NA	NA	NA	0.04575	NA	NA	NA	0.15512	NA	NA	NA	NA	99.99184	89.64768	NA	NA	NA	NA	NA	NA	NA	NA	NA	NA	NA	NA	NA	NA	NA	NA	NA	NA	NA	NA	NA	NA	NA	NA	NA	NA	NA	NA	NA	NA	NA	NA	NA	NA	NA	NA	NA	NA	NA	NA	NA	NA	NA	NA	NA	0.26757	NA	NA	NA	NA	NA	NA	NA	NA	NA	0.01105	NA	0.06288	NA	NA	NA	NA	NA	NA	NA	NA	NA	NA	0.42052	NA	NA	NA	NA	0.03553	NA	NA	NA	8.72087	13.40546	1.27437	1.19288	NA	NA	NA
GT97	1.31509	0.947	0.52588	0.21355	0.11038	NA	NA	NA	NA	0.24231	6.92268	0.24283	0.16997	8.12434	3.69454	NA	1.76075	1.53191	3.83352	NA	0.3015	17.34922	NA	NA	0.37087	0.34765	NA	NA	9.04932	0.11708	NA	0.33761	0.23891	1.22675	2.42305	0.15961	NA	0.80366	0.25191	NA	0.25035	0.10208	0.11895	NA	NA	NA	NA	NA	NA	0.35687	0.05864	NA	NA	0.10226	0.11267	3.1009	3.34564	NA	0.05829	NA	0.47741	NA	0.05438	NA	NA	NA	9.91053	NA	NA	NA	NA	NA	NA	0.37764	0.1065	NA	NA	0.65065	NA	NA	2.03072	0.32897	NA	0.0878	0.08268	1.15989	0.17662	NA	0.35542	0.15726	0.17607	0.30279	0.16516	NA	NA	NA	0.16207	NA	NA	NA	0.35024	0.63394	0.34958	NA	1.78124	NA	NA	NA	0.27739	NA	NA	NA	13.35487	17.67836	NA	NA	NA	0.15358	NA	NA	NA	NA	NA	NA	0.04654	NA	NA	NA	NA	0.05991	NA	NA	NA	0.08508	0.05179	0.04435	NA	3.51828	0.64069	0.78596	NA	NA	0.39382	NA	NA	1.97254	6.71215	0.14417	0.13664	NA	NA	0.0572	0.77864	0.29349	4.09307	8.5109	6.24648	1.38544	1.40483	0.18975	NA	NA	NA	0.18448	NA	1.25414	NA	NA	NA	NA	0.24548	NA	NA	NA	NA	0.10725	NA	NA	61.96226	NA	32.77581	NA	0.14582	0.61385	0.0778	NA	0.17396	NA	NA	NA	NA	0.25553	0.07949	NA	0.30062	NA	NA	NA	NA	NA
GT99	0.03301	NA	0.06419	0.01963	NA	NA	0.10635	0.02834	1.40012	0.36107	0.18479	0.80073	0.05504	NA	NA	NA	NA	0.11452	NA	NA	NA	NA	0.05168	NA	0.08591	NA	0.54658	NA	0.30453	0.05839	NA	NA	NA	0.34153	0.02883	NA	NA	0.02525	NA	NA	0.0966	0.04958	NA	NA	NA	NA	NA	0.03075	NA	0.16852	0.02681	0.02652	NA	0.09932	0.32713	0.04849	0.14127	0.19989	0.20698	NA	NA	NA	NA	NA	NA	0.29912	0.0248	NA	NA	NA	NA	NA	NA	0.07171	NA	0.10262	0.34473	0.10906	NA	NA	NA	NA	0.05038	NA	0.04897	0.1976	0.2092	0.36515	0.08246	NA	NA	NA	NA	6.75044	0.11947	0.29595	NA	NA	0.53622	0.07341	0.05185	NA	NA	NA	NA	NA	NA	NA	NA	NA	0.03983	NA	NA	NA	0.05648	0.02722	NA	NA	0.1835	1.18008	NA	NA	0.05051	0.02495	0.043	NA	0.17462	NA	NA	NA	NA	NA	NA	NA	NA	NA	0.67315	0.10314	0.09773	NA	NA	NA	NA	NA	NA	0.07822	0.11829	0.20568	NA	NA	NA	NA	1.20039	0.19216	NA	0.18709	NA	NA	0.459	0.45038	0.06123	0.04631	0.13464	1.49424	NA	NA	NA	NA	NA	NA	NA	NA	NA	0.04532	NA	NA	0.0718	NA	NA	NA	NA	2.38992	NA	0.14242	NA	NA	0.16839	NA	NA	NA	NA	30.19547	15.24029	NA	NA	NA	0.04594	0.1324	NA	NA
PL1	945.18177	587.28548	853.99094	579.01192	207.15291	210.57877	1086.45849	1273.63631	889.92037	771.14882	667.66266	661.18205	877.96683	681.75912	657.52855	980.3559	1601.97784	613.36121	923.32397	1192.92868	687.58074	365.32932	1452.02701	1247.54833	1026.20906	1168.17535	885.78386	1185.85434	385.49644	800.53894	555.20399	871.95658	363.64105	929.97887	1049.9264	696.04558	446.86279	541.74165	263.09986	168.2595	665.14621	481.00339	629.03506	897.29829	970.5944	1178.89083	500.84344	348.15872	1286.45219	996.73788	588.95519	1442.52058	1035.41556	1069.45145	1543.02865	607.27551	705.6045	1496.34432	1441.18435	1364.59226	15.43612	173.24966	202.27611	2000.86908	3116.74507	1170.07536	805.6516	1287.48816	1938.02584	1825.88022	1293.36374	1209.08147	1314.07451	626.24173	483.10033	1266.54086	294.48994	868.84502	1133.54613	241.80094	295.62171	1585.23078	1162.77552	895.61046	977.55977	683.15836	450.52831	228.22321	126.55147	213.89502	1016.14485	1303.14236	1943.40659	43.45917	1288.76615	1286.49938	983.6111	1170.78373	955.79968	938.36648	547.81283	966.87313	977.41553	1561.13543	1453.28044	912.64332	959.32156	1804.51774	1930.57044	1514.8829	2738.28757	1663.56218	475.89238	557.15655	537.86668	662.66845	840.94974	568.21633	367.91156	564.7721	1257.57767	908.17311	807.67344	975.48099	1650.76582	351.47565	334.64731	511.6177	982.50843	2429.92077	1822.67178	1374.79489	538.454	1117.3755	496.75522	994.82542	144.3488	457.80295	83.25747	148.85534	631.32023	880.69617	225.22155	486.82547	1182.07789	957.87881	1080.19755	1032.48467	1171.50256	1778.38465	1969.84194	540.47063	746.3628	462.37281	803.32294	747.63116	578.92031	1841.96549	810.69065	823.69212	781.58039	1076.0583	502.16985	264.29613	1320.75876	1375.71882	1367.67532	1559.70391	1014.9898	1820.36094	1670.78445	326.23604	340.00742	1111.95519	1554.7151	2938.81413	932.86423	563.19007	183.99635	818.66751	188.77751	144.82604	274.23019	498.27739	1176.31701	1758.77501	325.7543	522.59469	637.31935	1679.7029	1443.60581	305.04573	675.55839	990.63139	1446.03844	996.14801	1029.0273	198.9448	1941.94737	2524.75954
PL10	65.22659	62.31643	59.45098	74.59183	21.07442	18.78492	314.32904	140.21094	86.70412	58.28824	65.83952	24.28269	27.89429	55.46252	40.13181	14.2206	16.22656	133.88125	173.02734	175.8587	90.92332	30.76724	112.78803	74.90254	80.51416	132.44429	47.80621	70.0606	14.28745	17.72129	73.15596	68.3387	25.7821	71.52994	59.08249	159.25203	75.69914	69.08671	47.36458	14.02641	35.63254	20.62081	58.61771	7.56725	25.464	17.33498	51.99312	74.96161	95.52984	110.18086	44.78278	65.5209	56.9758	72.50876	99.55859	67.02669	89.88087	32.87811	49.76545	17.26497	8.51328	47.36138	36.11039	73.66254	5.79552	96.71723	64.06091	31.52428	1.20313	27.45682	59.23862	67.97157	59.84606	108.05322	132.01811	149.06626	43.20541	66.65937	84.1688	197.21416	177.58341	166.10341	165.97378	6.41618	7.42255	138.57648	84.18252	46.12682	17.82537	20.0237	8.06402	4.57559	12.92255	0.39875	100.81348	7.95465	163.74929	181.12091	113.90554	6.88133	7.07924	239.03437	150.58293	112.09295	89.0051	23.97632	11.217	24.93295	3.96502	212.04435	219.52388	209.95865	56.73172	107.79056	32.57332	21.87011	77.88482	66.56662	3.88197	25.6845	115.56444	136.7376	95.75355	145.36698	173.89663	27.73118	36.03119	15.89175	28.27319	5.90259	23.35192	113.78414	133.75955	222.64824	176.527	170.9417	12.8026	38.53558	15.60683	21.89902	86.16418	140.89875	20.26771	58.6876	73.30982	40.52228	56.51367	165.29567	135.13984	3.34172	9.65504	36.41202	69.16912	17.19204	92.59309	124.01953	80.84916	93.36532	140.52336	157.79533	141.43738	173.82386	126.89665	42.34316	34.46322	20.82665	43.11	88.39371	208.39278	263.78302	230.9934	58.37344	60.39341	92.41362	7.79396	87.67493	1.39736	12.44371	41.46635	195.07733	33.15902	2.13024	41.47248	71.04809	6.20701	1.11776	71.01783	99.01118	172.08563	8.74795	0.94825	24.93337	35.81052	0.39546	1.98784	1.80593	2.0373	41.70165	21.38707	3.27424
PL10_1	122.5327	94.64397	101.53465	99.81803	37.96832	34.63536	278.47492	314.55614	94.82335	89.62386	112.57904	45.06018	66.54531	99.11055	75.96073	18.03711	30.77486	147.05032	168.83113	141.20971	144.43702	52.64297	251.77444	211.87711	137.31237	162.06286	34.59035	58.49151	23.34172	29.90797	120.04198	139.74195	33.79419	147.07909	154.66539	182.75882	85.67397	78.54438	62.61586	50.65115	84.69935	39.95085	93.27736	11.0443	34.91716	30.41617	94.71395	85.6037	220.05472	163.74172	62.70338	101.66649	213.03773	208.76308	135.46815	115.86893	147.48507	83.74191	104.11896	15.40208	1.366	69.48956	54.05555	75.22071	8.257	197.92952	116.28708	101.73262	68.95521	98.48505	253.17553	226.21219	201.73627	146.82619	220.82865	362.98321	50.15742	158.80651	219.14902	62.49117	81.3254	349.81229	296.75994	15.01469	20.71331	136.55054	77.87912	47.84132	19.00147	45.85243	15.79875	9.53041	23.24543	0.06573	122.17832	32.67056	186.51035	270.83775	204.62916	23.76253	43.75911	214.35441	158.80799	145.15841	178.87604	41.73579	30.47983	45.63907	18.195	289.11309	412.08616	333.4687	71.05682	90.92084	72.14381	89.42883	143.62537	91.81873	4.6843	51.35742	236.70948	194.95178	147.67536	243.197	235.86914	67.1339	80.73042	20.81388	51.7728	9.55241	24.13263	217.0547	115.07757	231.10951	116.10772	146.85002	20.72023	56.52749	16.89336	21.10204	104.03665	127.94493	33.46567	113.88125	181.94012	106.4148	113.81981	190.98058	192.75894	5.98272	22.75187	86.5668	118.66384	45.43785	100.98261	119.86905	108.10983	211.13989	152.46753	147.01176	118.94557	205.29627	127.1263	61.70629	48.17736	37.3387	60.53066	209.36102	236.15125	398.51709	337.41666	65.16026	63.45488	92.82779	49.49327	108.71068	1.82929	15.91276	46.27403	216.68448	34.1936	21.76379	47.3951	94.21184	12.35764	8.56036	59.29368	137.1375	222.97127	104.87501	44.10849	30.36779	67.23232	4.00123	11.70468	28.56775	18.73643	37.84425	36.89499	9.70052
PL10_2	24.45519	33.34114	30.0633	30.0054	7.23997	11.89749	166.17405	153.22496	30.40013	19.84353	50.10275	8.29178	12.63184	36.67445	34.92797	4.0782	3.57609	63.63982	78.68906	83.08609	29.42915	22.70745	70.67174	55.66813	37.57936	66.05275	12.06034	32.7801	4.6772	11.66634	25.77519	21.6891	11.29276	38.51743	33.36385	120.59874	50.11715	19.74766	16.72963	7.41257	22.54932	11.22718	41.14102	2.89554	12.97181	11.38735	24.49177	34.4267	50.39729	56.82812	13.94535	20.44054	43.41448	55.63569	37.96581	37.24925	51.91808	27.44555	42.44637	0.03868	0.02028	25.51386	18.82818	50.88529	4.54686	40.76362	52.11049	10.0396	NA	3.83586	41.22913	58.5724	29.54252	45.33502	48.95496	31.28766	23.14824	41.78272	61.85069	18.89544	24.98552	28.00852	45.70228	7.02088	5.60034	65.46623	42.34081	23.91246	6.71918	6.24065	2.27783	1.45669	8.51614	NA	29.23095	3.98191	68.78229	74.72762	58.65778	1.33533	2.68272	124.55753	69.08536	31.01713	27.34314	13.48549	7.69725	14.51596	4.76108	129.9217	124.74926	139.20274	26.03763	48.07565	17.06432	10.49603	48.43071	35.31814	1.08635	7.33446	40.21364	56.32719	40.97211	75.16592	95.55805	10.35207	13.65484	0.03168	0.08577	2.44653	10.03469	61.62221	63.65922	97.96424	73.76438	68.1515	10.12425	21.19382	6.77361	10.42422	36.2147	69.10211	9.12205	35.70164	61.20376	14.85931	24.58687	78.1346	64.9965	1.97091	7.38354	16.95948	33.04551	8.53782	50.42172	56.28702	36.53649	41.21389	45.10431	44.5159	50.63983	78.80487	53.58933	13.98916	0.74891	12.24423	22.72758	53.37227	93.2373	84.16514	71.04665	28.24123	23.69185	37.92635	0.08767	NA	0.65109	3.85422	20.54637	78.33517	14.67623	0.06272	19.14137	27.21537	1.916	1.37391	29.51288	48.24979	86.18533	NA	0.15465	9.80976	13.9822	NA	0.66907	0.26551	1.03482	17.57818	12.47051	3.26484
PL11	376.4183	197.52681	200.75232	197.31125	84.12192	69.46647	556.94446	630.7156	202.48279	181.64844	169.97184	100.16732	135.49505	210.70424	172.98467	47.49535	82.61919	201.79259	313.51723	316.04367	195.66857	101.0024	262.87609	143.50071	249.92038	346.03225	76.87645	121.67852	86.81674	161.71935	216.67867	211.32103	86.45176	302.90213	269.80849	353.05902	186.5082	190.40914	176.38344	177.48576	240.43745	58.76446	152.11136	32.04053	95.12418	71.98212	171.84667	197.16846	171.33561	206.55709	127.09089	144.00078	193.56404	153.8612	311.61264	161.96056	209.7908	76.68748	108.97406	97.18625	13.41112	198.39534	161.98367	124.0049	12.45286	333.16286	252.97799	128.17242	218.7586	229.68995	124.58049	142.65173	270.17596	180.33421	284.68689	408.01313	88.48583	144.41075	182.64545	85.74963	115.00668	274.25166	253.19668	34.75682	36.41218	234.13851	158.74387	89.44565	97.51729	166.22804	77.75787	109.38896	19.94831	27.56635	293.61855	64.61402	291.85773	375.1173	217.79578	22.55041	44.75924	297.33259	313.97523	229.11735	162.59865	49.25247	34.38339	74.49865	67.50035	384.67891	317.45697	315.22325	140.49933	222.79587	76.83944	146.59337	118.71406	112.64146	38.93423	112.30871	205.39179	189.719	149.93852	243.92386	301.42537	252.38537	268.0574	81.06612	97.43141	29.71538	69.7809	137.68171	211.62792	318.59598	364.48022	375.49986	51.5705	162.41685	55.4341	45.52283	163.8346	243.33876	128.64498	173.32148	212.33131	190.16015	217.01564	485.86823	452.7994	14.56482	47.32917	72.67638	187.43114	171.17709	275.40868	247.80055	221.22862	358.79524	283.60463	333.10128	259.66477	447.93622	263.93348	95.31528	105.90603	37.70677	101.7683	420.75874	525.9642	596.15685	469.85476	184.74	165.75391	259.00104	89.50801	230.93016	40.16399	49.65496	145.19628	461.99231	147.96682	122.2632	67.56702	100.78038	34.19738	128.94602	135.80728	256.44873	419.50198	142.12022	104.47719	90.15134	188.50069	28.24657	32.02904	76.76965	82.10247	146.3906	24.28196	8.12764
PL11_1	179.94511	212.9135	109.64434	82.86847	74.68683	70.02088	219.08805	234.30334	207.0872	164.69237	157.79107	144.54639	152.35045	106.26647	83.57181	53.81887	87.93877	132.41363	184.51911	139.68246	59.54242	81.07997	254.67134	249.89666	76.90987	164.3178	165.51625	210.67966	76.63178	128.38676	241.39539	156.33282	91.66392	99.12943	66.97146	146.18288	98.07475	161.97089	165.26792	193.59101	203.1955	45.34888	77.77375	48.77045	195.76386	207.58913	76.6811	70.21387	88.74313	128.9498	62.18875	75.72701	213.77682	160.45525	128.90305	61.43205	83.60411	54.10193	107.76251	371.0312	0.33183	318.8966	274.45701	67.90642	4.60617	130.87428	133.42872	229.62533	296.43431	254.17863	48.92575	92.95188	93.01735	89.13655	92.22172	81.97217	39.22643	185.34514	237.22566	128.8279	173.18713	39.2294	58.72202	20.58276	15.45859	92.34591	56.87615	34.60877	108.11789	203.86342	69.77289	121.96759	10.10114	31.74799	188.11758	67.14456	119.14588	150.64098	99.7714	15.59205	29.89526	100.52281	141.5549	180.56158	97.13944	42.56813	32.00314	171.30391	178.7482	189.05432	114.79954	140.53044	59.45687	74.04715	43.64606	88.42521	168.16521	90.10315	112.6911	85.39804	84.10227	162.39468	127.38944	65.57922	80.0868	273.98308	293.00057	58.11907	61.39383	16.67593	43.93433	56.24737	105.83947	194.1383	102.01658	151.60161	78.77155	190.18644	109.89797	49.60475	110.32368	118.09622	188.05082	254.88617	238.59639	70.28292	51.99809	192.28059	197.44218	6.03384	25.57641	30.43451	74.78297	260.74645	183.91542	148.35019	90.96867	111.86242	73.69683	114.32153	84.00697	170.51321	87.8981	41.00436	64.06972	16.88036	32.49037	234.28372	201.36903	228.21736	175.0381	157.84672	201.52138	191.89015	310.65164	101.24123	146.61957	84.97727	75.54246	159.31061	123.8596	249.66053	35.20186	52.48779	99.43991	193.68807	51.93763	98.17366	176.6184	200.25226	158.24846	40.51142	113.13828	257.61567	277.74912	95.75192	97.07524	174.01164	211.35353	326.74637
PL12	0.518	22.17691	7.71171	7.12493	NA	0.17809	NA	1.71314	1.36391	1.19163	1.38723	13.53506	1.90496	7.05801	6.83556	3.08751	1.76768	1.84115	4.05992	11.55273	11.68102	0.23846	0.48625	0.29608	31.95894	8.8585	NA	NA	19.53991	19.69847	NA	NA	0.46898	6.70539	1.02466	0.80478	2.12871	1.39285	0.41592	7.3962	2.68034	15.40757	1.2233	0.50468	1.07551	0.89468	3.74761	5.38761	7.26423	4.97903	3.38428	1.83916	2.66386	3.32962	0.17274	10.61094	11.89682	1.4168	2.12948	0.837	0.48041	0.58167	NA	0.06742	NA	NA	7.52931	0.45643	2.83446	2.53057	7.53133	6.68632	12.43539	14.88646	0.41655	0.9372	3.92258	0.62206	0.12282	0.12031	0.56849	0.06671	0.12815	0.43023	0.81842	2.26738	2.32728	0.49479	5.39785	2.28716	0.39739	0.37276	4.7521	NA	20.92823	0.64918	61.82373	21.98216	0.96277	0.43682	1.00224	3.32487	6.75121	NA	6.40774	1.00978	0.57944	0.17901	0.88843	1.15096	0.05167	0.18415	2.22	1.75324	4.18628	2.35937	0.67095	0.54559	0.48891	2.04833	0.39248	8.22684	6.8433	2.11681	1.39565	4.73536	5.02757	0.48201	0.85455	0.80199	1.05895	3.03009	1.27692	0.653	10.34374	20.44739	NA	0.2857	1.22893	2.26704	0.33279	NA	0.93717	NA	0.20069	1.66292	0.40358	1.43916	3.72058	3.19098	1.78647	2.53096	3.73458	2.96178	7.6947	1.18926	13.34592	5.1538	0.62175	1.82186	5.04132	24.71303	NA	0.13018	0.07069	1.81363	0.17947	0.12999	NA	NA	0.16002	1.20006	0.40653	12.88557	16.82042	8.63494	0.14526	1.28716	0.11705	0.36049	0.38027	0.54239	0.10104	0.13742	0.77719	0.18863	6.76133	5.93034	NA	4.20213	0.05622	2.80504	5.07076	0.06929	0.53923	0.131	0.82165	7.09136	0.36048	0.1316
PL12_1	0.80027	4.12621	9.50907	11.99206	2.90368	3.21232	73.09288	32.28483	28.95307	2.9955	4.21071	1.9361	3.92988	4.0598	1.67781	8.01859	12.4403	2.71874	1.46688	20.64486	4.07419	4.97897	10.88166	12.14155	6.9129	7.3855	14.6149	7.50179	3.60759	2.54247	17.48613	2.8119	2.93574	5.25112	3.05054	0.56119	2.3011	5.73754	8.07943	1.10116	4.14433	2.3587	2.0863	0.72717	2.84148	1.58307	3.45246	2.23288	3.05168	7.04475	7.42881	0.23449	3.72818	6.65031	12.01399	5.97134	7.95612	2.44025	8.10127	86.04769	9.42386	17.97267	10.24449	11.24565	4.287	22.27681	2.55842	1.94796	7.9175	11.07361	3.36124	25.29506	2.4226	5.26455	46.8628	9.36014	3.63227	5.48101	2.99853	0.36485	0.51095	64.84286	15.20167	1.74747	1.58657	5.44921	3.21374	1.24678	21.3829	13.71576	7.61417	3.40976	3.75947	173.28201	5.57375	8.98584	1.5614	16.13803	8.87382	1.09809	9.84802	2.61888	11.19211	33.89268	10.75609	1.55536	2.63055	7.59494	5.69126	3.33523	3.42394	61.0095	1.80835	7.23215	25.2774	1.16043	1.83322	0.15486	2.32241	7.55024	14.9204	81.29624	100.32573	20.76005	14.18799	4.4334	5.12325	1.45447	6.3383	0.57662	1.97718	7.32483	5.49291	5.82524	2.84432	4.70962	66.85544	3.47741	2.42395	0.9818	10.2258	51.71738	0.13245	42.59483	32.32278	1.86607	1.91528	2.49374	6.10947	1.00068	1.02224	7.31321	8.48505	1.00984	6.57017	2.08632	1.06494	1.86882	3.71744	1.65168	36.20988	18.96539	1.1168	9.41619	11.03747	11.21211	5.15374	11.83688	7.41011	21.48904	69.76085	4.6353	91.26673	53.20529	64.9663	29.4557	0.44833	0.9319	0.20195	4.35632	0.55098	1.40422	1.26859	3.55688	2.52072	7.56086	1.37097	61.25721	37.21797	5.12633	7.29652	3.51725	4.23577	0.98117	2.93302	0.98396	1.18594	2.18249	1.99057	0.84964
PL12_2	90.50059	78.32262	137.90231	77.53403	30.60847	67.98705	64.03095	101.3718	96.54931	102.66368	47.49923	74.81538	55.06436	111.06995	85.85179	18.95984	22.36585	19.59207	63.89699	42.28648	211.40695	41.79929	53.78205	27.45114	291.64851	252.29582	16.34672	12.94603	26.57038	50.17447	142.19105	205.13145	14.8019	227.72414	369.70475	21.85258	16.68166	118.32324	88.4826	20.2285	146.70688	35.09765	28.497	5.78263	12.59688	5.94023	87.39766	26.42441	142.76666	119.36363	48.35682	97.8668	16.83213	31.12085	235.69136	122.52872	111.07091	13.53443	33.64038	103.3312	24.34211	5.30416	3.06361	21.84464	1.40463	255.69574	147.62475	34.51601	199.28231	240.03802	263.82738	126.44529	440.61975	115.865	161.78178	573.02223	47.24979	25.72659	12.15516	13.05306	13.85138	509.29423	345.7774	28.47229	47.48977	64.67354	63.61631	41.21518	23.21351	52.24432	21.7716	10.78477	3.46351	NA	127.57211	10.87751	222.27101	303.39407	199.22184	5.78243	5.90697	134.67556	102.12632	195.7434	164.65703	7.61906	6.25418	8.13296	14.95796	189.42685	176.67233	90.84334	123.05799	130.04386	84.17648	125.16098	10.4902	52.86444	2.66605	97.9819	185.22237	36.73101	43.29806	178.10235	316.35599	9.69097	52.67695	44.35981	89.00122	3.79471	8.69143	88.96823	62.13697	92.2458	53.47989	121.68985	8.0033	121.26207	9.57634	15.22955	23.68933	64.84069	30.89068	3.84161	24.41382	208.99457	344.53046	60.69771	86.25849	3.56749	13.59775	38.81916	56.27545	97.69686	116.37533	103.67632	72.12469	417.06182	215.69412	150.32253	42.77256	65.02529	74.3491	53.76522	110.82406	9.94386	78.02216	61.93975	18.16947	452.63101	425.70429	40.235	30.96568	95.24777	157.44403	238.98981	1.269	12.35389	14.18477	35.15594	16.91612	19.75209	45.53563	120.35675	8.75523	0.96722	50.99263	10.29769	NA	134.04387	78.80515	38.71537	82.42198	3.35973	4.37139	2.69457	4.36636	37.82605	3.24408	0.09351
PL12_3	NA	NA	0.18347	NA	NA	0.83725	NA	0.16283	3.23629	2.50133	3.63535	0.33366	NA	5.30747	18.38215	NA	0.25341	0.31309	0.91039	0.22936	0.09041	5.01473	0.07029	0.05922	NA	NA	0.20954	0.49742	0.23243	NA	NA	0.07565	0.16021	0.07437	NA	6.82908	4.46096	3.76912	3.73912	NA	3.46843	1.68432	1.63922	NA	NA	NA	0.14891	3.9857	3.45975	5.08534	0.07702	0.30237	NA	NA	0.73316	0.13585	0.3813	2.81467	5.39167	16.15072	0.39903	4.7439	NA	0.42143	0.15961	1.01755	10.5998	0.77428	NA	2.04735	7.00312	2.72588	0.25464	3.69657	NA	0.14525	NA	36.59869	30.98422	NA	NA	1.75422	9.4356	0.14792	NA	NA	NA	NA	NA	NA	0.1614	NA	NA	NA	0.08208	NA	0.27191	0.15552	NA	NA	NA	NA	NA	4.28371	0.12115	0.07855	0.27303	NA	0.32906	NA	NA	NA	17.74358	29.78234	0.15988	NA	NA	NA	0.38938	0.10393	NA	2.07727	1.64449	NA	NA	NA	0.32231	0.04785	0.08483	0.41187	0.44105	0.56853	1.61024	NA	66.8354	46.26302	NA	NA	NA	NA	NA	NA	NA	NA	NA	NA	0.08154	12.25169	5.4595	NA	0.23449	NA	0.20223	NA	0.13735	NA	0.14929	NA	NA	0.42196	NA	NA	NA	NA	27.92284	NA	NA	NA	NA	NA	NA	NA	0.26723	3.02062	41.53698	98.86101	NA	0.30541	NA	NA	NA	NA	0.09506	0.8118	0.19857	NA	12.53993	NA	NA	NA	NA	6.65175	5.87034	NA	0.31561	0.19506	0.32344	3.35863	NA	0.13063
PL13	35.96686	26.67359	58.06424	31.39263	8.80164	9.05396	27.84604	37.58136	41.21637	49.56721	15.26742	50.08577	24.10475	55.94631	41.95265	10.77714	16.76198	13.85206	37.98828	18.55896	69.29287	18.21584	18.05952	11.7191	95.50187	77.78055	8.16291	6.11758	14.92717	50.84196	50.18147	86.89348	9.60049	65.14961	89.67534	14.1199	9.45126	35.53378	30.35773	10.30259	69.53238	34.31831	16.52167	2.30983	7.56105	1.96763	43.83337	13.01302	40.43156	30.20806	18.58148	26.93558	7.8127	11.2932	93.95875	57.54395	65.8299	6.96651	11.93837	61.89849	0.05422	1.77794	0.83902	8.62551	0.42176	105.62284	71.60046	23.05852	67.5969	72.88681	78.57886	50.77867	159.65736	85.90986	76.80035	194.40676	22.2486	12.67303	6.07983	4.0968	6.22186	180.68977	135.58637	8.00389	14.41707	28.82728	17.5999	20.16982	10.27329	19.58867	9.3008	3.51473	3.11271	NA	62.68771	3.04638	136.22053	182.40313	81.80447	3.85072	3.31258	36.64056	51.78343	75.79862	85.48495	4.20657	3.11132	1.89213	8.26778	72.6042	59.3328	26.47561	34.80521	34.05762	21.04048	42.6117	5.38362	47.64491	1.04078	39.36517	63.35262	33.17039	31.19198	62.58258	96.28641	7.46891	25.20516	27.13105	59.42828	1.85967	5.70611	26.65861	17.88068	33.20816	23.5221	67.51557	3.06401	68.68517	8.82386	12.40973	16.50389	35.30085	10.28869	1.2678	15.35762	77.888	89.02849	37.17194	55.1231	1.95835	6.77304	33.18749	29.63115	28.29999	48.54578	55.35255	28.20463	144.50637	62.75413	49.33068	28.60346	44.53608	20.47692	20.80835	76.16793	6.26072	17.85047	47.5201	17.65373	144.13968	127.01283	18.20719	6.58823	70.04874	99.41925	158.40504	0.69384	5.29108	9.21329	11.58653	7.51056	16.92637	13.69113	46.10424	5.18133	0.1496	37.46016	6.42869	0.02499	67.12055	52.56898	16.3951	33.48933	0.72668	1.87016	1.30691	1.0294	19.79064	1.87058	0.28863
PL15	6.96473	10.74904	40.13095	25.64741	5.50719	14.43923	1.65161	10.78241	46.76329	49.70728	30.16619	88.91566	31.27532	9.16407	2.66142	10.01256	11.24966	12.07671	29.80954	22.0067	8.15465	36.64956	13.01935	2.49066	1.68601	2.43808	2.09755	2.23301	8.659	5.7081	8.71919	45.61393	9.52561	5.14692	2.65042	3.96593	0.28123	9.292	6.4008	3.27107	29.3276	6.58849	26.23991	2.37663	6.32474	0.94392	1.76557	3.30581	86.77709	153.46792	6.07509	4.36703	9.36909	24.85534	18.20589	49.16094	70.85861	1.03157	4.57229	6.22409	NA	4.59365	2.09186	4.27145	NA	9.2405	11.1114	9.67233	27.97645	25.11511	8.34848	27.06372	51.65535	128.86949	0.3175	2.98816	8.08347	3.10358	0.50272	4.06736	6.97044	7.42532	18.61528	1.12555	1.61814	2.77412	2.49647	1.49409	9.80206	19.53173	0.29344	0.20824	1.25912	NA	51.85417	0.24305	174.21516	235.92197	42.11936	1.79735	2.16811	7.48657	22.06741	37.06646	54.6628	1.37198	3.38997	0.79128	2.97887	54.20612	60.61353	19.54272	42.1073	30.25018	5.4921	5.1951	1.03301	4.68417	1.31823	22.70652	1.01348	23.24071	28.37659	1.41795	2.15728	15.7281	29.43429	22.03882	48.69112	1.19575	3.89506	6.66302	74.49363	98.18382	65.2528	124.49506	1.12449	7.72742	11.75442	14.12337	13.63106	18.43194	0.18364	3.41892	23.24681	18.71971	7.64954	36.20839	45.17348	0.52426	5.38974	82.5538	30.44874	0.3523	176.84138	121.67204	24.29829	119.47067	6.58523	14.74869	21.73731	18.58479	1.14553	3.83386	59.41395	1.28378	1.56009	67.69566	16.23811	6.46382	3.68441	18.7391	0.80019	5.66818	27.52508	147.53066	0.53267	1.7674	8.89619	58.38621	7.74491	0.10854	5.53834	15.56735	5.44452	0.47245	49.35783	8.19681	NA	80.12197	75.70905	28.20349	102.06864	1.62975	1.58692	0.8774	0.61695	20.7694	17.79187	0.18073
PL15_1	NA	NA	0.54633	NA	NA	NA	NA	NA	0.19178	NA	NA	NA	NA	NA	NA	NA	NA	NA	NA	NA	NA	NA	NA	NA	NA	NA	NA	NA	NA	NA	NA	NA	NA	NA	NA	NA	NA	0.06901	0.15053	NA	NA	NA	NA	NA	NA	NA	NA	NA	NA	NA	NA	NA	NA	0.14089	NA	NA	NA	NA	NA	NA	NA	NA	NA	NA	NA	NA	NA	NA	NA	NA	NA	NA	NA	NA	NA	NA	NA	NA	NA	NA	NA	NA	NA	NA	NA	NA	NA	NA	NA	NA	NA	NA	NA	NA	NA	NA	0.10884	NA	NA	NA	NA	NA	NA	NA	NA	NA	NA	NA	NA	NA	NA	NA	NA	NA	NA	NA	NA	NA	NA	NA	NA	NA	NA	NA	0.12136	NA	NA	NA	NA	NA	NA	NA	NA	NA	NA	NA	NA	NA	NA	NA	NA	NA	NA	NA	NA	NA	NA	NA	NA	NA	NA	NA	NA	0.13222	NA	NA	NA	NA	NA	NA	NA	NA	NA	NA	NA	NA	NA	NA	NA	NA	NA	NA	NA	NA	NA	NA	NA	NA	NA	NA	NA	NA	NA	NA	NA	NA	NA	NA	NA	NA	NA	NA	NA	NA	NA	NA	NA	NA	NA	NA
PL15_2	36.97184	26.51982	78.84596	51.29349	13.07077	22.29723	22.92098	39.91529	57.36698	60.1507	19.19816	75.92057	50.94221	65.63604	47.46331	11.39073	25.42843	29.44474	67.00832	41.51999	78.91334	29.97068	28.84917	13.02817	84.69945	68.6169	10.45314	7.22177	15.43699	56.58975	62.08889	89.43775	15.2957	60.90583	99.89869	16.83651	10.40948	38.78241	37.47301	13.24961	75.01845	33.80629	35.75515	3.39163	6.61158	1.53492	37.16576	14.23073	43.25497	30.80013	22.49978	29.90275	9.40913	12.15388	90.85174	57.84123	79.09361	6.61149	14.71303	58.16194	0.05025	4.8827	2.72874	13.80146	0.28351	106.64571	75.8649	26.67479	97.7932	96.9601	85.00885	58.81093	221.70365	140.66886	84.16599	212.51249	28.45838	15.93647	7.93726	5.78458	6.22427	173.30576	146.26575	8.05699	12.60431	28.41033	18.78852	21.59514	12.56302	31.20093	7.29529	3.26167	2.43885	0.3935	120.68985	3.59224	141.6516	179.0694	91.23393	3.37947	3.60668	42.00256	67.60957	115.01104	113.60713	2.18311	1.99576	3.015	8.71624	73.18207	85.66811	27.28569	50.66245	37.16707	29.05797	47.92968	5.57864	49.36807	2.3736	66.81854	65.69411	54.33022	56.94948	63.60427	95.18425	12.4911	36.19928	47.84347	104.62137	1.90749	8.22654	28.98785	33.76902	64.96451	39.15495	99.64951	4.56683	74.81952	12.52231	11.66188	29.98082	51.50005	8.76653	3.29382	34.5269	78.51357	89.34062	66.62069	96.17617	2.63774	8.72058	49.77934	33.40041	32.37593	52.46199	66.43521	27.98211	153.7254	70.29153	62.47098	60.66422	60.24418	23.24295	28.04176	109.13188	4.16511	20.78363	111.36461	27.81145	142.63397	128.51484	28.30853	7.2491	62.98881	128.78964	261.76582	1.20658	6.80132	12.02199	19.51451	9.5972	15.42681	12.33731	49.49511	10.10829	0.42618	44.99502	16.8724	NA	139.26329	114.25889	18.97608	63.99999	3.00377	2.45245	1.32401	1.29844	21.88681	1.71842	0.05894
PL17	NA	1.50425	31.63532	33.54872	8.0497	7.49788	NA	6.27834	12.77447	10.0365	1.86399	32.00908	11.06085	21.74731	4.37382	5.61471	8.12792	15.53712	3.12311	4.11172	4.90459	5.26641	3.98631	5.24101	0.40206	2.21718	13.83117	2.39732	4.95752	6.30299	1.09039	6.07407	0.66521	26.87134	49.34086	12.8339	31.83602	22.24212	61.78957	5.4437	5.47689	52.01034	28.72195	0.49176	1.7	1.99214	10.1206	3.11109	18.28108	6.23139	6.49714	91.48649	0.19759	12.23265	1.06176	9.12267	10.1309	2.38502	0.92608	0.10143	NA	3.17194	4.29323	5.48729	0.20137	0.97657	40.38478	7.04696	1.25432	0.75549	0.54046	0.54261	8.38181	18.33541	1.48906	2.02831	20.69116	12.6519	2.18088	0.41562	0.07795	0.76547	1.74914	0.37416	1.33057	3.83039	0.37636	8.55234	7.578	1.34465	8.29316	3.22191	4.74179	NA	36.36828	0.16531	43.62376	25.6496	1.09016	2.50832	10.77534	1.79572	12.95206	31.45595	25.04572	9.83731	8.23337	2.32528	12.3121	0.10283	1.51928	2.90419	5.90203	8.90516	2.31548	2.90966	2.73051	60.51001	1.56648	18.96068	12.06779	1.50553	NA	3.03614	3.67484	2.77269	1.50234	1.21744	3.12874	8.60891	7.5635	8.71096	0.08898	0.48983	14.43992	48.21504	NA	10.00612	10.60617	3.4156	41.96575	83.66529	18.74327	NA	2.18701	5.28731	5.38976	0.39896	NA	2.23924	11.54263	12.56135	9.74058	3.11718	2.15416	1.0178	32.87324	13.12508	3.52219	13.75802	NA	22.12868	4.89384	7.08353	NA	3.38447	3.3919	NA	0.59397	NA	NA	3.63241	1.53762	NA	NA	8.0922	0.84847	3.52162	8.44932	25.86092	14.09702	64.23946	3.15326	2.5334	3.1131	NA	15.79875	NA	NA	NA	0.14923	59.66659	35.6694	0.27782	1.2542	0.41321	2.71326	11.86582	1.26503	NA
PL17_1	NA	0.27681	NA	NA	NA	0.0621	NA	NA	0.19916	0.34856	0.72121	NA	NA	NA	NA	0.09029	NA	0.81482	0.70992	0.1209	NA	0.13115	0.07335	NA	0.24948	0.53497	NA	NA	0.07986	0.08421	0.30093	0.31424	NA	NA	NA	NA	NA	0.14333	NA	0.07019	NA	0.58735	0.34221	NA	NA	NA	0.15578	0.79982	0.37122	0.28	0.63509	NA	NA	0.36297	NA	NA	NA	0.06544	NA	NA	0.75983	NA	NA	2.26672	0.49344	NA	NA	NA	NA	NA	NA	0.12962	0.35316	0.2109	0.28618	NA	0.20935	NA	NA	NA	NA	NA	NA	NA	0.14502	NA	NA	0.19789	NA	0.06976	NA	0.15961	NA	NA	NA	NA	0.50864	NA	1.33789	NA	NA	NA	0.40362	NA	NA	NA	NA	NA	NA	0.07137	NA	NA	NA	0.3491	0.33452	0.24058	NA	NA	NA	0.05356	0.42569	0.74936	0.67319	0.147	NA	0.07607	0.83056	NA	NA	NA	NA	1.04886	NA	NA	NA	0.66051	NA	0.07499	0.34643	0.21251	NA	NA	0.20479	NA	NA	NA	NA	0.19519	0.77785	NA	NA	NA	0.91003	NA	0.47489	1.59645	NA	NA	NA	0.07249	NA	NA	NA	0.25629	0.23001	NA	0.13486	NA	NA	NA	NA	NA	0.18638	NA	NA	0.23017	NA	NA	NA	0.13094	NA	NA	0.19742	NA	NA	NA	0.16191	1.43717	NA	NA	NA	NA	NA	NA	NA	NA	NA	0.3079	NA	NA
PL17_2	13.11907	8.35536	31.09503	12.52231	0.33778	1.22024	1.29827	11.32005	64.15734	39.94583	6.77899	70.6361	34.3529	1.67142	0.35415	53.75757	85.25339	15.00098	33.43622	13.52868	4.32759	16.97623	4.50901	0.93357	3.7322	5.142	0.4368	0.44742	7.90188	3.37306	4.23658	2.10314	49.80561	0.57901	0.10278	7.97225	6.4064	3.85998	2.25404	0.82614	2.51447	3.00523	10.67172	270.41863	3.38698	0.0678	2.44789	3.55976	1.57887	2.10694	3.29245	1.7896	2.22279	3.35228	16.14086	5.33597	11.45802	1.86122	1.96863	108.71713	NA	3.21292	1.05097	3.78349	0.86366	6.587	1.77586	0.79388	2.22555	1.69507	2.86561	20.33507	15.44889	27.24212	0.35234	4.30735	5.04895	4.3205	0.81343	2.87966	3.86043	2.02505	0.94308	286.64315	249.8126	7.03509	2.05311	1.71664	0.97707	4.47594	0.30486	0.15481	1.46521	NA	24.80586	83.93449	6.4105	4.61103	2.05389	1.05385	0.4503	2.52593	16.57971	4.85206	14.85251	0.17924	0.06877	0.71453	0.59267	0.83716	26.40303	3.14192	9.72382	7.77878	3.86452	1.98209	1.46237	1.55929	0.62333	15.20121	3.97169	6.47178	7.84373	3.40308	2.36164	1.18385	7.41895	35.19813	55.94246	1.60042	4.74171	4.0221	4.82964	2.47702	12.4281	25.55923	0.19283	2.21597	1.36393	1.73431	17.44499	6.88153	63.39443	2.22169	20.87376	25.16108	55.97178	44.15284	55.64087	NA	1.82752	1.13486	16.58613	131.77605	5.73562	14.28119	7.0222	11.47845	8.73738	7.8196	33.84013	18.41703	2.67787	1.58052	0.45892	235.96982	140.34183	0.15541	0.09808	0.70487	1.24697	4.29602	0.28802	27.76659	80.48409	16.19855	103.52869	45.728	0.88098	NA	2.34113	0.24809	0.40827	2.40482	123.10238	153.39282	0.18533	8.4285	0.16738	92.89031	77.67582	7.33657	15.30215	127.64035	161.96482	145.41569	140.51672	0.94537	241.92952	324.86861
PL1_2	359.83173	216.92955	358.49621	229.6273	72.87739	77.38646	417.09479	510.35174	328.3245	290.48051	255.66063	260.51901	284.30116	286.51199	264.96419	336.86145	563.17969	239.57967	369.23368	483.15478	279.1478	144.91141	547.98478	459.18036	375.0971	413.33699	257.43295	365.69172	129.40605	259.24498	202.26447	320.89992	137.80249	368.00835	432.1847	297.45786	172.92407	199.57696	121.47319	52.36496	261.02276	189.3704	276.86515	222.44697	356.57198	426.87737	197.89907	136.31281	495.90886	385.84603	240.06942	502.08223	397.21751	405.44168	592.71177	257.21962	302.94875	456.8419	450.62859	546.23602	3.20659	70.36754	71.45501	641.36594	961.59964	457.28436	372.92021	373.69975	726.16399	662.26398	491.51701	449.10483	463.18517	276.10048	202.11351	482.31119	117.66687	348.27912	455.79422	102.64753	135.40585	593.55664	460.1639	216.72143	238.52911	273.56005	176.53634	82.17406	57.96587	83.87275	307.35913	411.24392	701.25232	9.78341	547.46445	376.92691	415.35541	478.05783	389.82518	269.18614	147.84672	386.94339	395.46864	656.54089	537.32108	258.453	273.0849	617.80349	632.03802	593.0875	1083.45877	663.2205	189.13058	233.03633	201.00121	233.11604	328.26162	209.96142	97.81351	187.50259	461.75135	372.35014	319.31222	370.82782	640.85834	121.15853	142.52923	215.3685	411.7614	812.38002	636.31201	540.95185	248.21675	506.44435	209.63297	421.8172	42.22617	192.30286	42.51397	62.3885	238.74494	335.96088	82.27593	206.93447	486.22543	369.38706	404.8623	455.51818	515.81325	426.82461	529.4703	194.95285	308.10806	174.11031	325.53474	296.45789	223.27029	729.32895	314.81298	332.81149	339.77341	424.9771	218.86177	110.31966	543.07653	343.84958	408.87454	583.99877	367.34897	678.8192	601.52567	135.40061	112.2433	473.27044	683.39991	1295.3837	338.27087	205.77511	88.93443	374.87514	85.21168	69.82197	104.30583	202.75073	343.43132	544.45532	119.49701	216.70138	278.72337	719.96025	567.77001	115.74923	268.76012	216.30453	330.25605	262.31029	252.22211	83.15841	544.64943	667.34271
PL1_6	0.29858	0.4851	NA	NA	NA	NA	NA	0.05348	NA	NA	0.75206	NA	0.10387	NA	NA	NA	NA	NA	NA	0.07645	1.60947	NA	NA	NA	NA	0.08555	NA	NA	NA	NA	0.52736	0.10012	NA	0.14875	NA	0.18568	0.16508	NA	NA	0.35708	NA	0.09267	NA	NA	NA	NA	NA	NA	NA	NA	NA	NA	NA	NA	NA	0.04528	NA	NA	NA	NA	0.03744	0.04709	NA	NA	0.4753	NA	NA	0.04693	NA	NA	NA	0.0413	NA	NA	NA	NA	NA	NA	NA	NA	NA	NA	NA	NA	NA	NA	NA	NA	NA	NA	NA	NA	NA	0.2932	0.86909	NA	NA	NA	0.7687	NA	NA	1.71295	0.20735	0.08787	0.04038	NA	NA	NA	NA	0.09097	NA	NA	NA	NA	NA	NA	NA	NA	NA	NA	0.18085	NA	NA	NA	NA	NA	NA	NA	NA	NA	NA	0.1671	NA	0.07341	NA	0.07653	NA	NA	NA	NA	NA	NA	NA	NA	NA	NA	NA	NA	NA	NA	NA	NA	NA	NA	0.09039	NA	0.14929	NA	NA	NA	2.0602	0.08694	NA	NA	NA	NA	NA	NA	0.10385	NA	NA	NA	NA	NA	NA	NA	0.04945	NA	NA	0.20861	NA	NA	NA	NA	NA	NA	NA	NA	NA	NA	NA	NA	NA	NA	NA	NA	NA	NA	NA	NA
PL1_8	3.98623	NA	NA	NA	NA	NA	NA	NA	NA	1.03537	0.31237	1.14118	1.33131	NA	0.45134	0.61456	0.08978	NA	NA	NA	NA	0.2678	NA	0.5441	0.50679	0.09138	0.11983	NA	0.94888	2.06885	NA	0.6951	0.22703	NA	NA	NA	1.41056	NA	NA	NA	0.70885	1.34922	0.17469	3.27486	NA	NA	3.04404	NA	0.12633	0.63526	NA	NA	0.30498	0.09958	NA	2.02489	1.19718	0.48991	5.88834	NA	NA	0.20317	0.52158	2.3348	NA	0.12786	NA	2.3036	NA	NA	0.70796	0.26467	4.5075	4.61346	NA	NA	0.35623	NA	NA	NA	NA	NA	NA	NA	NA	1.27882	0.05271	0.40406	0.30355	3.51337	NA	0.07597	0.04043	NA	NA	0.33624	NA	NA	0.0483	0.0534	1.67233	NA	NA	NA	NA	0.89492	0.45059	NA	0.79077	NA	NA	NA	0.16827	1.03556	NA	NA	NA	NA	0.09151	0.72914	NA	NA	NA	NA	NA	NA	NA	NA	NA	1.4373	4.25267	NA	1.02193	0.0784	NA	NA	NA	1.05442	NA	0.14464	NA	NA	3.4149	NA	NA	0.81901	0.52255	NA	NA	NA	1.04354	0.112	0.7646	0.04673	NA	NA	NA	NA	3.65726	0.31624	NA	NA	NA	0.0701	NA	0.20793	0.22948	NA	NA	NA	NA	NA	NA	NA	NA	NA	NA	0.23319	NA	NA	0.26723	NA	0.1894	1.52465	0.13931	NA	0.18787	NA	NA	NA	NA	0.18194	0.65709	0.02594	0.40372	0.32408	0.09212	NA	NA	NA
PL2	NA	NA	NA	NA	0.03787	0.46578	14.74635	3.0212	5.50204	NA	NA	0.06693	NA	0.09014	NA	NA	NA	0.08259	NA	NA	NA	NA	0.55014	0.15373	NA	NA	4.87744	0.56374	NA	NA	NA	NA	0.04328	NA	0.10674	NA	NA	NA	NA	0.14339	NA	NA	NA	NA	NA	NA	NA	0.17985	NA	NA	NA	NA	NA	NA	1.48605	NA	NA	NA	NA	NA	0.07445	0.20522	0.57054	NA	NA	2.75521	0.03672	NA	NA	NA	NA	NA	NA	NA	0.01827	NA	1.858	NA	NA	NA	NA	NA	NA	NA	NA	NA	NA	NA	NA	0.07602	NA	0.20068	NA	0.04664	NA	1.30609	NA	NA	0.07193	NA	NA	NA	NA	NA	NA	0.12327	NA	NA	NA	NA	NA	NA	NA	NA	NA	NA	NA	NA	NA	NA	NA	NA	NA	NA	NA	NA	NA	NA	NA	NA	NA	NA	NA	0.03358	NA	NA	NA	NA	NA	NA	NA	NA	NA	NA	NA	NA	NA	0.03253	NA	NA	NA	NA	0.07211	NA	0.03594	0.0579	NA	NA	NA	NA	NA	NA	NA	NA	NA	1.40528	NA	NA	NA	NA	NA	NA	NA	NA	NA	0.03889	NA	NA	NA	NA	NA	NA	NA	NA	NA	NA	0.11914	NA	NA	NA	NA	NA	NA	NA	0.14829	NA	NA	NA	NA	NA
PL21	NA	NA	NA	NA	NA	NA	NA	NA	71.00806	45.97878	NA	87.13125	49.7332	NA	NA	NA	NA	NA	NA	NA	0.19614	NA	NA	NA	NA	NA	NA	NA	NA	NA	NA	NA	NA	NA	NA	NA	NA	NA	NA	NA	NA	NA	0.35877	NA	NA	NA	NA	NA	NA	NA	NA	NA	NA	NA	NA	0.29799	NA	NA	NA	NA	0.22466	NA	NA	NA	NA	NA	NA	NA	NA	NA	NA	NA	NA	NA	NA	NA	0.21948	NA	NA	NA	NA	NA	NA	NA	NA	NA	NA	0.69154	NA	0.43879	NA	NA	0.74721	NA	NA	NA	NA	NA	NA	NA	NA	NA	NA	NA	NA	0.17231	NA	NA	NA	NA	NA	NA	NA	NA	NA	NA	NA	NA	NA	NA	NA	NA	NA	NA	NA	NA	NA	NA	NA	NA	NA	NA	NA	NA	NA	NA	NA	NA	1.33511	2.33928	NA	NA	100.3555	NA	NA	NA	NA	NA	NA	NA	NA	NA	NA	173.11624	NA	NA	NA	NA	NA	NA	1.86212	0.14538	NA	NA	NA	NA	NA	NA	NA	NA	NA	NA	NA	NA	NA	NA	NA	NA	NA	NA	NA	NA	NA	NA	0.85831	NA	1.52774	NA	NA	NA	NA	NA	NA	NA	NA	0.28525	0.28379	NA	NA	NA
PL21_1	65.27332	44.57948	25.8693	27.82339	12.90289	30.84782	53.76892	54.71236	51.00783	81.15658	22.51693	73.23924	67.99781	74.15444	16.24403	3.67909	6.14237	NA	0.6122	NA	159.53797	16.54114	26.47227	23.62428	184.92375	156.03549	13.96513	12.95764	4.33863	4.41165	114.73357	163.86035	18.33748	128.77336	235.43	NA	0.37698	66.19007	65.51294	17.01714	63.22548	0.42737	0.166	3.9447	6.01466	2.13711	61.35911	8.26252	80.67197	57.76969	20.33231	47.7749	10.28808	15.75509	115.70757	75.41884	90.16788	7.49085	15.82485	0.13659	0.22802	2.75109	0.57136	5.81685	1.28638	201.93021	67.54031	24.86093	138.8345	138.21457	194.27552	77.21225	359.57543	132.85603	160.44869	478.67519	28.43433	18.01758	13.37431	0.81884	0.89581	414.21162	292.62117	15.83483	25.04229	43.43067	33.80912	31.48486	12.69166	43.98802	13.43225	7.22174	1.03717	NA	NA	4.79269	177.09583	267.16804	155.43837	3.04455	4.61842	84.085	51.29548	55.64981	151.49041	0.3189	0.54605	2.88548	11.18799	144.99339	90.65615	42.8554	56.55765	63.07844	47.22018	100.98412	3.66218	3.74442	3.13051	61.63029	154.59251	NA	NA	148.02978	214.21048	7.82284	19.82185	NA	NA	NA	NA	46.17133	44.05422	33.86076	42.0347	100.89575	4.33827	39.14989	12.24246	8.86499	NA	0.15293	20.34986	NA	0.15876	132.0618	188.1927	NA	0.50373	2.86762	8.68664	41.34789	24.31287	70.07958	45.68613	48.61555	67.12314	315.84568	147.73778	102.95709	NA	NA	42.54322	40.26554	NA	9.36548	37.28861	NA	NA	380.72435	327.25507	35.53866	14.82662	NA	NA	NA	0.45168	12.16588	3.49762	41.79375	4.64732	6.89464	14.74778	90.83766	11.9139	0.67099	53.40764	NA	NA	NA	0.23832	24.11851	57.8568	2.51419	1.02302	0.39594	0.26261	22.82384	NA	NA
PL22	159.31544	202.95168	168.06727	173.41987	50.33973	51.83428	558.58689	558.16808	220.37399	134.51974	251.74159	117.18081	156.73028	169.22033	124.54031	39.85566	61.90204	299.83496	291.33761	292.27016	163.8775	93.18417	407.99603	403.61756	132.55912	226.38068	171.14946	195.18037	53.40997	73.77424	228.24124	153.75976	99.87499	238.36171	178.76769	322.76316	157.03348	106.06763	107.14371	52.67095	108.13824	97.76302	189.13457	43.15904	111.61464	84.05189	182.01995	225.53305	265.49962	254.83299	106.1206	131.22336	464.74844	360.55839	172.90315	135.77491	202.94224	179.76683	217.68914	272.90978	288.96369	188.26323	154.534	155.34904	18.62748	313.10578	198.50731	178.34714	127.67585	136.53784	395.57699	392.66467	176.18073	247.5449	217.75479	184.87398	113.45828	289.89978	412.71579	452.5647	432.3054	191.66195	252.17042	33.93426	29.42904	228.43957	144.85064	141.30925	71.74313	105.74026	17.31211	9.52377	55.53307	2.78066	185.18134	31.21908	261.40864	298.40258	286.12153	36.33238	40.41207	383.20283	294.72551	261.68906	223.88186	116.76466	85.69474	104.56507	54.99696	510.09432	684.22341	554.66016	103.26531	193.21435	135.67942	166.16477	338.93011	262.86336	37.5912	76.44607	343.34931	336.39893	263.3102	258.52434	297.2995	89.52007	92.88897	128.95721	132.2338	19.66751	55.0155	363.59315	208.34485	440.57831	248.18231	260.78568	74.63167	157.18848	55.46016	52.6744	193.22417	309.89416	100.17437	343.95018	407.53642	90.64445	112.55447	376.83153	296.72555	19.42412	42.03842	131.35689	171.56462	113.42864	206.16463	270.08053	132.42877	153.06097	137.7324	167.55055	233.72953	419.54573	221.34202	97.61249	153.75066	111.69602	120.96868	295.42979	467.9745	291.71174	259.793	159.58821	158.66848	175.86157	137.51851	11.9938	17.17825	51.90939	102.10008	394.13409	109.5135	59.16804	90.03488	107.70763	44.93918	53.46006	153.93584	321.28974	495.24563	142.21741	271.59066	86.01067	118.36267	13.90496	19.41953	18.46667	21.78297	143.8371	74.31721	17.39049
PL22_1	3.42196	0.2754	NA	2.33869	2.63248	0.67971	2.01491	NA	1.47161	0.03853	20.03362	4.5326	5.94072	15.67845	0.73304	0.33096	0.34534	20.34424	0.67075	1.87235	2.5497	2.29856	0.2407	0.57788	0.55983	0.88049	32.86944	3.95321	NA	0.48407	NA	0.132	0.07375	4.26522	2.00611	0.54892	1.27435	1.33146	1.5074	8.32769	0.88404	0.77658	0.03783	0.16481	0.52537	NA	0.9573	5.40538	0.34689	0.8304	0.63003	0.10336	9.09485	5.25471	1.38485	0.23566	0.17549	0.20498	0.98737	24.36756	19.77539	0.78394	1.30505	0.11453	2.76724	3.07006	11.39372	1.60589	10.17762	14.68063	3.43763	1.56662	1.30849	NA	19.07048	0.93157	4.85328	0.12647	NA	242.11978	216.58929	0.11494	1.64893	NA	0.61196	7.19501	0.77048	10.4225	6.48301	0.56742	0.056	0.81914	0.07645	4.43238	1.38622	0.25066	0.16243	0.70209	33.16045	8.29066	NA	2.46448	0.35007	4.93664	0.59556	14.22283	17.79762	0.62396	NA	1.36363	2.9569	0.44927	0.87127	0.52423	1.75697	1.11867	6.37549	20.99127	7.80895	2.45097	11.23342	0.26386	0.70293	NA	0.24332	0.71611	0.62915	1.34297	1.81367	1.38786	0.17852	3.60668	NA	NA	0.32943	0.30534	0.721	0.31909	0.36622	0.88676	0.20464	0.07704	0.65315	0.49445	0.33378	0.72236	0.43659	2.78266	0.20331	0.23375	1.08509	0.05457	1.51701	0.33584	3.81638	43.29782	2.95996	0.35372	0.36809	0.83609	6.04646	0.30149	NA	1.84498	4.85509	NA	7.70691	0.24902	1.56809	0.13641	1.869	0.57472	0.29191	1.20263	NA	0.99952	1.62538	0.18321	2.19331	0.37363	5.14567	0.18308	2.45007	25.82563	0.7169	0.16056	3.15721	4.75775	NA	6.95604	8.49844	2.29263	0.28692	0.25946	0.08743	0.58064	1.00334	3.31569	0.32697	NA
PL26	137.46991	263.18063	103.19278	98.35896	72.02937	75.29368	350.31788	342.45204	280.1146	208.66604	180.82086	190.24875	198.76852	127.68703	98.67398	18.26875	41.81824	170.45862	227.92355	201.54845	96.54395	92.3601	254.74717	283.44981	106.56142	189.23559	37.37115	85.1814	95.32308	158.37815	325.50919	197.95145	114.59375	139.1536	112.54643	218.59095	109.78377	195.41934	169.20323	233.30043	215.06323	41.51991	121.25054	66.61915	69.47812	48.79684	112.09082	115.86293	162.50508	248.79176	63.9409	76.44061	192.02809	142.89257	168.31744	87.99043	120.38619	79.70912	113.09264	98.6866	2.77224	409.4592	364.24072	87.45629	5.24651	154.62229	145.32044	255.40117	303.26002	270.59568	96.55276	93.65199	134.1887	154.33996	162.61246	187.84873	63.80415	249.15793	314.30428	183.71676	254.02995	131.34878	178.67176	29.53481	25.63463	176.91726	97.66795	51.4719	123.84331	250.10748	8.97796	5.54707	9.52439	6.4889	189.04804	28.89628	162.21635	198.93968	190.8494	20.58057	28.2482	232.60635	200.70119	170.32696	123.85248	37.69759	15.93808	65.8473	38.74421	334.88621	171.23173	158.12372	92.93068	149.50948	41.29605	66.4491	233.14215	124.65792	5.90464	71.40506	73.42677	241.441	189.22123	195.81237	199.73306	317.8375	265.90988	41.91301	67.97159	14.68222	35.58993	83.55955	137.50615	294.25545	258.18689	234.05666	125.2217	213.24718	134.29043	66.65127	139.14351	169.02553	235.6007	408.81823	368.76051	105.17263	115.55457	310.59635	288.63829	7.24953	32.0097	37.7889	91.73872	281.39529	294.17134	231.7808	110.1972	162.64872	169.12301	202.52191	199.28018	273.9349	168.99383	62.86089	133.68773	24.12659	45.54684	248.36856	312.72042	247.56428	161.4036	212.45078	304.64796	225.80395	73.58454	189.38931	8.61563	25.85771	96.24869	280.05611	132.26054	171.32057	45.80051	71.52993	7.54144	9.92915	55.8496	177.59761	264.35497	107.1632	83.43399	36.05568	107.94823	1.58996	9.25351	2.8643	6.14743	223.39244	38.74077	1.6336
PL27	18.29614	1.89323	59.72347	52.051	14.84715	13.12622	176.75227	181.09223	46.69333	31.86962	6.32485	15.54913	17.27861	31.91839	21.97723	3.53159	7.24652	89.21817	94.58048	98.27404	41.51088	4.10357	42.68229	9.63693	37.34378	43.08998	17.14662	37.56152	12.94467	15.31767	40.58744	37.62746	7.07509	7.21755	3.18095	95.67535	46.5272	10.55054	12.26251	12.12929	20.21104	27.10721	64.18732	3.18977	15.24587	1.97329	50.09488	53.84916	20.63503	31.62065	30.28992	40.37184	101.90011	67.48332	64.17657	39.99048	60.5824	12.57339	13.72818	2.38544	0.37161	32.24561	29.66279	21.42616	0.10826	69.74453	40.72176	4.44718	7.66116	7.12156	21.6874	36.03687	35.99779	58.20963	40.93377	53.29796	11.45038	25.54565	21.27167	1.52304	1.12875	52.72224	42.46398	1.88802	1.98506	67.92129	45.84866	9.08866	13.26111	15.09393	4.22157	2.46872	6.03026	4.12833	86.67849	8.38196	86.69343	97.4722	2.48181	1.64493	4.64046	112.55621	95.10761	78.2552	52.95057	9.06283	4.38137	17.35923	8.25987	0.49366	73.45787	76.65331	11.48994	9.99135	8.28478	10.83308	25.53862	34.77117	0.38162	10.81786	31.91232	122.56334	83.31442	94.91906	99.16584	29.23391	30.16306	10.96324	14.63683	7.08821	21.00509	7.70451	64.82978	149.47903	79.74486	48.06673	1.87669	2.28773	5.21283	11.35861	28.60694	65.33409	12.70827	16.22351	38.14177	13.87056	16.12366	93.57104	88.9812	3.3961	12.1928	21.07782	40.52209	3.89458	99.20766	81.91817	57.95181	59.59357	1.94648	7.88723	4.8122	11.07793	77.84543	28.4552	34.19165	9.73537	27.02935	3.03256	3.18838	106.59963	57.27045	41.20318	29.9575	17.70058	13.59774	73.89794	0.78705	5.47725	37.90888	125.168	32.25828	23.97189	30.05371	40.99645	0.79239	1.99889	12.0286	94.37541	140.98273	57.65479	19.06447	10.56727	22.06358	0.47991	1.66263	0.48055	0.28625	6.0656	11.28415	0.57263
PL29	13.52867	96.63303	37.80046	18.12057	21.25363	32.57814	3.79791	9.66715	82.3418	67.70816	74.38288	65.3609	48.8113	16.18097	24.39373	7.31967	18.16054	12.09352	34.79549	60.75269	13.9942	45.23196	77.29329	111.73593	12.30448	34.10865	1.05379	0.57077	45.31543	72.90591	114.39035	75.58641	43.40157	6.43287	7.84692	13.88103	10.99286	70.27698	80.46557	40.13321	55.60391	20.13821	21.57149	26.62386	17.91951	20.21072	8.64579	7.22968	45.18715	63.52887	26.05741	6.39804	105.98281	81.91323	27.21072	11.37788	14.84413	19.28051	39.6976	86.34642	NA	154.6291	142.80483	9.11936	0.35934	13.12344	20.01648	112.04514	156.17178	141.70584	13.25393	26.96624	19.59941	12.20818	2.72071	13.14389	9.84491	106.81874	143.41833	53.15728	71.42674	6.92832	7.8857	11.34611	8.50611	14.1109	9.03087	4.2106	56.61909	97.45646	2.08354	1.29117	2.27498	NA	54.8835	6.29729	29.50605	27.71567	14.30537	7.56115	6.56752	7.99397	21.94457	64.08023	19.04918	12.25265	7.67038	16.78337	16.09167	11.74263	54.5413	26.7053	28.23446	37.11512	6.15173	6.03606	91.94588	37.09307	1.93598	17.19959	41.47271	18.1149	17.47523	4.85993	18.82051	73.59444	89.27891	32.69376	57.21581	1.97503	4.395	23.58272	16.02882	41.74862	3.22097	12.64192	42.64716	109.19199	65.77089	26.03659	24.36615	49.58891	102.81047	125.13264	112.99003	27.89302	15.48115	29.31449	42.65619	1.26353	4.67273	13.6234	21.93192	140.84223	81.18584	59.30683	8.87711	17.70851	13.18477	13.68397	31.89504	21.9107	9.75362	15.16188	95.91086	11.27323	5.12449	34.52572	13.59046	76.14178	67.46569	75.9669	92.06287	70.7178	98.38187	134.20122	2.55934	10.47451	26.08799	33.6923	56.45785	132.98214	8.58959	23.27	3.63241	3.13825	21.98147	4.16622	NA	60.67313	37.92464	11.02085	40.7194	0.33186	3.08425	2.48677	3.10362	97.79577	9.11669	0.3562
PL30	39.32401	76.18023	59.59339	31.53798	8.33817	35.85623	29.29283	32.14645	98.20762	140.29158	27.65932	83.26392	94.66103	54.6065	26.97979	11.27273	25.00295	19.70614	12.20134	43.13485	109.27433	50.54429	66.31838	150.30021	107.83665	86.29142	12.32729	7.52829	67.07493	112.79364	178.16212	178.77459	54.94241	76.62934	129.69311	29.36744	50.14688	117.67234	115.81852	16.45217	82.99682	34.1926	49.97264	28.22928	18.85581	23.97928	56.29738	15.54564	96.37314	102.21952	18.05398	40.15588	24.35983	25.17041	94.0489	47.64356	47.64931	27.42885	59.28541	31.45212	0.16442	159.33943	146.76181	26.49677	0.43719	137.70888	53.02273	126.64353	238.24314	211.62475	130.75766	60.49016	222.07917	77.02161	108.01455	249.86241	20.99081	151.23813	175.57392	71.17281	101.45064	235.60178	192.31685	15.50631	18.88436	64.27385	81.16672	20.63637	65.76478	129.53751	9.25517	7.64733	1.97077	NA	54.49018	4.67879	37.10514	68.23952	109.38131	9.73459	16.46522	52.41622	51.62487	67.71085	74.22393	13.48366	9.14277	20.20928	21.0041	88.73916	87.1617	35.73757	54.09137	59.8373	30.05668	68.62684	123.86366	101.64638	1.98971	32.19381	94.74408	35.62288	36.05571	78.43203	104.7241	1.11307	4.92658	50.61566	55.52711	3.7941	7.78416	47.43235	22.77067	20.73202	121.63737	58.85373	42.78363	171.29532	92.16976	68.47595	13.8492	37.52757	125.54537	121.21362	119.14283	77.53468	108.63099	82.48639	76.17907	1.76487	5.17187	16.33268	16.71353	213.80638	124.37325	102.43018	35.05981	177.54334	87.74141	70.78987	13.0482	41.35886	129.42376	28.88041	1.07252	6.2849	23.31411	37.8458	25.13339	187.4474	162.86067	101.25752	126.84753	58.59367	50.4791	0.19247	0.76257	7.86719	162.58873	NA	174.76958	187.8369	22.5143	75.69834	8.5392	2.81278	18.01	NA	0.40794	77.55055	66.27023	31.6267	86.4553	1.39364	4.14666	1.05288	1.0309	6.25435	3.54488	0.45667
PL31	1.68935	0.33677	NA	NA	NA	NA	NA	NA	NA	0.84809	0.68369	1.31079	0.45171	0.15039	NA	0.12554	0.09145	NA	NA	NA	0.4552	NA	NA	0.34123	0.05751	NA	NA	NA	0.27759	0.93668	NA	NA	1.12072	NA	NA	0.35402	3.23175	NA	NA	NA	1.58081	1.01908	0.59317	3.25068	NA	NA	2.16594	0.12335	1.74197	0.77678	0.71745	0.27084	0.10383	0.25427	NA	1.6796	1.61762	NA	0.79306	NA	NA	0.4669	0.25589	1.67642	NA	NA	0.25526	0.97265	NA	NA	0.06254	NA	4.23914	4.39449	NA	NA	0.10886	NA	NA	NA	NA	NA	NA	NA	0.95772	0.66108	0.91524	0.22871	0.41251	0.38722	0.35214	0.49547	0.20645	NA	NA	0.04893	NA	NA	NA	NA	0.69288	NA	NA	NA	NA	NA	0.29347	NA	NA	NA	NA	NA	0.35286	0.94042	0.11597	0.0556	NA	NA	NA	NA	NA	NA	NA	NA	NA	NA	NA	NA	NA	0.35919	6.04743	NA	0.25382	NA	NA	NA	NA	NA	NA	0.14734	NA	NA	2.46122	NA	NA	NA	NA	NA	NA	NA	0.4257	0.0572	0.87537	NA	NA	NA	NA	NA	2.72414	0.20158	NA	NA	0.09103	NA	NA	NA	0.18651	NA	NA	NA	NA	0.08273	NA	NA	NA	NA	NA	0.30797	0.22378	NA	0.10091	0.04388	0.13725	0.97736	NA	NA	1.0114	NA	NA	NA	NA	0.04621	0.46244	NA	NA	0.14148	0.42116	0.53063	NA	NA
PL32	NA	1.19992	NA	NA	NA	NA	NA	NA	NA	NA	2.80362	NA	NA	NA	NA	0.95361	0.62052	NA	NA	0.24803	0.39147	1.03074	0.45306	0.1524	0.51461	0.28642	NA	NA	0.09793	NA	0.26758	0.39475	NA	0.98149	0.69605	NA	NA	1.78613	0.46438	NA	0.42268	6.41982	5.66105	NA	0.22788	NA	0.56261	0.07032	NA	NA	NA	NA	0.21281	0.66633	4.25362	0.17405	0.15408	NA	NA	0.18147	NA	NA	NA	0.03081	NA	0.92501	NA	0.12199	NA	NA	NA	NA	0.10498	0.85217	NA	0.42349	0.46792	0.48093	0.05692	NA	NA	NA	NA	0.03244	0.13386	0.56341	NA	NA	NA	NA	NA	NA	0.05131	NA	NA	NA	NA	NA	0.1001	NA	0.15216	1.50081	0.47283	NA	0.14053	NA	0.02789	NA	0.36139	NA	NA	NA	NA	NA	0.13259	NA	NA	0.31698	NA	NA	NA	0.20982	0.16955	NA	0.36021	NA	0.5694	NA	NA	NA	NA	0.07794	NA	NA	2.81894	14.27325	NA	2.08322	NA	0.0459	NA	NA	0.25277	NA	NA	0.24788	0.51964	NA	NA	NA	NA	0.03467	0.44866	0.38241	NA	NA	NA	NA	NA	NA	0.03883	NA	NA	NA	NA	NA	0.08187	NA	NA	NA	NA	0.1998	0.0589	0.36688	29.67035	NA	NA	NA	NA	NA	NA	NA	0.91251	0.36945	0.09793	NA	1.21206	NA	NA	NA	NA	0.19043	0.89277	NA	NA	NA	NA	0.03219	NA	NA
PL33_1	45.05714	120.89845	86.80107	77.40898	29.88023	39.40826	43.10559	48.88393	157.92166	94.90609	95.40741	109.21265	115.88287	81.32589	42.09828	35.67078	39.29745	59.63996	64.62819	75.45932	94.52202	176.01541	55.95449	121.76833	95.94624	84.35361	47.09856	29.63654	88.86637	111.58381	180.28368	140.27789	80.95946	118.20064	157.57249	48.36694	55.58221	106.02384	111.39166	15.93023	64.36442	56.64794	43.54181	33.08121	267.03447	285.19444	84.91221	41.48646	137.96746	135.18502	76.79678	82.70168	32.12283	29.22696	123.20609	66.78038	62.5218	39.4455	68.04214	118.36062	59.72463	220.79274	184.6265	30.93068	3.31066	188.93171	85.37023	128.81831	187.48544	180.65761	135.57828	103.3716	176.007	81.25859	73.1421	191.19961	32.08539	114.58519	147.58855	58.53849	61.32014	196.31023	143.8169	24.61403	26.91417	50.89602	32.15409	43.48917	75.77038	128.2611	78.01672	121.09404	14.21381	0.61662	103.52798	77.1877	65.18074	102.98683	82.74636	78.6947	105.0351	76.34225	79.71454	140.38386	123.66021	31.13701	17.15647	39.49218	52.10155	68.89519	113.2244	87.21656	79.95707	85.19898	58.51712	69.66347	117.26304	62.10282	177.77257	109.96324	110.74412	50.19647	55.28228	85.65183	115.73659	13.14529	30.35597	121.2206	134.21346	18.62571	14.69839	58.37966	43.33856	61.01887	101.39773	144.5169	29.21415	145.54401	80.72423	73.00287	41.72076	82.07268	107.25351	134.07432	118.11023	130.68845	150.01921	53.62042	65.00707	10.13623	26.24708	33.52905	40.09095	203.89356	129.4392	102.58563	81.6163	158.0787	102.00269	79.54464	186.06797	62.88297	40.91789	44.18641	103.3027	36.39025	30.82981	57.84803	20.79199	156.19961	142.86834	93.87236	148.05647	96.59801	162.62894	151.55599	236.4179	139.08926	23.8599	46.08171	55.31706	174.08046	47.38246	57.10116	122.30601	158.18976	64.66574	35.75883	1.3043	168.44859	155.14894	80.57027	134.71501	121.63938	54.25159	99.45088	97.15154	140.16035	14.79866	2.01933
PL33_2	6.93315	2.19494	20.24092	5.358	1.22045	1.68081	1.57969	3.03053	6.05078	4.57756	5.1765	2.7902	1.84086	9.37969	4.7489	2.67053	9.10576	2.21377	10.62292	34.93856	8.78872	5.77578	4.94984	1.37335	3.6019	4.08927	0.13668	0.70918	4.87427	2.37253	3.32303	4.78119	6.83345	6.93539	1.15511	6.06043	9.3724	2.84537	3.20331	1.17173	3.36816	11.02975	9.51311	0.48873	2.74883	2.05384	5.13035	5.06338	5.81012	5.92383	20.12185	5.3348	4.07501	3.94069	8.41292	7.83621	6.4	2.83272	4.07029	9.9523	NA	0.8803	1.959	20.59279	NA	6.44809	12.87256	2.46834	NA	0.43598	4.15425	4.58146	5.57436	8.71511	0.60684	9.0233	4.12079	4.08189	1.10738	2.16458	6.01613	8.29004	3.94799	2.15668	1.37226	4.49687	2.99401	2.57167	6.38793	27.58209	0.23396	0.7156	7.83191	6.46279	11.84358	0.76814	2.11309	1.67951	11.14641	0.33179	1.15393	4.74812	4.29831	30.65673	9.88991	0.29883	NA	0.45077	2.5661	7.40133	13.02042	7.85373	6.43794	4.83455	3.51516	7.55211	6.65921	1.87594	0.54783	7.00609	1.12579	4.45576	4.10899	2.89241	17.33465	0.48029	4.21737	14.16911	19.05109	0.78815	1.42147	3.41771	7.28498	21.51009	0.82217	2.85004	0.98405	6.40686	2.05541	2.56707	10.01173	0.95144	2.02223	NA	NA	15.0676	4.54364	4.8544	10.08605	0.1128	2.56615	3.12842	4.92372	1.30069	4.52076	1.57883	5.85352	9.31392	6.72284	12.07465	12.37304	11.06019	0.77873	1.88932	27.84017	4.79587	1.68142	11.20306	2.2676	1.09678	4.18919	6.51275	0.75551	29.43135	20.0591	10.39419	NA	0.63081	1.97355	24.0971	3.72888	4.6877	1.26235	1.05186	0.8007	0.12445	1.62759	NA	2.25962	0.74535	0.34462	3.72316	6.27703	0.13727	0.54306	NA	0.30547	4.49822	1.43217	NA
PL35	30.50115	12.55175	69.6958	43.31425	7.82467	8.38689	2.89381	23.98893	74.16085	44.4956	30.43189	89.62122	82.29784	38.62774	68.12567	22.33221	50.02624	51.39896	80.04251	111.32385	37.22264	44.6429	17.35228	5.05195	54.53972	16.37276	164.14747	34.98137	29.10131	26.27538	39.83369	31.23797	50.59922	32.36157	21.15434	51.13774	41.58449	266.85038	95.31571	4.29405	41.99427	34.97347	42.26426	6.69192	22.15876	8.87114	42.39827	30.3602	23.41502	14.45838	44.85943	20.84053	111.64435	107.30157	51.0777	73.48145	118.65244	16.30043	20.61566	256.054	2.54752	6.04004	5.55341	42.92836	0.55899	30.9439	47.33723	18.47486	80.30842	69.17765	5.4842	28.35998	37.72368	65.32559	1.33438	16.15616	29.75407	16.25932	3.9438	13.78821	17.45833	15.93922	19.69618	6.2171	5.9341	22.34556	13.57494	15.3696	9.9959	18.89095	6.23109	2.9233	7.29616	7.46043	175.63899	3.70724	73.8341	47.72677	38.68289	7.61437	16.55002	19.72156	67.12593	180.50909	86.39861	7.27841	5.07532	21.4227	27.04677	18.27408	90.06073	21.87989	23.99122	46.00662	8.91491	21.77489	9.08198	13.15248	4.83593	75.42733	14.90373	254.97189	138.92638	18.84296	28.24088	21.13376	33.91398	154.07126	145.72907	7.18704	14.42502	25.67835	30.83205	82.03905	40.96235	84.09078	1.05164	46.19815	11.55279	21.91459	50.83262	49.00086	6.0761	20.97295	55.2077	47.38178	24.81013	89.7939	118.65531	1.97409	13.0964	45.20868	79.55964	8.71332	46.37567	88.87272	17.72277	27.88538	33.4316	34.18158	89.21263	53.27408	30.82737	72.30469	294.50344	22.5969	10.69336	177.20962	37.14399	8.74843	10.2527	12.73618	5.39304	123.13841	165.24334	321.10155	0.29844	20.59352	5.32813	22.66239	7.62857	22.32134	10.95452	30.35076	8.37716	0.76439	17.35116	21.36248	0.34381	242.65069	199.97738	15.4844	45.58875	0.22555	1.69404	4.07018	3.89215	16.92575	5.92097	0.30036
PL37	22.06393	13.93067	12.67699	11.96404	5.58584	14.15513	17.33798	23.31632	17.94608	24.3585	6.6499	22.96766	23.85453	28.80876	16.50916	5.88722	6.07285	1.94236	2.1645	1.89907	52.63259	5.14532	11.80617	7.70312	67.9081	58.22007	4.93713	3.53602	6.49627	28.74763	37.48445	65.12751	9.28135	48.85608	73.84066	3.00754	7.7481	20.15364	16.94799	7.97408	39.92506	18.45843	4.73595	3.88493	3.35442	0.98706	24.66238	7.74435	32.1271	25.37369	15.72542	23.7358	3.05835	6.75299	44.62267	28.36223	27.95019	2.59029	6.59283	1.97985	1.63607	1.80152	0.42592	2.60926	0.61468	62.70078	35.52723	12.48244	37.90537	47.70823	66.32968	25.90026	100.18839	42.73992	43.44044	130.81351	11.69567	6.965	3.71208	0.49086	0.51067	146.20115	89.80267	5.40866	8.77153	14.45266	13.59737	15.1192	5.02895	13.27788	8.36958	3.85463	0.97367	1.01313	2.39972	2.10661	52.56278	77.33785	53.91063	2.39547	4.57175	28.24962	19.4224	21.62607	41.38146	0.83983	1.46235	1.88029	10.91761	51.05323	30.1567	16.17503	18.68308	23.1586	20.44832	32.80713	6.037	31.21812	0.91212	20.28683	51.23069	9.15544	8.78123	45.38338	66.36416	4.16144	11.31055	2.3893	4.31829	0.3203	0.19097	16.77738	13.51785	9.09977	19.51443	32.4777	2.64234	44.3398	4.93283	9.39197	0.60303	0.10615	51.30628	0.30877	0.7982	51.51627	63.50651	3.00389	4.36468	1.40125	3.80132	13.77019	11.27944	20.90237	23.8806	26.78919	31.33162	103.51928	47.02536	36.12421	4.78219	11.1797	12.493	12.22275	0.34322	4.97332	15.44506	0.5092	NA	116.91368	107.77227	8.14248	10.47756	1.50626	15.74073	0.07929	1.00687	4.09251	5.45548	12.4564	4.03194	8.74842	18.74822	30.28707	2.93725	0.63425	18.41643	7.80879	8.78822	4.99537	0.41172	11.57942	21.64324	1.0955	0.88407	0.50598	0.30675	9.43102	0.45918	0.13828
PL38	23.67884	46.67687	84.98387	39.73392	5.8458	5.49937	11.42936	31.73122	29.07992	59.46964	35.86346	5.48896	4.42451	57.40734	96.28873	50.00563	89.25268	30.87079	28.84433	43.00223	34.31508	51.06427	5.35739	1.51818	64.3949	19.32497	8.65114	6.31499	46.53808	67.92416	18.67231	25.10958	49.5218	35.38313	13.17343	28.14724	39.46305	25.91551	29.09515	6.80422	34.96869	41.63134	53.42957	193.03093	7.00624	1.55712	22.17008	12.27272	21.04041	14.36291	113.86114	41.81451	4.17652	8.74923	75.63809	17.57815	22.89024	9.86068	7.83677	356.04277	14.83545	1.42451	1.97087	20.74206	1.6964	44.45296	59.56187	12.95995	5.64229	5.67224	15.12813	13.6387	77.16505	56.613	6.37892	18.60224	38.2856	14.90234	3.18544	17.48659	30.25119	17.16274	23.6882	203.25382	190.32871	35.25279	66.22293	19.53901	12.66163	20.69198	22.39751	8.22949	3.8552	9.37815	40.68916	63.57273	35.20371	20.30227	30.63486	5.04399	32.95558	8.80273	21.21934	8.48031	20.42739	2.39299	3.16508	5.82635	2.76391	10.74215	56.72434	5.16851	49.06379	40.35883	10.98548	22.51566	6.36368	37.88623	4.22476	23.53197	8.96546	23.66996	27.90045	9.53119	12.92439	13.91324	32.42632	62.86285	88.79097	7.35037	11.0405	9.00988	23.39563	25.19615	83.26876	32.24248	3.00412	55.19176	22.68599	37.90184	29.70671	39.15429	1.09483	6.54207	77.57888	24.15856	25.76542	69.7407	78.21353	0.55151	2.85077	21.6848	17.83368	2.53043	15.5193	39.66952	11.65758	46.86795	14.10368	20.95384	47.5286	44.67092	93.83982	94.69003	208.27441	161.10438	103.31594	30.47357	15.26915	11.13949	13.56173	38.90141	6.76021	143.7818	277.42805	476.26609	61.07983	35.70024	121.17194	5.23026	105.00745	70.65937	19.37328	37.01887	67.51274	106.39675	31.0758	9.77864	0.53961	168.49151	157.71975	29.7737	68.63177	83.52374	116.48206	103.57459	106.50505	10.98457	171.23673	237.17373
PL4	NA	NA	NA	NA	0.14474	NA	66.54437	NA	0.08573	NA	NA	NA	NA	NA	NA	2.26737	2.03177	NA	NA	0.0513	NA	NA	0.2526	NA	NA	NA	NA	NA	NA	NA	NA	NA	NA	NA	NA	NA	NA	NA	NA	NA	0.68909	NA	NA	NA	NA	NA	0.55323	0.40099	NA	NA	NA	NA	0.83583	2.59788	NA	13.93313	26.48616	1.9858	5.82401	NA	NA	NA	NA	NA	NA	NA	NA	NA	NA	NA	NA	NA	NA	NA	0.48103	1.09565	0.02253	NA	NA	NA	NA	NA	NA	1.77308	1.83371	NA	NA	NA	NA	NA	NA	NA	1.12494	NA	NA	0.10633	NA	NA	NA	NA	NA	NA	NA	NA	NA	NA	NA	NA	NA	NA	4.74674	0.12348	NA	NA	NA	NA	0.31792	0.19999	NA	NA	NA	NA	NA	33.22071	45.52981	NA	NA	NA	NA	NA	NA	NA	NA	NA	0.03018	NA	2.92986	6.3434	NA	NA	NA	NA	0.67584	NA	NA	NA	NA	NA	NA	0.01325	NA	NA	NA	1.35942	10.66992	3.90116	NA	NA	NA	NA	NA	NA	NA	NA	NA	3.05091	5.3119	NA	NA	NA	NA	NA	NA	NA	NA	NA	NA	NA	NA	NA	NA	NA	7.98843	17.0814	NA	NA	NA	0.19754	NA	NA	NA	NA	NA	NA	0.05674	0.1464	0.34957	NA	NA	NA
PL40	196.93735	195.59478	127.06691	124.11991	30.68082	38.47244	40.97738	325.30916	93.94324	88.02929	108.32011	96.48623	125.33198	74.4126	64.56134	27.50984	52.72578	66.01675	130.22918	28.5659	92.52039	91.24808	136.69487	133.58562	134.52225	135.11616	2.35213	3.94925	47.16926	86.82005	139.79321	143.25845	70.79266	173.98819	164.36113	158.66142	76.28217	116.05332	105.21686	31.52507	109.99134	23.87456	85.92087	32.81614	23.68482	23.14943	83.57305	102.69925	98.51523	112.61143	69.8043	92.88026	125.04995	86.05428	167.94613	38.47944	38.54443	51.89307	85.83913	63.26845	0.0555	184.32037	159.59433	13.33942	0.18141	168.61087	98.8487	117.91994	198.82408	183.9377	126.59158	106.48644	163.44703	75.82776	100.72215	224.51203	26.15031	166.61119	159.63187	126.7636	175.8073	246.72073	225.09665	21.15477	21.93323	122.93147	90.5504	22.8963	72.62733	142.29345	59.66909	102.42872	5.26115	NA	195.55862	92.77868	59.68356	52.70587	147.62899	95.10529	89.83371	210.46088	193.97758	183.94904	102.76557	15.18313	8.57947	46.31183	29.24927	233.68236	95.70845	117.95553	111.6403	159.5884	51.3897	72.76643	128.13541	76.52068	135.95614	85.40883	64.95384	199.69238	145.54769	180.74672	262.07837	17.59666	33.86905	34.04191	63.45023	5.2985	32.74446	66.90838	87.29216	73.80371	244.37828	182.87684	61.77084	139.51013	78.09993	44.13904	89.95159	120.33755	115.15908	183.26831	181.8136	104.79483	137.8649	292.35068	298.40699	5.18784	20.77138	71.40115	103.45436	167.10149	105.78148	79.62312	33.53801	150.21644	155.45364	158.58146	143.79522	258.49976	179.69648	45.08977	78.98731	10.52623	51.27561	208.45041	281.16727	265.47771	218.54335	134.53716	132.5651	146.85923	73.47444	129.86137	193.05444	103.99274	187.67692	250.95303	185.92572	136.69877	36.45765	45.85107	104.19834	139.00365	56.82278	159.47909	243.69375	67.45557	53.23683	34.70981	94.04515	123.38821	64.70835	100.9189	106.12924	99.67747	22.41465	0.59449
PL4_1	NA	0.01774	0.72737	0.19274	NA	0.0637	NA	NA	NA	0.06703	0.38666	NA	NA	0.57318	0.23379	NA	NA	0.64768	0.22248	0.03076	0.11993	0.38674	NA	NA	0.14849	0.10327	NA	NA	NA	NA	NA	NA	0.21382	3.03241	0.04379	NA	0.08303	NA	NA	NA	0.23716	0.01883	NA	0.06951	NA	NA	NA	0.02275	0.40454	0.31111	NA	1.37857	NA	0.2626	NA	0.07288	0.18751	0.03356	NA	NA	NA	NA	NA	NA	NA	0.08028	0.88501	0.05664	NA	NA	0.11596	0.08309	0.2943	0.18026	NA	NA	0.18788	0.04141	NA	NA	NA	NA	0.13321	0.01974	0.03718	0.35637	0.43686	0.28753	0.04574	NA	NA	NA	0.03046	0.23594	1.90145	NA	0.42024	NA	0.01819	0.02682	0.43313	0.67243	0.25029	NA	0.01625	NA	0.07216	NA	NA	NA	1.10766	0.1471	0.50199	0.08951	0.15011	0.02056	NA	0.07331	NA	0.71418	0.32745	NA	NA	NA	0.01616	NA	0.27685	0.21819	NA	0.06629	1.24224	0.26894	0.03756	0.22152	0.12584	0.09238	NA	0.03875	NA	0.01362	0.03702	NA	0.03501	NA	NA	0.03857	NA	0.61725	0.31619	NA	NA	0.16878	0.08975	NA	0.21822	0.07811	1.48172	0.47693	NA	1.33827	NA	1.15442	0.28615	0.38291	0.45216	0.01567	0.36309	NA	0.37607	NA	NA	0.22947	NA	NA	0.04651	0.33444	NA	NA	0.03302	0.03357	NA	0.03254	0.35435	0.23432	NA	NA	0.12455	0.26322	3.13761	NA	NA	1.45654	1.66955	NA	0.0338	NA	NA	NA	NA	NA
PL4_4	NA	NA	NA	NA	NA	NA	NA	NA	NA	NA	NA	NA	NA	NA	NA	NA	NA	NA	NA	NA	NA	NA	NA	NA	NA	NA	0.17656	NA	NA	NA	NA	NA	NA	NA	NA	NA	NA	NA	NA	NA	NA	NA	NA	NA	NA	NA	NA	NA	NA	NA	NA	NA	NA	NA	NA	NA	NA	NA	NA	NA	0.18457	NA	NA	NA	NA	NA	NA	NA	NA	NA	NA	NA	NA	NA	0.05226	NA	NA	NA	NA	NA	NA	NA	NA	NA	NA	NA	NA	NA	0.01437	NA	NA	NA	NA	0.04447	NA	NA	NA	NA	0.36006	NA	NA	NA	NA	NA	NA	NA	NA	NA	NA	NA	NA	NA	NA	NA	NA	NA	NA	NA	NA	NA	NA	NA	NA	NA	NA	NA	NA	NA	NA	NA	NA	NA	NA	NA	NA	NA	NA	NA	NA	NA	NA	NA	NA	NA	NA	NA	0.04123	NA	NA	NA	NA	NA	NA	NA	NA	NA	NA	NA	NA	NA	NA	NA	NA	NA	NA	NA	NA	NA	NA	NA	NA	NA	NA	NA	NA	NA	NA	NA	NA	NA	NA	NA	NA	NA	NA	NA	NA	NA	NA	NA	NA	NA	NA	NA	NA	NA	NA	NA	NA	NA
PL6	61.26483	39.27457	92.92374	45.90436	6.19406	7.65929	11.62896	57.0071	358.0252	210.11674	29.74916	376.62692	178.97776	40.34264	16.88952	114.69197	237.51641	48.17603	90.94064	86.67777	19.3524	67.48691	17.26736	4.05139	19.12148	10.47037	16.04479	16.23428	18.2719	20.66242	31.47812	26.90911	161.58987	9.11511	6.16959	58.46618	35.10816	33.68645	34.77546	6.88626	19.78294	28.91505	46.72096	644.95249	8.13503	2.85336	34.96927	24.45598	29.43273	26.51933	26.75536	35.94089	6.95151	10.27885	53.26798	28.78225	47.284	10.60049	16.91422	240.351	0.89946	13.29333	10.56344	10.36081	2.38889	26.31693	51.50933	4.50703	9.78641	18.52458	25.24309	130.33458	55.69497	80.56962	0.46862	6.9648	26.38024	8.68883	4.48951	27.77334	22.46537	110.38669	112.46306	612.82693	579.20807	40.17321	29.19749	18.59163	12.67762	31.2662	3.61861	1.865	4.18122	NA	79.30326	190.78608	13.15741	12.2508	21.60586	4.43097	20.27626	6.39441	51.87174	13.58613	35.59395	2.75041	2.81794	9.36323	6.40793	17.32563	87.9781	17.58979	23.29537	16.86637	13.27849	7.74121	7.68519	10.92059	0.43886	53.36256	15.46787	24.08702	9.6018	8.43402	16.96862	8.63195	31.29287	104.89784	161.28239	4.84593	12.9925	13.30748	29.94163	42.6293	36.46389	86.34422	3.33285	29.4865	22.65263	18.69445	40.42809	15.23937	348.37092	24.75289	52.55905	182.80852	365.20242	141.12675	179.29044	1.07319	6.88906	13.33369	41.47903	612.44016	19.45289	29.37998	24.77823	54.06504	14.99809	25.58822	60.61873	64.71626	37.73704	60.04533	13.82643	591.72827	316.99023	26.61491	27.55586	3.51593	4.6167	43.5444	21.71819	72.45817	233.95039	55.91796	227.93276	105.49008	42.08588	24.72618	36.14103	71.78769	12.6777	12.16459	211.63294	375.0654	10.33055	36.51773	44.76789	271.62873	261.76366	43.24177	95.05193	271.60117	405.93069	334.06008	316.31442	4.39251	560.0185	817.20465
PL6_1	6.03125	4.85965	30.57866	14.5018	0.02713	1.05636	0.74805	7.27862	122.03347	74.91788	5.87739	121.70102	67.7926	7.74654	1.58711	35.6283	67.46927	12.35102	30.31912	10.20915	3.26462	14.90576	2.99052	0.39357	4.12338	3.21719	0.23824	0.6553	6.30448	4.79631	2.15353	1.11719	45.40744	1.74092	0.6112	4.77696	7.56175	3.25837	1.17374	0.45072	2.13055	5.73889	11.76117	221.3036	1.59262	0.29022	2.87157	3.51073	4.68369	3.1371	5.03913	6.5878	1.3032	2.15143	13.79946	5.96207	9.27906	2.39226	4.45475	62.92406	0.09228	1.52244	1.01845	2.26935	0.5411	4.58892	11.88043	0.35329	1.37062	1.57202	3.86973	31.31668	7.89978	17.16183	0.22076	1.55959	3.49395	1.23062	0.33485	1.65715	2.23948	2.39624	0.44397	208.72008	182.51036	4.49913	1.63307	2.1334	0.60034	2.29636	0.21455	0.2013	1.32524	NA	19.71784	59.09399	4.80697	2.99897	2.70794	0.7507	2.40309	2.64034	12.20035	3.79797	8.52063	0.20027	0.26997	0.67779	0.7958	0.76796	21.18976	2.72992	8.24279	5.01707	1.99622	1.49594	0.79727	2.5037	0.17146	13.52649	2.4823	5.48699	4.12601	2.00404	3.47413	0.85841	5.4098	19.7117	40.4041	0.67484	3.08493	3.58967	10.27049	13.20559	8.68463	21.04599	0.35952	2.84025	1.53585	2.77394	9.24205	4.83868	129.13118	1.60711	15.16268	43.03471	86.31388	30.27997	42.21623	NA	1.45929	0.51405	14.13588	232.32384	3.94466	9.70871	3.38222	9.75144	5.22391	6.77462	19.63877	15.64248	1.68822	6.80103	0.05863	173.92058	97.71932	0.0304	NA	0.82138	0.93156	4.39798	0.39341	19.63772	79.03703	12.26229	76.89711	37.76302	2.78271	7.22738	2.26561	14.38275	2.42497	1.57482	71.20934	112.49019	2.55496	5.44272	0.02658	70.63365	59.22014	9.4665	25.21895	89.89009	124.12888	104.44605	105.72469	1.49399	160.45067	236.18549
PL6_2	NA	NA	NA	NA	NA	NA	NA	NA	NA	NA	NA	NA	NA	NA	NA	0.12487	0.27363	NA	NA	NA	NA	NA	NA	NA	NA	NA	NA	NA	NA	NA	NA	NA	NA	NA	NA	NA	NA	NA	NA	NA	NA	NA	NA	NA	NA	NA	0.21544	0.18404	NA	NA	NA	NA	NA	NA	NA	NA	NA	0.72396	1.97653	NA	NA	NA	NA	NA	NA	NA	NA	NA	NA	NA	1.87633	16.04419	NA	NA	NA	NA	NA	0.02792	0.0993	NA	NA	NA	NA	NA	NA	NA	NA	NA	NA	NA	NA	NA	NA	NA	NA	0.0976	NA	NA	NA	NA	NA	NA	NA	NA	NA	NA	NA	0.27851	0.11902	NA	NA	NA	NA	NA	NA	NA	NA	NA	NA	NA	NA	NA	NA	NA	NA	NA	NA	NA	NA	NA	NA	NA	NA	NA	NA	NA	NA	NA	NA	NA	NA	NA	NA	NA	NA	22.31017	45.33182	NA	NA	NA	NA	NA	NA	NA	NA	NA	NA	NA	NA	NA	NA	NA	NA	NA	NA	NA	NA	NA	NA	NA	NA	NA	NA	NA	NA	NA	NA	0.30657	NA	NA	NA	NA	NA	NA	NA	NA	NA	NA	NA	NA	NA	3.0962	5.03968	NA	NA	NA	0.16378	NA	NA	NA
PL7	NA	4.57425	17.51396	16.89654	4.00931	0.72131	NA	0.46425	6.1986	3.38263	9.15498	0.0636	4.28799	2.3445	1.93366	2.59481	2.15269	2.31926	2.30073	1.86723	0.97961	5.71927	NA	NA	2.48953	22.93404	0.39982	0.10637	0.20613	2.79509	0.21659	2.05586	3.30532	4.49293	3.19341	27.3762	31.54575	22.97459	4.10215	4.28039	7.25623	10.84183	9.17192	2.2574	0.0864	1.71367	2.56091	6.61217	6.07737	3.92393	7.33636	10.19757	0.57024	1.13119	17.96037	6.97168	3.7022	0.32379	1.20853	0.2569	2.18861	2.38137	2.34685	6.04212	0.30491	6.87207	3.01812	2.62656	0.76592	2.04819	7.42346	10.94545	2.99535	4.17376	NA	NA	6.54702	NA	0.7944	0.42756	0.12035	1.44002	4.91524	NA	0.08892	2.28268	2.33239	4.12284	1.41318	0.5394	4.36615	1.29236	2.4325	NA	0.24359	0.63898	1.97869	NA	3.99624	1.86215	3.25293	6.70959	NA	3.55131	0.23317	1.89835	1.68441	0.45738	0.77634	8.40314	4.04742	0.11726	10.7339	20.61537	2.79361	0.502	3.78083	38.31655	0.96508	7.6753	3.48602	0.05445	NA	2.84614	NA	6.5227	NA	0.35765	1.3876	8.90976	8.46684	20.67376	1.61584	0.42033	32.4862	28.38102	0.18189	1.76093	1.16499	0.48078	7.91177	9.56967	15.36656	NA	NA	7.7283	8.89061	6.83946	7.02101	0.6571	1.48242	0.55455	5.39377	0.36897	1.74755	1.57104	1.77104	1.24719	2.24798	8.29309	22.07496	5.62664	0.32204	0.44207	NA	4.48467	8.37378	NA	6.62826	3.52478	1.3435	0.41879	NA	16.89172	15.71009	NA	0.09516	0.23302	3.37135	6.80325	1.77015	2.44442	1.41996	3.64177	NA	0.10232	8.02673	NA	1.73077	0.19924	NA	4.81475	2.81734	0.17233	0.11808	0.21472	NA	4.35129	0.63453	0.16761
PL7_1	NA	NA	NA	NA	NA	NA	NA	NA	NA	NA	NA	NA	NA	NA	NA	NA	NA	NA	NA	NA	NA	NA	NA	NA	NA	NA	NA	NA	NA	NA	NA	NA	NA	NA	NA	NA	NA	NA	NA	NA	NA	NA	NA	NA	NA	NA	NA	NA	NA	NA	NA	NA	NA	NA	NA	NA	NA	NA	NA	NA	NA	NA	NA	NA	NA	NA	NA	NA	NA	NA	NA	NA	NA	NA	NA	NA	NA	NA	NA	NA	NA	NA	NA	NA	NA	NA	NA	NA	NA	NA	NA	NA	NA	NA	NA	NA	NA	NA	NA	NA	NA	NA	NA	NA	NA	NA	NA	NA	NA	NA	NA	NA	NA	NA	NA	NA	NA	NA	NA	NA	NA	NA	NA	NA	NA	NA	NA	NA	NA	NA	NA	NA	NA	NA	NA	NA	NA	NA	0.0409	NA	NA	NA	NA	NA	NA	NA	NA	NA	NA	NA	NA	NA	NA	NA	NA	NA	NA	NA	NA	NA	NA	NA	NA	NA	NA	NA	NA	NA	NA	NA	NA	NA	NA	NA	NA	NA	NA	NA	NA	NA	NA	NA	NA	NA	NA	NA	NA	NA	NA	NA	NA	NA	NA	NA	NA	NA	NA	NA	NA	NA
PL8	82.2993	222.07478	169.54019	123.42683	43.95379	92.44223	103.51332	137.68227	299.30427	254.88862	178.64984	294.03	254.24359	117.45007	86.7086	70.2496	79.1006	77.16869	99.92843	142.38891	120.51594	115.19781	150.15435	323.74972	170.19494	134.65698	62.73348	31.53186	145.37011	224.17718	434.39713	298.63922	127.75826	92.96077	112.49355	99.80738	70.58064	268.78729	252.85594	103.04992	140.65559	100.36944	141.51182	74.67362	67.7667	67.97733	81.73359	56.2475	195.51349	224.18291	105.45591	126.83231	217.11049	180.99447	131.49844	106.79505	122.2622	73.71573	169.18703	262.41785	116.51069	508.97595	463.2938	65.28743	7.10648	155.28026	142.54135	330.85756	314.93145	317.13325	123.40146	140.24926	158.8631	99.74673	244.33487	276.27907	190.02744	321.05654	378.29421	191.92342	256.98337	253.50398	159.96963	73.25715	74.78122	138.58876	100.53172	169.91882	172.4508	293.05208	41.51098	41.39654	18.62741	19.26584	211.97167	26.1622	193.85739	267.69505	125.53029	29.72417	40.34934	133.40353	184.42933	228.55444	161.68124	52.70667	36.35148	80.90844	70.83552	129.3979	163.81576	100.82299	96.23962	103.2439	174.58495	165.50544	313.56433	158.43971	14.30178	92.9291	135.2564	196.93298	178.91847	190.97573	211.69529	21.6892	48.57957	148.48094	158.16517	8.77262	21.36284	75.48205	125.80441	313.22489	86.87434	108.58524	238.48777	430.4953	248.43562	112.86381	55.26408	134.56106	294.06456	356.76421	331.83827	137.1444	137.39366	76.37909	102.10295	5.2387	17.73003	65.04937	80.40747	411.52873	168.19824	104.49147	63.12585	167.04298	78.60776	90.88686	73.57643	82.82491	139.39891	99.28406	243.25779	54.21876	44.23863	70.93673	29.17452	341.95449	285.19747	272.10153	349.63653	342.88552	294.78811	339.25559	6.50955	37.50404	120.65934	268.87899	199.25801	369.19741	54.7094	93.1021	21.53666	10.84095	58.78444	57.66953	109.32185	282.39571	310.17518	79.47917	162.75314	11.03953	32.01202	11.01523	9.62552	220.9218	31.62416	5.30834
PL8_1	NA	NA	NA	NA	NA	NA	NA	NA	NA	NA	NA	NA	NA	NA	NA	NA	NA	NA	NA	NA	NA	NA	NA	NA	NA	NA	NA	NA	NA	NA	NA	NA	NA	NA	NA	NA	NA	NA	NA	NA	NA	NA	NA	NA	NA	NA	NA	NA	NA	NA	NA	NA	NA	NA	NA	NA	NA	NA	NA	NA	0.06015	NA	NA	NA	NA	NA	NA	NA	NA	NA	NA	NA	NA	NA	NA	NA	NA	NA	NA	NA	NA	NA	NA	NA	NA	NA	NA	NA	0.06087	NA	NA	NA	NA	NA	NA	NA	NA	NA	NA	NA	NA	NA	NA	NA	NA	NA	NA	0.06669	NA	NA	NA	NA	NA	NA	NA	NA	NA	NA	NA	NA	NA	NA	NA	NA	NA	NA	NA	NA	NA	NA	NA	NA	NA	NA	NA	NA	0.13658	NA	NA	NA	NA	NA	NA	NA	NA	NA	NA	NA	NA	NA	NA	NA	NA	NA	NA	NA	NA	NA	NA	NA	NA	NA	NA	NA	NA	NA	NA	NA	NA	NA	NA	NA	NA	NA	NA	NA	NA	NA	NA	NA	NA	NA	NA	NA	NA	NA	NA	NA	NA	NA	NA	NA	NA	NA	NA	NA	NA	NA	NA	NA
PL8_2	64.78647	231.16952	129.87722	65.1203	24.37348	68.9768	61.44378	60.65617	217.42083	228.22746	171.42268	235.26217	192.41542	98.96382	65.67296	28.67989	53.36696	36.02183	80.09632	120.56353	128.1899	130.56028	136.02157	330.7723	232.5547	150.25247	21.03666	13.58356	98.67351	170.63833	282.00446	255.45944	102.48005	115.38828	157.30523	53.66497	55.86202	203.26229	197.78224	20.29905	109.66241	97.26029	89.05455	55.82475	36.16839	44.34945	57.24892	27.40322	171.77595	179.65885	70.23641	125.68458	133.57141	98.39294	165.10038	101.10697	90.52297	42.31173	86.55733	147.19345	1.39196	327.18002	285.13449	35.89289	0.49709	157.2401	119.84387	262.10358	394.28517	375.51664	147.06148	87.53127	221.8926	134.96007	68.02369	264.89847	63.57229	218.87799	231.94626	126.31304	167.89808	314.66796	211.74814	35.30805	33.45956	85.11082	81.68016	35.59919	124.80957	248.51736	18.10704	11.79079	5.40572	15.8385	139.75911	15.17072	168.81221	222.59283	141.31372	16.1859	28.52949	79.06315	93.18327	179.18223	132.86687	25.86257	19.42617	38.28118	41.66317	129.8149	134.67496	74.70478	87.04683	84.49138	46.80227	93.38445	174.51385	99.62219	7.1549	86.61898	150.63112	55.73084	60.09771	106.06973	191.22423	18.11366	39.32005	245.5304	197.2788	5.50491	13.57918	63.80426	54.46231	80.7326	104.95792	136.59736	96.9162	272.31531	148.87177	90.03724	44.10359	120.36623	205.18443	261.89908	239.14944	145.86406	161.61024	104.88703	132.52091	2.14261	20.03901	62.40075	99.37586	312.14949	217.81247	165.23853	73.64126	216.68356	120.39815	120.10625	70.54096	80.58655	109.74318	80.21557	171.63549	25.79729	47.48528	123.63649	37.5462	357.88638	310.75091	186.35814	216.28029	139.95646	174.22327	275.83325	8.48636	24.23724	142.44988	72.49103	194.05943	283.74474	38.37727	94.4106	13.80638	4.8381	52.83201	17.02651	1.58922	142.53368	116.85931	48.92389	137.79942	2.46293	11.2648	7.15339	4.72005	200.59282	18.87197	0.96565
PL8_3	27.44706	101.72873	36.64103	21.63541	11.61818	43.87456	17.24278	23.24075	138.92044	132.80064	85.5224	165.18927	157.2267	38.22619	11.50659	12.27678	21.11284	6.896	15.23091	36.35331	52.17664	42.01669	80.46108	225.78839	77.62408	59.70627	7.58477	9.28865	29.74216	68.33948	199.00952	175.85012	51.88527	62.53433	91.12127	7.10332	11.53104	160.74399	149.12752	7.57944	49.25193	35.54045	17.71565	27.67875	20.26374	24.54325	22.24137	6.99048	69.00061	65.61394	32.00195	35.24984	205.54248	146.36626	64.1674	26.35451	31.36959	38.19517	66.193	5.81086	0.07669	153.93818	141.43833	9.28641	0.34542	60.92765	57.86539	121.40895	176.53985	157.31189	74.23009	27.70433	82.44613	12.19315	29.93653	118.06414	26.58584	184.41433	224.82207	93.48908	130.68251	172.63756	113.4881	21.54724	20.82121	21.58697	11.13568	12.97077	87.31082	163.7533	12.22746	7.41842	12.8371	5.76502	32.53158	8.87694	54.40675	66.88376	63.62731	7.44917	9.43175	35.17659	27.52097	49.36447	37.98183	17.32701	9.50257	4.45751	12.24389	63.51683	38.70195	21.8758	38.52257	43.34219	25.11746	41.17214	175.67044	68.42481	0.91961	21.35194	54.78273	3.83288	2.74764	47.46415	95.94221	7.2817	14.4351	8.44834	20.55312	1.33018	6.00507	19.35246	23.16552	35.18323	2.67318	13.35946	83.85434	188.91188	62.11685	41.52137	0.97921	0.12345	10.37141	127.6897	103.65507	54.09005	83.67569	4.57135	13.07244	0.4358	5.18824	11.17843	20.72927	27.7026	92.10173	51.16487	23.88628	113.88006	45.68836	50.09601	9.41981	11.06499	12.15792	20.20165	9.83378	10.54308	17.1083	3.02286	NA	117.95856	132.96136	164.70094	208.96304	18.9287	111.56927	0.69383	2.31307	5.38491	31.55253	33.37948	85.3266	229.22724	12.7184	20.55464	4.52655	5.70148	17.63704	NA	0.0726	NA	0.11158	18.61412	59.80797	1.2365	6.6878	10.56801	11.26706	91.16863	5.87136	0.33004
PL9	26.33039	33.90824	21.02459	18.59136	14.08157	9.71549	25.77099	37.35756	18.78768	9.74333	9.07132	15.90613	21.81562	21.73295	17.88439	11.39745	21.88549	10.11534	26.10702	25.08423	13.33875	7.94551	10.62823	14.64876	22.08922	47.55259	5.89543	4.70722	19.48835	34.87308	36.1918	31.74844	5.90077	3.82067	1.8415	7.40487	13.5926	63.01146	21.52598	2.76571	14.58295	21.83533	27.65444	7.93004	3.52095	2.91199	34.60472	27.4516	11.87514	9.4878	10.81581	23.02613	3.27566	6.8231	65.14957	21.22673	16.5005	4.23647	15.44054	1.51687	6.20193	11.37466	20.0889	3.87414	0.54121	73.84575	23.03914	4.07532	32.21834	42.22988	4.47927	31.008	16.68831	22.32057	16.10683	14.06679	11.61083	0.71324	2.77932	5.9098	5.96809	5.35099	6.56342	1.5448	1.74683	22.24148	13.06612	16.76943	5.55242	11.78239	4.90113	3.49644	2.63616	8.50587	16.51023	11.59909	31.43824	43.32114	10.69576	11.56096	17.49566	32.41027	17.15784	27.27655	35.53129	3.1588	1.04958	2.5038	1.75063	9.80727	20.64261	9.91993	7.31854	4.88254	12.31714	25.67454	2.91906	7.00917	0.40804	6.72076	53.04036	16.98895	10.7356	5.26011	2.80441	18.71683	23.61635	7.8198	13.5113	2.68229	11.11234	39.50168	11.32136	19.7168	3.75703	6.18861	34.14851	13.27164	4.12093	3.37745	19.15704	8.45729	11.50125	0.33943	0.57232	11.86201	8.11124	29.64886	43.3015	1.48095	3.67423	2.56749	26.44562	16.46848	26.80071	23.84893	8.03704	9.506	6.64217	6.26911	3.6733	18.88284	1.48656	1.60484	21.18757	7.04312	18.20922	4.6335	12.53892	105.4113	99.67337	5.55363	55.73286	5.66476	6.8762	9.29246	0.46398	0.84591	1.25969	3.90788	1.4653	2.30777	2.4339	8.26376	2.59009	0.22203	15.04776	15.62476	13.36561	1.62132	0.85504	4.69952	4.02604	0.6179	1.16459	27.98337	30.73025	3.07513	2.04642	0.13307
PL9_1	71.41515	71.33324	101.79921	67.56062	38.50859	17.40699	73.23142	86.12881	49.48857	33.72719	34.64606	24.64245	48.90825	60.38909	33.25783	10.50077	11.94461	63.08718	105.67745	33.79972	24.09458	102.05457	14.14772	13.67018	30.20833	143.854	19.44471	22.45973	26.39643	22.41798	37.32358	28.97616	22.70099	62.32686	89.29605	61.39159	62.50651	94.16314	29.88508	27.26315	33.30077	42.82618	47.0624	19.73491	3.27486	10.54055	60.44153	68.36296	61.88608	31.12411	25.97126	86.50149	13.07386	23.9525	66.32868	53.22763	24.84569	7.35517	32.43655	39.98602	16.72748	37.46634	61.87394	8.83733	3.3003	60.32073	56.0404	13.31153	33.91705	40.12129	7.39339	70.02724	37.33653	54.31237	24.18588	24.26994	30.6407	2.70974	25.00086	24.99318	20.04357	42.25322	39.54228	6.00239	7.91485	26.77395	20.6353	24.69905	13.36291	19.49042	9.40425	4.88106	12.34658	11.15036	78.69661	6.48128	74.44136	57.71953	29.12948	2.08604	10.58611	57.07175	54.82125	67.56018	70.89189	10.76703	4.13533	8.23837	4.45628	41.36609	35.09901	32.07247	27.75267	21.75321	24.32851	36.51369	7.32653	37.22709	3.11574	21.42003	54.61784	73.98279	48.09238	39.40155	36.01464	77.98536	28.95424	25.31556	39.78615	4.43849	19.18728	99.46232	23.03536	62.43582	15.46014	20.97379	30.71394	26.16364	4.5459	4.08593	59.24903	54.59392	36.58588	7.15005	10.09777	19.93241	24.30342	21.27163	40.03002	1.10074	6.22785	6.88877	37.82836	25.40594	43.08535	32.79126	43.16107	17.25346	27.61768	32.75418	86.68248	78.91369	50.38502	9.28162	38.82595	9.70308	24.75168	35.11108	209.15081	75.36535	81.1506	5.78996	42.1357	39.71229	43.39693	7.79117	1.33636	5.20384	15.8692	97.22351	14.53348	17.51433	10.56877	29.90656	2.78465	0.19343	18.07841	26.68873	32.73445	87.8704	10.64852	24.94782	19.43705	3.05973	3.20333	46.88573	37.10431	13.62917	12.39187	0.3069
PL9_2	8.1864	5.26341	1.14591	1.46516	0.47869	2.08401	NA	0.46228	3.32782	2.2935	8.94305	4.92558	1.14073	2.0863	1.73511	NA	0.03685	0.389	1.34742	68.70416	16.95313	5.78091	6.49018	3.08469	1.51126	2.45864	0.02683	0.17566	2.272	0.88872	4.649	8.60602	21.25131	8.63025	1.52834	8.70424	4.97419	4.01445	1.81745	0.77692	2.39162	40.25066	18.64545	1.12673	1.64715	3.03072	5.73934	9.50851	13.41714	9.18859	46.80202	2.81749	2.264	1.59882	10.97555	11.48733	4.19249	NA	5.07889	0.07004	NA	0.1072	3.81175	8.50126	NA	5.33351	4.96602	9.94238	NA	3.32997	0.90484	1.36144	2.37794	9.78016	0.76779	8.4203	3.86835	8.12704	0.77939	2.6135	7.2182	5.78169	4.4237	5.28844	5.94271	NA	0.28553	2.86832	1.25958	0.64252	NA	NA	0.80355	NA	NA	0.58887	0.2283	NA	18.08826	0.03716	0.08182	11.40374	0.70278	36.80447	10.57359	0.57826	0.57548	0.23158	2.78187	18.15097	16.64427	5.74656	5.08396	3.86727	2.47239	2.71717	11.53828	2.31268	0.21435	2.93916	NA	0.992	0.32492	2.83249	23.79306	0.3911	0.122	0.24849	0.23499	0.46042	0.96658	NA	8.51054	30.17702	1.82259	0.0882	6.8162	13.8621	4.14093	7.37706	1.83155	NA	1.73948	NA	NA	8.91506	8.30207	0.73985	0.4534	0.35807	1.2577	6.27915	11.80222	2.77299	0.05209	0.05641	5.7127	0.12198	13.19511	12.96883	7.37588	0.25051	0.84045	2.67216	4.52232	7.92764	2.16051	0.14597	0.419	NA	0.06102	0.65327	11.60633	0.51704	2.52067	6.35661	0.27605	0.21484	1.16014	58.80677	1.44808	0.26	1.61672	0.64236	0.80202	NA	3.59467	4.71714	3.22167	NA	NA	3.32933	9.81279	NA	0.13092	NA	0.04489	2.20926	1.9275	NA
PL9_4	NA	NA	0.16281	0.14934	NA	NA	NA	NA	1.62886	0.75021	0.05645	NA	NA	NA	NA	NA	0.05678	NA	NA	NA	NA	NA	NA	NA	NA	NA	NA	NA	NA	NA	NA	NA	NA	NA	NA	NA	NA	NA	NA	NA	NA	0.06321	0.29462	NA	NA	NA	NA	NA	NA	NA	NA	NA	NA	0.25192	NA	NA	NA	0.95769	0.98434	NA	NA	NA	NA	NA	NA	NA	NA	NA	NA	NA	NA	NA	NA	NA	NA	0.26165	NA	0.20855	NA	NA	NA	NA	0.44728	NA	NA	NA	NA	NA	NA	0.30027	NA	NA	NA	NA	NA	NA	NA	NA	NA	NA	NA	NA	NA	NA	NA	NA	NA	NA	NA	NA	NA	NA	NA	NA	NA	NA	NA	NA	NA	NA	NA	NA	NA	NA	NA	NA	NA	NA	NA	NA	NA	NA	NA	NA	NA	NA	NA	NA	NA	NA	NA	NA	NA	NA	NA	NA	NA	NA	NA	NA	NA	NA	NA	NA	NA	NA	NA	0.51472	NA	NA	NA	0.64602	0.11303	NA	NA	NA	NA	NA	NA	NA	0.14306	NA	NA	NA	NA	NA	NA	NA	NA	NA	0.12497	NA	0.16997	0.06052	NA	NA	0.1394	NA	NA	NA	NA	NA	NA	NA	NA	NA	NA	0.13152	NA	NA
