Run,Assay Type,AvgSpotLen,Bases,BioProject,BioSample,Bytes,Center Name,common_name,Consent,DATASTORE filetype,DATASTORE provider,DATASTORE region,ENA-FIRST-PUBLIC (run),ENA_first_public,ENA-LAST-UPDATE (run),ENA_last_update,environmental_package,Experiment,external_id,INSDC_center_alias,INSDC_center_name,INSDC_first_public,INSDC_last_update,INSDC_status,Instrument,Library Name,LibraryLayout,LibrarySelection,LibrarySource,Organism,Platform,ReleaseDate,create_date,version,Sample Name,Sample_name,Sequencing_method,SRA Study,Submitter_Id
ERR7959253,AMPLICON,499,35704596,PRJEB49980,SAMEA12221247,22687285,UNIVERSITY OF LUBECK,human,public,"run.zq,fastq,sra","ncbi,gs,s3","s3.us-east-1,ncbi.public,gs.us-east1",2022-01-28,2022-01-28,2022-01-28,2022-01-28,microbiome,ERX7526474,SAMEA12221247,University of Lubeck,University of Lubeck,2022-01-28T00:21:27Z,2022-01-28T00:21:27Z,public,Illumina MiSeq,microbiome,PAIRED,PCR,OTHER,Homo sapiens,ILLUMINA,2022-01-29T00:00:00Z,2022-07-21T21:11:00Z,1,SAMEA12221247,1201713396,Illumina MiSeq,ERP134527,1201713396
ERR7959254,AMPLICON,499,37648381,PRJEB49980,SAMEA12221248,23544176,UNIVERSITY OF LUBECK,human,public,"run.zq,sra,fastq","s3,gs,ncbi","s3.us-east-1,gs.us-east1,ncbi.public",2022-01-28,2022-01-28,2022-01-28,2022-01-28,microbiome,ERX7526475,SAMEA12221248,University of Lubeck,University of Lubeck,2022-01-28T00:21:27Z,2022-01-28T00:21:27Z,public,Illumina MiSeq,microbiome,PAIRED,PCR,OTHER,Homo sapiens,ILLUMINA,2022-01-29T00:00:00Z,2022-07-27T12:00:00Z,1,SAMEA12221248,1201713397,Illumina MiSeq,ERP134527,1201713397
ERR7959255,AMPLICON,499,20678485,PRJEB49980,SAMEA12221249,12705269,UNIVERSITY OF LUBECK,human,public,"sra,fastq,run.zq","ncbi,s3,gs","ncbi.public,s3.us-east-1,gs.us-east1",2022-01-28,2022-01-28,2022-01-28,2022-01-28,microbiome,ERX7526476,SAMEA12221249,University of Lubeck,University of Lubeck,2022-01-28T00:21:27Z,2022-01-28T00:21:27Z,public,Illumina MiSeq,microbiome,PAIRED,PCR,OTHER,Homo sapiens,ILLUMINA,2022-01-29T00:00:00Z,2022-07-13T08:05:00Z,1,SAMEA12221249,1201713398,Illumina MiSeq,ERP134527,1201713398
ERR7959256,AMPLICON,551,34311245,PRJEB49980,SAMEA12221250,20060613,UNIVERSITY OF LUBECK,human,public,"fastq,sra,run.zq","s3,ncbi,gs","s3.us-east-1,ncbi.public,gs.us-east1",2022-01-28,2022-01-28,2022-01-28,2022-01-28,microbiome,ERX7526477,SAMEA12221250,University of Lubeck,University of Lubeck,2022-01-28T00:21:27Z,2022-01-28T00:21:27Z,public,Illumina MiSeq,microbiome,PAIRED,PCR,OTHER,Homo sapiens,ILLUMINA,2022-01-29T00:00:00Z,2022-07-27T12:00:00Z,1,SAMEA12221250,1201713399,Illumina MiSeq,ERP134527,1201713399
ERR7959257,AMPLICON,551,23364768,PRJEB49980,SAMEA12221251,14112014,UNIVERSITY OF LUBECK,human,public,"sra,fastq,run.zq","gs,ncbi,s3","gs.us-east1,ncbi.public,s3.us-east-1",2022-01-28,2022-01-28,2022-01-28,2022-01-28,microbiome,ERX7526478,SAMEA12221251,University of Lubeck,University of Lubeck,2022-01-28T00:21:27Z,2022-01-28T00:21:27Z,public,Illumina MiSeq,microbiome,PAIRED,PCR,OTHER,Homo sapiens,ILLUMINA,2022-01-29T00:00:00Z,2022-07-27T12:00:00Z,1,SAMEA12221251,1201713400,Illumina MiSeq,ERP134527,1201713400
ERR7959258,AMPLICON,499,42738015,PRJEB49980,SAMEA12221252,25936658,UNIVERSITY OF LUBECK,human,public,"fastq,run.zq,sra","s3,ncbi,gs","gs.us-east1,s3.us-east-1,ncbi.public",2022-01-28,2022-01-28,2022-01-28,2022-01-28,microbiome,ERX7526479,SAMEA12221252,University of Lubeck,University of Lubeck,2022-01-28T00:21:27Z,2022-01-28T00:21:27Z,public,Illumina MiSeq,microbiome,PAIRED,PCR,OTHER,Homo sapiens,ILLUMINA,2022-01-29T00:00:00Z,2022-07-29T17:48:00Z,1,SAMEA12221252,1201713401,Illumina MiSeq,ERP134527,1201713401
ERR7959259,AMPLICON,551,30680066,PRJEB49980,SAMEA12221253,18443021,UNIVERSITY OF LUBECK,human,public,"fastq,sra,run.zq","s3,ncbi,gs","gs.us-east1,ncbi.public,s3.us-east-1",2022-01-28,2022-01-28,2022-01-28,2022-01-28,microbiome,ERX7526480,SAMEA12221253,University of Lubeck,University of Lubeck,2022-01-28T00:21:27Z,2022-01-28T00:21:27Z,public,Illumina MiSeq,microbiome,PAIRED,PCR,OTHER,Homo sapiens,ILLUMINA,2022-01-29T00:00:00Z,2022-07-27T12:00:00Z,1,SAMEA12221253,1201713402,Illumina MiSeq,ERP134527,1201713402
ERR7959260,AMPLICON,499,27149798,PRJEB49980,SAMEA12221254,16868964,UNIVERSITY OF LUBECK,human,public,"run.zq,sra,fastq","ncbi,s3,gs","ncbi.public,s3.us-east-1,gs.us-east1",2022-01-28,2022-01-28,2022-01-28,2022-01-28,microbiome,ERX7526481,SAMEA12221254,University of Lubeck,University of Lubeck,2022-01-28T00:21:27Z,2022-01-28T00:21:27Z,public,Illumina MiSeq,microbiome,PAIRED,PCR,OTHER,Homo sapiens,ILLUMINA,2022-01-29T00:00:00Z,2022-07-27T12:00:00Z,1,SAMEA12221254,1201713403,Illumina MiSeq,ERP134527,1201713403
ERR7959261,AMPLICON,551,69454506,PRJEB49980,SAMEA12221255,39799946,UNIVERSITY OF LUBECK,human,public,"run.zq,fastq,sra","s3,ncbi,gs","gs.us-east1,ncbi.public,s3.us-east-1",2022-01-28,2022-01-28,2022-01-28,2022-01-28,microbiome,ERX7526482,SAMEA12221255,University of Lubeck,University of Lubeck,2022-01-28T00:21:27Z,2022-01-28T00:21:27Z,public,Illumina MiSeq,microbiome,PAIRED,PCR,OTHER,Homo sapiens,ILLUMINA,2022-01-29T00:00:00Z,2022-07-16T16:17:00Z,1,SAMEA12221255,1201713404,Illumina MiSeq,ERP134527,1201713404
ERR7959262,AMPLICON,499,22312655,PRJEB49980,SAMEA12221256,13862467,UNIVERSITY OF LUBECK,human,public,"run.zq,sra,fastq","gs,ncbi,s3","ncbi.public,s3.us-east-1,gs.us-east1",2022-01-28,2022-01-28,2022-01-28,2022-01-28,microbiome,ERX7526483,SAMEA12221256,University of Lubeck,University of Lubeck,2022-01-28T00:21:27Z,2022-01-28T00:21:27Z,public,Illumina MiSeq,microbiome,PAIRED,PCR,OTHER,Homo sapiens,ILLUMINA,2022-01-29T00:00:00Z,2022-07-27T12:02:00Z,1,SAMEA12221256,1201713405,Illumina MiSeq,ERP134527,1201713405
ERR7959263,AMPLICON,499,33582185,PRJEB49980,SAMEA12221257,20726243,UNIVERSITY OF LUBECK,human,public,"run.zq,sra,fastq","ncbi,s3,gs","gs.us-east1,ncbi.public,s3.us-east-1",2022-01-28,2022-01-28,2022-01-28,2022-01-28,microbiome,ERX7526484,SAMEA12221257,University of Lubeck,University of Lubeck,2022-01-28T00:21:27Z,2022-01-28T00:21:27Z,public,Illumina MiSeq,microbiome,PAIRED,PCR,OTHER,Homo sapiens,ILLUMINA,2022-01-29T00:00:00Z,2022-07-27T12:00:00Z,1,SAMEA12221257,1201713406,Illumina MiSeq,ERP134527,1201713406
ERR7959264,AMPLICON,551,42280931,PRJEB49980,SAMEA12221258,25129559,UNIVERSITY OF LUBECK,human,public,"fastq,run.zq,sra","ncbi,s3,gs","gs.us-east1,s3.us-east-1,ncbi.public",2022-01-28,2022-01-28,2022-01-28,2022-01-28,microbiome,ERX7526485,SAMEA12221258,University of Lubeck,University of Lubeck,2022-01-28T00:21:27Z,2022-01-28T00:21:27Z,public,Illumina MiSeq,microbiome,PAIRED,PCR,OTHER,Homo sapiens,ILLUMINA,2022-01-29T00:00:00Z,2022-07-27T11:58:00Z,1,SAMEA12221258,1201713407,Illumina MiSeq,ERP134527,1201713407
ERR7959265,AMPLICON,499,23401499,PRJEB49980,SAMEA12221259,14778161,UNIVERSITY OF LUBECK,human,public,"run.zq,sra,fastq","ncbi,gs,s3","ncbi.public,gs.us-east1,s3.us-east-1",2022-01-28,2022-01-28,2022-01-28,2022-01-28,microbiome,ERX7526486,SAMEA12221259,University of Lubeck,University of Lubeck,2022-01-28T00:21:27Z,2022-01-28T00:21:27Z,public,Illumina MiSeq,microbiome,PAIRED,PCR,OTHER,Homo sapiens,ILLUMINA,2022-01-29T00:00:00Z,2022-07-27T12:00:00Z,1,SAMEA12221259,1201713408,Illumina MiSeq,ERP134527,1201713408
ERR7959266,AMPLICON,551,60620780,PRJEB49980,SAMEA12221260,36123137,UNIVERSITY OF LUBECK,human,public,"sra,run.zq,fastq","ncbi,gs,s3","s3.us-east-1,gs.us-east1,ncbi.public",2022-01-28,2022-01-28,2022-01-28,2022-01-28,microbiome,ERX7526487,SAMEA12221260,University of Lubeck,University of Lubeck,2022-01-28T00:21:27Z,2022-01-28T00:21:27Z,public,Illumina MiSeq,microbiome,PAIRED,PCR,OTHER,Homo sapiens,ILLUMINA,2022-01-29T00:00:00Z,2022-07-27T12:00:00Z,1,SAMEA12221260,1201713409,Illumina MiSeq,ERP134527,1201713409
ERR7959267,AMPLICON,499,41857397,PRJEB49980,SAMEA12221261,25346352,UNIVERSITY OF LUBECK,human,public,"sra,fastq,run.zq","ncbi,gs,s3","s3.us-east-1,ncbi.public,gs.us-east1",2022-01-28,2022-01-28,2022-01-28,2022-01-28,microbiome,ERX7526488,SAMEA12221261,University of Lubeck,University of Lubeck,2022-01-28T00:21:27Z,2022-01-28T00:21:27Z,public,Illumina MiSeq,microbiome,PAIRED,PCR,OTHER,Homo sapiens,ILLUMINA,2022-01-29T00:00:00Z,2022-07-19T18:32:00Z,1,SAMEA12221261,1201713410,Illumina MiSeq,ERP134527,1201713410
ERR7959268,AMPLICON,452,41062063,PRJEB49980,SAMEA12221262,22005795,UNIVERSITY OF LUBECK,human,public,"sra,fastq,run.zq","s3,ncbi,gs","s3.us-east-1,gs.us-east1,ncbi.public",2022-01-28,2022-01-28,2022-01-28,2022-01-28,microbiome,ERX7526489,SAMEA12221262,University of Lubeck,University of Lubeck,2022-01-28T00:21:27Z,2022-01-28T00:21:27Z,public,Illumina MiSeq,microbiome,PAIRED,PCR,OTHER,Homo sapiens,ILLUMINA,2022-01-29T00:00:00Z,2022-07-27T12:00:00Z,1,SAMEA12221262,1201713411,Illumina MiSeq,ERP134527,1201713411
ERR7959269,AMPLICON,551,22250993,PRJEB49980,SAMEA12221263,13307493,UNIVERSITY OF LUBECK,human,public,"run.zq,sra,fastq","ncbi,s3,gs","ncbi.public,gs.us-east1,s3.us-east-1",2022-01-28,2022-01-28,2022-01-28,2022-01-28,microbiome,ERX7526490,SAMEA12221263,University of Lubeck,University of Lubeck,2022-01-28T00:21:27Z,2022-01-28T00:21:27Z,public,Illumina MiSeq,microbiome,PAIRED,PCR,OTHER,Homo sapiens,ILLUMINA,2022-01-29T00:00:00Z,2022-07-29T19:48:00Z,1,SAMEA12221263,1201713412,Illumina MiSeq,ERP134527,1201713412
ERR7959270,AMPLICON,499,29006717,PRJEB49980,SAMEA12221264,18222217,UNIVERSITY OF LUBECK,human,public,"fastq,run.zq,sra","gs,ncbi,s3","s3.us-east-1,gs.us-east1,ncbi.public",2022-01-28,2022-01-28,2022-01-28,2022-01-28,microbiome,ERX7526491,SAMEA12221264,University of Lubeck,University of Lubeck,2022-01-28T00:21:27Z,2022-01-28T00:21:27Z,public,Illumina MiSeq,microbiome,PAIRED,PCR,OTHER,Homo sapiens,ILLUMINA,2022-01-29T00:00:00Z,2022-07-28T11:58:00Z,1,SAMEA12221264,1201713413,Illumina MiSeq,ERP134527,1201713413
ERR7959271,AMPLICON,499,29285487,PRJEB49980,SAMEA12221265,17824248,UNIVERSITY OF LUBECK,human,public,"fastq,sra,run.zq","ncbi,s3,gs","ncbi.public,s3.us-east-1,gs.us-east1",2022-01-28,2022-01-28,2022-01-28,2022-01-28,microbiome,ERX7526492,SAMEA12221265,University of Lubeck,University of Lubeck,2022-01-28T00:21:27Z,2022-01-28T00:21:27Z,public,Illumina MiSeq,microbiome,PAIRED,PCR,OTHER,Homo sapiens,ILLUMINA,2022-01-29T00:00:00Z,2022-07-27T12:01:00Z,1,SAMEA12221265,1201713414,Illumina MiSeq,ERP134527,1201713414
ERR7959272,AMPLICON,499,25732700,PRJEB49980,SAMEA12221266,15923653,UNIVERSITY OF LUBECK,human,public,"run.zq,sra,fastq","s3,gs,ncbi","gs.us-east1,ncbi.public,s3.us-east-1",2022-01-28,2022-01-28,2022-01-28,2022-01-28,microbiome,ERX7526493,SAMEA12221266,University of Lubeck,University of Lubeck,2022-01-28T00:21:27Z,2022-01-28T00:21:27Z,public,Illumina MiSeq,microbiome,PAIRED,PCR,OTHER,Homo sapiens,ILLUMINA,2022-01-29T00:00:00Z,2022-07-14T21:59:00Z,1,SAMEA12221266,1201713415,Illumina MiSeq,ERP134527,1201713415
ERR7959273,AMPLICON,452,47202795,PRJEB49980,SAMEA12221267,25651667,UNIVERSITY OF LUBECK,human,public,"fastq,run.zq,sra","gs,ncbi,s3","s3.us-east-1,ncbi.public,gs.us-east1",2022-01-28,2022-01-28,2022-01-28,2022-01-28,microbiome,ERX7526494,SAMEA12221267,University of Lubeck,University of Lubeck,2022-01-28T00:21:27Z,2022-01-28T00:21:27Z,public,Illumina MiSeq,microbiome,PAIRED,PCR,OTHER,Homo sapiens,ILLUMINA,2022-01-29T00:00:00Z,2022-07-23T02:49:00Z,1,SAMEA12221267,1201713416,Illumina MiSeq,ERP134527,1201713416
ERR7959274,AMPLICON,551,17507887,PRJEB49980,SAMEA12221268,10440001,UNIVERSITY OF LUBECK,human,public,"fastq,sra,run.zq","gs,s3,ncbi","gs.us-east1,ncbi.public,s3.us-east-1",2022-01-28,2022-01-28,2022-01-28,2022-01-28,microbiome,ERX7526495,SAMEA12221268,University of Lubeck,University of Lubeck,2022-01-28T00:21:27Z,2022-01-28T00:21:27Z,public,Illumina MiSeq,microbiome,PAIRED,PCR,OTHER,Homo sapiens,ILLUMINA,2022-01-29T00:00:00Z,2022-07-27T12:00:00Z,1,SAMEA12221268,1201713417,Illumina MiSeq,ERP134527,1201713417
ERR7959275,AMPLICON,551,58901192,PRJEB49980,SAMEA12221269,34900280,UNIVERSITY OF LUBECK,human,public,"fastq,run.zq,sra","ncbi,gs,s3","gs.us-east1,ncbi.public,s3.us-east-1",2022-01-28,2022-01-28,2022-01-28,2022-01-28,microbiome,ERX7526496,SAMEA12221269,University of Lubeck,University of Lubeck,2022-01-28T00:21:27Z,2022-01-28T00:21:27Z,public,Illumina MiSeq,microbiome,PAIRED,PCR,OTHER,Homo sapiens,ILLUMINA,2022-01-29T00:00:00Z,2022-07-14T20:48:00Z,1,SAMEA12221269,1201713418,Illumina MiSeq,ERP134527,1201713418
ERR7959276,AMPLICON,551,16105711,PRJEB49980,SAMEA12221270,9542816,UNIVERSITY OF LUBECK,human,public,"run.zq,fastq,sra","gs,ncbi,s3","s3.us-east-1,gs.us-east1,ncbi.public",2022-01-28,2022-01-28,2022-01-28,2022-01-28,microbiome,ERX7526497,SAMEA12221270,University of Lubeck,University of Lubeck,2022-01-28T00:21:27Z,2022-01-28T00:21:27Z,public,Illumina MiSeq,microbiome,PAIRED,PCR,OTHER,Homo sapiens,ILLUMINA,2022-01-29T00:00:00Z,2022-07-19T19:32:00Z,1,SAMEA12221270,1201713419,Illumina MiSeq,ERP134527,1201713419
ERR7959277,AMPLICON,499,38749225,PRJEB49980,SAMEA12221271,23989371,UNIVERSITY OF LUBECK,human,public,"run.zq,sra,fastq","ncbi,gs,s3","ncbi.public,gs.us-east1,s3.us-east-1",2022-01-28,2022-01-28,2022-01-28,2022-01-28,microbiome,ERX7526498,SAMEA12221271,University of Lubeck,University of Lubeck,2022-01-28T00:21:27Z,2022-01-28T00:21:27Z,public,Illumina MiSeq,microbiome,PAIRED,PCR,OTHER,Homo sapiens,ILLUMINA,2022-01-29T00:00:00Z,2022-07-27T12:00:00Z,1,SAMEA12221271,1201713420,Illumina MiSeq,ERP134527,1201713420
ERR7959278,AMPLICON,499,39980472,PRJEB49980,SAMEA12221272,24559436,UNIVERSITY OF LUBECK,human,public,"sra,run.zq,fastq","ncbi,s3,gs","gs.us-east1,s3.us-east-1,ncbi.public",2022-01-28,2022-01-28,2022-01-28,2022-01-28,microbiome,ERX7526499,SAMEA12221272,University of Lubeck,University of Lubeck,2022-01-28T00:21:27Z,2022-01-28T00:21:27Z,public,Illumina MiSeq,microbiome,PAIRED,PCR,OTHER,Homo sapiens,ILLUMINA,2022-01-29T00:00:00Z,2022-07-13T08:05:00Z,1,SAMEA12221272,1201713421,Illumina MiSeq,ERP134527,1201713421
ERR7959279,AMPLICON,551,14101342,PRJEB49980,SAMEA12221273,8499384,UNIVERSITY OF LUBECK,human,public,"run.zq,sra,fastq","s3,ncbi,gs","ncbi.public,gs.us-east1,s3.us-east-1",2022-01-28,2022-01-28,2022-01-28,2022-01-28,microbiome,ERX7526500,SAMEA12221273,University of Lubeck,University of Lubeck,2022-01-28T00:21:27Z,2022-01-28T00:21:27Z,public,Illumina MiSeq,microbiome,PAIRED,PCR,OTHER,Homo sapiens,ILLUMINA,2022-01-29T00:00:00Z,2022-07-27T12:00:00Z,1,SAMEA12221273,1201713422,Illumina MiSeq,ERP134527,1201713422
ERR7959280,AMPLICON,499,38195979,PRJEB49980,SAMEA12221274,23815763,UNIVERSITY OF LUBECK,human,public,"run.zq,fastq,sra","ncbi,s3,gs","ncbi.public,gs.us-east1,s3.us-east-1",2022-01-28,2022-01-28,2022-01-28,2022-01-28,microbiome,ERX7526501,SAMEA12221274,University of Lubeck,University of Lubeck,2022-01-28T00:21:27Z,2022-01-28T00:21:27Z,public,Illumina MiSeq,microbiome,PAIRED,PCR,OTHER,Homo sapiens,ILLUMINA,2022-01-29T00:00:00Z,2022-07-27T12:00:00Z,1,SAMEA12221274,1201713423,Illumina MiSeq,ERP134527,1201713423
ERR7959281,AMPLICON,499,38550962,PRJEB49980,SAMEA12221275,23563568,UNIVERSITY OF LUBECK,human,public,"fastq,run.zq,sra","ncbi,gs,s3","gs.us-east1,ncbi.public,s3.us-east-1",2022-01-28,2022-01-28,2022-01-28,2022-01-28,microbiome,ERX7526502,SAMEA12221275,University of Lubeck,University of Lubeck,2022-01-28T00:21:27Z,2022-01-28T00:21:27Z,public,Illumina MiSeq,microbiome,PAIRED,PCR,OTHER,Homo sapiens,ILLUMINA,2022-01-29T00:00:00Z,2022-07-16T16:16:00Z,1,SAMEA12221275,1201713424,Illumina MiSeq,ERP134527,1201713424
ERR7959282,AMPLICON,499,45647115,PRJEB49980,SAMEA12221276,28579189,UNIVERSITY OF LUBECK,human,public,"run.zq,sra,fastq","s3,ncbi,gs","ncbi.public,s3.us-east-1,gs.us-east1",2022-01-28,2022-01-28,2022-01-28,2022-01-28,microbiome,ERX7526503,SAMEA12221276,University of Lubeck,University of Lubeck,2022-01-28T00:21:27Z,2022-01-28T00:21:27Z,public,Illumina MiSeq,microbiome,PAIRED,PCR,OTHER,Homo sapiens,ILLUMINA,2022-01-29T00:00:00Z,2022-07-20T19:09:00Z,1,SAMEA12221276,1201713425,Illumina MiSeq,ERP134527,1201713425
ERR7959283,AMPLICON,499,31180707,PRJEB49980,SAMEA12221277,19921008,UNIVERSITY OF LUBECK,human,public,"run.zq,fastq,sra","gs,s3,ncbi","ncbi.public,gs.us-east1,s3.us-east-1",2022-01-28,2022-01-28,2022-01-28,2022-01-28,microbiome,ERX7526504,SAMEA12221277,University of Lubeck,University of Lubeck,2022-01-28T00:21:27Z,2022-01-28T00:21:27Z,public,Illumina MiSeq,microbiome,PAIRED,PCR,OTHER,Homo sapiens,ILLUMINA,2022-01-29T00:00:00Z,2022-07-28T11:58:00Z,1,SAMEA12221277,1201713426,Illumina MiSeq,ERP134527,1201713426
ERR7959284,AMPLICON,499,33084982,PRJEB49980,SAMEA12221278,20598837,UNIVERSITY OF LUBECK,human,public,"sra,fastq,run.zq","gs,s3,ncbi","ncbi.public,gs.us-east1,s3.us-east-1",2022-01-28,2022-01-28,2022-01-28,2022-01-28,microbiome,ERX7526505,SAMEA12221278,University of Lubeck,University of Lubeck,2022-01-28T00:21:27Z,2022-01-28T00:21:27Z,public,Illumina MiSeq,microbiome,PAIRED,PCR,OTHER,Homo sapiens,ILLUMINA,2022-01-29T00:00:00Z,2022-07-19T18:32:00Z,1,SAMEA12221278,1201713427,Illumina MiSeq,ERP134527,1201713427
ERR7959285,AMPLICON,551,58483376,PRJEB49980,SAMEA12221279,34333713,UNIVERSITY OF LUBECK,human,public,"run.zq,sra,fastq","gs,ncbi,s3","ncbi.public,s3.us-east-1,gs.us-east1",2022-01-28,2022-01-28,2022-01-28,2022-01-28,microbiome,ERX7526506,SAMEA12221279,University of Lubeck,University of Lubeck,2022-01-28T00:21:27Z,2022-01-28T00:21:27Z,public,Illumina MiSeq,microbiome,PAIRED,PCR,OTHER,Homo sapiens,ILLUMINA,2022-01-29T00:00:00Z,2022-07-23T01:46:00Z,1,SAMEA12221279,1201713428,Illumina MiSeq,ERP134527,1201713428
ERR7959286,AMPLICON,499,30763363,PRJEB49980,SAMEA12221280,19463684,UNIVERSITY OF LUBECK,human,public,"fastq,sra,run.zq","ncbi,s3,gs","ncbi.public,s3.us-east-1,gs.us-east1",2022-01-28,2022-01-28,2022-01-28,2022-01-28,microbiome,ERX7526507,SAMEA12221280,University of Lubeck,University of Lubeck,2022-01-28T00:21:27Z,2022-01-28T00:21:27Z,public,Illumina MiSeq,microbiome,PAIRED,PCR,OTHER,Homo sapiens,ILLUMINA,2022-01-29T00:00:00Z,2022-07-27T12:00:00Z,1,SAMEA12221280,1201713429,Illumina MiSeq,ERP134527,1201713429
ERR7959287,AMPLICON,499,51505172,PRJEB49980,SAMEA12221281,31666076,UNIVERSITY OF LUBECK,human,public,"fastq,sra,run.zq","ncbi,s3,gs","ncbi.public,s3.us-east-1,gs.us-east1",2022-01-28,2022-01-28,2022-01-28,2022-01-28,microbiome,ERX7526508,SAMEA12221281,University of Lubeck,University of Lubeck,2022-01-28T00:21:27Z,2022-01-28T00:21:27Z,public,Illumina MiSeq,microbiome,PAIRED,PCR,OTHER,Homo sapiens,ILLUMINA,2022-01-29T00:00:00Z,2022-07-27T12:02:00Z,1,SAMEA12221281,1201713430,Illumina MiSeq,ERP134527,1201713430
ERR7959288,AMPLICON,499,42204717,PRJEB49980,SAMEA12221282,25770182,UNIVERSITY OF LUBECK,human,public,"fastq,run.zq,sra","s3,gs,ncbi","gs.us-east1,s3.us-east-1,ncbi.public",2022-01-28,2022-01-28,2022-01-28,2022-01-28,microbiome,ERX7526509,SAMEA12221282,University of Lubeck,University of Lubeck,2022-01-28T00:21:27Z,2022-01-28T00:21:27Z,public,Illumina MiSeq,microbiome,PAIRED,PCR,OTHER,Homo sapiens,ILLUMINA,2022-01-29T00:00:00Z,2022-07-27T12:01:00Z,1,SAMEA12221282,1201713431,Illumina MiSeq,ERP134527,1201713431
ERR7959289,AMPLICON,499,32802555,PRJEB49980,SAMEA12221283,20868107,UNIVERSITY OF LUBECK,human,public,"run.zq,fastq,sra","ncbi,s3,gs","ncbi.public,gs.us-east1,s3.us-east-1",2022-01-28,2022-01-28,2022-01-28,2022-01-28,microbiome,ERX7526510,SAMEA12221283,University of Lubeck,University of Lubeck,2022-01-28T00:21:27Z,2022-01-28T00:21:27Z,public,Illumina MiSeq,microbiome,PAIRED,PCR,OTHER,Homo sapiens,ILLUMINA,2022-01-29T00:00:00Z,2022-07-20T01:30:00Z,1,SAMEA12221283,1201713432,Illumina MiSeq,ERP134527,1201713432
ERR7959290,AMPLICON,499,51392715,PRJEB49980,SAMEA12221284,31331270,UNIVERSITY OF LUBECK,human,public,"run.zq,sra,fastq","ncbi,gs,s3","gs.us-east1,ncbi.public,s3.us-east-1",2022-01-28,2022-01-28,2022-01-28,2022-01-28,microbiome,ERX7526511,SAMEA12221284,University of Lubeck,University of Lubeck,2022-01-28T00:21:27Z,2022-01-28T00:21:27Z,public,Illumina MiSeq,microbiome,PAIRED,PCR,OTHER,Homo sapiens,ILLUMINA,2022-01-29T00:00:00Z,2022-07-19T19:32:00Z,1,SAMEA12221284,1201713433,Illumina MiSeq,ERP134527,1201713433
ERR7959291,AMPLICON,551,19831375,PRJEB49980,SAMEA12221285,12070211,UNIVERSITY OF LUBECK,human,public,"fastq,sra,run.zq","s3,gs,ncbi","gs.us-east1,s3.us-east-1,ncbi.public",2022-01-28,2022-01-28,2022-01-28,2022-01-28,microbiome,ERX7526512,SAMEA12221285,University of Lubeck,University of Lubeck,2022-01-28T00:21:27Z,2022-01-28T00:21:27Z,public,Illumina MiSeq,microbiome,PAIRED,PCR,OTHER,Homo sapiens,ILLUMINA,2022-01-29T00:00:00Z,2022-07-27T11:58:00Z,1,SAMEA12221285,1201713434,Illumina MiSeq,ERP134527,1201713434
ERR7959292,AMPLICON,499,34547316,PRJEB49980,SAMEA12221286,21307859,UNIVERSITY OF LUBECK,human,public,"run.zq,fastq,sra","ncbi,s3,gs","gs.us-east1,ncbi.public,s3.us-east-1",2022-01-28,2022-01-28,2022-01-28,2022-01-28,microbiome,ERX7526513,SAMEA12221286,University of Lubeck,University of Lubeck,2022-01-28T00:21:27Z,2022-01-28T00:21:27Z,public,Illumina MiSeq,microbiome,PAIRED,PCR,OTHER,Homo sapiens,ILLUMINA,2022-01-29T00:00:00Z,2022-07-14T08:00:00Z,1,SAMEA12221286,1201713435,Illumina MiSeq,ERP134527,1201713435
ERR7959293,AMPLICON,499,23790598,PRJEB49980,SAMEA12221287,15115784,UNIVERSITY OF LUBECK,human,public,"fastq,run.zq,sra","s3,ncbi,gs","ncbi.public,s3.us-east-1,gs.us-east1",2022-01-28,2022-01-28,2022-01-28,2022-01-28,microbiome,ERX7526514,SAMEA12221287,University of Lubeck,University of Lubeck,2022-01-28T00:21:27Z,2022-01-28T00:21:27Z,public,Illumina MiSeq,microbiome,PAIRED,PCR,OTHER,Homo sapiens,ILLUMINA,2022-01-29T00:00:00Z,2022-07-19T21:50:00Z,1,SAMEA12221287,1201713436,Illumina MiSeq,ERP134527,1201713436
ERR7959294,AMPLICON,551,61380381,PRJEB49980,SAMEA12221288,36854153,UNIVERSITY OF LUBECK,human,public,"sra,fastq,run.zq","gs,ncbi,s3","gs.us-east1,s3.us-east-1,ncbi.public",2022-01-28,2022-01-28,2022-01-28,2022-01-28,microbiome,ERX7526515,SAMEA12221288,University of Lubeck,University of Lubeck,2022-01-28T00:21:27Z,2022-01-28T00:21:27Z,public,Illumina MiSeq,microbiome,PAIRED,PCR,OTHER,Homo sapiens,ILLUMINA,2022-01-29T00:00:00Z,2022-07-27T12:00:00Z,1,SAMEA12221288,1201713437,Illumina MiSeq,ERP134527,1201713437
ERR7959295,AMPLICON,499,31445775,PRJEB49980,SAMEA12221289,19823629,UNIVERSITY OF LUBECK,human,public,"fastq,run.zq,sra","s3,gs,ncbi","s3.us-east-1,gs.us-east1,ncbi.public",2022-01-28,2022-01-28,2022-01-28,2022-01-28,microbiome,ERX7526516,SAMEA12221289,University of Lubeck,University of Lubeck,2022-01-28T00:21:27Z,2022-01-28T00:21:27Z,public,Illumina MiSeq,microbiome,PAIRED,PCR,OTHER,Homo sapiens,ILLUMINA,2022-01-29T00:00:00Z,2022-07-29T21:57:00Z,1,SAMEA12221289,1201713438,Illumina MiSeq,ERP134527,1201713438
ERR7959296,AMPLICON,499,34660161,PRJEB49980,SAMEA12221290,21863927,UNIVERSITY OF LUBECK,human,public,"fastq,sra,run.zq","gs,ncbi,s3","ncbi.public,gs.us-east1,s3.us-east-1",2022-01-28,2022-01-28,2022-01-28,2022-01-28,microbiome,ERX7526517,SAMEA12221290,University of Lubeck,University of Lubeck,2022-01-28T00:21:26Z,2022-01-28T00:21:26Z,public,Illumina MiSeq,microbiome,PAIRED,PCR,OTHER,Homo sapiens,ILLUMINA,2022-01-29T00:00:00Z,2022-07-22T01:38:00Z,1,SAMEA12221290,1201713439,Illumina MiSeq,ERP134527,1201713439
ERR7959297,AMPLICON,499,35360558,PRJEB49980,SAMEA12221291,21984452,UNIVERSITY OF LUBECK,human,public,"fastq,sra,run.zq","gs,s3,ncbi","s3.us-east-1,gs.us-east1,ncbi.public",2022-01-28,2022-01-28,2022-01-28,2022-01-28,microbiome,ERX7526518,SAMEA12221291,University of Lubeck,University of Lubeck,2022-01-28T00:21:26Z,2022-01-28T00:21:26Z,public,Illumina MiSeq,microbiome,PAIRED,PCR,OTHER,Homo sapiens,ILLUMINA,2022-01-29T00:00:00Z,2022-07-28T11:58:00Z,1,SAMEA12221291,1201713440,Illumina MiSeq,ERP134527,1201713440
ERR7959298,AMPLICON,499,38411728,PRJEB49980,SAMEA12221292,23819661,UNIVERSITY OF LUBECK,human,public,"run.zq,fastq,sra","gs,s3,ncbi","ncbi.public,gs.us-east1,s3.us-east-1",2022-01-28,2022-01-28,2022-01-28,2022-01-28,microbiome,ERX7526519,SAMEA12221292,University of Lubeck,University of Lubeck,2022-01-28T00:21:26Z,2022-01-28T00:21:26Z,public,Illumina MiSeq,microbiome,PAIRED,PCR,OTHER,Homo sapiens,ILLUMINA,2022-01-29T00:00:00Z,2022-07-12T21:22:00Z,1,SAMEA12221292,1201713441,Illumina MiSeq,ERP134527,1201713441
ERR7959299,AMPLICON,499,36551065,PRJEB49980,SAMEA12221293,22313915,UNIVERSITY OF LUBECK,human,public,"run.zq,fastq,sra","gs,s3,ncbi","gs.us-east1,ncbi.public,s3.us-east-1",2022-01-28,2022-01-28,2022-01-28,2022-01-28,microbiome,ERX7526520,SAMEA12221293,University of Lubeck,University of Lubeck,2022-01-28T00:21:26Z,2022-01-28T00:21:26Z,public,Illumina MiSeq,microbiome,PAIRED,PCR,OTHER,Homo sapiens,ILLUMINA,2022-01-29T00:00:00Z,2022-07-21T00:23:00Z,1,SAMEA12221293,1201713442,Illumina MiSeq,ERP134527,1201713442
ERR7959300,AMPLICON,551,65592623,PRJEB49980,SAMEA12221294,38881630,UNIVERSITY OF LUBECK,human,public,"run.zq,fastq,sra","s3,gs,ncbi","gs.us-east1,s3.us-east-1,ncbi.public",2022-01-28,2022-01-28,2022-01-28,2022-01-28,microbiome,ERX7526521,SAMEA12221294,University of Lubeck,University of Lubeck,2022-01-28T00:21:26Z,2022-01-28T00:21:26Z,public,Illumina MiSeq,microbiome,PAIRED,PCR,OTHER,Homo sapiens,ILLUMINA,2022-01-29T00:00:00Z,2022-07-22T06:19:00Z,1,SAMEA12221294,1201713443,Illumina MiSeq,ERP134527,1201713443
ERR7959301,AMPLICON,499,31770002,PRJEB49980,SAMEA12221295,20013877,UNIVERSITY OF LUBECK,human,public,"fastq,sra,run.zq","s3,gs,ncbi","gs.us-east1,s3.us-east-1,ncbi.public",2022-01-28,2022-01-28,2022-01-28,2022-01-28,microbiome,ERX7526522,SAMEA12221295,University of Lubeck,University of Lubeck,2022-01-28T00:21:26Z,2022-01-28T00:21:26Z,public,Illumina MiSeq,microbiome,PAIRED,PCR,OTHER,Homo sapiens,ILLUMINA,2022-01-29T00:00:00Z,2022-07-16T15:20:00Z,1,SAMEA12221295,1201713444,Illumina MiSeq,ERP134527,1201713444
ERR7959302,AMPLICON,499,26174835,PRJEB49980,SAMEA12221296,15899959,UNIVERSITY OF LUBECK,human,public,"fastq,run.zq,sra","gs,s3,ncbi","s3.us-east-1,ncbi.public,gs.us-east1",2022-01-28,2022-01-28,2022-01-28,2022-01-28,microbiome,ERX7526523,SAMEA12221296,University of Lubeck,University of Lubeck,2022-01-28T00:21:26Z,2022-01-28T00:21:26Z,public,Illumina MiSeq,microbiome,PAIRED,PCR,OTHER,Homo sapiens,ILLUMINA,2022-01-29T00:00:00Z,2022-07-21T16:12:00Z,1,SAMEA12221296,1201713445,Illumina MiSeq,ERP134527,1201713445
ERR7959303,AMPLICON,551,31516217,PRJEB49980,SAMEA12221297,18697803,UNIVERSITY OF LUBECK,human,public,"run.zq,sra,fastq","s3,gs,ncbi","gs.us-east1,ncbi.public,s3.us-east-1",2022-01-28,2022-01-28,2022-01-28,2022-01-28,microbiome,ERX7526524,SAMEA12221297,University of Lubeck,University of Lubeck,2022-01-28T00:21:26Z,2022-01-28T00:21:26Z,public,Illumina MiSeq,microbiome,PAIRED,PCR,OTHER,Homo sapiens,ILLUMINA,2022-01-29T00:00:00Z,2022-07-27T12:01:00Z,1,SAMEA12221297,1201713446,Illumina MiSeq,ERP134527,1201713446
ERR7959304,AMPLICON,551,65998898,PRJEB49980,SAMEA12221298,38718865,UNIVERSITY OF LUBECK,human,public,"sra,run.zq,fastq","ncbi,gs,s3","s3.us-east-1,ncbi.public,gs.us-east1",2022-01-28,2022-01-28,2022-01-28,2022-01-28,microbiome,ERX7526525,SAMEA12221298,University of Lubeck,University of Lubeck,2022-01-28T00:21:26Z,2022-01-28T00:21:26Z,public,Illumina MiSeq,microbiome,PAIRED,PCR,OTHER,Homo sapiens,ILLUMINA,2022-01-29T00:00:00Z,2022-07-17T20:12:00Z,1,SAMEA12221298,1201713447,Illumina MiSeq,ERP134527,1201713447
ERR7959305,AMPLICON,499,19292131,PRJEB49980,SAMEA12221299,12210268,UNIVERSITY OF LUBECK,human,public,"sra,fastq,run.zq","ncbi,gs,s3","ncbi.public,s3.us-east-1,gs.us-east1",2022-01-28,2022-01-28,2022-01-28,2022-01-28,microbiome,ERX7526526,SAMEA12221299,University of Lubeck,University of Lubeck,2022-01-28T00:21:26Z,2022-01-28T00:21:26Z,public,Illumina MiSeq,microbiome,PAIRED,PCR,OTHER,Homo sapiens,ILLUMINA,2022-01-29T00:00:00Z,2022-07-27T12:00:00Z,1,SAMEA12221299,1201713448,Illumina MiSeq,ERP134527,1201713448
ERR7959306,AMPLICON,499,32403113,PRJEB49980,SAMEA12221300,20674281,UNIVERSITY OF LUBECK,human,public,"run.zq,fastq,sra","ncbi,s3,gs","s3.us-east-1,ncbi.public,gs.us-east1",2022-01-28,2022-01-28,2022-01-28,2022-01-28,microbiome,ERX7526527,SAMEA12221300,University of Lubeck,University of Lubeck,2022-01-28T00:21:26Z,2022-01-28T00:21:26Z,public,Illumina MiSeq,microbiome,PAIRED,PCR,OTHER,Homo sapiens,ILLUMINA,2022-01-29T00:00:00Z,2022-07-27T12:02:00Z,1,SAMEA12221300,1201713449,Illumina MiSeq,ERP134527,1201713449
ERR7959307,AMPLICON,499,36956131,PRJEB49980,SAMEA12221301,22621735,UNIVERSITY OF LUBECK,human,public,"fastq,run.zq,sra","gs,s3,ncbi","s3.us-east-1,ncbi.public,gs.us-east1",2022-01-28,2022-01-28,2022-01-28,2022-01-28,microbiome,ERX7526528,SAMEA12221301,University of Lubeck,University of Lubeck,2022-01-28T00:21:26Z,2022-01-28T00:21:26Z,public,Illumina MiSeq,microbiome,PAIRED,PCR,OTHER,Homo sapiens,ILLUMINA,2022-01-29T00:00:00Z,2022-07-19T21:50:00Z,1,SAMEA12221301,1201713450,Illumina MiSeq,ERP134527,1201713450
ERR7959308,AMPLICON,499,37758411,PRJEB49980,SAMEA12221302,23311760,UNIVERSITY OF LUBECK,human,public,"run.zq,fastq,sra","gs,s3,ncbi","s3.us-east-1,gs.us-east1,ncbi.public",2022-01-28,2022-01-28,2022-01-28,2022-01-28,microbiome,ERX7526529,SAMEA12221302,University of Lubeck,University of Lubeck,2022-01-28T00:21:26Z,2022-01-28T00:21:26Z,public,Illumina MiSeq,microbiome,PAIRED,PCR,OTHER,Homo sapiens,ILLUMINA,2022-01-29T00:00:00Z,2022-07-27T12:00:00Z,1,SAMEA12221302,1201713451,Illumina MiSeq,ERP134527,1201713451
ERR7959309,AMPLICON,551,40370775,PRJEB49980,SAMEA12221303,24022689,UNIVERSITY OF LUBECK,human,public,"fastq,sra,run.zq","ncbi,gs,s3","s3.us-east-1,gs.us-east1,ncbi.public",2022-01-28,2022-01-28,2022-01-28,2022-01-28,microbiome,ERX7526530,SAMEA12221303,University of Lubeck,University of Lubeck,2022-01-28T00:21:26Z,2022-01-28T00:21:26Z,public,Illumina MiSeq,microbiome,PAIRED,PCR,OTHER,Homo sapiens,ILLUMINA,2022-01-29T00:00:00Z,2022-07-14T20:48:00Z,1,SAMEA12221303,1201713452,Illumina MiSeq,ERP134527,1201713452
ERR7959310,AMPLICON,551,43472110,PRJEB49980,SAMEA12221304,26597559,UNIVERSITY OF LUBECK,human,public,"run.zq,fastq,sra","ncbi,s3,gs","s3.us-east-1,ncbi.public,gs.us-east1",2022-01-28,2022-01-28,2022-01-28,2022-01-28,microbiome,ERX7526531,SAMEA12221304,University of Lubeck,University of Lubeck,2022-01-28T00:21:26Z,2022-01-28T00:21:26Z,public,Illumina MiSeq,microbiome,PAIRED,PCR,OTHER,Homo sapiens,ILLUMINA,2022-01-29T00:00:00Z,2022-07-19T21:50:00Z,1,SAMEA12221304,1201713453,Illumina MiSeq,ERP134527,1201713453
ERR7959311,AMPLICON,499,34862570,PRJEB49980,SAMEA12221305,21505293,UNIVERSITY OF LUBECK,human,public,"run.zq,fastq,sra","gs,ncbi,s3","gs.us-east1,s3.us-east-1,ncbi.public",2022-01-28,2022-01-28,2022-01-28,2022-01-28,microbiome,ERX7526532,SAMEA12221305,University of Lubeck,University of Lubeck,2022-01-28T00:21:26Z,2022-01-28T00:21:26Z,public,Illumina MiSeq,microbiome,PAIRED,PCR,OTHER,Homo sapiens,ILLUMINA,2022-01-29T00:00:00Z,2022-07-27T12:00:00Z,1,SAMEA12221305,1201713454,Illumina MiSeq,ERP134527,1201713454
ERR7959312,AMPLICON,551,20395035,PRJEB49980,SAMEA12221306,11964426,UNIVERSITY OF LUBECK,human,public,"fastq,sra,run.zq","s3,ncbi,gs","gs.us-east1,ncbi.public,s3.us-east-1",2022-01-28,2022-01-28,2022-01-28,2022-01-28,microbiome,ERX7526533,SAMEA12221306,University of Lubeck,University of Lubeck,2022-01-28T00:21:26Z,2022-01-28T00:21:26Z,public,Illumina MiSeq,microbiome,PAIRED,PCR,OTHER,Homo sapiens,ILLUMINA,2022-01-29T00:00:00Z,2022-07-14T23:04:00Z,1,SAMEA12221306,1201713455,Illumina MiSeq,ERP134527,1201713455
ERR7959313,AMPLICON,551,48450440,PRJEB49980,SAMEA12221307,29142984,UNIVERSITY OF LUBECK,human,public,"run.zq,sra,fastq","s3,ncbi,gs","ncbi.public,s3.us-east-1,gs.us-east1",2022-01-28,2022-01-28,2022-01-28,2022-01-28,microbiome,ERX7526534,SAMEA12221307,University of Lubeck,University of Lubeck,2022-01-28T00:21:26Z,2022-01-28T00:21:26Z,public,Illumina MiSeq,microbiome,PAIRED,PCR,OTHER,Homo sapiens,ILLUMINA,2022-01-29T00:00:00Z,2022-07-16T11:16:00Z,1,SAMEA12221307,1201713456,Illumina MiSeq,ERP134527,1201713456
ERR7959314,AMPLICON,499,34838841,PRJEB49980,SAMEA12221308,22267202,UNIVERSITY OF LUBECK,human,public,"run.zq,sra,fastq","gs,s3,ncbi","gs.us-east1,s3.us-east-1,ncbi.public",2022-01-28,2022-01-28,2022-01-28,2022-01-28,microbiome,ERX7526535,SAMEA12221308,University of Lubeck,University of Lubeck,2022-01-28T00:21:26Z,2022-01-28T00:21:26Z,public,Illumina MiSeq,microbiome,PAIRED,PCR,OTHER,Homo sapiens,ILLUMINA,2022-01-29T00:00:00Z,2022-07-27T12:02:00Z,1,SAMEA12221308,1201713457,Illumina MiSeq,ERP134527,1201713457
ERR7959315,AMPLICON,499,41886441,PRJEB49980,SAMEA12221309,25596697,UNIVERSITY OF LUBECK,human,public,"sra,run.zq,fastq","gs,s3,ncbi","s3.us-east-1,ncbi.public,gs.us-east1",2022-01-28,2022-01-28,2022-01-28,2022-01-28,microbiome,ERX7526536,SAMEA12221309,University of Lubeck,University of Lubeck,2022-01-28T00:21:26Z,2022-01-28T00:21:26Z,public,Illumina MiSeq,microbiome,PAIRED,PCR,OTHER,Homo sapiens,ILLUMINA,2022-01-29T00:00:00Z,2022-07-27T12:00:00Z,1,SAMEA12221309,1201713458,Illumina MiSeq,ERP134527,1201713458
ERR7959316,AMPLICON,499,37283153,PRJEB49980,SAMEA12221310,22888502,UNIVERSITY OF LUBECK,human,public,"fastq,sra,run.zq","ncbi,gs,s3","ncbi.public,s3.us-east-1,gs.us-east1",2022-01-28,2022-01-28,2022-01-28,2022-01-28,microbiome,ERX7526537,SAMEA12221310,University of Lubeck,University of Lubeck,2022-01-28T00:21:26Z,2022-01-28T00:21:26Z,public,Illumina MiSeq,microbiome,PAIRED,PCR,OTHER,Homo sapiens,ILLUMINA,2022-01-29T00:00:00Z,2022-07-19T18:32:00Z,1,SAMEA12221310,1201713459,Illumina MiSeq,ERP134527,1201713459
ERR7959317,AMPLICON,499,40397995,PRJEB49980,SAMEA12221311,24950453,UNIVERSITY OF LUBECK,human,public,"run.zq,fastq,sra","s3,gs,ncbi","gs.us-east1,s3.us-east-1,ncbi.public",2022-01-28,2022-01-28,2022-01-28,2022-01-28,microbiome,ERX7526538,SAMEA12221311,University of Lubeck,University of Lubeck,2022-01-28T00:21:26Z,2022-01-28T00:21:26Z,public,Illumina MiSeq,microbiome,PAIRED,PCR,OTHER,Homo sapiens,ILLUMINA,2022-01-29T00:00:00Z,2022-07-27T12:00:00Z,1,SAMEA12221311,1201713460,Illumina MiSeq,ERP134527,1201713460
ERR7959318,AMPLICON,551,40960304,PRJEB49980,SAMEA12221312,24318292,UNIVERSITY OF LUBECK,human,public,"fastq,sra,run.zq","s3,ncbi,gs","s3.us-east-1,ncbi.public,gs.us-east1",2022-01-28,2022-01-28,2022-01-28,2022-01-28,microbiome,ERX7526539,SAMEA12221312,University of Lubeck,University of Lubeck,2022-01-28T00:21:26Z,2022-01-28T00:21:26Z,public,Illumina MiSeq,microbiome,PAIRED,PCR,OTHER,Homo sapiens,ILLUMINA,2022-01-29T00:00:00Z,2022-07-20T12:08:00Z,1,SAMEA12221312,1201713461,Illumina MiSeq,ERP134527,1201713461
ERR7959319,AMPLICON,499,37894085,PRJEB49980,SAMEA12221313,23363371,UNIVERSITY OF LUBECK,human,public,"run.zq,fastq,sra","gs,ncbi,s3","s3.us-east-1,gs.us-east1,ncbi.public",2022-01-28,2022-01-28,2022-01-28,2022-01-28,microbiome,ERX7526540,SAMEA12221313,University of Lubeck,University of Lubeck,2022-01-28T00:21:26Z,2022-01-28T00:21:26Z,public,Illumina MiSeq,microbiome,PAIRED,PCR,OTHER,Homo sapiens,ILLUMINA,2022-01-29T00:00:00Z,2022-07-31T23:39:00Z,1,SAMEA12221313,1201713462,Illumina MiSeq,ERP134527,1201713462
ERR7959320,AMPLICON,499,27405981,PRJEB49980,SAMEA12221314,17034836,UNIVERSITY OF LUBECK,human,public,"fastq,sra,run.zq","gs,ncbi,s3","gs.us-east1,s3.us-east-1,ncbi.public",2022-01-28,2022-01-28,2022-01-28,2022-01-28,microbiome,ERX7526541,SAMEA12221314,University of Lubeck,University of Lubeck,2022-01-28T00:21:26Z,2022-01-28T00:21:26Z,public,Illumina MiSeq,microbiome,PAIRED,PCR,OTHER,Homo sapiens,ILLUMINA,2022-01-29T00:00:00Z,2022-07-21T08:48:00Z,1,SAMEA12221314,1201713463,Illumina MiSeq,ERP134527,1201713463
ERR7959321,AMPLICON,499,26148171,PRJEB49980,SAMEA12221315,16445573,UNIVERSITY OF LUBECK,human,public,"fastq,sra,run.zq","gs,s3,ncbi","gs.us-east1,ncbi.public,s3.us-east-1",2022-01-28,2022-01-28,2022-01-28,2022-01-28,microbiome,ERX7526542,SAMEA12221315,University of Lubeck,University of Lubeck,2022-01-28T00:21:27Z,2022-01-28T00:21:27Z,public,Illumina MiSeq,microbiome,PAIRED,PCR,OTHER,Homo sapiens,ILLUMINA,2022-01-29T00:00:00Z,2022-07-20T01:31:00Z,1,SAMEA12221315,1201713464,Illumina MiSeq,ERP134527,1201713464
ERR7959322,AMPLICON,451,36003815,PRJEB49980,SAMEA12221316,19347809,UNIVERSITY OF LUBECK,human,public,"run.zq,fastq,sra","gs,ncbi,s3","ncbi.public,gs.us-east1,s3.us-east-1",2022-01-28,2022-01-28,2022-01-28,2022-01-28,microbiome,ERX7526543,SAMEA12221316,University of Lubeck,University of Lubeck,2022-01-28T00:21:27Z,2022-01-28T00:21:27Z,public,Illumina MiSeq,microbiome,PAIRED,PCR,OTHER,Homo sapiens,ILLUMINA,2022-01-29T00:00:00Z,2022-07-19T19:32:00Z,1,SAMEA12221316,1201713465,Illumina MiSeq,ERP134527,1201713465
ERR7959323,AMPLICON,551,37795829,PRJEB49980,SAMEA12221317,22020912,UNIVERSITY OF LUBECK,human,public,"sra,run.zq,fastq","gs,s3,ncbi","s3.us-east-1,gs.us-east1,ncbi.public",2022-01-28,2022-01-28,2022-01-28,2022-01-28,microbiome,ERX7526544,SAMEA12221317,University of Lubeck,University of Lubeck,2022-01-28T00:21:27Z,2022-01-28T00:21:27Z,public,Illumina MiSeq,microbiome,PAIRED,PCR,OTHER,Homo sapiens,ILLUMINA,2022-01-29T00:00:00Z,2022-07-27T12:01:00Z,1,SAMEA12221317,1201713466,Illumina MiSeq,ERP134527,1201713466
ERR7959324,AMPLICON,499,34815150,PRJEB49980,SAMEA12221318,21442756,UNIVERSITY OF LUBECK,human,public,"sra,fastq,run.zq","ncbi,s3,gs","gs.us-east1,ncbi.public,s3.us-east-1",2022-01-28,2022-01-28,2022-01-28,2022-01-28,microbiome,ERX7526545,SAMEA12221318,University of Lubeck,University of Lubeck,2022-01-28T00:21:27Z,2022-01-28T00:21:27Z,public,Illumina MiSeq,microbiome,PAIRED,PCR,OTHER,Homo sapiens,ILLUMINA,2022-01-29T00:00:00Z,2022-07-21T10:55:00Z,1,SAMEA12221318,1201713467,Illumina MiSeq,ERP134527,1201713467
ERR7959325,AMPLICON,551,41849748,PRJEB49980,SAMEA12221319,25049621,UNIVERSITY OF LUBECK,human,public,"run.zq,fastq,sra","s3,ncbi,gs","ncbi.public,s3.us-east-1,gs.us-east1",2022-01-28,2022-01-28,2022-01-28,2022-01-28,microbiome,ERX7526546,SAMEA12221319,University of Lubeck,University of Lubeck,2022-01-28T00:21:27Z,2022-01-28T00:21:27Z,public,Illumina MiSeq,microbiome,PAIRED,PCR,OTHER,Homo sapiens,ILLUMINA,2022-01-29T00:00:00Z,2022-07-27T12:01:00Z,1,SAMEA12221319,1201713468,Illumina MiSeq,ERP134527,1201713468
ERR7959326,AMPLICON,499,27357520,PRJEB49980,SAMEA12221320,17308120,UNIVERSITY OF LUBECK,human,public,"run.zq,fastq,sra","s3,gs,ncbi","gs.us-east1,s3.us-east-1,ncbi.public",2022-01-28,2022-01-28,2022-01-28,2022-01-28,microbiome,ERX7526547,SAMEA12221320,University of Lubeck,University of Lubeck,2022-01-28T00:21:27Z,2022-01-28T00:21:27Z,public,Illumina MiSeq,microbiome,PAIRED,PCR,OTHER,Homo sapiens,ILLUMINA,2022-01-29T00:00:00Z,2022-07-27T12:00:00Z,1,SAMEA12221320,1201713470,Illumina MiSeq,ERP134527,1201713470
ERR7959327,AMPLICON,499,61863831,PRJEB49980,SAMEA12221321,37450113,UNIVERSITY OF LUBECK,human,public,"fastq,sra,run.zq","gs,s3,ncbi","ncbi.public,gs.us-east1,s3.us-east-1",2022-01-28,2022-01-28,2022-01-28,2022-01-28,microbiome,ERX7526548,SAMEA12221321,University of Lubeck,University of Lubeck,2022-01-28T00:21:27Z,2022-01-28T00:21:27Z,public,Illumina MiSeq,microbiome,PAIRED,PCR,OTHER,Homo sapiens,ILLUMINA,2022-01-29T00:00:00Z,2022-07-27T12:02:00Z,1,SAMEA12221321,1201713471,Illumina MiSeq,ERP134527,1201713471
ERR7959328,AMPLICON,499,29163157,PRJEB49980,SAMEA12221322,18227123,UNIVERSITY OF LUBECK,human,public,"sra,run.zq,fastq","s3,gs,ncbi","gs.us-east1,s3.us-east-1,ncbi.public",2022-01-28,2022-01-28,2022-01-28,2022-01-28,microbiome,ERX7526549,SAMEA12221322,University of Lubeck,University of Lubeck,2022-01-28T00:21:27Z,2022-01-28T00:21:27Z,public,Illumina MiSeq,microbiome,PAIRED,PCR,OTHER,Homo sapiens,ILLUMINA,2022-01-29T00:00:00Z,2022-07-22T18:51:00Z,1,SAMEA12221322,1201713472,Illumina MiSeq,ERP134527,1201713472
ERR7959329,AMPLICON,499,33874079,PRJEB49980,SAMEA12221323,20644760,UNIVERSITY OF LUBECK,human,public,"fastq,sra,run.zq","gs,ncbi,s3","gs.us-east1,s3.us-east-1,ncbi.public",2022-01-28,2022-01-28,2022-01-28,2022-01-28,microbiome,ERX7526550,SAMEA12221323,University of Lubeck,University of Lubeck,2022-01-28T00:21:27Z,2022-01-28T00:21:27Z,public,Illumina MiSeq,microbiome,PAIRED,PCR,OTHER,Homo sapiens,ILLUMINA,2022-01-29T00:00:00Z,2022-07-29T17:48:00Z,1,SAMEA12221323,1201713473,Illumina MiSeq,ERP134527,1201713473
ERR7959330,AMPLICON,499,29031418,PRJEB49980,SAMEA12221324,18142740,UNIVERSITY OF LUBECK,human,public,"run.zq,sra,fastq","ncbi,gs,s3","gs.us-east1,ncbi.public,s3.us-east-1",2022-01-28,2022-01-28,2022-01-28,2022-01-28,microbiome,ERX7526551,SAMEA12221324,University of Lubeck,University of Lubeck,2022-01-28T00:21:27Z,2022-01-28T00:21:27Z,public,Illumina MiSeq,microbiome,PAIRED,PCR,OTHER,Homo sapiens,ILLUMINA,2022-01-29T00:00:00Z,2022-07-21T19:09:00Z,1,SAMEA12221324,1201713474,Illumina MiSeq,ERP134527,1201713474
ERR7959331,AMPLICON,499,40877233,PRJEB49980,SAMEA12221325,25969446,UNIVERSITY OF LUBECK,human,public,"sra,run.zq,fastq","s3,gs,ncbi","s3.us-east-1,ncbi.public,gs.us-east1",2022-01-28,2022-01-28,2022-01-31,2022-01-28,microbiome,ERX7526552,SAMEA12221325,University of Lubeck,University of Lubeck,2022-01-28T00:21:27Z,2022-01-28T00:21:27Z,public,Illumina MiSeq,microbiome,PAIRED,PCR,OTHER,Homo sapiens,ILLUMINA,2022-01-29T00:00:00Z,2022-03-12T01:29:00Z,1,SAMEA12221325,1201713475,Illumina MiSeq,ERP134527,1201713475
ERR7959332,AMPLICON,551,68163950,PRJEB49980,SAMEA12221326,40467716,UNIVERSITY OF LUBECK,human,public,"fastq,run.zq,sra","s3,ncbi,gs","ncbi.public,gs.us-east1,s3.us-east-1",2022-01-28,2022-01-28,2022-01-28,2022-01-28,microbiome,ERX7526553,SAMEA12221326,University of Lubeck,University of Lubeck,2022-01-28T00:21:27Z,2022-01-28T00:21:27Z,public,Illumina MiSeq,microbiome,PAIRED,PCR,OTHER,Homo sapiens,ILLUMINA,2022-01-29T00:00:00Z,2022-07-17T21:16:00Z,1,SAMEA12221326,1201713476,Illumina MiSeq,ERP134527,1201713476
ERR7959333,AMPLICON,499,43568072,PRJEB49980,SAMEA12221327,26814486,UNIVERSITY OF LUBECK,human,public,"run.zq,sra,fastq","gs,ncbi,s3","gs.us-east1,ncbi.public,s3.us-east-1",2022-01-28,2022-01-28,2022-01-28,2022-01-28,microbiome,ERX7526554,SAMEA12221327,University of Lubeck,University of Lubeck,2022-01-28T00:21:27Z,2022-01-28T00:21:27Z,public,Illumina MiSeq,microbiome,PAIRED,PCR,OTHER,Homo sapiens,ILLUMINA,2022-01-29T00:00:00Z,2022-07-12T21:22:00Z,1,SAMEA12221327,1201713478,Illumina MiSeq,ERP134527,1201713478
ERR7959334,AMPLICON,499,28486121,PRJEB49980,SAMEA12221328,17814292,UNIVERSITY OF LUBECK,human,public,"sra,fastq,run.zq","s3,ncbi,gs","ncbi.public,s3.us-east-1,gs.us-east1",2022-01-28,2022-01-28,2022-01-28,2022-01-28,microbiome,ERX7526555,SAMEA12221328,University of Lubeck,University of Lubeck,2022-01-28T00:21:27Z,2022-01-28T00:21:27Z,public,Illumina MiSeq,microbiome,PAIRED,PCR,OTHER,Homo sapiens,ILLUMINA,2022-01-29T00:00:00Z,2022-07-22T10:42:00Z,1,SAMEA12221328,1201713479,Illumina MiSeq,ERP134527,1201713479
ERR7959335,AMPLICON,552,44637441,PRJEB49980,SAMEA12221329,26596593,UNIVERSITY OF LUBECK,human,public,"run.zq,fastq,sra","s3,gs,ncbi","s3.us-east-1,gs.us-east1,ncbi.public",2022-01-28,2022-01-28,2022-01-28,2022-01-28,microbiome,ERX7526556,SAMEA12221329,University of Lubeck,University of Lubeck,2022-01-28T00:21:27Z,2022-01-28T00:21:27Z,public,Illumina MiSeq,microbiome,PAIRED,PCR,OTHER,Homo sapiens,ILLUMINA,2022-01-29T00:00:00Z,2022-07-14T07:44:00Z,1,SAMEA12221329,1201713480,Illumina MiSeq,ERP134527,1201713480
ERR7959336,AMPLICON,551,20497462,PRJEB49980,SAMEA12221330,12210336,UNIVERSITY OF LUBECK,human,public,"fastq,run.zq,sra","gs,ncbi,s3","ncbi.public,gs.us-east1,s3.us-east-1",2022-01-28,2022-01-28,2022-01-28,2022-01-28,microbiome,ERX7526557,SAMEA12221330,University of Lubeck,University of Lubeck,2022-01-28T00:21:27Z,2022-01-28T00:21:27Z,public,Illumina MiSeq,microbiome,PAIRED,PCR,OTHER,Homo sapiens,ILLUMINA,2022-01-29T00:00:00Z,2022-07-17T18:33:00Z,1,SAMEA12221330,1201713481,Illumina MiSeq,ERP134527,1201713481
ERR7959337,AMPLICON,551,52202298,PRJEB49980,SAMEA12221331,31225491,UNIVERSITY OF LUBECK,human,public,"sra,run.zq,fastq","gs,s3,ncbi","ncbi.public,s3.us-east-1,gs.us-east1",2022-01-28,2022-01-28,2022-01-28,2022-01-28,microbiome,ERX7526558,SAMEA12221331,University of Lubeck,University of Lubeck,2022-01-28T00:21:27Z,2022-01-28T00:21:27Z,public,Illumina MiSeq,microbiome,PAIRED,PCR,OTHER,Homo sapiens,ILLUMINA,2022-01-29T00:00:00Z,2022-07-27T12:01:00Z,1,SAMEA12221331,1201713483,Illumina MiSeq,ERP134527,1201713483
ERR7959338,AMPLICON,551,26592867,PRJEB49980,SAMEA12221332,15732395,UNIVERSITY OF LUBECK,human,public,"sra,fastq,run.zq","ncbi,gs,s3","ncbi.public,s3.us-east-1,gs.us-east1",2022-01-28,2022-01-28,2022-01-28,2022-01-28,microbiome,ERX7526559,SAMEA12221332,University of Lubeck,University of Lubeck,2022-01-28T00:21:27Z,2022-01-28T00:21:27Z,public,Illumina MiSeq,microbiome,PAIRED,PCR,OTHER,Homo sapiens,ILLUMINA,2022-01-29T00:00:00Z,2022-07-16T15:20:00Z,1,SAMEA12221332,1201713484,Illumina MiSeq,ERP134527,1201713484
ERR7959339,AMPLICON,499,29351620,PRJEB49980,SAMEA12221333,18204130,UNIVERSITY OF LUBECK,human,public,"run.zq,sra,fastq","s3,gs,ncbi","gs.us-east1,ncbi.public,s3.us-east-1",2022-01-28,2022-01-28,2022-01-28,2022-01-28,microbiome,ERX7526560,SAMEA12221333,University of Lubeck,University of Lubeck,2022-01-28T00:21:27Z,2022-01-28T00:21:27Z,public,Illumina MiSeq,microbiome,PAIRED,PCR,OTHER,Homo sapiens,ILLUMINA,2022-01-29T00:00:00Z,2022-07-27T12:00:00Z,1,SAMEA12221333,1201713490,Illumina MiSeq,ERP134527,1201713490
ERR7959340,AMPLICON,551,62109942,PRJEB49980,SAMEA12221334,35872116,UNIVERSITY OF LUBECK,human,public,"run.zq,sra,fastq","ncbi,gs,s3","s3.us-east-1,gs.us-east1,ncbi.public",2022-01-28,2022-01-28,2022-01-28,2022-01-28,microbiome,ERX7526561,SAMEA12221334,University of Lubeck,University of Lubeck,2022-01-28T00:21:27Z,2022-01-28T00:21:27Z,public,Illumina MiSeq,microbiome,PAIRED,PCR,OTHER,Homo sapiens,ILLUMINA,2022-01-29T00:00:00Z,2022-07-27T12:01:00Z,1,SAMEA12221334,1201713491,Illumina MiSeq,ERP134527,1201713491
ERR7959341,AMPLICON,499,32338903,PRJEB49980,SAMEA12221335,19703391,UNIVERSITY OF LUBECK,human,public,"fastq,sra,run.zq","s3,ncbi,gs","ncbi.public,s3.us-east-1,gs.us-east1",2022-01-28,2022-01-28,2022-01-28,2022-01-28,microbiome,ERX7526562,SAMEA12221335,University of Lubeck,University of Lubeck,2022-01-28T00:21:27Z,2022-01-28T00:21:27Z,public,Illumina MiSeq,microbiome,PAIRED,PCR,OTHER,Homo sapiens,ILLUMINA,2022-01-29T00:00:00Z,2022-07-13T19:00:00Z,1,SAMEA12221335,1201713494,Illumina MiSeq,ERP134527,1201713494
ERR7959342,AMPLICON,499,35092696,PRJEB49980,SAMEA12221336,21785055,UNIVERSITY OF LUBECK,human,public,"fastq,sra,run.zq","s3,gs,ncbi","ncbi.public,gs.us-east1,s3.us-east-1",2022-01-28,2022-01-28,2022-01-28,2022-01-28,microbiome,ERX7526563,SAMEA12221336,University of Lubeck,University of Lubeck,2022-01-28T00:21:27Z,2022-01-28T00:21:27Z,public,Illumina MiSeq,microbiome,PAIRED,PCR,OTHER,Homo sapiens,ILLUMINA,2022-01-29T00:00:00Z,2022-07-22T01:22:00Z,1,SAMEA12221336,1201713495,Illumina MiSeq,ERP134527,1201713495
ERR7959343,AMPLICON,551,39811445,PRJEB49980,SAMEA12221337,23375784,UNIVERSITY OF LUBECK,human,public,"run.zq,sra,fastq","ncbi,s3,gs","s3.us-east-1,ncbi.public,gs.us-east1",2022-01-28,2022-01-28,2022-01-28,2022-01-28,microbiome,ERX7526564,SAMEA12221337,University of Lubeck,University of Lubeck,2022-01-28T00:21:27Z,2022-01-28T00:21:27Z,public,Illumina MiSeq,microbiome,PAIRED,PCR,OTHER,Homo sapiens,ILLUMINA,2022-01-29T00:00:00Z,2022-07-27T12:00:00Z,1,SAMEA12221337,1201713496,Illumina MiSeq,ERP134527,1201713496
ERR7959344,AMPLICON,499,28338226,PRJEB49980,SAMEA12221338,17633101,UNIVERSITY OF LUBECK,human,public,"sra,run.zq,fastq","s3,ncbi,gs","ncbi.public,gs.us-east1,s3.us-east-1",2022-01-28,2022-01-28,2022-01-28,2022-01-28,microbiome,ERX7526565,SAMEA12221338,University of Lubeck,University of Lubeck,2022-01-28T00:21:27Z,2022-01-28T00:21:27Z,public,Illumina MiSeq,microbiome,PAIRED,PCR,OTHER,Homo sapiens,ILLUMINA,2022-01-29T00:00:00Z,2022-07-16T15:20:00Z,1,SAMEA12221338,1201713497,Illumina MiSeq,ERP134527,1201713497
ERR7959345,AMPLICON,499,42309314,PRJEB49980,SAMEA12221339,25794213,UNIVERSITY OF LUBECK,human,public,"fastq,run.zq,sra","s3,gs,ncbi","gs.us-east1,s3.us-east-1,ncbi.public",2022-01-28,2022-01-28,2022-01-28,2022-01-28,microbiome,ERX7526566,SAMEA12221339,University of Lubeck,University of Lubeck,2022-01-28T00:21:27Z,2022-01-28T00:21:27Z,public,Illumina MiSeq,microbiome,PAIRED,PCR,OTHER,Homo sapiens,ILLUMINA,2022-01-29T00:00:00Z,2022-07-19T19:32:00Z,1,SAMEA12221339,1201713498,Illumina MiSeq,ERP134527,1201713498
ERR7959346,AMPLICON,551,24287002,PRJEB49980,SAMEA12221340,14881026,UNIVERSITY OF LUBECK,human,public,"fastq,run.zq,sra","gs,ncbi,s3","gs.us-east1,s3.us-east-1,ncbi.public",2022-01-28,2022-01-28,2022-01-28,2022-01-28,microbiome,ERX7526567,SAMEA12221340,University of Lubeck,University of Lubeck,2022-01-28T00:21:27Z,2022-01-28T00:21:27Z,public,Illumina MiSeq,microbiome,PAIRED,PCR,OTHER,Homo sapiens,ILLUMINA,2022-01-29T00:00:00Z,2022-07-27T12:00:00Z,1,SAMEA12221340,1201713499,Illumina MiSeq,ERP134527,1201713499
ERR7959347,AMPLICON,499,53976236,PRJEB49980,SAMEA12221341,33194929,UNIVERSITY OF LUBECK,human,public,"fastq,run.zq,sra","s3,ncbi,gs","gs.us-east1,s3.us-east-1,ncbi.public",2022-01-28,2022-01-28,2022-01-28,2022-01-28,microbiome,ERX7526568,SAMEA12221341,University of Lubeck,University of Lubeck,2022-01-28T00:21:27Z,2022-01-28T00:21:27Z,public,Illumina MiSeq,microbiome,PAIRED,PCR,OTHER,Homo sapiens,ILLUMINA,2022-01-29T00:00:00Z,2022-07-16T16:17:00Z,1,SAMEA12221341,1201713500,Illumina MiSeq,ERP134527,1201713500
ERR7959348,AMPLICON,551,46363310,PRJEB49980,SAMEA12221342,27636970,UNIVERSITY OF LUBECK,human,public,"run.zq,fastq,sra","s3,ncbi,gs","ncbi.public,gs.us-east1,s3.us-east-1",2022-01-28,2022-01-28,2022-01-28,2022-01-28,microbiome,ERX7526569,SAMEA12221342,University of Lubeck,University of Lubeck,2022-01-28T00:21:27Z,2022-01-28T00:21:27Z,public,Illumina MiSeq,microbiome,PAIRED,PCR,OTHER,Homo sapiens,ILLUMINA,2022-01-29T00:00:00Z,2022-07-27T12:02:00Z,1,SAMEA12221342,1201713508,Illumina MiSeq,ERP134527,1201713508
ERR7959349,AMPLICON,499,27122874,PRJEB49980,SAMEA12221343,16719730,UNIVERSITY OF LUBECK,human,public,"fastq,sra,run.zq","gs,s3,ncbi","ncbi.public,gs.us-east1,s3.us-east-1",2022-01-28,2022-01-28,2022-01-28,2022-01-28,microbiome,ERX7526570,SAMEA12221343,University of Lubeck,University of Lubeck,2022-01-28T00:21:27Z,2022-01-28T00:21:27Z,public,Illumina MiSeq,microbiome,PAIRED,PCR,OTHER,Homo sapiens,ILLUMINA,2022-01-29T00:00:00Z,2022-07-27T12:01:00Z,1,SAMEA12221343,1201713509,Illumina MiSeq,ERP134527,1201713509
ERR7959350,AMPLICON,499,42925597,PRJEB49980,SAMEA12221344,27089194,UNIVERSITY OF LUBECK,human,public,"fastq,sra,run.zq","s3,gs,ncbi","s3.us-east-1,ncbi.public,gs.us-east1",2022-01-28,2022-01-28,2022-01-28,2022-01-28,microbiome,ERX7526571,SAMEA12221344,University of Lubeck,University of Lubeck,2022-01-28T00:21:27Z,2022-01-28T00:21:27Z,public,Illumina MiSeq,microbiome,PAIRED,PCR,OTHER,Homo sapiens,ILLUMINA,2022-01-29T00:00:00Z,2022-07-19T18:31:00Z,1,SAMEA12221344,1201713510,Illumina MiSeq,ERP134527,1201713510
ERR7959351,AMPLICON,452,53669736,PRJEB49980,SAMEA12221345,29072346,UNIVERSITY OF LUBECK,human,public,"run.zq,sra,fastq","s3,gs,ncbi","ncbi.public,s3.us-east-1,gs.us-east1",2022-01-28,2022-01-28,2022-01-28,2022-01-28,microbiome,ERX7526572,SAMEA12221345,University of Lubeck,University of Lubeck,2022-01-28T00:21:27Z,2022-01-28T00:21:27Z,public,Illumina MiSeq,microbiome,PAIRED,PCR,OTHER,Homo sapiens,ILLUMINA,2022-01-29T00:00:00Z,2022-07-27T12:02:00Z,1,SAMEA12221345,1201713511,Illumina MiSeq,ERP134527,1201713511
ERR7959352,AMPLICON,452,40547045,PRJEB49980,SAMEA12221346,22641972,UNIVERSITY OF LUBECK,human,public,"run.zq,fastq,sra","s3,gs,ncbi","ncbi.public,s3.us-east-1,gs.us-east1",2022-01-28,2022-01-28,2022-01-28,2022-01-28,microbiome,ERX7526573,SAMEA12221346,University of Lubeck,University of Lubeck,2022-01-28T00:21:27Z,2022-01-28T00:21:27Z,public,Illumina MiSeq,microbiome,PAIRED,PCR,OTHER,Homo sapiens,ILLUMINA,2022-01-29T00:00:00Z,2022-07-14T20:52:00Z,1,SAMEA12221346,1201713512,Illumina MiSeq,ERP134527,1201713512
ERR7959353,AMPLICON,551,54649714,PRJEB49980,SAMEA12221347,32428235,UNIVERSITY OF LUBECK,human,public,"run.zq,fastq,sra","s3,ncbi,gs","gs.us-east1,s3.us-east-1,ncbi.public",2022-01-28,2022-01-28,2022-01-28,2022-01-28,microbiome,ERX7526574,SAMEA12221347,University of Lubeck,University of Lubeck,2022-01-28T00:21:27Z,2022-01-28T00:21:27Z,public,Illumina MiSeq,microbiome,PAIRED,PCR,OTHER,Homo sapiens,ILLUMINA,2022-01-29T00:00:00Z,2022-07-27T12:01:00Z,1,SAMEA12221347,1201713519,Illumina MiSeq,ERP134527,1201713519
ERR7959354,AMPLICON,499,36031298,PRJEB49980,SAMEA12221348,22429773,UNIVERSITY OF LUBECK,human,public,"run.zq,sra,fastq","s3,gs,ncbi","gs.us-east1,s3.us-east-1,ncbi.public",2022-01-28,2022-01-28,2022-01-28,2022-01-28,microbiome,ERX7526575,SAMEA12221348,University of Lubeck,University of Lubeck,2022-01-28T00:21:27Z,2022-01-28T00:21:27Z,public,Illumina MiSeq,microbiome,PAIRED,PCR,OTHER,Homo sapiens,ILLUMINA,2022-01-29T00:00:00Z,2022-07-27T12:00:00Z,1,SAMEA12221348,1201713520,Illumina MiSeq,ERP134527,1201713520
ERR7959355,AMPLICON,551,23690316,PRJEB49980,SAMEA12221349,13982744,UNIVERSITY OF LUBECK,human,public,"fastq,sra,run.zq","ncbi,s3,gs","s3.us-east-1,ncbi.public,gs.us-east1",2022-01-28,2022-01-28,2022-01-28,2022-01-28,microbiome,ERX7526576,SAMEA12221349,University of Lubeck,University of Lubeck,2022-01-28T00:21:27Z,2022-01-28T00:21:27Z,public,Illumina MiSeq,microbiome,PAIRED,PCR,OTHER,Homo sapiens,ILLUMINA,2022-01-29T00:00:00Z,2022-07-20T20:18:00Z,1,SAMEA12221349,1201713521,Illumina MiSeq,ERP134527,1201713521
ERR7959356,AMPLICON,551,40831486,PRJEB49980,SAMEA12221350,23931571,UNIVERSITY OF LUBECK,human,public,"run.zq,sra,fastq","gs,ncbi,s3","gs.us-east1,ncbi.public,s3.us-east-1",2022-01-28,2022-01-28,2022-01-28,2022-01-28,microbiome,ERX7526577,SAMEA12221350,University of Lubeck,University of Lubeck,2022-01-28T00:21:27Z,2022-01-28T00:21:27Z,public,Illumina MiSeq,microbiome,PAIRED,PCR,OTHER,Homo sapiens,ILLUMINA,2022-01-29T00:00:00Z,2022-07-19T22:41:00Z,1,SAMEA12221350,1201713522,Illumina MiSeq,ERP134527,1201713522
ERR7959357,AMPLICON,551,29566356,PRJEB49980,SAMEA12221351,17721963,UNIVERSITY OF LUBECK,human,public,"run.zq,fastq,sra","ncbi,s3,gs","ncbi.public,gs.us-east1,s3.us-east-1",2022-01-28,2022-01-28,2022-01-28,2022-01-28,microbiome,ERX7526578,SAMEA12221351,University of Lubeck,University of Lubeck,2022-01-28T00:21:27Z,2022-01-28T00:21:27Z,public,Illumina MiSeq,microbiome,PAIRED,PCR,OTHER,Homo sapiens,ILLUMINA,2022-01-29T00:00:00Z,2022-07-27T12:02:00Z,1,SAMEA12221351,1201713523,Illumina MiSeq,ERP134527,1201713523
ERR7959358,AMPLICON,499,37756628,PRJEB49980,SAMEA12221352,23433628,UNIVERSITY OF LUBECK,human,public,"sra,run.zq,fastq","ncbi,gs,s3","s3.us-east-1,gs.us-east1,ncbi.public",2022-01-28,2022-01-28,2022-01-28,2022-01-28,microbiome,ERX7526579,SAMEA12221352,University of Lubeck,University of Lubeck,2022-01-28T00:21:27Z,2022-01-28T00:21:27Z,public,Illumina MiSeq,microbiome,PAIRED,PCR,OTHER,Homo sapiens,ILLUMINA,2022-01-29T00:00:00Z,2022-07-16T15:20:00Z,1,SAMEA12221352,1201713526,Illumina MiSeq,ERP134527,1201713526
ERR7959359,AMPLICON,551,17154716,PRJEB49980,SAMEA12221353,10269013,UNIVERSITY OF LUBECK,human,public,"fastq,run.zq,sra","ncbi,s3,gs","gs.us-east1,s3.us-east-1,ncbi.public",2022-01-28,2022-01-28,2022-01-28,2022-01-28,microbiome,ERX7526580,SAMEA12221353,University of Lubeck,University of Lubeck,2022-01-28T00:21:27Z,2022-01-28T00:21:27Z,public,Illumina MiSeq,microbiome,PAIRED,PCR,OTHER,Homo sapiens,ILLUMINA,2022-01-29T00:00:00Z,2022-07-12T21:22:00Z,1,SAMEA12221353,1201713527,Illumina MiSeq,ERP134527,1201713527
ERR7959360,AMPLICON,551,22892536,PRJEB49980,SAMEA12221354,13661457,UNIVERSITY OF LUBECK,human,public,"sra,fastq,run.zq","gs,s3,ncbi","gs.us-east1,ncbi.public,s3.us-east-1",2022-01-28,2022-01-28,2022-01-28,2022-01-28,microbiome,ERX7526581,SAMEA12221354,University of Lubeck,University of Lubeck,2022-01-28T00:21:27Z,2022-01-28T00:21:27Z,public,Illumina MiSeq,microbiome,PAIRED,PCR,OTHER,Homo sapiens,ILLUMINA,2022-01-29T00:00:00Z,2022-07-27T12:00:00Z,1,SAMEA12221354,1201713528,Illumina MiSeq,ERP134527,1201713528
ERR7959361,AMPLICON,551,20478133,PRJEB49980,SAMEA12221355,12428349,UNIVERSITY OF LUBECK,human,public,"fastq,run.zq,sra","gs,ncbi,s3","s3.us-east-1,gs.us-east1,ncbi.public",2022-01-28,2022-01-28,2022-01-28,2022-01-28,microbiome,ERX7526582,SAMEA12221355,University of Lubeck,University of Lubeck,2022-01-28T00:21:27Z,2022-01-28T00:21:27Z,public,Illumina MiSeq,microbiome,PAIRED,PCR,OTHER,Homo sapiens,ILLUMINA,2022-01-29T00:00:00Z,2022-07-16T15:20:00Z,1,SAMEA12221355,1201713529,Illumina MiSeq,ERP134527,1201713529
ERR7959362,AMPLICON,551,41943964,PRJEB49980,SAMEA12221356,25146727,UNIVERSITY OF LUBECK,human,public,"run.zq,fastq,sra","gs,ncbi,s3","s3.us-east-1,gs.us-east1,ncbi.public",2022-01-28,2022-01-28,2022-01-28,2022-01-28,microbiome,ERX7526583,SAMEA12221356,University of Lubeck,University of Lubeck,2022-01-28T00:21:27Z,2022-01-28T00:21:27Z,public,Illumina MiSeq,microbiome,PAIRED,PCR,OTHER,Homo sapiens,ILLUMINA,2022-01-29T00:00:00Z,2022-07-27T12:00:00Z,1,SAMEA12221356,1201713530,Illumina MiSeq,ERP134527,1201713530
ERR7959363,AMPLICON,499,29298367,PRJEB49980,SAMEA12221357,19337036,UNIVERSITY OF LUBECK,human,public,"run.zq,fastq,sra","gs,ncbi,s3","ncbi.public,s3.us-east-1,gs.us-east1",2022-01-28,2022-01-28,2022-01-28,2022-01-28,microbiome,ERX7526584,SAMEA12221357,University of Lubeck,University of Lubeck,2022-01-28T00:21:27Z,2022-01-28T00:21:27Z,public,Illumina MiSeq,microbiome,PAIRED,PCR,OTHER,Homo sapiens,ILLUMINA,2022-01-29T00:00:00Z,2022-07-27T12:00:00Z,1,SAMEA12221357,1201713531,Illumina MiSeq,ERP134527,1201713531
ERR7959364,AMPLICON,499,46850270,PRJEB49980,SAMEA12221358,28350420,UNIVERSITY OF LUBECK,human,public,"run.zq,sra,fastq","ncbi,gs,s3","gs.us-east1,s3.us-east-1,ncbi.public",2022-01-28,2022-01-28,2022-01-28,2022-01-28,microbiome,ERX7526585,SAMEA12221358,University of Lubeck,University of Lubeck,2022-01-28T00:21:27Z,2022-01-28T00:21:27Z,public,Illumina MiSeq,microbiome,PAIRED,PCR,OTHER,Homo sapiens,ILLUMINA,2022-01-29T00:00:00Z,2022-07-13T08:05:00Z,1,SAMEA12221358,1201713532,Illumina MiSeq,ERP134527,1201713532
ERR7959365,AMPLICON,499,28762122,PRJEB49980,SAMEA12221359,17903178,UNIVERSITY OF LUBECK,human,public,"run.zq,sra,fastq","gs,s3,ncbi","s3.us-east-1,gs.us-east1,ncbi.public",2022-01-28,2022-01-28,2022-01-28,2022-01-28,microbiome,ERX7526586,SAMEA12221359,University of Lubeck,University of Lubeck,2022-01-28T00:21:27Z,2022-01-28T00:21:27Z,public,Illumina MiSeq,microbiome,PAIRED,PCR,OTHER,Homo sapiens,ILLUMINA,2022-01-29T00:00:00Z,2022-07-27T12:00:00Z,1,SAMEA12221359,1201713533,Illumina MiSeq,ERP134527,1201713533
ERR7959366,AMPLICON,551,34039198,PRJEB49980,SAMEA12221360,20139203,UNIVERSITY OF LUBECK,human,public,"sra,run.zq,fastq","ncbi,s3,gs","s3.us-east-1,gs.us-east1,ncbi.public",2022-01-28,2022-01-28,2022-01-28,2022-01-28,microbiome,ERX7526587,SAMEA12221360,University of Lubeck,University of Lubeck,2022-01-28T00:21:27Z,2022-01-28T00:21:27Z,public,Illumina MiSeq,microbiome,PAIRED,PCR,OTHER,Homo sapiens,ILLUMINA,2022-01-29T00:00:00Z,2022-07-27T12:01:00Z,1,SAMEA12221360,1201713534,Illumina MiSeq,ERP134527,1201713534
ERR7959367,AMPLICON,552,26142435,PRJEB49980,SAMEA12221361,15322909,UNIVERSITY OF LUBECK,human,public,"sra,fastq,run.zq","gs,ncbi,s3","ncbi.public,s3.us-east-1,gs.us-east1",2022-01-28,2022-01-28,2022-01-28,2022-01-28,microbiome,ERX7526588,SAMEA12221361,University of Lubeck,University of Lubeck,2022-01-28T00:21:27Z,2022-01-28T00:21:27Z,public,Illumina MiSeq,microbiome,PAIRED,PCR,OTHER,Homo sapiens,ILLUMINA,2022-01-29T00:00:00Z,2022-07-19T18:32:00Z,1,SAMEA12221361,2201713482,Illumina MiSeq,ERP134527,2201713482
ERR7959368,AMPLICON,551,28070928,PRJEB49980,SAMEA12221362,16813470,UNIVERSITY OF LUBECK,human,public,"fastq,sra,run.zq","gs,ncbi,s3","gs.us-east1,ncbi.public,s3.us-east-1",2022-01-28,2022-01-28,2022-01-28,2022-01-28,microbiome,ERX7526589,SAMEA12221362,University of Lubeck,University of Lubeck,2022-01-28T00:21:27Z,2022-01-28T00:21:27Z,public,Illumina MiSeq,microbiome,PAIRED,PCR,OTHER,Homo sapiens,ILLUMINA,2022-01-29T00:00:00Z,2022-07-23T01:45:00Z,1,SAMEA12221362,2201713535,Illumina MiSeq,ERP134527,2201713535
ERR7959369,AMPLICON,551,51613136,PRJEB49980,SAMEA12221363,31753309,UNIVERSITY OF LUBECK,human,public,"fastq,run.zq,sra","gs,ncbi,s3","s3.us-east-1,ncbi.public,gs.us-east1",2022-01-28,2022-01-28,2022-01-28,2022-01-28,microbiome,ERX7526590,SAMEA12221363,University of Lubeck,University of Lubeck,2022-01-28T00:21:27Z,2022-01-28T00:21:27Z,public,Illumina MiSeq,microbiome,PAIRED,PCR,OTHER,Homo sapiens,ILLUMINA,2022-01-29T00:00:00Z,2022-07-27T12:00:00Z,1,SAMEA12221363,6201713396,Illumina MiSeq,ERP134527,6201713396
ERR7959370,AMPLICON,551,18572902,PRJEB49980,SAMEA12221364,11097861,UNIVERSITY OF LUBECK,human,public,"sra,run.zq,fastq","s3,ncbi,gs","s3.us-east-1,gs.us-east1,ncbi.public",2022-01-28,2022-01-28,2022-01-28,2022-01-28,microbiome,ERX7526591,SAMEA12221364,University of Lubeck,University of Lubeck,2022-01-28T00:21:27Z,2022-01-28T00:21:27Z,public,Illumina MiSeq,microbiome,PAIRED,PCR,OTHER,Homo sapiens,ILLUMINA,2022-01-29T00:00:00Z,2022-07-16T16:17:00Z,1,SAMEA12221364,6201713397,Illumina MiSeq,ERP134527,6201713397
ERR7959371,AMPLICON,551,29055981,PRJEB49980,SAMEA12221365,17850546,UNIVERSITY OF LUBECK,human,public,"run.zq,fastq,sra","ncbi,gs,s3","s3.us-east-1,ncbi.public,gs.us-east1",2022-01-28,2022-01-28,2022-01-28,2022-01-28,microbiome,ERX7526592,SAMEA12221365,University of Lubeck,University of Lubeck,2022-01-28T00:21:27Z,2022-01-28T00:21:27Z,public,Illumina MiSeq,microbiome,PAIRED,PCR,OTHER,Homo sapiens,ILLUMINA,2022-01-29T00:00:00Z,2022-07-27T12:00:00Z,1,SAMEA12221365,6201713398,Illumina MiSeq,ERP134527,6201713398
ERR7959372,AMPLICON,551,25740151,PRJEB49980,SAMEA12221366,15400047,UNIVERSITY OF LUBECK,human,public,"run.zq,fastq,sra","gs,s3,ncbi","gs.us-east1,ncbi.public,s3.us-east-1",2022-01-28,2022-01-28,2022-01-28,2022-01-28,microbiome,ERX7526593,SAMEA12221366,University of Lubeck,University of Lubeck,2022-01-28T00:21:27Z,2022-01-28T00:21:27Z,public,Illumina MiSeq,microbiome,PAIRED,PCR,OTHER,Homo sapiens,ILLUMINA,2022-01-29T00:00:00Z,2022-07-14T07:53:00Z,1,SAMEA12221366,6201713399,Illumina MiSeq,ERP134527,6201713399
ERR7959373,AMPLICON,551,31936309,PRJEB49980,SAMEA12221367,19814680,UNIVERSITY OF LUBECK,human,public,"fastq,run.zq,sra","ncbi,gs,s3","gs.us-east1,ncbi.public,s3.us-east-1",2022-01-28,2022-01-28,2022-01-28,2022-01-28,microbiome,ERX7526594,SAMEA12221367,University of Lubeck,University of Lubeck,2022-01-28T00:21:27Z,2022-01-28T00:21:27Z,public,Illumina MiSeq,microbiome,PAIRED,PCR,OTHER,Homo sapiens,ILLUMINA,2022-01-29T00:00:00Z,2022-07-27T12:00:00Z,1,SAMEA12221367,6201713400,Illumina MiSeq,ERP134527,6201713400
ERR7959374,AMPLICON,551,12368756,PRJEB49980,SAMEA12221368,7411570,UNIVERSITY OF LUBECK,human,public,"run.zq,sra,fastq","ncbi,s3,gs","s3.us-east-1,ncbi.public,gs.us-east1",2022-01-28,2022-01-28,2022-01-28,2022-01-28,microbiome,ERX7526595,SAMEA12221368,University of Lubeck,University of Lubeck,2022-01-28T00:21:27Z,2022-01-28T00:21:27Z,public,Illumina MiSeq,microbiome,PAIRED,PCR,OTHER,Homo sapiens,ILLUMINA,2022-01-29T00:00:00Z,2022-07-27T12:00:00Z,1,SAMEA12221368,6201713401,Illumina MiSeq,ERP134527,6201713401
ERR7959375,AMPLICON,551,33425440,PRJEB49980,SAMEA12221369,19995481,UNIVERSITY OF LUBECK,human,public,"sra,fastq,run.zq","s3,ncbi,gs","s3.us-east-1,ncbi.public,gs.us-east1",2022-01-28,2022-01-28,2022-01-28,2022-01-28,microbiome,ERX7526596,SAMEA12221369,University of Lubeck,University of Lubeck,2022-01-28T00:21:27Z,2022-01-28T00:21:27Z,public,Illumina MiSeq,microbiome,PAIRED,PCR,OTHER,Homo sapiens,ILLUMINA,2022-01-29T00:00:00Z,2022-07-13T22:27:00Z,1,SAMEA12221369,6201713402,Illumina MiSeq,ERP134527,6201713402
ERR7959376,AMPLICON,551,9413084,PRJEB49980,SAMEA12221370,5715890,UNIVERSITY OF LUBECK,human,public,"fastq,sra,run.zq","s3,ncbi,gs","ncbi.public,s3.us-east-1,gs.us-east1",2022-01-28,2022-01-28,2022-01-28,2022-01-28,microbiome,ERX7526597,SAMEA12221370,University of Lubeck,University of Lubeck,2022-01-28T00:21:27Z,2022-01-28T00:21:27Z,public,Illumina MiSeq,microbiome,PAIRED,PCR,OTHER,Homo sapiens,ILLUMINA,2022-01-29T00:00:00Z,2022-07-19T21:50:00Z,1,SAMEA12221370,6201713403,Illumina MiSeq,ERP134527,6201713403
ERR7959377,AMPLICON,551,37941034,PRJEB49980,SAMEA12221371,22020921,UNIVERSITY OF LUBECK,human,public,"fastq,run.zq,sra","ncbi,gs,s3","gs.us-east1,s3.us-east-1,ncbi.public",2022-01-28,2022-01-28,2022-01-28,2022-01-28,microbiome,ERX7526598,SAMEA12221371,University of Lubeck,University of Lubeck,2022-01-28T00:21:27Z,2022-01-28T00:21:27Z,public,Illumina MiSeq,microbiome,PAIRED,PCR,OTHER,Homo sapiens,ILLUMINA,2022-01-29T00:00:00Z,2022-07-27T12:02:00Z,1,SAMEA12221371,6201713404,Illumina MiSeq,ERP134527,6201713404
ERR7959378,AMPLICON,551,78710240,PRJEB49980,SAMEA12221372,46306597,UNIVERSITY OF LUBECK,human,public,"fastq,sra,run.zq","ncbi,gs,s3","s3.us-east-1,ncbi.public,gs.us-east1",2022-01-28,2022-01-28,2022-01-28,2022-01-28,microbiome,ERX7526599,SAMEA12221372,University of Lubeck,University of Lubeck,2022-01-28T00:21:27Z,2022-01-28T00:21:27Z,public,Illumina MiSeq,microbiome,PAIRED,PCR,OTHER,Homo sapiens,ILLUMINA,2022-01-29T00:00:00Z,2022-07-20T20:18:00Z,1,SAMEA12221372,6201713405,Illumina MiSeq,ERP134527,6201713405
ERR7959379,AMPLICON,551,24253930,PRJEB49980,SAMEA12221373,14783690,UNIVERSITY OF LUBECK,human,public,"run.zq,sra,fastq","s3,ncbi,gs","ncbi.public,gs.us-east1,s3.us-east-1",2022-01-28,2022-01-28,2022-01-28,2022-01-28,microbiome,ERX7526600,SAMEA12221373,University of Lubeck,University of Lubeck,2022-01-28T00:21:27Z,2022-01-28T00:21:27Z,public,Illumina MiSeq,microbiome,PAIRED,PCR,OTHER,Homo sapiens,ILLUMINA,2022-01-29T00:00:00Z,2022-07-19T22:42:00Z,1,SAMEA12221373,6201713406,Illumina MiSeq,ERP134527,6201713406
ERR7959380,AMPLICON,551,49375531,PRJEB49980,SAMEA12221374,29305393,UNIVERSITY OF LUBECK,human,public,"sra,run.zq,fastq","gs,s3,ncbi","ncbi.public,s3.us-east-1,gs.us-east1",2022-01-28,2022-01-28,2022-01-28,2022-01-28,microbiome,ERX7526601,SAMEA12221374,University of Lubeck,University of Lubeck,2022-01-28T00:21:27Z,2022-01-28T00:21:27Z,public,Illumina MiSeq,microbiome,PAIRED,PCR,OTHER,Homo sapiens,ILLUMINA,2022-01-29T00:00:00Z,2022-07-27T11:59:00Z,1,SAMEA12221374,6201713407,Illumina MiSeq,ERP134527,6201713407
ERR7959381,AMPLICON,552,20981771,PRJEB49980,SAMEA12221375,12868265,UNIVERSITY OF LUBECK,human,public,"fastq,run.zq,sra","gs,ncbi,s3","s3.us-east-1,ncbi.public,gs.us-east1",2022-01-28,2022-01-28,2022-01-28,2022-01-28,microbiome,ERX7526602,SAMEA12221375,University of Lubeck,University of Lubeck,2022-01-28T00:21:27Z,2022-01-28T00:21:27Z,public,Illumina MiSeq,microbiome,PAIRED,PCR,OTHER,Homo sapiens,ILLUMINA,2022-01-29T00:00:00Z,2022-07-17T08:31:00Z,1,SAMEA12221375,6201713408,Illumina MiSeq,ERP134527,6201713408
ERR7959382,AMPLICON,551,50191961,PRJEB49980,SAMEA12221376,29201669,UNIVERSITY OF LUBECK,human,public,"sra,fastq,run.zq","ncbi,s3,gs","s3.us-east-1,gs.us-east1,ncbi.public",2022-01-28,2022-01-28,2022-01-28,2022-01-28,microbiome,ERX7526603,SAMEA12221376,University of Lubeck,University of Lubeck,2022-01-28T00:21:27Z,2022-01-28T00:21:27Z,public,Illumina MiSeq,microbiome,PAIRED,PCR,OTHER,Homo sapiens,ILLUMINA,2022-01-29T00:00:00Z,2022-07-21T00:23:00Z,1,SAMEA12221376,6201713409,Illumina MiSeq,ERP134527,6201713409
ERR7959383,AMPLICON,551,49290311,PRJEB49980,SAMEA12221377,28921561,UNIVERSITY OF LUBECK,human,public,"run.zq,sra,fastq","ncbi,gs,s3","gs.us-east1,ncbi.public,s3.us-east-1",2022-01-28,2022-01-28,2022-01-28,2022-01-28,microbiome,ERX7526604,SAMEA12221377,University of Lubeck,University of Lubeck,2022-01-28T00:21:27Z,2022-01-28T00:21:27Z,public,Illumina MiSeq,microbiome,PAIRED,PCR,OTHER,Homo sapiens,ILLUMINA,2022-01-29T00:00:00Z,2022-07-22T06:19:00Z,1,SAMEA12221377,6201713410,Illumina MiSeq,ERP134527,6201713410
ERR7959384,AMPLICON,452,40771201,PRJEB49980,SAMEA12221378,21470972,UNIVERSITY OF LUBECK,human,public,"fastq,run.zq,sra","ncbi,gs,s3","s3.us-east-1,gs.us-east1,ncbi.public",2022-01-28,2022-01-28,2022-01-28,2022-01-28,microbiome,ERX7526605,SAMEA12221378,University of Lubeck,University of Lubeck,2022-01-28T00:21:27Z,2022-01-28T00:21:27Z,public,Illumina MiSeq,microbiome,PAIRED,PCR,OTHER,Homo sapiens,ILLUMINA,2022-01-29T00:00:00Z,2022-07-16T15:20:00Z,1,SAMEA12221378,6201713411,Illumina MiSeq,ERP134527,6201713411
ERR7959385,AMPLICON,452,46490913,PRJEB49980,SAMEA12221379,25416569,UNIVERSITY OF LUBECK,human,public,"fastq,run.zq,sra","gs,ncbi,s3","ncbi.public,s3.us-east-1,gs.us-east1",2022-01-28,2022-01-28,2022-01-28,2022-01-28,microbiome,ERX7526606,SAMEA12221379,University of Lubeck,University of Lubeck,2022-01-28T00:21:27Z,2022-01-28T00:21:27Z,public,Illumina MiSeq,microbiome,PAIRED,PCR,OTHER,Homo sapiens,ILLUMINA,2022-01-29T00:00:00Z,2022-07-21T05:48:00Z,1,SAMEA12221379,6201713412,Illumina MiSeq,ERP134527,6201713412
ERR7959386,AMPLICON,551,23437680,PRJEB49980,SAMEA12221380,14165293,UNIVERSITY OF LUBECK,human,public,"sra,fastq,run.zq","s3,ncbi,gs","gs.us-east1,ncbi.public,s3.us-east-1",2022-01-28,2022-01-28,2022-01-28,2022-01-28,microbiome,ERX7526607,SAMEA12221380,University of Lubeck,University of Lubeck,2022-01-28T00:21:27Z,2022-01-28T00:21:27Z,public,Illumina MiSeq,microbiome,PAIRED,PCR,OTHER,Homo sapiens,ILLUMINA,2022-01-29T00:00:00Z,2022-07-27T12:01:00Z,1,SAMEA12221380,6201713413,Illumina MiSeq,ERP134527,6201713413
ERR7959387,AMPLICON,551,66169532,PRJEB49980,SAMEA12221381,38986561,UNIVERSITY OF LUBECK,human,public,"fastq,sra,run.zq","gs,ncbi,s3","gs.us-east1,ncbi.public,s3.us-east-1",2022-01-28,2022-01-28,2022-01-28,2022-01-28,microbiome,ERX7526608,SAMEA12221381,University of Lubeck,University of Lubeck,2022-01-28T00:21:27Z,2022-01-28T00:21:27Z,public,Illumina MiSeq,microbiome,PAIRED,PCR,OTHER,Homo sapiens,ILLUMINA,2022-01-29T00:00:00Z,2022-07-13T08:05:00Z,1,SAMEA12221381,6201713414,Illumina MiSeq,ERP134527,6201713414
ERR7959388,AMPLICON,551,37221977,PRJEB49980,SAMEA12221382,22010242,UNIVERSITY OF LUBECK,human,public,"sra,run.zq,fastq","s3,gs,ncbi","s3.us-east-1,gs.us-east1,ncbi.public",2022-01-28,2022-01-28,2022-01-28,2022-01-28,microbiome,ERX7526609,SAMEA12221382,University of Lubeck,University of Lubeck,2022-01-28T00:21:27Z,2022-01-28T00:21:27Z,public,Illumina MiSeq,microbiome,PAIRED,PCR,OTHER,Homo sapiens,ILLUMINA,2022-01-29T00:00:00Z,2022-07-27T12:01:00Z,1,SAMEA12221382,6201713415,Illumina MiSeq,ERP134527,6201713415
ERR7959389,AMPLICON,452,44098551,PRJEB49980,SAMEA12221383,23662442,UNIVERSITY OF LUBECK,human,public,"fastq,sra,run.zq","gs,ncbi,s3","gs.us-east1,s3.us-east-1,ncbi.public",2022-01-28,2022-01-28,2022-01-28,2022-01-28,microbiome,ERX7526610,SAMEA12221383,University of Lubeck,University of Lubeck,2022-01-28T00:21:27Z,2022-01-28T00:21:27Z,public,Illumina MiSeq,microbiome,PAIRED,PCR,OTHER,Homo sapiens,ILLUMINA,2022-01-29T00:00:00Z,2022-07-27T11:59:00Z,1,SAMEA12221383,6201713416,Illumina MiSeq,ERP134527,6201713416
ERR7959390,AMPLICON,551,29426394,PRJEB49980,SAMEA12221384,17726216,UNIVERSITY OF LUBECK,human,public,"fastq,sra,run.zq","ncbi,s3,gs","ncbi.public,gs.us-east1,s3.us-east-1",2022-01-28,2022-01-28,2022-01-28,2022-01-28,microbiome,ERX7526611,SAMEA12221384,University of Lubeck,University of Lubeck,2022-01-28T00:21:27Z,2022-01-28T00:21:27Z,public,Illumina MiSeq,microbiome,PAIRED,PCR,OTHER,Homo sapiens,ILLUMINA,2022-01-29T00:00:00Z,2022-07-13T19:00:00Z,1,SAMEA12221384,6201713417,Illumina MiSeq,ERP134527,6201713417
ERR7959391,AMPLICON,551,16240755,PRJEB49980,SAMEA12221385,9733474,UNIVERSITY OF LUBECK,human,public,"fastq,sra,run.zq","gs,ncbi,s3","gs.us-east1,s3.us-east-1,ncbi.public",2022-01-28,2022-01-28,2022-01-28,2022-01-28,microbiome,ERX7526612,SAMEA12221385,University of Lubeck,University of Lubeck,2022-01-28T00:21:27Z,2022-01-28T00:21:27Z,public,Illumina MiSeq,microbiome,PAIRED,PCR,OTHER,Homo sapiens,ILLUMINA,2022-01-29T00:00:00Z,2022-07-27T12:01:00Z,1,SAMEA12221385,6201713418,Illumina MiSeq,ERP134527,6201713418
ERR7959392,AMPLICON,551,23686567,PRJEB49980,SAMEA12221386,14191051,UNIVERSITY OF LUBECK,human,public,"fastq,run.zq,sra","ncbi,gs,s3","gs.us-east1,s3.us-east-1,ncbi.public",2022-01-28,2022-01-28,2022-01-28,2022-01-28,microbiome,ERX7526613,SAMEA12221386,University of Lubeck,University of Lubeck,2022-01-28T00:21:27Z,2022-01-28T00:21:27Z,public,Illumina MiSeq,microbiome,PAIRED,PCR,OTHER,Homo sapiens,ILLUMINA,2022-01-29T00:00:00Z,2022-07-14T20:48:00Z,1,SAMEA12221386,6201713419,Illumina MiSeq,ERP134527,6201713419
ERR7959393,AMPLICON,551,26638547,PRJEB49980,SAMEA12221387,15922218,UNIVERSITY OF LUBECK,human,public,"run.zq,sra,fastq","s3,gs,ncbi","s3.us-east-1,ncbi.public,gs.us-east1",2022-01-28,2022-01-28,2022-01-28,2022-01-28,microbiome,ERX7526614,SAMEA12221387,University of Lubeck,University of Lubeck,2022-01-28T00:21:27Z,2022-01-28T00:21:27Z,public,Illumina MiSeq,microbiome,PAIRED,PCR,OTHER,Homo sapiens,ILLUMINA,2022-01-29T00:00:00Z,2022-07-19T21:50:00Z,1,SAMEA12221387,6201713420,Illumina MiSeq,ERP134527,6201713420
ERR7959394,AMPLICON,551,53606135,PRJEB49980,SAMEA12221388,32009834,UNIVERSITY OF LUBECK,human,public,"run.zq,sra,fastq","ncbi,gs,s3","ncbi.public,gs.us-east1,s3.us-east-1",2022-01-28,2022-01-28,2022-01-28,2022-01-28,microbiome,ERX7526615,SAMEA12221388,University of Lubeck,University of Lubeck,2022-01-28T00:21:27Z,2022-01-28T00:21:27Z,public,Illumina MiSeq,microbiome,PAIRED,PCR,OTHER,Homo sapiens,ILLUMINA,2022-01-29T00:00:00Z,2022-07-27T12:01:00Z,1,SAMEA12221388,6201713421,Illumina MiSeq,ERP134527,6201713421
ERR7959395,AMPLICON,551,16567898,PRJEB49980,SAMEA12221389,10101950,UNIVERSITY OF LUBECK,human,public,"run.zq,sra,fastq","gs,ncbi,s3","gs.us-east1,s3.us-east-1,ncbi.public",2022-01-28,2022-01-28,2022-01-28,2022-01-28,microbiome,ERX7526616,SAMEA12221389,University of Lubeck,University of Lubeck,2022-01-28T00:21:27Z,2022-01-28T00:21:27Z,public,Illumina MiSeq,microbiome,PAIRED,PCR,OTHER,Homo sapiens,ILLUMINA,2022-01-29T00:00:00Z,2022-07-13T21:30:00Z,1,SAMEA12221389,6201713423,Illumina MiSeq,ERP134527,6201713423
ERR7959396,AMPLICON,551,51780515,PRJEB49980,SAMEA12221390,30319964,UNIVERSITY OF LUBECK,human,public,"run.zq,fastq,sra","ncbi,s3,gs","s3.us-east-1,ncbi.public,gs.us-east1",2022-01-28,2022-01-28,2022-01-28,2022-01-28,microbiome,ERX7526617,SAMEA12221390,University of Lubeck,University of Lubeck,2022-01-28T00:21:27Z,2022-01-28T00:21:27Z,public,Illumina MiSeq,microbiome,PAIRED,PCR,OTHER,Homo sapiens,ILLUMINA,2022-01-29T00:00:00Z,2022-07-21T23:20:00Z,1,SAMEA12221390,6201713424,Illumina MiSeq,ERP134527,6201713424
ERR7959397,AMPLICON,551,22399852,PRJEB49980,SAMEA12221391,13516220,UNIVERSITY OF LUBECK,human,public,"fastq,sra,run.zq","gs,s3,ncbi","gs.us-east1,s3.us-east-1,ncbi.public",2022-01-28,2022-01-28,2022-01-28,2022-01-28,microbiome,ERX7526618,SAMEA12221391,University of Lubeck,University of Lubeck,2022-01-28T00:21:27Z,2022-01-28T00:21:27Z,public,Illumina MiSeq,microbiome,PAIRED,PCR,OTHER,Homo sapiens,ILLUMINA,2022-01-29T00:00:00Z,2022-07-27T11:59:00Z,1,SAMEA12221391,6201713425,Illumina MiSeq,ERP134527,6201713425
ERR7959398,AMPLICON,499,28051990,PRJEB49980,SAMEA12221392,17970537,UNIVERSITY OF LUBECK,human,public,"run.zq,sra,fastq","s3,ncbi,gs","gs.us-east1,s3.us-east-1,ncbi.public",2022-01-28,2022-01-28,2022-01-28,2022-01-28,microbiome,ERX7526619,SAMEA12221392,University of Lubeck,University of Lubeck,2022-01-28T00:21:27Z,2022-01-28T00:21:27Z,public,Illumina MiSeq,microbiome,PAIRED,PCR,OTHER,Homo sapiens,ILLUMINA,2022-01-29T00:00:00Z,2022-07-16T15:20:00Z,1,SAMEA12221392,6201713426,Illumina MiSeq,ERP134527,6201713426
ERR7959399,AMPLICON,551,30800617,PRJEB49980,SAMEA12221393,18746113,UNIVERSITY OF LUBECK,human,public,"fastq,run.zq,sra","gs,ncbi,s3","gs.us-east1,ncbi.public,s3.us-east-1",2022-01-28,2022-01-28,2022-01-28,2022-01-28,microbiome,ERX7526620,SAMEA12221393,University of Lubeck,University of Lubeck,2022-01-28T00:21:27Z,2022-01-28T00:21:27Z,public,Illumina MiSeq,microbiome,PAIRED,PCR,OTHER,Homo sapiens,ILLUMINA,2022-01-29T00:00:00Z,2022-07-19T18:32:00Z,1,SAMEA12221393,6201713427,Illumina MiSeq,ERP134527,6201713427
ERR7959400,AMPLICON,551,24639106,PRJEB49980,SAMEA12221394,15276781,UNIVERSITY OF LUBECK,human,public,"run.zq,sra,fastq","gs,ncbi,s3","s3.us-east-1,ncbi.public,gs.us-east1",2022-01-28,2022-01-28,2022-01-28,2022-01-28,microbiome,ERX7526621,SAMEA12221394,University of Lubeck,University of Lubeck,2022-01-28T00:21:27Z,2022-01-28T00:21:27Z,public,Illumina MiSeq,microbiome,PAIRED,PCR,OTHER,Homo sapiens,ILLUMINA,2022-01-29T00:00:00Z,2022-07-27T12:01:00Z,1,SAMEA12221394,6201713428,Illumina MiSeq,ERP134527,6201713428
ERR7959401,AMPLICON,551,44417615,PRJEB49980,SAMEA12221395,26466644,UNIVERSITY OF LUBECK,human,public,"sra,fastq,run.zq","ncbi,gs,s3","s3.us-east-1,ncbi.public,gs.us-east1",2022-01-28,2022-01-28,2022-01-28,2022-01-28,microbiome,ERX7526622,SAMEA12221395,University of Lubeck,University of Lubeck,2022-01-28T00:21:27Z,2022-01-28T00:21:27Z,public,Illumina MiSeq,microbiome,PAIRED,PCR,OTHER,Homo sapiens,ILLUMINA,2022-01-29T00:00:00Z,2022-07-19T18:32:00Z,1,SAMEA12221395,6201713429,Illumina MiSeq,ERP134527,6201713429
ERR7959402,AMPLICON,551,51983922,PRJEB49980,SAMEA12221396,31065188,UNIVERSITY OF LUBECK,human,public,"run.zq,sra,fastq","ncbi,gs,s3","gs.us-east1,ncbi.public,s3.us-east-1",2022-01-28,2022-01-28,2022-01-28,2022-01-28,microbiome,ERX7526623,SAMEA12221396,University of Lubeck,University of Lubeck,2022-01-28T00:21:27Z,2022-01-28T00:21:27Z,public,Illumina MiSeq,microbiome,PAIRED,PCR,OTHER,Homo sapiens,ILLUMINA,2022-01-29T00:00:00Z,2022-07-20T19:09:00Z,1,SAMEA12221396,6201713430,Illumina MiSeq,ERP134527,6201713430
ERR7959403,AMPLICON,551,25448035,PRJEB49980,SAMEA12221397,15058984,UNIVERSITY OF LUBECK,human,public,"run.zq,fastq,sra","gs,ncbi,s3","ncbi.public,s3.us-east-1,gs.us-east1",2022-01-28,2022-01-28,2022-01-28,2022-01-28,microbiome,ERX7526624,SAMEA12221397,University of Lubeck,University of Lubeck,2022-01-28T00:21:27Z,2022-01-28T00:21:27Z,public,Illumina MiSeq,microbiome,PAIRED,PCR,OTHER,Homo sapiens,ILLUMINA,2022-01-29T00:00:00Z,2022-07-27T12:01:00Z,1,SAMEA12221397,6201713431,Illumina MiSeq,ERP134527,6201713431
ERR7959404,AMPLICON,499,36181861,PRJEB49980,SAMEA12221398,22312550,UNIVERSITY OF LUBECK,human,public,"run.zq,sra,fastq","ncbi,gs,s3","gs.us-east1,ncbi.public,s3.us-east-1",2022-01-28,2022-01-28,2022-01-28,2022-01-28,microbiome,ERX7526625,SAMEA12221398,University of Lubeck,University of Lubeck,2022-01-28T00:21:27Z,2022-01-28T00:21:27Z,public,Illumina MiSeq,microbiome,PAIRED,PCR,OTHER,Homo sapiens,ILLUMINA,2022-01-29T00:00:00Z,2022-07-16T16:17:00Z,1,SAMEA12221398,6201713432,Illumina MiSeq,ERP134527,6201713432
ERR7959405,AMPLICON,551,46071315,PRJEB49980,SAMEA12221399,27249716,UNIVERSITY OF LUBECK,human,public,"sra,run.zq,fastq","gs,s3,ncbi","ncbi.public,s3.us-east-1,gs.us-east1",2022-01-28,2022-01-28,2022-01-28,2022-01-28,microbiome,ERX7526626,SAMEA12221399,University of Lubeck,University of Lubeck,2022-01-28T00:21:27Z,2022-01-28T00:21:27Z,public,Illumina MiSeq,microbiome,PAIRED,PCR,OTHER,Homo sapiens,ILLUMINA,2022-01-29T00:00:00Z,2022-07-27T12:00:00Z,1,SAMEA12221399,6201713433,Illumina MiSeq,ERP134527,6201713433
ERR7959406,AMPLICON,551,56021933,PRJEB49980,SAMEA12221400,32095215,UNIVERSITY OF LUBECK,human,public,"sra,fastq,run.zq","ncbi,s3,gs","ncbi.public,s3.us-east-1,gs.us-east1",2022-01-28,2022-01-28,2022-01-28,2022-01-28,microbiome,ERX7526627,SAMEA12221400,University of Lubeck,University of Lubeck,2022-01-28T00:21:27Z,2022-01-28T00:21:27Z,public,Illumina MiSeq,microbiome,PAIRED,PCR,OTHER,Homo sapiens,ILLUMINA,2022-01-29T00:00:00Z,2022-07-27T12:00:00Z,1,SAMEA12221400,6201713434,Illumina MiSeq,ERP134527,6201713434
ERR7959407,AMPLICON,551,31642413,PRJEB49980,SAMEA12221401,18758311,UNIVERSITY OF LUBECK,human,public,"fastq,run.zq,sra","s3,gs,ncbi","s3.us-east-1,ncbi.public,gs.us-east1",2022-01-28,2022-01-28,2022-01-28,2022-01-28,microbiome,ERX7526628,SAMEA12221401,University of Lubeck,University of Lubeck,2022-01-28T00:21:27Z,2022-01-28T00:21:27Z,public,Illumina MiSeq,microbiome,PAIRED,PCR,OTHER,Homo sapiens,ILLUMINA,2022-01-29T00:00:00Z,2022-07-21T10:56:00Z,1,SAMEA12221401,6201713435,Illumina MiSeq,ERP134527,6201713435
ERR7959408,AMPLICON,551,58164136,PRJEB49980,SAMEA12221402,35633536,UNIVERSITY OF LUBECK,human,public,"sra,fastq,run.zq","gs,ncbi,s3","ncbi.public,s3.us-east-1,gs.us-east1",2022-01-28,2022-01-28,2022-01-28,2022-01-28,microbiome,ERX7526629,SAMEA12221402,University of Lubeck,University of Lubeck,2022-01-28T00:21:27Z,2022-01-28T00:21:27Z,public,Illumina MiSeq,microbiome,PAIRED,PCR,OTHER,Homo sapiens,ILLUMINA,2022-01-29T00:00:00Z,2022-07-27T12:00:00Z,1,SAMEA12221402,6201713436,Illumina MiSeq,ERP134527,6201713436
ERR7959409,AMPLICON,551,37832114,PRJEB49980,SAMEA12221403,22538619,UNIVERSITY OF LUBECK,human,public,"sra,fastq,run.zq","s3,gs,ncbi","s3.us-east-1,gs.us-east1,ncbi.public",2022-01-28,2022-01-28,2022-01-28,2022-01-28,microbiome,ERX7526630,SAMEA12221403,University of Lubeck,University of Lubeck,2022-01-28T00:21:27Z,2022-01-28T00:21:27Z,public,Illumina MiSeq,microbiome,PAIRED,PCR,OTHER,Homo sapiens,ILLUMINA,2022-01-29T00:00:00Z,2022-07-27T11:59:00Z,1,SAMEA12221403,6201713437,Illumina MiSeq,ERP134527,6201713437
ERR7959410,AMPLICON,551,35224617,PRJEB49980,SAMEA12221404,21418084,UNIVERSITY OF LUBECK,human,public,"sra,run.zq,fastq","s3,ncbi,gs","s3.us-east-1,ncbi.public,gs.us-east1",2022-01-28,2022-01-28,2022-01-28,2022-01-28,microbiome,ERX7526631,SAMEA12221404,University of Lubeck,University of Lubeck,2022-01-28T00:21:27Z,2022-01-28T00:21:27Z,public,Illumina MiSeq,microbiome,PAIRED,PCR,OTHER,Homo sapiens,ILLUMINA,2022-01-29T00:00:00Z,2022-07-27T12:01:00Z,1,SAMEA12221404,6201713438,Illumina MiSeq,ERP134527,6201713438
ERR7959411,AMPLICON,551,14177871,PRJEB49980,SAMEA12221405,8618497,UNIVERSITY OF LUBECK,human,public,"run.zq,fastq,sra","ncbi,gs,s3","s3.us-east-1,gs.us-east1,ncbi.public",2022-01-28,2022-01-28,2022-01-28,2022-01-28,microbiome,ERX7526632,SAMEA12221405,University of Lubeck,University of Lubeck,2022-01-28T00:21:27Z,2022-01-28T00:21:27Z,public,Illumina MiSeq,microbiome,PAIRED,PCR,OTHER,Homo sapiens,ILLUMINA,2022-01-29T00:00:00Z,2022-07-27T11:59:00Z,1,SAMEA12221405,6201713440,Illumina MiSeq,ERP134527,6201713440
ERR7959412,AMPLICON,551,26937804,PRJEB49980,SAMEA12221406,16019234,UNIVERSITY OF LUBECK,human,public,"fastq,run.zq,sra","ncbi,s3,gs","gs.us-east1,ncbi.public,s3.us-east-1",2022-01-28,2022-01-28,2022-01-28,2022-01-28,microbiome,ERX7526633,SAMEA12221406,University of Lubeck,University of Lubeck,2022-01-28T00:21:27Z,2022-01-28T00:21:27Z,public,Illumina MiSeq,microbiome,PAIRED,PCR,OTHER,Homo sapiens,ILLUMINA,2022-01-29T00:00:00Z,2022-07-16T20:59:00Z,1,SAMEA12221406,6201713441,Illumina MiSeq,ERP134527,6201713441
ERR7959413,AMPLICON,551,51701438,PRJEB49980,SAMEA12221407,30607788,UNIVERSITY OF LUBECK,human,public,"run.zq,fastq,sra","ncbi,s3,gs","gs.us-east1,s3.us-east-1,ncbi.public",2022-01-28,2022-01-28,2022-01-28,2022-01-28,microbiome,ERX7526634,SAMEA12221407,University of Lubeck,University of Lubeck,2022-01-28T00:21:27Z,2022-01-28T00:21:27Z,public,Illumina MiSeq,microbiome,PAIRED,PCR,OTHER,Homo sapiens,ILLUMINA,2022-01-29T00:00:00Z,2022-07-13T19:00:00Z,1,SAMEA12221407,6201713442,Illumina MiSeq,ERP134527,6201713442
ERR7959414,AMPLICON,551,63871134,PRJEB49980,SAMEA12221408,38114939,UNIVERSITY OF LUBECK,human,public,"sra,run.zq,fastq","gs,ncbi,s3","gs.us-east1,ncbi.public,s3.us-east-1",2022-01-28,2022-01-28,2022-01-28,2022-01-28,microbiome,ERX7526635,SAMEA12221408,University of Lubeck,University of Lubeck,2022-01-28T00:21:27Z,2022-01-28T00:21:27Z,public,Illumina MiSeq,microbiome,PAIRED,PCR,OTHER,Homo sapiens,ILLUMINA,2022-01-29T00:00:00Z,2022-07-27T12:02:00Z,1,SAMEA12221408,6201713443,Illumina MiSeq,ERP134527,6201713443
ERR7959415,AMPLICON,551,21055296,PRJEB49980,SAMEA12221409,12749847,UNIVERSITY OF LUBECK,human,public,"fastq,run.zq,sra","s3,ncbi,gs","s3.us-east-1,ncbi.public,gs.us-east1",2022-01-28,2022-01-28,2022-01-28,2022-01-28,microbiome,ERX7526636,SAMEA12221409,University of Lubeck,University of Lubeck,2022-01-28T00:21:27Z,2022-01-28T00:21:27Z,public,Illumina MiSeq,microbiome,PAIRED,PCR,OTHER,Homo sapiens,ILLUMINA,2022-01-29T00:00:00Z,2022-07-14T21:59:00Z,1,SAMEA12221409,6201713444,Illumina MiSeq,ERP134527,6201713444
ERR7959416,AMPLICON,551,27802776,PRJEB49980,SAMEA12221410,16656964,UNIVERSITY OF LUBECK,human,public,"fastq,sra,run.zq","s3,ncbi,gs","gs.us-east1,ncbi.public,s3.us-east-1",2022-01-28,2022-01-28,2022-01-28,2022-01-28,microbiome,ERX7526637,SAMEA12221410,University of Lubeck,University of Lubeck,2022-01-28T00:21:27Z,2022-01-28T00:21:27Z,public,Illumina MiSeq,microbiome,PAIRED,PCR,OTHER,Homo sapiens,ILLUMINA,2022-01-29T00:00:00Z,2022-07-12T21:23:00Z,1,SAMEA12221410,6201713445,Illumina MiSeq,ERP134527,6201713445
ERR7959417,AMPLICON,551,31682668,PRJEB49980,SAMEA12221411,18796920,UNIVERSITY OF LUBECK,human,public,"fastq,sra,run.zq","gs,s3,ncbi","ncbi.public,gs.us-east1,s3.us-east-1",2022-01-28,2022-01-28,2022-01-28,2022-01-28,microbiome,ERX7526638,SAMEA12221411,University of Lubeck,University of Lubeck,2022-01-28T00:21:27Z,2022-01-28T00:21:27Z,public,Illumina MiSeq,microbiome,PAIRED,PCR,OTHER,Homo sapiens,ILLUMINA,2022-01-29T00:00:00Z,2022-07-27T12:02:00Z,1,SAMEA12221411,6201713446,Illumina MiSeq,ERP134527,6201713446
ERR7959418,AMPLICON,551,56053755,PRJEB49980,SAMEA12221412,33305068,UNIVERSITY OF LUBECK,human,public,"fastq,run.zq,sra","gs,s3,ncbi","ncbi.public,gs.us-east1,s3.us-east-1",2022-01-28,2022-01-28,2022-01-28,2022-01-28,microbiome,ERX7526639,SAMEA12221412,University of Lubeck,University of Lubeck,2022-01-28T00:21:27Z,2022-01-28T00:21:27Z,public,Illumina MiSeq,microbiome,PAIRED,PCR,OTHER,Homo sapiens,ILLUMINA,2022-01-29T00:00:00Z,2022-07-14T07:47:00Z,1,SAMEA12221412,6201713447,Illumina MiSeq,ERP134527,6201713447
ERR7959419,AMPLICON,551,18184637,PRJEB49980,SAMEA12221413,11333827,UNIVERSITY OF LUBECK,human,public,"fastq,run.zq,sra","s3,ncbi,gs","ncbi.public,gs.us-east1,s3.us-east-1",2022-01-28,2022-01-28,2022-01-28,2022-01-28,microbiome,ERX7526640,SAMEA12221413,University of Lubeck,University of Lubeck,2022-01-28T00:21:27Z,2022-01-28T00:21:27Z,public,Illumina MiSeq,microbiome,PAIRED,PCR,OTHER,Homo sapiens,ILLUMINA,2022-01-29T00:00:00Z,2022-07-12T17:27:00Z,1,SAMEA12221413,6201713448,Illumina MiSeq,ERP134527,6201713448
ERR7959420,AMPLICON,551,36426490,PRJEB49980,SAMEA12221414,23001192,UNIVERSITY OF LUBECK,human,public,"sra,run.zq,fastq","ncbi,gs,s3","gs.us-east1,ncbi.public,s3.us-east-1",2022-01-28,2022-01-28,2022-01-28,2022-01-28,microbiome,ERX7526641,SAMEA12221414,University of Lubeck,University of Lubeck,2022-01-28T00:21:27Z,2022-01-28T00:21:27Z,public,Illumina MiSeq,microbiome,PAIRED,PCR,OTHER,Homo sapiens,ILLUMINA,2022-01-29T00:00:00Z,2022-07-27T12:00:00Z,1,SAMEA12221414,6201713449,Illumina MiSeq,ERP134527,6201713449
ERR7959421,AMPLICON,452,89630629,PRJEB49980,SAMEA12221415,47637451,UNIVERSITY OF LUBECK,human,public,"run.zq,sra,fastq","ncbi,gs,s3","s3.us-east-1,gs.us-east1,ncbi.public",2022-01-28,2022-01-28,2022-01-28,2022-01-28,microbiome,ERX7526642,SAMEA12221415,University of Lubeck,University of Lubeck,2022-01-28T00:21:27Z,2022-01-28T00:21:27Z,public,Illumina MiSeq,microbiome,PAIRED,PCR,OTHER,Homo sapiens,ILLUMINA,2022-01-29T00:00:00Z,2022-07-13T08:05:00Z,1,SAMEA12221415,6201713450,Illumina MiSeq,ERP134527,6201713450
ERR7959422,AMPLICON,551,35639555,PRJEB49980,SAMEA12221416,20699829,UNIVERSITY OF LUBECK,human,public,"sra,fastq,run.zq","gs,s3,ncbi","s3.us-east-1,gs.us-east1,ncbi.public",2022-01-28,2022-01-28,2022-01-28,2022-01-28,microbiome,ERX7526643,SAMEA12221416,University of Lubeck,University of Lubeck,2022-01-28T00:21:27Z,2022-01-28T00:21:27Z,public,Illumina MiSeq,microbiome,PAIRED,PCR,OTHER,Homo sapiens,ILLUMINA,2022-01-29T00:00:00Z,2022-07-20T19:41:00Z,1,SAMEA12221416,6201713451,Illumina MiSeq,ERP134527,6201713451
ERR7959423,AMPLICON,551,36856556,PRJEB49980,SAMEA12221417,21950809,UNIVERSITY OF LUBECK,human,public,"run.zq,fastq,sra","ncbi,gs,s3","gs.us-east1,ncbi.public,s3.us-east-1",2022-01-28,2022-01-28,2022-01-28,2022-01-28,microbiome,ERX7526644,SAMEA12221417,University of Lubeck,University of Lubeck,2022-01-28T00:21:27Z,2022-01-28T00:21:27Z,public,Illumina MiSeq,microbiome,PAIRED,PCR,OTHER,Homo sapiens,ILLUMINA,2022-01-29T00:00:00Z,2022-07-27T12:02:00Z,1,SAMEA12221417,6201713452,Illumina MiSeq,ERP134527,6201713452
ERR7959424,AMPLICON,551,43651432,PRJEB49980,SAMEA12221418,26685116,UNIVERSITY OF LUBECK,human,public,"run.zq,sra,fastq","s3,gs,ncbi","gs.us-east1,ncbi.public,s3.us-east-1",2022-01-28,2022-01-28,2022-01-28,2022-01-28,microbiome,ERX7526645,SAMEA12221418,University of Lubeck,University of Lubeck,2022-01-28T00:21:27Z,2022-01-28T00:21:27Z,public,Illumina MiSeq,microbiome,PAIRED,PCR,OTHER,Homo sapiens,ILLUMINA,2022-01-29T00:00:00Z,2022-07-19T14:31:00Z,1,SAMEA12221418,6201713453,Illumina MiSeq,ERP134527,6201713453
ERR7959425,AMPLICON,551,29617710,PRJEB49980,SAMEA12221419,17396325,UNIVERSITY OF LUBECK,human,public,"run.zq,sra,fastq","ncbi,gs,s3","gs.us-east1,s3.us-east-1,ncbi.public",2022-01-28,2022-01-28,2022-01-28,2022-01-28,microbiome,ERX7526646,SAMEA12221419,University of Lubeck,University of Lubeck,2022-01-28T00:21:27Z,2022-01-28T00:21:27Z,public,Illumina MiSeq,microbiome,PAIRED,PCR,OTHER,Homo sapiens,ILLUMINA,2022-01-29T00:00:00Z,2022-07-23T02:49:00Z,1,SAMEA12221419,6201713454,Illumina MiSeq,ERP134527,6201713454
ERR7959426,AMPLICON,551,49735955,PRJEB49980,SAMEA12221420,29094415,UNIVERSITY OF LUBECK,human,public,"fastq,run.zq,sra","gs,s3,ncbi","s3.us-east-1,ncbi.public,gs.us-east1",2022-01-28,2022-01-28,2022-01-28,2022-01-28,microbiome,ERX7526647,SAMEA12221420,University of Lubeck,University of Lubeck,2022-01-28T00:21:27Z,2022-01-28T00:21:27Z,public,Illumina MiSeq,microbiome,PAIRED,PCR,OTHER,Homo sapiens,ILLUMINA,2022-01-29T00:00:00Z,2022-07-27T12:01:00Z,1,SAMEA12221420,6201713455,Illumina MiSeq,ERP134527,6201713455
ERR7959427,AMPLICON,551,50971674,PRJEB49980,SAMEA12221421,30853892,UNIVERSITY OF LUBECK,human,public,"run.zq,fastq,sra","ncbi,gs,s3","ncbi.public,gs.us-east1,s3.us-east-1",2022-01-28,2022-01-28,2022-01-28,2022-01-28,microbiome,ERX7526648,SAMEA12221421,University of Lubeck,University of Lubeck,2022-01-28T00:21:27Z,2022-01-28T00:21:27Z,public,Illumina MiSeq,microbiome,PAIRED,PCR,OTHER,Homo sapiens,ILLUMINA,2022-01-29T00:00:00Z,2022-07-29T19:48:00Z,1,SAMEA12221421,6201713456,Illumina MiSeq,ERP134527,6201713456
ERR7959428,AMPLICON,551,24391179,PRJEB49980,SAMEA12221422,17621412,UNIVERSITY OF LUBECK,human,public,"fastq,sra,run.zq","gs,ncbi,s3","gs.us-east1,s3.us-east-1,ncbi.public",2022-01-28,2022-01-28,2022-01-28,2022-01-28,microbiome,ERX7526649,SAMEA12221422,University of Lubeck,University of Lubeck,2022-01-28T00:21:27Z,2022-01-28T00:21:27Z,public,Illumina MiSeq,microbiome,PAIRED,PCR,OTHER,Homo sapiens,ILLUMINA,2022-01-29T00:00:00Z,2022-07-22T10:42:00Z,1,SAMEA12221422,6201713457,Illumina MiSeq,ERP134527,6201713457
ERR7959429,AMPLICON,551,26021502,PRJEB49980,SAMEA12221423,15671408,UNIVERSITY OF LUBECK,human,public,"sra,run.zq,fastq","ncbi,gs,s3","gs.us-east1,ncbi.public,s3.us-east-1",2022-01-28,2022-01-28,2022-01-28,2022-01-28,microbiome,ERX7526650,SAMEA12221423,University of Lubeck,University of Lubeck,2022-01-28T00:21:27Z,2022-01-28T00:21:27Z,public,Illumina MiSeq,microbiome,PAIRED,PCR,OTHER,Homo sapiens,ILLUMINA,2022-01-29T00:00:00Z,2022-07-27T12:02:00Z,1,SAMEA12221423,6201713458,Illumina MiSeq,ERP134527,6201713458
ERR7959430,AMPLICON,551,20709078,PRJEB49980,SAMEA12221424,12460319,UNIVERSITY OF LUBECK,human,public,"run.zq,sra,fastq","ncbi,s3,gs","s3.us-east-1,gs.us-east1,ncbi.public",2022-01-28,2022-01-28,2022-01-28,2022-01-28,microbiome,ERX7526651,SAMEA12221424,University of Lubeck,University of Lubeck,2022-01-28T00:21:27Z,2022-01-28T00:21:27Z,public,Illumina MiSeq,microbiome,PAIRED,PCR,OTHER,Homo sapiens,ILLUMINA,2022-01-29T00:00:00Z,2022-07-27T12:00:00Z,1,SAMEA12221424,6201713459,Illumina MiSeq,ERP134527,6201713459
ERR7959431,AMPLICON,551,23761990,PRJEB49980,SAMEA12221425,14237780,UNIVERSITY OF LUBECK,human,public,"run.zq,fastq,sra","s3,ncbi,gs","gs.us-east1,ncbi.public,s3.us-east-1",2022-01-28,2022-01-28,2022-01-28,2022-01-28,microbiome,ERX7526652,SAMEA12221425,University of Lubeck,University of Lubeck,2022-01-28T00:21:27Z,2022-01-28T00:21:27Z,public,Illumina MiSeq,microbiome,PAIRED,PCR,OTHER,Homo sapiens,ILLUMINA,2022-01-29T00:00:00Z,2022-07-27T12:00:00Z,1,SAMEA12221425,6201713460,Illumina MiSeq,ERP134527,6201713460
ERR7959432,AMPLICON,551,20492062,PRJEB49980,SAMEA12221426,13982388,UNIVERSITY OF LUBECK,human,public,"fastq,run.zq,sra","gs,s3,ncbi","ncbi.public,s3.us-east-1,gs.us-east1",2022-01-28,2022-01-28,2022-01-28,2022-01-28,microbiome,ERX7526653,SAMEA12221426,University of Lubeck,University of Lubeck,2022-01-28T00:21:27Z,2022-01-28T00:21:27Z,public,Illumina MiSeq,microbiome,PAIRED,PCR,OTHER,Homo sapiens,ILLUMINA,2022-01-29T00:00:00Z,2022-07-27T12:02:00Z,1,SAMEA12221426,6201713461,Illumina MiSeq,ERP134527,6201713461
ERR7959433,AMPLICON,551,30468069,PRJEB49980,SAMEA12221427,18183032,UNIVERSITY OF LUBECK,human,public,"fastq,sra,run.zq","s3,ncbi,gs","ncbi.public,s3.us-east-1,gs.us-east1",2022-01-28,2022-01-28,2022-01-28,2022-01-28,microbiome,ERX7526654,SAMEA12221427,University of Lubeck,University of Lubeck,2022-01-28T00:21:27Z,2022-01-28T00:21:27Z,public,Illumina MiSeq,microbiome,PAIRED,PCR,OTHER,Homo sapiens,ILLUMINA,2022-01-29T00:00:00Z,2022-07-19T18:32:00Z,1,SAMEA12221427,6201713462,Illumina MiSeq,ERP134527,6201713462
ERR7959434,AMPLICON,551,45617788,PRJEB49980,SAMEA12221428,27415000,UNIVERSITY OF LUBECK,human,public,"fastq,sra,run.zq","gs,ncbi,s3","gs.us-east1,s3.us-east-1,ncbi.public",2022-01-28,2022-01-28,2022-01-28,2022-01-28,microbiome,ERX7526655,SAMEA12221428,University of Lubeck,University of Lubeck,2022-01-28T00:21:27Z,2022-01-28T00:21:27Z,public,Illumina MiSeq,microbiome,PAIRED,PCR,OTHER,Homo sapiens,ILLUMINA,2022-01-29T00:00:00Z,2022-07-27T12:01:00Z,1,SAMEA12221428,6201713463,Illumina MiSeq,ERP134527,6201713463
ERR7959435,AMPLICON,551,30961720,PRJEB49980,SAMEA12221429,18345572,UNIVERSITY OF LUBECK,human,public,"sra,run.zq,fastq","s3,ncbi,gs","gs.us-east1,ncbi.public,s3.us-east-1",2022-01-28,2022-01-28,2022-01-28,2022-01-28,microbiome,ERX7526656,SAMEA12221429,University of Lubeck,University of Lubeck,2022-01-28T00:21:27Z,2022-01-28T00:21:27Z,public,Illumina MiSeq,microbiome,PAIRED,PCR,OTHER,Homo sapiens,ILLUMINA,2022-01-29T00:00:00Z,2022-07-14T20:52:00Z,1,SAMEA12221429,6201713464,Illumina MiSeq,ERP134527,6201713464
ERR7959436,AMPLICON,452,64842277,PRJEB49980,SAMEA12221430,34419768,UNIVERSITY OF LUBECK,human,public,"sra,run.zq,fastq","gs,s3,ncbi","s3.us-east-1,ncbi.public,gs.us-east1",2022-01-28,2022-01-28,2022-01-28,2022-01-28,microbiome,ERX7526657,SAMEA12221430,University of Lubeck,University of Lubeck,2022-01-28T00:21:27Z,2022-01-28T00:21:27Z,public,Illumina MiSeq,microbiome,PAIRED,PCR,OTHER,Homo sapiens,ILLUMINA,2022-01-29T00:00:00Z,2022-07-19T18:32:00Z,1,SAMEA12221430,6201713465,Illumina MiSeq,ERP134527,6201713465
ERR7959437,AMPLICON,551,21832803,PRJEB49980,SAMEA12221431,13174879,UNIVERSITY OF LUBECK,human,public,"run.zq,fastq,sra","s3,ncbi,gs","ncbi.public,s3.us-east-1,gs.us-east1",2022-01-28,2022-01-28,2022-01-28,2022-01-28,microbiome,ERX7526658,SAMEA12221431,University of Lubeck,University of Lubeck,2022-01-28T00:21:27Z,2022-01-28T00:21:27Z,public,Illumina MiSeq,microbiome,PAIRED,PCR,OTHER,Homo sapiens,ILLUMINA,2022-01-29T00:00:00Z,2022-07-27T12:02:00Z,1,SAMEA12221431,6201713466,Illumina MiSeq,ERP134527,6201713466
ERR7959438,AMPLICON,551,22975933,PRJEB49980,SAMEA12221432,13790529,UNIVERSITY OF LUBECK,human,public,"sra,fastq,run.zq","ncbi,gs,s3","s3.us-east-1,gs.us-east1,ncbi.public",2022-01-28,2022-01-28,2022-01-28,2022-01-28,microbiome,ERX7526659,SAMEA12221432,University of Lubeck,University of Lubeck,2022-01-28T00:21:27Z,2022-01-28T00:21:27Z,public,Illumina MiSeq,microbiome,PAIRED,PCR,OTHER,Homo sapiens,ILLUMINA,2022-01-29T00:00:00Z,2022-07-14T21:59:00Z,1,SAMEA12221432,6201713467,Illumina MiSeq,ERP134527,6201713467
ERR7959439,AMPLICON,452,62821165,PRJEB49980,SAMEA12221433,33562723,UNIVERSITY OF LUBECK,human,public,"fastq,sra,run.zq","ncbi,gs,s3","s3.us-east-1,gs.us-east1,ncbi.public",2022-01-28,2022-01-28,2022-01-28,2022-01-28,microbiome,ERX7526660,SAMEA12221433,University of Lubeck,University of Lubeck,2022-01-28T00:21:27Z,2022-01-28T00:21:27Z,public,Illumina MiSeq,microbiome,PAIRED,PCR,OTHER,Homo sapiens,ILLUMINA,2022-01-29T00:00:00Z,2022-07-22T01:38:00Z,1,SAMEA12221433,6201713468,Illumina MiSeq,ERP134527,6201713468
ERR7959440,AMPLICON,551,37890759,PRJEB49980,SAMEA12221434,24602987,UNIVERSITY OF LUBECK,human,public,"fastq,run.zq,sra","s3,gs,ncbi","gs.us-east1,s3.us-east-1,ncbi.public",2022-01-28,2022-01-28,2022-01-28,2022-01-28,microbiome,ERX7526661,SAMEA12221434,University of Lubeck,University of Lubeck,2022-01-28T00:21:27Z,2022-01-28T00:21:27Z,public,Illumina MiSeq,microbiome,PAIRED,PCR,OTHER,Homo sapiens,ILLUMINA,2022-01-29T00:00:00Z,2022-07-21T08:48:00Z,1,SAMEA12221434,6201713470,Illumina MiSeq,ERP134527,6201713470
ERR7959441,AMPLICON,551,20740503,PRJEB49980,SAMEA12221435,12288265,UNIVERSITY OF LUBECK,human,public,"run.zq,sra,fastq","s3,gs,ncbi","ncbi.public,gs.us-east1,s3.us-east-1",2022-01-28,2022-01-28,2022-01-28,2022-01-28,microbiome,ERX7526662,SAMEA12221435,University of Lubeck,University of Lubeck,2022-01-28T00:21:27Z,2022-01-28T00:21:27Z,public,Illumina MiSeq,microbiome,PAIRED,PCR,OTHER,Homo sapiens,ILLUMINA,2022-01-29T00:00:00Z,2022-07-16T15:20:00Z,1,SAMEA12221435,6201713471,Illumina MiSeq,ERP134527,6201713471
ERR7959442,AMPLICON,551,32206589,PRJEB49980,SAMEA12221436,18933394,UNIVERSITY OF LUBECK,human,public,"sra,run.zq,fastq","gs,s3,ncbi","ncbi.public,s3.us-east-1,gs.us-east1",2022-01-28,2022-01-28,2022-01-28,2022-01-28,microbiome,ERX7526663,SAMEA12221436,University of Lubeck,University of Lubeck,2022-01-28T00:21:27Z,2022-01-28T00:21:27Z,public,Illumina MiSeq,microbiome,PAIRED,PCR,OTHER,Homo sapiens,ILLUMINA,2022-01-29T00:00:00Z,2022-07-14T22:00:00Z,1,SAMEA12221436,6201713472,Illumina MiSeq,ERP134527,6201713472
ERR7959443,AMPLICON,551,60598655,PRJEB49980,SAMEA12221437,36173373,UNIVERSITY OF LUBECK,human,public,"fastq,sra,run.zq","ncbi,s3,gs","gs.us-east1,ncbi.public,s3.us-east-1",2022-01-28,2022-01-28,2022-01-28,2022-01-28,microbiome,ERX7526664,SAMEA12221437,University of Lubeck,University of Lubeck,2022-01-28T00:21:27Z,2022-01-28T00:21:27Z,public,Illumina MiSeq,microbiome,PAIRED,PCR,OTHER,Homo sapiens,ILLUMINA,2022-01-29T00:00:00Z,2022-07-27T12:02:00Z,1,SAMEA12221437,6201713473,Illumina MiSeq,ERP134527,6201713473
ERR7959444,AMPLICON,551,33423551,PRJEB49980,SAMEA12221438,19779089,UNIVERSITY OF LUBECK,human,public,"fastq,run.zq,sra","ncbi,s3,gs","gs.us-east1,s3.us-east-1,ncbi.public",2022-01-28,2022-01-28,2022-01-28,2022-01-28,microbiome,ERX7526665,SAMEA12221438,University of Lubeck,University of Lubeck,2022-01-28T00:21:27Z,2022-01-28T00:21:27Z,public,Illumina MiSeq,microbiome,PAIRED,PCR,OTHER,Homo sapiens,ILLUMINA,2022-01-29T00:00:00Z,2022-07-21T20:07:00Z,1,SAMEA12221438,6201713474,Illumina MiSeq,ERP134527,6201713474
ERR7959445,AMPLICON,551,40233646,PRJEB49980,SAMEA12221439,23984899,UNIVERSITY OF LUBECK,human,public,"fastq,run.zq,sra","gs,s3,ncbi","gs.us-east1,s3.us-east-1,ncbi.public",2022-01-28,2022-01-28,2022-01-28,2022-01-28,microbiome,ERX7526666,SAMEA12221439,University of Lubeck,University of Lubeck,2022-01-28T00:21:27Z,2022-01-28T00:21:27Z,public,Illumina MiSeq,microbiome,PAIRED,PCR,OTHER,Homo sapiens,ILLUMINA,2022-01-29T00:00:00Z,2022-07-27T11:59:00Z,1,SAMEA12221439,6201713475,Illumina MiSeq,ERP134527,6201713475
ERR7959446,AMPLICON,551,15120897,PRJEB49980,SAMEA12221440,8974215,UNIVERSITY OF LUBECK,human,public,"run.zq,sra,fastq","ncbi,s3,gs","gs.us-east1,s3.us-east-1,ncbi.public",2022-01-28,2022-01-28,2022-01-28,2022-01-28,microbiome,ERX7526667,SAMEA12221440,University of Lubeck,University of Lubeck,2022-01-28T00:21:27Z,2022-01-28T00:21:27Z,public,Illumina MiSeq,microbiome,PAIRED,PCR,OTHER,Homo sapiens,ILLUMINA,2022-01-29T00:00:00Z,2022-07-27T12:02:00Z,1,SAMEA12221440,6201713478,Illumina MiSeq,ERP134527,6201713478
ERR7959447,AMPLICON,551,15477515,PRJEB49980,SAMEA12221441,9529372,UNIVERSITY OF LUBECK,human,public,"sra,run.zq,fastq","gs,s3,ncbi","gs.us-east1,s3.us-east-1,ncbi.public",2022-01-28,2022-01-28,2022-01-28,2022-01-28,microbiome,ERX7526668,SAMEA12221441,University of Lubeck,University of Lubeck,2022-01-28T00:21:27Z,2022-01-28T00:21:27Z,public,Illumina MiSeq,microbiome,PAIRED,PCR,OTHER,Homo sapiens,ILLUMINA,2022-01-29T00:00:00Z,2022-07-13T19:00:00Z,1,SAMEA12221441,6201713479,Illumina MiSeq,ERP134527,6201713479
ERR7959448,AMPLICON,551,27968252,PRJEB49980,SAMEA12221442,16988574,UNIVERSITY OF LUBECK,human,public,"sra,run.zq,fastq","gs,s3,ncbi","ncbi.public,gs.us-east1,s3.us-east-1",2022-01-28,2022-01-28,2022-01-28,2022-01-28,microbiome,ERX7526669,SAMEA12221442,University of Lubeck,University of Lubeck,2022-01-28T00:21:27Z,2022-01-28T00:21:27Z,public,Illumina MiSeq,microbiome,PAIRED,PCR,OTHER,Homo sapiens,ILLUMINA,2022-01-29T00:00:00Z,2022-07-27T12:02:00Z,1,SAMEA12221442,6201713480,Illumina MiSeq,ERP134527,6201713480
ERR7959449,AMPLICON,551,28196342,PRJEB49980,SAMEA12221443,17118001,UNIVERSITY OF LUBECK,human,public,"run.zq,fastq,sra","ncbi,s3,gs","ncbi.public,s3.us-east-1,gs.us-east1",2022-01-28,2022-01-28,2022-01-28,2022-01-28,microbiome,ERX7526670,SAMEA12221443,University of Lubeck,University of Lubeck,2022-01-28T00:21:27Z,2022-01-28T00:21:27Z,public,Illumina MiSeq,microbiome,PAIRED,PCR,OTHER,Homo sapiens,ILLUMINA,2022-01-29T00:00:00Z,2022-07-27T12:00:00Z,1,SAMEA12221443,6201713481,Illumina MiSeq,ERP134527,6201713481
ERR7959450,AMPLICON,551,46626489,PRJEB49980,SAMEA12221444,27768820,UNIVERSITY OF LUBECK,human,public,"sra,run.zq,fastq","gs,s3,ncbi","ncbi.public,s3.us-east-1,gs.us-east1",2022-01-28,2022-01-28,2022-01-28,2022-01-28,microbiome,ERX7526671,SAMEA12221444,University of Lubeck,University of Lubeck,2022-01-28T00:21:27Z,2022-01-28T00:21:27Z,public,Illumina MiSeq,microbiome,PAIRED,PCR,OTHER,Homo sapiens,ILLUMINA,2022-01-29T00:00:00Z,2022-07-20T12:08:00Z,1,SAMEA12221444,6201713482,Illumina MiSeq,ERP134527,6201713482
ERR7959451,AMPLICON,452,61691661,PRJEB49980,SAMEA12221445,32881273,UNIVERSITY OF LUBECK,human,public,"sra,fastq,run.zq","s3,gs,ncbi","s3.us-east-1,gs.us-east1,ncbi.public",2022-01-28,2022-01-28,2022-01-28,2022-01-28,microbiome,ERX7526672,SAMEA12221445,University of Lubeck,University of Lubeck,2022-01-28T00:21:27Z,2022-01-28T00:21:27Z,public,Illumina MiSeq,microbiome,PAIRED,PCR,OTHER,Homo sapiens,ILLUMINA,2022-01-29T00:00:00Z,2022-07-23T01:45:00Z,1,SAMEA12221445,6201713483,Illumina MiSeq,ERP134527,6201713483
ERR7959452,AMPLICON,551,54476693,PRJEB49980,SAMEA12221446,33304482,UNIVERSITY OF LUBECK,human,public,"sra,fastq,run.zq","s3,ncbi,gs","gs.us-east1,ncbi.public,s3.us-east-1",2022-01-28,2022-01-28,2022-01-28,2022-01-28,microbiome,ERX7526673,SAMEA12221446,University of Lubeck,University of Lubeck,2022-01-28T00:21:27Z,2022-01-28T00:21:27Z,public,Illumina MiSeq,microbiome,PAIRED,PCR,OTHER,Homo sapiens,ILLUMINA,2022-01-29T00:00:00Z,2022-07-27T12:02:00Z,1,SAMEA12221446,6201713484,Illumina MiSeq,ERP134527,6201713484
ERR7959453,AMPLICON,551,23887668,PRJEB49980,SAMEA12221447,14580061,UNIVERSITY OF LUBECK,human,public,"sra,run.zq,fastq","ncbi,gs,s3","gs.us-east1,ncbi.public,s3.us-east-1",2022-01-28,2022-01-28,2022-01-28,2022-01-28,microbiome,ERX7526674,SAMEA12221447,University of Lubeck,University of Lubeck,2022-01-28T00:21:27Z,2022-01-28T00:21:27Z,public,Illumina MiSeq,microbiome,PAIRED,PCR,OTHER,Homo sapiens,ILLUMINA,2022-01-29T00:00:00Z,2022-07-27T12:02:00Z,1,SAMEA12221447,6201713490,Illumina MiSeq,ERP134527,6201713490
ERR7959454,AMPLICON,551,66729086,PRJEB49980,SAMEA12221448,39378903,UNIVERSITY OF LUBECK,human,public,"sra,fastq,run.zq","gs,s3,ncbi","ncbi.public,gs.us-east1,s3.us-east-1",2022-01-28,2022-01-28,2022-01-28,2022-01-28,microbiome,ERX7526675,SAMEA12221448,University of Lubeck,University of Lubeck,2022-01-28T00:21:27Z,2022-01-28T00:21:27Z,public,Illumina MiSeq,microbiome,PAIRED,PCR,OTHER,Homo sapiens,ILLUMINA,2022-01-29T00:00:00Z,2022-07-27T11:59:00Z,1,SAMEA12221448,6201713491,Illumina MiSeq,ERP134527,6201713491
ERR7959455,AMPLICON,551,25951077,PRJEB49980,SAMEA12221449,15441244,UNIVERSITY OF LUBECK,human,public,"run.zq,fastq,sra","s3,ncbi,gs","ncbi.public,gs.us-east1,s3.us-east-1",2022-01-28,2022-01-28,2022-01-28,2022-01-28,microbiome,ERX7526676,SAMEA12221449,University of Lubeck,University of Lubeck,2022-01-28T00:21:27Z,2022-01-28T00:21:27Z,public,Illumina MiSeq,microbiome,PAIRED,PCR,OTHER,Homo sapiens,ILLUMINA,2022-01-29T00:00:00Z,2022-07-14T23:04:00Z,1,SAMEA12221449,6201713494,Illumina MiSeq,ERP134527,6201713494
ERR7959456,AMPLICON,551,19468113,PRJEB49980,SAMEA12221450,11575094,UNIVERSITY OF LUBECK,human,public,"sra,fastq,run.zq","gs,ncbi,s3","ncbi.public,gs.us-east1,s3.us-east-1",2022-01-28,2022-01-28,2022-01-28,2022-01-28,microbiome,ERX7526677,SAMEA12221450,University of Lubeck,University of Lubeck,2022-01-28T00:21:27Z,2022-01-28T00:21:27Z,public,Illumina MiSeq,microbiome,PAIRED,PCR,OTHER,Homo sapiens,ILLUMINA,2022-01-29T00:00:00Z,2022-07-16T11:16:00Z,1,SAMEA12221450,6201713497,Illumina MiSeq,ERP134527,6201713497
ERR7959457,AMPLICON,452,51835664,PRJEB49980,SAMEA12221451,27050068,UNIVERSITY OF LUBECK,human,public,"fastq,sra,run.zq","gs,ncbi,s3","s3.us-east-1,ncbi.public,gs.us-east1",2022-01-28,2022-01-28,2022-01-28,2022-01-28,microbiome,ERX7526678,SAMEA12221451,University of Lubeck,University of Lubeck,2022-01-28T00:21:27Z,2022-01-28T00:21:27Z,public,Illumina MiSeq,microbiome,PAIRED,PCR,OTHER,Homo sapiens,ILLUMINA,2022-01-29T00:00:00Z,2022-07-27T12:02:00Z,1,SAMEA12221451,6201713498,Illumina MiSeq,ERP134527,6201713498
ERR7959458,AMPLICON,551,10225440,PRJEB49980,SAMEA12221452,6058487,UNIVERSITY OF LUBECK,human,public,"run.zq,sra,fastq","ncbi,s3,gs","s3.us-east-1,gs.us-east1,ncbi.public",2022-01-28,2022-01-28,2022-01-28,2022-01-28,microbiome,ERX7526679,SAMEA12221452,University of Lubeck,University of Lubeck,2022-01-28T00:21:27Z,2022-01-28T00:21:27Z,public,Illumina MiSeq,microbiome,PAIRED,PCR,OTHER,Homo sapiens,ILLUMINA,2022-01-29T00:00:00Z,2022-07-29T19:48:00Z,1,SAMEA12221452,6201713500,Illumina MiSeq,ERP134527,6201713500
ERR7959459,AMPLICON,452,62790653,PRJEB49980,SAMEA12221453,33643829,UNIVERSITY OF LUBECK,human,public,"run.zq,fastq,sra","ncbi,gs,s3","s3.us-east-1,gs.us-east1,ncbi.public",2022-01-28,2022-01-28,2022-01-28,2022-01-28,microbiome,ERX7526680,SAMEA12221453,University of Lubeck,University of Lubeck,2022-01-28T00:21:27Z,2022-01-28T00:21:27Z,public,Illumina MiSeq,microbiome,PAIRED,PCR,OTHER,Homo sapiens,ILLUMINA,2022-01-29T00:00:00Z,2022-07-19T21:50:00Z,1,SAMEA12221453,6201713508,Illumina MiSeq,ERP134527,6201713508
ERR7959460,AMPLICON,551,51596935,PRJEB49980,SAMEA12221454,30984148,UNIVERSITY OF LUBECK,human,public,"run.zq,fastq,sra","s3,gs,ncbi","ncbi.public,gs.us-east1,s3.us-east-1",2022-01-28,2022-01-28,2022-01-28,2022-01-28,microbiome,ERX7526681,SAMEA12221454,University of Lubeck,University of Lubeck,2022-01-28T00:21:27Z,2022-01-28T00:21:27Z,public,Illumina MiSeq,microbiome,PAIRED,PCR,OTHER,Homo sapiens,ILLUMINA,2022-01-29T00:00:00Z,2022-07-27T12:01:00Z,1,SAMEA12221454,6201713510,Illumina MiSeq,ERP134527,6201713510
ERR7959461,AMPLICON,452,52278969,PRJEB49980,SAMEA12221455,28819816,UNIVERSITY OF LUBECK,human,public,"run.zq,sra,fastq","gs,ncbi,s3","ncbi.public,s3.us-east-1,gs.us-east1",2022-01-28,2022-01-28,2022-01-28,2022-01-28,microbiome,ERX7526682,SAMEA12221455,University of Lubeck,University of Lubeck,2022-01-28T00:21:27Z,2022-01-28T00:21:27Z,public,Illumina MiSeq,microbiome,PAIRED,PCR,OTHER,Homo sapiens,ILLUMINA,2022-01-29T00:00:00Z,2022-07-14T22:03:00Z,1,SAMEA12221455,6201713511,Illumina MiSeq,ERP134527,6201713511
ERR7959462,AMPLICON,551,35662529,PRJEB49980,SAMEA12221456,20962389,UNIVERSITY OF LUBECK,human,public,"sra,run.zq,fastq","gs,s3,ncbi","gs.us-east1,s3.us-east-1,ncbi.public",2022-01-28,2022-01-28,2022-01-28,2022-01-28,microbiome,ERX7526683,SAMEA12221456,University of Lubeck,University of Lubeck,2022-01-28T00:21:27Z,2022-01-28T00:21:27Z,public,Illumina MiSeq,microbiome,PAIRED,PCR,OTHER,Homo sapiens,ILLUMINA,2022-01-29T00:00:00Z,2022-07-27T11:59:00Z,1,SAMEA12221456,6201713512,Illumina MiSeq,ERP134527,6201713512
ERR7959463,AMPLICON,551,38552092,PRJEB49980,SAMEA12221457,23254346,UNIVERSITY OF LUBECK,human,public,"fastq,sra,run.zq","s3,gs,ncbi","s3.us-east-1,ncbi.public,gs.us-east1",2022-01-28,2022-01-28,2022-01-28,2022-01-28,microbiome,ERX7526684,SAMEA12221457,University of Lubeck,University of Lubeck,2022-01-28T00:21:27Z,2022-01-28T00:21:27Z,public,Illumina MiSeq,microbiome,PAIRED,PCR,OTHER,Homo sapiens,ILLUMINA,2022-01-29T00:00:00Z,2022-07-21T08:49:00Z,1,SAMEA12221457,6201713519,Illumina MiSeq,ERP134527,6201713519
ERR7959464,AMPLICON,551,38897349,PRJEB49980,SAMEA12221458,23188032,UNIVERSITY OF LUBECK,human,public,"run.zq,sra,fastq","s3,gs,ncbi","s3.us-east-1,ncbi.public,gs.us-east1",2022-01-28,2022-01-28,2022-01-28,2022-01-28,microbiome,ERX7526685,SAMEA12221458,University of Lubeck,University of Lubeck,2022-01-28T00:21:27Z,2022-01-28T00:21:27Z,public,Illumina MiSeq,microbiome,PAIRED,PCR,OTHER,Homo sapiens,ILLUMINA,2022-01-29T00:00:00Z,2022-07-20T01:31:00Z,1,SAMEA12221458,6201713520,Illumina MiSeq,ERP134527,6201713520
ERR7959465,AMPLICON,551,33392963,PRJEB49980,SAMEA12221459,19945873,UNIVERSITY OF LUBECK,human,public,"fastq,run.zq,sra","s3,gs,ncbi","ncbi.public,s3.us-east-1,gs.us-east1",2022-01-28,2022-01-28,2022-01-28,2022-01-28,microbiome,ERX7526686,SAMEA12221459,University of Lubeck,University of Lubeck,2022-01-28T00:21:27Z,2022-01-28T00:21:27Z,public,Illumina MiSeq,microbiome,PAIRED,PCR,OTHER,Homo sapiens,ILLUMINA,2022-01-29T00:00:00Z,2022-07-19T19:32:00Z,1,SAMEA12221459,6201713521,Illumina MiSeq,ERP134527,6201713521
ERR7959466,AMPLICON,551,65305365,PRJEB49980,SAMEA12221460,38150344,UNIVERSITY OF LUBECK,human,public,"sra,fastq,run.zq","s3,gs,ncbi","s3.us-east-1,gs.us-east1,ncbi.public",2022-01-28,2022-01-28,2022-01-28,2022-01-28,microbiome,ERX7526687,SAMEA12221460,University of Lubeck,University of Lubeck,2022-01-28T00:21:27Z,2022-01-28T00:21:27Z,public,Illumina MiSeq,microbiome,PAIRED,PCR,OTHER,Homo sapiens,ILLUMINA,2022-01-29T00:00:00Z,2022-07-22T06:34:00Z,1,SAMEA12221460,6201713522,Illumina MiSeq,ERP134527,6201713522
ERR7959467,AMPLICON,551,103772716,PRJEB49980,SAMEA12221461,61567096,UNIVERSITY OF LUBECK,human,public,"fastq,sra,run.zq","gs,ncbi,s3","gs.us-east1,ncbi.public,s3.us-east-1",2022-01-28,2022-01-28,2022-01-28,2022-01-28,microbiome,ERX7526688,SAMEA12221461,University of Lubeck,University of Lubeck,2022-01-28T00:21:27Z,2022-01-28T00:21:27Z,public,Illumina MiSeq,microbiome,PAIRED,PCR,OTHER,Homo sapiens,ILLUMINA,2022-01-29T00:00:00Z,2022-07-17T08:55:00Z,1,SAMEA12221461,6201713523,Illumina MiSeq,ERP134527,6201713523
ERR7959468,AMPLICON,551,48312766,PRJEB49980,SAMEA12221462,28762952,UNIVERSITY OF LUBECK,human,public,"run.zq,sra,fastq","ncbi,gs,s3","ncbi.public,s3.us-east-1,gs.us-east1",2022-01-28,2022-01-28,2022-01-28,2022-01-28,microbiome,ERX7526689,SAMEA12221462,University of Lubeck,University of Lubeck,2022-01-28T00:21:27Z,2022-01-28T00:21:27Z,public,Illumina MiSeq,microbiome,PAIRED,PCR,OTHER,Homo sapiens,ILLUMINA,2022-01-29T00:00:00Z,2022-07-21T05:47:00Z,1,SAMEA12221462,6201713526,Illumina MiSeq,ERP134527,6201713526
ERR7959469,AMPLICON,551,59514306,PRJEB49980,SAMEA12221463,35406507,UNIVERSITY OF LUBECK,human,public,"sra,run.zq,fastq","ncbi,s3,gs","s3.us-east-1,gs.us-east1,ncbi.public",2022-01-28,2022-01-28,2022-01-28,2022-01-28,microbiome,ERX7526690,SAMEA12221463,University of Lubeck,University of Lubeck,2022-01-28T00:21:27Z,2022-01-28T00:21:27Z,public,Illumina MiSeq,microbiome,PAIRED,PCR,OTHER,Homo sapiens,ILLUMINA,2022-01-29T00:00:00Z,2022-07-27T12:00:00Z,1,SAMEA12221463,6201713527,Illumina MiSeq,ERP134527,6201713527
ERR7959470,AMPLICON,551,32339378,PRJEB49980,SAMEA12221464,19428729,UNIVERSITY OF LUBECK,human,public,"fastq,sra,run.zq","gs,ncbi,s3","ncbi.public,gs.us-east1,s3.us-east-1",2022-01-28,2022-01-28,2022-01-28,2022-01-28,microbiome,ERX7526691,SAMEA12221464,University of Lubeck,University of Lubeck,2022-01-28T00:21:27Z,2022-01-28T00:21:27Z,public,Illumina MiSeq,microbiome,PAIRED,PCR,OTHER,Homo sapiens,ILLUMINA,2022-01-29T00:00:00Z,2022-07-16T15:20:00Z,1,SAMEA12221464,6201713529,Illumina MiSeq,ERP134527,6201713529
ERR7959471,AMPLICON,551,36602914,PRJEB49980,SAMEA12221465,21893877,UNIVERSITY OF LUBECK,human,public,"run.zq,fastq,sra","gs,ncbi,s3","s3.us-east-1,ncbi.public,gs.us-east1",2022-01-28,2022-01-28,2022-01-28,2022-01-28,microbiome,ERX7526692,SAMEA12221465,University of Lubeck,University of Lubeck,2022-01-28T00:21:26Z,2022-01-28T00:21:26Z,public,Illumina MiSeq,microbiome,PAIRED,PCR,OTHER,Homo sapiens,ILLUMINA,2022-01-29T00:00:00Z,2022-07-27T12:00:00Z,1,SAMEA12221465,6201713530,Illumina MiSeq,ERP134527,6201713530
ERR7959472,AMPLICON,551,56181110,PRJEB49980,SAMEA12221466,33148826,UNIVERSITY OF LUBECK,human,public,"sra,fastq,run.zq","ncbi,s3,gs","gs.us-east1,s3.us-east-1,ncbi.public",2022-01-28,2022-01-28,2022-01-28,2022-01-28,microbiome,ERX7526693,SAMEA12221466,University of Lubeck,University of Lubeck,2022-01-28T00:21:27Z,2022-01-28T00:21:27Z,public,Illumina MiSeq,microbiome,PAIRED,PCR,OTHER,Homo sapiens,ILLUMINA,2022-01-29T00:00:00Z,2022-07-27T12:00:00Z,1,SAMEA12221466,6201713531,Illumina MiSeq,ERP134527,6201713531
ERR7959473,AMPLICON,551,32123720,PRJEB49980,SAMEA12221467,19055816,UNIVERSITY OF LUBECK,human,public,"run.zq,sra,fastq","s3,ncbi,gs","s3.us-east-1,ncbi.public,gs.us-east1",2022-01-28,2022-01-28,2022-01-28,2022-01-28,microbiome,ERX7526694,SAMEA12221467,University of Lubeck,University of Lubeck,2022-01-28T00:21:27Z,2022-01-28T00:21:27Z,public,Illumina MiSeq,microbiome,PAIRED,PCR,OTHER,Homo sapiens,ILLUMINA,2022-01-29T00:00:00Z,2022-07-21T19:09:00Z,1,SAMEA12221467,6201713532,Illumina MiSeq,ERP134527,6201713532
ERR7959474,AMPLICON,551,27406155,PRJEB49980,SAMEA12221468,16226187,UNIVERSITY OF LUBECK,human,public,"run.zq,fastq,sra","s3,gs,ncbi","gs.us-east1,s3.us-east-1,ncbi.public",2022-01-28,2022-01-28,2022-01-28,2022-01-28,microbiome,ERX7526695,SAMEA12221468,University of Lubeck,University of Lubeck,2022-01-28T00:21:27Z,2022-01-28T00:21:27Z,public,Illumina MiSeq,microbiome,PAIRED,PCR,OTHER,Homo sapiens,ILLUMINA,2022-01-29T00:00:00Z,2022-07-27T12:02:00Z,1,SAMEA12221468,6201713533,Illumina MiSeq,ERP134527,6201713533
ERR7959475,AMPLICON,551,67571054,PRJEB49980,SAMEA12221469,39044510,UNIVERSITY OF LUBECK,human,public,"fastq,sra,run.zq","s3,gs,ncbi","gs.us-east1,s3.us-east-1,ncbi.public",2022-01-28,2022-01-28,2022-01-28,2022-01-28,microbiome,ERX7526696,SAMEA12221469,University of Lubeck,University of Lubeck,2022-01-28T00:21:27Z,2022-01-28T00:21:27Z,public,Illumina MiSeq,microbiome,PAIRED,PCR,OTHER,Homo sapiens,ILLUMINA,2022-01-29T00:00:00Z,2022-07-14T20:48:00Z,1,SAMEA12221469,6201713534,Illumina MiSeq,ERP134527,6201713534
ERR7959476,AMPLICON,551,39543971,PRJEB49980,SAMEA12221470,23152093,UNIVERSITY OF LUBECK,human,public,"sra,run.zq,fastq","gs,ncbi,s3","s3.us-east-1,gs.us-east1,ncbi.public",2022-01-28,2022-01-28,2022-01-28,2022-01-28,microbiome,ERX7526697,SAMEA12221470,University of Lubeck,University of Lubeck,2022-01-28T00:21:27Z,2022-01-28T00:21:27Z,public,Illumina MiSeq,microbiome,PAIRED,PCR,OTHER,Homo sapiens,ILLUMINA,2022-01-29T00:00:00Z,2022-07-19T21:50:00Z,1,SAMEA12221470,6201713535,Illumina MiSeq,ERP134527,6201713535
ERR7959477,AMPLICON,551,21672030,PRJEB49980,SAMEA12221471,13134194,UNIVERSITY OF LUBECK,human,public,"run.zq,sra,fastq","gs,s3,ncbi","gs.us-east1,s3.us-east-1,ncbi.public",2022-01-28,2022-01-28,2022-01-28,2022-01-28,microbiome,ERX7526698,SAMEA12221471,University of Lubeck,University of Lubeck,2022-01-28T00:21:27Z,2022-01-28T00:21:27Z,public,Illumina MiSeq,microbiome,PAIRED,PCR,OTHER,Homo sapiens,ILLUMINA,2022-01-29T00:00:00Z,2022-07-27T12:00:00Z,1,SAMEA12221471,7201713422,Illumina MiSeq,ERP134527,7201713422
ERR7959478,AMPLICON,551,30332726,PRJEB49980,SAMEA12221472,19561335,UNIVERSITY OF LUBECK,human,public,"fastq,sra,run.zq","ncbi,s3,gs","ncbi.public,gs.us-east1,s3.us-east-1",2022-01-28,2022-01-28,2022-01-28,2022-01-28,microbiome,ERX7526699,SAMEA12221472,University of Lubeck,University of Lubeck,2022-01-28T00:21:27Z,2022-01-28T00:21:27Z,public,Illumina MiSeq,microbiome,PAIRED,PCR,OTHER,Homo sapiens,ILLUMINA,2022-01-29T00:00:00Z,2022-07-13T22:30:00Z,1,SAMEA12221472,7201713439,Illumina MiSeq,ERP134527,7201713439
ERR7959479,AMPLICON,551,24470953,PRJEB49980,SAMEA12221473,14633330,UNIVERSITY OF LUBECK,human,public,"sra,run.zq,fastq","ncbi,gs,s3","ncbi.public,gs.us-east1,s3.us-east-1",2022-01-28,2022-01-28,2022-01-28,2022-01-28,microbiome,ERX7526700,SAMEA12221473,University of Lubeck,University of Lubeck,2022-01-28T00:21:27Z,2022-01-28T00:21:27Z,public,Illumina MiSeq,microbiome,PAIRED,PCR,OTHER,Homo sapiens,ILLUMINA,2022-01-29T00:00:00Z,2022-07-20T01:12:00Z,1,SAMEA12221473,7201713495,Illumina MiSeq,ERP134527,7201713495
ERR7959480,AMPLICON,551,28031954,PRJEB49980,SAMEA12221474,16731866,UNIVERSITY OF LUBECK,human,public,"run.zq,sra,fastq","s3,ncbi,gs","ncbi.public,s3.us-east-1,gs.us-east1",2022-01-28,2022-01-28,2022-01-28,2022-01-28,microbiome,ERX7526701,SAMEA12221474,University of Lubeck,University of Lubeck,2022-01-28T00:21:27Z,2022-01-28T00:21:27Z,public,Illumina MiSeq,microbiome,PAIRED,PCR,OTHER,Homo sapiens,ILLUMINA,2022-01-29T00:00:00Z,2022-07-27T12:00:00Z,1,SAMEA12221474,7201713496,Illumina MiSeq,ERP134527,7201713496
ERR7959481,AMPLICON,551,23183274,PRJEB49980,SAMEA12221475,14176772,UNIVERSITY OF LUBECK,human,public,"run.zq,sra,fastq","ncbi,s3,gs","gs.us-east1,s3.us-east-1,ncbi.public",2022-01-28,2022-01-28,2022-01-28,2022-01-28,microbiome,ERX7526702,SAMEA12221475,University of Lubeck,University of Lubeck,2022-01-28T00:21:27Z,2022-01-28T00:21:27Z,public,Illumina MiSeq,microbiome,PAIRED,PCR,OTHER,Homo sapiens,ILLUMINA,2022-01-29T00:00:00Z,2022-07-13T19:00:00Z,1,SAMEA12221475,7201713499,Illumina MiSeq,ERP134527,7201713499
