run_accession	secondary_study_accession	sample_accession	secondary_sample_accession	experiment_accession	study_accession	submission_accession	tax_id	scientific_name	instrument_platform	instrument_model	library_name	nominal_length	library_layout	library_strategy	library_source	library_selection	read_count	base_count	center_name	first_public	last_updated	experiment_title	study_title	study_alias	experiment_alias	run_alias	fastq_bytes	fastq_md5	fastq_ftp	fastq_aspera	fastq_galaxy	submitted_bytes	submitted_md5	submitted_ftp	submitted_aspera	submitted_galaxy	submitted_format	sra_bytes	sra_md5	sra_ftp	sra_aspera	sra_galaxy	sample_alias	broker_name	sample_title	nominal_sdev	first_created	bam_ftp	bam_bytes	bam_md5
ERR1999767	ERP019513	SAMEA104112438	ERS1776331	ERX2059636	PRJEB17643	ERA952328	256318	metagenome	ILLUMINA	NextSeq 500	BreadMGA		SINGLE	WGS	METAGENOMIC	unspecified	21299272	1689324745	WEIZMANN INSTITUE OF SCIENCE	2017-06-05	2018-11-16	NextSeq 500 sequencing	A randomized trial of bread consumption: Personal glycemic responses and effects on clinical parameters and gut microbiome	ena-STUDY-WEIZMANN INSTITUE OF SCIENCE-03-11-2016-14:19:00:394-624	ena-EXPERIMENT-WEIZMANN INSTITUE OF SCIENCE-03-06-2017-08:52:10:203-1	ena-RUN-WEIZMANN INSTITUE OF SCIENCE-03-06-2017-08:52:10:203-1	1087020012	b54c6f7ae8201ea619e286efe2dc50bf	ftp.sra.ebi.ac.uk/vol1/fastq/ERR199/007/ERR1999767/ERR1999767.fastq.gz	fasp.sra.ebi.ac.uk:/vol1/fastq/ERR199/007/ERR1999767/ERR1999767.fastq.gz	ftp.sra.ebi.ac.uk/vol1/fastq/ERR199/007/ERR1999767/ERR1999767.fastq.gz	997343775	6cca24adf535c54f228ec077c19e9949	ftp.sra.ebi.ac.uk/vol1/run/ERR199/ERR1999767/Subj1_Week1_White_End.fastq.gz	fasp.sra.ebi.ac.uk:/vol1/run/ERR199/ERR1999767/Subj1_Week1_White_End.fastq.gz	ftp.sra.ebi.ac.uk/vol1/run/ERR199/ERR1999767/Subj1_Week1_White_End.fastq.gz	FASTQ	727239932	1a8288b206a8dd6dacd325a99f7bb650	ftp.sra.ebi.ac.uk/vol1/err/ERR199/007/ERR1999767	fasp.sra.ebi.ac.uk:/vol1/err/ERR199/007/ERR1999767	ftp.sra.ebi.ac.uk/vol1/err/ERR199/007/ERR1999767	Subj1_Week1_White_End		Bread project WGS samples		2017-06-03			
ERR1999768	ERP019513	SAMEA104112439	ERS1776332	ERX2059637	PRJEB17643	ERA952328	256318	metagenome	ILLUMINA	NextSeq 500	BreadMGA		SINGLE	WGS	METAGENOMIC	unspecified	20641097	1636679400	WEIZMANN INSTITUE OF SCIENCE	2017-06-05	2018-11-16	NextSeq 500 sequencing	A randomized trial of bread consumption: Personal glycemic responses and effects on clinical parameters and gut microbiome	ena-STUDY-WEIZMANN INSTITUE OF SCIENCE-03-11-2016-14:19:00:394-624	ena-EXPERIMENT-WEIZMANN INSTITUE OF SCIENCE-03-06-2017-08:52:10:203-2	ena-RUN-WEIZMANN INSTITUE OF SCIENCE-03-06-2017-08:52:10:203-2	1053032029	5f97af5886118d36d484553e272ea125	ftp.sra.ebi.ac.uk/vol1/fastq/ERR199/008/ERR1999768/ERR1999768.fastq.gz	fasp.sra.ebi.ac.uk:/vol1/fastq/ERR199/008/ERR1999768/ERR1999768.fastq.gz	ftp.sra.ebi.ac.uk/vol1/fastq/ERR199/008/ERR1999768/ERR1999768.fastq.gz	966310982	b394f79a0037e2b199904250e0019968	ftp.sra.ebi.ac.uk/vol1/run/ERR199/ERR1999768/Subj1_Week1_White_Start.fastq.gz	fasp.sra.ebi.ac.uk:/vol1/run/ERR199/ERR1999768/Subj1_Week1_White_Start.fastq.gz	ftp.sra.ebi.ac.uk/vol1/run/ERR199/ERR1999768/Subj1_Week1_White_Start.fastq.gz	FASTQ	704590422	bef4d6835213a708dcec6667d77040d2	ftp.sra.ebi.ac.uk/vol1/err/ERR199/008/ERR1999768	fasp.sra.ebi.ac.uk:/vol1/err/ERR199/008/ERR1999768	ftp.sra.ebi.ac.uk/vol1/err/ERR199/008/ERR1999768	Subj1_Week1_White_Start		Bread project WGS samples		2017-06-03			
ERR1999773	ERP019513	SAMEA104112444	ERS1776337	ERX2059642	PRJEB17643	ERA952328	256318	metagenome	ILLUMINA	NextSeq 500	BreadMGA		SINGLE	WGS	METAGENOMIC	unspecified	11988277	949971386	WEIZMANN INSTITUE OF SCIENCE	2017-06-05	2018-11-16	NextSeq 500 sequencing	A randomized trial of bread consumption: Personal glycemic responses and effects on clinical parameters and gut microbiome	ena-STUDY-WEIZMANN INSTITUE OF SCIENCE-03-11-2016-14:19:00:394-624	ena-EXPERIMENT-WEIZMANN INSTITUE OF SCIENCE-03-06-2017-08:52:10:204-7	ena-RUN-WEIZMANN INSTITUE OF SCIENCE-03-06-2017-08:52:10:204-7	627627403	0f7c06dfbe0079df6699f36934950219	ftp.sra.ebi.ac.uk/vol1/fastq/ERR199/003/ERR1999773/ERR1999773.fastq.gz	fasp.sra.ebi.ac.uk:/vol1/fastq/ERR199/003/ERR1999773/ERR1999773.fastq.gz	ftp.sra.ebi.ac.uk/vol1/fastq/ERR199/003/ERR1999773/ERR1999773.fastq.gz	577001483	d2f0e65bd750e3ea225d644c8d1242dc	ftp.sra.ebi.ac.uk/vol1/run/ERR199/ERR1999773/Subj2_Week2_White_End.fastq.gz	fasp.sra.ebi.ac.uk:/vol1/run/ERR199/ERR1999773/Subj2_Week2_White_End.fastq.gz	ftp.sra.ebi.ac.uk/vol1/run/ERR199/ERR1999773/Subj2_Week2_White_End.fastq.gz	FASTQ	420269582	22d14a05f213eb170ace65286b92954c	ftp.sra.ebi.ac.uk/vol1/err/ERR199/003/ERR1999773	fasp.sra.ebi.ac.uk:/vol1/err/ERR199/003/ERR1999773	ftp.sra.ebi.ac.uk/vol1/err/ERR199/003/ERR1999773	Subj2_Week2_White_End		Bread project WGS samples		2017-06-03			
ERR1999777	ERP019513	SAMEA104112448	ERS1776341	ERX2059646	PRJEB17643	ERA952328	256318	metagenome	ILLUMINA	NextSeq 500	BreadMGA		SINGLE	WGS	METAGENOMIC	unspecified	6948646	550554886	WEIZMANN INSTITUE OF SCIENCE	2017-06-05	2018-11-16	NextSeq 500 sequencing	A randomized trial of bread consumption: Personal glycemic responses and effects on clinical parameters and gut microbiome	ena-STUDY-WEIZMANN INSTITUE OF SCIENCE-03-11-2016-14:19:00:394-624	ena-EXPERIMENT-WEIZMANN INSTITUE OF SCIENCE-03-06-2017-08:52:10:204-11	ena-RUN-WEIZMANN INSTITUE OF SCIENCE-03-06-2017-08:52:10:204-11	368459699	af58ca3463e8c93103a2966bab8baf10	ftp.sra.ebi.ac.uk/vol1/fastq/ERR199/007/ERR1999777/ERR1999777.fastq.gz	fasp.sra.ebi.ac.uk:/vol1/fastq/ERR199/007/ERR1999777/ERR1999777.fastq.gz	ftp.sra.ebi.ac.uk/vol1/fastq/ERR199/007/ERR1999777/ERR1999777.fastq.gz	338828377	a5f7f1a58e0f953ed55c6468764acc82	ftp.sra.ebi.ac.uk/vol1/run/ERR199/ERR1999777/Subj4_Week1_White_End.fastq.gz	fasp.sra.ebi.ac.uk:/vol1/run/ERR199/ERR1999777/Subj4_Week1_White_End.fastq.gz	ftp.sra.ebi.ac.uk/vol1/run/ERR199/ERR1999777/Subj4_Week1_White_End.fastq.gz	FASTQ	246030137	0c931355838b3fc51be93d53338901fb	ftp.sra.ebi.ac.uk/vol1/err/ERR199/007/ERR1999777	fasp.sra.ebi.ac.uk:/vol1/err/ERR199/007/ERR1999777	ftp.sra.ebi.ac.uk/vol1/err/ERR199/007/ERR1999777	Subj4_Week1_White_End		Bread project WGS samples		2017-06-03			
ERR1999769	ERP019513	SAMEA104112440	ERS1776333	ERX2059638	PRJEB17643	ERA952328	256318	metagenome	ILLUMINA	NextSeq 500	BreadMGA		SINGLE	WGS	METAGENOMIC	unspecified	4617620	365689400	WEIZMANN INSTITUE OF SCIENCE	2017-06-05	2018-11-16	NextSeq 500 sequencing	A randomized trial of bread consumption: Personal glycemic responses and effects on clinical parameters and gut microbiome	ena-STUDY-WEIZMANN INSTITUE OF SCIENCE-03-11-2016-14:19:00:394-624	ena-EXPERIMENT-WEIZMANN INSTITUE OF SCIENCE-03-06-2017-08:52:10:203-3	ena-RUN-WEIZMANN INSTITUE OF SCIENCE-03-06-2017-08:52:10:203-3	248475036	78ff25ffe6db4de454a43dec0fd2d73b	ftp.sra.ebi.ac.uk/vol1/fastq/ERR199/009/ERR1999769/ERR1999769.fastq.gz	fasp.sra.ebi.ac.uk:/vol1/fastq/ERR199/009/ERR1999769/ERR1999769.fastq.gz	ftp.sra.ebi.ac.uk/vol1/fastq/ERR199/009/ERR1999769/ERR1999769.fastq.gz	229039119	8f282953d0ab1074c198eea21cd999c4	ftp.sra.ebi.ac.uk/vol1/run/ERR199/ERR1999769/Subj1_Week2_Srdgh_End.fastq.gz	fasp.sra.ebi.ac.uk:/vol1/run/ERR199/ERR1999769/Subj1_Week2_Srdgh_End.fastq.gz	ftp.sra.ebi.ac.uk/vol1/run/ERR199/ERR1999769/Subj1_Week2_Srdgh_End.fastq.gz	FASTQ	166205359	7fba9f6f98d389f9d8211722c9c4848d	ftp.sra.ebi.ac.uk/vol1/err/ERR199/009/ERR1999769	fasp.sra.ebi.ac.uk:/vol1/err/ERR199/009/ERR1999769	ftp.sra.ebi.ac.uk/vol1/err/ERR199/009/ERR1999769	Subj1_Week2_Srdgh_End		Bread project WGS samples		2017-06-03			
ERR1999779	ERP019513	SAMEA104112450	ERS1776343	ERX2059648	PRJEB17643	ERA952328	256318	metagenome	ILLUMINA	NextSeq 500	BreadMGA		SINGLE	WGS	METAGENOMIC	unspecified	5900653	467515698	WEIZMANN INSTITUE OF SCIENCE	2017-06-05	2018-11-16	NextSeq 500 sequencing	A randomized trial of bread consumption: Personal glycemic responses and effects on clinical parameters and gut microbiome	ena-STUDY-WEIZMANN INSTITUE OF SCIENCE-03-11-2016-14:19:00:394-624	ena-EXPERIMENT-WEIZMANN INSTITUE OF SCIENCE-03-06-2017-08:52:10:204-13	ena-RUN-WEIZMANN INSTITUE OF SCIENCE-03-06-2017-08:52:10:204-13	312446798	e19020fbd96e00b49fc752b554bde5d8	ftp.sra.ebi.ac.uk/vol1/fastq/ERR199/009/ERR1999779/ERR1999779.fastq.gz	fasp.sra.ebi.ac.uk:/vol1/fastq/ERR199/009/ERR1999779/ERR1999779.fastq.gz	ftp.sra.ebi.ac.uk/vol1/fastq/ERR199/009/ERR1999779/ERR1999779.fastq.gz	287760114	206eaf44c1faebdda5f0fb2654e03faa	ftp.sra.ebi.ac.uk/vol1/run/ERR199/ERR1999779/Subj4_Week2_Srdgh_End.fastq.gz	fasp.sra.ebi.ac.uk:/vol1/run/ERR199/ERR1999779/Subj4_Week2_Srdgh_End.fastq.gz	ftp.sra.ebi.ac.uk/vol1/run/ERR199/ERR1999779/Subj4_Week2_Srdgh_End.fastq.gz	FASTQ	208520093	ee0a0ffcd4dcac74f4aa22aa2bcda2b0	ftp.sra.ebi.ac.uk/vol1/err/ERR199/009/ERR1999779	fasp.sra.ebi.ac.uk:/vol1/err/ERR199/009/ERR1999779	ftp.sra.ebi.ac.uk/vol1/err/ERR199/009/ERR1999779	Subj4_Week2_Srdgh_End		Bread project WGS samples		2017-06-03			
ERR1999780	ERP019513	SAMEA104112451	ERS1776344	ERX2059649	PRJEB17643	ERA952328	256318	metagenome	ILLUMINA	NextSeq 500	BreadMGA		SINGLE	WGS	METAGENOMIC	unspecified	2429920	192522358	WEIZMANN INSTITUE OF SCIENCE	2017-06-05	2018-11-16	NextSeq 500 sequencing	A randomized trial of bread consumption: Personal glycemic responses and effects on clinical parameters and gut microbiome	ena-STUDY-WEIZMANN INSTITUE OF SCIENCE-03-11-2016-14:19:00:394-624	ena-EXPERIMENT-WEIZMANN INSTITUE OF SCIENCE-03-06-2017-08:52:10:204-14	ena-RUN-WEIZMANN INSTITUE OF SCIENCE-03-06-2017-08:52:10:204-14	129957347	6a108a36195d7e0cabbae125c066284f	ftp.sra.ebi.ac.uk/vol1/fastq/ERR199/000/ERR1999780/ERR1999780.fastq.gz	fasp.sra.ebi.ac.uk:/vol1/fastq/ERR199/000/ERR1999780/ERR1999780.fastq.gz	ftp.sra.ebi.ac.uk/vol1/fastq/ERR199/000/ERR1999780/ERR1999780.fastq.gz	119821394	94c65e4ca6d908f93252b774d5cc996b	ftp.sra.ebi.ac.uk/vol1/run/ERR199/ERR1999780/Subj4_Week2_Srdgh_Start.fastq.gz	fasp.sra.ebi.ac.uk:/vol1/run/ERR199/ERR1999780/Subj4_Week2_Srdgh_Start.fastq.gz	ftp.sra.ebi.ac.uk/vol1/run/ERR199/ERR1999780/Subj4_Week2_Srdgh_Start.fastq.gz	FASTQ	86619888	b1d7e3467d4541eeadc462345fef0666	ftp.sra.ebi.ac.uk/vol1/err/ERR199/000/ERR1999780	fasp.sra.ebi.ac.uk:/vol1/err/ERR199/000/ERR1999780	ftp.sra.ebi.ac.uk/vol1/err/ERR199/000/ERR1999780	Subj4_Week2_Srdgh_Start		Bread project WGS samples		2017-06-03			
ERR1999782	ERP019513	SAMEA104112453	ERS1776346	ERX2059651	PRJEB17643	ERA952328	256318	metagenome	ILLUMINA	NextSeq 500	BreadMGA		SINGLE	WGS	METAGENOMIC	unspecified	7429293	589250072	WEIZMANN INSTITUE OF SCIENCE	2017-06-05	2018-11-16	NextSeq 500 sequencing	A randomized trial of bread consumption: Personal glycemic responses and effects on clinical parameters and gut microbiome	ena-STUDY-WEIZMANN INSTITUE OF SCIENCE-03-11-2016-14:19:00:394-624	ena-EXPERIMENT-WEIZMANN INSTITUE OF SCIENCE-03-06-2017-08:52:10:204-16	ena-RUN-WEIZMANN INSTITUE OF SCIENCE-03-06-2017-08:52:10:204-16	385617984	f5d322464f3ea6ce0ecb147ff6083f11	ftp.sra.ebi.ac.uk/vol1/fastq/ERR199/002/ERR1999782/ERR1999782.fastq.gz	fasp.sra.ebi.ac.uk:/vol1/fastq/ERR199/002/ERR1999782/ERR1999782.fastq.gz	ftp.sra.ebi.ac.uk/vol1/fastq/ERR199/002/ERR1999782/ERR1999782.fastq.gz	354397374	05e4238b593600c829534a4f988338b5	ftp.sra.ebi.ac.uk/vol1/run/ERR199/ERR1999782/Subj5_Week1_Srdgh_Start.fastq.gz	fasp.sra.ebi.ac.uk:/vol1/run/ERR199/ERR1999782/Subj5_Week1_Srdgh_Start.fastq.gz	ftp.sra.ebi.ac.uk/vol1/run/ERR199/ERR1999782/Subj5_Week1_Srdgh_Start.fastq.gz	FASTQ	256318093	541eeafad77f587c4deca10e29dd33f3	ftp.sra.ebi.ac.uk/vol1/err/ERR199/002/ERR1999782	fasp.sra.ebi.ac.uk:/vol1/err/ERR199/002/ERR1999782	ftp.sra.ebi.ac.uk/vol1/err/ERR199/002/ERR1999782	Subj5_Week1_Srdgh_Start		Bread project WGS samples		2017-06-03			
ERR1999770	ERP019513	SAMEA104112441	ERS1776334	ERX2059639	PRJEB17643	ERA952328	256318	metagenome	ILLUMINA	NextSeq 500	BreadMGA		SINGLE	WGS	METAGENOMIC	unspecified	4292810	340034465	WEIZMANN INSTITUE OF SCIENCE	2017-06-05	2018-11-16	NextSeq 500 sequencing	A randomized trial of bread consumption: Personal glycemic responses and effects on clinical parameters and gut microbiome	ena-STUDY-WEIZMANN INSTITUE OF SCIENCE-03-11-2016-14:19:00:394-624	ena-EXPERIMENT-WEIZMANN INSTITUE OF SCIENCE-03-06-2017-08:52:10:203-4	ena-RUN-WEIZMANN INSTITUE OF SCIENCE-03-06-2017-08:52:10:203-4	230071052	edb0895fd1848cfa743b32b293ff4f75	ftp.sra.ebi.ac.uk/vol1/fastq/ERR199/000/ERR1999770/ERR1999770.fastq.gz	fasp.sra.ebi.ac.uk:/vol1/fastq/ERR199/000/ERR1999770/ERR1999770.fastq.gz	ftp.sra.ebi.ac.uk/vol1/fastq/ERR199/000/ERR1999770/ERR1999770.fastq.gz	212077790	82d51c38b3747314753b9f65267ebabc	ftp.sra.ebi.ac.uk/vol1/run/ERR199/ERR1999770/Subj1_Week2_Srdgh_Start.fastq.gz	fasp.sra.ebi.ac.uk:/vol1/run/ERR199/ERR1999770/Subj1_Week2_Srdgh_Start.fastq.gz	ftp.sra.ebi.ac.uk/vol1/run/ERR199/ERR1999770/Subj1_Week2_Srdgh_Start.fastq.gz	FASTQ	153694924	3f6a1245d769a77dd2b1d455f15cd8c9	ftp.sra.ebi.ac.uk/vol1/err/ERR199/000/ERR1999770	fasp.sra.ebi.ac.uk:/vol1/err/ERR199/000/ERR1999770	ftp.sra.ebi.ac.uk/vol1/err/ERR199/000/ERR1999770	Subj1_Week2_Srdgh_Start		Bread project WGS samples		2017-06-03			
ERR1999788	ERP019513	SAMEA104112459	ERS1776352	ERX2059657	PRJEB17643	ERA952328	256318	metagenome	ILLUMINA	NextSeq 500	BreadMGA		SINGLE	WGS	METAGENOMIC	unspecified	15496117	1227456648	WEIZMANN INSTITUE OF SCIENCE	2017-06-05	2018-11-16	NextSeq 500 sequencing	A randomized trial of bread consumption: Personal glycemic responses and effects on clinical parameters and gut microbiome	ena-STUDY-WEIZMANN INSTITUE OF SCIENCE-03-11-2016-14:19:00:394-624	ena-EXPERIMENT-WEIZMANN INSTITUE OF SCIENCE-03-06-2017-08:52:10:204-22	ena-RUN-WEIZMANN INSTITUE OF SCIENCE-03-06-2017-08:52:10:204-22	813347619	a282ee84c3aec9c9014c4de721a8f7df	ftp.sra.ebi.ac.uk/vol1/fastq/ERR199/008/ERR1999788/ERR1999788.fastq.gz	fasp.sra.ebi.ac.uk:/vol1/fastq/ERR199/008/ERR1999788/ERR1999788.fastq.gz	ftp.sra.ebi.ac.uk/vol1/fastq/ERR199/008/ERR1999788/ERR1999788.fastq.gz	748221260	7b36b88c7541f3e148e921790c28510e	ftp.sra.ebi.ac.uk/vol1/run/ERR199/ERR1999788/Subj6_Week2_Srdgh_Start.fastq.gz	fasp.sra.ebi.ac.uk:/vol1/run/ERR199/ERR1999788/Subj6_Week2_Srdgh_Start.fastq.gz	ftp.sra.ebi.ac.uk/vol1/run/ERR199/ERR1999788/Subj6_Week2_Srdgh_Start.fastq.gz	FASTQ	547051951	8da585e4100707e49c30417a6a299af5	ftp.sra.ebi.ac.uk/vol1/err/ERR199/008/ERR1999788	fasp.sra.ebi.ac.uk:/vol1/err/ERR199/008/ERR1999788	ftp.sra.ebi.ac.uk/vol1/err/ERR199/008/ERR1999788	Subj6_Week2_Srdgh_Start		Bread project WGS samples		2017-06-03			
ERR1999789	ERP019513	SAMEA104112460	ERS1776353	ERX2059658	PRJEB17643	ERA952328	256318	metagenome	ILLUMINA	NextSeq 500	BreadMGA		SINGLE	WGS	METAGENOMIC	unspecified	6916490	548525419	WEIZMANN INSTITUE OF SCIENCE	2017-06-05	2018-11-16	NextSeq 500 sequencing	A randomized trial of bread consumption: Personal glycemic responses and effects on clinical parameters and gut microbiome	ena-STUDY-WEIZMANN INSTITUE OF SCIENCE-03-11-2016-14:19:00:394-624	ena-EXPERIMENT-WEIZMANN INSTITUE OF SCIENCE-03-06-2017-08:52:10:204-23	ena-RUN-WEIZMANN INSTITUE OF SCIENCE-03-06-2017-08:52:10:204-23	360368325	b846bd92a5e61598ed1384b3997ad41e	ftp.sra.ebi.ac.uk/vol1/fastq/ERR199/009/ERR1999789/ERR1999789.fastq.gz	fasp.sra.ebi.ac.uk:/vol1/fastq/ERR199/009/ERR1999789/ERR1999789.fastq.gz	ftp.sra.ebi.ac.uk/vol1/fastq/ERR199/009/ERR1999789/ERR1999789.fastq.gz	331346599	d035167ad80d4a0d206f6565342029c4	ftp.sra.ebi.ac.uk/vol1/run/ERR199/ERR1999789/Subj7_Week1_White_End.fastq.gz	fasp.sra.ebi.ac.uk:/vol1/run/ERR199/ERR1999789/Subj7_Week1_White_End.fastq.gz	ftp.sra.ebi.ac.uk/vol1/run/ERR199/ERR1999789/Subj7_Week1_White_End.fastq.gz	FASTQ	239576268	afbbfbf6045acefc5adc600656f89d77	ftp.sra.ebi.ac.uk/vol1/err/ERR199/009/ERR1999789	fasp.sra.ebi.ac.uk:/vol1/err/ERR199/009/ERR1999789	ftp.sra.ebi.ac.uk/vol1/err/ERR199/009/ERR1999789	Subj7_Week1_White_End		Bread project WGS samples		2017-06-03			
ERR1999790	ERP019513	SAMEA104112461	ERS1776354	ERX2059659	PRJEB17643	ERA952328	256318	metagenome	ILLUMINA	NextSeq 500	BreadMGA		SINGLE	WGS	METAGENOMIC	unspecified	3794106	300517519	WEIZMANN INSTITUE OF SCIENCE	2017-06-05	2018-11-16	NextSeq 500 sequencing	A randomized trial of bread consumption: Personal glycemic responses and effects on clinical parameters and gut microbiome	ena-STUDY-WEIZMANN INSTITUE OF SCIENCE-03-11-2016-14:19:00:394-624	ena-EXPERIMENT-WEIZMANN INSTITUE OF SCIENCE-03-06-2017-08:52:10:204-24	ena-RUN-WEIZMANN INSTITUE OF SCIENCE-03-06-2017-08:52:10:204-24	204023243	2d1a484e83ece77097d1bcd1d1f08541	ftp.sra.ebi.ac.uk/vol1/fastq/ERR199/000/ERR1999790/ERR1999790.fastq.gz	fasp.sra.ebi.ac.uk:/vol1/fastq/ERR199/000/ERR1999790/ERR1999790.fastq.gz	ftp.sra.ebi.ac.uk/vol1/fastq/ERR199/000/ERR1999790/ERR1999790.fastq.gz	187869947	131b68c60a083b3702f58a0fb1dc2c59	ftp.sra.ebi.ac.uk/vol1/run/ERR199/ERR1999790/Subj7_Week1_White_Start.fastq.gz	fasp.sra.ebi.ac.uk:/vol1/run/ERR199/ERR1999790/Subj7_Week1_White_Start.fastq.gz	ftp.sra.ebi.ac.uk/vol1/run/ERR199/ERR1999790/Subj7_Week1_White_Start.fastq.gz	FASTQ	136147893	c522f2ce1a768c086c53b36895bc13a6	ftp.sra.ebi.ac.uk/vol1/err/ERR199/000/ERR1999790	fasp.sra.ebi.ac.uk:/vol1/err/ERR199/000/ERR1999790	ftp.sra.ebi.ac.uk/vol1/err/ERR199/000/ERR1999790	Subj7_Week1_White_Start		Bread project WGS samples		2017-06-03			
ERR1999791	ERP019513	SAMEA104112462	ERS1776355	ERX2059660	PRJEB17643	ERA952328	256318	metagenome	ILLUMINA	NextSeq 500	BreadMGA		SINGLE	WGS	METAGENOMIC	unspecified	6575167	520820715	WEIZMANN INSTITUE OF SCIENCE	2017-06-05	2018-11-16	NextSeq 500 sequencing	A randomized trial of bread consumption: Personal glycemic responses and effects on clinical parameters and gut microbiome	ena-STUDY-WEIZMANN INSTITUE OF SCIENCE-03-11-2016-14:19:00:394-624	ena-EXPERIMENT-WEIZMANN INSTITUE OF SCIENCE-03-06-2017-08:52:10:204-25	ena-RUN-WEIZMANN INSTITUE OF SCIENCE-03-06-2017-08:52:10:204-25	351411849	212f6905da00ae699c29715699965cc1	ftp.sra.ebi.ac.uk/vol1/fastq/ERR199/001/ERR1999791/ERR1999791.fastq.gz	fasp.sra.ebi.ac.uk:/vol1/fastq/ERR199/001/ERR1999791/ERR1999791.fastq.gz	ftp.sra.ebi.ac.uk/vol1/fastq/ERR199/001/ERR1999791/ERR1999791.fastq.gz	323651720	75df45a6771162eb4dee1d5f891d54c9	ftp.sra.ebi.ac.uk/vol1/run/ERR199/ERR1999791/Subj7_Week2_Srdgh_End.fastq.gz	fasp.sra.ebi.ac.uk:/vol1/run/ERR199/ERR1999791/Subj7_Week2_Srdgh_End.fastq.gz	ftp.sra.ebi.ac.uk/vol1/run/ERR199/ERR1999791/Subj7_Week2_Srdgh_End.fastq.gz	FASTQ	235239887	5cc1333579b5aacc38a576bbeac519c1	ftp.sra.ebi.ac.uk/vol1/err/ERR199/001/ERR1999791	fasp.sra.ebi.ac.uk:/vol1/err/ERR199/001/ERR1999791	ftp.sra.ebi.ac.uk/vol1/err/ERR199/001/ERR1999791	Subj7_Week2_Srdgh_End		Bread project WGS samples		2017-06-03			
ERR1999794	ERP019513	SAMEA104112465	ERS1776358	ERX2059663	PRJEB17643	ERA952328	256318	metagenome	ILLUMINA	NextSeq 500	BreadMGA		SINGLE	WGS	METAGENOMIC	unspecified	4029754	319526614	WEIZMANN INSTITUE OF SCIENCE	2017-06-05	2018-11-16	NextSeq 500 sequencing	A randomized trial of bread consumption: Personal glycemic responses and effects on clinical parameters and gut microbiome	ena-STUDY-WEIZMANN INSTITUE OF SCIENCE-03-11-2016-14:19:00:394-624	ena-EXPERIMENT-WEIZMANN INSTITUE OF SCIENCE-03-06-2017-08:52:10:204-28	ena-RUN-WEIZMANN INSTITUE OF SCIENCE-03-06-2017-08:52:10:204-28	211359756	f2a0653ff430575b8069652615166f9d	ftp.sra.ebi.ac.uk/vol1/fastq/ERR199/004/ERR1999794/ERR1999794.fastq.gz	fasp.sra.ebi.ac.uk:/vol1/fastq/ERR199/004/ERR1999794/ERR1999794.fastq.gz	ftp.sra.ebi.ac.uk/vol1/fastq/ERR199/004/ERR1999794/ERR1999794.fastq.gz	194628248	7186aa8a3088c927ff7e8aab4f7b0dc8	ftp.sra.ebi.ac.uk/vol1/run/ERR199/ERR1999794/Subj8_Week1_White_Start.fastq.gz	fasp.sra.ebi.ac.uk:/vol1/run/ERR199/ERR1999794/Subj8_Week1_White_Start.fastq.gz	ftp.sra.ebi.ac.uk/vol1/run/ERR199/ERR1999794/Subj8_Week1_White_Start.fastq.gz	FASTQ	140265758	374925389b82f46b29ca450c0e0db387	ftp.sra.ebi.ac.uk/vol1/err/ERR199/004/ERR1999794	fasp.sra.ebi.ac.uk:/vol1/err/ERR199/004/ERR1999794	ftp.sra.ebi.ac.uk/vol1/err/ERR199/004/ERR1999794	Subj8_Week1_White_Start		Bread project WGS samples		2017-06-03			
ERR1999795	ERP019513	SAMEA104112466	ERS1776359	ERX2059664	PRJEB17643	ERA952328	256318	metagenome	ILLUMINA	NextSeq 500	BreadMGA		SINGLE	WGS	METAGENOMIC	unspecified	5531262	437930319	WEIZMANN INSTITUE OF SCIENCE	2017-06-05	2018-11-16	NextSeq 500 sequencing	A randomized trial of bread consumption: Personal glycemic responses and effects on clinical parameters and gut microbiome	ena-STUDY-WEIZMANN INSTITUE OF SCIENCE-03-11-2016-14:19:00:394-624	ena-EXPERIMENT-WEIZMANN INSTITUE OF SCIENCE-03-06-2017-08:52:10:204-29	ena-RUN-WEIZMANN INSTITUE OF SCIENCE-03-06-2017-08:52:10:204-29	295351149	a38773e8c1fbe221d153fb1afa736d6e	ftp.sra.ebi.ac.uk/vol1/fastq/ERR199/005/ERR1999795/ERR1999795.fastq.gz	fasp.sra.ebi.ac.uk:/vol1/fastq/ERR199/005/ERR1999795/ERR1999795.fastq.gz	ftp.sra.ebi.ac.uk/vol1/fastq/ERR199/005/ERR1999795/ERR1999795.fastq.gz	272342677	b5dbe068a674e259d95cb1abb1b6baef	ftp.sra.ebi.ac.uk/vol1/run/ERR199/ERR1999795/Subj8_Week2_Srdgh_End.fastq.gz	fasp.sra.ebi.ac.uk:/vol1/run/ERR199/ERR1999795/Subj8_Week2_Srdgh_End.fastq.gz	ftp.sra.ebi.ac.uk/vol1/run/ERR199/ERR1999795/Subj8_Week2_Srdgh_End.fastq.gz	FASTQ	197500981	8fa762c62246298c20e48b6fe465b70d	ftp.sra.ebi.ac.uk/vol1/err/ERR199/005/ERR1999795	fasp.sra.ebi.ac.uk:/vol1/err/ERR199/005/ERR1999795	ftp.sra.ebi.ac.uk/vol1/err/ERR199/005/ERR1999795	Subj8_Week2_Srdgh_End		Bread project WGS samples		2017-06-03			
ERR1999798	ERP019513	SAMEA104112469	ERS1776362	ERX2059667	PRJEB17643	ERA952328	256318	metagenome	ILLUMINA	NextSeq 500	BreadMGA		SINGLE	WGS	METAGENOMIC	unspecified	14919643	1182842636	WEIZMANN INSTITUE OF SCIENCE	2017-06-05	2018-11-16	NextSeq 500 sequencing	A randomized trial of bread consumption: Personal glycemic responses and effects on clinical parameters and gut microbiome	ena-STUDY-WEIZMANN INSTITUE OF SCIENCE-03-11-2016-14:19:00:394-624	ena-EXPERIMENT-WEIZMANN INSTITUE OF SCIENCE-03-06-2017-08:52:10:204-32	ena-RUN-WEIZMANN INSTITUE OF SCIENCE-03-06-2017-08:52:10:204-32	764880649	38d822cdb1daef6b77d25f512e7be336	ftp.sra.ebi.ac.uk/vol1/fastq/ERR199/008/ERR1999798/ERR1999798.fastq.gz	fasp.sra.ebi.ac.uk:/vol1/fastq/ERR199/008/ERR1999798/ERR1999798.fastq.gz	ftp.sra.ebi.ac.uk/vol1/fastq/ERR199/008/ERR1999798/ERR1999798.fastq.gz	702274110	5bf4f46a5a89c1a4047f2904d7e23b96	ftp.sra.ebi.ac.uk/vol1/run/ERR199/ERR1999798/Subj9_Week1_White_Start.fastq.gz	fasp.sra.ebi.ac.uk:/vol1/run/ERR199/ERR1999798/Subj9_Week1_White_Start.fastq.gz	ftp.sra.ebi.ac.uk/vol1/run/ERR199/ERR1999798/Subj9_Week1_White_Start.fastq.gz	FASTQ	510461699	f8df86867ea06a23eb4f2ba6f5ee932d	ftp.sra.ebi.ac.uk/vol1/err/ERR199/008/ERR1999798	fasp.sra.ebi.ac.uk:/vol1/err/ERR199/008/ERR1999798	ftp.sra.ebi.ac.uk/vol1/err/ERR199/008/ERR1999798	Subj9_Week1_White_Start		Bread project WGS samples		2017-06-03			
ERR1999799	ERP019513	SAMEA104112470	ERS1776363	ERX2059668	PRJEB17643	ERA952328	256318	metagenome	ILLUMINA	NextSeq 500	BreadMGA		SINGLE	WGS	METAGENOMIC	unspecified	10696055	847656687	WEIZMANN INSTITUE OF SCIENCE	2017-06-05	2018-11-16	NextSeq 500 sequencing	A randomized trial of bread consumption: Personal glycemic responses and effects on clinical parameters and gut microbiome	ena-STUDY-WEIZMANN INSTITUE OF SCIENCE-03-11-2016-14:19:00:394-624	ena-EXPERIMENT-WEIZMANN INSTITUE OF SCIENCE-03-06-2017-08:52:10:204-33	ena-RUN-WEIZMANN INSTITUE OF SCIENCE-03-06-2017-08:52:10:204-33	561273948	8e4b96e8884cf9873193d6dcb2dc3fe8	ftp.sra.ebi.ac.uk/vol1/fastq/ERR199/009/ERR1999799/ERR1999799.fastq.gz	fasp.sra.ebi.ac.uk:/vol1/fastq/ERR199/009/ERR1999799/ERR1999799.fastq.gz	ftp.sra.ebi.ac.uk/vol1/fastq/ERR199/009/ERR1999799/ERR1999799.fastq.gz	516446622	98340a067eaf83fed73477d301fb49f1	ftp.sra.ebi.ac.uk/vol1/run/ERR199/ERR1999799/Subj9_Week2_Srdgh_End.fastq.gz	fasp.sra.ebi.ac.uk:/vol1/run/ERR199/ERR1999799/Subj9_Week2_Srdgh_End.fastq.gz	ftp.sra.ebi.ac.uk/vol1/run/ERR199/ERR1999799/Subj9_Week2_Srdgh_End.fastq.gz	FASTQ	375259528	c87afa8fbc6b8c0b94eda2d61f179b4d	ftp.sra.ebi.ac.uk/vol1/err/ERR199/009/ERR1999799	fasp.sra.ebi.ac.uk:/vol1/err/ERR199/009/ERR1999799	ftp.sra.ebi.ac.uk/vol1/err/ERR199/009/ERR1999799	Subj9_Week2_Srdgh_End		Bread project WGS samples		2017-06-03			
ERR1999800	ERP019513	SAMEA104112471	ERS1776364	ERX2059669	PRJEB17643	ERA952328	256318	metagenome	ILLUMINA	NextSeq 500	BreadMGA		SINGLE	WGS	METAGENOMIC	unspecified	9930171	786879251	WEIZMANN INSTITUE OF SCIENCE	2017-06-05	2018-11-16	NextSeq 500 sequencing	A randomized trial of bread consumption: Personal glycemic responses and effects on clinical parameters and gut microbiome	ena-STUDY-WEIZMANN INSTITUE OF SCIENCE-03-11-2016-14:19:00:394-624	ena-EXPERIMENT-WEIZMANN INSTITUE OF SCIENCE-03-06-2017-08:52:10:204-34	ena-RUN-WEIZMANN INSTITUE OF SCIENCE-03-06-2017-08:52:10:204-34	521673826	e30864b20c3cd3d12d6f361478abdd40	ftp.sra.ebi.ac.uk/vol1/fastq/ERR199/000/ERR1999800/ERR1999800.fastq.gz	fasp.sra.ebi.ac.uk:/vol1/fastq/ERR199/000/ERR1999800/ERR1999800.fastq.gz	ftp.sra.ebi.ac.uk/vol1/fastq/ERR199/000/ERR1999800/ERR1999800.fastq.gz	480133651	f5ad11f3181f524836ad8b5e89995597	ftp.sra.ebi.ac.uk/vol1/run/ERR199/ERR1999800/Subj9_Week2_Srdgh_Start.fastq.gz	fasp.sra.ebi.ac.uk:/vol1/run/ERR199/ERR1999800/Subj9_Week2_Srdgh_Start.fastq.gz	ftp.sra.ebi.ac.uk/vol1/run/ERR199/ERR1999800/Subj9_Week2_Srdgh_Start.fastq.gz	FASTQ	348691212	e8a78f83ac954ba02eec754df608b4d3	ftp.sra.ebi.ac.uk/vol1/err/ERR199/000/ERR1999800	fasp.sra.ebi.ac.uk:/vol1/err/ERR199/000/ERR1999800	ftp.sra.ebi.ac.uk/vol1/err/ERR199/000/ERR1999800	Subj9_Week2_Srdgh_Start		Bread project WGS samples		2017-06-03			
ERR1999802	ERP019513	SAMEA104112473	ERS1776366	ERX2059671	PRJEB17643	ERA952328	256318	metagenome	ILLUMINA	NextSeq 500	BreadMGA		SINGLE	WGS	METAGENOMIC	unspecified	9532455	756083528	WEIZMANN INSTITUE OF SCIENCE	2017-06-05	2018-11-16	NextSeq 500 sequencing	A randomized trial of bread consumption: Personal glycemic responses and effects on clinical parameters and gut microbiome	ena-STUDY-WEIZMANN INSTITUE OF SCIENCE-03-11-2016-14:19:00:394-624	ena-EXPERIMENT-WEIZMANN INSTITUE OF SCIENCE-03-06-2017-08:52:10:204-36	ena-RUN-WEIZMANN INSTITUE OF SCIENCE-03-06-2017-08:52:10:204-36	492000976	93a8cc75afe6aab1268801059f5c3f85	ftp.sra.ebi.ac.uk/vol1/fastq/ERR199/002/ERR1999802/ERR1999802.fastq.gz	fasp.sra.ebi.ac.uk:/vol1/fastq/ERR199/002/ERR1999802/ERR1999802.fastq.gz	ftp.sra.ebi.ac.uk/vol1/fastq/ERR199/002/ERR1999802/ERR1999802.fastq.gz	452065477	221de691720c842dea8f95aa203bb30c	ftp.sra.ebi.ac.uk/vol1/run/ERR199/ERR1999802/Subj10_Week1_Srdgh_Start.fastq.gz	fasp.sra.ebi.ac.uk:/vol1/run/ERR199/ERR1999802/Subj10_Week1_Srdgh_Start.fastq.gz	ftp.sra.ebi.ac.uk/vol1/run/ERR199/ERR1999802/Subj10_Week1_Srdgh_Start.fastq.gz	FASTQ	327046208	981ebc2615abd2e8b148606bb97eb4fd	ftp.sra.ebi.ac.uk/vol1/err/ERR199/002/ERR1999802	fasp.sra.ebi.ac.uk:/vol1/err/ERR199/002/ERR1999802	ftp.sra.ebi.ac.uk/vol1/err/ERR199/002/ERR1999802	Subj10_Week1_Srdgh_Start		Bread project WGS samples		2017-06-03			
ERR1999805	ERP019513	SAMEA104112476	ERS1776369	ERX2059674	PRJEB17643	ERA952328	256318	metagenome	ILLUMINA	NextSeq 500	BreadMGA		SINGLE	WGS	METAGENOMIC	unspecified	1880623	149104542	WEIZMANN INSTITUE OF SCIENCE	2017-06-05	2018-11-16	NextSeq 500 sequencing	A randomized trial of bread consumption: Personal glycemic responses and effects on clinical parameters and gut microbiome	ena-STUDY-WEIZMANN INSTITUE OF SCIENCE-03-11-2016-14:19:00:394-624	ena-EXPERIMENT-WEIZMANN INSTITUE OF SCIENCE-03-06-2017-08:52:10:205-39	ena-RUN-WEIZMANN INSTITUE OF SCIENCE-03-06-2017-08:52:10:205-39	99223789	219ff8de29a1b282b57450111cc110d5	ftp.sra.ebi.ac.uk/vol1/fastq/ERR199/005/ERR1999805/ERR1999805.fastq.gz	fasp.sra.ebi.ac.uk:/vol1/fastq/ERR199/005/ERR1999805/ERR1999805.fastq.gz	ftp.sra.ebi.ac.uk/vol1/fastq/ERR199/005/ERR1999805/ERR1999805.fastq.gz	91336622	c845e29c98d803a4941fd67136cd04a2	ftp.sra.ebi.ac.uk/vol1/run/ERR199/ERR1999805/Subj11_Week1_Srdgh_End.fastq.gz	fasp.sra.ebi.ac.uk:/vol1/run/ERR199/ERR1999805/Subj11_Week1_Srdgh_End.fastq.gz	ftp.sra.ebi.ac.uk/vol1/run/ERR199/ERR1999805/Subj11_Week1_Srdgh_End.fastq.gz	FASTQ	65918853	ec8e0d679648a61c61e2d45c83e5d6b1	ftp.sra.ebi.ac.uk/vol1/err/ERR199/005/ERR1999805	fasp.sra.ebi.ac.uk:/vol1/err/ERR199/005/ERR1999805	ftp.sra.ebi.ac.uk/vol1/err/ERR199/005/ERR1999805	Subj11_Week1_Srdgh_End		Bread project WGS samples		2017-06-03			
ERR1999815	ERP019513	SAMEA104112486	ERS1776379	ERX2059684	PRJEB17643	ERA952328	256318	metagenome	ILLUMINA	NextSeq 500	BreadMGA		SINGLE	WGS	METAGENOMIC	unspecified	8105519	642079822	WEIZMANN INSTITUE OF SCIENCE	2017-06-05	2018-11-16	NextSeq 500 sequencing	A randomized trial of bread consumption: Personal glycemic responses and effects on clinical parameters and gut microbiome	ena-STUDY-WEIZMANN INSTITUE OF SCIENCE-03-11-2016-14:19:00:394-624	ena-EXPERIMENT-WEIZMANN INSTITUE OF SCIENCE-03-06-2017-08:52:10:205-49	ena-RUN-WEIZMANN INSTITUE OF SCIENCE-03-06-2017-08:52:10:205-49	428331897	4045beec6ccb8e95c6e3bf6f4d51f03c	ftp.sra.ebi.ac.uk/vol1/fastq/ERR199/005/ERR1999815/ERR1999815.fastq.gz	fasp.sra.ebi.ac.uk:/vol1/fastq/ERR199/005/ERR1999815/ERR1999815.fastq.gz	ftp.sra.ebi.ac.uk/vol1/fastq/ERR199/005/ERR1999815/ERR1999815.fastq.gz	394351201	633c4fb2201f18373c0cedbab456fa2c	ftp.sra.ebi.ac.uk/vol1/run/ERR199/ERR1999815/Subj13_Week2_White_End.fastq.gz	fasp.sra.ebi.ac.uk:/vol1/run/ERR199/ERR1999815/Subj13_Week2_White_End.fastq.gz	ftp.sra.ebi.ac.uk/vol1/run/ERR199/ERR1999815/Subj13_Week2_White_End.fastq.gz	FASTQ	286620069	a28200a1e1be15b64fe8ef65ee97ede6	ftp.sra.ebi.ac.uk/vol1/err/ERR199/005/ERR1999815	fasp.sra.ebi.ac.uk:/vol1/err/ERR199/005/ERR1999815	ftp.sra.ebi.ac.uk/vol1/err/ERR199/005/ERR1999815	Subj13_Week2_White_End		Bread project WGS samples		2017-06-03			
ERR1999826	ERP019513	SAMEA104112497	ERS1776390	ERX2059695	PRJEB17643	ERA952328	256318	metagenome	ILLUMINA	NextSeq 500	BreadMGA		SINGLE	WGS	METAGENOMIC	unspecified	4598037	364644715	WEIZMANN INSTITUE OF SCIENCE	2017-06-05	2018-11-16	NextSeq 500 sequencing	A randomized trial of bread consumption: Personal glycemic responses and effects on clinical parameters and gut microbiome	ena-STUDY-WEIZMANN INSTITUE OF SCIENCE-03-11-2016-14:19:00:394-624	ena-EXPERIMENT-WEIZMANN INSTITUE OF SCIENCE-03-06-2017-08:52:10:205-60	ena-RUN-WEIZMANN INSTITUE OF SCIENCE-03-06-2017-08:52:10:205-60	238982926	d9570211a2abf158c631864fce753924	ftp.sra.ebi.ac.uk/vol1/fastq/ERR199/006/ERR1999826/ERR1999826.fastq.gz	fasp.sra.ebi.ac.uk:/vol1/fastq/ERR199/006/ERR1999826/ERR1999826.fastq.gz	ftp.sra.ebi.ac.uk/vol1/fastq/ERR199/006/ERR1999826/ERR1999826.fastq.gz	219757161	a80cbad516944a249943f8e84060f059	ftp.sra.ebi.ac.uk/vol1/run/ERR199/ERR1999826/Subj16_Week1_White_Start.fastq.gz	fasp.sra.ebi.ac.uk:/vol1/run/ERR199/ERR1999826/Subj16_Week1_White_Start.fastq.gz	ftp.sra.ebi.ac.uk/vol1/run/ERR199/ERR1999826/Subj16_Week1_White_Start.fastq.gz	FASTQ	158655747	2d4afa781e1c680d9d41add286f389d2	ftp.sra.ebi.ac.uk/vol1/err/ERR199/006/ERR1999826	fasp.sra.ebi.ac.uk:/vol1/err/ERR199/006/ERR1999826	ftp.sra.ebi.ac.uk/vol1/err/ERR199/006/ERR1999826	Subj16_Week1_White_Start		Bread project WGS samples		2017-06-03			
ERR1999829	ERP019513	SAMEA104112500	ERS1776393	ERX2059698	PRJEB17643	ERA952328	256318	metagenome	ILLUMINA	NextSeq 500	BreadMGA		SINGLE	WGS	METAGENOMIC	unspecified	8607508	682585870	WEIZMANN INSTITUE OF SCIENCE	2017-06-05	2018-11-16	NextSeq 500 sequencing	A randomized trial of bread consumption: Personal glycemic responses and effects on clinical parameters and gut microbiome	ena-STUDY-WEIZMANN INSTITUE OF SCIENCE-03-11-2016-14:19:00:394-624	ena-EXPERIMENT-WEIZMANN INSTITUE OF SCIENCE-03-06-2017-08:52:10:205-63	ena-RUN-WEIZMANN INSTITUE OF SCIENCE-03-06-2017-08:52:10:205-63	446144919	fea12118a01b092450c460445ac176e1	ftp.sra.ebi.ac.uk/vol1/fastq/ERR199/009/ERR1999829/ERR1999829.fastq.gz	fasp.sra.ebi.ac.uk:/vol1/fastq/ERR199/009/ERR1999829/ERR1999829.fastq.gz	ftp.sra.ebi.ac.uk/vol1/fastq/ERR199/009/ERR1999829/ERR1999829.fastq.gz	409973730	ff98f6aecc4d21fd898e5bba48310efb	ftp.sra.ebi.ac.uk/vol1/run/ERR199/ERR1999829/Subj17_Week1_Srdgh_End.fastq.gz	fasp.sra.ebi.ac.uk:/vol1/run/ERR199/ERR1999829/Subj17_Week1_Srdgh_End.fastq.gz	ftp.sra.ebi.ac.uk/vol1/run/ERR199/ERR1999829/Subj17_Week1_Srdgh_End.fastq.gz	FASTQ	296768120	1c833559fc89b30e5eaf12eb46592fe5	ftp.sra.ebi.ac.uk/vol1/err/ERR199/009/ERR1999829	fasp.sra.ebi.ac.uk:/vol1/err/ERR199/009/ERR1999829	ftp.sra.ebi.ac.uk/vol1/err/ERR199/009/ERR1999829	Subj17_Week1_Srdgh_End		Bread project WGS samples		2017-06-03			
ERR1999830	ERP019513	SAMEA104112501	ERS1776394	ERX2059699	PRJEB17643	ERA952328	256318	metagenome	ILLUMINA	NextSeq 500	BreadMGA		SINGLE	WGS	METAGENOMIC	unspecified	8322491	659966071	WEIZMANN INSTITUE OF SCIENCE	2017-06-05	2018-11-16	NextSeq 500 sequencing	A randomized trial of bread consumption: Personal glycemic responses and effects on clinical parameters and gut microbiome	ena-STUDY-WEIZMANN INSTITUE OF SCIENCE-03-11-2016-14:19:00:394-624	ena-EXPERIMENT-WEIZMANN INSTITUE OF SCIENCE-03-06-2017-08:52:10:205-64	ena-RUN-WEIZMANN INSTITUE OF SCIENCE-03-06-2017-08:52:10:205-64	433333974	4bae5d099489d0b2b354960095528f4e	ftp.sra.ebi.ac.uk/vol1/fastq/ERR199/000/ERR1999830/ERR1999830.fastq.gz	fasp.sra.ebi.ac.uk:/vol1/fastq/ERR199/000/ERR1999830/ERR1999830.fastq.gz	ftp.sra.ebi.ac.uk/vol1/fastq/ERR199/000/ERR1999830/ERR1999830.fastq.gz	398309448	d66211663b144290f2d5253253de6d95	ftp.sra.ebi.ac.uk/vol1/run/ERR199/ERR1999830/Subj17_Week1_Srdgh_Start.fastq.gz	fasp.sra.ebi.ac.uk:/vol1/run/ERR199/ERR1999830/Subj17_Week1_Srdgh_Start.fastq.gz	ftp.sra.ebi.ac.uk/vol1/run/ERR199/ERR1999830/Subj17_Week1_Srdgh_Start.fastq.gz	FASTQ	288153907	4418fc685a7103ad48e54762b2b37d4a	ftp.sra.ebi.ac.uk/vol1/err/ERR199/000/ERR1999830	fasp.sra.ebi.ac.uk:/vol1/err/ERR199/000/ERR1999830	ftp.sra.ebi.ac.uk/vol1/err/ERR199/000/ERR1999830	Subj17_Week1_Srdgh_Start		Bread project WGS samples		2017-06-03			
ERR1999831	ERP019513	SAMEA104112502	ERS1776395	ERX2059700	PRJEB17643	ERA952328	256318	metagenome	ILLUMINA	NextSeq 500	BreadMGA		SINGLE	WGS	METAGENOMIC	unspecified	4108681	325451519	WEIZMANN INSTITUE OF SCIENCE	2017-06-05	2018-11-16	NextSeq 500 sequencing	A randomized trial of bread consumption: Personal glycemic responses and effects on clinical parameters and gut microbiome	ena-STUDY-WEIZMANN INSTITUE OF SCIENCE-03-11-2016-14:19:00:394-624	ena-EXPERIMENT-WEIZMANN INSTITUE OF SCIENCE-03-06-2017-08:52:10:205-65	ena-RUN-WEIZMANN INSTITUE OF SCIENCE-03-06-2017-08:52:10:205-65	218732065	92a36396f67528dc28067475d7309c52	ftp.sra.ebi.ac.uk/vol1/fastq/ERR199/001/ERR1999831/ERR1999831.fastq.gz	fasp.sra.ebi.ac.uk:/vol1/fastq/ERR199/001/ERR1999831/ERR1999831.fastq.gz	ftp.sra.ebi.ac.uk/vol1/fastq/ERR199/001/ERR1999831/ERR1999831.fastq.gz	201636805	fcc79611319da22ac4abbbb32ff9047a	ftp.sra.ebi.ac.uk/vol1/run/ERR199/ERR1999831/Subj17_Week2_White_End.fastq.gz	fasp.sra.ebi.ac.uk:/vol1/run/ERR199/ERR1999831/Subj17_Week2_White_End.fastq.gz	ftp.sra.ebi.ac.uk/vol1/run/ERR199/ERR1999831/Subj17_Week2_White_End.fastq.gz	FASTQ	145889177	62c1fb61e544b61a5089c9a15ccc2b2e	ftp.sra.ebi.ac.uk/vol1/err/ERR199/001/ERR1999831	fasp.sra.ebi.ac.uk:/vol1/err/ERR199/001/ERR1999831	ftp.sra.ebi.ac.uk/vol1/err/ERR199/001/ERR1999831	Subj17_Week2_White_End		Bread project WGS samples		2017-06-03			
ERR1999832	ERP019513	SAMEA104112503	ERS1776396	ERX2059701	PRJEB17643	ERA952328	256318	metagenome	ILLUMINA	NextSeq 500	BreadMGA		SINGLE	WGS	METAGENOMIC	unspecified	20884770	1654819905	WEIZMANN INSTITUE OF SCIENCE	2017-06-05	2018-11-16	NextSeq 500 sequencing	A randomized trial of bread consumption: Personal glycemic responses and effects on clinical parameters and gut microbiome	ena-STUDY-WEIZMANN INSTITUE OF SCIENCE-03-11-2016-14:19:00:394-624	ena-EXPERIMENT-WEIZMANN INSTITUE OF SCIENCE-03-06-2017-08:52:10:205-66	ena-RUN-WEIZMANN INSTITUE OF SCIENCE-03-06-2017-08:52:10:205-66	1089062217	43d049bcf8863fe94b3321ca9fae85f1	ftp.sra.ebi.ac.uk/vol1/fastq/ERR199/002/ERR1999832/ERR1999832.fastq.gz	fasp.sra.ebi.ac.uk:/vol1/fastq/ERR199/002/ERR1999832/ERR1999832.fastq.gz	ftp.sra.ebi.ac.uk/vol1/fastq/ERR199/002/ERR1999832/ERR1999832.fastq.gz	1001221262	d4daee010d5c4ae002f2cd5183ac818d	ftp.sra.ebi.ac.uk/vol1/run/ERR199/ERR1999832/Subj17_Week2_White_Start.fastq.gz	fasp.sra.ebi.ac.uk:/vol1/run/ERR199/ERR1999832/Subj17_Week2_White_Start.fastq.gz	ftp.sra.ebi.ac.uk/vol1/run/ERR199/ERR1999832/Subj17_Week2_White_Start.fastq.gz	FASTQ	732836827	eacb7da2f128a8c89142a70ccebdfc06	ftp.sra.ebi.ac.uk/vol1/err/ERR199/002/ERR1999832	fasp.sra.ebi.ac.uk:/vol1/err/ERR199/002/ERR1999832	ftp.sra.ebi.ac.uk/vol1/err/ERR199/002/ERR1999832	Subj17_Week2_White_Start		Bread project WGS samples		2017-06-03			
ERR1999839	ERP019513	SAMEA104112510	ERS1776403	ERX2059708	PRJEB17643	ERA952328	256318	metagenome	ILLUMINA	NextSeq 500	BreadMGA		SINGLE	WGS	METAGENOMIC	unspecified	19518978	1546533095	WEIZMANN INSTITUE OF SCIENCE	2017-06-05	2018-11-16	NextSeq 500 sequencing	A randomized trial of bread consumption: Personal glycemic responses and effects on clinical parameters and gut microbiome	ena-STUDY-WEIZMANN INSTITUE OF SCIENCE-03-11-2016-14:19:00:394-624	ena-EXPERIMENT-WEIZMANN INSTITUE OF SCIENCE-03-06-2017-08:52:10:206-73	ena-RUN-WEIZMANN INSTITUE OF SCIENCE-03-06-2017-08:52:10:206-73	1016018363	5a558b95eb04307c46a4e0cd8f8239a3	ftp.sra.ebi.ac.uk/vol1/fastq/ERR199/009/ERR1999839/ERR1999839.fastq.gz	fasp.sra.ebi.ac.uk:/vol1/fastq/ERR199/009/ERR1999839/ERR1999839.fastq.gz	ftp.sra.ebi.ac.uk/vol1/fastq/ERR199/009/ERR1999839/ERR1999839.fastq.gz	934136718	e6ad041ac10926ced9626257be526ba3	ftp.sra.ebi.ac.uk/vol1/run/ERR199/ERR1999839/Subj19_Week2_White_End.fastq.gz	fasp.sra.ebi.ac.uk:/vol1/run/ERR199/ERR1999839/Subj19_Week2_White_End.fastq.gz	ftp.sra.ebi.ac.uk/vol1/run/ERR199/ERR1999839/Subj19_Week2_White_End.fastq.gz	FASTQ	683130240	b6b26485294fb20ceb63849ccff717b8	ftp.sra.ebi.ac.uk/vol1/err/ERR199/009/ERR1999839	fasp.sra.ebi.ac.uk:/vol1/err/ERR199/009/ERR1999839	ftp.sra.ebi.ac.uk/vol1/err/ERR199/009/ERR1999839	Subj19_Week2_White_End		Bread project WGS samples		2017-06-03			
ERR1999842	ERP019513	SAMEA104112513	ERS1776406	ERX2059711	PRJEB17643	ERA952328	256318	metagenome	ILLUMINA	NextSeq 500	BreadMGA		SINGLE	WGS	METAGENOMIC	unspecified	8256791	654642302	WEIZMANN INSTITUE OF SCIENCE	2017-06-05	2018-11-16	NextSeq 500 sequencing	A randomized trial of bread consumption: Personal glycemic responses and effects on clinical parameters and gut microbiome	ena-STUDY-WEIZMANN INSTITUE OF SCIENCE-03-11-2016-14:19:00:394-624	ena-EXPERIMENT-WEIZMANN INSTITUE OF SCIENCE-03-06-2017-08:52:10:206-76	ena-RUN-WEIZMANN INSTITUE OF SCIENCE-03-06-2017-08:52:10:206-76	425683870	b8ba0ff7255df3be9a83082815b1bf3f	ftp.sra.ebi.ac.uk/vol1/fastq/ERR199/002/ERR1999842/ERR1999842.fastq.gz	fasp.sra.ebi.ac.uk:/vol1/fastq/ERR199/002/ERR1999842/ERR1999842.fastq.gz	ftp.sra.ebi.ac.uk/vol1/fastq/ERR199/002/ERR1999842/ERR1999842.fastq.gz	391297281	cfdd6c554a430a044357e58671365746	ftp.sra.ebi.ac.uk/vol1/run/ERR199/ERR1999842/Subj20_Week1_Srdgh_Start.fastq.gz	fasp.sra.ebi.ac.uk:/vol1/run/ERR199/ERR1999842/Subj20_Week1_Srdgh_Start.fastq.gz	ftp.sra.ebi.ac.uk/vol1/run/ERR199/ERR1999842/Subj20_Week1_Srdgh_Start.fastq.gz	FASTQ	282665920	d77c3d745c9bd91cca96d3ff96d72356	ftp.sra.ebi.ac.uk/vol1/err/ERR199/002/ERR1999842	fasp.sra.ebi.ac.uk:/vol1/err/ERR199/002/ERR1999842	ftp.sra.ebi.ac.uk/vol1/err/ERR199/002/ERR1999842	Subj20_Week1_Srdgh_Start		Bread project WGS samples		2017-06-03			
ERR1999843	ERP019513	SAMEA104112514	ERS1776407	ERX2059712	PRJEB17643	ERA952328	256318	metagenome	ILLUMINA	NextSeq 500	BreadMGA		SINGLE	WGS	METAGENOMIC	unspecified	8981112	711669127	WEIZMANN INSTITUE OF SCIENCE	2017-06-05	2018-11-16	NextSeq 500 sequencing	A randomized trial of bread consumption: Personal glycemic responses and effects on clinical parameters and gut microbiome	ena-STUDY-WEIZMANN INSTITUE OF SCIENCE-03-11-2016-14:19:00:394-624	ena-EXPERIMENT-WEIZMANN INSTITUE OF SCIENCE-03-06-2017-08:52:10:206-77	ena-RUN-WEIZMANN INSTITUE OF SCIENCE-03-06-2017-08:52:10:206-77	472398092	2316777e681b6d00972a099d74938089	ftp.sra.ebi.ac.uk/vol1/fastq/ERR199/003/ERR1999843/ERR1999843.fastq.gz	fasp.sra.ebi.ac.uk:/vol1/fastq/ERR199/003/ERR1999843/ERR1999843.fastq.gz	ftp.sra.ebi.ac.uk/vol1/fastq/ERR199/003/ERR1999843/ERR1999843.fastq.gz	435407917	b5474e80ce5bc1be85fbbb932c0d65b0	ftp.sra.ebi.ac.uk/vol1/run/ERR199/ERR1999843/Subj20_Week2_White_End.fastq.gz	fasp.sra.ebi.ac.uk:/vol1/run/ERR199/ERR1999843/Subj20_Week2_White_End.fastq.gz	ftp.sra.ebi.ac.uk/vol1/run/ERR199/ERR1999843/Subj20_Week2_White_End.fastq.gz	FASTQ	315624117	29d76858e1f55a112feb84eba8808c93	ftp.sra.ebi.ac.uk/vol1/err/ERR199/003/ERR1999843	fasp.sra.ebi.ac.uk:/vol1/err/ERR199/003/ERR1999843	ftp.sra.ebi.ac.uk/vol1/err/ERR199/003/ERR1999843	Subj20_Week2_White_End		Bread project WGS samples		2017-06-03			
ERR1999772	ERP019513	SAMEA104112443	ERS1776336	ERX2059641	PRJEB17643	ERA952328	256318	metagenome	ILLUMINA	NextSeq 500	BreadMGA		SINGLE	WGS	METAGENOMIC	unspecified	18620592	1476745130	WEIZMANN INSTITUE OF SCIENCE	2017-06-05	2018-11-16	NextSeq 500 sequencing	A randomized trial of bread consumption: Personal glycemic responses and effects on clinical parameters and gut microbiome	ena-STUDY-WEIZMANN INSTITUE OF SCIENCE-03-11-2016-14:19:00:394-624	ena-EXPERIMENT-WEIZMANN INSTITUE OF SCIENCE-03-06-2017-08:52:10:203-6	ena-RUN-WEIZMANN INSTITUE OF SCIENCE-03-06-2017-08:52:10:203-6	958354353	61b144b5a984b6777232e74246b8dd64	ftp.sra.ebi.ac.uk/vol1/fastq/ERR199/002/ERR1999772/ERR1999772.fastq.gz	fasp.sra.ebi.ac.uk:/vol1/fastq/ERR199/002/ERR1999772/ERR1999772.fastq.gz	ftp.sra.ebi.ac.uk/vol1/fastq/ERR199/002/ERR1999772/ERR1999772.fastq.gz	879190887	dbf3332c231f16ead5e08951728ac63f	ftp.sra.ebi.ac.uk/vol1/run/ERR199/ERR1999772/Subj2_Week1_Srdgh_Start.fastq.gz	fasp.sra.ebi.ac.uk:/vol1/run/ERR199/ERR1999772/Subj2_Week1_Srdgh_Start.fastq.gz	ftp.sra.ebi.ac.uk/vol1/run/ERR199/ERR1999772/Subj2_Week1_Srdgh_Start.fastq.gz	FASTQ	642543422	2de264d4c2893694d6cd28f60c2fae9d	ftp.sra.ebi.ac.uk/vol1/err/ERR199/002/ERR1999772	fasp.sra.ebi.ac.uk:/vol1/err/ERR199/002/ERR1999772	ftp.sra.ebi.ac.uk/vol1/err/ERR199/002/ERR1999772	Subj2_Week1_Srdgh_Start		Bread project WGS samples		2017-06-03			
ERR1999775	ERP019513	SAMEA104112446	ERS1776339	ERX2059644	PRJEB17643	ERA952328	256318	metagenome	ILLUMINA	NextSeq 500	BreadMGA		SINGLE	WGS	METAGENOMIC	unspecified	20636552	1632273217	WEIZMANN INSTITUE OF SCIENCE	2017-06-05	2018-11-16	NextSeq 500 sequencing	A randomized trial of bread consumption: Personal glycemic responses and effects on clinical parameters and gut microbiome	ena-STUDY-WEIZMANN INSTITUE OF SCIENCE-03-11-2016-14:19:00:394-624	ena-EXPERIMENT-WEIZMANN INSTITUE OF SCIENCE-03-06-2017-08:52:10:204-9	ena-RUN-WEIZMANN INSTITUE OF SCIENCE-03-06-2017-08:52:10:204-9	1046735747	e22cc89f6d5bdcf2e94274ed30fe401c	ftp.sra.ebi.ac.uk/vol1/fastq/ERR199/005/ERR1999775/ERR1999775.fastq.gz	fasp.sra.ebi.ac.uk:/vol1/fastq/ERR199/005/ERR1999775/ERR1999775.fastq.gz	ftp.sra.ebi.ac.uk/vol1/fastq/ERR199/005/ERR1999775/ERR1999775.fastq.gz	959872793	d1c3ec17d90387f7061b2883df92fd0a	ftp.sra.ebi.ac.uk/vol1/run/ERR199/ERR1999775/Subj3_Week2_Srdgh_End.fastq.gz	fasp.sra.ebi.ac.uk:/vol1/run/ERR199/ERR1999775/Subj3_Week2_Srdgh_End.fastq.gz	ftp.sra.ebi.ac.uk/vol1/run/ERR199/ERR1999775/Subj3_Week2_Srdgh_End.fastq.gz	FASTQ	705581686	9e5fdf1cb2f8c740c6b596d68dd13410	ftp.sra.ebi.ac.uk/vol1/err/ERR199/005/ERR1999775	fasp.sra.ebi.ac.uk:/vol1/err/ERR199/005/ERR1999775	ftp.sra.ebi.ac.uk/vol1/err/ERR199/005/ERR1999775	Subj3_Week2_Srdgh_End		Bread project WGS samples		2017-06-03			
ERR1999781	ERP019513	SAMEA104112452	ERS1776345	ERX2059650	PRJEB17643	ERA952328	256318	metagenome	ILLUMINA	NextSeq 500	BreadMGA		SINGLE	WGS	METAGENOMIC	unspecified	8200389	650458329	WEIZMANN INSTITUE OF SCIENCE	2017-06-05	2018-11-16	NextSeq 500 sequencing	A randomized trial of bread consumption: Personal glycemic responses and effects on clinical parameters and gut microbiome	ena-STUDY-WEIZMANN INSTITUE OF SCIENCE-03-11-2016-14:19:00:394-624	ena-EXPERIMENT-WEIZMANN INSTITUE OF SCIENCE-03-06-2017-08:52:10:204-15	ena-RUN-WEIZMANN INSTITUE OF SCIENCE-03-06-2017-08:52:10:204-15	423076881	33769a0ec817e8c0e33c4c5b464241dd	ftp.sra.ebi.ac.uk/vol1/fastq/ERR199/001/ERR1999781/ERR1999781.fastq.gz	fasp.sra.ebi.ac.uk:/vol1/fastq/ERR199/001/ERR1999781/ERR1999781.fastq.gz	ftp.sra.ebi.ac.uk/vol1/fastq/ERR199/001/ERR1999781/ERR1999781.fastq.gz	388715059	774024fe5628b804fa6cf333e388f7f5	ftp.sra.ebi.ac.uk/vol1/run/ERR199/ERR1999781/Subj5_Week1_Srdgh_End.fastq.gz	fasp.sra.ebi.ac.uk:/vol1/run/ERR199/ERR1999781/Subj5_Week1_Srdgh_End.fastq.gz	ftp.sra.ebi.ac.uk/vol1/run/ERR199/ERR1999781/Subj5_Week1_Srdgh_End.fastq.gz	FASTQ	281033560	ea08ebc5af1147b25c18b75e010228c2	ftp.sra.ebi.ac.uk/vol1/err/ERR199/001/ERR1999781	fasp.sra.ebi.ac.uk:/vol1/err/ERR199/001/ERR1999781	ftp.sra.ebi.ac.uk/vol1/err/ERR199/001/ERR1999781	Subj5_Week1_Srdgh_End		Bread project WGS samples		2017-06-03			
ERR1999783	ERP019513	SAMEA104112454	ERS1776347	ERX2059652	PRJEB17643	ERA952328	256318	metagenome	ILLUMINA	NextSeq 500	BreadMGA		SINGLE	WGS	METAGENOMIC	unspecified	9135952	723915331	WEIZMANN INSTITUE OF SCIENCE	2017-06-05	2018-11-16	NextSeq 500 sequencing	A randomized trial of bread consumption: Personal glycemic responses and effects on clinical parameters and gut microbiome	ena-STUDY-WEIZMANN INSTITUE OF SCIENCE-03-11-2016-14:19:00:394-624	ena-EXPERIMENT-WEIZMANN INSTITUE OF SCIENCE-03-06-2017-08:52:10:204-17	ena-RUN-WEIZMANN INSTITUE OF SCIENCE-03-06-2017-08:52:10:204-17	482254120	05eabe63272108c69228869cd358f459	ftp.sra.ebi.ac.uk/vol1/fastq/ERR199/003/ERR1999783/ERR1999783.fastq.gz	fasp.sra.ebi.ac.uk:/vol1/fastq/ERR199/003/ERR1999783/ERR1999783.fastq.gz	ftp.sra.ebi.ac.uk/vol1/fastq/ERR199/003/ERR1999783/ERR1999783.fastq.gz	444062810	76957fdd48791d4f80969f878f98d1d3	ftp.sra.ebi.ac.uk/vol1/run/ERR199/ERR1999783/Subj5_Week2_White_End.fastq.gz	fasp.sra.ebi.ac.uk:/vol1/run/ERR199/ERR1999783/Subj5_Week2_White_End.fastq.gz	ftp.sra.ebi.ac.uk/vol1/run/ERR199/ERR1999783/Subj5_Week2_White_End.fastq.gz	FASTQ	322526487	20394e09aad823382d76655f99c2518f	ftp.sra.ebi.ac.uk/vol1/err/ERR199/003/ERR1999783	fasp.sra.ebi.ac.uk:/vol1/err/ERR199/003/ERR1999783	ftp.sra.ebi.ac.uk/vol1/err/ERR199/003/ERR1999783	Subj5_Week2_White_End		Bread project WGS samples		2017-06-03			
ERR1999785	ERP019513	SAMEA104112456	ERS1776349	ERX2059654	PRJEB17643	ERA952328	256318	metagenome	ILLUMINA	NextSeq 500	BreadMGA		SINGLE	WGS	METAGENOMIC	unspecified	5187298	411445712	WEIZMANN INSTITUE OF SCIENCE	2017-06-05	2018-11-16	NextSeq 500 sequencing	A randomized trial of bread consumption: Personal glycemic responses and effects on clinical parameters and gut microbiome	ena-STUDY-WEIZMANN INSTITUE OF SCIENCE-03-11-2016-14:19:00:394-624	ena-EXPERIMENT-WEIZMANN INSTITUE OF SCIENCE-03-06-2017-08:52:10:204-19	ena-RUN-WEIZMANN INSTITUE OF SCIENCE-03-06-2017-08:52:10:204-19	268407998	96e749146c759d8b41b25ed22d2f48f1	ftp.sra.ebi.ac.uk/vol1/fastq/ERR199/005/ERR1999785/ERR1999785.fastq.gz	fasp.sra.ebi.ac.uk:/vol1/fastq/ERR199/005/ERR1999785/ERR1999785.fastq.gz	ftp.sra.ebi.ac.uk/vol1/fastq/ERR199/005/ERR1999785/ERR1999785.fastq.gz	246689209	a818129d15325b0e4df1ed5e57faaf0c	ftp.sra.ebi.ac.uk/vol1/run/ERR199/ERR1999785/Subj6_Week1_White_End.fastq.gz	fasp.sra.ebi.ac.uk:/vol1/run/ERR199/ERR1999785/Subj6_Week1_White_End.fastq.gz	ftp.sra.ebi.ac.uk/vol1/run/ERR199/ERR1999785/Subj6_Week1_White_End.fastq.gz	FASTQ	178073575	46c91b219ffafb11ba0e44645cecc3e7	ftp.sra.ebi.ac.uk/vol1/err/ERR199/005/ERR1999785	fasp.sra.ebi.ac.uk:/vol1/err/ERR199/005/ERR1999785	ftp.sra.ebi.ac.uk/vol1/err/ERR199/005/ERR1999785	Subj6_Week1_White_End		Bread project WGS samples		2017-06-03			
ERR1999786	ERP019513	SAMEA104112457	ERS1776350	ERX2059655	PRJEB17643	ERA952328	256318	metagenome	ILLUMINA	NextSeq 500	BreadMGA		SINGLE	WGS	METAGENOMIC	unspecified	5020801	397995667	WEIZMANN INSTITUE OF SCIENCE	2017-06-05	2018-11-16	NextSeq 500 sequencing	A randomized trial of bread consumption: Personal glycemic responses and effects on clinical parameters and gut microbiome	ena-STUDY-WEIZMANN INSTITUE OF SCIENCE-03-11-2016-14:19:00:394-624	ena-EXPERIMENT-WEIZMANN INSTITUE OF SCIENCE-03-06-2017-08:52:10:204-20	ena-RUN-WEIZMANN INSTITUE OF SCIENCE-03-06-2017-08:52:10:204-20	264946405	4884d4ab63d745c18523625aad652a96	ftp.sra.ebi.ac.uk/vol1/fastq/ERR199/006/ERR1999786/ERR1999786.fastq.gz	fasp.sra.ebi.ac.uk:/vol1/fastq/ERR199/006/ERR1999786/ERR1999786.fastq.gz	ftp.sra.ebi.ac.uk/vol1/fastq/ERR199/006/ERR1999786/ERR1999786.fastq.gz	243698582	28c26cd2840451fa1e216d23bc263979	ftp.sra.ebi.ac.uk/vol1/run/ERR199/ERR1999786/Subj6_Week1_White_Start.fastq.gz	fasp.sra.ebi.ac.uk:/vol1/run/ERR199/ERR1999786/Subj6_Week1_White_Start.fastq.gz	ftp.sra.ebi.ac.uk/vol1/run/ERR199/ERR1999786/Subj6_Week1_White_Start.fastq.gz	FASTQ	176436080	a5c9a923529e1d5fdb119dc82ad1cd1c	ftp.sra.ebi.ac.uk/vol1/err/ERR199/006/ERR1999786	fasp.sra.ebi.ac.uk:/vol1/err/ERR199/006/ERR1999786	ftp.sra.ebi.ac.uk/vol1/err/ERR199/006/ERR1999786	Subj6_Week1_White_Start		Bread project WGS samples		2017-06-03			
ERR1999787	ERP019513	SAMEA104112458	ERS1776351	ERX2059656	PRJEB17643	ERA952328	256318	metagenome	ILLUMINA	NextSeq 500	BreadMGA		SINGLE	WGS	METAGENOMIC	unspecified	11414112	904605456	WEIZMANN INSTITUE OF SCIENCE	2017-06-05	2018-11-16	NextSeq 500 sequencing	A randomized trial of bread consumption: Personal glycemic responses and effects on clinical parameters and gut microbiome	ena-STUDY-WEIZMANN INSTITUE OF SCIENCE-03-11-2016-14:19:00:394-624	ena-EXPERIMENT-WEIZMANN INSTITUE OF SCIENCE-03-06-2017-08:52:10:204-21	ena-RUN-WEIZMANN INSTITUE OF SCIENCE-03-06-2017-08:52:10:204-21	597893384	87b39facdce4436b793d023593664f1c	ftp.sra.ebi.ac.uk/vol1/fastq/ERR199/007/ERR1999787/ERR1999787.fastq.gz	fasp.sra.ebi.ac.uk:/vol1/fastq/ERR199/007/ERR1999787/ERR1999787.fastq.gz	ftp.sra.ebi.ac.uk/vol1/fastq/ERR199/007/ERR1999787/ERR1999787.fastq.gz	550151941	708ff0b526f2273ddcb55414dbbd94bc	ftp.sra.ebi.ac.uk/vol1/run/ERR199/ERR1999787/Subj6_Week2_Srdgh_End.fastq.gz	fasp.sra.ebi.ac.uk:/vol1/run/ERR199/ERR1999787/Subj6_Week2_Srdgh_End.fastq.gz	ftp.sra.ebi.ac.uk/vol1/run/ERR199/ERR1999787/Subj6_Week2_Srdgh_End.fastq.gz	FASTQ	399698451	a975c11afa2b79b5e380a2915380455a	ftp.sra.ebi.ac.uk/vol1/err/ERR199/007/ERR1999787	fasp.sra.ebi.ac.uk:/vol1/err/ERR199/007/ERR1999787	ftp.sra.ebi.ac.uk/vol1/err/ERR199/007/ERR1999787	Subj6_Week2_Srdgh_End		Bread project WGS samples		2017-06-03			
ERR1999792	ERP019513	SAMEA104112463	ERS1776356	ERX2059661	PRJEB17643	ERA952328	256318	metagenome	ILLUMINA	NextSeq 500	BreadMGA		SINGLE	WGS	METAGENOMIC	unspecified	6133106	485812417	WEIZMANN INSTITUE OF SCIENCE	2017-06-05	2018-11-16	NextSeq 500 sequencing	A randomized trial of bread consumption: Personal glycemic responses and effects on clinical parameters and gut microbiome	ena-STUDY-WEIZMANN INSTITUE OF SCIENCE-03-11-2016-14:19:00:394-624	ena-EXPERIMENT-WEIZMANN INSTITUE OF SCIENCE-03-06-2017-08:52:10:204-26	ena-RUN-WEIZMANN INSTITUE OF SCIENCE-03-06-2017-08:52:10:204-26	327752813	12713479176a61af8c34c5658f484535	ftp.sra.ebi.ac.uk/vol1/fastq/ERR199/002/ERR1999792/ERR1999792.fastq.gz	fasp.sra.ebi.ac.uk:/vol1/fastq/ERR199/002/ERR1999792/ERR1999792.fastq.gz	ftp.sra.ebi.ac.uk/vol1/fastq/ERR199/002/ERR1999792/ERR1999792.fastq.gz	302303402	d213faa3e7c2a91486c4cb55fbb7b5e4	ftp.sra.ebi.ac.uk/vol1/run/ERR199/ERR1999792/Subj7_Week2_Srdgh_Start.fastq.gz	fasp.sra.ebi.ac.uk:/vol1/run/ERR199/ERR1999792/Subj7_Week2_Srdgh_Start.fastq.gz	ftp.sra.ebi.ac.uk/vol1/run/ERR199/ERR1999792/Subj7_Week2_Srdgh_Start.fastq.gz	FASTQ	219127267	41149125dea950b4d503462a782d2d80	ftp.sra.ebi.ac.uk/vol1/err/ERR199/002/ERR1999792	fasp.sra.ebi.ac.uk:/vol1/err/ERR199/002/ERR1999792	ftp.sra.ebi.ac.uk/vol1/err/ERR199/002/ERR1999792	Subj7_Week2_Srdgh_Start		Bread project WGS samples		2017-06-03			
ERR1999793	ERP019513	SAMEA104112464	ERS1776357	ERX2059662	PRJEB17643	ERA952328	256318	metagenome	ILLUMINA	NextSeq 500	BreadMGA		SINGLE	WGS	METAGENOMIC	unspecified	4080165	323579386	WEIZMANN INSTITUE OF SCIENCE	2017-06-05	2018-11-16	NextSeq 500 sequencing	A randomized trial of bread consumption: Personal glycemic responses and effects on clinical parameters and gut microbiome	ena-STUDY-WEIZMANN INSTITUE OF SCIENCE-03-11-2016-14:19:00:394-624	ena-EXPERIMENT-WEIZMANN INSTITUE OF SCIENCE-03-06-2017-08:52:10:204-27	ena-RUN-WEIZMANN INSTITUE OF SCIENCE-03-06-2017-08:52:10:204-27	214274243	7c94e7ec3f733f52f0d73a9ea12a4fa8	ftp.sra.ebi.ac.uk/vol1/fastq/ERR199/003/ERR1999793/ERR1999793.fastq.gz	fasp.sra.ebi.ac.uk:/vol1/fastq/ERR199/003/ERR1999793/ERR1999793.fastq.gz	ftp.sra.ebi.ac.uk/vol1/fastq/ERR199/003/ERR1999793/ERR1999793.fastq.gz	197175057	f280afc798603fa9927e5e988f850d72	ftp.sra.ebi.ac.uk/vol1/run/ERR199/ERR1999793/Subj8_Week1_White_End.fastq.gz	fasp.sra.ebi.ac.uk:/vol1/run/ERR199/ERR1999793/Subj8_Week1_White_End.fastq.gz	ftp.sra.ebi.ac.uk/vol1/run/ERR199/ERR1999793/Subj8_Week1_White_End.fastq.gz	FASTQ	142220660	4e97e18a71677b566f1a9e5556d9dae8	ftp.sra.ebi.ac.uk/vol1/err/ERR199/003/ERR1999793	fasp.sra.ebi.ac.uk:/vol1/err/ERR199/003/ERR1999793	ftp.sra.ebi.ac.uk/vol1/err/ERR199/003/ERR1999793	Subj8_Week1_White_End		Bread project WGS samples		2017-06-03			
ERR1999796	ERP019513	SAMEA104112467	ERS1776360	ERX2059665	PRJEB17643	ERA952328	256318	metagenome	ILLUMINA	NextSeq 500	BreadMGA		SINGLE	WGS	METAGENOMIC	unspecified	5152386	408215083	WEIZMANN INSTITUE OF SCIENCE	2017-06-05	2018-11-16	NextSeq 500 sequencing	A randomized trial of bread consumption: Personal glycemic responses and effects on clinical parameters and gut microbiome	ena-STUDY-WEIZMANN INSTITUE OF SCIENCE-03-11-2016-14:19:00:394-624	ena-EXPERIMENT-WEIZMANN INSTITUE OF SCIENCE-03-06-2017-08:52:10:204-30	ena-RUN-WEIZMANN INSTITUE OF SCIENCE-03-06-2017-08:52:10:204-30	273100316	63c42f3c1198c7dfcdcf7b7a514d5195	ftp.sra.ebi.ac.uk/vol1/fastq/ERR199/006/ERR1999796/ERR1999796.fastq.gz	fasp.sra.ebi.ac.uk:/vol1/fastq/ERR199/006/ERR1999796/ERR1999796.fastq.gz	ftp.sra.ebi.ac.uk/vol1/fastq/ERR199/006/ERR1999796/ERR1999796.fastq.gz	251644672	8cde8bd3c9fcb521ddf84384c09f3647	ftp.sra.ebi.ac.uk/vol1/run/ERR199/ERR1999796/Subj8_Week2_Srdgh_Start.fastq.gz	fasp.sra.ebi.ac.uk:/vol1/run/ERR199/ERR1999796/Subj8_Week2_Srdgh_Start.fastq.gz	ftp.sra.ebi.ac.uk/vol1/run/ERR199/ERR1999796/Subj8_Week2_Srdgh_Start.fastq.gz	FASTQ	182098659	ddb49bcb93fe4affeb878a22e55df603	ftp.sra.ebi.ac.uk/vol1/err/ERR199/006/ERR1999796	fasp.sra.ebi.ac.uk:/vol1/err/ERR199/006/ERR1999796	ftp.sra.ebi.ac.uk/vol1/err/ERR199/006/ERR1999796	Subj8_Week2_Srdgh_Start		Bread project WGS samples		2017-06-03			
ERR1999797	ERP019513	SAMEA104112468	ERS1776361	ERX2059666	PRJEB17643	ERA952328	256318	metagenome	ILLUMINA	NextSeq 500	BreadMGA		SINGLE	WGS	METAGENOMIC	unspecified	20638003	1637048788	WEIZMANN INSTITUE OF SCIENCE	2017-06-05	2018-11-16	NextSeq 500 sequencing	A randomized trial of bread consumption: Personal glycemic responses and effects on clinical parameters and gut microbiome	ena-STUDY-WEIZMANN INSTITUE OF SCIENCE-03-11-2016-14:19:00:394-624	ena-EXPERIMENT-WEIZMANN INSTITUE OF SCIENCE-03-06-2017-08:52:10:204-31	ena-RUN-WEIZMANN INSTITUE OF SCIENCE-03-06-2017-08:52:10:204-31	1056082289	bfc7e1fc65c251582485ec13ad155b4a	ftp.sra.ebi.ac.uk/vol1/fastq/ERR199/007/ERR1999797/ERR1999797.fastq.gz	fasp.sra.ebi.ac.uk:/vol1/fastq/ERR199/007/ERR1999797/ERR1999797.fastq.gz	ftp.sra.ebi.ac.uk/vol1/fastq/ERR199/007/ERR1999797/ERR1999797.fastq.gz	969010941	f81afe4081dcb3fb83109a746b4f487b	ftp.sra.ebi.ac.uk/vol1/run/ERR199/ERR1999797/Subj9_Week1_White_End.fastq.gz	fasp.sra.ebi.ac.uk:/vol1/run/ERR199/ERR1999797/Subj9_Week1_White_End.fastq.gz	ftp.sra.ebi.ac.uk/vol1/run/ERR199/ERR1999797/Subj9_Week1_White_End.fastq.gz	FASTQ	706717547	f1cb2dfb35289a105690155c98657ee0	ftp.sra.ebi.ac.uk/vol1/err/ERR199/007/ERR1999797	fasp.sra.ebi.ac.uk:/vol1/err/ERR199/007/ERR1999797	ftp.sra.ebi.ac.uk/vol1/err/ERR199/007/ERR1999797	Subj9_Week1_White_End		Bread project WGS samples		2017-06-03			
ERR1999801	ERP019513	SAMEA104112472	ERS1776365	ERX2059670	PRJEB17643	ERA952328	256318	metagenome	ILLUMINA	NextSeq 500	BreadMGA		SINGLE	WGS	METAGENOMIC	unspecified	6678005	529587584	WEIZMANN INSTITUE OF SCIENCE	2017-06-05	2018-11-16	NextSeq 500 sequencing	A randomized trial of bread consumption: Personal glycemic responses and effects on clinical parameters and gut microbiome	ena-STUDY-WEIZMANN INSTITUE OF SCIENCE-03-11-2016-14:19:00:394-624	ena-EXPERIMENT-WEIZMANN INSTITUE OF SCIENCE-03-06-2017-08:52:10:204-35	ena-RUN-WEIZMANN INSTITUE OF SCIENCE-03-06-2017-08:52:10:204-35	346526544	e6bd03e6ce5f8dc6d99d5e5f72c12b37	ftp.sra.ebi.ac.uk/vol1/fastq/ERR199/001/ERR1999801/ERR1999801.fastq.gz	fasp.sra.ebi.ac.uk:/vol1/fastq/ERR199/001/ERR1999801/ERR1999801.fastq.gz	ftp.sra.ebi.ac.uk/vol1/fastq/ERR199/001/ERR1999801/ERR1999801.fastq.gz	318487454	8e0f5f841db63775f636506e0adfafb9	ftp.sra.ebi.ac.uk/vol1/run/ERR199/ERR1999801/Subj10_Week1_Srdgh_End.fastq.gz	fasp.sra.ebi.ac.uk:/vol1/run/ERR199/ERR1999801/Subj10_Week1_Srdgh_End.fastq.gz	ftp.sra.ebi.ac.uk/vol1/run/ERR199/ERR1999801/Subj10_Week1_Srdgh_End.fastq.gz	FASTQ	230264467	e958ed89304767199406487c91a085ec	ftp.sra.ebi.ac.uk/vol1/err/ERR199/001/ERR1999801	fasp.sra.ebi.ac.uk:/vol1/err/ERR199/001/ERR1999801	ftp.sra.ebi.ac.uk/vol1/err/ERR199/001/ERR1999801	Subj10_Week1_Srdgh_End		Bread project WGS samples		2017-06-03			
ERR1999803	ERP019513	SAMEA104112474	ERS1776367	ERX2059672	PRJEB17643	ERA952328	256318	metagenome	ILLUMINA	NextSeq 500	BreadMGA		SINGLE	WGS	METAGENOMIC	unspecified	5159591	408624892	WEIZMANN INSTITUE OF SCIENCE	2017-06-05	2018-11-16	NextSeq 500 sequencing	A randomized trial of bread consumption: Personal glycemic responses and effects on clinical parameters and gut microbiome	ena-STUDY-WEIZMANN INSTITUE OF SCIENCE-03-11-2016-14:19:00:394-624	ena-EXPERIMENT-WEIZMANN INSTITUE OF SCIENCE-03-06-2017-08:52:10:205-37	ena-RUN-WEIZMANN INSTITUE OF SCIENCE-03-06-2017-08:52:10:205-37	276870899	32698b5e22e827d190eca3a9e84f5c4b	ftp.sra.ebi.ac.uk/vol1/fastq/ERR199/003/ERR1999803/ERR1999803.fastq.gz	fasp.sra.ebi.ac.uk:/vol1/fastq/ERR199/003/ERR1999803/ERR1999803.fastq.gz	ftp.sra.ebi.ac.uk/vol1/fastq/ERR199/003/ERR1999803/ERR1999803.fastq.gz	255124946	fcb88daf6cd7e5113d584b1c50f3d2ae	ftp.sra.ebi.ac.uk/vol1/run/ERR199/ERR1999803/Subj10_Week2_White_End.fastq.gz	fasp.sra.ebi.ac.uk:/vol1/run/ERR199/ERR1999803/Subj10_Week2_White_End.fastq.gz	ftp.sra.ebi.ac.uk/vol1/run/ERR199/ERR1999803/Subj10_Week2_White_End.fastq.gz	FASTQ	185223191	728c2cb3370b375dad69a54e3350e44f	ftp.sra.ebi.ac.uk/vol1/err/ERR199/003/ERR1999803	fasp.sra.ebi.ac.uk:/vol1/err/ERR199/003/ERR1999803	ftp.sra.ebi.ac.uk/vol1/err/ERR199/003/ERR1999803	Subj10_Week2_White_End		Bread project WGS samples		2017-06-03			
ERR1999804	ERP019513	SAMEA104112475	ERS1776368	ERX2059673	PRJEB17643	ERA952328	256318	metagenome	ILLUMINA	NextSeq 500	BreadMGA		SINGLE	WGS	METAGENOMIC	unspecified	3488143	276356728	WEIZMANN INSTITUE OF SCIENCE	2017-06-05	2018-11-16	NextSeq 500 sequencing	A randomized trial of bread consumption: Personal glycemic responses and effects on clinical parameters and gut microbiome	ena-STUDY-WEIZMANN INSTITUE OF SCIENCE-03-11-2016-14:19:00:394-624	ena-EXPERIMENT-WEIZMANN INSTITUE OF SCIENCE-03-06-2017-08:52:10:205-38	ena-RUN-WEIZMANN INSTITUE OF SCIENCE-03-06-2017-08:52:10:205-38	185825204	e4a024670f8d4be6d866b6848d0706d5	ftp.sra.ebi.ac.uk/vol1/fastq/ERR199/004/ERR1999804/ERR1999804.fastq.gz	fasp.sra.ebi.ac.uk:/vol1/fastq/ERR199/004/ERR1999804/ERR1999804.fastq.gz	ftp.sra.ebi.ac.uk/vol1/fastq/ERR199/004/ERR1999804/ERR1999804.fastq.gz	171317084	10b9f8cf7091efd5f45601520b6a2aed	ftp.sra.ebi.ac.uk/vol1/run/ERR199/ERR1999804/Subj10_Week2_White_Start.fastq.gz	fasp.sra.ebi.ac.uk:/vol1/run/ERR199/ERR1999804/Subj10_Week2_White_Start.fastq.gz	ftp.sra.ebi.ac.uk/vol1/run/ERR199/ERR1999804/Subj10_Week2_White_Start.fastq.gz	FASTQ	123914928	ac32241bbc835842417934592e84e7c1	ftp.sra.ebi.ac.uk/vol1/err/ERR199/004/ERR1999804	fasp.sra.ebi.ac.uk:/vol1/err/ERR199/004/ERR1999804	ftp.sra.ebi.ac.uk/vol1/err/ERR199/004/ERR1999804	Subj10_Week2_White_Start		Bread project WGS samples		2017-06-03			
ERR1999810	ERP019513	SAMEA104112481	ERS1776374	ERX2059679	PRJEB17643	ERA952328	256318	metagenome	ILLUMINA	NextSeq 500	BreadMGA		SINGLE	WGS	METAGENOMIC	unspecified	5178709	410708142	WEIZMANN INSTITUE OF SCIENCE	2017-06-05	2018-11-16	NextSeq 500 sequencing	A randomized trial of bread consumption: Personal glycemic responses and effects on clinical parameters and gut microbiome	ena-STUDY-WEIZMANN INSTITUE OF SCIENCE-03-11-2016-14:19:00:394-624	ena-EXPERIMENT-WEIZMANN INSTITUE OF SCIENCE-03-06-2017-08:52:10:205-44	ena-RUN-WEIZMANN INSTITUE OF SCIENCE-03-06-2017-08:52:10:205-44	270450880	974e3c844dbb7872cf075270bdcef66a	ftp.sra.ebi.ac.uk/vol1/fastq/ERR199/000/ERR1999810/ERR1999810.fastq.gz	fasp.sra.ebi.ac.uk:/vol1/fastq/ERR199/000/ERR1999810/ERR1999810.fastq.gz	ftp.sra.ebi.ac.uk/vol1/fastq/ERR199/000/ERR1999810/ERR1999810.fastq.gz	248813689	39b0c803bcf2927a1c539adc562d656e	ftp.sra.ebi.ac.uk/vol1/run/ERR199/ERR1999810/Subj12_Week1_White_Start.fastq.gz	fasp.sra.ebi.ac.uk:/vol1/run/ERR199/ERR1999810/Subj12_Week1_White_Start.fastq.gz	ftp.sra.ebi.ac.uk/vol1/run/ERR199/ERR1999810/Subj12_Week1_White_Start.fastq.gz	FASTQ	179683474	b20373608542cdf910a84399d385955d	ftp.sra.ebi.ac.uk/vol1/err/ERR199/000/ERR1999810	fasp.sra.ebi.ac.uk:/vol1/err/ERR199/000/ERR1999810	ftp.sra.ebi.ac.uk/vol1/err/ERR199/000/ERR1999810	Subj12_Week1_White_Start		Bread project WGS samples		2017-06-03			
ERR1999811	ERP019513	SAMEA104112482	ERS1776375	ERX2059680	PRJEB17643	ERA952328	256318	metagenome	ILLUMINA	NextSeq 500	BreadMGA		SINGLE	WGS	METAGENOMIC	unspecified	10055729	796711812	WEIZMANN INSTITUE OF SCIENCE	2017-06-05	2018-11-16	NextSeq 500 sequencing	A randomized trial of bread consumption: Personal glycemic responses and effects on clinical parameters and gut microbiome	ena-STUDY-WEIZMANN INSTITUE OF SCIENCE-03-11-2016-14:19:00:394-624	ena-EXPERIMENT-WEIZMANN INSTITUE OF SCIENCE-03-06-2017-08:52:10:205-45	ena-RUN-WEIZMANN INSTITUE OF SCIENCE-03-06-2017-08:52:10:205-45	531304993	f190339a00945a69e48ec305dff97ff2	ftp.sra.ebi.ac.uk/vol1/fastq/ERR199/001/ERR1999811/ERR1999811.fastq.gz	fasp.sra.ebi.ac.uk:/vol1/fastq/ERR199/001/ERR1999811/ERR1999811.fastq.gz	ftp.sra.ebi.ac.uk/vol1/fastq/ERR199/001/ERR1999811/ERR1999811.fastq.gz	489590295	d3dd4963a279262ae1d28870ef86fe54	ftp.sra.ebi.ac.uk/vol1/run/ERR199/ERR1999811/Subj12_Week2_Srdgh_End.fastq.gz	fasp.sra.ebi.ac.uk:/vol1/run/ERR199/ERR1999811/Subj12_Week2_Srdgh_End.fastq.gz	ftp.sra.ebi.ac.uk/vol1/run/ERR199/ERR1999811/Subj12_Week2_Srdgh_End.fastq.gz	FASTQ	355503346	7d20f1b1fa540ebeef616d471357e25c	ftp.sra.ebi.ac.uk/vol1/err/ERR199/001/ERR1999811	fasp.sra.ebi.ac.uk:/vol1/err/ERR199/001/ERR1999811	ftp.sra.ebi.ac.uk/vol1/err/ERR199/001/ERR1999811	Subj12_Week2_Srdgh_End		Bread project WGS samples		2017-06-03			
ERR1999813	ERP019513	SAMEA104112484	ERS1776377	ERX2059682	PRJEB17643	ERA952328	256318	metagenome	ILLUMINA	NextSeq 500	BreadMGA		SINGLE	WGS	METAGENOMIC	unspecified	2962255	234704052	WEIZMANN INSTITUE OF SCIENCE	2017-06-05	2018-11-16	NextSeq 500 sequencing	A randomized trial of bread consumption: Personal glycemic responses and effects on clinical parameters and gut microbiome	ena-STUDY-WEIZMANN INSTITUE OF SCIENCE-03-11-2016-14:19:00:394-624	ena-EXPERIMENT-WEIZMANN INSTITUE OF SCIENCE-03-06-2017-08:52:10:205-47	ena-RUN-WEIZMANN INSTITUE OF SCIENCE-03-06-2017-08:52:10:205-47	158044343	61c1fa4428dbaeec022b98059bc0f026	ftp.sra.ebi.ac.uk/vol1/fastq/ERR199/003/ERR1999813/ERR1999813.fastq.gz	fasp.sra.ebi.ac.uk:/vol1/fastq/ERR199/003/ERR1999813/ERR1999813.fastq.gz	ftp.sra.ebi.ac.uk/vol1/fastq/ERR199/003/ERR1999813/ERR1999813.fastq.gz	145524646	00b5e5c4ef1528ca0dbf0f7ede0e477d	ftp.sra.ebi.ac.uk/vol1/run/ERR199/ERR1999813/Subj13_Week1_Srdgh_End.fastq.gz	fasp.sra.ebi.ac.uk:/vol1/run/ERR199/ERR1999813/Subj13_Week1_Srdgh_End.fastq.gz	ftp.sra.ebi.ac.uk/vol1/run/ERR199/ERR1999813/Subj13_Week1_Srdgh_End.fastq.gz	FASTQ	105396030	051efb64ac7c2fb2acb0f08d3105154e	ftp.sra.ebi.ac.uk/vol1/err/ERR199/003/ERR1999813	fasp.sra.ebi.ac.uk:/vol1/err/ERR199/003/ERR1999813	ftp.sra.ebi.ac.uk/vol1/err/ERR199/003/ERR1999813	Subj13_Week1_Srdgh_End		Bread project WGS samples		2017-06-03			
ERR1999816	ERP019513	SAMEA104112487	ERS1776380	ERX2059685	PRJEB17643	ERA952328	256318	metagenome	ILLUMINA	NextSeq 500	BreadMGA		SINGLE	WGS	METAGENOMIC	unspecified	1979766	156700630	WEIZMANN INSTITUE OF SCIENCE	2017-06-05	2018-11-16	NextSeq 500 sequencing	A randomized trial of bread consumption: Personal glycemic responses and effects on clinical parameters and gut microbiome	ena-STUDY-WEIZMANN INSTITUE OF SCIENCE-03-11-2016-14:19:00:394-624	ena-EXPERIMENT-WEIZMANN INSTITUE OF SCIENCE-03-06-2017-08:52:10:205-50	ena-RUN-WEIZMANN INSTITUE OF SCIENCE-03-06-2017-08:52:10:205-50	107962931	1a6b46088fbd4f8b1230303b36dabfdc	ftp.sra.ebi.ac.uk/vol1/fastq/ERR199/006/ERR1999816/ERR1999816.fastq.gz	fasp.sra.ebi.ac.uk:/vol1/fastq/ERR199/006/ERR1999816/ERR1999816.fastq.gz	ftp.sra.ebi.ac.uk/vol1/fastq/ERR199/006/ERR1999816/ERR1999816.fastq.gz	99670835	0d9b0cfc771b41f10a56eff7fb2fa662	ftp.sra.ebi.ac.uk/vol1/run/ERR199/ERR1999816/Subj13_Week2_White_Start.fastq.gz	fasp.sra.ebi.ac.uk:/vol1/run/ERR199/ERR1999816/Subj13_Week2_White_Start.fastq.gz	ftp.sra.ebi.ac.uk/vol1/run/ERR199/ERR1999816/Subj13_Week2_White_Start.fastq.gz	FASTQ	72284553	21c5ffdd25a0c1322e618a7da5a23619	ftp.sra.ebi.ac.uk/vol1/err/ERR199/006/ERR1999816	fasp.sra.ebi.ac.uk:/vol1/err/ERR199/006/ERR1999816	ftp.sra.ebi.ac.uk/vol1/err/ERR199/006/ERR1999816	Subj13_Week2_White_Start		Bread project WGS samples		2017-06-03			
ERR1999819	ERP019513	SAMEA104112490	ERS1776383	ERX2059688	PRJEB17643	ERA952328	256318	metagenome	ILLUMINA	NextSeq 500	BreadMGA		SINGLE	WGS	METAGENOMIC	unspecified	15463169	1224917216	WEIZMANN INSTITUE OF SCIENCE	2017-06-05	2018-11-16	NextSeq 500 sequencing	A randomized trial of bread consumption: Personal glycemic responses and effects on clinical parameters and gut microbiome	ena-STUDY-WEIZMANN INSTITUE OF SCIENCE-03-11-2016-14:19:00:394-624	ena-EXPERIMENT-WEIZMANN INSTITUE OF SCIENCE-03-06-2017-08:52:10:205-53	ena-RUN-WEIZMANN INSTITUE OF SCIENCE-03-06-2017-08:52:10:205-53	822583070	8d3c91db877fcfe9b08d6f0d468dbdce	ftp.sra.ebi.ac.uk/vol1/fastq/ERR199/009/ERR1999819/ERR1999819.fastq.gz	fasp.sra.ebi.ac.uk:/vol1/fastq/ERR199/009/ERR1999819/ERR1999819.fastq.gz	ftp.sra.ebi.ac.uk/vol1/fastq/ERR199/009/ERR1999819/ERR1999819.fastq.gz	757206561	7d1c2fe728b25139fc14b7cffd3e3ae7	ftp.sra.ebi.ac.uk/vol1/run/ERR199/ERR1999819/Subj14_Week2_White_End.fastq.gz	fasp.sra.ebi.ac.uk:/vol1/run/ERR199/ERR1999819/Subj14_Week2_White_End.fastq.gz	ftp.sra.ebi.ac.uk/vol1/run/ERR199/ERR1999819/Subj14_Week2_White_End.fastq.gz	FASTQ	554109088	597a3e86f1e8b2f64cf96193436476b0	ftp.sra.ebi.ac.uk/vol1/err/ERR199/009/ERR1999819	fasp.sra.ebi.ac.uk:/vol1/err/ERR199/009/ERR1999819	ftp.sra.ebi.ac.uk/vol1/err/ERR199/009/ERR1999819	Subj14_Week2_White_End		Bread project WGS samples		2017-06-03			
ERR1999820	ERP019513	SAMEA104112491	ERS1776384	ERX2059689	PRJEB17643	ERA952328	256318	metagenome	ILLUMINA	NextSeq 500	BreadMGA		SINGLE	WGS	METAGENOMIC	unspecified	8112568	642839178	WEIZMANN INSTITUE OF SCIENCE	2017-06-05	2018-11-16	NextSeq 500 sequencing	A randomized trial of bread consumption: Personal glycemic responses and effects on clinical parameters and gut microbiome	ena-STUDY-WEIZMANN INSTITUE OF SCIENCE-03-11-2016-14:19:00:394-624	ena-EXPERIMENT-WEIZMANN INSTITUE OF SCIENCE-03-06-2017-08:52:10:205-54	ena-RUN-WEIZMANN INSTITUE OF SCIENCE-03-06-2017-08:52:10:205-54	430462685	8cbeeda0c3657ffe83874ed5dbe924aa	ftp.sra.ebi.ac.uk/vol1/fastq/ERR199/000/ERR1999820/ERR1999820.fastq.gz	fasp.sra.ebi.ac.uk:/vol1/fastq/ERR199/000/ERR1999820/ERR1999820.fastq.gz	ftp.sra.ebi.ac.uk/vol1/fastq/ERR199/000/ERR1999820/ERR1999820.fastq.gz	396293407	1a83aa7af3904d8278cf3707a3631b75	ftp.sra.ebi.ac.uk/vol1/run/ERR199/ERR1999820/Subj14_Week2_White_Start.fastq.gz	fasp.sra.ebi.ac.uk:/vol1/run/ERR199/ERR1999820/Subj14_Week2_White_Start.fastq.gz	ftp.sra.ebi.ac.uk/vol1/run/ERR199/ERR1999820/Subj14_Week2_White_Start.fastq.gz	FASTQ	287818216	62efab3e3c17eef74a690bad7f878e4d	ftp.sra.ebi.ac.uk/vol1/err/ERR199/000/ERR1999820	fasp.sra.ebi.ac.uk:/vol1/err/ERR199/000/ERR1999820	ftp.sra.ebi.ac.uk/vol1/err/ERR199/000/ERR1999820	Subj14_Week2_White_Start		Bread project WGS samples		2017-06-03			
ERR1999822	ERP019513	SAMEA104112493	ERS1776386	ERX2059691	PRJEB17643	ERA952328	256318	metagenome	ILLUMINA	NextSeq 500	BreadMGA		SINGLE	WGS	METAGENOMIC	unspecified	2226375	176559282	WEIZMANN INSTITUE OF SCIENCE	2017-06-05	2018-11-16	NextSeq 500 sequencing	A randomized trial of bread consumption: Personal glycemic responses and effects on clinical parameters and gut microbiome	ena-STUDY-WEIZMANN INSTITUE OF SCIENCE-03-11-2016-14:19:00:394-624	ena-EXPERIMENT-WEIZMANN INSTITUE OF SCIENCE-03-06-2017-08:52:10:205-56	ena-RUN-WEIZMANN INSTITUE OF SCIENCE-03-06-2017-08:52:10:205-56	116530078	4fcbb458ee547c94987a254ef9dc3b6e	ftp.sra.ebi.ac.uk/vol1/fastq/ERR199/002/ERR1999822/ERR1999822.fastq.gz	fasp.sra.ebi.ac.uk:/vol1/fastq/ERR199/002/ERR1999822/ERR1999822.fastq.gz	ftp.sra.ebi.ac.uk/vol1/fastq/ERR199/002/ERR1999822/ERR1999822.fastq.gz	107193107	1136f72d008808d042e2467bd9d30a53	ftp.sra.ebi.ac.uk/vol1/run/ERR199/ERR1999822/Subj15_Week1_White_Start.fastq.gz	fasp.sra.ebi.ac.uk:/vol1/run/ERR199/ERR1999822/Subj15_Week1_White_Start.fastq.gz	ftp.sra.ebi.ac.uk/vol1/run/ERR199/ERR1999822/Subj15_Week1_White_Start.fastq.gz	FASTQ	77292343	22c7c2474c9f766dd941b5468ef1f73a	ftp.sra.ebi.ac.uk/vol1/err/ERR199/002/ERR1999822	fasp.sra.ebi.ac.uk:/vol1/err/ERR199/002/ERR1999822	ftp.sra.ebi.ac.uk/vol1/err/ERR199/002/ERR1999822	Subj15_Week1_White_Start		Bread project WGS samples		2017-06-03			
ERR1999836	ERP019513	SAMEA104112507	ERS1776400	ERX2059705	PRJEB17643	ERA952328	256318	metagenome	ILLUMINA	NextSeq 500	BreadMGA		SINGLE	WGS	METAGENOMIC	unspecified	4258028	337411088	WEIZMANN INSTITUE OF SCIENCE	2017-06-05	2018-11-16	NextSeq 500 sequencing	A randomized trial of bread consumption: Personal glycemic responses and effects on clinical parameters and gut microbiome	ena-STUDY-WEIZMANN INSTITUE OF SCIENCE-03-11-2016-14:19:00:394-624	ena-EXPERIMENT-WEIZMANN INSTITUE OF SCIENCE-03-06-2017-08:52:10:205-70	ena-RUN-WEIZMANN INSTITUE OF SCIENCE-03-06-2017-08:52:10:205-70	225582135	95a8efe6aff4b6f522020a992ea14fba	ftp.sra.ebi.ac.uk/vol1/fastq/ERR199/006/ERR1999836/ERR1999836.fastq.gz	fasp.sra.ebi.ac.uk:/vol1/fastq/ERR199/006/ERR1999836/ERR1999836.fastq.gz	ftp.sra.ebi.ac.uk/vol1/fastq/ERR199/006/ERR1999836/ERR1999836.fastq.gz	207902633	a1f963330311cbd6ffe84afb7f15938e	ftp.sra.ebi.ac.uk/vol1/run/ERR199/ERR1999836/Subj18_Week2_White_Start.fastq.gz	fasp.sra.ebi.ac.uk:/vol1/run/ERR199/ERR1999836/Subj18_Week2_White_Start.fastq.gz	ftp.sra.ebi.ac.uk/vol1/run/ERR199/ERR1999836/Subj18_Week2_White_Start.fastq.gz	FASTQ	150377603	b025a5ca691a2b3199c4b1bab944ce5d	ftp.sra.ebi.ac.uk/vol1/err/ERR199/006/ERR1999836	fasp.sra.ebi.ac.uk:/vol1/err/ERR199/006/ERR1999836	ftp.sra.ebi.ac.uk/vol1/err/ERR199/006/ERR1999836	Subj18_Week2_White_Start		Bread project WGS samples		2017-06-03			
ERR1999837	ERP019513	SAMEA104112508	ERS1776401	ERX2059706	PRJEB17643	ERA952328	256318	metagenome	ILLUMINA	NextSeq 500	BreadMGA		SINGLE	WGS	METAGENOMIC	unspecified	2658173	210847364	WEIZMANN INSTITUE OF SCIENCE	2017-06-05	2018-11-16	NextSeq 500 sequencing	A randomized trial of bread consumption: Personal glycemic responses and effects on clinical parameters and gut microbiome	ena-STUDY-WEIZMANN INSTITUE OF SCIENCE-03-11-2016-14:19:00:394-624	ena-EXPERIMENT-WEIZMANN INSTITUE OF SCIENCE-03-06-2017-08:52:10:206-71	ena-RUN-WEIZMANN INSTITUE OF SCIENCE-03-06-2017-08:52:10:206-71	138176728	c3e6ae57e1d25cdddd288dbd686afdcc	ftp.sra.ebi.ac.uk/vol1/fastq/ERR199/007/ERR1999837/ERR1999837.fastq.gz	fasp.sra.ebi.ac.uk:/vol1/fastq/ERR199/007/ERR1999837/ERR1999837.fastq.gz	ftp.sra.ebi.ac.uk/vol1/fastq/ERR199/007/ERR1999837/ERR1999837.fastq.gz	127132514	ce0214aaeecb1146972811e52da09be6	ftp.sra.ebi.ac.uk/vol1/run/ERR199/ERR1999837/Subj19_Week1_Srdgh_End.fastq.gz	fasp.sra.ebi.ac.uk:/vol1/run/ERR199/ERR1999837/Subj19_Week1_Srdgh_End.fastq.gz	ftp.sra.ebi.ac.uk/vol1/run/ERR199/ERR1999837/Subj19_Week1_Srdgh_End.fastq.gz	FASTQ	91393537	c4d45c9f1ee37c5cf728826d5d27e006	ftp.sra.ebi.ac.uk/vol1/err/ERR199/007/ERR1999837	fasp.sra.ebi.ac.uk:/vol1/err/ERR199/007/ERR1999837	ftp.sra.ebi.ac.uk/vol1/err/ERR199/007/ERR1999837	Subj19_Week1_Srdgh_End		Bread project WGS samples		2017-06-03			
ERR1999838	ERP019513	SAMEA104112509	ERS1776402	ERX2059707	PRJEB17643	ERA952328	256318	metagenome	ILLUMINA	NextSeq 500	BreadMGA		SINGLE	WGS	METAGENOMIC	unspecified	23582911	1870462129	WEIZMANN INSTITUE OF SCIENCE	2017-06-05	2018-11-16	NextSeq 500 sequencing	A randomized trial of bread consumption: Personal glycemic responses and effects on clinical parameters and gut microbiome	ena-STUDY-WEIZMANN INSTITUE OF SCIENCE-03-11-2016-14:19:00:394-624	ena-EXPERIMENT-WEIZMANN INSTITUE OF SCIENCE-03-06-2017-08:52:10:206-72	ena-RUN-WEIZMANN INSTITUE OF SCIENCE-03-06-2017-08:52:10:206-72	1204220646	22da7c34858d82e0497f22ed9d80269d	ftp.sra.ebi.ac.uk/vol1/fastq/ERR199/008/ERR1999838/ERR1999838.fastq.gz	fasp.sra.ebi.ac.uk:/vol1/fastq/ERR199/008/ERR1999838/ERR1999838.fastq.gz	ftp.sra.ebi.ac.uk/vol1/fastq/ERR199/008/ERR1999838/ERR1999838.fastq.gz	1104766737	c8984595737c77afe1cdf64d6cb71dc7	ftp.sra.ebi.ac.uk/vol1/run/ERR199/ERR1999838/Subj19_Week1_Srdgh_Start.fastq.gz	fasp.sra.ebi.ac.uk:/vol1/run/ERR199/ERR1999838/Subj19_Week1_Srdgh_Start.fastq.gz	ftp.sra.ebi.ac.uk/vol1/run/ERR199/ERR1999838/Subj19_Week1_Srdgh_Start.fastq.gz	FASTQ	806016747	b80feb655bd7f6d6449efdcd9d821a27	ftp.sra.ebi.ac.uk/vol1/err/ERR199/008/ERR1999838	fasp.sra.ebi.ac.uk:/vol1/err/ERR199/008/ERR1999838	ftp.sra.ebi.ac.uk/vol1/err/ERR199/008/ERR1999838	Subj19_Week1_Srdgh_Start		Bread project WGS samples		2017-06-03			
ERR1999841	ERP019513	SAMEA104112512	ERS1776405	ERX2059710	PRJEB17643	ERA952328	256318	metagenome	ILLUMINA	NextSeq 500	BreadMGA		SINGLE	WGS	METAGENOMIC	unspecified	2201686	174598614	WEIZMANN INSTITUE OF SCIENCE	2017-06-05	2018-11-16	NextSeq 500 sequencing	A randomized trial of bread consumption: Personal glycemic responses and effects on clinical parameters and gut microbiome	ena-STUDY-WEIZMANN INSTITUE OF SCIENCE-03-11-2016-14:19:00:394-624	ena-EXPERIMENT-WEIZMANN INSTITUE OF SCIENCE-03-06-2017-08:52:10:206-75	ena-RUN-WEIZMANN INSTITUE OF SCIENCE-03-06-2017-08:52:10:206-75	114051799	74b3d5e185501e2a4ab297b444622a32	ftp.sra.ebi.ac.uk/vol1/fastq/ERR199/001/ERR1999841/ERR1999841.fastq.gz	fasp.sra.ebi.ac.uk:/vol1/fastq/ERR199/001/ERR1999841/ERR1999841.fastq.gz	ftp.sra.ebi.ac.uk/vol1/fastq/ERR199/001/ERR1999841/ERR1999841.fastq.gz	104863239	8804c1c3e64848e17b8c49687dc507a7	ftp.sra.ebi.ac.uk/vol1/run/ERR199/ERR1999841/Subj20_Week1_Srdgh_End.fastq.gz	fasp.sra.ebi.ac.uk:/vol1/run/ERR199/ERR1999841/Subj20_Week1_Srdgh_End.fastq.gz	ftp.sra.ebi.ac.uk/vol1/run/ERR199/ERR1999841/Subj20_Week1_Srdgh_End.fastq.gz	FASTQ	75591981	57042aa46cd23a926be0953f1e0e1e62	ftp.sra.ebi.ac.uk/vol1/err/ERR199/001/ERR1999841	fasp.sra.ebi.ac.uk:/vol1/err/ERR199/001/ERR1999841	ftp.sra.ebi.ac.uk/vol1/err/ERR199/001/ERR1999841	Subj20_Week1_Srdgh_End		Bread project WGS samples		2017-06-03			
ERR1999844	ERP019513	SAMEA104112515	ERS1776408	ERX2059713	PRJEB17643	ERA952328	256318	metagenome	ILLUMINA	NextSeq 500	BreadMGA		SINGLE	WGS	METAGENOMIC	unspecified	5358965	424569885	WEIZMANN INSTITUE OF SCIENCE	2017-06-05	2018-11-16	NextSeq 500 sequencing	A randomized trial of bread consumption: Personal glycemic responses and effects on clinical parameters and gut microbiome	ena-STUDY-WEIZMANN INSTITUE OF SCIENCE-03-11-2016-14:19:00:394-624	ena-EXPERIMENT-WEIZMANN INSTITUE OF SCIENCE-03-06-2017-08:52:10:206-78	ena-RUN-WEIZMANN INSTITUE OF SCIENCE-03-06-2017-08:52:10:206-78	285143720	149eae9da71097e4f0db293f841af5d1	ftp.sra.ebi.ac.uk/vol1/fastq/ERR199/004/ERR1999844/ERR1999844.fastq.gz	fasp.sra.ebi.ac.uk:/vol1/fastq/ERR199/004/ERR1999844/ERR1999844.fastq.gz	ftp.sra.ebi.ac.uk/vol1/fastq/ERR199/004/ERR1999844/ERR1999844.fastq.gz	262724982	1182c22ef41b64f0a063ea149f388705	ftp.sra.ebi.ac.uk/vol1/run/ERR199/ERR1999844/Subj20_Week2_White_Start.fastq.gz	fasp.sra.ebi.ac.uk:/vol1/run/ERR199/ERR1999844/Subj20_Week2_White_Start.fastq.gz	ftp.sra.ebi.ac.uk/vol1/run/ERR199/ERR1999844/Subj20_Week2_White_Start.fastq.gz	FASTQ	190479781	17636f847b37d94190b0d9a9871b3514	ftp.sra.ebi.ac.uk/vol1/err/ERR199/004/ERR1999844	fasp.sra.ebi.ac.uk:/vol1/err/ERR199/004/ERR1999844	ftp.sra.ebi.ac.uk/vol1/err/ERR199/004/ERR1999844	Subj20_Week2_White_Start		Bread project WGS samples		2017-06-03			
ERR1995525	ERP019513	SAMEA104111123	ERS1775016	ERX2055394	PRJEB17643	ERA951823	256318	metagenome	ILLUMINA	Illumina MiSeq	unspecified	300	PAIRED	WGS	METAGENOMIC	unspecified	16162372	7831629866	WEIZMANN INSTITUE OF SCIENCE	2017-06-05	2018-11-16	Illumina MiSeq paired end sequencing	A randomized trial of bread consumption: Personal glycemic responses and effects on clinical parameters and gut microbiome	ena-STUDY-WEIZMANN INSTITUE OF SCIENCE-03-11-2016-14:19:00:394-624	ena-EXPERIMENT-WEIZMANN INSTITUE OF SCIENCE-01-06-2017-12:11:13:101-1	ena-RUN-WEIZMANN INSTITUE OF SCIENCE-01-06-2017-12:11:13:101-1	2375282849;2508658874	d91ca4f1677387827283f293ac2a875a;ca163e956dd17ace0cef68c4ac69a699	ftp.sra.ebi.ac.uk/vol1/fastq/ERR199/005/ERR1995525/ERR1995525_1.fastq.gz;ftp.sra.ebi.ac.uk/vol1/fastq/ERR199/005/ERR1995525/ERR1995525_2.fastq.gz	fasp.sra.ebi.ac.uk:/vol1/fastq/ERR199/005/ERR1995525/ERR1995525_1.fastq.gz;fasp.sra.ebi.ac.uk:/vol1/fastq/ERR199/005/ERR1995525/ERR1995525_2.fastq.gz	ftp.sra.ebi.ac.uk/vol1/fastq/ERR199/005/ERR1995525/ERR1995525_1.fastq.gz;ftp.sra.ebi.ac.uk/vol1/fastq/ERR199/005/ERR1995525/ERR1995525_2.fastq.gz	2297715874;2436432898	47deb407852d231d71ace84de650fdf5;fd6c2a5944d0b7f1e9fa9749be5329a3	ftp.sra.ebi.ac.uk/vol1/run/ERR199/ERR1995525/16S_1.fastq.gz;ftp.sra.ebi.ac.uk/vol1/run/ERR199/ERR1995525/16S_2.fastq.gz	fasp.sra.ebi.ac.uk:/vol1/run/ERR199/ERR1995525/16S_1.fastq.gz;fasp.sra.ebi.ac.uk:/vol1/run/ERR199/ERR1995525/16S_2.fastq.gz	ftp.sra.ebi.ac.uk/vol1/run/ERR199/ERR1995525/16S_1.fastq.gz;ftp.sra.ebi.ac.uk/vol1/run/ERR199/ERR1995525/16S_2.fastq.gz	FASTQ;FASTQ	5157809503	c6416703c480dfeec3c9a777ca13bece	ftp.sra.ebi.ac.uk/vol1/err/ERR199/005/ERR1995525	fasp.sra.ebi.ac.uk:/vol1/err/ERR199/005/ERR1995525	ftp.sra.ebi.ac.uk/vol1/err/ERR199/005/ERR1995525	Bread16S		Bread project 16S samples		2017-06-01			
ERR1999771	ERP019513	SAMEA104112442	ERS1776335	ERX2059640	PRJEB17643	ERA952328	256318	metagenome	ILLUMINA	NextSeq 500	BreadMGA		SINGLE	WGS	METAGENOMIC	unspecified	3132774	248367725	WEIZMANN INSTITUE OF SCIENCE	2017-06-05	2018-11-16	NextSeq 500 sequencing	A randomized trial of bread consumption: Personal glycemic responses and effects on clinical parameters and gut microbiome	ena-STUDY-WEIZMANN INSTITUE OF SCIENCE-03-11-2016-14:19:00:394-624	ena-EXPERIMENT-WEIZMANN INSTITUE OF SCIENCE-03-06-2017-08:52:10:203-5	ena-RUN-WEIZMANN INSTITUE OF SCIENCE-03-06-2017-08:52:10:203-5	162122061	367d9f480189705239908749fd71af1f	ftp.sra.ebi.ac.uk/vol1/fastq/ERR199/001/ERR1999771/ERR1999771.fastq.gz	fasp.sra.ebi.ac.uk:/vol1/fastq/ERR199/001/ERR1999771/ERR1999771.fastq.gz	ftp.sra.ebi.ac.uk/vol1/fastq/ERR199/001/ERR1999771/ERR1999771.fastq.gz	149150705	a64344afe1572dc1b7a2704e515426f5	ftp.sra.ebi.ac.uk/vol1/run/ERR199/ERR1999771/Subj2_Week1_Srdgh_End.fastq.gz	fasp.sra.ebi.ac.uk:/vol1/run/ERR199/ERR1999771/Subj2_Week1_Srdgh_End.fastq.gz	ftp.sra.ebi.ac.uk/vol1/run/ERR199/ERR1999771/Subj2_Week1_Srdgh_End.fastq.gz	FASTQ	107408188	984c0dff07a8ecc6d250bc73933fd8ec	ftp.sra.ebi.ac.uk/vol1/err/ERR199/001/ERR1999771	fasp.sra.ebi.ac.uk:/vol1/err/ERR199/001/ERR1999771	ftp.sra.ebi.ac.uk/vol1/err/ERR199/001/ERR1999771	Subj2_Week1_Srdgh_End		Bread project WGS samples		2017-06-03			
ERR1999774	ERP019513	SAMEA104112445	ERS1776338	ERX2059643	PRJEB17643	ERA952328	256318	metagenome	ILLUMINA	NextSeq 500	BreadMGA		SINGLE	WGS	METAGENOMIC	unspecified	10225186	810016151	WEIZMANN INSTITUE OF SCIENCE	2017-06-05	2018-11-16	NextSeq 500 sequencing	A randomized trial of bread consumption: Personal glycemic responses and effects on clinical parameters and gut microbiome	ena-STUDY-WEIZMANN INSTITUE OF SCIENCE-03-11-2016-14:19:00:394-624	ena-EXPERIMENT-WEIZMANN INSTITUE OF SCIENCE-03-06-2017-08:52:10:204-8	ena-RUN-WEIZMANN INSTITUE OF SCIENCE-03-06-2017-08:52:10:204-8	537147154	22ed825dda3953fdad8e20b2a82d41ee	ftp.sra.ebi.ac.uk/vol1/fastq/ERR199/004/ERR1999774/ERR1999774.fastq.gz	fasp.sra.ebi.ac.uk:/vol1/fastq/ERR199/004/ERR1999774/ERR1999774.fastq.gz	ftp.sra.ebi.ac.uk/vol1/fastq/ERR199/004/ERR1999774/ERR1999774.fastq.gz	493795443	cb32f09e19c9eb375e56c5892a9ccaf7	ftp.sra.ebi.ac.uk/vol1/run/ERR199/ERR1999774/Subj2_Week2_White_Start.fastq.gz	fasp.sra.ebi.ac.uk:/vol1/run/ERR199/ERR1999774/Subj2_Week2_White_Start.fastq.gz	ftp.sra.ebi.ac.uk/vol1/run/ERR199/ERR1999774/Subj2_Week2_White_Start.fastq.gz	FASTQ	359885215	2353a5625b8966e4c536082f2800a279	ftp.sra.ebi.ac.uk/vol1/err/ERR199/004/ERR1999774	fasp.sra.ebi.ac.uk:/vol1/err/ERR199/004/ERR1999774	ftp.sra.ebi.ac.uk/vol1/err/ERR199/004/ERR1999774	Subj2_Week2_White_Start		Bread project WGS samples		2017-06-03			
ERR1999776	ERP019513	SAMEA104112447	ERS1776340	ERX2059645	PRJEB17643	ERA952328	256318	metagenome	ILLUMINA	NextSeq 500	BreadMGA		SINGLE	WGS	METAGENOMIC	unspecified	4938349	391359765	WEIZMANN INSTITUE OF SCIENCE	2017-06-05	2018-11-16	NextSeq 500 sequencing	A randomized trial of bread consumption: Personal glycemic responses and effects on clinical parameters and gut microbiome	ena-STUDY-WEIZMANN INSTITUE OF SCIENCE-03-11-2016-14:19:00:394-624	ena-EXPERIMENT-WEIZMANN INSTITUE OF SCIENCE-03-06-2017-08:52:10:204-10	ena-RUN-WEIZMANN INSTITUE OF SCIENCE-03-06-2017-08:52:10:204-10	257028268	11a2c446c6592a7b052c8d244a6d8258	ftp.sra.ebi.ac.uk/vol1/fastq/ERR199/006/ERR1999776/ERR1999776.fastq.gz	fasp.sra.ebi.ac.uk:/vol1/fastq/ERR199/006/ERR1999776/ERR1999776.fastq.gz	ftp.sra.ebi.ac.uk/vol1/fastq/ERR199/006/ERR1999776/ERR1999776.fastq.gz	236447886	b65676bf6f3c9e91b4198ff4f0b470a6	ftp.sra.ebi.ac.uk/vol1/run/ERR199/ERR1999776/Subj3_Week2_Srdgh_Start.fastq.gz	fasp.sra.ebi.ac.uk:/vol1/run/ERR199/ERR1999776/Subj3_Week2_Srdgh_Start.fastq.gz	ftp.sra.ebi.ac.uk/vol1/run/ERR199/ERR1999776/Subj3_Week2_Srdgh_Start.fastq.gz	FASTQ	171163868	de50606728fe5a50f924cee13966dac4	ftp.sra.ebi.ac.uk/vol1/err/ERR199/006/ERR1999776	fasp.sra.ebi.ac.uk:/vol1/err/ERR199/006/ERR1999776	ftp.sra.ebi.ac.uk/vol1/err/ERR199/006/ERR1999776	Subj3_Week2_Srdgh_Start		Bread project WGS samples		2017-06-03			
ERR1999778	ERP019513	SAMEA104112449	ERS1776342	ERX2059647	PRJEB17643	ERA952328	256318	metagenome	ILLUMINA	NextSeq 500	BreadMGA		SINGLE	WGS	METAGENOMIC	unspecified	16001971	1268472107	WEIZMANN INSTITUE OF SCIENCE	2017-06-05	2018-11-16	NextSeq 500 sequencing	A randomized trial of bread consumption: Personal glycemic responses and effects on clinical parameters and gut microbiome	ena-STUDY-WEIZMANN INSTITUE OF SCIENCE-03-11-2016-14:19:00:394-624	ena-EXPERIMENT-WEIZMANN INSTITUE OF SCIENCE-03-06-2017-08:52:10:204-12	ena-RUN-WEIZMANN INSTITUE OF SCIENCE-03-06-2017-08:52:10:204-12	837110209	8cffa99c264e5074368e41d5150bfbf3	ftp.sra.ebi.ac.uk/vol1/fastq/ERR199/008/ERR1999778/ERR1999778.fastq.gz	fasp.sra.ebi.ac.uk:/vol1/fastq/ERR199/008/ERR1999778/ERR1999778.fastq.gz	ftp.sra.ebi.ac.uk/vol1/fastq/ERR199/008/ERR1999778/ERR1999778.fastq.gz	768851327	8d934e98079eedcb5d7a24d3c975e270	ftp.sra.ebi.ac.uk/vol1/run/ERR199/ERR1999778/Subj4_Week1_White_Start.fastq.gz	fasp.sra.ebi.ac.uk:/vol1/run/ERR199/ERR1999778/Subj4_Week1_White_Start.fastq.gz	ftp.sra.ebi.ac.uk/vol1/run/ERR199/ERR1999778/Subj4_Week1_White_Start.fastq.gz	FASTQ	561622968	e508153c2ed734f77edb2b08816b5003	ftp.sra.ebi.ac.uk/vol1/err/ERR199/008/ERR1999778	fasp.sra.ebi.ac.uk:/vol1/err/ERR199/008/ERR1999778	ftp.sra.ebi.ac.uk/vol1/err/ERR199/008/ERR1999778	Subj4_Week1_White_Start		Bread project WGS samples		2017-06-03			
ERR1999784	ERP019513	SAMEA104112455	ERS1776348	ERX2059653	PRJEB17643	ERA952328	256318	metagenome	ILLUMINA	NextSeq 500	BreadMGA		SINGLE	WGS	METAGENOMIC	unspecified	3141575	248943321	WEIZMANN INSTITUE OF SCIENCE	2017-06-05	2018-11-16	NextSeq 500 sequencing	A randomized trial of bread consumption: Personal glycemic responses and effects on clinical parameters and gut microbiome	ena-STUDY-WEIZMANN INSTITUE OF SCIENCE-03-11-2016-14:19:00:394-624	ena-EXPERIMENT-WEIZMANN INSTITUE OF SCIENCE-03-06-2017-08:52:10:204-18	ena-RUN-WEIZMANN INSTITUE OF SCIENCE-03-06-2017-08:52:10:204-18	167501165	1e2ac5a68e0c7a8ae2c5cc14692c6c3a	ftp.sra.ebi.ac.uk/vol1/fastq/ERR199/004/ERR1999784/ERR1999784.fastq.gz	fasp.sra.ebi.ac.uk:/vol1/fastq/ERR199/004/ERR1999784/ERR1999784.fastq.gz	ftp.sra.ebi.ac.uk/vol1/fastq/ERR199/004/ERR1999784/ERR1999784.fastq.gz	154399357	fac7bed71d96186b4a9ede3b33d12d59	ftp.sra.ebi.ac.uk/vol1/run/ERR199/ERR1999784/Subj5_Week2_White_Start.fastq.gz	fasp.sra.ebi.ac.uk:/vol1/run/ERR199/ERR1999784/Subj5_Week2_White_Start.fastq.gz	ftp.sra.ebi.ac.uk/vol1/run/ERR199/ERR1999784/Subj5_Week2_White_Start.fastq.gz	FASTQ	111625099	4a351655ddf7e7960fa4c00b5d254142	ftp.sra.ebi.ac.uk/vol1/err/ERR199/004/ERR1999784	fasp.sra.ebi.ac.uk:/vol1/err/ERR199/004/ERR1999784	ftp.sra.ebi.ac.uk/vol1/err/ERR199/004/ERR1999784	Subj5_Week2_White_Start		Bread project WGS samples		2017-06-03			
ERR1999806	ERP019513	SAMEA104112477	ERS1776370	ERX2059675	PRJEB17643	ERA952328	256318	metagenome	ILLUMINA	NextSeq 500	BreadMGA		SINGLE	WGS	METAGENOMIC	unspecified	10554350	836677236	WEIZMANN INSTITUE OF SCIENCE	2017-06-05	2018-11-16	NextSeq 500 sequencing	A randomized trial of bread consumption: Personal glycemic responses and effects on clinical parameters and gut microbiome	ena-STUDY-WEIZMANN INSTITUE OF SCIENCE-03-11-2016-14:19:00:394-624	ena-EXPERIMENT-WEIZMANN INSTITUE OF SCIENCE-03-06-2017-08:52:10:205-40	ena-RUN-WEIZMANN INSTITUE OF SCIENCE-03-06-2017-08:52:10:205-40	539165166	a9ec491c1d1932518021a7869f5bf9c3	ftp.sra.ebi.ac.uk/vol1/fastq/ERR199/006/ERR1999806/ERR1999806.fastq.gz	fasp.sra.ebi.ac.uk:/vol1/fastq/ERR199/006/ERR1999806/ERR1999806.fastq.gz	ftp.sra.ebi.ac.uk/vol1/fastq/ERR199/006/ERR1999806/ERR1999806.fastq.gz	495408384	5d4c0663ceedf0c137f0d53aa3a38e3f	ftp.sra.ebi.ac.uk/vol1/run/ERR199/ERR1999806/Subj11_Week1_Srdgh_Start.fastq.gz	fasp.sra.ebi.ac.uk:/vol1/run/ERR199/ERR1999806/Subj11_Week1_Srdgh_Start.fastq.gz	ftp.sra.ebi.ac.uk/vol1/run/ERR199/ERR1999806/Subj11_Week1_Srdgh_Start.fastq.gz	FASTQ	358344538	b6180b1cae5c73afdf8af1d4f6655944	ftp.sra.ebi.ac.uk/vol1/err/ERR199/006/ERR1999806	fasp.sra.ebi.ac.uk:/vol1/err/ERR199/006/ERR1999806	ftp.sra.ebi.ac.uk/vol1/err/ERR199/006/ERR1999806	Subj11_Week1_Srdgh_Start		Bread project WGS samples		2017-06-03			
ERR1999807	ERP019513	SAMEA104112478	ERS1776371	ERX2059676	PRJEB17643	ERA952328	256318	metagenome	ILLUMINA	NextSeq 500	BreadMGA		SINGLE	WGS	METAGENOMIC	unspecified	10154208	804509012	WEIZMANN INSTITUE OF SCIENCE	2017-06-05	2018-11-16	NextSeq 500 sequencing	A randomized trial of bread consumption: Personal glycemic responses and effects on clinical parameters and gut microbiome	ena-STUDY-WEIZMANN INSTITUE OF SCIENCE-03-11-2016-14:19:00:394-624	ena-EXPERIMENT-WEIZMANN INSTITUE OF SCIENCE-03-06-2017-08:52:10:205-41	ena-RUN-WEIZMANN INSTITUE OF SCIENCE-03-06-2017-08:52:10:205-41	528777250	d07a37d0f62ac7cbecb2f02b7e33c4f3	ftp.sra.ebi.ac.uk/vol1/fastq/ERR199/007/ERR1999807/ERR1999807.fastq.gz	fasp.sra.ebi.ac.uk:/vol1/fastq/ERR199/007/ERR1999807/ERR1999807.fastq.gz	ftp.sra.ebi.ac.uk/vol1/fastq/ERR199/007/ERR1999807/ERR1999807.fastq.gz	486643130	3ad5cb784563b1401de4b91540bc4ea7	ftp.sra.ebi.ac.uk/vol1/run/ERR199/ERR1999807/Subj11_Week2_White_End.fastq.gz	fasp.sra.ebi.ac.uk:/vol1/run/ERR199/ERR1999807/Subj11_Week2_White_End.fastq.gz	ftp.sra.ebi.ac.uk/vol1/run/ERR199/ERR1999807/Subj11_Week2_White_End.fastq.gz	FASTQ	353052994	6738dbcaa088739d423c891af42118af	ftp.sra.ebi.ac.uk/vol1/err/ERR199/007/ERR1999807	fasp.sra.ebi.ac.uk:/vol1/err/ERR199/007/ERR1999807	ftp.sra.ebi.ac.uk/vol1/err/ERR199/007/ERR1999807	Subj11_Week2_White_End		Bread project WGS samples		2017-06-03			
ERR1999808	ERP019513	SAMEA104112479	ERS1776372	ERX2059677	PRJEB17643	ERA952328	256318	metagenome	ILLUMINA	NextSeq 500	BreadMGA		SINGLE	WGS	METAGENOMIC	unspecified	8010141	634683747	WEIZMANN INSTITUE OF SCIENCE	2017-06-05	2018-11-16	NextSeq 500 sequencing	A randomized trial of bread consumption: Personal glycemic responses and effects on clinical parameters and gut microbiome	ena-STUDY-WEIZMANN INSTITUE OF SCIENCE-03-11-2016-14:19:00:394-624	ena-EXPERIMENT-WEIZMANN INSTITUE OF SCIENCE-03-06-2017-08:52:10:205-42	ena-RUN-WEIZMANN INSTITUE OF SCIENCE-03-06-2017-08:52:10:205-42	420499669	dac8964fae64739cb0a1a1945fd7a1a5	ftp.sra.ebi.ac.uk/vol1/fastq/ERR199/008/ERR1999808/ERR1999808.fastq.gz	fasp.sra.ebi.ac.uk:/vol1/fastq/ERR199/008/ERR1999808/ERR1999808.fastq.gz	ftp.sra.ebi.ac.uk/vol1/fastq/ERR199/008/ERR1999808/ERR1999808.fastq.gz	387055424	62ad5dcb4fecc48801b55aaa9c202372	ftp.sra.ebi.ac.uk/vol1/run/ERR199/ERR1999808/Subj11_Week2_White_Start.fastq.gz	fasp.sra.ebi.ac.uk:/vol1/run/ERR199/ERR1999808/Subj11_Week2_White_Start.fastq.gz	ftp.sra.ebi.ac.uk/vol1/run/ERR199/ERR1999808/Subj11_Week2_White_Start.fastq.gz	FASTQ	280820308	a4ae3b113170976a86835ef584cb32fe	ftp.sra.ebi.ac.uk/vol1/err/ERR199/008/ERR1999808	fasp.sra.ebi.ac.uk:/vol1/err/ERR199/008/ERR1999808	ftp.sra.ebi.ac.uk/vol1/err/ERR199/008/ERR1999808	Subj11_Week2_White_Start		Bread project WGS samples		2017-06-03			
ERR1999809	ERP019513	SAMEA104112480	ERS1776373	ERX2059678	PRJEB17643	ERA952328	256318	metagenome	ILLUMINA	NextSeq 500	BreadMGA		SINGLE	WGS	METAGENOMIC	unspecified	6347507	503435201	WEIZMANN INSTITUE OF SCIENCE	2017-06-05	2018-11-16	NextSeq 500 sequencing	A randomized trial of bread consumption: Personal glycemic responses and effects on clinical parameters and gut microbiome	ena-STUDY-WEIZMANN INSTITUE OF SCIENCE-03-11-2016-14:19:00:394-624	ena-EXPERIMENT-WEIZMANN INSTITUE OF SCIENCE-03-06-2017-08:52:10:205-43	ena-RUN-WEIZMANN INSTITUE OF SCIENCE-03-06-2017-08:52:10:205-43	327555906	cfab565bf8db4d3edd5f2607caae03a7	ftp.sra.ebi.ac.uk/vol1/fastq/ERR199/009/ERR1999809/ERR1999809.fastq.gz	fasp.sra.ebi.ac.uk:/vol1/fastq/ERR199/009/ERR1999809/ERR1999809.fastq.gz	ftp.sra.ebi.ac.uk/vol1/fastq/ERR199/009/ERR1999809/ERR1999809.fastq.gz	301010699	12caf4da46d1e94e4a3f3ca19d42fbee	ftp.sra.ebi.ac.uk/vol1/run/ERR199/ERR1999809/Subj12_Week1_White_End.fastq.gz	fasp.sra.ebi.ac.uk:/vol1/run/ERR199/ERR1999809/Subj12_Week1_White_End.fastq.gz	ftp.sra.ebi.ac.uk/vol1/run/ERR199/ERR1999809/Subj12_Week1_White_End.fastq.gz	FASTQ	217561748	013b010a225cefc0ad1e63d57ef10411	ftp.sra.ebi.ac.uk/vol1/err/ERR199/009/ERR1999809	fasp.sra.ebi.ac.uk:/vol1/err/ERR199/009/ERR1999809	ftp.sra.ebi.ac.uk/vol1/err/ERR199/009/ERR1999809	Subj12_Week1_White_End		Bread project WGS samples		2017-06-03			
ERR1999812	ERP019513	SAMEA104112483	ERS1776376	ERX2059681	PRJEB17643	ERA952328	256318	metagenome	ILLUMINA	NextSeq 500	BreadMGA		SINGLE	WGS	METAGENOMIC	unspecified	4701882	372334989	WEIZMANN INSTITUE OF SCIENCE	2017-06-05	2018-11-16	NextSeq 500 sequencing	A randomized trial of bread consumption: Personal glycemic responses and effects on clinical parameters and gut microbiome	ena-STUDY-WEIZMANN INSTITUE OF SCIENCE-03-11-2016-14:19:00:394-624	ena-EXPERIMENT-WEIZMANN INSTITUE OF SCIENCE-03-06-2017-08:52:10:205-46	ena-RUN-WEIZMANN INSTITUE OF SCIENCE-03-06-2017-08:52:10:205-46	250980414	ac27319bad8cbe7de1c47b5f4c1b3717	ftp.sra.ebi.ac.uk/vol1/fastq/ERR199/002/ERR1999812/ERR1999812.fastq.gz	fasp.sra.ebi.ac.uk:/vol1/fastq/ERR199/002/ERR1999812/ERR1999812.fastq.gz	ftp.sra.ebi.ac.uk/vol1/fastq/ERR199/002/ERR1999812/ERR1999812.fastq.gz	231220832	fbce36bcbfa2389d1b9043ec89335d8f	ftp.sra.ebi.ac.uk/vol1/run/ERR199/ERR1999812/Subj12_Week2_Srdgh_Start.fastq.gz	fasp.sra.ebi.ac.uk:/vol1/run/ERR199/ERR1999812/Subj12_Week2_Srdgh_Start.fastq.gz	ftp.sra.ebi.ac.uk/vol1/run/ERR199/ERR1999812/Subj12_Week2_Srdgh_Start.fastq.gz	FASTQ	167798156	85aa3fb517f1f795a6cedeb06f3d6b31	ftp.sra.ebi.ac.uk/vol1/err/ERR199/002/ERR1999812	fasp.sra.ebi.ac.uk:/vol1/err/ERR199/002/ERR1999812	ftp.sra.ebi.ac.uk/vol1/err/ERR199/002/ERR1999812	Subj12_Week2_Srdgh_Start		Bread project WGS samples		2017-06-03			
ERR1999814	ERP019513	SAMEA104112485	ERS1776378	ERX2059683	PRJEB17643	ERA952328	256318	metagenome	ILLUMINA	NextSeq 500	BreadMGA		SINGLE	WGS	METAGENOMIC	unspecified	6772453	536804095	WEIZMANN INSTITUE OF SCIENCE	2017-06-05	2018-11-16	NextSeq 500 sequencing	A randomized trial of bread consumption: Personal glycemic responses and effects on clinical parameters and gut microbiome	ena-STUDY-WEIZMANN INSTITUE OF SCIENCE-03-11-2016-14:19:00:394-624	ena-EXPERIMENT-WEIZMANN INSTITUE OF SCIENCE-03-06-2017-08:52:10:205-48	ena-RUN-WEIZMANN INSTITUE OF SCIENCE-03-06-2017-08:52:10:205-48	357529967	15640a945c0847adb7593697f3ed5751	ftp.sra.ebi.ac.uk/vol1/fastq/ERR199/004/ERR1999814/ERR1999814.fastq.gz	fasp.sra.ebi.ac.uk:/vol1/fastq/ERR199/004/ERR1999814/ERR1999814.fastq.gz	ftp.sra.ebi.ac.uk/vol1/fastq/ERR199/004/ERR1999814/ERR1999814.fastq.gz	328741358	710e6a1e81d24daa1b02d9d30b0e702a	ftp.sra.ebi.ac.uk/vol1/run/ERR199/ERR1999814/Subj13_Week1_Srdgh_Start.fastq.gz	fasp.sra.ebi.ac.uk:/vol1/run/ERR199/ERR1999814/Subj13_Week1_Srdgh_Start.fastq.gz	ftp.sra.ebi.ac.uk/vol1/run/ERR199/ERR1999814/Subj13_Week1_Srdgh_Start.fastq.gz	FASTQ	238547632	fd15b828d5014517244b022fc9d87855	ftp.sra.ebi.ac.uk/vol1/err/ERR199/004/ERR1999814	fasp.sra.ebi.ac.uk:/vol1/err/ERR199/004/ERR1999814	ftp.sra.ebi.ac.uk/vol1/err/ERR199/004/ERR1999814	Subj13_Week1_Srdgh_Start		Bread project WGS samples		2017-06-03			
ERR1999817	ERP019513	SAMEA104112488	ERS1776381	ERX2059686	PRJEB17643	ERA952328	256318	metagenome	ILLUMINA	NextSeq 500	BreadMGA		SINGLE	WGS	METAGENOMIC	unspecified	6290718	499076024	WEIZMANN INSTITUE OF SCIENCE	2017-06-05	2018-11-16	NextSeq 500 sequencing	A randomized trial of bread consumption: Personal glycemic responses and effects on clinical parameters and gut microbiome	ena-STUDY-WEIZMANN INSTITUE OF SCIENCE-03-11-2016-14:19:00:394-624	ena-EXPERIMENT-WEIZMANN INSTITUE OF SCIENCE-03-06-2017-08:52:10:205-51	ena-RUN-WEIZMANN INSTITUE OF SCIENCE-03-06-2017-08:52:10:205-51	327793337	df17274e81de820a51794a8a4e8e40bf	ftp.sra.ebi.ac.uk/vol1/fastq/ERR199/007/ERR1999817/ERR1999817.fastq.gz	fasp.sra.ebi.ac.uk:/vol1/fastq/ERR199/007/ERR1999817/ERR1999817.fastq.gz	ftp.sra.ebi.ac.uk/vol1/fastq/ERR199/007/ERR1999817/ERR1999817.fastq.gz	301335662	cd2c81673be6cf87bfb886cf78b51268	ftp.sra.ebi.ac.uk/vol1/run/ERR199/ERR1999817/Subj14_Week1_Srdgh_End.fastq.gz	fasp.sra.ebi.ac.uk:/vol1/run/ERR199/ERR1999817/Subj14_Week1_Srdgh_End.fastq.gz	ftp.sra.ebi.ac.uk/vol1/run/ERR199/ERR1999817/Subj14_Week1_Srdgh_End.fastq.gz	FASTQ	217578250	6d9adcf82e6f582bd169950da747981a	ftp.sra.ebi.ac.uk/vol1/err/ERR199/007/ERR1999817	fasp.sra.ebi.ac.uk:/vol1/err/ERR199/007/ERR1999817	ftp.sra.ebi.ac.uk/vol1/err/ERR199/007/ERR1999817	Subj14_Week1_Srdgh_End		Bread project WGS samples		2017-06-03			
ERR1999818	ERP019513	SAMEA104112489	ERS1776382	ERX2059687	PRJEB17643	ERA952328	256318	metagenome	ILLUMINA	NextSeq 500	BreadMGA		SINGLE	WGS	METAGENOMIC	unspecified	9370330	742954592	WEIZMANN INSTITUE OF SCIENCE	2017-06-05	2018-11-16	NextSeq 500 sequencing	A randomized trial of bread consumption: Personal glycemic responses and effects on clinical parameters and gut microbiome	ena-STUDY-WEIZMANN INSTITUE OF SCIENCE-03-11-2016-14:19:00:394-624	ena-EXPERIMENT-WEIZMANN INSTITUE OF SCIENCE-03-06-2017-08:52:10:205-52	ena-RUN-WEIZMANN INSTITUE OF SCIENCE-03-06-2017-08:52:10:205-52	494607046	8d71cf9781b63cc95fec4d8f83c99bc9	ftp.sra.ebi.ac.uk/vol1/fastq/ERR199/008/ERR1999818/ERR1999818.fastq.gz	fasp.sra.ebi.ac.uk:/vol1/fastq/ERR199/008/ERR1999818/ERR1999818.fastq.gz	ftp.sra.ebi.ac.uk/vol1/fastq/ERR199/008/ERR1999818/ERR1999818.fastq.gz	454846949	fd8f4b65eab40bf03b3bab9cac7b4dba	ftp.sra.ebi.ac.uk/vol1/run/ERR199/ERR1999818/Subj14_Week1_Srdgh_Start.fastq.gz	fasp.sra.ebi.ac.uk:/vol1/run/ERR199/ERR1999818/Subj14_Week1_Srdgh_Start.fastq.gz	ftp.sra.ebi.ac.uk/vol1/run/ERR199/ERR1999818/Subj14_Week1_Srdgh_Start.fastq.gz	FASTQ	330079540	2630389213fc27820a9dd6d36f74d208	ftp.sra.ebi.ac.uk/vol1/err/ERR199/008/ERR1999818	fasp.sra.ebi.ac.uk:/vol1/err/ERR199/008/ERR1999818	ftp.sra.ebi.ac.uk/vol1/err/ERR199/008/ERR1999818	Subj14_Week1_Srdgh_Start		Bread project WGS samples		2017-06-03			
ERR1999821	ERP019513	SAMEA104112492	ERS1776385	ERX2059690	PRJEB17643	ERA952328	256318	metagenome	ILLUMINA	NextSeq 500	BreadMGA		SINGLE	WGS	METAGENOMIC	unspecified	5238148	415279770	WEIZMANN INSTITUE OF SCIENCE	2017-06-05	2018-11-16	NextSeq 500 sequencing	A randomized trial of bread consumption: Personal glycemic responses and effects on clinical parameters and gut microbiome	ena-STUDY-WEIZMANN INSTITUE OF SCIENCE-03-11-2016-14:19:00:394-624	ena-EXPERIMENT-WEIZMANN INSTITUE OF SCIENCE-03-06-2017-08:52:10:205-55	ena-RUN-WEIZMANN INSTITUE OF SCIENCE-03-06-2017-08:52:10:205-55	271525929	722e40860f02262a3968be3ea8d87d1e	ftp.sra.ebi.ac.uk/vol1/fastq/ERR199/001/ERR1999821/ERR1999821.fastq.gz	fasp.sra.ebi.ac.uk:/vol1/fastq/ERR199/001/ERR1999821/ERR1999821.fastq.gz	ftp.sra.ebi.ac.uk/vol1/fastq/ERR199/001/ERR1999821/ERR1999821.fastq.gz	249476112	6bf724ba408de759cfe3631dce9e9fe8	ftp.sra.ebi.ac.uk/vol1/run/ERR199/ERR1999821/Subj15_Week1_White_End.fastq.gz	fasp.sra.ebi.ac.uk:/vol1/run/ERR199/ERR1999821/Subj15_Week1_White_End.fastq.gz	ftp.sra.ebi.ac.uk/vol1/run/ERR199/ERR1999821/Subj15_Week1_White_End.fastq.gz	FASTQ	180906300	09cbf95f75ebdd08a4c707fd1d499d59	ftp.sra.ebi.ac.uk/vol1/err/ERR199/001/ERR1999821	fasp.sra.ebi.ac.uk:/vol1/err/ERR199/001/ERR1999821	ftp.sra.ebi.ac.uk/vol1/err/ERR199/001/ERR1999821	Subj15_Week1_White_End		Bread project WGS samples		2017-06-03			
ERR1999823	ERP019513	SAMEA104112494	ERS1776387	ERX2059692	PRJEB17643	ERA952328	256318	metagenome	ILLUMINA	NextSeq 500	BreadMGA		SINGLE	WGS	METAGENOMIC	unspecified	19681876	1557916618	WEIZMANN INSTITUE OF SCIENCE	2017-06-05	2018-11-16	NextSeq 500 sequencing	A randomized trial of bread consumption: Personal glycemic responses and effects on clinical parameters and gut microbiome	ena-STUDY-WEIZMANN INSTITUE OF SCIENCE-03-11-2016-14:19:00:394-624	ena-EXPERIMENT-WEIZMANN INSTITUE OF SCIENCE-03-06-2017-08:52:10:205-57	ena-RUN-WEIZMANN INSTITUE OF SCIENCE-03-06-2017-08:52:10:205-57	1009555356	773afc1d9b854aa7141bcf82aeb7c70f	ftp.sra.ebi.ac.uk/vol1/fastq/ERR199/003/ERR1999823/ERR1999823.fastq.gz	fasp.sra.ebi.ac.uk:/vol1/fastq/ERR199/003/ERR1999823/ERR1999823.fastq.gz	ftp.sra.ebi.ac.uk/vol1/fastq/ERR199/003/ERR1999823/ERR1999823.fastq.gz	926836703	349b965eb3bb7d66addc75650211d53e	ftp.sra.ebi.ac.uk/vol1/run/ERR199/ERR1999823/Subj15_Week2_Srdgh_End.fastq.gz	fasp.sra.ebi.ac.uk:/vol1/run/ERR199/ERR1999823/Subj15_Week2_Srdgh_End.fastq.gz	ftp.sra.ebi.ac.uk/vol1/run/ERR199/ERR1999823/Subj15_Week2_Srdgh_End.fastq.gz	FASTQ	679041066	76ce4219bfd4eb3eca086f61778494fc	ftp.sra.ebi.ac.uk/vol1/err/ERR199/003/ERR1999823	fasp.sra.ebi.ac.uk:/vol1/err/ERR199/003/ERR1999823	ftp.sra.ebi.ac.uk/vol1/err/ERR199/003/ERR1999823	Subj15_Week2_Srdgh_End		Bread project WGS samples		2017-06-03			
ERR1999824	ERP019513	SAMEA104112495	ERS1776388	ERX2059693	PRJEB17643	ERA952328	256318	metagenome	ILLUMINA	NextSeq 500	BreadMGA		SINGLE	WGS	METAGENOMIC	unspecified	6265393	495910005	WEIZMANN INSTITUE OF SCIENCE	2017-06-05	2018-11-16	NextSeq 500 sequencing	A randomized trial of bread consumption: Personal glycemic responses and effects on clinical parameters and gut microbiome	ena-STUDY-WEIZMANN INSTITUE OF SCIENCE-03-11-2016-14:19:00:394-624	ena-EXPERIMENT-WEIZMANN INSTITUE OF SCIENCE-03-06-2017-08:52:10:205-58	ena-RUN-WEIZMANN INSTITUE OF SCIENCE-03-06-2017-08:52:10:205-58	332088225	c11bc9e934c2d48d07234444f4261a2a	ftp.sra.ebi.ac.uk/vol1/fastq/ERR199/004/ERR1999824/ERR1999824.fastq.gz	fasp.sra.ebi.ac.uk:/vol1/fastq/ERR199/004/ERR1999824/ERR1999824.fastq.gz	ftp.sra.ebi.ac.uk/vol1/fastq/ERR199/004/ERR1999824/ERR1999824.fastq.gz	305957325	3c5bad93a91d6ea19f8ad34364a19653	ftp.sra.ebi.ac.uk/vol1/run/ERR199/ERR1999824/Subj15_Week2_Srdgh_Start.fastq.gz	fasp.sra.ebi.ac.uk:/vol1/run/ERR199/ERR1999824/Subj15_Week2_Srdgh_Start.fastq.gz	ftp.sra.ebi.ac.uk/vol1/run/ERR199/ERR1999824/Subj15_Week2_Srdgh_Start.fastq.gz	FASTQ	222260767	770fc59d3404b2860a0b3d385e8c9e80	ftp.sra.ebi.ac.uk/vol1/err/ERR199/004/ERR1999824	fasp.sra.ebi.ac.uk:/vol1/err/ERR199/004/ERR1999824	ftp.sra.ebi.ac.uk/vol1/err/ERR199/004/ERR1999824	Subj15_Week2_Srdgh_Start		Bread project WGS samples		2017-06-03			
ERR1999825	ERP019513	SAMEA104112496	ERS1776389	ERX2059694	PRJEB17643	ERA952328	256318	metagenome	ILLUMINA	NextSeq 500	BreadMGA		SINGLE	WGS	METAGENOMIC	unspecified	3086766	244833705	WEIZMANN INSTITUE OF SCIENCE	2017-06-05	2018-11-16	NextSeq 500 sequencing	A randomized trial of bread consumption: Personal glycemic responses and effects on clinical parameters and gut microbiome	ena-STUDY-WEIZMANN INSTITUE OF SCIENCE-03-11-2016-14:19:00:394-624	ena-EXPERIMENT-WEIZMANN INSTITUE OF SCIENCE-03-06-2017-08:52:10:205-59	ena-RUN-WEIZMANN INSTITUE OF SCIENCE-03-06-2017-08:52:10:205-59	159915280	1ceb933645599218bd27dcb928da56f2	ftp.sra.ebi.ac.uk/vol1/fastq/ERR199/005/ERR1999825/ERR1999825.fastq.gz	fasp.sra.ebi.ac.uk:/vol1/fastq/ERR199/005/ERR1999825/ERR1999825.fastq.gz	ftp.sra.ebi.ac.uk/vol1/fastq/ERR199/005/ERR1999825/ERR1999825.fastq.gz	147062855	21efd60c610078626f317f30fd14dad6	ftp.sra.ebi.ac.uk/vol1/run/ERR199/ERR1999825/Subj16_Week1_White_End.fastq.gz	fasp.sra.ebi.ac.uk:/vol1/run/ERR199/ERR1999825/Subj16_Week1_White_End.fastq.gz	ftp.sra.ebi.ac.uk/vol1/run/ERR199/ERR1999825/Subj16_Week1_White_End.fastq.gz	FASTQ	105958558	34ed3c3f574c248314f5b8ee0a3d5f75	ftp.sra.ebi.ac.uk/vol1/err/ERR199/005/ERR1999825	fasp.sra.ebi.ac.uk:/vol1/err/ERR199/005/ERR1999825	ftp.sra.ebi.ac.uk/vol1/err/ERR199/005/ERR1999825	Subj16_Week1_White_End		Bread project WGS samples		2017-06-03			
ERR1999827	ERP019513	SAMEA104112498	ERS1776391	ERX2059696	PRJEB17643	ERA952328	256318	metagenome	ILLUMINA	NextSeq 500	BreadMGA		SINGLE	WGS	METAGENOMIC	unspecified	7092274	561979360	WEIZMANN INSTITUE OF SCIENCE	2017-06-05	2018-11-16	NextSeq 500 sequencing	A randomized trial of bread consumption: Personal glycemic responses and effects on clinical parameters and gut microbiome	ena-STUDY-WEIZMANN INSTITUE OF SCIENCE-03-11-2016-14:19:00:394-624	ena-EXPERIMENT-WEIZMANN INSTITUE OF SCIENCE-03-06-2017-08:52:10:205-61	ena-RUN-WEIZMANN INSTITUE OF SCIENCE-03-06-2017-08:52:10:205-61	372048054	72d9ef214a4c3a1877b1b8bc501202e8	ftp.sra.ebi.ac.uk/vol1/fastq/ERR199/007/ERR1999827/ERR1999827.fastq.gz	fasp.sra.ebi.ac.uk:/vol1/fastq/ERR199/007/ERR1999827/ERR1999827.fastq.gz	ftp.sra.ebi.ac.uk/vol1/fastq/ERR199/007/ERR1999827/ERR1999827.fastq.gz	342418463	976b17bf411fea0428b98514e5cbca42	ftp.sra.ebi.ac.uk/vol1/run/ERR199/ERR1999827/Subj16_Week2_Srdgh_End.fastq.gz	fasp.sra.ebi.ac.uk:/vol1/run/ERR199/ERR1999827/Subj16_Week2_Srdgh_End.fastq.gz	ftp.sra.ebi.ac.uk/vol1/run/ERR199/ERR1999827/Subj16_Week2_Srdgh_End.fastq.gz	FASTQ	248459649	62907a0f1bfa21ecdf1caa11996a03ed	ftp.sra.ebi.ac.uk/vol1/err/ERR199/007/ERR1999827	fasp.sra.ebi.ac.uk:/vol1/err/ERR199/007/ERR1999827	ftp.sra.ebi.ac.uk/vol1/err/ERR199/007/ERR1999827	Subj16_Week2_Srdgh_End		Bread project WGS samples		2017-06-03			
ERR1999828	ERP019513	SAMEA104112499	ERS1776392	ERX2059697	PRJEB17643	ERA952328	256318	metagenome	ILLUMINA	NextSeq 500	BreadMGA		SINGLE	WGS	METAGENOMIC	unspecified	7526854	596438683	WEIZMANN INSTITUE OF SCIENCE	2017-06-05	2018-11-16	NextSeq 500 sequencing	A randomized trial of bread consumption: Personal glycemic responses and effects on clinical parameters and gut microbiome	ena-STUDY-WEIZMANN INSTITUE OF SCIENCE-03-11-2016-14:19:00:394-624	ena-EXPERIMENT-WEIZMANN INSTITUE OF SCIENCE-03-06-2017-08:52:10:205-62	ena-RUN-WEIZMANN INSTITUE OF SCIENCE-03-06-2017-08:52:10:205-62	395561403	23b9218daeb4d5730f4a914a2034988b	ftp.sra.ebi.ac.uk/vol1/fastq/ERR199/008/ERR1999828/ERR1999828.fastq.gz	fasp.sra.ebi.ac.uk:/vol1/fastq/ERR199/008/ERR1999828/ERR1999828.fastq.gz	ftp.sra.ebi.ac.uk/vol1/fastq/ERR199/008/ERR1999828/ERR1999828.fastq.gz	364266126	4c031aeede11ee954270b32a79310fbf	ftp.sra.ebi.ac.uk/vol1/run/ERR199/ERR1999828/Subj16_Week2_Srdgh_Start.fastq.gz	fasp.sra.ebi.ac.uk:/vol1/run/ERR199/ERR1999828/Subj16_Week2_Srdgh_Start.fastq.gz	ftp.sra.ebi.ac.uk/vol1/run/ERR199/ERR1999828/Subj16_Week2_Srdgh_Start.fastq.gz	FASTQ	264110677	4b946ae3d4cd13d478c85505900ab484	ftp.sra.ebi.ac.uk/vol1/err/ERR199/008/ERR1999828	fasp.sra.ebi.ac.uk:/vol1/err/ERR199/008/ERR1999828	ftp.sra.ebi.ac.uk/vol1/err/ERR199/008/ERR1999828	Subj16_Week2_Srdgh_Start		Bread project WGS samples		2017-06-03			
ERR1999833	ERP019513	SAMEA104112504	ERS1776397	ERX2059702	PRJEB17643	ERA952328	256318	metagenome	ILLUMINA	NextSeq 500	BreadMGA		SINGLE	WGS	METAGENOMIC	unspecified	4649275	368745617	WEIZMANN INSTITUE OF SCIENCE	2017-06-05	2018-11-16	NextSeq 500 sequencing	A randomized trial of bread consumption: Personal glycemic responses and effects on clinical parameters and gut microbiome	ena-STUDY-WEIZMANN INSTITUE OF SCIENCE-03-11-2016-14:19:00:394-624	ena-EXPERIMENT-WEIZMANN INSTITUE OF SCIENCE-03-06-2017-08:52:10:205-67	ena-RUN-WEIZMANN INSTITUE OF SCIENCE-03-06-2017-08:52:10:205-67	241918250	ca9a40c5fdfd66c8a704bacb3fd249af	ftp.sra.ebi.ac.uk/vol1/fastq/ERR199/003/ERR1999833/ERR1999833.fastq.gz	fasp.sra.ebi.ac.uk:/vol1/fastq/ERR199/003/ERR1999833/ERR1999833.fastq.gz	ftp.sra.ebi.ac.uk/vol1/fastq/ERR199/003/ERR1999833/ERR1999833.fastq.gz	222494891	e727a4f2683adf5c8258a789cef0ff8e	ftp.sra.ebi.ac.uk/vol1/run/ERR199/ERR1999833/Subj18_Week1_Srdgh_End.fastq.gz	fasp.sra.ebi.ac.uk:/vol1/run/ERR199/ERR1999833/Subj18_Week1_Srdgh_End.fastq.gz	ftp.sra.ebi.ac.uk/vol1/run/ERR199/ERR1999833/Subj18_Week1_Srdgh_End.fastq.gz	FASTQ	160505076	b3471388e0028cee2cce35f2be7a53c8	ftp.sra.ebi.ac.uk/vol1/err/ERR199/003/ERR1999833	fasp.sra.ebi.ac.uk:/vol1/err/ERR199/003/ERR1999833	ftp.sra.ebi.ac.uk/vol1/err/ERR199/003/ERR1999833	Subj18_Week1_Srdgh_End		Bread project WGS samples		2017-06-03			
ERR1999834	ERP019513	SAMEA104112505	ERS1776398	ERX2059703	PRJEB17643	ERA952328	256318	metagenome	ILLUMINA	NextSeq 500	BreadMGA		SINGLE	WGS	METAGENOMIC	unspecified	2806766	222397237	WEIZMANN INSTITUE OF SCIENCE	2017-06-05	2018-11-16	NextSeq 500 sequencing	A randomized trial of bread consumption: Personal glycemic responses and effects on clinical parameters and gut microbiome	ena-STUDY-WEIZMANN INSTITUE OF SCIENCE-03-11-2016-14:19:00:394-624	ena-EXPERIMENT-WEIZMANN INSTITUE OF SCIENCE-03-06-2017-08:52:10:205-68	ena-RUN-WEIZMANN INSTITUE OF SCIENCE-03-06-2017-08:52:10:205-68	147711555	a93ceca0d3dc32142f990e8145248cc7	ftp.sra.ebi.ac.uk/vol1/fastq/ERR199/004/ERR1999834/ERR1999834.fastq.gz	fasp.sra.ebi.ac.uk:/vol1/fastq/ERR199/004/ERR1999834/ERR1999834.fastq.gz	ftp.sra.ebi.ac.uk/vol1/fastq/ERR199/004/ERR1999834/ERR1999834.fastq.gz	136072950	7440da60a07afb5f8c2f335245dd07fa	ftp.sra.ebi.ac.uk/vol1/run/ERR199/ERR1999834/Subj18_Week1_Srdgh_Start.fastq.gz	fasp.sra.ebi.ac.uk:/vol1/run/ERR199/ERR1999834/Subj18_Week1_Srdgh_Start.fastq.gz	ftp.sra.ebi.ac.uk/vol1/run/ERR199/ERR1999834/Subj18_Week1_Srdgh_Start.fastq.gz	FASTQ	98179253	567a6501a716d72dbed36cf77f058081	ftp.sra.ebi.ac.uk/vol1/err/ERR199/004/ERR1999834	fasp.sra.ebi.ac.uk:/vol1/err/ERR199/004/ERR1999834	ftp.sra.ebi.ac.uk/vol1/err/ERR199/004/ERR1999834	Subj18_Week1_Srdgh_Start		Bread project WGS samples		2017-06-03			
ERR1999835	ERP019513	SAMEA104112506	ERS1776399	ERX2059704	PRJEB17643	ERA952328	256318	metagenome	ILLUMINA	NextSeq 500	BreadMGA		SINGLE	WGS	METAGENOMIC	unspecified	16848587	1335127497	WEIZMANN INSTITUE OF SCIENCE	2017-06-05	2018-11-16	NextSeq 500 sequencing	A randomized trial of bread consumption: Personal glycemic responses and effects on clinical parameters and gut microbiome	ena-STUDY-WEIZMANN INSTITUE OF SCIENCE-03-11-2016-14:19:00:394-624	ena-EXPERIMENT-WEIZMANN INSTITUE OF SCIENCE-03-06-2017-08:52:10:205-69	ena-RUN-WEIZMANN INSTITUE OF SCIENCE-03-06-2017-08:52:10:205-69	881601758	a099615a91021e47fb4d75f716dcf0f3	ftp.sra.ebi.ac.uk/vol1/fastq/ERR199/005/ERR1999835/ERR1999835.fastq.gz	fasp.sra.ebi.ac.uk:/vol1/fastq/ERR199/005/ERR1999835/ERR1999835.fastq.gz	ftp.sra.ebi.ac.uk/vol1/fastq/ERR199/005/ERR1999835/ERR1999835.fastq.gz	810702551	a4993a7d4f4b21f22ab6bcf44531d663	ftp.sra.ebi.ac.uk/vol1/run/ERR199/ERR1999835/Subj18_Week2_White_End.fastq.gz	fasp.sra.ebi.ac.uk:/vol1/run/ERR199/ERR1999835/Subj18_Week2_White_End.fastq.gz	ftp.sra.ebi.ac.uk/vol1/run/ERR199/ERR1999835/Subj18_Week2_White_End.fastq.gz	FASTQ	592545212	758b6b63c1041bbde68584ce355cf4f8	ftp.sra.ebi.ac.uk/vol1/err/ERR199/005/ERR1999835	fasp.sra.ebi.ac.uk:/vol1/err/ERR199/005/ERR1999835	ftp.sra.ebi.ac.uk/vol1/err/ERR199/005/ERR1999835	Subj18_Week2_White_End		Bread project WGS samples		2017-06-03			
ERR1999840	ERP019513	SAMEA104112511	ERS1776404	ERX2059709	PRJEB17643	ERA952328	256318	metagenome	ILLUMINA	NextSeq 500	BreadMGA		SINGLE	WGS	METAGENOMIC	unspecified	4879043	386259714	WEIZMANN INSTITUE OF SCIENCE	2017-06-05	2018-11-16	NextSeq 500 sequencing	A randomized trial of bread consumption: Personal glycemic responses and effects on clinical parameters and gut microbiome	ena-STUDY-WEIZMANN INSTITUE OF SCIENCE-03-11-2016-14:19:00:394-624	ena-EXPERIMENT-WEIZMANN INSTITUE OF SCIENCE-03-06-2017-08:52:10:206-74	ena-RUN-WEIZMANN INSTITUE OF SCIENCE-03-06-2017-08:52:10:206-74	262758102	b93dac973e02029e4eadaf66c0edc6fc	ftp.sra.ebi.ac.uk/vol1/fastq/ERR199/000/ERR1999840/ERR1999840.fastq.gz	fasp.sra.ebi.ac.uk:/vol1/fastq/ERR199/000/ERR1999840/ERR1999840.fastq.gz	ftp.sra.ebi.ac.uk/vol1/fastq/ERR199/000/ERR1999840/ERR1999840.fastq.gz	242435692	097939b0f162b06a883f57c72f795091	ftp.sra.ebi.ac.uk/vol1/run/ERR199/ERR1999840/Subj19_Week2_White_Start.fastq.gz	fasp.sra.ebi.ac.uk:/vol1/run/ERR199/ERR1999840/Subj19_Week2_White_Start.fastq.gz	ftp.sra.ebi.ac.uk/vol1/run/ERR199/ERR1999840/Subj19_Week2_White_Start.fastq.gz	FASTQ	175961244	586711a0d4d20f1533746c97c6a58345	ftp.sra.ebi.ac.uk/vol1/err/ERR199/000/ERR1999840	fasp.sra.ebi.ac.uk:/vol1/err/ERR199/000/ERR1999840	ftp.sra.ebi.ac.uk/vol1/err/ERR199/000/ERR1999840	Subj19_Week2_White_Start		Bread project WGS samples		2017-06-03			
