feature	ERR1995525	ERR1999767	ERR1999768	ERR1999769	ERR1999770	ERR1999771	ERR1999772	ERR1999773	ERR1999774	ERR1999775	ERR1999776	ERR1999777	ERR1999778	ERR1999779	ERR1999780	ERR1999781	ERR1999782	ERR1999783	ERR1999784	ERR1999785	ERR1999786	ERR1999787	ERR1999788	ERR1999789	ERR1999790	ERR1999791	ERR1999792	ERR1999793	ERR1999794	ERR1999795	ERR1999796	ERR1999797	ERR1999798	ERR1999799	ERR1999800	ERR1999801	ERR1999802	ERR1999803	ERR1999804	ERR1999805	ERR1999806	ERR1999807	ERR1999808	ERR1999809	ERR1999810	ERR1999811	ERR1999812	ERR1999813	ERR1999814	ERR1999815	ERR1999816	ERR1999817	ERR1999818	ERR1999819	ERR1999820	ERR1999821	ERR1999822	ERR1999823	ERR1999824	ERR1999825	ERR1999826	ERR1999827	ERR1999828	ERR1999829	ERR1999830	ERR1999831	ERR1999832	ERR1999833	ERR1999834	ERR1999835	ERR1999836	ERR1999837	ERR1999838	ERR1999839	ERR1999840	ERR1999841	ERR1999842	ERR1999843	ERR1999844
total_reads	10066861.0	16155679.0	15702257.0	2988084.0	2834113.0	2375894.0	13904317.0	8230438.0	6977131.0	14419415.0	3434735.0	4756803.0	11311160.0	3965173.0	1616129.0	6135137.0	5523770.0	6169522.0	2129698.0	3832831.0	3531257.0	7655484.0	10293363.0	5166744.0	2602789.0	4139123.0	4036624.0	3013850.0	2958012.0	2924729.0	3520100.0	15639829.0	11226559.0	7403277.0	6820868.0	4963098.0	7194306.0	3343582.0	2356797.0	1372546.0	8058079.0	7119241.0	5571199.0	4760295.0	3784609.0	6585411.0	3106989.0	2014321.0	4711137.0	5132007.0	1225321.0	4635499.0	6594260.0	10016859.0	5421626.0	3783512.0	1640858.0	13542199.0	4162096.0	2324105.0	3458635.0	4916290.0	5104831.0	6377806.0	6189588.0	2762031.0	14208763.0	3409099.0	1986107.0	11326648.0	2786900.0	2021090.0	17930193.0	13537255.0	3091244.0	1656014.0	6128385.0	6048165.0	3540509.0
filtered_reads	9864173.0	15031951.0	14710158.0	2779354.0	2608624.0	2246688.0	13134420.0	7669002.0	6515079.0	13158718.0	3174593.0	4428925.0	10543001.0	3664915.0	1487274.0	5718253.0	5153127.0	5711581.0	1983701.0	3560861.0	3275598.0	7028948.0	9465786.0	4848889.0	2443971.0	3809041.0	3754917.0	2846835.0	2784985.0	2715941.0	3301498.0	14728004.0	10535078.0	6914743.0	6366591.0	4577671.0	6677942.0	3070637.0	2169960.0	1283039.0	7564158.0	6613533.0	5170328.0	4415172.0	3510797.0	6112819.0	2872967.0	1836648.0	4313578.0	4609564.0	1118932.0	4338550.0	6161871.0	9322108.0	5051810.0	3505220.0	1521387.0	12239749.0	3836273.0	2146932.0	3224865.0	4581915.0	4716844.0	5897508.0	5775427.0	2552250.0	13076505.0	3155250.0	1827967.0	10456190.0	2554987.0	1897623.0	16797536.0	12563460.0	2864605.0	1525643.0	5652316.0	5502803.0	3224279.0
category	8165.70823	32975.85192	33339.21507	31610.69769	32801.20137	36011.85733	34062.52358	30571.32106	31251.79017	30927.74687	34622.80052	31171.8666	31626.02088	33439.96034	32459.26936	31087.13272	31329.98489	30299.36237	32558.30166	30463.60685	27945.19896	32783.25583	27959.95741	32848.49514	34156.30033	31399.41692	33737.79028	37021.17759	34456.10695	37497.20909	36756.48823	33056.28657	31298.78815	33499.29156	33193.15698	33036.23496	28334.50408	27321.74987	27324.61959	31606.01798	37711.77682	32451.28878	35226.53909	25837.33458	27362.50017	30879.43593	26913.33627	23254.01061	24734.53382	23999.79484	28407.97025	32409.76046	31052.42404	33010.68121	35198.031	29025.45922	29608.65437	33076.1967	31374.5606	25257.8876	29417.08294	41375.59294	32357.82232	24587.25046	31389.9384	33863.06151	28264.44505	31681.96278	25946.96502	35921.96304	28905.23662	33086.70785	30863.26297	30310.12228	28416.22584	25237.53693	32105.45918	31428.4929	28331.55062
AA1	1.28354	1.01808	0.72051	0.23702	0.96294	0.43147	3.23263	0.39361	0.94055	0.26801	0.35436	6.34459	1.26498	0.99574	0.58382	2.639	0.90202	2.82967	2.37794	1.97768	4.19129	2.86348	2.37124	0.09215	0.99363	0.47608	1.82229	0.31847	1.57456	2.7853	0.62137	1.19088	1.59468	3.61516	2.97451	0.40362	0.444	2.2079	4.90979	NA	1.02551	1.34635	NA	2.07095	1.68345	11.37366	8.96894	1.37754	9.33151	3.80104	2.36605	3.18936	2.24454	4.25783	2.46381	0.93271	1.20384	0.24887	0.16121	1.63208	2.53809	0.98569	3.72755	5.81445	16.84446	19.91746	1.64028	1.22901	7.90386	5.59485	11.40303	2.00264	1.93851	1.20546	2.19044	2.58066	1.87603	0.98042	2.46593
AA10	NA	0.34921	0.08921	NA	NA	NA	0.09992	0.34224	0.75663	NA	NA	NA	NA	0.26751	NA	0.97466	0.764	0.22977	1.48645	NA	NA	NA	NA	NA	NA	NA	NA	NA	NA	NA	NA	NA	0.87198	0.29942	1.23264	NA	NA	0.42738	NA	NA	0.25326	NA	NA	0.29723	NA	NA	NA	NA	NA	NA	1.17285	NA	0.42595	0.28155	NA	1.12318	NA	0.11005	0.34209	NA	0.38009	NA	0.24885	0.22252	0.1728	0.4056	0.32216	NA	NA	NA	NA	0.69157	0.28751	0.60241	NA	NA	NA	NA	NA
AA3	NA	0.31017	1.09526	NA	0.44679	1.03753	2.39588	0.45593	0.17889	0.29363	0.4646	2.5431	NA	NA	NA	0.58196	0.45235	NA	NA	NA	NA	0.64638	0.23297	0.84872	1.43066	0.49959	1.01359	1.89666	1.41194	1.2874	0.70604	1.00165	1.54889	0.47889	1.03726	NA	0.12884	NA	NA	1.48317	0.09749	0.70492	0.28527	0.16703	0.87401	3.02407	2.02839	1.2781	NA	1.07881	NA	0.08289	0.64347	1.24887	1.15355	NA	NA	0.34592	0.19223	0.54287	1.64275	0.16095	0.58646	0.45529	0.98266	1.51374	0.82963	0.23373	0.09497	0.45123	NA	0.83361	0.47684	0.0587	1.4213	0.48338	0.13047	0.40205	0.22872
AA3_2	NA	0.03041	0.01963	NA	NA	NA	NA	NA	NA	0.02399	NA	0.94845	0.02988	NA	NA	NA	NA	0.05384	NA	NA	NA	NA	0.02763	NA	NA	NA	NA	NA	0.331	NA	NA	0.0134	0.2378	NA	0.1367	NA	0.0419	NA	NA	NA	NA	NA	NA	NA	NA	0.98833	NA	0.23943	NA	0.33804	NA	0.12909	NA	0.19438	NA	NA	NA	NA	NA	NA	0.03901	0.07023	0.1156	0.15937	0.27932	1.65491	0.01806	NA	0.18829	0.10573	0.24657	0.12017	0.05002	0.10031	0.35602	NA	0.17941	0.05736	NA
AA4	NA	15.9062	11.91631	20.3936	12.79423	15.97328	24.07919	34.63729	44.51911	35.32443	15.83805	9.30724	9.51213	15.68853	9.4132	10.69025	12.9502	9.71649	5.795	17.85773	16.02723	8.19236	11.78949	3.43527	5.37435	4.46075	7.56316	8.20474	8.33133	10.42772	12.41463	8.09424	7.28081	10.63106	6.7822	1.91821	5.27348	5.73744	6.15872	5.96616	2.79923	4.37699	2.07242	6.15446	4.85424	19.60468	12.7245	19.06741	32.00683	23.52739	11.17495	12.82494	10.60221	8.78124	7.98002	80.6133	27.21212	7.86936	22.8065	18.18117	9.82283	21.2755	14.48171	11.62994	8.16208	2.84689	6.41392	10.41047	17.85677	15.45697	20.51215	8.24964	8.18757	7.87867	8.75822	11.55949	12.1002	14.99331	19.22169
AA6	0.45656	9.50513	7.84585	5.22997	5.98955	8.4034	8.26633	7.29516	4.61508	3.82332	2.7669	9.99118	10.14019	8.44287	13.44447	9.33232	10.13093	10.34355	15.01471	6.26857	11.40276	1.78128	9.78279	5.71467	7.62836	8.11321	6.68301	16.26119	11.01982	16.26811	10.97575	13.6097	12.06463	9.00119	13.77474	3.36317	6.86488	9.92395	8.57501	8.77631	5.81807	6.91067	3.92121	24.81416	9.3731	14.44776	17.67628	11.35334	12.44452	11.46008	6.36977	11.2453	15.11072	18.54836	10.887	5.55917	7.56594	1.84059	3.5381	6.02627	4.69965	1.11711	8.15796	6.41915	3.68017	1.6188	8.39867	7.30782	16.68529	4.4525	13.27046	6.88615	7.34007	8.06564	8.29285	20.08622	4.45272	9.24509	8.58328
AA7	NA	28.49681	13.08648	28.58986	8.03042	20.74688	14.92407	27.79264	27.16128	22.86135	10.51323	14.15672	19.82626	22.13692	10.87487	44.3789	44.17329	52.28312	41.21402	27.13333	31.35211	12.39793	24.19876	12.60657	19.28795	28.50614	20.86804	12.69652	24.06223	24.52463	11.38208	20.52805	31.00857	25.64468	18.67158	11.26265	27.44824	29.25424	23.46057	21.50503	5.87223	14.03082	8.70845	38.16884	27.50102	45.69753	58.58735	47.92534	48.62256	27.31893	33.45106	43.93663	39.86634	30.97864	36.71731	30.98277	18.68923	18.88665	27.99805	51.66609	29.43199	34.31865	29.55472	36.23452	23.08125	10.61869	21.33454	25.95385	21.85033	13.41293	27.19922	21.10981	18.69336	16.1209	38.62195	40.17946	14.32782	22.58417	28.65424
AA8	NA	0.78265	NA	NA	NA	NA	NA	NA	NA	NA	NA	3.42104	NA	NA	NA	NA	NA	NA	NA	NA	NA	NA	NA	NA	NA	NA	NA	NA	NA	NA	NA	NA	0.86292	NA	2.88226	NA	NA	NA	NA	NA	NA	NA	NA	NA	NA	3.64984	NA	NA	NA	4.28514	NA	NA	NA	0.74494	NA	NA	NA	NA	NA	NA	NA	NA	NA	NA	0.32802	0.74228	NA	NA	NA	1.83546	NA	NA	NA	0.34015	3.17353	NA	NA	NA	NA
CBM10	NA	NA	0.66647	NA	NA	NA	0.74643	NA	NA	NA	NA	4.42722	NA	NA	6.59187	1.7145	1.90252	NA	NA	5.20057	NA	NA	NA	NA	NA	NA	NA	NA	3.52028	NA	NA	0.66567	NA	NA	NA	NA	NA	4.02056	NA	NA	NA	5.38057	NA	NA	NA	1.60383	NA	NA	NA	NA	NA	NA	NA	NA	NA	NA	NA	0.80099	NA	NA	NA	NA	NA	1.66238	NA	NA	2.24921	NA	NA	NA	3.83717	NA	1.10245	0.78035	3.42243	NA	1.7345	NA	NA
CBM12	NA	NA	1.13342	NA	2.12969	NA	1.26893	0.72442	NA	5.8835	1.75001	6.23144	7.83615	21.22563	7.35029	6.68117	8.58998	13.58618	5.62535	4.63019	8.46161	2.34565	2.87775	7.90929	8.94601	8.65701	8.87725	15.54893	9.90977	10.29822	12.01956	3.35839	5.67626	1.58096	5.20577	NA	4.10596	3.68089	2.56021	8.65999	NA	4.20014	NA	7.51193	9.44347	4.51487	11.66909	NA	14.67757	11.9356	4.80489	16.35748	4.45606	4.73262	NA	3.06762	NA	0.45389	NA	7.76302	10.28078	1.2125	18.85836	1.91652	1.92386	2.17673	1.2892	3.52147	32.64688	5.82735	15.53624	2.92764	10.27759	7.47719	7.75752	NA	6.88236	7.03454	6.83657
CBM13	2.07707	121.11751	112.67924	116.10172	119.25012	57.41709	69.73245	78.76254	64.45432	56.05807	69.40407	118.13105	116.05664	102.18595	136.43867	111.78313	132.77481	120.67975	132.89445	88.10249	102.95259	79.1147	111.84723	132.17026	151.7807	139.57047	120.43402	93.02831	88.83469	85.95555	94.1175	127.63352	130.22132	131.97217	139.80108	73.67733	117.3958	145.25825	109.54415	105.48016	84.22081	94.92611	83.85474	129.519	118.65797	76.60584	82.39887	142.31197	111.2832	107.98243	138.60538	107.87332	137.41324	138.97038	123.4192	132.0293	111.36117	46.11991	118.97052	106.82751	88.74526	70.15517	93.67706	105.88644	106.17536	84.8009	109.37283	119.33139	138.83868	111.62376	148.6621	104.01049	123.57674	120.14121	101.60366	91.14387	89.74853	78.26155	103.67006
CBM14	NA	NA	NA	NA	NA	NA	0.56397	NA	NA	NA	NA	NA	NA	NA	NA	NA	NA	NA	NA	NA	1.30465	NA	0.39127	NA	NA	NA	NA	NA	NA	NA	NA	0.25147	0.7572	NA	0.67124	NA	NA	NA	NA	NA	NA	NA	NA	NA	NA	NA	NA	NA	NA	NA	NA	NA	NA	1.19191	0.73314	NA	NA	0.60519	NA	NA	NA	NA	0.78521	NA	NA	NA	NA	NA	NA	NA	NA	NA	NA	NA	NA	NA	NA	NA	NA
CBM16	NA	0.11922	0.18274	NA	NA	NA	NA	0.3021	NA	NA	NA	NA	NA	NA	NA	0.21833	NA	0.47065	NA	NA	NA	0.35656	NA	NA	NA	NA	NA	NA	NA	0.57621	NA	0.47218	0.12758	NA	0.95261	NA	0.20127	NA	NA	NA	NA	0.33872	NA	0.87468	NA	0.20424	0.43618	NA	NA	NA	NA	NA	NA	0.26735	0.22142	NA	NA	NA	NA	NA	NA	NA	0.28495	0.80356	0.21219	NA	0.08554	NA	0.73529	0.17139	0.97727	NA	0.07432	0.09937	NA	NA	NA	NA	NA
CBM2	NA	12.10143	15.87638	13.09978	16.96427	13.29785	26.20494	10.04252	6.08206	43.72798	32.1668	19.95417	18.76611	20.27403	21.28217	31.19605	45.37575	37.24291	15.00303	69.05098	71.30711	58.59054	38.76531	67.45495	39.79845	65.26679	67.01664	25.09607	31.31324	27.37587	28.62459	30.69	48.14515	37.0518	30.54987	23.75141	51.63709	41.00656	32.70814	41.35437	9.54019	42.18361	11.69762	39.91232	33.57027	21.90793	15.73655	16.43114	28.45681	24.3861	33.61707	28.96768	37.57977	27.29999	33.87083	5.5246	18.11638	10.57909	9.99753	36.26932	8.10354	5.37	12.4125	12.65673	21.63604	21.53834	18.21438	28.45284	57.89004	40.41518	31.50815	21.11546	36.23394	31.22285	23.27247	36.44971	28.18797	28.59455	41.57499
CBM20	NA	85.97523	68.89905	31.14944	85.52019	96.04345	69.70145	46.30716	49.88859	85.70561	121.55614	76.88829	74.02318	102.13441	104.08498	34.08544	48.86148	30.07918	53.85919	41.88981	35.69769	76.52369	38.26574	46.78153	54.65576	29.06312	43.39571	82.91898	63.98026	79.93893	58.42691	52.49286	50.4602	47.86658	60.0416	177.27871	60.3025	50.40059	54.82392	71.37382	171.49028	118.06652	166.49464	9.92118	37.49638	64.76357	46.7449	14.49703	39.16825	33.67483	57.08397	60.90068	62.41385	81.73515	52.46982	12.47937	54.26635	83.25013	27.78811	15.60849	39.64308	143.04263	66.95037	27.17957	80.7397	96.03678	39.57277	78.13504	35.20335	107.78365	44.16355	106.33889	67.29055	62.23812	47.80763	2.46886	98.0323	106.51441	35.47794
CBM21	NA	NA	NA	NA	NA	NA	1.10655	NA	NA	NA	NA	NA	NA	NA	NA	NA	NA	NA	NA	NA	NA	NA	NA	NA	NA	NA	NA	NA	10.38072	NA	NA	NA	NA	NA	NA	NA	NA	NA	NA	15.518	1.6897	0.27693	7.74742	NA	NA	NA	NA	NA	NA	NA	NA	NA	NA	NA	NA	NA	NA	NA	NA	NA	NA	NA	NA	NA	NA	NA	NA	NA	NA	NA	NA	NA	NA	NA	NA	NA	NA	NA	NA
CBM22	NA	22.28879	22.88119	23.43996	19.47485	16.09392	25.11578	26.20819	21.86625	22.33498	9.52897	20.60278	14.67194	21.0102	23.24055	39.32749	45.15024	25.50661	19.12815	21.66236	36.11968	23.44867	30.89772	50.97291	27.8921	51.59798	44.73508	35.43909	24.42074	22.66099	32.07746	36.16534	37.49889	42.24786	44.89418	11.84327	23.05576	19.91224	19.43229	32.21979	4.58588	27.31014	11.16476	35.59341	32.26731	15.08827	5.23074	23.4755	11.18341	9.42261	19.57974	60.96815	64.993	42.5552	60.06251	27.72213	62.17177	13.38514	49.95714	17.5358	21.73067	4.51058	7.15057	12.74807	6.80278	10.24747	12.69711	12.76881	15.24198	10.02526	10.13997	33.14216	32.31404	27.98584	29.83187	13.54096	6.76348	8.48891	8.71551
CBM23	NA	11.86801	19.09151	15.91645	12.6109	5.92619	7.03814	6.00918	9.10918	9.19437	8.38293	6.66695	5.37845	3.66609	8.8361	3.19233	5.79203	11.10787	8.40061	8.32098	6.6153	12.79358	9.34273	39.35458	17.76254	34.86671	38.05192	14.30094	10.10264	8.72889	10.69727	15.05735	19.51929	18.11912	16.36341	18.44112	22.07903	17.51661	6.29877	17.83742	3.11638	14.45565	3.83469	16.37301	15.66971	4.20555	0.3581	12.01259	6.55115	5.97265	8.24174	4.93775	5.90855	2.35583	10.06558	16.31681	24.93247	5.3007	25.75097	3.95157	4.50908	4.068	5.45597	7.22863	7.83674	14.27372	8.10426	5.65658	18.3537	13.93969	7.34596	13.86893	20.91968	20.92967	15.75398	12.48321	8.47403	7.42473	21.42295
CBM24	NA	3.06226	4.19751	3.85496	4.53319	NA	0.32537	4.77001	1.31188	1.60363	2.37501	3.67354	2.70999	0.75794	1.8677	5.06216	8.17156	3.20822	7.0015	4.36586	2.30177	1.72356	4.58332	5.95784	4.54634	3.5605	6.55226	0.97574	0.99741	1.02277	1.68274	2.99074	2.93803	5.16495	7.46705	2.16718	2.49578	0.77539	1.28011	6.495	1.46892	3.73071	2.14901	1.07853	0.67818	0.3895	NA	2.8469	3.65922	1.13433	NA	13.55081	16.22884	6.77586	15.89967	0.79247	1.82582	0.39477	NA	5.69288	3.44545	1.14117	NA	10.19279	2.68775	1.08836	2.53839	5.88292	5.28667	0.50006	3.2616	7.57742	6.1731	2.88916	9.92343	NA	1.40412	2.8506	2.73659
CBM25	135.77224	32.09462	5.71435	26.1305	15.20731	NA	4.83839	7.14493	0.35043	1.04103	2.15754	11.97658	5.05697	1.87754	7.69679	7.83837	23.32569	10.17031	17.62623	13.4734	16.26213	7.9415	6.14978	2.41596	2.93956	4.66536	1.94031	1.6151	25.41336	2.61763	NA	NA	NA	1.02435	NA	5.20622	18.25389	18.42625	12.75674	7.34659	3.10851	3.57519	28.87111	29.4965	5.76953	7.46989	48.01899	NA	42.07315	27.92835	26.69566	5.76727	4.79689	12.51106	6.77907	36.20496	7.86112	15.84808	34.25743	4.34325	1.5314	7.74544	19.19075	1.94103	0.79612	NA	1.05	16.00567	31.48096	19.27485	24.10272	1.21985	1.9127	0.55275	2.42422	18.34031	3.05791	3.79307	4.45206
CBM26	NA	44.25606	67.1504	121.48609	50.20065	54.73334	88.22765	153.78463	16.02576	36.45479	57.88875	70.20804	152.70232	81.86975	81.94431	90.27537	66.35927	57.64845	76.86385	108.06027	136.69839	125.56923	130.07986	1.37759	NA	3.63228	1.79984	65.48983	90.69023	41.76562	57.59442	67.77743	60.5305	94.12025	89.19054	91.76253	92.91827	131.61899	68.87633	59.94783	5.28381	4.12591	44.50851	89.69766	145.03517	80.0847	71.82296	81.9735	13.77665	27.48506	54.58897	85.78094	47.56902	61.04394	20.01048	95.06763	59.99299	23.57692	112.52591	49.26181	18.3068	56.18781	27.18086	55.01854	11.29591	48.69168	102.08644	48.5091	13.51479	37.31143	18.42471	75.31217	53.07238	50.46176	49.32821	153.78844	35.59512	21.40836	62.83427
CBM27	22.06643	14.03782	15.97714	12.1059	8.45932	7.17318	10.2128	5.03616	6.49437	5.88109	7.27556	9.22904	6.40126	3.3227	3.70696	4.07828	5.62154	11.80282	4.45353	4.94963	10.14783	12.09006	8.11445	22.99607	3.55322	19.83192	21.94175	6.25097	7.57147	2.03406	4.74805	0.97867	2.95781	9.02118	8.22695	5.85504	7.67214	2.54064	2.04742	6.17469	3.14288	8.93853	3.12738	5.10923	7.3505	0.70963	NA	5.52346	2.09592	1.43724	4.96065	5.91259	3.59653	0.47801	5.04054	13.70067	16.18279	3.4387	16.61368	2.59809	0.69359	3.14014	2.80684	6.37705	5.19895	16.94531	2.72825	3.83794	15.12438	2.95659	3.01358	4.12475	6.48435	11.25012	10.85804	13.73599	9.58965	6.01688	15.75016
CBM3	NA	0.29382	0.45242	0.77878	0.82443	5.11609	9.73967	2.24819	2.64638	5.47603	8.22717	1.37836	4.27397	3.23366	3.73539	10.44304	11.57557	6.80381	8.57573	7.00005	7.51662	1.36351	8.23368	12.03032	11.30719	9.61709	9.86983	8.48085	12.6652	2.40958	9.28312	27.26498	11.96971	15.95457	29.35878	4.20544	15.8715	21.51792	9.00997	15.51149	0.54274	9.13231	5.73676	7.88515	13.80511	7.49643	5.95834	11.02438	5.44245	10.49099	3.445	5.49934	18.72312	7.35863	13.45336	1.80953	50.93041	5.03594	18.90578	9.37429	6.63824	1.3027	6.2593	5.19742	9.35331	2.26131	13.79383	20.26324	9.39434	7.83378	5.08146	8.45607	12.77473	9.87748	15.49958	2.73109	4.14124	3.07615	7.20969
CBM30	NA	NA	NA	NA	NA	NA	NA	NA	NA	0.59604	0.61765	NA	NA	NA	NA	1.3716	NA	NA	NA	1.65195	0.5986	0.27896	0.41429	3.23502	4.01147	0.51477	1.04438	2.75344	0.70269	NA	1.77689	1.99661	3.53627	3.11774	4.3079	NA	NA	0.63856	1.80511	3.04949	0.25922	0.29599	0.37836	NA	0.5585	0.32077	NA	2.13311	0.45324	1.27389	3.49965	NA	NA	NA	NA	NA	2.57763	NA	2.04447	NA	NA	NA	NA	1.32991	1.69752	1.53651	1.19958	NA	NA	NA	NA	NA	2.79896	2.18473	3.4213	NA	NA	NA	NA
CBM32	4.04589	179.77501	185.89622	169.47139	174.17216	174.02952	173.86569	166.72099	146.26059	103.47226	117.46832	145.4378	124.83602	159.05756	136.05034	151.00866	133.12971	161.82919	185.12055	134.10832	133.43148	130.08925	127.44657	152.78234	236.04587	104.12539	169.84311	219.26655	170.32863	277.40494	225.04365	157.96008	148.83089	163.83777	163.65993	130.82334	132.49369	93.04448	113.97843	113.80102	205.74524	135.47258	163.56161	121.31097	127.3788	185.67873	208.53474	90.18408	147.54361	124.20838	99.78358	156.33043	135.26604	176.29165	175.53892	78.33766	142.63476	128.98135	108.78116	145.58052	176.08642	120.8544	195.83959	85.88748	135.61761	139.90364	177.68786	136.56818	123.92928	178.2336	229.33623	178.81449	205.63941	175.70121	169.13768	82.59812	175.17581	228.23063	166.11006
CBM34	0.13315	98.07187	104.90434	121.61654	82.78419	92.37319	127.44526	132.83497	155.66873	114.6691	107.48618	134.38443	149.17528	132.6014	139.21817	82.02767	86.6391	95.53869	78.34283	100.61222	99.09058	76.61047	112.31403	140.12767	111.0371	152.01365	132.83602	81.88791	115.75601	64.77397	81.37001	80.06639	75.2591	83.13689	81.03266	55.10256	88.34123	93.39401	89.17062	131.09407	45.99629	102.86499	69.84772	132.65618	98.55571	78.95492	50.72977	179.3985	84.66678	101.26795	141.68894	124.29948	104.58654	93.8806	108.31884	185.30715	110.60214	40.82312	159.69512	172.77037	153.09582	127.34469	66.92373	126.46411	97.14323	126.35593	79.42152	115.7092	108.05712	89.06185	93.78925	82.41577	86.89958	123.63789	81.19481	184.39797	85.46043	86.59879	143.51962
CBM35	0.27473	7.71915	17.25221	15.83038	11.77856	11.04734	8.73134	7.13469	6.89268	6.4244	8.63818	3.45579	5.07368	6.25597	3.33252	26.03641	26.61607	26.60282	30.95717	10.01487	11.19629	5.24943	9.61622	36.12506	28.6755	26.48569	29.41786	22.19955	16.10049	17.24087	11.69672	27.08455	14.40465	17.31953	27.19072	7.36075	23.29441	26.43209	26.00162	18.00137	2.989	15.12191	9.00107	17.64649	19.47307	22.4297	16.02955	15.39615	10.43722	14.56729	9.87847	16.8282	19.28399	21.25727	21.63507	1.1166	30.0394	3.45654	7.02436	9.37665	13.8648	4.42123	15.69207	3.04679	17.00284	21.72834	17.34277	7.0036	14.52756	13.50986	7.55774	11.12988	22.27346	16.64048	17.10549	NA	4.47956	7.14368	9.03538
CBM36	NA	0.10103	0.41271	0.54515	NA	NA	0.57679	1.38298	NA	3.45803	0.47727	1.3692	1.871	2.48432	3.06091	2.11974	1.1761	0.26589	0.7638	0.4255	1.85023	1.50891	1.76109	1.25276	0.61995	0.39869	1.21146	3.19781	1.08975	2.23448	5.05734	3.60599	1.15188	2.63345	3.57505	NA	0.68119	NA	0.69824	NA	0.20077	NA	NA	3.78011	9.93005	0.74473	0.52738	NA	NA	0.65739	NA	5.24566	1.96958	3.25489	9.01235	NA	NA	NA	NA	NA	1.41166	NA	0.32196	1.02962	NA	0.59501	0.34787	NA	0.82887	0.86943	NA	5.60744	2.44315	2.17734	1.59283	2.97937	NA	1.10221	0.93984
CBM37	NA	0.98648	0.60448	NA	1.10156	NA	NA	NA	NA	1.99987	2.76317	13.73927	32.43862	40.24335	43.07917	33.51252	45.65383	9.43225	1.49506	73.20597	50.2169	7.46929	31.47741	1.22327	NA	0.77861	NA	NA	3.19472	NA	0.8983	0.37962	0.27515	3.91082	0.91062	NA	0.45388	NA	2.62415	NA	NA	NA	NA	NA	0.86333	NA	NA	17.48475	13.49586	8.91579	26.04335	18.16404	17.69985	11.06078	14.98898	0.84535	NA	NA	0.77308	6.94318	0.89902	2.60339	25.28039	3.52327	3.09287	NA	3.8514	17.52248	23.80125	47.61472	22.75229	NA	NA	5.58776	9.18653	3.88787	18.01269	32.14419	18.09056
CBM38	NA	9.98187	23.19845	11.20194	7.79112	21.8763	38.38426	15.30473	10.79015	0.20758	0.5793	3.77569	2.3002	0.81945	NA	4.34295	6.90227	1.43228	8.79884	2.99592	1.236	2.30554	1.04758	1.8604	1.10439	0.39769	1.2388	44.06953	22.82197	38.745	36.51642	18.67125	8.40914	7.70851	7.6829	0.58552	3.35323	2.82892	2.22099	3.08777	2.19895	1.73532	0.54636	0.26584	1.66356	1.85883	6.22152	1.53039	4.65116	6.72992	1.21099	12.21938	12.85405	12.13334	30.92584	NA	NA	0.38377	0.35905	0.70557	0.50764	1.28058	4.90217	2.9183	1.9199	0.65337	4.38556	1.76324	1.64288	10.0989	3.96665	3.89767	7.95843	2.77054	3.10152	NA	0.71725	3.33028	1.37986
CBM4	NA	41.34247	52.68072	44.29434	26.49841	20.65087	29.65961	7.73905	10.82817	37.96872	40.0342	18.96583	9.23632	20.49468	14.5812	32.21687	54.54075	56.67469	31.82071	65.31599	91.89285	83.65741	44.52997	88.61044	26.19418	68.99076	81.27693	43.37548	29.49177	34.37951	30.79915	21.51083	27.80249	40.8588	36.82199	40.64144	78.34936	63.9854	80.61508	77.35838	12.31219	68.69706	30.13991	21.52622	19.2244	55.21909	20.83695	77.02686	65.97724	41.98213	84.98524	27.55997	29.09437	98.91257	41.70641	54.9529	84.61648	45.11748	106.71474	63.92805	22.45535	82.76676	41.90423	44.62195	54.81673	85.71741	38.52337	75.74125	55.07241	67.21037	29.9228	84.46543	81.67972	70.44463	41.41694	64.22341	69.15115	40.25689	57.58012
CBM40	NA	4.81143	2.46608	4.5112	4.06673	1.18748	1.98023	8.99066	5.34676	0.44827	NA	1.99918	2.59825	1.62235	2.04458	1.89401	1.24822	1.85491	1.37537	1.63459	0.59166	0.13706	1.14745	1.23328	0.4133	1.06714	1.86614	1.68722	2.11759	4.42635	1.77064	2.11622	5.74635	1.2924	3.09616	0.68471	2.02785	2.70247	2.64849	3.75433	1.27363	2.05916	0.74532	1.76427	0.55366	1.62263	2.32772	NA	0.70123	0.66016	0.89193	1.81561	1.27051	2.73637	1.17754	0.27484	1.9734	0.16778	NA	NA	0.61162	0.21652	1.07643	2.21952	0.99848	1.18366	7.8114	0.9412	3.30334	0.66962	18.82929	6.58651	2.3943	1.43417	5.61969	5.45265	2.52728	1.20154	1.27611
CBM41	NA	4.64467	0.55834	2.93047	2.32801	3.01701	1.01722	1.57232	1.48874	1.19373	1.02559	2.33652	2.17593	0.96934	7.24253	12.8523	16.34375	14.40556	37.60939	8.53461	6.88244	2.84727	7.85505	3.65138	10.56117	11.43846	5.85077	15.21665	15.79498	7.7636	10.2082	0.77171	0.18971	1.14983	2.00791	6.35984	12.33711	27.18437	11.12363	3.1284	1.10014	1.40579	2.59204	7.24078	12.04578	4.1656	2.89375	21.3143	6.43012	10.91226	10.24536	7.50934	10.49613	16.50784	9.3793	28.30764	5.77238	2.71237	31.90142	6.05957	27.77802	13.8814	4.82627	15.59825	28.42749	27.90603	27.5757	2.46166	1.7215	2.15065	2.08149	4.87885	5.11004	9.56975	10.48306	3.21103	0.45428	0.24624	4.8201
CBM42	NA	6.51055	4.87811	6.20424	8.16683	NA	0.8264	1.32657	0.61994	0.52989	0.43444	NA	1.81878	NA	NA	2.11979	5.18409	3.8921	0.69785	4.69477	6.08795	1.74308	2.97188	5.18562	2.95172	9.49311	1.94157	1.90635	NA	4.07527	0.88516	2.99461	2.71205	2.01665	2.84024	1.16746	1.25155	2.27279	2.24597	2.01243	0.70633	2.00995	0.53537	1.52279	1.95761	0.64917	1.52663	0.76903	1.33651	0.61283	2.68577	3.50516	6.63958	1.92459	3.62764	NA	2.78515	0.34427	1.47271	1.90103	3.98569	0.31908	1.99525	0.9916	0.73073	5.52075	0.62596	1.87873	0.66017	2.28848	1.14442	0.77043	1.4441	2.01879	3.4274	NA	1.46279	0.44695	2.4115
CBM44	NA	NA	NA	NA	NA	NA	NA	NA	NA	NA	NA	NA	NA	NA	NA	NA	0.56742	NA	NA	0.82114	2.67796	NA	1.2356	NA	NA	NA	NA	NA	NA	2.11607	NA	NA	NA	NA	NA	NA	0.86816	NA	NA	NA	NA	NA	NA	NA	NA	NA	NA	NA	NA	0.63433	NA	NA	NA	NA	NA	NA	NA	NA	NA	NA	NA	NA	NA	0.47899	NA	NA	NA	1.8534	NA	0.27964	NA	NA	NA	NA	NA	NA	NA	NA	NA
CBM47	NA	1.98524	3.15705	4.27769	NA	0.51161	NA	NA	NA	NA	NA	0.45339	NA	NA	NA	NA	0.3296	NA	NA	NA	NA	NA	NA	NA	NA	NA	NA	NA	NA	0.62537	NA	NA	0.10714	0.16607	NA	NA	NA	NA	NA	NA	NA	NA	NA	NA	NA	NA	NA	NA	NA	NA	NA	NA	0.18636	0.1208	NA	NA	NA	NA	NA	NA	NA	NA	NA	1.43998	1.66607	NA	2.50046	NA	NA	NA	NA	NA	NA	NA	NA	NA	NA	NA	NA
CBM48	9.83069	509.82824	529.01893	510.62489	502.18246	561.58351	587.637	567.55158	518.70953	436.01114	537.76895	503.54356	598.41356	505.82474	527.24792	548.71835	530.61858	501.16434	572.01335	506.45644	536.64677	512.87758	569.77906	561.40957	537.8491	579.54121	517.78065	608.58627	624.06271	571.42267	575.02202	558.52989	562.78137	583.11765	561.34534	614.0216	527.89932	576.28859	503.44951	547.74	546.68997	527.31595	587.67128	459.12212	551.05388	412.87699	329.84959	552.35114	425.57251	394.82878	509.18065	539.67697	552.50578	576.70483	517.05922	676.72464	520.97256	460.41646	607.81234	472.11078	488.20753	569.0176	456.65766	512.42481	525.47964	585.91455	534.02998	465.87972	443.39998	494.69837	416.09676	551.99154	562.70909	574.43844	538.17999	643.86583	612.74998	553.65501	523.23953
CBM5	0.39293	1.97087	1.26237	NA	1.48583	1.57837	NA	1.02746	0.5814	0.86446	NA	2.56932	1.41108	0.98861	4.87225	10.2677	24.99769	15.96464	35.07759	3.14007	8.90042	2.06735	4.28813	0.79935	NA	0.95121	2.06448	6.22806	8.96832	NA	3.42593	0.94028	3.22894	0.65688	2.88571	3.16597	4.9209	15.45168	6.67881	NA	0.4459	NA	NA	11.66207	6.33608	4.85855	6.45089	NA	1.83989	4.07601	NA	0.74622	NA	0.34551	NA	3.10396	4.74113	NA	2.86762	NA	3.50756	NA	NA	1.89893	0.62735	NA	1.171	6.01041	4.01599	1.02117	10.8956	NA	1.34647	0.31586	1.12436	NA	NA	2.08458	2.37692
CBM50	9.38694	799.68064	826.93372	831.92314	738.06836	943.48173	851.04857	737.4915	730.13451	811.49071	834.69241	819.87924	824.52389	883.90686	791.68231	895.26769	878.11386	974.45332	799.85898	1109.64481	960.03634	1063.08411	923.1427	807.91988	862.57444	831.09557	832.34106	827.55657	765.51781	840.80977	900.39357	853.81766	843.90377	845.37972	782.21175	762.90734	806.74756	724.38113	819.187	773.20387	909.29704	836.04649	868.02505	865.55286	850.9153	957.23955	1104.14558	764.29227	1036.82915	981.42215	1021.95072	842.65938	792.4004	848.82638	819.20014	736.32444	864.52283	1123.57187	856.00465	803.17182	1069.38157	1170.62129	1046.82345	802.7593	798.52207	876.91725	776.07572	934.81673	877.691	951.95566	869.71756	835.74253	724.52166	753.48035	803.91696	712.17488	838.64757	841.78907	818.23721
CBM51	NA	31.77571	33.71326	44.71752	34.37215	60.47304	85.0727	94.9825	48.3156	20.64301	36.39041	66.10676	61.05873	40.51203	60.17771	54.57639	53.69597	60.59735	43.07365	48.7951	49.37597	54.36326	44.03627	30.7132	34.99265	34.54855	35.02266	54.40563	57.21748	82.40271	53.35149	46.67052	32.82777	43.85048	37.34546	9.88395	40.54826	58.66918	42.67472	56.09776	20.13713	47.43864	22.41837	52.77485	53.1654	60.6136	82.20923	69.91595	69.41	85.28813	51.22516	57.36757	39.45345	52.57947	50.09989	39.33873	60.48469	67.83586	47.45348	80.90442	68.14993	25.40532	49.93926	72.98555	42.06525	38.59859	86.86627	31.16978	55.17652	39.81752	47.75538	36.52259	48.44691	57.79496	60.22905	55.19766	38.53367	37.42658	60.25487
CBM54	1.28712	15.98137	23.92401	15.43225	16.23991	11.34299	9.79732	4.90641	4.40539	9.51861	3.45107	9.49425	8.43559	6.89619	1.02809	5.48723	7.7608	5.78156	9.31097	7.93376	9.13842	10.40011	14.34713	34.08866	6.54413	30.53752	40.79583	6.39745	9.16249	6.88052	4.28402	3.67825	9.51338	14.40279	13.72422	9.53154	8.65031	2.18509	2.26065	4.9217	1.92081	5.59978	3.48597	6.91065	11.19845	4.36078	6.50163	6.07385	7.5162	6.61089	7.11405	6.74543	6.05685	3.14098	5.71857	NA	1.04192	0.23681	0.39495	3.65315	7.3025	1.33862	4.24111	5.84765	4.27554	3.02524	3.91878	5.71211	13.96658	5.01072	10.78054	8.67463	7.94008	13.50413	11.78136	2.16791	1.38825	1.737	3.84189
CBM56	NA	NA	NA	NA	NA	NA	NA	NA	NA	0.07312	NA	NA	0.13174	NA	NA	0.49547	0.26952	NA	NA	NA	NA	NA	0.44018	0.30159	NA	NA	NA	NA	NA	1.03136	NA	NA	NA	NA	0.21815	NA	NA	NA	NA	NA	NA	NA	NA	NA	NA	0.4654	2.98591	NA	NA	0.31725	NA	NA	NA	NA	NA	NA	NA	NA	0.37649	NA	NA	NA	NA	NA	NA	NA	0.2209	1.32055	0.76618	0.40491	0.5436	NA	NA	NA	NA	NA	0.51106	NA	0.44795
CBM57	NA	27.47167	37.10819	26.5341	19.53615	46.15087	28.55618	25.80298	11.4423	48.90786	74.22187	64.03815	59.28236	68.68505	54.53913	13.15972	12.45272	21.51917	20.54766	24.02436	16.46957	50.76692	20.03127	28.12429	35.03175	21.14976	40.5289	42.84838	23.72526	44.79303	53.45584	44.42952	38.19927	40.45186	39.81922	1.94372	8.1948	4.24737	8.42973	15.6585	17.87422	14.19708	9.37806	3.75752	13.18584	47.00281	28.28762	0.55571	11.78362	7.50896	12.62652	26.83719	26.22098	23.44492	38.10933	10.78718	19.32876	39.49999	16.00956	17.3667	42.8206	212.20993	69.7757	17.18362	63.68013	59.87824	27.49356	53.8412	10.15189	70.06634	13.42648	24.45062	23.53547	16.09721	15.34204	1.45113	11.89906	11.11696	6.88353
CBM58	NA	11.71751	16.70272	17.66468	9.99501	20.09603	14.4455	12.85868	6.00279	6.50078	4.95949	2.84753	1.58242	3.88826	5.97005	1.55681	1.39776	2.14158	4.47441	9.88955	4.13063	13.16237	4.42729	15.70975	19.72187	15.08177	23.87386	13.0977	5.86027	10.85311	19.50681	13.27905	16.83657	17.20685	21.8301	0.48618	2.63207	1.44957	5.48359	5.62258	9.83992	7.01349	3.24754	1.14847	8.07914	6.4089	4.14258	NA	3.11839	2.78645	NA	7.08635	3.8247	3.76881	5.71327	0.42328	1.03915	6.76313	0.72688	NA	3.69345	1.93786	9.79237	2.27012	4.34203	0.58133	7.75411	1.4553	5.83723	5.07767	5.04935	7.91169	5.59494	6.61211	3.17234	NA	0.77304	2.60951	3.1651
CBM6	NA	52.07272	37.85232	38.49395	70.41394	73.19373	60.90151	66.07273	21.95863	104.47419	117.11481	69.69098	72.4132	102.36881	94.54713	45.80048	43.30317	38.5538	50.60449	50.92789	28.5854	59.76175	30.61854	30.13342	47.78051	33.50324	45.93483	53.47907	38.92345	79.73804	48.89404	53.75064	75.51273	61.04506	78.50378	89.26714	44.08159	22.50773	36.80342	70.54217	163.66867	86.02041	142.74438	19.45079	36.38054	46.27164	39.06341	19.11892	26.41163	21.44695	40.32274	55.35945	31.59334	49.10646	49.2204	9.51788	28.60115	78.67706	29.75648	18.19715	27.62125	186.05127	50.86249	24.25515	80.16971	103.00859	36.45011	80.34557	21.84377	96.39033	19.67598	94.76951	59.96333	58.61093	28.16653	9.84152	80.47403	87.1886	36.51078
CBM61	0.70401	56.18754	64.20623	64.48559	56.5882	54.51419	65.51738	51.5207	99.29687	60.34628	32.45598	45.3115	64.19876	36.31159	39.63256	14.49561	24.97001	27.28611	22.46191	26.50072	37.7266	42.75309	40.25582	94.89922	17.43431	87.01708	94.85124	18.8862	27.4367	20.68257	27.6103	25.27389	33.51551	49.29207	38.74325	24.91181	34.18656	24.55459	18.08087	20.27237	10.72373	18.49189	12.18954	23.55056	21.66127	11.53373	10.34988	16.58473	19.25668	16.05838	16.48317	37.34353	37.27293	24.79735	35.74887	133.60024	57.41907	20.96459	80.8273	45.10776	27.57961	26.07481	35.13876	23.30624	18.17972	37.9749	13.68738	31.05972	37.26372	27.302	31.99619	31.6801	25.37029	47.26476	30.60595	23.90083	17.53083	20.85749	29.92172
CBM62	0.13098	23.79847	37.2301	40.24226	25.21168	134.06629	96.51273	65.10306	81.00805	34.0694	30.64559	23.0045	23.84862	18.99738	16.65967	33.91009	40.77969	39.0781	52.56477	43.47108	19.91193	40.70564	26.41297	40.9251	48.65576	20.63481	35.86096	112.09361	113.02867	158.8591	108.20941	82.84936	51.60588	55.10282	61.89226	10.48005	32.97644	15.56231	38.83433	65.09555	60.52745	55.1435	30.36915	10.01437	34.44436	57.00687	52.00806	22.10178	36.50509	33.74567	61.22405	79.42322	62.88513	65.4746	116.13052	3.44803	29.58064	50.60118	17.15263	6.5412	22.83586	22.15305	35.09583	41.3048	82.35909	55.15354	74.19667	25.6849	19.26011	63.74523	33.17095	41.59957	42.07949	38.66834	36.04898	9.8845	23.46778	37.85858	34.46483
CBM63	NA	NA	NA	NA	NA	NA	NA	NA	NA	NA	NA	NA	NA	NA	NA	NA	NA	NA	NA	0.67834	2.94964	NA	1.27589	NA	NA	NA	NA	NA	NA	NA	NA	NA	NA	NA	NA	NA	NA	NA	NA	NA	NA	NA	NA	NA	NA	NA	NA	NA	NA	0.52401	NA	NA	NA	NA	NA	NA	NA	NA	NA	NA	NA	NA	NA	NA	NA	NA	NA	NA	NA	NA	NA	NA	NA	NA	NA	NA	NA	NA	NA
CBM65	NA	16.05763	31.96761	27.04474	12.38295	NA	NA	NA	NA	13.39208	11.43015	3.76108	8.93436	12.14789	17.63266	16.2687	14.731	13.69491	4.8111	26.75331	18.25611	15.96746	19.74785	37.81849	33.41759	27.86228	38.26562	15.68857	13.02134	4.97116	10.49548	37.90891	4.59294	25.24999	29.53002	18.69553	43.57505	23.66486	16.68389	NA	NA	0.22072	NA	9.28156	10.04188	3.65655	NA	6.06425	4.5357	2.48848	1.34191	10.87627	5.29916	3.00846	6.71084	1.33028	23.85661	2.3536	9.71942	3.27295	3.45862	1.92092	7.57251	0.84446	0.26942	1.27463	6.39564	10.91464	7.2404	11.04454	6.02577	8.36931	23.39643	20.34572	13.33424	NA	2.99018	3.50843	8.09016
CBM66	NA	5.87874	3.33608	13.18309	6.35277	4.67542	7.96274	4.00136	6.58561	0.97022	1.21645	6.61103	2.69137	2.38139	2.01581	19.40815	18.89113	10.13729	26.18587	4.12944	6.82733	3.70454	6.4988	4.03058	13.80074	17.93507	10.30743	9.2713	13.37677	11.33617	4.2487	9.28236	14.27871	10.48748	5.43521	9.23966	17.91099	14.81747	10.44647	9.25124	1.31164	2.66189	3.94788	9.33551	12.83476	9.29551	6.9553	10.47086	2.49366	2.12367	3.4634	7.22323	10.60891	10.66874	5.02492	9.0495	1.87799	2.13872	4.02176	2.25672	4.8396	1.07168	4.67557	10.29328	22.97255	7.44353	26.44688	12.62998	4.85228	3.24087	4.93167	4.29584	5.52516	4.2835	18.22986	13.94968	5.03828	8.13825	14.76957
CBM67	1.62336	147.18107	161.91205	148.2783	137.82113	185.19469	126.2259	120.38404	115.60824	143.42606	172.44747	118.7707	122.13928	122.36436	138.9479	183.96558	150.52692	151.30328	169.80733	138.91015	103.62194	183.272	93.85109	144.64793	171.1914	128.34351	138.16939	212.35007	180.11651	243.22604	207.30004	186.19284	169.87678	150.16684	161.24121	141.32347	127.92491	100.16855	162.20101	146.48316	178.82765	152.48026	176.58761	91.60134	111.09402	184.81968	161.93933	86.78277	108.36188	139.5767	109.64125	121.71497	116.68759	136.25152	145.23108	55.19721	121.83811	153.00415	96.21446	162.76167	188.52913	386.7828	237.61403	109.09652	176.80292	189.85985	134.13985	227.22101	120.79278	244.48031	144.80471	150.93652	147.08138	140.87448	157.72464	102.33548	146.9869	177.21015	143.62426
CBM68	NA	NA	NA	NA	NA	NA	NA	NA	NA	NA	NA	NA	0.25963	0.49431	NA	NA	NA	0.31718	0.92328	NA	NA	NA	NA	NA	NA	NA	NA	NA	NA	NA	NA	NA	0.3477	NA	0.29414	NA	NA	NA	NA	NA	NA	NA	NA	NA	NA	NA	NA	NA	NA	NA	NA	NA	NA	NA	NA	NA	NA	NA	0.48815	NA	NA	NA	NA	0.53524	1.60722	NA	0.14484	NA	NA	NA	NA	NA	NA	NA	0.63241	NA	NA	0.33283	NA
CBM69	NA	NA	NA	NA	NA	NA	NA	NA	NA	NA	NA	NA	NA	NA	NA	NA	NA	NA	NA	NA	NA	NA	NA	NA	NA	NA	NA	NA	NA	NA	NA	NA	NA	NA	NA	NA	NA	NA	NA	NA	NA	NA	NA	NA	NA	NA	NA	NA	NA	NA	NA	NA	NA	NA	NA	NA	NA	NA	NA	NA	NA	NA	NA	NA	0.23462	NA	NA	NA	NA	NA	NA	NA	NA	NA	NA	NA	NA	NA	NA
CBM70	NA	NA	NA	NA	NA	NA	NA	NA	NA	NA	NA	NA	NA	NA	NA	NA	NA	NA	NA	NA	NA	NA	NA	NA	NA	NA	NA	NA	NA	NA	NA	NA	NA	0.16069	NA	NA	NA	NA	NA	NA	NA	NA	NA	NA	NA	NA	NA	NA	NA	NA	NA	NA	NA	NA	NA	NA	NA	NA	NA	NA	NA	NA	NA	NA	NA	NA	NA	NA	NA	NA	NA	NA	0.06615	NA	NA	NA	NA	NA	NA
CBM71	NA	0.2282	0.06142	NA	NA	0.51161	0.70628	1.701	0.55737	0.4222	0.4375	0.25953	NA	0.20957	NA	0.72866	0.33343	0.85215	NA	0.78009	NA	NA	NA	1.03648	0.34972	0.95365	0.36989	0.31474	NA	0.51138	0.84137	1.4366	0.24464	0.61451	0.32204	NA	NA	0.27862	NA	0.7212	NA	0.25914	NA	NA	0.24345	0.13982	NA	0.75621	NA	0.60261	1.24126	3.56984	1.39107	1.20108	2.35147	NA	NA	NA	NA	NA	2.70061	NA	NA	4.1667	4.27558	4.06265	6.60152	NA	NA	0.43816	NA	1.67084	0.63332	0.56007	0.70115	NA	1.15626	0.16718	NA
CBM74	2.64571	7.74043	12.83225	14.80737	7.70195	9.38756	11.9907	21.09837	2.42788	1.60014	1.52809	7.82096	21.30025	9.18796	10.22453	20.01795	18.80057	11.93341	24.88643	8.60708	14.67572	9.10632	11.03381	0.73492	0.21718	0.72829	0.44296	10.57843	14.37259	5.64605	9.88293	14.25562	10.52401	16.08895	16.508	16.10106	15.53147	21.28427	10.69978	8.42393	0.74049	0.97505	9.75283	10.53695	15.0516	5.77671	4.02518	11.46879	2.33256	2.8219	7.66151	13.57971	11.47952	15.65544	3.94883	16.4653	10.26546	4.22952	23.96232	5.63362	3.93421	10.77582	3.26426	7.78234	8.80676	18.95876	12.52918	1.69008	0.63302	1.02204	3.20692	9.21891	4.94193	6.64091	7.99693	15.23117	4.27812	2.95016	8.35439
CBM75	NA	NA	NA	NA	NA	NA	NA	NA	NA	NA	NA	NA	0.28432	0.9815	NA	NA	NA	NA	NA	1.0212	0.74009	NA	1.2165	NA	NA	NA	NA	NA	NA	0.44148	NA	NA	NA	NA	NA	NA	NA	NA	NA	NA	NA	NA	NA	NA	NA	NA	NA	NA	0.1405	0.65739	0.54164	NA	NA	NA	NA	NA	NA	NA	NA	NA	NA	NA	NA	NA	NA	NA	NA	NA	NA	NA	NA	NA	NA	NA	NA	NA	NA	NA	NA
CBM76	NA	NA	NA	NA	NA	NA	NA	NA	NA	0.49861	0.34427	0.24278	0.31235	1.79908	1.45065	1.72578	0.63835	NA	NA	0.61586	0.33365	0.62195	0.46221	1.12697	1.79021	2.00941	2.03838	NA	NA	0.80879	NA	1.48412	3.11424	0.94885	1.02998	NA	NA	0.7049	NA	NA	NA	NA	NA	0.97416	NA	0.35238	0.37549	NA	NA	NA	NA	1.98755	5.33256	1.61896	2.98609	NA	4.29605	0.44499	3.40745	1.00493	1.33805	NA	0.68685	0.37003	1.13416	1.28324	1.42028	NA	NA	NA	NA	NA	NA	NA	NA	NA	NA	NA	NA
CBM77	NA	8.88481	11.71792	8.51896	12.8509	2.99114	16.66422	0.67436	6.29055	8.26457	5.27475	4.54347	7.13628	6.40452	6.79299	2.36707	0.98513	0.58361	5.96411	9.06405	5.94002	1.43	4.4907	5.97552	5.67001	5.37036	5.90111	5.32907	5.46514	0.63428	4.56563	17.74	21.00455	9.53553	8.26633	4.81113	10.37209	7.70433	3.9241	55.53562	128.90505	70.70857	120.01631	19.45504	9.05116	3.83471	7.04036	0.92519	3.92532	2.56191	15.05078	6.60135	10.97414	2.8737	4.3435	5.2401	1.17795	1.65578	3.57439	3.9483	2.62556	1.46681	3.18589	6.10662	18.92043	15.16093	5.99338	2.28814	6.45321	6.06938	2.61109	4.46731	7.89359	6.41769	5.30291	14.14045	21.86878	11.89066	14.49874
CBM78	NA	NA	NA	NA	NA	NA	2.60027	NA	NA	0.51909	NA	0.63219	0.39515	NA	1.88259	1.88041	1.56498	0.23398	NA	0.38365	0.83412	0.38871	0.43064	3.09913	3.91283	3.22787	0.72764	2.81185	NA	2.9467	0.40386	2.22616	2.72314	3.14684	0.84849	0.59709	1.22791	0.43422	3.10438	3.1176	0.17627	2.42021	0.51636	1.25323	0.75956	1.52735	NA	NA	2.16442	0.28925	NA	4.17924	5.43408	1.04616	2.21027	NA	8.83461	0.43925	2.8029	2.60831	1.72947	NA	1.18003	0.46329	2.12886	1.07052	1.98496	0.86593	0.74734	0.39196	1.06938	4.28665	5.40388	5.35378	2.92269	NA	2.41692	0.99304	1.69479
CBM79	NA	NA	NA	NA	NA	NA	4.47807	NA	NA	1.19983	2.01924	2.58589	0.91012	2.5295	2.11037	8.85096	10.01485	6.43142	0.73059	4.48926	5.77434	2.27135	6.15633	7.18534	4.54148	7.86914	2.94011	10.11406	5.91273	2.94633	3.70347	5.58425	10.36649	9.70773	10.78718	2.43837	6.23728	7.53927	2.88545	22.36439	2.0768	12.90703	8.00949	2.93843	4.79182	2.50637	0.55781	8.92219	8.56217	5.02529	11.39167	9.73152	20.35062	5.17433	14.60269	0.91439	21.03957	2.61507	12.49028	8.24657	11.58228	0.69952	6.15099	1.87196	5.16935	2.51161	6.63148	2.44776	0.84422	1.19106	1.25446	8.31125	13.74868	9.58367	13.95613	NA	2.21384	1.43901	2.41911
CBM80	NA	NA	NA	NA	NA	NA	NA	NA	NA	NA	NA	NA	NA	NA	NA	NA	NA	NA	NA	0.57784	1.88449	NA	2.60848	NA	NA	NA	NA	NA	NA	NA	NA	NA	NA	NA	NA	NA	NA	NA	NA	NA	NA	NA	NA	NA	NA	NA	NA	NA	0.47701	0.44638	NA	NA	NA	NA	NA	NA	NA	NA	NA	NA	NA	NA	NA	NA	NA	NA	NA	NA	NA	NA	NA	NA	NA	NA	NA	NA	NA	NA	NA
CBM82	NA	0.18479	0.09442	NA	1.04912	NA	NA	NA	NA	6.28609	10.70196	0.34574	0.25636	0.73871	3.69352	9.3643	3.2427	6.9492	6.13954	7.75893	9.84454	8.05285	14.68753	7.27872	12.24916	16.78398	4.00846	6.98101	18.14025	3.54331	7.55282	NA	0.49926	2.16079	1.72263	3.68102	4.38879	2.8762	5.72709	8.8449	1.63558	1.6617	2.66113	13.53947	14.31594	7.1378	9.13186	7.58482	0.96793	3.02231	2.86298	1.25308	1.76693	1.59855	0.81124	5.55595	5.61143	1.51855	9.28378	19.0766	15.10735	20.5545	6.1685	4.86008	3.57605	5.90279	3.34929	3.96176	1.50645	4.48978	12.11546	8.0844	6.62047	10.95827	8.5467	18.6463	11.07327	2.96333	10.56451
CBM83	NA	4.46007	1.10811	1.95351	2.77775	NA	0.13944	NA	NA	5.90659	13.28519	1.22711	0.68626	0.98836	1.21706	13.03663	4.19269	7.63821	7.34462	12.72079	9.39402	6.95264	19.98111	9.82914	16.48879	12.95604	3.38772	7.004	19.68917	7.39295	11.52475	NA	NA	2.09543	1.40744	5.9595	4.6053	3.60371	8.41132	9.87925	3.58718	4.37231	3.50226	11.5392	17.63703	9.84855	6.31002	13.72418	2.09094	5.07075	4.85712	5.86423	2.96011	2.72086	6.86526	7.26471	8.47937	5.33656	15.2262	18.76012	23.13509	30.16332	8.54179	9.8035	10.66737	14.17813	3.32592	7.47162	1.97996	6.58614	12.05668	15.25798	5.26767	10.66509	3.16093	26.17872	11.23555	3.9288	12.39379
CBM86	NA	2.63736	1.29902	1.14003	4.25737	5.65206	2.29616	3.10464	2.92362	1.20627	1.0	NA	NA	NA	NA	0.26497	0.30051	0.27028	1.60034	0.44576	0.48458	2.93571	1.17382	4.50055	6.43596	12.25038	2.47645	3.26391	14.41817	1.1367	2.11901	1.07594	2.85848	11.04801	6.73475	0.33793	0.22897	NA	NA	3.71143	1.25907	5.52019	2.45602	5.39266	3.16484	0.25967	NA	1.70649	0.73596	NA	2.74562	NA	0.5152	NA	0.3142	2.2117	3.05661	2.53581	8.49353	1.47797	NA	2.77142	1.67909	3.76486	0.54928	6.83376	0.36378	8.98908	1.70238	2.07148	2.42456	7.5215	5.66427	9.46862	6.09053	NA	NA	NA	NA
CBM9	NA	15.22063	18.54099	16.35823	15.1087	25.34765	12.85049	10.45675	18.60993	13.46192	11.98661	8.18773	7.19003	6.97925	4.54559	19.13865	15.21229	14.17941	28.48227	21.05883	15.74473	32.09337	16.8341	32.35552	20.50698	37.22328	39.73723	22.58529	26.92252	13.4812	23.70457	10.69296	10.17251	21.78708	16.2599	9.21019	8.84488	8.34885	1.54511	16.77207	12.9747	14.5244	6.74381	9.70799	8.23439	10.59549	4.90203	5.17681	4.25899	5.08459	9.85255	11.89146	13.72186	10.52479	13.56978	13.58005	39.77012	47.03543	38.41789	2.37745	10.45251	4.32113	11.13313	4.81865	8.59001	10.40113	9.66437	12.48971	2.83492	12.48258	14.01294	10.55965	11.47232	15.33346	16.74864	2.02192	14.41555	14.48075	10.18114
CE1	3.24828	445.51579	505.00837	436.77426	478.02955	569.58251	533.26622	463.74309	456.64905	445.96544	561.93652	473.14129	488.81365	554.21648	545.38073	430.16807	364.85307	396.40723	411.88006	445.33085	395.1887	577.3693	431.59464	429.85566	497.67347	426.57824	449.44516	567.89435	509.8941	537.0864	561.09269	500.90978	461.99129	472.2024	498.70919	447.96297	396.50674	357.1952	398.7579	452.67534	693.10657	551.89306	645.6711	346.52148	462.30723	440.41896	360.54062	323.05333	319.69183	337.53508	458.01702	481.23908	472.48196	480.85403	579.29668	493.42513	496.02343	623.05245	553.60093	313.82406	355.27915	562.87083	394.75996	344.2668	524.66893	572.02588	429.34514	392.57242	310.98196	473.53381	340.01075	467.74881	457.52678	448.20793	451.80274	348.91938	636.37141	541.55535	387.9609
CE11	NA	101.27124	99.35205	78.31535	97.00924	149.48565	130.71853	119.27991	181.22659	162.35314	134.1163	84.57908	89.90108	111.59535	93.72753	118.31126	101.85742	91.92216	115.42664	91.07085	63.31947	120.84643	74.2517	72.04808	74.80354	59.76126	85.33005	164.49956	141.74106	259.69125	175.51931	71.77233	70.44494	66.49806	65.69297	108.05298	68.06409	46.77918	68.84465	109.80276	180.36348	119.63783	170.42844	24.37561	44.01859	102.05977	65.37679	25.42626	53.88639	59.78171	74.1576	87.10167	78.81335	95.57244	95.27482	201.07799	113.33146	160.572	109.89149	27.61084	69.68485	173.49827	117.33037	35.83996	80.72678	105.39498	55.39486	94.54341	48.61002	137.59829	78.50223	102.76087	83.50943	73.80848	70.87755	22.12438	106.29355	109.46636	67.21023
CE12	7.68485	178.5922	150.45983	126.86343	210.74153	168.10368	134.34177	62.97408	106.55334	145.27861	147.0113	115.19148	124.7082	119.36312	103.53428	117.57442	118.74659	128.89358	132.68796	145.25619	98.07174	180.29133	91.89231	113.11275	125.68325	90.96923	109.33357	148.40288	126.49908	154.77664	161.88003	160.40501	157.44004	149.3289	131.23952	74.75022	61.29887	71.82489	58.44742	139.07273	200.10999	160.69303	147.22657	104.11969	91.33791	119.94541	78.8429	61.05907	99.23264	79.29843	189.25197	155.93934	150.79331	136.78953	163.68256	80.63465	119.07011	310.80135	128.44534	49.86855	104.18859	137.40718	148.8008	55.62186	137.19789	164.78295	83.07502	158.58009	69.81056	232.04024	99.21307	95.54523	88.59639	88.19609	76.6694	48.86724	158.18049	125.79928	89.5765
CE13	NA	0.11352	0.04587	0.20466	0.21806	NA	NA	NA	NA	NA	0.35836	NA	0.10791	NA	NA	NA	NA	NA	NA	0.15974	0.17366	0.08093	0.08547	0.16686	NA	NA	NA	0.2842	0.29051	0.50733	0.34459	1.15371	1.96715	1.40406	1.19533	NA	NA	NA	NA	NA	NA	NA	NA	0.73298	0.69135	0.39706	NA	NA	0.16946	0.17552	NA	0.39333	0.09231	0.18306	0.1126	NA	0.53179	NA	NA	0.37685	0.50176	NA	0.29212	0.41156	0.23858	0.317	0.21074	1.02567	NA	0.60617	0.94998	0.42636	0.33716	0.19319	NA	2.66722	0.28733	2.96553	1.01113
CE14	NA	1.64779	2.07096	2.10564	0.58092	1.27956	1.75472	2.45068	1.80842	0.66718	0.90518	2.68049	2.1959	1.99676	2.97726	1.77985	1.68363	1.04524	0.7181	2.2072	3.66813	1.68213	4.02962	1.79068	0.62006	0.74544	0.76201	1.03651	4.21592	4.34953	5.39108	2.64378	4.36787	2.49428	2.70617	0.32508	4.31808	0.92782	2.72147	2.22051	1.51862	3.57412	1.65313	4.38754	2.56935	6.83263	7.74089	7.95997	19.61222	10.99639	10.49668	7.11492	6.74331	7.78654	9.58581	0.8529	2.93435	3.5336	1.14713	12.21008	8.65701	1.28047	12.39895	4.60518	5.91367	2.33516	5.93327	1.87524	4.00071	3.66433	8.06746	8.43147	4.34699	8.10086	8.08407	9.88027	3.07834	5.61114	7.81846
CE15	0.09683	6.9986	7.52192	9.89997	7.6249	21.70355	12.64442	14.03919	9.1642	10.58159	9.56015	12.44475	9.85992	11.39143	10.0819	19.09563	18.67277	18.02196	16.89826	17.25045	17.39658	23.86377	20.71959	23.68507	29.29342	19.44322	26.7356	30.87021	25.05126	25.63341	27.60568	25.14968	24.10136	30.60287	34.36734	4.32366	12.98657	10.26943	14.29607	15.76858	12.50043	18.52142	8.94111	9.34018	16.60565	33.22827	21.57697	8.29924	15.95814	17.36206	11.16555	17.06092	15.63788	15.76489	21.88937	0.89371	5.82095	9.43619	3.45279	18.46275	21.17997	5.95996	19.68756	7.35872	7.13662	5.33924	15.79821	11.16839	10.36119	19.88643	25.66005	10.995	9.96062	10.11695	11.86479	11.88165	5.73442	16.03433	14.39972
CE17	0.10495	21.28876	33.80894	31.55839	27.12184	13.98013	17.2685	5.63604	11.88409	14.20996	19.47737	24.65476	28.47406	26.04842	18.10741	9.6595	14.90055	17.94927	13.82303	14.45958	12.36236	14.1433	16.42904	52.92971	31.46251	50.05	56.1226	9.59204	13.5019	9.61453	15.62867	30.17071	28.6551	27.77004	24.72532	15.43909	22.74628	21.89981	16.59628	13.57536	5.75107	14.2838	4.97243	16.703	15.22558	3.44949	2.62184	17.03405	12.15291	13.07316	17.60141	30.69417	35.7839	24.55258	44.5618	28.1519	32.58547	7.02441	35.50009	12.53352	18.32956	5.67383	10.57967	13.94302	13.98219	21.69879	11.42588	19.20253	35.02505	28.66999	18.3297	9.94755	17.11014	19.18168	19.6251	22.70534	12.56386	15.14805	21.94682
CE2	NA	31.54672	54.1379	43.46106	37.49213	21.13641	23.43927	7.76451	17.87558	82.3664	95.29842	87.86385	86.81184	110.99828	115.81407	60.83887	62.10877	47.1841	45.65004	70.78588	53.79659	50.40038	55.04532	127.02232	75.16279	114.98905	123.38887	42.6854	37.5559	34.35253	34.71977	71.86358	52.68727	61.77874	62.70823	36.08362	72.50422	53.00188	59.03204	86.10194	124.03842	96.41161	117.50898	45.7461	41.26999	34.94849	18.2021	48.0664	38.99781	47.31158	73.5325	57.95442	54.07776	37.05824	68.72335	54.65483	81.37859	28.6454	82.99425	29.46091	36.42188	133.46456	61.61506	49.39161	73.86565	107.2383	43.02374	53.83441	60.24066	77.28944	39.89022	70.83133	69.91911	60.28465	58.38123	27.33641	64.61352	56.34848	56.90762
CE3	NA	0.29488	0.42224	0.31897	0.33984	1.97296	3.32334	0.92479	1.22465	1.32076	0.64286	0.96815	0.21313	0.74247	0.4574	1.72938	2.56466	2.69277	1.21771	0.77611	2.11573	0.0988	1.39594	2.83574	1.47613	2.85751	2.2675	3.38745	3.73856	0.50414	1.90953	3.07257	2.9854	2.79517	3.37604	0.29911	5.24935	3.12953	2.39908	3.72739	0.89204	4.71701	1.57367	0.97189	2.69226	1.53891	3.01396	1.49099	1.67689	2.30895	1.24126	2.50875	4.07483	0.53294	2.68101	NA	4.28057	1.21389	2.75748	0.31686	2.36529	0.19348	0.99651	0.34605	1.95602	0.53308	2.22756	1.79534	1.25766	0.47422	0.27641	4.41665	7.67752	5.68251	11.0688	0.4629	1.15638	1.99605	3.20174
CE4	6.40301	456.08296	469.57062	538.33212	416.00607	527.6229	520.75266	569.93155	593.57661	414.66232	390.85988	517.67489	520.42342	440.59414	489.89058	567.51014	570.57402	546.20206	522.23628	599.01967	626.7653	480.37056	583.22392	588.69451	537.71871	569.72193	546.80621	523.1528	560.04458	494.82603	496.23489	511.65647	570.27395	528.01187	490.69431	386.98842	548.05194	616.053	626.53253	602.21803	511.81523	543.86481	539.49942	746.17116	586.09046	555.96004	616.20966	633.81194	672.2627	665.49104	602.70777	575.49291	541.00458	540.00496	534.90433	656.59514	466.68605	420.12311	529.7549	698.17591	682.36841	455.70637	581.70233	605.98827	468.83009	476.33095	554.04984	619.31453	673.25737	611.3567	589.28191	466.37814	508.69646	497.61183	496.97689	707.55019	472.22274	463.05926	631.17697
CE5	NA	NA	NA	NA	NA	NA	NA	NA	NA	NA	NA	NA	NA	NA	NA	NA	NA	NA	NA	0.95411	NA	NA	0.62754	NA	NA	NA	NA	0.5967	NA	NA	NA	NA	NA	NA	NA	NA	0.12639	1.6666	NA	NA	NA	0.63971	NA	NA	NA	NA	NA	NA	NA	NA	NA	NA	NA	NA	NA	NA	NA	NA	NA	NA	1.0502	NA	0.1812	NA	NA	NA	NA	NA	NA	NA	NA	NA	0.35427	NA	NA	NA	NA	NA	NA
CE6	3.13048	42.63915	27.56885	21.05052	54.59594	43.58042	32.64664	35.24824	10.98532	41.17032	66.41342	40.12425	47.49992	47.26963	57.97587	16.39776	11.79547	13.3719	21.84982	16.62348	13.24987	25.63788	11.08918	22.13907	23.7296	14.56214	33.60888	19.16906	17.80934	23.2039	18.42957	21.65989	38.80076	27.85588	48.93617	83.56545	20.08435	20.95284	20.7017	42.43399	101.26555	46.12127	91.72252	2.43083	10.67349	21.9921	12.90478	12.72442	13.30318	16.31584	51.10463	17.83442	18.83112	21.37295	25.97912	5.80616	11.44963	47.74443	13.10521	1.6446	12.33617	82.44571	22.67984	13.74376	60.89487	70.98346	17.68251	51.80246	14.2446	56.73899	7.46483	47.25332	30.26258	27.18557	10.78474	2.3057	62.54846	54.2188	15.60917
CE7	0.33339	66.16557	66.85486	50.91536	55.84526	62.88273	43.1259	35.22754	36.24912	46.1252	71.58755	44.30914	57.62501	73.1127	61.41705	34.35707	37.59577	36.54732	34.48454	40.44322	32.99933	72.81074	36.23938	40.14808	63.47444	28.57035	48.02039	103.59354	73.04753	120.64065	121.74738	57.4645	42.63924	56.4378	48.30191	92.43995	45.02444	30.41308	30.2409	43.73858	97.70383	56.96837	81.52676	8.35511	17.65982	45.35221	34.29279	14.77154	30.55064	35.01495	43.46399	50.29056	44.27404	48.3401	53.61918	22.10382	36.17578	74.96484	38.05027	12.17997	36.83865	162.2335	64.71396	27.62913	71.27155	92.89131	44.37888	96.5239	28.81631	117.96345	44.41817	54.86086	50.86052	35.96961	37.55825	13.8031	72.87308	66.90699	31.94489
CE8	1.26463	197.64988	185.79251	197.04306	232.03742	236.01193	167.40779	104.10807	145.76137	147.52175	200.46474	175.32113	209.74756	209.61485	181.34898	151.68198	173.79478	165.29681	174.90587	169.4976	119.26553	299.17544	138.69105	166.69107	181.88168	118.72212	147.90667	184.45908	153.10206	193.94654	237.78919	189.37802	183.37273	204.97112	191.23518	288.18351	154.1867	113.26271	104.44945	223.74545	362.37456	262.89305	281.35943	104.89044	128.89994	176.56634	101.65622	84.51669	120.8701	95.56736	175.4738	205.17247	181.55463	172.87177	217.76311	131.34187	189.27822	384.77585	194.03558	69.81819	124.0377	258.76999	193.83694	85.51298	185.25054	200.28601	118.71872	156.81981	77.33152	210.60888	142.04057	170.31474	144.33891	141.10195	106.57891	88.98968	194.95934	138.08628	119.20794
CE9	9.3745	392.78194	421.7819	420.62105	347.52239	489.16389	529.86577	575.83542	734.40113	397.23228	352.96095	317.24117	271.98483	274.13259	290.54994	352.29777	382.15827	351.49725	401.23736	318.66175	337.64427	293.46697	364.73798	404.81774	381.74649	376.94683	443.30561	384.58198	367.35826	332.07044	355.4641	342.92249	374.41965	405.23223	400.00311	279.72797	323.0751	352.04742	307.9708	389.85409	342.93773	371.07157	323.4429	331.99421	322.51532	344.91675	282.80878	381.04668	297.65848	322.78368	265.90771	327.00378	349.17007	355.53631	337.68836	730.67424	425.77523	323.91235	438.12241	359.00048	382.90148	253.08067	323.16078	356.45158	354.36427	317.44384	412.40864	359.92684	326.62646	286.05996	365.63596	311.2483	375.39888	372.05841	402.13965	391.70281	342.07199	352.90795	373.87139
GH1	1.77659	226.52236	247.02062	266.36184	225.13517	215.65098	272.65382	304.34279	431.98734	126.94274	175.43116	202.55241	146.12693	154.1512	183.65246	277.70809	271.84672	285.1929	350.07667	230.4577	282.30245	149.35988	314.45304	254.40244	280.77151	275.2111	271.3411	222.25948	216.78449	190.47616	188.4573	228.17839	279.38055	259.73557	279.24069	160.74862	257.45418	388.16983	244.80196	386.67886	166.92285	229.91263	220.10577	310.06362	248.53898	269.09802	121.67742	272.57995	156.33529	228.82715	197.61595	164.13523	234.48612	209.0964	229.81281	335.08895	258.5174	79.52407	261.04097	284.67461	329.37669	203.19826	126.95509	293.2724	231.24381	249.29383	375.84467	258.21224	290.97517	164.23371	267.45618	255.26858	321.54925	302.03207	405.08377	370.20941	228.91383	229.80298	387.4883
GH10	4.76422	86.33682	73.90688	68.3411	100.54679	88.12669	83.20034	83.20038	25.4873	210.92702	251.02	221.31322	198.57265	277.80349	247.11277	105.80487	81.49476	80.46644	59.92103	88.65646	67.80984	147.05731	88.25905	84.14038	87.94013	88.03044	103.31339	124.96225	99.89166	123.6579	127.90978	122.95876	131.35542	132.95839	157.16438	373.20118	121.62899	101.51569	100.91553	126.47068	266.02455	166.13693	233.82002	70.51196	65.70755	82.12767	48.61142	38.90529	56.38535	51.64818	113.32046	145.23416	81.73455	113.52697	119.93652	55.4185	118.35547	235.27753	123.18742	45.96059	88.20439	408.46868	120.43083	81.24661	158.50953	230.73135	65.67198	161.33995	46.43892	207.54274	41.27762	182.39916	117.60986	123.08789	73.09371	44.68178	213.85222	242.76761	87.1192
GH101	NA	5.98444	4.20998	8.38709	4.28105	8.83319	10.57694	19.01928	18.25634	2.41898	3.38052	8.3683	6.06921	4.67244	4.08758	13.86387	16.20479	13.9713	15.59002	2.25189	6.29245	3.61211	3.71948	7.00209	10.01597	5.14012	12.94731	10.23711	8.87779	4.79208	7.87539	5.43474	14.91715	12.72022	14.4137	1.11437	3.60363	4.00978	1.64892	NA	1.73934	1.04472	0.82782	5.43388	9.93742	3.35202	2.98957	2.97807	5.41543	5.77724	4.21415	9.49772	9.25476	14.61089	5.6476	14.90069	7.1912	1.64215	7.76207	5.89597	6.74209	1.34653	4.84542	3.96915	2.65311	2.16743	10.51776	3.9962	2.09741	1.96099	19.17827	6.76575	5.83011	3.12888	5.03083	1.00346	2.86371	1.33091	3.49927
GH102	NA	5.73026	5.10073	9.64522	4.92278	0.69984	2.20849	1.3955	2.22183	1.41848	3.45964	2.76313	3.84195	4.44231	0.73725	5.22813	3.51339	6.87216	8.65911	8.14732	7.85313	8.19665	10.60168	9.7465	4.6077	10.9602	5.32228	3.29079	1.63108	11.36916	6.0618	6.31	5.0681	3.94038	2.96625	5.33327	2.27417	4.04928	2.64454	NA	2.41881	2.37664	1.47652	2.26639	3.3374	6.20338	4.68382	NA	2.1668	4.93027	9.13163	6.17525	10.98428	7.02411	6.64662	1.8606	2.07536	4.20043	0.92285	3.09456	2.10357	1.06597	9.78811	0.47101	2.6838	4.60644	2.78842	2.48101	5.64106	5.93423	3.97984	1.14064	3.0727	3.63843	7.37484	1.73898	4.08174	7.67056	5.07872
GH103	0.05935	3.65678	2.1428	2.75117	2.87167	NA	0.18181	0.556	0.63235	0.45517	1.90736	2.57717	4.3681	1.27768	2.77691	1.98982	1.34726	1.33481	5.0083	7.69457	1.17892	3.74641	5.51017	4.84692	1.59253	7.03069	2.07109	1.1276	1.34706	1.55588	0.3375	2.73736	2.48516	3.63572	2.48983	0.59042	0.89339	NA	NA	0.45306	2.15072	0.41535	2.0238	1.3981	2.48235	4.80052	1.31603	NA	3.01151	4.09757	2.00037	3.85101	6.48687	4.90121	3.35721	1.05016	0.37203	1.24915	NA	2.47557	0.38335	0.40384	1.41034	1.38822	0.91164	1.25042	0.96996	1.32602	1.40105	3.2137	1.75871	1.80531	1.17298	1.48119	2.71101	0.88058	2.26483	2.39577	2.23893
GH104	NA	0.84476	1.40277	1.14221	1.21696	0.70651	0.60425	NA	0.48727	8.23282	7.21877	10.1668	6.03161	10.08391	5.60309	NA	0.30803	0.27791	NA	NA	2.42292	0.22582	1.00613	1.96412	1.94843	2.91704	3.38181	NA	NA	NA	0.48078	0.10777	0.57983	0.45911	1.42031	0.6935	0.47539	NA	NA	6.10839	18.72868	12.52542	16.92349	NA	NA	1.36326	2.17545	1.13431	1.44891	2.25979	13.03326	0.36586	NA	NA	NA	0.45284	NA	0.25937	1.24128	NA	0.64602	NA	NA	1.41303	5.25111	3.26509	0.24262	1.16334	NA	1.35711	1.01292	9.61939	4.10467	2.32944	2.66617	NA	NA	NA	NA
GH105	0.35922	350.91661	293.72462	240.87978	387.1047	323.02996	224.92333	127.29376	169.26621	152.7119	171.75468	130.1191	138.01816	142.79624	137.31986	206.78524	194.40581	207.26945	207.41729	166.35045	125.01377	228.28767	118.32581	198.42738	236.34338	158.0625	215.49725	288.80846	233.07011	367.15703	325.0998	235.84776	202.67852	222.60805	221.6903	157.16464	132.04798	102.44799	122.7354	165.25317	218.21262	179.88231	142.36906	77.76951	132.67938	206.9374	136.15937	75.76806	119.85354	104.22473	142.20095	243.30206	215.29566	234.93941	298.96681	78.60524	176.84082	326.22716	138.83312	81.58517	172.50333	154.0232	198.22428	81.26656	171.94242	183.77617	129.10494	150.38616	96.12905	226.5617	188.47317	169.12324	167.86125	168.20487	149.16955	62.87157	229.8592	220.7903	135.28741
GH106	1.10412	170.60907	154.11596	152.60656	140.45668	249.05027	140.35874	113.4403	139.35361	142.00108	173.54726	164.27633	170.24253	184.51827	163.61787	143.50369	148.73071	149.2859	172.55939	137.7154	101.03241	189.9577	105.08672	179.51503	193.93752	137.35433	187.83539	282.39259	213.24076	319.2497	313.16313	204.69618	176.5066	236.46356	216.97761	62.96503	121.66988	73.97254	139.23332	172.6127	297.09318	194.96995	218.55017	66.65605	131.24747	234.68572	170.25835	62.96049	118.71427	120.59176	160.83018	213.11269	172.70993	196.83707	204.59803	45.17202	121.95369	183.49939	91.05825	74.05054	158.68967	267.40431	241.30459	81.44994	168.71411	158.17604	150.86031	215.84284	108.91272	302.79592	179.74008	208.69048	176.59152	144.48967	171.13752	64.63427	112.84515	127.79372	115.92452
GH108	NA	50.54069	23.59398	14.81024	48.45794	70.80102	56.44228	5.88037	42.35175	22.56822	15.62407	8.84713	17.39041	5.65951	12.18716	15.97702	21.03555	24.38523	46.07092	32.29602	13.74976	21.31886	25.36317	35.45479	42.71264	35.23745	25.24158	50.22158	60.6508	63.6298	47.43232	21.18831	17.60633	27.30079	56.00987	1.99869	12.72609	6.66837	18.08567	17.47506	8.37569	9.45413	5.36055	10.25165	25.37628	74.87549	86.101	33.33736	33.70367	29.8032	77.20829	23.917	37.64592	21.7196	22.79708	NA	8.73899	2.36959	0.46218	5.83179	34.95039	22.06231	29.01281	2.26022	10.02839	2.04763	16.35804	46.71158	39.11072	80.77914	49.7131	44.38029	27.58788	16.78482	12.73824	5.80177	15.21803	19.86668	10.11392
GH109	0.69483	82.06217	87.4459	75.82776	65.49153	133.99868	104.58274	61.84213	64.87369	50.59628	43.32684	40.78912	34.82131	35.90282	21.11158	63.38078	62.94061	61.75337	80.65091	83.52627	61.14289	108.17337	46.06026	81.81023	102.33245	50.12629	92.65178	113.60648	86.33862	117.31077	109.70545	87.28137	70.58729	91.49705	99.66277	68.59696	60.96211	27.93319	50.61198	48.53623	77.27811	50.44686	42.21894	22.12877	36.22143	84.47414	60.67242	10.05757	61.08324	38.16928	18.94725	90.87037	76.22946	95.47796	108.78175	6.84871	38.67533	79.49119	27.92015	24.45009	58.15989	29.98084	108.97432	19.53622	52.96809	49.55369	59.0325	30.19014	36.14774	73.47028	104.11918	57.71327	52.41752	49.17532	45.8847	16.58201	84.66489	77.86849	48.99289
GH11	NA	0.47064	0.28631	0.33501	NA	NA	0.79371	1.40815	0.12182	4.23863	1.17319	1.84682	3.03795	3.89512	5.62445	3.5001	1.49953	1.91509	0.93875	3.50374	1.96792	0.90071	2.59115	1.50607	NA	1.94717	0.63086	2.68707	3.01962	1.72507	2.88107	2.08247	2.45292	1.87923	2.64163	0.2034	1.44282	NA	1.23757	NA	0.35503	0.14079	NA	4.54772	3.1843	2.92588	1.84789	NA	0.98566	0.73789	NA	9.42508	4.11879	5.9345	7.31282	0.26563	NA	NA	NA	1.22134	1.71749	NA	0.63478	1.71405	0.16122	NA	0.56518	1.65201	2.69917	0.47187	NA	7.82559	2.84075	4.91372	1.03895	6.04033	0.49419	2.19815	1.24148
GH110	0.13685	35.90883	38.56976	39.89099	25.36306	83.53452	49.01426	31.01308	48.31862	48.86816	35.62471	30.58058	32.53839	34.05742	28.88589	53.795	46.79767	55.5877	60.02295	66.45674	50.0056	95.22662	41.60105	56.99873	67.05694	36.67057	62.86435	88.88227	65.12353	112.20413	86.37462	49.17731	39.60914	48.95865	43.20879	166.77831	68.59442	42.21181	57.03782	30.44672	33.4235	30.96329	17.88391	26.74881	33.32696	60.72057	79.153	20.16692	57.03042	45.53272	23.15732	80.67775	55.26528	76.24686	78.83244	9.52352	36.66587	69.34953	39.0712	31.38935	53.60123	21.5069	72.14056	35.38305	34.43271	16.83723	45.10616	30.97628	57.69104	67.12788	90.5091	62.78483	56.82629	62.2436	50.05161	12.08765	15.33322	21.92413	23.28555
GH111	NA	0.01341	0.02736	NA	NA	NA	NA	NA	0.04701	0.01536	NA	NA	NA	0.09514	NA	NA	NA	0.03499	NA	NA	NA	NA	NA	0.0919	NA	NA	0.15928	0.07686	0.14435	NA	0.17351	0.05037	0.04169	0.05882	0.06278	NA	0.03484	NA	NA	NA	NA	0.06075	NA	NA	0.05692	NA	NA	0.10973	NA	NA	NA	0.04606	0.06486	0.04841	NA	0.07141	0.13223	0.01644	0.1226	NA	NA	NA	0.06012	0.12171	0.19324	0.14576	0.52896	0.06387	NA	0.02701	0.17791	0.36826	0.18272	0.08343	0.15737	NA	0.12109	0.16215	0.0626
GH112	0.69666	121.16703	125.05585	110.49732	104.32012	67.00628	77.12662	71.16805	74.24401	57.26221	68.46098	85.2117	80.48432	82.04251	61.8115	98.56986	92.32203	94.46934	107.02955	53.1608	56.128	47.58504	64.90636	161.75888	103.54403	152.28132	142.73397	76.81588	90.08981	63.33088	81.76376	102.08728	97.9076	101.50583	90.94145	76.5558	91.15649	92.12696	99.67836	72.59419	34.05656	58.25627	39.45046	91.5964	92.53547	55.74852	40.01256	79.05196	61.26089	71.86315	62.19576	108.61994	104.67639	93.53113	114.8783	118.45662	117.82028	43.21115	115.83446	109.20025	105.99912	45.51615	63.27632	91.36444	85.69928	91.58131	83.08402	62.97862	71.27691	52.47035	79.92626	102.94468	103.54439	122.07168	103.89613	122.95774	81.73184	71.69032	91.93636
GH113	NA	22.61291	32.08404	24.1035	27.7532	31.32566	26.63159	20.35686	20.9398	19.85017	16.58756	24.41222	26.96604	19.94699	21.58637	19.49387	16.52196	23.18899	17.32798	18.97772	17.47773	17.03143	16.42298	61.66977	45.8329	47.1064	56.89305	27.28418	25.31417	29.78596	39.26348	31.77287	15.50301	26.94461	27.30466	9.36215	21.39217	14.32288	18.14693	12.15424	7.42086	16.71007	7.2452	13.28001	16.03887	8.41787	6.83529	20.88215	10.69973	12.87515	9.46273	26.9904	27.46516	22.77658	36.75949	24.96848	27.81283	6.51579	26.07352	13.61205	28.57682	24.11612	13.79399	22.76987	18.86509	32.63276	12.00695	20.01041	32.15701	23.21911	23.99857	15.65442	16.72481	24.03243	16.0822	24.76451	14.57271	15.02522	32.69446
GH115	1.01367	199.51423	180.49253	154.94623	207.01479	324.70636	217.75209	197.25514	156.57719	267.52833	373.6416	260.26033	283.67383	360.05333	304.84416	147.03748	126.95466	147.29413	178.79453	111.93079	78.70868	161.5417	84.83454	176.70542	188.31037	156.38618	194.54977	306.70728	233.29983	318.61872	335.27688	216.06733	206.54718	247.29862	245.429	224.96085	107.91447	91.15162	84.59983	208.2034	382.54401	234.12346	320.23012	70.98433	101.04023	174.25049	96.72481	43.87744	76.88681	64.7888	152.47503	223.19272	191.83004	207.65587	239.86142	48.47274	116.09159	231.05624	115.27189	61.5132	130.04127	445.90189	211.13543	81.23234	204.73538	272.22032	134.6015	183.64288	65.65058	237.52211	116.61261	241.85366	168.36087	168.99625	118.48542	56.95207	183.33937	162.85537	80.55509
GH116	0.25251	23.81041	59.97409	28.73412	23.55489	30.17187	75.30033	18.9652	21.4829	14.45901	12.13497	37.34053	36.25878	37.65793	27.03648	10.88137	9.65009	11.69413	12.22512	10.51655	8.02916	9.25082	5.56696	25.67337	33.9572	12.41353	20.59667	31.36439	24.65208	42.39281	36.66516	62.27681	26.41077	28.70201	31.05756	3.24452	14.22605	5.67528	13.86696	9.49237	8.85743	12.4071	6.13424	6.21411	13.62977	16.61403	35.80166	8.38633	15.53578	10.26807	14.07973	44.35249	53.2228	50.38933	93.55438	4.98556	13.93264	8.8799	9.45319	10.67905	17.81609	21.56439	26.20863	17.98443	14.98734	14.47048	18.16277	16.96573	16.18567	38.09444	25.6236	32.95413	31.18933	15.40395	16.73698	4.52711	8.43924	19.4995	13.26378
GH117	NA	10.55633	14.98503	10.81739	5.17742	11.02718	17.06352	4.34791	6.65331	2.77617	2.60446	2.94683	4.18122	2.85453	0.99466	4.01103	4.75247	6.71351	4.1813	3.8687	2.91605	8.22988	2.90941	3.86418	4.85205	3.09339	3.75373	12.05737	12.01683	19.97047	17.91728	11.87976	8.26163	17.05849	15.97788	2.67146	3.23819	2.83318	5.00947	7.5511	6.82454	7.11088	1.79221	1.40353	6.32348	12.91395	10.23135	NA	4.00594	1.80684	1.32367	8.78842	9.66445	7.71948	15.26726	1.67817	14.93924	27.66733	13.07699	0.50908	4.1771	1.67677	4.43829	1.96393	3.1461	2.50897	6.97945	1.59678	3.24167	6.45029	10.56201	10.07915	6.7665	6.27269	8.25296	1.28522	5.56022	9.78983	5.33971
GH120	2.73126	43.62437	42.92257	49.36746	31.31615	75.59524	98.42668	114.10419	149.15343	18.6967	19.36588	14.38459	15.01837	15.20088	11.81291	56.60012	77.95864	46.65114	71.5167	27.87888	39.52009	17.33497	53.90452	56.39745	53.80751	59.91004	56.8053	45.50433	57.30711	41.29654	36.2471	35.38356	50.57319	54.29084	63.11906	30.08836	38.09674	73.395	49.60877	20.49952	10.74076	27.09401	18.77983	47.39254	42.92994	22.58621	9.5214	53.0052	26.16563	26.21771	31.36816	48.20737	45.08697	63.70217	33.16367	69.13182	35.78445	12.60745	61.79617	27.27052	33.0791	10.76816	13.48031	26.57895	17.78215	25.1662	25.07199	29.84163	27.88262	10.37818	27.2015	20.24295	26.68605	25.19538	52.76916	36.18512	16.83014	12.76448	29.62751
GH121	0.06613	9.64587	3.54349	8.80588	3.9262	2.27688	3.80976	9.62632	6.36985	0.23105	0.73862	3.54246	1.46856	0.82408	1.27568	23.61541	39.05604	22.95367	47.51114	2.89361	6.3062	1.04592	1.34079	1.21819	3.00354	2.58084	1.80124	2.70404	6.80061	3.43911	3.92857	0.9898	8.36374	4.85302	7.41602	1.46354	2.24509	4.30227	2.52539	NA	0.06568	0.43407	0.40349	6.53869	9.57069	3.09323	1.9453	0.89392	1.44122	1.19036	0.76257	2.50833	4.3976	6.80016	1.5828	17.02731	5.84789	0.46639	7.61323	1.43605	4.1366	0.15239	1.40601	1.82134	1.85929	0.3168	2.02497	0.81088	1.28251	0.19577	2.05346	2.34975	2.02754	2.48367	3.49927	NA	0.20934	0.11035	0.70464
GH123	NA	21.56957	23.82608	24.38347	14.41228	52.19846	26.66947	23.92351	26.54874	19.24181	17.24991	16.52738	12.39892	15.87707	15.19028	27.80006	28.71481	26.16201	29.87748	35.14298	29.04094	52.53311	24.29868	30.19651	40.94006	14.67581	31.88579	35.35096	34.44538	38.17241	38.9685	31.47482	24.95215	31.7607	27.96305	5.77356	20.04128	11.57575	22.81099	16.12452	28.53657	21.63388	17.01735	17.45892	22.47257	41.66925	60.40361	12.68063	26.92242	25.01378	14.71014	31.27567	27.38556	34.96895	41.47654	6.41533	21.29016	43.37629	23.68434	19.45408	30.96587	10.99572	39.22273	29.9197	26.08157	12.34743	37.28736	16.25363	22.0188	25.68618	49.61975	23.94031	23.65671	21.2585	31.46375	9.19766	9.08128	11.11861	11.64825
GH125	NA	95.77786	130.79209	86.28333	89.57779	104.60343	148.17307	93.3987	79.55767	29.03705	24.11698	43.92866	35.61093	36.61168	40.61121	74.28178	73.82469	58.88115	96.42135	55.86269	41.86166	52.06979	41.31648	77.75494	115.69476	54.17766	84.72329	197.72586	157.43962	189.64681	175.07427	91.80245	72.02534	70.4663	71.20793	113.40021	59.07379	44.27328	62.16191	41.25399	46.93547	53.63149	41.6616	50.20608	56.38955	76.94131	86.30184	23.57401	39.29909	35.00675	27.96509	67.17726	71.40876	89.40639	103.78027	21.29248	56.33555	68.57564	46.53434	25.44689	50.1794	187.32286	95.30135	39.63933	75.08284	71.20797	81.30665	59.61271	49.65253	86.6557	53.14192	59.93576	69.32377	59.00116	57.01948	26.92763	85.90406	92.38925	56.6488
GH126	NA	0.27861	0.06191	0.21817	0.20283	NA	0.04054	0.18819	NA	NA	NA	0.34255	0.18586	0.1846	NA	4.41164	2.44198	3.68356	0.35853	2.74273	2.77878	1.49728	2.70907	0.41188	NA	NA	0.34937	1.34105	1.2074	0.19732	1.48142	0.7147	0.65901	0.6579	0.27337	0.35234	0.35706	0.61218	1.48915	NA	NA	0.13771	NA	1.22598	0.17272	NA	0.24755	NA	0.15433	0.11663	NA	NA	NA	NA	NA	NA	0.48906	0.05599	0.24968	7.80459	2.73365	1.04928	2.41578	0.58963	NA	0.20997	0.51201	0.19763	NA	1.00011	0.68932	2.81504	2.30592	1.11607	1.30535	2.29748	0.25165	0.75284	0.73245
GH127	1.43908	134.85923	129.91513	128.49993	113.48843	178.24997	153.1066	154.24737	193.71505	130.32583	156.949	97.17897	104.72947	127.90671	116.76412	145.56874	154.31554	117.84647	170.4223	107.70074	108.16464	158.84815	101.11007	133.25884	126.69251	135.37311	138.54225	147.86209	150.77016	146.97897	154.42636	93.98954	106.06344	124.55775	116.62193	122.87868	81.8844	83.68893	91.29641	132.62582	212.36726	150.4735	167.1597	85.80403	105.55935	123.15454	65.37714	65.40271	76.26885	80.18156	105.96137	125.75796	123.63634	128.13492	133.45187	154.70059	131.46122	162.36227	153.70826	72.26191	110.00897	225.51067	137.98206	69.5816	110.90794	152.80004	87.68707	130.05404	77.65603	146.60363	85.38255	144.10844	118.59963	118.57337	100.53003	84.23189	124.3784	130.24742	94.11445
GH128	NA	1.41599	2.40084	2.64569	0.2891	0.65681	0.56175	4.06297	1.72311	0.10762	0.70521	1.84261	0.83808	0.35528	0.51076	1.03102	0.99126	0.91796	1.87432	3.12369	6.6614	0.42627	3.44678	2.07397	3.79473	NA	0.75108	2.33575	4.77292	2.42139	4.69718	1.45803	1.06066	0.3219	3.3603	0.32789	5.54176	1.8949	1.39016	0.56234	0.48208	0.77833	1.70728	8.10582	4.1865	2.92544	12.07813	1.9751	1.15499	0.77951	0.62849	NA	NA	NA	NA	0.21418	1.93541	0.30631	2.8855	5.13295	4.57993	0.16299	1.56094	1.62942	0.64996	1.45185	2.03071	3.88879	3.27333	3.16841	9.51665	4.23402	6.33294	4.53892	4.33809	NA	4.67933	3.07077	4.7784
GH129	0.02716	10.94745	8.59335	10.06084	7.12599	3.11246	4.01105	13.82145	9.82674	4.33262	6.89657	12.42367	7.32604	5.4479	7.85429	11.82763	15.01118	7.86022	12.75019	4.67116	7.91385	3.73246	8.65415	7.38153	7.53884	6.91767	7.19931	10.9857	10.2059	6.17284	5.44528	6.52641	13.00197	8.28401	10.49044	3.45763	4.14733	10.33949	9.32904	9.52162	3.9092	6.90596	5.1332	10.70661	9.32334	5.22513	1.67612	21.08913	10.86802	16.72204	11.45117	6.23069	7.43547	9.24281	3.16306	13.27577	13.23382	2.88923	12.68896	22.21689	15.40757	1.92984	10.74196	13.00043	9.57806	3.49101	13.4055	5.90275	7.90771	1.05517	2.54593	6.59779	9.41907	8.31474	10.27116	14.17136	5.54389	5.06804	9.7974
GH13	199.99043	3294.91424	3350.51666	3588.68508	3336.54737	2846.13938	3432.09247	3744.20981	3745.9393	3283.05919	3907.02273	3435.78389	4027.85825	3683.46881	3567.94008	3323.44236	3368.2965	3176.17136	3585.57794	3036.35048	3348.86701	2985.19308	3481.12832	3391.13033	3129.60741	3624.11351	3345.87841	2930.38482	3239.80258	2195.08493	2748.74752	2928.33783	2987.69328	3374.62052	3275.64408	3520.3537	3202.92057	3770.88663	3188.1055	3447.23153	3317.19831	3167.23111	3748.48591	3172.75742	3332.20396	2557.0128	1739.33992	3291.79832	2247.39984	2360.64822	2921.59496	3169.10839	3151.0465	3387.63526	2733.86413	5047.50881	3342.41217	2345.21635	4358.73266	3389.13085	3155.48101	4118.71427	2647.88725	3026.8518	2927.53517	3590.81708	3173.40066	3153.35075	2908.29704	2904.60554	2581.53204	3432.0216	3125.67809	3318.36519	3107.29806	3794.58885	3566.04497	3142.52513	3415.21239
GH130	1.22378	169.819	192.96667	181.63826	172.4673	207.49883	146.70717	111.63549	128.55868	112.09161	133.24072	136.31178	141.36914	160.95725	166.05823	156.6966	142.1814	145.09618	147.12691	134.01693	103.28495	144.01661	114.50378	249.52305	211.46484	209.82246	248.47066	195.11457	161.11893	195.77231	179.48959	184.16078	161.54038	165.94325	168.31275	133.31551	129.65283	97.55856	115.06172	123.37256	171.66311	154.22836	151.90019	114.26395	117.08258	131.16255	89.22095	96.23199	109.08338	112.14421	112.24241	190.03379	184.17501	177.70262	263.4287	94.64444	146.74931	151.84456	138.09559	88.72656	130.98474	215.41082	155.12266	97.27781	142.6182	161.26339	107.26438	149.98611	124.91397	203.23986	125.76165	148.7604	134.6858	137.4993	118.36371	70.49576	131.12278	148.77714	132.41556
GH133	1.09161	57.47086	58.92006	43.81645	59.47993	61.94851	47.50988	54.10387	38.60734	56.52441	75.54911	58.67412	53.43187	53.43693	71.26706	45.11383	42.48438	34.72409	42.37549	67.74155	48.95499	99.92007	59.83774	52.95818	57.99758	54.01974	56.47128	49.12807	53.84068	49.59639	55.99498	39.12028	36.6334	39.01061	42.75417	72.38722	41.46651	28.25857	35.95761	55.56074	100.45697	59.70855	85.02347	40.3728	35.30845	61.50198	61.58416	35.30077	70.74228	53.79057	67.78687	41.30975	33.188	49.15913	55.89248	32.38883	61.10164	125.60986	69.12423	20.27116	37.81232	98.78278	67.6765	22.44382	47.1035	67.88027	32.27448	75.92196	40.15132	82.69213	62.91653	60.4363	42.86088	46.07211	36.70971	31.55342	79.86649	71.7336	35.55466
GH135	NA	NA	NA	NA	NA	NA	NA	NA	0.22639	NA	NA	NA	NA	NA	NA	NA	NA	NA	NA	NA	NA	NA	NA	NA	NA	NA	NA	NA	NA	NA	NA	NA	NA	NA	NA	NA	NA	NA	NA	NA	NA	NA	NA	NA	NA	NA	NA	NA	NA	NA	NA	NA	NA	NA	NA	NA	NA	NA	NA	NA	NA	NA	NA	NA	NA	NA	NA	NA	NA	NA	NA	NA	NA	NA	NA	NA	NA	NA	NA
GH136	0.10004	18.45804	16.84907	22.10284	15.65255	33.33077	21.94763	24.19687	18.68254	17.42844	14.80162	25.87317	26.11976	20.67115	19.64572	23.57413	23.29028	23.76861	23.05665	22.19337	18.69683	18.19855	13.1814	29.44531	28.60422	24.89777	23.08047	31.92088	23.49722	35.70141	25.43025	33.01856	33.96906	36.81346	40.12175	8.01351	20.77647	23.30862	26.05039	24.95178	18.82406	21.83732	15.16058	15.66309	23.3735	21.0734	14.27361	22.13684	16.02849	21.69671	22.15914	19.38473	20.75124	16.273	20.10832	17.46021	23.50328	27.82003	22.60399	19.08165	25.6935	9.18529	20.89633	11.72916	16.19294	17.77425	19.14894	16.02727	25.07274	21.19295	30.17186	28.01038	27.25155	32.23943	26.20345	20.32285	13.44664	13.01513	18.17406
GH137	NA	11.4466	13.40911	11.79481	10.83925	29.12833	14.6163	13.09046	10.38553	7.10537	6.82779	5.75629	7.76698	5.19047	6.44441	9.64817	11.10331	7.58922	9.45955	13.37813	8.20897	27.94565	9.10145	13.10557	17.74672	12.75907	13.88973	18.41083	11.77882	22.60244	21.75564	11.14634	7.84828	7.79481	7.76161	2.48812	6.44766	2.09863	2.66168	6.43995	11.5165	9.94213	4.55489	1.29072	8.49545	21.41868	12.63282	1.06635	9.6503	4.24011	5.59937	10.94781	12.33033	11.11603	13.35426	8.73188	14.96181	27.90331	12.72312	3.13511	15.52135	80.46719	28.22651	8.64738	18.21938	17.44392	8.63899	28.5744	10.21467	44.01599	13.27486	11.46995	15.72001	9.80911	11.87951	0.9813	3.39084	3.76115	3.17587
GH138	NA	100.58459	58.13058	33.92031	117.80024	74.64063	46.84519	45.13702	31.8739	24.52651	20.93831	22.94503	20.16116	16.54024	16.61363	11.96095	18.44541	18.11091	23.88161	16.93403	10.97296	40.65098	16.29832	29.29065	42.57471	28.09141	45.0331	40.53791	32.39669	43.57515	41.59668	24.34637	25.48447	27.41687	31.38816	26.14812	16.86277	14.83568	12.21586	20.59331	27.56108	21.44956	17.07506	8.33795	13.06419	44.32814	21.62796	12.73581	16.86015	13.96256	23.37818	23.70096	20.96049	26.28944	30.36066	12.68061	22.04093	37.57409	16.89184	8.62604	22.99714	134.77279	49.04343	17.21426	51.61021	55.39454	17.49254	86.15021	15.45366	101.23371	30.24695	23.4997	25.23031	16.63723	15.63117	4.45364	14.20834	17.22054	11.11556
GH139	NA	13.26245	14.2529	13.78246	11.818	33.49991	17.80406	12.8164	13.72418	9.00862	6.90095	7.47537	9.60639	7.00659	8.97843	6.33819	10.80348	9.8318	10.97809	10.44508	10.78901	26.94065	10.43393	18.23078	23.09975	10.93877	19.76711	30.43306	18.53939	34.54439	30.42766	16.31063	10.55279	20.45324	15.88186	1.46964	5.68835	1.49947	2.47583	11.2536	13.761	11.96386	5.36974	2.21089	5.55837	17.71951	7.94845	1.70413	6.26099	4.85371	6.06988	17.91015	13.92187	17.8144	23.44435	7.10671	12.20072	27.52044	14.31402	1.91689	13.65935	3.26061	17.00645	1.84816	9.02338	4.826	9.07381	3.88745	2.15829	8.7348	9.82977	9.95511	12.89086	10.56905	8.20928	0.74952	2.02777	3.88519	4.88181
GH13_10	NA	NA	0.02437	NA	0.11574	NA	NA	NA	0.07896	NA	NA	NA	NA	NA	NA	2.90408	2.9882	7.40085	1.97869	NA	NA	NA	NA	NA	NA	NA	NA	NA	NA	0.59006	NA	NA	0.05071	NA	NA	NA	0.07703	NA	NA	NA	NA	NA	NA	NA	1.03201	NA	NA	NA	NA	NA	NA	1.80942	1.96	0.16194	2.80906	NA	NA	NA	NA	NA	NA	NA	NA	NA	NA	0.21065	NA	0.19138	1.65174	0.28876	NA	NA	NA	NA	NA	NA	NA	NA	NA
GH13_11	1.16323	44.39924	44.44517	57.88686	36.81948	37.20191	61.19267	75.95193	83.1415	48.46845	33.72721	26.33467	30.80883	18.86524	17.59311	53.20228	65.03561	45.68568	88.69053	37.77807	50.56142	30.89891	55.76455	47.83108	45.01771	73.47657	60.25428	40.0945	73.37668	20.64757	27.82498	24.22482	44.39753	43.85114	47.51556	40.50058	42.99912	72.5817	44.49453	38.8422	18.20123	32.69405	27.57875	39.93642	44.86374	18.5705	9.31947	38.30301	16.85722	20.7532	26.47847	46.63481	49.26017	57.02051	24.49399	184.87826	55.90408	20.73552	96.08065	43.49836	40.64926	22.0958	25.83447	33.24407	24.23163	34.21329	33.06918	32.69675	23.19862	8.49311	27.98266	37.60687	23.3923	29.53859	24.99668	61.96171	25.00131	24.22929	39.57617
GH13_12	NA	0.10503	NA	0.16007	0.19186	1.93058	0.2514	1.82416	0.85817	0.03897	0.15766	0.14886	NA	NA	NA	NA	NA	0.08979	1.45665	NA	NA	NA	0.24249	NA	0.62193	0.20618	0.48874	0.13186	NA	NA	NA	0.0773	0.18044	0.35078	0.36223	0.10934	0.21064	0.87461	0.01495	NA	0.13396	0.16738	0.0847	NA	0.07216	NA	NA	NA	NA	NA	NA	NA	0.14891	0.05435	0.06667	0.14279	NA	0.12115	NA	0.47772	3.67052	0.39039	0.34878	2.904	6.00586	5.06712	8.15944	0.15862	0.28054	0.08889	NA	0.41907	1.33224	0.21334	3.33569	NA	0.45256	0.09095	0.5217
GH13_13	NA	NA	0.02876	NA	NA	NA	0.09662	0.11032	0.12986	NA	NA	NA	NA	NA	NA	NA	NA	NA	NA	NA	NA	NA	NA	0.08724	NA	NA	0.11884	0.14859	NA	NA	NA	0.02872	NA	NA	NA	0.09241	NA	0.13776	NA	NA	NA	NA	NA	NA	NA	NA	0.14724	NA	0.09807	NA	NA	NA	NA	NA	NA	0.24136	NA	NA	NA	NA	NA	NA	NA	0.43036	0.14261	0.47093	0.03235	NA	NA	NA	NA	NA	0.05106	0.06822	0.30345	NA	NA	0.2298	NA
GH13_14	0.2048	73.02029	83.4972	85.60335	79.01266	70.17569	78.45695	93.77299	46.93615	44.25038	82.2694	71.41467	112.73001	95.34841	94.32658	83.83882	75.03779	71.85451	81.33356	74.73654	74.40014	102.28383	78.19751	72.99039	72.23301	85.62332	74.15372	79.15768	84.17433	66.71711	77.7741	81.40113	80.82405	99.35408	97.47018	114.78127	83.17368	97.68403	61.64488	72.27966	71.62306	56.10918	80.87856	55.16971	67.55817	52.93337	35.89585	83.56329	40.44761	59.56054	75.31234	70.12802	60.67489	67.69483	59.99463	57.06524	85.25528	72.03855	104.01949	54.68949	56.80242	121.73548	71.87519	63.32178	60.4907	88.34647	81.12476	62.50099	45.23693	73.4703	55.0088	82.51222	73.32651	87.3665	64.85937	69.00929	93.44077	78.54328	64.22941
GH13_16	NA	NA	NA	NA	NA	NA	NA	0.05587	NA	14.00084	6.47817	1.2576	3.81999	11.33984	4.8973	9.21597	11.22437	13.08996	3.23977	4.4519	0.3924	0.12191	0.09053	NA	NA	NA	NA	NA	NA	0.17483	NA	3.02544	1.50915	4.21339	0.27647	NA	NA	NA	0.39489	NA	0.05664	NA	0.08287	0.38816	1.90479	14.29841	1.34218	NA	NA	NA	NA	4.04891	2.78129	0.05094	3.98612	NA	NA	NA	NA	0.39913	NA	25.7149	1.81668	NA	NA	0.41114	NA	0.27158	2.10947	2.78634	0.67077	NA	NA	NA	NA	NA	0.08401	NA	NA
GH13_18	0.52126	22.79618	24.01785	20.54076	16.79315	16.53091	20.21581	19.8243	20.28751	11.17162	18.04762	22.47595	18.12234	16.02625	14.19844	34.63825	38.95163	30.3281	48.15899	20.07952	25.70711	17.98952	34.50432	43.09891	31.67149	46.34235	40.20191	27.17783	43.82895	11.99948	24.81473	11.52365	19.72527	24.26872	24.96488	19.77171	30.63303	41.45006	25.47418	18.35762	8.93153	15.33215	8.4386	44.58173	44.88123	27.57612	18.97679	35.25501	19.74178	19.19308	24.43766	23.74272	23.95101	36.01505	18.90249	40.01214	31.39836	8.86034	43.64772	33.78469	40.30983	28.93016	14.71974	28.28229	15.39113	20.08884	12.88569	14.17573	9.92543	10.29665	17.30753	21.03382	17.42349	26.07317	23.52725	28.56461	15.19372	10.15568	17.24378
GH13_19	NA	3.79814	9.93945	13.56731	5.75015	13.87111	14.11025	24.59728	5.16927	4.61665	4.88988	10.82397	25.25364	8.75841	7.33466	16.64523	8.15941	9.32986	6.17563	16.75476	20.89748	20.56535	20.19068	2.28435	3.40149	2.15013	1.41867	16.87749	12.98559	9.85471	17.71296	14.25388	13.87926	17.33429	17.5516	12.31507	12.35292	12.89875	7.5812	7.68405	1.69964	1.46343	11.20427	15.32233	27.28576	19.49374	13.22098	19.34066	3.48921	5.65067	10.31336	12.78575	7.98697	4.65599	5.1852	2.3522	6.92036	3.58084	10.93163	7.59577	3.96494	13.91294	4.66112	9.83135	2.50165	8.31493	14.23372	1.64153	1.53308	2.10233	2.91546	7.04233	5.80669	7.79894	7.49405	17.99715	4.12237	6.67759	12.28827
GH13_2	NA	NA	NA	NA	NA	NA	NA	NA	NA	0.11078	0.3192	1.14284	0.21892	1.2485	0.84945	NA	NA	NA	NA	NA	0.17307	0.08065	0.08983	NA	0.21581	0.13847	0.28093	0.5405	0.20355	0.89455	0.46606	0.86886	1.45672	0.24595	0.96038	NA	0.21223	NA	NA	NA	NA	NA	NA	0.23892	0.60092	0.76891	0.39464	NA	0.39426	0.5926	0.50664	2.29596	1.30115	1.19886	1.03399	NA	NA	NA	NA	0.67898	0.90405	0.02062	0.99868	2.37701	1.17437	NA	1.91162	NA	0.31012	0.35628	0.22188	NA	0.0605	NA	NA	0.31849	0.26745	0.27962	0.70328
GH13_20	0.15047	26.82092	31.1302	26.72325	26.38058	34.42397	33.40445	37.63261	40.31389	27.12195	45.99353	46.3804	68.78673	64.19466	68.61038	28.00333	20.78716	23.46279	20.59697	21.30601	21.51268	23.16283	34.57593	59.90188	49.40145	79.73482	53.27178	26.0075	43.27234	20.2775	34.52673	19.99135	20.21212	22.47762	19.94305	18.13874	27.06807	19.61994	27.21776	36.67445	9.89779	20.13484	18.7832	48.14025	35.46392	25.39954	18.12909	52.0735	21.74319	31.26258	32.10591	50.19456	36.66331	29.91593	38.65506	23.73966	27.20546	11.69166	43.67689	57.62278	57.39324	58.73765	28.80017	42.21365	31.16115	49.33963	19.13297	40.01352	40.32913	39.01697	32.12191	28.69795	24.60543	43.999	31.45672	61.13104	28.07627	25.62723	40.84252
GH13_21	NA	0.05026	0.03655	NA	NA	NA	NA	NA	NA	NA	NA	1.00921	0.03928	0.25177	NA	NA	NA	NA	NA	NA	NA	NA	0.05046	NA	NA	NA	NA	NA	0.79029	0.42478	NA	NA	0.40412	NA	0.23912	NA	0.06332	NA	0.22122	NA	NA	NA	NA	0.12177	NA	0.75987	NA	0.28269	0.2075	0.48483	NA	NA	0.02908	0.10003	NA	0.14674	NA	NA	0.05123	NA	0.16672	NA	0.04252	NA	0.21957	0.88175	0.07569	NA	NA	0.0166	0.33662	0.50102	0.03675	0.13307	0.35066	NA	NA	0.04885	NA
GH13_25	NA	NA	NA	NA	NA	NA	NA	NA	NA	NA	NA	NA	NA	NA	NA	NA	NA	NA	NA	NA	NA	NA	NA	NA	NA	NA	NA	NA	0.26305	0.13487	NA	0.39794	0.13908	0.10595	0.23014	NA	NA	NA	NA	NA	NA	NA	NA	NA	0.10838	NA	NA	NA	NA	0.08255	NA	NA	NA	NA	NA	NA	NA	NA	NA	0.17062	NA	NA	0.15532	0.12904	NA	NA	NA	0.1206	NA	NA	NA	NA	NA	NA	NA	NA	NA	NA	NA
GH13_26	NA	NA	NA	NA	NA	NA	NA	NA	NA	NA	NA	NA	NA	NA	NA	NA	NA	NA	NA	NA	NA	NA	NA	NA	NA	NA	NA	NA	NA	0.21995	NA	NA	NA	NA	NA	NA	NA	NA	NA	NA	NA	NA	NA	NA	NA	NA	NA	NA	NA	NA	NA	NA	NA	NA	0.11867	NA	NA	NA	NA	NA	NA	NA	NA	NA	NA	0.47077	0.13122	NA	NA	NA	NA	NA	NA	0.04755	NA	NA	NA	0.11094	NA
GH13_28	NA	23.82215	22.41333	43.52723	21.19348	20.17439	24.82372	47.19814	4.96033	33.36256	53.54034	45.04213	79.7988	62.40622	53.72084	37.75534	36.56362	28.47815	55.40077	23.93628	29.51014	27.74444	29.96281	2.08897	1.23874	2.86998	2.40171	23.71214	18.66318	14.91394	21.40175	28.6899	23.27097	42.35757	38.96148	40.88418	39.39701	61.11208	28.78896	14.38741	2.37315	1.71165	10.52051	25.15281	32.0607	13.96013	13.88637	37.39899	7.7338	12.3642	23.38597	33.40035	22.7982	35.05307	5.98488	47.03539	34.06028	15.14451	68.35312	24.02467	5.42055	25.80456	10.08802	19.31973	9.15448	26.78518	29.05816	31.42932	7.1408	39.88619	8.29751	46.57442	27.03779	27.18017	19.31319	45.9315	38.83619	23.86854	28.82753
GH13_29	0.12024	3.24665	4.23973	4.25335	3.64435	10.077	13.41637	15.57542	16.68061	6.57786	4.33282	6.16122	3.64974	2.67393	3.61492	3.2645	1.13682	2.14596	1.93883	4.92228	5.68812	3.93983	6.62517	10.04581	5.3329	7.46589	11.67714	4.14732	3.96566	3.373	7.46085	4.82214	5.71964	7.8441	6.86572	1.47782	3.15234	5.08988	3.69624	13.52069	6.29281	10.84252	9.44634	5.07179	3.66238	5.06179	2.44673	6.60542	2.62471	6.33632	2.38158	5.67492	5.98323	8.08727	6.8084	27.61951	8.49384	2.46385	11.30685	9.76893	7.35746	2.03385	3.42088	6.88069	11.84171	11.75093	12.9234	4.84799	2.66683	2.82197	5.9936	7.60816	7.74767	6.68005	13.49028	4.12145	3.81663	6.04331	4.31915
GH13_3	NA	7.00815	2.2065	9.44091	4.55812	2.93679	5.11953	9.12857	8.60809	0.08027	0.29363	5.17364	0.93458	0.69986	0.51641	17.4264	29.4871	15.84999	33.14525	6.04208	11.14863	2.9317	7.87172	3.11889	10.07226	6.72935	9.93738	12.46552	12.77005	7.60187	10.67093	2.76855	10.87602	6.6378	10.01609	5.60322	7.64763	24.48426	16.14361	0.69859	NA	1.1253	0.44565	6.27744	16.45119	3.30322	2.08869	8.6495	2.25709	3.64174	0.68641	9.62922	17.82398	24.55061	2.74647	25.10218	7.65661	0.99524	16.93066	8.61886	8.57126	1.17616	6.38559	5.09718	2.50288	2.22163	2.81898	2.27762	0.95244	0.07427	3.9973	4.74274	4.09775	3.40244	2.76083	NA	NA	1.59532	2.75045
GH13_30	NA	8.32943	2.23561	9.19652	3.34382	0.78609	2.27115	4.22547	3.11538	NA	0.07231	0.77058	0.35739	0.17024	0.15607	5.52544	6.71439	3.64395	7.78707	6.31849	8.54804	2.55901	8.74005	4.64481	8.32198	10.07756	7.00907	14.44552	17.08599	4.06214	10.27508	1.88489	6.3152	2.32822	5.17436	8.39341	9.55253	26.19354	14.44287	1.73949	0.4953	1.93292	1.65855	7.89033	12.44667	2.11852	2.13117	11.57186	4.10709	4.65965	2.39424	10.88462	15.75775	30.15506	4.21633	29.35856	8.51303	1.77228	18.87889	8.88543	7.65525	0.76534	4.56728	5.45407	2.26833	1.73165	3.452	2.17113	1.75708	0.12327	3.59064	5.30365	4.60872	6.31889	7.67711	5.30758	0.63937	1.69563	3.88235
GH13_31	0.08139	49.68376	43.71891	47.71825	42.75755	40.52561	54.59275	70.80339	87.92397	35.66473	28.19263	20.71125	13.12417	13.25397	17.01226	38.49316	45.19388	34.94517	52.56499	31.29432	44.13144	22.3229	47.1726	48.20696	39.16928	48.52514	52.7523	31.25639	42.81639	20.10052	24.87659	16.58185	28.30063	29.5075	31.31241	20.39563	27.84319	57.02976	47.84237	43.32172	18.95153	31.82702	27.79027	42.66206	37.47659	20.6622	15.41129	41.06236	23.13275	30.38401	28.00155	17.50794	22.92675	23.45426	11.84641	114.79738	49.69453	14.63468	58.71519	54.98683	39.95772	22.01345	22.90862	42.75704	38.04359	35.09374	42.87708	28.59599	26.29991	12.69322	31.45194	21.91761	23.37764	28.71944	31.31374	47.6296	26.7215	25.63024	47.55139
GH13_32	0.06189	3.70592	0.87901	3.01801	0.89589	NA	NA	NA	0.09336	0.06713	0.27827	0.33243	0.05586	0.56243	NA	3.96515	5.9619	2.54341	8.75806	0.8556	1.71791	0.23041	1.39811	2.70174	4.37514	5.2225	5.78137	6.19193	9.85276	1.936	5.11444	NA	0.08385	0.04414	NA	3.6631	4.56842	10.28912	5.96741	0.45901	0.08071	0.4396	0.81916	2.94205	7.13475	0.53165	0.53023	5.95764	1.84152	2.46831	1.36403	3.7529	6.57272	13.65953	1.55078	16.76678	4.518	0.70496	9.55786	1.60744	2.24684	0.12853	1.58398	1.90933	0.31985	1.64482	0.43318	0.81969	0.32218	0.08655	0.81098	2.72779	0.62576	1.82362	2.36486	0.97212	0.10801	0.67656	1.94554
GH13_33	NA	0.37229	0.40494	0.57292	0.61042	NA	NA	NA	NA	NA	NA	0.22807	0.0479	NA	NA	NA	NA	NA	NA	NA	0.22808	0.13706	0.11215	NA	NA	NA	NA	NA	NA	NA	NA	NA	NA	NA	NA	NA	NA	NA	NA	NA	NA	NA	NA	0.15288	0.15119	0.34733	0.3695	0.289	0.40258	0.34545	NA	NA	NA	NA	NA	NA	NA	NA	0.13836	NA	NA	0.11584	NA	NA	NA	NA	NA	0.21393	NA	0.26761	0.26418	NA	NA	NA	NA	NA	0.30723	0.32868	0.70321
GH13_36	2.52556	11.83421	18.19386	19.80852	12.46426	15.91929	16.42678	22.13875	6.06009	12.87207	16.09483	23.76096	37.49244	21.41423	19.36315	22.31736	13.00601	21.35777	14.37603	20.31311	22.03532	22.99484	25.57439	22.28178	13.01181	25.27516	17.02063	17.88602	29.28267	13.70207	18.82841	17.46413	17.49024	24.31239	21.53825	17.67468	18.94392	14.33035	13.21448	19.7291	4.03195	7.6984	13.64182	21.12177	21.42764	10.9017	8.26539	23.8657	7.47501	10.07933	16.30254	31.03757	21.64187	12.29201	23.30256	11.83962	20.48471	8.54552	30.58965	27.3794	26.16636	38.80272	15.51836	22.13107	13.56465	30.35195	17.92008	12.92125	23.84961	17.0062	13.29244	17.26067	15.15659	21.3565	12.81478	47.68267	17.63575	14.99466	29.15236
GH13_37	NA	NA	NA	NA	NA	NA	NA	NA	NA	0.12582	NA	0.2566	NA	NA	NA	NA	NA	NA	NA	NA	NA	NA	NA	NA	NA	NA	NA	NA	NA	NA	NA	NA	NA	NA	NA	NA	NA	NA	NA	NA	NA	NA	NA	NA	0.15719	NA	NA	0.30048	NA	0.36627	NA	NA	NA	NA	NA	NA	NA	NA	NA	NA	NA	NA	NA	1.47874	0.4481	NA	NA	0.54545	NA	NA	NA	NA	NA	NA	NA	NA	NA	NA	NA
GH13_38	NA	45.16228	43.07573	23.38214	47.78143	52.34134	44.13795	28.45124	25.28405	51.46	70.52632	46.9037	44.68477	57.18205	54.27523	31.24756	18.8772	24.30587	33.12919	36.57006	25.04985	71.38001	25.69341	22.31981	29.94629	16.31499	30.19353	43.06437	32.16473	44.05258	39.93766	36.47926	25.97829	29.29975	31.17818	70.39863	33.44329	18.66943	31.08147	51.80351	108.7757	50.12966	108.61447	6.90852	16.91226	41.69759	31.12643	6.74391	25.35226	19.06728	32.95438	26.58613	23.59567	26.50921	36.88511	14.05703	43.77994	102.07521	40.5573	6.59889	22.26837	79.11218	46.40514	13.21398	44.02611	54.96433	25.39058	50.22578	15.39971	68.44917	26.22759	48.6669	35.86597	32.87822	28.49821	5.33589	72.08092	60.55429	24.26847
GH13_39	0.39144	31.58303	35.75557	50.95875	31.49062	35.65095	58.27185	64.11875	73.36792	35.86026	24.36969	33.68857	52.5755	37.36573	40.83824	35.30582	34.78269	35.26606	30.99182	36.80836	45.64367	27.54639	41.24538	28.70172	26.98976	29.54911	24.70514	31.23127	29.85231	29.69924	30.14537	39.92909	56.86193	45.5701	43.90383	26.54363	45.67908	46.3667	31.83052	39.63809	25.65495	36.53864	31.62125	52.50683	42.74685	34.01283	51.2777	47.45244	48.36001	48.31078	39.35992	39.96172	41.63862	28.40942	26.50637	108.62971	40.56816	21.25955	55.12043	59.04278	31.75824	26.11198	30.03262	50.42298	27.95873	25.13184	52.1862	36.89164	44.48482	25.67645	35.80826	36.08886	39.58293	50.23148	45.54732	57.29007	25.73837	33.97239	45.99994
GH13_4	0.46107	31.58387	33.01727	42.00357	32.64343	25.4684	39.2147	45.14773	71.24734	31.71407	26.29784	19.23359	15.4561	17.28243	20.93961	32.15652	34.32584	40.92547	48.5687	27.78449	26.92434	14.62507	38.99018	42.3243	37.39689	38.76244	40.4115	25.85293	24.98221	19.12634	26.3869	29.03224	30.90824	38.81706	35.20539	15.40107	28.77249	35.70306	31.86684	41.09925	22.31858	36.08254	36.71523	30.49532	28.39445	12.79302	5.36145	34.41997	17.17066	19.8562	18.91537	26.59931	35.32662	34.89882	32.09919	93.62632	38.0148	11.72153	42.16656	43.51867	36.84061	10.70876	16.79844	34.86904	27.90199	22.44742	36.28277	30.60589	29.52493	11.21829	27.46282	29.68435	36.89513	31.96446	43.48895	56.17173	32.11506	28.62467	48.44931
GH13_40	NA	NA	NA	NA	NA	NA	NA	NA	NA	NA	NA	NA	NA	NA	NA	NA	NA	NA	NA	NA	NA	NA	NA	NA	NA	NA	NA	NA	NA	NA	NA	NA	NA	NA	0.03666	NA	NA	NA	NA	NA	NA	NA	NA	NA	NA	NA	NA	NA	NA	NA	NA	NA	NA	NA	NA	NA	NA	NA	NA	NA	NA	NA	NA	NA	NA	NA	NA	NA	NA	NA	NA	NA	NA	0.01992	NA	NA	NA	NA	NA
GH13_41	NA	3.32304	1.44919	0.95706	3.65318	NA	NA	NA	NA	5.92439	8.11162	2.57384	0.50962	0.68862	3.47638	7.2406	1.99971	6.63716	5.73406	6.10672	8.58856	5.4829	12.56542	6.01131	10.54269	11.87324	2.92915	3.86859	16.43984	3.87317	9.81387	0.03205	0.49397	1.30416	1.08586	4.30718	4.46175	3.40042	4.81591	6.10657	2.00385	1.98068	3.47563	14.60921	15.60852	7.06452	2.58935	10.48097	1.55084	2.81569	4.54644	3.02903	1.77663	1.94142	4.26397	3.36557	3.15692	3.70027	11.33001	15.16353	17.2472	20.20818	6.37305	9.05287	5.64726	8.55371	3.34006	7.26637	4.52399	3.42441	6.85544	11.44342	4.55538	8.61076	1.78866	25.22801	9.24767	4.60162	10.11612
GH13_42	0.91617	10.01513	24.12584	40.85581	15.71441	19.61722	31.38633	57.60793	6.68353	89.57259	150.75247	119.25801	157.57222	152.25047	140.78919	21.04184	14.9164	16.89117	13.0401	11.20073	17.54848	14.92278	15.70237	0.08487	NA	NA	0.21114	11.29158	13.45745	12.271	10.06544	34.10164	29.70614	47.84729	39.81626	40.34781	27.82871	29.26498	10.45623	10.38699	1.5349	0.78935	11.65345	13.52136	14.60543	7.70787	6.94553	42.06532	5.97182	9.18049	19.29595	33.51117	12.34829	9.42034	4.99777	5.522	20.54054	11.36093	37.3104	23.16461	12.91799	177.0159	46.45511	26.48344	22.9093	46.68411	39.02941	26.58812	3.92941	30.00921	6.173	96.8688	52.54343	33.75972	27.9662	43.92074	39.456	29.28324	17.77099
GH13_5	NA	13.39643	21.12766	17.65877	14.15184	9.48027	10.8985	12.44498	12.36666	7.41898	10.44059	21.66647	11.69266	8.22191	18.74417	13.68901	18.81696	17.46241	15.13434	26.88351	24.01085	13.36455	15.09131	19.9838	26.33531	13.21437	21.1306	13.27653	16.93833	12.85945	12.64758	23.63428	12.64629	13.69363	13.4708	4.68505	17.98608	20.63138	22.55544	23.29893	7.47801	22.26375	12.81251	40.99266	16.33384	26.51723	26.12177	17.40789	29.44941	19.60205	18.2924	24.96711	22.9249	36.05845	42.86859	12.46505	13.10739	14.94178	10.97405	19.82827	15.84217	11.26737	36.2514	17.67169	35.63709	21.05802	39.00537	24.096	40.22249	22.42796	37.83043	24.18061	25.16702	15.29759	17.71761	19.4994	14.47135	9.71043	21.29319
GH13_6	NA	27.59815	13.26265	4.14885	30.47939	0.26121	NA	NA	NA	25.38058	40.11792	28.34261	32.68978	39.37734	40.72133	NA	NA	NA	NA	3.35521	4.01215	18.35662	5.04868	NA	0.4313	NA	NA	NA	0.20808	0.22315	0.15077	0.03947	NA	NA	NA	82.68317	21.46776	18.00133	12.54765	27.18766	81.03479	34.90983	77.14776	2.27586	4.20976	11.26824	5.56088	3.55546	8.18648	8.84157	34.57669	NA	NA	0.05744	NA	7.15778	7.06769	22.93876	11.36732	3.97974	3.16639	59.28668	14.11912	8.80462	32.08802	54.72517	6.86783	32.25306	4.49181	37.02691	1.05312	32.97516	18.72042	19.67249	9.88311	1.92577	59.89447	51.11283	12.93305
GH13_8	0.64759	41.82307	38.24472	25.87658	37.63169	30.3514	33.6044	18.36226	19.37761	43.4753	63.42828	42.52684	44.37505	55.57828	48.73273	28.16765	22.9469	27.3387	29.42772	38.10629	30.11469	82.9686	33.27115	20.90669	32.25506	16.58753	27.28232	39.73903	32.91137	47.24494	39.7031	33.96258	23.27196	28.10979	23.39176	56.63362	36.36454	21.61631	40.49072	42.28272	92.56882	54.96578	84.03166	11.27775	18.50801	55.66125	45.43256	11.47665	34.75703	30.03127	37.64366	29.21321	23.95119	32.0361	42.74336	26.80438	48.57161	102.62033	37.92693	14.03554	26.20627	66.63976	49.26984	13.98021	46.68008	49.3164	27.75799	57.02683	29.27721	73.35599	44.20939	53.59555	40.53981	33.77536	27.82936	5.19756	69.20552	64.71145	25.52616
GH13_9	4.98298	155.7482	177.15064	179.37014	158.84868	126.43888	168.92744	183.99292	179.88407	100.07839	121.08036	153.02206	177.73393	153.14644	157.55452	182.14739	191.52128	187.73084	174.62481	168.96616	200.89621	115.72689	187.31713	191.26753	159.68692	202.4239	183.68212	147.30955	161.45754	117.34715	138.69949	185.28162	193.18461	193.48273	196.0851	108.99672	176.69452	216.30501	169.18293	167.2638	75.63381	146.32035	105.73679	197.11619	187.34418	125.11942	98.358	200.62239	148.185	158.24181	172.1035	175.2183	191.20268	177.54175	149.77539	212.09716	154.60006	69.45328	180.98015	209.33627	152.02676	91.02702	122.3775	201.28789	139.28262	138.15818	195.26617	137.37218	180.49922	107.74167	146.29904	130.26304	180.71106	189.94348	173.33305	221.75547	135.09027	112.69521	185.04589
GH14	NA	0.60407	0.17568	0.92982	NA	3.4553	0.68865	0.67527	0.39511	4.11287	8.19669	5.25997	5.29045	6.34558	4.54774	NA	0.50346	0.68312	0.65393	1.09288	0.39602	0.55509	0.54763	NA	NA	NA	NA	2.72865	0.92975	NA	0.39291	0.61619	0.36796	0.93507	0.40591	NA	1.55022	NA	NA	5.00678	10.52939	4.54148	10.43957	NA	0.68796	4.06467	0.44066	0.91315	0.99175	2.62173	6.89511	0.59682	0.4194	1.39369	5.64312	NA	NA	0.10598	NA	0.60186	0.80136	8.71795	1.69896	1.53227	5.51175	8.08405	1.55014	10.04055	0.75352	8.93425	1.61732	2.87774	1.30411	0.84804	0.45671	NA	0.68849	0.94293	NA
GH140	1.17609	65.95729	69.186	77.14249	56.45701	107.48887	61.63286	60.56663	84.52711	32.50201	29.83867	40.67382	38.20237	37.60282	36.79617	59.11758	64.65754	59.97526	66.12115	52.62249	46.45849	94.34025	57.13683	80.86698	106.42906	61.49144	91.82973	115.73494	86.32618	115.17659	125.65153	72.61885	75.11817	85.44	78.41802	14.80672	30.78323	30.34232	32.01678	46.77373	61.6171	58.14583	30.35511	36.34015	39.08427	92.78182	43.0622	15.86756	44.82664	31.35847	34.892	89.3179	76.53002	90.81324	79.91659	30.01627	52.08289	102.7165	56.32919	24.17049	64.51961	114.73292	97.10585	31.53778	43.60679	36.83015	45.95246	74.28907	48.05187	102.97236	68.02275	48.7987	47.62916	42.63074	50.18552	29.37434	35.42214	48.59973	61.92781
GH141	NA	15.5098	15.70304	15.61008	11.67725	36.6563	18.20838	16.17446	16.13526	9.91862	10.2188	9.39691	11.6089	11.05828	7.42291	7.59909	12.74373	12.36464	12.8363	18.55917	14.54204	54.43565	17.15011	17.61578	23.5186	12.25376	21.76278	28.70399	21.67302	28.00395	31.16275	16.62111	12.45611	21.59332	17.31691	2.71365	6.09673	2.23861	4.87737	9.05006	14.3583	11.81127	6.24768	2.91387	8.54837	22.09026	8.66792	2.21707	8.71803	6.35969	7.71808	22.88774	15.46964	26.4356	23.15489	15.62443	21.36573	52.10907	27.12334	3.64514	16.42852	65.78467	33.80302	2.24643	9.70584	4.07909	10.86719	8.7618	2.30718	13.18291	11.33715	10.87697	15.15918	12.0291	11.57991	2.38698	4.31386	4.73072	5.35612
GH142	NA	9.73997	12.72845	12.78158	8.44114	34.28125	19.71786	17.06313	14.85566	8.98933	6.68518	8.29187	9.14738	8.98741	6.22977	5.00521	10.0524	8.5672	12.7673	9.23688	9.44004	32.4671	10.70826	13.71731	17.37278	12.75899	20.77571	21.32575	14.37088	23.05537	23.06081	12.68342	9.41891	14.04783	13.56361	0.56802	5.90053	2.51429	4.30629	7.33215	12.14399	11.09982	5.72638	1.7247	7.80819	23.44757	8.05023	1.78002	7.68899	5.51663	5.95495	14.40647	14.34028	16.45681	16.87046	6.75165	14.69617	34.95514	14.90168	2.86734	14.60259	61.99719	26.84511	6.68515	19.12108	16.92627	11.62459	31.86816	6.60576	46.91453	11.76345	10.82873	13.06847	7.71361	8.24875	0.75455	3.09244	5.96491	4.62189
GH143	0.01573	13.65456	14.42734	13.45834	13.38968	27.50059	16.0708	14.85416	9.94989	7.31945	4.68936	7.66144	9.15772	7.02287	6.26129	4.64088	8.61453	6.85027	6.44549	12.63171	8.707	28.33776	10.57467	15.50948	18.03353	11.50363	17.22174	18.08366	13.39395	21.88294	22.16051	12.72053	12.56816	15.01846	14.43008	2.39571	3.69751	2.94088	3.89561	10.63023	12.34643	11.8101	5.83156	1.79316	6.11771	20.37382	8.32008	1.35318	8.44421	3.93599	8.79423	15.42603	9.29452	15.01305	14.70816	12.5653	12.16622	26.85411	14.21513	2.89265	11.71843	59.75723	24.71932	4.82387	15.85592	15.059	6.90208	22.66422	7.19118	38.60306	9.50519	13.31011	14.34308	10.1159	7.75998	NA	3.80804	2.8242	3.3675
GH144	0.61004	39.90526	64.83096	45.57713	33.98597	100.36083	110.66424	50.65552	56.01857	24.23199	22.02215	29.80917	25.08008	22.61998	24.65379	26.20269	26.53219	27.06051	25.08509	30.1583	23.13195	27.52595	22.19428	37.81385	57.94791	26.48543	46.94428	142.34079	112.18403	160.21303	146.56011	86.06053	56.35717	55.02412	53.20757	5.35348	17.94398	10.03977	23.46113	26.95808	19.86324	24.0955	16.1077	22.96273	23.88699	35.43263	54.93715	8.78661	30.30077	19.22125	18.99251	39.18724	33.44774	51.96823	67.82901	5.92189	32.40264	38.20733	21.48422	5.14769	20.36276	11.17996	37.69433	16.96494	38.10778	15.3251	61.04504	18.87931	12.79564	42.09665	28.17918	54.86908	56.67387	35.93867	47.74023	10.20554	16.21911	27.20419	20.08443
GH145	NA	17.86844	27.25056	25.61744	15.95179	35.29257	26.95368	14.11614	23.05806	17.86608	16.92724	9.04478	9.94334	7.11079	5.21919	17.56339	20.51428	19.43179	21.21812	19.57736	11.83769	23.94061	9.54061	22.50263	29.81031	18.84556	29.63264	48.29368	41.17514	57.3825	58.42962	28.14108	17.54541	29.26406	26.3029	3.00599	7.77243	2.46107	8.08385	21.08147	21.98678	16.91315	8.02291	5.84866	12.69349	24.55292	14.19314	2.06835	11.45517	6.50653	3.27894	28.04346	18.94151	30.30559	36.74118	3.03545	12.77702	32.3795	9.60866	2.99179	14.54102	6.39123	19.7263	4.55399	10.33682	5.62243	16.23487	6.18237	3.23588	17.12168	30.33918	12.86555	15.09604	12.75122	9.95569	2.40312	3.85413	6.65819	7.56564
GH146	0.19572	42.35254	44.94623	49.42028	35.95195	57.49915	34.71633	30.71582	37.91106	73.66574	110.2291	86.66509	91.12774	116.66714	109.76145	38.87296	44.17208	44.56394	49.25	40.80193	28.28454	42.97847	27.62345	50.06682	76.90972	38.42389	65.22729	114.03194	82.05641	132.98863	133.15587	78.23638	60.02055	98.06784	87.3803	65.14117	36.14574	26.64781	38.21525	48.76962	88.85333	56.16487	65.93073	16.93399	35.82312	76.8568	45.91691	12.14023	24.38103	21.29002	35.85402	84.68359	64.8149	78.31992	84.92313	13.08352	19.10915	47.55674	21.65474	16.14603	38.31189	73.37969	59.3265	18.76061	46.96384	51.14193	46.96028	72.15214	30.50587	109.8676	66.37082	96.86136	84.37977	89.6209	62.18612	9.79753	37.22881	49.0517	24.17695
GH147	NA	5.03568	5.27358	5.09869	4.41084	14.98202	6.96991	3.80005	1.5041	4.44543	2.8998	7.48111	6.39495	4.28242	5.42748	7.7463	7.81179	8.3445	10.14234	6.19323	3.58939	5.60834	4.68066	6.5962	10.19942	3.98288	8.63513	13.82889	10.2518	34.5184	19.91496	19.73186	16.65523	16.6838	15.87495	3.18579	7.32003	1.84266	7.7384	4.92563	4.34772	4.66433	3.35476	3.33631	6.7551	11.15813	7.51602	NA	3.42071	3.24693	1.78385	19.68926	9.77609	16.89325	21.7098	NA	3.2073	3.69038	1.54087	0.65144	5.0623	1.58547	5.9679	2.76561	8.15523	4.15873	4.95024	3.7229	4.65293	5.77153	14.16852	6.38505	7.57367	6.60481	5.98218	1.0935	3.33824	5.17346	4.76944
GH148	NA	5.37276	8.43827	4.985	4.57957	2.23444	2.80992	4.80004	4.87182	1.89025	2.1988	5.46708	4.56958	3.97885	11.13169	6.00335	5.59437	9.8367	6.02789	3.60618	3.8376	6.45923	6.1285	3.24292	4.10324	8.52146	2.08753	11.62793	18.20546	18.45932	15.96239	7.68374	9.67154	9.63638	7.96461	1.48977	2.30039	4.10449	5.68206	4.37979	1.06699	1.06927	0.3675	1.31786	1.29899	3.57774	2.37829	11.91352	4.93541	10.70023	3.66647	2.11622	2.96539	3.86999	2.64923	0.82875	0.71136	0.17306	2.0572	3.65252	1.46974	NA	5.15137	2.09237	2.28958	2.74105	2.56363	3.83222	6.39004	9.40994	4.33361	0.49067	0.83052	1.45847	1.59922	1.30441	2.02531	1.98471	0.61537
GH149	NA	NA	NA	NA	NA	NA	NA	NA	NA	NA	NA	NA	NA	NA	NA	NA	NA	NA	NA	NA	NA	NA	NA	NA	NA	NA	NA	0.07088	NA	NA	NA	NA	NA	NA	NA	NA	NA	NA	0.17243	NA	NA	NA	NA	0.47113	0.34612	0.49373	0.37281	NA	0.13007	NA	NA	NA	NA	NA	NA	NA	NA	NA	NA	NA	NA	NA	NA	NA	NA	NA	NA	NA	NA	NA	NA	NA	NA	NA	NA	NA	NA	NA	NA
GH15	NA	24.14179	31.56422	28.13831	20.39431	62.07893	27.11629	32.59546	37.47834	19.75215	17.18509	26.60779	23.84533	14.29056	20.10011	15.59867	25.39868	15.19887	21.72342	27.35731	24.14748	30.82869	14.77187	30.62031	42.52856	25.5989	40.41946	54.12513	48.50253	51.10131	54.51892	41.12497	26.86943	32.96031	32.54715	3.34351	10.46034	5.83257	20.69197	17.48816	26.74662	20.16115	9.03959	13.65905	19.71454	44.62568	60.65304	10.2399	46.13278	32.89975	21.50442	42.31803	35.46737	43.29855	49.50999	2.64211	11.60582	22.51187	6.62924	10.49914	27.43567	16.26042	53.64773	3.48484	14.0255	6.60203	17.48432	19.72219	20.41554	24.99216	30.39019	23.78808	23.07944	18.18682	29.35638	8.0359	8.68153	6.12479	10.26887
GH150	NA	0.03627	0.13591	0.39236	NA	0.32359	0.35978	0.37919	0.11159	0.16575	0.05725	NA	NA	NA	0.1222	0.28606	0.63664	0.03182	0.18325	0.05104	0.05549	0.02586	0.0384	0.07497	0.2231	0.33401	0.09681	0.4469	NA	NA	NA	NA	NA	NA	NA	NA	0.43547	0.05919	0.08376	NA	NA	NA	NA	NA	NA	0.02973	NA	0.19792	0.54775	1.10402	0.4873	4.65005	5.63824	5.5186	5.72044	NA	0.11946	NA	0.04738	NA	NA	NA	0.07707	NA	NA	NA	NA	0.17281	NA	0.10517	0.21341	0.47889	0.61729	0.54974	0.1269	NA	NA	NA	NA
GH151	NA	2.69836	3.94791	3.24425	2.41652	4.15269	8.48243	19.46473	12.22253	6.32433	1.77778	17.37048	18.58903	15.60835	4.11992	4.03648	4.58586	6.08934	2.00199	3.48725	6.42608	3.06877	3.86765	0.87553	0.50515	3.80441	0.66252	9.27956	14.52979	9.38528	7.012	2.92207	4.95008	3.37877	1.01367	2.27772	1.57876	3.39129	4.02807	4.86709	0.49055	2.82926	1.67521	2.45248	1.82634	3.96904	0.89756	1.34437	9.48737	7.73326	2.27619	4.71841	5.20111	2.15687	2.27798	16.41376	1.8548	1.78573	3.82483	4.09992	2.69452	1.68484	4.36784	13.13261	9.67416	7.91646	5.29277	4.42282	8.99581	10.67673	9.17893	1.93283	0.88675	3.14035	2.37353	10.04163	1.5678	2.5417	3.98732
GH153	NA	0.19348	0.08143	NA	0.18386	0.29199	NA	NA	NA	NA	NA	0.22807	0.1334	NA	NA	NA	NA	NA	NA	NA	0.38753	0.09234	0.40273	NA	NA	NA	NA	0.24702	0.54386	NA	0.48958	0.28649	0.8072	NA	0.40336	0.15277	NA	0.55064	0.25516	NA	0.09297	0.07478	0.27203	NA	0.144	2.16248	NA	NA	0.2293	0.99031	NA	0.64836	NA	0.20505	0.1392	NA	NA	0.04809	NA	0.30974	NA	0.11023	0.20876	0.11924	0.88517	0.65357	0.21191	NA	2.22791	0.6088	1.60754	0.26062	0.40529	0.69418	0.48322	NA	0.55223	0.4549	NA
GH154	0.15119	136.62785	127.7213	93.93813	148.5488	127.43049	87.18522	67.00758	41.42238	57.68134	51.70135	51.27091	49.86456	44.98855	38.58137	95.48202	86.04571	91.10108	92.87936	69.83348	55.69354	71.81575	41.24829	100.68621	117.36775	75.27136	110.60185	132.89169	107.55924	178.8697	137.65868	132.35623	115.00308	131.97568	139.31266	218.14576	93.8338	77.84147	75.97388	58.11584	63.13705	63.97588	53.74147	43.07767	45.32148	91.42899	59.65213	24.42953	43.55106	25.50416	31.06888	85.08411	77.61577	98.00887	124.23328	18.24367	44.73216	59.99251	25.99715	27.65815	64.79601	23.5642	85.16613	44.34507	107.85974	124.88899	74.51173	47.63914	44.50352	68.06378	101.31478	87.34873	88.2381	86.14233	71.35635	32.19267	137.33428	136.50865	69.44273
GH156	NA	0.67674	1.14249	2.03495	0.35107	2.10173	1.13293	0.44687	1.30355	0.53674	1.10561	0.74886	0.46012	1.75153	1.87315	0.46401	0.73961	1.07663	0.87117	0.74382	0.77816	0.37676	0.64292	0.45577	1.34739	0.86134	0.6818	1.41522	1.27787	1.05028	1.40945	0.89646	0.83949	0.73188	1.42316	0.068	1.51087	0.59566	0.45637	0.50688	1.40958	2.09175	0.78613	NA	0.66615	1.71524	4.41142	0.91447	1.21244	2.66061	0.88188	1.86962	1.34712	2.77896	1.40991	0.39137	2.18547	1.65013	1.19516	0.66146	1.67828	0.76093	2.02289	0.2053	1.70352	0.34735	0.8591	2.66444	0.55157	2.77757	0.65649	0.96485	1.61444	1.91398	2.42978	NA	0.72996	2.13698	1.63436
GH157	NA	NA	NA	NA	NA	NA	NA	NA	NA	NA	NA	NA	NA	NA	NA	NA	NA	NA	NA	NA	NA	NA	NA	NA	NA	NA	NA	2.38957	1.22132	6.14799	1.40488	NA	0.02935	NA	NA	NA	NA	NA	NA	NA	NA	NA	NA	NA	NA	NA	NA	NA	NA	NA	NA	0.9978	0.35127	1.02827	0.55088	NA	NA	NA	NA	NA	NA	NA	NA	NA	NA	NA	NA	NA	NA	NA	NA	NA	NA	NA	NA	NA	NA	NA	NA
GH158	NA	3.42169	7.70194	3.80004	1.39249	6.48085	11.67834	6.93769	3.29188	0.7516	0.80769	3.38407	1.15522	1.96148	2.58604	1.96261	1.68669	0.63598	1.91659	1.68019	0.33548	1.381	0.63206	0.75543	0.44964	1.8512	0.97552	15.47892	9.62338	13.72308	10.79911	0.1741	NA	NA	NA	0.28007	1.06505	0.34793	6.6256	0.83269	3.37024	1.81184	1.23982	0.84108	1.09552	1.5995	11.74236	NA	3.38257	0.55626	NA	4.06667	4.06216	5.65044	12.38208	NA	0.7223	0.28431	NA	0.51185	1.59021	0.51964	2.50188	1.81398	2.26504	1.99197	5.39257	3.94914	NA	3.46524	3.20186	1.96859	0.70872	0.49967	NA	NA	0.45364	0.67484	1.1266
GH159	NA	2.01241	3.72952	3.70949	1.79279	4.44401	3.58642	8.70419	8.32744	0.94701	0.99036	7.10886	4.2017	3.27243	5.90872	6.70042	8.02954	3.7783	5.73197	1.75333	3.60531	0.88053	4.63984	9.36536	9.34216	8.85745	10.5374	11.74078	7.12208	16.12637	5.94191	5.63618	5.99219	5.97657	7.48658	1.35718	2.39927	3.1495	1.80779	1.22547	2.40791	7.75061	3.1873	12.12729	6.5305	9.16806	3.02294	2.19475	3.62719	2.73058	2.40878	5.91991	6.82236	3.95048	3.66817	0.88875	4.92901	1.54918	2.87788	0.76555	3.82058	0.69553	3.90059	2.65017	6.88259	4.32056	9.85165	2.81512	2.42706	2.69872	5.40869	1.37522	3.45782	4.21007	4.12662	1.01151	1.1895	4.86102	3.49974
GH16	0.24576	279.17167	304.34368	284.77523	253.66985	269.35768	281.12137	242.18662	354.74606	301.36695	337.7011	256.31877	211.03251	286.90097	312.66055	229.82915	235.71514	198.22491	287.61875	263.20107	271.38127	236.70727	225.79842	301.40189	280.68923	242.18725	271.17284	327.14476	258.96922	378.51718	323.24104	210.55944	149.23618	248.82174	207.01412	439.10451	307.60428	280.17604	304.7507	339.76046	394.29167	311.33879	413.83267	140.62309	135.87598	266.14255	326.50793	179.04443	223.33846	180.16237	209.36945	269.35943	206.43315	319.08071	341.00441	217.20219	354.06923	278.45665	305.99728	232.18579	214.5468	500.30672	390.27318	104.35714	231.80302	247.67254	173.24473	370.22052	238.01189	408.21896	439.42991	251.34626	296.38997	233.19287	220.95897	228.8424	247.33415	242.41638	297.55351
GH161	NA	10.00227	12.34718	15.84237	10.77954	5.09281	5.53707	8.07363	3.88848	12.6365	15.47901	8.73791	8.46596	7.51449	7.103	12.22392	15.18963	17.57535	13.06222	23.65354	23.62329	15.96224	17.07178	9.6553	13.87662	10.565	11.69147	9.94706	18.49586	9.83225	11.57583	8.62635	10.46611	9.30922	11.07938	7.66134	16.43439	15.50467	20.22457	29.0976	6.7691	27.93423	13.85912	30.04906	15.46055	9.53158	20.44034	23.13318	13.06722	16.64365	8.02915	10.14346	7.99094	8.92686	12.72885	9.08681	9.67087	4.735	19.4494	49.66777	19.08091	11.927	11.4981	13.59133	11.41324	12.57818	9.9666	7.10261	11.72131	9.69027	11.63019	20.88435	25.42055	23.63374	12.47219	34.6732	12.30467	14.41934	22.13983
GH163	0.13367	10.17475	11.72652	8.32182	8.66118	13.69272	7.61259	5.56785	2.11865	3.31824	2.58175	3.8035	3.48457	4.17681	6.23398	14.07045	8.50061	7.87115	16.53167	9.31954	4.96415	8.04103	4.88163	7.02896	8.67102	2.26258	8.91974	20.34544	16.69411	33.89972	23.57521	9.72781	10.90459	8.98329	8.20055	5.4144	8.43754	3.35774	9.45904	3.38886	4.33382	5.1145	3.14098	2.0674	4.37019	6.94194	4.07916	1.76977	4.93238	8.6762	4.02257	14.99312	10.32386	16.45223	17.46923	3.03077	10.91127	23.17075	9.35665	0.95092	5.31203	2.27087	5.37537	3.73279	9.87346	7.34657	6.34854	5.17583	4.2655	13.59622	8.99673	9.78291	7.90691	5.18031	4.55855	1.2721	7.50938	9.10792	8.53242
GH164	NA	0.6171	0.79398	0.99711	0.5071	1.0581	0.52649	0.77503	0.07835	0.13804	0.15825	0.3299	0.07196	0.46015	NA	1.06041	1.27471	1.23964	0.6365	0.21503	NA	0.07142	0.15068	1.73741	1.11321	1.40065	2.27522	0.62066	0.66353	0.67308	0.54378	1.78197	2.00559	1.0242	1.21525	0.16499	0.87525	0.09604	1.85744	1.54375	0.34349	0.87339	1.45186	0.52058	1.33733	1.02708	2.00463	0.13708	0.35686	0.34851	NA	2.9408	1.06854	2.25218	1.63823	NA	NA	0.04123	NA	NA	0.25028	0.06474	0.10822	1.20037	2.31151	0.51352	0.77479	0.83611	3.79054	1.11352	0.718	1.37959	1.84649	1.91231	2.14947	NA	0.14612	0.2418	0.23604
GH165	NA	11.22482	10.80628	8.99185	9.40974	47.13928	28.26116	28.49812	14.30635	2.74203	0.75	3.69301	3.91265	3.99722	3.60199	7.52728	7.19844	7.07328	8.15776	4.91562	2.28231	6.48542	3.71425	15.71066	25.50767	16.38369	25.76451	3.51919	2.43078	2.7681	2.42138	20.20912	30.36538	27.43528	35.28658	1.10881	2.05776	1.16309	1.66942	6.53005	9.85441	7.6884	2.91208	3.60199	8.41904	14.04539	5.84686	1.88268	5.12083	3.23778	2.15073	3.36883	4.12282	5.7235	5.13898	0.34633	1.85011	3.21662	0.97261	2.18828	12.4165	4.72618	13.252	5.26639	11.75439	4.99361	8.42691	1.54872	1.81894	5.1198	7.08292	66.94599	31.7959	18.29324	14.97956	0.22403	3.17441	3.51517	4.19495
GH166	NA	15.24034	19.20495	16.52456	13.50469	9.72284	13.81631	3.92413	6.50014	19.49034	10.37355	13.76083	18.93074	12.54566	11.58617	6.05382	4.87105	17.3018	6.00325	9.02318	9.38205	16.27779	12.61026	34.13596	9.8911	29.61999	28.64932	12.1685	9.02153	10.89664	16.87121	11.85561	21.68438	18.06546	14.30214	10.71336	16.5097	5.61115	9.0187	7.23341	3.02351	10.73009	4.81869	21.25806	12.52801	4.0397	3.82564	11.58606	8.83134	6.76148	8.96512	22.22856	24.57619	10.46376	23.52382	14.88803	20.41135	4.30817	23.60411	10.54006	15.17928	8.65461	7.62766	12.2596	7.37362	22.10318	4.01369	15.10829	19.63948	16.06772	8.56292	14.18119	13.48529	19.27794	12.04721	25.13336	10.45886	13.3806	19.08426
GH167	0.02591	0.0782	0.63171	0.16497	0.45064	0.51589	0.29867	0.27113	0.14173	0.96551	0.28987	0.16983	0.13427	1.33708	1.87636	1.28327	2.30576	2.57682	1.00996	1.35595	0.48423	2.12334	0.60291	0.22348	0.66012	0.18308	0.18019	1.8507	1.30976	2.29475	1.46673	0.42791	0.47678	0.61362	0.27722	0.14888	1.64377	0.44391	2.20917	NA	0.0352	NA	NA	1.28048	0.12883	1.05712	3.22705	0.88738	2.14799	4.69859	1.85833	5.13527	4.38558	4.00213	4.30889	NA	0.15279	0.20493	0.06059	0.10476	0.14416	0.05503	0.87571	NA	NA	0.0886	NA	0.79934	0.49485	0.83281	1.0297	0.48661	1.32049	1.24745	0.6447	1.48227	0.4801	0.86301	1.1222
GH16_12	NA	1.24146	2.58097	1.38917	0.98673	NA	NA	NA	NA	NA	NA	NA	NA	NA	NA	NA	NA	NA	NA	NA	NA	NA	NA	NA	NA	NA	NA	NA	NA	NA	NA	NA	NA	NA	NA	NA	NA	NA	NA	NA	NA	NA	NA	NA	NA	NA	NA	NA	NA	NA	NA	NA	NA	NA	NA	NA	NA	NA	NA	NA	NA	NA	NA	NA	NA	NA	NA	NA	NA	NA	NA	NA	NA	NA	NA	NA	NA	NA	NA
GH16_14	NA	0.68977	1.64468	0.82902	0.58885	NA	NA	NA	NA	NA	NA	0.96266	1.02938	0.84607	0.52122	NA	NA	NA	NA	NA	NA	NA	NA	NA	NA	NA	NA	NA	NA	NA	NA	0.47151	0.14648	1.11588	0.24239	NA	NA	NA	NA	NA	NA	NA	NA	NA	NA	NA	NA	NA	NA	NA	NA	NA	0.12465	NA	NA	NA	NA	NA	NA	NA	NA	NA	NA	NA	NA	NA	NA	1.10558	1.06019	2.44653	1.21362	NA	NA	NA	NA	NA	NA	NA	NA
GH16_16	NA	0.88907	2.32303	1.18358	1.29398	NA	NA	NA	NA	NA	NA	NA	NA	NA	NA	NA	NA	NA	NA	NA	NA	NA	NA	NA	NA	NA	NA	NA	NA	NA	NA	NA	NA	NA	NA	NA	NA	NA	NA	NA	NA	NA	NA	NA	NA	NA	NA	NA	NA	NA	NA	NA	NA	NA	NA	NA	NA	NA	NA	NA	NA	NA	NA	NA	NA	NA	NA	NA	NA	NA	NA	NA	NA	NA	NA	NA	NA	NA	NA
GH16_17	NA	0.04453	0.09536	0.26387	0.53773	0.28642	0.24804	0.25436	NA	0.36677	0.30406	NA	NA	NA	NA	0.2831	1.01076	NA	NA	NA	NA	NA	0.07748	0.13479	0.39908	NA	NA	0.90771	NA	NA	0.19797	NA	NA	NA	NA	NA	0.68058	0.10478	0.44948	NA	NA	NA	NA	NA	NA	NA	NA	NA	1.04894	2.11592	1.15923	4.1879	5.99034	5.32082	4.10214	NA	0.43996	0.05992	NA	NA	0.19954	NA	NA	NA	NA	NA	NA	0.10197	NA	0.06251	NA	0.34443	0.92483	1.467	0.68096	NA	NA	NA	NA
GH16_21	0.51601	5.53338	7.74033	16.01322	7.28977	13.10202	21.75146	24.16525	45.81793	3.38796	3.49459	5.62828	9.04635	12.8272	19.40299	10.17659	10.64032	7.0086	2.0307	24.16692	13.42191	5.73124	11.34555	16.41226	13.37667	12.99453	12.77101	11.50745	4.2798	3.85448	4.48694	13.41962	4.23075	12.89078	10.32431	2.20048	12.46131	10.3565	7.26304	10.10873	10.58612	15.15534	10.71119	3.5131	7.97425	4.80365	1.79664	7.46706	3.7381	3.89093	10.35388	10.04398	12.54244	5.5691	9.45616	0.84294	16.67855	1.24492	6.33403	1.56445	4.83581	2.06525	7.13204	0.90098	1.72802	2.97295	4.06025	10.13531	6.39542	8.07493	6.53	7.94537	14.37593	11.77727	12.12274	NA	7.3331	12.45037	7.8442
GH16_24	NA	8.32629	6.73305	10.38513	8.70957	1.5904	0.32631	1.02916	0.88209	1.01042	1.10294	0.32043	0.27074	0.39124	NA	1.96631	1.51784	2.47789	3.89936	0.20208	0.6587	0.10133	0.38044	4.53221	5.9863	2.41452	3.79935	1.92268	2.47888	0.25784	0.64242	0.39004	0.60882	0.72594	0.79194	NA	1.11553	0.46612	0.33198	1.80019	0.76066	1.29817	0.27636	1.27157	1.8216	1.27786	2.97297	1.52513	1.46109	1.67054	NA	NA	NA	0.15087	0.14099	NA	NA	1.64846	0.56229	NA	1.11797	0.62505	0.91705	0.238	0.74394	0.56079	1.85211	0.22194	0.39335	1.38286	11.59863	0.74171	0.77652	1.10424	1.74047	5.96708	4.11796	3.58226	4.47387
GH16_3	NA	56.77071	58.89053	37.74181	51.89008	33.05934	31.24499	21.32216	19.20917	47.37286	70.92169	49.24861	50.43878	61.92426	56.45508	29.66305	33.38101	40.13989	45.93969	35.37625	38.38373	51.10038	32.56564	50.10872	50.65381	47.22382	56.98133	74.97768	59.66162	85.9734	74.242	41.69195	31.32261	45.13855	44.12286	134.73245	64.97583	42.51803	49.77428	42.79762	81.82663	48.3001	69.99133	20.54667	22.11322	63.28902	56.99795	17.23725	40.77514	28.07211	21.56937	44.03228	25.08645	55.03948	60.00717	25.86171	45.2579	44.8417	48.50639	35.04724	34.78929	62.35936	47.8793	22.52434	50.86428	52.92963	33.56041	48.16652	28.89772	63.05494	77.40094	63.14664	57.56229	46.92598	41.10613	23.84396	62.76404	44.35246	41.20252
GH16_6	NA	2.81656	2.74047	2.24916	1.50297	2.56224	5.86793	3.79785	10.63228	0.77961	1.2426	0.99078	1.14476	0.30421	1.10976	3.37669	2.3101	4.58063	7.26626	1.87935	2.8746	0.54708	2.74635	1.26422	3.24874	1.82117	1.90096	0.9924	1.97873	4.92833	0.70224	1.98782	3.01557	1.64677	2.07127	0.78306	1.91263	3.96842	3.38335	7.9976	4.25402	3.89774	5.58039	2.93933	0.19065	6.04444	1.11158	NA	NA	NA	NA	1.07765	2.50334	2.30712	2.46294	4.29981	8.05166	1.25073	3.41704	0.51961	1.11863	NA	0.38991	0.11214	0.47305	NA	1.12918	1.82234	5.826	0.87127	2.90191	1.31291	2.31627	1.67368	3.13477	7.54896	5.06527	4.55518	9.72395
GH16_8	NA	NA	NA	NA	NA	0.3091	0.3701	0.22638	0.10659	NA	NA	NA	0.06559	NA	NA	NA	NA	NA	NA	NA	NA	NA	NA	NA	NA	NA	NA	NA	NA	NA	NA	NA	NA	NA	NA	NA	NA	NA	NA	NA	NA	NA	NA	NA	NA	NA	NA	NA	NA	NA	NA	NA	NA	NA	NA	NA	NA	NA	NA	NA	NA	NA	NA	NA	NA	NA	NA	NA	NA	NA	NA	NA	NA	NA	NA	NA	NA	NA	NA
GH17	NA	0.38512	1.13779	0.62541	0.22339	NA	0.13165	1.20233	0.35345	0.04413	0.36585	1.31425	0.87887	2.23392	3.13883	0.20846	0.11212	0.20289	NA	0.64887	2.33591	NA	1.3031	0.59882	0.71162	NA	0.61862	1.21214	0.82475	1.05988	2.2629	0.58584	0.21821	0.26375	0.99903	NA	2.41215	0.56215	NA	0.44872	0.76029	0.17426	0.33451	7.52723	1.48752	1.33307	2.62437	0.63681	0.41442	0.37737	0.52264	NA	NA	NA	NA	NA	0.7595	0.04705	1.20234	1.07605	0.89278	0.12616	0.36558	0.39339	1.72013	0.22596	0.66165	0.96716	0.31414	0.73726	2.06502	NA	1.26795	0.87325	0.40057	NA	0.10203	0.62791	0.71545
GH18	1.53209	224.64006	260.55555	266.55799	185.1435	298.18397	265.47425	263.03572	258.46702	172.03239	155.99081	175.27395	158.95051	163.60808	152.43922	231.80694	212.36111	207.56151	234.85103	198.06867	193.91827	165.49694	182.79462	236.60662	243.2184	203.35828	236.36618	273.21823	281.18132	289.59248	298.42181	230.35153	190.93785	197.96876	182.98602	134.47198	176.17829	143.38303	174.90303	175.99628	146.32742	187.41259	131.77149	185.61659	175.23394	199.2939	214.11387	148.93955	199.33197	209.40068	175.95478	235.34362	215.76791	238.32803	287.61438	227.18186	190.56568	274.88954	217.34214	164.83233	202.67717	136.78586	278.42181	172.00292	193.87732	150.31886	195.74794	215.21728	198.83194	224.77256	194.25955	204.09375	205.00267	182.71483	157.76181	143.31079	131.87608	136.33919	178.78759
GH19	NA	61.2075	33.11171	28.75259	88.03655	NA	NA	NA	NA	1.80612	1.7877	0.6203	0.85458	0.48379	1.84717	NA	NA	0.15605	NA	0.96595	1.1434	1.45754	1.12776	NA	0.37265	NA	1.1138	NA	NA	NA	NA	0.72729	0.59704	0.85581	0.75766	0.51033	NA	2.91954	2.45127	40.50146	85.84779	43.23083	85.84513	0.84828	1.90951	12.09672	14.22563	1.00637	0.59822	1.91274	NA	NA	0.14542	0.37118	NA	NA	0.58063	3.22053	0.71613	NA	NA	2.30577	1.0519	5.17497	15.11856	12.28356	2.41646	4.60296	4.98229	7.02648	4.29753	7.33273	6.59888	10.36824	3.83454	1.16217	1.73971	3.14154	3.34451
GH2	7.75194	1348.65841	1460.19851	1297.43731	1308.19834	1626.91121	1287.87825	1054.36676	1175.78221	1025.2249	1205.95819	1043.22375	1093.51571	1178.99502	1128.32156	1276.83178	1250.00137	1221.47186	1370.33785	1070.37144	921.4187	1160.01551	960.31031	1399.234	1541.79817	1247.13469	1442.40213	1788.78388	1519.68523	1842.33649	1807.86201	1445.35803	1216.51162	1404.28471	1348.65623	1073.16891	1046.1057	907.75934	1026.50176	1123.85423	1471.43976	1216.18857	1175.09842	785.61616	941.60014	1298.96173	1166.54484	701.9796	863.67026	827.83444	901.83813	1370.55578	1295.77054	1390.86974	1666.04074	842.33349	1050.91975	1281.1095	1034.59569	830.19915	1177.66269	1406.1862	1313.40431	867.88063	1267.02505	1329.57254	1132.86741	1243.2006	919.36802	1553.79146	1259.28457	1342.63976	1291.37856	1234.83318	1116.21848	747.19034	1207.72596	1255.78997	1012.86466
GH20	4.40226	558.94976	531.43047	418.96669	556.6334	798.36947	537.08482	368.73981	462.72832	296.57433	324.51725	294.53807	257.57136	320.67684	287.35178	403.43252	388.54605	407.45169	492.60185	307.02407	238.71484	387.26936	240.78927	397.94614	509.68697	283.39368	444.02239	563.28605	480.49966	663.11792	598.37394	471.98457	387.20385	462.16184	470.48297	713.78324	376.95884	254.49842	334.22956	334.58116	578.51881	402.45902	394.53783	206.81364	264.13276	551.52401	631.58111	139.89236	339.64603	275.04496	270.64905	544.60296	435.22752	582.20271	654.72657	165.50073	375.73326	678.65719	372.37323	187.05408	407.25406	429.07131	577.46557	314.36862	487.37759	435.34399	478.61663	314.74787	306.658	479.33605	499.93861	450.69966	388.33976	375.70737	337.58131	126.78299	577.81496	605.63428	352.1394
GH23	18.61244	366.83519	367.54191	336.56029	364.68488	440.66149	476.85863	518.8974	522.80057	420.65131	428.5298	396.30598	369.86611	414.86599	352.41339	377.38498	409.26892	406.35673	410.22117	382.88815	332.7473	448.30065	370.16066	335.50061	347.22731	314.70287	351.32617	355.45271	353.88444	341.15835	344.56229	337.88038	325.92632	381.72163	354.45333	376.19072	359.50498	348.9133	339.25662	408.94069	475.45602	379.58991	447.86715	344.76349	320.9827	363.45388	323.45735	207.99561	252.42519	274.4168	309.73982	394.34681	398.40076	407.5575	397.34175	387.53972	381.81598	433.37517	408.51189	278.87272	310.13507	470.78092	339.73055	347.80078	348.78494	371.53687	347.29121	380.17451	300.18024	375.79613	350.17044	393.99208	324.10483	322.80248	309.75498	257.53162	383.98921	359.13619	294.99951
GH24	0.16902	311.04901	198.4172	130.39721	385.82185	161.99627	143.76619	117.33224	87.72854	76.88326	78.8753	101.18866	103.92502	105.78812	101.6426	103.39344	90.40919	94.04295	105.22208	122.71007	79.98084	202.08084	114.12258	90.8866	102.39416	62.22831	108.26647	147.68964	129.621	141.09691	155.53216	152.20841	112.6003	147.12603	125.7846	96.47225	88.39243	58.84894	100.49049	71.25142	136.12403	81.64824	119.30747	41.28515	57.68802	104.32349	88.6713	69.01019	93.94436	113.83158	171.79787	104.95521	84.78487	91.74852	111.26671	23.03102	68.06926	69.44884	45.91296	45.20684	69.09759	197.57051	102.91044	34.66006	64.42561	97.43536	62.34085	102.32021	56.42981	142.41766	80.88523	179.95607	99.26143	96.5451	79.65704	38.62523	126.67133	136.57131	85.77544
GH25	7292.05824	474.67794	437.79529	417.73286	505.18455	297.76719	321.20472	324.3475	310.59603	411.49092	473.80019	479.73516	483.18096	518.25701	499.97327	374.42322	341.59051	334.08557	354.46445	421.51425	447.36145	445.16613	436.87539	414.15271	343.5896	403.46388	391.48484	309.2328	345.23313	269.92278	341.68978	400.36311	396.07842	379.21577	390.72221	574.37263	448.96848	406.79761	350.17464	402.43986	521.51262	449.73224	549.2301	426.90696	383.18287	328.30319	446.81181	343.90737	374.48496	339.33977	397.68672	327.47189	375.18718	353.93186	356.85559	416.63098	382.15892	476.02205	478.15947	359.71405	360.2525	567.56022	346.98726	538.42458	546.13987	596.92008	457.3493	486.79633	420.79407	486.84516	381.66349	433.60129	443.93144	434.56021	391.37036	483.94531	575.58484	535.73748	495.712
GH26	NA	52.83691	72.41463	49.84321	48.52442	76.46005	96.31346	53.1925	31.66345	121.83579	165.84358	125.18892	139.9278	177.64001	155.97216	72.0828	62.06711	82.09119	49.13921	62.98826	47.62289	56.80279	48.53399	107.29041	103.15351	102.78241	117.01834	108.54585	85.93945	129.52164	99.41917	106.93169	116.60687	87.88832	93.28533	114.71373	86.67361	59.73585	59.72405	147.9088	247.46169	169.75058	240.82338	62.80271	54.14405	73.1234	53.00066	47.43411	60.76563	75.0439	111.54346	87.39797	89.74459	78.62785	112.9395	36.54599	92.71205	120.75501	80.60945	34.42692	45.31396	137.0305	83.71212	60.50855	138.87846	180.98831	65.77254	154.74294	109.13652	234.05416	45.86006	127.08191	110.13148	91.77504	75.57884	41.07538	155.48622	132.63407	96.1975
GH27	0.37129	111.26769	104.67339	106.38961	112.19738	100.30943	106.7727	79.73424	82.18035	53.9165	49.7829	75.53186	78.05165	82.32359	79.15754	107.45013	115.57301	101.18035	101.3216	80.17283	83.25432	77.34972	77.36407	123.14779	102.7676	111.2471	122.28586	111.33697	90.82121	112.32273	116.15914	90.48048	105.54851	99.17378	92.71551	109.89363	79.84124	69.40328	96.63631	57.96565	75.01084	74.06517	51.24039	101.8348	79.61647	106.46122	214.13789	92.37476	87.64556	99.67184	67.00414	140.4014	113.48747	121.83412	139.08804	50.33081	78.04425	135.38173	101.29681	56.95422	69.91135	36.78995	104.31308	115.91662	97.8788	96.80148	110.43329	65.7181	92.52359	94.06362	95.29355	84.96263	91.37205	110.08542	91.25923	57.42032	103.18515	120.42616	86.34651
GH28	3.02385	560.56641	480.17397	418.773	614.02699	625.20919	389.41395	293.89119	379.55728	478.39936	555.37139	459.58082	495.2476	559.11197	520.11328	404.49597	381.04943	417.18819	428.18918	404.60069	288.93523	580.27153	285.39048	424.92132	492.38501	320.39294	409.97554	647.87497	496.7403	704.9227	761.7361	579.43184	473.99541	597.96063	556.31595	453.74693	314.92508	261.13047	273.07768	478.38836	838.32234	578.20484	683.15367	218.29222	318.25733	532.55488	348.14947	226.08927	295.74105	282.75419	418.12782	476.3642	441.98626	458.66123	538.39008	178.66195	343.09976	726.02453	352.18127	154.19448	361.7053	591.94339	487.52581	244.38143	507.16235	587.37799	342.2664	510.47184	229.01492	656.52555	358.82765	526.23083	462.11068	466.57193	369.15205	195.25108	554.24289	468.20833	299.96699
GH29	1.51321	262.91833	270.58537	236.95955	234.12694	423.22274	276.078	239.95317	311.73815	223.97349	230.54282	218.3455	180.06934	214.50831	186.12501	252.30393	236.30622	233.29058	286.00521	312.39692	233.58115	378.78621	224.8866	309.69218	352.33682	237.33513	361.01125	363.94983	273.02393	403.08721	353.62392	306.63929	278.29362	326.21275	318.40453	332.63578	214.13859	157.61115	208.85839	176.40884	291.75642	215.85291	174.57205	164.53034	174.57631	291.77756	276.07867	134.57973	205.82059	158.68002	159.51993	278.58383	246.7953	321.68635	337.08937	100.65255	268.61421	486.04244	251.44807	142.4207	238.93316	138.89731	316.101	168.63831	218.99409	186.79388	246.35176	190.79184	174.30756	272.14568	346.15802	248.01897	245.41119	238.91209	230.14095	120.3445	337.88617	335.05298	222.71823
GH3	33.08781	999.53527	1069.10169	870.61406	972.08192	933.19555	1011.49185	915.06198	837.21329	562.6205	964.29571	736.87989	911.11934	1084.36735	1166.81038	1097.4127	999.03275	930.66286	958.06668	852.75901	812.98088	862.72879	842.10542	1021.62814	1050.12669	1120.90201	1059.48944	1220.1536	1207.56408	1281.28692	1157.06672	1070.61335	949.33097	946.61379	1015.15683	843.24608	761.24419	762.44428	819.17373	795.53338	863.93003	818.93817	812.30575	930.4351	921.45574	883.37434	762.54657	747.78476	629.54639	694.43163	731.01967	858.44928	848.5054	994.84685	999.48413	591.62415	746.4375	776.53682	821.23074	799.86665	765.85509	945.18676	793.57167	655.74705	777.73037	866.91659	730.30407	855.96927	708.79989	974.08289	810.97708	918.67158	832.59362	824.31345	751.85443	754.50356	905.7319	910.79508	827.1758
GH30	0.03444	10.30864	12.18094	14.78662	7.09398	13.5965	17.01409	13.55874	13.98165	5.61974	6.29861	13.84828	13.52684	14.31016	17.90821	13.63816	9.45346	8.41103	7.91739	13.43385	10.70331	11.30759	12.06846	14.11693	18.03963	11.1423	11.99513	12.78572	8.75833	20.1265	13.37812	14.9809	17.91025	10.97407	14.04471	4.04257	5.18143	7.86591	5.84767	7.03488	4.95313	7.21624	2.83467	11.31379	13.26228	12.68741	6.67465	6.81726	11.08066	12.12306	7.61969	18.36832	19.5925	18.86522	25.34863	1.63349	16.78024	8.01725	9.66235	4.99524	13.80996	24.89013	13.26854	8.31708	6.19872	9.23696	12.31764	15.20913	9.22545	11.98251	10.43068	11.71646	13.24361	15.74706	12.08694	8.35959	13.76117	18.87369	10.99805
GH30_1	NA	4.21747	5.81536	3.85178	2.32911	1.46677	5.11351	9.1097	6.21777	2.78428	3.39628	5.3282	4.88892	2.66375	5.71613	2.93043	5.24309	3.05434	3.09033	7.9902	5.52048	4.14696	8.43865	6.35812	6.43502	4.78333	5.38304	5.38865	8.3216	4.01677	3.83917	6.40935	9.37117	4.49586	7.41655	2.90853	5.58722	7.54359	6.26822	2.20118	1.47803	3.348	1.13548	14.28113	10.65316	5.84434	7.5633	15.41063	7.48661	14.02335	4.03493	5.31456	4.48829	5.49385	2.73544	2.34535	4.52761	5.51776	4.5985	15.706	10.33065	2.11413	6.84019	5.39816	2.56697	3.05388	4.44982	6.30965	4.8108	2.17756	3.10762	4.65972	5.36004	7.72875	4.37204	5.87332	3.39214	6.49118	5.4374
GH30_2	NA	40.03099	23.94647	18.42796	43.18175	13.28015	4.61972	3.68682	2.75609	11.66567	8.69672	4.32069	5.04989	4.4679	5.84391	18.74464	28.70792	25.14194	32.63428	20.5907	15.75505	25.71857	13.55447	8.69889	13.62587	6.12724	9.35596	19.48593	13.19732	25.17422	22.94404	19.02384	11.87266	17.78652	15.67331	6.96587	10.57737	15.03743	11.22289	3.8408	5.65684	4.80352	3.77991	2.71205	12.33369	6.68145	8.95417	3.03138	6.2459	6.55949	5.99467	13.96669	12.49346	16.22416	11.59312	12.22064	18.93734	47.2681	22.42243	2.39216	8.22864	3.08255	11.34404	7.64778	8.50064	4.53208	11.4692	4.45498	7.61288	15.03882	12.60579	5.19029	7.44431	5.66929	8.58433	1.70343	9.13099	11.58629	10.04725
GH30_3	0.17016	6.8397	12.27781	11.26857	7.2519	12.38443	13.99613	7.75525	5.1598	1.96242	1.10486	2.58683	1.9221	2.48437	2.9269	14.82088	9.76957	10.30902	13.56111	4.15523	2.41653	3.17314	1.95673	8.09871	14.79972	6.20043	8.38995	20.29782	15.76789	26.13493	17.31144	12.61985	6.37487	5.61721	6.69543	0.66218	2.45299	1.24775	1.53522	2.14949	2.69304	3.2339	0.91267	3.60142	9.35623	10.37779	9.47146	5.22006	11.9041	8.27741	32.18332	11.27292	10.12969	10.21278	17.91704	0.22415	2.89241	2.23086	0.76135	1.07318	3.58727	1.14771	4.03187	5.34922	9.29124	13.20621	6.38589	26.67687	3.86876	33.19389	3.85357	23.12896	16.96537	9.01978	9.50454	0.3239	1.79504	3.46886	1.84541
GH30_4	0.86381	35.88337	43.6657	44.94943	32.89871	40.60546	29.19219	18.43793	26.23237	16.72538	11.00788	14.36564	12.57428	13.68676	11.25881	12.94956	21.04934	22.85292	23.07783	26.93434	15.43694	32.39029	13.09216	44.87631	57.55053	29.24786	50.33822	66.90338	46.00451	78.699	70.86451	26.75932	15.5098	22.49686	17.56708	123.10174	36.93185	24.85312	22.70682	18.74467	25.79538	22.88176	10.26016	5.99731	17.50788	29.30834	24.12183	3.14407	15.17415	10.15315	10.63275	33.40428	29.35036	30.81246	41.78983	2.84325	15.81154	40.75758	11.79347	11.18213	29.68429	97.60332	51.43667	7.79394	25.49379	24.08702	22.43493	25.74992	20.96178	37.77357	25.09557	21.61205	21.27855	20.7821	13.11573	3.00875	70.08238	68.35659	20.45713
GH30_5	NA	2.75638	2.91428	4.39423	2.30245	3.96236	4.70053	7.29795	5.82372	1.19744	2.33255	3.20782	2.97388	2.10222	1.90752	9.34377	11.38926	6.56156	10.35909	3.27736	5.10151	2.00846	2.25125	2.70394	2.24197	4.81782	2.95963	2.94053	4.66481	3.4905	2.72234	5.50346	10.48423	8.16382	9.68843	3.67751	3.38592	4.96441	5.1979	4.35553	2.03832	3.75026	2.91441	6.74734	8.96738	2.55811	1.15865	2.72694	2.43811	3.21172	2.1939	5.19684	6.62076	7.10766	3.81721	4.27587	2.78421	1.96823	2.42568	2.35177	3.32759	0.16453	1.42479	1.13691	1.99493	3.56522	2.09745	3.74081	5.2964	2.47032	2.91806	3.58084	3.99728	5.58635	7.54673	4.3059	3.58324	1.88581	3.49194
GH30_6	NA	5.03388	4.88483	7.68887	5.28572	20.02757	7.72588	4.70216	9.46244	4.09854	2.81927	1.8256	0.99214	1.29038	1.40468	4.11156	4.50349	5.28279	8.12798	4.03603	2.79773	5.64997	2.36547	8.00575	9.01486	5.33362	9.43501	3.9683	3.15475	4.05094	2.11583	9.84494	8.08104	6.16026	5.2058	0.55275	2.09987	0.42594	2.22305	5.26611	6.60699	6.51929	1.70288	0.39234	1.02747	6.04823	2.00049	0.20346	2.49288	2.53293	3.1843	4.70182	2.99237	6.90367	8.70616	0.19378	2.66595	4.00392	1.39618	1.01894	9.52659	4.43536	11.54789	0.59381	6.82102	1.53991	1.92842	2.98552	1.86514	4.66834	15.06445	5.46053	5.12971	3.04722	2.12934	NA	1.1491	1.48811	1.39478
GH30_8	NA	0.85431	0.67393	1.19302	0.36603	1.22617	3.30195	0.47945	0.07047	2.01903	1.82671	4.28296	3.38281	6.54512	4.28959	2.80901	2.73487	4.82324	0.93238	3.20023	3.37441	2.4905	3.51886	2.86387	2.91099	2.26093	2.13508	3.6031	1.85427	7.93003	3.70829	5.83207	5.1988	3.92612	4.16194	0.42007	0.79228	1.40311	1.76793	NA	0.24576	0.06942	NA	1.67933	1.12865	0.87876	1.14726	NA	0.39256	0.51949	0.42802	8.77394	9.58914	5.37259	8.63461	0.13624	5.99467	1.4703	2.41658	NA	0.28553	0.10048	0.68299	NA	0.33483	0.19239	0.59492	1.21615	5.00489	2.47827	1.69078	0.72653	0.6341	1.00274	0.16028	0.6148	1.3433	1.73098	2.30723
GH30_9	NA	NA	NA	NA	NA	NA	NA	NA	NA	NA	NA	NA	NA	NA	NA	NA	NA	NA	NA	NA	NA	NA	NA	NA	NA	NA	NA	NA	NA	NA	NA	0.02578	NA	NA	NA	NA	NA	NA	NA	NA	NA	NA	NA	2.15697	6.83544	0.43617	1.72273	NA	NA	NA	NA	NA	NA	NA	NA	NA	NA	NA	NA	NA	NA	NA	NA	NA	NA	NA	NA	NA	NA	NA	NA	NA	NA	NA	0.13375	NA	NA	NA	NA
GH31	1.32671	389.02481	460.31268	409.49235	369.75788	528.99973	533.19354	497.03608	499.59371	297.41542	387.53214	303.08196	304.82946	334.07902	332.02697	449.56192	456.5647	400.78273	447.87523	396.92901	367.6974	381.47606	391.55812	475.90685	463.53749	436.8765	482.53767	524.37871	509.87887	504.78993	490.46531	429.89882	395.8263	424.83239	430.47908	444.95788	350.89207	332.35454	363.36675	365.13775	350.50408	380.01349	308.92899	368.58891	390.76052	367.72382	341.34446	286.11069	283.87363	294.81415	319.26567	391.82369	378.18418	441.44951	453.98584	312.4135	328.09491	311.81977	351.12426	288.70932	360.90496	441.58645	367.33885	305.23854	368.76757	420.57098	343.39814	351.05322	271.30719	385.17249	326.59649	372.48041	347.70177	361.90283	316.3477	390.24129	416.61994	394.63895	357.67774
GH32	2.06554	304.61694	299.60679	312.22658	279.31406	314.97311	380.38109	395.14933	481.53765	325.7429	419.18595	302.33563	284.68984	331.00966	304.36766	307.11859	305.48447	287.43461	359.08911	268.98751	278.48244	280.33407	317.88198	307.3471	329.29807	336.12591	325.07948	386.04178	369.38692	346.99811	352.81354	235.29771	242.93786	243.6193	237.16162	233.26755	270.37703	315.39592	269.16798	339.55909	236.63972	291.00693	262.816	269.35567	279.99839	233.59133	147.44869	308.12759	210.79718	237.75484	251.63961	260.26267	275.46144	329.59215	270.2877	514.18987	319.92873	274.79595	357.64132	300.23783	343.81154	275.31514	241.91055	281.2754	307.60665	316.06439	311.34984	307.47981	259.28138	247.16239	258.92139	270.05844	283.58718	285.26756	296.09317	403.17478	303.75031	292.18419	361.49471
GH33	1.93403	111.69029	114.67842	102.45178	105.54532	178.83042	156.33448	112.46164	102.69566	71.59295	58.44148	112.81302	116.53215	102.42321	76.13077	98.80101	86.2326	105.36869	117.09176	84.85424	71.7494	142.9285	70.30989	109.65542	124.45699	78.18697	123.48387	144.86372	104.86536	177.90354	147.36645	126.38328	103.11581	115.51347	114.79837	106.36439	82.14159	55.61166	76.30372	64.40614	98.86988	77.73772	63.27792	24.06072	60.41963	115.11455	92.64955	38.5267	87.15307	65.23237	54.24828	159.35192	121.14637	144.83807	162.90708	55.60575	101.0393	172.09735	100.83899	78.34261	99.59021	178.79625	149.38999	64.55975	108.61776	105.65282	108.28613	91.13145	77.1397	138.30684	146.03747	132.94211	105.61837	103.67403	94.36456	26.05104	117.00907	123.46807	71.94212
GH34	NA	0.52022	0.70567	NA	NA	NA	0.19401	1.65928	1.23389	NA	0.92106	NA	0.52617	NA	NA	NA	NA	NA	NA	0.72866	0.86432	NA	NA	NA	NA	NA	NA	NA	0.94992	NA	2.35793	1.48153	1.29703	NA	2.50566	0.57791	0.41701	2.55297	NA	1.96083	1.01922	0.79585	0.51167	2.3697	0.73905	0.82313	NA	NA	NA	NA	NA	NA	NA	NA	NA	1.47646	NA	NA	1.29469	1.23222	1.58037	NA	1.64195	0.44858	NA	NA	NA	0.80762	1.37629	NA	NA	NA	1.99592	0.40346	NA	NA	0.45083	0.95749	NA
GH35	0.29054	86.81809	99.61563	98.4619	85.17081	184.00255	161.58045	135.45765	158.81344	148.32911	126.41758	82.29895	86.98816	96.78682	95.32508	81.80671	55.81777	73.22225	81.1645	102.36576	82.77504	116.39905	82.39643	71.64931	106.13787	66.7718	91.55069	113.86019	91.93514	145.54329	116.03173	144.32353	133.31519	116.61053	129.77674	105.89581	62.3646	57.23756	68.24622	74.42447	122.52581	87.06075	94.26643	79.35086	58.6594	94.9184	120.50243	37.23462	70.77747	54.04564	70.0671	103.36624	74.6472	92.00825	152.89988	215.43832	101.16313	151.70879	141.60276	52.31193	64.08097	92.88512	102.54587	75.64441	136.34449	120.99424	101.78095	63.78035	76.12736	85.632	113.70445	109.11108	80.2287	79.82017	75.38706	35.88343	93.16065	84.321	63.4223
GH36	4.63203	407.47735	383.197	360.04358	380.47143	358.95892	365.72279	348.92807	459.40981	462.96204	463.72355	400.71134	359.17934	405.92401	402.7131	302.5403	326.53122	299.47104	352.79285	281.67611	299.41694	299.08154	345.1085	394.13426	355.17083	377.90038	394.50195	383.73676	391.25567	339.58203	350.83699	316.33416	300.87646	325.74423	318.37295	471.85035	355.16022	355.23157	364.86714	431.62418	626.41495	466.81761	624.98373	313.95202	335.03256	307.26961	234.40133	308.12306	283.8019	297.55951	375.8317	316.2268	310.91461	362.85305	334.83398	572.11087	370.4745	294.48005	446.04793	341.17633	332.51199	506.98957	339.44303	323.30907	403.53104	501.13062	290.00797	467.08844	365.21049	451.85249	307.09301	452.83946	363.98975	394.89805	314.37902	336.01846	363.54258	374.02062	380.23412
GH37	NA	6.28217	7.8812	6.75159	8.25239	2.71157	2.23404	1.16933	0.67685	5.92422	9.64271	15.994	11.57735	11.56649	15.42159	7.48397	7.66708	7.01354	5.72839	6.22341	5.83533	4.49985	6.07859	12.84322	8.32565	5.31744	6.90902	9.4196	9.0476	3.65483	9.9727	9.70916	8.62179	8.39821	11.08058	5.09984	8.61009	6.34944	9.6966	20.76388	23.38822	16.20905	19.69668	5.5155	6.83276	18.94163	6.02166	8.16408	7.26282	11.67598	8.20199	9.31525	5.58816	9.56307	6.78929	6.55836	4.98653	2.3556	4.39365	5.84432	4.98442	3.98526	6.50492	3.67027	10.10871	7.66263	4.79097	5.80782	4.3314	5.46982	8.01814	12.62107	12.29136	11.05511	12.82612	6.19581	6.07607	5.91362	4.6881
GH38	6.21464	65.40531	68.78458	67.62521	60.29765	72.26574	87.60391	95.83394	63.08526	39.26395	30.21577	53.6774	46.89342	51.14111	38.48129	85.85345	104.04416	85.19275	94.20662	49.0894	51.37678	35.26585	53.51658	75.3775	82.0966	68.03581	82.44918	100.67487	97.30736	92.56103	74.79661	77.83039	98.49981	77.52732	84.57694	19.83695	45.63117	60.12418	71.07226	47.33731	33.69111	54.47445	33.42477	121.85553	102.6221	111.62442	176.03119	64.90444	55.08521	73.67076	46.3357	89.95326	84.5022	96.64309	81.53784	49.00852	65.1834	91.04858	84.51929	63.40655	66.58703	39.75529	56.31142	121.64668	75.8816	53.19429	90.84934	61.9681	74.8466	50.21385	65.64554	71.83722	62.84328	78.10384	60.28021	67.14592	39.2084	39.22397	66.63816
GH39	0.36758	63.13455	85.59241	66.00641	56.12018	54.02565	66.64222	54.04162	73.2477	21.75519	21.30112	48.12931	48.28579	38.77494	32.64342	57.10409	57.36733	55.44179	47.17029	48.8659	49.51023	59.61593	60.64535	116.61946	47.25477	116.043	121.85837	70.62918	94.79212	63.95278	62.72163	31.73577	37.64947	62.06422	44.36543	28.21477	36.95827	31.40565	42.66015	37.22642	19.45799	35.92457	17.2839	44.86816	58.98594	48.03554	26.75814	33.63445	30.38824	45.66887	28.50129	56.32086	56.79317	34.92454	47.10859	77.39638	85.30353	29.30347	113.5393	33.07284	27.44069	14.06405	36.38453	28.06492	21.25664	40.09735	20.66665	28.60979	29.58066	22.02376	29.9121	22.12673	17.96163	26.01646	20.88306	54.71514	22.79441	23.74571	31.70804
GH4	NA	102.05399	95.76189	99.49751	111.97713	86.22741	109.77503	104.03309	137.08006	107.86867	127.30082	141.38613	99.65788	102.76877	109.95574	104.31569	126.16172	108.11617	137.90335	67.95379	88.79461	40.78172	86.8039	75.66793	53.43245	77.22942	81.70772	67.4162	71.97137	81.93513	54.41615	93.66039	135.53213	114.78723	98.34868	83.94818	80.72041	96.52476	93.01869	141.74496	163.2603	133.69324	164.05449	103.48642	89.93362	121.62114	113.61313	112.97441	72.53395	105.18738	127.40629	81.11782	77.24063	84.48193	73.69516	145.36923	75.30898	43.46282	105.77432	126.09939	111.00502	170.86334	126.46501	142.5113	115.76829	119.16917	111.64475	140.23211	84.25183	97.89417	93.29581	115.27172	96.48617	104.46533	127.80011	135.31394	105.49351	110.39313	126.48259
GH42	1.22924	127.48825	136.66336	148.81506	115.89745	146.32069	159.30142	200.70923	260.51723	70.86639	75.67415	76.88368	57.44116	53.97061	69.03062	164.06969	173.31553	133.75656	192.73105	107.99831	128.27548	96.60016	143.39867	177.92826	159.61313	173.95088	163.37791	162.1529	181.19962	131.58771	141.69737	105.27404	110.1456	130.59736	117.69435	62.74226	94.5527	152.72371	142.26824	91.07729	50.31848	77.05772	51.48458	131.81195	159.74216	91.0077	50.88607	110.90735	79.78775	86.2201	70.80568	124.91202	132.87078	165.77453	115.50775	147.00732	126.79314	86.14406	176.81445	171.27775	138.80339	43.01609	94.03409	106.55658	91.27678	114.64002	103.60565	82.56705	106.03288	47.48884	87.45817	117.62047	113.75539	110.30176	135.28846	178.59121	82.81523	69.83323	130.95986
GH43	24.47428	1109.45972	1087.19982	1012.89954	1127.691	1208.50576	1132.01169	936.39673	839.10614	1009.39547	1286.53056	997.40131	1046.72492	1205.55045	1141.76645	885.17079	991.15906	838.22192	889.70264	926.15442	759.74359	829.65512	599.334	1104.69222	1249.67425	1094.2065	1148.57141	1547.85071	1246.81759	1436.68131	1343.82444	1284.52776	1039.37982	1190.8914	1210.88517	894.46566	669.64744	690.30231	776.34576	1020.40857	1375.54452	1047.26906	1254.83801	654.57536	783.28852	918.4035	753.39224	388.86053	543.88005	540.6432	803.27788	1043.57824	910.91256	980.54538	1053.17458	469.65146	710.45252	1138.84109	823.22907	588.20496	677.76978	1393.70849	985.434	461.18019	1031.07902	1260.32467	787.41979	931.02099	649.92661	1293.287	829.88653	971.79062	927.41554	852.62525	756.20208	390.29714	887.79714	925.80623	663.29693
GH43_1	NA	46.3306	31.49513	18.66937	54.05832	13.66105	11.72182	10.6424	1.54205	40.67648	61.48359	33.45469	40.52743	56.73247	43.96296	22.85769	14.08176	21.87167	25.49066	28.53308	20.28003	69.79125	19.59612	7.61506	10.75909	8.12165	11.11254	19.50792	16.64334	19.54899	29.19644	20.7319	23.65714	24.04873	29.20064	94.36112	28.00754	17.15059	15.55767	31.30786	90.18892	40.66991	81.03474	0.78897	5.9455	25.81705	11.84926	7.21591	12.73287	12.2192	43.93542	17.85665	11.85898	16.35177	13.65641	16.56129	39.59543	98.34113	41.54319	2.7031	13.21454	70.15746	26.7063	12.56192	40.25876	57.46506	17.90077	37.15286	6.36375	56.51707	17.25419	37.81344	26.82595	26.8686	17.329	2.6365	67.3462	64.85828	23.24244
GH43_10	1.72542	130.08142	92.47013	70.8327	128.63583	85.30238	65.94633	56.40403	40.3044	77.72869	97.41769	80.40991	89.56322	109.59757	89.56121	92.23031	71.13308	75.82921	88.27169	89.54818	69.71384	139.93358	80.50504	83.00166	88.71305	88.11322	77.73074	104.88998	102.29056	109.16735	125.33009	104.54947	103.68363	122.49495	113.29773	95.47038	49.83215	53.14544	49.31372	72.5721	140.00156	85.32263	116.11797	68.78077	78.41425	111.29598	51.71828	41.75236	43.01749	38.74093	77.51579	96.94684	73.44551	76.74458	88.67278	58.46069	74.41319	151.51077	101.91214	36.56501	50.45352	105.38569	65.99381	39.30422	82.69367	112.39358	59.56409	86.41803	46.69133	116.31155	62.56268	98.63925	76.71019	82.39965	55.45389	38.4606	113.24416	90.83655	57.81161
GH43_11	0.15501	19.23467	19.80301	16.76872	16.66059	32.90171	45.81172	47.63189	75.47015	9.14715	6.59676	9.06325	6.08197	7.96579	9.23997	22.39953	31.11774	21.16156	40.23202	17.8652	24.40603	16.28384	21.09824	43.84711	29.46382	39.11663	42.19936	24.75338	29.15061	16.35902	20.87184	21.55646	24.49148	26.73234	20.62463	18.36153	24.05539	42.55053	33.24203	12.84553	4.9134	9.88092	5.23334	19.53368	26.00544	8.38249	6.44326	15.8087	7.48667	9.64537	9.53606	20.24246	18.88518	18.93851	16.0146	117.45875	32.94413	12.05112	71.71435	21.82854	18.623	8.12288	12.73513	28.02103	14.44013	21.3033	16.03812	18.57265	22.54804	6.63241	14.65623	15.43541	13.31952	16.21004	13.41258	11.07523	5.50559	6.49728	9.97664
GH43_12	0.06283	60.81478	53.8081	44.22701	59.01182	82.2305	71.03098	67.41263	52.98489	63.04966	81.26546	61.80284	73.89902	91.8433	82.88062	50.74307	39.65071	41.67527	55.22765	54.01971	42.64905	68.83535	46.3865	64.7099	46.96955	68.51502	70.40909	58.49019	48.08992	50.6646	54.45119	64.79699	66.22457	65.67893	75.14064	68.88342	39.04512	26.75733	38.8022	47.15807	78.90354	47.54002	58.17431	29.99355	42.97874	47.01287	22.14948	13.16127	20.79904	18.94306	36.92522	55.93357	47.86963	53.69999	56.58693	29.99046	59.65062	105.36152	65.45918	18.40465	22.6214	67.25969	36.2283	25.29096	54.34716	81.26911	33.75287	41.14067	23.22576	57.36087	25.21876	55.79828	43.88689	47.3449	35.6604	30.83751	89.20787	71.55952	41.70291
GH43_16	NA	9.14121	9.26323	8.20343	6.69112	16.78745	21.90254	23.046	13.41017	38.79022	46.24373	39.87559	39.67498	54.25978	51.09785	12.88514	18.25978	15.66401	8.66873	14.63207	16.90701	8.59411	12.80615	12.71895	20.85198	19.34138	17.3392	36.66023	25.41687	34.57966	37.39853	25.00897	42.52752	25.70044	23.74963	1.43658	9.39332	7.01491	6.26126	45.95424	66.87358	43.85412	69.0248	31.89567	23.11874	18.07694	14.48765	5.14783	5.51539	8.87906	7.27827	58.94107	43.30386	44.35077	53.85006	4.68782	4.73119	3.82786	5.95694	4.4518	8.35688	3.94277	13.87827	13.96037	31.58342	48.14021	12.19082	7.78449	18.48992	25.18092	7.7551	16.62724	11.46935	10.48383	5.06265	10.97077	32.38194	27.90116	18.18499
GH43_17	0.18233	12.05017	13.56814	18.23861	8.32835	21.14394	11.11431	9.6522	15.85924	14.55023	11.47593	10.25832	13.4686	12.37962	12.04955	24.19038	18.92075	19.8107	19.54516	16.51662	10.58999	19.61852	9.03084	15.65428	17.09098	16.47558	21.10154	28.85309	18.79992	28.06649	27.78418	21.32706	19.09916	26.20933	20.46427	4.59125	6.29122	9.13108	7.78867	13.59434	13.54688	11.13732	5.61886	10.95092	14.05753	17.90346	12.55187	7.61041	10.36154	8.75866	9.08356	17.42411	16.26045	15.1017	10.82445	3.36579	16.93546	39.76199	12.67479	9.73026	11.86509	2.34388	16.90543	4.69967	8.50326	6.07257	12.02539	9.24386	13.85774	16.3828	17.64058	8.62538	8.62295	9.29784	4.17526	5.28354	8.22008	13.47118	13.87867
GH43_18	0.07577	21.57196	22.14663	21.19898	19.10075	44.2959	25.86821	18.27581	25.859	14.59346	11.482	9.42498	13.81256	11.87891	9.71763	10.08708	18.0159	13.3091	20.53752	22.06814	12.46375	44.05203	16.23473	27.06106	31.6836	20.72041	31.26435	43.16242	24.12799	35.10665	35.96389	22.60065	15.35982	26.51574	26.0693	2.86418	8.46133	2.49093	8.25232	17.37008	22.40711	17.40233	7.75917	1.74434	8.38914	31.49883	12.94924	0.88451	12.55132	9.43385	7.09355	27.70099	23.78577	24.71891	30.34542	10.98311	23.95309	65.00949	24.90896	4.46778	21.58535	60.68189	39.5829	5.72643	19.8828	17.9206	14.91882	23.1619	7.39221	45.39081	19.92399	16.7594	19.89486	14.76928	13.48319	NA	2.75934	6.45852	5.6772
GH43_19	NA	17.56904	27.38776	23.87175	23.49304	44.71197	34.04356	19.69731	38.77402	28.43562	25.14206	11.74849	13.21929	13.07614	10.33936	22.88992	21.9941	24.09401	27.75623	35.23106	19.56301	42.55753	14.66595	30.74554	42.98557	17.4347	29.97805	52.54766	35.32936	56.9484	53.66343	43.21793	26.89501	40.45839	32.93407	6.78715	9.23071	7.76784	13.2361	13.44013	23.75419	19.0801	6.76004	5.53943	12.81303	39.62254	19.23996	2.55234	10.58734	4.98412	7.0735	26.0399	23.51113	28.54285	37.86378	4.71027	16.77407	67.00107	20.67362	2.33193	15.84462	5.71316	28.16023	3.99949	15.37525	6.64756	19.29815	9.50671	11.91983	28.28143	23.28873	11.48257	19.67204	12.48245	16.47714	1.32743	8.39094	14.07139	13.71437
GH43_2	NA	24.41921	14.02739	9.36825	30.33877	18.98784	17.46613	16.86486	2.04644	27.67055	43.23696	21.35133	24.24848	38.20662	26.46765	7.7532	6.70624	9.50957	8.12198	10.29622	4.67698	11.62748	4.24325	10.5485	15.05997	11.49156	17.15479	10.98179	4.04308	15.62224	6.8531	11.98677	19.53315	16.7627	22.6074	0.52982	2.58093	1.68337	3.56853	26.42895	61.05161	32.68351	64.69017	1.57064	5.13005	5.50909	7.69263	5.30759	8.7755	10.96029	23.46119	9.17462	6.47688	6.73165	8.91993	0.26616	0.68231	5.94474	1.78841	1.67554	7.18743	48.94361	13.09155	2.27108	11.625	15.21387	9.37994	29.93467	8.16567	39.58366	1.66662	29.48607	19.63805	19.26446	9.38936	0.40915	2.51407	6.77068	3.13188
GH43_22	NA	23.87496	13.32927	23.74493	14.43059	8.95592	9.05751	15.31249	8.37403	3.20318	3.28311	8.6315	4.70443	3.76015	5.49348	26.64605	32.52479	16.42554	29.73585	11.08996	12.35452	7.18464	14.61614	11.82665	22.65012	19.41541	14.52869	11.81243	20.12021	9.65612	13.18135	7.46103	15.91552	11.78829	15.97014	7.91915	8.47636	23.71769	18.12478	10.6189	4.1511	9.01938	5.51469	20.64192	26.01846	5.37671	4.47599	16.13795	9.49914	11.40531	7.05414	21.00981	28.83173	49.69075	9.54928	37.6989	12.73442	2.79441	21.46731	15.63207	10.26853	2.43675	10.74553	5.70574	3.46226	6.59037	6.07919	8.26849	6.62354	2.59578	8.89892	9.35326	7.4743	14.71716	12.6407	13.29646	5.38742	4.74105	12.86043
GH43_24	0.19435	64.88733	70.59352	55.85	71.43277	75.06601	69.42331	49.39474	52.47064	31.56333	34.61011	42.10339	38.08442	36.05179	34.55053	47.09295	52.55987	45.93605	59.8846	53.77628	39.40015	55.4167	34.59984	47.83504	67.91294	36.59561	62.29473	108.01651	99.37057	135.222	111.06742	93.1001	62.90336	85.29532	80.98516	92.17397	53.56098	38.31417	48.66152	32.26958	43.7481	34.41895	18.36765	25.20955	34.5399	61.93665	52.63299	11.6405	33.68563	20.16106	14.85408	58.66011	53.09834	71.71104	89.22067	13.91941	29.09933	50.19854	25.76219	19.63204	39.96305	12.40294	45.06511	18.10123	55.26308	74.63853	56.21184	31.61207	36.80195	53.07395	62.96359	57.42132	61.54912	60.09357	52.04182	13.57777	73.96678	70.95002	34.96915
GH43_26	0.1684	61.76439	70.56999	77.66546	53.10133	35.12143	35.4071	28.38709	36.20157	68.31162	40.89541	13.42881	10.60083	11.69068	7.64651	39.13706	36.71515	26.209	45.90927	34.66443	36.36084	30.33748	36.87077	69.53343	38.38299	70.67697	72.20567	37.12258	48.88625	25.32838	42.10967	26.5462	21.67279	38.67209	26.97877	22.83772	30.94696	32.67786	26.75766	27.03489	8.46341	19.30251	11.96549	20.94501	22.50451	15.06165	8.29121	15.75459	10.71924	17.53002	17.37645	33.94948	36.03393	42.69165	44.98459	33.02461	23.9454	11.30892	44.88323	34.67008	26.45523	10.58142	16.78012	18.77574	24.82024	34.58133	24.99718	25.98711	26.34989	14.66944	24.18549	34.32185	31.31401	39.02352	31.65168	56.01993	26.66674	22.32115	36.15599
GH43_27	NA	5.81595	1.63016	4.7482	4.5091	4.50887	5.22763	9.58119	6.78257	0.37091	0.54785	6.44535	2.1535	1.03105	3.22142	11.87313	17.75563	9.52307	22.88126	3.46374	9.00758	2.81489	7.41079	9.73108	22.28661	17.16885	13.70329	7.60178	12.53197	3.17893	8.19088	0.52019	3.50659	3.33202	4.07218	5.0131	4.9239	15.20105	9.30073	NA	NA	0.44872	0.44178	8.29479	11.69815	1.02196	1.19467	6.05972	2.7303	2.58868	1.51916	7.20501	10.85822	22.11743	2.49899	26.44038	7.07422	1.65056	17.89215	2.00147	2.61649	2.00732	1.19555	3.0601	1.05853	2.19174	0.77135	2.8314	1.69708	0.4197	2.70956	4.13481	1.04591	3.30845	2.83863	1.73411	0.79483	0.97554	1.81325
GH43_28	NA	31.81802	41.30877	37.00093	33.31227	41.43806	46.53085	36.78066	21.61701	5.83953	5.21058	12.76938	12.45398	8.286	12.15993	22.20439	21.27404	21.16821	22.59487	21.14289	16.97421	22.4884	13.59062	42.64772	53.5426	37.09292	47.70685	30.42558	29.22869	43.20619	32.17464	41.43124	40.53623	33.16654	46.04416	4.09215	11.4748	12.02637	9.9883	13.02145	11.05362	18.75871	10.69411	18.20621	21.54672	22.38469	25.16845	12.43502	11.85274	14.0743	5.3642	23.98525	19.68476	24.49879	24.85955	13.85821	34.13241	34.74416	23.89975	19.11968	17.08561	5.4848	16.28967	14.65834	14.83381	9.05895	19.05533	17.47473	12.11812	20.28606	18.52316	16.8113	22.0452	14.51405	21.70106	8.59161	14.84598	24.35812	20.1907
GH43_29	0.02944	32.19864	22.92437	17.6714	40.25533	44.3917	38.02017	37.98532	5.85795	68.86085	88.62563	44.79795	49.39586	65.59321	62.80897	43.21664	28.13554	31.73921	39.38602	57.72288	36.92923	91.6725	25.33888	21.74862	30.02158	30.30515	38.99077	21.30215	13.25358	34.59115	22.39893	35.15385	46.80654	39.41164	55.00976	67.11716	21.85151	18.07236	18.59858	32.47494	95.19196	44.595	86.31686	4.68388	12.08316	22.58137	13.457	5.21369	12.88691	12.32588	42.21754	21.75341	15.09561	16.76181	19.55085	13.00076	22.68765	90.97038	30.67248	7.53341	16.2651	117.11745	28.40673	13.18572	46.39011	66.49448	16.76391	50.95797	16.87588	67.14396	11.49848	41.93263	31.35261	30.36702	17.71647	1.54735	41.58895	50.09763	17.67899
GH43_3	NA	14.08679	20.68881	20.79407	9.13856	28.67139	23.24985	11.02922	9.03311	5.70233	5.88073	7.97528	9.91033	17.46181	12.69092	18.66892	17.75182	17.38617	18.23313	4.82015	3.92605	10.50058	3.84911	17.2633	21.85565	10.55737	19.533	28.38135	21.95128	35.79574	25.29854	24.33622	16.62194	20.07285	22.1819	5.13924	10.00752	4.04249	7.38164	6.06878	7.99066	11.18769	4.49288	2.21742	6.79018	20.12342	12.19747	3.38526	11.85304	13.77192	7.67739	17.92318	15.1817	19.12967	23.2754	0.16981	2.49629	5.24988	2.17423	2.72921	15.03578	6.12429	15.75306	4.76461	14.92046	8.20858	15.14681	12.42376	4.71845	13.08977	8.3222	12.04174	13.33946	11.04307	8.21931	2.55589	11.68026	14.2711	12.26915
GH43_30	NA	NA	NA	NA	NA	NA	NA	NA	0.09371	NA	NA	NA	NA	NA	NA	NA	NA	NA	NA	NA	NA	NA	NA	NA	NA	NA	NA	NA	NA	NA	NA	0.04145	NA	NA	NA	NA	NA	NA	NA	NA	NA	NA	NA	NA	NA	NA	NA	NA	NA	NA	NA	NA	NA	NA	NA	NA	NA	NA	NA	NA	NA	NA	NA	NA	NA	NA	NA	NA	NA	NA	NA	NA	0.03634	NA	NA	NA	NA	NA	NA
GH43_31	NA	11.02936	19.32639	14.49971	9.99559	24.83802	28.30728	14.23458	14.08046	4.56289	3.40251	6.49658	7.00941	6.67071	5.05399	6.93878	10.95303	9.00603	9.03748	7.03893	4.34487	6.49206	2.80334	16.23677	24.69444	11.26106	16.71649	26.71083	23.21092	29.86099	24.15387	24.05569	10.70343	15.43713	16.32946	2.92584	7.88339	2.73717	6.90983	4.56414	7.26648	8.61932	4.24826	2.75763	8.2748	21.00527	18.22513	3.26152	10.5166	7.43962	5.47454	11.77454	14.19394	15.06717	26.4317	0.24789	5.57255	4.60613	2.72197	2.37293	10.18514	3.77757	13.86361	2.83969	12.75895	5.51515	19.43819	24.84304	8.35405	36.88356	7.97877	8.55474	13.8393	9.09386	10.18561	NA	3.17816	6.5705	6.50181
GH43_33	NA	5.44677	10.4936	6.55802	5.89799	13.27222	15.57568	9.15738	7.86008	3.53993	1.67977	3.71582	2.8117	5.29683	1.83023	5.03182	5.17165	3.13647	2.63164	4.31732	3.57486	6.26084	3.02554	6.311	8.27109	5.73811	7.37231	17.65648	13.65836	17.7424	12.93622	8.71895	4.30509	4.07477	4.00337	0.76685	2.52236	0.55481	4.75598	3.74631	4.69076	5.64498	2.49818	4.67649	8.94275	13.85606	17.10743	0.93626	5.61949	5.17522	2.77409	5.11203	7.97448	6.50702	11.5805	0.26984	4.54004	3.61624	2.35943	2.78353	3.77308	0.89969	6.17086	2.09441	3.96989	3.0943	7.50207	2.71559	2.36076	5.78753	6.78007	4.00253	6.22769	6.48505	10.3346	0.49656	1.34569	1.76973	2.81359
GH43_34	0.49532	29.42075	33.08877	31.9074	22.44098	48.16102	32.08051	23.38416	30.88135	43.68142	47.38786	34.53781	30.6946	36.82431	29.42072	39.93942	30.7201	31.29867	40.55717	27.89233	19.75668	34.26412	15.26648	29.01513	43.01739	22.21719	29.85959	69.10922	51.57229	68.75711	62.26293	29.75472	22.34253	29.93499	25.05775	5.7372	11.03401	4.16555	11.57942	40.30227	73.2217	44.90887	62.90989	11.01454	30.05689	39.96183	26.89812	10.18902	16.45761	14.12196	20.50057	36.98577	36.05911	42.15189	40.05053	8.09837	19.56314	55.71068	18.36462	6.78175	20.05985	46.06724	38.54462	8.88467	27.42113	36.9657	23.6588	29.94469	13.96109	43.78993	23.93457	39.16507	35.24613	30.88021	26.66071	6.1398	27.574	34.08998	20.7556
GH43_35	0.41188	23.55142	35.57805	24.55147	22.13647	29.75185	38.35608	30.0867	25.22999	37.87681	77.0023	50.64986	67.51794	84.17402	92.85136	37.63036	45.83621	37.85665	27.24004	57.28967	47.24325	34.73894	40.88124	65.73021	47.90953	86.44122	71.7802	42.21793	46.8444	32.36482	40.50484	44.11575	45.04462	48.7923	48.00075	18.99985	34.11039	33.36786	41.86002	37.54263	12.69578	36.56209	17.26343	66.14931	51.69204	25.25132	20.88278	27.7904	22.73798	20.45561	22.58392	32.43216	32.7098	25.7897	39.70196	22.32816	29.92606	10.83158	38.84904	72.37614	37.49943	67.63385	53.39633	23.64035	17.6031	26.79613	23.25298	34.12665	49.88319	40.2941	36.21271	21.96219	29.24483	27.39106	18.6505	40.51507	22.36865	29.28442	39.87189
GH43_37	NA	0.70499	1.38252	1.95849	1.7958	0.30156	0.67057	0.44172	0.20798	0.41718	0.21342	1.23586	1.39463	0.56918	0.93443	0.94785	1.44622	1.1862	1.36615	0.57079	1.24101	0.38392	0.84913	0.97098	0.55443	0.5336	1.26618	1.20872	1.42645	1.96676	0.79277	1.75513	2.19642	1.58455	1.70811	0.74001	0.3989	3.29456	NA	3.62408	0.5313	0.67509	0.52415	2.37922	2.23661	1.01081	0.23582	NA	0.47925	NA	NA	2.70276	4.11895	4.14634	3.20836	NA	NA	0.15851	NA	0.54477	0.21009	0.60663	1.91147	0.22976	0.46923	2.65455	0.88079	0.42945	1.432	1.07991	1.65901	NA	0.121	0.86283	0.47302	NA	0.46311	0.6156	NA
GH43_4	2.43386	46.45857	37.87881	34.71503	43.51837	49.70039	44.19382	47.26212	56.45951	45.4031	69.97007	34.39506	38.63436	49.93062	49.40405	32.76985	44.08485	36.27811	60.1054	41.41546	31.26148	44.35022	26.26163	51.97086	33.53302	51.80034	57.25002	32.55867	32.03123	29.81298	34.63424	22.21564	25.98906	40.05807	39.14497	67.13282	24.17762	16.09231	19.15041	61.66356	114.5929	61.35597	109.49569	18.48566	19.12768	28.40079	11.38714	9.38433	18.49269	13.26945	39.92383	29.71354	22.53291	22.46192	30.58452	27.97743	37.17781	45.1625	50.0231	6.41404	19.73493	64.14838	30.95097	12.66782	42.45597	70.00042	17.6072	36.1107	15.53572	46.95986	17.66728	40.14651	36.21122	35.17514	20.02078	7.90997	53.26618	40.01435	17.73609
GH43_5	0.45207	21.33821	10.82306	3.43722	30.90977	NA	0.03947	0.08232	0.05761	30.86002	48.43793	28.55173	28.54471	34.58349	34.90127	7.40769	3.03632	5.32087	5.02574	7.38128	5.21374	9.86693	2.54868	NA	NA	0.62292	0.16688	0.60563	0.40718	0.21161	0.17408	1.6968	1.56211	1.04711	0.69207	52.054	11.91086	9.82458	7.27083	31.15505	61.70669	28.37192	64.33543	0.27315	0.4864	9.3494	2.5264	2.68158	5.54613	5.10767	22.13485	NA	NA	0.13544	0.11148	1.30269	5.69264	24.69774	9.32585	2.70007	2.58495	60.58002	11.77541	8.01966	27.21483	49.15159	6.32955	27.45059	3.88708	31.56435	3.91483	25.68759	12.53231	12.32945	4.32217	1.01707	47.40983	33.21161	10.09275
GH43_7	0.29432	18.92289	8.76061	1.96731	18.4506	9.9863	6.45655	7.81143	1.382	21.10158	31.77009	16.23798	20.96136	30.4559	24.20759	0.21833	0.60567	0.87432	NA	2.5203	0.58966	6.6638	1.87132	2.8989	3.17329	5.27333	6.36245	1.97341	1.12069	3.9072	0.18907	4.73163	8.87073	5.66838	9.08755	0.28558	0.66314	0.60986	NA	16.92424	63.01792	27.39974	55.20059	0.28942	0.74472	6.48931	2.77948	2.86224	3.99726	5.57765	17.40974	1.2949	0.1013	0.46873	1.23564	0.35617	0.82059	2.98388	0.97629	2.06881	2.38542	45.47859	11.58633	6.64192	22.93032	35.23806	8.15389	24.12984	1.06951	29.90729	1.00063	25.94687	13.79713	16.09944	6.96013	0.80055	24.97025	25.41468	8.61554
GH43_8	0.04141	2.4266	2.04073	3.6354	2.0402	7.78137	2.7183	1.72566	1.9839	1.29238	1.96438	3.24073	3.62805	3.44776	2.88465	2.14345	3.49349	3.93	5.80011	1.33434	1.05013	1.32751	1.34337	3.59637	4.82943	3.93775	4.51439	15.6837	11.47448	13.73094	18.7226	10.01785	7.48991	14.54998	11.7247	0.91468	5.1299	1.8891	2.61194	2.52489	3.68384	4.85017	2.79519	1.36489	4.14206	13.60728	8.58855	0.22241	2.38456	2.69924	1.24202	7.43475	4.89502	3.80049	7.57373	0.34962	0.20138	1.92446	1.00945	0.59182	2.32603	0.57314	3.22142	1.90725	3.40378	2.78747	6.69082	1.28217	4.1027	2.2992	5.31077	7.21576	8.23497	7.37629	11.6311	0.40163	0.93924	2.75091	2.08034
GH43_9	NA	12.02047	12.58432	14.31539	9.81331	26.93253	10.19144	5.91338	19.70561	10.91346	8.27816	8.0227	9.2504	7.19059	5.89382	18.4221	13.73844	14.01861	23.6453	26.27755	13.81681	47.45824	13.73962	20.13199	25.01005	11.73677	17.6578	34.97722	20.65383	28.85054	36.95742	14.469	8.49098	18.53837	16.32027	5.64885	5.68977	3.33361	6.24232	9.7077	19.53734	11.59464	5.47739	0.56252	5.40966	16.53607	5.1847	1.02998	6.96027	2.83145	2.81057	16.05967	14.10138	19.52886	18.9957	8.87449	23.4635	60.92005	28.81159	1.52509	12.02752	4.81893	22.49345	0.99427	5.51328	3.85616	9.61147	3.45594	2.64799	12.03615	12.99289	6.46823	9.20785	7.12895	8.67858	0.84111	8.20539	8.85655	5.0849
GH44	0.03379	0.11087	0.50985	NA	0.31945	0.74183	0.06345	0.1517	0.25582	0.506	0.57635	5.56803	9.48584	10.43428	11.80009	11.63412	16.03767	6.79746	4.05439	20.8395	11.09763	2.15761	8.67423	18.02184	12.69901	14.03856	16.29651	2.43678	1.0368	1.26534	1.87767	1.87249	2.55639	2.71728	2.95367	0.79436	1.5917	2.35209	1.47458	5.66427	0.46662	4.27233	1.61672	0.87937	1.2315	1.54089	0.7926	4.86253	5.67884	3.15938	6.17977	3.16474	4.11852	1.79186	3.65152	0.09415	9.98528	1.16451	5.05424	1.3961	1.8068	1.05045	7.91475	0.90208	1.46779	1.17309	3.43085	3.07967	4.03081	9.7475	6.22418	1.38177	4.47116	2.81739	4.20328	0.48486	5.61854	5.07787	5.17019
GH46	NA	0.37165	0.18989	NA	NA	NA	NA	NA	NA	0.08225	NA	0.44777	0.10265	NA	NA	NA	NA	NA	NA	0.77151	NA	NA	2.4202	1.76687	0.44282	1.96508	NA	NA	NA	NA	NA	0.06322	0.08838	NA	NA	NA	NA	NA	NA	NA	NA	NA	NA	NA	0.53904	NA	NA	NA	0.42459	0.59599	NA	4.55706	2.14102	0.9411	2.21294	NA	NA	NA	NA	0.41962	0.58684	0.43282	4.11593	NA	NA	NA	NA	NA	NA	NA	NA	NA	NA	NA	NA	NA	0.35086	4.74991	2.37591
GH47	0.1204	NA	NA	NA	NA	NA	NA	NA	NA	NA	0.23438	4.69041	4.81689	5.05967	4.10361	5.23007	1.29071	3.44037	0.36371	2.99499	0.91897	1.06963	3.78382	NA	NA	0.33919	NA	2.09544	3.02152	3.04367	2.57525	4.70854	1.47939	2.29842	1.4977	NA	NA	NA	NA	NA	NA	NA	NA	1.16705	2.52975	1.92332	0.97363	8.98857	1.29445	4.3981	NA	0.24999	0.50089	1.54349	1.63637	NA	NA	NA	NA	3.89122	NA	1.26071	1.03964	1.24959	NA	NA	NA	1.0946	1.19968	0.47013	2.0699	NA	NA	NA	NA	NA	NA	0.20058	NA
GH48	0.22468	2.27897	1.46895	0.26771	2.57897	NA	3.37199	NA	NA	0.25392	0.57833	1.25471	0.48292	1.22382	0.7734	2.17013	2.18013	1.81256	0.69532	1.91544	3.48704	0.66789	3.15643	3.92737	3.41006	3.52828	1.23767	2.93807	1.82731	0.48769	1.15786	2.6808	4.07839	3.7022	2.41256	2.16438	3.35933	3.98501	2.36142	3.9521	0.20764	2.26542	1.25465	2.05884	0.84942	1.04869	0.45971	2.39668	2.40193	2.30028	3.29722	3.77779	5.87943	1.96004	6.14618	2.70759	6.02964	0.36073	3.2075	2.21141	4.00776	0.68376	2.06246	1.35328	2.39214	3.19473	2.95492	1.36054	1.90661	0.95538	0.53034	3.89332	4.19033	4.27413	3.63278	1.6506	5.85432	6.68982	2.67264
GH49	NA	0.18994	0.14557	NA	NA	NA	NA	NA	NA	NA	NA	0.16116	0.33851	0.09738	NA	8.24489	3.72879	4.82666	7.86094	NA	0.10895	0.15232	0.03819	0.57338	NA	0.18739	0.38018	NA	NA	NA	NA	0.07305	0.13602	0.26008	0.1137	0.07796	0.69476	0.4649	1.48021	0.27816	NA	NA	0.06903	0.08083	0.50827	0.29192	0.24845	NA	NA	NA	NA	NA	0.11584	0.49769	0.28258	NA	NA	0.23326	0.09303	NA	NA	NA	NA	NA	NA	NA	NA	0.22622	0.39048	0.54611	0.41905	0.56421	0.67989	0.34088	1.24585	0.95021	7.91846	9.61519	9.77337
GH5	2.93937	435.56081	593.30885	495.61743	409.97899	377.84768	569.13993	346.10665	298.70935	914.86621	1324.88681	999.05489	1007.77362	1242.72249	1273.92229	693.65831	664.23975	599.2502	485.64747	898.12334	711.95645	554.63091	541.53528	972.75029	801.06869	829.36375	885.23023	697.58349	733.27519	838.96005	645.94881	785.47069	798.6821	617.29866	696.19572	753.25423	821.93285	647.32348	566.45406	1156.12827	1582.74229	1189.95538	1669.08802	787.28374	540.98869	596.85813	405.60052	541.4253	536.87449	552.76186	992.56071	777.83778	841.09951	654.47139	887.81404	222.55419	728.76667	493.22495	501.23883	405.5181	389.12343	1308.38014	698.70454	468.71014	936.83969	1235.10428	460.32678	1000.49161	791.54445	1533.22276	394.00592	910.51453	827.65598	635.43129	498.8434	416.32507	913.36261	803.71466	687.89214
GH50	0.30139	16.76178	19.69267	21.19907	14.88384	34.05384	17.93334	23.26459	14.07049	5.7251	5.11554	6.8945	5.70089	8.17107	10.38296	13.17233	16.90456	13.83576	13.45382	6.28981	7.64218	8.33889	9.19574	13.88238	14.33708	15.84481	17.29505	20.10938	22.95155	42.13638	27.51541	17.22425	26.07995	21.41355	24.34986	0.94422	4.0938	3.9052	5.62649	6.69334	3.81876	9.29055	4.67126	11.89199	14.40884	26.58367	16.03466	6.67423	8.58589	13.82074	7.55061	17.38308	17.02601	15.17363	16.02995	1.16521	4.87899	3.72693	3.63508	4.6286	10.86504	3.5624	11.04188	8.85599	16.67193	8.4453	10.09419	7.87407	4.55551	17.20635	7.49901	6.72112	5.65939	7.65069	4.60403	4.74388	4.97239	5.02049	6.47853
GH51	2.24302	318.26434	303.05306	245.55798	309.21308	337.55773	314.35503	321.00553	337.92299	277.7917	340.38517	270.82747	280.24723	324.07646	324.63025	277.71227	291.95741	245.17799	304.85284	238.97551	219.62022	256.86381	227.84956	334.65476	306.03387	317.28236	346.19588	314.52027	298.70233	318.40386	292.68947	282.19938	269.29332	297.08374	298.66682	409.89379	245.01086	227.62065	220.97526	288.24559	496.84285	346.25295	437.02015	227.25045	231.05683	240.05539	184.41471	168.71123	171.16883	181.09499	268.6809	250.47746	249.11467	254.62027	265.71094	154.04596	231.67091	247.24858	241.11593	182.11331	203.30969	413.0255	260.8631	173.55796	270.23384	348.96343	203.27854	289.28026	198.66316	340.16731	195.47689	328.67709	265.07858	279.53503	218.56326	241.19075	364.97471	336.86596	239.3227
GH52	NA	NA	NA	NA	NA	0.18686	0.03196	NA	NA	NA	NA	NA	NA	NA	NA	NA	NA	NA	NA	NA	NA	NA	NA	NA	NA	NA	NA	NA	NA	NA	NA	NA	NA	NA	NA	NA	NA	NA	NA	NA	NA	NA	NA	NA	NA	NA	NA	NA	NA	NA	NA	NA	NA	NA	NA	NA	NA	NA	NA	NA	NA	NA	NA	NA	NA	NA	NA	NA	0.35935	0.06282	NA	NA	NA	NA	NA	1.41507	0.99307	1.64777	0.53566
GH53	13.11325	187.40378	214.31263	188.39166	174.49584	165.04892	192.7376	125.32306	172.24983	163.76218	166.30378	159.64938	152.92558	142.20405	126.77206	112.20825	135.41594	121.21033	157.2673	121.62491	110.53322	124.92756	140.44044	243.02026	164.88101	260.01656	219.44743	177.99082	223.11326	181.67016	171.06871	127.20954	136.47253	159.80297	137.16206	197.65961	150.04515	107.7801	95.57443	144.60676	152.91063	119.83266	142.58115	126.63337	132.57254	102.69709	73.83685	97.29832	69.53401	65.49318	81.0708	138.14236	145.98024	150.14657	167.43482	248.47581	164.07076	57.51325	204.2808	165.67268	145.83835	158.6951	122.85092	77.62836	107.12386	192.01553	76.26605	132.50653	78.70468	122.42176	85.95975	183.33822	134.6988	155.90999	143.38129	172.85357	132.30257	130.69173	138.15048
GH55	NA	10.80293	30.55227	14.91005	12.83847	14.15982	27.6997	20.44387	11.29837	2.23337	2.64863	9.32671	5.35988	5.45913	4.25622	3.66355	6.00867	2.41167	6.62759	6.02115	9.7497	5.10397	5.31968	10.25057	21.08678	8.22199	12.07708	35.3976	31.83206	33.71329	34.49306	17.56579	6.65777	7.85657	13.59284	1.57426	11.33693	6.39178	5.18288	10.48118	8.01489	11.02932	5.28806	10.31332	9.2189	8.22465	25.60168	0.89776	5.05577	2.837	5.84899	9.61064	14.98715	14.6325	30.7393	1.59625	10.43562	2.70861	6.42972	8.26808	7.62517	3.34882	9.89247	5.91101	4.34805	3.91194	10.19231	4.40553	2.94224	13.89276	6.4265	5.70955	13.6546	9.69393	5.56851	2.77211	4.63376	7.92039	7.08037
GH56	NA	NA	NA	NA	NA	NA	NA	NA	NA	NA	NA	0.76799	NA	NA	NA	1.28489	NA	0.24116	NA	1.17521	2.55511	0.39691	0.88419	NA	NA	NA	NA	NA	NA	NA	NA	NA	NA	NA	NA	NA	NA	NA	NA	1.0872	0.18441	1.47643	0.80938	NA	1.20693	NA	NA	NA	NA	NA	1.2623	1.60759	2.49586	1.04745	3.31347	NA	NA	NA	NA	0.65788	NA	NA	NA	NA	NA	NA	NA	0.94325	NA	NA	NA	NA	0.20249	0.27073	NA	NA	NA	NA	NA
GH57	0.09661	69.33266	63.02039	39.26021	64.10785	69.47953	61.8921	43.4266	35.56519	105.65977	92.84309	67.1854	76.12117	105.89115	92.24285	71.79945	82.21973	85.98346	59.21146	74.81787	46.14704	101.36739	46.39017	38.09398	53.27608	30.81384	50.56052	55.33355	50.86222	63.95246	58.22738	61.77458	49.19575	60.89208	46.933	110.07301	54.33043	31.83331	40.89187	65.38595	116.37174	73.54227	96.34215	28.97577	36.23867	111.43272	87.21347	13.45857	69.3017	52.02427	64.86824	58.5707	45.28544	57.69979	73.53131	29.21452	65.12659	154.79027	53.72801	13.18097	38.99822	169.00074	82.81065	20.1645	50.37018	66.28692	35.93723	76.24538	59.48572	112.25113	67.47093	80.06192	48.754	45.35977	39.42729	16.0235	91.65358	97.54718	46.82691
GH58	NA	NA	NA	NA	NA	NA	NA	NA	NA	NA	NA	NA	NA	NA	NA	NA	NA	NA	NA	NA	NA	NA	NA	NA	NA	NA	NA	NA	NA	NA	NA	NA	NA	NA	NA	NA	NA	NA	NA	NA	NA	NA	NA	NA	NA	NA	NA	NA	NA	NA	NA	NA	NA	NA	NA	NA	NA	NA	NA	NA	NA	NA	NA	NA	NA	NA	NA	NA	NA	NA	NA	NA	0.02225	0.05949	0.73309	NA	NA	NA	NA
GH59	0.24198	10.63588	10.75534	12.04851	11.61227	0.44163	7.926	0.37973	0.18779	8.07081	5.52947	5.21517	8.1529	10.97482	13.89694	11.29636	11.36833	16.74754	10.25834	18.10272	10.06947	6.08028	8.583	21.24445	19.93989	18.20383	21.21188	7.53976	7.48001	3.90786	6.68176	15.75447	15.16616	14.28795	15.13721	3.54141	18.3238	13.52765	11.38177	10.72182	1.8571	7.37256	4.00211	11.63629	8.89924	4.19177	2.01797	5.3562	3.61471	4.44354	5.89456	19.64144	21.82838	11.31133	20.85217	1.55395	10.0912	2.36918	6.52216	5.00674	9.52747	2.01899	12.78602	2.92185	1.92582	3.49457	4.79579	7.16887	16.58857	18.36971	10.27925	5.27868	13.05408	11.24886	9.64557	7.22387	14.75303	19.33495	21.77585
GH5_1	NA	1.19623	2.45311	2.46309	1.15137	NA	3.70327	0.0701	NA	4.9113	7.56361	3.14441	3.53915	6.54243	7.00005	4.92316	9.07846	9.10948	1.75766	16.02463	11.29799	3.98528	7.30644	14.23936	10.49102	13.64907	15.08237	8.48409	7.01402	4.50287	5.97435	13.60302	16.9533	10.87296	11.83666	2.66218	11.12278	9.06263	7.97677	20.56344	2.06195	16.97618	6.45916	16.4851	5.9662	3.22477	1.24895	3.7173	5.92935	6.7276	7.77478	8.75306	13.1685	3.98462	7.11658	1.07227	15.12141	1.12478	4.98128	6.37974	3.41052	1.00321	4.28151	2.19649	4.28426	1.84308	6.12361	4.04891	9.52472	11.86535	4.30594	5.14991	17.91529	11.67567	11.53595	1.8596	4.04813	5.73663	4.728
GH5_13	NA	8.19421	9.32951	9.51191	7.47705	4.64046	5.41229	5.77593	0.51953	2.13189	1.23586	3.8695	3.11439	4.89842	2.99695	7.02553	5.58711	4.99035	6.36016	2.40308	1.93704	3.72844	1.9499	7.01728	6.89655	2.72674	5.90939	8.35432	8.37334	10.20903	7.77875	5.19706	5.00379	4.21714	3.97076	0.29929	2.96012	2.60106	2.54659	3.69453	1.17051	2.81896	1.61411	1.6634	3.41481	13.30586	4.02318	2.99599	4.6517	11.70377	1.66197	14.47693	8.6563	11.06017	11.26829	0.18431	2.24566	2.84828	1.93962	2.28447	2.29256	1.83678	4.20429	5.14168	11.67807	5.97415	6.83432	7.8691	6.49671	12.03974	9.11998	6.79624	4.69126	4.15211	3.40164	NA	1.75648	2.41038	2.12969
GH5_18	NA	1.08073	0.73625	1.08242	NA	1.07124	2.65697	5.09969	2.67823	NA	NA	2.0378	0.85604	0.16417	0.40456	5.04915	6.5353	3.46888	2.72551	NA	NA	0.0856	0.06356	0.12232	0.24269	0.15571	0.47387	0.21135	1.94441	0.66461	0.54674	0.20427	3.94076	2.87149	3.30773	NA	NA	NA	NA	NA	NA	NA	0.23275	1.22649	4.79867	0.78604	1.25658	NA	0.41846	0.13053	NA	1.38683	1.4647	4.00172	0.83372	2.70737	0.77971	0.14608	1.70292	NA	NA	0.13132	NA	NA	0.1027	0.47149	0.13673	NA	NA	NA	NA	NA	NA	NA	NA	NA	NA	NA	0.37322
GH5_2	0.19341	45.14754	61.7996	51.60806	48.63719	45.23856	54.49726	31.71982	38.767	74.98714	103.9167	89.96632	77.92791	94.32721	98.22931	49.52503	53.21744	61.09457	44.21673	68.48212	79.4888	49.22866	59.27281	87.14817	57.79689	73.02008	67.48747	61.8363	72.28142	52.11248	58.24766	58.79871	44.10095	46.52243	42.22249	23.35254	57.95259	50.99566	45.80854	73.81998	48.22769	73.64985	61.2632	86.24364	72.45512	48.54473	37.24825	57.28673	61.56901	57.5575	91.04104	57.28508	61.00735	78.66879	82.9893	27.49812	57.23829	34.74334	51.66967	58.54015	47.31437	106.17833	63.44069	44.87652	56.34979	83.35238	41.06137	66.79926	63.5183	80.49099	34.3537	62.39501	62.22325	56.489	38.52071	80.66575	84.83433	55.57416	68.56468
GH5_21	NA	2.27036	2.72851	3.64534	2.07782	10.74491	10.07445	9.81588	1.06227	9.0933	13.06949	8.4534	6.13175	30.34711	22.22193	1.56496	1.65677	2.42192	1.82608	2.81079	1.15467	3.85416	2.98049	5.99921	5.93375	5.02393	6.78564	9.27733	4.12565	18.40797	5.98133	9.32263	9.99812	10.42811	13.46545	70.38721	13.94867	12.60715	9.73797	29.69807	71.98163	32.95145	67.09184	0.83291	3.01251	24.93499	9.559	5.46682	11.91734	13.0616	50.01186	3.37853	0.99433	2.67985	2.28212	0.17104	4.55275	4.74339	1.78271	4.41311	10.48992	138.55179	32.64822	12.00808	49.67579	74.12531	10.21386	32.03955	5.09765	41.13987	2.19589	25.56403	12.46307	5.77561	5.19129	NA	28.07261	16.82319	4.65964
GH5_22	NA	0.0792	0.16157	NA	NA	NA	0.27111	0.37946	NA	0.13571	NA	NA	0.11465	0.16242	NA	0.20819	NA	0.20843	NA	NA	NA	NA	0.12577	0.12232	0.24355	NA	0.16259	NA	NA	1.23119	NA	0.5498	0.82196	0.08608	0.29984	NA	0.4166	NA	0.87973	0.92786	NA	NA	NA	0.53927	0.59311	0.68514	0.20719	0.32409	0.44255	0.46761	0.53197	0.39196	0.90906	0.37603	0.81296	0.16981	0.39125	NA	0.31032	NA	NA	NA	0.93562	1.51396	0.41189	0.23322	1.27431	0.3773	0.39306	0.05693	0.23297	0.31368	0.07087	0.0435	0.20779	NA	0.10531	0.34652	NA
GH5_25	NA	2.29148	6.73435	2.29099	1.72036	NA	0.1457	0.1634	0.09617	0.24066	NA	NA	0.06175	NA	NA	0.90792	0.61638	0.67831	0.31233	1.06263	NA	0.63364	0.60966	3.26546	4.68414	0.66689	3.72527	NA	0.23717	NA	NA	NA	NA	NA	NA	NA	0.67203	NA	0.28875	0.48835	0.51023	0.96042	0.4913	NA	0.3666	0.71563	0.65427	0.67849	1.01655	0.54615	NA	NA	NA	NA	NA	NA	1.2516	0.64766	0.48998	NA	NA	0.14377	NA	0.31873	0.20912	0.24458	0.69425	NA	NA	NA	NA	1.70458	2.467	0.7778	1.56663	NA	0.34456	0.46779	1.1638
GH5_26	NA	2.60201	3.13111	2.09382	1.95064	NA	NA	0.19064	NA	0.1111	NA	NA	0.17799	0.19946	0.41199	0.88821	1.40933	0.88924	1.09832	0.17566	NA	NA	0.06473	NA	0.5982	NA	0.36296	0.25677	0.52495	0.45122	0.88565	0.16642	0.17449	NA	NA	NA	NA	0.23806	NA	0.56974	0.17765	0.09265	0.14138	NA	0.20821	0.32006	0.46772	NA	NA	NA	NA	1.01588	0.11863	0.51085	NA	NA	NA	0.20991	0.15972	NA	0.39189	0.15954	0.12991	NA	NA	NA	NA	NA	NA	0.1172	NA	NA	NA	NA	NA	NA	NA	NA	0.19004
GH5_36	NA	NA	NA	NA	NA	NA	NA	NA	NA	0.35932	0.18617	NA	NA	NA	NA	NA	NA	0.10348	NA	0.49793	0.36086	1.5135	0.18731	NA	NA	NA	NA	NA	NA	NA	NA	NA	NA	NA	NA	NA	NA	NA	NA	NA	NA	NA	NA	NA	NA	NA	NA	NA	NA	0.12642	NA	NA	NA	NA	0.23398	NA	NA	NA	NA	NA	NA	NA	NA	NA	NA	NA	NA	NA	NA	0.55733	0.22808	NA	0.03433	0.09295	NA	NA	NA	NA	NA
GH5_37	0.08357	3.23908	4.07456	3.79465	2.23015	5.62966	8.53612	0.63706	1.36082	8.80723	7.29878	20.96654	25.50673	17.27136	17.0993	10.7439	11.525	14.00323	4.6166	13.79907	9.51468	5.77102	7.59056	24.45261	16.6861	14.94586	21.29332	13.36923	11.96977	9.44316	14.22043	26.80335	20.9764	15.08199	16.45173	6.06333	25.82087	19.68195	13.20759	7.77659	2.98662	11.23873	4.79881	12.70083	12.89863	10.93301	0.9479	17.77865	14.32315	13.72099	22.39966	23.86682	23.9688	22.82522	25.12021	1.15662	15.38763	1.80666	7.3977	6.46465	12.80588	3.24529	9.2113	17.33658	10.2839	15.58557	10.09321	16.81942	25.98049	29.96135	16.48408	6.02911	15.3015	14.78702	8.94792	13.5355	12.12302	12.08961	23.2053
GH5_38	NA	NA	0.24449	0.27012	NA	2.18186	0.74643	1.3494	1.4212	13.663	11.53599	1.58797	3.0693	2.33771	3.63491	9.8857	3.97688	5.37529	10.04213	16.15354	11.19631	24.68816	9.09393	0.66643	0.66858	0.14299	0.29011	0.76529	0.39114	NA	0.6583	0.81275	0.9306	1.96921	1.0266	NA	1.82521	0.17738	1.004	0.85464	0.50334	2.53246	1.05344	NA	0.42768	0.45157	0.26132	0.88676	1.13517	0.9445	1.45714	3.5144	2.36683	2.22407	1.8336	0.31077	2.50603	2.03205	0.99384	0.76108	2.59733	0.47549	1.72433	0.27706	1.13168	NA	0.83304	2.05972	0.89099	2.06944	1.04537	NA	0.30102	0.05976	NA	NA	0.38544	1.38475	0.6746
GH5_4	2.30889	47.51355	46.21724	27.82499	54.14748	20.20515	51.19611	26.37885	19.10015	121.65728	187.14618	124.96857	139.42075	198.08297	179.85942	72.93963	76.76825	58.2718	40.80317	89.81208	57.56955	43.62803	46.29596	100.26692	94.3169	93.15771	94.12042	86.72164	72.6959	74.28911	72.93128	86.80275	101.28806	65.50776	64.24263	89.16554	84.62344	65.52431	54.45876	143.1163	266.2376	166.759	268.99848	67.41611	36.80303	52.61628	31.63461	36.67396	55.34411	52.13658	134.57535	81.84672	97.16539	44.9326	110.99364	7.98621	62.37363	53.24251	47.23214	28.30751	36.32265	134.96358	78.64341	42.44403	113.94641	186.67455	48.31223	145.78345	76.59181	221.59625	41.96806	101.16985	85.37114	62.59687	40.50779	17.36062	100.71985	91.33188	74.70224
GH5_41	NA	NA	NA	NA	NA	NA	NA	NA	NA	NA	NA	NA	NA	NA	NA	NA	NA	NA	NA	NA	NA	NA	NA	NA	NA	NA	NA	NA	NA	NA	NA	NA	NA	NA	NA	NA	NA	NA	NA	NA	NA	NA	NA	NA	NA	NA	NA	NA	NA	NA	NA	NA	NA	NA	NA	NA	NA	NA	NA	NA	NA	NA	NA	NA	NA	0.25116	NA	NA	NA	NA	NA	NA	NA	0.05102	NA	NA	NA	0.11638	NA
GH5_44	NA	9.2582	4.04468	9.43072	4.90456	16.26535	24.50524	28.0466	32.9807	1.05856	2.24268	5.31783	2.82895	1.43882	3.71609	19.58454	32.77469	16.20396	38.45763	7.04982	12.16926	4.64384	11.38246	14.70488	15.80804	15.5249	17.54086	6.00605	9.92154	5.60466	8.22123	6.54398	9.87772	8.36824	10.17008	8.39043	10.3267	28.12564	24.4475	7.36288	2.06179	2.47208	3.61692	12.44577	14.71584	5.67747	2.81302	24.57718	6.63088	6.77912	8.45913	9.3933	15.89247	24.14268	5.84308	28.8506	10.55577	1.91651	19.81295	9.27028	8.10191	0.99636	5.2725	6.79864	5.95065	4.23793	7.78336	11.92581	18.16808	4.19252	9.34294	4.8518	3.1985	5.5979	6.10902	11.68907	5.558	5.24544	9.58252
GH5_46	NA	2.81743	8.52167	3.04334	2.7374	5.4611	12.40528	4.4679	4.5646	1.63953	0.62172	1.88753	0.81434	1.85291	1.649	12.28127	6.42599	7.87485	11.13188	4.27272	2.42422	6.43537	3.13774	3.50577	6.35448	2.02488	4.26198	16.29529	11.06237	19.02657	11.9762	7.96335	2.67073	2.70261	2.18923	0.39128	1.64162	1.25098	2.54867	1.82848	2.20991	2.96997	1.11947	1.37904	2.74417	2.29197	6.61527	3.5671	2.78878	4.43273	3.17145	2.94882	3.64061	5.00917	9.81252	1.41103	8.51789	20.05936	10.45375	5.79632	1.35243	0.58754	3.77109	1.33616	2.07776	0.47771	4.3868	2.16584	NA	5.05447	3.11778	5.90557	4.75366	4.91878	2.33401	1.29543	5.29606	9.71602	9.45392
GH5_48	NA	NA	NA	NA	NA	NA	NA	NA	NA	NA	NA	NA	NA	NA	NA	NA	NA	NA	NA	0.30197	0.32827	0.15298	0.45975	NA	NA	NA	NA	NA	0.40436	NA	1.02329	NA	NA	NA	NA	NA	NA	NA	NA	NA	NA	NA	NA	NA	NA	NA	NA	NA	NA	NA	NA	NA	NA	NA	NA	NA	NA	NA	NA	NA	NA	NA	NA	NA	NA	NA	NA	NA	NA	NA	NA	NA	NA	NA	NA	NA	NA	NA	NA
GH5_5	NA	16.00867	17.00583	14.11642	15.81092	4.87327	4.87508	4.48057	3.54901	4.68292	5.25865	3.16164	3.19561	8.60604	2.03248	6.72945	5.7475	6.69015	3.2767	1.261	1.20836	3.04192	1.8595	4.18511	7.10291	2.84971	5.94437	6.03557	8.66317	12.1924	13.02758	0.89549	0.38037	1.16513	1.06132	5.93309	4.25371	0.8228	0.94036	4.37093	5.3602	5.53553	4.75862	1.45187	1.63015	8.93937	7.41036	0.32642	2.73793	0.96777	1.10332	12.63713	12.19552	11.93533	10.5969	NA	2.17512	2.16558	1.04138	3.02353	3.98271	6.39642	7.36025	2.81065	3.1065	5.26376	3.16742	3.71513	2.56782	8.35418	2.37517	2.40838	2.66649	2.90301	0.89444	1.77726	5.76664	4.64018	3.08681
GH5_54	0.12997	0.59702	1.00227	1.38383	0.24573	0.83893	0.33726	3.80257	0.97216	0.04871	NA	1.42144	0.72235	NA	0.41814	0.76583	0.35896	0.3367	NA	2.13874	1.74375	NA	1.71477	1.0339	1.73801	NA	0.49939	1.31742	3.16744	4.813	1.43705	1.25441	1.75548	0.27811	3.88467	0.14003	3.0488	2.28389	0.86859	0.4977	2.18307	2.99633	1.35962	2.71521	1.79304	1.86092	8.14185	0.3386	0.79731	0.54171	0.83368	NA	NA	NA	NA	NA	2.72229	0.29394	2.3318	3.85477	3.96365	0.69952	1.4868	0.32284	0.65601	1.99613	1.39619	1.20078	2.07463	1.11503	3.19667	NA	4.16499	1.77856	NA	0.41069	1.08021	2.56525	3.13445
GH5_7	NA	5.2873	11.43822	6.47409	5.05546	15.17723	22.05075	16.27508	5.92727	29.80225	46.52229	36.16551	33.8383	40.27711	43.45771	11.01294	6.69853	10.58977	12.06203	12.13862	7.13077	18.21855	8.28457	24.90074	22.39748	21.4672	23.68596	27.83097	16.45151	26.89526	21.22716	29.62079	28.61093	24.06119	29.4363	2.61455	12.42578	9.25917	8.27142	34.81275	70.11107	42.49296	60.65873	10.76533	10.22552	13.93569	11.62826	9.92536	8.78696	13.20406	26.78548	10.10042	9.87068	9.29601	18.35033	1.05027	17.43209	19.56595	11.32165	5.37045	7.96602	58.8485	19.11846	8.58619	36.16852	42.94914	18.03854	33.96769	12.51034	50.84298	6.27183	30.26463	26.49609	18.45734	19.69878	0.43885	32.65668	21.7329	12.17914
GH5_8	NA	10.44871	18.29281	16.04028	4.46972	NA	0.5207	NA	NA	6.92171	2.80865	2.47526	1.82081	1.31176	3.22623	1.20779	1.73027	5.36511	1.72877	8.07621	7.96189	8.0014	6.51855	11.03303	14.52301	9.36333	10.04627	5.05842	7.87675	5.55992	5.39542	10.53863	20.60132	7.73639	8.16503	9.13961	17.66517	7.35917	8.55866	NA	0.09067	4.14607	0.26531	17.13857	5.40954	1.90698	NA	1.87898	2.23046	4.17499	4.91065	7.43012	7.569	4.34091	7.60297	NA	14.07714	1.64402	6.50353	1.58949	1.48269	2.24642	4.29176	0.1163	0.35627	NA	1.88822	7.18564	28.85732	25.61845	7.23919	5.05567	7.33337	5.40444	5.26745	0.89728	2.66508	5.97303	5.9431
GH63	0.21858	24.93156	43.46215	26.72742	21.71555	56.92396	68.16366	40.7022	39.52508	17.57945	14.44143	23.03781	17.94651	20.47764	17.9025	23.63045	28.46722	27.92456	31.50446	28.72438	16.67837	31.07229	16.5656	42.13001	60.75529	27.51905	49.9626	66.64587	50.19339	72.20003	79.55238	57.67223	36.6718	52.42618	49.16506	5.03519	14.82252	7.05954	21.77085	47.73673	101.71077	54.96806	75.87236	12.10587	23.19464	40.90832	35.88801	5.87724	28.49385	16.31039	12.44767	36.4817	34.3135	43.00355	52.62432	3.44995	21.05822	30.92053	12.84424	17.43256	27.75421	10.12243	47.99889	15.94344	25.92217	20.79652	36.21315	13.91402	23.67812	33.81093	30.93639	43.4487	37.78389	23.0083	31.61516	7.42288	19.27612	27.46399	28.64242
GH64	NA	0.40952	0.92778	0.93064	0.38168	0.23242	0.28386	1.99684	0.46595	0.23032	NA	0.99309	0.28415	NA	NA	0.25559	0.58311	0.2487	0.50192	1.46628	3.04032	0.19911	1.30691	0.67762	0.9091	0.12431	0.39126	0.3754	2.65122	0.71135	1.51528	0.56728	0.77705	NA	1.43111	0.37413	1.81827	0.66437	0.24064	0.73807	0.42386	0.58215	0.19257	1.35226	1.62613	0.64979	2.90526	NA	0.25962	0.48333	0.41033	NA	NA	NA	NA	0.34985	1.62011	0.33136	1.64616	2.16632	1.51409	0.2173	0.55869	0.09267	0.0795	0.2046	0.34473	1.50429	1.0682	0.58433	0.55505	NA	1.63974	0.90148	0.34758	0.6284	0.75035	1.04117	1.32069
GH65	0.54299	33.64157	39.22177	44.9248	28.28824	61.04419	53.53059	48.48814	18.0968	17.33929	14.64222	24.71404	19.08481	15.01415	20.50298	46.68888	38.85164	44.01626	37.57411	34.64537	31.54624	48.02205	36.32359	37.52535	39.34133	39.80686	47.91171	48.31833	48.23792	58.6472	54.77681	54.56079	46.55241	40.02983	43.44594	9.6188	29.92296	25.86978	44.1541	20.33936	13.68713	20.09716	10.33597	26.62841	28.78746	28.33179	39.71114	18.91658	31.84867	31.19524	26.30873	33.6691	32.55368	31.39452	31.72014	20.05202	39.43814	37.5235	40.80091	70.84774	67.63564	46.05393	47.64877	45.64086	30.58723	41.53279	45.30406	23.74734	34.52379	37.99637	43.86991	26.85791	28.82993	37.14003	27.01979	28.06647	36.56187	50.97713	53.05055
GH66	0.03333	37.10087	49.55862	41.76616	35.6953	24.32084	40.53585	23.48476	15.71448	22.13798	19.20286	13.30126	9.98879	12.94782	6.80555	21.58218	19.36164	16.0255	24.13922	27.64935	15.61137	28.95107	11.88595	29.40935	35.07965	23.15849	34.84827	61.69342	62.13807	62.26779	54.34826	34.85051	22.84261	17.93137	19.34128	18.82851	12.95269	10.40272	13.44818	19.76214	13.68332	20.48764	11.96154	23.02644	25.04925	31.14219	43.0584	12.80071	13.1912	11.50797	10.98496	24.29963	26.75271	37.03504	44.5078	3.16318	13.37046	9.35687	8.02224	23.84147	20.46465	84.21503	40.19878	14.63681	31.86613	28.60666	33.14561	11.94604	8.38878	18.04062	11.12429	20.51836	27.47363	19.75669	19.21147	9.12785	10.71427	20.52867	16.18488
GH67	0.27362	69.56408	49.19717	42.46289	77.51311	37.16367	24.46419	24.17436	8.44468	71.55508	104.63313	71.79556	73.74363	96.69571	89.24696	46.12951	40.38643	39.22935	37.19476	53.28874	33.41683	72.13213	35.90767	29.07894	22.58151	34.44561	25.59857	45.99354	34.19741	46.28811	54.47625	43.44577	48.25606	49.87145	57.59494	124.83502	45.91617	38.29081	35.95438	59.7058	143.52863	73.38104	120.74591	15.83629	19.3264	43.0174	23.40636	13.49577	22.78479	22.98257	49.12523	31.32536	28.55406	27.06301	28.39783	16.68903	35.62635	85.85796	37.1088	17.54732	22.53873	124.89958	53.86843	24.51075	63.85538	91.35695	27.13694	70.94886	23.60517	91.15698	24.26223	86.35666	48.08864	54.83344	25.74745	18.34066	110.50484	96.83899	45.83018
GH68	NA	NA	NA	NA	NA	NA	0.38131	0.54397	0.56454	NA	NA	NA	NA	NA	NA	0.07757	NA	0.13419	NA	NA	NA	NA	NA	0.33377	1.27003	0.11883	0.89257	NA	NA	NA	NA	0.06916	0.29011	0.43465	0.37312	NA	0.33689	0.87876	NA	NA	0.06053	NA	NA	NA	NA	NA	NA	NA	NA	0.13713	NA	0.14357	0.15529	0.03991	0.31486	NA	NA	0.1074	NA	0.32904	1.59534	NA	0.72579	3.98749	14.51756	11.26399	17.86421	NA	NA	0.19847	NA	0.56876	1.51335	0.62879	2.31625	NA	0.54431	0.09924	1.04181
GH70	NA	0.27585	0.3495	0.18623	1.76372	0.43977	1.73135	2.43302	2.42947	0.09823	0.16304	0.16782	0.04909	NA	NA	0.34507	0.11033	0.32479	0.5623	NA	NA	0.21346	0.22467	0.77033	2.43051	0.90994	6.59304	0.18182	NA	1.14347	1.07754	0.93437	1.63484	2.19794	2.19715	NA	2.63766	3.12358	1.90795	NA	0.4082	0.14022	0.55226	0.04766	0.23044	0.08445	NA	0.52764	NA	0.11229	NA	0.17349	0.76975	0.48957	0.48833	0.32554	NA	0.48698	0.50272	1.20589	7.90927	0.14073	2.09565	20.11449	76.33246	56.72272	93.87904	NA	1.72775	1.77727	1.79824	2.70919	6.14535	4.57071	16.14413	0.36281	3.90587	0.89615	2.70238
GH71	NA	NA	0.12005	NA	NA	NA	NA	NA	NA	NA	NA	NA	0.17901	0.48038	NA	0.16896	0.8981	0.85924	0.24711	NA	NA	NA	NA	NA	NA	NA	NA	0.60202	0.15151	0.78639	0.40711	0.11814	0.24526	0.32019	0.21112	NA	NA	NA	NA	NA	NA	NA	NA	NA	NA	0.14232	NA	NA	0.10386	0.41314	0.37709	NA	0.07271	NA	NA	NA	NA	NA	NA	NA	NA	NA	0.21683	NA	NA	NA	NA	NA	NA	0.09897	NA	NA	NA	NA	NA	NA	NA	NA	NA
GH72	NA	NA	NA	NA	NA	NA	NA	NA	0.07799	NA	NA	NA	NA	NA	NA	NA	NA	NA	NA	NA	NA	NA	NA	NA	NA	NA	NA	NA	NA	NA	NA	NA	NA	NA	NA	NA	NA	NA	NA	NA	NA	NA	NA	NA	NA	NA	NA	NA	NA	NA	NA	NA	NA	NA	NA	NA	NA	NA	NA	NA	NA	NA	NA	NA	NA	NA	NA	NA	NA	NA	NA	NA	NA	NA	NA	NA	NA	NA	NA
GH73	8.67135	197.05016	181.88526	196.89719	188.05658	251.36962	263.46726	243.69282	259.55568	243.67251	254.97416	200.09738	183.89154	242.89605	228.87817	238.3587	211.35165	222.29097	226.57965	231.32111	189.23701	290.57848	184.13963	140.12689	176.6161	173.41193	159.20241	195.56114	172.06776	245.188	185.83791	159.92427	186.85974	163.25729	160.38736	166.73665	159.37875	170.40347	164.38017	262.71442	363.96108	308.07274	392.94292	194.28981	188.80019	207.10717	159.25187	168.57983	218.73574	201.63675	209.65561	196.3197	210.76678	204.95005	229.90987	210.3666	177.27536	260.83244	186.49165	223.47471	276.59154	606.1072	343.16392	145.84966	210.31371	181.32148	234.728	259.65995	170.80124	254.26121	242.05432	259.67254	210.60257	203.96491	213.00158	144.31866	209.24128	231.05479	180.4307
GH74	NA	5.56209	12.07133	4.91614	3.13545	1.71425	11.538	4.05266	4.77676	6.5369	7.70716	2.61154	3.92931	9.69033	6.34069	5.13967	6.93491	8.55706	3.84291	10.11284	6.95335	4.28973	5.3013	44.03666	41.42829	28.06137	35.34835	24.31043	21.04986	15.03011	19.16414	29.29358	17.15129	19.51448	21.91637	4.88752	19.11294	8.75346	9.13211	2.99171	2.22785	3.16235	0.55673	9.77359	7.23713	5.96123	5.78378	3.21202	3.64047	3.64143	1.07936	5.85136	11.07661	6.85094	13.97929	0.93081	22.37813	3.20802	6.59929	2.47146	5.47312	1.46586	8.19979	3.33122	4.09928	4.05421	11.59809	4.65814	5.14036	15.70814	3.96611	6.06045	18.86585	18.76287	10.68917	NA	2.14565	3.03765	5.34279
GH76	0.30659	39.24603	60.51988	51.03085	32.22842	96.48012	80.93713	45.90387	28.75671	19.28563	19.36649	16.46587	16.04872	17.9629	12.88337	110.29379	71.54209	72.13118	106.23822	42.92172	24.85961	52.54048	27.76885	42.27968	63.7853	24.80561	46.4204	110.69635	98.66267	122.71282	107.53374	42.27999	37.60757	31.14279	36.75864	5.63707	27.67207	10.45729	23.48593	32.60304	20.85781	34.92538	18.88878	9.80999	19.55266	40.3238	45.6937	4.7886	19.55197	18.63642	16.73763	64.15167	49.0767	62.1363	79.06584	2.06841	14.38124	18.76826	6.06627	8.61753	30.79427	11.99397	33.99428	21.85404	41.22709	17.53546	43.73767	24.28749	19.43138	44.71754	17.78178	51.56635	54.96396	39.23047	31.93214	12.4204	54.5165	75.60639	68.05595
GH77	6.38844	449.97081	452.76473	426.49685	435.45431	359.16945	384.17661	384.61316	422.78451	334.92656	400.54603	399.7566	445.24283	415.27706	466.75887	473.15018	513.44116	500.8725	495.8336	395.32121	433.4459	360.03455	452.80295	482.10248	454.21631	449.80845	471.7672	406.11402	439.45103	332.92744	392.48767	395.72027	433.66801	426.0509	413.78708	540.60987	472.8786	514.27889	426.8503	425.34811	405.18237	442.396	429.43369	432.31953	409.42567	354.7403	337.14091	402.31858	325.7044	368.56973	410.82055	409.06526	447.24955	449.14018	429.22882	512.34632	406.13433	285.03178	473.72939	410.52332	422.03368	427.34317	341.82239	428.79064	388.48358	430.87613	402.80982	376.1765	402.21221	377.96908	395.02809	426.24483	444.88104	483.35781	437.89327	449.88726	423.18682	407.58345	441.11219
GH78	1.44119	208.45099	236.43674	207.30774	188.46301	313.0868	200.53904	183.34947	186.44687	146.34467	142.59667	132.75999	127.10797	117.21416	121.85389	257.38724	243.2958	227.11497	277.42553	183.94346	142.80131	265.4072	154.12538	243.52438	259.48773	207.0201	247.98846	299.54811	287.19621	347.33845	311.72174	259.47084	249.15554	238.42463	234.81862	62.10164	163.80036	116.90291	211.51963	156.55244	130.99517	164.41717	103.53912	122.54469	147.862	254.75591	217.78504	119.97963	148.71878	198.72804	115.23764	212.15147	198.78652	225.50926	222.50506	96.77952	181.71942	260.72796	169.41416	208.61615	249.70735	300.48584	272.51058	149.55347	196.04883	164.62115	193.5869	241.96894	188.02409	268.80515	211.11452	171.81135	184.7514	163.50362	208.62712	154.76255	136.4117	165.13287	191.01518
GH79	NA	1.11748	1.39703	0.61106	0.62059	0.74703	1.97524	3.14624	2.93223	0.38272	0.30493	1.05218	0.47484	0.35528	1.53137	12.84353	10.06297	7.11357	3.80615	1.08442	0.59535	0.43635	0.57564	2.62204	1.67167	1.93183	3.77198	3.16312	2.0627	6.45847	1.96845	0.96861	1.97284	2.69385	1.80428	2.87789	5.43822	4.28357	3.13278	NA	0.38285	0.69142	0.17455	2.10273	1.66908	1.39512	1.83805	0.78715	1.08157	0.80266	1.27166	0.75326	1.77287	1.88405	1.3805	1.845	0.74828	0.32478	1.15721	3.71299	2.75791	0.98341	0.27939	0.98153	0.81728	2.66638	0.29329	2.87001	0.74152	1.28517	2.06675	1.94157	1.51347	0.79782	0.47721	0.72341	0.87934	1.4938	1.89834
GH8	0.10016	50.64341	36.64205	25.87922	55.35967	31.67259	30.76529	30.48803	25.50122	67.47248	100.41688	74.4687	79.43393	101.16764	85.89601	43.3919	35.74281	35.58473	51.02356	35.26023	47.70001	40.99724	53.33526	54.56866	46.17325	64.86424	52.89718	39.55052	52.52357	34.95697	43.90119	38.48613	37.48591	37.14321	39.84834	29.17216	31.18782	44.59499	40.67889	65.10722	135.72858	72.87836	123.19757	34.9349	40.36003	34.10769	14.62849	18.98591	15.36128	20.96374	56.23632	43.993	29.94352	44.43993	38.24754	35.30454	27.21051	21.82663	46.50916	39.85052	37.5781	85.66629	32.32133	36.48251	62.93122	88.75644	38.82267	49.91481	18.97184	51.5223	15.56595	43.42231	34.26777	50.42207	28.82319	49.56776	23.03322	21.69199	33.21112
GH81	NA	2.77114	5.69449	5.42511	4.12545	0.58864	1.00256	7.75372	1.88901	0.5955	0.73797	7.22346	6.96248	6.3852	5.07791	1.72706	1.49461	1.37195	1.60107	3.80355	9.40597	0.73592	7.11819	4.06549	3.82659	1.37773	1.97989	4.92548	4.99939	2.37195	6.539	2.56917	2.26145	1.81115	6.09234	0.65639	7.74388	5.39199	2.71721	0.41031	2.47594	3.6142	3.06385	8.30386	4.68181	2.45627	10.26538	1.01239	1.06595	1.00731	1.56477	0.60024	0.12699	0.80665	NA	1.48698	3.60133	1.03278	4.59396	6.40004	4.70715	0.79183	2.56026	1.61784	1.4237	2.00232	1.9607	7.29953	5.00048	6.76395	6.95536	6.38191	11.24185	8.16844	5.01772	1.925	3.32669	4.75067	3.19512
GH82	NA	NA	0.17796	NA	NA	NA	NA	NA	NA	NA	NA	NA	NA	NA	NA	NA	NA	NA	NA	NA	NA	NA	0.09218	NA	NA	NA	NA	NA	NA	NA	NA	NA	NA	NA	NA	NA	NA	NA	NA	NA	NA	NA	NA	NA	NA	0.14275	NA	NA	NA	NA	NA	NA	NA	NA	NA	NA	NA	0.07129	NA	NA	NA	NA	NA	NA	NA	NA	NA	NA	NA	NA	NA	NA	NA	NA	NA	NA	NA	NA	NA
GH84	0.05867	59.7535	58.11275	33.59822	44.16775	61.68106	57.44267	34.80383	46.70832	26.63048	24.79978	32.21541	27.76358	34.46003	24.75716	44.67038	40.99577	45.98439	54.43364	35.45316	30.40605	47.72343	32.32882	36.27676	48.6909	24.99472	42.16221	58.84771	42.28567	65.81239	60.48864	45.21893	39.11384	39.73242	41.87801	63.78643	24.61905	18.9537	25.57307	27.56325	63.77204	33.01621	39.36943	15.42958	21.72756	50.68094	45.30713	15.25409	40.63393	26.13419	15.39307	50.67328	47.26566	55.41012	58.74868	14.92941	35.07245	49.32003	30.53125	17.78934	40.75733	66.35756	64.03779	18.00397	36.55122	32.57755	44.8137	38.06421	32.35276	56.62955	79.784	39.00045	35.72166	34.39578	35.33925	10.1892	56.09349	63.61834	30.24889
GH85	0.20192	13.56882	15.81817	16.84824	15.81978	15.03964	14.5056	21.07177	17.97463	4.2514	5.02042	4.54551	3.89544	3.47767	3.55073	21.37454	23.50821	20.74126	26.42706	5.51935	3.89316	4.13268	6.46719	14.25291	19.82505	15.30986	14.2724	6.51302	6.93689	6.12792	9.09009	5.33121	9.90441	8.48741	12.12651	6.823	4.43304	2.84962	5.57233	7.17805	8.92606	13.29489	8.8774	11.9939	21.13428	14.79715	13.10699	2.0523	2.92607	3.395	1.51535	11.95059	11.4115	15.40379	7.8532	10.77289	4.71733	2.995	7.10046	7.29336	8.74078	5.69677	7.98739	15.45681	6.72153	6.6319	5.78021	6.37115	8.5799	6.57643	7.33367	12.43359	16.31671	14.36593	14.02603	11.59308	18.16068	21.92141	17.86638
GH86	NA	1.79754	3.98292	2.91549	1.56596	NA	NA	NA	NA	NA	NA	NA	NA	NA	NA	NA	NA	NA	NA	0.09771	NA	0.0495	NA	NA	NA	NA	NA	NA	NA	NA	NA	0.01867	NA	NA	0.0432	NA	NA	NA	NA	NA	NA	NA	NA	0.06229	0.07834	NA	NA	NA	NA	NA	NA	NA	NA	NA	NA	NA	NA	NA	NA	NA	NA	NA	NA	NA	NA	NA	NA	NA	NA	NA	NA	NA	0.01637	NA	NA	NA	NA	NA	NA
GH87	NA	0.11034	NA	NA	0.2147	0.12364	0.39456	0.18786	0.29017	0.01996	NA	0.20191	0.05512	0.16503	0.60519	0.80516	0.45363	0.10459	0.44371	0.33345	0.54738	0.08608	1.04865	0.11327	0.23083	NA	0.30365	0.09337	0.10832	2.47238	0.42853	0.11067	0.16122	0.59053	0.39672	0.12141	0.54371	0.63647	0.12362	NA	NA	NA	0.05777	0.5208	2.10235	0.94381	7.0673	0.31266	0.6118	0.96045	1.10028	0.26958	NA	0.08757	0.11576	0.36238	NA	0.20799	0.21971	0.38905	0.6847	0.05774	0.1758	2.30258	9.85398	5.707	11.41505	1.61006	1.43775	1.67856	1.24996	0.44363	1.29008	0.92093	2.20155	0.56789	2.44443	2.36407	5.46819
GH88	0.32784	181.9909	187.04796	201.5423	161.64458	358.93908	326.76417	244.7803	332.09313	146.30709	92.84729	77.29618	70.53767	76.4239	71.12279	135.7798	141.46425	138.15987	137.578	147.45806	107.44399	163.71022	88.94359	169.86223	208.37224	129.42745	195.15945	290.27116	206.3239	342.5792	306.91456	274.44278	228.70219	252.56574	255.45036	34.00894	73.4088	59.42603	82.29949	128.15013	94.47666	126.14021	80.12835	53.39891	103.3667	221.14545	128.26084	27.85008	75.83813	56.00571	52.07963	209.74172	186.40003	206.14711	271.76409	171.80197	92.63445	139.76378	84.36036	47.75539	119.76582	37.85892	142.53333	58.18719	95.43747	70.70517	115.19359	71.1887	69.88244	104.97961	189.69365	121.77226	120.15948	114.33606	107.21755	41.06727	99.93065	107.37625	92.97923
GH89	0.1573	107.22345	102.65513	95.761	109.24987	180.4622	119.60347	57.75539	91.08702	66.60194	62.17731	56.81409	52.83796	51.60468	45.20021	83.86062	84.83312	88.41319	84.05152	71.59084	52.6671	93.44378	55.74114	102.84245	120.24398	60.64632	96.70008	140.72917	122.43265	187.32774	158.67498	99.44463	82.499	99.82478	95.16581	109.92233	63.23548	38.33501	57.13769	64.68225	92.53442	74.18472	50.42916	37.35286	60.67931	127.18926	107.99413	26.37191	76.16253	53.63571	34.43168	132.75547	99.29212	127.38057	153.48777	19.38572	48.17159	93.15677	47.4195	42.72382	109.23439	52.48272	131.92519	36.50865	93.20786	73.82157	72.86538	69.57229	67.27276	116.47707	135.48925	92.05641	81.86788	78.89344	58.72268	28.72721	118.21381	119.38984	60.42473
GH9	5.92106	59.37708	108.82353	61.18173	53.79077	115.6812	208.16731	106.56235	127.00658	32.50889	31.12884	58.69692	53.92102	61.35914	69.25702	49.9811	63.8912	60.75754	32.83521	89.0509	86.46268	71.18223	60.19144	79.72885	106.73355	65.34046	93.3779	179.56603	130.09663	180.49718	151.91885	91.7986	72.78913	66.15006	70.47476	48.20706	65.08316	51.73745	63.58103	123.66	47.20695	102.21504	61.36569	43.11437	39.68365	53.69803	71.82701	47.60582	56.35711	40.50675	56.17552	83.38815	105.83059	103.26132	137.31913	17.37921	76.77771	24.81152	58.87261	40.28088	41.72406	26.00333	63.16375	46.18451	71.13673	96.49252	77.50545	54.45154	54.60109	85.81147	41.79136	69.8501	97.50271	83.23687	72.29413	33.64167	122.39182	119.07977	72.67347
GH91	NA	19.0626	16.36944	17.01103	6.91857	6.96769	3.66278	4.53986	1.50249	5.42801	4.56148	5.23655	2.4749	2.72057	2.68883	9.08806	7.23628	6.83747	11.64501	9.05503	4.05114	21.01153	9.50657	10.87892	14.55629	8.3808	12.10761	11.89493	11.09057	19.27374	10.32642	20.34112	18.8	17.84456	14.55329	4.12807	9.01921	9.18669	10.8994	7.50132	5.05959	12.24458	4.06622	19.06652	12.06099	9.80805	5.90204	16.14603	11.54789	13.20171	11.34322	21.13094	13.52565	26.59064	21.07032	6.28947	17.51425	4.4205	7.04192	19.13461	8.65934	3.51561	6.78031	4.68183	7.80141	6.7032	4.55943	9.39486	9.40974	6.71291	34.96639	11.73823	9.14428	5.43562	6.66859	5.02366	3.9167	3.85981	6.26469
GH92	1.62794	542.50157	520.82325	440.82588	524.7578	829.22869	620.30391	376.4898	409.58636	341.81259	309.56078	275.179	255.31999	286.87717	220.03424	525.36482	413.98721	435.87192	552.07163	383.10747	269.07505	494.99758	232.24804	454.30904	593.54966	301.47334	503.03436	711.08122	545.66562	804.13137	754.73091	512.36321	387.78668	434.97072	442.48602	474.42534	360.60085	187.35538	342.65458	325.98852	435.00578	380.39837	299.88478	101.7572	221.54046	463.76229	476.48303	65.05603	209.58315	175.52259	193.9946	497.58129	400.77832	519.65742	641.80594	119.92918	359.70078	708.82137	285.62881	81.40722	320.67202	335.29886	454.1817	161.43066	375.31237	281.94426	359.86984	245.041	212.02033	430.58213	389.42279	450.56315	434.41341	389.29945	355.91305	71.23237	513.1511	557.15107	316.40446
GH93	NA	0.66318	0.41579	0.39582	0.63258	2.82029	1.39379	1.13854	1.04056	0.20673	0.92921	0.25447	0.73316	0.94354	1.14516	1.62489	1.54521	1.73024	2.1374	1.77038	2.12441	1.35306	4.75207	0.57275	0.6752	NA	0.86944	0.88522	0.84978	0.25137	0.14101	0.74658	0.49719	0.60917	1.03452	NA	0.46545	1.64878	1.05295	NA	0.07154	0.52286	NA	0.12458	NA	1.05114	1.0759	1.58647	1.59274	2.35855	0.42864	0.46007	0.34539	0.56127	0.38208	0.67505	NA	0.15179	0.49187	8.71568	6.51929	5.80287	5.41199	0.66975	NA	NA	0.15444	0.65515	0.78713	1.69964	1.76945	0.8696	1.88885	1.18126	0.89891	33.96062	12.53204	4.45022	11.12875
GH94	1.44942	176.06199	192.62504	168.46165	167.80036	154.16788	184.97331	170.70997	182.47224	178.37633	225.73339	177.31397	173.27532	194.59101	192.54338	174.45154	204.45897	206.04484	161.99788	213.74166	240.68464	171.93317	196.37085	288.31263	229.91502	299.40096	243.85148	202.88882	244.61552	173.44602	218.06913	193.67999	179.11057	203.78617	176.90143	238.95923	226.12917	190.09407	201.13045	270.67271	182.10925	252.37146	217.04188	314.56709	230.2656	148.85184	169.8089	180.49665	201.49022	185.42829	202.95734	214.11367	217.78269	239.57914	210.63032	156.74181	178.32809	67.14481	196.66952	272.51444	204.45708	245.17279	179.7355	175.29775	203.51052	272.59566	143.55186	193.89522	226.77289	203.6978	190.4614	256.57614	261.54174	255.56376	215.89284	286.11561	243.04942	221.3727	233.40042
GH95	10.2545	191.0369	187.34298	166.2014	191.4851	268.89662	217.29858	178.20634	187.16142	181.94022	225.17245	186.79256	188.16367	240.90596	210.95654	171.30121	160.837	187.3333	201.13733	181.98741	145.47448	295.04592	146.32418	179.72823	222.17724	129.29551	190.99145	305.84114	233.8258	355.18669	306.38951	257.27252	207.36961	253.83657	236.18892	261.2572	144.365	118.43206	139.4891	174.3847	319.09306	209.01224	256.25894	107.4796	137.78891	259.11021	221.55874	61.52469	126.18216	107.91765	142.05169	245.68384	206.86212	227.18665	269.32502	70.14726	168.70314	289.69614	152.03261	89.36547	163.83146	382.53121	242.10432	124.34032	240.57946	273.24791	189.96662	246.6844	145.11042	321.96216	204.05189	249.52739	215.70158	208.84429	157.46956	83.58638	301.23864	305.3464	152.76234
GH96	NA	0.03412	0.05609	NA	NA	NA	NA	NA	NA	0.03897	NA	NA	NA	0.20957	NA	NA	NA	NA	NA	NA	0.2292	0.27489	0.07931	NA	NA	0.13463	NA	0.5335	NA	0.27642	NA	NA	NA	NA	NA	NA	NA	NA	NA	NA	NA	NA	NA	NA	NA	NA	NA	0.40876	0.69937	0.32574	NA	0.17785	NA	NA	NA	NA	NA	NA	NA	0.7122	0.47414	NA	0.16208	0.25927	NA	NA	0.58466	0.23794	NA	NA	NA	NA	NA	NA	NA	NA	NA	NA	NA
GH97	99.26803	566.48098	549.92424	374.98181	619.84042	698.24844	565.84784	371.24618	375.8841	569.32374	679.11761	460.58551	451.46989	614.21737	535.34651	329.57677	306.02014	305.57176	390.15056	353.94595	223.45364	527.4833	206.33889	397.18359	546.36193	295.67345	454.81154	741.93087	570.24288	806.15268	730.1899	489.75859	346.06517	417.27201	435.19957	777.46804	340.5548	225.97448	292.81789	479.10164	991.64822	610.42246	864.78763	90.77004	216.24829	475.88142	403.82629	88.3076	228.14997	179.86915	361.47422	417.50603	378.16685	483.47007	607.04723	91.88282	260.58996	584.60682	246.66528	102.01339	305.27418	895.89384	535.4988	203.64438	556.6157	647.78487	355.64412	477.62046	172.14829	694.14067	333.33918	576.37559	435.94494	376.54926	299.80993	56.36137	575.97069	562.93385	235.55772
GH98	0.07566	65.16578	33.09562	9.52401	75.36829	2.9626	3.44675	8.08645	4.4509	23.11764	44.38916	31.4712	30.11038	40.92913	39.36416	2.18012	1.95471	0.44176	0.49422	6.01938	4.82077	2.15399	4.76695	0.26083	0.63704	0.33204	1.30544	2.99258	1.40335	2.04682	2.9366	4.24231	3.44907	1.68503	2.12974	91.05975	22.39245	20.39565	13.37115	NA	0.83306	0.52421	0.9615	0.6363	0.7606	3.13542	1.86576	4.80415	5.98084	6.19874	21.77344	5.67116	6.39109	6.21795	5.28702	0.52847	1.89537	1.18367	0.30838	3.76439	4.91916	80.03984	16.65201	1.17692	0.95737	0.2134	1.77907	19.51293	7.2809	22.97393	2.91673	1.16821	0.73372	1.03265	0.48892	0.71587	1.90157	4.10938	1.55592
GH99	NA	3.09098	3.52012	4.20811	2.33407	1.87191	11.36344	1.26662	1.0986	0.80606	1.20669	0.11508	0.24959	0.47907	0.76418	NA	0.3179	0.9714	NA	NA	NA	NA	NA	0.64781	0.56373	0.19713	0.70081	2.05591	1.52987	3.88287	5.08043	0.81776	0.63358	0.48875	0.27805	NA	0.22552	0.16349	NA	NA	NA	NA	0.19188	0.52067	1.57845	3.53281	1.54236	NA	0.26348	1.60777	NA	0.96908	0.77276	3.02397	4.70714	NA	NA	0.05122	NA	NA	0.85445	0.11124	0.92917	0.90101	0.17384	0.59008	0.65916	1.60005	0.6896	3.99083	1.20701	NA	2.74094	1.43007	1.13745	NA	0.68736	1.41177	0.89306
GT1	0.42008	6.51281	5.69746	5.41738	3.85851	6.86349	8.34544	11.58863	5.61263	1.75977	2.67263	9.79855	6.8269	7.61791	8.93047	7.87452	8.8814	11.67452	5.62684	4.25967	12.32663	5.14073	10.27468	7.55803	10.97172	2.65029	5.55844	5.08415	4.519	6.69704	4.23004	6.16344	6.70155	8.40996	8.11915	4.22949	10.02054	18.18754	14.79408	5.54772	2.10854	4.75549	5.26223	15.00519	10.46357	13.82621	13.77294	5.32281	14.54507	10.93846	7.66247	17.4528	17.64375	14.32042	15.37299	5.63877	9.38927	2.1946	2.89217	17.47678	15.72553	4.75163	9.28098	16.49381	9.94627	9.61384	14.38001	9.16575	11.74706	8.68987	14.43658	10.89083	15.8829	11.28339	20.83821	9.14851	5.93318	5.77089	8.51648
GT10	3.41616	4.9377	2.28681	3.30863	2.94403	11.00095	11.23208	3.99167	4.86629	21.80403	15.72122	10.39715	6.08137	5.07829	7.8156	4.77712	4.91578	6.10929	5.77742	3.9561	4.10542	2.30468	3.55604	4.53365	5.43368	3.37544	5.11384	8.98498	7.06438	23.30364	12.69546	9.63904	9.13051	6.36555	10.42062	0.27272	4.38179	3.5976	10.27662	1.76688	2.79477	5.29535	3.03191	12.4249	3.8861	10.72862	19.66069	4.6696	12.05872	7.6484	3.30513	17.69798	6.42651	17.25515	17.35156	0.78376	3.9703	2.26361	1.83893	19.06511	16.49687	6.36146	17.55058	2.46581	7.65587	2.1764	7.41367	4.64055	4.80807	6.04452	5.19464	6.17188	3.82715	5.31557	2.74567	1.93904	3.34794	5.78228	4.45984
GT101	NA	11.38055	8.12085	12.31275	9.88862	14.62675	20.41569	4.72373	10.05372	7.02168	7.01059	15.636	12.31512	10.35422	11.31997	8.24679	21.32682	11.79851	18.12966	6.62153	3.76692	2.88563	3.20894	10.19117	7.88646	9.412	10.50474	3.19675	1.49919	7.12794	7.96542	15.30297	9.63076	15.42213	11.08512	6.67624	7.20723	8.95937	6.03565	10.55275	11.52137	16.72164	4.34776	18.28952	10.48486	7.93837	6.84849	18.61929	25.08923	21.16872	17.36444	10.1488	11.12702	8.82112	14.96964	33.31898	29.72071	38.13644	41.9459	10.67188	21.06969	6.03164	31.57851	7.10776	18.46765	6.82766	18.13069	4.32261	6.36163	9.62502	6.72981	12.4578	12.70368	8.63657	7.90285	5.47641	2.49243	6.99884	9.30039
GT102	NA	NA	NA	NA	NA	NA	0.16504	0.56653	0.77809	NA	NA	NA	NA	NA	NA	NA	NA	NA	NA	0.19749	1.1042	0.30928	1.60729	NA	NA	NA	NA	NA	NA	NA	NA	NA	NA	NA	NA	NA	NA	NA	NA	NA	NA	NA	NA	NA	NA	NA	NA	NA	NA	NA	NA	NA	NA	NA	NA	NA	NA	NA	NA	NA	NA	0.15612	NA	3.39611	5.20185	0.28027	5.96249	0.68011	NA	0.6841	0.55993	NA	NA	NA	NA	NA	0.12655	NA	NA
GT103	NA	NA	NA	NA	NA	NA	NA	NA	NA	NA	NA	NA	NA	NA	NA	NA	NA	NA	NA	NA	0.24942	0.11623	0.08631	NA	NA	NA	NA	NA	NA	NA	NA	NA	NA	NA	NA	NA	NA	NA	NA	NA	NA	NA	NA	NA	NA	NA	NA	NA	NA	NA	NA	NA	NA	NA	NA	NA	NA	NA	NA	NA	NA	NA	NA	1.92999	4.22311	NA	2.11389	NA	0.88952	0.62203	0.3182	NA	NA	NA	NA	NA	0.14384	NA	NA
GT104	NA	0.9301	0.55417	1.14131	0.35495	0.54546	0.30248	0.36041	0.81181	0.23798	0.34168	0.35063	1.47586	1.41377	1.78548	1.08928	1.4121	1.103	1.41512	0.8811	0.13715	0.57738	1.421	1.67708	2.77596	0.98064	0.56477	NA	0.37049	NA	1.34313	1.00255	0.57254	0.85454	0.39437	0.67866	0.20626	0.14952	0.20871	0.86567	1.7206	0.13265	1.05734	0.24568	0.28082	1.90163	0.87351	0.24999	0.78	1.90572	0.9222	0.61794	0.58012	0.57544	0.79604	1.67225	0.89731	2.46761	0.41901	NA	NA	NA	NA	5.67433	1.93064	0.57934	0.35319	1.59427	2.0888	1.62652	0.71249	2.0555	1.23283	0.97589	0.57181	0.28449	1.07819	1.95022	0.29122
GT107	NA	1.26606	0.39408	0.3484	NA	NA	NA	0.22373	0.57296	1.35111	1.84933	2.13236	0.42955	0.56989	0.8272	0.3668	0.48898	0.41988	0.27253	1.26851	2.15681	1.42131	2.01888	0.20219	0.50267	NA	0.25198	0.49425	0.60883	0.09388	0.5706	0.55694	1.49825	0.07525	0.79055	0.58537	0.56051	0.72385	1.26787	0.214	1.51511	0.77233	1.24994	0.11438	0.21475	0.40744	0.2377	0.13914	0.75651	0.70555	0.26249	0.9508	0.78193	1.06403	0.40609	0.28147	0.35812	0.12003	0.06315	NA	0.58957	0.10923	0.98616	0.03997	0.89735	0.09236	0.25629	0.08028	NA	0.11683	NA	0.34419	0.10408	0.14659	1.38989	0.64261	0.34043	0.46676	0.83705
GT108	NA	0.4541	0.35128	NA	0.21806	NA	NA	NA	NA	NA	NA	0.13297	0.11172	NA	0.39598	NA	NA	NA	0.28675	0.3184	NA	0.1613	NA	0.93849	0.4655	0.74668	0.90893	0.41374	NA	0.20873	0.35676	0.11547	0.10762	0.10085	0.08904	0.12426	0.5105	1.67314	0.26214	NA	0.0752	0.34404	0.22004	NA	0.32294	0.46433	0.19732	0.92913	0.52748	0.49361	1.5251	0.13066	0.55491	0.18244	NA	NA	NA	NA	NA	0.26405	0.17579	NA	0.60092	0.09951	0.09849	NA	0.26711	0.36632	0.6323	0.59638	0.22188	0.29976	0.18338	0.37592	NA	NA	NA	0.10702	NA
GT11	0.35847	49.97764	50.86758	49.88582	38.96095	90.15825	57.73281	39.16438	45.06335	115.63607	104.74461	97.48355	77.94835	78.3186	72.44253	53.82717	44.19807	49.56747	61.25939	51.93628	28.67796	83.14287	35.94227	45.19865	68.85423	34.39838	53.65948	47.95603	35.59268	63.2989	57.50847	68.55876	60.25364	70.434	64.94207	119.95494	55.21349	40.98229	43.83202	89.2927	100.8126	94.1091	104.08289	29.96548	35.37786	70.1294	60.97381	14.90429	48.13069	30.32073	23.11647	62.49355	49.50381	68.81682	92.65363	31.84354	61.084	115.90135	48.7523	32.15519	47.15337	21.65535	52.1073	35.43468	30.99852	14.71398	51.18624	29.50308	46.73862	63.49018	75.75783	35.07316	37.44077	35.23385	34.83943	29.57404	26.33485	32.003	28.3633
GT111	4.99485	146.83873	156.88964	137.89992	142.25767	122.8867	103.03963	77.4529	102.58655	89.37552	158.62964	108.00566	119.8452	131.63199	156.85876	81.02688	108.91586	95.38389	143.87702	98.85153	74.04478	87.17413	77.7045	192.99149	140.28556	236.26558	195.30653	63.35967	71.91671	46.12281	75.03997	84.55926	123.39889	102.73423	90.70237	46.85704	69.08502	79.09567	69.58385	66.46617	60.5987	68.03514	49.92649	116.64517	88.96748	77.01181	74.04116	53.81274	55.16289	54.1932	59.81144	70.22704	92.45828	91.04982	70.76631	149.77132	124.17189	77.06538	157.9892	89.4026	89.17934	136.15169	89.40894	56.12306	79.55564	75.83109	64.78616	67.43793	115.19564	89.44311	75.88021	80.96033	76.04636	80.05359	66.51972	105.87911	99.26805	80.40002	79.76309
GT12	NA	NA	NA	NA	NA	NA	NA	NA	NA	0.53669	0.88983	0.95673	1.07062	0.77078	NA	NA	NA	NA	NA	0.39665	NA	0.40189	1.49214	NA	1.73377	0.37081	0.75231	10.79727	1.67862	6.93125	9.05799	NA	NA	NA	NA	NA	0.21151	NA	NA	NA	0.21405	NA	NA	6.34177	7.59562	5.45302	5.10506	4.54317	9.45032	9.4535	5.00089	NA	0.54643	NA	0.33325	NA	NA	NA	NA	11.90607	5.23441	NA	1.90621	NA	NA	NA	NA	NA	NA	NA	NA	1.70648	3.13988	4.28581	2.04441	0.92579	0.99954	1.4538	7.54165
GT13	NA	NA	NA	NA	NA	NA	0.02218	NA	NA	NA	NA	0.77604	1.40064	0.43674	1.29761	0.32951	0.66142	1.21907	0.48565	1.23422	0.44163	0.42589	0.82681	NA	NA	NA	NA	0.30894	NA	0.52676	0.56711	1.5839	0.80498	1.28954	0.62302	NA	0.08726	NA	NA	NA	0.11556	0.04406	NA	0.77197	2.56561	0.96005	NA	0.54321	NA	0.3356	NA	NA	0.48938	0.20491	0.10074	NA	0.67208	3.09094	0.26653	0.66746	0.09035	NA	0.85388	NA	NA	NA	NA	1.91614	1.59013	1.90794	NA	NA	NA	NA	NA	0.67021	0.3618	0.37163	0.63425
GT14	NA	31.96752	43.86541	49.78767	47.31519	47.96108	51.19163	54.77415	36.31837	67.06415	74.93164	64.41428	64.77652	68.22653	64.37825	24.22211	28.64166	23.96866	36.28204	30.46331	34.70925	31.17991	32.0267	40.49016	60.42846	47.49455	50.62627	83.74546	76.32066	91.22892	91.58751	48.2194	53.77503	53.1436	59.88665	325.31497	114.1301	89.37313	84.44726	48.68507	99.65267	52.25908	89.25364	33.3436	32.95885	41.63701	25.83262	13.83179	36.21758	24.73524	44.07875	44.75071	46.60871	51.72087	66.07885	29.71135	56.22749	29.26609	44.57167	26.17449	45.46996	80.12255	56.862	37.22255	51.56505	50.92308	20.91105	32.21741	30.78689	28.74597	26.32852	81.15518	69.72562	77.73478	62.36859	24.06782	27.0399	31.95086	22.85955
GT17	0.06002	0.54065	0.22941	0.64249	0.45127	0.78918	3.48575	0.38839	NA	55.72037	19.10044	0.54124	0.56675	1.40861	1.61822	3.94256	5.71714	12.0536	3.87603	0.1614	NA	0.08176	0.29343	3.68846	7.60751	6.57231	8.5602	11.10328	7.44837	14.02574	13.79288	0.97391	0.73185	0.26796	0.08996	NA	0.35613	0.19281	0.67454	NA	NA	1.02723	NA	NA	2.27063	1.11727	0.63916	0.32998	1.1625	0.99552	NA	9.30976	8.26432	1.94034	13.01795	NA	NA	1.20725	NA	0.50364	2.46254	1.07813	0.25171	2.46159	0.63635	1.15811	2.5833	11.60722	5.19784	2.28166	2.62981	1.02398	0.28585	0.63017	NA	0.39581	1.33803	1.88559	0.4117
GT19	0.36161	79.73657	80.98312	70.63067	84.42696	94.16636	110.66037	91.11005	132.10414	168.4677	148.97625	89.94907	96.00206	135.47372	104.93348	62.47527	64.97037	61.11746	59.2472	92.13768	58.426	117.14659	60.26651	59.36151	69.81864	49.76703	60.62517	86.76352	59.8994	81.05811	74.16214	65.17314	51.5565	58.2491	61.30678	94.25262	61.50529	35.03981	53.05186	99.51297	213.92854	127.11061	179.6673	19.66987	32.10701	100.26985	78.17131	26.43015	55.65441	55.05288	83.5581	59.42611	54.21838	56.85418	65.02885	169.67476	103.64777	142.03821	90.07274	20.28605	54.95013	178.02856	97.19282	31.58822	88.9059	101.34575	44.47647	111.27793	47.58918	131.04348	64.19705	87.1934	68.56804	62.81672	53.67082	8.95174	105.20285	95.30727	47.09463
GT2	21.35473	3422.29543	3294.54546	3308.86559	3521.25631	3310.21461	3087.88383	3037.30014	2831.91941	3591.10567	3645.42898	3773.62294	3488.03466	3499.43722	3327.1299	3231.30255	3430.65316	3375.88695	3387.90156	3355.99747	3166.00298	3366.45207	3218.47702	3140.66353	3607.31725	3218.6943	3264.85899	3413.73677	3358.65275	3417.59124	3363.03797	3518.70584	3425.97401	3705.40751	3598.43785	3952.14476	3305.94619	3340.80022	3222.66247	3416.77701	3742.09378	3380.99575	3504.54952	3101.01097	3333.46633	3360.95138	3088.0976	2999.20019	2995.62074	2861.48813	3258.3435	3441.35611	3431.81021	3382.47684	3753.8883	2626.6574	3162.6409	3069.32563	3038.84514	3342.4475	3672.68937	4617.30181	3548.25488	3183.194	3465.40343	3410.15843	3159.00344	3437.558	3116.63529	3432.48803	3334.17071	3568.86334	3412.10937	3419.24906	3473.89761	3441.16124	3437.34039	3415.1218	3308.55333
GT20	0.03434	25.60634	39.82265	32.73548	20.99133	68.51648	44.46958	30.2644	37.86392	18.86732	20.13933	21.49959	18.16132	18.90028	19.27609	14.59462	20.31958	17.70488	24.22999	19.5907	13.58285	22.43953	12.46738	32.89209	38.589	17.63538	37.77987	69.39978	57.82663	77.91878	74.91421	47.83027	31.78487	39.41541	38.95243	3.42946	15.60944	6.65635	15.44105	22.02884	29.85447	26.90166	15.78922	5.60595	19.1762	48.5705	46.30104	1.86731	18.0265	12.10818	5.95965	39.20612	38.89934	46.11102	64.9517	2.20499	17.38758	21.1462	8.11267	3.92599	25.41185	12.42208	43.41095	4.21618	16.05748	10.2396	20.99382	9.54284	8.28182	24.39891	31.52781	21.84383	24.14656	19.9679	28.61268	1.56523	23.7356	25.57557	15.71146
GT22	NA	0.56945	0.9505	0.88443	NA	0.5888	0.19642	0.51788	0.46536	NA	0.47831	0.65578	0.62886	NA	1.29997	0.3586	1.00913	0.20487	NA	0.62918	0.22048	0.76867	1.1304	1.02047	0.54621	0.41115	0.82397	0.30492	2.00743	1.10381	1.55923	1.09876	0.80109	0.93653	1.22961	0.22337	NA	NA	0.4712	NA	0.36434	0.78961	0.24482	1.94415	0.99352	1.96612	2.4607	1.35392	0.35421	1.83854	NA	0.90995	0.71439	1.35829	0.61171	NA	NA	0.10533	NA	1.40918	0.71158	0.27767	1.5586	0.94048	0.68722	0.74045	0.4389	0.85277	NA	0.68944	0.42916	NA	0.60872	0.15309	NA	NA	0.38975	0.07668	NA
GT23	NA	30.78356	20.80308	17.28022	37.64617	40.64803	16.04906	13.67559	29.65411	13.55845	11.64079	11.5274	11.55179	9.80559	6.89768	9.19901	15.0382	13.81568	20.14309	11.74782	6.98745	17.21492	6.78936	21.4978	26.25136	17.14671	20.3519	27.2632	21.70289	28.49966	33.66818	14.55029	11.39965	23.81961	17.53394	51.68859	19.24385	10.41835	14.17712	21.87222	21.19757	17.45342	9.45643	7.36871	10.92633	23.1381	12.29045	10.7572	15.61237	14.74931	34.88836	17.48276	19.45117	18.54645	21.63447	0.54132	6.61067	8.25294	1.83607	6.25165	22.6038	68.54737	38.98115	5.18736	8.86961	9.78345	12.52153	10.79252	5.1051	12.71396	17.47842	17.18272	10.83327	16.25692	15.61522	2.49381	23.49976	27.80853	10.66154
GT24	NA	NA	NA	NA	NA	NA	NA	NA	NA	NA	NA	0.15423	0.14503	NA	0.51405	NA	NA	NA	NA	0.42941	0.2334	NA	0.96921	NA	NA	NA	NA	0.76529	NA	1.02981	NA	0.46264	0.1034	0.27596	0.94163	NA	NA	NA	NA	NA	NA	NA	NA	0.15471	1.96419	0.13911	NA	2.13277	NA	1.46228	NA	NA	NA	NA	0.15134	NA	NA	NA	NA	0.50739	NA	0.23774	0.23094	2.14107	NA	NA	NA	0.2423	NA	NA	NA	NA	NA	NA	NA	NA	NA	NA	NA
GT25	NA	1.73798	2.06251	2.17349	1.15787	12.92055	3.8625	1.33576	3.67996	2.57653	3.29679	7.28194	3.80045	3.29755	4.01718	56.22296	21.72519	2.84433	7.6935	4.28662	3.65518	4.81608	3.25508	0.92414	2.43174	1.27917	2.93646	3.06443	4.22872	1.52433	2.81804	2.10881	1.62457	2.49033	0.83999	0.40009	1.07775	1.79309	2.29211	3.67373	1.55307	0.67538	2.54619	0.56309	1.22982	3.75963	3.20176	0.50414	5.31448	1.01037	1.75667	5.4285	6.70642	8.01501	16.94873	7.7289	8.77734	9.41018	6.16971	NA	1.00367	0.18654	0.93755	3.02851	1.11857	0.53235	1.49421	1.71785	3.11741	5.23574	2.04259	6.92134	13.33346	7.55854	10.19913	1.79574	4.00187	3.46326	2.92712
GT26	0.09998	111.2335	97.82142	96.66777	124.33565	119.96748	113.68848	122.13728	115.57999	140.46221	131.2657	119.77564	107.67269	116.55782	99.59134	73.68528	95.75653	109.22473	85.84041	89.86817	84.32153	89.68685	65.05321	74.90716	81.92908	68.48317	73.70625	117.48596	118.80382	126.423	122.87309	108.0349	92.6543	123.86649	107.33057	127.18723	91.55605	82.57221	99.27844	102.81849	158.08285	124.57237	142.71164	67.1661	71.06264	120.8102	94.21349	51.38889	99.02885	83.11806	75.11946	87.4097	89.38489	85.2533	85.00676	142.22691	108.63756	134.27837	101.31209	102.61874	101.83238	127.87291	133.1846	64.3795	98.14199	77.11611	74.52366	112.40089	62.74847	109.77233	94.34225	148.54085	109.35345	118.3721	116.16669	52.70538	77.95949	83.499	68.65933
GT27	NA	NA	NA	NA	NA	NA	NA	NA	NA	1.0488	0.37906	1.2313	3.45794	3.16098	2.97587	0.51678	1.34968	0.73606	1.48968	1.69555	0.28267	1.04877	0.80986	NA	NA	NA	NA	1.62538	1.56522	0.87044	3.26022	2.66323	1.24183	1.07402	1.65426	NA	NA	NA	NA	NA	NA	NA	0.11637	NA	0.21578	0.12393	NA	1.17926	NA	0.34027	0.53388	NA	0.17217	0.33189	0.30153	NA	NA	1.91176	NA	1.01613	NA	0.14044	0.52615	NA	NA	NA	NA	0.75977	1.49683	2.51956	0.83541	0.93435	1.12591	1.50536	5.15792	0.39581	4.53869	7.10746	2.05948
GT28	6.94748	220.34936	219.18759	232.57393	219.61733	192.52975	214.51954	236.16456	208.4848	187.10973	192.61751	247.02456	270.39802	238.53793	254.99731	259.03883	242.62365	255.58718	241.64634	247.96583	268.56641	223.59308	248.893	210.9245	200.38281	216.97992	197.78693	203.5914	228.02666	180.50206	205.09657	206.97324	224.25577	235.92522	223.50093	234.53955	287.88745	291.20547	284.00549	200.27159	198.73149	201.44357	217.74761	257.12528	269.453	236.72658	294.64058	309.67768	385.02415	364.62387	298.98551	231.1593	236.85407	202.94981	205.19523	299.7347	235.5888	221.67485	276.3233	298.73152	273.99125	278.00801	341.43781	256.21982	232.7417	224.37499	249.1091	262.28312	281.95184	242.1876	283.71857	222.66209	237.41795	245.70337	240.32817	281.21156	230.77052	221.48632	253.49474
GT29	NA	NA	NA	NA	NA	NA	NA	NA	NA	NA	0.47673	NA	NA	NA	NA	1.66696	2.15634	1.94283	5.10012	NA	NA	NA	NA	0.13749	NA	NA	NA	NA	NA	NA	NA	NA	NA	NA	NA	0.8661	0.35599	NA	0.73154	NA	NA	NA	0.12894	NA	1.29275	0.37124	0.26369	NA	NA	NA	NA	4.52616	8.70356	2.10613	0.59849	NA	NA	NA	NA	NA	NA	NA	NA	NA	NA	NA	NA	NA	NA	NA	NA	NA	0.56702	0.88628	0.55681	NA	NA	NA	NA
GT3	0.17241	97.84211	79.88328	55.62228	118.98863	85.39297	64.42186	37.88236	42.54501	93.67525	119.20781	80.73574	75.87859	85.22071	91.31911	55.81185	50.0382	48.26922	73.32411	70.84129	48.02154	121.89929	51.51984	50.72206	71.39033	32.80066	55.03271	69.17944	56.32269	70.86274	75.4783	60.54438	52.98423	50.98201	51.29566	173.56056	65.65074	41.14761	71.77697	71.63883	148.27263	96.9644	135.11856	13.02452	34.38549	88.30196	75.64833	18.53207	49.49831	49.77372	53.41323	56.36521	46.67565	55.74088	60.12793	27.25079	75.72465	176.01183	71.58273	12.82445	48.7681	127.66206	90.40267	38.25538	81.6815	95.11043	44.51609	79.41329	40.60138	107.90352	55.59993	100.76006	66.24508	70.68274	56.01701	7.18182	133.67535	140.49605	52.20247
GT30	NA	86.74162	74.10344	66.08467	76.25249	100.46679	83.41873	70.82599	87.49472	127.27344	119.77687	72.32018	77.1005	98.8077	103.27406	58.58758	58.7228	65.01032	53.46437	73.10926	44.60511	114.18845	56.4164	48.62269	52.5751	46.02549	57.03101	57.51981	50.45629	63.68717	74.99776	57.76728	48.75046	57.47839	48.99573	108.59755	52.82171	39.77088	42.34073	67.8845	154.86209	87.3059	131.89432	22.41271	48.61364	103.04101	70.29272	18.80986	55.47906	50.56155	70.33336	60.30199	53.60557	55.98968	70.06319	127.66229	70.92857	133.90536	86.04823	23.99108	39.88839	142.29226	85.39657	31.16924	70.92702	92.08408	42.95811	87.69097	32.34406	108.6234	57.08244	84.42064	60.90687	53.71925	50.60074	8.12824	104.23926	93.54024	42.67811
GT31	NA	NA	NA	NA	NA	NA	1.95853	NA	NA	0.08444	NA	11.00859	9.99648	9.40985	3.51148	3.54613	2.18626	5.18096	0.50611	7.03022	3.96411	3.38859	6.77434	NA	NA	NA	0.58403	3.361	0.97108	2.19218	2.36536	4.17162	1.95833	2.1889	2.78944	NA	NA	NA	1.54521	NA	NA	NA	NA	3.98868	3.16006	3.41734	3.32059	5.50279	5.88875	7.22252	3.59409	6.86195	2.37182	5.05122	7.21134	NA	NA	NA	NA	4.47153	2.38008	1.33623	4.54783	1.33473	1.16491	0.88272	0.60405	5.00416	2.39519	3.76503	5.96448	NA	NA	NA	NA	NA	NA	NA	NA
GT32	1.75143	133.71027	130.7764	147.76398	148.01125	144.07946	99.81928	102.89555	73.18823	143.47853	197.17095	156.33466	147.1332	182.49608	203.74593	161.92677	153.18129	154.37646	139.61608	158.0421	149.38052	161.83783	155.27806	161.13217	158.71114	269.40261	158.26581	137.5028	154.40136	131.27264	119.26145	121.98545	135.44392	121.65106	138.24928	79.2352	97.91902	110.58963	132.46066	174.58236	198.76432	131.52242	132.84702	154.19328	160.0272	206.92768	215.63503	119.94233	128.89577	114.3773	124.78134	115.03943	135.88546	110.23105	152.32469	103.8893	141.71193	254.94922	186.31002	157.43352	180.67864	352.34974	180.23747	151.30498	176.93124	134.66472	120.09623	139.68227	148.58452	145.72232	130.14917	167.7504	172.95675	163.37126	207.84821	146.04076	177.84513	187.66599	135.08321
GT33	NA	NA	NA	NA	NA	NA	NA	NA	NA	0.08857	0.21738	0.15582	NA	NA	NA	NA	NA	0.32066	NA	NA	NA	0.26057	0.19349	NA	NA	NA	NA	0.1505	0.30768	NA	0.25955	0.17454	0.08134	0.06196	0.26919	NA	0.27426	NA	NA	NA	NA	NA	0.35423	NA	NA	NA	NA	1.38606	NA	NA	NA	NA	NA	NA	NA	NA	NA	NA	NA	NA	NA	NA	0.2725	0.44986	NA	NA	NA	NA	NA	NA	1.43367	NA	0.10903	NA	NA	NA	NA	NA	NA
GT35	3.7343	760.53802	639.42281	574.96475	811.19981	491.50605	525.95381	502.05652	586.69923	479.2854	517.01066	497.02487	495.54105	463.11628	502.95146	556.43603	582.78267	572.38717	581.15439	523.69547	551.98541	464.67781	546.01569	567.51424	552.73306	594.66192	568.53023	516.15639	565.50976	449.1244	496.2725	538.02346	585.89105	539.12055	544.07222	395.68996	493.15878	504.90705	454.09225	534.69468	437.08409	503.73203	480.48247	574.12933	501.80827	438.57421	405.50986	486.98743	478.11907	459.93785	470.47047	530.55825	556.22085	565.21374	557.66278	615.92365	518.70396	361.8993	545.69625	521.11049	586.95652	461.15341	497.90149	503.19027	489.09847	504.13955	484.46189	542.34497	580.70996	556.8994	537.59557	566.62059	586.55933	618.00231	568.60849	589.27141	485.98446	491.45787	533.74778
GT37	NA	NA	NA	NA	NA	NA	NA	NA	NA	NA	NA	0.8728	2.73817	NA	NA	0.36433	0.40429	0.72951	NA	3.34913	NA	0.77155	1.15039	NA	NA	NA	NA	0.31992	0.7082	NA	0.32154	1.22223	0.18233	0.27779	1.07995	NA	NA	NA	NA	NA	NA	NA	NA	NA	NA	NA	NA	0.51854	NA	0.75113	NA	0.65855	0.15456	NA	0.88499	NA	NA	NA	NA	NA	NA	NA	0.19308	NA	NA	NA	NA	NA	NA	NA	NA	NA	NA	NA	NA	NA	NA	NA	NA
GT38	NA	2.35189	2.2889	2.42287	1.93608	1.49865	1.66627	0.21952	3.87601	1.53526	2.12122	0.76023	1.11776	1.37807	5.65969	1.17763	1.30678	2.06327	4.24334	NA	0.51395	1.33788	1.10029	2.43035	2.75535	2.20988	2.24173	4.73087	1.20898	4.24166	4.07936	2.17182	2.23719	4.86931	2.9087	0.36776	NA	NA	NA	5.24848	3.33844	2.03643	1.30243	NA	0.47952	3.30486	0.58598	NA	0.78056	1.8261	4.51368	2.71623	1.09285	2.52829	3.99897	NA	NA	1.10035	0.43884	NA	2.14842	0.73485	3.77516	NA	0.29149	NA	2.05988	NA	NA	2.25407	1.97672	0.69475	1.53895	2.21537	4.21325	NA	0.29784	NA	0.30592
GT39	2.31775	12.54435	8.85609	10.90733	9.14299	3.37045	5.92886	3.12365	1.43382	9.75676	5.59225	19.62245	22.18907	17.02773	16.80309	16.77901	15.78947	18.63257	7.13556	11.69172	13.64758	10.55468	11.18379	13.75801	13.09757	13.07079	11.99019	12.8257	12.14227	15.69489	14.80237	21.53803	17.53827	14.8327	13.78158	5.3846	15.24908	15.70836	15.37992	9.98884	4.26398	9.60763	5.58078	15.18948	21.42319	14.25391	10.03764	20.53223	25.07535	14.72852	15.28845	24.46822	23.41617	17.36383	22.77654	5.965	4.20036	2.93522	6.40839	25.65214	16.82725	3.04858	11.45817	19.4125	10.70139	14.89664	8.24454	17.3495	19.43419	15.36208	24.82192	8.25584	11.06315	17.43919	13.74886	13.92041	9.0253	15.48351	17.17281
GT4	47.34492	1552.12679	1664.21636	1718.01074	1643.96703	2169.09679	1814.36227	1645.75369	1558.41765	1691.2482	1737.11123	1835.93337	1531.96194	1558.47505	1580.73917	1560.55949	1703.62106	1550.14972	1755.7223	1533.28135	1442.98752	1742.22285	1447.07086	1558.51755	1844.74711	1554.23956	1630.50627	2120.91187	1899.48246	2278.49836	2184.67459	1755.85842	1650.59147	1738.01247	1777.05378	2118.90585	1682.52204	1645.38091	1665.83566	1767.04291	1949.72604	1824.47491	1843.72016	1376.31782	1508.66894	1691.27608	1785.73074	1410.44999	1622.986	1463.45624	1591.44613	1751.72205	1701.58239	1778.37317	2024.415	1618.07884	1526.02896	1622.55729	1452.15523	1637.1986	1943.54699	2442.29864	1946.3866	1502.08172	1687.98163	1364.77354	1724.92934	1623.05394	1451.58711	1723.48458	1689.83813	1600.01996	1614.39908	1643.48845	1697.69235	1367.22414	1139.69343	1232.37693	1422.57626
GT41	NA	NA	0.01773	NA	NA	NA	NA	NA	0.38617	0.04823	0.19963	0.36392	0.25665	0.49858	0.21064	0.11848	0.19328	0.06092	0.16009	0.17596	0.09564	0.1349	0.26477	NA	NA	NA	NA	NA	0.24342	0.23602	0.67279	0.65862	0.12169	0.20123	0.40274	0.07085	0.04762	0.53918	0.16035	NA	0.08613	NA	0.06371	NA	0.19298	0.22167	NA	0.17057	NA	0.13593	NA	NA	NA	0.03732	NA	0.09435	NA	0.02533	NA	0.14483	NA	NA	0.27521	NA	0.39469	NA	0.34999	NA	NA	0.25277	NA	0.16762	0.13303	0.75466	0.45496	NA	0.67195	0.16455	0.14008
GT45	NA	NA	NA	NA	NA	NA	NA	NA	NA	NA	NA	1.44736	NA	0.87454	NA	NA	NA	NA	NA	NA	NA	NA	NA	NA	NA	NA	NA	NA	NA	NA	NA	NA	NA	NA	NA	NA	NA	NA	NA	NA	NA	NA	NA	NA	NA	NA	NA	NA	NA	NA	NA	NA	NA	NA	NA	NA	NA	NA	NA	NA	NA	NA	NA	NA	NA	NA	NA	NA	NA	NA	NA	NA	NA	NA	NA	NA	NA	NA	NA
GT49	NA	NA	NA	NA	NA	NA	NA	NA	NA	NA	NA	18.93044	24.83852	17.32864	23.86749	9.84613	10.40344	8.29667	5.56879	19.36456	7.45632	7.60788	18.84597	NA	NA	NA	NA	7.14399	7.29943	6.71254	11.88768	19.52869	8.26862	10.27184	9.80141	NA	NA	NA	NA	NA	NA	NA	NA	10.56126	12.07345	5.2649	7.2153	18.77445	2.64931	14.01147	0.51363	4.83659	2.2306	4.0058	8.12827	NA	NA	NA	NA	12.83921	NA	0.91539	6.6254	NA	NA	NA	NA	9.70302	17.06975	3.31021	1.22525	NA	NA	NA	NA	NA	NA	0.31882	NA
GT5	18.51795	186.11573	203.80816	214.17103	157.71914	181.13314	237.02197	224.30592	266.79675	163.06055	166.3077	162.16581	175.80604	175.48962	186.19895	211.9752	216.90795	226.06291	232.36112	206.40125	238.77138	157.08196	229.85863	241.41027	224.45175	255.68987	230.47507	193.01986	210.59084	178.57614	183.77817	213.46842	215.05796	216.31561	211.40499	138.70527	210.43632	221.93689	193.09756	196.91792	85.87033	161.17734	121.54621	233.18016	221.66503	178.76009	167.33962	200.94883	172.70806	165.78082	166.30684	190.24259	213.75575	192.23889	189.35509	254.56214	207.97305	108.36522	243.11141	231.55795	207.361	179.36321	181.1117	200.28682	181.27548	175.50282	207.28912	189.55614	197.71804	159.4908	187.53039	167.90187	212.69239	211.97469	220.96431	289.07995	150.40676	148.90424	242.70669
GT50	NA	NA	NA	NA	NA	NA	NA	NA	NA	NA	NA	0.31756	0.22506	0.19188	NA	NA	NA	NA	NA	0.78996	NA	NA	0.07429	NA	NA	NA	NA	NA	NA	NA	NA	NA	NA	NA	NA	NA	0.33727	0.73348	NA	NA	NA	NA	NA	NA	0.47555	NA	NA	0.91662	NA	NA	NA	0.16209	NA	NA	0.1392	NA	NA	NA	NA	NA	NA	NA	NA	1.08378	NA	NA	NA	NA	NA	NA	NA	NA	NA	NA	NA	NA	0.39847	NA	NA
GT51	2.7628	372.87383	353.64075	367.62983	352.55885	348.81513	357.93586	386.59955	336.51733	376.99421	424.27245	417.08813	374.91908	448.4712	433.30292	401.79997	429.93795	399.3275	424.72753	427.09821	413.06216	452.16377	386.18451	348.3193	368.44714	383.63689	377.6816	341.25436	348.86041	331.49143	316.63471	304.38606	340.81216	343.32585	326.64661	379.96119	395.90341	405.75444	360.36914	397.28823	558.29004	437.38519	527.4097	425.12674	364.30708	399.29234	418.96445	378.11143	468.05161	429.4644	474.60094	369.72866	360.86359	386.49644	353.21064	351.8935	404.1063	478.03877	414.76374	368.11233	434.24912	531.32959	446.60619	340.00571	437.81808	471.41494	367.09689	502.56939	417.69406	495.87708	477.69839	399.99552	390.61612	367.16446	394.52634	355.07856	380.94485	389.48756	338.25035
GT52	NA	NA	NA	NA	NA	NA	0.05222	NA	0.10527	NA	NA	0.14993	NA	NA	NA	NA	NA	NA	NA	NA	NA	NA	NA	NA	NA	NA	NA	NA	NA	NA	NA	NA	NA	0.11428	NA	NA	NA	NA	NA	NA	NA	NA	NA	NA	NA	NA	NA	NA	NA	NA	NA	NA	NA	NA	NA	0.19567	NA	NA	NA	NA	NA	NA	NA	NA	NA	NA	0.4489	NA	NA	NA	NA	NA	NA	NA	NA	NA	0.23356	NA	NA
GT56	NA	0.21656	0.70026	NA	1.59727	NA	0.07105	NA	NA	0.68102	NA	1.12854	NA	NA	NA	NA	NA	NA	NA	NA	1.81719	0.67747	0.81748	NA	1.13658	1.09389	1.28309	NA	1.42571	0.28912	NA	0.28291	1.57552	0.60258	1.05133	0.12387	0.20798	0.23716	NA	1.23714	NA	0.72002	NA	NA	NA	2.58077	NA	NA	0.18874	0.84469	NA	0.19443	0.2254	1.05633	0.27493	1.1887	2.86914	NA	1.08612	NA	0.32889	NA	0.45746	0.2355	0.42506	1.30946	0.71687	NA	0.75484	0.53238	2.57167	0.26808	NA	0.23689	2.23932	NA	NA	0.53064	0.43076
GT57	NA	0.16549	0.20089	NA	NA	NA	NA	NA	NA	NA	NA	1.50163	1.33346	0.60808	0.78917	0.32385	0.83934	1.1203	NA	0.95159	0.23888	0.4976	0.95967	0.20648	NA	NA	NA	1.97328	0.26363	0.17286	0.82432	1.29074	0.87508	NA	0.21112	NA	0.17576	NA	NA	NA	NA	NA	NA	1.74424	1.37673	0.72229	0.33559	0.31952	0.86164	1.11976	NA	0.46644	0.24808	0.37693	0.38822	NA	NA	NA	NA	0.64157	0.18198	NA	0.95729	NA	NA	0.3679	0.10771	0.44427	NA	0.49544	NA	NA	NA	0.08291	NA	0.38466	0.08306	0.08532	NA
GT58	NA	NA	NA	NA	NA	NA	NA	NA	NA	NA	NA	NA	0.25497	NA	NA	NA	1.12824	NA	NA	NA	NA	NA	NA	NA	NA	NA	NA	0.55616	0.16218	0.66702	0.27362	1.3207	0.32225	0.45795	0.88796	NA	NA	NA	NA	NA	NA	NA	NA	NA	0.55201	NA	NA	NA	NA	NA	NA	NA	NA	NA	NA	NA	NA	NA	NA	1.26457	NA	NA	0.09576	NA	NA	NA	NA	NA	NA	NA	NA	NA	NA	NA	NA	NA	NA	NA	NA
GT59	NA	NA	NA	NA	NA	NA	NA	NA	NA	NA	NA	0.73787	0.61993	NA	NA	0.37367	0.8293	NA	NA	NA	NA	NA	0.69048	NA	NA	NA	NA	NA	NA	NA	0.2935	0.71918	0.3658	0.55732	0.6053	NA	NA	NA	NA	NA	NA	NA	NA	0.75497	0.60862	NA	NA	NA	NA	0.70896	NA	NA	NA	NA	NA	NA	NA	NA	NA	NA	NA	NA	0.20543	NA	NA	NA	NA	0.67721	1.82352	NA	NA	NA	NA	NA	NA	NA	NA	NA	NA
GT6	0.22159	28.57041	21.4548	27.8486	29.37242	1.85583	0.9617	0.52707	0.3553	4.95829	4.45758	11.29717	10.07082	13.4369	11.51258	10.86915	16.71537	14.63066	10.08907	20.62187	11.96108	28.9008	11.19339	14.39352	18.97478	17.98052	16.3266	16.88821	17.10881	19.91114	14.20183	12.78999	22.86905	17.61919	14.98017	4.66722	13.74581	11.92115	12.50126	9.44494	6.04624	7.47255	6.56869	17.55411	21.64206	14.34601	9.93153	8.42876	4.21886	6.96249	4.93061	21.79691	21.48914	34.26856	36.05286	16.51674	11.02819	10.93159	8.01125	19.4094	16.85381	5.54323	19.22426	15.71283	4.26121	6.59586	10.6213	7.81886	3.60006	8.65091	29.94845	11.36694	13.16389	22.49496	24.83997	15.77749	6.35182	14.48835	12.4073
GT60	NA	NA	0.08035	NA	NA	NA	NA	NA	NA	0.09313	NA	0.55545	0.46212	NA	NA	3.22182	2.62301	5.80828	0.61778	0.69086	2.26001	0.52563	2.08103	NA	NA	NA	NA	0.43207	2.64673	1.35701	0.74513	NA	NA	NA	NA	0.26771	0.36907	0.3991	1.70053	NA	NA	NA	NA	0.55718	NA	NA	NA	0.66724	NA	0.26586	NA	NA	NA	NA	NA	NA	NA	0.10012	NA	2.85405	2.28711	NA	0.52059	0.6257	0.21298	NA	0.18813	NA	1.34579	1.5271	NA	NA	NA	NA	NA	NA	0.43443	1.78822	0.76298
GT66	NA	6.14708	5.00596	5.1844	3.04953	1.16537	1.52727	9.00339	9.54398	1.28571	1.77707	7.63322	8.03175	7.38185	6.89427	5.06403	8.3746	4.72448	5.13857	1.40285	3.0709	2.34137	5.86417	7.93725	8.77388	5.23987	5.96992	6.45116	7.5977	6.11169	5.74397	5.00151	5.00896	5.24258	5.63425	1.78082	1.47374	2.69414	2.15746	2.76237	2.34908	3.72704	2.21813	6.93897	3.76437	10.09909	4.0854	17.74114	8.3627	10.0946	6.3394	5.75215	4.67305	6.53604	2.34628	2.9406	4.00413	1.31489	3.27513	1.40602	1.76154	0.65208	6.11362	1.81542	1.72112	1.42114	1.64025	8.94984	7.19705	1.57195	4.76385	0.68728	0.51651	1.18284	2.7162	11.78556	3.51906	4.17882	9.72471
GT69	NA	NA	NA	NA	NA	NA	NA	NA	NA	NA	NA	NA	NA	NA	NA	NA	NA	NA	NA	NA	NA	NA	NA	NA	NA	NA	NA	0.24599	0.50079	1.28812	0.42422	0.95006	1.06257	0.91019	0.43951	NA	NA	NA	NA	NA	NA	NA	NA	NA	NA	NA	NA	NA	NA	NA	NA	NA	NA	NA	NA	NA	NA	NA	NA	NA	NA	NA	NA	NA	NA	NA	NA	NA	NA	NA	NA	NA	NA	NA	NA	NA	NA	NA	NA
GT72	NA	NA	NA	NA	NA	NA	NA	NA	NA	NA	NA	NA	NA	NA	NA	NA	NA	NA	NA	NA	NA	NA	NA	NA	NA	NA	NA	NA	NA	NA	NA	0.03188	0.66846	0.27158	NA	NA	NA	NA	NA	NA	NA	NA	NA	NA	NA	NA	NA	NA	NA	NA	NA	NA	NA	NA	NA	NA	NA	NA	NA	NA	NA	NA	NA	NA	NA	NA	NA	NA	NA	NA	NA	NA	NA	NA	NA	NA	NA	NA	NA
GT73	NA	0.07864	0.30942	NA	NA	15.24691	11.95369	15.53122	26.2276	0.09452	0.35959	3.5006	1.66627	0.33938	NA	6.17509	4.38547	16.64195	4.10207	NA	NA	NA	0.2628	2.16829	2.02356	1.00248	1.44615	0.41523	5.51106	0.95513	3.81725	0.69957	2.06169	0.99737	1.15679	2.85171	2.08391	1.52405	1.63258	NA	0.69199	2.80406	0.27088	1.22844	0.32515	0.74495	4.14602	3.97133	2.61935	5.17976	4.41338	3.79588	6.83534	1.06944	7.12887	0.65584	0.69777	0.46955	2.11483	NA	4.57188	0.75941	0.33859	2.2332	1.01047	5.72679	1.1826	2.04736	3.52852	3.45879	0.50567	53.50541	17.46468	11.4431	10.92565	14.16161	17.96063	27.34209	14.86857
GT76	NA	NA	NA	NA	NA	NA	NA	NA	NA	NA	NA	0.18722	0.47189	NA	NA	NA	NA	NA	NA	0.23286	NA	NA	NA	NA	NA	NA	NA	NA	NA	NA	NA	NA	NA	NA	NA	NA	0.09636	NA	NA	NA	NA	NA	NA	NA	NA	NA	NA	0.45147	NA	0.31949	NA	NA	NA	NA	NA	NA	NA	0.05257	NA	NA	NA	NA	NA	NA	NA	NA	NA	NA	0.35203	0.06154	NA	NA	0.03831	NA	NA	NA	NA	NA	NA
GT77	NA	NA	NA	NA	NA	NA	NA	NA	NA	NA	NA	3.14285	5.11816	2.36235	1.88894	1.59497	2.8301	1.35619	NA	4.4397	1.56889	2.04404	3.64744	NA	NA	NA	NA	2.41744	0.66584	0.36968	2.00459	4.04375	1.51355	2.19468	1.25169	NA	NA	NA	NA	NA	NA	NA	NA	1.83394	2.35717	2.06767	1.07268	4.46153	0.73565	3.3743	1.68434	0.67435	0.30129	0.51319	1.64374	NA	NA	NA	NA	0.7188	NA	0.49469	0.79564	NA	NA	NA	NA	0.65658	3.32923	0.48734	0.79069	NA	NA	NA	NA	NA	NA	NA	NA
GT8	18.94668	164.93666	152.00241	171.4557	191.62832	133.38392	138.65363	144.52096	138.40571	449.03734	368.94633	287.09498	307.37908	351.74789	309.71863	145.67197	172.43763	198.63824	163.25315	182.7114	139.14958	164.48342	167.6858	150.99702	125.8603	177.49249	150.56568	80.77514	83.818	81.46349	96.09259	115.24908	133.86004	169.99387	156.44812	72.65418	109.71591	106.25943	112.37366	65.57157	54.51018	71.27994	42.48292	100.86213	104.19852	181.58254	185.16295	171.76597	154.37618	169.57824	213.59878	159.08002	153.38931	136.4172	129.45668	171.90666	137.00583	214.83002	193.96868	158.98859	118.82566	437.41629	218.51843	162.63237	249.88529	239.41659	165.52076	243.03277	157.86138	213.82793	146.22877	98.19871	100.81667	110.47834	106.71645	135.50129	183.29474	169.84412	139.76897
GT80	NA	1.18517	1.56618	2.11941	1.51422	1.75816	0.701	0.85595	0.10072	0.45057	0.41421	0.2969	1.24944	1.43943	NA	0.92346	1.40825	1.15255	2.32727	1.85077	1.60892	2.28671	0.83542	2.30325	2.69017	2.23162	3.32756	0.9247	2.60105	0.72767	0.79352	2.15119	2.50965	1.30912	1.62538	0.14391	1.45402	0.21454	1.78925	3.07052	1.1279	1.69122	1.52343	0.5905	1.75769	6.39943	2.73928	0.35382	3.50782	1.9966	1.17983	4.84066	1.70242	2.24971	3.24749	NA	0.433	0.58852	NA	NA	0.6081	1.87576	2.35905	1.867	3.61853	1.8068	3.17749	2.49256	3.56065	3.44963	2.05876	1.71891	0.9345	1.09427	1.59679	NA	0.2331	0.2399	0.20432
GT81	NA	NA	NA	NA	NA	NA	NA	NA	NA	NA	0.21875	2.97915	2.44809	1.89484	2.41244	NA	NA	NA	NA	NA	NA	NA	NA	NA	NA	NA	NA	2.07345	0.87274	2.17338	0.21034	NA	NA	NA	NA	NA	NA	NA	NA	NA	NA	NA	NA	1.13246	NA	3.37027	2.55414	0.38451	1.63719	2.4513	0.63115	NA	NA	NA	0.13746	NA	NA	NA	NA	NA	NA	NA	2.50285	NA	NA	NA	NA	0.77032	3.60905	0.19924	4.34879	NA	NA	NA	NA	5.93279	0.55287	2.14965	5.16911
GT82	NA	2.13035	2.32538	2.35674	1.67399	NA	0.44329	NA	NA	20.08208	12.08885	NA	NA	NA	NA	NA	NA	NA	NA	NA	NA	NA	NA	NA	NA	NA	NA	NA	NA	NA	NA	NA	NA	NA	NA	NA	NA	NA	NA	NA	NA	NA	NA	NA	NA	NA	NA	NA	NA	NA	NA	NA	NA	NA	NA	NA	NA	NA	NA	NA	NA	NA	NA	NA	NA	NA	NA	0.69199	NA	1.11368	0.56971	NA	NA	NA	NA	NA	NA	NA	NA
GT83	0.54838	88.52449	81.94724	94.33365	91.44463	122.10423	134.625	124.43606	186.72147	186.5172	134.51417	88.63753	88.1625	97.48872	95.18078	32.27027	42.5783	55.45575	32.47119	61.05271	44.56222	77.74669	45.54495	43.25109	40.24551	32.8994	41.07388	56.57967	50.46891	65.92255	66.03447	62.59863	48.84454	55.37395	50.18779	20.18074	52.77945	29.0418	55.21104	94.34735	174.9909	114.25188	151.66722	40.26463	51.42273	89.48449	74.13706	32.86586	43.71248	48.55364	59.65092	55.33887	47.01862	50.79227	65.35655	330.06349	85.81461	106.8255	116.05323	28.79595	41.38477	166.17896	91.55591	38.32033	76.58401	78.57729	43.08167	97.11311	44.13923	97.69393	46.09203	99.10619	63.67187	57.13997	56.07061	17.50201	87.58178	85.55633	47.01599
GT84	NA	2.84288	1.30067	1.72757	0.61404	0.35158	0.42126	4.27344	1.62878	1.58262	2.52073	11.93833	6.47233	4.5638	7.03662	8.70768	10.9735	6.37358	2.01165	12.10435	15.99108	6.20527	7.26291	3.12697	2.73599	5.26356	2.66656	2.39978	4.00062	4.42374	4.07094	1.26267	1.82941	0.57124	2.0337	1.39982	5.66521	9.2019	10.18447	1.26436	0.73506	1.94525	0.30885	25.53964	9.94203	8.62755	35.06535	11.3062	49.20711	32.67405	26.95722	8.13463	8.25025	13.01409	12.09085	1.80493	2.6212	6.53701	1.03491	14.22583	3.76647	9.64401	21.24638	6.97748	3.74651	3.77913	1.80122	16.40439	28.53048	15.54032	31.38561	4.68747	3.77212	3.12071	3.0973	11.26185	3.24361	7.32306	11.93151
GT85	NA	NA	NA	NA	NA	NA	NA	NA	0.07121	NA	NA	NA	NA	NA	NA	NA	NA	NA	NA	NA	NA	NA	NA	NA	NA	NA	NA	NA	NA	NA	NA	NA	NA	NA	NA	NA	NA	NA	NA	NA	NA	NA	NA	NA	NA	NA	NA	NA	NA	NA	NA	NA	NA	NA	NA	NA	NA	NA	NA	NA	NA	NA	NA	NA	NA	NA	NA	NA	NA	NA	NA	NA	NA	NA	NA	NA	NA	NA	NA
GT87	NA	0.056	0.11926	0.36565	NA	0.37849	0.45319	1.33056	0.91363	0.12924	NA	2.23963	0.48701	0.23202	NA	NA	0.16335	0.44363	3.00064	NA	NA	NA	0.35933	0.17537	1.04029	NA	1.1323	NA	0.52723	NA	NA	0.32217	0.40862	NA	0.26713	NA	0.25339	0.83078	NA	NA	NA	NA	NA	2.44911	4.05749	1.63125	3.28274	NA	1.5152	0.11626	NA	0.62227	NA	NA	NA	0.24259	NA	0.13895	NA	1.58429	6.32838	0.55676	0.36055	1.95513	6.32232	5.2785	10.5014	0.2695	2.25295	0.49138	NA	NA	2.34598	0.88043	3.56213	NA	0.45132	1.18775	NA
GT9	0.74201	130.06203	103.03224	96.39802	127.75925	103.37659	110.75009	108.50791	158.1652	343.30963	198.24215	112.69013	109.20176	128.94695	128.86053	50.88304	60.73864	79.11931	52.44941	113.46917	84.08346	110.32615	83.73089	45.76916	58.69243	34.17485	53.37333	77.41796	56.57152	81.92281	83.94061	67.75192	57.17146	59.28353	58.40155	119.62176	69.2813	49.82897	64.27522	115.99863	199.72659	145.99173	180.02531	37.22622	52.88481	142.31436	101.87063	32.92889	69.60624	70.16001	96.52056	75.33003	48.75531	60.73647	74.21475	402.08771	102.75473	84.29632	128.30084	56.37225	63.52162	277.28036	104.61992	62.40678	118.09727	128.80009	55.46103	156.77732	80.34856	137.07092	82.6581	106.01777	79.23262	67.83681	69.40439	11.30693	100.86889	91.91608	49.71251
GT92	NA	NA	NA	NA	NA	NA	NA	0.54788	0.53743	NA	NA	NA	NA	NA	NA	NA	NA	NA	NA	NA	NA	NA	0.29592	NA	NA	NA	NA	NA	NA	NA	NA	0.04878	NA	0.10389	0.45135	NA	NA	NA	NA	0.55042	1.027	NA	0.54636	NA	NA	NA	NA	NA	NA	NA	NA	NA	NA	NA	NA	NA	NA	NA	NA	NA	NA	NA	NA	NA	NA	NA	NA	NA	NA	NA	NA	NA	NA	NA	NA	NA	NA	NA	NA
GT97	NA	3.69583	9.14354	4.54885	6.72533	1.65227	0.64902	1.6397	1.73596	0.33866	0.18953	1.83605	1.90971	1.54251	1.06726	1.14562	0.28972	4.00648	NA	NA	NA	1.12912	0.59722	NA	0.76583	NA	NA	0.96768	0.71063	0.74781	1.65111	0.64351	0.5922	0.26584	0.41997	NA	NA	NA	0.4518	0.73807	0.36419	0.3531	0.45167	0.46959	NA	0.20111	0.19665	0.48527	1.31055	NA	NA	1.23455	0.57245	0.3026	4.53851	NA	0.58582	0.31171	0.25556	0.83027	0.27637	0.19452	0.37791	4.99378	1.73164	1.14565	4.76658	0.28247	NA	0.42619	0.34883	NA	0.05638	0.50102	NA	0.63885	0.63073	0.82498	0.881
GT99	NA	NA	NA	NA	1.03049	NA	NA	NA	NA	0.16622	0.44829	1.66165	3.36717	5.19729	5.23926	3.93825	4.53991	0.584	0.80398	7.65903	3.70046	0.67747	3.10986	0.18043	0.71596	NA	0.233	NA	0.30622	NA	0.25832	0.13235	0.20816	0.07929	0.13395	0.67867	0.12771	0.27774	0.39301	0.67833	0.23133	0.0672	0.51035	0.09805	NA	0.07082	NA	0.2357	0.30318	0.47154	1.93444	NA	NA	NA	NA	NA	NA	NA	NA	NA	0.26445	0.37792	3.48755	0.61025	3.85276	5.47031	0.45087	0.4116	0.71046	4.34714	2.0332	NA	NA	0.03446	NA	NA	1.3026	2.83418	1.74542
PL1	NA	101.84109	100.54138	114.97084	92.15602	203.09194	159.24389	65.73054	54.34364	165.16411	223.95934	157.83575	192.7121	206.4229	244.5663	151.48416	131.76425	131.45511	143.1045	240.19035	149.72149	641.05212	218.1947	80.54705	95.1432	49.65781	87.72159	152.74166	93.29589	209.02808	124.80547	127.61265	118.56636	104.02342	101.77591	148.18417	80.47972	43.68308	47.83037	119.73	214.02779	178.3542	200.71457	71.68468	98.56923	217.56338	110.74742	88.73364	191.00462	139.62187	514.0508	117.14814	104.45586	125.60199	156.28492	199.45133	358.98107	786.00758	354.62403	43.75964	121.2492	392.97346	226.11395	141.89744	306.46174	345.45584	92.39258	282.53676	104.19448	340.31497	107.20115	385.6106	225.23149	145.03506	106.3267	39.97838	162.80856	140.76789	93.44032
PL10	NA	18.93005	17.91861	23.54194	15.36334	34.4561	13.98921	8.37263	24.022	14.54198	10.74745	14.516	12.04976	11.48814	11.50011	19.19507	15.71863	15.9891	21.74056	12.79233	11.6705	27.55202	10.85867	24.16323	47.89698	19.73428	29.72078	31.49347	23.20559	32.70222	45.894	18.9881	15.54298	33.92925	29.07718	3.13703	5.63509	2.64999	6.47199	11.45328	20.09882	15.39697	5.15282	2.93132	9.26343	32.20875	10.21043	1.74491	12.48506	6.23774	3.87159	20.20159	14.86436	14.71565	18.25611	10.58914	18.67769	39.42775	21.77335	3.05165	17.84291	4.53489	28.54419	1.63018	8.05102	7.24787	15.13037	3.92308	3.05404	10.91722	13.19019	13.85669	12.88121	10.11846	12.01002	1.6179	11.62102	13.09121	12.05651
PL10_1	0.23797	23.18819	18.04057	21.52143	16.63838	34.95201	19.68819	10.89782	20.99305	12.15136	9.28415	7.40623	10.83269	8.49242	8.82311	45.71961	36.24887	33.96471	46.57894	29.62794	21.45931	70.87423	26.24703	20.38444	24.97391	19.69706	28.65445	24.65053	18.19927	28.05102	31.51511	20.54654	17.01325	22.28609	26.18787	7.72108	8.22198	8.81502	6.73145	22.39854	25.43502	24.23404	7.84286	2.40038	8.14173	20.73282	11.77028	2.19536	11.89603	7.45488	9.04391	28.18566	17.13178	24.29235	22.36827	21.06767	60.01385	121.74447	57.71187	2.73949	13.46472	6.51634	25.98919	5.55754	14.66438	13.13121	8.61206	7.24192	4.10125	17.98956	15.30596	11.65238	11.01183	9.0553	9.35662	5.97756	28.23424	36.92808	32.88972
PL10_2	NA	8.01562	8.56209	9.48766	7.86241	13.23638	4.27837	2.66986	10.25841	6.79006	5.43589	6.58386	4.78682	6.11965	6.54313	9.86453	8.81584	7.47889	10.16871	6.79178	3.22687	8.92864	3.27861	10.36181	17.56202	7.57104	13.55622	13.91953	10.91743	14.81967	21.68908	8.18849	5.33558	15.12667	11.96129	1.37726	2.36603	0.91804	1.93628	3.24531	6.56114	4.8394	2.48561	0.72639	3.58605	11.8426	5.51856	0.56975	5.06238	2.57235	2.63044	7.9687	6.16262	6.16458	8.94843	2.36438	9.77283	19.58842	8.69936	0.74804	7.00678	2.23871	10.66458	0.39153	2.95812	1.89177	5.59232	1.29366	1.33148	4.6338	7.11155	4.90493	4.16245	4.58939	4.92123	NA	4.99928	6.90825	7.72022
PL11	0.13341	47.86211	45.16291	40.45821	44.41744	58.63955	34.59068	21.02499	39.30932	32.45325	30.44196	23.62561	29.2478	23.56647	22.7711	32.76917	45.24451	51.06308	55.48491	36.85326	19.25674	47.23985	21.65423	51.07866	63.17166	33.66034	51.99382	88.15279	70.45158	87.70131	98.46509	65.04142	58.17171	77.71204	64.07044	18.49	24.95653	26.77835	25.02425	39.58828	39.55328	31.95388	16.69567	24.64025	30.40762	60.02442	26.46793	10.38125	29.20667	19.89183	44.23724	54.33035	59.2249	53.98552	64.08212	10.13124	18.52666	60.54879	21.98995	7.40771	36.44765	17.36927	51.24094	11.66218	31.72776	27.17237	37.31315	23.22853	18.90182	38.17079	41.25724	37.2771	32.75213	36.6413	29.00006	12.28298	26.36508	24.26132	18.50466
PL11_1	NA	42.36314	36.0155	31.91582	49.0098	27.79651	21.42231	9.42841	13.69724	23.97157	19.68508	13.10513	16.71601	11.53725	12.76671	31.29837	33.0585	34.99922	38.01561	36.05768	27.71209	60.81364	23.99174	26.83534	25.1722	18.21297	21.89358	37.49461	27.64155	30.99721	34.67421	39.85783	38.77744	37.03483	32.24808	10.33847	13.94745	21.39075	12.69424	25.30654	16.94932	23.28283	10.36959	15.74226	14.69336	22.91407	10.85564	5.69796	17.39611	13.23279	31.46705	39.43168	43.87165	30.67516	33.64725	13.86363	24.75495	82.14468	33.09174	6.67068	18.81041	10.75484	28.61503	7.93267	25.04603	30.30375	21.53571	30.45558	15.36276	40.26293	22.51662	17.55266	19.36374	23.39402	18.49111	4.28635	50.93162	33.1807	16.34993
PL11_2	NA	NA	NA	NA	NA	NA	NA	NA	NA	NA	NA	0.09973	0.16758	0.20087	NA	NA	NA	NA	NA	NA	NA	NA	NA	NA	NA	NA	NA	NA	NA	0.43368	NA	NA	NA	NA	NA	NA	NA	NA	NA	NA	NA	NA	NA	NA	NA	NA	NA	NA	NA	NA	NA	NA	NA	NA	NA	NA	NA	NA	NA	NA	NA	NA	NA	NA	NA	NA	NA	NA	NA	NA	NA	NA	NA	NA	NA	NA	NA	NA	NA
PL12	NA	8.99907	15.57274	11.57669	11.52102	8.79209	16.24692	3.38061	2.65291	0.89584	1.14853	6.39941	2.6646	5.35184	3.3105	1.86041	1.22265	0.82781	0.59587	1.64944	1.43335	0.50519	1.37484	3.64943	0.48365	4.09772	2.90176	0.41456	1.27329	2.24713	1.84913	2.08363	3.01255	4.80011	2.40267	0.50921	0.52607	1.14946	0.54364	0.92128	0.63865	0.91172	1.39483	1.33798	1.68343	NA	0.3767	2.60143	2.47458	1.32734	1.05393	1.08224	NA	0.39929	0.21705	1.66724	2.3091	1.14788	1.52336	2.73744	1.82699	0.50874	2.0019	0.20043	1.21772	1.37552	0.8121	NA	2.60977	2.33833	NA	1.86871	1.40487	1.52098	0.41263	1.53872	1.46292	1.06021	0.7582
PL12_1	0.12609	1.0067	1.15898	1.93686	NA	7.41833	19.71484	24.0791	29.52784	5.05258	2.13604	0.27875	0.38144	NA	2.47195	0.21275	0.26952	0.91547	2.01357	1.17013	0.84802	0.98798	0.88036	NA	NA	2.55241	0.36989	NA	NA	NA	NA	0.35566	NA	1.44017	1.01383	0.53939	3.68386	8.03816	8.52567	NA	NA	0.39531	NA	NA	1.57153	NA	0.89249	NA	2.03095	0.80948	NA	0.63789	0.59377	0.76558	0.97034	8.58253	0.91291	0.65713	3.94463	3.42909	1.90006	NA	0.55426	2.11494	0.87863	1.46264	0.84833	7.9233	3.0392	1.97681	7.15604	2.67889	5.4737	3.02098	3.93263	1.60652	1.17079	1.42862	4.48497
PL12_2	0.37827	17.33734	17.36361	23.27042	13.87175	58.58626	56.94933	32.4591	12.87983	5.39432	6.12269	6.33708	4.89842	6.12536	8.66519	8.06027	11.07969	8.10748	8.34973	14.18168	9.2069	28.50009	12.85	10.22248	12.24931	14.46682	17.647	40.36737	28.71784	42.53552	30.64911	38.14964	32.52029	25.2013	44.46255	1.74815	6.18121	5.20913	11.60007	4.67601	6.29189	14.26543	4.0001	5.291	13.34907	14.32313	9.00999	1.33477	5.796	8.0102	2.36985	24.75977	24.00759	24.79014	36.53212	0.34223	11.48237	22.35156	5.23302	0.60649	9.69011	3.14899	7.75867	5.66703	13.33455	8.03754	10.82108	10.86353	13.68192	17.03366	13.89852	5.57749	11.87911	9.01883	3.56889	0.76394	5.06181	9.11329	3.11286
PL12_3	NA	3.10497	2.58911	5.29738	1.40935	0.51516	NA	NA	NA	NA	NA	0.27875	NA	NA	NA	0.64294	1.42689	1.50194	1.85334	0.34501	0.7538	NA	0.51786	2.7801	5.51577	NA	2.28946	9.35087	6.23383	5.96615	11.21825	NA	NA	NA	NA	NA	0.36873	0.40206	NA	2.86544	2.43019	1.6677	1.89619	0.83269	2.40466	8.52035	1.61145	0.67219	1.14482	0.53565	1.10334	NA	NA	NA	0.24387	NA	NA	0.20043	NA	5.74529	9.5562	107.62792	28.23111	6.0589	18.76367	16.88772	5.91142	NA	NA	0.35204	2.40178	2.58321	2.70266	2.24497	3.42243	1.61049	NA	0.2227	0.38008
PL13	0.14558	9.01331	8.48025	11.13254	6.7593	42.47853	44.99183	29.5075	11.4974	2.72495	3.74201	5.27096	3.68679	4.61975	1.60339	4.47916	6.13421	4.72884	4.2957	5.3275	4.76657	9.19456	4.1811	7.71761	9.9884	10.9584	14.88711	31.96428	23.24209	35.51096	28.77466	32.95854	30.96913	25.60698	38.55572	0.40464	2.16283	1.23763	5.4724	3.68524	2.87444	6.56434	2.77877	3.527	7.9085	7.31128	4.22544	0.33178	4.40364	2.43665	0.56958	10.5623	13.16372	12.37989	26.84631	0.20292	2.62353	6.05256	1.23547	1.69278	4.34305	1.83048	3.71472	2.97218	4.94968	2.16799	4.36193	5.52666	3.30994	9.32765	2.80535	2.14252	5.98355	3.22642	1.41196	0.41595	2.04398	3.49014	2.10255
PL15	NA	3.84901	4.06477	4.5483	2.99609	28.39469	22.26681	21.78135	2.86111	1.0074	0.69079	1.78646	0.208	2.26559	NA	1.4426	2.69896	3.54005	3.57684	1.84355	1.676	1.56209	3.1512	8.14077	7.20711	9.78742	17.024	2.3746	4.20585	5.89359	5.13529	16.37249	25.81714	19.42998	27.57398	0.23953	0.1789	0.36185	0.51204	1.70921	1.59841	2.15976	0.8483	1.24173	7.36271	7.04276	6.56445	0.64818	2.03581	2.39904	NA	5.63957	3.96592	6.31477	7.46449	NA	2.29932	3.19333	1.20503	NA	3.45176	1.01181	0.71473	1.13042	2.92634	0.87069	2.0538	3.95101	4.98097	2.53751	3.93808	1.1926	1.50385	0.63084	1.14832	NA	NA	1.40014	0.34461
PL15_2	NA	8.46706	10.10972	12.83363	8.20046	38.32878	39.46951	22.80411	7.09704	2.37225	0.69079	3.82978	2.41487	6.38376	2.37172	3.86405	3.27723	5.88219	2.88369	7.01715	2.34322	7.18301	3.57265	8.27474	9.07164	13.9818	16.21675	30.82476	21.93555	33.336	27.47184	25.56618	29.94919	25.54166	39.06277	1.44581	2.17018	0.79166	7.51547	4.30379	2.18814	3.50676	2.34197	0.94954	4.08948	7.3744	3.81719	1.06759	4.03643	3.65721	NA	11.8621	9.84389	7.24622	20.4184	NA	2.16215	4.94574	1.71493	0.51072	4.93206	1.69239	3.63826	2.69069	6.68691	0.85923	3.55168	3.3114	1.85645	10.4334	2.65805	4.24275	5.45423	3.66512	2.02449	NA	2.13389	2.43423	3.14315
PL17	NA	0.83579	1.14467	1.22044	1.16165	17.66147	23.49154	11.70375	3.04377	0.59745	NA	0.3421	1.14969	0.41342	NA	1.66353	2.11159	5.00879	0.7638	NA	0.48001	0.44739	0.48624	3.57904	8.83082	3.34431	9.90595	0.53222	NA	5.57874	1.83571	6.28835	11.25231	7.4721	13.84203	0.3166	0.74751	0.60157	2.40752	NA	0.60848	0.70459	0.30411	0.68634	3.49131	1.06042	4.38681	NA	NA	NA	NA	4.55498	0.98258	1.91216	2.59386	NA	NA	NA	NA	1.5859	2.47122	0.73383	1.65114	0.25691	1.33152	NA	1.74677	1.66048	3.50758	1.97903	1.31065	NA	0.5412	0.1206	NA	NA	1.5967	3.92052	2.32917
PL17_1	NA	NA	0.26146	NA	NA	NA	NA	NA	NA	NA	NA	NA	NA	NA	NA	0.44841	NA	0.22275	NA	0.72008	0.39139	NA	0.81264	0.7932	1.57373	0.67316	1.36573	NA	NA	NA	NA	NA	NA	NA	NA	NA	0.38397	0.41752	0.59082	0.99923	0.67796	0.58156	NA	0.86891	0.73035	0.20973	0.44284	2.09412	1.48606	1.11251	NA	NA	NA	NA	NA	0.36575	NA	NA	NA	NA	NA	NA	NA	NA	NA	0.49849	NA	NA	NA	NA	NA	NA	0.07632	NA	NA	NA	NA	NA	NA
PL17_2	NA	6.00535	6.14944	8.30505	6.37071	1.24465	0.78535	0.49021	NA	1.05221	0.39474	NA	0.11886	0.68644	NA	NA	NA	NA	NA	0.80244	1.20756	1.34095	0.58221	2.0675	2.56372	1.46827	2.15689	0.54208	NA	NA	NA	3.90546	10.45356	7.16057	12.89084	0.27375	0.37531	NA	0.57749	NA	NA	NA	NA	0.56765	1.43586	3.29244	0.87897	NA	0.59952	0.33478	NA	3.19154	2.15985	1.06545	2.32897	NA	0.95255	0.40953	NA	NA	0.86712	NA	0.32717	NA	0.21698	0.60465	0.11801	NA	1.37107	1.97658	0.98093	NA	0.24108	0.3685	NA	NA	0.22338	0.96707	0.38866
PL1_2	0.16812	51.58768	52.3236	62.01569	39.7711	92.97904	71.56556	39.89067	30.29953	28.71141	35.63154	25.73872	36.392	37.25215	32.55489	94.56708	67.32179	74.95711	86.83197	103.28469	67.78673	279.28233	104.55885	41.07691	49.06319	29.4201	58.45092	79.98805	60.5204	110.16941	84.38464	63.96558	48.84632	52.8213	53.46325	16.52669	23.42679	13.75935	19.47643	27.19691	29.76831	37.75499	15.61153	21.82745	30.89437	95.15501	46.5836	15.75398	44.81079	43.88049	69.58597	68.74784	53.91526	78.71579	84.00585	79.37209	142.75997	332.35717	149.05854	9.41388	44.08007	231.61417	105.67257	32.07287	91.3134	86.69932	32.37877	131.09649	29.49583	170.27458	58.32287	87.90867	60.58333	48.05737	36.89255	9.61315	43.26683	46.47171	44.97957
PL1_5	NA	NA	NA	NA	NA	NA	NA	NA	NA	NA	NA	NA	0.44656	0.25693	0.63312	NA	NA	NA	NA	NA	NA	NA	NA	NA	NA	NA	NA	NA	NA	0.3467	NA	NA	NA	NA	NA	NA	NA	NA	NA	NA	NA	NA	NA	NA	NA	NA	NA	NA	NA	NA	NA	NA	NA	NA	NA	NA	NA	NA	NA	NA	NA	NA	NA	NA	NA	NA	NA	NA	NA	NA	NA	NA	NA	NA	NA	NA	NA	NA	NA
PL1_6	NA	NA	0.055	NA	NA	NA	NA	NA	NA	NA	NA	NA	NA	NA	NA	NA	NA	NA	NA	NA	NA	NA	NA	NA	NA	NA	NA	NA	NA	NA	NA	NA	NA	NA	NA	NA	NA	NA	NA	NA	NA	NA	NA	NA	NA	NA	NA	NA	NA	NA	NA	NA	NA	NA	NA	NA	NA	NA	NA	NA	NA	NA	NA	NA	0.98198	0.317	NA	NA	NA	NA	NA	NA	NA	NA	NA	NA	NA	NA	NA
PL1_8	NA	NA	NA	NA	NA	NA	NA	NA	NA	0.09347	1.59948	0.39613	0.25005	0.9549	1.76634	1.22079	1.016	NA	NA	1.23042	1.87457	0.17498	1.88872	3.90254	2.79173	2.93667	2.04945	NA	NA	0.32469	NA	2.10358	4.18716	3.16086	1.75697	NA	0.26134	0.28418	NA	5.44083	NA	0.92359	0.84385	0.19764	0.24855	NA	NA	0.95521	0.20336	0.1903	2.35187	3.01691	2.97387	1.40408	2.24549	NA	4.01489	0.28517	0.90984	1.21932	1.8941	NA	0.36999	0.77362	2.12243	0.8238	3.09121	NA	NA	NA	NA	NA	NA	0.0979	0.30461	NA	NA	NA	NA
PL2	NA	NA	NA	NA	NA	NA	NA	NA	NA	NA	NA	NA	NA	NA	NA	NA	NA	0.13085	NA	NA	NA	NA	NA	NA	NA	NA	NA	NA	NA	NA	NA	NA	0.08312	NA	NA	NA	NA	NA	NA	NA	NA	NA	NA	NA	NA	NA	NA	NA	NA	NA	NA	NA	NA	NA	NA	NA	NA	NA	NA	NA	NA	NA	NA	NA	NA	0.12729	NA	NA	NA	NA	NA	NA	NA	0.12919	NA	NA	NA	NA	NA
PL21	NA	NA	NA	NA	NA	NA	NA	NA	NA	NA	NA	NA	0.50994	0.73349	1.80745	0.94021	NA	0.94131	1.35513	NA	NA	NA	NA	NA	NA	NA	NA	NA	NA	NA	NA	NA	NA	NA	NA	NA	NA	NA	NA	NA	NA	NA	NA	NA	NA	0.43976	NA	1.48762	1.77176	0.48209	1.98602	NA	NA	NA	NA	NA	NA	NA	NA	NA	NA	NA	NA	NA	NA	NA	0.21243	NA	NA	NA	NA	NA	NA	NA	NA	NA	NA	0.49652	NA
PL21_1	NA	4.13712	3.72031	6.2651	2.86078	19.92983	19.31805	14.59646	2.2909	1.13426	0.78358	NA	NA	1.3575	NA	NA	NA	NA	NA	4.89009	2.27827	7.07805	3.67913	5.64319	14.24971	11.10215	15.89955	NA	NA	NA	NA	10.13401	20.5426	15.1094	26.17832	NA	0.74501	NA	5.73182	NA	2.30203	2.25679	0.96225	1.12682	4.95982	4.06942	1.7317	NA	1.15336	2.69826	NA	1.72009	3.22962	1.60107	4.9241	NA	3.27012	9.14564	1.29686	NA	3.85685	0.54291	4.21903	NA	NA	NA	NA	NA	NA	1.66532	NA	NA	NA	NA	NA	NA	NA	NA	NA
PL22	NA	26.72086	30.02029	31.05557	21.44386	60.69449	26.39006	18.95196	49.05945	28.34732	19.39489	22.08408	30.73975	18.27009	17.28631	46.6061	37.3281	42.81045	36.51471	46.34397	21.94326	68.43664	36.61644	43.56067	56.97155	32.03348	41.52583	58.06785	43.67289	59.23061	70.84877	37.24725	26.73735	48.05401	45.33479	12.59278	12.72193	19.88227	19.32662	23.92286	38.40594	28.5597	13.70829	29.19189	18.64786	50.46733	35.02632	2.6224	25.76488	16.70046	17.41319	26.44733	32.77661	32.15458	40.61414	18.09185	30.62184	67.26766	26.10503	8.78999	28.86374	6.65531	52.23175	2.24156	16.19186	9.80246	24.64765	15.66236	5.39263	30.41902	27.35521	41.64964	25.36209	29.83464	25.36253	3.66292	50.26922	27.53052	29.59774
PL22_1	NA	1.97717	1.08138	2.6564	NA	NA	0.40923	0.52367	NA	0.36358	NA	1.90058	3.67426	1.38744	3.39581	7.81216	4.94646	2.25831	4.04906	0.1592	NA	0.24195	0.50905	1.04867	1.50068	1.47926	0.98769	2.39739	3.13899	2.91202	3.75106	3.25156	3.18731	4.08845	6.07938	1.90971	1.7397	3.78345	3.26076	NA	0.18736	0.64288	0.44158	10.45376	5.44036	3.50659	6.18147	0.46298	2.43682	1.88681	3.69846	0.98907	1.6294	3.96582	1.35581	3.73233	NA	0.20702	1.04687	3.16858	0.79105	NA	0.54083	0.87181	0.09816	2.4527	0.28298	1.81182	0.31012	0.51654	0.55469	2.97747	1.12649	3.43022	2.46405	1.30052	0.60176	0.76034	1.15025
PL26	NA	21.30917	21.01436	23.38827	17.5455	35.70399	20.39562	13.75897	26.64753	31.53657	26.46206	12.27624	12.38573	11.56117	11.41176	24.55033	25.10928	24.55383	31.55104	29.4603	18.23592	38.7678	11.89263	30.22679	41.20719	20.64645	32.53134	59.57168	47.51377	56.23158	81.6113	40.46857	34.96459	54.26678	46.20125	6.21851	10.90697	14.06854	10.14131	22.51451	26.547	20.3823	11.57346	5.86785	16.27997	41.881	16.25609	5.24285	14.81629	8.94003	10.38103	30.89101	32.50376	30.06349	38.08808	5.22662	14.03154	42.37964	14.31811	8.32954	23.85006	6.17849	33.33313	3.59877	13.85895	10.30629	18.29143	9.12637	8.75016	19.78793	25.817	15.23686	19.75878	18.01538	16.88599	5.61495	6.73971	8.29653	8.5529
PL27	0.07015	14.32893	19.85623	20.54685	18.13071	19.20722	17.86037	14.55118	25.43819	7.50513	8.44891	10.90177	10.39256	6.42091	8.02477	15.34642	23.98793	15.57366	24.0784	12.3598	11.32614	9.58828	11.50362	21.22257	23.2836	18.12106	17.3109	22.59535	19.65299	18.03654	18.02242	9.9523	10.41263	9.3884	9.77893	3.89275	5.36776	8.26063	6.77647	11.99399	15.90866	16.94703	8.73444	17.47746	13.39484	13.59088	6.36436	14.90134	13.53644	13.53055	8.87644	14.03247	12.40061	15.32321	20.71701	3.12055	6.83002	4.9776	4.78755	5.96293	14.27692	3.45267	16.32731	6.87896	6.43511	5.95643	12.33433	6.04702	4.69795	5.6912	8.10418	7.55379	10.09472	8.21163	8.08948	9.70883	4.26142	7.26363	11.10966
PL29	NA	7.3754	6.42369	7.27392	5.14279	7.95614	3.49539	2.33492	0.62268	9.66329	7.48479	2.10103	1.69069	3.70667	1.3904	11.1973	4.5237	5.21594	9.62791	12.06047	6.59494	12.91518	3.46634	3.46026	3.51181	2.03537	2.01108	5.34521	5.36687	8.35059	7.72138	8.91478	5.86709	4.94532	4.85562	0.11	2.13044	0.50803	2.58308	3.76654	2.06359	4.81569	1.94734	1.17185	1.90855	7.29377	4.05773	0.54027	2.61397	1.55374	0.99221	6.43343	5.02139	6.40076	8.3502	2.10656	11.41816	29.69746	9.61758	0.48423	3.86166	1.48705	1.95719	2.18645	5.08889	2.33019	2.6756	3.56971	3.91545	4.10322	10.6249	3.07972	4.47906	2.92086	2.42602	0.38035	1.56205	1.64591	1.56009
PL30	NA	8.29646	14.04737	9.16952	5.8605	7.62957	23.82848	2.29748	3.70383	9.67804	7.76024	0.77106	1.33577	1.42231	1.23919	14.09612	9.40437	11.44042	11.07625	13.41822	6.10026	17.52919	3.59701	3.21917	3.72609	3.70921	5.58668	1.82713	2.2552	6.68737	3.47202	0.37382	0.23991	0.73608	NA	0.72703	3.76671	2.01916	4.63023	4.2016	3.60152	4.6533	1.2782	0.88571	2.35025	1.12861	7.88429	0.60592	3.44364	3.51783	2.04887	4.26525	9.05085	7.24865	16.5002	NA	3.42434	6.80341	2.6359	1.10918	1.57636	1.3922	4.59617	NA	0.23564	0.17689	1.01261	1.93513	1.22391	9.19577	2.82355	3.00585	3.18922	2.05797	1.2104	NA	2.97657	2.3186	1.41062
PL31	NA	NA	NA	NA	NA	NA	2.56486	NA	NA	0.67732	1.6845	NA	0.1709	0.24582	NA	1.87036	1.03774	NA	NA	3.76029	4.91136	0.63265	4.24461	2.38951	2.91743	0.93595	1.42416	1.88182	0.64005	1.97606	1.07983	2.29957	3.63779	1.41783	3.35978	NA	1.20118	0.58051	0.82146	0.69465	0.11783	1.4824	0.34476	0.60237	1.01546	0.58244	0.31022	0.48527	1.65314	1.74294	3.18688	NA	NA	NA	NA	0.7628	4.6866	0.65536	1.62628	0.82843	2.20559	NA	0.56552	1.65997	3.38971	0.34828	4.08197	0.56194	0.48498	0.25435	0.69396	0.93935	2.59991	1.48976	1.24452	NA	1.88253	0.48374	0.54991
PL32	NA	NA	NA	NA	NA	0.24651	0.18575	0.16774	NA	NA	NA	NA	NA	NA	NA	0.83258	1.54476	0.36386	2.39067	NA	NA	NA	NA	NA	NA	NA	NA	NA	NA	NA	NA	NA	NA	NA	NA	NA	NA	NA	0.48939	NA	NA	NA	NA	0.7931	1.74851	0.70541	0.55768	NA	NA	NA	NA	NA	NA	NA	NA	NA	NA	NA	NA	NA	NA	NA	NA	NA	NA	NA	NA	NA	NA	NA	NA	2.51603	2.42135	2.05281	1.56768	NA	NA	NA	NA
PL33_1	NA	51.95758	38.30969	25.73229	67.41876	32.61584	26.57445	17.21591	10.94137	19.51105	17.47161	9.00123	10.54975	9.43193	6.47509	25.85814	18.81099	32.94991	27.13822	31.86671	18.78322	33.28606	17.54834	19.27618	23.00729	13.95173	16.82378	29.19376	35.28399	32.20003	37.61711	36.06765	26.82517	20.45509	23.36236	85.70399	31.88729	21.75282	17.75565	13.47389	12.0608	15.20738	7.13448	5.75014	9.18338	11.82514	12.02078	5.8549	4.2751	11.06804	6.75117	24.44737	19.86959	24.97357	32.76275	8.17656	11.93656	12.34594	11.77594	7.82039	22.61366	3.34814	16.17179	14.56425	38.10074	45.23338	20.89518	8.95474	12.98274	17.38164	18.74548	26.15541	20.49481	23.62334	13.37664	4.67128	21.90046	21.28302	12.602
PL33_2	NA	1.48363	2.57143	2.54303	2.73862	0.54547	0.27991	1.11402	0.1881	0.36735	1.50123	2.13675	2.3633	2.52646	2.3804	0.84534	2.35095	1.89068	0.58346	3.01459	2.95264	3.0504	4.16839	1.69717	1.41964	1.59079	0.92365	5.40158	3.37364	3.43258	4.20386	4.43434	4.64066	2.23101	3.93248	0.26771	1.59045	2.78508	2.76101	7.58655	0.32403	1.44123	0.23702	1.09483	0.67817	1.1462	2.01292	1.93151	1.61398	3.30931	1.03439	4.56876	5.49144	7.61352	11.37061	0.3302	0.76076	0.9525	1.20839	1.677	3.60332	0.2526	1.01594	1.42062	1.05637	1.8312	1.83849	2.20028	5.21431	4.64807	10.95362	1.21985	3.6682	4.14832	1.2324	NA	1.27596	1.74293	NA
PL35	NA	11.54004	18.91422	12.97458	10.31658	25.76561	15.36781	15.1282	4.11077	3.47458	3.73473	3.68419	2.86874	5.96788	1.36672	5.99444	5.57571	6.30284	8.92239	4.31835	2.40329	2.68043	4.6331	10.73094	15.56567	9.13378	13.34613	15.54095	13.90618	21.33617	22.09634	18.06142	21.83372	17.32069	23.57759	1.69978	9.64151	2.30506	8.71735	0.74229	5.45715	5.45649	1.87268	1.58419	6.27023	13.69009	17.09706	NA	3.35653	4.40215	3.46504	21.26978	17.78285	19.96104	28.32843	0.81563	9.50105	6.68072	3.08223	3.67653	13.70594	3.74348	13.09879	2.6771	8.32269	1.6044	7.44719	7.812	5.3023	9.32295	13.11964	4.74482	5.45794	7.91112	7.87974	47.78414	10.63064	27.71231	55.81699
PL37	NA	3.16389	3.38824	2.9682	2.56341	18.70885	25.15126	16.18455	6.28523	0.69131	0.53113	3.36209	1.52422	3.76244	0.92339	2.8749	3.00337	3.95125	3.58181	3.26549	1.71835	4.08099	2.16304	4.03822	6.26627	7.03049	6.47149	18.41311	11.79893	20.27934	15.69715	13.62092	10.73901	11.23246	12.26838	0.33221	0.97265	0.86019	2.79804	2.63051	1.14388	1.55282	0.72699	0.52587	3.26795	1.24456	1.50694	0.89659	2.59127	3.12892	2.74465	5.10512	5.00613	5.04024	12.184	0.32706	1.47948	3.93489	0.72104	0.46029	1.2791	0.94766	1.62151	2.89187	1.87793	1.67051	3.75447	2.20163	1.84407	4.57583	3.02773	0.27838	1.46613	0.49776	0.78008	NA	1.5138	2.8752	1.96815
PL38	0.24311	6.15815	11.91312	9.92973	6.25885	11.93758	22.49722	7.94124	7.48581	5.77705	5.64212	8.63618	4.85233	7.31461	8.16111	5.07796	4.723	8.40599	2.45718	3.53882	5.37438	4.17648	2.86068	9.35177	18.35014	5.25472	12.26725	25.2857	21.52756	32.85208	18.59247	11.70207	5.19242	6.53056	4.03786	0.693	5.23239	4.21522	7.58508	6.60488	13.68764	10.24119	10.03529	3.68996	8.73528	24.38355	22.92782	4.36126	15.29607	8.61569	6.872	26.73443	19.50388	22.68555	32.48879	0.42996	4.29958	4.75415	0.78653	5.52158	8.04483	8.51698	9.50507	3.07719	6.59645	2.29269	8.30109	5.50484	7.09613	15.89086	10.7616	7.40413	5.29185	4.19069	2.01968	0.39296	2.36609	6.00255	3.31617
PL4	NA	NA	NA	NA	NA	NA	NA	NA	NA	NA	NA	NA	NA	NA	NA	NA	NA	NA	NA	0.07749	NA	0.58886	0.69963	NA	NA	0.07244	NA	NA	NA	NA	NA	NA	NA	NA	NA	NA	0.04132	NA	0.50865	NA	NA	NA	NA	NA	NA	NA	NA	NA	NA	NA	NA	NA	NA	NA	NA	NA	0.18137	0.49598	0.21579	NA	NA	NA	0.0585	NA	NA	NA	NA	NA	NA	NA	NA	NA	NA	NA	NA	NA	NA	NA	NA
PL40	NA	46.64424	31.48383	21.71672	50.9139	29.32583	15.22545	9.36183	19.55242	11.31935	12.14449	11.00016	10.21767	13.15925	8.62896	14.75476	17.30114	19.23734	21.06726	21.80312	12.38837	29.8167	10.73508	15.14086	23.3404	7.66535	18.46666	32.55962	21.3907	36.37083	37.07485	36.62444	21.49548	37.26608	32.70264	4.22482	10.4828	4.30583	8.41371	8.01054	12.36229	9.24872	8.01161	5.83686	17.74392	29.85228	23.89104	1.16622	9.04852	5.03582	9.21996	23.88014	23.60914	26.72929	28.24401	2.01833	11.06535	26.06772	8.99237	2.58621	12.78768	5.23931	16.43641	4.23496	13.56906	6.89615	18.52432	5.5787	6.41519	14.16417	23.12123	23.60108	19.91506	22.70819	16.38896	0.50388	32.0836	21.83773	7.44646
PL4_1	NA	NA	NA	NA	NA	NA	0.07508	NA	0.05046	0.19986	0.31065	0.14845	0.06236	NA	NA	0.51739	0.57413	1.78421	0.16572	NA	NA	0.04677	NA	0.94913	NA	0.94933	0.26264	0.57736	0.23607	0.84726	0.19914	0.02232	0.09361	0.04754	0.05163	1.29261	0.39381	1.28468	NA	NA	0.04346	NA	NA	1.86137	0.74907	0.43022	0.22884	NA	NA	NA	NA	0.15154	0.1067	NA	NA	NA	0.21607	NA	NA	0.30623	0.10194	0.07175	0.41816	NA	NA	1.0304	0.98042	0.31256	0.17983	0.06288	0.38599	NA	NA	0.36632	NA	NA	NA	NA	NA
PL6	NA	15.71514	15.3768	22.18843	7.1452	3.94026	2.0714	4.46498	NA	2.196	3.1068	4.31531	0.18651	0.55459	NA	0.8948	1.85472	4.81433	0.12072	3.80118	0.34636	2.41845	2.14495	8.64242	7.57924	0.45338	6.76164	0.53273	0.11465	28.2821	0.36266	20.89399	30.1699	19.35901	35.85039	NA	NA	NA	NA	0.25876	0.40543	0.73046	NA	3.83615	10.40721	12.33223	9.34743	2.3015	6.64917	0.39301	1.61904	11.3418	1.33309	2.81471	9.37348	NA	NA	3.19971	NA	NA	NA	NA	0.05077	1.8476	0.51498	NA	1.0175	2.74632	NA	5.20746	3.73429	0.07418	1.5362	0.71886	NA	NA	0.4125	2.29805	3.02298
PL6_1	NA	4.7297	4.14084	5.1386	3.92936	1.67276	1.02945	1.11326	0.07524	0.8077	1.10897	0.44066	0.20177	0.91017	NA	0.32077	0.44333	1.10659	0.9098	0.98739	0.70709	0.90033	1.34638	1.08044	1.91489	0.85349	1.9237	1.26385	0.6395	3.72945	0.98096	7.13063	12.01338	7.08774	10.88813	NA	0.29458	0.15964	0.22708	0.18557	0.20254	0.07412	0.18866	0.89013	3.37367	3.83596	4.08739	NA	0.75845	0.21395	NA	3.95304	1.39511	2.05132	2.79092	NA	0.32348	0.81031	0.12932	NA	NA	0.10743	0.37861	0.30305	0.45154	NA	0.32959	0.54292	NA	2.51568	1.25074	0.2268	0.4254	0.18553	NA	NA	0.56603	1.96834	2.04585
PL7	NA	0.1046	0.50058	2.82858	0.60274	2.09953	1.13852	0.61507	2.17203	0.31691	0.22826	2.656	3.67018	0.59317	1.05719	0.8951	NA	0.55058	NA	NA	0.29075	0.5045	0.37462	1.29706	0.64335	0.41279	0.41874	6.21639	3.08306	1.73678	4.21373	7.99767	9.29483	5.90246	3.48787	0.55065	3.93703	0.97203	2.35877	1.22547	4.36517	2.13969	0.91232	0.80316	0.44785	3.85827	1.64185	NA	0.36451	0.76929	NA	6.36735	7.46589	3.93456	4.36044	NA	2.33083	NA	NA	1.21238	1.83167	0.15413	NA	NA	1.08898	1.23211	1.56313	0.52438	0.78276	0.79026	5.28015	2.48573	2.76337	3.15785	1.20277	NA	NA	NA	0.48765
PL8	0.08126	29.36549	39.69526	38.37022	20.3386	40.64432	27.27809	18.23965	21.68787	38.62524	31.00385	12.96164	13.90456	14.83375	7.62597	39.29607	32.62363	36.48237	43.99783	46.70081	28.16152	46.5028	20.23603	23.21166	27.55967	22.62564	34.45078	43.28824	38.20476	67.9632	44.37224	38.33888	23.22024	24.66437	21.34077	6.02788	8.34772	10.03458	11.47975	23.51685	14.0018	20.85258	10.57799	3.71864	19.90906	39.08147	24.37527	8.56294	17.14352	18.24649	10.78964	46.21708	30.5991	34.30119	50.17582	23.63752	24.96131	39.54159	16.42515	12.83374	12.93214	11.91866	25.70774	6.4712	13.30241	7.6465	18.38459	14.85835	23.02906	19.35581	31.82833	16.53917	19.09477	17.90305	24.75402	0.56898	8.13582	13.39846	10.98601
PL8_1	NA	NA	NA	NA	NA	NA	NA	NA	NA	NA	NA	NA	NA	NA	NA	NA	NA	NA	NA	NA	NA	NA	NA	NA	NA	NA	NA	NA	NA	NA	NA	NA	NA	NA	NA	NA	NA	NA	NA	NA	NA	NA	NA	NA	NA	NA	NA	NA	NA	NA	NA	NA	NA	NA	NA	NA	NA	NA	NA	NA	NA	NA	NA	0.1117	0.34458	NA	NA	NA	NA	NA	NA	NA	NA	0.05349	NA	NA	NA	NA	NA
PL8_2	NA	17.28264	20.0051	18.37553	11.64469	42.07392	35.46177	24.91579	6.50434	19.12495	17.53382	4.35767	4.53861	6.5121	2.80426	24.79174	14.65217	18.00802	23.42428	25.48748	16.71568	40.11743	9.25224	17.56899	25.91063	14.40108	29.95435	24.99217	16.09357	42.42562	22.71336	27.13789	27.79105	22.94008	31.27911	2.16228	4.68992	1.79516	9.27342	4.68649	5.39342	10.75536	3.60363	3.09474	14.39402	18.05218	13.68703	0.92985	8.31547	7.13902	3.48749	20.75228	13.67221	18.26078	28.42057	1.14811	16.99982	32.24968	8.99775	1.20988	7.3327	3.23004	9.26252	3.73973	7.98199	4.55793	8.84754	7.99524	10.39731	12.78204	19.87708	15.266	14.66651	10.39737	11.35759	0.48754	4.49612	9.08143	4.30038
PL8_3	0.07411	7.298	7.037	6.89555	3.98688	5.07468	5.56345	4.68883	1.87717	7.60949	7.02219	2.31779	2.03763	2.97291	2.29169	10.48828	5.59246	9.18395	8.59323	11.91692	6.85763	15.13166	4.03511	4.87461	2.95847	2.83042	3.33084	24.25975	14.78263	34.287	19.9007	14.71933	4.50706	3.97172	5.71708	0.46051	2.40344	1.09314	2.60769	2.93544	2.67927	5.79907	1.47115	1.09279	2.92998	6.78605	5.59784	0.36591	1.41734	2.51106	0.5982	11.05473	5.78198	9.16591	12.48362	2.91922	8.38157	45.73112	13.75827	0.63123	2.7976	0.7394	3.14025	1.09837	1.14488	1.35709	5.26963	2.77641	6.24143	6.72314	9.66732	3.94677	4.92732	3.3724	2.99234	NA	6.82802	7.04433	3.88716
PL9	NA	11.56677	13.62814	12.97673	13.70196	13.83608	32.32081	4.3243	8.91159	4.85494	3.40656	2.70503	2.24959	0.98335	2.59434	3.90071	6.03696	1.9186	1.90114	11.30006	8.53556	6.38847	6.02149	11.70691	9.68601	6.21944	5.61437	3.86407	2.71991	3.10999	5.96068	14.29166	19.49262	9.60359	8.06756	2.37339	3.92925	4.99273	2.88167	6.66374	2.85435	4.83417	1.22131	48.81621	15.58554	10.90771	9.26568	1.18063	12.67894	3.3495	10.04497	14.04152	17.85677	9.67747	11.75054	6.10986	9.42677	4.52942	1.85762	8.91066	4.3709	2.0182	8.23873	8.82849	11.04632	6.27988	5.19832	7.33004	8.46193	6.61604	5.26884	0.97148	5.99311	5.34632	3.52959	10.67236	12.55527	5.70976	8.36871
PL9_1	0.1677	19.73012	21.48216	24.61438	23.79852	17.34939	24.82279	3.89264	10.1102	19.77054	15.05516	8.96577	8.44528	10.96034	14.11645	19.42691	25.04266	27.42236	15.75119	23.4829	18.53929	15.66294	15.61001	25.69091	28.78439	20.56251	19.87744	11.37474	8.84022	7.79402	15.07601	34.0709	37.27775	18.86577	18.71734	14.37956	14.92979	15.76144	9.55898	21.43817	15.54662	24.46652	7.5993	19.23173	12.68124	10.62624	6.86855	14.02952	21.50016	12.56449	33.41674	31.77168	35.68383	19.56964	34.88497	11.41117	9.57583	11.74056	6.08886	10.92486	21.86497	7.83704	18.22158	14.1118	20.69514	17.51494	9.9198	6.86773	18.69117	14.58075	7.48688	7.04347	14.34597	12.36628	6.09531	20.3249	28.15249	16.67084	17.05689
PL9_2	NA	2.90345	2.67245	1.27132	1.96711	3.77233	10.46878	0.49113	2.60242	1.23716	2.00831	1.10903	1.16897	0.86922	1.25381	2.44387	4.11451	1.37597	4.20243	2.89983	2.84022	3.01488	1.77554	2.65141	3.99264	2.35454	4.07797	4.71497	4.84532	17.49907	7.82864	6.59085	5.17043	3.84355	2.43981	0.27817	3.98574	0.15464	2.09792	1.11662	0.1251	0.71374	NA	14.88424	3.3311	1.42961	2.13616	1.25568	2.97541	1.00731	2.58607	10.16066	4.04795	10.26861	14.6415	1.34355	3.61649	3.08869	4.13574	1.75509	3.72121	0.97376	2.63805	2.65843	0.93699	3.05877	0.19993	1.62944	2.63765	1.8401	27.71471	4.46525	2.35843	1.80143	2.62812	0.77988	0.41063	0.49866	1.16234
PL9_4	NA	NA	NA	NA	NA	NA	NA	0.14392	NA	NA	NA	NA	NA	NA	NA	NA	NA	NA	NA	NA	NA	NA	NA	NA	NA	NA	NA	NA	NA	NA	NA	NA	NA	NA	NA	NA	NA	NA	NA	NA	NA	NA	NA	NA	NA	NA	NA	NA	NA	NA	NA	NA	NA	NA	NA	NA	NA	NA	NA	NA	NA	NA	NA	NA	NA	NA	NA	NA	NA	NA	NA	NA	NA	NA	NA	NA	NA	NA	NA
