feature	ERR2508876	ERR2508877	ERR2508878	ERR2508879	ERR2508880	ERR2508881	ERR2508882	ERR2508883	ERR2508884	ERR2508885	ERR2508886	ERR2508887	ERR2508888	ERR2508889	ERR2508890	ERR2508891	ERR2508892	ERR2508893	ERR2508894	ERR2508895	ERR2508896	ERR2508897	ERR2508898	ERR2508899	ERR2508900	ERR2508901	ERR2508902	ERR2508903	ERR2508904	ERR2508905	ERR2508906	ERR2508907	ERR2508908	ERR2508909	ERR2508910	ERR2508911	ERR2508912	ERR2508913	ERR2508914	ERR2508915	ERR2508916	ERR2508917	ERR2508918	ERR2508919	ERR2508920	ERR2508921	ERR2508922	ERR2508923	ERR2508924	ERR2508925	ERR2508926	ERR2508927	ERR2508928	ERR2508929	ERR2508930	ERR2508931	ERR2508932	ERR2508933	ERR2508934	ERR2508935	ERR2508936	ERR2508937	ERR2508938	ERR2508939	ERR2508940	ERR2508941	ERR2508942	ERR2508943	ERR2508944	ERR2508945	ERR2508946	ERR2508947	ERR2508948	ERR2508949	ERR2508950	ERR2508951	ERR2508952	ERR2508953	ERR2508954	ERR2508955	ERR2508956	ERR2508957	ERR2508958	ERR2508959	ERR2508960	ERR2508961	ERR2508962	ERR2508963	ERR2508964	ERR2508965	ERR2508966	ERR2508967	ERR2508968	ERR2508969	ERR2508970	ERR2508971	ERR2508972
total_reads	3467149.0	3475781.0	3493803.0	1714299.0	3502226.0	3501979.0	3508178.0	3513953.0	1659979.0	3378842.0	3395386.0	3405431.0	3268886.0	3382138.0	3396747.0	3404563.0	2348219.0	3375216.0	3389206.0	3403965.0	3393798.0	287159.0	3132175.0	3108355.0	1958869.0	3387602.0	3457972.0	3466690.0	3418670.0	3447360.0	3459226.0	3471501.0	3253389.0	3375002.0	3391844.0	3406098.0	2327282.0	3429349.0	3447528.0	1123096.0	3450366.0	3466191.0	3477625.0	2368195.0	3222223.0	3160635.0	3224093.0	2425438.0	3196740.0	3109171.0	3219639.0	3130072.0	19757.0	3140096.0	3024410.0	3139981.0	3032532.0	912653.0	3284038.0	3178775.0	3286336.0	3192315.0	952067.0	3024856.0	2958656.0	3028817.0	1901656.0	2964685.0	2879330.0	2975590.0	2135063.0	2909179.0	2941439.0	2546336.0	3059075.0	2946333.0	3042433.0	2979231.0	1530150.0	3162258.0	3109965.0	3166326.0	1656385.0	3037602.0	3073608.0	899000.0	3089519.0	3043182.0	3085842.0	1371873.0	3151588.0	3129850.0	3106371.0	652207.0	3502532.0	3513128.0	780522.0
filtered_reads	3452826.0	3465346.0	3474628.0	1700868.0	3493919.0	3485730.0	3495641.0	3494244.0	1659296.0	3319304.0	3333188.0	3393126.0	3236413.0	3358125.0	3370708.0	3374787.0	2329711.0	3339478.0	3369776.0	3380987.0	3372029.0	286257.0	3093549.0	3077983.0	1942672.0	3375223.0	3408929.0	3442386.0	3401996.0	3438546.0	3452572.0	3464683.0	3242962.0	3363651.0	3380123.0	3394172.0	2318313.0	3419708.0	3435103.0	1119683.0	3440655.0	3454938.0	3470818.0	2363847.0	3184772.0	3074864.0	3199107.0	2394427.0	3175758.0	3077695.0	3189473.0	3096592.0	18900.0	3112619.0	2991082.0	3106376.0	2999636.0	904245.0	3253090.0	3150594.0	3259264.0	3164198.0	946225.0	2971765.0	2897556.0	2962485.0	1847384.0	2907951.0	2808168.0	2894338.0	2092147.0	2911713.0	2888443.0	2464608.0	3049262.0	2910105.0	3039640.0	2972600.0	1527246.0	3133787.0	3078268.0	3137978.0	1640759.0	3007243.0	3046433.0	890093.0	3058740.0	3007223.0	3053461.0	1355177.0	3108457.0	3087022.0	3071958.0	638744.0	3498592.0	3515963.0	781473.0
category	74407.30645	75327.20419	74080.92385	72401.73631	65461.14778	64866.18932	65635.29955	64667.93951	66299.43878	68680.99943	68397.46805	70393.40383	69628.99564	57859.08127	57974.79835	57725.19741	57579.45749	63307.57384	64656.51006	64348.39564	64348.77534	65700.76699	52541.59074	52937.17559	54146.34622	57452.65649	63364.04174	66409.32844	67588.5906	76999.14002	77096.78599	77598.04408	76532.96475	73842.02979	73789.96432	73978.36952	73796.18454	75666.48688	75246.35755	75974.57251	75219.378	74670.85068	76233.50754	76171.13271	66931.49187	63991.36161	67253.25966	66617.0967	63775.30452	62224.09783	63019.09696	63201.68579	50755.82383	62174.71721	60414.11413	61003.27863	60323.62748	60766.97901	64596.59919	63681.4782	64416.52394	64180.98905	65579.57808	58819.21004	57369.1055	57834.89866	56111.44623	56027.00762	54484.56061	54368.00769	55922.68927	47408.05215	47029.0211	46573.48521	51663.17884	49340.53075	51174.18607	50519.22826	50593.14325	69249.91608	67804.69586	69384.27285	68526.44419	67440.94599	68718.4922	67400.11161	61451.31421	60586.42972	61245.94819	60558.6934	58651.12412	58368.55779	59240.57928	58255.47222	80521.09518	81698.63558	82300.06549
AA1	0.68831	1.28552	2.14895	2.71181	0.75653	0.19668	0.34615	0.35872	0.97887	0.28906	0.34615	0.49421	NA	0.62541	0.26703	0.17781	NA	0.58773	0.87191	0.17748	0.08898	NA	NA	0.69247	NA	0.38428	NA	0.44316	0.33184	8.74264	8.95168	5.55571	6.81589	1.06918	2.08102	1.84651	3.17792	0.3899	0.26353	NA	1.92807	1.94735	0.79758	0.80335	4.974	2.87973	4.19068	3.20503	2.28129	3.80784	2.56874	2.21198	NA	1.07233	3.36076	2.39598	1.93293	1.01545	1.28273	1.2373	2.01599	1.04725	0.35771	1.97771	2.00868	3.47302	3.55814	3.33446	2.74381	4.50962	1.5667	12.4754	15.75374	13.61381	22.13759	27.31213	22.76279	22.36363	23.55288	3.14305	2.84309	3.2247	1.10422	NA	0.47311	NA	1.53996	4.89719	3.17335	3.68577	2.55033	1.61802	0.27033	NA	1.43903	1.96467	3.39762
AA10	NA	NA	NA	NA	1.0966	1.92355	1.64408	1.91886	1.7318	NA	NA	NA	0.29596	NA	NA	NA	NA	NA	NA	NA	NA	NA	NA	NA	NA	NA	NA	NA	NA	NA	NA	0.33878	NA	NA	NA	NA	NA	0.39389	0.47636	1.79339	NA	NA	NA	NA	NA	NA	NA	NA	NA	NA	NA	NA	NA	NA	NA	NA	NA	NA	NA	0.51937	NA	NA	NA	NA	NA	NA	NA	NA	NA	NA	NA	NA	NA	NA	NA	NA	NA	NA	NA	0.39114	NA	NA	NA	NA	NA	NA	NA	NA	NA	NA	NA	NA	NA	NA	NA	NA	NA
AA3	NA	NA	NA	NA	0.73323	1.35843	1.02762	1.71378	1.40481	0.29536	NA	NA	NA	0.51155	0.63835	0.29222	0.50028	NA	NA	0.29169	0.29246	NA	0.31692	NA	0.50466	0.69493	0.24994	0.47467	0.73017	1.46954	1.15028	1.62104	1.04719	1.47035	1.32979	1.24035	NA	0.28669	NA	NA	0.05382	NA	0.16534	0.18159	0.07788	0.37904	NA	0.48676	0.367	NA	0.73084	NA	NA	NA	0.70968	0.69528	0.4917	NA	0.2582	1.42097	NA	0.26546	NA	0.66371	NA	NA	NA	NA	NA	0.08493	0.47138	0.2295	NA	0.34081	0.27546	NA	0.35518	NA	NA	0.37191	0.21443	NA	NA	NA	NA	NA	NA	NA	NA	NA	0.3154	0.7551	1.1382	NA	NA	NA	NA
AA3_2	NA	NA	NA	NA	0.13892	0.06014	0.21006	0.04503	NA	NA	NA	NA	NA	NA	0.13046	0.13031	NA	NA	NA	NA	NA	NA	NA	NA	NA	0.13536	0.11535	0.12203	0.21018	0.49154	0.7224	0.56514	0.38561	0.30121	0.42554	0.33115	NA	NA	NA	NA	0.09192	NA	0.14179	0.22702	0.06589	NA	NA	NA	NA	NA	NA	NA	NA	NA	0.19454	0.03374	NA	NA	0.03222	NA	NA	0.03313	NA	NA	0.15177	NA	NA	NA	NA	0.0725	NA	0.06177	NA	0.04253	0.03438	0.21612	0.14498	0.10589	NA	NA	0.06137	NA	NA	NA	NA	NA	NA	NA	NA	NA	NA	NA	NA	NA	NA	NA	NA
AA4	6.90904	8.56191	2.51529	5.9488	2.69455	3.60198	3.14192	2.21001	1.9863	3.11704	3.02383	2.67071	4.45821	3.82054	10.72754	10.34246	7.51214	4.36519	9.68779	3.55042	7.51272	10.49761	16.60872	12.35309	18.84273	17.33312	20.54662	26.11209	26.01635	4.40643	3.39052	1.76764	2.45481	3.13914	3.40972	3.54964	3.46806	4.62084	4.08695	3.33275	5.25552	4.91138	7.06953	6.79467	13.16764	15.88009	14.86777	14.44248	13.10102	16.90957	14.98853	15.06327	NA	11.01866	8.29284	11.07783	6.93925	9.42652	10.67129	6.78993	5.87266	6.98164	5.83136	10.15286	8.644	9.98681	5.8488	32.11355	26.10121	29.11155	20.53928	14.87299	19.57475	19.76307	21.00121	16.61773	21.97539	24.90933	24.07139	3.76224	4.91363	3.96935	3.52839	5.34512	3.76271	3.85351	7.41289	4.5104	6.77378	4.63515	8.5083	7.92458	6.10137	5.12854	7.87605	7.77695	10.43811
AA6	16.39824	14.47368	12.60793	9.28465	19.49739	22.52997	16.89619	18.78586	14.65182	12.61322	11.93387	9.08779	21.99741	11.01679	16.83771	13.9958	12.52984	19.50277	20.00753	22.8257	19.82313	4.89267	34.21457	27.82922	29.482	33.99133	15.51085	13.10229	24.01308	14.05497	16.51388	16.45921	11.66264	8.41572	7.50555	6.70261	10.78766	5.56164	5.57065	8.73056	11.41663	7.73966	9.61627	13.80944	19.63765	17.48048	13.3738	18.19963	26.00379	18.18829	15.64582	24.89668	NA	12.5744	9.63304	13.77127	12.90207	23.11218	17.53094	14.1822	14.19137	18.47234	18.14723	30.95378	18.0021	24.69702	25.0206	12.47506	15.01647	12.44612	12.14941	20.64519	27.46372	30.19267	10.48077	19.97451	11.34984	14.47112	19.47523	18.11774	20.31212	22.35489	16.52717	18.47664	24.51355	17.91276	14.4725	13.23991	14.86604	20.74049	11.43933	15.00955	17.04833	30.8855	11.77362	10.44694	16.9326
AA7	14.87951	20.27462	12.4715	14.99913	25.02311	27.94116	22.44042	26.81486	26.02248	14.69078	14.60508	16.35393	15.092	23.62175	22.01241	15.90277	26.18684	26.38029	27.19522	23.92207	26.66091	28.42346	32.62451	30.64897	47.39721	43.3553	39.7168	45.278	43.60639	17.69308	20.11717	13.95781	14.91611	6.32732	9.60093	9.49737	9.01783	5.65883	8.29948	9.25848	6.11396	8.25979	9.3139	9.78839	20.61866	30.52043	31.58846	55.24736	28.87058	47.164	36.82282	28.72405	65.90418	24.86573	21.76289	23.59452	20.21594	19.07418	26.2115	21.1802	23.20837	23.38253	13.07482	19.30069	17.02962	15.57953	22.91298	50.17205	49.23205	60.84492	38.03057	21.40311	28.7291	28.35494	52.28992	34.47381	38.94622	35.03576	44.97979	18.21422	10.1198	10.51352	19.33904	7.69152	7.05369	4.98019	7.95843	11.19912	13.58377	11.68009	20.06598	13.51131	8.85763	31.14894	22.42773	22.53761	26.51364
AA8	NA	NA	NA	NA	NA	NA	1.4448	NA	NA	NA	NA	NA	NA	NA	NA	NA	NA	NA	NA	NA	NA	NA	NA	NA	NA	NA	2.22233	2.10504	3.34029	1.46879	8.00313	1.25272	NA	2.06456	NA	NA	NA	NA	NA	NA	NA	NA	1.83934	NA	NA	NA	NA	NA	NA	NA	NA	NA	NA	NA	3.79917	1.62585	NA	NA	NA	NA	NA	NA	NA	NA	NA	NA	NA	NA	NA	NA	NA	NA	NA	NA	NA	2.38632	NA	2.38694	NA	NA	NA	NA	NA	NA	NA	NA	NA	NA	NA	NA	NA	NA	NA	NA	NA	NA	NA
CBM10	NA	NA	NA	NA	NA	NA	NA	NA	NA	NA	NA	NA	NA	NA	NA	NA	NA	NA	NA	NA	NA	NA	NA	NA	NA	NA	NA	2.848	NA	NA	NA	NA	NA	NA	NA	NA	NA	NA	NA	NA	NA	NA	2.82467	NA	NA	NA	NA	NA	NA	NA	NA	NA	NA	NA	NA	NA	3.26837	NA	NA	NA	NA	NA	NA	NA	3.38351	NA	NA	NA	NA	NA	NA	3.36706	NA	NA	NA	NA	NA	NA	NA	NA	NA	NA	NA	NA	NA	NA	3.20522	NA	NA	NA	NA	3.17585	NA	NA	NA	NA	NA
CBM12	1.60899	NA	3.19778	NA	4.77019	11.1566	12.66298	14.30925	20.08884	NA	3.33348	1.6373	1.71658	41.30569	29.66736	33.10027	19.07724	53.59169	46.51527	56.22008	41.42572	38.81516	7.00962	1.80493	NA	6.47773	3.20684	3.17568	8.16514	3.17922	11.15993	4.81044	8.62463	4.95493	3.28719	6.60361	11.98189	4.87371	NA	NA	NA	3.27146	1.65584	NA	36.52012	41.4973	41.62614	30.16263	38.37703	46.81621	29.53283	32.23569	NA	1.72727	1.85737	5.24993	5.50061	NA	3.36047	NA	3.3541	1.75575	NA	22.25244	18.864	18.69253	14.94596	22.88456	17.74138	32.33243	31.62379	28.52984	39.92134	24.31291	10.87283	13.31122	21.65242	22.36677	21.37774	7.40119	5.47653	7.26485	7.00545	NA	3.71014	NA	5.39028	5.54221	9.10119	NA	5.31947	8.94019	1.80847	26.09287	3.17588	NA	NA
CBM13	39.48241	52.81157	43.91204	47.99226	120.15707	130.64375	123.30182	117.82084	128.50061	96.4519	92.4991	89.56652	100.48431	72.88997	79.85213	66.65388	70.98481	102.0665	89.2145	90.94194	103.78177	88.50114	89.43001	87.25838	93.98774	100.92296	108.01815	114.60416	114.3652	78.81465	65.48456	67.28268	72.41119	67.21194	71.18783	71.23388	54.45477	80.09509	74.39085	71.98395	115.33516	112.88653	115.52538	120.96834	156.89695	141.26129	167.25526	165.21613	110.28571	114.16028	111.46303	111.07854	135.25217	154.3594	150.12923	141.53403	127.57724	140.82459	111.68137	117.37863	130.74176	122.99365	124.25132	98.19232	97.4645	102.5968	100.0241	129.20042	97.96299	106.62859	121.37805	121.54029	114.49936	130.08346	125.03132	120.75521	111.69403	118.20904	107.96254	58.62171	65.00656	65.68963	52.1012	59.59283	69.32714	50.306	185.33113	174.46163	180.29904	197.69444	118.50812	97.37473	102.82548	102.05109	51.91633	51.06368	67.23336
CBM14	1.07266	1.06878	NA	NA	NA	NA	NA	NA	NA	NA	NA	NA	NA	NA	NA	NA	NA	NA	NA	NA	NA	NA	NA	NA	NA	NA	NA	NA	NA	NA	NA	NA	NA	NA	NA	NA	NA	NA	NA	NA	NA	NA	NA	NA	NA	NA	NA	NA	NA	NA	NA	NA	NA	NA	NA	NA	NA	NA	NA	NA	NA	NA	NA	NA	NA	NA	NA	NA	NA	NA	NA	NA	NA	NA	NA	NA	NA	NA	NA	2.72737	NA	2.72373	7.81377	2.84214	1.40279	9.60238	NA	NA	NA	NA	NA	NA	NA	NA	NA	NA	NA
CBM16	0.36158	0.72054	NA	1.47077	NA	NA	0.44768	NA	NA	NA	NA	NA	NA	0.37177	NA	NA	NA	0.37385	0.39887	0.79508	NA	NA	2.38964	2.47934	2.53687	2.52554	2.95713	2.73316	1.48158	0.36308	0.88631	NA	0.38497	0.37116	NA	NA	NA	0.73015	NA	NA	0.49939	NA	0.3597	NA	0.39201	0.40602	0.39025	1.5642	1.28517	0.81129	0.96013	0.40317	NA	1.66583	0.14979	NA	1.61109	1.98189	1.52503	4.11289	2.96048	2.48306	0.35512	1.26032	0.86173	NA	0.6758	NA	0.44292	NA	NA	NA	0.86445	NA	NA	0.42901	NA	NA	NA	0.39839	0.43664	NA	0.7609	NA	NA	NA	0.40816	NA	0.44018	0.99182	2.30611	1.5239	1.7866	2.10426	0.35685	NA	NA
CBM2	54.04961	44.69685	49.98531	39.7348	24.13059	22.30264	27.95942	28.97856	24.63726	29.62092	25.53636	23.15209	27.39893	34.5457	26.78002	27.92029	39.99305	34.1437	34.50668	29.98976	31.19425	42.43684	26.00187	30.64365	31.11047	27.16749	25.16136	22.04304	24.41925	20.79835	21.69075	21.65516	23.19872	20.6065	20.09238	19.44996	12.16229	32.29156	32.60936	35.46882	28.31869	35.1044	34.2745	30.38503	49.54204	45.08308	59.36535	55.72953	60.09489	60.61814	56.68008	54.57647	NA	53.46221	53.6366	58.13537	60.12869	62.97318	37.91132	40.97569	45.65078	49.4151	49.90497	43.20725	37.27392	45.4676	41.71681	44.55902	44.2797	46.88893	51.86523	43.64189	35.65267	43.6856	36.47156	31.84547	31.63198	33.49182	36.43819	30.92221	40.09532	33.90359	37.16758	32.48509	34.4018	39.5025	40.11669	35.64099	46.59288	42.68964	50.83869	38.59278	37.29219	25.3351	56.18505	55.84532	48.66624
CBM20	184.23431	180.88399	197.04855	159.1538	190.1705	162.98733	189.23045	186.36092	199.19448	168.48789	150.77615	185.98016	166.78805	118.61122	124.41745	141.64147	110.78535	192.21042	196.68417	208.28931	205.52378	241.18679	128.07782	147.08468	139.71815	148.17575	136.36357	140.00044	146.64859	201.35423	219.21056	223.68697	208.48604	181.37834	183.50595	182.74173	153.8587	213.17751	254.23037	229.40093	253.29588	278.15281	278.96205	276.28187	157.57205	172.53679	172.90642	202.35822	191.08386	146.492	173.2525	176.2956	312.47067	151.60351	125.9033	153.72727	110.94321	101.98238	166.25868	157.74516	147.58442	132.09488	150.39228	116.54363	119.79145	112.75743	116.35169	82.5753	78.89276	90.34147	86.14843	91.98157	91.36373	95.54486	111.44314	91.74832	97.22778	97.04022	93.71279	219.92132	233.9642	246.28016	213.81631	246.8689	231.52508	232.6051	150.88003	151.99463	129.60864	150.40747	169.58093	195.96923	195.16459	216.63803	224.10016	223.2799	248.73399
CBM22	2.88298	3.56057	3.63392	4.70973	8.21474	7.2881	9.35325	8.66984	7.0641	10.89813	9.31516	8.47232	12.60754	3.26836	2.55486	1.98891	5.62471	8.09045	9.1708	7.76962	3.36521	8.67423	3.645	7.87288	3.25224	1.73226	4.25785	7.14585	6.8807	2.64148	3.53419	1.81785	1.186	12.28405	14.16293	12.71693	10.54327	3.21407	4.47432	4.48003	8.23799	8.63093	7.91038	4.98737	4.38626	3.53714	2.24293	2.6375	4.60119	3.70064	2.38718	3.66202	NA	20.65027	23.11584	9.75166	16.42451	14.63908	22.4966	20.70163	11.80166	17.36144	19.32262	35.24919	36.31005	43.05291	35.72757	63.48805	62.90565	62.56767	66.6851	24.95751	32.31118	33.12811	38.93765	30.79091	32.7526	44.20555	33.40461	15.60778	12.49668	8.86491	13.85846	5.31684	8.30476	5.97797	13.21747	7.52315	10.793	6.65507	13.14168	13.02119	9.98436	6.36412	4.51181	5.8561	6.96704
CBM23	2.38216	2.68906	2.36631	1.81276	8.17015	8.1552	12.93558	6.92026	10.96395	9.53617	9.53033	10.84214	11.97548	3.30547	3.59791	2.6878	2.60395	4.00259	6.7674	6.1635	4.60477	7.65171	3.54097	2.77339	5.37076	1.62231	1.84608	3.27632	4.61862	0.63935	2.93146	2.98454	0.6192	3.95164	0.56352	1.50184	2.67918	3.60137	5.64887	1.81366	3.28672	5.05739	9.43587	5.65126	9.22492	10.31646	13.6338	12.72741	11.87841	8.45063	9.84893	9.41411	NA	14.68309	18.38987	12.25995	13.48581	17.86137	10.51766	11.4017	10.76195	13.15658	15.65478	7.43309	7.25506	8.93211	3.53795	19.15999	17.87458	14.20716	14.1669	12.74501	9.33313	7.94592	9.47284	8.53605	10.27562	10.72647	4.63943	8.79417	12.28285	14.38113	6.82057	4.1159	4.0282	8.05436	11.09939	7.62184	7.45312	6.43662	11.91677	7.92197	5.3465	1.61067	4.11267	5.84532	9.2074
CBM24	1.37913	NA	1.48469	3.91957	11.13045	6.3752	14.30353	13.51429	6.69628	12.55283	15.00065	16.37297	11.15776	5.6721	2.47228	7.61953	7.15396	4.159	5.77025	3.61499	2.47131	NA	0.89793	0.90247	6.29145	1.64598	4.88912	3.11246	6.53211	13.50238	10.20633	15.43924	11.11075	13.30754	8.10058	7.95014	7.18914	1.94948	3.88149	NA	0.80734	1.608	1.60065	NA	6.10544	6.32368	12.15617	16.0094	0.87468	4.45722	3.55068	NA	NA	4.97208	5.30678	6.77051	3.43957	5.70501	1.58579	1.51143	1.46104	2.38281	NA	2.67064	4.21811	2.43474	4.89753	6.82311	5.51113	9.64567	8.53532	3.54343	6.9791	NA	12.85765	5.72717	7.96356	6.91501	7.01543	NA	NA	0.75875	1.45113	0.79174	0.78155	NA	2.72443	0.9237	5.45829	4.09951	NA	0.89982	0.90424	NA	NA	NA	NA
CBM25	NA	NA	NA	NA	0.66253	0.66408	0.6622	NA	NA	NA	NA	NA	NA	2.04907	1.36408	NA	1.49041	NA	NA	NA	NA	NA	2.28789	1.54709	1.23348	0.70542	4.16521	1.3836	3.47948	NA	NA	NA	NA	NA	NA	NA	NA	2.08593	NA	2.92134	5.5146	2.05524	3.43911	0.97926	0.71688	0.74251	0.71367	0.95351	NA	1.50348	0.71583	0.7373	NA	2.25981	5.62522	7.01096	8.90276	2.52487	2.2674	1.57248	1.45847	1.58008	2.72248	43.72759	34.07622	37.84139	37.74902	51.48837	56.27207	58.88198	48.38366	43.75628	57.02938	39.15448	7.79854	12.36963	8.43057	7.72769	12.39497	NA	NA	NA	NA	NA	NA	NA	0.85997	0.75921	0.74771	NA	4.94365	NA	1.59948	4.09737	NA	NA	NA
CBM26	NA	0.80159	1.55154	NA	10.08696	11.02799	9.30627	5.66899	6.26179	4.27611	1.29717	1.40443	3.05032	319.51898	287.03604	279.49175	320.65023	23.60473	31.2529	32.99905	47.62831	46.48358	48.40171	70.47853	67.75269	57.78099	173.10526	154.17278	135.91953	27.70042	23.57295	33.79117	32.59505	248.33955	246.45643	258.2167	229.88915	1.59794	0.62203	2.03906	4.56268	1.9736	3.84542	2.86559	161.30117	145.36548	140.69132	157.02603	63.35595	74.34346	68.74379	68.05369	NA	178.43761	189.0045	202.66037	181.25576	159.37021	60.24129	63.86993	46.68135	59.2975	46.00521	61.79795	47.60049	52.59967	59.52496	177.62819	148.62727	162.03505	158.45503	231.27911	254.12789	220.18084	494.50149	425.23206	454.94513	433.43194	394.47859	2.26986	NA	NA	3.21903	1.84739	2.56581	NA	463.74254	411.03537	412.63081	478.25635	112.02156	104.2324	124.90008	129.11684	NA	1.41397	NA
CBM27	1.85393	1.23076	0.61408	3.76535	9.11167	11.87088	9.07757	9.28435	11.19382	10.72218	5.53791	8.09361	9.08516	5.8548	3.86165	3.27415	1.42062	3.5783	4.83445	3.26339	2.2669	3.85581	1.0515	2.18647	1.1517	NA	1.29331	1.63268	3.10343	1.27836	0.94451	1.25818	2.07535	0.32598	0.64007	2.27159	0.9551	1.5592	2.17435	1.90511	5.43764	3.7053	7.99738	6.3171	NA	NA	1.667	NA	0.5179	1.05912	0.66887	1.41638	NA	4.98996	5.53651	8.20805	6.9506	3.6536	2.35814	3.1159	3.72473	1.39156	2.25531	1.48772	2.68048	0.75092	1.79931	6.40009	6.63479	9.0766	6.83733	5.3639	10.78051	4.95577	7.28607	5.68794	4.74822	4.85786	10.85673	9.65198	8.02216	8.27804	6.61552	3.9406	5.28116	9.58263	0.36792	0.74083	0.36356	0.82634	0.35274	NA	NA	NA	4.26751	3.33635	6.82303
CBM3	NA	NA	NA	NA	NA	NA	NA	NA	NA	NA	NA	NA	NA	5.01143	NA	1.14851	2.46688	4.86823	6.60475	9.44512	4.88258	15.12279	3.05501	6.68033	6.77136	10.97321	NA	1.07591	5.44343	NA	NA	NA	NA	NA	NA	1.22759	NA	NA	NA	NA	NA	NA	NA	NA	19.77001	20.47667	13.34082	30.16263	24.02972	16.84763	23.23107	24.85295	NA	2.50514	1.29584	1.22672	3.83288	NA	3.07626	1.91138	5.98193	2.51564	4.40346	2.5599	NA	4.12332	NA	5.55695	9.02011	9.43662	6.5614	4.09152	3.30298	4.13586	3.67894	1.43179	3.71797	NA	4.85017	NA	NA	NA	NA	NA	NA	NA	7.94274	10.58371	5.61851	4.09951	4.55551	5.61095	7.44008	3.34524	NA	NA	NA
CBM30	NA	NA	NA	NA	NA	NA	NA	NA	NA	NA	NA	NA	NA	NA	NA	NA	NA	NA	NA	NA	NA	NA	NA	NA	NA	NA	NA	NA	NA	NA	NA	NA	NA	NA	NA	NA	NA	NA	NA	NA	NA	NA	NA	NA	NA	NA	NA	NA	NA	NA	NA	NA	NA	0.62995	NA	NA	NA	NA	0.60275	NA	0.6016	NA	4.14444	NA	NA	NA	NA	NA	NA	NA	NA	1.34683	0.67884	NA	0.64304	NA	NA	NA	1.28387	NA	NA	NA	NA	NA	NA	NA	NA	NA	0.64215	NA	NA	NA	NA	3.06083	NA	NA	NA
CBM32	620.18651	653.49312	612.27224	587.84535	559.72286	545.12343	580.52279	573.55541	577.23646	657.26218	636.87656	676.4013	643.40296	328.58406	303.41426	330.87785	345.21555	503.08893	493.58716	491.16659	495.87074	499.56711	384.34999	387.20745	398.1861	413.15034	415.94436	404.54307	394.43423	433.08096	433.40309	437.20902	447.36695	352.53999	322.76603	339.47675	358.64433	380.80208	350.18439	353.46419	335.22195	344.07551	368.70732	362.6264	464.72447	491.33739	468.03778	487.52455	495.03611	451.90045	481.83264	505.02224	678.13866	322.25189	316.2776	336.34351	319.33533	343.14278	435.06426	412.37879	388.37999	390.60889	409.55006	424.89659	425.45041	469.0992	427.2659	364.92807	323.65359	367.16102	383.33316	335.11146	328.29192	309.14859	257.13577	261.09884	244.68183	234.11912	268.02222	490.37126	443.93153	469.43504	434.97682	519.77194	523.42749	544.83612	411.30875	398.68209	430.26612	365.61474	392.94496	393.08235	401.90282	341.53556	651.00579	715.93917	737.58076
CBM34	83.42859	84.18441	73.21837	91.12172	106.02394	98.82954	100.37345	96.56126	109.73673	80.8388	84.60289	72.72085	89.4832	155.7671	149.36956	175.37173	164.17229	169.17955	185.83469	204.62059	167.37584	174.27948	93.15581	96.55773	80.24144	92.88458	144.65849	154.91996	153.66322	84.11908	84.25791	76.37871	77.41917	183.81698	179.15065	191.35487	218.18096	63.89213	61.93022	60.44328	111.95719	96.8742	106.82163	96.25486	113.08002	119.80101	127.63571	131.12227	79.55702	79.0124	78.78595	92.31137	212.51831	95.99715	87.08767	87.2995	96.36888	72.10201	62.90758	64.70638	71.86788	72.95347	55.8661	105.08512	128.40817	103.21721	119.54782	192.83098	197.39848	187.61612	210.82488	107.30316	106.20646	116.83437	195.64699	178.70067	169.55768	180.2362	187.27866	135.2541	123.79947	133.60288	129.02802	95.73858	103.70651	98.72971	142.81201	148.85625	161.28209	179.21282	147.34233	149.75731	147.07855	150.6948	75.21182	75.15156	106.9024
CBM35	14.40641	14.89892	15.95221	25.15115	4.45715	5.24065	5.04242	2.81164	9.03766	3.10301	2.09489	1.18134	1.78594	19.9602	24.5617	20.65144	20.85971	31.94317	25.19457	23.41484	25.275	30.16797	38.56066	39.5165	40.07689	38.12683	10.64979	12.07647	8.57706	30.5007	31.05431	25.976	22.62329	12.71334	13.77252	13.57585	15.6762	7.61515	8.06455	8.94505	11.88114	8.67058	10.58964	8.85241	30.27738	31.51578	29.32865	20.65964	31.13671	32.92054	22.42408	26.8855	NA	18.61365	26.15326	21.59442	19.23579	25.68363	24.24849	23.15943	27.4887	26.48623	28.07142	61.82406	62.2266	65.97247	54.67374	53.68667	44.42865	52.36788	48.00275	40.37072	46.30574	30.87652	52.02022	52.80822	49.93955	50.98731	52.27087	33.22286	16.26729	24.06027	25.78901	29.79798	29.72073	27.79233	63.97762	64.85987	64.4269	68.24142	68.81409	70.57028	70.63824	54.32257	14.17236	13.89629	14.95558
CBM36	NA	NA	NA	NA	NA	NA	NA	NA	NA	NA	NA	NA	NA	NA	NA	NA	NA	NA	NA	NA	NA	NA	NA	NA	NA	NA	NA	NA	NA	NA	NA	NA	NA	NA	NA	NA	NA	NA	NA	NA	NA	NA	NA	NA	0.47575	0.49275	1.42085	NA	NA	NA	0.47505	NA	NA	0.48678	1.01544	2.93101	0.50666	NA	0.93152	0.96182	1.6292	0.95988	4.80378	0.51102	1.56992	1.02289	NA	NA	NA	0.52349	NA	5.72759	2.6296	3.38261	1.49181	1.56315	0.99693	NA	4.96799	NA	NA	NA	NA	NA	NA	NA	1.48757	NA	0.49621	1.11805	0.97486	0.49081	0.49322	NA	NA	NA	NA
CBM37	NA	NA	NA	NA	NA	NA	NA	NA	NA	NA	NA	NA	NA	NA	NA	NA	NA	NA	NA	NA	NA	NA	NA	NA	NA	NA	NA	NA	NA	NA	0.87789	3.49918	NA	4.50578	1.79341	5.35796	NA	NA	NA	NA	NA	NA	NA	NA	33.98243	15.21486	34.73191	32.9713	8.28646	11.40065	5.50055	7.55405	NA	NA	NA	1.93056	NA	3.26248	NA	NA	NA	NA	NA	NA	2.0922	NA	1.62568	1.04207	2.15892	NA	1.4489	NA	NA	NA	NA	NA	NA	NA	NA	NA	NA	NA	NA	NA	NA	NA	0.99103	NA	0.99242	NA	0.97507	NA	NA	NA	NA	NA	NA
CBM38	51.14387	53.92201	50.4149	63.83521	NA	NA	NA	NA	NA	NA	NA	NA	NA	4.82251	9.16793	11.6001	4.68586	26.67028	28.85485	28.96356	25.13818	23.57235	NA	NA	NA	NA	NA	NA	1.00704	46.75612	50.92407	44.08707	43.60532	50.10535	44.46832	50.68232	45.26135	52.54276	58.56457	62.21489	31.64302	37.12641	32.93988	33.71667	4.73031	3.96429	3.81204	1.13181	18.71398	9.68592	20.29984	16.57786	NA	40.83315	39.85643	48.16911	41.87716	29.90155	60.6995	55.79997	53.02267	67.01043	71.49666	13.94308	16.36741	14.03574	16.86997	14.12974	12.16579	15.31753	17.30769	36.23845	30.15665	28.94422	31.96712	29.53829	34.98972	32.63459	25.62477	66.84648	69.57423	69.58269	67.15812	39.14018	49.38546	39.68534	78.18935	69.50139	64.97087	47.09434	21.9849	28.46479	21.94927	19.02392	70.88075	79.55245	67.15593
CBM4	32.52672	37.59811	31.38064	19.91069	35.51183	29.14957	19.52897	19.15813	17.14321	37.25303	38.68512	34.70098	33.95487	31.46125	39.25402	31.07503	37.64377	48.40359	44.84712	40.84925	38.9774	32.50036	17.26582	21.13743	15.2705	17.20864	34.91959	33.37067	27.5635	27.26581	27.03262	31.10874	30.43597	18.99954	22.51718	19.85693	30.39969	17.02124	24.99449	18.18585	23.69085	22.20712	26.38863	16.74521	42.74214	37.79925	31.45376	46.02005	41.00994	35.83458	32.24002	31.43957	NA	68.26251	75.56174	75.97921	77.02902	100.00133	76.45133	63.3208	65.80978	69.96853	75.34405	72.0553	67.51014	55.28852	46.39125	120.36251	121.22563	123.89932	135.19609	50.18378	47.23426	50.1179	86.49758	80.61128	88.32028	78.00666	90.34637	17.48432	20.26997	19.85552	30.25417	10.01243	19.67237	18.18569	4.10504	3.33707	10.01595	8.15273	7.62124	11.81851	6.36572	5.80202	31.60437	30.85057	29.71791
CBM40	5.83107	8.85346	10.35	9.35713	16.39184	16.12155	15.21031	14.51026	12.87273	10.64577	10.77444	9.93165	9.51191	2.58677	1.75812	5.90302	3.4612	3.61381	3.95583	0.69533	5.35124	NA	8.71092	4.80624	5.61692	7.43079	3.21027	0.87842	4.07636	9.26073	11.96818	12.3757	12.00178	4.10305	6.06431	5.52308	1.72399	2.60304	0.86961	1.72586	2.62614	2.85269	2.25517	4.2156	2.239	2.29955	1.28624	2.1431	13.56172	16.35166	10.71915	9.36693	NA	2.2909	1.33209	2.9166	0.66374	2.21361	7.94291	3.31046	4.49577	4.51902	4.19252	3.02968	0.35506	3.81992	3.87804	3.88111	1.46545	0.71091	1.82654	2.10081	2.40894	4.08966	0.33328	0.33105	0.98178	0.3461	0.66542	4.6032	5.88836	5.10837	3.94849	5.98999	4.30783	3.20082	0.60661	4.13627	0.29665	NA	14.45017	15.33629	12.08246	20.94612	5.86164	6.8169	NA
CBM41	3.37655	0.48581	2.90708	0.98979	4.63108	5.99211	2.56904	4.80332	4.53181	1.83314	1.76307	1.46714	1.98224	13.58319	15.5746	17.64277	15.84232	13.30602	21.45494	19.25661	13.53271	6.12871	1.06726	2.1878	NA	1.80048	3.97921	8.87396	6.99742	1.7413	3.76039	3.3897	3.68022	27.65922	25.82497	20.37794	28.75185	1.96563	3.45866	2.60468	1.69044	2.3601	1.70691	3.23824	NA	0.72271	NA	NA	NA	NA	0.69674	NA	NA	0.63557	NA	0.25072	1.64959	NA	NA	NA	NA	0.66255	NA	3.68645	0.93528	0.91478	0.73348	4.97754	6.30245	7.00395	6.74189	6.95291	6.65264	11.05915	9.00368	6.9643	7.54885	10.01864	14.70754	12.36691	7.65659	10.72985	8.55057	3.24406	3.49252	1.93037	NA	0.56553	0.54583	NA	NA	NA	0.5711	NA	6.79681	4.40947	8.61707
CBM42	1.22613	2.99573	2.07889	3.72415	0.78946	0.39566	0.72064	1.20977	0.72727	2.0953	0.41377	0.40646	0.42614	1.845	0.82307	1.21018	0.62754	0.4159	2.69125	0.43241	NA	NA	0.44162	NA	0.75257	0.84177	0.42887	NA	NA	3.43163	3.56915	3.40459	3.63736	0.34409	0.84054	1.023	NA	0.42752	0.8512	NA	NA	NA	0.40346	0.58514	0.43305	2.32978	0.457	NA	0.93312	2.24271	1.6973	1.315	NA	0.44309	NA	0.45469	0.45977	NA	1.70604	0.82077	2.08327	0.87123	NA	0.47528	NA	1.42458	NA	NA	2.41816	1.98623	1.358	3.83424	2.87965	1.61113	3.25058	0.79544	1.99216	0.38936	3.43022	2.76949	NA	0.9034	1.62526	2.73533	2.6833	2.82817	0.46177	2.34839	0.84688	1.04225	1.81753	2.76665	2.24466	2.05456	0.41788	NA	NA
CBM44	NA	NA	NA	NA	NA	NA	NA	NA	NA	NA	NA	NA	NA	NA	NA	NA	NA	NA	NA	NA	NA	NA	NA	1.86717	2.95836	NA	NA	NA	NA	NA	NA	NA	NA	NA	NA	NA	NA	0.85504	NA	2.61143	NA	NA	NA	NA	NA	NA	NA	NA	NA	NA	NA	NA	NA	NA	NA	NA	NA	NA	NA	NA	NA	NA	NA	NA	NA	NA	NA	NA	NA	NA	NA	NA	0.99485	NA	NA	NA	NA	NA	NA	NA	NA	NA	NA	NA	NA	NA	NA	NA	NA	NA	NA	NA	NA	NA	NA	NA	NA
CBM47	NA	NA	NA	NA	NA	NA	NA	NA	NA	NA	NA	0.33414	NA	NA	NA	NA	NA	NA	NA	NA	NA	NA	3.25309	7.11151	0.87429	2.98161	0.88937	1.95278	1.58404	NA	0.38619	NA	NA	NA	NA	NA	NA	NA	NA	NA	NA	NA	NA	NA	NA	NA	NA	NA	NA	NA	NA	NA	NA	NA	NA	NA	NA	NA	NA	NA	NA	NA	NA	NA	NA	NA	NA	NA	NA	NA	NA	0.477	NA	0.68914	NA	NA	0.55877	NA	NA	NA	NA	NA	NA	NA	NA	NA	NA	NA	NA	NA	NA	NA	NA	NA	NA	NA	NA
CBM48	859.82972	855.22621	890.45333	832.10965	848.46128	881.35801	838.56023	869.62616	887.48745	811.06641	806.30119	828.39606	818.92962	993.47158	1007.11082	951.33233	960.284	907.1139	901.16984	946.23528	891.04703	823.03188	662.72531	633.99079	618.67769	713.81764	980.9312	998.5094	1008.79866	986.07462	1066.88476	999.21878	991.53503	1263.5808	1240.55187	1233.67756	1259.50041	1091.85011	1117.67863	1139.50976	1200.89189	1191.64427	1195.22579	1140.32955	1029.13111	1019.42319	1057.52917	1051.75806	871.58726	880.90541	829.17257	892.03165	710.14967	1079.88178	1032.37975	1060.68721	1006.31615	993.0817	986.17452	1009.09586	1009.28115	969.80459	1006.93497	702.50489	708.92374	732.38254	699.98457	734.86368	758.53932	754.23958	745.45448	716.65878	738.25251	714.43194	887.50178	840.35688	852.89154	889.16617	860.13356	976.16805	905.70049	949.29195	912.8034	817.33305	833.15954	810.25114	1096.86091	1089.17149	1037.18439	1126.29661	950.51779	920.87511	980.22026	926.9766	864.06661	867.88785	810.8758
CBM5	1.09704	NA	1.94141	NA	2.1019	1.13843	1.1352	4.1084	2.39153	NA	NA	NA	NA	4.47854	3.77672	1.07361	1.52212	2.22252	NA	3.24407	4.32599	NA	1.25292	1.27425	9.73725	6.54147	3.41101	2.13049	1.13932	2.81527	0.93288	2.79654	1.98665	1.90574	0.95652	NA	0.83595	2.29383	2.67142	10.78539	2.1061	NA	0.92345	NA	1.15141	1.11509	1.10673	NA	2.12586	NA	1.12828	2.14739	NA	NA	2.4814	3.45493	NA	4.189	2.38295	NA	1.08801	1.12069	NA	18.74721	19.59719	11.15824	19.75008	1.36462	1.14136	NA	NA	7.81463	6.38187	4.72493	1.05112	1.24563	3.43927	7.84012	2.31826	1.20872	NA	NA	2.30861	3.77876	NA	NA	3.84367	NA	2.48104	2.79512	3.62821	1.31682	NA	NA	2.0983	1.07734	NA
CBM50	1755.38562	1771.77416	1854.17747	1681.48373	1879.9986	1885.70655	1824.69116	1852.98479	1960.37314	1575.77397	1622.02213	1622.84554	1626.35109	2336.45882	2543.56889	2408.08217	2487.9629	2069.15935	2099.19039	2052.67041	2057.61763	2124.92187	1282.35792	1321.60301	1378.20608	1434.33488	1558.9194	1554.36886	1564.87718	1686.75599	1793.05975	1845.27685	1755.89412	1784.43103	1800.78065	1759.46567	1703.83528	1698.54104	1814.99119	1789.78626	1792.47171	1777.28925	1846.86427	1795.72326	1800.10509	1751.73253	1719.50128	1665.47432	1950.27254	1880.3132	1994.90496	1882.24673	913.70114	2044.26849	1895.63712	1838.45911	1882.40334	1893.06342	1912.71981	1879.19322	1926.85335	1921.34076	1988.36227	1545.34916	1536.50305	1500.79547	1457.81058	1398.64909	1338.19014	1373.96296	1301.21895	1793.81619	1643.89884	1702.75603	1652.78643	1618.23178	1693.20625	1588.761	1739.74224	1682.98386	1587.45927	1551.95139	1500.92295	1632.31041	1626.77523	1792.89999	1627.73562	1674.06263	1618.422	1436.47128	1810.65935	1790.89683	1841.59724	1885.53691	1775.77278	1833.963	1912.57611
CBM51	116.20803	103.42185	107.46822	119.22827	168.70526	162.35965	180.06614	154.27289	159.10992	117.05714	114.6967	109.3812	115.12143	67.16371	78.77484	79.55437	67.30768	123.85501	98.15849	126.73728	97.55204	227.66345	54.26541	46.03208	35.98789	61.4205	36.36578	32.86254	30.63449	74.2267	64.41781	67.6831	71.42806	62.90826	63.04306	59.49036	70.02482	106.10408	102.53739	93.80631	95.66172	97.24442	104.4074	104.40406	142.15121	168.42046	143.41516	157.74939	147.78554	158.01626	139.43655	185.46336	151.32665	109.77308	94.40506	86.16567	87.9229	92.89659	92.89064	93.19396	78.55445	91.84535	112.1336	96.35145	102.4742	105.00076	89.66393	73.70831	54.33965	78.11668	74.12909	91.50802	97.88567	90.76832	45.29545	51.34471	58.93944	42.85287	57.08196	114.43309	124.43639	132.94625	107.08688	145.71374	143.00325	158.0804	95.21101	108.42295	97.89636	91.38115	117.23877	127.68484	118.81845	115.40634	122.39732	126.44619	142.31586
CBM54	3.46623	0.9011	2.07113	2.63004	7.93352	5.80833	5.64662	3.7824	3.83165	0.86948	1.80563	2.25621	NA	9.5828	7.8598	9.26313	4.02337	2.7934	3.1702	0.49731	2.79734	NA	1.43715	1.4085	1.52429	1.28446	0.92256	2.25706	2.19871	3.97263	4.26649	2.59348	1.94321	4.77995	3.07894	2.69391	2.65132	0.4238	0.46208	1.41763	1.33954	NA	0.41756	NA	0.4984	NA	1.89436	1.32583	0.45636	0.93367	1.4295	1.00339	NA	4.80138	5.898	10.04567	5.71675	6.87614	6.57266	4.60594	3.4556	3.1302	10.61102	14.40361	16.52212	16.72161	12.08168	14.89471	24.01545	20.29087	17.74943	13.2971	14.16683	16.90311	18.16635	11.3487	13.9056	10.74979	13.13546	1.46594	2.43399	2.54156	4.03281	1.63576	0.99185	1.80045	1.40919	3.12481	0.94108	1.25495	0.97286	1.4938	2.03775	9.61502	0.41425	2.64053	5.70828
CBM56	NA	NA	NA	NA	NA	NA	NA	NA	NA	NA	NA	NA	NA	NA	NA	NA	NA	NA	NA	NA	NA	NA	0.46688	NA	NA	NA	NA	NA	NA	NA	NA	NA	NA	NA	NA	NA	NA	NA	NA	NA	NA	NA	0.81903	1.23623	NA	NA	NA	NA	NA	NA	NA	0.46949	NA	NA	NA	0.92991	NA	NA	NA	NA	NA	NA	NA	2.93812	0.44937	0.49363	0.70483	NA	NA	NA	NA	1.46908	NA	1.17205	NA	NA	0.45693	NA	NA	NA	NA	NA	NA	0.46573	NA	NA	NA	NA	NA	NA	NA	NA	NA	NA	NA	NA	NA
CBM57	109.57162	119.23055	113.07468	139.38933	107.65455	109.34599	129.35906	118.10288	115.69379	165.21048	169.57433	161.29382	169.45255	67.37295	80.2578	85.29859	77.60987	150.45734	150.97507	160.21656	139.42918	212.8932	88.48725	83.90682	85.97969	101.15257	140.34819	139.80394	139.95221	135.5075	121.72607	148.99116	138.40278	94.65299	96.06589	102.89252	103.23093	105.32416	93.85821	102.92094	86.54748	82.07761	88.29721	87.44129	117.87769	156.54695	152.40556	186.01066	140.48145	146.04184	156.98895	142.53773	NA	97.3493	107.57067	97.70096	86.36173	97.63438	121.05876	139.87257	123.86865	133.88222	104.08032	94.05036	79.65357	94.12891	104.91216	51.66684	59.67153	48.57445	55.17437	50.79462	58.15667	45.86297	32.09373	42.83235	38.56287	42.77532	46.97137	103.69956	111.4674	132.931	132.47975	93.87825	105.13039	107.23296	69.10763	77.02396	70.24199	73.25608	56.23849	64.56781	65.34875	53.24729	127.6111	130.28063	122.86067
CBM58	52.00402	53.44221	54.70907	54.26604	34.47676	32.29708	37.98738	32.99541	37.50444	52.56507	57.47943	64.89595	61.00846	20.72216	12.75148	14.85175	22.78435	14.82963	18.17981	14.1787	12.28156	9.68535	22.0956	18.35274	15.1672	23.94374	31.50898	38.01213	35.54586	67.08271	74.30617	67.47661	62.43095	63.12734	55.23796	54.96983	56.97772	82.06255	66.12877	70.64782	89.63356	86.25298	97.2479	82.23373	14.29495	18.05046	14.0209	14.68747	13.36235	13.02311	12.42934	10.38384	NA	65.93773	66.54065	67.55405	51.6769	50.1014	58.72445	54.46805	69.49546	58.51321	48.73874	15.67036	16.07169	16.22028	9.04188	21.91422	20.07449	14.39592	9.37212	18.68487	16.04123	13.4871	42.73236	22.69259	29.67428	23.90575	24.12602	0.95465	3.35975	0.94906	1.9471	3.25454	2.44172	NA	16.04307	20.83579	15.88578	7.58423	42.6014	47.01596	45.86353	56.73761	57.7913	58.5333	35.02341
CBM6	111.6758	103.52802	110.63236	109.62544	54.18017	54.9191	59.51202	52.27888	57.74474	105.13261	101.09359	99.39868	111.37924	98.15703	106.42345	84.75613	96.71575	93.78475	92.06963	87.65387	88.50661	123.1192	58.20984	54.87813	57.98479	71.05653	40.12554	42.34301	46.20643	143.18775	131.78251	133.8593	151.64644	115.24038	113.55014	121.14663	118.63384	121.7132	124.3201	138.82523	150.55547	149.06364	159.52037	152.68382	82.58954	91.95386	97.51709	94.02667	47.62081	52.51273	65.69378	57.81197	62.54143	55.49789	53.69393	44.46873	60.39539	62.14008	95.20453	81.52975	82.46562	88.87657	94.81406	128.59825	125.55873	124.37708	128.07885	64.97657	65.82929	81.46114	79.21939	94.79105	93.83222	92.83871	90.64902	82.97599	75.69763	87.11763	69.7255	81.31182	73.39588	82.42386	77.06487	103.89661	94.93032	102.81166	76.19136	62.69322	69.25188	82.17043	141.07323	128.25511	124.21808	133.96049	99.79634	116.92717	96.21143
CBM61	20.5661	16.87264	15.86144	28.51504	23.85142	20.03457	18.71072	19.22314	25.55037	21.59567	27.22713	21.95264	25.97736	20.50157	24.17409	20.82561	14.31459	23.87409	26.73937	27.98607	24.66032	16.87621	9.45912	6.73728	8.45235	6.85781	9.50945	11.4219	16.21181	10.07796	6.79352	13.20107	6.39035	15.4904	12.36883	13.46025	8.99981	10.56956	6.42699	6.58794	7.12632	8.74494	11.54605	17.78698	8.37806	8.28618	8.20137	10.52819	10.69957	11.75671	12.70789	11.80402	61.23849	24.90423	27.29938	15.88905	17.10326	18.74528	17.32273	25.31251	16.45248	19.78826	12.92344	19.05509	17.80022	20.72971	12.77835	92.30157	79.67347	73.27632	79.44194	36.15562	45.61105	42.62197	73.57301	68.0954	71.00053	87.64875	79.66202	33.31368	21.73072	28.00597	24.35364	14.76705	18.87187	17.78534	15.19915	11.13898	12.02353	7.93909	17.97135	36.7314	26.63074	13.67123	21.25802	20.23452	19.00307
CBM62	199.67158	197.87962	215.46403	189.57172	194.58491	198.52138	211.35333	199.04018	185.5729	176.24494	189.53071	170.11015	172.00933	92.47948	93.52933	96.88945	112.08392	163.24728	153.40123	157.31011	150.13467	119.71154	171.90525	147.73024	156.60888	180.50778	122.01597	133.12866	122.39369	334.62374	281.38229	317.64807	290.99502	262.44016	249.96457	246.00674	266.47873	212.22082	217.31522	181.37873	175.39674	182.32208	187.16831	162.00139	332.22535	342.11965	318.82021	387.49734	326.71163	332.51926	319.41328	349.70214	450.37367	108.7177	111.61109	96.26751	103.53887	115.8992	133.82419	141.60694	137.37836	149.16729	144.85603	127.02769	162.46731	160.58561	149.72206	104.26332	114.60096	98.04823	121.24235	144.88015	153.09765	145.85144	133.22303	114.38662	110.83764	129.63753	105.55825	451.64474	423.88661	418.84978	383.37781	334.78229	345.36311	380.87664	210.60761	188.12441	212.41699	223.0357	183.67593	193.1938	203.37072	233.07107	254.52887	290.46896	284.40271
CBM65	NA	NA	NA	NA	1.74519	5.98935	6.3792	3.3608	4.89972	5.37493	4.80561	6.42402	8.11013	0.43416	NA	0.46429	1.24417	4.13269	3.9497	6.19702	7.1875	NA	11.4176	6.23483	5.69151	10.77728	3.13837	5.66955	7.80985	NA	NA	NA	NA	NA	NA	NA	NA	NA	NA	NA	NA	NA	NA	NA	32.57095	22.68673	30.54522	32.12024	27.44356	34.89476	37.94186	33.06511	NA	28.95683	29.4713	20.20918	25.54448	36.30213	24.7475	16.29424	19.16416	17.99132	30.042	21.03827	21.67096	16.939	17.32594	37.2119	25.26568	25.88736	14.52973	8.62933	17.38264	13.34147	16.65806	24.0339	17.84791	20.31129	20.57135	NA	NA	NA	NA	NA	NA	NA	23.46223	23.3844	25.12639	24.6807	18.80648	17.08895	14.94853	14.41332	NA	NA	NA
CBM66	8.90345	5.95502	7.96385	6.96008	18.90177	12.82282	15.86249	16.10277	10.72294	8.45801	8.35745	7.61626	5.32973	7.47555	6.61109	5.47028	7.90314	5.89889	4.71774	4.57352	4.86624	6.65403	22.50502	23.87931	24.60429	25.80108	12.37425	7.10201	9.29847	11.71943	7.96614	10.18686	9.04455	3.17175	3.74484	4.10282	3.32784	3.7868	2.90487	8.97458	5.41458	3.69625	4.24326	2.50985	1.85828	1.57147	4.58574	3.27462	0.89967	1.57311	1.5741	1.63522	NA	26.83892	33.94093	28.11124	26.3769	27.74679	18.50802	22.1911	13.33818	21.86743	13.46467	5.2015	6.42704	5.24552	4.73763	3.36982	4.21206	4.75318	3.80979	10.01972	14.85558	12.70173	4.23244	9.41783	7.73714	4.96987	11.02731	21.02891	22.63427	25.05418	21.65277	17.31208	19.46486	18.65764	2.87503	1.30813	3.51639	5.79317	2.83755	4.08602	4.37574	1.51703	9.52496	9.23391	8.76469
CBM67	435.53354	428.30728	423.06022	420.96751	442.60239	428.01767	429.66008	443.76849	427.79002	426.56813	413.17535	431.01719	430.96129	328.85732	340.00011	332.6814	338.22244	444.03023	426.05293	470.43768	454.59156	359.82345	275.2106	291.88804	291.73694	308.76456	293.17002	289.97466	305.76643	559.63124	569.67885	591.67692	544.77956	445.46878	425.84354	438.22182	415.23792	405.50894	391.28364	389.98806	359.37486	384.09074	369.83361	376.83024	474.22736	476.3814	464.21409	481.6775	469.96894	456.52201	469.31016	448.20575	226.63403	331.94551	298.91398	331.04666	314.85866	327.34697	285.83847	263.02381	284.91064	276.23213	250.93521	338.87648	342.32591	351.39257	316.56959	287.97547	264.2796	261.4596	293.06774	243.71455	253.74337	239.90012	249.90448	236.38903	234.82169	253.80209	238.98534	315.54342	291.94538	301.59634	292.35666	360.19285	362.59107	345.54006	312.30184	287.54024	275.27566	279.33455	246.40051	227.23318	227.36575	237.53583	472.5421	461.14687	427.96743
CBM68	NA	NA	NA	NA	1.07195	NA	0.52394	NA	NA	NA	NA	NA	NA	NA	NA	NA	NA	NA	NA	NA	NA	NA	0.59204	NA	0.94277	NA	NA	0.53796	NA	NA	NA	NA	1.12952	NA	NA	0.5396	0.79001	NA	NA	NA	NA	NA	NA	NA	NA	NA	NA	NA	0.58312	NA	NA	NA	NA	NA	NA	NA	NA	NA	NA	0.58455	0.56506	NA	NA	NA	NA	NA	NA	NA	NA	NA	NA	1.55544	NA	NA	NA	0.6435	1.78797	0.62997	NA	NA	NA	1.16731	NA	1.21806	NA	NA	NA	NA	0.61329	NA	NA	0.59329	NA	NA	NA	0.5238	NA
CBM69	NA	NA	NA	NA	NA	NA	NA	NA	NA	NA	NA	NA	NA	NA	NA	NA	NA	NA	NA	NA	NA	NA	NA	NA	NA	NA	NA	NA	NA	0.39407	NA	NA	NA	NA	NA	NA	NA	NA	NA	NA	NA	NA	NA	NA	NA	NA	NA	NA	NA	NA	NA	NA	NA	NA	NA	NA	NA	NA	NA	NA	NA	NA	NA	NA	NA	NA	NA	NA	NA	NA	NA	NA	NA	NA	NA	NA	NA	NA	NA	NA	NA	NA	NA	NA	NA	NA	NA	NA	NA	NA	NA	NA	NA	NA	NA	NA	NA
CBM70	NA	NA	NA	NA	NA	0.6333	NA	NA	NA	NA	NA	NA	NA	NA	NA	NA	NA	NA	NA	NA	NA	NA	NA	NA	NA	NA	NA	NA	NA	NA	NA	NA	NA	NA	NA	NA	NA	NA	NA	NA	NA	NA	NA	NA	NA	NA	NA	NA	NA	NA	NA	NA	NA	NA	NA	NA	NA	NA	NA	NA	NA	NA	NA	NA	NA	NA	NA	NA	NA	NA	NA	NA	NA	NA	NA	NA	NA	NA	NA	NA	NA	NA	NA	NA	NA	NA	NA	NA	NA	0.82555	NA	NA	NA	NA	NA	NA	NA
CBM71	0.40225	NA	NA	NA	0.48925	0.82268	NA	NA	NA	NA	0.41668	NA	0.64107	NA	0.66958	NA	NA	0.4159	0.41216	1.23238	NA	NA	NA	NA	0.44223	0.4115	NA	0.3339	NA	NA	0.40228	NA	NA	NA	0.4109	NA	NA	NA	NA	NA	0.49915	NA	NA	0.72314	0.53951	NA	NA	NA	0.87468	0.45128	0.87092	0.44852	NA	0.27601	0.38428	0.27656	0.57014	NA	0.66304	0.68461	1.08792	NA	NA	NA	NA	NA	NA	NA	0.33723	0.47986	0.41063	0.477	NA	NA	NA	NA	1.19504	0.46723	NA	0.4432	0.73028	NA	NA	0.55735	0.45591	NA	1.36222	1.38555	NA	NA	2.7868	2.69947	1.91568	4.34881	NA	0.32692	NA
CBM74	NA	NA	NA	NA	1.08367	1.08812	2.11935	2.32965	0.65153	0.33157	0.16583	0.15643	0.67108	54.62195	57.34959	51.13143	55.28689	4.66722	8.18866	8.53627	7.30881	8.12766	11.84954	11.97057	14.00026	11.65162	32.08636	26.61913	28.50488	4.55144	6.39985	4.87051	6.98124	43.72193	47.9476	44.63328	46.49962	0.18943	0.16482	NA	0.62841	0.31573	0.78591	0.44909	23.74702	26.88772	32.2513	29.14275	13.13221	10.02573	10.31108	12.04694	NA	36.92987	37.42359	31.81147	36.95537	33.41744	13.97818	8.65198	10.49899	9.86606	17.02144	8.24679	8.54803	9.1104	7.29726	21.80206	20.63862	20.80467	20.39029	22.43764	16.31561	20.51562	39.54879	33.03663	30.00568	36.15553	36.85105	NA	0.35635	0.5375	0.34506	0.68785	0.7171	1.40656	35.19578	30.36297	33.24505	34.92969	13.31446	12.57281	8.66122	8.04547	NA	NA	NA
CBM76	NA	NA	NA	NA	NA	NA	NA	NA	NA	NA	NA	NA	NA	NA	NA	NA	NA	NA	0.32116	0.31907	NA	NA	NA	NA	NA	NA	NA	NA	NA	NA	NA	NA	NA	NA	NA	NA	NA	NA	NA	NA	NA	NA	NA	NA	NA	NA	NA	NA	NA	NA	NA	NA	NA	0.35112	1.09617	0.35183	0.36435	1.20864	NA	0.69378	0.33532	NA	NA	NA	0.7434	0.36414	0.58205	2.59318	0.76706	1.11694	1.54687	NA	NA	0.44344	0.35842	NA	1.07866	0.36766	NA	NA	NA	NA	NA	NA	NA	NA	NA	NA	NA	NA	NA	NA	NA	NA	NA	NA	NA
CBM77	19.3691	24.90479	23.40367	26.55028	2.95727	6.42579	4.85171	6.26361	5.03276	2.60893	6.63242	2.98781	6.76403	3.96405	1.49731	2.50723	2.18076	12.10787	11.54114	11.96527	11.49094	NA	15.23785	21.86269	9.50624	21.99577	8.97438	0.97299	3.42994	11.12086	7.65392	6.86133	8.67753	4.45344	8.41348	4.35255	4.43394	7.52883	5.40801	7.52335	1.47788	1.46506	1.04194	NA	6.88272	3.23608	4.16707	6.35018	5.34101	8.2996	6.39672	6.00446	NA	2.14745	5.03922	5.38022	3.93593	10.98595	1.56573	4.30534	6.22667	5.82227	5.392	11.38936	18.63862	13.22184	17.16979	8.31639	3.0281	7.62118	4.86178	4.04484	11.06295	5.48185	2.2075	2.26469	3.35728	2.28572	5.46194	30.3562	27.66006	35.16603	36.55147	38.85766	30.16684	24.32424	5.48872	4.98067	9.8337	6.17122	15.57511	14.12023	17.92982	10.64679	14.37266	19.8783	21.51814
CBM78	NA	NA	NA	NA	NA	NA	NA	NA	NA	NA	NA	NA	NA	NA	0.41533	NA	NA	2.07581	NA	1.2322	0.41517	NA	NA	NA	NA	NA	NA	NA	NA	NA	NA	NA	NA	NA	NA	NA	NA	NA	NA	NA	NA	NA	NA	NA	NA	NA	NA	0.57054	0.43017	0.44388	NA	NA	NA	NA	0.91346	0.43978	1.82171	3.02157	NA	1.73443	2.5149	0.43174	NA	0.4597	NA	0.46114	1.47898	1.43264	3.45358	2.39507	1.33831	NA	NA	NA	1.79207	0.93888	NA	0.45957	2.6835	NA	NA	NA	NA	NA	NA	NA	1.37761	1.35249	3.21867	2.07589	1.33395	NA	0.9197	4.17486	NA	NA	NA
CBM79	NA	NA	NA	NA	NA	NA	NA	NA	NA	NA	NA	NA	NA	NA	NA	NA	NA	3.88885	0.95114	5.39635	1.00536	15.78791	NA	NA	NA	NA	NA	NA	NA	NA	NA	NA	NA	NA	NA	NA	NA	NA	NA	NA	NA	NA	NA	NA	NA	NA	1.9481	NA	NA	3.52244	NA	2.00924	NA	1.02972	0.51594	2.54126	0.53425	NA	2.91928	2.01578	2.17621	2.02587	NA	1.13245	1.65077	0.54095	2.53817	8.20723	7.53805	11.44523	5.32185	1.63077	2.47614	0.65549	0.50609	NA	NA	NA	NA	NA	NA	NA	0.94646	NA	NA	NA	0.52393	NA	2.14382	1.18255	3.09267	1.52172	0.52168	2.51336	NA	NA	NA
CBM82	10.58928	12.45684	11.49141	10.82422	20.55641	15.40829	16.0738	16.19199	10.54268	5.3791	6.12078	7.58293	9.20712	31.21136	33.01096	33.94075	33.64873	15.36634	19.58015	22.89863	15.9361	28.57814	24.17349	25.10474	32.94673	33.73089	72.20869	88.94017	90.15502	16.63506	12.77477	11.83858	13.21583	49.48237	46.48219	48.58963	58.61716	8.72514	5.00272	2.41225	10.27624	11.42152	7.62223	9.76553	18.17284	19.52012	15.49727	15.34584	5.32337	4.49204	2.57722	1.31275	NA	12.72657	10.56679	20.17127	11.80219	19.96133	9.40814	10.38617	17.79262	8.57937	9.02413	5.04704	7.06199	6.06324	3.73359	8.90361	8.24199	2.41362	8.00005	10.02871	9.01209	3.9096	20.67407	16.49629	15.08026	16.61342	19.79122	0.87106	2.28703	1.73593	NA	2.76825	4.58296	NA	34.89691	43.15765	29.52271	47.87026	3.55203	5.38708	4.11288	NA	14.42147	14.09583	9.81977
CBM83	8.50443	7.38278	9.99626	9.6191	12.25053	11.51648	13.09972	15.13301	18.68338	14.18137	10.88224	9.18018	8.46975	36.83637	42.6152	40.28269	46.44839	20.61994	20.91566	24.10612	23.14283	25.28877	35.20295	34.29466	40.44755	44.28598	98.62362	109.24128	123.13901	33.08533	27.74236	22.62751	18.73092	58.92732	52.54367	69.05355	68.82739	5.37018	5.81984	6.49445	20.63176	12.62377	14.75806	14.5587	23.10204	27.88063	15.58159	23.71523	5.84631	4.19388	6.47047	4.84237	NA	15.63858	13.08226	16.74968	14.16884	20.59393	23.61465	17.04187	16.01195	15.30972	15.71337	9.75363	7.49585	4.90853	12.7376	5.60012	5.14648	6.87622	9.48768	7.44884	8.76392	4.40051	26.13381	17.41258	22.62579	22.53909	20.1437	18.35809	14.55308	19.46434	16.46385	9.54413	5.88009	10.08889	42.06799	47.52474	51.64236	49.5844	7.54665	2.32774	8.19939	8.47369	12.0747	10.49982	23.52127
CBM86	11.15198	11.11631	9.28902	13.56689	6.68226	7.58796	6.69455	8.0231	8.44996	12.27004	9.87671	5.54361	7.78124	23.376	27.3122	19.5915	24.34252	2.32959	1.88416	2.7832	2.32438	5.34154	5.64005	4.64879	1.63318	1.40957	2.31827	3.68012	4.19516	5.82617	5.85065	6.30128	2.87821	18.18085	16.71908	17.20802	14.93035	4.09119	7.72277	8.27453	16.25463	17.02795	19.239	24.91325	NA	1.03244	1.48851	NA	0.99964	NA	NA	1.53779	NA	15.58327	12.27468	11.84239	18.10389	6.83675	16.18523	19.19993	12.24782	10.22856	11.388	NA	NA	NA	NA	2.72924	1.69573	0.54842	2.27609	0.31615	NA	NA	1.036	0.54624	0.54288	NA	NA	7.054	7.20577	7.0817	3.81178	4.75044	2.08414	5.3499	NA	NA	NA	NA	NA	NA	0.50356	NA	7.99721	11.52018	18.6635
CBM9	58.82122	52.38172	51.2753	46.93126	32.03894	33.62466	30.60654	30.72708	29.87656	57.5731	50.86497	61.80304	63.47314	26.76753	28.04397	30.54878	22.55128	15.71239	16.221	22.35391	14.63206	28.23507	33.79753	31.51374	30.48414	32.93762	37.47176	40.52398	32.674	51.44659	54.96506	58.92158	56.48365	56.88588	51.80823	50.7429	50.74983	56.66015	52.33447	51.41312	58.64676	54.49042	63.9914	52.9652	14.84949	16.50669	17.81687	16.15779	12.8712	14.80377	15.80632	14.39006	NA	40.44894	48.4074	45.12695	42.77873	36.96687	52.21567	41.82091	48.4608	44.87941	44.46969	34.2045	31.51502	34.1839	37.71586	39.91945	39.46571	34.86234	33.57773	10.87433	9.70486	9.47815	15.05734	14.21739	18.80292	17.09172	17.33736	41.42474	44.27519	33.71104	47.88832	48.09202	44.58996	53.01769	13.00739	13.01363	17.69704	13.03071	13.48057	21.3884	15.32613	26.49907	59.65133	70.01787	78.65233
CE1	1058.01175	1065.05375	1086.90431	1004.82235	1015.5465	959.49631	1010.13999	997.57503	1022.60578	921.58054	935.16329	956.45177	913.17282	794.83646	783.92371	789.29813	750.1687	932.16249	926.48966	956.37919	952.7837	1023.43975	631.2404	638.97464	679.97652	696.29492	800.32204	821.3493	879.5589	1090.53129	1064.34479	1065.87998	1067.24705	1098.99681	1051.78819	1084.34653	1106.33764	1176.05859	1207.45611	1255.57979	1321.87782	1300.63519	1300.32915	1313.18714	1061.05283	1020.44002	1056.93803	1031.97442	942.72011	955.47181	957.00043	972.43787	795.30747	930.0695	908.39818	911.97721	937.87385	959.0364	1012.85236	938.88218	1002.53478	949.14895	984.61852	780.79937	748.37243	743.45819	744.40586	893.2954	844.88877	853.9066	847.12665	760.33296	702.2556	733.36639	809.99694	763.72857	800.03003	787.55996	726.73239	1183.19666	1105.06856	1159.76822	1166.67889	1049.50133	1065.97915	999.8717	1001.77326	978.56165	1027.27398	947.6268	925.4077	918.28127	940.35151	943.9019	1223.61379	1226.4344	1227.1571
CE11	294.98371	300.42546	305.78567	290.30477	247.25977	259.46529	249.20999	256.50057	240.62924	307.61354	285.40812	288.92656	258.61299	169.78564	188.61478	193.29594	187.13798	218.03162	215.83382	208.7186	207.56087	152.14912	153.67459	155.64251	147.98547	149.4201	179.85741	201.3311	170.9559	274.94359	288.2564	311.97676	267.16615	224.40009	262.42083	240.97941	241.1571	346.52017	402.44892	332.90464	341.30398	317.37174	357.37457	332.10598	209.46617	205.00972	205.41112	201.77151	222.8805	183.63067	187.00139	183.10753	63.47656	161.85662	159.19862	158.85495	146.90598	178.04357	208.85331	183.2557	192.57405	192.1479	192.03589	175.04015	162.64966	171.06485	150.15891	137.0302	142.29239	137.55052	151.72888	118.83111	115.11744	121.77984	127.13653	120.19292	129.56859	117.36033	101.21071	255.27155	246.66718	279.7566	242.90462	259.99513	233.12621	244.26398	220.50535	221.51483	213.15822	235.44623	328.68536	335.12877	358.35938	361.75069	281.64395	305.66242	307.49793
CE12	484.29959	516.46128	514.47372	506.0954	322.15993	296.96351	302.79725	296.307	311.55789	473.17491	433.11229	462.37787	461.15272	242.80259	222.26651	255.33018	236.08562	254.86125	248.80596	253.88666	264.76973	266.92362	244.1054	268.89527	237.33096	283.28025	345.79924	384.17476	398.8561	442.64644	473.02694	472.85532	454.83366	349.5017	369.4083	381.28417	389.09587	544.01104	533.8418	538.72726	491.7481	483.117	493.44511	495.11751	247.76778	241.76704	232.6227	250.13166	245.03249	235.87248	229.40284	218.84738	NA	249.51491	257.39774	246.91638	251.18176	267.07231	321.05698	302.67236	306.32562	307.25997	302.63553	458.53806	468.09525	428.8409	421.7055	379.01333	356.14911	371.20788	350.23002	169.83967	179.00998	161.19264	197.16354	199.16613	203.26035	209.1354	193.18238	334.51705	323.24873	321.06193	350.14467	412.70171	372.55327	370.06701	261.46697	259.22918	235.80761	233.66212	322.90961	290.42517	310.63846	305.98675	568.86825	542.47192	586.0021
CE13	0.23432	0.23347	NA	0.47568	NA	NA	0.23145	0.23154	0.48759	NA	NA	NA	NA	NA	NA	NA	NA	NA	0.21319	NA	0.23763	2.79917	0.26153	NA	0.34734	NA	NA	0.23503	NA	NA	NA	NA	NA	0.16911	NA	0.33518	NA	NA	NA	NA	0.23515	NA	NA	NA	NA	NA	NA	NA	NA	NA	NA	NA	NA	1.01029	NA	NA	0.34945	2.31844	0.57093	NA	1.21307	NA	NA	0.55408	0.28904	0.81931	0.8759	0.55645	NA	NA	0.38671	0.36	0.28996	NA	NA	NA	NA	NA	NA	1.54904	1.05132	0.51566	0.9862	1.61423	0.26558	0.90896	0.26451	1.8781	NA	NA	NA	1.04834	0.52674	2.50893	NA	0.19191	NA
CE14	0.43889	1.71627	3.74539	NA	0.43763	2.10332	2.5009	1.26301	NA	0.42916	NA	0.42741	2.20074	3.10388	0.44546	3.8709	7.42911	1.74645	2.16745	NA	3.0419	NA	2.39293	1.92592	2.23959	3.09089	5.78807	4.85059	3.98184	1.45005	4.62035	4.57898	4.64329	1.30158	4.86339	3.57314	2.50292	2.96912	1.75708	NA	2.16443	1.27034	0.84014	3.61675	NA	1.90377	1.34352	NA	0.91703	0.94293	0.46656	2.00924	NA	2.76728	4.92688	4.28245	5.92541	1.64568	3.60747	3.66394	3.94222	4.12568	3.01091	13.83623	12.07476	12.28247	7.03063	4.9592	3.60478	6.01058	4.82665	6.02016	2.56158	4.72892	10.91246	14.51876	23.18681	13.78235	13.91426	8.68386	6.52667	9.08731	6.07002	3.78952	10.29558	6.40158	2.39467	2.89148	3.76413	4.30383	2.91286	1.95092	4.34304	NA	1.27	0.86201	1.87081
CE15	102.05007	94.87583	96.61994	92.74088	47.70729	47.44715	54.82866	54.7209	52.85411	25.6093	28.36442	25.67116	32.01698	32.8671	40.52125	31.23723	37.8382	30.12271	31.54009	28.88781	29.29171	31.44685	10.26153	6.76654	9.43853	11.88867	11.05582	8.42566	9.49949	88.79391	93.31246	91.07044	83.75694	68.94816	69.86774	83.03733	74.17531	64.03605	61.57009	68.85281	88.87014	97.21015	90.59363	104.87908	32.14024	39.34123	37.1219	42.0709	27.14385	26.74434	22.95375	26.56834	NA	63.28708	58.17485	57.99019	53.93708	65.25414	65.674	82.21357	62.85699	69.87056	68.61635	110.1228	106.10554	113.31933	101.7056	96.34751	86.60801	80.33115	91.9801	55.99148	59.73459	64.20647	69.1752	74.26187	66.65138	65.21342	61.72893	33.34318	39.76374	37.43786	32.33379	73.62186	82.86633	67.35288	28.08798	19.23077	22.65689	21.69329	48.96816	45.17288	45.52369	37.60936	105.81872	100.51276	94.7643
CE17	2.11409	1.22902	3.02863	1.87085	10.75961	6.89161	11.57131	7.81379	11.28365	6.70732	12.19777	9.29915	7.42053	12.3378	8.29674	8.04715	10.20688	16.55539	19.68256	16.85728	15.37792	14.54937	8.13633	7.27784	6.94882	8.28103	4.56732	3.00721	5.51403	4.83724	5.41525	10.0435	7.03267	13.14482	19.73916	15.78136	16.89706	3.64577	4.66735	12.93007	8.7681	5.84195	4.21673	4.07735	14.65653	12.80681	14.97293	15.21339	15.00468	14.13891	13.65501	15.73119	54.77231	16.03466	14.52379	14.69146	16.54881	4.57379	13.12138	17.86937	14.08068	8.99587	13.49076	11.96745	9.6743	8.49532	6.7243	21.27782	19.92382	21.18813	15.58391	18.61893	13.07413	11.89908	18.12483	17.41204	18.56072	12.18882	11.48831	12.0537	8.90276	13.52023	16.00218	4.9245	4.85086	7.04406	27.81439	22.65542	30.15885	25.18696	24.19421	31.45308	34.62786	32.38748	3.29533	3.65006	1.36916
CE2	38.89807	42.53334	39.40834	42.9181	30.1556	31.51943	35.54678	32.24851	43.08193	16.89291	25.92082	23.32234	25.23683	79.81929	88.57528	73.41869	82.40414	109.97193	131.75117	129.03034	107.8256	132.94143	24.91531	26.2235	38.55179	35.13236	21.55255	22.61159	23.62	16.12777	20.05733	18.07473	16.41151	17.76423	21.14201	20.9309	23.6037	41.93556	45.15697	31.00157	32.82546	31.67812	32.83024	39.02307	52.86953	51.46053	48.33999	47.13141	55.39622	56.36844	60.46886	52.05017	NA	83.09106	71.80436	86.22784	76.00087	65.38523	50.84122	45.97255	49.1773	42.29764	40.33782	78.66225	76.01371	83.02239	72.00101	108.74323	112.40737	110.17075	95.11263	62.65471	62.57876	75.51406	62.63165	51.69595	50.86549	47.63885	51.17458	27.47224	29.19166	29.59366	20.59287	13.11517	10.56549	8.17647	66.06105	55.9358	61.04847	63.46378	62.81667	70.70375	76.98106	60.86412	43.25142	52.27978	56.5831
CE3	9.24312	7.16312	7.14399	5.73341	14.20908	15.00545	10.39795	10.65582	14.95978	5.34163	2.65969	4.96415	3.01314	0.26399	1.77987	0.78807	0.38053	8.5134	7.50694	4.87816	6.71321	NA	NA	NA	NA	NA	NA	NA	NA	NA	NA	NA	NA	NA	NA	NA	NA	8.81416	9.29081	8.70941	10.82179	6.67151	10.47232	10.50097	1.06582	0.52109	0.66226	NA	1.28822	1.33081	1.56362	1.31961	NA	1.92745	1.1166	1.00876	1.63575	5.95045	0.81755	0.9946	2.17601	1.83085	2.87573	0.97962	0.9719	NA	NA	0.46787	0.4845	2.41347	1.62578	3.04468	3.54024	3.42965	2.48133	2.43709	2.55704	2.03893	1.74142	3.11182	3.16794	2.26012	2.70157	11.49706	19.20628	18.92383	3.60494	4.43424	3.91465	7.4874	2.28508	3.53019	5.45285	1.0872	4.05432	3.02571	3.40328
CE4	676.54748	684.89781	665.73529	669.71533	794.33021	756.6711	782.99601	805.69459	842.57587	721.35449	711.32712	768.46548	752.53531	776.81576	755.7313	752.33929	750.83327	747.88846	803.49904	732.05104	733.22577	803.2767	904.7554	965.96011	994.80055	1042.42793	769.18287	835.54596	874.12489	683.8822	677.76345	671.68037	661.55989	784.59085	764.43808	784.18375	798.38273	631.22939	631.74121	619.38113	685.0257	683.13668	673.91539	690.93491	753.64902	659.29362	680.21341	719.80687	733.1476	748.83608	727.60621	736.98932	729.34025	809.21997	790.7574	801.38804	820.40108	777.45953	847.14109	799.65025	860.45569	821.1481	879.56925	1058.59753	1014.10525	1015.55522	979.20388	997.7412	986.8975	976.66181	958.55308	940.52106	930.34684	914.36323	989.68943	960.86035	931.57873	929.76431	963.55646	779.62833	779.5964	770.71782	819.39372	748.9947	704.94438	731.07942	809.07151	848.71881	847.58854	828.17285	814.48917	803.17274	757.83905	737.48499	759.70609	728.37599	760.9561
CE6	61.64893	42.95571	52.13569	46.53557	35.30491	38.5229	43.10845	47.07059	36.75262	59.9094	51.22875	56.98838	61.44409	34.10132	38.5818	36.83093	37.68386	78.38218	66.40586	79.51958	79.85277	41.76109	28.39392	29.58351	46.08845	39.47149	44.41488	38.26113	40.57917	71.34223	73.51604	80.97551	76.05494	51.84511	63.65201	47.75175	54.02229	55.5804	59.49781	62.23482	91.40472	85.36877	96.31226	99.35414	20.62482	21.49468	26.42643	28.148	25.7934	21.39452	22.23648	26.92611	NA	37.73817	34.57161	40.36063	39.05994	48.16567	49.76146	44.84621	46.79383	47.11073	38.285	53.22089	59.80818	66.89789	44.64408	26.60063	35.31195	32.63859	34.33064	52.36497	52.48688	49.61204	44.39106	41.82341	45.64489	28.74656	46.82134	15.0898	18.5879	13.24106	21.62094	23.02696	22.83833	9.92267	47.26688	62.31153	43.94789	43.55296	79.10248	85.35716	70.44621	40.58309	51.2593	53.54911	53.58065
CE7	209.37814	187.86034	203.45398	194.99813	120.08694	117.25867	127.37831	113.28257	115.67626	149.18029	149.61224	153.16024	159.15189	118.47977	125.89779	116.32086	109.959	175.94868	187.30205	180.20635	188.00059	204.8431	98.70453	98.4618	110.02401	104.28153	150.57087	156.36912	154.61929	291.99544	296.89858	286.50015	276.86001	203.76094	209.67495	213.60522	227.60289	227.60549	247.1903	229.91515	220.69528	226.30705	247.3745	248.86054	134.25598	127.44795	132.33937	136.1286	125.05562	116.43809	117.85331	122.07542	195.69612	156.01223	151.60787	160.51835	160.03782	120.25615	195.0194	212.31946	207.45813	205.08699	235.74762	107.01941	105.75405	107.20007	105.08943	73.5646	64.2337	64.90847	76.44961	91.05096	93.08598	97.86713	93.84821	90.6073	99.16508	93.03188	92.81151	303.84226	299.74488	283.92053	272.65091	277.95731	271.09867	267.35406	171.42077	160.22423	182.64635	158.33528	152.77804	171.62332	164.21143	170.91309	214.05052	201.40876	233.35284
CE8	543.56341	564.83293	505.84752	557.75571	299.24869	277.55184	278.01582	272.70379	282.714	467.56172	441.27816	426.6935	437.37244	344.76886	330.99712	352.57574	319.00334	323.91829	331.30707	319.81907	300.93814	315.58837	361.26785	345.17186	380.26016	401.71781	551.69387	576.34991	608.5672	557.90207	555.56487	554.4754	546.04528	476.65177	478.12513	482.42532	466.13139	870.92017	833.54538	804.38009	792.25598	791.72178	790.31432	814.63902	276.84094	255.75472	269.00664	264.61342	251.1025	250.78323	257.42428	265.53577	61.8831	354.69206	373.59824	356.28132	364.85824	345.00572	437.23169	421.27676	444.09306	428.00494	476.47385	486.30646	503.07287	524.43927	478.67921	454.91305	411.77886	424.78051	460.10969	220.2347	206.33364	211.44678	251.65392	247.46461	239.35063	243.92645	228.5502	337.03727	361.39164	334.41631	350.85425	400.72574	427.07523	422.86701	299.15472	295.8608	300.27374	325.13634	369.98207	369.98797	387.97491	461.89124	566.74434	592.3256	550.30646
CE9	814.44495	763.62791	767.91072	746.96611	690.11926	721.45394	703.29609	673.82172	731.19663	777.39559	744.34795	828.09421	780.91186	500.44792	507.06685	487.51323	511.57023	475.71126	520.96876	501.0881	521.96766	503.60197	602.24291	644.65043	647.68937	657.03645	667.07662	728.23426	752.94872	766.89025	725.22502	743.54027	759.46896	677.36435	712.14344	714.29976	701.07894	728.17858	748.31493	760.21093	751.7531	764.81961	771.34425	782.18057	444.55136	416.68756	467.35513	438.23472	482.55698	456.56141	441.15761	431.50935	361.455	508.16794	493.5078	471.91658	478.15904	470.18141	495.11954	506.5122	492.4947	496.56877	462.44005	584.60846	563.98253	537.53611	515.87667	598.14805	550.33041	549.08621	592.13933	403.12752	413.89114	395.69245	523.97389	473.65918	539.25713	522.33088	494.20318	573.70485	558.7605	612.90695	602.42972	571.57041	593.69457	645.69438	475.67927	448.66661	486.55514	443.69664	543.34028	499.98982	505.56706	509.99581	826.28277	839.14754	785.98524
GH1	244.29973	253.13042	222.00564	207.77538	478.28198	458.5528	460.34085	470.06159	455.51758	290.54945	277.18921	306.41984	307.93294	279.61788	283.7994	276.99947	294.39346	283.65712	280.09701	291.97998	296.68954	261.04846	696.94327	741.9001	770.3218	786.44108	306.02664	353.49079	350.51661	297.20069	281.20709	301.81479	277.03281	340.83746	358.14953	343.84047	355.07876	276.47222	265.61671	238.01191	305.51547	297.2932	300.8799	301.24195	170.3562	154.43079	169.65661	173.40516	199.33177	195.59544	200.10416	198.80261	91.85773	247.68573	252.07486	229.4027	247.01306	222.9112	196.12248	194.23971	186.823	197.95951	210.9159	208.2063	198.31605	199.08451	197.93308	268.47058	258.48705	249.98618	260.02989	193.9245	202.69677	205.20753	306.55898	293.06154	308.15935	318.12756	298.5308	250.68834	256.21302	257.0647	277.78814	176.60544	182.42124	176.26112	276.82882	248.46104	248.44071	235.32516	216.87541	206.2855	221.71661	187.90187	318.82805	298.78479	308.01018
GH10	129.0048	104.99177	109.80979	111.18403	168.99796	167.53347	170.07538	169.35038	178.89251	185.54215	192.64301	182.55588	189.67188	120.22048	108.71303	108.99908	103.73794	199.40659	193.75847	197.04994	187.11168	186.20962	56.67286	56.08987	55.09387	66.24662	82.70961	90.10295	79.89018	234.91547	233.07971	232.16152	226.22223	233.92161	203.81508	224.41518	214.3506	355.00189	362.95695	336.94127	460.82755	467.37465	481.51691	464.88807	156.8363	143.69833	151.55856	146.29556	129.6119	126.92157	125.42837	122.83739	181.83934	147.03681	133.08405	142.69117	132.43547	130.61083	195.27613	187.2336	191.71007	199.21157	167.29706	276.31327	258.6852	272.41577	250.2427	217.41561	194.59066	189.70272	197.50485	219.87941	216.46701	203.57675	202.60096	220.58907	219.36446	221.97218	222.80847	117.08765	121.09156	116.49959	102.60126	145.83794	151.57573	142.39451	157.79081	151.4865	156.15597	149.24561	279.27675	284.05954	285.94519	262.43796	138.25648	135.09908	146.6129
GH101	15.00043	15.21058	14.48263	14.94531	12.38748	10.99796	14.46308	12.44274	9.71891	20.54649	16.33291	17.52188	13.98214	7.87517	9.30186	8.18677	6.81932	4.96805	7.09877	8.25638	5.13976	4.14415	4.81472	6.01766	10.49191	6.2795	7.39079	7.5332	8.27489	17.46136	14.98473	17.57128	18.53309	11.56339	10.39295	9.90502	10.04947	11.40681	12.15904	9.5781	11.87099	10.51967	8.32266	11.51792	4.30488	5.6328	3.34163	1.30838	16.53335	11.51303	14.00786	20.64426	NA	8.62201	5.65093	3.695	10.09942	5.8555	13.55881	15.31376	14.02862	14.36017	9.05205	5.043	8.31787	7.17925	10.29194	7.48682	10.61108	4.66469	3.21669	3.67167	4.90211	5.08905	2.75785	2.26658	1.99552	4.74197	3.19834	7.00219	9.56198	5.1483	5.73938	8.59799	8.01541	7.76983	2.57657	3.99753	2.46445	1.52987	12.31171	10.6752	13.32956	12.47081	14.10211	13.01187	22.52349
GH102	63.61512	57.61019	64.59975	52.79749	12.93876	12.8471	8.2874	8.68547	9.52354	6.31744	3.93919	3.45117	6.89997	14.85023	12.81846	22.32738	14.53283	13.75473	16.4199	18.7996	19.47953	42.69972	18.12455	23.35951	17.1436	15.98444	12.51007	15.25917	21.53426	12.53731	9.57746	7.31481	12.99455	14.96282	13.63242	17.75097	7.59671	27.94323	25.37215	22.65777	31.34321	42.46504	34.77606	34.62736	25.12388	14.28972	18.98303	17.08835	7.02302	9.97511	6.24816	13.23408	NA	7.01807	7.42228	7.95373	8.23396	8.9669	17.47063	8.68797	11.42595	12.50314	7.9283	20.61166	24.06302	24.88375	25.03563	22.49338	25.90084	23.72331	16.08263	26.48024	31.05482	21.18753	12.65817	13.86423	8.30333	12.77925	14.34372	3.09757	5.28127	4.85778	6.61154	2.62555	7.10395	NA	7.85105	6.62363	8.9676	13.03252	21.70555	28.67072	21.0254	13.49366	29.70523	28.06115	29.06821
GH103	40.61843	40.88506	34.43592	43.26545	3.9993	4.14475	4.08589	4.33511	1.36444	1.66479	1.48804	1.15778	1.03456	5.26009	5.25129	6.29289	4.00564	4.5592	4.27095	4.75802	4.79786	NA	3.45021	3.53452	5.9883	4.52568	5.17929	5.23544	4.47606	2.46688	2.34084	1.46563	2.76411	2.10512	0.91218	1.84956	0.74928	4.89636	2.65042	1.45458	3.47525	3.45429	3.01605	1.40036	0.47629	1.41341	NA	0.62751	0.34989	0.46023	1.58151	0.97915	NA	3.32019	3.63779	1.21556	2.94746	2.95769	2.21138	1.86505	3.201	1.26979	1.13638	18.31265	16.10233	15.33881	15.51451	20.59133	22.14466	18.82875	21.06889	2.83804	1.9774	3.45313	0.87637	0.97017	3.03676	0.89996	0.34865	2.20314	1.04147	2.14323	2.26978	0.1765	1.60627	0.85112	1.95588	2.61578	2.39119	1.66196	7.34242	4.73047	5.52843	9.67493	5.74866	6.34751	3.93594
GH104	NA	NA	NA	NA	NA	NA	0.77257	1.00838	0.69753	NA	NA	NA	NA	NA	NA	NA	NA	NA	NA	NA	NA	4.04325	NA	NA	NA	NA	NA	NA	0.39584	1.81638	1.37083	2.00435	2.62858	2.15058	3.19588	1.16508	1.49774	NA	NA	NA	NA	0.335	NA	NA	NA	NA	0.72358	NA	NA	NA	NA	NA	NA	NA	NA	NA	NA	NA	NA	NA	NA	NA	NA	NA	0.46476	NA	NA	NA	NA	NA	NA	0.46375	NA	NA	0.37957	NA	NA	NA	NA	NA	0.51565	NA	NA	NA	NA	NA	NA	NA	NA	NA	NA	NA	NA	NA	NA	NA	NA
GH105	888.78182	937.97039	898.36552	881.1857	547.26348	524.71652	520.70835	550.34661	545.50369	844.92989	801.35572	884.23313	846.47553	411.56195	432.31018	431.47127	429.83795	499.77662	477.06939	496.06782	528.15394	417.44514	442.14119	475.46832	452.66692	520.37503	689.27778	703.88455	740.94741	786.41438	787.19905	770.26214	762.4679	641.33474	641.36722	649.28691	639.29021	987.45032	980.73561	966.11244	900.99107	916.11121	931.25985	916.29452	518.66859	508.41508	531.64048	560.41651	541.74556	542.92279	554.97359	541.69973	311.4858	465.59365	465.96537	465.1742	469.94111	446.67727	572.87448	566.12139	558.60552	576.4798	567.27747	695.84888	694.59618	696.91151	638.89347	573.55561	517.17212	556.91751	563.65654	311.04634	298.51017	309.64405	338.40262	335.35774	372.3982	357.70927	331.44057	663.49021	678.45281	655.88052	649.16299	725.02356	764.25965	744.62273	439.8335	445.84592	458.355	441.52563	523.48312	533.06625	541.9236	586.72997	997.28702	987.40219	1056.86969
GH106	624.86935	644.70978	631.39661	586.09205	469.34951	471.84651	462.24845	483.86109	494.42891	532.7261	518.57545	568.09515	521.83202	462.58278	488.48232	467.41647	498.4084	391.40713	421.8331	411.00228	415.30026	443.64146	294.39774	306.63624	295.20488	334.07096	361.08825	421.20852	460.69765	591.5284	590.78878	601.96706	587.49516	456.71927	451.9353	477.11889	444.53475	658.68134	621.74486	687.29989	635.43692	620.61949	641.56081	644.93761	451.2699	406.415	452.08966	448.937	421.3723	406.17195	414.77051	387.89168	193.64822	606.67729	576.82252	570.67189	553.98562	578.40887	530.62955	552.79677	559.37504	561.76628	516.41769	518.52454	482.72164	540.39902	446.87681	404.58785	383.25564	372.18473	381.59336	228.97409	228.49059	203.85192	240.91403	243.80288	239.45927	249.30251	244.2747	323.59561	303.11195	323.34014	341.77982	457.14696	461.32675	507.50724	282.84592	262.68735	278.97663	286.2374	383.9238	369.2509	352.49621	338.01784	679.428	718.40733	709.51789
GH108	173.52553	174.87465	163.09986	182.1943	770.1575	791.66033	770.60046	763.55134	795.63856	411.96693	381.83546	370.16563	368.48077	127.70496	111.51031	118.97252	107.62866	60.22295	59.37782	60.13632	65.1029	74.47195	2774.51839	2829.76193	2813.9625	2949.5672	866.88941	851.05177	799.80275	202.4177	202.92515	193.06732	210.71029	146.55327	140.39403	154.77439	140.54102	427.3598	401.19447	418.42762	148.59767	131.9264	125.27432	146.17514	94.1739	81.19293	87.33316	105.99818	597.18269	604.70923	611.26234	595.48236	1102.29277	46.80347	53.19866	31.5992	45.98357	32.20761	44.76428	44.553	48.12007	60.07127	59.0148	109.58595	107.8873	108.03324	97.67158	81.13809	89.75523	101.63793	103.58129	73.15241	74.0317	64.7962	245.13341	268.63584	261.14061	245.96692	259.7142	411.98159	393.3465	452.89077	437.57135	197.76644	222.82656	221.2347	54.33018	53.38765	64.79967	59.40548	67.82782	51.91048	62.95788	45.43222	122.97441	116.23718	101.76812
GH109	375.00337	381.66134	366.59274	396.21566	395.8182	396.13877	396.00893	372.51059	403.09626	530.44505	521.18421	541.46879	526.42824	268.18413	257.66005	259.9549	278.74025	259.57245	288.22754	264.06262	251.14081	225.92667	198.77589	204.03496	206.73199	219.02388	272.16252	292.40065	268.33108	400.31124	413.98976	408.47586	401.91056	322.40307	351.27721	321.34163	333.4733	442.50616	467.7181	403.1492	423.35048	425.84167	420.99282	392.07563	233.34809	238.68877	231.19902	234.03654	222.41707	225.51385	224.47507	223.75912	442.83672	296.52083	280.93108	288.39696	265.20864	307.54086	310.81806	302.82242	313.65173	325.56587	323.23603	407.02373	407.12486	380.54754	374.88979	393.69012	343.28972	371.91264	379.50285	146.64631	149.41695	152.34616	155.47748	148.33102	145.95707	145.1187	139.35935	297.08038	265.80536	257.48781	284.59378	309.26758	311.62459	363.67136	244.11688	232.85692	240.68898	221.2518	284.35718	275.5948	280.77284	295.36439	411.86369	425.66565	422.48029
GH11	NA	NA	NA	NA	2.69533	5.94122	6.29617	5.89626	5.95796	8.42472	7.04729	8.24143	8.29487	NA	NA	NA	NA	NA	NA	NA	NA	NA	NA	NA	NA	NA	NA	NA	NA	NA	NA	NA	NA	NA	NA	NA	NA	NA	NA	NA	NA	NA	NA	NA	NA	0.30281	NA	NA	NA	NA	0.58386	0.99199	NA	3.52627	2.27215	4.04723	2.58598	NA	3.41927	0.59106	1.66928	0.9708	1.27834	1.19567	2.38802	0.7226	0.50401	NA	NA	NA	NA	0.31978	3.16356	4.72795	1.92798	4.00417	0.61264	2.68048	2.64698	0.71388	NA	0.35646	NA	NA	NA	NA	1.67722	1.39633	NA	0.68707	NA	1.83025	0.90929	NA	NA	NA	NA
GH110	223.07448	222.62532	232.65334	216.22114	212.619	213.73465	216.46934	214.16993	227.01461	270.06477	279.57064	268.79047	275.986	145.23412	142.72045	119.86349	145.67719	155.20805	147.70599	161.45325	153.90282	166.53849	149.51816	134.23949	142.27819	141.82088	119.62308	130.21713	149.52955	197.54847	192.50786	215.71342	195.54142	163.09769	152.03953	147.08863	148.83583	173.47376	166.56249	168.42761	163.25273	163.01647	170.0303	174.01567	85.4057	80.64903	76.29299	84.15207	92.51326	88.56927	84.24129	75.9734	73.37604	115.62593	109.89655	117.41832	115.86745	99.31722	122.79991	125.49424	118.62534	112.63907	117.01429	186.50229	186.5601	198.53491	185.64008	153.94373	150.89314	142.77897	158.46738	113.94125	111.23882	109.08459	92.33114	88.7242	90.87422	90.90544	91.89893	194.35702	191.04987	187.44413	173.92776	228.39511	227.18923	221.02974	98.06184	92.38258	95.86005	90.31279	132.38628	129.42666	130.07147	117.50687	288.79013	266.12183	245.26431
GH111	NA	NA	NA	NA	NA	NA	0.06323	NA	NA	NA	NA	NA	NA	NA	NA	NA	NA	0.31389	0.10369	0.72255	0.74928	NA	NA	NA	NA	NA	NA	NA	NA	NA	NA	NA	NA	NA	NA	0.05948	NA	NA	NA	NA	NA	NA	NA	0.0851	NA	NA	NA	NA	NA	NA	NA	NA	NA	0.1822	NA	NA	NA	NA	NA	NA	NA	NA	NA	0.49631	0.63628	0.68979	0.99798	NA	NA	0.1274	NA	0.06909	NA	NA	NA	NA	0.06614	NA	NA	NA	NA	0.11751	NA	NA	NA	NA	NA	0.11595	NA	NA	0.44962	0.67864	0.56846	1.09404	NA	0.11423	NA
GH112	70.40511	76.40528	67.41254	55.29981	74.10182	67.58154	66.34914	65.48943	57.79326	63.67192	69.4873	70.59281	70.97044	85.36924	85.57314	84.76834	75.98387	61.42807	59.31001	57.22269	56.4114	84.2544	106.50455	105.70022	105.71057	117.88685	157.27914	159.0941	158.25827	84.36892	104.62227	90.24953	87.46903	114.62148	100.81573	112.82079	93.21158	57.998	46.28204	58.48251	66.26887	59.4081	59.22426	65.79486	58.09082	42.8968	53.58319	51.84724	63.61272	56.01692	62.53136	61.93409	17.12389	83.93199	80.33618	75.52742	75.62981	79.84904	82.99763	85.75634	87.28954	86.83185	74.32066	52.164	49.90898	48.39592	52.31589	67.28173	71.86045	59.35567	65.89783	81.9031	78.32204	62.77071	80.89977	72.22649	83.81672	72.41147	69.51212	105.67268	102.97345	99.92005	94.44248	71.71262	63.52188	60.43103	111.2082	108.29804	107.55471	101.07365	129.97901	130.89323	131.74769	125.0708	73.79869	76.52875	70.62874
GH113	31.61883	29.47206	27.92161	22.31816	41.4758	42.13965	41.95167	40.96957	47.32114	44.70346	49.86698	55.35784	52.52522	32.04329	31.60699	25.46593	32.38652	40.4429	40.81511	44.54382	45.54024	66.05744	17.32838	20.52536	21.97435	23.4494	18.83356	21.51227	24.95783	58.35946	61.9691	59.4354	58.33437	66.95113	76.64905	64.81513	63.08926	106.5815	105.45234	110.9613	67.01985	63.84011	72.16925	75.14631	44.95824	30.02134	44.83301	49.36703	38.23364	32.30806	28.99258	32.84523	30.1998	54.76875	52.3513	52.32947	48.82851	49.86356	58.94948	68.43589	66.7152	66.47222	73.67424	52.22088	46.48118	45.88814	50.61001	33.97461	32.66965	37.67215	42.4844	15.73443	19.25562	21.31901	31.89602	27.38052	26.74555	27.34397	28.37723	50.09987	47.05149	50.12866	43.45172	27.88221	29.34078	30.46634	43.4398	53.87969	42.17593	40.65785	60.19034	63.74642	72.93666	56.09186	27.12209	29.7646	33.4014
GH115	595.38721	604.35105	589.27621	555.91222	410.54392	397.853	409.93652	401.13393	420.71016	539.97636	532.55884	596.4237	567.9918	246.18738	276.04756	279.20236	273.18248	328.08687	335.36457	332.81711	343.32399	321.26822	304.33878	309.92981	329.19308	358.32752	278.45141	346.16637	378.2151	874.88989	882.3846	868.97471	836.1098	694.82065	687.62061	698.35831	725.05113	1123.21824	1091.72943	1195.92496	825.18074	802.97035	848.44443	910.15449	454.47823	394.99165	490.90964	452.72081	440.43084	432.06755	428.8107	421.27725	233.44727	508.09798	513.48268	499.45279	520.05009	549.35499	647.24846	629.9357	681.41408	652.14662	674.95706	414.74005	427.49288	414.88349	361.5452	327.07474	268.663	267.32762	301.25749	223.14048	229.42839	214.52039	242.11307	223.15745	231.56022	231.11042	249.989	489.8618	490.0416	508.69215	482.01697	438.53791	448.07561	418.99306	402.67069	398.12978	405.94387	394.76662	529.253	546.38763	586.37409	499.23692	659.88939	677.48266	680.17019
GH116	110.06976	102.50101	100.00517	112.38723	150.03678	146.08928	138.72955	149.54617	143.88093	101.85542	104.60501	96.68013	110.94292	69.55437	62.26832	61.16462	53.93394	123.38365	105.44678	116.51549	116.997	121.87031	1.72358	1.8134	2.86993	2.97726	0.73003	1.28913	1.54186	101.99494	86.60455	102.14181	106.93486	99.62976	102.22299	90.82729	85.31283	102.85238	95.64949	80.51991	76.1992	81.00075	84.04595	78.25099	184.60519	185.47631	192.81792	202.3009	200.27045	208.20697	207.21518	198.30848	97.55241	37.96454	41.27628	42.16152	44.45267	29.93046	53.38884	54.37654	64.7704	49.99947	65.82583	40.75594	44.79723	49.42056	44.37362	26.19947	29.22468	28.51717	23.8447	75.64093	79.74031	71.44775	63.90254	70.69196	63.28077	72.34934	79.20482	147.11056	122.51501	118.44884	146.13624	126.19512	129.01155	94.38007	88.78111	101.25013	85.13352	88.15458	48.14711	54.98594	58.07395	56.31668	124.56145	117.28706	103.81271
GH117	1.04483	1.21234	0.51964	2.17276	32.80754	33.98682	28.62276	36.22756	36.37317	39.28917	35.99175	37.13768	33.84198	5.62898	4.25733	3.3416	3.96182	6.54311	6.64646	4.9189	7.05388	5.74742	11.30283	14.51344	9.28343	14.50104	19.75852	21.33409	22.59629	55.55224	68.59917	58.81305	56.23532	54.6458	58.60228	54.16245	57.4835	36.33698	38.69259	37.2521	62.74534	64.69402	62.41289	66.64339	54.80229	48.99749	52.49548	54.94394	65.74059	55.03222	59.94503	57.06917	57.63622	52.5826	45.94967	45.96478	49.57454	56.62428	65.86068	69.26138	55.93475	58.79089	61.45109	14.07543	13.67635	11.88473	20.25169	6.26748	6.49419	5.07966	5.14644	33.37406	24.07392	29.84141	48.94627	51.32914	41.48252	42.86719	40.97694	144.58444	144.13914	157.42005	148.13005	128.20974	145.82871	120.81216	35.05039	34.44075	34.20881	39.87634	48.86303	37.20894	42.62897	42.78227	1.48104	1.35081	2.98943
GH120	106.17594	121.05285	108.30646	114.28751	38.30141	52.07082	40.79286	32.15946	35.7987	26.12034	38.0843	40.00606	32.8579	22.7023	24.17356	31.40927	28.12415	49.60634	33.73357	36.5548	28.17565	33.54093	44.70184	48.18759	48.68591	50.46681	24.35083	20.77705	27.85179	27.02417	24.31012	21.01929	29.90102	34.52021	41.98373	43.31873	35.55485	96.18575	100.44005	79.13707	82.29702	83.1841	83.82401	91.4025	10.91456	5.40547	10.8229	8.66483	7.01421	9.93007	9.5651	14.87915	NA	31.43238	30.30014	24.18238	18.57085	18.41313	23.69945	13.85844	19.65627	25.82716	24.76018	67.72587	56.46292	66.96708	62.5524	88.75806	90.66795	88.73276	97.18228	45.23718	36.8436	29.42353	38.98328	35.39517	36.48921	33.39825	21.88895	67.90557	83.55165	69.15939	69.96767	69.26735	59.34322	53.86572	63.22058	53.4825	55.49861	45.02904	89.55717	92.92442	81.55927	112.43347	109.60583	126.5041	119.60172
GH121	1.17767	0.4407	1.18427	0.84227	0.63911	0.38404	0.19258	0.50362	0.11566	NA	NA	0.05839	NA	1.50278	1.47568	1.9647	3.12686	0.1695	0.59182	0.68112	0.69255	NA	4.21107	3.90136	4.03519	3.72908	2.15598	2.32928	2.10536	1.56354	1.19151	1.51019	1.68322	0.86485	0.68228	0.58903	0.6154	0.81776	0.74788	0.5185	0.49917	1.85975	0.54444	1.18966	NA	0.15162	0.06134	0.30422	1.22888	1.07023	1.40633	0.67356	NA	0.64281	0.60568	1.1008	1.01313	0.47919	3.39699	2.64341	3.20607	3.53125	2.53497	2.53204	2.82858	2.5186	1.38756	3.95282	3.66614	3.63988	3.53446	1.12836	0.56023	0.99391	0.35393	0.73489	0.47478	0.59208	0.49116	0.12648	0.10889	NA	0.14614	0.07924	0.21914	NA	0.68252	0.6835	0.47965	0.23325	2.29273	1.87158	1.81731	6.14369	0.77613	0.9726	1.84937
GH123	126.51493	131.45009	128.29262	112.16572	125.41872	120.09163	120.13896	126.63861	127.2049	152.11959	146.87302	149.02034	157.01273	82.49807	90.68286	87.4202	93.47699	96.65099	99.7646	101.63032	101.00822	98.19811	74.83256	72.72227	80.13025	78.31902	73.39517	81.38675	83.83626	98.02567	101.99267	94.10628	97.81767	73.94515	69.89211	68.54713	69.52268	112.40653	107.55977	96.44741	97.72909	98.19799	106.17881	109.0923	50.15696	44.839	57.91512	51.13831	74.07517	66.82894	63.87496	69.53611	17.63668	69.76743	66.0072	65.87319	63.94818	70.32958	91.25393	95.75179	92.89669	87.15509	96.40314	73.92166	71.09634	76.52844	79.53136	53.98245	55.2249	47.31897	51.94368	46.43782	42.28596	44.5957	38.65483	34.8876	35.15359	35.51763	31.84151	84.57928	78.83193	78.10057	71.61469	105.46987	109.77226	92.08685	49.25364	55.00328	43.84711	52.10138	68.28869	64.67889	68.33122	68.81102	143.88716	148.54192	133.06256
GH125	318.58859	335.60337	318.76711	344.13438	321.67058	335.84149	334.57003	329.19216	314.16174	233.11142	215.94091	255.01414	248.06211	130.43584	134.64838	130.58699	126.14797	263.51072	260.04661	250.72812	259.26727	242.77561	142.61798	147.99342	139.93993	168.79136	120.551	134.13253	141.05724	398.81558	399.73459	395.51727	384.20682	347.86125	341.00305	324.3312	342.26532	336.89313	319.42971	320.85743	314.33777	324.38734	332.52857	318.33949	515.76514	495.50649	537.89735	476.33873	518.63198	444.94559	503.52674	504.59659	177.3498	256.93142	252.70229	238.63262	249.77176	269.87038	324.93045	319.62416	303.43048	306.1226	302.95726	108.17276	108.43774	119.42244	91.42554	85.32481	85.60275	72.37369	75.67432	243.93809	224.92117	221.71444	209.18147	197.075	199.90778	200.91962	187.67953	581.91415	550.85502	567.80014	561.06003	457.3785	446.31362	433.99554	428.52603	427.18394	429.19235	412.26762	225.72448	227.7079	229.39542	258.44989	370.06199	379.6347	364.083
GH126	1.08297	1.54151	2.30609	0.31407	NA	NA	NA	NA	NA	NA	NA	NA	NA	NA	NA	NA	0.93783	0.44748	0.15903	NA	NA	NA	0.81016	0.62978	0.99782	0.38868	NA	NA	0.77124	NA	0.76788	0.1978	0.65889	0.79406	0.31608	0.31477	0.52603	NA	NA	NA	NA	NA	NA	NA	NA	NA	NA	NA	0.1973	0.22267	0.21487	NA	NA	3.08916	3.75047	2.92341	3.20552	1.77227	2.34662	2.03462	2.13068	2.19469	1.12909	15.44746	15.17925	14.76076	10.31212	19.84582	11.64368	19.41234	13.69937	6.58909	5.3708	3.50885	9.21709	8.82882	11.78509	10.84721	4.96537	0.5532	0.3926	NA	1.05659	NA	NA	NA	0.31315	0.70451	0.66546	0.39609	3.57044	3.78979	1.09287	1.97648	3.51179	3.49444	4.78496
GH127	280.19554	270.91789	290.1006	274.11778	267.48534	280.43709	277.46755	267.92033	267.44558	346.47563	310.5873	315.24714	309.09047	217.29023	218.18671	204.12075	208.74327	239.91465	260.56872	262.4025	252.40331	261.10664	207.05561	207.77841	213.93785	221.28662	252.39233	270.45287	269.61325	290.02499	285.72123	277.78584	272.79614	230.94855	246.35886	239.12692	242.52968	295.5385	286.92474	295.07975	257.63153	261.96962	257.94364	273.33828	214.90457	207.3242	229.35381	208.02403	218.90859	204.69917	201.4829	210.01133	266.59831	210.10981	210.76083	223.23907	185.71398	208.45698	233.29273	206.43202	230.69339	223.93348	230.52142	229.26352	221.47909	215.64849	200.71686	192.65643	189.10259	201.63572	184.36637	121.9387	124.27424	118.30577	134.5873	123.10595	119.61574	122.0863	130.99655	236.8651	243.54736	251.63153	229.99911	266.20142	266.56279	243.99555	169.90604	166.80098	163.89849	151.3625	155.01839	154.62511	149.22803	154.64419	331.66024	331.80852	320.72231
GH128	5.12294	4.67416	2.91985	2.62	NA	NA	NA	NA	NA	NA	NA	NA	NA	8.35683	9.41662	8.9702	9.18412	9.68346	10.26267	8.94811	11.36976	5.15245	5.22648	5.94412	7.23342	4.80649	0.88292	0.63014	1.08629	1.3059	2.1465	2.16597	1.59421	5.05714	2.63228	1.08398	2.27125	0.41981	1.68517	1.20952	0.59974	1.0194	1.23083	0.59259	NA	0.47991	0.91405	0.60265	0.697	0.23443	0.22621	0.47417	NA	0.72686	0.50313	0.93066	0.99886	0.83025	3.22083	6.59636	2.74319	4.43049	5.41591	1.21879	2.42149	1.21682	2.65866	NA	NA	NA	0.36047	6.78779	6.8053	5.80489	0.98598	1.27881	0.67647	0.76225	0.46438	NA	NA	NA	NA	4.18453	1.71138	3.31572	0.94982	0.48662	0.24698	0.55649	1.89234	1.68655	1.18496	2.25278	1.68499	1.26051	NA
GH129	2.28058	2.81936	2.95843	3.60435	6.57767	5.76732	7.19184	5.9896	6.42383	3.79138	3.56545	3.58593	4.05061	2.72406	3.25598	2.06345	2.11649	2.43935	3.03081	2.62112	2.00846	2.82384	4.40358	4.57643	4.28829	5.51722	2.87664	2.95529	2.95447	6.45246	5.41063	5.4521	7.05934	2.94885	2.83531	2.69893	2.25607	1.15515	1.44787	1.99977	5.2045	4.01809	4.8123	4.85946	0.82277	0.59332	0.42706	0.71611	0.75818	0.52021	1.19795	0.45263	NA	3.65983	3.72807	2.80809	4.25225	3.10624	4.41458	6.06038	3.29769	4.62388	5.21585	6.73649	5.44444	4.78649	3.86136	6.97566	7.60876	6.14128	5.61793	3.22751	3.90158	4.25072	4.74747	3.79039	4.50996	5.60359	3.37744	1.97023	1.89927	1.98454	2.34057	1.81819	1.32011	0.33353	5.81862	5.35157	5.08272	4.47514	5.50027	6.18406	7.56438	4.9366	2.19225	3.21232	1.02865
GH13	4257.99174	4291.93806	4389.88412	4222.41671	4559.35234	4711.53831	4850.34602	4808.47552	4748.91921	4588.51598	4364.31388	4358.0523	4473.52098	7746.50169	7491.08028	7731.02816	7567.43914	5628.13786	5538.30422	5508.31459	5508.96278	5809.27996	4670.65045	4585.38242	4756.56114	5104.56867	7654.37722	7481.26744	7499.91388	5173.67418	5203.31304	5359.43729	5413.37414	8153.57296	8347.54111	8041.47789	8089.43527	3996.92082	3939.22988	3987.24578	4501.81588	4527.75534	4416.71309	4458.23165	5418.92171	5442.81218	5374.05001	5340.58715	4131.87047	3822.44629	3913.165	4011.51724	1921.19956	6247.8466	6171.32932	6281.76396	6212.69568	6113.40586	4378.89666	4370.89367	4324.07382	4332.56079	4571.12597	4364.2623	4200.76689	4297.88341	4037.3998	5808.26662	5716.5907	5624.49537	5923.18267	4351.77757	4602.25028	4595.46051	6328.97018	5791.88801	6192.10279	6129.26386	5981.10369	4138.4604	4002.7473	4205.76381	4260.96152	3640.47605	3855.05961	3714.25811	6779.7486	6426.78521	6519.48784	6752.46064	4562.97365	4509.58673	4785.95027	4782.85138	4369.21533	4294.65976	4210.44642
GH130	392.0005	393.99124	396.31577	347.2209	331.02209	334.6119	335.88917	345.19209	354.27114	389.09181	382.69293	403.33788	387.86903	272.39879	276.35294	268.49619	288.09976	357.85693	361.79913	360.081	364.31126	346.67643	234.16788	250.50925	234.92752	246.34684	290.62602	283.88503	282.19709	399.8174	404.68925	401.17815	392.49779	342.66406	343.56172	361.33982	352.6037	339.5524	344.3949	353.026	374.77003	366.0271	374.32728	361.08904	309.25273	288.73067	269.08218	293.69489	315.27411	310.99553	297.19294	279.74715	214.91824	286.98427	274.19309	275.04151	290.00382	271.95634	300.23363	279.83068	275.15803	304.78748	301.69834	352.28102	336.99159	347.38033	321.32175	335.78676	317.03203	338.3175	346.33998	246.5518	248.28084	242.17489	240.28442	241.55306	263.05379	231.92921	234.28653	343.93969	312.34368	340.62074	339.296	311.15284	330.53052	297.18422	340.06976	357.91189	329.78383	310.44273	333.84813	352.3984	350.00719	351.26797	451.50595	463.62782	462.03562
GH133	121.6308	109.94529	118.74635	105.00745	137.63007	140.5419	132.07266	140.13071	151.1973	122.66854	131.43443	131.99299	122.80224	87.86779	80.95682	81.1204	85.48664	126.08169	122.4982	121.31564	118.0249	105.88895	82.61007	92.60556	87.35801	102.50648	151.21913	163.75496	146.06156	137.01865	123.17525	126.73585	136.29052	140.6964	131.027	140.87067	134.2688	159.77109	155.75762	164.2229	162.60286	164.1006	177.5568	181.4174	105.04687	98.01947	107.22225	101.6712	97.64643	91.68139	96.24551	90.51943	104.76615	99.46074	94.52812	101.04699	99.78506	88.9738	99.93579	102.89796	99.46181	92.71521	112.61531	100.89597	103.75098	99.28705	101.16614	97.42864	92.79457	93.7371	95.88739	110.71423	104.87989	106.89228	92.48632	89.45964	94.60121	105.99607	98.04523	129.16484	113.74031	124.53383	127.92598	128.45105	131.26005	119.19423	123.62774	114.43516	116.14712	109.89476	114.20591	128.59071	112.15005	144.79059	146.35131	145.13179	113.35335
GH136	61.97259	61.22018	62.93268	60.30693	57.45305	55.5138	56.48791	53.11932	61.52289	72.20293	72.31614	75.11572	78.68092	21.99806	21.56697	15.47742	17.85377	27.55935	24.24875	32.98466	24.72175	38.78207	39.33327	37.52421	38.80859	41.23994	51.62399	50.88737	54.90355	59.29557	53.90798	59.12258	54.04601	48.10688	47.50298	44.33893	45.7952	66.75335	73.26991	63.86801	61.25425	59.43314	61.42816	64.03411	46.29774	36.1668	43.82502	42.86574	39.74049	39.24669	39.95298	38.06605	86.75266	31.03954	33.3602	32.96388	29.43257	28.66986	36.15215	39.109	35.854	40.43596	40.53255	24.68118	24.9785	26.2717	24.19742	17.69377	15.8987	17.5518	14.78209	29.10448	27.52127	21.88665	24.84599	22.97715	22.94096	20.77984	20.86606	29.66385	29.23239	31.98268	33.96821	60.15133	61.78881	61.81048	52.1072	53.36188	54.73937	61.86227	47.38956	41.91231	40.42428	50.37867	64.0639	65.41993	77.45041
GH137	50.41269	55.38786	62.21095	60.05497	36.9621	32.80575	32.29814	35.85302	32.31494	51.81039	52.68849	56.13758	47.60906	36.38364	36.64592	38.52798	39.72296	61.9229	53.76289	53.90783	51.7716	71.8859	32.72676	32.3733	27.69973	36.12784	47.73163	50.0165	49.70074	54.23958	53.90524	58.58445	52.1377	40.11503	41.60332	40.06741	39.93804	60.7847	55.69753	61.1714	49.54093	49.47825	49.46112	53.75585	29.07431	27.9864	29.71478	28.45327	25.18466	23.72844	29.2319	23.05966	NA	29.73562	27.98414	31.49751	28.0234	39.43585	44.80455	33.57228	37.52118	39.7311	35.64093	44.60319	50.63901	49.7055	45.71571	31.10334	31.39689	28.50447	28.32106	12.88346	14.77645	18.75728	13.61752	9.31978	12.5718	15.52319	19.53663	26.04565	26.95639	25.69171	29.92822	32.56309	29.9852	32.44846	11.73834	15.19188	20.37685	12.28489	13.49777	14.20109	16.46677	12.75894	62.89546	65.97226	78.80628
GH138	118.84222	108.08778	118.56715	105.25259	64.74369	67.75611	67.72828	59.82572	60.94107	95.86528	85.47289	107.10172	94.04822	68.86416	75.62296	67.12232	68.00933	94.34936	93.87434	86.38898	99.94635	108.05442	61.92813	60.97499	63.70958	62.30082	78.3807	88.21726	99.63843	100.94064	106.68677	95.35206	106.74262	83.29449	78.01232	78.4648	79.05876	113.0029	113.77694	113.08721	103.95709	98.90346	102.0104	102.97074	49.80764	47.72651	47.76732	66.28752	47.66885	41.17479	43.75072	44.66969	18.89499	57.5274	56.41813	57.79549	49.11326	65.68716	70.4471	67.94773	62.35925	66.11314	78.00719	83.92399	83.09203	85.59901	79.77034	57.91836	58.40812	55.90569	64.54449	26.36546	25.02417	23.71227	22.94777	21.11092	24.6413	24.76413	20.67377	58.26661	59.4817	58.78955	67.84754	67.92513	63.3515	64.33897	35.20897	36.89656	33.98887	37.50995	30.24456	30.38609	33.67205	36.8044	129.78505	146.92482	159.84902
GH139	83.17941	79.59782	84.77985	75.4184	56.88892	61.89861	61.47511	52.15028	52.31683	77.99339	77.47106	86.24145	80.65245	38.26629	40.87846	40.05225	34.94931	39.38707	47.84248	43.83169	41.67029	36.5982	38.31312	41.61935	45.81847	46.23528	58.15971	64.06609	63.42266	76.6853	86.28093	73.22916	76.53069	53.07731	58.1134	53.97754	47.56456	77.529	83.64222	80.0211	55.57406	62.72217	60.21064	67.75365	63.06328	59.31567	65.35573	66.15836	49.1099	46.39848	44.85291	46.22432	11.52724	48.27549	46.40715	53.88632	50.18489	56.04976	54.14984	51.28967	58.16264	54.83812	58.14275	63.97933	61.27931	62.81727	65.53631	43.35427	44.56336	42.15218	48.32244	32.08638	30.01958	28.06968	22.55173	22.12812	23.12304	20.7188	18.34961	34.32497	28.70906	28.23651	32.57484	46.03176	42.14196	34.21183	19.77873	22.22695	23.86574	21.58134	26.2215	23.41813	18.93912	19.25692	98.20177	86.62996	90.45296
GH13_10	NA	NA	NA	NA	NA	NA	NA	NA	NA	NA	NA	NA	NA	0.26973	NA	NA	NA	5.69602	4.74881	2.8577	6.4469	2.10952	NA	NA	NA	0.15827	NA	NA	0.31404	NA	NA	NA	NA	NA	NA	NA	NA	NA	NA	NA	NA	NA	NA	NA	NA	NA	NA	NA	NA	NA	NA	NA	NA	NA	NA	NA	NA	NA	NA	NA	NA	NA	NA	NA	NA	NA	NA	NA	NA	NA	NA	2.385	2.71781	4.28775	NA	NA	NA	NA	NA	NA	NA	NA	NA	NA	NA	NA	NA	NA	NA	NA	NA	NA	NA	NA	NA	NA	NA
GH13_11	53.59907	49.61283	51.2956	51.67907	30.27489	32.08774	30.11564	29.04866	25.90785	22.02258	20.24908	19.30475	19.57221	63.31604	65.38123	71.81934	61.7817	18.48596	12.67362	21.01512	15.19959	12.87232	44.51555	43.99235	39.56441	48.33524	86.98491	85.21445	90.58287	33.83558	30.8176	31.80541	27.47505	78.31388	67.93652	76.98307	71.61135	9.83572	12.00563	9.75396	18.65978	20.43556	17.88413	20.82739	35.97959	31.9797	31.35573	33.30605	13.98242	19.29768	17.88332	16.79609	NA	53.75511	49.09669	48.04836	47.40889	49.61701	32.58598	31.32373	31.01942	34.03823	36.87249	39.63416	46.32179	41.80737	47.78055	50.06427	52.9084	57.86887	51.90061	21.70043	26.76023	27.11357	20.36477	21.12904	17.72702	17.07334	12.7286	24.21489	24.6278	22.51324	23.05581	16.04848	15.41605	12.78326	25.33602	27.33859	29.65207	30.56475	20.64965	13.75861	21.55601	8.4584	21.17653	25.33644	23.97919
GH13_12	NA	NA	NA	NA	0.22016	NA	NA	0.44028	0.30906	0.38624	0.15385	0.30227	0.47536	0.30542	NA	NA	NA	0.45331	0.15218	0.52905	0.45624	NA	NA	0.32521	NA	NA	NA	0.58961	NA	0.13343	NA	NA	NA	NA	NA	NA	NA	NA	0.21569	NA	NA	0.28973	NA	NA	NA	NA	0.08015	NA	0.16148	NA	NA	NA	NA	NA	0.31694	0.40911	0.16685	0.56713	NA	NA	NA	NA	NA	0.14737	0.17698	NA	NA	NA	NA	0.34585	NA	NA	0.17328	NA	0.30833	NA	0.16871	NA	NA	0.45708	NA	0.14723	NA	0.33286	NA	NA	NA	NA	0.16593	NA	0.08249	NA	0.16293	NA	NA	NA	NA
GH13_13	NA	NA	NA	NA	NA	NA	NA	0.12106	0.25493	NA	NA	NA	NA	NA	NA	0.12534	NA	NA	NA	NA	NA	NA	NA	NA	NA	NA	NA	NA	NA	0.23303	NA	NA	NA	0.12576	NA	0.12463	NA	NA	NA	NA	NA	NA	NA	NA	NA	NA	NA	NA	NA	NA	NA	NA	NA	NA	NA	NA	NA	NA	NA	NA	NA	NA	NA	NA	NA	NA	NA	NA	NA	NA	NA	NA	NA	0.34327	NA	NA	NA	NA	NA	NA	NA	NA	NA	NA	NA	NA	NA	NA	NA	NA	NA	NA	NA	NA	NA	NA	NA
GH13_14	82.68538	85.01618	97.45667	95.76313	105.74152	109.82455	111.2748	119.06014	109.29088	105.32692	107.50839	105.21874	119.7784	206.64185	206.87796	203.94156	199.41334	131.94837	129.86782	123.26793	132.71249	147.77852	105.0561	103.04038	103.44703	117.429	212.86175	190.57913	189.32172	127.09339	142.56739	124.91542	133.04111	242.41993	239.6563	225.62474	244.3	105.06288	114.34196	102.4239	110.17248	107.38741	113.80463	107.25106	166.31518	175.27005	157.67021	158.99556	115.36177	98.38822	109.58384	112.27298	101.24543	193.56021	179.78125	181.45188	190.4486	187.66021	122.85475	123.06272	125.70347	116.03805	115.38495	81.46812	82.71278	89.98636	74.61982	133.81626	127.2194	136.85277	123.81914	104.07934	100.80874	108.73783	159.52687	162.66945	167.31412	162.57842	157.50715	100.76003	114.44218	117.01802	113.45603	87.30404	89.22484	92.87978	172.90741	166.6128	173.12237	162.96961	107.20374	102.29757	109.33461	120.42511	108.55288	101.19005	109.9605
GH13_16	NA	NA	NA	NA	NA	NA	NA	NA	NA	NA	NA	NA	NA	NA	0.25422	0.25391	0.55172	4.61874	4.32292	5.19565	4.70121	7.48364	0.15349	0.15427	NA	0.42205	NA	NA	NA	NA	NA	NA	NA	NA	NA	NA	NA	NA	NA	NA	NA	NA	NA	NA	NA	NA	NA	NA	NA	NA	NA	NA	NA	0.15255	NA	NA	NA	NA	NA	NA	NA	NA	NA	NA	NA	NA	NA	NA	NA	NA	NA	5.59158	4.44997	5.73674	NA	NA	NA	NA	NA	NA	NA	NA	NA	NA	NA	0.96271	NA	NA	NA	NA	0.34458	0.41637	0.41841	2.68307	NA	NA	NA
GH13_18	15.77384	17.09035	13.33294	14.20812	20.18994	20.62814	17.01267	22.21571	19.73119	17.23586	17.03918	19.65336	15.5291	45.48054	45.89636	43.71874	47.95561	39.05264	36.08654	38.85778	46.11621	48.49876	28.72237	26.00541	25.02671	32.33152	55.01332	59.24667	67.70434	16.55871	17.9822	18.48467	11.0654	38.13418	36.67732	34.25557	32.78559	6.33431	8.52783	7.89266	11.5299	13.19278	12.4599	15.24794	19.27089	19.27959	19.99517	21.23397	13.58606	12.82726	15.51619	13.86007	NA	28.20309	25.79679	23.05198	21.71998	26.63532	22.62887	17.96882	20.50464	19.68709	21.18839	10.8135	11.5646	15.68952	14.13732	16.55229	13.52144	14.57077	15.62658	16.15466	22.61488	13.66134	22.52183	24.36501	23.59737	24.5712	22.28439	13.8859	16.46822	14.0297	15.94622	11.81701	6.59635	7.84363	42.28478	38.84761	39.50037	43.40731	19.23394	24.58131	24.11347	12.38662	15.20332	13.12023	14.13062
GH13_19	0.63098	0.39073	NA	0.64045	0.6003	1.48177	0.88243	1.04551	2.26957	1.19918	1.84781	2.61169	1.10457	46.85145	47.33228	48.83249	42.72431	8.43111	10.1625	7.67835	9.70735	5.28987	9.96255	8.28037	14.82366	9.88048	25.55314	23.80986	25.15444	4.50943	7.69274	7.16125	6.16108	40.28976	38.71745	45.1302	39.33492	2.1211	1.1809	NA	0.3166	1.70036	1.20112	2.44612	26.97245	24.9022	30.51858	25.25113	10.99313	8.91897	13.48921	9.63078	23.98471	37.38587	33.74647	35.90565	37.11388	36.17707	14.31213	9.8962	12.36722	11.32457	7.17262	8.23721	7.79743	8.2558	9.37155	17.53031	12.36011	19.2166	18.39613	31.19484	43.51461	33.12506	66.23097	66.75884	63.20507	60.95065	58.78934	2.91162	3.45309	2.85402	2.82517	2.3108	0.93226	0.79121	79.94759	68.92761	79.17788	77.38556	22.85482	19.63926	15.82429	17.36158	0.75217	NA	1.39394
GH13_2	NA	NA	NA	NA	0.69536	0.1394	0.38458	0.16224	0.78091	0.29278	NA	0.56088	0.17516	2.58846	1.80796	2.08574	2.21115	NA	0.42057	NA	0.73847	NA	NA	NA	NA	NA	NA	NA	0.14283	3.20954	1.51763	2.50339	1.4509	2.50877	2.09882	2.86436	1.83396	NA	NA	NA	NA	NA	NA	NA	0.6494	0.4813	0.15883	0.6088	0.35734	0.51411	0.40307	0.73228	NA	3.02526	1.40421	2.71661	1.75187	4.66622	0.16213	0.32256	0.17393	NA	NA	5.73824	4.44767	5.37897	2.96634	4.75735	7.16649	4.74569	4.66056	3.58608	2.46305	2.30915	2.76375	1.63284	1.39054	1.55897	1.47537	NA	NA	NA	0.29615	NA	NA	NA	0.5173	1.22771	0.34546	0.38919	NA	0.34171	NA	NA	0.13889	NA	NA
GH13_20	22.00483	19.44943	23.75392	20.66279	31.0097	30.48833	33.35345	33.62033	29.74067	24.85758	27.04099	19.46255	27.98782	62.26028	68.87453	64.75483	65.64915	63.34	58.91809	64.08054	57.8646	67.95658	41.26892	38.43038	35.98647	36.2332	83.15346	84.85417	77.23559	33.19714	29.09081	28.32045	34.10675	81.11539	74.03547	85.99105	78.94608	19.19673	20.36808	21.18311	34.26953	37.78934	35.05074	37.90009	40.27839	34.51638	42.43189	42.93334	15.42015	12.50242	17.56718	13.7763	59.58339	32.06259	30.44766	26.6543	34.22645	27.4398	23.19556	23.48801	23.74422	27.95827	26.75999	33.93892	36.4366	37.73081	41.9753	92.02519	97.34053	80.85278	94.71591	53.70302	53.75087	46.30465	119.48627	111.45118	118.00695	112.56525	107.90024	32.12036	34.58847	34.05128	33.93928	24.10821	23.24743	23.4853	60.53472	67.93916	64.96201	77.49145	49.22898	50.3254	48.58458	52.07812	21.85725	17.21559	26.01474
GH13_21	NA	NA	NA	NA	NA	NA	0.07214	NA	NA	NA	NA	NA	NA	NA	NA	NA	NA	NA	NA	NA	NA	NA	NA	NA	NA	NA	0.28837	NA	NA	0.63012	0.62516	1.03596	0.46674	NA	0.37082	0.06536	0.89837	NA	NA	NA	0.22595	0.11764	NA	NA	NA	NA	NA	NA	NA	0.3374	NA	NA	NA	NA	NA	NA	NA	NA	0.70144	NA	0.04994	NA	0.36696	NA	NA	NA	NA	NA	0.14473	NA	NA	NA	NA	NA	NA	NA	NA	NA	NA	NA	NA	NA	NA	NA	NA	NA	NA	NA	0.1373	NA	NA	NA	NA	NA	NA	NA	NA
GH13_26	NA	NA	NA	NA	NA	NA	NA	NA	NA	NA	NA	NA	NA	NA	NA	NA	NA	NA	NA	NA	NA	NA	0.1931	NA	NA	0.53096	NA	NA	NA	NA	NA	NA	NA	NA	NA	NA	NA	NA	NA	NA	NA	NA	NA	NA	NA	NA	NA	NA	NA	NA	NA	NA	NA	NA	NA	NA	NA	NA	NA	NA	NA	NA	NA	NA	NA	NA	NA	NA	NA	NA	NA	NA	NA	NA	NA	NA	NA	NA	NA	NA	NA	NA	NA	NA	NA	NA	NA	NA	NA	NA	NA	NA	NA	NA	NA	NA	NA
GH13_28	NA	NA	0.19238	NA	4.36364	3.99003	4.02495	4.56641	3.4053	2.30728	1.54308	1.52311	4.00104	116.5988	123.5208	123.41829	117.04473	19.61041	20.64383	16.23264	14.79639	14.22868	24.12606	25.60743	21.5448	23.76512	61.71188	67.29921	63.07055	9.97262	12.39739	10.43934	13.07317	96.97454	94.87515	95.20466	100.48691	0.93871	0.68293	NA	1.75462	2.57484	1.13415	1.32912	74.70771	82.45331	69.20071	69.24627	28.92287	31.78262	30.62954	32.31088	182.65719	84.4541	78.89318	90.79459	76.96253	71.50924	27.03118	19.29498	20.99336	26.4202	27.11584	21.07881	17.65296	22.50754	23.89422	52.72283	50.38328	53.90373	49.56211	41.16845	41.61328	44.27126	81.56639	78.46552	71.50593	72.64992	73.92702	0.78617	0.85693	0.8137	0.77867	0.95209	0.41844	NA	78.81163	79.32617	80.53246	79.72303	27.69611	22.30087	25.2248	26.10197	NA	NA	NA
GH13_29	2.39609	1.06639	1.47532	1.78276	6.5689	9.32801	10.15736	7.15721	8.3338	5.79358	6.7349	3.9734	4.26973	5.77642	6.22181	6.44621	6.79004	2.96341	3.4362	4.37869	4.07259	6.0268	6.45386	5.48872	8.27273	8.5328	10.26655	10.07144	8.04802	4.74787	5.32105	5.56813	6.53217	4.59834	5.29906	6.65776	5.97483	2.03111	2.5233	3.17932	1.59626	1.97683	0.94534	1.77653	8.5523	8.20077	5.64552	7.15638	4.57131	4.0843	5.65863	4.41598	21.67734	10.20473	6.9838	7.40961	8.54066	5.56492	5.03857	4.96029	4.42857	4.2832	4.7918	1.55572	1.62932	1.56331	0.92989	1.23251	2.39294	1.77193	1.48959	3.87608	3.993	4.82503	6.48693	5.61373	7.89719	6.05149	6.63787	11.27917	7.66875	8.15311	9.3905	5.512	4.08104	8.7507	7.60519	6.16606	7.1048	5.88755	3.87411	3.48888	3.63104	2.53094	1.61904	1.66495	0.94654
GH13_3	1.44383	0.29946	2.31178	0.94271	3.27782	0.8556	2.74566	1.29336	2.98899	0.23139	0.23042	0.5369	NA	0.89678	0.32731	0.32484	NA	NA	NA	NA	0.5695	NA	2.2346	1.7195	0.79071	1.3389	0.53671	1.69671	1.23775	1.52894	1.06676	0.89554	0.92408	0.4756	1.59968	0.85384	1.39811	1.05317	0.22359	NA	1.96075	0.90764	1.37318	1.19499	NA	NA	NA	NA	NA	NA	NA	NA	NA	NA	0.61897	1.00223	0.93404	1.16637	3.90721	2.00858	2.50775	0.24961	1.16597	0.79473	0.26507	1.06299	0.41575	4.04531	2.99321	2.77206	1.69757	0.6502	1.37897	NA	2.18638	3.97059	1.98497	0.77513	1.70999	NA	NA	0.49249	NA	NA	0.33507	NA	1.04299	NA	NA	1.1335	NA	0.79303	NA	NA	1.43432	1.31094	5.6553
GH13_30	0.43842	0.13244	1.2943	0.67403	1.59509	2.51422	2.03543	3.97075	3.29348	0.8987	1.70429	1.13325	1.14566	0.78936	1.74345	1.47865	1.56919	0.41942	0.13588	0.53443	0.36027	NA	1.51542	1.18068	1.58153	1.41593	1.18625	1.39355	1.18067	NA	0.08918	0.32067	0.64935	0.3593	0.35934	0.56471	0.44411	0.65945	0.83296	0.42503	1.57741	1.39857	0.84983	1.25649	0.29998	1.00171	0.42852	0.45416	0.77569	0.49465	0.6443	0.71819	NA	0.98721	0.47333	0.73421	0.46573	NA	3.19058	2.64737	2.92507	2.24215	1.40284	2.08227	1.5792	2.18677	1.58734	6.20909	5.32487	4.44588	4.18946	1.32776	1.55938	1.65932	3.00116	2.2192	2.44242	2.07794	2.26164	0.29062	0.67698	NA	0.29292	0.17244	0.33215	NA	0.25791	1.06722	0.67658	0.95872	0.41685	0.2967	NA	NA	0.32694	0.6748	NA
GH13_31	17.06108	14.99765	18.92667	18.4324	37.8743	41.71973	39.24117	40.93534	38.84332	28.68521	31.26589	32.07296	32.61462	34.0897	31.95385	34.86272	34.65727	27.36307	21.42204	27.21096	28.11846	21.19156	28.99264	30.17822	31.6725	35.9033	68.56854	58.65754	55.28682	28.07977	25.71066	29.22426	30.3467	42.48936	43.32209	41.67765	44.57012	13.36953	16.84363	15.22001	29.70435	28.34311	27.91084	30.02611	19.62368	18.98048	22.83193	14.98516	12.92791	14.46963	12.1483	15.47089	NA	17.2854	17.45124	17.12493	15.33944	15.04476	15.63096	19.0349	17.05575	18.5854	23.88774	35.80398	40.98244	40.1103	37.40158	74.78491	77.49009	72.92505	72.70717	26.73909	28.71563	28.31723	57.61108	55.63558	52.33564	46.86757	61.15911	22.92447	21.20332	23.25526	26.20178	16.40636	15.91577	13.40358	28.58495	23.64094	27.5412	20.55554	27.09368	27.88627	24.02567	29.48737	16.60644	17.31554	19.88096
GH13_32	NA	NA	NA	NA	1.67039	1.52619	1.46598	2.58484	2.57848	0.36135	0.69231	1.16142	0.18863	NA	0.08736	NA	0.1264	NA	0.18117	NA	NA	NA	0.28905	0.19134	0.53052	0.62029	NA	NA	0.59781	NA	NA	NA	NA	NA	NA	NA	NA	NA	0.34603	NA	0.86838	0.76707	0.17279	1.01481	NA	NA	NA	NA	NA	NA	NA	NA	NA	NA	NA	NA	NA	NA	NA	NA	NA	NA	NA	0.95189	0.2107	1.61949	0.6551	2.75395	1.5568	1.95538	2.48272	0.58015	0.6358	0.9777	1.33456	2.41291	1.83799	1.0771	2.56624	NA	NA	NA	0.45465	NA	0.3222	NA	NA	NA	NA	NA	NA	NA	NA	NA	NA	0.12563	NA
GH13_33	NA	NA	NA	NA	NA	NA	NA	NA	NA	NA	NA	NA	NA	NA	NA	NA	NA	NA	NA	NA	NA	NA	NA	NA	NA	NA	NA	NA	NA	NA	NA	NA	NA	NA	NA	NA	NA	NA	NA	NA	NA	NA	NA	NA	0.15858	NA	NA	NA	NA	NA	0.15835	NA	NA	NA	NA	NA	NA	NA	NA	NA	NA	NA	NA	NA	NA	NA	NA	NA	NA	NA	NA	NA	NA	NA	NA	NA	NA	NA	NA	NA	NA	NA	NA	NA	NA	NA	NA	NA	NA	NA	NA	NA	NA	NA	NA	NA	NA
GH13_36	7.27371	7.57938	6.13895	9.22856	11.02254	10.34539	12.71245	12.11909	15.55347	11.06596	10.07118	7.69618	10.6645	81.09224	74.88732	72.06301	74.99557	33.22227	26.12536	31.04645	30.95835	22.90805	26.83208	28.3476	26.96922	29.93829	79.78011	78.92816	77.40719	15.72187	17.85299	18.47423	16.47073	78.50156	84.50077	77.28578	72.24988	4.88583	6.07304	5.13105	9.49097	11.06804	10.50785	9.08776	47.00206	49.91755	44.42931	39.97648	15.13233	18.07619	17.81046	19.43113	NA	36.62544	50.67232	42.9084	44.82501	45.10174	18.65563	20.34921	22.56263	16.24056	25.00034	23.54608	19.96196	30.33254	26.26132	56.62927	62.14692	54.54412	55.68981	39.23039	40.79165	39.29584	71.84401	66.66529	62.24868	70.01404	66.81999	19.37885	18.12293	20.2765	19.47379	8.71159	10.40412	15.00027	64.15495	71.5684	66.0144	82.56114	36.97849	36.19974	31.4311	35.43166	7.35165	6.45648	6.59723
GH13_38	109.01353	117.34319	114.25411	104.88628	126.18968	128.00629	128.70776	135.33832	141.50224	124.44239	126.79743	126.83302	130.83499	95.66223	94.49335	85.64018	93.78739	122.73118	127.67528	120.30797	124.66305	126.50184	65.03154	64.83148	62.48987	88.07345	87.20248	98.42187	96.84517	138.95856	136.74292	148.37671	147.3153	117.71981	122.67565	115.22489	100.17706	156.28389	150.6775	147.90912	153.12786	149.30959	159.59299	169.96235	111.85652	100.58196	101.59307	104.50551	103.18138	100.51785	101.98458	111.75353	NA	65.81036	61.63057	69.2441	64.86854	69.98476	96.47223	85.43027	93.0976	96.85487	76.84276	60.12401	67.0094	68.34241	65.73428	51.35086	49.54409	45.06108	48.26794	46.59069	49.69388	51.27833	63.67257	57.35769	55.72206	57.65781	66.01776	132.99777	131.67212	133.14027	132.05266	127.00981	136.29078	145.71514	99.13202	81.18352	95.59993	90.51349	103.29144	107.10405	101.90959	107.90609	130.08978	127.67923	119.24096
GH13_39	13.61364	9.29227	11.83048	13.96279	19.87796	23.23291	19.85264	18.65769	22.51499	15.89851	15.20748	12.1995	14.80676	75.33043	75.35756	68.32308	80.41477	37.20367	30.96598	31.8559	29.63924	43.23051	34.02426	31.30025	34.08033	31.68748	43.71504	50.30119	49.18967	28.04797	24.63974	30.93093	22.90326	62.99974	55.7078	50.76394	58.29139	13.09805	14.12041	15.82285	14.02048	12.00465	10.72741	11.81058	39.84993	41.00228	38.32851	39.70426	42.27125	43.62054	41.83969	45.06938	54.10026	65.72016	58.09936	63.64289	56.79453	63.18279	36.65094	28.87328	35.56981	34.3509	33.73201	39.01005	42.54798	38.21595	41.88954	65.79131	65.46847	66.68167	58.10409	46.49106	47.10213	48.36928	57.3256	62.05526	58.3989	55.62721	53.65433	7.81783	8.14233	6.33295	9.62798	5.32894	5.13985	6.48037	44.96666	39.29341	43.38838	45.06897	25.16567	25.40652	25.4216	30.29307	12.5118	13.84395	9.78187
GH13_4	10.3696	11.08057	10.93794	15.24666	15.92905	20.05961	15.64853	19.4274	18.7578	14.22672	19.64781	19.12215	17.28045	13.65722	13.97592	18.98359	15.52235	14.54329	14.51437	13.77176	17.10753	31.4486	17.64702	15.50623	17.3216	19.67389	10.92363	14.4613	13.789	25.45678	25.33471	29.57595	27.87513	24.68065	26.06681	20.94883	23.70288	9.94608	14.50477	13.18213	17.17199	18.52394	17.2522	17.34226	9.08554	14.94302	13.07963	12.44989	7.76335	9.92177	9.70457	10.08833	NA	20.44923	22.76225	21.72374	22.11114	23.2841	16.25465	14.49901	14.25269	12.75618	8.53926	15.29055	17.03	15.18677	16.62404	18.45633	14.26488	16.02429	10.80077	18.72678	18.40636	16.10004	20.74103	18.69407	16.4652	13.41664	18.61932	14.16716	11.71921	11.02893	10.75571	8.1278	9.52814	3.45835	19.34368	15.52343	16.22517	14.32616	16.67455	22.98818	21.28573	23.09792	14.15662	12.35901	15.41864
GH13_41	6.54956	9.44658	11.59501	10.60496	12.46538	8.67038	12.35459	10.55371	11.77074	6.49116	6.83766	6.38105	6.25484	25.43784	30.216	30.36302	31.34029	14.06007	17.73403	17.8426	13.44466	12.88375	24.62825	24.26119	24.59817	27.89812	76.12751	60.05416	63.4428	15.10529	14.23509	11.56307	13.807	37.44264	43.82341	42.3107	48.00699	4.1794	3.78747	4.29461	7.77464	8.51279	6.6254	4.93666	18.72007	16.84358	17.30257	14.15747	2.30909	3.51299	2.7676	3.0887	NA	9.5711	9.03944	12.84021	11.12749	11.64967	6.89331	13.72033	8.18808	10.36605	10.52948	3.28369	5.02802	4.06628	2.53737	4.10518	8.07499	4.87754	5.75485	3.41409	5.88359	4.16514	16.65005	13.87793	20.74272	18.72136	14.38525	16.6278	16.53227	20.02495	19.67804	8.99293	11.39703	6.72411	23.80469	22.31867	18.6463	24.90457	3.61377	4.61242	6.98254	2.06527	9.37298	11.29713	9.99729
GH13_42	NA	0.13517	0.21414	NA	0.12362	0.24111	0.74775	0.15591	0.45429	NA	NA	0.29761	0.23292	147.32019	137.91261	141.41114	145.58848	22.73749	22.21447	23.55082	22.32762	21.67287	29.37774	29.22291	31.43365	29.96735	60.83352	64.66353	66.01295	11.0749	14.16762	14.41736	17.36993	104.82398	105.00823	98.93645	108.2689	NA	NA	NA	0.27232	0.201	0.75395	NA	79.9235	62.64742	76.05113	88.15769	35.12315	32.39241	35.78715	36.82158	NA	93.30073	99.01645	85.28977	93.70414	102.46562	25.92299	25.46607	35.36736	26.12965	28.14878	22.69557	20.4357	22.9593	24.49077	58.34755	48.61849	46.02946	62.02491	30.55518	30.41564	30.30971	56.41061	50.8845	50.27242	52.6053	48.1426	0.29786	0.30118	0.43076	0.2293	0.12371	0.2942	NA	61.73699	51.24444	58.65511	58.73231	15.36708	13.33549	16.8098	15.58109	NA	NA	NA
GH13_5	20.2537	22.60222	22.35279	19.17625	25.36079	28.14776	25.23917	27.03454	25.41209	11.47814	11.88569	13.2314	17.95885	29.95367	30.0056	29.27525	30.51285	71.91491	62.59001	62.85406	66.70946	59.14856	34.67191	50.81323	45.90775	41.51193	24.81263	22.44703	16.55725	9.47145	14.02369	12.74949	13.5091	3.79182	5.46065	6.44329	4.77286	12.26703	11.56879	11.01907	12.99546	8.33736	13.3917	14.01962	15.14544	14.66801	14.53255	15.76761	11.48626	12.63628	11.58742	13.0713	NA	58.10609	53.24648	53.22635	41.48902	46.27775	32.62946	40.11018	42.91815	33.4148	39.24738	22.01447	21.76976	21.88574	20.02416	42.04513	35.88784	41.39057	38.94298	36.58289	39.62124	31.91214	18.76817	16.66899	15.20113	16.82732	19.2192	34.42894	33.49332	35.13478	33.49106	31.31896	32.61323	29.16658	25.95478	35.29444	29.36625	30.50527	33.20832	36.50229	42.84015	29.47625	23.31144	17.1708	20.79641
GH13_6	NA	NA	NA	NA	NA	NA	NA	NA	NA	NA	NA	NA	NA	4.7905	6.69991	9.09964	8.25626	27.72091	27.93914	29.7904	28.8635	23.49989	NA	0.19134	NA	NA	NA	NA	NA	NA	NA	NA	NA	NA	NA	0.33185	NA	NA	NA	NA	NA	NA	NA	0.1474	NA	0.38306	NA	0.24596	NA	NA	NA	NA	NA	NA	NA	NA	NA	NA	NA	NA	NA	NA	NA	NA	NA	NA	NA	NA	NA	NA	NA	NA	NA	NA	NA	NA	NA	NA	NA	NA	NA	NA	NA	NA	NA	NA	NA	NA	NA	NA	NA	NA	NA	NA	NA	NA	NA
GH13_8	113.85323	111.10944	119.30684	111.48847	124.5463	116.19951	125.00296	133.02769	128.11446	119.55192	120.93504	114.71246	123.0778	90.74292	92.3025	90.94572	83.36677	120.8903	117.26937	102.70592	123.10191	117.32871	62.04303	64.98061	67.59742	71.16336	71.4486	79.49085	79.71256	120.15586	123.62449	127.82874	124.29996	95.69859	92.86497	91.77488	97.47816	157.88428	152.82572	153.95382	157.89895	154.02729	143.13931	141.73625	107.53088	99.44574	109.22253	105.24886	111.89078	96.35917	102.95257	102.30964	61.23849	97.55843	86.32771	93.53641	85.7224	75.609	86.01424	98.58783	91.67939	83.19045	113.91304	73.0165	74.25189	74.10192	60.32124	78.93933	73.63027	75.06689	77.8568	71.15765	76.55177	76.18916	77.15743	69.61576	81.00341	73.42285	71.41418	117.98941	112.12915	116.89582	117.67657	120.4746	131.69992	107.80824	85.21894	94.57526	89.59033	88.13701	115.23256	105.04287	109.88806	110.90826	135.94609	130.87228	124.46922
GH13_9	152.91221	156.04779	140.11148	150.58057	124.62107	125.67831	135.71635	132.85636	133.39803	107.81209	105.77667	105.10181	108.97209	237.57516	226.77041	243.19682	240.12515	140.77197	145.94933	155.20365	150.03535	136.50355	168.56174	162.19716	176.58869	165.92778	217.43288	205.42631	212.2379	127.59672	128.60399	130.1848	129.93183	226.25466	221.38114	222.2525	210.21221	64.75333	62.40907	72.37006	103.80629	100.25956	97.5128	97.75988	161.9898	160.27207	174.79026	157.46531	132.66274	129.51675	135.92485	123.09602	237.4417	223.97384	209.03167	213.30956	210.37776	208.54118	133.8144	130.82119	131.2982	122.1468	143.93874	180.10763	168.14009	173.68924	154.31302	201.75749	188.42567	193.21562	213.83489	166.61301	178.10187	183.58893	216.71509	189.33771	207.93783	195.24359	200.37884	116.15163	106.28836	113.52356	118.48116	94.57836	106.56952	96.0734	209.55408	206.04157	210.67735	195.26514	153.45975	153.74951	151.67146	165.88084	109.81122	107.72854	103.6853
GH14	2.62399	4.10892	5.22376	3.03879	7.37632	11.07165	12.90148	9.93385	17.08951	3.88674	5.02445	5.30758	4.77232	5.03507	7.68189	6.13659	5.00691	14.36631	10.0012	10.72344	13.45525	22.62258	9.21693	6.7398	8.00245	10.35593	10.30832	8.26386	9.51182	NA	NA	NA	NA	NA	NA	NA	NA	2.28335	1.51051	1.15403	4.13548	4.12715	4.85284	2.73955	0.40731	0.42187	1.62668	NA	0.40847	NA	NA	NA	NA	NA	NA	NA	NA	NA	NA	NA	NA	NA	NA	NA	NA	NA	0.37748	NA	NA	NA	NA	NA	NA	NA	NA	NA	NA	NA	NA	NA	NA	NA	NA	NA	NA	NA	4.84492	3.82856	2.9292	5.09906	2.46006	1.44541	2.94767	NA	6.68262	5.15086	4.96688
GH140	357.28892	366.06151	368.42697	343.3968	179.35719	171.78629	163.15265	163.62894	171.02559	294.60339	306.00077	312.32838	317.63521	164.20641	150.44965	161.83627	159.87682	147.09138	172.0411	168.11784	155.77672	148.21485	148.96489	152.23035	165.88771	168.31201	213.25435	227.50025	264.67604	340.34175	330.29118	341.8811	335.99392	242.92917	255.29036	262.08587	241.73571	391.40262	371.17417	359.21702	291.04254	294.55552	304.22558	308.47853	148.34838	140.67094	164.09849	164.71256	147.13928	127.30796	130.69379	130.07932	157.17699	245.79213	253.6329	240.614	225.04902	214.0703	248.63054	236.16926	235.45553	226.88932	232.89986	274.15905	283.80922	290.91882	259.02294	257.89968	254.6965	240.02838	249.19535	74.81189	68.14999	76.04257	109.10967	99.82888	114.12943	92.39849	109.19126	220.96822	188.68752	205.82901	193.39465	264.4903	277.79135	235.55248	101.79837	98.08901	98.24152	98.86906	120.43166	122.95421	126.37112	120.96869	426.64613	451.33501	434.40848
GH141	90.88286	93.35351	93.85657	96.53002	54.6923	54.72532	55.69982	51.56998	63.39465	79.51423	82.94632	79.80306	83.52966	55.7726	57.39883	54.44648	56.67144	57.97025	62.88993	60.05296	62.33492	62.16219	52.36017	56.95544	57.42934	64.05002	86.51928	94.06159	85.34751	101.0351	103.99598	98.1675	88.11073	69.14798	71.57449	75.92205	65.4918	97.89977	104.13451	99.14706	83.58107	83.0451	87.7856	84.86983	39.45083	34.714	41.58238	39.79422	34.00031	40.30685	31.62977	36.83796	33.64911	55.81514	45.82624	55.66316	58.74948	52.84133	64.13113	58.45983	67.19463	67.91188	67.48644	71.98717	68.4076	66.23049	68.00226	50.99751	53.63465	51.47076	47.62122	17.75005	13.94103	13.84739	23.39665	23.00425	24.1325	20.21948	19.37639	39.24336	41.93589	39.71983	40.72049	58.83366	55.72441	48.817	26.95075	22.86352	28.56425	27.01968	22.3124	23.23253	24.16331	16.41218	113.14426	112.86316	118.86369
GH142	74.93467	75.48804	70.56772	72.40226	54.01372	50.51738	60.66734	55.88042	59.42716	55.25839	68.92879	67.89957	65.22538	68.35239	74.5929	63.82392	58.1196	63.05214	63.01663	62.75755	66.48011	82.35406	48.00682	44.58374	45.05424	49.69665	56.88839	56.81749	59.42371	61.94271	58.56222	52.64256	56.77907	44.02342	39.48897	44.06569	38.60186	82.93747	79.1876	63.05792	64.16116	57.233	68.39808	57.35708	35.87608	36.92046	40.37814	42.3023	25.86553	28.55226	25.97701	32.11404	38.09219	40.25889	39.70373	45.85685	40.90754	35.12696	47.82108	55.48515	45.66115	48.74353	51.60832	53.72703	51.33952	54.49949	52.93851	36.31173	34.9575	36.59986	46.39889	22.71457	25.97052	25.23408	20.30772	17.36975	19.11303	17.24219	19.88644	39.95105	46.51799	48.88893	48.48714	64.63265	74.67796	72.46789	16.7167	14.3603	18.38955	17.46954	14.58745	12.1985	15.10212	11.36426	85.02483	85.10379	88.02137
GH143	65.6993	63.45913	68.08191	69.87153	46.14088	46.61315	43.95932	46.59885	52.6813	65.72394	63.00216	73.08095	59.25769	40.06868	38.34706	37.59895	35.38658	50.29599	47.65012	50.35253	46.98894	37.12934	32.29942	36.47197	40.0133	38.64749	55.7781	62.12556	63.86845	59.27883	50.02651	60.3779	62.20889	41.01355	46.00032	37.08733	43.94322	60.24976	59.43376	74.4665	54.53953	57.61	57.82859	63.54913	35.41344	31.09605	35.02465	29.19691	27.66302	24.02231	27.64403	27.32738	NA	36.04852	41.56448	40.28336	39.18927	39.55761	47.87591	44.2714	49.14401	43.85331	45.54883	44.90933	47.56763	45.17996	43.57407	33.47076	29.86678	36.41868	35.23119	15.93033	18.38463	20.07055	16.39401	14.28647	19.62043	16.44643	18.9507	43.09561	40.70298	37.70241	38.5277	53.77383	50.08323	59.81847	24.47664	24.76744	21.61236	35.03408	19.27312	16.84446	12.81821	10.50276	71.94746	72.38204	76.75161
GH144	225.48343	221.1505	212.33696	214.39015	208.61297	182.50582	191.15949	193.23708	199.69303	138.13348	136.13161	152.67321	143.02525	59.20079	62.75074	50.02896	52.31539	135.04803	134.97722	125.49993	131.11379	131.70137	111.00501	120.85027	146.63627	118.72406	82.85493	90.28701	90.0264	160.99872	168.01102	166.42396	167.89284	146.78639	149.1245	139.0557	145.02898	275.6751	272.4153	344.71124	258.28169	248.71194	251.85211	245.83483	395.66879	353.24724	398.59584	383.40112	373.76107	384.39837	383.87885	376.51238	328.76854	198.13912	188.32504	165.43281	184.53703	179.88444	265.36308	267.29437	261.88951	246.21667	245.68735	68.27122	73.88012	72.98868	70.69971	33.02185	36.7493	35.82181	33.41292	102.62047	117.89169	105.29047	77.29874	75.4634	76.03551	71.08619	68.88152	368.17389	342.99635	354.87336	349.74593	260.55113	261.29267	261.10012	176.79952	183.43294	179.58958	173.5517	197.50565	209.84313	204.32489	198.47734	257.9903	252.2273	284.60708
GH145	116.27322	130.21566	117.642	127.54895	87.47556	79.1912	85.60375	81.3593	86.99185	124.51525	128.95388	130.98013	130.29262	61.21149	60.30349	55.33094	51.46883	59.83253	61.53414	60.94429	66.06844	98.45865	49.1895	53.68142	54.91245	64.06482	70.31848	90.16338	89.2804	135.88904	127.386	132.39138	129.90226	100.2476	105.03615	97.76233	99.39515	119.15352	118.29108	126.69405	100.23158	96.04225	106.22922	101.3964	96.27091	85.71315	87.61809	98.28964	91.98	78.07043	89.20002	78.24896	91.53988	93.76626	82.68779	84.2521	84.27989	79.3227	95.46786	94.86503	108.81269	96.48986	78.52728	96.81892	84.81685	80.78972	83.29296	64.79693	69.59673	54.63195	72.43126	27.7304	27.73567	22.12993	40.91034	29.05393	35.09277	38.10139	31.00164	112.91508	102.37391	115.17137	110.22471	120.82477	111.82111	100.67039	68.84817	71.58056	84.10213	60.1876	56.51598	49.04727	59.57222	43.12518	123.19685	133.68292	143.49484
GH146	183.66098	186.10209	187.09724	191.65799	139.46617	134.63689	133.42064	137.73315	131.35777	200.19142	211.42626	212.38274	200.38098	104.55053	106.06737	107.32388	105.38192	127.18307	139.13809	134.45897	133.32795	154.05095	78.5229	84.67758	87.69914	93.34033	122.15636	131.85759	131.05582	200.9636	201.72957	210.53698	214.40995	139.12299	145.48056	137.5021	151.96145	178.94853	194.87822	189.30729	199.2181	194.8726	194.38501	213.09981	234.59799	233.08433	236.09236	249.92925	178.39002	189.24791	187.48992	188.97637	53.37841	249.11215	235.71402	241.11849	249.36515	254.98388	287.54696	294.22088	288.4025	300.94982	298.78129	151.26734	152.48934	140.0148	144.15852	109.53506	107.61651	111.62488	113.54236	98.22355	107.08753	92.06696	107.63561	103.72752	111.54675	104.78626	117.75125	98.51903	83.62117	92.00173	90.09278	105.39299	106.83164	107.76467	101.47766	96.37321	92.81141	105.39124	145.26899	141.50099	159.94218	132.1587	210.93135	207.59057	212.65495
GH147	53.07371	61.34373	52.77286	51.38973	27.49968	35.23529	30.61989	32.93508	35.13162	32.71399	38.32233	37.4909	32.67134	27.89928	21.21529	19.93055	21.39958	16.92922	21.89656	21.40094	19.17877	22.04352	10.78917	15.09013	15.62471	13.70793	21.15645	22.97865	28.62787	53.65276	55.22715	58.11159	51.74677	52.11279	47.95167	47.442	46.14598	24.17539	23.4543	23.31689	20.56883	21.99247	18.0341	20.288	42.39503	37.40809	39.69071	35.34098	37.3321	35.43879	42.12766	34.69819	NA	75.07873	79.38859	77.62002	84.21102	76.10314	67.43802	73.09395	70.19371	70.62989	73.90017	46.6331	38.12652	32.72417	25.81929	21.03946	22.47333	20.73748	26.75844	40.3871	40.03887	33.88315	21.11604	25.31177	23.58219	24.49047	26.59471	28.82731	29.51321	25.77222	24.59259	25.6693	23.18704	19.50801	19.40535	20.00942	18.81047	22.65056	31.58461	28.333	30.91081	34.84843	57.02737	57.44826	55.03274
GH148	3.749	2.2937	2.86892	3.5207	NA	NA	NA	NA	NA	NA	0.27626	0.29237	NA	16.90504	11.56956	13.84453	11.79921	11.37353	10.09979	9.31396	11.78622	21.53067	2.49505	1.22686	1.02134	NA	1.42283	1.15276	1.10239	4.65894	3.13294	4.31625	3.67279	0.58987	2.66323	1.77536	2.10077	0.5802	0.86641	0.88602	1.44168	2.58429	1.14332	1.41259	1.23601	0.64916	0.93032	NA	2.09588	1.89831	1.54734	2.16772	NA	5.75238	3.98408	2.87427	5.27418	1.03548	3.33132	3.78996	2.71625	1.89628	3.02753	3.02565	9.22525	6.70053	8.00934	12.19454	21.52904	14.65121	11.01054	4.68668	4.82762	4.78588	3.64423	7.47438	2.71035	5.1708	3.91311	4.165	3.61094	6.71908	1.83577	1.33546	2.307	4.51196	9.9839	8.07094	3.04896	6.28602	6.89066	1.99296	2.31143	6.61495	5.14509	5.88988	12.77126
GH149	NA	NA	NA	NA	NA	NA	NA	NA	NA	NA	NA	NA	NA	NA	NA	NA	NA	NA	NA	NA	NA	NA	NA	NA	NA	NA	NA	NA	NA	NA	NA	NA	NA	NA	NA	NA	NA	NA	NA	NA	NA	NA	NA	NA	NA	NA	NA	NA	NA	NA	NA	NA	NA	NA	NA	NA	NA	NA	NA	NA	NA	NA	NA	NA	NA	NA	NA	NA	NA	NA	NA	NA	NA	0.2192	NA	NA	NA	NA	NA	NA	NA	NA	NA	NA	NA	NA	NA	NA	NA	NA	NA	NA	NA	NA	NA	NA	NA
GH15	226.78125	211.29615	197.31933	202.9104	112.11478	119.8525	109.2103	108.9855	112.41472	187.01306	179.99518	174.94032	181.02624	73.83101	79.11771	67.82135	70.13225	71.22076	82.92057	82.1882	78.35819	77.21772	65.40831	55.43319	65.01038	69.00452	91.31749	102.69418	93.97752	166.39351	169.79231	164.43046	158.22701	134.99539	131.07049	139.21753	133.80861	193.15139	186.19785	187.46394	131.045	134.40191	140.46452	127.66988	135.72353	150.71609	125.89902	143.43222	113.455	126.1995	135.28555	128.63365	NA	84.53068	74.02853	78.82817	74.36061	56.90305	87.0398	91.57324	99.22883	85.87093	94.29736	104.51008	119.8927	119.51059	106.44111	90.85209	98.72229	101.52727	115.84488	68.52293	68.39173	69.32524	61.46511	61.05971	53.21899	64.85267	49.47761	148.75635	154.46311	148.27398	161.5134	168.62277	160.76983	156.2612	85.45852	89.55103	82.73428	94.71227	94.5178	80.24926	83.53795	65.51521	212.67422	224.24103	194.54999
GH150	NA	NA	NA	NA	NA	NA	NA	NA	NA	NA	NA	NA	NA	NA	0.05392	NA	NA	NA	NA	NA	NA	NA	NA	NA	NA	NA	NA	NA	NA	NA	NA	NA	NA	NA	NA	NA	NA	3.34835	3.91536	6.33884	2.53559	2.68823	2.46119	2.61808	NA	NA	NA	NA	NA	NA	NA	NA	NA	0.93427	0.36459	0.9391	0.36355	1.00499	0.50284	0.34613	0.16729	0.45952	NA	0.06116	NA	NA	NA	NA	NA	NA	NA	NA	NA	NA	NA	NA	NA	NA	NA	NA	NA	0.05792	NA	NA	NA	NA	NA	NA	NA	NA	NA	NA	NA	NA	NA	NA	NA
GH151	1.90631	1.97535	1.44526	4.61781	6.16785	8.93916	7.05037	6.02008	9.14578	3.61777	3.50549	3.0081	4.18253	13.14944	10.99488	5.60617	11.73659	9.83292	7.85776	10.40299	12.95329	12.93839	5.71757	4.03623	1.94653	2.57743	4.18354	2.15182	1.8765	9.64466	6.35933	4.35846	8.16908	3.53315	3.75527	3.3055	3.72334	1.58349	0.3594	1.1026	2.04407	1.91115	1.93549	3.65205	1.60741	1.2298	1.92955	1.58646	2.73931	2.04637	1.70931	2.7919	NA	4.43977	4.09696	2.01147	2.10993	1.39633	1.95417	4.85125	1.91438	2.76502	7.29995	3.41988	4.48214	5.52224	2.07247	1.82249	1.33935	1.75289	1.16396	4.28929	6.47841	1.00184	2.49498	2.13532	0.86043	1.83195	0.81439	0.97159	2.16583	3.92773	1.59074	2.50038	2.65538	NA	3.44738	4.773	4.12796	4.14887	10.38077	7.75684	6.6034	NA	2.44884	1.86263	NA
GH153	0.20367	0.20293	NA	NA	0.96317	0.67186	0.20117	0.6599	NA	NA	NA	NA	NA	0.53284	0.29552	0.62514	0.60371	0.42116	NA	NA	NA	NA	0.2098	NA	NA	NA	0.65436	0.58243	NA	1.59403	3.96155	0.17505	3.09825	3.18115	3.11421	0.88498	1.464	NA	NA	0.62807	1.44884	0.49608	0.7939	NA	0.22081	0.2287	0.30919	NA	0.44288	NA	0.15506	NA	NA	2.42247	2.82133	3.91049	4.36734	3.11082	0.36368	NA	1.63467	0.62819	2.2296	NA	NA	NA	NA	NA	0.42513	NA	NA	0.24152	0.48693	0.28533	0.23062	0.82491	1.03545	2.06031	1.4461	3.32511	2.80998	1.41853	1.92521	NA	0.57117	NA	NA	NA	NA	NA	NA	NA	NA	NA	0.20101	NA	NA
GH154	331.86969	360.51722	348.71822	324.74701	300.35313	282.19892	288.44797	286.04599	308.99178	367.13301	403.81139	403.07859	384.67498	103.40276	117.52403	107.13912	109.1605	179.54613	186.10876	193.38183	184.41272	154.16523	107.84776	123.25554	116.50481	134.75534	149.15817	153.49882	140.12545	232.12198	240.63258	223.76854	222.43707	188.3792	180.92141	177.79391	162.93939	297.19327	294.65266	354.31288	276.06088	268.35483	281.72739	266.97279	237.61277	187.83027	231.36292	220.82017	206.13804	206.292	214.72414	185.20308	133.41913	173.11444	169.66478	173.37818	164.72782	138.9226	202.64861	208.48633	228.95074	224.21523	203.23851	152.01072	158.33031	174.88271	158.61853	155.07134	125.2494	121.92388	138.5445	91.99538	88.26554	90.91598	95.32613	76.21776	90.50057	86.17122	85.29978	316.28161	316.01401	317.66226	339.27966	314.54704	368.69703	347.50175	216.74049	232.62315	216.21271	218.58957	198.68939	200.69259	199.76518	184.79746	379.36654	398.14775	385.6681
GH156	5.84557	7.07996	5.91397	6.27652	17.92696	20.16893	20.59704	20.05969	18.8641	7.32239	8.55461	7.74709	6.63009	3.353	4.01804	2.64131	5.17318	5.74584	7.30571	7.25677	7.12835	3.33817	0.29684	0.29834	0.23634	NA	0.12794	NA	0.09475	1.43188	2.68894	1.3692	1.17025	1.41032	1.5943	1.43939	1.63699	10.10832	6.73033	6.44712	8.74439	11.41601	8.48423	9.85056	1.44565	1.46601	0.6827	2.41973	1.79982	0.9032	1.15446	0.70355	NA	2.22918	0.73892	1.85605	2.32853	2.61747	0.78941	0.96781	1.38026	1.1753	2.20439	0.31575	NA	0.42349	0.34106	0.83029	0.5697	0.10927	NA	3.20255	4.88814	2.24979	1.40658	1.82429	1.70239	1.54702	1.3162	1.84968	2.67789	2.21167	1.15912	9.11063	9.46669	10.7343	2.10406	1.47386	1.67662	1.90282	2.94241	2.66171	3.176	2.21183	3.74904	4.53629	0.39796
GH157	NA	NA	NA	NA	NA	NA	NA	NA	NA	NA	NA	NA	NA	NA	NA	NA	NA	NA	NA	NA	NA	NA	NA	NA	NA	NA	NA	NA	NA	NA	NA	NA	NA	NA	NA	NA	NA	NA	NA	NA	NA	NA	NA	NA	13.01027	10.76014	11.21216	10.202	5.9394	2.81315	5.13827	5.09268	NA	NA	NA	NA	NA	NA	NA	NA	NA	NA	NA	NA	NA	NA	NA	NA	NA	NA	NA	NA	NA	NA	NA	NA	NA	NA	NA	NA	NA	NA	NA	NA	NA	NA	NA	NA	NA	NA	NA	NA	NA	NA	NA	NA	NA
GH158	59.20564	51.78424	61.15551	64.44909	26.41079	28.31184	26.34539	24.90578	28.18325	24.21363	18.97519	20.92502	19.2219	1.02716	NA	1.0825	0.45859	NA	NA	0.37919	NA	NA	4.1014	5.2999	4.50581	4.08658	3.34587	4.01969	4.45726	46.90136	40.34577	49.29567	44.68105	41.63167	41.2455	36.55189	30.62034	81.88775	64.98988	68.81909	55.95815	43.30706	46.92697	54.70803	59.11449	63.77284	61.63006	59.94281	59.94166	70.62514	59.68773	57.74594	135.6668	16.96195	24.71735	19.28956	25.08444	14.51572	24.60514	17.31363	33.07001	30.88971	32.64692	NA	NA	NA	NA	NA	0.39132	NA	NA	20.63321	12.22242	11.298	20.55648	14.73439	16.67631	17.30498	17.92832	72.7975	64.82385	71.68277	68.27746	48.30625	50.87717	57.85432	28.9994	33.24329	38.57007	35.32223	12.24161	10.48147	14.11504	18.71423	68.41693	68.70929	87.65824
GH159	15.54081	10.87895	13.42609	6.57901	32.50508	29.35684	26.91529	29.34527	26.13369	11.483	8.89455	9.47076	9.25607	16.0198	10.71524	14.35858	15.67708	30.2688	29.19442	29.71962	28.24265	29.67682	26.07556	27.94918	23.01832	25.61121	6.96689	6.03181	7.02169	7.17687	6.26065	8.59106	6.83035	1.75459	0.46082	1.47838	0.75431	7.40099	8.02303	9.30778	10.74842	10.76852	10.38247	12.33613	10.51715	10.97649	10.61645	5.92071	7.81322	8.39928	3.84531	5.57144	NA	9.09051	9.03428	10.56621	10.29478	10.42508	12.19329	14.12733	9.70772	13.51817	19.7228	0.97724	4.16965	1.53779	0.76769	2.07059	1.16325	1.12987	3.38818	22.24297	23.7204	26.84456	10.93564	14.17719	10.29624	9.88929	8.19681	24.37196	17.60445	21.24128	20.69578	33.47467	30.99627	32.00478	5.26631	4.24765	8.90417	4.54597	8.68237	6.88339	8.58571	7.2006	6.91339	5.64798	13.43959
GH16	903.49344	978.77524	991.68772	995.18528	880.73066	855.15576	896.14485	838.20331	811.49318	894.00681	888.06416	882.16846	856.91443	525.08729	511.72442	589.08717	542.36769	615.38792	615.12913	697.0123	686.3855	545.45774	564.53241	576.65622	595.6684	659.39697	578.17214	525.55731	608.31881	707.48992	694.22016	781.28685	753.70494	574.94518	594.73003	633.58545	534.1742	591.28053	565.20352	519.34392	696.78695	703.14356	672.41893	670.60988	560.59518	540.90435	607.89119	641.0922	668.7021	627.07478	634.58324	641.99048	1317.46048	600.7189	500.09958	544.35283	545.02645	507.0219	668.22736	659.1422	658.37162	648.45393	659.15416	562.61231	511.11016	517.25711	544.60714	610.83277	557.52947	574.10723	598.40828	466.68326	392.96871	439.5073	477.08158	444.3093	488.47542	442.11835	584.2775	960.0165	971.11458	994.16501	1064.23858	1077.66397	1047.1041	1250.79354	614.70113	590.58865	619.33339	553.53579	478.64393	519.89525	509.95234	446.3659	971.3997	966.37002	931.365
GH161	8.36201	9.55234	7.8709	10.28256	4.04319	3.56991	4.76142	2.12623	2.72382	2.45758	0.40452	2.10684	1.97978	5.84795	6.32121	6.21611	9.7856	6.51345	5.38344	8.49372	7.82179	9.39965	6.46393	5.30783	9.95645	8.66515	11.26343	12.29927	8.04906	5.9622	9.71793	5.45004	10.31442	16.14546	14.49427	13.7323	14.09949	8.60494	10.48659	13.98106	5.61822	4.00023	4.06457	3.80715	13.05797	11.03412	16.54107	16.61127	16.21041	14.80015	15.43966	17.16681	NA	3.14334	3.48437	6.68347	4.35953	3.09152	4.26409	4.58586	4.03156	4.41079	7.22194	11.54	11.11315	11.57242	12.10422	73.32304	78.1158	79.45559	81.0036	10.03774	12.58923	11.85342	57.40039	50.07796	51.50871	46.43593	49.89156	21.04811	25.78235	20.10843	27.54644	16.87119	17.71047	17.25115	10.85462	14.75846	12.66221	14.02441	13.9777	15.55145	15.28312	16.47352	10.61064	8.13366	7.79717
GH163	58.0644	53.85762	51.12753	59.20079	35.12192	37.34303	31.0549	40.79101	38.61046	23.53393	25.8348	23.47498	26.87548	15.28762	17.73325	14.25195	16.71416	21.42991	23.24495	26.05727	22.57233	42.23855	30.22683	23.2037	27.73142	27.70835	29.97118	28.25251	32.94637	37.45939	44.08555	41.72059	39.54965	21.5449	19.88223	18.85346	24.93651	10.95789	11.68358	15.12273	19.28589	23.92037	19.60433	19.22929	10.75501	9.39192	9.49968	11.65596	14.65505	13.60584	16.58453	17.3862	NA	25.77441	20.31313	19.86369	19.71979	30.90739	25.31376	23.19692	24.18849	31.95477	19.85246	36.73563	36.22491	31.81736	23.3586	26.97586	29.57858	33.76303	27.74273	14.82052	20.96484	18.88664	12.48335	13.05336	14.8882	15.78059	13.10726	33.42474	28.30568	39.5715	21.86443	43.50561	39.81189	31.44284	14.42004	11.3102	12.57969	7.57514	13.97673	17.2379	13.2806	13.8584	59.73806	55.31992	43.50668
GH164	2.29823	3.4911	1.74451	3.36236	2.38955	2.2459	3.00959	2.27679	1.99994	0.59883	0.15106	0.37201	0.07779	1.23331	1.55544	1.05812	1.0616	2.91469	1.80533	2.51746	3.17586	4.94478	NA	NA	NA	NA	NA	NA	NA	1.22376	1.05895	1.77802	1.37627	1.17513	0.7796	0.71338	0.33028	3.78597	3.31929	1.85878	1.12518	1.20472	1.38794	2.20908	1.28817	0.92274	1.19322	0.63787	0.77062	1.1733	0.66756	0.96867	NA	24.66726	22.69602	22.45022	20.31816	22.09796	6.826	6.62427	7.76411	4.53476	10.20307	0.08472	NA	NA	NA	NA	NA	0.09692	0.15243	1.57486	1.03737	0.64923	1.26097	0.88609	1.86828	1.50953	1.06759	4.45268	5.35881	7.41131	7.23226	6.81988	7.30295	5.67413	0.41722	0.53678	0.08359	0.37668	2.21261	2.6838	1.82042	0.79917	1.79716	0.93611	1.62858
GH165	41.77907	42.00937	42.082	38.49575	28.37645	28.21755	25.84694	29.0424	27.85599	54.67368	51.55122	52.68713	52.55532	30.35896	30.21109	27.03389	32.35421	13.97704	15.35698	11.47703	15.79153	7.31149	25.98742	30.49729	22.39922	30.87387	38.3136	44.6452	38.14574	59.31858	57.76694	65.8303	61.72193	38.02222	43.95304	32.76233	38.22453	68.94408	73.13807	61.82177	62.62279	62.82412	57.54278	63.85449	16.14014	13.46062	12.92053	12.77574	11.66777	13.90294	10.65886	11.11446	NA	2.30363	1.50205	1.09731	1.56373	3.19243	0.83838	1.52691	1.21098	1.03822	NA	49.52888	55.92596	54.03931	51.26076	34.48641	34.35117	38.46802	39.26067	9.67948	9.13966	7.35934	17.20359	16.33007	15.85177	13.62277	11.58049	26.00506	24.62964	23.00925	25.5055	44.63697	39.24904	35.80516	19.86778	18.36243	22.06323	18.21711	23.40871	23.92586	24.9801	23.78542	53.45162	50.17905	51.4139
GH166	4.70118	2.90054	4.00207	2.26649	7.74268	3.41437	2.96864	4.79247	5.83497	6.4446	7.40003	5.00351	6.80555	7.90795	6.0063	6.47755	6.749	9.07021	7.83985	9.90085	12.00657	27.04843	4.60064	4.91471	2.8414	3.89208	5.69455	5.00617	7.3288	2.91438	5.86213	4.25826	5.75078	11.91989	12.32063	12.97779	8.31275	2.48453	4.0769	0.68913	4.28153	2.68756	2.88644	3.30572	1.49217	3.01173	1.92066	1.3031	4.13159	5.54396	3.39649	4.73356	NA	7.0546	5.82428	8.71025	8.60729	4.2714	8.83039	6.48484	4.62624	12.92708	7.33662	5.79074	7.83247	4.97803	8.8105	9.137	9.14458	8.00949	7.85764	17.36304	16.4145	12.36206	7.47806	9.17372	8.02006	13.21624	10.71441	21.23585	27.78107	27.30907	29.48967	13.35329	17.8367	20.06632	12.67779	12.3818	12.42682	18.34124	20.45236	17.82594	17.92216	19.36084	7.47844	5.49527	8.88858
GH167	NA	NA	NA	NA	NA	NA	NA	NA	NA	0.13844	NA	NA	NA	3.53261	3.47692	2.82425	4.78583	2.49065	2.53895	3.04222	3.61522	2.64557	0.29161	0.58618	0.69656	0.13364	NA	0.06753	0.06629	NA	NA	NA	NA	NA	NA	NA	NA	3.77941	4.43172	4.553	1.68249	2.81705	1.85681	2.34788	NA	NA	NA	NA	NA	NA	0.14359	NA	NA	2.22704	1.85018	1.70874	1.61562	3.32063	1.34978	0.58516	0.77765	0.80506	0.96913	NA	0.31134	0.07613	1.22081	1.47357	1.36531	1.32466	1.18607	0.61965	1.25168	NA	0.88755	1.08498	0.89036	1.82087	1.18137	NA	NA	NA	NA	NA	NA	0.25338	1.7813	2.11705	2.23966	0.86364	4.4135	4.83758	6.54966	6.13814	NA	NA	NA
GH16_12	NA	NA	NA	NA	NA	NA	NA	NA	NA	NA	NA	NA	NA	NA	NA	NA	NA	NA	NA	NA	NA	NA	NA	NA	NA	NA	NA	NA	NA	NA	NA	NA	NA	NA	NA	NA	NA	NA	NA	NA	NA	NA	NA	NA	NA	NA	NA	NA	0.30751	NA	NA	NA	NA	NA	NA	NA	NA	NA	NA	NA	NA	NA	0.68804	NA	NA	NA	NA	NA	NA	NA	NA	NA	NA	NA	NA	NA	NA	NA	NA	33.34374	38.70379	38.07106	44.83761	45.89614	38.03971	47.1773	NA	0.21649	0.10661	NA	NA	NA	NA	NA	NA	NA	NA
GH16_15	NA	NA	NA	NA	NA	NA	NA	NA	NA	NA	NA	NA	NA	NA	NA	NA	NA	NA	NA	NA	NA	NA	NA	NA	NA	NA	NA	NA	NA	NA	NA	NA	NA	NA	NA	NA	NA	NA	NA	NA	NA	NA	NA	NA	0.24006	NA	NA	NA	0.48148	NA	NA	NA	NA	NA	NA	NA	NA	NA	NA	NA	0.23457	NA	NA	NA	NA	NA	NA	NA	NA	NA	NA	NA	NA	NA	NA	NA	NA	NA	NA	41.22963	39.24126	42.39275	43.33416	50.33718	44.67048	42.94641	0.24995	NA	NA	NA	NA	NA	NA	NA	NA	NA	NA
GH16_16	NA	NA	NA	NA	NA	NA	NA	NA	NA	NA	NA	NA	NA	NA	NA	NA	NA	NA	NA	NA	NA	NA	NA	NA	NA	NA	NA	NA	NA	NA	NA	NA	NA	NA	NA	NA	NA	NA	NA	NA	NA	NA	NA	NA	NA	NA	NA	NA	NA	NA	NA	NA	NA	NA	NA	NA	NA	NA	NA	NA	NA	NA	NA	NA	NA	NA	NA	NA	0.22827	NA	NA	NA	NA	NA	0.21022	NA	NA	NA	NA	51.34281	52.26882	43.71589	48.83606	53.71646	55.34005	74.17836	0.20957	NA	NA	NA	NA	NA	NA	NA	NA	NA	NA
GH16_17	NA	NA	NA	NA	NA	NA	NA	NA	NA	NA	NA	NA	NA	NA	NA	NA	NA	NA	NA	NA	NA	NA	NA	NA	NA	NA	NA	NA	NA	NA	NA	NA	NA	NA	NA	NA	NA	4.36343	3.95746	9.5279	3.48056	2.62803	2.15249	1.92693	NA	NA	NA	NA	NA	NA	NA	NA	NA	2.19022	1.41191	2.71251	2.59114	2.15726	1.09417	1.2351	1.39135	1.84627	2.40159	NA	NA	NA	NA	NA	NA	NA	NA	NA	NA	NA	NA	NA	NA	NA	NA	NA	NA	NA	NA	NA	0.21454	NA	NA	NA	NA	NA	NA	NA	NA	NA	NA	NA	NA
GH16_21	NA	NA	NA	NA	NA	NA	NA	NA	NA	NA	NA	NA	NA	NA	0.25547	NA	NA	1.06632	0.97001	2.14138	1.19239	NA	2.81152	3.0874	5.71438	2.08962	1.17657	1.36849	1.22477	0.59562	0.95575	NA	NA	0.25152	0.25029	NA	0.82247	NA	NA	NA	NA	NA	NA	NA	7.99356	12.48976	10.25676	8.49284	11.37877	9.73389	10.13524	7.46973	NA	6.8792	7.30653	7.15858	3.56158	12.76758	6.63407	5.12218	6.21405	7.99084	8.8606	0.28469	0.2905	1.29436	1.36693	1.91178	3.05497	2.61719	2.28241	1.75704	1.69481	1.46257	3.16909	0.57272	1.40774	1.8979	1.13922	NA	0.55615	NA	NA	NA	NA	NA	5.45026	7.77045	5.79729	7.33271	7.31695	5.03387	8.66573	8.37972	NA	NA	NA
GH16_24	8.50711	4.95928	7.20191	5.47815	17.02822	13.36379	17.82542	15.99284	15.05737	3.89106	3.87095	2.95491	3.98986	0.63821	1.26717	0.4167	2.45861	4.29183	2.55836	6.77754	5.739	5.0	0.22732	1.36508	1.08446	1.03826	1.84883	0.81371	1.8526	0.19784	NA	NA	NA	NA	NA	NA	NA	6.71242	5.44497	7.07364	8.35354	9.38137	7.55453	6.08554	0.88329	1.58952	0.87652	1.16985	1.54542	0.68356	1.97882	1.81012	NA	2.93061	1.91969	2.05771	3.08304	2.34195	2.83378	1.1266	2.8421	3.11021	1.4864	0.22167	1.37945	0.44474	0.73726	0.48366	0.46918	NA	NA	2.45874	3.72043	2.88169	2.12137	1.48254	0.70787	1.68956	0.93717	1.36977	3.4858	4.10688	4.3515	14.30125	15.30756	9.6808	2.11879	0.95799	0.46874	1.59294	3.48545	1.83725	2.10745	NA	5.10707	4.68733	4.59252
GH16_3	161.93688	184.8731	179.15596	166.28987	137.12166	122.33483	136.01657	123.00567	125.51992	162.23582	159.35855	147.67913	147.5871	106.74523	103.32598	107.2703	102.96023	132.71093	129.20289	143.17626	134.27431	107.53194	94.20372	88.50587	81.60614	102.99098	104.17487	97.24479	95.4304	122.15522	117.478	123.55566	123.00597	93.81173	97.73039	98.65911	80.43605	102.94313	97.94573	78.52377	107.6418	112.4839	97.87701	113.29454	109.62862	124.43154	120.94618	132.63079	122.09804	122.02524	116.01725	123.27765	93.9665	117.84689	106.24982	104.11983	108.97784	133.2142	133.66307	139.33268	137.37893	128.56165	155.92764	93.83808	82.7302	86.45811	95.148	101.92743	107.07476	102.15818	123.80631	67.50336	60.45775	71.64041	76.87964	72.66789	68.83938	70.76458	74.82591	115.52858	112.94023	129.98114	130.4637	118.73462	119.73572	115.99022	102.63199	113.07433	104.67616	102.0493	82.1444	91.69764	81.56995	82.21799	171.35693	174.37723	179.24462
GH16_6	4.2239	3.45815	5.62045	4.25201	7.47666	8.99236	9.98418	8.26989	7.66647	6.72644	6.79759	4.3691	6.30541	1.02224	0.52408	0.39648	1.30558	4.20965	1.5498	3.04419	2.77464	3.89087	0.431	0.19387	0.34317	0.19805	0.3501	0.19418	0.58881	3.4635	1.84809	2.44623	3.06035	2.27938	2.09621	3.4927	1.91581	1.45076	2.94156	1.07508	3.46965	3.62517	2.90958	4.27633	0.71237	NA	0.60499	0.74545	1.99006	1.53343	1.90011	2.2802	NA	NA	0.55465	0.21547	0.22314	NA	0.61896	0.57147	0.9155	3.26393	1.15436	NA	NA	NA	0.36674	NA	NA	NA	NA	0.83642	1.11129	0.93141	0.77843	NA	NA	0.84394	1.16872	4.83052	4.77924	8.35652	4.00785	2.87182	2.52258	3.11656	2.26965	2.96679	1.86111	3.60025	2.09586	1.13043	2.3242	6.28465	9.08525	7.71417	4.06348
GH16_8	NA	NA	NA	NA	0.19876	0.49806	0.19866	0.79496	NA	0.20921	0.41668	NA	NA	NA	NA	NA	NA	NA	NA	NA	NA	NA	NA	NA	NA	NA	NA	NA	NA	NA	NA	NA	NA	0.30968	NA	NA	NA	NA	NA	NA	NA	NA	NA	NA	NA	NA	NA	NA	NA	NA	NA	NA	NA	NA	NA	NA	NA	NA	NA	NA	NA	NA	NA	NA	NA	NA	NA	NA	NA	NA	NA	NA	NA	NA	NA	NA	NA	NA	NA	0.2216	0.1128	0.44261	NA	0.34639	0.22795	NA	NA	NA	NA	NA	NA	NA	NA	NA	NA	NA	NA
GH17	0.99998	1.49437	1.32393	0.67347	NA	NA	NA	NA	NA	NA	NA	NA	NA	NA	NA	NA	NA	0.34701	0.51296	1.36941	1.87883	2.01244	1.30415	1.12366	0.88968	0.51241	0.16889	NA	NA	1.17111	1.33325	0.66467	1.0615	0.51259	0.51068	0.67746	0.49581	NA	0.17084	NA	0.16878	0.69073	0.16732	0.24567	2.38709	2.47241	2.37099	3.66348	2.39101	1.7101	2.37741	3.21047	NA	0.55393	0.38428	NA	0.76837	NA	1.4126	0.5471	0.17664	0.54553	1.82269	1.5633	0.20042	0.19602	0.31435	0.19763	0.2068	NA	0.55514	0.79329	0.60107	0.93929	0.75554	NA	0.59702	0.58751	NA	NA	NA	0.18299	NA	0.9564	0.94458	1.94043	0.37644	0.38256	0.56532	NA	0.18521	NA	0.93657	NA	NA	NA	NA
GH18	636.4931	656.0905	659.36528	678.58538	596.41534	582.96825	597.52421	591.17822	632.33804	527.48259	532.69546	545.96422	536.42221	464.33932	460.31907	453.36323	430.52147	500.3434	530.10799	493.52959	515.97906	603.76884	398.76936	412.96453	432.6457	442.38108	523.13396	550.72668	566.97887	684.86551	700.1777	702.28537	689.86922	592.88455	599.48372	623.60367	580.71576	603.61036	592.97075	629.2164	652.15395	646.61682	647.97154	680.80647	552.72724	511.33545	555.54968	565.75731	571.546	585.26617	627.4115	603.34668	614.13622	567.59859	595.4328	584.69578	577.87285	605.51612	545.50953	556.23743	534.27211	532.51239	572.89058	472.51209	466.18242	452.57439	459.96786	428.25497	422.65849	429.05429	405.29107	385.96203	412.9712	387.41062	372.79558	355.97661	364.80361	363.40378	336.32576	637.05535	644.74135	638.32841	618.73845	596.28809	592.52718	591.1313	509.58589	534.02833	503.56054	510.57554	486.87084	490.19779	496.06969	494.21576	678.40559	707.35478	749.35737
GH19	NA	NA	0.73795	NA	NA	0.26128	NA	NA	NA	NA	NA	NA	NA	0.81362	0.54039	3.66483	1.17278	3.27266	2.14778	4.35751	1.57067	3.18157	0.8744	0.29589	NA	1.07126	0.24324	0.51506	0.26771	0.52793	NA	0.46703	NA	1.29781	2.08989	2.98418	1.85096	NA	1.03231	1.58353	1.48681	0.65902	1.53098	1.09233	NA	NA	0.28161	NA	NA	NA	0.80393	NA	NA	0.82378	1.90056	1.65086	NA	NA	0.54504	2.44154	1.92367	0.56035	NA	0.93995	0.64268	0.62859	0.47734	NA	NA	0.27162	NA	NA	0.3119	NA	1.24388	1.50026	1.09849	0.24975	1.67891	3.30828	1.40271	3.59426	1.57899	NA	NA	NA	7.44481	8.41673	8.66764	6.06605	21.18315	18.32484	17.85322	22.93879	0.7329	NA	NA
GH2	3372.09369	3451.71853	3391.65841	3238.89462	3474.98287	3373.61542	3442.65717	3370.47675	3433.05552	3633.9137	3572.65676	3748.89618	3642.15563	2119.1514	2137.42052	2082.26701	2129.45411	2712.61541	2794.01646	2781.10514	2783.81117	2784.03101	2046.48163	2060.159	2056.01643	2263.03082	2496.16441	2733.39875	2780.94058	3666.72307	3705.07215	3733.09345	3679.05233	3170.68174	3135.61887	3189.22685	3158.2455	3352.18211	3378.99845	3407.34354	3136.98376	3106.574	3201.85482	3181.28671	3052.04141	2836.10811	3082.05866	2962.17583	2994.81433	2891.48079	2937.93647	2933.4517	2238.75066	2755.62218	2721.93548	2717.11143	2674.1696	2726.72589	3059.24241	3031.68892	3050.47053	3043.05158	3023.94313	2697.53252	2647.22611	2631.33938	2516.8395	2430.22697	2347.17897	2274.42839	2368.6482	1867.1098	1820.98088	1756.46127	1953.87957	1820.60291	1913.88343	1874.93438	1869.94578	3447.18861	3466.01159	3521.06641	3445.53633	3477.05031	3630.35071	3492.32142	2504.4606	2529.16644	2486.02764	2404.61366	2435.08806	2426.01521	2445.12082	2339.6004	3833.75821	3933.80411	3941.3584
GH20	1806.24674	1797.35965	1734.23697	1699.12638	1687.84127	1651.49914	1641.34409	1640.02057	1721.31642	1840.38673	1848.38726	1881.80876	1903.84807	997.8692	1063.34344	1044.18607	1067.78496	1206.6218	1257.6179	1273.03188	1236.29949	1250.00373	1135.48238	1164.4905	1223.54144	1261.2397	1200.1481	1322.12551	1404.26797	1810.77441	1760.34451	1804.47646	1715.79839	1411.00236	1454.38045	1459.68077	1424.70378	2340.24189	2329.65022	2357.67286	2117.13038	2095.02806	2200.76274	2183.85288	1180.92881	1014.48537	1153.87926	1126.51537	1134.82865	1137.81735	1151.17956	1117.03164	784.35423	1130.63159	1139.8159	1157.56504	1128.54996	1075.7204	1215.22099	1197.53003	1199.12178	1200.90362	1228.20101	1193.47823	1127.81066	1156.34866	1072.23986	950.34322	894.19148	902.14699	919.42181	711.43062	684.2234	663.46375	756.63346	716.23904	746.63534	768.3974	731.11271	1564.05253	1532.05342	1554.78545	1579.06173	1728.70986	1781.54677	1792.16225	1046.70062	1029.42942	1058.31605	1017.58397	1197.08288	1129.61269	1169.82744	1165.34866	2042.03604	2081.6958	2015.49122
GH23	677.97037	695.36163	639.18308	653.63989	601.92746	636.30446	609.66577	605.62075	584.17507	570.66487	585.16709	621.80321	583.08094	526.72044	531.97112	554.17984	537.25302	624.91689	632.3252	676.39524	653.99956	641.99368	388.35705	400.48538	411.50092	434.74517	463.53187	491.47558	484.37759	671.72243	661.69435	647.8184	642.60121	592.10123	595.82934	600.59491	611.89079	607.35456	583.37568	616.20956	623.56804	642.64205	631.91719	598.84926	557.87822	484.47485	532.45679	568.70929	508.94163	499.87849	522.4533	506.65125	503.7585	507.01372	511.78147	556.35931	510.27004	485.67725	522.39243	505.75361	522.93511	476.17081	547.01242	474.10336	458.00445	479.42685	486.5811	438.02505	440.71387	448.30899	473.2878	547.14554	567.08411	529.87206	496.2723	481.44249	471.57375	494.82771	499.65471	563.36474	521.77775	533.60595	517.76536	524.02909	516.22827	440.07921	514.98441	493.48249	472.23143	496.1978	549.07329	528.27245	552.4507	554.17743	649.23449	652.16705	647.37709
GH24	363.23806	360.56281	357.11752	387.33894	366.62382	369.66913	344.87424	331.21494	329.20249	365.0867	354.89144	358.61632	332.91656	295.35068	317.29244	355.16284	313.44935	332.18464	333.68807	343.09733	325.33691	306.83836	131.58138	121.23322	135.29514	146.78823	155.00316	142.11178	143.24165	312.81774	331.63388	318.62328	333.46481	278.92447	310.15423	303.65846	294.03204	224.40644	226.09689	213.91975	204.65762	206.41993	208.59277	228.79212	267.45976	252.37294	281.47743	258.51122	231.6345	215.29359	214.29235	240.83507	73.9553	277.40788	237.66867	249.98939	239.00214	264.6667	267.90765	249.185	263.00118	252.9818	278.12253	212.69628	211.44036	187.84845	205.11634	233.90788	219.91992	229.48917	216.61161	185.48211	192.55322	185.16248	190.13312	177.24353	175.8377	194.58943	181.3258	125.31957	119.5925	114.97355	130.78539	145.16645	123.2344	119.24834	282.55742	264.1029	277.21155	281.23033	288.0909	284.86694	296.81416	222.6305	367.11165	367.1844	355.44473
GH25	389.45983	414.61472	380.85147	387.81707	401.20006	406.78957	392.65473	409.88515	426.01658	431.02455	416.53951	453.09544	426.93064	563.88015	541.43397	549.79824	556.99738	536.93909	566.19908	515.38356	548.73266	536.79892	528.74982	540.28565	533.6316	519.03252	512.44159	556.54233	571.88533	438.46969	451.75295	445.9762	430.87112	497.5777	497.98047	520.79902	487.35479	391.04111	373.55378	344.20399	419.53181	415.91766	436.32599	447.07221	390.56526	372.78009	390.02669	381.70101	434.26232	420.96297	425.24934	397.69703	381.85988	635.10029	623.14002	595.3066	615.15059	596.55952	514.20419	557.42331	517.05738	533.4898	467.54005	322.33219	331.35689	340.52739	290.3769	397.21135	393.51677	389.01422	446.05196	409.17108	447.49562	405.88836	486.72189	487.00965	514.18444	472.81243	500.05403	415.91314	401.99137	422.20853	449.02536	406.50814	421.51216	471.43698	569.15172	562.02536	572.89834	543.02998	438.006	437.15073	455.72472	411.41429	419.10467	417.47302	408.6926
GH26	116.48735	117.61029	114.31133	123.2705	139.73344	136.96932	143.138	149.65022	148.25361	127.92832	137.53616	129.12508	131.44931	105.44707	106.65407	100.62878	120.11533	209.54834	208.78558	194.2041	190.13347	198.55203	104.64486	125.58958	113.19189	124.00792	77.44008	81.30625	93.70495	198.19304	204.0214	210.56951	202.80537	165.96256	161.3188	156.32899	162.94771	107.13829	110.47295	94.08458	84.46789	92.46346	90.45225	93.55832	271.47646	261.44555	261.11823	276.44226	240.85306	239.83082	240.78339	240.44422	53.93683	136.39816	130.32461	128.49994	126.57136	140.61648	156.68332	159.33854	170.40164	170.42199	163.9193	126.48697	128.11867	135.10864	107.23473	128.42366	133.14063	135.8267	132.01392	141.9104	138.24501	133.59384	123.09486	116.19761	135.08646	122.26383	121.68904	216.2931	219.6645	223.59191	212.67238	178.7608	175.85588	186.98189	178.9734	190.88914	185.63493	187.27998	179.74128	181.08992	167.69513	176.74558	148.3136	148.12249	155.04499
GH27	245.17542	239.8571	248.63125	223.99231	243.3415	236.87744	245.12844	242.39421	250.67449	325.43787	297.21218	321.78505	324.17797	197.67071	178.89502	182.02007	174.36083	191.36222	210.99783	209.41972	200.84233	195.25077	151.56046	140.74123	178.01899	177.74817	137.36263	151.83647	154.49002	265.62373	251.01046	249.08544	250.11551	215.51874	205.462	206.56865	200.75488	324.93356	310.54226	372.91188	268.40803	274.04344	265.26639	267.41048	264.11296	250.5055	256.42595	259.82653	291.65288	262.60221	294.80875	305.4661	260.2259	199.30614	203.74339	212.8019	208.04316	207.85567	222.55766	214.69669	226.50643	225.74185	253.56508	240.51215	245.15777	242.92655	218.0726	229.26192	235.48041	220.8291	235.4108	127.63623	125.93047	112.57629	109.39886	105.47039	113.43536	112.49572	101.32201	266.05003	266.16304	266.59796	268.35128	229.43664	239.73171	257.62024	134.19903	139.53077	138.66198	131.86202	147.66835	148.22396	158.65536	166.19017	276.15242	263.88982	260.61385
GH28	1388.21158	1454.0366	1401.99643	1353.63356	1011.02545	969.27242	988.90411	965.9983	1048.66811	1464.40015	1447.1512	1558.09253	1512.53438	908.87045	897.43452	879.70385	912.8334	914.5547	966.32017	926.41366	918.67285	938.12002	793.55303	810.75536	827.42742	845.34757	1073.79038	1186.86997	1212.58834	1528.32647	1588.60443	1602.64265	1551.12994	1269.38223	1236.69362	1240.41793	1265.40651	1904.19818	1877.35294	1878.758	1780.54637	1781.72254	1827.4063	1871.23235	1030.09544	967.47377	1080.17479	1048.00337	1063.84405	982.829	1063.70902	1025.1679	805.70255	1262.95826	1245.38077	1235.45713	1249.57798	1307.69706	1474.80758	1521.13181	1516.89633	1507.37745	1419.21484	1265.18565	1233.74912	1276.12056	1186.19722	981.0928	989.44045	908.54643	1012.12573	605.85895	599.07974	568.5354	710.55575	697.16533	716.33676	707.37941	701.72645	747.9157	761.18668	809.34434	784.49276	985.73667	1001.39358	908.97286	802.96393	783.69271	824.54682	792.95568	998.17776	1023.083	1033.63263	959.40176	1586.80587	1588.06255	1699.24257
GH29	945.83142	980.48711	981.55362	937.70273	997.92532	988.92045	966.81218	1000.4963	1034.00919	1303.71542	1333.5466	1380.29471	1356.91616	568.39001	577.55551	560.70285	578.89328	601.98715	611.55927	611.64177	567.12815	634.36781	641.06841	629.91978	654.52476	701.11382	679.28194	776.06206	799.19649	1035.82129	1037.27146	1039.83477	1041.35572	864.21636	870.70827	851.23399	826.19818	1021.72365	1032.23877	1026.20588	927.94397	918.78695	959.84711	916.04467	508.37238	461.53594	548.26433	518.78841	531.12776	532.98256	566.98151	522.03499	379.11042	543.88197	553.16945	572.39757	517.10506	585.9165	663.93229	664.02459	690.56689	670.94964	670.81792	704.54804	674.06156	681.26335	712.44743	513.89644	528.65586	533.3599	542.92382	411.26279	415.75588	417.27063	427.55858	416.59553	434.672	430.13484	416.01001	804.79575	763.20398	785.20711	798.83181	868.33591	869.80308	787.63765	529.59094	498.68883	530.71943	474.80396	646.60283	679.17792	665.55481	591.27266	1099.71629	1062.22946	1016.30248
GH3	1679.21902	1644.34734	1683.27024	1605.59415	1606.26508	1615.44257	1585.65728	1539.11884	1671.23239	1475.33383	1460.6317	1515.89011	1506.11419	1422.63986	1429.92396	1456.53097	1464.78569	1848.57991	1899.11331	1946.31859	1933.58114	1892.20592	1145.24185	1126.10577	1153.15553	1259.53943	1369.27511	1445.98685	1477.15437	2007.06028	1995.75357	2163.63977	2001.65747	2044.90954	2039.90289	2028.89993	2030.84391	1517.0179	1475.01931	1562.11438	1604.57334	1612.84737	1592.98681	1616.60999	2174.62556	2008.93904	2202.3789	2074.06977	2020.91659	1913.9301	1972.57701	1967.28084	1588.16761	1635.02503	1632.74658	1627.20466	1613.78747	1676.24268	1716.25804	1744.17314	1749.19272	1711.10282	1667.07613	1761.7901	1644.20657	1676.50431	1628.13426	1871.75808	1761.99459	1792.36492	1752.95095	1561.66378	1453.5903	1472.0824	1567.98806	1590.59121	1538.09041	1525.96798	1539.96552	2580.82391	2483.40585	2674.69326	2417.51911	1952.46397	2048.19974	1891.75449	1968.43867	1948.20913	1975.4336	1931.63906	1863.24508	1865.63534	1815.44731	1832.49433	1822.02103	1847.48465	1788.59032
GH30	58.8401	76.65596	53.59677	41.02231	25.6216	25.89901	23.73446	21.36189	32.17236	26.55476	53.93605	34.75441	38.10018	27.34152	19.27958	22.22254	26.82916	29.4513	35.1782	32.18014	28.38415	18.06848	20.00881	20.93739	30.16592	26.09759	32.91139	44.70708	33.3376	57.56814	53.91395	51.20278	45.82756	45.35506	54.02038	42.76729	42.76074	38.90492	32.72881	45.61176	48.86387	40.70361	47.94294	55.00188	35.29705	37.64574	32.20895	41.97861	28.49912	27.83363	28.42459	24.31908	NA	20.0362	17.52395	16.03901	23.45233	18.50069	39.18657	29.3851	21.79685	26.56092	47.17458	33.67951	38.79333	31.84158	39.72967	28.40243	25.41445	22.43196	29.99157	42.03075	39.00981	37.81493	23.39498	20.2991	23.73798	28.79113	30.02691	20.62889	22.85897	22.31209	22.59137	22.95289	21.9856	24.84774	17.83358	13.89299	16.54124	15.38479	28.06718	18.26176	21.70387	13.74407	74.14836	75.90821	57.90353
GH30_1	7.22933	8.97706	7.92754	6.47103	4.47871	5.73774	4.049	4.28208	3.90623	4.40712	4.55067	4.39983	6.63092	1.66128	3.07315	3.52399	2.73371	8.247	7.36375	6.29386	8.19255	13.92307	5.06539	3.33987	3.6979	4.54032	2.88428	2.67181	4.08298	5.33582	5.01378	5.03553	4.58653	2.83175	1.80209	2.46505	3.38312	0.83004	0.33678	NA	1.14797	1.16671	1.22365	1.97608	2.86741	1.64402	3.06948	1.56417	3.35096	3.53039	1.69067	1.90639	NA	3.64099	4.43227	3.16085	3.01558	4.87408	3.84334	2.70759	3.31797	3.36479	0.45323	11.06797	7.5245	10.56642	13.24478	27.90075	34.89761	35.7441	36.34079	7.76492	10.21473	9.64687	34.52042	30.95806	30.59223	30.2852	39.21697	8.50325	9.66944	9.41705	8.6665	5.78769	3.20186	2.80944	7.91751	7.84343	9.37237	7.02923	7.45702	7.57372	7.29337	9.49129	6.56616	6.58483	9.09151
GH30_2	9.37873	10.44121	9.01704	13.32711	58.34522	52.88901	56.07958	56.53141	58.8857	63.11671	55.32	57.4787	60.70055	27.62593	31.62773	34.10498	34.4804	37.22228	33.69118	37.41924	33.00973	33.57361	14.10083	18.56266	12.24718	17.77246	12.54451	9.57813	10.51565	34.95217	34.97511	34.47516	35.59326	25.45729	24.71651	24.26705	22.66563	161.47954	157.00203	157.47402	114.22297	119.13709	108.76985	118.43805	32.73316	31.35624	34.60385	33.44736	43.41078	44.79997	41.46256	46.10474	NA	39.97746	33.6119	32.77724	30.78251	33.81618	44.25499	45.62749	46.95599	54.65851	48.47049	42.25242	41.56009	38.79531	37.45033	23.42139	26.22199	23.01531	26.75232	33.78486	44.28135	38.5495	36.77007	41.62845	36.29678	37.45942	39.89468	18.81741	19.03089	20.53032	14.28933	17.84869	17.81587	20.38024	79.2298	80.43418	82.00022	71.72548	50.93505	49.6579	54.61038	62.52596	14.7634	13.42883	13.84136
GH30_3	39.51743	41.40446	37.64099	38.95414	28.44325	30.63245	31.00091	35.00209	31.22722	23.15234	22.0874	18.57044	23.49215	39.17749	35.26052	37.56354	37.93971	76.63348	78.17244	80.63832	69.74473	82.13433	17.09709	18.39439	17.8235	18.92939	19.65564	17.17574	19.32987	36.34354	33.93698	34.7573	36.76802	30.33107	34.61253	31.93949	34.21955	34.6814	34.89405	30.16754	25.66791	27.41757	32.97884	33.53081	67.594	58.23089	65.98337	66.46054	69.21853	66.35518	68.09358	70.38758	169.41396	23.51102	23.85717	23.61152	24.87068	21.42285	32.62342	35.42377	28.55969	33.03565	31.4406	20.89941	27.90385	23.77185	26.74823	10.11044	12.30722	11.60343	13.39793	30.58536	32.89483	29.98611	18.04825	19.67428	19.32456	18.63468	12.97488	57.40963	52.21857	56.54311	48.48691	40.04724	41.34838	43.99368	40.74071	38.58229	40.17704	35.81433	20.71702	28.52616	26.13408	25.03524	57.87964	49.45274	56.47097
GH30_4	160.09126	154.73617	146.33489	147.08923	83.86492	86.48902	85.42282	87.50973	87.66189	142.79608	156.47751	148.59588	151.28168	82.46448	91.1622	92.12092	82.64486	74.4599	73.87834	71.62517	81.98529	83.52513	94.15868	93.43101	86.04295	96.29898	136.93563	148.53111	144.43147	113.75089	118.38337	121.49149	122.58529	99.8542	102.93102	91.93544	94.994	177.88786	166.00621	171.26837	125.84648	123.73101	128.24078	121.99654	129.69612	119.16868	126.48316	122.96009	123.18195	111.36522	114.79851	121.46485	36.03455	27.08551	23.26686	25.96927	28.45885	26.48327	34.93388	41.78389	33.12371	32.93848	31.67049	124.15974	117.71333	112.74673	112.30152	80.57672	78.15778	89.68721	89.56157	58.70343	61.75547	56.97817	49.11531	49.84129	48.52267	51.20367	46.82221	136.87261	130.66532	132.00924	122.25953	132.83447	138.29334	141.42267	75.47664	75.32812	73.7505	70.88146	65.72971	64.37315	66.76585	71.38897	171.809	168.33738	176.19225
GH30_5	1.34363	1.73399	1.68868	0.97662	5.06438	2.54251	3.86527	4.4568	2.82513	1.35787	1.90895	2.40833	2.47487	1.31396	0.64215	0.59882	0.83103	2.07512	1.58789	1.70274	1.41275	2.52046	1.33976	0.58602	0.9304	0.93064	0.84596	0.62667	1.0056	3.85207	4.48373	4.07694	3.43022	2.50513	2.54572	2.89988	2.84465	1.27212	0.30766	0.29244	0.96616	1.51899	1.00848	1.32062	0.57817	1.34653	1.1589	1.26795	2.31896	1.33459	2.22565	1.09873	NA	0.5378	1.28833	1.49715	0.63698	NA	2.64731	1.41168	2.46711	1.84885	2.91763	1.39401	2.01241	1.22769	2.12216	0.7513	0.94164	1.86264	1.04618	2.81261	3.09552	2.37674	3.24454	3.93931	4.20001	3.52612	2.72774	1.8195	0.92216	1.5144	0.88406	2.203	2.04103	2.29777	1.36627	0.97955	1.16743	1.45181	1.84923	1.91352	1.3973	1.72159	0.77931	0.47811	0.74533
GH30_6	50.60207	57.06473	52.38584	53.35379	35.06898	27.77002	31.17294	33.89051	33.74695	47.38697	55.47388	50.85218	53.05538	29.74818	32.49852	32.24289	35.3372	24.7399	29.68221	33.18478	24.31958	13.93771	23.35598	24.49739	25.33462	21.50214	31.69633	38.90455	37.8753	27.57394	29.97191	29.93654	26.72487	27.74746	26.47049	22.99342	26.96043	49.9664	45.53039	49.0623	42.64036	40.93706	37.85267	43.99069	14.7165	16.41863	12.77225	14.01402	11.8974	12.92343	18.12749	13.73215	59.45191	3.78084	5.94276	3.9066	4.53703	4.86571	5.04774	4.91139	7.9451	5.92312	3.17173	35.13023	38.66083	37.51295	38.65107	23.68027	22.97413	27.15046	26.07206	7.04055	7.53027	9.18878	8.61241	10.36629	10.09517	9.50016	10.26456	28.56296	30.93383	28.57358	24.98794	34.21493	33.87149	33.77651	21.29134	17.41634	20.37453	25.67965	29.62389	35.84271	25.29701	28.34247	62.62022	65.64826	48.80025
GH30_8	13.33305	15.45273	14.17364	15.69396	5.27018	2.30266	3.78186	4.32385	3.69908	5.82837	7.50389	4.87015	5.39774	1.9306	2.04396	3.27487	1.98211	4.88155	5.71631	5.74522	4.98999	6.56972	2.53007	2.09412	5.6879	3.41018	7.02305	8.1585	6.90203	8.27306	10.99774	9.39329	10.91532	11.377	9.64796	8.10329	9.2321	6.72868	6.69963	12.33464	9.49926	8.66043	7.42842	9.93163	9.27607	8.07677	13.55609	11.5099	7.68538	10.18842	7.39389	6.25344	NA	2.8187	1.41153	0.89405	1.23199	1.06234	3.13498	2.66507	2.55062	2.93164	4.92478	10.76862	9.69651	10.86128	8.22453	4.1848	3.8649	5.01415	6.2849	13.35638	13.87966	12.7617	8.36372	6.99945	8.60704	6.9615	6.44636	0.44075	0.29913	NA	NA	NA	NA	NA	0.30104	1.531	1.05547	0.33974	1.0368	1.19314	1.64861	NA	13.33483	19.50607	16.48485
GH30_9	NA	NA	NA	NA	NA	NA	NA	NA	NA	NA	NA	NA	NA	NA	NA	NA	NA	NA	NA	NA	NA	NA	NA	NA	NA	NA	NA	NA	NA	NA	NA	NA	NA	NA	NA	NA	NA	NA	NA	NA	NA	NA	NA	NA	NA	NA	NA	0.15892	NA	NA	NA	NA	NA	NA	NA	NA	NA	NA	NA	NA	NA	NA	NA	NA	NA	NA	NA	0.26231	NA	0.39471	0.1823	NA	NA	NA	NA	NA	NA	NA	NA	NA	NA	NA	NA	NA	NA	NA	NA	NA	NA	NA	NA	NA	NA	NA	NA	NA	NA
GH31	891.93212	932.70885	906.52034	835.20612	790.35674	830.1936	802.2573	795.1235	831.89735	868.53892	804.65008	900.62884	818.00952	728.1232	730.98456	751.42746	739.4962	772.59418	825.3646	820.54157	815.17283	871.45958	576.95776	589.04904	599.39216	648.65561	696.60836	776.80508	843.90217	1007.06524	1030.46764	1047.68372	992.99312	984.84836	965.38659	993.45096	1037.01381	859.00036	830.7532	812.26191	894.93851	856.85353	870.21342	897.94829	897.17791	831.85639	899.10359	899.50112	798.87336	797.41131	816.78522	776.37859	792.19112	731.35898	733.67597	743.8698	735.51323	672.33368	827.486	828.90319	803.24395	792.25102	808.82523	681.04366	663.90034	663.63226	664.56603	701.22638	667.75354	650.17811	719.66471	579.17874	569.18942	564.0268	598.20542	587.19066	601.46844	608.39381	595.02584	1042.62665	1064.13636	1076.43408	1073.35691	971.0597	974.02764	1000.8409	799.5539	806.40107	824.21062	795.23726	642.24638	656.15136	659.83731	653.48881	1025.70011	1074.61382	1092.27962
GH32	452.59712	450.09331	459.25826	447.72374	461.25874	468.28425	469.3286	462.35854	477.10914	444.48048	443.59392	489.83439	455.5304	280.31109	274.84623	294.2661	279.11983	410.03652	419.21221	449.141	430.52656	435.65053	344.00658	345.45619	341.36502	384.63483	358.26272	376.66121	383.88244	576.60437	585.37495	576.46142	587.30883	545.22947	510.77723	539.95329	521.97272	591.21252	589.45262	632.89151	554.16954	579.35665	567.27412	578.84844	475.49612	433.46737	490.30021	472.46155	451.53285	416.34243	417.14884	389.06279	488.78879	368.0138	352.12299	367.34724	346.94193	339.05093	446.82477	429.63732	427.41114	426.20042	418.36635	263.3603	256.55428	259.17196	274.0473	262.43923	262.66264	265.32121	257.73201	319.74064	290.05798	272.26456	326.64402	326.76479	351.82743	339.92427	297.06191	417.32481	426.03864	440.06996	460.66374	389.49586	384.25777	352.96861	447.63111	473.45742	461.97474	464.80117	393.88694	384.81679	392.62133	369.99031	477.4672	523.75159	530.95097
GH33	340.74723	341.55767	327.25049	330.94276	308.80671	304.12902	282.87614	295.68655	305.95047	401.00235	427.12996	409.64229	422.33771	306.14591	309.57385	319.07917	317.02725	289.31776	296.88311	320.42704	297.96193	359.98227	272.35306	274.43523	308.05303	303.08108	279.75679	300.26345	295.96675	405.42514	404.80982	410.98889	395.05978	282.85004	293.89513	310.96518	290.83396	390.00165	373.61426	421.23922	330.40994	331.24558	334.74839	340.70224	294.9229	290.75031	322.92726	315.29563	324.39144	339.04677	343.90361	331.26812	209.37924	230.85193	215.22398	207.21492	225.47904	198.50662	260.39887	274.05909	275.2036	283.08841	268.49631	243.66187	221.39857	226.93302	221.01099	192.31578	189.78757	201.99961	194.44938	142.9181	138.20523	137.48265	126.7067	113.70815	135.6588	125.62495	119.91579	327.31481	337.10814	332.43404	315.82144	345.9869	344.69589	323.45653	242.61201	218.71998	219.64102	253.07548	239.45044	226.20231	243.12766	199.48639	357.9328	377.51571	393.8868
GH34	NA	0.70728	NA	NA	NA	NA	NA	NA	NA	NA	NA	NA	NA	NA	NA	NA	NA	0.78557	0.77686	1.49236	2.26535	NA	NA	1.7118	4.03529	0.7838	NA	0.712	NA	NA	NA	NA	0.75578	NA	NA	NA	NA	NA	NA	NA	NA	NA	NA	NA	NA	NA	0.87047	NA	NA	NA	NA	1.67725	NA	0.84871	NA	2.53711	NA	NA	NA	1.55588	3.96516	0.82908	2.69306	NA	NA	NA	NA	NA	NA	NA	NA	NA	NA	NA	NA	NA	NA	NA	1.69225	NA	NA	NA	NA	0.87845	2.41362	NA	0.91042	0.92602	NA	NA	NA	0.90208	0.95183	4.01991	NA	NA	6.6571
GH35	245.85852	271.55415	262.17491	247.14124	301.56046	274.8694	293.86706	271.32878	287.40854	286.14397	293.3416	305.13481	309.08498	150.56724	156.22558	147.34535	158.47002	204.94676	210.04043	223.54994	203.68657	269.54587	231.72918	227.91014	241.54845	254.99568	190.62466	184.32321	184.42862	227.94392	241.03718	239.47364	236.81991	221.23793	210.22597	215.02296	197.86097	186.44158	200.19664	192.32238	238.25916	231.26171	241.22255	239.94352	240.66524	206.24145	222.64266	225.69878	232.22625	222.8114	225.78546	210.19818	117.6439	209.89904	189.07833	187.33465	224.05145	183.59219	275.25666	267.6738	276.58922	265.33546	333.49752	169.53932	157.80319	158.83194	151.59973	117.15243	115.22479	103.25014	114.697	128.91611	127.80244	120.36185	126.51332	109.77223	122.60136	108.53749	113.45326	385.75263	358.52624	362.93294	354.96349	314.20807	339.25643	335.14084	194.47507	197.1962	188.34759	178.85574	209.18627	207.80999	223.92263	185.89941	307.18044	299.68669	257.34076
GH36	465.63436	471.64274	448.36974	449.70436	466.42807	493.00509	488.08513	485.38087	492.25146	529.16125	501.53299	523.99221	536.75144	443.79877	432.66271	444.97856	415.92816	568.16866	583.81481	562.40176	584.0884	657.99161	361.37894	391.89661	370.55945	400.58203	394.23016	469.16569	487.56809	538.86628	515.71998	523.00429	503.15453	485.97444	452.96689	472.79988	468.99654	458.8965	444.28549	453.78095	463.59484	487.37351	483.55506	484.60874	413.83974	359.53839	406.12426	387.44659	396.0547	383.92588	384.55205	398.90788	198.29307	386.78627	381.00661	388.58562	371.70118	370.70314	350.75994	356.38201	371.74119	362.44589	354.93408	386.0658	385.46233	383.47235	380.74087	357.18652	340.15216	328.74826	360.22265	359.22887	351.51279	346.96687	346.98464	329.02892	335.42202	341.89418	344.84655	535.39886	521.08083	532.34298	559.01649	506.4013	493.0318	500.38596	376.56422	386.75821	413.06403	423.75536	332.05788	341.48056	356.0059	369.71128	520.74364	539.98124	553.71784
GH37	10.12386	10.78645	9.64719	4.95299	4.45027	4.60002	3.57787	3.51878	4.02071	5.96452	5.59223	10.09056	6.78413	10.44736	8.5322	9.14256	11.28764	10.37561	9.38867	11.07482	12.15981	7.1067	4.82423	4.65715	5.18389	4.27549	6.18767	6.1351	5.7863	14.20994	14.42628	13.42264	11.66367	8.5256	9.94343	11.13216	9.12658	15.62997	8.83879	17.50189	8.42283	8.31669	9.53947	9.03823	4.18587	6.41354	6.70358	7.39854	2.48838	4.66799	3.81652	4.87427	NA	9.1437	14.54558	7.13877	9.34785	8.60312	11.90093	9.90727	11.77616	10.06305	13.23204	9.74306	7.62394	7.22494	5.41565	6.37892	6.26885	7.93983	11.75907	3.93254	4.01852	5.01394	10.14657	8.03987	8.26673	8.10846	10.24158	5.33619	3.91935	4.88255	3.4798	7.53929	8.23787	7.51719	4.91105	6.06953	8.99276	6.59327	5.98422	11.58018	6.88052	8.32236	12.84112	10.1118	9.4352
GH38	106.46528	107.76775	111.04406	102.6931	121.29467	114.80182	107.13517	113.54351	111.32329	83.65504	74.09643	70.12255	76.49409	94.13781	83.29077	78.68816	83.6687	146.20154	157.01766	149.20893	151.34607	204.16708	94.64152	96.00337	98.79469	105.41406	77.25153	80.71577	86.94182	105.40017	99.22474	93.25007	96.94049	87.36082	96.54703	98.83054	91.5562	96.21863	101.89243	90.50698	85.73141	89.43785	100.95337	78.75837	238.28088	216.54584	232.60761	240.73876	291.60559	272.42014	280.02774	276.14345	247.9773	201.36757	189.43291	212.80905	191.85679	209.57261	144.20252	151.48986	155.67183	148.20771	126.99196	85.49552	98.27278	101.09494	83.46744	87.04902	101.97561	92.9851	93.50977	87.72369	96.25363	94.6113	102.29988	99.93134	106.31788	106.3927	96.92373	204.14421	191.24836	206.15223	195.97143	145.92094	166.59149	145.35082	127.30443	141.57471	144.89697	125.73268	132.12734	134.78351	125.55477	125.88686	114.50093	112.63948	102.02309
GH39	33.20287	27.74736	29.23511	28.83908	56.50939	50.84399	49.53433	52.93544	52.83267	54.9185	58.67578	59.49854	55.40791	123.19675	114.54455	118.3248	117.96568	55.87802	59.38949	60.15433	57.83986	65.48209	52.34025	56.37717	58.97942	60.0657	158.48873	149.54009	156.09584	28.51074	32.16336	31.92691	28.59739	42.08729	44.01949	41.32316	48.29165	14.7404	11.52706	19.66644	22.7711	19.47075	22.07835	18.80001	12.98289	11.79132	13.98907	10.99217	11.09329	10.78289	13.43815	11.91578	NA	41.41933	49.5371	40.42722	43.46952	55.70275	37.05038	32.48327	42.52133	39.83633	46.40745	48.89114	39.25944	48.57441	42.18426	57.49007	52.27132	57.14795	52.6918	79.12732	72.39721	77.16227	61.27425	60.95254	64.4418	60.15034	56.58899	52.10201	41.43457	47.78456	44.48415	28.27136	28.15057	28.74437	58.01706	53.09352	56.29357	49.74052	55.9598	52.19293	51.69135	55.01335	33.25813	32.50254	34.80174
GH4	81.91719	74.09465	70.76853	85.11473	85.64776	84.50619	88.0153	76.33567	87.1417	65.96044	67.20366	64.97782	56.63456	107.56735	119.73016	114.20402	113.69234	136.41774	135.69086	117.21769	131.46288	97.32666	97.91117	94.91747	92.92805	104.39422	61.67041	61.05039	50.05081	95.46621	83.88563	92.97117	98.94484	74.20685	86.06677	88.99019	83.97509	42.3173	39.79111	32.59965	53.9704	66.90579	62.19589	76.20592	80.23226	62.72098	84.40225	75.48148	110.10329	107.19763	95.44989	109.86248	100.20843	109.81703	85.15832	101.45561	91.76086	82.20154	66.79849	74.22367	72.90633	82.60713	85.6966	113.15772	113.61144	113.41165	91.30432	127.23193	137.4368	123.21026	133.70175	101.14581	97.1899	89.39561	127.70014	129.49552	118.05835	126.26166	118.9406	78.5054	83.87385	81.01767	78.46717	65.76696	54.84039	60.86747	108.31639	120.33922	123.15937	116.96243	108.6153	111.2391	115.92694	99.03125	90.6115	91.5182	100.30549
GH42	159.2342	163.66064	155.71936	153.60578	167.52641	160.28615	159.4334	162.55995	160.33194	166.51014	153.0322	165.86702	174.75222	136.71793	138.5842	121.11908	126.77918	101.36986	123.92025	111.12356	117.93654	127.90924	167.83433	164.6607	157.54989	165.97163	253.6299	275.26319	286.3874	208.2967	202.27208	207.1287	221.06524	211.70582	194.04321	188.94612	192.18283	135.50039	134.29526	124.90675	145.51716	154.62324	154.56005	155.32036	180.62592	158.6987	172.48596	179.47966	164.60877	154.34536	133.88636	144.86583	117.95818	175.73163	170.21981	179.68711	182.01915	161.08368	194.75754	196.50873	192.98151	191.52354	177.69303	148.38538	147.64318	166.28082	158.31581	159.10629	160.7072	173.39023	163.52219	133.34654	131.30274	120.27753	123.70582	124.29583	127.2877	117.28955	112.87515	142.75677	141.11359	143.43034	142.77269	127.51167	149.66644	123.90827	154.95576	154.9801	150.74548	162.05889	109.55827	111.09786	106.22314	128.22601	159.31097	185.03224	166.70728
GH43	3741.48376	3847.52915	3660.34444	3755.61677	2875.19195	2894.16854	3140.3907	2777.12918	2802.06719	2990.11562	2965.07022	3060.64566	3173.28333	2365.20685	2517.7884	2461.17265	2319.25086	3047.23734	3260.86907	3332.01818	3067.76486	3097.15961	1880.55101	1908.71778	1986.82566	1962.00995	2355.17097	2612.43952	2611.61786	4348.22222	4176.51488	4260.12934	4146.81123	3746.47549	3548.27304	3714.16219	3727.31537	3058.02673	3094.58117	3219.47873	3220.06338	3223.42023	3267.88804	3376.40789	4027.12718	3620.96966	3857.48356	3796.36341	3523.82873	3522.73108	3509.49949	3755.37987	1621.6316	2943.54043	2848.07616	2822.10296	2834.71849	2913.78432	3486.48232	3390.73312	3408.46659	3609.87186	3821.68733	2625.33088	2648.4881	2560.82308	2636.77975	1956.10446	2003.00717	2213.01805	2025.69323	2150.94282	2051.7556	2112.54049	2108.79428	1939.71544	2183.37465	2113.87788	2041.75994	3896.755	3743.66245	3782.49068	3567.64626	3460.79993	3717.79926	3305.9159	2855.28147	2815.36752	2803.977	2757.574	2482.44614	2473.55489	2422.50998	2642.66746	4263.16368	4331.44595	4567.66005
GH43_1	90.79185	71.38284	86.46278	84.03232	45.66197	46.8957	43.34486	47.79495	47.14808	100.52633	119.43898	98.25159	88.51826	37.05269	33.51635	38.38964	33.30477	59.21623	47.0246	49.43063	52.24786	51.76623	19.21234	23.19313	25.30407	21.59329	34.15177	29.76654	39.02746	106.67229	108.903	92.65415	99.68542	85.26387	82.02367	79.9599	84.47886	124.83787	126.84459	129.69306	124.51073	127.71246	133.20543	119.33459	32.55315	35.66453	32.45646	50.98091	36.26586	35.78753	36.77084	38.77228	97.86728	46.14144	35.17834	41.56271	47.57561	44.00593	54.20541	49.04749	51.71511	55.52774	63.63832	65.22737	78.52026	65.09551	71.26099	45.38092	52.97608	55.6013	44.84653	25.14644	21.05488	20.70442	43.12461	39.52146	37.54957	38.39286	43.34984	33.45413	32.77559	38.09678	37.84497	44.21388	50.87535	54.973	42.9351	39.25403	38.96034	39.57233	66.32658	66.94286	76.28915	83.43532	96.1062	101.66682	96.00087
GH43_10	151.04942	143.43163	151.6062	144.84746	159.75977	160.96022	156.20574	162.29633	159.03631	250.80651	243.48169	239.67816	230.40149	111.63461	103.86273	109.22792	102.61306	136.48402	156.65024	136.81853	140.5213	150.86029	112.12806	110.1139	96.70386	123.4579	174.51174	169.78708	152.76748	233.35232	230.44368	229.32515	231.7317	213.75869	191.39214	183.17607	199.74952	247.1157	241.31575	259.7133	294.82395	305.37988	308.39685	295.74704	170.14286	177.10079	169.35069	164.48563	166.89412	154.26053	155.13457	169.43977	200.17427	219.39139	212.13663	228.42277	225.81161	212.63943	262.18957	258.10811	270.21219	250.61517	273.35435	170.215	182.39104	172.64746	169.84679	162.4585	148.88116	159.30178	169.22764	128.41965	123.03983	126.24557	151.88939	148.0281	144.39254	133.46177	131.19207	115.96042	112.20399	113.66291	108.43409	100.61719	106.77683	101.0015	142.73516	151.60867	144.86773	142.4109	234.28302	226.22871	205.03685	211.8898	151.32122	156.69413	175.04799
GH43_11	10.39421	7.08746	8.43584	5.16692	14.40502	13.49304	12.77804	13.44592	9.59244	11.38822	12.03043	9.61598	10.71625	22.81334	16.54995	19.68954	16.76301	7.52226	10.10873	12.2935	6.33583	22.44517	23.53754	31.4193	30.78923	30.25266	66.39789	57.07098	56.24173	13.38293	13.10154	17.92323	13.42836	26.29163	31.59577	28.7638	27.64585	3.16503	6.09016	4.04247	8.7618	6.95052	7.79442	8.64929	20.14313	18.2474	16.83437	21.15892	14.60282	11.53491	11.2344	10.48087	30.37801	14.43723	17.32654	14.06831	15.20762	17.59033	20.69683	17.59683	17.01795	20.087	14.93972	9.95843	7.72462	10.64056	9.69865	11.61724	10.1675	14.61126	9.46873	17.84188	18.36025	16.61179	10.48919	8.78283	9.88304	7.61163	9.6831	8.9725	7.18743	7.25002	7.57926	5.31044	3.7248	6.48925	8.88334	6.80625	7.88994	9.07771	4.52454	3.44153	5.55357	6.5307	7.25903	7.97358	11.19926
GH43_12	128.78349	124.21238	118.19826	120.542	91.39724	88.46084	88.84908	82.36583	82.2193	130.51505	141.75967	132.48514	143.81939	47.75858	41.56983	45.24167	47.48531	65.37448	62.97843	60.49526	51.45585	62.88722	49.42556	46.43789	50.46209	55.52921	77.36241	81.2193	79.99222	127.29046	134.85086	127.47541	125.80331	118.17761	110.8509	110.48772	122.2398	138.84354	131.22935	126.16715	151.31938	149.89495	154.95379	155.71488	90.26986	87.642	93.77298	83.44459	100.72277	104.36656	101.15216	97.38762	203.19227	102.70353	102.65462	98.95433	103.77235	111.38718	123.52832	118.45861	123.70117	122.60817	114.50949	85.14058	77.69958	79.99686	94.74767	59.68734	61.71296	71.69974	72.01032	64.1077	68.3174	64.35479	84.22613	75.05514	74.58871	82.27102	79.67731	81.97709	81.17336	89.11895	87.19745	94.22043	97.20203	87.19182	98.1778	99.86911	103.02986	92.05067	123.08622	133.03631	127.13092	121.7414	145.63233	128.98627	132.70493
GH43_16	18.00619	20.24297	20.52073	21.50349	29.69912	31.72146	32.38209	27.93241	24.81535	21.02289	21.78626	21.2855	22.65174	6.13266	6.40767	6.11877	4.12119	18.80917	20.99631	24.7552	21.57348	21.16183	0.17323	NA	0.54699	0.59285	1.12938	1.48668	1.2277	34.46321	41.99028	43.48933	44.01267	49.26776	43.86299	41.84174	47.19082	22.92531	19.65148	21.5437	18.00256	16.01058	17.80153	20.89796	57.64122	56.40362	53.81826	51.29864	54.28316	55.53364	52.14897	52.07066	NA	22.5797	25.27341	19.13429	22.69372	22.8669	29.35506	25.86364	25.26215	26.42136	30.29034	17.55716	15.35537	14.80485	16.99225	21.14991	12.47314	12.72712	13.78998	26.87434	27.72176	25.14172	23.8054	22.70157	22.32891	23.20649	17.72041	71.76308	73.75087	65.15562	60.2798	51.58213	53.78585	51.94085	34.3924	38.79921	37.49844	35.05645	19.40082	19.73023	20.40862	18.31453	21.0562	24.23342	29.92133
GH43_17	80.53077	75.90758	76.93554	86.87154	40.47028	36.54596	36.76032	43.02468	49.95221	68.91628	69.22652	70.43659	65.71638	29.09519	36.35051	30.28655	29.56879	29.5903	27.1093	31.81462	29.97751	33.01339	32.12813	35.67928	38.29959	38.948	51.67439	57.62613	56.93099	91.64038	93.0755	97.34428	75.38431	68.39702	71.48419	61.2658	74.83581	72.20974	68.83091	56.83766	49.28699	60.70369	58.51062	59.18554	46.73846	51.03034	42.75953	36.55455	29.23867	37.50169	34.45765	37.89914	110.64089	65.49046	73.30562	69.28732	75.34854	70.73848	96.8132	87.035	84.24152	93.00108	98.24108	71.19576	69.03859	60.61998	62.83534	47.27027	50.35088	52.8826	58.63833	39.65181	34.66149	46.06359	35.70061	35.59769	38.22706	32.96878	27.03314	23.62713	25.53608	27.63553	25.06202	46.47744	40.40504	49.8347	32.86072	22.91576	32.23142	27.74002	38.40002	36.53461	34.70101	33.75377	99.36803	87.97568	72.98291
GH43_18	155.67576	153.24067	145.05788	118.17872	85.69318	78.99729	77.51126	83.48673	82.56812	144.72395	135.67299	139.06769	139.88609	71.48741	82.1153	78.77684	80.44764	82.23348	73.63816	69.71159	84.76474	95.78681	77.90189	63.03263	78.34007	79.50865	118.91076	119.83108	115.99023	134.47641	138.89337	143.66212	143.39489	101.90088	113.44515	110.81183	101.93268	180.41489	180.68592	150.35178	136.09492	146.52088	133.50758	139.95966	63.1356	69.19354	80.27867	80.25216	76.70767	73.41956	63.96874	67.06487	159.27723	69.88274	72.68951	73.9676	66.64208	72.95061	85.64366	102.45282	90.14745	96.28156	99.23623	111.37745	113.64647	104.90126	125.74235	78.49751	81.26821	73.53863	78.02239	26.92934	22.4972	36.33827	34.95152	29.90556	36.46243	36.34006	44.58207	63.28672	67.62327	62.08575	59.69194	94.76329	88.4033	94.73184	44.46146	41.90219	43.28752	41.7395	40.04667	47.59185	56.40759	72.38813	161.01584	173.11421	194.89452
GH43_19	107.6562	117.82832	110.00063	126.38805	76.89443	76.20317	74.29827	70.97308	67.18354	103.08607	120.74573	114.5179	102.27227	76.7324	84.4009	75.88221	84.16769	67.95338	77.03486	77.37562	68.95002	72.57758	63.19341	56.68237	61.18938	68.24753	102.20271	106.37686	96.29673	162.43371	155.49859	157.43719	157.71516	129.61451	117.10812	131.93921	122.65232	135.90144	143.55247	146.94152	106.44934	108.96625	110.76158	119.41616	125.00208	114.80977	129.42909	116.3191	111.78791	123.25594	103.0964	121.04182	NA	77.3312	82.9476	71.1974	71.6263	68.67612	86.43638	87.8508	90.24711	96.23764	97.47455	118.7757	113.29427	111.80532	101.64441	74.21079	84.83719	77.08126	67.91572	48.73474	47.08748	56.01701	61.63017	66.04825	53.90597	63.29285	69.70793	114.45751	102.93694	108.45876	128.68729	117.54038	106.56775	102.38959	82.04811	70.55773	73.58839	80.77604	54.32011	54.11695	59.71776	59.85466	135.12961	150.32027	137.36047
GH43_2	25.06184	28.53354	33.37316	31.57755	18.25022	19.70991	16.02675	16.50668	20.45208	18.53968	15.73105	12.77006	13.7237	17.08194	15.50401	15.41002	21.07414	40.66522	37.77548	46.11798	39.03992	40.58554	4.51955	6.55318	6.41576	4.68149	10.65888	8.30659	6.4553	18.68067	15.84416	17.29188	14.68235	17.22003	17.80826	16.87782	14.69494	33.01454	30.96737	22.86691	61.98639	62.27554	62.16243	55.29737	23.92578	21.79046	24.60456	22.91762	17.17146	16.13368	15.45615	13.94838	NA	13.70648	13.98486	14.73796	15.87559	8.36916	28.31658	35.32479	30.31436	27.76532	36.14718	47.47811	48.0785	52.46914	53.10343	21.14792	23.27052	29.55394	21.28225	29.35837	30.89561	21.83981	21.74838	18.64408	24.18329	20.82328	22.38823	19.07917	19.90927	20.23544	24.78363	23.71778	22.79369	24.59557	30.93403	31.32936	25.9059	28.20093	53.65866	50.20626	46.17554	48.75322	27.32852	25.95967	27.11128
GH43_22	6.01589	3.90245	7.08325	1.43075	10.28648	9.62305	10.61691	9.17414	6.48479	9.6581	5.73202	5.29854	10.54041	6.78955	5.33077	3.31008	4.20272	3.43621	5.31202	2.19179	5.5558	8.36738	5.51658	3.64883	7.30346	4.95428	2.67441	2.679	4.83951	10.69763	9.42128	8.13243	8.97202	8.22246	10.99715	13.30909	12.86979	4.80248	0.92059	7.23043	6.80223	5.49255	7.67084	5.24012	0.50139	0.53325	1.27753	1.76665	2.26434	0.79612	2.74545	2.32209	NA	3.7992	6.848	3.4696	5.83148	8.78383	4.47226	8.15475	9.46333	7.20073	4.18148	19.10494	20.79147	22.40823	18.10919	23.51784	26.80011	26.76837	24.64409	14.26641	11.94916	10.33538	12.60789	15.33449	14.76397	12.92524	19.47851	10.90803	8.6734	9.57244	3.94034	7.05542	4.77109	3.70271	2.45958	1.60613	4.68973	0.63394	5.72756	5.74116	4.45352	2.40607	5.70641	7.13506	7.42144
GH43_24	191.0733	184.84107	197.73493	189.73256	163.07992	166.37095	179.07779	153.70615	162.4833	172.73726	173.30961	178.01198	164.68941	96.60843	105.90469	107.39339	109.69882	162.9608	172.21355	176.19271	170.59816	163.64158	71.15079	76.36004	72.63629	91.10455	97.24695	94.2702	94.4389	175.56406	186.82337	186.4395	175.55974	141.21455	146.19207	136.37865	138.8132	111.51112	101.20114	112.50485	113.75406	104.40094	104.1112	110.93036	211.37524	213.01245	213.70314	203.3358	212.40419	214.87335	213.15702	210.61422	103.8049	198.00287	213.77204	213.4948	196.58985	213.29212	258.24453	266.40631	242.28524	263.19582	285.93866	187.90152	176.24095	172.8396	184.54696	149.9469	137.86342	139.18662	145.11746	105.62225	98.10307	106.88936	101.65927	89.5405	103.68292	111.51808	103.99155	280.83514	265.122	279.12765	262.93981	246.63151	238.39702	269.53263	133.78363	138.85869	132.80942	122.77118	94.3863	103.27686	89.64256	96.20828	210.29697	219.22723	201.60619
GH43_26	57.19419	55.82405	62.17088	73.42554	58.6611	61.74675	54.61416	55.20662	51.26042	36.93222	40.9895	36.91303	39.63659	52.21686	42.90076	39.92168	50.04297	64.15906	61.91382	66.23006	64.87376	66.27535	75.46416	84.37329	90.91919	102.76073	104.62086	114.92047	109.54219	48.33805	39.4049	46.77068	40.85205	34.85696	33.46006	40.73949	35.38402	28.1281	21.98475	20.28783	44.85104	42.15114	40.87214	44.36555	19.51041	24.33615	21.58608	22.37954	20.66357	20.78387	21.2232	20.73703	NA	64.52742	57.84915	61.33304	56.57324	51.76833	54.18112	54.42134	49.92129	49.85848	53.94544	33.4912	31.45324	32.90731	45.23538	31.24767	33.87562	35.7289	41.332	43.14754	40.59659	34.89845	45.6834	39.53195	44.53192	41.9488	51.80917	56.64807	61.121	55.79973	57.7812	51.63383	59.41753	53.40267	47.08633	52.52357	54.48429	54.76368	32.25715	32.24701	38.62657	44.33707	68.4926	59.30122	55.68596
GH43_27	0.43286	NA	0.77164	0.89081	4.15785	4.62961	3.06782	4.7934	2.3683	3.92826	5.13721	5.64395	2.87326	0.70825	2.7575	1.41922	1.49877	1.42355	2.18489	2.24332	0.76056	NA	1.3842	1.27723	0.68625	1.14956	1.36195	2.0266	2.07428	3.38622	1.96304	2.7419	3.59244	8.43528	6.37715	7.87582	11.57215	2.02637	3.17057	3.16087	4.00564	5.53368	3.81931	3.46276	1.25454	0.55752	1.0705	0.94707	1.58554	0.18546	0.35791	1.08223	NA	1.82215	1.51532	1.54429	1.86321	0.58513	4.75469	4.0005	6.22541	4.5781	6.44566	0.58516	1.12091	1.47931	0.96318	3.20691	2.90503	5.22956	3.83419	0.56021	1.06943	1.05714	1.56008	1.29459	1.53159	0.76881	2.18302	4.89671	6.48974	6.21894	6.60959	2.27761	3.05935	6.41255	0.32351	0.22936	0.53081	1.08771	0.36476	NA	1.07943	3.57267	0.68826	0.76738	3.2261
GH43_28	72.01791	76.08765	73.10497	79.77508	68.97844	70.05318	72.67767	79.59692	72.45361	69.29787	63.92041	58.78573	72.97675	40.91375	35.3517	46.09464	32.71237	89.34229	91.31288	86.06661	94.22915	129.6697	34.82401	32.05048	30.1173	33.57697	26.04498	25.51946	25.15766	97.28483	103.60934	100.3135	98.79287	90.4634	88.00591	83.14765	82.75203	63.6214	60.66305	56.69035	52.94748	53.22281	51.29685	48.78728	141.68461	137.35517	142.38598	131.0434	122.18121	119.93648	120.61843	120.20623	65.32105	52.41505	45.59724	46.54791	44.8878	43.31444	59.9391	52.9265	55.83947	55.05406	66.91233	56.10443	65.46831	48.2319	53.65939	63.37838	59.77187	58.81152	47.219	69.06161	71.83833	70.92488	62.12349	52.72123	62.29611	55.75888	59.09919	74.0338	79.4298	77.43145	69.61123	61.30448	73.64144	77.27693	131.9655	135.71648	126.22708	135.41012	98.03576	100.51594	108.03576	88.99911	95.2365	91.13887	91.15049
GH43_29	59.16525	63.3447	61.80515	62.56893	57.45914	50.45175	58.57109	47.99459	48.6868	91.75572	85.08526	86.4373	86.75586	31.9752	32.6157	35.55781	31.664	61.17796	60.9599	60.59303	63.53825	68.75108	11.91071	14.76603	15.6724	17.78299	33.29577	21.52082	22.37666	132.19303	133.85186	132.13789	134.09042	116.39867	118.9722	123.16691	110.83315	144.2258	141.97252	135.16186	202.62709	198.28759	204.82116	185.35875	59.6511	65.32818	59.13595	52.47745	52.60305	43.15158	51.35018	48.23694	96.2001	24.3388	28.75508	23.43372	29.42164	32.15793	53.34017	49.31154	63.64117	51.70102	55.29592	76.28897	89.6809	85.10164	84.01116	54.69411	55.66789	54.61941	53.772	81.21693	79.82405	89.14313	94.64252	81.33483	87.52745	79.11202	93.85527	21.95798	17.27457	17.43689	19.29118	31.59484	31.52933	29.00773	67.83539	66.30144	64.31496	74.75111	124.09256	123.07446	127.44732	143.46997	61.29449	65.73448	62.30341
GH43_3	101.65976	89.98193	93.06842	101.53851	70.62427	74.96505	66.15425	67.99905	63.0802	70.57996	70.03083	67.21471	64.4859	56.9651	55.10087	50.2015	58.5851	70.16404	70.43425	67.14842	67.06015	72.08388	44.57986	46.28594	48.98954	46.00135	53.59819	55.01322	45.96454	75.82928	78.74744	69.7003	73.74549	55.82398	53.32717	54.11471	48.45322	46.56523	49.26799	40.03937	44.10357	40.35294	46.19785	49.28031	86.7155	70.35592	87.42438	81.25697	86.04076	72.05805	80.87803	84.08141	62.98816	84.26217	69.58386	72.6948	72.3312	74.79163	70.79314	73.94738	62.61025	77.03909	70.25387	47.63327	55.44273	61.83567	50.76902	30.7547	35.27263	28.32048	34.32632	40.88964	47.21194	51.56546	35.80335	29.47039	32.04176	35.57599	33.6221	37.84386	35.01218	39.53974	36.88872	67.18446	60.43821	65.22151	34.87142	38.60153	37.59926	34.35766	38.15545	33.4463	40.3519	29.16851	97.58593	113.22379	85.86567
GH43_31	107.29862	107.08258	111.03521	121.18775	98.87896	96.31646	96.81053	88.24184	86.4904	90.55083	89.85428	96.28216	95.79594	51.67262	47.32494	49.98462	44.20097	87.55527	85.64267	82.61584	82.56466	70.96373	49.60476	53.60644	59.41317	59.44609	54.37782	64.80618	63.09461	82.51837	79.52563	82.04841	82.58503	69.54853	71.81923	69.02491	76.81491	72.21012	67.74045	74.81614	57.14121	61.85883	59.06964	56.68666	107.33982	111.57005	115.59313	107.85174	107.71771	119.81376	115.33829	112.18575	57.63622	68.69018	59.97685	65.43342	62.11874	75.21143	83.65944	74.26942	70.19081	70.86288	73.35444	12.82607	14.53743	13.74763	18.05615	7.37082	6.17526	8.84298	10.38535	42.88876	40.06782	43.38308	31.42889	31.23643	29.7511	25.02268	36.13999	84.5065	76.20361	84.44412	76.95971	89.40273	93.56913	79.35405	57.35731	49.84551	53.0506	48.94463	32.91076	33.3355	32.29226	33.91451	115.83352	126.86281	133.01166
GH43_33	39.73916	41.85213	34.59171	39.94384	55.86792	59.8353	57.56333	58.07802	56.52827	24.38336	22.07862	25.51447	23.8767	7.7689	9.62336	9.86637	11.45882	32.13947	31.14362	31.30863	26.55327	26.80347	4.9393	5.03667	5.64536	7.40273	5.47214	4.94852	4.99273	36.62414	35.26725	31.25089	34.41487	27.04025	25.1186	25.62349	26.65509	37.89836	40.87314	33.23228	35.55875	33.30823	30.19875	30.18135	61.41451	62.28799	54.14805	54.62388	51.44712	52.44804	59.04379	54.81936	64.03567	14.92315	20.68524	21.83581	16.3891	15.46212	27.09693	19.06479	18.05446	20.50148	20.22861	1.49355	1.10967	1.60357	0.92758	0.70299	0.60965	0.51059	0.71755	28.88317	26.8901	37.98516	31.2952	32.46833	33.46364	30.3348	33.07011	57.0687	63.49685	61.45223	45.29452	56.86446	64.47207	60.13108	28.40708	29.07784	26.39182	23.93448	17.93202	17.52765	17.48065	16.21236	45.87397	42.29851	48.75574
GH43_34	188.79168	175.4882	184.91912	178.11721	99.89668	107.83163	102.94268	101.87165	100.46098	125.06218	137.50645	123.32866	126.60528	86.08834	88.85054	86.42435	96.9943	113.58435	111.25323	123.98598	120.98519	126.253	64.525	79.04946	64.15676	74.70697	110.65355	108.38905	105.26494	147.29233	149.55558	138.37892	145.87485	111.57759	109.03045	117.14903	106.21309	176.96372	172.81433	186.74058	145.08213	142.15508	135.32059	136.59275	132.66569	134.02529	131.93614	124.50163	142.22269	136.81497	117.24739	132.94149	59.89511	108.41029	102.77842	109.70481	100.7158	99.69813	120.15238	123.48883	114.18433	119.67219	113.01273	96.82436	99.71955	88.09635	97.46789	64.4104	65.50228	75.57197	68.84923	57.53988	58.77472	58.72968	57.5229	57.01422	54.21928	57.04325	48.52682	85.12786	75.35322	88.19763	86.77472	82.91115	88.16378	73.07846	106.11985	103.151	105.91466	102.48222	80.87878	89.09561	94.93157	77.81185	203.463	206.66228	208.91174
GH43_35	25.23033	26.0793	29.10125	32.99101	38.01189	38.57684	39.78082	34.69937	40.16739	32.20749	34.26192	32.55851	37.05923	33.90892	38.791	40.76592	36.41144	33.91124	35.87173	35.84256	37.4309	28.04608	29.04924	27.5944	23.9269	28.05863	62.08571	66.48412	66.95744	63.29146	61.88616	65.05126	63.46895	94.22947	89.64334	100.27116	92.9842	27.06929	24.33041	31.44777	28.17848	27.77663	24.16108	23.86009	86.66348	83.70896	87.06077	85.01352	80.82609	68.30516	68.33772	73.98642	28.17362	64.58878	61.68598	53.93615	56.62637	60.88788	55.13956	52.63455	55.2123	52.65448	68.26632	60.99977	56.52281	58.19544	53.07843	73.91803	64.21751	70.92607	78.41493	47.27776	46.60958	45.03063	48.82021	44.39563	42.82638	50.99957	42.42395	76.44837	76.42357	76.32006	74.35775	53.20046	49.45903	43.16003	58.09936	58.77236	54.0187	47.64046	49.02531	45.30302	49.07105	58.37133	32.71511	31.94375	47.96206
GH43_37	3.13949	0.57183	1.16992	1.59332	0.19391	0.38873	0.77526	0.77557	NA	1.22467	0.40652	0.39934	0.62802	0.20175	NA	0.80302	NA	0.62275	0.20105	1.00194	0.80368	4.73356	0.43801	NA	NA	0.20073	NA	NA	NA	0.78813	1.56986	0.97773	0.41783	0.40284	NA	0.39922	NA	NA	0.39446	NA	NA	0.1961	NA	0.57322	1.1073	0.68361	0.8797	0.59492	0.21334	0.67169	0.21242	1.5017	NA	0.43533	0.46877	0.4362	0.6933	NA	NA	0.21504	0.20787	0.42823	NA	NA	0.46764	0.45739	NA	NA	0.22481	NA	1.25117	0.48923	0.21857	2.58683	0.23358	0.66658	NA	NA	NA	0.43239	0.44019	0.21591	0.41292	1.12646	0.66718	NA	0.38238	1.12647	NA	2.99964	0.65387	0.65841	0.44109	1.06069	0.77461	0.96347	NA
GH43_4	83.89862	81.15284	81.12226	72.64861	62.9877	60.20723	67.8767	58.99046	66.11155	108.44752	106.42629	108.01877	110.83018	63.69043	63.81166	63.5614	61.31677	56.06505	67.65779	63.91353	62.03005	62.90906	47.75759	49.84119	57.05726	58.73554	74.40321	85.46249	81.55992	98.00749	96.85735	99.98829	101.38301	96.61244	102.54565	99.05911	95.55541	135.96904	133.74459	150.05008	158.52442	149.48503	155.30006	155.88973	57.54413	54.2202	60.59606	51.31924	57.82554	56.69903	64.01499	55.2529	111.01495	47.66353	47.69669	41.37022	40.19418	38.13784	64.88364	56.91107	57.76043	62.86826	68.59292	57.82174	62.9623	63.20125	63.24795	50.63105	45.00171	57.05366	49.83366	38.98888	42.13393	42.833	45.74032	45.122	45.91246	51.1487	50.11642	43.83253	41.10838	39.90887	37.47552	49.56966	45.41462	36.96743	65.13725	62.89125	68.25259	66.68243	75.31695	73.01384	73.85148	58.57571	103.65959	95.53472	82.61031
GH43_5	NA	NA	NA	0.37117	4.19298	3.6843	3.34729	4.19259	4.81582	16.90907	19.236	17.65141	20.2227	7.03065	7.27325	8.15849	6.96246	25.04123	24.09239	23.17817	21.83064	25.38631	NA	NA	NA	NA	NA	0.34532	NA	1.57389	3.73146	2.36375	2.96841	2.63409	2.13834	1.67912	1.54938	NA	NA	0.56383	NA	NA	NA	NA	NA	NA	NA	NA	NA	NA	NA	NA	NA	NA	NA	NA	NA	NA	NA	NA	NA	NA	0.66719	NA	NA	NA	NA	NA	NA	NA	NA	1.92445	1.63095	2.88627	3.89517	2.36986	1.65439	3.99562	5.55052	NA	NA	NA	NA	NA	NA	NA	NA	NA	NA	NA	NA	NA	NA	NA	NA	NA	NA
GH43_7	1.2655	1.62119	0.7186	0.734	4.30465	5.60208	5.21222	6.4648	5.67839	3.83206	5.68883	2.79417	3.29704	6.28631	6.17961	6.42898	5.30554	22.46133	22.46554	23.96216	21.94333	21.9895	0.6624	0.88767	1.05483	1.39919	1.20224	0.79371	1.60626	12.81019	10.51002	10.51759	11.65793	12.16753	19.5194	14.46627	13.34583	29.00227	30.39455	40.00268	57.07962	53.31235	56.97054	61.38316	6.66405	8.72931	6.04882	8.603	1.3759	2.83949	4.30567	2.41899	NA	2.48215	2.92171	2.43032	3.14109	2.76129	10.83601	12.35862	12.99443	8.8289	13.38045	6.09145	9.04805	9.27116	7.09577	5.79581	3.11202	6.25441	2.68527	11.48351	13.87174	12.22875	18.61702	11.4292	15.83963	17.09621	16.05576	NA	NA	0.39785	0.41631	0.20757	0.4098	NA	11.14522	14.52802	12.82883	15.48264	27.79331	31.15284	31.7907	27.63967	2.15786	1.24277	3.99387
GH43_8	9.05868	15.79893	9.85519	12.13161	32.13343	30.63322	29.01322	24.37128	28.63904	9.745	12.14562	12.46693	11.59121	7.84512	6.15061	4.16954	5.88582	18.30294	18.36913	18.06606	17.23253	11.52484	9.71641	10.47286	12.97477	8.99744	11.85769	10.86637	13.58881	11.52561	9.36579	9.10715	13.59732	3.01746	4.78805	4.76522	2.07189	9.86857	10.82822	8.85908	10.69377	14.59782	17.38892	16.06185	11.48615	9.96745	15.23312	13.75232	12.25019	16.17533	11.51594	14.18574	NA	56.28244	43.0438	45.14028	50.96085	46.58053	42.35806	41.63271	40.45058	39.20799	33.77798	2.9025	2.11137	3.0342	3.7852	2.35801	2.99293	1.27992	2.08104	11.39516	9.5076	9.77938	3.89118	4.46898	6.11291	4.28731	7.01017	5.9889	4.63092	5.78567	4.53526	13.88915	13.41027	13.4811	5.29594	6.80962	5.9499	2.93229	6.11158	5.76596	5.97648	13.31432	9.97926	12.30942	14.16124
GH43_9	79.30263	87.99567	86.97539	84.89785	54.65957	52.88012	59.44868	56.97841	49.9711	96.09624	92.1044	90.96379	86.26172	49.20561	43.46791	43.65937	54.10872	34.37458	26.755	36.26237	33.40866	50.68738	26.65296	21.7487	27.53366	27.932	40.87901	47.5976	38.6917	96.71148	103.15509	99.63263	93.10667	82.78192	88.11709	78.67886	78.43879	61.99064	67.97569	63.88339	45.63725	46.87248	51.19834	53.7703	32.8567	32.69336	36.64894	35.57533	36.67173	39.19692	38.64167	33.76603	67.5735	44.83122	57.43855	48.90938	48.47198	39.51834	56.21698	56.99419	57.97654	47.7647	66.56406	79.5801	76.44105	85.28082	86.03236	60.43559	59.09244	66.73927	60.74568	15.92089	30.19025	21.88245	35.71975	37.87639	36.75109	34.49872	35.74043	49.62374	42.53308	49.59656	45.05195	73.89561	68.25484	75.84355	43.07883	45.28392	41.88252	41.25417	24.76879	28.11767	29.63743	16.62881	118.48857	108.83243	122.67758
GH44	0.24135	0.48095	0.47967	0.48995	NA	NA	NA	NA	NA	NA	NA	NA	NA	1.48893	0.24723	1.58015	1.78849	2.12026	1.58151	2.4391	0.19731	1.16213	NA	NA	NA	NA	NA	NA	NA	0.72705	1.20683	0.96209	0.25697	0.49549	0.73962	0.49104	1.07837	0.48737	0.48519	NA	NA	NA	NA	0.35253	NA	NA	NA	0.14129	NA	NA	NA	NA	NA	0.10688	0.44544	0.26773	0.38816	1.10369	0.30679	0.42236	0.20414	0.10514	0.35157	1.51365	0.97761	2.41749	0.81124	1.66051	2.54995	2.07117	2.30906	1.60181	0.98069	1.28432	2.45907	1.25975	1.37078	1.96237	0.76347	NA	NA	0.23573	0.20115	NA	NA	NA	9.05389	7.66319	6.50346	7.09115	6.57747	8.27775	7.72175	10.48837	1.42915	0.23701	NA
GH46	NA	NA	NA	NA	NA	NA	NA	NA	NA	NA	NA	NA	NA	NA	NA	NA	NA	NA	NA	NA	NA	NA	NA	NA	NA	NA	NA	NA	NA	NA	NA	NA	NA	NA	NA	NA	NA	NA	NA	NA	NA	NA	NA	NA	NA	NA	NA	NA	NA	NA	NA	NA	NA	NA	NA	NA	NA	NA	NA	NA	NA	NA	NA	NA	NA	NA	NA	NA	NA	NA	NA	10.52984	7.11898	9.80536	NA	NA	NA	NA	NA	NA	NA	NA	NA	NA	NA	NA	NA	NA	NA	NA	NA	NA	NA	NA	NA	NA	NA
GH48	NA	NA	NA	NA	NA	NA	NA	NA	NA	NA	NA	NA	NA	0.12975	0.06463	0.55216	0.42728	0.32167	0.42237	0.75136	1.10379	0.76108	NA	NA	NA	NA	NA	NA	NA	NA	NA	NA	NA	NA	NA	NA	NA	NA	NA	NA	0.56326	1.13522	0.55837	NA	0.43418	NA	0.28237	0.18863	0.87083	0.784	0.46459	0.07293	NA	0.35602	0.37049	0.21404	0.31393	0.4902	1.31245	0.50181	0.62165	0.87538	1.23563	0.32965	0.88861	1.42884	0.84031	1.72552	1.53825	1.33145	2.61809	0.38059	0.15346	0.26978	0.14537	0.15232	0.14583	0.23426	0.14512	NA	NA	NA	NA	NA	NA	NA	0.21752	1.84361	0.61792	1.68755	0.32111	1.97025	1.60339	NA	NA	NA	NA
GH49	0.26059	NA	NA	NA	6.11463	4.4691	3.52257	6.3166	1.30943	25.96168	31.48473	26.02596	26.95542	NA	NA	NA	NA	NA	NA	NA	NA	NA	NA	NA	NA	NA	NA	NA	NA	0.10469	NA	0.15669	NA	0.1614	NA	NA	NA	NA	0.10389	0.48486	NA	NA	NA	NA	NA	NA	NA	NA	NA	NA	NA	NA	NA	NA	NA	NA	NA	NA	NA	NA	NA	NA	NA	NA	NA	NA	NA	NA	NA	NA	NA	0.85799	0.8649	1.59286	1.17041	1.10374	1.0567	0.72036	0.46736	NA	NA	NA	NA	NA	NA	NA	NA	NA	NA	NA	NA	NA	NA	NA	NA	0.50929	NA
GH5	1008.36999	984.37196	1017.6697	932.81975	896.44345	940.01075	882.58505	912.347	1082.38438	567.48738	631.63715	625.3799	589.96426	997.30245	854.17541	923.74291	810.87651	1869.51511	1894.63973	1867.47008	1898.64518	2050.87238	506.85967	482.46165	464.30431	535.38271	568.93003	598.10649	577.31943	1138.9245	1082.55081	1166.80641	1149.6646	1039.3884	1027.63264	1121.66444	1092.79575	721.80134	758.96154	783.67825	602.71175	612.19396	630.51185	562.48453	1715.66518	1762.13689	1744.70873	1772.59259	1757.90271	1793.26475	1708.47199	1663.53926	1288.4548	1278.61748	1097.15655	1136.58549	1124.43622	1086.26991	1331.37867	1267.2856	1380.6845	1345.84424	1122.12237	1240.37503	1087.65534	1120.65247	1214.83365	1323.09923	1381.87018	1296.23549	1197.86145	773.58728	810.89921	807.45545	757.87047	744.42766	861.63297	810.85291	798.58943	1500.40122	1512.95175	1472.83045	1324.32321	1307.72539	1232.22607	1131.12468	1416.72654	1445.60532	1572.78132	1407.14481	1181.02051	1218.50014	1167.69891	1041.845	933.02047	1010.41094	939.84413
GH50	75.53527	77.16429	77.13253	76.42797	17.92573	12.73086	19.50385	17.16596	18.30815	21.94037	26.24902	32.08177	30.78193	63.36401	67.50506	60.06719	62.29815	41.26745	48.11077	44.20937	47.27599	53.78629	24.0951	32.67222	30.65339	26.30767	38.34423	36.39296	35.64877	71.68749	73.3181	69.0713	76.5254	38.1875	37.06958	35.80603	39.09387	48.71757	54.34484	46.68988	44.06333	42.63109	41.07579	51.42917	36.44069	31.89407	32.98352	34.38846	23.28359	19.68585	20.10964	30.42505	NA	22.59511	11.26493	16.74951	14.44076	20.31228	18.6728	20.4803	18.42573	14.24063	17.96018	47.20033	38.61123	43.52853	40.98663	24.70768	23.26186	26.32194	23.86502	29.12918	28.2284	36.41048	19.3936	19.62617	21.70536	19.39094	20.12368	14.81629	10.82192	14.68816	18.25829	16.78172	12.27655	10.58056	49.29243	52.24688	44.87748	48.13147	40.57391	41.84876	42.8089	51.84447	80.88711	80.22884	88.25241
GH51	478.68046	491.40109	469.46852	486.61959	412.54091	431.03878	426.48284	437.7287	419.54011	450.80276	462.28667	478.5841	476.11347	384.60053	404.67638	386.08709	381.27771	476.28097	491.17408	495.26303	483.12497	451.46569	348.96163	330.38053	343.36046	387.76806	511.19861	557.61807	576.12965	605.40379	589.72348	595.69995	596.54403	555.91914	539.74903	515.02038	559.09373	626.10878	596.41513	607.51036	590.16829	581.34575	623.82724	616.20854	455.74175	432.9795	468.38811	442.65663	465.63118	448.81375	452.40814	435.27721	425.12765	409.53578	396.85834	407.99866	399.05855	425.94947	448.80574	438.64574	457.21754	450.7586	442.36865	420.41822	389.69721	395.56661	396.75083	360.57215	358.96313	337.13704	392.68853	300.73262	280.85915	281.41493	334.37631	314.19301	301.76042	324.3036	308.06702	482.48898	482.05044	479.9744	483.6639	471.79619	463.89956	445.32592	418.78332	422.25276	411.06188	409.59102	401.10869	384.29264	400.38175	371.31955	566.06213	558.22185	565.6844
GH52	NA	NA	0.35012	NA	NA	NA	0.24019	NA	NA	NA	NA	NA	NA	NA	NA	NA	NA	NA	NA	0.19429	NA	NA	NA	0.27279	NA	NA	NA	NA	NA	0.24418	NA	NA	0.50018	NA	0.24417	0.24737	0.36217	NA	NA	NA	NA	NA	NA	NA	NA	NA	0.12676	NA	NA	NA	NA	NA	NA	NA	NA	NA	NA	NA	NA	NA	NA	NA	NA	NA	NA	NA	NA	NA	NA	NA	NA	NA	NA	NA	NA	NA	NA	NA	NA	NA	NA	NA	NA	NA	NA	NA	NA	NA	NA	NA	NA	NA	NA	NA	NA	0.34601	NA
GH53	236.05503	244.59892	246.17557	229.11169	253.41403	269.12725	246.53226	240.40804	276.75109	258.84857	245.28977	273.27364	252.60802	193.61989	181.92977	175.71941	179.09312	151.38639	159.26564	158.25985	161.01618	145.09847	177.60467	152.89998	189.50646	193.17121	222.40494	274.58342	261.9171	386.81694	388.55833	395.40818	369.23227	362.14353	374.80464	369.99966	347.5058	478.52204	452.44447	468.22828	363.22125	347.00902	377.27109	377.13283	295.96801	268.44777	299.36889	303.43717	280.05137	240.17984	265.79963	249.55315	375.6494	313.63675	297.31796	281.0626	294.0836	307.58304	371.03997	366.32714	363.44925	362.5338	395.57427	128.08801	129.04721	124.31478	126.79492	217.80265	222.74202	226.97833	226.95861	149.45169	138.86195	130.26405	221.1949	185.77615	205.28404	198.04639	211.09437	324.43221	316.46745	326.81304	333.46491	216.32328	228.10858	192.54835	240.43499	232.00973	241.02784	211.38001	250.01561	206.26143	245.22997	227.72488	264.58519	271.54297	277.08383
GH55	78.29839	76.12967	79.90584	76.03576	72.30859	62.05284	71.67724	70.72105	68.16206	49.11996	46.10244	43.50505	45.19356	27.76553	25.42894	30.09172	34.10004	50.87894	55.9163	56.23079	52.45162	53.81329	5.96613	5.61542	7.43805	5.72649	2.35071	3.42586	1.88735	69.30365	68.04141	64.8441	67.99302	76.45788	72.46135	68.80333	68.44405	82.94307	75.52574	75.83532	53.17545	54.34553	50.82078	56.17339	145.83681	134.4044	136.31803	141.19396	132.5421	132.66272	135.85446	138.66716	53.79754	49.20363	47.04432	52.72645	49.1174	53.07149	68.84227	78.59618	79.93865	73.31476	63.87157	19.77318	20.0555	19.50346	21.61393	11.20543	11.70706	13.18267	11.6918	26.05548	23.91494	25.12849	25.04523	24.67662	24.04218	22.86885	24.57573	134.60708	136.30626	137.72881	127.71429	99.67044	100.31739	87.30763	72.51342	75.19953	71.51647	76.04734	45.30408	44.38724	44.7754	42.17767	94.54716	89.64078	82.17636
GH56	NA	NA	NA	NA	NA	NA	NA	NA	NA	NA	NA	NA	NA	NA	NA	NA	NA	NA	NA	NA	NA	NA	NA	NA	NA	NA	NA	NA	NA	NA	NA	NA	NA	NA	NA	NA	NA	NA	NA	NA	NA	NA	NA	NA	NA	1.10618	NA	NA	NA	NA	NA	NA	NA	NA	NA	NA	NA	NA	NA	NA	NA	NA	NA	NA	1.17387	NA	NA	NA	NA	NA	NA	NA	NA	NA	NA	NA	NA	NA	NA	NA	NA	NA	NA	NA	NA	NA	NA	NA	NA	NA	NA	NA	NA	NA	NA	NA	NA
GH57	159.57563	166.1513	163.44353	151.31213	150.32453	141.86053	154.66671	145.67465	152.23931	141.64915	137.41692	147.51317	122.01313	138.56069	120.6819	131.55829	116.37521	180.66599	182.79253	185.13621	182.44463	210.65712	95.56887	90.20153	94.05475	91.13628	93.64976	96.0117	100.50588	177.59816	166.61608	162.41816	167.85896	147.14641	125.36175	140.58973	136.56801	198.42798	197.24096	205.86326	221.9995	193.56205	223.27931	227.33571	143.82771	133.22735	140.24283	144.57216	145.6375	124.97451	140.64357	149.521	24.73593	114.03506	119.313	106.4989	107.54585	115.24017	125.24865	133.56933	135.19185	128.06239	134.02952	118.79729	112.31081	124.35417	117.88369	111.72007	108.09286	109.20087	106.72181	155.96632	138.01949	140.0921	103.36822	100.32028	104.5784	98.70874	100.32269	177.37226	182.16928	186.94459	181.39801	186.6541	177.45409	155.59285	147.84674	137.9977	137.92791	133.08579	157.7474	163.57306	156.14642	199.56182	186.06545	189.48803	201.20794
GH58	NA	NA	NA	NA	0.14009	0.24763	0.2138	0.21389	NA	NA	NA	NA	NA	NA	NA	NA	NA	NA	NA	NA	NA	NA	NA	NA	NA	NA	NA	NA	NA	0.10868	NA	NA	0.3457	NA	0.22111	0.2202	0.16119	NA	NA	NA	NA	NA	NA	NA	NA	NA	NA	NA	NA	NA	NA	NA	NA	0.24011	NA	0.31514	NA	NA	NA	NA	NA	NA	0.51729	NA	NA	NA	NA	NA	NA	NA	NA	NA	NA	NA	1.09432	0.51365	1.78	0.95788	1.06971	NA	NA	NA	NA	NA	NA	NA	NA	NA	NA	NA	NA	NA	NA	NA	NA	NA	NA
GH59	0.25022	NA	NA	NA	1.93155	1.55504	2.03449	2.25309	2.78893	2.86616	3.65502	3.78767	4.63111	0.60192	2.05493	1.358	1.3688	9.6595	12.16051	10.976	12.74714	14.88884	4.99461	3.62351	3.08565	3.82769	2.87279	3.62322	3.75014	2.60574	4.89481	3.85227	4.20874	2.73633	2.70582	4.51199	3.06465	1.89703	1.63939	1.70697	1.25647	1.82452	1.46457	0.70772	14.50502	8.92142	12.66276	13.88277	17.37934	12.73778	12.92252	12.64848	13.36112	13.74437	8.85122	11.82599	9.97159	14.39272	9.05551	10.82883	13.06327	9.78167	10.93664	9.49324	8.84639	8.81826	10.46663	8.18549	10.22247	10.15446	9.57031	5.59379	7.2921	5.38547	3.2373	5.11241	3.76227	3.06149	3.18569	0.83141	0.83037	0.55598	1.03761	1.05957	0.74888	1.07166	8.92363	12.81287	11.19579	12.61691	10.40419	12.34672	12.48319	9.51549	NA	0.152	0.31272
GH5_1	NA	NA	NA	NA	NA	NA	NA	NA	NA	NA	NA	NA	NA	0.1418	NA	0.59251	0.2044	2.72876	3.0304	2.80688	2.88214	2.40463	2.50224	3.29245	3.24543	1.29398	0.62538	1.30471	1.15885	0.36064	NA	0.71584	0.76478	NA	0.8805	0.36536	NA	NA	NA	NA	NA	NA	NA	NA	14.72828	13.01173	13.19562	9.21475	11.90151	10.68539	12.31812	12.18454	26.60624	7.8066	10.55652	10.39663	9.69106	8.55594	6.97015	6.28262	7.87502	8.59458	5.40496	3.35602	5.65223	6.75443	4.35456	11.6574	7.06183	8.75417	9.89337	0.95094	1.85933	1.24961	0.59858	2.79388	1.8331	1.79492	2.93884	NA	NA	NA	NA	NA	NA	NA	7.12229	5.2428	7.28205	4.69066	4.48227	3.16469	3.9869	4.8337	NA	NA	NA
GH5_13	68.87071	55.94027	58.5306	60.47719	8.39883	10.23888	10.18691	9.63263	11.05296	14.01694	14.28579	14.64158	12.66816	53.17225	43.58849	41.14872	47.08198	58.78946	53.73486	45.46737	49.96244	54.84374	24.51326	28.12223	30.02267	29.06144	31.44233	32.16103	30.91059	28.46649	31.47877	24.98079	35.19807	12.09444	12.52552	15.14054	11.33602	26.22925	25.85627	27.77225	28.02328	29.39281	30.75737	33.79154	2.69187	4.0758	1.54777	3.96143	8.34418	6.24209	4.0645	5.98392	NA	20.42406	22.96848	28.19651	23.17475	24.51719	32.49664	27.66428	34.90985	29.51709	32.20745	22.59201	25.3622	28.43559	21.64636	15.2312	14.54883	17.65606	15.07666	21.58922	16.94994	22.88095	11.9671	7.64674	8.54645	10.99545	10.94317	11.37102	14.50082	14.901	16.9195	28.96261	21.58979	22.44608	18.13728	14.21783	17.28202	14.98235	13.28525	18.05218	12.55146	18.21961	58.90034	63.83817	60.17502
GH5_18	0.86137	0.17116	0.5121	NA	NA	0.69045	0.17212	0.17219	NA	0.18127	NA	NA	NA	NA	NA	NA	0.25827	NA	NA	NA	NA	NA	NA	0.39096	NA	NA	0.1765	NA	NA	0.68997	1.03074	0.17119	0.91447	1.05799	NA	NA	0.51168	NA	NA	NA	NA	NA	NA	NA	NA	NA	NA	NA	NA	NA	NA	NA	NA	0.76221	0.1983	0.38187	NA	NA	1.27628	1.12954	0.18198	1.31213	NA	NA	NA	NA	NA	NA	NA	NA	NA	0.20664	0.20831	NA	NA	0.20676	0.19795	0.60723	0.78793	NA	NA	NA	NA	NA	NA	NA	0.19671	NA	0.19705	0.44399	NA	NA	NA	NA	0.67812	0.16869	NA
GH5_2	82.68506	69.84206	77.5577	75.69003	54.67176	61.89034	49.2268	55.6966	61.17707	37.91851	33.92523	30.18585	39.41397	63.1995	63.1166	62.98285	71.80395	92.48259	97.30895	87.05015	97.7701	74.83785	63.78883	67.03653	62.05566	70.84254	90.55634	92.55857	99.20236	84.90157	89.5861	99.83473	97.5078	85.61814	84.5743	98.12573	95.75396	51.89631	47.2789	51.86252	37.06058	39.90017	37.53417	40.26151	113.7494	100.1586	100.00451	92.26443	92.01976	110.97025	101.19469	86.90025	NA	78.41676	65.57934	72.6669	65.22642	66.39738	84.67566	69.97262	75.19019	76.12265	69.10835	61.48425	66.75909	57.24006	67.04291	48.80972	54.12226	49.44987	49.93747	50.23872	62.86823	54.16365	43.77221	49.60471	56.37317	52.61506	39.11015	89.07234	86.90875	92.13452	90.05076	76.66804	68.00344	69.48712	93.85147	105.12509	105.57341	108.03351	70.36142	70.16086	71.44052	61.69522	72.09098	78.08048	82.76143
GH5_21	3.36179	2.79935	4.21232	1.07565	10.73165	10.05285	9.08133	9.8664	12.1441	11.11239	12.02331	13.31927	13.20567	10.09909	13.36948	14.31473	12.58511	30.96756	29.40564	34.91658	27.36705	37.42713	3.68214	2.33732	3.70327	7.10496	3.34149	5.22475	4.0532	27.88557	25.30105	23.40039	24.84084	21.79033	22.01991	17.67406	22.02852	29.45302	35.63911	40.52472	58.48019	50.30902	50.77058	69.55524	18.33258	18.80956	21.84866	15.83415	12.17348	7.44408	9.80725	7.83828	NA	9.19213	9.96171	11.16953	10.1161	8.54791	17.3469	18.36832	22.54802	20.84918	19.62637	27.49949	32.55197	32.23506	37.21045	16.31451	13.47452	14.94597	14.33402	26.78346	28.61722	24.93273	23.92972	23.33076	25.13676	23.09182	15.9073	2.25514	1.91662	1.6891	2.15362	6.07093	3.86635	1.98494	16.14963	11.38564	17.5728	15.45128	36.21839	35.45244	30.77968	45.56347	4.34155	2.81175	3.06867
GH5_22	0.17178	0.31029	NA	0.36472	0.31696	1.00076	1.19196	0.98183	0.6674	0.16682	0.33224	NA	0.17109	NA	NA	NA	0.511	0.17824	NA	NA	0.16421	NA	1.08667	1.27869	0.62113	2.01345	NA	0.247	0.8138	0.50257	0.34481	1.00812	0.51512	0.53026	NA	0.08737	0.25584	NA	NA	NA	NA	0.33194	NA	NA	NA	NA	NA	NA	0.38853	0.19272	0.33713	0.56549	NA	0.27043	NA	NA	NA	NA	0.36465	NA	0.18198	NA	1.13638	0.20174	0.41086	NA	NA	NA	NA	NA	NA	NA	NA	0.24065	NA	0.40908	NA	NA	NA	NA	NA	NA	NA	0.19723	NA	NA	NA	NA	NA	NA	NA	0.38564	NA	NA	NA	0.23726	NA
GH5_25	NA	NA	NA	NA	NA	NA	NA	NA	NA	NA	NA	NA	NA	5.30515	6.55634	5.30913	2.15157	18.62091	16.0363	18.02165	18.53174	15.5589	NA	NA	NA	NA	NA	NA	NA	1.1267	0.92604	0.912	1.16325	0.37047	NA	NA	NA	NA	NA	NA	0.18211	NA	NA	NA	NA	NA	NA	0.26168	NA	NA	NA	NA	NA	0.2013	0.22024	NA	0.6333	NA	0.58342	0.20964	NA	NA	NA	2.37248	2.87442	2.40637	1.7019	0.89268	0.70376	1.11094	0.29614	7.22943	7.44584	11.81831	11.30747	13.332	10.18978	10.47667	8.72655	NA	NA	NA	NA	NA	NA	NA	23.27547	18.42021	17.92497	18.2821	8.59689	7.95809	7.85003	13.99876	NA	NA	NA
GH5_26	0.17746	0.53046	0.17635	0.36025	28.89667	27.09668	24.30905	28.05583	24.9623	19.90749	19.83454	17.34662	16.82405	0.18247	0.21405	0.2152	NA	1.84059	2.18771	2.18045	0.90857	NA	NA	NA	NA	NA	NA	NA	0.21487	NA	NA	NA	0.22248	NA	NA	NA	NA	NA	NA	NA	NA	NA	NA	0.30522	1.34679	1.19565	1.53229	2.7072	1.03919	0.91163	NA	1.26364	NA	NA	NA	NA	NA	NA	NA	NA	NA	NA	NA	NA	NA	NA	NA	NA	NA	NA	NA	NA	NA	NA	NA	NA	NA	NA	NA	4.17146	7.54967	3.70906	4.87181	6.99875	5.48771	9.78574	NA	0.20376	0.20067	NA	NA	NA	NA	NA	0.70056	NA	NA
GH5_36	NA	NA	NA	NA	NA	NA	NA	NA	NA	NA	0.34484	NA	0.17758	NA	NA	NA	NA	NA	NA	NA	NA	NA	NA	NA	NA	0.17027	NA	NA	NA	NA	0.16646	NA	NA	NA	NA	NA	NA	NA	NA	NA	NA	NA	NA	NA	NA	NA	NA	NA	NA	0.38406	NA	NA	NA	NA	NA	0.19026	NA	NA	NA	NA	NA	NA	NA	0.19406	NA	NA	NA	NA	0.41073	NA	NA	0.20298	0.40427	NA	0.38765	0.40618	0.37945	NA	0.38698	NA	NA	NA	NA	NA	NA	NA	NA	NA	NA	NA	NA	NA	NA	1.79951	NA	NA	NA
GH5_37	0.33873	0.66718	1.17607	NA	0.33475	0.33554	0.29265	0.3189	NA	0.35236	0.34799	0.12815	0.66402	7.94374	8.61801	6.00158	6.55411	14.09138	16.12421	13.08822	16.9238	18.44364	3.25529	3.97485	3.06289	4.25778	1.01356	2.40357	1.10016	1.98012	1.63609	2.57964	0.57234	1.26042	1.1505	2.16893	0.68603	2.25949	1.10576	0.37763	0.52251	0.71839	0.47709	0.49478	12.76121	9.05582	11.72555	10.76904	16.63705	18.13141	12.46458	13.37399	NA	14.22961	12.8277	12.29513	12.07219	12.04791	12.9151	9.58711	12.77536	13.87804	17.84593	10.92936	7.96381	10.93698	9.15458	15.88453	15.69419	17.03048	12.03081	7.26994	7.9338	8.15095	5.25823	8.04183	3.98066	5.33135	6.50087	4.6873	3.90761	5.44096	5.70993	1.74564	1.79982	4.83824	10.61568	10.95985	14.10293	15.33743	29.49935	21.20332	19.43517	23.0322	0.50145	0.57525	1.49665
GH5_38	9.7791	7.06978	7.99446	8.6461	19.95375	21.09441	18.07216	19.79602	22.32093	4.26632	3.59493	6.90026	5.55363	2.09762	0.96952	1.12974	0.91948	8.85006	10.54843	6.86228	7.87132	5.70811	NA	NA	NA	NA	NA	NA	0.3202	NA	NA	NA	NA	NA	NA	NA	NA	7.32649	9.67202	13.13397	12.98076	10.24709	11.61254	14.05522	1.18772	1.75585	0.67495	1.12777	1.20125	0.53096	1.52811	1.22672	NA	1.2249	0.72838	1.22736	1.27103	1.20468	1.00458	0.86438	1.50401	0.68853	2.30246	NA	NA	NA	NA	NA	NA	NA	NA	4.48942	3.39419	3.3149	2.85794	0.93581	1.61268	0.73291	1.78315	4.89226	4.8263	4.3633	5.43801	20.55921	23.85172	15.61213	3.56019	3.44124	2.31888	2.41147	2.27785	1.76436	2.30492	2.55812	5.91586	6.19344	3.48484
GH5_4	61.24664	55.76196	58.5109	61.18687	53.20496	54.85222	47.46773	58.04541	49.96441	40.22506	43.47885	43.38856	40.4619	56.66298	60.2555	53.03505	59.16033	161.6112	156.93601	155.82225	151.49677	169.17151	13.69287	15.21452	13.84539	14.30475	10.93977	11.10965	12.54012	81.19022	81.69974	77.5555	77.11746	81.09311	80.35271	80.64493	82.67081	61.59056	60.76124	56.80367	40.12223	43.52947	39.58786	38.92054	135.4419	140.40019	144.62411	138.42691	138.77478	137.46573	149.90854	147.34028	125.08287	91.78983	82.36733	93.1809	80.63568	100.95348	100.01074	98.65779	98.19777	94.44469	85.159	89.01689	80.43612	100.30554	86.29294	118.02675	112.23373	108.66242	101.52434	60.32591	57.74935	51.6448	52.31513	48.58723	57.52331	51.37854	45.26309	158.27814	154.32212	160.46199	148.41978	107.95485	103.65178	110.0229	89.2017	94.34862	94.10207	93.00041	55.37057	61.14451	60.49226	59.89011	72.43293	74.24866	64.39624
GH5_44	1.80518	1.1447	1.47787	0.67813	6.14495	3.81311	4.28059	5.64273	2.7381	2.26275	2.40352	1.13814	1.61104	4.49996	4.29543	6.29356	4.05149	8.98534	5.397	7.35694	8.35471	3.9882	2.3747	2.88576	1.71671	3.33128	0.1603	2.97242	1.36612	2.09389	1.48054	3.33587	2.994	5.83044	2.38229	2.68865	2.42513	1.98233	1.35545	6.20077	3.24589	4.0308	4.33083	3.62673	1.78392	1.42371	1.66313	1.49003	1.64066	0.52815	1.17954	0.66645	NA	3.17584	2.13254	1.11627	4.08656	1.94584	2.64805	2.37509	3.17584	2.56735	2.97467	27.70116	18.23179	24.60472	24.08885	35.8948	32.00267	28.83628	28.13613	3.02622	4.76487	2.57641	3.51674	3.2563	2.15243	3.04443	0.36595	1.88718	0.90325	1.22673	1.8634	1.09026	1.51685	0.61392	2.7072	1.01835	2.27336	1.67122	2.49815	3.5162	3.67988	4.82132	1.97708	0.65766	NA
GH5_46	16.01519	21.25521	20.4321	20.20491	23.45107	21.25712	21.45862	23.89779	25.53778	16.97274	19.65302	18.34213	17.14578	27.48285	23.38646	29.11383	21.27768	37.64941	30.07132	33.084	34.52702	16.946	15.11589	13.4835	15.93774	15.2237	25.31521	23.12123	24.01132	21.95465	23.39154	22.20967	26.53881	26.92087	28.92391	28.49913	28.64239	14.76062	15.32625	17.88419	12.09685	13.34426	15.00194	16.14654	43.56249	38.52755	47.61164	39.64449	44.96712	46.62219	44.16151	45.85905	73.36315	18.92487	10.09608	14.07263	11.49436	9.32072	23.4603	19.18616	21.87304	21.64074	17.42523	13.88317	16.14774	11.90133	12.16971	32.94311	28.07739	26.74008	24.21207	15.43844	13.29013	11.33311	27.2298	23.4434	26.9152	26.33881	30.02835	42.72443	42.00217	38.45416	31.17953	41.0727	34.53093	31.0543	27.88469	34.70799	34.63869	27.97715	39.62813	41.65985	40.94019	33.68415	22.4204	22.37092	28.58899
GH5_48	NA	NA	NA	NA	NA	NA	NA	NA	NA	NA	NA	NA	NA	NA	NA	NA	NA	NA	NA	NA	NA	NA	NA	NA	NA	NA	NA	NA	NA	NA	NA	NA	NA	NA	NA	NA	NA	NA	NA	NA	NA	NA	NA	NA	NA	NA	NA	NA	NA	NA	NA	NA	NA	NA	NA	NA	NA	NA	NA	NA	NA	NA	NA	NA	NA	NA	NA	NA	NA	NA	NA	NA	NA	NA	NA	NA	NA	NA	NA	NA	NA	NA	NA	NA	NA	NA	0.36817	0.37447	NA	NA	NA	NA	NA	NA	NA	NA	NA
GH5_5	31.61689	32.03924	39.26079	38.32986	5.65896	5.14616	5.71064	3.97675	3.77308	4.97815	4.50682	6.75827	6.74628	9.45695	10.56602	14.28804	10.1551	15.20618	21.82395	24.04547	22.3266	27.46064	18.46285	19.51305	23.83813	21.3934	29.53735	21.5991	26.96992	67.26915	61.90205	63.38508	56.81534	33.19251	29.90189	32.56455	36.63806	7.41409	11.77583	12.18018	6.64579	7.5318	9.29638	8.94948	6.39561	4.86003	7.25308	5.45164	8.48191	9.70346	6.29808	9.17288	NA	10.50651	10.21849	9.82522	14.89799	9.44169	15.26939	17.20804	12.00247	20.71816	14.42486	20.93602	22.62224	23.64912	19.19868	13.93165	20.15063	12.19944	15.17353	13.54722	14.9498	13.38921	26.00078	21.54657	22.23861	21.11155	30.97075	7.56482	5.52836	5.17858	2.67234	8.6317	13.97526	9.50655	33.8156	36.28374	37.48471	33.85393	29.15699	36.17095	29.67238	40.05751	31.96703	33.08136	32.0854
GH5_54	1.82327	2.37715	1.47039	2.61567	0.18347	0.3678	0.36676	0.18345	0.77265	NA	NA	NA	NA	NA	NA	NA	NA	2.10003	1.31456	0.75273	1.31936	NA	2.67912	3.38856	2.25945	6.48632	0.87938	0.72973	1.2496	2.0284	0.72604	1.14399	1.7495	0.37546	1.12089	0.74417	1.08126	0.54556	NA	1.14501	1.59328	1.27662	0.36387	0.80544	0.40256	0.4045	NA	0.53543	1.79857	3.118	1.40087	1.01033	NA	0.4011	0.13126	0.98105	0.41464	2.74861	2.52637	1.90954	2.14585	7.24476	2.03237	2.25992	1.48248	1.89892	2.99326	0.20396	NA	NA	0.86425	2.12207	2.7234	2.77445	0.63067	0.6411	0.19513	0.41806	NA	0.40911	NA	NA	0.37903	1.24715	3.74531	2.09604	1.02909	0.63312	0.20367	NA	1.23732	1.84407	1.02466	3.01072	0.36645	0.54696	NA
GH5_7	17.98638	20.17183	21.54376	16.70403	20.48259	20.22871	21.03561	20.16458	20.68221	14.95192	13.85368	12.86278	11.12466	26.71669	24.23967	24.69326	25.7448	60.21246	52.9773	58.33804	58.18933	69.00378	17.27101	21.01933	28.01213	21.70558	5.91197	5.59772	6.78805	31.70043	29.98071	28.04009	30.35367	32.50075	28.57538	26.45286	28.16062	23.94866	27.10958	28.39595	21.42841	23.7649	25.5832	16.52264	75.16202	72.49642	77.80651	68.99823	74.25783	71.73223	71.7126	66.94707	57.07665	65.35508	50.70162	53.05379	51.51208	52.34587	65.73757	58.50845	64.00434	63.2505	72.72511	30.37776	25.15839	27.62753	29.20708	41.57225	32.12694	27.96278	33.8745	19.4023	18.49369	25.50132	13.80171	19.72738	20.3624	14.63225	19.31942	70.20217	63.32913	55.8516	67.53353	47.51941	51.39638	54.20365	46.05833	45.3594	47.40467	52.79733	70.71798	65.47061	63.84248	64.47997	26.73091	28.85721	19.04779
GH5_8	NA	NA	NA	NA	2.74826	3.34501	3.13932	3.14058	2.06675	4.33925	3.90964	2.42563	3.17885	0.20424	NA	NA	NA	0.82153	1.15337	1.21717	0.6102	NA	4.65591	3.98125	2.82444	2.43849	0.4024	0.9298	1.66663	0.19947	0.79462	1.18776	0.42299	0.20391	NA	0.60622	NA	NA	NA	0.61256	NA	NA	NA	0.28896	7.60937	9.36841	8.64725	7.35208	6.57991	7.90382	4.84562	8.04755	NA	6.75745	7.08663	5.51987	5.94494	5.05668	6.6765	6.45831	6.0125	3.2514	7.73173	7.98011	5.19785	8.35657	6.29783	18.6629	12.70433	14.23496	13.7897	8.00793	8.73861	7.23549	5.77136	9.34695	7.89655	9.84263	5.38908	NA	NA	0.43357	NA	NA	0.22514	0.7674	4.40992	4.56149	4.93983	8.6039	1.83872	5.11011	4.16768	2.14756	NA	NA	NA
GH63	166.30711	174.9411	172.45161	159.73486	109.42288	101.01733	113.4034	99.42831	116.07146	154.72402	147.74161	142.30324	149.53284	79.19406	75.9207	79.93174	79.7675	111.90998	109.99592	118.83454	115.40482	138.34464	85.7764	85.4373	88.10319	90.37096	113.73045	129.07055	118.46431	198.71076	190.54001	202.17789	196.17367	175.90708	172.21021	170.55479	170.78805	236.28102	249.96492	242.89971	219.13602	217.46733	224.70669	217.93	156.49308	155.29842	159.28997	161.48923	153.1554	142.74757	145.00117	146.06312	260.03307	130.59998	128.58146	139.86679	132.81465	122.05993	170.1751	165.98846	159.40205	159.29435	154.11038	108.86911	105.14848	107.79843	101.77795	83.43315	85.21042	88.66858	85.88139	44.19596	52.12875	47.39782	59.89516	59.48981	58.95475	64.72213	67.47524	239.51623	222.77184	225.90791	209.41271	205.16941	202.14592	190.32603	127.65558	128.16186	121.17316	115.26885	88.84602	98.55829	92.54204	86.42066	199.95215	199.54803	201.41456
GH64	0.28836	0.90412	1.90152	NA	NA	NA	NA	NA	NA	NA	NA	NA	NA	NA	NA	NA	NA	1.29064	1.12808	1.318	1.87727	7.04152	1.90843	1.47594	0.63786	2.00809	0.27467	0.5505	0.13918	0.60745	0.93568	1.6196	NA	0.64993	0.94133	0.18254	1.47749	NA	0.13329	0.84164	1.00285	1.82802	1.6144	1.73031	NA	NA	0.14801	NA	NA	0.47735	0.32744	0.8117	NA	NA	NA	NA	0.47569	NA	1.44882	1.20656	1.46435	1.78117	1.65558	2.80159	2.0212	1.14344	1.78587	NA	NA	NA	NA	1.78	1.29666	1.26724	NA	0.35329	0.15577	0.48754	NA	NA	NA	NA	NA	1.31626	2.88639	0.58666	NA	0.15745	NA	0.34939	0.30464	1.33751	0.50995	1.93999	0.32635	0.13467	NA
GH65	120.00825	114.68757	113.26757	111.82653	64.57119	61.84132	57.53151	56.73736	52.74174	45.10763	42.12745	47.0321	47.60991	58.59395	68.76965	62.91205	57.00318	83.51397	89.00785	96.22425	85.61381	84.20313	70.83176	76.05256	69.45616	78.0239	68.21489	74.02166	79.32069	75.00229	71.7633	70.88679	72.47032	87.46607	89.42236	90.10704	92.23977	94.05223	95.42828	82.73319	98.19946	109.1689	100.05337	103.83564	101.10076	113.14839	112.27408	93.98781	101.95739	99.13131	92.12782	93.32549	116.64474	60.10606	61.06096	67.75252	69.63569	73.66184	80.2882	70.67972	81.61231	68.2607	62.10838	143.92462	145.34158	152.97064	143.88436	159.8191	161.49862	157.93364	149.20738	116.56906	116.69118	108.24817	131.04478	120.02593	124.41832	132.90977	115.44096	117.90485	128.26966	125.79069	123.14914	99.77935	96.88419	111.1687	85.96228	92.42576	97.26629	93.183	111.11251	114.28403	113.10947	94.23009	131.8618	132.0981	163.07498
GH66	82.19595	86.65774	75.78268	82.1676	87.52189	74.21141	80.88454	77.09386	77.16278	52.62894	52.37368	54.66014	56.41418	48.4309	41.08049	50.47159	46.27533	102.36407	105.36248	106.46407	105.28205	141.34021	32.01787	20.91366	29.06316	29.86776	31.70804	28.68258	35.64891	117.89714	137.38105	124.84492	114.29058	102.47613	107.91142	102.96469	117.23396	66.79778	77.32755	77.34803	59.12596	53.75212	51.73892	61.19473	153.71395	138.09628	150.86366	151.67203	168.89382	150.21019	149.81019	147.35626	NA	55.2078	56.13927	66.66543	55.79094	60.38116	69.81759	69.00325	82.7403	72.77251	78.93922	53.04137	55.54928	54.42508	50.49555	94.23846	87.9041	84.91235	94.706	64.18699	65.29466	56.15846	94.16126	83.34913	89.32836	93.32009	76.76944	167.2429	147.06715	150.83003	169.11366	115.48427	101.69171	92.13348	107.09036	104.16242	107.26384	99.99013	55.48168	56.17999	65.18569	53.79414	100.70597	105.72078	94.59172
GH67	114.36107	138.22849	112.76288	109.98882	69.91615	66.49425	74.56763	60.72873	82.02012	112.16754	111.29445	130.12409	132.61473	58.769	58.46812	59.0521	58.03256	82.53443	82.33566	95.64271	86.83225	126.04424	34.39666	36.48751	23.87086	31.30575	36.46701	41.1862	50.20488	151.86431	148.58726	146.62957	162.57245	154.63125	158.95514	133.5886	152.68794	230.13307	204.66001	237.27995	241.3878	245.23866	243.97535	253.23864	46.19511	49.97629	59.96492	42.17056	56.87166	65.54287	56.9344	65.99314	91.2054	88.98172	66.6395	81.2691	84.44736	79.73734	108.10263	104.97921	102.69137	99.13564	103.09048	154.38275	135.88276	145.85686	138.28753	132.24389	120.08763	106.14085	111.60501	85.80934	79.08171	77.07078	111.27716	107.78885	108.17322	110.73399	102.95165	55.05044	50.1696	50.0349	73.4153	77.0512	77.64619	78.00894	67.53215	65.0241	61.49125	73.33609	111.52981	119.4671	119.92202	105.09602	138.61211	142.5325	134.48518
GH68	0.30251	NA	NA	NA	NA	0.13902	NA	NA	NA	NA	0.21194	NA	NA	NA	NA	NA	NA	NA	0.35362	NA	NA	NA	NA	NA	NA	NA	NA	NA	NA	NA	NA	NA	NA	NA	NA	NA	NA	0.27749	NA	NA	NA	0.21536	0.30059	NA	NA	NA	NA	0.20763	NA	NA	NA	NA	NA	NA	0.33292	NA	NA	NA	NA	NA	NA	NA	NA	NA	NA	NA	NA	NA	0.44604	NA	0.36056	NA	NA	NA	0.42311	0.17534	0.12239	NA	0.33478	NA	NA	NA	NA	NA	0.65142	NA	NA	NA	NA	NA	NA	NA	NA	NA	NA	NA	NA
GH70	1.36788	2.1733	2.39079	0.60863	0.6825	0.96527	0.90739	0.27311	0.34248	0.59475	0.58358	0.30509	0.36119	0.96254	0.54544	1.16593	0.88869	0.85579	0.81231	1.0107	0.61399	NA	NA	NA	NA	NA	0.28591	NA	NA	NA	0.71452	NA	NA	0.27993	NA	0.12071	NA	0.60543	0.60272	0.46227	1.05305	1.62289	1.19303	1.53275	0.46237	0.33732	0.3965	0.30116	NA	0.4376	0.48685	0.16715	NA	0.397	1.32179	0.81281	0.38644	NA	NA	0.26318	NA	0.26205	NA	0.17516	0.34428	0.3556	NA	0.33542	NA	0.07171	0.11715	1.86311	0.1792	0.75436	1.08036	0.86648	0.89005	0.86942	0.60606	3.15436	1.47771	3.31305	3.09633	0.86609	1.35877	0.438	1.56468	1.61293	0.74577	0.85259	1.56572	1.35005	1.71536	NA	0.96184	1.81316	1.98701
GH71	NA	NA	NA	NA	NA	NA	NA	NA	NA	NA	NA	NA	NA	1.34624	2.57246	2.12419	4.54586	0.98679	2.31863	2.11456	1.48899	3.97791	NA	NA	NA	NA	NA	NA	NA	NA	NA	NA	NA	NA	NA	NA	NA	NA	NA	NA	NA	NA	NA	NA	NA	NA	NA	NA	NA	NA	NA	NA	NA	NA	NA	NA	NA	NA	NA	NA	NA	NA	NA	NA	NA	NA	NA	NA	NA	NA	NA	NA	NA	NA	NA	NA	NA	NA	NA	NA	NA	NA	NA	NA	NA	NA	NA	0.71022	0.56128	0.33061	NA	NA	NA	NA	NA	NA	NA
GH73	518.08369	537.47455	506.72702	521.67473	492.18467	452.46052	490.13512	470.89031	521.75816	505.26946	521.86793	509.54802	499.79393	287.02989	308.19755	294.16862	281.27236	427.47572	461.76605	434.68289	447.87906	504.38624	254.68219	211.46726	250.76842	242.70438	254.17905	274.95077	280.08419	494.12571	499.4578	484.58411	512.43703	412.35368	434.29138	413.48314	431.98781	568.95648	566.82981	604.06993	560.6049	561.02728	598.65197	595.62338	341.16307	311.87463	345.85215	315.13694	340.73696	324.30866	287.61385	326.55133	305.56554	355.95541	344.41526	354.21188	364.22072	326.63466	446.99727	433.95664	460.73197	432.30896	442.53143	736.33572	709.81064	770.16396	719.6291	372.50832	394.32585	355.73448	408.56271	379.41629	373.17623	332.23678	303.42923	285.02787	291.56559	302.37102	324.36236	401.57905	352.04749	364.37525	335.16024	435.51687	411.51664	456.76421	310.37615	290.35602	284.73701	297.79325	390.89227	380.20364	364.25392	349.49627	496.94805	491.43224	508.2184
GH74	15.33592	26.21004	23.94113	20.32488	17.76327	18.37705	23.28411	17.50108	16.97014	9.91767	9.61254	12.27512	12.87764	4.63508	5.07641	7.17539	3.69461	20.78219	21.04432	18.66932	20.89232	38.55576	6.3549	4.14138	9.42789	9.63806	1.9179	2.22965	1.8448	28.235	26.6796	26.07542	27.25685	27.13133	30.15382	22.59394	21.34027	22.55195	29.53616	25.93628	22.37168	27.17544	26.66785	24.77876	56.26177	64.89068	61.10835	61.67453	64.73173	53.3446	59.32942	63.50457	108.62681	30.22769	35.44513	38.59303	25.70622	36.17646	32.56216	30.06421	33.74134	36.74432	28.5623	2.33763	5.01549	3.22124	2.43924	10.21268	8.70303	7.49359	9.03621	10.42961	18.94871	11.00217	15.55693	16.61041	11.8149	14.50403	12.72783	49.54982	46.3795	50.43024	43.75533	30.35272	30.61089	32.67964	41.69519	35.50086	31.88771	30.19094	18.51847	19.52907	24.36242	20.00201	31.18235	30.21935	20.21618
GH76	262.15562	262.65096	272.03452	250.87226	243.63726	239.1291	244.39265	247.26854	239.73182	183.52484	191.11265	183.86348	188.89769	106.39206	103.80716	109.79313	111.9783	203.88096	218.40184	221.76098	220.97836	198.92316	164.41346	173.42177	171.49649	186.90724	171.26282	164.65701	172.39863	200.10944	192.39499	196.50104	222.10556	148.44843	155.76198	162.51471	169.35056	171.98188	160.87291	170.13941	173.70129	177.86649	182.40521	180.75513	204.57473	206.92863	206.96639	202.49355	227.70482	214.06583	225.35318	221.96292	191.09468	210.15912	208.21351	218.38285	197.85517	183.89537	217.62029	213.98914	223.944	214.6349	223.02846	105.29809	107.91567	96.33341	97.61845	66.79965	52.87893	59.81611	62.49247	118.88868	122.45437	138.51134	110.64184	91.55265	102.37328	94.15493	96.41687	311.37351	334.49931	306.09622	304.87647	274.92825	299.70979	276.32535	219.91096	201.77791	213.28634	214.07494	137.93728	137.1048	128.81533	133.56574	282.64596	282.61264	272.05163
GH77	494.18178	498.18221	492.59365	489.85142	642.82462	617.68892	619.13094	613.21388	670.82453	587.87227	565.90408	626.89928	585.42537	572.18249	539.47381	561.10875	586.65103	507.63259	553.17912	520.03748	558.90104	581.58345	908.33692	971.30943	1013.59914	1006.49927	674.87926	770.83472	802.83246	573.32704	610.71942	565.83904	605.4294	683.99439	654.50755	664.85446	651.03125	503.49395	527.97028	484.64108	505.89818	521.6273	507.34596	518.73248	452.95546	432.84737	462.84138	432.18596	499.40125	494.87261	499.6686	459.0455	392.38531	502.66892	485.97125	494.53505	468.11278	458.25237	435.78093	440.42381	426.97019	431.45967	397.96735	497.86119	495.32148	497.00881	467.00778	632.95619	589.62772	576.86214	568.02696	416.09701	408.12355	398.15923	581.70868	555.87066	542.06426	560.30999	523.12936	503.98119	507.29021	521.24575	527.47663	462.06051	470.51668	451.86006	617.05509	595.84495	616.1248	580.97469	515.30237	539.81387	510.9783	522.67752	479.22321	537.09055	566.7764
GH78	711.62979	707.66773	681.64673	716.18271	587.46929	607.52339	583.65462	602.67199	588.13438	559.7979	551.39888	571.85335	556.83223	438.60551	451.88761	442.01324	447.42121	547.87034	547.86809	562.78367	556.43539	593.32088	414.21003	420.13699	430.00487	464.74547	440.63693	458.96793	471.13849	623.93857	623.82343	597.59043	594.14766	467.06496	474.83589	467.09849	467.5455	651.43505	660.31509	631.801	582.89667	631.86399	618.30753	597.4388	573.72237	570.74546	579.29455	578.59196	564.32831	556.97509	597.61912	538.4039	761.16635	497.43042	521.54013	529.49365	494.48528	476.80854	459.39822	443.51984	453.99801	451.38899	460.09108	490.77559	498.25342	513.28448	471.47814	444.92916	403.69149	419.45223	425.04145	332.65209	356.73005	338.78178	323.81915	304.1675	323.17716	320.70156	310.30647	503.52348	492.4308	487.52838	503.67348	598.60522	582.77864	582.72707	417.57339	420.64575	422.8652	418.93988	361.28976	342.40744	348.67701	298.8022	782.92476	836.3047	821.20218
GH79	0.70026	0.33705	0.40148	0.38277	0.29567	0.77539	0.63847	1.74764	0.8363	0.46534	0.40544	0.24988	0.15558	2.16032	3.31123	2.90625	2.6777	4.60939	4.13764	4.05823	2.90228	NA	0.16277	0.11142	NA	0.56118	0.29542	NA	0.61066	0.28969	0.20376	0.5312	1.21933	0.87021	0.8126	0.99361	0.80199	1.8933	1.13924	1.06576	NA	0.51394	0.37515	NA	12.25684	8.42575	11.75305	11.44335	6.31718	6.13445	6.18814	5.33384	27.85363	0.48531	0.89103	0.37168	NA	1.67054	0.70983	0.68291	0.3995	0.8889	0.53214	2.36241	3.17392	1.95316	2.5838	2.85515	1.85844	2.44797	1.99985	6.48562	14.69272	6.27449	2.06006	2.88115	2.48669	3.37201	4.38867	0.60916	1.10642	0.8779	NA	1.66966	0.16528	NA	0.16462	NA	0.21321	NA	0.97762	0.93717	0.56909	NA	0.93129	0.44483	NA
GH8	23.86165	20.93223	22.96844	25.62746	44.66277	40.79501	45.84345	50.49534	46.29564	38.50437	37.17734	41.48187	42.99771	43.41929	48.18752	45.10967	47.32991	44.4347	42.08727	49.61004	49.16338	44.2009	42.43339	36.81243	53.48006	48.35057	92.74028	82.34463	93.75344	39.13232	40.23821	43.15362	39.49659	68.08141	62.42524	67.19532	67.91012	48.13345	56.85599	49.10992	83.09482	85.21366	81.65777	76.51123	42.55262	45.96777	41.78757	48.68105	25.38074	30.32332	33.10817	26.51688	73.38758	38.16684	33.4622	37.4326	40.16757	34.55925	48.61485	43.10453	47.3952	38.84814	57.52665	61.79693	57.79642	61.92216	56.09986	62.527	64.4782	53.8433	56.85764	66.47844	65.63061	68.58707	81.02672	67.00137	69.21319	61.56329	66.60111	28.98588	25.87925	21.17954	26.80694	12.27274	14.3571	15.68236	70.3516	74.11241	74.81516	79.44747	89.18598	80.4089	86.42453	64.22581	20.43701	21.49026	18.41984
GH81	4.02356	4.99079	3.97518	2.63256	1.02683	NA	NA	0.16795	NA	0.3536	NA	0.40356	NA	0.19705	0.63185	0.41852	0.80173	6.05094	4.58676	6.61796	4.95404	NA	5.10982	4.26035	3.60838	6.57986	0.30046	0.27497	0.72513	3.23357	2.29158	3.82562	2.46143	2.71401	2.35326	4.10109	1.97357	1.50692	0.75794	1.59049	1.4253	1.40888	0.85025	2.44568	0.55609	0.21228	0.22223	NA	1.59778	1.61461	1.05586	1.445	NA	1.05746	0.66971	1.07675	0.78902	NA	6.49132	5.62159	4.91943	6.7338	7.09337	1.84417	2.96568	1.53115	1.75792	0.18159	NA	NA	0.70363	6.09121	5.05152	5.06748	0.32303	1.17228	0.54892	0.97294	2.36061	0.40591	0.57551	0.76717	1.13038	6.21461	7.44905	4.49146	3.07549	2.71837	1.25844	0.35114	5.30628	4.18977	3.43113	5.08684	1.19094	1.30518	2.2089
GH82	NA	NA	NA	NA	0.2621	NA	0.26197	0.52415	NA	NA	NA	NA	NA	NA	NA	NA	NA	NA	NA	NA	NA	NA	NA	NA	NA	NA	NA	NA	NA	NA	NA	NA	NA	NA	NA	NA	NA	NA	NA	NA	NA	NA	NA	NA	NA	NA	NA	NA	NA	NA	NA	NA	NA	NA	NA	NA	NA	NA	NA	NA	NA	NA	NA	NA	NA	NA	NA	NA	NA	NA	NA	NA	NA	NA	NA	NA	NA	NA	NA	NA	NA	NA	NA	NA	NA	NA	NA	NA	NA	NA	NA	NA	NA	NA	NA	NA	NA
GH84	163.7714	167.00235	155.71856	146.31209	162.8235	182.65424	152.69429	159.99074	166.0572	186.18961	179.44085	222.37488	201.60073	87.16705	85.08649	88.41958	94.08783	130.14718	128.89471	132.03986	148.95551	158.66562	96.24403	66.28248	88.67252	98.98951	88.20988	94.32671	106.49289	171.7922	164.48149	155.18941	158.67404	139.77469	140.45916	130.20818	134.42458	174.95327	174.70283	191.87131	140.80097	126.58814	146.55761	134.89016	107.46816	105.40776	118.47678	106.61374	107.9984	122.61814	100.05962	126.65188	116.57957	85.14128	88.79602	76.43768	92.68804	92.94321	114.42714	123.07103	107.76693	121.81188	141.40755	84.46366	92.77821	87.634	81.28497	68.52996	60.72567	61.77297	82.77024	55.95509	57.48367	51.84874	61.61373	48.2528	60.96525	53.91012	65.03606	176.26066	184.9823	168.98294	168.01453	168.517	185.25668	176.54749	98.28975	100.45627	106.29231	88.85002	104.59027	99.0157	90.61545	112.60627	202.10307	199.80782	193.45954
GH85	20.58625	21.36026	12.08121	19.23492	18.26353	18.37365	23.08425	20.07363	19.70294	20.46189	14.68837	12.59744	12.8217	20.65701	18.36195	16.86198	18.26442	28.99373	28.47478	29.30589	27.54163	7.04168	13.24234	12.77755	13.02551	14.02139	15.16276	19.27505	25.43311	22.75129	23.65126	20.40219	20.92625	19.20083	21.84334	21.42277	17.57785	7.85156	7.38885	10.41178	12.20574	11.24088	8.12486	11.648	3.99285	5.52972	8.38398	7.41779	7.60471	4.01683	8.13571	6.72572	NA	7.1058	7.83262	4.47366	6.29045	4.60808	15.83439	12.99972	15.2477	15.44022	12.62797	25.78787	22.49892	26.54223	23.88453	26.0275	23.7533	22.22377	25.25691	16.8943	16.89651	22.97841	21.48468	29.17262	19.82599	21.95967	19.4039	33.33021	36.35427	39.72058	43.60565	29.46276	35.98278	22.20201	36.31007	37.64671	45.03787	40.06946	40.39037	37.41335	39.42374	32.10941	23.2312	26.70292	12.63958
GH86	NA	NA	NA	NA	NA	NA	NA	NA	NA	NA	NA	NA	NA	NA	NA	NA	NA	NA	NA	NA	NA	NA	NA	NA	NA	NA	NA	NA	NA	NA	NA	NA	NA	NA	NA	NA	NA	NA	NA	NA	NA	NA	NA	NA	NA	NA	0.08457	NA	0.0852	NA	NA	NA	NA	NA	NA	NA	NA	NA	NA	NA	NA	NA	0.58132	NA	NA	0.09133	NA	NA	NA	NA	NA	NA	NA	NA	0.08873	NA	NA	NA	NA	41.95994	43.50777	39.23101	35.61861	41.83622	43.69598	40.73216	NA	NA	NA	NA	NA	NA	NA	NA	NA	NA	NA
GH87	0.9873	1.55713	1.02713	NA	0.15525	NA	0.17135	NA	NA	NA	NA	NA	NA	0.53804	0.96714	0.62969	0.25641	0.90321	1.96681	1.77817	0.71443	1.06052	3.60606	3.02828	3.42158	5.6753	0.72225	0.33841	0.8131	NA	0.15191	0.32118	NA	0.08896	NA	NA	NA	2.3894	2.98944	4.01842	1.38634	1.22193	2.08451	1.28427	0.16666	NA	NA	NA	NA	NA	NA	NA	NA	0.64032	0.84931	1.37327	0.65785	NA	0.26629	0.91168	0.16794	0.34678	NA	NA	NA	NA	NA	NA	0.39591	0.20411	NA	3.03446	3.42611	4.34801	0.18092	0.3759	0.17378	0.59269	0.7379	0.08482	0.09477	0.26954	NA	0.09362	0.09368	0.30128	NA	0.09454	NA	0.19552	0.35525	0.17865	0.19716	NA	0.69789	0.71339	NA
GH88	604.23431	613.18415	590.62946	559.4046	577.76586	616.91458	639.35781	596.44642	604.80565	724.04672	720.43344	775.75803	744.62757	250.45796	291.6412	255.07522	234.93599	349.58513	347.61252	327.5161	332.02682	341.59097	270.49009	278.69204	276.66964	308.75484	365.91407	373.58964	412.1902	775.93704	725.85174	762.60948	723.33408	624.2722	603.37567	619.44595	616.95624	708.40458	692.32434	737.57042	766.06125	755.61227	774.60317	799.71697	589.98675	564.6495	594.52037	597.78363	576.84002	547.66246	573.80181	585.95875	439.26493	473.26377	493.60163	478.31153	499.74016	500.71128	643.26787	651.36714	648.45338	618.05785	622.72412	526.93245	503.38028	509.8856	490.93183	383.97793	386.54669	371.57364	374.58248	292.15499	290.34156	268.745	259.18689	246.25871	285.41378	285.01001	265.47613	690.37305	696.72383	675.12919	695.90565	705.26066	718.60109	680.81824	387.20343	383.03332	405.1196	396.15774	500.71294	540.57929	544.15871	550.49045	664.03419	646.5012	738.84232
GH89	582.4417	586.10694	554.48526	545.83754	419.32455	406.82372	417.94122	396.9379	395.84485	547.80453	545.30106	572.84031	559.0999	348.32104	348.20713	342.35878	338.61542	325.67789	329.84763	325.77672	333.10439	370.29963	198.77448	216.08319	209.40418	248.05858	244.04807	283.58849	298.77315	508.91666	529.70979	515.72217	499.14856	389.908	389.73958	373.11014	351.85059	411.04897	385.71287	386.45347	388.71964	382.13154	408.62997	402.9461	175.10904	167.43881	186.54769	160.53181	148.27352	163.20719	175.68912	148.56947	87.20285	235.14369	247.07213	229.64509	244.94461	228.78906	281.35314	288.36633	276.23571	278.87079	276.15235	285.30274	257.74298	273.24045	230.72223	183.78284	206.07701	181.43814	216.48737	146.68072	128.08585	130.52917	165.62856	139.94499	148.89228	155.2611	147.22209	212.51036	195.84911	215.27914	189.98919	236.15653	290.53971	280.54447	256.83032	254.60506	261.11433	221.23042	309.9162	300.18293	305.31905	272.45663	615.48798	612.39667	720.0008
GH9	216.57977	219.1801	216.10816	206.13479	221.73979	208.4303	228.73316	221.68951	242.31109	158.58843	162.46619	163.40473	165.60799	105.74637	111.3611	113.16357	99.40503	194.44968	219.61365	216.32189	222.6848	246.95313	25.98341	29.04496	28.17255	32.06541	38.37659	48.88701	52.5189	315.29689	305.58627	284.68069	278.06243	313.6089	302.32919	288.65259	285.84753	269.43761	267.8533	262.53724	236.16548	245.25222	248.96508	255.32519	475.32748	454.16603	462.56365	448.5212	474.49044	446.31291	448.10451	447.87516	683.3158	145.30312	151.8337	152.20077	139.43584	124.43624	207.91649	190.69157	213.45567	196.15272	179.93651	69.56784	60.9182	64.25701	54.86771	70.28621	58.73423	52.49357	58.27645	127.22137	132.10309	119.8694	150.21741	137.33916	141.53899	149.9477	142.0346	417.20618	392.47853	416.07626	376.46943	292.73058	304.96861	294.9717	327.67527	310.06699	306.688	291.3648	210.92228	216.94019	188.3715	168.50573	263.2242	266.013	317.05203
GH91	35.86296	40.36221	38.62576	36.04322	45.15002	38.21369	45.78035	43.94071	44.79387	23.78728	28.07217	27.98695	29.44628	21.1244	30.15032	29.62332	25.81391	22.9374	21.03771	24.72181	23.54908	40.79256	8.46667	13.34611	7.09732	11.5791	8.83294	10.34161	9.72291	85.57794	70.92809	60.62515	77.81922	80.13464	71.02884	62.91134	77.136	10.6525	9.32232	18.07501	23.72007	28.12014	27.73704	26.76618	4.70403	2.13751	5.17922	2.91884	6.74541	3.59542	3.39701	1.93223	NA	15.80066	16.8623	17.2711	22.22709	23.28966	36.68905	39.88313	41.17458	44.79075	47.34248	23.00277	20.64416	21.11307	24.53903	11.59396	10.6036	14.21466	13.62536	8.41508	11.75934	13.32443	12.28458	10.75559	12.10931	15.96854	11.43718	44.83313	30.12723	30.00501	21.27509	29.37177	26.33506	24.13377	21.6554	20.20138	15.45272	22.98645	32.56422	31.05327	21.42374	20.11774	32.24238	29.82391	30.18677
GH92	2369.21182	2428.07129	2336.79932	2214.85031	1862.87333	1800.23519	1852.67853	1885.02346	1873.15372	1811.3398	1833.61789	2004.11588	1918.47442	1168.58286	1151.52051	1128.85	1135.68768	1461.82693	1494.14389	1477.73848	1475.93844	1736.3626	1308.45552	1342.41044	1355.87192	1431.44862	1327.59539	1530.29997	1541.36848	1837.14357	1900.42112	1926.14579	1832.52593	1490.14732	1495.4524	1464.1936	1474.0063	2086.83135	2090.38573	2050.0499	2123.30185	2075.59766	2193.50476	2119.50956	1887.06051	1759.43265	1951.93527	1917.98865	1886.75703	1827.07953	1876.87681	1834.98798	1311.71939	1456.5584	1380.17223	1404.20076	1347.69059	1410.77082	1521.30139	1470.60486	1570.61212	1501.39179	1559.3722	1269.73203	1257.87661	1197.73045	1156.67095	953.2923	908.25095	864.30297	976.26968	997.20404	912.92414	907.96714	835.34726	822.97966	861.50795	877.96416	839.63043	1686.42663	1647.12491	1719.07039	1696.24155	1816.99349	1859.58761	1904.15061	1262.57106	1235.46935	1238.78232	1262.31493	1283.42411	1266.13523	1294.49804	1194.07935	2730.99918	2783.81334	2726.57432
GH93	NA	0.9018	0.59494	0.60863	9.35627	8.96475	10.39339	8.47866	14.46009	4.8057	4.45564	4.53904	4.56689	17.79397	18.63394	21.10745	16.74511	24.05136	20.67423	21.71119	26.32664	9.76429	13.17339	12.38347	15.552	12.08535	40.57811	40.66531	45.38227	6.75398	8.1521	7.80503	9.99979	4.91338	5.71449	5.73117	7.61763	2.87323	2.512	3.42558	5.01729	4.43987	6.51437	4.66575	0.484	NA	0.66841	NA	0.65153	1.89798	1.13567	0.99026	NA	4.2366	5.17895	3.75634	3.03846	1.67991	2.17798	2.44423	4.04193	3.86801	2.90658	NA	NA	NA	0.79839	NA	NA	NA	NA	0.50965	0.41228	0.20936	0.21863	0.79354	0.16923	NA	1.00528	0.48541	0.17869	NA	NA	NA	0.33981	NA	2.57647	3.18894	3.47363	7.47865	8.92282	8.44965	8.87881	7.1284	0.44616	0.73978	2.54765
GH94	110.44307	120.117	120.10343	109.34958	164.02101	162.16081	152.83124	165.22696	180.21277	122.65637	117.92471	121.78921	131.05313	224.84285	236.97592	213.91751	218.41089	207.33732	192.30891	198.89038	196.97244	212.67217	177.14157	175.53219	197.54732	199.49798	266.17373	267.93534	242.04325	227.8652	219.02312	217.75348	220.27222	329.27817	348.18661	341.28803	324.06319	108.42093	113.54039	126.139	134.41505	131.21971	136.99666	143.45852	217.02843	205.16688	218.09128	229.36142	174.10718	170.45704	169.05277	177.82084	88.00443	224.38277	209.68936	225.4539	217.55321	222.21046	197.04857	192.82921	194.36427	201.41864	218.04707	292.33119	276.90847	286.98226	293.75463	404.46791	377.65117	368.58401	371.51618	257.80711	260.05818	235.34709	327.20303	299.61371	329.55837	296.87853	293.22976	190.19779	179.98842	199.21516	188.95525	129.03754	141.29836	135.08688	303.89687	278.21553	292.12127	296.47002	188.10517	200.43348	199.63638	189.29793	135.73833	130.34509	125.93111
GH95	628.55751	634.97892	634.50861	617.84976	475.6379	459.76889	478.22713	464.38815	465.50199	602.78155	595.74896	645.91117	626.13712	351.47119	359.90288	349.14995	362.06295	461.1914	466.11605	468.77583	476.77359	421.33169	367.51677	368.439	402.45308	407.40098	439.75436	466.59608	515.31736	644.64145	614.01765	622.5927	631.16066	487.9411	484.4445	498.48582	503.00917	685.20388	646.96851	663.54706	751.22812	713.55587	755.56886	753.6477	472.86248	434.55367	468.71614	452.88889	472.18621	454.60755	454.53138	455.56503	421.35271	458.78097	458.20984	449.94879	446.01565	435.66949	593.16345	591.885	587.74997	596.88012	578.7257	518.86272	496.18911	505.15463	462.02392	366.80561	350.23235	354.99518	367.06268	307.80614	280.54253	282.7105	288.13623	277.63726	297.61359	283.48233	289.04829	496.48022	511.96276	486.64516	485.0974	557.07016	552.37641	523.52797	372.13458	344.51962	373.18635	369.45291	537.90291	539.32437	544.3293	544.61076	691.30007	712.6777	746.43852
GH96	NA	0.22266	NA	NA	NA	NA	NA	NA	NA	NA	NA	NA	NA	NA	NA	NA	NA	NA	NA	NA	NA	NA	NA	0.25069	NA	NA	NA	0.27354	NA	NA	NA	NA	NA	NA	NA	NA	NA	NA	NA	NA	NA	NA	0.22129	NA	NA	NA	NA	NA	NA	NA	NA	NA	NA	NA	NA	NA	NA	NA	NA	0.29887	NA	0.96871	0.81546	0.25726	NA	NA	NA	0.17635	NA	NA	NA	NA	NA	0.31307	NA	NA	NA	NA	NA	NA	NA	NA	NA	NA	NA	NA	NA	NA	NA	NA	NA	NA	NA	NA	0.29316	NA	NA
GH97	1712.26129	1804.26318	1757.14632	1714.07304	1415.11114	1397.44727	1444.62409	1389.03709	1462.2983	1652.7983	1621.72353	1749.16167	1717.67983	983.02314	1019.27127	1021.57661	1030.36414	1308.25589	1364.7889	1358.54087	1377.39718	1487.31273	815.7658	852.86721	880.13861	929.30586	921.55483	1050.0947	1101.15194	1806.41799	1864.85702	1846.48175	1849.26393	1576.51296	1545.49543	1606.46093	1568.37285	1894.93434	1848.65305	1872.37252	1697.78923	1666.74205	1698.47387	1716.5837	1808.76823	1643.7599	1850.99694	1786.04918	1688.10648	1582.14266	1672.71943	1682.37591	897.08157	1286.18243	1211.53172	1249.24137	1216.97097	1229.94038	1473.23285	1434.70039	1439.98071	1465.87802	1469.53638	1227.26458	1157.62121	1161.41566	1135.84621	891.0829	833.82117	814.15328	883.05618	815.52733	725.96643	706.77037	762.13376	722.3462	786.63906	761.2977	786.12541	1969.69341	1985.14735	1988.51274	1974.46415	1863.7153	1965.67336	1803.54639	1166.20042	1131.60791	1125.56602	1146.64119	1169.10232	1142.7355	1175.66748	1071.64366	2003.51102	2068.36793	2095.22193
GH98	20.38301	23.3387	18.64924	22.31753	4.53197	2.89015	3.55568	1.68507	1.07941	1.41468	2.31439	0.82372	0.70012	3.12153	2.5477	5.12106	7.67383	3.28692	1.99086	3.38216	2.10681	1.87815	6.46139	7.07985	8.50593	6.02829	13.33859	10.72556	13.40411	19.01988	20.70039	19.18854	15.84441	13.96443	16.3678	10.43538	12.13699	11.65539	9.94462	7.37118	13.26258	18.27144	16.77149	12.41699	1.68148	3.63187	4.47795	2.18141	4.20766	4.48305	6.52139	4.4359	NA	2.45152	2.62334	1.21783	3.57549	1.68582	1.93361	3.54445	1.52316	5.64853	4.58383	9.42121	9.21161	5.67546	6.76678	3.27569	4.56095	4.75374	3.87201	3.35942	3.65411	5.09578	5.17343	3.70793	6.6748	4.64052	9.39047	4.6441	2.51771	4.76962	5.71076	3.46591	2.36364	2.83389	1.65368	2.65328	1.24093	4.82595	2.33663	1.6338	2.98687	6.45838	27.43694	19.64165	23.53183
GH99	13.30555	12.14182	15.52261	13.73975	9.93106	11.07879	13.45154	12.15977	12.07695	3.10462	3.05858	5.69057	3.83341	6.9746	5.09536	5.1275	3.49504	9.79586	9.63047	13.07858	9.81196	13.57243	12.4912	10.72563	18.91168	12.86356	14.16162	14.32201	12.39469	8.17854	9.01772	10.06059	11.26544	3.60724	2.33988	3.30413	5.95698	13.0497	14.6688	16.13291	16.43134	16.74242	16.24253	18.26314	1.85955	3.30959	2.5315	3.0794	11.97858	8.1591	7.81005	9.55591	NA	3.5034	2.13496	3.4306	4.63664	2.21688	3.04716	2.70899	4.08334	2.84979	3.83668	NA	NA	NA	NA	NA	NA	NA	NA	1.03286	2.59079	2.09775	0.33949	NA	0.32444	0.21088	1.30751	NA	NA	NA	NA	NA	NA	NA	4.43528	3.60063	3.29317	4.16362	7.27382	9.24425	7.80079	7.73729	19.23106	19.03181	24.56773
GT1	22.42773	26.55247	23.05973	23.30973	16.6628	17.72411	17.7822	13.6426	14.23946	4.7846	8.50548	7.79572	7.47119	12.37912	7.96942	11.54417	9.41814	10.70168	11.74919	7.85869	12.70316	11.17638	20.54113	16.11154	20.67921	23.76047	15.06893	16.07013	20.44421	7.62951	6.08735	5.06192	5.76906	6.58308	4.88808	7.59471	6.06868	6.77653	7.13283	8.15264	11.25637	15.41726	11.262	10.57652	18.25489	12.62745	16.9576	14.27404	9.59051	12.59497	13.27352	9.24357	NA	18.99603	14.96042	15.29498	14.22593	11.92614	16.52067	18.18252	17.11967	17.31383	14.07505	24.03045	25.03125	22.02408	17.94381	28.97697	27.61447	25.3175	28.1274	15.32101	13.81492	15.34781	15.68238	19.48758	15.62815	15.49733	15.81154	7.73243	8.92789	10.78836	9.5679	8.57012	11.8317	9.89252	5.31451	5.55409	5.89992	3.42606	7.85636	12.68556	10.67707	9.87276	31.51658	31.04795	38.0757
GT10	1.28397	2.23784	2.06678	2.26219	34.8911	25.69185	27.41147	26.85889	24.56581	9.16916	10.04103	6.96336	8.38611	8.2763	12.42582	6.58956	10.31856	34.27004	39.72928	32.8515	41.24692	45.36563	40.7959	45.15991	42.54836	46.52733	15.32185	17.27017	21.05191	23.60291	27.77173	25.77386	26.89532	31.99679	28.94612	26.50245	26.28421	51.36485	50.10547	44.40808	53.51265	52.56889	51.07733	59.87908	26.2985	20.81003	30.99902	22.61732	67.32022	75.2702	83.86135	81.38995	96.90486	16.70094	18.46547	17.77514	25.54578	16.51264	18.20649	15.88213	13.14539	13.3636	10.83218	8.41533	3.62836	8.47013	3.05611	24.40409	27.64656	32.10236	22.24994	8.26539	10.02758	6.39184	25.06442	23.26905	27.3049	24.39099	26.40709	15.48107	18.88888	23.72276	23.35953	21.15953	26.88985	15.32423	6.11197	14.2863	7.07228	14.0977	13.58473	10.7051	11.40691	18.43018	2.16544	2.33616	2.86594
GT101	59.36202	65.47966	54.72335	63.0894	30.28293	27.46129	28.49509	26.84757	32.43052	17.04683	19.0387	21.49621	19.76217	5.73694	10.23624	9.67808	11.81594	19.87676	20.52144	19.44325	22.81369	15.81196	22.48719	29.35855	30.23571	24.19319	18.60888	31.02478	24.22664	70.03034	70.92131	77.46549	71.49461	64.00519	74.84162	69.01178	74.89289	6.32542	7.43921	9.97804	8.9357	6.76737	7.43517	9.3386	18.19102	12.4538	14.87639	22.57822	22.22583	23.66952	23.72257	32.84086	NA	53.27933	58.65141	62.82877	52.99508	52.46748	66.71263	78.61209	74.12582	83.06306	70.64943	24.96906	22.94442	23.83977	23.64629	27.10357	23.35428	26.68977	24.25444	24.71689	18.4127	9.89437	5.50208	5.58464	6.37051	10.34708	4.55003	15.76832	19.38386	21.73833	12.02605	17.89182	13.9762	12.15657	3.5105	7.44481	4.7539	7.83077	11.38388	9.83066	8.98909	12.82245	23.09185	28.20849	14.38531
GT102	NA	NA	NA	NA	NA	NA	NA	NA	NA	NA	NA	NA	NA	NA	NA	NA	NA	NA	NA	NA	NA	NA	3.69961	2.32395	1.84104	2.54315	0.41967	0.83118	1.05131	NA	NA	NA	NA	NA	NA	NA	NA	NA	NA	NA	NA	NA	NA	NA	NA	NA	NA	NA	NA	NA	NA	NA	NA	2.98752	6.69611	4.60542	4.7693	1.58211	0.65966	0.90816	1.31681	1.35638	NA	NA	NA	NA	NA	NA	NA	0.49428	NA	NA	NA	NA	NA	NA	NA	NA	NA	NA	NA	NA	NA	NA	NA	NA	NA	NA	NA	NA	NA	NA	NA	NA	NA	NA	NA
GT103	NA	NA	NA	NA	NA	NA	NA	NA	NA	NA	NA	NA	NA	NA	NA	NA	NA	NA	NA	NA	NA	NA	2.10246	1.32068	0.837	2.16788	0.23849	0.70853	0.23898	NA	NA	NA	NA	NA	NA	NA	NA	NA	NA	NA	NA	NA	NA	NA	NA	NA	NA	NA	NA	NA	NA	NA	NA	2.35078	2.71811	3.14067	2.98139	0.8991	0.74976	0.25805	1.24723	0.51388	1.71842	NA	NA	NA	NA	NA	NA	NA	NA	NA	NA	NA	NA	NA	NA	NA	NA	NA	NA	NA	NA	NA	NA	NA	NA	NA	NA	NA	NA	NA	NA	NA	NA	NA	NA
GT104	7.93073	4.79971	5.05856	5.20234	6.13874	5.79809	3.77241	6.75667	6.01205	2.22672	1.65814	3.37965	1.30978	4.23764	3.43805	2.70226	4.76196	4.59114	2.8196	4.49777	5.56098	5.81347	4.62154	4.34854	3.56056	3.42099	4.56113	4.38231	2.82552	NA	NA	NA	NA	0.13248	NA	NA	0.44506	3.40975	2.83339	2.17403	2.43902	2.63998	4.55663	0.94481	8.65334	4.76236	4.87244	5.75295	2.52463	3.89384	2.3705	2.73347	NA	2.88655	3.7548	3.18158	3.14504	1.98723	2.76191	0.85553	2.48101	1.84567	2.37383	0.4535	0.62016	0.75821	0.48635	3.08971	1.9197	1.70733	0.42945	0.41174	1.28793	NA	1.75411	0.74069	0.51016	0.52368	1.35511	NA	NA	0.55039	NA	0.43074	0.14173	1.4749	0.30271	1.03415	0.43961	NA	NA	NA	NA	NA	4.61567	3.82899	4.62856
GT107	11.87248	15.84493	12.37064	8.14698	NA	0.21412	0.12256	NA	NA	NA	NA	NA	0.14675	0.61299	1.07869	0.5601	0.70514	0.64827	1.30144	1.02863	0.8033	NA	0.66182	0.88401	0.28301	1.18696	0.42834	1.1163	0.16869	0.29371	0.82048	1.07833	0.23948	0.11281	1.23531	0.4592	0.59832	1.31076	0.15338	0.83513	1.37804	0.72342	0.86738	NA	1.49612	0.67426	0.52799	0.74845	1.29794	0.16041	1.51678	1.73117	NA	0.6288	0.53037	0.74216	0.68432	1.15496	0.79354	1.08688	0.65001	0.73762	1.11608	0.93804	0.33835	0.33094	NA	NA	0.08419	0.2394	NA	2.84369	1.09869	1.49007	0.70966	0.37547	0.63613	1.14076	0.16312	0.08413	0.1615	0.07939	NA	NA	NA	NA	0.17236	0.70861	NA	NA	0.40356	2.0229	0.26039	0.7824	13.82976	8.5933	10.16617
GT108	0.16418	NA	NA	NA	NA	0.33554	0.16729	NA	NA	0.17618	0.52634	NA	0.18069	0.84694	0.51101	NA	0.24416	0.68134	0.33761	0.50473	0.33738	NA	0.18904	0.18999	NA	NA	NA	NA	NA	0.49628	0.32951	0.32836	0.35081	1.52199	0.16829	0.16759	0.24536	0.33268	NA	NA	0.82663	0.16464	0.65556	0.48127	NA	0.3719	NA	0.24002	NA	0.55447	0.35669	NA	NA	0.3655	1.34466	0.18312	0.94816	0.62906	0.52457	0.73494	0.34905	1.07862	1.20231	0.23271	NA	NA	NA	0.50916	NA	NA	NA	0.9869	0.39794	0.46637	NA	0.19749	0.57189	NA	0.38561	NA	0.37995	NA	NA	0.19446	0.19196	NA	NA	0.37831	1.30403	0.83949	0.36599	0.55279	NA	NA	0.50145	NA	NA
GT11	163.6526	160.42029	167.99922	154.48209	122.21055	114.98252	115.64119	116.95041	132.09586	155.35891	156.78521	151.72702	145.48179	83.96107	88.77974	87.09769	83.27769	91.31293	93.58671	90.31663	91.70616	85.77492	142.96506	128.73259	152.03457	164.09429	166.45191	159.27014	178.10667	241.11775	237.04767	233.72873	240.34337	196.73358	194.18642	198.20975	204.71956	238.8658	225.51814	230.17537	209.76425	217.1142	191.85445	211.9389	140.75766	146.80025	143.78565	152.75787	142.64031	141.62731	151.04114	154.90088	51.8726	132.73152	133.34082	129.64892	145.43932	160.93255	179.73168	184.22616	173.73226	172.93654	199.51097	126.61665	128.49842	130.81516	148.41839	97.9562	103.55685	94.54412	111.09671	64.53559	63.01307	65.6962	71.38192	75.12349	75.69858	79.42846	71.17954	217.05807	226.18853	234.42599	244.86624	258.2315	245.98338	247.05714	129.81677	136.05872	133.55783	141.92114	120.00319	118.18453	116.20884	128.63579	183.89964	176.85962	202.44315
GT111	314.8663	297.06053	304.61096	280.14528	207.03175	197.81278	195.81223	209.64344	219.42207	303.06377	282.0768	319.6547	297.15682	125.84661	144.45642	134.39872	145.16475	127.14229	148.89315	138.3588	152.72932	139.13622	136.83276	160.35023	135.95913	155.56226	241.82669	232.65745	250.54618	134.01683	132.95575	140.57206	140.01272	175.7978	157.83363	164.97061	165.02188	335.42744	350.4378	309.87478	258.40263	234.55904	265.64776	262.84727	137.93743	136.92791	127.51862	152.35126	129.40285	131.61697	139.52338	125.10715	NA	94.56046	96.62428	102.85213	102.6665	84.75821	92.71667	109.60384	93.7153	97.81859	96.46701	159.72351	167.64452	158.31359	163.46101	179.77633	194.57571	172.51413	197.95675	100.03121	118.43883	94.7977	139.28576	122.36597	107.61863	124.523	143.21558	128.00608	122.61922	141.15483	121.58017	152.77555	138.49183	161.98608	118.18425	102.68854	119.61036	99.93365	104.0697	98.55895	115.20536	97.20376	241.19365	255.20217	237.23213
GT12	1.80111	2.15352	2.86369	4.38758	NA	NA	NA	NA	NA	NA	NA	NA	NA	NA	NA	NA	NA	NA	NA	NA	NA	NA	NA	NA	NA	NA	NA	NA	NA	NA	NA	NA	NA	NA	NA	NA	NA	NA	NA	NA	NA	NA	NA	NA	NA	NA	NA	NA	NA	NA	NA	NA	NA	0.45378	NA	NA	NA	NA	NA	0.44831	0.86672	NA	NA	13.84502	15.92854	22.08818	17.34955	4.84966	6.40987	3.10066	5.51513	43.69361	38.45358	48.01633	35.32662	42.42586	61.04486	36.704	47.14653	NA	NA	NA	NA	NA	0.43767	NA	54.05276	45.66782	46.28627	47.2263	14.15493	12.52556	9.11471	18.78687	4.62162	5.30629	1.59159
GT13	0.28228	NA	0.84152	1.14607	NA	NA	NA	NA	NA	NA	NA	NA	NA	NA	NA	NA	NA	NA	NA	NA	NA	NA	NA	NA	NA	NA	NA	NA	NA	NA	NA	NA	NA	NA	NA	NA	NA	NA	NA	NA	NA	NA	NA	NA	NA	NA	NA	NA	NA	NA	NA	NA	NA	NA	NA	NA	NA	NA	NA	NA	NA	NA	NA	NA	NA	NA	NA	NA	NA	NA	NA	NA	NA	NA	NA	NA	NA	NA	NA	NA	NA	NA	NA	NA	NA	NA	NA	NA	NA	NA	NA	NA	NA	NA	NA	NA	2.50437
GT14	140.71229	137.69317	126.05224	133.39992	112.06483	115.09212	122.20789	109.75791	110.36656	136.87854	133.2823	143.2537	130.02905	111.20139	120.02933	112.48743	114.20871	145.25396	155.38586	149.67692	154.9108	111.51279	15.60209	18.86714	21.40323	19.87669	24.16703	23.12628	21.89286	153.90316	136.39392	152.79687	138.31636	140.56394	131.83077	136.09598	129.91149	80.01955	76.34921	86.79687	85.1906	81.65505	86.57585	73.86667	96.09915	89.52539	93.72899	96.30433	99.28569	100.74971	101.63792	98.91614	34.1908	86.13893	73.54811	83.71569	76.42911	68.66403	53.86455	52.03763	50.94319	53.3223	43.68413	84.59587	85.61237	88.27289	83.40264	83.42849	78.73337	70.21341	84.84203	45.56559	45.27112	45.28296	32.63561	34.53868	30.86617	34.82175	39.20675	153.43052	155.8487	150.64866	159.46065	125.62111	127.53759	134.42772	55.87289	60.17943	53.85638	67.65006	69.26649	73.75021	77.79465	64.01463	153.39722	148.97708	153.77628
GT17	1.62581	2.13269	1.44424	0.43237	NA	NA	NA	NA	NA	NA	0.17545	0.17235	0.36138	0.18113	NA	1.10401	0.52219	8.08278	10.63398	6.44258	9.14984	9.16019	2.73991	1.34827	1.59599	0.52531	1.04397	0.68705	4.15294	0.68782	0.78273	1.02805	1.0188	1.85517	2.82883	2.7027	3.57714	2.2106	0.51283	1.31218	0.17207	0.22576	0.17058	0.50499	0.56284	NA	NA	1.04762	3.87902	6.17535	5.40888	2.83277	NA	3.42428	4.26857	2.56464	3.70591	1.30946	2.33696	1.57772	1.26171	1.47853	4.94424	NA	NA	0.4062	NA	0.20359	NA	NA	1.10871	4.33962	2.00686	7.89663	1.0509	1.83831	NA	0.36375	NA	1.09376	2.40296	2.78718	2.47292	3.49826	4.16348	3.91722	1.01465	0.39133	2.12421	0.43687	3.01928	2.90687	3.48645	NA	0.50679	4.01947	2.26886
GT19	263.46418	243.00162	248.49803	228.54426	191.25572	190.86852	189.34756	184.91039	189.04611	197.38942	197.45054	206.02065	207.68011	153.90608	156.54885	144.45453	156.93862	201.64464	200.03928	182.19369	200.34935	213.87586	108.43197	112.45159	109.08223	118.22837	120.53969	143.81287	141.19761	215.2387	209.25981	214.21235	204.26876	178.48204	180.22606	176.03474	197.657	287.57206	292.90778	267.8357	268.76362	263.83514	262.50527	260.17005	182.76296	178.83947	191.56753	175.72134	176.00478	159.18156	171.1471	178.47861	227.18223	124.57202	136.6876	148.78532	125.44928	138.68504	153.70655	151.62749	167.71317	160.93391	147.07097	141.11821	122.86394	135.41063	125.79156	106.48555	100.2231	101.93555	119.15671	110.00997	102.61998	109.36468	105.88907	108.62966	109.82367	117.26483	113.70403	223.5224	191.87912	191.343	178.17217	188.46169	196.66161	192.30398	142.81136	135.49572	133.09172	132.75786	184.26042	153.11727	178.36553	194.81401	248.85407	248.45131	259.26559
GT2	7487.07563	7640.66628	7454.3217	7322.21893	5759.69023	5715.52653	5703.60834	5657.85689	5839.4703	6153.90229	6167.5042	6304.44012	6264.65743	5340.04031	5307.40687	5261.83737	5348.60801	5875.7883	5949.67874	5864.29232	5977.41933	5848.874	5174.24479	5187.19654	5273.08518	5634.11361	6941.16867	7170.43855	7297.6385	6666.56137	6704.71061	6691.84276	6655.88793	6627.83483	6743.21196	6842.79773	6837.47959	7259.59768	7155.18083	7230.9971	7013.66084	7001.24333	7115.73764	7071.75954	5932.14063	5785.32014	6036.81433	6025.63548	5516.74893	5424.25071	5479.4055	5491.72504	5213.818	5655.61721	5470.37108	5479.2264	5455.88497	5684.93376	5717.5294	5635.65672	5736.67822	5783.02292	6063.65524	5124.371	5012.90238	5081.34466	4993.3116	5134.02526	4968.84253	5049.77514	5194.46661	4539.19844	4516.37564	4437.89478	4758.31053	4647.21525	4753.38335	4685.4342	4864.91582	5992.12172	5923.78033	6067.41908	6131.18287	6168.03189	6273.95597	6311.81034	5629.40575	5621.56799	5664.83071	5735.66577	5672.24601	5633.47393	5808.46554	5901.70029	7862.61538	7879.68694	8064.28085
GT20	169.55376	156.99529	153.17427	153.67842	141.15479	135.94609	150.45449	142.67159	161.08265	153.13999	152.75828	176.62877	166.03021	74.14176	68.99288	63.74081	66.10374	85.62831	81.23173	96.62414	92.86908	118.92005	60.59176	55.09045	45.84241	61.30805	71.10161	80.79119	92.13638	180.65136	167.92987	184.93733	189.73015	149.23939	156.63807	143.69918	139.46368	189.93099	166.63189	198.58347	143.18325	136.42511	136.03867	142.90112	150.70232	136.35937	144.92893	138.48885	148.35051	142.35019	128.55338	135.0643	89.44143	82.06939	91.72642	82.89878	93.45541	103.4879	113.09525	113.40908	124.21028	117.74128	130.48726	73.72244	82.8021	86.71272	79.74285	54.71822	56.25583	55.42509	61.29379	56.21029	42.38448	48.13521	54.00341	55.65945	56.86209	55.48442	53.94952	174.89932	173.63954	181.47384	187.03317	203.5413	184.55972	190.48073	111.67027	109.43446	107.35558	123.17788	81.16411	87.6628	86.67403	76.21992	202.53513	214.64119	210.84832
GT22	1.67765	0.36877	0.99384	0.87015	NA	NA	NA	NA	NA	NA	NA	NA	NA	0.70658	1.18204	1.24881	1.49314	0.9816	2.65501	0.99197	2.77532	4.13383	0.20103	0.20204	NA	0.19011	NA	NA	NA	2.41636	1.31687	1.3145	0.71094	0.89753	NA	NA	0.27962	0.18956	NA	NA	0.53616	0.26076	NA	NA	1.78675	1.77988	1.95808	0.4942	0.84246	0.78293	0.42822	0.13626	NA	0.28944	0.3012	0.29002	NA	NA	0.55387	1.03593	0.27641	0.28472	NA	NA	NA	0.6903	NA	0.5001	NA	NA	NA	NA	NA	0.41487	NA	NA	0.33639	NA	1.38746	NA	NA	0.2871	NA	0.2068	NA	1.01214	2.90177	2.95084	2.58262	3.14246	2.52224	2.88502	4.27054	7.13164	0.93657	0.72859	NA
GT23	79.2404	81.0689	83.10946	75.91103	34.5253	30.79479	34.04155	32.14328	32.71795	74.11433	74.21597	90.85038	74.91453	38.76594	37.75469	48.66744	43.60378	24.47121	28.98804	30.29275	25.72441	29.21159	39.51518	40.61674	39.52086	46.71743	59.33906	63.31142	70.22366	72.15403	74.60017	69.59489	76.94748	62.93792	77.33432	58.43267	71.2336	117.32633	117.98769	136.90197	96.86713	88.60549	92.81011	98.86617	30.96369	34.87159	38.26352	40.77029	33.18864	27.02613	33.63562	32.21748	81.76163	38.76578	33.80997	36.88697	32.68492	42.7428	42.99992	46.21693	43.55845	45.44398	44.05451	58.95122	59.35297	69.46861	59.45231	49.52388	51.67023	48.47896	49.82364	13.80754	14.9668	11.56908	25.58813	25.05988	23.1564	25.44699	24.06339	53.6435	47.5055	47.50314	59.53922	58.88732	66.78641	69.97535	37.67577	31.35053	33.40508	31.64681	26.232	23.10526	28.19025	21.07995	95.5349	103.06181	116.99702
GT25	22.67408	23.51382	22.60184	12.60498	58.31753	52.54867	62.07224	52.51545	55.31028	40.35868	33.12273	31.58268	34.50666	15.60407	15.04144	10.95058	12.78206	32.28054	23.07587	34.52074	33.49757	33.0173	13.10161	14.80999	17.42029	17.56215	33.49855	22.79309	24.69283	15.05312	15.55866	17.66497	14.01456	13.55217	16.11257	14.2243	17.11767	1.96638	2.05993	NA	5.89667	5.29873	6.18179	3.14094	21.93662	25.55558	25.28142	20.09494	16.43138	15.23696	13.81436	15.37569	NA	8.3653	5.56395	9.35759	7.46433	10.02552	9.91648	8.12821	5.31979	10.07922	8.65306	17.72183	15.4874	15.43356	10.11804	1.30601	1.76464	2.66748	0.90763	4.86677	5.71693	1.08137	3.44164	5.95369	2.81687	4.17945	4.85464	8.37344	13.30773	14.62748	17.64046	5.45423	10.54399	5.12164	9.78851	4.66399	6.56365	3.71433	13.34677	17.96665	14.23795	10.41963	21.22507	21.19825	23.06734
GT26	192.55436	197.81774	214.07167	183.1418	244.25476	222.59971	242.31286	233.23849	231.16108	255.18855	255.85747	260.65282	284.04128	218.5049	237.71589	233.0068	210.15414	186.39688	191.14162	188.35124	193.57047	157.70418	181.3445	147.2655	173.98875	187.55338	241.19104	257.8649	236.95474	363.95463	348.79712	364.95646	355.34238	259.77943	259.3353	265.2697	270.63462	433.14248	438.45	468.86373	356.71552	367.16826	355.73781	364.05613	120.64181	108.61126	125.71239	128.16331	80.8603	107.04788	95.7939	86.3722	103.7452	189.67977	178.18654	190.82827	209.60693	183.09983	249.76248	219.08347	254.13256	239.39394	272.59238	311.37226	327.19474	324.47474	325.49332	253.65723	253.40881	229.00209	229.99732	124.12116	133.49796	139.80267	154.84115	143.9338	136.96459	153.44562	161.08318	222.02173	218.25219	199.79385	228.2238	285.63224	276.55328	320.50413	184.34647	172.39472	187.66466	183.75027	149.52343	145.53378	162.91282	140.50258	246.96883	248.87177	242.71364
GT27	NA	NA	NA	NA	NA	NA	NA	NA	NA	NA	NA	NA	NA	NA	NA	NA	NA	NA	NA	NA	NA	NA	NA	NA	NA	NA	NA	NA	NA	NA	NA	NA	NA	NA	NA	NA	NA	NA	NA	NA	NA	NA	NA	NA	NA	NA	NA	NA	NA	NA	NA	NA	NA	NA	NA	NA	NA	NA	NA	NA	NA	NA	NA	NA	NA	NA	NA	NA	NA	NA	NA	NA	NA	NA	NA	NA	NA	NA	NA	NA	NA	NA	NA	NA	NA	NA	NA	NA	NA	NA	NA	NA	0.19239	NA	NA	NA	NA
GT28	269.04833	277.25472	259.82484	259.5464	290.30483	255.30017	288.7205	293.4482	294.88814	251.99154	282.79968	255.65879	271.90022	415.16511	419.11196	416.10945	378.92024	305.36955	316.87128	322.05552	321.6013	348.2918	288.95079	300.54155	281.59407	284.80706	384.67298	397.38623	398.18996	291.42642	303.03934	299.75068	292.69904	383.65322	375.38286	409.00523	399.04337	250.79364	244.86531	280.11264	296.89473	273.62213	272.88585	272.58719	320.14313	302.81421	335.07365	314.65952	261.81587	271.09473	269.74541	261.72048	213.90769	345.89903	302.27252	337.1228	344.01034	316.32118	316.54637	310.91162	295.63186	285.27776	290.26875	349.61385	352.7246	346.7277	332.40515	379.44829	403.73152	392.76378	356.41049	383.94692	371.9034	405.86334	339.81718	322.74823	364.43074	342.82321	334.69609	229.5879	227.46856	229.67046	197.78696	222.30966	228.88027	224.74985	312.59612	321.7235	319.94496	330.17764	294.84852	285.69802	280.65545	265.8539	254.82159	277.33305	254.5047
GT29	45.78368	47.36768	40.93305	39.1463	NA	NA	NA	NA	NA	NA	NA	NA	NA	NA	NA	NA	NA	NA	NA	NA	NA	NA	NA	NA	NA	NA	NA	0.22007	NA	NA	NA	NA	NA	NA	NA	NA	NA	NA	NA	NA	NA	NA	NA	NA	NA	NA	NA	NA	0.23801	0.24559	NA	NA	NA	NA	NA	NA	NA	NA	NA	NA	0.23139	NA	NA	19.05936	12.77217	11.98311	15.9421	14.28374	14.798	14.35625	21.29944	NA	NA	NA	NA	NA	0.24923	NA	NA	NA	NA	NA	NA	NA	NA	NA	NA	NA	NA	NA	5.34352	4.64774	4.67108	9.46327	2.37946	2.15078	3.87329
GT3	195.97043	213.48409	200.48767	182.10736	234.98139	224.96737	237.00627	201.93557	215.74689	201.72011	202.79408	216.68059	217.569	155.7748	142.85248	157.35839	155.81697	201.93991	201.48994	201.21346	193.84277	192.4983	104.30318	107.83399	119.44674	122.88106	120.87063	128.66859	130.60197	215.30486	206.52678	210.784	209.94876	166.59676	168.03024	178.10536	165.16955	261.51416	259.71202	287.69413	251.92185	246.6233	264.28711	248.58281	184.55699	168.90813	164.81455	162.68772	160.19662	157.35091	153.26418	162.53206	61.07274	194.90431	203.33604	176.11135	177.43667	200.35916	166.38287	168.12225	178.4753	172.60561	187.44076	124.75716	119.9628	113.98624	116.83492	119.76372	109.10589	118.43792	112.20976	135.222	122.20451	119.19845	127.26004	130.30775	136.38452	118.06432	124.58511	189.51186	194.18663	188.33659	198.25974	192.18376	204.90695	214.90808	145.16967	153.23092	163.91771	152.24302	169.52351	178.27819	162.17264	165.56949	232.17882	234.5904	239.27904
GT30	245.35832	237.0957	234.20858	240.41555	176.07863	176.16224	177.43006	193.64891	185.88365	214.32204	205.23184	184.9532	204.49694	99.9804	114.16479	105.34536	96.55939	165.90162	164.04407	157.38325	152.08179	151.91053	95.88403	107.32518	98.99236	112.21519	135.21057	122.95704	126.4502	180.80783	189.95589	201.53111	198.37654	166.05038	165.12581	161.27553	178.41919	244.75575	221.23532	206.28381	227.92672	207.59917	219.54923	213.08677	155.00761	152.07958	141.18005	160.38098	153.6209	128.53514	149.52462	145.95515	106.97661	134.41672	127.24022	141.84956	110.8803	135.62967	149.19033	139.26237	147.17892	141.59391	130.16244	142.69493	124.76387	141.48677	135.95765	116.91707	107.86417	113.71733	116.61425	101.44996	125.89688	99.65021	112.9458	90.33151	97.52406	102.32439	101.31611	164.37865	160.04749	174.77282	193.9814	160.08056	173.41247	165.57803	140.01905	124.20709	133.12251	140.34415	166.19458	154.13627	178.90052	231.53057	229.63628	220.14021	241.75075
GT31	0.96847	0.64122	0.64578	0.65961	NA	NA	NA	NA	NA	NA	NA	NA	NA	NA	0.66569	0.99732	NA	NA	NA	NA	NA	NA	NA	NA	NA	NA	NA	NA	NA	NA	NA	NA	NA	NA	NA	NA	NA	NA	NA	NA	NA	NA	NA	NA	16.29866	18.87642	19.55551	21.82551	9.01402	7.38525	13.29368	14.28357	NA	1.05682	1.46635	0.70596	2.19325	2.42521	0.50559	NA	1.00927	NA	NA	0.37752	0.77439	0.75741	0.6073	1.92155	1.19079	0.76646	1.05167	0.38531	1.16525	1.79431	0.36793	0.38552	0.36909	0.37742	NA	NA	NA	NA	NA	NA	0.36112	NA	NA	NA	0.36742	0.82787	NA	NA	NA	NA	0.31445	0.62475	4.27904
GT32	234.06642	243.64783	246.91755	223.38676	285.09935	310.99123	284.52191	284.54557	317.79375	233.68745	256.74586	226.95765	231.58723	251.26911	208.26712	248.08687	213.46584	319.90613	307.01475	293.82481	313.08265	345.21114	428.52113	459.2581	417.82622	503.05083	709.26997	783.93327	746.10499	409.03711	420.54033	421.0466	428.67847	456.79817	467.18687	467.22872	496.81749	800.37672	835.28285	858.81172	808.39208	776.09236	806.71164	759.39155	225.30123	253.04766	209.7288	200.28181	237.90857	239.3885	267.16038	271.71685	207.4904	284.91178	291.25278	304.74172	287.21804	296.13167	317.86732	292.98098	300.50987	318.23506	292.62055	168.65621	139.06303	153.46399	136.46256	193.9796	202.54201	166.2426	202.95251	238.44052	254.99599	238.6584	281.49283	289.36906	267.22959	263.80642	307.1412	157.75726	172.09604	145.46892	188.47687	255.67534	268.60239	238.12534	323.39606	346.82882	323.55861	343.28834	385.80046	415.16471	397.8259	292.06642	261.77704	236.70428	246.12438
GT35	991.20793	971.91912	946.89305	865.56293	769.91507	785.10835	798.48811	736.78151	795.16545	797.85003	779.35758	862.88575	825.32381	849.79816	860.99832	822.36849	873.64324	803.00363	876.30118	798.75354	879.0591	826.26819	733.87731	721.82368	756.73628	804.42828	875.87857	1003.58457	1049.06259	873.13279	905.38775	892.06912	888.16943	985.69086	959.51181	959.43252	951.91725	1192.40898	1159.33865	1216.32564	1096.63154	1096.65422	1181.5457	1143.42328	874.74633	793.2782	926.38876	898.29696	735.80512	728.86241	742.73311	758.15861	390.78474	753.33998	673.74559	732.2671	715.24453	739.55801	741.20398	705.72424	777.46577	729.3438	729.03439	817.1009	745.20364	762.65645	723.62921	826.41038	825.78701	741.09564	825.84421	679.67301	650.65719	608.34437	740.96907	709.09345	740.9189	697.22245	741.28066	949.83202	925.42526	943.98907	907.4957	880.22585	950.46445	854.84309	919.0946	892.92679	902.32625	879.56811	849.04238	830.75207	860.36548	812.33106	975.26244	1063.82877	1076.3404
GT38	7.80115	8.25878	8.72123	4.94895	3.13691	1.10534	2.54701	2.40896	4.92867	9.41047	6.71172	11.41147	6.76228	2.50661	3.9956	5.48731	5.78098	0.50412	0.99918	2.96771	2.49627	NA	3.80938	1.64085	5.19954	3.49148	0.9877	4.40146	6.43314	13.49154	8.90545	17.35047	13.32774	10.23692	10.15665	8.40068	7.65971	15.26111	10.78193	12.02842	13.70031	7.30911	10.18594	11.395	3.97887	3.83253	6.31489	3.51546	2.65055	5.47001	3.16698	5.98029	NA	11.89899	6.75408	7.04536	7.57358	5.58533	12.4202	14.58152	8.78098	11.70503	NA	9.63048	7.5531	3.40964	5.46774	7.5261	7.19402	8.14315	6.43741	0.89259	0.58284	0.68307	3.25062	1.73551	1.74265	3.42176	3.91796	3.22326	2.1876	6.7353	2.65328	10.07668	11.05228	5.67413	2.75195	1.11964	2.75671	1.24227	2.70794	1.0907	1.09604	5.27129	7.21791	6.63535	17.23414
GT39	2.72874	2.3728	2.79838	2.79826	3.08228	2.65352	3.89437	3.01506	1.57221	3.22739	3.44969	3.85096	2.20424	11.24832	13.23108	9.7286	14.29233	15.40426	16.16213	20.80202	19.03365	12.96712	9.33103	8.41501	8.95608	8.73594	11.75309	15.76869	10.4731	9.29575	6.39438	7.25534	7.67533	9.63905	6.82016	5.85184	5.69759	6.14624	4.3461	3.755	2.48705	2.9835	2.87145	0.89861	5.84666	10.87473	7.1791	5.23079	9.73575	6.9407	7.70002	8.1386	NA	12.80765	12.62201	14.51112	12.30265	8.11486	7.97554	6.61075	8.86243	10.91785	12.37879	33.83781	28.09897	34.2438	22.46231	34.16112	25.21205	27.90124	33.19918	35.23797	33.30794	34.36765	40.24017	42.47525	30.04219	34.39401	37.4603	5.80514	4.58618	2.43747	5.69887	4.0384	4.424	6.24182	20.36016	17.09819	15.92329	9.91798	30.87116	21.20613	22.86422	20.90656	4.19425	2.31507	1.79786
GT4	5217.98158	5134.05368	5042.79391	5111.13573	3494.52554	3364.89101	3417.04176	3417.74659	3477.60512	3779.98665	3853.19093	3829.9121	3797.59195	3185.79071	3156.5565	3124.43361	3172.83831	3547.83521	3626.10008	3537.28244	3571.97134	3663.24687	2766.07649	2733.88051	2768.746	2906.14654	3449.76776	3528.69995	3526.5018	4740.41889	4752.52886	4675.31709	4675.49053	4102.37244	4100.77033	4060.91352	4140.54086	3620.104	3547.53433	3663.21164	3458.68713	3445.49633	3564.11925	3481.41337	3938.66655	3927.84626	3978.93405	3985.0589	3774.23844	3845.7339	3786.68169	3896.24742	3613.22502	3396.49935	3419.39388	3428.69434	3427.89633	3528.66007	3958.5054	3832.13901	3893.16775	3908.06862	4083.25345	2915.35437	2890.07097	2977.5931	3006.94108	2925.37464	2813.54301	2851.26471	2975.73916	2748.12079	2731.52992	2825.60196	2909.70756	2813.08585	2857.56822	2862.54565	2869.47828	3890.27659	3930.68079	4020.62173	4031.43108	4132.67036	4120.80303	4099.5172	3349.28267	3303.12424	3366.93245	3373.50103	3094.52012	3047.70004	3117.56535	3161.88193	5711.85037	5722.32974	5903.37607
GT41	NA	NA	NA	NA	NA	NA	NA	NA	NA	NA	NA	NA	NA	NA	NA	NA	NA	NA	NA	NA	NA	NA	NA	0.10102	NA	NA	NA	NA	NA	NA	0.07554	0.18326	NA	0.38607	NA	0.18413	NA	0.30508	0.15186	0.23294	0.73451	0.79595	1.01194	0.49345	NA	NA	NA	NA	NA	NA	NA	NA	NA	0.94848	NA	0.48931	NA	1.11154	NA	NA	NA	0.18547	NA	NA	NA	NA	NA	0.21555	NA	0.21407	NA	NA	NA	NA	NA	NA	NA	NA	NA	1.65473	1.58184	1.46866	1.0532	NA	NA	NA	NA	NA	NA	NA	NA	NA	NA	NA	NA	NA	NA
GT48	NA	NA	NA	NA	NA	0.23211	NA	NA	NA	NA	NA	NA	NA	NA	NA	NA	NA	NA	NA	NA	NA	NA	NA	NA	NA	NA	NA	NA	NA	NA	NA	NA	NA	NA	NA	NA	NA	NA	NA	NA	NA	NA	NA	NA	NA	NA	NA	NA	NA	NA	NA	NA	NA	NA	NA	NA	NA	NA	NA	NA	NA	NA	NA	NA	NA	NA	NA	NA	NA	NA	NA	NA	NA	NA	NA	NA	NA	NA	NA	NA	NA	NA	NA	NA	NA	NA	NA	NA	NA	NA	NA	NA	NA	NA	NA	NA	NA
GT5	242.79006	252.86695	227.46823	222.16804	266.05968	260.92902	256.087	269.5673	252.58231	226.95481	239.82282	251.95765	216.11256	310.22704	323.78456	307.52144	310.31479	237.07099	247.08823	237.52995	239.2709	198.94927	263.92018	282.17568	287.66131	293.10438	358.08228	390.41763	419.84709	285.2595	280.84595	289.81285	278.75946	358.90705	362.55804	357.28432	356.61808	198.86246	198.49268	208.123	231.00455	228.87612	221.36313	215.43086	291.99608	274.24664	276.31884	285.12805	243.33955	250.29135	257.78768	247.4402	192.27357	277.42212	275.80911	296.86672	281.91278	285.34712	240.13175	239.23234	259.5931	236.83902	230.39318	235.89493	234.98123	235.26828	229.7655	298.59465	278.36777	279.85314	282.59703	239.72121	232.18593	241.25987	274.64194	279.54193	296.64742	289.66672	280.27586	239.78704	255.01519	236.93518	261.97732	228.94321	219.08055	218.90366	310.64981	316.75445	318.99817	321.50398	237.58176	277.03787	245.88699	258.18609	227.34847	240.57196	229.71446
GT50	NA	NA	NA	NA	NA	NA	NA	NA	NA	NA	NA	NA	NA	0.67069	1.33637	NA	NA	NA	NA	NA	NA	NA	NA	NA	NA	NA	NA	NA	NA	NA	NA	NA	NA	NA	NA	NA	NA	NA	NA	NA	NA	NA	NA	NA	NA	NA	NA	NA	NA	NA	NA	NA	NA	NA	NA	NA	NA	NA	NA	NA	NA	NA	NA	NA	NA	NA	NA	NA	NA	NA	NA	NA	NA	NA	NA	NA	NA	NA	NA	NA	NA	NA	NA	NA	NA	NA	NA	NA	NA	NA	NA	NA	NA	NA	NA	NA	NA
GT51	677.93766	701.81433	692.28793	648.37703	606.90795	585.97076	583.09662	586.64009	611.54438	495.17126	558.04578	527.665	531.66926	600.89051	585.36476	574.50587	610.89637	629.34405	632.10836	618.31936	655.6628	674.70837	549.99893	475.14474	528.18084	567.98678	665.76184	675.23659	656.41992	540.03594	575.6054	529.44908	531.7045	526.41134	548.52884	561.35756	510.65004	508.96684	500.021	496.04917	528.4573	537.09509	520.15149	535.9989	511.62004	462.96449	462.07954	486.00558	466.55327	468.65649	480.99155	494.76036	651.97035	505.76545	489.38919	526.92052	505.73521	508.64894	557.39089	540.20643	534.13759	521.31764	597.68542	650.82985	585.24339	627.87657	614.0503	641.83958	632.9818	607.94566	639.83148	657.78593	648.02516	661.10739	604.14633	562.5588	581.33843	590.15002	618.19344	596.36913	571.16052	591.90621	540.16368	567.97955	568.12653	612.89672	515.20532	503.87594	546.43237	485.38558	460.46766	492.82764	441.17032	481.33488	604.33744	627.45735	621.52784
GT52	NA	NA	NA	NA	NA	NA	NA	NA	NA	NA	NA	NA	NA	NA	NA	NA	NA	NA	NA	NA	NA	NA	NA	NA	NA	NA	NA	NA	NA	NA	NA	NA	NA	NA	NA	NA	NA	NA	NA	NA	NA	NA	NA	NA	NA	NA	NA	NA	NA	NA	NA	NA	NA	NA	NA	NA	NA	NA	NA	NA	NA	NA	NA	NA	NA	NA	NA	NA	NA	NA	NA	NA	NA	NA	NA	NA	NA	NA	NA	NA	NA	0.57573	NA	NA	NA	NA	NA	NA	NA	NA	NA	NA	NA	NA	NA	NA	NA
GT56	NA	NA	NA	NA	0.39752	NA	0.89295	0.67082	NA	0.83686	1.66674	2.45595	1.71658	NA	NA	NA	NA	NA	NA	NA	NA	NA	NA	NA	NA	0.46463	0.34904	0.8577	0.43601	3.3558	2.41879	2.5914	3.326	0.92751	2.20523	0.87176	3.9136	0.81229	0.40432	NA	0.51877	0.13862	0.80032	0.58755	NA	NA	NA	NA	0.43734	0.45128	NA	NA	NA	NA	NA	0.44711	NA	0.85288	0.21918	0.88167	0.36253	NA	NA	NA	NA	NA	0.45332	NA	0.28918	NA	NA	0.477	NA	NA	NA	0.54255	NA	1.42216	0.8923	NA	0.60928	NA	NA	NA	NA	NA	0.45407	0.46185	NA	NA	0.44681	0.89982	NA	NA	NA	NA	NA
GT57	NA	NA	NA	NA	NA	NA	NA	NA	NA	NA	NA	NA	NA	0.87378	0.87052	0.65258	0.2519	NA	0.46881	0.23363	0.64253	NA	1.06233	0.93539	1.34867	0.27819	0.27544	0.13638	0.138	0.53378	0.56924	NA	NA	NA	NA	NA	NA	1.17419	NA	NA	NA	NA	NA	NA	0.14742	0.30537	0.29351	NA	0.29567	0.15254	0.1472	0.54033	NA	NA	NA	NA	NA	NA	NA	NA	NA	NA	NA	0.35546	0.6076	0.71314	0.87115	NA	NA	NA	NA	0.87213	0.74244	0.23811	0.38492	0.20166	0.38613	0.19742	0.38426	NA	NA	NA	NA	NA	NA	NA	NA	0.15612	0.61502	NA	0.58426	NA	NA	NA	NA	NA	NA
GT6	11.67774	11.53683	9.71986	12.29321	19.70142	17.96461	19.08623	21.47097	22.37889	24.61578	22.37436	19.72053	28.37232	15.93322	17.31194	13.28695	15.23691	13.26881	16.28631	13.55574	10.7382	18.63425	57.58564	62.31424	51.92219	59.7474	84.13748	85.61268	73.92542	59.12946	67.02625	67.06748	67.51641	55.89175	50.91089	52.31702	61.39572	77.0088	78.76118	71.98821	101.21056	91.95009	118.51614	92.12655	10.43704	6.69049	9.41911	11.10236	10.95419	10.47443	11.17866	13.6524	NA	23.72826	17.89423	19.02328	17.42784	12.73184	24.46177	28.09393	22.83008	29.73346	25.80282	93.35551	82.89787	101.12625	98.37365	70.82626	80.58103	71.06858	75.22421	26.35581	32.65644	26.89624	32.80147	39.69064	39.67347	35.28834	32.95989	2.17213	0.59577	2.17033	0.44946	1.88923	1.68178	2.06041	38.65561	43.73222	35.63424	39.754	54.94118	54.39251	53.20731	41.99723	12.72009	14.77223	7.34422
GT60	NA	NA	NA	NA	NA	NA	NA	NA	NA	NA	NA	NA	NA	NA	NA	NA	NA	NA	0.73004	0.72762	NA	NA	NA	NA	NA	NA	NA	NA	NA	NA	NA	NA	NA	NA	NA	NA	NA	NA	NA	NA	NA	NA	NA	NA	NA	NA	NA	NA	0.38732	NA	NA	NA	NA	NA	NA	NA	0.41006	NA	NA	NA	NA	NA	NA	18.22252	15.301	17.02021	19.31867	24.55673	18.8461	25.10348	17.05204	5.49642	4.26002	4.48985	9.88891	7.61595	10.9244	8.27578	7.25743	NA	NA	NA	NA	NA	NA	NA	0.80427	NA	0.80418	NA	1.18857	3.18761	2.00351	5.7842	NA	NA	NA
GT66	4.16908	3.33779	5.08275	5.9272	1.19936	1.61391	2.82699	0.80237	4.01412	3.77724	4.97737	4.51685	1.30344	2.70043	3.26673	3.74856	2.85592	2.28304	2.66908	4.91487	1.0472	6.48803	3.43273	3.65171	2.61	3.54459	3.90814	1.34413	4.00917	3.61908	4.625	5.02169	7.15824	6.33759	2.83516	3.90959	2.59527	3.51722	4.36453	3.62176	4.011	4.97853	4.29028	5.95699	4.24915	2.45594	1.19939	1.16896	1.90461	2.41321	1.6917	2.41228	NA	5.90735	4.5663	6.19339	5.7198	3.49626	1.9208	1.35562	1.68373	2.70442	1.66435	3.70956	4.892	5.85958	1.1352	10.00313	6.93872	8.65893	6.45395	8.74352	5.70157	8.10532	6.23219	7.88768	6.28749	7.15877	8.20739	4.10407	1.78806	1.06858	4.39621	2.81707	0.7432	NA	3.75003	3.40511	3.09758	4.47824	2.40144	2.6655	3.37929	5.93777	4.89113	7.18717	10.02869
GT69	NA	NA	NA	NA	NA	NA	NA	NA	NA	NA	NA	NA	NA	NA	NA	NA	NA	NA	NA	NA	NA	NA	NA	NA	NA	NA	NA	NA	NA	2.84905	0.40566	1.41272	1.7257	1.4569	2.27807	1.65012	0.60413	NA	NA	NA	NA	NA	NA	NA	NA	NA	NA	NA	NA	NA	NA	NA	NA	NA	NA	NA	NA	NA	NA	NA	NA	NA	NA	NA	NA	NA	NA	NA	NA	NA	NA	NA	NA	NA	NA	NA	NA	NA	NA	NA	NA	NA	NA	NA	NA	NA	NA	NA	NA	NA	NA	NA	NA	NA	NA	NA	NA
GT73	0.24502	1.41949	NA	NA	0.67666	0.92096	1.79896	0.35595	2.13722	NA	0.35464	NA	NA	1.22894	0.77259	1.25557	1.16517	11.98372	13.60261	12.25435	6.05393	8.89363	16.04237	18.58812	10.24388	16.21415	43.78317	42.71932	38.02275	3.96241	11.11408	12.5032	12.60105	65.43115	73.88773	61.17832	71.31415	NA	0.72416	NA	0.98356	0.48975	0.24375	1.4316	1.12141	3.97279	2.97702	0.49719	0.37222	0.38681	1.49301	1.21249	NA	0.59656	NA	NA	0.23846	NA	NA	0.68112	0.66411	NA	NA	1.72564	1.53855	NA	2.06123	0.88176	0.91309	1.77181	2.45117	1.76123	0.44386	1.00321	0.38767	0.8811	0.84355	1.71228	0.83945	NA	0.27484	1.17261	1.54689	3.91126	1.95728	1.90098	NA	NA	NA	NA	NA	NA	NA	NA	0.33788	2.16228	3.2478
GT75	NA	NA	NA	NA	NA	NA	0.2249	NA	NA	NA	NA	NA	NA	NA	NA	0.23295	NA	NA	NA	NA	NA	NA	NA	NA	NA	NA	NA	NA	NA	NA	NA	NA	NA	NA	NA	NA	NA	NA	NA	NA	NA	NA	NA	NA	NA	NA	NA	NA	NA	NA	NA	NA	NA	NA	NA	NA	NA	NA	NA	NA	NA	NA	NA	NA	NA	NA	NA	NA	NA	NA	NA	NA	NA	NA	NA	NA	NA	NA	NA	NA	NA	NA	NA	NA	NA	NA	NA	NA	NA	NA	NA	NA	NA	NA	NA	NA	NA
GT8	256.5087	244.92891	251.50224	244.18495	240.04186	251.6049	248.53662	235.14084	253.93517	273.45035	270.40307	256.3211	251.56554	263.55556	236.95587	245.16594	238.24355	232.47563	232.14641	241.91002	253.66833	294.82272	265.23917	278.04148	279.7312	290.57969	282.71492	302.25996	290.96615	205.45665	202.80531	199.55778	188.89295	216.7114	219.84499	215.66665	204.73348	329.94774	326.52259	347.30288	358.85368	336.78629	338.85927	349.40548	105.55377	105.57811	98.96835	106.23839	99.89162	104.83044	107.28753	99.24989	368.21619	237.30964	243.75901	221.20342	246.14627	250.90653	212.94688	222.40774	207.07692	207.71825	222.05427	186.30058	182.73992	174.44201	183.74852	238.41629	241.95563	234.69501	244.27298	202.1632	204.10124	208.26247	250.88238	259.62155	277.19906	238.98842	258.17005	241.84365	243.50877	245.51532	271.51989	287.96052	287.41349	299.60342	205.01456	218.08225	210.1902	230.92122	176.81018	175.92018	179.1583	190.37115	247.3947	265.77969	264.2277
GT80	3.2179	3.7839	2.61103	4.19455	3.16086	4.28183	4.09476	4.47783	1.94671	0.97393	1.17824	0.57871	1.61344	0.95812	1.3409	1.33475	0.5601	0.57808	1.93228	1.73632	1.91818	NA	NA	NA	NA	NA	NA	NA	NA	0.95414	1.90052	0.94694	1.61869	1.17046	0.7765	1.35325	0.84911	2.08288	4.31414	4.60905	2.62944	0.74685	2.41754	0.54445	1.8385	1.48069	2.66198	2.17022	0.61832	2.1153	2.27165	0.42632	NA	27.17943	21.81791	25.15148	23.0539	20.69947	9.18239	8.41801	9.968	7.58554	5.47404	0.21654	NA	0.22149	NA	NA	NA	NA	NA	7.45418	7.74281	5.08082	3.21475	2.93773	3.67848	2.85706	2.14258	2.29978	3.83809	2.5013	1.19521	2.6041	2.56937	2.20026	2.36738	1.53083	1.72424	4.37114	5.28479	5.10725	3.42434	8.23041	3.37316	2.048	0.83966
GT81	NA	NA	NA	NA	NA	NA	NA	NA	NA	NA	NA	NA	NA	NA	0.41205	1.02887	0.44712	NA	NA	NA	NA	NA	NA	NA	NA	NA	NA	NA	NA	NA	NA	NA	NA	NA	NA	NA	NA	NA	NA	NA	NA	NA	NA	NA	0.4361	NA	0.21707	0.43504	0.21867	0.45128	0.21773	NA	NA	NA	NA	NA	NA	NA	NA	NA	NA	NA	NA	NA	NA	NA	NA	NA	NA	NA	NA	0.477	1.56274	1.6906	1.93581	1.78974	1.02808	1.63531	2.12195	NA	NA	NA	NA	NA	NA	NA	NA	NA	NA	NA	NA	0.23995	NA	NA	NA	NA	NA
GT82	NA	NA	NA	NA	NA	NA	NA	NA	NA	NA	NA	NA	NA	NA	NA	NA	NA	NA	NA	NA	NA	NA	NA	NA	NA	NA	NA	NA	NA	NA	NA	NA	NA	NA	NA	NA	NA	NA	NA	NA	NA	NA	NA	NA	NA	NA	NA	NA	NA	NA	NA	NA	NA	NA	NA	NA	NA	NA	NA	NA	NA	NA	NA	NA	NA	NA	NA	NA	NA	NA	NA	NA	NA	NA	NA	NA	NA	NA	NA	NA	NA	NA	NA	NA	NA	NA	NA	NA	NA	NA	0.23414	0.47152	2.13226	NA	NA	NA	NA
GT83	123.11181	123.38324	125.00842	122.4818	138.46747	134.37883	139.06701	123.89953	134.20911	141.43306	147.03812	150.63644	140.70556	108.77324	108.67995	108.10585	104.47615	145.40543	146.99502	141.70186	138.39073	141.62837	94.28525	87.83424	91.24204	107.48243	110.9936	127.82906	133.94879	141.30953	154.56321	154.73628	167.73753	128.46632	128.80358	133.97745	124.53761	166.59506	160.66052	150.06332	165.12893	179.35957	196.29387	168.795	110.0056	106.50546	125.06116	108.38451	114.97018	109.16213	116.89984	114.3241	120.45959	83.66423	89.15618	81.03719	73.329	79.05564	103.4909	116.09936	116.76417	119.79587	97.22496	84.41282	89.12624	83.14608	79.29656	50.51317	50.35486	54.74945	52.81559	98.10837	102.3815	102.12225	84.6464	89.82071	87.93765	81.03138	95.27202	148.19926	154.15507	153.26112	154.00212	156.89144	140.47146	155.35399	107.15688	113.28743	104.11459	102.48192	131.96454	116.08766	135.56968	127.26083	152.03278	155.42963	157.34585
GT84	NA	0.22794	0.22733	NA	1.35645	0.45321	0.78769	0.67816	1.18115	0.95187	NA	0.23279	0.72531	1.42276	3.5841	1.70021	1.03332	2.24007	1.2492	1.04555	1.20225	2.79783	1.284	1.29174	2.47799	0.98621	0.69514	0.45892	1.16981	NA	0.95866	0.22745	0.2459	NA	NA	0.23272	NA	0.46087	0.23104	NA	NA	NA	NA	NA	4.23697	4.11913	5.49153	6.57444	7.70751	3.92805	5.99983	5.75026	NA	4.03251	4.27427	2.14792	4.49999	4.42663	4.23596	2.78243	3.19967	2.12425	3.35741	48.31746	43.50219	32.93883	38.39961	31.1806	35.77043	41.32567	35.41722	63.74865	66.0947	54.42822	17.22924	22.11912	24.72117	17.07508	24.81489	NA	0.2566	NA	0.97207	NA	NA	NA	1.15609	1.21729	0.78031	2.75998	2.85335	4.65304	5.62285	7.53111	0.45155	0.22573	NA
GT87	NA	0.24291	NA	NA	0.24338	NA	0.72731	NA	0.51247	0.25359	0.50765	NA	0.26274	0.25322	NA	NA	NA	0.25463	1.47448	1.25499	0.25217	NA	0.32851	0.66034	NA	0.60219	NA	0.24453	0.54615	0.54035	NA	0.15468	NA	NA	NA	0.25053	1.09297	0.24615	NA	NA	NA	NA	NA	NA	NA	2.12561	NA	NA	2.05807	NA	NA	NA	NA	NA	0.33976	NA	0.28062	NA	0.6248	NA	0.93542	0.5872	0.88959	5.08264	NA	NA	6.22286	1.12381	3.50274	0.35112	NA	2.24471	0.29142	0.34154	NA	NA	NA	0.85818	NA	NA	NA	0.26825	NA	NA	NA	0.95534	1.06841	NA	NA	NA	1.05132	1.05862	NA	5.11625	NA	0.28904	1.08812
GT9	230.40771	232.50568	218.62429	203.99833	194.23832	191.57843	185.95287	190.31723	190.46043	221.62123	223.99002	221.70259	216.80464	122.26892	118.35123	121.14417	118.20329	174.01668	171.76357	176.98251	170.63964	167.621	95.03204	98.10345	102.84248	102.33367	137.80216	135.23676	154.96216	178.20891	180.56085	183.66319	183.35568	150.69645	152.19094	153.35141	148.73949	183.75441	190.69713	199.75832	164.25893	168.995	178.5141	166.34879	158.25858	136.32054	136.02268	151.38447	147.47351	137.4615	156.19419	140.1683	65.80852	147.1995	147.55142	150.24221	149.2023	167.08895	147.61097	140.85651	161.66239	149.58085	165.47933	108.16868	92.14242	113.77497	107.39262	91.55446	85.93306	85.64194	98.92423	96.87185	93.31635	100.8913	80.9373	73.01929	75.64296	72.56528	71.12905	152.26033	159.52981	152.23702	151.57248	155.84103	158.28864	198.35374	92.29679	105.58635	107.03863	97.01742	89.3001	92.99544	101.49339	97.40163	228.69644	247.82717	255.32678
GT92	NA	NA	NA	NA	NA	NA	NA	NA	NA	NA	NA	NA	NA	NA	NA	NA	NA	NA	NA	0.62137	NA	NA	NA	NA	NA	NA	0.41085	0.61029	NA	NA	NA	NA	NA	NA	NA	0.20632	NA	NA	NA	NA	NA	NA	NA	NA	NA	NA	NA	NA	NA	NA	NA	NA	NA	NA	NA	NA	NA	NA	NA	NA	NA	NA	NA	NA	NA	NA	NA	NA	NA	NA	NA	NA	NA	NA	NA	NA	NA	NA	NA	NA	NA	NA	NA	NA	NA	NA	NA	NA	NA	NA	NA	NA	NA	NA	NA	NA	NA
GT97	0.84684	0.67908	NA	2.57866	NA	NA	NA	NA	NA	NA	NA	NA	NA	4.29195	5.11506	4.27076	2.05574	3.44193	3.41767	2.84639	3.97682	NA	0.36526	NA	NA	NA	0.26145	0.25891	1.13446	0.5346	1.29073	1.57718	1.92382	1.85479	3.16414	2.1007	2.69112	NA	NA	NA	NA	NA	NA	NA	100.37494	81.30441	89.24085	99.90346	85.00764	95.77528	88.45139	106.04975	232.06164	2.00438	0.89392	1.72149	0.59425	NA	NA	1.46748	0.54691	NA	NA	NA	NA	0.31965	NA	NA	NA	NA	NA	0.50211	NA	NA	NA	NA	NA	NA	NA	5.27443	6.26448	8.34002	8.70977	9.96167	7.09293	9.28494	0.87415	0.29637	1.59565	NA	3.65094	3.09886	5.35772	5.58136	2.85364	2.4524	3.01131
GT99	NA	NA	NA	NA	NA	NA	NA	NA	NA	NA	NA	NA	NA	NA	NA	NA	NA	0.2238	NA	NA	NA	NA	NA	NA	NA	NA	NA	NA	NA	NA	NA	NA	NA	NA	NA	NA	NA	NA	NA	NA	NA	NA	NA	NA	1.92155	2.13397	1.77762	1.46154	2.47941	2.13201	1.23153	1.1272	46.29051	NA	0.14473	NA	0.28864	NA	NA	NA	NA	0.13681	NA	0.14567	0.15097	1.17362	1.88449	NA	0.15578	NA	0.20909	NA	NA	NA	NA	NA	NA	NA	NA	NA	0.42189	0.27591	NA	0.14395	NA	NA	NA	NA	NA	NA	NA	NA	0.1384	NA	NA	NA	NA
PL1	635.91594	585.21413	564.37334	596.77227	412.24516	366.02162	394.22915	435.08393	327.95444	488.30039	525.41999	473.15441	541.04835	336.57705	391.85705	320.10859	319.36402	546.57373	627.8155	512.05601	680.52379	628.13004	539.19645	504.59969	511.64766	533.36686	766.95178	747.00108	776.28859	688.59806	652.71252	617.53827	683.86839	436.33961	497.77591	480.27618	500.73661	921.87782	1024.98073	863.60869	1350.73495	1257.35976	1320.24876	1395.87179	295.79308	352.09312	317.24995	323.41036	366.10743	317.37814	333.323	378.33875	464.12327	352.17863	304.12004	348.02197	279.20599	335.26004	473.03553	431.39854	369.16803	433.54139	505.10024	529.3937	543.68925	431.65843	523.19817	333.09842	330.18569	349.57434	337.34467	296.00424	352.86324	447.06604	404.12556	438.15775	346.23383	402.136	416.20299	387.16305	364.34807	408.56831	413.06138	449.26089	432.30895	494.11676	317.65825	332.98569	344.71423	375.96464	530.05899	463.16078	537.21185	445.74893	606.199	588.85267	588.47458
PL10	126.5488	131.30098	125.41923	122.81186	41.95949	35.67747	48.79158	39.35552	38.50078	69.96297	66.42716	76.95668	80.7468	40.71581	42.66553	43.99181	37.3183	18.39767	21.97941	26.5952	27.76999	26.13202	26.84927	25.28114	26.62521	34.76323	29.51392	47.51342	58.39556	54.78328	60.66778	48.51022	49.26138	36.33361	32.09191	35.0404	34.77858	136.37226	120.96221	129.00235	138.35031	110.48024	122.82493	139.6991	40.67467	28.26766	39.44231	34.18543	32.69703	29.75238	28.71006	31.38327	NA	62.41656	65.10943	58.37542	68.0058	63.84828	68.82769	81.64624	85.79097	75.82177	89.18377	55.66283	50.91463	50.73878	31.6377	39.64208	41.28878	27.71977	46.88377	24.14229	18.53738	23.02712	37.6766	31.97811	33.34266	30.64335	28.3788	35.73308	30.99436	36.48673	40.55148	67.14116	55.08205	50.72826	22.0535	17.50412	17.64871	22.10453	36.10314	28.26287	24.49219	13.91428	155.16568	170.45327	157.7018
PL10_1	86.14018	93.0911	98.2721	110.29173	54.09581	66.39213	59.71072	67.89732	52.47075	95.04239	94.28786	93.61502	97.22016	45.58543	43.56393	48.40954	47.74725	38.79038	33.41414	38.67166	41.70676	32.84918	61.68874	62.31636	61.32998	60.31813	96.00519	97.52406	111.79276	106.84251	106.21321	105.02869	92.66951	79.58882	81.90915	84.16009	75.63258	187.56867	182.95676	154.32323	212.28693	187.10089	187.33693	204.95488	62.91091	57.99216	61.15016	53.08581	61.2733	64.44625	58.56727	71.10521	30.94155	54.32384	47.56983	49.53541	56.36077	45.47918	60.54438	79.52075	69.44109	61.86398	88.26071	68.95208	63.20218	65.93657	69.55538	42.55521	44.56707	53.52766	45.31558	50.68064	40.30556	50.97366	47.83949	60.84684	55.74134	56.37197	55.47169	41.27834	43.23588	46.24584	35.05507	64.18904	53.40415	53.06254	44.93621	33.74286	43.32398	32.41188	76.54385	71.53568	79.58467	63.98382	106.69665	109.29421	97.88564
PL10_2	65.2915	62.6691	68.93067	81.37107	18.26774	18.19959	22.63561	15.74395	17.08571	46.10247	40.44221	38.52432	45.88328	23.74628	25.69159	28.2665	27.23648	16.41934	15.26826	18.36756	15.39119	16.79871	17.87724	16.30844	12.6691	18.32403	36.93192	36.01952	28.98402	43.19666	48.62324	41.69746	45.17561	36.90729	33.29255	33.46055	37.41086	52.47067	52.87006	54.49233	40.47927	36.47119	36.98348	39.1204	23.88599	21.30714	18.82603	20.14071	19.81433	23.97684	19.37952	21.25648	NA	19.37203	20.20765	18.79257	21.96202	27.17041	23.41944	21.29969	22.5085	21.49961	27.76501	27.82285	26.31572	28.80857	36.56715	19.66612	21.75445	22.81009	25.08105	7.58765	9.11886	8.74356	15.46111	12.67262	14.12237	12.92651	10.29175	17.84744	17.39261	18.86653	16.88231	30.21718	23.65673	27.96325	9.22468	8.47509	11.09271	10.98225	20.49716	17.38398	16.29266	11.21506	81.46273	80.76535	76.53385
PL11	223.37869	232.94675	230.41779	196.29478	73.67524	76.19105	75.95066	75.41067	84.03102	100.39787	100.89706	119.38093	100.59861	99.93775	90.58912	103.17971	95.95183	70.1874	72.29203	70.69889	70.12747	71.25218	51.25505	53.55927	55.66119	59.31526	74.52309	88.78166	98.47076	260.34052	252.52076	263.15621	251.99076	182.13454	185.8243	182.35821	194.01734	208.05259	196.5497	177.50828	194.84013	187.96256	211.25285	211.54901	85.26648	78.44388	105.01318	96.43005	83.71495	70.17398	82.73498	69.58252	82.62634	167.88798	154.58002	147.85388	154.46709	140.40603	185.41233	187.58645	184.52817	207.34053	167.82528	189.89566	173.9778	170.61051	153.69281	136.08879	124.40242	125.24031	140.03406	55.75039	52.55382	56.36275	82.93368	83.80324	81.89235	85.49634	89.13243	124.60988	109.12042	112.44758	115.47705	144.4037	152.38028	145.17761	87.35688	91.72059	91.68356	95.26701	111.04713	126.25927	118.82951	113.03855	271.74986	274.72509	248.03385
PL11_1	94.6637	91.1019	99.1882	96.25266	47.78148	48.66357	51.59166	51.63824	53.09039	67.62951	66.04861	61.4626	61.67502	43.18725	39.37255	40.83306	40.6624	46.00458	38.86614	40.1168	39.95184	41.82265	28.51716	31.58443	27.39761	34.88893	59.82632	51.45465	49.43646	105.1543	94.0187	96.92801	102.93664	65.96464	70.42795	66.75181	74.43523	100.83582	90.97324	81.22006	75.57247	80.9256	76.72942	73.79143	33.58565	35.8035	37.61238	32.33964	29.19453	28.75097	31.39986	27.51814	29.64684	49.47441	44.98024	50.74963	45.20746	48.48485	60.78767	61.48534	61.43168	61.39273	59.26839	70.97735	77.2707	74.90202	78.63299	54.68765	52.86438	55.84155	55.60206	20.2229	21.57565	20.41052	26.32036	26.13508	28.11616	24.46482	31.31349	69.94052	64.11937	69.22942	66.61043	79.6847	81.45761	78.39477	34.17796	36.44432	34.03689	39.21169	42.06386	39.25932	41.97693	39.03917	107.88215	110.50869	96.54081
PL12	39.93798	38.79733	27.00351	34.8406	0.30001	NA	NA	0.6671	NA	NA	NA	0.36384	NA	3.94521	2.19758	1.81354	2.11969	1.46302	1.06301	2.09713	1.81502	NA	1.52838	1.49264	0.60846	3.78309	0.66422	0.68675	0.34745	34.68089	34.62432	31.92106	30.78231	25.98835	22.57804	21.79979	28.69696	34.29404	42.35156	50.71982	25.80338	16.7491	29.20839	28.69703	0.41207	0.80301	NA	1.06368	NA	0.7852	0.38708	0.38172	NA	NA	NA	NA	1.18218	NA	1.45343	NA	1.80568	NA	NA	0.36418	0.46387	0.8527	2.00724	NA	0.42093	0.40839	0.56499	1.62383	0.81846	2.87091	1.55058	0.40618	1.16662	2.7835	4.66061	1.83797	3.057	1.13006	0.72042	1.17919	2.30008	NA	11.48458	10.53609	11.20342	15.38509	9.06186	13.37361	15.5493	19.05543	31.40593	36.88272	41.0747
PL12_1	1.87879	2.6668	1.49415	0.73126	5.74884	7.42438	6.85243	5.79376	11.91109	6.87753	5.40444	6.90103	3.73633	2.24096	1.13919	NA	1.57808	0.73394	0.73277	0.76801	0.72686	NA	1.74274	3.95114	1.88795	3.41419	0.40743	1.96173	0.3576	1.56555	0.36025	0.75458	1.60686	1.65164	2.42246	2.62647	0.59909	1.44145	NA	2.26454	1.42223	0.70424	3.95909	7.73823	2.00189	0.45169	0.76055	0.58005	5.4602	6.15402	7.03382	8.43836	NA	1.2454	1.296	1.24494	1.65858	4.28695	2.81019	2.01994	1.52646	1.17924	2.62893	0.93472	1.37547	2.29204	0.75181	0.47762	3.40394	3.78246	4.64701	24.7542	25.70669	19.72367	20.95225	20.99962	22.33559	18.68921	21.82578	5.37988	2.44937	3.24465	4.69745	4.69282	3.80571	1.5758	4.54072	2.30925	1.81943	2.04975	1.73467	2.94359	1.35636	NA	2.90623	1.89213	1.77727
PL12_2	36.26071	40.2523	51.71582	42.34669	59.69043	73.51602	75.77278	68.40783	64.52188	65.33196	70.36773	61.35096	62.35133	30.10597	25.95132	23.83598	31.19505	39.69843	47.6436	46.01276	52.74629	57.23622	71.87886	73.33905	69.86339	82.49287	107.00906	113.38356	108.23209	131.9258	129.76129	140.6641	129.43102	123.51078	113.29333	119.32527	111.67955	175.75456	184.69001	194.85634	300.87048	309.61741	314.75927	305.69423	28.00616	24.11389	24.38746	30.12306	39.52982	39.5847	35.19764	38.07398	NA	54.23782	56.42861	56.71594	64.57167	47.88629	108.81855	111.87693	101.83759	111.80103	109.796	48.98155	42.93855	53.15441	42.49693	22.20695	24.18923	21.22021	27.51456	74.06515	61.63365	73.20814	58.90875	66.63379	57.39521	62.85244	66.56246	96.85162	88.87075	94.77866	87.6258	63.82406	75.49885	58.06515	87.55863	80.36448	89.87506	64.92682	196.55846	199.22313	210.33411	215.61811	34.48248	54.1204	55.66374
PL12_3	NA	NA	0.3527	NA	4.20899	5.97675	1.75288	2.80573	5.90848	2.58441	6.25027	4.33402	5.67985	0.36901	0.36626	NA	NA	NA	NA	0.36651	0.36343	NA	5.94216	4.37962	5.04662	5.80935	5.03292	6.408	8.64544	NA	0.71528	NA	NA	NA	NA	NA	NA	3.95263	4.99989	2.20533	5.34269	3.54707	7.41738	6.22117	5.77195	3.58696	6.12916	7.16533	3.85889	5.57458	3.8423	2.77619	NA	0.39372	0.81943	NA	NA	NA	0.37672	2.33383	0.752	NA	NA	0.42487	0.42398	0.41469	NA	NA	NA	NA	NA	NA	NA	NA	NA	NA	NA	NA	NA	NA	NA	NA	NA	NA	0.40827	NA	1.20196	0.40752	0.41351	1.80861	1.1945	1.19094	0.39893	NA	0.70056	0.34855	NA
PL13	22.74311	17.47269	23.14755	19.74063	22.21337	24.78151	22.72689	18.98172	22.85178	15.60877	16.30776	16.99132	15.95678	13.14823	13.62006	15.73688	11.32245	24.35737	22.71581	22.31701	20.56421	24.54075	27.97494	30.53567	28.3913	27.32749	42.9184	37.66967	45.39845	52.9074	55.16703	49.91448	49.12566	47.67679	56.82747	57.4001	47.67274	41.28052	49.62938	41.69999	69.57928	72.90688	68.13442	74.86684	25.43133	17.66219	22.01802	23.00357	18.93812	23.85423	27.27063	33.01054	49.40248	36.15752	35.07148	39.3346	34.74269	34.9695	57.63117	51.80982	53.50154	56.02869	46.95368	22.64878	23.32044	25.25508	21.57778	9.99195	16.01983	13.0609	11.38636	31.68029	31.47066	29.77113	25.9234	23.06086	30.2334	25.2436	26.37168	94.18123	97.0909	90.39149	90.11182	58.75604	57.30889	55.50444	30.35449	34.76401	30.46101	31.05837	67.93752	64.22829	60.48775	58.88732	20.80192	22.06698	16.79935
PL15	14.4325	9.30354	14.03108	12.9981	14.45255	18.99684	20.479	19.50045	30.50833	49.94222	54.40889	52.11704	51.02014	5.02436	6.96476	5.65969	6.16988	10.58182	8.06184	8.61685	7.27553	NA	2.48111	6.41226	6.77309	3.70599	6.1402	5.41495	3.90377	6.9453	8.26359	7.30416	8.83554	3.76164	2.10367	2.67014	2.46012	3.23031	2.57743	2.06816	1.96103	4.27395	6.19367	6.17551	NA	NA	NA	NA	0.4951	NA	NA	1.72371	NA	7.09064	6.98082	6.13407	2.92433	11.04913	5.0596	6.55709	8.80019	6.19341	11.94418	20.95683	20.45248	17.41669	16.36637	8.85257	6.37145	9.57557	6.40648	25.81135	19.21687	19.73234	30.6085	32.4188	24.55373	26.56819	24.71628	3.14904	5.78373	4.19311	4.73781	2.91693	5.39889	7.59349	11.00357	12.62722	12.7645	8.90024	18.87889	13.53525	12.64028	9.15539	12.57783	13.16795	11.22487
PL15_1	NA	NA	NA	0.72585	NA	NA	NA	NA	NA	NA	NA	NA	NA	NA	NA	NA	NA	NA	NA	NA	NA	NA	NA	NA	NA	NA	NA	NA	NA	NA	NA	NA	NA	NA	0.36524	NA	NA	NA	NA	NA	NA	NA	NA	NA	NA	NA	NA	NA	NA	NA	NA	NA	NA	NA	NA	NA	0.82315	NA	NA	NA	NA	NA	NA	NA	NA	NA	NA	NA	NA	NA	NA	NA	NA	NA	NA	NA	NA	NA	NA	NA	NA	NA	NA	NA	NA	NA	NA	NA	NA	NA	NA	NA	NA	NA	NA	0.35113	NA
PL15_2	33.87296	32.72162	32.15125	29.91278	25.54378	26.65314	28.87508	35.46075	22.72701	34.73753	30.6151	32.75505	28.49413	16.6885	13.02225	14.52694	10.21037	28.61184	22.01397	17.14077	21.22084	12.09519	16.76442	25.81015	24.04972	27.27228	40.29992	41.17023	46.6829	51.17252	49.32342	50.27161	44.99354	44.94512	42.20551	49.2458	36.44518	27.20949	32.15556	32.35173	58.34409	54.12242	57.88756	40.14421	17.4633	19.16165	23.7749	17.30551	23.47829	19.80862	23.09235	23.2503	NA	43.77415	39.7049	42.63819	36.06114	31.12438	50.85751	61.32126	56.3689	57.90892	57.20135	30.30624	34.51222	28.19855	36.20242	14.93024	16.1025	12.67121	18.94478	28.19463	32.26701	31.86205	31.01662	35.18645	35.02282	32.60934	35.96333	82.30772	69.89716	89.34697	97.99171	69.00961	59.70248	77.06247	15.89253	21.06259	20.69325	22.88537	50.83003	55.37013	43.26182	43.09341	29.45047	26.59461	33.24961
PL17	5.70459	3.06061	1.74425	2.67243	NA	NA	NA	NA	NA	NA	NA	NA	NA	3.22158	0.91161	3.25846	1.3089	1.37385	0.44963	2.35332	2.67644	5.29298	NA	NA	NA	0.90605	NA	NA	NA	NA	NA	NA	NA	NA	NA	NA	NA	0.88613	0.44108	1.39114	NA	0.87709	NA	NA	14.40686	21.93434	28.3029	25.41843	27.39707	26.77001	19.21702	33.40141	NA	8.27968	4.55901	6.34529	5.55623	3.3512	7.0029	8.54764	7.69955	9.67138	11.20881	11.21668	9.41232	10.74037	12.30241	8.3366	10.25148	9.42279	13.03576	6.91473	13.34638	11.8162	4.96891	4.27931	5.10364	3.05823	3.96832	NA	NA	NA	NA	NA	NA	NA	26.77603	15.31581	13.54247	26.90024	30.31924	32.03414	25.40214	11.8604	4.33075	1.2928	1.93884
PL17_1	NA	NA	NA	NA	NA	NA	NA	NA	NA	NA	NA	NA	NA	0.38178	1.5214	NA	NA	0.76782	NA	0.75839	0.7604	NA	NA	NA	NA	NA	NA	NA	NA	NA	NA	NA	NA	NA	NA	NA	NA	NA	NA	NA	0.37262	NA	NA	0.54236	0.40256	NA	0.40075	NA	0.8074	0.41656	0.40196	2.0701	NA	NA	NA	NA	NA	NA	NA	NA	NA	NA	NA	NA	NA	NA	NA	NA	NA	NA	NA	NA	NA	NA	NA	NA	0.41856	NA	NA	1.22732	0.41648	NA	0.78138	0.42632	0.84167	NA	NA	NA	NA	NA	NA	NA	NA	NA	NA	NA	NA
PL17_2	21.41285	14.10312	13.70479	16.9455	NA	NA	1.21653	NA	NA	NA	NA	NA	NA	NA	NA	NA	NA	NA	0.45796	NA	0.37163	NA	5.38327	3.83384	7.35448	6.57386	4.8682	1.82015	3.90953	14.07061	11.41247	11.2777	8.67562	5.53054	3.53405	5.46799	5.51592	3.298	2.96488	5.73846	6.82569	3.68586	9.09567	5.47307	NA	NA	NA	NA	1.27512	0.50142	0.48384	0.49836	NA	8.05195	5.86539	3.63066	4.71629	1.38583	5.7782	9.54588	9.6744	8.38092	5.2974	17.59399	11.96898	19.84054	13.05394	28.41199	18.54815	22.84443	20.04034	4.8537	6.57797	5.85782	0.47757	1.32507	0.41226	3.98922	1.64104	6.41375	7.18568	6.03338	9.7326	8.01797	6.3363	7.65406	7.33244	7.603	6.87934	6.71498	4.82916	7.31675	8.1654	9.88366	18.62547	11.76161	11.22487
PL1_2	262.12854	270.7594	244.36648	275.71896	182.94174	156.27714	168.15065	165.85678	146.73635	205.36603	205.24536	193.52042	233.75458	146.53153	152.24817	147.33003	145.03435	213.41426	230.80253	233.78837	238.74286	148.35241	217.40164	196.81909	217.80278	222.83689	331.95189	331.77183	352.43686	284.79856	287.36762	272.12504	280.04585	190.48356	203.74579	210.45382	205.75502	391.84129	394.40757	375.55208	568.05178	524.43767	538.40877	548.45662	133.436	145.45717	137.00881	144.58156	132.79415	153.43971	140.50162	140.72158	95.85155	163.26223	133.08082	142.69325	147.51296	149.94474	213.27848	214.45966	195.80783	211.73444	215.04666	201.87944	209.51183	198.95947	191.05931	136.46271	120.79877	125.96701	138.67679	139.63541	163.993	160.59487	172.23187	169.33558	146.20013	170.32328	162.99789	165.62805	146.19959	165.65779	153.91266	166.19453	168.66772	175.02864	126.74585	127.48083	131.89396	129.94904	214.09865	228.53857	212.0377	201.16962	277.27442	306.67381	240.58708
PL1_8	NA	NA	NA	NA	NA	NA	NA	NA	NA	NA	NA	NA	NA	NA	NA	NA	NA	1.30649	0.25895	NA	0.51755	3.04831	NA	NA	NA	NA	NA	NA	NA	NA	NA	NA	NA	NA	NA	NA	NA	NA	NA	NA	NA	NA	NA	NA	NA	NA	NA	NA	NA	NA	NA	NA	NA	0.28034	0.41121	NA	0.5818	2.72039	1.34119	0.27696	0.80319	0.38871	NA	0.58726	NA	NA	0.94469	0.60015	3.10737	0.60297	3.33667	0.29969	0.3021	0.8531	NA	NA	0.28707	0.41376	NA	NA	NA	NA	NA	NA	NA	NA	NA	NA	NA	NA	NA	NA	NA	NA	NA	NA	NA
PL2	NA	0.67032	NA	NA	NA	NA	NA	NA	NA	NA	NA	NA	NA	NA	NA	NA	NA	NA	NA	NA	NA	NA	NA	NA	NA	NA	0.21924	NA	NA	NA	NA	NA	NA	NA	NA	NA	NA	NA	NA	NA	NA	NA	NA	NA	NA	NA	NA	NA	NA	NA	NA	NA	NA	NA	NA	0.56381	NA	NA	NA	NA	NA	NA	NA	NA	NA	NA	NA	NA	NA	NA	NA	NA	NA	NA	NA	NA	NA	NA	NA	NA	NA	NA	NA	NA	NA	NA	NA	NA	NA	NA	NA	NA	NA	NA	NA	NA	NA
PL21	NA	NA	NA	NA	NA	NA	NA	NA	NA	NA	NA	NA	NA	2.40149	0.79751	2.38964	NA	NA	3.19092	1.59017	3.18879	NA	NA	NA	NA	NA	NA	NA	NA	NA	NA	NA	NA	NA	NA	NA	NA	NA	NA	NA	NA	NA	NA	NA	NA	NA	NA	NA	NA	NA	NA	NA	NA	NA	NA	NA	NA	NA	NA	NA	NA	NA	NA	NA	NA	NA	NA	NA	NA	NA	NA	NA	0.93066	NA	NA	NA	NA	NA	NA	NA	NA	NA	NA	NA	NA	NA	NA	NA	NA	NA	NA	NA	NA	NA	NA	NA	NA
PL21_1	5.0431	0.71784	2.86369	1.46253	12.81544	12.84555	7.11618	12.10235	7.49584	10.49192	11.19452	7.33118	5.38032	0.74076	2.95198	0.7371	NA	7.44896	5.90558	3.67875	2.95082	NA	22.51516	24.24538	19.20727	22.1102	39.40486	38.29925	43.14119	26.76707	28.09932	22.25728	27.61433	31.06078	26.49378	32.24726	37.55519	53.82904	66.62267	64.42833	121.46247	105.84029	109.65629	98.34562	3.12432	NA	3.8879	1.0389	11.74946	9.69906	19.49822	13.65648	NA	15.18454	9.97992	4.80475	10.78074	11.00393	22.9403	18.94928	20.60716	18.08165	34.17613	3.34826	6.86803	6.7175	1.34653	4.27717	5.31499	0.85946	2.378	22.21257	18.94667	27.25147	25.28954	25.64405	27.00634	15.06295	24.43184	NA	NA	NA	NA	0.82719	NA	2.79472	31.71728	33.91503	35.0308	44.05439	96.83101	89.44523	85.02526	105.15039	NA	NA	NA
PL22	197.7604	221.97161	208.40977	197.34271	136.36317	138.84618	155.24094	116.33286	122.20507	224.0949	226.6919	239.75081	234.24762	99.15558	99.61523	106.47954	98.00691	83.65915	77.5543	83.7343	77.68093	65.40188	126.93342	123.42824	157.2174	133.93926	142.49064	152.58143	174.54368	193.95793	185.16024	195.39564	187.61587	137.008	140.54604	129.09758	158.18768	239.87899	245.03108	272.1978	210.13991	205.88441	192.0973	219.22118	79.72339	89.56792	80.56994	94.0034	93.19433	78.39383	81.69433	106.42063	NA	101.18495	110.51913	100.07424	122.08567	140.23643	130.43017	140.25543	139.22911	140.97782	135.19448	142.69069	157.29099	148.50903	133.58897	108.07137	117.19857	106.31648	127.38323	43.34056	30.18314	37.3597	56.97354	43.23038	54.96363	43.63746	58.04181	125.83585	110.56343	128.45138	120.89035	170.18223	163.37065	170.42585	61.96087	58.31158	79.2367	54.74865	77.235	81.57266	94.07093	77.51227	227.93103	262.49838	234.42249
PL22_1	0.58156	0.57946	NA	NA	NA	NA	NA	NA	NA	NA	1.20487	NA	NA	0.75966	0.16818	NA	NA	0.50927	0.50469	0.25151	1.0087	NA	2.65713	0.55253	1.31315	0.50387	0.49889	NA	NA	1.22649	0.7339	0.24543	0.38642	0.16854	NA	NA	0.72618	0.83585	NA	NA	0.9739	0.72375	2.19575	1.2092	NA	NA	NA	NA	0.53011	NA	NA	1.09842	NA	0.57816	1.44879	0.54195	NA	NA	0.52279	0.63735	NA	1.53796	2.12215	NA	0.29347	0.86111	0.46029	0.29242	1.32069	0.58759	NA	0.48674	0.78505	1.03506	NA	NA	NA	NA	2.7839	1.90157	0.5469	2.43885	NA	0.28276	0.18608	0.63689	NA	NA	NA	NA	0.27356	NA	NA	NA	NA	NA	NA
PL26	135.71303	140.94906	131.6716	120.3739	74.16258	62.60102	71.79197	62.82639	76.19033	112.06432	120.53522	119.72892	115.42172	75.36069	70.26636	64.494	69.516	52.9935	55.06059	54.43337	53.87046	82.46725	58.72813	74.40884	64.67207	71.4558	83.71698	109.25252	109.79248	140.74418	154.09484	145.05839	147.84978	101.23291	108.31087	106.88676	94.1513	156.95096	146.59904	165.86955	114.26867	121.40999	127.12772	135.26433	46.04364	41.63097	43.81519	43.59575	46.44428	51.62169	54.48169	43.56156	NA	63.21614	66.46052	63.72344	66.7529	62.56071	90.19878	84.01604	83.76663	81.81858	87.53691	99.50297	89.96237	80.51845	76.58666	62.5711	67.36495	56.9723	66.09044	23.34934	19.38699	17.13966	35.95567	28.03889	39.17737	37.89065	30.36479	58.53571	46.6021	53.03123	45.28556	85.34485	82.98602	75.93466	43.59889	46.17143	43.81792	40.61551	52.95113	47.41586	46.65704	56.79856	160.21157	149.41873	166.94806
PL27	68.3135	70.83448	70.54205	69.99793	40.2792	32.30593	40.12761	35.48136	38.43879	54.53256	56.78599	53.47203	51.78324	20.91867	25.84008	21.07727	19.59487	25.8699	25.71676	21.94743	24.95621	18.08867	35.74229	36.84698	40.57807	39.32294	55.9606	55.52503	54.3497	54.10374	52.43616	50.22948	50.3347	47.47749	44.13365	42.84327	48.37891	73.22173	77.19811	70.18994	52.82173	57.88769	52.56469	57.67432	19.23677	20.98277	20.21753	23.35022	29.99955	30.9886	23.63338	30.10527	33.2565	16.31043	15.50232	18.49538	13.40601	13.19371	11.79589	18.73852	15.82922	15.24101	17.22255	47.95622	51.59169	46.73609	40.84893	46.61374	43.61899	39.00201	47.59353	34.4893	37.42066	31.89618	40.28152	35.4745	39.40837	36.94955	38.46847	8.34497	9.32033	9.52316	7.62668	7.5355	11.28351	13.34418	39.85753	33.40783	35.20104	36.65907	22.54685	26.35367	20.33675	21.52561	80.68299	87.9666	74.79266
PL29	27.89737	27.23813	28.00777	22.16041	28.82809	22.96107	27.87957	23.00115	28.6634	23.939	23.92686	20.199	23.99946	9.75169	11.76572	13.19605	10.92976	17.48276	17.40005	15.19311	15.11434	15.58949	12.52078	16.07709	16.84266	16.78929	18.7533	20.53126	18.62357	22.09406	20.12901	16.48325	18.63624	10.18632	10.59257	7.71982	9.68878	11.29002	11.28981	7.37488	16.57593	20.37756	14.45657	18.36415	7.44401	3.82276	4.01871	7.6037	10.30469	11.56591	11.73515	9.46185	NA	9.97788	11.08875	15.43553	10.70234	14.14717	10.03905	15.60176	14.19931	11.56754	8.95589	23.62897	18.73459	21.96135	14.42583	24.75647	23.99091	19.93648	25.16614	20.70667	21.79017	21.72682	18.67683	22.42547	23.8367	16.71525	16.85296	16.95599	15.87224	14.90181	14.1078	12.85165	13.24419	12.96352	14.91687	11.82636	12.06225	12.58379	7.31667	11.50885	9.13579	8.86118	26.58744	30.22859	32.49223
PL30	14.7807	17.04071	19.03189	13.9685	47.57606	40.31511	37.19622	41.30025	32.58083	29.51573	29.48054	35.44579	30.89194	2.73111	3.17547	2.17305	2.40008	3.84445	3.56821	5.10978	4.77562	2.46707	17.71788	14.71768	21.02562	15.2763	24.24533	25.16651	25.14744	53.13011	59.78785	60.17269	51.6812	58.06027	54.26698	63.46747	60.89056	36.23856	39.52749	35.73767	59.7057	61.56007	60.24149	61.65309	57.11513	52.17232	72.02768	51.77982	62.55088	52.15863	61.99522	55.08431	66.71256	28.01475	25.74207	30.33635	28.01775	23.66094	48.68835	51.08973	44.10427	45.85535	48.12524	9.65601	10.09303	8.95338	7.33316	3.52647	2.84429	4.94758	3.10337	24.88804	23.9527	24.81902	30.85698	26.00522	31.18179	29.15947	28.47585	90.16921	89.12713	103.1766	94.22318	71.61491	64.82189	80.01281	48.77678	53.9348	47.64988	45.70956	53.74933	51.39667	55.75713	43.43692	19.14235	19.00307	16.77056
PL31	NA	NA	NA	NA	NA	NA	NA	NA	NA	NA	NA	NA	NA	NA	NA	NA	NA	NA	NA	NA	NA	NA	NA	NA	NA	NA	NA	NA	NA	NA	NA	NA	NA	NA	NA	NA	NA	NA	NA	NA	NA	NA	NA	NA	0.83509	NA	0.83135	NA	NA	NA	NA	0.28629	NA	NA	0.89392	0.28691	0.59425	NA	0.27398	1.41444	0.27346	NA	NA	0.29832	NA	NA	NA	1.21945	1.26278	1.83778	0.42374	0.61219	0.61713	NA	0.29229	1.22506	1.17286	0.29983	NA	NA	NA	NA	NA	NA	0.29256	NA	0.29138	NA	0.29189	NA	1.14689	0.57743	1.45065	NA	NA	NA	NA
PL32	NA	NA	NA	NA	NA	NA	NA	NA	NA	NA	NA	NA	NA	NA	NA	NA	NA	NA	NA	NA	NA	NA	NA	NA	NA	NA	NA	NA	NA	NA	NA	NA	NA	NA	NA	NA	NA	NA	NA	NA	NA	NA	NA	NA	NA	NA	NA	NA	NA	NA	NA	NA	NA	NA	NA	NA	NA	NA	NA	NA	NA	NA	NA	NA	NA	NA	NA	NA	NA	NA	NA	NA	NA	NA	NA	NA	NA	NA	NA	12.62806	12.83687	11.53319	10.56556	11.65392	8.61921	8.80496	NA	NA	NA	NA	NA	NA	NA	NA	NA	NA	NA
PL33_1	35.57029	43.81845	42.60904	49.61558	76.03581	77.27146	67.32527	68.70508	67.48364	59.58199	67.41045	60.43925	56.44416	28.4702	18.90665	26.55674	31.65303	43.09644	40.16185	49.89636	44.82436	54.13249	49.03188	40.40727	41.91301	44.11968	36.05194	48.86657	42.42737	64.48809	41.98264	53.33338	55.54307	39.44776	36.80542	42.77471	43.44333	51.56303	51.23059	50.86172	90.5735	97.95005	83.91454	78.88547	27.04456	31.59279	27.23227	30.68243	44.3622	38.83971	37.10997	43.54818	NA	23.78327	26.23217	23.3961	19.81547	27.83673	32.7771	39.03088	38.17525	33.5932	36.09318	41.38585	38.00249	43.85282	32.48498	40.18228	37.797	34.62525	30.93695	37.76002	34.31832	31.92668	33.09699	34.61413	40.62743	36.14747	33.49665	39.44988	38.77305	42.05073	32.40255	47.76467	50.48458	36.80409	43.49698	45.32169	47.39097	50.02967	90.59295	89.1542	78.79679	113.42123	50.51025	44.79935	48.61601
PL33_2	9.79406	12.40581	10.04726	12.99041	14.97623	15.38347	16.25639	16.06405	12.59054	8.01445	9.73828	9.24699	10.37099	6.88704	6.86073	9.24841	5.45884	16.97555	18.21676	17.51053	17.84892	12.15104	8.65137	5.62512	12.51803	7.20656	12.88247	9.06216	9.16349	1.04939	2.10942	0.70742	1.12288	0.72867	1.05717	NA	NA	4.39521	4.038	1.03369	7.74945	6.69135	8.67886	8.79728	1.81375	1.50564	1.80895	0.48226	1.82225	2.62639	2.17146	2.61165	NA	3.71459	2.31838	3.35268	3.85561	1.35526	2.84507	3.30625	3.54623	4.02108	3.66744	0.80185	1.26882	NA	NA	NA	0.82431	NA	0.58576	2.37952	NA	1.40694	1.89458	0.79544	1.51783	0.38936	2.26307	7.00966	10.53436	7.84901	3.52705	9.75236	6.89778	10.54659	6.44821	7.32798	8.48794	1.70813	2.62337	4.14366	7.91994	3.62401	9.33208	11.85967	19.23844
PL35	63.73155	72.08301	70.47987	60.50812	108.1323	103.35183	102.05508	94.30568	109.84417	64.52224	61.19992	65.55059	67.62493	44.73721	41.06294	38.76725	42.47205	57.02456	57.34562	41.97752	54.87999	47.44992	15.74774	15.34291	11.35072	19.17915	14.34629	22.72679	22.82249	35.34609	35.8635	31.16386	38.62818	23.82914	20.65986	22.81438	27.29501	29.1468	29.66012	28.34354	36.18933	41.9349	31.43106	32.97671	28.24504	22.53867	26.53277	30.77495	28.94144	29.49842	30.69782	27.38957	48.18766	41.81635	40.58235	44.1416	51.30959	56.99703	51.89792	53.52856	60.22889	50.50552	58.94028	28.00812	34.87952	32.73201	34.23216	16.20186	15.92821	16.54675	16.80342	31.35543	28.6507	30.56809	27.24166	27.78719	35.19821	33.26379	32.00435	104.07581	104.41762	93.32041	111.87891	113.70044	121.22981	103.72436	33.86764	32.681	32.38632	35.84323	39.27266	40.84708	36.56779	26.92612	60.74421	58.89468	54.93236
PL37	1.37441	2.3976	2.11786	2.24832	5.54532	8.13759	9.91817	7.29143	8.79788	6.9815	7.98126	9.40575	8.4985	1.81315	2.07892	2.08148	2.15216	4.24502	4.40418	6.03894	3.12033	4.91111	13.94046	12.74116	9.79328	14.05957	18.21932	17.60782	16.71184	22.26344	27.15934	23.53121	28.5381	28.69377	25.43713	28.63339	29.69131	28.0517	27.869	23.64543	49.07535	44.95676	49.49496	46.06037	13.87198	12.02948	11.59964	12.4198	16.26221	11.91809	14.85304	13.95302	NA	20.81135	17.44374	19.72033	16.9063	17.9679	32.31317	31.24583	37.16291	31.57379	30.07231	11.79206	12.6861	10.35685	12.02194	7.7025	4.28793	8.28852	4.80317	16.73184	13.62656	14.55122	15.54144	16.81908	17.2031	17.12466	15.33981	56.83945	54.76971	58.94254	49.27377	36.36763	35.04856	29.67657	15.76278	14.45239	15.54012	15.37266	42.22141	42.71155	43.57031	45.58495	2.51671	1.06423	0.7039
PL38	48.79593	62.13497	54.61005	60.43488	59.57796	54.5979	63.6431	53.83833	53.10207	32.50487	42.08707	40.37099	47.28472	10.39924	15.33814	10.14515	15.07547	26.33003	22.69459	21.85	27.26894	13.37363	6.72048	7.94937	4.10497	5.99349	9.93226	8.87661	9.34815	57.95592	65.46121	57.93412	67.53926	45.54466	48.83762	49.78604	56.19593	41.26042	39.90291	41.45639	30.39234	31.92248	36.24538	34.64658	71.22274	78.39493	79.97236	64.7824	92.6312	81.41526	86.69178	82.79807	39.03828	28.2807	24.52609	27.58332	26.86512	38.70154	51.83722	46.81068	34.64951	37.96111	43.68557	24.4899	23.19522	26.55838	28.53224	17.86177	16.78366	19.51874	15.63646	27.18228	34.06556	32.39186	19.23885	24.83974	16.68215	15.46005	21.31799	77.16116	60.20606	67.96927	62.74276	74.09749	66.57924	60.45901	50.78382	43.26575	42.06723	38.42311	40.7017	37.23115	38.33427	31.26262	62.39541	50.00461	67.42464
PL4	NA	NA	NA	NA	NA	NA	NA	NA	NA	NA	NA	NA	NA	NA	NA	NA	NA	NA	NA	NA	NA	NA	NA	NA	NA	NA	NA	NA	NA	NA	NA	NA	NA	NA	NA	NA	NA	NA	NA	NA	NA	NA	NA	NA	NA	NA	NA	NA	NA	NA	NA	NA	NA	NA	NA	NA	NA	NA	NA	NA	NA	NA	NA	NA	NA	NA	NA	NA	NA	NA	NA	NA	NA	NA	NA	NA	NA	NA	NA	NA	NA	NA	NA	0.09115	NA	NA	NA	NA	NA	NA	NA	NA	NA	NA	NA	NA	NA
PL40	38.39794	34.56887	37.07083	35.29838	91.07456	96.07612	93.35276	93.11614	97.88096	135.3459	148.13342	147.35135	145.70065	33.34983	34.11088	33.74413	33.00416	37.15608	34.65883	30.8413	33.65498	40.52975	27.00621	30.08066	35.71371	31.291	47.97227	46.54661	45.33097	136.56005	134.13116	135.51119	122.67813	114.11548	103.9208	110.97943	108.23065	195.44411	192.9183	172.15815	162.5187	171.1419	179.34161	168.05983	111.44031	105.25582	117.74147	107.70323	95.60611	93.69867	97.0257	100.56394	70.11749	91.86312	84.00569	87.78963	94.63931	80.96602	118.32203	119.42924	108.60304	116.41025	125.42868	96.62474	102.09196	90.81825	102.79265	67.10113	73.85092	69.94258	74.52955	32.31575	31.233	28.76303	49.65259	44.87431	51.94344	47.08359	46.57477	12.99503	12.53114	11.621	16.83452	29.66822	29.27555	30.0432	59.04055	59.79286	61.8865	60.89935	59.00977	60.70578	65.05757	40.88918	36.46889	36.5151	45.24849
PL4_1	0.09521	0.09486	NA	0.19327	1.50539	1.60323	0.84636	1.41117	0.59434	0.29711	0.49312	0.67817	0.20315	0.09789	0.09753	NA	NA	NA	NA	NA	NA	NA	NA	NA	NA	NA	NA	NA	NA	NA	0.09521	NA	NA	NA	NA	NA	NA	NA	NA	NA	NA	NA	NA	NA	NA	NA	NA	NA	NA	NA	NA	NA	NA	NA	0.1099	0.10582	NA	NA	NA	NA	NA	0.10389	NA	0.22124	0.2269	0.11096	0.35589	0.11305	0.81944	0.34073	0.15713	0.2258	0.34143	0.26676	0.43123	0.22592	0.2163	0.44235	0.43049	1.15389	0.53395	1.7809	0.80141	0.8745	0.97116	0.73864	0.53736	0.21863	0.43063	0.9703	0.21151	0.42595	0.10701	NA	NA	NA	NA
PL6	74.44474	65.62212	36.78575	42.85849	NA	NA	NA	NA	NA	NA	NA	NA	NA	5.24038	6.44326	5.60049	7.53729	16.27509	10.80053	19.46021	16.18876	2.31963	27.84761	16.27264	22.81415	17.83453	23.41818	22.90007	23.49736	43.91316	24.56722	31.6618	26.04227	0.18174	12.3936	9.97598	14.54482	8.21506	17.56734	0.64999	38.47032	4.97651	22.41389	14.93967	53.26996	73.67201	62.90537	76.08176	69.88481	82.46379	65.77599	82.8136	NA	58.1353	52.89348	53.70548	49.55849	49.91856	57.18506	55.21426	57.76049	39.04143	99.1973	140.25479	123.61659	119.19245	142.40763	137.96992	107.36179	140.13741	157.53077	28.32991	30.97101	41.61264	17.25863	14.67055	9.35097	17.65348	17.99102	27.31512	21.91297	20.79224	16.92599	17.45874	36.12171	37.72426	53.51255	48.43818	51.77678	72.6667	71.13265	53.36888	69.52266	78.58115	43.94092	54.2698	30.70159
PL6_1	18.06531	18.5795	12.55136	14.23731	NA	NA	NA	NA	NA	NA	0.29173	NA	NA	1.84552	1.5775	2.25616	2.37984	6.2631	3.96964	3.79847	6.48386	1.66351	6.25805	3.15024	5.68937	3.73763	3.17306	3.38749	3.13895	12.60916	8.64662	7.35193	7.74019	3.43075	3.02677	4.86287	3.32613	3.15709	3.55319	2.34208	7.55377	3.05566	6.63595	6.92405	17.62602	18.05425	19.18365	17.54054	22.59272	26.64494	24.52804	30.42959	NA	5.53142	5.45956	4.54107	6.85866	6.58806	6.58036	9.34698	10.92145	7.6279	8.224	43.57573	38.49296	45.33829	40.99797	47.19474	38.41636	42.1309	42.14456	8.90036	9.30953	9.80326	4.35626	3.39005	3.17786	4.08441	3.13927	6.0765	5.99984	3.98507	4.9798	5.70542	5.6325	3.48873	14.41164	13.07721	12.97594	17.36751	21.50265	20.65422	20.96503	26.79425	17.09897	15.48766	14.98346
PL7	13.12269	8.66425	8.18858	12.99824	1.01493	4.06928	2.02887	2.47966	NA	0.47369	3.07119	1.04508	NA	NA	NA	NA	NA	NA	0.27645	NA	NA	NA	NA	NA	3.65074	NA	NA	NA	1.04236	4.57265	5.9203	4.08434	1.93937	1.40234	1.86067	2.77946	NA	1.03696	NA	NA	1.3014	NA	NA	NA	4.33613	2.53073	3.26059	4.18987	3.75906	2.04351	2.46487	2.63271	NA	10.10292	10.51343	12.14787	5.24173	12.1718	11.11667	13.97361	8.68352	13.91353	8.30842	10.55123	15.57008	13.10584	19.57348	10.90202	11.72625	8.70344	16.44289	0.54	NA	NA	NA	0.5403	0.54433	NA	NA	NA	NA	NA	NA	NA	NA	NA	NA	NA	NA	NA	NA	NA	NA	NA	6.59666	5.22248	3.32418
PL8	82.82635	105.15629	72.71887	78.07693	131.49488	126.55665	127.28543	120.70857	110.86583	149.41097	133.48711	123.33544	148.84271	52.32483	57.39288	43.02348	53.46827	83.70731	90.20046	89.82999	83.31608	73.2684	86.37631	71.08027	63.44486	97.61873	64.08036	75.31967	75.16806	81.90076	85.54976	83.40286	67.43878	86.43875	66.5649	67.29234	68.64987	122.48729	128.66944	136.10225	148.38117	152.51621	156.2823	162.63961	83.7303	77.65609	103.81682	91.35266	78.68869	82.24933	67.52411	84.19063	177.09986	74.91905	81.03356	76.86006	96.38583	73.08556	121.01673	108.68645	123.46997	114.81873	104.23089	69.09414	62.59847	62.83117	56.14777	39.72216	35.49416	33.53516	47.4476	99.12685	82.56694	79.54719	62.7071	57.57414	66.49782	64.98618	69.91381	177.303	186.82436	179.86989	194.44801	157.30916	184.51518	192.31728	60.96606	60.63758	54.50198	42.65077	89.51421	86.69158	100.3639	68.88818	87.58213	96.73804	81.10394
PL8_2	63.2311	73.55337	65.61739	64.76675	56.65153	51.03356	51.94313	52.54881	53.88445	55.87932	53.64629	49.17596	49.06879	24.71293	31.65522	23.66575	25.26446	70.6372	69.87458	71.5828	64.58788	63.86726	42.59323	38.04823	39.66922	43.65724	68.19155	68.80766	67.76052	78.31641	75.98547	68.94304	64.95761	69.1984	60.96919	59.84308	62.24092	91.02947	89.11089	76.58131	149.70619	134.52256	154.12169	140.8361	61.88537	52.38964	62.44762	60.02967	57.56808	60.46684	57.92481	53.7273	109.1745	36.25031	37.46174	33.37691	29.66126	44.35643	58.28607	53.76193	54.58044	52.6783	55.82068	60.43106	54.7054	51.58596	51.72935	40.96051	46.42095	47.84624	36.6519	59.12695	68.09737	63.20877	68.96185	60.02062	54.45066	56.27737	52.2196	60.78086	65.93781	66.39037	73.8886	51.70218	55.88959	47.72867	63.54006	71.33672	72.77243	64.35571	99.25733	101.76748	108.02077	91.90033	68.6237	76.18721	63.03971
PL8_3	47.12223	45.03259	50.34864	45.52301	33.6945	39.15622	38.97446	34.34603	31.25813	17.12324	22.03356	22.41861	19.06281	14.05128	16.61299	15.83419	15.74073	34.83495	35.6595	37.45424	31.51203	41.1214	34.95857	33.96775	32.67035	43.0908	59.32289	62.50958	53.1576	19.47526	14.65929	18.55145	15.05768	17.11299	14.13813	16.06628	16.68506	56.79409	63.01422	66.20996	94.42456	88.3878	85.29624	82.28883	58.55775	60.80009	53.97968	54.34231	39.70069	46.82449	41.47002	36.84958	73.18126	12.95788	8.76426	9.31361	13.389	9.76973	20.27855	17.48697	24.39562	21.20699	18.19846	41.42474	48.42394	40.21203	38.83289	21.78592	21.09367	18.91128	22.72409	57.12237	52.87756	52.20213	48.43393	56.26225	47.30346	48.69836	58.12882	25.64899	25.81041	19.71237	18.29716	22.61959	28.81693	23.50047	33.43193	26.00888	34.19487	29.75252	73.62053	63.86449	67.44396	71.00881	48.68902	42.06975	30.53544
PL9	16.15539	20.6684	16.06274	14.07703	12.89943	13.30525	13.42309	11.24724	8.85526	16.41665	13.92344	14.41889	15.97368	8.41502	6.15702	4.14345	6.53149	10.22303	15.4553	12.2314	12.73261	6.22829	20.42582	26.29107	22.17258	22.90144	9.69452	13.39363	23.37705	31.01037	37.84035	33.26354	25.57391	25.19059	21.79033	23.85467	18.02389	18.98358	29.04536	23.29557	23.56536	13.50736	18.2861	20.93652	7.06883	4.86001	9.00262	4.11604	11.39704	10.39737	7.19846	7.574	NA	12.02502	11.57147	12.0351	9.81749	8.50986	9.41665	8.97573	12.81957	10.13389	14.47505	21.95782	21.97946	27.48579	20.95185	14.1706	17.3865	16.32949	18.53943	12.0275	7.40608	7.80528	6.8837	5.19097	7.88224	6.70421	4.18467	26.92424	33.91464	32.65753	27.31941	25.85432	29.56892	22.73854	11.67285	10.60637	13.52775	9.15498	26.63223	21.84416	23.33827	12.93835	18.58755	18.75723	14.69302
PL9_1	60.4183	60.23368	61.89055	60.96011	45.82875	51.36842	53.10731	50.14928	49.37874	67.53522	66.00086	70.18441	64.8981	17.04314	20.15113	16.00868	16.17821	47.75466	44.57632	42.8759	42.00998	27.18339	64.4105	66.55189	64.80307	66.8235	76.19022	63.57968	74.08523	55.09174	50.17292	53.34379	55.20444	50.09834	46.85013	41.6676	46.67695	83.56039	88.32284	86.26783	74.7635	72.57238	69.15927	79.5143	23.58759	21.71906	24.33098	26.48436	27.99182	23.09146	26.02364	27.04408	NA	15.34855	17.8482	17.93546	16.29448	13.0587	24.87869	25.74032	20.81245	22.14376	21.6783	67.26338	69.6782	66.2235	68.11063	45.79354	57.58385	57.6596	61.45895	11.8999	11.58171	16.21967	17.06984	19.7899	17.01027	17.67662	19.81162	46.41635	43.70979	45.68306	49.39107	47.31937	50.08304	45.04915	29.44334	26.197	30.59789	24.13954	39.23538	42.6621	41.31398	35.51812	47.06529	48.6963	46.82872
PL9_2	27.41718	25.24527	21.27207	27.32515	10.31562	8.10745	11.24254	9.72619	6.53429	8.18039	6.86066	6.5249	5.89705	7.05878	8.83812	10.25425	9.22213	12.19655	15.50511	12.05009	10.15231	3.14404	0.76968	NA	0.12291	NA	0.13929	0.13873	0.26535	4.25842	3.8186	3.54283	4.69522	2.38028	3.06433	1.11048	3.02656	10.52542	10.89897	11.05713	16.73161	19.74783	21.42481	17.58611	4.36545	4.47699	3.30365	2.62788	6.03725	5.69505	4.30472	4.13653	NA	1.21007	1.889	1.51577	0.96466	2.08266	0.43956	0.75146	0.72847	0.59943	0.99513	0.40174	0.737	0.2418	0.2585	0.97606	NA	0.16267	0.22696	4.49686	2.42782	3.5346	4.99992	5.03579	3.45154	4.72193	2.2554	35.40457	30.92983	27.66032	32.87911	21.10905	19.60114	24.5876	18.81448	20.96257	14.52469	17.81017	8.2048	11.85118	12.31888	10.71465	29.36931	27.4054	31.62285
PL9_4	NA	NA	NA	NA	NA	NA	NA	NA	NA	NA	NA	NA	NA	NA	NA	NA	NA	NA	NA	NA	NA	NA	NA	NA	NA	NA	NA	NA	NA	NA	NA	0.63715	0.34035	NA	NA	NA	NA	NA	NA	NA	NA	NA	NA	NA	NA	NA	NA	NA	NA	NA	NA	0.35644	NA	0.35461	NA	NA	NA	NA	NA	NA	NA	NA	NA	NA	NA	NA	NA	NA	NA	NA	NA	NA	NA	NA	NA	NA	NA	NA	NA	NA	NA	NA	NA	NA	NA	NA	NA	NA	NA	NA	NA	NA	NA	NA	NA	NA	NA
