,PMID,First Author,Title,N,Disease,Intervention,Total Fibers [g],Fiber Type,Duration [weeks],Arms,Crossover,Country,Region,Data Availability,Metadata Availability,Filter,Notes,DOI
410,35667659,_2022_2022,Correction to Li et al. Inulin-type fructan intervention restricts the increase in gut microbiome-generated indole in patients with peritoneal dialysis: a randomized crossover study. Am J Clin Nutr 2020;111:1087-99,,,,,,,,,,,,,N,Not Fiber Intervention,https://doi.org/10.1093/ajcn/nqac072
550,38399723,AbdulkhakovS_2024,Butyric Acid Supplementation Reduces Changes in the Taxonomic and Functional Composition of Gut Microbiota Caused by H. pylori Eradication Therapy,,,,,,,,,,,,,N,Not Fiber Intervention,https://doi.org/10.3390/microorganisms12020319
215,31973130,AlAssalK_2020,Gut Microbiota Profile of Obese Diabetic Women Submitted to Roux-en-Y Gastric Bypass and Its Association with Food Intake and Postoperative Diabetes Remission,,,,,,,,,,,,,N,Invasive Disease / Treatment,https://doi.org/10.3390/nu12020278
518,37863978,AlBatainehMT_2023,"Uncovering the relationship between gut microbial dysbiosis, metabolomics, and dietary intake in type 2 diabetes mellitus and in healthy volunteers: a multi-omics analysis",,,,,,,,,,,,,N,Not Fiber Intervention,https://doi.org/10.1038/s41598-023-45066-7
487,37181156,AldubayanMA_2023,Supplementation with inulin-type fructans affects gut microbiota and attenuates some of the cardiometabolic benefits of a plant-based diet in individuals with overweight or obesity,21.0,,Vegan + Inulin,38.0,,10.0,,,,,YES,NO,N,Metadata not clear,https://doi.org/10.3389/fnut.2023.1108088
138,30064535,AlexanderC_2018,Effects of prebiotic inulin-type fructans on blood metabolite and hormone concentrations and faecal microbiota and metabolites in overweight dogs,,,,,,,,,,,,,N,Excluded Cohort Type,https://doi.org/10.1017/S0007114518001952
428,36102329,AlexanderC_2023,"Bowel habits, faecal microbiota and faecal bile acid composition of healthy adults consuming fruit pomace fibres: two-arm, randomised, double-blinded, placebo-controlled trials",91.0,NO,Orange vs Apple pomace,10.0,,4.0,,,,,NO,NO,N,Data Not Available,https://doi.org/10.1017/S0007114522002951
91,28410921,AlfaMJ_2018,A randomized trial to determine the impact of a digestion resistant starch composition on the gut microbiome in older and mid-age adults,,NO,MSPrebiotic - RS,21.0,RS,12.0,4.0,NO,,,NO,,N,Data Not Available,https://doi.org/10.1016/j.clnu.2017.03.025
120,29410955,AlfaMJ_2018,"A Randomized Placebo Controlled Clinical Trial to Determine the Impact of Digestion Resistant Starch MSPrebiotic(®) on Glucose, Insulin, and Insulin Resistance in Elderly and Mid-Age Adults",,,,,,,,,,,,,N,Data Not Available,https://doi.org/10.3389/fmed.2017.00260
652,39723083,AljumayiH_2024,Mushroom and Kefir Functional Characterizations: Hypolipidemia and Gut Microbiota Modulations in Rat Models,,,,,,,,,,,,,N,Excluded Cohort Type,https://doi.org/10.1002/fsn3.4503
505,37609544,AljuraibanGS_2023,Types of fiber and gut microbiota composition and diversity among arab females,,,,,,,,,,,,,N,Not Fiber Intervention,https://doi.org/10.1016/j.sjbs.2023.103767
220,32025615,AlyousifZ_2020,Gastrointestinal Tolerance and Microbiome Response to Snacks Fortified with Pea Hull Fiber: A Randomized Trial in Older Adults,31.0,NO,Pea fiber snack,9.3,,2.0,,,,,,,N,Excluded Cohort Type,https://doi.org/10.1093/cdn/nzaa005
35,25218748,AlZahalO_2014,Use of a direct-fed microbial product as a supplement during the transition period in dairy cattle,,,,,,,,,,,,,N,Excluded Cohort Type,https://doi.org/10.3168/jds.2014-8248
356,34923905,AmadieuC_2022,Restoring an adequate dietary fiber intake by inulin supplementation: a pilot study showing an impact on gut microbiota and sociability in alcohol use disorder patients,,,,,,,,,,,,,N,Invasive Disease / Treatment,https://doi.org/10.1080/19490976.2021.2007042
667,39864520,AmadieuC_2025,"Effect of inulin supplementation on fecal and blood metabolome in alcohol use disorder patients: A randomised, controlled dietary intervention",,,,,,,,,,,,,N,Invasive Disease / Treatment,https://doi.org/10.1016/j.clnesp.2025.01.046
685,40159691,AmatoKR_2025,Supplementation With Human Foods Affects the Gut Microbiota of Wild Howler Monkeys,,,,,,,,,,,,,N,Excluded Cohort Type,https://doi.org/10.1002/ajp.70029
602,39069899,AmbatA_2024,Enhancing recovery from gut microbiome dysbiosis and alleviating DSS-induced colitis in mice with a consortium of rare short-chain fatty acid-producing bacteria,,,,,,,,,,,,,N,Excluded Cohort Type,https://doi.org/10.1080/19490976.2024.2382324
46,25644340,AmpatzoglouA_2015,"Increased whole grain consumption does not affect blood biochemistry, body composition, or gut microbiology in healthy, low-habitual whole grain consumers",,,,,,,,,,,,,N,Data Not Available,https://doi.org/10.3945/jn.114.202176
708,40489796,"AndersenSPhD,AdvAPD_2025",Prebiotic fibre enteral supplementation post allogeneic transplantation; feasibility and impact on the microbiome,,,,,,,,,,,,,N,Invasive Disease / Treatment,https://doi.org/10.1182/bloodadvances.2024015703
629,39367119,AndreozziV_2024,Synbiotic supplementation may globally improve non-motor symptoms in patients with stable Parkinson's disease: results from an open label single-arm study,,,,,,,,,,,,,N,Invasive Disease / Treatment,https://doi.org/10.1038/s41598-024-74400-w
565,38644728,AnR_2024,Inulin mitigated antibiotic-induced intestinal microbiota dysbiosis - a comparison of different supplementation stages,,,,,,,,,,,,,N,Invasive Disease / Treatment,https://doi.org/10.1039/d3fo05186b
715,40689297,Arce-LópezB_2025,Effect of fiber-modified kombucha tea on gut microbiota in healthy population: A randomized controlled trial (RCT),,,,,,,,,,,,,N,Not Fiber Intervention,https://doi.org/10.1016/j.crfs.2025.101130
158,30562060,AroraT_2019,Microbial fermentation of flaxseed fibers modulates the transcriptome of GPR41-expressing enteroendocrine cells and protects mice against diet-induced obesity,,,,,,,,,,,,,N,Excluded Cohort Type,https://doi.org/10.1152/ajpendo.00391.2018
442,36431088,ArslanNÇ_2022,Efficacy of AI-Assisted Personalized Microbiome Modulation by Diet in Functional Constipation: A Randomized Controlled Trial,,,,,,,,,,,,,N,Not Fiber Intervention,https://doi.org/10.3390/jcm11226612
490,37224267,AslanÇİnNN_2024,"Effect of prebiotic and probiotic supplementation on reduced pain in patients with fibromyalgia syndrome: a double-blind, placebo-controlled randomized clinical trial",,,,,,,,,,,,,N,Not Fiber Intervention,https://doi.org/10.1080/13548506.2023.2216464
244,32459282,AzevedoR_2020,"Resistant starch supplementation effects on plasma indole 3-acetic acid and aryl hydrocarbon receptor mRNA expression in hemodialysis patients: Randomized, double blind and controlled clinical trial",,,,,,,,,,,,,N,Data Not Available,https://doi.org/10.1590/2175-8239-JBN-2020-0003
72,27477485,AzpirozF_2017,"Effects of scFOS on the composition of fecal microbiota and anxiety in patients with irritable bowel syndrome: a randomized, double blind, placebo controlled study",,,,,,,,,,,,,N,Invasive Disease / Treatment,https://doi.org/10.1111/nmo.12911
600,39064788,BabaY_2024,"Effect of Intake of Bifidobacteria and Dietary Fiber on Resting Energy Expenditure: A Randomized, Placebo-Controlled, Double-Blind, Parallel-Group Comparison Study",,,,,,,,,,,,,N,Not Fiber Intervention,https://doi.org/10.3390/nu16142345
29,24744316,BaerDJ_2014,The metabolizable energy of dietary resistant maltodextrin is variable and alters fecal microbiota composition in adult men,14.0,,Resistant Maltodextrin,50.0,,2.0,,,,,,,N,Excluded Cohort Type,https://doi.org/10.3945/jn.113.185298
677,40005672,BandowB_2025,Diet Supplementation with Pomegranate Fruit Alters Distal Gut Microbiota of Healthy Female College Students,,,,,,,,,,,,,N,Not Fiber Intervention,https://doi.org/10.3390/microorganisms13020305
335,34444797,BarberC_2021,Differential Effects of Western and Europe-Type Diets on Gut Microbiota: A Metagenomics and Metabolomics Approach,20.0,NO,Europe diet,54.16,General Fibers,4.0,2.0,YES,Spain,Europe,PRJNA755720,YES,Y,Shotgun,https://doi.org/10.3390/nu13082638
613,39179206,BaroneLumagaR_2024,Consumption of a Sourdough-Leavened Croissant Enriched with a Blend of Fibers Influences Fasting Blood Glucose in a Randomized Controlled Trial in Healthy Subjects,32.0,NO,4.8g vs 1.3g fiber croissant,4.81,General,2.0,2.0,NO,,,PRJNA1243897,YES,N,Not Fiber Intervention,https://doi.org/10.1016/j.tjnut.2024.08.015
161,30586752,BartolomaeusH_2019,Short-Chain Fatty Acid Propionate Protects From Hypertensive Cardiovascular Damage,,,,,,,,,,,,,N,Not Fiber Intervention,https://doi.org/10.1161/CIRCULATIONAHA.118.036652
166,30696735,BaxterNT_2019_Fructans,Dynamics of Human Gut Microbiota and Short-Chain Fatty Acids in Response to Dietary Interventions with Three Fermentable Fibers,50.0,NO,Inulin,20.0,Fructans,2.0,4.0,NO,USA,North America,PRJNA428736,YES,Y,16s,https://doi.org/10.1128/mbio.02566-18
167,30696735,BaxterNT_2019_RS2,Dynamics of Human Gut Microbiota and Short-Chain Fatty Acids in Response to Dietary Interventions with Three Fermentable Fibers,86.0,NO,RS2,26.0,RS2,2.0,4.0,NO,USA,North America,PRJNA428736,YES,Y,16s,https://doi.org/10.1128/mbio.02566-18
318,34212778,BealeAL_2021,The Gut Microbiome of Heart Failure With Preserved Ejection Fraction,,,,,,,,,,,,,N,Not Fiber Intervention,https://doi.org/10.1161/JAHA.120.020654
1,20370946,BeardsE_2010,A human volunteer study to assess the impact of confectionery sweeteners on the gut microbiota composition,,,,,,,,,,,,,N,Not Fiber Intervention,https://doi.org/10.1017/S0007114510001078
457,36782292,BearsonSMD_2023,Effects of β-glucan on Salmonella enterica serovar Typhimurium swine colonization and microbiota alterations,,,,,,,,,,,,,N,Excluded Cohort Type,https://doi.org/10.1186/s40813-023-00302-4
73,27507236,BechshøftRL_2016,Counteracting Age-related Loss of Skeletal Muscle Mass: a clinical and ethnological trial on the role of protein supplementation and training load (CALM Intervention Study): study protocol for a randomized controlled trial,,,,,,,,,,,,,N,Not Fiber Intervention,https://doi.org/10.1186/s13063-016-1512-0
353,34839011,BeckerA_2022,"Effects of Resistant Starch on Symptoms, Fecal Markers, and Gut Microbiota in Parkinson's Disease - The RESISTA-PD Trial",87.0,Parkinson,PD Resistant starch vs healthy Resistant starch vs PD control,,,8.0,3.0,NO,,,PRJCA004435,NO,N,Data Not Available,https://doi.org/10.1016/j.gpb.2021.08.009
209,31711172,BecraftAR_2020,"Intake of Watermelon or Its Byproducts Alters Glucose Metabolism, the Microbiome, and Hepatic Proinflammatory Metabolites in High-Fat-Fed Male C57BL/6 J Mice",,,,,,,,,,,,,N,Excluded Cohort Type,https://doi.org/10.1093/jn/nxz267
700,40459489,"BekeM.P.PhD,RDN_2025",Managing Constipation and Its Risks in Parkinson's Disease: Is There a Role for Dietary Fiber?,,,,,,,,,,,,,N,Not Fiber Intervention,https://doi.org/10.3148/cjdpr-2025-015
328,34341379,BelLassenP_2021,Protein supplementation during an energy-restricted diet induces visceral fat loss and gut microbiota amino acid metabolism activation: a randomized trial,,,,,,,,,,,,,N,Not Fiber Intervention,https://doi.org/10.1038/s41598-021-94916-9
339,34579043,BelLassenP_2021,"Protein Intake, Metabolic Status and the Gut Microbiota in Different Ethnicities: Results from Two Independent Cohorts",,,,,,,,,,,,,N,Not Fiber Intervention,https://doi.org/10.3390/nu13093159
363,35045871,BellKJ_2022,Metabolite-based dietary supplementation in human type 1 diabetes is associated with microbiota and immune modulation,,,,,,,,,,,,,N,Not Fiber Intervention,https://doi.org/10.1186/s40168-021-01193-9
107,28971068,Benítez-PáezA_2017,The Glycolytic Versatility of Bacteroides uniformis CECT 7771 and Its Genome Response to Oligo and Polysaccharides,,,,,,,,,,,,,N,Not Fiber Intervention,https://doi.org/10.3389/fcimb.2017.00383
290,33629506,Benítez-PáezA_2021,"Sex, Food, and the Gut Microbiota: Disparate Response to Caloric Restriction Diet with Fiber Supplementation in Women and Men",,,,,,,,,,,NO,,N,Metadata not clear,https://doi.org/10.1002/mnfr.202000996
184,31138673,BenitezPaezA_2019,A Multi-omics Approach to Unraveling the Microbiome-Mediated Effects of Arabinoxylan Oligosaccharides in Overweight Humans,15.0,Overweight,AXOS,10.4,Arabinoxylan,12.0,2.0,YES,Finland,Europe,PRJEB25727,YES,Y,Shotgun,https://doi.org/10.1128/msystems.00209-19
265,32951067,BerdingK_2021,"A specific dietary fibre supplementation improves cognitive performance-an exploratory randomised, placebo-controlled, crossover study",18.0,NO,Polydextrose,12.0,Polydextrose,4,2,YES,,,,,N,Data Not Available,https://doi.org/10.1007/s00213-020-05665-y
133,29993025,BererK_2018,Dietary non-fermentable fiber prevents autoimmune neurological disease by changing gut metabolic and immune status,,,,,,,,,,,,,N,Excluded Cohort Type,https://doi.org/10.1038/s41598-018-28839-3
78,27993177,BergeronN_2016,"Diets high in resistant starch increase plasma levels of trimethylamine-N-oxide, a gut microbiome metabolite associated with CVD risk",,,,,,,,,,,,,N,Not Fiber Intervention,https://doi.org/10.1017/S0007114516004165
305,33971938,BerghC_2021,"Effects of Bilberry and Oat intake on lipids, inflammation and exercise capacity after Acute Myocardial Infarction (BIOAMI): study protocol for a randomized, double-blind, placebo-controlled trial",,,,,,,,,,,,,N,Invasive Disease / Treatment,https://doi.org/10.1186/s13063-021-05287-5
498,37444219,BesterA_2023,Shotgun Metagenomic Sequencing Revealed the Prebiotic Potential of a Fruit Juice Drink with Fermentable Fibres in Healthy Humans,20.0,,MOJU Prebiotic shot,,,3.0,,,,,NO,,N,Data Not Available,https://doi.org/10.3390/foods12132480
598,39064648,BeteriB_2024,"Impact of Combined Prebiotic Galacto-Oligosaccharides and Bifidobacterium breve-Derived Postbiotic on Gut Microbiota and HbA1c in Prediabetic Adults: A Double-Blind, Randomized, Placebo-Controlled Study",,,,,,,,,,,,,N,Not Fiber Intervention,https://doi.org/10.3390/nu16142205
264,32899326,BezekK_2020,Obesity Measures and Dietary Parameters as Predictors of Gut Microbiota Phyla in Healthy Individuals,,,,,,,,,,,,,N,Not Fiber Intervention,https://doi.org/10.3390/nu12092695
440,36424459,BichVTN_2022,Moderate and transient impact of antibiotic use on the gut microbiota in a rural Vietnamese cohort,,,,,,,,,,,,,N,Not Fiber Intervention,https://doi.org/10.1038/s41598-022-24488-9
242,32440730,BirkelandE_2020,Prebiotic effect of inulin-type fructans on faecal microbiota and short-chain fatty acids in type 2 diabetes: a randomised controlled trial,25.0,NO,Inulin,16.0,,6.0,,,,,,,N,Data Not Available,https://doi.org/10.1007/s00394-020-02282-5
704,40471453,BirkelandE_2025,Can supplements with prebiotic fibres positively influence bone health in type 2 diabetes? Insights from a randomised controlled crossover trial,,,,,,,,,,,,,N,Data Not Available,https://doi.org/10.1007/s11657-025-01556-x
312,34120835,BirueteA_2021,Effect of Dietary Inulin Supplementation on the Gut Microbiota Composition and Derived Metabolites of Individuals Undergoing Hemodialysis: A Pilot Study,12.0,Hemodialysis,Inulin,10.0,,4.0,,,,,,,N,Invasive Disease / Treatment,https://doi.org/10.1053/j.jrn.2020.10.003
419,35956273,BizeauJB_2022,Dietary Inulin Supplementation Affects Specific Plasmalogen Species in the Brain,,,,,,,,,,,,,N,Data Not Available,https://doi.org/10.3390/nu14153097
98,28620472,BlædelT_2016,"A randomised, controlled, crossover study of the effect of diet on angiopoietin-like protein 4 (ANGPTL4) through modification of the gut microbiome",,,,,,,,,,,,,N,Not Fiber Intervention,https://doi.org/10.1017/jns.2016.38
447,36569851,Blázquez-BondiaC_2022,Probiotic effects on immunity and microbiome in HIV-1 discordant patients,,,,,,,,,,,,,N,Not Fiber Intervention,https://doi.org/10.3389/fimmu.2022.1066036
713,40681534,BlicharzL_2025_2025,Severity of atopic dermatitis is associated with gut-derived metabolites and leaky gut-related biomarkers,,,,,,,,,,,,,N,Not Fiber Intervention,https://doi.org/10.1038/s41598-025-09520-y
308,34016947,BloemendaalM_2021,Probiotics-induced changes in gut microbial composition and its effects on cognitive performance after stress: exploratory analyses,,,,,,,,,,,,,N,Not Fiber Intervention,https://doi.org/10.1038/s41398-021-01404-9
64,27157575,BogovičMatijašićB_2016,"Effects of synbiotic fermented milk containing Lactobacillus acidophilus La-5 and Bifidobacterium animalis ssp. lactis BB-12 on the fecal microbiota of adults with irritable bowel syndrome: A randomized double-blind, placebo-controlled trial",,,,,,,,,,,,,N,Not Fiber Intervention,https://doi.org/10.3168/jds.2015-10743
499,37447363,BoucherE_2023,Inulin Prebiotic Protects against Lethal Pseudomonas aeruginosa Acute Infection via γδ T Cell Activation,,,,,,,,,,,,,N,Not Fiber Intervention,https://doi.org/10.3390/nu15133037
217,31979019,BrandlB_2020,Effects of Extrinsic Wheat Fiber Supplementation on Fecal Weight; A Randomized Controlled Trial,29.0,NO,Fiber enriched foods,,,,,,,,,,N,Data Not Available,https://doi.org/10.3390/nu12020298
273,33108521,BratlieM_2021,"Effects of high intake of cod or salmon on gut microbiota profile, faecal output and serum concentrations of lipids and bile acids in overweight adults: a randomised clinical trial",,,,,,,,,,,,,N,Not Fiber Intervention,https://doi.org/10.1007/s00394-020-02417-8
418,35952350,BruntVE_2022,"Suppression of trimethylamine N-oxide with DMB mitigates vascular dysfunction, exercise intolerance, and frailty associated with a Western-style diet in mice",,,,,,,,,,,,,N,Excluded Cohort Type,https://doi.org/10.1152/japplphysiol.00350.2022
609,39146178,BuchananRW_2024,Prebiotic Treatment in People With Schizophrenia,,,,,,,,,,,,,N,Data Not Available,https://doi.org/10.1097/JCP.0000000000001899
544,38331563,BuddenKF_2024,Faecal microbial transfer and complex carbohydrates mediate protection against COPD,,,,,,,,,,,,,N,Not Fiber Intervention,https://doi.org/10.1136/gutjnl-2023-330521
66,27314331,BuiguesC_2016,"Effect of a Prebiotic Formulation on Frailty Syndrome: A Randomized, Double-Blind Clinical Trial",,,,,,,,,,,,,N,Data Not Available,https://doi.org/10.3390/ijms17060932
278,33303023,BushJR_2020,Increasing levels of Parasutterella in the gut microbiome correlate with improving low-density lipoprotein levels in healthy adults consuming resistant potato starch during a randomised trial,35,NO,MSPrebiotic,,RS2,,,,,,,,N,Data Not Available,https://doi.org/10.1186/s40795-020-00398-9
688,40224142,CailleA_2025,Positive nutritional selection of adults with healthy lifestyle and high daily fiber consumption for the isolation of beneficial intestinal bacteria: The iTARGET cohort study protocol,,,,,,,,,,,,,N,Not Fiber Intervention,https://doi.org/10.1016/j.mex.2025.103268
542,38323473,Calvete-TorreI_2024,Gut microbiota modulation and effects of a diet enriched in apple pomace on inflammation in a DSS-induced colitis mouse model,,,,,,,,,,,,,N,Excluded Cohort Type,https://doi.org/10.1039/d3fo04277d
494,37322527,CampbellA_2023,H(2) generated by fermentation in the human gut microbiome influences metabolism and competitive fitness of gut butyrate producers,,,,,,,,,,,,,N,Not Fiber Intervention,https://doi.org/10.1186/s40168-023-01565-3
63,27151248,CandelaM_2016,Modulation of gut microbiota dysbioses in type 2 diabetic patients by macrobiotic Ma-Pi 2 diet,,,,,,,,,,,,,N,Not Fiber Intervention,https://doi.org/10.1017/S0007114516001045
90,28396144,CanforaEE_2017,"Supplementation of Diet With Galacto-oligosaccharides Increases Bifidobacteria, but Not Insulin Sensitivity, in Obese Prediabetic Individuals",44.0,Prediabetes,Galacto-oligosaccharides,15.0,,12.0,,,,,,,N,Invasive Disease / Treatment,https://doi.org/10.1053/j.gastro.2017.03.051
444,36511265,CaoJ_2023,"Soluble dietary fiber and cellulose from Saccharina japonica by-product ameliorate Loperamide-induced constipation via modulating enteric neurotransmitters, short-chain fatty acids and gut microbiota",,,,,,,,,,,,,N,Excluded Cohort Type,https://doi.org/10.1016/j.ijbiomac.2022.11.243
2,20487589,Carvalho-WellsAL_2010,Determination of the in vivo prebiotic potential of a maize-based whole grain breakfast cereal: a human feeding study,,,,,,,,,,,,,N,Data Not Available,https://doi.org/10.1017/S0007114510002084
611,39171571,Castonguay-ParadisS_2025,The Human Fecal Endocannabinoidome Mediator Profile Is Mainly Defined by the Fecal Microbiota and Diet,,,,,,,,,,,,,N,Not Fiber Intervention,https://doi.org/10.1210/clinem/dgae586
89,28377388,CatryE_2018,Targeting the gut microbiota with inulin-type fructans: preclinical demonstration of a novel approach in the management of endothelial dysfunction,,,,,,,,,,,,,N,Excluded Cohort Type,https://doi.org/10.1136/gutjnl-2016-313316
341,34593556,ChadchanSB_2021,Gut microbiota-derived short-chain fatty acids protect against the progression of endometriosis,,,,,,,,,,,,,N,Not Fiber Intervention,https://doi.org/10.26508/lsa.202101224
180,30971437,ChambersES_2019,"Dietary supplementation with inulin-propionate ester or inulin improves insulin sensitivity in adults with overweight and obesity with distinct effects on the gut microbiota, plasma metabolome and systemic inflammatory responses: a randomised cross-over trial",12.0,Overweight,Inulin,20.0,,7.0,,,,,,,N,Excluded Cohort Type,https://doi.org/10.1136/gutjnl-2019-318424
139,30098126,ChambersES_2019,The effects of dietary supplementation with inulin and inulin-propionate ester on hepatic steatosis in adults with non-alcoholic fatty liver disease,,,,,,,,,,,,,N,Data Not Available,https://doi.org/10.1111/dom.13500
675,39998325,ChenB_2025,Gut Microbiota-Butyrate-PPARγ Axis Modulates Adipose Regulatory T Cell Population,,,,,,,,,,,,,N,Not Fiber Intervention,https://doi.org/10.1002/advs.202411086
445,36515546,ChenC_2023,"Characterizations of the Gut Bacteriome, Mycobiome, and Virome in Patients with Osteoarthritis",,,,,,,,,,,,,N,Not Fiber Intervention,https://doi.org/10.1128/spectrum.01711-22
18,23553152,ChenHM_2013,Decreased dietary fiber intake and structural alteration of gut microbiota in patients with advanced colorectal adenoma,,,,,,,,,,,,,N,Invasive Disease / Treatment,https://doi.org/10.3945/ajcn.112.046607
129,29866614,ChenJ_2018,Inflammation-Modulating Effect of Butyrate in the Prevention of Colon Cancer by Dietary Fiber,,,,,,,,,,,,,N,Data Not Available,https://doi.org/10.1016/j.clcc.2018.05.001
459,36794003,ChenL_2023,"High-fiber diet ameliorates gut microbiota, serum metabolism and emotional mood in type 2 diabetes patients",9.0,Type 2 diabetes,High Fiber,,,2.0,,,,,,,N,Excluded Cohort Type,https://doi.org/10.3389/fcimb.2023.1069954
493,37277984,ChenLL_2023,Longitudinal study of gut microbiome in obsessive-compulsive disorder,,,,,,,,,,,,,N,Not Fiber Intervention,https://doi.org/10.1002/brb3.3115
165,30670754,ChenSY_2019,Gut microbiota profiling with differential tolerance against the reduced dietary fibre level in rabbit,,,,,,,,,,,,,N,Excluded Cohort Type,https://doi.org/10.1038/s41598-018-36534-6
538,38201863,ChenY_2023,Astaxanthin Ameliorates Worsened Muscle Dysfunction of MDX Mice Fed with a High-Fat Diet through Reducing Lipotoxicity and Regulating Gut Microbiota,,,,,,,,,,,,,N,Excluded Cohort Type,https://doi.org/10.3390/nu16010033
189,31244792,CherbuyC_2019,Modulation of the Caecal Gut Microbiota of Mice by Dietary Supplement Containing Resistant Starch: Impact Is Donor-Dependent,,,,,,,,,,,,,N,Excluded Cohort Type,https://doi.org/10.3389/fmicb.2019.01234
214,31969191,ChijiiwaR_2020,Single-cell genomics of uncultured bacteria reveals dietary fiber responders in the mouse gut microbiota,,,,,,,,,,,,,N,Excluded Cohort Type,https://doi.org/10.1186/s40168-019-0779-2
421,35993118,ChiouWC_2022,Gut microbiota-directed intervention with high-amylose maize ameliorates metabolic dysfunction in diet-induced obese mice,,,,,,,,,,,,,N,Excluded Cohort Type,https://doi.org/10.1039/d2fo01211a
233,32230987,ChongCYL_2020,Randomised Double-Blind Placebo-Controlled Trial of Inulin with Metronidazole in Non-Alcoholic Fatty Liver Disease (NAFLD),,,,,,,,,,,,,N,Invasive Disease / Treatment,https://doi.org/10.3390/nu12040937
528,38035997,ChooiYC_2024,Effect of an Asian-adapted Mediterranean diet and pentadecanoic acid on fatty liver disease: the TANGO randomized controlled trial,,,,,,,,,,,,,N,Not Fiber Intervention,https://doi.org/10.1016/j.ajcnut.2023.11.013
197,31504699,ChristensenL_2019,"Prevotella Abundance Predicts Weight Loss Success in Healthy, Overweight Adults Consuming a Whole-Grain Diet Ad Libitum: A Post Hoc Analysis of a 6-Wk Randomized Controlled Trial",24.0,NO,Whole grain,33.0,,6.0,2.0,NO,,,NO,,N,Data Not Available,https://doi.org/10.1093/jn/nxz198
279,33319645,ChristensenL_2020,Microbial enterotypes beyond genus level: Bacteroides species as a predictive biomarker for weight change upon controlled intervention with arabinoxylan oligosaccharides in overweight subjects,29.0,Overweight,AXOS,10.4,AXOS,4.0,2,NO,Denmark,North Europe,PRJEB25727,YES,N,Duplicated,https://doi.org/10.1080/19490976.2020.1847627
208,31686768,ChuJR_2019,Prebiotic UG1601 mitigates constipation-related events in association with gut microbiota: A randomized placebo-controlled intervention study,20.0,,Inulin,8.0,,,,,,,,,N,Data Not Available,https://doi.org/10.3748/wjg.v25.i40.6129
304,33924834,ClancyAK_2021,Dietary Intakes of Recipients of Faecal Microbiota Transplantation: An Observational Pilot Study,,,,,,,,,,,,,N,Not Fiber Intervention,https://doi.org/10.3390/nu13051487
348,34760906,ClancyAK_2021,"Dietary Management for Faecal Microbiota Transplant: An International Survey of Clinical and Research Practice, Knowledge and Attitudes",,,,,,,,,,,,,N,Not Fiber Intervention,https://doi.org/10.3389/fnut.2021.653653
169,30803510,ClarkRL_2019,Educational intervention improves fruit and vegetable intake in young adults with metabolic syndrome components,,,,,,,,,,,,,N,Not Fiber Intervention,https://doi.org/10.1016/j.nutres.2018.11.010
16,23498848,Closa-MonasteroloR_2013,Safety and efficacy of inulin and oligofructose supplementation in infant formula: results from a randomized clinical trial,,,,,,,,,,,,,N,Excluded Cohort Type,https://doi.org/10.1016/j.clnu.2013.02.009
519,37876886,Colin-RamirezE_2023,The Need for Fiber Addition in Symptomatic Heart Failure (FEAST-HF): A Randomized Controlled Pilot Trial,,,,,,,,,,,,,N,Data Not Available,https://doi.org/10.1016/j.cjco.2023.07.005
77,27872611,ConnollyML_2016,"Hypocholesterolemic and Prebiotic Effects of a Whole-Grain Oat-Based Granola Breakfast Cereal in a Cardio-Metabolic ""At Risk"" Population",,,,,,,,,,,,,N,Not Fiber Intervention,https://doi.org/10.3389/fmicb.2016.01675
111,29124388,ConternoL_2019,Measuring the impact of olive pomace enriched biscuits on the gut microbiota and its metabolic activity in mildly hypercholesterolaemic subjects,,,,,,,,,,,,,N,Not Fiber Intervention,https://doi.org/10.1007/s00394-017-1572-2
85,28230784,CooperDN_2017,"The Effects of Moderate Whole Grain Consumption on Fasting Glucose and Lipids, Gastrointestinal Symptoms, and Microbiota",,NO,Whole grain vs Refine DIET,,,6.0,,,,,,,N,Data Not Available,https://doi.org/10.3390/nu9020173
276,33188413,Cortes-MacíasE_2021,Maternal Diet Shapes the Breast Milk Microbiota Composition and Diversity: Impact of Mode of Delivery and Antibiotic Exposure,,,,,,,,,,,,,N,Not Fiber Intervention,https://doi.org/10.1093/jn/nxaa310
80,28107445,CosolaC_2017,Beta-Glucans Supplementation Associates with Reduction in P-Cresyl Sulfate Levels and Improved Endothelial Vascular Reactivity in Healthy Individuals,,,,,,,,,,,,,N,Data Not Available,https://doi.org/10.1371/journal.pone.0169635
57,26731113,CostabileA_2016,Prebiotic Potential of a Maize-Based Soluble Fibre and Impact of Dose on the Human Gut Microbiota,,,,,,,,,,,,,N,Data Not Available,https://doi.org/10.1371/journal.pone.0144457
646,39662692,CostiganCM_2024,One Year of Gluten-Free Diet Impacts Gut Function and Microbiome in Celiac Disease,,,,,,,,,,,,,N,Not Fiber Intervention,https://doi.org/10.1016/j.cgh.2024.11.006
239,32358520,CoutzacC_2020,Systemic short chain fatty acids limit antitumor effect of CTLA-4 blockade in hosts with cancer,,,,,,,,,,,,,N,Not Fiber Intervention,https://doi.org/10.1038/s41467-020-16079-x
429,36130222,CreedonAC_2022,"The impact of almonds and almond processing on gastrointestinal physiology, luminal microbiology, and gastrointestinal symptoms: a randomized controlled trial and mastication study",87.0,NO,Almonds,56.0,,4.0,,,,,,,N,Data Not Available,https://doi.org/10.1093/ajcn/nqac265
635,39439317,CroninP_2024,Yeast β-glucan supplementation lowers insulin resistance without altering microbiota composition compared with placebo in subjects with type II diabetes: a phase I exploratory study,,,,,,,,,,,NO,,N,Data Not Available,https://doi.org/10.1017/S0007114524002526
680,40038255,CuiB_2025,Gut dysbiosis conveys psychological stress to activate LRP5/β-catenin pathway promoting cancer stemness,,,,,,,,,,,,,N,Excluded Cohort Type,https://doi.org/10.1038/s41392-025-02159-1
373,35196585,CuiX_2022,Dietary fiber modulates abdominal fat deposition associated with cecal microbiota and metabolites in yellow chickens,,,,,,,,,,,,,N,Excluded Cohort Type,https://doi.org/10.1016/j.psj.2022.101721
93,28468236,CupistiA_2017,"Non-Traditional Aspects of Renal Diets: Focus on Fiber, Alkali and Vitamin K1 Intake",,,,,,,,,,,,,N,Not Fiber Intervention,https://doi.org/10.3390/nu9050444
323,34275431,DahlWJ_2015,Resistant potato starches (type 4 RS) exhibit varying effects on laxation with and without phylum level changes in microbiota: A randomised trial in young adults,57.0,NO,RS4,30.0,RS4,2.0,3.0,NO,USA,North America,SRP403421,YES,Y,16s,https://doi.org/10.1016/j.jff.2016.02.013
170,30804813,DaoMC_2019,A Data Integration Multi-Omics Approach to Study Calorie Restriction-Induced Changes in Insulin Sensitivity,,,,,,,,,,,,,N,Not Fiber Intervention,https://doi.org/10.3389/fphys.2018.01958
298,33803337,daSilvaSF_2021,"Influence of Human Eating Habits on Antimicrobial Resistance Phenomenon: Aspects of Clinical Resistome of Gut Microbiota in Omnivores, Ovolactovegetarians, and Strict Vegetarians",58.0,NO,Omnivores vs Ovolactovegetarians vs Vegetarians,,,0.0,3.0,NO,,,NO,,N,Data Not Available,https://doi.org/10.3390/antibiotics10030276
338,34572516,DaskovaN_2021,Determination of Butyrate Synthesis Capacity in Gut Microbiota: Quantification of but Gene Abundance by qPCR in Fecal Samples,,,,,,,,,,,,,N,Not Fiber Intervention,https://doi.org/10.3390/biom11091303
452,36678325,DaskovaN_2023,Protective Effect of Vegan Microbiota on Liver Steatosis Is Conveyed by Dietary Fiber: Implications for Fecal Microbiota Transfer Therapy,,,,,,,,,,,,,N,Not Fiber Intervention,https://doi.org/10.3390/nu15020454
481,37085526,ĎáskováN_2023,Multi-omics signatures in new-onset diabetes predict metabolic response to dietary inulin: findings from an observational study followed by an interventional trial,27.0,Prediabetes,Inulin,10.0,,12.0,,,,,,,N,Invasive Disease / Treatment,https://doi.org/10.1038/s41387-023-00235-5
266,32954608,DavisR_2021,Habitual dietary fibre and prebiotic intake is inadequate in patients with inflammatory bowel disease: findings from a multicentre cross-sectional study,,,,,,,,,,,,,N,Data Not Available,https://doi.org/10.1111/jhn.12812
271,33040772,DawsonSL_2021,Targeting the perinatal diet to modulate the gut microbiota increases dietary variety and prebiotic and probiotic food intakes: results from a randomised controlled trial,,,,,,,,,,,,,N,Excluded Cohort Type,https://doi.org/10.1017/S1368980020003511
293,33671166,deAndradeLS_2021,"Effect of Unripe Banana Flour on Gut-Derived Uremic Toxins in Individuals Undergoing Peritoneal Dialysis: A Randomized, Double-Blind, Placebo-Controlled, Crossover Trial",,,,,,,,,,,,,N,Data Not Available,https://doi.org/10.3390/nu13020646
135,30039140,Deb-ChoudhuryS_2018,The effects of a wool hydrolysate on short-chain fatty acid production and fecal microbial composition in the domestic cat (Felis catus),,,,,,,,,,,,,N,Excluded Cohort Type,https://doi.org/10.1039/c7fo02004j
219,32004499,DeehanEC_2020,Precision Microbiome Modulation with Discrete Dietary Fiber Structures Directs Short-Chain Fatty Acid Production,10.0,NO,RS4,35.0,RS4,4.0,4.0,NO,Canada,North America,PRJNA560950,YES,Y,16s,https://doi.org/10.1016/j.chom.2020.01.006
400,35562794,DeehanEC_2022,Elucidating the role of the gut microbiota in the physiological effects of dietary fiber,15.0,Overweight,AXOS,30,AXOS,6.0,2,NO,Canada,North America,PRJNA564636,YES,N,Duplicated,https://doi.org/10.1186/s40168-022-01248-5
579,38860973,DeehanEC_2024,Adaptation to tolerate high doses of arabinoxylan is associated with fecal levels of Bifidobacterium longum,15.0,Overweight,AXOS,30.0,Arabinoxylan,6.0,,,Canada,North America,PRJNA564636,YES,Y,16s,https://doi.org/10.1080/19490976.2024.2363021
52,26416813,DeFilippisF_2016,High-level adherence to a Mediterranean diet beneficially impacts the gut microbiota and associated metabolome,153.0,NO,Testing whether vegan + vegetarian + omnivorous people can adhere to mediterranean diet,,,,,,,,,,N,Not Fiber Intervention,https://doi.org/10.1136/gutjnl-2015-309957
315,34163075,Delannoy-BrunoO_2021_Extruded,Evaluating microbiome-directed fibre snacks in gnotobiotic mice and humans,12,Overweight,Extruded pea fiber snack,24.3,Arabinoxylan + Pectin,7.0,2.0,NO,USA,North America,PRJEB38148,YES,Y,Shotgun,https://doi.org/10.1038/s41586-021-03671-4
315,34163075,Delannoy-BrunoO_2021_PeaFructan,Evaluating microbiome-directed fibre snacks in gnotobiotic mice and humans,14.0,Overweight,Pea fiber + inulin snack,24.3,Arabinoxylan + Pectin + Fructans,7.0,2.0,NO,USA,North America,PRJEB38148,YES,Y,Shotgun,https://doi.org/10.1038/s41586-021-03671-4
315,34163075,Delannoy-BrunoO_2021_Complete,Evaluating microbiome-directed fibre snacks in gnotobiotic mice and humans,14.0,Overweight,Pea + Orange fiber + inulin + barley brain snack,24.3,Arabinoxylan + Pectin + Fructans + β-glucan,7.0,2.0,NO,USA,North America,PRJEB38148,YES,Y,Shotgun,https://doi.org/10.1038/s41586-021-03671-4
398,35533274,Delannoy-BrunoO_2022_Orange,An approach for evaluating the effects of dietary fiber polysaccharides on the human gut microbiome and plasma proteome,24.0,NO,Orange fiber snack,10.2,Arabinoxylan + Pectin,10.0,1.0,NO,USA,North America,PRJEB44020,YES,Y,Shotgun,https://doi.org/10.1073/pnas.2123411119
397,35533274,Delannoy-BrunoO_2022_Pea,An approach for evaluating the effects of dietary fiber polysaccharides on the human gut microbiome and plasma proteome,18.0,NO,Pea fiber snack,8.1,Arabinoxylan + Pectin,10.0,1.0,NO,USA,North America,PRJEB44020,YES,Y,Shotgun,https://doi.org/10.1073/pnas.2123411119
379,35277080,DeMartinoP_2022,Additional Resistant Starch from One Potato Side Dish per Day Alters the Gut Microbiota but Not Fecal Short-Chain Fatty Acid Concentrations,50.0,Overweight,RS2,1.74,RS2,4.0,2.0,NO,USA,North America,PRJNA780023,YES,Y,16s,https://doi.org/10.3390/nu14030721
350,34784923,deOliveiraMatheusLF_2021,"Effects of Saccharomyces cerevisiae cell wall addition on feed digestibility, fecal fermentation and microbiota and immunological parameters in adult cats",,,,,,,,,,,,,N,Excluded Cohort Type,https://doi.org/10.1186/s12917-021-03049-8
162,30604790,DePaepeK_2019,Modification of wheat bran particle size and tissue composition affects colonisation and metabolism by human faecal microbiota,,,,,,,,,,,,,N,Not Fiber Intervention,https://doi.org/10.1039/c8fo01272e
476,37034622,DevarakondaSLS_2023,Gut microbial features and dietary fiber intake predict gut microbiota response to resistant starch supplementation,62.0,NO,RS2 + RS4 separately,,,1.5,2.0,YES,,,,,N,Duplicated,https://doi.org/10.1101/2023.03.24.23287665
586,38913541,DevarakondaSLS_2024_RS2,Gut microbial features and dietary fiber intake predict gut microbiota response to resistant starch supplementation,59.0,NO,RS2 + RS4 separately,30,RS2,1.5,2.0,YES,USA,North America,PRJNA944997,YES,Y,16s,https://doi.org/10.1080/19490976.2024.2367301
586,38913541,DevarakondaSLS_2024_RS4,Gut microbial features and dietary fiber intake predict gut microbiota response to resistant starch supplementation,59.0,NO,RS2 + RS4 separately,30,RS4,1.5,2.0,YES,USA,North America,PRJNA944997,YES,Y,16s,https://doi.org/10.1080/19490976.2024.2367301
47,26045269,DevkotaS_2015,"Interactions between Diet, Bile Acid Metabolism, Gut Microbiota, and Inflammatory Bowel Diseases",,,,,,,,,,,,,N,Not Fiber Intervention,https://doi.org/10.1159/000371687
13,23135760,DewulfE_2012,"Insight into the prebiotic concept: lessons from an exploratory, double blind intervention study with inulin-type fructans in obese women",15.0,Overweight,Inulin,16.0,,3.0,2.0,NO,,,NO,,N,Data Not Available,https://doi.org/10.1136/gutjnl-2012-303304
200,31528836,DhillonJ_2019,Almond Snacking for 8 wk Increases Alpha-Diversity of the Gastrointestinal Microbiome and Decreases Bacteroides fragilis Abundance Compared with an Isocaloric Snack in College Freshmen,73.0,NO,Almonds,56.0,,8.0,,,,,,,N,Data Not Available,https://doi.org/10.1093/cdn/nzz079
434,36205053,DietherNE_2022,Dietary benzoic acid and supplemental enzymes alter fiber-fermenting taxa and metabolites in the cecum of weaned pigs,,,,,,,,,,,,,N,Excluded Cohort Type,https://doi.org/10.1093/jas/skac324
74,27690093,DingC_2016,Efficacy of Synbiotics in Patients with Slow Transit Constipation: A Prospective Randomized Trial,,,,,,,,,,,,,N,Not Fiber Intervention,https://doi.org/10.3390/nu8100605
699,40431311,DiPierroF_2025,"Irritable Bowel Syndrome with Diarrhea (IBS-D): Effects of Clostridium butyricum CBM588 Probiotic on Gastrointestinal Symptoms, Quality of Life, and Gut Microbiota in a Prospective Real-Life Interventional Study",,,,,,,,,,,,,N,Invasive Disease / Treatment,https://doi.org/10.3390/microorganisms13051139
697,40403748,DirksB_2025,Methanogenesis associated with altered microbial production of short-chain fatty acids and human-host metabolizable energy,,,,,,,,,,,,,N,Not Fiber Intervention,https://doi.org/10.1093/ismejo/wraf103
182,31051496,DjuricZ_2019,Increases in Colonic Bacterial Diversity after ω-3 Fatty Acid Supplementation Predict Decreased Colonic Prostaglandin E2 Concentrations in Healthy Adults,,,,,,,,,,,,,N,Not Fiber Intervention,https://doi.org/10.1093/jn/nxy255
272,33096810,DongTS_2020,A High Protein Calorie Restriction Diet Alters the Gut Microbiome in Obesity,,,,,,,,,,,,,N,Not Fiber Intervention,https://doi.org/10.3390/nu12103221
471,36997483,DouP_2023,Effects of three medical nutrition therapies on nutritional metabolism and intestinal flora in overweight/obese with polycystic ovary syndrome (PCOS): Study protocol for a randomised controlled trial,,,,,,,,,,,,,N,Invasive Disease / Treatment,https://doi.org/10.6133/apjcn.202303_32(1).0006
656,39770986,DuanW_2024,Gut Microbiota and Metabolites Mediate Health Benefits of Oat and Oat Bran Consumption in IBD Mice,,,,,,,,,,,,,N,Excluded Cohort Type,https://doi.org/10.3390/nu16244365
603,39087597,DuysburghC_2024,Combined Supplementation of Inulin and Bacillus coagulans Lactospore Demonstrates Synbiotic Potential in the Mucosal Simulator of the Human Intestinal Microbial Ecosystem (M-SHIME(®)) Model,,,,,,,,,,,,,N,Excluded Cohort Type,https://doi.org/10.1080/19390211.2024.2380262
54,26428278,EidN_2015,"Impact of palm date consumption on microbiota growth and large intestinal health: a randomised, controlled, cross-over, human intervention study",,,,,,,,,,,,,N,Data Not Available,https://doi.org/10.1017/S0007114515002780
336,34444972,EjimaR_2021,Seaweed Dietary Fiber Sodium Alginate Suppresses the Migration of Colonic Inflammatory Monocytes and Diet-Induced Metabolic Syndrome via the Gut Microbiota,,,,,,,,,,,,,N,Not Fiber Intervention,https://doi.org/10.3390/nu13082812
472,36997822,EliuzTipiciB_2023,"Lactobacillus GG is associated with mucin genes expressions in type 2 diabetes mellitus: a randomized, placebo-controlled trial",,,,,,,,,,,,,N,Not Fiber Intervention,https://doi.org/10.1007/s00394-023-03139-3
153,30468238,EsgalhadoM_2018,Could resistant starch supplementation improve inflammatory and oxidative stress biomarkers and uremic toxins levels in hemodialysis patients? A pilot randomized controlled trial,,,,,,,,,,,,,N,Not Fiber Intervention,https://doi.org/10.1039/c8fo01876f
231,32159187,EsgalhadoM_2020,"Resistant starch type-2 enriched cookies modulate uremic toxins and inflammation in hemodialysis patients: a randomized, double-blind, crossover and placebo-controlled trial",,,,,,,,,,,,,N,Data Not Available,https://doi.org/10.1039/c9fo02939g
558,38499450,EveleensMaarseBC_2024,"Impact of fibre supplementation on microbiome and resilience in healthy participants: A randomized, placebo-controlled clinical trial",65.0,Overweight,Acacia gum + carrot powder,,,23.0,1.0,NO,,,,,N,Data Not Available,https://doi.org/10.1016/j.numecd.2024.01.028
589,38931324,FarajS_2024,Effect of a Higher-Protein Nut versus Higher-Carbohydrate Cereal Enriched Diet on the Gut Microbiomes of Chinese Participants with Overweight and Normoglycaemia or Prediabetes in the Tū Ora Study,,,,,,,,,,,,,N,Not Fiber Intervention,https://doi.org/10.3390/nu16121971
451,36651990,FarsiDN_2023,"Substituting meat for mycoprotein reduces genotoxicity and increases the abundance of beneficial microbes in the gut: Mycomeat, a randomised crossover control trial",,,,,,,,,,,,,N,Not Fiber Intervention,https://doi.org/10.1007/s00394-023-03088-x
435,36205552,FarsijaniS_2023,Relation Between Dietary Protein Intake and Gut Microbiome Composition in Community-Dwelling Older Men: Findings from the Osteoporotic Fractures in Men Study (MrOS),,,,,,,,,,,,,N,Not Fiber Intervention,https://doi.org/10.1093/jn/nxac231
686,40200345,FatahiS_2025,"Changes in gut microbiota following supplementation with chitosan in adolescents with overweight or obesity: a randomized, double-blind clinical trial",,,,,,,,,,,,,N,Data Not Available,https://doi.org/10.1186/s13098-025-01681-0
501,37457968,FataniAMN_2023,"Pea hull fiber supplementation does not modulate uremic metabolites in adults receiving hemodialysis: a randomized, double-blind, controlled trial",,,,,,,,,,,,,N,Invasive Disease / Treatment,https://doi.org/10.3389/fnut.2023.1179295
375,35247098,FavaF_2022,"Impact of wheat aleurone on biomarkers of cardiovascular disease, gut microbiota and metabolites in adults with high body mass index: a double-blind, placebo-controlled, randomized clinical trial",34.0,Overweight,Aleurone,27.0,,4.0,,,,,,,N,Data Not Available,https://doi.org/10.1007/s00394-022-02836-9
370,35145506,FengY_2022,Effects of β-Carotin and Green Tea Powder Diets on Alleviating the Symptoms of Gouty Arthritis and Improving Gut Microbiota in C57BL/6 Mice,,,,,,,,,,,,,N,Excluded Cohort Type,https://doi.org/10.3389/fmicb.2022.837182
33,24979150,FernandesJ_2014,"Adiposity, gut microbiota and faecal short chain fatty acids are linked in adult humans",,,,,,,,,,,,,N,Not Fiber Intervention,https://doi.org/10.1038/nutd.2014.23
68,27367724,FerollaSM_2016,"Beneficial Effect of Synbiotic Supplementation on Hepatic Steatosis and Anthropometric Parameters, But Not on Gut Permeability in a Population with Nonalcoholic Steatohepatitis",,,,,,,,,,,,,N,Not Fiber Intervention,https://doi.org/10.3390/nu8070397
154,30468509,FerrareseR_2018,"Probiotics, prebiotics and synbiotics for weight loss and metabolic syndrome in the microbiome era",,,,,,,,,,,,,N,Not Fiber Intervention,https://doi.org/10.26355/eurrev_201811_16301
163,30620405,FlowersSA_2019,Effects of Atypical Antipsychotic Treatment and Resistant Starch Supplementation on Gut Microbiome Composition in a Cohort of Patients with Bipolar Disorder or Schizophrenia,,,,,,,,,,,,,N,Invasive Disease / Treatment,https://doi.org/10.1002/phar.2214
37,25299601,FoersterJ_2014,The influence of whole grain products and red meat on intestinal microbiota composition in normal weight adults: a randomized crossover intervention trial,,,,,,,,,,,,,N,Data Not Available,https://doi.org/10.1371/journal.pone.0109606
232,32199523,FordAL_2020,"Microbiota Stability and Gastrointestinal Tolerance in Response to a High-Protein Diet with and without a Prebiotic, Probiotic, and Synbiotic: A Randomized, Double-Blind, Placebo-Controlled Trial in Older Women",,,,,,,,,,,,,N,Not Fiber Intervention,https://doi.org/10.1016/j.jand.2019.12.009
300,33827639,FortunaR_2021,"Effect of a prebiotic supplement on knee joint function, gut microbiota, and inflammation in adults with co-morbid obesity and knee osteoarthritis: study protocol for a randomized controlled trial",,,,,,,,,,,,,N,Invasive Disease / Treatment,https://doi.org/10.1186/s13063-021-05212-w
572,38713231,FortunaR_2024,"Effect of prebiotic fiber on physical function and gut microbiota in adults, mostly women, with knee osteoarthritis and obesity: a randomized controlled trial",54.0,Overweight,Inulin,16.0,,24.0,,,,,,,N,Data Not Available,https://doi.org/10.1007/s00394-024-03415-w
671,39927761,FrameLA_2025,"Fiber, microbiomes, and SCFAs: insights from companion animal models to inform personalized nutrition",,,,,,,,,,,,,N,Excluded Cohort Type,https://doi.org/10.1128/msystems.01454-24
257,32695998,FreedbergDE_2020,Impact of Fiber-Based Enteral Nutrition on the Gut Microbiome of ICU Patients Receiving Broad-Spectrum Antibiotics: A Randomized Pilot Trial,,,,,,,,,,,,,N,Invasive Disease / Treatment,https://doi.org/10.1097/CCE.0000000000000135
449,36594522,FriasJP_2023,"A microbiome-targeting fibre-enriched nutritional formula is well tolerated and improves quality of life and haemoglobin A1c in type 2 diabetes: A double-blind, randomized, placebo-controlled trial",188.0,Type 2 diabetes,Fiber enriched vs fiber absent vs control diet,,,12.0,3.0,NO,,,Requested,NO,N,Data Not Available,https://doi.org/10.1111/dom.14967
151,30420171,FrugéAD_2020,Fecal Akkermansia muciniphila Is Associated with Body Composition and Microbiota Diversity in Overweight and Obese Women with Breast Cancer Participating in a Presurgical Weight Loss Trial,,,,,,,,,,,,,N,Invasive Disease / Treatment,https://doi.org/10.1016/j.jand.2018.08.164
377,35267978,FuJ_2022,"Habitual Dietary Fiber Intake, Fecal Microbiota, and Hemoglobin A1c Level in Chinese Patients with Type 2 Diabetes",,,,,,,,,,,,,N,Not Fiber Intervention,https://doi.org/10.3390/nu14051003
610,39171074,GallantF_2024,Targeting maternal gut microbiome to improve mental health outcomes-a pilot feasibility trial,,,,,,,,,,,NO,,N,Data Not Available,https://doi.org/10.3389/fpsyt.2024.1414291
253,32629992,GandaMallJP_2020,Effects of Dietary Fibres on Acute Indomethacin-Induced Intestinal Hyperpermeability in the Elderly: A Randomised Placebo Controlled Parallel Clinical Trial,,,,,,,,,,,,,N,Invasive Disease / Treatment,https://doi.org/10.3390/nu12071954
102,28815303,Garcia-MazcorroJF_2018,"Effect of barley supplementation on the fecal microbiota, caecal biochemistry, and key biomarkers of obesity and inflammation in obese db/db mice",,,,,,,,,,,,,N,Excluded Cohort Type,https://doi.org/10.1007/s00394-017-1523-y
117,29312822,Garcia-MazcorroJF_2018,"Effect of dark sweet cherry powder consumption on the gut microbiota, short-chain fatty acids, and biomarkers of gut health in obese db/db mice",,,,,,,,,,,,,N,Excluded Cohort Type,https://doi.org/10.7717/peerj.4195
131,29943551,Garcia-MazcorroJF_2018,Dietary Supplementation with Raspberry Extracts Modifies the Fecal Microbiota in Obese Diabetic db/db Mice,,,,,,,,,,,,,N,Excluded Cohort Type,https://doi.org/10.4014/jmb.1803.03020
19,23588438,García-PerisP_2012,"Effect of a mixture of inulin and fructo-oligosaccharide on Lactobacillus and Bifidobacterium intestinal microbiota of patients receiving radiotherapy: a randomised, double-blind, placebo-controlled trial",,,,,,,,,,,,,N,Not Fiber Intervention,https://doi.org/10.3305/nh.2012.27.6.5992
678,40008668,GarcíaMillaP_2025,The effect of supplementation with prebiotic fiber on the gut microbiota of a group of older people with Parkinson's disease from the city of Santiago de Chile. A pilot study,,,,,,,,,,,,,N,Invasive Disease / Treatment,https://doi.org/10.20960/nh.05272
191,31273523,GenoniA_2020,"Long-term Paleolithic diet is associated with lower resistant starch intake, different gut microbiota composition and increased serum TMAO concentrations",,,,,,,,,,,,,N,Not Fiber Intervention,https://doi.org/10.1007/s00394-019-02036-y
369,35136356,GeorgescuD_2022,Dyspepsia and Gut Microbiota in Female Patients with Postcholecystectomy Syndrome,,,,,,,,,,,,,N,Not Fiber Intervention,https://doi.org/10.2147/IJWH.S342882
69,27387020,GeX_2016,Fecal Microbiota Transplantation in Combination with Soluble Dietary Fiber for Treatment of Slow Transit Constipation: A Pilot Study,,,,,,,,,,,,,N,Not Fiber Intervention,https://doi.org/10.1016/j.arcmed.2016.06.005
617,39216219,GeY_2024,Mitigating lead-induced osteoporosis: The role of butyrate in gut-bone axis restoration,,,,,,,,,,,,,N,Not Fiber Intervention,https://doi.org/10.1016/j.ecoenv.2024.116943
199,31517324,GhettiFF_2019,Effects of Dietary Intervention on Gut Microbiota and Metabolic-Nutritional Profile of Outpatients with Non-Alcoholic Steatohepatitis: a Randomized Clinical Trial,,,,,,,,,,,,,N,Not Fiber Intervention,https://doi.org/10.15403/jgld-197
346,34659185,GhimireS_2021,Positive Synergistic Effects of Quercetin and Rice Bran on Human Gut Microbiota Reduces Enterobacteriaceae Family Abundance and Elevates Propionate in a Bioreactor Model,,,,,,,,,,,,,N,Excluded Cohort Type,https://doi.org/10.3389/fmicb.2021.751225
584,38894951,GiseviusB_2024,Propionic acid promotes neurite recovery in damaged multiple sclerosis neurons,,,,,,,,,,,,,N,Not Fiber Intervention,https://doi.org/10.1093/braincomms/fcae182
701,40460824,GogokhiaL_2025,Donor composition and fiber promote strain engraftment in a randomized controlled trial of fecal microbiota transplant for ulcerative colitis,,,,,,,,,,,,,N,Invasive Disease / Treatment,https://doi.org/10.1016/j.medj.2025.100707
431,36148807,GolzarandM_2022,Inulin intake and the incidence of cardiometabolic diseases: a prospective cohort study,,,,,,,,,,,,,N,Not Fiber Intervention,https://doi.org/10.1039/d2fo00063f
112,29144833,Gomez-ArangoLF_2018,Low dietary fiber intake increases Collinsella abundance in the gut microbiota of overweight and obese pregnant women,,,,,,,,,,,,,N,Not Fiber Intervention,https://doi.org/10.1080/19490976.2017.1406584
367,35102419,GondaliaSV_2022,"Substitution of Refined Conventional Wheat Flour with Wheat High in Resistant Starch Modulates the Intestinal Microbiota and Fecal Metabolites in Healthy Adults: A Randomized, Controlled Trial",35.0,NO,High Amylose wheat,,RS,4.0,,,,,NO,,N,Data Not Available,https://doi.org/10.1093/jn/nxac021
250,32606025,GonzalezCG_2020,High-Throughput Stool Metaproteomics: Method and Application to Human Specimens,,,,,,,,,,,,,N,Not Fiber Intervention,https://doi.org/10.1128/mSystems.00200-20
9,22496400,GopalakrishnanA_2012,Supplementation with galacto-oligosaccharides increases the percentage of NK cells and reduces colitis severity in Smad3-deficient mice,,,,,,,,,,,,,N,Excluded Cohort Type,https://doi.org/10.3945/jn.111.154732
427,36079725,GotoY_2022,Metabologenomic Approach Reveals Intestinal Environmental Features Associated with Barley-Induced Glucose Tolerance Improvements in Japanese: A Randomized Controlled Trial,21.0,NO,Barley bread,,,4.0,,,,,,,N,Data Not Available,https://doi.org/10.3390/nu14173468
378,35276884,Granado-SerranoAB_2022,Colonic Microbiota Profile Characterization of the Responsiveness to Dietary Fibre Treatment in Hypercholesterolemia,63.0,Hypercholesterolemia,Fiber enriched cookies,19.2,,8.0,,,,,,,N,Data Not Available,https://doi.org/10.3390/nu14030525
623,39307855,GrantET_2024,Dietary fibers boost gut microbiota-produced B vitamin pool and alter host immune landscape,,,,,,,,,,,,,N,Excluded Cohort Type,https://doi.org/10.1186/s40168-024-01898-7
144,30262842,GreeneLK_2018,The critical role of dietary foliage in maintaining the gut microbiome and metabolome of folivorous sifakas,,,,,,,,,,,,,N,Not Fiber Intervention,https://doi.org/10.1038/s41598-018-32759-7
251,32608534,GreeneLK_2020,Daily lettuce supplements promote foraging behavior and modify the gut microbiota in captive frugivores,,,,,,,,,,,,,N,Excluded Cohort Type,https://doi.org/10.1002/zoo.21555
22,23685372,GreenwayF_2014,A novel cobiotic containing a prebiotic and an antioxidant augments the glucose control and gastrointestinal tolerability of metformin: a case report,,,,,,,,,,,,,N,Data Not Available,https://doi.org/10.3920/BM2012.0063
179,30938383,GriffinLE_2019,A Mediterranean diet does not alter plasma trimethylamine N-oxide concentrations in healthy adults at risk for colon cancer,,,,,,,,,,,,,N,Invasive Disease / Treatment,https://doi.org/10.1039/c9fo00333a
408,35642048,GruningerRJ_2022,Application of 3-nitrooxypropanol and canola oil to mitigate enteric methane emissions of beef cattle results in distinctly different effects on the rumen microbial community,,,,,,,,,,,,,N,Excluded Cohort Type,https://doi.org/10.1186/s42523-022-00179-8
535,38142919,GubertC_2024,Dietary fibre confers therapeutic effects in a preclinical model of Huntington's disease,,,,,,,,,,,,,N,Invasive Disease / Treatment,https://doi.org/10.1016/j.bbi.2023.12.023
324,34288919,GurryT_2021,Functional heterogeneity in the fermentation capabilities of the healthy human gut microbiota,,,,,,,,,,,,,N,Not Fiber Intervention,https://doi.org/10.1371/journal.pone.0254004
192,31298466,Gutiérrez-RepisoC_2019,Effect of Synbiotic Supplementation in a Very-Low-Calorie Ketogenic Diet on Weight Loss Achievement and Gut Microbiota: A Randomized Controlled Pilot Study,,,,,,,,,,,,,N,Not Fiber Intervention,https://doi.org/10.1002/mnfr.201900167
709,40537680,HaasM_2025,Effect of dietary fiber on trimethylamine-N-oxide production after beef consumption and on gut microbiota: MEATMARK - a randomized cross-over study,13.0,NO,High Fiber,27.0,,,2.0,YES,,,,,N,Data Not Available,https://doi.org/10.1038/s41430-025-01636-8
637,39461337,HäckerD_2024,Exclusive enteral nutrition initiates individual protective microbiome changes to induce remission in pediatric Crohn's disease,,,,,,,,,,,,,N,Not Fiber Intervention,https://doi.org/10.1016/j.chom.2024.10.001
526,38010363,HajjarR_2024,Modulating Gut Microbiota Prevents Anastomotic Leak to Reduce Local Implantation and Dissemination of Colorectal Cancer Cells after Surgery,,,,,,,,,,,,,N,Not Fiber Intervention,https://doi.org/10.1158/1078-0432.CCR-23-1601
70,27434092,HaldS_2016,Effects of Arabinoxylan and Resistant Starch on Intestinal Microbiota and Short-Chain Fatty Acids in Subjects with Metabolic Syndrome: A Randomised Crossover Study,19.0,Metabolic Syndrome,Arabinoxylan + RS2,59,Arabinoxylan + RS2,4.0,2,YES,Denmark,North Europe,PRJNA297793,YES,N,Poor Sequencing Quality,https://doi.org/10.1371/journal.pone.0159223
566,38654680,HallCV_2024,"Effects of a diverse prebiotic fibre supplement on HbA1c, insulin sensitivity and inflammatory biomarkers in pre-diabetes: a pilot placebo-controlled randomised clinical trial",,,,,,,,,,,,,N,Data Not Available,https://doi.org/10.1017/S0007114524000904
711,40592130,HallCV_2025,Characterising high-resolution dynamics of inflammatory and SCFA responses to food consumption in healthy men: A pilot biomarker discovery study,,,,,,,,,,,,,N,Not Fiber Intervention,https://doi.org/10.1016/j.cyto.2025.156990
243,32448722,HamakerBR_2020,Discrete Fiber Structures Dictate Human Gut Bacteria Outcomes,,,,,,,,,,,,,N,Not Fiber Intervention,https://doi.org/10.1016/j.tem.2020.05.002
152,30425247,HansenLBS_2018,A low-gluten diet induces changes in the intestinal microbiome of healthy Danish adults,,,,,,,,,,,,,N,Not Fiber Intervention,https://doi.org/10.1038/s41467-018-07019-x
343,34622239,HanssenNMJ_2021,"Fecal microbiota transplantation and fiber supplementation, better together?",,,,,,,,,,,,,N,Not Fiber Intervention,https://doi.org/10.1016/j.xcrm.2021.100403
299,33810796,HaranJP_2021,"Virtualized clinical studies to assess the natural history and impact of gut microbiome modulation in non-hospitalized patients with mild to moderate COVID-19 a randomized, open-label, prospective study with a parallel group study evaluating the physiologic effects of KB109 on gut microbiota structure and function: a structured summary of a study protocol for a randomized controlled study",,,,,,,,,,,,,N,Not Fiber Intervention,https://doi.org/10.1186/s13063-021-05157-0
541,38282197,Harcęko-ZielińskaE_2024,"The influence of nutritional habits, body mass index and intestinal microbiota in mastocytosis on clinical symptoms using conventional culture and next generation sequencing",,,,,,,,,,,,,N,Invasive Disease / Treatment,https://doi.org/10.1002/clt2.12310
437,36241870,HassanNE_2022,"Brief overview of dietary intake, some types of gut microbiota, metabolic markers and research opportunities in sample of Egyptian women",,,,,,,,,,,,,N,Not Fiber Intervention,https://doi.org/10.1038/s41598-022-21056-z
628,39362281,HeadleySA_2025,Effects of High Amylose-Resistant Starch on Gut Microbiota and Uremic Toxin Levels in Patients With Stage-G3a-G4 Chronic Kidney Disease: A Randomized Trial,,,,,,,,,,,,,N,Invasive Disease / Treatment,https://doi.org/10.1053/j.jrn.2024.09.005
116,29307330,HealeyG_2018,"Habitual dietary fibre intake influences gut microbiota response to an inulin-type fructan prebiotic: a randomised, double-blind, placebo-controlled, cross-over, human intervention study",34.0,Dysbiosis,Inulin,14.72,Fructans,3.0,2.0,YES,New Zealand,New Zealand,PRJNA414683,YES,Y,16s,https://doi.org/10.1017/S0007114517003440
559,38512401,HechtAL_2024,Dietary carbohydrates regulate intestinal colonization and dissemination of Klebsiella pneumoniae,,,,,,,,,,,,,N,Not Fiber Intervention,https://doi.org/10.1172/JCI174726
329,34364241,HedinCR_2021,Prebiotic fructans have greater impact on luminal microbiology and CD3+ T cells in healthy siblings than patients with Crohn's disease: A pilot study investigating the potential for primary prevention of inflammatory bowel disease,,,,,,,,,,,,,N,Not Fiber Intervention,https://doi.org/10.1016/j.clnu.2021.05.033
194,31367691,HenningSM_2019,"Hass Avocado Inclusion in a Weight-Loss Diet Supported Weight Loss and Altered Gut Microbiota: A 12-Week Randomized, Parallel-Controlled Trial",,,,,,,,,,,,,N,Not Fiber Intervention,https://doi.org/10.1093/cdn/nzz068
543,38327148,HerterJ_2024,"Bowel health, defecation patterns and nutrient intake following adoption of a vegan diet: a randomized-controlled trial",,,,,,,,,,,,,N,Data Not Available,https://doi.org/10.1080/07853890.2024.2305693
337,34491388,HeS_2022,"Inulin-type prebiotics reduce serum uric acid levels via gut microbiota modulation: a randomized, controlled crossover trial in peritoneal dialysis patients",16.0,,10g inulin + oligofructose vs maltodextrin,,,12.0,1.0,NO,,,NO,,N,Data Not Available,https://doi.org/10.1007/s00394-021-02669-y
203,31605197,HessAL_2020,"The effect of inulin and resistant maltodextrin on weight loss during energy restriction: a randomised, placebo-controlled, double-blinded intervention",,,,,,,,,,,,,N,Invasive Disease / Treatment,https://doi.org/10.1007/s00394-019-02099-x
183,31108510,HielS_2019,Effects of a diet based on inulin-rich vegetables on gut health and nutritional behavior in healthy humans,26.0,NO,Inulin,15.0,,2.0,,,,,,,N,Excluded Cohort Type,https://doi.org/10.1093/ajcn/nqz001
237,32340903,HielS_2020,Link between gut microbiota and health outcomes in inulin -treated obese patients: Lessons from the Food4Gut multicenter randomized placebo-controlled trial,150.0,Overweight,Inulin + caloric restriction,16.0,,12.0,,,,,,,N,Invasive Disease / Treatment,https://doi.org/10.1016/j.clnu.2020.04.005
554,38469373,HillEB_2023,"Plasma, urine, and stool metabolites in response to dietary rice bran and navy bean supplementation in adults at high-risk for colorectal cancer",10.0,Risk of CRC,Rice bran + bean powder,30.0,,12.0,1.0,NO,,,,,N,Excluded Cohort Type,https://doi.org/10.3389/fgstr.2023.1087056
104,28883543,HjorthMF_2018,"Pre-treatment microbial Prevotella-to-Bacteroides ratio, determines body fat loss success during a 6-month randomized controlled diet intervention",62.0,Overweight,High Fiber,,General Fibers,26.0,,,,,,,N,Data Not Available,https://doi.org/10.1038/ijo.2017.220
221,32034403,HjorthMF_2020,Pretreatment Prevotella-to-Bacteroides ratio and salivary amylase gene copy number as prognostic markers for dietary weight loss,,,,,,,,,,,,,N,Not Fiber Intervention,https://doi.org/10.1093/ajcn/nqaa007
651,39717875,HogenelstK_2024,A prebiotic intervention improves mood in everyday life in healthy women but not in men: Exploratory results from a larger double-blind placebo controlled cross-over study,54.0,NO,Acacia gum + carrot powder,13.0,,12.0,2.0,YES,,,,,N,Data Not Available,https://doi.org/10.1016/j.bbih.2024.100918
567,38664378,HolmbergSM_2024,The gut commensal Blautia maintains colonic mucus function under low-fiber consumption through secretion of short-chain fatty acids,,,,,,,,,,,,,N,Excluded Cohort Type,https://doi.org/10.1038/s41467-024-47594-w
659,39781271,HolmIM_2024,Evaluation of dietary quality in patients with functional gastrointestinal symptoms: a Norwegian single centre study,,,,,,,,,,,,,N,Not Fiber Intervention,https://doi.org/10.29219/fnr.v68.10692
44,25527750,HolscherHD_2015,Fiber supplementation influences phylogenetic structure and functional capacity of the human intestinal microbiome: follow-up of a randomized controlled trial,,,,,,,,,,,,,N,Data Not Available,https://doi.org/10.3945/ajcn.114.092064
49,26203099,HolscherHD_2015,"Agave Inulin Supplementation Affects the Fecal Microbiota of Healthy Adults Participating in a Randomized, Double-Blind, Placebo-Controlled, Crossover Trial",,,,,,,,,,,,,N,Data Not Available,https://doi.org/10.3945/jn.115.217331
119,29373513,HolscherHD_2018,Almond Consumption and Processing Affects the Composition of the Gastrointestinal Microbiota of Healthy Adult Men and Women: A Randomized Controlled Trial,18.0,NO,Almonds,,,,,,,,,,N,Data Not Available,https://doi.org/10.3390/nu10020126
641,39536440,HolzM_2024,Effects of dietary cellulose on clinical and gut microbiota recovery in dogs with uncomplicated acute diarrhea: a randomized prospective clinical trial,,,,,,,,,,,,,N,Excluded Cohort Type,https://doi.org/10.2460/javma.24.07.0476
691,40336123,HondaM_2025,"The effects of waxy barley on defecation, sleep, mental health, and quality of life: a randomized double-blind parallel-group comparison study",,,,,,,,,,,,,N,Data Not Available,https://doi.org/10.1186/s40101-025-00393-8
372,35186353,HongYS_2022,Human gut commensal bacterium Ruminococcus species FMB-CY1 completely degrades the granules of resistant starch,,,,,,,,,,,,,N,Not Fiber Intervention,https://doi.org/10.1007/s10068-021-01027-2
11,22649263,HoodaS_2012,454 pyrosequencing reveals a shift in fecal microbiota of healthy adult men consuming polydextrose or soluble corn fiber,,,,,,,,,,,,,N,Data Not Available,https://doi.org/10.3945/jn.112.158766
632,39387205,HornerKM_2024,"Plant protein, fibre and physical activity solutions to address poor appetite and prevent undernutrition in older adults: study protocol for the APPETITE randomised controlled trial",,,,,,,,,,,,,N,Not Fiber Intervention,https://doi.org/10.1017/S0007114524002125
650,39710576,Hornero-RamirezH_2025,Multifunctional dietary approach reduces intestinal inflammation in relation with changes in gut microbiota composition in subjects at cardiometabolic risk: the SINFONI project,,,,,,,,,,,,,N,Not Fiber Intervention,https://doi.org/10.1080/19490976.2024.2438823
676,40005035,HoteitM_2025,"Evaluating the Efficacy of Probiotics on Disease Progression, Quality of Life, and Nutritional Status Among Patients with Crohn's Disease: A Multicenter, Randomized, Single-Blinded Controlled Trial",,,,,,,,,,,,,N,Data Not Available,https://doi.org/10.3390/nu17040708
582,38887904,HouC_2024,"Pomegranate Juice Supplemented with Inulin Modulates Gut Microbiota and Promotes the Production of Microbiota-Associated Metabolites in Overweight/Obese Individuals: A Randomized, Double-Blind, Placebo-Controlled Trial",23.0,Overweight,Inulin + Pomegranate juice,,,3.0,1.0,NO,,,,,N,Excluded Cohort Type,https://doi.org/10.1021/acs.jafc.4c00849
608,39132075,HoughtonD_2022,"Phase II Feasibility Study of the Efficacy, Tolerability, and Impact on the Gut Microbiome of a Low-Residue (Fiber) Diet in Adult Patients With Mitochondrial Disease",,,,,,,,,,,,,N,Not Fiber Intervention,https://doi.org/10.1016/j.gastha.2022.03.007
573,38735572,HowardEJ_2024,Impact of Plant-Based Dietary Fibers on Metabolic Homeostasis in High-Fat Diet Mice via Alterations in the Gut Microbiota and Metabolites,,,,,,,,,,,,,N,Excluded Cohort Type,https://doi.org/10.1016/j.tjnut.2024.05.003
546,38359903,HsuC_2024,Green banana flour as a novel functional ingredient in retorted feline diets,,,,,,,,,,,,,N,Excluded Cohort Type,https://doi.org/10.1093/jas/skae039
175,30895795,HsuYL_2019,Evaluation and Optimization of Sample Handling Methods for Quantification of Short-Chain Fatty Acids in Human Fecal Samples by GC-MS,,,,,,,,,,,,,N,Not Fiber Intervention,https://doi.org/10.1021/acs.jproteome.8b00536
583,38892647,HuangfuW_2024,Dietary Fiber-Derived Butyrate Alleviates Piglet Weaning Stress by Modulating the TLR4/MyD88/NF-κB Pathway,,,,,,,,,,,,,N,Excluded Cohort Type,https://doi.org/10.3390/nu16111714
401,35569003,HuangJ_2022,Probiotics Plus Dietary Fiber Supplements Attenuate Olanzapine-Induced Weight Gain in Drug-Naïve First-Episode Schizophrenia Patients: Two Randomized Clinical Trials,,,,,,,,,,,,,N,Not Fiber Intervention,https://doi.org/10.1093/schbul/sbac044
420,35961168,HuangZ_2023,Distinct effects of fiber and colon segment on microbiota-derived indoles and short-chain fatty acids,,,,,,,,,,,,,N,Not Fiber Intervention,https://doi.org/10.1016/j.foodchem.2022.133801
474,37017261,HuD_2023,Psyllium seed husk regulates the gut microbiota and improves mucosal barrier injury in the colon to attenuate renal injury in 5/6 nephrectomy rats,,,,,,,,,,,,,N,Excluded Cohort Type,https://doi.org/10.1080/0886022X.2023.2197076
292,33671147,HughesRL_2021,Resistant Starch Type 2 from Wheat Reduces Postprandial Glycemic Response with Concurrent Alterations in Gut Microbiota Composition,30.0,NO,RS2,9.6,,1.0,,,,,,,N,Poor Sequencing Quality,https://doi.org/10.3390/nu13020645
714,40682564,HuL_2025_2025,Gut microbiota-modulating potential of sweet potato-derived dietary fiber for type 2 diabetes management,,,,,,,,,,,,,N,Excluded Cohort Type,https://doi.org/10.1002/jsfa.70058
488,37181306,HusseinA_2023,LC/MS analysis of mushrooms provided new insights into dietary management of diabetes mellitus in rats,,,,,,,,,,,,,N,Excluded Cohort Type,https://doi.org/10.1002/fsn3.3236
492,37270570,HutchisonER_2023,Dissecting the impact of dietary fiber type on atherosclerosis in mice colonized with different gut microbial communities,,,,,,,,,,,,,N,Excluded Cohort Type,https://doi.org/10.1038/s41522-023-00402-7
512,37739776,HuY_2023,"Interplay between diet, circulating indolepropionate concentrations and cardiometabolic health in US populations",,,,,,,,,,,,,N,Not Fiber Intervention,https://doi.org/10.1136/gutjnl-2023-330410
461,36841667,IgudesmanD_2023,Associations of Dietary Intake with the Intestinal Microbiota and Short-Chain Fatty Acids Among Young Adults with Type 1 Diabetes and Overweight or Obesity,,,,,,,,,,,,,N,Invasive Disease / Treatment,https://doi.org/10.1016/j.tjnut.2022.12.017
673,39974023,IgudesmanD_2025,"Global metabolite profiling in feces, serum, and urine yields insights into energy balance phenotypes induced by diet-driven microbiome remodeling",17.0,NO,High Fiber,,,3.0,2.0,YES,,,,,N,Excluded Cohort Type,https://doi.org/10.1101/2025.02.05.25321733
344,34642970,Inzunza-SotoM_2021,Health benefits of first and second extraction drum-dried pitted olive pomace,,,,,,,,,,,,,N,Excluded Cohort Type,https://doi.org/10.1111/1750-3841.15925
393,35458231,IversenKN_2022,"The Effects of High Fiber Rye, Compared to Refined Wheat, on Gut Microbiota Composition, Plasma Short Chain Fatty Acids, and Implications for Weight Loss and Metabolic Risk Factors (the RyeWeight Study)",,,,,,,,,,,,,N,Invasive Disease / Treatment,https://doi.org/10.3390/nu14081669
306,33996876,JaagoM_2021,Drastic Effects on the Microbiome of a Young Rower Engaged in High-Endurance Exercise After a Month Usage of a Dietary Fiber Supplement,,,,,,,,,,,,,N,Excluded Cohort Type,https://doi.org/10.3389/fnut.2021.654008
507,37657523,JacksonPP_2023,"Inulin-type fructans and 2'fucosyllactose alter both microbial composition and appear to alleviate stress-induced mood state in a working population compared to placebo (maltodextrin): the EFFICAD Trial, a randomized, controlled trial",92.0,Anxiety,Oligofructose + 2’ Fucosylactose,,,5.0,,,,,,,N,Invasive Disease / Treatment,https://doi.org/10.1016/j.ajcnut.2023.08.016
39,25403198,JacquierV_2014,Early modulation of the cecal microbial activity in the young rabbit with rapidly fermentable fiber: impact on health and growth,,,,,,,,,,,,,N,Excluded Cohort Type,https://doi.org/10.2527/jas.2014-7604
433,36171082,JalankaJ_2023,Postinfective bowel dysfunction following Campylobacter enteritis is characterised by reduced microbiota diversity and impaired microbiota recovery,,,,,,,,,,,,,N,Excluded Cohort Type,https://doi.org/10.1136/gutjnl-2021-326828
615,39196205,JamaHA_2023,Prebiotic intervention with HAMSAB in untreated essential hypertensive patients assessed in a phase II randomized trial,,,,,,,,,,,,,N,Not Fiber Intervention,https://doi.org/10.1038/s44161-022-00197-4
34,25037189,JamesSL_2015,Abnormal fibre usage in UC in remission,,,,,,,,,,,,,N,Not Fiber Intervention,https://doi.org/10.1136/gutjnl-2014-307198
227,32153802,JangHB_2017,Association of dietary patterns with the fecal microbiota in Korean adolescents,,,,,,,,,,,,,N,Not Fiber Intervention,https://doi.org/10.1186/s40795-016-0125-z
297,33772084,JangYO_2021,High-fiber diets attenuate emphysema development via modulation of gut microbiota and metabolism,,,,,,,,,,,,,N,Excluded Cohort Type,https://doi.org/10.1038/s41598-021-86404-x
614,39182247,JardonKM_2024,Examination of sex-specific interactions between gut microbiota and host metabolism after 12-week combined polyphenol supplementation in individuals with overweight or obesity,,,,,,,,,,,,,N,Not Fiber Intervention,https://doi.org/10.1080/19490976.2024.2392875
561,38593705,JianC_2024,The impact of daily supplementation with rhamnogalacturonan-I on the gut microbiota in healthy adults: A randomized controlled trial,146.0,NO,0g vs 0.3g vs 1.5g rhamnogalacturonan-I,,,8.0,3.0,NO,,,Requested,NO,N,Data Not Available,https://doi.org/10.1016/j.biopha.2024.116561
695,40356189,JiangJ_2025,"Dietary fiber intake, genetic predisposition of gut microbiota, and the risk of metabolic dysfunction-associated steatotic liver disease",,,,,,,,,,,,,N,Data Not Available,https://doi.org/10.1016/j.foodres.2025.116497
438,36323929,JiangL_2022,A high-fiber diet synergizes with Prevotella copri and exacerbates rheumatoid arthritis,,,,,,,,,,,,,N,Excluded Cohort Type,https://doi.org/10.1038/s41423-022-00934-6
65,27282191,JiangZ_2016,"Characteristic chromatographic fingerprint study of short-chain fatty acids in human milk, infant formula, pure milk and fermented milk by gas chromatography-mass spectrometry",,,,,,,,,,,,,N,Excluded Cohort Type,https://doi.org/10.1080/09637486.2016.1195798
187,31194939,JohnsonAJ_2019,Daily Sampling Reveals Personalized Diet-Microbiome Associations in Humans,,,,,,,,,,,,,N,Not Fiber Intervention,https://doi.org/10.1016/j.chom.2019.05.005
245,32510158,JohnstoneAM_2020,Nondigestible Carbohydrates Affect Metabolic Health and Gut Microbiota in Overweight Adults after Weight Loss,,,,,,,,,,,,,N,Not Fiber Intervention,https://doi.org/10.1093/jn/nxaa124
360,34959936,JohnstoneN_2021,Nutrient Intake and Gut Microbial Genera Changes after a 4-Week Placebo Controlled Galacto-Oligosaccharides Intervention in Young Females,64.0,NO,Galacto-oligosaccharides,,,4.0,,,,,,,N,Data Not Available,https://doi.org/10.3390/nu13124384
399,35533897,JourovaL_2022,"Butyrate, a typical product of gut microbiome, affects function of the AhR gene, being a possible agent of crosstalk between gut microbiome, and hepatic drug metabolism",,,,,,,,,,,,,N,Not Fiber Intervention,https://doi.org/10.1016/j.jnutbio.2022.109042
359,34958387,KableME_2022,Tree-Based Analysis of Dietary Diversity Captures Associations Between Fiber Intake and Gut Microbiota Composition in a Healthy US Adult Cohort,,,,,,,,,,,,,N,Not Fiber Intervention,https://doi.org/10.1093/jn/nxab430
108,28971851,KaczmarekJL_2017,Time of day and eating behaviors are associated with the composition and function of the human gastrointestinal microbiota,,,,,,,,,,,,,N,Not Fiber Intervention,https://doi.org/10.3945/ajcn.117.156380
148,30317146,KaczmarekJL_2019,Broccoli consumption affects the human gastrointestinal microbiota,18.0,NO,Broccoli,,,2.5,,,,,,,N,Excluded Cohort Type,https://doi.org/10.1016/j.jnutbio.2018.09.015
460,36824174,KadyanS_2023,Prebiotic mechanisms of resistant starches from dietary beans and pulses on gut microbiome and metabolic health in a humanized murine model of aging,,,,,,,,,,,,,N,Excluded Cohort Type,https://doi.org/10.3389/fnut.2023.1106463
500,37457834,KadyanS_2023,Dietary fiber modulates gut microbiome and metabolome in a host sex-specific manner in a murine model of aging,,,,,,,,,,,,,N,Excluded Cohort Type,https://doi.org/10.3389/fmolb.2023.1182643
670,39896159,KapoorMP_2025,"Dietary intervention of prebiotic partially hydrolyzed guar gum improves skin viscoelasticity, stratum corneum hydration, and reduction of trans-epidermal water loss: a randomized, double-blind, and placebo-controlled clinical study in healthy humans",,,,,,,,,,,,,N,Data Not Available,https://doi.org/10.3164/jcbn.24-69
101,28814395,KarlJP_2017,Fecal concentrations of bacterially derived vitamin K forms are associated with gut microbiota composition but not plasma or fecal cytokine concentrations in healthy adults,,,,,,,,,,,,,N,Not Fiber Intervention,https://doi.org/10.3945/ajcn.117.155424
720,40701649,KarlJP_2025,Gut microbiota-targeted dietary supplementation with fermentable fibers and polyphenols prevents hypobaric hypoxia-induced increases in intestinal permeability,,,High Fiber,,,,,,USA,North America,Requested,,N,Data Not Available,https://doi.org/10.1152/ajpregu.00109.2025
143,30257444,KashtanovaDA_2018,Gut Microbiota in Patients with Different Metabolic Statuses: Moscow Study,,,,,,,,,,,,,N,Not Fiber Intervention,https://doi.org/10.3390/microorganisms6040098
252,32615392,KassaianN_2020,The effects of 6 mo of supplementation with probiotics and synbiotics on gut microbiota in the adults with prediabetes: A double blind randomized clinical trial,,,,,,,,,,,,,N,Not Fiber Intervention,https://doi.org/10.1016/j.nut.2020.110854
645,39651062,KaundalS_2024,A role for diet and gut microbiota metabolites in autologous hematopoietic cell transplant recipients,,,,,,,,,,,,,N,Not Fiber Intervention,https://doi.org/10.31547/bct-2024-007
464,36876684,Kaźmierczak-SiedleckaK_2023,Microbiota-derived metabolites in colorectal cancer patients in preoperative period,,,,,,,,,,,,,N,Not Fiber Intervention,https://doi.org/10.26355/eurrev_202302_31384
41,25469393,KeimNL_2014,Dietary whole grain–microbiota interactions: insights into mechanisms for human health,,,,,,,,,,,,,N,Not Fiber Intervention,https://doi.org/10.3945/an.114.006536
332,34390604,KempJA_2021,The Impact of Enriched Resistant Starch Type-2 Cookies on the Gut Microbiome in Hemodialysis Patients: A Randomized Controlled Trial,10.0,Hemodialysis,RS2,16.0,,,,,,,,,N,Excluded Cohort Type,https://doi.org/10.1002/mnfr.202100374
395,35512757,KempJA_2022,Resistant Starch Type-2 Supplementation Does Not Decrease Trimethylamine N-Oxide (TMAO) Plasma Level in Hemodialysis Patients,,,,,,,,,,,,,N,Invasive Disease / Treatment,https://doi.org/10.1080/07315724.2021.1967814
125,29669070,KerrBJ_2018,"Impact of narasin on manure composition, microbial ecology, and gas emissions from finishing pigs fed either a corn-soybean meal or a corn-soybean meal-dried distillers grains with solubles diets",,,,,,,,,,,,,N,Excluded Cohort Type,https://doi.org/10.1093/jas/sky053
23,24040374,KerrKR_2013,Effects of dietary cooked navy bean on the fecal microbiome of healthy companion dogs,,,,,,,,,,,,,N,Excluded Cohort Type,https://doi.org/10.1371/journal.pone.0074998
415,35807848,KeskitaloA_2022,An Infancy-Onset 20-Year Dietary Counselling Intervention and Gut Microbiota Composition in Adulthood,,,,,,,,,,,,,N,Not Fiber Intervention,https://doi.org/10.3390/nu14132667
86,28249376,KhateriN_2017,"Effects of a specific blend of essential oils on apparent nutrient digestion, rumen fermentation and rumen microbial populations in sheep fed a 50:50 alfalfa hay:concentrate diet",,,,,,,,,,,,,N,Excluded Cohort Type,https://doi.org/10.5713/ajas.15.0865
113,29152318,KielerIN_2017,Gut microbiota composition may relate to weight loss rate in obese pet dogs,,,,,,,,,,,,,N,Excluded Cohort Type,https://doi.org/10.1002/vms3.80
280,33369019,KiewietMBG_2021,Flexibility of Gut Microbiota in Ageing Individuals during Dietary Fiber Long-Chain Inulin Intake,15.0,NO,Inulin,,,,,,,,,,N,Invasive Disease / Treatment,https://doi.org/10.1002/mnfr.202000390
548,38380099,KimB_2024,The impact of a modified microbiota-accessible carbohydrate diet on gut microbiome and clinical symptoms in colorectal cancer patients following surgical resection,,,,,,,,,,,,,N,Not Fiber Intervention,https://doi.org/10.3389/fmicb.2024.1282932
270,33022987,KimHK_2020,Ingestion of Helianthus tuberosus at Breakfast Rather Than at Dinner Is More Effective for Suppressing Glucose Levels and Improving the Intestinal Microbiota in Older Adults,,,,,,,,,,,,,N,Not Fiber Intervention,https://doi.org/10.3390/nu12103035
412,35721806,KimHY_2022,"Kimchi improves irritable bowel syndrome: results of a randomized, double-blind placebo-controlled study",,,,,,,,,,,,,N,Not Fiber Intervention,https://doi.org/10.29219/fnr.v66.8268
468,36934111,KimJE_2023,"Microbial diversity and metabolic function in duodenum, jejunum and ileum of emu (Dromaius novaehollandiae)",,,,,,,,,,,,,N,Excluded Cohort Type,https://doi.org/10.1038/s41598-023-31684-8
126,29707542,KimJY_2018,"Effects of the Brown Seaweed Laminaria japonica Supplementation on Serum Concentrations of IgG, Triglycerides, and Cholesterol, and Intestinal Microbiota Composition in Rats",,,,,,,,,,,,,N,Excluded Cohort Type,https://doi.org/10.3389/fnut.2018.00023
334,34406877,KimMC_2021,"Effects of ID-HWS1000 on the Perception of Bowel Activity and Microbiome in Subjects with Functional Constipation: A Randomized, Double-Blind Placebo-Controlled Study",,,,,,,,,,,,,N,Not Fiber Intervention,https://doi.org/10.1089/jmf.2020.4746
25,24115628,KimMS_2013,Strict vegetarian diet improves the risk factors associated with metabolic diseases by modulating gut microbiota and reducing intestinal inflammation,,,,,,,,,,,,,N,Excluded Cohort Type,https://doi.org/10.1111/1758-2229.12079
342,34612840,KinneyGA_2021,An Intervention With Michigan-Grown Wheat in Healthy Adult Humans to Determine Effect on Gut Microbiota: Protocol for a Crossover Trial,,,,,,,,,,,,,N,Not Fiber Intervention,https://doi.org/10.2196/29046
171,30827722,KjølbækL_2020,Arabinoxylan oligosaccharides and polyunsaturated fatty acid effects on gut microbiota and metabolic markers in overweight individuals with signs of metabolic syndrome: A randomized cross-over trial,,Overweight,AXOS,10.4,AXOS,4,2,YES,Denmark,North Europe,,,N,Metadata not clear,https://doi.org/10.1016/j.clnu.2019.01.012
59,26757793,KlinderA_2016,Impact of increasing fruit and vegetables and flavonoid intake on the human gut microbiota,,,,,,,,,,,,,N,Not Fiber Intervention,https://doi.org/10.1039/c5fo01096a
291,33667545,KmezikC_2021,A polysaccharide utilization locus from the gut bacterium Dysgonomonas mossii encodes functionally distinct carbohydrate esterases,,,,,,,,,,,,,N,Not Fiber Intervention,https://doi.org/10.1016/j.jbc.2021.100500
88,28322790,KobayashiM_2017,"Short-chain fatty acids, GPR41 and GPR43 ligands, inhibit TNF-α-induced MCP-1 expression by modulating p38 and JNK signaling pathways in human renal cortical epithelial cells",,,,,,,,,,,,,N,Not Fiber Intervention,https://doi.org/10.1016/j.bbrc.2017.03.071
693,40351100,KohlKD_2025,How consistent is 'the dynamic gut'? Complex physiological responses to dietary fiber and protein across three rodent species,,,,,,,,,,,,,N,Excluded Cohort Type,https://doi.org/10.1242/jeb.249797
446,36558532,KomorniakN_2022,"Association between Fecal Microbiota, SCFA, Gut Integrity Markers and Depressive Symptoms in Patients Treated in the Past with Bariatric Surgery-The Cross-Sectional Study",,,,,,,,,,,,,N,Not Fiber Intervention,https://doi.org/10.3390/nu14245372
530,38068763,KomorniakN_2023,Analysis of the Efficacy of Diet and Short-Term Probiotic Intervention on Depressive Symptoms in Patients after Bariatric Surgery: A Randomized Double-Blind Placebo Controlled Pilot Study,,,,,,,,,,,,,N,Invasive Disease / Treatment,https://doi.org/10.3390/nu15234905
210,31832548,KooSH_2019,A pilot study to examine the association between human gut microbiota and the host's central obesity,,,,,,,,,,,,,N,Not Fiber Intervention,https://doi.org/10.1002/jgh3.12184
309,34020448,KoponenKK_2021,Associations of healthy food choices with gut microbiota profiles,,,,,,,,,,,,,N,Not Fiber Intervention,https://doi.org/10.1093/ajcn/nqab077
387,35340549,KordowskiA_2022,"Palatinose(TM) (Isomaltulose) and Prebiotic Inulin-Type Fructans Have Beneficial Effects on Glycemic Response and Gut Microbiota Composition in Healthy Volunteers-A Real-Life, Retrospective Study of a Cohort That Participated in a Digital Nutrition Program",113.0,NO,Inulin,10.0,Fructans,2.0,2.0,NO,Germany,Europe,PRJEB49980,YES,Y,16s,https://doi.org/10.3389/fnut.2022.829933
96,28591632,KoremT_2017,Bread Affects Clinical Parameters and Induces Gut Microbiome-Associated Personal Glycemic Responses,20.0,NO,Whole grain bread,26.1,Arabinoxylan + RS2,1.0,2.0,YES,Israel,Europe,PRJEB17643,YES,Y,Shotgun,https://doi.org/10.1016/j.cmet.2017.05.002
587,38921446,KourakiA_2024,Machine Learning Metabolomics Profiling of Dietary Interventions from a Six-Week Randomised Trial,32.0,NO,Inulin,20.0,Inulin,6.0,,,,,,,N,Data Not Available,https://doi.org/10.3390/metabo14060311
55,26552345,Kovatcheva-DatcharyP_2015,Dietary Fiber-Induced Improvement in Glucose Metabolism Is Associated with Increased Abundance of Prevotella,39.0,NO,Barley bread,,,0.428571428571429,1.0,NO,,,NO,,N,Data Not Available,https://doi.org/10.1016/j.cmet.2015.10.001
176,30917328,Kovatcheva-DatcharyP_2019,Simplified Intestinal Microbiota to Study Microbe-Diet-Host Interactions in a Mouse Model,,,,,,,,,,,,,N,Excluded Cohort Type,https://doi.org/10.1016/j.celrep.2019.02.090
228,32153925,LaatikainenR_2019,Randomised clinical trial: effect of low-FODMAP rye bread versus regular rye bread on the intestinal microbiota of irritable bowel syndrome patients: association with individual symptom variation,,,,,,,,,,,,,N,Invasive Disease / Treatment,https://doi.org/10.1186/s40795-019-0278-7
177,30924310,LaffinMR_2019,Amylose resistant starch (HAM-RS2) supplementation increases the proportion of Faecalibacterium bacteria in end-stage renal disease patients: Microbial analysis from a randomized placebo-controlled trial,,,,,,,,,,,,,N,Invasive Disease / Treatment,https://doi.org/10.1111/hdi.12753
160,30574746,LaghiL_2018,Impact of treatments on fecal microbiota and fecal metabolome in symptomatic uncomplicated diverticular disease of the colon: a pilot study,,,,,,,,,,,,,N,Not Fiber Intervention,https://doi.org/
479,37078654,LaiH_2023,Effects of dietary fibers or probiotics on functional constipation symptoms and roles of gut microbiota: a double-blinded randomized placebo trial,50.0,NO,Polydextrose + Oligosaccharides,4.0,,4.0,,,,,,,N,Data Not Available,https://doi.org/10.1080/19490976.2023.2197837
642,39551356,LalliMK_2025,Associations between dietary fibers and gut microbiome composition in the EDIA longitudinal infant cohort,,,,,,,,,,,,,N,Excluded Cohort Type,https://doi.org/10.1016/j.ajcnut.2024.11.011
218,32001127,LambertK_2020,Safety and Efficacy of Using Nuts to Improve Bowel Health in Hemodialysis Patients,,,,,,,,,,,,,N,Data Not Available,https://doi.org/10.1053/j.jrn.2019.10.002
36,25231382,LamichhaneS_2014,Impact of dietary polydextrose fiber on the human gut metabolome,,,,,,,,,,,,,N,Data Not Available,https://doi.org/10.1021/jf5031218
186,31175806,LampeJW_2019,Colonic mucosal and exfoliome transcriptomic profiling and fecal microbiome response to a flaxseed lignan extract intervention in humans,,,,,,,,,,,,,N,Not Fiber Intervention,https://doi.org/10.1093/ajcn/nqy325
394,35483363,LancasterSM_2022,"Global, distinctive, and personal changes in molecular and microbial profiles by specific fibers in humans",18.0,NO,10g -> 20g -> 30g fibers,,,9.0,1.0,NO,,,Requested,NO,N,Data Not Available,https://doi.org/10.1016/j.chom.2022.03.036
17,23514765,LappiJ_2013,Intake of whole-grain and fiber-rich rye bread versus refined wheat bread does not differentiate intestinal microbiota composition in Finnish adults with metabolic syndrome,,,,,,,,,,,,,N,Invasive Disease / Treatment,https://doi.org/10.3945/jn.112.172668
466,36913444,LarkeJA_2023,Dietary Intake of Monosaccharides from Foods is Associated with Characteristics of the Gut Microbiota and Gastrointestinal Inflammation in Healthy US Adults,,,,,,,,,,,,,N,Not Fiber Intervention,https://doi.org/10.1016/j.tjnut.2022.12.008
40,25417646,LarraufieP_2015,Functional metagenomics to decipher food-microbe-host crosstalk,,,,,,,,,,,,,N,Not Fiber Intervention,https://doi.org/10.1017/S0029665114001566
660,39798223,LarssonSC_2025,Meat intake in relation to composition and function of gut microbiota,,,,,,,,,,,,,N,Not Fiber Intervention,https://doi.org/10.1016/j.clnu.2024.12.034
362,35042457,LatinoC_2022,Does a high dietary intake of resistant starch affect glycaemic control and alter the gut microbiome in women with gestational diabetes? A randomised control trial protocol,,,,,,,,,,,,,N,Invasive Disease / Treatment,https://doi.org/10.1186/s12884-021-04366-4
516,37836532,LauwS_2023,Effects of Synbiotic Supplementation on Metabolic Syndrome Traits and Gut Microbial Profile among Overweight and Obese Hong Kong Chinese Individuals: A Randomized Trial,,,,,,,,,,,,,N,Not Fiber Intervention,https://doi.org/10.3390/nu15194248
485,37118978,LeeDPS_2023,Regular Consumption of Biovalorized Okara-Containing Biscuit Improves Circulating Short-Chain Fatty Acids and Fecal Bile Acids Concentrations by Modulating the Gut Microbiome: A Randomized Controlled Crossover Trial,15.0,NO,Okara,,,,,,,,,,N,Data Not Available,https://doi.org/10.1002/mnfr.202200756
364,35056536,LeeS_2021,Intake of MPRO3 over 4 Weeks Reduces Glucose Levels and Improves Gastrointestinal Health and Metabolism,,,,,,,,,,,,,N,Not Fiber Intervention,https://doi.org/10.3390/microorganisms10010088
188,31237126,LeeSE_2019,"Additional Effect of Dietary Fiber in Patients with Type 2 Diabetes Mellitus Using Metformin and Sulfonylurea: An Open-Label, Pilot Trial",,,,,,,,,,,,,N,Invasive Disease / Treatment,https://doi.org/10.4093/dmj.2018.0090
503,37495367,LeeSH_2023,Gut microbiota composition and metabolite profiling in smokers: a comparative study between emphysema and asymptomatic individuals with therapeutic implications,,,,,,,,,,,,,N,Not Fiber Intervention,https://doi.org/10.1136/thorax-2021-217923
417,35856563,LesniakNA_2022,The Gut Bacterial Community Potentiates Clostridioides difficile Infection Severity,,,,,,,,,,,,,N,Not Fiber Intervention,https://doi.org/10.1128/mbio.01183-22
669,39886920,LetchumananG_2025,Ethnicity-matched case-control study reveals significant gut microbiota differences in Malaysian adults with type 2 diabetes,,,,,,,,,,,,,N,Not Fiber Intervention,https://doi.org/10.1099/jmm.0.001963
537,38188664,LETM_2024,Heterogeneity of gut microbiome compositions in the third decade of life in Japanese women: insights from a comparative analysis,,,,,,,,,,,,,N,Not Fiber Intervention,https://doi.org/10.12938/bmfh.2023-043
591,38982571,LetourneauJ_2024,"Weight, habitual fibre intake, and microbiome composition predict tolerance to fructan supplementation",19.0,NO,Inulin,18.0,,1.0,1.0,NO,,,,,N,Excluded Cohort Type,https://doi.org/10.1080/09637486.2024.2372590
286,33515740,LeyrolleQ_2021,"Prebiotic effect on mood in obese patients is determined by the initial gut microbiota composition: A randomized, controlled trial",,,,,,,,,,,,,N,Excluded Cohort Type,https://doi.org/10.1016/j.bbi.2021.01.014
702,40463802,LiangD_2025,"Dietary supplementation with soluble corn fiber improved fecal score, microbiota, and SCFAs in dogs",,,,,,,,,,,,,N,Excluded Cohort Type,https://doi.org/10.3389/fvets.2025.1599213
281,33387350,LiangZ_2021,Gut microbiota alterations reveal potential gut-brain axis changes in polycystic ovary syndrome,,,,,,,,,,,,,N,Not Fiber Intervention,https://doi.org/10.1007/s40618-020-01481-5
178,30925749,LiebischG_2019,Quantification of Fecal Short Chain Fatty Acids by Liquid Chromatography Tandem Mass Spectrometry-Investigation of Pre-Analytic Stability,,,,,,,,,,,,,N,Not Fiber Intervention,https://doi.org/10.3390/biom9040121
581,38880174,LiedikeB_2024,Evaluating the Effects of Corn Flour Product Consumption on Cardiometabolic Outcomes and the Gut Microbiota in Adults with Elevated Cholesterol: A Randomized Crossover,36.0,Hypercholesterolemia,Corn flour,48.0,,4.0,3.0,YES,,,,,N,Data Not Available,https://doi.org/10.1016/j.tjnut.2024.06.003
665,39855197,LiF_2025,Cardiometabolic benefits of a non-industrialized-type diet are linked to gut microbiome modulation,,,,,,,,,,,,,N,Data Not Available,https://doi.org/10.1016/j.cell.2024.12.034
551,38409604,LiH_2024,Resistant starch intake facilitates weight loss in humans by reshaping the gut microbiota,37.0,Overweight,Maize resistant starch vs cornstarch,,,12.0,2.0,NO,,,PRJNA414688,NO,N,Metadata not clear,https://doi.org/10.1038/s42255-024-00988-y
578,38826077,LiikonenV_2024,"Association between whole-grain consumption, tryptophan metabolism and psychological distress: a secondary analysis of a randomised controlled trial",,,,,,,,,,,,,N,Not Fiber Intervention,https://doi.org/10.1017/S0007114524001077
392,35417758,LiJ_2022,"Effects of a Low-Carbohydrate, High-Protein Diet on Gut Microbiome Composition in Insulin-Resistant Individuals With Chronic Spinal Cord Injury: Preliminary Results From a Randomized Controlled Trial",,,,,,,,,,,,,N,Invasive Disease / Treatment,https://doi.org/10.1016/j.apmr.2022.03.014
529,38039856,LiJH_2024,Maternal inulin supplementation ameliorates prenatal methamphetamine exposure-induced hepatotoxicity and restores gut microbiota in mouse offspring,,,,,,,,,,,,,N,Excluded Cohort Type,https://doi.org/10.1016/j.ecoenv.2023.115769
190,31255176,LiJM_2019,Dietary fructose-induced gut dysbiosis promotes mouse hippocampal neuroinflammation: a benefit of short-chain fatty acids,,,,,,,,,,,,,N,Excluded Cohort Type,https://doi.org/10.1186/s40168-019-0713-7
639,39488100,LiK_2024,Prebiotic inulin alleviates anxiety and depression-like behavior in alcohol withdrawal mice by modulating the gut microbiota and 5-HT metabolism,,,,,,,,,,,,,N,Excluded Cohort Type,https://doi.org/10.1016/j.phymed.2024.156181
213,31942927,LiL_2020,Inulin-type fructan intervention restricts the increase in gut microbiome-generated indole in patients with peritoneal dialysis: a randomized crossover study,,,,,,,,,,,,,N,Invasive Disease / Treatment,https://doi.org/10.1093/ajcn/nqz337
443,36432574,LiL_2022,Impact of Daily Consumption of Whole-Grain Quinoa-Enriched Bread on Gut Microbiome in Males,28.0,NO,Quinoa,20.0,,4.0,,,,,,,N,Data Not Available,https://doi.org/10.3390/nu14224888
532,38093628,LiL_2024,The arsenic-lowering effect of inulin-type prebiotics in end-stage renal disease: a randomized crossover trial,29.0,Peritoneal dialysis,10g inulin type fructans vs maltodextrin,,,36.0,2.0,YES,,,Requested,NO,N,Data Not Available,https://doi.org/10.1039/d3fo01843a
643,39566792,LiM_2024,"Protective effects of insoluble dietary fiber from cereal bran against DSS-induced chronic colitis in mice: From inflammatory responses, oxidative stress, intestinal barrier, and gut microbiota",,,,,,,,,,,,,N,Excluded Cohort Type,https://doi.org/10.1016/j.ijbiomac.2024.137846
42,25482875,LimMY_2014,Stability of gut enterotypes in Korean monozygotic twins and their association with biomarkers and diet,,,,,,,,,,,,,N,Not Fiber Intervention,https://doi.org/10.1038/srep07348
719,40697428,LimsrivilaiJ_2025_2025,Increased Fiber Intake Enhances Clostridia Bacteria and Reduces Clinical Relapse in Patients With Clinically Quiescent Inflammatory Bowel Disease: A Prospective Longitudinal Study,,,,,,,,,,,,,N,Invasive Disease / Treatment,https://doi.org/10.1002/jgh3.70219
10,22566311,LinetzkyWaitzbergD_2012,Microbiota benefits after inulin and partially hydrolized guar gum supplementation: a randomized clinical trial in constipated women,60.0,Constipation,Inulin + PHGG,,,3.0,2.0,NO,,,,,N,Excluded Cohort Type,https://doi.org/10.1590/S0212-16112012000100014
241,32423866,LinSM_2020,"Intestinal morphology, immunity and microbiota response to dietary fibers in largemouth bass, Micropterus salmoide",,,,,,,,,,,,,N,Excluded Cohort Type,https://doi.org/10.1016/j.fsi.2020.04.070
27,24454707,LinXB_2014,The role of intestinal microbiota in development of irinotecan toxicity and in toxicity reduction through dietary fibres in rats,,,,,,,,,,,,,N,Excluded Cohort Type,https://doi.org/10.1371/journal.pone.0083644
515,37803759,LinZ_2023,High-fiber diet and rope-skipping benefit cardiometabolic health and modulate gut microbiota in young adults: A randomized controlled trial,,,,,,,,,,,,,N,Invasive Disease / Treatment,https://doi.org/10.1016/j.foodres.2023.113421
661,39802638,LinZ_2025,"Comparison of diet and exercise on cardiometabolic factors in young adults with overweight/obesity: multiomics analysis and gut microbiota prediction, a randomized controlled trial",32.0,NO,Fiber enriched foods,25.0,,8.0,4.0,NO,,,,,N,Data Not Available,https://doi.org/10.1002/mco2.70044
511,37734909,LiP_2023,The Synergism of Human Lactobacillaceae and Inulin Decrease Hyperglycemia via Regulating the Composition of Gut Microbiota and Metabolic Profiles in db/db Mice,,,,,,,,,,,,,N,Excluded Cohort Type,https://doi.org/10.4014/jmb.2304.04039
284,33500330,LiuB_2021,Consumption of Dietary Fiber from Different Sources during Pregnancy Alters Sow Gut Microbiota and Improves Performance and Reduces Inflammation in Sows and Piglets,,,,,,,,,,,,,N,Excluded Cohort Type,https://doi.org/10.1128/mSystems.00591-20
289,33622382,LiuC_2021,"Dietary fiber and probiotics for the treatment of atypical antipsychotic-induced metabolic side effects: study protocol for a randomized, double-blind, placebo-controlled trial",,,,,,,,,,,,,N,Data Not Available,https://doi.org/10.1186/s13063-021-05123-w
301,33829245,LiuG_2021,Gut microbiota-derived metabolites and risk of coronary artery disease: a prospective study among US men and women,,,,,,,,,,,,,N,Not Fiber Intervention,https://doi.org/10.1093/ajcn/nqab053
333,34397057,LiuY_2021,The effects of fermented rye products on gut microbiota and their association with metabolic factors in Chinese adults - an explorative study,,,,,,,,,,,,,N,Invasive Disease / Treatment,https://doi.org/10.1039/d1fo01423d
352,34836414,LiuY_2021,Association between Dietary Fiber Intake and Incidence of Depression and Anxiety in Patients with Essential Hypertension,,,,,,,,,,,,,N,Data Not Available,https://doi.org/10.3390/nu13114159
26,24315808,LiuZ_2014,Prebiotic effects of almonds and almond skins on intestinal microbiota in healthy adult humans,,,,,,,,,,,,,N,Data Not Available,https://doi.org/10.1016/j.anaerobe.2013.11.007
604,39091068,LiW_2024,Personalized Microbial Fingerprint Associated with Differential Glycemic Effects of a Whole Grain Rye Intervention on Chinese Adults,79.0,NO,Rice bran,,,12.0,2.0,NO,,,,,N,Invasive Disease / Treatment,https://doi.org/10.1002/mnfr.202400274
618,39217395,LiX_2024,Effects of inulin on intestinal flora and metabolism-related indicators in obese polycystic ovary syndrome patients,,,,,,,,,,,,,N,Invasive Disease / Treatment,https://doi.org/10.1186/s40001-024-02034-9
381,35300378,LiY_2022,Effects of Konjaku Flour on the Gut Microbiota of Obese Patients,69.0,Overweight,Konjaky flour,,,5.0,,,,,,,N,Data Not Available,https://doi.org/10.3389/fcimb.2022.771748
425,36063723,LiY_2022,Specially designed yogurt supplemented with combination of pro- and prebiotics relieved constipation in mice and humans,,,,,,,,,,,,,N,Not Fiber Intervention,https://doi.org/10.1016/j.nut.2022.111802
564,38638069,LiY_2024,Grape seed proanthocyanidin extract promotes skeletal muscle fiber type transformation through modulation of cecal microbiota and enhanced butyric acid production,,,,,,,,,,,,,N,Not Fiber Intervention,https://doi.org/10.1111/1750-3841.17075
705,40481510,LlauradóG_2025,Circulating short-chain fatty acids and Mediterranean food patterns. A potential role for the prediction of type 2 diabetes risk: The Di@bet.es Study,,,,,,,,,,,,,N,Not Fiber Intervention,https://doi.org/10.1186/s12916-025-04186-9
547,38363772,LluansíA_2024,Impact of bread diet on intestinal dysbiosis and irritable bowel syndrome symptoms in quiescent ulcerative colitis: A pilot study,,,,,,,,,,,,,N,Invasive Disease / Treatment,https://doi.org/10.1371/journal.pone.0297836
267,32982365,LongoL_2020,"Gut Dysbiosis and Increased Intestinal Permeability Drive microRNAs, NLRP-3 Inflammasome and Liver Fibrosis in a Nutritional Model of Non-Alcoholic Steatohepatitis in Adult Male Sprague Dawley Rats",,,,,,,,,,,,,N,Excluded Cohort Type,https://doi.org/10.2147/CEG.S262879
619,39224188,LooijesteijnE_2024,A double-blind intervention trial in healthy women demonstrates the beneficial impact on Bifidobacterium with low dosages of prebiotic galacto-oligosaccharides,,,,,,,,,,,,,N,Not Fiber Intervention,https://doi.org/10.3389/fnut.2024.1440319
475,37023745,LoucaP_2023,"The secondary bile acid isoursodeoxycholate correlates with post-prandial lipemia, inflammation, and appetite and changes post-bariatric surgery",,,,,,,,,,,,,N,Not Fiber Intervention,https://doi.org/10.1016/j.xcrm.2023.100993
590,38972609,LouY_2024,Dietary pectin and inulin: A promising adjuvant supplement for collagen-induced arthritis through gut microbiome restoration and CD4(+) T cell reconstitution,,,,,,,,,,,,,N,Excluded Cohort Type,https://doi.org/10.1016/j.jnutbio.2024.109699
694,40354118,LuB_2025,Propionate Induces Energy Expenditure via Browning in Mesenteric Adipose Tissue,,,,,,,,,,,,,N,Not Fiber Intervention,https://doi.org/10.1210/clinem/dgaf280
510,37686818,LúcioH_2023,Consumption of Extruded Sorghum SC319 Improved Gut Microbiota at Genus Level and Reduced Anthropometric Markers in Men with Overweight: A Randomized Controlled Clinical Trial,10.0,NO,Sorghum,40.0,Inulin,8.0,,,,,,,N,Excluded Cohort Type,https://doi.org/10.3390/nu15173786
588,38931207,LúcioHG_2024,A Symbiotic Meal Containing Extruded Sorghum and Probiotic (Bifidobacterium longum) Ameliorated Intestinal Health Markers in Individuals with Chronic Kidney Disease: A Secondary Analysis of a Subsample from a Previous Randomized and Controlled Clinical Trial,,,,,,,,,,,,,N,Not Fiber Intervention,https://doi.org/10.3390/nu16121852
626,39339778,LutsivT_2024,Impact of a Pulse-Enriched Human Cuisine on Functional Attributes of the Gut Microbiome Using a Preclinical Model of Dietary-Induced Chronic Diseases,,,,,,,,,,,,,N,Excluded Cohort Type,https://doi.org/10.3390/nu16183178
142,30243767,MailingLJ_2019,Behavioral response to fiber feedingis cohort-dependent and associated with gut microbiota composition in mice,,,,,,,,,,,,,N,Excluded Cohort Type,https://doi.org/10.1016/j.bbr.2018.09.012
3,20579190,MairC_2010,"Impact of inulin and a multispecies probiotic formulation on performance, microbial ecology and concomitant fermentation patterns in newly weaned piglets",,,,,,,,,,,,,N,Excluded Cohort Type,https://doi.org/10.1111/j.1439-0396.2010.01000.x
681,40112923,MajenkaP_2025,Influence of high-fiber diet on ipilimumab-induced gastrointestinal toxicity in metastatic melanoma,,,,,,,,,,,,,N,Not Fiber Intervention,https://doi.org/10.1016/j.clnesp.2025.03.026
640,39494600,MalcomsonFC_2024,"Effects of non-digestible carbohydrates on gut microbiota and microbial metabolites: a randomised, controlled dietary intervention in healthy individuals",14.0,NO,RS vs polydextrose vs both,,,7.0,,,,,,,N,Data Not Available,https://doi.org/10.1017/S000711452400271X
525,38004705,MancillaVJ_2023,"A Synthetic Formula Amino Acid Diet Leads to Microbiome Dysbiosis, Reduced Colon Length, Inflammation, and Altered Locomotor Activity in C57BL/6J Mice",,,,,,,,,,,,,N,Excluded Cohort Type,https://doi.org/10.3390/microorganisms11112694
141,30231542,ManoF_2018,The Effect of White Rice and White Bread as Staple Foods on Gut Microbiota and Host Metabolism,,,,,,,,,,,,,N,Not Fiber Intervention,https://doi.org/10.3390/nu10091323
593,38999830,MantriA_2024,"Beneficial Effects of Synbiotics on the Gut Microbiome in Individuals with Low Fiber Intake: Secondary Analysis of a Double-Blind, Randomized Controlled Trial",,,,,,,,,,,,,N,Not Fiber Intervention,https://doi.org/10.3390/nu16132082
311,34116725,Martínez-LópezLM_2021,"Effect of sequentially fed high protein, hydrolyzed protein, and high fiber diets on the fecal microbiota of healthy dogs: a cross-over study",,,,,,,,,,,,,N,Excluded Cohort Type,https://doi.org/10.1186/s42523-021-00101-8
414,35806897,Martínez-SánchezMA_2022,"Gut Microbiome Modification through Dietary Intervention in Patients with Colorectal Cancer: Protocol for a Prospective, Interventional, Controlled, Randomized Clinical Trial in Patients with Scheduled Surgical Intervention for CRC",,,,,,,,,,,,,N,Data Not Available,https://doi.org/10.3390/jcm11133613
4,21151493,MartínezI_2010,Resistant starches types 2 and 4 have differential effects on the composition of the fecal microbiota in human subjects,,,,,,,,,,,,,N,Poor Sequencing Quality,https://doi.org/10.1371/journal.pone.0015046
12,23038174,MartínezI_2013,Gut microbiome composition is linked to whole grain-induced immunological improvements,28.0,NO,Barley (18.7g fiber) vs Brown Rice (4.4g fiber) vs Barley + Brown Rice (11.5g fiber),,,17.0,1.0,NO,,,,,N,Data Not Available,https://doi.org/10.1038/ismej.2012.104
470,36993403,MartinSE_2023,"The Role of Diet on the Gut Microbiome, Mood and Happiness",,,,,,,,,,,,,N,Not Fiber Intervention,https://doi.org/10.1101/2023.03.18.23287442
314,34140026,MaW_2021,"Dietary fiber intake, the gut microbiome, and chronic systemic inflammation in a cohort of adult men",,,,,,,,,,,,,N,Not Fiber Intervention,https://doi.org/10.1186/s13073-021-00921-y
569,38684664,MaW_2024,Gut microbiome composition and metabolic activity in women with diverticulitis,,,,,,,,,,,,,N,Not Fiber Intervention,https://doi.org/10.1038/s41467-024-47859-4
159,30572270,MayengbamS_2019,Impact of dietary fiber supplementation on modulating microbiota-host-metabolic axes in obesity,29.0,Overweight,Pea fiber snack,,,12.0,,,,,NO,,N,Data Not Available,https://doi.org/10.1016/j.jnutbio.2018.11.003
216,31978943,MayerhoferCCK_2020,Low fibre intake is associated with gut microbiota alterations in chronic heart failure,,,,,,,,,,,,,N,Not Fiber Intervention,https://doi.org/10.1002/ehf2.12596
349,34776340,McFarlaneC_2022,Diet Quality and Protein-Bound Uraemic Toxins: Investigation of Novel Risk Factors and the Role of Microbiome in Chronic Kidney Disease,,,,,,,,,,,,,N,Not Fiber Intervention,https://doi.org/10.1053/j.jrn.2021.10.003
458,36793105,McLeodA_2023,"Design of the Building Research in CRC prevention (BRIDGE-CRC) trial: a 6-month, parallel group Mediterranean diet and weight loss randomized controlled lifestyle intervention targeting the bile acid-gut microbiome axis to reduce colorectal cancer risk among African American/Black adults with obesity",48.0,NO,Mediterranean DIET,,,24.0,,,,,NO,,N,Data Not Available,https://doi.org/10.1186/s13063-023-07115-4
361,34968752,McWhorterN_2022,Preliminary Investigation of Microbiome and Dietary Differences in Patients with Phenylketonuria on Enzyme Substitution Therapy Compared to Traditional Therapies,,,,,,,,,,,,,N,Not Fiber Intervention,https://doi.org/10.1016/j.jand.2021.12.011
514,37793780,MedawarE_2024,Prebiotic diet changes neural correlates of food decision-making in overweight adults: a randomised controlled within-subject cross-over trial,59.0,Overweight,Inulin,30.0,,2.0,,,,,NO,YES,N,Data Not Available,https://doi.org/10.1136/gutjnl-2023-330365
145,30266575,Medina-VeraI_2019,A dietary intervention with functional foods reduces metabolic endotoxaemia and attenuates biochemical abnormalities by modifying faecal microbiota in people with type 2 diabetes,,,,,,,,,,,,,N,Data Not Available,https://doi.org/10.1016/j.diabet.2018.09.004
79,28078750,MegoM_2017,Metabolic adaptation of colonic microbiota to galactooligosaccharides: a proof-of-concept-study,20.0,NO,HOST-G904,2.8,,,,,,,,,N,Data Not Available,https://doi.org/10.1111/apt.13931
92,28418214,MegoM_2017,Colonic gas homeostasis: Mechanisms of adaptation following HOST-G904 galactooligosaccharide use in humans,,,,,,,,,,,,,N,Not Fiber Intervention,https://doi.org/10.1111/nmo.13080
489,37222787,MeillerL_2023,Metabolic signature of (13)C-labeled wheat bran consumption related to gut fermentation in humans: a pilot study,6.0,NO,Wheat biscuits,23.0,,,,,,,,,N,Excluded Cohort Type,https://doi.org/10.1007/s00394-023-03161-5
555,38474715,MellaiM_2024,"A Randomized, Double-Blind, Placebo-Controlled Trial: Efficacy of Opuntia ficus-indica Prebiotic Supplementation in Subjects with Gut Dysbiosis",,,,,,,,,,,,,N,Invasive Disease / Treatment,https://doi.org/10.3390/nu16050586
105,28894110,MenniC_2017,Omega-3 fatty acids correlate with gut microbiome diversity and production of N-carbamylglutamate in middle aged and elderly women,,,,,,,,,,,,,N,Not Fiber Intervention,https://doi.org/10.1038/s41598-017-10382-2
653,39728503,MercenierA_2024,Carrot-Derived Rhamnogalacturonan-I Consistently Increases the Microbial Production of Health-Promoting Indole-3-Propionic Acid Ex Vivo,,,,,,,,,,,,,N,Excluded Cohort Type,https://doi.org/10.3390/metabo14120722
223,32075887,MeslierV_2020,Mediterranean diet intervention in overweight and obese subjects lowers plasma cholesterol and causes changes in the gut microbiome and metabolome independently of energy intake,82.0,Overweigth,Mediterranean DIET,,,8.0,1.0,NO,,,PRJEB33500,,N,Poor Sequencing Quality,https://doi.org/10.1136/gutjnl-2019-320438
322,34262418,MiaoT_2021,Decrease in abundance of bacteria of the genus Bifidobacterium in gut microbiota may be related to pre-eclampsia progression in women from East China,,,,,,,,,,,,,N,Not Fiber Intervention,https://doi.org/10.29219/fnr.v65.5781
577,38825157,MiaoT_2024,Type 3 resistant starch from Canna edulis reduce lipid levels in patients with mild hyperlipidemia through altering gut microbiome: A double- blind randomized controlled trial,35.0,Hypercholesterolemia,RS3,20.0,,12.0,,,,,,,N,Data Not Available,https://doi.org/10.1016/j.phrs.2024.107232
0,20339542,MiddelbosIS_2010,Phylogenetic characterization of fecal microbial communities of dogs fed diets with or without supplemental dietary fiber using 454 pyrosequencing,,,,,,,,,,,,,N,Excluded Cohort Type,https://doi.org/10.1371/journal.pone.0009768
269,32993781,MienaltowskiMJ_2020,Psyllium supplementation is associated with changes in the fecal microbiota of horses,,,,,,,,,,,,,N,Excluded Cohort Type,https://doi.org/10.1186/s13104-020-05305-w
60,26810963,MikiT_2016,Dietary fiber intake and depressive symptoms in Japanese employees: The Furukawa Nutrition and Health Study,,,,,,,,,,,,,N,Data Not Available,https://doi.org/10.1016/j.nut.2015.11.014
386,35328942,MinerbiA_2022,Dietary Intake Is Unlikely to Explain Symptom Severity and Syndrome-Specific Microbiome Alterations in a Cohort of Women with Fibromyalgia,,,,,,,,,,,,,N,Not Fiber Intervention,https://doi.org/10.3390/ijerph19063254
5,21695955,MinushkinON_2011,[Fructooligo- and fructopoly-saccharides in correction and prevention of intestinal microbiocenosis disorders in patients with bronchopulmonary pathology receiving antibacterial therapy],,,,,,,,,,,,,N,Not Fiber Intervention,https://doi.org/
597,39030379,MirzaAI_2024,Mediterranean diet and associations with the gut microbiota and pediatric-onset multiple sclerosis using trivariate analysis,,,,,,,,,,,,,N,Excluded Cohort Type,https://doi.org/10.1038/s43856-024-00565-0
140,30185894,MistryRH_2018,Effect of the prebiotic fiber inulin on cholesterol metabolism in wildtype mice,,,,,,,,,,,,,N,Excluded Cohort Type,https://doi.org/10.1038/s41598-018-31698-7
240,32380577,MistryRH_2020,Long-Term β-galacto-oligosaccharides Supplementation Decreases the Development of Obesity and Insulin Resistance in Mice Fed a Western-Type Diet,,,,,,,,,,,,,N,Excluded Cohort Type,https://doi.org/10.1002/mnfr.201900922
340,34579112,MitchellCM_2021,Prebiotic Inulin Supplementation and Peripheral Insulin Sensitivity in adults at Elevated Risk for Type 2 Diabetes: A Pilot Randomized Controlled Trial,13.0,NO,Inulin,10.0,,6.0,,,,,,,N,Data Not Available,https://doi.org/10.3390/nu13093235
259,32742642,MitchellSM_2020,A period of 10 weeks of increased protein consumption does not alter faecal microbiota or volatile metabolites in healthy older men: a randomised controlled trial,,,,,,,,,,,,,N,Not Fiber Intervention,https://doi.org/10.1017/jns.2020.15
422,35995418,MitrovićM_2023,"The Impact of Synbiotic Treatment on the Levels of Gut-Derived Uremic Toxins, Inflammation, and Gut Microbiome of Chronic Kidney Disease Patients-A Randomized Trial",,,,,,,,,,,,,N,Invasive Disease / Treatment,https://doi.org/10.1053/j.jrn.2022.07.008
552,38421902,MitrovićM_2024,"The effects of synbiotics on the liver steatosis, inflammation, and gut microbiome of metabolic dysfunction-associated liver disease patients-randomized trial",,,,,,,,,,,,,N,Not Fiber Intervention,https://doi.org/10.2478/rjim-2024-0004
389,35367997,MiyoshiM_2021,Synbiotics Improved Stool Form via Changes in the Microbiota and Short-Chain Fatty Acids in Hemodialysis Patients,,,,,,,,,,,,,N,Not Fiber Intervention,https://doi.org/
256,32681453,MoludiJ_2021,Probiotics Supplementation on Cardiac Remodeling Following Myocardial Infarction: a Single-Center Double-Blind Clinical Study,,,,,,,,,,,,,N,Not Fiber Intervention,https://doi.org/10.1007/s12265-020-10052-1
62,27054579,MoralesP_2016,Impact of Dietary Lipids on Colonic Function and Microbiota: An Experimental Approach Involving Orlistat-Induced Fat Malabsorption in Human Volunteers,11.0,NO,Inulin + high fat diet,16.0,Fructans,1.0,3.0,NO,Chile,Europe,SRP403421,YES,Y,16s,https://doi.org/10.1038/ctg.2016.20
193,31325040,Moreira-RosárioA_2020,Daily intake of wheat germ-enriched bread may promote a healthy gut bacterial microbiota: a randomised controlled trial,55.0,NO,Wheat bread + 6g wheat germ,,,4.0,,,,,,,N,Data Not Available,https://doi.org/10.1007/s00394-019-02045-x
649,39683634,Moreno-AltamiranoL_2024,"Gut Microbiota: Association with Fiber Intake, Ultra-Processed Food Consumption, Sex, Body Mass Index, and Socioeconomic Status in Medical Students",,,,,,,,,,,,,N,Not Fiber Intervention,https://doi.org/10.3390/nu16234241
682,40117931,MorenoML_2025,Yeast mannans promote laxation and specifically modulate microbiota composition in older adults: An open-label pilot study,20.0,NO,Yeast mannans (β-glucans),15.0,,2.0,,,,,,,N,Excluded Cohort Type,https://doi.org/10.1016/j.nutres.2025.02.004
469,36936880,MorishimaS_2023,"A randomized, double-blinded study evaluating effect of matcha green tea on human fecal microbiota",,,,,,,,,,,,,N,Not Fiber Intervention,https://doi.org/10.3164/jcbn.22-81
87,28252538,MorowitzMJ_2017,Dietary Supplementation With Nonfermentable Fiber Alters the Gut Microbiota and Confers Protection in Murine Models of Sepsis,,,,,,,,,,,,,N,Excluded Cohort Type,https://doi.org/10.1097/CCM.0000000000002291
95,28589947,MostJ_2017,Gut microbiota composition in relation to the metabolic response to 12-week combined polyphenol supplementation in overweight men and women,,,,,,,,,,,,,N,Not Fiber Intervention,https://doi.org/10.1038/ejcn.2017.89
97,28618864,MostJ_2017,Gut microbiota composition strongly correlates to peripheral insulin sensitivity in obese men but not in women,,,,,,,,,,,,,N,Not Fiber Intervention,https://doi.org/10.3920/BM2016.0189
413,35745107,MullensDA_2022,Personalized Nutrition Using Microbial Metabolite Phenotype to Stratify Participants and Non-Invasive Host Exfoliomics Reveal the Effects of Flaxseed Lignan Supplementation in a Placebo-Controlled Crossover Trial,,,,,,,,,,,,,N,Data Not Available,https://doi.org/10.3390/nu14122377
149,30337914,MunukkaE_2018,Six-Week Endurance Exercise Alters Gut Metagenome That Is not Reflected in Systemic Metabolism in Over-weight Women,,,,,,,,,,,,,N,Not Fiber Intervention,https://doi.org/10.3389/fmicb.2018.02323
517,37841582,MunyokiSK_2023,Intestinal microbial circadian rhythms drive sex differences in host immunity and metabolism,,,,,,,,,,,,,N,Not Fiber Intervention,https://doi.org/10.1016/j.isci.2023.107999
307,34016169,Murga-GarridoSM_2021,Gut microbiome variation modulates the effects of dietary fiber on host metabolism,,,,,,,,,,,,,N,Not Fiber Intervention,https://doi.org/10.1186/s40168-021-01061-6
38,25367192,MurugesanGR_2015,Influence of a direct-fed microbial and xylanase enzyme on the dietary energy uptake efficiency and performance of broiler chickens,,,,,,,,,,,,,N,Excluded Cohort Type,https://doi.org/10.1002/jsfa.6984
206,31664519,MuthuramalingamK_2020,"Dietary intervention using (1,3)/(1,6)-β-glucan, a fungus-derived soluble prebiotic ameliorates high-fat diet-induced metabolic distress and alters beneficially the gut microbiota in mice model",,,,,,,,,,,,,N,Excluded Cohort Type,https://doi.org/10.1007/s00394-019-02110-5
621,39300301,NagasawaH_2024,Effect of fruits granola (Frugra®) consumption on blood pressure reduction and intestinal microbiome in patients undergoing hemodialysis,,,,,,,,,,,,,N,Invasive Disease / Treatment,https://doi.org/10.1038/s41440-024-01895-1
627,39345290,NaitoY_2024,A cross-sectional study on the relationship between nutrient/food intake and gut microbiota in frailty among older community residents: The Kyotango study,,,,,,,,,,,,,N,Not Fiber Intervention,https://doi.org/10.3164/jcbn.24-93
506,37630564,NawabS_2023,The Pathogenicity of Fusobacterium nucleatum Modulated by Dietary Fibers-A Possible Missing Link between the Dietary Composition and the Risk of Colorectal Cancer,,,,,,,,,,,,,N,Not Fiber Intervention,https://doi.org/10.3390/microorganisms11082004
124,29651010,NdouSP_2018,"Dietary supplementation with flaxseed meal and oat hulls modulates intestinal histomorphometric characteristics, digesta- and mucosa-associated microbiota in pigs",,,,,,,,,,,,,N,Excluded Cohort Type,https://doi.org/10.1038/s41598-018-24043-5
706,40481954,NeacsuM_2025,"Fava bean and buckwheat are sustainable food sources which support satiety and beneficially modulate several biomarkers, bacteria and metabolites associated with human health",,,,,,,,,,,,,N,Data Not Available,https://doi.org/10.1007/s00394-025-03726-6
287,33544206,NeyrinckAM_2021,Prebiotic dietary fibre intervention improves fecal markers related to inflammation in obese patients: results from the Food4Gut randomized placebo-controlled trial,12.0,,Inulin,16.0,,12.0,,,,,,,N,Excluded Cohort Type,https://doi.org/10.1007/s00394-021-02484-5
285,33514774,NeyrinckAM_2021,Improvement of gastrointestinal discomfort and inflammatory status by a synbiotic in middle-aged adults: a double-blind randomized placebo-controlled trial,,,,,,,,,,,,,N,Not Fiber Intervention,https://doi.org/10.1038/s41598-020-80947-1
616,39207833,NgHM_2024,Effects of Defatted Rice Bran-Fortified Bread on the Gut Microbiota Composition of Healthy Adults With Low Dietary Fiber Intake: Protocol for a Crossover Randomized Controlled Trial,,,,,,,,,,,NO,,N,Data Not Available,https://doi.org/10.2196/59227
684,40127766,NgHM_2025,"Effects of defatted rice bran-fortified bread on gut microbiome, cardiovascular risk, gut discomfort, wellbeing and gut physiology in healthy adults with low dietary fibre intake",,,,,,,,,,,,,N,Not Fiber Intervention,https://doi.org/10.1016/j.clnesp.2025.03.045
262,32814582,NguyenNK_2020,Gut microbiota modulation with long-chain corn bran arabinoxylan in adults with overweight and obesity is linked to an individualized temporal increase in fecal propionate,15.0,Overweight,AXOS,,,,,,,,,,N,Data Not Available,https://doi.org/10.1186/s40168-020-00887-w
634,39408280,NguyenSM_2024,Influence of Peanut Consumption on the Gut Microbiome: A Randomized Clinical Trial,78.0,NO,50g peanuts vs control,,,16.0,2.0,NO,,,Requested,Requested - Update Xiao-ou,N,Data Not Available,https://doi.org/10.3390/nu16193313
94,28531784,NilssonA_2016,"Gut microbiota mediated benefits of barley kernel products on metabolism, gut hormones, and inflammatory markers as affected by co-ingestion of commercially available probiotics: a randomized controlled study in healthy subjects",,,,,,,,,,,,,N,Data Not Available,https://doi.org/10.1016/j.clnesp.2016.06.006
51,26259632,NilssonAC_2015,Increased gut hormones and insulin sensitivity index following a 3-d intervention with a barley kernel-based product: a randomised cross-over study in healthy middle-aged subjects,,,,,,,,,,,,,N,Data Not Available,https://doi.org/10.1017/S0007114515002524
313,34136514,NishimotoY_2021,The Nutritional Efficacy of Chlorella Supplementation Depends on the Individual Gut Environment: A Randomised Control Study,,,,,,,,,,,,,N,Not Fiber Intervention,https://doi.org/10.3389/fnut.2021.648073
454,36698463,NishimotoY_2023,Dietary supplement of mushrooms promotes SCFA production and moderately associates with IgA production: A pilot clinical study,80.0,NO,Mushrooms,2.13759,General Fibers,4.0,,,,Asia,PRJDB14539,YES,Y,16s,https://doi.org/10.3389/fnut.2022.1078060
533,38094924,NishimotoY_2023,Kale improves bowel movements in constipated women and affects some intestinal microbes and metabolites: a pilot study,12.0,NO,Kale,,,4.0,,,,,,,N,Excluded Cohort Type,https://doi.org/10.3389/fnut.2023.1247683
622,39307495,NiuB_2024,Unveiling the therapeutic potential and mechanism of inulin in DSS-induced colitis mice,,,,,,,,,,,,,N,Excluded Cohort Type,https://doi.org/10.1016/j.ijbiomac.2024.135861
722,40740908,NiuWC_2025,Intestinal microbiota characteristics and dietary fiber intervention in patients undergoing endoscopic mucosa resection,,,,,,,,,,,,,N,Invasive Disease / Treatment,https://doi.org/10.4240/wjgs.v17.i7.105893
509,37673036,NiY_2023,Resistant starch decreases intrahepatic triglycerides in patients with NAFLD via gut microbiome alterations,200.0,NAFLD,High Amylose maize RS2 supplement,40.0,RS2,16.0,2.0,NO,China,Asia,PRJNA703757,YES,Y,Shotgun,https://doi.org/10.1016/j.cmet.2023.08.002
365,35057449,NolteFongJV_2022,Precision Nutrition Model Predicts Glucose Control of Overweight Females Following the Consumption of Potatoes High in Resistant Starch,30.0,Overweight,RS,,,,,,,,,,N,Data Not Available,https://doi.org/10.3390/nu14020268
644,39606458,O'ConnorJB_2024,Agrarian Diet Improves Metabolic Health in HIV-positive Men with Prevotella-Rich Microbiomes: Results from a Randomized Trial,,,,,,,,,,,,,N,Invasive Disease / Treatment,https://doi.org/10.21203/rs.3.rs-5349309/v1
7,22180847,O'KeefeSJ_2011,Effect of fiber supplementation on the microbiota in critically ill patients,,,,,,,,,,,,,N,Invasive Disease / Treatment,https://doi.org/10.4291/wjgp.v2.i6.138
456,36776602,O'MahonyL_2023,Older adults and healthcare professionals have limited awareness of the link between the Mediterranean diet and the gut microbiome for healthy aging,,,,,,,,,,,,,N,Not Fiber Intervention,https://doi.org/10.3389/fnut.2023.1104238
358,34950687,ObandaDN_2021,Gut Microbiota Composition and Predicted Microbial Metabolic Pathways of Obesity Prone and Obesity Resistant Outbred Sprague-Dawley CD Rats May Account for Differences in Their Phenotype,,,,,,,,,,,,,N,Excluded Cohort Type,https://doi.org/10.3389/fnut.2021.746515
212,31851298,OcvirkS_2020,A prospective cohort analysis of gut microbial co-metabolism in Alaska Native and rural African people at high and low risk of colorectal cancer,,,,,,,,,,,,,N,Not Fiber Intervention,https://doi.org/10.1093/ajcn/nqz301
295,33727392,OliverA_2021,"High-Fiber, Whole-Food Dietary Intervention Alters the Human Gut Microbiome but Not Fecal Short-Chain Fatty Acids",22.0,NO,40g fibers,,,3.0,1.0,NO,87.0,,YES,YES,N,Poor Sequencing Quality,https://doi.org/NA
612,39173973,OliverA_2024,"Diet, Microbiome, and Inflammation Predictors of Fecal and Plasma Short-Chain Fatty Acids in Humans",,,,,,,,,,,,,N,Not Fiber Intervention,https://doi.org/10.1016/j.tjnut.2024.08.012
712,40669445,OmaryL_2025,Intrinsic chicory root fibers modulate colonic microbial butyrate-producing pathways and improve insulin sensitivity in individuals with obesity,17.0,Overweight,Chicory Root,30.0,Fructans,12.0,2.0,NO,Netherlands,North Europe,PRJEB81868,NO,N,Metadata not clear,https://doi.org/10.1016/j.xcrm.2025.102237
683,40120775,OnaliT_2025,"Berry supplementation in healthy volunteers modulates gut microbiota, increases fecal polyphenol metabolites and reduces viability of colon cancer cells exposed to fecal water- a randomized controlled trial",,,,,,,,,,,,,N,Not Fiber Intervention,https://doi.org/10.1016/j.jnutbio.2025.109906
672,39940370,ÖneşE_2025,Effects of Kefir Consumption on Gut Microbiota and Athletic Performance in Professional Female Soccer Players: A Randomized Controlled Trial,,,,,,,,,,,,,N,Not Fiber Intervention,https://doi.org/10.3390/nu17030512
599,39064725,OssolaM_2024,Does Microbiome Matter in Chronic Intestinal Failure Due to Type 1 Short Bowel Syndrome in Adults?,,,,,,,,,,,,,N,Not Fiber Intervention,https://doi.org/10.3390/nu16142282
540,38257159,OstrowskaJ_2024,The Potential Role of SCFAs in Modulating Cardiometabolic Risk by Interacting with Adiposity Parameters and Diet,,,,,,,,,,,,,N,Not Fiber Intervention,https://doi.org/10.3390/nu16020266
648,39675727,OtakeS_2025,Impact of smoking on gut microbiota and short-chain fatty acids in human and mice: Implications for COPD,,,,,,,,,,,,,N,Not Fiber Intervention,https://doi.org/10.1016/j.mucimm.2024.12.006
607,39131354,ÖzcanE_2024,Dietary fiber content in clinical ketogenic diets modifies the gut microbiome and seizure resistance in mice,,,,,,,,,,,,,N,Excluded Cohort Type,https://doi.org/10.1101/2024.07.31.606041
666,39856104,ÖzcanE_2025,Dietary fiber content in clinical ketogenic diets modifies the gut microbiome and seizure resistance in mice,,,,,,,,,,,,,N,Excluded Cohort Type,https://doi.org/10.1038/s41467-025-56091-7
647,39673542,PanH_2024,Dietary modulation of gut microbiota affects susceptibility to drug-induced liver injury,,,,,,,,,,,,,N,Not Fiber Intervention,https://doi.org/10.1080/19490976.2024.2439534
230,32156071,PanS_2020,Gut Microbial Protein Expression in Response to Dietary Patterns in a Controlled Feeding Study: A Metaproteomic Approach,,,,,,,,,,,,,N,Data Not Available,https://doi.org/10.3390/microorganisms8030379
406,35631219,ParkJ_2022,Dietary Vitamin B1 Intake Influences Gut Microbial Community and the Consequent Production of Short-Chain Fatty Acids,,,,,,,,,,,,,N,Not Fiber Intervention,https://doi.org/10.3390/nu14102078
592,38993281,PenazziL_2024,"Lentils pasta by-product in a complete extruded diet for dogs and its effect on extrusion, digestibility, and carbohydrate metabolism",,,,,,,,,,,,,N,Excluded Cohort Type,https://doi.org/10.3389/fvets.2024.1429218
534,38100944,PerriconeV_2024,Dietary strategies can increase cloacal endotoxin levels and modulate the resident microbiota in broiler chickens,,,,,,,,,,,,,N,Excluded Cohort Type,https://doi.org/10.1016/j.psj.2023.103312
698,40421856,PetelinaTI_2025,"[Influence of physical therapy on intestinal microbiota, blood pressure control and systemic inflammation level: a randomized controlled study of 84 patients with arterial hypertension]",,,,,,,,,,,,,N,Not Fiber Intervention,https://doi.org/10.17116/kurort202510202111
463,36872018,PetersBA_2023,Healthy dietary patterns are associated with the gut microbiome in the Hispanic Community Health Study/Study of Latinos,,,,,,,,,,,,,N,Not Fiber Intervention,https://doi.org/10.1016/j.ajcnut.2022.11.020
625,39339738,Phuong-NguyenK_2024,The Impact of Yoyo Dieting and Resistant Starch on Weight Loss and Gut Microbiome in C57Bl/6 Mice,,,,,,,,,,,,,N,Excluded Cohort Type,https://doi.org/10.3390/nu16183138
624,39333601,PihelgasS_2024,The gut microbiota of healthy individuals remains resilient in response to the consumption of various dietary fibers,12.0,NO,Β-glucan vs Red vs Green vs Rye bran,7.7,,3.0,1.0,NO,,,,,N,Excluded Cohort Type,https://doi.org/10.1038/s41598-024-72673-9
549,38384431,PihelgasS_2024,Short-term pectin-enriched smoothie consumption has beneficial effects on the gut microbiota of low-fiber consumers,9.0,NO,Pectin,11.6,,3.0,,,,,,,N,Excluded Cohort Type,https://doi.org/10.1093/femsmc/xtae001
687,40207550,PletschEA_2025,"A type 4 resistant potato starch alters the cecal microbiome, gene expression and resistance to colitis in mice fed a Western diet based on NHANES data",,,,,,,,,,,,,N,Excluded Cohort Type,https://doi.org/10.1039/d4fo04697h
710,40541587,PletschEA_2025,"Broccoli consumption alters microbial diversity, metatranscriptome and host transcriptome in mice fed a Total Western Diet",,,,,,,,,,,,,N,Excluded Cohort Type,https://doi.org/10.1016/j.tjnut.2025.05.041
205,31638838,PolitoR_2020,Nutritional factors influencing plasma adiponectin levels: results from a randomised controlled study with whole-grain cereals,,,,,,,,,,,,,N,Data Not Available,https://doi.org/10.1080/09637486.2019.1680959
486,37156688,PoloTCF_2023,Intestinal microbiome characterization of adult Brazilian men with psoriasis compared to omnivore and vegetarian controls,,,,,,,,,,,,,N,Invasive Disease / Treatment,https://doi.org/10.1016/j.abd.2022.08.008
495,37324737,ProcházkováN_2023,Effects of a wholegrain-rich diet on markers of colonic fermentation and bowel function and their associations with the gut microbiome: a randomised controlled cross-over trial,50.0,,,,,,,,,,,,N,Not Fiber Intervention,https://doi.org/10.3389/fnut.2023.1187165
477,37039638,Puértolas-BalintF_2023,Intestinal α-Defensins Play a Minor Role in Modulating the Small Intestinal Microbiota Composition as Compared to Diet,,,,,,,,,,,,,N,Excluded Cohort Type,https://doi.org/10.1128/spectrum.00567-23
633,39391015,PughJE_2024,"Increase in colonic PRopionate as a method of prEVENTing weight gain over 12 months in adults aged 20-40 years (iPREVENT): a multi-centre, double-blind, randomised, parallel-group trial",,,,,,,,,,,,,N,Not Fiber Intervention,https://doi.org/10.1016/j.eclinm.2024.102844
8,22223580,PyraKA_2012,Prebiotic fiber increases hepatic acetyl CoA carboxylase phosphorylation and suppresses glucose-dependent insulinotropic polypeptide secretion more effectively when used with metformin in obese rats,,,,,,,,,,,,,N,Excluded Cohort Type,https://doi.org/10.3945/jn.111.147132
696,40401157,QiuH_2024,Diet-Microbiome Interactions Influence Lung Function in Chronic Obstructive Pulmonary Disease,,,,,,,,,,,,,N,Invasive Disease / Treatment,https://doi.org/10.3389/frmbi.2024.1426150
520,37884972,QuagebeurR_2023,"The role of short-chain fatty acids (SCFAs) in regulating stress responses, eating behavior, and nutritional state in anorexia nervosa: protocol for a randomized controlled trial",,,,,,,,,,,,,N,Not Fiber Intervention,https://doi.org/10.1186/s40337-023-00917-6
100,28806487,QuerciaS_2017,Gut microbiome response to short-term dietary interventions in reactive hypoglycemia subjects,12.0,Reactive Hypoglicemia,Ma-Pi,,,0.42,,,,,,,N,Invasive Disease / Treatment,https://doi.org/10.1002/dmrr.2927
390,35369018,RajDS_2021,The Microbiome and p-Inulin in Hemodialysis: A Feasibility Study,,,,,,,,,,,,,N,Invasive Disease / Treatment,https://doi.org/10.34067/KID.0006132020
405,35614185,RanaivoH_2022,Chitin-glucan supplementation improved postprandial metabolism and altered gut microbiota in subjects at cardiometabolic risk in a randomized trial,15.0,NO,Chitin-glucan,4.5,,3.0,,,,,,,N,Excluded Cohort Type,https://doi.org/10.1038/s41598-022-12920-z
383,35311446,RanaivoH_2022,Increasing the diversity of dietary fibers in a daily-consumed bread modifies gut microbiota and metabolic profile in subjects at cardiometabolic risk,,,,,,,,,,,,PRJEB48663,N,Poor Sequencing Quality,https://doi.org/10.1080/19490976.2022.2044722
302,33847600,RatajczakW_2021,Alterations in fecal short chain fatty acids (SCFAs) and branched short-chain fatty acids (BCFAs) in men with benign prostatic hyperplasia (BPH) and metabolic syndrome (MetS),,,,,,,,,,,,,N,Not Fiber Intervention,https://doi.org/10.18632/aging.202968
14,23271615,Ravn-HarenG_2013,Intake of whole apples or clear apple juice has contrasting effects on plasma lipids in healthy volunteers,,,,,,,,,,,,,N,Not Fiber Intervention,https://doi.org/10.1007/s00394-012-0489-z
53,26424589,RebelloCJ_2015,Gastrointestinal microbiome modulator improves glucose tolerance in overweight and obese subjects: A randomized controlled pilot trial,,,,,,,,,,,,,N,Data Not Available,https://doi.org/10.1016/j.jdiacomp.2015.08.023
491,37225579,RebeloLR_2023,"Effects of corn silage and grain expressing α-amylase on ruminal nutrient digestibility, microbial protein synthesis, and enteric methane emissions in lactating cows",,,,,,,,,,,,,N,Excluded Cohort Type,https://doi.org/10.3168/jds.2022-22770
484,37111144,RehnerJ_2023,The Effect of a Planetary Health Diet on the Human Gut Microbiome: A Descriptive Analysis,41.0,NO,Vegan + Planetary health,0.0,General Fibers,12.0,3.0,NO,Germany,Europe,YES,YES,Y,Shotgun,https://doi.org/10.3390/nu15081924
238,32354152,ReiderSJ_2020,Prebiotic Effects of Partially Hydrolyzed Guar Gum on the Composition and Function of the Human Microbiota-Results from the PAGODA Trial,20.0,,Partially hydrolyzed guar gum,15.0,,3.0,,,,,,,N,Excluded Cohort Type,https://doi.org/10.3390/nu12051257
99,28730743,ReimerRA_2017,Inulin-type fructans and whey protein both modulate appetite but only fructans alter gut microbiota in adults with overweight/obesity: A randomized controlled trial,26.0,Overweight,Inulin,14.0,,9.0,4.0,NO,52.0,,,,N,Data Not Available,https://doi.org/10.1002/mnfr.201700484
234,32320024,ReimerRA_2020,Effect of chicory inulin-type fructan-containing snack bars on the human gut microbiota in low dietary fiber consumers in a randomized crossover trial,50.0,NO,Inulin,7,,4.0,,,,,,,N,Data Not Available,https://doi.org/10.1093/ajcn/nqaa074
254,32642971,ReimerRA_2021,Effect of a functional fibre supplement on glycemic control when added to a year-long medically supervised weight management program in adults with type 2 diabetes,,,,,,,,,,,,,N,Not Fiber Intervention,https://doi.org/10.1007/s00394-020-02328-8
527,38035748,ReynoldsAN_2023,Healthy grocery delivery in the usual care for adults recovering from an acute coronary event: protocol for a three-arm randomised controlled trial,,,,,,,,,,,,,N,Invasive Disease / Treatment,https://doi.org/10.1136/bmjopen-2023-074278
325,34315522,Rhys-JonesD_2021,Microbial Interventions to Control and Reduce Blood Pressure in Australia (MICRoBIA): rationale and design of a double-blinded randomised cross-over placebo controlled trial,,,,,,,,,,,,,N,Not Fiber Intervention,https://doi.org/10.1186/s13063-021-05468-2
596,39011855,RibeiroRV_2024,Rapid benefits in older age from transition to whole food diet regardless of protein source or fat to carbohydrate ratio: Arandomised control trial,,,,,,,,,,,,,N,Not Fiber Intervention,https://doi.org/10.1111/acel.14276
721,40737758,Rio-AigeK_2025,Maternal diet shapes infant microbiota and defensive capacity against infections in early life via differential human milk composition,,,,,,,,,,,,,N,Excluded Cohort Type,https://doi.org/10.1016/j.ebiom.2025.105850
663,39840468,RMuralitharanR_2025,Gut Microbiota Metabolites Sensed by Host GPR41/43 Protect Against Hypertension,,,,,,,,,,,,,N,Not Fiber Intervention,https://doi.org/10.1161/CIRCRESAHA.124.325770
109,29097438,RoagerHM_2019,Whole grain-rich diet reduces body weight and systemic low-grade inflammation without inducing major changes of the gut microbiome: a randomised cross-over trial,60.0,NO,Whole grain,33.0,Arabinoxylan + RS2,22.0,2.0,YES,Denmark,Europe,PRJNA395744,YES,Y,Shotgun,https://doi.org/10.1136/gutjnl-2017-314786
226,32138793,RodriguesVCDC_2020,Modulation of the intestinal microbiota and the metabolites produced by the administration of ice cream and a dietary supplement containing the same probiotics,,,,,,,,,,,,,N,Not Fiber Intervention,https://doi.org/10.1017/S0007114520000896
263,32893709,RodriguezJ_2020,Metabolite profiling reveals the interaction of chitin-glucan with the gut microbiota,15.0,NO,Chitin-glucan,4.5,,3.0,,,,,,,N,Excluded Cohort Type,https://doi.org/10.1080/19490976.2020.1810530
222,32041744,RodriguezJ_2020,Discovery of the gut microbial signature driving the efficacy of prebiotic intervention in obese patients,,,,,,,,,,,,,N,Excluded Cohort Type,https://doi.org/10.1136/gutjnl-2019-319726
388,35351144,RodriguezJ_2022,Physical activity enhances the improvement of body mass index and metabolism by inulin: a multicenter randomized placebo-controlled trial performed in obese individuals,59.0,Overweight,16g Inulin + physical activity vs maltodextrin + physical activity vs w/o PA,,,12.0,2.0,NO,190.0,,PRJNA595949,YES,N,Invasive Disease / Treatment,https://doi.org/10.1186/s12916-022-02299-z
655,39733508,RomoEZ_2025,"A low-dose prebiotic fiber supplement reduces lipopolysaccharide-binding protein concentrations in a subgroup of young, healthy adults consuming low-fiber diets",,,,,,,,,,,,,N,Data Not Available,https://doi.org/10.1016/j.nutres.2024.11.013
480,37083461,RosasMJr_2023,"Effects of Mixed Nut Consumption on Blood Glucose, Insulin, Satiety, and the Microbiome in a Healthy Population: A Pilot Study",20.0,,Nuts,42.0,,3.0,,,,,,,N,Excluded Cohort Type,https://doi.org/10.1089/jmf.2022.0121
20,23616503,RossAB_2013,A whole-grain-rich diet reduces urinary excretion of markers of protein catabolism and gut microbiota metabolism in healthy men after one week,,,,,,,,,,,,,N,Excluded Cohort Type,https://doi.org/10.3945/jn.112.172197
718,40696747,RothB_2025_2025,Intake of fiber and micronutrients in patients with IBS,,,,,,,,,,,,,N,Invasive Disease / Treatment,https://doi.org/10.1080/00365521.2025.2535721
432,36165644,RubinIMC_2022,"Synbiotic Intervention with Lactobacilli, Bifidobacteria, and Inulin in Healthy Volunteers Increases the Abundance of Bifidobacteria but Does Not Alter Microbial Diversity",,,,,,,,,,,,,N,Not Fiber Intervention,https://doi.org/10.1128/aem.01087-22
246,32576228,SadeghiO_2020,"Effects of soy milk consumption on gut microbiota, inflammatory markers, and disease severity in patients with ulcerative colitis: a study protocol for a randomized clinical trial",,,,,,,,,,,,,N,Not Fiber Intervention,https://doi.org/10.1186/s13063-020-04523-8
690,40312033,SahranNF_2025,"Effects of Traditional Asian Diet on dietary fibre requirement, gut microbiome composition, and faecal and urine metabolomes in healthy Asian women: a pilot study",,,,,,,,,,,,,N,Not Fiber Intervention,https://doi.org/10.1163/18762891-bja00074
465,36881180,SaitoY_2023,"Defecation status, intestinal microbiota, and habitual diet are associated with the fecal bile acid composition: a cross-sectional study in community-dwelling young participants",,,,,,,,,,,,,N,Not Fiber Intervention,https://doi.org/10.1007/s00394-023-03126-8
563,38631185,SalamatS_2024,"Multi-species synbiotic supplementation increased fecal short chain fatty acids and anti-inflammatory cytokine interleukin-10 in adult men with dyslipidemia; A randomized, double-blind, clinical trial",,,,,,,,,,,,,N,Not Fiber Intervention,https://doi.org/10.1016/j.cyto.2024.156608
568,38684660,SalamatS_2025,"Effects of multi-species synbiotic supplementation on circulating miR-27a, miR-33a levels and lipid parameters in adult men with dyslipidaemia; a randomised, double-blind, placebo-controlled clinical trial",,,,,,,,,,,,,N,Not Fiber Intervention,https://doi.org/10.1017/S0007114524000886
580,38868374,SalavatiSchmitzS_2024,"Microbiota of healthy dogs demonstrate a significant decrease in richness and changes in specific bacterial groups in response to supplementation with resistant starch, but not psyllium or methylcellulose, in a randomized cross-over trial",,,,,,,,,,,,,N,Excluded Cohort Type,https://doi.org/10.1099/acmi.0.000774.v4
32,24969566,SalazarN_2015,Inulin-type fructans modulate intestinal Bifidobacterium species populations and decrease fecal short-chain fatty acids in obese women,15.0,Overweight,Inulin,16.0,,3.0,2.0,NO,,,NO,,N,Data Not Available,https://doi.org/10.1016/j.clnu.2014.06.001
30,24763370,SalonenA_2014,Impact of diet and individual variation on intestinal microbiota composition and fermentation products in obese men,,,,,,,,,,,,,N,Data Not Available,https://doi.org/10.1038/ismej.2014.63
236,32340138,Sánchez-TapiaM_2020,Consumption of Cooked Black Beans Stimulates a Cluster of Some Clostridia Class Bacteria Decreasing Inflammatory Response and Improving Insulin Sensitivity,,,,,,,,,,,,,N,Excluded Cohort Type,https://doi.org/10.3390/nu12041182
136,30046942,SandbergJ_2019,Abundance of gut Prevotella at baseline and metabolic response to barley prebiotics,,,,,,,,,,,,,N,Data Not Available,https://doi.org/10.1007/s00394-018-1788-9
426,36067589,SappPA_2022,Peanuts as a nighttime snack enrich butyrate-producing bacteria compared to an isocaloric lower-fat higher-carbohydrate snack in adults with elevated fasting glucose: A randomized crossover trial,50.0,Overweight,Peanuts,28.0,,6.0,,,,,,,N,Data Not Available,https://doi.org/10.1016/j.clnu.2022.08.004
110,29118761,SaresellaM_2017,Immunological and Clinical Effect of Diet Modulation of the Gut Microbiome in Multiple Sclerosis Patients: A Pilot Study,,,,,,,,,,,,,N,Invasive Disease / Treatment,https://doi.org/10.3389/fimmu.2017.01391
248,32599833,SasakiH_2020,"Combinatorial Effects of Soluble, Insoluble, and Organic Extracts from Jerusalem Artichokes on Gut Microbiota in Mice",,,,,,,,,,,,,N,Excluded Cohort Type,https://doi.org/10.3390/microorganisms8060954
83,28208609,SawickiCM_2017,Dietary Fiber and the Human Gut Microbiota: Application of Evidence Mapping Methodology,,,,,,,,,,,,,N,Not Fiber Intervention,https://doi.org/10.3390/nu9020125
326,34335609,SchäferAL_2021,Low Dietary Fiber Intake Links Development of Obesity and Lupus Pathogenesis,,,,,,,,,,,,,N,Not Fiber Intervention,https://doi.org/10.3389/fimmu.2021.696810
411,35679822,SchmidtTM_2022,Stitching together a healthy gut microbiome with fiber,,,,,,,,,,,,,N,Not Fiber Intervention,https://doi.org/10.1016/j.chom.2022.05.007
508,37658064,SchoelerM_2023,The interplay between dietary fatty acids and gut microbiota influences host metabolism and hepatic steatosis,,,,,,,,,,,,,N,Not Fiber Intervention,https://doi.org/10.1038/s41467-023-41074-3
115,29276171,SchroederBO_2018,Bifidobacteria or Fiber Protects against Diet-Induced Microbiota-Mediated Colonic Mucus Deterioration,,,,,,,,,,,,,N,Excluded Cohort Type,https://doi.org/10.1016/j.chom.2017.11.004
156,30541093,SchutteS_2018,"A 12-wk whole-grain wheat intervention protects against hepatic fat: the Graandioos study, a randomized trial in overweight subjects",25,Overweight,Whole grain,,,12.0,,,,,,,N,Data Not Available,https://doi.org/10.1093/ajcn/nqy204
258,32728880,Selma-RoyoM_2021,Maternal diet during pregnancy and intestinal markers are associated with early gut microbiota,,,,,,,,,,,,,N,Not Fiber Intervention,https://doi.org/10.1007/s00394-020-02337-7
24,24089227,ShaoF_2013,Effect of microbiological and immunological enteral nutrition on intestinal function and immune status in the patients with long-term use of antibiotics,,,,,,,,,,,,,N,Invasive Disease / Treatment,https://doi.org/
164,30631318,ShaoL_2018,Disorganized Gut Microbiome Contributed to Liver Cirrhosis Progression: A Meta-Omics-Based Study,,,,,,,,,,,,,N,Not Fiber Intervention,https://doi.org/10.3389/fmicb.2018.03166
636,39455990,SharmaDK_2024,"The effect of prebiotic fibre on the gut microbiome and surgical outcomes in patients with prosthetic joint infection (PENGUIN) - study protocol for a randomised, double-blind, placebo-controlled trial (ACTRN12623001273673)",,,,,,,,,,,,,N,Data Not Available,https://doi.org/10.1186/s12937-024-01034-z
71,27461523,SheflinAM_2017,Dietary supplementation with rice bran or navy bean alters gut bacterial metabolism in colorectal cancer survivors,,,,,,,,,,,,,N,Invasive Disease / Treatment,https://doi.org/10.1002/mnfr.201500905
497,37403052,ShigetaM_2023,Matcha green tea beverage moderates fatigue and supports resistance training-induced adaptation,,,,,,,,,,,,,N,Invasive Disease / Treatment,https://doi.org/10.1186/s12937-023-00859-4
225,32127019,ShiH_2020,Supplement of microbiota-accessible carbohydrates prevents neuroinflammation and cognitive decline by improving the gut microbiota-brain axis in diet-induced obese mice,,,,,,,,,,,,,N,Excluded Cohort Type,https://doi.org/10.1186/s12974-020-01760-1
319,34226572,ShimadaY_2021,Rhamnan sulphate from green algae Monostroma nitidum improves constipation with gut microbiome alteration in double-blind placebo-controlled trial,,,,,,,,,,,,,N,Excluded Cohort Type,https://doi.org/10.1038/s41598-021-92459-7
127,29757949,ShimizuT_2018,Effects of Dietary Intake of Japanese Mushrooms on Visceral Fat Accumulation and Gut Microbiota in Mice,,,,,,,,,,,,,N,Excluded Cohort Type,https://doi.org/10.3390/nu10050610
229,32154946,ShinC_2020,Plasma Short-Chain Fatty Acids in Patients With Parkinson's Disease,,,,,,,,,,,,,N,Not Fiber Intervention,https://doi.org/10.1002/mds.28016
260,32784883,ShindeT_2020,Modulating the Microbiome and Immune Responses Using Whole Plant Fibre in Synbiotic Combination with Fibre-Digesting Probiotic Attenuates Chronic Colonic Inflammation in Spontaneous Colitic Mice Model of IBD,,,,,,,,,,,,,N,Excluded Cohort Type,https://doi.org/10.3390/nu12082380
376,35267303,Silva-AdameMB_2022,Agavins Impact on Gastrointestinal Tolerability-Related Symptoms during a Five-Week Dose-Escalation Intervention in Lean and Obese Mexican Adults: Exploratory Randomized Clinical Trial,,,,,,,,,,,,,N,Data Not Available,https://doi.org/10.3390/foods11050670
15,23343669,SimõesCD_2013,Habitual dietary intake is associated with stool microbiota composition in monozygotic twins,,,,,,,,,,,,,N,Not Fiber Intervention,https://doi.org/10.3945/jn.112.166322
430,36138151,SimpsonRC_2022,Diet-driven microbial ecology underpins associations between cancer immunotherapy outcomes and the gut microbiome,,,,,,,,,,,,,N,Not Fiber Intervention,https://doi.org/10.1038/s41591-022-01965-2
424,36060782,SindiAS_2022,Effect of a reduced fat and sugar maternal dietary intervention during lactation on the infant gut microbiome,,,,,,,,,,,,,N,Not Fiber Intervention,https://doi.org/10.3389/fmicb.2022.900702
385,35317277,SitkinS_2022,"Gastrointestinal microbiome and Helicobacter pylori: Eradicate, leave it as it is, or take a personalized benefit-risk approach?",,,,,,,,,,,,,N,Not Fiber Intervention,https://doi.org/10.3748/wjg.v28.i7.766
31,24933989,SitkinSI_2013,[Serum metabolome by gas chromatography-mass spectrometry (GC-MS) in patients with ulcerative colitis and celiac disease],,,,,,,,,,,,,N,Not Fiber Intervention,https://doi.org/
137,30048547,SloanTJ_2018,A low FODMAP diet is associated with changes in the microbiota and reduction in breath hydrogen but not colonic volume in healthy subjects,19.0,NO,Inulin + Low FODMAP Diet,,,,,,,,,,N,Invasive Disease / Treatment,https://doi.org/10.1371/journal.pone.0201410
391,35392294,SmithAD_2022,Resistant Potato Starch Alters the Cecal Microbiome and Gene Expression in Mice Fed a Western Diet Based on NHANES Data,,,,,,,,,,,,,N,Excluded Cohort Type,https://doi.org/10.3389/fnut.2022.782667
553,38439638,SmithAD_2024,A type 4 resistant potato starch alters the cecal microbiome and gene expression in mice fed a western diet based on NHANES data,,,,,,,,,,,,,N,Excluded Cohort Type,https://doi.org/10.1039/d3fo04512a
283,33499961,SnellingTJ_2019,"Temporal stability of the rumen microbiota in beef cattle, and response to diet and supplements",,,,,,,,,,,,,N,Excluded Cohort Type,https://doi.org/10.1186/s42523-019-0018-y
403,35599627,SnelsonM_2022,Microbial influencers: treating diabetes through the gut,,,,,,,,,,,,,N,Not Fiber Intervention,https://doi.org/10.1111/imcb.12558
556,38481512,SohnMB_2023,Targeting Gut Microbiome With Prebiotic in Patients With CKD: The TarGut-CKD Study,,,,,,,,,,,,,N,Invasive Disease / Treatment,https://doi.org/10.1016/j.ekir.2023.12.017
496,37367492,SongH_2023,Red Ginseng Dietary Fiber Shows Prebiotic Potential by Modulating Gut Microbiota in Dogs,,,,,,,,,,,,,N,Excluded Cohort Type,https://doi.org/10.1128/spectrum.00949-23
557,38485724,SongI_2024,Prebiotic inulin ameliorates SARS-CoV-2 infection in hamsters by modulating the gut microbiome,,,,,,,,,,,,,N,Excluded Cohort Type,https://doi.org/10.1038/s41538-024-00248-z
181,31026583,SongX_2019,Inulin Can Alleviate Metabolism Disorders in ob/ob Mice by Partially Restoring Leptin-related Pathways Mediated by Gut Microbiota,,,,,,,,,,,,,N,Excluded Cohort Type,https://doi.org/10.1016/j.gpb.2019.03.001
268,32992898,SonJ_2020,The Effect of Athletes' Probiotic Intake May Depend on Protein and Dietary Fiber Intake,,,,,,,,,,,,,N,Not Fiber Intervention,https://doi.org/10.3390/nu12102947
316,34199007,SorensenK_2021,The Use of an Amino Acid Formula Containing Synbiotics in Infants with Cow's Milk Protein Allergy-Effect on Clinical Outcomes,,,,,,,,,,,,,N,Not Fiber Intervention,https://doi.org/10.3390/nu13072205
345,34643089,SoSY_2021,Yeast β-glucan reduces obesity-associated Bilophila abundance and modulates bile acid metabolism in healthy and high-fat diet mouse models,,,,,,,,,,,,,N,Excluded Cohort Type,https://doi.org/10.1152/ajpgi.00226.2021
380,35287713,SowahSA_2022,Calorie restriction improves metabolic state independently of gut microbiome composition: a randomized dietary intervention trial,,,,,,,,,,,,,N,Not Fiber Intervention,https://doi.org/10.1186/s13073-022-01030-0
357,34941392,SpencerCN_2021,Dietary fiber and probiotics influence the gut microbiome and melanoma immunotherapy response,,,,,,,,,,,,,N,Not Fiber Intervention,https://doi.org/10.1126/science.aaz7015
157,30555830,SperanzaE_2018,Fecal Short Chain Fatty Acids and Dietary Intake in Italian Women With Restrictive Anorexia Nervosa: A Pilot Study,,,,,,,,,,,,,N,Not Fiber Intervention,https://doi.org/10.3389/fnut.2018.00119
76,27810310,StenmanLK_2016,"Probiotic With or Without Fiber Controls Body Fat Mass, Associated With Serum Zonulin, in Overweight and Obese Adults-Randomized Controlled Trial",,,,,,,,,,,,,N,Not Fiber Intervention,https://doi.org/10.1016/j.ebiom.2016.10.036
448,36572703,StøK_2022,"Fecal level of butyric acid, a microbiome-derived metabolite, is increased in patients with severe carotid atherosclerosis",,,,,,,,,,,,,N,Not Fiber Intervention,https://doi.org/10.1038/s41598-022-26759-x
638,39471704,StougaardEB_2024,"Effects of probiotics and fibers on markers of nephropathy, inflammation, intestinal barrier dysfunction and endothelial dysfunction in individuals with type 1 diabetes and albuminuria. The ProFOS Study",,,,,,,,,,,,,N,Not Fiber Intervention,https://doi.org/10.1016/j.jdiacomp.2024.108892
483,37108484,StraussJC_2023,Weighted Gene Co-Expression Network Analysis Identifies a Functional Guild and Metabolite Cluster Mediating the Relationship between Mucosal Inflammation and Adherence to the Mediterranean Diet in Ulcerative Colitis,,,,,,,,,,,,,N,Not Fiber Intervention,https://doi.org/10.3390/ijms24087323
134,30018370,StullVJ_2018,"Impact of Edible Cricket Consumption on Gut Microbiota in Healthy Adults, a Double-blind, Randomized Crossover Trial",,,,,,,,,,,,,N,Not Fiber Intervention,https://doi.org/10.1038/s41598-018-29032-2
601,39065137,SuginoKY_2024,Distinct Plasma Metabolomic and Gut Microbiome Profiles after Gestational Diabetes Mellitus Diet Treatment: Implications for Personalized Dietary Interventions,,,,,,,,,,,,,N,Not Fiber Intervention,https://doi.org/10.3390/microorganisms12071369
478,37042787,SunC_2023,Fermented Bamboo Fiber Improves Productive Performance by Regulating Gut Microbiota and Inhibiting Chronic Inflammation of Sows and Piglets during Late Gestation and Lactation,,,,,,,,,,,,,N,Excluded Cohort Type,https://doi.org/10.1128/spectrum.04084-22
396,35525865,SunH_2022,A randomized controlled trial of the effects of whole grains versus refined grains diets on the microbiome in pregnancy,,,,,,,,,,,,,N,Invasive Disease / Treatment,https://doi.org/10.1038/s41598-022-11571-4
453,36683149,SunZ_2023,The Gut Microbiome Dynamically Associates with Host Glucose Metabolism throughout Pregnancy: Longitudinal Findings from a Matched Case-Control Study of Gestational Diabetes Mellitus,,,,,,,,,,,,,N,Not Fiber Intervention,https://doi.org/10.1002/advs.202205289
536,38151533,TagliamonteS_2024,Relationships between diet and gut microbiome in an Italian and Dutch cohort: does the dietary protein to fiber ratio play a role?,,,,,,,,,,,PRJNA832737,NO,N,Metadata not clear,https://doi.org/10.1007/s00394-023-03308-4
368,35107113,TaladridD_2022,Hypertension- and glycaemia-lowering effects of a grape-pomace-derived seasoning in high-cardiovascular risk and healthy subjects. Interplay with the gut microbiome,,,,,,,,,,,,,N,Not Fiber Intervention,https://doi.org/10.1039/d1fo03942c
123,29624599,TandonD_2018,A snapshot of gut microbiota of an adult urban population from Western region of India,,,,,,,,,,,,,N,Not Fiber Intervention,https://doi.org/10.1371/journal.pone.0195643
282,33440171,TanesC_2021,Role of dietary fiber in the recovery of the human gut microbiome and its metabolome,30.0,NO,Vegan,,,,,,,,,,N,Invasive Disease / Treatment,https://doi.org/10.1016/j.chom.2020.12.012
522,37942526,TanJ_2023,Functional profiling of gut microbial and immune responses toward different types of dietary fiber: a step toward personalized dietary interventions,28.0,NO,Inulin vs Vitafiber vs Fibremax,15.0,,1.0,2.0,YES,,,,,N,Excluded Cohort Type,https://doi.org/10.1080/19490976.2023.2274127
679,40036959,TanQ_2025,A Randomized Crossover Fiber Intervention Study in Prader-Willi Syndrome: Insights into Metabolic and Microbiota Shifts,,,,,,,,,,,,,N,Invasive Disease / Treatment,https://doi.org/10.1210/clinem/dgaf142
382,35304897,TaoY_2022,Incomplete degradation products of galactomannan from Sesbania cannabina modulated the cecal microbial community of laying hens,,,,,,,,,,,,,N,Excluded Cohort Type,https://doi.org/10.1093/jas/skac087
50,26235304,TapJ_2015,Gut microbiota richness promotes its stability upon increased dietary fibre intake in healthy adults,,,,,,,,,,,,,N,Data Not Available,https://doi.org/10.1111/1462-2920.13006
185,31144984,TashiroH_2019,Microbiota Contribute to Obesity-related Increases in the Pulmonary Response to Ozone,,,,,,,,,,,,,N,Not Fiber Intervention,https://doi.org/10.1165/rcmb.2019-0144OC
439,36417462,TatedaT_2022,"Evaluation of metabolic dysfunction-associated fatty liver disease using FibroScan, diet, and microbiota: A large cross-sectional study",,,,,,,,,,,,,N,Not Fiber Intervention,https://doi.org/10.1371/journal.pone.0277930
575,38745230,ThenCK_2024,Dietary fibre supplementation enhances radiotherapy tumour control and alleviates intestinal radiation toxicity,,,,,,,,,,,,,N,Invasive Disease / Treatment,https://doi.org/10.1186/s40168-024-01804-1
168,30734832,TheouO_2019,Can a Prebiotic Formulation Reduce Frailty Levels in Older People?,,,,,,,,,,,,,N,Data Not Available,https://doi.org/10.14283/jfa.2018.39
384,35312171,ThirionF_2022,"Diet Supplementation with NUTRIOSE, a Resistant Dextrin, Increases the Abundance of Parabacteroides distasonis in the Human Gut",,,,,,,,,,,,,N,Poor Sequencing Quality,https://doi.org/10.1002/mnfr.202101091
261,32805028,ThompsonSV_2021,Avocado Consumption Alters Gastrointestinal Bacteria Abundance and Microbial Metabolite Concentrations among Adults with Overweight or Obesity: A Randomized Controlled Trial,,,,,,,,,,,,,N,Not Fiber Intervention,https://doi.org/10.1093/jn/nxaa219
48,26102221,ThorburnAN_2015,Evidence that asthma is a developmental origin disease influenced by maternal diet and bacterial metabolites,,,,,,,,,,,,,N,Not Fiber Intervention,https://doi.org/10.1038/ncomms8320
441,36429265,ThrieneK_2022,Assessment of the Gut Microbiota during Juice Fasting with and without Inulin Supplementation: A Feasibility Study in Healthy Volunteers,,,,,,,,,,,,,N,Invasive Disease / Treatment,https://doi.org/10.3390/foods11223673
407,35633654,TianR_2022,Overall Structural Alteration of Gut Microbiota and Relationships with Risk Factors in Patients with Metabolic Syndrome Treated with Inulin Alone and with Other Agents: An Open-Label Pilot Study,20,Overweight,Inulin,,,24.0,,,,,,,N,Data Not Available,https://doi.org/10.1155/2022/2078520
502,37489647,TianS_2023,Refined fiber inulin promotes inflammation-associated colon tumorigenesis by modulating microbial succinate production,,,,,,,,,,,,,N,Excluded Cohort Type,https://doi.org/10.1002/cnr2.1863
331,34385825,TianT_2021,Effects of Short-Term Dietary Fiber Intervention on Gut Microbiota in Young Healthy People,12.0,NO,Polyglucan vs Inulin,,,,,,,,,,N,Excluded Cohort Type,https://doi.org/10.2147/DMSO.S313385
211,31848609,TindallAM_2020,"Walnuts and Vegetable Oils Containing Oleic Acid Differentially Affect the Gut Microbiota and Associations with Cardiovascular Risk Factors: Follow-up of a Randomized, Controlled, Feeding Trial in Adults at Risk for Cardiovascular Disease",,,,,,,,,,,,,N,Not Fiber Intervention,https://doi.org/10.1093/jn/nxz289
130,29889421,TkachenkoEI_2016,FUNCTIONAL FOODS ARE CRITICAL COMPONENTS OF TREATMENT OF METABOLIC DISORDERS IN CELIAC DISEASE,,,,,,,,,,,,,N,Not Fiber Intervention,https://doi.org/
172,30867067,TranTTT_2019,Prebiotic supplementation in frail older people affects specific gut microbiota taxa but not global diversity,,,,,,,,,,,,,N,Excluded Cohort Type,https://doi.org/10.1186/s40168-019-0654-1
576,38809796,TrushinaEN_2024,[Multi-strain probiotic combined with dietary fiber is an effective factor in the nutritional support of immunity in athletes],,,,,,,,,,,,,N,Not Fiber Intervention,https://doi.org/10.33029/0042-8833-2024-93-2-19-30
366,35095773,TsaiCY_2022,Gut Microbial Signatures for Glycemic Responses of GLP-1 Receptor Agonists in Type 2 Diabetic Patients: A Pilot Study,,,,,,,,,,,,,N,Not Fiber Intervention,https://doi.org/10.3389/fendo.2021.814770
560,38526814,TsaiCY_2023,Abundance of Prevotella copri in gut microbiota is inversely related to a healthy diet in patients with type 2 diabetes,,,,,,,,,,,,,N,Not Fiber Intervention,https://doi.org/10.38212/2224-6614.3484
128,29795366,TuomainenM_2018,"Associations of serum indolepropionic acid, a gut microbiota metabolite, with type 2 diabetes and low-grade inflammation in high-risk individuals",,,,,,,,,,,,,N,Not Fiber Intervention,https://doi.org/10.1038/s41387-018-0046-9
585,38897984,TuratiF_2024,Fiber-type prebiotics and gynecological and breast cancers risk: the PrebiotiCa study,,,,,,,,,,,,,N,Data Not Available,https://doi.org/10.1093/aje/kwae130
409,35643175,TurpinW_2022,Mediterranean-Like Dietary Pattern Associations With Gut Microbiome Composition and Subclinical Gastrointestinal Inflammation,,,,,,,,,,,,,N,Not Fiber Intervention,https://doi.org/10.1053/j.gastro.2022.05.037
155,30523432,UemuraM_2019,Obesity and mental health improvement following nutritional education focusing on gut microbiota composition in Japanese women: a randomised controlled trial,,,,,,,,,,,,,N,Not Fiber Intervention,https://doi.org/10.1007/s00394-018-1873-0
224,32103319,UlaszewskaMM_2020,"Two apples a day modulate human:microbiome co-metabolic processing of polyphenols, tyrosine and tryptophan",,,,,,,,,,,,,N,Not Fiber Intervention,https://doi.org/10.1007/s00394-020-02201-8
539,38247399,Unión-CaballeroA_2024,"Metabolome biomarkers linking dietary fibre intake with cardiometabolic effects: results from the Danish Diet, Cancer and Health-Next Generations MAX study",,,,,,,,,,,,,N,Not Fiber Intervention,https://doi.org/10.1039/d3fo04763f
423,36059088,Vaghef-MehrabaniE_2023,Effects of inulin supplementation on inflammatory biomarkers and clinical symptoms of women with obesity and depression on a calorie-restricted diet: a randomised controlled clinical trial,,,,,,,,,,,,,N,Data Not Available,https://doi.org/10.1017/S000711452200232X
523,37951975,VajdiM_2023,"Effect of inulin supplementation on clinical symptoms, inflammatory and oxidative stress markers in women with migraine: study protocol for a randomized clinical trial",,,,,,,,,,,,,N,Data Not Available,https://doi.org/10.1186/s13063-023-07765-4
716,40692549,vandenBeltM_2025_2025,Randomised controlled trial: nutritional supplements to relieve irritable bowel syndrome symptoms by targeting the gut microbiota,,,,,,,,,,,,,N,Invasive Disease / Treatment,https://doi.org/10.1017/jns.2025.10021
630,39378660,vandePutM_2024,Rationale and design of a randomized placebo-controlled nutritional trial embracing a citizen science approach,,,,,,,,,,,,,N,Not Fiber Intervention,https://doi.org/10.1016/j.nutres.2024.07.008
84,28213610,VandeputteD_2017,Prebiotic inulin-type fructans induce specific changes in the human gut microbiota,44.0,Constipation,Inulin,12.0,,4.0,,,,,,,N,Invasive Disease / Treatment,https://doi.org/10.1136/gutjnl-2016-313271
132,29953876,vanderBeekCM_2018,The prebiotic inulin improves substrate metabolism and promotes short-chain fatty acid production in overweight to obese men,,,,,,,,,,,,,N,Data Not Available,https://doi.org/10.1016/j.metabol.2018.06.009
303,33920059,vanderMerweM_2021,"The Impact of a Dried Fruit and Vegetable Supplement and Fiber Rich Shake on Gut and Health Parameters in Female Healthcare Workers: A Placebo-Controlled, Double-Blind, Randomized Clinical Trial",67.0,Overweight women,Dried fruid + vegetable concentrate -> meal replacement shake,,,20.0,2.0,NO,,,Requested,NO,N,Data Not Available,https://doi.org/10.3390/microorganisms9040843
82,28179226,VanegasSM_2017,Substituting whole grains for refined grains in a 6-wk randomized trial has a modest effect on gut microbiota and immune and inflammatory markers of healthy adults,,,,,,,,,,,,,N,Not Fiber Intervention,https://doi.org/10.3945/ajcn.116.146928
204,31636904,VanHeesHMJ_2019,Dietary fibre enrichment of supplemental feed modulates the development of the intestinal tract in suckling piglets,,,,,,,,,,,,,N,Excluded Cohort Type,https://doi.org/10.1186/s40104-019-0386-x
473,37013081,vanHeesHMJ_2022,Supplementing oat hulls to the diet of suckling piglets altered their intestinal tract and colonic microbiota development,,,,,,,,,,,,,N,Excluded Cohort Type,https://doi.org/10.1016/j.aninu.2022.10.002
707,40481968,vanIerselLEJ_2025,Characterizing gut microbial dysbiosis and exploring the effect of prebiotic fiber supplementation in patients with COPD,,,,,,,,,,,,,N,Invasive Disease / Treatment,https://doi.org/10.1007/s00394-025-03733-7
277,33188417,vanTrijpMPH_2021,Minor Changes in the Composition and Function of the Gut Microbiota During a 12-Week Whole Grain Wheat or Refined Wheat Intervention Correlate with Liver Fat in Overweight and Obese Adults,25,Overweight,Whole grain,98.0,,12.0,,,,,,,N,Data Not Available,https://doi.org/10.1093/jn/nxaa312
662,39806493,VartanianM_2025,Investigating the impact of microbiome-changing interventions on food decision-making: MIFOOD study protocol,30.0,Overweight,Inulin,30.0,,26.0,,,,,,,N,Data Not Available,https://doi.org/10.1186/s40795-024-00971-6
43,25490712,VaziriND_2014,"High amylose resistant starch diet ameliorates oxidative stress, inflammation, and progression of chronic kidney disease",,,,,,,,,,,,,N,Data Not Available,https://doi.org/10.1371/journal.pone.0114881
150,30396006,VelikonjaA_2019,Alterations in gut microbiota composition and metabolic parameters after dietary intervention with barley beta glucans in patients with high risk for metabolic syndrome development,43.0,Metabolic Syndrome,Bread with β-glucans,6.0,,,,,,,,,N,Data Not Available,https://doi.org/10.1016/j.anaerobe.2018.11.002
67,27357127,VenkataramanA_2016,Variable responses of human microbiomes to dietary supplementation with resistant starch,20.0,NO,RS2,24.0,RS2,1.5,1.0,NO,USA,North America,PRJNA306884,YES,Y,16s,https://doi.org/10.1186/s40168-016-0178-x
56,26706023,VetraniC_2016,Effects of whole-grain cereal foods on plasma short chain fatty acid concentrations in individuals with the metabolic syndrome,,,,,,,,,,,,,N,Data Not Available,https://doi.org/10.1016/j.nut.2015.08.006
327,34336953,VijayA_2021,Dietary Interventions Reduce Traditional and Novel Cardiovascular Risk Markers by Altering the Gut Microbiome and Their Metabolites,34.0,NO,Inulin,20.0,,6.0,,,,,,,N,Data Not Available,https://doi.org/10.3389/fcvm.2021.691564
482,37087279,Vily-PetitJ_2023,"Improvement of energy metabolism associated with NUTRIOSE® soluble fiber, a dietary ingredient exhibiting prebiotic properties, requires intestinal gluconeogenesis",,,,,,,,,,,,,N,Excluded Cohort Type,https://doi.org/10.1016/j.foodres.2023.112723
717,40692676,VirgiliJ_2025_2025,The effects of inorganic nitrate and inulin co-ingestion on circulating metabolites and blood pressure in young adults: a pilot double-blind randomised crossover trial,,,,,,,,,,,,,N,Data Not Available,https://doi.org/10.1017/gmb.2025.10008
146,30266729,VitalM_2018,Metagenomic Insights into the Degradation of Resistant Starch by Human Gut Microbiota,12.0,NO,RS2,48.0,RS2,,2.0,YES,USA,North America,PRJEB25954,YES,Y,Shotgun,https://doi.org/10.1128/aem.01562-18
106,28954842,VuholmS_2017,Whole-Grain Rye and Wheat Affect Some Markers of Gut Health without Altering the Fecal Microbiota in Healthy Overweight Adults: A 6-Week Randomized Trial,70.0,Overweight,Whole grain,,,6,,,,,,,N,Data Not Available,https://doi.org/10.3945/jn.117.250647
504,37587110,WalshLH_2023,"Comparison of the relative impacts of acute consumption of an inulin-enriched diet, milk kefir or a commercial probiotic product on the human gut microbiome and metabolome",29.0,NO,High inulin diet,7.0,Fructans,4.0,3.0,NO,UK,Europe,PRJEB26842,YES,Y,Shotgun,https://doi.org/10.1038/s41538-023-00216-z
21,23645316,WalterJ_2013,Holobiont nutrition: considering the role of the gastrointestinal microbiota in the health benefits of whole grains,,,,,,,,,,,,,N,Not Fiber Intervention,https://doi.org/10.4161/gmic.24707
347,34747479,WangDD_2022,The Gut Microbiome Modifies the Association Between a Mediterranean Diet and Diabetes in USA Hispanic/ Latino Population,,,,,,,,,,,,,N,Not Fiber Intervention,https://doi.org/10.1210/clinem/dgab815
247,32593968,WangH_2020,Soluble dietary fiber protects intestinal mucosal barrier by improving intestinal flora in a murine model of sepsis,,,,,,,,,,,,,N,Excluded Cohort Type,https://doi.org/10.1016/j.biopha.2020.110343
595,39010853,WangH_2024,"Effects of fucoidan and synbiotics supplementation during bismuth quadruple therapy of Helicobacter pylori infection on gut microbial homeostasis: an open-label, randomized clinical trial",,,,,,,,,,,,,N,Invasive Disease / Treatment,https://doi.org/10.3389/fnut.2024.1407736
75,27796317,WangJJ_2016,Sex differences in colonization of gut microbiota from a man with short-term vegetarian and inulin-supplemented diet in germ-free mice,,,,,,,,,,,,,N,Excluded Cohort Type,https://doi.org/10.1038/srep36137
605,39117122,WangK_2024,An Empirical Dietary Pattern Associated With the Gut Microbial Features in Relation to Colorectal Cancer Risk,,,,,,,,,,,,,N,Not Fiber Intervention,https://doi.org/10.1053/j.gastro.2024.07.040
321,34257649,WangX_2021,Dietary Supplementation with Inulin Modulates the Gut Microbiota and Improves Insulin Sensitivity in Prediabetes,49.0,Prediabetes,Inulin,15.0,,24.0,,,,,,,N,Invasive Disease / Treatment,https://doi.org/10.1155/2021/5579369
371,35185786,WangX_2022,High-Fiber Diet or Combined With Acarbose Alleviates Heterogeneous Phenotypes of Polycystic Ovary Syndrome by Regulating Gut Microbiota,,,,,,,,,,,,,N,Invasive Disease / Treatment,https://doi.org/10.3389/fendo.2021.806331
674,39987558,WangX_2025,Carbon dioxide enhances Akkermansia muciniphila fitness and anti-obesity efficacy in high-fat diet mice,,,,,,,,,,,,,N,Excluded Cohort Type,https://doi.org/10.1093/ismejo/wraf034
692,40346662,WangX_2025,A single-cell transcriptomic atlas of all cell types in the brain of 5xFAD Alzheimer mice in response to dietary inulin supplementation,,,,,,,,,,,,,N,Data Not Available,https://doi.org/10.1186/s12915-025-02230-x
513,37786251,WangY_2023,Diet and gut microbial associations in irritable bowel syndrome according to disease subtype,,,,,,,,,,,,,N,Not Fiber Intervention,https://doi.org/10.1080/19490976.2023.2262130
562,38613022,WangY_2024,"Swapping White for High-Fibre Bread Increases Faecal Abundance of Short-Chain Fatty Acid-Producing Bacteria and Microbiome Diversity: A Randomized, Controlled, Decentralized Trial",22.0,NO,Barley bread,40.0,,2.0,2.0,YES,,,,,N,Excluded Cohort Type,https://doi.org/10.3390/nu16070989
594,39008559,WangY_2024,"Dietary Acculturation Is Associated With Altered Gut Microbiome, Circulating Metabolites, and Cardiovascular Disease Risk in US Hispanics and Latinos: Results From HCHS/SOL",,,,,,,,,,,,,N,Not Fiber Intervention,https://doi.org/10.1161/CIRCULATIONAHA.124.069824
173,30876827,WanY_2020,"Unconjugated and secondary bile acid profiles in response to higher-fat, lower-carbohydrate diet and associated with related gut microbiota: A 6-month randomized controlled-feeding trial",,,,,,,,,,,,,N,Not Fiber Intervention,https://doi.org/10.1016/j.clnu.2019.02.037
288,33579683,WardaAK_2021,A postbiotic consisting of heat-treated lactobacilli has a bifidogenic effect in pure culture and in human fermented faecal communities,,,,,,,,,,,,,N,Not Fiber Intervention,https://doi.org/10.1128/AEM.02459-20
320,34256014,WastykHC_2021,Gut-microbiota-targeted diets modulate human immune status,36.0,NO,High Fiber,20.0,General Fibers,18.0,2.0,NO,USA,North America,PRJNA743361,YES,Y,Shotgun,https://doi.org/10.1016/j.cell.2021619
574,38735707,WatanabeH_2024,Changes in intestinal microbiota and biochemical parameters in patients with inflammatory bowel disease and irritable bowel syndrome induced by the prolonged addition of soluble fibers to usual drug therapy,,,,,,,,,,,,,N,Invasive Disease / Treatment,https://doi.org/10.2152/jmi.71.121
207,31680713,WatsonAW_2019,"Changes in stool frequency following chicory inulin consumption, and effects on stool consistency, quality of life and composition of gut microbiota",30.0,NO,Inulin,10.0,,5.0,,,,,,,N,Data Not Available,https://doi.org/10.1016/j.foodhyd.2019.06.006
274,33151059,WengCY_2020,Rapid Quantification of Gut Microbial Short-Chain Fatty Acids by pDART-MS,,,,,,,,,,,,,N,Not Fiber Intervention,https://doi.org/10.1021/acs.analchem.0c03862
294,33684031,WesenerDA_2021,Microbiota functional activity biosensors for characterizing nutrient metabolism in vivo,,,,,,,,,,,,,N,Not Fiber Intervention,https://doi.org/10.7554/eLife.64478
355,34910161,WilliamsCJ_2022,"Oligofructose-Enriched Inulin Intake, Gut Microbiome Characteristics, and the V̇O2 Peak Response to High-Intensity Interval Training in Healthy Inactive Adults",,,,,,,,,,,,,N,Data Not Available,https://doi.org/10.1093/jn/nxab426
658,39779854,WonTH_2025,Host metabolism balances microbial regulation of bile acid signalling,,,,,,,,,,,,,N,Not Fiber Intervention,https://doi.org/10.1038/s41586-024-08379-9
436,36230460,WróblewskaP_2022,Effect of Oat Hull as a Source of Insoluble Dietary Fibre on Changes in the Microbial Status of Gastrointestinal Tract in Broiler Chickens,,,,,,,,,,,,,N,Excluded Cohort Type,https://doi.org/10.3390/ani12192721
195,31417546,WuC_2019,Modulation of Gut Microbiota by Low Methoxyl Pectin Attenuates Type 1 Diabetes in Non-obese Diabetic Mice,,,,,,,,,,,,,N,Excluded Cohort Type,https://doi.org/10.3389/fimmu.2019.01733
631,39378879,WuG_2024,A core microbiome signature as an indicator of health,,,,,,,,,,,,,N,Not Fiber Intervention,https://doi.org/10.1016/j.cell.2024.09.019
6,21885731,WuGD_2011,Linking long-term dietary patterns with gut microbial enterotypes,,,,,,,,,,,,,N,Not Fiber Intervention,https://doi.org/10.1126/science.1208344
354,34888663,WuKC_2022,Prebiotic to Improve Calcium Absorption in Postmenopausal Women After Gastric Bypass: A Randomized Controlled Trial,,,,,,,,,,,,,N,Invasive Disease / Treatment,https://doi.org/10.1210/clinem/dgab883
703,40470242,WulczynskiM_2025,Small intestinal microbial fiber metabolism dysfunction in celiac disease,,,,,,,,,,,,,N,Not Fiber Intervention,https://doi.org/10.21203/rs.3.rs-6572358/v1
664,39843443,WuX_2025,A legume-enriched diet improves metabolic health in prediabetes mediated through gut microbiome: a randomized controlled trial,,,,,,,,,,,,,N,Metadata not clear,https://doi.org/10.1038/s41467-025-56084-6
450,36642358,XieQ_2023,The high dose of inulin exacerbated food allergy through the excess accumulation of short-chain fatty acids in a BABL/c mouse model,,,,,,,,,,,,,N,Excluded Cohort Type,https://doi.org/10.1016/j.ijbiomac.2023.123234
462,36855809,XiongQ_2023,The Effect of Inulin-Type Fructans on Plasma Trimethylamine N-Oxide Levels in Peritoneal Dialysis Patients: A Randomized Crossover Trial,22.0,Peritoneal dialysis,10g inulin type fructans -> maltodextrin,,,9.0,2.0,YES,,,Requested,NO,N,Data Not Available,https://doi.org/10.1002/mnfr.202200531
310,34090773,XueY_2021,The effect of dietary fiber (oat bran) supplement on blood pressure in patients with essential hypertension: A randomized controlled trial,,,,,,,,,,,,,N,Not Fiber Intervention,https://doi.org/10.1016/j.numecd.2021.04.013
45,25623312,XuL_2014,[Clinical benefits after soluble dietary fiber supplementation: a randomized clinical trial in adults with slow-transit constipation],,,,,,,,,,,,,N,Data Not Available,https://doi.org/
196,31480207,XuS_2019,Microbial Mechanistic Insights into the Role of Sweet Potato Vine on Improving Health in Chinese Meishan Gilt Model,,,,,,,,,,,,,N,Excluded Cohort Type,https://doi.org/10.3390/ani9090632
28,24711120,YamadaT_2015,Rapid and Sustained Long-Term Decrease of Fecal Short-Chain Fatty Acids in Critically Ill Patients With Systemic Inflammatory Response Syndrome,,,,,,,,,,,,,N,Not Fiber Intervention,https://doi.org/10.1177/0148607114529596
81,28166278,YamashiroK_2017,Gut dysbiosis is associated with metabolism and systemic inflammation in patients with ischemic stroke,,,,,,,,,,,,,N,Not Fiber Intervention,https://doi.org/10.1371/journal.pone.0171521
404,35611116,YanckelloLM_2022,Inulin Supplementation Mitigates Gut Dysbiosis and Brain Impairment Induced by Mild Traumatic Brain Injury during Chronic Phase,,,,,,,,,,,,,N,Excluded Cohort Type,https://doi.org/10.33696/immunology.4.132
455,36756543,YanckelloLM_2022,"Inulin supplementation prior to mild traumatic brain injury mitigates gut dysbiosis, and brain vascular and white matter deficits in mice",,,,,,,,,,,,,N,Excluded Cohort Type,https://doi.org/10.3389/frmbi.2022.986951
545,38342528,YangD_2024,Prevention of high-fat-diet-induced obesity in mice by soluble dietary fiber from fermented and unfermented millet bran,,,,,,,,,,,,,N,Excluded Cohort Type,https://doi.org/10.1016/j.foodres.2024.113974
58,26731528,YangJ_2016,Disparate Metabolic Responses in Mice Fed a High-Fat Diet Supplemented with Maize-Derived Non-Digestible Feruloylated Oligo- and Polysaccharides Are Linked to Changes in the Gut Microbiota,,,,,,,,,,,,,N,Excluded Cohort Type,https://doi.org/10.1371/journal.pone.0146144
351,34836220,YangJ_2021,Effect of Standardized Grape Powder Consumption on the Gut Microbiome of Healthy Subjects: A Pilot Study,,,,,,,,,,,,,N,Not Fiber Intervention,https://doi.org/10.3390/nu13113965
620,39286985,YangJ_2024,"Prebiotics improve frailty status in community-dwelling older individuals in a double-blind, randomized, controlled trial",51.0,Frailty,Inulin,15.0,,,,,,,,,N,Data Not Available,https://doi.org/10.1172/JCI176507
571,38701375,YangN_2024,The synergistic impact of probiotics and dietary fiber on constipation management in chlorpromazine-induced schizophrenia patients: exploring the modulation of intestinal microbiota and neurotrophic factors,,,,,,,,,,,,,N,Not Fiber Intervention,https://doi.org/10.1080/00207454.2024.2352023
61,26848026,YanH_2017,"Effects of dietary resistant starch content on metabolic status, milk composition, and microbial profiling in lactating sows and on offspring performance",,,,,,,,,,,,,N,Excluded Cohort Type,https://doi.org/10.1111/jpn.12440
467,36925041,YaoM_2023,Soluble dietary fiber from Prunus persica dregs alleviates gut microbiota dysfunction through lead excretion,,,,,,,,,,,,,N,Excluded Cohort Type,https://doi.org/10.1016/j.fct.2023.113725
198,31509971,YasukawaZ_2019,"Effect of Repeated Consumption of Partially Hydrolyzed Guar Gum on Fecal Characteristics and Gut Microbiota: A Randomized, Double-Blind, Placebo-Controlled, and Parallel-Group Clinical Trial",44.0,NO,Partially hydrolyzed guar gum,,,,,,,,,,N,Data Not Available,https://doi.org/10.3390/nu11092170
606,39131148,YeohBS_2023,Metastatic Colon Cancer in an Individual Following Prolonged Daily Inulin Consumption,,,,,,,,,,,,,N,Data Not Available,https://doi.org/10.1016/j.gastha.2023.12.003
521,37931372,YeruvaL_2023,"Human milk miRNAs associate to maternal dietary nutrients, milk microbiota, infant gut microbiota and growth",,,,,,,,,,,,,N,Not Fiber Intervention,https://doi.org/10.1016/j.clnu.2023.10.011
524,37986462,YinP_2023,Response differences of gut microbiota in oligofructose and inulin are determined by the initial gut Bacteroides/Bifidobacterium ratios,13.0,NO,Inulin vs Oligofructose,,,4.0,2.0,YES,,,,,N,Data Not Available,https://doi.org/10.1016/j.foodres.2023.113598
317,34200105,YoonLS_2021,Characterizing the Effects of Calcium and Prebiotic Fiber on Human Gut Microbiota Composition and Function Using a Randomized Crossover Design-A Feasibility Study,12.0,NO,Inulin,15.0,,4.0,,,,,,,N,Excluded Cohort Type,https://doi.org/10.3390/nu13061937
275,33171846,YuH_2020,Relationship between Dietary Fiber Intake and the Prognosis of Amytrophic Lateral Sclerosis in Korea,,,,,,,,,,,,,N,Data Not Available,https://doi.org/10.3390/nu12113420
255,32679183,YuL_2020,"Butyrate, but not propionate, reverses maternal diet-induced neurocognitive deficits in offspring",,,,,,,,,,,,,N,Excluded Cohort Type,https://doi.org/10.1016/j.phrs.2020.105082
668,39866654,YuXL_2025,Role of nutrition in diabetes mellitus and infections,,,,,,,,,,,,,N,Not Fiber Intervention,https://doi.org/10.12998/wjcc.v13.i3.94389
330,34376241,ZanattaCAR_2021,Intervention with inulin prior to and during sanative therapy to further support periodontal health: study protocol for a randomized controlled trial,,,,,,,,,,,,,N,Data Not Available,https://doi.org/10.1186/s13063-021-05504-1
118,29346509,ZhangJ_2018,A distance-based approach for testing the mediation effect of the human microbiome,,,,,,,,,,,,,N,Not Fiber Intervention,https://doi.org/10.1093/bioinformatics/bty014
174,30894560,ZhangL_2019,Metabolic phenotypes and the gut microbiota in response to dietary resistant starch type 2 in normal-weight subjects: a randomized crossover trial,19.0,NO,RS2,40.0,,,,,,,,,N,Data Not Available,https://doi.org/10.1038/s41598-018-38216-9
103,28870713,ZhangS_2017,Dietary pomegranate extract and inulin affect gut microbiome differentially in mice fed an obesogenic diet,,,,,,,,,,,,,N,Excluded Cohort Type,https://doi.org/10.1016/j.anaerobe.2017.08.017
296,33754054,ZhangSL_2021,Pectin supplement significantly enhanced the anti-PD-1 efficacy in tumor-bearing mice humanized with gut microbiota from patients with colorectal cancer,,,,,,,,,,,,,N,Excluded Cohort Type,https://doi.org/10.7150/thno.54476
121,29441452,ZhangX_2018,Long-term follow-up of the effects of fecal microbiota transplantation in combination with soluble dietary fiber as a therapeutic regimen in slow transit constipation,,,,,,,,,,,,,N,Not Fiber Intervention,https://doi.org/10.1007/s11427-017-9229-1
402,35593392,ZhangX_2022,Anti-obesity effects of Laminaria japonica fucoidan in high-fat diet-fed mice vary with the gut microbiota structure,,,,,,,,,,,,,N,Excluded Cohort Type,https://doi.org/10.1039/d2fo00480a
570,38685731,ZhangZ_2024,Recipient microbiome-related features predicting metabolic improvement following fecal microbiota transplantation in adults with severe obesity and metabolic syndrome: a secondary analysis of a phase 2 clinical trial,,,,,,,,,,,,,N,Not Fiber Intervention,https://doi.org/10.1080/19490976.2024.2345134
122,29590046,ZhaoL_2018,Gut bacteria selectively promoted by dietary fibers alleviate type 2 diabetes,,,Whole grain + probiotics vs Refine DIET,,,,,,,,,,N,Not Fiber Intervention,https://doi.org/10.1126/science.aao5774
654,39732758,ZhaoY_2024,Randomized controlled trial protocol to analyze the effects of rice with different contents of resistant starch on chronic constipation,,,,,,,,,,,,,N,Data Not Available,https://doi.org/10.1038/s41598-024-82346-2
147,30278071,ZhengW_2018,Dietary or supplemental fermentable fiber intake reduces the presence of Clostridium XI in mouse intestinal microbiota: The importance of higher fecal bacterial load and density,,,,,,,,,,,,,N,Excluded Cohort Type,https://doi.org/10.1371/journal.pone.0205055
114,29204137,ZhouP_2017,Microbial Mechanistic Insight into the Role of Inulin in Improving Maternal Health in a Pregnant Sow Model,,,,,,,,,,,,,N,Excluded Cohort Type,https://doi.org/10.3389/fmicb.2017.02242
689,40264750,ZhouX_2025,Association between dietary index for gut microbiota and chronic kidney disease: A cross-sectional study from U.S. population,,,,,,,,,,,,,N,Not Fiber Intervention,https://doi.org/10.1016/j.pmedr.2025.103060
657,39776845,ZhuangL_2024,Fecal microbiota transplantation in severe pneumonia: a case report on overcoming pan-drug resistant Klebsiella pneumoniae infection,,,,,,,,,,,,,N,Not Fiber Intervention,https://doi.org/10.3389/fmed.2024.1451751
202,31556210,ZhuangM_2019,Abundance of Probiotics and Butyrate-Production Microbiome Manages Constipation via Short-Chain Fatty Acids Production and Hormones Secretion,,,,,,,,,,,,,N,Not Fiber Intervention,https://doi.org/10.1002/mnfr.201801187
235,32330749,ZhuC_2020,Human gut microbiome composition and tryptophan metabolites were changed differently by fast food and Mediterranean diet in 4 days: a pilot study,10.0,NO,Mediterranean DIET,,,0.571428571428571,,,,,,,N,Excluded Cohort Type,https://doi.org/10.1016/j.nutres.2020.03.005
531,38072647,ZhuL_2024,"Effect of Fiber-Rich Diet and Rope Skipping on Memory, Executive Function, and Gut Microbiota in Young Adults: A Randomized Controlled Trial",30.0,27,High Fiber,20.0,,12.0,,,,,,,N,Data Not Available,https://doi.org/10.1002/mnfr.202300673
249,32600501,ZhuoY_2021,Gut microbial metabolism of dietary fibre protects against high energy feeding induced ovarian follicular atresia in a pig model,,,,,,,,,,,,,N,Excluded Cohort Type,https://doi.org/10.1017/S0007114520002378
374,35235771,ZitvogelL_2022,Modulation of cancer immunotherapy by dietary fibers and over-the-counter probiotics,,,,,,,,,,,,,N,Not Fiber Intervention,https://doi.org/10.1016/j.cmet.2022.02.004
416,35844801,ZuoK_2022,Commensal microbe-derived SCFA alleviates atrial fibrillation via GPR43/NLRP3 signaling,,,,,,,,,,,,,N,Not Fiber Intervention,https://doi.org/10.7150/ijbs.70644
,41011400,InoueR_2025,Effects of Dietary Fiber Supplementation on Gut Microbiota and Bowel Function in Healthy Adults: A Randomized Controlled Trial,52,NO,High Fiber,8.2,General Fibers,4,2,NO,Japan,Asia,PRJNA1300638,YES,Y,16s,https://doi.org/10.3390/microorganisms13092068