feature	ERR2451926	ERR2451927	ERR2451928	ERR2451929	ERR2451930	ERR2451931	ERR2451932	ERR2451933	ERR2451934	ERR2451935	ERR2451936	ERR2451937	ERR2451938	ERR2451939	ERR2451940	ERR2451941	ERR2451942	ERR2451943	ERR2451944	ERR2451945	ERR2451946	ERR2451947	ERR2451948	ERR2451949	ERR2451950	ERR2451951	ERR2451952	ERR2451953	ERR2451954	ERR2451955
total_reads	43656254.0	69810120.0	29928014.0	36406302.0	26105936.0	32215863.0	29360660.0	55156782.0	20066809.0	43660127.0	32887169.0	33297581.0	41842128.0	60598595.0	48696570.0	56851220.0	74686767.0	44195213.0	50524950.0	62403853.0	43278172.0	91056545.0	34107740.0	41675193.0	24422138.0	59730667.0	49127519.0	53944288.0	27206364.0	74596748.0
filtered_reads	44457650.0	70234951.0	30645442.0	38563429.0	26253235.0	32360799.0	29603203.0	55723255.0	20195167.0	43885100.0	33107857.0	33615074.0	41900064.0	60951255.0	48799353.0	57106001.0	74974214.0	44414437.0	51427734.0	63142885.0	44126387.0	92295019.0	34221526.0	43377410.0	24531390.0	60154303.0	50200279.0	55567890.0	27368424.0	75078062.0
category	55510.88741	82183.53959	49877.79771	52394.81126	73313.27458	71191.44676	81470.82656	60277.61896	67140.18505	66482.4708	74562.82303	82994.33472	62499.0526	68765.05246	67047.51322	79805.85746	60967.88547	60761.39816	49505.70495	51132.11375	54999.51787	55142.72059	59992.94066	52045.78488	54616.02842	59314.90548	45567.70681	51227.69425	65984.17062	80681.07433
AA1	5.39016	1.60293	6.28364	8.11879	0.97141	0.33871	0.24229	1.6221	0.64223	0.25127	1.26246	0.15536	1.31643	3.03082	0.18716	4.12859	1.86964	2.57439	1.93327	2.84362	1.74333	1.72514	2.26582	4.76227	33.39484	1.74622	17.45139	8.99397	13.15229	18.1046
AA10	NA	0.01868	NA	NA	NA	0.12166	NA	NA	NA	0.20147	0.399	0.03904	NA	NA	0.01963	0.18385	NA	0.08864	0.11449	0.02078	0.05147	0.04266	NA	NA	NA	0.03318	0.21199	0.1003	NA	0.06612
AA1_2	NA	NA	NA	NA	NA	0.02525	NA	NA	NA	NA	NA	NA	NA	NA	NA	NA	NA	NA	NA	NA	NA	NA	NA	NA	NA	NA	NA	NA	NA	NA
AA2	NA	NA	NA	NA	NA	NA	NA	NA	NA	NA	NA	NA	NA	NA	NA	NA	NA	NA	NA	NA	NA	NA	NA	NA	NA	NA	NA	NA	NA	0.04325
AA3	0.3682	0.31553	1.75267	1.84025	0.95553	0.45498	1.34671	0.19919	0.34627	0.29603	1.81129	2.17883	0.99989	0.95699	0.48217	0.94787	2.17433	0.53411	2.35152	2.09133	1.90127	1.12498	0.77186	0.51792	5.48601	0.26922	0.16753	0.44747	1.98005	5.79082
AA3_2	0.07077	0.09092	0.05709	0.10325	0.067	0.05436	0.02971	0.01578	NA	0.00466	0.01604	NA	0.01389	NA	0.00667	0.40907	0.01894	0.04644	0.18935	0.40972	0.18223	0.04508	0.033	0.05561	23.50643	0.06771	NA	0.02513	0.02018	0.55594
AA4	14.37093	2.12962	38.25843	38.84064	14.389	6.88834	14.34116	13.79323	8.67082	7.23938	16.87131	9.23471	5.66855	8.22653	22.24867	5.60873	12.78361	16.76917	7.18021	15.22477	14.12395	13.48607	27.53894	39.23253	51.41547	12.61877	30.81961	20.36069	14.74673	22.23124
AA6	27.46764	8.29747	5.51395	4.59439	40.74494	27.80117	26.05568	21.35511	8.76153	16.67849	21.83278	16.78384	14.36301	19.00604	27.0804	39.09334	5.46817	10.70617	26.13468	23.07604	6.49611	28.38244	12.51142	6.8523	31.06034	7.18197	14.92512	15.11077	10.00146	13.94517
AA7	26.2142	8.57625	82.28852	62.06198	22.7672	11.38118	27.89182	36.82085	21.97942	28.32392	31.93228	20.77041	38.32142	14.36194	15.40779	16.29543	25.62271	47.75473	31.00698	53.53986	33.50744	43.72273	39.68517	56.01935	16.99788	20.68311	44.61285	27.04259	39.75977	21.47369
AA8	NA	0.45699	NA	NA	NA	NA	NA	NA	NA	0.07995	0.05085	NA	0.09862	NA	NA	2.0179	NA	NA	0.1279	1.49053	0.1608	0.07524	0.05536	0.21619	21.78977	0.16898	NA	0.19996	NA	2.34652
CBM10	1.96837	NA	3.19915	1.01691	1.12031	1.51478	NA	2.63909	NA	0.4468	0.95182	NA	0.93593	2.41273	NA	2.06651	NA	NA	2.62653	1.43764	NA	1.76646	NA	2.03413	NA	0.65192	1.56237	1.44926	0.35822	0.13058
CBM12	71.73786	17.58932	37.2979	30.49499	34.52916	76.51742	17.60003	33.92329	13.71532	9.80435	5.89607	2.4364	8.42425	25.58533	25.35119	15.71958	21.5695	21.54277	54.37165	96.956	19.86621	16.63973	87.02971	169.00923	46.09924	28.02995	55.8766	46.19276	30.60768	11.70676
CBM13	165.3062	391.25492	185.15377	116.67207	201.83117	246.60084	180.60389	230.23083	54.3273	238.92192	140.95591	136.01306	106.19867	143.55787	118.8457	183.66084	84.10533	235.22505	83.07173	126.73381	109.68572	187.19916	103.64749	181.39783	72.4732	111.42222	115.80291	110.06765	200.20955	129.10792
CBM14	NA	NA	NA	1.55145	NA	NA	0.57744	0.15338	NA	NA	NA	NA	NA	NA	NA	NA	NA	NA	0.32131	0.05866	4.06757	1.20387	0.87414	0.68963	0.34841	0.07104	NA	NA	NA	NA
CBM16	0.0578	0.01914	0.08148	0.86947	0.04738	0.23148	0.04217	0.06721	0.15529	NA	0.57394	0.16869	1.32106	0.37358	0.07871	0.32337	0.03779	0.05622	0.02428	0.01977	0.02829	0.17129	1.54948	0.28649	0.26986	0.12556	0.32052	0.23514	0.43334	0.66534
CBM18	NA	NA	NA	NA	NA	NA	NA	NA	NA	NA	NA	NA	NA	NA	NA	NA	NA	NA	NA	NA	NA	NA	NA	NA	NA	NA	NA	NA	NA	0.0555
CBM2	31.20573	10.13022	25.34557	21.73016	43.68335	40.90857	68.47727	61.42975	39.06227	31.17676	69.01202	41.4579	39.96862	55.40737	30.81349	27.80118	34.39304	36.85615	32.15313	30.41749	36.54329	69.18962	23.47954	22.63063	32.85235	47.38742	26.36074	28.36096	21.74915	20.50475
CBM20	159.01879	413.82667	90.75745	137.52021	164.73341	135.14222	245.76121	61.93614	257.42196	157.0199	197.46315	199.54961	214.26898	238.90838	242.07664	214.0619	218.10108	169.03241	136.39838	145.03443	162.98744	103.26549	206.04389	141.48785	258.20921	283.33522	50.23723	76.01498	138.58046	241.44895
CBM21	NA	NA	NA	0.09499	NA	NA	NA	NA	NA	NA	NA	NA	NA	NA	NA	NA	NA	NA	0.80707	0.13374	NA	0.01753	NA	NA	NA	NA	NA	NA	NA	0.02
CBM22	34.62807	4.51535	26.23797	21.04511	7.65418	20.44454	13.01336	60.14999	14.2352	56.48296	62.30486	24.33498	36.54248	38.02676	13.00731	14.5317	10.03505	36.05433	6.43175	16.29287	7.2349	40.10559	11.5643	22.99063	17.13505	36.92462	84.25179	80.79087	15.49981	7.37804
CBM23	21.13012	4.14054	7.22956	5.90387	8.56454	12.38823	0.81082	16.423	16.0946	43.50973	1.84846	10.17356	15.24697	33.85844	3.49845	5.77138	2.32993	20.75156	3.33536	12.89982	2.02179	12.92802	10.5621	12.29936	11.03637	19.67996	3.3024	1.88497	8.667	0.18992
CBM24	12.57688	0.97495	4.70579	1.66798	4.18754	5.20004	2.25456	4.02855	1.40552	5.83127	1.22256	1.84158	3.46296	5.83068	0.33484	0.48642	1.53592	8.44546	2.4965	3.87488	0.90649	1.66908	2.4493	10.39666	1.30818	3.42645	5.70936	3.52646	5.82585	1.5813
CBM25	16.53661	6.1207	5.08327	14.37275	75.83777	179.45967	5.58301	9.25201	0.95903	263.96248	0.21385	0.75749	6.15453	9.29657	0.33061	0.32637	22.42224	87.03122	148.33201	28.70871	47.63562	18.58937	5.3661	97.90034	8.82116	57.24921	25.13438	14.77044	5.92296	2.96221
CBM26	26.97576	87.074	97.46223	30.75958	86.29895	181.58622	80.20376	453.62029	9.41789	265.33878	18.16632	35.89531	70.47947	68.8942	0.70297	1.02069	6.81537	118.3356	32.61111	41.42773	38.01626	61.67105	6.02677	96.59018	19.47678	144.93267	171.54575	82.00296	561.10746	77.41391
CBM27	2.31691	4.24828	7.16082	5.00004	4.08449	6.32736	0.11177	17.2237	12.71268	28.62125	0.65834	1.03115	4.69901	20.86364	0.61403	0.05819	1.11177	14.02249	1.68658	9.76071	0.32723	11.62237	4.36691	5.06811	8.72198	18.85975	1.67742	0.96336	8.47141	0.16251
CBM3	7.55768	1.43897	10.76632	6.22948	7.05068	3.54168	15.19268	18.99893	3.66419	13.3657	12.10991	0.16783	11.29872	15.3472	0.0759	0.03742	2.7215	12.14986	1.36649	2.50033	9.63455	16.72633	5.9514	9.3579	11.86558	11.90348	6.14945	6.44192	2.84268	1.37759
CBM30	NA	0.08358	0.06398	0.45712	NA	NA	NA	1.09082	0.29071	1.74014	NA	NA	2.36985	1.0616	NA	NA	0.0522	2.69299	NA	0.12421	NA	NA	0.40063	1.03918	NA	NA	0.34884	0.21091	0.57232	NA
CBM32	286.99393	207.76596	348.75294	382.19746	543.36908	442.59948	663.67118	236.32123	281.02221	211.93778	461.96249	528.77314	279.63412	349.28087	520.30377	543.63736	394.53057	226.72142	273.2925	273.92399	358.03074	270.75169	400.02229	310.58986	370.65634	343.16558	248.54555	228.872	346.84254	558.01343
CBM34	99.59242	25.37073	111.94227	69.75596	138.49351	164.95588	78.56103	221.58173	125.95605	199.61965	128.5378	66.37387	94.4615	110.10307	62.26488	28.18553	45.0516	141.65654	50.4708	93.64639	57.03369	173.53871	100.29646	107.6447	148.58235	108.08066	142.16006	166.81739	143.58313	74.47851
CBM35	46.46969	9.52764	23.92969	28.34744	79.48574	45.7344	37.47273	31.59664	11.7726	26.40733	28.50972	28.96978	46.72983	74.19988	35.08463	62.05614	46.0607	36.95202	36.96388	28.52545	5.96779	10.73771	33.18506	51.23174	14.69568	16.29279	47.8405	60.81784	30.69519	41.11422
CBM36	1.74164	0.02162	0.19803	0.35397	0.17358	0.04682	0.46087	3.7257	0.90031	0.0346	10.21708	2.79832	3.8736	1.9664	2.05156	NA	0.38456	NA	0.14753	0.40899	1.10132	1.77714	0.04427	0.31469	0.55587	2.64514	0.24153	0.29993	NA	NA
CBM37	1.14563	0.25243	37.83011	18.99152	1.35429	0.45738	125.40709	94.31425	NA	0.20643	16.64998	4.86676	5.45079	7.49309	0.36565	0.72685	1.01143	2.14185	1.33739	0.43771	7.26672	15.89197	0.66943	1.07819	0.11714	37.50677	0.06036	0.162	NA	0.0395
CBM38	0.37656	0.3946	34.47035	35.61087	30.77652	14.07051	64.45284	12.26464	14.10627	15.26447	60.30992	14.22503	47.77193	62.62154	1.14056	0.09742	14.01174	1.36479	31.64462	10.08938	79.83403	43.69992	29.33677	10.04998	1.7232	1.21848	3.6754	8.24712	2.98288	10.38532
CBM4	49.18059	82.55501	46.75462	33.09732	78.10298	99.43158	43.75177	116.03915	54.57439	114.45923	62.19288	140.83925	33.74265	66.55152	14.17871	54.32943	23.44708	105.96969	16.39231	51.10204	37.57304	147.29211	50.38618	107.68434	81.38243	118.31232	27.19589	21.51565	73.78579	156.57973
CBM40	2.03448	0.14201	1.10746	0.817	1.12835	0.93768	1.67648	2.34626	0.59054	1.50121	1.31837	1.42035	2.56883	2.70988	10.60854	8.09489	0.89016	1.38941	4.01859	5.54629	1.87809	8.26384	22.88698	17.34822	2.10524	1.23167	4.18598	1.54647	10.45806	3.28232
CBM41	4.81809	2.03295	2.70814	3.12254	30.15032	67.29662	1.63041	1.23319	2.30462	82.74882	4.99777	27.14644	17.37749	5.30115	0.09521	3.41876	3.24677	63.0796	3.20108	7.4502	8.24646	6.17703	3.06307	44.02445	21.54328	30.00065	5.78608	9.48354	70.44493	33.87885
CBM42	1.96706	0.52777	7.28867	1.15116	2.52184	1.71015	1.44594	4.26066	1.53185	1.67772	1.45295	1.05449	6.20214	11.82266	2.1256	0.20783	4.65463	8.89001	1.78783	1.11115	1.43934	4.51378	1.44164	0.40281	6.10292	3.33627	1.42453	1.2153	0.52935	1.07381
CBM44	NA	NA	NA	NA	0.77963	NA	NA	NA	NA	NA	NA	NA	0.34892	0.95945	NA	NA	NA	NA	0.45099	0.27784	0.18885	0.12039	NA	NA	NA	0.04861	0.05825	0.05262	1.48099	0.69834
CBM47	0.0255	0.0162	NA	0.0292	0.32348	NA	NA	0.31134	NA	NA	NA	0.03384	0.1355	0.06528	NA	NA	NA	NA	0.17625	0.06561	NA	0.04635	0.23471	0.18517	NA	0.02115	NA	NA	NA	0.06824
CBM48	897.32733	1469.65248	891.8794	784.63536	1129.17375	1096.28645	1028.05427	1185.45868	975.74906	1322.10683	1223.56991	1176.6081	906.35485	985.59583	749.05607	805.00317	747.63527	1096.02814	729.36165	767.33029	722.94805	951.70701	740.40421	760.167	813.6634	1040.82493	752.68866	838.07744	1206.46964	1242.76608
CBM5	4.96987	1.30082	7.16104	4.51708	3.1956	1.97609	0.51518	2.95883	5.03542	8.73059	0.35121	1.20495	2.69576	3.90825	1.12454	3.13992	2.27109	3.28381	6.02899	11.11504	1.68573	2.69347	3.04501	28.24326	19.14228	10.52407	15.86463	8.59319	5.40903	4.74598
CBM50	1956.83187	1856.03749	1381.50055	1289.55776	1759.49868	1723.93426	1878.48607	1597.09699	2486.85905	1990.72663	1867.31325	1600.9571	1902.07733	1927.83345	2049.14066	1864.50436	2284.58513	1646.62498	2043.10586	1827.19315	1584.8008	1574.03752	2047.05937	1761.67124	1908.13901	1782.877	1654.63443	1797.44342	1693.73866	1905.94074
CBM51	78.77078	13.99021	118.90706	105.81215	190.17712	116.2578	121.6451	61.67764	87.55154	63.61349	104.46808	139.95417	50.56884	97.39018	207.02093	226.93244	113.90627	58.0085	91.78521	83.8323	69.06728	67.23376	113.80287	75.26464	76.72015	48.94207	92.40527	69.48765	83.02247	154.3911
CBM54	7.71264	1.34073	85.39857	66.8267	11.17431	6.96487	3.3478	3.63682	7.46175	39.89793	3.33887	2.5215	4.80335	29.7174	8.80391	3.57448	6.52985	17.80428	21.20887	46.47502	3.54831	5.08936	12.16441	30.99767	16.46591	7.29393	6.94495	8.11963	9.15596	6.9984
CBM56	NA	NA	0.28595	0.0377	0.34222	0.114	0.1922	0.88991	NA	0.77402	NA	NA	0.82731	0.52682	0.1494	NA	0.05557	0.25372	0.21758	0.73206	0.09621	0.97309	NA	0.03229	0.05662	0.42455	0.083	0.09998	1.28906	0.59765
CBM57	64.58397	179.14683	61.58074	85.54912	128.01561	95.69028	156.04286	38.24227	107.83977	45.89022	148.54723	164.76629	188.95408	189.22422	111.27322	164.54942	118.00021	177.24028	97.40632	94.01993	175.37867	118.64968	79.01622	70.26458	34.72391	14.88711	13.90333	22.16373	51.95626	78.59139
CBM58	4.84117	1.04044	4.71646	15.69394	15.97256	27.48863	51.82279	10.0124	104.151	65.11091	12.39194	44.97944	22.9707	25.51046	107.73021	54.32959	35.87287	7.32792	14.77358	9.92927	20.28579	14.09384	23.37923	4.63661	8.48389	2.85676	15.38996	20.63313	11.59524	10.81077
CBM6	119.51906	344.20739	34.69749	51.94729	235.1613	176.42715	269.4249	70.18159	140.60914	111.6851	155.39297	221.57898	54.0731	92.24305	90.2438	123.0708	34.14383	117.71309	48.08146	84.23498	47.947	63.71504	82.21603	85.66906	162.56049	224.83193	10.75439	13.71569	69.66521	102.6356
CBM61	18.08151	18.31377	30.58731	16.66778	35.00963	36.64856	15.52764	28.32656	42.39491	80.49802	27.7534	45.78691	15.84856	70.21664	22.2504	38.19896	13.2994	50.06864	16.71362	41.6674	5.12426	31.00675	20.02679	37.69879	57.89684	49.99421	22.68403	22.2352	25.50437	22.44967
CBM62	116.38925	263.55761	152.19016	186.61739	305.18701	192.77915	360.20349	82.11634	151.7975	86.81797	301.55604	215.02509	146.31029	174.42948	360.83312	359.90277	242.01892	48.14818	112.51615	60.88577	165.29952	87.41468	153.63333	66.26734	73.90959	38.14792	30.61425	48.84744	151.9538	300.91276
CBM63	2.37605	NA	0.15764	NA	NA	NA	NA	NA	NA	NA	NA	NA	NA	NA	NA	NA	0.03222	NA	NA	NA	NA	NA	NA	NA	NA	NA	NA	NA	NA	NA
CBM65	2.74011	0.15281	18.544	15.28709	19.97982	24.07188	27.81017	31.34998	3.36005	28.68768	0.12703	0.02627	15.81762	61.83598	8.43604	15.74246	1.83974	20.51977	4.86177	13.26391	2.63179	5.4804	0.43603	0.47883	0.61565	11.44032	39.05259	33.26769	1.31743	0.41247
CBM66	3.29227	0.62739	7.52102	3.69207	9.30823	6.04312	0.76293	6.10733	1.70297	8.21097	5.91734	11.40962	25.60486	3.92878	43.37413	9.40625	6.40477	8.46474	5.25946	4.62063	1.98169	9.75754	5.80166	9.90123	1.93181	5.03113	11.44645	4.6934	8.14247	2.94375
CBM67	369.62414	698.54927	334.33229	341.64573	513.58341	450.10345	446.96614	281.09284	334.07624	261.19985	425.28544	558.09302	324.64507	350.09574	493.0554	723.49479	556.84787	473.04872	392.22505	433.79412	375.66819	353.06153	394.72767	421.6474	245.56015	242.51992	292.56835	394.02604	386.1411	565.07011
CBM68	0.40749	0.02579	NA	0.14355	0.069	NA	NA	NA	NA	NA	NA	0.05479	0.04324	0.35699	0.18849	0.19314	0.04873	0.04079	0.07104	0.08899	0.04174	0.03926	0.10734	NA	0.07466	0.07836	2.26325	0.06592	0.13239	0.19438
CBM69	NA	NA	NA	NA	NA	NA	NA	NA	NA	NA	NA	NA	NA	NA	NA	NA	NA	NA	0.02635	NA	NA	NA	NA	NA	24.08285	0.02253	NA	NA	NA	NA
CBM70	NA	0.01569	NA	NA	NA	NA	NA	NA	NA	0.03132	NA	NA	0.05166	0.03622	NA	NA	NA	NA	NA	NA	NA	0.03541	NA	NA	NA	NA	NA	NA	NA	NA
CBM71	0.43828	0.77502	NA	0.26053	0.82252	0.15771	1.05393	0.85307	3.01417	0.09021	0.96188	0.09124	2.15812	1.0666	0.81822	0.895	0.12727	0.27154	0.27842	0.43132	0.1185	0.72421	0.11635	0.17437	0.73412	0.40678	0.34701	0.28997	0.3216	0.20354
CBM73	NA	NA	NA	NA	NA	NA	NA	NA	NA	0.09237	0.10674	NA	NA	NA	NA	NA	NA	0.07984	0.07882	NA	0.32145	NA	NA	NA	NA	NA	NA	NA	NA	NA
CBM74	13.58115	75.27504	14.42076	4.81231	14.79795	32.25396	7.56855	42.392	4.76826	47.00784	3.92111	6.53899	79.64719	75.27361	0.40023	0.08368	0.98211	23.81836	1.92448	4.00884	6.08493	9.39774	2.45857	17.37883	1.916	20.3828	23.63	9.528	60.20592	12.77533
CBM75	0.89002	NA	NA	0.01572	NA	NA	NA	NA	NA	NA	NA	0.01783	NA	NA	NA	NA	0.04042	NA	NA	NA	NA	NA	NA	NA	NA	NA	NA	NA	NA	NA
CBM76	1.67993	0.15329	NA	NA	NA	NA	0.58354	1.60682	NA	NA	NA	NA	NA	NA	NA	NA	NA	1.99325	0.04202	0.25772	0.02437	NA	0.37766	0.67034	NA	NA	0.1529	0.21706	NA	NA
CBM77	23.42047	42.83296	5.30329	4.41814	12.65663	3.25705	10.68904	17.99781	4.95849	9.54875	27.48786	10.38044	1.74343	3.47643	8.03105	1.28143	2.84133	11.15207	7.67071	6.35908	6.69535	5.51958	1.98944	23.67542	57.90426	68.945	28.20564	15.77171	3.27128	0.76729
CBM78	0.09145	0.25628	0.21861	0.06915	NA	NA	0.41693	1.58027	1.28021	2.9263	NA	NA	3.59444	1.94645	NA	NA	0.18011	2.33764	NA	0.26029	0.4647	3.21196	0.94476	2.31047	0.33551	0.63589	0.08032	0.6047	0.50658	0.01776
CBM79	5.47712	0.96442	1.36342	0.87213	0.06104	0.09364	1.12805	8.85687	3.07657	7.62476	12.17543	NA	8.76086	4.97233	NA	NA	0.558	7.74561	0.30931	1.00371	0.77652	9.58601	2.85292	8.89927	0.37745	1.10789	1.09741	2.16927	1.51821	0.02114
CBM80	NA	NA	NA	NA	NA	NA	NA	NA	NA	NA	NA	NA	NA	NA	NA	NA	0.02744	NA	NA	NA	NA	NA	NA	NA	NA	NA	NA	NA	NA	NA
CBM82	0.50903	0.43185	8.1792	1.60539	12.57853	17.13689	5.12257	30.98917	3.42716	35.26192	11.22441	12.46771	3.48907	0.96647	5.31311	0.18965	1.47982	5.84062	2.00973	6.80907	7.02183	15.7842	0.6179	0.39437	2.0253	4.78864	10.91034	43.60932	20.12339	0.58346
CBM83	2.0644	1.35943	9.65429	2.37851	16.22342	20.9176	6.61508	32.63275	8.78289	34.34531	19.69	15.36728	5.78297	1.45235	8.07097	0.22353	2.29389	6.76264	2.00103	6.20809	7.26306	16.4615	16.44842	2.44144	3.30787	4.07556	14.35391	49.22043	17.55462	0.96116
CBM85	NA	NA	8.94729	9.02716	NA	NA	NA	NA	NA	NA	NA	NA	NA	NA	NA	NA	NA	NA	NA	NA	NA	NA	NA	NA	0.05226	NA	NA	NA	NA	NA
CBM86	0.24952	0.07354	3.68716	1.60241	4.28898	4.65786	7.11199	33.15018	3.8813	35.22733	NA	0.0913	2.50028	0.02604	5.0088	0.24342	1.20368	9.62109	0.70663	6.26394	1.51492	21.53361	1.7052	1.4533	3.27941	2.558	12.23476	49.99662	10.45554	41.29304
CBM9	21.04694	9.9271	33.92533	26.54723	14.17243	24.42283	54.20645	49.13586	36.21491	75.18888	18.88809	16.6821	20.35927	31.89895	35.4616	38.15931	24.26931	15.83663	6.46497	12.33282	26.84401	35.604	24.91226	11.30323	29.99773	27.06775	20.73303	54.93281	27.13075	49.49824
CE1	905.24673	1382.64209	760.78215	771.19402	1087.06224	962.20349	1354.97902	813.70053	1094.44352	993.76878	1265.27996	1292.02307	818.46215	962.75128	1055.66104	1141.71735	1020.03918	844.90354	747.58974	687.28012	820.07514	771.30202	869.54229	628.97919	802.15275	771.2386	607.91421	717.5894	954.1988	1339.13656
CE11	212.75812	413.80215	122.85657	165.16501	191.43179	195.13465	295.91965	104.1076	251.73468	166.45596	461.82708	389.55098	228.61169	245.98307	251.84339	246.15236	394.93784	169.53637	179.33599	163.44728	216.46906	145.17695	252.73203	176.28339	251.47724	221.97084	86.61442	109.70638	415.02355	797.41973
CE12	233.71826	428.43944	113.90971	199.33949	376.66151	333.34436	522.50891	234.89136	395.15966	214.44776	359.42428	440.06583	368.35327	402.57987	355.99663	495.4338	188.79794	186.60454	109.98302	194.2066	226.21844	177.90048	272.38643	208.90529	189.01695	151.23917	236.04163	250.28013	248.67609	305.52502
CE13	0.04848	0.03374	0.0264	NA	NA	0.05	NA	NA	NA	0.01844	0.24948	0.0862	0.01931	0.01327	0.04695	0.09026	0.01528	0.03643	0.13692	0.06686	0.03058	0.0614	0.07047	0.05596	1.95549	0.51156	0.15314	0.08736	0.14781	0.06466
CE14	7.77092	0.90782	34.48188	27.30073	4.08344	2.79347	3.69147	5.21761	1.85347	2.09343	2.36373	2.26979	3.08034	6.86716	8.89914	7.00297	16.93827	7.55452	12.34057	14.81964	2.84667	4.79015	4.24247	17.72298	7.60486	3.62943	62.7479	37.45157	5.81854	5.41143
CE15	21.07996	8.36068	21.0797	27.71757	71.81085	59.99255	118.69633	62.50007	88.45544	59.48748	71.69342	69.67985	18.07896	32.20081	85.10325	89.129	35.88452	18.86452	30.16749	30.88882	49.99966	40.5874	44.78397	32.40769	24.53656	13.72086	82.03208	81.79976	33.28218	33.55913
CE17	25.23733	7.48149	30.92599	14.17689	14.06521	20.79088	23.98752	56.61835	28.47808	48.67451	28.84575	9.72079	12.49378	37.29055	9.05525	6.17775	6.60177	34.26868	9.4536	24.77254	6.97165	36.16881	8.13307	19.7162	19.34564	35.26908	5.47494	5.14951	10.60375	4.77903
CE2	126.17857	268.40949	162.32466	165.94452	73.0284	70.94653	95.1296	112.23448	47.59382	83.1499	97.07788	42.41578	72.29788	131.06603	83.0138	35.45973	56.08635	161.87047	54.88671	109.05861	43.50615	92.91105	61.56968	83.97148	80.18516	122.80489	101.76037	98.40855	34.906	35.57581
CE3	1.13497	1.55532	0.40532	0.20456	5.13277	2.7395	2.34195	2.08802	7.23198	5.71941	2.11312	0.12296	7.39433	5.14731	3.50224	1.50585	2.07645	3.02501	0.32295	1.57823	4.4461	5.65183	6.22008	5.63645	1.10175	0.77491	1.90964	3.21901	1.31701	0.02362
CE4	1010.48881	672.35984	1053.44669	1015.3036	889.31704	849.11737	870.81583	1130.81231	856.09562	943.5084	870.75442	831.68642	783.62899	792.08819	908.24669	806.574	964.74246	975.9637	1191.9165	1056.61052	939.51361	1132.61296	733.57822	768.22809	821.19582	787.49438	1437.4579	1320.94852	967.91054	915.52822
CE5	0.34365	NA	NA	NA	NA	NA	NA	NA	NA	NA	NA	NA	NA	NA	NA	0.67164	NA	NA	0.56361	0.01354	NA	0.00926	NA	NA	NA	NA	NA	NA	NA	NA
CE6	91.27886	267.93405	28.24688	46.59723	69.11374	72.51233	119.79846	26.43682	88.07858	60.22372	68.20827	120.01992	22.71306	21.25045	60.45349	122.7394	25.27136	82.13038	30.7026	52.63244	30.49153	36.25126	53.78475	53.42322	106.74816	141.55929	4.54629	7.57854	32.55659	56.80259
CE7	137.61269	376.38944	94.82966	126.95626	187.50896	181.25929	200.9009	61.36648	202.19396	122.62782	237.21244	349.55055	212.2975	221.22541	141.46198	205.62907	113.50656	164.87287	96.91847	126.88309	132.9323	93.08793	144.59857	126.82937	110.06745	117.7134	33.13478	44.2031	146.70958	219.3774
CE8	361.81856	990.05339	157.51335	203.58246	425.32038	436.81238	551.24358	255.51592	553.76639	387.93407	426.2826	569.50876	562.83314	616.45387	406.40062	577.31146	239.0213	313.93855	126.30026	175.02331	252.20354	213.98111	315.00559	203.40764	267.36018	234.94411	219.05527	218.02718	267.01841	344.22592
CE9	499.42487	436.9307	551.12171	516.99284	582.30315	701.12839	618.43413	658.70525	656.71887	725.1714	579.77927	646.51182	489.55257	485.11172	525.44922	752.7072	490.19437	616.37941	496.68571	548.21808	483.33498	646.65289	630.62804	574.92832	482.64807	518.57428	596.89832	580.55734	654.62777	590.00832
GH1	279.72537	91.42718	471.08907	225.6047	216.7589	321.30185	94.80842	491.07073	212.4171	353.59275	201.50553	316.2428	236.0809	185.63077	147.7133	285.23851	103.10744	338.88525	149.27579	278.4725	142.64146	336.28151	235.99509	533.79928	239.13677	261.62663	368.43708	337.91897	358.09499	149.18086
GH10	258.29694	702.9865	127.3089	142.09819	271.74985	166.85651	359.9394	205.14627	360.28164	293.10828	339.0144	282.00488	139.49056	169.77773	190.97749	205.16879	82.32993	225.16893	124.44815	197.22111	122.91681	143.38998	136.82592	194.04465	291.2264	443.82688	166.67902	194.8174	132.7151	233.9073
GH101	4.18704	0.67795	4.204	3.5569	8.72357	16.14205	8.43733	4.2455	4.85346	14.75697	6.11361	8.25655	12.07276	9.61992	11.51526	14.23069	3.25178	16.46149	2.17563	3.73458	6.02333	15.17641	16.47236	9.22741	1.02219	1.54141	8.97318	6.97704	11.94481	9.47229
GH102	10.02935	3.8558	8.43877	14.36411	52.2909	27.2774	53.84451	28.86246	41.48615	30.11881	21.47139	15.6477	12.19801	25.73992	43.05468	18.32458	15.17819	11.31088	5.74059	14.34802	3.95648	2.2248	16.94645	12.80498	15.28296	6.8588	12.62838	7.08028	6.18754	10.62016
GH103	4.82503	1.99707	3.80275	2.29818	9.9366	3.29136	12.17544	12.47914	6.64128	5.43639	2.26173	2.25421	4.40421	2.95662	1.85675	4.34917	4.10838	4.61559	6.73727	5.59558	1.26383	0.49898	11.17851	13.00546	16.06687	5.21554	4.53812	3.44915	2.69449	6.83494
GH104	2.65451	5.42821	NA	NA	NA	NA	NA	NA	NA	NA	NA	NA	NA	NA	NA	NA	NA	0.20491	0.21367	0.50413	0.02623	0.07838	NA	NA	NA	NA	NA	NA	NA	NA
GH105	387.86498	834.53799	252.05302	385.76999	839.5465	711.80038	919.40295	357.90637	675.33119	396.58386	736.88685	1035.70944	714.65844	805.79338	579.4069	835.94219	352.04735	269.08924	209.24035	236.03452	409.31974	306.05626	518.31892	332.95602	311.63955	282.74405	304.66194	337.3224	392.10581	598.51621
GH106	374.49142	915.16385	227.97648	305.73411	588.84411	627.87639	657.18293	248.72162	544.16178	312.32607	459.27144	632.70974	334.78202	362.73808	1047.6795	1036.71428	578.66745	357.16057	324.72546	385.43069	392.5775	285.30729	555.04857	410.09647	262.02701	225.35529	224.55627	241.33862	398.84011	511.23991
GH108	67.80946	67.92941	120.46605	227.5876	127.42283	64.1697	143.60891	55.35213	619.97435	277.1366	287.15399	628.11658	49.91095	54.12889	89.89728	99.46778	40.02029	13.46855	206.29638	240.66841	449.02797	94.90223	72.71297	159.40872	15.96803	8.88694	32.77353	42.10636	23.81994	13.43957
GH109	130.80491	52.70378	130.13155	184.54163	264.00334	259.34871	362.23634	113.37295	249.40055	143.59437	329.86321	428.7051	170.69993	191.70155	321.10474	353.95967	294.00639	77.68776	154.01644	141.5898	233.14582	135.5128	330.55048	149.70577	137.56928	111.21119	87.55376	102.5401	201.62728	330.80613
GH11	4.32941	0.10986	10.63815	12.32325	13.79153	17.52472	1.10297	4.7182	0.47484	NA	12.8636	3.60988	4.6224	3.00957	6.10502	18.88242	0.60995	0.61884	0.46717	1.00147	0.81037	2.63731	NA	0.43635	0.88217	2.88717	0.34124	0.32839	0.08174	0.02547
GH110	113.74608	28.05608	111.99487	164.83448	112.48914	129.99756	116.57288	44.48854	168.74803	79.13713	132.3306	127.54975	115.86693	104.89192	320.81018	223.61237	193.74152	74.67792	78.53992	92.23128	136.18945	83.19346	186.59364	100.15839	46.29019	36.09311	88.24274	82.13106	74.27265	93.8698
GH111	0.18605	NA	0.04066	0.03565	NA	0.01853	0.01246	0.01442	NA	0.0275	0.01639	NA	0.06846	0.007	1.13287	0.02336	0.21173	0.11813	0.0993	0.01868	NA	0.11679	0.13875	0.01611	NA	NA	0.016	0.01467	4.22735	0.1414
GH112	90.97065	72.95406	96.6194	77.79366	102.92232	141.48063	60.06253	162.45913	85.832	126.2316	122.13736	88.09771	61.07252	86.7804	70.58841	128.41993	44.90269	158.96777	62.14356	70.71111	47.78477	164.87793	78.37914	95.28932	81.78681	102.41115	107.48066	188.66749	86.18339	45.50522
GH113	11.25182	8.92046	42.6705	36.67116	32.33817	42.1326	101.49331	64.14288	29.09962	40.20655	17.02139	4.77806	24.24072	47.16118	38.36486	48.1309	36.28938	31.01365	32.52727	31.85045	22.78203	40.61522	13.06539	15.9486	26.52071	33.34103	5.98777	4.07869	58.3812	105.71381
GH115	344.02475	909.79413	228.00014	332.38433	647.76562	588.90292	753.83371	253.33229	337.43445	239.92257	421.72811	507.94352	433.70927	512.20957	639.26998	782.73803	359.4033	317.19531	197.47668	257.93278	301.65901	278.03037	286.618	224.67922	365.72111	415.17903	89.38097	139.65826	475.30593	727.91711
GH116	37.16946	10.65285	24.0837	21.44949	99.29314	43.871	80.61931	21.59863	57.82028	21.4143	98.30791	32.3185	96.9104	132.54242	29.99516	26.23852	120.97879	13.23048	105.35284	47.3967	65.15619	37.58074	55.21815	41.70165	42.31469	29.33211	18.47915	31.86062	99.0044	187.77318
GH117	25.33991	4.84475	28.59386	39.54004	12.11494	8.72923	51.78767	11.23946	87.15907	58.93532	50.7398	13.71829	15.25557	17.13244	40.632	46.31363	50.87275	9.07031	33.04052	14.75474	31.04766	19.46479	15.92886	9.51944	12.47683	3.70735	3.99669	6.09476	34.89115	71.81099
GH119	NA	NA	NA	NA	NA	NA	NA	NA	3.38996	1.48469	NA	NA	NA	0.00775	0.00968	NA	NA	NA	NA	NA	NA	NA	NA	NA	NA	NA	NA	NA	NA	NA
GH120	34.9794	11.12041	73.25967	70.40842	51.03585	123.92406	77.10454	172.75112	36.34351	189.31901	25.54354	59.28537	38.71208	44.07329	20.29125	48.19651	14.37649	150.06999	21.61876	37.32325	11.88443	85.47313	92.89877	85.47616	26.03973	84.99286	71.69448	88.83089	105.54855	51.5686
GH121	1.23508	0.75838	5.803	1.45236	1.677	6.6148	0.21076	47.32217	0.25355	6.03013	1.86227	3.11794	1.0438	2.00574	3.31355	8.05821	0.9212	11.47971	1.28832	3.11736	3.54371	10.25456	0.44713	1.9145	0.32187	1.03477	5.09908	5.38986	8.25143	4.86443
GH123	62.82552	23.23102	44.38921	60.01512	93.16631	122.67845	68.05953	37.59402	96.20523	43.71655	80.35302	135.94082	71.24985	66.55776	107.12972	154.05797	108.47537	41.05964	54.6584	69.60619	99.64982	71.24657	95.1849	57.20811	55.20615	36.77064	46.27684	50.07655	60.45798	85.36004
GH125	170.78101	321.88577	235.71185	262.06702	276.5979	216.48226	344.75258	114.40694	214.66821	176.8544	483.90468	527.01833	245.05563	276.32178	205.49584	197.22348	413.54526	187.70321	297.00252	156.16749	344.98474	209.73954	193.51997	128.65143	160.331	138.31694	58.59854	100.9733	367.76363	770.77757
GH126	1.6936	0.05933	6.42802	7.7061	0.02445	0.10371	3.28533	9.27484	0.15926	0.1846	2.77708	2.20214	2.04976	1.04695	0.70373	0.13814	2.08749	0.83208	1.83392	2.34651	0.17619	0.27767	0.79143	1.07539	0.25196	0.18547	34.1805	31.03725	0.75048	0.24866
GH127	224.63379	415.71887	149.97797	161.91218	239.76783	264.72197	367.04011	286.39577	225.26312	266.56393	252.96069	279.51983	160.54037	227.74404	303.82275	363.56125	194.85305	339.37145	138.43014	219.31996	204.47806	238.55372	223.63529	234.00526	237.28639	300.0414	133.47644	192.86967	220.00776	278.40985
GH128	3.73235	0.3714	0.57029	0.23159	3.03149	15.32349	1.00407	4.09951	4.20466	3.26878	0.53267	0.28479	2.40461	2.91903	0.95586	0.2565	1.45151	1.47523	1.21789	3.05537	0.65411	4.11487	1.02002	3.94802	1.26199	2.97066	1.49544	2.01619	3.89773	1.37977
GH129	9.14324	0.49722	7.28094	1.97311	8.12336	17.92292	1.15735	11.81323	0.62781	18.93935	3.36011	6.64766	8.39178	5.29441	2.01751	6.05552	1.26476	17.89746	3.68277	6.19846	5.95938	25.00247	5.4563	8.90457	2.13085	9.40227	8.20974	9.78601	20.09585	5.81267
GH13	4830.28413	7121.84204	5028.69228	3888.42686	5680.09019	7466.39883	4323.58155	8760.28665	4174.85118	8984.92322	4798.12057	5016.39511	7109.48542	7177.64798	4331.76002	4796.98253	3664.7691	7445.26983	3209.93658	4589.38655	3581.12339	5971.85314	4563.7365	5615.21361	5249.39532	6785.48415	5424.19736	5888.01136	7932.86383	5563.14145
GH130	272.90193	353.48907	277.43624	302.96632	422.55242	416.50977	396.49445	323.80279	342.31408	337.76707	522.51953	686.03822	259.12631	328.42755	396.22867	435.37386	379.3575	319.19745	233.12421	266.96279	247.98752	265.13854	332.06349	243.62597	227.15775	263.98471	210.17756	273.30374	281.62967	460.8101
GH132	NA	NA	NA	NA	NA	NA	NA	NA	NA	NA	NA	NA	NA	NA	NA	NA	0.01967	NA	NA	0.02336	NA	NA	NA	NA	NA	NA	NA	NA	NA	0.01965
GH133	134.90945	229.26439	69.37602	75.0351	94.87312	101.99784	156.04239	95.64357	143.30609	144.42735	126.9453	145.43231	152.5807	162.86208	128.64907	114.95863	162.76751	99.69592	174.75816	96.23713	136.69552	97.87055	148.83303	81.48815	123.37273	136.6214	68.44201	121.10495	103.52934	152.0073
GH135	NA	NA	NA	NA	NA	NA	NA	NA	NA	NA	NA	NA	NA	NA	0.03022	NA	0.01967	NA	NA	NA	NA	NA	NA	NA	NA	NA	NA	NA	NA	NA
GH136	20.95574	10.06771	13.34933	24.30901	83.00688	55.21455	85.47583	37.0721	48.91578	35.20831	54.71208	44.23917	30.5847	44.04313	48.33805	39.8615	27.13311	31.86321	15.84989	18.77778	35.55604	34.58449	45.14236	27.15791	18.82212	15.03359	21.26451	18.33875	25.69659	16.25448
GH137	45.07936	149.4461	11.18556	23.89198	47.34879	46.27327	85.82081	20.54872	40.36772	20.00946	44.4072	65.17629	22.53167	27.76226	42.50558	61.42428	28.07483	69.97997	12.25679	9.55807	40.67425	33.91041	43.82446	15.89491	11.99774	5.10156	9.41952	10.8761	39.17068	45.02739
GH138	118.98812	405.11334	23.03596	46.92647	104.01005	105.55555	180.02781	45.92403	78.20403	41.13586	89.81582	128.52385	50.59809	58.92887	75.60261	117.25941	42.37513	126.8523	22.63608	27.34144	79.26054	72.87256	132.34665	153.65638	72.70759	57.4808	12.95416	17.66088	56.07546	77.07363
GH139	10.73099	5.31569	14.0745	28.83985	68.46487	60.65915	120.21646	30.17018	54.02595	25.391	55.74032	79.63913	29.18691	37.92762	67.39912	85.33511	37.52633	9.36927	14.00333	12.88119	33.81515	19.63499	54.77017	12.97836	13.64777	6.04845	8.71128	11.16069	38.96064	53.36213
GH13_10	NA	NA	NA	NA	NA	NA	NA	NA	NA	NA	NA	NA	NA	0.00844	0.16705	0.00901	NA	NA	0.06356	NA	0.01218	NA	0.01765	NA	NA	NA	0.16061	0.07064	NA	NA
GH13_11	17.34606	4.80862	45.6046	29.00535	56.90002	98.28606	19.1439	139.03675	11.5416	149.2295	27.77919	40.9491	28.85468	33.02396	12.27483	25.24255	10.16995	119.01924	10.42927	29.32201	12.9071	53.92954	21.61521	47.69415	34.24253	65.16717	54.80185	73.05989	88.33335	69.24681
GH13_12	0.68786	0.12394	0.01965	0.01136	0.72851	0.12546	NA	0.08428	NA	0.2675	0.28179	0.15256	2.41836	0.62744	0.0146	1.92156	0.0418	0.2757	0.307	0.0762	0.03179	0.66924	0.08196	NA	0.2624	0.0713	0.69577	0.07316	0.2196	0.04526
GH13_13	0.01903	NA	NA	0.01645	NA	0.01307	NA	0.05314	NA	NA	0.01278	NA	0.09086	0.04858	0.00867	0.49851	0.00564	0.06566	0.01645	0.01326	0.0454	0.05476	0.03643	NA	15.40588	0.00703	0.01685	0.02268	0.01546	NA
GH13_14	93.45618	182.12167	104.33626	77.18363	123.7623	167.84428	130.39175	168.58336	101.874	204.88855	120.68802	153.21882	146.76432	154.55328	106.56676	130.44744	91.06995	127.95855	65.76545	76.26315	94.90979	108.49499	103.20195	95.69828	102.59915	168.05386	95.16763	93.55143	180.37906	130.58879
GH13_16	NA	NA	NA	NA	NA	0.02935	1.0092	0.13071	NA	0.02195	NA	NA	NA	0.02109	0.48289	0.52731	NA	NA	0.00833	NA	0.16919	0.00514	0.07647	3.5163	NA	0.25285	0.47887	0.18672	NA	NA
GH13_18	10.58727	5.88688	23.54558	18.10101	33.29107	59.15748	11.29351	77.43643	22.93278	107.70052	29.25133	33.5984	22.1634	31.76367	21.55523	42.76103	6.6648	69.59778	16.99879	29.81269	10.77867	48.42102	23.84297	34.66594	14.58887	40.35023	15.64938	41.45942	65.6341	53.47678
GH13_19	0.82963	0.77743	16.69141	4.55716	8.79514	14.83167	15.39209	83.1733	12.16683	25.0537	7.97591	6.58902	1.08663	1.13615	0.98943	3.01734	1.11761	2.58949	3.68705	3.99443	12.1728	19.08135	0.53834	0.76716	22.78466	11.21913	24.99956	11.92301	69.90982	2.0101
GH13_2	0.36943	0.00135	0.03171	0.11045	4.3601	4.16677	0.05064	0.01116	0.42708	3.23988	0.10626	0.10242	0.37388	0.66512	NA	0.0234	1.81775	2.06421	1.17014	1.87544	0.95308	0.80598	2.94864	3.04691	26.76868	2.53546	0.42371	0.14438	0.50301	0.21099
GH13_20	47.85843	9.25823	40.91054	16.01169	60.89548	87.09917	22.89602	75.81436	46.26867	95.44164	47.20767	25.30902	31.0281	41.88475	16.3868	7.08027	21.91356	43.94693	21.44038	41.60975	27.46003	62.8705	40.46955	43.81585	65.84362	41.50213	36.54184	64.14883	65.47076	37.1288
GH13_21	0.22513	0.06649	0.13868	0.07119	NA	NA	NA	NA	NA	0.02774	NA	NA	0.03411	NA	NA	0.494	0.0983	0.03295	0.75984	0.38964	0.20393	0.01135	0.02652	0.03197	11.23035	0.02126	NA	0.01586	NA	0.61287
GH13_23	NA	NA	0.03237	NA	NA	NA	0.01676	NA	NA	NA	NA	NA	NA	NA	NA	NA	NA	NA	NA	NA	NA	0.00537	0.02899	NA	NA	NA	NA	NA	NA	NA
GH13_25	NA	NA	0.12417	0.0296	NA	NA	0.14848	0.24322	NA	NA	NA	NA	NA	NA	NA	NA	NA	NA	NA	NA	NA	NA	NA	NA	NA	0.03163	NA	NA	NA	NA
GH13_26	NA	NA	NA	NA	NA	NA	NA	NA	NA	NA	0.0406	NA	NA	NA	NA	NA	NA	NA	0.04257	NA	0.09588	NA	NA	NA	NA	NA	0.0119	0.0215	NA	NA
GH13_28	20.40849	79.89246	41.19918	11.00592	49.99791	105.07644	16.43905	89.24671	9.59694	126.44131	9.69542	19.6559	93.13886	87.62178	0.33849	0.37791	3.26511	67.58383	5.20845	11.65887	14.62791	19.76858	4.36703	49.86401	4.88871	57.26296	59.69712	28.80445	135.2602	27.74401
GH13_29	1.76873	0.35737	8.6757	11.14536	1.55261	2.50592	1.269	7.86404	1.44814	7.82503	6.64778	10.63518	4.1455	0.6902	4.3335	10.21579	1.02983	5.45517	5.22534	9.33398	1.85647	4.78139	4.71809	11.66211	17.89424	4.31348	5.88485	4.17095	4.85402	5.66558
GH13_3	2.49671	1.484	8.68095	8.80474	12.79428	34.19883	0.08495	26.41047	0.03803	43.54496	2.00237	13.79879	3.40448	3.36637	1.00409	13.60863	0.61946	48.35151	1.48053	5.13187	2.76615	10.99405	0.59851	20.72465	0.78822	16.59651	4.7254	4.97008	38.13828	19.33438
GH13_30	3.40311	1.42362	6.92114	8.42417	15.22895	43.22845	0.15429	24.12945	0.35946	49.40729	2.07676	16.10716	6.2414	4.50808	0.38779	8.17915	0.76144	66.24879	2.01255	5.54161	1.48804	5.95721	1.41536	26.49241	0.78424	18.12461	2.06761	2.20631	47.59344	21.37224
GH13_31	21.80822	3.5098	48.88758	40.71232	31.63304	48.088	11.16801	102.27079	12.40454	93.61005	15.30917	24.42503	36.19003	27.62215	18.49892	52.85814	7.77734	79.76007	18.32211	28.69912	7.56403	45.58021	23.78638	43.52798	29.65586	53.79185	60.51832	80.78202	65.64761	40.72179
GH13_32	0.94835	0.79658	1.11136	1.67825	9.32875	22.36806	0.0557	0.01624	0.32865	33.96798	0.79222	9.84999	1.9163	1.25771	0.01251	0.06625	0.32523	26.65185	0.33016	2.74696	0.06747	0.04401	0.71425	18.46556	0.21238	11.06084	0.01803	0.0212	21.53725	11.07978
GH13_33	NA	NA	NA	NA	0.44006	0.10287	NA	NA	NA	NA	NA	NA	NA	NA	NA	NA	NA	NA	0.09821	0.07228	NA	NA	1.72626	1.19769	NA	0.00855	0.35865	0.36103	NA	NA
GH13_36	10.78048	9.06527	30.10454	13.51433	25.11328	29.72933	22.77449	73.92708	24.94449	53.0947	34.9132	15.44047	9.52022	19.81993	8.61662	0.40023	9.43724	22.34706	8.92632	20.5037	11.5271	31.2325	14.92858	15.07981	25.30893	25.60037	56.95404	63.87002	50.91976	2.29813
GH13_37	0.02483	NA	0.73136	0.37858	NA	NA	NA	NA	NA	NA	NA	NA	NA	NA	NA	NA	NA	NA	NA	0.00874	NA	NA	NA	NA	NA	0.10182	NA	NA	NA	NA
GH13_38	101.03795	259.14618	52.2941	68.4361	91.76844	84.50113	145.88992	38.7771	130.54047	79.93217	117.14751	121.05589	134.20888	141.93505	83.36786	119.68044	110.10894	79.2314	73.87874	71.7709	94.40995	56.75591	129.26809	76.99648	122.89254	123.93959	26.69813	34.15153	87.01248	163.51157
GH13_39	99.81935	12.19235	114.96851	112.90687	47.88384	55.27013	25.9562	73.66221	27.65342	59.23153	41.41068	37.47693	34.73235	24.14403	37.34089	24.10735	59.42829	71.81464	71.3418	112.73195	40.86403	67.06273	44.49962	78.45922	42.51784	46.48897	117.85593	94.11153	66.01363	18.01869
GH13_4	23.59693	4.30297	26.34994	11.97575	18.4975	44.42164	6.53666	89.70902	10.2105	47.80706	14.64433	21.50074	27.18863	23.83653	19.11849	51.40535	2.95996	51.3224	5.50892	14.03329	5.94616	46.54906	16.20044	29.49391	9.73276	25.98606	23.73924	27.95343	45.43174	15.04178
GH13_40	NA	NA	NA	NA	NA	0.01495	NA	NA	NA	NA	NA	NA	NA	NA	NA	NA	NA	NA	NA	NA	NA	NA	NA	NA	NA	NA	NA	NA	NA	0.05524
GH13_41	1.64999	1.23888	5.13111	1.49769	10.44768	14.79383	4.07645	21.36019	4.12803	19.93802	9.34905	7.06919	3.42688	0.96076	5.68397	0.15166	2.01414	4.43144	1.88595	4.6447	4.50478	12.52007	11.6001	1.971	2.29621	2.86034	9.11304	33.8923	12.81364	0.60171
GH13_42	65.42347	272.0281	38.22054	9.19728	18.13599	27.97938	11.09613	54.26596	7.67746	40.46204	8.2143	10.64161	287.28837	270.07189	0.93982	0.11305	2.02466	1.88985	3.23894	12.81226	13.61615	21.2408	11.51185	64.29637	3.95306	19.66311	58.65996	25.31583	50.28445	0.3818
GH13_5	21.72037	6.39479	26.09445	31.72191	67.61226	37.00205	10.08909	25.85021	12.24333	7.7783	14.06991	16.1828	46.46494	49.10919	89.55579	40.50509	52.01231	22.76955	13.97622	14.3757	34.77617	36.29993	18.43313	27.08548	27.28837	10.55932	45.89559	33.97289	13.95859	18.77888
GH13_6	49.67643	210.83315	0.55718	1.72169	0.37886	0.27797	0.59577	0.19488	2.98396	1.11989	0.37803	0.28821	90.6641	84.70736	0.31974	0.22029	2.4054	47.46168	8.62256	26.69882	6.00837	9.00856	27.82811	31.712	86.36234	115.69043	0.13657	0.16967	0.34541	0.24004
GH13_8	120.63772	220.49756	58.17422	82.11547	90.90393	85.56796	134.19433	43.71756	128.96093	78.19839	114.02503	133.99479	149.64772	155.05312	134.54769	128.73841	155.44569	82.56046	103.36191	83.9746	107.06334	62.44149	152.25339	92.9146	117.65826	116.49982	51.44537	63.59442	91.67265	171.02736
GH13_9	228.21631	48.20668	246.72887	185.64248	182.47943	243.28271	118.77273	395.39113	133.4424	287.49509	179.0483	145.70986	127.08322	145.08244	125.90857	137.9167	115.83374	292.91185	134.81326	237.25659	124.10637	297.35331	140.42406	239.58052	170.44831	206.45394	341.12973	298.93044	266.70878	117.1069
GH14	4.16678	14.63219	0.5943	0.1179	1.68499	3.16362	0.62972	0.12258	8.03387	4.68882	2.11981	1.92813	0.04764	0.02488	0.02397	NA	3.10921	0.71943	0.33644	0.3701	3.15156	1.75155	5.41285	2.3275	4.11613	5.61028	0.08276	0.07396	2.59757	1.90456
GH140	128.8326	292.79391	64.52851	113.11356	164.43719	177.85295	326.71144	140.80186	220.88874	124.0574	217.95722	298.19123	216.83992	222.12752	320.8984	348.23725	139.27015	123.54217	65.54595	55.66186	164.54474	129.80923	160.70324	60.27519	55.05047	31.19041	105.84006	119.90997	148.64814	173.0731
GH141	38.67794	127.09771	14.10078	35.86614	64.92325	73.58232	99.32574	27.74506	67.61601	32.76992	65.73477	104.20077	36.26615	39.26635	58.71117	82.54763	34.89882	57.00464	27.15194	42.17482	51.9112	38.55443	64.45011	42.6841	21.55806	8.35267	23.93149	29.82203	56.16367	76.71535
GH142	40.75726	135.589	17.20822	28.5896	66.30307	64.11975	93.97427	23.24799	45.24432	21.88009	53.38109	71.96398	29.49803	35.27289	49.51107	66.36384	31.36887	56.86357	10.63843	10.21558	42.34602	32.74797	41.02574	17.35259	13.80743	5.85059	8.72457	11.23466	33.10031	44.91058
GH143	35.67221	126.0931	14.15109	25.18548	50.57801	46.78147	90.85766	22.28135	49.66772	20.5368	45.51975	70.0725	23.20711	28.74526	42.07828	62.90354	24.5718	57.05476	11.77421	8.16181	34.03765	27.86361	34.05734	11.11928	11.99162	4.77421	8.73117	11.88674	32.49266	47.67363
GH144	67.9296	53.76494	116.53627	141.51254	229.85159	133.24127	301.5708	85.67193	189.59394	112.97688	255.70343	361.38511	180.76701	238.59322	183.64502	258.68011	253.52981	28.87775	250.27079	120.80202	122.1045	76.90677	87.42763	40.88137	44.23637	17.63365	29.326	49.15606	220.33359	451.78594
GH145	24.35364	13.76096	42.648	74.66075	88.842	89.70639	123.9762	35.03586	81.17887	41.65407	122.35596	129.76841	56.6578	65.25547	87.12086	132.11896	73.32253	14.83879	44.42414	20.59006	76.82073	44.54614	56.96781	18.15627	19.22841	7.32211	17.45161	26.76916	77.84593	137.17764
GH146	98.05856	186.84462	82.42775	107.33352	242.24452	169.3759	392.78522	122.6196	207.6076	126.75217	208.19515	214.09576	110.42053	180.76808	256.58317	328.02731	109.85496	82.07686	76.4403	71.45942	96.94698	76.89777	103.84444	57.8028	102.82789	95.5589	35.56359	50.28942	122.94953	173.66146
GH147	10.00936	6.59838	10.69848	16.13069	84.50685	74.74842	56.93512	17.21105	18.85481	12.02813	60.29645	139.71688	16.73587	27.01334	65.88919	61.70123	31.87156	6.28064	19.99032	14.22082	7.53749	3.7942	16.18968	10.8112	7.21715	4.10631	10.8175	16.72256	23.41516	53.44278
GH148	6.37356	0.91387	7.16703	2.05107	9.84965	16.67489	0.34267	6.34798	7.15296	13.09752	1.06715	10.50053	9.80249	3.44132	0.41156	0.71454	5.38082	3.3678	10.51308	21.83881	0.46114	4.93649	1.62922	11.5899	2.25751	5.62891	11.00419	15.89763	7.1692	2.84407
GH149	NA	NA	1.25478	1.09716	NA	NA	NA	NA	NA	0.00449	NA	NA	0.48608	0.02075	NA	0.00724	1.29539	0.15734	0.37721	0.02725	NA	0.00293	0.20072	0.00363	0.72262	0.0934	2.30839	1.49255	NA	0.0021
GH15	34.72459	13.98236	36.16618	54.25502	59.26781	70.13585	115.02556	38.07828	84.45447	40.49167	135.20206	159.5556	66.81082	79.13839	111.94016	188.40681	151.02309	25.06868	124.50073	44.35439	79.8681	40.60795	109.80709	32.78091	28.52491	12.89054	43.2248	45.04615	96.00554	167.68248
GH150	0.03271	0.28724	0.01779	0.00943	16.55436	11.0756	0.01842	NA	0.018	0.00414	0.02196	0.22195	0.01301	0.01789	0.0149	NA	0.00242	NA	1.02507	0.50468	NA	NA	NA	NA	0.72645	0.02417	NA	0.00327	NA	NA
GH151	10.41792	1.31625	22.4179	17.10773	3.31326	2.09026	1.23323	16.42791	1.85602	2.14946	1.38647	2.26474	3.26176	3.34212	2.65662	6.44237	2.29818	8.48526	14.37341	17.55947	5.68828	7.31337	7.00975	10.39429	6.25481	8.37896	8.81211	10.43995	4.20775	1.48828
GH153	0.12182	0.24447	0.26186	0.20496	0.26787	0.27638	0.04424	0.10295	0.48034	0.05621	0.37004	0.58138	0.64701	0.22606	6.68658	1.73046	1.52267	0.19854	1.50612	1.72576	0.41389	0.13043	0.30282	0.23409	0.44431	0.5445	0.11207	0.15724	0.03211	0.01504
GH154	172.20716	315.01855	137.29908	168.17374	205.99937	196.10277	372.65736	128.60538	208.36846	122.80719	255.68208	307.54391	146.46039	154.65711	256.64831	453.98753	150.18182	92.84668	127.10045	115.37948	154.85146	134.66186	226.17447	115.00508	264.24825	314.19546	90.67262	99.71142	150.11015	216.88238
GH156	6.54311	4.43098	3.15964	1.41581	4.79362	2.98654	3.20915	1.31128	5.09143	3.04914	3.8727	1.53999	2.27174	2.50447	3.81498	2.23558	7.34123	1.95644	5.10531	4.7872	9.70332	5.49378	13.87451	9.34422	2.52394	3.44247	7.46771	7.89417	0.34086	0.07279
GH157	0.00696	0.0044	NA	NA	NA	0.01911	16.14845	3.66241	NA	NA	NA	NA	0.00738	NA	NA	NA	NA	NA	0.03608	NA	NA	NA	NA	NA	NA	NA	NA	NA	NA	NA
GH158	3.28762	0.79925	32.61704	32.64657	13.05531	5.55427	25.08154	5.45792	12.23844	9.3565	47.36692	39.35087	18.33538	22.03894	3.70071	17.05102	35.77885	2.64145	30.96726	10.6438	32.77438	17.30545	12.7134	4.56469	5.58593	3.17942	1.71917	4.80504	33.76043	76.85635
GH159	5.39116	2.45486	8.42279	3.42056	45.22436	25.31338	32.41216	14.26204	11.27509	20.32825	18.02643	13.19882	12.64393	20.74396	34.78532	15.92544	7.0392	9.62558	1.81341	2.25623	12.22325	19.25889	9.84713	9.86034	3.84816	4.437	6.98958	13.3004	10.73657	7.216
GH16	570.8033	908.02247	438.40756	421.77102	800.35082	863.33456	623.01466	529.99323	618.55592	664.68614	667.533	1063.40245	544.65076	607.51421	488.35445	759.74724	556.21494	443.44384	397.49504	472.43566	480.26431	606.77341	558.14125	466.07469	525.89923	630.00794	382.62973	454.30138	639.82454	939.77456
GH161	9.93672	3.09458	22.94725	16.76697	9.14196	11.17096	7.6596	5.84528	5.28504	9.2744	13.66507	5.58071	13.88402	13.5053	16.34789	7.76313	23.17522	21.15729	9.32157	12.33099	4.40569	8.79652	18.65433	23.88035	9.00878	9.4422	26.36194	21.78934	12.91308	11.84288
GH163	29.92732	14.43793	25.45359	42.13135	36.46984	41.97475	16.55573	10.46518	15.97744	12.33769	48.13428	89.25564	18.33302	12.75284	47.92164	61.89271	28.22529	8.96497	17.40609	15.45005	19.40654	10.87352	36.59554	17.14445	13.50268	9.60777	9.05741	10.80124	19.29599	36.17473
GH164	0.15817	0.11119	9.78949	17.60676	3.77718	3.97512	2.53662	0.51025	1.02561	0.86527	4.76153	7.3873	5.63042	4.66663	55.84204	7.31021	11.27211	1.85347	3.72344	3.48547	1.57292	0.95785	1.89594	0.83938	2.99016	0.7424	6.23024	8.38905	0.04846	0.01954
GH165	7.5155	6.78165	7.7336	20.71022	37.97729	44.3084	82.32388	13.98053	20.86003	7.87776	16.88474	17.69988	21.69156	17.02993	1.21996	0.64596	24.91018	7.79784	15.16377	15.33554	19.47672	13.13449	27.9206	6.88472	5.91865	2.61517	3.99033	5.29224	10.46946	13.35566
GH166	9.44204	7.89318	10.78793	7.54347	6.63965	5.49893	13.36686	24.39238	29.05364	33.04816	25.28183	4.34688	12.6776	34.78862	6.31595	0.27537	5.59378	17.34026	6.85394	18.18747	6.18208	26.3437	11.38766	15.04859	32.0969	33.07975	6.20322	4.15114	7.94512	1.51191
GH167	1.2502	0.89923	0.01476	0.01847	0.36535	0.45644	0.24608	0.17894	1.85619	0.7601	0.06587	1.36229	0.78293	0.26705	NA	0.01237	0.45921	0.92417	4.1008	3.59254	2.48623	1.65595	0.10672	3.44483	2.22444	1.52168	5.53363	3.78071	0.17466	0.01205
GH16_12	5.10659	0.38826	NA	0.0165	NA	NA	0.011	NA	NA	NA	NA	NA	0.00777	NA	NA	NA	0.73376	0.46907	NA	NA	NA	NA	NA	NA	NA	NA	NA	NA	NA	NA
GH16_14	6.05025	2.98545	NA	NA	NA	NA	NA	NA	0.01919	NA	0.02341	NA	NA	NA	NA	NA	NA	NA	NA	NA	NA	NA	NA	NA	NA	NA	NA	NA	NA	NA
GH16_15	5.60462	0.38805	0.02495	0.01983	NA	NA	0.02583	NA	NA	NA	NA	NA	0.01825	NA	NA	NA	0.90755	0.82625	NA	NA	NA	NA	NA	NA	NA	NA	NA	NA	NA	NA
GH16_16	6.11392	0.57433	NA	NA	NA	NA	NA	NA	0.03174	NA	NA	NA	NA	NA	0.02627	NA	0.77805	0.57731	0.01246	NA	NA	NA	NA	NA	NA	NA	NA	NA	NA	NA
GH16_17	0.0147	0.38368	NA	NA	NA	NA	NA	NA	NA	NA	NA	0.35535	1.16097	0.24385	NA	NA	NA	NA	1.31753	0.796	NA	NA	NA	NA	1.41737	1.37925	NA	NA	NA	NA
GH16_2	NA	NA	NA	NA	NA	0.03679	NA	NA	NA	NA	NA	NA	NA	NA	NA	NA	0.02498	NA	NA	NA	NA	NA	NA	NA	NA	0.01979	NA	NA	NA	NA
GH16_21	1.75642	0.22447	16.12788	13.68037	4.37174	5.04187	27.36363	21.38338	2.46278	10.80225	11.64284	3.40078	7.52889	14.33512	3.21746	4.23612	0.61581	6.41856	1.92322	4.59756	3.07437	13.9686	1.47358	3.36209	1.25599	9.22334	2.52487	1.40864	0.68037	0.03458
GH16_24	7.28669	5.04797	0.44765	0.92132	5.74588	3.75578	3.38524	3.11465	5.24442	5.90298	3.7217	2.27272	3.69193	3.03985	5.57026	2.26497	2.64917	1.89693	1.74796	3.62034	6.81005	8.53493	6.88048	3.63974	0.97785	1.9029	2.31769	3.6534	18.03431	5.784
GH16_3	105.21769	237.07492	56.35696	61.48206	150.66409	154.54702	118.77015	71.66307	99.66243	96.44972	135.32509	195.4289	79.23714	105.02634	122.37347	205.56967	114.59753	76.08847	69.60872	80.81973	87.4735	94.5761	92.73219	82.23987	119.09745	135.32476	59.76356	81.23211	93.29184	165.01001
GH16_6	0.19068	NA	0.01636	NA	1.14401	0.53238	0.30579	4.21928	0.24452	1.59833	0.5369	0.48574	1.63613	0.51626	1.45158	2.0919	0.10004	1.92263	0.05143	0.72134	0.15163	1.71775	0.12332	0.21661	0.35863	1.465	6.73479	2.34503	0.59083	0.32792
GH16_8	NA	NA	NA	NA	NA	NA	NA	NA	NA	NA	NA	NA	NA	NA	NA	0.01216	NA	NA	NA	NA	NA	NA	NA	NA	NA	NA	NA	NA	0.07612	0.0185
GH17	0.24572	0.00833	0.18793	0.06003	1.03171	3.15835	0.09741	0.714	0.02843	0.98992	0.27936	0.20553	2.27735	0.77219	0.23809	0.03051	0.10122	0.46964	0.56038	1.10282	0.07835	0.73723	0.21833	0.88787	0.18764	1.07482	0.77234	0.57124	0.99082	0.529
GH18	362.94161	163.70678	501.32289	621.29697	606.70625	585.99994	511.36798	370.06309	418.29356	403.8014	770.04259	910.56067	450.94167	493.95687	848.15656	454.59213	565.39825	270.16285	524.45527	373.00497	468.86122	406.56187	402.24396	233.73998	281.15053	240.38889	338.8217	396.33348	552.62531	840.96582
GH19	2.59444	1.07799	2.69921	2.62278	1.20228	1.03315	0.24289	0.51471	0.50786	0.62048	8.32564	0.37784	2.85333	1.38786	0.3883	1.78212	2.28686	4.51014	0.98587	2.20421	1.03873	1.02643	6.1787	7.31826	72.08064	60.45661	0.99657	1.18081	0.29761	0.14239
GH2	2418.61444	3182.25156	1999.10501	2359.54758	3666.29709	3403.6803	4040.41914	2292.64519	2917.53592	2382.29397	3603.03519	3877.61396	2593.89236	2991.83072	3457.15864	4173.07023	3016.49506	2256.10866	1988.96225	1986.13334	2625.41655	2190.49953	2775.49318	1938.25931	1965.34768	2001.28908	1880.55565	2192.79807	2556.91079	3616.90057
GH20	829.04146	704.39615	882.08288	1132.57667	1218.22278	1190.39751	1555.82962	555.1091	1491.10124	908.58621	1459.90922	1624.91239	944.9047	1003.60235	1521.71147	1592.6701	1476.03606	638.89868	815.16712	714.4256	1054.2618	703.92784	1457.42968	729.90371	980.72988	915.0975	619.19207	605.43837	960.83885	1566.44295
GH23	588.15382	865.26734	452.08416	470.06384	571.46686	648.81472	696.25381	669.62466	654.39978	687.64219	727.47796	740.62391	760.41939	717.30674	574.0582	607.9257	606.57589	653.60196	584.12427	605.99735	612.59289	573.50659	707.43717	687.64164	679.19173	721.35606	488.91512	492.05444	591.39032	664.08987
GH24	131.66888	114.57778	247.32362	280.1005	260.56303	213.71518	430.02166	197.89283	502.18635	322.86824	662.9917	644.42037	291.72719	311.01839	391.28264	420.47086	376.89813	175.85259	462.47775	298.74201	405.11019	286.15874	316.54576	221.3496	590.65754	574.43532	224.93482	220.19784	401.5424	638.9836
GH25	637.49479	1184.1712	495.91705	475.53951	538.32514	650.95983	493.98684	684.23232	655.10367	696.71675	454.84846	442.37419	660.96597	695.63119	422.84128	557.56194	475.57391	907.08853	540.96414	671.03015	668.04596	714.09117	533.73427	656.04423	754.54847	905.37764	479.01792	458.52907	645.80108	453.7797
GH26	223.06535	277.42198	121.56	138.68595	316.47831	234.12781	313.50481	147.78031	117.82818	111.28846	300.35945	306.99627	114.5122	210.85516	343.07054	234.93093	178.45901	241.22588	134.48777	181.93054	129.45956	125.46192	126.19136	153.48762	186.63935	246.84362	103.94842	115.30742	128.89114	235.1522
GH27	218.88337	75.22895	158.21542	206.9092	329.12086	323.11639	275.28243	197.73736	236.61839	232.23258	238.42426	349.55583	196.27671	239.01632	272.72257	308.60511	273.58553	143.87126	193.505	213.48152	259.79549	237.55323	218.16359	190.65394	182.59196	200.98018	282.65074	275.54101	195.28747	334.68683
GH28	877.31504	2226.91943	598.42731	808.4719	1445.04288	1248.07831	1832.19045	767.12644	1577.86451	962.78034	1210.40695	1467.04899	1457.42428	1579.72918	1468.44037	1915.08759	770.96397	797.49057	483.65171	618.81022	863.97402	711.30424	942.12456	679.44772	929.58612	878.56284	489.85268	597.31855	909.69554	1166.12809
GH29	481.73975	333.5982	386.78391	486.01829	639.29442	676.46989	890.29371	402.17443	791.60715	522.48742	615.94153	762.99901	471.96985	501.80141	754.8367	967.1696	682.23548	360.07933	408.74213	417.13562	525.05712	447.95946	864.56162	422.27546	414.84134	415.12181	342.32759	338.5909	559.46095	621.42903
GH3	1785.05362	2522.87895	1771.21299	1941.41603	2416.88244	2321.4808	2659.4062	2229.93049	1582.97447	2069.16063	2629.02534	3020.00483	1601.27534	1887.19721	1597.72915	2428.31543	2024.58305	1930.51829	1623.24123	1589.16616	1568.73613	1687.90013	1551.90041	1398.72505	1370.14241	1466.79461	2031.89431	2573.99378	2173.16406	3065.23666
GH30	13.77099	46.68322	22.10638	36.18529	122.45688	132.24663	48.7974	18.58745	16.4415	15.7877	74.13958	98.1697	24.70609	36.54076	24.04258	26.01357	26.84683	12.58697	16.00681	20.60341	17.66302	16.63266	21.35152	16.57472	31.99726	45.08718	13.48162	13.83812	33.68501	61.31119
GH30_1	9.95617	2.71682	10.23037	2.55495	3.83553	10.14435	0.79834	6.71401	5.10872	7.09903	4.94535	2.93544	5.83859	5.23652	3.31042	3.57175	2.52314	7.62649	2.96355	4.66139	9.56585	16.057	10.97377	12.82238	4.43159	4.54741	14.17153	16.54277	11.0273	5.90977
GH30_2	17.78239	9.43562	43.73413	59.9869	128.88071	80.78141	103.59755	47.12504	49.86938	47.31871	38.16784	32.71721	30.95493	51.91966	74.95227	107.15227	15.49608	16.89386	7.98963	9.39916	63.02122	29.6493	33.68746	30.03234	16.84599	15.87732	7.66345	7.10044	41.92068	42.89312
GH30_3	25.64829	75.75171	17.7651	23.11997	45.41611	22.54944	59.87391	14.0294	18.66923	11.58123	68.7918	84.50662	96.94193	100.5165	69.34806	53.51099	43.58294	54.68892	36.13524	40.84117	29.38882	17.0539	25.2608	30.13806	39.87765	47.22443	3.47037	7.94051	36.76335	80.33743
GH30_4	30.89265	13.0833	62.34252	105.80296	197.33351	164.3849	185.93123	56.04094	92.0339	45.04157	139.96723	113.82562	63.21324	97.66878	118.96011	140.71091	82.17544	26.40431	60.89339	99.43574	78.19921	49.51645	94.99101	86.39756	122.58645	166.17284	17.99737	20.56363	90.73544	141.08924
GH30_5	3.17499	1.09081	1.97352	0.46109	3.57776	5.7401	0.54945	5.98708	0.71314	6.87709	1.48893	2.64845	2.82319	1.80986	2.45225	5.57627	0.30968	11.54431	0.3312	1.04573	1.3967	7.21919	1.155	2.41318	2.63112	3.32965	5.35181	7.19009	6.73344	2.82393
GH30_6	3.62097	5.44499	13.24184	20.86616	37.71068	53.74996	19.64717	8.13036	28.56365	13.28879	20.7608	20.47123	19.29643	18.26492	3.99088	11.09002	9.5723	3.86717	1.42581	1.47476	23.55716	14.41829	23.90189	5.48972	4.10019	5.12215	4.13216	6.24642	19.19438	22.36149
GH30_8	2.61321	0.9883	1.44292	2.94384	36.96028	27.42908	15.96602	4.72992	2.32987	0.25164	16.3695	7.40279	5.99241	11.40566	7.21316	4.38171	3.82484	0.62333	0.90567	0.64045	0.32298	2.89712	0.76891	1.21062	2.25914	1.61681	0.60069	2.0046	7.09483	9.65418
GH30_9	NA	0.03252	0.02489	0.00987	18.68869	41.75463	0.02571	0.01367	0.03773	0.01738	0.58692	9.08862	0.02727	0.04376	0.01561	NA	NA	NA	NA	0.01207	NA	NA	NA	NA	NA	NA	0.17394	0.00686	NA	NA
GH31	745.62677	1089.53504	648.45785	645.80535	926.92244	1011.30068	1125.38294	906.08735	718.59328	880.13892	1172.28533	1283.12554	756.13608	867.48798	556.61379	782.45724	742.32347	621.7257	533.94083	526.35572	752.88188	816.81146	635.96547	509.77267	499.93139	588.96965	560.61493	744.43882	865.1289	1232.71667
GH32	328.74443	564.60935	448.72034	364.94961	437.72359	538.50397	392.77888	586.91251	307.71481	541.94519	328.70886	527.21226	577.16819	516.28922	228.15904	423.81379	352.9269	691.76093	288.01688	313.69591	323.80126	490.92653	389.49284	380.82424	370.86423	469.23123	266.73543	366.35506	589.37931	633.4734
GH33	210.26459	230.60431	130.93287	216.06647	316.49644	378.93234	449.85563	154.41219	225.54963	146.87173	333.00115	420.62189	188.04547	209.12023	292.33201	364.5397	311.18821	236.91202	211.2314	234.99699	223.43664	175.11848	347.99577	236.90563	232.12539	140.66122	153.12952	133.77158	275.69877	489.06737
GH34	0.51827	NA	NA	NA	NA	NA	NA	NA	NA	NA	0.15914	0.7857	NA	NA	NA	NA	NA	0.41195	0.10245	0.65936	NA	NA	0.22907	1.37748	0.43019	1.60717	0.70485	0.68875	NA	NA
GH35	168.66715	194.7021	144.57388	181.49795	297.65269	303.49743	362.69085	143.32074	256.27778	218.30398	353.39035	483.44872	140.00509	164.83455	196.52423	326.68623	205.16997	129.89058	173.48241	186.61484	204.14663	157.20036	237.79725	174.77485	201.43949	232.40525	76.28768	105.23938	240.88075	364.78272
GH36	635.28171	1079.89595	437.6306	411.51531	576.82882	640.62813	497.91097	627.42916	432.50903	727.90984	553.12381	610.04447	497.64892	561.06508	447.36031	534.47409	475.37713	828.40818	395.34475	566.62781	393.59711	562.33272	491.06089	511.64847	689.70781	891.04139	315.77896	401.77252	595.78632	572.75266
GH37	25.69223	10.26826	11.01538	19.85624	14.90042	14.63084	6.16322	11.39492	10.33866	8.94682	16.05835	13.39018	11.40088	10.26066	35.55509	18.45818	35.87038	20.70307	13.26378	15.44552	18.32453	9.05102	19.63666	16.01983	41.88997	9.28155	13.00918	18.795	3.92126	7.08752
GH38	89.71254	16.84256	173.19432	178.82746	157.52782	199.43096	128.96675	149.07732	123.95807	150.97774	203.65342	176.16319	140.0787	113.65561	230.83386	139.0332	252.49355	149.52026	188.34309	208.81761	207.18165	189.82275	116.52998	162.18434	68.89153	84.08705	75.58415	84.68528	190.94221	272.1746
GH39	54.00805	10.24244	51.66414	44.35196	57.26104	65.34474	35.42044	113.49181	40.82374	206.27869	27.18291	43.37164	42.84054	75.19923	93.88313	83.39095	81.62653	91.02996	70.93809	122.86132	79.05844	111.0925	59.98944	94.46727	56.67771	112.5608	96.88835	167.92438	51.62618	86.73017
GH4	173.37142	271.27393	167.41568	128.29027	144.82602	157.2628	79.56055	176.36408	70.09438	119.68759	82.16888	89.18331	101.22763	83.64175	116.88146	82.66556	107.54676	215.08129	142.81389	233.32832	96.65473	192.14297	156.3379	218.64791	266.025	242.64562	203.22726	190.21902	144.77654	122.99665
GH42	101.86926	33.35931	200.33113	183.53283	253.14579	364.80627	192.54789	351.92257	124.33723	372.21706	233.12434	305.12509	147.53989	170.86038	126.47432	210.00722	116.73258	291.009	97.28184	109.99154	125.48974	227.15982	129.94631	144.10589	112.07949	159.9586	217.04003	325.74052	326.4474	265.69971
GH43	2216.39644	4175.52437	2125.0598	2441.37185	3792.10966	2905.0462	4763.33938	2319.93454	3015.87827	2948.97059	3436.03515	4333.15934	2034.54326	2591.83263	3030.50349	4440.18513	2443.14594	2366.21826	1942.66406	2264.51992	2213.13166	1926.0003	2028.9088	1784.44389	2229.40292	2800.16795	1433.89465	2255.53349	2825.97768	4298.18435
GH43_1	70.05466	222.29752	16.56752	32.69578	45.7113	30.64987	92.91036	26.30351	79.34554	48.14707	53.41295	77.50261	24.95818	30.2333	60.03735	87.16663	25.55018	59.43535	34.76547	39.87555	43.04522	32.33255	38.23002	42.44689	90.5973	113.01322	3.91803	6.21371	37.54237	46.77108
GH43_10	169.15114	356.87485	76.74826	100.1046	229.48184	182.59365	341.63926	175.8911	302.16306	247.31098	195.50637	219.95189	163.33836	201.52302	259.14752	360.71697	115.17904	165.92815	92.07348	113.40541	102.22428	116.8512	156.33866	108.68696	163.32616	176.91564	93.54848	148.42509	155.08214	180.18457
GH43_11	10.58206	3.17739	25.91249	21.33805	35.85757	30.86183	21.85125	96.55274	12.40443	88.0942	28.71133	25.18446	13.8608	30.42716	12.88651	13.2064	2.3443	56.61751	3.48134	14.42712	5.13765	38.50404	7.64395	21.2709	42.72454	42.39712	23.36819	54.20236	36.92574	45.29735
GH43_12	109.44515	255.953	58.14335	68.90716	111.20836	98.46339	156.04894	83.98083	127.61743	132.45058	143.58961	177.12461	52.70448	78.69158	90.64561	154.06361	57.50355	85.31444	45.16807	59.44076	61.93754	73.48925	55.99075	47.85188	115.28994	155.90203	29.31096	66.94832	84.14813	126.7081
GH43_16	43.23321	2.66075	41.62034	41.84876	40.87605	28.25578	94.25868	47.4344	24.97567	27.34658	112.85013	61.75145	40.83089	45.44333	10.27331	5.69551	40.51913	14.85949	31.70016	16.57497	43.62023	52.97059	18.94934	15.54118	39.19282	53.09003	11.38546	20.81848	45.19788	92.18819
GH43_17	54.19642	12.35179	22.1685	29.87046	79.21332	61.26423	100.06561	45.1586	52.79551	28.98652	45.12439	63.94537	27.40006	40.80686	90.81291	118.82478	41.92165	18.36576	21.80263	38.73099	26.7165	21.4006	36.42387	32.98501	39.2784	58.73952	33.96059	35.47465	28.1482	33.24813
GH43_18	49.09587	164.15932	29.17271	52.86336	106.37758	103.5689	153.7385	40.85284	82.35212	39.2946	89.16622	124.24289	58.62073	70.59788	92.12052	127.80487	45.01401	63.91883	16.47018	12.22622	62.92814	45.66868	68.01446	16.48776	20.55288	8.7679	18.60354	25.84272	66.14392	90.29937
GH43_19	33.02969	19.7856	46.18022	67.76112	121.9093	85.42311	160.01948	43.2958	77.82638	41.841	116.14908	98.6021	61.35166	86.77218	90.07439	128.73197	71.75635	13.08855	46.22774	48.6586	68.78514	38.1954	56.36696	18.9924	28.45679	10.71857	16.49417	22.81073	85.45456	140.88703
GH43_2	43.07447	137.38111	8.01471	12.21191	61.73397	44.61877	85.5064	15.23549	61.94071	42.97237	22.75518	57.26099	4.93154	17.20827	32.17915	37.11404	12.09074	45.3724	23.00008	12.90236	17.1964	5.32691	22.29529	8.84247	58.20244	85.26306	0.68205	0.80634	19.18841	33.05702
GH43_22	7.32738	2.25018	28.69992	15.56421	26.20451	69.6578	4.47853	32.73164	2.08877	90.57643	5.28366	22.37921	17.31208	11.15058	4.21655	26.10275	3.03902	66.94659	4.06042	8.77417	2.80368	16.07744	3.45774	37.58667	5.4902	24.67839	44.03049	43.30993	67.72409	33.24741
GH43_24	104.86111	83.4498	96.55635	123.82061	205.30503	150.16362	321.73759	105.82216	141.65916	110.59073	232.13167	250.74825	103.5175	149.97466	193.02239	294.58268	149.4873	48.0242	97.33549	87.50379	125.48976	91.65646	115.51911	76.62493	119.58005	123.18165	120.58592	142.27202	165.03257	269.54211
GH43_26	20.09424	8.28759	38.00551	37.3503	50.26962	80.18507	12.63551	60.37763	43.40215	132.69277	69.61728	120.77596	43.85061	69.85605	62.67771	61.28546	36.53591	74.4253	20.06084	33.65143	20.89945	50.05165	25.11602	37.51643	42.66511	59.21696	25.14182	61.18974	59.51552	51.97242
GH43_27	1.39489	0.7473	8.4454	6.93259	14.54578	38.73419	0.37494	24.18666	1.98953	50.61322	1.9168	12.39055	11.55942	5.31731	1.20545	10.56768	0.49099	41.21355	0.78489	2.96044	2.30483	8.67568	0.61309	17.01271	0.62951	12.16588	6.65001	14.08105	23.15768	14.22382
GH43_28	32.42059	7.23925	111.63472	125.69808	192.29993	121.02546	174.39262	51.85015	44.53917	37.0756	94.02627	137.3815	48.71114	75.7827	86.70482	158.15187	89.76035	30.32747	72.99321	71.88659	85.72498	68.89423	54.868	44.05554	24.25785	15.8712	14.12232	40.62511	74.43869	139.23586
GH43_29	93.92842	277.86315	18.49234	32.85687	166.22213	98.12136	180.2978	35.33687	185.97221	119.85545	97.11135	110.6671	29.36249	67.35001	62.47933	84.78304	19.17166	82.86065	47.05594	57.09689	27.78198	31.62785	60.45204	50.75996	110.3682	141.29732	3.45641	6.34542	33.90433	53.82182
GH43_3	52.04084	17.62956	34.08543	52.01764	92.32391	60.83356	104.18997	27.08471	51.04198	24.71503	83.85677	132.21562	43.17579	52.98848	84.21913	119.13503	55.31361	11.84178	27.10571	15.2897	51.47742	30.04467	27.44431	17.92711	18.49975	9.44327	11.36916	18.43202	50.03575	89.13747
GH43_30	NA	NA	NA	NA	NA	NA	NA	NA	NA	NA	NA	NA	NA	NA	NA	NA	NA	NA	NA	NA	NA	NA	NA	NA	NA	NA	0.02432	NA	NA	NA
GH43_31	19.66457	11.57858	60.08337	71.99076	57.05434	36.71801	66.69067	18.31074	47.82101	27.6367	93.93983	113.80506	45.42657	50.79978	34.96502	50.19881	72.82316	9.66687	46.9693	21.27523	70.6772	39.83371	37.14864	22.05635	14.73179	7.4783	12.08765	19.96982	72.10321	138.34455
GH43_33	11.26517	4.21016	28.82972	31.19434	22.23474	11.05718	40.2366	10.58451	22.56061	14.9823	41.69418	44.26281	22.0105	25.5641	19.09023	29.66419	52.40366	7.33102	34.77039	18.34498	44.19054	23.63826	26.32365	12.49873	10.39019	5.77833	11.19875	14.53937	40.07032	84.05078
GH43_34	46.98556	45.5266	51.81282	68.09469	132.08634	108.88558	144.01636	40.37268	102.99443	62.43977	183.72832	283.25549	78.15809	105.15121	151.12868	201.55694	118.50042	59.40044	76.58013	80.57425	73.31059	48.70036	80.72288	62.93821	73.86387	75.7949	25.94492	35.97601	107.10797	200.36556
GH43_35	52.63391	12.59844	73.61521	60.0178	54.68193	41.29766	105.5854	144.87932	36.72938	102.13028	80.94391	61.01022	40.96864	69.30316	35.07949	88.43215	71.14784	74.7165	53.50702	93.06809	48.22614	79.25915	42.03631	72.21485	38.17791	63.02616	106.12245	172.17821	53.86171	104.86199
GH43_37	2.26258	0.16127	0.15174	0.03514	1.65162	0.69089	0.34487	1.34392	0.49863	0.62137	0.47066	0.16124	0.61572	0.63359	1.83262	0.19065	0.08851	1.62882	0.09627	0.27925	0.1954	0.52351	0.15771	0.12883	1.02186	0.64979	1.62939	2.6617	0.19618	0.10829
GH43_4	57.46639	143.58408	18.31854	25.68108	54.1731	59.48109	119.73986	52.02046	138.4513	145.32693	65.0912	56.67111	39.50846	75.89501	71.72706	117.13825	30.88218	93.08758	23.93719	42.64557	40.18861	54.85696	59.63605	37.02975	74.50867	102.18841	28.46122	61.28063	40.60283	30.90047
GH43_5	49.72682	163.23896	0.12541	0.24627	0.14927	0.17952	0.30761	0.24787	0.30346	0.19757	0.21789	0.16547	1.62369	2.71225	0.10017	0.15728	2.36927	50.05331	9.23814	28.03968	0.15881	0.62657	12.15767	29.47618	54.58951	78.75071	0.69919	0.40027	0.23514	0.10369
GH43_7	47.40998	169.9482	0.10329	0.3434	21.14623	10.36358	41.53353	6.52497	62.86677	42.18997	6.97774	5.4899	2.25969	8.74591	11.44759	12.13911	2.90595	44.75178	24.9799	29.63318	3.75243	5.54373	18.87826	29.32684	53.20425	85.83838	0.10511	0.19808	0.29971	0.13531
GH43_8	6.26838	1.87477	0.4876	1.74506	16.88947	18.41614	25.82196	6.72697	27.45893	13.74489	9.98437	9.09282	6.04017	5.83532	80.96377	79.1759	21.499	2.21115	7.28229	7.65311	12.8937	5.28712	11.033	9.06774	8.60919	2.05119	4.59783	5.80629	6.18632	3.31437
GH43_9	21.99573	10.87036	10.81341	24.84536	34.49734	16.79502	82.56668	24.64359	56.53608	23.03337	25.61836	24.01386	27.00744	33.90004	65.54554	87.95981	26.85713	9.34607	8.69549	6.70778	32.46969	20.27621	25.15737	5.28812	15.98089	5.33929	10.99168	11.84187	34.6838	43.83927
GH44	3.09309	0.52198	21.76299	10.24436	0.82591	0.49941	28.198	19.67457	1.22744	2.6132	0.58967	0.65961	3.73418	2.53526	0.05799	0.02797	1.98842	8.06459	1.53085	1.05652	0.80306	1.66225	1.93501	4.10075	0.53975	10.74801	0.95279	1.84769	1.20268	1.78472
GH46	NA	NA	NA	NA	6.62941	0.94464	0.76446	4.03055	0.05359	NA	NA	NA	0.02367	NA	NA	NA	0.32289	NA	0.48625	5.37566	NA	NA	1.55086	0.94446	NA	NA	NA	NA	NA	NA
GH47	8.78563	0.09236	1.30909	0.13881	NA	0.04328	1.55457	4.06182	NA	NA	NA	NA	0.02706	0.00826	NA	NA	NA	NA	0.02282	0.0443	NA	NA	NA	0.01614	NA	0.10121	NA	NA	NA	0.09424
GH48	2.79055	7.51367	0.57031	0.36995	2.26729	4.29189	0.79562	2.08717	1.04968	2.49331	2.21388	0.01657	2.35457	1.75556	0.13155	0.03885	0.36256	7.28584	0.46545	0.7606	0.45467	4.48294	1.11704	5.44322	5.61861	12.7841	0.33381	0.48464	0.22051	NA
GH49	NA	NA	NA	NA	1.01955	0.7389	NA	NA	2.13831	1.52074	0.99172	0.52023	NA	NA	0.00731	0.01598	9.34213	0.32945	0.01388	NA	2.87928	0.56456	0.95945	0.23037	0.08764	0.12527	0.36968	0.50738	NA	0.00951
GH5	2531.53488	4764.94513	1197.15349	1182.48382	1341.1937	1067.75848	1695.93691	1424.86991	1021.31539	1150.36881	2233.25412	2079.97152	925.37519	1560.85849	898.72972	1085.53832	1154.72631	2235.76413	1173.96251	1669.53642	1241.20385	1555.71875	943.96423	1705.28329	1408.04685	1809.5791	645.2135	875.33706	1256.05278	2013.11505
GH50	29.2227	12.50128	46.68286	66.13883	77.9561	52.22213	72.59051	35.51479	23.54398	32.38533	59.52509	68.32489	41.90399	44.66584	57.82685	88.59941	34.84216	15.71545	27.31089	25.2875	8.22712	20.72301	24.44837	34.41561	17.2209	15.27136	16.03034	32.74543	27.33616	36.13304
GH51	490.35113	991.4606	397.21845	441.881	621.69257	616.89811	698.91237	588.35197	505.58534	674.91341	588.78057	628.12095	339.56171	469.52694	522.82022	642.85572	366.00277	610.88276	290.16881	381.6613	400.40818	513.54143	400.6235	376.86514	523.54948	693.18808	305.43224	446.43165	452.00209	655.25306
GH52	NA	0.01276	NA	0.11083	NA	NA	0.0274	0.09467	NA	NA	0.08574	0.02413	NA	NA	0.09972	0.56809	0.37041	0.35453	0.05574	0.04425	0.1236	0.18981	0.01185	NA	0.09008	0.0397	0.05069	0.03041	NA	NA
GH53	129.17965	306.19321	186.94641	138.36844	226.91002	244.92281	235.30436	218.7684	183.43096	377.32681	209.38754	254.83917	154.33715	267.55603	169.6234	243.98312	229.91163	247.44993	126.24191	173.10717	200.78538	304.46132	125.14347	148.56562	232.04677	311.77246	154.14671	228.1564	358.34915	488.717
GH55	21.83003	5.19037	54.15872	56.42454	29.81901	19.19098	47.14772	10.68101	17.40322	20.06384	95.21492	81.08248	32.8218	44.00429	11.88639	17.90332	97.03483	8.35818	83.51249	33.18284	86.083	50.55088	29.92256	12.48374	13.19253	8.74481	10.7726	16.28608	73.11601	152.75321
GH56	NA	NA	NA	NA	NA	0.04256	0.09424	NA	5.03792	NA	NA	0.0415	NA	NA	0.02858	NA	NA	NA	0.02746	0.39876	NA	0.18427	NA	NA	NA	0.02496	0.13551	NA	1.07033	0.13006
GH57	150.07851	268.44154	73.57011	102.1637	131.49604	117.53845	199.85413	60.15078	170.94071	98.77255	149.16709	173.29435	184.69674	187.41844	155.43064	136.65843	205.3327	107.63041	190.82244	101.13367	176.93089	97.22933	172.06658	112.11926	156.35319	170.71457	84.01448	88.94284	113.06123	203.48082
GH58	NA	NA	0.03194	0.153	NA	0.01155	NA	NA	NA	0.04521	NA	NA	NA	NA	NA	NA	NA	NA	0.04309	0.03734	0.05344	0.0511	NA	NA	NA	NA	NA	NA	NA	NA
GH59	20.57561	4.96425	6.95831	5.46739	18.5681	29.79886	25.95936	20.86871	32.32145	17.75921	25.78306	9.75896	8.81217	19.96934	7.98666	17.10815	2.63899	23.06347	3.87961	6.90954	11.75173	23.35434	7.22592	11.31735	4.42501	8.19885	2.94838	2.45072	14.77864	4.85748
GH5_1	2.6171	0.49544	5.10549	2.96751	5.01001	5.55201	12.16586	11.50241	2.75102	11.52441	18.46673	3.10374	9.87582	13.25225	2.65136	4.26696	1.83596	9.33435	1.12694	4.14691	1.8241	6.91778	3.84018	11.11005	0.89362	4.9401	0.71084	0.88154	0.84018	0.00594
GH5_12	NA	NA	NA	NA	NA	NA	NA	NA	NA	NA	NA	NA	NA	NA	NA	NA	NA	NA	NA	NA	NA	NA	NA	NA	NA	NA	NA	NA	NA	0.05316
GH5_13	12.82229	8.82324	23.72974	32.21885	32.08224	43.27466	8.68197	7.04665	20.75385	12.11461	48.09953	136.08826	12.10886	5.93887	7.48901	48.87353	16.31037	10.47208	9.46982	12.19208	7.86494	5.84491	6.39737	7.54525	22.74762	5.34064	7.48259	11.03932	26.58076	52.84371
GH5_18	0.29834	0.05973	NA	0.0156	0.18335	0.48342	0.02032	NA	NA	NA	0.09087	0.28639	0.15796	0.18756	0.14796	3.19249	0.0642	2.31655	0.05914	0.1244	0.74995	2.62685	0.03467	0.5274	NA	0.57013	NA	0.02135	NA	0.00801
GH5_2	111.20953	217.46938	78.30607	77.69825	95.83615	76.58261	76.00777	129.44944	82.17622	117.94199	145.37672	139.043	67.85846	101.13952	61.46851	48.35783	82.8047	146.48118	83.635	103.32339	97.49156	143.58686	64.27395	90.91001	107.1118	122.89169	58.79465	109.4187	114.03642	177.91873
GH5_21	80.18416	313.02838	5.21135	8.20477	46.25582	20.47989	62.90471	12.01323	54.57808	35.37041	29.29919	50.46856	8.54464	18.43872	27.58163	37.54583	3.28883	51.91277	14.13741	31.85218	16.78706	23.7449	21.07675	34.53109	39.02955	48.24884	0.17499	0.20894	7.24449	15.05404
GH5_22	0.46948	0.29788	0.29135	0.21449	0.02267	0.05518	NA	0.21338	NA	0.09494	0.21298	0.30167	0.11201	0.15167	0.52201	2.1869	0.12765	0.18801	0.31166	0.07476	0.29569	0.90818	1.31173	2.22782	0.02426	0.19995	0.25556	0.22748	0.12173	0.03848
GH5_25	0.10251	0.00927	2.05293	0.01607	0.0496	0.02036	0.02225	0.03336	NA	NA	0.0199	NA	NA	NA	NA	NA	3.19973	0.25743	0.11393	1.17258	0.0142	NA	0.3657	0.04323	1.1346	0.43717	0.86364	2.07608	0.02289	NA
GH5_26	4.73789	0.51048	0.0237	NA	0.02784	0.04518	0.06274	0.02199	0.21239	0.29394	0.07403	0.09114	1.92463	1.29891	1.00451	0.91205	0.22344	0.05518	0.32753	0.35754	NA	NA	0.25494	0.25251	2.4911	0.90117	0.20776	0.24282	0.15672	0.2593
GH5_36	3.1197	0.05808	NA	NA	0.0222	NA	NA	0.10529	NA	0.01328	0.01785	0.03516	NA	0.19182	NA	0.01024	0.0078	NA	NA	0.01846	0.27735	0.36774	NA	NA	NA	NA	0.94218	1.28223	NA	NA
GH5_37	22.16975	7.42243	13.28972	7.74533	7.96123	7.59023	20.69598	26.11285	28.40878	12.41097	21.47632	3.60855	8.04293	19.04072	6.78117	4.69606	2.49857	16.89804	7.84638	16.00674	5.96457	23.37971	4.0988	15.88346	21.22828	15.19687	4.29789	3.70134	7.18799	0.94563
GH5_38	0.11482	0.43735	14.88896	16.88584	6.09953	3.26526	5.29524	2.04883	5.62931	3.36837	3.14417	1.57179	3.12387	2.87185	14.5706	51.52531	4.03274	1.23728	1.06259	1.70209	6.11457	3.06727	4.85442	3.52749	0.66608	0.24325	0.28233	0.3382	0.37894	0.38409
GH5_4	313.86983	728.05149	108.60664	103.85143	98.6247	71.81614	201.03203	140.22906	93.07941	72.5411	234.18524	155.11002	65.68728	127.53254	27.17656	40.06665	83.14392	217.96817	89.85919	144.00553	139.15818	158.77249	83.97029	155.42293	147.25023	192.92935	79.16086	79.21969	80.44522	162.35995
GH5_41	NA	NA	NA	NA	NA	NA	NA	NA	NA	NA	NA	NA	NA	NA	NA	0.55353	NA	NA	NA	NA	NA	NA	NA	NA	0.02611	NA	NA	NA	NA	NA
GH5_44	5.88772	1.56086	10.6837	12.40622	15.56221	40.624	2.30232	40.11254	3.75526	60.32425	3.42018	18.88631	4.71396	5.60416	1.38043	8.88653	2.11499	61.31451	3.84956	8.96499	3.68978	15.39421	3.40425	29.20445	4.91711	30.27086	6.13792	7.908	45.52436	22.37902
GH5_46	12.45414	2.03802	29.4051	27.36491	19.68091	9.51029	36.91793	7.5168	7.77243	6.69288	43.13163	38.29407	16.27618	26.39379	10.72203	13.85476	30.31784	5.01413	23.80237	10.73786	27.28266	15.64111	10.70495	9.71353	4.43307	2.49563	6.24998	8.66025	27.60809	61.90785
GH5_48	NA	NA	NA	NA	NA	NA	NA	0.28945	0.16729	0.17963	NA	NA	NA	NA	NA	NA	NA	NA	NA	NA	NA	NA	0.06581	0.02596	NA	NA	NA	NA	NA	NA
GH5_49	NA	NA	NA	NA	NA	NA	NA	NA	NA	NA	NA	NA	NA	NA	NA	NA	0.01069	NA	NA	0.01269	NA	NA	NA	NA	NA	NA	NA	NA	NA	0.02135
GH5_5	14.64544	6.59767	1.68351	11.42151	10.6307	7.77263	14.08649	8.29671	11.56092	8.42329	42.57172	92.779	27.84555	20.70231	7.90889	35.46948	35.03538	15.32393	24.27712	15.83394	3.7738	6.09885	19.63374	29.31166	15.7491	14.74691	7.0723	17.86892	24.03616	53.09727
GH5_54	1.06008	0.03596	0.47	0.64498	1.61822	10.14178	0.68897	2.92169	0.41497	2.59822	0.42249	0.13349	1.50516	1.18195	0.38856	0.18915	0.30977	1.14107	0.694	2.3064	0.33649	4.03347	0.07437	1.73022	0.73434	3.12131	1.70176	1.38638	3.45177	1.36542
GH5_7	78.49458	144.06124	27.29206	30.97108	46.93338	27.9004	59.76896	12.25878	11.37746	17.46989	50.17187	38.87901	23.32446	41.81163	71.87077	31.28537	38.37688	59.33444	37.61166	46.71066	37.32279	28.6483	32.64942	40.86831	32.49838	41.58642	4.34396	7.12674	30.46998	68.86783
GH5_8	31.50573	0.20695	1.09909	0.86564	8.64713	10.48726	5.16887	5.24513	3.14914	7.74003	11.79479	3.04219	4.52602	28.51136	2.46424	5.75731	0.56647	5.42068	1.36376	3.43565	2.86398	6.42571	0.4797	5.2822	1.6691	1.00649	2.33109	1.89929	1.35328	0.13703
GH5_9	NA	NA	NA	NA	NA	NA	NA	NA	NA	NA	NA	NA	NA	NA	NA	NA	NA	NA	NA	NA	NA	NA	NA	NA	NA	NA	NA	NA	NA	0.07858
GH63	96.44781	191.33929	101.97521	130.50151	104.82	83.80392	202.15084	58.60809	159.60396	91.89767	161.74827	155.06052	95.07757	125.55482	165.77007	148.13121	180.64084	38.63799	123.76872	89.81154	162.2214	101.25381	108.03146	61.24737	109.89255	88.48807	46.8372	54.51557	145.61013	268.56881
GH64	0.8351	69.32351	0.29132	0.18136	1.12744	6.89845	0.3704	0.87071	0.19427	0.90403	0.31563	0.14448	1.17074	1.16251	0.35104	0.0472	0.19019	0.33614	0.3621	1.12406	11.37655	16.44666	0.22447	1.0843	0.39071	1.29157	0.63696	0.60504	1.35801	0.44657
GH65	45.15358	15.21778	88.67632	98.21805	108.74706	73.91081	152.20512	98.91252	109.02281	74.91901	139.03571	151.68814	61.43722	72.44677	75.79081	112.45992	91.2817	60.12205	86.66658	76.07776	92.76473	72.90161	58.48139	50.93231	65.99524	34.88748	182.34328	176.80459	170.5223	138.64262
GH66	41.38058	46.33545	118.27212	118.99133	127.54643	92.19606	111.96843	36.54581	47.50052	45.75443	161.97922	110.39362	168.10718	179.63213	33.46474	55.8542	109.98281	15.43699	101.32066	74.43394	95.30696	63.55208	46.75239	37.45296	27.3365	16.02468	13.55398	25.75629	120.65256	247.08664
GH67	112.49194	312.46286	52.23029	83.59191	139.06796	109.65741	164.47862	81.9687	166.32229	113.86489	121.1776	157.63134	49.53966	68.36256	88.91267	124.20911	53.73112	111.17617	66.7728	99.60537	74.30324	61.9511	64.86845	77.21103	141.66415	192.39747	75.83757	79.15285	61.58961	81.93034
GH68	NA	0.20681	NA	NA	0.1016	0.51829	0.09212	0.2081	NA	0.0526	0.59816	NA	5.85238	0.06299	NA	0.11334	0.12845	0.04714	0.48838	0.13474	0.27204	0.12969	0.15982	0.02219	0.0389	0.02752	0.01653	0.13026	0.21345	0.04528
GH70	0.28787	1.12274	0.07641	0.07479	1.0746	2.26944	0.50843	0.95587	1.55132	0.66877	5.54346	0.87882	25.68451	0.7236	0.68851	2.78538	0.80126	0.31443	2.7271	0.9002	0.52671	0.66654	1.45638	0.86615	0.68358	0.49501	0.12886	0.3379	1.36803	0.41254
GH71	0.07981	NA	NA	NA	0.26741	0.31784	NA	NA	0.52879	0.45416	0.03902	0.66111	NA	NA	NA	0.00695	NA	NA	0.34713	0.99256	NA	NA	NA	0.16105	NA	0.82699	1.28182	1.12091	NA	NA
GH72	NA	NA	NA	NA	NA	NA	NA	NA	NA	NA	NA	NA	NA	NA	NA	NA	0.00678	NA	NA	NA	NA	NA	NA	0.02343	NA	NA	NA	NA	NA	0.12907
GH73	364.77335	470.78675	293.11007	338.27347	360.03443	322.03397	456.88183	317.52301	459.73704	340.63469	431.89903	516.10656	479.63204	452.26891	406.96287	451.48985	525.70024	388.69215	478.60375	336.24413	621.91381	507.3868	560.37293	407.53752	588.69469	642.09951	211.6433	249.10237	343.86598	442.46416
GH74	21.73622	1.54354	24.91967	31.48229	21.91931	17.07786	32.30562	13.74503	9.5767	26.45514	45.93125	37.94934	17.92836	40.72525	5.81976	8.97467	30.63996	17.30528	27.61326	16.34177	28.68456	19.00928	10.48019	6.83152	6.773	6.98202	2.84226	5.08479	27.62782	65.44433
GH76	50.27744	27.71039	139.67513	189.06574	199.02544	217.90317	195.59513	55.92184	122.31071	91.43398	311.11208	491.72278	149.61597	148.91996	206.20317	213.48345	224.04229	34.48096	134.9629	70.6663	161.31194	92.66242	103.1943	62.11291	72.413	34.66552	33.33089	59.36385	185.15999	382.32853
GH77	633.12617	613.05922	622.35984	536.55258	558.01058	693.93611	495.70758	856.96437	664.53742	891.78218	596.68283	634.48861	573.06846	581.06271	511.4434	575.44761	444.95739	801.21906	378.92994	548.95211	504.25253	713.34269	545.3096	654.60392	612.34055	763.39089	658.91561	701.77611	701.14446	521.17174
GH78	437.05843	678.17345	472.52334	477.94925	676.81147	651.52422	639.8112	379.02916	500.61953	342.67832	691.55842	904.35861	430.80794	464.81713	786.64252	1098.66023	779.15473	513.19283	498.16484	572.63833	522.69812	459.52701	533.09056	513.27023	258.35155	209.62951	395.3815	487.73776	516.02525	715.6976
GH79	1.53611	0.90122	3.82923	0.95386	24.24844	8.85275	18.31251	14.44685	1.5266	5.05326	6.66725	3.88016	2.45104	10.83424	7.69383	4.553	3.7377	7.03245	0.92856	1.58668	0.52579	3.63767	1.2158	0.94306	1.90812	2.11965	2.25824	1.69935	1.41358	0.73875
GH8	80.888	207.65255	56.06296	51.51926	111.6633	100.33063	103.94626	130.82259	87.40453	152.45418	74.74492	58.29027	44.40568	69.7101	44.6811	34.86277	20.90747	129.90957	40.12103	47.23937	12.52227	47.16938	51.31056	69.40644	95.07652	105.61322	64.69273	119.4849	74.63514	75.02263
GH81	2.01543	0.15159	0.5292	0.58964	4.36894	8.2726	0.66064	1.87991	0.87513	3.83358	1.49538	0.92769	3.6777	5.49618	1.34844	1.13464	1.28258	2.87432	2.46881	5.32623	4.51101	3.586	2.09106	6.54514	2.05799	5.55175	3.71948	3.14259	4.05351	1.19862
GH82	14.69643	37.89207	0.02893	0.02299	NA	NA	NA	0.01591	0.13169	NA	NA	NA	1.10565	0.52298	0.01817	NA	NA	NA	NA	NA	NA	NA	NA	NA	1.50476	1.5175	NA	NA	NA	NA
GH84	90.84874	35.91084	101.95875	124.74082	81.03262	73.27514	173.37024	54.15784	92.26594	49.94749	114.04901	128.50229	84.48454	101.10712	107.09573	144.19867	131.93964	88.42572	81.94844	72.27104	127.82234	77.83755	146.85963	87.1413	121.86057	107.03019	66.07463	71.17949	108.09544	190.78459
GH85	18.80179	42.04579	3.55001	2.61288	18.50168	14.10052	26.20105	17.41781	9.50816	8.09146	10.33046	11.45429	74.46117	66.12127	12.04772	27.9612	32.3515	35.48518	23.19304	23.17517	35.09162	23.60287	37.25262	64.31997	85.57464	48.9449	51.33292	62.62198	26.9988	24.33862
GH86	7.19898	0.502	0.02678	0.04484	0.01031	NA	0.00914	0.00486	0.0134	NA	NA	NA	NA	0.01332	0.01109	0.04816	0.82279	0.54826	NA	0.01307	NA	0.02086	NA	NA	NA	NA	NA	NA	NA	NA
GH87	0.34153	36.64233	0.22196	0.44476	1.7793	3.63991	1.03688	3.89166	0.31426	0.07102	0.81861	0.75858	89.41802	81.31228	0.23769	0.1514	1.14065	0.92491	0.87405	1.48562	0.60993	4.82312	0.16324	0.11771	0.22581	0.81349	0.36703	0.44143	4.86681	1.51047
GH88	152.00422	73.15538	378.68319	468.50194	669.80028	500.03971	830.23728	259.12968	576.7672	358.10788	721.46626	666.32953	352.43768	459.62422	507.18781	851.08103	443.23893	165.98056	281.61983	175.26988	452.14432	297.48022	472.15638	161.25729	160.00573	75.61934	131.4214	161.64975	333.06082	552.3396
GH89	162.26474	78.60603	139.84434	251.1345	334.88676	327.38641	431.90656	171.81572	298.50898	174.43663	386.74219	631.61063	195.13834	222.40078	233.87003	295.00815	292.33432	99.22329	151.90437	157.51687	198.15403	141.60615	354.24178	178.68663	126.03952	124.89575	133.97903	148.60558	267.23559	414.15784
GH9	139.58158	230.87663	262.69062	317.18547	252.46334	132.21219	378.36963	139.68596	219.23993	184.52864	459.9681	441.46058	194.28035	274.00688	40.93722	40.76169	347.90812	81.85481	275.14413	137.76919	254.29967	210.20635	147.90666	103.39907	105.59523	93.74152	47.55938	81.37091	339.95413	734.02545
GH91	12.35767	6.5862	5.86233	2.41212	7.72869	9.3219	2.2031	8.54196	191.37394	139.84904	34.70355	25.34718	17.78172	10.13309	17.24628	70.22977	6.2932	19.11465	12.85742	7.53219	3.85799	21.65291	11.84953	14.38633	13.05782	11.97461	19.92045	75.50797	6.69493	4.01571
GH92	847.81958	1165.06298	800.74609	1177.1116	1897.86369	1636.95903	2003.90688	604.06001	1767.83757	1016.69795	2086.12404	2704.7749	1095.68701	1307.87145	2251.29446	2279.65921	1879.37414	546.16381	1064.75034	688.38544	1267.92554	733.47718	1337.32043	609.09926	731.21835	596.14045	403.12155	553.27182	1490.53636	2680.52262
GH93	1.98278	1.10552	0.9143	0.84106	1.97206	3.16855	0.84555	12.36526	0.8879	0.69588	8.82996	5.29976	0.3795	0.22522	2.36681	0.94153	0.93085	1.37778	0.53932	0.69538	3.35591	2.72972	1.40374	5.90799	3.01254	2.05973	0.93318	1.14176	2.39917	3.18939
GH94	300.18964	379.86246	369.29866	283.08072	221.96489	292.13166	201.52954	516.03104	189.97723	426.71913	305.00102	243.13167	297.77748	355.76525	148.18927	131.98416	204.7973	428.98519	271.85099	305.55081	230.9725	378.28134	257.29275	318.98379	336.25118	432.26422	500.41639	599.87263	385.73651	368.08831
GH95	436.2648	869.53074	270.62012	369.50862	624.9444	581.06925	835.4032	288.73913	709.7366	488.06578	571.7394	733.44528	495.12303	558.05475	642.26184	913.73207	388.75712	389.74504	288.82593	374.16755	385.2358	312.09506	511.53855	309.86753	446.32938	481.64708	203.54432	214.0644	364.73368	492.78489
GH96	0.1397	NA	0.07439	0.06033	0.14417	0.07109	0.05968	0.06214	NA	NA	0.07505	0.04591	0.01969	0.02707	NA	0.14368	0.02201	0.17573	0.14695	0.06533	0.01952	0.04548	NA	0.24402	NA	NA	0.1437	0.08317	0.11987	0.02732
GH97	1013.9774	2344.40165	805.02904	1088.59651	1677.51013	1278.71261	1974.14302	535.32286	1428.80664	860.23934	1873.3182	2050.58212	1466.62181	1752.96802	1584.24884	1632.34625	1472.7481	825.29827	965.38011	837.696	1298.57226	815.60576	1257.52962	703.75706	1341.62166	1533.89285	289.11941	400.15414	1288.22622	2417.18838
GH98	6.21063	1.76735	2.42943	4.15004	23.72176	28.61622	0.61041	0.52529	0.43097	0.19413	2.90159	0.87536	2.65924	0.78088	6.82349	12.72476	6.89039	3.23307	6.04017	12.34952	1.42286	1.04243	8.95702	16.72496	8.18332	4.88798	3.21583	5.12355	8.51397	5.4403
GH99	1.47851	25.78738	0.19696	2.5207	2.02541	3.80699	0.86421	0.64729	4.11819	2.1448	4.52023	2.53103	53.87659	51.7436	2.44357	14.10282	2.12254	0.27586	1.58565	1.54192	4.6053	2.65469	3.12338	0.87247	2.89102	0.73576	0.98603	3.45363	2.46265	3.60176
GT1	25.66623	15.44053	33.82651	33.39756	13.7849	11.72979	14.95489	32.54241	19.50186	13.04228	22.70677	44.8294	15.72824	14.24501	49.70397	55.53827	21.06833	22.85258	12.78406	22.90183	7.24651	12.67394	18.23385	22.63446	17.71296	10.78906	58.43022	48.4076	28.76196	31.87289
GT10	16.98105	9.06134	16.91792	15.47715	15.9814	14.1759	23.9011	14.56014	4.55963	4.32209	26.18909	19.77579	17.69412	22.85539	9.50062	15.33792	12.97345	50.38709	12.03316	14.74051	10.50883	8.21237	9.76136	19.60696	4.61575	3.02199	19.72764	22.77739	8.41674	15.24742
GT101	9.67356	2.63249	15.05999	26.24407	32.66399	38.50499	10.20428	11.59253	42.35202	23.30709	45.30722	55.60802	33.00539	54.57778	56.73013	72.1865	57.79706	25.19622	19.9579	14.22348	22.65239	11.53216	24.22255	14.038	6.71639	7.90975	12.39429	11.72839	11.61801	21.77956
GT102	NA	NA	NA	NA	NA	NA	NA	NA	NA	NA	NA	NA	0.01678	0.04615	NA	NA	NA	NA	0.01391	NA	NA	NA	0.0418	NA	NA	NA	1.50535	1.47927	NA	NA
GT103	NA	NA	NA	NA	NA	NA	NA	NA	NA	NA	NA	NA	NA	0.05362	NA	NA	NA	0.01839	NA	NA	NA	NA	NA	NA	NA	NA	1.25228	1.46833	NA	NA
GT104	3.19886	1.79618	4.89812	3.16483	0.5643	1.91704	3.97229	0.87236	3.97334	3.77556	1.25697	0.85389	1.82312	2.02152	1.22363	2.3938	1.77186	3.81942	2.37859	2.95146	0.88986	0.50266	7.91309	2.98164	1.21333	3.63092	1.08875	0.88849	2.035	4.17402
GT107	0.40795	0.26772	0.17552	0.34134	1.09666	0.66275	1.39865	0.4926	2.94921	1.6858	0.54939	0.92039	0.06269	0.2614	0.99811	0.10739	0.61766	0.48138	1.13712	1.34129	0.16647	0.10939	4.20674	2.91598	0.31696	0.1607	1.8339	1.54271	2.48097	4.94471
GT108	0.90035	NA	1.70245	0.44467	0.04333	NA	0.09608	5.8591	0.12357	1.11471	0.01718	NA	3.06814	1.1015	0.03595	0.33794	0.4136	2.23999	1.01386	1.21541	0.28456	3.24956	0.10326	1.53133	0.42116	1.16276	0.80475	1.38614	0.14782	0.1669
GT11	71.48343	132.0792	93.20002	120.94921	91.25674	96.79369	152.14914	64.24291	208.84586	95.79486	137.97501	106.20163	200.64783	183.03774	134.57899	205.45585	103.9019	45.18835	99.62552	84.50014	125.25602	88.69324	105.66092	85.32484	76.60567	64.24306	40.27219	55.32292	103.64253	155.36855
GT111	95.00661	103.80055	55.8708	58.90432	155.36368	192.54001	139.81382	179.28227	113.3072	192.01367	94.94106	87.60741	105.41149	153.51463	183.76379	200.59867	112.28516	258.22139	103.99063	117.76692	147.73176	145.42677	250.77829	223.74131	161.66698	206.72528	162.51254	192.6698	135.72138	125.66222
GT12	7.43096	0.25267	1.70531	0.0712	1.01696	1.44954	10.00857	44.66474	0.06994	0.54714	2.74243	1.07302	0.10475	0.13716	0.61241	0.33867	0.05716	3.34441	4.51841	5.54758	22.49563	13.55647	0.07643	0.12295	1.98594	1.09719	0.57563	0.24222	39.80256	0.01776
GT13	2.52355	0.03122	NA	NA	NA	NA	0.56064	2.051	NA	0.01889	0.0088	NA	1.44444	1.07082	NA	NA	NA	NA	NA	0.00461	NA	NA	1.14093	0.1545	1.32082	0.51909	NA	0.00524	0.61749	0.55498
GT14	70.74902	86.08159	47.96888	82.31041	111.55176	132.81769	160.43492	47.56766	99.59029	88.3084	137.67885	106.21155	71.39181	72.48505	123.72486	64.68287	94.86853	86.41682	67.72645	91.86952	87.22507	66.20837	132.65462	123.22768	131.46278	179.75531	40.45267	28.41435	77.15532	106.6785
GT15	NA	NA	NA	NA	NA	0.09656	NA	NA	NA	NA	NA	NA	NA	NA	NA	NA	NA	NA	NA	NA	NA	NA	NA	0.02495	NA	NA	NA	NA	NA	0.23588
GT17	0.54105	0.71067	0.54212	0.92001	9.30987	10.69242	9.64238	3.43309	19.66559	2.04817	0.57015	1.16563	1.32886	0.45159	2.07359	0.91203	1.81465	1.36884	2.0586	2.26399	2.18497	2.25699	1.81933	2.98515	2.45893	2.66849	1.27453	1.02881	4.35361	2.23072
GT19	220.71126	441.94785	87.92289	122.69559	181.79125	172.75949	255.78333	79.15344	244.45339	145.08121	207.49404	233.06086	250.39033	253.19724	194.1786	170.36105	265.78056	147.7406	188.16324	161.7648	191.45132	116.70206	242.20424	154.50744	201.78379	185.91671	91.58503	123.27051	152.86018	277.35868
GT2	4668.3301	6303.60626	4354.31204	4167.14038	5810.30401	5411.22769	6606.97134	5304.25491	5667.71568	5136.55236	5510.29278	5605.3127	6307.56224	6189.37357	5906.23417	6784.98758	5854.44184	5600.96526	5140.54674	4885.47639	4715.52125	5049.06934	5909.53643	5136.93174	4957.24346	5457.20022	4720.92674	4722.30963	5726.74939	5955.94071
GT20	35.20225	18.9857	73.94925	92.40073	71.68153	73.19938	139.47585	41.75116	98.73496	50.712	140.04223	175.5139	69.50337	80.69996	97.07166	170.25419	153.85902	22.11032	71.62517	40.91276	96.82066	51.41077	115.56271	44.94444	36.26968	12.23439	23.33906	39.08936	102.24451	196.33552
GT22	1.49132	0.27916	3.01925	3.14858	1.93061	1.18754	1.09451	1.41068	0.8055	0.49936	1.25386	0.80357	1.2261	1.04826	7.04655	0.46641	7.59799	2.05399	2.27974	1.38825	1.70606	0.76187	2.90536	3.08935	1.83979	0.9773	0.45924	0.71051	0.53259	0.77943
GT23	16.64156	6.85765	13.11679	22.65117	26.1294	40.39506	83.1487	32.22281	43.98645	19.76398	34.0938	32.86644	157.90891	122.70095	72.77799	89.64112	35.94564	11.82787	14.15669	10.22685	33.85925	22.09504	42.35598	17.50997	30.38874	38.75007	16.71552	22.06917	36.82626	43.00696
GT24	0.64981	NA	1.28764	0.20716	NA	NA	0.20251	0.59307	NA	NA	NA	NA	NA	NA	NA	NA	0.02779	NA	NA	NA	NA	NA	NA	NA	NA	0.0433	NA	NA	NA	NA
GT25	13.88206	6.19842	0.56351	0.96692	7.11663	5.42037	5.94694	1.37792	8.11989	5.2368	3.83975	2.49634	9.75525	7.80121	16.82316	30.24678	21.6933	7.00706	17.84725	8.86747	4.29326	1.77291	16.08875	5.0859	5.3051	5.1028	1.01574	1.13717	5.18132	5.80497
GT26	132.61272	148.51575	189.16539	201.9733	173.40652	177.75508	296.49007	147.71986	163.97797	115.49012	133.72428	140.61673	183.95373	189.45865	239.84303	322.96513	177.77993	221.7842	127.40137	155.87213	207.55392	163.9824	261.56561	148.17122	195.61715	159.80448	131.87364	137.17005	130.8246	107.78973
GT27	1.01274	NA	NA	0.01566	0.023	0.01866	25.96264	8.00335	0.0598	NA	NA	0.01796	NA	0.00991	0.01237	0.01039	0.00803	NA	3.56222	2.10108	NA	0.00643	0.01733	0.01387	9.13491	5.35293	NA	NA	NA	0.0079
GT28	485.72196	353.77338	405.38727	378.07657	385.56289	443.47823	332.08036	486.89818	336.6856	445.76279	331.10998	312.80123	392.35599	393.44222	354.08073	272.35428	448.12509	468.28295	674.57362	494.89141	442.70617	452.3577	405.85356	469.3282	399.48601	432.01812	575.58604	534.43313	448.23559	374.50669
GT29	0.08997	0.00949	NA	NA	NA	NA	0.02252	NA	NA	NA	1.55049	0.65447	0.1432	0.04375	NA	NA	0.00889	0.01501	0.0147	0.01251	NA	NA	NA	NA	0.79184	3.38424	NA	NA	NA	0.76803
GT3	200.07881	372.05184	79.70481	121.50357	156.36204	146.35538	210.9094	57.79361	213.55018	112.5383	197.81428	219.56974	226.0613	224.31238	270.74924	215.29098	277.43949	116.06184	175.63413	144.63857	172.01589	97.35611	243.15242	129.91775	179.29759	203.33455	82.01096	119.44427	137.30906	243.24538
GT30	166.06192	313.37225	87.81262	120.25682	149.562	138.17873	233.47444	77.24148	203.48506	121.19827	176.17622	187.88723	200.17591	210.27168	181.41704	168.0858	223.51405	119.37678	162.8751	142.52159	157.60794	92.07047	211.417	134.89148	178.8329	170.45875	77.7844	103.25293	130.74932	230.36921
GT31	18.6815	0.88647	4.26394	6.05585	0.1041	NA	1.28854	3.40574	0.48782	0.55123	0.08433	0.0261	0.02782	2.13643	NA	0.09709	2.23847	1.18028	0.6188	0.68633	0.29934	0.17852	2.08188	3.82109	0.04485	0.05553	10.15615	4.00492	5.3706	13.82676
GT32	168.98142	129.59218	176.8058	112.69353	275.51015	269.44426	330.94341	242.21197	376.07774	253.8007	162.56409	183.82444	275.6308	226.3609	326.93999	322.46029	250.38485	273.99931	169.51408	205.63485	185.23201	231.33602	295.74338	274.34778	193.18102	160.14235	181.23861	160.09029	178.70299	105.26656
GT33	1.37158	NA	0.3618	0.03022	0.20929	0.11319	0.13026	0.16916	NA	0.37561	0.11064	0.05448	0.30598	0.03005	NA	0.06414	0.0644	0.24742	NA	NA	NA	0.1786	NA	NA	0.07466	0.02906	2.91871	NA	0.06692	0.14637
GT34	NA	NA	NA	NA	NA	NA	NA	NA	NA	NA	NA	NA	NA	NA	NA	NA	NA	NA	NA	NA	NA	NA	NA	NA	NA	NA	NA	NA	NA	0.0294
GT35	771.01144	749.99635	775.22434	736.35131	827.24696	958.06885	796.1241	1066.73596	1001.79832	1097.46138	911.90741	887.52819	846.28628	861.59189	699.27799	765.86515	885.44303	916.99812	718.46464	856.59053	826.88189	961.54157	961.77085	874.16802	839.90796	865.46892	898.4929	934.54195	918.63668	950.13428
GT37	8.91401	0.03082	NA	NA	0.04044	NA	0.36539	0.84282	NA	0.01853	NA	NA	0.0194	NA	NA	NA	NA	NA	NA	NA	NA	NA	NA	NA	NA	NA	NA	NA	NA	NA
GT38	1.36323	0.87017	0.8286	2.42043	2.05202	2.80924	10.35014	3.11182	7.08574	2.9922	3.25434	3.35548	2.2902	2.4306	13.45439	15.97832	3.88461	0.53066	0.89729	0.92825	3.94147	2.63802	3.59118	0.69859	1.57841	0.44778	1.24082	1.24215	3.56773	2.91504
GT39	24.84353	10.48131	41.50215	46.6205	17.28832	12.14734	14.71306	34.34431	29.53662	10.90386	26.53951	11.1553	13.23878	17.47386	19.04701	31.11255	21.38508	29.25033	28.49202	31.82268	15.95252	25.24115	23.6678	39.56466	30.68634	20.9728	95.3939	79.72826	31.49225	7.83076
GT4	2352.00898	2146.81979	2732.42837	2840.42017	3462.71774	3162.27201	4132.04309	2647.63887	3621.91487	2698.88595	3730.78629	3367.54633	3127.6747	3046.20433	3988.77627	4765.78212	3387.16025	2874.25767	3344.55257	2824.6614	3661.28445	3050.02495	3713.61256	2827.83525	2585.15797	2582.42512	2442.97355	2441.12012	3033.50369	3589.38477
GT41	0.44191	0.17971	0.11494	0.29905	0.00993	0.01165	NA	0.22983	1.5073	0.70864	0.01966	0.01998	0.26609	0.15568	NA	0.00913	0.03821	0.03596	0.29129	0.52139	0.02879	0.00989	0.00762	0.00601	0.4064	0.43651	0.90405	0.43997	0.97653	1.19854
GT44	0.07498	NA	NA	NA	NA	NA	NA	NA	NA	NA	NA	NA	NA	NA	NA	NA	NA	NA	NA	NA	NA	NA	NA	NA	NA	NA	NA	NA	NA	NA
GT48	NA	NA	NA	NA	NA	NA	NA	NA	NA	NA	NA	NA	NA	NA	NA	0.0384	NA	NA	NA	NA	NA	NA	NA	NA	NA	NA	NA	NA	NA	0.27764
GT49	31.02151	0.31393	NA	0.0441	0.02634	NA	7.57844	17.84843	NA	NA	0.04705	0.02285	0.0194	NA	0.01044	NA	NA	NA	NA	NA	NA	NA	NA	NA	NA	NA	NA	NA	NA	NA
GT5	237.80693	60.54665	334.95995	261.55757	286.05134	322.98309	219.25225	421.75273	227.42246	421.07958	261.05621	256.72928	214.37074	221.22033	215.03141	216.5916	228.66855	343.49469	210.06593	306.33181	215.9694	343.28057	248.31349	294.63835	179.26356	205.14978	370.46962	395.59205	321.34844	284.29111
GT50	0.5743	NA	0.26259	0.10206	NA	NA	NA	NA	NA	NA	NA	NA	NA	NA	NA	NA	NA	NA	NA	0.03567	NA	NA	NA	NA	NA	NA	NA	NA	NA	NA
GT51	772.91394	986.57339	560.97077	562.37396	676.32446	707.82486	638.45276	695.38404	534.70654	665.84393	633.96898	652.87584	732.61099	738.49224	615.93325	673.05298	625.57483	831.92422	671.09243	620.95692	601.57232	646.12875	697.35126	693.61952	786.45314	836.67464	739.50382	677.35296	654.04272	681.33836
GT52	NA	NA	NA	NA	NA	NA	NA	NA	NA	0.03191	NA	NA	0.09059	0.01553	NA	NA	NA	NA	NA	0.01109	NA	NA	0.02046	NA	0.02707	0.02208	NA	NA	NA	NA
GT53	NA	NA	NA	NA	NA	NA	NA	NA	NA	NA	NA	NA	NA	NA	NA	NA	NA	NA	NA	0.00241	NA	NA	NA	NA	NA	NA	NA	NA	NA	NA
GT56	0.38632	0.19297	0.25662	0.21609	0.42323	0.42919	0.08819	0.04985	NA	0.58343	0.11939	NA	0.41881	0.15951	1.50844	6.01005	0.11262	1.14784	0.64558	1.25633	0.48306	0.13399	0.94687	0.68394	19.37697	1.09251	0.00951	0.09941	1.01496	2.19882
GT57	2.89176	0.04846	0.32886	1.35751	0.48862	0.34456	0.83527	0.9672	0.3129	0.22445	0.31754	0.52548	0.14069	0.2095	0.6594	0.04072	0.63089	0.21917	1.09051	0.63331	0.16305	0.54817	0.30525	0.53752	0.11483	NA	0.39098	0.33915	0.58444	0.32447
GT58	1.04442	NA	NA	NA	NA	NA	0.61884	1.14457	NA	NA	NA	NA	NA	NA	NA	NA	NA	NA	NA	NA	NA	NA	NA	0.13249	NA	NA	NA	NA	NA	0.01695
GT59	0.09953	NA	NA	NA	NA	NA	0.0982	0.74295	NA	NA	NA	NA	NA	NA	NA	NA	NA	NA	NA	NA	0.06685	NA	NA	NA	NA	NA	NA	NA	NA	NA
GT6	20.96128	6.74646	16.51887	18.88641	24.26849	26.26913	13.9509	16.2775	105.24738	79.64487	37.64385	34.50134	22.68806	19.96315	23.03697	78.51667	25.92209	43.16836	19.22296	18.21529	5.4698	10.44501	31.37585	26.43161	21.21126	15.76351	8.52211	26.22328	41.78455	14.92558
GT60	1.29636	0.0526	5.49512	9.88007	NA	NA	4.44744	9.36014	0.18317	0.25236	NA	NA	1.40748	0.88649	0.07562	0.02154	2.32881	0.77524	1.48272	2.43501	0.10912	0.23261	0.32362	0.31161	0.39703	0.26567	35.26537	31.11333	0.17802	0.03289
GT62	NA	NA	NA	NA	NA	NA	NA	NA	NA	NA	NA	NA	NA	NA	NA	NA	NA	NA	NA	NA	NA	NA	NA	NA	NA	NA	NA	NA	NA	0.06
GT66	4.75895	0.22029	7.98545	0.98599	6.92983	15.14658	1.05598	8.04242	1.55488	16.88878	3.68169	5.87896	4.5491	3.12738	2.12819	0.57825	2.1659	4.23482	2.11122	1.70425	1.46516	12.39653	6.9866	4.63691	1.01978	2.94009	3.70391	8.91572	8.24747	6.48024
GT69	0.06381	0.1205	NA	NA	NA	NA	NA	NA	NA	NA	NA	NA	NA	NA	NA	NA	NA	NA	NA	NA	NA	0.00756	0.20446	0.22591	NA	NA	NA	NA	NA	NA
GT71	NA	NA	NA	NA	NA	NA	NA	NA	NA	NA	NA	NA	NA	NA	NA	NA	NA	NA	NA	0.04865	NA	NA	NA	NA	NA	NA	NA	NA	NA	0.111
GT72	NA	NA	NA	NA	NA	NA	NA	NA	NA	NA	NA	NA	NA	NA	NA	NA	NA	NA	NA	NA	NA	NA	NA	NA	0.28707	0.09366	NA	NA	NA	NA
GT73	2.1396	0.59325	2.85892	0.48531	8.82289	3.2542	7.75042	7.2933	2.84768	0.62891	1.31344	0.19262	1.13086	3.76355	4.11324	5.73779	6.24522	6.80792	3.25605	1.86889	0.67367	1.51492	0.48867	0.42303	20.61814	1.16462	1.54314	2.05283	6.57322	5.30327
GT75	NA	NA	NA	NA	NA	NA	NA	NA	NA	NA	NA	NA	NA	NA	NA	NA	NA	NA	NA	NA	NA	NA	0.18378	0.27186	NA	NA	NA	NA	NA	NA
GT76	NA	NA	NA	NA	NA	NA	NA	NA	NA	NA	NA	NA	NA	NA	0.01319	NA	0.0515	0.01449	0.16267	0.08153	NA	NA	NA	0.14835	NA	0.05349	NA	NA	NA	NA
GT77	9.46843	0.06023	NA	0.03274	NA	0.03301	1.39034	2.82157	NA	NA	NA	NA	NA	NA	NA	NA	NA	NA	NA	NA	NA	NA	NA	NA	NA	NA	NA	NA	NA	NA
GT8	236.0671	315.02814	147.38325	141.32512	293.88728	236.37135	264.67158	286.94231	204.43181	283.02881	207.7641	174.36504	136.02978	155.59588	143.92025	155.37438	157.76121	361.80946	259.3684	302.73736	154.29022	174.49378	241.43351	278.17208	289.17718	374.363	248.42163	169.04125	179.99736	178.33401
GT80	0.5334	0.17681	5.20278	11.0038	6.85945	5.3948	3.71654	0.68439	1.26497	1.3451	5.53519	8.24678	7.8407	6.61645	61.09205	8.30351	14.96104	3.25429	7.28099	6.35766	3.40156	1.80321	5.27197	2.19832	2.87146	1.74441	5.57383	5.08647	3.23437	4.77192
GT81	1.75368	0.01994	NA	NA	NA	NA	NA	NA	NA	NA	NA	NA	NA	NA	NA	NA	NA	NA	0.31584	0.07829	0.14951	2.62594	0.16234	1.12065	0.49032	0.7074	NA	0.15265	NA	NA
GT82	3.32131	3.55948	NA	0.01887	NA	NA	7.15431	2.0114	3.65814	1.82427	0.02198	NA	0.22581	0.37016	NA	0.03626	0.01381	0.01639	0.5013	0.55326	15.10812	14.69318	0.14887	0.04773	1.75042	1.28061	0.02062	0.09168	0.03782	NA
GT83	161.46898	311.64042	67.10006	93.89763	128.85003	133.66756	169.41157	60.61871	157.98079	105.01743	146.07001	145.86796	81.38797	83.85127	156.29007	132.07484	149.12112	121.09882	125.71668	127.02587	157.75355	114.93756	135.96577	108.64639	180.26922	182.03961	44.84219	50.74518	103.47394	164.56844
GT84	27.54633	5.91105	31.91726	37.42947	9.05715	2.77873	5.22805	12.40469	4.73611	2.2468	2.97925	1.39298	5.11428	6.88729	5.54843	1.26482	34.59276	18.35805	113.27887	31.41201	53.74251	29.06479	17.44047	23.49606	26.25283	10.71568	104.61871	52.79072	23.7924	3.08117
GT87	0.91903	0.14339	1.28612	0.84062	1.13072	0.28275	0.17905	0.24912	0.48546	0.03875	0.18174	0.12648	1.3004	0.96255	0.25668	2.91188	0.82531	0.44162	1.40063	1.15074	0.36342	0.78092	0.42287	0.17008	1.40622	0.47212	0.77388	0.53618	0.16047	0.61587
GT9	179.83796	376.46799	104.07489	161.8923	213.44361	163.87711	235.3476	80.55218	157.58156	90.58926	225.01006	256.72601	236.85178	225.39952	213.51871	183.79428	209.55574	128.73447	161.33417	160.70234	181.85915	118.45059	223.79114	164.7556	261.38593	178.90612	79.23785	101.75184	172.69373	283.56595
GT92	NA	NA	NA	NA	0.7202	NA	NA	NA	NA	NA	NA	NA	NA	0.01149	NA	NA	NA	0.01617	0.01362	NA	NA	NA	0.35687	2.4014	NA	NA	NA	0.06301	NA	NA
GT97	0.0441	NA	0.41345	0.11556	NA	NA	NA	NA	2.68202	0.96611	0.19455	0.08029	0.33077	0.10912	0.05593	0.39944	4.7514	0.20723	23.28949	8.51658	36.43885	19.06304	3.72595	2.31403	2.497	1.35924	0.11318	0.06966	0.20736	0.08618
GT99	0.57701	0.00616	3.41985	1.62831	1.21498	0.24168	8.59888	6.37971	0.04287	NA	0.31287	0.12802	0.13276	0.02109	0.16869	0.83016	0.00577	NA	0.15027	0.20057	0.2363	0.08244	0.67045	0.02958	0.25738	3.10738	0.14814	0.03936	0.02003	0.00577
PL1	678.3866	2085.82171	192.36629	318.77538	739.49584	674.09848	678.53694	229.18636	905.23114	617.55088	628.73903	1093.05416	806.21186	831.43927	393.41392	667.42054	350.34172	665.18344	154.24135	167.72934	258.58751	203.84065	319.88074	170.64569	485.92594	434.64787	118.9635	148.4065	498.77184	762.28981
PL10	19.70959	6.22233	17.47005	28.50669	34.89005	51.96245	86.60908	26.68684	64.03643	26.02772	55.66371	89.7032	30.12772	31.92581	95.85912	117.34606	35.26309	13.01501	12.82848	12.01908	47.90514	29.99056	38.36131	9.9204	14.18257	4.16135	13.18082	13.85685	38.01871	41.49525
PL10_1	61.61143	189.61563	19.03048	34.19131	87.51732	76.59646	134.60755	36.09279	115.56216	65.99734	60.93487	77.80272	129.79882	145.02226	72.76733	89.33054	45.06742	21.95839	15.78359	11.80806	37.46127	23.57877	48.89589	9.04103	19.90746	8.33122	17.10018	22.73782	45.93542	61.91666
PL10_2	9.49852	3.57741	8.42874	17.88721	17.60854	25.84839	44.36306	15.13183	27.75973	10.88342	25.43577	25.18614	13.40947	13.39396	42.56466	47.51219	13.6342	3.22627	4.42526	3.35779	28.55559	17.43073	15.45654	3.00166	4.53003	1.85204	5.19473	5.08433	21.0421	21.87306
PL11	45.25798	33.23223	26.6775	62.37356	143.41465	130.18508	218.62301	80.57488	194.69205	114.34201	148.80686	215.36326	63.24295	70.92242	201.63329	288.44439	92.76193	59.04034	30.60712	34.17056	84.73108	56.72187	90.26646	56.04535	48.53658	23.21283	31.14842	55.58027	101.96584	116.60037
PL11_1	39.89657	45.21009	31.39579	53.82518	75.56887	79.56394	86.73004	42.33087	62.33959	40.32122	62.87039	97.31672	40.31556	36.88867	85.83522	148.02904	33.30759	33.27342	15.9891	32.70854	32.08854	28.94113	51.92589	38.20695	29.13079	14.81468	17.0182	29.87191	54.15462	69.27237
PL11_2	1.32138	NA	NA	NA	NA	NA	NA	NA	NA	NA	0.00889	NA	NA	NA	NA	NA	NA	NA	NA	NA	NA	NA	NA	NA	NA	NA	NA	NA	NA	NA
PL12	2.36775	0.24137	1.68689	0.97094	17.12746	6.61809	26.55632	10.27761	1.41734	2.39155	0.54129	1.16199	15.44102	18.28343	1.63215	1.61088	0.71168	3.94771	0.85225	1.43926	0.42988	4.7285	2.19204	3.27074	0.19853	1.06783	2.15626	4.0645	1.66364	0.96425
PL12_1	3.65659	0.58562	3.45631	4.49192	0.47337	0.18853	1.34719	0.63778	0.81675	0.24308	1.78801	1.31363	2.47093	2.34415	4.41677	6.76118	3.64992	4.33279	1.26402	0.58513	3.19945	8.36148	6.30422	7.29269	2.20818	3.73812	2.46554	0.84953	1.68346	1.30902
PL12_2	9.09458	6.35792	87.71359	97.87819	62.30428	55.44657	143.47641	34.59728	158.72599	114.69643	124.73311	120.10849	49.80696	63.61658	42.94794	91.78937	61.12707	23.57482	38.99689	19.05829	48.19685	27.70329	77.21413	13.66321	16.87646	10.38482	2.42393	7.70082	23.7022	51.95405
PL12_3	0.02757	0.01648	0.08102	NA	NA	0.15497	14.8616	3.14492	9.91482	4.08791	0.14917	0.14583	0.02762	0.02041	0.02511	2.10902	NA	0.16638	2.54974	2.25157	NA	0.0821	2.7649	7.24078	2.74795	1.40615	NA	NA	0.136	0.03277
PL13	5.44064	3.3321	48.7312	58.81404	47.75118	36.96339	100.34457	20.62339	84.46853	63.5409	91.04271	69.26444	34.47513	47.91777	31.43794	46.22504	17.32124	7.03759	25.64699	11.60467	46.06946	26.01131	33.13017	6.60698	7.55051	4.51706	2.07138	4.91504	13.82364	32.27032
PL15	5.09859	2.60104	19.42213	27.52757	13.03891	16.76959	86.94959	13.69166	9.09907	3.70855	23.34523	48.49114	9.29598	22.18184	5.24107	17.28644	3.00901	1.96685	10.93908	9.8998	0.42674	0.42025	26.34036	4.23487	4.62311	3.22662	1.0899	1.86468	7.64246	15.87209
PL15_1	NA	NA	NA	NA	NA	NA	NA	NA	NA	NA	NA	NA	NA	NA	0.45538	NA	NA	NA	NA	NA	NA	NA	NA	NA	NA	NA	NA	NA	NA	NA
PL15_2	7.37039	4.51564	56.75236	72.44859	52.20605	46.84067	112.74272	23.63226	72.89086	55.36708	92.76356	99.41898	32.0947	41.59856	25.74725	54.93892	15.62223	5.33446	26.62872	12.35304	44.98142	24.61393	30.9487	6.57198	8.91788	6.58093	2.56458	6.7869	21.11065	46.27855
PL17	1.37832	0.1291	8.46245	11.16592	32.49015	15.71687	28.51772	3.98444	10.6785	5.85401	10.2054	6.26523	5.86785	14.43178	20.28647	25.1805	3.88103	1.80733	3.77009	3.03012	14.45536	3.83741	12.02197	5.1241	1.03344	1.22899	0.58133	0.28509	20.59054	5.77231
PL17_1	1.81281	0.05448	NA	NA	0.24231	0.51109	0.04331	6.44209	0.25393	1.51912	0.11528	0.11354	1.77467	0.88327	0.70774	0.40102	0.03394	0.02909	NA	0.04045	0.52297	4.20838	NA	NA	0.10373	0.0423	0.10157	NA	NA	NA
PL17_2	0.62883	1.01942	1.26794	3.14964	15.03221	19.98148	9.76022	3.99184	6.52532	2.22525	14.54626	43.28752	96.03281	91.32435	7.63507	20.53134	1.46648	0.81013	7.11252	3.6332	1.28427	1.54254	6.96553	1.41534	4.9675	2.04393	0.02496	0.1407	6.01937	16.6243
PL1_2	219.46402	671.7394	72.94354	125.05758	315.52439	305.47638	325.84479	85.22725	369.47327	237.33125	277.34787	500.76391	257.47688	286.97479	167.84635	306.44708	156.17641	253.38788	71.46907	64.70433	108.62028	74.54251	137.19139	60.22125	117.0859	85.94876	37.18032	59.27822	193.77247	320.93782
PL1_5	1.75795	NA	NA	NA	NA	NA	NA	NA	NA	NA	NA	NA	NA	0.01545	NA	NA	NA	NA	NA	NA	NA	NA	NA	NA	NA	NA	NA	NA	NA	NA
PL1_6	0.01838	NA	NA	0.02119	NA	NA	NA	NA	0.04045	NA	NA	NA	NA	NA	NA	NA	NA	0.01839	NA	0.02588	NA	NA	NA	NA	NA	NA	NA	NA	NA	NA
PL1_8	1.57181	0.14909	0.17084	0.09051	NA	NA	0.54532	1.17447	NA	NA	NA	NA	NA	NA	NA	NA	0.0234	1.7291	0.06787	0.20729	NA	NA	0.20399	0.46268	NA	NA	0.03476	0.28266	NA	NA
PL2	NA	NA	NA	NA	NA	NA	0.02525	0.03373	NA	NA	0.03508	NA	NA	NA	NA	NA	NA	NA	NA	NA	0.0497	0.08697	NA	NA	0.02367	0.02155	0.29906	0.05666	NA	NA
PL21	0.78804	0.03827	NA	NA	0.20479	0.24921	NA	0.04824	NA	NA	NA	NA	0.06521	NA	NA	NA	0.83524	3.26834	1.01691	0.77534	0.1259	0.29574	NA	NA	NA	0.84907	0.37484	0.48376	0.09822	NA
PL21_1	1.79051	0.28334	0.08117	0.51605	0.28426	0.30748	68.90474	10.49072	127.61045	97.66571	NA	0.074	0.35621	0.08162	7.23849	12.80677	14.16739	9.1293	10.39956	5.31843	0.11275	0.02695	30.02096	3.7849	3.65052	2.35712	0.04955	0.4029	0.27268	0.03313
PL22	47.57892	13.09282	28.04263	53.94942	134.47711	118.52997	180.57383	90.96901	133.48724	53.74045	109.20087	115.46897	76.85952	90.67548	162.76042	225.66279	83.64087	46.12118	22.5968	30.13175	86.83695	68.77911	122.55003	36.94707	163.46133	12.80198	37.34278	82.67697	59.32191	57.71574
PL22_1	2.91776	0.17241	1.46695	0.47475	3.59584	8.30647	0.14304	5.11924	0.29474	4.7554	4.22892	8.84938	1.33161	1.12023	0.16771	5.63981	4.12217	10.09498	0.67772	0.74901	1.07285	6.20641	0.14578	0.953	63.18222	1.47185	3.23667	16.32021	3.72619	1.61858
PL26	29.01312	16.64676	25.35576	50.32462	50.1465	78.83506	123.42767	50.34248	127.12783	72.80982	78.79133	118.36982	50.8692	45.28942	69.33209	112.90307	38.78987	22.26603	19.21815	16.26042	55.5226	40.13403	56.22371	15.21014	33.21824	19.31201	19.18664	22.61091	59.00179	69.53897
PL27	21.25767	4.40601	14.49653	6.01177	72.03567	71.28927	24.81002	24.62859	25.07194	33.04099	46.40242	70.78826	31.09481	34.77236	17.87	8.32236	15.79705	26.94228	5.61857	9.60105	23.27824	38.40474	35.70393	9.34404	11.03186	9.92205	11.17673	17.85697	26.00905	37.36111
PL29	7.068	6.87679	16.03813	22.8293	15.25567	20.93966	9.95311	3.4866	15.03249	9.02297	22.89238	47.92823	11.63262	5.2608	9.25804	30.39179	11.40022	3.30552	9.46967	6.06513	6.16312	3.45313	11.5197	5.82225	5.94025	2.43394	2.42094	3.75205	11.55707	21.44481
PL30	13.21088	4.93102	45.60004	55.91537	31.95232	25.88367	38.68201	9.72487	81.61483	57.99473	82.17659	63.361	17.42765	22.32259	13.24554	8.0956	57.85557	9.10612	38.84126	14.32398	46.28647	27.82898	17.69907	6.78497	11.12248	5.18741	2.04935	5.52398	51.36472	118.51054
PL31	1.55871	0.22793	0.20358	0.13869	NA	NA	0.18064	1.35953	0.30869	0.42649	3.37389	0.02637	1.14888	0.54104	NA	NA	0.17902	1.48496	NA	0.04223	0.20112	2.28607	0.13022	1.10953	0.25297	0.72214	0.46161	0.43306	0.0977	NA
PL32	NA	NA	NA	NA	0.05196	NA	4.63115	0.27389	1.29091	0.08386	NA	NA	NA	NA	NA	NA	NA	NA	NA	NA	NA	NA	0.01485	NA	1.25027	0.09101	NA	NA	NA	NA
PL33_1	45.29074	53.92125	22.38971	31.77382	103.0642	74.26204	96.42472	45.53525	110.59353	68.07463	56.21305	65.97578	23.66818	23.83986	47.82696	85.6018	41.14183	32.90031	39.53718	59.43555	30.02886	41.80672	68.00013	56.47913	65.4596	73.66248	47.31502	47.61636	33.75066	31.84463
PL33_2	9.7712	5.30722	2.85572	0.68365	4.72421	5.53995	1.15956	1.35382	6.87442	3.915	5.27707	6.7156	4.63022	1.69726	4.51118	9.77745	3.69124	2.87445	3.56203	1.85532	9.52006	3.86013	7.53897	4.32217	1.33804	0.63675	3.05081	4.03933	1.26776	3.49749
PL35	14.82033	11.33937	12.52325	23.5238	110.93152	90.61454	63.65212	15.25586	27.5288	17.05963	78.50066	123.08086	43.22981	53.36859	48.34034	111.88055	30.28449	9.42012	17.01443	14.75762	30.72604	17.48921	57.23837	25.78216	16.26832	8.44952	10.89	16.54671	21.82536	42.15882
PL37	5.55213	0.56273	34.64949	36.41976	23.71888	10.1745	59.05087	11.19938	57.42389	43.05582	41.96497	12.15357	14.20266	26.9216	15.72945	22.1749	8.76451	10.58886	15.41676	7.28809	26.00655	14.90731	19.58628	5.16386	10.77882	4.10556	3.27689	4.33013	1.44788	5.84798
PL38	16.37213	5.67081	70.55604	87.43288	92.48596	66.27238	78.05241	19.29734	19.76186	14.69075	123.00129	151.01489	121.25965	135.8615	54.63232	134.08517	52.80223	8.26757	31.78537	15.23988	44.94728	23.62758	26.6994	16.2971	9.4694	4.33658	19.85361	14.46134	47.53881	106.49998
PL4	1.9872	1.4239	0.10083	0.19838	5.04649	2.34547	34.62172	15.48336	0.09745	0.03268	0.03389	0.02517	0.58872	0.49179	16.2232	18.22844	0.04845	0.05775	0.35153	0.14867	8.7178	4.01861	0.06663	0.03859	0.12522	0.02752	0.0958	0.08092	19.0829	25.17357
PL40	16.89929	8.56028	66.20462	82.7005	64.43478	46.7858	67.39599	17.88805	137.11267	77.19877	65.465	89.3654	54.01406	63.37877	96.07872	157.13348	81.30633	14.65945	35.63186	18.36854	100.68905	52.74583	63.02196	17.80649	14.3991	4.53701	15.83968	20.72918	64.99584	113.59323
PL4_1	0.09613	0.03744	0.06436	0.04262	1.59024	1.22916	0.22209	1.25656	0.03256	0.00749	0.36738	0.10757	0.29813	0.19416	1.19908	0.21875	0.04385	1.32486	0.0831	0.14577	0.00745	0.02493	NA	NA	0.067	0.03279	0.2161	0.19522	0.06006	0.09633
PL4_4	NA	NA	NA	NA	NA	NA	NA	NA	NA	NA	NA	NA	NA	NA	NA	NA	NA	NA	NA	NA	0.0626	NA	NA	0.00708	NA	NA	NA	NA	NA	NA
PL6	5.94446	1.72141	4.61512	6.36431	171.59644	107.69158	106.60957	25.08885	16.81681	7.10343	57.37801	124.65231	214.47342	219.6001	50.69207	97.14855	2.9939	0.7592	17.7419	9.71112	3.45547	3.30833	25.37576	2.92349	13.20399	4.37038	0.62592	0.7558	15.78858	43.82928
PL6_1	1.26708	0.53015	1.17851	2.06546	45.9767	28.81772	31.18978	6.89792	4.50229	2.18074	18.988	43.78585	85.2444	87.70264	16.10273	27.85404	0.93808	0.28234	5.50493	3.27882	1.45808	1.19925	8.04634	1.23667	4.49234	1.33267	0.34179	0.12843	4.29649	13.05682
PL7	1.67584	0.24625	0.63086	0.29184	6.79844	1.53283	7.12003	1.32619	6.05459	2.22211	4.46704	0.97775	0.16165	0.27391	19.00548	17.76328	1.72895	0.92179	2.22619	1.78078	0.016	0.37347	0.46468	0.62033	1.31986	0.38633	0.92853	0.53093	14.66188	4.44208
PL8	33.44029	16.17941	23.83998	39.72539	188.79751	109.83055	141.3428	37.44998	116.61137	89.04745	113.59808	115.90405	71.93392	120.93271	95.49161	115.28414	91.6825	41.9171	59.69537	45.5245	75.74568	44.03164	105.65224	50.46647	31.18006	27.7725	18.85682	24.98565	62.05181	98.05064
PL8_1	NA	NA	NA	NA	NA	NA	NA	NA	NA	0.01501	NA	NA	NA	0.01081	NA	NA	NA	NA	NA	NA	NA	NA	NA	NA	NA	NA	NA	NA	NA	NA
PL8_2	18.7492	12.3675	31.87297	44.70959	84.0127	58.70141	121.67939	25.39004	145.31861	98.40885	87.31234	128.35352	31.4694	42.32212	40.92232	81.29402	58.1017	13.73074	44.24483	25.09147	47.85442	23.21974	55.55367	21.06495	16.03108	9.93449	6.8651	13.91864	43.38639	88.65932
PL8_3	14.96922	8.14473	0.34524	0.84601	107.73076	37.49404	105.50262	22.57655	71.8422	51.60757	38.78087	50.0807	13.58104	39.91505	56.75217	52.95436	12.68289	6.79782	9.37852	5.58824	10.98111	4.74338	30.2793	12.30295	4.11543	3.08799	2.52655	3.6382	2.80593	3.31916
PL9	8.14648	36.10543	28.81765	20.11459	15.13169	5.90473	14.52146	20.23455	12.23018	11.21456	24.48167	30.3114	85.31201	84.54709	8.2614	1.25623	8.5746	23.45434	5.12362	4.55158	8.60469	7.64901	13.70428	6.34363	13.27232	8.18697	26.70559	17.90081	17.3135	14.13667
PL9_1	18.51139	9.41125	6.47581	12.35037	39.2597	29.11715	49.55145	32.96664	49.88963	20.075	60.12197	41.46577	13.89706	20.71713	19.21956	13.87726	21.68498	24.08367	9.16177	9.61377	44.75511	37.36633	29.72789	8.59564	45.54262	14.30195	25.66838	14.35556	22.38315	30.36334
PL9_2	3.49967	1.4819	2.81422	0.49256	1.50351	1.41498	0.30325	4.46354	13.67317	6.84567	8.34809	10.62664	5.60529	2.50069	7.88939	29.25434	5.38939	6.62855	9.40158	5.24632	0.73294	1.32786	6.37218	10.1133	0.53293	1.01985	2.25653	1.4259	3.25254	0.73639
PL9_4	NA	NA	0.14407	0.4007	0.2943	0.13643	NA	NA	NA	NA	NA	NA	NA	NA	NA	NA	NA	NA	0.02146	NA	NA	NA	NA	NA	NA	NA	NA	NA	NA	NA
