feature	fefifo_8001_2_49__shotgun	fefifo_8001_6_2__shotgun	fefifo_8001_7_23__shotgun	fefifo_8002_1_59__shotgun	fefifo_8002_2_58__shotgun	fefifo_8002_6_111__shotgun	fefifo_8002_7_17__shotgun	fefifo_8003_1_54__shotgun	fefifo_8003_2_55__shotgun	fefifo_8003_6_102__shotgun	fefifo_8003_7_109__shotgun	fefifo_8004_1_63__shotgun	fefifo_8004_2_64__shotgun	fefifo_8004_6_13__shotgun	fefifo_8004_7_154__shotgun	fefifo_8006_1_72__shotgun	fefifo_8006_2_77__shotgun	fefifo_8006_6_6__shotgun	fefifo_8006_7_164__shotgun	fefifo_8007_2_68__shotgun	fefifo_8007_6_11__shotgun	fefifo_8008_1_85__shotgun	fefifo_8008_2_76__shotgun	fefifo_8008_6_22__shotgun	fefifo_8008_7_153__shotgun	fefifo_8009_1_93__shotgun	fefifo_8009_2_81__shotgun	fefifo_8009_6_159__shotgun	fefifo_8009_7_201__shotgun	fefifo_8010_1_87__shotgun	fefifo_8010_2_89__shotgun	fefifo_8010_6_151__shotgun	fefifo_8010_7_152__shotgun	fefifo_8011_1_33__shotgun	fefifo_8011_2_104__shotgun	fefifo_8011_7_216__shotgun	fefifo_8013_1_91__shotgun	fefifo_8013_2_125__shotgun	fefifo_8014_2_34__shotgun	fefifo_8014_6_123__shotgun	fefifo_8014_7_145__shotgun	fefifo_8016_1_43__shotgun	fefifo_8016_2_41__shotgun	fefifo_8016_6_146__shotgun	fefifo_8016_7_292__shotgun	fefifo_8017_1_15__shotgun	fefifo_8017_2_16__shotgun	fefifo_8017_6_289__shotgun	fefifo_8017_7_205__shotgun	fefifo_8018_1_3__shotgun	fefifo_8018_6_290__shotgun	fefifo_8018_7_219__shotgun	fefifo_8020_1_82__shotgun	fefifo_8020_2_83__shotgun	fefifo_8020_7_193__shotgun	fefifo_8021_1_26__shotgun	fefifo_8021_2_21__shotgun	fefifo_8021_6_285__shotgun	fefifo_8021_7_288__shotgun	fefifo_8022_1_42__shotgun	fefifo_8022_2_5__shotgun	fefifo_8022_6_208__shotgun	fefifo_8022_7_254__shotgun	fefifo_8023_2_30__shotgun	fefifo_8023_6_183__shotgun	fefifo_8023_7_291__shotgun	fefifo_8024_1_99__shotgun	fefifo_8024_2_131__shotgun	fefifo_8024_6_248__shotgun	fefifo_8024_7__shotgun	fefifo_8025_1_27__shotgun	fefifo_8025_2_20__shotgun	fefifo_8025_6_213__shotgun	fefifo_8025_7_220__shotgun	fefifo_8026_2_60__shotgun	fefifo_8026_6_276__shotgun	fefifo_8026_7_255__shotgun	fefifo_8027_1_18__shotgun	fefifo_8027_2_1__shotgun	fefifo_8027_6_283__shotgun	fefifo_8027_7_218__shotgun	fefifo_8028_1_25__shotgun	fefifo_8028_7_199__shotgun	fefifo_8029_1_97__shotgun	fefifo_8029_2_98__shotgun	fefifo_8029_6_194__shotgun	fefifo_8029_7_195__shotgun	fefifo_8030_1_121__shotgun	fefifo_8030_2_124__shotgun	fefifo_8030_6_251__shotgun	fefifo_8030_7__shotgun	fefifo_8031_6_272__shotgun	fefifo_8031_7_258__shotgun	fefifo_8032_1_29__shotgun	fefifo_8032_2_28__shotgun	fefifo_8032_6_271__shotgun	fefifo_8032_7_209__shotgun	fefifo_8033_1_4__shotgun	fefifo_8033_2_14__shotgun	fefifo_8033_6_256__shotgun	fefifo_8033_7_178__shotgun	fefifo_8034_1_114__shotgun	fefifo_8034_2_232__shotgun	fefifo_8034_6_198__shotgun	fefifo_8034_7_181__shotgun	fefifo_8035_1_168__shotgun	fefifo_8035_2_257__shotgun	fefifo_8036_1_169__shotgun	fefifo_8036_2_170__shotgun	fefifo_8036_7_321__shotgun	fefifo_8037_1_119__shotgun	fefifo_8037_2_228__shotgun	fefifo_8037_6_243__shotgun	fefifo_8037_7_303__shotgun	fefifo_8038_1_116__shotgun	fefifo_8038_2_224__shotgun	fefifo_8038_6_249__shotgun	fefifo_8038_7_305__shotgun	fefifo_8039_1_226__shotgun	fefifo_8039_2_166__shotgun	fefifo_8039_6_235__shotgun	fefifo_8039_7_329__shotgun	fefifo_8041_1_207__shotgun	fefifo_8041_2_211__shotgun	fefifo_8041_6_320__shotgun	fefifo_8041_7_317__shotgun
total_reads	20841884.0	11785140.0	97796319.0	24459753.0	9963955.0	41482716.0	13294372.0	18709896.0	38751027.0	54348433.0	30644075.0	12430950.0	21135114.0	10869384.0	50042008.0	20012025.0	10105630.0	19249576.0	36174423.0	15876490.0	15303217.0	27626085.0	3489153.0	11817307.0	29748231.0	24663870.0	26203891.0	62616422.0	28127650.0	15952053.0	22361151.0	19247623.0	27238803.0	15449155.0	49389190.0	23861401.0	20464474.0	18824209.0	26779968.0	59036360.0	49778752.0	13687942.0	15786439.0	17033236.0	63188213.0	49792886.0	11246875.0	11910842.0	38960237.0	8639874.0	14107480.0	26952003.0	19449328.0	21887146.0	60718473.0	36484748.0	16061287.0	14082954.0	16545128.0	9218670.0	18429202.0	11731741.0	16206085.0	34268076.0	17641669.0	14192834.0	23986902.0	40487865.0	1587072.0	7344492.0	44967089.0	12675995.0	18379701.0	22661050.0	14608971.0	25306551.0	35487457.0	5274597.0	6307989.0	10665706.0	26236764.0	26438826.0	57080681.0	31831450.0	35034479.0	35319491.0	38401218.0	24563779.0	27913623.0	12034835.0	30139933.0	16008721.0	21584041.0	27803094.0	37504964.0	23963745.0	13356505.0	19055366.0	20144971.0	25470820.0	19771654.0	9605901.0	12496142.0	35715250.0	33857093.0	18005270.0	16245788.0	43315309.0	15684249.0	21804890.0	15641288.0	14944335.0	5191917.0	38259206.0	16437752.0	17269969.0	30280755.0	28228101.0	24946913.0	41731573.0	8185397.0	14796297.0	17423299.0	14824331.0	8292693.0	27081182.0
filtered_reads	20640155.0	11476997.0	96653174.0	24701587.0	9768349.0	40663401.0	13504563.0	17998895.0	37697571.0	53098850.0	29537688.0	12183087.0	20578889.0	10622036.0	48273473.0	20031445.0	9945449.0	18851077.0	36295067.0	15758556.0	14951358.0	27353145.0	3279424.0	11761923.0	28746517.0	24255985.0	25997695.0	60608615.0	27748861.0	15885795.0	22347432.0	19059597.0	27018531.0	15296060.0	48206361.0	23707602.0	20698751.0	19301731.0	25447188.0	57799700.0	48717404.0	13627178.0	15705404.0	17434682.0	61408565.0	50089375.0	11206303.0	11914711.0	38986111.0	8644374.0	13902845.0	26700235.0	19259091.0	21600502.0	60153575.0	36113716.0	15922103.0	14058319.0	16706350.0	9046639.0	18299935.0	11499308.0	15749489.0	33581627.0	17058057.0	13784280.0	22142489.0	40751112.0	1500086.0	6816933.0	44549994.0	12155952.0	18241638.0	22334051.0	14476602.0	24805993.0	34528070.0	5238101.0	6093460.0	10589884.0	26030893.0	26421895.0	56469287.0	31382903.0	34244838.0	34744333.0	38089567.0	22383961.0	25598165.0	10445369.0	28029056.0	16286186.0	21797993.0	27697072.0	36928224.0	23707040.0	12975752.0	19116255.0	19393572.0	25647991.0	19489261.0	9572007.0	12386527.0	35450596.0	33123380.0	18278966.0	16534328.0	43134785.0	15524330.0	21363776.0	15468256.0	14914164.0	5045895.0	37142240.0	16195116.0	16756251.0	29109247.0	27394172.0	24560551.0	41300838.0	8124411.0	14613684.0	17160296.0	14900565.0	8250559.0	26558411.0
category	69445.9347	59933.85311	63325.38301	65516.27435	52487.59487	57465.36758	60449.89815	48401.80259	59033.9032	57578.57005	65370.83258	54886.64418	51982.60607	52924.88327	51267.98232	71097.00295	68071.86274	57142.09055	66320.59768	67447.51683	81072.39924	66626.85057	61501.88409	82484.84916	50211.97118	64361.97544	68029.12548	67604.19897	67294.5828	73253.53385	73751.62177	63270.51197	69411.37444	66755.00757	57697.48773	68591.73125	69285.08177	60793.87209	55372.34393	54488.53864	53216.03161	52855.21068	54259.69132	55510.92958	45912.26911	61764.39051	67225.19946	69481.1534	78302.89963	63652.57185	68872.46356	72661.28043	68577.43454	53151.74298	71115.25086	72673.8678	77875.55061	67084.70458	88305.47386	92435.95258	68222.43694	64314.61638	66691.30031	66608.3038	58261.533	68854.04251	64838.57911	67932.15015	56263.66266	50697.13213	55790.25697	55221.61885	57762.96152	57237.17545	72839.34789	66218.32359	59083.86878	70285.27195	43818.59219	64986.72171	73130.18252	68621.79986	75463.84528	63647.40459	66892.63238	66176.84797	68146.53414	62576.53064	64839.032	61427.1409	61280.80897	63189.54358	60880.03094	73751.97843	74360.99009	78608.41093	63736.71194	66430.81304	39721.63835	54016.92297	50145.29575	63505.2877	71139.35132	73847.4702	62591.89142	64797.87275	64954.97063	70880.79531	73873.19572	70653.72097	69228.57711	58523.52179	65796.01	68035.6561	65175.96423	62620.10982	45639.74074	67647.07817	65014.5446	68667.94366	74152.40889	76331.91363	73097.82224	70936.53762	72998.51351	72080.09123
AA1	36.76479	7.22872	5.14473	1.57061	1.23767	0.38751	0.37725	1.73745	3.87119	6.97139	6.32636	3.90477	2.91545	1.44358	2.95538	1.49733	1.43704	4.97845	3.41561	3.1944	0.45059	7.75898	2.18399	1.28119	1.54928	6.89872	5.31567	4.56771	4.35619	4.15928	7.97613	0.79417	3.88367	0.6689	2.76155	1.66247	1.77203	1.21364	0.80022	3.66021	1.97731	9.60542	5.91248	24.83087	14.29452	95.69609	2.13448	3.2938	1.2815	1.39593	0.30381	0.27489	4.33147	5.32691	4.88864	1.61	3.74643	7.16806	1.42575	15.58499	22.205	28.23515	28.72985	4.33937	5.52627	6.5472	4.55176	6.04078	2.5238	1.40918	11.03362	29.64151	14.24131	20.66019	5.83426	4.4784	7.43428	10.66393	21.62313	4.00657	3.7515	6.74402	2.71176	2.25531	4.34835	1.45148	3.40182	13.96412	17.91287	23.82579	8.40355	29.87287	34.9575	6.21887	14.21878	16.80327	2.81071	8.47425	13.52558	13.91253	2.94493	30.90343	9.49034	12.52027	28.12906	2.28427	9.80126	0.5316	0.8368	0.38151	2.16316	2.35124	NA	1.38361	0.93361	1.17428	1.85766	0.43106	2.35665	5.51566	0.58776	0.08448	0.23095	1.99004	2.39664	0.33923
AA10	NA	NA	0.05635	NA	NA	NA	NA	NA	0.04341	NA	NA	NA	NA	NA	NA	NA	NA	0.24559	NA	NA	NA	NA	NA	NA	0.05692	0.09502	0.07964	NA	NA	0.42978	0.17973	NA	0.07663	0.06121	0.25611	0.2656	NA	NA	NA	0.07883	0.11467	0.07324	NA	0.09386	1.42609	NA	NA	0.16457	0.08394	NA	NA	NA	NA	NA	0.02182	NA	0.08242	NA	NA	NA	NA	NA	NA	NA	NA	0.17012	3.11308	0.07321	NA	NA	0.06047	NA	NA	NA	NA	NA	NA	NA	0.26854	NA	NA	0.12217	NA	0.04182	NA	NA	0.0698	NA	0.06392	NA	NA	1.34629	0.32308	NA	NA	NA	NA	NA	0.10292	NA	NA	0.10007	NA	NA	NA	NA	NA	0.06245	NA	NA	NA	NA	NA	0.06205	NA	0.06102	NA	NA	NA	NA	NA	NA	NA	NA	NA	NA
AA3	0.35654	0.42863	0.3947	0.66763	0.65903	0.80018	0.58078	0.34568	0.18282	0.13146	0.09404	0.16142	0.09585	0.20257	0.04074	0.08576	NA	0.10401	0.03211	1.1633	NA	0.08522	NA	0.3408	0.3049	0.22499	0.26061	0.43329	0.03533	NA	0.18058	0.21547	0.17255	0.06409	0.10731	0.16142	0.76154	0.19871	NA	0.38157	0.45803	0.07194	0.14842	0.09423	0.23948	22.46581	1.24991	0.94907	0.30072	1.29846	0.07093	0.23939	0.41069	1.14593	0.25171	0.20154	0.54116	0.13813	0.25281	1.11172	4.71222	7.6663	3.29456	0.25292	NA	NA	1.42377	1.57945	0.20495	1.00672	0.37606	0.43514	0.36181	0.97188	NA	0.24713	0.38345	0.69209	NA	0.74063	0.22976	0.29948	0.06789	0.19985	0.14367	0.03355	0.22312	2.7278	5.57121	9.27439	1.73771	6.81712	7.1275	1.10104	0.57225	0.21813	0.20424	2.89694	0.07011	0.32836	0.0506	0.12857	0.07915	0.19359	0.24969	0.40045	NA	0.42539	0.26179	0.05456	0.43278	0.85726	NA	0.04374	0.10032	0.05851	NA	0.07833	0.34933	0.93697	1.07428	NA	0.30723	0.63889	0.6676	0.23543
AA3_2	0.0271	NA	0.01115	0.17152	NA	0.0155	NA	0.05074	NA	NA	NA	NA	0.04274	NA	0.02733	NA	NA	NA	NA	0.36108	0.08413	0.01697	NA	0.06934	0.14469	0.02593	0.04035	0.07805	NA	NA	0.09607	NA	NA	NA	0.12343	0.05597	0.20821	0.09788	NA	0.01092	0.31904	NA	0.04012	0.02708	0.00513	12.98787	0.45981	0.29814	0.04696	0.16757	NA	0.04957	0.02045	0.42242	0.03848	0.01596	0.14838	0.01347	0.02749	1.34498	2.3253	3.97078	2.60933	0.19377	0.18046	NA	0.23038	0.37842	0.16615	0.09299	0.12832	0.19139	0.10505	0.35674	NA	0.00846	NA	0.54257	NA	NA	0.01499	0.16466	0.00557	0.0368	0.06026	NA	0.09138	1.4105	3.49015	5.33978	1.0636	7.06718	9.72357	0.19062	0.10717	0.13332	0.10518	0.78715	0.09466	0.10287	0.04513	0.06028	NA	0.01777	0.01955	0.0858	0.07979	0.01594	0.06815	0.05905	0.07636	0.14917	NA	0.00565	0.01296	NA	0.0108	NA	0.20328	0.6049	0.46798	NA	NA	0.0228	0.17847	NA
AA4	34.81197	26.61688	16.04985	6.73549	9.40188	15.24389	7.9102	12.67996	14.87161	13.43637	9.17498	22.54766	24.92015	36.48904	21.62752	6.56764	7.82606	12.07516	6.16845	8.62608	4.94734	13.13479	6.70992	5.31279	8.53637	21.63324	25.23087	79.71979	19.35866	4.52164	3.17578	3.68541	3.83384	5.96823	5.66911	5.14447	23.61112	16.26014	26.20919	27.80873	23.55218	15.23298	12.65739	38.86918	34.99787	11.92571	7.90055	10.23288	12.30043	15.50083	27.8995	10.00337	7.02356	4.96358	4.28381	6.72424	13.74962	15.83313	12.96743	18.4173	16.66477	11.49313	15.1945	12.50601	13.43602	4.13168	6.79661	7.25652	12.98348	24.75156	15.40369	19.75226	23.25542	23.74467	12.8067	12.76027	14.91927	17.86685	15.54133	27.84705	12.48048	9.76766	3.8584	8.58111	11.90095	7.84178	14.28096	18.0899	15.21534	13.60558	16.68415	16.91532	8.92325	10.92478	13.56782	15.13529	3.02095	21.09166	38.44513	37.445	20.492	39.42814	14.51955	21.39342	36.07526	17.07244	33.21463	8.11342	7.11868	4.08862	13.60163	11.28036	13.95008	11.70944	9.74468	14.8757	7.62505	8.75272	4.77855	5.52605	2.76378	0.77175	6.70348	12.98083	7.22998	8.01841
AA6	20.11585	10.80437	11.32717	24.97208	14.54793	23.88201	17.81985	9.90205	11.12264	17.94267	10.82177	10.8933	7.17029	8.35881	8.71451	11.18271	7.5885	12.04964	12.5614	32.19654	42.77798	14.88756	6.49371	10.89483	11.32935	20.58502	23.75669	15.84362	16.09084	30.27278	30.32845	23.52091	21.29271	12.24571	15.32736	22.17578	12.93542	19.94694	24.70911	35.58725	22.04881	18.34809	22.5141	18.37	24.48416	39.03654	44.90801	20.58915	24.72931	12.60117	4.16356	8.03984	22.72982	40.84985	9.96745	9.20898	6.82272	22.87415	9.7585	90.63721	24.2521	22.80914	26.75622	12.28324	21.93752	6.20714	44.98046	51.74759	58.8546	97.86859	11.94689	15.41569	28.01801	29.40858	14.10399	23.68352	15.82157	23.6965	9.04542	18.72551	49.7669	25.84408	15.76925	13.53229	14.50371	16.51455	15.94829	13.09029	22.00688	27.2845	11.41728	19.81574	24.38446	17.97739	18.76095	24.2705	19.13915	11.21214	13.16472	21.97622	13.47492	26.87483	37.50551	43.98088	42.28132	24.19323	24.7222	11.63751	13.09548	10.86936	16.66942	12.41813	16.17264	14.47339	14.43943	25.40895	15.54547	18.49924	23.23328	21.45203	24.45488	16.42617	27.15765	37.12522	23.7434	21.02391
AA7	18.69459	20.61318	21.01923	22.39341	16.32379	53.88613	18.35356	26.40369	24.29487	22.38161	16.75336	48.75399	40.33858	49.59717	53.9008	21.11773	19.65517	44.44039	26.08389	17.34131	12.01395	44.43091	23.18463	18.14667	30.23823	67.99708	61.84256	136.17233	41.46283	14.58279	11.85624	8.45064	9.56935	19.62553	39.6585	21.97554	23.6786	38.85219	53.69694	67.33794	51.58285	88.85235	55.39078	122.22757	109.68123	27.371	17.09559	20.97907	20.0768	34.91371	27.04478	18.00673	20.17726	26.36138	12.52945	29.71666	17.85131	39.50215	19.80213	23.2337	53.97089	37.05136	37.27856	13.6393	26.27341	5.85707	32.17492	9.45605	59.27321	19.31079	39.87742	22.47886	25.0925	24.25707	16.02183	25.13714	21.58168	26.69914	13.69952	51.4779	19.09285	49.48124	21.53671	18.87877	26.01274	41.03362	25.75094	27.58487	20.89854	24.4541	38.57619	26.32918	19.33843	21.32744	14.42709	10.37273	5.69555	39.16074	61.88761	68.92821	85.39999	98.92928	49.06627	65.72319	90.60203	39.50998	65.68142	18.91901	17.03776	18.28333	39.38569	61.23241	33.84332	33.97676	29.17419	44.0048	33.05759	36.15145	47.3276	40.82638	32.93874	22.83591	26.21583	60.6326	41.86738	30.88629
AA8	0.187	NA	0.15676	1.72986	NA	NA	NA	NA	NA	NA	NA	NA	NA	NA	NA	NA	NA	NA	NA	3.17736	NA	NA	NA	1.02698	1.11442	NA	NA	0.49737	NA	NA	NA	NA	NA	NA	NA	NA	2.64571	0.68633	NA	NA	1.18889	NA	NA	NA	NA	37.05454	2.57851	1.47374	NA	3.07093	NA	NA	NA	1.92293	0.20391	NA	NA	0.48551	NA	4.41591	6.28346	18.9546	7.10002	0.47946	NA	NA	1.02893	1.14938	NA	NA	NA	1.24643	0.25379	0.22613	NA	NA	NA	0.19763	NA	NA	NA	1.75618	NA	NA	NA	NA	NA	7.20121	26.6991	18.6593	5.75702	26.89087	41.341	0.41028	0.16659	0.95867	0.31846	2.9295	NA	NA	NA	NA	NA	0.8548	NA	0.16885	NA	NA	0.3047	NA	NA	0.50796	NA	0.14813	NA	NA	NA	NA	0.66841	3.30982	1.08112	NA	NA	0.27732	NA	NA
CBM10	1.49535	0.85422	0.50717	0.48194	1.21871	1.3337	NA	2.32	3.03412	2.91313	0.95886	NA	0.95281	NA	0.20309	10.89427	5.95113	0.84753	1.61856	1.24427	NA	0.35842	NA	2.09926	2.79154	NA	0.37711	0.16176	NA	0.61715	NA	NA	0.36286	1.28189	NA	1.0415	NA	NA	0.77053	2.0794	0.52919	NA	0.758	3.86932	2.77868	NA	1.06233	NA	NA	1.13414	NA	NA	NA	NA	0.16298	1.9707	NA	NA	NA	0.68234	NA	1.70513	2.48997	NA	0.57474	NA	NA	NA	NA	NA	1.76052	0.80651	0.53745	2.2111	2.35237	1.27036	4.59638	NA	NA	NA	NA	NA	NA	0.62479	NA	0.28217	1.28696	0.27577	0.76599	NA	0.34978	NA	0.56637	2.27552	1.4981	NA	NA	NA	1.01105	2.15192	0.50304	2.04846	0.7915	0.27655	NA	3.2181	2.37177	0.22729	NA	NA	0.63381	8.52129	NA	NA	NA	1.47356	NA	0.43457	2.0814	NA	2.41345	NA	0.69374	NA	1.18827	0.44825
CBM12	16.31128	14.9434	13.69355	24.09711	18.69693	47.83343	23.94056	80.23158	28.18553	63.01753	18.97715	83.94591	75.3117	140.92952	105.47003	71.55987	35.7573	87.10891	36.89532	9.57028	8.85686	13.41893	3.38813	3.77867	10.81633	6.87116	5.56805	7.42239	13.38813	4.5584	0.7458	6.38443	1.64496	60.77832	11.1527	20.25601	27.5755	40.87467	183.60535	202.97725	111.45133	36.46549	17.88808	80.22344	160.18122	23.45104	22.70978	5.05384	10.20094	1.95099	NA	0.62421	1.73078	0.78046	1.29299	13.99899	11.16547	20.54932	7.31591	38.5463	52.5271	28.95355	11.27725	22.724	67.31403	10.89586	11.19953	5.00489	29.41371	59.29954	50.91911	51.83651	64.40198	57.79924	5.9444	16.96523	12.8085	3.25496	5.53525	14.06001	5.54303	12.0222	6.7008	37.09696	25.8661	15.93072	53.00943	109.40667	15.6126	26.57623	37.44834	111.78509	83.82262	31.98199	30.16304	11.23222	4.22625	42.73639	163.25663	178.14198	200.04774	146.92547	26.23893	70.88734	81.22884	26.69173	79.21173	4.66972	3.93807	0.77443	4.64589	6.68266	14.27755	21.27344	11.29892	13.30625	14.84017	7.06412	25.44046	23.39457	4.12644	6.8429	38.87431	89.28208	67.07685	11.31389
CBM13	125.72699	188.12321	228.66822	146.44658	118.07247	149.27891	151.09278	140.55456	123.96295	151.67094	97.37887	91.64391	104.00335	122.76591	165.74889	299.9758	231.87705	240.5352	268.40282	105.00861	134.37035	93.82943	99.51068	80.79413	78.86583	198.99014	194.97977	163.31567	210.78385	284.89706	246.7341	274.79646	249.73127	228.823	222.0616	138.33655	180.97142	199.72463	338.68248	163.27954	284.28244	124.58809	144.51807	140.79287	154.921	177.55956	255.66067	158.73649	182.36235	146.97939	186.41525	165.73656	83.54769	72.23358	102.72056	166.6582	128.90706	211.91496	110.20396	160.14769	126.8038	132.22135	163.17448	244.07045	222.06852	261.07597	84.50345	125.1504	156.21581	114.63054	246.61168	113.85704	136.03164	127.39438	198.69166	177.61073	150.32307	119.88128	133.92485	121.04661	144.02915	138.9085	62.94612	99.63992	146.38445	148.26539	131.58773	115.13774	118.1892	129.13128	144.56505	117.98686	140.82136	108.79713	115.68936	105.16066	66.04766	122.71188	111.23357	165.02053	204.77685	226.13013	214.57281	244.05663	293.85086	221.25723	216.8233	217.40408	148.01873	133.31061	205.3568	252.15304	222.95703	180.37154	150.52889	191.94387	120.65703	157.72236	137.42181	116.80298	126.61284	57.33927	81.95824	139.6839	108.56569	81.23627
CBM14	NA	NA	0.48636	NA	NA	NA	NA	NA	0.45345	0.08048	NA	2.10464	0.41533	0.40232	0.61969	0.42668	0.42969	NA	0.11774	NA	NA	NA	NA	NA	0.09996	1.67962	2.56433	2.50545	2.66945	NA	NA	NA	NA	NA	NA	NA	NA	NA	0.50381	0.51756	0.08772	NA	NA	NA	NA	NA	NA	NA	NA	5.93242	0.30738	0.48016	NA	NA	NA	1.53835	0.5368	0.30398	0.5116	1.41716	0.23353	0.37163	NA	0.45813	NA	0.53738	8.69787	4.36253	NA	3.25986	NA	NA	0.23427	0.19134	NA	NA	NA	NA	NA	NA	NA	NA	NA	NA	NA	NA	NA	NA	NA	NA	NA	NA	NA	0.10375	NA	NA	NA	NA	NA	NA	NA	3.12521	1.72506	3.97809	2.1933	NA	NA	NA	NA	NA	NA	NA	NA	NA	NA	NA	NA	NA	NA	0.41389	NA	NA	2.49034	2.58121	2.07186	2.73546
CBM16	0.50394	NA	0.22527	5.18161	2.25887	2.06353	11.23219	0.0691	0.09923	0.07036	0.08422	2.3168	1.80781	1.74452	0.93636	0.01677	0.03379	0.02377	0.03703	0.22789	0.46692	0.98719	0.74738	0.60178	0.5464	NA	0.09604	NA	0.06055	NA	NA	NA	NA	0.32648	0.07769	0.42993	0.10053	0.25848	0.24549	2.16869	0.45816	0.5147	1.19108	1.18881	2.75423	3.98803	6.47262	1.04812	3.24201	0.31097	NA	NA	1.04947	1.52349	0.49471	0.10541	0.37886	0.50991	0.5687	0.25948	0.28308	0.64204	NA	0.03718	NA	NA	1.78366	0.55526	NA	NA	0.4084	0.20464	0.24561	0.23174	0.08592	0.14373	0.69484	0.7731	0.75237	0.83351	0.10521	0.1414	0.19898	0.19486	0.2552	NA	0.06555	0.45599	0.14668	0.73724	0.08942	NA	0.05727	NA	0.1013	NA	NA	0.13037	NA	0.09211	NA	3.52293	1.62623	2.19634	2.97701	NA	0.15101	0.10631	0.19586	0.03928	0.80968	0.4708	0.35516	0.26819	0.45451	NA	0.03843	NA	1.12368	1.3745	2.81509	0.18395	NA	0.6542	0.15132	0.09366
CBM2	51.95444	80.16575	110.01669	22.89578	37.45864	19.54088	39.31348	59.14903	84.63902	71.66138	27.50529	42.25891	50.16096	63.07221	117.64734	74.56249	72.38454	86.61739	79.41944	39.86251	26.53455	42.52225	46.71342	34.99622	30.45806	66.27169	70.90031	47.1156	73.93868	70.09791	39.81802	65.74851	38.85487	89.62839	81.28921	62.61697	41.05872	77.84693	91.12547	23.12878	57.25344	72.70402	126.02784	30.80637	130.20754	24.96289	38.44144	45.1945	42.96771	53.98122	115.31015	78.52074	13.38485	10.31449	55.84001	32.24833	40.84788	53.05562	36.14028	31.82713	39.81361	68.17283	61.05509	45.9167	30.99397	34.34842	11.54165	11.34745	48.52929	57.95644	31.10384	33.23386	40.45901	39.6853	59.82508	50.06766	89.79027	27.821	26.21627	39.25972	47.98517	24.69354	25.17473	39.47173	37.12851	52.14744	43.5086	62.37639	76.45911	79.711	81.52814	64.2826	75.85492	23.43577	17.64041	19.61779	18.10469	35.93715	31.8658	58.49596	73.39985	24.19874	34.09145	23.44248	28.05073	61.59975	42.88539	32.10553	30.25345	50.02322	48.32976	72.09675	46.62353	64.38801	39.71907	69.40891	59.19526	75.01575	23.71166	23.98349	27.82265	25.74608	36.96243	20.80556	39.12902	62.83455
CBM20	250.48029	190.62347	162.24609	201.2084	149.24499	146.06144	130.40079	140.53257	196.55193	179.99226	319.69179	189.72513	149.28533	143.30976	66.41628	137.32277	138.55301	81.0217	132.53887	204.74754	289.23904	199.65782	142.15493	359.27446	160.15493	149.69844	164.5526	157.00247	147.56596	207.40677	230.14361	209.55981	220.42911	157.12543	108.29777	198.95046	246.92929	127.00554	110.94591	167.92095	105.23382	56.06058	58.50459	132.50273	38.90049	111.79353	165.60257	178.65026	212.22696	182.27645	238.17386	285.62145	188.21134	127.84903	301.07998	306.72162	339.77796	176.96042	301.30268	244.59148	168.3119	143.22135	157.0329	362.88322	196.5447	419.64886	256.74943	288.58854	211.01692	127.50797	40.57312	156.51054	157.92121	156.9353	121.46383	154.0709	98.01901	261.03194	60.45784	222.01083	229.98116	135.01155	237.6426	191.25696	210.48199	173.30628	187.65048	252.98489	269.28444	213.56713	208.33221	156.04858	144.64096	200.35559	190.83553	199.39806	165.96764	199.44357	73.95266	104.95869	59.01832	106.20031	163.90744	170.19333	111.05678	85.35221	116.86253	196.56898	234.51904	280.73038	180.17712	139.42096	155.4482	198.37512	218.14833	168.58573	99.22744	194.70158	186.35728	262.91277	297.39139	283.59478	186.53851	163.57879	195.79104	189.93776
CBM21	NA	NA	NA	NA	NA	NA	NA	NA	NA	NA	NA	NA	NA	NA	NA	NA	NA	NA	0.39827	NA	NA	NA	NA	NA	NA	0.33114	NA	11.04618	3.79176	NA	NA	NA	NA	NA	NA	NA	NA	NA	NA	NA	NA	NA	NA	NA	NA	NA	NA	NA	NA	NA	NA	NA	NA	2.29337	NA	NA	NA	NA	NA	5.47584	0.17684	NA	0.35774	3.44028	2.31206	0.26306	2.44763	5.65468	NA	NA	NA	NA	NA	0.07245	NA	NA	NA	NA	NA	NA	NA	0.15019	NA	NA	NA	NA	NA	5.52519	10.2427	NA	NA	NA	NA	1.0333	0.90487	1.95555	1.8961	NA	NA	NA	NA	NA	NA	NA	NA	5.56149	0.65509	0.29631	NA	NA	NA	NA	NA	NA	NA	NA	NA	NA	NA	NA	NA	NA	NA	NA	NA	NA
CBM22	20.46031	49.7175	84.10803	13.95002	8.9688	42.02443	33.22331	9.84285	11.85278	13.70143	10.53142	28.21821	26.33979	34.17253	60.79502	86.34274	54.66254	68.1452	64.82506	8.39085	3.49212	30.41294	43.45825	38.72865	35.23009	51.96871	57.13988	37.80733	32.78783	41.53099	25.63202	33.53763	34.46461	60.77025	100.99154	19.34491	75.85206	39.86089	47.28237	17.95524	42.27455	10.17758	28.4898	5.13039	23.92659	15.66991	13.51819	14.80099	11.25173	37.4829	86.38176	64.11603	19.73088	23.35486	28.26352	38.2768	42.97782	32.19242	20.0184	48.3073	50.18801	53.86554	76.62792	36.62813	74.14717	40.62887	4.10854	32.31988	34.41895	26.35722	29.03604	15.81184	16.27279	12.29574	74.93227	35.85764	27.48242	5.89829	16.94306	26.42219	31.76443	62.87007	5.41194	25.24957	44.56075	61.47569	57.7279	18.13468	26.04724	39.36545	26.53214	37.8336	50.16351	5.69174	9.46114	2.52626	4.69426	44.084	22.18954	55.2676	94.4696	12.44444	31.49862	22.71374	36.59887	102.47028	108.95505	43.69117	21.53308	47.83601	41.18248	23.77251	44.35347	38.34848	43.31172	44.17136	50.31313	92.70282	14.20442	5.94182	5.65129	4.28374	29.50046	21.61797	37.63002	36.79393
CBM23	13.93848	27.33966	43.49941	0.65793	NA	2.99662	6.47943	26.19344	35.37759	25.94371	11.84571	12.73462	10.95211	26.23813	46.80946	44.58685	50.34257	58.1147	37.22546	15.67287	8.21429	12.28266	16.78789	13.12553	8.2352	23.2459	30.41365	22.00536	19.62737	24.77044	12.09345	24.02079	17.84889	48.78929	53.98761	23.21063	5.77112	47.57073	42.7415	2.00829	24.57275	31.48393	64.10686	11.23572	47.10507	1.89079	3.51932	6.91348	11.21518	18.68647	53.41124	32.60459	4.49128	1.90455	16.06954	14.41847	16.69952	16.2555	12.82356	3.17911	2.93278	6.62391	25.51269	23.36249	11.86126	16.07899	32.02271	11.35165	15.25154	18.11801	9.33203	5.13275	12.82977	12.74615	47.22046	16.58851	25.02467	0.47847	5.15237	7.57867	5.56534	10.38519	2.22859	10.34591	12.93771	18.66665	17.87792	24.0041	23.70201	20.42578	21.80517	7.83321	8.09768	2.0168	6.39347	1.35941	3.67055	23.79746	11.10262	26.2398	28.05809	9.54682	9.704	4.99306	11.67945	27.53145	16.02571	16.7423	13.60666	20.18517	24.20889	21.54726	25.84613	17.24575	16.73976	14.01728	20.42444	35.91381	6.99678	3.98346	3.20781	2.80785	2.86446	1.28974	0.24939	3.95038
CBM24	0.80749	NA	2.29168	14.59003	10.39964	14.12291	12.48843	2.13495	4.27799	4.6645	1.78679	10.21452	4.46212	4.44568	7.02676	10.78137	6.75252	10.5436	6.87101	NA	NA	5.69854	6.09863	1.33603	4.50572	1.91411	2.96119	5.36227	12.35572	10.02722	10.63504	13.74503	11.88208	5.26124	12.16496	3.07985	10.60182	19.51055	5.21649	7.60708	6.34196	1.46766	6.54916	NA	1.30275	13.26676	17.62047	6.58783	6.11736	4.49875	0.97045	2.77924	4.24454	1.39621	1.89858	4.37771	2.88109	3.63	1.87173	4.02004	9.47359	1.10549	5.41568	5.18713	5.13105	2.73793	NA	8.58872	33.33142	19.96662	7.19157	2.20677	5.37319	3.9048	5.6616	12.34397	7.81161	4.77272	0.91172	6.29532	2.77448	13.84734	8.60842	1.44149	3.17644	1.92281	1.48245	6.42133	6.15488	9.0422	8.20177	13.69499	37.52069	5.34611	4.73627	3.22194	0.79513	11.15588	6.00563	14.27063	15.56916	8.3577	17.67153	6.68043	7.01083	5.00414	6.4597	8.19322	5.75134	5.12661	3.08876	1.99555	2.75251	3.21587	11.31048	4.7696	2.94185	2.05698	13.7981	12.27347	10.01294	4.71943	5.10592	1.08657	3.28982	2.95844
CBM25	93.12565	190.11341	149.88097	4.62622	7.70642	7.16453	39.33044	29.30478	10.71106	17.70805	6.88781	3.01661	13.13292	10.87394	20.08577	74.47758	43.27455	44.64862	60.2798	3.04249	0.61081	24.511	45.24954	10.13061	27.00006	1.75764	1.63009	8.24276	6.21127	0.58286	0.10358	NA	0.43959	24.61428	30.21606	4.65829	15.95058	17.19146	25.79524	30.30475	46.5063	0.33508	1.71802	NA	0.52531	48.73766	340.53152	24.69365	40.40448	5.84819	17.86827	17.52368	1.98319	1.71464	1.50246	14.9536	7.19202	25.0623	11.82971	6.93406	9.5803	16.92952	18.54236	9.93485	24.15184	9.6147	8.64742	13.25395	NA	1.18849	5.3961	0.74627	4.09323	2.36277	4.67081	9.48317	88.18665	4.64015	NA	1.09294	1.15603	7.95239	8.74853	5.53304	1.1783	9.2343	8.98773	11.16945	52.26614	4.01315	61.53231	2.70721	4.53602	1.98751	0.55986	1.93947	2.76269	NA	NA	2.19535	1.15564	35.52965	12.00083	11.30872	33.18197	34.45818	12.48667	25.08499	8.63835	2.99255	7.93611	67.12986	92.75134	70.50577	2.48205	6.26993	7.84769	5.53367	1.58821	3.68324	1.98274	0.7128	2.26418	3.35309	1.36491	2.9751
CBM26	59.47172	264.74303	192.79274	19.92808	35.15181	153.11809	358.36673	3.89106	7.53854	69.6632	37.91236	40.18108	183.08537	82.13303	61.29335	82.88073	147.23965	108.05399	92.1823	31.59432	261.62329	109.24864	78.6723	64.35034	45.90629	0.60576	1.856	53.02962	19.40243	39.91066	66.41226	18.09493	32.61527	56.29462	84.3245	23.98427	66.83418	54.39881	116.8764	38.56413	158.64973	127.42986	154.56451	24.52739	25.54252	34.6348	241.36483	27.42397	31.66577	40.2875	40.02782	16.8044	12.36486	55.37717	23.5431	46.03126	34.24147	28.22973	11.84611	77.45274	61.58199	81.59518	61.14377	68.51767	79.96407	50.63735	15.01599	39.30986	49.92591	53.04114	2189.71975	432.4938	258.75053	184.5836	35.22193	31.51391	190.45483	72.62	591.94044	3.82091	3.49628	21.16621	7.50389	72.53329	45.75507	73.68298	47.99428	30.1862	62.75144	0.23698	0.19208	27.53617	20.2059	43.27062	41.29928	17.67092	20.38801	24.69476	93.8823	128.76516	75.12773	115.41639	30.36499	35.03968	57.78388	84.10969	320.26017	31.92096	44.41953	61.04639	73.84606	163.27234	99.4123	60.7975	64.99367	31.50907	33.0631	37.79471	75.68206	23.50131	50.71118	22.24828	47.08956	15.18884	18.59402	3.20321
CBM27	0.36168	1.86023	3.24548	1.46879	0.11079	NA	NA	1.47985	0.73113	2.50712	5.68252	4.59993	2.871	2.50874	8.45895	18.99641	20.40796	37.27894	24.45433	0.06958	0.51336	7.86737	19.15043	7.27486	4.85902	14.11638	16.6062	15.05856	12.97747	3.72449	4.93641	1.52406	4.46149	6.63047	8.41282	0.18563	NA	NA	4.38379	0.52774	2.41809	21.7261	36.98233	8.35506	21.47357	0.88554	0.09785	1.43131	0.89977	12.90564	6.50787	4.04913	0.05644	0.05043	0.12602	2.41421	3.88018	0.75854	2.75619	0.11785	1.08876	4.41379	15.88729	11.47547	14.5584	16.45255	32.82627	14.07961	8.74004	3.25575	2.68032	1.43608	0.72387	1.54603	29.20423	10.17516	3.32927	0.62171	0.36406	3.37629	4.17205	1.81709	1.22241	1.54628	3.90031	4.41477	2.82628	5.00042	9.12008	9.52895	4.08346	2.81352	4.1436	1.58617	6.16334	0.55703	1.14921	19.96138	7.63955	14.91331	15.51304	0.34366	2.49935	0.49743	0.31898	22.20787	8.16889	12.02812	11.73009	5.55746	5.0844	0.57727	15.37372	9.22692	8.80093	10.62435	15.08544	18.43575	4.67596	2.07379	1.08359	1.0615	2.2506	1.03214	NA	3.28227
CBM3	22.76008	18.16522	30.51148	0.40624	1.36042	7.0087	25.41457	3.68722	7.08503	4.7005	1.07739	8.67972	13.61302	3.28122	14.05467	34.80435	36.24024	21.41185	13.83593	20.23673	0.99087	5.96232	5.9114	6.10576	4.41547	27.45285	30.5986	17.47632	19.37675	24.59812	8.69237	27.05565	24.29061	65.00527	84.33119	31.34846	18.20037	25.04981	21.90712	4.40302	10.22187	11.28651	32.56018	2.85546	32.63157	1.66051	5.28803	5.09019	9.88006	20.7202	90.36192	56.46795	11.20336	4.64062	26.85392	16.34153	21.74773	13.67642	9.91861	2.33293	4.61942	7.76825	28.75026	27.16519	70.41131	34.43383	NA	0.42309	2.77762	4.28828	1.78815	1.95197	3.23372	8.09254	35.49691	15.96976	10.58589	4.79406	NA	2.48436	2.18757	21.19947	0.03472	18.86642	17.98798	24.94681	22.09972	9.77178	15.01916	12.03174	11.0016	9.28109	14.56525	2.3002	1.82476	0.17576	1.59184	15.63573	6.63846	29.07887	39.44249	2.42544	14.75872	5.89399	16.46916	24.31554	27.93551	9.39721	5.25483	39.6302	41.20018	24.71447	18.60623	14.85667	13.44732	9.65642	11.15866	28.27108	2.50115	3.8187	3.2481	2.31265	1.45685	0.26632	1.60883	16.28273
CBM30	NA	5.12435	8.28837	NA	NA	1.10906	3.33947	NA	NA	NA	NA	0.96566	1.33394	0.1846	2.96513	NA	NA	NA	0.10805	NA	NA	0.4301	7.17486	2.50059	1.02314	3.63767	5.2795	3.10575	1.69588	2.71259	1.22769	NA	NA	5.64031	9.43655	2.9361	NA	NA	NA	NA	NA	NA	3.11471	NA	1.14717	NA	NA	NA	NA	NA	NA	NA	2.23984	1.63395	1.82539	2.30753	3.69446	2.37108	1.05631	0.21674	NA	1.02308	5.60049	7.1818	14.9432	6.11666	NA	NA	NA	NA	0.08803	0.1613	NA	0.52662	6.77225	2.13421	0.73825	NA	NA	NA	NA	NA	NA	1.93414	4.12217	5.69574	2.21082	1.31363	2.52346	1.68692	0.97938	1.80492	2.1576	NA	NA	NA	NA	1.94886	1.21326	1.9877	5.78499	0.20485	3.64089	1.27214	2.48625	5.25623	0.94871	1.13643	0.88413	4.40548	9.12378	4.33621	3.49731	2.79674	5.20008	1.63576	2.95753	6.93936	0.2395	0.23738	NA	NA	NA	NA	NA	NA
CBM32	592.7947	381.39446	367.21879	465.93998	344.80132	339.27857	272.8263	318.75667	405.63299	339.67431	473.35057	419.15204	428.81242	330.02032	207.73643	511.47107	503.06737	283.97968	451.21494	464.24193	684.46801	512.80676	362.8851	559.64408	387.20617	400.35635	444.5933	449.77951	369.04869	530.28333	518.12627	444.62968	498.30129	335.6957	234.44843	407.96909	406.62563	246.25714	254.12891	480.68168	250.5333	292.95137	270.15334	437.77309	221.13774	378.86408	433.89168	403.00983	568.2787	376.44964	359.79542	443.89327	434.5723	329.61505	358.24868	399.78926	488.98008	454.118	541.43956	856.75128	481.11399	396.48059	432.71353	317.38914	357.45225	312.9655	446.51172	594.58554	544.31968	369.25788	346.97125	575.8198	536.49727	565.98081	433.27352	510.97093	494.09258	827.20231	358.0534	679.64152	704.15029	365.74873	378.29181	449.05752	546.51517	433.78152	439.97631	483.98404	458.69791	427.65724	440.34146	346.4918	360.57573	632.24502	699.93152	713.21342	529.59806	458.59039	287.29398	294.20883	217.49069	564.25444	472.57543	576.92859	497.19968	327.50226	473.76964	527.69462	540.87464	536.64637	565.26914	441.78521	477.19878	524.43329	487.68481	404.53956	296.38858	485.08287	397.89054	462.51123	503.91492	541.51302	592.07094	603.85579	750.20451	505.34913
CBM34	122.03146	132.44496	177.60099	104.8399	141.97721	114.35389	160.86497	75.84478	112.70747	95.05941	61.38241	93.78428	87.34299	89.18145	179.74265	138.59335	118.46096	214.51205	137.12257	149.30041	76.45427	124.86106	174.36358	114.02682	96.75585	185.62439	142.28191	122.44439	192.79731	142.26155	167.60744	77.0483	110.30846	139.96611	205.56255	117.05848	95.41305	121.43975	169.68665	106.39062	162.61891	152.66037	189.45163	82.80731	156.23854	164.89404	110.11603	141.13363	119.38304	95.06429	111.01085	77.09521	86.53933	68.46515	80.0321	93.01473	74.83124	110.33907	65.97963	99.54521	146.76428	177.60602	124.91195	75.07746	111.46331	84.58759	161.58408	125.0782	129.08237	107.09106	137.29618	51.2211	81.79684	68.58473	141.84181	104.06491	65.95477	133.6904	100.57845	121.18734	177.52487	211.77772	80.6774	130.89641	111.16615	125.82625	97.00883	69.10429	91.86538	97.86566	92.10813	158.34788	153.66886	141.31887	129.28212	72.4059	35.71094	117.87036	102.08488	156.93484	212.79578	103.79837	112.15043	91.48417	112.19172	322.95514	211.12526	119.6464	94.87404	74.1391	135.99999	108.01202	161.5164	135.80549	80.62423	156.9465	110.145	119.92198	205.47627	130.18757	141.13284	106.97523	122.80134	89.75936	75.05351	90.23587
CBM35	58.06365	85.16947	93.65405	40.44915	29.09676	35.91176	29.3582	39.29297	50.085	42.07624	16.31185	26.47995	25.24717	32.50246	43.93216	50.51101	58.71938	30.04036	30.06962	75.06579	62.11828	19.95769	12.13471	21.00344	12.1497	20.87683	24.72825	14.34327	26.27574	59.70838	36.89942	64.49574	33.00059	67.84244	77.02918	67.20988	21.67978	49.25102	79.48784	65.65959	55.77042	107.06179	92.98672	96.05278	112.02575	13.50723	55.9027	28.25324	49.98314	49.75439	92.13627	56.25347	14.9655	34.86338	31.07759	29.62794	22.53355	48.16778	33.71277	175.95543	87.88865	72.23549	75.71023	55.91541	61.94691	24.23618	51.02937	65.23957	37.11982	47.32387	19.46974	27.6125	35.25209	42.69694	42.21118	47.15851	63.95911	65.70601	34.91137	55.49637	73.60493	42.29616	13.66342	90.93428	87.25515	85.37117	106.16362	53.19208	43.56307	43.32264	57.76507	50.52483	72.06579	15.4916	27.00663	23.30742	20.77459	52.25846	23.60407	41.01967	31.27122	20.74142	36.68056	42.66191	53.22776	75.12208	83.71253	36.07495	17.55294	29.08784	33.45418	35.96004	15.05773	21.67361	74.05121	97.29069	77.48635	91.19853	48.1226	73.58923	64.61756	41.88724	17.23876	23.10876	23.84829	21.51725
CBM36	1.61784	3.56565	8.25962	NA	NA	NA	NA	1.51602	0.1207	0.42869	0.10259	1.74111	0.73626	1.28378	3.29562	2.80337	1.37181	2.25332	3.34388	1.25257	0.50762	0.11108	0.93251	2.45799	3.96643	1.31177	1.51529	0.42504	0.21841	2.48391	0.57708	2.42795	1.62884	NA	NA	NA	12.38577	4.55668	0.2383	0.2625	0.77902	NA	0.28964	0.17421	2.52056	1.45447	0.81278	0.76417	1.44082	NA	NA	NA	NA	NA	NA	0.08391	0.66612	1.40109	NA	NA	0.91265	0.26382	NA	NA	NA	NA	0.20586	2.75842	5.06103	3.56725	1.46392	1.62093	1.1636	0.81595	0.52475	1.34549	0.74703	NA	2.36657	3.0817	0.11641	0.89024	0.67142	NA	1.63726	2.31222	0.87592	0.20338	0.77087	1.01771	0.54106	0.93161	1.49752	NA	0.5347	0.19222	0.35084	0.79369	1.64227	5.1438	6.92488	1.42836	1.34807	0.9407	3.11403	1.90756	1.65261	0.42183	0.1952	0.78095	0.09818	0.81335	1.50344	2.20686	1.82606	0.63296	1.90156	1.77066	0.12338	0.29357	NA	NA	1.67975	0.66165	1.10396	1.48434
CBM37	NA	NA	NA	0.95983	NA	0.58382	1.97882	3.17343	6.11412	2.90865	3.17988	1.94895	1.44294	1.67928	1.7328	NA	NA	NA	0.33396	NA	NA	1.10811	3.73036	6.18487	2.00528	22.40041	38.36344	43.87282	21.1665	NA	NA	NA	NA	0.96894	0.86174	NA	0.14316	0.15352	1.74187	0.533	2.96828	NA	NA	NA	NA	NA	NA	NA	0.076	9.45307	NA	0.22205	0.30798	0.27448	0.09861	NA	NA	NA	NA	NA	NA	0.26258	NA	1.7137	0.34895	NA	NA	1.7434	2.02053	0.43659	10.98456	9.21015	2.79218	5.59925	13.8115	24.83367	0.69846	1.73579	1.49235	4.85516	3.84245	NA	NA	1.89511	4.72482	1.62145	0.38924	0.42207	0.44604	NA	0.41191	155.57335	171.39728	10.69623	1.21324	1.02288	0.9291	5.55085	4.69276	13.72136	14.16588	0.62652	15.92142	10.4273	1.3652	1.65781	0.73326	0.06869	0.38191	0.41646	0.1874	NA	NA	0.38189	6.00958	18.48522	5.93292	8.97989	0.72791	0.1452	NA	NA	NA	0.3857	NA	NA
CBM38	7.77092	2.40547	1.244	19.42737	15.55691	18.45735	20.24003	8.17677	4.1588	7.02254	3.29904	30.8519	19.44674	48.57301	15.10764	17.94883	20.75388	6.54567	15.55048	21.75642	33.16465	25.10534	37.37101	51.77051	27.31784	59.05437	62.16317	88.07776	72.35918	38.80732	33.41697	43.28587	52.92719	0.55416	0.14221	0.27876	65.90565	7.80556	2.68947	6.24762	4.39078	11.26947	10.12906	42.60095	19.8533	19.22487	20.82675	39.78804	30.28149	0.98093	1.13495	0.63034	NA	NA	0.02309	107.77366	107.13207	23.11273	55.5931	2.26375	10.93329	7.96069	14.20337	10.24455	30.19072	9.46746	1.21044	0.41092	NA	1.19781	3.66326	12.43365	9.31845	16.73296	0.38376	0.44138	1.5455	NA	NA	2.69549	NA	44.36578	75.12793	30.83826	46.01569	37.51038	27.49902	9.65612	13.36031	6.29637	18.59919	25.00058	19.90011	92.54889	65.00423	32.07123	47.84528	9.11094	4.80907	12.84151	5.77533	NA	NA	NA	NA	33.26672	34.20975	17.97353	16.82977	40.80744	70.05797	54.52909	46.55719	54.87794	68.08306	9.9759	13.77917	28.80398	13.20159	14.39552	21.0226	17.48957	89.97532	51.73385	98.85967	76.83368
CBM4	26.26728	53.56846	61.79829	11.26403	65.61253	34.54129	73.53028	43.66222	33.17255	47.99944	30.61637	58.12084	54.14873	41.92089	87.33019	106.85524	141.81505	180.17881	135.35893	14.54002	17.11068	62.71615	93.32765	57.76991	34.43827	63.65896	74.1482	55.15757	76.43013	43.0989	27.40402	9.49901	36.6583	39.49325	63.18545	27.43241	12.6822	23.36627	119.49207	22.49617	65.35354	72.48066	130.1963	35.89722	96.76687	95.58513	49.91132	104.89507	110.62672	42.73254	103.71587	109.2213	50.55092	13.35785	20.32755	76.55115	103.19514	153.5782	103.18553	18.5408	35.41529	75.26097	91.09269	102.20746	86.55382	130.35638	34.08782	31.92289	21.82295	12.71926	17.39132	11.74767	14.4798	14.16554	216.95238	130.34489	69.39288	44.15707	25.65332	50.64401	64.98771	35.62214	34.54183	126.11136	60.06032	93.0838	83.82561	37.62326	45.11475	47.50354	40.44311	95.74402	76.39415	67.47178	84.6096	55.41522	24.20903	64.52863	40.37537	84.10335	70.32666	9.68053	25.08614	15.10489	13.29931	195.73623	85.39553	39.04893	30.9761	26.02034	36.01938	64.73911	124.81851	66.34798	44.88309	67.63287	59.13828	87.83154	32.25366	13.88052	27.87212	34.68934	56.08991	41.88629	34.13508	75.69317
CBM40	2.51016	1.74364	3.08166	18.67395	5.95359	8.68726	3.32881	4.23028	3.35321	3.26883	0.69837	3.14047	4.87153	1.96254	2.20343	1.79031	2.23288	1.79713	1.08994	5.61247	4.99552	3.06846	0.61978	1.0836	2.28635	1.43919	1.17633	0.65227	0.53891	2.65562	2.35134	1.9215	1.52237	2.89591	3.78556	6.8353	1.23222	2.13748	3.31163	6.04586	6.81414	5.61589	4.7898	32.06795	14.30569	8.1138	5.74771	1.2406	1.84789	0.94165	NA	0.18539	2.18462	2.23867	1.34026	0.80743	0.51437	0.77334	0.98442	3.19414	4.79987	2.08382	0.52908	2.13244	4.48083	2.05138	8.9921	9.31037	6.0355	9.74029	7.99814	8.68644	6.1079	3.31447	2.45566	6.20219	19.46417	5.76532	3.22152	15.77305	2.87045	10.47312	4.74954	3.87956	9.01174	3.92637	2.77444	4.78411	6.51203	2.4024	4.09161	0.44031	0.47128	1.09085	3.04135	1.60199	1.94645	6.78538	7.19205	4.44611	6.7566	6.34158	1.85628	5.22534	3.39557	2.36123	6.40926	4.1969	1.4952	1.34462	11.83024	11.20013	0.38185	0.97865	4.87425	3.58954	5.92054	2.74791	4.14933	3.33912	1.77025	1.69796	1.10506	53.85727	15.45717	1.40975
CBM41	32.12157	65.39898	59.15375	2.83439	29.60588	20.37468	11.79981	4.59121	3.01857	36.33102	23.69024	7.40496	27.45182	11.17488	6.64177	43.16742	24.51405	35.6086	28.79787	0.45151	5.67781	16.39713	6.18638	8.32972	8.18159	5.64069	2.11825	21.23034	10.86847	9.96169	8.58202	2.32603	3.45197	10.39768	14.344	2.26851	7.87897	6.73329	13.36572	4.06157	18.39343	0.8601	1.22857	2.3161	0.7311	24.26437	154.12969	15.24623	24.59173	16.90999	10.59537	15.30218	6.48755	7.96039	9.3065	26.13966	19.51736	15.13728	10.13931	15.12243	16.74573	29.25538	24.89344	17.8004	15.21251	9.09485	112.18575	11.18943	19.45185	11.62428	13.75955	12.22263	6.68705	11.93111	3.85605	11.03046	45.98115	29.24289	3.02087	4.7084	7.35764	6.84259	7.60064	2.59617	13.52066	30.63252	19.08774	1.30419	29.94682	5.80246	14.96099	22.09048	28.517	5.84075	3.996	3.52545	5.13158	0.5317	2.31598	5.05369	0.91046	2.91396	6.65365	2.44883	4.80805	25.27657	20.61951	12.40965	14.82435	12.59352	6.82048	25.53634	29.04975	29.98795	15.86375	5.26875	5.36523	12.03886	10.45076	8.583	9.09604	4.50731	10.78659	2.40502	6.07256	4.2135
CBM42	3.61681	8.54773	11.72033	1.82093	4.53872	5.09397	2.54632	1.13184	1.73554	0.27784	0.88239	5.74136	2.15845	3.541	4.98218	3.48628	1.42536	4.15231	4.63136	8.57685	2.5179	3.39064	1.41172	2.72417	2.65567	4.89517	7.20873	2.07212	8.18746	6.83153	4.4574	1.33388	3.09998	1.72389	4.48121	1.17169	3.12428	4.43661	4.62259	4.08246	5.17428	7.86201	10.77534	23.31963	9.16791	0.97541	4.16141	2.57073	0.10684	0.16913	0.09908	0.05202	1.52211	2.43359	3.17192	2.26449	1.05367	3.33442	2.46011	0.32321	1.00102	3.4464	3.36132	3.73519	2.97349	10.04181	1.09017	1.29395	NA	3.21486	5.47469	1.01235	0.57666	1.50667	8.02608	6.4401	1.37574	1.63213	3.00945	5.63785	12.28442	1.01179	2.5045	0.60561	0.35636	4.48025	0.86152	6.42541	3.45367	4.00337	6.616	9.07362	7.95449	2.78251	2.63897	2.77788	1.30279	0.37624	1.87991	2.30684	5.58912	1.21735	6.76886	0.92521	3.32967	7.70574	10.72532	2.64554	1.62206	2.15309	4.40054	3.93175	3.23459	4.37429	1.68475	12.92101	10.58212	21.37306	1.03006	0.94162	1.90384	1.99449	8.26769	27.19615	8.96613	3.73109
CBM44	NA	NA	2.08428	NA	NA	NA	NA	2.03066	1.05607	0.3698	0.19628	NA	NA	NA	NA	NA	NA	NA	NA	NA	NA	0.42759	NA	NA	NA	1.44656	0.11247	0.48244	0.21075	0.17782	NA	NA	NA	NA	NA	NA	NA	NA	0.11292	0.04972	0.35391	NA	NA	NA	NA	NA	NA	NA	NA	NA	NA	NA	NA	NA	NA	0.55699	0.18048	2.86164	NA	NA	NA	NA	NA	0.08707	0.85707	0.21212	NA	NA	NA	NA	0.70952	NA	0.15753	0.90064	NA	NA	NA	NA	0.47985	1.10444	NA	0.22133	NA	NA	NA	NA	NA	NA	0.22845	0.27993	0.41728	NA	0.26828	NA	NA	NA	NA	NA	0.60308	0.22801	1.20024	3.66566	1.18031	1.73209	0.17655	NA	0.504	NA	NA	NA	NA	NA	NA	NA	NA	NA	NA	0.20979	NA	NA	NA	NA	NA	NA	NA	NA
CBM47	0.05569	NA	0.01189	0.45015	0.37944	1.14685	0.40023	NA	0.05975	0.0213	0.03888	NA	NA	NA	NA	0.48577	0.114	0.21304	NA	NA	NA	NA	NA	NA	NA	0.57294	0.8374	0.18264	0.12242	0.49904	0.46987	0.08911	0.06286	NA	0.02347	0.04687	NA	NA	0.13405	NA	0.02335	NA	0.14637	0.19339	0.07458	0.11407	0.09915	NA	NA	NA	NA	NA	NA	0.18592	0.01911	0.06279	NA	0.08176	NA	NA	0.49516	2.484	1.15586	NA	0.06602	NA	0.10382	0.02818	NA	NA	2.10771	1.58981	1.72423	0.88981	NA	NA	0.03284	NA	NA	0.42864	0.05081	NA	0.02043	0.31992	0.32607	NA	0.02977	NA	0.39811	NA	0.48727	0.27918	0.37307	NA	NA	NA	NA	NA	NA	NA	NA	0.35454	NA	0.09595	0.17034	0.06189	NA	NA	NA	NA	0.0728	NA	NA	NA	NA	NA	NA	0.08278	0.22837	NA	NA	NA	NA	NA	NA	0.08538
CBM48	1208.19816	1036.71295	1010.57023	967.88859	892.4213	986.38079	1161.09757	694.01314	773.60947	792.26113	778.25653	775.97989	850.78988	835.82631	820.40525	1084.5313	990.05947	1013.39198	1032.16468	1143.04109	1163.5017	1026.10863	963.17882	1305.68805	763.29671	1069.01738	1059.08187	1006.26943	1115.17995	1085.76956	1086.7172	983.61535	1005.9524	991.22915	1014.76216	880.08211	1218.91242	1057.6688	852.95809	714.80903	842.09668	934.02205	1040.56201	796.33249	750.04216	1002.35363	1134.54697	1096.03771	1030.41614	988.98699	1161.52123	1156.1575	834.85913	685.26881	1106.18301	1334.60249	1305.45663	1132.28322	1128.03006	1453.13554	1073.02997	998.99645	1011.6281	795.85611	859.38611	771.08853	735.58562	813.94789	845.93569	828.93667	1341.82732	995.09338	1006.31771	988.76848	919.99718	885.5932	894.43694	953.25319	931.48837	787.93404	884.11362	1117.47645	989.83053	1006.02586	1009.42366	1090.5813	1014.29842	906.55707	934.92689	887.70332	922.48666	918.8213	895.20399	1021.37271	955.44515	808.07904	616.45977	951.55874	671.77768	912.21801	946.85885	877.75364	881.44919	937.65167	875.91099	1179.26148	962.84654	991.49354	934.13737	1125.24484	1034.31981	996.88212	1104.39226	1055.95249	1006.16798	1019.03429	708.54669	1021.14733	1080.73085	925.43201	1146.59814	929.99754	992.29222	898.30207	904.08186	953.81846
CBM5	0.90174	4.5301	8.65892	1.92946	12.1035	6.67941	4.12352	7.26612	2.96897	0.90656	0.61106	4.43626	7.87551	3.84726	5.33894	NA	NA	0.3825	0.98891	1.6932	1.89827	4.05344	4.88672	2.84185	4.66564	9.83333	3.12661	4.54314	6.43923	5.6988	2.93841	4.82033	3.16734	2.14899	2.40165	2.89648	11.73141	9.3416	1.53033	2.75335	2.26555	1.06062	2.80821	10.04295	15.70963	15.8921	29.25706	38.17683	19.70466	8.9367	0.25506	3.23956	5.45787	3.21712	2.10959	38.86715	36.88869	37.86866	4.0199	3.71009	6.11195	19.72562	17.1512	2.61962	3.62389	1.42602	32.20922	10.04726	34.63528	14.78729	9.2098	7.61464	10.27821	9.05784	0.51907	4.56268	10.33407	11.71159	5.6391	3.96606	4.42053	8.32229	3.18212	2.52781	9.52938	25.65827	16.05651	5.57969	15.01306	18.44466	6.03213	2.05249	2.85286	5.25411	4.91604	3.44923	4.52666	3.54437	2.42871	3.37275	2.12372	7.29343	3.80414	8.59163	3.56561	8.71839	4.63839	2.29669	1.65047	0.15801	7.40898	5.36349	5.14596	9.45831	5.94111	9.9416	2.6644	2.26541	4.234	2.10546	5.17436	2.97799	NA	3.07281	2.51095	0.88607
CBM50	1913.0122	1841.67512	1918.8153	2199.29062	1793.45089	1993.60918	1873.80603	1903.93321	1937.03104	1908.42536	1876.92309	2215.5885	2319.71024	1859.85186	2281.63067	2141.56613	2414.43218	2235.28862	2288.77222	1917.96247	1955.05617	2088.83699	2408.63946	2146.79237	1574.60613	1724.63822	1761.46767	1890.33621	1781.43345	1528.83106	1574.25415	1610.19695	1488.8512	1972.36512	2121.30075	2045.32325	1841.17066	1678.2386	2010.4088	1934.29898	2060.22879	2061.65854	1839.29094	1945.32258	2082.14479	1788.8275	1526.26533	1851.93082	1746.56336	2204.53135	1741.97879	1817.10838	3447.57218	4028.8778	2658.17983	1975.7934	2120.04999	2061.23633	2092.38526	1584.54587	1970.13954	1985.09572	1797.27278	1742.51751	1847.41381	1749.57486	1918.98026	2060.66086	2040.79942	1999.5835	2034.13774	1974.28079	1869.86479	1881.7582	1620.66556	1544.07598	1890.42863	1847.14293	931.18851	1750.19633	1726.91686	1748.4307	1744.87223	1852.00437	1790.24335	1735.53735	1938.65225	1992.17091	2017.37762	1852.1364	1959.80504	2040.71675	2068.16593	1770.63072	1756.29755	1788.43543	1107.74482	2211.05237	1989.44405	2536.01282	2227.2048	1820.56541	1750.60733	1775.03445	1819.7654	1775.50676	1823.90987	1650.45863	1633.32025	1658.67332	1823.61662	1922.33997	1723.5045	1841.13746	1949.75821	1920.65473	1379.98316	1846.62649	1732.40913	1856.81467	1853.67834	1727.82558	1610.94374	1736.18847	1788.80473	1699.79208
CBM51	158.84378	104.34727	87.03715	117.30817	100.73585	92.69026	72.68761	74.58453	75.82525	80.66949	51.79573	111.98769	154.58967	79.51228	80.21529	86.65354	91.7586	87.27538	66.43481	186.71108	265.48053	97.56301	82.97948	74.17779	53.63936	84.82147	105.89996	69.70466	72.70624	99.54855	82.20289	56.28157	80.95753	69.99189	71.33	95.28085	149.22279	69.19671	113.23578	107.4109	88.32341	93.39017	100.18056	153.12384	75.48295	109.10396	112.28652	112.54695	145.77446	73.23222	54.62454	47.32225	96.50738	87.58329	89.8177	134.16952	122.51844	143.99732	135.63118	367.9189	169.33548	149.12003	156.20811	63.67148	135.15055	48.60318	230.12474	207.78102	187.06901	136.92863	64.91396	86.73029	103.08496	113.21199	162.86183	95.95665	113.92691	172.19101	92.79987	140.93562	138.28138	161.88401	106.12702	79.68101	137.65728	101.29609	115.21799	123.39056	103.32675	110.34418	107.01329	124.27831	120.29266	60.90669	75.4574	71.67364	30.75041	91.11036	86.55821	110.5332	63.74416	230.52854	160.86561	199.93958	223.9657	49.30394	112.61369	61.63752	65.52935	44.42574	74.46079	71.24953	70.34029	73.38391	102.30809	164.73329	99.57502	114.6856	80.09025	117.82509	88.3172	56.10423	148.94134	165.64357	136.63283	138.46123
CBM54	3.62396	13.52036	7.37793	4.40433	2.34649	3.27117	1.10201	7.55278	9.30686	5.39042	6.90624	10.13773	5.21744	5.73641	12.55802	12.41368	7.62475	21.41062	11.6238	1.32543	1.08974	2.57358	5.24394	0.72562	2.5243	3.73446	3.52891	5.17574	5.01619	0.83515	1.5503	1.84289	0.92184	6.70927	11.39186	5.05564	1.60028	2.19033	15.94375	23.04734	16.62715	5.94145	12.18788	6.32889	6.67795	3.93367	5.12111	8.00688	6.36569	6.02013	0.53927	0.84768	2.81061	1.30812	1.53256	3.77271	3.05137	6.05852	1.27073	5.82541	10.45369	4.56195	1.92269	14.20255	12.99412	10.12318	4.94758	2.53631	12.66903	22.84119	6.42597	6.58926	8.35239	8.01816	12.73571	5.57551	5.72938	4.46412	3.19187	16.0101	3.06387	5.96355	4.94068	4.66067	3.51847	2.56989	9.94216	8.21009	2.47737	4.79888	4.95583	10.77843	7.81871	2.65489	3.081	2.83428	1.94417	16.47956	23.36021	28.50734	13.51366	26.47335	5.80664	10.62166	22.60377	4.44357	10.94774	7.41044	9.06482	7.09574	3.5367	4.12561	1.32946	7.3642	18.01038	17.27042	24.76183	21.8823	3.96576	3.97602	2.52357	0.30024	4.77499	11.23968	6.80697	2.30255
CBM56	NA	NA	0.91155	NA	NA	NA	NA	0.07717	0.03684	NA	NA	NA	0.07018	0.27195	0.14869	NA	NA	NA	NA	NA	NA	0.15233	NA	0.70949	0.14495	0.90435	0.25312	0.58678	0.1556	NA	NA	NA	NA	NA	NA	NA	0.03532	0.82444	0.11008	0.28664	0.46709	NA	NA	NA	NA	NA	NA	NA	NA	NA	0.10389	0.10491	NA	NA	NA	0.51265	0.43982	1.91778	0.17291	NA	NA	NA	NA	0.08272	0.16284	0.40642	NA	1.38085	NA	0.622	0.91384	0.12464	0.07678	0.25084	0.20932	0.27873	1.6761	NA	0.8995	0.65576	0.38742	0.10513	0.0259	0.04828	0.08849	0.08722	NA	0.45924	0.59666	0.41919	0.35336	0.44184	0.06425	NA	NA	NA	NA	0.07265	0.50191	0.43538	0.28506	0.2902	0.33639	1.64548	0.12579	2.29178	1.176	0.45491	0.09022	0.06761	0.27946	0.92768	1.80737	NA	0.26602	NA	0.29904	0.26077	NA	NA	NA	NA	NA	NA	NA	0.15689
CBM57	119.24637	57.01963	64.62403	68.42317	44.33661	64.72538	58.73707	48.54108	45.84042	40.61083	39.70392	57.028	26.93319	90.30902	32.73212	61.36697	85.13893	34.68385	53.70814	124.98604	192.14718	69.16517	75.96201	128.34467	53.17009	78.76942	101.90959	96.28626	105.67208	85.96085	68.09125	58.78712	83.07038	106.04485	48.50811	88.74017	35.01611	34.72674	28.70821	26.69943	23.05375	30.88353	22.15217	44.49634	27.06204	51.3891	62.52299	100.66495	155.74269	40.23116	87.93166	104.68183	170.36618	83.4574	127.80895	91.67934	113.77393	54.38413	175.95518	338.14501	126.22202	103.88523	138.02446	40.83493	77.52902	36.17982	78.95397	65.64447	28.21433	37.79839	20.4421	63.89785	66.89137	70.99424	187.84679	146.94061	92.7517	138.56438	59.14732	145.03957	184.167	93.35295	160.13932	133.77127	144.8859	135.00138	114.07382	86.80216	101.40709	93.80239	98.63343	138.35184	107.85093	97.49581	125.68578	147.48377	157.65877	48.25419	24.79178	37.96923	18.33559	107.34459	161.14723	185.10566	109.07344	42.96569	68.443	133.06791	158.667	183.53917	111.33364	53.61637	60.45541	108.58718	54.10823	73.30418	35.16497	67.47009	84.64258	111.31406	138.41259	144.98744	194.69777	140.65944	188.41364	205.60213
CBM58	25.20215	33.25425	42.04532	17.16196	15.83048	22.47036	13.51991	33.58353	22.00623	13.53775	18.26158	42.86025	78.85831	23.08113	12.65736	24.55377	16.6889	9.72125	34.52682	51.21215	75.91254	88.92361	62.56974	126.50373	65.92226	3.51485	8.88976	8.8233	5.44666	77.28493	89.45826	69.99338	72.46106	25.82	34.93859	45.47204	46.00821	46.85947	8.37679	20.04361	22.20217	1.09818	1.29806	0.35444	0.81254	21.76856	8.59006	30.9369	31.14758	10.4338	3.60642	5.13369	67.04898	34.35679	130.36928	53.49465	78.15118	48.74813	57.35836	18.37634	39.49265	12.5907	13.91596	17.57161	24.93389	12.71799	1.28841	0.25792	NA	0.22026	4.96424	17.0665	18.79447	10.28858	NA	NA	NA	72.49147	11.89862	50.60482	6.26354	41.79617	87.06202	47.00581	32.28845	21.91096	30.20137	55.07359	44.25297	42.58122	41.12709	29.06202	24.39307	66.17299	48.94918	79.58937	51.80632	38.7458	10.6596	11.09724	8.33741	45.68817	63.22576	61.38451	31.36741	8.9821	18.24363	60.06387	64.22219	20.7678	52.93273	26.74235	23.61563	36.52556	37.45389	43.57529	33.59364	33.84682	49.51313	81.90492	83.89961	108.72212	41.68687	37.66407	58.94758	45.44964
CBM6	54.57178	46.19029	77.23769	82.02118	58.43247	90.77498	65.34585	51.87578	128.39263	123.45934	245.79613	66.71852	20.64085	22.40292	31.62225	122.85816	130.21638	58.67065	106.94456	118.20379	221.12049	105.19972	102.40736	205.96667	85.49939	45.94492	67.13179	53.34411	68.0544	139.19185	114.21886	76.30277	98.05852	93.92978	50.01536	103.82876	131.4431	125.68504	55.45586	61.2732	72.82102	25.49836	33.85719	34.94957	23.29072	62.69155	141.74586	93.37541	165.7783	54.39366	160.32628	182.29014	123.3445	59.25915	205.48748	98.68464	120.90444	117.2082	215.96505	574.50915	188.64068	135.03032	137.00221	300.35936	164.82668	342.12693	117.12173	161.09868	62.45611	52.31833	39.34163	63.90864	74.23703	67.10491	268.24506	190.07941	107.68445	186.7258	83.55398	183.0416	264.46289	146.01437	209.90499	40.82954	71.35684	83.24818	80.28545	43.35857	61.64136	59.68143	48.31645	140.46653	127.29533	64.50843	99.57074	135.61805	111.6137	45.63223	58.60252	96.57021	53.18455	103.89728	134.9602	181.40296	129.50418	39.88415	72.2279	101.82434	133.16776	196.79012	67.53174	42.56615	141.62373	107.85229	73.70411	134.9817	68.58235	123.42928	67.8288	96.1598	155.69406	123.63034	126.67481	116.18793	39.75389	141.64232
CBM61	14.06134	14.79559	30.99191	12.07811	13.03865	27.02718	14.36322	24.63637	33.55402	12.49512	18.77501	23.27216	9.06854	11.9192	30.64158	56.16879	55.11881	72.68866	57.04512	28.42668	20.00217	33.15682	39.51504	29.54979	17.57329	37.77297	51.22426	50.41595	51.52088	20.39367	20.76247	14.71618	19.69685	19.87028	46.38255	20.83017	8.34286	11.01313	37.92219	8.29062	27.25537	49.70946	94.65466	20.78658	51.39537	5.83436	14.56214	13.36495	17.67434	17.74436	58.50874	25.0518	22.56328	12.8774	15.63005	23.99001	22.44105	14.99276	51.29819	17.80272	15.05086	25.27228	27.68717	33.29858	43.47437	44.58618	90.55033	31.54506	22.23551	16.84334	28.63639	11.21301	16.20763	14.95057	69.8841	25.04479	19.25977	11.2499	6.46064	20.67797	33.46116	13.35546	12.84589	14.65677	20.46078	23.50686	23.76258	13.38272	25.10511	30.07785	18.73621	49.31088	51.68179	28.30952	7.92582	12.54762	5.4	51.63402	26.10604	55.62007	53.27296	7.24496	35.95129	16.18515	14.5679	63.94433	44.4774	31.69737	28.54799	27.23243	19.7495	11.23384	32.90564	26.29143	22.72668	34.54313	35.3105	48.28517	19.60129	15.79178	12.51303	17.79021	29.01124	19.18048	7.09124	30.07683
CBM62	272.88167	164.87112	130.05003	151.68384	142.08332	159.89442	136.43393	105.55141	106.82953	83.10719	81.14219	211.84574	227.06893	187.63558	78.69784	135.59291	146.74028	67.77675	115.76935	255.4995	447.99843	197.74645	200.8218	264.74388	154.66192	132.39618	217.68228	195.90291	195.82395	246.04489	250.45482	246.61408	260.46471	117.70188	66.97155	134.07352	265.35524	69.30818	88.69078	122.7027	69.11394	59.7441	56.80526	125.52432	35.98387	144.33771	264.85609	154.34244	253.87197	75.88584	22.02119	35.53689	181.76151	111.37001	149.06268	140.97367	155.3895	143.79887	117.92341	589.00907	208.03232	187.64817	204.89266	269.04131	246.49618	309.68568	341.32877	401.13458	319.59525	208.24054	51.87345	165.29788	187.23966	233.33339	295.91152	384.07104	287.27112	401.75882	99.48852	307.94348	373.77016	173.95062	229.06493	176.97595	183.42218	176.41612	167.62422	160.73282	160.51365	144.23962	142.1041	162.90434	186.92155	255.43149	253.83599	271.5035	226.74426	82.15826	35.49733	81.67686	45.4801	162.49849	267.3621	322.22544	210.39707	119.12922	170.76077	150.44383	187.19997	200.35694	209.35237	151.74157	162.67957	232.84481	241.7211	150.17658	101.14781	250.42339	141.74021	175.03707	220.89537	196.06239	212.62183	185.5778	222.2315	191.01087
CBM63	NA	NA	NA	NA	NA	NA	NA	NA	NA	0.04549	NA	NA	NA	NA	NA	NA	NA	NA	NA	NA	NA	NA	NA	NA	NA	NA	NA	NA	NA	NA	NA	NA	NA	NA	NA	NA	NA	NA	NA	NA	NA	NA	NA	NA	NA	NA	NA	NA	NA	NA	NA	NA	NA	NA	NA	NA	NA	NA	NA	NA	NA	NA	NA	NA	NA	NA	NA	NA	NA	NA	NA	NA	NA	NA	NA	NA	NA	NA	NA	0.45618	NA	NA	NA	NA	NA	NA	NA	NA	NA	0.46249	0.51706	NA	NA	NA	NA	NA	NA	NA	NA	NA	NA	NA	NA	NA	NA	NA	NA	NA	NA	NA	NA	NA	NA	NA	NA	NA	NA	NA	NA	NA	NA	NA	NA	NA	NA	NA
CBM65	1.52229	1.77366	32.48428	NA	NA	NA	NA	0.32653	1.08121	2.21861	1.37571	5.36065	2.15307	6.9538	10.11646	45.66067	60.49032	23.56646	17.58526	44.07233	2.30315	9.12068	8.55175	2.77676	5.72969	6.69705	14.55614	13.02034	13.78071	40.33873	13.84382	77.65567	30.77191	100.3425	97.06856	60.40984	NA	NA	24.96074	7.17437	14.92807	39.5928	73.93859	4.6612	78.46106	3.30347	11.57639	16.33941	35.34247	14.85775	148.11893	78.35609	NA	NA	38.01237	7.20296	1.93029	8.6409	17.02514	18.28979	18.29674	13.24089	18.57157	44.48356	3.65929	4.0613	NA	NA	35.83709	44.9082	23.61205	15.63454	38.03435	36.51626	NA	10.27693	65.19527	2.80661	18.2493	10.6727	6.47638	1.81554	0.82816	28.50022	9.74883	30.21772	50.29243	43.26364	31.52706	24.14613	39.63053	36.73746	44.65149	0.17306	4.80217	2.36933	4.30766	25.40269	8.67528	9.12423	12.13233	NA	25.20514	15.155	37.93079	27.07223	18.01688	16.38057	8.21853	46.79486	30.01144	39.59415	5.59784	12.43299	10.87289	9.91913	12.66834	16.93784	4.2485	8.01014	14.88955	3.68094	6.51847	5.7014	14.81455	8.48978
CBM66	8.22643	9.56149	8.93549	21.19575	15.97603	51.37097	22.67955	5.90563	3.4983	8.09067	7.25878	34.57714	86.2023	26.23143	15.24666	12.49817	11.5797	10.71747	13.99903	52.59418	70.03544	40.03262	25.29005	20.48278	18.02628	14.30105	10.61486	11.69034	9.91976	32.31777	36.84998	36.19847	33.80647	23.16568	41.08299	44.47653	6.39921	15.50515	5.45526	9.01668	6.22015	29.06955	12.65825	15.09127	7.37128	7.22124	26.89181	9.81742	4.91337	1.12954	3.28561	1.84213	5.45639	7.18763	3.68932	15.01616	6.67024	12.87278	4.84784	1.32456	5.19664	4.46059	7.19997	6.39371	14.86793	7.6045	28.63017	41.28826	38.31918	13.95038	9.55197	5.53767	7.11857	9.26657	10.35799	13.99673	9.17924	131.94486	25.72894	97.02666	75.93014	33.29679	10.01288	4.54327	11.31586	23.36857	6.65744	17.31269	10.80456	3.54755	6.01622	5.48612	5.16365	8.21936	12.63938	10.2611	7.52664	4.2188	1.94718	2.04124	2.59766	6.73576	12.34815	13.53222	11.70319	3.1031	7.51015	3.80825	6.00514	4.55505	18.91755	24.68431	12.1712	15.20519	15.12637	45.72131	18.06064	23.87812	32.02033	28.40483	36.92045	21.90491	4.38473	6.45788	7.43078	8.92364
CBM67	427.85842	351.45709	304.11468	451.86263	300.99185	444.01772	345.82618	329.78231	309.28292	339.75338	314.7297	425.7886	687.01733	420.96618	295.98451	392.52812	448.79049	321.52151	379.19717	662.59813	838.48662	366.52272	284.95046	427.61052	262.48391	390.26773	429.0675	374.75948	395.73357	484.22224	473.94867	395.4716	522.76323	434.51378	303.34014	461.75775	468.34932	330.92458	391.57864	505.67461	381.45377	473.10147	360.79562	464.36672	363.26998	311.6143	380.91134	396.12406	547.16845	440.45369	432.2144	491.49546	392.34364	257.88047	293.44153	358.69322	394.72458	353.40325	506.92834	814.48003	543.02291	492.60047	517.71012	328.91832	340.33458	307.76657	748.25152	692.8566	546.73086	497.5187	213.37503	378.98365	437.52777	488.42046	500.81131	399.9492	319.67659	662.78127	185.22152	611.2468	558.93264	472.2653	503.59147	415.16496	522.37421	431.72274	490.1363	480.28881	394.95957	363.34132	389.67893	399.7397	388.56483	442.60154	472.30465	512.59765	469.52539	383.5264	305.74353	417.2323	215.4662	425.56341	486.05362	538.94529	402.43591	307.30318	373.94173	455.61573	499.36144	491.5521	525.58865	422.38783	493.93492	499.27983	516.79747	557.75011	326.04879	538.96537	412.47957	437.39947	508.80787	493.60185	507.40801	548.4132	528.37885	505.89625
CBM68	0.44271	0.55778	0.45066	0.67069	0.18546	0.22576	0.53659	0.2013	0.19222	0.24227	NA	NA	NA	NA	NA	0.55681	0.18829	NA	0.14974	NA	NA	0.33666	1.67545	NA	NA	0.0772	0.06968	0.0309	NA	NA	0.41487	NA	NA	0.1204	NA	NA	0.35492	0.18978	0.54107	0.53494	0.54775	NA	0.76338	NA	0.56635	NA	NA	NA	0.19087	NA	NA	NA	NA	0.08526	NA	NA	0.11378	NA	NA	NA	0.10349	NA	NA	0.1103	NA	NA	0.53456	0.29345	2.41532	1.20171	1.72823	2.30996	1.39035	0.64891	0.12651	NA	0.10609	0.6993	1.50284	0.17683	0.21108	NA	0.06487	NA	0.05468	NA	NA	0.08182	0.87305	0.70924	NA	NA	NA	0.9986	0.72366	0.6953	0.14115	0.33169	1.21436	0.45989	1.02351	2.66835	0.87914	2.72806	1.20864	NA	NA	0.08732	NA	NA	NA	NA	NA	NA	0.33558	0.3784	0.31117	0.16533	0.22128	0.26366	NA	NA	NA	0.24316	NA	NA
CBM69	NA	NA	NA	NA	NA	NA	NA	NA	NA	NA	NA	NA	NA	NA	NA	NA	NA	NA	NA	NA	NA	NA	NA	NA	NA	NA	NA	NA	NA	NA	NA	NA	NA	NA	NA	NA	NA	NA	NA	NA	0.22251	NA	NA	NA	NA	NA	NA	NA	NA	NA	NA	NA	NA	NA	NA	NA	NA	NA	NA	NA	NA	NA	NA	NA	NA	NA	NA	NA	NA	NA	NA	NA	NA	NA	NA	NA	NA	1.29342	NA	NA	NA	NA	NA	NA	NA	NA	NA	NA	NA	NA	NA	NA	NA	NA	NA	NA	NA	NA	NA	NA	NA	NA	NA	NA	NA	NA	NA	NA	NA	NA	NA	NA	NA	NA	NA	NA	NA	NA	NA	NA	NA	NA	NA	NA	NA	NA
CBM70	NA	NA	NA	NA	NA	NA	NA	NA	NA	NA	NA	NA	NA	NA	NA	NA	NA	NA	NA	NA	NA	NA	NA	NA	NA	NA	NA	0.01786	NA	NA	NA	NA	NA	NA	NA	0.14015	NA	NA	NA	NA	NA	NA	NA	NA	NA	NA	NA	NA	NA	NA	NA	NA	NA	NA	NA	NA	NA	NA	NA	NA	NA	NA	NA	NA	NA	NA	NA	NA	NA	NA	NA	NA	NA	NA	NA	NA	NA	NA	NA	NA	NA	0.04096	NA	NA	NA	NA	NA	NA	NA	NA	NA	NA	NA	NA	NA	NA	NA	NA	NA	NA	NA	NA	NA	NA	NA	NA	NA	NA	0.35692	NA	NA	0.23729	NA	NA	NA	NA	0.03811	NA	NA	NA	NA	NA	NA	NA	NA	NA
CBM71	0.44515	0.32178	1.0492	1.50258	0.99528	1.53551	0.93651	0.49401	0.82365	0.76927	0.74946	0.36831	NA	NA	0.20712	0.8418	0.56675	0.61165	0.47908	1.73699	0.65026	0.98152	NA	0.38225	0.28442	1.20134	1.75159	1.08246	1.1512	0.55041	0.29376	0.28259	0.04254	0.63632	0.7808	0.66353	0.11132	0.20839	0.69649	0.13087	0.74029	0.79652	1.33389	0.25557	0.74083	0.16868	0.37181	0.60975	1.07942	0.53187	NA	0.09755	0.5381	0.14344	0.18471	0.20784	0.35701	0.47816	0.15418	NA	NA	NA	0.05427	0.03423	NA	0.36947	0.42431	2.76811	3.18755	1.42149	1.3989	0.36699	0.59121	0.56627	0.73074	0.06192	1.28636	0.94208	0.35398	1.57081	2.08652	0.56431	0.19847	0.48803	0.45838	0.38198	0.32303	0.10294	0.22195	0.4578	0.57882	2.28188	1.93308	0.24223	0.10399	0.24055	0.27327	0.3125	0.31863	0.19434	0.44409	0.22534	1.40941	1.19084	1.51159	0.23436	0.36531	0.33465	0.07404	NA	1.21442	0.11662	NA	0.23788	NA	0.27109	0.08824	0.27026	NA	0.26113	NA	0.57969	0.41326	NA	0.13931	0.20918
CBM73	0.17181	NA	NA	NA	NA	NA	NA	NA	NA	NA	NA	NA	NA	NA	NA	NA	NA	NA	NA	NA	NA	NA	NA	NA	NA	NA	NA	NA	NA	NA	NA	NA	NA	NA	0.38869	NA	NA	NA	NA	NA	NA	NA	NA	NA	NA	NA	NA	NA	NA	NA	NA	NA	NA	NA	NA	NA	NA	NA	NA	NA	NA	NA	NA	NA	NA	NA	NA	NA	NA	NA	NA	NA	NA	NA	NA	NA	NA	NA	NA	NA	NA	NA	NA	NA	NA	NA	NA	NA	NA	NA	NA	0.63227	NA	NA	NA	NA	NA	NA	NA	NA	NA	NA	NA	NA	NA	NA	NA	NA	NA	NA	NA	NA	NA	NA	NA	NA	NA	NA	NA	NA	NA	NA	NA	NA	NA	NA
CBM74	11.14221	34.3712	28.70892	0.47014	7.94601	24.84198	51.56799	3.3746	50.73596	67.77498	140.44714	3.58071	23.12811	8.74043	8.38716	16.32856	22.78202	19.39719	15.47922	5.36941	NA	13.70816	8.72474	8.58851	4.52136	0.22591	0.02968	6.89616	1.85345	5.81885	9.03228	2.48859	4.09466	10.69666	15.27884	3.83094	12.38154	8.72413	13.18131	3.88532	18.03571	14.48445	19.29705	2.65067	3.09978	8.55155	47.82764	8.99165	6.3807	5.67701	5.52145	3.72962	1.96289	7.64563	3.47048	8.79231	7.47417	5.66276	2.58799	8.34653	6.93066	11.38563	9.3446	6.08864	9.98465	7.09632	4.1713	8.90884	11.61188	11.70441	140.10288	26.78497	14.4232	13.087	5.09668	8.05998	40.91915	11.11662	69.38635	1.73389	0.7145	2.51036	1.49824	11.17307	9.04266	17.05745	11.11204	5.59932	15.41167	0.21749	11.16371	5.32802	3.60484	6.17162	5.20826	1.96099	3.55562	4.26511	11.48399	15.18237	10.10745	14.36326	4.93923	5.18248	7.0827	10.91964	16.14479	4.24288	12.20292	10.10025	7.19407	23.29839	14.67741	8.67123	12.51092	5.60054	5.8673	8.05708	8.26439	3.9817	10.16759	3.97236	7.87521	1.51347	4.23122	0.86924
CBM75	NA	NA	NA	NA	NA	NA	NA	NA	NA	NA	NA	NA	NA	NA	NA	NA	NA	NA	NA	NA	NA	NA	NA	NA	NA	NA	NA	NA	NA	NA	NA	NA	NA	NA	NA	NA	NA	NA	NA	NA	NA	NA	NA	NA	NA	NA	NA	NA	NA	NA	NA	NA	NA	NA	NA	NA	NA	NA	NA	NA	NA	NA	NA	NA	NA	NA	NA	NA	NA	NA	NA	NA	NA	NA	NA	NA	NA	NA	NA	NA	NA	NA	NA	NA	NA	NA	NA	NA	NA	NA	0.23785	NA	NA	NA	NA	NA	NA	NA	NA	NA	NA	NA	NA	NA	NA	0.0656	3.91599	NA	NA	NA	NA	NA	NA	NA	NA	NA	NA	NA	NA	NA	NA	NA	NA	NA	NA	NA
CBM76	NA	NA	NA	NA	NA	1.28904	5.42012	NA	NA	NA	NA	0.17883	1.64931	0.51479	1.76012	4.6767	2.81314	3.7102	1.72041	NA	NA	0.59907	0.66434	1.39409	1.17796	4.86397	5.92249	2.50541	2.75416	NA	NA	1.18565	2.47119	7.71851	9.94563	4.10391	NA	NA	NA	NA	NA	NA	NA	NA	0.03513	NA	NA	NA	NA	2.11745	7.73667	4.11218	1.9858	1.61809	2.75871	3.99173	4.04824	2.72094	1.63547	0.60523	NA	0.66622	3.74996	5.64871	11.69895	5.17052	NA	NA	1.51163	0.8316	0.14671	0.17922	0.17915	0.09771	7.10394	2.68972	1.29901	NA	NA	NA	NA	4.03328	NA	NA	NA	NA	NA	0.24413	0.25645	NA	NA	1.57106	1.07915	NA	NA	NA	NA	1.88273	1.18325	2.8508	6.21724	0.45521	2.02272	1.07548	1.71012	NA	4.32723	0.63135	1.19287	4.84399	NA	NA	NA	NA	NA	NA	NA	NA	NA	0.26375	NA	NA	NA	0.14669	NA	NA
CBM77	0.24383	22.74746	25.09295	10.76715	65.42825	9.72366	80.40183	7.73699	71.90377	75.54582	171.13838	20.38078	9.22819	17.74891	51.79379	12.03443	5.40859	17.64174	11.41512	NA	0.34124	1.29011	5.1245	2.28692	0.75593	52.94896	29.43333	21.06997	72.56661	25.30055	15.14784	8.89625	5.69534	29.57023	11.68272	15.80115	16.10056	12.71275	11.13729	6.88265	15.09192	3.35896	9.05434	0.28027	2.91906	9.5682	26.16829	32.29307	11.21002	29.76748	16.17149	25.12008	1.73785	1.7778	1.64092	9.28829	7.06832	12.77538	13.18078	6.0674	5.18411	7.53959	6.93235	10.12743	5.69659	12.50679	6.79826	7.75988	11.04186	5.84156	2.80641	7.75069	11.08065	10.39375	48.3407	50.80347	48.1794	35.86809	14.57359	56.87839	102.14876	3.5922	4.24306	6.80379	7.92214	19.16965	4.37264	12.82614	11.18619	14.28309	22.01258	5.85208	7.88575	9.4719	0.36836	7.68335	4.00021	7.35325	6.82516	11.09393	26.56874	1.9544	5.35473	2.78213	5.07842	35.0934	22.18697	8.94926	12.69148	14.37261	13.8932	6.61406	13.34661	12.63254	10.313	19.66959	12.31636	23.48187	7.10249	15.52446	4.74312	5.22741	8.82655	9.71681	3.66353	8.58263
CBM78	NA	5.57637	6.41477	NA	NA	1.41102	5.86727	0.3036	1.4858	1.05484	NA	0.66194	1.82879	1.0123	2.17177	4.63414	3.35452	2.85143	2.28947	NA	NA	1.69809	4.16573	1.74222	1.37817	5.40681	4.99204	2.9302	2.56004	8.00035	4.35215	2.46505	2.56169	9.0205	11.87404	4.14891	NA	NA	3.54318	0.44907	1.346	0.09784	1.78283	0.15295	0.71654	NA	NA	NA	NA	2.59122	9.31939	5.70625	3.19202	1.01192	2.56629	3.32889	3.86101	3.01243	1.799	0.75504	0.1493	1.1823	4.46471	7.84479	15.60137	7.8982	NA	NA	NA	1.20241	0.03017	0.55285	NA	0.42079	8.58744	3.19419	1.18696	NA	NA	NA	NA	3.95671	NA	2.18697	7.57973	10.95041	5.21049	5.73826	4.61829	5.72528	4.80181	2.71433	2.30805	NA	NA	NA	0.20551	3.53169	1.3384	2.05497	7.98077	NA	1.41066	0.72037	1.78544	6.01759	1.41563	1.81997	1.91326	4.34108	14.31218	5.80907	4.62229	5.65647	3.86948	2.06888	2.88568	7.59286	NA	0.29289	NA	NA	NA	0.09168	0.16558	3.24061
CBM79	11.40658	21.06702	29.31119	NA	NA	4.69496	15.98946	0.76506	6.60671	2.98129	0.72709	4.73221	11.32037	6.39289	17.58849	25.85217	19.03208	19.32798	12.68567	NA	NA	4.44183	2.93203	7.56693	4.77266	23.87653	24.12507	13.81748	13.04028	19.52927	10.58929	10.22107	15.67882	26.97045	45.55082	11.35631	9.72424	14.83163	12.417	1.67888	5.18072	1.18968	12.35426	0.74909	3.39367	NA	NA	NA	NA	19.1318	49.23835	33.96524	12.82833	4.67678	13.25055	12.50896	16.80673	8.49678	8.1732	2.63093	1.03704	3.64498	23.81489	33.89229	83.08567	35.19801	NA	NA	6.37032	3.25637	0.39541	0.66173	1.57867	2.72932	28.27983	13.86232	6.53569	NA	NA	NA	NA	24.17337	NA	5.55189	14.23285	17.44515	9.23027	11.18024	10.07702	12.28771	11.35233	6.88877	13.22265	NA	NA	NA	0.36669	17.60911	4.12644	12.4335	31.04483	0.83375	14.1871	6.21153	12.55737	28.79634	16.12421	11.71859	8.18304	31.7865	39.86718	13.43581	19.31673	13.09671	16.58229	11.33032	14.49298	38.72761	0.71036	1.11778	NA	NA	NA	NA	0.9289	10.34192
CBM80	NA	NA	NA	NA	NA	NA	NA	NA	NA	NA	NA	NA	NA	NA	NA	NA	NA	NA	NA	NA	NA	NA	NA	NA	NA	NA	NA	NA	NA	NA	NA	NA	NA	NA	NA	NA	NA	NA	NA	NA	NA	NA	NA	NA	NA	NA	NA	NA	NA	NA	NA	NA	NA	NA	NA	NA	NA	NA	NA	NA	NA	NA	NA	NA	NA	NA	NA	NA	NA	NA	NA	NA	NA	NA	NA	NA	NA	NA	NA	NA	NA	NA	NA	NA	NA	NA	NA	NA	NA	NA	0.51387	NA	NA	NA	NA	NA	NA	NA	NA	NA	NA	NA	NA	NA	NA	NA	NA	NA	NA	NA	NA	NA	NA	NA	NA	NA	NA	NA	NA	NA	NA	NA	NA	NA	NA	NA
CBM82	5.99829	17.61162	18.44983	NA	0.30511	0.36557	0.90378	4.67902	3.43671	4.10748	1.42554	2.67353	0.47867	2.54826	7.91972	17.36221	14.15688	20.28506	16.55509	13.53841	7.52989	4.1355	19.5487	8.76092	5.24107	5.01885	4.21075	6.94279	7.8169	19.94666	27.72832	7.50552	13.05508	15.73928	24.4799	6.59383	12.86511	20.61176	10.03715	1.83796	16.46125	9.07454	14.9868	1.36418	3.16087	29.38142	10.6739	17.84422	25.04896	2.9871	5.47312	4.39677	18.16657	20.64804	10.02935	10.04529	9.16245	17.14981	6.3789	NA	11.47385	9.12781	3.9244	4.71419	10.01884	5.73814	NA	12.77076	13.71403	5.84392	3.12244	0.44588	0.22585	0.12097	10.76734	6.61079	4.21993	11.27168	7.15554	3.37791	6.63955	0.0517	0.1458	31.10515	7.28966	15.52753	17.39848	5.53574	4.40454	1.82665	5.37937	3.34407	3.17346	22.4881	27.08827	15.8067	5.49489	20.815	18.09368	7.19841	17.46619	8.61644	4.92407	5.75709	3.43183	54.16513	9.2361	15.68487	2.37729	4.22208	2.45347	2.81772	0.26942	9.62281	5.99633	7.13501	4.42769	6.7073	30.95727	20.95754	34.1964	19.694	10.77335	6.8424	3.50597	5.40668
CBM83	8.45768	18.62617	24.76061	5.44457	26.06808	9.56884	26.83555	8.03768	4.65659	5.62593	1.95785	0.8852	1.77067	3.25521	10.39037	10.46602	14.02884	21.50556	16.55774	17.31006	12.21412	4.45316	19.26909	12.29232	7.24353	12.51304	5.89975	12.38636	13.32773	20.61202	31.60506	7.87852	16.46627	14.36334	27.28156	5.17689	14.08978	27.12024	10.45904	2.22513	19.61955	7.67826	23.00305	1.37225	5.62115	33.68871	12.18282	21.55792	25.07629	3.77033	7.10565	5.25672	19.69745	23.52367	11.685	11.39504	7.08985	20.4075	8.83883	1.38883	20.69552	15.39359	7.3859	7.41783	15.35532	12.10482	27.54388	22.90591	13.21501	7.68672	5.74409	2.51427	0.49335	1.29409	11.86875	10.24143	5.8773	8.97316	6.83767	2.36871	9.18606	20.56433	7.50425	33.54175	9.82595	17.14568	15.42256	6.96308	4.5921	1.9034	6.21171	8.8246	8.98347	31.07876	35.94196	18.55346	6.28046	27.76272	16.534	8.99845	24.77936	13.90572	9.11887	6.64615	6.34133	69.15883	10.63586	16.69258	4.20028	4.16539	6.79407	4.54035	10.65465	11.47866	5.71013	10.1683	6.31773	6.75119	35.0411	24.82009	39.87461	22.31238	11.82009	8.14489	4.39928	6.95095
CBM85	NA	NA	NA	NA	NA	NA	NA	NA	NA	0.02511	NA	0.10688	NA	NA	NA	NA	NA	NA	NA	NA	NA	NA	NA	NA	NA	NA	NA	NA	NA	NA	NA	NA	NA	NA	NA	NA	NA	NA	NA	0.06758	0.02673	0.85995	0.58035	NA	0.04241	NA	NA	NA	NA	NA	NA	NA	NA	NA	NA	NA	NA	NA	NA	NA	NA	NA	NA	NA	NA	NA	NA	NA	NA	NA	0.08633	NA	NA	NA	NA	NA	NA	NA	NA	NA	NA	NA	NA	NA	NA	NA	NA	NA	NA	NA	NA	NA	NA	NA	NA	NA	NA	NA	NA	NA	NA	NA	NA	NA	NA	0.07014	NA	NA	NA	NA	NA	NA	NA	NA	NA	NA	NA	NA	NA	NA	NA	NA	NA	NA	NA	NA
CBM86	1.6573	0.94782	7.44817	1.24586	11.79597	8.82402	23.24076	7.61237	4.33484	1.60896	1.8425	8.79481	3.89909	5.72867	20.09174	19.30237	17.26666	25.05775	20.1826	NA	NA	0.53784	7.39586	6.61588	1.1006	4.04372	7.75171	12.73175	4.83639	2.09831	0.9944	NA	0.11319	14.61646	20.52449	2.53233	13.74633	31.28575	1.37221	0.16477	1.75836	8.67984	16.42703	0.70798	3.40483	32.33825	10.02537	17.22501	25.05161	0.35377	2.09758	0.9201	3.19205	0.85223	1.07277	12.66067	6.84292	21.24737	9.62809	1.0173	17.20007	2.8078	4.29447	5.73225	8.1044	9.70443	NA	13.98345	5.2907	7.3586	4.18771	0.6481	0.94531	0.13853	10.62008	8.49709	5.51797	0.30303	0.78148	3.2959	4.9384	0.4806	0.22487	0.05058	4.63516	0.04569	NA	2.55149	8.92803	6.68563	1.58521	6.06036	1.32255	30.71834	40.07672	19.73874	4.74393	11.95815	3.34532	4.76947	8.18217	10.4322	1.86499	5.15493	0.65082	5.25511	5.81559	17.68359	6.19804	5.88328	8.21736	2.06965	6.59695	12.90072	6.43201	9.7095	6.50038	7.84109	28.89664	15.59009	28.00354	16.4558	11.02195	9.19129	6.5189	8.11579
CBM9	7.19341	12.04984	21.79981	30.6248	28.80813	19.87336	41.92007	24.10864	23.45297	17.45462	17.9112	17.85276	10.10445	13.53271	23.26398	39.2147	42.46708	44.87631	31.96553	12.97785	23.08561	19.80621	21.41962	36.59127	15.93699	19.01843	22.48103	25.93924	18.62617	33.16922	38.16031	22.91829	21.56224	27.51889	35.50843	26.0191	29.53868	35.9662	15.54977	14.50127	12.58886	17.04749	33.73697	15.4799	10.07665	46.47565	37.09624	40.21422	37.90017	49.25178	46.72001	45.63763	37.04907	15.51539	25.79289	30.98534	48.10892	36.69576	54.16711	10.28315	20.95653	17.97599	21.77657	20.25554	32.34265	18.64482	31.33637	45.22608	47.18329	32.34981	13.7194	14.98708	17.05649	11.88478	32.112	36.93313	33.03088	19.75448	8.17072	20.77302	36.57172	20.49796	34.65076	23.96414	23.44941	16.86636	16.13898	28.96187	35.58746	35.13241	27.20985	28.21389	22.38219	51.57654	55.52636	51.30501	34.23845	57.71459	19.75084	29.03718	24.00657	35.48804	38.40378	33.76727	17.81122	29.50931	30.04849	44.45801	39.2015	25.44764	51.02546	20.13411	80.42509	65.24436	51.25913	20.09866	22.18142	59.2877	38.16552	30.49639	38.91633	51.74582	34.68685	25.6087	18.62822	35.14685
CE1	1241.00091	973.5195	936.02458	1046.33889	889.24733	861.69749	877.65119	764.03634	815.76159	769.24399	830.58087	897.18026	958.59581	916.72255	679.12392	1125.38484	1032.46848	745.32342	996.69847	1198.78694	1558.32159	1038.14816	961.08164	1541.55291	831.58012	939.2746	993.42738	992.62082	994.41947	1075.11854	1090.96413	957.36498	1056.62813	816.84996	704.91885	890.3275	1356.9051	877.4137	738.96945	784.23723	723.85991	722.32227	693.79391	967.79158	706.6108	987.80379	915.35261	1070.23107	1147.86395	1034.41389	1183.32403	1310.4906	963.36818	836.09911	1197.38679	1340.86238	1413.73291	1062.01914	1432.59179	1588.55633	1042.2516	914.96576	952.06551	908.59366	836.91371	946.35175	992.06352	1132.85416	1140.79314	1087.35423	538.90385	897.51686	919.93824	943.46302	809.65288	740.69993	746.35836	1072.29909	449.33437	918.90535	895.34564	1020.78172	1170.79438	996.40249	1054.33592	1054.19879	1088.23932	1094.76891	1099.61005	1001.12913	1004.20944	985.5956	974.52384	1136.15144	1062.49791	1021.29751	839.98869	1018.59133	462.08677	716.37351	639.63081	783.90565	935.41781	1000.26092	744.01691	995.31805	969.05014	1078.54601	1035.81639	1251.95125	984.73568	790.0838	1050.88847	1097.62104	1169.50947	1037.92743	699.11659	1104.82596	978.01681	1064.13634	1285.52797	1075.9514	1177.85636	1112.00943	1124.84275	1140.51515
CE11	232.42439	197.62446	169.45582	255.83878	196.71506	160.16125	177.13821	155.16976	206.01483	179.97687	254.46174	193.36699	156.70325	159.27129	94.83908	220.45916	214.41185	113.84942	219.4691	190.59665	231.46803	181.84363	171.13562	266.31138	155.50593	237.37034	240.39752	277.96876	202.66327	191.31223	218.92614	186.3913	183.09804	158.19606	131.71283	193.90075	249.11543	178.51493	148.53866	185.55514	122.05148	151.27581	119.84087	209.50905	90.33843	213.68931	152.0309	181.75717	189.74086	282.85141	297.60798	304.50775	226.25339	173.93689	240.98504	262.24611	315.29152	225.4618	291.12117	157.71454	171.69221	182.38603	185.57445	279.89142	179.34414	306.33218	189.07147	194.79717	169.7527	187.38781	76.31132	187.92419	182.26502	176.71633	176.30995	269.89486	216.087	178.37944	66.25251	196.57714	180.24659	163.29218	261.39721	267.90988	230.08573	175.10028	241.15282	250.983	294.48596	283.31147	241.67714	185.79761	179.94205	295.05457	273.08126	310.9973	215.46767	286.18092	114.38863	143.41226	91.16333	179.10799	203.48774	196.5276	147.47523	95.39971	123.09661	195.05734	241.56134	228.21516	198.39932	142.6106	150.05907	210.41749	293.71739	189.92132	169.95732	249.89026	157.13918	254.03202	211.62066	286.62799	340.4397	294.91962	300.29367	320.23835
CE12	118.47633	142.14964	230.22206	310.86275	304.88869	182.25752	313.13222	215.11804	283.0481	229.35561	293.76448	218.41649	115.84635	176.34999	211.06461	285.29293	282.26147	216.88338	256.32304	260.3338	436.42777	232.25744	246.21449	358.71681	185.27763	266.42588	265.05459	219.3266	337.67741	356.93107	381.22229	238.16008	293.76019	349.72333	199.14608	315.82659	192.42351	213.15781	188.8696	176.1008	161.24374	134.05109	138.52108	101.12793	85.53466	216.30774	238.21892	358.62955	342.5624	355.47547	313.77142	363.84613	368.13422	167.79033	303.55714	207.07841	318.1032	262.96244	508.98824	719.68673	334.52613	335.76705	358.76278	272.58166	207.86911	296.10524	273.11573	163.70202	109.70706	109.76574	115.88272	173.32109	207.46627	168.59515	414.79544	459.0971	395.14356	315.09166	126.71626	352.42183	500.27137	263.28885	498.61682	254.02043	229.22323	249.82181	288.46947	235.99486	269.1534	314.74427	259.32196	393.25392	352.92453	315.0488	291.63199	427.8453	343.39587	289.32824	106.51773	145.55931	161.34081	351.07082	500.58523	504.94553	309.00547	235.13779	247.20419	350.63698	415.01165	256.75256	268.62118	131.7325	204.87166	253.21598	282.12909	273.94154	170.96998	340.89337	228.0436	337.333	291.9224	519.84721	381.78626	348.57877	306.9135	414.10402
CE13	0.50958	0.34077	0.47578	0.03357	NA	NA	NA	0.27952	0.86664	0.80243	0.43211	0.76776	8.14675	5.37511	8.19953	0.08078	NA	0.04292	0.22348	0.56475	0.21836	0.12477	0.34691	0.04836	0.23745	0.43362	0.18672	0.19359	0.59314	1.93447	1.78128	0.68512	1.13831	0.41437	0.33288	0.32994	NA	NA	0.47691	0.06999	0.29893	0.89057	0.3606	0.09281	0.56658	0.61962	0.43179	0.27162	0.27552	0.42464	0.25641	0.0303	0.08402	0.11237	0.12105	0.31364	0.05081	0.97836	NA	1.34148	1.1937	0.28143	0.71919	0.79609	2.47752	1.41799	NA	0.39707	1.61803	0.59342	0.03029	NA	0.08936	0.06042	1.86775	0.61458	0.95407	NA	NA	0.41448	NA	3.03934	0.47381	0.02578	0.02363	0.1999	0.14869	NA	0.08433	NA	0.04848	0.09936	0.11135	0.08763	0.10955	NA	NA	0.28832	NA	0.18335	0.12454	0.71975	0.20309	0.39865	0.42399	3.36184	4.49721	0.93458	0.42262	0.86474	0.67895	0.37974	2.24477	1.11092	0.44396	0.53113	1.0438	1.4718	1.31766	0.52892	2.4896	0.71972	1.51203	0.27149	NA	3.13774
CE14	1.66171	9.5058	4.98445	7.38955	4.20745	4.21295	5.30379	22.52922	11.11288	9.81558	6.21812	13.26287	26.25827	32.24423	11.94907	5.8382	5.95202	5.79628	6.17235	25.41372	12.6683	5.49497	3.16483	8.79316	1.92928	24.42915	31.25052	39.88887	34.42124	0.45806	0.79669	0.5362	2.38398	4.26915	4.6802	5.78155	3.29586	2.95985	37.08294	39.74938	32.47699	7.02932	5.2956	31.77165	12.40763	19.4009	6.54989	3.05796	2.71787	2.85406	0.55417	1.02533	1.15403	2.63364	1.83522	4.26961	1.52332	4.17547	1.12141	16.78033	21.88519	25.86289	20.32615	9.7286	11.53043	4.61682	36.37945	4.30957	7.85987	2.59311	10.29055	10.22062	14.23839	12.036	20.44634	28.71611	18.97279	23.6268	9.96362	20.07383	38.79586	6.33747	1.38628	3.10776	1.56577	3.14334	3.59199	7.63911	11.77433	13.11508	8.23022	20.27356	28.28251	3.4907	3.44338	1.51233	0.70555	12.20552	13.76545	19.1465	8.20416	10.03961	4.51448	2.84075	7.33723	31.88903	40.66917	9.15304	13.73755	8.819	4.2468	4.51465	4.27786	3.03144	3.36024	6.49	2.83945	4.148	8.34963	13.89739	2.83217	4.39509	2.04616	24.58132	10.84295	2.04958
CE15	32.99665	37.47027	44.90821	46.14727	28.43982	26.67371	33.12771	53.07893	49.32628	45.60828	35.6591	41.44359	36.09993	47.09272	32.82837	58.64444	46.19008	41.68356	52.1936	57.41065	96.57517	73.8919	58.49911	100.36555	50.96018	37.3902	44.85764	41.60052	43.08263	24.68577	18.38513	8.69422	24.71928	15.60474	13.63625	25.14875	61.49294	58.21541	54.98413	56.20634	57.80488	26.66878	24.49717	28.00672	21.93055	29.28808	31.72869	24.8205	44.40663	45.24189	13.07653	17.75596	67.72795	31.68436	85.01593	64.27405	76.7742	71.77205	65.69477	131.89682	94.22023	87.72534	85.35454	21.19833	37.2572	15.08796	136.02149	116.536	101.8353	63.06411	19.43981	32.28276	37.24757	40.65885	9.89648	4.09932	10.45864	12.3772	3.97442	13.14295	4.65384	42.77876	76.90267	62.21003	53.08011	58.34234	88.73629	58.39193	49.06207	56.2771	53.15963	54.67839	52.88034	75.69972	62.3184	84.0283	47.25667	55.85556	28.47016	51.97026	31.85534	37.40281	49.6716	60.14119	49.52622	84.33686	92.27642	89.56275	86.28262	67.96552	46.89314	29.71019	34.49493	58.94255	35.69376	57.19942	30.40648	40.30443	35.47502	47.68773	58.56094	70.07901	78.83519	78.35942	78.77092	100.64796
CE17	18.92075	25.4541	44.2569	9.12029	8.56012	8.77145	10.89629	29.05539	44.70231	32.44219	19.98104	18.27141	17.71538	26.55917	51.48069	46.04944	48.71423	69.31709	46.99103	49.27266	18.10722	17.17705	27.99441	21.16184	11.82783	43.23506	44.1462	43.48459	38.62624	25.50359	16.58393	37.5103	19.61363	38.66786	49.70133	29.0096	14.99597	46.89385	68.97731	11.72938	45.69205	34.66574	65.24656	13.77561	51.11054	10.218	18.23544	17.31423	20.06116	33.66296	57.20608	40.85201	10.55209	5.33049	20.74695	21.34194	19.51897	26.32927	15.43737	14.93625	14.52432	33.43192	39.20085	33.68727	21.59875	21.33258	40.67739	29.52516	33.3217	19.90882	47.18323	17.98717	37.03345	29.54413	46.43663	21.97254	27.31148	11.07843	8.40489	20.96449	35.99386	18.87699	6.52536	17.78657	34.79404	33.26992	27.31591	25.25994	33.22925	27.22851	28.20513	54.4614	46.35466	31.90602	21.16152	15.47289	10.01909	28.07389	14.03276	40.63194	38.12006	17.92054	31.03813	19.75762	26.1829	57.42169	42.63812	34.7731	24.99699	32.46624	27.07614	29.058	34.46845	26.26424	22.51682	40.73702	24.9029	32.07134	38.9461	25.61931	21.02908	10.55967	24.42598	15.81501	10.15124	22.87386
CE2	152.35317	155.00138	154.02914	63.42749	62.61736	82.46133	64.349	63.14353	131.00173	128.54376	173.94775	115.05887	124.25868	123.59364	133.87074	112.09875	116.12447	125.82122	98.94043	216.70504	198.027	98.51761	85.20727	95.94232	73.99554	105.64611	114.0267	128.67033	108.04059	96.66666	63.01511	113.57754	90.99842	133.69861	152.48675	104.36343	86.00087	93.29323	137.47371	52.1264	107.44919	80.10932	121.33547	46.98662	110.81444	51.63761	116.33049	60.50514	99.3463	105.53682	245.15088	223.68012	29.24412	33.1489	61.85357	63.1908	48.39714	81.8275	52.64654	127.2464	94.67651	103.483	95.88205	183.91055	99.141	178.11627	184.41256	192.98965	291.1319	246.26051	66.48546	47.96651	79.37456	90.6171	66.30925	45.99511	74.7553	102.0281	33.94778	105.92285	59.2532	56.82633	18.3041	96.20976	87.56136	103.48391	132.38496	99.38196	75.18164	82.74605	90.3099	118.15612	129.5272	60.66994	40.82824	47.65343	27.63444	95.80355	51.64461	100.82103	74.85954	77.21587	125.339	114.98317	130.78986	129.84471	124.32688	59.59147	57.60829	109.22604	95.50814	117.41902	78.29731	75.58459	129.46992	135.24727	81.7726	136.72448	85.26575	73.42516	81.40607	44.04307	62.83224	63.69124	73.17128	54.46409
CE3	4.63558	8.14577	8.89768	6.81898	2.99491	3.62902	8.18382	1.11198	4.12261	1.68825	0.94161	1.67164	2.17414	2.38374	3.22851	4.85631	2.39401	3.31997	2.76212	1.35016	2.13458	0.89532	1.65949	1.33025	1.27788	5.02015	5.52116	3.71515	2.7212	7.03164	3.23247	1.3206	2.49262	8.30451	12.6454	4.52866	4.21557	4.48156	7.81725	5.62588	2.31182	0.67915	3.07513	0.19803	1.21583	3.62827	1.81952	1.41371	3.61558	6.76361	9.38163	7.34488	2.33126	1.07077	2.90639	5.69928	8.19593	5.71174	5.34278	0.45118	3.28629	5.4466	7.83779	6.28103	10.68198	6.8687	31.82963	25.84448	20.09341	12.22446	0.54681	0.4225	1.13681	1.33304	6.3438	3.09888	1.14727	NA	NA	NA	NA	4.53153	2.38628	4.07131	10.91351	10.85177	7.49397	5.79623	7.14445	8.30533	8.01052	3.83073	7.56763	0.25675	0.24084	0.11259	0.57662	4.46254	2.2771	3.27005	8.1257	0.14694	1.87355	0.63857	1.99569	6.3886	2.55624	2.21359	1.12374	4.99674	15.55831	7.27345	8.58189	7.21778	5.59751	4.69552	5.67838	9.28912	2.03266	3.27754	3.27356	1.45594	2.32476	3.66107	1.5899	6.18326
CE4	1027.14224	1078.57581	1262.23382	872.29551	755.40206	916.50606	1115.0417	1125.56995	1015.86669	1112.68878	844.59434	1021.3029	1099.25005	1134.92893	1256.63676	1006.47087	956.03379	1201.30774	1043.32233	960.83039	885.72967	1032.13121	1016.2405	952.9534	810.75426	992.22776	971.22803	864.06692	986.38453	902.81016	847.1281	706.94677	777.53041	888.13747	965.88661	863.98595	903.11039	996.56206	1237.50007	1038.36529	1280.79573	1048.77033	1099.27789	948.19614	1062.98635	891.74228	858.93811	991.23159	958.71473	915.28833	1009.70458	906.06408	725.50407	649.16625	826.46721	908.51951	822.79703	1048.38874	902.30779	996.21389	1209.6917	1153.1693	1068.69757	979.38842	1037.66361	996.23929	777.98022	815.93098	842.64589	891.7388	1065.50689	954.75476	990.85998	1022.5203	975.29343	774.75254	867.84058	800.00622	669.53866	802.19943	852.99863	1076.71657	813.52355	949.82106	944.56876	1022.99587	996.40083	871.55142	839.69245	839.50699	955.98988	1104.19813	1073.62702	900.15528	853.71361	795.90564	560.74853	827.84269	881.95105	1152.69907	1233.9016	1060.28912	986.04732	974.80326	1038.40384	1324.91641	1242.46291	942.89816	868.76483	830.1959	1001.76789	1050.06831	972.2282	938.60242	838.51707	1061.42993	752.53467	927.39487	1022.20111	882.57979	939.99927	867.77013	865.84427	927.81569	860.8848	870.17748
CE5	0.53781	NA	NA	NA	NA	0.29348	NA	1.08744	1.04265	0.12877	0.17362	NA	NA	NA	0.01771	2.76542	2.40092	0.04534	0.28229	NA	NA	0.09335	NA	1.15994	0.91947	NA	NA	NA	NA	NA	NA	NA	NA	NA	NA	0.17199	NA	NA	0.03359	0.07357	0.06952	NA	NA	0.73289	1.15156	NA	NA	NA	NA	NA	NA	NA	NA	NA	NA	0.14111	NA	NA	NA	0.18895	NA	NA	0.05427	NA	NA	NA	NA	NA	NA	0.37614	NA	NA	NA	0.5329	0.82287	NA	0.15214	NA	NA	0.16142	NA	NA	NA	NA	0.02496	NA	NA	NA	NA	NA	NA	NA	0.15635	NA	NA	NA	NA	NA	NA	NA	NA	NA	NA	NA	0.0258	NA	NA	NA	1.35317	NA	NA	4.51157	NA	NA	NA	0.51008	NA	NA	NA	NA	NA	NA	NA	NA	NA	NA
CE6	30.91532	39.74311	46.64692	33.63596	28.55437	40.86903	31.21963	31.71538	88.21343	90.87274	188.61116	33.85486	10.21258	19.39016	19.36787	59.78303	63.91548	34.8479	50.76735	69.75348	125.11216	58.22917	50.72183	111.15767	46.15297	30.77942	45.21847	45.7276	45.97443	29.43471	22.51492	14.17437	30.15771	83.32195	39.60712	92.87658	59.56811	60.96788	31.90386	30.75526	40.29817	7.25856	6.8877	11.15197	7.59063	24.91761	29.77661	45.73861	82.98976	24.68786	106.08369	133.39409	76.17511	44.19445	108.83735	71.4567	75.74719	81.28834	154.30453	207.01181	110.17775	67.0013	69.11425	191.39198	117.81772	217.8594	87.69545	87.41386	8.12083	16.26776	7.06518	29.98136	34.12776	44.99926	165.59579	94.26742	40.87206	92.04969	43.88754	97.46233	126.43047	84.497	120.72018	35.73338	48.14792	51.93281	58.48936	26.68389	34.93666	26.75015	29.73359	62.58371	53.45564	32.08187	59.20275	85.68518	84.22027	28.41138	16.72771	31.98512	22.81913	43.49948	68.35348	100.84605	65.92445	11.11969	24.08194	56.38168	64.09458	109.26494	32.03094	26.86656	77.5003	59.27892	43.57557	48.86723	28.04689	49.51237	58.82145	59.26278	112.51971	71.54519	88.23707	76.96164	57.9861	98.985
CE7	131.82792	78.27156	93.34119	124.41985	85.18092	102.84045	94.81149	111.7523	140.72901	125.65751	197.03139	105.6619	51.18975	116.86024	64.89851	111.83183	138.41426	61.81752	103.91862	125.41512	204.02051	145.88409	140.93716	259.17857	121.57742	123.10146	139.17861	152.18943	153.2714	154.31323	153.29152	114.61228	160.48793	176.00984	81.07135	176.83535	216.99871	115.6429	63.66164	88.98058	58.9865	77.3109	58.78922	140.95387	65.86898	106.95829	116.19982	174.32565	242.6427	121.1344	199.11009	256.56644	193.33814	112.45021	193.31531	264.69031	300.89215	126.17316	365.96948	208.79754	108.57892	109.05814	134.54084	165.20822	124.66735	167.25643	123.63976	102.25087	65.02728	88.00968	51.83388	118.4536	131.3177	131.40332	261.09979	249.96192	201.49896	285.91374	128.12228	293.50061	399.59672	153.66717	255.3985	110.91884	142.43656	129.37537	130.69468	193.40178	201.54492	265.86416	190.04103	140.8878	108.39708	181.48316	194.02829	204.58599	212.50275	133.87423	59.40187	80.32268	43.10261	117.4171	171.55899	186.29429	120.47214	84.84381	117.83761	181.18142	214.92364	141.21023	159.48413	101.19936	125.27315	146.18389	134.6254	100.00998	64.50745	130.82303	149.04694	186.61201	187.48603	259.4262	175.80186	210.40697	174.17289	192.81672
CE8	154.22231	206.8973	296.38154	459.54589	389.97238	251.11838	423.47166	282.82954	402.9927	311.53471	494.10181	260.90056	171.251	248.73591	245.96756	366.14211	333.95475	230.23854	333.06515	275.49966	422.1889	327.18016	330.63032	538.69794	234.61387	328.49114	298.49407	267.52578	402.36256	554.64933	596.01548	432.54769	480.7191	450.92347	304.4751	441.02421	331.21426	393.68625	229.24472	245.27607	237.5331	120.29297	142.7444	101.2586	84.11185	369.93561	331.30116	494.26179	525.6052	473.43492	412.1311	514.70638	452.19812	219.29782	506.98459	408.40417	557.34976	406.66011	728.37706	644.54828	372.10588	365.35578	392.96747	424.47496	243.22672	469.76855	298.42829	253.45501	146.86496	128.74935	175.45155	268.21127	312.01755	227.46819	568.15686	599.65452	473.89311	275.31633	144.25501	292.56184	446.14186	362.5266	619.57	308.85078	288.77127	327.36407	348.03497	340.20349	398.39112	425.85816	355.30427	541.48551	446.89635	423.75412	411.65334	579.95442	471.39506	414.25776	157.01693	222.91297	247.2716	411.86157	602.4989	608.08807	405.25898	293.01109	312.38224	501.84752	587.27563	363.41955	345.89905	186.29854	317.88301	341.41603	384.29173	319.2236	196.14418	428.75628	345.80998	468.73548	415.58261	673.73871	433.51754	351.01094	306.40661	501.63626
CE9	561.25441	468.00177	528.68795	781.58693	579.99504	626.12964	635.60257	563.43652	487.02642	449.10024	358.87109	405.19123	448.49622	467.99517	479.04124	685.92413	548.11606	579.17292	584.99265	491.11891	470.40915	598.89197	464.87684	730.13039	414.55096	594.16024	571.1389	533.38269	547.91197	686.62457	706.42813	617.44548	594.95327	684.26665	661.04146	728.71274	591.20076	696.95495	454.84313	581.21702	512.55069	529.77653	586.20484	508.64771	417.72733	846.28418	706.64842	731.06754	692.38624	717.72307	627.20426	593.22728	621.1731	430.32435	682.76168	717.36493	743.72036	657.93328	788.42915	526.15273	646.88326	628.63662	584.09392	370.32167	420.01213	313.21102	693.57314	749.02527	652.53607	478.4856	598.14602	446.45619	513.71363	453.74267	602.30419	598.98153	596.99443	639.74209	520.01599	559.11353	739.21837	770.55195	681.22931	544.10739	605.38343	591.11021	572.40208	557.91113	586.40253	618.29597	525.94636	505.45048	471.22335	637.18757	676.01037	658.46431	548.20632	709.36123	506.07241	662.16262	622.4813	657.92156	710.16874	686.73495	605.92782	657.27182	676.39433	701.83583	695.01073	552.26824	724.98325	663.71146	667.22914	579.10926	619.08906	530.76023	396.52223	571.38002	715.0681	654.70095	662.09012	718.52097	505.39512	594.75305	510.04085	547.22024
GH1	271.25387	256.15611	253.55683	426.68928	345.51717	387.97622	359.58189	160.67765	211.06111	224.14554	141.01359	245.29009	266.72763	259.96798	440.69227	407.13129	261.32781	433.02547	371.91494	170.11169	118.66903	235.25577	223.24032	189.54263	153.58964	458.00644	343.59773	338.59941	401.00124	503.36597	532.70259	581.50733	612.83755	291.48142	347.53048	272.4482	270.89815	464.93947	239.35934	214.40533	305.18513	543.11258	477.57393	275.21481	357.42455	599.53327	441.13826	404.77637	316.18653	315.07421	235.82044	274.96726	507.27156	636.94494	389.16723	244.51267	176.00085	307.22967	173.11106	176.55063	248.04021	359.41099	303.06911	157.10033	250.92446	137.10632	193.00116	225.47216	434.1973	221.6968	221.03594	111.76455	181.78344	150.10351	298.75627	287.96626	372.44186	237.08047	146.21109	215.294	202.11147	540.29238	303.97223	283.91311	438.44834	452.46088	366.19654	191.95388	267.44604	279.67635	230.09718	327.55833	387.47369	284.25758	281.24144	179.75806	157.47056	348.68929	230.27871	373.22596	414.55323	462.77174	358.26898	438.68137	382.63638	466.11478	341.52315	492.88639	327.03914	259.12081	368.57022	421.07999	360.82574	279.3645	252.76483	330.38422	195.57521	206.47101	598.00013	440.46748	356.61511	228.69673	157.75471	189.45585	155.4597	183.85262
GH10	123.12753	109.45701	213.0205	99.6265	87.07839	87.81238	104.24662	97.63255	204.793	216.18141	391.32328	141.01324	77.2299	101.18341	118.96377	199.94404	162.89601	129.3977	205.27244	195.37994	287.90185	255.15914	313.66936	424.90487	241.39449	109.13583	156.00217	126.87502	142.21827	268.75111	212.74655	163.86022	230.02949	142.33484	96.63101	134.8305	429.3226	255.44765	121.84948	104.03159	158.20287	47.56085	68.48048	62.96256	70.93462	110.14619	126.37299	163.96213	240.49554	92.83346	352.06197	423.79975	183.92066	101.28658	398.6137	278.07447	342.21217	256.63319	354.95884	649.78051	327.42848	215.41419	228.89703	513.3186	268.70919	588.57588	177.2362	179.11443	117.43195	107.75037	72.2267	137.2137	150.69509	131.87405	235.98415	141.25471	75.80038	90.27885	74.26616	121.74675	110.12312	205.57624	261.77584	114.51465	140.46573	173.34087	176.89495	127.96655	150.22851	157.77495	125.13096	227.2451	216.06756	107.9081	122.65157	121.72418	111.43264	171.9629	75.74445	147.70239	179.80373	153.56364	178.25914	240.78209	188.15552	201.13851	221.03388	138.58515	146.86428	225.81992	128.45096	85.97849	214.85581	190.54037	190.9399	185.18195	132.39527	257.69643	117.31882	108.64229	181.02642	152.50222	234.90709	190.40245	148.99021	268.62691
GH101	3.7964	3.21245	7.27181	19.1108	6.71694	24.49397	7.18216	4.75333	3.55362	2.90201	2.79029	3.31584	4.86009	4.16507	3.99713	9.70152	7.77987	8.83996	7.71861	5.4949	3.00514	8.77521	1.65305	4.09887	5.04962	11.51616	10.03704	6.46479	7.5891	7.47493	7.18009	7.2133	3.41892	6.8464	10.1349	8.33953	5.87659	11.25261	2.59794	7.99113	6.85692	2.58538	4.0129	5.86942	5.77234	10.28813	6.14595	4.91069	2.78913	6.07727	1.36622	2.32637	7.40727	6.70027	8.3614	8.99166	7.66271	8.0607	6.24909	2.94624	6.21784	4.28799	3.68775	2.15389	1.99399	1.36114	9.7574	15.07565	7.47844	1.49834	8.77145	3.28053	5.15601	3.93157	7.01801	6.48286	13.27163	5.78327	9.91842	5.56698	5.49482	17.60112	9.53749	6.89006	12.81959	10.88547	12.31074	4.13486	4.90701	5.28362	5.92809	4.04985	4.64329	6.93615	7.44851	6.2395	4.20962	7.93214	5.20624	6.0612	6.01057	6.56748	7.434	10.37709	3.00521	4.46546	12.51343	16.65045	7.79042	5.0896	17.03928	12.99479	3.36685	4.72247	7.5678	4.67911	5.89032	3.96752	12.37724	6.88333	9.19188	11.2808	2.92288	10.08714	1.24969	4.03807
GH102	13.07347	11.77379	18.75716	13.41768	12.99468	4.44495	8.32191	10.88852	10.91547	6.31635	4.39196	12.61848	11.13585	16.62091	8.08657	11.82157	8.2475	7.03149	23.87364	25.72219	11.33035	7.95737	8.88696	14.58758	13.25568	4.8621	5.23126	5.30914	3.20509	26.95568	21.70388	16.25137	17.51421	7.9622	6.6165	12.562	25.54018	44.42956	6.92552	6.36597	7.95458	5.24472	4.65191	8.38775	5.86517	47.17294	21.36687	17.8318	31.66554	20.69675	10.00197	10.06597	16.24772	21.64269	13.2869	9.84564	16.85793	36.46787	27.47895	36.34086	22.12293	32.18123	35.9576	13.06438	10.25033	9.41268	22.22351	23.48731	14.836	14.57761	9.2382	16.70884	32.08403	26.64616	20.66868	62.32432	13.09133	5.93852	NA	22.79461	23.85396	13.0402	8.58958	48.88719	12.21126	6.60546	48.08748	11.56899	20.01029	25.16177	10.65698	25.01123	27.67562	22.55436	8.84541	15.20316	2.96983	20.2454	13.36128	17.78661	9.46823	18.02071	21.07358	30.78613	27.30458	8.28917	17.29083	7.27609	10.13641	3.33979	11.49164	19.10531	16.01177	27.20344	11.34529	26.4573	17.39479	9.67786	7.08186	15.54145	14.59813	3.20997	4.19606	24.16791	5.19785	1.72682
GH103	1.22674	6.62891	6.67093	6.45372	5.94315	1.26285	5.68435	5.72593	5.49458	2.81442	1.94891	3.83756	0.75394	6.74267	3.74505	2.96984	3.08876	3.28411	10.81197	7.53832	0.67666	2.13903	2.9726	1.75996	2.16067	0.97063	1.35903	1.52937	1.00896	3.04379	5.03478	2.50504	2.73411	1.48694	4.33476	1.50046	6.72208	27.20994	2.36852	2.44477	2.69672	1.06388	0.7129	2.67235	2.79327	37.11148	4.93824	3.2628	3.92637	11.8944	6.87774	8.99479	0.11312	1.50597	0.16954	1.18133	3.91511	3.39016	2.72361	4.31325	8.87174	18.60602	21.18816	8.43227	4.11679	7.77815	7.55642	6.89351	NA	4.45075	2.14289	5.3738	12.45294	12.90902	27.32278	61.2701	6.40513	3.11783	0.43644	12.9761	15.07697	1.88607	1.87766	43.49704	6.61603	1.59674	34.20087	7.18661	12.74972	15.83032	4.73175	16.7531	19.18488	15.68958	4.08167	11.55649	2.17001	10.64592	11.45717	11.40315	4.7138	5.47664	5.23536	3.17749	6.06435	2.70362	2.29192	2.65849	4.50236	1.47727	3.55551	3.29281	4.25966	6.02841	3.71238	15.86273	7.30551	5.16789	3.08509	5.47196	3.63354	0.86029	1.44926	24.80343	2.50397	0.51862
GH104	NA	NA	NA	1.07514	NA	0.03564	NA	0.2315	3.2606	3.96273	8.25217	0.13029	NA	NA	NA	NA	NA	NA	NA	2.58542	NA	NA	NA	NA	0.52647	0.15508	0.04452	0.07639	NA	NA	0.06485	NA	NA	0.09475	0.09039	0.04882	0.98132	0.17989	NA	NA	0.04612	NA	0.20213	NA	0.0517	1.53337	0.32673	0.49905	0.06299	0.12602	0.14985	NA	NA	1.59808	0.22129	0.17275	NA	0.1698	NA	NA	NA	NA	0.534	9.97481	2.32051	11.33538	NA	0.23735	1.79544	NA	NA	0.2939	0.13884	0.32378	NA	NA	NA	1.35085	0.19212	NA	0.66992	0.1846	NA	0.04302	0.03181	NA	0.12077	2.58794	4.97585	5.91386	1.11515	0.06689	NA	0.3195	0.55558	0.4483	0.2826	NA	NA	NA	0.32578	NA	0.28032	NA	NA	NA	NA	NA	0.67099	0.12482	0.34143	0.9728	0.94262	0.04035	NA	NA	NA	NA	NA	0.15345	NA	NA	NA	NA	NA	NA
GH105	336.3386	287.98092	360.47484	593.23672	395.27481	388.60097	443.84687	387.75137	468.58739	365.77135	518.48375	331.10935	184.90438	263.96546	229.17465	513.61553	523.59113	345.22304	468.92414	583.93487	867.54526	502.40159	430.08667	777.94619	380.4481	442.93218	489.8552	464.62929	522.64452	759.84413	784.49454	590.11074	700.46211	611.06769	370.90086	660.00021	545.77339	483.96303	356.02029	399.09889	318.47599	205.17352	197.44622	280.18557	164.88282	439.65901	457.88435	663.59922	880.59267	614.52939	494.28248	605.1292	839.78675	453.63982	787.15076	545.88285	729.91916	562.86398	1107.01337	1472.72287	649.1256	588.39977	645.41687	466.03693	461.501	472.94306	442.68812	391.13831	219.74815	193.40936	206.12308	356.62878	418.88463	389.98671	801.71874	743.37952	570.27472	571.40099	248.23314	573.60712	751.99288	531.98088	929.31092	427.9244	490.69852	493.84126	560.88702	506.9742	616.9034	575.05821	498.5868	572.79354	469.39583	607.35257	636.41401	870.14929	729.00315	498.81404	204.52793	301.39827	248.38694	593.17243	838.33871	934.91203	628.45127	400.33913	467.15327	642.30339	731.56448	507.0963	545.53836	311.00954	443.52296	510.92693	579.64489	521.19573	318.21567	647.64974	411.09502	595.69824	615.72334	863.91067	756.50566	707.69989	616.52651	766.5905
GH106	232.85423	240.27785	292.31694	548.70996	324.72522	486.43111	438.45204	368.11304	387.91792	328.27036	411.64546	531.79506	891.98778	366.76169	239.99013	365.08178	378.81154	265.36326	348.02022	706.53101	978.19549	534.72357	365.35378	605.4872	383.79393	247.65827	250.65289	211.19987	234.08647	536.42476	576.01969	467.78003	593.19114	497.93994	359.83479	700.31264	373.61724	383.92668	266.49947	384.0288	262.59681	310.83604	221.07844	367.83322	255.90488	363.01579	298.04258	423.15686	601.94598	359.83718	221.1596	284.44005	533.64283	311.47138	430.8687	329.3043	453.0315	406.84014	723.99839	669.16588	446.74011	393.43405	398.75102	391.42011	350.76831	380.69034	635.88706	560.51999	474.92536	450.25108	189.35444	326.76533	383.34402	359.199	438.6831	441.26062	393.9502	783.56221	188.38865	726.43188	367.05241	478.82484	595.65749	409.4148	366.18108	314.64962	397.81933	572.66968	459.13673	459.06232	402.18571	414.60515	359.43646	385.46535	429.6085	600.09894	526.24616	452.41202	346.89941	409.42201	190.86317	466.85388	629.49321	663.42114	445.73228	232.76248	313.8979	455.71902	552.59479	391.2783	527.6118	451.73264	404.77842	505.04861	426.9456	535.49152	330.63754	473.4035	360.09594	540.31838	509.94617	698.79805	522.97975	557.40908	486.9103	521.61704
GH108	129.67893	83.66829	61.03785	75.82502	38.14865	38.33559	34.80044	26.1662	71.40183	71.00836	144.5985	42.21557	18.99122	24.25568	28.04939	41.45424	40.51709	17.72089	264.71207	63.55065	97.07619	43.87733	36.26945	70.27998	37.0852	19.67923	18.17013	16.39242	23.87064	684.55027	598.59855	1149.77848	1586.47786	42.88303	15.90666	17.49581	230.47903	425.36465	6.55138	8.02885	6.97357	16.19076	19.22414	37.96111	21.51953	363.11894	245.08425	258.0226	264.33455	56.9134	7.48779	10.08296	1738.84175	2517.31835	1261.9797	51.96147	49.52299	15.4788	30.15915	113.2484	38.35775	62.04441	67.59793	271.84083	93.74317	327.47748	9.65822	4.30294	7.79854	13.1275	38.27569	88.82237	115.61838	97.47703	66.84489	161.83781	10.58829	1.28304	NA	7.51914	1.84486	24.59465	510.74035	129.46975	65.6908	62.83031	97.57027	152.18129	135.53943	126.63414	116.35193	117.94861	82.65165	107.91161	70.86595	97.52533	70.96782	72.6512	36.84654	35.67794	21.98146	84.66399	107.64854	136.34702	87.91383	41.17515	110.92143	146.29065	141.85793	189.6717	145.00605	402.49976	92.28609	183.98759	104.74519	73.63013	54.45695	72.28937	43.65092	69.41764	61.31921	119.01984	126.44228	110.13064	126.16852	122.11915
GH109	267.19195	228.51376	219.92979	327.24945	197.17958	257.5004	203.46761	210.35009	189.14342	137.97953	126.38452	240.96752	204.32097	144.55101	105.71844	252.57341	276.20652	134.51667	236.67428	276.7563	424.47388	270.81741	202.44802	375.58582	210.9632	174.34983	207.63621	204.15132	188.35957	357.55516	402.75974	295.43711	325.87418	319.65171	191.10891	418.24283	323.81715	216.9526	178.38975	313.14282	158.84644	201.18263	150.50339	265.98779	116.34123	259.82909	227.11337	296.65356	378.60808	255.35556	106.02554	134.92418	309.77513	196.91425	296.56547	284.28528	418.86186	258.76504	466.61505	393.19423	267.09558	201.44939	246.42946	112.2067	172.00339	85.35704	408.59841	423.84436	340.42291	288.11959	104.52171	221.39511	207.32457	220.01104	353.409	364.23447	290.03874	313.98466	135.55316	263.82222	308.00373	223.20331	408.20469	253.04567	251.86309	201.11766	250.74271	281.8973	271.89726	250.47779	255.34237	222.49812	200.74959	425.69289	439.66585	566.34107	376.32993	348.71319	165.85732	185.30726	97.91538	318.07516	360.50585	375.7011	279.00488	119.34259	200.07318	288.50699	340.29734	320.40925	309.31552	204.26182	225.26774	307.89329	289.96412	259.0352	179.75632	296.59138	253.1759	389.5598	385.66305	545.31754	283.23389	285.1101	293.11792	291.58777
GH11	1.08859	3.33467	10.6162	9.15692	3.35145	0.73191	1.3223	2.19303	0.52017	1.41158	0.95914	2.0785	1.56076	0.52594	3.66834	3.17359	2.021	2.71996	3.48231	1.9414	0.35954	0.9325	3.55737	4.07336	4.79589	2.02265	1.95555	0.68198	0.43621	4.04161	0.87408	3.59417	2.93055	NA	0.21836	0.074	17.7039	4.89213	1.14191	0.42935	1.93818	0.31048	0.05929	0.27855	2.62378	4.12379	2.47087	0.76626	3.35624	NA	NA	NA	NA	NA	NA	0.11855	0.56129	1.13894	0.0724	NA	1.68204	0.32388	0.36555	0.05514	NA	NA	0.25086	4.82249	5.93622	5.03027	1.99173	2.19051	2.26333	1.68486	1.88633	1.30651	1.54968	NA	2.33729	2.5029	NA	0.60923	0.82474	3.3967	4.80072	3.78902	2.41913	1.03073	2.10566	3.86704	2.85486	1.44069	2.83384	1.89813	5.29712	6.81046	5.05077	0.5288	1.34783	6.4107	11.16318	1.7413	1.38918	1.60371	3.79954	2.78596	6.51145	0.71381	NA	1.2855	0.12039	1.83803	3.53338	3.04865	1.45622	1.39948	1.94991	2.24768	0.07582	0.16942	NA	NA	2.2753	1.12035	1.10778	1.46563
GH110	188.72892	256.32436	183.73736	189.38923	105.12574	119.08528	109.85067	145.66341	118.66586	102.68007	73.19585	196.33136	167.83796	110.97505	75.07376	177.61698	174.36438	120.12018	163.18638	167.81756	237.96937	135.64971	85.41856	121.98071	98.62369	95.2403	100.82049	72.68981	69.37598	147.68149	163.52116	128.95881	117.24802	121.79982	75.27522	173.67673	109.05408	103.62276	109.12787	195.2214	99.12603	174.76008	134.71882	252.28991	140.47681	99.81853	163.98639	96.73166	131.78889	153.58079	67.65412	81.04536	207.22263	150.56308	141.37704	104.74421	152.37919	145.77216	149.91818	82.63554	125.35998	113.03001	106.10525	76.50438	109.89032	58.3621	200.93028	247.09257	162.55068	186.51082	87.06674	125.35272	106.90661	124.56626	84.45528	95.01871	100.0066	227.26425	126.17741	200.94019	216.18356	97.31508	170.59611	158.3366	137.74193	90.55663	157.35833	122.52352	115.45471	115.08791	113.07086	108.49705	122.77192	278.35199	253.63202	341.28311	165.42333	174.36221	124.66114	124.28061	99.5334	284.00666	292.04404	313.56686	254.70442	53.20041	104.95526	130.0494	135.69698	92.40575	137.222	129.44872	133.28495	150.01308	134.78016	136.15077	110.24181	132.39239	94.7378	165.2428	123.12087	207.78666	91.66366	156.1355	157.35062	74.94575
GH111	0.08045	0.30349	0.08503	0.16643	0.13583	0.06525	0.15722	0.38639	0.29956	0.13632	0.16577	NA	NA	NA	0.01248	0.08298	0.07057	0.01846	0.02878	NA	0.02691	0.08423	NA	0.05149	0.00901	0.09132	0.02521	0.00663	NA	0.44534	0.09156	0.07738	0.09458	NA	0.03475	0.06527	4.7382	5.3681	0.05534	0.01736	0.00826	14.03637	11.94482	17.8829	28.74571	1.12152	8.30646	6.79715	3.83563	0.13537	0.07593	0.14353	3.75259	8.72303	1.82056	0.24463	0.2289	1.22598	0.17135	0.91532	0.54644	0.15529	0.05542	NA	NA	NA	0.17395	0.05919	NA	0.54091	0.01805	0.17228	0.09569	0.32805	0.02784	0.04031	0.09688	NA	NA	0.17945	NA	3.45412	0.01868	0.10166	0.05795	0.02321	0.03594	0.06798	0.05033	0.07682	0.03005	0.47814	0.36444	2.28705	3.66882	1.95851	0.42625	0.06903	0.14599	0.06903	0.01756	0.15033	0.03284	0.41832	0.09337	0.02187	0.08827	0.00927	0.11253	0.02848	0.14239	0.04975	NA	0.00542	NA	0.01193	0.0138	0.03746	0.07	0.0439	0.02469	0.11274	0.02338	0.09044	NA	0.00757
GH112	129.41608	122.26681	141.41517	128.62579	121.91003	147.74207	127.85881	73.29582	86.45873	73.27976	56.912	57.78481	68.56319	75.88603	107.05107	155.46182	112.18173	184.13514	146.94808	141.16417	68.76462	116.15875	75.23223	77.54562	56.4232	136.72004	127.21136	124.79169	142.50545	99.83189	113.20199	142.71294	123.81421	154.22843	172.98854	125.18813	106.79531	139.76279	128.34237	75.98996	137.38246	133.57242	157.3822	123.03837	128.15548	153.91642	114.54112	121.99978	114.46136	90.56802	61.59029	75.57095	94.56199	76.19699	77.07872	116.04318	74.90171	129.51428	61.61531	87.79142	125.6707	94.31839	89.99972	40.6457	63.67938	34.79112	94.72483	106.23571	132.58866	92.04044	192.33628	85.27791	105.92912	77.63602	143.51384	106.26995	98.97467	92.56817	94.61344	79.80965	120.95186	154.93312	65.4251	116.28785	135.91326	138.73325	121.23128	42.42256	66.29691	72.38667	65.19342	79.83306	90.14147	123.08383	105.6594	67.38637	46.43827	113.70989	66.04921	114.69915	123.47214	117.12179	143.25705	121.93602	151.32882	177.41787	100.46809	168.96377	110.67575	93.01051	155.79167	135.50031	135.37946	114.13234	104.26297	140.98811	96.05078	100.57643	161.94244	102.70226	127.99825	89.63298	88.87241	122.12363	81.65668	85.93053
GH113	9.94489	7.78345	21.87161	19.83792	8.53496	10.76206	13.19428	13.4559	12.59162	12.2224	11.05171	15.46192	4.8739	7.56041	13.66228	32.52782	37.89477	44.29286	35.37088	51.18508	28.61174	14.82483	25.70952	23.89636	16.99219	37.88015	41.84349	36.43054	32.78117	22.7496	18.38485	35.53708	19.76247	29.8694	36.85188	22.24366	7.82912	3.68396	31.2625	11.69046	22.75734	31.22482	60.09281	31.07647	47.56995	14.33165	18.01985	12.66156	20.19432	31.21476	47.06547	36.38538	11.63797	5.84096	19.46587	20.27396	12.93094	30.36187	22.76831	5.60328	8.53772	19.49558	17.26604	23.33052	14.05681	17.51843	12.64302	27.05309	20.36828	17.51698	38.19315	16.36068	33.60962	25.93102	30.01928	17.1621	20.3011	14.28869	12.19325	10.43554	24.80375	16.0492	13.76743	18.83188	27.09287	29.22069	30.15276	27.76817	38.4077	43.1358	33.38256	39.22681	27.60058	22.83931	18.70394	19.16423	19.29052	29.9837	14.15676	22.72466	23.81268	7.2256	27.29572	20.61883	29.25405	32.18869	35.10322	26.31109	19.06186	24.41081	23.04892	24.33571	26.71588	20.68908	23.23587	28.02691	22.92632	23.57882	40.40985	28.47944	21.81238	17.12768	27.29711	19.00795	15.43296	26.68378
GH115	156.87657	146.48235	237.43826	316.45665	203.16936	247.15572	281.79787	170.34078	323.10675	328.28576	558.94737	246.08749	186.75225	167.49962	143.25829	282.23582	262.17093	177.55732	241.07867	374.90269	543.00027	308.2053	282.45687	475.03618	238.13412	293.68952	324.13038	327.27686	308.13411	366.87979	362.18919	261.23341	323.90544	283.96614	192.39413	337.40628	315.95944	257.79682	181.78585	186.42176	162.68805	116.98662	128.01787	160.78416	83.95688	263.46415	296.99857	353.80886	424.57632	195.89177	449.74162	548.58528	353.61647	207.63934	355.09799	211.72756	298.67542	263.63891	592.69423	776.75725	381.15014	306.38947	334.54833	681.44406	361.17488	765.84092	328.89376	307.37644	131.84347	149.12214	149.90704	231.7998	265.47314	244.9257	858.00275	621.13363	304.94619	267.69777	148.89134	273.91135	323.28104	487.52055	651.7376	295.32801	283.88299	262.16377	296.83288	351.55886	447.6572	468.0071	348.10018	384.51158	329.41401	320.33388	433.86654	536.07537	639.48355	314.30969	153.03405	254.36512	170.33049	350.40081	472.55306	496.50943	323.97878	212.93471	308.14977	346.88271	409.50489	351.46904	324.89991	223.14854	332.30467	309.73869	268.93872	311.79661	218.95816	322.58611	286.13517	326.94768	430.26415	541.17736	552.43608	523.83911	454.8556	520.39228
GH116	176.6126	71.70508	52.6068	68.1134	39.94424	39.10517	48.07326	31.26355	24.91209	20.80533	17.8021	56.94311	38.06903	66.77972	32.80416	37.59736	43.7082	25.75278	45.07509	96.46423	117.99768	82.92236	118.05399	129.91704	77.98779	100.43249	107.00439	116.29824	104.0894	108.90333	117.60816	130.21652	167.76033	41.83461	29.96715	59.59945	91.52941	34.67499	21.46604	39.08118	20.3784	93.10907	70.29616	142.19642	106.85246	51.34084	56.31557	89.6682	104.91352	30.24493	18.8932	22.96525	65.26158	68.39933	71.6801	88.69786	93.46283	56.08927	76.58547	107.20673	48.52872	45.25168	51.253	31.91546	59.93861	22.38265	91.82813	80.50805	62.21864	56.03561	17.79467	63.55562	59.49531	75.78482	2.59294	1.6415	4.7047	4.45943	4.16037	4.18164	19.56213	93.04877	132.73055	84.89644	125.90337	112.41642	93.21941	66.92741	63.91995	39.8887	66.92276	36.80918	27.05721	162.55106	119.7016	74.75929	93.58937	59.64742	26.65062	40.67112	29.97989	43.99223	53.77796	64.78063	65.11867	66.86149	75.47738	41.79321	44.15223	127.99631	118.44744	67.94449	80.75737	91.79999	66.37267	30.74548	30.08057	42.70987	48.48396	48.89202	67.62569	51.63006	167.08371	118.05395	202.11962	144.67926
GH117	62.43805	33.39372	31.83719	25.62641	16.8856	27.18294	22.52982	19.99435	20.59242	20.42468	18.19624	9.85238	5.38765	7.55491	7.37915	25.79965	21.4771	6.93866	28.81938	23.46141	33.90317	37.30582	30.35908	67.33882	28.04873	47.74327	49.57863	57.10837	49.9911	67.39215	73.46213	62.89052	79.20615	28.34281	18.36229	24.72118	34.43798	30.72922	6.28061	10.22804	13.00933	4.62162	6.13411	19.46158	9.03882	21.15256	27.02503	35.50841	51.35086	45.4014	30.56559	29.09563	37.24574	33.86083	99.20423	57.17958	62.72298	40.85125	54.96165	6.46603	12.17364	10.51485	23.62294	13.44405	21.15832	8.65306	17.43784	14.21348	2.21687	6.52797	8.92501	28.24325	31.51823	32.75217	18.34989	21.13551	11.73363	39.33221	14.25938	46.10738	58.58091	69.75491	109.24751	44.82576	42.11057	39.64829	33.33953	59.30494	54.36228	53.1992	56.28031	17.42399	18.39227	48.05765	42.93028	27.63748	36.95307	37.17436	13.32534	13.82153	10.5294	15.57614	18.17427	29.81705	21.4021	7.85413	12.60488	27.7414	37.56816	26.86972	76.49528	40.01049	59.6697	81.15447	24.76356	15.39874	10.5172	18.53257	44.49173	56.97079	54.08227	55.30506	74.49194	61.33543	95.44031	69.06769
GH119	NA	NA	NA	NA	NA	NA	NA	NA	NA	NA	NA	NA	NA	NA	NA	NA	NA	NA	NA	NA	NA	NA	NA	NA	NA	NA	NA	NA	NA	NA	NA	NA	NA	NA	NA	NA	NA	NA	NA	NA	NA	NA	NA	NA	NA	NA	NA	NA	NA	NA	NA	NA	NA	NA	NA	NA	NA	NA	NA	NA	NA	NA	NA	NA	NA	NA	NA	NA	NA	NA	NA	NA	NA	NA	NA	NA	NA	NA	NA	NA	NA	NA	NA	NA	NA	NA	NA	NA	NA	NA	NA	NA	NA	NA	NA	NA	NA	NA	NA	NA	NA	NA	NA	NA	NA	0.02583	0.28555	NA	NA	NA	NA	NA	NA	NA	NA	NA	NA	NA	NA	NA	NA	NA	NA	NA	NA	NA
GH120	82.29588	96.93691	93.05006	86.98084	73.93525	61.87363	46.6791	27.44195	27.3518	83.51351	57.39512	42.17077	72.90233	68.09569	109.60116	98.24794	60.23193	78.20962	82.79772	38.17787	28.66716	58.16537	40.67408	29.79395	36.60497	97.31149	81.92199	59.42365	76.6933	111.37645	102.80623	76.07163	67.54153	89.87883	111.0284	91.98787	40.54678	52.62566	51.46511	83.23884	62.18175	59.4555	79.06709	19.41059	32.95283	93.05872	209.15933	98.48174	72.46929	55.02924	44.13929	57.65074	53.91804	54.36433	53.88266	116.4454	68.66871	76.9771	52.92045	55.15985	88.3681	106.40401	90.40762	31.78382	43.05282	43.24081	270.36856	193.87759	165.23757	128.92664	60.17288	33.77695	35.71994	38.53246	67.11371	45.95098	64.7535	106.63017	70.19135	51.26271	113.32604	99.27675	39.21238	41.30597	82.73833	128.84947	94.27369	29.18732	54.90158	60.98215	32.18977	35.63113	59.60046	88.84537	80.82191	75.35332	48.5417	107.42671	36.84447	60.83738	67.97186	43.20323	60.30175	53.03581	77.56105	122.8677	94.2991	105.52607	114.59923	137.63355	68.5189	82.22497	101.04481	79.32463	53.47384	88.48179	76.29946	90.9381	136.00505	90.48101	100.05315	80.63459	49.12679	44.23052	55.41119	61.80023
GH121	16.43485	16.20418	5.9626	11.27579	18.80537	37.46034	12.51204	1.07185	0.79833	0.42599	0.19736	2.46108	6.68278	2.50088	3.33409	9.30651	4.99841	6.45299	9.03716	NA	NA	6.09303	0.88825	1.70224	2.06908	0.25279	0.1412	0.13199	0.37538	6.7035	5.23516	5.33861	2.32023	3.12682	1.77628	1.67096	5.08808	5.02041	1.62957	1.42354	1.09846	NA	NA	NA	0.01909	5.94261	33.38336	14.44193	9.11801	2.26264	0.85735	4.39077	7.08083	7.19683	6.09968	14.19951	8.50149	10.21581	6.20782	0.67184	1.29048	7.5643	13.07521	0.05293	0.37241	0.14894	27.08275	5.52964	4.90843	8.25559	13.14078	3.92339	6.87366	4.84264	1.39753	2.06484	8.26795	14.81737	2.05549	5.61562	3.38623	5.62394	1.1776	4.56445	13.33269	27.74019	24.2666	0.45121	0.8909	0.7262	1.04263	0.20339	1.04641	0.49328	0.37947	0.17495	3.18531	1.04405	2.11425	1.84244	2.83581	0.26442	0.13425	0.02763	0.10484	3.68639	1.85314	1.04503	0.32276	0.1879	1.44253	3.99571	1.80286	1.93111	5.2885	1.83642	2.93171	2.48698	8.75983	2.07129	7.57687	4.71965	0.21328	1.9914	0.93912	0.13639
GH123	63.36175	68.5474	63.45179	107.82045	60.97806	58.40237	60.15617	82.30609	66.23542	59.95317	45.69995	83.45935	54.88093	53.02733	44.25011	94.37505	105.2131	53.5529	88.98663	43.547	50.21774	64.66028	53.73708	86.73525	55.05943	58.60718	74.65091	78.03804	63.33497	79.57148	93.5563	66.77658	67.26398	73.36533	43.33927	95.52972	78.71666	68.41399	54.99398	104.08676	54.00868	105.86274	89.9918	188.44398	123.16587	72.89178	85.66418	83.14344	95.7005	81.49849	42.8261	45.0358	110.20345	90.83282	69.28118	86.92261	105.95461	70.08084	141.68923	68.2629	91.29568	93.22712	96.44094	46.28257	64.32558	32.74933	138.2806	148.47188	104.59034	123.07231	40.25413	72.10944	68.02899	69.27787	102.68561	101.09991	82.83111	88.1603	49.5853	88.06355	115.89078	80.30445	121.03145	83.89774	101.67862	74.34061	95.84977	86.7854	88.30492	76.22112	77.58255	64.40961	65.96676	119.35541	140.60265	189.12347	124.45413	90.8024	65.9213	66.81873	63.3583	120.93353	130.46169	130.23246	97.87822	40.14398	68.83753	63.67268	77.52985	54.3553	75.48934	59.61238	59.07872	71.10657	84.54908	62.26484	52.51227	73.85504	56.65141	84.57835	60.01186	102.35043	80.59293	142.0488	113.63456	76.24561
GH125	593.49356	358.76058	260.21346	190.21523	181.99322	244.94695	192.12149	141.39658	105.83207	126.46216	84.27052	227.46994	205.11214	236.05096	111.28366	220.20707	243.7622	110.35462	216.78593	258.69033	341.30289	415.89565	441.62179	622.94995	331.46536	360.10185	418.30532	443.18344	388.58523	252.84745	254.71912	242.45319	298.26096	195.08381	128.76866	220.77361	491.53518	176.4971	103.81547	159.82475	111.7259	143.89758	117.41201	272.12316	150.06943	205.40651	308.50225	375.927	404.53228	200.0534	183.91906	242.24171	302.39847	261.28196	281.9645	506.9604	490.68294	200.90603	504.11656	205.29824	192.26239	168.68819	237.00232	119.61983	232.59152	96.05692	337.00508	384.74736	195.27031	181.54206	94.14628	256.26785	260.1742	284.18505	290.25089	199.40981	106.13859	334.85848	117.68808	299.15986	373.65102	228.34389	259.75285	276.53157	372.59581	360.23297	299.42115	305.67761	262.42747	170.75429	286.14283	180.43476	168.83077	573.66201	513.50154	381.69578	429.86549	176.76487	78.96888	124.22692	78.92944	86.19221	133.34317	136.74024	96.40496	215.55939	227.76758	304.96393	354.34203	484.49247	407.06732	275.78047	297.03159	393.71838	311.39515	174.78256	146.65843	238.3861	270.1684	244.35455	360.0892	327.18425	367.82542	272.65756	450.05811	348.387
GH126	0.37329	0.72836	0.35006	0.91157	1.15344	1.43329	0.83667	0.45363	1.40493	3.44804	1.52317	4.41146	2.29298	8.09312	4.11682	4.45455	2.59089	2.98795	3.39488	0.61183	0.65479	9.43988	2.57988	3.26207	6.18868	NA	NA	NA	0.03452	0.48066	0.21478	0.52306	0.36748	0.09345	0.51431	1.96392	0.80557	1.0003	15.56709	8.4764	15.50981	NA	0.11968	1.83253	7.01626	0.06547	0.16254	NA	0.04672	3.25643	0.2014	0.01982	0.02765	NA	0.03541	0.01479	0.10065	0.56262	0.13615	23.47674	25.44424	18.43985	19.74612	4.04376	2.82996	0.34878	NA	NA	0.80297	3.53408	1.26822	1.96953	1.4281	1.0506	0.37138	0.37929	0.46713	0.6958	0.23685	0.73209	NA	0.05087	0.04653	8.14572	3.16443	10.45187	20.87254	1.03983	0.55014	1.47913	0.85022	6.45514	8.43906	1.08515	1.46786	1.61303	1.59569	0.91775	1.1752	1.14208	0.32853	1.69382	4.455	2.41929	3.77172	21.94596	21.44146	2.93283	0.03906	NA	0.67089	2.14589	0.90379	0.09679	1.8093	8.51283	5.48173	1.94306	1.54632	1.69101	1.11103	NA	4.06433	5.84798	9.41361	5.35049
GH127	259.30742	239.71355	230.11036	270.58947	209.04181	236.0246	223.44318	228.36205	313.93974	295.75373	414.0544	197.59258	185.17633	189.37623	175.16601	298.83218	282.36414	214.72656	257.28935	283.42766	373.28604	232.03813	167.43873	270.25354	144.01089	263.565	269.76094	254.36328	251.66029	343.16918	328.69152	248.29396	279.14326	166.58509	185.093	171.43922	228.73626	214.6645	221.7047	209.50267	204.82198	181.54094	193.5266	181.68413	138.79923	233.07303	329.8697	240.38736	296.41322	257.22456	369.80702	413.89749	288.9627	166.97021	217.2293	253.51458	302.94643	223.89404	299.97214	408.52023	263.9946	253.61291	283.16631	382.06593	223.98805	432.89645	294.29848	315.32472	208.30658	150.32241	178.8755	190.73228	191.31124	185.44741	174.73814	198.60718	239.71505	288.26763	137.87448	218.2062	276.60572	222.1268	311.78784	240.10246	248.58171	232.01644	236.48774	321.22942	288.66818	274.74071	255.5303	270.31226	251.56627	317.79186	309.81346	352.34076	285.1475	251.70038	99.72068	161.66418	141.82569	260.01739	331.37996	366.50383	268.8754	261.35281	262.52455	315.76089	347.26122	292.38291	316.39641	199.07474	279.92478	291.24137	275.45259	238.1513	175.4087	296.23249	237.13253	243.87309	280.23064	334.80432	284.52818	268.14517	324.02158	289.38534
GH128	0.20084	0.81741	8.10168	12.5274	10.31536	2.1452	3.39314	3.74404	2.695	3.02209	2.06235	11.91131	1.8752	5.70019	4.84504	3.30805	2.90986	2.96111	3.6128	0.20819	0.05067	4.37595	2.68132	1.75804	3.19428	4.97854	1.7269	2.69616	1.01872	8.69179	2.30886	4.85225	3.31899	1.49868	4.62018	0.59779	0.71687	1.49392	0.66524	1.16112	1.18267	0.16363	1.17108	0.63839	0.40123	2.95207	1.39099	1.72996	10.56813	0.68611	2.81847	3.07364	3.36128	4.06945	3.35853	4.49745	3.69393	28.91064	3.30695	0.57627	2.65741	1.40331	1.13523	1.85606	6.52124	7.00707	NA	4.93386	4.88612	2.54471	9.26623	2.37576	3.21295	6.40702	0.65363	0.6631	3.07312	2.57622	1.84268	1.51385	0.66885	1.99789	0.19009	0.53698	2.42299	2.18905	0.21281	1.4592	1.71758	0.90948	3.44887	3.00436	1.73167	NA	NA	0.0307	0.05812	5.33238	5.92376	6.03096	4.80704	4.15611	1.68947	5.91742	1.18576	6.96073	4.08477	9.32396	2.04422	0.75988	2.32937	1.12486	0.42856	0.73632	9.74197	5.94936	4.12399	7.56486	1.19896	1.76592	0.63282	0.25103	NA	NA	0.07891	0.27113
GH129	5.99267	9.03677	10.77507	11.35261	8.04253	21.25333	6.60025	6.87796	7.10117	11.19393	5.60298	3.49108	10.41471	8.82807	15.36257	11.61737	6.22211	12.69299	9.13744	4.14242	2.16983	11.70972	5.00742	4.28545	4.91211	15.79324	11.61088	6.42673	10.22543	11.64813	8.06009	4.24508	5.96922	9.71475	14.92006	10.71181	6.64148	9.14395	2.62437	3.37812	3.89529	18.34166	21.85597	34.39054	29.85718	8.36564	15.89763	15.14757	10.7358	8.19426	5.0437	5.67228	10.23451	14.39652	8.74962	14.29945	8.88851	13.25492	7.10821	2.47106	5.58533	8.06191	7.0759	3.40641	6.10044	2.00025	4.96193	2.7665	2.27054	6.86603	18.80512	6.5769	9.93092	8.04948	11.27369	5.12401	16.73651	10.01175	7.96173	6.70592	6.72493	18.25721	4.60062	4.00151	11.67859	8.45384	4.19502	5.31859	6.42278	8.42424	6.17892	3.61627	7.04773	11.39807	11.60244	6.87884	3.41115	4.93402	5.49173	9.46543	9.49795	10.16505	5.21464	9.22299	4.99383	14.85242	10.99497	11.05895	12.2906	6.52619	8.43999	8.00082	12.17089	6.33044	9.382	8.65827	6.7071	5.91844	23.66103	8.51626	11.31912	8.823	5.05221	26.2912	10.35662	6.36295
GH13	5907.08064	7012.03878	7148.03139	5879.48682	5698.2273	6686.31415	8012.30142	4508.68555	6068.15603	6561.86679	7485.21023	4929.00514	5750.91137	5398.22109	6490.80209	7448.98575	6686.1579	7863.56642	6817.15632	5813.30886	5344.72519	6019.78183	5203.82224	6013.47592	4275.78822	6325.22642	6034.11254	6265.53674	6472.97514	6513.8657	6976.53213	6308.62936	6066.1399	6349.66667	7610.87734	5477.96018	5855.37122	6720.25408	6175.31797	4416.53016	6052.80005	6543.13965	7488.70174	4547.97201	5343.73543	6947.73876	8168.563	6600.1015	5933.02055	5525.74118	7995.7725	7209.39728	4898.91274	4468.57936	5138.82797	6769.66567	6024.90663	6753.18723	5286.77726	5120.80591	5929.86495	6496.16688	6048.2163	6612.42418	5817.75436	6785.48916	4771.31557	5058.63409	5848.38277	5696.22382	11533.64649	5779.55558	5597.07284	5355.69958	5609.48497	5283.70459	6616.9428	6111.50938	7858.5575	4669.49399	4788.07475	7399.04994	4775.13706	6629.96895	6487.51036	7056.72006	6551.56535	4942.74476	5567.54562	4792.82197	5073.75992	5305.84587	5329.20864	6365.81145	5912.45619	4961.13766	3463.819	6089.26452	4663.62469	6398.7251	6775.53145	6259.64364	5690.3823	5606.47546	5920.48899	8802.05741	6706.81299	6651.155	5996.30727	5581.49734	6621.98456	6964.43431	7417.18984	6388.51784	5954.55209	6390.50715	4492.00595	5817.19969	7837.0635	6031.70012	6875.61127	5677.63812	5123.57368	4808.13364	4589.95065	4232.11552
GH130	353.54588	369.28565	403.84141	353.04588	263.27754	322.73107	297.6848	249.48856	316.48117	315.28611	305.46259	363.81663	358.27449	368.73168	273.37337	511.49811	508.60844	367.7776	447.53101	429.46201	486.83346	417.0056	328.09236	510.08362	313.46382	411.10333	456.57169	432.56931	420.1252	465.07072	424.36483	407.89269	449.05942	504.86959	350.43824	529.13491	369.39018	338.33603	400.32083	341.48873	322.37736	257.50333	325.89447	294.87954	236.9058	327.25017	366.38766	493.1492	594.37333	469.35556	520.19706	550.72787	435.07572	256.50256	414.78342	428.10984	468.49744	358.46745	654.69152	646.19043	450.75559	440.93586	494.90295	344.33225	322.86573	304.72379	531.47065	543.5243	401.40741	339.62614	220.87205	310.37192	349.7781	334.48292	618.05902	457.52003	331.40256	588.938	219.0155	545.77786	547.49611	474.01298	596.15459	326.75658	424.07417	418.19441	442.92967	394.05773	396.66948	329.42346	365.8988	326.68187	293.44116	502.49493	538.61429	626.70915	546.38103	431.26406	140.38324	243.34132	218.80952	304.96429	477.09375	462.68513	352.13969	395.51224	406.10034	403.0173	448.12935	369.07754	444.07592	349.75342	393.49112	417.10085	452.6527	443.13514	299.49797	497.235	417.11289	426.41723	443.89604	501.78977	427.26918	382.27441	465.97997	423.15343
GH132	NA	NA	NA	NA	NA	NA	NA	NA	NA	NA	NA	NA	NA	NA	NA	NA	NA	NA	NA	NA	NA	NA	NA	NA	NA	NA	NA	NA	NA	NA	NA	NA	NA	NA	NA	NA	NA	NA	NA	NA	NA	NA	NA	NA	NA	NA	NA	NA	NA	NA	NA	NA	NA	NA	NA	NA	NA	NA	NA	NA	NA	NA	NA	NA	NA	NA	0.06661	NA	NA	NA	NA	NA	NA	NA	NA	NA	NA	NA	NA	NA	NA	NA	NA	NA	NA	NA	NA	NA	NA	NA	NA	NA	NA	NA	NA	NA	NA	NA	NA	NA	NA	NA	NA	NA	NA	NA	NA	NA	NA	NA	NA	NA	NA	NA	NA	NA	NA	NA	NA	NA	NA	NA	NA	NA	NA	NA
GH133	125.8446	144.26398	140.54776	152.87004	130.47935	120.03201	131.55231	133.43937	133.15853	138.76766	180.72565	139.00365	143.38085	97.17293	82.29747	164.84366	175.00335	102.8142	168.68224	161.94614	195.83284	135.51231	131.74229	183.66961	116.62388	112.06441	120.30453	126.2079	114.63227	133.33777	148.3259	108.93004	130.52565	113.88192	105.30687	131.46557	133.67277	97.71042	94.69576	108.64627	103.9333	107.10552	96.07588	118.0532	63.75421	130.08755	104.87124	135.93488	148.9624	152.92303	159.94388	175.19924	119.47706	107.46313	142.81691	165.37458	170.20842	153.11242	192.77349	126.18521	131.07183	114.68172	117.72158	168.98852	143.67188	179.12081	170.65761	188.65483	153.51079	150.31059	49.40366	93.45801	96.11753	92.64041	121.77297	114.98116	109.49546	155.66259	44.62694	119.67599	108.85471	133.36349	133.96592	142.77223	128.58085	119.81704	135.99444	174.11924	197.97228	157.25954	149.90387	118.24955	123.02076	158.93965	160.81824	162.33331	115.30202	183.3701	55.27369	75.45277	77.01444	104.9004	114.74299	117.33404	98.46535	128.48669	98.46588	145.37104	149.64437	147.86724	105.61385	88.53524	110.87012	125.42445	149.1298	136.22382	100.43495	147.56953	134.2092	156.0027	170.46208	158.06863	125.90324	114.33636	120.27453	114.39691
GH136	34.60461	34.42008	39.33285	41.03717	36.43122	40.68332	31.1943	29.85186	38.69337	29.07483	23.65032	17.7351	22.7396	24.61551	40.71794	42.54255	40.99742	42.62891	38.25583	73.29498	83.54452	49.04996	22.76303	46.52032	32.10212	28.65868	31.49036	24.47809	33.96323	42.07558	30.29795	29.10918	38.61749	44.65556	35.88379	37.66935	44.31423	46.67835	37.42038	31.14217	38.07814	18.42919	19.95962	29.4027	22.5645	47.61299	47.77512	50.58726	64.74843	44.54034	31.48673	32.59317	42.66135	30.31812	33.95963	29.15987	32.71794	45.18471	30.20832	154.06517	78.27716	55.23939	51.59495	16.89522	15.88926	12.2482	71.82296	59.64821	53.64974	25.26971	56.03043	39.45194	39.0179	39.57836	28.07681	34.17415	47.29324	24.90936	38.30326	20.38617	31.06947	51.13837	48.85287	56.97115	55.28159	53.52712	46.42141	19.15826	31.89822	36.21278	31.05025	56.0994	62.88771	53.54106	39.34547	55.93074	34.78129	33.11726	23.06766	31.67733	36.19255	67.41012	67.01981	77.70392	62.75818	25.76053	41.82011	66.31734	60.91537	61.84873	62.24229	45.0979	46.15843	39.24818	34.39733	52.855	30.43404	44.41069	31.75503	35.23959	47.38706	45.42198	36.19327	66.86769	64.85428	25.35615
GH137	13.56726	18.60683	16.21024	39.79903	22.24858	28.15732	25.63584	30.21416	30.2751	21.07331	23.03463	13.14405	10.64472	19.17196	10.06006	32.12787	40.26739	19.94088	25.92937	31.70723	57.17876	24.59312	21.43403	47.88571	19.41442	25.98566	28.39218	21.87341	26.75793	47.05206	46.80823	30.83373	41.42773	35.12265	24.15087	37.08075	24.84705	27.74358	18.98625	22.50906	18.30247	10.0834	12.30821	16.22092	5.21551	27.57352	24.31943	37.89431	52.75221	23.00843	7.27375	11.63467	64.1303	27.71641	40.0867	22.50408	47.73614	22.7796	60.78651	95.16485	42.48821	38.31677	38.84269	17.54579	18.97528	16.28502	30.89823	21.90517	15.05612	19.98218	13.30788	28.41945	26.97379	23.30809	73.54501	76.67159	70.23013	49.13898	19.88787	51.38471	56.10209	31.20666	79.6262	58.25445	50.36146	41.54013	44.1	37.62514	39.19135	39.14436	29.91158	58.7034	47.3884	49.54331	57.09326	85.57464	67.94044	26.21885	10.40585	12.96025	7.47777	55.28264	74.90906	81.44954	49.56463	16.79421	30.09255	58.84575	81.37786	68.15965	40.71141	14.95995	26.39733	36.45773	22.86716	27.38424	16.28058	33.874	37.25736	56.24699	53.53947	84.91815	43.71485	46.85745	51.49017	46.15895
GH138	24.82566	21.30843	21.41121	64.03024	33.963	34.25043	37.5224	37.17202	35.91754	22.24971	26.96261	20.96213	12.0805	21.30364	12.70663	54.58096	59.77772	31.52872	44.41982	48.04233	76.70765	33.44237	27.65499	62.9702	25.37291	36.39708	45.17867	37.29169	41.68999	69.43584	74.11201	48.11075	62.41747	83.00464	43.32022	86.83562	41.0101	46.65564	23.77465	43.39729	23.06854	27.78396	25.92802	29.33118	11.03446	53.51989	42.80655	66.39615	96.50828	35.83143	12.64907	19.54942	98.58332	39.919	60.15347	35.75401	65.7725	38.99228	118.22165	132.32322	73.39735	60.60857	57.15954	24.57175	22.71651	21.91283	45.15291	39.05448	14.74817	17.88644	17.86432	33.0021	37.60323	30.45868	81.90715	94.54117	78.67658	81.84024	41.82781	93.45926	98.98165	54.4546	96.57959	46.28191	43.2186	41.85478	45.87304	44.42455	51.11195	54.52186	44.24792	82.71303	66.06626	68.79234	86.96538	120.5897	129.10114	39.08155	15.97108	17.96642	11.23028	81.9169	109.33371	117.04412	68.62494	27.6119	47.2982	98.40437	123.49839	122.81338	66.50644	26.66198	42.39159	55.79942	36.67589	41.4257	33.0843	48.41491	49.45908	75.35842	86.64376	101.81611	68.96585	71.24908	79.50163	69.06262
GH139	21.69695	17.87668	25.81982	48.29638	28.67984	29.95456	29.64896	27.80318	28.77629	17.57808	20.57887	11.69969	6.6731	14.34306	5.90617	77.31984	81.91789	34.19446	70.52733	66.67312	110.52636	27.83025	26.32518	52.30293	23.61154	27.40802	38.46252	29.53195	33.30124	47.40538	48.25849	31.7471	42.48464	46.60858	28.98866	54.91539	28.78946	27.10505	37.51915	44.22909	27.65931	39.1364	32.38927	40.9811	21.77497	36.66794	38.40978	53.86058	82.12965	25.29604	5.92746	11.81295	63.34875	29.83858	40.12102	25.49639	51.72435	30.52895	78.80428	114.69173	48.71004	40.9813	48.71704	16.6521	16.6046	12.27914	34.47418	31.19782	14.0689	17.27504	12.818	32.71154	33.20839	32.48774	50.78257	58.02451	53.06445	51.11866	23.64458	61.63887	68.02183	42.26348	82.77698	45.69041	45.2551	35.62665	40.65447	42.10641	44.02103	43.42807	34.86868	66.03013	52.28644	50.37089	63.22159	92.17022	89.28695	48.6767	15.90031	16.06671	10.21545	66.92929	83.87925	107.69884	66.46766	28.95807	47.05705	61.22711	80.01755	62.53471	44.64759	17.46065	31.15781	38.75721	24.47759	43.71666	28.35557	45.59577	33.74652	56.2723	60.37406	81.18781	56.44402	53.25905	60.91841	59.86595
GH13_10	NA	NA	NA	NA	NA	NA	NA	0.16775	1.26874	0.15353	0.10222	2.32959	0.20541	2.55826	2.11221	NA	NA	NA	NA	NA	NA	NA	NA	NA	NA	NA	NA	NA	0.23938	NA	0.04812	NA	NA	NA	NA	0.04506	NA	NA	NA	NA	0.04608	NA	NA	NA	NA	NA	0.66736	NA	0.04111	NA	NA	NA	0.02914	0.07419	NA	0.01479	0.05689	7.3237	0.4838	0.1335	0.61047	4.67367	3.39325	NA	NA	NA	NA	NA	NA	NA	NA	NA	0.23173	0.05408	NA	NA	NA	NA	NA	NA	NA	0.31997	NA	NA	0.03062	NA	0.02805	NA	NA	NA	NA	0.06602	0.02451	NA	NA	NA	NA	0.04738	0.02772	0.35316	0.66617	NA	NA	NA	NA	NA	NA	NA	0.58796	NA	0.0976	0.22269	NA	0.06503	NA	0.19821	1.26543	0.18737	NA	NA	NA	NA	NA	0.03585	NA	NA
GH13_11	55.68249	65.75246	68.88085	33.37736	57.37267	97.98967	91.33848	20.21478	20.93371	38.98214	25.40078	25.77764	27.42863	30.03945	51.77513	78.7264	62.54238	76.60669	70.14354	44.41819	22.19972	45.6442	30.62575	28.51644	19.95411	44.25421	38.69222	40.67046	39.10762	41.60214	53.80083	22.86364	30.32807	47.61751	80.40623	28.70365	49.83895	87.40328	27.61661	11.54053	30.16138	65.99077	72.13909	22.1444	29.97718	92.5434	138.89359	78.33379	56.16144	23.61346	70.33125	31.87812	38.33293	45.07272	27.52086	71.02058	43.84532	59.81843	30.43403	18.1266	42.04426	54.93503	56.30779	24.07747	37.66803	25.35297	63.90231	45.57431	57.98495	35.11297	52.17529	25.25324	28.57077	28.97512	64.57938	85.00821	76.53016	51.7119	96.84962	27.19367	31.74335	78.60207	28.07549	83.65971	51.59914	76.77262	89.19869	20.45899	29.24897	22.59351	20.71914	36.49346	39.03426	61.84561	55.75186	35.25941	17.94154	56.29762	45.73743	49.48312	50.53439	42.52346	32.39416	30.51003	28.8634	89.02924	35.50546	49.66031	33.3006	36.08888	44.46948	63.89617	61.36663	53.02623	42.60972	61.8665	42.07865	52.49986	94.76793	48.38132	69.302	46.8099	30.83934	46.12339	17.89401	25.76407
GH13_12	0.60603	0.47243	0.10895	0.2929	0.04392	1.73948	0.07412	0.02472	0.04539	0.44294	0.28809	NA	NA	0.02414	0.57988	1.9762	0.90716	0.40471	0.24477	0.15854	0.11386	3.36834	NA	0.45631	0.10704	0.20724	0.14466	0.46252	0.01202	0.05907	0.10679	0.04914	0.26623	0.0575	0.34704	1.06734	NA	NA	0.06046	0.06049	0.09487	0.04985	0.37949	1.79195	0.43478	0.01874	NA	NA	0.19489	0.85389	NA	0.07498	0.01331	NA	NA	0.14722	0.27013	0.06725	NA	0.028	0.04203	0.08705	0.06356	0.18302	NA	0.09985	0.2268	0.08522	NA	0.07523	0.0285	NA	NA	NA	0.26246	0.09066	0.60208	NA	NA	0.07264	NA	0.22824	0.04949	1.04592	0.99976	0.01476	0.05326	0.06036	0.59268	0.66683	0.58867	0.12293	0.38731	0.07228	NA	0.06489	0.07904	NA	0.02581	0.91273	0.10525	0.29209	0.79253	0.74148	1.26027	0.07535	0.02093	0.29441	0.14603	NA	0.37441	0.12035	NA	0.1775	NA	0.12095	0.13382	0.16627	NA	0.12377	0.10756	0.0685	NA	0.13188	0.17349	0.18166
GH13_13	0.14346	NA	0.0306	0.03425	0.08661	0.07282	NA	0.0235	NA	0.04867	NA	NA	0.02056	NA	0.01753	0.04223	NA	NA	NA	NA	0.02829	0.04724	NA	NA	NA	0.0872	0.06336	NA	NA	0.10651	0.09551	NA	NA	NA	0.1053	NA	NA	0.04624	NA	0.05855	NA	0.09313	NA	NA	0.02755	0.08445	0.0755	NA	0.03255	NA	NA	0.04585	NA	NA	NA	0.0678	0.17614	0.0855	0.04796	NA	0.09246	0.14714	NA	NA	0.02616	0.06138	0.03821	0.09342	0.28199	NA	0.01899	NA	NA	0.01894	0.02922	0.0323	0.11026	NA	NA	NA	NA	0.06404	0.02247	NA	0.09882	0.0487	NA	0.0189	NA	NA	NA	9.64816	12.41863	0.03278	0.01145	0.03569	NA	NA	NA	NA	0.04341	0.17677	0.0683	0.03182	0.08301	NA	NA	0.03923	0.02725	NA	0.22028	0.05673	NA	0.05694	NA	NA	NA	0.06177	0.10334	0.06145	NA	NA	NA	NA	NA	0.01593
GH13_14	122.71648	165.39831	152.77736	116.42936	116.9733	141.78819	200.03588	111.25424	135.17691	138.85724	162.26122	105.21719	149.42895	129.22439	149.74183	152.82686	160.49494	144.5881	136.04593	142.77064	167.32886	151.57155	133.99038	191.30979	106.35195	124.30433	129.25698	144.65299	128.57535	164.18931	179.66167	181.49142	171.31704	159.63921	181.12412	147.52904	158.00427	161.24896	136.43383	88.35805	127.99927	103.16413	132.25563	60.99093	62.65652	124.12918	180.7967	137.26795	148.3917	129.10291	172.08592	175.07791	126.67093	98.33537	159.79185	177.79782	172.95002	136.72376	150.68286	158.78897	139.4176	147.18888	130.87478	192.86288	141.72361	192.94531	114.75261	112.22212	103.80257	114.36337	335.9645	164.9167	140.95351	129.67435	132.73119	134.89279	187.7832	156.80729	264.10805	114.63419	115.81784	136.53499	137.56375	151.83072	159.34352	161.48329	135.10343	144.19411	160.0059	109.16868	124.31402	110.53205	105.82809	154.17122	148.06938	138.90556	110.38388	148.90116	80.79664	119.48078	115.87961	151.92681	144.79003	146.64361	125.9788	145.56021	129.74794	165.49275	176.26064	178.89572	148.50977	149.16062	165.56917	147.16561	147.64595	145.636	79.84871	138.22626	184.21437	161.79704	193.01731	160.97687	134.55527	96.84569	115.0968	107.12196
GH13_16	0.04654	NA	NA	0.01933	NA	NA	NA	0.19043	3.62557	0.19453	0.18857	6.08398	1.12427	5.16299	7.65508	NA	NA	NA	NA	0.03013	0.03176	0.01761	NA	NA	NA	12.20558	15.75514	57.8536	8.07524	NA	NA	NA	NA	NA	0.04996	NA	0.24839	NA	2.34031	0.02304	2.28538	NA	NA	NA	NA	NA	0.7627	NA	0.01218	NA	NA	0.01778	NA	0.02198	NA	0.03944	0.26498	8.945	0.88633	0.14208	0.51508	6.2222	5.29118	NA	NA	NA	NA	NA	NA	NA	0.0577	NA	0.82206	0.79612	NA	NA	NA	NA	NA	NA	NA	0.85943	0.00759	NA	NA	NA	NA	0.08608	0.03764	NA	NA	7.33029	10.40027	NA	0.02572	NA	NA	9.28133	0.5744	2.10844	3.82757	0.02238	NA	0.01813	0.02587	NA	NA	NA	1.22118	NA	0.0277	0.43091	0.18928	0.09228	NA	0.30683	1.92814	0.26588	0.17822	0.01668	NA	NA	NA	0.36135	0.05755	4.85583
GH13_18	30.55318	41.65598	48.71294	17.97191	45.28422	42.19584	37.12687	15.5935	12.7669	23.53619	16.27711	17.69381	21.22251	16.92707	33.25595	57.85294	40.84085	57.50541	49.50401	37.62225	21.86429	23.78512	22.63932	24.75155	18.48192	27.24872	28.93191	43.02578	31.95771	42.95753	43.9133	27.27354	33.92227	28.82405	43.03722	14.83383	19.37009	31.59478	31.47672	9.91254	26.75537	21.86817	31.8801	9.34601	25.39624	55.8129	75.71676	36.33049	36.60292	18.48562	17.47602	20.48437	28.57592	31.77869	21.05979	42.64387	31.92476	49.29138	20.84203	11.13875	21.90241	31.96601	25.93889	16.04638	22.16976	13.2256	29.13551	41.28596	34.68708	16.26328	38.55244	15.84318	21.89888	18.73266	30.65235	15.88544	32.1155	21.66735	14.15307	9.77547	13.87981	52.24741	16.68181	42.86328	41.76661	56.23931	43.26541	13.50073	25.97309	19.0856	14.57987	21.05327	18.95902	36.029	32.26801	20.2346	12.57066	43.30047	26.64266	32.31405	42.47804	20.02827	19.27762	15.20965	17.44299	74.04955	31.513	38.52477	25.05775	23.62439	29.67258	32.57798	43.4588	37.8692	26.8402	27.23388	26.95971	35.90282	39.20163	21.7369	27.60904	18.66546	15.17876	13.51564	7.0595	10.09527
GH13_19	1.43651	17.13389	14.19864	1.80092	1.4632	23.68821	53.60884	0.7087	0.82078	0.68314	0.51266	11.32386	19.06534	10.27452	14.55222	6.0382	16.7078	15.89856	10.22541	13.55505	3.92355	16.05267	10.60659	10.38079	6.31556	1.5844	1.22721	8.90464	3.27405	13.974	21.51154	12.91811	13.94139	10.39268	15.47018	4.25078	13.64182	11.88234	11.26856	4.04301	17.04527	22.25302	26.89695	3.80867	4.42653	36.2086	2.2841	4.77952	2.77415	4.94691	4.64174	1.92928	2.07444	6.61279	1.38004	0.93482	1.0329	2.17657	1.6681	9.34263	15.61525	20.31984	10.34878	12.53474	15.10049	10.31568	3.99939	13.00037	6.19001	12.33331	301.81511	59.73644	32.68002	27.90991	6.31997	8.18859	41.88579	9.5594	100.64558	1.3102	1.08865	1.78757	0.45152	14.46867	9.32803	8.71463	7.20092	9.05018	20.77356	13.86815	9.88079	16.3132	19.06579	8.61453	8.19193	2.98821	3.43919	11.76344	16.12485	22.7434	16.80723	24.20529	8.76981	7.03609	11.17476	11.83683	16.56303	5.42468	7.8047	9.18854	12.14454	20.39831	13.93357	5.31876	5.13578	4.33026	4.68411	3.33737	11.54225	6.35954	13.21401	4.9813	7.42596	1.65993	3.90374	1.24279
GH13_2	1.98236	15.90542	6.81609	NA	NA	NA	NA	2.65275	1.95028	0.77331	0.3261	4.88577	2.04589	1.493	1.87355	2.02009	4.57767	17.87893	3.46586	0.2951	0.56055	NA	0.30989	NA	NA	0.02003	NA	NA	0.02043	2.56171	2.05982	7.73153	6.91855	15.26877	4.93976	7.64805	2.12716	0.1053	9.01827	20.83793	9.98711	0.42789	0.2528	0.52953	1.2569	3.18829	5.82364	5.36083	3.51994	0.03279	0.12233	0.08038	0.19133	0.20996	0.62334	0.00576	NA	NA	NA	0.48982	1.52268	0.89514	0.7978	1.63896	4.85529	1.08495	1.06846	0.15577	2.94491	12.108	1.47902	6.26006	8.34829	10.21286	NA	0.14452	0.17268	0.30207	0.07974	10.25977	0.12157	1.88685	0.94008	0.35295	0.08624	0.2888	1.09232	1.71312	1.69393	0.90867	1.5698	1.37324	2.22953	2.27483	3.50995	1.90958	0.50242	0.66292	5.27082	4.97721	1.75952	6.9784	2.25021	2.50519	9.98192	0.58217	1.17478	0.09763	0.10779	NA	8.60607	12.11947	6.93105	7.0213	3.73142	1.83255	3.26818	1.24371	0.88849	0.65303	0.17943	NA	0.12069	1.05683	0.1393	0.05645
GH13_20	38.21854	53.88048	61.7586	29.35458	49.92731	38.91683	47.44775	36.24886	51.17665	30.07458	26.8931	26.19984	28.02071	25.30733	59.65267	35.45664	34.26484	78.8032	49.43859	58.6674	35.83381	40.55124	62.16258	45.91861	33.17264	43.70277	39.20048	37.08521	54.65408	60.49403	82.76273	32.6585	55.92249	59.13964	112.82768	46.16961	37.30933	50.98323	73.26928	52.55686	73.15309	45.68153	47.28902	43.95831	71.20204	46.0387	35.05571	45.48208	45.85688	15.78767	13.93777	10.98092	41.81419	39.92106	30.41192	29.12172	20.14492	30.81764	16.27666	27.55295	51.9235	60.6212	41.41703	29.53849	46.56559	27.39742	73.49379	40.67167	55.58942	51.28025	58.77227	43.54716	48.82216	46.92862	61.498	35.90562	16.85413	41.62344	34.14532	36.59384	54.58388	79.71106	20.89512	57.76489	40.73339	40.92658	30.86771	24.36169	23.52589	21.22907	20.9695	49.66972	48.63637	67.29147	75.30055	34.278	13.37561	52.17195	44.44815	59.81819	80.07106	44.38922	36.97079	28.39563	36.25107	156.89649	88.65907	46.99155	35.86421	22.73436	42.99809	34.88846	55.07076	41.92573	25.33185	56.26707	32.64153	37.57731	103.5963	56.61562	75.32639	53.0155	42.73959	33.5775	22.6554	23.1312
GH13_21	NA	NA	0.04172	0.40561	NA	NA	NA	NA	NA	NA	NA	0.65347	0.5803	2.15074	1.15264	NA	NA	NA	0.1499	0.68533	NA	NA	NA	NA	0.09949	0.14409	NA	5.2848	1.60915	0.06195	0.11418	NA	0.03494	0.12009	0.51303	0.04536	0.26909	0.02707	NA	NA	0.16925	NA	NA	0.08137	NA	13.01126	0.58379	0.40557	0.02562	0.17287	NA	0.06041	NA	1.93416	0.01686	0.05951	0.03261	0.08706	0.16008	3.92799	1.95727	4.40824	3.02737	0.04747	NA	NA	0.28733	0.50516	NA	0.15773	0.00603	0.07806	0.12584	0.32188	NA	0.0411	NA	0.19021	0.08823	NA	0.02928	0.24897	0.02763	0.00857	0.04056	NA	0.05015	2.05784	11.57494	6.5193	6.06174	10.89059	14.70089	0.40398	0.67489	0.98649	1.13544	0.93718	0.07415	NA	0.04035	NA	NA	0.04821	NA	1.57024	2.51435	0.30464	NA	0.01084	0.11821	0.56085	0.12482	0.07979	0.25648	0.43381	0.18216	0.07581	0.07648	0.47734	0.13921	NA	NA	0.06969	0.05125	NA
GH13_23	NA	NA	NA	NA	NA	NA	NA	NA	NA	NA	NA	NA	NA	NA	NA	NA	NA	NA	NA	NA	NA	NA	NA	NA	NA	0.0409	NA	NA	NA	0.03122	NA	NA	NA	NA	NA	NA	NA	NA	NA	NA	NA	NA	NA	NA	0.00808	NA	NA	NA	NA	NA	NA	NA	NA	NA	NA	0.01374	NA	NA	NA	NA	NA	NA	NA	NA	NA	NA	NA	NA	NA	NA	NA	NA	NA	NA	NA	NA	NA	NA	NA	NA	NA	NA	NA	NA	NA	NA	NA	NA	NA	NA	NA	NA	NA	NA	NA	NA	NA	NA	NA	NA	NA	NA	NA	NA	NA	NA	NA	NA	NA	NA	NA	NA	NA	NA	NA	NA	NA	NA	NA	NA	NA	NA	NA	NA	NA	NA
GH13_25	NA	NA	NA	NA	NA	NA	NA	NA	NA	0.01433	0.02576	NA	NA	NA	NA	NA	NA	NA	NA	NA	NA	NA	NA	NA	NA	NA	NA	NA	NA	NA	NA	NA	NA	NA	NA	NA	NA	NA	NA	NA	NA	NA	NA	NA	NA	NA	NA	NA	NA	NA	NA	NA	NA	NA	NA	NA	NA	NA	NA	NA	NA	NA	NA	NA	NA	NA	NA	NA	NA	NA	NA	NA	NA	NA	NA	NA	NA	NA	NA	0.25153	NA	NA	NA	NA	NA	NA	NA	NA	NA	NA	NA	NA	NA	NA	NA	NA	NA	NA	NA	NA	NA	NA	NA	NA	NA	NA	NA	NA	NA	NA	NA	NA	NA	NA	NA	NA	NA	NA	NA	NA	NA	NA	NA	NA	NA	NA
GH13_26	0.05727	NA	0.01223	NA	NA	NA	NA	NA	NA	0.01125	NA	NA	NA	NA	NA	0.02982	NA	NA	NA	NA	NA	NA	0.37232	NA	NA	NA	NA	NA	NA	NA	0.10367	NA	NA	0.07811	0.1048	NA	NA	0.03095	NA	NA	0.0391	NA	NA	NA	NA	NA	0.95952	NA	0.01532	NA	NA	NA	NA	NA	NA	NA	NA	NA	NA	NA	NA	NA	NA	NA	NA	NA	NA	NA	NA	NA	NA	NA	NA	NA	NA	NA	NA	NA	NA	NA	NA	NA	NA	NA	NA	NA	0.01574	NA	NA	NA	NA	0.17893	NA	NA	NA	NA	NA	NA	0.03148	NA	NA	NA	NA	NA	NA	NA	NA	NA	0.42328	NA	NA	NA	NA	0.01608	NA	0.16578	NA	NA	NA	NA	NA	NA	NA	0.28063	0.21721	NA
GH13_28	32.66745	106.20189	82.35358	10.7355	21.03817	54.87615	126.15582	5.18735	44.55783	80.0915	125.82153	17.87685	53.8269	21.62771	28.3228	35.45976	54.27818	49.34447	37.35497	11.97351	28.90757	35.84238	24.68305	22.97525	15.63001	0.23738	1.24112	17.61206	6.52795	16.06171	24.49012	5.83749	11.03563	27.27876	36.56621	8.978	27.38154	21.53883	37.3953	11.89082	50.99109	41.23557	50.05076	7.85749	7.66468	22.98539	140.79337	19.18258	19.59679	17.88234	14.38568	8.15529	4.47458	15.7095	7.41712	26.86776	18.62322	16.61563	9.00466	26.27452	26.8129	40.18645	26.91998	28.42458	27.65493	23.52756	7.49148	6.79839	24.98718	24.19132	342.64262	66.35976	34.5497	31.00809	11.433	16.47032	93.20267	27.06149	204.06036	1.90514	1.88815	8.81867	4.62018	32.48637	24.8107	34.3101	26.09827	8.53021	29.13928	0.64366	10.29339	10.15364	7.50867	14.7472	11.60838	5.50117	7.8991	12.90381	30.87339	40.94831	29.23265	39.95092	12.91501	11.27853	18.29631	34.25867	49.40376	11.39538	20.40554	20.35234	24.65504	56.94806	38.55846	24.76676	31.19272	15.3719	16.07137	20.874	20.82226	8.85586	23.48776	10.54252	23.48332	4.57772	8.50303	2.39317
GH13_29	0.85779	0.50246	0.86745	15.6306	11.24731	11.88932	6.19059	2.51094	4.3285	1.25077	1.61884	0.62004	1.61929	2.16825	4.83931	5.02039	4.85028	7.02379	6.35888	4.57558	3.65848	6.90797	6.6608	3.71597	4.90734	15.58014	13.89053	14.30982	20.3087	6.79187	6.63722	9.57628	6.97368	5.1372	9.58829	6.37588	12.62885	18.78249	9.46613	11.58398	10.18594	7.48332	7.47335	3.48459	8.07623	11.19991	2.71548	4.57162	2.08636	7.12912	11.81673	8.79812	4.32885	3.28078	2.65335	6.54468	3.58098	10.13407	3.56416	4.41644	7.00936	9.51551	11.59406	2.95065	5.27888	2.2728	11.86487	6.74781	8.66029	6.98467	4.75124	2.4268	3.62601	3.91505	10.60037	14.94872	9.26911	9.40586	7.5344	11.07867	6.97651	7.76294	3.35143	6.66224	17.18352	13.01574	7.98199	4.20521	6.83367	7.69591	3.80489	13.68014	17.23941	5.11084	3.95593	1.69646	1.83095	5.3405	3.40543	4.79915	7.06153	9.79044	6.35264	5.85691	8.97087	20.2942	14.19647	27.93983	17.79015	10.26119	4.38177	3.83699	8.03543	4.92409	6.21325	8.28208	3.93305	2.74313	23.10625	13.90992	12.3046	8.20463	1.57412	3.14672	2.17863	1.25457
GH13_3	16.2518	20.64063	19.48794	8.26119	12.1446	43.45051	10.78601	2.23222	2.01308	14.94506	9.36734	2.48824	4.32349	2.48586	2.47383	26.0229	12.63796	12.31283	16.89911	NA	NA	10.37802	1.67336	3.89509	4.77127	0.88424	0.4186	0.37952	0.4845	8.7358	8.13819	6.32769	2.23909	9.82618	15.19457	5.65508	5.47776	5.97973	1.16087	0.80735	0.34824	NA	0.19561	0.92511	1.17236	12.77018	71.01955	13.02974	11.65797	4.25378	3.59303	6.31485	7.2323	7.42733	9.16109	25.04391	15.92373	16.78945	8.55965	0.1698	0.04197	5.93097	11.39011	NA	0.58945	0.13576	18.42823	3.07224	7.41129	4.62611	20.69991	9.95507	8.65059	10.08724	3.78671	2.94263	31.49072	6.91074	3.08349	6.19083	2.83768	12.13088	2.89945	4.49889	15.64913	29.21398	23.38574	1.45173	0.64946	0.65225	1.11662	0.04716	0.95134	3.15169	3.60139	0.4383	2.22298	1.11179	2.40579	1.51495	1.29656	0.94858	0.11773	0.02167	0.16608	12.77804	5.86225	9.80468	6.33459	4.99834	3.84074	16.95473	13.81059	11.86311	19.12831	6.34591	5.08508	10.90344	13.34693	2.43285	6.50011	4.602	NA	0.44339	0.18618	0.05784
GH13_30	22.07249	37.11685	29.75557	7.75525	5.15012	22.91299	6.37229	3.69502	2.26715	28.21339	18.13764	3.03281	2.93672	2.043	2.55448	38.6336	24.6316	20.49132	23.37347	NA	NA	13.19956	4.18647	8.15171	6.95255	0.12194	0.12621	0.13219	0.14919	11.70922	10.47029	5.72188	4.04677	11.16611	18.38449	6.54802	4.43573	5.09159	4.29532	2.46231	3.577	14.10043	8.81067	7.96559	12.00111	17.18862	96.33205	9.35081	12.80415	9.92415	6.90949	10.00773	5.35996	12.23966	7.56175	21.17464	14.09034	13.48175	4.90952	0.8105	0.34265	0.80625	1.61692	1.72976	4.41275	0.98828	0.08985	0.07712	NA	0.18448	11.6827	7.37041	4.89743	9.11886	7.19209	8.18913	42.39131	1.37607	0.98863	1.39646	0.7647	6.84643	3.28129	2.77285	7.72232	7.07111	8.53406	0.69577	1.11726	0.47468	0.72101	0.28909	0.76962	2.36942	2.01347	0.84033	0.90543	1.19191	1.67889	1.69523	2.20727	0.097	NA	0.06289	0.04156	19.6327	8.62057	9.1095	6.07551	5.38587	6.63385	33.34145	17.98095	18.52736	23.54945	8.88101	5.99746	16.70287	7.84724	1.22833	3.82294	2.90372	NA	0.03048	NA	NA
GH13_31	67.54893	71.01765	74.23666	45.47982	58.29122	74.68166	45.70901	15.61678	23.7245	56.20559	34.13406	22.79479	26.19343	27.75066	53.43711	70.05712	49.38531	81.65646	53.66434	23.33782	16.86672	44.21465	37.52155	25.29282	21.57292	58.10961	47.12331	45.81971	46.77938	42.35883	52.3591	20.74612	28.9313	35.2127	74.03408	32.97346	36.40599	48.84835	46.77951	23.32036	46.29038	65.62094	79.94253	29.11768	90.08763	60.79749	77.49846	64.84124	47.08373	33.87889	51.49445	28.80328	42.46696	48.21641	33.72577	69.99999	43.93937	44.77253	27.98193	58.56547	67.72487	76.90764	72.33681	17.54436	32.78719	18.13642	54.38089	52.82356	43.78741	40.23361	42.67257	22.62721	22.92126	20.1579	39.31557	30.10655	42.56342	51.78952	32.85559	20.96895	30.2434	96.9832	35.54591	59.51284	77.21801	82.51218	71.88559	17.75059	29.212	27.13517	23.59339	27.86008	28.12504	47.44997	49.05762	25.44792	15.54752	38.35802	30.19	35.5079	48.57597	50.7844	47.59304	49.90032	58.05941	99.99477	64.11521	63.85297	46.29434	39.91032	56.12542	40.92503	46.37025	41.11545	34.13899	44.64907	32.40878	40.68801	77.63215	42.22041	48.36996	42.18156	40.20935	30.1568	34.33562	36.73919
GH13_32	11.88998	21.68055	17.89644	0.09537	5.15475	2.86039	1.65716	0.35075	0.20702	12.71107	7.72578	0.77344	1.5883	0.74849	0.84179	12.77345	6.16131	8.25184	7.61705	NA	NA	2.64247	0.17958	1.13184	0.96959	NA	NA	NA	0.08489	5.15566	3.89366	1.09588	1.23628	3.55329	4.43381	0.91411	2.20958	2.37053	1.27224	0.61701	0.43321	NA	NA	NA	NA	7.63513	49.74855	5.27678	5.76776	3.37696	3.46818	4.10772	1.39624	2.32001	2.43223	8.15666	6.65435	5.47456	2.175	0.1302	NA	1.61325	3.79544	0.03636	0.19558	0.33446	7.83287	0.83098	2.55188	2.80774	4.41789	4.46883	2.00836	3.95019	0.59326	1.4446	13.62855	3.48538	0.28995	0.50051	0.57692	1.25896	1.40497	0.40347	2.33887	5.39868	3.92221	NA	NA	NA	NA	0.03978	0.04201	NA	NA	NA	0.29501	NA	NA	NA	NA	NA	NA	NA	NA	6.72868	2.51771	2.53513	1.74881	1.78174	1.31402	7.70422	8.69872	7.63691	8.7585	3.59849	2.03061	6.81248	2.33767	0.40166	1.30261	1.8169	NA	NA	NA	NA
GH13_33	NA	NA	NA	1.6814	0.4025	0.487	0.60024	0.25722	NA	NA	0.01742	NA	NA	NA	0.02131	NA	NA	NA	NA	0.26114	0.03441	0.01881	NA	NA	0.03579	NA	NA	NA	NA	NA	NA	NA	NA	NA	NA	NA	0.2817	0.83075	0.07939	0.20097	NA	NA	NA	NA	NA	NA	NA	NA	NA	0.57463	0.12491	NA	NA	0.09526	0.02565	NA	NA	NA	NA	NA	NA	0.04226	NA	0.25567	0.47372	NA	NA	NA	NA	NA	NA	0.04155	0.16612	0.33835	NA	NA	NA	NA	NA	NA	NA	NA	NA	NA	NA	NA	NA	1.14993	0.39295	1.83126	1.19188	NA	NA	NA	NA	NA	NA	0.07926	0.1823	1.33903	0.1814	NA	0.07846	0.39749	0.8215	NA	0.18327	0.26175	0.34191	0.22361	NA	NA	NA	NA	NA	NA	NA	NA	NA	0.02353	NA	NA	NA	NA	NA	NA
GH13_36	15.34682	43.08445	49.86778	6.46322	26.11066	34.1632	59.49967	29.41257	45.04586	27.2843	16.03578	20.75308	32.66312	35.84074	55.80406	33.2369	47.80102	68.83505	42.62734	49.34801	32.06268	32.54733	43.26383	29.66363	21.21612	27.71005	23.79603	25.70122	28.41197	19.90473	33.37915	8.92766	19.1813	19.15181	38.94029	13.01113	21.91699	50.35789	75.71995	16.4569	66.38714	44.10418	61.01515	20.33739	35.0985	22.08365	10.48239	17.94907	20.55498	15.72612	11.15692	7.51563	28.6283	43.91512	14.98311	12.8413	10.51182	15.84404	8.68747	29.29349	47.73517	51.56553	44.93228	25.80442	33.14915	27.29951	29.66608	36.87531	39.43309	67.05043	140.23734	29.1307	21.27363	17.74641	38.59754	23.78805	38.00278	16.34329	87.73278	10.34777	29.2345	19.26168	5.855	42.03375	22.39952	31.40992	33.8337	14.49342	15.15883	10.81248	16.91594	31.17411	27.62538	37.01657	26.22142	17.46213	7.69331	33.03471	31.57883	42.84285	50.18224	27.35746	31.60978	18.00466	19.75618	90.96079	52.45108	24.78401	16.28298	18.84293	19.59133	17.08273	23.99959	18.03607	17.96575	34.77914	20.61608	27.20522	35.28986	20.71092	31.86926	17.49911	31.83712	15.98584	19.18104	20.24855
GH13_37	NA	NA	NA	NA	NA	NA	NA	NA	0.04392	0.09539	0.03737	NA	NA	NA	NA	NA	NA	NA	NA	NA	NA	NA	NA	NA	NA	NA	NA	NA	NA	NA	NA	NA	NA	NA	NA	NA	NA	NA	NA	NA	NA	NA	NA	NA	NA	NA	NA	NA	NA	NA	NA	NA	NA	NA	NA	NA	NA	NA	NA	NA	NA	NA	NA	NA	NA	NA	NA	NA	NA	NA	NA	NA	NA	NA	NA	NA	NA	NA	NA	1.6217	NA	NA	NA	NA	NA	NA	NA	NA	NA	NA	NA	NA	NA	NA	NA	NA	NA	NA	NA	NA	NA	NA	NA	NA	NA	NA	NA	NA	0.0711	NA	NA	NA	NA	NA	NA	NA	NA	NA	NA	NA	NA	NA	NA	NA	NA	NA
GH13_38	137.54275	71.25153	64.25545	110.26662	71.97724	54.93837	63.23153	68.38001	104.43182	103.39168	166.98458	69.19187	30.76822	62.37616	32.68278	70.3772	65.31785	27.21028	64.34159	63.30933	103.21798	95.42273	89.20263	160.43705	77.07332	72.61993	84.64614	76.44561	78.94166	88.4682	105.48262	87.41408	95.72564	65.78959	42.2518	83.53305	116.85628	65.5546	45.16742	68.95294	41.88736	39.73598	30.75865	88.45552	25.35775	56.9659	67.58464	98.99381	111.32222	110.65149	141.93413	166.15499	108.23473	68.30245	151.83492	128.6414	163.42448	89.91104	165.63532	98.13909	69.62039	66.72846	73.77384	150.51942	77.71777	173.33118	100.1447	97.19683	59.86258	29.10041	27.8539	72.74357	71.32337	71.05775	66.80384	75.42692	62.15556	66.50297	35.20825	60.69402	77.74266	73.02342	126.38376	82.36323	96.51205	76.86679	78.81347	91.72594	92.47972	85.36237	87.19702	85.53021	74.77338	99.84943	105.094	124.65061	113.36258	110.02158	64.49892	73.70547	37.50642	84.67846	88.3127	94.79494	76.62148	50.5866	70.02733	100.72428	125.07818	117.90743	88.16018	51.75874	79.36582	89.38914	89.83415	51.78356	47.62179	86.32817	72.8514	114.64871	107.98158	140.98659	112.28436	89.3348	110.24692	100.93496
GH13_39	32.4065	100.79265	74.58767	69.02859	40.14627	81.90379	93.16474	125.12893	79.77768	74.81011	53.84593	89.7632	100.11778	147.47105	97.65545	67.5007	61.95331	115.19235	58.13582	45.10468	29.78606	86.19712	39.68258	37.88519	39.88891	53.40868	52.15854	42.9698	42.44564	35.82304	34.24246	68.5477	47.69445	54.6463	72.79705	45.57302	56.1237	95.42705	119.16715	106.52742	123.59044	93.41886	78.19477	102.23889	116.7767	53.49159	59.59963	42.49019	39.7439	55.51001	97.59601	60.55829	31.66692	37.48602	24.70516	49.83027	33.26405	60.67751	28.18029	41.34978	82.35511	64.25897	57.98543	34.56347	73.04545	30.64162	13.69327	25.42694	63.02682	62.312	224.21808	175.95876	141.11421	158.27973	47.39314	39.97243	70.72532	30.60103	108.33858	45.10715	14.15212	56.16906	23.91508	52.05987	54.67796	64.30136	61.29745	75.67694	41.46166	49.73056	75.62095	74.17619	71.54347	43.07406	39.57009	21.70837	8.73918	43.43166	91.29628	123.8461	136.07984	84.65233	42.33063	53.95238	65.31237	84.72069	105.34204	52.81266	39.41533	38.32955	87.29053	121.13307	64.48745	47.62672	72.41572	76.94108	38.39047	54.1595	77.91559	46.01204	53.31901	24.40953	31.15749	58.78446	45.15828	26.64615
GH13_4	52.09395	26.33775	33.95171	53.57589	44.31507	64.16895	36.50988	15.58027	26.64745	37.32644	25.36107	18.66823	35.64694	41.8413	58.2434	59.5074	38.15203	72.08665	51.94046	24.6429	16.13002	31.63337	20.40722	17.66866	15.49668	70.34376	61.49708	49.88205	68.13167	46.64048	38.28079	84.82075	60.45352	41.43626	59.47566	37.51738	35.171	53.77235	29.88835	16.63238	31.86153	70.71871	94.66815	18.20808	42.53692	78.20754	44.07424	58.01133	39.60859	48.50732	65.56456	46.88004	27.43647	20.43978	24.68973	60.03636	36.07915	57.37806	27.22691	33.65976	45.66085	46.96309	52.41113	15.5655	27.95682	19.266	25.81552	27.79901	70.37363	35.28924	40.63417	20.57369	32.17979	20.31131	41.61812	27.09695	19.13949	62.71273	38.19982	34.57374	43.58373	89.60135	35.36888	34.4822	63.55521	60.86832	46.63845	14.41708	19.68001	27.03911	18.91239	10.10419	18.41867	40.45	32.97206	20.444	12.0916	34.31556	19.18911	44.03183	56.2424	41.29037	53.7924	57.98216	65.41159	54.47073	41.61341	56.11977	44.84656	40.07893	59.61092	43.54075	60.70021	41.58245	51.58751	53.10033	31.05028	33.456	89.86539	50.58062	53.75219	37.54967	28.22632	20.84428	19.12577	32.47898
GH13_41	5.38627	8.53646	12.64284	3.31189	20.54723	9.25513	21.0077	5.10397	3.0666	4.03268	1.16237	2.49916	1.23687	1.99748	7.53088	8.08618	9.90842	15.48567	10.4094	12.01016	9.71572	3.65106	15.61534	8.48726	5.26404	9.573	5.29107	13.56303	11.46097	16.79311	21.93264	6.79858	10.65572	11.90912	18.74732	4.37101	7.49998	12.81677	8.63663	1.38284	14.28693	7.1126	12.54369	0.91284	2.79475	23.71734	8.31193	12.8377	17.59676	3.02491	3.86166	2.74762	14.69201	18.85613	8.66191	8.32348	6.45047	13.52958	7.57699	3.74059	13.94432	10.5007	5.122	8.47986	12.12561	7.88331	18.53602	16.53673	9.2634	4.86217	3.82093	0.49597	0.5507	0.82468	8.01095	8.25625	3.95228	6.77331	3.49424	2.36256	5.38072	16.53042	5.63799	25.99764	6.83703	12.62022	13.28816	6.20344	12.16605	3.80232	8.73716	5.88577	4.9734	20.29976	23.94254	13.80915	5.89596	14.33349	12.25091	5.77051	15.52777	6.09391	6.5411	5.67063	4.00336	38.44259	8.07446	10.63047	2.06343	3.32978	6.28123	4.39241	18.31265	10.52457	4.83477	5.89318	4.19211	5.49087	22.38698	16.98999	23.31725	13.21689	6.96839	5.04325	3.26551	6.59256
GH13_42	0.3865	19.66418	12.94375	10.11423	6.82044	45.97218	108.98725	10.62823	188.53001	188.48252	442.92172	3.41151	21.60392	8.6866	26.36502	10.64071	33.77727	24.35627	15.34732	15.48469	5.32613	30.13271	20.54117	16.65683	11.63288	0.18453	NA	9.43747	3.25769	5.68546	11.91445	2.75097	6.53126	17.19542	25.51485	7.46546	24.98647	21.02157	12.43953	7.52109	18.06073	42.70408	54.12788	7.2442	8.17703	0.79937	NA	NA	NA	14.28286	205.80097	230.93139	2.93461	13.10505	0.96974	NA	NA	NA	NA	13.62368	19.46032	23.56802	7.23036	19.75883	31.1649	16.93996	2.94099	9.2996	17.61719	19.31672	222.39225	41.5344	21.21947	18.14142	12.18835	12.76932	74.29122	14.71914	198.01063	NA	0.02668	1.1746	0.05232	27.13005	13.54674	8.9748	6.96758	6.63961	16.13193	0.13132	10.27923	11.99594	8.12447	13.63345	12.45179	5.1082	4.23745	14.18186	29.22318	33.1336	27.16941	36.65296	11.1997	11.11109	17.36118	7.5119	13.70038	6.768	30.18965	16.34753	21.41794	36.38379	17.67122	6.29062	10.42799	6.04942	9.9443	4.66926	17.99583	8.79668	20.40546	8.6261	19.81258	5.39771	9.62558	1.86485
GH13_5	57.23322	40.51077	42.6672	44.47267	36.53291	46.95876	59.82046	26.93676	22.25993	21.32602	11.02678	51.65283	90.50179	29.70205	38.94552	36.39291	46.45468	42.48592	46.0662	79.31959	90.56588	76.0032	66.49631	38.87476	60.39936	53.34631	59.86256	76.79785	63.52499	46.30635	56.29165	48.32435	43.76358	22.34661	28.8804	50.64258	18.28031	12.31725	45.48613	46.97473	45.62305	63.16435	51.06325	75.1159	48.85156	46.6095	49.17839	11.76134	13.50418	19.87019	7.60637	5.48207	26.83414	31.7831	11.4595	34.09139	34.71544	69.95207	28.41	19.53556	27.77096	36.19991	39.8648	33.42251	56.23612	25.0777	59.83115	83.7816	56.12557	93.25074	15.08282	12.95957	17.3759	22.47593	38.33295	32.38959	39.55324	121.46091	44.7312	105.69887	69.1753	37.44112	37.00406	48.80573	40.13021	32.00644	39.58332	39.70663	40.07431	28.81723	24.63231	35.97502	43.87731	33.94751	39.64947	54.63456	27.95288	23.74361	18.74712	35.21656	22.78449	96.15804	56.40861	62.70706	94.23061	54.97138	59.58748	31.98258	16.61069	10.70082	18.05917	44.36218	36.215	33.67511	29.39374	52.24898	40.63172	31.02755	24.62085	49.94739	38.8033	20.14684	29.3508	36.87751	45.19389	13.87157
GH13_6	NA	NA	NA	14.85063	12.88664	2.74024	5.53029	7.54267	60.47046	66.92194	150.47358	22.76841	7.89248	14.80669	12.92611	NA	NA	NA	0.03192	NA	NA	NA	NA	NA	NA	NA	NA	0.07957	0.16098	NA	NA	NA	0.20913	NA	NA	0.05004	NA	NA	4.88514	1.38836	0.76715	NA	NA	0.23814	0.77289	NA	NA	NA	0.01555	4.108	65.8499	82.19547	NA	NA	NA	NA	NA	NA	NA	NA	NA	NA	NA	138.83474	35.51224	173.45156	NA	NA	NA	NA	2.89188	2.8134	0.72576	0.26747	NA	NA	NA	NA	NA	NA	0.02317	NA	NA	NA	NA	0.03344	0.01568	NA	NA	NA	NA	22.63134	19.10121	NA	NA	NA	NA	7.13621	1.55975	5.36509	5.63013	0.06196	NA	NA	NA	0.03292	0.14556	NA	8.12222	NA	NA	NA	NA	NA	NA	NA	0.27995	NA	0.13198	NA	NA	NA	NA	NA	NA	0.04467
GH13_8	158.67852	128.36615	103.26722	138.91262	106.50231	117.02356	92.01911	113.76657	125.13517	130.15506	162.49998	134.38729	129.26065	92.60325	55.86341	120.91982	132.98588	69.81355	122.16311	135.81481	177.58927	120.55879	110.17871	154.47006	99.44247	82.53118	100.9422	99.57596	91.46148	88.2394	111.82733	99.40508	108.66226	96.53092	74.71749	135.81462	126.49627	71.72511	88.71721	115.69108	66.76952	114.7693	73.95005	144.49798	68.55094	85.66118	86.99994	104.41334	127.42334	145.67599	126.60152	138.47047	108.94818	88.97494	134.01303	137.56204	156.99374	119.80856	151.9071	119.71201	89.01685	83.53554	84.12605	155.28949	114.35536	168.21811	140.79448	142.23905	126.62971	143.56919	50.03706	115.31026	103.70241	109.64014	99.01778	103.69662	124.94049	172.10824	59.53933	136.80633	96.27027	84.29857	123.80705	113.72966	120.74065	96.14976	117.91195	151.89502	132.57752	98.8557	122.87103	105.10599	105.02119	140.2122	139.44627	172.36363	105.15874	142.73955	70.74986	88.84803	51.99	107.2843	121.33017	117.00203	102.02253	57.99858	84.18499	90.4025	122.3633	103.72947	90.42516	82.93638	112.45039	131.80505	158.11859	127.57858	88.32933	127.596	86.23071	136.09026	125.78685	151.3171	128.4948	119.05294	131.4961	121.29438
GH13_9	190.68538	266.14028	281.46886	214.1609	220.05766	252.78791	319.13636	228.53588	194.04366	188.42502	117.08744	209.4089	236.85889	291.02151	337.54257	291.52414	257.68111	363.18222	255.91681	224.3764	110.616	215.18314	168.39531	144.75526	139.64638	316.77208	278.92237	228.20959	291.97383	248.69522	232.02756	275.7362	215.34927	311.24811	362.55113	220.52825	213.99887	316.16143	308.59922	192.95341	292.53938	355.50213	399.91086	198.54635	309.22458	280.4895	270.0826	286.28445	203.99239	208.97685	274.43125	211.93826	129.93656	113.85041	134.40626	207.03726	149.56074	260.17291	128.21453	141.11037	255.04118	264.43608	258.09324	165.5041	219.6377	150.23012	135.7048	167.25925	270.56463	231.98828	538.93807	312.43412	324.03522	320.21774	262.18473	254.45874	255.6365	186.26497	347.79161	170.5159	201.7824	316.91926	139.56633	258.05621	258.00474	301.35871	273.34162	184.34639	181.60035	210.15448	226.73502	267.25597	267.34026	219.07264	173.15326	118.02693	73.65528	207.44077	250.01798	328.04491	426.84534	242.44826	224.37068	213.48417	270.45686	366.755	287.1546	254.67879	185.25053	202.31104	292.44338	325.95209	292.8362	239.53232	201.2049	283.67605	194.87282	228.36237	339.00015	208.89575	234.01943	152.88723	163.80395	207.33842	155.70283	147.61314
GH14	0.18879	NA	0.57706	0.3674	NA	NA	NA	0.9092	6.31139	7.98986	17.082	2.02012	0.6386	3.16004	0.69846	0.64733	1.04852	0.41475	1.57104	2.85203	0.2505	1.42942	4.38343	1.54488	1.99487	4.09356	6.54867	8.07845	3.71562	6.04646	4.8775	5.86083	9.73769	0.84971	1.32033	1.36599	2.50754	2.61633	2.52362	5.80372	1.82628	NA	NA	NA	0.02271	2.99918	0.57833	3.48013	2.79158	NA	0.77274	0.76067	3.98023	3.6037	2.91694	1.76384	2.69806	2.66908	2.47865	7.68222	9.38663	5.92913	6.53593	23.91862	7.07278	25.28547	NA	NA	NA	NA	0.64082	3.42768	4.06803	3.73552	NA	NA	NA	NA	1.22929	1.03254	0.50358	NA	NA	2.98573	7.07958	1.96249	1.87403	0.46136	1.21404	0.99157	0.3218	0.47759	0.11902	NA	NA	NA	NA	5.3967	0.99733	0.35286	0.72853	1.07994	4.2734	4.9981	2.72796	0.84994	1.95587	1.17849	4.19843	3.89879	0.92117	0.17328	1.02431	1.11651	NA	NA	NA	NA	1.05735	1.47913	0.48086	1.16328	10.95595	16.10752	23.85598	4.0325
GH140	92.17012	119.02163	141.19913	213.99383	125.84347	135.31539	143.26497	118.60189	137.41503	103.66646	85.52949	136.34064	168.13754	126.86751	119.27286	178.6746	166.15998	123.74434	148.07149	208.78528	294.86465	152.87712	106.97556	196.01044	110.41289	111.05242	102.44934	77.92177	101.42597	190.37389	209.63378	143.46626	182.82384	165.15669	127.37206	205.36019	98.99831	138.49653	128.9947	124.85337	111.20007	94.28663	116.34591	112.3795	67.14071	153.42236	112.08177	203.28737	221.57216	187.4857	78.8565	104.76665	268.74232	131.72062	180.50753	139.61472	225.33771	144.45133	300.5283	274.83752	165.9649	185.26211	191.87699	71.97933	84.82791	56.31468	84.54582	78.74506	48.43833	60.35888	67.82904	100.51447	114.3559	88.05493	187.57592	214.02854	223.03713	275.12932	93.72905	241.59384	199.27854	217.53737	298.17247	161.44556	153.22952	151.22365	170.50361	169.79921	168.66632	187.62246	142.1486	173.17437	139.52181	184.54691	173.26313	250.84349	206.76776	157.80421	59.90614	81.25299	69.82323	239.52538	286.3894	301.84877	171.01072	125.46168	153.79134	191.25896	218.27677	141.91869	229.48149	143.32254	162.16292	178.19082	228.98266	187.90497	139.05946	239.20851	187.9577	235.92411	214.65488	320.58682	205.05746	205.22804	192.92861	234.89742
GH141	18.0731	20.82602	29.51596	67.0888	35.38802	36.20757	40.71506	39.83516	42.42215	29.72439	32.83901	39.41064	24.23453	37.97832	27.24216	43.19945	50.35529	23.32211	34.37473	40.72245	70.53047	32.23949	21.31534	59.65507	26.15848	32.19477	43.41235	35.34343	38.9755	54.04908	58.15278	39.90188	51.81131	61.15674	35.53685	65.01978	34.81502	37.8919	26.73574	38.28217	23.64381	17.883	17.75129	25.2184	10.10263	40.90727	29.23793	57.2507	76.78126	39.35432	77.37354	99.01456	83.28183	36.26251	49.09088	34.50383	65.78241	45.18167	121.03132	104.91711	60.66663	53.82867	58.91938	26.7773	24.43843	19.05622	27.10776	19.93858	7.25047	12.81907	17.26683	31.20278	32.99915	27.45624	80.86588	87.61692	77.7185	93.50693	41.5353	89.7533	107.72212	52.59157	101.94239	48.13962	41.0574	36.83907	41.2905	53.93742	54.81726	53.67068	48.41933	88.29422	76.6196	70.45039	82.79203	130.03334	116.55899	36.47427	15.77616	18.25716	10.62967	66.35834	92.50598	102.49253	58.38034	25.67637	40.05169	69.4127	92.18506	70.24561	69.01455	28.96972	41.52097	54.47371	30.55122	30.96391	23.74458	43.82841	44.46263	65.19557	60.09833	100.3373	78.24854	74.82101	81.29649	81.65295
GH142	15.96562	16.00482	24.36034	46.17591	21.16608	24.85972	26.64394	26.31773	29.41684	18.38821	21.29797	22.71954	11.42628	23.39725	12.67609	34.81807	41.74	20.26854	26.58374	43.65212	72.67374	21.15721	19.02303	42.54992	16.82346	25.40082	30.77582	25.29694	25.79871	49.76155	49.65845	33.14092	41.99285	37.0171	21.67598	40.05588	26.52509	26.96706	20.77477	27.04001	18.00659	16.58003	18.45353	27.40035	6.06552	30.96646	43.26833	39.18692	61.7282	25.85449	9.36455	11.9345	59.81062	21.72601	31.80801	19.72272	45.02032	21.87504	64.17291	112.27484	48.25197	47.57537	53.12736	15.91193	15.83783	12.23529	80.11751	71.61227	35.7432	30.63891	12.44213	27.9427	31.45379	24.91496	50.32672	53.71104	47.53315	68.37025	25.893	63.73817	78.0542	35.35289	72.58472	40.72177	43.7959	30.65092	38.6798	40.05369	40.92122	39.83171	33.17645	51.48409	36.34026	50.66089	61.61469	91.3796	80.83424	28.39965	11.50439	13.90461	7.35282	48.26923	69.91303	82.93895	50.15714	17.57104	30.86583	53.8469	68.15418	61.527	42.796	16.64522	23.80422	35.89209	21.36281	27.75883	17.92351	33.80044	34.22745	51.53657	50.95883	76.03229	50.22923	49.21915	57.79874	51.85375
GH143	16.67711	16.81399	29.52298	45.79375	27.16691	23.17764	29.25101	27.90686	30.39801	17.65041	20.56507	20.0661	14.26107	22.9808	12.48253	30.06389	35.80766	14.80386	24.05341	32.33281	57.8651	25.64318	20.75187	44.90907	23.09747	26.28692	28.18657	26.13357	32.15764	41.61363	51.33152	27.79287	40.32541	45.47861	22.82328	42.6033	23.87183	24.66864	16.34668	23.42325	15.38998	10.61314	14.40874	14.88024	5.78699	25.55648	27.1516	44.3194	55.07118	21.78459	7.18408	11.12628	60.61145	22.96909	39.71723	21.23644	43.15399	24.15678	65.52418	89.21374	41.88689	35.95519	40.25928	18.63856	17.77337	17.11632	27.39658	21.80579	5.38436	17.41159	9.68212	25.46793	28.1526	24.64699	46.62054	45.40449	41.09025	51.37724	25.89779	53.48995	59.6676	31.90634	66.78287	32.69872	29.60318	26.45006	29.39481	35.26266	36.12229	36.60256	30.89879	53.17559	38.02725	47.63725	55.41639	84.0313	75.8173	29.86195	12.88204	13.20688	10.85848	43.42086	61.52356	74.53323	45.08779	25.00102	30.96212	57.2075	71.4137	63.91139	43.70796	22.4291	27.52463	37.27824	23.17549	26.55215	21.95776	36.75414	34.30287	48.67735	50.68433	67.39769	48.95563	41.89803	51.72015	51.56592
GH144	376.06416	171.60619	140.49483	126.26158	91.78317	104.71546	99.11187	57.20304	50.2425	49.92643	38.69395	115.43938	64.97205	130.29249	53.96381	100.39266	118.05159	40.85895	121.66255	230.56441	347.48693	192.7729	174.93352	350.10939	160.01633	149.42454	180.3557	159.39773	150.78789	288.09182	276.63088	222.68058	275.80295	170.54702	73.89561	150.80858	335.34318	134.14689	71.95425	117.55687	83.18871	57.00005	57.39937	174.75122	50.23775	105.44631	233.51728	180.00538	256.31443	117.07699	57.36642	82.98805	209.27138	162.38322	247.17714	269.81182	276.2998	120.18247	272.81868	490.32527	161.54523	124.27596	173.79475	71.65425	140.35518	52.49644	113.31224	196.44561	59.13795	27.30775	42.63854	152.35164	171.83226	192.01272	130.887	99.11063	47.11891	198.23712	95.74028	179.28259	329.61893	139.26219	189.49171	193.51083	237.15777	219.34808	192.38568	227.88364	207.79831	163.25908	201.80124	125.13735	91.60346	200.90709	193.9435	165.85665	177.7382	142.37835	45.83847	78.40189	48.89326	93.59437	139.06566	186.33811	121.62017	114.50776	157.77704	234.45526	276.88899	260.53049	165.96883	118.5528	141.76369	196.4359	201.00529	122.64617	91.20597	169.60464	165.03255	205.64806	240.05319	212.52795	315.20165	229.42477	298.66509	308.86935
GH145	93.4378	54.58993	50.99797	84.11741	41.17207	50.96553	48.60635	64.76627	54.33264	35.85499	40.30304	43.4132	19.67208	44.53874	20.31878	57.5812	65.2205	26.41167	51.3031	60.25584	101.68226	72.77326	58.56908	116.39192	58.5783	76.46882	86.00957	85.88365	84.26954	87.81825	100.15943	70.16162	92.20916	86.97351	38.81504	93.92973	97.22219	51.85759	29.89104	53.88605	22.74666	21.64959	23.00003	46.44188	13.25991	44.26937	41.76982	64.20935	101.67311	55.0698	30.71642	37.79458	111.94805	62.77547	86.06504	85.55651	114.1631	60.0456	142.70313	115.0852	53.42858	57.52454	61.16511	30.12444	64.6209	26.69315	32.07587	33.6304	7.38914	7.7036	19.0268	56.08874	55.67368	57.28612	86.07442	84.48636	67.86881	38.71205	23.81883	43.77282	53.30146	72.63571	129.58944	67.91143	74.39717	72.96274	69.3645	88.7607	84.4348	75.56001	80.50845	62.29996	45.4651	119.38417	121.43861	145.73525	138.21127	66.49138	24.01886	44.37214	24.64223	66.74426	100.38499	108.81549	62.70645	50.36545	64.97543	98.49476	119.86613	95.82615	114.18177	60.74322	117.15676	110.79431	56.2387	40.00968	35.05632	54.89261	56.32215	70.06858	79.81876	119.93685	152.75554	134.33296	118.87665	163.49375
GH146	69.77514	81.91016	117.66211	167.69034	103.71128	115.92223	96.08751	70.08786	106.95935	90.09587	160.79146	96.06044	45.67257	74.41003	65.18518	147.96183	148.939	75.28613	142.80668	184.7288	312.79858	172.82316	143.59873	277.1824	141.34433	121.90226	144.1104	122.36727	137.54106	214.66993	204.88665	137.70938	170.83899	135.27295	63.81204	146.74777	192.52547	122.22737	79.45761	99.37249	67.75977	83.83334	77.85143	117.68059	65.16722	96.82524	94.45879	115.13036	167.55273	98.74509	178.59786	227.41288	192.92418	127.30839	263.98304	128.72012	180.01281	160.36332	214.74253	521.97431	178.34153	152.99676	168.07814	299.40029	166.38438	319.45857	113.79866	85.99232	50.11163	75.69546	44.77776	82.57202	98.72073	103.17703	131.87372	151.19816	131.73013	157.49166	68.28102	156.25041	183.05844	109.95362	221.67023	162.55585	142.18575	116.02033	128.81849	197.64261	210.67537	226.49113	180.2253	170.34405	151.65706	157.5432	184.96795	249.79687	191.94958	162.59129	70.16885	92.86006	73.43524	176.63096	243.84118	277.63073	183.23372	95.0029	168.48491	169.94541	198.17038	163.23887	145.87149	82.80209	124.64902	153.24068	143.01572	183.2666	119.89093	204.14906	122.30076	170.15937	201.09696	222.12422	244.14129	223.47561	175.23749	272.11426
GH147	12.17082	13.09339	15.3195	54.54946	30.11799	45.80453	31.31741	19.35497	20.35602	20.67534	15.34681	42.68856	72.10076	18.10441	9.07028	25.817	30.62632	11.43533	25.8114	58.97824	81.26331	43.04115	15.84441	31.59299	32.82824	20.28467	33.97153	35.32573	32.47527	49.62494	48.15283	37.84011	49.81605	43.39731	25.8383	72.6316	20.57305	24.28247	9.05324	26.1734	9.66651	7.2309	5.66158	22.2533	8.30915	20.40653	34.79371	33.38579	64.22007	25.84552	7.71952	12.52934	46.81396	39.30055	19.17696	22.71401	21.41025	39.04946	105.69688	106.26608	49.52881	38.69472	39.98582	13.19782	25.03532	7.0468	37.1014	31.5286	27.79761	65.06102	6.07516	16.38088	14.57656	22.63856	66.50468	39.22522	23.44456	70.61125	9.42266	59.2196	10.69988	43.79779	32.84327	21.67634	33.69882	33.43399	41.06912	54.69405	51.5402	54.8207	46.3018	39.01813	31.18812	23.73518	34.99381	43.98272	38.4363	32.8156	9.42644	12.16068	11.60543	19.67156	31.23936	40.61974	27.51059	5.97677	16.12329	17.80299	27.10101	15.67431	16.72736	25.78991	19.54039	22.34325	30.22983	62.23601	37.33706	37.39725	32.1369	48.6712	51.77846	46.54225	71.61699	70.4643	71.77218	87.78352
GH148	7.21439	4.57993	6.50622	9.08605	6.91303	3.5523	5.08447	13.78869	18.95086	16.69301	5.40906	17.6656	6.81496	9.39539	11.48549	4.79444	3.97319	6.45156	7.01536	5.00274	1.22425	1.99466	2.42009	0.39786	0.42869	9.57908	7.23667	3.11302	8.89452	8.12371	4.01911	1.58248	1.76556	2.64964	3.65937	4.48214	10.1726	3.55255	3.70779	2.8057	5.89646	6.59102	14.73732	10.0891	24.90636	8.19924	7.88466	5.06916	28.60939	6.3245	3.94638	4.47655	3.69272	3.34843	4.31752	6.11305	2.70884	4.2329	4.62816	3.06856	5.29718	4.26959	3.10296	13.52162	9.67726	4.06688	7.22036	8.00403	6.18495	59.9849	6.10623	18.24172	27.18978	25.89066	6.02229	3.47824	4.82175	4.79354	3.54802	3.95009	1.32584	12.80983	2.9119	0.66853	0.84012	0.71383	0.44374	4.65867	8.45143	7.05624	4.87485	13.41511	10.55196	3.15245	4.44308	2.55802	1.62472	6.36989	24.22971	31.3472	3.0008	7.99664	3.39152	4.76508	2.81719	6.06882	7.24451	4.0764	7.42538	6.55802	7.93939	6.30162	10.40823	4.43206	30.91096	44.27429	12.10809	25.0844	3.9957	0.7252	1.13832	1.04795	2.25006	3.62795	3.40999	2.41362
GH149	NA	NA	NA	NA	NA	NA	NA	0.03117	0.03996	1.22917	0.02539	NA	NA	NA	NA	NA	NA	NA	NA	NA	NA	NA	NA	NA	NA	NA	NA	NA	NA	NA	NA	NA	NA	NA	NA	NA	NA	NA	NA	NA	NA	NA	NA	NA	NA	NA	NA	NA	NA	NA	NA	NA	NA	NA	NA	NA	NA	NA	NA	0.05118	0.38853	NA	0.15648	NA	NA	NA	NA	NA	NA	NA	NA	NA	NA	NA	NA	NA	NA	NA	NA	NA	NA	NA	NA	NA	NA	NA	NA	3.57628	1.27754	1.12283	1.81003	NA	NA	NA	NA	NA	NA	NA	NA	NA	NA	NA	NA	NA	NA	NA	NA	NA	NA	NA	NA	NA	NA	NA	NA	NA	NA	NA	NA	NA	NA	NA	0.16476	0.19974	0.12625	0.03922
GH15	24.755	27.04118	45.07913	106.16052	65.44636	61.4607	79.00557	77.2959	51.68924	47.37172	32.28104	53.53489	91.5988	42.38058	31.04367	79.69877	98.01171	51.02868	69.1837	54.44328	75.07954	93.49774	113.65755	110.02632	77.02205	70.21211	80.13384	81.44285	76.05876	38.00255	51.27228	31.02907	39.05226	52.58355	41.93431	86.53235	83.18442	40.9379	65.71145	84.23521	78.08162	62.35752	40.47807	89.71001	39.61124	62.65862	30.6088	70.57898	61.48677	43.5176	6.61961	17.67329	110.57509	62.09305	89.87665	48.91286	78.79633	59.87222	114.25178	49.95691	55.35877	65.02379	66.05145	26.33591	37.204	22.53457	80.27945	88.4388	69.56168	51.87456	28.33876	73.07019	55.68174	54.12454	77.66771	91.43376	88.12561	21.98916	5.78087	20.8958	19.93012	71.65541	124.84947	72.55121	61.44305	50.9352	67.30296	82.55821	82.39137	79.41704	79.21191	62.65283	62.41519	89.04822	82.72767	93.08229	90.18097	88.48257	32.85034	43.34381	26.37147	70.30766	89.2164	79.06068	47.24526	51.29088	57.45331	105.59142	126.08946	97.87898	101.33484	64.93194	76.05434	95.73393	72.4175	61.49865	58.61573	76.25101	60.54256	94.06487	61.71919	136.79812	48.96636	46.65219	41.36865	73.49615
GH150	1.59428	0.41174	0.90488	0.01472	0.03721	0.89416	NA	0.57558	0.37124	1.20897	1.12635	0.05967	0.23891	NA	0.01883	NA	NA	NA	0.01502	NA	0.07294	NA	NA	NA	NA	9.02469	11.57483	2.39709	4.61834	NA	NA	NA	NA	NA	NA	NA	0.45156	0.05849	NA	NA	NA	NA	NA	NA	NA	NA	NA	NA	NA	NA	NA	NA	NA	NA	NA	0.31497	0.44583	2.18171	1.59537	NA	NA	NA	NA	NA	NA	NA	NA	NA	NA	NA	0.2407	0.07476	0.56792	0.5542	11.34402	0.28575	0.01053	NA	NA	NA	NA	NA	NA	NA	NA	NA	NA	NA	NA	NA	NA	0.97091	0.47527	NA	NA	NA	NA	NA	0.01874	0.19842	0.13989	NA	NA	NA	NA	0.33807	1.67195	0.00843	NA	NA	NA	NA	NA	NA	NA	NA	NA	NA	0.0814	0.0176	0.0235	NA	NA	0.12198	NA	NA
GH151	2.08601	3.22655	4.07599	4.18742	4.26491	2.19124	2.37246	13.40628	8.65232	8.86679	3.35803	4.31872	8.26822	7.95061	7.1776	4.15066	4.46376	11.99938	4.73305	1.98648	3.05959	3.69796	4.25055	0.97781	1.76399	2.79678	3.24624	2.2186	3.27249	4.41056	4.05813	2.24031	1.64919	6.17536	19.9153	8.53969	8.5529	6.1968	6.42678	7.89993	4.31126	13.37768	15.74303	6.67431	9.59155	6.35563	1.9256	4.10728	7.87933	3.37834	3.03272	3.03403	1.23597	1.81477	1.94065	5.89214	1.52825	6.32584	4.83883	8.84034	14.90008	7.86741	2.49632	6.15654	6.813	5.36631	6.4078	3.69504	5.09273	14.13929	5.42677	9.90084	10.36946	7.02176	0.77253	3.28672	2.17125	2.3733	0.84505	3.09906	1.47688	11.42977	8.0919	3.13973	3.45991	2.24107	1.81235	4.36837	2.80586	5.43319	3.90115	12.05301	11.2123	2.5815	3.09218	1.54052	2.30841	3.36321	14.01127	17.75866	6.95258	9.38765	16.37218	13.64037	23.21749	3.46547	7.19605	3.12323	3.23606	3.72694	5.33734	3.18077	2.20754	2.97597	3.89304	5.62117	3.26305	6.04108	3.14687	3.89049	0.31419	1.89626	3.86678	2.89165	3.86234	4.25862
GH153	0.61551	0.97075	1.34272	2.68119	0.93589	1.28696	1.68909	0.3748	0.0845	0.65409	2.24749	2.37295	5.08533	1.40485	0.51899	0.66454	0.48425	0.32393	1.12214	4.46329	4.55356	2.21389	0.45562	1.67306	2.10847	0.26403	0.3307	1.37581	NA	2.19757	3.69497	1.41806	2.58151	1.03323	2.46795	3.55101	1.27845	0.13789	0.44015	0.38585	0.8635	NA	NA	NA	NA	21.42824	0.38642	1.16885	0.15296	0.15881	NA	0.22134	NA	NA	NA	1.01409	2.27296	1.37392	0.82895	1.50776	4.9501	7.16334	4.86286	1.68366	1.85782	2.70132	0.24429	0.7405	NA	NA	1.11949	0.56042	0.46283	0.99428	0.1394	NA	NA	6.6983	1.26949	2.40493	0.68972	2.63074	1.50094	NA	0.38246	0.01457	NA	3.44004	7.62697	9.04695	2.34399	16.89418	17.38988	0.39832	0.62602	0.04517	0.39301	1.198	0.09134	0.10885	0.02538	NA	NA	NA	NA	0.23963	0.34959	0.08259	0.06507	NA	1.23757	2.85605	1.48009	0.92041	1.08557	2.53017	2.38375	0.87281	1.4049	2.60198	2.31959	0.48122	NA	0.16914	0.85385	NA
GH154	180.2705	126.20714	158.18753	227.77608	138.61739	133.48027	121.95635	140.97669	200.66081	172.72214	274.38837	133.50357	78.28272	115.50756	100.34298	172.79643	162.69481	112.74623	143.18936	155.63564	230.40979	159.38866	127.10528	214.22491	144.33072	180.97903	199.53951	203.7507	216.67737	242.11478	282.92693	252.84986	244.40789	243.2169	130.17361	287.39924	168.33751	133.07885	127.04311	209.74159	117.29773	84.98189	107.82323	105.67666	91.3485	146.32928	166.82489	171.33264	213.10184	177.05645	180.27123	227.91492	225.00377	157.01484	167.05464	167.37318	191.00645	179.97929	260.93674	339.36128	254.4946	205.08862	234.6989	251.64803	217.68719	274.64957	192.32371	190.21236	154.25102	141.87303	87.51767	110.08715	124.13265	138.86847	115.93676	121.70676	104.26266	259.92031	119.3347	286.09624	393.54429	142.98509	212.58798	166.02922	179.70957	165.67231	176.93832	235.75552	284.19357	279.22683	219.21857	197.92423	167.68488	267.95834	289.01409	362.32733	264.3338	226.56991	94.0404	119.22273	88.47929	152.47779	241.84161	233.28812	152.86443	155.4378	197.47019	231.1261	248.89814	179.98195	203.77762	131.93172	219.34628	214.91347	145.90427	117.70286	97.36394	126.61274	158.80801	203.54036	260.1768	275.08318	298.45547	305.25154	311.46806	294.92457
GH156	2.40621	2.16981	3.5529	9.35908	5.44011	7.04061	7.75401	3.26186	4.14258	2.02371	1.61265	3.13049	1.10429	2.60319	1.84541	0.22631	0.57531	1.5082	0.42705	3.20374	3.51154	0.38632	0.19287	0.67943	0.49541	2.57549	3.27157	3.28091	0.94145	0.31947	0.06755	0.71084	0.40052	0.88518	0.64492	2.20224	4.57974	4.27048	5.64918	8.94659	1.79745	1.89161	0.81864	2.37518	2.39828	4.45387	2.40633	2.78558	4.81836	6.70667	2.5552	3.17118	1.013	2.20957	1.02614	2.46371	4.94303	3.64418	3.2689	1.40128	4.73395	6.79316	5.7562	1.98648	1.92717	0.82938	44.09025	38.16953	25.45309	13.57962	1.22973	3.81552	3.17969	3.01023	0.72532	0.44725	1.2044	NA	NA	0.65453	NA	2.29354	2.91168	2.96173	7.5642	2.13478	4.5516	5.24429	4.83821	4.10086	5.54789	1.57964	1.03374	0.6499	0.78429	0.47076	0.19753	4.04402	2.82517	4.36444	1.18986	0.08351	NA	0.05637	0.06033	1.44476	1.58336	0.39039	0.43341	0.68919	2.27615	3.234	2.43693	2.80096	4.05276	2.34719	2.66321	1.98299	2.36389	2.24797	3.20845	1.60271	3.08443	5.34642	3.03519	3.05662
GH157	NA	NA	NA	NA	NA	NA	NA	NA	NA	NA	NA	NA	NA	NA	NA	NA	NA	NA	0.17891	NA	NA	NA	NA	NA	NA	NA	NA	NA	NA	NA	NA	NA	NA	NA	NA	NA	NA	NA	0.0243	0.01605	0.1079	NA	NA	NA	NA	NA	NA	NA	NA	NA	NA	NA	NA	NA	NA	NA	NA	NA	NA	NA	NA	NA	NA	NA	NA	NA	NA	NA	NA	NA	NA	NA	NA	NA	NA	NA	NA	NA	NA	NA	NA	NA	NA	2.19721	2.41991	2.9547	4.18082	NA	NA	NA	NA	NA	NA	NA	NA	NA	0.09532	NA	NA	NA	NA	NA	NA	NA	NA	1.59014	5.29249	0.29391	NA	NA	NA	NA	NA	NA	NA	NA	NA	NA	0.76798	1.22785	7.00303	1.73506	NA	NA	NA	NA
GH158	76.95654	31.40743	19.97906	9.08242	8.92022	11.58525	8.52299	4.33584	2.28961	4.70831	2.76442	14.50098	9.88794	20.38693	6.31261	8.06821	8.01994	3.34542	5.89789	14.02557	21.23291	4.64542	6.15053	8.20414	4.21148	37.60486	42.44541	42.85639	40.98717	16.80102	16.37218	18.83239	31.99901	7.92455	9.48305	17.45767	56.67248	7.16183	5.16143	7.10822	5.10124	4.06854	3.22754	19.34326	6.83268	11.71328	12.52052	32.37885	32.60711	5.54611	1.32175	3.74826	28.04219	25.1413	31.53284	46.14325	46.20672	6.62381	22.6342	0.82028	5.74976	6.95235	15.50634	6.8922	16.12289	6.2406	17.47483	16.54715	0.85465	0.93548	5.46018	22.67703	20.6992	24.02512	NA	NA	NA	45.27545	17.3016	49.43472	50.86378	14.66989	21.44193	25.07529	28.64642	29.86713	20.15412	20.4086	20.21152	13.96591	26.49603	15.72945	14.48281	39.09161	41.69148	30.31881	48.12869	5.32723	2.96829	4.809	1.76219	1.82779	3.35584	4.15361	1.62195	0.89063	0.22727	20.99025	20.80406	48.4226	40.39399	21.12266	25.02396	33.21252	18.69675	1.44097	4.89734	7.68837	16.56609	16.62678	27.87103	22.28639	38.46016	18.334	42.28522	28.15493
GH159	8.82527	11.2646	15.60017	11.94245	11.73438	9.78165	6.87992	14.92536	18.58814	17.73322	16.21021	5.00322	8.12928	10.10992	8.80968	6.23169	6.27872	3.74656	8.82291	56.23717	93.25891	6.43645	7.17276	8.97592	5.69985	16.99906	25.88298	15.01085	17.10403	57.45368	48.78076	37.58734	38.08877	7.33298	6.1025	8.52968	16.13674	12.76958	12.05057	22.66154	8.18204	4.99035	13.70871	2.07919	7.42484	34.48237	87.64811	27.10495	54.06911	9.26196	5.58585	6.20883	3.20113	4.10114	2.29336	12.98923	13.96271	30.23296	12.89787	94.8796	28.45669	31.87902	28.04862	11.76604	14.0346	8.34499	100.0317	101.59601	54.44368	30.9464	6.75826	4.25001	4.46254	5.37485	24.74709	22.30942	17.94401	37.22072	10.72974	22.24955	57.3647	4.81715	6.82463	12.65283	16.69545	12.79121	18.764	9.60446	12.24905	11.9667	11.66646	13.67301	16.18142	12.35953	20.80999	19.85772	17.46107	9.12136	5.09963	10.44578	7.08578	26.34121	36.93678	59.69729	48.48913	11.69954	18.58742	4.72345	4.7633	3.69829	4.77849	6.23321	6.50591	12.96369	8.92384	25.53198	14.13788	21.745	8.13446	14.21642	19.01572	6.9074	10.48439	15.57855	32.52981	9.27644
GH16	798.68312	501.77171	579.31951	795.11193	592.05746	493.89537	554.89271	560.69185	656.23156	675.7821	880.07384	597.32259	300.31333	396.23998	421.62587	761.88722	795.14181	573.454	856.63989	488.8627	649.11264	590.28837	471.02409	569.6848	398.28505	656.68858	658.25933	636.00908	583.66598	837.67143	853.76477	701.6564	769.73892	586.02181	456.45153	698.36713	533.48704	442.86499	534.19533	740.82366	419.11604	835.901	803.94271	1353.5409	888.36838	606.99114	758.37163	788.85585	1001.37078	712.83691	645.79191	657.33972	694.78845	564.99466	520.35776	542.50848	587.71212	889.02656	1029.06673	724.92025	545.70276	500.71453	528.42381	323.52037	467.33587	492.47132	936.88724	1154.91374	686.24518	447.21107	302.4725	431.96211	412.03473	501.01934	916.64259	623.31678	549.35014	603.03295	461.41177	607.53282	765.65773	757.80096	924.92647	627.38304	702.86897	586.21989	621.83149	549.35818	555.33248	486.0684	500.71257	623.1944	598.55733	733.25858	882.07331	968.69926	689.33051	724.05762	456.98049	476.89156	350.07599	1035.37903	712.35623	814.98386	894.7962	755.65189	767.3662	535.19745	544.94089	425.62299	468.92023	429.31372	578.01936	521.39062	527.14429	441.89979	400.02037	645.5093	620.9448	792.15256	725.7868	866.86571	578.85914	952.25332	707.09588	592.21047
GH161	11.11318	7.92738	21.42155	8.82556	17.70375	10.52166	5.29344	12.58711	11.19315	12.69248	4.11347	8.79163	4.04435	8.07361	16.15048	12.94757	10.86916	11.1954	10.60508	19.8991	6.25447	14.33193	14.17584	12.77761	8.31328	12.41991	10.58547	8.38988	7.79335	8.75613	4.61559	5.91902	5.6724	9.13953	9.58066	2.94742	6.60688	6.46456	14.41042	10.87005	13.57511	8.03212	7.02022	6.28363	19.57502	15.07985	19.82964	14.84967	18.34509	2.81487	1.36683	2.95867	5.4436	2.65996	6.41117	8.00206	8.1853	16.68942	8.43088	11.93067	6.82848	7.82168	4.13865	6.3664	9.33243	10.07041	5.99763	13.7314	10.66879	11.31201	16.53907	3.79421	6.53301	6.95899	22.3916	14.94518	12.73393	4.28568	2.95998	6.75852	11.78679	7.95797	5.61892	8.09522	5.64495	8.5325	7.62001	4.39909	4.31582	3.96689	4.39447	14.14259	8.38405	7.44538	5.02675	8.87187	3.50834	7.38286	15.42224	15.03298	12.85674	13.86832	22.79747	13.26641	16.86016	38.43259	37.60777	9.46834	2.95287	4.40687	4.14513	2.75032	6.87235	3.34382	5.61615	11.16313	6.83493	4.61289	4.45186	4.5932	6.29176	4.04871	10.79663	15.62248	13.04151	5.82495
GH163	16.22763	21.98047	20.72897	39.25359	20.2908	32.80471	23.17828	18.32523	14.62619	14.47191	9.9577	21.2706	15.43484	11.95668	9.42839	22.93021	34.57396	15.67646	20.55472	13.157	20.96831	21.3736	18.10838	19.54558	22.28315	13.29649	25.03056	24.31386	29.32001	27.58284	38.08384	28.81726	35.86435	46.67396	17.82155	45.81218	21.37044	23.99229	27.38479	37.39995	18.30602	17.99147	9.14644	26.40674	16.71067	26.39145	18.25694	37.02711	61.43626	58.97458	38.90313	50.05174	30.0489	19.58783	19.21017	10.26523	11.94998	12.23217	70.19508	16.6826	28.60383	26.502	32.02975	17.87282	23.00115	12.05009	60.19099	60.81057	39.31586	51.45334	13.02994	37.50229	41.50213	35.14678	110.14871	75.22968	36.53981	73.95257	33.06905	79.5573	97.55705	40.73377	54.77278	29.27845	36.66677	30.43057	46.73572	19.22853	21.92172	18.72023	20.16385	24.37194	31.45822	42.0288	62.6301	88.68348	83.16644	50.36607	15.4629	12.82169	10.43504	31.75422	53.38566	47.9133	35.61629	11.88956	24.9817	42.19311	54.04747	53.81359	14.43951	15.94584	20.03269	21.68553	56.60214	24.1089	20.65284	61.97881	26.19127	26.73085	23.71931	36.77552	39.86261	49.13882	47.7103	42.70697
GH164	9.24431	21.89432	14.99151	11.31676	10.93041	21.56597	12.30062	3.67051	3.29284	1.68836	1.78072	30.5736	67.47271	13.21692	5.75359	4.54507	4.79085	3.92759	5.92157	46.28865	63.59156	26.86616	9.89968	14.11987	17.09056	0.34013	0.51662	0.63612	0.56701	8.75716	12.78534	14.44314	16.94146	11.20876	19.88234	27.81061	0.54761	0.88478	1.73073	2.9043	2.08917	3.8918	2.51123	2.83935	1.93173	1.91169	0.47399	0.23507	0.60948	NA	NA	NA	NA	NA	NA	7.90026	6.39512	9.53073	6.03958	1.49879	4.14578	2.6645	1.41748	8.35005	18.40062	5.24638	9.86279	12.10215	7.8177	12.55714	0.93539	2.19908	2.45182	3.03518	13.04787	16.25748	8.95187	93.57043	17.79878	72.81876	42.73288	11.5372	2.81074	8.38887	4.85938	3.31938	8.71634	16.27854	5.85691	1.58681	3.31141	1.83998	3.17128	7.10251	2.04531	7.59514	0.62202	3.27266	0.2196	0.02313	0.62797	9.38962	12.41479	10.80643	9.25126	0.81907	3.15787	0.44321	0.63185	0.95107	7.04277	13.82611	4.41178	8.20379	13.4948	35.52144	15.15444	14.42406	14.80732	27.75145	25.70833	8.85503	1.29562	3.15414	2.71985	0.43065
GH165	16.41438	10.3762	20.25671	22.61096	12.30054	12.27237	13.04578	17.32468	14.31851	12.74183	11.77064	15.43578	6.86255	8.73818	9.96549	14.83675	16.00034	10.60326	10.32041	7.05146	11.35702	13.41625	9.59814	16.91889	8.36632	12.32443	7.18663	6.80441	8.50379	2.93617	4.1986	4.05825	5.1074	4.62503	3.36055	4.91873	14.98139	13.52917	11.10502	14.17048	15.25729	5.81874	7.13941	8.407	3.3944	10.80337	4.34703	12.62533	11.1726	17.78612	2.15835	6.15601	28.52005	9.36875	18.35097	10.4338	27.84502	9.80701	19.64869	18.73463	50.30001	29.82778	27.76094	9.27774	7.39007	8.20003	47.31738	46.36377	7.43084	11.3258	6.93162	11.2357	11.30958	6.25862	4.21925	7.82712	9.1551	79.54412	43.39243	89.57086	96.72919	7.71094	26.74527	0.36069	0.87371	0.69413	0.58949	23.30207	24.41908	26.85858	20.9248	30.69589	22.24635	28.63239	28.43537	45.17179	27.48661	1.99989	3.24035	4.34055	2.05317	30.30948	48.69495	47.29558	23.715	11.7604	14.49413	63.09781	79.97147	107.42307	26.85817	17.32033	15.81857	23.25635	6.55386	11.47675	9.04886	12.48172	20.90224	33.89053	55.16836	38.96409	8.9469	4.63608	3.7015	23.11112
GH166	7.31938	8.72388	22.64354	4.67696	11.16021	3.8841	7.50941	13.30153	14.44346	7.22618	10.26597	6.34085	5.13618	4.6027	15.50305	26.27707	19.10962	36.42122	33.60781	21.89678	8.78348	8.68081	23.95844	14.29432	7.84054	18.51086	19.65144	16.37658	17.65752	11.90568	7.06444	5.99348	10.76368	11.71867	15.48554	7.20673	1.50554	1.30188	16.00147	2.32315	15.14632	19.57866	31.50396	9.12697	23.04326	7.63217	6.02442	9.77366	8.19162	12.77921	5.9633	3.99056	4.23894	2.90847	7.41227	3.39317	2.87157	5.13885	2.42962	3.41708	6.35653	17.41266	20.27758	7.7143	5.10684	5.29983	0.41624	17.49235	20.71701	6.04147	21.37413	7.17152	9.04805	7.59604	27.5249	14.83856	4.52341	6.05338	5.95792	11.20559	21.6006	4.73316	3.19224	4.28782	9.13062	8.33169	5.00395	3.78239	8.00123	9.82801	7.78262	20.02827	14.23272	14.00354	3.6719	3.62973	2.89704	20.32219	10.31128	31.50492	34.23204	3.49919	12.1244	7.70274	5.67547	29.31077	22.2331	11.97023	12.30132	7.8166	7.24951	2.4998	11.86449	11.07797	9.29599	26.64375	19.79892	25.67966	6.15634	3.43008	3.90362	2.35075	11.97144	3.20136	3.56334	8.86182
GH167	4.16213	0.99987	2.03125	0.05607	0.23633	1.30105	0.13723	1.51802	1.78433	3.00831	1.92655	1.55499	0.4845	0.23942	0.93731	0.94072	1.55844	2.65741	1.26298	2.77847	1.72452	0.27209	3.23225	1.26552	0.29028	17.12678	20.66342	4.98519	8.59505	0.07098	NA	0.0355	NA	NA	NA	NA	1.91947	0.46714	0.25579	0.07193	0.20422	0.31428	0.72133	0.65119	1.93956	1.52715	0.48949	1.36733	3.79784	NA	NA	NA	0.02342	NA	0.03374	0.38398	0.29038	1.5771	1.68333	0.43587	0.29742	0.17555	0.03282	0.64259	0.13186	0.09427	0.47021	0.43182	NA	7.5086	0.8544	3.33571	5.06498	5.151	18.75398	0.57673	0.02674	NA	NA	1.34883	0.03068	NA	0.00823	NA	NA	NA	NA	0.06114	0.25184	0.88169	0.52897	2.73069	2.25714	NA	NA	0.02143	NA	1.82308	2.89191	3.27628	0.48119	NA	NA	NA	NA	1.09979	3.76777	0.10976	0.23811	0.25179	NA	NA	NA	NA	1.72719	4.22507	1.03584	1.81127	0.51049	0.02236	0.14109	NA	2.55657	2.53676	1.37046	0.03406
GH16_12	NA	NA	NA	8.85733	2.7668	10.79269	6.62343	1.97133	1.20891	1.60618	0.41878	NA	NA	NA	NA	NA	NA	NA	2.41124	2.85845	1.07599	NA	NA	NA	NA	2.87193	2.09103	1.93351	2.8037	11.86882	16.29813	17.96168	21.57821	NA	NA	NA	NA	NA	NA	NA	NA	NA	NA	NA	NA	NA	NA	NA	NA	23.07688	19.94907	20.10018	NA	NA	NA	NA	NA	NA	NA	NA	NA	0.11323	NA	NA	NA	NA	NA	NA	NA	NA	NA	NA	NA	0.1166	NA	NA	NA	NA	NA	NA	NA	13.55213	26.74181	NA	NA	NA	NA	NA	NA	NA	NA	NA	NA	0.02323	0.24396	0.16286	0.34715	NA	NA	NA	NA	NA	NA	NA	NA	NA	NA	NA	NA	NA	NA	NA	NA	NA	NA	NA	NA	NA	NA	NA	NA	NA	NA	0.52431	NA	NA
GH16_14	NA	NA	NA	6.7472	2.29327	8.57199	5.15651	NA	NA	NA	NA	NA	NA	NA	NA	NA	NA	NA	2.31716	0.97477	0.25685	NA	NA	NA	NA	NA	NA	NA	NA	8.00162	12.95695	11.96828	14.17074	NA	NA	NA	NA	NA	NA	NA	0.0473	NA	NA	NA	NA	NA	NA	NA	NA	25.11482	23.34981	19.65652	NA	NA	NA	3.39153	4.16271	4.57673	13.66514	NA	NA	NA	NA	NA	NA	NA	NA	NA	NA	NA	NA	NA	NA	NA	NA	NA	NA	NA	NA	NA	NA	NA	NA	NA	NA	NA	NA	NA	NA	NA	NA	NA	NA	NA	0.10399	0.09719	0.29596	NA	NA	NA	NA	NA	NA	NA	NA	NA	NA	NA	NA	NA	NA	NA	NA	NA	NA	NA	NA	NA	NA	NA	NA	NA	NA	NA	NA	NA
GH16_15	NA	NA	NA	NA	NA	NA	NA	1.31676	1.15599	2.49088	0.4659	NA	NA	NA	NA	NA	NA	NA	NA	NA	NA	NA	NA	NA	NA	3.4671	2.52904	2.30839	3.58171	NA	NA	NA	NA	NA	NA	NA	NA	NA	NA	NA	NA	NA	NA	NA	NA	NA	NA	NA	NA	NA	NA	NA	NA	NA	NA	NA	NA	NA	NA	NA	NA	NA	NA	NA	NA	NA	NA	NA	NA	NA	NA	NA	NA	NA	NA	NA	NA	NA	NA	NA	NA	16.81142	28.13361	NA	NA	NA	NA	NA	NA	NA	NA	NA	NA	NA	NA	NA	NA	NA	NA	NA	NA	NA	NA	NA	NA	NA	NA	NA	0.14774	NA	NA	NA	NA	NA	NA	NA	NA	NA	NA	NA	NA	NA	NA	0.51309	NA	NA
GH16_16	NA	NA	NA	9.48649	2.96418	9.94056	7.07175	1.88758	1.39436	2.17302	0.52085	NA	NA	NA	NA	NA	NA	NA	2.13456	2.85063	1.52404	NA	NA	NA	NA	2.90703	1.79996	2.28452	3.07243	11.88496	14.2459	17.93306	22.72264	NA	NA	NA	NA	NA	NA	NA	0.02673	NA	NA	NA	0.0106	NA	NA	NA	NA	22.50517	21.59943	18.50415	NA	NA	NA	NA	NA	NA	NA	NA	NA	NA	NA	NA	NA	NA	NA	NA	NA	NA	NA	NA	NA	NA	NA	NA	NA	NA	NA	NA	NA	17.07985	27.31233	NA	NA	NA	NA	NA	NA	NA	NA	NA	NA	NA	0.10578	0.13731	0.85295	NA	NA	NA	NA	NA	NA	NA	NA	NA	NA	NA	NA	NA	NA	NA	NA	NA	NA	NA	NA	NA	NA	NA	NA	NA	NA	0.51624	NA	NA
GH16_17	3.99275	1.16084	1.58577	0.1962	0.20073	1.62238	NA	0.99104	0.70684	2.4767	2.18272	0.08006	0.41141	NA	0.02	NA	NA	NA	NA	0.12315	0.19503	NA	NA	NA	NA	9.29265	13.58677	3.0277	5.42572	NA	NA	NA	NA	NA	NA	NA	0.24183	NA	NA	NA	NA	NA	NA	NA	NA	NA	NA	NA	NA	NA	NA	NA	NA	NA	NA	0.16069	0.34838	1.11581	1.21173	NA	NA	NA	NA	NA	NA	NA	NA	NA	NA	NA	0.15743	0.27532	1.0871	0.62234	20.6267	0.20957	0.14065	NA	NA	NA	NA	NA	0.02598	NA	NA	NA	NA	NA	NA	NA	NA	1.25827	0.62735	NA	NA	NA	NA	0.18778	0.10058	0.53043	0.29924	NA	NA	NA	NA	0.35701	3.25898	0.03776	NA	NA	NA	NA	NA	NA	NA	NA	NA	NA	0.08958	0.03396	NA	NA	NA	0.04922	NA	NA
GH16_21	0.83803	10.49899	21.43517	0.07028	0.16897	1.20111	4.04245	2.41926	3.57883	2.70978	1.23711	2.36794	2.51746	1.56145	8.29553	12.13609	15.83003	4.41269	4.13659	11.59401	0.78046	1.85044	5.92571	2.72172	1.93103	10.67766	16.44287	13.05476	8.64343	20.19649	6.75948	21.38263	10.21065	31.24624	34.67539	18.18497	NA	NA	9.41559	0.91633	3.13049	10.13231	23.17007	0.87621	19.63579	1.10055	3.96689	2.59514	10.17581	7.99098	46.04734	24.20362	3.0803	0.75808	11.8185	5.82854	6.51336	4.75331	8.43477	2.74124	3.19401	8.25156	10.8245	15.68014	12.76346	5.61746	0.17392	0.55258	9.47666	13.50012	8.63904	5.67348	8.83685	10.53026	10.16144	14.25873	22.5836	2.32958	5.15769	3.65804	3.33845	3.2389	0.03092	8.98508	8.80212	16.21579	14.24526	17.09583	12.36469	13.71324	16.08766	28.39867	31.46383	5.10223	1.40263	1.61904	1.55864	10.19323	3.02059	7.89229	10.70362	1.39121	14.84575	9.6832	16.96345	11.20698	7.11785	5.65557	4.12938	24.48074	21.0786	12.05894	7.74805	7.91353	10.73787	10.90507	8.76591	20.76288	1.9599	2.80445	5.01723	2.05186	0.04856	0.18411	0.30607	3.26452
GH16_24	2.96643	2.84941	4.10823	7.6745	3.57937	2.78651	3.3944	2.29735	2.82813	3.52155	1.82189	1.45971	1.38114	1.68698	0.9967	0.03556	0.10095	0.21939	0.30894	1.76266	4.08843	2.04833	1.49656	0.66153	0.81832	4.29216	4.57148	5.41006	2.83848	2.25498	0.59101	0.55112	0.6445	2.41472	0.7237	2.57891	9.53193	8.96147	4.18645	9.02317	1.73483	15.31395	13.58089	70.35934	37.31378	5.37514	10.42292	8.30911	7.66904	6.36474	2.46727	3.10321	4.83703	11.64903	2.1685	2.57242	4.03673	2.69555	2.74085	0.71023	4.75073	6.7064	6.53273	1.42543	1.72217	0.87841	56.90162	42.66082	34.34771	13.30462	0.46471	0.40867	1.05991	1.11042	0.24289	NA	0.45569	0.80737	0.2323	2.8535	0.42477	10.68817	6.11747	5.62581	14.14374	5.05872	4.36678	3.05863	4.68516	4.48779	3.51036	0.13643	0.33017	4.25707	4.8736	2.18922	1.30452	2.16725	1.66246	2.12177	1.27879	2.5591	1.24474	1.78948	0.42283	0.69129	0.70563	0.95555	0.68478	0.66622	2.60632	1.82725	1.43569	2.2064	3.16072	4.64519	3.38144	2.4922	3.119	2.27756	4.0823	2.4234	1.99908	63.97073	20.79956	2.36659
GH16_3	144.2378	100.87128	109.51617	120.81897	95.74544	79.49505	72.33976	105.55753	177.45711	178.73598	308.45157	114.03639	54.99516	83.25901	65.0549	154.93118	168.75163	103.44342	162.24662	81.77334	132.96313	115.34459	98.9398	126.75947	79.97941	106.23434	107.01925	108.95079	105.90327	130.41282	131.27398	105.03016	116.7577	103.47247	66.3705	125.58679	79.3003	53.34987	91.92826	145.89122	69.20561	126.8922	114.54375	159.57554	99.27331	89.13368	112.11483	105.57252	155.45494	79.45443	44.67543	59.68531	115.85728	77.04502	81.70468	97.06766	112.92992	145.37782	148.17943	204.41661	114.33314	91.69804	100.10837	49.34354	79.25344	55.87769	123.79081	174.19612	84.82173	58.40347	50.02286	83.97847	73.94725	97.84252	131.63107	107.11668	89.97583	93.96261	62.80548	96.46917	137.5328	75.26467	119.9758	136.02304	151.2846	123.58173	127.66555	124.09018	118.97332	113.81835	108.48169	105.25564	102.90919	144.53238	174.60549	199.25102	127.20097	144.37433	83.76334	89.41144	64.726	166.99765	137.76199	164.66987	159.6105	142.71185	134.70945	106.32897	121.96084	85.14249	93.34158	70.01354	95.23276	104.87068	104.58539	88.1751	69.41152	122.45016	107.90006	148.17861	126.38041	180.66332	155.23501	133.65131	145.89531	157.51344
GH16_6	2.70643	0.84835	1.18499	2.8576	4.38842	3.3031	3.91427	0.49412	0.77836	1.37222	0.6158	5.70286	5.71003	3.23255	11.05908	3.98571	2.92544	5.29553	2.38456	1.079	0.59869	0.70989	1.22462	0.78012	0.92571	6.57401	1.83262	2.74536	3.66629	0.11573	0.48823	0.14555	0.40188	2.48697	2.5414	3.47381	0.06546	0.33277	0.94005	0.85336	2.66792	6.27845	5.15964	0.8923	2.39975	1.86116	2.95389	5.63996	3.09307	2.96838	4.3549	3.02634	0.63869	0.30649	0.58974	1.61502	1.82117	1.38644	1.27444	0.18194	1.88055	3.73215	3.88782	0.38397	2.64557	0.97006	2.76366	0.60689	2.65391	1.0702	1.12897	0.77794	0.80642	0.50887	1.53943	2.62875	5.46696	0.18191	0.58119	1.69098	0.56305	9.86986	4.19854	4.23417	7.35625	6.5054	3.99295	1.45188	1.68009	0.55961	0.7289	1.28741	0.80476	1.90514	2.45022	1.57604	2.32568	3.73035	1.8366	2.55903	2.90371	9.87216	4.17831	5.36605	2.41007	0.11191	0.58533	2.01184	1.36896	0.96882	3.08221	2.61524	3.0929	2.14833	1.54172	6.94791	2.3032	3.58801	10.93829	8.54275	3.90619	2.89213	1.03027	2.02228	1.29016	1.30262
GH16_8	NA	NA	NA	0.16868	NA	NA	NA	NA	NA	NA	NA	NA	NA	NA	NA	NA	NA	NA	NA	0.04407	NA	NA	NA	NA	NA	NA	NA	NA	NA	NA	NA	NA	NA	NA	NA	NA	NA	NA	NA	NA	NA	NA	0.22108	0.07966	0.29402	NA	NA	NA	NA	NA	NA	NA	NA	NA	NA	NA	NA	NA	NA	NA	NA	NA	NA	NA	NA	NA	1.12905	0.81783	NA	NA	NA	NA	NA	NA	0.09594	0.11198	NA	NA	NA	NA	NA	0.1577	NA	NA	NA	NA	NA	NA	NA	NA	NA	NA	NA	NA	NA	NA	NA	NA	NA	NA	NA	NA	NA	NA	NA	NA	NA	NA	NA	NA	NA	NA	NA	NA	NA	NA	NA	NA	NA	NA	NA	NA	NA	NA	NA	NA
GH17	NA	0.10227	2.65577	0.44247	0.29459	0.02824	0.04252	0.78109	0.41788	0.87448	0.64716	0.23843	0.2534	0.10859	0.46667	0.40211	0.23129	0.39576	0.50967	NA	NA	1.58987	0.35665	0.40724	1.27534	1.13826	0.73958	1.01073	0.46336	1.78273	0.56967	1.91398	1.17793	1.62786	2.05184	NA	0.75431	0.57119	0.13661	0.29029	0.42119	0.08467	0.51377	0.2642	9.98647	1.09676	0.104	0.29195	2.59869	NA	0.45568	0.73232	0.44819	0.31967	0.63177	0.76664	0.83427	6.45592	0.72589	0.18993	0.65989	0.24929	0.10929	0.31516	0.51402	1.55007	NA	0.85483	0.77425	0.25556	2.6311	0.56596	0.5044	1.08236	0.27804	0.14036	1.31179	0.45848	0.58325	0.16881	0.24959	0.37312	0.06151	0.27407	0.85379	0.57869	0.10544	0.44186	0.47557	0.33351	0.52255	0.96449	0.56032	NA	NA	NA	NA	0.36599	1.08896	0.77776	0.99846	1.34772	0.53283	1.59846	0.37149	1.74489	0.67506	2.39663	0.44483	0.26907	0.52084	0.15501	0.34418	0.31064	0.42918	0.17304	0.25893	0.38128	0.30617	0.41951	0.28551	0.03942	NA	NA	1.27583	1.60297
GH18	668.98089	634.76599	588.64855	474.18054	397.96828	495.32096	466.86559	398.53196	323.04266	320.67652	193.79105	540.67853	765.68501	485.42125	345.0417	562.38938	597.9815	400.71977	571.49578	623.2427	739.20223	657.76332	591.49746	734.858	525.13742	530.72808	601.24652	592.41109	602.9479	515.43877	556.406	455.29739	554.84584	550.09176	456.35057	725.01097	680.97949	490.01385	355.76291	437.70313	376.37383	506.94156	456.69955	548.86352	497.4261	478.64712	477.04066	667.75243	688.44865	467.52817	304.6873	304.69596	573.93822	407.88743	549.61566	598.06355	610.76809	518.92739	860.52147	625.09454	539.79547	465.00775	452.50648	272.20059	484.09331	218.97402	618.78107	760.56863	613.73557	612.93659	282.80097	396.40738	430.49969	411.74351	691.50552	567.80165	415.37525	1062.98228	392.45287	1050.51301	849.16451	658.38975	734.70042	473.89844	505.46127	458.43745	511.84073	489.38912	443.88744	385.93834	432.36094	443.05594	378.45095	737.4215	795.03321	966.71709	772.42996	434.81085	283.53148	358.65852	314.81553	587.86406	697.91484	696.10116	570.04034	478.69684	517.40305	536.17535	601.9216	523.46183	535.6263	502.41839	463.42103	540.95545	554.50407	578.99529	441.3953	569.19017	482.32704	541.62848	583.63146	605.21337	747.34521	686.36679	874.41212	650.65766
GH19	2.32548	2.37443	2.7514	1.69653	0.5565	1.5999	1.66557	21.35446	98.26594	117.98371	257.63406	1.57558	0.57914	1.1608	2.24724	NA	0.25782	0.19325	0.49965	0.11175	0.06091	0.76188	1.58203	1.78026	1.52573	1.01802	0.10754	0.54418	0.83264	1.6296	3.65673	0.863	3.42552	1.16232	1.31161	2.13127	0.044	0.39853	0.26107	0.59649	0.49655	0.38304	0.10776	0.75886	0.59374	2.71749	3.32983	2.50011	2.55524	NA	0.1375	0.07428	0.14452	1.07853	0.68885	0.77014	0.42796	0.49104	1.0167	1.98706	3.3805	3.27492	4.11765	1.28744	1.03273	0.9735	0.03745	0.21624	NA	NA	1.29246	0.32271	0.32461	0.25593	NA	0.3105	0.13078	2.03095	1.45488	2.46942	2.75023	2.74598	3.24566	0.73533	0.52262	0.44279	1.27904	0.45143	4.07202	4.34624	1.67557	1.2576	0.83216	4.3448	1.06778	2.24562	1.10259	0.63449	1.32214	0.53431	0.65782	0.75018	3.00453	0.98722	1.05966	1.57972	2.27657	1.46247	15.99762	0.66395	5.46583	2.14491	8.86963	6.79787	1.64389	1.43033	1.42012	1.12767	0.71428	1.12847	0.2305	1.02515	0.14942	0.40528	0.62156	0.13717
GH2	3151.4542	2451.96852	2486.89291	3127.96054	2185.96774	2355.22193	2220.84684	1998.25398	2237.73367	2024.0458	2194.59275	2231.1211	1939.39863	2240.20667	1591.85651	3055.96618	2840.9073	2127.4557	2750.19262	3211.24015	4025.33905	2923.36797	2444.29945	3760.33552	2202.43026	2879.12183	3172.38492	3018.18326	2942.76756	3483.10514	3495.39313	3073.31098	3262.05686	2943.49916	2172.40531	3252.33734	2965.23547	2270.50051	2185.58153	2499.16143	1990.85759	2112.3877	2074.5889	2600.70386	1910.10924	2802.4638	3153.1905	3172.58801	3863.01858	2907.33724	2485.39517	2732.43616	3190.17228	2290.13196	2871.30495	3016.13846	3403.18225	2686.67433	4097.84905	4998.22226	3245.3548	2836.43749	3045.8917	2143.25426	2271.56015	1993.93236	3507.56928	3739.57546	3075.48258	2658.63831	1765.40396	2558.08667	2597.52777	2664.64302	3352.00672	2952.80942	2446.90626	3262.44061	1537.34811	2973.04084	3478.78109	2961.13981	3699.86148	2943.96568	3239.4264	3070.74019	3299.96173	3014.04731	3100.82728	2959.58117	2886.43018	2608.31272	2543.33819	3805.47815	3817.29312	4207.97492	3443.67292	3016.6267	1527.65668	2132.22366	1864.48578	2745.7847	3565.59171	3736.78529	2861.95248	2642.48049	2918.71027	3338.53726	3508.01639	3275.74784	3364.07473	2632.02004	3049.06701	3260.98683	2864.43517	2621.40024	1909.52702	2777.75907	2542.40052	2926.7327	3116.69121	3475.65344	3846.49815	3748.32371	3974.4325	3733.36132
GH20	1397.57927	1116.33438	1016.91357	1521.7232	954.83029	990.45494	958.21632	813.02098	783.43159	671.80434	638.15259	979.05671	990.6543	718.16232	468.66898	1176.64546	1189.9951	666.26386	1145.17798	1241.16133	1599.96189	1247.38301	1053.24081	1686.53412	1027.26171	930.07254	1087.25427	1049.04016	957.5762	1358.19165	1471.38512	1177.32302	1257.85443	1174.8394	779.53466	1644.71217	1257.14352	916.04453	768.56444	1284.93844	699.17103	1046.75656	819.60829	1668.94302	764.88213	1057.48762	1264.46677	1262.05451	1391.64183	1464.45596	1005.08405	1121.08466	1364.75143	977.59761	1284.60384	1271.89858	1568.67359	1215.08368	2033.44552	1444.14974	1265.02151	1042.80114	1110.6062	686.07741	814.71377	587.94022	1837.53818	2082.66846	1357.2416	1297.1439	616.3231	984.71791	988.20353	970.139	1448.70569	1407.26039	1119.97731	1701.00203	814.10524	1461.8815	1654.19217	1320.47781	1921.55656	1091.79228	1182.15648	963.67569	1197.81196	1177.82145	1119.72848	1017.95366	1040.82401	941.437	874.85684	1676.51731	1815.67867	2300.51145	1726.08371	1554.808	818.59208	947.00348	737.11542	1532.67715	1572.49952	1581.70107	1293.60539	623.20421	1000.07397	1082.51402	1242.55857	1047.41541	1252.11434	995.85846	1102.97739	1217.82199	1395.41316	1020.09515	865.09418	1364.08667	1023.82789	1403.03768	1358.90127	1763.03892	1195.86417	1377.17462	1498.16293	1111.79111
GH23	643.4456	620.06881	678.5448	723.84831	557.62448	656.94745	701.60942	599.6479	653.11298	631.12047	740.91662	651.03488	677.66459	600.99894	615.36852	712.82411	627.91005	580.51843	668.30926	745.3538	743.27192	546.54294	465.6126	678.53006	439.36594	681.21188	694.93103	804.08485	648.38568	627.84095	654.48144	549.42699	549.77882	645.43329	615.76372	710.822	763.57158	717.6767	582.63769	602.00515	602.76	691.48086	682.67638	606.8903	503.55774	903.9039	688.89657	674.75245	671.95753	853.10247	822.55393	844.81348	580.64644	538.58042	600.78796	733.41722	750.69783	727.5326	772.45188	575.85076	636.21373	656.49811	629.79316	766.07373	655.32504	978.99613	587.58356	677.23431	629.71485	644.79289	589.75627	515.78841	574.74645	545.68046	616.93373	654.89026	686.34807	713.06753	430.09114	647.82294	680.82873	744.38056	630.92766	806.3164	783.88248	772.8269	795.34978	631.47524	640.53958	589.22308	587.65134	657.72376	655.31165	704.34673	717.63625	717.99755	503.49925	837.3312	535.90063	648.87676	688.00147	711.5735	724.87312	706.45674	660.25346	541.07157	531.30706	829.91984	818.49584	958.03948	689.13432	656.82751	673.44551	744.14899	699.97905	642.02656	522.72775	714.15664	682.80799	711.41227	725.8463	712.9408	560.12091	629.23956	608.58315	588.67125
GH24	113.61846	121.44851	153.49491	324.39457	187.18118	236.24222	227.19021	299.71422	331.98568	308.14848	388.87766	162.69691	139.63827	154.64396	100.78265	177.75269	194.08597	113.07105	182.68486	201.3923	200.32418	330.11417	288.30291	523.03014	295.75361	341.44166	402.48744	460.9775	397.5271	222.28105	232.86937	181.50165	190.88509	196.47269	115.06469	244.37505	282.82696	172.87037	252.29678	283.50097	262.60087	227.78637	174.78289	294.24627	147.70043	297.58482	134.25861	218.24608	224.15316	265.43605	236.64472	255.20034	200.68354	153.16576	319.54797	402.81793	458.09056	363.71047	566.30741	181.7966	287.91709	268.39812	277.21547	501.95359	232.87862	579.17332	299.13135	258.16237	259.36462	334.43638	258.81379	298.07571	275.33784	284.53712	380.80602	469.12711	296.29099	181.71578	129.0983	333.92528	129.64527	185.33969	288.5584	249.71625	195.94496	171.77574	215.66175	475.86437	554.61996	578.27314	410.40254	227.16502	258.67573	286.64664	267.23464	307.78502	217.28444	390.44659	130.58388	158.23477	120.29084	200.38092	226.17209	225.55334	157.85423	126.20453	173.8344	231.46076	338.13178	341.87864	302.27642	199.83484	210.53003	285.40069	282.56749	191.30346	156.82609	241.61281	313.55765	407.83762	434.00741	492.95185	424.6574	370.48446	384.9672	471.03944
GH25	447.23351	508.74335	625.95524	570.13992	583.77889	510.16409	695.64198	422.28835	634.40488	648.86293	763.74894	517.58059	541.94013	520.90822	804.2606	674.06687	597.30614	782.95228	605.08607	537.56611	338.2672	546.54373	461.51087	434.45174	328.68057	610.96961	553.20143	479.73309	650.14261	565.26525	573.41204	553.16172	497.42399	758.64085	729.70676	610.75452	425.35293	583.64499	660.46091	397.08674	711.86822	618.57777	709.24818	455.48002	619.52231	542.00262	657.56725	610.81315	524.70684	569.35285	923.95762	839.95389	382.77724	286.82329	411.95742	480.29539	440.09657	556.0167	515.75774	376.3694	558.39212	529.00193	490.91835	814.7457	563.5729	848.71266	412.16781	374.53064	449.058	372.72456	866.90599	424.20355	427.28501	381.42422	586.06145	430.7452	542.87518	449.34286	541.09759	493.29545	665.19493	538.01883	369.2645	377.56217	380.15207	490.13549	407.46115	427.4086	447.9309	466.84193	513.41444	569.76418	566.51327	470.94563	381.13155	369.36203	354.04144	486.12777	489.04107	647.01194	864.42051	501.64539	467.06383	437.39975	490.80469	737.36556	581.02646	595.5168	480.17743	430.47363	681.62352	686.6769	623.98966	581.32546	430.527	511.17077	395.27368	497.12492	477.07506	409.60463	425.55068	385.83932	357.87169	402.02716	352.4275	339.00036
GH26	286.07165	222.17831	254.67367	73.67291	74.38363	134.71141	115.14048	168.29445	347.74461	326.66803	462.57493	144.56588	101.11938	214.82438	206.26359	226.97283	265.33771	199.40534	196.54413	275.54757	345.97337	260.07216	238.82289	275.21765	192.05767	170.58646	211.84526	195.84807	185.71684	220.60404	163.21965	186.8443	187.54973	273.54506	209.58826	174.06025	216.63578	225.21409	270.94435	109.06035	188.18535	122.80393	184.55141	142.46509	174.07759	95.83506	259.37044	170.27163	274.07415	125.36719	311.57381	260.92033	119.41588	99.17485	186.0178	123.35167	125.26916	122.94856	195.11524	577.52334	218.63986	193.50276	232.00296	453.43077	229.80641	490.24027	226.28703	287.34298	309.54801	218.21811	88.22303	170.96638	194.61565	214.46354	240.92856	171.29879	126.56445	417.82451	120.68148	358.17458	253.84918	141.99497	117.89013	195.67432	201.6021	244.77134	253.47641	241.77571	209.07817	177.06632	227.79317	172.60507	151.55302	254.16631	206.85788	166.39238	143.1906	168.79409	71.8287	155.21694	118.08841	155.70128	209.08797	250.15145	215.93969	204.75321	207.70866	159.90771	184.10847	229.52466	243.65804	187.27724	164.02563	217.50433	212.93904	206.37517	141.13912	251.07772	130.93657	163.71258	219.69229	168.82884	225.33873	156.34542	218.5909	220.51785
GH27	150.20476	171.50084	181.09218	162.22082	119.82554	155.59722	133.80489	173.90001	193.35297	173.44002	105.80899	211.12968	188.74431	256.76627	168.76822	172.97345	162.01936	175.32341	172.06133	300.78892	326.08247	243.94699	119.86076	163.34237	132.28724	156.70654	191.99501	162.27298	163.74323	260.06136	238.61342	182.17575	214.10276	193.04234	138.12451	228.66208	273.40071	198.66285	240.50409	242.59678	250.95424	119.80507	122.68155	172.14795	153.35523	139.14744	285.29665	172.59625	220.68889	215.90228	144.58376	136.98351	277.698	182.58475	219.38572	232.20725	242.48456	213.33138	323.48948	498.10568	365.72012	280.03998	278.72355	94.66088	145.94948	73.68523	250.9765	275.04396	189.15533	139.18768	292.46321	385.33444	330.37492	389.01488	208.79529	185.91172	177.38355	266.37819	201.25268	226.01539	254.26466	205.98781	234.84943	210.78299	245.82583	244.20953	254.98806	183.58799	165.35019	156.99274	179.20405	226.77611	233.43624	186.84446	218.972	267.06376	198.19354	197.82973	162.12147	213.93191	247.96385	274.64603	306.21645	314.30752	254.42757	207.79561	266.79739	229.12806	218.21219	136.89269	274.44538	245.27885	250.17701	260.51845	202.80292	237.20176	171.68723	225.59051	160.79433	170.64284	179.40475	191.32003	299.41939	278.13436	340.58518	267.12544
GH28	462.00134	504.82397	702.60986	1060.92947	739.05658	644.37507	793.94188	643.70893	951.11309	803.6553	1228.33974	617.06969	393.92473	526.90951	485.64742	831.39189	786.68745	561.28646	789.88266	1210.69668	1710.5701	992.35432	864.22797	1506.91419	762.53882	806.95414	840.28964	786.25738	924.64142	1119.74189	1108.63345	837.3493	1023.38963	1020.92375	661.33691	1100.74493	857.39286	855.76426	590.61388	600.11536	575.36704	401.44876	415.22613	428.08507	283.57267	827.10124	811.6962	1110.32761	1403.66142	1066.32567	1063.30996	1273.15651	1287.07014	669.28803	1294.34765	874.53283	1182.76837	994.82452	1650.76585	2175.25213	1084.21663	949.78006	1016.12713	973.27872	654.74607	1039.26653	733.98716	660.41242	432.67172	387.38171	517.75869	825.31146	883.06246	824.46459	1090.69673	1066.98725	861.50487	819.82606	448.23709	841.87358	1038.70268	933.3388	1473.676	917.60774	874.1448	810.89396	909.78014	1041.75051	1070.09748	1178.75513	980.506	1038.45909	861.89876	969.57938	902.61155	1270.37891	1131.0412	1016.46117	467.45984	624.93981	551.66657	1143.46488	1610.91092	1744.85737	1115.2936	661.50066	849.44797	1195.0843	1395.96511	1018.74891	935.87338	527.6093	850.8805	911.66387	983.64026	878.20017	589.80566	1085.26869	830.17727	1082.54664	1056.6065	1474.23232	1347.36931	1261.31567	1086.1654	1467.81069
GH29	696.06677	496.15264	549.95678	787.36738	471.5754	485.0585	460.08106	519.10872	542.07032	488.62594	484.73962	399.80488	282.05094	317.50177	300.76324	691.67906	628.02888	398.9446	624.5082	655.85481	934.47774	657.42516	541.13011	846.98176	513.3758	544.6188	546.09375	481.35825	485.52011	895.14654	968.17956	730.5594	739.64601	685.75074	473.82284	966.26006	583.54003	521.30102	419.28636	727.64003	413.41829	536.3606	530.73672	715.35675	551.59068	643.84057	693.67008	766.93163	767.69643	726.77659	516.80927	585.14153	817.8733	615.66837	816.16534	662.7323	896.50732	646.42486	1063.36607	781.05067	637.36152	566.25903	587.18004	413.37455	391.05306	383.77804	678.33399	794.68373	630.49504	593.19281	358.44732	503.47152	489.81216	480.3252	855.43773	819.29619	674.31677	585.33198	348.60614	448.45053	639.27894	737.31391	1029.94805	603.98206	681.46193	539.02459	573.5715	571.19025	600.04069	608.14975	526.33863	497.29964	519.64027	901.67636	992.05069	1195.22654	844.49089	1126.89507	568.87464	647.68822	450.80649	775.73012	866.64283	922.65578	726.86299	474.7725	604.86861	764.55845	878.50013	640.0467	749.1129	507.3223	786.34802	770.24977	662.16984	479.69995	429.41947	714.37063	616.36438	740.54782	695.00993	971.47919	760.54901	755.82165	814.15339	729.53952
GH3	3116.29005	2221.1081	2113.3717	1860.27046	1688.99253	1724.77532	1613.25475	1255.04706	1548.35835	1668.42364	1681.75339	1742.63028	1465.85923	2008.71566	1604.85084	2159.35205	1919.90916	1603.34363	1902.64904	2579.80413	3004.60262	2044.3338	1749.49391	2809.92254	1555.49806	2477.1232	2719.04238	2697.8138	2571.16848	2549.31844	2229.52073	1951.6663	2359.71023	2094.32938	1700.04683	2126.79306	2631.38382	1719.65977	1823.98892	1702.49926	1812.03676	1462.61384	1618.11163	1586.89747	1416.35514	2034.51179	2550.75703	2474.31798	2963.03096	1997.49137	2149.8695	2364.93353	1965.29129	1501.95113	1957.67619	3122.54955	2822.06019	2222.70077	3043.68511	3985.00273	2852.67848	2353.17211	2629.02593	2118.39419	1874.52322	2205.00897	1722.21433	2063.10426	1464.1872	1141.90757	1379.8965	1780.23206	1933.92548	2111.27753	2617.10684	1997.58708	1414.19742	2180.30757	1209.41677	1894.60033	2685.76929	2545.09653	2349.46617	2096.5934	2445.39327	2660.66624	2723.09654	1820.57473	1879.41187	1659.69945	1872.21115	1905.58219	1908.17526	2681.34129	2750.37343	2375.11627	2131.04436	2037.45647	991.67366	1510.89018	1407.43103	1689.57294	2015.91449	2158.47339	1847.14106	2782.60997	2557.96875	2565.70096	2644.35469	2859.9666	2450.29278	2010.07428	2218.59927	2343.56449	2509.88286	2224.44837	1445.51466	2353.83978	2428.88427	2232.79763	2750.6784	2386.07116	2529.29009	2330.3364	2586.26322	2441.66319
GH30	32.89607	35.27556	34.12541	30.12773	25.24118	37.9458	35.60033	28.80977	27.73445	33.24957	34.21679	23.14199	12.92792	16.40352	12.73666	46.07651	57.49681	29.25481	32.47017	55.93232	95.24502	21.3326	24.52376	31.93822	18.27009	35.55591	39.02259	42.22657	41.10171	35.0917	28.27564	19.60709	30.15044	37.22273	31.73464	42.80186	25.13526	20.41276	26.97025	13.57454	20.55465	8.80694	8.56774	13.26538	6.61066	22.51604	29.59837	37.89355	60.87582	19.42393	27.31861	33.46121	44.06564	16.31604	28.30295	34.27236	40.53356	30.61523	95.96655	167.75753	46.3809	48.08487	66.09418	18.80645	61.15421	19.64135	50.61228	32.10101	4.00911	9.2471	11.29642	27.44185	27.16684	34.40722	164.53159	98.383	46.44543	14.38204	26.75453	19.43711	10.82622	68.45544	82.19388	26.4448	34.0159	31.84193	37.17979	15.802	25.28601	22.9378	25.34866	52.48261	62.76887	30.64478	49.9183	69.16998	63.91537	14.55686	8.57946	25.36243	22.81037	37.06329	56.60894	70.96768	53.69577	16.8129	34.1418	43.37098	33.5556	29.99177	37.92668	37.54218	38.44789	46.1525	30.84777	63.05167	32.32106	50.72276	36.1177	41.80044	74.80088	79.12295	42.86949	41.53842	43.6491	42.14486
GH30_1	3.42798	9.35698	16.70524	10.02858	6.99463	4.10045	5.54824	4.4206	5.87278	5.55683	3.9371	2.53504	9.1679	7.13895	12.95772	8.7583	6.35105	5.72646	5.40179	10.18002	5.58126	11.09693	12.50567	10.60753	7.7593	14.71696	11.19599	7.90654	10.91817	8.77314	3.7758	3.42156	3.55654	5.3893	6.16512	4.31942	2.10458	5.83734	13.82786	7.66792	13.92124	5.98078	6.62807	7.07021	10.3073	9.86123	13.47549	10.92874	8.92849	4.31217	4.04022	3.97972	7.56207	4.23234	10.00843	18.74014	10.50672	27.16773	12.77382	5.43551	4.70075	3.30086	2.4611	1.66455	4.91524	2.83636	3.95334	5.57431	6.55349	14.54901	9.60393	3.48768	7.60892	8.52295	16.156	10.95216	11.33923	6.09426	4.04241	1.85083	3.37033	18.38468	6.66506	1.96961	8.52627	6.98442	2.26018	4.13956	5.33024	8.56261	5.82317	11.65596	8.36866	4.68261	14.05221	10.45636	9.10254	3.26176	5.70952	9.30804	10.31247	7.04757	2.69368	4.539	2.09985	23.43593	20.14554	6.91286	3.42201	1.03632	14.53207	22.56233	12.89489	10.40596	5.67025	11.43213	6.78715	5.40958	15.50909	7.12573	8.42621	5.61664	6.47494	9.04096	4.94788	4.74217
GH30_2	21.80716	25.20282	27.07186	37.1251	29.0467	45.82736	32.14306	19.93302	21.39985	22.23012	21.90596	34.71233	14.60091	21.63847	17.99787	40.57425	37.03197	21.49703	29.8252	54.46506	93.60724	71.81607	91.24982	113.49977	56.43082	32.87971	37.37978	37.78171	39.56636	26.79538	15.43251	7.12719	15.53236	36.1707	11.06734	14.86932	11.69015	11.0587	22.01356	16.50121	11.81855	3.38354	4.16078	8.0765	1.24901	30.07769	67.69637	42.84953	51.35069	17.85989	26.12628	23.27435	43.00309	20.54699	29.98124	12.9223	12.82511	26.30525	10.22873	303.09116	81.39521	78.62327	82.14278	18.14469	37.56653	13.94966	12.32409	1.91592	7.35226	12.92396	14.56898	37.45069	36.86845	45.55051	48.74969	35.95796	28.85423	83.76349	35.6408	95.48175	110.65713	42.32485	83.62207	40.64031	37.68518	32.4473	36.37519	25.28826	28.23198	25.99509	28.31781	34.84897	40.21521	80.23723	63.68303	78.05774	70.97624	48.33483	11.28173	23.60653	18.24155	57.20873	80.84609	93.81412	59.196	13.64042	15.30302	23.08309	26.37166	29.25913	44.76328	39.64988	90.58484	71.64591	92.04082	55.88867	37.05452	100.58521	32.51863	35.7333	47.2079	41.88907	50.72575	53.97511	15.8881	47.01958
GH30_3	72.88574	36.82579	25.85815	24.11752	27.08964	35.55551	28.61521	17.97996	53.18466	64.34277	129.52278	37.5081	13.91659	33.39649	14.63728	18.97703	28.64503	10.99397	20.24956	49.16144	79.77745	56.03759	46.88739	62.4747	41.42894	36.34509	47.45267	48.43932	46.73047	37.91237	28.80676	25.38711	41.21389	24.21102	13.43321	20.82812	40.37666	13.22419	15.27538	15.55838	12.32626	13.49564	7.45777	23.94423	10.75802	21.29019	31.19092	42.30895	63.89648	56.5962	93.84096	115.5343	37.79803	29.04774	32.87765	51.5984	50.82253	26.14576	59.37044	122.07749	32.97867	28.26527	34.59711	16.86488	33.97681	11.12695	42.11575	51.0048	53.05001	32.62856	8.50542	38.00002	35.09054	47.12009	43.53554	28.19941	12.19975	91.28554	24.69244	92.78925	56.03721	35.89448	54.1345	35.59723	48.22104	44.34723	45.04701	38.10606	27.6997	19.44845	34.42603	29.40573	23.18456	51.27336	53.02461	49.6275	53.95223	12.29954	5.58772	11.65777	6.80134	26.9506	40.0122	51.51823	36.56861	18.76121	29.27433	40.42598	57.59626	62.21973	39.6333	33.28564	35.56246	47.16473	71.67856	34.46884	21.74536	73.23209	28.06792	33.67346	50.10212	41.08148	65.30666	50.88338	71.17381	62.05709
GH30_4	99.7804	60.31955	56.16424	88.63	57.87344	59.13955	61.15239	69.31023	146.454	146.87856	276.11304	69.88233	30.95517	55.89416	33.10046	71.61648	79.89131	49.60143	60.68439	112.3996	186.11273	82.40752	59.93129	116.80217	57.07371	83.7786	88.46077	86.53413	89.81375	158.59473	149.88118	99.14303	122.48487	47.47508	33.70424	41.19506	110.52962	44.42284	54.64469	65.91655	54.10497	37.60383	40.5698	68.58288	46.2087	72.09228	92.81678	103.07877	146.08146	59.34458	175.30366	191.48488	133.58291	73.19495	99.93018	99.10142	142.20406	69.61818	178.19421	315.32242	90.02086	91.23965	93.96706	39.77704	61.32344	30.90928	41.83465	47.68271	10.70484	13.99184	66.34898	94.59485	83.98968	87.39952	81.48488	97.22816	89.64688	43.63423	20.53228	50.19496	63.99347	76.229	139.42109	92.76178	92.63017	85.51651	89.24853	49.63399	59.84947	42.07175	55.11789	79.15974	61.5397	127.65124	120.74313	141.84793	121.57816	54.09896	24.37767	39.40647	21.0659	79.70596	108.81119	150.16009	93.80573	58.26899	87.9527	97.04467	130.52743	89.9149	120.24686	64.00165	70.40743	91.998	70.63115	60.28393	41.7276	73.17093	73.10245	95.21752	101.59104	161.51897	95.47898	76.22075	88.00363	93.89489
GH30_5	2.63667	6.44954	8.29371	8.97739	9.60595	19.28679	7.11249	1.13548	2.08234	7.35222	4.28118	2.54699	5.34026	6.06479	7.93699	11.42174	7.97015	9.33391	8.77909	1.44836	6.62908	3.60058	2.36803	1.06179	2.5136	3.11408	1.67917	1.16221	2.18255	3.02182	6.32668	3.50454	2.12476	1.82649	3.12805	1.57705	2.31055	2.99162	5.13091	1.9437	3.84816	1.09387	3.79243	14.32697	2.99944	4.34618	2.76615	4.10753	1.70711	3.15058	1.75738	2.72449	2.68775	4.30863	3.79922	8.3355	6.95615	7.45052	4.60265	1.51972	2.0788	8.11665	7.57816	3.29461	3.49613	3.70936	25.53672	3.84682	5.22514	4.35492	9.22817	2.59859	3.42316	2.59943	4.47661	4.93776	10.24111	3.01533	1.97321	4.84762	4.14522	8.71917	4.84195	2.78065	6.86482	7.94377	7.70569	5.11788	5.78515	9.72998	6.07831	10.34814	16.2146	0.72582	1.28255	1.05089	1.09225	2.71001	2.85569	4.77772	5.77542	3.60635	6.19791	4.34154	4.9765	6.81088	3.53547	9.16865	6.40407	5.44088	3.02044	2.38001	3.01394	2.80606	6.57285	3.30335	3.7431	5.30708	4.66592	2.28482	4.49549	3.78709	1.61175	17.3483	4.96877	3.53066
GH30_6	4.32822	7.99837	4.94541	26.76515	11.12822	12.65864	15.12443	21.72319	29.25417	23.96842	20.24692	11.10685	2.77018	7.09289	3.81214	26.02499	26.08688	14.38162	17.70948	5.65246	10.45882	8.21919	7.85674	16.55738	8.80025	20.70546	29.12545	24.7506	28.49044	29.00733	32.40745	23.24883	24.898	12.5032	12.94497	12.64324	17.49668	23.74676	10.56252	32.01844	8.24655	6.37215	8.71099	8.96322	3.09294	23.03241	8.0065	19.60307	22.24898	18.80201	2.31651	6.24474	40.09805	16.83238	29.06221	17.29551	36.90703	17.71442	28.53939	18.21598	22.72221	21.92091	23.92845	11.5302	10.08612	9.02239	NA	NA	NA	NA	8.76089	20.48564	17.8469	13.22563	NA	25.71329	34.71712	NA	NA	0.40183	NA	12.65832	53.03572	4.29471	8.08906	1.88431	2.59911	10.85409	20.55873	16.20326	11.6029	14.77377	11.478	44.72018	44.57638	72.54224	62.09019	3.66034	0.84116	1.10372	1.12801	30.90378	49.819	47.57507	26.05254	6.40347	10.32017	25.11975	30.97006	17.79632	27.13804	8.31869	8.61373	17.26705	13.17651	7.37205	9.29419	17.04278	7.13707	16.71137	10.09743	39.56386	21.10287	24.89337	37.22498	26.2198
GH30_8	8.54392	7.77822	10.67174	4.32409	3.56399	11.55501	10.6075	3.28128	2.78159	2.37393	1.1912	2.0882	2.41234	1.41355	1.28808	12.0829	14.59652	6.74212	6.44202	22.42661	44.38848	3.96127	3.19102	9.60739	2.67601	7.33858	9.39629	6.78992	8.1695	10.05802	6.28689	3.56525	6.9503	11.88517	11.97582	11.32883	3.24155	2.31329	10.19379	2.5148	5.73029	NA	NA	NA	NA	3.26644	11.76057	5.9734	13.72094	3.57463	6.74375	6.24249	2.52727	1.01732	4.47153	6.33817	7.98398	8.29043	33.2854	74.35091	16.60398	17.14613	24.55879	6.9357	25.63735	7.60786	NA	NA	NA	0.49617	2.0435	8.72681	5.95473	9.16921	57.59843	35.36041	13.89514	0.65896	2.50859	0.93126	0.03789	22.86516	22.67953	4.14522	5.72155	3.72166	5.94093	4.80461	5.23521	4.90781	4.75717	14.67177	16.96845	1.7454	10.6099	14.50719	21.68171	2.83549	2.53324	8.12145	10.64095	10.82879	12.56554	22.22422	19.95226	2.82865	11.99071	4.27056	4.26064	5.0435	2.00218	2.1171	6.25204	6.46903	6.97826	18.42207	8.40736	15.45138	9.32234	12.40025	28.71794	18.38586	10.46251	7.02856	6.70863	13.54555
GH30_9	0.03679	NA	NA	NA	NA	NA	NA	NA	NA	NA	NA	NA	NA	NA	0.00786	NA	NA	NA	NA	NA	NA	NA	NA	NA	0.03962	NA	NA	NA	NA	NA	NA	NA	NA	NA	NA	0.03203	NA	NA	0.01492	0.01314	0.02338	NA	NA	0.10888	0.14231	NA	NA	NA	NA	NA	NA	NA	NA	NA	NA	NA	NA	NA	NA	NA	NA	NA	NA	NA	NA	NA	NA	NA	NA	NA	NA	NA	0.10406	NA	NA	NA	NA	NA	NA	NA	NA	NA	0.01351	0.09678	NA	NA	NA	NA	NA	NA	0.04063	NA	NA	0.01371	NA	NA	NA	NA	NA	NA	NA	NA	NA	NA	0.26362	NA	NA	NA	NA	NA	NA	NA	NA	NA	NA	NA	NA	NA	NA	0.01838	NA	NA	NA	NA	NA	NA
GH31	1114.4084	814.55971	822.28869	857.71512	673.99628	771.67431	787.22546	505.8808	572.54951	626.49949	580.82095	592.24163	547.90881	702.31667	676.2182	901.69635	818.82981	658.7131	786.37487	974.82865	1214.19166	766.51031	670.0957	985.76162	557.63537	949.16114	1012.52554	974.91351	970.96906	989.44983	1001.3427	825.60972	901.04324	779.06755	656.80168	803.24676	973.37608	758.55058	682.19034	645.87739	656.96521	590.56005	687.10043	632.6721	513.13827	886.27133	900.9541	1009.18348	1149.0019	810.7629	813.33955	875.29379	937.6374	658.06025	894.36674	1085.12613	1072.53698	804.67174	1269.72467	1220.57391	945.95356	839.29058	900.9227	796.98356	776.48386	830.79586	860.26613	885.56828	748.43408	573.53435	714.90783	736.46201	757.53449	757.60115	1110.07504	807.31562	646.07164	824.72883	596.43179	686.3594	924.30836	1143.16073	1109.87921	796.03848	966.97375	922.91651	877.02225	704.79881	738.81997	682.09613	688.60144	741.23735	765.5601	1080.14522	1069.95283	999.33108	858.0355	878.47235	517.14335	706.01861	696.87818	728.58715	804.78121	883.98177	733.03103	897.44852	840.71684	893.89592	887.71602	947.71945	1021.11093	775.91321	1031.71924	956.34131	933.98037	842.98277	629.76207	913.27579	894.04507	775.6996	952.61009	916.28764	1018.17721	1004.76749	1022.54186	976.07974
GH32	601.07378	406.09731	406.15808	469.84163	383.20349	448.48631	387.45529	238.27485	358.4612	460.81075	469.38855	312.1879	316.57288	410.97897	443.13993	542.48791	429.32497	479.37914	479.39371	349.87731	365.35865	435.86603	391.44355	536.53115	314.54624	596.05735	572.33474	534.78333	523.15167	628.23711	595.00258	491.10372	533.20622	403.95527	490.23193	453.81206	389.39296	473.7194	350.79822	284.09197	339.19298	629.87873	625.93917	374.04189	379.00747	524.60893	447.18343	555.73033	499.25704	500.17374	633.23572	640.65503	434.71015	349.15119	485.08915	687.03025	634.86787	490.06239	652.61675	391.60601	385.5659	428.51831	474.98628	340.1286	360.80715	318.83477	362.52243	395.98979	408.12859	218.45915	403.69771	318.18193	360.28491	337.58445	552.46628	421.97375	375.20933	478.51243	276.57067	369.28357	512.73096	770.72273	517.98241	449.55021	554.64778	604.14989	471.03587	342.02788	370.65037	392.27029	357.93865	345.59987	353.56998	543.36451	501.61213	446.54386	426.30965	457.55837	223.40489	337.98545	356.77612	344.39148	394.13471	418.66317	400.17862	602.37208	431.53437	458.94888	491.17204	451.72303	594.26732	481.17911	588.45962	510.50754	509.16935	386.75005	280.16462	493.60967	653.20075	525.71289	549.79324	582.8741	534.09503	456.67657	526.50597	517.89662
GH33	390.20169	269.65773	235.47622	309.67976	173.28218	203.71952	199.87289	205.41504	195.64934	146.12374	129.45258	210.8031	132.65195	145.62023	123.73268	331.99453	338.97754	192.63253	323.90554	253.26889	274.31332	239.56528	147.30111	261.82211	159.26454	245.70039	263.25866	235.84423	248.43658	325.40291	369.78338	303.54201	312.5954	312.93049	176.37102	313.25625	156.65623	155.53705	209.33144	359.72998	226.39255	277.53738	229.79811	439.51055	215.82162	206.74606	337.67678	260.64514	352.07495	295.20649	224.42637	288.6213	337.15281	230.52762	254.28462	163.44894	215.19915	219.76792	388.5044	335.00347	244.25295	214.29476	244.31744	117.25749	178.93888	88.81235	388.98835	482.18209	261.68849	259.45163	197.68011	241.86846	225.73509	251.64024	409.22886	395.71007	328.09752	395.12673	220.26878	365.3023	518.05925	272.07415	385.07207	232.42087	255.42365	218.75053	267.77206	271.76023	283.81367	261.26383	281.386	321.29186	277.13059	366.31687	427.58359	514.64857	399.90818	302.99925	168.10099	215.0907	135.41359	383.94976	393.25472	392.63822	334.95681	130.07057	225.67767	249.20571	303.77527	305.42383	334.35833	240.65885	205.25065	267.08584	344.96516	242.74949	182.58042	343.73783	270.28108	362.41939	346.31445	496.74144	306.2393	370.79187	335.86347	301.94857
GH34	0.13492	NA	2.30886	0.66233	0.27082	NA	NA	NA	0.41733	0.44275	0.44862	NA	NA	NA	0.06057	1.78582	NA	0.14772	0.66843	NA	NA	0.28479	NA	0.22696	0.18342	NA	NA	NA	NA	3.06651	0.50571	1.75549	1.52262	0.33319	0.4756	NA	NA	NA	NA	NA	NA	0.187	0.16704	NA	0.07983	1.50596	NA	0.20571	4.75583	NA	0.77719	1.02685	0.55381	0.23894	0.7739	0.21462	0.94782	4.91679	0.14962	NA	1.56441	0.46012	0.50102	0.08431	0.48159	1.5975	NA	NA	NA	NA	2.24385	0.43574	0.15011	0.48004	NA	NA	NA	NA	NA	NA	NA	NA	NA	0.0843	0.46967	0.46065	NA	NA	NA	NA	NA	NA	NA	NA	NA	NA	NA	0.42305	0.68705	0.21447	0.99206	NA	0.19787	NA	0.074	0.14604	1.30632	0.98401	NA	NA	0.86538	0.37329	NA	0.37975	0.33909	NA	0.08754	0.0942	0.62593	1.4614	0.6273	NA	NA	NA	NA	NA
GH35	248.6821	155.41798	187.25353	269.1371	174.42563	154.54463	155.39791	165.74284	276.22393	288.38278	397.08495	166.43008	107.9493	168.53769	140.34873	232.92895	237.34862	131.13268	225.10297	197.89745	255.75314	205.96584	175.12849	275.86244	183.04459	219.4311	280.43442	270.37107	262.52517	350.8931	366.35303	290.72043	312.91529	243.55029	113.82516	285.47119	290.36413	223.41896	141.5756	271.38748	154.78437	173.32752	161.29071	334.03263	226.20128	192.73253	352.50195	257.09414	327.33731	174.7334	289.13968	277.49121	274.59241	205.24685	239.91326	266.87747	317.04881	213.3097	504.0839	447.09593	302.69651	213.14649	233.70951	209.39965	162.03073	208.80863	408.6167	467.1379	208.57069	146.81934	95.72821	150.55806	167.44803	188.61205	209.4047	187.09142	147.06427	212.06737	108.67243	172.02838	294.38848	232.26389	268.71418	164.69262	219.91402	192.96923	199.17666	203.26497	213.12816	211.68887	185.94138	243.30607	235.75643	270.1413	297.55528	347.39988	244.90322	266.68293	152.89923	182.06684	159.29694	201.52497	204.92033	217.84735	179.23254	145.02749	221.44691	229.25804	283.18627	286.51378	194.96151	175.04222	234.01649	235.41482	173.28541	158.07883	123.48727	193.17101	157.97087	212.03296	220.64502	211.52278	236.96964	262.4882	285.60616	248.22356
GH36	622.60424	555.88893	580.29727	555.85574	484.86548	481.19251	453.36584	456.90327	573.76659	633.6143	737.38778	504.70101	466.98407	499.52121	505.42309	639.93298	605.79359	657.7492	606.70936	541.58288	545.53347	489.21976	403.53456	468.07484	323.61353	556.60471	605.33905	566.22318	583.88612	616.66396	635.64224	496.32362	526.58855	681.41572	528.06937	624.29821	516.72567	524.66933	442.03532	440.88626	429.62087	598.43088	655.31915	511.82734	527.49555	536.43719	697.30811	599.73018	649.42398	526.28802	787.25749	752.35514	475.60034	359.94684	405.3502	500.49707	459.44486	492.06352	526.56467	523.11588	480.70683	472.23243	526.86234	740.61061	535.37737	813.66465	523.05844	654.84006	546.96035	460.77183	460.39266	491.42533	514.41459	569.28168	696.79846	481.22945	440.12855	699.99122	418.07483	648.88733	776.59025	677.19974	520.71635	468.3907	541.66587	523.01489	530.03148	429.33274	448.66824	399.66105	427.11802	423.52174	451.57101	597.32944	627.2885	606.64016	490.43837	502.47764	324.83406	473.84465	445.08645	542.77675	625.82099	619.48064	552.90834	734.158	546.62835	540.9639	553.8349	507.65363	572.80543	536.75038	519.06949	548.97688	578.78871	579.22239	436.89881	592.50497	618.6713	527.39179	538.83546	545.55695	454.70897	463.81252	437.82446	455.51612
GH37	13.09651	29.17501	20.59646	11.48172	7.09525	13.83993	18.38104	13.65688	9.50541	9.37557	7.52518	17.38068	14.38594	10.15717	6.52804	6.94635	7.47087	4.76944	5.59494	7.67024	3.54968	1.32801	0.83804	1.93997	2.10968	6.77523	9.86931	8.73948	7.57265	4.29522	3.81148	4.16801	2.67344	10.07289	7.99639	9.04974	7.42189	5.79698	9.42353	9.25796	14.13603	13.53729	11.29438	14.92017	7.91517	74.77299	6.70912	6.70705	6.80335	7.29278	1.0574	2.27192	13.83235	18.42385	8.54623	10.37865	9.64622	16.44359	11.75216	26.18006	33.11768	34.12332	29.73925	11.22635	19.23166	9.83792	29.41758	31.34981	23.21852	41.05636	9.06988	20.03045	25.56864	39.0378	1.77633	1.52209	4.14391	8.36551	2.37667	8.17598	2.82156	12.9494	3.42348	18.87816	11.16903	12.43225	22.3118	17.3947	25.03673	26.95544	12.66332	51.20633	57.70001	14.85022	7.90574	15.01188	5.94892	9.59937	5.80838	10.23956	4.76778	30.81546	44.26108	35.52061	31.45012	9.34204	9.67622	3.47467	3.75882	7.91512	12.92418	26.00649	15.77192	15.75278	13.34838	20.17573	10.22775	13.76213	3.68216	6.32789	1.59927	1.21023	6.78697	11.80472	10.48322	2.27221
GH38	239.86365	190.41852	173.41665	137.22111	114.31683	205.68654	125.471	103.04984	88.79973	106.1451	64.35106	164.60054	258.36459	167.36929	123.87378	299.87408	282.56406	221.54857	306.58872	295.16481	304.70657	287.51599	160.89211	202.6851	169.72652	202.53296	228.94174	282.88701	206.76313	190.4044	179.1293	176.71475	216.92719	147.38224	146.33018	190.95397	197.83986	108.29208	151.69839	204.61993	196.04822	213.98996	193.25124	288.37941	293.16476	142.27464	204.74896	169.35032	179.62213	152.3887	135.78315	113.02638	145.16482	138.3777	125.78621	209.26659	169.42691	168.26577	151.72476	163.69072	276.90054	198.82218	191.44378	78.63985	154.96014	50.77695	168.47363	206.29141	146.4579	147.51101	207.87304	168.85971	158.17031	161.46666	169.34315	121.60114	111.23429	378.94628	189.66259	325.24272	216.67814	196.70267	115.62058	151.15969	216.23603	185.62318	160.22585	151.70699	120.22218	91.1571	117.30438	116.06378	130.80285	182.30685	186.03107	139.04027	132.77149	125.71972	138.34301	168.34736	223.37519	103.99008	113.63482	116.37966	104.40503	113.87606	152.37269	177.50829	159.59842	211.93965	243.95002	238.3324	182.84404	191.12739	219.01505	233.31412	145.32534	174.92196	181.22964	143.61548	211.53265	128.93142	156.97854	161.07073	190.33673	152.33843
GH39	57.76768	91.23325	103.84276	44.35564	34.30703	40.31933	31.14503	59.94773	50.38108	54.99508	45.33114	86.50539	51.99135	61.1802	95.32283	106.31997	116.07305	194.43503	105.28762	53.24153	56.13384	28.42155	37.82458	35.83135	22.30782	43.23119	43.57197	35.46562	48.67049	50.57965	39.15983	20.808	39.81282	35.19162	59.56063	15.41211	105.69282	110.18203	65.22338	67.50359	68.45304	104.9023	143.59997	82.34148	118.39503	139.9341	71.60654	106.24697	179.65063	41.78215	18.73674	18.63131	66.40593	68.83783	32.27664	51.24869	34.41536	57.8611	32.85441	56.86064	93.93894	69.61752	64.32573	52.748	70.52876	42.61464	74.50902	64.25683	60.59968	194.56108	36.17253	63.45882	83.54601	89.9192	85.1227	48.05956	35.45579	34.88705	19.6262	43.38747	49.62452	65.26858	25.92152	60.15912	67.24503	69.01648	68.22308	34.23157	52.27153	72.66717	50.55088	78.70659	90.66482	67.50947	116.80526	38.27202	14.76872	144.28047	104.60983	143.29225	99.38843	45.64264	32.52243	32.82396	22.49456	101.59075	74.7867	82.57235	57.72258	52.28513	57.73299	44.91634	90.63622	68.4412	98.07215	152.35532	88.64027	112.07022	78.82312	51.02778	47.25992	34.33668	34.24535	42.48211	25.76869	34.88967
GH4	135.81172	142.65479	130.5717	157.11682	123.49044	93.85722	102.55345	93.70347	122.87063	154.05452	162.9036	119.87011	137.76598	146.74695	148.46914	133.75157	89.70099	142.06563	118.83711	126.16399	73.45391	114.40152	74.46711	55.8279	72.11854	124.01235	112.0558	104.45008	111.87944	92.12841	81.21834	71.82626	62.22271	115.50226	115.24372	117.77002	102.27442	112.42416	140.50097	160.80354	185.05693	275.90286	204.36715	185.81016	213.77003	215.44753	123.21068	138.29488	103.554	101.69024	155.30847	140.92876	66.51132	62.32767	55.23143	86.77295	57.17031	101.54216	63.00698	124.94446	205.81283	207.83622	186.82249	126.42846	90.53664	123.92558	114.74319	98.87182	149.18117	139.61141	183.32428	111.78563	121.71246	109.74574	85.19641	71.58989	115.57197	137.11542	121.51757	142.99557	100.64417	163.12646	66.96824	106.10053	134.55428	168.26302	165.5812	63.99258	83.336	111.37144	72.81295	174.38514	231.93864	110.26849	92.35569	69.87545	41.11196	112.98512	130.00447	158.04273	185.98017	111.50789	118.54058	109.83391	110.89214	205.62952	186.22488	107.60272	76.24459	71.51002	171.90564	167.25456	156.65004	105.27138	89.66791	144.89493	106.19807	83.97036	196.42843	134.51652	132.46439	86.10073	104.90744	114.35973	111.59798	101.08313
GH42	286.94821	237.1043	265.46365	191.85251	184.92399	256.05655	217.44521	107.50714	115.38318	195.70047	136.16128	114.04653	127.21729	155.16386	203.08627	274.56111	224.24388	255.84487	232.93451	220.53784	248.82879	179.26386	164.23486	173.74317	117.62216	297.89901	293.70476	263.29498	287.34547	284.54246	261.94888	145.98677	209.93669	227.65763	251.87586	178.83309	206.64201	219.56263	176.59594	133.67824	182.96238	197.15429	258.11919	119.90832	159.84908	267.03043	360.18397	272.34989	300.57088	146.14772	109.53477	117.47236	219.50891	148.6209	170.98163	281.40089	229.62915	219.69344	279.21464	231.94483	237.28629	245.17554	263.55446	89.98697	144.62445	96.97493	219.8103	189.12697	165.92418	151.42511	184.60653	118.79109	149.72827	137.57754	296.4827	201.12823	226.51944	263.04307	187.88189	192.90063	274.59945	300.28776	199.09394	219.87547	256.32458	305.56064	270.54882	138.02214	146.98319	159.54678	141.29952	162.79281	169.62779	237.72945	247.86233	208.77212	201.95018	164.42116	115.95114	156.88903	177.43647	203.14129	203.36953	213.74347	162.33875	379.45201	246.01544	233.12117	228.81372	204.81667	251.44707	207.84289	270.62704	244.6005	194.05486	242.83935	174.65947	216.1512	308.89074	192.89317	272.33034	247.94067	246.96348	234.09861	211.1228	250.02244
GH43	3593.23609	2292.77513	2537.02367	2632.77998	2160.7316	2403.18774	2168.33793	1698.13013	2368.48992	2376.57097	3214.88778	2172.82016	1213.01651	2236.83527	1688.61999	3241.29262	3006.93809	2047.01932	2719.87567	3148.36916	5213.74997	2832.23072	2578.07571	4436.58601	2217.02607	3301.14697	3621.28331	3505.53878	3562.88133	3502.26165	3334.73136	2346.06305	3234.11608	2601.87803	1906.04784	2257.60664	3983.6115	2500.50555	2081.00203	2139.00493	1915.75006	1334.21242	1620.28409	1574.09068	1153.34391	2381.27916	3255.99691	3134.57935	4068.12388	1944.13466	2442.94611	3031.7091	3390.58734	2229.1336	3392.41843	3585.1803	3987.66543	2910.24495	4668.30083	6824.64765	3437.35509	3218.22504	3480.44037	3007.89418	2518.23284	3094.49568	2501.81783	2508.96705	1524.95465	1239.74966	1287.90485	2293.6333	2475.74455	2606.16652	3241.20646	2919.10053	2262.66922	2538.04417	1245.78359	2270.60463	3341.45025	2777.76881	4035.505	2920.31205	3325.15238	3386.03225	3234.53884	2997.61267	3230.11969	3248.58658	2962.07704	2873.89087	2948.73024	3338.54646	3518.25241	3630.80763	3563.60443	2386.31684	1183.48053	1754.70774	1550.17433	2357.60366	3286.94889	3734.45741	2575.2685	2627.72645	2971.36261	3509.98918	3962.34495	3908.24332	3096.25591	1889.56413	2893.21883	3180.1274	2423.76679	2504.11385	1857.66281	2975.6319	2510.38015	2454.72154	3317.94634	2982.49466	4765.54626	4048.46246	4386.52297	4586.31192
GH43_1	23.00358	21.40383	38.14053	58.0269	37.58644	36.95315	34.33263	39.72816	93.26076	84.50236	162.34439	39.87577	23.39831	26.75354	22.92339	55.21792	54.69649	27.4783	50.77163	38.14774	75.50795	60.49563	59.09763	113.76726	42.67181	29.10672	26.47124	23.33067	30.73036	97.07619	95.88983	70.87191	87.43135	46.83285	24.25107	52.5561	95.43866	58.0015	30.80966	30.53151	29.79684	15.93343	19.08963	33.09327	12.88605	20.71672	23.04134	33.76429	53.61791	40.65852	80.55862	95.23823	91.88803	39.92491	118.7622	71.80413	107.45471	61.85076	118.46653	99.14631	48.95553	45.32806	52.64952	132.48432	54.14385	147.12675	41.27294	29.02045	15.14289	21.24966	14.8756	35.67698	38.6734	25.24766	53.03026	34.23408	14.09128	41.05	21.87128	48.99892	52.60778	46.70959	105.77789	42.45148	31.0246	31.78366	34.28138	84.13177	99.97586	97.30871	64.56998	72.92583	55.82768	55.0632	62.52847	90.41219	83.96609	65.85582	20.22461	23.73672	18.06447	61.62524	87.6383	97.87799	56.30687	26.44571	31.01558	51.36504	66.14861	51.07518	50.58309	21.35354	46.77001	50.91736	50.61742	31.48934	18.78265	59.78809	29.88555	44.85155	50.40075	84.47003	63.08989	51.50397	36.06363	77.44755
GH43_10	102.3135	134.21379	220.287	160.49215	140.55893	143.5972	152.48438	142.30786	238.16103	217.76118	348.3571	150.25291	94.15638	143.58785	154.81779	182.51168	166.66768	124.45905	172.50371	246.84769	395.64437	191.69849	174.86688	338.12976	153.9606	151.002	175.70685	155.8312	186.12553	274.81428	278.11348	181.98619	237.32723	189.42729	135.56152	186.28232	279.83336	248.06239	136.94121	110.93313	138.78026	52.29987	72.43487	82.94611	54.38613	114.98053	177.80056	175.47682	225.0503	214.79442	276.15281	319.60154	278.75994	149.25789	391.81086	263.84029	325.82095	238.37488	331.79154	535.04073	238.78361	197.34387	214.16389	272.36351	189.44985	301.27963	171.16681	195.92809	82.71848	59.72723	78.87778	114.60457	148.0874	125.44244	263.53314	234.48424	169.20526	170.14743	73.43419	160.41303	290.26436	185.43049	286.70416	228.51318	205.63724	192.52475	193.26252	198.19819	209.01489	228.65325	185.70679	257.5012	230.14549	168.34669	206.39344	274.14468	211.21079	277.1798	98.12289	143.7806	137.21184	209.78548	288.58474	309.59038	193.48326	176.33602	177.55481	209.44457	251.30774	221.83257	166.40493	103.03265	190.36613	192.95595	227.69179	194.61187	121.99694	284.38001	188.21798	222.3049	262.77507	285.53455	322.17477	264.98986	224.52952	347.37852
GH43_11	31.83845	36.47217	42.51592	9.14058	14.008	18.0934	22.0457	8.2101	12.79864	34.31388	26.96727	18.46856	22.67207	17.96418	40.63167	36.78645	33.94929	40.38722	35.42972	30.66052	35.60023	16.60389	15.74661	19.61044	14.49384	25.89907	24.06497	18.9482	22.41163	36.16651	23.83755	22.59357	27.91218	26.20082	47.15767	12.28821	33.64839	31.05806	19.33593	5.53831	12.92745	34.29269	47.32599	5.7977	25.07999	43.73304	89.24515	50.25642	56.20024	15.6202	18.97089	17.6356	18.13089	14.56496	16.3087	44.95229	31.52125	42.68627	20.36636	84.85765	37.25182	23.36552	33.14758	9.48778	11.70632	11.24691	57.00822	51.87245	28.93475	21.16297	40.46309	22.92964	25.34087	22.53023	25.30972	16.75628	20.95151	17.34968	9.11389	15.30047	24.13544	14.54352	9.08177	12.47443	25.34903	39.1132	25.44749	10.38945	15.64532	20.80641	15.08877	26.80971	32.74544	23.82007	27.76009	11.37987	7.00853	34.28494	16.7081	24.98575	43.85409	25.97516	19.08092	32.3047	26.4269	34.82075	25.6709	28.03266	19.91962	24.64359	14.5462	25.91806	27.77936	40.51849	20.12036	34.54633	26.21634	40.6419	50.09605	22.73892	39.83877	25.60385	10.90135	9.2943	6.14329	9.07879
GH43_12	118.10778	85.52818	123.51214	66.09814	56.21208	66.87955	72.00955	68.61772	128.27543	114.29609	188.07831	66.6736	41.075	74.32477	90.11544	113.55894	129.4708	84.55026	97.85064	136.13172	181.62962	97.11989	115.4982	170.0171	79.41049	101.88264	106.64851	103.14126	116.83997	162.83047	146.03056	101.47709	138.74085	116.80998	109.94275	94.33215	142.43232	127.82161	89.98333	44.23664	77.04612	32.749	50.90913	34.33509	37.03128	72.65552	75.16519	125.18544	158.10003	131.4141	208.09872	219.20164	151.51278	81.08351	215.58189	147.57628	156.82345	108.33865	206.51607	203.99405	126.55707	95.51614	115.7824	173.28985	86.48986	200.94173	163.24819	138.49497	48.15348	56.21245	49.90999	68.8921	81.02637	71.57391	230.77459	152.81517	87.53479	111.75138	59.47426	122.11867	201.16143	134.02575	164.15082	139.44445	133.04365	136.56445	120.17363	106.11026	100.62926	106.90657	95.11514	123.39909	105.00509	108.13957	122.68346	134.86552	120.76901	120.12495	40.68762	67.46925	76.81243	95.22754	119.52848	127.60505	92.78505	95.52907	78.17187	91.87922	104.8811	158.57866	116.97042	76.20259	179.68604	157.79767	113.44454	85.32759	55.95542	137.99915	108.64997	92.67073	130.14483	141.3918	205.62288	145.49085	105.07964	212.54333
GH43_16	95.74102	76.89288	96.95674	18.74979	14.84083	32.85282	27.69377	57.46901	76.95275	60.32674	19.35721	29.01891	24.85095	60.54758	68.64401	51.1088	44.73684	45.49647	46.66111	25.76593	43.56337	34.95215	49.12425	81.45615	46.90132	78.99665	81.44577	76.74425	64.18922	50.98801	36.64572	37.8063	52.35221	13.34574	8.83009	7.8676	127.80356	115.29666	65.06219	14.38864	48.80392	4.86698	10.53908	18.94319	21.00992	19.65258	22.20407	34.97514	32.15853	18.40016	10.60864	10.82981	33.86694	28.32907	42.40764	77.68686	81.77661	35.57557	46.52283	85.27747	39.13369	39.04563	50.07579	13.17151	31.15527	17.56761	2.49926	25.09314	19.73265	15.8322	27.00815	36.55312	31.40893	35.74784	25.13495	28.78822	10.17564	6.60422	8.31564	15.30097	16.0899	35.48898	25.20923	31.31553	56.55036	61.39368	39.55138	36.76753	42.0905	42.46347	45.81576	69.16259	67.45183	61.03019	42.63445	22.22993	28.7973	18.22216	17.33945	52.0233	56.02196	30.04706	22.36822	18.65252	10.79167	65.00743	73.788	76.97312	79.89191	101.83715	44.15925	31.06173	44.11101	49.34865	45.34704	47.2313	34.57249	51.39113	42.57448	28.86603	58.32982	31.43215	45.9388	24.39914	50.69836	39.0427
GH43_17	21.87909	26.9394	33.06108	44.47745	29.5347	35.07479	30.89563	49.51656	42.27043	40.26488	34.39113	35.87849	27.8296	35.47344	27.19912	50.17893	54.84454	54.58618	43.58183	54.16819	97.7984	46.09873	23.69762	50.43776	29.82435	30.4933	33.664	30.42527	37.80184	58.99275	54.8427	29.07199	45.06999	22.04699	19.54369	19.05208	27.78958	26.86137	43.48989	34.67064	33.26779	36.77915	21.49538	27.16463	22.79611	37.63032	35.14001	45.22762	72.12573	43.88695	27.99391	36.96121	50.48869	29.71931	35.80039	27.48266	45.25267	42.0512	66.24564	201.02895	75.07631	65.29874	60.57844	17.91968	38.23666	15.94975	15.39037	8.54592	21.24415	37.03856	30.75342	36.64666	44.74259	43.73369	9.42051	26.25464	37.31536	5.33721	1.13917	2.81322	3.31808	26.73196	52.28243	64.36206	56.19055	51.94776	66.61614	48.29314	44.31549	52.04462	38.29874	49.12523	50.3142	40.0945	37.4434	58.70208	44.15349	41.3617	20.83144	30.07169	21.85822	54.53782	79.94962	97.47947	66.02403	49.71354	70.39243	69.33909	72.82439	52.27581	48.39443	21.22955	67.39088	56.67991	31.22129	52.6015	30.2329	48.50075	23.93729	31.13176	31.69702	51.51574	70.06087	62.3055	55.381	78.12898
GH43_18	25.26792	24.14067	39.43341	69.77901	36.32399	43.28205	42.75529	49.77513	49.28268	30.05027	33.58546	26.61902	15.82281	32.97269	19.93832	56.18104	73.35726	36.14001	45.60809	66.6398	112.19927	45.35393	31.9515	73.29179	33.56914	42.90165	54.30753	45.00231	51.83505	83.68381	88.30374	55.90696	76.17169	65.55632	42.86256	70.36919	37.64549	43.5448	33.50184	37.22318	25.12218	24.58666	27.23448	30.1658	14.57764	45.99131	41.18009	65.00699	96.98528	41.31277	8.78928	18.61711	121.28388	47.0499	76.95522	35.06951	75.9943	44.85955	117.70829	189.62672	75.00417	74.22821	78.05166	28.81554	32.84152	22.62322	51.71105	43.82306	14.54293	27.91623	17.6086	49.32182	53.46237	45.1343	98.95078	113.64539	97.61508	75.35155	35.49162	82.75516	92.39643	65.89542	142.79527	56.82203	55.32405	47.34961	56.69892	59.76697	69.60595	70.07638	56.78733	94.09775	74.43799	83.65686	92.83016	159.98988	131.45469	49.53582	19.58553	23.99602	12.5092	93.48204	137.22492	152.75861	85.48033	27.99782	51.42576	100.31179	128.36859	94.51785	75.0462	30.15788	53.58096	65.19298	44.37943	50.62221	34.16207	65.44211	56.91141	81.11813	78.34579	149.77347	103.64933	93.35359	95.35109	110.69283
GH43_19	84.81355	51.61678	51.63335	89.98363	52.49069	64.67963	65.10116	44.30944	46.05415	33.23158	40.90253	55.9665	21.4472	47.57744	27.58891	87.07446	94.92216	48.70599	68.85252	99.87684	203.3916	68.94578	62.03506	117.4888	53.75017	73.11944	82.88342	78.88835	77.38444	118.33234	108.48034	70.02199	96.97387	58.36476	39.99203	61.25013	88.34503	44.41077	45.773	42.20892	31.86063	21.08392	21.81421	38.24686	15.19464	50.63476	57.15953	69.75419	106.25397	62.45089	49.76187	44.44895	127.31522	65.15079	88.53535	88.55227	131.58589	69.76575	124.82876	172.7406	65.96473	67.45756	72.46028	28.91544	50.48595	22.87954	22.75434	21.50576	4.87301	4.53012	17.00801	61.01917	60.78236	58.9738	50.8015	80.71126	77.67203	29.07294	13.43543	36.80363	44.78288	66.4649	143.45273	84.21958	84.49078	74.49695	70.66946	95.76412	98.75131	110.24588	92.79485	84.38249	92.0152	118.37887	112.71759	136.00003	136.87112	57.87712	25.25898	42.17693	22.61498	87.91439	129.72637	144.71208	81.3159	39.60215	69.60865	117.01233	142.83293	106.38512	107.39664	51.0625	103.93638	112.93313	76.87614	63.42529	48.97262	83.87878	47.59347	65.33954	67.78546	106.64475	141.66972	117.75943	132.61237	141.5639
GH43_2	11.21977	5.90804	9.04479	20.80821	26.81303	24.82602	16.7528	16.0528	61.52429	62.40873	133.72312	47.98932	13.91487	13.39405	14.47673	34.03096	36.2347	12.42744	35.93411	43.83453	84.25368	36.29817	26.31022	79.78684	28.19976	11.26197	16.4356	16.4689	17.67307	46.07938	38.54012	27.87872	61.05771	5.32473	6.39353	6.08581	90.48917	49.11322	22.50208	21.84066	27.94007	3.99507	3.31035	16.66132	7.29488	8.77043	23.35814	18.51683	45.04288	5.76566	71.42159	91.60402	38.19791	25.31781	79.65546	59.31044	62.65119	57.75593	97.99653	160.93004	80.20087	43.06572	48.41939	102.70825	55.70962	117.22502	NA	NA	NA	NA	4.33882	18.5417	25.49115	25.21744	128.80345	94.37117	44.0532	33.20327	9.57651	26.82035	35.94721	44.97026	76.10277	16.15669	23.27409	25.21937	29.99266	11.1222	15.71117	16.74313	12.62847	40.99044	39.69536	10.26891	17.07317	27.49042	20.95957	18.44517	6.66165	12.9942	8.29652	18.7825	22.96304	44.58795	32.8041	4.22892	13.5982	44.60297	66.80933	83.39365	5.0961	3.75914	3.17095	9.84599	20.20923	28.16131	13.40826	23.88452	28.32902	37.43577	71.58295	33.70291	72.5728	68.96215	40.51847	58.26983
GH43_22	29.92323	57.61827	56.08721	26.42405	42.02605	81.47403	27.17387	2.09785	5.99017	32.39743	19.22912	11.62538	15.81158	19.61567	21.33287	61.71854	27.01926	38.78103	39.73904	3.17442	2.32077	25.7151	6.64154	11.09848	12.16312	20.87153	23.37823	11.44427	22.16383	27.77766	22.86285	12.12464	8.38953	21.48226	23.5596	10.56556	11.81937	19.60778	19.9963	13.72348	22.32034	17.75184	25.37166	7.15419	15.93528	29.98521	105.85516	26.10808	18.95503	15.48239	11.26583	17.92616	18.9074	23.13982	24.5014	41.3592	31.75959	28.49097	16.0446	16.16761	22.60013	35.5096	40.70858	8.17244	10.02359	9.22107	42.22884	21.67045	24.97536	19.109	42.96374	16.34127	16.31923	18.14878	19.97339	20.0194	52.0041	31.35691	12.7751	18.59974	14.31884	27.53628	12.12313	17.43649	43.973	70.81954	63.28223	10.23715	11.83084	12.51543	10.28486	12.15716	23.72266	8.61911	13.20683	4.9957	9.35436	9.99364	8.85342	14.82822	20.61134	7.3285	15.12584	10.14168	11.5194	58.75584	46.29449	32.45285	21.77468	17.95574	27.16791	36.50606	40.61653	34.96973	25.83992	17.46628	18.82876	25.38806	16.62407	5.97209	13.82568	9.1573	17.71089	15.86097	18.62313	25.82155
GH43_23	NA	NA	NA	NA	NA	NA	NA	NA	NA	NA	NA	NA	NA	NA	NA	NA	NA	NA	NA	NA	NA	NA	NA	NA	NA	NA	NA	NA	NA	NA	NA	NA	NA	NA	NA	NA	NA	NA	NA	NA	NA	NA	NA	NA	NA	NA	NA	NA	NA	NA	NA	NA	NA	NA	NA	NA	NA	NA	NA	NA	NA	0.30513	0.0557	NA	NA	NA	NA	NA	NA	NA	NA	NA	NA	NA	NA	NA	NA	NA	NA	NA	NA	NA	NA	NA	NA	NA	NA	NA	NA	NA	NA	NA	NA	NA	NA	NA	NA	NA	NA	NA	NA	NA	NA	NA	NA	NA	NA	NA	NA	NA	NA	NA	NA	NA	NA	NA	NA	NA	NA	NA	NA	NA	NA	NA	NA	NA
GH43_24	215.26331	100.61823	104.93263	149.83723	102.61196	116.76229	100.90027	98.47423	156.90751	144.65465	222.0202	112.04005	59.24805	115.43665	73.48406	123.42796	128.16363	73.8248	99.96802	183.07384	334.23916	129.6903	117.24053	197.37524	105.93017	208.92622	230.36548	229.53457	217.1211	184.12067	178.89905	144.19651	194.56783	121.6345	67.10207	128.24225	186.6032	92.68829	112.91067	130.69177	100.32389	43.19121	48.81996	84.45226	38.37926	127.00606	146.9859	160.22331	236.61387	87.15862	113.3306	150.64026	154.07631	110.21732	124.7954	205.86838	221.39884	141.04686	234.35511	413.06267	207.83672	157.92532	180.48304	152.04379	129.245	151.52305	142.61283	133.67408	72.16207	69.69647	65.46538	123.82126	135.02316	148.55767	102.00196	93.81903	81.63619	118.33758	69.9224	122.03339	165.7	145.39334	217.14946	181.35869	214.27011	196.26574	204.82404	215.10143	195.43392	207.90407	194.37031	137.57116	137.57515	199.37123	229.61518	266.61366	225.13807	130.1155	81.66873	107.65703	51.10806	152.25959	170.71669	223.23144	179.77469	98.13133	149.20402	179.91468	227.65495	208.46835	158.41655	101.07784	149.25849	164.38787	116.05941	107.57693	79.7665	120.12281	98.40382	123.20416	147.47255	151.88441	280.75149	237.35763	286.86323	260.35614
GH43_26	41.72742	60.01516	70.01119	51.48028	47.39441	86.71112	48.62407	30.85711	29.14216	39.84833	35.16534	63.94098	79.27746	36.76544	53.40871	79.09404	88.94303	75.46682	81.95759	71.21453	77.46602	56.44824	45.19649	41.73902	39.396	77.26527	94.46773	101.57501	100.40329	101.01454	110.13108	82.25902	96.8261	98.28209	86.63582	99.70446	46.28879	61.66701	68.10565	55.0941	40.96406	53.34227	58.65844	41.39831	35.59022	79.11468	141.23944	68.95601	87.49948	65.81372	88.85352	68.92995	61.21873	53.53965	34.87972	76.23564	62.31152	77.60747	99.89736	24.2114	49.9741	50.39371	57.95626	48.61441	84.70432	35.10112	143.93249	151.14796	52.42899	45.73449	40.97868	54.71948	44.12333	55.36163	166.72559	114.85429	76.86564	187.024	63.58567	130.63384	173.98674	75.37347	76.16543	51.05942	65.69164	76.05016	69.72716	47.79495	47.37473	35.1863	40.66248	50.1988	57.16755	63.23501	93.945	111.53864	103.53555	88.68364	30.54021	49.66224	52.92049	14.9476	41.88711	33.74071	30.73088	94.91624	65.89476	70.16686	74.42298	49.05327	38.7196	41.94183	44.55183	55.95026	99.20533	82.76062	59.0988	112.96033	72.60656	62.89111	72.87914	73.05887	105.89653	96.45889	106.59435	98.05182
GH43_27	12.90384	23.36151	22.8526	13.5323	16.54307	47.13027	12.27246	0.97079	1.31047	16.06795	9.74992	2.77315	6.93772	4.44845	4.54939	26.08654	12.58273	15.56292	20.79094	1.30288	0.22919	9.29792	6.3416	4.57772	3.40803	7.04602	8.48069	9.17366	7.49249	20.65334	14.95548	9.14331	8.10059	7.72514	8.06837	2.74672	6.82461	6.36803	2.05306	2.96715	2.26049	0.86515	1.98041	0.32473	1.4839	11.80972	72.79215	17.10209	13.81113	5.71128	5.32754	8.38105	5.10539	7.21823	7.04547	23.94659	15.35852	17.41181	12.19092	0.44894	1.32449	11.2391	19.67952	1.35183	1.41925	1.18205	21.56417	14.48129	11.35807	7.96739	22.72481	10.18917	8.15349	8.78872	9.23833	6.95306	25.4198	12.75136	4.77005	10.34329	7.37938	11.34353	3.21532	3.47654	15.90951	23.64787	18.88953	2.05462	5.50097	4.38931	3.32179	5.15499	5.18876	7.4831	9.64815	2.227	4.2452	5.82974	2.67182	4.85342	5.43166	11.23974	3.16747	3.8663	1.568	24.28723	14.38965	15.9913	9.62867	7.70611	2.26892	12.43907	9.45566	10.81223	12.67008	3.67922	3.76377	7.05801	27.08209	10.03099	15.84258	10.72737	1.73211	4.1479	1.26286	2.66026
GH43_28	178.02456	77.85344	66.52312	69.66406	62.89949	69.27172	54.30893	26.10942	21.38558	23.1998	15.4997	64.09414	38.8946	112.12993	48.51559	84.88615	89.88435	46.67532	62.95129	143.73507	208.20916	113.24875	110.39913	211.58259	96.94385	115.67053	113.58533	117.43893	113.00833	109.07996	89.45895	76.6527	108.56632	63.46175	47.21338	49.21798	134.09191	41.39772	44.75241	58.50348	43.86203	35.8869	47.04775	71.05285	30.88184	62.53486	121.15643	110.4275	147.65002	99.42351	72.29246	78.0022	114.88659	70.17905	83.99089	91.81174	82.6414	76.0868	93.74462	337.35874	121.61904	94.3332	112.3675	40.04421	91.69948	31.74426	48.60281	70.53759	56.61199	41.73775	37.10505	85.12884	88.1872	121.90545	25.04011	18.49823	10.50714	91.4613	48.00998	85.72347	143.63346	72.80394	54.99405	80.90445	120.96889	121.71099	107.49572	94.8988	82.91028	54.6903	92.50335	64.91221	58.80773	156.81566	130.75249	78.63969	99.22257	75.02843	26.82113	58.41203	47.77603	60.24854	79.53196	99.44858	71.22794	85.1097	104.84347	128.00453	133.4161	207.97403	161.87408	99.93806	110.01008	125.63716	133.04053	96.31725	48.93579	116.96548	112.31915	95.19329	183.96699	91.55833	124.88031	105.19602	103.31999	121.14537
GH43_29	37.7481	28.28273	51.58631	49.80267	36.55973	61.17804	41.24088	41.2167	120.42465	126.07659	244.52602	42.8246	22.73663	26.84707	18.6612	98.3856	111.34345	42.77801	93.14859	98.42706	180.69261	134.07193	123.05581	270.20369	104.27163	29.44911	43.1298	30.53383	46.89599	105.36593	78.30487	50.81768	85.11325	91.86878	38.38079	87.06062	166.51835	138.94847	47.92926	47.48861	71.14357	14.06076	17.28097	25.18936	12.2119	29.36684	51.3802	53.21277	102.8253	45.97117	153.01533	164.21237	99.28728	51.76585	263.1288	138.71361	174.33156	129.19612	198.82262	498.51767	164.49515	106.54923	105.45075	251.18543	110.52591	311.80795	79.69811	61.21897	24.20947	40.41389	23.67736	58.69806	73.93776	60.55897	84.19028	81.72395	61.51012	47.1292	30.08143	49.04641	76.89451	94.46903	163.54144	21.9173	34.85869	36.90283	39.47959	31.32614	40.11275	38.48135	30.36969	125.5341	123.77871	34.65384	50.04466	71.85431	63.82934	43.59923	14.48569	24.91005	28.30492	70.58431	101.36989	142.23926	101.24507	24.19919	50.13839	88.19211	101.53242	188.33232	52.11275	33.99657	121.44222	96.53029	48.35147	91.02911	40.35125	82.90428	56.75797	72.7577	171.63318	95.85315	79.37755	70.91599	33.62328	82.04348
GH43_3	66.8937	51.74732	47.01401	43.73398	33.43801	48.87823	36.59417	36.19456	32.67013	28.33571	26.76783	39.08792	49.96761	36.35537	13.73358	74.07748	101.88279	39.87992	75.18369	111.45694	171.5232	55.89093	45.62024	80.53128	42.16292	55.22639	86.91928	76.27202	84.38353	86.63404	83.87339	71.7802	99.40834	68.26286	46.53927	83.70943	55.7531	34.65167	44.6418	49.39991	27.7545	44.90016	33.16033	52.78982	25.71697	62.77287	72.91485	114.46916	153.70661	72.62005	36.63083	49.47694	85.84014	51.7852	55.72084	34.05271	49.55166	35.65405	102.32615	172.23048	64.44333	64.32804	70.36306	31.64091	69.56063	27.66062	116.71402	111.85656	55.07293	39.59627	12.6098	45.59889	44.50906	56.4959	113.66712	73.15421	30.92555	81.54206	20.35815	60.97614	76.39564	58.82076	99.3584	65.83708	87.33212	71.53038	76.5542	61.996	56.9813	47.70444	59.83112	55.951	43.18801	57.92927	97.49525	114.40238	134.62539	53.14818	15.37462	31.76689	20.01185	45.9197	72.49177	92.75379	57.20437	27.98648	47.06191	57.32928	80.17549	65.69054	48.82476	34.93288	37.55157	57.95204	85.65093	89.11406	42.36066	108.35407	49.25492	50.62637	80.06724	68.11573	121.92141	99.71	103.91255	140.45941
GH43_30	NA	NA	NA	NA	NA	NA	NA	NA	NA	NA	NA	NA	NA	NA	NA	NA	NA	NA	NA	NA	NA	NA	NA	NA	NA	NA	NA	NA	NA	NA	NA	NA	NA	NA	NA	NA	NA	NA	NA	NA	NA	NA	NA	NA	NA	NA	NA	NA	NA	NA	NA	NA	NA	NA	NA	NA	NA	NA	NA	NA	NA	NA	NA	NA	NA	NA	NA	NA	NA	NA	NA	NA	NA	NA	NA	NA	NA	NA	NA	NA	NA	NA	NA	NA	NA	NA	NA	NA	NA	NA	NA	NA	NA	NA	NA	NA	NA	NA	NA	NA	NA	0.12756	NA	NA	NA	NA	NA	NA	NA	NA	NA	NA	NA	NA	NA	NA	NA	NA	NA	NA	NA	NA	NA	NA	NA	NA
GH43_31	141.85911	79.15608	57.14839	46.26116	36.70242	39.73469	34.8357	35.17097	30.87757	29.4099	21.7726	52.61242	30.5413	70.46646	23.51152	29.27452	44.43135	19.29721	29.25255	48.13671	79.59742	67.25872	72.85254	116.38733	56.26608	97.09408	115.34825	128.00702	104.33332	71.43613	73.67735	67.5648	78.33995	42.48306	30.5114	38.8459	120.24366	37.49751	28.62071	44.84055	20.60405	38.97085	22.78728	44.59963	22.25649	38.14113	56.40311	57.44378	71.80474	29.97137	9.30777	17.02149	83.61584	56.58206	77.99402	73.56518	85.47657	35.88537	71.98439	71.91832	56.82852	50.67297	66.10664	25.7015	45.83078	19.95681	104.05511	114.03741	48.2893	28.0579	17.8851	67.98172	65.29696	72.17015	69.45682	62.06088	25.95241	52.05131	19.12045	45.06575	97.93864	47.87923	112.32621	73.79031	96.77148	80.89222	69.32737	74.7998	70.41285	53.9629	75.65759	36.82053	29.75707	109.03583	111.11283	103.42427	98.03747	31.15305	12.27058	17.17562	10.60853	35.20606	61.69997	63.18621	37.68639	33.53951	44.13406	88.65939	112.34046	118.78161	70.92704	36.42861	44.91017	72.53433	44.93806	20.49345	16.06783	35.0641	48.58391	44.80927	66.42103	66.91443	123.96758	96.22556	145.63033	112.09884
GH43_33	89.155	65.66088	41.12963	24.98148	21.19937	23.19238	22.96624	30.9641	16.17951	21.02202	9.67947	34.00859	27.59772	38.00711	16.8985	15.43813	28.32764	12.12411	19.28926	21.87747	26.85848	28.1753	25.39311	50.46918	25.04124	47.21709	54.22411	59.58873	49.78559	16.60485	17.12719	20.75473	25.90621	9.40202	9.80278	11.75019	75.85101	20.99985	26.25195	23.29402	13.38509	22.42547	10.91406	35.15721	17.93671	19.26066	22.03265	28.54871	30.29685	26.6318	10.5545	12.04529	34.63294	36.06819	38.27598	67.25909	60.69155	23.49715	35.72109	10.15342	23.16108	27.69338	33.95769	12.16362	25.56578	10.45281	41.82343	29.16231	28.2263	26.61377	12.76455	64.78056	46.52084	61.82785	1.48427	1.08217	2.66777	0.85341	0.46997	4.26417	2.41464	20.4295	34.05473	33.64265	50.29423	39.62872	40.52751	39.31591	35.60116	25.24994	41.79536	10.65872	11.44031	70.26882	54.24085	37.78044	24.65802	11.61241	5.15712	9.32574	6.38429	9.85843	13.07828	9.44666	6.96828	20.44488	24.52919	39.48065	39.95113	62.64835	40.60189	28.87925	29.83273	49.55471	36.97272	16.72258	11.67745	23.85707	24.0504	24.6658	30.18767	31.07584	45.61148	32.42731	61.90575	41.74271
GH43_34	156.95906	107.25068	94.21006	105.45651	71.37231	129.96937	82.69723	73.11935	114.08899	96.81049	176.50911	103.04629	98.82576	105.92972	49.46561	171.44156	193.60536	85.82272	160.47921	162.23686	262.59775	146.7527	115.1824	235.043	112.70019	98.63513	110.71573	101.22792	100.75147	119.25523	117.01092	94.45648	133.12107	104.77899	69.5969	108.43387	95.43733	80.21984	78.57139	95.37606	58.02633	100.30596	79.81582	119.01298	59.38031	83.87339	69.51185	117.9663	168.01873	122.71547	164.17071	183.78236	171.23754	99.58186	132.2524	112.31093	152.32349	86.69323	167.87922	254.95328	109.05611	108.99713	123.85472	167.37672	106.54066	188.84637	161.80067	148.07331	145.44803	103.30641	35.4313	92.09613	88.86503	92.2209	214.99852	189.57116	143.05327	166.70678	48.72713	144.50476	137.29681	104.72368	209.53739	122.44752	147.63817	140.44711	143.92575	164.10739	137.33793	128.055	130.97748	84.96418	80.1811	158.99737	162.47253	180.88751	160.75899	110.74695	32.17474	53.75504	36.75656	113.73426	163.75405	179.75957	114.1827	63.043	82.08947	136.62683	160.15137	121.57331	163.31281	107.74197	177.24272	180.15236	147.85478	116.29029	72.99025	151.81733	110.54084	145.15728	167.95896	213.13632	193.2619	163.08385	198.36918	190.35296
GH43_35	114.50698	70.03774	92.01056	40.46727	45.49682	47.12826	50.87448	49.08847	54.07354	68.86847	37.74678	59.71545	40.04787	75.87399	99.83032	110.38515	96.6205	111.93073	86.92459	70.15096	73.90206	63.13513	57.67676	77.37211	52.39723	101.25407	105.6012	100.59392	100.00571	68.78813	45.57794	58.28529	63.89759	89.03312	89.46874	59.79101	104.32193	88.42338	117.8473	81.28942	111.67632	55.86761	91.74064	28.30829	63.72874	74.61803	58.83602	68.18117	77.4217	44.84531	128.56216	120.76977	36.90354	26.43981	43.9015	84.67372	79.57434	67.37251	58.84041	179.91557	111.62575	113.1338	129.98807	152.47345	76.55995	171.11154	53.14128	83.65003	56.08704	44.61128	48.77131	57.09598	68.04023	68.51258	98.81565	57.6924	53.9868	30.43643	22.97465	21.26888	32.04148	67.13488	51.91549	66.54285	77.78883	103.4172	94.94248	104.74445	134.43114	137.53401	100.20144	113.21942	128.0894	54.01844	58.23202	21.30976	23.46152	61.80863	41.77695	79.72147	90.39418	45.84149	44.69428	48.01135	51.29825	147.89884	121.28448	93.03181	70.40273	113.62349	89.03676	60.49084	83.82335	83.09244	68.07083	91.02535	64.23623	79.90007	58.60594	39.27186	74.15704	39.08977	89.18132	61.99845	80.60023	90.19156
GH43_37	0.16412	1.24377	3.01428	0.3416	1.66458	0.20637	0.43784	1.06136	1.80107	0.58421	1.23978	0.22244	0.1556	0.11011	0.13559	0.82014	0.32197	0.99405	0.36441	0.30095	0.22316	0.47061	0.41319	0.23041	0.49493	0.65893	1.32019	0.34348	1.07096	0.45169	1.34359	0.35062	0.78988	0.48722	0.1546	NA	0.22912	0.45631	0.21299	0.36493	0.34767	1.16309	2.51799	NA	0.81797	0.25699	NA	NA	0.08689	0.15675	0.14619	0.48732	0.67959	0.43056	0.8076	0.69413	0.46226	0.72289	0.5272	NA	0.31048	1.47038	0.64527	0.55886	0.98376	3.18807	0.91563	0.49751	0.90329	0.89447	1.99739	4.51164	4.94923	4.75651	0.71689	0.30043	0.07849	NA	0.10283	0.57579	0.41643	2.0723	3.55989	0.62016	0.29676	0.42366	0.36866	1.36204	0.31036	1.21462	0.78942	3.04214	0.60702	0.24461	0.14427	0.39227	0.14952	2.38093	1.98142	1.10516	0.62396	0.88249	5.74754	5.88987	2.98855	0.80025	3.75618	0.53189	0.66581	0.28542	0.58033	NA	0.65304	0.17493	0.11695	0.36114	0.33808	0.36595	1.42299	1.30884	0.65576	1.72695	0.46297	NA	0.16423	0.78383
GH43_4	48.47523	53.89197	67.23382	75.09756	63.53227	79.36067	56.3031	47.28034	134.86342	124.86008	271.08412	49.61092	20.82867	31.60947	42.85747	91.4719	80.86742	59.60994	92.63001	80.8063	125.0706	88.39045	78.14029	165.89729	64.51333	70.5089	70.16104	57.20534	74.2577	109.24739	106.62263	57.06129	78.28029	94.67192	85.77549	56.81599	81.97059	92.61254	49.30395	42.71749	55.32567	38.8846	55.36853	26.10137	15.93426	73.23534	65.4891	72.6119	85.6007	42.20431	139.36727	171.63092	95.05804	59.28591	147.83825	137.54209	166.7329	121.69512	143.42638	182.2304	95.37009	87.86389	86.11975	170.67843	74.78673	201.48211	82.84935	31.89615	26.86412	37.76505	39.9405	46.66756	57.47577	42.66702	32.90668	73.60276	87.91881	30.66715	27.00701	15.71004	44.1341	79.03359	125.0992	71.60086	61.13438	68.16332	59.39112	59.58603	66.40749	68.30956	52.68238	80.55727	80.1577	89.68757	86.19388	109.30731	75.27952	93.49607	35.15434	42.03599	48.90822	79.91802	121.20238	135.68785	97.20856	97.1159	67.3926	109.50802	121.74314	116.21223	69.56092	23.11521	57.1536	68.13328	58.11734	86.4201	64.05241	125.29354	77.76554	74.79774	107.8846	121.63106	108.259	87.24978	80.48518	97.81618
GH43_5	NA	0.05501	0.03266	6.26206	8.1143	3.18155	4.60946	6.28531	41.99029	45.31209	95.89103	8.22976	0.32808	1.61253	4.99366	4.66925	3.87651	2.7951	2.11517	0.46681	4.71516	0.04415	NA	NA	NA	NA	0.04857	0.05429	0.11898	0.03974	NA	NA	0.10104	0.04127	NA	NA	0.671	0.46928	2.1539	0.75469	1.94765	NA	NA	NA	0.01362	NA	NA	NA	0.0732	2.06951	65.5769	85.73437	NA	NA	0.02099	0.05244	NA	0.21477	0.03779	0.06926	0.17095	0.32694	0.75652	63.09592	14.33002	70.5098	NA	NA	NA	NA	0.02834	NA	0.11979	0.0848	0.64893	0.47994	0.03602	NA	NA	NA	NA	NA	NA	0.04023	NA	0.10706	0.0663	1.35262	2.32409	3.2174	2.25217	4.03642	7.26503	0.02279	0.06838	0.02663	NA	0.09809	0.29079	0.29335	0.44644	0.06595	0.05097	0.12156	0.01906	0.06908	0.03818	2.7969	7.35499	2.13417	7.1328	7.70054	44.34184	25.01978	1.76547	2.7954	3.60286	5.86596	0.0227	NA	NA	NA	0.03679	NA	NA	0.02377
GH43_7	8.37259	3.5891	6.31041	5.30519	7.84981	4.91972	4.29678	4.72613	38.82803	43.88841	96.91784	15.0681	7.73722	2.71	6.09192	16.56273	7.97339	2.83959	23.63902	23.68767	38.53528	30.59011	32.79305	67.58556	27.48542	0.69484	3.07335	1.74908	2.35751	28.20648	23.53016	19.94895	30.59798	1.42899	0.48176	1.6999	79.9916	40.47243	7.98381	11.28085	16.06474	2.88584	4.09379	15.39543	5.91232	4.33365	8.88501	7.74072	18.49532	2.76584	18.2899	24.55231	13.75039	8.49388	64.32931	51.75491	54.99136	44.44711	51.55788	83.83126	33.04831	16.58086	19.36208	99.4893	33.92329	118.33384	NA	NA	NA	NA	2.88215	8.8372	14.74223	9.10194	NA	NA	NA	NA	NA	NA	NA	19.57165	28.33712	2.32718	3.55449	3.62069	5.53921	1.32383	1.55646	1.25154	0.94878	12.24239	8.55922	NA	NA	NA	0.24053	17.11973	3.26302	3.87432	5.68723	11.021	13.05232	24.8099	19.07143	2.56122	7.66385	16.70181	21.8001	37.62147	0.92816	0.29298	1.85563	2.75622	6.20554	15.27371	4.93213	11.00592	8.27158	10.6573	30.81082	5.77726	13.3863	16.50954	2.57237	15.55942
GH43_8	6.26942	10.81861	20.55913	20.74709	15.98637	26.72623	17.49183	11.83786	10.4005	6.09208	11.4905	34.08564	60.97063	19.67849	11.53878	9.07237	16.20292	5.59596	9.75125	53.38197	76.50403	35.7113	17.71332	28.41179	24.72913	6.99519	10.0035	9.73604	5.09409	11.78539	14.94305	18.19833	24.13337	13.39151	20.5911	30.43216	7.80491	9.31774	10.53534	16.12959	6.89872	2.8689	3.65968	6.92884	1.17172	6.8379	1.96554	4.08347	6.5139	7.04646	3.44075	4.065	14.28421	7.77198	7.97693	9.86804	14.28356	12.4867	9.43599	12.34745	22.40882	19.76297	18.71921	7.81498	14.447	5.08717	90.1069	80.99464	69.00084	41.23355	1.82965	8.96802	8.55287	11.67776	NA	NA	NA	88.45544	17.55104	59.10735	27.37626	13.81522	15.73547	40.49269	41.38812	20.79164	25.42397	57.10485	36.52427	38.8869	35.60379	6.64252	5.60842	6.25256	4.46535	10.92893	11.07968	24.34031	9.47971	10.09223	6.40928	9.57661	21.45274	16.92999	6.9573	7.5625	16.02045	13.26925	17.66455	7.87203	24.19597	25.90115	18.98256	23.86982	16.88421	36.86936	19.83502	17.65795	22.19104	33.13038	26.97351	22.66778	32.01583	35.32289	41.43553	38.37976
GH43_9	10.27971	16.59568	24.76301	39.6584	18.5616	35.6006	26.51327	24.348	30.58615	22.64997	25.60544	20.81614	9.87315	17.18615	13.76088	54.36196	56.44614	29.03222	34.79683	46.30931	99.55012	52.84885	36.71792	95.37473	40.02156	16.14419	11.41943	10.48263	13.11331	43.86797	40.13824	26.57529	32.79264	22.88974	18.70279	25.20112	24.66974	30.41144	26.1475	23.75669	13.80031	15.09297	21.0304	22.3787	7.68602	24.64793	33.02122	32.79065	48.97968	69.32511	40.32322	48.74212	78.88496	31.80297	54.02197	32.62884	77.13518	37.27448	58.92562	75.65245	29.88247	38.87997	45.0887	14.08095	11.82107	10.50884	5.9101	2.36761	2.92381	5.71483	14.31244	35.96959	33.29772	35.64291	50.36916	56.48639	53.4891	0.12144	0.4163	1.1993	0.07359	34.43955	104.14187	56.29674	42.82454	28.82971	31.61642	63.4709	57.44235	73.65046	55.03315	32.8983	36.53023	102.80594	84.47349	107.73171	80.50448	58.39432	16.32036	26.65568	15.98375	79.07087	107.44412	115.5716	61.52877	17.83063	33.17172	53.07168	61.70839	42.99844	59.48541	20.07175	36.00871	44.33186	67.95491	29.95941	22.68254	72.4841	26.87198	25.78102	20.41613	36.22824	88.28471	79.72701	78.65119	91.43597
GH44	0.92861	12.45793	15.26688	1.88922	0.76779	1.94471	4.43629	0.4321	0.34391	0.67329	0.15088	1.53082	1.86784	0.75227	3.34214	16.59683	28.22199	5.12898	3.62852	15.68845	1.53014	0.62634	1.11585	0.83436	0.82405	5.84188	11.03575	9.08497	7.10467	4.42264	2.14269	1.43871	3.2036	5.19792	9.00914	2.1399	NA	NA	5.04448	1.50024	0.98279	13.20973	27.48308	4.15514	26.05158	NA	NA	NA	0.01746	10.09134	58.86174	35.56052	1.17458	0.78545	1.62591	5.46992	4.64489	7.88447	10.89663	3.49376	2.20582	2.29385	7.9079	17.48624	10.7893	5.14076	NA	NA	0.22177	0.7808	0.1911	0.20463	0.4197	1.53038	6.03217	5.26523	22.81372	2.0505	6.25504	3.84919	3.10301	4.01876	0.46916	2.41258	6.30652	7.74009	5.66687	3.5144	3.06428	4.94099	4.42059	28.49554	35.81892	NA	1.7154	1.17868	0.10114	7.13664	4.39523	4.29933	7.57304	0.58959	14.63018	8.87932	15.76987	6.85002	4.73324	4.25634	1.08493	17.60947	12.20548	3.52615	3.00403	2.99035	10.57233	12.69582	14.95539	18.36928	1.25566	5.18547	5.36291	3.62094	NA	0.1579	NA	NA
GH46	NA	NA	NA	NA	NA	NA	NA	0.05509	1.56921	0.48404	0.43968	NA	NA	NA	NA	NA	NA	NA	NA	NA	NA	NA	NA	NA	NA	NA	NA	NA	NA	NA	NA	NA	NA	NA	NA	NA	10.92095	9.25021	NA	NA	NA	NA	NA	NA	NA	NA	NA	NA	NA	NA	NA	NA	NA	NA	NA	NA	NA	0.3845	NA	NA	0.86664	NA	2.49423	NA	NA	NA	3.43101	2.11886	4.3853	2.52513	NA	NA	NA	NA	NA	NA	NA	NA	NA	NA	NA	NA	NA	NA	NA	NA	NA	NA	NA	NA	NA	0.34303	0.12814	NA	NA	NA	NA	1.18182	0.27044	0.90711	0.53822	NA	NA	NA	NA	NA	NA	NA	0.20914	NA	NA	NA	NA	NA	NA	NA	NA	NA	NA	NA	NA	NA	NA	NA	NA	NA
GH47	NA	NA	NA	NA	NA	NA	NA	NA	0.03113	0.10264	0.05273	NA	NA	NA	NA	NA	NA	NA	0.50432	NA	NA	NA	NA	NA	NA	NA	NA	NA	NA	NA	NA	NA	NA	NA	NA	NA	NA	NA	NA	NA	NA	NA	NA	0.06639	NA	0.07649	NA	NA	NA	NA	NA	NA	NA	NA	0.00801	NA	NA	NA	NA	NA	NA	NA	NA	NA	NA	NA	NA	NA	NA	NA	NA	NA	NA	NA	NA	NA	NA	NA	NA	1.40197	NA	0.05301	NA	NA	NA	NA	NA	NA	NA	NA	NA	13.75727	15.70548	NA	NA	NA	NA	NA	15.44799	28.2991	1.97361	NA	NA	NA	NA	6.30025	33.65371	0.72539	NA	NA	NA	NA	NA	NA	NA	NA	NA	NA	NA	NA	NA	NA	NA	NA	NA	0.0332
GH48	3.39808	5.54781	7.23114	NA	NA	1.13732	4.65325	0.37554	2.95545	1.49752	1.18438	1.52927	2.34857	1.09006	2.80073	9.38912	5.76978	6.92776	4.99869	0.25933	0.17806	1.36454	1.38528	0.97977	0.97786	5.07757	5.87434	3.43031	2.74351	4.03638	1.72004	3.83349	5.97015	7.21029	12.00525	3.4061	2.75942	4.04445	5.97992	1.14883	2.53083	0.38201	2.96731	0.15352	0.76521	1.14008	7.25924	0.66611	0.86518	7.6188	13.70509	11.27213	2.76032	1.01665	2.86153	3.26921	4.91473	2.41976	2.01765	0.51447	0.45716	1.31423	3.85839	7.55866	17.63463	8.84891	NA	1.80715	3.57612	0.84873	0.11313	0.03706	0.13755	0.69515	8.56456	3.07162	2.69759	0.36998	0.31804	0.36601	0.1489	8.68657	0.17552	1.13764	3.0808	5.14281	2.27873	2.89544	3.03388	2.81681	2.94782	2.65811	3.38826	NA	NA	NA	0.09044	3.51597	0.83514	3.24268	6.44464	0.15119	2.86875	1.29605	3.19855	6.1438	4.07885	2.05191	2.18232	7.03856	8.65303	4.09512	4.05514	2.69653	4.98692	2.86066	3.84667	8.98484	0.01817	0.21926	NA	NA	NA	0.07437	0.5268	4.81815
GH49	NA	NA	NA	NA	NA	NA	NA	NA	NA	NA	NA	NA	NA	NA	NA	0.23424	0.07255	0.13396	0.07959	NA	NA	NA	NA	NA	NA	0.2436	0.47457	0.65869	0.74596	NA	NA	NA	NA	0.21226	0.41924	0.12187	NA	NA	0.58376	0.21309	0.19332	NA	NA	NA	0.05336	NA	NA	NA	0.01847	6.78146	4.32964	7.31612	NA	NA	NA	0.52056	0.06812	1.80028	0.12987	NA	NA	NA	0.03527	1.3922	1.25532	0.62138	0.40815	0.29277	0.24101	0.42428	0.07289	0.65296	0.43521	0.93727	NA	NA	NA	NA	NA	0.05246	NA	NA	NA	3.52534	1.11512	1.63322	2.84839	NA	NA	0.0543	NA	0.03437	NA	NA	NA	NA	0.16503	0.47837	0.8097	1.36458	0.64214	NA	NA	NA	NA	NA	0.01725	0.02482	NA	3.27424	12.43559	13.82474	75.00797	40.68419	NA	NA	NA	NA	0.13255	NA	NA	0.03802	NA	0.0479	NA	NA
GH5	2402.07761	1892.08826	2374.73743	661.25616	861.67503	903.11377	1140.64965	1339.63503	2625.16225	2334.91784	2535.923	1283.54099	979.5733	1686.93784	2328.53648	2231.77715	2400.92192	1950.18183	1959.54639	1698.05387	1656.50361	1290.83261	1311.16602	1723.28618	1059.12348	1779.45698	1914.17638	1663.82465	1735.45087	1744.63443	1169.78905	1541.05005	1509.67963	2211.20688	2251.2795	1657.47009	1881.6231	2333.47887	2675.14372	806.49406	1760.54007	1343.02907	1741.74977	1024.74251	1696.58573	803.00343	1143.28174	1422.28369	1902.73774	1522.03894	3728.87735	3512.82751	1088.02648	782.76642	1502.37363	2083.09182	2034.20207	1611.90785	2156.75112	2254.99295	1098.94344	1190.80491	1511.51834	4234.88392	1927.06785	4724.60548	1311.83644	1320.11855	999.22056	1165.29216	780.82682	1043.36948	1326.8391	1498.6675	1633.14624	1040.67852	1053.08935	1370.03077	710.66861	1306.00483	1734.62275	1199.37896	907.07923	1573.59587	1637.06676	2017.43383	1893.0169	1545.35052	1357.21453	1276.2858	1692.41642	1653.99987	1666.41174	1412.653	1077.15469	769.03148	801.61212	1159.43795	711.85354	1376.50242	1442.42584	680.31907	902.23824	864.38091	974.33485	1932.67806	1642.0661	1181.38879	1247.1927	1921.82608	1720.70449	1541.50222	1427.65107	1769.9407	1795.3884	1482.12166	1161.25266	1993.13795	987.4318	887.76036	1289.92352	934.69842	1296.75742	911.58584	1343.20565	1337.56043
GH50	33.22646	28.47323	45.94459	34.33949	27.00597	39.86268	28.11448	18.31671	19.04768	27.73077	13.64012	23.28236	18.46312	18.7891	16.8956	21.58448	34.24469	15.84252	24.20583	52.47759	62.49114	21.98829	20.55712	32.09019	15.87332	29.66181	48.62074	39.00745	57.39754	35.94236	37.89291	26.22988	49.25901	69.35762	23.44524	62.45305	17.14275	12.76267	25.2239	26.92795	20.44909	24.33019	23.8838	26.25095	19.177	33.79415	38.82146	47.41409	81.25256	22.35033	7.40465	12.41649	43.26261	23.63417	20.7901	23.76383	19.16363	45.4887	106.21524	103.04896	61.24853	59.84366	67.23814	22.73295	50.08963	20.34945	67.11605	64.4573	23.25919	34.3659	10.4519	27.1139	32.99288	39.16712	120.96537	71.87293	37.21773	143.99438	69.94347	163.27555	195.0948	50.89453	66.23886	36.62999	41.5855	34.96954	44.02958	22.31484	22.86796	23.86891	29.27715	56.93984	52.28607	41.16135	83.02595	107.03103	96.40196	29.57152	21.33036	44.0848	25.58732	28.50657	53.82606	58.11254	43.09033	15.44627	34.87399	13.02017	19.75959	15.16866	18.67666	16.48411	20.63182	29.52504	67.07333	92.23722	53.12004	81.88663	43.1067	49.70197	79.22527	60.02902	50.501	36.01455	19.4256	71.17116
GH51	494.00046	397.51593	447.67685	501.1297	408.58882	429.64743	404.65271	324.29951	520.51996	543.53342	814.44019	348.8372	351.97285	339.62213	335.45722	683.87363	639.74851	480.66598	625.58068	576.73403	695.47609	520.77747	412.42619	628.62615	358.62265	471.09834	509.42571	442.58914	468.48295	568.81003	528.76971	412.35981	478.68169	482.76662	452.34456	499.08067	525.90176	438.27632	404.45236	377.82247	367.49605	394.50575	469.03842	328.80138	309.13416	434.30272	449.77152	481.95441	564.58023	390.41807	708.70152	759.14156	513.71745	337.93575	562.71093	593.50063	591.95752	465.11883	657.93363	841.38713	556.14425	518.54697	541.68659	838.24865	471.69121	934.32616	608.46444	581.1579	458.39483	350.78901	364.38308	367.53815	389.29281	380.69798	484.03663	396.87578	371.30258	549.18012	325.29745	472.34596	520.39762	545.90245	525.14857	411.46515	490.84472	470.01036	445.61055	457.90174	492.71287	483.79443	436.84594	444.79624	455.40237	521.41611	553.95307	537.4754	476.5607	459.37585	233.69151	346.49564	357.01025	396.04775	513.34397	517.41472	388.45188	442.00721	421.61718	613.44546	641.21299	663.47857	578.7237	446.36397	546.83485	543.1313	454.28395	490.80699	361.62397	520.72964	498.84653	460.81733	578.21194	559.84592	570.56636	511.16216	490.69675	577.22527
GH52	0.1137	0.44341	0.11066	NA	NA	NA	NA	NA	0.01108	0.02474	0.07481	NA	NA	NA	NA	3.90147	2.38781	4.3519	1.24962	NA	NA	NA	NA	NA	NA	NA	0.09788	0.04014	0.1043	NA	NA	NA	NA	NA	NA	0.05366	0.4082	0.33402	NA	0.01136	0.11808	0.09336	NA	NA	0.06215	NA	NA	NA	NA	NA	NA	NA	0.04211	NA	0.06067	NA	0.02637	NA	NA	NA	NA	NA	NA	NA	NA	NA	0.5311	0.61696	NA	0.11897	0.13361	NA	0.22107	0.13326	NA	NA	NA	NA	NA	0.11893	NA	0.12278	0.00718	NA	NA	NA	NA	NA	NA	NA	NA	NA	NA	0.17582	NA	NA	NA	0.02121	0.0656	0.04743	NA	0.16946	0.20543	0.05877	0.12243	0.08496	0.17338	0.106	0.05224	NA	0.05243	0.08349	0.08037	0.02261	0.07856	0.0784	0.0452	0.09289	0.06059	0.03927	NA	NA	0.07414	NA	NA	NA
GH53	226.00888	173.22572	196.55991	134.02412	142.44238	171.72222	175.9257	99.17537	153.63745	129.78606	219.72097	151.80364	107.47453	144.20441	144.4072	183.62912	183.89887	242.36982	202.71507	206.77734	211.73018	233.15285	196.35692	331.03222	165.75959	245.94412	265.50056	285.368	265.6313	231.1073	253.23933	137.60759	186.94473	179.88046	241.651	204.34404	276.59642	262.13987	151.99987	76.48128	134.10426	240.66122	269.16075	135.32159	125.499	195.37166	139.94296	189.37214	208.93635	86.24885	197.05615	162.14155	243.78211	196.96697	276.28873	263.76622	273.10264	210.84905	284.63003	162.175	172.37996	146.68672	168.42795	240.40191	217.20201	289.61203	165.91923	137.33641	182.53242	129.5505	127.46637	124.86749	156.73226	149.15879	250.73391	124.98872	68.49723	86.448	62.12612	111.69021	126.30117	284.08991	223.8831	245.10504	175.91449	238.38867	208.8707	206.68019	214.61179	236.67098	201.40972	208.97434	167.26931	248.17239	225.80771	188.54722	138.32003	221.54329	147.0719	205.66389	189.43188	98.84501	156.99965	143.34713	95.51118	313.28468	214.54015	245.23102	233.61811	218.08899	175.71895	127.36662	224.66063	198.11032	126.80544	167.11249	133.23337	176.567	274.62546	240.8404	265.63023	279.93153	319.1984	233.91042	243.11502	339.36287
GH55	131.72377	51.68144	40.59586	24.88981	29.46188	24.55427	25.08882	11.22679	7.16991	10.88082	5.37729	22.70465	15.37399	42.72324	14.40639	19.73097	20.72425	7.61983	16.92022	32.45787	42.05757	51.15792	62.76662	84.59477	47.25431	81.67506	86.36189	79.3769	77.67463	36.89137	31.72092	42.06669	47.61948	19.44496	16.34974	14.67898	88.40476	13.228	7.9092	12.42381	9.37788	9.83885	10.82072	33.85299	15.53951	21.6728	22.89024	43.29776	53.30532	18.53289	9.65219	14.78481	66.40559	61.77039	79.49857	99.99831	98.334	59.7526	49.86268	58.31222	26.34975	21.08197	41.95764	14.2627	46.86635	16.07728	0.76784	10.00624	6.48172	3.13281	22.37801	53.97533	50.82868	57.60852	3.01157	1.16004	4.50234	4.8451	1.7158	3.10808	5.16488	48.81859	62.55958	64.23152	84.35343	80.63229	53.80026	66.4522	51.15304	35.62055	61.01507	32.81607	25.17876	70.19589	54.49046	28.35484	44.02668	12.85338	11.71457	18.45302	11.39525	12.11435	5.89529	7.94334	3.23382	37.84594	36.23695	81.30985	76.33137	114.80743	62.03388	35.77	43.69222	62.97931	40.7301	4.333	9.84269	14.77913	33.99314	37.47871	40.14168	36.705	115.45814	64.80719	123.60015	101.13287
GH56	NA	0.7384	3.69718	1.37698	1.04461	0.41823	0.25187	0.18898	NA	NA	NA	0.3478	0.82362	0.39891	1.46295	NA	NA	0.18043	0.27595	NA	0.45499	0.76751	3.42954	2.25779	1.75177	1.77698	0.48223	0.94362	1.45099	2.90211	0.87701	1.02646	1.24102	NA	NA	NA	0.32865	0.35244	NA	0.05885	NA	0.9984	0.43315	0.58527	0.83084	0.05995	NA	NA	NA	NA	NA	NA	NA	NA	NA	0.77252	0.34934	0.49487	NA	NA	NA	NA	NA	3.02342	4.31867	10.19925	NA	NA	NA	NA	NA	NA	NA	0.12491	NA	NA	NA	NA	NA	NA	NA	NA	NA	NA	NA	NA	NA	0.5679	0.82765	0.94654	0.40313	0.26018	0.0648	NA	NA	NA	NA	NA	NA	NA	NA	NA	NA	NA	NA	2.6725	1.39035	0.19985	NA	NA	0.90293	0.84177	3.5938	6.41645	NA	NA	NA	NA	NA	NA	NA	NA	NA	NA	NA	NA
GH57	173.06037	131.52337	129.6876	160.58697	121.2833	122.97331	130.37532	139.73232	164.90887	157.08183	214.59738	159.78997	139.47248	118.7748	95.61636	140.97994	147.90764	81.09167	142.54232	134.34218	167.4105	150.31246	161.34225	195.39482	129.65406	152.52528	175.58472	307.88979	140.77847	116.03944	131.86184	112.91101	123.58422	104.79128	82.27319	128.59534	152.58681	85.60912	106.25092	143.14995	115.14553	117.64074	81.58407	155.87891	69.64606	98.03632	97.32746	124.56572	133.13471	179.38792	166.86279	193.15151	113.96426	91.83251	157.40674	176.1646	200.77896	193.31247	209.32513	129.13965	116.41228	127.57576	129.82114	212.22605	144.37023	226.62692	157.09232	167.9308	151.51855	153.14907	49.99745	119.30434	117.8653	117.00827	105.78068	111.13957	140.41498	144.43653	52.6517	138.42241	121.40067	104.94289	149.39578	132.54158	133.76359	112.04851	131.25521	150.27149	138.78971	109.73	129.31438	116.47689	114.9588	156.70941	169.44985	184.07819	139.31623	178.27895	74.57581	97.43489	62.3425	132.03292	126.00727	124.91778	124.28611	70.32647	95.8384	145.87266	165.7165	163.46222	106.94039	89.62096	118.88157	128.6694	152.98	111.28013	102.4719	143.72278	96.13283	149.94272	136.97543	150.90594	127.70541	120.92572	138.15845	142.73306
GH58	0.03621	0.06512	NA	0.44114	NA	NA	NA	NA	NA	NA	NA	NA	NA	NA	NA	NA	NA	NA	NA	NA	NA	NA	NA	NA	0.2501	0.03081	0.02875	0.10438	NA	NA	NA	NA	NA	NA	NA	NA	0.19284	0.13416	NA	NA	NA	NA	NA	NA	NA	0.00746	NA	NA	NA	NA	NA	NA	0.06422	1.5399	0.15284	NA	NA	NA	NA	NA	NA	NA	NA	NA	NA	NA	NA	NA	NA	NA	0.01678	0.24593	NA	0.22774	NA	NA	NA	NA	NA	NA	0.02871	NA	NA	NA	0.02182	NA	NA	NA	NA	NA	NA	NA	NA	NA	NA	NA	NA	NA	NA	NA	NA	NA	NA	NA	NA	NA	NA	NA	0.04814	0.01749	NA	NA	NA	NA	NA	NA	NA	NA	NA	0.039	NA	NA	NA	NA	NA	NA
GH59	14.32855	19.59147	39.40533	2.36348	1.31629	3.69151	11.43419	15.17342	27.11971	19.76829	6.34317	10.74998	11.123	14.65939	29.96162	23.33785	26.41322	17.1516	16.46259	37.82465	12.08089	9.30684	18.19085	17.27504	9.37579	18.91584	19.41409	15.44686	13.82197	29.81804	12.05869	38.3014	23.9073	58.39442	44.94197	34.24229	5.79344	28.05358	43.86196	7.32457	23.884	24.60119	33.00554	4.19073	36.52067	5.93911	12.9923	17.05355	22.88656	14.91342	55.9256	34.56457	4.8286	3.86153	22.58722	7.96262	7.13794	9.87719	10.10115	5.24603	5.18971	10.77651	14.96548	26.85376	19.60446	19.89936	0.7898	0.16338	7.56399	16.92163	17.48999	10.54227	15.23265	17.50498	19.80786	16.82291	21.26598	3.7042	9.5499	5.86462	5.0841	10.06738	0.90508	12.26035	19.39063	23.20818	18.52547	21.73629	20.48279	22.0965	24.21989	40.16717	42.21046	7.43964	3.47096	2.93726	3.48965	27.54263	9.89433	18.73592	26.61123	12.9906	29.09783	18.96299	32.20219	20.54346	19.72644	6.81117	3.9132	19.25453	31.4155	29.38955	18.7902	27.68773	10.80272	18.91183	15.84438	19.94638	10.20811	8.279	10.29241	6.33731	6.52805	7.23894	5.21643	12.73811
GH5_1	18.52854	25.04571	35.88726	NA	NA	1.8372	5.71956	16.51508	28.94272	21.06671	6.36538	5.43058	5.70328	15.84809	30.02437	22.04623	23.08027	19.34415	12.26763	12.81111	6.28611	4.62324	6.97242	4.61166	3.47627	13.24998	15.68506	11.01204	10.19936	16.9861	7.13716	20.11986	11.60534	40.24383	42.10465	19.69652	9.91074	37.89121	34.25942	2.29699	18.46384	9.56653	24.04695	1.40054	21.53096	1.12826	4.08136	3.71675	10.0495	11.38957	50.54511	29.9807	4.18809	1.73518	14.75819	7.70014	8.86244	11.40427	8.84991	3.2469	3.72918	9.13502	15.02768	14.47924	10.05059	4.48513	NA	NA	9.93653	13.29846	8.3046	6.44841	12.68404	11.89512	12.44264	10.97294	16.38233	1.02366	5.13789	3.51372	2.47284	9.1399	0.48337	12.56083	12.31274	18.32043	14.76881	17.9636	15.68095	13.68415	17.56602	13.58712	17.59557	2.99453	1.21547	1.38603	1.27197	7.41309	6.9036	11.91408	16.88099	6.66438	14.72553	7.95351	15.69528	15.17511	17.60001	5.14441	5.28455	18.24209	29.1331	19.53117	13.87278	9.95704	11.43168	8.7905	10.42517	25.15405	1.55084	2.65089	2.4363	0.98371	NA	0.21727	2.97217	8.41938
GH5_12	NA	NA	NA	NA	NA	NA	NA	NA	NA	NA	NA	NA	NA	NA	NA	NA	NA	NA	NA	NA	NA	NA	NA	NA	NA	NA	NA	NA	NA	NA	NA	NA	NA	NA	NA	NA	NA	NA	NA	NA	NA	NA	NA	NA	NA	NA	NA	NA	NA	NA	NA	NA	NA	NA	NA	NA	NA	NA	NA	NA	NA	NA	NA	NA	NA	NA	NA	NA	NA	NA	NA	NA	NA	NA	NA	NA	NA	NA	NA	NA	NA	NA	NA	NA	NA	NA	NA	NA	0.08347	NA	NA	NA	NA	NA	NA	NA	NA	NA	NA	NA	NA	NA	NA	NA	NA	NA	NA	NA	NA	NA	NA	NA	NA	NA	NA	NA	NA	NA	NA	NA	NA	NA	NA	NA	NA	NA
GH5_13	5.62429	5.52468	12.32142	6.13269	5.56018	11.69465	7.09937	6.80678	6.54183	10.85964	5.65219	17.844	13.59673	7.11021	8.37545	70.2699	100.7519	40.55079	78.00532	9.65125	15.6883	11.20835	12.3048	24.59965	10.27457	13.28592	22.64247	20.71979	31.90719	17.39647	16.96291	6.65388	26.32344	47.55449	16.10706	40.64057	24.12556	29.20551	25.74812	14.41894	10.14696	65.94121	38.95121	70.80102	46.35372	29.32984	27.78277	48.09858	76.08228	10.83157	3.85761	7.45052	54.68606	21.69104	24.31875	18.81443	16.78561	20.08607	118.49561	8.28518	21.51877	28.56885	41.63437	14.15095	29.43199	13.44551	22.93956	22.02386	12.50886	23.11821	5.69899	17.98816	12.59186	12.54572	86.42122	54.33493	25.82827	62.39641	30.8932	64.07747	85.76757	29.83666	46.64344	26.96351	34.39719	45.56295	55.46603	18.07782	17.52795	13.66097	22.3914	31.9006	31.51044	18.44067	54.92907	70.59135	89.53153	3.93352	5.80783	9.98049	6.16082	7.64693	27.33976	21.42427	11.13817	22.11867	24.0041	11.80024	15.08599	9.29995	32.74266	46.00741	23.97577	36.20947	18.32324	22.69238	11.22051	22.67506	13.66258	15.64713	15.49477	34.25733	38.59627	34.55049	26.78272	55.90621
GH5_18	NA	NA	NA	2.53091	1.65343	15.65287	2.25768	0.20057	0.03192	0.07932	0.04074	NA	0.08771	0.05664	0.14957	1.95422	0.9542	2.07659	3.00827	NA	NA	1.89173	0.73389	0.56271	0.52327	0.34728	0.02314	0.06949	NA	1.13627	1.18466	2.24137	0.42312	0.23266	0.68901	0.32524	0.49417	1.05987	NA	NA	NA	NA	NA	0.03319	NA	0.03604	0.26695	NA	NA	NA	0.12983	0.54084	1.21842	1.55989	1.64984	4.94827	3.74114	2.65355	1.98084	NA	NA	NA	NA	NA	NA	NA	NA	NA	NA	NA	4.25434	0.74246	2.47381	1.42577	NA	NA	NA	NA	NA	NA	NA	3.4386	0.78848	0.76582	2.37196	4.08693	4.43884	NA	NA	NA	0.04173	NA	NA	0.65171	0.4888	0.10152	0.55644	0.5036	1.27202	0.42227	1.08054	NA	NA	NA	NA	1.24381	0.90457	2.21629	0.93018	0.59144	NA	NA	NA	0.081	2.82357	1.22087	0.86735	1.58141	2.84177	0.16025	1.40712	1.27635	NA	NA	NA	NA
GH5_2	131.9596	122.47444	149.98073	52.88604	83.08754	62.30026	109.11047	59.37196	104.46461	94.69163	119.71941	83.8484	60.0015	91.9388	136.45167	103.35654	114.1977	136.67636	120.49419	104.119	97.15667	91.38885	115.44795	116.6828	77.07425	132.14951	119.46016	113.03229	144.0143	104.32961	94.91428	75.75239	89.94962	110.76781	100.06396	82.40148	121.19583	101.38718	124.76897	39.37477	91.01226	92.16373	142.25003	56.10968	93.62647	96.88695	78.40156	105.75203	127.88256	114.03283	183.64821	198.56522	76.6746	59.75155	78.28621	128.82376	122.04116	127.04628	139.36008	106.04519	80.07773	83.43523	99.70466	241.91111	129.26646	307.4443	47.10696	87.24532	54.46202	49.58409	49.87945	52.62836	65.73382	67.892	149.23252	89.3139	67.12057	63.65053	48.45652	68.15069	120.1005	85.98798	70.41807	124.08579	107.2957	127.08345	113.23391	78.7686	72.45766	75.235	92.21415	82.43191	76.40115	125.79225	90.98709	63.17471	56.91786	110.32024	66.58062	99.30397	127.7006	52.12111	52.67046	58.37701	58.24721	168.05901	96.32423	85.27635	73.61827	106.44381	88.75181	82.91387	134.9834	129.08707	128.21245	110.26489	87.80777	143.0887	93.49458	71.94276	111.10764	76.40406	99.80866	58.24386	111.40416	102.90415
GH5_21	7.52514	4.60126	7.6801	9.43041	10.58091	9.78532	8.22648	10.40032	95.55413	108.54541	245.33097	24.26976	3.73886	6.48627	12.70532	22.12357	24.40691	7.56089	24.17144	36.88267	61.80445	31.08612	25.00439	60.09322	24.81314	3.4469	13.40061	9.35465	13.78479	22.51667	15.8858	6.17895	17.54338	20.91182	4.53604	15.87789	29.78363	28.02455	8.51453	8.7079	13.9931	2.20263	2.02485	3.48595	1.12855	11.29303	22.70006	21.12694	47.79118	5.38075	134.04528	170.80204	23.79784	13.38755	70.66091	42.3747	43.91703	44.25655	42.11408	120.54102	37.70872	19.9817	19.77955	140.51297	52.4762	164.6162	24.29022	24.18821	3.73113	2.91927	4.85003	15.93435	17.59808	17.66557	NA	NA	NA	32.26787	15.94712	28.69596	43.80045	17.17754	25.72176	9.59032	14.33507	15.37246	17.04998	8.16238	7.40333	7.2691	7.22607	17.71872	9.85211	2.12382	4.49667	6.84933	5.97172	10.64112	4.12751	8.07016	6.81437	20.49607	27.59443	51.47756	35.16885	5.20209	16.24482	19.58636	35.95221	47.23272	5.69893	4.42562	6.03972	8.86879	9.27385	27.87037	12.71593	19.25477	6.44578	8.04755	19.12848	4.2046	35.00928	32.3519	6.90365	40.82006
GH5_22	0.05747	NA	0.0488	0.14407	0.24775	0.23201	NA	0.19842	0.50494	0.99769	1.16881	0.09772	0.05764	NA	0.10925	0.05943	0.2394	0.1263	0.0328	0.65528	0.26712	0.16042	NA	0.10121	0.07882	0.14373	0.15208	0.08645	0.12871	0.48711	0.42617	0.15615	0.37452	0.03878	0.07289	0.23614	0.05731	0.24296	0.23416	0.56011	0.20719	0.06529	0.48329	0.44919	0.86254	0.21518	0.14907	0.35062	0.06015	0.20658	0.04281	0.02229	0.24703	0.27241	0.25518	0.21427	0.26169	0.16936	0.24941	0.52637	0.95905	0.84964	0.41574	0.2127	0.41874	0.47501	1.6745	0.55732	0.79078	0.26102	0.6763	1.45132	0.93624	0.91177	NA	0.48264	0.68893	NA	NA	0.11202	NA	0.35489	0.18583	0.11013	0.08563	0.26395	0.10928	0.10599	0.11627	0.11397	NA	0.10965	0.67799	NA	NA	0.07506	0.04571	0.06228	0.37361	0.29442	0.26331	0.33624	0.14399	0.32885	0.28495	0.13026	0.072	0.45842	0.11503	0.22095	0.07696	0.07425	0.23593	0.15579	0.07249	0.07105	0.08158	0.04346	0.9502	0.23049	0.79883	1.50707	0.13862	0.63774	0.41891	0.02233
GH5_25	1.9374	0.4943	0.45204	1.95113	3.44002	5.6009	2.71614	0.10851	0.25905	0.05517	0.04408	0.20418	0.24367	NA	0.01298	0.15759	NA	0.2994	1.35552	7.76305	12.8871	NA	NA	NA	NA	12.35592	13.68034	3.1009	4.93531	4.5419	2.86941	0.28258	7.72371	NA	NA	NA	NA	NA	0.17181	0.75416	3.3104	NA	NA	NA	NA	7.92245	8.89024	13.38596	9.08805	0.57853	0.31791	0.51838	0.16578	0.79819	0.73248	48.32563	48.04002	8.41752	28.31543	NA	NA	NA	NA	0.1155	NA	NA	NA	NA	NA	NA	2.21308	9.2515	6.53459	14.36626	NA	NA	NA	NA	NA	NA	NA	0.36539	0.0123	NA	NA	NA	NA	4.76971	5.64766	2.96851	8.78594	1.64293	0.7892	43.33606	32.272	15.66446	17.76637	4.65005	2.46492	4.96396	2.09998	NA	NA	NA	NA	17.2544	16.78939	8.45576	9.00488	22.81142	35.59892	17.76439	17.95859	22.78357	0.26101	0.07208	0.24894	0.26452	12.0745	7.01554	19.83725	14.02845	NA	0.0841	NA	NA
GH5_26	0.83784	1.12041	1.1232	0.04961	0.12546	0.2422	NA	0.57345	0.45874	0.40365	0.28	NA	NA	NA	0.12019	0.15885	0.0735	0.13002	0.68085	NA	NA	NA	NA	NA	NA	0.60628	1.15489	0.88151	0.15457	9.64594	13.06845	11.77464	7.68862	0.72106	0.5847	1.2406	0.56246	0.47618	4.56172	6.02827	3.89992	0.08993	0.03901	0.03515	0.15965	NA	NA	NA	NA	NA	NA	0.02738	2.82267	3.72408	2.83891	0.20301	0.30787	NA	NA	NA	NA	NA	0.04641	0.56621	1.90681	0.71124	NA	NA	NA	NA	0.08725	0.48649	0.5898	2.78424	NA	NA	NA	3.15842	0.40223	3.00879	3.76626	0.04638	0.0434	0.2915	0.29194	0.38273	0.42899	28.34161	20.51517	16.47318	26.04263	0.15049	NA	NA	NA	NA	NA	0.19366	NA	0.04778	0.06288	NA	NA	NA	NA	NA	NA	0.03389	0.09326	0.27373	NA	0.16434	NA	0.32995	19.05771	2.29655	4.20534	7.52689	0.12474	0.20771	0.15084	NA	1.11945	3.21403	1.09707	0.64803
GH5_36	NA	NA	NA	0.46983	0.36302	0.25563	0.12917	0.54922	0.21693	0.08792	0.05939	1.53065	0.19705	0.9868	0.39837	NA	0.3528	0.40328	NA	NA	NA	NA	NA	NA	NA	NA	NA	NA	NA	NA	NA	NA	NA	NA	NA	NA	0.14069	0.06124	0.04645	0.0409	0.02426	0.42845	0.52319	1.87042	1.40575	NA	NA	NA	NA	NA	NA	NA	NA	NA	NA	0.06546	NA	NA	NA	NA	NA	NA	NA	0.01735	0.13665	NA	NA	NA	NA	0.42929	0.87728	0.33209	0.22366	0.13103	NA	NA	NA	NA	NA	NA	NA	NA	NA	NA	NA	NA	NA	0.23763	0.18471	0.56582	0.33737	3.55636	4.69061	0.02134	0.03201	0.04986	NA	0.03048	0.18029	0.59075	0.0598	NA	NA	NA	NA	NA	NA	NA	NA	NA	NA	NA	NA	NA	0.07299	NA	NA	NA	0.07118	NA	NA	NA	0.16887	0.27477	0.14327	NA
GH5_37	13.77012	24.08036	38.70376	9.82383	12.76142	8.96522	24.37826	22.45809	43.72948	25.07682	9.93017	12.81939	16.51621	19.08221	42.24498	34.92888	37.3018	44.48233	31.40349	29.53874	12.48723	16.35538	26.59791	17.96019	11.52996	30.55612	36.92766	26.30688	36.20717	22.94833	7.91565	22.31431	16.38481	42.4589	58.64632	32.81261	4.35914	31.91913	60.04379	6.15504	34.21369	26.99968	48.22006	10.35297	42.13428	3.09541	6.70319	10.12912	14.8619	19.3841	59.29971	35.35455	8.44286	3.69329	22.73281	16.04694	20.55632	28.30146	18.53967	9.07118	8.52684	16.37307	26.73912	26.9359	24.16734	22.95022	0.65452	7.05865	11.6586	14.71605	19.56586	6.85495	16.09087	14.35635	30.93079	17.00234	23.26507	5.57069	7.18726	4.97885	18.70734	12.73466	1.49514	8.79266	8.52439	15.33097	14.10658	12.93521	17.7521	22.75749	18.41259	35.67645	33.55342	11.5217	3.07898	4.40261	2.70739	10.83806	11.44907	30.40081	37.81543	9.98111	19.93721	12.56635	16.57113	31.43974	19.19248	7.89761	8.18594	21.13294	23.42447	22.27852	19.86455	15.10706	12.5593	20.95762	16.51976	21.78376	3.89331	4.99149	4.88511	4.27107	5.93879	2.32861	1.93632	8.66026
GH5_38	0.56704	0.86026	0.70312	6.60215	6.31046	2.70322	1.63406	0.73014	1.00838	0.48142	0.49539	2.69335	0.97321	1.20154	2.5017	NA	NA	NA	0.01506	0.96776	1.20216	2.04725	0.99978	4.55299	1.14997	0.31189	1.08019	0.76606	0.31119	2.88948	0.70912	0.05734	0.27805	4.21725	8.67841	15.84472	5.31461	6.60789	3.59207	7.09953	0.67992	0.49583	0.9575	2.56973	0.73428	3.12078	1.21508	2.10282	3.21326	4.3459	2.11552	2.32531	3.17255	3.08965	1.8834	0.17966	0.30554	0.15397	0.16185	3.40076	6.35832	8.3992	6.87326	0.73991	1.60151	0.48854	66.61397	62.24391	29.4196	15.35465	0.94789	2.62136	3.91855	5.70399	NA	NA	NA	3.50337	0.26555	2.95709	2.80064	3.25443	8.46522	6.24203	10.59559	3.43841	5.36025	2.52856	3.50548	3.91855	3.60442	3.54473	5.85342	NA	NA	NA	0.12634	1.06117	0.93748	1.28651	0.41545	NA	NA	NA	NA	0.04107	NA	6.80607	18.49152	10.46722	2.93202	2.00314	1.72287	2.18245	0.03341	NA	0.24124	0.05926	4.6727	4.27328	2.86693	2.78374	2.12255	5.13161	3.02237	2.72724
GH5_4	219.85451	139.0617	199.28822	38.69538	42.28209	50.60171	88.14966	139.93724	321.52585	286.11742	342.61119	82.09484	61.88761	144.08451	191.65667	155.6969	166.91284	125.79933	115.43204	116.25101	108.95036	85.5987	133.3863	147.95314	87.5787	154.09395	171.39554	163.61839	133.08194	161.84768	81.92489	144.54449	133.7101	202.47769	237.0602	127.57332	195.75037	245.70055	226.88164	48.19307	135.73558	46.36011	89.01688	34.08887	103.32578	35.02047	56.38832	84.94162	107.98533	98.19403	395.66129	342.34005	71.81232	46.23793	152.15917	173.41538	177.67722	95.28715	162.67296	207.23986	95.81611	101.84274	134.14002	570.31304	199.17134	645.69698	75.72407	33.08503	35.99803	61.53615	54.54131	78.14173	102.02628	116.7649	143.40155	93.92436	83.76555	39.72446	43.25337	59.86845	115.86006	103.14742	72.69365	94.23535	99.85865	141.44203	133.72339	127.46588	113.46779	98.37835	134.62541	194.83628	216.104	95.0677	67.36901	39.18772	54.56148	54.68797	38.66845	93.35959	104.9204	64.58417	84.57135	66.23544	84.971	169.2579	162.61756	89.59655	104.70307	177.81579	112.9198	93.25447	81.67766	130.184	106.90772	78.94525	69.99905	110.72924	39.89055	41.08617	62.60922	60.21729	94.61591	51.76398	122.06975	114.91962
GH5_41	NA	NA	NA	NA	NA	NA	NA	0.03561	NA	NA	NA	NA	NA	NA	NA	NA	NA	NA	NA	NA	NA	NA	NA	NA	NA	NA	NA	NA	NA	NA	NA	NA	NA	NA	0.33133	NA	NA	NA	NA	NA	NA	NA	NA	NA	NA	NA	NA	NA	NA	NA	NA	0.05716	NA	NA	NA	NA	0.57128	0.05809	NA	NA	NA	NA	NA	NA	NA	NA	NA	NA	NA	NA	NA	NA	NA	NA	NA	NA	NA	NA	NA	NA	NA	NA	NA	NA	NA	NA	NA	NA	NA	NA	NA	11.43637	13.57199	NA	NA	NA	NA	NA	0.06611	NA	NA	NA	NA	NA	NA	NA	NA	NA	NA	NA	NA	NA	NA	NA	NA	NA	NA	NA	NA	NA	NA	NA	NA	NA	NA	NA
GH5_44	29.47131	37.10692	30.08697	7.54175	12.79528	28.07956	11.36242	3.57652	5.85293	26.79875	14.21825	11.16586	10.59756	14.67329	16.12021	30.58704	14.7926	19.73341	21.71287	13.16855	7.83243	12.69932	8.32278	7.82601	5.8577	7.95984	5.23505	3.38861	3.81648	16.35865	13.34324	7.80494	7.59996	12.23439	13.47416	7.38094	7.28476	8.29849	8.88563	3.05082	5.27647	4.38395	6.6979	1.32836	6.0902	19.52964	97.7337	23.83908	19.19818	10.35639	29.63972	18.51602	7.87512	8.1247	15.00082	29.62747	19.33233	19.91734	10.54039	3.46858	2.73445	10.59665	15.95086	3.46777	5.7619	1.86986	44.79997	21.19057	9.07039	10.46	19.77448	11.66115	9.82807	10.18512	7.73794	5.80053	31.49439	16.63662	5.72896	3.50483	7.05029	14.76012	6.32081	12.07439	17.38078	47.61247	39.45104	3.87402	5.45848	8.45714	6.85604	3.2672	5.07379	5.95508	5.51107	3.07095	5.37313	1.68482	2.39596	6.72378	8.56383	3.02201	2.3726	2.02521	1.9649	31.04618	16.00776	13.12609	7.63222	7.20035	7.44269	20.96394	26.16299	22.48909	18.21167	14.15032	12.53685	18.23552	21.79733	7.4125	10.9153	10.60561	1.53104	1.18573	2.84332	3.28584
GH5_46	63.82346	28.67709	17.27098	10.90466	12.9604	17.14165	11.70908	25.8626	14.70068	11.34451	11.53538	25.31946	12.17973	30.32948	8.86729	10.17252	12.18596	5.90823	12.3382	30.02973	47.51091	28.40231	23.23899	43.76202	25.27499	38.61679	44.97048	49.23906	40.88562	26.16925	20.47982	20.68269	29.45143	17.42192	14.42336	18.74312	54.87045	6.60871	11.52308	11.55151	8.7475	3.89122	2.55855	18.18188	9.01453	13.71121	17.33397	25.32234	33.27564	47.89588	33.66492	40.80228	25.69692	25.67778	27.20757	51.17385	54.64601	18.97826	28.33124	69.31577	17.06825	20.28513	26.9056	12.53081	31.20932	7.91561	0.89643	1.87845	3.07404	9.00063	6.85746	25.41842	26.42748	34.99715	NA	0.40037	0.40302	0.77699	0.3252	0.69378	0.36447	15.79137	24.33002	23.51532	31.71841	29.32179	21.42061	28.98389	21.46717	16.98138	29.29766	19.82119	13.31133	43.97338	34.76302	20.87357	23.57272	30.09682	6.69738	17.33294	9.723	11.95502	8.37908	17.3365	17.80755	28.58371	32.18169	29.75064	27.77288	55.35878	34.57305	17.1256	21.87876	31.92403	70.84737	21.54595	14.46961	63.12409	17.55155	14.25028	25.8134	17.95506	46.14621	29.66679	41.57305	38.66955
GH5_48	NA	NA	NA	NA	NA	NA	NA	0.24179	0.34228	0.10317	NA	0.61781	NA	0.21494	0.30139	NA	NA	NA	NA	NA	NA	NA	NA	NA	NA	NA	NA	NA	NA	NA	NA	NA	NA	NA	NA	NA	NA	NA	NA	NA	NA	NA	NA	0.06459	0.20172	NA	NA	NA	NA	NA	NA	NA	NA	NA	NA	NA	NA	NA	NA	NA	NA	NA	NA	0.1006	NA	NA	NA	NA	NA	NA	NA	NA	0.05895	NA	NA	NA	NA	NA	NA	NA	NA	NA	NA	NA	NA	NA	NA	NA	NA	NA	NA	0.20744	NA	NA	NA	NA	NA	NA	NA	NA	NA	NA	NA	NA	NA	0.12322	NA	NA	NA	NA	NA	NA	NA	NA	1.1278	0.13625	0.03922	0.12501	NA	NA	NA	NA	NA	NA	NA	NA
GH5_5	36.25954	41.91877	44.94892	20.7327	20.67769	23.70513	16.86721	5.22366	7.13108	9.17549	4.78258	17.46888	9.72542	6.45765	7.00088	19.65126	25.66768	10.17549	15.95185	45.37589	55.76593	9.38621	12.11554	20.12677	8.29879	3.68444	2.96526	5.72279	6.83546	4.34855	7.78916	2.63855	18.94184	54.84652	20.90126	58.69203	6.32076	9.51264	22.14253	32.30415	18.74585	22.36005	14.89277	33.44243	8.84864	16.88211	11.99198	32.09374	50.20871	32.42631	8.67471	11.65757	30.00387	15.07551	16.27753	20.48538	14.45346	24.12672	77.43146	10.41261	24.79371	22.07504	27.65306	15.50852	15.32534	10.118	45.20936	52.31363	5.54639	4.78181	4.22068	10.87005	8.13734	14.67126	110.82508	63.28421	26.22729	94.49642	40.96289	103.53491	139.80453	49.30175	65.34143	49.43848	51.63389	49.94327	53.22625	12.91343	8.49649	9.83462	15.93597	15.53113	14.12224	3.56095	6.48853	10.26459	8.42428	30.97665	8.6137	10.15774	14.29558	1.43493	9.21509	9.77023	3.84003	5.13493	10.61902	2.48268	2.65727	2.72033	14.63793	13.15585	13.7786	19.27999	43.21088	58.45933	43.57419	47.10467	39.3978	51.36249	49.40055	58.30004	36.25333	36.98316	15.41189	29.16174
GH5_54	0.19908	0.05243	4.67483	1.10659	0.26053	0.04682	0.09493	0.59464	0.96275	1.78967	1.07174	0.21046	0.42443	0.50608	0.9773	1.61008	0.76383	0.84098	0.9073	0.48814	0.04287	1.21476	1.86704	0.26273	1.41654	1.61931	1.86445	1.27401	0.89401	3.18782	0.68843	1.98433	1.70823	1.57499	2.24847	0.24254	1.28912	1.40271	0.7074	1.21907	1.49746	0.37632	0.20408	0.1103	0.02088	1.48453	0.45762	0.2152	4.1106	0.1461	1.93001	1.51158	0.36414	0.73748	1.3424	2.09602	0.79863	7.60074	1.72466	NA	1.83246	0.54913	0.76299	0.66748	1.44302	5.35207	0.6369	3.14051	1.64543	1.44974	7.11643	1.59575	1.46798	3.70573	0.72298	0.25069	2.92454	0.6676	1.12732	0.91112	0.7268	1.35603	0.11097	0.12134	1.61821	1.18051	0.21426	0.97187	1.09396	1.1165	1.12705	1.42571	1.19875	NA	NA	NA	0.09733	0.70745	2.33859	1.48873	2.2417	1.14697	0.40938	2.03911	0.38835	3.273	1.00816	2.61983	0.91018	0.23013	1.43034	1.66231	1.49325	0.82501	3.26823	0.43957	1.54634	0.88725	0.54224	1.16858	0.15545	0.30705	NA	0.08347	0.15075	0.17562
GH5_7	81.72945	51.26145	50.85375	13.31683	16.16115	32.34556	25.14218	30.03933	77.31372	80.05498	127.35265	39.10835	18.26748	50.42537	45.50048	72.27426	81.60647	40.74404	70.17487	51.88151	62.20366	58.47602	37.06741	59.85759	47.68531	45.98664	51.659	48.57004	45.99001	54.21119	42.83669	54.31028	49.4485	40.85159	45.72494	25.61946	62.95162	44.40507	54.6743	30.35065	36.92943	43.68637	47.63186	42.39755	41.43781	14.78748	54.87564	29.31071	45.20674	50.847	129.5176	136.6243	29.28958	24.51542	41.69256	58.10673	60.82988	32.25775	38.77639	89.4244	29.93818	20.04685	36.8314	133.71043	52.58497	146.62451	58.16211	82.56273	69.60918	50.65858	11.65641	31.58497	38.20483	44.00866	23.06025	19.74576	24.09441	113.89586	21.8969	84.39623	60.96369	23.24737	19.40976	35.58873	42.09646	46.57797	37.32073	77.3963	58.95902	54.28125	68.41145	22.8944	17.21526	44.00424	38.65645	23.4786	30.26574	46.77273	17.37323	30.40562	23.28541	18.31461	20.52747	32.03857	30.95621	34.73926	39.26422	41.90653	51.49446	64.05549	57.36921	40.14332	31.75852	44.39982	72.04551	26.77366	22.30675	71.30969	23.54443	25.31783	38.30515	25.23481	44.57703	28.07756	46.06303	38.75
GH5_8	14.12721	19.09176	28.94174	NA	0.07021	0.16729	NA	29.80536	52.54922	38.2224	8.20159	5.7977	8.33933	18.13624	39.764	30.7633	29.36232	28.47942	19.24221	14.71169	10.26687	2.46702	3.96516	3.48662	3.27601	6.00778	8.03068	5.78249	8.51576	9.60215	3.59025	20.94842	7.97614	20.22021	18.07375	15.09019	6.91087	56.7982	68.86007	4.3979	47.19404	11.13516	19.355	2.13006	23.02681	0.76772	2.69298	2.72091	9.90586	6.13586	36.01487	20.95124	NA	NA	10.10027	6.08935	10.59762	14.95293	10.75212	1.51102	1.02476	3.69796	5.33975	12.16658	2.69394	3.3833	NA	NA	11.23458	10.6985	8.73851	5.77392	11.75133	12.04228	2.03377	6.46996	15.87368	1.26574	5.29025	3.34628	2.70334	5.31447	1.21355	5.52784	2.70286	5.98006	8.84374	11.62222	9.20812	6.91209	11.86755	4.40267	3.16395	3.19447	1.14039	1.10999	1.21573	16.79233	7.99935	22.33119	10.51859	9.83278	10.06669	6.13292	11.73371	3.6468	16.37084	5.91374	8.78412	16.56162	9.06025	16.38026	1.17803	3.98251	3.82566	5.15379	4.0558	5.52486	1.98327	2.23526	2.68037	1.61138	NA	NA	0.08245	NA
GH5_9	NA	NA	NA	NA	NA	NA	NA	NA	NA	NA	NA	NA	NA	NA	NA	NA	NA	NA	NA	NA	NA	NA	NA	NA	NA	NA	NA	NA	NA	NA	NA	NA	NA	NA	NA	NA	NA	NA	NA	NA	NA	NA	NA	NA	0.02402	NA	NA	NA	NA	NA	NA	NA	NA	NA	NA	NA	NA	NA	NA	NA	NA	NA	NA	NA	NA	NA	NA	NA	NA	NA	NA	NA	NA	NA	NA	NA	NA	NA	NA	NA	NA	NA	NA	NA	NA	NA	NA	NA	NA	NA	NA	NA	NA	NA	NA	NA	NA	NA	NA	NA	NA	NA	NA	NA	NA	NA	NA	NA	NA	NA	NA	NA	NA	NA	NA	NA	NA	NA	NA	NA	NA	NA	NA	NA	NA	NA
GH63	275.43477	150.19809	110.6062	122.01681	74.71308	99.53466	91.44409	74.91612	109.35702	99.35193	159.47425	98.72568	106.79323	91.86255	52.17204	155.07019	159.98461	77.63101	141.17584	157.37829	209.1603	174.83359	152.01427	271.89413	131.74821	170.57862	173.02434	178.06562	158.80492	141.91518	145.46525	122.13856	136.38141	58.23261	63.03278	75.55528	167.20332	82.99574	74.97819	96.25075	65.83568	103.27157	84.50471	152.1352	78.00303	100.04978	86.1462	117.13657	133.04226	97.66148	40.16847	55.58855	184.73379	136.30656	154.07692	229.95845	283.68152	111.03874	189.16134	131.64744	78.66788	78.17657	90.44745	50.85384	86.85364	41.21537	63.1398	67.62532	57.45919	117.20922	41.68947	100.03006	101.70639	112.88319	43.12174	100.23769	113.0393	142.29206	48.24988	109.59974	99.89131	88.72692	163.84997	139.54886	150.51463	132.86449	122.6274	155.70868	132.05207	120.77757	119.16151	106.34488	94.27599	221.29382	179.70497	172.50654	142.07229	96.69421	45.41661	69.00258	33.77123	162.25736	179.76945	181.39433	135.59397	101.25481	126.2393	176.86797	198.42464	214.20257	181.30675	96.10525	106.25429	143.17596	145.41991	96.17259	64.17112	131.18261	89.10635	132.39186	117.55392	172.54812	177.44648	138.52873	177.06227	171.52464
GH64	NA	0.26046	2.7729	0.20745	0.04847	0.01524	NA	0.41195	0.23731	0.51612	0.41274	6.5276	0.57371	2.54062	1.40502	0.57107	0.68746	0.39556	0.76509	0.03005	NA	1.67704	0.7219	0.93415	1.66886	2.14368	1.2882	1.52487	0.46175	2.35775	1.03737	2.3054	1.20708	0.66543	1.31917	0.084	0.53733	1.82355	0.15056	0.64882	0.39287	NA	0.37975	0.25559	0.0263	1.0956	0.13979	0.76958	3.59627	NA	0.24152	0.67589	0.07628	0.33231	0.4617	0.93491	0.29604	8.36315	1.39822	0.11544	0.95894	0.27881	0.40223	0.34741	0.52287	1.43969	NA	2.2601	0.61215	1.13211	2.89162	0.64944	0.89397	1.54549	0.47479	0.37721	2.63198	0.40835	0.87716	0.42865	0.39174	1.14291	0.10072	0.39414	1.19231	1.00578	0.12974	0.84007	0.6401	0.67423	0.72034	0.64373	0.10763	NA	NA	NA	NA	0.41348	1.50533	0.76508	1.03491	0.70763	0.53202	2.7768	0.38909	2.4537	1.63079	1.75177	0.45699	0.21265	0.61077	0.46568	1.45841	0.25649	1.22779	0.19051	0.80205	0.55726	0.58668	0.42129	0.30338	0.1022	0.12173	NA	0.12498	0.2213
GH65	132.26404	108.1512	106.29671	92.47969	76.00469	68.93509	60.92248	81.71388	58.98625	63.42103	38.84612	83.32116	65.0542	92.66256	59.64352	99.49352	83.66725	87.007	103.77877	177.00793	199.10044	120.12081	94.89181	178.24559	96.63055	120.80065	140.55948	146.12304	138.78074	217.88135	250.49397	157.99955	197.13079	92.46201	91.07362	129.37505	129.18806	73.79678	111.53335	120.04667	125.47565	55.20438	48.11373	123.05691	101.43306	105.78358	138.23397	133.06689	159.801	98.99784	55.88473	69.51182	76.92637	93.93241	130.15621	132.44726	127.05253	106.50355	138.27226	251.58262	208.51097	148.58902	145.96119	37.61861	67.45525	28.64026	56.1236	101.93324	80.53398	82.76716	82.05757	281.48225	244.8564	307.63355	46.53399	47.36093	36.43343	77.73853	31.48606	96.73908	114.30287	67.65056	70.48986	90.96849	97.9871	120.4194	143.72424	94.5231	96.93311	78.4239	99.84606	113.89448	94.93463	184.7855	143.27656	156.36638	111.34164	99.70696	46.01469	71.0813	52.49429	70.38146	91.17579	99.03062	89.38534	166.89417	164.40638	123.84322	131.44689	166.8029	80.33762	52.44229	64.31372	84.97541	112.59687	115.2039	65.27455	98.32882	111.932	122.60416	153.85227	108.22231	114.40704	170.32611	173.44201	118.23034
GH66	131.03434	71.87872	51.18212	55.69967	50.24864	51.31746	48.75788	24.5106	19.98061	22.42456	15.07423	42.87859	35.13525	55.48757	30.42801	40.57065	46.12046	16.53371	37.95815	71.34685	85.30792	74.34253	93.84219	115.78798	62.42532	94.38979	117.04941	114.0342	109.42613	70.62365	60.11325	52.65676	85.16691	53.3771	30.78706	55.61999	138.17589	40.6212	30.08006	41.31922	29.96042	26.10356	19.99507	64.03299	39.9979	53.61545	69.4242	102.47437	121.94276	30.97956	10.17603	18.40433	72.53306	65.02563	66.88393	98.4247	100.53581	45.32637	138.53516	125.39938	67.74592	48.72162	58.23313	25.89928	52.72793	20.51142	33.41893	39.00486	23.30557	28.99491	23.22532	62.53747	68.38465	77.24306	90.64608	60.72463	29.18227	69.14461	31.74797	73.26806	96.03982	93.45093	92.08592	69.11479	93.18557	80.81477	77.75443	64.98848	60.6116	47.78053	65.64793	55.39739	51.52911	106.39476	106.34384	94.25344	123.12853	38.9453	21.82695	41.09331	25.96149	49.20367	53.94349	72.37325	59.83721	76.91426	95.03766	142.13443	128.61354	125.2282	88.1489	67.13085	76.20356	79.54262	69.41075	60.23032	50.19397	55.47647	73.67646	72.69544	91.43242	69.69566	138.31565	118.9755	157.14135	98.86984
GH67	47.52894	45.38321	74.72065	88.24395	56.72071	57.59089	74.435	54.72658	119.91989	122.86371	214.17114	59.02446	28.2064	43.41037	44.26554	121.28572	102.92977	58.7358	112.08865	62.70409	96.63062	104.28925	90.37419	212.22171	87.07859	68.45624	79.95977	69.32191	92.83803	142.87259	148.95691	90.91847	126.83609	60.88133	34.7411	81.62454	177.90719	136.02965	64.51371	62.99018	75.92116	24.06942	29.2881	43.81951	20.0316	46.96181	61.73998	79.78807	116.68004	64.5698	125.58383	162.01493	132.74221	72.04167	208.97678	134.13905	176.23406	125.47205	228.51277	218.57016	136.8072	111.81165	113.85419	214.18496	88.42804	251.07267	55.95885	50.58783	20.90437	33.24048	31.61551	51.55271	66.36318	42.51226	136.29779	84.47359	38.52701	52.61502	32.47204	50.57897	58.95999	112.47635	173.18855	54.37773	49.43727	62.85268	86.74442	90.43843	121.12259	107.46822	82.3904	122.98607	111.62469	86.82833	110.01931	145.96801	144.25535	96.39553	29.46131	50.95351	42.64524	110.00732	138.5257	155.31642	97.40143	108.34988	91.5003	74.88729	86.0782	91.34301	82.32361	58.11886	107.67592	91.6627	62.83192	60.14031	45.45745	82.83891	51.1704	67.81823	90.04398	112.9359	91.6396	89.33436	75.89388	105.10394
GH68	0.24874	0.06483	0.05201	0.2247	0.09947	0.38493	0.11872	NA	NA	0.20455	0.31245	0.08629	NA	NA	NA	0.04549	0.12533	0.46698	0.36061	0.02361	NA	0.14547	0.22688	NA	0.05683	0.24837	0.15705	0.2269	0.07899	0.11905	0.03329	NA	0.27629	NA	0.40992	0.12634	NA	0.04911	0.04611	NA	0.10048	0.15525	0.71372	NA	0.01461	0.02699	NA	NA	0.02268	NA	0.07223	NA	NA	NA	NA	0.12018	0.29213	NA	0.07083	NA	NA	NA	0.09407	0.06881	NA	0.14782	0.24553	0.17725	NA	NA	NA	NA	NA	NA	0.21784	0.04009	0.1055	NA	NA	NA	NA	0.04978	0.10998	0.10289	0.44064	0.10065	0.07624	0.06554	0.03456	0.04589	NA	0.14298	0.42452	NA	NA	NA	NA	0.06922	0.03016	0.02901	0.01909	0.06604	0.09804	0.05724	NA	0.16718	0.16318	0.02701	NA	0.01741	0.36914	0.16909	0.17485	0.02754	NA	0.16566	0.03293	0.09413	0.03341	NA	NA	0.18006	NA	0.05107	NA	NA
GH70	1.82842	0.60703	0.5025	1.84203	1.01703	2.53945	0.84065	0.44727	0.15779	1.06201	1.30421	0.71936	0.51109	0.088	0.23289	0.6262	0.78363	1.85075	1.36679	0.48894	0.23446	1.22996	0.29534	0.86507	1.0031	1.52787	1.62057	1.80883	0.73714	1.76965	0.98507	0.44345	1.4843	1.75637	2.87115	2.88822	0.27453	0.51178	0.61907	1.0655	0.83744	1.09056	2.17084	0.08229	0.17378	0.44145	0.55426	0.58214	0.85523	0.83277	0.63929	0.42955	0.2959	0.78468	0.33814	0.70693	1.08205	0.64742	0.19404	0.05721	0.09228	0.575	1.1105	0.90791	0.30309	0.7339	0.89128	0.77462	1.00535	0.12128	0.40325	NA	0.16764	0.32903	0.91893	0.30618	1.28625	0.09149	0.21386	0.16935	0.1315	0.8892	0.88178	0.32142	2.15465	0.83553	0.52818	0.45808	0.36898	0.90894	0.44921	2.13394	2.85594	1.53256	0.97255	0.93243	0.97523	1.22457	0.86351	0.37033	0.39269	0.4969	0.19416	0.41547	0.28091	0.88828	0.99229	0.73536	0.57203	0.47172	2.87105	0.93518	1.27093	1.79088	0.58783	0.78709	0.88771	0.70737	0.72137	0.59797	0.93683	0.79335	0.12473	0.06379	0.19091	0.07151
GH71	NA	NA	NA	NA	NA	NA	NA	0.90509	0.67205	0.4684	0.23722	0.54438	NA	0.03972	0.10094	0.15385	0.0901	0.20376	0.2842	NA	NA	NA	NA	NA	NA	NA	NA	NA	NA	NA	NA	NA	NA	NA	NA	NA	0.64705	0.20225	0.12733	0.03362	0.01629	NA	NA	0.0484	0.49797	0.20738	0.03765	NA	2.44582	NA	NA	NA	NA	NA	NA	NA	NA	NA	NA	0.09328	0.07345	0.03669	NA	0.14288	0.04947	0.06501	0.47383	0.24839	0.87862	4.20377	0.07455	1.27996	1.49584	2.11701	NA	NA	NA	NA	NA	0.50809	NA	NA	NA	NA	NA	NA	NA	NA	NA	NA	NA	0.65984	0.66926	NA	NA	NA	NA	1.02433	0.2708	1.05856	0.06219	NA	NA	NA	NA	0.29858	0.53789	0.04677	0.05464	NA	NA	NA	NA	NA	NA	NA	NA	NA	0.24001	NA	NA	NA	NA	NA	NA	NA
GH72	NA	NA	NA	NA	NA	NA	NA	NA	NA	NA	NA	NA	NA	NA	NA	NA	NA	NA	NA	NA	NA	NA	NA	NA	NA	NA	NA	NA	NA	NA	NA	NA	NA	NA	NA	NA	NA	NA	NA	NA	NA	NA	NA	NA	NA	NA	NA	NA	NA	NA	NA	NA	NA	NA	NA	NA	NA	NA	NA	NA	NA	NA	NA	NA	NA	NA	NA	NA	NA	NA	NA	NA	NA	NA	NA	NA	NA	NA	NA	NA	NA	NA	NA	NA	NA	NA	NA	NA	NA	NA	NA	NA	NA	NA	NA	NA	NA	NA	NA	NA	NA	NA	NA	NA	NA	NA	NA	NA	NA	NA	NA	NA	NA	NA	NA	NA	NA	NA	NA	NA	NA	NA	NA	NA	NA	0.07653
GH73	459.62885	411.77146	450.43795	557.49463	417.15424	474.38403	408.43015	380.94386	522.55965	512.74694	653.09418	585.25281	351.00008	385.43015	421.31473	439.89495	380.00119	311.69394	401.8805	497.12133	587.66546	366.74153	327.99661	424.06623	280.91058	466.24024	493.53847	461.00606	453.48249	490.82829	490.5926	376.45832	429.24193	493.6861	593.5316	527.63365	408.51578	376.71946	414.32068	446.602	351.43208	357.35781	341.70301	341.76436	269.43246	542.93137	312.27675	491.90611	528.58152	562.59249	824.70833	878.25426	270.02025	227.43549	285.33826	386.00661	413.20796	424.81566	517.5251	292.14284	356.94098	405.93633	415.71594	619.75002	405.71307	690.31247	517.41248	457.84996	400.69175	364.98125	223.48629	321.70916	320.81399	304.35276	536.6418	496.15017	528.00685	471.30401	187.24122	409.06669	363.33806	533.04666	624.65035	482.53922	486.5263	394.1651	435.35177	457.35402	532.19916	520.89129	412.49755	350.28247	371.32565	375.06649	412.73085	396.36454	259.35053	532.71875	212.92992	302.04988	256.05915	376.66081	456.5443	413.45848	407.87991	211.14292	241.12651	489.59854	578.3808	555.4912	394.53904	351.42223	310.33244	366.71727	429.99592	390.77501	306.60693	385.52625	444.18901	514.39926	509.70569	570.99585	748.84698	703.59508	847.19607	809.84249
GH74	80.15921	39.09541	54.00708	7.81721	7.66349	13.42795	20.66037	26.05103	37.8045	30.35608	8.44031	14.97718	9.9027	29.6817	13.49381	48.01837	54.49793	25.56985	24.01524	49.519	25.65686	53.13101	44.43487	114.89235	48.43367	58.85529	67.09167	58.01293	51.9737	45.54879	24.09613	73.29593	54.92687	100.75907	114.93193	53.27902	69.09106	68.3016	21.31409	9.09778	17.17848	22.6927	43.63102	18.38864	47.36527	10.14697	19.75674	28.16225	44.57758	24.35691	112.86417	69.73676	32.80968	26.213	59.69316	69.37739	61.9717	21.07809	47.12353	9.47132	7.25257	7.4306	23.49623	34.72416	10.55705	3.61108	NA	NA	19.3096	35.38957	20.45204	34.89644	44.34441	50.54387	19.02074	12.56141	41.95557	1.2557	13.54383	7.0654	6.90401	29.15231	20.67806	32.56086	34.53414	43.22428	41.26096	60.34842	44.04101	31.72484	50.37096	34.00651	33.44428	36.75637	34.79368	17.47914	21.00018	6.10837	9.63118	11.23873	22.90024	7.3666	14.16691	11.32951	31.82837	21.74924	23.06022	43.43303	43.95886	82.09521	57.37627	49.33131	27.16188	39.40664	25.80462	3.57698	10.46428	19.90863	32.49523	42.84233	54.13894	51.49754	33.52275	19.8477	48.15072	28.42637
GH76	332.54357	196.07259	166.13677	107.67546	94.68876	141.22891	101.72489	62.63637	57.55661	64.72361	45.21631	189.11709	285.8267	177.41589	59.72777	153.81672	213.11934	68.06106	159.47808	196.2477	262.6137	219.11143	231.50464	303.67198	184.61153	178.10344	236.26581	259.82265	235.02148	172.62148	182.94541	171.94536	243.10424	198.00761	108.53622	238.3606	221.3533	117.48975	73.04825	128.31856	64.21659	112.53476	81.95777	171.50582	73.7029	128.92868	174.61539	221.14676	290.32028	353.71028	212.57819	266.33392	230.85158	178.83813	155.47512	205.73921	209.18612	117.72995	416.52359	142.30526	172.0365	138.27401	197.77503	89.58675	148.31935	59.96142	288.33655	337.87317	151.53383	189.61668	35.80969	128.43379	145.54526	156.13482	496.56557	329.05883	147.19163	401.73605	134.69599	357.11142	432.11271	233.51373	309.23984	186.4883	245.35851	215.16338	220.06265	178.23213	160.80775	109.16469	167.78711	137.78721	124.33694	297.514	390.50199	435.51645	489.63046	248.75171	37.7376	77.09393	68.70979	73.94365	172.435	158.24268	102.45673	91.18854	120.98014	171.11724	238.70003	255.48133	194.45888	154.44761	150.21475	190.5986	409.38608	182.44588	143.32449	408.60412	184.87044	205.66741	262.87463	267.8495	301.57467	269.56038	396.51828	278.51573
GH77	574.50103	629.23641	669.00758	763.90594	628.74768	664.6434	756.28607	514.43918	590.08485	536.21592	492.82362	515.99098	511.99537	592.49911	618.1034	860.83019	680.55512	783.17882	769.5513	508.89423	427.56018	610.75209	502.85809	548.56873	403.14468	694.21392	666.17001	769.62758	669.18524	720.70294	720.24264	756.39116	690.23119	709.64625	687.13945	635.37137	571.52203	786.583	674.95346	451.76606	630.84208	647.11799	757.90285	489.59857	519.18724	789.35402	738.21411	701.27717	633.8498	671.99143	665.01392	652.43943	673.25221	624.85723	655.06057	650.2859	578.84959	743.71352	574.62933	467.0702	628.25027	602.45888	581.68667	566.84106	495.51468	594.80866	405.53471	511.99451	595.67081	480.13711	782.64673	521.05489	585.09587	536.24585	624.17815	658.00917	565.77851	530.70336	396.57869	463.68122	506.99699	729.91337	544.45243	595.20795	599.82389	667.36875	701.67737	469.05921	507.69812	536.09513	508.4795	558.56372	553.40182	651.93755	545.29704	463.55167	353.88091	676.82299	562.15236	746.11719	768.33553	602.83897	575.48278	583.54561	595.1608	874.86612	708.29471	725.7775	584.01231	534.89827	755.68057	820.93708	773.12619	668.12224	657.43468	669.38866	536.04613	590.95061	704.58593	588.08217	644.06572	520.75815	447.67602	497.27384	441.93868	419.02046
GH78	578.79621	434.29616	419.99946	637.83776	402.96276	593.6388	491.42059	475.49243	387.974	407.34699	291.35529	554.61786	883.89468	539.40236	362.34715	575.37173	657.35307	477.4567	523.28882	835.14791	1049.29215	519.97091	405.39775	605.67746	368.09996	495.30394	554.83016	484.39617	493.4984	612.60382	591.20325	492.12271	636.69865	600.70661	410.21331	668.64637	606.14681	433.44981	489.13186	673.76035	476.09569	676.80359	516.21896	712.72478	474.67012	454.82655	485.00436	567.9734	769.83508	603.13507	428.25498	500.05616	654.97586	374.05117	443.2588	432.02914	503.92574	441.95695	718.41158	986.78053	685.53315	639.40624	672.34011	322.7712	442.07165	252.73048	992.38895	913.01611	695.89407	646.91493	293.31954	485.20705	601.37024	673.28966	699.37367	543.81318	423.99935	968.81504	303.04254	994.67259	768.98998	674.12691	784.07295	545.7347	681.41336	549.91835	642.13677	625.87794	549.86871	510.79046	499.21431	549.58042	525.15233	568.67997	644.75072	740.65453	670.13468	512.83595	380.15508	526.50238	279.14872	611.5056	695.88999	745.93441	537.17278	435.72533	519.98178	623.19319	693.38487	620.48626	712.57128	552.40098	584.67687	648.42742	723.88456	738.92595	451.40095	729.35507	533.50217	573.91241	647.00181	706.97085	650.75736	760.67309	656.17893	669.56265
GH79	6.53935	3.39289	5.47066	2.44159	1.64033	10.23311	3.84564	3.76088	2.1583	0.37353	0.75593	3.8314	0.64423	2.17825	3.93609	2.56512	2.01938	2.66258	3.68255	24.80172	28.37447	5.03168	4.55892	5.59193	3.86751	2.07651	4.87623	2.30408	3.66556	7.96967	6.95482	3.93876	6.19917	0.47648	1.71466	0.82685	3.69698	3.34553	2.96076	1.77409	1.65795	1.28246	2.98153	0.73552	2.2346	2.06793	10.19091	3.30814	10.22398	1.36045	2.04866	1.73304	1.87509	2.55617	1.78715	4.43894	2.5035	12.59202	5.60466	55.53722	13.06688	12.26137	15.76215	1.89721	2.82648	1.51455	0.34659	0.32715	2.06324	0.89136	5.29451	4.2903	6.72742	8.64677	6.51559	1.63908	0.75344	0.64376	0.87092	2.51109	3.61863	5.35561	1.65572	1.57249	3.02453	3.69957	3.45399	1.76735	1.70591	1.97219	1.1095	5.37479	2.29067	1.04742	0.65349	1.77095	0.60255	1.38124	0.75496	1.32121	1.14968	9.26301	13.14573	17.7127	16.18147	7.44827	9.46072	1.78446	0.97157	2.21941	0.95722	1.22853	1.76846	2.57325	10.5719	26.22445	11.35527	13.9887	2.79794	2.70557	8.45466	3.36085	1.40293	2.48314	0.29708	0.65663
GH8	57.79456	75.16647	92.95872	34.22165	58.04598	51.16894	72.5365	37.74033	81.0044	102.94261	163.11077	57.18019	34.10626	39.94874	56.28245	73.9604	46.6127	74.22453	81.85001	113.09174	125.07023	65.3543	69.03597	92.70616	53.15458	52.48133	60.57254	58.21199	47.98384	112.84988	94.36018	58.87992	81.29474	43.00158	73.51689	25.35164	150.65922	91.37271	74.72829	43.2504	81.15743	20.78944	44.20885	20.1617	29.34319	107.15208	134.08685	74.79366	99.75793	29.82356	89.55742	116.84843	63.4686	58.24619	93.193	106.29413	99.29589	116.50906	90.22344	223.33943	123.73479	112.75244	110.24554	194.5355	83.22622	224.98088	30.23932	56.28199	39.97479	23.08734	52.42492	41.27009	52.49672	50.8014	53.61792	30.59764	35.16343	25.65958	23.01962	25.43081	49.42231	74.68501	39.75423	63.63229	55.94941	82.30088	79.85913	25.71027	38.46268	47.78959	25.81642	80.84229	78.45856	60.72232	57.77166	39.70405	18.81435	72.83158	41.06299	67.77018	80.05298	59.3802	63.63845	89.46516	75.88393	156.05792	89.71602	84.50941	73.41196	113.37243	55.28962	55.93133	77.57543	70.28477	47.86703	85.19726	54.19336	77.01149	79.76727	51.68369	97.92837	46.29944	77.77218	76.91894	65.26795	74.41729
GH81	0.07587	1.03871	12.37576	14.97876	7.6663	1.95335	3.25556	4.61927	3.23774	2.90636	2.20968	1.9513	0.59563	1.42631	2.30446	3.8688	1.5719	2.12126	3.54943	0.04907	0.06453	5.3167	7.95585	3.03353	4.06616	11.75301	5.91432	7.23844	4.92505	10.83177	3.40052	7.55995	7.00991	4.36788	6.22702	2.29949	1.45036	2.84972	1.07218	1.90072	1.11006	0.96413	2.25686	0.8752	1.01206	5.58837	2.23248	3.02129	15.53166	0.9839	3.36053	4.97103	2.27433	1.2321	4.06062	3.12218	3.53336	33.94815	4.1327	2.2809	5.75516	2.02143	2.1612	1.56848	3.78337	8.77999	NA	10.44344	9.77603	2.5428	11.18858	3.0837	2.1511	5.22554	1.0532	0.6204	5.05571	2.96849	3.72428	3.51596	1.56316	3.09511	0.35844	1.72001	4.0932	3.54261	1.83852	2.19556	2.2808	1.69613	2.58185	1.61098	1.03916	0.70959	0.30474	0.12388	0.14478	3.42905	9.7545	5.66221	6.83587	7.00347	3.50897	9.93429	2.1017	15.40899	8.18519	10.80628	2.72426	1.16288	3.2716	3.53966	2.8558	2.59557	5.63918	2.28598	3.11061	1.75179	2.03578	2.55751	0.70899	0.49063	0.52343	0.33676	0.2371	1.44717
GH82	NA	NA	NA	NA	NA	NA	NA	NA	NA	NA	NA	NA	NA	NA	NA	NA	NA	NA	NA	NA	NA	NA	NA	NA	NA	10.93629	13.19086	3.1962	5.28299	NA	NA	NA	NA	NA	NA	NA	1.30325	0.27356	NA	NA	NA	NA	NA	NA	NA	NA	NA	NA	NA	NA	NA	NA	NA	NA	NA	0.33828	0.65765	2.60469	2.76774	NA	NA	NA	NA	NA	NA	NA	NA	NA	NA	NA	0.39174	0.14357	0.43052	0.3907	NA	NA	NA	NA	NA	NA	NA	NA	NA	NA	NA	NA	NA	NA	NA	NA	NA	NA	NA	NA	NA	NA	NA	NA	NA	NA	NA	NA	NA	NA	NA	NA	NA	NA	NA	NA	NA	NA	NA	NA	NA	NA	NA	NA	0.14211	NA	NA	NA	NA	NA	NA	NA
GH84	177.76296	102.54221	81.32273	142.3736	80.47894	72.55757	72.13408	82.66501	76.32987	54.23506	49.27671	98.68774	47.58915	65.99752	52.13012	134.06643	123.4451	68.52334	115.21599	67.71879	75.07188	81.21837	80.2327	112.54422	69.27315	114.18041	125.52954	126.94938	115.35262	98.61449	112.57655	93.42567	92.17248	63.74704	45.2148	85.52365	120.19597	58.56569	78.71727	135.13357	64.80547	105.18486	89.38518	172.88109	68.26747	82.83643	82.83046	81.63379	83.34127	138.32637	162.00844	189.48704	119.222	91.52359	94.78992	113.39504	142.05175	90.64939	130.63441	74.98246	92.94093	82.46572	92.03588	38.34067	56.6498	26.97267	150.08999	166.73835	172.69826	118.59599	56.70436	97.14169	81.59394	84.93567	72.66164	98.48461	109.98438	96.43908	70.89757	86.54484	109.43324	114.89821	136.33955	112.57203	128.70545	86.02729	104.08289	103.50651	102.65519	91.82329	103.54221	66.76451	73.7998	135.63422	146.88693	156.99817	102.67219	140.36138	72.74871	72.42409	49.95341	160.53389	122.59621	121.68214	104.75398	73.14001	112.11673	107.60633	106.79789	92.66614	133.70456	99.84066	108.83953	111.98317	134.26765	66.77851	75.24125	115.24396	84.21972	129.77427	95.90224	132.93021	94.23012	100.26706	129.32887	87.04472
GH85	30.89975	48.02657	39.25501	27.39101	24.80043	36.73309	19.41856	13.7993	19.44343	11.41753	7.34749	45.92741	19.91228	20.9898	17.013	23.24155	20.86424	16.66305	20.01413	31.54559	24.05831	10.197	8.78214	7.23619	5.364	24.96708	26.51709	23.77265	22.41212	8.58568	9.48043	10.0351	9.90742	15.52873	7.78309	15.42839	13.51831	11.80847	24.9047	38.40218	21.0747	26.21567	17.86633	70.21674	45.02741	9.18079	9.30226	13.10717	10.09709	39.66501	12.69506	10.40184	17.40436	19.30141	12.39206	28.44574	18.75728	31.89553	21.73527	32.19161	49.30758	31.53977	28.59547	16.56032	21.17797	9.29238	2.67342	15.39571	9.70417	17.86665	13.48393	14.9845	21.20391	22.762	84.33547	95.6677	53.21952	117.87122	35.33583	128.1975	136.51086	26.81471	12.93007	52.05196	54.09834	50.94367	56.07248	16.25627	17.7655	15.86372	19.45144	17.2831	20.61788	10.88392	12.3466	7.48375	11.33966	43.86835	12.40413	15.77857	19.59497	6.68085	5.41263	7.67272	13.88716	34.73211	37.86898	17.63276	8.45977	5.80473	27.84165	24.44077	22.99903	22.05423	52.5221	59.75805	52.86926	45.301	58.2465	90.95106	50.05225	33.37015	9.64574	30.34854	25.40877	6.5017
GH86	0.02665	NA	NA	19.87155	4.68063	21.43366	13.65839	2.07877	1.46007	2.36216	0.34416	0.05712	NA	NA	0.01442	NA	NA	NA	5.38765	5.98792	2.38807	NA	NA	NA	NA	2.65495	2.15463	2.38973	3.10063	25.43961	33.5051	32.42273	44.83532	0.01798	NA	0.04648	NA	NA	NA	0.01427	NA	NA	NA	NA	NA	NA	NA	NA	NA	23.00077	21.15145	18.92262	NA	NA	NA	NA	NA	NA	NA	NA	NA	NA	NA	0.00819	NA	NA	NA	NA	0.18334	NA	0.01235	NA	NA	0.0852	NA	NA	NA	NA	NA	NA	NA	15.07342	24.94364	NA	NA	NA	NA	NA	NA	NA	NA	NA	NA	0.02164	0.28984	0.29489	1.02953	NA	NA	NA	NA	NA	NA	NA	NA	0.21099	0.11663	0.01275	NA	NA	NA	NA	NA	NA	NA	0.03283	NA	NA	NA	NA	NA	NA	NA	0.25421	NA	NA
GH87	0.24031	0.53266	5.53525	0.11848	0.14247	0.25565	0.06082	0.76774	0.44496	0.41589	0.56525	15.20616	0.97514	5.91676	2.67796	0.11315	0.03041	0.27461	0.75042	0.05223	0.02012	0.87425	0.17616	0.54985	0.30266	1.72567	0.54632	0.83622	0.28442	0.15515	0.10915	0.04348	0.17091	0.21356	0.41119	0.14957	NA	0.03146	0.55808	0.57274	1.09173	0.3686	0.82001	0.24158	0.43476	0.06499	NA	NA	0.01553	0.13234	0.38991	0.08469	NA	NA	NA	2.61806	0.8774	7.94558	1.48417	NA	0.01546	0.04608	0.16235	0.28412	0.86064	1.89348	0.03805	0.13731	0.58621	0.42067	1.92878	0.35358	0.77079	2.40933	0.33294	0.04497	0.36802	0.39251	0.09551	0.81053	0.1137	0.27734	0.14009	0.01923	0.23263	0.06441	0.07687	0.38034	0.27624	0.57411	0.79961	4.74978	2.75016	0.01089	0.04666	NA	NA	1.06261	2.35292	1.99721	1.1755	1.56379	0.54803	2.53028	0.25394	5.06301	2.21656	0.83839	0.73356	0.19082	1.22928	0.32815	0.74109	0.02242	0.21322	0.30637	0.34452	0.43953	0.09695	0.07905	0.03527	0.03626	0.09874	NA	0.03433	0.18973
GH88	293.3787	302.1865	354.1571	436.88326	288.44491	319.69852	301.89678	271.47839	242.35579	198.78828	168.72056	298.8446	172.98551	268.29247	168.37897	299.52006	290.1453	183.40757	303.3867	451.84943	681.71209	529.54553	491.52457	861.30826	426.12076	401.49241	487.59301	515.91484	486.81354	576.17206	597.81395	453.79282	541.61081	492.42035	257.26483	595.02718	568.57425	422.59038	209.29914	347.25351	227.21334	147.53943	137.6681	206.6701	115.27393	350.98436	373.22846	472.54715	674.58295	372.19204	182.54279	222.13916	591.86608	402.43426	702.20381	507.3208	607.02859	486.67471	795.67777	1028.06462	534.60667	419.52333	486.39118	176.41629	338.13857	154.97449	534.71364	473.82969	266.81583	181.52001	165.15308	287.78398	318.57245	318.42771	686.53294	508.69899	323.69136	452.17175	211.16686	486.22035	661.8116	528.2713	797.15165	379.3235	420.67344	359.36992	418.8543	372.32259	408.54345	385.26716	380.46103	412.72445	331.36248	531.00954	642.16507	841.13477	704.33511	455.73141	161.83964	210.67137	169.73026	356.62661	508.72265	571.5329	391.09367	219.95173	303.15638	512.37777	610.78839	609.10192	326.63378	232.27202	297.12665	393.75555	324.38201	329.4086	241.70758	348.73359	409.01866	561.89846	615.2352	701.64951	729.057	652.82143	639.6658	728.2023
GH89	212.84418	188.77747	217.18632	337.61788	203.04614	189.42238	198.54662	154.77907	155.22463	120.18954	98.58482	150.13997	85.66414	93.9522	71.50132	270.02716	276.44744	134.81185	223.19221	268.84877	367.56533	170.86212	157.2757	237.03391	138.80282	187.68004	242.52207	224.15153	217.08024	251.26594	267.2579	188.97579	189.35144	392.66516	162.98917	476.61674	197.47551	233.71767	149.74104	273.84944	144.77932	195.29106	167.65478	272.50496	172.11055	281.65665	264.23793	361.03699	425.96627	256.34813	107.70689	136.53231	368.62481	235.79073	237.4488	208.12299	306.61955	290.94397	633.76871	398.65531	263.21255	217.9638	218.99461	118.48164	150.75726	83.87735	379.08641	434.8743	292.92965	204.40434	99.21932	153.80163	162.6728	153.13564	447.99391	344.32074	228.00972	382.56843	247.70444	372.35942	464.09222	315.14673	422.54208	252.07651	269.56429	216.80778	273.80724	234.67812	299.81371	278.27348	238.87095	237.71858	208.5317	357.52626	429.78708	560.06515	451.32595	373.70478	157.46106	186.11401	113.61633	263.41827	365.28691	394.77407	248.42894	128.74134	224.56192	210.80439	266.84489	129.81919	263.25413	203.53957	280.61684	290.1574	203.822	224.23369	213.90528	236.54562	272.74412	416.26382	369.17392	528.17318	287.88104	344.2037	311.36175	285.75333
GH9	617.84175	324.88149	234.75506	126.55776	110.79804	145.60138	162.50552	88.47991	78.55326	73.59021	35.10294	146.03286	120.11314	225.77827	110.26861	233.33723	212.33812	136.18615	222.1014	230.5762	304.82981	318.80619	346.00445	600.02147	282.22411	370.00047	411.96411	384.40277	355.51257	249.59221	207.88049	221.89306	304.12975	156.80489	186.39097	120.02081	594.72746	182.79824	139.98369	109.94045	112.48509	78.45974	125.55465	220.68985	110.67832	116.76878	168.58132	230.89598	289.91964	145.53935	120.03423	117.27485	297.12854	239.42498	414.30762	517.11367	530.11343	223.08621	406.09606	334.9685	154.19509	127.25734	241.49838	122.55998	277.39107	124.57144	73.35581	39.26633	25.32706	22.29705	62.27814	218.6876	221.98883	261.29794	189.35641	95.96735	43.24334	14.88827	13.30998	20.43362	17.50547	219.55327	235.42914	232.42157	305.30416	331.0692	245.80437	315.42585	299.344	236.8306	301.32902	211.12963	187.79333	396.21724	284.24196	161.4686	217.55137	148.90544	100.57621	184.80535	158.30965	48.84271	73.63245	87.42981	78.42381	257.39924	254.21245	323.25948	334.27637	534.11008	381.83006	225.62514	271.94049	327.60876	242.48755	138.97915	128.37808	208.84001	173.62625	170.23496	287.3704	224.25714	333.39413	235.89262	407.6686	321.69896
GH91	8.03356	7.20585	10.89272	43.83019	23.28765	28.70483	24.85783	11.60345	9.42568	10.69154	9.55577	19.52717	10.17913	8.39489	17.8647	58.84192	39.4422	17.82948	69.53925	6.42031	7.00498	21.89022	15.21629	17.03478	24.21616	21.39329	33.75879	28.54457	31.81528	114.11416	137.27825	85.61635	104.20073	76.57776	28.38564	102.22402	10.64386	17.66216	12.8548	49.95456	13.64625	18.14084	26.71401	4.98224	7.58989	27.16136	16.52108	20.09999	25.31618	22.3906	9.73528	21.4198	10.91394	13.65611	11.39802	35.184	16.75575	26.67693	14.20671	8.88401	11.68665	14.59628	14.0501	4.09383	6.21443	3.54855	27.64626	30.25522	5.2619	3.34739	27.14381	13.19723	15.97128	18.12502	5.78155	2.59068	2.23828	14.92041	10.43714	5.25589	18.49128	72.09636	85.49149	10.51828	19.88623	7.00312	5.44173	16.11503	18.20202	21.25914	17.84868	1.62825	1.81528	42.44093	41.07907	43.32448	17.79867	63.08413	17.89598	8.5573	18.80974	10.03532	15.30681	11.10665	16.98299	27.83281	22.5438	30.20734	21.04629	22.07668	30.89871	42.10963	41.69928	38.41217	11.99798	23.25793	23.6667	20.49252	41.08572	39.27378	34.63841	32.18012	13.52193	8.08431	5.22066	28.24173
GH92	1234.84459	1192.67291	1070.68726	1425.43811	949.07169	1199.78484	1086.45023	847.25036	800.8525	617.72235	568.43991	1410.97915	1705.78964	986.00599	490.41938	1942.86295	2029.07285	886.3794	1885.19198	1677.64905	2290.55066	1707.15238	1433.05749	2306.26919	1320.69104	1089.95374	1339.74505	1350.81064	1185.14087	1515.112	1594.32117	1368.97534	1626.62019	1395.75361	940.61975	1950.60394	1513.21622	1088.44802	954.38695	1373.34182	720.23126	1175.01059	956.39748	1553.91457	637.69322	1206.16615	1233.6143	1498.6055	1895.00718	1899.85852	1207.97067	1476.82172	1680.31637	1092.4284	1502.05371	1513.67038	1850.73085	1270.22177	2701.06181	2349.27519	1403.07013	1219.99477	1253.24202	1366.50501	1228.24712	1345.32224	2259.31238	2529.55249	1664.90762	1408.92981	404.324	975.3263	1050.4338	1079.99616	1734.89485	1503.7993	1051.05806	2540.01434	726.31479	2232.67784	2108.06947	1372.69345	1998.77983	1278.36179	1416.34985	1167.14144	1387.02281	1514.19635	1399.0806	1178.26186	1230.04442	1066.46756	911.55701	1852.43598	1987.23173	2464.70503	2285.70277	1574.09575	490.12369	653.18141	480.78696	1131.82205	1693.97608	1763.01369	1085.99961	668.97411	987.80332	1321.70008	1609.89714	1337.6064	1439.4905	1103.40752	1283.36612	1516.25452	1734.43678	1474.98724	1091.18907	1748.62529	1145.34533	1695.601	1724.72432	2049.57764	1976.38407	1944.26951	2207.40604	1786.68599
GH93	0.44409	2.23921	2.22684	0.86745	0.63084	0.79098	0.50568	1.11542	0.90043	0.55785	0.67713	0.82446	0.63115	0.35668	1.40313	1.42584	1.9614	0.91807	1.62065	5.38201	6.98745	15.97024	6.18269	4.42817	8.88198	1.18401	1.77432	0.76435	0.88956	3.2784	4.83831	4.47326	7.92682	7.46479	3.37525	11.93022	11.36652	19.56303	2.04645	6.30869	2.88024	2.48373	3.65309	16.91235	4.43207	2.44585	0.66173	1.15415	3.36134	0.55241	0.07913	0.61238	7.76813	8.87365	7.70195	3.91819	4.47042	1.98672	3.47294	NA	0.24179	NA	0.09229	3.39775	5.53286	2.65171	0.90329	10.21896	4.63303	0.73929	0.92656	2.50142	2.10698	4.07296	0.24496	2.56101	0.37494	3.81572	5.60747	0.64336	0.36834	0.22756	0.02612	0.96466	0.24122	0.53148	1.60172	2.00417	1.48051	2.33631	2.7377	3.04099	3.46502	0.15848	0.64888	0.12751	0.03977	0.91808	0.427	1.11663	1.06238	0.44462	0.33998	0.26957	0.52009	1.14271	0.97728	0.46854	0.56239	0.24896	4.04297	4.97055	2.26707	5.66152	4.35174	8.36674	3.58259	6.8613	0.88647	1.18806	0.47393	0.86149	5.90969	29.7648	31.3913	1.96279
GH94	305.11648	302.246	425.97717	199.66851	272.36563	198.16532	345.09452	335.24726	311.17351	315.03095	293.7704	213.09247	216.35535	284.0343	383.87859	374.23922	310.84018	407.96274	347.88246	320.39963	171.68611	256.12953	327.12483	253.54154	194.92045	326.61237	307.35149	282.38192	316.63648	347.68232	319.92224	298.51029	272.95685	374.10314	410.65985	251.29161	258.09856	361.55764	435.3222	255.23204	411.74311	262.69318	395.26752	196.36648	330.6014	362.76969	351.14095	314.37057	310.98827	184.88485	331.5429	318.54931	191.99274	172.56637	186.03365	275.26492	223.62457	328.465	204.3213	188.45978	271.0687	258.68575	269.73299	349.07328	316.26676	348.81255	60.25099	223.00411	284.32145	227.77209	232.12303	144.0142	200.29371	193.01012	277.12192	199.12184	218.54066	167.82351	142.4545	151.17815	263.07292	310.0081	128.69192	306.0962	224.76591	311.83752	286.72884	242.98047	223.84591	233.73937	253.10148	283.10079	288.3892	301.00747	265.45292	161.41193	102.83823	286.29808	249.09096	321.00931	357.11158	267.02124	260.45351	238.59336	286.28713	670.64283	438.61709	353.78047	252.68553	279.07087	336.97997	322.77029	400.55819	331.18608	236.51126	285.98024	225.62725	248.58557	337.96355	222.56069	297.43315	195.82266	229.47548	235.04333	239.44163	212.8908
GH95	421.53472	294.44778	402.25721	489.51905	322.01034	303.06498	312.97692	311.44116	430.6385	386.74646	550.03821	298.98742	167.59396	233.96494	207.93208	407.77935	374.20399	237.74542	365.87055	509.86808	734.82286	473.02072	342.74228	670.66598	363.2986	342.75882	399.84665	371.15996	376.84038	586.91773	581.63267	424.46953	487.60623	518.43748	343.16791	608.21501	456.24386	430.74445	300.06657	433.46201	307.97843	274.97247	283.97807	383.41818	271.48254	390.60574	469.55512	508.20557	674.81785	501.09946	502.71595	568.977	546.22546	367.12909	637.50906	424.99516	549.93517	441.84263	774.24772	1020.29748	541.12891	436.6319	466.22889	638.59225	389.28829	666.03549	395.06091	464.03922	288.59317	208.29176	255.53577	346.15694	367.25684	353.8812	586.12187	555.34745	469.8354	496.89441	301.20481	463.82447	682.36868	516.61735	684.6851	458.03174	470.78265	396.65987	457.58334	449.73956	524.66866	514.65599	444.65674	491.94608	441.36695	477.62766	589.70461	756.30522	591.33857	568.45391	265.04072	305.3386	269.13985	560.9153	659.29155	743.91194	545.61046	256.33084	415.38843	526.73189	626.18055	464.64888	499.22791	339.94389	421.16258	455.92613	393.3471	389.03397	282.07548	473.82007	394.70689	549.77998	547.7559	700.24378	536.2929	588.40852	540.3696	560.55612
GH96	0.04562	0.08204	0.039	0.13508	0.15798	0.09001	0.54195	0.17148	NA	0.00811	0.05249	NA	0.08699	NA	0.06335	0.20595	0.07687	0.39392	0.1364	0.14622	0.46233	0.05624	NA	NA	NA	NA	NA	0.01692	0.01848	NA	NA	NA	NA	NA	0.00893	NA	NA	NA	NA	0.93273	0.15139	0.05509	0.12303	NA	0.25711	0.04643	0.13771	NA	NA	0.1737	NA	0.08714	0.03898	0.06951	0.09984	NA	NA	NA	NA	0.08299	NA	0.27076	0.19287	0.06769	0.18966	NA	NA	NA	NA	NA	0.88058	0.71248	0.53503	0.44539	0.1066	0.03096	0.06694	0.29461	NA	0.07286	NA	0.35872	0.08142	0.04902	0.02995	NA	0.04944	NA	0.05866	NA	0.10714	NA	NA	NA	0.02099	NA	NA	NA	NA	0.05962	NA	0.10715	0.22112	0.04353	0.10345	0.12548	0.0499	0.04291	NA	NA	0.10668	0.38725	0.16352	0.11205	0.27899	0.04563	0.2889	0.30699	0.13259	NA	NA	NA	0.10974	0.41291	NA	NA
GH97	1541.5965	1092.57922	896.209	1140.02731	803.42135	896.61106	886.85383	597.43377	932.83848	876.54578	1375.86288	1026.76475	910.99425	791.14083	418.39654	969.99487	1005.45879	472.53994	935.42202	1523.58524	2144.72636	1224.05167	1146.66983	1884.17681	1038.36955	1150.81898	1309.18198	1366.663	1257.82812	1407.26359	1450.23031	1185.42935	1375.60252	984.42518	619.99967	1323.45491	1676.90474	812.79373	554.04234	823.06518	490.4967	526.88072	469.69133	875.60514	347.03885	856.31556	1031.99649	1217.12309	1565.26604	984.57959	1171.81723	1390.32166	1529.75762	1014.00739	1694.15636	1500.45086	1790.43569	1056.57593	2072.64004	2240.8605	1042.09339	848.35052	980.33412	1693.2067	1191.77136	1847.11385	1038.73422	1179.04915	855.25705	773.93218	309.83734	848.57618	901.84723	885.90187	1048.50819	1036.74929	746.88475	1236.53688	450.25787	1174.37148	1229.24124	1044.5761	1606.60061	1104.64581	1187.79322	1055.84879	1098.19924	1198.61886	1133.21245	1027.84322	1041.3346	1058.56267	885.41616	1544.74879	1503.62229	1739.82176	1738.73937	885.83747	362.03507	524.27129	323.33271	1001.38985	1308.34971	1496.99852	984.20788	620.53411	876.71297	1226.89959	1435.69944	1437.68803	1255.14648	885.63538	1101.1329	1282.20399	1045.21797	910.81325	696.34928	1053.11958	837.69851	1215.04039	1361.47971	1552.74074	1501.76002	1383.86579	1606.27213	1428.14853
GH98	4.50734	0.73466	2.37395	7.34228	16.75218	12.05254	8.15364	7.26552	4.96288	6.21218	1.96132	11.25842	1.435	2.67997	7.03344	10.03475	8.87789	6.67403	4.89773	4.72525	15.37141	1.4115	0.2489	3.85055	0.97869	2.62741	1.51497	3.82995	4.16772	1.45278	1.76409	1.39674	3.18496	10.27967	3.1798	16.50335	9.32656	12.26074	3.37681	2.02564	3.01461	10.97765	9.34968	16.31869	26.98791	5.78407	10.30803	8.09016	4.34359	4.19434	75.78404	94.33512	4.53009	9.61239	6.79668	4.07753	3.34733	4.40304	50.01261	4.20198	7.86214	11.141	16.16371	7.19654	8.38906	2.88176	22.8203	22.64044	10.34559	19.63249	1.60225	1.89813	1.38696	2.56177	70.38844	38.81451	18.30741	3.63114	0.08601	2.0429	3.52878	32.1449	27.83757	3.12512	2.77801	1.9487	3.42211	7.30777	6.69748	11.25377	8.00043	21.48424	22.81068	6.93343	23.44833	24.67457	38.66866	2.89168	6.60079	6.50497	2.29451	9.55312	3.22135	3.76794	11.44855	1.05628	6.00131	4.96216	5.2323	4.40873	3.06546	1.70477	5.16718	4.18107	8.04365	8.93451	7.40819	10.36653	8.10833	9.20183	8.6388	20.74718	13.36571	13.50167	10.25429	10.03678
GH99	0.60042	0.67337	1.36883	3.87138	2.80133	0.47332	0.3563	0.25703	0.15624	0.29955	0.05038	6.40462	2.26965	4.86696	1.50443	1.0444	1.16989	0.2061	1.89012	0.53149	0.48971	4.35438	5.70872	6.78154	4.41217	0.83856	1.45451	1.03581	0.38938	5.62857	5.0987	5.27639	8.77574	19.51491	3.89316	7.30769	3.49327	2.77164	2.59848	6.64252	2.7529	7.88753	5.53531	6.43239	3.90909	5.84755	0.8854	3.5223	3.88977	1.1455	0.58561	1.3196	3.94175	4.17622	3.44679	4.51037	4.29118	6.19832	4.36552	0.72586	4.71591	5.47552	3.54027	5.74225	6.22721	4.75054	13.86746	17.06065	9.02797	16.48443	1.49046	4.66753	7.3917	6.59913	0.06812	0.04173	0.1021	28.26839	17.24964	33.10223	41.52709	3.24308	10.18224	3.70584	7.63067	1.63173	2.46522	0.27604	0.84239	0.2895	1.28632	3.27932	2.71012	9.77243	19.12211	32.9686	35.48496	0.10823	1.25935	2.13187	0.03925	18.92754	29.71566	26.30629	22.31845	1.96435	4.59683	7.18987	13.62372	10.67576	3.89841	3.73461	4.93689	4.82796	1.20329	0.13584	0.81336	1.52657	3.80027	4.99523	5.50879	4.09372	14.26634	22.24777	30.2118	4.23855
GT1	31.77796	15.85222	11.637	42.01357	20.48397	21.88921	17.6922	17.95468	17.27218	20.43467	10.95616	23.86649	18.22362	25.64526	19.09152	28.98598	28.63602	23.54055	20.02854	8.8983	6.73335	21.33552	7.51276	9.52591	10.70166	11.10616	14.41586	13.37532	23.54955	11.80823	12.47617	11.15366	14.8963	6.37207	5.47446	11.63498	23.85653	25.89581	27.50362	30.69166	28.92067	40.88073	35.48433	73.93863	73.15155	21.87445	20.53018	20.00693	20.93184	15.73387	3.76043	5.45563	34.09347	29.31308	18.17073	13.49782	8.25499	25.02482	36.21434	34.83473	35.15092	33.83603	34.79337	10.10935	17.13404	6.13618	28.72672	24.01166	12.63208	7.70185	24.3047	19.92559	22.95349	27.27717	11.81602	12.39999	18.73698	10.31296	13.63643	6.5379	3.77367	10.46069	7.18249	29.30292	33.42488	32.94029	52.333	34.43942	23.21153	23.45046	25.43103	35.07965	35.84657	16.60011	24.35148	25.3842	5.61182	8.87842	31.4496	37.16385	18.39635	58.08448	37.85266	37.36462	47.42088	47.44479	51.3796	22.2074	11.95587	7.87582	23.76887	19.71197	15.34091	14.27736	13.34787	17.62028	13.0433	7.98304	23.48757	22.98975	15.32043	11.17212	10.8534	13.45546	14.31356	13.38629
GT10	26.84227	9.38381	5.50125	13.3629	6.63881	9.56254	8.48424	9.20614	12.79193	12.10118	8.62722	19.53179	11.70197	8.10563	12.8506	5.32495	3.72356	4.49358	5.376	3.9166	2.93515	21.30212	9.7826	4.71404	6.72409	17.76898	28.89036	19.63954	16.93454	35.73634	48.26688	46.60061	23.71545	2.85119	5.05072	6.51691	9.4915	7.20288	21.31661	37.70153	19.93801	35.44891	22.06781	90.90266	20.87392	12.14693	38.46157	12.0944	19.03904	5.40602	2.17299	2.49827	11.17031	12.0001	10.22869	38.50381	43.55558	33.81123	37.70612	11.9633	12.07733	13.51835	15.12777	7.44228	9.56702	5.95537	36.79271	29.82478	37.96201	12.31538	22.57423	19.20938	12.39846	24.32252	17.45251	15.29511	13.82388	32.30676	24.48079	22.68986	47.24886	12.52171	57.68057	16.21199	27.5377	14.02474	24.32921	7.54408	7.78186	9.35891	8.69549	4.69865	3.05224	21.64958	49.7	59.44031	14.57375	8.59056	27.08041	35.7539	9.11142	126.19907	43.60509	46.24908	99.75925	20.88114	43.11307	13.00934	13.80469	10.55147	18.73915	60.89703	41.21283	30.66679	8.89222	19.78448	15.72271	12.45448	8.48401	20.26921	8.1011	10.38723	6.94405	7.70421	4.61403	1.22552
GT101	13.94381	19.18894	18.79886	10.25025	32.23001	12.15829	34.57565	19.41446	14.34304	14.53978	12.92323	12.92121	9.33705	11.31456	20.33915	29.83901	27.018	27.37121	30.99144	34.37724	15.62988	21.13162	22.62219	28.87252	13.60476	30.46328	42.14026	86.75251	33.93657	15.9942	16.71175	14.31709	17.04527	28.37803	18.07405	33.53328	34.87914	54.07828	15.50404	26.63344	16.48428	0.89437	2.45995	3.12306	1.92783	18.82413	45.8621	23.44392	29.24168	21.95462	5.40293	9.90217	25.85572	14.26572	15.91556	10.1415	8.32402	12.29257	38.83386	19.97786	25.21649	30.11949	44.59688	11.50092	17.36644	6.95748	39.87913	50.6827	14.57936	3.35551	38.21334	34.49034	45.27879	34.01842	63.1192	49.51888	21.35863	24.07182	5.92899	14.69752	36.88878	28.24561	53.26244	51.90611	27.52032	18.2261	46.38297	42.27006	45.84682	49.97574	49.17875	22.32069	21.45097	24.17736	28.66208	51.10025	41.03832	18.70423	6.6342	17.38785	11.75525	74.67756	82.35319	76.95106	69.06453	71.38365	17.18637	35.08605	25.06401	10.23567	45.34406	16.21198	36.04553	48.29436	6.66648	9.76064	9.52373	10.57555	22.52756	31.00029	15.36182	37.92906	54.27716	69.83495	78.8751	52.34521
GT102	NA	NA	NA	NA	NA	NA	NA	NA	NA	NA	NA	NA	NA	NA	NA	NA	NA	NA	0.21679	NA	NA	NA	NA	NA	NA	NA	NA	NA	NA	NA	NA	NA	NA	NA	NA	NA	NA	NA	NA	0.02433	NA	NA	NA	NA	0.04581	NA	NA	NA	NA	NA	NA	NA	NA	NA	NA	NA	NA	NA	NA	0.23721	0.07818	0.37323	0.95377	0.1278	0.16773	NA	NA	NA	NA	NA	0.11239	0.70613	NA	NA	NA	NA	NA	NA	NA	NA	NA	NA	NA	0.11396	0.48042	0.04118	0.03756	NA	NA	NA	NA	NA	NA	NA	NA	NA	NA	NA	NA	NA	NA	NA	NA	NA	NA	2.46537	0.82198	0.33166	NA	NA	NA	NA	NA	NA	NA	NA	NA	NA	NA	NA	NA	NA	NA	NA	NA	NA
GT103	NA	NA	NA	NA	NA	NA	NA	NA	NA	NA	NA	NA	NA	NA	NA	NA	NA	NA	0.20259	NA	NA	NA	NA	NA	NA	NA	NA	NA	NA	NA	NA	NA	NA	NA	NA	NA	NA	NA	NA	0.0424	NA	NA	NA	NA	NA	NA	NA	NA	NA	NA	NA	NA	NA	NA	NA	NA	NA	NA	NA	0.08987	NA	0.2121	0.9808	0.04866	0.14368	NA	NA	NA	NA	NA	0.05502	0.60488	NA	0.07316	NA	NA	NA	NA	NA	NA	NA	NA	NA	0.02591	0.4036	0.1404	0.04269	NA	NA	NA	NA	NA	NA	NA	NA	NA	NA	NA	NA	NA	NA	NA	NA	NA	NA	2.1901	1.28471	0.37881	NA	NA	NA	NA	NA	NA	NA	NA	NA	NA	NA	NA	NA	NA	NA	NA	NA	NA
GT104	0.48519	2.00497	3.99101	5.28792	6.41174	0.97921	5.27667	1.19107	2.05469	1.52091	0.2694	2.63159	0.36234	3.54709	1.59294	2.82378	1.16552	2.23841	4.87311	NA	NA	2.29439	1.39616	1.25956	1.46289	0.49625	0.53424	0.32846	0.38301	1.5094	1.14723	1.06877	1.05018	2.08368	2.13685	0.93329	4.42969	3.85694	0.91899	1.21516	1.50874	0.06795	0.35374	0.26554	0.16045	4.39331	0.59606	0.37308	0.84624	10.09851	7.17282	11.41282	9.94218	14.75967	6.03501	1.70165	4.70552	5.47945	5.18996	0.30166	1.89275	5.82196	5.14072	3.06614	1.10647	3.4501	5.2858	4.56927	1.70058	0.18658	0.97997	1.86027	3.67288	3.00166	0.19188	1.58638	0.92517	NA	NA	9.91741	12.96988	0.403	0.68047	3.03968	2.95517	0.90638	1.28144	1.16379	3.25346	3.27433	2.31446	1.87511	1.88068	0.80233	0.46386	1.01548	0.1784	5.20719	5.76563	7.53789	1.90545	0.5804	0.6354	0.78356	0.67089	1.5326	1.74341	1.32921	1.51688	0.86489	4.78911	8.71561	3.5021	9.40517	1.82954	0.63547	0.92245	0.4225	1.97717	1.33665	1.05229	0.31117	0.91728	0.09321	0.11223	0.36607
GT107	0.6878	0.73808	1.45282	0.83425	1.00941	0.09902	0.54266	1.83105	0.55912	0.33033	0.45274	0.73309	0.38249	0.84197	0.5631	NA	0.67467	0.15717	0.63854	1.27297	1.94207	0.09847	NA	0.08335	0.14321	0.34602	0.36432	0.17091	0.42397	0.43824	0.44249	0.5457	0.83021	1.05338	0.20713	1.21204	1.51687	1.57077	2.14785	1.4592	2.09366	0.27279	0.48818	1.98649	0.61521	1.74863	1.74418	1.63457	2.09853	2.09844	0.13486	0.10848	9.90035	15.94777	6.40665	2.17759	4.64209	7.14195	5.6823	1.14328	2.8902	6.31706	3.40383	0.70137	0.44991	0.19727	2.59182	1.46348	2.96269	4.35824	0.69647	2.27838	3.85045	3.33466	0.32174	1.73475	2.04412	0.66976	0.72151	2.31833	1.36945	0.14591	0.04449	0.3038	0.08479	0.17641	0.45806	4.03789	9.44014	13.52689	3.22129	0.26278	0.60386	1.0783	0.76551	0.60642	0.25369	9.58489	1.05196	1.54267	3.01887	1.05046	0.66254	0.68671	0.47198	1.00791	1.15381	0.34111	0.78353	0.06955	6.03043	10.04014	5.23129	11.3381	0.15704	0.62912	0.06575	0.34825	0.39486	0.17016	NA	NA	0.30629	0.80121	0.54576	3.83104
GT108	0.16536	1.78425	1.85974	NA	NA	NA	NA	2.39748	0.6045	4.06154	2.08528	0.2651	0.25561	0.66154	0.26789	0.17239	NA	0.39227	0.18807	NA	NA	0.60308	1.04072	0.19345	0.89045	2.32165	2.88815	1.70865	2.93283	0.21484	0.58814	0.12254	0.0639	0.40907	0.3894	0.26393	0.85192	0.44185	1.03001	1.65908	2.04407	NA	0.10048	NA	0.18797	0.19306	0.05076	0.09548	0.02918	NA	NA	NA	NA	NA	0.02917	NA	NA	NA	NA	0.50259	1.70685	3.5111	3.3218	0.05261	0.06905	NA	0.21037	0.07051	1.89599	2.67192	1.33894	1.11972	1.92815	2.26095	5.06799	2.77564	8.12464	NA	NA	NA	NA	1.1201	0.43315	0.85128	3.72078	3.81447	1.59712	0.74629	1.82172	2.83125	1.46169	1.53709	2.16506	0.53397	0.16944	0.02399	0.13151	1.22052	0.79227	2.50853	2.92437	NA	NA	0.03299	0.01766	1.02694	1.15084	0.21398	0.36641	NA	NA	0.07842	NA	0.01531	0.25156	1.60272	0.7621	1.72346	0.8563	0.31692	1.05022	0.19462	NA	0.07635	NA	NA
GT11	265.91473	109.56275	98.30552	123.11279	66.34412	80.65216	74.69132	62.5487	102.40732	107.82206	147.4179	64.51859	48.00013	87.98907	49.88626	94.86867	102.72549	57.83487	84.77756	80.38693	96.94805	129.38571	128.01179	152.06984	100.55505	84.19637	98.20194	92.25117	87.62129	86.41674	111.06507	96.23421	94.90182	122.7901	62.96724	124.95881	152.19114	88.66384	55.69011	120.28781	61.33357	43.21126	42.14942	64.7787	32.48329	67.81165	82.59187	82.22325	92.05338	108.08267	54.78947	75.96408	122.11233	77.05951	174.44024	129.0138	151.25881	86.72909	111.93618	66.27564	76.43401	84.14405	81.36681	108.54948	85.81339	115.60785	84.93303	55.2921	42.74325	22.65827	58.41025	85.93074	73.7049	79.25241	195.08071	217.32155	137.67658	139.01922	76.76686	184.69865	185.61691	118.15096	157.00316	98.92905	120.61067	106.95098	88.73166	85.43153	111.81463	106.40677	91.29835	91.16372	88.88667	136.76744	159.00229	172.7311	109.32123	157.52869	90.46402	100.03184	64.88961	150.81051	153.17931	133.11003	99.5347	68.34001	87.46291	140.19225	150.6639	131.35356	168.36515	111.98402	132.65097	161.7174	120.65197	67.45939	63.2551	121.98585	109.54649	138.19302	119.95715	186.55805	154.09602	114.06183	168.0632	197.11465
GT111	103.78368	144.77542	191.17957	118.06674	120.49707	143.71746	147.17438	129.26641	163.80561	152.21937	100.58063	129.12423	145.45114	128.03709	210.04126	216.58176	152.36254	196.19779	163.40444	78.24794	92.83376	115.62319	170.06483	115.51028	87.57332	146.22607	126.05129	122.23776	159.18705	75.94027	95.04733	55.46318	67.87582	153.85075	131.08101	103.93395	60.62529	180.72705	188.89556	74.81428	154.13271	58.09013	74.75347	45.85897	54.24247	121.84562	132.12616	171.63702	109.77365	151.45525	154.13472	203.6334	83.64502	51.12714	80.1585	133.51817	182.07502	157.4	139.39239	85.91792	110.33983	145.31649	147.73486	78.82801	78.55759	90.52061	73.24776	62.93577	78.22136	58.32053	73.79329	71.81816	78.50898	59.87726	120.50876	221.07763	251.81616	41.97708	15.79068	41.87715	66.26582	99.57937	112.73305	176.7084	124.12214	117.36889	181.0575	153.20545	171.88004	215.47054	154.45934	122.64567	113.66777	114.62378	103.43802	139.10985	91.11753	186.36992	76.49155	107.26589	121.33761	109.48264	137.92103	122.75839	100.74454	170.44317	135.62641	161.92855	143.33094	94.75942	151.91384	98.767	158.4522	141.88772	95.6977	124.08928	95.98434	117.4182	62.83008	72.36713	48.48012	86.8094	74.16044	93.8291	75.3999	85.03746
GT12	0.13571	0.48813	0.65208	0.34308	0.28918	0.06947	NA	0.44404	1.46993	2.14223	0.14965	NA	NA	NA	NA	NA	NA	NA	NA	NA	NA	0.24373	NA	0.11336	0.37106	0.23292	0.3803	0.0233	0.2545	0.35565	0.12641	0.14821	0.10455	0.83105	0.3516	0.23831	NA	NA	6.23304	15.62917	12.66379	NA	NA	NA	NA	NA	NA	NA	NA	NA	NA	NA	NA	NA	NA	NA	NA	NA	NA	0.14172	2.38196	0.78043	NA	0.09027	NA	0.10247	0.06325	0.03437	2.80096	NA	137.70882	30.49768	18.03255	13.1037	NA	NA	NA	0.64279	NA	NA	0.06467	NA	NA	NA	NA	NA	NA	0.69102	0.97434	0.72557	1.1504	0.27287	0.56104	0.051	0.23509	NA	0.23363	0.30786	1.76241	0.21843	0.86236	3.95207	0.67843	0.98768	1.28558	0.23181	0.17085	NA	NA	NA	5.011	4.853	2.3827	3.80925	1.21073	0.66867	0.43303	0.40901	1.61424	0.13564	NA	NA	NA	NA	NA	NA
GT13	NA	NA	NA	NA	NA	NA	NA	NA	NA	NA	NA	NA	NA	NA	NA	NA	NA	NA	0.36953	NA	NA	NA	NA	NA	NA	NA	NA	NA	NA	1.39398	1.9688	1.51347	2.17842	NA	NA	NA	NA	NA	NA	NA	NA	NA	NA	NA	NA	NA	NA	NA	NA	NA	NA	NA	NA	NA	NA	0.33442	0.1517	0.17182	0.07229	NA	NA	NA	NA	NA	NA	NA	NA	NA	NA	NA	0.10111	0.07411	0.09877	NA	NA	NA	NA	NA	NA	0.08507	NA	NA	NA	0.02871	NA	NA	NA	NA	NA	NA	NA	2.98881	2.83693	NA	NA	NA	NA	0.88405	2.51535	5.20084	0.37638	NA	NA	NA	NA	1.3231	4.18206	0.24047	NA	NA	NA	NA	NA	NA	NA	NA	NA	NA	1.27851	0.67257	0.59462	0.82644	NA	NA	NA	NA
GT14	103.38135	83.24013	67.6312	74.64826	65.19404	89.31911	88.52573	51.88861	94.09931	92.3877	158.48671	109.71126	177.02166	97.43482	63.74623	68.67522	71.95297	50.29772	72.75001	125.33388	165.34794	146.58684	139.76398	139.66869	104.68102	89.02632	87.70145	82.30682	78.93332	119.52254	140.30837	136.19699	147.95311	97.18279	99.2824	130.80455	90.76498	46.05001	46.20369	71.27283	53.86682	21.84284	29.51007	35.64274	18.4536	62.94798	35.98659	62.85602	60.97299	82.5483	114.79046	147.35347	68.99508	56.55762	74.83314	117.96597	119.93769	81.91405	87.46628	47.37207	79.12296	64.33097	67.2792	133.47207	85.79012	151.2926	10.84703	12.58773	68.10438	41.86361	36.93972	58.29583	64.45377	57.90799	29.65928	32.18225	23.74145	186.93495	54.23931	139.10377	49.72826	94.43036	83.17575	101.96958	114.99367	72.21555	65.50711	105.86605	84.02573	71.47561	86.89974	89.90895	84.88804	114.22031	99.02365	119.55622	101.03419	49.60602	20.5109	42.01749	28.62661	61.41788	68.08705	71.63373	44.35718	67.66133	78.13143	122.989	121.05873	142.23716	109.24826	78.644	62.24964	92.7686	108.91012	103.88379	72.36291	88.22087	104.01702	134.10287	132.46424	137.68406	131.93368	115.78185	149.27003	124.21366
GT15	NA	NA	NA	0.11534	NA	NA	NA	NA	NA	NA	NA	NA	NA	NA	NA	NA	NA	NA	NA	NA	NA	NA	NA	NA	NA	NA	NA	NA	NA	NA	NA	NA	NA	NA	NA	NA	NA	NA	NA	NA	NA	NA	NA	NA	NA	NA	NA	NA	NA	NA	NA	NA	NA	NA	NA	NA	NA	NA	NA	NA	NA	NA	NA	NA	NA	NA	NA	NA	NA	NA	NA	NA	NA	NA	NA	NA	NA	NA	NA	NA	NA	NA	NA	NA	NA	NA	NA	NA	NA	NA	NA	NA	NA	NA	NA	NA	NA	NA	NA	NA	NA	NA	NA	NA	NA	NA	NA	NA	NA	NA	NA	NA	NA	NA	NA	NA	NA	NA	NA	NA	NA	NA	NA	NA	NA	NA
GT17	4.23633	3.19008	5.963	6.45397	1.97628	1.64358	1.31596	3.19434	2.47364	2.43356	1.32166	3.55264	1.0177	5.34961	3.9068	2.826	2.20914	0.98068	1.72123	11.14119	11.62607	4.76205	6.97628	10.66266	4.49024	2.12187	2.47239	1.50452	2.16727	2.34326	2.33537	0.75159	4.70965	0.48471	0.23228	0.2501	0.89322	3.4924	5.32488	3.55408	3.49009	NA	0.62365	0.17076	0.46713	2.7416	1.6254	1.59321	4.92111	0.13251	0.0412	1.38166	0.57777	0.76827	2.53335	13.86454	23.25628	16.4033	14.13945	1.71661	1.32202	7.31964	6.75301	1.4763	2.9836	0.74271	20.76817	1.58467	0.81339	NA	1.17913	0.49396	1.16058	1.45895	3.26781	1.90825	1.68635	1.09556	0.51443	0.77104	0.63096	7.09206	6.96066	19.04736	13.66521	10.58334	9.92693	0.42732	0.35533	0.29843	0.38743	3.80017	3.90908	2.42513	8.77617	10.88253	17.53422	10.46816	4.17616	7.45859	4.21932	1.04845	3.18272	1.26133	0.44707	2.8343	3.24843	5.37808	5.71556	1.84319	0.79216	1.18886	0.83907	0.54976	0.79047	4.95912	4.34489	2.00324	3.7373	2.56998	4.05624	3.23687	0.50287	0.91237	0.60242	1.19028
GT19	206.58827	153.89872	151.0528	238.08239	162.91496	168.43651	148.24749	141.81695	186.55594	176.71957	249.23856	182.54831	168.39186	137.68186	77.99684	199.85661	176.99482	95.74504	188.80733	197.16927	238.06454	165.5452	116.44823	261.76413	132.40469	147.89373	180.2524	203.49285	142.39116	160.56941	179.32267	145.55791	162.99128	155.60212	139.61249	199.11092	205.39673	140.83932	113.48176	147.09521	97.223	145.26932	113.49068	218.4313	91.86494	187.63946	121.1637	165.34089	191.17794	305.44212	261.23823	281.35329	170.11079	151.18405	193.38631	211.45904	251.4808	186.92468	262.473	172.98565	158.6122	154.11391	159.55364	267.80563	165.16102	281.50987	161.11807	166.31798	123.49984	142.13907	66.96353	159.9771	163.1784	160.45592	142.45915	201.71785	226.28864	173.04643	56.42941	165.71064	145.50477	136.74584	198.17201	205.82547	188.42176	141.87814	196.91828	216.988	225.52778	178.65382	181.18979	187.54798	178.40084	213.97079	232.29824	262.24233	174.9407	264.4956	98.04558	127.89118	78.89306	152.76869	156.47363	160.40814	131.37109	76.08035	119.79003	189.72664	234.42404	209.48659	142.36878	119.07646	114.0127	160.9434	234.25746	165.50432	120.26735	191.81403	126.53178	183.57789	176.57933	217.78078	163.76407	195.28022	190.58736	180.62424
GT2	6038.12107	5001.86959	5348.26276	6059.25021	4992.96072	5077.70008	5725.81762	4148.21055	4970.40778	4810.17614	5151.74211	4863.56884	4694.79807	4402.72202	5063.37958	5939.08602	5453.20112	5037.20179	5543.52394	5449.64561	5600.10126	6013.60263	6466.15898	6501.24722	4466.70284	6007.3332	5898.06362	6324.06216	6145.99411	5515.84292	5835.35402	5109.28838	5152.19387	5750.5054	5052.62821	5931.86434	4927.58098	4851.84837	4701.80645	4838.5699	4993.06999	5193.94816	5080.47505	5248.5947	4326.36718	5391.75592	5257.59061	5809.22766	5812.86037	5416.90446	4858.59657	5477.22337	4852.16622	3854.36465	5589.26328	5620.10487	6032.65646	5689.40464	6169.75904	5611.19583	5435.60907	5464.82794	5324.53488	5317.68291	4832.99954	5538.87136	4831.16548	4981.26577	4660.86334	4156.01372	4895.32984	4624.94636	4948.0673	4508.26546	5249.13249	5821.26181	5472.02281	5708.85722	3788.79221	5409.81035	6004.15535	5618.71563	5683.04576	5625.53273	5535.63412	5468.62559	5698.20586	5032.96723	5368.71141	5296.97337	5353.29469	5096.62142	5046.54836	6278.97595	6028.74138	6384.27491	4609.0168	5942.91059	3521.45923	4720.71499	4853.84732	5658.31636	6013.34629	5686.09305	5477.61666	5700.82361	5517.42638	6345.53234	6182.60775	5714.57538	5632.37769	4982.92035	5376.58697	5514.56373	4838.77229	5415.9071	4067.93133	5093.61049	6046.18715	6418.0161	6431.18088	6438.75334	5725.2944	6003.90317	5833.89396	5998.04881
GT20	100.5874	60.10755	48.81255	118.76245	71.25139	65.64919	67.0155	47.55893	40.88382	32.42838	30.35313	68.11542	93.67454	57.3726	26.77833	72.66349	76.81603	36.18696	57.49468	56.86581	81.07461	78.91258	98.12296	106.28217	70.29642	73.97541	86.01978	87.25603	87.32157	60.62925	76.8646	55.65369	66.53563	71.44875	45.81194	121.36349	95.07645	47.31824	44.88345	72.27877	36.50441	55.38248	38.27978	99.79402	36.12019	88.04144	37.95251	75.24349	75.73874	53.69714	11.70324	26.20459	101.81856	63.44446	81.95523	80.31636	109.87005	51.22537	133.7424	41.91211	54.50182	63.97982	65.37243	21.11627	32.40427	17.44684	119.8264	133.10312	88.35038	65.61425	22.85204	62.5186	65.8898	61.67635	91.90181	95.84683	78.21983	29.6024	9.63248	24.00876	26.65641	83.08765	117.61021	104.62302	97.7181	81.72927	91.99076	94.59359	103.32575	104.33779	92.35486	82.16247	79.12331	105.29812	99.50533	99.41646	101.67276	112.93981	41.62442	52.702	29.59238	51.91581	68.31208	60.57422	28.90665	55.85426	69.28413	104.86266	124.06456	101.58401	103.60504	79.8817	80.32083	100.92249	69.99367	56.99599	56.89933	67.46359	71.50708	103.42481	83.3599	129.78072	89.16659	64.53997	81.06968	99.50096
GT22	2.84815	2.14897	1.61743	2.89513	2.24755	6.62722	3.59914	11.02385	3.81684	5.11103	3.11716	1.86344	7.58545	4.4698	1.64872	2.32046	5.66657	5.72768	4.31236	NA	NA	0.50214	NA	0.13981	0.42683	0.53206	0.67988	0.31333	0.49396	0.10351	0.2566	0.53647	0.03784	0.78219	0.70085	1.04741	6.28349	1.71478	4.58872	2.72914	3.34991	18.61328	5.37923	14.77901	10.84447	2.01621	1.95999	1.46037	1.61151	0.71064	0.127	0.11665	1.65176	3.46463	1.03818	1.41904	1.11169	3.89444	0.86445	0.33801	1.98504	1.10267	1.00397	1.43489	6.18484	1.04461	40.07401	51.63196	64.88661	51.42682	2.58179	2.90208	3.49209	2.72867	0.04296	0.07521	0.07204	NA	NA	0.05872	NA	NA	NA	8.34258	4.12039	2.7176	9.33654	6.75056	3.04445	3.48912	4.91767	3.38523	2.76246	0.30383	0.40038	0.55825	0.14853	2.14659	1.59762	4.46676	1.44693	1.88904	2.6911	2.01729	1.90388	1.6371	3.77686	1.20017	1.25416	2.81412	7.97421	10.43718	6.65784	7.70214	9.00975	5.43204	3.00426	6.99826	0.34353	0.20462	NA	NA	0.36749	0.84645	0.32758	0.06784
GT23	19.8983	18.76482	35.48023	54.46377	27.09174	20.16207	28.68064	22.29085	24.20371	12.63568	17.63832	26.54666	10.65547	15.81609	16.1869	40.91837	37.0355	21.24988	28.89042	26.84654	40.70743	27.04413	17.26396	40.63822	17.20154	15.70952	14.6071	17.89861	13.28653	20.71857	18.04583	11.92052	11.94156	20.86522	15.29313	15.2791	18.568	18.92621	16.7337	24.78827	14.86306	16.37762	17.46682	20.80441	9.38429	26.68643	11.28355	25.67046	22.36057	30.04852	5.23284	9.5941	44.99516	20.12568	33.4517	21.43919	41.68471	24.96721	46.13554	18.00214	17.96855	31.72634	28.55769	9.1974	6.99171	7.14777	5.17049	10.05419	5.69701	4.76682	12.46621	15.54132	18.48974	12.01557	7.64771	30.11511	38.9268	10.48251	5.14721	11.76118	17.96527	16.99609	40.4919	58.11545	45.52254	32.78179	37.21198	48.57499	54.35926	69.88618	49.19146	34.14157	21.88772	35.75522	34.86927	48.87995	50.58255	50.082	20.05574	26.84647	16.74274	48.40238	68.98821	59.11879	27.92402	28.32595	37.96664	59.94328	71.16823	25.76527	45.35515	17.33048	33.00468	37.62152	25.97667	22.39291	22.68913	27.13885	32.31801	50.52443	45.44987	72.28122	26.85039	18.02867	20.64971	34.53274
GT24	NA	NA	NA	NA	NA	NA	NA	NA	0.09375	0.20134	0.23207	NA	NA	NA	NA	NA	NA	NA	NA	NA	NA	NA	NA	NA	NA	NA	NA	NA	NA	NA	NA	NA	NA	NA	NA	NA	NA	NA	NA	NA	NA	NA	NA	NA	NA	NA	NA	NA	NA	NA	NA	NA	NA	NA	NA	NA	NA	NA	NA	NA	NA	NA	NA	NA	NA	NA	NA	NA	NA	NA	NA	NA	NA	NA	NA	NA	NA	NA	NA	1.07189	NA	NA	NA	NA	NA	NA	NA	NA	NA	NA	NA	0.54579	1.22335	NA	NA	NA	NA	NA	0.45834	1.47293	NA	NA	NA	NA	NA	0.12548	1.24845	NA	NA	NA	NA	NA	NA	NA	NA	NA	NA	NA	NA	NA	NA	NA	NA	NA	NA	NA
GT25	2.32077	0.89113	3.68812	22.05395	15.59591	10.66328	18.52041	5.4897	9.7674	6.54928	19.33051	11.52677	3.01958	8.15637	5.93284	1.19753	0.69969	0.92455	3.88673	0.05717	0.11742	13.7474	14.92006	12.12115	9.10943	31.60622	38.7546	48.88683	42.30599	15.65832	24.88583	20.55882	30.26693	4.14275	3.04462	5.52425	9.64393	37.96633	1.3641	9.02937	2.46457	NA	0.09228	0.26281	0.05144	14.15951	1.10173	7.87106	4.36368	12.08837	5.45817	9.29447	3.69031	3.96077	4.43843	1.20666	2.07434	NA	1.00201	6.4179	10.08571	6.36753	13.38272	7.25036	10.01488	11.68795	68.45336	41.65054	17.63902	9.55859	6.93886	9.31775	10.91746	12.55651	6.02646	3.52283	1.2785	1.88278	1.23146	347.68759	15.39709	29.40635	42.51727	NA	1.38281	0.05652	0.10185	22.80553	19.23392	15.59983	20.36783	7.50702	12.10406	12.8631	18.93359	26.46445	12.2196	6.41112	11.46856	10.63468	3.07487	0.28391	5.76722	5.12744	2.94389	6.14434	6.1759	2.68546	4.30616	6.10853	1.35772	0.90879	0.34842	1.16434	12.80416	1.99465	1.96087	10.71764	4.3662	10.34009	3.49676	6.00096	46.5144	23.9193	53.40684	29.56076
GT26	166.72735	118.87753	128.18486	225.98558	128.21856	137.78376	132.41855	134.65375	192.94082	166.39299	213.61956	117.28442	103.16435	109.04667	152.21389	143.49899	141.99108	149.00285	133.32369	121.16378	150.84799	235.36511	223.78911	284.52644	189.87781	163.00269	169.31334	202.6573	179.19805	204.82169	242.68209	228.17278	219.83005	136.47925	90.49009	137.54401	109.8957	110.08003	181.26794	181.47147	149.93965	98.28438	100.03031	151.38557	97.23456	177.99931	116.0278	164.98446	197.0372	138.58084	170.96253	168.4574	185.26988	108.40588	212.90076	159.12849	241.33158	152.27726	199.17784	145.16005	175.63635	215.6648	210.91778	88.96837	139.57258	70.53279	219.13608	182.09274	151.94538	154.0449	137.4471	163.52538	160.53702	126.5349	243.82373	221.99926	190.10382	146.91067	135.65956	135.65822	156.60887	174.39826	258.8405	253.93015	218.36087	228.9464	242.01252	158.948	195.96671	180.41826	187.02466	170.43608	161.59774	192.45404	202.43515	224.44172	188.43831	169.56292	117.56043	146.74577	107.94782	265.14263	248.07691	240.9664	216.87926	177.70951	210.68228	251.96248	266.68839	215.43765	180.62752	136.46458	160.48026	163.08918	142.417	108.79159	103.48763	129.99126	138.84106	201.54308	148.30595	295.13555	210.9281	175.87812	225.07754	229.47279
GT27	NA	NA	NA	NA	NA	NA	NA	0.47731	1.0787	0.39909	0.62048	NA	NA	NA	NA	NA	NA	NA	0.11703	NA	NA	NA	NA	NA	NA	NA	NA	NA	NA	NA	NA	NA	NA	NA	NA	NA	NA	NA	NA	NA	NA	NA	NA	NA	NA	NA	NA	NA	NA	2.58397	1.02989	3.23905	14.27838	27.32697	7.79565	0.06258	0.14193	0.86404	0.13527	NA	NA	NA	NA	0.42638	0.47006	0.5817	1.06085	0.12352	19.76024	42.82664	NA	NA	NA	NA	NA	NA	NA	NA	NA	NA	NA	NA	NA	NA	NA	NA	NA	NA	NA	NA	NA	1.54531	1.93814	NA	NA	NA	NA	NA	1.54758	2.95356	0.2483	NA	NA	NA	NA	1.67216	7.35641	0.23204	0.07379	NA	NA	NA	NA	NA	NA	NA	NA	NA	NA	NA	NA	NA	0.89546	2.41951	0.50143	3.8276
GT28	383.70111	462.95405	466.79308	467.8317	400.12668	462.8504	529.09403	519.24552	417.62165	433.79835	362.65384	497.2697	562.37938	575.87176	557.12165	476.71143	442.43718	488.04293	465.12061	377.62302	324.14056	426.67822	393.88272	357.82569	325.89228	387.154	379.85186	375.06307	375.85231	373.14729	364.46721	329.23464	303.33115	389.89712	404.77598	385.42925	379.93758	393.81866	508.52907	480.34468	537.69434	438.33157	453.1729	427.97237	432.5896	418.31392	409.48047	368.1829	371.5114	425.7814	392.29655	372.02841	297.00414	296.69666	308.80233	392.51786	365.50462	482.62439	360.78372	324.24088	435.55427	456.65743	409.23365	392.89505	442.93616	367.82292	314.28746	362.40682	424.69385	427.02287	623.86983	474.61281	483.70532	484.2236	363.0157	364.4634	453.22457	343.05412	344.70344	336.06275	334.49437	392.68802	303.88505	410.52772	385.01682	388.70234	429.11587	412.49307	348.87725	345.15643	422.16302	443.6558	435.31959	411.39989	390.66115	343.90343	209.52984	419.1635	454.66441	562.79396	533.84233	501.10471	367.23358	355.70145	416.89712	519.56441	484.64279	425.55385	349.17247	347.70151	416.55816	495.56697	399.21436	388.36118	393.92272	384.78184	288.39156	359.9315	396.30334	336.93049	390.33701	324.8366	290.19326	357.62378	328.28068	278.28296
GT29	NA	NA	NA	NA	NA	NA	NA	NA	NA	NA	NA	NA	NA	NA	NA	NA	NA	NA	NA	NA	NA	NA	NA	NA	NA	0.24736	0.53851	0.38498	0.39089	NA	NA	NA	NA	NA	NA	NA	NA	21.29122	NA	NA	NA	NA	NA	NA	NA	NA	NA	NA	NA	NA	NA	NA	NA	NA	NA	NA	NA	NA	NA	0.50017	2.31012	6.36548	4.7441	0.11943	NA	NA	NA	NA	NA	NA	NA	NA	NA	NA	NA	NA	NA	NA	NA	NA	NA	NA	NA	37.56518	3.7147	0.58812	35.06128	0.05957	NA	0.48972	0.07936	NA	NA	0.21857	0.18431	5.6185	0.34978	0.06975	0.06875	0.10397	0.10262	2.2875	2.31693	0.78788	3.35106	0.08643	NA	0.08774	NA	NA	NA	NA	NA	NA	NA	NA	NA	NA	NA	0.32918	NA	NA	0.22004	19.71304	0.91551	NA
GT3	191.8973	209.95367	176.30844	249.37095	182.91855	208.00793	162.0003	166.70016	174.00864	167.09216	208.80384	230.07448	255.69722	137.57337	81.21138	232.28888	224.38635	115.19329	229.28959	258.11575	334.84778	183.17021	153.15295	237.41423	147.61359	139.42126	163.22688	155.8965	131.86406	149.57491	170.90954	153.60817	175.9654	174.96105	161.38197	258.16566	204.71992	117.19408	140.07847	177.68991	103.69714	180.96325	136.30845	211.28896	107.37311	158.60088	140.03607	177.55152	189.74208	261.56145	187.89029	215.41566	148.79516	126.2035	172.87931	212.3227	229.20555	188.33916	247.38259	144.50635	158.1544	133.33428	122.8419	228.42038	180.82836	239.37466	250.80894	276.72834	251.64401	265.75531	65.7384	170.41732	166.78678	158.21625	140.6329	162.66031	224.10345	252.15039	52.28703	221.28063	137.08627	138.37673	170.69674	196.98975	189.89803	152.12419	202.39299	256.80956	226.93316	166.84769	198.0127	144.05231	154.5203	231.21182	233.54188	260.71479	164.03897	223.15767	75.23715	92.53279	72.64137	121.68951	166.33677	158.83317	108.67298	77.64358	103.05841	154.13193	198.17765	211.33113	146.61565	145.20701	155.21324	202.76204	252.30141	216.86237	155.37752	208.37928	135.45524	202.38061	205.86098	210.28042	190.94002	190.73846	213.00403	185.52745
GT30	205.68384	149.94369	131.94205	192.19958	152.71495	138.99998	128.50957	134.04923	183.48994	175.95931	255.65587	176.09865	159.39875	128.60625	76.58662	167.02011	159.0129	86.30253	171.92372	161.23016	224.21113	146.72898	133.44983	210.7907	123.43556	129.88693	148.9063	195.6053	128.65439	140.55325	160.19999	133.11708	144.65241	140.91766	110.74338	176.41762	186.37738	141.29758	92.78769	139.86612	92.72925	138.43611	92.59387	174.62878	84.58509	176.47129	101.63024	148.18123	164.76238	224.78344	223.84516	239.20654	166.14817	150.64213	179.86447	195.59542	230.01955	184.62219	238.04062	162.59732	143.05866	143.80958	165.7978	277.21848	152.78541	294.42971	172.24185	183.85876	171.36214	174.16304	58.47409	136.39947	146.62195	140.66294	142.13434	197.10762	165.04686	204.75051	76.95006	207.53647	168.81207	121.01344	181.58614	232.18162	184.05135	138.10795	232.64216	210.11219	206.75163	166.62743	167.51156	172.63011	174.55541	196.57082	196.94263	234.64256	165.51139	210.86816	86.91666	107.41174	67.79208	136.86116	148.84234	150.13619	124.26049	65.83323	96.07098	154.0503	193.19773	192.66672	138.4917	119.14894	136.32496	170.85863	208.95851	153.30637	131.16027	182.20116	123.89729	177.94261	181.76631	191.12998	159.26888	163.43122	167.53789	162.86131
GT31	33.49289	7.37669	4.10165	NA	NA	NA	0.16239	1.4764	3.97974	5.87473	3.68157	4.09505	2.2645	1.13551	3.05676	NA	NA	NA	0.23886	NA	NA	13.59299	3.38813	NA	NA	8.23437	12.34444	5.61969	8.27266	NA	NA	NA	NA	NA	0.06864	0.97824	5.69578	1.27913	0.1735	9.40704	0.31309	7.80497	6.14382	22.29499	5.6781	NA	NA	NA	1.01251	NA	NA	NA	4.72929	2.73311	4.05651	1.07474	0.49164	6.08758	0.59657	6.34156	3.32882	2.83375	5.10664	2.22667	4.91572	2.64681	57.6397	4.11732	2.23701	6.2353	17.30084	16.33366	4.39006	18.53404	4.74896	3.51412	9.4419	7.18378	8.41518	4.62726	2.39933	2.02427	0.0586	1.95659	3.57014	2.20912	3.19538	7.7673	2.77746	2.98725	4.49438	20.66618	25.21304	18.65779	48.20377	56.44771	6.77561	NA	65.88727	83.65415	7.86064	30.35624	9.60473	11.18124	25.40674	4.568	28.94969	0.61191	0.3569	NA	1.29991	0.07583	NA	0.86966	0.68311	NA	0.84567	0.24016	0.40546	1.91152	NA	NA	NA	0.14799	NA	NA
GT32	284.68701	184.46922	226.84715	272.81851	208.59804	192.32431	216.02152	271.80031	205.02244	172.42194	126.47518	146.69623	104.99998	152.96748	170.01083	294.2195	267.15719	234.7264	264.03869	204.96081	309.55709	338.06023	353.65505	329.76112	210.07435	218.14172	202.47749	188.75326	239.19622	169.54429	199.65672	158.86296	177.1177	217.62952	272.62376	237.33789	258.90992	174.75309	154.10349	217.49636	182.83022	160.20354	117.55817	141.49553	77.24288	194.05882	196.90029	208.79454	206.66284	302.69998	250.87424	271.67391	236.8675	160.50299	396.93232	324.68762	374.5216	343.75416	347.90731	132.19181	241.91308	218.57945	230.0239	255.73897	252.00789	275.77962	368.91584	326.63792	327.46843	222.22667	234.76649	156.717	185.43974	168.55244	215.54954	338.54605	218.60588	238.82204	176.99718	422.23505	175.05293	219.41587	279.94766	195.37842	225.74452	176.07574	187.42881	274.13521	270.81051	289.15193	281.28714	170.18107	164.76991	199.00712	192.56288	217.99165	169.14586	359.97581	173.75224	219.13691	209.96318	211.85926	320.03784	268.21415	164.72815	148.5923	166.99876	267.14052	262.73009	248.57304	197.05982	172.25871	338.64851	279.0209	345.98123	237.52366	203.01625	374.98244	321.98737	333.6725	356.93548	337.23075	232.97912	260.91155	266.329	220.45587
GT33	NA	NA	NA	NA	NA	NA	NA	NA	0.33445	0.38643	0.12401	NA	NA	NA	0.15176	NA	NA	NA	0.05046	NA	NA	NA	NA	NA	NA	0.30203	0.49314	0.45328	0.66003	0.11529	NA	NA	NA	NA	NA	0.23176	NA	NA	NA	NA	NA	NA	NA	NA	NA	0.25595	0.16343	NA	0.23489	NA	NA	NA	NA	NA	NA	0.05071	NA	NA	NA	NA	NA	0.15927	1.1629	0.10908	0.42947	0.13287	NA	NA	NA	NA	NA	NA	NA	NA	0.12651	0.2215	0.05304	1.04895	0.30057	0.49092	NA	0.55454	0.32434	NA	NA	NA	NA	NA	NA	NA	0.39206	0.79889	1.9479	NA	NA	NA	NA	NA	2.03518	3.26476	0.21624	NA	NA	NA	NA	1.20237	0.99693	0.29722	NA	NA	0.1184	NA	0.72594	0.44379	NA	0.65582	0.18875	0.13371	0.44743	0.08869	0.6763	NA	NA	NA	NA	NA
GT34	NA	NA	0.04258	NA	NA	NA	NA	NA	NA	NA	NA	NA	NA	NA	NA	NA	NA	NA	NA	NA	NA	0.15045	NA	NA	NA	NA	NA	0.03395	NA	NA	NA	NA	NA	NA	NA	NA	NA	NA	NA	NA	NA	NA	NA	NA	NA	NA	NA	NA	NA	NA	NA	NA	NA	NA	NA	NA	NA	NA	NA	NA	NA	NA	NA	NA	NA	NA	NA	NA	NA	NA	NA	NA	NA	NA	NA	NA	NA	NA	NA	NA	NA	NA	NA	NA	NA	NA	NA	NA	NA	NA	NA	NA	NA	NA	NA	NA	NA	NA	NA	NA	NA	NA	NA	NA	NA	NA	NA	NA	NA	NA	NA	NA	NA	NA	NA	NA	NA	NA	NA	NA	NA	NA	NA	NA	NA	NA
GT35	772.90861	808.31425	867.05746	1167.92234	816.35149	809.48068	1007.6253	692.0595	760.05649	694.32326	588.42453	717.73915	767.91093	741.33759	816.45424	1070.98911	866.13362	911.89144	927.22634	668.46929	579.79966	841.57661	755.68305	914.11205	663.82054	881.76864	831.99385	858.72627	824.00859	852.13329	823.3753	730.83734	680.06182	854.00174	792.59484	852.29757	839.46402	1022.83027	820.76319	687.86794	821.13541	852.92142	899.57298	696.37009	667.58035	1199.47391	917.5367	1109.86968	997.75361	834.74091	756.18217	720.79657	691.6965	541.61254	720.53745	956.28196	1011.66233	1006.13256	1079.88575	567.99596	786.32998	755.81938	707.37733	596.25612	636.92024	563.22857	667.0069	803.48922	768.5691	654.34554	888.29285	694.78696	785.91611	732.01607	693.4893	621.19341	707.35881	676.19443	592.53746	655.88476	681.64573	1003.68986	625.72523	712.57285	697.04285	753.34781	814.65576	716.4632	833.23888	816.06974	765.59614	798.84191	779.08426	1001.2659	892.57808	843.1354	717.03127	826.91955	693.56919	883.91662	893.73285	900.77053	842.30436	826.86023	799.11856	976.12595	880.16336	939.84249	828.35459	756.40281	950.94864	905.37744	925.15875	838.60603	724.68288	744.73842	647.58829	667.94448	885.25884	870.38761	863.35888	861.54906	642.94743	730.63936	669.66769	654.27316
GT37	NA	NA	NA	NA	NA	NA	NA	NA	NA	NA	NA	NA	NA	NA	NA	NA	NA	NA	0.32458	NA	NA	NA	NA	NA	NA	NA	NA	NA	NA	NA	NA	NA	NA	NA	NA	NA	NA	NA	NA	NA	NA	NA	NA	NA	NA	NA	NA	NA	NA	NA	NA	NA	NA	NA	NA	NA	NA	NA	NA	NA	NA	NA	NA	NA	NA	NA	NA	NA	NA	NA	NA	NA	NA	NA	NA	NA	NA	NA	NA	NA	NA	NA	NA	NA	NA	NA	NA	NA	NA	NA	NA	14.51677	17.18403	NA	NA	NA	NA	NA	16.89054	25.0272	2.62898	NA	NA	NA	NA	2.0285	6.51791	0.02208	NA	NA	NA	NA	NA	NA	NA	NA	NA	NA	NA	NA	NA	NA	NA	NA	NA	NA
GT38	1.15592	0.88011	2.52561	6.03745	1.89577	0.62101	1.6206	1.96421	1.47372	1.17309	1.70985	1.79639	0.73626	0.95095	1.01135	3.5298	1.69274	0.44653	2.31141	2.60139	4.31125	3.07735	NA	3.86455	2.37765	0.70306	0.68345	1.06773	0.24268	1.90756	4.29399	1.50158	1.3708	2.53141	0.454	2.6467	2.48355	3.93199	0.39694	0.82994	0.38012	1.48248	1.3935	2.51057	0.5483	3.76432	2.10319	2.26074	2.72047	3.89502	0.12109	0.50442	1.79654	1.69628	1.98037	0.69925	2.11467	2.27527	5.94544	0.37218	1.7479	0.4392	0.74825	0.9808	0.39477	0.24426	NA	0.1394	NA	NA	0.37789	0.29031	0.92289	0.32688	NA	1.49307	1.89766	NA	NA	NA	NA	1.27432	1.72914	5.36439	2.21223	2.08352	3.66848	5.64076	6.64242	8.86446	4.68489	4.03143	2.16249	2.30974	1.50442	2.41443	5.31943	5.28399	3.12506	3.67577	0.95019	6.68335	5.02882	4.44227	1.67723	3.78666	5.02445	4.80602	4.77148	1.22224	3.80926	2.14471	4.33729	3.80737	0.83161	0.50235	1.73502	0.79891	1.30235	2.35399	1.24329	1.61281	5.69006	7.45684	4.92183	6.08531
GT39	10.86943	32.85339	36.53456	7.61489	8.19699	11.11364	15.58721	60.1932	28.46322	25.88112	15.8036	37.08903	48.31996	51.92604	38.52581	28.94753	23.173	46.17725	26.0478	39.04255	20.42237	39.55652	22.68393	25.29148	27.1091	25.92015	24.88721	19.29812	26.74363	19.4482	10.21343	18.19084	19.22587	29.86881	24.09398	25.77329	31.03064	21.43454	64.01944	63.10945	58.08391	33.5999	27.27569	57.80649	60.22817	13.28174	18.43014	18.66402	18.50958	14.7338	9.4756	11.27237	8.99452	9.1992	12.70192	15.14255	7.43657	16.04188	8.27236	41.4728	45.86908	40.8966	37.76784	15.58771	30.0879	17.38637	6.73068	15.16819	13.43109	31.11725	51.44541	37.61855	36.73835	32.98839	18.54017	16.1893	25.83989	5.78148	6.16944	11.82689	28.0315	13.25323	7.03478	23.65067	21.21707	35.89337	38.35843	27.22154	23.30456	25.10421	43.32878	41.04502	32.43182	18.13028	9.60992	9.04488	3.93444	8.45657	28.21258	43.58102	49.91116	36.7765	29.71539	26.13994	39.71507	69.38841	60.31885	35.36206	22.28356	19.52342	31.16969	54.97288	34.77865	31.36982	27.19701	40.96649	27.06629	27.88599	18.29965	14.10817	12.60917	11.04904	27.24307	46.2616	41.1298	24.1986
GT4	3572.17807	2769.60869	2761.46889	3381.47738	2492.7404	2749.46417	2921.66426	2543.13651	2885.39855	2783.04961	2892.38922	2812.62854	2479.13065	2613.87928	2566.77728	3199.95246	3105.9811	2599.37987	3028.69788	2724.83525	3186.79838	3626.1891	4052.23479	3857.37801	2558.475	2986.05845	3201.21949	3202.62308	3325.2189	2985.50791	3274.8203	2951.56951	2957.29398	3209.21459	2509.58125	3431.8738	2744.28233	2275.23596	2675.39925	2970.59272	2680.35594	2559.83411	2341.47216	3313.98892	2096.43653	2768.44285	3027.51831	3216.90305	3698.64309	2666.88538	2475.21733	2706.64092	2808.70803	2118.18183	2929.62262	3304.51492	3722.62506	2932.28035	3511.94709	3284.51367	3202.68013	3142.09814	3092.36162	2715.54317	2949.6285	2723.8023	2890.62473	2962.39591	2650.20983	2236.39142	2777.54701	3242.63474	3173.89239	3028.507	3065.49481	3293.76782	2805.93389	3190.39975	2004.39585	2950.54173	3355.90523	2841.86698	3784.60041	3098.74275	3176.75367	3041.19681	3256.66102	3435.78814	3450.39956	3372.6927	3533.3241	3046.14651	2946.6885	3946.15893	4009.42996	4454.71036	3275.71805	3105.05812	1962.9968	2535.87104	2310.26971	3755.71105	3808.609	3652.64202	3448.45773	3287.64293	3630.25609	3645.18197	3796.91337	3504.28985	3586.57541	2896.68515	3031.5885	3213.57883	2848.57264	2860.72821	2234.71047	2900.64889	3326.26678	4001.70908	3663.76288	4308.33565	3977.89585	3843.28313	4197.01277	4111.84979
GT41	0.03036	0.13561	0.70086	0.0501	0.03994	NA	0.07646	0.04144	0.10927	0.75351	2.13683	NA	NA	NA	0.02074	0.17564	0.09643	0.20674	0.21862	0.01967	NA	0.03306	0.80505	0.30194	0.21569	0.40458	0.18739	1.4167	0.03509	2.06128	3.1753	0.34915	1.38687	0.06206	0.31059	NA	0.03094	NA	NA	0.00543	0.0328	0.03828	0.03321	1.69049	0.54366	1.32601	NA	0.09851	0.01723	NA	0.1136	0.15149	NA	NA	0.00976	0.19644	1.71095	1.02529	0.59607	0.28766	NA	0.14295	1.71142	1.08211	1.5122	2.80632	0.25074	0.48541	0.40998	NA	NA	NA	NA	NA	0.02193	0.01173	0.0237	0.18973	NA	0.06224	0.26857	0.82581	1.23926	0.04137	0.41458	0.01188	NA	NA	0.03742	0.15336	0.04534	1.98688	3.13548	0.04002	NA	0.08861	0.04457	0.2375	0.9167	1.44405	0.32764	NA	0.02567	0.03665	NA	0.2054	1.23141	0.03088	0.04075	0.02895	NA	NA	NA	NA	NA	NA	0.01314	0.04588	NA	0.02271	NA	NA	NA	NA	NA	NA
GT44	NA	NA	NA	NA	NA	NA	NA	NA	NA	NA	NA	NA	NA	NA	NA	NA	NA	NA	NA	NA	NA	NA	NA	NA	NA	NA	NA	NA	NA	NA	NA	NA	NA	NA	NA	NA	NA	NA	0.13231	NA	NA	NA	NA	NA	NA	NA	NA	NA	NA	NA	NA	NA	NA	NA	NA	NA	NA	NA	NA	NA	NA	NA	NA	NA	NA	NA	NA	NA	NA	NA	NA	NA	NA	NA	NA	NA	NA	NA	NA	NA	NA	NA	NA	NA	NA	NA	NA	NA	NA	NA	NA	NA	NA	NA	NA	NA	NA	NA	NA	NA	NA	NA	NA	NA	NA	NA	NA	NA	NA	NA	NA	NA	NA	NA	NA	NA	NA	NA	NA	NA	NA	NA	NA	NA	NA	NA
GT45	NA	NA	NA	NA	NA	NA	NA	NA	NA	NA	NA	NA	NA	NA	NA	NA	NA	NA	NA	NA	NA	NA	NA	NA	NA	NA	NA	NA	NA	NA	NA	NA	NA	NA	NA	NA	NA	NA	NA	NA	NA	NA	NA	NA	NA	NA	NA	NA	NA	NA	NA	NA	NA	NA	NA	NA	NA	NA	NA	NA	NA	NA	NA	NA	NA	NA	NA	NA	NA	NA	NA	NA	NA	NA	NA	NA	NA	NA	NA	NA	NA	NA	NA	NA	NA	NA	NA	NA	NA	NA	NA	NA	NA	NA	NA	NA	NA	1.34132	NA	NA	NA	NA	NA	NA	NA	NA	NA	NA	NA	NA	NA	NA	NA	0.04315	NA	NA	NA	NA	NA	NA	NA	NA	NA	NA	NA	NA
GT48	NA	NA	NA	NA	NA	NA	NA	NA	NA	NA	NA	NA	NA	NA	NA	NA	NA	NA	NA	NA	NA	NA	NA	NA	NA	NA	NA	NA	NA	NA	NA	NA	NA	NA	NA	NA	NA	NA	NA	NA	NA	NA	NA	NA	NA	NA	NA	NA	NA	NA	NA	NA	NA	NA	NA	NA	NA	NA	NA	NA	NA	NA	NA	NA	NA	NA	NA	NA	NA	NA	NA	NA	NA	NA	NA	NA	NA	NA	NA	NA	NA	0.166	NA	NA	NA	NA	NA	NA	NA	NA	NA	NA	NA	NA	NA	NA	NA	NA	NA	NA	NA	0.14632	NA	NA	NA	NA	NA	NA	NA	NA	NA	NA	NA	NA	NA	NA	NA	NA	NA	NA	NA	NA	NA	NA	NA	NA
GT49	NA	NA	NA	NA	NA	NA	NA	0.07528	NA	NA	NA	NA	NA	NA	NA	NA	NA	NA	1.05768	NA	NA	NA	NA	NA	NA	NA	NA	NA	NA	NA	NA	NA	NA	NA	NA	NA	NA	NA	NA	NA	NA	NA	NA	NA	NA	NA	NA	NA	NA	NA	NA	NA	NA	NA	0.00955	NA	NA	NA	NA	NA	NA	NA	NA	NA	NA	NA	NA	NA	NA	NA	NA	NA	NA	NA	NA	NA	NA	NA	NA	NA	NA	NA	NA	NA	NA	NA	NA	NA	NA	NA	NA	38.76629	54.50781	NA	NA	NA	NA	NA	47.83694	86.75417	8.35339	NA	NA	NA	NA	30.98902	96.3565	2.27099	NA	NA	NA	NA	NA	NA	NA	NA	NA	NA	NA	NA	NA	NA	NA	NA	NA	NA
GT5	280.54584	310.70115	328.33827	276.10575	254.79388	283.13691	357.66655	271.28857	251.17176	220.62581	145.90593	262.07882	248.22905	337.83321	342.72471	324.15143	287.15027	364.56816	287.68779	265.31184	188.87505	299.91646	251.23319	259.38906	199.80157	319.58797	292.88806	322.19978	305.49595	339.84259	314.58104	293.43919	271.76788	333.66355	385.51943	295.88484	283.73081	344.90429	326.41937	270.73037	333.40786	342.4935	381.00913	240.99048	310.65433	346.61389	317.03274	318.78108	299.89477	265.83396	299.05846	228.65515	207.32312	180.2952	230.69273	301.90125	267.03524	339.69836	268.97503	232.81446	347.66254	311.28567	290.29279	163.82582	247.07372	137.16616	192.23692	245.48796	271.70331	241.10907	420.68954	317.69892	331.3283	334.50914	251.76671	213.38182	247.23567	232.97808	276.75423	228.09486	258.61485	338.18862	204.23789	331.27371	277.35835	327.36685	323.077	252.54059	243.13749	243.00742	280.59292	293.8012	282.93604	281.60586	261.87918	219.31239	164.44779	323.77696	303.23645	384.01082	443.63753	274.73302	258.50179	251.30075	283.7063	439.98784	335.77138	291.75066	245.05495	251.4168	328.12105	341.69397	308.69811	272.59696	236.68133	283.46835	213.80931	245.02548	362.03647	297.84006	312.07946	254.04882	233.70255	271.75531	230.35289	224.2515
GT50	NA	NA	NA	NA	NA	NA	NA	NA	NA	NA	NA	NA	NA	NA	0.09331	NA	NA	NA	0.08143	NA	NA	NA	NA	NA	NA	NA	NA	NA	NA	NA	NA	NA	NA	NA	NA	NA	NA	NA	NA	NA	NA	NA	NA	NA	NA	NA	NA	NA	NA	NA	NA	0.08435	NA	NA	NA	NA	NA	NA	NA	NA	NA	NA	NA	NA	NA	NA	NA	NA	NA	NA	NA	NA	NA	NA	NA	NA	NA	NA	NA	0.47692	NA	NA	NA	NA	NA	NA	NA	NA	NA	NA	NA	0.69676	1.00862	NA	NA	NA	NA	NA	0.98739	1.21669	0.03639	NA	NA	NA	NA	0.4232	1.02076	NA	NA	NA	NA	NA	NA	NA	NA	NA	NA	NA	NA	NA	NA	NA	NA	NA	NA	NA
GT51	641.11522	675.56265	697.91297	735.66128	636.23696	693.54185	729.82611	728.31885	743.04455	790.5187	858.14954	756.05592	817.14353	716.80314	805.61161	684.30699	649.65549	644.67004	671.37894	607.6712	609.0326	695.77644	704.12737	664.13497	541.14772	648.73439	672.38613	674.02038	686.02966	682.28496	702.69536	580.07828	592.15981	649.22377	614.03411	657.86026	624.07323	620.93035	658.9427	697.62786	750.02316	609.83829	614.7224	648.95258	536.32446	732.09523	737.22726	650.76947	642.32231	624.36015	732.81281	789.53924	543.55187	490.46706	502.39288	649.67512	585.70312	705.86533	654.7544	672.30594	720.19615	743.64077	751.14196	933.3265	811.40716	974.7525	719.74284	776.35517	818.22165	709.57329	631.8922	655.36496	644.45522	667.81694	769.64089	735.53873	663.55372	822.34987	494.13376	758.30777	781.11686	691.99526	565.23681	652.15335	627.46183	648.38936	698.672	653.72862	683.56996	687.65001	654.98168	688.24096	704.21276	684.59565	734.52005	742.13989	504.7823	621.80233	537.98214	668.28733	637.77374	774.39679	705.33306	708.3916	767.7814	705.41725	691.59457	683.13399	662.99511	637.22957	652.34934	642.34059	708.53175	689.93639	621.4581	731.19704	509.42944	668.81275	684.27899	681.41544	706.97555	618.95824	586.24877	724.05573	656.87201	614.91107
GT52	0.03323	NA	NA	NA	NA	NA	NA	NA	NA	0.03752	NA	NA	NA	NA	NA	NA	NA	0.07045	NA	NA	NA	NA	NA	NA	NA	0.02738	NA	0.02191	0.04786	0.08261	NA	NA	NA	NA	NA	NA	NA	NA	NA	NA	NA	0.10278	NA	NA	NA	0.02651	NA	NA	NA	NA	NA	NA	NA	NA	NA	NA	NA	NA	0.03975	NA	NA	NA	NA	NA	NA	NA	NA	NA	NA	NA	NA	NA	NA	NA	NA	NA	NA	NA	NA	NA	NA	NA	NA	NA	NA	NA	NA	NA	NA	NA	NA	NA	NA	NA	NA	NA	NA	0.10421	NA	NA	NA	NA	NA	NA	NA	NA	NA	NA	NA	NA	NA	NA	NA	NA	NA	NA	NA	0.09696	0.02851	NA	NA	NA	NA	NA	NA	NA
GT53	NA	NA	NA	0.00927	NA	0.04879	NA	NA	NA	NA	NA	NA	NA	NA	NA	NA	NA	NA	NA	NA	NA	NA	NA	NA	NA	NA	NA	NA	0.03306	NA	NA	NA	NA	NA	NA	0.01284	NA	NA	NA	NA	NA	0.03342	0.00966	NA	0.02227	NA	NA	NA	0.02545	NA	NA	NA	NA	NA	NA	NA	NA	NA	NA	NA	0.01659	NA	0.05783	NA	NA	NA	NA	NA	NA	NA	NA	NA	NA	NA	NA	NA	NA	NA	NA	NA	0.07622	NA	NA	NA	NA	NA	0.04306	NA	NA	NA	NA	NA	NA	NA	NA	NA	NA	0.00794	NA	NA	0.03894	0.02392	NA	0.00859	NA	NA	NA	NA	1.07022	NA	NA	NA	NA	NA	NA	NA	0.02099	NA	0.03107	0.04804	NA	NA	NA	0.02043	NA	NA
GT56	0.02314	NA	0.01976	0.86364	NA	0.11189	NA	NA	0.29474	0.10463	NA	NA	NA	0.13076	NA	NA	0.29925	0.0842	0.441	1.44235	NA	0.02704	NA	NA	0.23339	1.57766	0.85478	0.76066	0.70073	0.76041	0.8009	2.04038	1.90199	4.80427	2.9921	2.22815	0.34694	0.23505	1.29308	0.91312	1.07708	1.32497	2.03398	0.15932	1.01777	27.9275	1.73391	2.66391	1.64828	1.40309	0.8991	0.50473	0.21635	0.88389	0.53667	1.0396	0.85381	1.30946	1.04955	4.25199	7.29739	8.70669	4.74698	0.30143	0.37286	NA	0.6783	1.47792	NA	NA	1.27821	0.67294	1.13361	1.03816	NA	0.04465	0.01599	0.93508	0.67924	0.0451	0.37698	0.96279	0.52518	0.30979	2.28562	1.07931	1.12874	3.08876	6.35945	9.66077	2.86965	11.90806	15.71852	1.37129	1.84943	0.92087	0.81281	1.74377	0.04925	0.04164	0.15201	2.25919	2.80323	1.01863	3.10288	0.67313	0.70217	3.57469	1.52091	1.43025	3.39547	4.5677	3.29577	2.69153	0.52681	1.02348	0.67655	NA	0.97535	1.92906	1.52824	0.28512	NA	NA	0.3943	NA
GT57	0.31845	0.43104	0.41002	0.38414	NA	0.69652	0.31764	0.79308	0.23278	0.13827	0.03688	0.90038	1.39874	1.61072	1.28317	0.33878	0.09441	0.38312	0.09613	NA	0.14331	0.45385	NA	0.39916	0.19102	0.61572	0.60252	0.2108	0.78214	NA	0.23552	0.02463	0.1948	0.12849	0.01948	0.15695	0.15788	0.22575	0.22918	1.00673	0.70888	1.68763	0.69645	0.56193	1.28395	NA	0.139	NA	0.03032	0.9826	0.08442	0.04396	0.02438	NA	0.15709	0.013	0.11795	0.24838	0.20286	0.16232	0.6946	0.10207	0.16776	0.16776	1.08715	0.12772	0.52488	0.1971	1.03595	0.56264	1.65901	1.49187	1.78003	1.70439	NA	0.03785	0.25199	0.95001	NA	0.46671	0.08462	0.03554	NA	0.27286	0.01371	0.19066	0.10187	0.82721	0.2626	0.51689	0.96574	2.94974	5.7037	0.18102	0.20663	0.19128	NA	0.19598	5.39296	5.29466	1.16514	2.40968	1.0616	1.50506	1.46072	1.87012	5.99372	0.38684	0.12097	0.10988	0.0592	0.60598	NA	0.30437	0.55079	NA	0.05125	0.02843	0.42305	0.3087	NA	NA	NA	0.48655	NA	NA
GT58	NA	NA	NA	NA	NA	NA	NA	NA	NA	NA	NA	NA	NA	NA	NA	NA	NA	NA	NA	NA	NA	NA	NA	NA	NA	NA	NA	NA	NA	NA	NA	NA	NA	NA	NA	NA	NA	NA	NA	NA	NA	NA	NA	NA	NA	NA	NA	NA	NA	NA	NA	NA	NA	NA	NA	NA	NA	NA	NA	NA	NA	NA	NA	NA	NA	NA	NA	NA	NA	NA	NA	NA	NA	NA	NA	NA	NA	NA	NA	NA	NA	NA	NA	NA	NA	NA	NA	NA	NA	NA	NA	1.94338	2.66458	NA	NA	NA	NA	NA	2.16829	3.18893	NA	NA	NA	NA	NA	NA	0.48774	NA	NA	NA	NA	NA	NA	NA	NA	NA	NA	NA	NA	NA	NA	NA	NA	NA	NA	NA
GT59	NA	NA	NA	NA	NA	NA	NA	NA	NA	NA	NA	NA	NA	NA	NA	NA	NA	NA	NA	NA	NA	NA	NA	NA	0.05131	NA	NA	NA	NA	NA	NA	NA	NA	NA	NA	NA	NA	NA	NA	NA	NA	NA	NA	NA	NA	NA	NA	NA	NA	NA	NA	NA	NA	NA	NA	NA	NA	NA	NA	NA	NA	NA	NA	NA	NA	NA	NA	NA	NA	NA	NA	NA	NA	NA	NA	NA	NA	NA	NA	NA	NA	NA	NA	NA	NA	NA	NA	NA	NA	NA	NA	0.09056	0.27065	NA	NA	NA	NA	NA	NA	NA	NA	NA	NA	NA	NA	1.0727	2.93848	NA	NA	NA	NA	NA	NA	NA	NA	NA	NA	NA	NA	NA	NA	NA	NA	NA	NA	NA
GT6	2.58339	1.95831	3.47417	24.14179	12.15918	26.94731	20.57059	10.24904	14.23211	9.68167	7.16424	11.37029	8.4012	6.03587	10.3826	32.84979	22.06545	26.62056	38.34423	12.67549	20.07297	69.45097	74.27319	96.31766	43.93582	30.92509	23.97055	23.00517	26.36833	16.94352	12.54582	28.14616	31.0233	106.59015	45.26313	92.66441	39.49615	41.89008	24.5593	43.44548	33.92998	41.72212	32.6666	27.4441	34.51627	41.04648	34.72954	55.05107	50.15468	21.80217	21.28274	19.84736	26.35659	22.32743	90.61767	76.40956	75.20155	60.01758	62.12765	40.64184	37.87625	20.62318	20.90094	6.20172	10.53202	4.70862	2.26258	2.73672	2.97602	2.64378	29.7174	26.65023	29.33433	26.12864	71.32551	48.82882	25.4771	14.49391	3.65138	19.84381	16.59773	45.89077	60.50036	14.51177	37.80912	29.6429	22.29607	23.02069	29.02949	26.69563	26.64621	13.99398	14.59589	28.97867	47.55974	51.01592	24.31944	52.34386	27.12091	32.97386	17.10528	71.26449	39.15027	34.51739	63.3349	18.8045	23.60209	104.71173	77.46765	37.48174	58.0215	54.55548	44.42999	47.02002	16.81467	36.86949	15.0033	12.49909	62.77756	75.3365	64.71826	86.2162	21.44052	25.0266	14.11766	28.84305
GT60	NA	NA	NA	NA	NA	NA	NA	1.93474	1.7855	3.85094	2.24486	5.25114	2.97224	9.35285	4.00066	6.3281	2.83493	4.4406	4.2696	NA	NA	6.64505	0.37369	4.59947	4.23562	NA	NA	NA	0.08865	NA	NA	0.32244	0.13641	NA	NA	NA	0.05711	0.12248	6.46487	6.39052	7.67307	1.21437	0.52684	0.27119	0.82769	NA	NA	NA	NA	NA	NA	NA	NA	NA	NA	NA	NA	NA	NA	26.34416	28.45941	21.24942	26.27375	0.54125	0.49966	0.17781	NA	NA	0.78798	0.1734	0.0796	0.09724	0.52102	0.31755	0.89816	NA	NA	NA	NA	NA	NA	NA	NA	6.10723	2.8325	11.758	17.14575	1.75416	0.67049	2.3497	1.13765	5.28626	7.9	NA	NA	NA	0.18959	NA	NA	NA	NA	NA	5.9553	1.76929	2.04296	43.11781	32.78891	4.61504	0.23431	0.3873	NA	NA	NA	NA	2.04322	6.59527	2.23814	2.37595	0.0499	0.23815	NA	NA	5.58301	5.27579	8.78387	5.55051
GT66	3.1305	9.31907	10.49246	14.35144	12.52955	3.96558	7.57524	5.93521	2.40567	6.13358	3.43446	6.26616	8.37469	4.57267	11.60949	7.54892	2.75222	4.28905	4.63994	1.97536	1.5348	2.92607	1.35295	1.54181	0.8364	16.77852	13.92344	6.13492	13.99267	11.65327	6.0704	4.17393	6.43966	3.18536	5.58687	3.73013	2.1608	4.40657	4.34133	4.66641	5.44011	5.86011	10.14273	4.85518	5.5853	12.79603	15.66088	17.80022	11.71877	5.49138	4.15286	4.03813	6.87531	4.71711	7.07878	12.96491	7.05927	10.96214	9.44167	0.1654	5.1072	6.05393	3.50822	1.74936	5.1472	0.74642	3.95574	0.71892	7.05395	8.60277	8.78639	4.22371	7.77932	6.68222	12.7291	5.1854	4.03347	7.12164	5.2157	6.61741	3.93663	23.85813	7.33093	0.91439	9.30594	5.59354	1.17341	3.34259	5.64764	6.06293	2.95264	2.22924	3.59638	5.62234	8.90847	6.37268	2.55091	3.16267	6.51927	8.55238	5.61916	8.07406	3.25276	3.4638	1.94313	6.66066	10.30929	7.48032	11.99627	4.49592	10.5285	11.8503	11.77347	7.63381	3.89198	9.13395	5.34835	3.9122	25.41772	9.24164	13.3683	7.83038	1.9536	4.09613	1.33938	1.28152
GT69	NA	NA	NA	NA	NA	NA	NA	NA	NA	NA	NA	NA	NA	NA	NA	NA	NA	NA	NA	NA	NA	NA	NA	NA	NA	NA	NA	NA	NA	NA	NA	NA	NA	NA	NA	NA	NA	NA	NA	NA	NA	NA	NA	NA	NA	NA	NA	NA	NA	NA	NA	NA	NA	NA	NA	NA	NA	NA	NA	NA	NA	NA	NA	NA	NA	NA	NA	NA	NA	NA	NA	NA	NA	NA	NA	NA	NA	NA	NA	NA	NA	NA	NA	NA	NA	NA	NA	NA	NA	NA	NA	2.96491	3.91761	NA	NA	NA	NA	NA	NA	NA	NA	NA	NA	NA	NA	0.5044	0.30026	NA	NA	NA	NA	NA	NA	NA	NA	NA	NA	NA	NA	NA	NA	NA	NA	NA	NA	NA
GT72	NA	NA	NA	NA	NA	NA	NA	NA	NA	NA	NA	NA	NA	NA	NA	NA	NA	NA	NA	NA	NA	NA	NA	NA	NA	NA	NA	NA	NA	NA	NA	NA	NA	NA	NA	NA	NA	NA	NA	NA	NA	NA	NA	NA	NA	NA	NA	NA	NA	NA	NA	NA	NA	NA	NA	NA	NA	NA	NA	NA	4.23306	1.79639	0.17886	NA	NA	NA	NA	NA	NA	NA	NA	NA	NA	NA	NA	NA	NA	NA	NA	NA	NA	NA	NA	NA	NA	NA	NA	NA	NA	NA	NA	NA	NA	NA	NA	NA	NA	NA	NA	NA	NA	NA	NA	NA	NA	NA	NA	NA	NA	NA	NA	NA	NA	NA	NA	NA	NA	NA	NA	NA	NA	NA	NA	NA	NA	NA
GT73	1.02827	0.44834	1.56964	1.6055	0.47791	0.33883	0.27074	0.51127	0.54926	0.91025	0.20036	4.6948	0.59807	4.65677	5.36228	8.27925	19.14637	12.48357	7.07716	0.11251	NA	4.08676	2.68027	2.62163	2.77832	4.67806	3.74038	1.3431	9.13506	2.13054	0.55779	0.65108	0.63813	4.11839	3.89692	0.85192	2.54138	3.6808	2.55431	3.10096	3.88167	0.36159	1.0049	1.44538	0.29285	0.38661	1.09103	1.17108	0.54907	0.1737	1.32959	0.11247	0.35376	0.41749	0.06583	1.1514	0.63132	1.1369	0.8792	2.05811	6.98596	8.10188	6.14512	0.94957	1.65425	1.46224	1.09291	4.795	7.4944	8.85711	2.34404	0.89031	1.75665	1.97202	8.28361	8.07613	10.66237	0.68515	0.11739	0.33487	0.02748	0.31902	0.19063	1.99334	0.49583	3.37843	1.76389	4.10777	2.35306	5.15781	4.67203	7.65471	6.4344	0.49889	0.3193	0.39323	NA	2.05504	0.97829	0.90484	0.76131	1.51729	2.88431	0.67969	2.1458	5.13007	3.13312	1.28491	0.4984	0.6079	1.76153	3.06851	1.39117	1.33336	2.54783	3.13676	3.08985	1.61538	7.30902	5.71975	11.46384	6.72774	2.91553	1.43011	1.36859	1.34521
GT75	NA	NA	NA	NA	NA	NA	NA	NA	NA	NA	NA	NA	0.0764	0.07401	0.08143	NA	NA	NA	NA	NA	NA	NA	NA	NA	NA	NA	NA	NA	NA	NA	NA	NA	NA	NA	NA	NA	NA	NA	NA	NA	NA	NA	NA	NA	NA	NA	NA	NA	NA	NA	NA	NA	NA	NA	NA	NA	NA	NA	NA	NA	NA	NA	NA	NA	NA	NA	NA	NA	NA	NA	NA	NA	NA	NA	NA	NA	NA	NA	NA	NA	NA	NA	NA	NA	NA	NA	NA	NA	NA	NA	NA	NA	NA	NA	NA	NA	NA	NA	NA	NA	NA	NA	NA	NA	NA	NA	NA	NA	NA	NA	NA	NA	NA	NA	NA	NA	NA	NA	NA	NA	NA	NA	NA	NA	NA	NA
GT76	NA	NA	NA	NA	NA	NA	NA	NA	NA	NA	NA	NA	0.15635	NA	NA	NA	NA	NA	NA	NA	NA	NA	NA	NA	NA	NA	NA	NA	NA	NA	NA	NA	NA	NA	NA	NA	NA	NA	0.71635	0.69835	0.294	NA	NA	NA	NA	NA	NA	NA	NA	NA	NA	NA	NA	NA	NA	NA	NA	NA	NA	NA	NA	NA	NA	NA	NA	NA	NA	NA	NA	NA	NA	NA	NA	NA	NA	NA	NA	NA	NA	NA	NA	NA	NA	NA	NA	NA	NA	NA	NA	NA	NA	NA	NA	NA	NA	NA	NA	NA	NA	NA	NA	NA	NA	NA	NA	0.18145	0.80239	NA	NA	NA	NA	NA	NA	NA	NA	NA	NA	NA	NA	NA	NA	NA	NA	NA	NA	NA
GT77	NA	NA	NA	NA	NA	NA	NA	NA	NA	NA	NA	NA	NA	NA	NA	NA	NA	NA	0.29453	NA	NA	NA	NA	NA	NA	NA	NA	NA	NA	NA	NA	NA	NA	NA	NA	NA	NA	NA	NA	NA	NA	NA	NA	NA	NA	NA	NA	NA	NA	NA	NA	NA	NA	NA	0.02932	NA	NA	NA	NA	NA	NA	NA	NA	NA	NA	NA	NA	NA	NA	NA	NA	NA	NA	NA	NA	NA	NA	NA	NA	NA	NA	NA	NA	NA	NA	NA	NA	NA	NA	NA	NA	11.10709	17.04746	NA	NA	NA	NA	NA	15.08218	25.35342	2.09861	NA	NA	NA	NA	4.38277	13.41931	0.25226	NA	NA	NA	NA	NA	NA	NA	NA	NA	NA	NA	NA	NA	NA	NA	NA	NA	NA
GT8	182.03948	176.64204	248.86429	164.55531	173.29888	217.64361	324.3426	126.71261	188.29501	188.3156	246.2426	197.18222	128.18797	141.2614	232.15898	238.44841	219.20181	216.93654	267.29199	162.73119	131.402	242.74831	290.12511	225.50092	182.38054	113.62797	114.37795	149.46067	149.7187	168.63111	229.34902	122.07421	138.55243	163.9572	119.48021	113.3694	175.60072	178.18112	170.52865	177.46348	206.54577	160.15656	141.93386	198.88939	127.04584	152.83085	200.99193	188.18748	136.13697	130.46643	277.48249	286.45992	146.62431	110.20621	180.78566	206.15394	239.45264	271.62849	261.86955	122.81834	185.53577	201.6794	215.46931	354.00009	193.82478	407.9679	135.69931	123.3375	112.5034	112.07237	248.19866	152.74109	156.4388	155.30019	323.14414	409.42531	249.77276	108.53833	173.10249	121.41814	174.42795	156.25258	197.57099	179.23864	147.86469	145.85071	176.51595	118.82032	148.56023	161.50218	159.75747	229.95101	244.16361	280.80192	242.64341	282.10293	144.67287	196.3872	165.24076	188.48477	166.81384	225.29605	173.20326	139.60795	203.06002	310.89541	241.11509	146.99787	130.76653	134.30985	129.07154	149.12914	211.68445	173.03196	209.30922	215.45647	204.41926	257.87681	123.7874	145.06373	146.39935	137.26684	139.99149	113.66784	107.94524	81.16928
GT80	15.94687	34.59707	22.02403	12.69947	12.42429	23.56303	16.33403	13.55752	7.25512	9.39	5.1992	38.39908	71.5561	15.47083	9.39033	4.69404	5.23351	5.20162	6.06963	45.53585	55.73884	24.94747	17.11781	13.87406	19.56334	4.67728	7.00455	10.77631	5.05753	7.98445	11.46534	13.17039	14.76815	12.59927	18.65941	26.41595	8.18588	5.26063	6.31074	6.3877	5.56857	6.41331	4.05396	3.91815	3.21046	10.09663	8.41079	9.85047	9.60679	8.01209	2.46883	1.67912	0.03421	0.21348	NA	13.51984	8.43028	16.38367	8.79569	2.90632	11.44645	7.12695	6.75425	7.72417	15.8411	5.00357	18.15696	19.06363	11.81035	20.80562	3.56459	11.22102	8.98617	9.66711	NA	NA	NA	63.39422	8.45465	48.1949	6.60358	10.91508	1.52174	10.1669	7.15096	5.42811	12.59852	16.0059	9.01892	4.122	8.04452	7.65492	6.41431	29.04567	21.30994	25.86362	3.04637	6.06506	0.30585	1.33542	2.55345	22.43785	28.41463	23.76727	23.49625	2.61094	3.996	4.26479	5.27047	9.17021	7.30112	15.40415	6.64147	16.37486	16.88889	34.58402	15.70804	16.67925	14.23099	18.1078	27.93766	12.65692	8.89691	9.67351	11.81085	4.0709
GT81	NA	NA	NA	NA	NA	NA	NA	1.2341	0.5987	2.36223	0.42319	0.0285	0.94487	0.87282	0.12927	NA	NA	NA	0.04082	NA	NA	NA	NA	NA	NA	NA	NA	NA	0.05005	NA	NA	NA	NA	NA	NA	NA	NA	NA	1.73567	1.31184	0.59156	NA	NA	NA	0.01206	NA	NA	NA	NA	NA	NA	NA	NA	NA	NA	NA	NA	NA	NA	NA	0.15179	NA	0.05144	0.21182	0.78029	0.10076	NA	NA	NA	NA	1.09376	0.51415	0.84387	0.90689	NA	NA	NA	NA	NA	NA	NA	NA	NA	NA	NA	0.02998	NA	NA	NA	NA	NA	NA	NA	NA	NA	NA	NA	0.14531	0.36405	0.52798	0.17816	NA	NA	NA	NA	0.25454	0.84914	0.03435	0.52487	NA	NA	NA	NA	NA	NA	NA	NA	NA	0.07069	NA	NA	NA	NA	0.10454	NA	NA
GT82	NA	NA	NA	NA	NA	NA	NA	3.55076	7.6456	7.788	5.13341	4.62863	8.15981	10.97166	5.68503	0.04727	0.19126	0.25204	0.02632	NA	NA	1.01109	1.77544	2.04197	0.73422	NA	NA	NA	NA	NA	NA	NA	NA	NA	NA	NA	NA	NA	NA	NA	NA	NA	NA	NA	NA	NA	NA	NA	NA	NA	NA	NA	NA	NA	NA	NA	NA	NA	NA	0.56315	0.23862	0.56962	0.18484	1.66879	2.43197	2.95677	NA	NA	NA	NA	0.24505	0.11974	0.82676	0.2607	NA	NA	NA	37.00538	16.24382	39.51754	47.75425	NA	NA	NA	NA	NA	NA	0.0584	1.37878	1.43917	0.16323	0.40219	0.5676	NA	NA	NA	NA	NA	NA	NA	NA	NA	NA	NA	NA	NA	NA	NA	0.80721	NA	NA	NA	NA	NA	NA	NA	NA	NA	0.02963	NA	NA	NA	NA	NA	NA	NA
GT83	120.0752	79.97433	114.05385	132.77816	98.75208	74.05645	98.04576	84.97212	142.04618	123.72623	216.71618	93.28566	76.31802	79.43775	57.99755	80.41394	79.99351	49.95658	78.00964	87.12019	113.95243	105.30645	95.44991	155.7476	90.61385	101.29431	108.85129	149.18645	103.38245	126.53991	129.11304	110.38256	115.60509	86.26255	59.11797	104.66283	142.05565	88.98793	64.11035	93.63992	63.52325	54.28363	63.24973	87.12916	50.02543	121.99262	99.34756	106.17273	125.7663	92.27284	203.40615	174.57443	130.25781	136.3694	158.99355	143.03774	172.98521	121.67944	190.1404	96.91082	83.87692	90.13749	96.27042	198.62915	98.03113	228.18219	124.51028	132.02766	97.45455	176.83153	48.67478	82.29255	97.81894	88.12718	93.60767	96.7343	76.9729	95.30582	39.94048	98.02274	135.77283	85.31921	133.7977	99.37388	106.35078	92.06002	84.80069	141.15255	177.37202	159.00889	132.53098	126.51716	120.41262	115.38595	117.73069	124.45549	105.55738	134.24241	70.39237	89.93076	69.09701	83.29554	96.28135	102.15431	79.40722	59.79844	73.97314	131.91337	156.0946	125.47587	87.03131	62.4903	72.70638	94.62375	83.52056	66.95396	62.20294	77.31748	93.82528	131.93374	127.84259	150.82874	106.53227	91.57008	92.4512	124.31014
GT84	2.12358	16.88614	30.66692	4.41968	3.49457	8.49336	21.9715	85.11027	25.42368	34.01342	18.74135	28.16694	52.78066	57.04029	32.44465	11.16762	15.21073	32.06059	20.36254	23.31005	8.31523	27.36533	43.03775	12.1595	29.51231	4.30927	5.37633	3.57971	6.02116	1.28498	0.90112	1.06214	1.21868	1.87933	1.80654	2.27908	23.16522	23.8793	40.85336	70.46365	66.76293	27.48412	16.09338	56.65435	71.10172	5.20824	19.73446	11.50032	10.051	5.54561	2.07475	0.84892	6.29137	14.91293	2.56194	15.48939	8.02672	26.18351	12.82358	2.75438	14.31575	12.78119	14.32772	19.85603	43.15535	11.9586	1.14087	1.09764	6.4274	23.24465	27.39184	22.30966	30.73138	24.187	3.73204	4.05494	25.24577	3.47336	0.38889	2.23769	2.18451	6.89217	0.8379	8.52455	2.90997	8.04508	8.98819	18.48114	11.37627	16.76485	27.88376	17.47811	19.40033	5.77191	7.4136	4.69459	0.6232	1.57124	17.26194	22.72255	20.42276	37.06451	13.95058	17.44648	40.85252	23.5204	27.76286	20.21291	8.25244	7.06859	10.421	29.3894	20.28846	14.35639	18.88058	14.76457	12.00535	14.8392	2.83596	4.67711	2.67867	0.21724	7.40812	14.28289	11.98737	3.49784
GT85	NA	NA	NA	NA	NA	NA	NA	NA	NA	NA	NA	NA	NA	NA	NA	NA	NA	NA	NA	NA	NA	NA	NA	NA	NA	NA	NA	NA	NA	NA	NA	NA	NA	NA	NA	NA	NA	NA	NA	0.01222	NA	NA	NA	NA	NA	NA	NA	NA	NA	NA	NA	NA	NA	NA	NA	NA	NA	NA	NA	NA	NA	NA	NA	NA	NA	NA	NA	NA	NA	NA	NA	NA	NA	NA	NA	NA	NA	NA	NA	NA	NA	NA	NA	NA	NA	NA	0.03018	NA	NA	NA	NA	NA	NA	NA	NA	NA	NA	NA	NA	NA	NA	NA	NA	NA	NA	NA	NA	NA	0.40675	NA	NA	NA	NA	NA	NA	NA	0.01213	NA	NA	NA	NA	NA	NA	NA	NA	NA
GT87	0.87176	0.28474	0.17237	0.14632	NA	0.95396	0.09279	1.27096	0.26007	0.54794	0.49707	0.0698	0.44418	0.79799	0.54663	1.14616	1.49877	0.70758	0.28204	0.16025	NA	1.24318	NA	0.14459	0.14671	0.59714	0.68766	0.69221	1.01423	0.23947	0.07384	NA	0.19498	0.28881	0.07056	0.89875	0.31577	0.78662	0.15241	0.42751	0.18993	0.312	0.40853	1.15989	0.97654	0.09033	1.47343	0.58888	0.21333	1.6489	NA	0.09554	NA	0.38352	0.10137	NA	0.15968	NA	0.12166	0.64322	0.81129	0.96998	0.94755	0.18527	0.38316	0.23708	0.26688	0.10391	NA	NA	0.18249	NA	0.17915	0.18201	0.86355	0.23823	0.34279	NA	0.13814	NA	0.09701	0.2514	0.12032	0.81173	0.76645	0.24184	0.1995	0.58398	0.70997	1.87551	0.49634	1.48319	1.48034	0.03669	0.18286	0.04287	0.06553	0.54698	1.63343	2.39186	1.11734	4.71367	0.88431	2.40791	3.26512	0.50521	0.19765	0.53476	0.70057	0.09514	0.16492	0.20442	NA	0.34914	0.50859	0.25568	0.93192	0.11929	NA	0.26923	0.30778	0.08619	0.23689	0.22379	0.32318	0.09605
GT9	179.06686	161.00655	142.63299	182.34672	143.65387	128.11544	127.37427	130.18218	188.30172	180.73572	246.38579	184.57327	169.74553	138.92656	93.51696	151.79302	166.55125	90.50913	162.52002	157.3411	197.15277	116.2393	91.27419	138.30222	90.80751	141.21405	177.18506	262.02125	144.5502	125.57237	145.67711	114.42136	133.83633	155.61904	115.14903	186.47906	152.24502	110.21724	126.16461	167.82563	110.20908	120.78282	98.36001	179.59463	79.30019	252.95782	91.58729	133.80987	181.50798	188.18628	254.53309	210.35595	164.07425	161.06157	116.51671	139.7292	174.68171	151.85553	211.29364	164.73137	153.12195	182.30276	190.93067	263.44267	163.02836	278.91625	204.30269	200.21555	170.08279	189.60949	79.63396	151.17102	150.97943	161.54931	194.89385	253.55885	178.52606	189.54184	80.36042	213.36368	209.61367	127.17704	189.12619	151.09391	164.67213	132.4847	159.77485	190.7171	182.8106	176.57909	158.80671	205.90407	215.85275	241.42816	238.61299	282.87378	186.00829	218.55827	113.9947	148.16356	82.14243	180.56439	174.21712	173.25387	149.10124	70.70108	120.30152	126.96877	164.87379	130.8825	143.60833	130.70318	122.41567	162.78683	138.67056	159.89843	122.58667	130.76987	102.26858	151.87952	146.95833	166.18202	132.57437	124.99679	160.43483	164.59778
GT92	NA	NA	NA	NA	NA	NA	NA	NA	NA	NA	NA	NA	NA	0.13185	NA	NA	NA	NA	NA	NA	NA	NA	NA	NA	NA	NA	NA	NA	0.07571	NA	NA	NA	NA	NA	NA	NA	NA	NA	NA	0.01212	NA	NA	NA	NA	NA	NA	NA	NA	0.07185	NA	NA	NA	NA	NA	NA	NA	NA	NA	NA	NA	NA	NA	NA	NA	NA	NA	NA	NA	NA	NA	NA	NA	NA	NA	NA	NA	NA	NA	NA	NA	NA	0.05301	NA	NA	NA	NA	NA	NA	NA	NA	NA	NA	NA	NA	NA	NA	NA	NA	NA	NA	NA	NA	NA	NA	NA	NA	NA	NA	NA	NA	NA	NA	NA	NA	NA	NA	NA	NA	NA	NA	NA	0.09584	NA	NA	NA	0.05274
GT97	0.32553	0.33397	0.40277	0.29251	3.73299	0.60497	0.54129	1.74832	1.55955	0.42115	0.67034	11.36543	8.8876	20.91938	8.61692	NA	NA	NA	0.19645	1.2466	0.12667	0.17355	NA	0.75776	0.031	8.90675	13.94444	3.28021	5.85803	0.79809	1.06486	0.5781	0.79499	3.93971	3.0513	4.90432	42.31429	4.63156	2.83385	5.17646	3.86111	NA	NA	3.41028	3.61335	0.06698	0.0845	0.15041	NA	5.39937	1.91589	4.05836	21.84672	18.1829	30.52484	0.18477	0.30367	0.2084	0.17605	0.21674	NA	0.21239	NA	2.24311	2.24997	0.99926	0.16647	0.11619	0.63128	0.11811	0.46014	1.09415	2.02388	1.25731	16.74034	22.08967	13.19679	19.1806	5.78415	15.72872	18.60721	2.16248	0.59486	0.26128	0.7105	0.64363	0.3705	0.35456	5.56741	1.91432	1.2653	1.46195	3.07587	0.1042	NA	NA	0.14596	0.43233	NA	NA	NA	0.3015	0.97237	0.42603	0.28993	2.04788	1.83273	2.16973	2.48346	20.32791	0.11524	0.35856	0.17663	0.31738	0.192	0.4581	0.32876	0.17571	2.79632	9.47842	2.32329	0.75404	NA	0.48666	0.27391	NA
GT99	0.14682	0.15088	0.07614	0.15854	0.07651	0.29599	0.26998	NA	NA	NA	0.01473	0.10716	0.08458	NA	0.79328	NA	0.08705	0.04617	NA	0.11046	0.05821	0.08197	NA	NA	NA	0.32125	1.69871	2.5785	0.87364	0.05479	0.27953	0.02283	NA	0.3411	0.11735	0.14684	0.10457	0.11313	0.0684	0.01498	0.01777	NA	0.02707	NA	0.04192	0.01729	NA	NA	0.05	0.3599	NA	NA	NA	NA	0.10345	0.02397	NA	NA	NA	0.21547	0.02378	0.07416	NA	0.0254	0.29283	NA	NA	NA	NA	NA	NA	NA	0.04771	0.2326	NA	NA	NA	NA	0.18994	0.24527	NA	0.03294	0.01541	0.05518	0.08849	NA	NA	0.07817	NA	0.16752	0.26532	9.88904	13.32665	NA	NA	NA	NA	0.12601	0.09017	0.09306	0.24661	0.40717	0.10422	0.03642	0.06465	NA	0.05143	NA	NA	NA	0.02821	NA	NA	0.02349	NA	0.0446	0.14649	0.0845	NA	0.03144	NA	NA	NA	0.0292	NA	0.0326
PL1	219.60935	219.03877	323.65244	456.74507	416.05873	376.15705	441.65433	442.91578	663.94213	603.56161	912.09977	440.243	268.4102	389.32391	268.25868	485.47639	572.50371	241.13458	533.24621	450.87257	762.68109	629.02406	508.56221	1091.29562	500.52255	315.88211	491.61501	415.6102	553.40772	900.37075	1047.35607	731.14348	934.28874	850.67193	510.94576	984.13271	701.48537	836.86942	181.83362	451.67483	320.29413	142.2165	103.18018	127.13565	76.1429	403.94788	464.02608	729.81473	1018.02708	1313.94446	1152.79981	1356.42331	806.71909	390.34878	1490.37161	1006.92413	1150.92019	794.65991	1695.70908	1305.15061	600.62013	508.2024	663.44849	813.64155	452.77538	922.78539	615.47915	571.28527	92.49543	171.56985	121.25538	396.85813	536.98049	431.66056	1599.15218	1243.4614	722.91451	955.71901	356.54205	970.98597	1269.24435	686.19353	1106.42808	352.89214	406.72929	433.1304	533.06574	544.95181	660.74072	499.01963	528.46028	1110.02386	822.34913	402.18756	640.05391	969.68155	975.98995	862.20262	218.23067	202.76403	243.08832	377.39766	659.62129	760.99664	533.48707	206.85946	316.38023	491.53508	780.54596	487.52257	327.90883	188.60473	309.0282	404.54468	917.6148	521.82503	316.6849	1154.01049	725.05134	1067.45591	1010.55591	1290.94525	692.96145	624.30475	590.24362	779.44295
PL10	9.20556	13.30732	23.61508	57.25383	28.32979	10.19139	34.92621	23.23186	28.28434	13.23012	16.70981	14.26707	10.63591	12.84749	10.73706	40.53453	36.93927	21.65827	32.81732	24.5684	47.33728	24.98232	19.77343	32.94633	14.0065	26.53149	19.44708	19.29206	20.15672	24.2872	28.80643	16.59112	16.25998	26.60273	13.00594	39.10207	37.874	24.67829	13.07774	16.08009	12.28751	11.2307	10.85968	14.07238	3.93629	47.02924	23.61876	54.1341	53.59825	87.91445	42.14492	48.83737	41.29722	23.83128	55.19502	33.56693	55.47212	41.66793	96.37664	17.68411	18.32846	21.78838	18.40676	8.50277	8.49748	6.53839	8.28214	9.07154	6.29804	14.02351	10.55888	16.52122	19.2669	12.07071	4.84526	16.20873	20.26961	7.0872	5.7256	8.14991	8.98031	12.05737	20.41039	65.33645	50.65175	41.13139	43.23396	40.31607	46.90956	57.64562	37.80017	49.17474	38.20628	25.67937	19.99517	27.80991	32.10971	54.88893	21.79139	26.98771	12.49721	33.64678	39.91448	39.55321	18.60466	27.56991	39.43378	44.72284	48.03854	17.24489	48.95975	22.1476	43.53841	42.3668	43.99933	10.35041	18.79136	41.2491	14.27209	25.45567	16.42061	42.06156	42.47408	44.42952	36.39701	43.95049
PL10_1	37.20679	46.26654	59.62615	71.91299	55.09101	34.46364	56.70671	49.58567	50.28121	33.85873	35.93839	35.05703	21.97048	31.73214	18.60291	63.89572	62.5142	31.99511	63.86335	61.31157	106.66058	60.25573	50.47723	120.70303	46.00089	37.14023	43.44844	31.74282	48.27024	107.52805	103.34705	65.16072	85.12897	77.65081	49.81056	74.47566	84.35303	72.36844	28.70414	35.41555	31.52135	26.87915	26.10534	22.23839	10.64951	62.82645	63.9501	102.72089	117.74852	199.09231	126.96849	153.42054	103.63172	51.76262	190.41625	123.57416	168.54476	103.22457	175.65402	194.29069	75.44132	67.69696	64.11672	26.48845	35.27504	21.66125	27.02755	23.96513	11.10947	15.48285	20.0134	56.58756	63.05281	50.69754	73.74316	94.4311	83.04364	55.80329	26.71308	64.91731	77.35229	60.56259	118.8635	43.18739	40.38388	38.7949	49.09642	55.42429	65.75044	64.24533	60.32405	87.23121	58.85944	62.38112	64.37413	103.62226	83.55517	116.84566	24.51924	31.95217	28.26652	83.67475	109.01808	134.23086	80.48959	33.89705	44.92841	82.71216	101.17969	72.32332	62.74793	22.75034	41.24926	56.3356	181.51897	58.06515	39.08627	191.95588	53.66758	87.07887	92.09159	132.71936	76.90269	71.78925	66.777	80.49044
PL10_2	4.08974	7.58076	13.91309	28.54035	16.95048	12.79312	14.37306	21.88013	22.8363	8.11383	18.10341	13.18412	6.60011	6.98119	7.59238	27.17366	39.20578	24.07632	19.64347	12.39186	26.03692	17.09366	12.67376	25.48903	10.26305	23.78471	13.71904	12.02619	17.75065	24.30424	26.42955	17.47757	17.58237	11.98685	15.11605	10.90445	14.69252	12.65986	16.9063	17.57933	10.83635	8.9513	7.90626	8.24433	5.06241	17.53284	14.37105	24.48845	30.88836	47.83518	26.44868	34.24539	38.5823	13.80483	28.14179	20.11129	46.02126	16.05579	30.98364	16.28978	12.54046	22.88706	24.39309	7.9642	6.4065	7.87446	1.97134	0.79621	1.3202	1.53592	11.35696	21.99702	19.17868	10.0074	NA	25.17946	34.49517	NA	NA	0.27817	NA	8.57933	36.57054	32.39807	21.49966	21.7377	26.7041	34.88703	36.12963	37.86277	31.75857	14.7396	11.73452	31.12695	24.61211	40.24931	25.06811	38.83724	8.86402	11.69405	7.32822	44.2602	53.79789	64.74927	38.19998	11.66345	15.39592	38.68728	47.82403	16.21186	44.20819	10.27142	18.38944	29.79452	55.35539	6.99344	8.51834	47.70997	13.65544	23.94444	10.67799	59.78159	29.81573	20.20802	21.27007	40.44349
PL11	40.61146	42.43528	97.23061	110.22841	76.71713	57.13525	68.30018	66.04823	70.42126	51.23801	54.57028	56.20626	27.54672	43.09698	41.50456	132.19784	126.74695	73.55652	110.53428	85.40356	149.97693	105.66524	105.27823	202.85227	86.03911	75.40039	82.27548	64.72371	87.96997	126.46959	134.62483	95.61606	114.65278	160.77587	73.36546	152.6056	104.81919	114.58226	57.20486	53.73596	48.22493	56.09464	67.80414	60.11229	35.91559	100.78836	85.4598	133.78589	158.39089	99.92779	42.88222	54.04502	170.11624	78.53568	162.53268	101.31296	141.29104	112.072	241.91207	159.77003	79.63424	85.60384	99.78299	50.19783	61.7721	57.98019	115.41072	100.91004	32.88489	55.52132	42.84905	57.77564	70.93452	49.44191	164.85633	125.59246	80.92281	133.05998	67.77571	157.38041	181.07902	129.54657	215.52011	114.18674	100.55094	95.95018	98.98173	140.95432	144.77644	167.97971	128.49122	116.32331	98.48706	124.07399	109.58375	168.14388	138.06584	87.35355	40.40476	58.55162	35.60713	92.57522	142.74629	150.15396	86.30236	66.27618	105.22057	173.55622	199.13897	81.3474	142.15019	66.46962	105.94625	116.8803	61.07856	75.41055	54.41098	72.26043	91.18048	141.25924	124.39221	238.56678	161.56653	150.93262	110.76854	188.09166
PL11_1	23.01471	44.59487	70.23991	53.38964	42.07163	40.81476	39.48152	46.0056	55.44417	46.66466	48.72234	44.69186	24.55109	38.75685	32.3796	62.74172	84.1123	41.77061	46.60491	40.32475	79.47496	49.44442	39.4857	78.86312	35.73218	53.14832	69.0981	49.1029	73.20273	81.35822	89.86334	63.719	91.66508	114.97405	66.44262	86.39682	34.35861	46.08529	43.90365	35.30189	28.29634	25.29678	43.09992	23.45297	17.889	53.44226	40.89048	76.28396	82.91228	65.90054	64.02303	57.68628	108.50866	46.19365	65.66854	50.92879	86.22282	56.10818	161.8882	85.67865	46.99353	54.36237	65.0739	43.36419	54.16789	51.93918	90.17301	58.96578	22.24599	24.9844	30.94839	42.47514	50.40268	38.10001	129.36796	120.79579	82.1951	135.44105	52.68347	132.08347	172.94136	57.9053	127.40415	58.39428	70.12441	57.43537	54.6566	76.62558	66.9011	76.42312	64.27667	90.00086	81.96826	61.13215	66.50636	106.15929	72.59204	44.59192	20.97146	26.90918	28.41143	65.89688	116.30323	117.79705	65.82718	33.1022	45.23622	83.16852	98.84884	46.46446	77.02461	33.66465	49.37946	55.13666	45.92912	47.10644	28.79047	59.17538	67.85849	107.1909	82.48257	150.48442	108.62626	87.6752	71.12123	129.09912
PL11_2	NA	NA	NA	NA	NA	NA	NA	NA	NA	NA	NA	NA	NA	NA	NA	NA	NA	NA	NA	NA	NA	NA	NA	NA	NA	NA	NA	NA	NA	NA	NA	NA	NA	NA	NA	NA	NA	NA	NA	NA	NA	NA	NA	NA	NA	NA	NA	NA	NA	NA	NA	NA	NA	NA	NA	NA	NA	NA	NA	NA	NA	NA	NA	NA	NA	NA	NA	NA	NA	NA	NA	NA	NA	NA	NA	NA	NA	NA	NA	NA	NA	NA	NA	NA	NA	NA	NA	NA	NA	NA	NA	NA	NA	NA	NA	NA	NA	NA	NA	NA	NA	NA	NA	NA	NA	0.0886	1.9234	0.00683	NA	NA	NA	NA	NA	NA	NA	NA	NA	NA	NA	NA	NA	NA	NA	NA	NA	NA
PL12	0.55818	5.12204	4.99066	8.26131	5.59948	5.94904	6.53143	0.88022	1.71471	5.08238	2.96113	1.09214	5.29412	4.90757	5.97579	6.7156	9.16852	4.22932	5.08502	0.89603	0.3054	3.09043	4.16876	5.305	2.57358	5.95168	7.50794	4.84969	7.48679	3.21342	4.24783	1.10734	8.34719	2.10662	2.52052	3.31137	3.39484	1.62625	6.24534	8.97583	11.95788	3.85709	5.5169	19.20751	11.26753	9.14168	10.86628	17.57689	16.76894	5.73004	3.69679	3.60643	4.66393	3.19656	2.18175	53.58879	53.71897	14.57976	28.05862	7.05984	19.98323	12.71091	10.95975	8.75998	17.65239	7.63655	1.64542	1.11657	7.03782	6.09317	3.52832	5.4894	6.21152	10.48417	4.98584	2.56364	8.07353	9.0515	1.61222	8.38334	7.56108	13.91861	18.52988	1.67263	4.83848	5.84562	2.42577	3.23329	2.29074	6.17588	2.6344	2.96305	2.83546	1.04339	0.751	0.89551	0.74081	5.00046	2.847	5.77433	7.0808	4.77383	7.36485	3.94342	7.41374	3.86411	2.84975	16.49203	11.50747	7.35335	2.59904	3.24141	5.88966	5.37787	0.40385	3.52818	1.50174	3.06092	1.98295	1.87174	0.72705	0.89658	2.82569	4.52575	1.19708	2.45427
PL12_1	13.77396	12.04789	10.38463	2.85448	4.39029	6.38061	2.8777	10.60488	9.0925	4.38065	3.27579	2.62058	0.69082	1.93078	2.45843	0.13051	0.74301	1.66905	0.51248	11.23037	4.21584	2.27879	NA	1.61844	0.99682	4.40978	3.52402	11.8869	2.25076	1.08354	1.10622	0.32912	1.1854	0.82714	1.80117	1.30778	3.73178	6.75476	3.54405	6.67562	3.09471	2.86098	3.62395	2.79936	5.95376	1.96906	5.05044	0.83512	1.05321	1.02424	0.35259	0.09248	3.52335	2.27489	1.91886	1.39407	1.49775	1.27726	1.7654	1.58246	2.78089	4.11363	2.45711	0.19676	1.23143	0.17651	31.32635	5.86196	8.79498	3.30928	6.84405	9.24281	15.3585	20.22645	6.75104	4.39648	5.52543	1.87013	2.82372	5.52441	6.50934	10.87479	2.60585	5.44863	5.51647	5.85095	2.38621	0.49288	0.69269	0.71477	1.26712	3.96138	2.52826	2.44351	2.7542	2.47134	2.28972	1.24996	2.04058	3.8453	2.93046	2.49621	6.38563	1.82421	5.06333	0.91427	0.69413	2.09334	2.19337	3.79899	1.46834	1.85104	0.73766	0.46954	1.36353	3.22946	0.85575	1.7265	12.09778	4.91961	11.16826	3.05255	1.12628	3.08189	1.59977	1.00556
PL12_2	38.04881	21.16019	45.72685	63.87834	66.85184	53.90275	51.84228	30.30142	23.61997	26.2979	15.7843	37.98755	28.56931	41.81676	22.44633	54.47693	53.51553	21.44382	74.33696	34.98063	65.29994	186.89454	174.33827	315.48714	152.33995	59.43039	87.38035	110.9811	87.66762	135.5577	147.54742	104.078	137.75036	106.27249	66.4887	121.78083	146.63328	156.33063	18.90782	38.37034	54.41129	6.40754	4.92801	10.22729	3.19026	53.09851	49.32344	120.3149	136.15159	55.3203	17.06306	23.36261	79.45861	55.74952	245.25395	207.65801	234.22171	151.13452	277.69487	118.57613	87.24733	51.90042	73.95845	16.63027	43.82308	9.86428	43.12737	41.28943	8.61875	7.11983	11.292	45.73159	54.16221	36.7505	161.24466	99.9964	41.75113	66.18374	34.93929	81.31165	90.77181	142.54071	221.17465	25.31742	39.82856	29.20826	31.41046	61.69756	88.61526	66.17545	67.27222	70.55844	50.96099	28.14783	83.12912	120.23881	121.15315	80.74493	21.02352	23.48546	25.46156	20.6935	41.16978	49.97191	36.21643	10.97584	22.2643	109.25658	166.07781	173.01307	13.82944	12.00443	21.50975	22.16582	41.36671	50.45218	29.4353	52.70633	102.17315	154.48202	182.70538	172.4482	97.5395	76.75364	139.80429	87.31632
PL12_3	1.36626	0.961	0.96411	0.19995	NA	0.0927	0.18424	0.47812	0.84715	4.09913	1.37546	6.13596	2.56069	3.81073	4.01115	0.24699	0.3724	0.65491	0.49289	0.38883	0.32786	2.15052	3.36322	7.08501	2.21681	NA	NA	NA	NA	0.15543	0.27582	0.19361	0.18238	1.84271	2.00935	3.56945	0.05943	1.21862	NA	NA	NA	0.53958	0.15606	0.42174	0.22103	2.52512	2.09084	6.17438	12.11261	0.14229	0.80098	1.28962	0.38948	0.46242	0.55797	0.27303	0.15479	NA	NA	6.26895	3.09908	1.4091	2.79257	1.97062	1.29316	3.11167	0.11234	NA	NA	NA	0.08273	0.30244	0.13436	0.33429	0.17712	0.15505	0.4827	NA	0.61568	NA	0.0985	0.04638	NA	NA	NA	0.0358	NA	21.35195	15.12823	18.65448	15.73997	0.45204	0.39606	4.20593	4.31546	3.46661	3.02364	0.12821	NA	0.57337	0.25733	NA	NA	NA	0.03755	6.29931	12.18527	2.38092	4.89545	2.23758	1.98065	0.57519	1.70008	3.29945	2.57279	8.70322	3.03182	5.99455	0.25175	0.12139	NA	0.17153	19.13903	15.54422	14.41007	21.45659
PL13	13.76613	8.8639	16.21032	24.27187	22.44216	22.11075	21.94534	16.11007	10.71327	14.74344	8.30538	15.57119	9.59716	32.59701	8.82466	26.94291	22.73332	7.16803	31.11864	33.7109	55.76799	70.90729	76.75129	132.39641	57.53587	40.59948	52.20339	68.29851	58.41588	51.50209	46.08211	30.71137	46.99302	41.0817	20.62594	45.00227	52.30334	43.85291	10.37633	17.2924	23.46134	3.10247	1.7813	4.69947	1.6414	20.36443	25.30473	42.48433	61.47693	13.51803	3.82643	6.03393	32.27464	23.08438	76.53286	51.4263	51.97164	47.84705	89.98815	97.46219	66.4812	32.45001	37.12379	10.66308	24.84688	6.87537	20.27033	20.42534	5.57368	3.94212	4.2376	14.5461	21.83702	20.56699	47.39029	30.34416	13.03836	40.49173	19.09001	49.39078	46.83598	55.69413	85.66733	13.31873	23.08673	15.17041	19.6833	19.33206	27.98033	19.3021	21.92491	41.79577	26.92364	10.15963	26.87966	40.847	51.5942	23.37807	4.6281	11.50352	10.09728	15.96409	26.47565	38.53394	27.11957	5.61588	12.46476	43.17409	60.13138	89.11169	10.35266	8.36356	10.98237	13.03676	14.91062	32.37112	12.70074	25.89979	39.13199	61.11692	71.56648	61.3684	63.31735	44.52049	85.32459	57.69506
PL15	20.55123	5.29663	24.40046	7.11763	12.24149	9.07486	6.64104	21.82288	26.5155	27.37854	18.94679	11.01034	7.3787	3.77892	6.23097	6.99811	11.65439	3.87167	9.16429	1.21743	1.71228	7.2042	2.67484	11.58823	4.31389	10.22835	15.25578	17.36401	18.1568	3.78045	3.804	1.39345	9.73656	27.90428	29.59376	39.84641	66.96591	24.23211	2.04779	7.09464	14.88	2.56667	2.55801	3.99142	2.03423	2.90413	6.07188	6.81965	16.50229	2.42697	0.4014	1.23827	36.29245	27.08657	142.88923	4.19639	3.52189	9.08823	40.35469	15.27685	63.31474	24.25411	34.2091	8.21501	14.31331	8.14925	29.46442	27.71135	2.2026	11.67674	0.2353	2.08143	3.82964	4.15794	NA	NA	0.03831	42.94023	14.2138	39.63963	59.02217	1.99884	3.74382	4.43152	8.8237	12.01133	12.23868	10.44548	13.1139	8.84786	12.8706	40.68848	28.43593	9.66505	38.99531	46.53378	35.83464	3.16514	2.67202	6.41185	3.89125	0.94376	2.98409	3.40594	2.15361	1.94492	2.99406	81.71065	101.48184	143.24928	5.4484	4.31413	4.73707	4.63493	6.58709	7.52148	1.6486	6.73878	32.87011	42.72846	89.94244	22.1095	5.45114	2.2913	1.79412	14.59838
PL15_1	NA	NA	NA	NA	NA	NA	NA	NA	NA	NA	NA	NA	NA	NA	NA	NA	NA	NA	NA	NA	NA	NA	NA	NA	NA	NA	NA	NA	NA	NA	NA	NA	NA	NA	NA	NA	NA	NA	NA	NA	NA	NA	NA	NA	NA	NA	NA	NA	NA	NA	NA	NA	NA	NA	NA	NA	NA	NA	NA	NA	NA	NA	NA	NA	NA	NA	NA	NA	NA	NA	NA	NA	NA	NA	NA	NA	NA	NA	NA	NA	NA	NA	NA	NA	NA	NA	NA	NA	NA	NA	NA	NA	NA	NA	NA	NA	NA	0.12916	NA	NA	NA	NA	NA	NA	NA	NA	NA	NA	NA	NA	NA	NA	NA	NA	NA	NA	NA	NA	NA	0.02989	NA	NA	NA	NA	NA	NA
PL15_2	22.99152	14.09924	33.96308	20.46829	16.56475	20.78591	16.39706	16.45202	11.57924	16.79711	9.47736	18.15199	4.67135	31.7026	7.89162	27.54122	31.0606	6.70917	32.90624	31.53803	50.16541	73.85677	50.25499	141.31732	56.39605	40.23518	60.2999	66.28139	63.94616	54.44393	54.34785	35.55726	54.88815	38.47958	28.24015	57.87021	76.5032	59.96755	9.85582	21.56837	26.24948	4.93479	3.39901	7.74656	2.49728	22.84993	27.93858	48.31794	79.02939	15.83305	4.72495	8.72278	63.06605	33.2272	181.24088	64.48045	70.12186	52.73121	131.67143	93.92768	90.48496	40.40646	50.15994	18.50967	28.64305	14.57027	46.50375	47.8308	4.38571	4.67039	5.49567	15.51536	21.11317	19.53393	54.76169	32.57737	14.22692	79.23391	36.83909	88.35449	103.39101	53.8451	86.91663	18.01252	30.91895	27.99196	30.24167	29.15482	39.47448	25.47409	30.43847	49.14884	36.06028	19.72551	54.73055	78.574	70.39429	24.02108	4.6655	6.6027	8.47883	15.88542	30.39636	40.89375	28.04251	5.49956	12.76897	63.15519	84.62861	128.11262	9.79492	10.17309	12.57838	15.0853	8.91172	20.47159	9.58129	17.80355	54.02837	80.54106	97.91935	73.59391	64.71941	52.16547	88.26769	62.22258
PL17	6.47842	5.34358	5.85131	2.93961	2.64397	4.58884	3.48653	7.4395	8.34012	2.33222	5.37401	15.42732	3.93141	2.31462	1.98545	5.64702	7.65801	9.07252	9.09666	NA	NA	3.90672	1.12938	8.15201	2.73581	13.80653	16.11811	15.96259	15.89529	20.51282	14.65026	18.02806	25.40364	0.34336	0.75518	0.82043	6.60274	0.47099	6.90676	3.01822	6.07425	7.56065	0.96473	2.86785	3.92582	2.9644	11.49245	5.84966	18.09761	10.98896	9.9544	11.30565	1.80946	2.52519	0.6297	7.99247	4.39547	25.33445	4.09543	110.64577	40.01774	25.27375	22.40894	10.87212	35.20211	10.37113	0.27371	0.33463	NA	0.88905	1.67462	8.61337	7.79934	12.91372	NA	NA	NA	NA	NA	NA	NA	4.07146	1.98654	14.83045	8.56653	20.65378	38.11507	3.0006	4.59814	5.94211	4.24177	22.60407	24.71359	0.36879	0.40005	0.22154	0.60943	6.37072	3.53092	9.26119	4.83167	17.57598	20.42787	35.68774	24.28935	1.67123	9.32209	13.7051	14.06892	39.2419	2.39568	4.01695	1.26737	6.65024	7.01671	0.54254	0.78076	0.88495	12.91209	8.65971	21.35995	6.61547	NA	0.20337	NA	NA
PL17_1	NA	NA	0.03556	0.35037	0.39374	NA	0.09421	1.2022	NA	0.26356	0.04307	NA	NA	NA	NA	1.21604	0.64454	1.36019	0.9184	1.37373	0.08509	0.09303	NA	NA	NA	5.39122	5.03003	3.1941	6.09866	0.16141	0.28685	0.26906	0.47451	1.34105	1.54252	1.67641	1.48653	1.19559	0.45343	1.92652	1.60448	NA	0.1939	0.1017	0.30586	3.63375	1.60166	3.01287	1.15097	NA	NA	NA	0.99853	0.17715	0.51119	1.20701	1.6104	2.18868	1.45807	NA	NA	NA	NA	0.41995	1.65348	0.46504	0.40221	0.43709	0.84813	0.37327	0.02856	0.41865	0.20924	0.57097	0.26365	0.15505	0.11139	3.91608	1.05199	0.36319	2.82618	4.22107	1.08977	0.0817	0.07488	NA	NA	0.05728	NA	NA	NA	0.18545	NA	0.48061	0.46462	0.32447	1.28369	1.27425	1.65268	3.24912	5.65729	1.06946	1.24204	3.03616	4.87628	NA	NA	0.08849	NA	NA	0.08288	NA	0.25408	0.06903	0.31665	2.90745	1.31927	2.24641	0.1036	0.21706	0.63121	NA	NA	0.59966	NA	0.09618
PL17_2	3.29047	2.97383	8.49192	0.85743	0.94788	1.13503	1.23553	2.90734	1.51933	1.19419	1.02488	7.32805	3.25763	1.3004	2.1931	9.77335	17.00187	8.80961	7.66747	2.4298	1.4066	3.69169	7.6424	10.84233	3.78408	2.54774	1.0533	3.59147	4.22119	7.98553	5.84478	1.96757	10.77101	2.61289	6.63662	16.61375	3.99574	8.24526	2.24476	2.64644	6.54515	9.83436	2.45999	5.99292	5.04925	3.083	4.83431	8.35754	13.34979	1.52013	0.39256	2.2439	5.68614	1.52179	1.71808	4.47684	3.31112	6.94591	44.23438	5.71811	20.44085	8.74689	14.74317	2.73393	4.74722	4.2829	26.5426	32.96353	0.83537	3.90291	1.49496	2.69278	3.59967	2.78	0.533	0.24884	0.04469	46.33153	20.19085	51.28561	68.70827	2.72218	5.86548	5.87902	11.20603	11.53468	12.93473	3.38171	5.82019	3.29696	4.13721	17.78938	10.57421	2.23433	10.33139	8.38215	10.86739	0.22701	0.28838	0.80018	0.70178	2.51873	2.99669	5.1139	2.44773	0.49973	3.05958	16.29889	18.01496	40.84494	5.06805	6.05438	4.44615	4.0169	3.19038	0.71947	0.04305	0.09149	7.33625	7.28933	2.56489	3.55497	0.35972	0.2523	0.18704	0.23243
PL1_2	87.70414	64.30337	115.65827	204.82098	142.97126	151.05045	137.22082	156.9105	210.76589	188.65623	256.04486	155.42838	88.59605	120.86397	76.87413	185.89599	228.90424	82.229	204.56767	188.52588	328.48282	249.17512	221.55753	437.2828	189.79735	105.63978	159.19907	142.9219	168.5898	357.5448	392.24777	259.12713	362.61461	307.33157	176.34044	378.49102	265.62707	314.81786	72.48491	183.83156	125.25059	53.06286	37.05851	52.70128	26.14328	166.28615	177.52245	284.42922	415.35231	512.12046	408.95976	482.41408	331.78748	171.89624	565.66286	365.28927	429.88298	299.47175	706.37235	490.40521	227.63793	195.58296	246.1152	121.88908	123.2962	110.63713	254.5841	229.06494	42.06792	58.18236	47.45553	163.82407	207.49441	168.04188	654.11679	503.28597	293.81787	386.60098	128.23094	379.89268	465.31834	294.38442	461.14358	142.71459	158.77521	164.72953	208.14768	206.74012	256.00942	232.61984	204.39556	383.94859	266.9875	168.5526	273.40767	400.67934	396.06954	340.76706	80.29697	79.13195	76.34852	166.42308	271.83364	321.53235	213.26306	57.72593	112.89671	198.38244	329.18938	205.19037	129.59645	83.36234	126.52245	159.87976	351.98147	174.98836	123.01884	401.41055	265.41156	428.08018	375.42576	510.20474	290.55806	272.67833	265.45765	313.58598
PL1_5	NA	NA	NA	NA	NA	NA	NA	NA	NA	NA	NA	NA	NA	NA	NA	NA	NA	NA	NA	NA	NA	NA	NA	NA	NA	NA	NA	NA	NA	NA	NA	NA	NA	NA	NA	NA	NA	NA	NA	NA	NA	NA	NA	NA	NA	NA	NA	NA	NA	NA	NA	NA	NA	NA	NA	NA	NA	NA	NA	NA	NA	NA	NA	NA	NA	NA	NA	NA	NA	NA	NA	NA	NA	NA	NA	NA	NA	NA	NA	NA	NA	NA	NA	NA	NA	NA	NA	NA	NA	NA	NA	NA	NA	NA	NA	NA	NA	NA	NA	NA	NA	NA	NA	NA	NA	NA	2.73357	NA	NA	NA	NA	NA	NA	NA	NA	NA	NA	NA	NA	NA	NA	NA	NA	NA	NA	NA
PL1_6	NA	NA	NA	NA	NA	NA	NA	NA	NA	NA	NA	NA	NA	NA	NA	NA	NA	NA	NA	NA	NA	NA	NA	NA	NA	NA	0.03143	NA	NA	0.10186	0.4387	NA	0.03024	NA	NA	NA	NA	NA	0.12842	NA	0.01677	NA	NA	NA	NA	NA	NA	NA	NA	NA	NA	NA	NA	NA	NA	0.02262	NA	NA	NA	NA	NA	NA	NA	0.14597	0.14322	NA	0.07308	NA	NA	NA	NA	NA	NA	NA	NA	NA	NA	NA	NA	NA	NA	NA	NA	NA	NA	NA	NA	NA	NA	NA	NA	NA	NA	NA	NA	NA	NA	NA	NA	NA	NA	NA	NA	NA	0.04933	NA	NA	NA	NA	NA	NA	NA	NA	NA	NA	NA	NA	NA	NA	NA	NA	NA	NA	NA	NA	NA
PL1_8	NA	NA	NA	NA	NA	1.82218	4.8966	NA	NA	NA	NA	1.07436	2.16254	1.06795	2.58489	5.98971	4.21146	3.81885	2.39216	NA	NA	1.60387	1.97155	1.98967	1.42408	6.49222	6.46325	4.05387	3.65377	NA	NA	1.12168	3.32653	7.44278	14.24628	4.9577	NA	NA	NA	NA	NA	0.06403	1.55569	0.05005	0.51155	NA	NA	NA	NA	3.33116	7.21788	5.50681	4.13386	0.90721	3.42568	4.50667	6.12138	3.68814	1.32967	0.67519	0.09537	0.83471	2.10803	5.11894	12.78868	4.62119	NA	NA	NA	NA	0.05876	NA	0.23918	0.36763	8.90257	3.36929	0.96853	NA	NA	NA	NA	3.9961	NA	NA	NA	0.05023	NA	0.35085	0.29446	NA	0.06259	1.46858	2.65312	NA	NA	NA	NA	2.5771	1.06572	3.02052	6.83029	NA	1.83164	1.13227	2.87149	4.00999	4.34364	1.37561	1.46142	4.04364	NA	NA	NA	NA	3.01731	1.71851	2.36816	6.72109	NA	0.19015	NA	NA	NA	NA	NA	NA
PL2	NA	0.19108	0.03999	0.11755	NA	0.0755	NA	NA	0.0154	0.04375	NA	NA	NA	NA	NA	0.04372	0.37801	0.07929	NA	NA	NA	NA	NA	NA	NA	NA	NA	NA	NA	NA	0.04361	NA	NA	NA	NA	NA	NA	NA	0.09128	0.01005	0.05498	NA	0.44219	0.36332	0.47867	0.0797	NA	NA	NA	NA	NA	NA	NA	NA	NA	NA	NA	0.05316	NA	NA	NA	NA	NA	NA	NA	NA	NA	NA	NA	NA	NA	NA	NA	NA	NA	NA	NA	0.44346	NA	NA	NA	NA	NA	NA	NA	NA	NA	0.0631	0.16553	0.31402	0.47011	0.07979	NA	0.08559	NA	0.06143	NA	NA	NA	NA	NA	NA	NA	0.03276	0.03506	NA	NA	NA	NA	NA	NA	NA	NA	NA	NA	NA	NA	NA	NA	NA	0.14296	NA	0.03384	0.03897	0.14077	NA
PL21	NA	NA	NA	NA	NA	NA	NA	0.89611	0.64178	0.35438	0.18202	0.22065	0.47162	0.50615	1.05804	NA	1.2988	NA	0.87434	NA	NA	NA	NA	NA	NA	NA	NA	NA	NA	NA	NA	NA	NA	NA	NA	NA	NA	NA	0.42255	3.42425	0.62005	4.9594	5.49731	0.58671	0.21129	NA	NA	NA	NA	NA	NA	NA	NA	NA	NA	NA	NA	NA	NA	NA	0.60717	1.16884	3.92571	0.79866	2.79817	0.1832	NA	NA	NA	1.18301	NA	0.88456	1.03155	0.72217	NA	NA	NA	NA	NA	0.50769	NA	NA	NA	NA	NA	NA	NA	0.22563	0.09865	0.74509	0.55533	1.65058	3.32969	NA	NA	NA	NA	2.39058	0.6976	1.15291	NA	NA	NA	0.07346	NA	0.44119	0.65033	0.06232	NA	NA	NA	NA	NA	NA	1.85578	NA	NA	NA	0.10945	NA	NA	NA	NA	NA	NA	NA
PL21_1	24.34514	12.35437	29.05707	13.79652	9.6769	6.42332	9.21008	4.4226	1.71567	1.54598	1.68433	2.45018	2.29671	1.63932	0.20612	34.39865	21.01013	8.70927	47.49628	NA	NA	79.55516	61.1886	167.8699	66.31336	NA	NA	NA	NA	74.38042	82.70564	56.25194	60.85744	28.29721	25.28516	39.13769	77.15513	88.66784	6.45176	16.39734	34.72152	NA	NA	NA	NA	22.4971	10.65498	49.68982	43.19691	25.03569	6.44129	13.41595	26.47842	23.60826	180.34271	124.26199	139.04761	84.04931	101.25146	11.54878	49.61549	18.82008	25.74513	NA	NA	NA	NA	NA	NA	NA	5.47208	14.73389	24.68247	3.45277	NA	NA	NA	NA	NA	NA	NA	34.17564	65.68093	NA	NA	NA	NA	24.33779	44.70159	34.29357	27.33482	36.50501	21.7967	NA	NA	NA	NA	37.21664	6.92644	6.98318	10.59392	NA	NA	NA	NA	NA	NA	61.76405	71.78589	116.90407	NA	NA	NA	NA	2.15039	0.29691	0.34182	0.45403	62.79536	92.2126	136.55793	101.79242	NA	0.83472	NA	NA
PL22	29.69937	43.72487	58.62297	146.49997	79.59011	46.79623	77.7102	71.28516	66.42455	53.895	47.0044	43.57845	47.01395	37.24444	48.48286	86.24952	82.23416	51.94263	77.94172	71.26309	102.10207	62.54825	48.93721	93.53987	43.77044	78.52199	62.65496	47.80408	63.79333	110.34488	130.38472	87.02975	71.61911	59.76109	57.4501	69.51555	81.01556	76.59142	61.23247	77.00826	41.19014	34.80737	44.09942	75.02028	25.78666	95.98981	91.80604	87.86158	83.41966	274.98572	147.08282	182.37363	139.67215	52.99952	94.86712	58.8165	136.4441	69.38169	105.94446	248.64258	83.30402	110.5636	99.90518	44.40188	58.76579	32.51018	134.15365	142.2358	93.76989	70.89255	30.55099	56.79218	59.80948	48.0242	55.80133	167.54784	129.26747	53.7323	18.87596	50.02834	112.60111	51.92038	147.10954	90.05271	79.12151	62.80792	66.05322	95.30534	112.75278	136.45149	78.53149	108.3258	103.61159	129.60018	107.82248	165.7092	136.19963	195.87768	56.39425	83.15133	77.14723	131.70418	166.92822	175.94089	105.6259	56.30461	78.4317	105.37792	114.56917	44.29497	123.11455	43.0284	73.70071	88.66877	223.74591	99.88208	67.99263	232.06027	42.4281	79.33583	46.10569	157.99348	111.72651	102.70962	63.08147	137.41841
PL22_1	0.13849	0.76869	1.13219	5.99495	4.04803	3.4495	2.53638	3.97852	1.94764	5.50859	1.2978	0.48858	6.54166	2.61511	6.4706	3.5885	1.25881	4.7717	2.49472	1.33539	0.1126	1.49257	NA	0.70293	1.1085	6.02979	5.15701	2.81547	5.12865	1.67443	1.89936	1.71153	0.21159	1.48714	1.99465	1.36175	4.55945	6.34527	1.87129	2.17203	2.20436	NA	1.91802	0.19312	1.5168	3.02453	1.03703	1.52254	1.15556	1.31569	0.93955	0.99175	2.55056	0.83334	1.37946	2.17977	2.86485	2.19452	2.0376	0.46998	1.09972	0.32252	0.64942	0.91158	1.59852	0.34957	1.44458	0.45443	6.23547	6.27855	1.48727	NA	0.95702	1.62122	2.17211	1.4857	2.41238	1.42581	0.65908	1.86264	1.88023	2.44799	0.70137	0.91309	3.07229	3.27974	5.26371	2.04356	6.63052	11.40259	2.45248	20.61758	27.92818	1.14705	1.14246	0.31086	0.66086	1.36413	2.18865	3.9869	5.51698	2.23619	1.56406	1.76587	4.34848	2.35377	1.89047	0.53625	0.27387	0.49373	0.21989	1.94191	1.5776	1.22207	3.39735	6.82093	1.78451	1.51638	1.26259	0.82356	0.48844	0.50312	0.48477	0.73611	0.42217	0.76042
PL26	16.24347	32.54403	55.12659	73.26908	36.13678	31.99524	39.75188	36.76023	47.60245	40.8162	35.8777	20.33046	15.82019	22.14594	21.33239	65.34636	61.12156	36.77642	51.47421	34.05249	67.88817	49.65785	41.05728	80.08086	41.21852	50.94975	54.06855	46.73486	53.23592	60.54268	75.32598	48.77815	63.09306	66.23046	34.10599	74.84605	42.44747	50.17025	34.01804	34.17058	25.31682	21.23328	26.39152	31.89252	13.13296	53.80134	25.39747	62.34347	60.98936	54.4042	28.86291	32.81238	91.14967	38.0335	66.22947	37.84298	68.7659	43.74528	117.23654	34.35385	48.04111	64.64964	66.57885	25.79044	33.50878	24.97605	53.2292	42.41088	30.45868	37.80504	20.23595	28.14628	30.43657	20.12403	108.02686	100.87982	86.71287	56.29473	28.04126	58.297	68.35916	67.95543	114.21111	78.59029	69.35366	56.39174	57.08995	68.28633	69.06721	87.45491	56.47487	64.78496	62.41425	67.44128	59.92382	91.79182	91.26112	49.5534	24.7667	36.92154	23.68191	72.93527	101.93365	95.67574	52.07753	38.6423	52.58498	66.13947	78.3484	38.18038	65.24162	31.35451	49.78826	55.62527	36.14697	26.93802	27.03061	43.92972	42.18734	55.79963	40.84082	110.05098	96.46021	85.66414	86.27763	104.00401
PL27	15.78401	19.68721	22.98979	45.90203	34.23005	20.53052	28.24266	13.87493	16.69063	16.26363	11.19424	11.16196	14.42443	13.23232	18.84784	44.64383	40.871	32.77674	31.43556	34.67075	60.5094	40.26044	53.1637	74.2669	37.34053	50.21533	50.11782	51.93767	58.47786	55.74501	49.00986	30.3219	36.18709	17.51474	19.23859	15.58118	28.16149	33.17603	21.45109	19.51593	18.10776	26.78764	26.57746	5.5054	15.00764	30.52833	34.16123	39.53859	43.27488	27.3239	25.10701	22.36839	64.38516	30.31861	44.10433	17.42673	12.56491	24.77055	40.32828	97.28087	35.41932	41.51335	39.50034	12.88873	13.79953	11.14795	0.85613	2.29026	9.12587	11.08031	14.56873	21.69869	21.79772	24.45657	14.29976	30.78953	39.303	3.48777	1.279	3.79546	3.44264	54.31173	68.21327	13.23683	27.16525	21.13127	19.31738	13.12333	18.75112	25.32214	21.40205	40.18788	46.55641	63.52296	51.28361	41.84073	45.8995	10.55911	7.08698	17.74824	14.84174	49.96001	63.9892	71.1614	42.78858	17.49082	19.73854	51.0141	59.28481	58.61972	37.85761	25.67749	67.07392	43.93389	31.12836	34.00887	22.19222	32.89006	39.7869	36.73477	43.21704	77.65103	31.2848	41.42339	36.14928	20.58717
PL29	7.46713	16.59603	13.94732	19.81607	16.47586	16.21555	9.30727	17.3695	15.53279	17.41044	11.5921	21.41284	12.32032	8.3225	8.64292	12.18464	19.61504	5.12291	12.42948	1.86407	5.06701	11.26475	6.33	12.12021	11.2846	13.35475	23.57227	26.55784	18.80978	23.88498	26.02309	18.68722	24.40705	40.30398	13.95098	46.48651	34.07853	23.17649	5.8768	25.12197	7.35594	7.39294	2.40841	5.39443	3.51328	18.39783	14.82129	23.23564	36.81544	24.69031	23.0557	22.05859	28.28823	18.43839	68.12186	13.99113	9.85161	14.13836	41.3259	12.22913	20.21776	16.83697	24.14799	10.18108	11.16855	8.52171	17.44459	17.27266	3.08907	9.68824	5.4328	12.96975	11.00176	14.27784	47.75238	29.31478	11.76381	28.32487	15.90539	31.77756	45.98848	21.86645	30.87538	8.64274	12.95022	14.01652	19.68381	9.08868	14.47279	11.76922	14.18393	8.33721	9.87016	44.13417	59.72196	71.79532	59.40345	19.49043	5.87092	2.57334	5.82061	5.54475	14.48572	12.72327	8.95178	3.18709	8.03368	26.35798	41.184	25.80758	11.66961	15.57607	16.63512	21.47382	11.93719	9.95552	9.90611	13.99982	19.80405	23.63535	24.91056	33.29464	24.95626	30.48356	36.91296	24.63649
PL30	95.59056	40.44626	33.3712	19.9165	18.37058	19.11425	18.20905	14.00804	14.02807	15.19046	10.45905	6.76422	2.47138	2.50182	3.90955	38.77849	29.62547	10.2876	41.89266	14.46753	19.61537	35.40017	37.05007	81.14269	35.4155	50.58777	54.56009	62.65292	49.6352	66.25289	61.50164	53.02241	65.77132	23.53291	16.9708	30.76969	41.03852	47.40768	7.75144	14.6842	18.5495	4.47355	4.61803	21.84944	8.22888	28.9152	37.93488	62.0785	81.63587	31.4111	10.05446	16.73193	60.89263	46.99864	116.44901	68.53475	70.01185	45.93277	98.36704	10.48495	18.31028	12.76256	24.70295	14.09923	23.53159	11.13462	1.04517	0.6115	0.30992	0.24043	8.55919	41.05631	45.09771	39.23096	21.22366	23.68558	11.11992	25.08212	6.73789	25.42251	32.77252	41.06106	62.95546	33.84044	44.13342	47.54381	39.69425	50.21961	49.68967	31.22478	47.56969	27.09152	23.45615	70.71185	57.02867	34.35757	41.76631	30.99396	11.06472	14.33743	8.45856	0.4396	3.63211	3.88212	1.41076	0.73124	1.81014	20.23434	25.65802	34.22826	53.5181	31.36189	33.78189	47.16594	36.83912	18.42376	12.21842	25.75222	42.38533	55.26081	57.72614	61.3783	42.73453	29.76578	57.35604	35.24586
PL31	2.70594	3.72752	4.11269	NA	NA	1.22742	4.09184	0.59132	2.23409	1.66957	0.15007	1.09734	1.03943	1.25861	1.92014	NA	NA	NA	0.24493	NA	NA	0.97751	2.1742	1.13663	0.93013	3.27023	4.79955	2.57342	2.18409	2.07587	0.87741	NA	NA	4.71968	8.31985	2.29324	NA	NA	5.85276	0.75156	2.0017	0.32702	1.30523	NA	0.58055	NA	NA	NA	NA	NA	NA	NA	1.89738	0.66018	2.25211	2.83813	3.07871	2.7261	1.60047	0.29556	0.29222	1.30796	4.35744	5.01611	11.02453	4.97868	NA	NA	0.59414	0.39084	0.12004	0.21996	0.29315	0.35894	11.31705	4.77205	1.54623	NA	NA	NA	NA	2.92572	NA	0.90879	1.92594	3.15521	0.95937	1.59226	1.84533	2.4763	1.14609	1.9116	1.713	NA	NA	NA	NA	0.41961	0.59744	1.14675	4.34446	NA	NA	NA	NA	4.62017	7.40596	1.32052	1.83226	4.96451	5.30095	1.55375	2.11958	1.63173	2.75165	1.27656	1.83708	5.14051	0.14515	NA	NA	NA	NA	NA	NA	3.57168
PL32	0.0138	0.09929	0.02889	0.11045	0.32943	0.23371	0.11526	1.60454	1.68922	0.60079	0.77801	0.41407	0.10189	1.20585	0.74277	NA	NA	NA	0.01488	NA	NA	NA	NA	NA	NA	NA	NA	NA	0.03662	NA	NA	NA	NA	NA	NA	NA	NA	NA	NA	NA	NA	NA	NA	NA	NA	NA	NA	NA	NA	NA	NA	NA	NA	NA	NA	NA	NA	NA	NA	NA	NA	NA	NA	NA	NA	NA	NA	NA	NA	NA	NA	NA	NA	NA	30.72329	37.79666	19.92273	34.33963	8.12406	29.05241	30.30331	NA	NA	NA	NA	NA	NA	NA	NA	NA	NA	NA	NA	NA	NA	NA	NA	0.54456	0.05571	NA	0.02607	NA	NA	NA	NA	0.08515	0.03267	0.02356	NA	NA	0.23576	0.16428	0.27102	0.19637	NA	NA	NA	NA	5.0502	14.23159	2.47577	1.92238	NA	NA	NA	NA
PL33_1	28.14607	44.086	51.49248	64.54481	43.40548	44.22844	34.29892	33.27994	38.00065	26.36422	20.87399	52.54812	23.35609	34.94252	40.80553	59.69333	46.55342	40.49455	60.72774	61.13977	78.32478	71.11487	56.78094	116.04847	54.45117	45.59905	58.75614	62.71967	63.96332	102.98052	116.71888	117.34551	100.85177	90.36484	54.59878	99.784	67.05853	76.81775	43.20164	55.86448	43.32792	28.22358	28.90207	23.89613	23.56636	45.33243	71.78091	66.75875	80.57518	58.48255	47.52203	47.83628	53.98921	37.20336	106.01508	39.05215	36.0184	60.2941	61.8685	229.97894	98.93142	81.34733	87.52598	20.45383	34.05148	17.04904	104.91033	126.42248	108.15241	59.8533	32.25161	35.54033	54.68881	43.65658	78.95132	43.17695	21.19042	65.10965	31.50866	57.44648	118.28994	54.09166	87.65561	61.75958	69.2745	66.85881	84.32615	42.00636	52.79155	50.64832	47.52895	49.68176	47.19143	49.98974	59.82311	76.14366	62.56661	81.78465	19.68701	22.25325	32.68078	34.51611	55.04488	58.06774	48.71422	60.43117	62.06615	84.48925	85.29999	78.62638	38.1585	40.06801	34.81142	45.24463	37.59043	68.77913	41.42554	52.43907	74.89196	77.81125	78.07652	79.57295	86.10275	90.89007	99.37937	71.03058
PL33_2	1.56392	3.58112	5.90353	13.57398	5.8936	3.03135	4.22915	2.64207	2.01098	1.35274	0.75684	13.3961	2.81843	6.53477	3.62818	5.75405	2.80503	2.34417	4.7004	1.814	0.95161	5.78115	3.92375	8.75167	8.50724	5.10699	5.35259	3.87193	4.48298	14.49344	15.62011	11.41083	13.06753	9.98182	2.6833	14.87327	4.929	6.72415	2.38856	13.36507	4.67459	0.52019	1.63032	0.33378	0.60292	6.37267	3.40308	4.26617	8.15448	5.21823	1.42893	4.17167	7.76993	8.49188	5.87779	8.35725	11.05127	11.29685	23.03001	0.89395	2.34262	1.75749	0.58626	4.72581	6.00136	5.05123	15.02253	2.06576	3.04028	1.61794	2.26744	4.29219	5.20384	8.15502	1.33189	1.44971	0.36245	0.46791	NA	1.07578	1.1726	7.01862	16.95973	3.78024	6.69121	2.05083	2.7278	5.82656	4.92737	7.59067	3.80937	3.81307	5.98811	17.30256	19.0321	27.26352	20.33054	7.87549	3.87474	1.33091	1.38362	1.10277	9.62648	6.14632	2.4692	2.21534	5.32233	4.96818	4.94086	5.47657	3.14499	8.1392	6.25666	6.14089	2.57454	2.9306	4.26053	3.30832	4.60737	5.57018	4.70782	4.62675	10.59568	19.42277	30.30754	4.72205
PL35	21.31182	23.65487	34.8029	57.74909	36.04082	55.70446	43.2744	36.58943	21.10277	26.13902	14.51619	23.7883	11.88234	11.24718	8.95781	27.12048	49.52803	18.90292	30.3858	38.04543	62.02899	20.74887	17.13604	34.99763	18.56467	54.9411	75.75995	85.76644	74.33542	50.95209	55.17376	38.64176	59.27306	84.69246	29.08555	84.87519	39.59623	40.37554	30.57542	54.75604	14.98146	20.0263	10.58118	16.48764	8.34492	38.59107	31.19263	44.819	89.93858	23.53956	8.86558	14.55292	65.78697	41.36192	29.92757	70.81514	81.67596	46.42469	131.89538	91.73189	60.33104	57.97355	62.12656	22.68883	69.55703	20.96241	210.59218	182.52213	94.74278	56.19187	8.30882	31.91073	27.76333	45.46884	183.11912	105.9595	47.90323	80.38309	34.12974	84.89551	130.37014	83.05825	117.79759	23.37334	44.70201	36.57628	45.82025	31.71245	36.13965	27.37655	40.79421	48.86339	41.21482	23.77181	69.84663	79.73838	90.42603	62.59919	20.40033	29.85398	17.08123	16.82649	30.84706	41.40712	25.84316	11.09463	26.67818	31.45407	46.01795	47.68406	20.73261	19.73934	19.74797	30.30573	38.12177	52.44871	32.84335	53.81653	39.99757	44.736	79.88054	71.96293	64.00384	64.05841	43.19828	84.29129
PL37	11.92905	6.21799	12.01341	10.89016	6.27974	9.0671	9.43011	8.36584	8.66372	5.35461	3.64421	6.78953	2.34659	21.53117	4.93691	15.51965	8.24609	3.83481	19.8596	22.41894	36.52139	54.53336	55.84394	100.24743	42.55229	21.01779	26.18923	34.25988	30.02489	32.38431	31.05799	22.04746	25.5911	10.75055	9.39193	14.78633	33.10596	32.03314	5.4122	8.68459	13.50482	5.02085	4.82548	1.87841	5.19867	10.5181	14.68557	22.34279	31.26533	11.72852	4.53976	5.48859	11.58713	9.407	68.78713	50.4144	50.22759	42.62205	46.21949	71.70471	27.85478	13.11534	14.05673	3.07423	13.0433	1.95426	1.29201	0.68541	NA	0.21395	2.87549	11.48499	13.50626	11.35169	0.24096	0.95163	1.21252	4.10703	0.33652	4.02864	3.78517	26.31991	42.94676	3.39468	6.38298	3.08352	5.79718	10.31611	16.23657	11.53145	10.36545	23.2796	15.24383	3.03821	4.88026	7.27267	3.95535	14.10254	3.90501	5.00197	4.85263	10.3416	10.58171	21.77388	16.34392	3.77327	7.65149	20.48116	22.649	54.3069	0.61513	0.64558	1.90873	2.72623	7.31508	15.03627	5.2455	9.19028	25.19977	43.46703	53.05936	35.19158	31.99656	17.38197	37.81968	26.2895
PL38	136.15261	51.8566	31.8998	25.21671	21.23234	43.33129	28.08364	50.13493	32.20174	26.09355	24.67157	31.03139	14.99442	31.90198	13.94502	19.48295	27.76211	9.9599	22.27212	69.63113	117.02909	42.69839	32.79203	78.37629	33.70114	48.55758	56.90682	60.55068	54.78194	48.47481	38.65751	29.09509	67.71187	26.98414	19.98226	49.80924	79.2344	24.56714	20.96013	18.81352	11.748	14.13531	10.42665	42.79402	14.72336	30.31129	40.80631	49.73238	86.44487	16.14388	6.08408	10.56917	56.65782	47.0098	54.36156	66.51888	63.83769	49.0345	115.97403	183.30528	50.10246	43.24262	70.93755	19.48823	48.99438	17.97508	77.14102	66.24875	30.12676	22.29802	7.16911	32.58516	34.29875	41.96422	181.60403	114.8359	63.8455	40.5647	42.89981	33.69207	38.79184	95.23409	109.91333	46.1809	76.4357	66.12852	65.88	45.776	40.27353	32.94821	45.46357	46.80761	42.51983	55.11315	61.01542	52.32838	47.83959	20.814	10.44654	22.97115	12.04529	70.64607	45.1842	67.6407	73.28276	4.08147	19.49046	41.29965	47.65156	61.14101	47.01519	24.62174	35.43251	52.6025	42.82838	52.99726	25.88457	45.81573	40.353	42.60415	55.26346	75.71838	115.10815	83.95464	77.89003	98.00855
PL4	NA	NA	NA	13.37138	7.7965	3.15545	6.84777	NA	NA	NA	NA	NA	NA	NA	NA	NA	NA	NA	0.01521	NA	NA	NA	NA	NA	NA	NA	NA	NA	NA	NA	NA	NA	0.04085	2.45342	2.28392	3.96898	0.45326	0.64332	3.16632	3.31319	3.19453	NA	NA	NA	NA	NA	NA	NA	NA	7.02265	0.85345	2.38731	NA	NA	NA	NA	NA	NA	NA	0.27452	0.04524	1.87169	0.52561	2.06864	1.2688	4.03174	NA	NA	NA	NA	NA	NA	NA	0.01236	NA	NA	NA	NA	NA	NA	NA	4.37725	8.90643	NA	NA	NA	NA	NA	NA	NA	NA	7.63701	6.21513	NA	NA	NA	NA	NA	NA	NA	NA	NA	NA	NA	NA	NA	NA	NA	NA	NA	NA	NA	NA	NA	NA	NA	NA	NA	NA	NA	NA	NA	NA	0.05678	NA	NA
PL40	21.33113	21.5405	29.37577	54.94254	32.58722	38.78767	31.39406	21.27812	22.63866	18.60571	25.45149	38.3519	20.46044	56.56143	22.95282	35.85924	31.82426	12.68522	41.17203	47.40165	86.12273	112.07177	93.32794	195.26703	91.1907	53.09462	67.39509	66.95876	63.59451	83.67795	80.15214	53.67743	75.07359	53.37494	21.53085	59.74537	121.54893	74.57155	18.39318	28.94272	18.94703	20.10242	20.24765	41.69347	15.06327	37.84395	26.87393	51.62332	79.0162	44.67118	25.90766	32.69863	146.13173	80.18593	162.23953	66.78095	91.57	65.35385	115.91531	71.62626	36.46748	29.21005	36.47219	22.14805	29.67437	19.2851	60.83802	53.25347	22.23907	14.32126	8.12518	24.42225	29.84965	26.16767	59.56205	38.14787	15.73688	35.77631	19.13245	40.92437	49.20487	60.79901	137.99911	62.70762	60.55994	42.48791	48.91005	60.77319	54.46326	65.64597	52.99399	53.20174	43.93056	75.43176	82.76535	128.49832	110.62336	74.15736	27.78214	30.32629	22.20625	78.31029	107.64164	115.1055	62.30101	24.5751	41.50673	64.04922	80.86589	59.65479	60.42946	33.27008	45.21825	68.39349	61.37253	36.52772	38.34713	60.48206	31.67217	54.60803	36.32023	70.72131	88.67421	83.80995	74.37703	97.49237
PL4_1	0.46188	0.54421	0.63941	0.13308	1.54802	0.11318	0.21908	0.03653	0.19184	0.14239	0.06678	0.35077	0.25559	0.09284	0.14301	0.03282	NA	1.18581	0.52532	0.60495	0.19788	0.87732	0.5012	0.64282	0.81192	0.01355	0.07587	0.0217	0.02369	0.16555	0.54427	0.12073	0.19467	0.02149	0.00682	0.01387	0.23823	1.05593	0.59424	0.31281	0.24292	NA	0.12559	NA	NA	0.21658	NA	NA	NA	0.07606	0.30738	0.39398	0.44379	0.51744	0.72683	NA	NA	NA	NA	NA	NA	0.02859	0.02087	0.00979	0.05781	0.02385	0.63839	0.34687	0.43828	0.72334	2.05872	0.10817	0.14417	0.05888	0.72665	NA	NA	0.06276	0.05395	0.34146	0.80822	NA	NA	0.06285	0.09599	0.02838	0.07767	1.61546	0.33389	0.12589	0.70369	0.18166	0.36194	0.23738	0.12463	0.42986	0.076	NA	0.01695	0.35888	0.52289	0.03434	0.84926	0.30601	0.10917	NA	0.17894	0.6173	0.52938	0.32313	0.10626	NA	0.26059	0.16816	0.08119	0.45122	0.18069	0.396	0.84322	0.31838	0.60693	1.91205	0.03831	NA	NA	0.01238
PL5_1	NA	NA	NA	NA	NA	NA	NA	NA	NA	NA	NA	NA	NA	NA	NA	NA	NA	NA	NA	NA	NA	NA	NA	NA	NA	NA	NA	NA	NA	NA	NA	NA	NA	NA	NA	NA	NA	NA	NA	NA	0.033	NA	NA	NA	NA	NA	NA	NA	NA	NA	NA	NA	0.02783	NA	NA	NA	NA	NA	NA	NA	NA	NA	NA	NA	NA	NA	NA	NA	NA	NA	NA	NA	NA	NA	NA	NA	NA	NA	NA	NA	NA	NA	NA	NA	NA	NA	NA	NA	NA	NA	NA	NA	NA	NA	NA	NA	NA	NA	NA	NA	NA	NA	NA	NA	NA	NA	NA	NA	NA	NA	NA	NA	NA	NA	NA	NA	NA	NA	NA	NA	NA	NA	NA	NA	NA	NA
PL6	19.60179	9.68338	24.11334	5.23425	4.06025	15.13431	4.14404	8.51115	4.61894	3.66226	5.73661	27.45438	10.46985	8.22825	6.09122	34.96361	61.16532	24.16889	31.49197	53.21116	85.65615	20.01885	28.11501	54.4719	14.93933	7.2059	16.43745	14.33062	15.96258	42.20662	28.32101	8.29655	49.99834	7.22808	20.44127	41.63207	20.3723	21.09998	17.77156	15.68904	22.12206	16.88642	8.17393	15.79447	7.69766	16.80111	46.59769	27.11745	75.59472	5.31008	2.34177	6.47874	28.778	14.11931	7.95665	14.9879	21.67535	52.7444	127.40203	199.99983	87.9989	51.86959	49.54458	21.26673	71.97758	16.17617	86.29971	81.81966	5.90136	11.26859	8.5714	22.99528	32.44703	38.54003	NA	4.18708	5.87634	130.3709	58.14267	159.62318	194.67444	14.18374	19.85975	22.85249	35.71443	47.01317	44.95497	15.8492	22.66728	13.36271	13.80836	61.50781	42.32941	2.14387	23.52272	19.77176	25.717	3.0975	6.25763	15.27484	8.5876	29.86985	33.54159	73.86773	48.60878	3.3425	8.21022	45.00119	47.34502	101.2397	13.72242	15.18159	13.36229	22.31005	34.09456	60.63767	26.72052	41.00155	18.81336	18.12492	8.02995	18.38597	47.79945	47.69724	11.44411	42.53303
PL6_1	5.80927	3.00746	7.23519	1.90799	1.17872	4.61056	1.9894	2.69276	1.41993	1.09027	0.89919	9.90928	6.10714	2.53021	2.97198	9.34123	16.35208	9.70217	9.86834	14.66075	27.55156	6.28984	5.08446	13.05368	4.70382	1.99745	4.41925	4.472	5.19467	11.91547	8.18965	3.02197	13.31821	2.07916	6.02772	13.91132	4.8474	7.83878	6.3386	5.26327	5.92044	8.18569	2.23324	6.17915	4.37951	4.05699	9.81322	9.61596	19.74843	1.34608	0.34513	1.91838	8.23568	4.92844	3.03844	4.75598	3.09703	17.10147	33.71781	97.33651	29.91082	18.55483	19.27355	6.3149	23.49964	5.36817	21.64897	22.78726	4.46597	2.86564	2.21644	9.5318	10.2375	15.15473	NA	NA	NA	39.4667	18.40777	43.74704	61.23455	5.14297	5.64233	5.94953	10.91417	11.43634	12.99769	3.67341	5.5806	3.61156	4.00047	17.59547	12.48874	0.95965	7.80644	6.87935	8.07464	1.53057	1.83541	5.78787	3.23776	9.2746	11.15479	20.96645	15.88298	0.6644	3.01099	11.64765	13.96093	31.13612	4.69994	4.21638	4.12867	5.5289	10.25237	18.39349	6.59333	12.82359	5.12835	6.51538	2.70942	4.9012	19.11816	19.39484	3.56416	15.47372
PL7	NA	NA	0.11731	NA	NA	NA	NA	0.78672	2.89077	0.40298	1.25928	5.32056	2.22238	4.9878	12.62603	1.33314	1.11382	2.12896	2.67251	2.29485	1.79001	1.46764	NA	1.73783	0.92984	0.30153	1.02076	0.62332	1.32692	3.9645	4.51712	9.45194	10.90242	1.44871	0.53425	3.64791	7.08651	7.20346	0.4442	0.64373	0.15297	1.73073	1.00114	1.62331	0.35846	NA	NA	NA	NA	13.31723	9.34642	11.17006	3.01138	2.68161	2.00043	2.14247	1.17409	0.87785	2.78174	3.81699	6.46338	3.81298	6.61583	0.63894	1.16977	NA	NA	1.65335	NA	NA	0.70662	0.12935	0.18888	0.352	NA	1.14363	0.1027	1.78639	0.30576	2.11318	1.29153	NA	0.03336	2.75	1.64005	4.57595	2.94342	1.48197	3.91726	4.986	2.64701	1.98017	1.19094	0.76819	0.23545	0.14958	0.32138	3.20778	2.81864	2.83564	0.98872	1.02752	1.87437	2.19687	0.5464	11.25354	9.42404	7.25277	4.43699	5.1816	3.56882	1.17638	3.61228	3.75636	0.19417	0.21163	0.58594	1.28451	7.40056	3.99217	7.54082	2.71319	3.28714	6.59381	4.33862	3.49335
PL8	111.81232	90.42863	80.65112	108.84329	78.76634	84.02903	82.37347	117.38994	87.94239	70.5477	51.95089	86.89598	43.31973	43.40026	27.75799	56.66035	47.0117	34.19793	61.43058	74.26599	95.72954	56.32933	36.82204	101.24184	56.05651	100.17365	124.4054	148.20696	114.1734	113.91621	131.62792	95.73554	104.87357	79.12215	34.55796	117.727	159.12339	93.06981	38.74624	88.0774	46.84009	23.11698	20.18565	38.28989	13.87318	107.69486	135.50664	128.91044	179.68135	82.42866	51.48031	50.20075	117.1943	108.24273	163.92843	115.93259	117.13167	117.78833	167.82531	143.47611	94.94288	74.13468	81.24631	40.34012	62.91252	27.23475	122.04586	135.51186	66.9789	55.16921	31.18894	68.76058	80.57906	103.72255	84.75482	67.16398	39.0412	82.07545	34.36157	85.80552	115.54363	96.15635	99.66038	44.56113	59.39318	52.32348	66.17917	72.47667	76.30766	61.55047	78.57548	67.48822	55.00379	133.74387	137.15205	163.05271	124.84923	105.58268	39.81499	50.06893	34.30573	58.36436	66.10535	102.73275	75.08848	33.82423	59.78826	80.1943	98.4543	72.94347	35.05624	54.95862	64.21142	91.82566	75.48502	73.59192	60.75782	81.35969	63.29605	95.74265	103.34166	98.108	91.30464	116.91206	106.61344	55.97258
PL8_1	NA	NA	NA	NA	NA	NA	NA	NA	NA	NA	0.0446	NA	NA	NA	NA	NA	NA	NA	NA	NA	0.08812	NA	NA	NA	NA	NA	NA	NA	NA	NA	NA	NA	NA	NA	0.02733	0.05557	NA	NA	NA	NA	NA	NA	NA	NA	NA	NA	NA	NA	NA	NA	NA	NA	NA	NA	NA	0.01824	NA	NA	NA	NA	NA	NA	NA	NA	NA	NA	NA	0.01617	NA	NA	NA	NA	NA	NA	NA	NA	NA	0.2566	NA	NA	NA	0.04986	NA	NA	NA	NA	NA	NA	NA	NA	NA	NA	NA	NA	NA	NA	NA	NA	NA	NA	NA	NA	NA	NA	NA	NA	NA	NA	NA	NA	NA	0.04093	NA	NA	NA	NA	0.02311	NA	NA	0.01595	NA	NA	NA	NA	NA	NA
PL8_2	88.66907	74.05431	74.32734	57.25008	43.90803	51.28792	36.93035	71.49306	51.99321	52.80027	36.32132	75.72597	36.80578	72.88932	28.90519	52.3434	57.27362	21.72819	63.07836	58.55868	101.18326	127.31679	138.34488	233.13839	111.19696	59.84328	82.62968	91.42728	79.4875	120.37691	124.64192	86.21814	117.19434	103.71678	54.56524	119.74355	144.39954	94.21237	24.10821	65.67527	44.49047	21.79173	7.36265	26.35492	14.36543	57.32319	57.97962	106.60974	135.06266	58.86015	37.15741	41.06297	96.45685	68.11856	246.69696	207.9149	213.62486	110.81153	207.97554	187.40799	118.79415	76.94384	101.8123	31.12881	62.49267	23.86818	46.01632	40.49252	8.2718	14.13285	19.44848	66.85425	66.228	76.93338	137.53848	102.30126	44.56717	101.10041	40.29506	118.88157	161.50672	76.75673	145.63545	42.41665	59.66828	60.02572	66.43793	65.45023	79.08049	51.21833	74.85698	53.756	40.08477	122.04198	141.09612	151.9717	113.08864	68.58339	17.68444	17.73844	21.32099	31.6985	57.21502	74.66324	55.9494	40.06388	57.9214	121.51591	167.97948	185.89238	57.57313	53.34539	53.08322	85.70464	42.61843	47.85326	28.32546	51.83857	102.03521	140.60338	164.11883	154.43573	117.67308	96.85751	112.35524	111.09982
PL8_3	20.65383	11.64173	12.66565	27.32665	13.85467	28.50669	19.07065	41.23274	31.39802	23.66957	24.68235	21.55294	10.93207	6.32203	7.45058	17.50395	12.04859	4.73982	26.65531	78.87826	134.56035	42.88689	31.67005	74.27208	36.65127	9.01975	17.63688	13.63284	12.18129	76.74733	68.09254	45.33899	54.83033	36.67284	21.01577	46.41583	107.19138	45.38225	16.8686	33.89573	15.73997	0.62172	1.92491	6.16023	0.42408	24.21621	42.53107	42.05819	83.18499	35.80162	42.55158	40.85	39.81822	40.35947	148.5171	55.89099	62.14893	67.94362	67.42386	297.71687	58.07176	41.77099	47.60014	10.20171	34.35508	6.04508	43.14164	36.03065	26.84598	14.43451	8.35443	33.42742	36.92042	45.66104	19.32495	22.96929	12.56663	26.52011	5.58384	26.06338	33.0393	25.78677	39.51113	16.91286	29.78306	16.83081	26.02117	20.57728	22.88101	19.17694	17.58116	25.57407	10.57793	15.42635	13.98083	21.29312	16.68116	31.11706	11.45977	18.58703	15.21907	45.31511	48.43845	93.83592	71.909	6.90993	21.85433	37.26441	43.92318	41.64294	7.88858	10.71712	13.1613	16.63751	20.37185	53.83237	22.34616	43.82278	44.1862	82.27849	77.94596	80.15413	63.77746	85.56595	69.43421	43.19966
PL9	5.34384	11.96173	17.47618	11.66444	33.82901	24.14829	50.61209	4.24933	8.34296	5.13497	3.68211	16.80816	9.04186	11.40645	18.43874	12.06281	7.14901	13.5456	10.47085	0.91384	1.54386	9.06061	16.06192	5.31282	8.65666	24.93806	17.15157	10.25452	29.47905	19.2352	22.34888	9.74138	11.22785	43.5294	24.1576	45.27324	11.19354	9.65566	11.89158	11.66635	12.30478	3.41397	11.53876	1.54665	3.05431	15.99241	30.04426	47.61072	26.50472	33.63296	12.71908	18.76836	8.3533	3.47245	8.48407	10.76357	9.3045	17.31583	29.9264	2.34107	4.56894	9.20963	13.04343	7.53085	6.77337	4.36902	9.97964	6.96359	11.64743	3.34704	10.27052	8.13587	13.19402	9.24873	57.89294	46.02911	24.32541	15.54465	7.99732	26.64451	66.79511	26.65713	25.19215	3.36808	6.46076	11.32611	6.66121	17.13714	14.21137	16.00083	22.87623	17.84528	9.67643	11.40607	10.07965	16.19056	18.97285	14.9692	7.91808	9.37885	23.06853	4.66146	20.04748	7.77946	7.28242	24.04169	21.1079	10.11229	6.67061	7.81974	8.75276	7.16248	12.92055	17.33472	19.44317	20.27227	18.79444	20.36424	17.20802	25.06324	21.75728	23.68163	17.70478	14.37982	12.53059	14.58141
PL9_1	17.2525	41.36511	62.60962	57.79894	110.79401	30.99483	124.6351	13.20974	25.61847	9.48256	12.6044	29.37322	16.30151	28.79433	56.34837	36.82921	24.61438	38.87298	35.41594	25.94024	14.20393	20.84932	37.01172	29.14995	20.97963	79.10768	57.72241	41.62869	105.46211	56.57733	45.53729	26.33697	31.14476	74.65425	46.89922	47.90742	44.35155	45.09372	30.53813	19.00622	26.46814	12.98932	20.05777	2.99923	10.03728	27.03035	61.66521	78.75462	38.37064	54.11281	36.06975	45.39068	47.51324	19.83631	42.67318	27.12609	36.50819	40.82328	58.50456	8.66113	18.67978	23.23145	29.51729	28.27644	31.71327	30.57935	10.20729	20.26255	19.64678	10.53087	17.14927	9.17201	16.59044	15.26234	76.81753	93.1735	81.37276	31.44788	17.35876	38.63022	99.47996	33.26797	67.75274	17.2333	20.31095	30.78204	18.53039	23.58513	28.32019	33.11955	39.89948	56.16957	54.46247	46.8106	30.50076	61.69134	50.33548	15.30766	13.05125	17.99237	46.64884	30.26654	56.74756	43.09361	32.54503	56.61272	35.7086	40.15204	38.33288	46.34932	24.32816	12.75662	30.74667	30.09091	27.01091	41.31633	24.37827	49.57401	21.84976	42.25762	31.83572	58.35698	45.83577	41.71931	54.92576	34.06592
PL9_2	0.40175	0.41432	0.54496	35.20114	13.1569	25.34837	13.6882	4.91628	4.77093	2.706	2.33428	16.7853	6.68176	3.20554	4.87136	77.74422	74.84635	35.24718	83.00566	1.81915	1.08514	21.6866	10.23352	8.86643	23.52222	7.36603	6.398	8.99627	4.85603	33.36719	42.20208	29.42401	24.58175	44.52603	8.2321	57.61234	7.39259	9.99123	18.7147	64.07434	13.71462	49.83986	35.41405	35.02884	26.77733	10.9882	10.53669	6.7372	15.64799	13.61828	6.14469	14.67079	6.90313	11.43238	9.48598	9.13523	4.10864	13.87776	3.83016	3.84046	2.98269	4.9085	3.21795	5.15878	5.28009	4.11683	3.61476	1.77922	1.2572	0.55252	5.22266	9.19918	3.56886	9.50167	0.49482	3.11876	2.21986	0.26965	NA	0.66726	4.00618	2.54156	3.63045	0.27831	1.47246	1.68087	1.02719	12.03306	15.14876	15.84141	12.4892	4.4107	5.62795	32.12593	32.28045	37.49133	14.27035	26.81339	12.13697	4.14125	4.974	1.73905	11.38681	8.00247	4.16731	1.89004	8.71672	11.89376	13.70811	11.55854	12.92702	25.48962	19.9258	22.49727	9.22799	5.21753	12.03585	12.83131	12.95261	24.3112	20.62302	24.83535	1.75323	0.91508	0.89716	0.3866
PL9_4	NA	NA	NA	NA	NA	NA	NA	NA	NA	NA	NA	NA	NA	NA	NA	NA	NA	NA	NA	NA	NA	NA	NA	NA	NA	NA	NA	0.01821	NA	0.13896	NA	NA	0.04085	0.57727	0.18317	0.37246	NA	NA	NA	NA	NA	NA	NA	NA	NA	NA	NA	NA	NA	NA	NA	NA	NA	NA	NA	NA	NA	NA	NA	NA	NA	NA	NA	NA	NA	NA	NA	NA	NA	NA	NA	NA	NA	NA	NA	NA	0.03197	NA	NA	NA	NA	NA	NA	NA	NA	NA	NA	NA	NA	NA	0.03938	NA	NA	NA	NA	NA	NA	NA	NA	NA	NA	NA	NA	NA	0.03332	NA	NA	NA	NA	0.05166	NA	NA	NA	NA	NA	NA	NA	NA	NA	NA	NA	NA	NA	NA	NA	NA
