mOTUs	mean.weight
k__Bacteria|p__Proteobacteria|c__Alphaproteobacteria|o__Rhizobiales|f__Bradyrhizobiaceae|g__Bradyrhizobium|s__Bradyrhizobium elkanii [Bradyrhizobium sp. OHSU_III/Bradyrhizobium elkanii]|ref_mOTU_v31_01689	0.5920602923868221
k__Bacteria|p__Firmicutes|c__Clostridia|o__Clostridiales|f__Clostridiaceae|g__Clostridium|s__Clostridium sp. [Firmicutes bacterium CAG:41/uncultured Clostridium sp.]|ref_mOTU_v31_03680	0.2741259143297818
k__Bacteria|p__Actinobacteria|c__Actinobacteria|o__Micrococcales|f__Micrococcaceae|g__Rothia|s__Rothia aeria/dentocariosa|ref_mOTU_v31_02524	0.22825095535833398
k__Bacteria|p__Firmicutes|c__Clostridia|o__Clostridiales|f__Eubacteriaceae|g__Eubacterium|s__Eubacterium sp. CAG:38|ref_mOTU_v31_07679	0.1987030831158456
k__Bacteria|p__Proteobacteria|c__Betaproteobacteria|o__Neisseriales|f__Neisseriaceae|g__Neisseria|s__Neisseria sicca/macacae [Neisseria sp. HMSC06F02/Neisseria sp. HMSC70E02/Neisseria sp. HMSC077D05/Neisseria sp. HMSC074B07/Neisseria sp. HMSC055H02/Neisseria sp. HMSC067H09/Neisseria sp. HMSC065D04/Neisseria sicca/Neisseria macacae/Neisseria sp. GT4A_CT1]|ref_mOTU_v31_01495	0.19002290887082762
k__Bacteria|p__Firmicutes|c__Clostridia|o__Clostridiales|f__Clostridiales fam. [Lachnospiraceae/Ruminococcaceae]|g__Clostridiales gen. [Ruminococcus/Blautia]|s__Clostridiales sp. [Ruminococcus sp. CAG:55/[Ruminococcus] torques/Ruminococcus faecis]|ref_mOTU_v31_03658	0.15264201347569886
k__Bacteria|p__Actinobacteria|c__Actinobacteria|o__Actinomycetales|f__Actinomycetaceae|g__Actinomyces|s__Actinomyces massiliensis|ref_mOTU_v31_02522	0.14594667466404232
k__Bacteria|p__Firmicutes|c__Clostridia|o__Clostridiales|f__Lachnospiraceae|g__Blautia|s__Blautia obeum/wexlerae [Ruminococcus sp. CAG:9/Blautia sp. Marseille-P2398/Ruminococcus sp. CAG:9-related_41_34/Blautia obeum/Blautia wexlerae/Ruminococcus sp. 5_1_39BFAA]|ref_mOTU_v31_02154	0.1384785656322659
k__Bacteria|p__Firmicutes|c__Clostridia|o__Clostridiales|f__Lachnospiraceae|g__Tyzzerella|s__Tyzzerella nexilis [Clostridium nexile CAG:348/Tyzzerella sp. Marseille-P3062/Tyzzerella nexilis]|ref_mOTU_v31_03689	0.1363691099296548
k__Bacteria|p__Firmicutes|c__Clostridia|o__Clostridiales|f__Clostridiales fam. [Lachnospiraceae/Clostridiaceae/Ruminococcaceae]|g__Clostridiales gen. [Ruminococcus/Clostridium/Blautia]|s__Clostridiales sp. [uncultured Ruminococcus sp./Ruminococcus sp. Marseille-P328/uncultured Clostridium sp./uncultured Blautia sp.]|ref_mOTU_v31_03661	0.13541007947421677
k__Bacteria|p__Proteobacteria|c__Betaproteobacteria|o__Burkholderiales|f__Sutterellaceae|g__Sutterella|s__Sutterella sp. CAG:351|meta_mOTU_v31_13411	0.12799503374153315
k__Bacteria|p__Firmicutes|c__Clostridia|o__Clostridiales|f__Eubacteriaceae|g__Eubacterium|s__Eubacterium species incertae sedis|ext_mOTU_v31_16304	0.1210000454386743
k__Bacteria|p__Firmicutes|c__Clostridia|o__Clostridiales|f__Clostridiales fam. incertae sedis|g__Clostridiales gen. incertae sedis|s__Clostridiales species incertae sedis|meta_mOTU_v31_12327	0.12097565199767343
k__Bacteria|p__Actinobacteria|c__Coriobacteriia|o__Eggerthellales|f__Eggerthellaceae|g__Eggerthellaceae gen. incertae sedis|s__Eggerthellaceae species incertae sedis|ext_mOTU_v31_18006	0.11859766983511537
k__Bacteria|p__Firmicutes|c__Clostridia|o__Clostridiales|f__Eubacteriaceae|g__Eubacterium|s__Eubacterium species incertae sedis|meta_mOTU_v31_12260	0.1185874172116557
k__Bacteria|p__Firmicutes|c__Clostridia|o__Clostridiales|f__Ruminococcaceae|g__Flavonifractor|s__Flavonifractor plautii [Clostridia bacterium UC5.1-2H11/Flavonifractor plautii/Lachnospiraceae bacterium 7_1_58FAA]|ref_mOTU_v31_05238	0.11415561502026464
k__Bacteria|p__Bacteroidetes|c__Flavobacteriia|o__Flavobacteriales|f__Flavobacteriaceae|g__Flavobacteriaceae gen. incertae sedis|s__Flavobacteriaceae species incertae sedis|meta_mOTU_v31_12274	0.11213174428114152
k__Bacteria|p__Firmicutes|c__Clostridia|o__Clostridiales|f__Lachnospiraceae|g__Blautia|s__Blautia obeum [uncultured Ruminococcus sp./Blautia obeum]|ref_mOTU_v31_05139	0.11019735258588265
k__Bacteria|p__Firmicutes|c__Bacilli|o__Lactobacillales|f__Streptococcaceae|g__Streptococcus|s__Streptococcus sp. [Streptococcus sp. I-G2/Streptococcus sp. I-P16]|ref_mOTU_v31_00310	0.10847045721566993
k__Bacteria|p__Actinobacteria|c__Actinobacteria|o__Bifidobacteriales|f__Bifidobacteriaceae|g__Bifidobacterium|s__Bifidobacterium pseudocatenulatum|ref_mOTU_v31_02700	0.10681121655574934
k__Bacteria|p__Firmicutes|c__Clostridia|o__Clostridiales|f__Clostridiales fam. incertae sedis|g__Clostridiales gen. incertae sedis|s__Clostridiales species incertae sedis|meta_mOTU_v31_12563	0.10403058149258543
k__Bacteria|p__Firmicutes|c__Clostridia|o__Clostridiales|f__Lachnospiraceae|g__Dorea|s__Dorea longicatena [Dorea sp. 42_8/Dorea longicatena]|ref_mOTU_v31_03693	0.10398396832484832
k__Bacteria|p__Firmicutes|c__Clostridia|o__Clostridiales|f__Clostridiales fam. incertae sedis|g__Clostridiales gen. incertae sedis|s__Clostridiales species incertae sedis|meta_mOTU_v31_13377	0.1001221607696175
k__Bacteria|p__Firmicutes|c__Bacilli|o__Lactobacillales|f__Streptococcaceae|g__Streptococcus|s__Streptococcus salivarius|ref_mOTU_v31_01350	0.09968705038156968
k__Bacteria|p__Firmicutes|c__Clostridia|o__Clostridiales|f__Clostridiales fam. incertae sedis|g__Clostridiales gen. incertae sedis|s__Clostridiales species incertae sedis|meta_mOTU_v31_12554	0.09269327338776694
k__Bacteria|p__Firmicutes|c__Clostridia|o__Clostridiales|f__Clostridiales fam. incertae sedis|g__Clostridiales gen. incertae sedis|s__Clostridiales species incertae sedis|meta_mOTU_v31_13140	0.08836292229116306
k__Bacteria|p__Firmicutes|c__Clostridia|o__Clostridiales|f__Clostridiaceae|g__Clostridium|s__Clostridium sp. [Clostridium sp. CAG:81/butyrate-producing bacterium SS3/4/uncultured Clostridium sp.]|ref_mOTU_v31_03622	0.08825365690807975
k__Bacteria|p__Firmicutes|c__Clostridia|o__Clostridiales|f__Clostridiaceae|g__Butyricicoccus|s__Butyricicoccus species incertae sedis|meta_mOTU_v31_12336	0.08741565845345672
k__Bacteria|p__Firmicutes|c__Clostridia|o__Clostridiales|f__Eubacteriaceae|g__Eubacterium|s__Eubacterium ventriosum|ref_mOTU_v31_11151	0.08578665516713503
k__Bacteria|p__Firmicutes|c__Clostridia|o__Clostridiales|f__Oscillospiraceae|g__Oscillibacter|s__Oscillibacter sp. [Oscillibacter sp. KLE 1728/Oscillibacter sp. KLE 1745/uncultured Oscillibacter sp.]|ref_mOTU_v31_03341	0.08448377577805131
k__Bacteria|p__Firmicutes|c__Clostridia|o__Clostridiales|f__Peptostreptococcaceae|g__Romboutsia|s__Romboutsia timonensis|ref_mOTU_v31_09389	0.08405246496027566
k__Bacteria|p__Actinobacteria|c__Actinobacteria|o__Actinomycetales|f__Actinomycetaceae|g__Actinomyces|s__Actinomyces naeslundii|ref_mOTU_v31_02018	0.08329005074351477
k__Bacteria|p__Proteobacteria|c__Betaproteobacteria|o__Neisseriales|f__Neisseriaceae|g__Neisseria|s__Neisseria subflava/meningitidis [Neisseria sp. HMSC072B12/Neisseria sp. HMSC058F07/Neisseria sp. HMSC075C12/Neisseria sp. HMSC063B05/Neisseria sp. HMSC071A01/Neisseria sp. HMSC067H04/Neisseria sp. HMSC067G12/Neisseria sp. HMSC067G11/Neisseria sp. HMSC068C12/Neisseria subflava/Neisseria meningitidis]|ref_mOTU_v31_04796	0.08252397626417458
k__Bacteria|p__Firmicutes|c__Clostridia|o__Clostridiales|f__Eubacteriaceae|g__Eubacterium|s__Eubacterium sp. CAG:274|meta_mOTU_v31_12688	0.08220252963781677
k__Bacteria|p__Firmicutes|c__Clostridia|o__Clostridiales|f__Ruminococcaceae|g__Anaerotruncus|s__Anaerotruncus colihominis [Clostridiales bacterium VE202-13/Anaerotruncus colihominis]|ref_mOTU_v31_03438	0.08126932311627501
k__Bacteria|p__Firmicutes|c__Clostridia|o__Clostridiales|f__Lachnospiraceae|g__Lachnospiraceae gen. incertae sedis|s__Lachnospiraceae species incertae sedis|meta_mOTU_v31_12240	0.08022475450749751
k__Bacteria|p__Firmicutes|c__Clostridia|o__Clostridiales|f__Clostridiales fam. incertae sedis|g__Clostridiales gen. incertae sedis|s__Clostridiales species incertae sedis|meta_mOTU_v31_13012	0.0790275193974643
k__Bacteria|p__Firmicutes|c__Clostridia|o__Clostridiales|f__Clostridiaceae|g__Clostridium|s__Clostridium species incertae sedis|meta_mOTU_v31_12324	0.07698607334826559
k__Bacteria|p__Firmicutes|c__Clostridia|o__Clostridiales|f__Lachnospiraceae|g__Blautia|s__[Ruminococcus] torques [[Ruminococcus] torques CAG:61/Roseburia sp. UNK.MGS-15/uncultured Ruminococcus sp./[Ruminococcus] torques/Lachnospiraceae bacterium 1_1_57FAA/Lachnospiraceae bacterium 3_1_46FAA/Lachnospiraceae bacterium 8_1_57FAA]|ref_mOTU_v31_03703	0.07607243702789414
k__Bacteria|p__Firmicutes|c__Clostridia|o__Clostridiales|f__Clostridiales fam. incertae sedis|g__Clostridiales gen. incertae sedis|s__Clostridiales species incertae sedis|meta_mOTU_v31_14166	0.07442095911279419
k__Bacteria|p__Actinobacteria|c__Actinobacteria|o__Actinomycetales|f__Actinomycetaceae|g__Actinomyces|s__Actinomyces sp. ICM39|ref_mOTU_v31_01912	0.07200504100876644
k__Bacteria|p__Firmicutes|c__Clostridia|o__Clostridiales|f__Lachnospiraceae|g__Faecalicatena|s__Faecalicatena contorta [Clostridiales bacterium VE202-21/Eubacterium sp. SB2/Faecalicatena contorta]|ref_mOTU_v31_03445	0.07024114347808835
k__Bacteria|p__Firmicutes|c__Clostridia|o__Clostridiales|f__Lachnospiraceae|g__Anaerostipes|s__Anaerostipes caccae [Anaerostipes caccae/Anaerostipes sp. CAG:276/Clostridia bacterium UC5.1-2E1]|ref_mOTU_v31_03440	0.06972375042961733
k__Bacteria|p__Bacteroidetes|c__Bacteroidia|o__Bacteroidales|f__Bacteroidaceae|g__Bacteroides|s__Bacteroides thetaiotaomicron|ref_mOTU_v31_01657	0.06515228931370096
k__Bacteria|p__Firmicutes|c__Clostridia|o__Clostridiales|f__Eubacteriaceae|g__Eubacterium|s__Eubacterium species incertae sedis|meta_mOTU_v31_12474	0.0649706778378034
k__Bacteria|p__Bacteroidetes|c__Bacteroidia|o__Bacteroidales|f__Tannerellaceae|g__Tannerella|s__Tannerella forsythia|ref_mOTU_v31_04027	0.064148146793039
k__Bacteria|p__Bacteroidetes|c__Flavobacteriia|o__Flavobacteriales|f__Flavobacteriaceae|g__Capnocytophaga|s__Capnocytophaga gingivalis|ref_mOTU_v31_11466	0.06318160647844119
k__Bacteria|p__Firmicutes|c__Clostridia|o__Clostridiales|f__Clostridiales fam. incertae sedis|g__Clostridiales gen. incertae sedis|s__Clostridiales species incertae sedis|meta_mOTU_v31_12356	0.06096878355767373
k__Bacteria|p__Bacteroidetes|c__Bacteroidia|o__Bacteroidales|f__Bacteroidaceae|g__Bacteroides|s__Bacteroides sp. [Bacteroides sp. HMSC073E02/Bacteroides ovatus/Bacteroides xylanisolvens/Bacteroides sp. 1_1_30/Bacteroides sp. 3_1_13/Bacteroides sp. 3_1_23/Bacteroides sp. 2_1_22/Bacteroides sp. 2_2_4/Bacteroides sp. D1/Bacteroides sp. D2/Bacteroides sp. D22/Bacteroides fragilis]|ref_mOTU_v31_03475	0.06050865675341497
k__Bacteria|p__Firmicutes|c__Clostridia|o__Clostridiales|f__Ruminococcaceae|g__Ruminococcaceae gen. incertae sedis|s__Ruminococcaceae species incertae sedis|ext_mOTU_v31_16330	0.06029412979048755
k__Bacteria|p__Firmicutes|c__Bacilli|o__Lactobacillales|f__Streptococcaceae|g__Streptococcus|s__Streptococcus species incertae sedis|ext_mOTU_v31_17438	0.05971592829397957
k__Bacteria|p__Fusobacteria|c__Fusobacteriia|o__Fusobacteriales|f__Leptotrichiaceae|g__Leptotrichia|s__Leptotrichia wadei|ref_mOTU_v31_02302	0.05899479678695088
k__Bacteria|p__Firmicutes|c__Clostridia|o__Clostridiales|f__Clostridiaceae|g__Clostridium|s__Clostridium species incertae sedis|meta_mOTU_v31_12640	0.056798592516077176
k__Bacteria|p__Firmicutes|c__Clostridia|o__Clostridiales|f__Ruminococcaceae|g__Ruminococcaceae gen. incertae sedis|s__Ruminococcaceae species incertae sedis|meta_mOTU_v31_12286	0.05673957310970587
k__Bacteria|p__Firmicutes|c__Clostridia|o__Clostridiales|f__Clostridiaceae|g__Clostridium|s__Clostridium sp. CAG:230|ref_mOTU_v31_07616	0.056462925205063484
k__Bacteria|p__Actinobacteria|c__Actinobacteria|o__Corynebacteriales|f__Corynebacteriaceae|g__Corynebacterium|s__Corynebacterium matruchotii|ref_mOTU_v31_06367	0.05571547913125959
k__Bacteria|p__Firmicutes|c__Clostridia|o__Clostridiales|f__Eubacteriaceae|g__Eubacterium|s__Eubacterium sp. CAG:156|ref_mOTU_v31_07673	0.05524835763410967
k__Bacteria|p__Firmicutes|c__Clostridia|o__Clostridiales|f__Clostridiales Family XIII. Incertae Sedis|g__Clostridiales Family XIII. Incertae Sedis gen. incertae sedis|s__[Eubacterium] sulci|ref_mOTU_v31_06466	0.05121788623002948
k__Bacteria|p__Firmicutes|c__Clostridia|o__Clostridiales|f__Clostridiales fam. incertae sedis|g__Clostridiales gen. incertae sedis|s__Clostridiales species incertae sedis|meta_mOTU_v31_12742	0.049823368837806345
k__Bacteria|p__Firmicutes|c__Clostridia|o__Clostridiales|f__Clostridiaceae|g__Clostridium|s__Clostridium sp. CAG:127|meta_mOTU_v31_12306	0.04851467862760095
k__Bacteria|p__Bacteroidetes|c__Bacteroidia|o__Bacteroidales|f__Prevotellaceae|g__Prevotella|s__Prevotella salivae|ref_mOTU_v31_04252	0.04425176424356338
k__Bacteria|p__Firmicutes|c__Clostridia|o__Clostridiales|f__Clostridiaceae|g__Hungatella|s__Hungatella hathewayi [Clostridium hathewayi CAG:224/Hungatella hathewayi]|ref_mOTU_v31_03435	0.042521756009632976
k__Bacteria|p__Firmicutes|c__Clostridia|o__Clostridiales|f__Clostridiales fam. incertae sedis|g__Clostridiales gen. incertae sedis|s__Clostridiales species incertae sedis|meta_mOTU_v31_12476	0.039451755368182316
k__Bacteria|p__Actinobacteria|c__Coriobacteriia|o__Eggerthellales|f__Eggerthellaceae|g__Eggerthella|s__Eggerthella lenta [Eggerthella sp. 1_3_56FAA/Eggerthella lenta/Eggerthella sp. HGA1]|ref_mOTU_v31_00719	0.03893687118795928
k__Bacteria|p__Firmicutes|c__Clostridia|o__Clostridiales|f__Lachnospiraceae|g__Lachnospiraceae gen. incertae sedis|s__Lachnospiraceae species incertae sedis|ext_mOTU_v31_17512	0.03868930471499154
k__Bacteria|p__Firmicutes|c__Clostridia|o__Clostridiales|f__Ruminococcaceae|g__Faecalibacterium|s__Faecalibacterium prausnitzii [uncultured Faecalibacterium sp./Faecalibacterium prausnitzii]|ref_mOTU_v31_06108	0.03839736671492094
k__Bacteria|p__Firmicutes|c__Clostridia|o__Clostridiales|f__Ruminococcaceae|g__Ruminococcus|s__Ruminococcus callidus|ref_mOTU_v31_11153	0.03465639211330163
k__Bacteria|p__Firmicutes|c__Clostridia|o__Clostridiales|f__Oscillospiraceae|g__Oscillibacter|s__Oscillibacter species incertae sedis|ext_mOTU_v31_29533	0.03375478318958881
k__Bacteria|p__Firmicutes|c__Clostridia|o__Clostridiales|f__Lachnospiraceae|g__Lachnospiraceae gen. incertae sedis|s__[Eubacterium] rectale [Eubacterium rectale CAG:36/Eubacterium sp. 41_20/[Eubacterium] rectale]|ref_mOTU_v31_03657	0.03185320198145645
k__Bacteria|p__Firmicutes|c__Clostridia|o__Clostridiales|f__Lachnospiraceae|g__Coprococcus|s__Coprococcus eutactus [Coprococcus sp. CAG:131/Coprococcus sp. CAG:131_42_139/Coprococcus eutactus]|ref_mOTU_v31_02378	0.027633251158341213
k__Bacteria|p__Firmicutes|c__Clostridia|o__Clostridiales|f__Clostridiales fam. incertae sedis|g__Clostridiales gen. incertae sedis|s__Clostridiales species incertae sedis|meta_mOTU_v31_12252	0.026482780665859778
k__Bacteria|p__Firmicutes|c__Clostridia|o__Clostridiales|f__Lachnospiraceae|g__Roseburia|s__Roseburia sp. CAG:303|meta_mOTU_v31_12911	0.025831499765038412
k__Bacteria|p__Firmicutes|c__Clostridia|o__Clostridiales|f__Ruminococcaceae|g__Faecalibacterium|s__Faecalibacterium prausnitzii|ref_mOTU_v31_06112	0.025247136913433055
k__Bacteria|p__Firmicutes|c__Negativicutes|o__Veillonellales|f__Veillonellaceae|g__Veillonella|s__Veillonella rogosae [Veillonella rogosae/Veillonella sp. oral taxon 158]|ref_mOTU_v31_01939	0.025104016600733955
k__Bacteria|p__Firmicutes|c__Clostridia|o__Clostridiales|f__Clostridiales fam. incertae sedis|g__Clostridiales gen. incertae sedis|s__Clostridiales species incertae sedis|meta_mOTU_v31_12653	0.024889833614086965
k__Bacteria|p__Firmicutes|c__Clostridia|o__Clostridiales|f__Clostridiales fam. incertae sedis|g__Clostridiales gen. incertae sedis|s__Clostridiales species incertae sedis|meta_mOTU_v31_13168	0.024830109410545642
k__Bacteria|p__Actinobacteria|c__Actinobacteria|o__Micrococcales|f__Micrococcaceae|g__Rothia|s__Rothia mucilaginosa [Rothia sp. HMSC071B01/Rothia sp. HMSC078H08/Rothia sp. HMSC065C03/Rothia sp. HMSC061D12/Rothia sp. HMSC069D01/Rothia sp. HMSC064F07/Rothia sp. HMSC075F09/Rothia sp. HMSC062H08/Rothia sp. HMSC065C12/Rothia sp. HMSC069C10/Rothia sp. HMSC065B04/Rothia sp. HMSC069C04/Rothia sp. HMSC073B08/Rothia sp. HMSC066G02/Rothia sp. HMSC068E02/Rothia sp. HMSC061E04/Rothia sp. HMSC072B04/Rothia sp. HMSC071C12/Rothia sp. HMSC066G07/Rothia sp. HMSC076D04/Rothia sp. HMSC066H02/Rothia sp. HMSC065D09/Rothia sp. HMSC061C12/Rothia mucilaginosa]|ref_mOTU_v31_05265	0.023458751065645076
k__Bacteria|p__Bacteroidetes|c__Bacteroidia|o__Bacteroidales|f__Prevotellaceae|g__Prevotella|s__Prevotella melaninogenica [Prevotella sp. ICM33/Prevotella melaninogenica]|ref_mOTU_v31_02795	0.023351249584938887
k__Bacteria|p__Firmicutes|c__Clostridia|o__Clostridiales|f__Ruminococcaceae|g__Ruminococcaceae gen. incertae sedis|s__Ruminococcaceae species incertae sedis|meta_mOTU_v31_12259	0.023180588997435733
k__Bacteria|p__Firmicutes|c__Clostridia|o__Clostridiales|f__Ruminococcaceae|g__Ruminococcaceae gen. incertae sedis|s__Ruminococcaceae species incertae sedis|ext_mOTU_v31_18397	0.021140858634325976
k__Bacteria|p__Firmicutes|c__Clostridia|o__Clostridiales|f__Clostridiales fam. [Lachnospiraceae/Clostridiaceae]|g__Clostridium|s__Clostridium sp. [Clostridium sp. CAG:122/Lachnospiraceae bacterium TF01-11/Clostridium sp. CAG:12237_41]|ref_mOTU_v31_03599	0.02059995172612767
k__Bacteria|p__Firmicutes|c__Clostridia|o__Clostridiales|f__Clostridiales fam. incertae sedis|g__Clostridiales gen. incertae sedis|s__Clostridiales species incertae sedis|ext_mOTU_v31_27106	0.019443363623827495
k__Bacteria|p__Firmicutes|c__Clostridia|o__Clostridiales|f__Clostridiaceae|g__Clostridium|s__Clostridium species incertae sedis|ext_mOTU_v31_17828	0.01901384328052342
k__Bacteria|p__Firmicutes|c__Clostridia|o__Clostridiales|f__Ruminococcaceae|g__Bittarella|s__Bittarella massiliensis [Clostridium sp. ATCC 29733/Bittarella massiliensis/Clostridium sp. DSM 4029]|ref_mOTU_v31_04646	0.018873153230428395
k__Bacteria|p__Firmicutes|c__Firmicutes class [Clostridia/Erysipelotrichia]|o__Firmicutes order [Clostridiales/Erysipelotrichales]|f__Firmicutes fam. [Erysipelotrichaceae/Peptostreptococcaceae]|g__Firmicutes gen. [Erysipelatoclostridium/Clostridioides]|s__Firmicutes sp. [Erysipelotrichaceae bacterium CAG:64/Clostridioides difficile/[Clostridium] innocuum/Clostridia bacterium UC5.1-2G4/Erysipelotrichaceae bacterium I46/Erysipelotrichaceae bacterium 2_2_44A/Erysipelotrichaceae bacterium 6_1_45/Erysipelotrichaceae bacterium 21_3/Clostridium sp. HGF2]|ref_mOTU_v31_02743	0.01866491619485054
k__Bacteria|p__Firmicutes|c__Clostridia|o__Clostridiales|f__Lachnospiraceae|g__Blautia|s__uncultured Blautia sp.|ref_mOTU_v31_03662	0.0177521326565269
k__Bacteria|p__Firmicutes|c__Clostridia|o__Clostridiales|f__Lachnospiraceae|g__Roseburia|s__Roseburia species incertae sedis|meta_mOTU_v31_12366	0.017614788484686197
k__Bacteria|p__Firmicutes|c__Bacilli|o__Lactobacillales|f__Lactobacillaceae|g__Lactobacillus|s__Lactobacillus gasseri|ref_mOTU_v31_01039	0.017403854069794944
k__Bacteria|p__Firmicutes|c__Clostridia|o__Clostridiales|f__Clostridiales fam. incertae sedis|g__Intestinimonas|s__Intestinimonas massiliensis [uncultured Flavonifractor sp./Intestinimonas massiliensis]|ref_mOTU_v31_02970	0.017352147007046237
k__Bacteria|p__Firmicutes|c__Clostridia|o__Clostridiales|f__Ruminococcaceae|g__Ruminococcaceae gen. incertae sedis|s__Ruminococcaceae species incertae sedis|ext_mOTU_v31_17985	0.01657788834554396
k__Bacteria|p__Firmicutes|c__Bacilli|o__Lactobacillales|f__Streptococcaceae|g__Streptococcus|s__Streptococcus timonensis|ref_mOTU_v31_00309	0.016202302026247374
k__Bacteria|p__Firmicutes|c__Bacilli|o__Lactobacillales|f__Streptococcaceae|g__Streptococcus|s__Streptococcus species incertae sedis|ext_mOTU_v31_19670	0.016143947157754756
k__Bacteria|p__Bacteroidetes|c__Bacteroidia|o__Bacteroidales|f__Rikenellaceae|g__Alistipes|s__Alistipes indistinctus|ref_mOTU_v31_11860	0.01420838676282275
k__Bacteria|p__Bacteroidetes|c__Bacteroidia|o__Bacteroidales|f__Bacteroidaceae|g__Bacteroides|s__Bacteroides uniformis|ref_mOTU_v31_00855	0.01368766553032841
k__Bacteria|p__Firmicutes|c__Clostridia|o__Clostridiales|f__Eubacteriaceae|g__Eubacterium|s__[Eubacterium] eligens [Eubacterium eligens CAG:72/Candidatus Gastranaerophilales bacterium HUM_19/[Eubacterium] eligens]|ref_mOTU_v31_02376	0.012979594805771015
k__Bacteria|p__Proteobacteria|c__Gammaproteobacteria|o__Pasteurellales|f__Pasteurellaceae|g__Haemophilus|s__Haemophilus species incertae sedis|ext_mOTU_v31_26808	0.012872774089531818
k__Bacteria|p__Firmicutes|c__Clostridia|o__Clostridiales|f__Lachnospiraceae|g__Roseburia|s__Roseburia intestinalis [Roseburia intestinalis CAG:13/Roseburia intestinalis]|ref_mOTU_v31_03702	0.012736680909239871
k__Bacteria|p__Firmicutes|c__Clostridia|o__Clostridiales|f__Lachnospiraceae|g__Roseburia|s__Roseburia species incertae sedis|ext_mOTU_v31_26805	0.012710842305353246
k__Bacteria|p__Bacteroidetes|c__Bacteroidia|o__Bacteroidales|f__Odoribacteraceae|g__Odoribacter|s__Odoribacter splanchnicus [Odoribacter splanchnicus CAG:14/Odoribacter sp. N15.MGS-14/Odoribacter sp. N54.MGS-14/Odoribacter sp. UNK.MGS-12/Odoribacter sp. 43_10/Odoribacter splanchnicus]|ref_mOTU_v31_03697	0.011606485176180563
k__Bacteria|p__Firmicutes|c__Clostridia|o__Clostridiales|f__Clostridiaceae|g__Clostridium|s__uncultured Clostridium sp.|ref_mOTU_v31_06391	0.010445864454532066
k__Bacteria|p__Firmicutes|c__Negativicutes|o__Veillonellales|f__Veillonellaceae|g__Dialister|s__Dialister sp. CAG:357|meta_mOTU_v31_12661	0.009726728255558306
k__Bacteria|p__Firmicutes|c__Clostridia|o__Clostridiales|f__Clostridiales fam. incertae sedis|g__Intestinimonas|s__Intestinimonas butyriciproducens [Intestinimonas butyriciproducens/uncultured Clostridium sp.]|ref_mOTU_v31_03928	0.009706925020780483
k__Bacteria|p__Firmicutes|c__Clostridia|o__Clostridiales|f__Ruminococcaceae|g__Ruminococcaceae gen. incertae sedis|s__Ruminococcaceae species incertae sedis|ext_mOTU_v31_17583	0.009575068821450943
k__Bacteria|p__Bacteroidetes|c__Bacteroidia|o__Bacteroidales|f__Porphyromonadaceae|g__Porphyromonas|s__Porphyromonas gingivalis|ref_mOTU_v31_00985	0.009362272867730921
k__Bacteria|p__Bacteria phylum incertae sedis|c__Bacteria class incertae sedis|o__Bacteria order incertae sedis|f__Bacteria fam. incertae sedis|g__Bacteria gen. incertae sedis|s__Bacteria species incertae sedis|meta_mOTU_v31_12734	0.009319777388799117
k__Bacteria|p__Firmicutes|c__Clostridia|o__Clostridiales|f__Oscillospiraceae|g__Oscillibacter|s__Oscillibacter species incertae sedis|ext_mOTU_v31_16412	0.009261374325151922
k__Bacteria|p__Firmicutes|c__Bacilli|o__Lactobacillales|f__Streptococcaceae|g__Streptococcus|s__Streptococcus species incertae sedis|ext_mOTU_v31_29483	0.008367924672345982
k__Bacteria|p__Proteobacteria|c__Gammaproteobacteria|o__Pasteurellales|f__Pasteurellaceae|g__Pasteurellaceae gen. incertae sedis|s__Pasteurellaceae species incertae sedis|meta_mOTU_v31_13253	0.008280384663548098
k__Bacteria|p__Proteobacteria|c__Betaproteobacteria|o__Neisseriales|f__Neisseriaceae|g__Neisseria|s__Neisseria species incertae sedis|ext_mOTU_v31_19663	0.008227796532190147
k__Bacteria|p__Bacteroidetes|c__Bacteroidia|o__Bacteroidales|f__Prevotellaceae|g__Prevotella|s__Prevotella histicola|ref_mOTU_v31_03486	0.007994729977051711
k__Bacteria|p__Firmicutes|c__Clostridia|o__Clostridiales|f__Clostridiales fam. incertae sedis|g__Clostridiales gen. incertae sedis|s__Clostridiales species incertae sedis|ext_mOTU_v31_18098	0.00796234908829759
k__Bacteria|p__Firmicutes|c__Clostridia|o__Clostridiales|f__Ruminococcaceae|g__Ruminococcus|s__Ruminococcus sp. CAG:254|meta_mOTU_v31_12276	0.007932869091044698
k__Bacteria|p__Firmicutes|c__Clostridia|o__Clostridiales|f__Clostridiales fam. incertae sedis|g__Clostridiales gen. incertae sedis|s__Clostridiales species incertae sedis|meta_mOTU_v31_12284	0.007910914394985707
k__Bacteria|p__Firmicutes|c__Clostridia|o__Clostridiales|f__Clostridiales fam. [Lachnospiraceae/Clostridiaceae]|g__Clostridiales gen. [Clostridium/Coprococcus]|s__Clostridiales sp. [Clostridium sp. CAG:264/Clostridium sp. L2-50/uncultured Coprococcus sp.]|ref_mOTU_v31_03605	0.007532161065134829
k__Bacteria|p__Firmicutes|c__Clostridia|o__Clostridiales|f__Lachnospiraceae|g__Fusicatenibacter|s__Fusicatenibacter saccharivorans [Fusicatenibacter saccharivorans/Blautia sp. CAG:37/Blautia sp. CAG:37_48_57]|ref_mOTU_v31_02680	0.006856310698502717
k__Bacteria|p__Firmicutes|c__Clostridia|o__Clostridiales|f__Clostridiales fam. incertae sedis|g__Clostridiales gen. incertae sedis|s__Clostridiales species incertae sedis|meta_mOTU_v31_13006	0.006656571955172194
k__Bacteria|p__Bacteroidetes|c__Bacteroidia|o__Bacteroidales|f__Bacteroidaceae|g__Bacteroides|s__Bacteroides plebeius|ref_mOTU_v31_05069	0.006139814409595164
k__Bacteria|p__Firmicutes|c__Clostridia|o__Clostridiales|f__Clostridiaceae|g__Clostridium|s__Clostridium species incertae sedis|ext_mOTU_v31_17511	0.005701656898501716
k__Bacteria|p__Firmicutes|c__Clostridia|o__Clostridiales|f__Lachnospiraceae|g__Oribacterium|s__Oribacterium sinus|ref_mOTU_v31_11576	0.0055900307701889865
k__Bacteria|p__Firmicutes|c__Clostridia|o__Clostridiales|f__Lachnospiraceae|g__Lachnospira|s__Lachnospira sp. [Clostridiales bacterium KLE1615/Clostridiales bacterium 41_21_two_genomes/uncultured Lachnospira sp.]|ref_mOTU_v31_05263	0.005077272033486775
k__Bacteria|p__Bacteroidetes|c__Bacteroidia|o__Bacteroidales|f__Barnesiellaceae|g__Barnesiella|s__Barnesiella intestinihominis [Bacteroides sp. CAG:20/Bacteroides sp. N54.MGS-20/Barnesiella intestinihominis]|ref_mOTU_v31_03595	0.004993610051255416
k__Bacteria|p__Firmicutes|c__Clostridia|o__Clostridiales|f__Clostridiales fam. incertae sedis|g__Clostridiales gen. incertae sedis|s__Clostridiales species incertae sedis|meta_mOTU_v31_12371	0.004889103712137056
k__Bacteria|p__Proteobacteria|c__Gammaproteobacteria|o__Pasteurellales|f__Pasteurellaceae|g__Haemophilus|s__Haemophilus species incertae sedis|ext_mOTU_v31_26956	0.004804031426213282
k__Bacteria|p__Firmicutes|c__Clostridia|o__Clostridiales|f__Ruminococcaceae|g__Ruminococcaceae gen. incertae sedis|s__Ruminococcaceae species incertae sedis|meta_mOTU_v31_12789	0.00464932582037931
k__Bacteria|p__Proteobacteria|c__Gammaproteobacteria|o__Pasteurellales|f__Pasteurellaceae|g__Haemophilus|s__Haemophilus parainfluenzae|ref_mOTU_v31_01068	0.00462685463179304
k__Bacteria|p__Fusobacteria|c__Fusobacteriia|o__Fusobacteriales|f__Leptotrichiaceae|g__Leptotrichia|s__Leptotrichia species incertae sedis|ext_mOTU_v31_18159	0.004483082614933763
k__Bacteria|p__Firmicutes|c__Clostridia|o__Clostridiales|f__Clostridiaceae|g__Clostridium|s__Clostridium sp. CAG:7|ref_mOTU_v31_07647	0.004295642694019353
k__Bacteria|p__Bacteroidetes|c__Bacteroidia|o__Bacteroidales|f__Bacteroidaceae|g__Bacteroides|s__Bacteroides coprocola|ref_mOTU_v31_11279	0.004090093415328594
k__Bacteria|p__Firmicutes|c__Bacilli|o__Lactobacillales|f__Streptococcaceae|g__Streptococcus|s__Streptococcus australis [Streptococcus australis/Streptococcus sp. 400_SSPC/Streptococcus sp. 343_SSPC/Streptococcus sp. 1171_SSPC/Streptococcus sp. A12]|ref_mOTU_v31_00311	0.0035518364794527397
k__Bacteria|p__Firmicutes|c__Clostridia|o__Clostridiales|f__Lachnospiraceae|g__Lachnospiraceae gen. incertae sedis|s__Lachnospiraceae species incertae sedis|ext_mOTU_v31_18089	0.0035219620851118538
k__Bacteria|p__Firmicutes|c__Clostridia|o__Clostridiales|f__Clostridiaceae|g__Clostridium|s__Clostridium species incertae sedis|meta_mOTU_v31_12696	0.003492446361106153
k__Bacteria|p__Firmicutes|c__Clostridia|o__Clostridiales|f__Ruminococcaceae|g__Ruminococcaceae gen. incertae sedis|s__Ruminococcaceae bacterium D5|ref_mOTU_v31_08483	0.0028838678848883146
k__Bacteria|p__Firmicutes|c__Clostridia|o__Clostridiales|f__Lachnospiraceae|g__Roseburia|s__Roseburia sp. CAG:471|ref_mOTU_v31_03598	0.0027414528657318444
k__Bacteria|p__Firmicutes|c__Clostridia|o__Clostridiales|f__Clostridiales fam. incertae sedis|g__Clostridiales gen. incertae sedis|s__Clostridiales species incertae sedis|meta_mOTU_v31_12690	0.00253002428137114
k__Bacteria|p__Firmicutes|c__Clostridia|o__Clostridiales|f__Clostridiaceae|g__Clostridium|s__uncultured Clostridium sp.|ref_mOTU_v31_11606	0.0023443943373634606
k__Bacteria|p__Firmicutes|c__Firmicutes class [Clostridia/Erysipelotrichia]|o__Firmicutes order [Clostridiales/Erysipelotrichales]|f__Firmicutes fam. [Erysipelotrichaceae/Clostridiaceae]|g__Firmicutes gen. [Coprobacillus/Clostridium]|s__Firmicutes sp. [Coprobacillus sp. 8_1_38FAA/uncultured Clostridium sp.]|ref_mOTU_v31_03629	0.002304051011135408
k__Bacteria|p__Firmicutes|c__Clostridia|o__Clostridiales|f__Clostridiaceae|g__Clostridium|s__uncultured Clostridium sp.|ref_mOTU_v31_11609	0.0022693728214341837
k__Bacteria|p__Firmicutes|c__Bacilli|o__Lactobacillales|f__Streptococcaceae|g__Streptococcus|s__Streptococcus sp. HMSC067H01|ref_mOTU_v31_00303	0.002109478915213299
k__Bacteria|p__Proteobacteria|c__Gammaproteobacteria|o__Enterobacterales|f__Enterobacteriaceae|g__Klebsiella|s__Klebsiella pneumoniae|ref_mOTU_v31_00085	0.0019351370582702259
k__Bacteria|p__Firmicutes|c__Clostridia|o__Clostridiales|f__Clostridiales fam. incertae sedis|g__Clostridiales gen. incertae sedis|s__Clostridiales species incertae sedis|meta_mOTU_v31_12361	0.0018531655118728674
k__Bacteria|p__Firmicutes|c__Clostridia|o__Clostridiales|f__Clostridiaceae|g__Clostridium|s__Clostridium species incertae sedis|meta_mOTU_v31_12234	0.001451015895515604
k__Bacteria|p__Firmicutes|c__Clostridia|o__Clostridiales|f__Clostridiaceae|g__Clostridium|s__Clostridium species incertae sedis|ext_mOTU_v31_17840	0.0014150209463096965
k__Bacteria|p__Firmicutes|c__Clostridia|o__Clostridiales|f__Lachnospiraceae|g__Lachnoclostridium|s__[Clostridium] citroniae [Clostridium sp. FS41/[Clostridium] citroniae/uncultured Clostridium sp.]|ref_mOTU_v31_04828	0.0013003070552426482
k__Bacteria|p__Firmicutes|c__Clostridia|o__Clostridiales|f__Clostridiales fam. incertae sedis|g__Clostridiales gen. incertae sedis|s__Clostridiales species incertae sedis|ext_mOTU_v31_16497	0.0010470748765898383
k__Bacteria|p__Firmicutes|c__Clostridia|o__Clostridiales|f__Lachnospiraceae|g__Lachnospiraceae gen. incertae sedis|s__Lachnospiraceae species incertae sedis|ext_mOTU_v31_17435	0.0010004082018460064
k__Bacteria|p__Firmicutes|c__Clostridia|o__Clostridiales|f__Ruminococcaceae|g__Ruminococcus|s__Ruminococcus bromii [Ruminococcus sp. CAG:108/Ruminococcus sp. A254.MGS-108/uncultured Ruminococcus sp./Ruminococcus sp. CAG:108-related_41_35/Ruminococcus bromii]|ref_mOTU_v31_00853	8.627759672871646e-4
k__Bacteria|p__Actinobacteria|c__Coriobacteriia|o__Eggerthellales|f__Eggerthellaceae|g__Eggerthellaceae gen. incertae sedis|s__Eggerthellaceae species incertae sedis|ext_mOTU_v31_16367	6.769819218136943e-4
k__Bacteria|p__Firmicutes|c__Clostridia|o__Clostridiales|f__Clostridiales fam. incertae sedis|g__Clostridiales gen. incertae sedis|s__Clostridiales species incertae sedis|ext_mOTU_v31_27011	3.200904623748928e-4
k__Bacteria|p__Firmicutes|c__Clostridia|o__Clostridiales|f__Ruminococcaceae|g__Ruminococcaceae gen. incertae sedis|s__Ruminococcaceae species incertae sedis|ext_mOTU_v31_16263	1.607090380417526e-4
k__Bacteria|p__Firmicutes|c__Clostridia|o__Clostridiales|f__Ruminococcaceae|g__Ruminococcus|s__Ruminococcus sp. [Firmicutes bacterium CAG:56/uncultured Ruminococcus sp.]|ref_mOTU_v31_03681	7.05207795837106e-5
k__Archaea|p__Euryarchaeota|c__Methanobacteria|o__Methanobacteriales|f__Methanobacteriaceae|g__Methanosphaera|s__Methanosphaera stadtmanae [Methanosphaera sp. A6/Methanosphaera stadtmanae]|ref_mOTU_v31_05938	0
k__Bacteria|p__Actinobacteria|c__Actinobacteria|o__Actinobacteria order [Actinomycetales/Micrococcales]|f__Actinobacteria fam. [Sanguibacteraceae/Actinomycetaceae/Promicromonosporaceae]|g__Actinobacteria gen. [Xylanimonas/Schaalia/Sanguibacter]|s__Actinobacteria sp. [Schaalia odontolytica/Actinomyces sp. HMSC035G02/Xylanimonas cellulosilytica/Sanguibacter keddieii/Actinomyces sp. ICM54]|ref_mOTU_v31_01911	0
k__Bacteria|p__Actinobacteria|c__Actinobacteria|o__Actinobacteria order [Actinomycetales/Streptomycetales]|f__Actinobacteria fam. [Actinomycetaceae/Streptomycetaceae]|g__Actinobacteria gen. [Trueperella/Streptomyces]|s__Actinobacteria sp. [Actinomyces sp. ph3/Trueperella pyogenes/Streptomyces cattleya/Actinomyces sp. oral taxon 181]|ref_mOTU_v31_02041	0
k__Bacteria|p__Actinobacteria|c__Actinobacteria|o__Actinomycetales|f__Actinomycetaceae|g__Actinobaculum|s__Actinobaculum sp. oral taxon 183|ref_mOTU_v31_07446	0
k__Bacteria|p__Actinobacteria|c__Actinobacteria|o__Actinomycetales|f__Actinomycetaceae|g__Actinomyces|s__Actinomyces bouchesdurhonensis|ref_mOTU_v31_01915	0
k__Bacteria|p__Actinobacteria|c__Actinobacteria|o__Actinomycetales|f__Actinomycetaceae|g__Actinomyces|s__Actinomyces dentalis|ref_mOTU_v31_02098	0
k__Bacteria|p__Actinobacteria|c__Actinobacteria|o__Actinomycetales|f__Actinomycetaceae|g__Actinomyces|s__Actinomyces gerencseriae|ref_mOTU_v31_06712	0
k__Bacteria|p__Actinobacteria|c__Actinobacteria|o__Actinomycetales|f__Actinomycetaceae|g__Actinomyces|s__Actinomyces graevenitzii|ref_mOTU_v31_04054	0
k__Bacteria|p__Actinobacteria|c__Actinobacteria|o__Actinomycetales|f__Actinomycetaceae|g__Actinomyces|s__Actinomyces israelii|ref_mOTU_v31_06713	0
k__Bacteria|p__Actinobacteria|c__Actinobacteria|o__Actinomycetales|f__Actinomycetaceae|g__Actinomyces|s__Actinomyces johnsonii [Actinomyces johnsonii/Actinomyces sp. oral taxon 849]|ref_mOTU_v31_02017	0
k__Bacteria|p__Actinobacteria|c__Actinobacteria|o__Actinomycetales|f__Actinomycetaceae|g__Actinomyces|s__Actinomyces marseillensis/pacaensis [Actinomyces sp. S6-Spd3/Actinomyces marseillensis/Actinomyces pacaensis]|ref_mOTU_v31_03846	0
k__Bacteria|p__Actinobacteria|c__Actinobacteria|o__Actinomycetales|f__Actinomycetaceae|g__Actinomyces|s__Actinomyces oris|ref_mOTU_v31_02019	0
k__Bacteria|p__Actinobacteria|c__Actinobacteria|o__Actinomycetales|f__Actinomycetaceae|g__Actinomyces|s__Actinomyces sp. [Actinomyces sp. ICM58/Actinomyces sp. oral taxon 172]|ref_mOTU_v31_01913	0
k__Bacteria|p__Actinobacteria|c__Actinobacteria|o__Actinomycetales|f__Actinomycetaceae|g__Actinomyces|s__Actinomyces sp. [Actinomycetaceae bacterium BA112/Actinomyces sp. oral taxon 848]|ref_mOTU_v31_05890	0
k__Bacteria|p__Actinobacteria|c__Actinobacteria|o__Actinomycetales|f__Actinomycetaceae|g__Actinomyces|s__Actinomyces sp. oral taxon 170|ref_mOTU_v31_02020	0
k__Bacteria|p__Actinobacteria|c__Actinobacteria|o__Actinomycetales|f__Actinomycetaceae|g__Actinomyces|s__Actinomyces sp. oral taxon 414|ref_mOTU_v31_02099	0
k__Bacteria|p__Actinobacteria|c__Actinobacteria|o__Actinomycetales|f__Actinomycetaceae|g__Actinomyces|s__Actinomyces sp. oral taxon 448|ref_mOTU_v31_12049	0
k__Bacteria|p__Actinobacteria|c__Actinobacteria|o__Actinomycetales|f__Actinomycetaceae|g__Actinomyces|s__Actinomyces species incertae sedis|ext_mOTU_v31_17399	0
k__Bacteria|p__Actinobacteria|c__Actinobacteria|o__Actinomycetales|f__Actinomycetaceae|g__Actinomyces|s__Actinomyces species incertae sedis|ext_mOTU_v31_17463	0
k__Bacteria|p__Actinobacteria|c__Actinobacteria|o__Actinomycetales|f__Actinomycetaceae|g__Actinomyces|s__Actinomyces species incertae sedis|ext_mOTU_v31_18018	0
k__Bacteria|p__Actinobacteria|c__Actinobacteria|o__Actinomycetales|f__Actinomycetaceae|g__Actinomyces|s__Actinomyces species incertae sedis|ext_mOTU_v31_19746	0
k__Bacteria|p__Actinobacteria|c__Actinobacteria|o__Actinomycetales|f__Actinomycetaceae|g__Actinomyces|s__Actinomyces species incertae sedis|ext_mOTU_v31_27166	0
k__Bacteria|p__Actinobacteria|c__Actinobacteria|o__Actinomycetales|f__Actinomycetaceae|g__Actinomyces|s__Actinomyces species incertae sedis|ext_mOTU_v31_27168	0
k__Bacteria|p__Actinobacteria|c__Actinobacteria|o__Actinomycetales|f__Actinomycetaceae|g__Actinomyces|s__Actinomyces species incertae sedis|ext_mOTU_v31_29509	0
k__Bacteria|p__Actinobacteria|c__Actinobacteria|o__Actinomycetales|f__Actinomycetaceae|g__Actinomyces|s__Actinomyces species incertae sedis|ext_mOTU_v31_29510	0
k__Bacteria|p__Actinobacteria|c__Actinobacteria|o__Actinomycetales|f__Actinomycetaceae|g__Actinomyces|s__Actinomyces species incertae sedis|ext_mOTU_v31_29543	0
k__Bacteria|p__Actinobacteria|c__Actinobacteria|o__Actinomycetales|f__Actinomycetaceae|g__Actinomyces|s__Actinomyces species incertae sedis|ext_mOTU_v31_29604	0
k__Bacteria|p__Actinobacteria|c__Actinobacteria|o__Actinomycetales|f__Actinomycetaceae|g__Actinomyces|s__Actinomyces species incertae sedis|ext_mOTU_v31_29605	0
k__Bacteria|p__Actinobacteria|c__Actinobacteria|o__Actinomycetales|f__Actinomycetaceae|g__Actinomyces|s__Actinomyces species incertae sedis|meta_mOTU_v31_13857	0
k__Bacteria|p__Actinobacteria|c__Actinobacteria|o__Actinomycetales|f__Actinomycetaceae|g__Actinomyces|s__Actinomyces timonensis|ref_mOTU_v31_06045	0
k__Bacteria|p__Actinobacteria|c__Actinobacteria|o__Actinomycetales|f__Actinomycetaceae|g__Actinomycetaceae gen. [Actinomyces/Schaalia]|s__Actinomycetaceae sp. [Actinomyces sp. oral taxon 877/Actinomyces hongkongensis/Schaalia georgiae/Actinomyces sp. oral taxon 178]|ref_mOTU_v31_02100	0
k__Bacteria|p__Actinobacteria|c__Actinobacteria|o__Actinomycetales|f__Actinomycetaceae|g__Actinomycetaceae gen. incertae sedis|s__Actinomycetaceae species incertae sedis|ext_mOTU_v31_29535	0
k__Bacteria|p__Actinobacteria|c__Actinobacteria|o__Actinomycetales|f__Actinomycetaceae|g__Actinomycetaceae gen. incertae sedis|s__Actinomycetaceae species incertae sedis|ext_mOTU_v31_29616	0
k__Bacteria|p__Actinobacteria|c__Actinobacteria|o__Actinomycetales|f__Actinomycetaceae|g__Mobiluncus|s__Mobiluncus species incertae sedis|ext_mOTU_v31_16243	0
k__Bacteria|p__Actinobacteria|c__Actinobacteria|o__Actinomycetales|f__Actinomycetaceae|g__Schaalia|s__Schaalia cardiffensis|ref_mOTU_v31_12048	0
k__Bacteria|p__Actinobacteria|c__Actinobacteria|o__Actinomycetales|f__Actinomycetaceae|g__Schaalia|s__Schaalia turicensis|ref_mOTU_v31_12037	0
k__Bacteria|p__Actinobacteria|c__Actinobacteria|o__Bifidobacteriales|f__Bifidobacteriaceae|g__Alloscardovia|s__Alloscardovia omnicolens [Alloscardovia sp. HMSC034E08/Alloscardovia omnicolens]|ref_mOTU_v31_02114	0
k__Bacteria|p__Actinobacteria|c__Actinobacteria|o__Bifidobacteriales|f__Bifidobacteriaceae|g__Bifidobacterium|s__Bifidobacterium adolescentis|ref_mOTU_v31_02703	0
k__Bacteria|p__Actinobacteria|c__Actinobacteria|o__Bifidobacteriales|f__Bifidobacteriaceae|g__Bifidobacterium|s__Bifidobacterium angulatum|ref_mOTU_v31_04326	0
k__Bacteria|p__Actinobacteria|c__Actinobacteria|o__Bifidobacteriales|f__Bifidobacteriaceae|g__Bifidobacterium|s__Bifidobacterium animalis|ref_mOTU_v31_01303	0
k__Bacteria|p__Actinobacteria|c__Actinobacteria|o__Bifidobacteriales|f__Bifidobacteriaceae|g__Bifidobacterium|s__Bifidobacterium bifidum [Bifidobacterium bifidum CAG:234/Bifidobacterium bifidum]|ref_mOTU_v31_03116	0
k__Bacteria|p__Actinobacteria|c__Actinobacteria|o__Bifidobacteriales|f__Bifidobacteriaceae|g__Bifidobacterium|s__Bifidobacterium breve [Bifidobacterium breve/Actinobacteria bacterium UC5.1-1C2]|ref_mOTU_v31_01098	0
k__Bacteria|p__Actinobacteria|c__Actinobacteria|o__Bifidobacteriales|f__Bifidobacteriaceae|g__Bifidobacterium|s__Bifidobacterium catenulatum/kashiwanohense|ref_mOTU_v31_02701	0
k__Bacteria|p__Actinobacteria|c__Actinobacteria|o__Bifidobacteriales|f__Bifidobacteriaceae|g__Bifidobacterium|s__Bifidobacterium ruminantium|ref_mOTU_v31_02702	0
k__Bacteria|p__Actinobacteria|c__Actinobacteria|o__Bifidobacteriales|f__Bifidobacteriaceae|g__Bifidobacterium|s__Bifidobacterium sp. [Bifidobacterium saeculare/Bifidobacterium gallinarum/Bifidobacterium pullorum]|ref_mOTU_v31_04445	0
k__Bacteria|p__Actinobacteria|c__Actinobacteria|o__Bifidobacteriales|f__Bifidobacteriaceae|g__Bifidobacterium|s__Bifidobacterium species incertae sedis|ext_mOTU_v31_17777	0
k__Bacteria|p__Actinobacteria|c__Actinobacteria|o__Bifidobacteriales|f__Bifidobacteriaceae|g__Bifidobacterium|s__Bifidobacterium species incertae sedis|ext_mOTU_v31_17780	0
k__Bacteria|p__Actinobacteria|c__Actinobacteria|o__Bifidobacteriales|f__Bifidobacteriaceae|g__Bifidobacterium|s__Bifidobacterium species incertae sedis|ext_mOTU_v31_26790	0
k__Bacteria|p__Actinobacteria|c__Actinobacteria|o__Bifidobacteriales|f__Bifidobacteriaceae|g__Bifidobacterium|s__Bifidobacterium species incertae sedis|ext_mOTU_v31_27256	0
k__Bacteria|p__Actinobacteria|c__Actinobacteria|o__Bifidobacteriales|f__Bifidobacteriaceae|g__Bifidobacterium|s__Bifidobacterium species incertae sedis|ext_mOTU_v31_27524	0
k__Bacteria|p__Actinobacteria|c__Actinobacteria|o__Bifidobacteriales|f__Bifidobacteriaceae|g__Parascardovia|s__Parascardovia denticolens|ref_mOTU_v31_02966	0
k__Bacteria|p__Actinobacteria|c__Actinobacteria|o__Bifidobacteriales|f__Bifidobacteriaceae|g__Scardovia|s__Scardovia wiggsiae|ref_mOTU_v31_11969	0
k__Bacteria|p__Actinobacteria|c__Actinobacteria|o__Corynebacteriales|f__Corynebacteriaceae|g__Corynebacterium|s__Corynebacterium argentoratense|ref_mOTU_v31_04116	0
k__Bacteria|p__Actinobacteria|c__Actinobacteria|o__Micrococcales|f__Micrococcaceae|g__Rothia|s__Rothia dentocariosa [Rothia sp. HMSC08A08/Rothia sp. HMSC071F11/Rothia sp. HMSC058E10/Rothia sp. HMSC064D08/Rothia sp. HMSC067H10/Rothia sp. HMSC065G12/Rothia sp. HMSC036D11/Rothia sp. HMSC069C01/Rothia sp. HMSC065D02/Rothia dentocariosa]|ref_mOTU_v31_04800	0
k__Bacteria|p__Actinobacteria|c__Actinobacteria|o__Micrococcales|f__Micrococcaceae|g__Rothia|s__Rothia mucilaginosa [Rothia sp. HMSC072B03/Rothia sp. HMSC062F03/Rothia sp. HMSC068F09/Rothia sp. HMSC072E10/Rothia mucilaginosa]|ref_mOTU_v31_05264	0
k__Bacteria|p__Actinobacteria|c__Actinobacteria|o__Micrococcales|f__Micrococcales fam. [Dermacoccaceae/Cellulomonadaceae]|g__Micrococcales gen. [Cellulomonas/Kytococcus]|s__Micrococcales sp. [Kytococcus sedentarius/Cellulomonas flavigena/Actinomyces sp. oral taxon 180]|ref_mOTU_v31_03773	0
k__Bacteria|p__Actinobacteria|c__Actinobacteria|o__Micrococcales|f__Promicromonosporaceae|g__Isoptericola|s__Isoptericola variabilis [Actinomyces sp. HPA0247/Isoptericola variabilis]|ref_mOTU_v31_01910	0
k__Bacteria|p__Actinobacteria|c__Actinobacteria|o__Propionibacteriales|f__Propionibacteriaceae|g__Propionibacteriaceae gen. incertae sedis|s__Propionibacteriaceae species incertae sedis|ext_mOTU_v31_29549	0
k__Bacteria|p__Actinobacteria|c__Actinobacteria|o__Propionibacteriales|f__Propionibacteriaceae|g__Propionibacteriaceae gen. incertae sedis|s__Propionibacteriaceae species incertae sedis|ext_mOTU_v31_29564	0
k__Bacteria|p__Actinobacteria|c__Actinobacteria|o__Propionibacteriales|f__Propionibacteriaceae|g__Propionibacterium|s__Propionibacterium acidifaciens|ref_mOTU_v31_07012	0
k__Bacteria|p__Actinobacteria|c__Actinobacteria|o__Propionibacteriales|f__Propionibacteriaceae|g__Propionibacterium|s__Propionibacterium freudenreichii|ref_mOTU_v31_05391	0
k__Bacteria|p__Actinobacteria|c__Actinobacteria|o__Propionibacteriales|f__Propionibacteriaceae|g__Pseudopropionibacterium|s__Pseudopropionibacterium propionicum|meta_mOTU_v31_13222	0
k__Bacteria|p__Actinobacteria|c__Actinobacteria|o__Propionibacteriales|f__Propionibacteriaceae|g__Pseudopropionibacterium|s__Pseudopropionibacterium propionicum|meta_mOTU_v31_13984	0
k__Bacteria|p__Actinobacteria|c__Actinobacteria|o__Propionibacteriales|f__Propionibacteriaceae|g__Pseudopropionibacterium|s__Pseudopropionibacterium propionicum|ref_mOTU_v31_03217	0
k__Bacteria|p__Actinobacteria|c__Coriobacteriia|o__Coriobacteriales|f__Atopobiaceae|g__Atopobiaceae gen. incertae sedis|s__Atopobiaceae species incertae sedis|meta_mOTU_v31_13944	0
k__Bacteria|p__Actinobacteria|c__Coriobacteriia|o__Coriobacteriales|f__Atopobiaceae|g__Atopobium|s__Atopobium parvulum [Atopobium sp. ICM42b/Atopobium parvulum/Atopobium sp. BS2]|ref_mOTU_v31_02949	0
k__Bacteria|p__Actinobacteria|c__Coriobacteriia|o__Coriobacteriales|f__Atopobiaceae|g__Atopobium|s__Atopobium parvulum|ref_mOTU_v31_02950	0
k__Bacteria|p__Actinobacteria|c__Coriobacteriia|o__Coriobacteriales|f__Atopobiaceae|g__Atopobium|s__Atopobium rimae [Atopobium rimae/Atopobium sp. HMSC064B08]|ref_mOTU_v31_04230	0
k__Bacteria|p__Actinobacteria|c__Coriobacteriia|o__Coriobacteriales|f__Atopobiaceae|g__Atopobium|s__Atopobium sp. oral taxon 199|ref_mOTU_v31_07347	0
k__Bacteria|p__Actinobacteria|c__Coriobacteriia|o__Coriobacteriales|f__Atopobiaceae|g__Atopobium|s__Atopobium sp. oral taxon 810|ref_mOTU_v31_01957	0
k__Bacteria|p__Actinobacteria|c__Coriobacteriia|o__Coriobacteriales|f__Atopobiaceae|g__Atopobium|s__Atopobium species incertae sedis|ext_mOTU_v31_17493	0
k__Bacteria|p__Actinobacteria|c__Coriobacteriia|o__Coriobacteriales|f__Atopobiaceae|g__Atopobium|s__Atopobium species incertae sedis|ext_mOTU_v31_26785	0
k__Bacteria|p__Actinobacteria|c__Coriobacteriia|o__Coriobacteriales|f__Atopobiaceae|g__Atopobium|s__Atopobium species incertae sedis|ext_mOTU_v31_27193	0
k__Bacteria|p__Actinobacteria|c__Coriobacteriia|o__Coriobacteriales|f__Atopobiaceae|g__Atopobium|s__Atopobium species incertae sedis|ext_mOTU_v31_29354	0
k__Bacteria|p__Actinobacteria|c__Coriobacteriia|o__Coriobacteriales|f__Atopobiaceae|g__Atopobium|s__Atopobium species incertae sedis|ext_mOTU_v31_29357	0
k__Bacteria|p__Actinobacteria|c__Coriobacteriia|o__Coriobacteriales|f__Atopobiaceae|g__Atopobium|s__Atopobium species incertae sedis|meta_mOTU_v31_14177	0
k__Bacteria|p__Actinobacteria|c__Coriobacteriia|o__Coriobacteriales|f__Atopobiaceae|g__Libanicoccus|s__Libanicoccus massiliensis|meta_mOTU_v31_12502	0
k__Bacteria|p__Actinobacteria|c__Coriobacteriia|o__Coriobacteriales|f__Atopobiaceae|g__Olsenella|s__Olsenella phocaeensis [Olsenella sp. DNF00959/Olsenella phocaeensis/Olsenella sp. oral taxon 809]|ref_mOTU_v31_04544	0
k__Bacteria|p__Actinobacteria|c__Coriobacteriia|o__Coriobacteriales|f__Atopobiaceae|g__Olsenella|s__Olsenella profusa|ref_mOTU_v31_07140	0
k__Bacteria|p__Actinobacteria|c__Coriobacteriia|o__Coriobacteriales|f__Atopobiaceae|g__Olsenella|s__Olsenella provencensis|ref_mOTU_v31_10173	0
k__Bacteria|p__Actinobacteria|c__Coriobacteriia|o__Coriobacteriales|f__Atopobiaceae|g__Olsenella|s__Olsenella sp. Marseille-P2300|ref_mOTU_v31_10001	0
k__Bacteria|p__Actinobacteria|c__Coriobacteriia|o__Coriobacteriales|f__Atopobiaceae|g__Olsenella|s__Olsenella sp. oral taxon 807|ref_mOTU_v31_11835	0
k__Bacteria|p__Actinobacteria|c__Coriobacteriia|o__Coriobacteriales|f__Atopobiaceae|g__Olsenella|s__Olsenella species incertae sedis|ext_mOTU_v31_16201	0
k__Bacteria|p__Actinobacteria|c__Coriobacteriia|o__Coriobacteriales|f__Atopobiaceae|g__Olsenella|s__Olsenella species incertae sedis|ext_mOTU_v31_17669	0
k__Bacteria|p__Actinobacteria|c__Coriobacteriia|o__Coriobacteriales|f__Atopobiaceae|g__Olsenella|s__Olsenella species incertae sedis|meta_mOTU_v31_13248	0
k__Bacteria|p__Actinobacteria|c__Coriobacteriia|o__Coriobacteriales|f__Atopobiaceae|g__Olsenella|s__Olsenella species incertae sedis|meta_mOTU_v31_13910	0
k__Bacteria|p__Actinobacteria|c__Coriobacteriia|o__Coriobacteriales|f__Atopobiaceae|g__Olsenella|s__Olsenella uli|ref_mOTU_v31_02951	0
k__Bacteria|p__Actinobacteria|c__Coriobacteriia|o__Coriobacteriales|f__Coriobacteriaceae|g__Collinsella|s__Collinsella bouchesdurhonensis [Collinsella sp. CAG:289/Collinsella sp. MS5/Collinsella bouchesdurhonensis]|ref_mOTU_v31_03627	0
k__Bacteria|p__Actinobacteria|c__Coriobacteriia|o__Coriobacteriales|f__Coriobacteriaceae|g__Collinsella|s__Collinsella intestinalis|ref_mOTU_v31_06307	0
k__Bacteria|p__Actinobacteria|c__Coriobacteriia|o__Coriobacteriales|f__Coriobacteriaceae|g__Collinsella|s__Collinsella species incertae sedis|ext_mOTU_v31_16200	0
k__Bacteria|p__Actinobacteria|c__Coriobacteriia|o__Coriobacteriales|f__Coriobacteriaceae|g__Collinsella|s__Collinsella species incertae sedis|ext_mOTU_v31_16202	0
k__Bacteria|p__Actinobacteria|c__Coriobacteriia|o__Coriobacteriales|f__Coriobacteriaceae|g__Collinsella|s__Collinsella species incertae sedis|ext_mOTU_v31_17406	0
k__Bacteria|p__Actinobacteria|c__Coriobacteriia|o__Coriobacteriales|f__Coriobacteriaceae|g__Collinsella|s__Collinsella species incertae sedis|ext_mOTU_v31_17408	0
k__Bacteria|p__Actinobacteria|c__Coriobacteriia|o__Coriobacteriales|f__Coriobacteriaceae|g__Collinsella|s__Collinsella species incertae sedis|ext_mOTU_v31_17409	0
k__Bacteria|p__Actinobacteria|c__Coriobacteriia|o__Coriobacteriales|f__Coriobacteriaceae|g__Collinsella|s__Collinsella species incertae sedis|ext_mOTU_v31_17411	0
k__Bacteria|p__Actinobacteria|c__Coriobacteriia|o__Coriobacteriales|f__Coriobacteriaceae|g__Collinsella|s__Collinsella species incertae sedis|ext_mOTU_v31_17412	0
k__Bacteria|p__Actinobacteria|c__Coriobacteriia|o__Coriobacteriales|f__Coriobacteriaceae|g__Collinsella|s__Collinsella species incertae sedis|ext_mOTU_v31_17413	0
k__Bacteria|p__Actinobacteria|c__Coriobacteriia|o__Coriobacteriales|f__Coriobacteriaceae|g__Collinsella|s__Collinsella species incertae sedis|ext_mOTU_v31_17414	0
k__Bacteria|p__Actinobacteria|c__Coriobacteriia|o__Coriobacteriales|f__Coriobacteriaceae|g__Collinsella|s__Collinsella species incertae sedis|ext_mOTU_v31_17415	0
k__Bacteria|p__Actinobacteria|c__Coriobacteriia|o__Coriobacteriales|f__Coriobacteriaceae|g__Collinsella|s__Collinsella species incertae sedis|ext_mOTU_v31_17416	0
k__Bacteria|p__Actinobacteria|c__Coriobacteriia|o__Coriobacteriales|f__Coriobacteriaceae|g__Collinsella|s__Collinsella species incertae sedis|ext_mOTU_v31_17418	0
k__Bacteria|p__Actinobacteria|c__Coriobacteriia|o__Coriobacteriales|f__Coriobacteriaceae|g__Collinsella|s__Collinsella species incertae sedis|ext_mOTU_v31_17419	0
k__Bacteria|p__Actinobacteria|c__Coriobacteriia|o__Coriobacteriales|f__Coriobacteriaceae|g__Collinsella|s__Collinsella species incertae sedis|ext_mOTU_v31_17420	0
k__Bacteria|p__Actinobacteria|c__Coriobacteriia|o__Coriobacteriales|f__Coriobacteriaceae|g__Collinsella|s__Collinsella species incertae sedis|ext_mOTU_v31_17421	0
k__Bacteria|p__Actinobacteria|c__Coriobacteriia|o__Coriobacteriales|f__Coriobacteriaceae|g__Collinsella|s__Collinsella species incertae sedis|ext_mOTU_v31_17422	0
k__Bacteria|p__Actinobacteria|c__Coriobacteriia|o__Coriobacteriales|f__Coriobacteriaceae|g__Collinsella|s__Collinsella species incertae sedis|ext_mOTU_v31_17423	0
k__Bacteria|p__Actinobacteria|c__Coriobacteriia|o__Coriobacteriales|f__Coriobacteriaceae|g__Collinsella|s__Collinsella species incertae sedis|ext_mOTU_v31_17424	0
k__Bacteria|p__Actinobacteria|c__Coriobacteriia|o__Coriobacteriales|f__Coriobacteriaceae|g__Collinsella|s__Collinsella species incertae sedis|ext_mOTU_v31_17425	0
k__Bacteria|p__Actinobacteria|c__Coriobacteriia|o__Coriobacteriales|f__Coriobacteriaceae|g__Collinsella|s__Collinsella species incertae sedis|ext_mOTU_v31_17426	0
k__Bacteria|p__Actinobacteria|c__Coriobacteriia|o__Coriobacteriales|f__Coriobacteriaceae|g__Collinsella|s__Collinsella species incertae sedis|ext_mOTU_v31_17428	0
k__Bacteria|p__Actinobacteria|c__Coriobacteriia|o__Coriobacteriales|f__Coriobacteriaceae|g__Collinsella|s__Collinsella species incertae sedis|ext_mOTU_v31_17429	0
k__Bacteria|p__Actinobacteria|c__Coriobacteriia|o__Coriobacteriales|f__Coriobacteriaceae|g__Collinsella|s__Collinsella species incertae sedis|ext_mOTU_v31_17430	0
k__Bacteria|p__Actinobacteria|c__Coriobacteriia|o__Coriobacteriales|f__Coriobacteriaceae|g__Collinsella|s__Collinsella species incertae sedis|ext_mOTU_v31_17431	0
k__Bacteria|p__Actinobacteria|c__Coriobacteriia|o__Coriobacteriales|f__Coriobacteriaceae|g__Collinsella|s__Collinsella species incertae sedis|ext_mOTU_v31_17432	0
k__Bacteria|p__Actinobacteria|c__Coriobacteriia|o__Coriobacteriales|f__Coriobacteriaceae|g__Collinsella|s__Collinsella species incertae sedis|ext_mOTU_v31_17433	0
k__Bacteria|p__Actinobacteria|c__Coriobacteriia|o__Coriobacteriales|f__Coriobacteriaceae|g__Collinsella|s__Collinsella species incertae sedis|ext_mOTU_v31_17734	0
k__Bacteria|p__Actinobacteria|c__Coriobacteriia|o__Coriobacteriales|f__Coriobacteriaceae|g__Collinsella|s__Collinsella species incertae sedis|ext_mOTU_v31_17816	0
k__Bacteria|p__Actinobacteria|c__Coriobacteriia|o__Coriobacteriales|f__Coriobacteriaceae|g__Collinsella|s__Collinsella species incertae sedis|ext_mOTU_v31_17817	0
k__Bacteria|p__Actinobacteria|c__Coriobacteriia|o__Coriobacteriales|f__Coriobacteriaceae|g__Collinsella|s__Collinsella species incertae sedis|ext_mOTU_v31_17954	0
k__Bacteria|p__Actinobacteria|c__Coriobacteriia|o__Coriobacteriales|f__Coriobacteriaceae|g__Collinsella|s__Collinsella species incertae sedis|ext_mOTU_v31_26867	0
k__Bacteria|p__Actinobacteria|c__Coriobacteriia|o__Coriobacteriales|f__Coriobacteriaceae|g__Collinsella|s__Collinsella species incertae sedis|ext_mOTU_v31_26931	0
k__Bacteria|p__Actinobacteria|c__Coriobacteriia|o__Coriobacteriales|f__Coriobacteriaceae|g__Collinsella|s__Collinsella species incertae sedis|ext_mOTU_v31_26957	0
k__Bacteria|p__Actinobacteria|c__Coriobacteriia|o__Coriobacteriales|f__Coriobacteriaceae|g__Collinsella|s__Collinsella species incertae sedis|ext_mOTU_v31_27148	0
k__Bacteria|p__Actinobacteria|c__Coriobacteriia|o__Coriobacteriales|f__Coriobacteriaceae|g__Collinsella|s__Collinsella species incertae sedis|ext_mOTU_v31_27173	0
k__Bacteria|p__Actinobacteria|c__Coriobacteriia|o__Coriobacteriales|f__Coriobacteriaceae|g__Collinsella|s__Collinsella species incertae sedis|ext_mOTU_v31_27181	0
k__Bacteria|p__Actinobacteria|c__Coriobacteriia|o__Coriobacteriales|f__Coriobacteriaceae|g__Collinsella|s__Collinsella species incertae sedis|ext_mOTU_v31_27221	0
k__Bacteria|p__Actinobacteria|c__Coriobacteriia|o__Coriobacteriales|f__Coriobacteriaceae|g__Collinsella|s__Collinsella species incertae sedis|ext_mOTU_v31_27228	0
k__Bacteria|p__Actinobacteria|c__Coriobacteriia|o__Coriobacteriales|f__Coriobacteriaceae|g__Collinsella|s__Collinsella species incertae sedis|ext_mOTU_v31_27244	0
k__Bacteria|p__Actinobacteria|c__Coriobacteriia|o__Coriobacteriales|f__Coriobacteriaceae|g__Collinsella|s__Collinsella species incertae sedis|ext_mOTU_v31_29322	0
k__Bacteria|p__Actinobacteria|c__Coriobacteriia|o__Coriobacteriales|f__Coriobacteriaceae|g__Collinsella|s__Collinsella species incertae sedis|meta_mOTU_v31_12451	0
k__Bacteria|p__Actinobacteria|c__Coriobacteriia|o__Coriobacteriales|f__Coriobacteriaceae|g__Collinsella|s__Collinsella species incertae sedis|meta_mOTU_v31_13333	0
k__Bacteria|p__Actinobacteria|c__Coriobacteriia|o__Coriobacteriales|f__Coriobacteriaceae|g__Collinsella|s__Collinsella species incertae sedis|meta_mOTU_v31_13400	0
k__Bacteria|p__Actinobacteria|c__Coriobacteriia|o__Coriobacteriales|f__Coriobacteriaceae|g__Collinsella|s__Collinsella tanakaei|ref_mOTU_v31_11862	0
k__Bacteria|p__Actinobacteria|c__Coriobacteriia|o__Coriobacteriales|f__Coriobacteriaceae|g__Coriobacteriaceae gen. incertae sedis|s__Coriobacteriaceae bacterium CHKCI002|ref_mOTU_v31_09409	0
k__Bacteria|p__Actinobacteria|c__Coriobacteriia|o__Coriobacteriales|f__Coriobacteriaceae|g__Coriobacteriaceae gen. incertae sedis|s__Coriobacteriaceae species incertae sedis|ext_mOTU_v31_17745	0
k__Bacteria|p__Actinobacteria|c__Coriobacteriia|o__Coriobacteriales|f__Coriobacteriaceae|g__Coriobacteriaceae gen. incertae sedis|s__Coriobacteriaceae species incertae sedis|ext_mOTU_v31_17953	0
k__Bacteria|p__Actinobacteria|c__Coriobacteriia|o__Coriobacteriales|f__Coriobacteriaceae|g__Enorma|s__[Collinsella] massiliensis/timonensis|ref_mOTU_v31_03428	0
k__Bacteria|p__Actinobacteria|c__Coriobacteriia|o__Coriobacteriales|f__Coriobacteriaceae|g__Enorma|s__Enorma massiliensis [Collinsella sp. CAG:398/Enorma massiliensis/uncultured Collinsella sp.]|ref_mOTU_v31_02042	0
k__Bacteria|p__Actinobacteria|c__Coriobacteriia|o__Coriobacteriales|f__Coriobacteriaceae|g__Senegalimassilia|s__Senegalimassilia anaerobia|ref_mOTU_v31_06538	0
k__Bacteria|p__Actinobacteria|c__Coriobacteriia|o__Coriobacteriales|f__Coriobacteriales fam. incertae sedis|g__Coriobacteriales gen. incertae sedis|s__Coriobacteriales species incertae sedis|ext_mOTU_v31_17986	0
k__Bacteria|p__Actinobacteria|c__Coriobacteriia|o__Coriobacteriales|f__Coriobacteriales fam. incertae sedis|g__Coriobacteriales gen. incertae sedis|s__Coriobacteriales species incertae sedis|ext_mOTU_v31_18016	0
k__Bacteria|p__Actinobacteria|c__Coriobacteriia|o__Coriobacteriia order incertae sedis|f__Coriobacteriia fam. incertae sedis|g__Coriobacteriia gen. incertae sedis|s__Coriobacteriia species incertae sedis|ext_mOTU_v31_17987	0
k__Bacteria|p__Actinobacteria|c__Coriobacteriia|o__Coriobacteriia order incertae sedis|f__Coriobacteriia fam. incertae sedis|g__Coriobacteriia gen. incertae sedis|s__Coriobacteriia species incertae sedis|ext_mOTU_v31_26950	0
k__Bacteria|p__Actinobacteria|c__Coriobacteriia|o__Coriobacteriia order incertae sedis|f__Coriobacteriia fam. incertae sedis|g__Coriobacteriia gen. incertae sedis|s__Coriobacteriia species incertae sedis|ext_mOTU_v31_27285	0
k__Bacteria|p__Actinobacteria|c__Coriobacteriia|o__Coriobacteriia order incertae sedis|f__Coriobacteriia fam. incertae sedis|g__Coriobacteriia gen. incertae sedis|s__Coriobacteriia species incertae sedis|ext_mOTU_v31_27489	0
k__Bacteria|p__Actinobacteria|c__Coriobacteriia|o__Eggerthellales|f__Eggerthellaceae|g__Adlercreutzia|s__Adlercreutzia equolifaciens|ref_mOTU_v31_08094	0
k__Bacteria|p__Actinobacteria|c__Coriobacteriia|o__Eggerthellales|f__Eggerthellaceae|g__Cryptobacterium|s__Cryptobacterium curtum|ref_mOTU_v31_11275	0
k__Bacteria|p__Actinobacteria|c__Coriobacteriia|o__Eggerthellales|f__Eggerthellaceae|g__Cryptobacterium|s__Cryptobacterium sp. CAG:338|ref_mOTU_v31_07664	0
k__Bacteria|p__Actinobacteria|c__Coriobacteriia|o__Eggerthellales|f__Eggerthellaceae|g__Eggerthella|s__Eggerthella sp. [Eggerthella sp. CAG:209/Eggerthella sp. 51_9]|ref_mOTU_v31_03631	0
k__Bacteria|p__Actinobacteria|c__Coriobacteriia|o__Eggerthellales|f__Eggerthellaceae|g__Eggerthella|s__Eggerthella sp. CAG:298|ref_mOTU_v31_07670	0
k__Bacteria|p__Actinobacteria|c__Coriobacteriia|o__Eggerthellales|f__Eggerthellaceae|g__Eggerthella|s__Eggerthella sp. CAG:368|meta_mOTU_v31_13928	0
k__Bacteria|p__Actinobacteria|c__Coriobacteriia|o__Eggerthellales|f__Eggerthellaceae|g__Eggerthella|s__Eggerthella species incertae sedis|ext_mOTU_v31_17741	0
k__Bacteria|p__Actinobacteria|c__Coriobacteriia|o__Eggerthellales|f__Eggerthellaceae|g__Eggerthella|s__Eggerthella species incertae sedis|ext_mOTU_v31_17765	0
k__Bacteria|p__Actinobacteria|c__Coriobacteriia|o__Eggerthellales|f__Eggerthellaceae|g__Eggerthella|s__Eggerthella species incertae sedis|ext_mOTU_v31_26899	0
k__Bacteria|p__Actinobacteria|c__Coriobacteriia|o__Eggerthellales|f__Eggerthellaceae|g__Eggerthella|s__Eggerthella species incertae sedis|meta_mOTU_v31_12316	0
k__Bacteria|p__Actinobacteria|c__Coriobacteriia|o__Eggerthellales|f__Eggerthellaceae|g__Eggerthella|s__Eggerthella species incertae sedis|meta_mOTU_v31_12419	0
k__Bacteria|p__Actinobacteria|c__Coriobacteriia|o__Eggerthellales|f__Eggerthellaceae|g__Eggerthella|s__Eggerthella species incertae sedis|meta_mOTU_v31_13368	0
k__Bacteria|p__Actinobacteria|c__Coriobacteriia|o__Eggerthellales|f__Eggerthellaceae|g__Eggerthellaceae gen. incertae sedis|s__Eggerthellaceae species incertae sedis|ext_mOTU_v31_15424	0
k__Bacteria|p__Actinobacteria|c__Coriobacteriia|o__Eggerthellales|f__Eggerthellaceae|g__Eggerthellaceae gen. incertae sedis|s__Eggerthellaceae species incertae sedis|ext_mOTU_v31_15425	0
k__Bacteria|p__Actinobacteria|c__Coriobacteriia|o__Eggerthellales|f__Eggerthellaceae|g__Eggerthellaceae gen. incertae sedis|s__Eggerthellaceae species incertae sedis|ext_mOTU_v31_15426	0
k__Bacteria|p__Actinobacteria|c__Coriobacteriia|o__Eggerthellales|f__Eggerthellaceae|g__Eggerthellaceae gen. incertae sedis|s__Eggerthellaceae species incertae sedis|ext_mOTU_v31_15427	0
k__Bacteria|p__Actinobacteria|c__Coriobacteriia|o__Eggerthellales|f__Eggerthellaceae|g__Eggerthellaceae gen. incertae sedis|s__Eggerthellaceae species incertae sedis|ext_mOTU_v31_15428	0
k__Bacteria|p__Actinobacteria|c__Coriobacteriia|o__Eggerthellales|f__Eggerthellaceae|g__Eggerthellaceae gen. incertae sedis|s__Eggerthellaceae species incertae sedis|ext_mOTU_v31_15429	0
k__Bacteria|p__Actinobacteria|c__Coriobacteriia|o__Eggerthellales|f__Eggerthellaceae|g__Eggerthellaceae gen. incertae sedis|s__Eggerthellaceae species incertae sedis|ext_mOTU_v31_16262	0
k__Bacteria|p__Actinobacteria|c__Coriobacteriia|o__Eggerthellales|f__Eggerthellaceae|g__Eggerthellaceae gen. incertae sedis|s__Eggerthellaceae species incertae sedis|ext_mOTU_v31_16266	0
k__Bacteria|p__Actinobacteria|c__Coriobacteriia|o__Eggerthellales|f__Eggerthellaceae|g__Eggerthellaceae gen. incertae sedis|s__Eggerthellaceae species incertae sedis|ext_mOTU_v31_16267	0
k__Bacteria|p__Actinobacteria|c__Coriobacteriia|o__Eggerthellales|f__Eggerthellaceae|g__Eggerthellaceae gen. incertae sedis|s__Eggerthellaceae species incertae sedis|ext_mOTU_v31_16268	0
k__Bacteria|p__Actinobacteria|c__Coriobacteriia|o__Eggerthellales|f__Eggerthellaceae|g__Eggerthellaceae gen. incertae sedis|s__Eggerthellaceae species incertae sedis|ext_mOTU_v31_17389	0
k__Bacteria|p__Actinobacteria|c__Coriobacteriia|o__Eggerthellales|f__Eggerthellaceae|g__Eggerthellaceae gen. incertae sedis|s__Eggerthellaceae species incertae sedis|ext_mOTU_v31_17390	0
k__Bacteria|p__Actinobacteria|c__Coriobacteriia|o__Eggerthellales|f__Eggerthellaceae|g__Eggerthellaceae gen. incertae sedis|s__Eggerthellaceae species incertae sedis|ext_mOTU_v31_17756	0
k__Bacteria|p__Actinobacteria|c__Coriobacteriia|o__Eggerthellales|f__Eggerthellaceae|g__Eggerthellaceae gen. incertae sedis|s__Eggerthellaceae species incertae sedis|ext_mOTU_v31_17761	0
k__Bacteria|p__Actinobacteria|c__Coriobacteriia|o__Eggerthellales|f__Eggerthellaceae|g__Eggerthellaceae gen. incertae sedis|s__Eggerthellaceae species incertae sedis|ext_mOTU_v31_17773	0
k__Bacteria|p__Actinobacteria|c__Coriobacteriia|o__Eggerthellales|f__Eggerthellaceae|g__Eggerthellaceae gen. incertae sedis|s__Eggerthellaceae species incertae sedis|ext_mOTU_v31_17872	0
k__Bacteria|p__Actinobacteria|c__Coriobacteriia|o__Eggerthellales|f__Eggerthellaceae|g__Eggerthellaceae gen. incertae sedis|s__Eggerthellaceae species incertae sedis|ext_mOTU_v31_17949	0
k__Bacteria|p__Actinobacteria|c__Coriobacteriia|o__Eggerthellales|f__Eggerthellaceae|g__Eggerthellaceae gen. incertae sedis|s__Eggerthellaceae species incertae sedis|ext_mOTU_v31_17950	0
k__Bacteria|p__Actinobacteria|c__Coriobacteriia|o__Eggerthellales|f__Eggerthellaceae|g__Eggerthellaceae gen. incertae sedis|s__Eggerthellaceae species incertae sedis|ext_mOTU_v31_17951	0
k__Bacteria|p__Actinobacteria|c__Coriobacteriia|o__Eggerthellales|f__Eggerthellaceae|g__Eggerthellaceae gen. incertae sedis|s__Eggerthellaceae species incertae sedis|ext_mOTU_v31_18007	0
k__Bacteria|p__Actinobacteria|c__Coriobacteriia|o__Eggerthellales|f__Eggerthellaceae|g__Eggerthellaceae gen. incertae sedis|s__Eggerthellaceae species incertae sedis|ext_mOTU_v31_18193	0
k__Bacteria|p__Actinobacteria|c__Coriobacteriia|o__Eggerthellales|f__Eggerthellaceae|g__Eggerthellaceae gen. incertae sedis|s__Eggerthellaceae species incertae sedis|ext_mOTU_v31_18194	0
k__Bacteria|p__Actinobacteria|c__Coriobacteriia|o__Eggerthellales|f__Eggerthellaceae|g__Eggerthellaceae gen. incertae sedis|s__Eggerthellaceae species incertae sedis|ext_mOTU_v31_25423	0
k__Bacteria|p__Actinobacteria|c__Coriobacteriia|o__Eggerthellales|f__Eggerthellaceae|g__Eggerthellaceae gen. incertae sedis|s__Eggerthellaceae species incertae sedis|ext_mOTU_v31_27068	0
k__Bacteria|p__Actinobacteria|c__Coriobacteriia|o__Eggerthellales|f__Eggerthellaceae|g__Eggerthellaceae gen. incertae sedis|s__Eggerthellaceae species incertae sedis|ext_mOTU_v31_27094	0
k__Bacteria|p__Actinobacteria|c__Coriobacteriia|o__Eggerthellales|f__Eggerthellaceae|g__Eggerthellaceae gen. incertae sedis|s__Eggerthellaceae species incertae sedis|meta_mOTU_v31_12569	0
k__Bacteria|p__Actinobacteria|c__Coriobacteriia|o__Eggerthellales|f__Eggerthellaceae|g__Eggerthellaceae gen. incertae sedis|s__Eggerthellaceae species incertae sedis|meta_mOTU_v31_13204	0
k__Bacteria|p__Actinobacteria|c__Coriobacteriia|o__Eggerthellales|f__Eggerthellaceae|g__Eggerthellaceae gen. incertae sedis|s__Eggerthellaceae species incertae sedis|meta_mOTU_v31_14494	0
k__Bacteria|p__Actinobacteria|c__Coriobacteriia|o__Eggerthellales|f__Eggerthellaceae|g__Gordonibacter|s__Gordonibacter massiliensis|ref_mOTU_v31_10124	0
k__Bacteria|p__Actinobacteria|c__Coriobacteriia|o__Eggerthellales|f__Eggerthellaceae|g__Slackia|s__Slackia exigua [Slackia sp. CM382/Slackia exigua]|ref_mOTU_v31_01958	0
k__Bacteria|p__Actinobacteria|c__Coriobacteriia|o__Eggerthellales|f__Eggerthellales fam. incertae sedis|g__Eggerthellales gen. incertae sedis|s__Eggerthellales species incertae sedis|meta_mOTU_v31_13811	0
k__Bacteria|p__Bacteria phylum [Firmicutes/Actinobacteria]|c__Coriobacteriia|o__Coriobacteriales|f__Coriobacteriaceae|g__Collinsella|s__Collinsella sp. [Firmicutes bacterium CAG:110/Collinsella sp. 60_9]|ref_mOTU_v31_03625	0
k__Bacteria|p__Bacteria phylum [Proteobacteria/Firmicutes]|c__Bacteria class [Alphaproteobacteria/Bacilli]|o__Bacteria order [Lactobacillales/Rhodospirillales]|f__Bacteria fam. [Lactobacillaceae/Rhodospirillaceae]|g__Bacteria gen. [Rhodospirillum/Lactobacillus/Azospirillum]|s__Bacteria sp. [Azospirillum sp. CAG:260/Lactobacillus sp. N15.MGS-260/Rhodospirillum sp. UNK.MGS-17/Azospirillum sp. 47_25]|ref_mOTU_v31_03594	0
k__Bacteria|p__Bacteria phylum incertae sedis|c__Bacteria class incertae sedis|o__Bacteria order incertae sedis|f__Bacteria fam. incertae sedis|g__Bacteria gen. incertae sedis|s__Bacteria species incertae sedis|ext_mOTU_v31_16449	0
k__Bacteria|p__Bacteria phylum incertae sedis|c__Bacteria class incertae sedis|o__Bacteria order incertae sedis|f__Bacteria fam. incertae sedis|g__Bacteria gen. incertae sedis|s__Bacteria species incertae sedis|ext_mOTU_v31_17497	0
k__Bacteria|p__Bacteria phylum incertae sedis|c__Bacteria class incertae sedis|o__Bacteria order incertae sedis|f__Bacteria fam. incertae sedis|g__Bacteria gen. incertae sedis|s__Bacteria species incertae sedis|ext_mOTU_v31_17499	0
k__Bacteria|p__Bacteria phylum incertae sedis|c__Bacteria class incertae sedis|o__Bacteria order incertae sedis|f__Bacteria fam. incertae sedis|g__Bacteria gen. incertae sedis|s__Bacteria species incertae sedis|ext_mOTU_v31_17518	0
k__Bacteria|p__Bacteria phylum incertae sedis|c__Bacteria class incertae sedis|o__Bacteria order incertae sedis|f__Bacteria fam. incertae sedis|g__Bacteria gen. incertae sedis|s__Bacteria species incertae sedis|ext_mOTU_v31_19738	0
k__Bacteria|p__Bacteria phylum incertae sedis|c__Bacteria class incertae sedis|o__Bacteria order incertae sedis|f__Bacteria fam. incertae sedis|g__Bacteria gen. incertae sedis|s__Bacteria species incertae sedis|ext_mOTU_v31_19739	0
k__Bacteria|p__Bacteria phylum incertae sedis|c__Bacteria class incertae sedis|o__Bacteria order incertae sedis|f__Bacteria fam. incertae sedis|g__Bacteria gen. incertae sedis|s__Bacteria species incertae sedis|ext_mOTU_v31_29416	0
k__Bacteria|p__Bacteria phylum incertae sedis|c__Bacteria class incertae sedis|o__Bacteria order incertae sedis|f__Bacteria fam. incertae sedis|g__Bacteria gen. incertae sedis|s__Bacteria species incertae sedis|ext_mOTU_v31_29566	0
k__Bacteria|p__Bacteria phylum incertae sedis|c__Bacteria class incertae sedis|o__Bacteria order incertae sedis|f__Bacteria fam. incertae sedis|g__Bacteria gen. incertae sedis|s__Bacteria species incertae sedis|ext_mOTU_v31_29602	0
k__Bacteria|p__Bacteria phylum incertae sedis|c__Bacteria class incertae sedis|o__Bacteria order incertae sedis|f__Bacteria fam. incertae sedis|g__Bacteria gen. incertae sedis|s__Bacteria species incertae sedis|meta_mOTU_v31_12238	0
k__Bacteria|p__Bacteria phylum incertae sedis|c__Bacteria class incertae sedis|o__Bacteria order incertae sedis|f__Bacteria fam. incertae sedis|g__Bacteria gen. incertae sedis|s__Bacteria species incertae sedis|meta_mOTU_v31_12280	0
k__Bacteria|p__Bacteria phylum incertae sedis|c__Bacteria class incertae sedis|o__Bacteria order incertae sedis|f__Bacteria fam. incertae sedis|g__Bacteria gen. incertae sedis|s__Bacteria species incertae sedis|meta_mOTU_v31_12344	0
k__Bacteria|p__Bacteria phylum incertae sedis|c__Bacteria class incertae sedis|o__Bacteria order incertae sedis|f__Bacteria fam. incertae sedis|g__Bacteria gen. incertae sedis|s__Bacteria species incertae sedis|meta_mOTU_v31_12398	0
k__Bacteria|p__Bacteria phylum incertae sedis|c__Bacteria class incertae sedis|o__Bacteria order incertae sedis|f__Bacteria fam. incertae sedis|g__Bacteria gen. incertae sedis|s__Bacteria species incertae sedis|meta_mOTU_v31_12409	0
k__Bacteria|p__Bacteria phylum incertae sedis|c__Bacteria class incertae sedis|o__Bacteria order incertae sedis|f__Bacteria fam. incertae sedis|g__Bacteria gen. incertae sedis|s__Bacteria species incertae sedis|meta_mOTU_v31_12444	0
k__Bacteria|p__Bacteria phylum incertae sedis|c__Bacteria class incertae sedis|o__Bacteria order incertae sedis|f__Bacteria fam. incertae sedis|g__Bacteria gen. incertae sedis|s__Bacteria species incertae sedis|meta_mOTU_v31_12519	0
k__Bacteria|p__Bacteria phylum incertae sedis|c__Bacteria class incertae sedis|o__Bacteria order incertae sedis|f__Bacteria fam. incertae sedis|g__Bacteria gen. incertae sedis|s__Bacteria species incertae sedis|meta_mOTU_v31_12574	0
k__Bacteria|p__Bacteria phylum incertae sedis|c__Bacteria class incertae sedis|o__Bacteria order incertae sedis|f__Bacteria fam. incertae sedis|g__Bacteria gen. incertae sedis|s__Bacteria species incertae sedis|meta_mOTU_v31_12689	0
k__Bacteria|p__Bacteria phylum incertae sedis|c__Bacteria class incertae sedis|o__Bacteria order incertae sedis|f__Bacteria fam. incertae sedis|g__Bacteria gen. incertae sedis|s__Bacteria species incertae sedis|meta_mOTU_v31_12727	0
k__Bacteria|p__Bacteria phylum incertae sedis|c__Bacteria class incertae sedis|o__Bacteria order incertae sedis|f__Bacteria fam. incertae sedis|g__Bacteria gen. incertae sedis|s__Bacteria species incertae sedis|meta_mOTU_v31_12754	0
k__Bacteria|p__Bacteria phylum incertae sedis|c__Bacteria class incertae sedis|o__Bacteria order incertae sedis|f__Bacteria fam. incertae sedis|g__Bacteria gen. incertae sedis|s__Bacteria species incertae sedis|meta_mOTU_v31_12847	0
k__Bacteria|p__Bacteria phylum incertae sedis|c__Bacteria class incertae sedis|o__Bacteria order incertae sedis|f__Bacteria fam. incertae sedis|g__Bacteria gen. incertae sedis|s__Bacteria species incertae sedis|meta_mOTU_v31_12849	0
k__Bacteria|p__Bacteria phylum incertae sedis|c__Bacteria class incertae sedis|o__Bacteria order incertae sedis|f__Bacteria fam. incertae sedis|g__Bacteria gen. incertae sedis|s__Bacteria species incertae sedis|meta_mOTU_v31_12918	0
k__Bacteria|p__Bacteria phylum incertae sedis|c__Bacteria class incertae sedis|o__Bacteria order incertae sedis|f__Bacteria fam. incertae sedis|g__Bacteria gen. incertae sedis|s__Bacteria species incertae sedis|meta_mOTU_v31_12976	0
k__Bacteria|p__Bacteria phylum incertae sedis|c__Bacteria class incertae sedis|o__Bacteria order incertae sedis|f__Bacteria fam. incertae sedis|g__Bacteria gen. incertae sedis|s__Bacteria species incertae sedis|meta_mOTU_v31_13009	0
k__Bacteria|p__Bacteria phylum incertae sedis|c__Bacteria class incertae sedis|o__Bacteria order incertae sedis|f__Bacteria fam. incertae sedis|g__Bacteria gen. incertae sedis|s__Bacteria species incertae sedis|meta_mOTU_v31_13053	0
k__Bacteria|p__Bacteria phylum incertae sedis|c__Bacteria class incertae sedis|o__Bacteria order incertae sedis|f__Bacteria fam. incertae sedis|g__Bacteria gen. incertae sedis|s__Bacteria species incertae sedis|meta_mOTU_v31_13064	0
k__Bacteria|p__Bacteria phylum incertae sedis|c__Bacteria class incertae sedis|o__Bacteria order incertae sedis|f__Bacteria fam. incertae sedis|g__Bacteria gen. incertae sedis|s__Bacteria species incertae sedis|meta_mOTU_v31_13068	0
k__Bacteria|p__Bacteria phylum incertae sedis|c__Bacteria class incertae sedis|o__Bacteria order incertae sedis|f__Bacteria fam. incertae sedis|g__Bacteria gen. incertae sedis|s__Bacteria species incertae sedis|meta_mOTU_v31_13099	0
k__Bacteria|p__Bacteria phylum incertae sedis|c__Bacteria class incertae sedis|o__Bacteria order incertae sedis|f__Bacteria fam. incertae sedis|g__Bacteria gen. incertae sedis|s__Bacteria species incertae sedis|meta_mOTU_v31_13116	0
k__Bacteria|p__Bacteria phylum incertae sedis|c__Bacteria class incertae sedis|o__Bacteria order incertae sedis|f__Bacteria fam. incertae sedis|g__Bacteria gen. incertae sedis|s__Bacteria species incertae sedis|meta_mOTU_v31_13161	0
k__Bacteria|p__Bacteria phylum incertae sedis|c__Bacteria class incertae sedis|o__Bacteria order incertae sedis|f__Bacteria fam. incertae sedis|g__Bacteria gen. incertae sedis|s__Bacteria species incertae sedis|meta_mOTU_v31_13402	0
k__Bacteria|p__Bacteria phylum incertae sedis|c__Bacteria class incertae sedis|o__Bacteria order incertae sedis|f__Bacteria fam. incertae sedis|g__Bacteria gen. incertae sedis|s__Bacteria species incertae sedis|meta_mOTU_v31_13437	0
k__Bacteria|p__Bacteria phylum incertae sedis|c__Bacteria class incertae sedis|o__Bacteria order incertae sedis|f__Bacteria fam. incertae sedis|g__Bacteria gen. incertae sedis|s__Bacteria species incertae sedis|meta_mOTU_v31_13483	0
k__Bacteria|p__Bacteria phylum incertae sedis|c__Bacteria class incertae sedis|o__Bacteria order incertae sedis|f__Bacteria fam. incertae sedis|g__Bacteria gen. incertae sedis|s__Bacteria species incertae sedis|meta_mOTU_v31_13556	0
k__Bacteria|p__Bacteria phylum incertae sedis|c__Bacteria class incertae sedis|o__Bacteria order incertae sedis|f__Bacteria fam. incertae sedis|g__Bacteria gen. incertae sedis|s__Bacteria species incertae sedis|meta_mOTU_v31_13579	0
k__Bacteria|p__Bacteria phylum incertae sedis|c__Bacteria class incertae sedis|o__Bacteria order incertae sedis|f__Bacteria fam. incertae sedis|g__Bacteria gen. incertae sedis|s__Bacteria species incertae sedis|meta_mOTU_v31_13619	0
k__Bacteria|p__Bacteria phylum incertae sedis|c__Bacteria class incertae sedis|o__Bacteria order incertae sedis|f__Bacteria fam. incertae sedis|g__Bacteria gen. incertae sedis|s__Bacteria species incertae sedis|meta_mOTU_v31_13721	0
k__Bacteria|p__Bacteria phylum incertae sedis|c__Bacteria class incertae sedis|o__Bacteria order incertae sedis|f__Bacteria fam. incertae sedis|g__Bacteria gen. incertae sedis|s__Bacteria species incertae sedis|meta_mOTU_v31_13726	0
k__Bacteria|p__Bacteria phylum incertae sedis|c__Bacteria class incertae sedis|o__Bacteria order incertae sedis|f__Bacteria fam. incertae sedis|g__Bacteria gen. incertae sedis|s__Bacteria species incertae sedis|meta_mOTU_v31_13752	0
k__Bacteria|p__Bacteria phylum incertae sedis|c__Bacteria class incertae sedis|o__Bacteria order incertae sedis|f__Bacteria fam. incertae sedis|g__Bacteria gen. incertae sedis|s__Bacteria species incertae sedis|meta_mOTU_v31_13813	0
k__Bacteria|p__Bacteria phylum incertae sedis|c__Bacteria class incertae sedis|o__Bacteria order incertae sedis|f__Bacteria fam. incertae sedis|g__Bacteria gen. incertae sedis|s__Bacteria species incertae sedis|meta_mOTU_v31_13913	0
k__Bacteria|p__Bacteria phylum incertae sedis|c__Bacteria class incertae sedis|o__Bacteria order incertae sedis|f__Bacteria fam. incertae sedis|g__Bacteria gen. incertae sedis|s__Bacteria species incertae sedis|meta_mOTU_v31_14054	0
k__Bacteria|p__Bacteria phylum incertae sedis|c__Bacteria class incertae sedis|o__Bacteria order incertae sedis|f__Bacteria fam. incertae sedis|g__Bacteria gen. incertae sedis|s__Bacteria species incertae sedis|meta_mOTU_v31_14055	0
k__Bacteria|p__Bacteria phylum incertae sedis|c__Bacteria class incertae sedis|o__Bacteria order incertae sedis|f__Bacteria fam. incertae sedis|g__Bacteria gen. incertae sedis|s__Bacteria species incertae sedis|meta_mOTU_v31_14124	0
k__Bacteria|p__Bacteria phylum incertae sedis|c__Bacteria class incertae sedis|o__Bacteria order incertae sedis|f__Bacteria fam. incertae sedis|g__Bacteria gen. incertae sedis|s__Bacteria species incertae sedis|meta_mOTU_v31_14246	0
k__Bacteria|p__Bacteria phylum incertae sedis|c__Bacteria class incertae sedis|o__Bacteria order incertae sedis|f__Bacteria fam. incertae sedis|g__Bacteria gen. incertae sedis|s__Bacteria species incertae sedis|meta_mOTU_v31_14293	0
k__Bacteria|p__Bacteria phylum incertae sedis|c__Bacteria class incertae sedis|o__Bacteria order incertae sedis|f__Bacteria fam. incertae sedis|g__Bacteria gen. incertae sedis|s__Bacteria species incertae sedis|meta_mOTU_v31_14345	0
k__Bacteria|p__Bacteria phylum incertae sedis|c__Bacteria class incertae sedis|o__Bacteria order incertae sedis|f__Bacteria fam. incertae sedis|g__Bacteria gen. incertae sedis|s__Bacteria species incertae sedis|meta_mOTU_v31_14415	0
k__Bacteria|p__Bacteria phylum incertae sedis|c__Bacteria class incertae sedis|o__Bacteria order incertae sedis|f__Bacteria fam. incertae sedis|g__Bacteria gen. incertae sedis|s__Bacteria species incertae sedis|meta_mOTU_v31_14453	0
k__Bacteria|p__Bacteria phylum incertae sedis|c__Bacteria class incertae sedis|o__Bacteria order incertae sedis|f__Bacteria fam. incertae sedis|g__Bacteria gen. incertae sedis|s__Bacteria species incertae sedis|meta_mOTU_v31_14464	0
k__Bacteria|p__Bacteria phylum incertae sedis|c__Bacteria class incertae sedis|o__Bacteria order incertae sedis|f__Bacteria fam. incertae sedis|g__Bacteria gen. incertae sedis|s__Bacteria species incertae sedis|meta_mOTU_v31_14486	0
k__Bacteria|p__Bacteria phylum incertae sedis|c__Bacteria class incertae sedis|o__Bacteria order incertae sedis|f__Bacteria fam. incertae sedis|g__Bacteria gen. incertae sedis|s__bacterium OL-1|ref_mOTU_v31_03955	0
k__Bacteria|p__Bacteroidetes|c__Bacteroidetes class incertae sedis|o__Bacteroidetes order incertae sedis|f__Bacteroidetes fam. incertae sedis|g__Bacteroidetes gen. incertae sedis|s__Bacteroidetes oral taxon 274|ref_mOTU_v31_11549	0
k__Bacteria|p__Bacteroidetes|c__Bacteroidetes class incertae sedis|o__Bacteroidetes order incertae sedis|f__Bacteroidetes fam. incertae sedis|g__Bacteroidetes gen. incertae sedis|s__Bacteroidetes species incertae sedis|meta_mOTU_v31_13818	0
k__Bacteria|p__Bacteroidetes|c__Bacteroidia|o__Bacteroidales|f__Bacteroidaceae|g__Bacteroidaceae gen. incertae sedis|s__Bacteroidaceae species incertae sedis|meta_mOTU_v31_12273	0
k__Bacteria|p__Bacteroidetes|c__Bacteroidia|o__Bacteroidales|f__Bacteroidaceae|g__Bacteroidaceae gen. incertae sedis|s__Bacteroidaceae species incertae sedis|meta_mOTU_v31_12357	0
k__Bacteria|p__Bacteroidetes|c__Bacteroidia|o__Bacteroidales|f__Bacteroidaceae|g__Bacteroidaceae gen. incertae sedis|s__Bacteroidaceae species incertae sedis|meta_mOTU_v31_13034	0
k__Bacteria|p__Bacteroidetes|c__Bacteroidia|o__Bacteroidales|f__Bacteroidaceae|g__Bacteroidaceae gen. incertae sedis|s__Bacteroidaceae species incertae sedis|meta_mOTU_v31_13349	0
k__Bacteria|p__Bacteroidetes|c__Bacteroidia|o__Bacteroidales|f__Bacteroidaceae|g__Bacteroidaceae gen. incertae sedis|s__Bacteroidaceae species incertae sedis|meta_mOTU_v31_13789	0
k__Bacteria|p__Bacteroidetes|c__Bacteroidia|o__Bacteroidales|f__Bacteroidaceae|g__Bacteroidaceae gen. incertae sedis|s__Bacteroidaceae species incertae sedis|meta_mOTU_v31_14312	0
k__Bacteria|p__Bacteroidetes|c__Bacteroidia|o__Bacteroidales|f__Bacteroidaceae|g__Bacteroides|s__Bacteroides bouchesdurhonensis/faecichinchillae|ref_mOTU_v31_03487	0
k__Bacteria|p__Bacteroidetes|c__Bacteroidia|o__Bacteroidales|f__Bacteroidaceae|g__Bacteroides|s__Bacteroides caecimuris|ref_mOTU_v31_03476	0
k__Bacteria|p__Bacteroidetes|c__Bacteroidia|o__Bacteroidales|f__Bacteroidaceae|g__Bacteroides|s__Bacteroides clarus|ref_mOTU_v31_01578	0
k__Bacteria|p__Bacteroidetes|c__Bacteroidia|o__Bacteroidales|f__Bacteroidaceae|g__Bacteroides|s__Bacteroides congonensis|ref_mOTU_v31_03477	0
k__Bacteria|p__Bacteroidetes|c__Bacteroidia|o__Bacteroidales|f__Bacteroidaceae|g__Bacteroides|s__Bacteroides coprophilus|ref_mOTU_v31_04094	0
k__Bacteria|p__Bacteroidetes|c__Bacteroidia|o__Bacteroidales|f__Bacteroidaceae|g__Bacteroides|s__Bacteroides eggerthii|ref_mOTU_v31_01577	0
k__Bacteria|p__Bacteroidetes|c__Bacteroidia|o__Bacteroidales|f__Bacteroidaceae|g__Bacteroides|s__Bacteroides finegoldii [uncultured Bacteroides sp./Bacteroides finegoldii]|ref_mOTU_v31_03474	0
k__Bacteria|p__Bacteroidetes|c__Bacteroidia|o__Bacteroidales|f__Bacteroidaceae|g__Bacteroides|s__Bacteroides fluxus|ref_mOTU_v31_11912	0
k__Bacteria|p__Bacteroidetes|c__Bacteroidia|o__Bacteroidales|f__Bacteroidaceae|g__Bacteroides|s__Bacteroides fragilis [Bacteroides sp. UW/Bacteroides fragilis]|ref_mOTU_v31_01598	0
k__Bacteria|p__Bacteroidetes|c__Bacteroidia|o__Bacteroidales|f__Bacteroidaceae|g__Bacteroides|s__Bacteroides intestinalis [Bacteroides sp. Phil13/Bacteroides intestinalis]|ref_mOTU_v31_02809	0
k__Bacteria|p__Bacteroidetes|c__Bacteroidia|o__Bacteroidales|f__Bacteroidaceae|g__Bacteroides|s__Bacteroides massiliensis|ref_mOTU_v31_02135	0
k__Bacteria|p__Bacteroidetes|c__Bacteroidia|o__Bacteroidales|f__Bacteroidaceae|g__Bacteroides|s__Bacteroides ndongoniae [Bacteroides sp. CAG:633/Bacteroides ndongoniae]|ref_mOTU_v31_03596	0
k__Bacteria|p__Bacteroidetes|c__Bacteroidia|o__Bacteroidales|f__Bacteroidaceae|g__Bacteroides|s__Bacteroides nordii [Bacteroides sp. HPS0048/Bacteroides sp. 41_26/Bacteroides nordii]|ref_mOTU_v31_01682	0
k__Bacteria|p__Bacteroidetes|c__Bacteroidia|o__Bacteroidales|f__Bacteroidaceae|g__Bacteroides|s__Bacteroides oleiciplenus/stercorirosoris|ref_mOTU_v31_02811	0
k__Bacteria|p__Bacteroidetes|c__Bacteroidia|o__Bacteroidales|f__Bacteroidaceae|g__Bacteroides|s__Bacteroides salyersiae|ref_mOTU_v31_02140	0
k__Bacteria|p__Bacteroidetes|c__Bacteroidia|o__Bacteroidales|f__Bacteroidaceae|g__Bacteroides|s__Bacteroides sp. [Bacteroides sp. 14(A)/Bacteroides timonensis/uncultured Bacteroides sp./Bacteroides cellulosilyticus/Bacteroides intestinalis]|ref_mOTU_v31_02810	0
k__Bacteria|p__Bacteroidetes|c__Bacteroidia|o__Bacteroidales|f__Bacteroidaceae|g__Bacteroides|s__Bacteroides sp. CAG:144|meta_mOTU_v31_12596	0
k__Bacteria|p__Bacteroidetes|c__Bacteroidia|o__Bacteroidales|f__Bacteroidaceae|g__Bacteroides|s__Bacteroides sp. CAG:144|ref_mOTU_v31_07595	0
k__Bacteria|p__Bacteroidetes|c__Bacteroidia|o__Bacteroidales|f__Bacteroidaceae|g__Bacteroides|s__Bacteroides sp. CAG:462|ref_mOTU_v31_07596	0
k__Bacteria|p__Bacteroidetes|c__Bacteroidia|o__Bacteroidales|f__Bacteroidaceae|g__Bacteroides|s__Bacteroides sp. CAG:709|ref_mOTU_v31_07599	0
k__Bacteria|p__Bacteroidetes|c__Bacteroidia|o__Bacteroidales|f__Bacteroidaceae|g__Bacteroides|s__Bacteroides sp. CAG:770|ref_mOTU_v31_07600	0
k__Bacteria|p__Bacteroidetes|c__Bacteroidia|o__Bacteroidales|f__Bacteroidaceae|g__Bacteroides|s__Bacteroides species incertae sedis|ext_mOTU_v31_17536	0
k__Bacteria|p__Bacteroidetes|c__Bacteroidia|o__Bacteroidales|f__Bacteroidaceae|g__Bacteroides|s__Bacteroides species incertae sedis|ext_mOTU_v31_17594	0
k__Bacteria|p__Bacteroidetes|c__Bacteroidia|o__Bacteroidales|f__Bacteroidaceae|g__Bacteroides|s__Bacteroides species incertae sedis|ext_mOTU_v31_17712	0
k__Bacteria|p__Bacteroidetes|c__Bacteroidia|o__Bacteroidales|f__Bacteroidaceae|g__Bacteroides|s__Bacteroides species incertae sedis|ext_mOTU_v31_17713	0
k__Bacteria|p__Bacteroidetes|c__Bacteroidia|o__Bacteroidales|f__Bacteroidaceae|g__Bacteroides|s__Bacteroides species incertae sedis|ext_mOTU_v31_17714	0
k__Bacteria|p__Bacteroidetes|c__Bacteroidia|o__Bacteroidales|f__Bacteroidaceae|g__Bacteroides|s__Bacteroides species incertae sedis|ext_mOTU_v31_17715	0
k__Bacteria|p__Bacteroidetes|c__Bacteroidia|o__Bacteroidales|f__Bacteroidaceae|g__Bacteroides|s__Bacteroides species incertae sedis|ext_mOTU_v31_17781	0
k__Bacteria|p__Bacteroidetes|c__Bacteroidia|o__Bacteroidales|f__Bacteroidaceae|g__Bacteroides|s__Bacteroides species incertae sedis|ext_mOTU_v31_17782	0
k__Bacteria|p__Bacteroidetes|c__Bacteroidia|o__Bacteroidales|f__Bacteroidaceae|g__Bacteroides|s__Bacteroides species incertae sedis|ext_mOTU_v31_17878	0
k__Bacteria|p__Bacteroidetes|c__Bacteroidia|o__Bacteroidales|f__Bacteroidaceae|g__Bacteroides|s__Bacteroides species incertae sedis|ext_mOTU_v31_17956	0
k__Bacteria|p__Bacteroidetes|c__Bacteroidia|o__Bacteroidales|f__Bacteroidaceae|g__Bacteroides|s__Bacteroides species incertae sedis|ext_mOTU_v31_18155	0
k__Bacteria|p__Bacteroidetes|c__Bacteroidia|o__Bacteroidales|f__Bacteroidaceae|g__Bacteroides|s__Bacteroides species incertae sedis|ext_mOTU_v31_18240	0
k__Bacteria|p__Bacteroidetes|c__Bacteroidia|o__Bacteroidales|f__Bacteroidaceae|g__Bacteroides|s__Bacteroides species incertae sedis|ext_mOTU_v31_18241	0
k__Bacteria|p__Bacteroidetes|c__Bacteroidia|o__Bacteroidales|f__Bacteroidaceae|g__Bacteroides|s__Bacteroides species incertae sedis|ext_mOTU_v31_19638	0
k__Bacteria|p__Bacteroidetes|c__Bacteroidia|o__Bacteroidales|f__Bacteroidaceae|g__Bacteroides|s__Bacteroides species incertae sedis|ext_mOTU_v31_26743	0
k__Bacteria|p__Bacteroidetes|c__Bacteroidia|o__Bacteroidales|f__Bacteroidaceae|g__Bacteroides|s__Bacteroides species incertae sedis|ext_mOTU_v31_26795	0
k__Bacteria|p__Bacteroidetes|c__Bacteroidia|o__Bacteroidales|f__Bacteroidaceae|g__Bacteroides|s__Bacteroides species incertae sedis|ext_mOTU_v31_26800	0
k__Bacteria|p__Bacteroidetes|c__Bacteroidia|o__Bacteroidales|f__Bacteroidaceae|g__Bacteroides|s__Bacteroides species incertae sedis|ext_mOTU_v31_26818	0
k__Bacteria|p__Bacteroidetes|c__Bacteroidia|o__Bacteroidales|f__Bacteroidaceae|g__Bacteroides|s__Bacteroides species incertae sedis|ext_mOTU_v31_26884	0
k__Bacteria|p__Bacteroidetes|c__Bacteroidia|o__Bacteroidales|f__Bacteroidaceae|g__Bacteroides|s__Bacteroides species incertae sedis|ext_mOTU_v31_26944	0
k__Bacteria|p__Bacteroidetes|c__Bacteroidia|o__Bacteroidales|f__Bacteroidaceae|g__Bacteroides|s__Bacteroides species incertae sedis|ext_mOTU_v31_26960	0
k__Bacteria|p__Bacteroidetes|c__Bacteroidia|o__Bacteroidales|f__Bacteroidaceae|g__Bacteroides|s__Bacteroides species incertae sedis|ext_mOTU_v31_27192	0
k__Bacteria|p__Bacteroidetes|c__Bacteroidia|o__Bacteroidales|f__Bacteroidaceae|g__Bacteroides|s__Bacteroides species incertae sedis|ext_mOTU_v31_27289	0
k__Bacteria|p__Bacteroidetes|c__Bacteroidia|o__Bacteroidales|f__Bacteroidaceae|g__Bacteroides|s__Bacteroides species incertae sedis|ext_mOTU_v31_27296	0
k__Bacteria|p__Bacteroidetes|c__Bacteroidia|o__Bacteroidales|f__Bacteroidaceae|g__Bacteroides|s__Bacteroides species incertae sedis|ext_mOTU_v31_27439	0
k__Bacteria|p__Bacteroidetes|c__Bacteroidia|o__Bacteroidales|f__Bacteroidaceae|g__Bacteroides|s__Bacteroides species incertae sedis|ext_mOTU_v31_29358	0
k__Bacteria|p__Bacteroidetes|c__Bacteroidia|o__Bacteroidales|f__Bacteroidaceae|g__Bacteroides|s__Bacteroides stercoris|ref_mOTU_v31_01579	0
k__Bacteria|p__Bacteroidetes|c__Bacteroidia|o__Bacteroidales|f__Bacteroidaceae|g__Bacteroides|s__uncultured Bacteroides sp.|ref_mOTU_v31_05070	0
k__Bacteria|p__Bacteroidetes|c__Bacteroidia|o__Bacteroidales|f__Bacteroidales fam. [Porphyromonadaceae/Barnesiellaceae]|g__Bacteroidales gen. [Coprobacter/Gabonia]|s__Bacteroidales sp. [Tannerella sp. CAG:118/Coprobacter secundus/Gabonia massiliensis]|ref_mOTU_v31_03666	0
k__Bacteria|p__Bacteroidetes|c__Bacteroidia|o__Bacteroidales|f__Bacteroidales fam. [Prevotellaceae/Muribaculaceae]|g__Prevotella|s__Prevotella sp. [Prevotella sp. CAG:279/Bacteroidales bacterium H8/Bacteroidales bacterium H9]|ref_mOTU_v31_03644	0
k__Bacteria|p__Bacteroidetes|c__Bacteroidia|o__Bacteroidales|f__Bacteroidales fam. [Prevotellaceae/Muribaculaceae]|g__Prevotella|s__Prevotella sp. [Prevotella sp. CAG:873/Bacteroidales bacterium H4]|ref_mOTU_v31_03648	0
k__Bacteria|p__Bacteroidetes|c__Bacteroidia|o__Bacteroidales|f__Bacteroidales fam. incertae sedis|g__Bacteroidales gen. incertae sedis|s__Bacteroidales species incertae sedis|meta_mOTU_v31_12262	0
k__Bacteria|p__Bacteroidetes|c__Bacteroidia|o__Bacteroidales|f__Bacteroidales fam. incertae sedis|g__Bacteroidales gen. incertae sedis|s__Bacteroidales species incertae sedis|meta_mOTU_v31_12312	0
k__Bacteria|p__Bacteroidetes|c__Bacteroidia|o__Bacteroidales|f__Bacteroidales fam. incertae sedis|g__Bacteroidales gen. incertae sedis|s__Bacteroidales species incertae sedis|meta_mOTU_v31_12359	0
k__Bacteria|p__Bacteroidetes|c__Bacteroidia|o__Bacteroidales|f__Bacteroidales fam. incertae sedis|g__Bacteroidales gen. incertae sedis|s__Bacteroidales species incertae sedis|meta_mOTU_v31_12424	0
k__Bacteria|p__Bacteroidetes|c__Bacteroidia|o__Bacteroidales|f__Bacteroidales fam. incertae sedis|g__Bacteroidales gen. incertae sedis|s__Bacteroidales species incertae sedis|meta_mOTU_v31_12532	0
k__Bacteria|p__Bacteroidetes|c__Bacteroidia|o__Bacteroidales|f__Bacteroidales fam. incertae sedis|g__Bacteroidales gen. incertae sedis|s__Bacteroidales species incertae sedis|meta_mOTU_v31_12573	0
k__Bacteria|p__Bacteroidetes|c__Bacteroidia|o__Bacteroidales|f__Bacteroidales fam. incertae sedis|g__Bacteroidales gen. incertae sedis|s__Bacteroidales species incertae sedis|meta_mOTU_v31_12598	0
k__Bacteria|p__Bacteroidetes|c__Bacteroidia|o__Bacteroidales|f__Bacteroidales fam. incertae sedis|g__Bacteroidales gen. incertae sedis|s__Bacteroidales species incertae sedis|meta_mOTU_v31_12611	0
k__Bacteria|p__Bacteroidetes|c__Bacteroidia|o__Bacteroidales|f__Bacteroidales fam. incertae sedis|g__Bacteroidales gen. incertae sedis|s__Bacteroidales species incertae sedis|meta_mOTU_v31_12636	0
k__Bacteria|p__Bacteroidetes|c__Bacteroidia|o__Bacteroidales|f__Bacteroidales fam. incertae sedis|g__Bacteroidales gen. incertae sedis|s__Bacteroidales species incertae sedis|meta_mOTU_v31_12643	0
k__Bacteria|p__Bacteroidetes|c__Bacteroidia|o__Bacteroidales|f__Bacteroidales fam. incertae sedis|g__Bacteroidales gen. incertae sedis|s__Bacteroidales species incertae sedis|meta_mOTU_v31_12699	0
k__Bacteria|p__Bacteroidetes|c__Bacteroidia|o__Bacteroidales|f__Bacteroidales fam. incertae sedis|g__Bacteroidales gen. incertae sedis|s__Bacteroidales species incertae sedis|meta_mOTU_v31_12701	0
k__Bacteria|p__Bacteroidetes|c__Bacteroidia|o__Bacteroidales|f__Bacteroidales fam. incertae sedis|g__Bacteroidales gen. incertae sedis|s__Bacteroidales species incertae sedis|meta_mOTU_v31_12775	0
k__Bacteria|p__Bacteroidetes|c__Bacteroidia|o__Bacteroidales|f__Bacteroidales fam. incertae sedis|g__Bacteroidales gen. incertae sedis|s__Bacteroidales species incertae sedis|meta_mOTU_v31_12811	0
k__Bacteria|p__Bacteroidetes|c__Bacteroidia|o__Bacteroidales|f__Bacteroidales fam. incertae sedis|g__Bacteroidales gen. incertae sedis|s__Bacteroidales species incertae sedis|meta_mOTU_v31_12895	0
k__Bacteria|p__Bacteroidetes|c__Bacteroidia|o__Bacteroidales|f__Bacteroidales fam. incertae sedis|g__Bacteroidales gen. incertae sedis|s__Bacteroidales species incertae sedis|meta_mOTU_v31_12950	0
k__Bacteria|p__Bacteroidetes|c__Bacteroidia|o__Bacteroidales|f__Bacteroidales fam. incertae sedis|g__Bacteroidales gen. incertae sedis|s__Bacteroidales species incertae sedis|meta_mOTU_v31_13098	0
k__Bacteria|p__Bacteroidetes|c__Bacteroidia|o__Bacteroidales|f__Bacteroidales fam. incertae sedis|g__Bacteroidales gen. incertae sedis|s__Bacteroidales species incertae sedis|meta_mOTU_v31_13164	0
k__Bacteria|p__Bacteroidetes|c__Bacteroidia|o__Bacteroidales|f__Bacteroidales fam. incertae sedis|g__Bacteroidales gen. incertae sedis|s__Bacteroidales species incertae sedis|meta_mOTU_v31_13203	0
k__Bacteria|p__Bacteroidetes|c__Bacteroidia|o__Bacteroidales|f__Bacteroidales fam. incertae sedis|g__Bacteroidales gen. incertae sedis|s__Bacteroidales species incertae sedis|meta_mOTU_v31_13261	0
k__Bacteria|p__Bacteroidetes|c__Bacteroidia|o__Bacteroidales|f__Bacteroidales fam. incertae sedis|g__Bacteroidales gen. incertae sedis|s__Bacteroidales species incertae sedis|meta_mOTU_v31_13380	0
k__Bacteria|p__Bacteroidetes|c__Bacteroidia|o__Bacteroidales|f__Bacteroidales fam. incertae sedis|g__Bacteroidales gen. incertae sedis|s__Bacteroidales species incertae sedis|meta_mOTU_v31_13503	0
k__Bacteria|p__Bacteroidetes|c__Bacteroidia|o__Bacteroidales|f__Bacteroidales fam. incertae sedis|g__Bacteroidales gen. incertae sedis|s__Bacteroidales species incertae sedis|meta_mOTU_v31_13590	0
k__Bacteria|p__Bacteroidetes|c__Bacteroidia|o__Bacteroidales|f__Bacteroidales fam. incertae sedis|g__Bacteroidales gen. incertae sedis|s__Bacteroidales species incertae sedis|meta_mOTU_v31_13625	0
k__Bacteria|p__Bacteroidetes|c__Bacteroidia|o__Bacteroidales|f__Bacteroidales fam. incertae sedis|g__Bacteroidales gen. incertae sedis|s__Bacteroidales species incertae sedis|meta_mOTU_v31_13655	0
k__Bacteria|p__Bacteroidetes|c__Bacteroidia|o__Bacteroidales|f__Bacteroidales fam. incertae sedis|g__Bacteroidales gen. incertae sedis|s__Bacteroidales species incertae sedis|meta_mOTU_v31_13838	0
k__Bacteria|p__Bacteroidetes|c__Bacteroidia|o__Bacteroidales|f__Bacteroidales fam. incertae sedis|g__Bacteroidales gen. incertae sedis|s__Bacteroidales species incertae sedis|meta_mOTU_v31_13898	0
k__Bacteria|p__Bacteroidetes|c__Bacteroidia|o__Bacteroidales|f__Bacteroidales fam. incertae sedis|g__Bacteroidales gen. incertae sedis|s__Bacteroidales species incertae sedis|meta_mOTU_v31_13950	0
k__Bacteria|p__Bacteroidetes|c__Bacteroidia|o__Bacteroidales|f__Bacteroidales fam. incertae sedis|g__Bacteroidales gen. incertae sedis|s__Bacteroidales species incertae sedis|meta_mOTU_v31_14079	0
k__Bacteria|p__Bacteroidetes|c__Bacteroidia|o__Bacteroidales|f__Bacteroidales fam. incertae sedis|g__Bacteroidales gen. incertae sedis|s__Bacteroidales species incertae sedis|meta_mOTU_v31_14355	0
k__Bacteria|p__Bacteroidetes|c__Bacteroidia|o__Bacteroidales|f__Bacteroidales fam. incertae sedis|g__Phocaeicola|s__Phocaeicola abscessus [Phocaeicola abscessus/Bacteroidetes bacterium oral taxon 272]|ref_mOTU_v31_03081	0
k__Bacteria|p__Bacteroidetes|c__Bacteroidia|o__Bacteroidales|f__Barnesiellaceae|g__Coprobacter|s__Coprobacter fastidiosus [Coprobacter fastidiosus/Tannerella sp. CAG:51/Tannerella sp. 6_1_58FAA_CT1]|ref_mOTU_v31_03667	0
k__Bacteria|p__Bacteroidetes|c__Bacteroidia|o__Bacteroidales|f__Muribaculaceae|g__Muribaculaceae gen. incertae sedis|s__Bacteroidales bacterium H3|ref_mOTU_v31_10023	0
k__Bacteria|p__Bacteroidetes|c__Bacteroidia|o__Bacteroidales|f__Odoribacteraceae|g__Butyricimonas|s__Butyricimonas species incertae sedis|ext_mOTU_v31_17404	0
k__Bacteria|p__Bacteroidetes|c__Bacteroidia|o__Bacteroidales|f__Odoribacteraceae|g__Butyricimonas|s__Butyricimonas species incertae sedis|ext_mOTU_v31_17860	0
k__Bacteria|p__Bacteroidetes|c__Bacteroidia|o__Bacteroidales|f__Odoribacteraceae|g__Butyricimonas|s__Butyricimonas synergistica [Butyricimonas sp. Marseille-P2440/Butyricimonas synergistica]|ref_mOTU_v31_02159	0
k__Bacteria|p__Bacteroidetes|c__Bacteroidia|o__Bacteroidales|f__Odoribacteraceae|g__Butyricimonas|s__Butyricimonas synergistica|ref_mOTU_v31_02161	0
k__Bacteria|p__Bacteroidetes|c__Bacteroidia|o__Bacteroidales|f__Odoribacteraceae|g__Butyricimonas|s__Butyricimonas virosa|ref_mOTU_v31_02160	0
k__Bacteria|p__Bacteroidetes|c__Bacteroidia|o__Bacteroidales|f__Odoribacteraceae|g__Culturomica|s__Culturomica massiliensis [Odoribacter sp. CAG:788/Culturomica massiliensis]|ref_mOTU_v31_03637	0
k__Bacteria|p__Bacteroidetes|c__Bacteroidia|o__Bacteroidales|f__Odoribacteraceae|g__Odoribacter|s__Odoribacter laneus [Odoribacter laneus CAG:561/Odoribacter laneus]|ref_mOTU_v31_03696	0
k__Bacteria|p__Bacteroidetes|c__Bacteroidia|o__Bacteroidales|f__Odoribacteraceae|g__Odoribacteraceae gen. incertae sedis|s__Odoribacteraceae species incertae sedis|ext_mOTU_v31_16271	0
k__Bacteria|p__Bacteroidetes|c__Bacteroidia|o__Bacteroidales|f__Odoribacteraceae|g__Odoribacteraceae gen. incertae sedis|s__Odoribacteraceae species incertae sedis|ext_mOTU_v31_17480	0
k__Bacteria|p__Bacteroidetes|c__Bacteroidia|o__Bacteroidales|f__Odoribacteraceae|g__Odoribacteraceae gen. incertae sedis|s__Odoribacteraceae species incertae sedis|ext_mOTU_v31_17483	0
k__Bacteria|p__Bacteroidetes|c__Bacteroidia|o__Bacteroidales|f__Porphyromonadaceae|g__Porphyromonadaceae gen. [Sanguibacteroides/Gabonibacter]|s__Porphyromonadaceae sp. [Sanguibacteroides justesenii/Gabonibacter massiliensis]|ref_mOTU_v31_04706	0
k__Bacteria|p__Bacteroidetes|c__Bacteroidia|o__Bacteroidales|f__Porphyromonadaceae|g__Porphyromonadaceae gen. incertae sedis|s__Porphyromonadaceae species incertae sedis|meta_mOTU_v31_12302	0
k__Bacteria|p__Bacteroidetes|c__Bacteroidia|o__Bacteroidales|f__Porphyromonadaceae|g__Porphyromonadaceae gen. incertae sedis|s__Porphyromonadaceae species incertae sedis|meta_mOTU_v31_12865	0
k__Bacteria|p__Bacteroidetes|c__Bacteroidia|o__Bacteroidales|f__Porphyromonadaceae|g__Porphyromonadaceae gen. incertae sedis|s__Porphyromonadaceae species incertae sedis|meta_mOTU_v31_12881	0
k__Bacteria|p__Bacteroidetes|c__Bacteroidia|o__Bacteroidales|f__Porphyromonadaceae|g__Porphyromonadaceae gen. incertae sedis|s__Porphyromonadaceae species incertae sedis|meta_mOTU_v31_13449	0
k__Bacteria|p__Bacteroidetes|c__Bacteroidia|o__Bacteroidales|f__Porphyromonadaceae|g__Porphyromonas|s__Porphyromonas asaccharolytica|ref_mOTU_v31_02384	0
k__Bacteria|p__Bacteroidetes|c__Bacteroidia|o__Bacteroidales|f__Porphyromonadaceae|g__Porphyromonas|s__Porphyromonas catoniae|ref_mOTU_v31_02535	0
k__Bacteria|p__Bacteroidetes|c__Bacteroidia|o__Bacteroidales|f__Porphyromonadaceae|g__Porphyromonas|s__Porphyromonas endodontalis|ref_mOTU_v31_11465	0
k__Bacteria|p__Bacteroidetes|c__Bacteroidia|o__Bacteroidales|f__Porphyromonadaceae|g__Porphyromonas|s__Porphyromonas somerae [Porphyromonas sp. CAG:1061/Porphyromonas sp. HMSC077F02/Porphyromonas somerae]|ref_mOTU_v31_02383	0
k__Bacteria|p__Bacteroidetes|c__Bacteroidia|o__Bacteroidales|f__Porphyromonadaceae|g__Porphyromonas|s__Porphyromonas sp. HMSC065F10|ref_mOTU_v31_02369	0
k__Bacteria|p__Bacteroidetes|c__Bacteroidia|o__Bacteroidales|f__Porphyromonadaceae|g__Porphyromonas|s__Porphyromonas sp. oral taxon 278|ref_mOTU_v31_07448	0
k__Bacteria|p__Bacteroidetes|c__Bacteroidia|o__Bacteroidales|f__Porphyromonadaceae|g__Porphyromonas|s__Porphyromonas species incertae sedis|ext_mOTU_v31_16245	0
k__Bacteria|p__Bacteroidetes|c__Bacteroidia|o__Bacteroidales|f__Porphyromonadaceae|g__Porphyromonas|s__Porphyromonas species incertae sedis|ext_mOTU_v31_17883	0
k__Bacteria|p__Bacteroidetes|c__Bacteroidia|o__Bacteroidales|f__Porphyromonadaceae|g__Porphyromonas|s__Porphyromonas species incertae sedis|ext_mOTU_v31_18372	0
k__Bacteria|p__Bacteroidetes|c__Bacteroidia|o__Bacteroidales|f__Porphyromonadaceae|g__Porphyromonas|s__Porphyromonas species incertae sedis|ext_mOTU_v31_18374	0
k__Bacteria|p__Bacteroidetes|c__Bacteroidia|o__Bacteroidales|f__Porphyromonadaceae|g__Porphyromonas|s__Porphyromonas species incertae sedis|ext_mOTU_v31_19632	0
k__Bacteria|p__Bacteroidetes|c__Bacteroidia|o__Bacteroidales|f__Porphyromonadaceae|g__Porphyromonas|s__Porphyromonas species incertae sedis|ext_mOTU_v31_27443	0
k__Bacteria|p__Bacteroidetes|c__Bacteroidia|o__Bacteroidales|f__Porphyromonadaceae|g__Porphyromonas|s__Porphyromonas species incertae sedis|meta_mOTU_v31_12604	0
k__Bacteria|p__Bacteroidetes|c__Bacteroidia|o__Bacteroidales|f__Porphyromonadaceae|g__Porphyromonas|s__Porphyromonas species incertae sedis|meta_mOTU_v31_14383	0
k__Bacteria|p__Bacteroidetes|c__Bacteroidia|o__Bacteroidales|f__Porphyromonadaceae|g__Porphyromonas|s__Porphyromonas uenonis|ref_mOTU_v31_02385	0
k__Bacteria|p__Bacteroidetes|c__Bacteroidia|o__Bacteroidales|f__Porphyromonadaceae|g__Porphyromonas|s__Porphyromonas uenonis|ref_mOTU_v31_02386	0
k__Bacteria|p__Bacteroidetes|c__Bacteroidia|o__Bacteroidales|f__Prevotellaceae|g__Alloprevotella|s__Alloprevotella rava|ref_mOTU_v31_11761	0
k__Bacteria|p__Bacteroidetes|c__Bacteroidia|o__Bacteroidales|f__Prevotellaceae|g__Alloprevotella|s__Alloprevotella tannerae|ref_mOTU_v31_11629	0
k__Bacteria|p__Bacteroidetes|c__Bacteroidia|o__Bacteroidales|f__Prevotellaceae|g__Alloprevotella|s__Prevotella sp. oral taxon 473|ref_mOTU_v31_01078	0
k__Bacteria|p__Bacteroidetes|c__Bacteroidia|o__Bacteroidales|f__Prevotellaceae|g__Paraprevotella|s__Paraprevotella clara [Paraprevotella clara CAG:116/Paraprevotella clara]|ref_mOTU_v31_03698	0
k__Bacteria|p__Bacteroidetes|c__Bacteroidia|o__Bacteroidales|f__Prevotellaceae|g__Paraprevotella|s__Paraprevotella xylaniphila|ref_mOTU_v31_03699	0
k__Bacteria|p__Bacteroidetes|c__Bacteroidia|o__Bacteroidales|f__Prevotellaceae|g__Prevotella|s__Prevotella aurantiaca|ref_mOTU_v31_07515	0
k__Bacteria|p__Bacteroidetes|c__Bacteroidia|o__Bacteroidales|f__Prevotellaceae|g__Prevotella|s__Prevotella baroniae|ref_mOTU_v31_02021	0
k__Bacteria|p__Bacteroidetes|c__Bacteroidia|o__Bacteroidales|f__Prevotellaceae|g__Prevotella|s__Prevotella bivia|ref_mOTU_v31_03862	0
k__Bacteria|p__Bacteroidetes|c__Bacteroidia|o__Bacteroidales|f__Prevotellaceae|g__Prevotella|s__Prevotella buccae [Prevotella sp. MSX73/Prevotella buccae]|ref_mOTU_v31_01006	0
k__Bacteria|p__Bacteroidetes|c__Bacteroidia|o__Bacteroidales|f__Prevotellaceae|g__Prevotella|s__Prevotella buccalis [Prevotella sp. BV3P1/Prevotella buccalis]|ref_mOTU_v31_01952	0
k__Bacteria|p__Bacteroidetes|c__Bacteroidia|o__Bacteroidales|f__Prevotellaceae|g__Prevotella|s__Prevotella buccalis|ref_mOTU_v31_01953	0
k__Bacteria|p__Bacteroidetes|c__Bacteroidia|o__Bacteroidales|f__Prevotellaceae|g__Prevotella|s__Prevotella conceptionensis [Prevotella sp. HMSC073D09/Prevotella conceptionensis/Prevotella sp. oral taxon 317]|ref_mOTU_v31_02395	0
k__Bacteria|p__Bacteroidetes|c__Bacteroidia|o__Bacteroidales|f__Prevotellaceae|g__Prevotella|s__Prevotella copri [Prevotella copri CAG:164/Prevotella copri]|ref_mOTU_v31_03701	0
k__Bacteria|p__Bacteroidetes|c__Bacteroidia|o__Bacteroidales|f__Prevotellaceae|g__Prevotella|s__Prevotella corporis|ref_mOTU_v31_02390	0
k__Bacteria|p__Bacteroidetes|c__Bacteroidia|o__Bacteroidales|f__Prevotellaceae|g__Prevotella|s__Prevotella dentalis/seregens|ref_mOTU_v31_04076	0
k__Bacteria|p__Bacteroidetes|c__Bacteroidia|o__Bacteroidales|f__Prevotellaceae|g__Prevotella|s__Prevotella denticola|ref_mOTU_v31_02391	0
k__Bacteria|p__Bacteroidetes|c__Bacteroidia|o__Bacteroidales|f__Prevotellaceae|g__Prevotella|s__Prevotella disiens|ref_mOTU_v31_03472	0
k__Bacteria|p__Bacteroidetes|c__Bacteroidia|o__Bacteroidales|f__Prevotellaceae|g__Prevotella|s__Prevotella enoeca|ref_mOTU_v31_03479	0
k__Bacteria|p__Bacteroidetes|c__Bacteroidia|o__Bacteroidales|f__Prevotellaceae|g__Prevotella|s__Prevotella fusca|ref_mOTU_v31_02793	0
k__Bacteria|p__Bacteroidetes|c__Bacteroidia|o__Bacteroidales|f__Prevotellaceae|g__Prevotella|s__Prevotella intermedia|ref_mOTU_v31_02392	0
k__Bacteria|p__Bacteroidetes|c__Bacteroidia|o__Bacteroidales|f__Prevotellaceae|g__Prevotella|s__Prevotella lascolaii [Prevotella sp. CAG:487/Prevotella lascolaii/Prevotella sp. AG:487_50_53]|ref_mOTU_v31_03645	0
k__Bacteria|p__Bacteroidetes|c__Bacteroidia|o__Bacteroidales|f__Prevotellaceae|g__Prevotella|s__Prevotella loescheii [Prevotella sp. oral taxon 472/Prevotella loescheii]|ref_mOTU_v31_02394	0
k__Bacteria|p__Bacteroidetes|c__Bacteroidia|o__Bacteroidales|f__Prevotellaceae|g__Prevotella|s__Prevotella maculosa|ref_mOTU_v31_02396	0
k__Bacteria|p__Bacteroidetes|c__Bacteroidia|o__Bacteroidales|f__Prevotellaceae|g__Prevotella|s__Prevotella marshii|ref_mOTU_v31_06458	0
k__Bacteria|p__Bacteroidetes|c__Bacteroidia|o__Bacteroidales|f__Prevotellaceae|g__Prevotella|s__Prevotella micans|ref_mOTU_v31_02397	0
k__Bacteria|p__Bacteroidetes|c__Bacteroidia|o__Bacteroidales|f__Prevotellaceae|g__Prevotella|s__Prevotella multiformis|ref_mOTU_v31_12054	0
k__Bacteria|p__Bacteroidetes|c__Bacteroidia|o__Bacteroidales|f__Prevotellaceae|g__Prevotella|s__Prevotella multisaccharivorax|ref_mOTU_v31_11785	0
k__Bacteria|p__Bacteroidetes|c__Bacteroidia|o__Bacteroidales|f__Prevotellaceae|g__Prevotella|s__Prevotella nanceiensis [Prevotella nanceiensis/Prevotella sp. oral taxon 299]|ref_mOTU_v31_02398	0
k__Bacteria|p__Bacteroidetes|c__Bacteroidia|o__Bacteroidales|f__Prevotellaceae|g__Prevotella|s__Prevotella nigrescens|ref_mOTU_v31_01589	0
k__Bacteria|p__Bacteroidetes|c__Bacteroidia|o__Bacteroidales|f__Prevotellaceae|g__Prevotella|s__Prevotella oris [Prevotella sp. HMSC077E09/Prevotella sp. HMSC069G02/Prevotella sp. HMSC077E08/Prevotella oris]|ref_mOTU_v31_02399	0
k__Bacteria|p__Bacteroidetes|c__Bacteroidia|o__Bacteroidales|f__Prevotellaceae|g__Prevotella|s__Prevotella oulorum|ref_mOTU_v31_03484	0
k__Bacteria|p__Bacteroidetes|c__Bacteroidia|o__Bacteroidales|f__Prevotellaceae|g__Prevotella|s__Prevotella phocaeensis/oralis|ref_mOTU_v31_01590	0
k__Bacteria|p__Bacteroidetes|c__Bacteroidia|o__Bacteroidales|f__Prevotellaceae|g__Prevotella|s__Prevotella pleuritidis|ref_mOTU_v31_01716	0
k__Bacteria|p__Bacteroidetes|c__Bacteroidia|o__Bacteroidales|f__Prevotellaceae|g__Prevotella|s__Prevotella saccharolytica|ref_mOTU_v31_02536	0
k__Bacteria|p__Bacteroidetes|c__Bacteroidia|o__Bacteroidales|f__Prevotellaceae|g__Prevotella|s__Prevotella scopos|ref_mOTU_v31_02794	0
k__Bacteria|p__Bacteroidetes|c__Bacteroidia|o__Bacteroidales|f__Prevotellaceae|g__Prevotella|s__Prevotella shahii|ref_mOTU_v31_07011	0
k__Bacteria|p__Bacteroidetes|c__Bacteroidia|o__Bacteroidales|f__Prevotellaceae|g__Prevotella|s__Prevotella sp. [Prevotella sp. CAG:255/Prevotella sp. 109]|ref_mOTU_v31_03643	0
k__Bacteria|p__Bacteroidetes|c__Bacteroidia|o__Bacteroidales|f__Prevotellaceae|g__Prevotella|s__Prevotella sp. [Prevotella sp. CAG:592/Prevotella sp. P4-65/Prevotella sp. P4-76/Prevotella sp. P5-60/Prevotella sp. P5-119/Prevotella sp. P5-125]|ref_mOTU_v31_03647	0
k__Bacteria|p__Bacteroidetes|c__Bacteroidia|o__Bacteroidales|f__Prevotellaceae|g__Prevotella|s__Prevotella sp. C561|ref_mOTU_v31_02797	0
k__Bacteria|p__Bacteroidetes|c__Bacteroidia|o__Bacteroidales|f__Prevotellaceae|g__Prevotella|s__Prevotella sp. CAG:1031|meta_mOTU_v31_12882	0
k__Bacteria|p__Bacteroidetes|c__Bacteroidia|o__Bacteroidales|f__Prevotellaceae|g__Prevotella|s__Prevotella sp. CAG:1092|ref_mOTU_v31_07693	0
k__Bacteria|p__Bacteroidetes|c__Bacteroidia|o__Bacteroidales|f__Prevotellaceae|g__Prevotella|s__Prevotella sp. CAG:279|meta_mOTU_v31_12279	0
k__Bacteria|p__Bacteroidetes|c__Bacteroidia|o__Bacteroidales|f__Prevotellaceae|g__Prevotella|s__Prevotella sp. CAG:279|meta_mOTU_v31_13285	0
k__Bacteria|p__Bacteroidetes|c__Bacteroidia|o__Bacteroidales|f__Prevotellaceae|g__Prevotella|s__Prevotella sp. CAG:474|ref_mOTU_v31_07697	0
k__Bacteria|p__Bacteroidetes|c__Bacteroidia|o__Bacteroidales|f__Prevotellaceae|g__Prevotella|s__Prevotella sp. CAG:485|meta_mOTU_v31_13395	0
k__Bacteria|p__Bacteroidetes|c__Bacteroidia|o__Bacteroidales|f__Prevotellaceae|g__Prevotella|s__Prevotella sp. CAG:520|ref_mOTU_v31_00718	0
k__Bacteria|p__Bacteroidetes|c__Bacteroidia|o__Bacteroidales|f__Prevotellaceae|g__Prevotella|s__Prevotella sp. CAG:617|ref_mOTU_v31_07699	0
k__Bacteria|p__Bacteroidetes|c__Bacteroidia|o__Bacteroidales|f__Prevotellaceae|g__Prevotella|s__Prevotella sp. CAG:891|ref_mOTU_v31_07701	0
k__Bacteria|p__Bacteroidetes|c__Bacteroidia|o__Bacteroidales|f__Prevotellaceae|g__Prevotella|s__Prevotella sp. F0091|ref_mOTU_v31_02796	0
k__Bacteria|p__Bacteroidetes|c__Bacteroidia|o__Bacteroidales|f__Prevotellaceae|g__Prevotella|s__Prevotella sp. HJM029|ref_mOTU_v31_03485	0
k__Bacteria|p__Bacteroidetes|c__Bacteroidia|o__Bacteroidales|f__Prevotellaceae|g__Prevotella|s__Prevotella sp. oral taxon 306|ref_mOTU_v31_01841	0
k__Bacteria|p__Bacteroidetes|c__Bacteroidia|o__Bacteroidales|f__Prevotellaceae|g__Prevotella|s__Prevotella species incertae sedis|ext_mOTU_v31_17634	0
k__Bacteria|p__Bacteroidetes|c__Bacteroidia|o__Bacteroidales|f__Prevotellaceae|g__Prevotella|s__Prevotella species incertae sedis|ext_mOTU_v31_17719	0
k__Bacteria|p__Bacteroidetes|c__Bacteroidia|o__Bacteroidales|f__Prevotellaceae|g__Prevotella|s__Prevotella species incertae sedis|ext_mOTU_v31_17720	0
k__Bacteria|p__Bacteroidetes|c__Bacteroidia|o__Bacteroidales|f__Prevotellaceae|g__Prevotella|s__Prevotella species incertae sedis|ext_mOTU_v31_17721	0
k__Bacteria|p__Bacteroidetes|c__Bacteroidia|o__Bacteroidales|f__Prevotellaceae|g__Prevotella|s__Prevotella species incertae sedis|ext_mOTU_v31_17723	0
k__Bacteria|p__Bacteroidetes|c__Bacteroidia|o__Bacteroidales|f__Prevotellaceae|g__Prevotella|s__Prevotella species incertae sedis|ext_mOTU_v31_17829	0
k__Bacteria|p__Bacteroidetes|c__Bacteroidia|o__Bacteroidales|f__Prevotellaceae|g__Prevotella|s__Prevotella species incertae sedis|ext_mOTU_v31_19621	0
k__Bacteria|p__Bacteroidetes|c__Bacteroidia|o__Bacteroidales|f__Prevotellaceae|g__Prevotella|s__Prevotella species incertae sedis|ext_mOTU_v31_27413	0
k__Bacteria|p__Bacteroidetes|c__Bacteroidia|o__Bacteroidales|f__Prevotellaceae|g__Prevotella|s__Prevotella species incertae sedis|ext_mOTU_v31_29344	0
k__Bacteria|p__Bacteroidetes|c__Bacteroidia|o__Bacteroidales|f__Prevotellaceae|g__Prevotella|s__Prevotella species incertae sedis|ext_mOTU_v31_29345	0
k__Bacteria|p__Bacteroidetes|c__Bacteroidia|o__Bacteroidales|f__Prevotellaceae|g__Prevotella|s__Prevotella species incertae sedis|meta_mOTU_v31_12281	0
k__Bacteria|p__Bacteroidetes|c__Bacteroidia|o__Bacteroidales|f__Prevotellaceae|g__Prevotella|s__Prevotella species incertae sedis|meta_mOTU_v31_12332	0
k__Bacteria|p__Bacteroidetes|c__Bacteroidia|o__Bacteroidales|f__Prevotellaceae|g__Prevotella|s__Prevotella species incertae sedis|meta_mOTU_v31_12427	0
k__Bacteria|p__Bacteroidetes|c__Bacteroidia|o__Bacteroidales|f__Prevotellaceae|g__Prevotella|s__Prevotella species incertae sedis|meta_mOTU_v31_12429	0
k__Bacteria|p__Bacteroidetes|c__Bacteroidia|o__Bacteroidales|f__Prevotellaceae|g__Prevotella|s__Prevotella species incertae sedis|meta_mOTU_v31_12472	0
k__Bacteria|p__Bacteroidetes|c__Bacteroidia|o__Bacteroidales|f__Prevotellaceae|g__Prevotella|s__Prevotella species incertae sedis|meta_mOTU_v31_12484	0
k__Bacteria|p__Bacteroidetes|c__Bacteroidia|o__Bacteroidales|f__Prevotellaceae|g__Prevotella|s__Prevotella species incertae sedis|meta_mOTU_v31_12507	0
k__Bacteria|p__Bacteroidetes|c__Bacteroidia|o__Bacteroidales|f__Prevotellaceae|g__Prevotella|s__Prevotella species incertae sedis|meta_mOTU_v31_12510	0
k__Bacteria|p__Bacteroidetes|c__Bacteroidia|o__Bacteroidales|f__Prevotellaceae|g__Prevotella|s__Prevotella species incertae sedis|meta_mOTU_v31_12620	0
k__Bacteria|p__Bacteroidetes|c__Bacteroidia|o__Bacteroidales|f__Prevotellaceae|g__Prevotella|s__Prevotella species incertae sedis|meta_mOTU_v31_12637	0
k__Bacteria|p__Bacteroidetes|c__Bacteroidia|o__Bacteroidales|f__Prevotellaceae|g__Prevotella|s__Prevotella species incertae sedis|meta_mOTU_v31_12765	0
k__Bacteria|p__Bacteroidetes|c__Bacteroidia|o__Bacteroidales|f__Prevotellaceae|g__Prevotella|s__Prevotella species incertae sedis|meta_mOTU_v31_12791	0
k__Bacteria|p__Bacteroidetes|c__Bacteroidia|o__Bacteroidales|f__Prevotellaceae|g__Prevotella|s__Prevotella species incertae sedis|meta_mOTU_v31_12932	0
k__Bacteria|p__Bacteroidetes|c__Bacteroidia|o__Bacteroidales|f__Prevotellaceae|g__Prevotella|s__Prevotella species incertae sedis|meta_mOTU_v31_13106	0
k__Bacteria|p__Bacteroidetes|c__Bacteroidia|o__Bacteroidales|f__Prevotellaceae|g__Prevotella|s__Prevotella species incertae sedis|meta_mOTU_v31_13190	0
k__Bacteria|p__Bacteroidetes|c__Bacteroidia|o__Bacteroidales|f__Prevotellaceae|g__Prevotella|s__Prevotella species incertae sedis|meta_mOTU_v31_13296	0
k__Bacteria|p__Bacteroidetes|c__Bacteroidia|o__Bacteroidales|f__Prevotellaceae|g__Prevotella|s__Prevotella species incertae sedis|meta_mOTU_v31_13337	0
k__Bacteria|p__Bacteroidetes|c__Bacteroidia|o__Bacteroidales|f__Prevotellaceae|g__Prevotella|s__Prevotella species incertae sedis|meta_mOTU_v31_13357	0
k__Bacteria|p__Bacteroidetes|c__Bacteroidia|o__Bacteroidales|f__Prevotellaceae|g__Prevotella|s__Prevotella species incertae sedis|meta_mOTU_v31_13692	0
k__Bacteria|p__Bacteroidetes|c__Bacteroidia|o__Bacteroidales|f__Prevotellaceae|g__Prevotella|s__Prevotella species incertae sedis|meta_mOTU_v31_14188	0
k__Bacteria|p__Bacteroidetes|c__Bacteroidia|o__Bacteroidales|f__Prevotellaceae|g__Prevotella|s__Prevotella species incertae sedis|meta_mOTU_v31_14369	0
k__Bacteria|p__Bacteroidetes|c__Bacteroidia|o__Bacteroidales|f__Prevotellaceae|g__Prevotella|s__Prevotella stercorea [Prevotella stercorea CAG:629/Prevotella stercorea]|ref_mOTU_v31_00717	0
k__Bacteria|p__Bacteroidetes|c__Bacteroidia|o__Bacteroidales|f__Prevotellaceae|g__Prevotella|s__Prevotella timonensis|ref_mOTU_v31_02401	0
k__Bacteria|p__Bacteroidetes|c__Bacteroidia|o__Bacteroidales|f__Prevotellaceae|g__Prevotella|s__Prevotella veroralis|ref_mOTU_v31_01840	0
k__Bacteria|p__Bacteroidetes|c__Bacteroidia|o__Bacteroidales|f__Prevotellaceae|g__Prevotellaceae gen. incertae sedis|s__Prevotellaceae bacterium Marseille-P2826|ref_mOTU_v31_01079	0
k__Bacteria|p__Bacteroidetes|c__Bacteroidia|o__Bacteroidales|f__Prevotellaceae|g__Prevotellaceae gen. incertae sedis|s__Prevotellaceae species incertae sedis|ext_mOTU_v31_19620	0
k__Bacteria|p__Bacteroidetes|c__Bacteroidia|o__Bacteroidales|f__Prevotellaceae|g__Prevotellaceae gen. incertae sedis|s__Prevotellaceae species incertae sedis|ext_mOTU_v31_26897	0
k__Bacteria|p__Bacteroidetes|c__Bacteroidia|o__Bacteroidales|f__Prevotellaceae|g__Prevotellaceae gen. incertae sedis|s__Prevotellaceae species incertae sedis|ext_mOTU_v31_27185	0
k__Bacteria|p__Bacteroidetes|c__Bacteroidia|o__Bacteroidales|f__Prevotellaceae|g__Prevotellaceae gen. incertae sedis|s__Prevotellaceae species incertae sedis|meta_mOTU_v31_13062	0
k__Bacteria|p__Bacteroidetes|c__Bacteroidia|o__Bacteroidales|f__Prevotellaceae|g__Prevotellaceae gen. incertae sedis|s__Prevotellaceae species incertae sedis|meta_mOTU_v31_13276	0
k__Bacteria|p__Bacteroidetes|c__Bacteroidia|o__Bacteroidales|f__Prevotellaceae|g__Prevotellamassilia|s__Prevotellamassilia timonensis [Prevotella sp. CAG:5226/Prevotellamassilia timonensis]|ref_mOTU_v31_03646	0
k__Bacteria|p__Bacteroidetes|c__Bacteroidia|o__Bacteroidales|f__Rikenellaceae|g__Alistipes|s__Alistipes ihumii|ref_mOTU_v31_07379	0
k__Bacteria|p__Bacteroidetes|c__Bacteroidia|o__Bacteroidales|f__Rikenellaceae|g__Alistipes|s__Alistipes obesi|ref_mOTU_v31_06695	0
k__Bacteria|p__Bacteroidetes|c__Bacteroidia|o__Bacteroidales|f__Rikenellaceae|g__Alistipes|s__Alistipes putredinis [Alistipes putredinis CAG:67/Alistipes putredinis]|ref_mOTU_v31_03683	0
k__Bacteria|p__Bacteroidetes|c__Bacteroidia|o__Bacteroidales|f__Rikenellaceae|g__Alistipes|s__Alistipes senegalensis|ref_mOTU_v31_01017	0
k__Bacteria|p__Bacteroidetes|c__Bacteroidia|o__Bacteroidales|f__Rikenellaceae|g__Alistipes|s__Alistipes shahii [Alistipes sp. 56_sp_Nov_56_25/Alistipes shahii]|ref_mOTU_v31_01014	0
k__Bacteria|p__Bacteroidetes|c__Bacteroidia|o__Bacteroidales|f__Rikenellaceae|g__Alistipes|s__Alistipes sp. An31A|meta_mOTU_v31_12393	0
k__Bacteria|p__Bacteroidetes|c__Bacteroidia|o__Bacteroidales|f__Rikenellaceae|g__Alistipes|s__Alistipes sp. Marseille-P2431|ref_mOTU_v31_01016	0
k__Bacteria|p__Bacteroidetes|c__Bacteroidia|o__Bacteroidales|f__Rikenellaceae|g__Alistipes|s__Alistipes sp. Zagget8|ref_mOTU_v31_01018	0
k__Bacteria|p__Bacteroidetes|c__Bacteroidia|o__Bacteroidales|f__Rikenellaceae|g__Alistipes|s__Alistipes species incertae sedis|ext_mOTU_v31_17384	0
k__Bacteria|p__Bacteroidetes|c__Bacteroidia|o__Bacteroidales|f__Rikenellaceae|g__Alistipes|s__Alistipes species incertae sedis|ext_mOTU_v31_17943	0
k__Bacteria|p__Bacteroidetes|c__Bacteroidia|o__Bacteroidales|f__Rikenellaceae|g__Alistipes|s__Alistipes species incertae sedis|ext_mOTU_v31_18248	0
k__Bacteria|p__Bacteroidetes|c__Bacteroidia|o__Bacteroidales|f__Rikenellaceae|g__Alistipes|s__Alistipes species incertae sedis|ext_mOTU_v31_26824	0
k__Bacteria|p__Bacteroidetes|c__Bacteroidia|o__Bacteroidales|f__Rikenellaceae|g__Alistipes|s__Alistipes species incertae sedis|ext_mOTU_v31_26856	0
k__Bacteria|p__Bacteroidetes|c__Bacteroidia|o__Bacteroidales|f__Rikenellaceae|g__Alistipes|s__Alistipes species incertae sedis|ext_mOTU_v31_26857	0
k__Bacteria|p__Bacteroidetes|c__Bacteroidia|o__Bacteroidales|f__Rikenellaceae|g__Alistipes|s__Alistipes species incertae sedis|ext_mOTU_v31_26879	0
k__Bacteria|p__Bacteroidetes|c__Bacteroidia|o__Bacteroidales|f__Rikenellaceae|g__Alistipes|s__Alistipes species incertae sedis|ext_mOTU_v31_26907	0
k__Bacteria|p__Bacteroidetes|c__Bacteroidia|o__Bacteroidales|f__Rikenellaceae|g__Alistipes|s__Alistipes species incertae sedis|ext_mOTU_v31_26915	0
k__Bacteria|p__Bacteroidetes|c__Bacteroidia|o__Bacteroidales|f__Rikenellaceae|g__Alistipes|s__Alistipes species incertae sedis|ext_mOTU_v31_26930	0
k__Bacteria|p__Bacteroidetes|c__Bacteroidia|o__Bacteroidales|f__Rikenellaceae|g__Alistipes|s__Alistipes species incertae sedis|ext_mOTU_v31_27008	0
k__Bacteria|p__Bacteroidetes|c__Bacteroidia|o__Bacteroidales|f__Rikenellaceae|g__Alistipes|s__Alistipes species incertae sedis|ext_mOTU_v31_27016	0
k__Bacteria|p__Bacteroidetes|c__Bacteroidia|o__Bacteroidales|f__Rikenellaceae|g__Alistipes|s__Alistipes species incertae sedis|ext_mOTU_v31_27497	0
k__Bacteria|p__Bacteroidetes|c__Bacteroidia|o__Bacteroidales|f__Rikenellaceae|g__Alistipes|s__Alistipes species incertae sedis|ext_mOTU_v31_29375	0
k__Bacteria|p__Bacteroidetes|c__Bacteroidia|o__Bacteroidales|f__Rikenellaceae|g__Alistipes|s__Alistipes species incertae sedis|ext_mOTU_v31_33930	0
k__Bacteria|p__Bacteroidetes|c__Bacteroidia|o__Bacteroidales|f__Rikenellaceae|g__Alistipes|s__Alistipes species incertae sedis|meta_mOTU_v31_12829	0
k__Bacteria|p__Bacteroidetes|c__Bacteroidia|o__Bacteroidales|f__Rikenellaceae|g__Alistipes|s__Alistipes species incertae sedis|meta_mOTU_v31_12985	0
k__Bacteria|p__Bacteroidetes|c__Bacteroidia|o__Bacteroidales|f__Rikenellaceae|g__Alistipes|s__Alistipes species incertae sedis|meta_mOTU_v31_13041	0
k__Bacteria|p__Bacteroidetes|c__Bacteroidia|o__Bacteroidales|f__Rikenellaceae|g__Alistipes|s__Alistipes species incertae sedis|meta_mOTU_v31_13154	0
k__Bacteria|p__Bacteroidetes|c__Bacteroidia|o__Bacteroidales|f__Rikenellaceae|g__Alistipes|s__Alistipes species incertae sedis|meta_mOTU_v31_14216	0
k__Bacteria|p__Bacteroidetes|c__Bacteroidia|o__Bacteroidales|f__Rikenellaceae|g__Alistipes|s__Alistipes timonensis|ref_mOTU_v31_01015	0
k__Bacteria|p__Bacteroidetes|c__Bacteroidia|o__Bacteroidales|f__Rikenellaceae|g__Rikenellaceae gen. [Tidjanibacter/Alistipes]|s__Rikenellaceae sp. [Alistipes sp. CAG:157/Alistipes inops/Alistipes sp. N15.MGS-157/Tidjanibacter massiliensis/Alistipes sp. 56_11]|ref_mOTU_v31_03593	0
k__Bacteria|p__Bacteroidetes|c__Bacteroidia|o__Bacteroidales|f__Tannerellaceae|g__Parabacteroides|s__Parabacteroides goldsteinii [Parabacteroides sp. ASF519/Parabacteroides goldsteinii]|ref_mOTU_v31_01679	0
k__Bacteria|p__Bacteroidetes|c__Bacteroidia|o__Bacteroidales|f__Tannerellaceae|g__Parabacteroides|s__Parabacteroides gordonii [Parabacteroides sp. HGS0025/Parabacteroides gordonii]|ref_mOTU_v31_01680	0
k__Bacteria|p__Bacteroidetes|c__Bacteroidia|o__Bacteroidales|f__Tannerellaceae|g__Parabacteroides|s__Parabacteroides johnsonii|ref_mOTU_v31_05400	0
k__Bacteria|p__Bacteroidetes|c__Bacteroidia|o__Bacteroidales|f__Tannerellaceae|g__Parabacteroides|s__Parabacteroides merdae [Parabacteroides sp. merdae-related_45_40/Parabacteroides merdae]|ref_mOTU_v31_05401	0
k__Bacteria|p__Bacteroidetes|c__Bacteroidia|o__Bacteroidales|f__Tannerellaceae|g__Parabacteroides|s__Parabacteroides sp. SN4|ref_mOTU_v31_05402	0
k__Bacteria|p__Bacteroidetes|c__Bacteroidia|o__Bacteroidales|f__Tannerellaceae|g__Parabacteroides|s__Parabacteroides species incertae sedis|ext_mOTU_v31_17405	0
k__Bacteria|p__Bacteroidetes|c__Bacteroidia|o__Bacteroidales|f__Tannerellaceae|g__Parabacteroides|s__Parabacteroides species incertae sedis|ext_mOTU_v31_17449	0
k__Bacteria|p__Bacteroidetes|c__Bacteroidia|o__Bacteroidales|f__Tannerellaceae|g__Parabacteroides|s__Parabacteroides species incertae sedis|ext_mOTU_v31_17730	0
k__Bacteria|p__Bacteroidetes|c__Bacteroidia|o__Bacteroidales|f__Tannerellaceae|g__Parabacteroides|s__Parabacteroides species incertae sedis|ext_mOTU_v31_17868	0
k__Bacteria|p__Bacteroidetes|c__Bacteroidia|o__Bacteroidales|f__Tannerellaceae|g__Parabacteroides|s__Parabacteroides species incertae sedis|ext_mOTU_v31_18388	0
k__Bacteria|p__Bacteroidetes|c__Bacteroidia|o__Bacteroidales|f__Tannerellaceae|g__Parabacteroides|s__Parabacteroides species incertae sedis|ext_mOTU_v31_26694	0
k__Bacteria|p__Bacteroidetes|c__Bacteroidia|o__Bacteroidales|f__Tannerellaceae|g__Parabacteroides|s__Parabacteroides species incertae sedis|ext_mOTU_v31_26815	0
k__Bacteria|p__Bacteroidetes|c__Bacteroidia|o__Bacteroidales|f__Tannerellaceae|g__Parabacteroides|s__Parabacteroides species incertae sedis|ext_mOTU_v31_26896	0
k__Bacteria|p__Bacteroidetes|c__Bacteroidia|o__Bacteroidales|f__Tannerellaceae|g__Parabacteroides|s__Parabacteroides species incertae sedis|ext_mOTU_v31_27206	0
k__Bacteria|p__Bacteroidetes|c__Bacteroidia|o__Bacteroidales|f__Tannerellaceae|g__Parabacteroides|s__Parabacteroides species incertae sedis|meta_mOTU_v31_12295	0
k__Bacteria|p__Bacteroidetes|c__Bacteroidia|o__Bacteroidales|f__Tannerellaceae|g__Parabacteroides|s__Parabacteroides timonensis|ref_mOTU_v31_01681	0
k__Bacteria|p__Bacteroidetes|c__Bacteroidia|o__Bacteroidales|f__Tannerellaceae|g__Tannerella|s__Tannerella sp. oral taxon HOT-286|meta_mOTU_v31_12392	0
k__Bacteria|p__Bacteroidetes|c__Bacteroidia|o__Bacteroidales|f__Tannerellaceae|g__Tannerella|s__Tannerella sp. oral taxon HOT-286|ref_mOTU_v31_11836	0
k__Bacteria|p__Bacteroidetes|c__Bacteroidia|o__Bacteroidia order incertae sedis|f__Bacteroidia fam. incertae sedis|g__Bacteroidia gen. incertae sedis|s__Bacteroidia species incertae sedis|meta_mOTU_v31_12632	0
k__Bacteria|p__Bacteroidetes|c__Bacteroidia|o__Bacteroidia order incertae sedis|f__Bacteroidia fam. incertae sedis|g__Bacteroidia gen. incertae sedis|s__Bacteroidia species incertae sedis|meta_mOTU_v31_13658	0
k__Bacteria|p__Bacteroidetes|c__Flavobacteriia|o__Flavobacteriales|f__Flavobacteriaceae|g__Capnocytophaga|s__Capnocytophaga granulosa [Capnocytophaga granulosa/Capnocytophaga sp. CM59]|ref_mOTU_v31_06312	0
k__Bacteria|p__Bacteroidetes|c__Flavobacteriia|o__Flavobacteriales|f__Flavobacteriaceae|g__Capnocytophaga|s__Capnocytophaga ochracea [Capnocytophaga ochracea/Capnocytophaga sp. oral taxon 323/Capnocytophaga sp. oral taxon 324/Capnocytophaga sp. oral taxon 335/Capnocytophaga sp. oral taxon 336/Capnocytophaga sp. oral taxon 380/Capnocytophaga sp. oral taxon 412]|ref_mOTU_v31_00892	0
k__Bacteria|p__Bacteroidetes|c__Flavobacteriia|o__Flavobacteriales|f__Flavobacteriaceae|g__Capnocytophaga|s__Capnocytophaga sp. oral taxon 326|ref_mOTU_v31_01073	0
k__Bacteria|p__Bacteroidetes|c__Flavobacteriia|o__Flavobacteriales|f__Flavobacteriaceae|g__Capnocytophaga|s__Capnocytophaga sp. oral taxon 329|ref_mOTU_v31_11824	0
k__Bacteria|p__Bacteroidetes|c__Flavobacteriia|o__Flavobacteriales|f__Flavobacteriaceae|g__Capnocytophaga|s__Capnocytophaga sp. oral taxon 332|ref_mOTU_v31_07147	0
k__Bacteria|p__Bacteroidetes|c__Flavobacteriia|o__Flavobacteriales|f__Flavobacteriaceae|g__Capnocytophaga|s__Capnocytophaga sp. oral taxon 863|ref_mOTU_v31_07447	0
k__Bacteria|p__Bacteroidetes|c__Flavobacteriia|o__Flavobacteriales|f__Flavobacteriaceae|g__Capnocytophaga|s__Capnocytophaga species incertae sedis|ext_mOTU_v31_19624	0
k__Bacteria|p__Bacteroidetes|c__Flavobacteriia|o__Flavobacteriales|f__Flavobacteriaceae|g__Capnocytophaga|s__Capnocytophaga species incertae sedis|ext_mOTU_v31_19625	0
k__Bacteria|p__Bacteroidetes|c__Flavobacteriia|o__Flavobacteriales|f__Flavobacteriaceae|g__Capnocytophaga|s__Capnocytophaga species incertae sedis|ext_mOTU_v31_19627	0
k__Bacteria|p__Bacteroidetes|c__Flavobacteriia|o__Flavobacteriales|f__Flavobacteriaceae|g__Capnocytophaga|s__Capnocytophaga species incertae sedis|ext_mOTU_v31_19629	0
k__Bacteria|p__Bacteroidetes|c__Flavobacteriia|o__Flavobacteriales|f__Flavobacteriaceae|g__Capnocytophaga|s__Capnocytophaga species incertae sedis|ext_mOTU_v31_29369	0
k__Bacteria|p__Bacteroidetes|c__Flavobacteriia|o__Flavobacteriales|f__Flavobacteriaceae|g__Capnocytophaga|s__Capnocytophaga species incertae sedis|meta_mOTU_v31_12593	0
k__Bacteria|p__Bacteroidetes|c__Flavobacteriia|o__Flavobacteriales|f__Flavobacteriaceae|g__Capnocytophaga|s__Capnocytophaga sputigena|ref_mOTU_v31_01074	0
k__Bacteria|p__Bacteroidetes|c__Flavobacteriia|o__Flavobacteriales|f__Flavobacteriaceae|g__Elizabethkingia|s__Elizabethkingia sp. [Elizabethkingia anophelis/Elizabethkingia miricola/Elizabethkingia bruuniana/Elizabethkingia ursingii/Elizabethkingia occulta/Elizabethkingia sp. HvH-WGS333]|ref_mOTU_v31_02037	0
k__Bacteria|p__Bacteroidetes|c__Flavobacteriia|o__Flavobacteriales|f__Flavobacteriaceae|g__Flavobacteriaceae gen. incertae sedis|s__Flavobacteriaceae species incertae sedis|ext_mOTU_v31_17495	0
k__Bacteria|p__Bacteroidetes|c__Flavobacteriia|o__Flavobacteriales|f__Flavobacteriaceae|g__Flavobacteriaceae gen. incertae sedis|s__Flavobacteriaceae species incertae sedis|ext_mOTU_v31_19630	0
k__Bacteria|p__Bacteroidetes|c__Flavobacteriia|o__Flavobacteriia order incertae sedis|f__Flavobacteriia fam. incertae sedis|g__Flavobacteriia gen. incertae sedis|s__Flavobacteriia species incertae sedis|meta_mOTU_v31_14202	0
k__Bacteria|p__Candidatus Saccharibacteria|c__Candidatus Saccharibacteria class incertae sedis|o__Candidatus Saccharibacteria order incertae sedis|f__Candidatus Saccharibacteria fam. incertae sedis|g__Candidatus Saccharibacteria gen. incertae sedis|s__Candidatus Saccharibacteria oral taxon TM7x|ref_mOTU_v31_08390	0
k__Bacteria|p__Candidatus Saccharibacteria|c__Candidatus Saccharibacteria class incertae sedis|o__Candidatus Saccharibacteria order incertae sedis|f__Candidatus Saccharibacteria fam. incertae sedis|g__Candidatus Saccharibacteria gen. incertae sedis|s__Candidatus Saccharibacteria species incertae sedis|ext_mOTU_v31_17848	0
k__Bacteria|p__Candidatus Saccharibacteria|c__Candidatus Saccharibacteria class incertae sedis|o__Candidatus Saccharibacteria order incertae sedis|f__Candidatus Saccharibacteria fam. incertae sedis|g__Candidatus Saccharibacteria gen. incertae sedis|s__Candidatus Saccharibacteria species incertae sedis|ext_mOTU_v31_17849	0
k__Bacteria|p__Candidatus Saccharibacteria|c__Candidatus Saccharibacteria class incertae sedis|o__Candidatus Saccharibacteria order incertae sedis|f__Candidatus Saccharibacteria fam. incertae sedis|g__Candidatus Saccharibacteria gen. incertae sedis|s__Candidatus Saccharibacteria species incertae sedis|ext_mOTU_v31_17850	0
k__Bacteria|p__Candidatus Saccharibacteria|c__Candidatus Saccharibacteria class incertae sedis|o__Candidatus Saccharibacteria order incertae sedis|f__Candidatus Saccharibacteria fam. incertae sedis|g__Candidatus Saccharibacteria gen. incertae sedis|s__Candidatus Saccharibacteria species incertae sedis|ext_mOTU_v31_17851	0
k__Bacteria|p__Candidatus Saccharibacteria|c__Candidatus Saccharibacteria class incertae sedis|o__Candidatus Saccharibacteria order incertae sedis|f__Candidatus Saccharibacteria fam. incertae sedis|g__Candidatus Saccharibacteria gen. incertae sedis|s__Candidatus Saccharibacteria species incertae sedis|ext_mOTU_v31_17852	0
k__Bacteria|p__Candidatus Saccharibacteria|c__Candidatus Saccharibacteria class incertae sedis|o__Candidatus Saccharibacteria order incertae sedis|f__Candidatus Saccharibacteria fam. incertae sedis|g__Candidatus Saccharibacteria gen. incertae sedis|s__Candidatus Saccharibacteria species incertae sedis|ext_mOTU_v31_17853	0
k__Bacteria|p__Candidatus Saccharibacteria|c__Candidatus Saccharibacteria class incertae sedis|o__Candidatus Saccharibacteria order incertae sedis|f__Candidatus Saccharibacteria fam. incertae sedis|g__Candidatus Saccharibacteria gen. incertae sedis|s__Candidatus Saccharibacteria species incertae sedis|ext_mOTU_v31_17854	0
k__Bacteria|p__Candidatus Saccharibacteria|c__Candidatus Saccharibacteria class incertae sedis|o__Candidatus Saccharibacteria order incertae sedis|f__Candidatus Saccharibacteria fam. incertae sedis|g__Candidatus Saccharibacteria gen. incertae sedis|s__Candidatus Saccharibacteria species incertae sedis|ext_mOTU_v31_17855	0
k__Bacteria|p__Candidatus Saccharibacteria|c__Candidatus Saccharibacteria class incertae sedis|o__Candidatus Saccharibacteria order incertae sedis|f__Candidatus Saccharibacteria fam. incertae sedis|g__Candidatus Saccharibacteria gen. incertae sedis|s__Candidatus Saccharibacteria species incertae sedis|ext_mOTU_v31_17856	0
k__Bacteria|p__Candidatus Saccharibacteria|c__Candidatus Saccharibacteria class incertae sedis|o__Candidatus Saccharibacteria order incertae sedis|f__Candidatus Saccharibacteria fam. incertae sedis|g__Candidatus Saccharibacteria gen. incertae sedis|s__Candidatus Saccharibacteria species incertae sedis|ext_mOTU_v31_17857	0
k__Bacteria|p__Candidatus Saccharibacteria|c__Candidatus Saccharibacteria class incertae sedis|o__Candidatus Saccharibacteria order incertae sedis|f__Candidatus Saccharibacteria fam. incertae sedis|g__Candidatus Saccharibacteria gen. incertae sedis|s__Candidatus Saccharibacteria species incertae sedis|ext_mOTU_v31_17858	0
k__Bacteria|p__Candidatus Saccharibacteria|c__Candidatus Saccharibacteria class incertae sedis|o__Candidatus Saccharibacteria order incertae sedis|f__Candidatus Saccharibacteria fam. incertae sedis|g__Candidatus Saccharibacteria gen. incertae sedis|s__Candidatus Saccharibacteria species incertae sedis|ext_mOTU_v31_19679	0
k__Bacteria|p__Candidatus Saccharibacteria|c__Candidatus Saccharibacteria class incertae sedis|o__Candidatus Saccharibacteria order incertae sedis|f__Candidatus Saccharibacteria fam. incertae sedis|g__Candidatus Saccharibacteria gen. incertae sedis|s__Candidatus Saccharibacteria species incertae sedis|ext_mOTU_v31_19680	0
k__Bacteria|p__Candidatus Saccharibacteria|c__Candidatus Saccharibacteria class incertae sedis|o__Candidatus Saccharibacteria order incertae sedis|f__Candidatus Saccharibacteria fam. incertae sedis|g__Candidatus Saccharibacteria gen. incertae sedis|s__Candidatus Saccharibacteria species incertae sedis|ext_mOTU_v31_19681	0
k__Bacteria|p__Candidatus Saccharibacteria|c__Candidatus Saccharibacteria class incertae sedis|o__Candidatus Saccharibacteria order incertae sedis|f__Candidatus Saccharibacteria fam. incertae sedis|g__Candidatus Saccharibacteria gen. incertae sedis|s__Candidatus Saccharibacteria species incertae sedis|ext_mOTU_v31_19682	0
k__Bacteria|p__Candidatus Saccharibacteria|c__Candidatus Saccharibacteria class incertae sedis|o__Candidatus Saccharibacteria order incertae sedis|f__Candidatus Saccharibacteria fam. incertae sedis|g__Candidatus Saccharibacteria gen. incertae sedis|s__Candidatus Saccharibacteria species incertae sedis|ext_mOTU_v31_19683	0
k__Bacteria|p__Candidatus Saccharibacteria|c__Candidatus Saccharibacteria class incertae sedis|o__Candidatus Saccharibacteria order incertae sedis|f__Candidatus Saccharibacteria fam. incertae sedis|g__Candidatus Saccharibacteria gen. incertae sedis|s__Candidatus Saccharibacteria species incertae sedis|ext_mOTU_v31_19684	0
k__Bacteria|p__Candidatus Saccharibacteria|c__Candidatus Saccharibacteria class incertae sedis|o__Candidatus Saccharibacteria order incertae sedis|f__Candidatus Saccharibacteria fam. incertae sedis|g__Candidatus Saccharibacteria gen. incertae sedis|s__Candidatus Saccharibacteria species incertae sedis|ext_mOTU_v31_19685	0
k__Bacteria|p__Candidatus Saccharibacteria|c__Candidatus Saccharibacteria class incertae sedis|o__Candidatus Saccharibacteria order incertae sedis|f__Candidatus Saccharibacteria fam. incertae sedis|g__Candidatus Saccharibacteria gen. incertae sedis|s__Candidatus Saccharibacteria species incertae sedis|ext_mOTU_v31_19686	0
k__Bacteria|p__Candidatus Saccharibacteria|c__Candidatus Saccharibacteria class incertae sedis|o__Candidatus Saccharibacteria order incertae sedis|f__Candidatus Saccharibacteria fam. incertae sedis|g__Candidatus Saccharibacteria gen. incertae sedis|s__Candidatus Saccharibacteria species incertae sedis|ext_mOTU_v31_19687	0
k__Bacteria|p__Candidatus Saccharibacteria|c__Candidatus Saccharibacteria class incertae sedis|o__Candidatus Saccharibacteria order incertae sedis|f__Candidatus Saccharibacteria fam. incertae sedis|g__Candidatus Saccharibacteria gen. incertae sedis|s__Candidatus Saccharibacteria species incertae sedis|ext_mOTU_v31_19688	0
k__Bacteria|p__Candidatus Saccharibacteria|c__Candidatus Saccharibacteria class incertae sedis|o__Candidatus Saccharibacteria order incertae sedis|f__Candidatus Saccharibacteria fam. incertae sedis|g__Candidatus Saccharibacteria gen. incertae sedis|s__Candidatus Saccharibacteria species incertae sedis|ext_mOTU_v31_19689	0
k__Bacteria|p__Candidatus Saccharibacteria|c__Candidatus Saccharibacteria class incertae sedis|o__Candidatus Saccharibacteria order incertae sedis|f__Candidatus Saccharibacteria fam. incertae sedis|g__Candidatus Saccharibacteria gen. incertae sedis|s__Candidatus Saccharibacteria species incertae sedis|ext_mOTU_v31_19690	0
k__Bacteria|p__Candidatus Saccharibacteria|c__Candidatus Saccharibacteria class incertae sedis|o__Candidatus Saccharibacteria order incertae sedis|f__Candidatus Saccharibacteria fam. incertae sedis|g__Candidatus Saccharibacteria gen. incertae sedis|s__Candidatus Saccharibacteria species incertae sedis|ext_mOTU_v31_19691	0
k__Bacteria|p__Candidatus Saccharibacteria|c__Candidatus Saccharibacteria class incertae sedis|o__Candidatus Saccharibacteria order incertae sedis|f__Candidatus Saccharibacteria fam. incertae sedis|g__Candidatus Saccharibacteria gen. incertae sedis|s__Candidatus Saccharibacteria species incertae sedis|ext_mOTU_v31_19692	0
k__Bacteria|p__Candidatus Saccharibacteria|c__Candidatus Saccharibacteria class incertae sedis|o__Candidatus Saccharibacteria order incertae sedis|f__Candidatus Saccharibacteria fam. incertae sedis|g__Candidatus Saccharibacteria gen. incertae sedis|s__Candidatus Saccharibacteria species incertae sedis|ext_mOTU_v31_19693	0
k__Bacteria|p__Candidatus Saccharibacteria|c__Candidatus Saccharibacteria class incertae sedis|o__Candidatus Saccharibacteria order incertae sedis|f__Candidatus Saccharibacteria fam. incertae sedis|g__Candidatus Saccharibacteria gen. incertae sedis|s__Candidatus Saccharibacteria species incertae sedis|ext_mOTU_v31_19694	0
k__Bacteria|p__Candidatus Saccharibacteria|c__Candidatus Saccharibacteria class incertae sedis|o__Candidatus Saccharibacteria order incertae sedis|f__Candidatus Saccharibacteria fam. incertae sedis|g__Candidatus Saccharibacteria gen. incertae sedis|s__Candidatus Saccharibacteria species incertae sedis|ext_mOTU_v31_19695	0
k__Bacteria|p__Candidatus Saccharibacteria|c__Candidatus Saccharibacteria class incertae sedis|o__Candidatus Saccharibacteria order incertae sedis|f__Candidatus Saccharibacteria fam. incertae sedis|g__Candidatus Saccharibacteria gen. incertae sedis|s__Candidatus Saccharibacteria species incertae sedis|ext_mOTU_v31_19696	0
k__Bacteria|p__Candidatus Saccharibacteria|c__Candidatus Saccharibacteria class incertae sedis|o__Candidatus Saccharibacteria order incertae sedis|f__Candidatus Saccharibacteria fam. incertae sedis|g__Candidatus Saccharibacteria gen. incertae sedis|s__Candidatus Saccharibacteria species incertae sedis|ext_mOTU_v31_19697	0
k__Bacteria|p__Candidatus Saccharibacteria|c__Candidatus Saccharibacteria class incertae sedis|o__Candidatus Saccharibacteria order incertae sedis|f__Candidatus Saccharibacteria fam. incertae sedis|g__Candidatus Saccharibacteria gen. incertae sedis|s__Candidatus Saccharibacteria species incertae sedis|ext_mOTU_v31_19698	0
k__Bacteria|p__Candidatus Saccharibacteria|c__Candidatus Saccharibacteria class incertae sedis|o__Candidatus Saccharibacteria order incertae sedis|f__Candidatus Saccharibacteria fam. incertae sedis|g__Candidatus Saccharibacteria gen. incertae sedis|s__Candidatus Saccharibacteria species incertae sedis|ext_mOTU_v31_19699	0
k__Bacteria|p__Candidatus Saccharibacteria|c__Candidatus Saccharibacteria class incertae sedis|o__Candidatus Saccharibacteria order incertae sedis|f__Candidatus Saccharibacteria fam. incertae sedis|g__Candidatus Saccharibacteria gen. incertae sedis|s__Candidatus Saccharibacteria species incertae sedis|ext_mOTU_v31_19700	0
k__Bacteria|p__Candidatus Saccharibacteria|c__Candidatus Saccharibacteria class incertae sedis|o__Candidatus Saccharibacteria order incertae sedis|f__Candidatus Saccharibacteria fam. incertae sedis|g__Candidatus Saccharibacteria gen. incertae sedis|s__Candidatus Saccharibacteria species incertae sedis|ext_mOTU_v31_19701	0
k__Bacteria|p__Candidatus Saccharibacteria|c__Candidatus Saccharibacteria class incertae sedis|o__Candidatus Saccharibacteria order incertae sedis|f__Candidatus Saccharibacteria fam. incertae sedis|g__Candidatus Saccharibacteria gen. incertae sedis|s__Candidatus Saccharibacteria species incertae sedis|ext_mOTU_v31_19702	0
k__Bacteria|p__Candidatus Saccharibacteria|c__Candidatus Saccharibacteria class incertae sedis|o__Candidatus Saccharibacteria order incertae sedis|f__Candidatus Saccharibacteria fam. incertae sedis|g__Candidatus Saccharibacteria gen. incertae sedis|s__Candidatus Saccharibacteria species incertae sedis|ext_mOTU_v31_19703	0
k__Bacteria|p__Candidatus Saccharibacteria|c__Candidatus Saccharibacteria class incertae sedis|o__Candidatus Saccharibacteria order incertae sedis|f__Candidatus Saccharibacteria fam. incertae sedis|g__Candidatus Saccharibacteria gen. incertae sedis|s__Candidatus Saccharibacteria species incertae sedis|ext_mOTU_v31_19704	0
k__Bacteria|p__Candidatus Saccharibacteria|c__Candidatus Saccharibacteria class incertae sedis|o__Candidatus Saccharibacteria order incertae sedis|f__Candidatus Saccharibacteria fam. incertae sedis|g__Candidatus Saccharibacteria gen. incertae sedis|s__Candidatus Saccharibacteria species incertae sedis|ext_mOTU_v31_19705	0
k__Bacteria|p__Candidatus Saccharibacteria|c__Candidatus Saccharibacteria class incertae sedis|o__Candidatus Saccharibacteria order incertae sedis|f__Candidatus Saccharibacteria fam. incertae sedis|g__Candidatus Saccharibacteria gen. incertae sedis|s__Candidatus Saccharibacteria species incertae sedis|ext_mOTU_v31_19706	0
k__Bacteria|p__Candidatus Saccharibacteria|c__Candidatus Saccharibacteria class incertae sedis|o__Candidatus Saccharibacteria order incertae sedis|f__Candidatus Saccharibacteria fam. incertae sedis|g__Candidatus Saccharibacteria gen. incertae sedis|s__Candidatus Saccharibacteria species incertae sedis|ext_mOTU_v31_19711	0
k__Bacteria|p__Candidatus Saccharibacteria|c__Candidatus Saccharibacteria class incertae sedis|o__Candidatus Saccharibacteria order incertae sedis|f__Candidatus Saccharibacteria fam. incertae sedis|g__Candidatus Saccharibacteria gen. incertae sedis|s__Candidatus Saccharibacteria species incertae sedis|ext_mOTU_v31_19712	0
k__Bacteria|p__Candidatus Saccharibacteria|c__Candidatus Saccharibacteria class incertae sedis|o__Candidatus Saccharibacteria order incertae sedis|f__Candidatus Saccharibacteria fam. incertae sedis|g__Candidatus Saccharibacteria gen. incertae sedis|s__Candidatus Saccharibacteria species incertae sedis|ext_mOTU_v31_19713	0
k__Bacteria|p__Candidatus Saccharibacteria|c__Candidatus Saccharibacteria class incertae sedis|o__Candidatus Saccharibacteria order incertae sedis|f__Candidatus Saccharibacteria fam. incertae sedis|g__Candidatus Saccharibacteria gen. incertae sedis|s__Candidatus Saccharibacteria species incertae sedis|ext_mOTU_v31_19714	0
k__Bacteria|p__Candidatus Saccharibacteria|c__Candidatus Saccharibacteria class incertae sedis|o__Candidatus Saccharibacteria order incertae sedis|f__Candidatus Saccharibacteria fam. incertae sedis|g__Candidatus Saccharibacteria gen. incertae sedis|s__Candidatus Saccharibacteria species incertae sedis|ext_mOTU_v31_19721	0
k__Bacteria|p__Candidatus Saccharibacteria|c__Candidatus Saccharibacteria class incertae sedis|o__Candidatus Saccharibacteria order incertae sedis|f__Candidatus Saccharibacteria fam. incertae sedis|g__Candidatus Saccharibacteria gen. incertae sedis|s__Candidatus Saccharibacteria species incertae sedis|ext_mOTU_v31_19730	0
k__Bacteria|p__Candidatus Saccharibacteria|c__Candidatus Saccharibacteria class incertae sedis|o__Candidatus Saccharibacteria order incertae sedis|f__Candidatus Saccharibacteria fam. incertae sedis|g__Candidatus Saccharibacteria gen. incertae sedis|s__Candidatus Saccharibacteria species incertae sedis|ext_mOTU_v31_19732	0
k__Bacteria|p__Candidatus Saccharibacteria|c__Candidatus Saccharibacteria class incertae sedis|o__Candidatus Saccharibacteria order incertae sedis|f__Candidatus Saccharibacteria fam. incertae sedis|g__Candidatus Saccharibacteria gen. incertae sedis|s__Candidatus Saccharibacteria species incertae sedis|ext_mOTU_v31_19740	0
k__Bacteria|p__Candidatus Saccharibacteria|c__Candidatus Saccharibacteria class incertae sedis|o__Candidatus Saccharibacteria order incertae sedis|f__Candidatus Saccharibacteria fam. incertae sedis|g__Candidatus Saccharibacteria gen. incertae sedis|s__Candidatus Saccharibacteria species incertae sedis|ext_mOTU_v31_19742	0
k__Bacteria|p__Candidatus Saccharibacteria|c__Candidatus Saccharibacteria class incertae sedis|o__Candidatus Saccharibacteria order incertae sedis|f__Candidatus Saccharibacteria fam. incertae sedis|g__Candidatus Saccharibacteria gen. incertae sedis|s__Candidatus Saccharibacteria species incertae sedis|ext_mOTU_v31_19743	0
k__Bacteria|p__Candidatus Saccharibacteria|c__Candidatus Saccharibacteria class incertae sedis|o__Candidatus Saccharibacteria order incertae sedis|f__Candidatus Saccharibacteria fam. incertae sedis|g__Candidatus Saccharibacteria gen. incertae sedis|s__Candidatus Saccharibacteria species incertae sedis|ext_mOTU_v31_26926	0
k__Bacteria|p__Candidatus Saccharibacteria|c__Candidatus Saccharibacteria class incertae sedis|o__Candidatus Saccharibacteria order incertae sedis|f__Candidatus Saccharibacteria fam. incertae sedis|g__Candidatus Saccharibacteria gen. incertae sedis|s__Candidatus Saccharibacteria species incertae sedis|ext_mOTU_v31_27189	0
k__Bacteria|p__Candidatus Saccharibacteria|c__Candidatus Saccharibacteria class incertae sedis|o__Candidatus Saccharibacteria order incertae sedis|f__Candidatus Saccharibacteria fam. incertae sedis|g__Candidatus Saccharibacteria gen. incertae sedis|s__Candidatus Saccharibacteria species incertae sedis|ext_mOTU_v31_28201	0
k__Bacteria|p__Candidatus Saccharibacteria|c__Candidatus Saccharibacteria class incertae sedis|o__Candidatus Saccharibacteria order incertae sedis|f__Candidatus Saccharibacteria fam. incertae sedis|g__Candidatus Saccharibacteria gen. incertae sedis|s__Candidatus Saccharibacteria species incertae sedis|ext_mOTU_v31_29497	0
k__Bacteria|p__Candidatus Saccharibacteria|c__Candidatus Saccharibacteria class incertae sedis|o__Candidatus Saccharibacteria order incertae sedis|f__Candidatus Saccharibacteria fam. incertae sedis|g__Candidatus Saccharibacteria gen. incertae sedis|s__Candidatus Saccharibacteria species incertae sedis|ext_mOTU_v31_29500	0
k__Bacteria|p__Candidatus Saccharibacteria|c__Candidatus Saccharibacteria class incertae sedis|o__Candidatus Saccharibacteria order incertae sedis|f__Candidatus Saccharibacteria fam. incertae sedis|g__Candidatus Saccharibacteria gen. incertae sedis|s__Candidatus Saccharibacteria species incertae sedis|ext_mOTU_v31_29502	0
k__Bacteria|p__Candidatus Saccharibacteria|c__Candidatus Saccharibacteria class incertae sedis|o__Candidatus Saccharibacteria order incertae sedis|f__Candidatus Saccharibacteria fam. incertae sedis|g__Candidatus Saccharibacteria gen. incertae sedis|s__Candidatus Saccharibacteria species incertae sedis|ext_mOTU_v31_29508	0
k__Bacteria|p__Candidatus Saccharibacteria|c__Candidatus Saccharibacteria class incertae sedis|o__Candidatus Saccharibacteria order incertae sedis|f__Candidatus Saccharibacteria fam. incertae sedis|g__Candidatus Saccharibacteria gen. incertae sedis|s__Candidatus Saccharibacteria species incertae sedis|ext_mOTU_v31_29519	0
k__Bacteria|p__Candidatus Saccharibacteria|c__Candidatus Saccharibacteria class incertae sedis|o__Candidatus Saccharibacteria order incertae sedis|f__Candidatus Saccharibacteria fam. incertae sedis|g__Candidatus Saccharibacteria gen. incertae sedis|s__Candidatus Saccharibacteria species incertae sedis|ext_mOTU_v31_29523	0
k__Bacteria|p__Candidatus Saccharibacteria|c__Candidatus Saccharibacteria class incertae sedis|o__Candidatus Saccharibacteria order incertae sedis|f__Candidatus Saccharibacteria fam. incertae sedis|g__Candidatus Saccharibacteria gen. incertae sedis|s__Candidatus Saccharibacteria species incertae sedis|ext_mOTU_v31_29528	0
k__Bacteria|p__Candidatus Saccharibacteria|c__Candidatus Saccharibacteria class incertae sedis|o__Candidatus Saccharibacteria order incertae sedis|f__Candidatus Saccharibacteria fam. incertae sedis|g__Candidatus Saccharibacteria gen. incertae sedis|s__Candidatus Saccharibacteria species incertae sedis|ext_mOTU_v31_29539	0
k__Bacteria|p__Candidatus Saccharibacteria|c__Candidatus Saccharibacteria class incertae sedis|o__Candidatus Saccharibacteria order incertae sedis|f__Candidatus Saccharibacteria fam. incertae sedis|g__Candidatus Saccharibacteria gen. incertae sedis|s__Candidatus Saccharibacteria species incertae sedis|ext_mOTU_v31_29540	0
k__Bacteria|p__Candidatus Saccharibacteria|c__Candidatus Saccharibacteria class incertae sedis|o__Candidatus Saccharibacteria order incertae sedis|f__Candidatus Saccharibacteria fam. incertae sedis|g__Candidatus Saccharibacteria gen. incertae sedis|s__Candidatus Saccharibacteria species incertae sedis|ext_mOTU_v31_29541	0
k__Bacteria|p__Candidatus Saccharibacteria|c__Candidatus Saccharibacteria class incertae sedis|o__Candidatus Saccharibacteria order incertae sedis|f__Candidatus Saccharibacteria fam. incertae sedis|g__Candidatus Saccharibacteria gen. incertae sedis|s__Candidatus Saccharibacteria species incertae sedis|ext_mOTU_v31_29542	0
k__Bacteria|p__Candidatus Saccharibacteria|c__Candidatus Saccharibacteria class incertae sedis|o__Candidatus Saccharibacteria order incertae sedis|f__Candidatus Saccharibacteria fam. incertae sedis|g__Candidatus Saccharibacteria gen. incertae sedis|s__Candidatus Saccharibacteria species incertae sedis|ext_mOTU_v31_29544	0
k__Bacteria|p__Candidatus Saccharibacteria|c__Candidatus Saccharibacteria class incertae sedis|o__Candidatus Saccharibacteria order incertae sedis|f__Candidatus Saccharibacteria fam. incertae sedis|g__Candidatus Saccharibacteria gen. incertae sedis|s__Candidatus Saccharibacteria species incertae sedis|ext_mOTU_v31_29551	0
k__Bacteria|p__Candidatus Saccharibacteria|c__Candidatus Saccharibacteria class incertae sedis|o__Candidatus Saccharibacteria order incertae sedis|f__Candidatus Saccharibacteria fam. incertae sedis|g__Candidatus Saccharibacteria gen. incertae sedis|s__Candidatus Saccharibacteria species incertae sedis|ext_mOTU_v31_29552	0
k__Bacteria|p__Candidatus Saccharibacteria|c__Candidatus Saccharibacteria class incertae sedis|o__Candidatus Saccharibacteria order incertae sedis|f__Candidatus Saccharibacteria fam. incertae sedis|g__Candidatus Saccharibacteria gen. incertae sedis|s__Candidatus Saccharibacteria species incertae sedis|ext_mOTU_v31_29553	0
k__Bacteria|p__Candidatus Saccharibacteria|c__Candidatus Saccharibacteria class incertae sedis|o__Candidatus Saccharibacteria order incertae sedis|f__Candidatus Saccharibacteria fam. incertae sedis|g__Candidatus Saccharibacteria gen. incertae sedis|s__Candidatus Saccharibacteria species incertae sedis|ext_mOTU_v31_29556	0
k__Bacteria|p__Candidatus Saccharibacteria|c__Candidatus Saccharibacteria class incertae sedis|o__Candidatus Saccharibacteria order incertae sedis|f__Candidatus Saccharibacteria fam. incertae sedis|g__Candidatus Saccharibacteria gen. incertae sedis|s__Candidatus Saccharibacteria species incertae sedis|ext_mOTU_v31_29559	0
k__Bacteria|p__Candidatus Saccharibacteria|c__Candidatus Saccharibacteria class incertae sedis|o__Candidatus Saccharibacteria order incertae sedis|f__Candidatus Saccharibacteria fam. incertae sedis|g__Candidatus Saccharibacteria gen. incertae sedis|s__Candidatus Saccharibacteria species incertae sedis|ext_mOTU_v31_29560	0
k__Bacteria|p__Candidatus Saccharibacteria|c__Candidatus Saccharibacteria class incertae sedis|o__Candidatus Saccharibacteria order incertae sedis|f__Candidatus Saccharibacteria fam. incertae sedis|g__Candidatus Saccharibacteria gen. incertae sedis|s__Candidatus Saccharibacteria species incertae sedis|ext_mOTU_v31_29562	0
k__Bacteria|p__Candidatus Saccharibacteria|c__Candidatus Saccharibacteria class incertae sedis|o__Candidatus Saccharibacteria order incertae sedis|f__Candidatus Saccharibacteria fam. incertae sedis|g__Candidatus Saccharibacteria gen. incertae sedis|s__Candidatus Saccharibacteria species incertae sedis|ext_mOTU_v31_29568	0
k__Bacteria|p__Candidatus Saccharibacteria|c__Candidatus Saccharibacteria class incertae sedis|o__Candidatus Saccharibacteria order incertae sedis|f__Candidatus Saccharibacteria fam. incertae sedis|g__Candidatus Saccharibacteria gen. incertae sedis|s__Candidatus Saccharibacteria species incertae sedis|ext_mOTU_v31_29570	0
k__Bacteria|p__Candidatus Saccharibacteria|c__Candidatus Saccharibacteria class incertae sedis|o__Candidatus Saccharibacteria order incertae sedis|f__Candidatus Saccharibacteria fam. incertae sedis|g__Candidatus Saccharibacteria gen. incertae sedis|s__Candidatus Saccharibacteria species incertae sedis|ext_mOTU_v31_29575	0
k__Bacteria|p__Candidatus Saccharibacteria|c__Candidatus Saccharibacteria class incertae sedis|o__Candidatus Saccharibacteria order incertae sedis|f__Candidatus Saccharibacteria fam. incertae sedis|g__Candidatus Saccharibacteria gen. incertae sedis|s__Candidatus Saccharibacteria species incertae sedis|ext_mOTU_v31_29576	0
k__Bacteria|p__Candidatus Saccharibacteria|c__Candidatus Saccharibacteria class incertae sedis|o__Candidatus Saccharibacteria order incertae sedis|f__Candidatus Saccharibacteria fam. incertae sedis|g__Candidatus Saccharibacteria gen. incertae sedis|s__Candidatus Saccharibacteria species incertae sedis|ext_mOTU_v31_29581	0
k__Bacteria|p__Candidatus Saccharibacteria|c__Candidatus Saccharibacteria class incertae sedis|o__Candidatus Saccharibacteria order incertae sedis|f__Candidatus Saccharibacteria fam. incertae sedis|g__Candidatus Saccharibacteria gen. incertae sedis|s__Candidatus Saccharibacteria species incertae sedis|ext_mOTU_v31_29594	0
k__Bacteria|p__Candidatus Saccharibacteria|c__Candidatus Saccharibacteria class incertae sedis|o__Candidatus Saccharibacteria order incertae sedis|f__Candidatus Saccharibacteria fam. incertae sedis|g__Candidatus Saccharibacteria gen. incertae sedis|s__Candidatus Saccharibacteria species incertae sedis|ext_mOTU_v31_29596	0
k__Bacteria|p__Candidatus Saccharibacteria|c__Candidatus Saccharibacteria class incertae sedis|o__Candidatus Saccharibacteria order incertae sedis|f__Candidatus Saccharibacteria fam. incertae sedis|g__Candidatus Saccharibacteria gen. incertae sedis|s__Candidatus Saccharibacteria species incertae sedis|ext_mOTU_v31_29599	0
k__Bacteria|p__Candidatus Saccharibacteria|c__Candidatus Saccharibacteria class incertae sedis|o__Candidatus Saccharibacteria order incertae sedis|f__Candidatus Saccharibacteria fam. incertae sedis|g__Candidatus Saccharibacteria gen. incertae sedis|s__Candidatus Saccharibacteria species incertae sedis|ext_mOTU_v31_29601	0
k__Bacteria|p__Candidatus Saccharibacteria|c__Candidatus Saccharibacteria class incertae sedis|o__Candidatus Saccharibacteria order incertae sedis|f__Candidatus Saccharibacteria fam. incertae sedis|g__Candidatus Saccharibacteria gen. incertae sedis|s__Candidatus Saccharibacteria species incertae sedis|ext_mOTU_v31_29613	0
k__Bacteria|p__Candidatus Saccharibacteria|c__Candidatus Saccharibacteria class incertae sedis|o__Candidatus Saccharibacteria order incertae sedis|f__Candidatus Saccharibacteria fam. incertae sedis|g__Candidatus Saccharibacteria gen. incertae sedis|s__Candidatus Saccharibacteria species incertae sedis|ext_mOTU_v31_29614	0
k__Bacteria|p__Chloroflexi|c__Anaerolineae|o__Anaerolineales|f__Anaerolineaceae|g__Anaerolineaceae gen. incertae sedis|s__Anaerolineaceae sp. [Anaerolineaceae bacterium oral taxon 439/Chloroflexi bacterium oral taxon 439]|ref_mOTU_v31_04031	0
k__Bacteria|p__Chloroflexi|c__Dehalococcoidia|o__Dehalococcoidales|f__Dehalococcoidales fam. incertae sedis|g__Dehalococcoidales gen. incertae sedis|s__Dehalococcoidales species incertae sedis|meta_mOTU_v31_12232	0
k__Bacteria|p__Chloroflexi|c__Dehalococcoidia|o__Dehalococcoidales|f__Dehalococcoidales fam. incertae sedis|g__Dehalococcoidales gen. incertae sedis|s__Dehalococcoidales species incertae sedis|meta_mOTU_v31_12246	0
k__Bacteria|p__Chloroflexi|c__Dehalococcoidia|o__Dehalococcoidales|f__Dehalococcoidales fam. incertae sedis|g__Dehalococcoidales gen. incertae sedis|s__Dehalococcoidales species incertae sedis|meta_mOTU_v31_12257	0
k__Bacteria|p__Chloroflexi|c__Dehalococcoidia|o__Dehalococcoidales|f__Dehalococcoidales fam. incertae sedis|g__Dehalococcoidales gen. incertae sedis|s__Dehalococcoidales species incertae sedis|meta_mOTU_v31_12342	0
k__Bacteria|p__Firmicutes|c__Bacilli|o__Bacillales|f__Bacillaceae|g__Bacillus|s__ Bacillus sp. [Bacillus albus/Bacillus anthracis/Bacillus bombysepticus/Bacillus cereus/Bacillus luti/Bacillus mobilis/Bacillus mycoides/Bacillus nitratireducens/Bacillus pacificus/Bacillus paramycoides/Bacillus paranthracis/Bacillus proteolyticus/Bacillus sp. 112mf/Bacillus sp. 4048/Bacillus sp. 5mfcol3.1/Bacillus sp. 7_6_55CFAA_CT2/Bacillus sp. ABP14/Bacillus sp. B25(2016b)/Bacillus sp. bc15/Bacillus sp. CDB3/Bacillus sp. cl115/Bacillus sp. cl25/Bacillus sp. cl96/Bacillus sp. FDAARGOS_235/Bacillus sp. G3(2015)/Bacillus sp. GZT/Bacillus sp. H1a/Bacillus sp. H1m/Bacillus sp. HMSC036E02/Bacillus sp. JH7/Bacillus sp. JKS001846/Bacillus sp. L_1B0_5/Bacillus sp. L_1B0_8/Bacillus sp. L27/Bacillus sp. LK2/Bacillus sp. MB366/Bacillus sp. N24/Bacillus sp. N35-10-4/Bacillus sp. NH11B/Bacillus sp. P14-1/Bacillus sp. Root11/Bacillus sp. Root131/Bacillus sp. RUTrin4/Bacillus sp. RZ2MS9/Bacillus sp. SM1/Bacillus sp. UMTAT18/Bacillus sp. WBUNB004/Bacillus sp. WBUNB009/Bacillus sp. yr331/Bacillus subtilis/Bacillus thuringiensis/Bacillus toyonensis/Bacillus wiedmannii/Streptococcus pneumoniae]|ref_mOTU_v31_00329	0
k__Bacteria|p__Firmicutes|c__Bacilli|o__Bacillales|f__Bacillales fam. incertae sedis|g__Bacillales gen. incertae sedis|s__Bacillales species incertae sedis|meta_mOTU_v31_14516	0
k__Bacteria|p__Firmicutes|c__Bacilli|o__Bacillales|f__Bacillales fam. incertae sedis|g__Gemella|s__Gemella haemolysans|ref_mOTU_v31_04194	0
k__Bacteria|p__Firmicutes|c__Bacilli|o__Bacillales|f__Bacillales fam. incertae sedis|g__Gemella|s__Gemella species incertae sedis|ext_mOTU_v31_18234	0
k__Bacteria|p__Firmicutes|c__Bacilli|o__Bacillales|f__Bacillales fam. incertae sedis|g__Gemella|s__Gemella species incertae sedis|ext_mOTU_v31_27194	0
k__Bacteria|p__Firmicutes|c__Bacilli|o__Bacillales|f__Bacillales fam. incertae sedis|g__Gemella|s__Gemella species incertae sedis|ext_mOTU_v31_29453	0
k__Bacteria|p__Firmicutes|c__Bacilli|o__Bacillales|f__Staphylococcaceae|g__Staphylococcaceae gen. [Staphylococcus/Gemella]|s__Staphylococcaceae sp. [Gemella haemolysans/Staphylococcus pasteuri]|ref_mOTU_v31_04195	0
k__Bacteria|p__Firmicutes|c__Bacilli|o__Bacillales|f__Staphylococcaceae|g__Staphylococcus|s__Staphylococcus aureus [Staphylococcus aureus/Staphylococcus sp. HMSC34D01/Staphylococcus sp. HMSC34H10/Staphylococcus sp. HMSC35D08/Staphylococcus sp. HMSC36A10/Staphylococcus sp. HMSC36C03/Staphylococcus sp. HMSC36D07/Staphylococcus sp. HMSC36D12/Staphylococcus sp. HMSC36F05/Staphylococcus sp. HMSC36G04/Staphylococcus sp. HMSC55F09/Staphylococcus sp. HMSC56B09/Staphylococcus sp. HMSC57A07/Staphylococcus sp. HMSC57B03/Staphylococcus sp. HMSC58A02/Staphylococcus sp. HMSC58E11/Staphylococcus sp. HMSC64F10/Staphylococcus sp. HMSC66A04/Staphylococcus sp. HMSC66C11/Staphylococcus sp. HMSC70F07/Staphylococcus sp. HMSC72E08/Staphylococcus sp. HMSC73A05/Staphylococcus sp. HMSC74D05/Staphylococcus sp. HMSC74F04/Staphylococcus sp. HMSC74G01/Staphylococcus sp. HMSC74G05/Staphylococcus sp. HMSC76G03/Staphylococcus sp. HMSC77A05/Staphylococcus sp. HMSC060D12/Staphylococcus sp. HMSC035F01/Staphylococcus sp. HMSC035F11/Staphylococcus sp. HMSC057B01/Staphylococcus sp. HMSC062H10/Staphylococcus sp. HMSC058E01/Staphylococcus sp. HMSC063H12/Staphylococcus sp. HMSC075C08/Staphylococcus sp. HMSC055H04/Staphylococcus sp. HMSC063G01/Staphylococcus sp. HMSC067F10/Staphylococcus sp. HMSC060D01/Staphylococcus sp. HMSC055H07/Staphylococcus sp. HMSC58B01]|ref_mOTU_v31_00340	0
k__Bacteria|p__Firmicutes|c__Bacilli|o__Bacillales|f__Staphylococcaceae|g__Staphylococcus|s__Staphylococcus sp. CAG:324|meta_mOTU_v31_12468	0
k__Bacteria|p__Firmicutes|c__Bacilli|o__Bacillales|f__Staphylococcaceae|g__Staphylococcus|s__Staphylococcus sp. CAG:324|ref_mOTU_v31_07714	0
k__Bacteria|p__Firmicutes|c__Bacilli|o__Lactobacillales|f__Aerococcaceae|g__Abiotrophia|s__Abiotrophia defectiva [Abiotrophia sp. HMSC24B09/Abiotrophia defectiva]|ref_mOTU_v31_04788	0
k__Bacteria|p__Firmicutes|c__Bacilli|o__Lactobacillales|f__Carnobacteriaceae|g__Granulicatella|s__Granulicatella adiacens [Granulicatella sp. HMSC30F09/Granulicatella sp. HMSC31F03/Granulicatella sp. 572.rep1_STHE/Granulicatella sp. 572.rep2_STHE/Granulicatella adiacens]|ref_mOTU_v31_04782	0
k__Bacteria|p__Firmicutes|c__Bacilli|o__Lactobacillales|f__Carnobacteriaceae|g__Granulicatella|s__Granulicatella elegans|ref_mOTU_v31_11628	0
k__Bacteria|p__Firmicutes|c__Bacilli|o__Lactobacillales|f__Carnobacteriaceae|g__Granulicatella|s__Granulicatella species incertae sedis|ext_mOTU_v31_19643	0
k__Bacteria|p__Firmicutes|c__Bacilli|o__Lactobacillales|f__Carnobacteriaceae|g__Granulicatella|s__Granulicatella species incertae sedis|ext_mOTU_v31_27195	0
k__Bacteria|p__Firmicutes|c__Bacilli|o__Lactobacillales|f__Enterococcaceae|g__Enterococcus|s__Enterococcus avium [Enterococcus sp. HMSC05C03/Enterococcus sp. HMSC072H05/Enterococcus sp. HMSC064A12/Enterococcus avium]|ref_mOTU_v31_02620	0
k__Bacteria|p__Firmicutes|c__Bacilli|o__Lactobacillales|f__Enterococcaceae|g__Enterococcus|s__Enterococcus faecium/durans|ref_mOTU_v31_00323	0
k__Bacteria|p__Firmicutes|c__Bacilli|o__Lactobacillales|f__Enterococcaceae|g__Enterococcus|s__Enterococcus faecium|ref_mOTU_v31_00322	0
k__Bacteria|p__Firmicutes|c__Bacilli|o__Lactobacillales|f__Enterococcaceae|g__Enterococcus|s__Enterococcus gallinarum/saccharolyticus [Enterococcus sp. HSIEG1/Enterococcus gallinarum/Enterococcus saccharolyticus]|ref_mOTU_v31_03214	0
k__Bacteria|p__Firmicutes|c__Bacilli|o__Lactobacillales|f__Enterococcaceae|g__Enterococcus|s__Enterococcus hirae|ref_mOTU_v31_00324	0
k__Bacteria|p__Firmicutes|c__Bacilli|o__Lactobacillales|f__Enterococcaceae|g__Enterococcus|s__Enterococcus sp. [Enterococcus sp. C1/Enterococcus faecalis/Enterococcus faecium/Enterococcus gallinarum/Enterococcus sp. 2G9_DIV0600/Enterococcus sp. 3C7_DIV0644/Enterococcus sp. 3G6_DIV0642/Enterococcus sp. 4E1_DIV0656/Enterococcus sp. 5B3_DIV0040/Enterococcus casseliflavus]|ref_mOTU_v31_02783	0
k__Bacteria|p__Firmicutes|c__Bacilli|o__Lactobacillales|f__Lactobacillaceae|g__Lactobacillus|s__Lactobacillus acidophilus|ref_mOTU_v31_03347	0
k__Bacteria|p__Firmicutes|c__Bacilli|o__Lactobacillales|f__Lactobacillaceae|g__Lactobacillus|s__Lactobacillus amylovorus/kitasatonis [Lactobacillus amylovorus CAG:719/Lactobacillus sp. OTU4228/Lactobacillus amylovorus/Lactobacillus sp. N54.MGS-719/Lactobacillus kitasatonis]|ref_mOTU_v31_03351	0
k__Bacteria|p__Firmicutes|c__Bacilli|o__Lactobacillales|f__Lactobacillaceae|g__Lactobacillus|s__Lactobacillus casei/paracasei [Lactobacillus sp. HMSC25A02/Lactobacillus casei/Lactobacillus paracasei]|ref_mOTU_v31_01406	0
k__Bacteria|p__Firmicutes|c__Bacilli|o__Lactobacillales|f__Lactobacillaceae|g__Lactobacillus|s__Lactobacillus crispatus|ref_mOTU_v31_04069	0
k__Bacteria|p__Firmicutes|c__Bacilli|o__Lactobacillales|f__Lactobacillaceae|g__Lactobacillus|s__Lactobacillus curvatus|ref_mOTU_v31_01608	0
k__Bacteria|p__Firmicutes|c__Bacilli|o__Lactobacillales|f__Lactobacillaceae|g__Lactobacillus|s__Lactobacillus delbrueckii [Lactobacillus sp. HMSC08B12/Lactobacillus delbrueckii]|ref_mOTU_v31_01298	0
k__Bacteria|p__Firmicutes|c__Bacilli|o__Lactobacillales|f__Lactobacillaceae|g__Lactobacillus|s__Lactobacillus oris|ref_mOTU_v31_04396	0
k__Bacteria|p__Firmicutes|c__Bacilli|o__Lactobacillales|f__Lactobacillaceae|g__Lactobacillus|s__Lactobacillus plantarum|ref_mOTU_v31_00930	0
k__Bacteria|p__Firmicutes|c__Bacilli|o__Lactobacillales|f__Lactobacillaceae|g__Lactobacillus|s__Lactobacillus reuteri|ref_mOTU_v31_04085	0
k__Bacteria|p__Firmicutes|c__Bacilli|o__Lactobacillales|f__Lactobacillaceae|g__Lactobacillus|s__Lactobacillus rhamnosus [Lactobacillus sp. HMSC17G08/Lactobacillus sp. HMSC072E07/Lactobacillus sp. HMSC068B07/Lactobacillus sp. HMSC064F12/Lactobacillus sp. HMSC077C11/Lactobacillus sp. HMSC078F07/Lactobacillus sp. HMSC066G01/Lactobacillus sp. HMSC061B07/Lactobacillus sp. HMSC073B09/Lactobacillus sp. HMSC075D02/Lactobacillus sp. HMSC056D05/Lactobacillus sp. HMSC073D04/Lactobacillus rhamnosus]|ref_mOTU_v31_00710	0
k__Bacteria|p__Firmicutes|c__Bacilli|o__Lactobacillales|f__Lactobacillaceae|g__Lactobacillus|s__Lactobacillus ruminis [Lactobacillus ruminis CAG:367/Lactobacillus ruminis]|ref_mOTU_v31_01239	0
k__Bacteria|p__Firmicutes|c__Bacilli|o__Lactobacillales|f__Lactobacillaceae|g__Lactobacillus|s__Lactobacillus sakei|ref_mOTU_v31_01607	0
k__Bacteria|p__Firmicutes|c__Bacilli|o__Lactobacillales|f__Lactobacillaceae|g__Lactobacillus|s__Lactobacillus sanfranciscensis|ref_mOTU_v31_04406	0
k__Bacteria|p__Firmicutes|c__Bacilli|o__Lactobacillales|f__Lactobacillaceae|g__Lactobacillus|s__Lactobacillus species incertae sedis|meta_mOTU_v31_14103	0
k__Bacteria|p__Firmicutes|c__Bacilli|o__Lactobacillales|f__Lactobacillaceae|g__Lactobacillus|s__Lactobacillus vaginalis|ref_mOTU_v31_04416	0
k__Bacteria|p__Firmicutes|c__Bacilli|o__Lactobacillales|f__Lactobacillaceae|g__Pediococcus|s__Pediococcus acidilactici|ref_mOTU_v31_00720	0
k__Bacteria|p__Firmicutes|c__Bacilli|o__Lactobacillales|f__Lactobacillaceae|g__Pediococcus|s__Pediococcus pentosaceus|ref_mOTU_v31_02489	0
k__Bacteria|p__Firmicutes|c__Bacilli|o__Lactobacillales|f__Lactobacillales fam. incertae sedis|g__Lactobacillales gen. incertae sedis|s__Lactobacillales species incertae sedis|meta_mOTU_v31_12807	0
k__Bacteria|p__Firmicutes|c__Bacilli|o__Lactobacillales|f__Leuconostocaceae|g__Leuconostoc|s__Leuconostoc citreum|ref_mOTU_v31_01925	0
k__Bacteria|p__Firmicutes|c__Bacilli|o__Lactobacillales|f__Leuconostocaceae|g__Leuconostoc|s__Leuconostoc gelidum|ref_mOTU_v31_02819	0
k__Bacteria|p__Firmicutes|c__Bacilli|o__Lactobacillales|f__Leuconostocaceae|g__Leuconostoc|s__Leuconostoc mesenteroides|ref_mOTU_v31_01924	0
k__Bacteria|p__Firmicutes|c__Bacilli|o__Lactobacillales|f__Leuconostocaceae|g__Leuconostoc|s__Leuconostoc pseudomesenteroides [Leuconostoc sp. BM2/Leuconostoc pseudomesenteroides]|ref_mOTU_v31_02745	0
k__Bacteria|p__Firmicutes|c__Bacilli|o__Lactobacillales|f__Leuconostocaceae|g__Leuconostoc|s__Leuconostoc sp. [Leuconostoc lactis/Leuconostoc garlicum/Leuconostoc citreum]|ref_mOTU_v31_03533	0
k__Bacteria|p__Firmicutes|c__Bacilli|o__Lactobacillales|f__Leuconostocaceae|g__Weissella|s__Weissella cibaria [Weissella cibaria/Weissella sp. DD23]|ref_mOTU_v31_00255	0
k__Bacteria|p__Firmicutes|c__Bacilli|o__Lactobacillales|f__Leuconostocaceae|g__Weissella|s__Weissella confusa|ref_mOTU_v31_00254	0
k__Bacteria|p__Firmicutes|c__Bacilli|o__Lactobacillales|f__Streptococcaceae|g__Lactococcus|s__Lactococcus garvieae [Lactococcus garvieae/Lactococcus sp. DD01]|ref_mOTU_v31_00888	0
k__Bacteria|p__Firmicutes|c__Bacilli|o__Lactobacillales|f__Streptococcaceae|g__Lactococcus|s__Lactococcus lactis|ref_mOTU_v31_01300	0
k__Bacteria|p__Firmicutes|c__Bacilli|o__Lactobacillales|f__Streptococcaceae|g__Lactococcus|s__Lactococcus lactis|ref_mOTU_v31_01301	0
k__Bacteria|p__Firmicutes|c__Bacilli|o__Lactobacillales|f__Streptococcaceae|g__Lactococcus|s__Lactococcus piscium|ref_mOTU_v31_04162	0
k__Bacteria|p__Firmicutes|c__Bacilli|o__Lactobacillales|f__Streptococcaceae|g__Lactococcus|s__Lactococcus raffinolactis|ref_mOTU_v31_02288	0
k__Bacteria|p__Firmicutes|c__Bacilli|o__Lactobacillales|f__Streptococcaceae|g__Lactococcus|s__Lactococcus raffinolactis|ref_mOTU_v31_02289	0
k__Bacteria|p__Firmicutes|c__Bacilli|o__Lactobacillales|f__Streptococcaceae|g__Streptococcus|s__Streptococcus agalactiae [Streptococcus agalactiae/Streptococcus sp. group B/Streptococcus sp. HMSC11C05/Streptococcus sp. HMSC069D09/Streptococcus sp. HMSC056D01/Streptococcus sp. HMSC076E03/Streptococcus sp. HMSC068H01/Streptococcus sp. HMSC063D10/Streptococcus sp. HMSC078E08/Streptococcus sp. HMSC036H09/Streptococcus sp. HMSC064H02/Streptococcus sp. HMSC072G02/Streptococcus sp. HMSC074F09/Streptococcus sp. HMSC056B03/Streptococcus sp. HMSC074F10/Streptococcus sp. HMSC078E03/Streptococcus sp. HMSC076D11/Streptococcus sp. HMSC075A03/Streptococcus sp. HMSC072E12/Streptococcus sp. HMSC076H08/Streptococcus sp. HMSC070A10/Streptococcus sp. HMSC076H09/Streptococcus sp. HMSC070B09/Streptococcus sp. HMSC078D02/Streptococcus sp. HMSC057F04/Streptococcus sp. HMSC076H07/Streptococcus sp. HMSC065G04/Streptococcus sp. HMSC076H10]|ref_mOTU_v31_01860	0
k__Bacteria|p__Firmicutes|c__Bacilli|o__Lactobacillales|f__Streptococcaceae|g__Streptococcus|s__Streptococcus anginosus|ref_mOTU_v31_00568	0
k__Bacteria|p__Firmicutes|c__Bacilli|o__Lactobacillales|f__Streptococcaceae|g__Streptococcus|s__Streptococcus anginosus|ref_mOTU_v31_00570	0
k__Bacteria|p__Firmicutes|c__Bacilli|o__Lactobacillales|f__Streptococcaceae|g__Streptococcus|s__Streptococcus cristatus|ref_mOTU_v31_03966	0
k__Bacteria|p__Firmicutes|c__Bacilli|o__Lactobacillales|f__Streptococcaceae|g__Streptococcus|s__Streptococcus cristatus|ref_mOTU_v31_03967	0
k__Bacteria|p__Firmicutes|c__Bacilli|o__Lactobacillales|f__Streptococcaceae|g__Streptococcus|s__Streptococcus cristatus|ref_mOTU_v31_03968	0
k__Bacteria|p__Firmicutes|c__Bacilli|o__Lactobacillales|f__Streptococcaceae|g__Streptococcus|s__Streptococcus downei|ref_mOTU_v31_12067	0
k__Bacteria|p__Firmicutes|c__Bacilli|o__Lactobacillales|f__Streptococcaceae|g__Streptococcus|s__Streptococcus gordonii [Streptococcus gordonii/Streptococcus sp. oral taxon 056]|ref_mOTU_v31_03969	0
k__Bacteria|p__Firmicutes|c__Bacilli|o__Lactobacillales|f__Streptococcaceae|g__Streptococcus|s__Streptococcus gordonii|ref_mOTU_v31_03970	0
k__Bacteria|p__Firmicutes|c__Bacilli|o__Lactobacillales|f__Streptococcaceae|g__Streptococcus|s__Streptococcus infantis|ref_mOTU_v31_00302	0
k__Bacteria|p__Firmicutes|c__Bacilli|o__Lactobacillales|f__Streptococcaceae|g__Streptococcus|s__Streptococcus infantis|ref_mOTU_v31_00305	0
k__Bacteria|p__Firmicutes|c__Bacilli|o__Lactobacillales|f__Streptococcaceae|g__Streptococcus|s__Streptococcus infantis|ref_mOTU_v31_00306	0
k__Bacteria|p__Firmicutes|c__Bacilli|o__Lactobacillales|f__Streptococcaceae|g__Streptococcus|s__Streptococcus infantis|ref_mOTU_v31_00308	0
k__Bacteria|p__Firmicutes|c__Bacilli|o__Lactobacillales|f__Streptococcaceae|g__Streptococcus|s__Streptococcus intermedius|ref_mOTU_v31_00571	0
k__Bacteria|p__Firmicutes|c__Bacilli|o__Lactobacillales|f__Streptococcaceae|g__Streptococcus|s__Streptococcus mitis|ref_mOTU_v31_00285	0
k__Bacteria|p__Firmicutes|c__Bacilli|o__Lactobacillales|f__Streptococcaceae|g__Streptococcus|s__Streptococcus mutans|ref_mOTU_v31_01605	0
k__Bacteria|p__Firmicutes|c__Bacilli|o__Lactobacillales|f__Streptococcaceae|g__Streptococcus|s__Streptococcus oralis [Streptococcus oralis/Streptococcus sp. oral taxon 071/Streptococcus sp. F0441]|ref_mOTU_v31_00288	0
k__Bacteria|p__Firmicutes|c__Bacilli|o__Lactobacillales|f__Streptococcaceae|g__Streptococcus|s__Streptococcus oralis [Streptococcus sp. BS35b/Streptococcus sp. BS21/Streptococcus sp. BS29a/Streptococcus sp. SR1/Streptococcus oralis/Streptococcus sp. CM6]|ref_mOTU_v31_00290	0
k__Bacteria|p__Firmicutes|c__Bacilli|o__Lactobacillales|f__Streptococcaceae|g__Streptococcus|s__Streptococcus oralis/mitis|ref_mOTU_v31_00294	0
k__Bacteria|p__Firmicutes|c__Bacilli|o__Lactobacillales|f__Streptococcaceae|g__Streptococcus|s__Streptococcus oralis|ref_mOTU_v31_00287	0
k__Bacteria|p__Firmicutes|c__Bacilli|o__Lactobacillales|f__Streptococcaceae|g__Streptococcus|s__Streptococcus oralis|ref_mOTU_v31_00289	0
k__Bacteria|p__Firmicutes|c__Bacilli|o__Lactobacillales|f__Streptococcaceae|g__Streptococcus|s__Streptococcus oralis|ref_mOTU_v31_00291	0
k__Bacteria|p__Firmicutes|c__Bacilli|o__Lactobacillales|f__Streptococcaceae|g__Streptococcus|s__Streptococcus oralis|ref_mOTU_v31_00292	0
k__Bacteria|p__Firmicutes|c__Bacilli|o__Lactobacillales|f__Streptococcaceae|g__Streptococcus|s__Streptococcus oralis|ref_mOTU_v31_00296	0
k__Bacteria|p__Firmicutes|c__Bacilli|o__Lactobacillales|f__Streptococcaceae|g__Streptococcus|s__Streptococcus oralis|ref_mOTU_v31_00297	0
k__Bacteria|p__Firmicutes|c__Bacilli|o__Lactobacillales|f__Streptococcaceae|g__Streptococcus|s__Streptococcus oralis|ref_mOTU_v31_00299	0
k__Bacteria|p__Firmicutes|c__Bacilli|o__Lactobacillales|f__Streptococcaceae|g__Streptococcus|s__Streptococcus parasanguinis [Streptococcus sp. HSISM1/Streptococcus parasanguinis/Streptococcus sp. HMSC074F05/Streptococcus sp. HMSC057G03/Streptococcus sp. HMSC076C09/Streptococcus sp. HMSC073D05/Streptococcus sp. HMSC072C09/Streptococcus sp. HMSC072G04/Streptococcus sp. HMSC061E03/Streptococcus sp. HMSC065C01/Streptococcus sp. HMSC078D09/Streptococcus sp. HMSC065E03]|ref_mOTU_v31_00312	0
k__Bacteria|p__Firmicutes|c__Bacilli|o__Lactobacillales|f__Streptococcaceae|g__Streptococcus|s__Streptococcus peroris [Streptococcus sp. HMSC34B10/Streptococcus peroris]|ref_mOTU_v31_00300	0
k__Bacteria|p__Firmicutes|c__Bacilli|o__Lactobacillales|f__Streptococcaceae|g__Streptococcus|s__Streptococcus pneumoniae|ref_mOTU_v31_00282	0
k__Bacteria|p__Firmicutes|c__Bacilli|o__Lactobacillales|f__Streptococcaceae|g__Streptococcus|s__Streptococcus pseudopneumoniae/infantis [Streptococcus sp. HMSC062D07/Streptococcus pseudopneumoniae/Streptococcus infantis]|ref_mOTU_v31_00307	0
k__Bacteria|p__Firmicutes|c__Bacilli|o__Lactobacillales|f__Streptococcaceae|g__Streptococcus|s__Streptococcus pseudopneumoniae|ref_mOTU_v31_00284	0
k__Bacteria|p__Firmicutes|c__Bacilli|o__Lactobacillales|f__Streptococcaceae|g__Streptococcus|s__Streptococcus pseudopneumoniae|ref_mOTU_v31_00295	0
k__Bacteria|p__Firmicutes|c__Bacilli|o__Lactobacillales|f__Streptococcaceae|g__Streptococcus|s__Streptococcus salivarius [Streptococcus salivarius/Streptococcus sp. HSISS2/Streptococcus sp. HSISS3/Streptococcus sp. C150]|ref_mOTU_v31_01349	0
k__Bacteria|p__Firmicutes|c__Bacilli|o__Lactobacillales|f__Streptococcaceae|g__Streptococcus|s__Streptococcus sanguinis|ref_mOTU_v31_01591	0
k__Bacteria|p__Firmicutes|c__Bacilli|o__Lactobacillales|f__Streptococcaceae|g__Streptococcus|s__Streptococcus sanguinis|ref_mOTU_v31_01592	0
k__Bacteria|p__Firmicutes|c__Bacilli|o__Lactobacillales|f__Streptococcaceae|g__Streptococcus|s__Streptococcus sinensis [Streptococcus sinensis/Streptococcus sp. DD04]|ref_mOTU_v31_03965	0
k__Bacteria|p__Firmicutes|c__Bacilli|o__Lactobacillales|f__Streptococcaceae|g__Streptococcus|s__Streptococcus sobrinus|ref_mOTU_v31_01604	0
k__Bacteria|p__Firmicutes|c__Bacilli|o__Lactobacillales|f__Streptococcaceae|g__Streptococcus|s__Streptococcus sp. [Streptococcus equinus/Streptococcus pasteurianus/Streptococcus gallolyticus/Streptococcus macedonicus]|ref_mOTU_v31_00900	0
k__Bacteria|p__Firmicutes|c__Bacilli|o__Lactobacillales|f__Streptococcaceae|g__Streptococcus|s__Streptococcus sp. [Streptococcus infantarius/Streptococcus equinus/Streptococcus lutetiensis/Streptococcus sp. 45]|ref_mOTU_v31_00902	0
k__Bacteria|p__Firmicutes|c__Bacilli|o__Lactobacillales|f__Streptococcaceae|g__Streptococcus|s__Streptococcus sp. [Streptococcus pneumoniae/Streptococcus sp. HMSC070B10/Streptococcus sp. HMSC063B03/Streptococcus sp. HMSC077D04/Streptococcus sp. HMSC073F11/Streptococcus sp. CCUG 49591/Streptococcus pseudopneumoniae/Streptococcus mitis/Streptococcus sp. M334]|ref_mOTU_v31_00283	0
k__Bacteria|p__Firmicutes|c__Bacilli|o__Lactobacillales|f__Streptococcaceae|g__Streptococcus|s__Streptococcus sp. [Streptococcus sp. SK140/Streptococcus oralis/Streptococcus sp. HMSC074B11/Streptococcus sp. HMSC061D10/Streptococcus sp. HMSC056C01/Streptococcus sp. HMSC034E03/Streptococcus sp. HMSC071D03/Streptococcus pseudopneumoniae/Streptococcus infantis/Streptococcus sp. oral taxon 431]|ref_mOTU_v31_00301	0
k__Bacteria|p__Firmicutes|c__Bacilli|o__Lactobacillales|f__Streptococcaceae|g__Streptococcus|s__Streptococcus sp. 263_SSPC|ref_mOTU_v31_04783	0
k__Bacteria|p__Firmicutes|c__Bacilli|o__Lactobacillales|f__Streptococcaceae|g__Streptococcus|s__Streptococcus sp. F0442|ref_mOTU_v31_00313	0
k__Bacteria|p__Firmicutes|c__Bacilli|o__Lactobacillales|f__Streptococcaceae|g__Streptococcus|s__Streptococcus sp. HPH0090|ref_mOTU_v31_00304	0
k__Bacteria|p__Firmicutes|c__Bacilli|o__Lactobacillales|f__Streptococcaceae|g__Streptococcus|s__Streptococcus sp. oral taxon 058|ref_mOTU_v31_00293	0
k__Bacteria|p__Firmicutes|c__Bacilli|o__Lactobacillales|f__Streptococcaceae|g__Streptococcus|s__Streptococcus sp. SK643|ref_mOTU_v31_00286	0
k__Bacteria|p__Firmicutes|c__Bacilli|o__Lactobacillales|f__Streptococcaceae|g__Streptococcus|s__Streptococcus species incertae sedis|ext_mOTU_v31_17442	0
k__Bacteria|p__Firmicutes|c__Bacilli|o__Lactobacillales|f__Streptococcaceae|g__Streptococcus|s__Streptococcus species incertae sedis|ext_mOTU_v31_17443	0
k__Bacteria|p__Firmicutes|c__Bacilli|o__Lactobacillales|f__Streptococcaceae|g__Streptococcus|s__Streptococcus species incertae sedis|ext_mOTU_v31_17444	0
k__Bacteria|p__Firmicutes|c__Bacilli|o__Lactobacillales|f__Streptococcaceae|g__Streptococcus|s__Streptococcus species incertae sedis|ext_mOTU_v31_17471	0
k__Bacteria|p__Firmicutes|c__Bacilli|o__Lactobacillales|f__Streptococcaceae|g__Streptococcus|s__Streptococcus species incertae sedis|ext_mOTU_v31_17472	0
k__Bacteria|p__Firmicutes|c__Bacilli|o__Lactobacillales|f__Streptococcaceae|g__Streptococcus|s__Streptococcus species incertae sedis|ext_mOTU_v31_17473	0
k__Bacteria|p__Firmicutes|c__Bacilli|o__Lactobacillales|f__Streptococcaceae|g__Streptococcus|s__Streptococcus species incertae sedis|ext_mOTU_v31_17837	0
k__Bacteria|p__Firmicutes|c__Bacilli|o__Lactobacillales|f__Streptococcaceae|g__Streptococcus|s__Streptococcus species incertae sedis|ext_mOTU_v31_18208	0
k__Bacteria|p__Firmicutes|c__Bacilli|o__Lactobacillales|f__Streptococcaceae|g__Streptococcus|s__Streptococcus species incertae sedis|ext_mOTU_v31_18787	0
k__Bacteria|p__Firmicutes|c__Bacilli|o__Lactobacillales|f__Streptococcaceae|g__Streptococcus|s__Streptococcus species incertae sedis|ext_mOTU_v31_19644	0
k__Bacteria|p__Firmicutes|c__Bacilli|o__Lactobacillales|f__Streptococcaceae|g__Streptococcus|s__Streptococcus species incertae sedis|ext_mOTU_v31_19671	0
k__Bacteria|p__Firmicutes|c__Bacilli|o__Lactobacillales|f__Streptococcaceae|g__Streptococcus|s__Streptococcus species incertae sedis|ext_mOTU_v31_26698	0
k__Bacteria|p__Firmicutes|c__Bacilli|o__Lactobacillales|f__Streptococcaceae|g__Streptococcus|s__Streptococcus species incertae sedis|ext_mOTU_v31_26700	0
k__Bacteria|p__Firmicutes|c__Bacilli|o__Lactobacillales|f__Streptococcaceae|g__Streptococcus|s__Streptococcus species incertae sedis|ext_mOTU_v31_26850	0
k__Bacteria|p__Firmicutes|c__Bacilli|o__Lactobacillales|f__Streptococcaceae|g__Streptococcus|s__Streptococcus species incertae sedis|ext_mOTU_v31_27196	0
k__Bacteria|p__Firmicutes|c__Bacilli|o__Lactobacillales|f__Streptococcaceae|g__Streptococcus|s__Streptococcus species incertae sedis|ext_mOTU_v31_27237	0
k__Bacteria|p__Firmicutes|c__Bacilli|o__Lactobacillales|f__Streptococcaceae|g__Streptococcus|s__Streptococcus species incertae sedis|ext_mOTU_v31_27255	0
k__Bacteria|p__Firmicutes|c__Bacilli|o__Lactobacillales|f__Streptococcaceae|g__Streptococcus|s__Streptococcus species incertae sedis|ext_mOTU_v31_28178	0
k__Bacteria|p__Firmicutes|c__Bacilli|o__Lactobacillales|f__Streptococcaceae|g__Streptococcus|s__Streptococcus species incertae sedis|ext_mOTU_v31_28185	0
k__Bacteria|p__Firmicutes|c__Bacilli|o__Lactobacillales|f__Streptococcaceae|g__Streptococcus|s__Streptococcus species incertae sedis|ext_mOTU_v31_29408	0
k__Bacteria|p__Firmicutes|c__Bacilli|o__Lactobacillales|f__Streptococcaceae|g__Streptococcus|s__Streptococcus species incertae sedis|ext_mOTU_v31_29409	0
k__Bacteria|p__Firmicutes|c__Bacilli|o__Lactobacillales|f__Streptococcaceae|g__Streptococcus|s__Streptococcus species incertae sedis|ext_mOTU_v31_29413	0
k__Bacteria|p__Firmicutes|c__Bacilli|o__Lactobacillales|f__Streptococcaceae|g__Streptococcus|s__Streptococcus species incertae sedis|ext_mOTU_v31_29428	0
k__Bacteria|p__Firmicutes|c__Bacilli|o__Lactobacillales|f__Streptococcaceae|g__Streptococcus|s__Streptococcus species incertae sedis|ext_mOTU_v31_29429	0
k__Bacteria|p__Firmicutes|c__Bacilli|o__Lactobacillales|f__Streptococcaceae|g__Streptococcus|s__Streptococcus species incertae sedis|ext_mOTU_v31_29432	0
k__Bacteria|p__Firmicutes|c__Bacilli|o__Lactobacillales|f__Streptococcaceae|g__Streptococcus|s__Streptococcus species incertae sedis|ext_mOTU_v31_29435	0
k__Bacteria|p__Firmicutes|c__Bacilli|o__Lactobacillales|f__Streptococcaceae|g__Streptococcus|s__Streptococcus species incertae sedis|ext_mOTU_v31_29437	0
k__Bacteria|p__Firmicutes|c__Bacilli|o__Lactobacillales|f__Streptococcaceae|g__Streptococcus|s__Streptococcus species incertae sedis|ext_mOTU_v31_29438	0
k__Bacteria|p__Firmicutes|c__Bacilli|o__Lactobacillales|f__Streptococcaceae|g__Streptococcus|s__Streptococcus species incertae sedis|ext_mOTU_v31_29441	0
k__Bacteria|p__Firmicutes|c__Bacilli|o__Lactobacillales|f__Streptococcaceae|g__Streptococcus|s__Streptococcus species incertae sedis|ext_mOTU_v31_29444	0
k__Bacteria|p__Firmicutes|c__Bacilli|o__Lactobacillales|f__Streptococcaceae|g__Streptococcus|s__Streptococcus species incertae sedis|ext_mOTU_v31_29445	0
k__Bacteria|p__Firmicutes|c__Bacilli|o__Lactobacillales|f__Streptococcaceae|g__Streptococcus|s__Streptococcus species incertae sedis|ext_mOTU_v31_29450	0
k__Bacteria|p__Firmicutes|c__Bacilli|o__Lactobacillales|f__Streptococcaceae|g__Streptococcus|s__Streptococcus species incertae sedis|ext_mOTU_v31_29454	0
k__Bacteria|p__Firmicutes|c__Bacilli|o__Lactobacillales|f__Streptococcaceae|g__Streptococcus|s__Streptococcus species incertae sedis|ext_mOTU_v31_29457	0
k__Bacteria|p__Firmicutes|c__Bacilli|o__Lactobacillales|f__Streptococcaceae|g__Streptococcus|s__Streptococcus species incertae sedis|ext_mOTU_v31_29463	0
k__Bacteria|p__Firmicutes|c__Bacilli|o__Lactobacillales|f__Streptococcaceae|g__Streptococcus|s__Streptococcus species incertae sedis|ext_mOTU_v31_29469	0
k__Bacteria|p__Firmicutes|c__Bacilli|o__Lactobacillales|f__Streptococcaceae|g__Streptococcus|s__Streptococcus species incertae sedis|ext_mOTU_v31_29472	0
k__Bacteria|p__Firmicutes|c__Bacilli|o__Lactobacillales|f__Streptococcaceae|g__Streptococcus|s__Streptococcus species incertae sedis|ext_mOTU_v31_29474	0
k__Bacteria|p__Firmicutes|c__Bacilli|o__Lactobacillales|f__Streptococcaceae|g__Streptococcus|s__Streptococcus species incertae sedis|ext_mOTU_v31_29476	0
k__Bacteria|p__Firmicutes|c__Bacilli|o__Lactobacillales|f__Streptococcaceae|g__Streptococcus|s__Streptococcus species incertae sedis|ext_mOTU_v31_29477	0
k__Bacteria|p__Firmicutes|c__Bacilli|o__Lactobacillales|f__Streptococcaceae|g__Streptococcus|s__Streptococcus species incertae sedis|ext_mOTU_v31_29479	0
k__Bacteria|p__Firmicutes|c__Bacilli|o__Lactobacillales|f__Streptococcaceae|g__Streptococcus|s__Streptococcus species incertae sedis|ext_mOTU_v31_29480	0
k__Bacteria|p__Firmicutes|c__Bacilli|o__Lactobacillales|f__Streptococcaceae|g__Streptococcus|s__Streptococcus species incertae sedis|ext_mOTU_v31_29484	0
k__Bacteria|p__Firmicutes|c__Bacilli|o__Lactobacillales|f__Streptococcaceae|g__Streptococcus|s__Streptococcus species incertae sedis|ext_mOTU_v31_29490	0
k__Bacteria|p__Firmicutes|c__Bacilli|o__Lactobacillales|f__Streptococcaceae|g__Streptococcus|s__Streptococcus species incertae sedis|ext_mOTU_v31_29495	0
k__Bacteria|p__Firmicutes|c__Bacilli|o__Lactobacillales|f__Streptococcaceae|g__Streptococcus|s__Streptococcus species incertae sedis|ext_mOTU_v31_29496	0
k__Bacteria|p__Firmicutes|c__Bacilli|o__Lactobacillales|f__Streptococcaceae|g__Streptococcus|s__Streptococcus thermophilus [Streptococcus thermophilus CAG:236/Streptococcus thermophilus]|ref_mOTU_v31_01348	0
k__Bacteria|p__Firmicutes|c__Clostridia|o__Clostridia order incertae sedis|f__Clostridia fam. incertae sedis|g__Clostridia gen. incertae sedis|s__Clostridia bacterium UC5.1-2E3|ref_mOTU_v31_09093	0
k__Bacteria|p__Firmicutes|c__Clostridia|o__Clostridia order incertae sedis|f__Clostridia fam. incertae sedis|g__Clostridia gen. incertae sedis|s__Clostridia species incertae sedis|ext_mOTU_v31_16427	0
k__Bacteria|p__Firmicutes|c__Clostridia|o__Clostridia order incertae sedis|f__Clostridia fam. incertae sedis|g__Clostridia gen. incertae sedis|s__Clostridia species incertae sedis|ext_mOTU_v31_17581	0
k__Bacteria|p__Firmicutes|c__Clostridia|o__Clostridia order incertae sedis|f__Clostridia fam. incertae sedis|g__Clostridia gen. incertae sedis|s__Clostridia species incertae sedis|ext_mOTU_v31_17582	0
k__Bacteria|p__Firmicutes|c__Clostridia|o__Clostridia order incertae sedis|f__Clostridia fam. incertae sedis|g__Clostridia gen. incertae sedis|s__Clostridia species incertae sedis|ext_mOTU_v31_26939	0
k__Bacteria|p__Firmicutes|c__Clostridia|o__Clostridia order incertae sedis|f__Clostridia fam. incertae sedis|g__Clostridia gen. incertae sedis|s__Clostridia species incertae sedis|ext_mOTU_v31_27273	0
k__Bacteria|p__Firmicutes|c__Clostridia|o__Clostridia order incertae sedis|f__Clostridia fam. incertae sedis|g__Clostridia gen. incertae sedis|s__Clostridia species incertae sedis|meta_mOTU_v31_13038	0
k__Bacteria|p__Firmicutes|c__Clostridia|o__Clostridia order incertae sedis|f__Clostridia fam. incertae sedis|g__Clostridia gen. incertae sedis|s__Clostridia species incertae sedis|meta_mOTU_v31_13568	0
k__Bacteria|p__Firmicutes|c__Clostridia|o__Clostridia order incertae sedis|f__Clostridia fam. incertae sedis|g__Clostridia gen. incertae sedis|s__Clostridia species incertae sedis|meta_mOTU_v31_13609	0
k__Bacteria|p__Firmicutes|c__Clostridia|o__Clostridia order incertae sedis|f__Clostridia fam. incertae sedis|g__Clostridia gen. incertae sedis|s__Clostridia species incertae sedis|meta_mOTU_v31_14185	0
k__Bacteria|p__Firmicutes|c__Clostridia|o__Clostridiales|f__Catabacteriaceae|g__Catabacter|s__Catabacter hongkongensis|ref_mOTU_v31_06126	0
k__Bacteria|p__Firmicutes|c__Clostridia|o__Clostridiales|f__Christensenellaceae|g__Christensenella|s__Christensenella massiliensis|ref_mOTU_v31_10002	0
k__Bacteria|p__Firmicutes|c__Clostridia|o__Clostridiales|f__Christensenellaceae|g__Christensenella|s__Christensenella minuta|ref_mOTU_v31_06399	0
k__Bacteria|p__Firmicutes|c__Clostridia|o__Clostridiales|f__Christensenellaceae|g__Christensenella|s__Christensenella sp. AF73-05CM02|ref_mOTU_v31_10163	0
k__Bacteria|p__Firmicutes|c__Clostridia|o__Clostridiales|f__Christensenellaceae|g__Christensenella|s__Christensenella timonensis|ref_mOTU_v31_10040	0
k__Bacteria|p__Firmicutes|c__Clostridia|o__Clostridiales|f__Clostridiaceae|g__Butyricicoccus|s__Butyricicoccus pullicaecorum|ref_mOTU_v31_02158	0
k__Bacteria|p__Firmicutes|c__Clostridia|o__Clostridiales|f__Clostridiaceae|g__Butyricicoccus|s__Butyricicoccus sp. BB10|meta_mOTU_v31_13554	0
k__Bacteria|p__Firmicutes|c__Clostridia|o__Clostridiales|f__Clostridiaceae|g__Butyricicoccus|s__uncultured Butyricicoccus sp.|ref_mOTU_v31_07314	0
k__Bacteria|p__Firmicutes|c__Clostridia|o__Clostridiales|f__Clostridiaceae|g__Clostridiaceae gen. incertae sedis|s__Clostridiaceae species incertae sedis|ext_mOTU_v31_17841	0
k__Bacteria|p__Firmicutes|c__Clostridia|o__Clostridiales|f__Clostridiaceae|g__Clostridiaceae gen. incertae sedis|s__Clostridiaceae species incertae sedis|ext_mOTU_v31_17874	0
k__Bacteria|p__Firmicutes|c__Clostridia|o__Clostridiales|f__Clostridiaceae|g__Clostridiaceae gen. incertae sedis|s__Clostridiaceae species incertae sedis|ext_mOTU_v31_17980	0
k__Bacteria|p__Firmicutes|c__Clostridia|o__Clostridiales|f__Clostridiaceae|g__Clostridiaceae gen. incertae sedis|s__Clostridiaceae species incertae sedis|ext_mOTU_v31_18003	0
k__Bacteria|p__Firmicutes|c__Clostridia|o__Clostridiales|f__Clostridiaceae|g__Clostridiaceae gen. incertae sedis|s__Clostridiaceae species incertae sedis|ext_mOTU_v31_18267	0
k__Bacteria|p__Firmicutes|c__Clostridia|o__Clostridiales|f__Clostridiaceae|g__Clostridiaceae gen. incertae sedis|s__Clostridiaceae species incertae sedis|ext_mOTU_v31_26904	0
k__Bacteria|p__Firmicutes|c__Clostridia|o__Clostridiales|f__Clostridiaceae|g__Clostridiaceae gen. incertae sedis|s__Clostridiaceae species incertae sedis|meta_mOTU_v31_12374	0
k__Bacteria|p__Firmicutes|c__Clostridia|o__Clostridiales|f__Clostridiaceae|g__Clostridiaceae gen. incertae sedis|s__Clostridiaceae species incertae sedis|meta_mOTU_v31_12983	0
k__Bacteria|p__Firmicutes|c__Clostridia|o__Clostridiales|f__Clostridiaceae|g__Clostridium|s__Clostridium botulinum/paraputrificum|ref_mOTU_v31_03804	0
k__Bacteria|p__Firmicutes|c__Clostridia|o__Clostridiales|f__Clostridiaceae|g__Clostridium|s__Clostridium butyricum [Clostridium butyricum/Clostridium sp. IBUN125C/Clostridium sp. IBUN13A/Clostridium sp. IBUN62F/Clostridium sp. HMSC19A10/Clostridium sp. IODB-O3]|ref_mOTU_v31_03807	0
k__Bacteria|p__Firmicutes|c__Clostridia|o__Clostridiales|f__Clostridiaceae|g__Clostridium|s__Clostridium celatum|ref_mOTU_v31_04337	0
k__Bacteria|p__Firmicutes|c__Clostridia|o__Clostridiales|f__Clostridiaceae|g__Clostridium|s__Clostridium disporicum|ref_mOTU_v31_03656	0
k__Bacteria|p__Firmicutes|c__Clostridia|o__Clostridiales|f__Clostridiaceae|g__Clostridium|s__Clostridium neonatale|meta_mOTU_v31_14033	0
k__Bacteria|p__Firmicutes|c__Clostridia|o__Clostridiales|f__Clostridiaceae|g__Clostridium|s__Clostridium neonatale|ref_mOTU_v31_08058	0
k__Bacteria|p__Firmicutes|c__Clostridia|o__Clostridiales|f__Clostridiaceae|g__Clostridium|s__Clostridium phoceensis|ref_mOTU_v31_08865	0
k__Bacteria|p__Firmicutes|c__Clostridia|o__Clostridiales|f__Clostridiaceae|g__Clostridium|s__Clostridium saudiense/disporicum [Clostridium saudiense/uncultured Clostridium sp./Clostridium disporicum]|ref_mOTU_v31_04336	0
k__Bacteria|p__Firmicutes|c__Clostridia|o__Clostridiales|f__Clostridiaceae|g__Clostridium|s__Clostridium sp. [Clostridium sp. CAG:245/Clostridium sp. CAG:245_30_32]|ref_mOTU_v31_03604	0
k__Bacteria|p__Firmicutes|c__Clostridia|o__Clostridiales|f__Clostridiaceae|g__Clostridium|s__Clostridium sp. [Clostridium sp. CAG:265/Clostridium sp. 29_15]|ref_mOTU_v31_03606	0
k__Bacteria|p__Firmicutes|c__Clostridia|o__Clostridiales|f__Clostridiaceae|g__Clostridium|s__Clostridium sp. [Clostridium sp. CAG:269/Clostridium sp. 26_21]|ref_mOTU_v31_03607	0
k__Bacteria|p__Firmicutes|c__Clostridia|o__Clostridiales|f__Clostridiaceae|g__Clostridium|s__Clostridium sp. [Clostridium sp. CAG:277/Clostridium sp. 44_14]|ref_mOTU_v31_03608	0
k__Bacteria|p__Firmicutes|c__Clostridia|o__Clostridiales|f__Clostridiaceae|g__Clostridium|s__Clostridium sp. [Clostridium sp. CAG:307/Clostridium sp. CAG:307_30_263]|ref_mOTU_v31_03610	0
k__Bacteria|p__Firmicutes|c__Clostridia|o__Clostridiales|f__Clostridiaceae|g__Clostridium|s__Clostridium sp. [Clostridium sp. CAG:354/Clostridium sp. CAG:354_28_25]|ref_mOTU_v31_03612	0
k__Bacteria|p__Firmicutes|c__Clostridia|o__Clostridiales|f__Clostridiaceae|g__Clostridium|s__Clostridium sp. [Clostridium sp. CAG:356/Clostridium sp. 28_12]|ref_mOTU_v31_03613	0
k__Bacteria|p__Firmicutes|c__Clostridia|o__Clostridiales|f__Clostridiaceae|g__Clostridium|s__Clostridium sp. [Clostridium sp. CAG:62/Clostridium sp. CAG:62_40_43]|ref_mOTU_v31_03618	0
k__Bacteria|p__Firmicutes|c__Clostridia|o__Clostridiales|f__Clostridiaceae|g__Clostridium|s__Clostridium sp. [Clostridium sp. CAG:715/Candidatus Melainabacteria bacterium MEL.A1/Candidatus Gastranaerophilales bacterium HUM_2]|ref_mOTU_v31_03619	0
k__Bacteria|p__Firmicutes|c__Clostridia|o__Clostridiales|f__Clostridiaceae|g__Clostridium|s__Clostridium sp. [Firmicutes bacterium CAG:24/uncultured Clostridium sp.]|ref_mOTU_v31_03676	0
k__Bacteria|p__Firmicutes|c__Clostridia|o__Clostridiales|f__Clostridiaceae|g__Clostridium|s__Clostridium sp. [Firmicutes bacterium CAG:65_45_313/uncultured Clostridium sp.]|ref_mOTU_v31_02380	0
k__Bacteria|p__Firmicutes|c__Clostridia|o__Clostridiales|f__Clostridiaceae|g__Clostridium|s__Clostridium sp. 26_22|ref_mOTU_v31_10411	0
k__Bacteria|p__Firmicutes|c__Clostridia|o__Clostridiales|f__Clostridiaceae|g__Clostridium|s__Clostridium sp. 27_14|meta_mOTU_v31_12513	0
k__Bacteria|p__Firmicutes|c__Clostridia|o__Clostridiales|f__Clostridiaceae|g__Clostridium|s__Clostridium sp. 27_14|ref_mOTU_v31_10412	0
k__Bacteria|p__Firmicutes|c__Clostridia|o__Clostridiales|f__Clostridiaceae|g__Clostridium|s__Clostridium sp. 7_2_43FAA|ref_mOTU_v31_05195	0
k__Bacteria|p__Firmicutes|c__Clostridia|o__Clostridiales|f__Clostridiaceae|g__Clostridium|s__Clostridium sp. AT4|meta_mOTU_v31_12609	0
k__Bacteria|p__Firmicutes|c__Clostridia|o__Clostridiales|f__Clostridiaceae|g__Clostridium|s__Clostridium sp. AT4|ref_mOTU_v31_09167	0
k__Bacteria|p__Firmicutes|c__Clostridia|o__Clostridiales|f__Clostridiaceae|g__Clostridium|s__Clostridium sp. CAG:1193|meta_mOTU_v31_12245	0
k__Bacteria|p__Firmicutes|c__Clostridia|o__Clostridiales|f__Clostridiaceae|g__Clostridium|s__Clostridium sp. CAG:1193|meta_mOTU_v31_14109	0
k__Bacteria|p__Firmicutes|c__Clostridia|o__Clostridiales|f__Clostridiaceae|g__Clostridium|s__Clostridium sp. CAG:127|ref_mOTU_v31_07611	0
k__Bacteria|p__Firmicutes|c__Clostridia|o__Clostridiales|f__Clostridiaceae|g__Clostridium|s__Clostridium sp. CAG:138|meta_mOTU_v31_12233	0
k__Bacteria|p__Firmicutes|c__Clostridia|o__Clostridiales|f__Clostridiaceae|g__Clostridium|s__Clostridium sp. CAG:167|ref_mOTU_v31_07613	0
k__Bacteria|p__Firmicutes|c__Clostridia|o__Clostridiales|f__Clostridiaceae|g__Clostridium|s__Clostridium sp. CAG:169|ref_mOTU_v31_07614	0
k__Bacteria|p__Firmicutes|c__Clostridia|o__Clostridiales|f__Clostridiaceae|g__Clostridium|s__Clostridium sp. CAG:217|meta_mOTU_v31_12270	0
k__Bacteria|p__Firmicutes|c__Clostridia|o__Clostridiales|f__Clostridiaceae|g__Clostridium|s__Clostridium sp. CAG:217|ref_mOTU_v31_07615	0
k__Bacteria|p__Firmicutes|c__Clostridia|o__Clostridiales|f__Clostridiaceae|g__Clostridium|s__Clostridium sp. CAG:226|meta_mOTU_v31_12471	0
k__Bacteria|p__Firmicutes|c__Clostridia|o__Clostridiales|f__Clostridiaceae|g__Clostridium|s__Clostridium sp. CAG:253|ref_mOTU_v31_03600	0
k__Bacteria|p__Firmicutes|c__Clostridia|o__Clostridiales|f__Clostridiaceae|g__Clostridium|s__Clostridium sp. CAG:273|meta_mOTU_v31_12673	0
k__Bacteria|p__Firmicutes|c__Clostridia|o__Clostridiales|f__Clostridiaceae|g__Clostridium|s__Clostridium sp. CAG:273|ref_mOTU_v31_07617	0
k__Bacteria|p__Firmicutes|c__Clostridia|o__Clostridiales|f__Clostridiaceae|g__Clostridium|s__Clostridium sp. CAG:288|ref_mOTU_v31_07618	0
k__Bacteria|p__Firmicutes|c__Clostridia|o__Clostridiales|f__Clostridiaceae|g__Clostridium|s__Clostridium sp. CAG:299|ref_mOTU_v31_07619	0
k__Bacteria|p__Firmicutes|c__Clostridia|o__Clostridiales|f__Clostridiaceae|g__Clostridium|s__Clostridium sp. CAG:302|meta_mOTU_v31_12499	0
k__Bacteria|p__Firmicutes|c__Clostridia|o__Clostridiales|f__Clostridiaceae|g__Clostridium|s__Clostridium sp. CAG:302|ref_mOTU_v31_07620	0
k__Bacteria|p__Firmicutes|c__Clostridia|o__Clostridiales|f__Clostridiaceae|g__Clostridium|s__Clostridium sp. CAG:306|meta_mOTU_v31_12613	0
k__Bacteria|p__Firmicutes|c__Clostridia|o__Clostridiales|f__Clostridiaceae|g__Clostridium|s__Clostridium sp. CAG:343|meta_mOTU_v31_12430	0
k__Bacteria|p__Firmicutes|c__Clostridia|o__Clostridiales|f__Clostridiaceae|g__Clostridium|s__Clostridium sp. CAG:343|ref_mOTU_v31_07621	0
k__Bacteria|p__Firmicutes|c__Clostridia|o__Clostridiales|f__Clostridiaceae|g__Clostridium|s__Clostridium sp. CAG:349|ref_mOTU_v31_07622	0
k__Bacteria|p__Firmicutes|c__Clostridia|o__Clostridiales|f__Clostridiaceae|g__Clostridium|s__Clostridium sp. CAG:389|ref_mOTU_v31_03615	0
k__Bacteria|p__Firmicutes|c__Clostridia|o__Clostridiales|f__Clostridiaceae|g__Clostridium|s__Clostridium sp. CAG:411|ref_mOTU_v31_07623	0
k__Bacteria|p__Firmicutes|c__Clostridia|o__Clostridiales|f__Clostridiaceae|g__Clostridium|s__Clostridium sp. CAG:413|ref_mOTU_v31_07624	0
k__Bacteria|p__Firmicutes|c__Clostridia|o__Clostridiales|f__Clostridiaceae|g__Clostridium|s__Clostridium sp. CAG:417|ref_mOTU_v31_07625	0
k__Bacteria|p__Firmicutes|c__Clostridia|o__Clostridiales|f__Clostridiaceae|g__Clostridium|s__Clostridium sp. CAG:43|ref_mOTU_v31_07626	0
k__Bacteria|p__Firmicutes|c__Clostridia|o__Clostridiales|f__Clostridiaceae|g__Clostridium|s__Clostridium sp. CAG:433|meta_mOTU_v31_12886	0
k__Bacteria|p__Firmicutes|c__Clostridia|o__Clostridiales|f__Clostridiaceae|g__Clostridium|s__Clostridium sp. CAG:440|meta_mOTU_v31_12406	0
k__Bacteria|p__Firmicutes|c__Clostridia|o__Clostridiales|f__Clostridiaceae|g__Clostridium|s__Clostridium sp. CAG:440|ref_mOTU_v31_07628	0
k__Bacteria|p__Firmicutes|c__Clostridia|o__Clostridiales|f__Clostridiaceae|g__Clostridium|s__Clostridium sp. CAG:448|meta_mOTU_v31_12255	0
k__Bacteria|p__Firmicutes|c__Clostridia|o__Clostridiales|f__Clostridiaceae|g__Clostridium|s__Clostridium sp. CAG:448|meta_mOTU_v31_13567	0
k__Bacteria|p__Firmicutes|c__Clostridia|o__Clostridiales|f__Clostridiaceae|g__Clostridium|s__Clostridium sp. CAG:448|ref_mOTU_v31_07629	0
k__Bacteria|p__Firmicutes|c__Clostridia|o__Clostridiales|f__Clostridiaceae|g__Clostridium|s__Clostridium sp. CAG:451|meta_mOTU_v31_12646	0
k__Bacteria|p__Firmicutes|c__Clostridia|o__Clostridiales|f__Clostridiaceae|g__Clostridium|s__Clostridium sp. CAG:452|meta_mOTU_v31_12543	0
k__Bacteria|p__Firmicutes|c__Clostridia|o__Clostridiales|f__Clostridiaceae|g__Clostridium|s__Clostridium sp. CAG:465|ref_mOTU_v31_07632	0
k__Bacteria|p__Firmicutes|c__Clostridia|o__Clostridiales|f__Clostridiaceae|g__Clostridium|s__Clostridium sp. CAG:492|meta_mOTU_v31_12462	0
k__Bacteria|p__Firmicutes|c__Clostridia|o__Clostridiales|f__Clostridiaceae|g__Clostridium|s__Clostridium sp. CAG:510|ref_mOTU_v31_07634	0
k__Bacteria|p__Firmicutes|c__Clostridia|o__Clostridiales|f__Clostridiaceae|g__Clostridium|s__Clostridium sp. CAG:524|meta_mOTU_v31_12495	0
k__Bacteria|p__Firmicutes|c__Clostridia|o__Clostridiales|f__Clostridiaceae|g__Clostridium|s__Clostridium sp. CAG:533|meta_mOTU_v31_12421	0
k__Bacteria|p__Firmicutes|c__Clostridia|o__Clostridiales|f__Clostridiaceae|g__Clostridium|s__Clostridium sp. CAG:533|meta_mOTU_v31_13112	0
k__Bacteria|p__Firmicutes|c__Clostridia|o__Clostridiales|f__Clostridiaceae|g__Clostridium|s__Clostridium sp. CAG:557|meta_mOTU_v31_13367	0
k__Bacteria|p__Firmicutes|c__Clostridia|o__Clostridiales|f__Clostridiaceae|g__Clostridium|s__Clostridium sp. CAG:567|ref_mOTU_v31_03617	0
k__Bacteria|p__Firmicutes|c__Clostridia|o__Clostridiales|f__Clostridiaceae|g__Clostridium|s__Clostridium sp. CAG:568|ref_mOTU_v31_07638	0
k__Bacteria|p__Firmicutes|c__Clostridia|o__Clostridiales|f__Clostridiaceae|g__Clostridium|s__Clostridium sp. CAG:571|ref_mOTU_v31_07639	0
k__Bacteria|p__Firmicutes|c__Clostridia|o__Clostridiales|f__Clostridiaceae|g__Clostridium|s__Clostridium sp. CAG:594|meta_mOTU_v31_12571	0
k__Bacteria|p__Firmicutes|c__Clostridia|o__Clostridiales|f__Clostridiaceae|g__Clostridium|s__Clostridium sp. CAG:609|ref_mOTU_v31_07643	0
k__Bacteria|p__Firmicutes|c__Clostridia|o__Clostridiales|f__Clostridiaceae|g__Clostridium|s__Clostridium sp. CAG:628|meta_mOTU_v31_12644	0
k__Bacteria|p__Firmicutes|c__Clostridia|o__Clostridiales|f__Clostridiaceae|g__Clostridium|s__Clostridium sp. CAG:628|meta_mOTU_v31_12940	0
k__Bacteria|p__Firmicutes|c__Clostridia|o__Clostridiales|f__Clostridiaceae|g__Clostridium|s__Clostridium sp. CAG:710|ref_mOTU_v31_07648	0
k__Bacteria|p__Firmicutes|c__Clostridia|o__Clostridiales|f__Clostridiaceae|g__Clostridium|s__Clostridium sp. CAG:762|ref_mOTU_v31_07649	0
k__Bacteria|p__Firmicutes|c__Clostridia|o__Clostridiales|f__Clostridiaceae|g__Clostridium|s__Clostridium sp. CAG:780|meta_mOTU_v31_12821	0
k__Bacteria|p__Firmicutes|c__Clostridia|o__Clostridiales|f__Clostridiaceae|g__Clostridium|s__Clostridium sp. CAG:793|ref_mOTU_v31_07652	0
k__Bacteria|p__Firmicutes|c__Clostridia|o__Clostridiales|f__Clostridiaceae|g__Clostridium|s__Clostridium sp. CAG:798|meta_mOTU_v31_12275	0
k__Bacteria|p__Firmicutes|c__Clostridia|o__Clostridiales|f__Clostridiaceae|g__Clostridium|s__Clostridium sp. CAG:798|ref_mOTU_v31_07653	0
k__Bacteria|p__Firmicutes|c__Clostridia|o__Clostridiales|f__Clostridiaceae|g__Clostridium|s__Clostridium sp. CAG:914|ref_mOTU_v31_07654	0
k__Bacteria|p__Firmicutes|c__Clostridia|o__Clostridiales|f__Clostridiaceae|g__Clostridium|s__Clostridium sp. CL-2|ref_mOTU_v31_03655	0
k__Bacteria|p__Firmicutes|c__Clostridia|o__Clostridiales|f__Clostridiaceae|g__Clostridium|s__Clostridium sp. Marseille-P2538|ref_mOTU_v31_05865	0
k__Bacteria|p__Firmicutes|c__Clostridia|o__Clostridiales|f__Clostridiaceae|g__Clostridium|s__Clostridium sp. Marseille-P3244|ref_mOTU_v31_10248	0
k__Bacteria|p__Firmicutes|c__Clostridia|o__Clostridiales|f__Clostridiaceae|g__Clostridium|s__Clostridium species incertae sedis|ext_mOTU_v31_15409	0
k__Bacteria|p__Firmicutes|c__Clostridia|o__Clostridiales|f__Clostridiaceae|g__Clostridium|s__Clostridium species incertae sedis|ext_mOTU_v31_15414	0
k__Bacteria|p__Firmicutes|c__Clostridia|o__Clostridiales|f__Clostridiaceae|g__Clostridium|s__Clostridium species incertae sedis|ext_mOTU_v31_16294	0
k__Bacteria|p__Firmicutes|c__Clostridia|o__Clostridiales|f__Clostridiaceae|g__Clostridium|s__Clostridium species incertae sedis|ext_mOTU_v31_16329	0
k__Bacteria|p__Firmicutes|c__Clostridia|o__Clostridiales|f__Clostridiaceae|g__Clostridium|s__Clostridium species incertae sedis|ext_mOTU_v31_16387	0
k__Bacteria|p__Firmicutes|c__Clostridia|o__Clostridiales|f__Clostridiaceae|g__Clostridium|s__Clostridium species incertae sedis|ext_mOTU_v31_16402	0
k__Bacteria|p__Firmicutes|c__Clostridia|o__Clostridiales|f__Clostridiaceae|g__Clostridium|s__Clostridium species incertae sedis|ext_mOTU_v31_16403	0
k__Bacteria|p__Firmicutes|c__Clostridia|o__Clostridiales|f__Clostridiaceae|g__Clostridium|s__Clostridium species incertae sedis|ext_mOTU_v31_16405	0
k__Bacteria|p__Firmicutes|c__Clostridia|o__Clostridiales|f__Clostridiaceae|g__Clostridium|s__Clostridium species incertae sedis|ext_mOTU_v31_16407	0
k__Bacteria|p__Firmicutes|c__Clostridia|o__Clostridiales|f__Clostridiaceae|g__Clostridium|s__Clostridium species incertae sedis|ext_mOTU_v31_16417	0
k__Bacteria|p__Firmicutes|c__Clostridia|o__Clostridiales|f__Clostridiaceae|g__Clostridium|s__Clostridium species incertae sedis|ext_mOTU_v31_17460	0
k__Bacteria|p__Firmicutes|c__Clostridia|o__Clostridiales|f__Clostridiaceae|g__Clostridium|s__Clostridium species incertae sedis|ext_mOTU_v31_17485	0
k__Bacteria|p__Firmicutes|c__Clostridia|o__Clostridiales|f__Clostridiaceae|g__Clostridium|s__Clostridium species incertae sedis|ext_mOTU_v31_17540	0
k__Bacteria|p__Firmicutes|c__Clostridia|o__Clostridiales|f__Clostridiaceae|g__Clostridium|s__Clostridium species incertae sedis|ext_mOTU_v31_17559	0
k__Bacteria|p__Firmicutes|c__Clostridia|o__Clostridiales|f__Clostridiaceae|g__Clostridium|s__Clostridium species incertae sedis|ext_mOTU_v31_17565	0
k__Bacteria|p__Firmicutes|c__Clostridia|o__Clostridiales|f__Clostridiaceae|g__Clostridium|s__Clostridium species incertae sedis|ext_mOTU_v31_17566	0
k__Bacteria|p__Firmicutes|c__Clostridia|o__Clostridiales|f__Clostridiaceae|g__Clostridium|s__Clostridium species incertae sedis|ext_mOTU_v31_17570	0
k__Bacteria|p__Firmicutes|c__Clostridia|o__Clostridiales|f__Clostridiaceae|g__Clostridium|s__Clostridium species incertae sedis|ext_mOTU_v31_17727	0
k__Bacteria|p__Firmicutes|c__Clostridia|o__Clostridiales|f__Clostridiaceae|g__Clostridium|s__Clostridium species incertae sedis|ext_mOTU_v31_17742	0
k__Bacteria|p__Firmicutes|c__Clostridia|o__Clostridiales|f__Clostridiaceae|g__Clostridium|s__Clostridium species incertae sedis|ext_mOTU_v31_17889	0
k__Bacteria|p__Firmicutes|c__Clostridia|o__Clostridiales|f__Clostridiaceae|g__Clostridium|s__Clostridium species incertae sedis|ext_mOTU_v31_18000	0
k__Bacteria|p__Firmicutes|c__Clostridia|o__Clostridiales|f__Clostridiaceae|g__Clostridium|s__Clostridium species incertae sedis|ext_mOTU_v31_18112	0
k__Bacteria|p__Firmicutes|c__Clostridia|o__Clostridiales|f__Clostridiaceae|g__Clostridium|s__Clostridium species incertae sedis|ext_mOTU_v31_18152	0
k__Bacteria|p__Firmicutes|c__Clostridia|o__Clostridiales|f__Clostridiaceae|g__Clostridium|s__Clostridium species incertae sedis|ext_mOTU_v31_18179	0
k__Bacteria|p__Firmicutes|c__Clostridia|o__Clostridiales|f__Clostridiaceae|g__Clostridium|s__Clostridium species incertae sedis|ext_mOTU_v31_18232	0
k__Bacteria|p__Firmicutes|c__Clostridia|o__Clostridiales|f__Clostridiaceae|g__Clostridium|s__Clostridium species incertae sedis|ext_mOTU_v31_18239	0
k__Bacteria|p__Firmicutes|c__Clostridia|o__Clostridiales|f__Clostridiaceae|g__Clostridium|s__Clostridium species incertae sedis|ext_mOTU_v31_18249	0
k__Bacteria|p__Firmicutes|c__Clostridia|o__Clostridiales|f__Clostridiaceae|g__Clostridium|s__Clostridium species incertae sedis|ext_mOTU_v31_18406	0
k__Bacteria|p__Firmicutes|c__Clostridia|o__Clostridiales|f__Clostridiaceae|g__Clostridium|s__Clostridium species incertae sedis|ext_mOTU_v31_23973	0
k__Bacteria|p__Firmicutes|c__Clostridia|o__Clostridiales|f__Clostridiaceae|g__Clostridium|s__Clostridium species incertae sedis|ext_mOTU_v31_26685	0
k__Bacteria|p__Firmicutes|c__Clostridia|o__Clostridiales|f__Clostridiaceae|g__Clostridium|s__Clostridium species incertae sedis|ext_mOTU_v31_26819	0
k__Bacteria|p__Firmicutes|c__Clostridia|o__Clostridiales|f__Clostridiaceae|g__Clostridium|s__Clostridium species incertae sedis|ext_mOTU_v31_26878	0
k__Bacteria|p__Firmicutes|c__Clostridia|o__Clostridiales|f__Clostridiaceae|g__Clostridium|s__Clostridium species incertae sedis|ext_mOTU_v31_26949	0
k__Bacteria|p__Firmicutes|c__Clostridia|o__Clostridiales|f__Clostridiaceae|g__Clostridium|s__Clostridium species incertae sedis|ext_mOTU_v31_26953	0
k__Bacteria|p__Firmicutes|c__Clostridia|o__Clostridiales|f__Clostridiaceae|g__Clostridium|s__Clostridium species incertae sedis|ext_mOTU_v31_26997	0
k__Bacteria|p__Firmicutes|c__Clostridia|o__Clostridiales|f__Clostridiaceae|g__Clostridium|s__Clostridium species incertae sedis|ext_mOTU_v31_27006	0
k__Bacteria|p__Firmicutes|c__Clostridia|o__Clostridiales|f__Clostridiaceae|g__Clostridium|s__Clostridium species incertae sedis|ext_mOTU_v31_27067	0
k__Bacteria|p__Firmicutes|c__Clostridia|o__Clostridiales|f__Clostridiaceae|g__Clostridium|s__Clostridium species incertae sedis|ext_mOTU_v31_27174	0
k__Bacteria|p__Firmicutes|c__Clostridia|o__Clostridiales|f__Clostridiaceae|g__Clostridium|s__Clostridium species incertae sedis|ext_mOTU_v31_27176	0
k__Bacteria|p__Firmicutes|c__Clostridia|o__Clostridiales|f__Clostridiaceae|g__Clostridium|s__Clostridium species incertae sedis|ext_mOTU_v31_27207	0
k__Bacteria|p__Firmicutes|c__Clostridia|o__Clostridiales|f__Clostridiaceae|g__Clostridium|s__Clostridium species incertae sedis|ext_mOTU_v31_27212	0
k__Bacteria|p__Firmicutes|c__Clostridia|o__Clostridiales|f__Clostridiaceae|g__Clostridium|s__Clostridium species incertae sedis|ext_mOTU_v31_27233	0
k__Bacteria|p__Firmicutes|c__Clostridia|o__Clostridiales|f__Clostridiaceae|g__Clostridium|s__Clostridium species incertae sedis|ext_mOTU_v31_27520	0
k__Bacteria|p__Firmicutes|c__Clostridia|o__Clostridiales|f__Clostridiaceae|g__Clostridium|s__Clostridium species incertae sedis|ext_mOTU_v31_27545	0
k__Bacteria|p__Firmicutes|c__Clostridia|o__Clostridiales|f__Clostridiaceae|g__Clostridium|s__Clostridium species incertae sedis|ext_mOTU_v31_29334	0
k__Bacteria|p__Firmicutes|c__Clostridia|o__Clostridiales|f__Clostridiaceae|g__Clostridium|s__Clostridium species incertae sedis|ext_mOTU_v31_29400	0
k__Bacteria|p__Firmicutes|c__Clostridia|o__Clostridiales|f__Clostridiaceae|g__Clostridium|s__Clostridium species incertae sedis|ext_mOTU_v31_29485	0
k__Bacteria|p__Firmicutes|c__Clostridia|o__Clostridiales|f__Clostridiaceae|g__Clostridium|s__Clostridium species incertae sedis|ext_mOTU_v31_34561	0
k__Bacteria|p__Firmicutes|c__Clostridia|o__Clostridiales|f__Clostridiaceae|g__Clostridium|s__Clostridium species incertae sedis|meta_mOTU_v31_12249	0
k__Bacteria|p__Firmicutes|c__Clostridia|o__Clostridiales|f__Clostridiaceae|g__Clostridium|s__Clostridium species incertae sedis|meta_mOTU_v31_12348	0
k__Bacteria|p__Firmicutes|c__Clostridia|o__Clostridiales|f__Clostridiaceae|g__Clostridium|s__Clostridium species incertae sedis|meta_mOTU_v31_12350	0
k__Bacteria|p__Firmicutes|c__Clostridia|o__Clostridiales|f__Clostridiaceae|g__Clostridium|s__Clostridium species incertae sedis|meta_mOTU_v31_12417	0
k__Bacteria|p__Firmicutes|c__Clostridia|o__Clostridiales|f__Clostridiaceae|g__Clostridium|s__Clostridium species incertae sedis|meta_mOTU_v31_12478	0
k__Bacteria|p__Firmicutes|c__Clostridia|o__Clostridiales|f__Clostridiaceae|g__Clostridium|s__Clostridium species incertae sedis|meta_mOTU_v31_12575	0
k__Bacteria|p__Firmicutes|c__Clostridia|o__Clostridiales|f__Clostridiaceae|g__Clostridium|s__Clostridium species incertae sedis|meta_mOTU_v31_12597	0
k__Bacteria|p__Firmicutes|c__Clostridia|o__Clostridiales|f__Clostridiaceae|g__Clostridium|s__Clostridium species incertae sedis|meta_mOTU_v31_12641	0
k__Bacteria|p__Firmicutes|c__Clostridia|o__Clostridiales|f__Clostridiaceae|g__Clostridium|s__Clostridium species incertae sedis|meta_mOTU_v31_12650	0
k__Bacteria|p__Firmicutes|c__Clostridia|o__Clostridiales|f__Clostridiaceae|g__Clostridium|s__Clostridium species incertae sedis|meta_mOTU_v31_12762	0
k__Bacteria|p__Firmicutes|c__Clostridia|o__Clostridiales|f__Clostridiaceae|g__Clostridium|s__Clostridium species incertae sedis|meta_mOTU_v31_12783	0
k__Bacteria|p__Firmicutes|c__Clostridia|o__Clostridiales|f__Clostridiaceae|g__Clostridium|s__Clostridium species incertae sedis|meta_mOTU_v31_12784	0
k__Bacteria|p__Firmicutes|c__Clostridia|o__Clostridiales|f__Clostridiaceae|g__Clostridium|s__Clostridium species incertae sedis|meta_mOTU_v31_12828	0
k__Bacteria|p__Firmicutes|c__Clostridia|o__Clostridiales|f__Clostridiaceae|g__Clostridium|s__Clostridium species incertae sedis|meta_mOTU_v31_12977	0
k__Bacteria|p__Firmicutes|c__Clostridia|o__Clostridiales|f__Clostridiaceae|g__Clostridium|s__Clostridium species incertae sedis|meta_mOTU_v31_13014	0
k__Bacteria|p__Firmicutes|c__Clostridia|o__Clostridiales|f__Clostridiaceae|g__Clostridium|s__Clostridium species incertae sedis|meta_mOTU_v31_13077	0
k__Bacteria|p__Firmicutes|c__Clostridia|o__Clostridiales|f__Clostridiaceae|g__Clostridium|s__Clostridium species incertae sedis|meta_mOTU_v31_13081	0
k__Bacteria|p__Firmicutes|c__Clostridia|o__Clostridiales|f__Clostridiaceae|g__Clostridium|s__Clostridium species incertae sedis|meta_mOTU_v31_13125	0
k__Bacteria|p__Firmicutes|c__Clostridia|o__Clostridiales|f__Clostridiaceae|g__Clostridium|s__Clostridium species incertae sedis|meta_mOTU_v31_13191	0
k__Bacteria|p__Firmicutes|c__Clostridia|o__Clostridiales|f__Clostridiaceae|g__Clostridium|s__Clostridium species incertae sedis|meta_mOTU_v31_13210	0
k__Bacteria|p__Firmicutes|c__Clostridia|o__Clostridiales|f__Clostridiaceae|g__Clostridium|s__Clostridium species incertae sedis|meta_mOTU_v31_13313	0
k__Bacteria|p__Firmicutes|c__Clostridia|o__Clostridiales|f__Clostridiaceae|g__Clostridium|s__Clostridium species incertae sedis|meta_mOTU_v31_13396	0
k__Bacteria|p__Firmicutes|c__Clostridia|o__Clostridiales|f__Clostridiaceae|g__Clostridium|s__Clostridium species incertae sedis|meta_mOTU_v31_13418	0
k__Bacteria|p__Firmicutes|c__Clostridia|o__Clostridiales|f__Clostridiaceae|g__Clostridium|s__Clostridium species incertae sedis|meta_mOTU_v31_13428	0
k__Bacteria|p__Firmicutes|c__Clostridia|o__Clostridiales|f__Clostridiaceae|g__Clostridium|s__Clostridium species incertae sedis|meta_mOTU_v31_13535	0
k__Bacteria|p__Firmicutes|c__Clostridia|o__Clostridiales|f__Clostridiaceae|g__Clostridium|s__Clostridium species incertae sedis|meta_mOTU_v31_13564	0
k__Bacteria|p__Firmicutes|c__Clostridia|o__Clostridiales|f__Clostridiaceae|g__Clostridium|s__Clostridium species incertae sedis|meta_mOTU_v31_13565	0
k__Bacteria|p__Firmicutes|c__Clostridia|o__Clostridiales|f__Clostridiaceae|g__Clostridium|s__Clostridium species incertae sedis|meta_mOTU_v31_13679	0
k__Bacteria|p__Firmicutes|c__Clostridia|o__Clostridiales|f__Clostridiaceae|g__Clostridium|s__Clostridium species incertae sedis|meta_mOTU_v31_13702	0
k__Bacteria|p__Firmicutes|c__Clostridia|o__Clostridiales|f__Clostridiaceae|g__Clostridium|s__Clostridium species incertae sedis|meta_mOTU_v31_13850	0
k__Bacteria|p__Firmicutes|c__Clostridia|o__Clostridiales|f__Clostridiaceae|g__Clostridium|s__Clostridium species incertae sedis|meta_mOTU_v31_14199	0
k__Bacteria|p__Firmicutes|c__Clostridia|o__Clostridiales|f__Clostridiaceae|g__Clostridium|s__Clostridium species incertae sedis|meta_mOTU_v31_14207	0
k__Bacteria|p__Firmicutes|c__Clostridia|o__Clostridiales|f__Clostridiaceae|g__Clostridium|s__Clostridium species incertae sedis|meta_mOTU_v31_14411	0
k__Bacteria|p__Firmicutes|c__Clostridia|o__Clostridiales|f__Clostridiaceae|g__Clostridium|s__Clostridium species incertae sedis|meta_mOTU_v31_14454	0
k__Bacteria|p__Firmicutes|c__Clostridia|o__Clostridiales|f__Clostridiaceae|g__Clostridium|s__uncultured Clostridium sp.|ref_mOTU_v31_02381	0
k__Bacteria|p__Firmicutes|c__Clostridia|o__Clostridiales|f__Clostridiaceae|g__Clostridium|s__uncultured Clostridium sp.|ref_mOTU_v31_03623	0
k__Bacteria|p__Firmicutes|c__Clostridia|o__Clostridiales|f__Clostridiaceae|g__Clostridium|s__uncultured Clostridium sp.|ref_mOTU_v31_11605	0
k__Bacteria|p__Firmicutes|c__Clostridia|o__Clostridiales|f__Clostridiaceae|g__Clostridium|s__uncultured Clostridium sp.|ref_mOTU_v31_11607	0
k__Bacteria|p__Firmicutes|c__Clostridia|o__Clostridiales|f__Clostridiaceae|g__Clostridium|s__uncultured Clostridium sp.|ref_mOTU_v31_11610	0
k__Bacteria|p__Firmicutes|c__Clostridia|o__Clostridiales|f__Clostridiaceae|g__Clostridium|s__uncultured Clostridium sp.|ref_mOTU_v31_11611	0
k__Bacteria|p__Firmicutes|c__Clostridia|o__Clostridiales|f__Clostridiaceae|g__Hungatella|s__Hungatella hathewayi|ref_mOTU_v31_11861	0
k__Bacteria|p__Firmicutes|c__Clostridia|o__Clostridiales|f__Clostridiaceae|g__Lactonifactor|s__Lactonifactor longoviformis|ref_mOTU_v31_06928	0
k__Bacteria|p__Firmicutes|c__Clostridia|o__Clostridiales|f__Clostridiales fam. [Clostridiaceae/Christensenellaceae]|g__Clostridium|s__Clostridium sp. [Clostridium sp. CAG:226/Christensenellaceae bacterium Phil1]|ref_mOTU_v31_03602	0
k__Bacteria|p__Firmicutes|c__Clostridia|o__Clostridiales|f__Clostridiales fam. [Clostridiaceae/Heliobacteriaceae]|g__Clostridiales gen. [Clostridium/Heliobacterium]|s__Clostridiales sp. [Clostridium sp. CAG:306/Clostridium sp. K4410.MGS-306/Heliobacterium sp. N15.MGS-306/Clostridium sp. UNK.MGS-6/Candidatus Gastranaerophilales bacterium HUM_21]|ref_mOTU_v31_02136	0
k__Bacteria|p__Firmicutes|c__Clostridia|o__Clostridiales|f__Clostridiales fam. [Clostridiaceae/Ruminococcaceae]|g__Clostridiales gen. [Clostridium/Flavonifractor]|s__Clostridiales sp. [uncultured Flavonifractor sp./uncultured Clostridium sp.]|ref_mOTU_v31_02968	0
k__Bacteria|p__Firmicutes|c__Clostridia|o__Clostridiales|f__Clostridiales fam. [Clostridiaceae/Ruminococcaceae]|g__Clostridiales gen. [Ruminococcus/Clostridium]|s__Clostridiales sp. [Clostridium sp. CAG:352/uncultured Ruminococcus sp.]|ref_mOTU_v31_03611	0
k__Bacteria|p__Firmicutes|c__Clostridia|o__Clostridiales|f__Clostridiales fam. [Clostridiaceae/Ruminococcaceae]|g__Clostridiales gen. [Ruminococcus/Clostridium]|s__Clostridiales sp. [uncultured Ruminococcus sp./uncultured Clostridium sp.]|ref_mOTU_v31_05138	0
k__Bacteria|p__Firmicutes|c__Clostridia|o__Clostridiales|f__Clostridiales fam. [Eubacteriaceae/Clostridiaceae]|g__Clostridiales gen. [Clostridium/Eubacterium]|s__Clostridiales sp. [Eubacterium sp. CAG:251/Clostridium sp. A254.MGS-251]|ref_mOTU_v31_03634	0
k__Bacteria|p__Firmicutes|c__Clostridia|o__Clostridiales|f__Clostridiales fam. [Eubacteriaceae/Ruminococcaceae]|g__Clostridiales gen. [Ruminococcus/Eubacterium]|s__Clostridiales sp. [uncultured Eubacterium sp./uncultured Ruminococcus sp.]|ref_mOTU_v31_05137	0
k__Bacteria|p__Firmicutes|c__Clostridia|o__Clostridiales|f__Clostridiales fam. incertae sedis|g__Clostridiales gen. incertae sedis|s__[Bacteroides] pectinophilus [Bacteroides pectinophilus CAG:437/[Bacteroides] pectinophilus]|ref_mOTU_v31_03684	0
k__Bacteria|p__Firmicutes|c__Clostridia|o__Clostridiales|f__Clostridiales fam. incertae sedis|g__Clostridiales gen. incertae sedis|s__Clostridiales bacterium 41_21_two_genomes|meta_mOTU_v31_12629	0
k__Bacteria|p__Firmicutes|c__Clostridia|o__Clostridiales|f__Clostridiales fam. incertae sedis|g__Clostridiales gen. incertae sedis|s__Clostridiales bacterium CHKCI006|ref_mOTU_v31_09411	0
k__Bacteria|p__Firmicutes|c__Clostridia|o__Clostridiales|f__Clostridiales fam. incertae sedis|g__Clostridiales gen. incertae sedis|s__Clostridiales bacterium VE202-09|ref_mOTU_v31_03441	0
k__Bacteria|p__Firmicutes|c__Clostridia|o__Clostridiales|f__Clostridiales fam. incertae sedis|g__Clostridiales gen. incertae sedis|s__Clostridiales species incertae sedis|ext_mOTU_v31_16237	0
k__Bacteria|p__Firmicutes|c__Clostridia|o__Clostridiales|f__Clostridiales fam. incertae sedis|g__Clostridiales gen. incertae sedis|s__Clostridiales species incertae sedis|ext_mOTU_v31_16239	0
k__Bacteria|p__Firmicutes|c__Clostridia|o__Clostridiales|f__Clostridiales fam. incertae sedis|g__Clostridiales gen. incertae sedis|s__Clostridiales species incertae sedis|ext_mOTU_v31_16240	0
k__Bacteria|p__Firmicutes|c__Clostridia|o__Clostridiales|f__Clostridiales fam. incertae sedis|g__Clostridiales gen. incertae sedis|s__Clostridiales species incertae sedis|ext_mOTU_v31_16241	0
k__Bacteria|p__Firmicutes|c__Clostridia|o__Clostridiales|f__Clostridiales fam. incertae sedis|g__Clostridiales gen. incertae sedis|s__Clostridiales species incertae sedis|ext_mOTU_v31_16242	0
k__Bacteria|p__Firmicutes|c__Clostridia|o__Clostridiales|f__Clostridiales fam. incertae sedis|g__Clostridiales gen. incertae sedis|s__Clostridiales species incertae sedis|ext_mOTU_v31_16253	0
k__Bacteria|p__Firmicutes|c__Clostridia|o__Clostridiales|f__Clostridiales fam. incertae sedis|g__Clostridiales gen. incertae sedis|s__Clostridiales species incertae sedis|ext_mOTU_v31_16260	0
k__Bacteria|p__Firmicutes|c__Clostridia|o__Clostridiales|f__Clostridiales fam. incertae sedis|g__Clostridiales gen. incertae sedis|s__Clostridiales species incertae sedis|ext_mOTU_v31_16280	0
k__Bacteria|p__Firmicutes|c__Clostridia|o__Clostridiales|f__Clostridiales fam. incertae sedis|g__Clostridiales gen. incertae sedis|s__Clostridiales species incertae sedis|ext_mOTU_v31_16296	0
k__Bacteria|p__Firmicutes|c__Clostridia|o__Clostridiales|f__Clostridiales fam. incertae sedis|g__Clostridiales gen. incertae sedis|s__Clostridiales species incertae sedis|ext_mOTU_v31_16347	0
k__Bacteria|p__Firmicutes|c__Clostridia|o__Clostridiales|f__Clostridiales fam. incertae sedis|g__Clostridiales gen. incertae sedis|s__Clostridiales species incertae sedis|ext_mOTU_v31_16360	0
k__Bacteria|p__Firmicutes|c__Clostridia|o__Clostridiales|f__Clostridiales fam. incertae sedis|g__Clostridiales gen. incertae sedis|s__Clostridiales species incertae sedis|ext_mOTU_v31_16361	0
k__Bacteria|p__Firmicutes|c__Clostridia|o__Clostridiales|f__Clostridiales fam. incertae sedis|g__Clostridiales gen. incertae sedis|s__Clostridiales species incertae sedis|ext_mOTU_v31_16372	0
k__Bacteria|p__Firmicutes|c__Clostridia|o__Clostridiales|f__Clostridiales fam. incertae sedis|g__Clostridiales gen. incertae sedis|s__Clostridiales species incertae sedis|ext_mOTU_v31_16384	0
k__Bacteria|p__Firmicutes|c__Clostridia|o__Clostridiales|f__Clostridiales fam. incertae sedis|g__Clostridiales gen. incertae sedis|s__Clostridiales species incertae sedis|ext_mOTU_v31_16395	0
k__Bacteria|p__Firmicutes|c__Clostridia|o__Clostridiales|f__Clostridiales fam. incertae sedis|g__Clostridiales gen. incertae sedis|s__Clostridiales species incertae sedis|ext_mOTU_v31_16447	0
k__Bacteria|p__Firmicutes|c__Clostridia|o__Clostridiales|f__Clostridiales fam. incertae sedis|g__Clostridiales gen. incertae sedis|s__Clostridiales species incertae sedis|ext_mOTU_v31_16450	0
k__Bacteria|p__Firmicutes|c__Clostridia|o__Clostridiales|f__Clostridiales fam. incertae sedis|g__Clostridiales gen. incertae sedis|s__Clostridiales species incertae sedis|ext_mOTU_v31_16462	0
k__Bacteria|p__Firmicutes|c__Clostridia|o__Clostridiales|f__Clostridiales fam. incertae sedis|g__Clostridiales gen. incertae sedis|s__Clostridiales species incertae sedis|ext_mOTU_v31_16474	0
k__Bacteria|p__Firmicutes|c__Clostridia|o__Clostridiales|f__Clostridiales fam. incertae sedis|g__Clostridiales gen. incertae sedis|s__Clostridiales species incertae sedis|ext_mOTU_v31_16477	0
k__Bacteria|p__Firmicutes|c__Clostridia|o__Clostridiales|f__Clostridiales fam. incertae sedis|g__Clostridiales gen. incertae sedis|s__Clostridiales species incertae sedis|ext_mOTU_v31_16478	0
k__Bacteria|p__Firmicutes|c__Clostridia|o__Clostridiales|f__Clostridiales fam. incertae sedis|g__Clostridiales gen. incertae sedis|s__Clostridiales species incertae sedis|ext_mOTU_v31_16479	0
k__Bacteria|p__Firmicutes|c__Clostridia|o__Clostridiales|f__Clostridiales fam. incertae sedis|g__Clostridiales gen. incertae sedis|s__Clostridiales species incertae sedis|ext_mOTU_v31_16486	0
k__Bacteria|p__Firmicutes|c__Clostridia|o__Clostridiales|f__Clostridiales fam. incertae sedis|g__Clostridiales gen. incertae sedis|s__Clostridiales species incertae sedis|ext_mOTU_v31_16507	0
k__Bacteria|p__Firmicutes|c__Clostridia|o__Clostridiales|f__Clostridiales fam. incertae sedis|g__Clostridiales gen. incertae sedis|s__Clostridiales species incertae sedis|ext_mOTU_v31_16516	0
k__Bacteria|p__Firmicutes|c__Clostridia|o__Clostridiales|f__Clostridiales fam. incertae sedis|g__Clostridiales gen. incertae sedis|s__Clostridiales species incertae sedis|ext_mOTU_v31_16525	0
k__Bacteria|p__Firmicutes|c__Clostridia|o__Clostridiales|f__Clostridiales fam. incertae sedis|g__Clostridiales gen. incertae sedis|s__Clostridiales species incertae sedis|ext_mOTU_v31_16776	0
k__Bacteria|p__Firmicutes|c__Clostridia|o__Clostridiales|f__Clostridiales fam. incertae sedis|g__Clostridiales gen. incertae sedis|s__Clostridiales species incertae sedis|ext_mOTU_v31_17461	0
k__Bacteria|p__Firmicutes|c__Clostridia|o__Clostridiales|f__Clostridiales fam. incertae sedis|g__Clostridiales gen. incertae sedis|s__Clostridiales species incertae sedis|ext_mOTU_v31_17515	0
k__Bacteria|p__Firmicutes|c__Clostridia|o__Clostridiales|f__Clostridiales fam. incertae sedis|g__Clostridiales gen. incertae sedis|s__Clostridiales species incertae sedis|ext_mOTU_v31_17525	0
k__Bacteria|p__Firmicutes|c__Clostridia|o__Clostridiales|f__Clostridiales fam. incertae sedis|g__Clostridiales gen. incertae sedis|s__Clostridiales species incertae sedis|ext_mOTU_v31_17527	0
k__Bacteria|p__Firmicutes|c__Clostridia|o__Clostridiales|f__Clostridiales fam. incertae sedis|g__Clostridiales gen. incertae sedis|s__Clostridiales species incertae sedis|ext_mOTU_v31_17531	0
k__Bacteria|p__Firmicutes|c__Clostridia|o__Clostridiales|f__Clostridiales fam. incertae sedis|g__Clostridiales gen. incertae sedis|s__Clostridiales species incertae sedis|ext_mOTU_v31_17533	0
k__Bacteria|p__Firmicutes|c__Clostridia|o__Clostridiales|f__Clostridiales fam. incertae sedis|g__Clostridiales gen. incertae sedis|s__Clostridiales species incertae sedis|ext_mOTU_v31_17534	0
k__Bacteria|p__Firmicutes|c__Clostridia|o__Clostridiales|f__Clostridiales fam. incertae sedis|g__Clostridiales gen. incertae sedis|s__Clostridiales species incertae sedis|ext_mOTU_v31_17541	0
k__Bacteria|p__Firmicutes|c__Clostridia|o__Clostridiales|f__Clostridiales fam. incertae sedis|g__Clostridiales gen. incertae sedis|s__Clostridiales species incertae sedis|ext_mOTU_v31_17547	0
k__Bacteria|p__Firmicutes|c__Clostridia|o__Clostridiales|f__Clostridiales fam. incertae sedis|g__Clostridiales gen. incertae sedis|s__Clostridiales species incertae sedis|ext_mOTU_v31_17558	0
k__Bacteria|p__Firmicutes|c__Clostridia|o__Clostridiales|f__Clostridiales fam. incertae sedis|g__Clostridiales gen. incertae sedis|s__Clostridiales species incertae sedis|ext_mOTU_v31_17613	0
k__Bacteria|p__Firmicutes|c__Clostridia|o__Clostridiales|f__Clostridiales fam. incertae sedis|g__Clostridiales gen. incertae sedis|s__Clostridiales species incertae sedis|ext_mOTU_v31_17629	0
k__Bacteria|p__Firmicutes|c__Clostridia|o__Clostridiales|f__Clostridiales fam. incertae sedis|g__Clostridiales gen. incertae sedis|s__Clostridiales species incertae sedis|ext_mOTU_v31_17659	0
k__Bacteria|p__Firmicutes|c__Clostridia|o__Clostridiales|f__Clostridiales fam. incertae sedis|g__Clostridiales gen. incertae sedis|s__Clostridiales species incertae sedis|ext_mOTU_v31_17696	0
k__Bacteria|p__Firmicutes|c__Clostridia|o__Clostridiales|f__Clostridiales fam. incertae sedis|g__Clostridiales gen. incertae sedis|s__Clostridiales species incertae sedis|ext_mOTU_v31_17764	0
k__Bacteria|p__Firmicutes|c__Clostridia|o__Clostridiales|f__Clostridiales fam. incertae sedis|g__Clostridiales gen. incertae sedis|s__Clostridiales species incertae sedis|ext_mOTU_v31_17784	0
k__Bacteria|p__Firmicutes|c__Clostridia|o__Clostridiales|f__Clostridiales fam. incertae sedis|g__Clostridiales gen. incertae sedis|s__Clostridiales species incertae sedis|ext_mOTU_v31_17792	0
k__Bacteria|p__Firmicutes|c__Clostridia|o__Clostridiales|f__Clostridiales fam. incertae sedis|g__Clostridiales gen. incertae sedis|s__Clostridiales species incertae sedis|ext_mOTU_v31_17797	0
k__Bacteria|p__Firmicutes|c__Clostridia|o__Clostridiales|f__Clostridiales fam. incertae sedis|g__Clostridiales gen. incertae sedis|s__Clostridiales species incertae sedis|ext_mOTU_v31_17805	0
k__Bacteria|p__Firmicutes|c__Clostridia|o__Clostridiales|f__Clostridiales fam. incertae sedis|g__Clostridiales gen. incertae sedis|s__Clostridiales species incertae sedis|ext_mOTU_v31_17812	0
k__Bacteria|p__Firmicutes|c__Clostridia|o__Clostridiales|f__Clostridiales fam. incertae sedis|g__Clostridiales gen. incertae sedis|s__Clostridiales species incertae sedis|ext_mOTU_v31_17815	0
k__Bacteria|p__Firmicutes|c__Clostridia|o__Clostridiales|f__Clostridiales fam. incertae sedis|g__Clostridiales gen. incertae sedis|s__Clostridiales species incertae sedis|ext_mOTU_v31_17818	0
k__Bacteria|p__Firmicutes|c__Clostridia|o__Clostridiales|f__Clostridiales fam. incertae sedis|g__Clostridiales gen. incertae sedis|s__Clostridiales species incertae sedis|ext_mOTU_v31_17870	0
k__Bacteria|p__Firmicutes|c__Clostridia|o__Clostridiales|f__Clostridiales fam. incertae sedis|g__Clostridiales gen. incertae sedis|s__Clostridiales species incertae sedis|ext_mOTU_v31_17946	0
k__Bacteria|p__Firmicutes|c__Clostridia|o__Clostridiales|f__Clostridiales fam. incertae sedis|g__Clostridiales gen. incertae sedis|s__Clostridiales species incertae sedis|ext_mOTU_v31_17947	0
k__Bacteria|p__Firmicutes|c__Clostridia|o__Clostridiales|f__Clostridiales fam. incertae sedis|g__Clostridiales gen. incertae sedis|s__Clostridiales species incertae sedis|ext_mOTU_v31_17964	0
k__Bacteria|p__Firmicutes|c__Clostridia|o__Clostridiales|f__Clostridiales fam. incertae sedis|g__Clostridiales gen. incertae sedis|s__Clostridiales species incertae sedis|ext_mOTU_v31_17965	0
k__Bacteria|p__Firmicutes|c__Clostridia|o__Clostridiales|f__Clostridiales fam. incertae sedis|g__Clostridiales gen. incertae sedis|s__Clostridiales species incertae sedis|ext_mOTU_v31_17971	0
k__Bacteria|p__Firmicutes|c__Clostridia|o__Clostridiales|f__Clostridiales fam. incertae sedis|g__Clostridiales gen. incertae sedis|s__Clostridiales species incertae sedis|ext_mOTU_v31_17984	0
k__Bacteria|p__Firmicutes|c__Clostridia|o__Clostridiales|f__Clostridiales fam. incertae sedis|g__Clostridiales gen. incertae sedis|s__Clostridiales species incertae sedis|ext_mOTU_v31_17989	0
k__Bacteria|p__Firmicutes|c__Clostridia|o__Clostridiales|f__Clostridiales fam. incertae sedis|g__Clostridiales gen. incertae sedis|s__Clostridiales species incertae sedis|ext_mOTU_v31_17992	0
k__Bacteria|p__Firmicutes|c__Clostridia|o__Clostridiales|f__Clostridiales fam. incertae sedis|g__Clostridiales gen. incertae sedis|s__Clostridiales species incertae sedis|ext_mOTU_v31_17994	0
k__Bacteria|p__Firmicutes|c__Clostridia|o__Clostridiales|f__Clostridiales fam. incertae sedis|g__Clostridiales gen. incertae sedis|s__Clostridiales species incertae sedis|ext_mOTU_v31_17996	0
k__Bacteria|p__Firmicutes|c__Clostridia|o__Clostridiales|f__Clostridiales fam. incertae sedis|g__Clostridiales gen. incertae sedis|s__Clostridiales species incertae sedis|ext_mOTU_v31_18002	0
k__Bacteria|p__Firmicutes|c__Clostridia|o__Clostridiales|f__Clostridiales fam. incertae sedis|g__Clostridiales gen. incertae sedis|s__Clostridiales species incertae sedis|ext_mOTU_v31_18008	0
k__Bacteria|p__Firmicutes|c__Clostridia|o__Clostridiales|f__Clostridiales fam. incertae sedis|g__Clostridiales gen. incertae sedis|s__Clostridiales species incertae sedis|ext_mOTU_v31_18009	0
k__Bacteria|p__Firmicutes|c__Clostridia|o__Clostridiales|f__Clostridiales fam. incertae sedis|g__Clostridiales gen. incertae sedis|s__Clostridiales species incertae sedis|ext_mOTU_v31_18035	0
k__Bacteria|p__Firmicutes|c__Clostridia|o__Clostridiales|f__Clostridiales fam. incertae sedis|g__Clostridiales gen. incertae sedis|s__Clostridiales species incertae sedis|ext_mOTU_v31_18041	0
k__Bacteria|p__Firmicutes|c__Clostridia|o__Clostridiales|f__Clostridiales fam. incertae sedis|g__Clostridiales gen. incertae sedis|s__Clostridiales species incertae sedis|ext_mOTU_v31_18064	0
k__Bacteria|p__Firmicutes|c__Clostridia|o__Clostridiales|f__Clostridiales fam. incertae sedis|g__Clostridiales gen. incertae sedis|s__Clostridiales species incertae sedis|ext_mOTU_v31_18067	0
k__Bacteria|p__Firmicutes|c__Clostridia|o__Clostridiales|f__Clostridiales fam. incertae sedis|g__Clostridiales gen. incertae sedis|s__Clostridiales species incertae sedis|ext_mOTU_v31_18088	0
k__Bacteria|p__Firmicutes|c__Clostridia|o__Clostridiales|f__Clostridiales fam. incertae sedis|g__Clostridiales gen. incertae sedis|s__Clostridiales species incertae sedis|ext_mOTU_v31_18090	0
k__Bacteria|p__Firmicutes|c__Clostridia|o__Clostridiales|f__Clostridiales fam. incertae sedis|g__Clostridiales gen. incertae sedis|s__Clostridiales species incertae sedis|ext_mOTU_v31_18105	0
k__Bacteria|p__Firmicutes|c__Clostridia|o__Clostridiales|f__Clostridiales fam. incertae sedis|g__Clostridiales gen. incertae sedis|s__Clostridiales species incertae sedis|ext_mOTU_v31_18113	0
k__Bacteria|p__Firmicutes|c__Clostridia|o__Clostridiales|f__Clostridiales fam. incertae sedis|g__Clostridiales gen. incertae sedis|s__Clostridiales species incertae sedis|ext_mOTU_v31_18114	0
k__Bacteria|p__Firmicutes|c__Clostridia|o__Clostridiales|f__Clostridiales fam. incertae sedis|g__Clostridiales gen. incertae sedis|s__Clostridiales species incertae sedis|ext_mOTU_v31_18176	0
k__Bacteria|p__Firmicutes|c__Clostridia|o__Clostridiales|f__Clostridiales fam. incertae sedis|g__Clostridiales gen. incertae sedis|s__Clostridiales species incertae sedis|ext_mOTU_v31_18180	0
k__Bacteria|p__Firmicutes|c__Clostridia|o__Clostridiales|f__Clostridiales fam. incertae sedis|g__Clostridiales gen. incertae sedis|s__Clostridiales species incertae sedis|ext_mOTU_v31_18184	0
k__Bacteria|p__Firmicutes|c__Clostridia|o__Clostridiales|f__Clostridiales fam. incertae sedis|g__Clostridiales gen. incertae sedis|s__Clostridiales species incertae sedis|ext_mOTU_v31_18269	0
k__Bacteria|p__Firmicutes|c__Clostridia|o__Clostridiales|f__Clostridiales fam. incertae sedis|g__Clostridiales gen. incertae sedis|s__Clostridiales species incertae sedis|ext_mOTU_v31_18270	0
k__Bacteria|p__Firmicutes|c__Clostridia|o__Clostridiales|f__Clostridiales fam. incertae sedis|g__Clostridiales gen. incertae sedis|s__Clostridiales species incertae sedis|ext_mOTU_v31_18272	0
k__Bacteria|p__Firmicutes|c__Clostridia|o__Clostridiales|f__Clostridiales fam. incertae sedis|g__Clostridiales gen. incertae sedis|s__Clostridiales species incertae sedis|ext_mOTU_v31_18275	0
k__Bacteria|p__Firmicutes|c__Clostridia|o__Clostridiales|f__Clostridiales fam. incertae sedis|g__Clostridiales gen. incertae sedis|s__Clostridiales species incertae sedis|ext_mOTU_v31_18401	0
k__Bacteria|p__Firmicutes|c__Clostridia|o__Clostridiales|f__Clostridiales fam. incertae sedis|g__Clostridiales gen. incertae sedis|s__Clostridiales species incertae sedis|ext_mOTU_v31_25390	0
k__Bacteria|p__Firmicutes|c__Clostridia|o__Clostridiales|f__Clostridiales fam. incertae sedis|g__Clostridiales gen. incertae sedis|s__Clostridiales species incertae sedis|ext_mOTU_v31_25392	0
k__Bacteria|p__Firmicutes|c__Clostridia|o__Clostridiales|f__Clostridiales fam. incertae sedis|g__Clostridiales gen. incertae sedis|s__Clostridiales species incertae sedis|ext_mOTU_v31_25413	0
k__Bacteria|p__Firmicutes|c__Clostridia|o__Clostridiales|f__Clostridiales fam. incertae sedis|g__Clostridiales gen. incertae sedis|s__Clostridiales species incertae sedis|ext_mOTU_v31_25441	0
k__Bacteria|p__Firmicutes|c__Clostridia|o__Clostridiales|f__Clostridiales fam. incertae sedis|g__Clostridiales gen. incertae sedis|s__Clostridiales species incertae sedis|ext_mOTU_v31_25447	0
k__Bacteria|p__Firmicutes|c__Clostridia|o__Clostridiales|f__Clostridiales fam. incertae sedis|g__Clostridiales gen. incertae sedis|s__Clostridiales species incertae sedis|ext_mOTU_v31_25458	0
k__Bacteria|p__Firmicutes|c__Clostridia|o__Clostridiales|f__Clostridiales fam. incertae sedis|g__Clostridiales gen. incertae sedis|s__Clostridiales species incertae sedis|ext_mOTU_v31_25464	0
k__Bacteria|p__Firmicutes|c__Clostridia|o__Clostridiales|f__Clostridiales fam. incertae sedis|g__Clostridiales gen. incertae sedis|s__Clostridiales species incertae sedis|ext_mOTU_v31_25475	0
k__Bacteria|p__Firmicutes|c__Clostridia|o__Clostridiales|f__Clostridiales fam. incertae sedis|g__Clostridiales gen. incertae sedis|s__Clostridiales species incertae sedis|ext_mOTU_v31_26769	0
k__Bacteria|p__Firmicutes|c__Clostridia|o__Clostridiales|f__Clostridiales fam. incertae sedis|g__Clostridiales gen. incertae sedis|s__Clostridiales species incertae sedis|ext_mOTU_v31_26775	0
k__Bacteria|p__Firmicutes|c__Clostridia|o__Clostridiales|f__Clostridiales fam. incertae sedis|g__Clostridiales gen. incertae sedis|s__Clostridiales species incertae sedis|ext_mOTU_v31_26778	0
k__Bacteria|p__Firmicutes|c__Clostridia|o__Clostridiales|f__Clostridiales fam. incertae sedis|g__Clostridiales gen. incertae sedis|s__Clostridiales species incertae sedis|ext_mOTU_v31_26786	0
k__Bacteria|p__Firmicutes|c__Clostridia|o__Clostridiales|f__Clostridiales fam. incertae sedis|g__Clostridiales gen. incertae sedis|s__Clostridiales species incertae sedis|ext_mOTU_v31_26811	0
k__Bacteria|p__Firmicutes|c__Clostridia|o__Clostridiales|f__Clostridiales fam. incertae sedis|g__Clostridiales gen. incertae sedis|s__Clostridiales species incertae sedis|ext_mOTU_v31_26837	0
k__Bacteria|p__Firmicutes|c__Clostridia|o__Clostridiales|f__Clostridiales fam. incertae sedis|g__Clostridiales gen. incertae sedis|s__Clostridiales species incertae sedis|ext_mOTU_v31_26855	0
k__Bacteria|p__Firmicutes|c__Clostridia|o__Clostridiales|f__Clostridiales fam. incertae sedis|g__Clostridiales gen. incertae sedis|s__Clostridiales species incertae sedis|ext_mOTU_v31_26864	0
k__Bacteria|p__Firmicutes|c__Clostridia|o__Clostridiales|f__Clostridiales fam. incertae sedis|g__Clostridiales gen. incertae sedis|s__Clostridiales species incertae sedis|ext_mOTU_v31_26978	0
k__Bacteria|p__Firmicutes|c__Clostridia|o__Clostridiales|f__Clostridiales fam. incertae sedis|g__Clostridiales gen. incertae sedis|s__Clostridiales species incertae sedis|ext_mOTU_v31_26980	0
k__Bacteria|p__Firmicutes|c__Clostridia|o__Clostridiales|f__Clostridiales fam. incertae sedis|g__Clostridiales gen. incertae sedis|s__Clostridiales species incertae sedis|ext_mOTU_v31_26991	0
k__Bacteria|p__Firmicutes|c__Clostridia|o__Clostridiales|f__Clostridiales fam. incertae sedis|g__Clostridiales gen. incertae sedis|s__Clostridiales species incertae sedis|ext_mOTU_v31_27009	0
k__Bacteria|p__Firmicutes|c__Clostridia|o__Clostridiales|f__Clostridiales fam. incertae sedis|g__Clostridiales gen. incertae sedis|s__Clostridiales species incertae sedis|ext_mOTU_v31_27015	0
k__Bacteria|p__Firmicutes|c__Clostridia|o__Clostridiales|f__Clostridiales fam. incertae sedis|g__Clostridiales gen. incertae sedis|s__Clostridiales species incertae sedis|ext_mOTU_v31_27020	0
k__Bacteria|p__Firmicutes|c__Clostridia|o__Clostridiales|f__Clostridiales fam. incertae sedis|g__Clostridiales gen. incertae sedis|s__Clostridiales species incertae sedis|ext_mOTU_v31_27022	0
k__Bacteria|p__Firmicutes|c__Clostridia|o__Clostridiales|f__Clostridiales fam. incertae sedis|g__Clostridiales gen. incertae sedis|s__Clostridiales species incertae sedis|ext_mOTU_v31_27030	0
k__Bacteria|p__Firmicutes|c__Clostridia|o__Clostridiales|f__Clostridiales fam. incertae sedis|g__Clostridiales gen. incertae sedis|s__Clostridiales species incertae sedis|ext_mOTU_v31_27033	0
k__Bacteria|p__Firmicutes|c__Clostridia|o__Clostridiales|f__Clostridiales fam. incertae sedis|g__Clostridiales gen. incertae sedis|s__Clostridiales species incertae sedis|ext_mOTU_v31_27053	0
k__Bacteria|p__Firmicutes|c__Clostridia|o__Clostridiales|f__Clostridiales fam. incertae sedis|g__Clostridiales gen. incertae sedis|s__Clostridiales species incertae sedis|ext_mOTU_v31_27131	0
k__Bacteria|p__Firmicutes|c__Clostridia|o__Clostridiales|f__Clostridiales fam. incertae sedis|g__Clostridiales gen. incertae sedis|s__Clostridiales species incertae sedis|ext_mOTU_v31_27133	0
k__Bacteria|p__Firmicutes|c__Clostridia|o__Clostridiales|f__Clostridiales fam. incertae sedis|g__Clostridiales gen. incertae sedis|s__Clostridiales species incertae sedis|ext_mOTU_v31_27135	0
k__Bacteria|p__Firmicutes|c__Clostridia|o__Clostridiales|f__Clostridiales fam. incertae sedis|g__Clostridiales gen. incertae sedis|s__Clostridiales species incertae sedis|ext_mOTU_v31_27152	0
k__Bacteria|p__Firmicutes|c__Clostridia|o__Clostridiales|f__Clostridiales fam. incertae sedis|g__Clostridiales gen. incertae sedis|s__Clostridiales species incertae sedis|ext_mOTU_v31_27154	0
k__Bacteria|p__Firmicutes|c__Clostridia|o__Clostridiales|f__Clostridiales fam. incertae sedis|g__Clostridiales gen. incertae sedis|s__Clostridiales species incertae sedis|ext_mOTU_v31_27159	0
k__Bacteria|p__Firmicutes|c__Clostridia|o__Clostridiales|f__Clostridiales fam. incertae sedis|g__Clostridiales gen. incertae sedis|s__Clostridiales species incertae sedis|ext_mOTU_v31_27170	0
k__Bacteria|p__Firmicutes|c__Clostridia|o__Clostridiales|f__Clostridiales fam. incertae sedis|g__Clostridiales gen. incertae sedis|s__Clostridiales species incertae sedis|ext_mOTU_v31_27180	0
k__Bacteria|p__Firmicutes|c__Clostridia|o__Clostridiales|f__Clostridiales fam. incertae sedis|g__Clostridiales gen. incertae sedis|s__Clostridiales species incertae sedis|ext_mOTU_v31_27188	0
k__Bacteria|p__Firmicutes|c__Clostridia|o__Clostridiales|f__Clostridiales fam. incertae sedis|g__Clostridiales gen. incertae sedis|s__Clostridiales species incertae sedis|ext_mOTU_v31_27248	0
k__Bacteria|p__Firmicutes|c__Clostridia|o__Clostridiales|f__Clostridiales fam. incertae sedis|g__Clostridiales gen. incertae sedis|s__Clostridiales species incertae sedis|ext_mOTU_v31_27254	0
k__Bacteria|p__Firmicutes|c__Clostridia|o__Clostridiales|f__Clostridiales fam. incertae sedis|g__Clostridiales gen. incertae sedis|s__Clostridiales species incertae sedis|ext_mOTU_v31_27272	0
k__Bacteria|p__Firmicutes|c__Clostridia|o__Clostridiales|f__Clostridiales fam. incertae sedis|g__Clostridiales gen. incertae sedis|s__Clostridiales species incertae sedis|ext_mOTU_v31_27286	0
k__Bacteria|p__Firmicutes|c__Clostridia|o__Clostridiales|f__Clostridiales fam. incertae sedis|g__Clostridiales gen. incertae sedis|s__Clostridiales species incertae sedis|ext_mOTU_v31_27294	0
k__Bacteria|p__Firmicutes|c__Clostridia|o__Clostridiales|f__Clostridiales fam. incertae sedis|g__Clostridiales gen. incertae sedis|s__Clostridiales species incertae sedis|ext_mOTU_v31_27447	0
k__Bacteria|p__Firmicutes|c__Clostridia|o__Clostridiales|f__Clostridiales fam. incertae sedis|g__Clostridiales gen. incertae sedis|s__Clostridiales species incertae sedis|ext_mOTU_v31_27461	0
k__Bacteria|p__Firmicutes|c__Clostridia|o__Clostridiales|f__Clostridiales fam. incertae sedis|g__Clostridiales gen. incertae sedis|s__Clostridiales species incertae sedis|ext_mOTU_v31_27469	0
k__Bacteria|p__Firmicutes|c__Clostridia|o__Clostridiales|f__Clostridiales fam. incertae sedis|g__Clostridiales gen. incertae sedis|s__Clostridiales species incertae sedis|ext_mOTU_v31_27474	0
k__Bacteria|p__Firmicutes|c__Clostridia|o__Clostridiales|f__Clostridiales fam. incertae sedis|g__Clostridiales gen. incertae sedis|s__Clostridiales species incertae sedis|ext_mOTU_v31_27485	0
k__Bacteria|p__Firmicutes|c__Clostridia|o__Clostridiales|f__Clostridiales fam. incertae sedis|g__Clostridiales gen. incertae sedis|s__Clostridiales species incertae sedis|ext_mOTU_v31_27505	0
k__Bacteria|p__Firmicutes|c__Clostridia|o__Clostridiales|f__Clostridiales fam. incertae sedis|g__Clostridiales gen. incertae sedis|s__Clostridiales species incertae sedis|ext_mOTU_v31_27514	0
k__Bacteria|p__Firmicutes|c__Clostridia|o__Clostridiales|f__Clostridiales fam. incertae sedis|g__Clostridiales gen. incertae sedis|s__Clostridiales species incertae sedis|ext_mOTU_v31_29337	0
k__Bacteria|p__Firmicutes|c__Clostridia|o__Clostridiales|f__Clostridiales fam. incertae sedis|g__Clostridiales gen. incertae sedis|s__Clostridiales species incertae sedis|ext_mOTU_v31_29341	0
k__Bacteria|p__Firmicutes|c__Clostridia|o__Clostridiales|f__Clostridiales fam. incertae sedis|g__Clostridiales gen. incertae sedis|s__Clostridiales species incertae sedis|ext_mOTU_v31_29368	0
k__Bacteria|p__Firmicutes|c__Clostridia|o__Clostridiales|f__Clostridiales fam. incertae sedis|g__Clostridiales gen. incertae sedis|s__Clostridiales species incertae sedis|ext_mOTU_v31_29579	0
k__Bacteria|p__Firmicutes|c__Clostridia|o__Clostridiales|f__Clostridiales fam. incertae sedis|g__Clostridiales gen. incertae sedis|s__Clostridiales species incertae sedis|ext_mOTU_v31_29586	0
k__Bacteria|p__Firmicutes|c__Clostridia|o__Clostridiales|f__Clostridiales fam. incertae sedis|g__Clostridiales gen. incertae sedis|s__Clostridiales species incertae sedis|ext_mOTU_v31_33910	0
k__Bacteria|p__Firmicutes|c__Clostridia|o__Clostridiales|f__Clostridiales fam. incertae sedis|g__Clostridiales gen. incertae sedis|s__Clostridiales species incertae sedis|ext_mOTU_v31_33911	0
k__Bacteria|p__Firmicutes|c__Clostridia|o__Clostridiales|f__Clostridiales fam. incertae sedis|g__Clostridiales gen. incertae sedis|s__Clostridiales species incertae sedis|ext_mOTU_v31_33929	0
k__Bacteria|p__Firmicutes|c__Clostridia|o__Clostridiales|f__Clostridiales fam. incertae sedis|g__Clostridiales gen. incertae sedis|s__Clostridiales species incertae sedis|ext_mOTU_v31_34556	0
k__Bacteria|p__Firmicutes|c__Clostridia|o__Clostridiales|f__Clostridiales fam. incertae sedis|g__Clostridiales gen. incertae sedis|s__Clostridiales species incertae sedis|ext_mOTU_v31_34559	0
k__Bacteria|p__Firmicutes|c__Clostridia|o__Clostridiales|f__Clostridiales fam. incertae sedis|g__Clostridiales gen. incertae sedis|s__Clostridiales species incertae sedis|ext_mOTU_v31_34568	0
k__Bacteria|p__Firmicutes|c__Clostridia|o__Clostridiales|f__Clostridiales fam. incertae sedis|g__Clostridiales gen. incertae sedis|s__Clostridiales species incertae sedis|meta_mOTU_v31_12228	0
k__Bacteria|p__Firmicutes|c__Clostridia|o__Clostridiales|f__Clostridiales fam. incertae sedis|g__Clostridiales gen. incertae sedis|s__Clostridiales species incertae sedis|meta_mOTU_v31_12229	0
k__Bacteria|p__Firmicutes|c__Clostridia|o__Clostridiales|f__Clostridiales fam. incertae sedis|g__Clostridiales gen. incertae sedis|s__Clostridiales species incertae sedis|meta_mOTU_v31_12237	0
k__Bacteria|p__Firmicutes|c__Clostridia|o__Clostridiales|f__Clostridiales fam. incertae sedis|g__Clostridiales gen. incertae sedis|s__Clostridiales species incertae sedis|meta_mOTU_v31_12251	0
k__Bacteria|p__Firmicutes|c__Clostridia|o__Clostridiales|f__Clostridiales fam. incertae sedis|g__Clostridiales gen. incertae sedis|s__Clostridiales species incertae sedis|meta_mOTU_v31_12253	0
k__Bacteria|p__Firmicutes|c__Clostridia|o__Clostridiales|f__Clostridiales fam. incertae sedis|g__Clostridiales gen. incertae sedis|s__Clostridiales species incertae sedis|meta_mOTU_v31_12254	0
k__Bacteria|p__Firmicutes|c__Clostridia|o__Clostridiales|f__Clostridiales fam. incertae sedis|g__Clostridiales gen. incertae sedis|s__Clostridiales species incertae sedis|meta_mOTU_v31_12256	0
k__Bacteria|p__Firmicutes|c__Clostridia|o__Clostridiales|f__Clostridiales fam. incertae sedis|g__Clostridiales gen. incertae sedis|s__Clostridiales species incertae sedis|meta_mOTU_v31_12265	0
k__Bacteria|p__Firmicutes|c__Clostridia|o__Clostridiales|f__Clostridiales fam. incertae sedis|g__Clostridiales gen. incertae sedis|s__Clostridiales species incertae sedis|meta_mOTU_v31_12272	0
k__Bacteria|p__Firmicutes|c__Clostridia|o__Clostridiales|f__Clostridiales fam. incertae sedis|g__Clostridiales gen. incertae sedis|s__Clostridiales species incertae sedis|meta_mOTU_v31_12277	0
k__Bacteria|p__Firmicutes|c__Clostridia|o__Clostridiales|f__Clostridiales fam. incertae sedis|g__Clostridiales gen. incertae sedis|s__Clostridiales species incertae sedis|meta_mOTU_v31_12287	0
k__Bacteria|p__Firmicutes|c__Clostridia|o__Clostridiales|f__Clostridiales fam. incertae sedis|g__Clostridiales gen. incertae sedis|s__Clostridiales species incertae sedis|meta_mOTU_v31_12288	0
k__Bacteria|p__Firmicutes|c__Clostridia|o__Clostridiales|f__Clostridiales fam. incertae sedis|g__Clostridiales gen. incertae sedis|s__Clostridiales species incertae sedis|meta_mOTU_v31_12298	0
k__Bacteria|p__Firmicutes|c__Clostridia|o__Clostridiales|f__Clostridiales fam. incertae sedis|g__Clostridiales gen. incertae sedis|s__Clostridiales species incertae sedis|meta_mOTU_v31_12300	0
k__Bacteria|p__Firmicutes|c__Clostridia|o__Clostridiales|f__Clostridiales fam. incertae sedis|g__Clostridiales gen. incertae sedis|s__Clostridiales species incertae sedis|meta_mOTU_v31_12301	0
k__Bacteria|p__Firmicutes|c__Clostridia|o__Clostridiales|f__Clostridiales fam. incertae sedis|g__Clostridiales gen. incertae sedis|s__Clostridiales species incertae sedis|meta_mOTU_v31_12304	0
k__Bacteria|p__Firmicutes|c__Clostridia|o__Clostridiales|f__Clostridiales fam. incertae sedis|g__Clostridiales gen. incertae sedis|s__Clostridiales species incertae sedis|meta_mOTU_v31_12309	0
k__Bacteria|p__Firmicutes|c__Clostridia|o__Clostridiales|f__Clostridiales fam. incertae sedis|g__Clostridiales gen. incertae sedis|s__Clostridiales species incertae sedis|meta_mOTU_v31_12318	0
k__Bacteria|p__Firmicutes|c__Clostridia|o__Clostridiales|f__Clostridiales fam. incertae sedis|g__Clostridiales gen. incertae sedis|s__Clostridiales species incertae sedis|meta_mOTU_v31_12334	0
k__Bacteria|p__Firmicutes|c__Clostridia|o__Clostridiales|f__Clostridiales fam. incertae sedis|g__Clostridiales gen. incertae sedis|s__Clostridiales species incertae sedis|meta_mOTU_v31_12340	0
k__Bacteria|p__Firmicutes|c__Clostridia|o__Clostridiales|f__Clostridiales fam. incertae sedis|g__Clostridiales gen. incertae sedis|s__Clostridiales species incertae sedis|meta_mOTU_v31_12351	0
k__Bacteria|p__Firmicutes|c__Clostridia|o__Clostridiales|f__Clostridiales fam. incertae sedis|g__Clostridiales gen. incertae sedis|s__Clostridiales species incertae sedis|meta_mOTU_v31_12382	0
k__Bacteria|p__Firmicutes|c__Clostridia|o__Clostridiales|f__Clostridiales fam. incertae sedis|g__Clostridiales gen. incertae sedis|s__Clostridiales species incertae sedis|meta_mOTU_v31_12386	0
k__Bacteria|p__Firmicutes|c__Clostridia|o__Clostridiales|f__Clostridiales fam. incertae sedis|g__Clostridiales gen. incertae sedis|s__Clostridiales species incertae sedis|meta_mOTU_v31_12390	0
k__Bacteria|p__Firmicutes|c__Clostridia|o__Clostridiales|f__Clostridiales fam. incertae sedis|g__Clostridiales gen. incertae sedis|s__Clostridiales species incertae sedis|meta_mOTU_v31_12401	0
k__Bacteria|p__Firmicutes|c__Clostridia|o__Clostridiales|f__Clostridiales fam. incertae sedis|g__Clostridiales gen. incertae sedis|s__Clostridiales species incertae sedis|meta_mOTU_v31_12404	0
k__Bacteria|p__Firmicutes|c__Clostridia|o__Clostridiales|f__Clostridiales fam. incertae sedis|g__Clostridiales gen. incertae sedis|s__Clostridiales species incertae sedis|meta_mOTU_v31_12425	0
k__Bacteria|p__Firmicutes|c__Clostridia|o__Clostridiales|f__Clostridiales fam. incertae sedis|g__Clostridiales gen. incertae sedis|s__Clostridiales species incertae sedis|meta_mOTU_v31_12426	0
k__Bacteria|p__Firmicutes|c__Clostridia|o__Clostridiales|f__Clostridiales fam. incertae sedis|g__Clostridiales gen. incertae sedis|s__Clostridiales species incertae sedis|meta_mOTU_v31_12437	0
k__Bacteria|p__Firmicutes|c__Clostridia|o__Clostridiales|f__Clostridiales fam. incertae sedis|g__Clostridiales gen. incertae sedis|s__Clostridiales species incertae sedis|meta_mOTU_v31_12445	0
k__Bacteria|p__Firmicutes|c__Clostridia|o__Clostridiales|f__Clostridiales fam. incertae sedis|g__Clostridiales gen. incertae sedis|s__Clostridiales species incertae sedis|meta_mOTU_v31_12447	0
k__Bacteria|p__Firmicutes|c__Clostridia|o__Clostridiales|f__Clostridiales fam. incertae sedis|g__Clostridiales gen. incertae sedis|s__Clostridiales species incertae sedis|meta_mOTU_v31_12452	0
k__Bacteria|p__Firmicutes|c__Clostridia|o__Clostridiales|f__Clostridiales fam. incertae sedis|g__Clostridiales gen. incertae sedis|s__Clostridiales species incertae sedis|meta_mOTU_v31_12458	0
k__Bacteria|p__Firmicutes|c__Clostridia|o__Clostridiales|f__Clostridiales fam. incertae sedis|g__Clostridiales gen. incertae sedis|s__Clostridiales species incertae sedis|meta_mOTU_v31_12463	0
k__Bacteria|p__Firmicutes|c__Clostridia|o__Clostridiales|f__Clostridiales fam. incertae sedis|g__Clostridiales gen. incertae sedis|s__Clostridiales species incertae sedis|meta_mOTU_v31_12470	0
k__Bacteria|p__Firmicutes|c__Clostridia|o__Clostridiales|f__Clostridiales fam. incertae sedis|g__Clostridiales gen. incertae sedis|s__Clostridiales species incertae sedis|meta_mOTU_v31_12473	0
k__Bacteria|p__Firmicutes|c__Clostridia|o__Clostridiales|f__Clostridiales fam. incertae sedis|g__Clostridiales gen. incertae sedis|s__Clostridiales species incertae sedis|meta_mOTU_v31_12475	0
k__Bacteria|p__Firmicutes|c__Clostridia|o__Clostridiales|f__Clostridiales fam. incertae sedis|g__Clostridiales gen. incertae sedis|s__Clostridiales species incertae sedis|meta_mOTU_v31_12486	0
k__Bacteria|p__Firmicutes|c__Clostridia|o__Clostridiales|f__Clostridiales fam. incertae sedis|g__Clostridiales gen. incertae sedis|s__Clostridiales species incertae sedis|meta_mOTU_v31_12487	0
k__Bacteria|p__Firmicutes|c__Clostridia|o__Clostridiales|f__Clostridiales fam. incertae sedis|g__Clostridiales gen. incertae sedis|s__Clostridiales species incertae sedis|meta_mOTU_v31_12491	0
k__Bacteria|p__Firmicutes|c__Clostridia|o__Clostridiales|f__Clostridiales fam. incertae sedis|g__Clostridiales gen. incertae sedis|s__Clostridiales species incertae sedis|meta_mOTU_v31_12494	0
k__Bacteria|p__Firmicutes|c__Clostridia|o__Clostridiales|f__Clostridiales fam. incertae sedis|g__Clostridiales gen. incertae sedis|s__Clostridiales species incertae sedis|meta_mOTU_v31_12496	0
k__Bacteria|p__Firmicutes|c__Clostridia|o__Clostridiales|f__Clostridiales fam. incertae sedis|g__Clostridiales gen. incertae sedis|s__Clostridiales species incertae sedis|meta_mOTU_v31_12497	0
k__Bacteria|p__Firmicutes|c__Clostridia|o__Clostridiales|f__Clostridiales fam. incertae sedis|g__Clostridiales gen. incertae sedis|s__Clostridiales species incertae sedis|meta_mOTU_v31_12516	0
k__Bacteria|p__Firmicutes|c__Clostridia|o__Clostridiales|f__Clostridiales fam. incertae sedis|g__Clostridiales gen. incertae sedis|s__Clostridiales species incertae sedis|meta_mOTU_v31_12521	0
k__Bacteria|p__Firmicutes|c__Clostridia|o__Clostridiales|f__Clostridiales fam. incertae sedis|g__Clostridiales gen. incertae sedis|s__Clostridiales species incertae sedis|meta_mOTU_v31_12524	0
k__Bacteria|p__Firmicutes|c__Clostridia|o__Clostridiales|f__Clostridiales fam. incertae sedis|g__Clostridiales gen. incertae sedis|s__Clostridiales species incertae sedis|meta_mOTU_v31_12534	0
k__Bacteria|p__Firmicutes|c__Clostridia|o__Clostridiales|f__Clostridiales fam. incertae sedis|g__Clostridiales gen. incertae sedis|s__Clostridiales species incertae sedis|meta_mOTU_v31_12547	0
k__Bacteria|p__Firmicutes|c__Clostridia|o__Clostridiales|f__Clostridiales fam. incertae sedis|g__Clostridiales gen. incertae sedis|s__Clostridiales species incertae sedis|meta_mOTU_v31_12561	0
k__Bacteria|p__Firmicutes|c__Clostridia|o__Clostridiales|f__Clostridiales fam. incertae sedis|g__Clostridiales gen. incertae sedis|s__Clostridiales species incertae sedis|meta_mOTU_v31_12583	0
k__Bacteria|p__Firmicutes|c__Clostridia|o__Clostridiales|f__Clostridiales fam. incertae sedis|g__Clostridiales gen. incertae sedis|s__Clostridiales species incertae sedis|meta_mOTU_v31_12587	0
k__Bacteria|p__Firmicutes|c__Clostridia|o__Clostridiales|f__Clostridiales fam. incertae sedis|g__Clostridiales gen. incertae sedis|s__Clostridiales species incertae sedis|meta_mOTU_v31_12601	0
k__Bacteria|p__Firmicutes|c__Clostridia|o__Clostridiales|f__Clostridiales fam. incertae sedis|g__Clostridiales gen. incertae sedis|s__Clostridiales species incertae sedis|meta_mOTU_v31_12602	0
k__Bacteria|p__Firmicutes|c__Clostridia|o__Clostridiales|f__Clostridiales fam. incertae sedis|g__Clostridiales gen. incertae sedis|s__Clostridiales species incertae sedis|meta_mOTU_v31_12623	0
k__Bacteria|p__Firmicutes|c__Clostridia|o__Clostridiales|f__Clostridiales fam. incertae sedis|g__Clostridiales gen. incertae sedis|s__Clostridiales species incertae sedis|meta_mOTU_v31_12631	0
k__Bacteria|p__Firmicutes|c__Clostridia|o__Clostridiales|f__Clostridiales fam. incertae sedis|g__Clostridiales gen. incertae sedis|s__Clostridiales species incertae sedis|meta_mOTU_v31_12635	0
k__Bacteria|p__Firmicutes|c__Clostridia|o__Clostridiales|f__Clostridiales fam. incertae sedis|g__Clostridiales gen. incertae sedis|s__Clostridiales species incertae sedis|meta_mOTU_v31_12654	0
k__Bacteria|p__Firmicutes|c__Clostridia|o__Clostridiales|f__Clostridiales fam. incertae sedis|g__Clostridiales gen. incertae sedis|s__Clostridiales species incertae sedis|meta_mOTU_v31_12667	0
k__Bacteria|p__Firmicutes|c__Clostridia|o__Clostridiales|f__Clostridiales fam. incertae sedis|g__Clostridiales gen. incertae sedis|s__Clostridiales species incertae sedis|meta_mOTU_v31_12668	0
k__Bacteria|p__Firmicutes|c__Clostridia|o__Clostridiales|f__Clostridiales fam. incertae sedis|g__Clostridiales gen. incertae sedis|s__Clostridiales species incertae sedis|meta_mOTU_v31_12674	0
k__Bacteria|p__Firmicutes|c__Clostridia|o__Clostridiales|f__Clostridiales fam. incertae sedis|g__Clostridiales gen. incertae sedis|s__Clostridiales species incertae sedis|meta_mOTU_v31_12681	0
k__Bacteria|p__Firmicutes|c__Clostridia|o__Clostridiales|f__Clostridiales fam. incertae sedis|g__Clostridiales gen. incertae sedis|s__Clostridiales species incertae sedis|meta_mOTU_v31_12691	0
k__Bacteria|p__Firmicutes|c__Clostridia|o__Clostridiales|f__Clostridiales fam. incertae sedis|g__Clostridiales gen. incertae sedis|s__Clostridiales species incertae sedis|meta_mOTU_v31_12706	0
k__Bacteria|p__Firmicutes|c__Clostridia|o__Clostridiales|f__Clostridiales fam. incertae sedis|g__Clostridiales gen. incertae sedis|s__Clostridiales species incertae sedis|meta_mOTU_v31_12745	0
k__Bacteria|p__Firmicutes|c__Clostridia|o__Clostridiales|f__Clostridiales fam. incertae sedis|g__Clostridiales gen. incertae sedis|s__Clostridiales species incertae sedis|meta_mOTU_v31_12747	0
k__Bacteria|p__Firmicutes|c__Clostridia|o__Clostridiales|f__Clostridiales fam. incertae sedis|g__Clostridiales gen. incertae sedis|s__Clostridiales species incertae sedis|meta_mOTU_v31_12755	0
k__Bacteria|p__Firmicutes|c__Clostridia|o__Clostridiales|f__Clostridiales fam. incertae sedis|g__Clostridiales gen. incertae sedis|s__Clostridiales species incertae sedis|meta_mOTU_v31_12761	0
k__Bacteria|p__Firmicutes|c__Clostridia|o__Clostridiales|f__Clostridiales fam. incertae sedis|g__Clostridiales gen. incertae sedis|s__Clostridiales species incertae sedis|meta_mOTU_v31_12763	0
k__Bacteria|p__Firmicutes|c__Clostridia|o__Clostridiales|f__Clostridiales fam. incertae sedis|g__Clostridiales gen. incertae sedis|s__Clostridiales species incertae sedis|meta_mOTU_v31_12774	0
k__Bacteria|p__Firmicutes|c__Clostridia|o__Clostridiales|f__Clostridiales fam. incertae sedis|g__Clostridiales gen. incertae sedis|s__Clostridiales species incertae sedis|meta_mOTU_v31_12776	0
k__Bacteria|p__Firmicutes|c__Clostridia|o__Clostridiales|f__Clostridiales fam. incertae sedis|g__Clostridiales gen. incertae sedis|s__Clostridiales species incertae sedis|meta_mOTU_v31_12777	0
k__Bacteria|p__Firmicutes|c__Clostridia|o__Clostridiales|f__Clostridiales fam. incertae sedis|g__Clostridiales gen. incertae sedis|s__Clostridiales species incertae sedis|meta_mOTU_v31_12804	0
k__Bacteria|p__Firmicutes|c__Clostridia|o__Clostridiales|f__Clostridiales fam. incertae sedis|g__Clostridiales gen. incertae sedis|s__Clostridiales species incertae sedis|meta_mOTU_v31_12809	0
k__Bacteria|p__Firmicutes|c__Clostridia|o__Clostridiales|f__Clostridiales fam. incertae sedis|g__Clostridiales gen. incertae sedis|s__Clostridiales species incertae sedis|meta_mOTU_v31_12832	0
k__Bacteria|p__Firmicutes|c__Clostridia|o__Clostridiales|f__Clostridiales fam. incertae sedis|g__Clostridiales gen. incertae sedis|s__Clostridiales species incertae sedis|meta_mOTU_v31_12841	0
k__Bacteria|p__Firmicutes|c__Clostridia|o__Clostridiales|f__Clostridiales fam. incertae sedis|g__Clostridiales gen. incertae sedis|s__Clostridiales species incertae sedis|meta_mOTU_v31_12842	0
k__Bacteria|p__Firmicutes|c__Clostridia|o__Clostridiales|f__Clostridiales fam. incertae sedis|g__Clostridiales gen. incertae sedis|s__Clostridiales species incertae sedis|meta_mOTU_v31_12851	0
k__Bacteria|p__Firmicutes|c__Clostridia|o__Clostridiales|f__Clostridiales fam. incertae sedis|g__Clostridiales gen. incertae sedis|s__Clostridiales species incertae sedis|meta_mOTU_v31_12855	0
k__Bacteria|p__Firmicutes|c__Clostridia|o__Clostridiales|f__Clostridiales fam. incertae sedis|g__Clostridiales gen. incertae sedis|s__Clostridiales species incertae sedis|meta_mOTU_v31_12862	0
k__Bacteria|p__Firmicutes|c__Clostridia|o__Clostridiales|f__Clostridiales fam. incertae sedis|g__Clostridiales gen. incertae sedis|s__Clostridiales species incertae sedis|meta_mOTU_v31_12873	0
k__Bacteria|p__Firmicutes|c__Clostridia|o__Clostridiales|f__Clostridiales fam. incertae sedis|g__Clostridiales gen. incertae sedis|s__Clostridiales species incertae sedis|meta_mOTU_v31_12887	0
k__Bacteria|p__Firmicutes|c__Clostridia|o__Clostridiales|f__Clostridiales fam. incertae sedis|g__Clostridiales gen. incertae sedis|s__Clostridiales species incertae sedis|meta_mOTU_v31_12894	0
k__Bacteria|p__Firmicutes|c__Clostridia|o__Clostridiales|f__Clostridiales fam. incertae sedis|g__Clostridiales gen. incertae sedis|s__Clostridiales species incertae sedis|meta_mOTU_v31_12903	0
k__Bacteria|p__Firmicutes|c__Clostridia|o__Clostridiales|f__Clostridiales fam. incertae sedis|g__Clostridiales gen. incertae sedis|s__Clostridiales species incertae sedis|meta_mOTU_v31_12910	0
k__Bacteria|p__Firmicutes|c__Clostridia|o__Clostridiales|f__Clostridiales fam. incertae sedis|g__Clostridiales gen. incertae sedis|s__Clostridiales species incertae sedis|meta_mOTU_v31_12917	0
k__Bacteria|p__Firmicutes|c__Clostridia|o__Clostridiales|f__Clostridiales fam. incertae sedis|g__Clostridiales gen. incertae sedis|s__Clostridiales species incertae sedis|meta_mOTU_v31_12952	0
k__Bacteria|p__Firmicutes|c__Clostridia|o__Clostridiales|f__Clostridiales fam. incertae sedis|g__Clostridiales gen. incertae sedis|s__Clostridiales species incertae sedis|meta_mOTU_v31_12974	0
k__Bacteria|p__Firmicutes|c__Clostridia|o__Clostridiales|f__Clostridiales fam. incertae sedis|g__Clostridiales gen. incertae sedis|s__Clostridiales species incertae sedis|meta_mOTU_v31_12978	0
k__Bacteria|p__Firmicutes|c__Clostridia|o__Clostridiales|f__Clostridiales fam. incertae sedis|g__Clostridiales gen. incertae sedis|s__Clostridiales species incertae sedis|meta_mOTU_v31_12997	0
k__Bacteria|p__Firmicutes|c__Clostridia|o__Clostridiales|f__Clostridiales fam. incertae sedis|g__Clostridiales gen. incertae sedis|s__Clostridiales species incertae sedis|meta_mOTU_v31_13030	0
k__Bacteria|p__Firmicutes|c__Clostridia|o__Clostridiales|f__Clostridiales fam. incertae sedis|g__Clostridiales gen. incertae sedis|s__Clostridiales species incertae sedis|meta_mOTU_v31_13031	0
k__Bacteria|p__Firmicutes|c__Clostridia|o__Clostridiales|f__Clostridiales fam. incertae sedis|g__Clostridiales gen. incertae sedis|s__Clostridiales species incertae sedis|meta_mOTU_v31_13100	0
k__Bacteria|p__Firmicutes|c__Clostridia|o__Clostridiales|f__Clostridiales fam. incertae sedis|g__Clostridiales gen. incertae sedis|s__Clostridiales species incertae sedis|meta_mOTU_v31_13115	0
k__Bacteria|p__Firmicutes|c__Clostridia|o__Clostridiales|f__Clostridiales fam. incertae sedis|g__Clostridiales gen. incertae sedis|s__Clostridiales species incertae sedis|meta_mOTU_v31_13137	0
k__Bacteria|p__Firmicutes|c__Clostridia|o__Clostridiales|f__Clostridiales fam. incertae sedis|g__Clostridiales gen. incertae sedis|s__Clostridiales species incertae sedis|meta_mOTU_v31_13147	0
k__Bacteria|p__Firmicutes|c__Clostridia|o__Clostridiales|f__Clostridiales fam. incertae sedis|g__Clostridiales gen. incertae sedis|s__Clostridiales species incertae sedis|meta_mOTU_v31_13155	0
k__Bacteria|p__Firmicutes|c__Clostridia|o__Clostridiales|f__Clostridiales fam. incertae sedis|g__Clostridiales gen. incertae sedis|s__Clostridiales species incertae sedis|meta_mOTU_v31_13157	0
k__Bacteria|p__Firmicutes|c__Clostridia|o__Clostridiales|f__Clostridiales fam. incertae sedis|g__Clostridiales gen. incertae sedis|s__Clostridiales species incertae sedis|meta_mOTU_v31_13159	0
k__Bacteria|p__Firmicutes|c__Clostridia|o__Clostridiales|f__Clostridiales fam. incertae sedis|g__Clostridiales gen. incertae sedis|s__Clostridiales species incertae sedis|meta_mOTU_v31_13165	0
k__Bacteria|p__Firmicutes|c__Clostridia|o__Clostridiales|f__Clostridiales fam. incertae sedis|g__Clostridiales gen. incertae sedis|s__Clostridiales species incertae sedis|meta_mOTU_v31_13176	0
k__Bacteria|p__Firmicutes|c__Clostridia|o__Clostridiales|f__Clostridiales fam. incertae sedis|g__Clostridiales gen. incertae sedis|s__Clostridiales species incertae sedis|meta_mOTU_v31_13187	0
k__Bacteria|p__Firmicutes|c__Clostridia|o__Clostridiales|f__Clostridiales fam. incertae sedis|g__Clostridiales gen. incertae sedis|s__Clostridiales species incertae sedis|meta_mOTU_v31_13199	0
k__Bacteria|p__Firmicutes|c__Clostridia|o__Clostridiales|f__Clostridiales fam. incertae sedis|g__Clostridiales gen. incertae sedis|s__Clostridiales species incertae sedis|meta_mOTU_v31_13200	0
k__Bacteria|p__Firmicutes|c__Clostridia|o__Clostridiales|f__Clostridiales fam. incertae sedis|g__Clostridiales gen. incertae sedis|s__Clostridiales species incertae sedis|meta_mOTU_v31_13202	0
k__Bacteria|p__Firmicutes|c__Clostridia|o__Clostridiales|f__Clostridiales fam. incertae sedis|g__Clostridiales gen. incertae sedis|s__Clostridiales species incertae sedis|meta_mOTU_v31_13206	0
k__Bacteria|p__Firmicutes|c__Clostridia|o__Clostridiales|f__Clostridiales fam. incertae sedis|g__Clostridiales gen. incertae sedis|s__Clostridiales species incertae sedis|meta_mOTU_v31_13224	0
k__Bacteria|p__Firmicutes|c__Clostridia|o__Clostridiales|f__Clostridiales fam. incertae sedis|g__Clostridiales gen. incertae sedis|s__Clostridiales species incertae sedis|meta_mOTU_v31_13227	0
k__Bacteria|p__Firmicutes|c__Clostridia|o__Clostridiales|f__Clostridiales fam. incertae sedis|g__Clostridiales gen. incertae sedis|s__Clostridiales species incertae sedis|meta_mOTU_v31_13233	0
k__Bacteria|p__Firmicutes|c__Clostridia|o__Clostridiales|f__Clostridiales fam. incertae sedis|g__Clostridiales gen. incertae sedis|s__Clostridiales species incertae sedis|meta_mOTU_v31_13242	0
k__Bacteria|p__Firmicutes|c__Clostridia|o__Clostridiales|f__Clostridiales fam. incertae sedis|g__Clostridiales gen. incertae sedis|s__Clostridiales species incertae sedis|meta_mOTU_v31_13244	0
k__Bacteria|p__Firmicutes|c__Clostridia|o__Clostridiales|f__Clostridiales fam. incertae sedis|g__Clostridiales gen. incertae sedis|s__Clostridiales species incertae sedis|meta_mOTU_v31_13264	0
k__Bacteria|p__Firmicutes|c__Clostridia|o__Clostridiales|f__Clostridiales fam. incertae sedis|g__Clostridiales gen. incertae sedis|s__Clostridiales species incertae sedis|meta_mOTU_v31_13280	0
k__Bacteria|p__Firmicutes|c__Clostridia|o__Clostridiales|f__Clostridiales fam. incertae sedis|g__Clostridiales gen. incertae sedis|s__Clostridiales species incertae sedis|meta_mOTU_v31_13302	0
k__Bacteria|p__Firmicutes|c__Clostridia|o__Clostridiales|f__Clostridiales fam. incertae sedis|g__Clostridiales gen. incertae sedis|s__Clostridiales species incertae sedis|meta_mOTU_v31_13304	0
k__Bacteria|p__Firmicutes|c__Clostridia|o__Clostridiales|f__Clostridiales fam. incertae sedis|g__Clostridiales gen. incertae sedis|s__Clostridiales species incertae sedis|meta_mOTU_v31_13308	0
k__Bacteria|p__Firmicutes|c__Clostridia|o__Clostridiales|f__Clostridiales fam. incertae sedis|g__Clostridiales gen. incertae sedis|s__Clostridiales species incertae sedis|meta_mOTU_v31_13312	0
k__Bacteria|p__Firmicutes|c__Clostridia|o__Clostridiales|f__Clostridiales fam. incertae sedis|g__Clostridiales gen. incertae sedis|s__Clostridiales species incertae sedis|meta_mOTU_v31_13328	0
k__Bacteria|p__Firmicutes|c__Clostridia|o__Clostridiales|f__Clostridiales fam. incertae sedis|g__Clostridiales gen. incertae sedis|s__Clostridiales species incertae sedis|meta_mOTU_v31_13332	0
k__Bacteria|p__Firmicutes|c__Clostridia|o__Clostridiales|f__Clostridiales fam. incertae sedis|g__Clostridiales gen. incertae sedis|s__Clostridiales species incertae sedis|meta_mOTU_v31_13385	0
k__Bacteria|p__Firmicutes|c__Clostridia|o__Clostridiales|f__Clostridiales fam. incertae sedis|g__Clostridiales gen. incertae sedis|s__Clostridiales species incertae sedis|meta_mOTU_v31_13390	0
k__Bacteria|p__Firmicutes|c__Clostridia|o__Clostridiales|f__Clostridiales fam. incertae sedis|g__Clostridiales gen. incertae sedis|s__Clostridiales species incertae sedis|meta_mOTU_v31_13392	0
k__Bacteria|p__Firmicutes|c__Clostridia|o__Clostridiales|f__Clostridiales fam. incertae sedis|g__Clostridiales gen. incertae sedis|s__Clostridiales species incertae sedis|meta_mOTU_v31_13415	0
k__Bacteria|p__Firmicutes|c__Clostridia|o__Clostridiales|f__Clostridiales fam. incertae sedis|g__Clostridiales gen. incertae sedis|s__Clostridiales species incertae sedis|meta_mOTU_v31_13417	0
k__Bacteria|p__Firmicutes|c__Clostridia|o__Clostridiales|f__Clostridiales fam. incertae sedis|g__Clostridiales gen. incertae sedis|s__Clostridiales species incertae sedis|meta_mOTU_v31_13486	0
k__Bacteria|p__Firmicutes|c__Clostridia|o__Clostridiales|f__Clostridiales fam. incertae sedis|g__Clostridiales gen. incertae sedis|s__Clostridiales species incertae sedis|meta_mOTU_v31_13502	0
k__Bacteria|p__Firmicutes|c__Clostridia|o__Clostridiales|f__Clostridiales fam. incertae sedis|g__Clostridiales gen. incertae sedis|s__Clostridiales species incertae sedis|meta_mOTU_v31_13504	0
k__Bacteria|p__Firmicutes|c__Clostridia|o__Clostridiales|f__Clostridiales fam. incertae sedis|g__Clostridiales gen. incertae sedis|s__Clostridiales species incertae sedis|meta_mOTU_v31_13512	0
k__Bacteria|p__Firmicutes|c__Clostridia|o__Clostridiales|f__Clostridiales fam. incertae sedis|g__Clostridiales gen. incertae sedis|s__Clostridiales species incertae sedis|meta_mOTU_v31_13572	0
k__Bacteria|p__Firmicutes|c__Clostridia|o__Clostridiales|f__Clostridiales fam. incertae sedis|g__Clostridiales gen. incertae sedis|s__Clostridiales species incertae sedis|meta_mOTU_v31_13580	0
k__Bacteria|p__Firmicutes|c__Clostridia|o__Clostridiales|f__Clostridiales fam. incertae sedis|g__Clostridiales gen. incertae sedis|s__Clostridiales species incertae sedis|meta_mOTU_v31_13616	0
k__Bacteria|p__Firmicutes|c__Clostridia|o__Clostridiales|f__Clostridiales fam. incertae sedis|g__Clostridiales gen. incertae sedis|s__Clostridiales species incertae sedis|meta_mOTU_v31_13623	0
k__Bacteria|p__Firmicutes|c__Clostridia|o__Clostridiales|f__Clostridiales fam. incertae sedis|g__Clostridiales gen. incertae sedis|s__Clostridiales species incertae sedis|meta_mOTU_v31_13633	0
k__Bacteria|p__Firmicutes|c__Clostridia|o__Clostridiales|f__Clostridiales fam. incertae sedis|g__Clostridiales gen. incertae sedis|s__Clostridiales species incertae sedis|meta_mOTU_v31_13659	0
k__Bacteria|p__Firmicutes|c__Clostridia|o__Clostridiales|f__Clostridiales fam. incertae sedis|g__Clostridiales gen. incertae sedis|s__Clostridiales species incertae sedis|meta_mOTU_v31_13660	0
k__Bacteria|p__Firmicutes|c__Clostridia|o__Clostridiales|f__Clostridiales fam. incertae sedis|g__Clostridiales gen. incertae sedis|s__Clostridiales species incertae sedis|meta_mOTU_v31_13662	0
k__Bacteria|p__Firmicutes|c__Clostridia|o__Clostridiales|f__Clostridiales fam. incertae sedis|g__Clostridiales gen. incertae sedis|s__Clostridiales species incertae sedis|meta_mOTU_v31_13685	0
k__Bacteria|p__Firmicutes|c__Clostridia|o__Clostridiales|f__Clostridiales fam. incertae sedis|g__Clostridiales gen. incertae sedis|s__Clostridiales species incertae sedis|meta_mOTU_v31_13686	0
k__Bacteria|p__Firmicutes|c__Clostridia|o__Clostridiales|f__Clostridiales fam. incertae sedis|g__Clostridiales gen. incertae sedis|s__Clostridiales species incertae sedis|meta_mOTU_v31_13690	0
k__Bacteria|p__Firmicutes|c__Clostridia|o__Clostridiales|f__Clostridiales fam. incertae sedis|g__Clostridiales gen. incertae sedis|s__Clostridiales species incertae sedis|meta_mOTU_v31_13691	0
k__Bacteria|p__Firmicutes|c__Clostridia|o__Clostridiales|f__Clostridiales fam. incertae sedis|g__Clostridiales gen. incertae sedis|s__Clostridiales species incertae sedis|meta_mOTU_v31_13701	0
k__Bacteria|p__Firmicutes|c__Clostridia|o__Clostridiales|f__Clostridiales fam. incertae sedis|g__Clostridiales gen. incertae sedis|s__Clostridiales species incertae sedis|meta_mOTU_v31_13710	0
k__Bacteria|p__Firmicutes|c__Clostridia|o__Clostridiales|f__Clostridiales fam. incertae sedis|g__Clostridiales gen. incertae sedis|s__Clostridiales species incertae sedis|meta_mOTU_v31_13719	0
k__Bacteria|p__Firmicutes|c__Clostridia|o__Clostridiales|f__Clostridiales fam. incertae sedis|g__Clostridiales gen. incertae sedis|s__Clostridiales species incertae sedis|meta_mOTU_v31_13729	0
k__Bacteria|p__Firmicutes|c__Clostridia|o__Clostridiales|f__Clostridiales fam. incertae sedis|g__Clostridiales gen. incertae sedis|s__Clostridiales species incertae sedis|meta_mOTU_v31_13745	0
k__Bacteria|p__Firmicutes|c__Clostridia|o__Clostridiales|f__Clostridiales fam. incertae sedis|g__Clostridiales gen. incertae sedis|s__Clostridiales species incertae sedis|meta_mOTU_v31_13749	0
k__Bacteria|p__Firmicutes|c__Clostridia|o__Clostridiales|f__Clostridiales fam. incertae sedis|g__Clostridiales gen. incertae sedis|s__Clostridiales species incertae sedis|meta_mOTU_v31_13774	0
k__Bacteria|p__Firmicutes|c__Clostridia|o__Clostridiales|f__Clostridiales fam. incertae sedis|g__Clostridiales gen. incertae sedis|s__Clostridiales species incertae sedis|meta_mOTU_v31_13781	0
k__Bacteria|p__Firmicutes|c__Clostridia|o__Clostridiales|f__Clostridiales fam. incertae sedis|g__Clostridiales gen. incertae sedis|s__Clostridiales species incertae sedis|meta_mOTU_v31_13784	0
k__Bacteria|p__Firmicutes|c__Clostridia|o__Clostridiales|f__Clostridiales fam. incertae sedis|g__Clostridiales gen. incertae sedis|s__Clostridiales species incertae sedis|meta_mOTU_v31_13792	0
k__Bacteria|p__Firmicutes|c__Clostridia|o__Clostridiales|f__Clostridiales fam. incertae sedis|g__Clostridiales gen. incertae sedis|s__Clostridiales species incertae sedis|meta_mOTU_v31_13794	0
k__Bacteria|p__Firmicutes|c__Clostridia|o__Clostridiales|f__Clostridiales fam. incertae sedis|g__Clostridiales gen. incertae sedis|s__Clostridiales species incertae sedis|meta_mOTU_v31_13800	0
k__Bacteria|p__Firmicutes|c__Clostridia|o__Clostridiales|f__Clostridiales fam. incertae sedis|g__Clostridiales gen. incertae sedis|s__Clostridiales species incertae sedis|meta_mOTU_v31_13806	0
k__Bacteria|p__Firmicutes|c__Clostridia|o__Clostridiales|f__Clostridiales fam. incertae sedis|g__Clostridiales gen. incertae sedis|s__Clostridiales species incertae sedis|meta_mOTU_v31_13837	0
k__Bacteria|p__Firmicutes|c__Clostridia|o__Clostridiales|f__Clostridiales fam. incertae sedis|g__Clostridiales gen. incertae sedis|s__Clostridiales species incertae sedis|meta_mOTU_v31_13847	0
k__Bacteria|p__Firmicutes|c__Clostridia|o__Clostridiales|f__Clostridiales fam. incertae sedis|g__Clostridiales gen. incertae sedis|s__Clostridiales species incertae sedis|meta_mOTU_v31_13908	0
k__Bacteria|p__Firmicutes|c__Clostridia|o__Clostridiales|f__Clostridiales fam. incertae sedis|g__Clostridiales gen. incertae sedis|s__Clostridiales species incertae sedis|meta_mOTU_v31_13922	0
k__Bacteria|p__Firmicutes|c__Clostridia|o__Clostridiales|f__Clostridiales fam. incertae sedis|g__Clostridiales gen. incertae sedis|s__Clostridiales species incertae sedis|meta_mOTU_v31_13923	0
k__Bacteria|p__Firmicutes|c__Clostridia|o__Clostridiales|f__Clostridiales fam. incertae sedis|g__Clostridiales gen. incertae sedis|s__Clostridiales species incertae sedis|meta_mOTU_v31_13927	0
k__Bacteria|p__Firmicutes|c__Clostridia|o__Clostridiales|f__Clostridiales fam. incertae sedis|g__Clostridiales gen. incertae sedis|s__Clostridiales species incertae sedis|meta_mOTU_v31_13955	0
k__Bacteria|p__Firmicutes|c__Clostridia|o__Clostridiales|f__Clostridiales fam. incertae sedis|g__Clostridiales gen. incertae sedis|s__Clostridiales species incertae sedis|meta_mOTU_v31_13976	0
k__Bacteria|p__Firmicutes|c__Clostridia|o__Clostridiales|f__Clostridiales fam. incertae sedis|g__Clostridiales gen. incertae sedis|s__Clostridiales species incertae sedis|meta_mOTU_v31_14015	0
k__Bacteria|p__Firmicutes|c__Clostridia|o__Clostridiales|f__Clostridiales fam. incertae sedis|g__Clostridiales gen. incertae sedis|s__Clostridiales species incertae sedis|meta_mOTU_v31_14076	0
k__Bacteria|p__Firmicutes|c__Clostridia|o__Clostridiales|f__Clostridiales fam. incertae sedis|g__Clostridiales gen. incertae sedis|s__Clostridiales species incertae sedis|meta_mOTU_v31_14106	0
k__Bacteria|p__Firmicutes|c__Clostridia|o__Clostridiales|f__Clostridiales fam. incertae sedis|g__Clostridiales gen. incertae sedis|s__Clostridiales species incertae sedis|meta_mOTU_v31_14118	0
k__Bacteria|p__Firmicutes|c__Clostridia|o__Clostridiales|f__Clostridiales fam. incertae sedis|g__Clostridiales gen. incertae sedis|s__Clostridiales species incertae sedis|meta_mOTU_v31_14120	0
k__Bacteria|p__Firmicutes|c__Clostridia|o__Clostridiales|f__Clostridiales fam. incertae sedis|g__Clostridiales gen. incertae sedis|s__Clostridiales species incertae sedis|meta_mOTU_v31_14132	0
k__Bacteria|p__Firmicutes|c__Clostridia|o__Clostridiales|f__Clostridiales fam. incertae sedis|g__Clostridiales gen. incertae sedis|s__Clostridiales species incertae sedis|meta_mOTU_v31_14156	0
k__Bacteria|p__Firmicutes|c__Clostridia|o__Clostridiales|f__Clostridiales fam. incertae sedis|g__Clostridiales gen. incertae sedis|s__Clostridiales species incertae sedis|meta_mOTU_v31_14223	0
k__Bacteria|p__Firmicutes|c__Clostridia|o__Clostridiales|f__Clostridiales fam. incertae sedis|g__Clostridiales gen. incertae sedis|s__Clostridiales species incertae sedis|meta_mOTU_v31_14267	0
k__Bacteria|p__Firmicutes|c__Clostridia|o__Clostridiales|f__Clostridiales fam. incertae sedis|g__Clostridiales gen. incertae sedis|s__Clostridiales species incertae sedis|meta_mOTU_v31_14275	0
k__Bacteria|p__Firmicutes|c__Clostridia|o__Clostridiales|f__Clostridiales fam. incertae sedis|g__Clostridiales gen. incertae sedis|s__Clostridiales species incertae sedis|meta_mOTU_v31_14315	0
k__Bacteria|p__Firmicutes|c__Clostridia|o__Clostridiales|f__Clostridiales fam. incertae sedis|g__Clostridiales gen. incertae sedis|s__Clostridiales species incertae sedis|meta_mOTU_v31_14320	0
k__Bacteria|p__Firmicutes|c__Clostridia|o__Clostridiales|f__Clostridiales fam. incertae sedis|g__Clostridiales gen. incertae sedis|s__Clostridiales species incertae sedis|meta_mOTU_v31_14325	0
k__Bacteria|p__Firmicutes|c__Clostridia|o__Clostridiales|f__Clostridiales fam. incertae sedis|g__Clostridiales gen. incertae sedis|s__Clostridiales species incertae sedis|meta_mOTU_v31_14342	0
k__Bacteria|p__Firmicutes|c__Clostridia|o__Clostridiales|f__Clostridiales fam. incertae sedis|g__Clostridiales gen. incertae sedis|s__Clostridiales species incertae sedis|meta_mOTU_v31_14366	0
k__Bacteria|p__Firmicutes|c__Clostridia|o__Clostridiales|f__Clostridiales fam. incertae sedis|g__Clostridiales gen. incertae sedis|s__Clostridiales species incertae sedis|meta_mOTU_v31_14385	0
k__Bacteria|p__Firmicutes|c__Clostridia|o__Clostridiales|f__Clostridiales fam. incertae sedis|g__Clostridiales gen. incertae sedis|s__Clostridiales species incertae sedis|meta_mOTU_v31_14387	0
k__Bacteria|p__Firmicutes|c__Clostridia|o__Clostridiales|f__Clostridiales fam. incertae sedis|g__Clostridiales gen. incertae sedis|s__Clostridiales species incertae sedis|meta_mOTU_v31_14389	0
k__Bacteria|p__Firmicutes|c__Clostridia|o__Clostridiales|f__Clostridiales fam. incertae sedis|g__Clostridiales gen. incertae sedis|s__Clostridiales species incertae sedis|meta_mOTU_v31_14425	0
k__Bacteria|p__Firmicutes|c__Clostridia|o__Clostridiales|f__Clostridiales fam. incertae sedis|g__Clostridiales gen. incertae sedis|s__Clostridiales species incertae sedis|meta_mOTU_v31_14449	0
k__Bacteria|p__Firmicutes|c__Clostridia|o__Clostridiales|f__Clostridiales fam. incertae sedis|g__Clostridiales gen. incertae sedis|s__Clostridiales species incertae sedis|meta_mOTU_v31_14500	0
k__Bacteria|p__Firmicutes|c__Clostridia|o__Clostridiales|f__Clostridiales fam. incertae sedis|g__Clostridiales gen. incertae sedis|s__Clostridiales species incertae sedis|meta_mOTU_v31_14503	0
k__Bacteria|p__Firmicutes|c__Clostridia|o__Clostridiales|f__Clostridiales fam. incertae sedis|g__Clostridiales gen. incertae sedis|s__Clostridiales species incertae sedis|meta_mOTU_v31_14508	0
k__Bacteria|p__Firmicutes|c__Clostridia|o__Clostridiales|f__Clostridiales fam. incertae sedis|g__Clostridiales gen. incertae sedis|s__Clostridiales species incertae sedis|meta_mOTU_v31_14513	0
k__Bacteria|p__Firmicutes|c__Clostridia|o__Clostridiales|f__Clostridiales fam. incertae sedis|g__Fenollaria|s__Fenollaria massiliensis [Anaerosphaera sp. HMSC064C01/Clostridiales bacterium Marseille-P2986/Fenollaria massiliensis]|ref_mOTU_v31_05274	0
k__Bacteria|p__Firmicutes|c__Clostridia|o__Clostridiales|f__Clostridiales fam. incertae sedis|g__Levyella|s__Levyella massiliensis|ref_mOTU_v31_12154	0
k__Bacteria|p__Firmicutes|c__Clostridia|o__Clostridiales|f__Clostridiales fam. incertae sedis|g__Mogibacterium|s__Mogibacterium timidum [Mogibacterium timidum/Mogibacterium sp. CM50]|ref_mOTU_v31_04269	0
k__Bacteria|p__Firmicutes|c__Clostridia|o__Clostridiales|f__Clostridiales fam. incertae sedis|g__Pseudoflavonifractor|s__Pseudoflavonifractor species incertae sedis|meta_mOTU_v31_14283	0
k__Bacteria|p__Firmicutes|c__Clostridia|o__Clostridiales|f__Clostridiales Family XIII. Incertae Sedis|g__Clostridiales Family XIII. Incertae Sedis gen. incertae sedis|s__[Eubacterium] brachy|ref_mOTU_v31_07939	0
k__Bacteria|p__Firmicutes|c__Clostridia|o__Clostridiales|f__Clostridiales Family XIII. Incertae Sedis|g__Clostridiales Family XIII. Incertae Sedis gen. incertae sedis|s__[Eubacterium] infirmum|ref_mOTU_v31_06467	0
k__Bacteria|p__Firmicutes|c__Clostridia|o__Clostridiales|f__Clostridiales Family XIII. Incertae Sedis|g__Clostridiales Family XIII. Incertae Sedis gen. incertae sedis|s__[Eubacterium] nodatum|ref_mOTU_v31_07224	0
k__Bacteria|p__Firmicutes|c__Clostridia|o__Clostridiales|f__Clostridiales Family XIII. Incertae Sedis|g__Clostridiales Family XIII. Incertae Sedis gen. incertae sedis|s__[Eubacterium] saphenum|ref_mOTU_v31_11595	0
k__Bacteria|p__Firmicutes|c__Clostridia|o__Clostridiales|f__Clostridiales Family XIII. Incertae Sedis|g__Clostridiales Family XIII. Incertae Sedis gen. incertae sedis|s__Clostridiales bacterium S5-A14a|meta_mOTU_v31_13002	0
k__Bacteria|p__Firmicutes|c__Clostridia|o__Clostridiales|f__Clostridiales Family XIII. Incertae Sedis|g__Clostridiales Family XIII. Incertae Sedis gen. incertae sedis|s__Clostridiales Family XIII. Incertae Sedis species incertae sedis|ext_mOTU_v31_16190	0
k__Bacteria|p__Firmicutes|c__Clostridia|o__Clostridiales|f__Clostridiales Family XIII. Incertae Sedis|g__Clostridiales Family XIII. Incertae Sedis gen. incertae sedis|s__Clostridiales Family XIII. Incertae Sedis species incertae sedis|ext_mOTU_v31_16248	0
k__Bacteria|p__Firmicutes|c__Clostridia|o__Clostridiales|f__Clostridiales Family XIII. Incertae Sedis|g__Clostridiales Family XIII. Incertae Sedis gen. incertae sedis|s__Clostridiales Family XIII. Incertae Sedis species incertae sedis|ext_mOTU_v31_16310	0
k__Bacteria|p__Firmicutes|c__Clostridia|o__Clostridiales|f__Clostridiales Family XIII. Incertae Sedis|g__Clostridiales Family XIII. Incertae Sedis gen. incertae sedis|s__Clostridiales Family XIII. Incertae Sedis species incertae sedis|ext_mOTU_v31_16311	0
k__Bacteria|p__Firmicutes|c__Clostridia|o__Clostridiales|f__Clostridiales Family XIII. Incertae Sedis|g__Clostridiales Family XIII. Incertae Sedis gen. incertae sedis|s__Clostridiales Family XIII. Incertae Sedis species incertae sedis|ext_mOTU_v31_16397	0
k__Bacteria|p__Firmicutes|c__Clostridia|o__Clostridiales|f__Clostridiales Family XIII. Incertae Sedis|g__Clostridiales Family XIII. Incertae Sedis gen. incertae sedis|s__Clostridiales Family XIII. Incertae Sedis species incertae sedis|ext_mOTU_v31_16398	0
k__Bacteria|p__Firmicutes|c__Clostridia|o__Clostridiales|f__Clostridiales Family XIII. Incertae Sedis|g__Clostridiales Family XIII. Incertae Sedis gen. incertae sedis|s__Clostridiales Family XIII. Incertae Sedis species incertae sedis|ext_mOTU_v31_16482	0
k__Bacteria|p__Firmicutes|c__Clostridia|o__Clostridiales|f__Clostridiales Family XIII. Incertae Sedis|g__Clostridiales Family XIII. Incertae Sedis gen. incertae sedis|s__Clostridiales Family XIII. Incertae Sedis species incertae sedis|ext_mOTU_v31_17520	0
k__Bacteria|p__Firmicutes|c__Clostridia|o__Clostridiales|f__Clostridiales Family XIII. Incertae Sedis|g__Clostridiales Family XIII. Incertae Sedis gen. incertae sedis|s__Clostridiales Family XIII. Incertae Sedis species incertae sedis|ext_mOTU_v31_17591	0
k__Bacteria|p__Firmicutes|c__Clostridia|o__Clostridiales|f__Clostridiales Family XIII. Incertae Sedis|g__Clostridiales Family XIII. Incertae Sedis gen. incertae sedis|s__Clostridiales Family XIII. Incertae Sedis species incertae sedis|ext_mOTU_v31_18402	0
k__Bacteria|p__Firmicutes|c__Clostridia|o__Clostridiales|f__Clostridiales Family XIII. Incertae Sedis|g__Clostridiales Family XIII. Incertae Sedis gen. incertae sedis|s__Clostridiales Family XIII. Incertae Sedis species incertae sedis|ext_mOTU_v31_18422	0
k__Bacteria|p__Firmicutes|c__Clostridia|o__Clostridiales|f__Clostridiales Family XIII. Incertae Sedis|g__Clostridiales Family XIII. Incertae Sedis gen. incertae sedis|s__Clostridiales Family XIII. Incertae Sedis species incertae sedis|ext_mOTU_v31_26966	0
k__Bacteria|p__Firmicutes|c__Clostridia|o__Clostridiales|f__Clostridiales Family XIII. Incertae Sedis|g__Clostridiales Family XIII. Incertae Sedis gen. incertae sedis|s__Clostridiales Family XIII. Incertae Sedis species incertae sedis|ext_mOTU_v31_27491	0
k__Bacteria|p__Firmicutes|c__Clostridia|o__Clostridiales|f__Clostridiales Family XIII. Incertae Sedis|g__Clostridiales Family XIII. Incertae Sedis gen. incertae sedis|s__Clostridiales Family XIII. Incertae Sedis species incertae sedis|ext_mOTU_v31_29374	0
k__Bacteria|p__Firmicutes|c__Clostridia|o__Clostridiales|f__Clostridiales Family XIII. Incertae Sedis|g__Clostridiales Family XIII. Incertae Sedis gen. incertae sedis|s__Clostridiales Family XIII. Incertae Sedis species incertae sedis|ext_mOTU_v31_29378	0
k__Bacteria|p__Firmicutes|c__Clostridia|o__Clostridiales|f__Clostridiales Family XIII. Incertae Sedis|g__Clostridiales Family XIII. Incertae Sedis gen. incertae sedis|s__Clostridiales Family XIII. Incertae Sedis species incertae sedis|ext_mOTU_v31_29384	0
k__Bacteria|p__Firmicutes|c__Clostridia|o__Clostridiales|f__Clostridiales Family XIII. Incertae Sedis|g__Clostridiales Family XIII. Incertae Sedis gen. incertae sedis|s__Clostridiales Family XIII. Incertae Sedis species incertae sedis|ext_mOTU_v31_29565	0
k__Bacteria|p__Firmicutes|c__Clostridia|o__Clostridiales|f__Clostridiales Family XIII. Incertae Sedis|g__Clostridiales Family XIII. Incertae Sedis gen. incertae sedis|s__Clostridiales Family XIII. Incertae Sedis species incertae sedis|meta_mOTU_v31_12844	0
k__Bacteria|p__Firmicutes|c__Clostridia|o__Clostridiales|f__Clostridiales Family XIII. Incertae Sedis|g__Mogibacterium|s__Mogibacterium species incertae sedis|meta_mOTU_v31_12290	0
k__Bacteria|p__Firmicutes|c__Clostridia|o__Clostridiales|f__Eubacteriaceae|g__Anaerofustis|s__Anaerofustis stercorihominis|ref_mOTU_v31_11219	0
k__Bacteria|p__Firmicutes|c__Clostridia|o__Clostridiales|f__Eubacteriaceae|g__Eubacteriaceae gen. incertae sedis|s__Eubacteriaceae bacterium CHKCI004|ref_mOTU_v31_09412	0
k__Bacteria|p__Firmicutes|c__Clostridia|o__Clostridiales|f__Eubacteriaceae|g__Eubacteriaceae gen. incertae sedis|s__Eubacteriaceae bacterium CHKCI005|ref_mOTU_v31_09413	0
k__Bacteria|p__Firmicutes|c__Clostridia|o__Clostridiales|f__Eubacteriaceae|g__Eubacteriaceae gen. incertae sedis|s__Eubacteriaceae species incertae sedis|ext_mOTU_v31_26796	0
k__Bacteria|p__Firmicutes|c__Clostridia|o__Clostridiales|f__Eubacteriaceae|g__Eubacterium|s__Eubacterium limosum|ref_mOTU_v31_04567	0
k__Bacteria|p__Firmicutes|c__Clostridia|o__Clostridiales|f__Eubacteriaceae|g__Eubacterium|s__Eubacterium sp. [Eubacterium sp. CAG:146/uncultured Eubacterium sp./Eubacterium sp. 38_16]|ref_mOTU_v31_03633	0
k__Bacteria|p__Firmicutes|c__Clostridia|o__Clostridiales|f__Eubacteriaceae|g__Eubacterium|s__Eubacterium sp. [Eubacterium sp. CAG:603/uncultured Eubacterium sp.]|ref_mOTU_v31_03635	0
k__Bacteria|p__Firmicutes|c__Clostridia|o__Clostridiales|f__Eubacteriaceae|g__Eubacterium|s__Eubacterium sp. [Eubacterium sp. CAG:86/Eubacterium sp. 36_13]|ref_mOTU_v31_02373	0
k__Bacteria|p__Firmicutes|c__Clostridia|o__Clostridiales|f__Eubacteriaceae|g__Eubacterium|s__Eubacterium sp. CAG:161|ref_mOTU_v31_07674	0
k__Bacteria|p__Firmicutes|c__Clostridia|o__Clostridiales|f__Eubacteriaceae|g__Eubacterium|s__Eubacterium sp. CAG:192|ref_mOTU_v31_07676	0
k__Bacteria|p__Firmicutes|c__Clostridia|o__Clostridiales|f__Eubacteriaceae|g__Eubacterium|s__Eubacterium sp. CAG:202|meta_mOTU_v31_12308	0
k__Bacteria|p__Firmicutes|c__Clostridia|o__Clostridiales|f__Eubacteriaceae|g__Eubacterium|s__Eubacterium sp. CAG:274|ref_mOTU_v31_07678	0
k__Bacteria|p__Firmicutes|c__Clostridia|o__Clostridiales|f__Eubacteriaceae|g__Eubacterium|s__Eubacterium sp. CAG:581|ref_mOTU_v31_07680	0
k__Bacteria|p__Firmicutes|c__Clostridia|o__Clostridiales|f__Eubacteriaceae|g__Eubacterium|s__Eubacterium sp. ER2|ref_mOTU_v31_04662	0
k__Bacteria|p__Firmicutes|c__Clostridia|o__Clostridiales|f__Eubacteriaceae|g__Eubacterium|s__Eubacterium species incertae sedis|ext_mOTU_v31_16300	0
k__Bacteria|p__Firmicutes|c__Clostridia|o__Clostridiales|f__Eubacteriaceae|g__Eubacterium|s__Eubacterium species incertae sedis|ext_mOTU_v31_16303	0
k__Bacteria|p__Firmicutes|c__Clostridia|o__Clostridiales|f__Eubacteriaceae|g__Eubacterium|s__Eubacterium species incertae sedis|ext_mOTU_v31_16305	0
k__Bacteria|p__Firmicutes|c__Clostridia|o__Clostridiales|f__Eubacteriaceae|g__Eubacterium|s__Eubacterium species incertae sedis|ext_mOTU_v31_26872	0
k__Bacteria|p__Firmicutes|c__Clostridia|o__Clostridiales|f__Eubacteriaceae|g__Eubacterium|s__Eubacterium species incertae sedis|ext_mOTU_v31_26875	0
k__Bacteria|p__Firmicutes|c__Clostridia|o__Clostridiales|f__Eubacteriaceae|g__Eubacterium|s__Eubacterium species incertae sedis|ext_mOTU_v31_26901	0
k__Bacteria|p__Firmicutes|c__Clostridia|o__Clostridiales|f__Eubacteriaceae|g__Eubacterium|s__Eubacterium species incertae sedis|ext_mOTU_v31_27209	0
k__Bacteria|p__Firmicutes|c__Clostridia|o__Clostridiales|f__Eubacteriaceae|g__Eubacterium|s__Eubacterium species incertae sedis|meta_mOTU_v31_12314	0
k__Bacteria|p__Firmicutes|c__Clostridia|o__Clostridiales|f__Eubacteriaceae|g__Eubacterium|s__Eubacterium species incertae sedis|meta_mOTU_v31_12972	0
k__Bacteria|p__Firmicutes|c__Clostridia|o__Clostridiales|f__Eubacteriaceae|g__Eubacterium|s__Eubacterium species incertae sedis|meta_mOTU_v31_13196	0
k__Bacteria|p__Firmicutes|c__Clostridia|o__Clostridiales|f__Eubacteriaceae|g__Eubacterium|s__uncultured Eubacterium sp.|meta_mOTU_v31_13063	0
k__Bacteria|p__Firmicutes|c__Clostridia|o__Clostridiales|f__Eubacteriaceae|g__Eubacterium|s__uncultured Eubacterium sp.|meta_mOTU_v31_13514	0
k__Bacteria|p__Firmicutes|c__Clostridia|o__Clostridiales|f__Eubacteriaceae|g__Eubacterium|s__uncultured Eubacterium sp.|ref_mOTU_v31_08868	0
k__Bacteria|p__Firmicutes|c__Clostridia|o__Clostridiales|f__Eubacteriaceae|g__Pseudoramibacter|s__Pseudoramibacter alactolyticus|ref_mOTU_v31_12047	0
k__Bacteria|p__Firmicutes|c__Clostridia|o__Clostridiales|f__Lachnospiraceae|g__Anaerostipes|s__Anaerostipes hadrus [Lachnospiraceae bacterium CAG:25/Firmicutes bacterium CAG:552_39_19/Clostridiales bacterium Nov_37_41/Clostridium sp. SS2/1/Anaerostipes hadrus/Lachnospiraceae bacterium 5_1_63FAA]|ref_mOTU_v31_00857	0
k__Bacteria|p__Firmicutes|c__Clostridia|o__Clostridiales|f__Lachnospiraceae|g__Anaerostipes|s__Anaerostipes hadrus [uncultured Eubacterium sp./Anaerostipes hadrus]|ref_mOTU_v31_00856	0
k__Bacteria|p__Firmicutes|c__Clostridia|o__Clostridiales|f__Lachnospiraceae|g__Bariatricus|s__Bariatricus massiliensis|ref_mOTU_v31_09290	0
k__Bacteria|p__Firmicutes|c__Clostridia|o__Clostridiales|f__Lachnospiraceae|g__Blautia|s__Blautia hansenii [Lachnospiraceae bacterium CAG:364/Blautia hansenii/Lachnospiraceae bacterium 6_1_63FAA]|ref_mOTU_v31_03670	0
k__Bacteria|p__Firmicutes|c__Clostridia|o__Clostridiales|f__Lachnospiraceae|g__Blautia|s__Blautia hydrogenotrophica [Blautia hydrogenotrophica CAG:147/Blautia hydrogenotrophica]|ref_mOTU_v31_03685	0
k__Bacteria|p__Firmicutes|c__Clostridia|o__Clostridiales|f__Lachnospiraceae|g__Blautia|s__Blautia sp. [Blautia sp. CAG:52/uncultured Blautia sp.]|ref_mOTU_v31_03597	0
k__Bacteria|p__Firmicutes|c__Clostridia|o__Clostridiales|f__Lachnospiraceae|g__Blautia|s__Blautia sp. CAG:257|ref_mOTU_v31_07602	0
k__Bacteria|p__Firmicutes|c__Clostridia|o__Clostridiales|f__Lachnospiraceae|g__Blautia|s__Blautia sp. YL58|ref_mOTU_v31_02153	0
k__Bacteria|p__Firmicutes|c__Clostridia|o__Clostridiales|f__Lachnospiraceae|g__Blautia|s__Blautia species incertae sedis|ext_mOTU_v31_15328	0
k__Bacteria|p__Firmicutes|c__Clostridia|o__Clostridiales|f__Lachnospiraceae|g__Blautia|s__Blautia species incertae sedis|ext_mOTU_v31_15385	0
k__Bacteria|p__Firmicutes|c__Clostridia|o__Clostridiales|f__Lachnospiraceae|g__Blautia|s__Blautia species incertae sedis|ext_mOTU_v31_15405	0
k__Bacteria|p__Firmicutes|c__Clostridia|o__Clostridiales|f__Lachnospiraceae|g__Blautia|s__Blautia species incertae sedis|ext_mOTU_v31_16186	0
k__Bacteria|p__Firmicutes|c__Clostridia|o__Clostridiales|f__Lachnospiraceae|g__Blautia|s__Blautia species incertae sedis|ext_mOTU_v31_17767	0
k__Bacteria|p__Firmicutes|c__Clostridia|o__Clostridiales|f__Lachnospiraceae|g__Blautia|s__Blautia species incertae sedis|ext_mOTU_v31_18204	0
k__Bacteria|p__Firmicutes|c__Clostridia|o__Clostridiales|f__Lachnospiraceae|g__Blautia|s__Blautia species incertae sedis|ext_mOTU_v31_18231	0
k__Bacteria|p__Firmicutes|c__Clostridia|o__Clostridiales|f__Lachnospiraceae|g__Blautia|s__Blautia species incertae sedis|ext_mOTU_v31_25009	0
k__Bacteria|p__Firmicutes|c__Clostridia|o__Clostridiales|f__Lachnospiraceae|g__Blautia|s__Blautia species incertae sedis|ext_mOTU_v31_26909	0
k__Bacteria|p__Firmicutes|c__Clostridia|o__Clostridiales|f__Lachnospiraceae|g__Blautia|s__Blautia species incertae sedis|ext_mOTU_v31_27178	0
k__Bacteria|p__Firmicutes|c__Clostridia|o__Clostridiales|f__Lachnospiraceae|g__Blautia|s__Blautia species incertae sedis|ext_mOTU_v31_27529	0
k__Bacteria|p__Firmicutes|c__Clostridia|o__Clostridiales|f__Lachnospiraceae|g__Blautia|s__uncultured Blautia sp.|ref_mOTU_v31_11916	0
k__Bacteria|p__Firmicutes|c__Clostridia|o__Clostridiales|f__Lachnospiraceae|g__Butyrivibrio|s__Butyrivibrio crossotus [Butyrivibrio crossotus CAG:259/Butyrivibrio crossotus]|ref_mOTU_v31_03686	0
k__Bacteria|p__Firmicutes|c__Clostridia|o__Clostridiales|f__Lachnospiraceae|g__Butyrivibrio|s__Butyrivibrio sp. CAG:318|ref_mOTU_v31_07605	0
k__Bacteria|p__Firmicutes|c__Clostridia|o__Clostridiales|f__Lachnospiraceae|g__Catonella|s__Catonella morbi|meta_mOTU_v31_12582	0
k__Bacteria|p__Firmicutes|c__Clostridia|o__Clostridiales|f__Lachnospiraceae|g__Catonella|s__Catonella morbi|ref_mOTU_v31_11593	0
k__Bacteria|p__Firmicutes|c__Clostridia|o__Clostridiales|f__Lachnospiraceae|g__Coprococcus|s__Coprococcus eutactus [Coprococcus eutactus CAG:665/Coprococcus eutactus]|ref_mOTU_v31_02377	0
k__Bacteria|p__Firmicutes|c__Clostridia|o__Clostridiales|f__Lachnospiraceae|g__Coprococcus|s__Coprococcus sp. [Coprococcus sp. HPP0074/Coprococcus sp. HPP0048/Lachnospiraceae bacterium 9_1_43BFAA/Lachnospiraceae bacterium 6_1_37FAA]|ref_mOTU_v31_01683	0
k__Bacteria|p__Firmicutes|c__Clostridia|o__Clostridiales|f__Lachnospiraceae|g__Coprococcus|s__Coprococcus sp. [Firmicutes bacterium CAG:65/Coprococcus sp. CAG:131-related_45_246]|ref_mOTU_v31_02379	0
k__Bacteria|p__Firmicutes|c__Clostridia|o__Clostridiales|f__Lachnospiraceae|g__Coprococcus|s__Coprococcus sp. CAG:782|ref_mOTU_v31_07661	0
k__Bacteria|p__Firmicutes|c__Clostridia|o__Clostridiales|f__Lachnospiraceae|g__Coprococcus|s__Coprococcus species incertae sedis|ext_mOTU_v31_17514	0
k__Bacteria|p__Firmicutes|c__Clostridia|o__Clostridiales|f__Lachnospiraceae|g__Coprococcus|s__Coprococcus species incertae sedis|ext_mOTU_v31_34552	0
k__Bacteria|p__Firmicutes|c__Clostridia|o__Clostridiales|f__Lachnospiraceae|g__Dorea|s__Dorea longicatena [Dorea longicatena CAG:42/Dorea longicatena]|ref_mOTU_v31_03692	0
k__Bacteria|p__Firmicutes|c__Clostridia|o__Clostridiales|f__Lachnospiraceae|g__Dorea|s__Dorea sp. CAG:105|ref_mOTU_v31_07667	0
k__Bacteria|p__Firmicutes|c__Clostridia|o__Clostridiales|f__Lachnospiraceae|g__Dorea|s__Dorea species incertae sedis|ext_mOTU_v31_25411	0
k__Bacteria|p__Firmicutes|c__Clostridia|o__Clostridiales|f__Lachnospiraceae|g__Faecalicatena|s__Faecalicatena fissicatena [Faecalicatena fissicatena/Clostridium sp. D5]|ref_mOTU_v31_06159	0
k__Bacteria|p__Firmicutes|c__Clostridia|o__Clostridiales|f__Lachnospiraceae|g__Johnsonella|s__Johnsonella ignava|ref_mOTU_v31_11762	0
k__Bacteria|p__Firmicutes|c__Clostridia|o__Clostridiales|f__Lachnospiraceae|g__Lachnoanaerobaculum|s__Lachnoanaerobaculum saburreum [Lachnoanaerobaculum saburreum/Lachnospiraceae bacterium oral taxon 082]|ref_mOTU_v31_06321	0
k__Bacteria|p__Firmicutes|c__Clostridia|o__Clostridiales|f__Lachnospiraceae|g__Lachnoanaerobaculum|s__Lachnoanaerobaculum saburreum|ref_mOTU_v31_01839	0
k__Bacteria|p__Firmicutes|c__Clostridia|o__Clostridiales|f__Lachnospiraceae|g__Lachnoanaerobaculum|s__Lachnoanaerobaculum sp. [Lachnoanaerobaculum sp. ICM7/Lachnoanaerobaculum sp. OBRC5-5/Lachnoanaerobaculum sp. MSX33]|ref_mOTU_v31_06478	0
k__Bacteria|p__Firmicutes|c__Clostridia|o__Clostridiales|f__Lachnospiraceae|g__Lachnoanaerobaculum|s__Lachnoanaerobaculum species incertae sedis|ext_mOTU_v31_29391	0
k__Bacteria|p__Firmicutes|c__Clostridia|o__Clostridiales|f__Lachnospiraceae|g__Lachnoclostridium|s__[Clostridium] clostridioforme|ref_mOTU_v31_03443	0
k__Bacteria|p__Firmicutes|c__Clostridia|o__Clostridiales|f__Lachnospiraceae|g__Lachnoclostridium|s__[Clostridium] hylemonae|ref_mOTU_v31_11469	0
k__Bacteria|p__Firmicutes|c__Clostridia|o__Clostridiales|f__Lachnospiraceae|g__Lachnoclostridium|s__[Clostridium] saccharolyticum [Clostridium sp. CAG:149/Clostridium sp. M62/1/[Clostridium] saccharolyticum]|ref_mOTU_v31_03601	0
k__Bacteria|p__Firmicutes|c__Clostridia|o__Clostridiales|f__Lachnospiraceae|g__Lachnoclostridium|s__Lachnoclostridium phocaeense|ref_mOTU_v31_04663	0
k__Bacteria|p__Firmicutes|c__Clostridia|o__Clostridiales|f__Lachnospiraceae|g__Lachnoclostridium|s__Lachnoclostridium species incertae sedis|ext_mOTU_v31_16352	0
k__Bacteria|p__Firmicutes|c__Clostridia|o__Clostridiales|f__Lachnospiraceae|g__Lachnoclostridium|s__Lachnoclostridium species incertae sedis|ext_mOTU_v31_16365	0
k__Bacteria|p__Firmicutes|c__Clostridia|o__Clostridiales|f__Lachnospiraceae|g__Lachnoclostridium|s__Lachnoclostridium species incertae sedis|ext_mOTU_v31_27190	0
k__Bacteria|p__Firmicutes|c__Clostridia|o__Clostridiales|f__Lachnospiraceae|g__Lachnospiraceae gen. incertae sedis|s__Lachnospiraceae bacterium 2_1_46FAA|ref_mOTU_v31_11859	0
k__Bacteria|p__Firmicutes|c__Clostridia|o__Clostridiales|f__Lachnospiraceae|g__Lachnospiraceae gen. incertae sedis|s__Lachnospiraceae bacterium oral taxon 500|ref_mOTU_v31_11550	0
k__Bacteria|p__Firmicutes|c__Clostridia|o__Clostridiales|f__Lachnospiraceae|g__Lachnospiraceae gen. incertae sedis|s__Lachnospiraceae species incertae sedis|ext_mOTU_v31_15332	0
k__Bacteria|p__Firmicutes|c__Clostridia|o__Clostridiales|f__Lachnospiraceae|g__Lachnospiraceae gen. incertae sedis|s__Lachnospiraceae species incertae sedis|ext_mOTU_v31_15367	0
k__Bacteria|p__Firmicutes|c__Clostridia|o__Clostridiales|f__Lachnospiraceae|g__Lachnospiraceae gen. incertae sedis|s__Lachnospiraceae species incertae sedis|ext_mOTU_v31_16282	0
k__Bacteria|p__Firmicutes|c__Clostridia|o__Clostridiales|f__Lachnospiraceae|g__Lachnospiraceae gen. incertae sedis|s__Lachnospiraceae species incertae sedis|ext_mOTU_v31_16284	0
k__Bacteria|p__Firmicutes|c__Clostridia|o__Clostridiales|f__Lachnospiraceae|g__Lachnospiraceae gen. incertae sedis|s__Lachnospiraceae species incertae sedis|ext_mOTU_v31_16285	0
k__Bacteria|p__Firmicutes|c__Clostridia|o__Clostridiales|f__Lachnospiraceae|g__Lachnospiraceae gen. incertae sedis|s__Lachnospiraceae species incertae sedis|ext_mOTU_v31_16286	0
k__Bacteria|p__Firmicutes|c__Clostridia|o__Clostridiales|f__Lachnospiraceae|g__Lachnospiraceae gen. incertae sedis|s__Lachnospiraceae species incertae sedis|ext_mOTU_v31_16288	0
k__Bacteria|p__Firmicutes|c__Clostridia|o__Clostridiales|f__Lachnospiraceae|g__Lachnospiraceae gen. incertae sedis|s__Lachnospiraceae species incertae sedis|ext_mOTU_v31_16290	0
k__Bacteria|p__Firmicutes|c__Clostridia|o__Clostridiales|f__Lachnospiraceae|g__Lachnospiraceae gen. incertae sedis|s__Lachnospiraceae species incertae sedis|ext_mOTU_v31_16335	0
k__Bacteria|p__Firmicutes|c__Clostridia|o__Clostridiales|f__Lachnospiraceae|g__Lachnospiraceae gen. incertae sedis|s__Lachnospiraceae species incertae sedis|ext_mOTU_v31_16336	0
k__Bacteria|p__Firmicutes|c__Clostridia|o__Clostridiales|f__Lachnospiraceae|g__Lachnospiraceae gen. incertae sedis|s__Lachnospiraceae species incertae sedis|ext_mOTU_v31_16340	0
k__Bacteria|p__Firmicutes|c__Clostridia|o__Clostridiales|f__Lachnospiraceae|g__Lachnospiraceae gen. incertae sedis|s__Lachnospiraceae species incertae sedis|ext_mOTU_v31_16341	0
k__Bacteria|p__Firmicutes|c__Clostridia|o__Clostridiales|f__Lachnospiraceae|g__Lachnospiraceae gen. incertae sedis|s__Lachnospiraceae species incertae sedis|ext_mOTU_v31_16368	0
k__Bacteria|p__Firmicutes|c__Clostridia|o__Clostridiales|f__Lachnospiraceae|g__Lachnospiraceae gen. incertae sedis|s__Lachnospiraceae species incertae sedis|ext_mOTU_v31_16386	0
k__Bacteria|p__Firmicutes|c__Clostridia|o__Clostridiales|f__Lachnospiraceae|g__Lachnospiraceae gen. incertae sedis|s__Lachnospiraceae species incertae sedis|ext_mOTU_v31_16408	0
k__Bacteria|p__Firmicutes|c__Clostridia|o__Clostridiales|f__Lachnospiraceae|g__Lachnospiraceae gen. incertae sedis|s__Lachnospiraceae species incertae sedis|ext_mOTU_v31_16410	0
k__Bacteria|p__Firmicutes|c__Clostridia|o__Clostridiales|f__Lachnospiraceae|g__Lachnospiraceae gen. incertae sedis|s__Lachnospiraceae species incertae sedis|ext_mOTU_v31_16466	0
k__Bacteria|p__Firmicutes|c__Clostridia|o__Clostridiales|f__Lachnospiraceae|g__Lachnospiraceae gen. incertae sedis|s__Lachnospiraceae species incertae sedis|ext_mOTU_v31_16467	0
k__Bacteria|p__Firmicutes|c__Clostridia|o__Clostridiales|f__Lachnospiraceae|g__Lachnospiraceae gen. incertae sedis|s__Lachnospiraceae species incertae sedis|ext_mOTU_v31_16471	0
k__Bacteria|p__Firmicutes|c__Clostridia|o__Clostridiales|f__Lachnospiraceae|g__Lachnospiraceae gen. incertae sedis|s__Lachnospiraceae species incertae sedis|ext_mOTU_v31_16475	0
k__Bacteria|p__Firmicutes|c__Clostridia|o__Clostridiales|f__Lachnospiraceae|g__Lachnospiraceae gen. incertae sedis|s__Lachnospiraceae species incertae sedis|ext_mOTU_v31_16484	0
k__Bacteria|p__Firmicutes|c__Clostridia|o__Clostridiales|f__Lachnospiraceae|g__Lachnospiraceae gen. incertae sedis|s__Lachnospiraceae species incertae sedis|ext_mOTU_v31_16496	0
k__Bacteria|p__Firmicutes|c__Clostridia|o__Clostridiales|f__Lachnospiraceae|g__Lachnospiraceae gen. incertae sedis|s__Lachnospiraceae species incertae sedis|ext_mOTU_v31_16508	0
k__Bacteria|p__Firmicutes|c__Clostridia|o__Clostridiales|f__Lachnospiraceae|g__Lachnospiraceae gen. incertae sedis|s__Lachnospiraceae species incertae sedis|ext_mOTU_v31_16531	0
k__Bacteria|p__Firmicutes|c__Clostridia|o__Clostridiales|f__Lachnospiraceae|g__Lachnospiraceae gen. incertae sedis|s__Lachnospiraceae species incertae sedis|ext_mOTU_v31_17400	0
k__Bacteria|p__Firmicutes|c__Clostridia|o__Clostridiales|f__Lachnospiraceae|g__Lachnospiraceae gen. incertae sedis|s__Lachnospiraceae species incertae sedis|ext_mOTU_v31_17402	0
k__Bacteria|p__Firmicutes|c__Clostridia|o__Clostridiales|f__Lachnospiraceae|g__Lachnospiraceae gen. incertae sedis|s__Lachnospiraceae species incertae sedis|ext_mOTU_v31_17454	0
k__Bacteria|p__Firmicutes|c__Clostridia|o__Clostridiales|f__Lachnospiraceae|g__Lachnospiraceae gen. incertae sedis|s__Lachnospiraceae species incertae sedis|ext_mOTU_v31_17567	0
k__Bacteria|p__Firmicutes|c__Clostridia|o__Clostridiales|f__Lachnospiraceae|g__Lachnospiraceae gen. incertae sedis|s__Lachnospiraceae species incertae sedis|ext_mOTU_v31_17726	0
k__Bacteria|p__Firmicutes|c__Clostridia|o__Clostridiales|f__Lachnospiraceae|g__Lachnospiraceae gen. incertae sedis|s__Lachnospiraceae species incertae sedis|ext_mOTU_v31_17975	0
k__Bacteria|p__Firmicutes|c__Clostridia|o__Clostridiales|f__Lachnospiraceae|g__Lachnospiraceae gen. incertae sedis|s__Lachnospiraceae species incertae sedis|ext_mOTU_v31_17999	0
k__Bacteria|p__Firmicutes|c__Clostridia|o__Clostridiales|f__Lachnospiraceae|g__Lachnospiraceae gen. incertae sedis|s__Lachnospiraceae species incertae sedis|ext_mOTU_v31_18042	0
k__Bacteria|p__Firmicutes|c__Clostridia|o__Clostridiales|f__Lachnospiraceae|g__Lachnospiraceae gen. incertae sedis|s__Lachnospiraceae species incertae sedis|ext_mOTU_v31_18254	0
k__Bacteria|p__Firmicutes|c__Clostridia|o__Clostridiales|f__Lachnospiraceae|g__Lachnospiraceae gen. incertae sedis|s__Lachnospiraceae species incertae sedis|ext_mOTU_v31_18413	0
k__Bacteria|p__Firmicutes|c__Clostridia|o__Clostridiales|f__Lachnospiraceae|g__Lachnospiraceae gen. incertae sedis|s__Lachnospiraceae species incertae sedis|ext_mOTU_v31_19635	0
k__Bacteria|p__Firmicutes|c__Clostridia|o__Clostridiales|f__Lachnospiraceae|g__Lachnospiraceae gen. incertae sedis|s__Lachnospiraceae species incertae sedis|ext_mOTU_v31_19645	0
k__Bacteria|p__Firmicutes|c__Clostridia|o__Clostridiales|f__Lachnospiraceae|g__Lachnospiraceae gen. incertae sedis|s__Lachnospiraceae species incertae sedis|ext_mOTU_v31_25451	0
k__Bacteria|p__Firmicutes|c__Clostridia|o__Clostridiales|f__Lachnospiraceae|g__Lachnospiraceae gen. incertae sedis|s__Lachnospiraceae species incertae sedis|ext_mOTU_v31_26690	0
k__Bacteria|p__Firmicutes|c__Clostridia|o__Clostridiales|f__Lachnospiraceae|g__Lachnospiraceae gen. incertae sedis|s__Lachnospiraceae species incertae sedis|ext_mOTU_v31_26714	0
k__Bacteria|p__Firmicutes|c__Clostridia|o__Clostridiales|f__Lachnospiraceae|g__Lachnospiraceae gen. incertae sedis|s__Lachnospiraceae species incertae sedis|ext_mOTU_v31_26922	0
k__Bacteria|p__Firmicutes|c__Clostridia|o__Clostridiales|f__Lachnospiraceae|g__Lachnospiraceae gen. incertae sedis|s__Lachnospiraceae species incertae sedis|ext_mOTU_v31_26943	0
k__Bacteria|p__Firmicutes|c__Clostridia|o__Clostridiales|f__Lachnospiraceae|g__Lachnospiraceae gen. incertae sedis|s__Lachnospiraceae species incertae sedis|ext_mOTU_v31_27043	0
k__Bacteria|p__Firmicutes|c__Clostridia|o__Clostridiales|f__Lachnospiraceae|g__Lachnospiraceae gen. incertae sedis|s__Lachnospiraceae species incertae sedis|ext_mOTU_v31_27046	0
k__Bacteria|p__Firmicutes|c__Clostridia|o__Clostridiales|f__Lachnospiraceae|g__Lachnospiraceae gen. incertae sedis|s__Lachnospiraceae species incertae sedis|ext_mOTU_v31_27169	0
k__Bacteria|p__Firmicutes|c__Clostridia|o__Clostridiales|f__Lachnospiraceae|g__Lachnospiraceae gen. incertae sedis|s__Lachnospiraceae species incertae sedis|ext_mOTU_v31_27201	0
k__Bacteria|p__Firmicutes|c__Clostridia|o__Clostridiales|f__Lachnospiraceae|g__Lachnospiraceae gen. incertae sedis|s__Lachnospiraceae species incertae sedis|ext_mOTU_v31_27203	0
k__Bacteria|p__Firmicutes|c__Clostridia|o__Clostridiales|f__Lachnospiraceae|g__Lachnospiraceae gen. incertae sedis|s__Lachnospiraceae species incertae sedis|ext_mOTU_v31_27214	0
k__Bacteria|p__Firmicutes|c__Clostridia|o__Clostridiales|f__Lachnospiraceae|g__Lachnospiraceae gen. incertae sedis|s__Lachnospiraceae species incertae sedis|ext_mOTU_v31_27243	0
k__Bacteria|p__Firmicutes|c__Clostridia|o__Clostridiales|f__Lachnospiraceae|g__Lachnospiraceae gen. incertae sedis|s__Lachnospiraceae species incertae sedis|ext_mOTU_v31_29399	0
k__Bacteria|p__Firmicutes|c__Clostridia|o__Clostridiales|f__Lachnospiraceae|g__Lachnospiraceae gen. incertae sedis|s__Lachnospiraceae species incertae sedis|meta_mOTU_v31_12363	0
k__Bacteria|p__Firmicutes|c__Clostridia|o__Clostridiales|f__Lachnospiraceae|g__Mediterraneibacter|s__Mediterraneibacter massiliensis [Mediterraneibacter massiliensis/uncultured Clostridium sp.]|ref_mOTU_v31_05273	0
k__Bacteria|p__Firmicutes|c__Clostridia|o__Clostridiales|f__Lachnospiraceae|g__Merdimonas|s__Merdimonas faecis|ref_mOTU_v31_08871	0
k__Bacteria|p__Firmicutes|c__Clostridia|o__Clostridiales|f__Lachnospiraceae|g__Niameybacter|s__Niameybacter massiliensis|meta_mOTU_v31_12700	0
k__Bacteria|p__Firmicutes|c__Clostridia|o__Clostridiales|f__Lachnospiraceae|g__Oribacterium|s__Oribacterium asaccharolyticum [Oribacterium asaccharolyticum/Oribacterium sp. oral taxon 108]|ref_mOTU_v31_06446	0
k__Bacteria|p__Firmicutes|c__Clostridia|o__Clostridiales|f__Lachnospiraceae|g__Oribacterium|s__Oribacterium parvum|ref_mOTU_v31_06445	0
k__Bacteria|p__Firmicutes|c__Clostridia|o__Clostridiales|f__Lachnospiraceae|g__Oribacterium|s__Oribacterium sp. oral taxon 078|ref_mOTU_v31_04053	0
k__Bacteria|p__Firmicutes|c__Clostridia|o__Clostridiales|f__Lachnospiraceae|g__Oribacterium|s__Oribacterium species incertae sedis|meta_mOTU_v31_12488	0
k__Bacteria|p__Firmicutes|c__Clostridia|o__Clostridiales|f__Lachnospiraceae|g__Oribacterium|s__Oribacterium species incertae sedis|meta_mOTU_v31_12697	0
k__Bacteria|p__Firmicutes|c__Clostridia|o__Clostridiales|f__Lachnospiraceae|g__Oribacterium|s__Oribacterium species incertae sedis|meta_mOTU_v31_13327	0
k__Bacteria|p__Firmicutes|c__Clostridia|o__Clostridiales|f__Lachnospiraceae|g__Roseburia|s__Roseburia faecis [Roseburia sp. CAG:18/Roseburia sp. CAG:18_43_25/Roseburia faecis]|ref_mOTU_v31_00859	0
k__Bacteria|p__Firmicutes|c__Clostridia|o__Clostridiales|f__Lachnospiraceae|g__Roseburia|s__Roseburia hominis|ref_mOTU_v31_00861	0
k__Bacteria|p__Firmicutes|c__Clostridia|o__Clostridiales|f__Lachnospiraceae|g__Roseburia|s__Roseburia sp. [Roseburia sp. CAG:100/Roseburia sp. CAG:10041_57]|ref_mOTU_v31_03649	0
k__Bacteria|p__Firmicutes|c__Clostridia|o__Clostridiales|f__Lachnospiraceae|g__Roseburia|s__Roseburia sp. [Roseburia sp. CAG:45/uncultured Roseburia sp.]|ref_mOTU_v31_03650	0
k__Bacteria|p__Firmicutes|c__Clostridia|o__Clostridiales|f__Lachnospiraceae|g__Roseburia|s__Roseburia sp. 40_7|meta_mOTU_v31_12352	0
k__Bacteria|p__Firmicutes|c__Clostridia|o__Clostridiales|f__Lachnospiraceae|g__Roseburia|s__Roseburia sp. CAG:182|meta_mOTU_v31_12852	0
k__Bacteria|p__Firmicutes|c__Clostridia|o__Clostridiales|f__Lachnospiraceae|g__Roseburia|s__Roseburia sp. CAG:182|ref_mOTU_v31_07703	0
k__Bacteria|p__Firmicutes|c__Clostridia|o__Clostridiales|f__Lachnospiraceae|g__Roseburia|s__Roseburia sp. CAG:303|ref_mOTU_v31_07704	0
k__Bacteria|p__Firmicutes|c__Clostridia|o__Clostridiales|f__Lachnospiraceae|g__Roseburia|s__Roseburia species incertae sedis|ext_mOTU_v31_17451	0
k__Bacteria|p__Firmicutes|c__Clostridia|o__Clostridiales|f__Lachnospiraceae|g__Roseburia|s__Roseburia species incertae sedis|ext_mOTU_v31_17476	0
k__Bacteria|p__Firmicutes|c__Clostridia|o__Clostridiales|f__Lachnospiraceae|g__Roseburia|s__Roseburia species incertae sedis|ext_mOTU_v31_17477	0
k__Bacteria|p__Firmicutes|c__Clostridia|o__Clostridiales|f__Lachnospiraceae|g__Roseburia|s__Roseburia species incertae sedis|ext_mOTU_v31_17478	0
k__Bacteria|p__Firmicutes|c__Clostridia|o__Clostridiales|f__Lachnospiraceae|g__Roseburia|s__Roseburia species incertae sedis|ext_mOTU_v31_17563	0
k__Bacteria|p__Firmicutes|c__Clostridia|o__Clostridiales|f__Lachnospiraceae|g__Roseburia|s__Roseburia species incertae sedis|ext_mOTU_v31_26921	0
k__Bacteria|p__Firmicutes|c__Clostridia|o__Clostridiales|f__Lachnospiraceae|g__Roseburia|s__Roseburia species incertae sedis|ext_mOTU_v31_30152	0
k__Bacteria|p__Firmicutes|c__Clostridia|o__Clostridiales|f__Lachnospiraceae|g__Roseburia|s__Roseburia species incertae sedis|meta_mOTU_v31_12537	0
k__Bacteria|p__Firmicutes|c__Clostridia|o__Clostridiales|f__Lachnospiraceae|g__Roseburia|s__Roseburia species incertae sedis|meta_mOTU_v31_13251	0
k__Bacteria|p__Firmicutes|c__Clostridia|o__Clostridiales|f__Lachnospiraceae|g__Roseburia|s__Roseburia species incertae sedis|meta_mOTU_v31_13319	0
k__Bacteria|p__Firmicutes|c__Clostridia|o__Clostridiales|f__Lachnospiraceae|g__Shuttleworthia|s__Shuttleworthia satelles [Shuttleworthia satelles/Shuttleworthia sp. MSX8B]|ref_mOTU_v31_06398	0
k__Bacteria|p__Firmicutes|c__Clostridia|o__Clostridiales|f__Lachnospiraceae|g__Stomatobaculum|s__Stomatobaculum longum|meta_mOTU_v31_12605	0
k__Bacteria|p__Firmicutes|c__Clostridia|o__Clostridiales|f__Lachnospiraceae|g__Stomatobaculum|s__Stomatobaculum longum|ref_mOTU_v31_11939	0
k__Bacteria|p__Firmicutes|c__Clostridia|o__Clostridiales|f__Lachnospiraceae|g__Tyzzerella|s__Tyzzerella species incertae sedis|meta_mOTU_v31_12266	0
k__Bacteria|p__Firmicutes|c__Clostridia|o__Clostridiales|f__Oscillospiraceae|g__Oscillibacter|s__Oscillibacter sp. 57_20|meta_mOTU_v31_12610	0
k__Bacteria|p__Firmicutes|c__Clostridia|o__Clostridiales|f__Oscillospiraceae|g__Oscillibacter|s__Oscillibacter sp. 57_20|ref_mOTU_v31_10413	0
k__Bacteria|p__Firmicutes|c__Clostridia|o__Clostridiales|f__Oscillospiraceae|g__Oscillibacter|s__Oscillibacter sp. CAG:155|meta_mOTU_v31_13424	0
k__Bacteria|p__Firmicutes|c__Clostridia|o__Clostridiales|f__Oscillospiraceae|g__Oscillibacter|s__Oscillibacter sp. PC13|ref_mOTU_v31_10185	0
k__Bacteria|p__Firmicutes|c__Clostridia|o__Clostridiales|f__Oscillospiraceae|g__Oscillibacter|s__Oscillibacter species incertae sedis|ext_mOTU_v31_16269	0
k__Bacteria|p__Firmicutes|c__Clostridia|o__Clostridiales|f__Oscillospiraceae|g__Oscillibacter|s__Oscillibacter species incertae sedis|ext_mOTU_v31_17528	0
k__Bacteria|p__Firmicutes|c__Clostridia|o__Clostridiales|f__Oscillospiraceae|g__Oscillibacter|s__Oscillibacter species incertae sedis|ext_mOTU_v31_17529	0
k__Bacteria|p__Firmicutes|c__Clostridia|o__Clostridiales|f__Oscillospiraceae|g__Oscillibacter|s__Oscillibacter species incertae sedis|ext_mOTU_v31_17593	0
k__Bacteria|p__Firmicutes|c__Clostridia|o__Clostridiales|f__Oscillospiraceae|g__Oscillibacter|s__Oscillibacter species incertae sedis|ext_mOTU_v31_17667	0
k__Bacteria|p__Firmicutes|c__Clostridia|o__Clostridiales|f__Oscillospiraceae|g__Oscillibacter|s__Oscillibacter species incertae sedis|ext_mOTU_v31_17683	0
k__Bacteria|p__Firmicutes|c__Clostridia|o__Clostridiales|f__Oscillospiraceae|g__Oscillibacter|s__Oscillibacter species incertae sedis|ext_mOTU_v31_17894	0
k__Bacteria|p__Firmicutes|c__Clostridia|o__Clostridiales|f__Oscillospiraceae|g__Oscillibacter|s__Oscillibacter species incertae sedis|ext_mOTU_v31_17906	0
k__Bacteria|p__Firmicutes|c__Clostridia|o__Clostridiales|f__Oscillospiraceae|g__Oscillibacter|s__Oscillibacter species incertae sedis|ext_mOTU_v31_17918	0
k__Bacteria|p__Firmicutes|c__Clostridia|o__Clostridiales|f__Oscillospiraceae|g__Oscillibacter|s__Oscillibacter species incertae sedis|ext_mOTU_v31_17988	0
k__Bacteria|p__Firmicutes|c__Clostridia|o__Clostridiales|f__Oscillospiraceae|g__Oscillibacter|s__Oscillibacter species incertae sedis|ext_mOTU_v31_18031	0
k__Bacteria|p__Firmicutes|c__Clostridia|o__Clostridiales|f__Oscillospiraceae|g__Oscillibacter|s__Oscillibacter species incertae sedis|ext_mOTU_v31_18101	0
k__Bacteria|p__Firmicutes|c__Clostridia|o__Clostridiales|f__Oscillospiraceae|g__Oscillibacter|s__Oscillibacter species incertae sedis|ext_mOTU_v31_18103	0
k__Bacteria|p__Firmicutes|c__Clostridia|o__Clostridiales|f__Oscillospiraceae|g__Oscillibacter|s__Oscillibacter species incertae sedis|ext_mOTU_v31_18175	0
k__Bacteria|p__Firmicutes|c__Clostridia|o__Clostridiales|f__Oscillospiraceae|g__Oscillibacter|s__Oscillibacter species incertae sedis|ext_mOTU_v31_18233	0
k__Bacteria|p__Firmicutes|c__Clostridia|o__Clostridiales|f__Oscillospiraceae|g__Oscillibacter|s__Oscillibacter species incertae sedis|ext_mOTU_v31_23700	0
k__Bacteria|p__Firmicutes|c__Clostridia|o__Clostridiales|f__Oscillospiraceae|g__Oscillibacter|s__Oscillibacter species incertae sedis|ext_mOTU_v31_25389	0
k__Bacteria|p__Firmicutes|c__Clostridia|o__Clostridiales|f__Oscillospiraceae|g__Oscillibacter|s__Oscillibacter species incertae sedis|ext_mOTU_v31_26735	0
k__Bacteria|p__Firmicutes|c__Clostridia|o__Clostridiales|f__Oscillospiraceae|g__Oscillibacter|s__Oscillibacter species incertae sedis|ext_mOTU_v31_26742	0
k__Bacteria|p__Firmicutes|c__Clostridia|o__Clostridiales|f__Oscillospiraceae|g__Oscillibacter|s__Oscillibacter species incertae sedis|ext_mOTU_v31_26791	0
k__Bacteria|p__Firmicutes|c__Clostridia|o__Clostridiales|f__Oscillospiraceae|g__Oscillibacter|s__Oscillibacter species incertae sedis|ext_mOTU_v31_26806	0
k__Bacteria|p__Firmicutes|c__Clostridia|o__Clostridiales|f__Oscillospiraceae|g__Oscillibacter|s__Oscillibacter species incertae sedis|ext_mOTU_v31_26810	0
k__Bacteria|p__Firmicutes|c__Clostridia|o__Clostridiales|f__Oscillospiraceae|g__Oscillibacter|s__Oscillibacter species incertae sedis|ext_mOTU_v31_26852	0
k__Bacteria|p__Firmicutes|c__Clostridia|o__Clostridiales|f__Oscillospiraceae|g__Oscillibacter|s__Oscillibacter species incertae sedis|ext_mOTU_v31_26903	0
k__Bacteria|p__Firmicutes|c__Clostridia|o__Clostridiales|f__Oscillospiraceae|g__Oscillibacter|s__Oscillibacter species incertae sedis|ext_mOTU_v31_26924	0
k__Bacteria|p__Firmicutes|c__Clostridia|o__Clostridiales|f__Oscillospiraceae|g__Oscillibacter|s__Oscillibacter species incertae sedis|ext_mOTU_v31_27097	0
k__Bacteria|p__Firmicutes|c__Clostridia|o__Clostridiales|f__Oscillospiraceae|g__Oscillibacter|s__Oscillibacter species incertae sedis|ext_mOTU_v31_27147	0
k__Bacteria|p__Firmicutes|c__Clostridia|o__Clostridiales|f__Oscillospiraceae|g__Oscillibacter|s__Oscillibacter species incertae sedis|ext_mOTU_v31_27462	0
k__Bacteria|p__Firmicutes|c__Clostridia|o__Clostridiales|f__Oscillospiraceae|g__Oscillibacter|s__Oscillibacter species incertae sedis|ext_mOTU_v31_33926	0
k__Bacteria|p__Firmicutes|c__Clostridia|o__Clostridiales|f__Oscillospiraceae|g__Oscillibacter|s__Oscillibacter species incertae sedis|meta_mOTU_v31_12353	0
k__Bacteria|p__Firmicutes|c__Clostridia|o__Clostridiales|f__Oscillospiraceae|g__Oscillibacter|s__Oscillibacter species incertae sedis|meta_mOTU_v31_12663	0
k__Bacteria|p__Firmicutes|c__Clostridia|o__Clostridiales|f__Oscillospiraceae|g__Oscillibacter|s__Oscillibacter species incertae sedis|meta_mOTU_v31_13092	0
k__Bacteria|p__Firmicutes|c__Clostridia|o__Clostridiales|f__Oscillospiraceae|g__Oscillibacter|s__Oscillibacter species incertae sedis|meta_mOTU_v31_13278	0
k__Bacteria|p__Firmicutes|c__Clostridia|o__Clostridiales|f__Oscillospiraceae|g__Oscillospiraceae gen. incertae sedis|s__Oscillospiraceae species incertae sedis|ext_mOTU_v31_26940	0
k__Bacteria|p__Firmicutes|c__Clostridia|o__Clostridiales|f__Peptococcaceae|g__Peptococcaceae gen. incertae sedis|s__Peptococcaceae species incertae sedis|ext_mOTU_v31_17450	0
k__Bacteria|p__Firmicutes|c__Clostridia|o__Clostridiales|f__Peptococcaceae|g__Peptococcaceae gen. incertae sedis|s__Peptococcaceae species incertae sedis|ext_mOTU_v31_23551	0
k__Bacteria|p__Firmicutes|c__Clostridia|o__Clostridiales|f__Peptostreptococcaceae|g__Clostridioides|s__Clostridioides difficile [Clostridioides difficile/Clostridium sp. HMSC19A11/Clostridium sp. HMSC19B01/Clostridium sp. HMSC19B04/Clostridium sp. HMSC19B10/Clostridium sp. HMSC19B11/Clostridium sp. HMSC19B12/Clostridium sp. HMSC19C05/Clostridium sp. HMSC19C08/Clostridium sp. HMSC19C09/Clostridium sp. HMSC19C11/Clostridium sp. HMSC19D02/Clostridium sp. HMSC19D07/Clostridium sp. HMSC19E03]|ref_mOTU_v31_00721	0
k__Bacteria|p__Firmicutes|c__Clostridia|o__Clostridiales|f__Peptostreptococcaceae|g__Filifactor|s__Filifactor alocis|ref_mOTU_v31_11446	0
k__Bacteria|p__Firmicutes|c__Clostridia|o__Clostridiales|f__Peptostreptococcaceae|g__Intestinibacter|s__Intestinibacter bartlettii [Clostridium bartlettii CAG:1329/Intestinibacter bartlettii/Clostridium sp. 1_1_41A1FAA/uncultured Clostridium sp.]|ref_mOTU_v31_03687	0
k__Bacteria|p__Firmicutes|c__Clostridia|o__Clostridiales|f__Peptostreptococcaceae|g__Peptoanaerobacter|s__Peptoanaerobacter stomatis|ref_mOTU_v31_06444	0
k__Bacteria|p__Firmicutes|c__Clostridia|o__Clostridiales|f__Peptostreptococcaceae|g__Peptostreptococcaceae gen. incertae sedis|s__Peptostreptococcaceae bacterium oral taxon 113|ref_mOTU_v31_07937	0
k__Bacteria|p__Firmicutes|c__Clostridia|o__Clostridiales|f__Peptostreptococcaceae|g__Peptostreptococcaceae gen. incertae sedis|s__Peptostreptococcaceae species incertae sedis|ext_mOTU_v31_15371	0
k__Bacteria|p__Firmicutes|c__Clostridia|o__Clostridiales|f__Peptostreptococcaceae|g__Peptostreptococcaceae gen. incertae sedis|s__Peptostreptococcaceae species incertae sedis|ext_mOTU_v31_15372	0
k__Bacteria|p__Firmicutes|c__Clostridia|o__Clostridiales|f__Peptostreptococcaceae|g__Peptostreptococcaceae gen. incertae sedis|s__Peptostreptococcaceae species incertae sedis|ext_mOTU_v31_23974	0
k__Bacteria|p__Firmicutes|c__Clostridia|o__Clostridiales|f__Peptostreptococcaceae|g__Peptostreptococcaceae gen. incertae sedis|s__Peptostreptococcaceae species incertae sedis|ext_mOTU_v31_23975	0
k__Bacteria|p__Firmicutes|c__Clostridia|o__Clostridiales|f__Peptostreptococcaceae|g__Peptostreptococcaceae gen. incertae sedis|s__Peptostreptococcaceae species incertae sedis|meta_mOTU_v31_12337	0
k__Bacteria|p__Firmicutes|c__Clostridia|o__Clostridiales|f__Peptostreptococcaceae|g__Peptostreptococcaceae gen. incertae sedis|s__Peptostreptococcaceae species incertae sedis|meta_mOTU_v31_13426	0
k__Bacteria|p__Firmicutes|c__Clostridia|o__Clostridiales|f__Peptostreptococcaceae|g__Peptostreptococcaceae gen. incertae sedis|s__Peptostreptococcaceae species incertae sedis|meta_mOTU_v31_13445	0
k__Bacteria|p__Firmicutes|c__Clostridia|o__Clostridiales|f__Peptostreptococcaceae|g__Peptostreptococcus|s__Peptostreptococcus anaerobius [Peptostreptococcus anaerobius/Peptostreptococcus anaerobius CAG:621]|ref_mOTU_v31_01077	0
k__Bacteria|p__Firmicutes|c__Clostridia|o__Clostridiales|f__Peptostreptococcaceae|g__Terrisporobacter|s__Terrisporobacter othiniensis|ref_mOTU_v31_02187	0
k__Bacteria|p__Firmicutes|c__Clostridia|o__Clostridiales|f__Ruminococcaceae|g__Anaeromassilibacillus|s__Anaeromassilibacillus sp. [Clostridia bacterium UC5.1-1E11/Anaeromassilibacillus sp. Marseille-P3371]|ref_mOTU_v31_05237	0
k__Bacteria|p__Firmicutes|c__Clostridia|o__Clostridiales|f__Ruminococcaceae|g__Anaeromassilibacillus|s__Anaeromassilibacillus sp. An200|meta_mOTU_v31_14434	0
k__Bacteria|p__Firmicutes|c__Clostridia|o__Clostridiales|f__Ruminococcaceae|g__Anaerotruncus|s__Anaerotruncus sp. CAG:390|meta_mOTU_v31_12536	0
k__Bacteria|p__Firmicutes|c__Clostridia|o__Clostridiales|f__Ruminococcaceae|g__Anaerotruncus|s__Anaerotruncus sp. CAG:528|ref_mOTU_v31_07590	0
k__Bacteria|p__Firmicutes|c__Clostridia|o__Clostridiales|f__Ruminococcaceae|g__Anaerotruncus|s__uncultured Anaerotruncus sp.|ref_mOTU_v31_12068	0
k__Bacteria|p__Firmicutes|c__Clostridia|o__Clostridiales|f__Ruminococcaceae|g__Angelakisella|s__Angelakisella massiliensis|ref_mOTU_v31_10247	0
k__Bacteria|p__Firmicutes|c__Clostridia|o__Clostridiales|f__Ruminococcaceae|g__Faecalibacterium|s__Faecalibacterium prausnitzii [uncultured Faecalibacterium sp./Faecalibacterium prausnitzii]|ref_mOTU_v31_06110	0
k__Bacteria|p__Firmicutes|c__Clostridia|o__Clostridiales|f__Ruminococcaceae|g__Faecalibacterium|s__Faecalibacterium prausnitzii|meta_mOTU_v31_13917	0
k__Bacteria|p__Firmicutes|c__Clostridia|o__Clostridiales|f__Ruminococcaceae|g__Faecalibacterium|s__Faecalibacterium prausnitzii|ref_mOTU_v31_06109	0
k__Bacteria|p__Firmicutes|c__Clostridia|o__Clostridiales|f__Ruminococcaceae|g__Faecalibacterium|s__Faecalibacterium prausnitzii|ref_mOTU_v31_06111	0
k__Bacteria|p__Firmicutes|c__Clostridia|o__Clostridiales|f__Ruminococcaceae|g__Faecalibacterium|s__Faecalibacterium species incertae sedis|ext_mOTU_v31_18237	0
k__Bacteria|p__Firmicutes|c__Clostridia|o__Clostridiales|f__Ruminococcaceae|g__Faecalibacterium|s__Faecalibacterium species incertae sedis|ext_mOTU_v31_18238	0
k__Bacteria|p__Firmicutes|c__Clostridia|o__Clostridiales|f__Ruminococcaceae|g__Faecalibacterium|s__Faecalibacterium species incertae sedis|ext_mOTU_v31_26720	0
k__Bacteria|p__Firmicutes|c__Clostridia|o__Clostridiales|f__Ruminococcaceae|g__Faecalibacterium|s__Faecalibacterium species incertae sedis|ext_mOTU_v31_26833	0
k__Bacteria|p__Firmicutes|c__Clostridia|o__Clostridiales|f__Ruminococcaceae|g__Faecalibacterium|s__Faecalibacterium species incertae sedis|ext_mOTU_v31_26882	0
k__Bacteria|p__Firmicutes|c__Clostridia|o__Clostridiales|f__Ruminococcaceae|g__Faecalibacterium|s__Faecalibacterium species incertae sedis|ext_mOTU_v31_27113	0
k__Bacteria|p__Firmicutes|c__Clostridia|o__Clostridiales|f__Ruminococcaceae|g__Faecalibacterium|s__Faecalibacterium species incertae sedis|ext_mOTU_v31_27220	0
k__Bacteria|p__Firmicutes|c__Clostridia|o__Clostridiales|f__Ruminococcaceae|g__Faecalibacterium|s__Faecalibacterium species incertae sedis|ext_mOTU_v31_27453	0
k__Bacteria|p__Firmicutes|c__Clostridia|o__Clostridiales|f__Ruminococcaceae|g__Faecalibacterium|s__Faecalibacterium species incertae sedis|ext_mOTU_v31_33923	0
k__Bacteria|p__Firmicutes|c__Clostridia|o__Clostridiales|f__Ruminococcaceae|g__Faecalibacterium|s__Faecalibacterium species incertae sedis|meta_mOTU_v31_12303	0
k__Bacteria|p__Firmicutes|c__Clostridia|o__Clostridiales|f__Ruminococcaceae|g__Faecalibacterium|s__Faecalibacterium species incertae sedis|meta_mOTU_v31_12331	0
k__Bacteria|p__Firmicutes|c__Clostridia|o__Clostridiales|f__Ruminococcaceae|g__Faecalibacterium|s__Faecalibacterium species incertae sedis|meta_mOTU_v31_12376	0
k__Bacteria|p__Firmicutes|c__Clostridia|o__Clostridiales|f__Ruminococcaceae|g__Faecalibacterium|s__Faecalibacterium species incertae sedis|meta_mOTU_v31_14048	0
k__Bacteria|p__Firmicutes|c__Clostridia|o__Clostridiales|f__Ruminococcaceae|g__Flavonifractor|s__Flavonifractor species incertae sedis|ext_mOTU_v31_16446	0
k__Bacteria|p__Firmicutes|c__Clostridia|o__Clostridiales|f__Ruminococcaceae|g__Flavonifractor|s__Flavonifractor species incertae sedis|ext_mOTU_v31_17394	0
k__Bacteria|p__Firmicutes|c__Clostridia|o__Clostridiales|f__Ruminococcaceae|g__Flavonifractor|s__Flavonifractor species incertae sedis|ext_mOTU_v31_17396	0
k__Bacteria|p__Firmicutes|c__Clostridia|o__Clostridiales|f__Ruminococcaceae|g__Flavonifractor|s__Flavonifractor species incertae sedis|ext_mOTU_v31_17397	0
k__Bacteria|p__Firmicutes|c__Clostridia|o__Clostridiales|f__Ruminococcaceae|g__Flavonifractor|s__Flavonifractor species incertae sedis|ext_mOTU_v31_17911	0
k__Bacteria|p__Firmicutes|c__Clostridia|o__Clostridiales|f__Ruminococcaceae|g__Flavonifractor|s__Flavonifractor species incertae sedis|ext_mOTU_v31_26693	0
k__Bacteria|p__Firmicutes|c__Clostridia|o__Clostridiales|f__Ruminococcaceae|g__Flavonifractor|s__Flavonifractor species incertae sedis|ext_mOTU_v31_27182	0
k__Bacteria|p__Firmicutes|c__Clostridia|o__Clostridiales|f__Ruminococcaceae|g__Flavonifractor|s__Flavonifractor species incertae sedis|ext_mOTU_v31_27292	0
k__Bacteria|p__Firmicutes|c__Clostridia|o__Clostridiales|f__Ruminococcaceae|g__Flavonifractor|s__uncultured Flavonifractor sp.|ref_mOTU_v31_07315	0
k__Bacteria|p__Firmicutes|c__Clostridia|o__Clostridiales|f__Ruminococcaceae|g__Fournierella|s__Fournierella massiliensis|ref_mOTU_v31_08867	0
k__Bacteria|p__Firmicutes|c__Clostridia|o__Clostridiales|f__Ruminococcaceae|g__Gemmiger|s__Gemmiger formicilis [Subdoligranulum sp. 60_17/Gemmiger formicilis]|ref_mOTU_v31_05988	0
k__Bacteria|p__Firmicutes|c__Clostridia|o__Clostridiales|f__Ruminococcaceae|g__Massilimaliae|s__Massilimaliae massiliensis|ref_mOTU_v31_10172	0
k__Bacteria|p__Firmicutes|c__Clostridia|o__Clostridiales|f__Ruminococcaceae|g__Negativibacillus|s__Negativibacillus massiliensis [Clostridium sp. CAG:242/Negativibacillus massiliensis]|ref_mOTU_v31_03603	0
k__Bacteria|p__Firmicutes|c__Clostridia|o__Clostridiales|f__Ruminococcaceae|g__Neglecta|s__Neglecta timonensis|ref_mOTU_v31_09386	0
k__Bacteria|p__Firmicutes|c__Clostridia|o__Clostridiales|f__Ruminococcaceae|g__Pseudoflavonifractor|s__Pseudoflavonifractor capillosus [Pseudoflavonifractor capillosus/uncultured Flavonifractor sp.]|ref_mOTU_v31_02969	0
k__Bacteria|p__Firmicutes|c__Clostridia|o__Clostridiales|f__Ruminococcaceae|g__Pseudoflavonifractor|s__Pseudoflavonifractor sp. Marseille-P3106|ref_mOTU_v31_10245	0
k__Bacteria|p__Firmicutes|c__Clostridia|o__Clostridiales|f__Ruminococcaceae|g__Ruminococcaceae gen. incertae sedis|s__[Clostridium] leptum [Clostridium leptum CAG:27/[Clostridium] leptum/uncultured Ruminococcus sp.]|ref_mOTU_v31_03688	0
k__Bacteria|p__Firmicutes|c__Clostridia|o__Clostridiales|f__Ruminococcaceae|g__Ruminococcaceae gen. incertae sedis|s__[Eubacterium] siraeum [Eubacterium siraeum CAG:80/[Eubacterium] siraeum]|ref_mOTU_v31_02370	0
k__Bacteria|p__Firmicutes|c__Clostridia|o__Clostridiales|f__Ruminococcaceae|g__Ruminococcaceae gen. incertae sedis|s__Ruminococcaceae species incertae sedis|ext_mOTU_v31_15341	0
k__Bacteria|p__Firmicutes|c__Clostridia|o__Clostridiales|f__Ruminococcaceae|g__Ruminococcaceae gen. incertae sedis|s__Ruminococcaceae species incertae sedis|ext_mOTU_v31_15422	0
k__Bacteria|p__Firmicutes|c__Clostridia|o__Clostridiales|f__Ruminococcaceae|g__Ruminococcaceae gen. incertae sedis|s__Ruminococcaceae species incertae sedis|ext_mOTU_v31_16259	0
k__Bacteria|p__Firmicutes|c__Clostridia|o__Clostridiales|f__Ruminococcaceae|g__Ruminococcaceae gen. incertae sedis|s__Ruminococcaceae species incertae sedis|ext_mOTU_v31_16264	0
k__Bacteria|p__Firmicutes|c__Clostridia|o__Clostridiales|f__Ruminococcaceae|g__Ruminococcaceae gen. incertae sedis|s__Ruminococcaceae species incertae sedis|ext_mOTU_v31_16278	0
k__Bacteria|p__Firmicutes|c__Clostridia|o__Clostridiales|f__Ruminococcaceae|g__Ruminococcaceae gen. incertae sedis|s__Ruminococcaceae species incertae sedis|ext_mOTU_v31_16279	0
k__Bacteria|p__Firmicutes|c__Clostridia|o__Clostridiales|f__Ruminococcaceae|g__Ruminococcaceae gen. incertae sedis|s__Ruminococcaceae species incertae sedis|ext_mOTU_v31_16314	0
k__Bacteria|p__Firmicutes|c__Clostridia|o__Clostridiales|f__Ruminococcaceae|g__Ruminococcaceae gen. incertae sedis|s__Ruminococcaceae species incertae sedis|ext_mOTU_v31_16326	0
k__Bacteria|p__Firmicutes|c__Clostridia|o__Clostridiales|f__Ruminococcaceae|g__Ruminococcaceae gen. incertae sedis|s__Ruminococcaceae species incertae sedis|ext_mOTU_v31_16327	0
k__Bacteria|p__Firmicutes|c__Clostridia|o__Clostridiales|f__Ruminococcaceae|g__Ruminococcaceae gen. incertae sedis|s__Ruminococcaceae species incertae sedis|ext_mOTU_v31_16331	0
k__Bacteria|p__Firmicutes|c__Clostridia|o__Clostridiales|f__Ruminococcaceae|g__Ruminococcaceae gen. incertae sedis|s__Ruminococcaceae species incertae sedis|ext_mOTU_v31_16344	0
k__Bacteria|p__Firmicutes|c__Clostridia|o__Clostridiales|f__Ruminococcaceae|g__Ruminococcaceae gen. incertae sedis|s__Ruminococcaceae species incertae sedis|ext_mOTU_v31_16345	0
k__Bacteria|p__Firmicutes|c__Clostridia|o__Clostridiales|f__Ruminococcaceae|g__Ruminococcaceae gen. incertae sedis|s__Ruminococcaceae species incertae sedis|ext_mOTU_v31_16354	0
k__Bacteria|p__Firmicutes|c__Clostridia|o__Clostridiales|f__Ruminococcaceae|g__Ruminococcaceae gen. incertae sedis|s__Ruminococcaceae species incertae sedis|ext_mOTU_v31_16357	0
k__Bacteria|p__Firmicutes|c__Clostridia|o__Clostridiales|f__Ruminococcaceae|g__Ruminococcaceae gen. incertae sedis|s__Ruminococcaceae species incertae sedis|ext_mOTU_v31_16358	0
k__Bacteria|p__Firmicutes|c__Clostridia|o__Clostridiales|f__Ruminococcaceae|g__Ruminococcaceae gen. incertae sedis|s__Ruminococcaceae species incertae sedis|ext_mOTU_v31_16364	0
k__Bacteria|p__Firmicutes|c__Clostridia|o__Clostridiales|f__Ruminococcaceae|g__Ruminococcaceae gen. incertae sedis|s__Ruminococcaceae species incertae sedis|ext_mOTU_v31_16366	0
k__Bacteria|p__Firmicutes|c__Clostridia|o__Clostridiales|f__Ruminococcaceae|g__Ruminococcaceae gen. incertae sedis|s__Ruminococcaceae species incertae sedis|ext_mOTU_v31_16373	0
k__Bacteria|p__Firmicutes|c__Clostridia|o__Clostridiales|f__Ruminococcaceae|g__Ruminococcaceae gen. incertae sedis|s__Ruminococcaceae species incertae sedis|ext_mOTU_v31_16374	0
k__Bacteria|p__Firmicutes|c__Clostridia|o__Clostridiales|f__Ruminococcaceae|g__Ruminococcaceae gen. incertae sedis|s__Ruminococcaceae species incertae sedis|ext_mOTU_v31_16393	0
k__Bacteria|p__Firmicutes|c__Clostridia|o__Clostridiales|f__Ruminococcaceae|g__Ruminococcaceae gen. incertae sedis|s__Ruminococcaceae species incertae sedis|ext_mOTU_v31_16416	0
k__Bacteria|p__Firmicutes|c__Clostridia|o__Clostridiales|f__Ruminococcaceae|g__Ruminococcaceae gen. incertae sedis|s__Ruminococcaceae species incertae sedis|ext_mOTU_v31_16437	0
k__Bacteria|p__Firmicutes|c__Clostridia|o__Clostridiales|f__Ruminococcaceae|g__Ruminococcaceae gen. incertae sedis|s__Ruminococcaceae species incertae sedis|ext_mOTU_v31_16455	0
k__Bacteria|p__Firmicutes|c__Clostridia|o__Clostridiales|f__Ruminococcaceae|g__Ruminococcaceae gen. incertae sedis|s__Ruminococcaceae species incertae sedis|ext_mOTU_v31_16488	0
k__Bacteria|p__Firmicutes|c__Clostridia|o__Clostridiales|f__Ruminococcaceae|g__Ruminococcaceae gen. incertae sedis|s__Ruminococcaceae species incertae sedis|ext_mOTU_v31_16493	0
k__Bacteria|p__Firmicutes|c__Clostridia|o__Clostridiales|f__Ruminococcaceae|g__Ruminococcaceae gen. incertae sedis|s__Ruminococcaceae species incertae sedis|ext_mOTU_v31_16505	0
k__Bacteria|p__Firmicutes|c__Clostridia|o__Clostridiales|f__Ruminococcaceae|g__Ruminococcaceae gen. incertae sedis|s__Ruminococcaceae species incertae sedis|ext_mOTU_v31_16528	0
k__Bacteria|p__Firmicutes|c__Clostridia|o__Clostridiales|f__Ruminococcaceae|g__Ruminococcaceae gen. incertae sedis|s__Ruminococcaceae species incertae sedis|ext_mOTU_v31_16530	0
k__Bacteria|p__Firmicutes|c__Clostridia|o__Clostridiales|f__Ruminococcaceae|g__Ruminococcaceae gen. incertae sedis|s__Ruminococcaceae species incertae sedis|ext_mOTU_v31_16777	0
k__Bacteria|p__Firmicutes|c__Clostridia|o__Clostridiales|f__Ruminococcaceae|g__Ruminococcaceae gen. incertae sedis|s__Ruminococcaceae species incertae sedis|ext_mOTU_v31_17395	0
k__Bacteria|p__Firmicutes|c__Clostridia|o__Clostridiales|f__Ruminococcaceae|g__Ruminococcaceae gen. incertae sedis|s__Ruminococcaceae species incertae sedis|ext_mOTU_v31_17398	0
k__Bacteria|p__Firmicutes|c__Clostridia|o__Clostridiales|f__Ruminococcaceae|g__Ruminococcaceae gen. incertae sedis|s__Ruminococcaceae species incertae sedis|ext_mOTU_v31_17475	0
k__Bacteria|p__Firmicutes|c__Clostridia|o__Clostridiales|f__Ruminococcaceae|g__Ruminococcaceae gen. incertae sedis|s__Ruminococcaceae species incertae sedis|ext_mOTU_v31_17496	0
k__Bacteria|p__Firmicutes|c__Clostridia|o__Clostridiales|f__Ruminococcaceae|g__Ruminococcaceae gen. incertae sedis|s__Ruminococcaceae species incertae sedis|ext_mOTU_v31_17504	0
k__Bacteria|p__Firmicutes|c__Clostridia|o__Clostridiales|f__Ruminococcaceae|g__Ruminococcaceae gen. incertae sedis|s__Ruminococcaceae species incertae sedis|ext_mOTU_v31_17516	0
k__Bacteria|p__Firmicutes|c__Clostridia|o__Clostridiales|f__Ruminococcaceae|g__Ruminococcaceae gen. incertae sedis|s__Ruminococcaceae species incertae sedis|ext_mOTU_v31_17519	0
k__Bacteria|p__Firmicutes|c__Clostridia|o__Clostridiales|f__Ruminococcaceae|g__Ruminococcaceae gen. incertae sedis|s__Ruminococcaceae species incertae sedis|ext_mOTU_v31_17526	0
k__Bacteria|p__Firmicutes|c__Clostridia|o__Clostridiales|f__Ruminococcaceae|g__Ruminococcaceae gen. incertae sedis|s__Ruminococcaceae species incertae sedis|ext_mOTU_v31_17537	0
k__Bacteria|p__Firmicutes|c__Clostridia|o__Clostridiales|f__Ruminococcaceae|g__Ruminococcaceae gen. incertae sedis|s__Ruminococcaceae species incertae sedis|ext_mOTU_v31_17538	0
k__Bacteria|p__Firmicutes|c__Clostridia|o__Clostridiales|f__Ruminococcaceae|g__Ruminococcaceae gen. incertae sedis|s__Ruminococcaceae species incertae sedis|ext_mOTU_v31_17554	0
k__Bacteria|p__Firmicutes|c__Clostridia|o__Clostridiales|f__Ruminococcaceae|g__Ruminococcaceae gen. incertae sedis|s__Ruminococcaceae species incertae sedis|ext_mOTU_v31_17555	0
k__Bacteria|p__Firmicutes|c__Clostridia|o__Clostridiales|f__Ruminococcaceae|g__Ruminococcaceae gen. incertae sedis|s__Ruminococcaceae species incertae sedis|ext_mOTU_v31_17562	0
k__Bacteria|p__Firmicutes|c__Clostridia|o__Clostridiales|f__Ruminococcaceae|g__Ruminococcaceae gen. incertae sedis|s__Ruminococcaceae species incertae sedis|ext_mOTU_v31_17595	0
k__Bacteria|p__Firmicutes|c__Clostridia|o__Clostridiales|f__Ruminococcaceae|g__Ruminococcaceae gen. incertae sedis|s__Ruminococcaceae species incertae sedis|ext_mOTU_v31_17628	0
k__Bacteria|p__Firmicutes|c__Clostridia|o__Clostridiales|f__Ruminococcaceae|g__Ruminococcaceae gen. incertae sedis|s__Ruminococcaceae species incertae sedis|ext_mOTU_v31_17677	0
k__Bacteria|p__Firmicutes|c__Clostridia|o__Clostridiales|f__Ruminococcaceae|g__Ruminococcaceae gen. incertae sedis|s__Ruminococcaceae species incertae sedis|ext_mOTU_v31_17710	0
k__Bacteria|p__Firmicutes|c__Clostridia|o__Clostridiales|f__Ruminococcaceae|g__Ruminococcaceae gen. incertae sedis|s__Ruminococcaceae species incertae sedis|ext_mOTU_v31_17717	0
k__Bacteria|p__Firmicutes|c__Clostridia|o__Clostridiales|f__Ruminococcaceae|g__Ruminococcaceae gen. incertae sedis|s__Ruminococcaceae species incertae sedis|ext_mOTU_v31_17722	0
k__Bacteria|p__Firmicutes|c__Clostridia|o__Clostridiales|f__Ruminococcaceae|g__Ruminococcaceae gen. incertae sedis|s__Ruminococcaceae species incertae sedis|ext_mOTU_v31_17751	0
k__Bacteria|p__Firmicutes|c__Clostridia|o__Clostridiales|f__Ruminococcaceae|g__Ruminococcaceae gen. incertae sedis|s__Ruminococcaceae species incertae sedis|ext_mOTU_v31_17796	0
k__Bacteria|p__Firmicutes|c__Clostridia|o__Clostridiales|f__Ruminococcaceae|g__Ruminococcaceae gen. incertae sedis|s__Ruminococcaceae species incertae sedis|ext_mOTU_v31_17802	0
k__Bacteria|p__Firmicutes|c__Clostridia|o__Clostridiales|f__Ruminococcaceae|g__Ruminococcaceae gen. incertae sedis|s__Ruminococcaceae species incertae sedis|ext_mOTU_v31_17807	0
k__Bacteria|p__Firmicutes|c__Clostridia|o__Clostridiales|f__Ruminococcaceae|g__Ruminococcaceae gen. incertae sedis|s__Ruminococcaceae species incertae sedis|ext_mOTU_v31_17910	0
k__Bacteria|p__Firmicutes|c__Clostridia|o__Clostridiales|f__Ruminococcaceae|g__Ruminococcaceae gen. incertae sedis|s__Ruminococcaceae species incertae sedis|ext_mOTU_v31_17916	0
k__Bacteria|p__Firmicutes|c__Clostridia|o__Clostridiales|f__Ruminococcaceae|g__Ruminococcaceae gen. incertae sedis|s__Ruminococcaceae species incertae sedis|ext_mOTU_v31_17983	0
k__Bacteria|p__Firmicutes|c__Clostridia|o__Clostridiales|f__Ruminococcaceae|g__Ruminococcaceae gen. incertae sedis|s__Ruminococcaceae species incertae sedis|ext_mOTU_v31_17991	0
k__Bacteria|p__Firmicutes|c__Clostridia|o__Clostridiales|f__Ruminococcaceae|g__Ruminococcaceae gen. incertae sedis|s__Ruminococcaceae species incertae sedis|ext_mOTU_v31_18010	0
k__Bacteria|p__Firmicutes|c__Clostridia|o__Clostridiales|f__Ruminococcaceae|g__Ruminococcaceae gen. incertae sedis|s__Ruminococcaceae species incertae sedis|ext_mOTU_v31_18028	0
k__Bacteria|p__Firmicutes|c__Clostridia|o__Clostridiales|f__Ruminococcaceae|g__Ruminococcaceae gen. incertae sedis|s__Ruminococcaceae species incertae sedis|ext_mOTU_v31_18084	0
k__Bacteria|p__Firmicutes|c__Clostridia|o__Clostridiales|f__Ruminococcaceae|g__Ruminococcaceae gen. incertae sedis|s__Ruminococcaceae species incertae sedis|ext_mOTU_v31_18086	0
k__Bacteria|p__Firmicutes|c__Clostridia|o__Clostridiales|f__Ruminococcaceae|g__Ruminococcaceae gen. incertae sedis|s__Ruminococcaceae species incertae sedis|ext_mOTU_v31_18087	0
k__Bacteria|p__Firmicutes|c__Clostridia|o__Clostridiales|f__Ruminococcaceae|g__Ruminococcaceae gen. incertae sedis|s__Ruminococcaceae species incertae sedis|ext_mOTU_v31_18093	0
k__Bacteria|p__Firmicutes|c__Clostridia|o__Clostridiales|f__Ruminococcaceae|g__Ruminococcaceae gen. incertae sedis|s__Ruminococcaceae species incertae sedis|ext_mOTU_v31_18099	0
k__Bacteria|p__Firmicutes|c__Clostridia|o__Clostridiales|f__Ruminococcaceae|g__Ruminococcaceae gen. incertae sedis|s__Ruminococcaceae species incertae sedis|ext_mOTU_v31_18178	0
k__Bacteria|p__Firmicutes|c__Clostridia|o__Clostridiales|f__Ruminococcaceae|g__Ruminococcaceae gen. incertae sedis|s__Ruminococcaceae species incertae sedis|ext_mOTU_v31_18181	0
k__Bacteria|p__Firmicutes|c__Clostridia|o__Clostridiales|f__Ruminococcaceae|g__Ruminococcaceae gen. incertae sedis|s__Ruminococcaceae species incertae sedis|ext_mOTU_v31_18226	0
k__Bacteria|p__Firmicutes|c__Clostridia|o__Clostridiales|f__Ruminococcaceae|g__Ruminococcaceae gen. incertae sedis|s__Ruminococcaceae species incertae sedis|ext_mOTU_v31_18273	0
k__Bacteria|p__Firmicutes|c__Clostridia|o__Clostridiales|f__Ruminococcaceae|g__Ruminococcaceae gen. incertae sedis|s__Ruminococcaceae species incertae sedis|ext_mOTU_v31_18274	0
k__Bacteria|p__Firmicutes|c__Clostridia|o__Clostridiales|f__Ruminococcaceae|g__Ruminococcaceae gen. incertae sedis|s__Ruminococcaceae species incertae sedis|ext_mOTU_v31_18383	0
k__Bacteria|p__Firmicutes|c__Clostridia|o__Clostridiales|f__Ruminococcaceae|g__Ruminococcaceae gen. incertae sedis|s__Ruminococcaceae species incertae sedis|ext_mOTU_v31_18404	0
k__Bacteria|p__Firmicutes|c__Clostridia|o__Clostridiales|f__Ruminococcaceae|g__Ruminococcaceae gen. incertae sedis|s__Ruminococcaceae species incertae sedis|ext_mOTU_v31_25008	0
k__Bacteria|p__Firmicutes|c__Clostridia|o__Clostridiales|f__Ruminococcaceae|g__Ruminococcaceae gen. incertae sedis|s__Ruminococcaceae species incertae sedis|ext_mOTU_v31_25399	0
k__Bacteria|p__Firmicutes|c__Clostridia|o__Clostridiales|f__Ruminococcaceae|g__Ruminococcaceae gen. incertae sedis|s__Ruminococcaceae species incertae sedis|ext_mOTU_v31_25453	0
k__Bacteria|p__Firmicutes|c__Clostridia|o__Clostridiales|f__Ruminococcaceae|g__Ruminococcaceae gen. incertae sedis|s__Ruminococcaceae species incertae sedis|ext_mOTU_v31_26729	0
k__Bacteria|p__Firmicutes|c__Clostridia|o__Clostridiales|f__Ruminococcaceae|g__Ruminococcaceae gen. incertae sedis|s__Ruminococcaceae species incertae sedis|ext_mOTU_v31_26774	0
k__Bacteria|p__Firmicutes|c__Clostridia|o__Clostridiales|f__Ruminococcaceae|g__Ruminococcaceae gen. incertae sedis|s__Ruminococcaceae species incertae sedis|ext_mOTU_v31_26968	0
k__Bacteria|p__Firmicutes|c__Clostridia|o__Clostridiales|f__Ruminococcaceae|g__Ruminococcaceae gen. incertae sedis|s__Ruminococcaceae species incertae sedis|ext_mOTU_v31_27093	0
k__Bacteria|p__Firmicutes|c__Clostridia|o__Clostridiales|f__Ruminococcaceae|g__Ruminococcaceae gen. incertae sedis|s__Ruminococcaceae species incertae sedis|ext_mOTU_v31_27099	0
k__Bacteria|p__Firmicutes|c__Clostridia|o__Clostridiales|f__Ruminococcaceae|g__Ruminococcaceae gen. incertae sedis|s__Ruminococcaceae species incertae sedis|ext_mOTU_v31_27215	0
k__Bacteria|p__Firmicutes|c__Clostridia|o__Clostridiales|f__Ruminococcaceae|g__Ruminococcaceae gen. incertae sedis|s__Ruminococcaceae species incertae sedis|ext_mOTU_v31_27253	0
k__Bacteria|p__Firmicutes|c__Clostridia|o__Clostridiales|f__Ruminococcaceae|g__Ruminococcaceae gen. incertae sedis|s__Ruminococcaceae species incertae sedis|ext_mOTU_v31_27436	0
k__Bacteria|p__Firmicutes|c__Clostridia|o__Clostridiales|f__Ruminococcaceae|g__Ruminococcaceae gen. incertae sedis|s__Ruminococcaceae species incertae sedis|ext_mOTU_v31_27454	0
k__Bacteria|p__Firmicutes|c__Clostridia|o__Clostridiales|f__Ruminococcaceae|g__Ruminococcaceae gen. incertae sedis|s__Ruminococcaceae species incertae sedis|ext_mOTU_v31_27490	0
k__Bacteria|p__Firmicutes|c__Clostridia|o__Clostridiales|f__Ruminococcaceae|g__Ruminococcaceae gen. incertae sedis|s__Ruminococcaceae species incertae sedis|ext_mOTU_v31_27495	0
k__Bacteria|p__Firmicutes|c__Clostridia|o__Clostridiales|f__Ruminococcaceae|g__Ruminococcaceae gen. incertae sedis|s__Ruminococcaceae species incertae sedis|ext_mOTU_v31_27502	0
k__Bacteria|p__Firmicutes|c__Clostridia|o__Clostridiales|f__Ruminococcaceae|g__Ruminococcaceae gen. incertae sedis|s__Ruminococcaceae species incertae sedis|ext_mOTU_v31_27512	0
k__Bacteria|p__Firmicutes|c__Clostridia|o__Clostridiales|f__Ruminococcaceae|g__Ruminococcaceae gen. incertae sedis|s__Ruminococcaceae species incertae sedis|ext_mOTU_v31_29572	0
k__Bacteria|p__Firmicutes|c__Clostridia|o__Clostridiales|f__Ruminococcaceae|g__Ruminococcaceae gen. incertae sedis|s__Ruminococcaceae species incertae sedis|ext_mOTU_v31_29578	0
k__Bacteria|p__Firmicutes|c__Clostridia|o__Clostridiales|f__Ruminococcaceae|g__Ruminococcaceae gen. incertae sedis|s__Ruminococcaceae species incertae sedis|ext_mOTU_v31_33921	0
k__Bacteria|p__Firmicutes|c__Clostridia|o__Clostridiales|f__Ruminococcaceae|g__Ruminococcaceae gen. incertae sedis|s__Ruminococcaceae species incertae sedis|meta_mOTU_v31_12264	0
k__Bacteria|p__Firmicutes|c__Clostridia|o__Clostridiales|f__Ruminococcaceae|g__Ruminococcaceae gen. incertae sedis|s__Ruminococcaceae species incertae sedis|meta_mOTU_v31_12396	0
k__Bacteria|p__Firmicutes|c__Clostridia|o__Clostridiales|f__Ruminococcaceae|g__Ruminococcaceae gen. incertae sedis|s__Ruminococcaceae species incertae sedis|meta_mOTU_v31_12591	0
k__Bacteria|p__Firmicutes|c__Clostridia|o__Clostridiales|f__Ruminococcaceae|g__Ruminococcaceae gen. incertae sedis|s__Ruminococcaceae species incertae sedis|meta_mOTU_v31_12664	0
k__Bacteria|p__Firmicutes|c__Clostridia|o__Clostridiales|f__Ruminococcaceae|g__Ruminococcaceae gen. incertae sedis|s__Ruminococcaceae species incertae sedis|meta_mOTU_v31_12731	0
k__Bacteria|p__Firmicutes|c__Clostridia|o__Clostridiales|f__Ruminococcaceae|g__Ruminococcaceae gen. incertae sedis|s__Ruminococcaceae species incertae sedis|meta_mOTU_v31_12835	0
k__Bacteria|p__Firmicutes|c__Clostridia|o__Clostridiales|f__Ruminococcaceae|g__Ruminococcaceae gen. incertae sedis|s__Ruminococcaceae species incertae sedis|meta_mOTU_v31_13151	0
k__Bacteria|p__Firmicutes|c__Clostridia|o__Clostridiales|f__Ruminococcaceae|g__Ruminococcaceae gen. incertae sedis|s__Ruminococcaceae species incertae sedis|meta_mOTU_v31_13305	0
k__Bacteria|p__Firmicutes|c__Clostridia|o__Clostridiales|f__Ruminococcaceae|g__Ruminococcaceae gen. incertae sedis|s__Ruminococcaceae species incertae sedis|meta_mOTU_v31_13455	0
k__Bacteria|p__Firmicutes|c__Clostridia|o__Clostridiales|f__Ruminococcaceae|g__Ruminococcaceae gen. incertae sedis|s__Ruminococcaceae species incertae sedis|meta_mOTU_v31_13471	0
k__Bacteria|p__Firmicutes|c__Clostridia|o__Clostridiales|f__Ruminococcaceae|g__Ruminococcus|s__Ruminococcus bicirculans [Ruminococcus bicirculans/Ruminococcus sp. CAG:57/Ruminococcus sp. N15.MGS-57/uncultured Ruminococcus sp.]|ref_mOTU_v31_02792	0
k__Bacteria|p__Firmicutes|c__Clostridia|o__Clostridiales|f__Ruminococcaceae|g__Ruminococcus|s__Ruminococcus champanellensis [Ruminococcus champanellensis/Ruminococcus sp. CAG:379]|ref_mOTU_v31_03652	0
k__Bacteria|p__Firmicutes|c__Clostridia|o__Clostridiales|f__Ruminococcaceae|g__Ruminococcus|s__Ruminococcus gauvreauii|ref_mOTU_v31_07038	0
k__Bacteria|p__Firmicutes|c__Clostridia|o__Clostridiales|f__Ruminococcaceae|g__Ruminococcus|s__Ruminococcus sp. [Ruminococcus sp. CAG:353/uncultured Ruminococcus sp.]|ref_mOTU_v31_03651	0
k__Bacteria|p__Firmicutes|c__Clostridia|o__Clostridiales|f__Ruminococcaceae|g__Ruminococcus|s__Ruminococcus sp. [uncultured Ruminococcus sp./Ruminococcus sp. 37_24]|ref_mOTU_v31_00852	0
k__Bacteria|p__Firmicutes|c__Clostridia|o__Clostridiales|f__Ruminococcaceae|g__Ruminococcus|s__Ruminococcus sp. CAG:177|meta_mOTU_v31_12235	0
k__Bacteria|p__Firmicutes|c__Clostridia|o__Clostridiales|f__Ruminococcaceae|g__Ruminococcus|s__Ruminococcus sp. CAG:177|meta_mOTU_v31_12400	0
k__Bacteria|p__Firmicutes|c__Clostridia|o__Clostridiales|f__Ruminococcaceae|g__Ruminococcus|s__Ruminococcus sp. CAG:382|ref_mOTU_v31_07709	0
k__Bacteria|p__Firmicutes|c__Clostridia|o__Clostridiales|f__Ruminococcaceae|g__Ruminococcus|s__Ruminococcus sp. CAG:403|ref_mOTU_v31_07710	0
k__Bacteria|p__Firmicutes|c__Clostridia|o__Clostridiales|f__Ruminococcaceae|g__Ruminococcus|s__Ruminococcus sp. CAG:579|ref_mOTU_v31_07711	0
k__Bacteria|p__Firmicutes|c__Clostridia|o__Clostridiales|f__Ruminococcaceae|g__Ruminococcus|s__Ruminococcus sp. CAG:624|ref_mOTU_v31_07712	0
k__Bacteria|p__Firmicutes|c__Clostridia|o__Clostridiales|f__Ruminococcaceae|g__Ruminococcus|s__Ruminococcus sp. CAG:724|meta_mOTU_v31_12767	0
k__Bacteria|p__Firmicutes|c__Clostridia|o__Clostridiales|f__Ruminococcaceae|g__Ruminococcus|s__Ruminococcus sp. UNK.MGS-30|ref_mOTU_v31_08837	0
k__Bacteria|p__Firmicutes|c__Clostridia|o__Clostridiales|f__Ruminococcaceae|g__Ruminococcus|s__Ruminococcus species incertae sedis|ext_mOTU_v31_16356	0
k__Bacteria|p__Firmicutes|c__Clostridia|o__Clostridiales|f__Ruminococcaceae|g__Ruminococcus|s__Ruminococcus species incertae sedis|ext_mOTU_v31_17568	0
k__Bacteria|p__Firmicutes|c__Clostridia|o__Clostridiales|f__Ruminococcaceae|g__Ruminococcus|s__Ruminococcus species incertae sedis|ext_mOTU_v31_18157	0
k__Bacteria|p__Firmicutes|c__Clostridia|o__Clostridiales|f__Ruminococcaceae|g__Ruminococcus|s__Ruminococcus species incertae sedis|ext_mOTU_v31_26787	0
k__Bacteria|p__Firmicutes|c__Clostridia|o__Clostridiales|f__Ruminococcaceae|g__Ruminococcus|s__Ruminococcus species incertae sedis|ext_mOTU_v31_26789	0
k__Bacteria|p__Firmicutes|c__Clostridia|o__Clostridiales|f__Ruminococcaceae|g__Ruminococcus|s__Ruminococcus species incertae sedis|ext_mOTU_v31_26822	0
k__Bacteria|p__Firmicutes|c__Clostridia|o__Clostridiales|f__Ruminococcaceae|g__Ruminococcus|s__Ruminococcus species incertae sedis|ext_mOTU_v31_26876	0
k__Bacteria|p__Firmicutes|c__Clostridia|o__Clostridiales|f__Ruminococcaceae|g__Ruminococcus|s__Ruminococcus species incertae sedis|ext_mOTU_v31_26877	0
k__Bacteria|p__Firmicutes|c__Clostridia|o__Clostridiales|f__Ruminococcaceae|g__Ruminococcus|s__Ruminococcus species incertae sedis|ext_mOTU_v31_27224	0
k__Bacteria|p__Firmicutes|c__Clostridia|o__Clostridiales|f__Ruminococcaceae|g__Ruminococcus|s__Ruminococcus species incertae sedis|ext_mOTU_v31_27225	0
k__Bacteria|p__Firmicutes|c__Clostridia|o__Clostridiales|f__Ruminococcaceae|g__Ruminococcus|s__Ruminococcus species incertae sedis|meta_mOTU_v31_12248	0
k__Bacteria|p__Firmicutes|c__Clostridia|o__Clostridiales|f__Ruminococcaceae|g__Ruminococcus|s__Ruminococcus species incertae sedis|meta_mOTU_v31_12362	0
k__Bacteria|p__Firmicutes|c__Clostridia|o__Clostridiales|f__Ruminococcaceae|g__Ruminococcus|s__Ruminococcus species incertae sedis|meta_mOTU_v31_12535	0
k__Bacteria|p__Firmicutes|c__Clostridia|o__Clostridiales|f__Ruminococcaceae|g__Ruminococcus|s__Ruminococcus species incertae sedis|meta_mOTU_v31_12711	0
k__Bacteria|p__Firmicutes|c__Clostridia|o__Clostridiales|f__Ruminococcaceae|g__Ruminococcus|s__Ruminococcus species incertae sedis|meta_mOTU_v31_12766	0
k__Bacteria|p__Firmicutes|c__Clostridia|o__Clostridiales|f__Ruminococcaceae|g__Ruminococcus|s__Ruminococcus species incertae sedis|meta_mOTU_v31_13712	0
k__Bacteria|p__Firmicutes|c__Clostridia|o__Clostridiales|f__Ruminococcaceae|g__Ruminococcus|s__Ruminococcus species incertae sedis|meta_mOTU_v31_13785	0
k__Bacteria|p__Firmicutes|c__Clostridia|o__Clostridiales|f__Ruminococcaceae|g__Subdoligranulum|s__Subdoligranulum sp. CAG:314|ref_mOTU_v31_07715	0
k__Bacteria|p__Firmicutes|c__Erysipelotrichia|o__Erysipelotrichales|f__Erysipelotrichaceae|g__Absiella|s__Absiella dolichum [Eubacterium dolichum CAG:375/Absiella dolichum]|ref_mOTU_v31_03694	0
k__Bacteria|p__Firmicutes|c__Erysipelotrichia|o__Erysipelotrichales|f__Erysipelotrichaceae|g__Bulleidia|s__Bulleidia extructa|ref_mOTU_v31_11759	0
k__Bacteria|p__Firmicutes|c__Erysipelotrichia|o__Erysipelotrichales|f__Erysipelotrichaceae|g__Candidatus Stoquefichus|s__Candidatus Stoquefichus sp. KLE1796|ref_mOTU_v31_08610	0
k__Bacteria|p__Firmicutes|c__Erysipelotrichia|o__Erysipelotrichales|f__Erysipelotrichaceae|g__Coprobacillus|s__Coprobacillus sp. CAG:605|meta_mOTU_v31_12448	0
k__Bacteria|p__Firmicutes|c__Erysipelotrichia|o__Erysipelotrichales|f__Erysipelotrichaceae|g__Eggerthia|s__Eggerthia catenaformis|ref_mOTU_v31_06198	0
k__Bacteria|p__Firmicutes|c__Erysipelotrichia|o__Erysipelotrichales|f__Erysipelotrichaceae|g__Erysipelatoclostridium|s__[Clostridium] saccharogumia [Clostridiales bacterium VE202-01/[Clostridium] saccharogumia]|ref_mOTU_v31_02193	0
k__Bacteria|p__Firmicutes|c__Erysipelotrichia|o__Erysipelotrichales|f__Erysipelotrichaceae|g__Erysipelatoclostridium|s__[Clostridium] spiroforme|ref_mOTU_v31_11181	0
k__Bacteria|p__Firmicutes|c__Erysipelotrichia|o__Erysipelotrichales|f__Erysipelotrichaceae|g__Erysipelotrichaceae gen. incertae sedis|s__Erysipelotrichaceae species incertae sedis|ext_mOTU_v31_15374	0
k__Bacteria|p__Firmicutes|c__Erysipelotrichia|o__Erysipelotrichales|f__Erysipelotrichaceae|g__Erysipelotrichaceae gen. incertae sedis|s__Erysipelotrichaceae species incertae sedis|ext_mOTU_v31_16257	0
k__Bacteria|p__Firmicutes|c__Erysipelotrichia|o__Erysipelotrichales|f__Erysipelotrichaceae|g__Erysipelotrichaceae gen. incertae sedis|s__Erysipelotrichaceae species incertae sedis|ext_mOTU_v31_16287	0
k__Bacteria|p__Firmicutes|c__Erysipelotrichia|o__Erysipelotrichales|f__Erysipelotrichaceae|g__Erysipelotrichaceae gen. incertae sedis|s__Erysipelotrichaceae species incertae sedis|ext_mOTU_v31_16309	0
k__Bacteria|p__Firmicutes|c__Erysipelotrichia|o__Erysipelotrichales|f__Erysipelotrichaceae|g__Erysipelotrichaceae gen. incertae sedis|s__Erysipelotrichaceae species incertae sedis|ext_mOTU_v31_16312	0
k__Bacteria|p__Firmicutes|c__Erysipelotrichia|o__Erysipelotrichales|f__Erysipelotrichaceae|g__Erysipelotrichaceae gen. incertae sedis|s__Erysipelotrichaceae species incertae sedis|ext_mOTU_v31_16313	0
k__Bacteria|p__Firmicutes|c__Erysipelotrichia|o__Erysipelotrichales|f__Erysipelotrichaceae|g__Erysipelotrichaceae gen. incertae sedis|s__Erysipelotrichaceae species incertae sedis|ext_mOTU_v31_17436	0
k__Bacteria|p__Firmicutes|c__Erysipelotrichia|o__Erysipelotrichales|f__Erysipelotrichaceae|g__Erysipelotrichaceae gen. incertae sedis|s__Erysipelotrichaceae species incertae sedis|ext_mOTU_v31_17694	0
k__Bacteria|p__Firmicutes|c__Erysipelotrichia|o__Erysipelotrichales|f__Erysipelotrichaceae|g__Erysipelotrichaceae gen. incertae sedis|s__Erysipelotrichaceae species incertae sedis|ext_mOTU_v31_17785	0
k__Bacteria|p__Firmicutes|c__Erysipelotrichia|o__Erysipelotrichales|f__Erysipelotrichaceae|g__Erysipelotrichaceae gen. incertae sedis|s__Erysipelotrichaceae species incertae sedis|ext_mOTU_v31_19642	0
k__Bacteria|p__Firmicutes|c__Erysipelotrichia|o__Erysipelotrichales|f__Erysipelotrichaceae|g__Erysipelotrichaceae gen. incertae sedis|s__Erysipelotrichaceae species incertae sedis|ext_mOTU_v31_27437	0
k__Bacteria|p__Firmicutes|c__Erysipelotrichia|o__Erysipelotrichales|f__Erysipelotrichaceae|g__Erysipelotrichaceae gen. incertae sedis|s__Erysipelotrichaceae species incertae sedis|ext_mOTU_v31_27480	0
k__Bacteria|p__Firmicutes|c__Erysipelotrichia|o__Erysipelotrichales|f__Erysipelotrichaceae|g__Erysipelotrichaceae gen. incertae sedis|s__Erysipelotrichaceae species incertae sedis|ext_mOTU_v31_29335	0
k__Bacteria|p__Firmicutes|c__Erysipelotrichia|o__Erysipelotrichales|f__Erysipelotrichaceae|g__Erysipelotrichaceae gen. incertae sedis|s__Erysipelotrichaceae species incertae sedis|meta_mOTU_v31_13000	0
k__Bacteria|p__Firmicutes|c__Erysipelotrichia|o__Erysipelotrichales|f__Erysipelotrichaceae|g__Erysipelotrichaceae gen. incertae sedis|s__Erysipelotrichaceae species incertae sedis|meta_mOTU_v31_13703	0
k__Bacteria|p__Firmicutes|c__Erysipelotrichia|o__Erysipelotrichales|f__Erysipelotrichaceae|g__Faecalicoccus|s__Faecalicoccus pleomorphus|ref_mOTU_v31_07086	0
k__Bacteria|p__Firmicutes|c__Erysipelotrichia|o__Erysipelotrichales|f__Erysipelotrichaceae|g__Faecalitalea|s__Faecalitalea cylindroides [Firmicutes bacterium CAG:308/Faecalitalea cylindroides]|ref_mOTU_v31_03678	0
k__Bacteria|p__Firmicutes|c__Erysipelotrichia|o__Erysipelotrichales|f__Erysipelotrichaceae|g__Holdemanella|s__Holdemanella biformis|meta_mOTU_v31_12329	0
k__Bacteria|p__Firmicutes|c__Erysipelotrichia|o__Erysipelotrichales|f__Erysipelotrichaceae|g__Holdemanella|s__Holdemanella biformis|meta_mOTU_v31_12367	0
k__Bacteria|p__Firmicutes|c__Erysipelotrichia|o__Erysipelotrichales|f__Erysipelotrichaceae|g__Holdemanella|s__Holdemanella biformis|meta_mOTU_v31_13347	0
k__Bacteria|p__Firmicutes|c__Erysipelotrichia|o__Erysipelotrichales|f__Erysipelotrichaceae|g__Holdemanella|s__Holdemanella biformis|ref_mOTU_v31_11382	0
k__Bacteria|p__Firmicutes|c__Erysipelotrichia|o__Erysipelotrichales|f__Erysipelotrichaceae|g__Holdemania|s__Holdemania filiformis|ref_mOTU_v31_05921	0
k__Bacteria|p__Firmicutes|c__Erysipelotrichia|o__Erysipelotrichales|f__Erysipelotrichaceae|g__Holdemania|s__Holdemania massiliensis|ref_mOTU_v31_07383	0
k__Bacteria|p__Firmicutes|c__Erysipelotrichia|o__Erysipelotrichales|f__Erysipelotrichaceae|g__Merdibacter|s__Merdibacter massiliensis|meta_mOTU_v31_12627	0
k__Bacteria|p__Firmicutes|c__Erysipelotrichia|o__Erysipelotrichales|f__Erysipelotrichaceae|g__Merdibacter|s__Merdibacter massiliensis|ref_mOTU_v31_10253	0
k__Bacteria|p__Firmicutes|c__Erysipelotrichia|o__Erysipelotrichales|f__Erysipelotrichaceae|g__Solobacterium|s__Solobacterium moorei|ref_mOTU_v31_02442	0
k__Bacteria|p__Firmicutes|c__Erysipelotrichia|o__Erysipelotrichales|f__Erysipelotrichaceae|g__Solobacterium|s__Solobacterium species incertae sedis|meta_mOTU_v31_12387	0
k__Bacteria|p__Firmicutes|c__Erysipelotrichia|o__Erysipelotrichales|f__Erysipelotrichaceae|g__Traorella|s__Traorella massiliensis|ref_mOTU_v31_10428	0
k__Bacteria|p__Firmicutes|c__Erysipelotrichia|o__Erysipelotrichales|f__Erysipelotrichaceae|g__Turicibacter|s__Turicibacter sanguinis [Turicibacter sanguinis/Turicibacter sp. H121]|ref_mOTU_v31_04703	0
k__Bacteria|p__Firmicutes|c__Erysipelotrichia|o__Erysipelotrichales|f__Erysipelotrichaceae|g__Turicibacter|s__Turicibacter sanguinis [Turicibacter sanguinis/Turicibacter sp. HGF1]|ref_mOTU_v31_04702	0
k__Bacteria|p__Firmicutes|c__Firmicutes class [Clostridia/Erysipelotrichia]|o__Firmicutes order [Clostridiales/Erysipelotrichales]|f__Firmicutes fam. [Erysipelotrichaceae/Lachnospiraceae]|g__Firmicutes gen. [Catenibacterium/Roseburia]|s__Firmicutes sp. [Catenibacterium mitsuokai/Catenibacterium sp. CAG:290/Roseburia hominis]|ref_mOTU_v31_00854	0
k__Bacteria|p__Firmicutes|c__Firmicutes class incertae sedis|o__Firmicutes order incertae sedis|f__Firmicutes fam. incertae sedis|g__Firmicutes gen. incertae sedis|s__Firmicutes bacterium [Firmicutes bacterium CAG:194/Firmicutes bacterium CAG_194_44_15]|ref_mOTU_v31_00858	0
k__Bacteria|p__Firmicutes|c__Firmicutes class incertae sedis|o__Firmicutes order incertae sedis|f__Firmicutes fam. incertae sedis|g__Firmicutes gen. incertae sedis|s__Firmicutes bacterium [Firmicutes bacterium CAG:240/Firmicutes bacterium CAG:24053_14]|ref_mOTU_v31_03677	0
k__Bacteria|p__Firmicutes|c__Firmicutes class incertae sedis|o__Firmicutes order incertae sedis|f__Firmicutes fam. incertae sedis|g__Firmicutes gen. incertae sedis|s__Firmicutes bacterium ADurb.Bin467|meta_mOTU_v31_12694	0
k__Bacteria|p__Firmicutes|c__Firmicutes class incertae sedis|o__Firmicutes order incertae sedis|f__Firmicutes fam. incertae sedis|g__Firmicutes gen. incertae sedis|s__Firmicutes bacterium CAG:102|ref_mOTU_v31_07726	0
k__Bacteria|p__Firmicutes|c__Firmicutes class incertae sedis|o__Firmicutes order incertae sedis|f__Firmicutes fam. incertae sedis|g__Firmicutes gen. incertae sedis|s__Firmicutes bacterium CAG:114|ref_mOTU_v31_07728	0
k__Bacteria|p__Firmicutes|c__Firmicutes class incertae sedis|o__Firmicutes order incertae sedis|f__Firmicutes fam. incertae sedis|g__Firmicutes gen. incertae sedis|s__Firmicutes bacterium CAG:124|ref_mOTU_v31_07729	0
k__Bacteria|p__Firmicutes|c__Firmicutes class incertae sedis|o__Firmicutes order incertae sedis|f__Firmicutes fam. incertae sedis|g__Firmicutes gen. incertae sedis|s__Firmicutes bacterium CAG:129|ref_mOTU_v31_07730	0
k__Bacteria|p__Firmicutes|c__Firmicutes class incertae sedis|o__Firmicutes order incertae sedis|f__Firmicutes fam. incertae sedis|g__Firmicutes gen. incertae sedis|s__Firmicutes bacterium CAG:137|ref_mOTU_v31_07731	0
k__Bacteria|p__Firmicutes|c__Firmicutes class incertae sedis|o__Firmicutes order incertae sedis|f__Firmicutes fam. incertae sedis|g__Firmicutes gen. incertae sedis|s__Firmicutes bacterium CAG:145|ref_mOTU_v31_07732	0
k__Bacteria|p__Firmicutes|c__Firmicutes class incertae sedis|o__Firmicutes order incertae sedis|f__Firmicutes fam. incertae sedis|g__Firmicutes gen. incertae sedis|s__Firmicutes bacterium CAG:170|ref_mOTU_v31_07733	0
k__Bacteria|p__Firmicutes|c__Firmicutes class incertae sedis|o__Firmicutes order incertae sedis|f__Firmicutes fam. incertae sedis|g__Firmicutes gen. incertae sedis|s__Firmicutes bacterium CAG:238|ref_mOTU_v31_07735	0
k__Bacteria|p__Firmicutes|c__Firmicutes class incertae sedis|o__Firmicutes order incertae sedis|f__Firmicutes fam. incertae sedis|g__Firmicutes gen. incertae sedis|s__Firmicutes bacterium CAG:272|ref_mOTU_v31_07736	0
k__Bacteria|p__Firmicutes|c__Firmicutes class incertae sedis|o__Firmicutes order incertae sedis|f__Firmicutes fam. incertae sedis|g__Firmicutes gen. incertae sedis|s__Firmicutes bacterium CAG:313|ref_mOTU_v31_07737	0
k__Bacteria|p__Firmicutes|c__Firmicutes class incertae sedis|o__Firmicutes order incertae sedis|f__Firmicutes fam. incertae sedis|g__Firmicutes gen. incertae sedis|s__Firmicutes bacterium CAG:341|ref_mOTU_v31_07738	0
k__Bacteria|p__Firmicutes|c__Firmicutes class incertae sedis|o__Firmicutes order incertae sedis|f__Firmicutes fam. incertae sedis|g__Firmicutes gen. incertae sedis|s__Firmicutes bacterium CAG:345|ref_mOTU_v31_07739	0
k__Bacteria|p__Firmicutes|c__Firmicutes class incertae sedis|o__Firmicutes order incertae sedis|f__Firmicutes fam. incertae sedis|g__Firmicutes gen. incertae sedis|s__Firmicutes bacterium CAG:449|ref_mOTU_v31_07740	0
k__Bacteria|p__Firmicutes|c__Firmicutes class incertae sedis|o__Firmicutes order incertae sedis|f__Firmicutes fam. incertae sedis|g__Firmicutes gen. incertae sedis|s__Firmicutes bacterium CAG:460|ref_mOTU_v31_07741	0
k__Bacteria|p__Firmicutes|c__Firmicutes class incertae sedis|o__Firmicutes order incertae sedis|f__Firmicutes fam. incertae sedis|g__Firmicutes gen. incertae sedis|s__Firmicutes bacterium CAG:536|ref_mOTU_v31_07744	0
k__Bacteria|p__Firmicutes|c__Firmicutes class incertae sedis|o__Firmicutes order incertae sedis|f__Firmicutes fam. incertae sedis|g__Firmicutes gen. incertae sedis|s__Firmicutes bacterium CAG:555|ref_mOTU_v31_07745	0
k__Bacteria|p__Firmicutes|c__Firmicutes class incertae sedis|o__Firmicutes order incertae sedis|f__Firmicutes fam. incertae sedis|g__Firmicutes gen. incertae sedis|s__Firmicutes bacterium CAG:631|ref_mOTU_v31_07724	0
k__Bacteria|p__Firmicutes|c__Firmicutes class incertae sedis|o__Firmicutes order incertae sedis|f__Firmicutes fam. incertae sedis|g__Firmicutes gen. incertae sedis|s__Firmicutes bacterium CAG:646|ref_mOTU_v31_07723	0
k__Bacteria|p__Firmicutes|c__Firmicutes class incertae sedis|o__Firmicutes order incertae sedis|f__Firmicutes fam. incertae sedis|g__Firmicutes gen. incertae sedis|s__Firmicutes bacterium CAG:94|ref_mOTU_v31_07719	0
k__Bacteria|p__Firmicutes|c__Firmicutes class incertae sedis|o__Firmicutes order incertae sedis|f__Firmicutes fam. incertae sedis|g__Firmicutes gen. incertae sedis|s__Firmicutes bacterium CAG:95|ref_mOTU_v31_07718	0
k__Bacteria|p__Firmicutes|c__Firmicutes class incertae sedis|o__Firmicutes order incertae sedis|f__Firmicutes fam. incertae sedis|g__Firmicutes gen. incertae sedis|s__Firmicutes species incertae sedis|ext_mOTU_v31_16476	0
k__Bacteria|p__Firmicutes|c__Firmicutes class incertae sedis|o__Firmicutes order incertae sedis|f__Firmicutes fam. incertae sedis|g__Firmicutes gen. incertae sedis|s__Firmicutes species incertae sedis|ext_mOTU_v31_17728	0
k__Bacteria|p__Firmicutes|c__Firmicutes class incertae sedis|o__Firmicutes order incertae sedis|f__Firmicutes fam. incertae sedis|g__Firmicutes gen. incertae sedis|s__Firmicutes species incertae sedis|ext_mOTU_v31_17842	0
k__Bacteria|p__Firmicutes|c__Firmicutes class incertae sedis|o__Firmicutes order incertae sedis|f__Firmicutes fam. incertae sedis|g__Firmicutes gen. incertae sedis|s__Firmicutes species incertae sedis|ext_mOTU_v31_17895	0
k__Bacteria|p__Firmicutes|c__Firmicutes class incertae sedis|o__Firmicutes order incertae sedis|f__Firmicutes fam. incertae sedis|g__Firmicutes gen. incertae sedis|s__Firmicutes species incertae sedis|ext_mOTU_v31_18104	0
k__Bacteria|p__Firmicutes|c__Firmicutes class incertae sedis|o__Firmicutes order incertae sedis|f__Firmicutes fam. incertae sedis|g__Firmicutes gen. incertae sedis|s__Firmicutes species incertae sedis|ext_mOTU_v31_18185	0
k__Bacteria|p__Firmicutes|c__Firmicutes class incertae sedis|o__Firmicutes order incertae sedis|f__Firmicutes fam. incertae sedis|g__Firmicutes gen. incertae sedis|s__Firmicutes species incertae sedis|ext_mOTU_v31_26804	0
k__Bacteria|p__Firmicutes|c__Firmicutes class incertae sedis|o__Firmicutes order incertae sedis|f__Firmicutes fam. incertae sedis|g__Firmicutes gen. incertae sedis|s__Firmicutes species incertae sedis|ext_mOTU_v31_26814	0
k__Bacteria|p__Firmicutes|c__Firmicutes class incertae sedis|o__Firmicutes order incertae sedis|f__Firmicutes fam. incertae sedis|g__Firmicutes gen. incertae sedis|s__Firmicutes species incertae sedis|ext_mOTU_v31_26838	0
k__Bacteria|p__Firmicutes|c__Firmicutes class incertae sedis|o__Firmicutes order incertae sedis|f__Firmicutes fam. incertae sedis|g__Firmicutes gen. incertae sedis|s__Firmicutes species incertae sedis|ext_mOTU_v31_26934	0
k__Bacteria|p__Firmicutes|c__Firmicutes class incertae sedis|o__Firmicutes order incertae sedis|f__Firmicutes fam. incertae sedis|g__Firmicutes gen. incertae sedis|s__Firmicutes species incertae sedis|ext_mOTU_v31_27108	0
k__Bacteria|p__Firmicutes|c__Firmicutes class incertae sedis|o__Firmicutes order incertae sedis|f__Firmicutes fam. incertae sedis|g__Firmicutes gen. incertae sedis|s__Firmicutes species incertae sedis|ext_mOTU_v31_27494	0
k__Bacteria|p__Firmicutes|c__Firmicutes class incertae sedis|o__Firmicutes order incertae sedis|f__Firmicutes fam. incertae sedis|g__Firmicutes gen. incertae sedis|s__Firmicutes species incertae sedis|ext_mOTU_v31_29536	0
k__Bacteria|p__Firmicutes|c__Firmicutes class incertae sedis|o__Firmicutes order incertae sedis|f__Firmicutes fam. incertae sedis|g__Firmicutes gen. incertae sedis|s__Firmicutes species incertae sedis|meta_mOTU_v31_12227	0
k__Bacteria|p__Firmicutes|c__Firmicutes class incertae sedis|o__Firmicutes order incertae sedis|f__Firmicutes fam. incertae sedis|g__Firmicutes gen. incertae sedis|s__Firmicutes species incertae sedis|meta_mOTU_v31_12231	0
k__Bacteria|p__Firmicutes|c__Firmicutes class incertae sedis|o__Firmicutes order incertae sedis|f__Firmicutes fam. incertae sedis|g__Firmicutes gen. incertae sedis|s__Firmicutes species incertae sedis|meta_mOTU_v31_12285	0
k__Bacteria|p__Firmicutes|c__Firmicutes class incertae sedis|o__Firmicutes order incertae sedis|f__Firmicutes fam. incertae sedis|g__Firmicutes gen. incertae sedis|s__Firmicutes species incertae sedis|meta_mOTU_v31_12365	0
k__Bacteria|p__Firmicutes|c__Firmicutes class incertae sedis|o__Firmicutes order incertae sedis|f__Firmicutes fam. incertae sedis|g__Firmicutes gen. incertae sedis|s__Firmicutes species incertae sedis|meta_mOTU_v31_12384	0
k__Bacteria|p__Firmicutes|c__Firmicutes class incertae sedis|o__Firmicutes order incertae sedis|f__Firmicutes fam. incertae sedis|g__Firmicutes gen. incertae sedis|s__Firmicutes species incertae sedis|meta_mOTU_v31_12438	0
k__Bacteria|p__Firmicutes|c__Firmicutes class incertae sedis|o__Firmicutes order incertae sedis|f__Firmicutes fam. incertae sedis|g__Firmicutes gen. incertae sedis|s__Firmicutes species incertae sedis|meta_mOTU_v31_12501	0
k__Bacteria|p__Firmicutes|c__Firmicutes class incertae sedis|o__Firmicutes order incertae sedis|f__Firmicutes fam. incertae sedis|g__Firmicutes gen. incertae sedis|s__Firmicutes species incertae sedis|meta_mOTU_v31_12514	0
k__Bacteria|p__Firmicutes|c__Firmicutes class incertae sedis|o__Firmicutes order incertae sedis|f__Firmicutes fam. incertae sedis|g__Firmicutes gen. incertae sedis|s__Firmicutes species incertae sedis|meta_mOTU_v31_12579	0
k__Bacteria|p__Firmicutes|c__Firmicutes class incertae sedis|o__Firmicutes order incertae sedis|f__Firmicutes fam. incertae sedis|g__Firmicutes gen. incertae sedis|s__Firmicutes species incertae sedis|meta_mOTU_v31_12633	0
k__Bacteria|p__Firmicutes|c__Firmicutes class incertae sedis|o__Firmicutes order incertae sedis|f__Firmicutes fam. incertae sedis|g__Firmicutes gen. incertae sedis|s__Firmicutes species incertae sedis|meta_mOTU_v31_12652	0
k__Bacteria|p__Firmicutes|c__Firmicutes class incertae sedis|o__Firmicutes order incertae sedis|f__Firmicutes fam. incertae sedis|g__Firmicutes gen. incertae sedis|s__Firmicutes species incertae sedis|meta_mOTU_v31_12736	0
k__Bacteria|p__Firmicutes|c__Firmicutes class incertae sedis|o__Firmicutes order incertae sedis|f__Firmicutes fam. incertae sedis|g__Firmicutes gen. incertae sedis|s__Firmicutes species incertae sedis|meta_mOTU_v31_12744	0
k__Bacteria|p__Firmicutes|c__Firmicutes class incertae sedis|o__Firmicutes order incertae sedis|f__Firmicutes fam. incertae sedis|g__Firmicutes gen. incertae sedis|s__Firmicutes species incertae sedis|meta_mOTU_v31_12769	0
k__Bacteria|p__Firmicutes|c__Firmicutes class incertae sedis|o__Firmicutes order incertae sedis|f__Firmicutes fam. incertae sedis|g__Firmicutes gen. incertae sedis|s__Firmicutes species incertae sedis|meta_mOTU_v31_12845	0
k__Bacteria|p__Firmicutes|c__Firmicutes class incertae sedis|o__Firmicutes order incertae sedis|f__Firmicutes fam. incertae sedis|g__Firmicutes gen. incertae sedis|s__Firmicutes species incertae sedis|meta_mOTU_v31_12883	0
k__Bacteria|p__Firmicutes|c__Firmicutes class incertae sedis|o__Firmicutes order incertae sedis|f__Firmicutes fam. incertae sedis|g__Firmicutes gen. incertae sedis|s__Firmicutes species incertae sedis|meta_mOTU_v31_12923	0
k__Bacteria|p__Firmicutes|c__Firmicutes class incertae sedis|o__Firmicutes order incertae sedis|f__Firmicutes fam. incertae sedis|g__Firmicutes gen. incertae sedis|s__Firmicutes species incertae sedis|meta_mOTU_v31_12924	0
k__Bacteria|p__Firmicutes|c__Firmicutes class incertae sedis|o__Firmicutes order incertae sedis|f__Firmicutes fam. incertae sedis|g__Firmicutes gen. incertae sedis|s__Firmicutes species incertae sedis|meta_mOTU_v31_12975	0
k__Bacteria|p__Firmicutes|c__Firmicutes class incertae sedis|o__Firmicutes order incertae sedis|f__Firmicutes fam. incertae sedis|g__Firmicutes gen. incertae sedis|s__Firmicutes species incertae sedis|meta_mOTU_v31_13055	0
k__Bacteria|p__Firmicutes|c__Firmicutes class incertae sedis|o__Firmicutes order incertae sedis|f__Firmicutes fam. incertae sedis|g__Firmicutes gen. incertae sedis|s__Firmicutes species incertae sedis|meta_mOTU_v31_13105	0
k__Bacteria|p__Firmicutes|c__Firmicutes class incertae sedis|o__Firmicutes order incertae sedis|f__Firmicutes fam. incertae sedis|g__Firmicutes gen. incertae sedis|s__Firmicutes species incertae sedis|meta_mOTU_v31_13184	0
k__Bacteria|p__Firmicutes|c__Firmicutes class incertae sedis|o__Firmicutes order incertae sedis|f__Firmicutes fam. incertae sedis|g__Firmicutes gen. incertae sedis|s__Firmicutes species incertae sedis|meta_mOTU_v31_13282	0
k__Bacteria|p__Firmicutes|c__Firmicutes class incertae sedis|o__Firmicutes order incertae sedis|f__Firmicutes fam. incertae sedis|g__Firmicutes gen. incertae sedis|s__Firmicutes species incertae sedis|meta_mOTU_v31_13605	0
k__Bacteria|p__Firmicutes|c__Firmicutes class incertae sedis|o__Firmicutes order incertae sedis|f__Firmicutes fam. incertae sedis|g__Firmicutes gen. incertae sedis|s__Firmicutes species incertae sedis|meta_mOTU_v31_13737	0
k__Bacteria|p__Firmicutes|c__Firmicutes class incertae sedis|o__Firmicutes order incertae sedis|f__Firmicutes fam. incertae sedis|g__Firmicutes gen. incertae sedis|s__Firmicutes species incertae sedis|meta_mOTU_v31_13897	0
k__Bacteria|p__Firmicutes|c__Firmicutes class incertae sedis|o__Firmicutes order incertae sedis|f__Firmicutes fam. incertae sedis|g__Firmicutes gen. incertae sedis|s__Firmicutes species incertae sedis|meta_mOTU_v31_13945	0
k__Bacteria|p__Firmicutes|c__Firmicutes class incertae sedis|o__Firmicutes order incertae sedis|f__Firmicutes fam. incertae sedis|g__Firmicutes gen. incertae sedis|s__Firmicutes species incertae sedis|meta_mOTU_v31_14001	0
k__Bacteria|p__Firmicutes|c__Firmicutes class incertae sedis|o__Firmicutes order incertae sedis|f__Firmicutes fam. incertae sedis|g__Firmicutes gen. incertae sedis|s__Firmicutes species incertae sedis|meta_mOTU_v31_14146	0
k__Bacteria|p__Firmicutes|c__Firmicutes class incertae sedis|o__Firmicutes order incertae sedis|f__Firmicutes fam. incertae sedis|g__Firmicutes gen. incertae sedis|s__Firmicutes species incertae sedis|meta_mOTU_v31_14214	0
k__Bacteria|p__Firmicutes|c__Firmicutes class incertae sedis|o__Firmicutes order incertae sedis|f__Firmicutes fam. incertae sedis|g__Firmicutes gen. incertae sedis|s__Firmicutes species incertae sedis|meta_mOTU_v31_14410	0
k__Bacteria|p__Firmicutes|c__Negativicutes|o__Acidaminococcales|f__Acidaminococcaceae|g__Acidaminococcus|s__Acidaminococcus fermentans|ref_mOTU_v31_03588	0
k__Bacteria|p__Firmicutes|c__Negativicutes|o__Acidaminococcales|f__Acidaminococcaceae|g__Acidaminococcus|s__Acidaminococcus intestini [Acidaminococcus sp. BV3L6/Acidaminococcus sp. HPA0509/Acidaminococcus intestini CAG:325/Acidaminococcus intestini]|ref_mOTU_v31_01949	0
k__Bacteria|p__Firmicutes|c__Negativicutes|o__Acidaminococcales|f__Acidaminococcaceae|g__Acidaminococcus|s__Acidaminococcus massiliensis|ref_mOTU_v31_03590	0
k__Bacteria|p__Firmicutes|c__Negativicutes|o__Acidaminococcales|f__Acidaminococcaceae|g__Acidaminococcus|s__Acidaminococcus species incertae sedis|meta_mOTU_v31_13306	0
k__Bacteria|p__Firmicutes|c__Negativicutes|o__Acidaminococcales|f__Acidaminococcaceae|g__Phascolarctobacterium|s__Phascolarctobacterium sp. CAG:207|meta_mOTU_v31_13298	0
k__Bacteria|p__Firmicutes|c__Negativicutes|o__Acidaminococcales|f__Acidaminococcaceae|g__Phascolarctobacterium|s__Phascolarctobacterium sp. CAG:266|ref_mOTU_v31_07691	0
k__Bacteria|p__Firmicutes|c__Negativicutes|o__Acidaminococcales|f__Acidaminococcaceae|g__Phascolarctobacterium|s__Phascolarctobacterium species incertae sedis|ext_mOTU_v31_26869	0
k__Bacteria|p__Firmicutes|c__Negativicutes|o__Acidaminococcales|f__Acidaminococcaceae|g__Phascolarctobacterium|s__Phascolarctobacterium species incertae sedis|ext_mOTU_v31_27218	0
k__Bacteria|p__Firmicutes|c__Negativicutes|o__Acidaminococcales|f__Acidaminococcaceae|g__Phascolarctobacterium|s__Phascolarctobacterium species incertae sedis|ext_mOTU_v31_27530	0
k__Bacteria|p__Firmicutes|c__Negativicutes|o__Acidaminococcales|f__Acidaminococcaceae|g__Phascolarctobacterium|s__Phascolarctobacterium succinatutens|ref_mOTU_v31_03700	0
k__Bacteria|p__Firmicutes|c__Negativicutes|o__Selenomonadales|f__Selenomonadaceae|g__Centipeda|s__Centipeda periodontii|ref_mOTU_v31_12051	0
k__Bacteria|p__Firmicutes|c__Negativicutes|o__Selenomonadales|f__Selenomonadaceae|g__Megamonas|s__Megamonas funiformis/rupellensis [Megamonas funiformis CAG:377/Megamonas sp. Calf98-2/Megamonas funiformis/Megamonas rupellensis]|ref_mOTU_v31_02318	0
k__Bacteria|p__Firmicutes|c__Negativicutes|o__Selenomonadales|f__Selenomonadaceae|g__Mitsuokella|s__Mitsuokella jalaludinii|ref_mOTU_v31_04328	0
k__Bacteria|p__Firmicutes|c__Negativicutes|o__Selenomonadales|f__Selenomonadaceae|g__Mitsuokella|s__Mitsuokella multacida|ref_mOTU_v31_04329	0
k__Bacteria|p__Firmicutes|c__Negativicutes|o__Selenomonadales|f__Selenomonadaceae|g__Mitsuokella|s__Mitsuokella sp. oral taxon 131|ref_mOTU_v31_07936	0
k__Bacteria|p__Firmicutes|c__Negativicutes|o__Selenomonadales|f__Selenomonadaceae|g__Selenomonadaceae gen. incertae sedis|s__Selenomonadaceae species incertae sedis|ext_mOTU_v31_29423	0
k__Bacteria|p__Firmicutes|c__Negativicutes|o__Selenomonadales|f__Selenomonadaceae|g__Selenomonadaceae gen. incertae sedis|s__Selenomonadaceae species incertae sedis|meta_mOTU_v31_13275	0
k__Bacteria|p__Firmicutes|c__Negativicutes|o__Selenomonadales|f__Selenomonadaceae|g__Selenomonadaceae gen. incertae sedis|s__Selenomonadaceae species incertae sedis|meta_mOTU_v31_14030	0
k__Bacteria|p__Firmicutes|c__Negativicutes|o__Selenomonadales|f__Selenomonadaceae|g__Selenomonadaceae gen. incertae sedis|s__Selenomonadaceae species incertae sedis|meta_mOTU_v31_14178	0
k__Bacteria|p__Firmicutes|c__Negativicutes|o__Selenomonadales|f__Selenomonadaceae|g__Selenomonas|s__Selenomonas artemidis [Selenomonas artemidis/Selenomonas sp. oral taxon 137/Selenomonas sp. FOBRC9]|ref_mOTU_v31_02435	0
k__Bacteria|p__Firmicutes|c__Negativicutes|o__Selenomonadales|f__Selenomonadaceae|g__Selenomonas|s__Selenomonas flueggei|ref_mOTU_v31_06403	0
k__Bacteria|p__Firmicutes|c__Negativicutes|o__Selenomonadales|f__Selenomonadaceae|g__Selenomonas|s__Selenomonas infelix|ref_mOTU_v31_11763	0
k__Bacteria|p__Firmicutes|c__Negativicutes|o__Selenomonadales|f__Selenomonadaceae|g__Selenomonas|s__Selenomonas noxia|ref_mOTU_v31_06382	0
k__Bacteria|p__Firmicutes|c__Negativicutes|o__Selenomonadales|f__Selenomonadaceae|g__Selenomonas|s__Selenomonas sp. [Selenomonas sp. oral taxon 149/Selenomonas sp. oral taxon 478/Selenomonas sp. oral taxon 136]|ref_mOTU_v31_06402	0
k__Bacteria|p__Firmicutes|c__Negativicutes|o__Selenomonadales|f__Selenomonadaceae|g__Selenomonas|s__Selenomonas sp. FOBRC6|ref_mOTU_v31_02533	0
k__Bacteria|p__Firmicutes|c__Negativicutes|o__Selenomonadales|f__Selenomonadaceae|g__Selenomonas|s__Selenomonas sp. oral taxon 126|ref_mOTU_v31_02534	0
k__Bacteria|p__Firmicutes|c__Negativicutes|o__Selenomonadales|f__Selenomonadaceae|g__Selenomonas|s__Selenomonas sp. oral taxon 138|ref_mOTU_v31_02532	0
k__Bacteria|p__Firmicutes|c__Negativicutes|o__Selenomonadales|f__Selenomonadaceae|g__Selenomonas|s__Selenomonas sp. oral taxon 892|ref_mOTU_v31_07938	0
k__Bacteria|p__Firmicutes|c__Negativicutes|o__Selenomonadales|f__Selenomonadaceae|g__Selenomonas|s__Selenomonas sp. oral taxon 920|ref_mOTU_v31_10294	0
k__Bacteria|p__Firmicutes|c__Negativicutes|o__Selenomonadales|f__Selenomonadaceae|g__Selenomonas|s__Selenomonas species incertae sedis|ext_mOTU_v31_19669	0
k__Bacteria|p__Firmicutes|c__Negativicutes|o__Selenomonadales|f__Selenomonadaceae|g__Selenomonas|s__Selenomonas species incertae sedis|ext_mOTU_v31_29427	0
k__Bacteria|p__Firmicutes|c__Negativicutes|o__Selenomonadales|f__Selenomonadaceae|g__Selenomonas|s__Selenomonas species incertae sedis|ext_mOTU_v31_29442	0
k__Bacteria|p__Firmicutes|c__Negativicutes|o__Selenomonadales|f__Selenomonadaceae|g__Selenomonas|s__Selenomonas species incertae sedis|ext_mOTU_v31_29452	0
k__Bacteria|p__Firmicutes|c__Negativicutes|o__Selenomonadales|f__Selenomonadaceae|g__Selenomonas|s__Selenomonas species incertae sedis|ext_mOTU_v31_29464	0
k__Bacteria|p__Firmicutes|c__Negativicutes|o__Selenomonadales|f__Selenomonadaceae|g__Selenomonas|s__Selenomonas sputigena [Selenomonas sputigena/Selenomonas sp. CM52]|ref_mOTU_v31_06365	0
k__Bacteria|p__Firmicutes|c__Negativicutes|o__Selenomonadales|f__Selenomonadales fam. incertae sedis|g__Selenomonadales gen. incertae sedis|s__Selenomonadales species incertae sedis|meta_mOTU_v31_13829	0
k__Bacteria|p__Firmicutes|c__Negativicutes|o__Veillonellales|f__Veillonellaceae|g__Allisonella|s__Allisonella histaminiformans|ref_mOTU_v31_10689	0
k__Bacteria|p__Firmicutes|c__Negativicutes|o__Veillonellales|f__Veillonellaceae|g__Anaeroglobus|s__Anaeroglobus geminatus|ref_mOTU_v31_11977	0
k__Bacteria|p__Firmicutes|c__Negativicutes|o__Veillonellales|f__Veillonellaceae|g__Caecibacter|s__Caecibacter massiliensis [Caecibacter massiliensis/Megasphaera sp. DJF_B143]|ref_mOTU_v31_05922	0
k__Bacteria|p__Firmicutes|c__Negativicutes|o__Veillonellales|f__Veillonellaceae|g__Dialister|s__Dialister invisus [Dialister invisus CAG:218/Dialister invisus]|ref_mOTU_v31_03691	0
k__Bacteria|p__Firmicutes|c__Negativicutes|o__Veillonellales|f__Veillonellaceae|g__Dialister|s__Dialister invisus|meta_mOTU_v31_12870	0
k__Bacteria|p__Firmicutes|c__Negativicutes|o__Veillonellales|f__Veillonellaceae|g__Dialister|s__Dialister sp. CAG:357|ref_mOTU_v31_07665	0
k__Bacteria|p__Firmicutes|c__Negativicutes|o__Veillonellales|f__Veillonellaceae|g__Dialister|s__Dialister sp. CAG:486|ref_mOTU_v31_07666	0
k__Bacteria|p__Firmicutes|c__Negativicutes|o__Veillonellales|f__Veillonellaceae|g__Dialister|s__Dialister species incertae sedis|meta_mOTU_v31_12825	0
k__Bacteria|p__Firmicutes|c__Negativicutes|o__Veillonellales|f__Veillonellaceae|g__Dialister|s__Dialister succinatiphilus|ref_mOTU_v31_11863	0
k__Bacteria|p__Firmicutes|c__Negativicutes|o__Veillonellales|f__Veillonellaceae|g__Megasphaera|s__Megasphaera elsdenii [Megasphaera elsdenii CAG:570/Megasphaera elsdenii]|ref_mOTU_v31_01516	0
k__Bacteria|p__Firmicutes|c__Negativicutes|o__Veillonellales|f__Veillonellaceae|g__Megasphaera|s__Megasphaera massiliensis [Megasphaera massiliensis/Megasphaera sp. DISK 18]|ref_mOTU_v31_03432	0
k__Bacteria|p__Firmicutes|c__Negativicutes|o__Veillonellales|f__Veillonellaceae|g__Megasphaera|s__Megasphaera micronuciformis|ref_mOTU_v31_11823	0
k__Bacteria|p__Firmicutes|c__Negativicutes|o__Veillonellales|f__Veillonellaceae|g__Megasphaera|s__Megasphaera sp. [Megasphaera sp. NM10/Megasphaera sp. BL7]|ref_mOTU_v31_01515	0
k__Bacteria|p__Firmicutes|c__Negativicutes|o__Veillonellales|f__Veillonellaceae|g__Megasphaera|s__Megasphaera species incertae sedis|ext_mOTU_v31_29417	0
k__Bacteria|p__Firmicutes|c__Negativicutes|o__Veillonellales|f__Veillonellaceae|g__Veillonella|s__Veillonella atypica [Veillonella sp. HPA0037/Veillonella atypica/Veillonella sp. ACP1/Veillonella sp. ICM51a]|ref_mOTU_v31_01941	0
k__Bacteria|p__Firmicutes|c__Negativicutes|o__Veillonellales|f__Veillonellaceae|g__Veillonella|s__Veillonella denticariosi [Veillonella denticariosi/Veillonella sp. AS16]|ref_mOTU_v31_03930	0
k__Bacteria|p__Firmicutes|c__Negativicutes|o__Veillonellales|f__Veillonellaceae|g__Veillonella|s__Veillonella dispar|ref_mOTU_v31_01940	0
k__Bacteria|p__Firmicutes|c__Negativicutes|o__Veillonellales|f__Veillonellaceae|g__Veillonella|s__Veillonella sp. [Veillonella sp. DNF00869/Veillonella sp. oral taxon 780]|ref_mOTU_v31_04233	0
k__Bacteria|p__Firmicutes|c__Negativicutes|o__Veillonellales|f__Veillonellaceae|g__Veillonella|s__Veillonella species incertae sedis|ext_mOTU_v31_17914	0
k__Bacteria|p__Firmicutes|c__Negativicutes|o__Veillonellales|f__Veillonellaceae|g__Veillonella|s__Veillonella species incertae sedis|ext_mOTU_v31_17915	0
k__Bacteria|p__Firmicutes|c__Negativicutes|o__Veillonellales|f__Veillonellaceae|g__Veillonella|s__Veillonella species incertae sedis|ext_mOTU_v31_19656	0
k__Bacteria|p__Firmicutes|c__Negativicutes|o__Veillonellales|f__Veillonellaceae|g__Veillonella|s__Veillonella species incertae sedis|ext_mOTU_v31_26701	0
k__Bacteria|p__Firmicutes|c__Negativicutes|o__Veillonellales|f__Veillonellaceae|g__Veillonella|s__Veillonella species incertae sedis|ext_mOTU_v31_27077	0
k__Bacteria|p__Firmicutes|c__Negativicutes|o__Veillonellales|f__Veillonellaceae|g__Veillonella|s__Veillonella species incertae sedis|ext_mOTU_v31_29425	0
k__Bacteria|p__Firmicutes|c__Negativicutes|o__Veillonellales|f__Veillonellaceae|g__Veillonella|s__Veillonella species incertae sedis|meta_mOTU_v31_12759	0
k__Bacteria|p__Firmicutes|c__Negativicutes|o__Veillonellales|f__Veillonellaceae|g__Veillonella|s__Veillonella species incertae sedis|meta_mOTU_v31_13135	0
k__Bacteria|p__Firmicutes|c__Negativicutes|o__Veillonellales|f__Veillonellaceae|g__Veillonella|s__Veillonella tobetsuensis|ref_mOTU_v31_01942	0
k__Bacteria|p__Firmicutes|c__Negativicutes|o__Veillonellales|f__Veillonellaceae|g__Veillonellaceae gen. incertae sedis|s__Veillonellaceae species incertae sedis|ext_mOTU_v31_26836	0
k__Bacteria|p__Firmicutes|c__Negativicutes|o__Veillonellales|f__Veillonellaceae|g__Veillonellaceae gen. incertae sedis|s__Veillonellaceae species incertae sedis|meta_mOTU_v31_13192	0
k__Bacteria|p__Firmicutes|c__Negativicutes|o__Veillonellales|f__Veillonellaceae|g__Veillonellaceae gen. incertae sedis|s__Veillonellaceae species incertae sedis|meta_mOTU_v31_13255	0
k__Bacteria|p__Firmicutes|c__Negativicutes|o__Veillonellales|f__Veillonellaceae|g__Veillonellaceae gen. incertae sedis|s__Veillonellaceae species incertae sedis|meta_mOTU_v31_14105	0
k__Bacteria|p__Firmicutes|c__Tissierellia|o__Tissierellales|f__Peptoniphilaceae|g__Anaerococcus|s__Anaerococcus obesiensis/vaginalis [Anaerococcus obesiensis/Anaerococcus sp. HMSC068A02/Anaerococcus sp. HMSC065G05/Anaerococcus sp. HMSC075B03/Anaerococcus vaginalis]|ref_mOTU_v31_01019	0
k__Bacteria|p__Firmicutes|c__Tissierellia|o__Tissierellales|f__Peptoniphilaceae|g__Finegoldia|s__Finegoldia species incertae sedis|ext_mOTU_v31_17824	0
k__Bacteria|p__Firmicutes|c__Tissierellia|o__Tissierellales|f__Peptoniphilaceae|g__Parvimonas|s__Parvimonas sp. KA00067|ref_mOTU_v31_04290	0
k__Bacteria|p__Firmicutes|c__Tissierellia|o__Tissierellales|f__Peptoniphilaceae|g__Parvimonas|s__Parvimonas sp. oral taxon 110|ref_mOTU_v31_04288	0
k__Bacteria|p__Firmicutes|c__Tissierellia|o__Tissierellales|f__Peptoniphilaceae|g__Parvimonas|s__Parvimonas sp. oral taxon 393|ref_mOTU_v31_04289	0
k__Bacteria|p__Firmicutes|c__Tissierellia|o__Tissierellales|f__Peptoniphilaceae|g__Parvimonas|s__Parvimonas species incertae sedis|meta_mOTU_v31_12381	0
k__Bacteria|p__Firmicutes|c__Tissierellia|o__Tissierellales|f__Peptoniphilaceae|g__Peptoniphilaceae gen. incertae sedis|s__Peptoniphilaceae species incertae sedis|ext_mOTU_v31_16250	0
k__Bacteria|p__Firmicutes|c__Tissierellia|o__Tissierellales|f__Peptoniphilaceae|g__Peptoniphilus|s__Peptoniphilus grossensis [Peptoniphilus grossensis/Peptoniphilus sp. HMSC062D09]|ref_mOTU_v31_01029	0
k__Bacteria|p__Firmicutes|c__Tissierellia|o__Tissierellales|f__Peptoniphilaceae|g__Peptoniphilus|s__Peptoniphilus harei|ref_mOTU_v31_04545	0
k__Bacteria|p__Firmicutes|c__Tissierellia|o__Tissierellales|f__Peptoniphilaceae|g__Peptoniphilus|s__Peptoniphilus lacrimalis [Peptoniphilus lacrimalis/Peptoniphilus sp. oral taxon 836]|ref_mOTU_v31_00276	0
k__Bacteria|p__Firmicutes|c__Tissierellia|o__Tissierellales|f__Tissierellaceae|g__Urmitella|s__Urmitella timonensis|ref_mOTU_v31_10238	0
k__Bacteria|p__Firmicutes|c__Tissierellia|o__Tissierellia order incertae sedis|f__Tissierellia fam. incertae sedis|g__Tissierellia gen. incertae sedis|s__Tissierellia bacterium S7-1-4|ref_mOTU_v31_07820	0
k__Bacteria|p__Firmicutes|c__Tissierellia|o__Tissierellia order incertae sedis|f__Tissierellia fam. incertae sedis|g__Tissierellia gen. incertae sedis|s__Tissierellia species incertae sedis|ext_mOTU_v31_17827	0
k__Bacteria|p__Fusobacteria|c__Fusobacteriia|o__Fusobacteriales|f__Fusobacteriaceae|g__Fusobacterium|s__Fusobacterium equinum/gonidiaformans|ref_mOTU_v31_04102	0
k__Bacteria|p__Fusobacteria|c__Fusobacteriia|o__Fusobacteriales|f__Fusobacteriaceae|g__Fusobacterium|s__Fusobacterium hwasookii/nucleatum [Fusobacterium sp. OBRC1/Fusobacterium hwasookii/Fusobacterium sp. HMSC064B11/Fusobacterium nucleatum/Fusobacterium sp. CM22]|ref_mOTU_v31_01004	0
k__Bacteria|p__Fusobacteria|c__Fusobacteriia|o__Fusobacteriales|f__Fusobacteriaceae|g__Fusobacterium|s__Fusobacterium mortiferum|ref_mOTU_v31_11278	0
k__Bacteria|p__Fusobacteria|c__Fusobacteriia|o__Fusobacteriales|f__Fusobacteriaceae|g__Fusobacterium|s__Fusobacterium nucleatum subsp. nucleatum|ref_mOTU_v31_01003	0
k__Bacteria|p__Fusobacteria|c__Fusobacteriia|o__Fusobacteriales|f__Fusobacteriaceae|g__Fusobacterium|s__Fusobacterium nucleatum subsp. vincentii [Fusobacterium sp. HMSC064B12/Fusobacterium nucleatum]|ref_mOTU_v31_01002	0
k__Bacteria|p__Fusobacteria|c__Fusobacteriia|o__Fusobacteriales|f__Fusobacteriaceae|g__Fusobacterium|s__Fusobacterium nucleatum|ref_mOTU_v31_01005	0
k__Bacteria|p__Fusobacteria|c__Fusobacteriia|o__Fusobacteriales|f__Fusobacteriaceae|g__Fusobacterium|s__Fusobacterium periodonticum|ref_mOTU_v31_00999	0
k__Bacteria|p__Fusobacteria|c__Fusobacteriia|o__Fusobacteriales|f__Fusobacteriaceae|g__Fusobacterium|s__Fusobacterium sp. oral taxon 370|ref_mOTU_v31_01000	0
k__Bacteria|p__Fusobacteria|c__Fusobacteriia|o__Fusobacteriales|f__Fusobacteriaceae|g__Fusobacterium|s__Fusobacterium species incertae sedis|ext_mOTU_v31_17861	0
k__Bacteria|p__Fusobacteria|c__Fusobacteriia|o__Fusobacteriales|f__Fusobacteriaceae|g__Fusobacterium|s__Fusobacterium species incertae sedis|meta_mOTU_v31_13245	0
k__Bacteria|p__Fusobacteria|c__Fusobacteriia|o__Fusobacteriales|f__Fusobacteriaceae|g__Fusobacterium|s__Fusobacterium species incertae sedis|meta_mOTU_v31_14121	0
k__Bacteria|p__Fusobacteria|c__Fusobacteriia|o__Fusobacteriales|f__Fusobacteriaceae|g__Fusobacterium|s__Fusobacterium ulcerans|ref_mOTU_v31_05384	0
k__Bacteria|p__Fusobacteria|c__Fusobacteriia|o__Fusobacteriales|f__Fusobacteriaceae|g__Fusobacterium|s__Fusobacterium varium [Fusobacterium sp. HMSC073F01/Fusobacterium varium]|ref_mOTU_v31_05385	0
k__Bacteria|p__Fusobacteria|c__Fusobacteriia|o__Fusobacteriales|f__Leptotrichiaceae|g__Leptotrichia|s__Leptotrichia buccalis|ref_mOTU_v31_02299	0
k__Bacteria|p__Fusobacteria|c__Fusobacteriia|o__Fusobacteriales|f__Leptotrichiaceae|g__Leptotrichia|s__Leptotrichia hofstadii|ref_mOTU_v31_02298	0
k__Bacteria|p__Fusobacteria|c__Fusobacteriia|o__Fusobacteriales|f__Leptotrichiaceae|g__Leptotrichia|s__Leptotrichia massiliensis [Leptotrichia massiliensis/Leptotrichia sp. oral taxon 225]|ref_mOTU_v31_02297	0
k__Bacteria|p__Fusobacteria|c__Fusobacteriia|o__Fusobacteriales|f__Leptotrichiaceae|g__Leptotrichia|s__Leptotrichia shahii|ref_mOTU_v31_02303	0
k__Bacteria|p__Fusobacteria|c__Fusobacteriia|o__Fusobacteriales|f__Leptotrichiaceae|g__Leptotrichia|s__Leptotrichia sp. oral taxon 212|ref_mOTU_v31_04052	0
k__Bacteria|p__Fusobacteria|c__Fusobacteriia|o__Fusobacteriales|f__Leptotrichiaceae|g__Leptotrichia|s__Leptotrichia sp. oral taxon 215|ref_mOTU_v31_04051	0
k__Bacteria|p__Fusobacteria|c__Fusobacteriia|o__Fusobacteriales|f__Leptotrichiaceae|g__Leptotrichia|s__Leptotrichia sp. oral taxon 847|meta_mOTU_v31_12929	0
k__Bacteria|p__Fusobacteria|c__Fusobacteriia|o__Fusobacteriales|f__Leptotrichiaceae|g__Leptotrichia|s__Leptotrichia sp. oral taxon 847|ref_mOTU_v31_09425	0
k__Bacteria|p__Fusobacteria|c__Fusobacteriia|o__Fusobacteriales|f__Leptotrichiaceae|g__Leptotrichia|s__Leptotrichia sp. oral taxon 879|ref_mOTU_v31_02300	0
k__Bacteria|p__Fusobacteria|c__Fusobacteriia|o__Fusobacteriales|f__Leptotrichiaceae|g__Leptotrichia|s__Leptotrichia species incertae sedis|ext_mOTU_v31_29418	0
k__Bacteria|p__Fusobacteria|c__Fusobacteriia|o__Fusobacteriales|f__Leptotrichiaceae|g__Leptotrichia|s__Leptotrichia species incertae sedis|ext_mOTU_v31_29470	0
k__Bacteria|p__Fusobacteria|c__Fusobacteriia|o__Fusobacteriales|f__Leptotrichiaceae|g__Leptotrichia|s__Leptotrichia species incertae sedis|meta_mOTU_v31_12360	0
k__Bacteria|p__Fusobacteria|c__Fusobacteriia|o__Fusobacteriales|f__Leptotrichiaceae|g__Leptotrichia|s__Leptotrichia species incertae sedis|meta_mOTU_v31_12518	0
k__Bacteria|p__Fusobacteria|c__Fusobacteriia|o__Fusobacteriales|f__Leptotrichiaceae|g__Leptotrichia|s__Leptotrichia species incertae sedis|meta_mOTU_v31_12961	0
k__Bacteria|p__Fusobacteria|c__Fusobacteriia|o__Fusobacteriales|f__Leptotrichiaceae|g__Leptotrichia|s__Leptotrichia trevisanii|ref_mOTU_v31_02301	0
k__Bacteria|p__Lentisphaerae|c__Lentisphaerae class incertae sedis|o__Lentisphaerae order incertae sedis|f__Lentisphaerae fam. incertae sedis|g__Lentisphaerae gen. incertae sedis|s__Lentisphaerae bacterium ADurb.Bin242|meta_mOTU_v31_12416	0
k__Bacteria|p__Lentisphaerae|c__Lentisphaerae class incertae sedis|o__Lentisphaerae order incertae sedis|f__Lentisphaerae fam. incertae sedis|g__Lentisphaerae gen. incertae sedis|s__Lentisphaerae bacterium ADurb.Bin242|meta_mOTU_v31_12612	0
k__Bacteria|p__Lentisphaerae|c__Lentisphaerae class incertae sedis|o__Lentisphaerae order incertae sedis|f__Lentisphaerae fam. incertae sedis|g__Lentisphaerae gen. incertae sedis|s__Lentisphaerae species incertae sedis|meta_mOTU_v31_12568	0
k__Bacteria|p__Lentisphaerae|c__Lentisphaerae class incertae sedis|o__Lentisphaerae order incertae sedis|f__Lentisphaerae fam. incertae sedis|g__Lentisphaerae gen. incertae sedis|s__Lentisphaerae species incertae sedis|meta_mOTU_v31_13401	0
k__Bacteria|p__Proteobacteria|c__Alphaproteobacteria|o__Rhodospirillales|f__Acetobacteraceae|g__Acetobacter|s__Acetobacter sp. [Acetobacter sp. CAG:267/Acetobacter sp. 46_36]|ref_mOTU_v31_03587	0
k__Bacteria|p__Proteobacteria|c__Alphaproteobacteria|o__Rhodospirillales|f__Acetobacteraceae|g__Acidiphilium|s__Acidiphilium sp. CAG:727|meta_mOTU_v31_13297	0
k__Bacteria|p__Proteobacteria|c__Alphaproteobacteria|o__Rhodospirillales|f__Acetobacteraceae|g__Acidiphilium|s__Acidiphilium sp. CAG:727|meta_mOTU_v31_13607	0
k__Bacteria|p__Proteobacteria|c__Alphaproteobacteria|o__Rhodospirillales|f__Rhodospirillaceae|g__Azospirillum|s__Azospirillum sp. 51_20|ref_mOTU_v31_10408	0
k__Bacteria|p__Proteobacteria|c__Alphaproteobacteria|o__Rhodospirillales|f__Rhodospirillaceae|g__Azospirillum|s__Azospirillum sp. CAG:239|ref_mOTU_v31_07592	0
k__Bacteria|p__Proteobacteria|c__Alphaproteobacteria|o__Rhodospirillales|f__Rhodospirillaceae|g__Azospirillum|s__Azospirillum species incertae sedis|meta_mOTU_v31_12508	0
k__Bacteria|p__Proteobacteria|c__Betaproteobacteria|o__Burkholderiales|f__Burkholderiaceae|g__Lautropia|s__Lautropia mirabilis|meta_mOTU_v31_12931	0
k__Bacteria|p__Proteobacteria|c__Betaproteobacteria|o__Burkholderiales|f__Burkholderiales fam. incertae sedis|g__Burkholderiales gen. incertae sedis|s__Burkholderiales bacterium YL45|meta_mOTU_v31_13139	0
k__Bacteria|p__Proteobacteria|c__Betaproteobacteria|o__Burkholderiales|f__Burkholderiales fam. incertae sedis|g__Burkholderiales gen. incertae sedis|s__Burkholderiales bacterium YL45|ref_mOTU_v31_10100	0
k__Bacteria|p__Proteobacteria|c__Betaproteobacteria|o__Burkholderiales|f__Burkholderiales fam. incertae sedis|g__Burkholderiales gen. incertae sedis|s__Burkholderiales species incertae sedis|meta_mOTU_v31_12785	0
k__Bacteria|p__Proteobacteria|c__Betaproteobacteria|o__Burkholderiales|f__Comamonadaceae|g__Comamonadaceae gen. incertae sedis|s__Comamonadaceae species incertae sedis|meta_mOTU_v31_12897	0
k__Bacteria|p__Proteobacteria|c__Betaproteobacteria|o__Burkholderiales|f__Comamonadaceae|g__Comamonas|s__Comamonas kerstersii [Acidovorax sp. 12322-1/Acidovorax sp. 121606/Acidovorax sp. 202149/Comamonas kerstersii]|ref_mOTU_v31_05249	0
k__Bacteria|p__Proteobacteria|c__Betaproteobacteria|o__Burkholderiales|f__Comamonadaceae|g__Ottowia|s__Ottowia sp. oral taxon 894|ref_mOTU_v31_08897	0
k__Bacteria|p__Proteobacteria|c__Betaproteobacteria|o__Burkholderiales|f__Oxalobacteraceae|g__Oxalobacter|s__Oxalobacter formigenes|ref_mOTU_v31_06370	0
k__Bacteria|p__Proteobacteria|c__Betaproteobacteria|o__Burkholderiales|f__Oxalobacteraceae|g__Oxalobacteraceae gen. incertae sedis|s__Oxalobacteraceae species incertae sedis|ext_mOTU_v31_17539	0
k__Bacteria|p__Proteobacteria|c__Betaproteobacteria|o__Burkholderiales|f__Oxalobacteraceae|g__Oxalobacteraceae gen. incertae sedis|s__Oxalobacteraceae species incertae sedis|ext_mOTU_v31_17672	0
k__Bacteria|p__Proteobacteria|c__Betaproteobacteria|o__Burkholderiales|f__Oxalobacteraceae|g__Oxalobacteraceae gen. incertae sedis|s__Oxalobacteraceae species incertae sedis|ext_mOTU_v31_17729	0
k__Bacteria|p__Proteobacteria|c__Betaproteobacteria|o__Burkholderiales|f__Sutterellaceae|g__Dakarella|s__Dakarella massiliensis [Sutterella sp. CAG:351/Dakarella massiliensis]|ref_mOTU_v31_03664	0
k__Bacteria|p__Proteobacteria|c__Betaproteobacteria|o__Burkholderiales|f__Sutterellaceae|g__Duodenibacillus|s__Duodenibacillus massiliensis [Sutterella sp. CAG:397/Duodenibacillus massiliensis]|ref_mOTU_v31_03665	0
k__Bacteria|p__Proteobacteria|c__Betaproteobacteria|o__Burkholderiales|f__Sutterellaceae|g__Parasutterella|s__Parasutterella excrementihominis [Parasutterella excrementihominis CAG:233/Burkholderiales bacterium 1_1_47/Parasutterella excrementihominis]|ref_mOTU_v31_03674	0
k__Bacteria|p__Proteobacteria|c__Betaproteobacteria|o__Burkholderiales|f__Sutterellaceae|g__Sutterella|s__Sutterella parvirubra|meta_mOTU_v31_14515	0
k__Bacteria|p__Proteobacteria|c__Betaproteobacteria|o__Burkholderiales|f__Sutterellaceae|g__Sutterella|s__Sutterella parvirubra|ref_mOTU_v31_11910	0
k__Bacteria|p__Proteobacteria|c__Betaproteobacteria|o__Burkholderiales|f__Sutterellaceae|g__Sutterella|s__Sutterella sp. CAG:521|meta_mOTU_v31_12558	0
k__Bacteria|p__Proteobacteria|c__Betaproteobacteria|o__Burkholderiales|f__Sutterellaceae|g__Sutterella|s__Sutterella sp. CAG:521|meta_mOTU_v31_12928	0
k__Bacteria|p__Proteobacteria|c__Betaproteobacteria|o__Burkholderiales|f__Sutterellaceae|g__Sutterella|s__Sutterella sp. CAG:521|meta_mOTU_v31_13627	0
k__Bacteria|p__Proteobacteria|c__Betaproteobacteria|o__Burkholderiales|f__Sutterellaceae|g__Sutterella|s__Sutterella species incertae sedis|ext_mOTU_v31_17799	0
k__Bacteria|p__Proteobacteria|c__Betaproteobacteria|o__Burkholderiales|f__Sutterellaceae|g__Sutterella|s__Sutterella species incertae sedis|ext_mOTU_v31_17920	0
k__Bacteria|p__Proteobacteria|c__Betaproteobacteria|o__Burkholderiales|f__Sutterellaceae|g__Sutterella|s__Sutterella species incertae sedis|ext_mOTU_v31_27151	0
k__Bacteria|p__Proteobacteria|c__Betaproteobacteria|o__Burkholderiales|f__Sutterellaceae|g__Sutterella|s__Sutterella species incertae sedis|ext_mOTU_v31_27172	0
k__Bacteria|p__Proteobacteria|c__Betaproteobacteria|o__Burkholderiales|f__Sutterellaceae|g__Sutterella|s__Sutterella species incertae sedis|meta_mOTU_v31_12840	0
k__Bacteria|p__Proteobacteria|c__Betaproteobacteria|o__Burkholderiales|f__Sutterellaceae|g__Sutterella|s__Sutterella species incertae sedis|meta_mOTU_v31_12967	0
k__Bacteria|p__Proteobacteria|c__Betaproteobacteria|o__Burkholderiales|f__Sutterellaceae|g__Sutterella|s__Sutterella species incertae sedis|meta_mOTU_v31_13005	0
k__Bacteria|p__Proteobacteria|c__Betaproteobacteria|o__Burkholderiales|f__Sutterellaceae|g__Sutterella|s__Sutterella species incertae sedis|meta_mOTU_v31_13648	0
k__Bacteria|p__Proteobacteria|c__Betaproteobacteria|o__Burkholderiales|f__Sutterellaceae|g__Sutterella|s__Sutterella species incertae sedis|meta_mOTU_v31_13962	0
k__Bacteria|p__Proteobacteria|c__Betaproteobacteria|o__Burkholderiales|f__Sutterellaceae|g__Sutterella|s__Sutterella wadsworthensis [Sutterella sp. KLE1602/Sutterella sp. 63_29/Sutterella wadsworthensis]|ref_mOTU_v31_04772	0
k__Bacteria|p__Proteobacteria|c__Betaproteobacteria|o__Burkholderiales|f__Sutterellaceae|g__Sutterella|s__Sutterella wadsworthensis [Sutterella wadsworthensis CAG:135/Burkholderia sp. K4410.MGS-135/Sutterella wadsworthensis]|ref_mOTU_v31_03066	0
k__Bacteria|p__Proteobacteria|c__Betaproteobacteria|o__Burkholderiales|f__Sutterellaceae|g__Sutterellaceae gen. incertae sedis|s__Sutterellaceae species incertae sedis|ext_mOTU_v31_17786	0
k__Bacteria|p__Proteobacteria|c__Betaproteobacteria|o__Burkholderiales|f__Sutterellaceae|g__Sutterellaceae gen. incertae sedis|s__Sutterellaceae species incertae sedis|ext_mOTU_v31_17787	0
k__Bacteria|p__Proteobacteria|c__Betaproteobacteria|o__Burkholderiales|f__Sutterellaceae|g__Sutterellaceae gen. incertae sedis|s__Sutterellaceae species incertae sedis|meta_mOTU_v31_12389	0
k__Bacteria|p__Proteobacteria|c__Betaproteobacteria|o__Burkholderiales|f__Sutterellaceae|g__Sutterellaceae gen. incertae sedis|s__Sutterellaceae species incertae sedis|meta_mOTU_v31_12394	0
k__Bacteria|p__Proteobacteria|c__Betaproteobacteria|o__Neisseriales|f__Neisseriaceae|g__Eikenella|s__Eikenella corrodens [Eikenella sp. HMSC061C02/Eikenella corrodens]|ref_mOTU_v31_01586	0
k__Bacteria|p__Proteobacteria|c__Betaproteobacteria|o__Neisseriales|f__Neisseriaceae|g__Eikenella|s__Eikenella corrodens|ref_mOTU_v31_01587	0
k__Bacteria|p__Proteobacteria|c__Betaproteobacteria|o__Neisseriales|f__Neisseriaceae|g__Eikenella|s__Eikenella sp. [Eikenella sp. NML01-A-086/Eikenella sp. NML03-A-027/Eikenella sp. NML070372/Eikenella sp. NML080894/Eikenella sp. NML120348/Eikenella sp. NML97-A-109/Eikenella sp. NML99-0057/Eikenella sp. NML96-A-049]|ref_mOTU_v31_01584	0
k__Bacteria|p__Proteobacteria|c__Betaproteobacteria|o__Neisseriales|f__Neisseriaceae|g__Eikenella|s__Eikenella sp. NML130454|ref_mOTU_v31_01588	0
k__Bacteria|p__Proteobacteria|c__Betaproteobacteria|o__Neisseriales|f__Neisseriaceae|g__Kingella|s__Kingella denitrificans|ref_mOTU_v31_12053	0
k__Bacteria|p__Proteobacteria|c__Betaproteobacteria|o__Neisseriales|f__Neisseriaceae|g__Kingella|s__Kingella oralis|ref_mOTU_v31_11632	0
k__Bacteria|p__Proteobacteria|c__Betaproteobacteria|o__Neisseriales|f__Neisseriaceae|g__Kingella|s__Kingella species incertae sedis|ext_mOTU_v31_19639	0
k__Bacteria|p__Proteobacteria|c__Betaproteobacteria|o__Neisseriales|f__Neisseriaceae|g__Kingella|s__Kingella species incertae sedis|ext_mOTU_v31_29439	0
k__Bacteria|p__Proteobacteria|c__Betaproteobacteria|o__Neisseriales|f__Neisseriaceae|g__Morococcus|s__Morococcus cerebrosus [Morococcus cerebrosus/Neisseria sp. HMSC03D10/Neisseria sp. HMSC071C03/Neisseria sp. HMSC073B07/Neisseria sp. HMSC071B12]|ref_mOTU_v31_01494	0
k__Bacteria|p__Proteobacteria|c__Betaproteobacteria|o__Neisseriales|f__Neisseriaceae|g__Neisseria|s__Neisseria bacilliformis|ref_mOTU_v31_06122	0
k__Bacteria|p__Proteobacteria|c__Betaproteobacteria|o__Neisseriales|f__Neisseriaceae|g__Neisseria|s__Neisseria cinerea|ref_mOTU_v31_11445	0
k__Bacteria|p__Proteobacteria|c__Betaproteobacteria|o__Neisseriales|f__Neisseriaceae|g__Neisseria|s__Neisseria elongata [Neisseria sp. HMSC31F04/Neisseria elongata]|ref_mOTU_v31_04790	0
k__Bacteria|p__Proteobacteria|c__Betaproteobacteria|o__Neisseriales|f__Neisseriaceae|g__Neisseria|s__Neisseria elongata|ref_mOTU_v31_04789	0
k__Bacteria|p__Proteobacteria|c__Betaproteobacteria|o__Neisseriales|f__Neisseriaceae|g__Neisseria|s__Neisseria gonorrhoeae|ref_mOTU_v31_01538	0
k__Bacteria|p__Proteobacteria|c__Betaproteobacteria|o__Neisseriales|f__Neisseriaceae|g__Neisseria|s__Neisseria meningitidis [Neisseria sp. HMSC065C04/Neisseria meningitidis]|ref_mOTU_v31_04795	0
k__Bacteria|p__Proteobacteria|c__Betaproteobacteria|o__Neisseriales|f__Neisseriaceae|g__Neisseria|s__Neisseria sicca|ref_mOTU_v31_01499	0
k__Bacteria|p__Proteobacteria|c__Betaproteobacteria|o__Neisseriales|f__Neisseriaceae|g__Neisseria|s__Neisseria sp. HMSC064E01|ref_mOTU_v31_01498	0
k__Bacteria|p__Proteobacteria|c__Betaproteobacteria|o__Neisseriales|f__Neisseriaceae|g__Neisseria|s__Neisseria sp. HMSC072F04|ref_mOTU_v31_01497	0
k__Bacteria|p__Proteobacteria|c__Betaproteobacteria|o__Neisseriales|f__Neisseriaceae|g__Neisseria|s__Neisseria sp. oral taxon 014|ref_mOTU_v31_01500	0
k__Bacteria|p__Proteobacteria|c__Betaproteobacteria|o__Neisseriales|f__Neisseriaceae|g__Neisseria|s__Neisseria sp. oral taxon 020|ref_mOTU_v31_07148	0
k__Bacteria|p__Proteobacteria|c__Betaproteobacteria|o__Neisseriales|f__Neisseriaceae|g__Neisseria|s__Neisseria species incertae sedis|ext_mOTU_v31_29446	0
k__Bacteria|p__Proteobacteria|c__Betaproteobacteria|o__Neisseriales|f__Neisseriaceae|g__Neisseria|s__Neisseria species incertae sedis|ext_mOTU_v31_29458	0
k__Bacteria|p__Proteobacteria|c__Betaproteobacteria|o__Neisseriales|f__Neisseriaceae|g__Neisseria|s__Neisseria species incertae sedis|ext_mOTU_v31_29459	0
k__Bacteria|p__Proteobacteria|c__Betaproteobacteria|o__Neisseriales|f__Neisseriaceae|g__Neisseria|s__Neisseria species incertae sedis|ext_mOTU_v31_29460	0
k__Bacteria|p__Proteobacteria|c__Betaproteobacteria|o__Neisseriales|f__Neisseriaceae|g__Neisseria|s__Neisseria species incertae sedis|ext_mOTU_v31_29461	0
k__Bacteria|p__Proteobacteria|c__Betaproteobacteria|o__Neisseriales|f__Neisseriaceae|g__Neisseria|s__Neisseria species incertae sedis|ext_mOTU_v31_29471	0
k__Bacteria|p__Proteobacteria|c__Betaproteobacteria|o__Neisseriales|f__Neisseriaceae|g__Neisseria|s__Neisseria species incertae sedis|ext_mOTU_v31_29492	0
k__Bacteria|p__Proteobacteria|c__Betaproteobacteria|o__Neisseriales|f__Neisseriaceae|g__Neisseriaceae gen. [Morococcus/Neisseria]|s__Neisseriaceae sp. [Morococcus cerebrosus/Neisseria sp. HMSC15C08/Neisseria sp. HMSC059F02/Neisseria sp. HMSC055F11/Neisseria sp. HMSC064F04/Neisseria sp. HMSC070E12/Neisseria mucosa]|ref_mOTU_v31_01496	0
k__Bacteria|p__Proteobacteria|c__Betaproteobacteria|o__Neisseriales|f__Neisseriaceae|g__Neisseriaceae gen. incertae sedis|s__Neisseriaceae species incertae sedis|meta_mOTU_v31_13934	0
k__Bacteria|p__Proteobacteria|c__Deltaproteobacteria|o__Deltaproteobacteria order incertae sedis|f__Deltaproteobacteria fam. incertae sedis|g__Deltaproteobacteria gen. incertae sedis|s__Deltaproteobacteria species incertae sedis|ext_mOTU_v31_29415	0
k__Bacteria|p__Proteobacteria|c__Deltaproteobacteria|o__Desulfovibrionales|f__Desulfovibrionaceae|g__Bilophila|s__Bilophila wadsworthia [Bilophila wadsworthia/Bilophila sp. 4_1_30]|ref_mOTU_v31_04300	0
k__Bacteria|p__Proteobacteria|c__Deltaproteobacteria|o__Desulfovibrionales|f__Desulfovibrionaceae|g__Desulfovibrio|s__Desulfovibrio desulfuricans|ref_mOTU_v31_06346	0
k__Bacteria|p__Proteobacteria|c__Deltaproteobacteria|o__Desulfovibrionales|f__Desulfovibrionaceae|g__Desulfovibrio|s__Desulfovibrio desulfuricans|ref_mOTU_v31_06852	0
k__Bacteria|p__Proteobacteria|c__Deltaproteobacteria|o__Desulfovibrionales|f__Desulfovibrionaceae|g__Desulfovibrio|s__Desulfovibrio fairfieldensis [Desulfovibrio fairfieldensis/Desulfovibrio sp. 3_1_syn3/Desulfovibrio sp. 6_1_46AFAA]|ref_mOTU_v31_06308	0
k__Bacteria|p__Proteobacteria|c__Deltaproteobacteria|o__Desulfovibrionales|f__Desulfovibrionaceae|g__Desulfovibrio|s__Desulfovibrio piger|ref_mOTU_v31_06282	0
k__Bacteria|p__Proteobacteria|c__Deltaproteobacteria|o__Desulfovibrionales|f__Desulfovibrionaceae|g__Desulfovibrio|s__Desulfovibrio species incertae sedis|ext_mOTU_v31_16495	0
k__Bacteria|p__Proteobacteria|c__Deltaproteobacteria|o__Desulfovibrionales|f__Desulfovibrionaceae|g__Desulfovibrio|s__Desulfovibrio species incertae sedis|ext_mOTU_v31_17437	0
k__Bacteria|p__Proteobacteria|c__Deltaproteobacteria|o__Desulfovibrionales|f__Desulfovibrionaceae|g__Desulfovibrio|s__Desulfovibrio species incertae sedis|ext_mOTU_v31_18107	0
k__Bacteria|p__Proteobacteria|c__Deltaproteobacteria|o__Desulfovibrionales|f__Desulfovibrionaceae|g__Desulfovibrio|s__Desulfovibrio species incertae sedis|ext_mOTU_v31_26801	0
k__Bacteria|p__Proteobacteria|c__Deltaproteobacteria|o__Desulfovibrionales|f__Desulfovibrionaceae|g__Desulfovibrio|s__Desulfovibrio species incertae sedis|ext_mOTU_v31_27171	0
k__Bacteria|p__Proteobacteria|c__Deltaproteobacteria|o__Desulfovibrionales|f__Desulfovibrionaceae|g__Desulfovibrio|s__Desulfovibrio species incertae sedis|meta_mOTU_v31_12490	0
k__Bacteria|p__Proteobacteria|c__Deltaproteobacteria|o__Desulfovibrionales|f__Desulfovibrionaceae|g__Desulfovibrionaceae gen. incertae sedis|s__Desulfovibrionaceae species incertae sedis|ext_mOTU_v31_16246	0
k__Bacteria|p__Proteobacteria|c__Deltaproteobacteria|o__Desulfovibrionales|f__Desulfovibrionaceae|g__Desulfovibrionaceae gen. incertae sedis|s__Desulfovibrionaceae species incertae sedis|ext_mOTU_v31_17535	0
k__Bacteria|p__Proteobacteria|c__Deltaproteobacteria|o__Desulfovibrionales|f__Desulfovibrionaceae|g__Desulfovibrionaceae gen. incertae sedis|s__Desulfovibrionaceae species incertae sedis|ext_mOTU_v31_17877	0
k__Bacteria|p__Proteobacteria|c__Deltaproteobacteria|o__Desulfovibrionales|f__Desulfovibrionaceae|g__Desulfovibrionaceae gen. incertae sedis|s__Desulfovibrionaceae species incertae sedis|ext_mOTU_v31_18020	0
k__Bacteria|p__Proteobacteria|c__Deltaproteobacteria|o__Desulfovibrionales|f__Desulfovibrionaceae|g__Desulfovibrionaceae gen. incertae sedis|s__Desulfovibrionaceae species incertae sedis|ext_mOTU_v31_26739	0
k__Bacteria|p__Proteobacteria|c__Deltaproteobacteria|o__Desulfovibrionales|f__Desulfovibrionaceae|g__Mailhella|s__Mailhella massiliensis|meta_mOTU_v31_14272	0
k__Bacteria|p__Proteobacteria|c__Deltaproteobacteria|o__Desulfovibrionales|f__Desulfovibrionaceae|g__Mailhella|s__Mailhella massiliensis|ref_mOTU_v31_10427	0
k__Bacteria|p__Proteobacteria|c__Epsilonproteobacteria|o__Campylobacterales|f__Campylobacteraceae|g__Campylobacter|s__Campylobacter concisus|ref_mOTU_v31_03519	0
k__Bacteria|p__Proteobacteria|c__Epsilonproteobacteria|o__Campylobacterales|f__Campylobacteraceae|g__Campylobacter|s__Campylobacter curvus [Campylobacter curvus/Campylobacter sp. FOBRC14]|ref_mOTU_v31_02172	0
k__Bacteria|p__Proteobacteria|c__Epsilonproteobacteria|o__Campylobacterales|f__Campylobacteraceae|g__Campylobacter|s__Campylobacter gracilis|meta_mOTU_v31_13361	0
k__Bacteria|p__Proteobacteria|c__Epsilonproteobacteria|o__Campylobacterales|f__Campylobacteraceae|g__Campylobacter|s__Campylobacter gracilis|meta_mOTU_v31_13748	0
k__Bacteria|p__Proteobacteria|c__Epsilonproteobacteria|o__Campylobacterales|f__Campylobacteraceae|g__Campylobacter|s__Campylobacter gracilis|meta_mOTU_v31_14142	0
k__Bacteria|p__Proteobacteria|c__Epsilonproteobacteria|o__Campylobacterales|f__Campylobacteraceae|g__Campylobacter|s__Campylobacter gracilis|meta_mOTU_v31_14351	0
k__Bacteria|p__Proteobacteria|c__Epsilonproteobacteria|o__Campylobacterales|f__Campylobacteraceae|g__Campylobacter|s__Campylobacter gracilis|ref_mOTU_v31_06368	0
k__Bacteria|p__Proteobacteria|c__Epsilonproteobacteria|o__Campylobacterales|f__Campylobacteraceae|g__Campylobacter|s__Campylobacter hominis|ref_mOTU_v31_11004	0
k__Bacteria|p__Proteobacteria|c__Epsilonproteobacteria|o__Campylobacterales|f__Campylobacteraceae|g__Campylobacter|s__Campylobacter rectus|ref_mOTU_v31_01583	0
k__Bacteria|p__Proteobacteria|c__Epsilonproteobacteria|o__Campylobacterales|f__Campylobacteraceae|g__Campylobacter|s__Campylobacter showae|ref_mOTU_v31_01580	0
k__Bacteria|p__Proteobacteria|c__Epsilonproteobacteria|o__Campylobacterales|f__Campylobacteraceae|g__Campylobacter|s__Campylobacter showae|ref_mOTU_v31_01581	0
k__Bacteria|p__Proteobacteria|c__Epsilonproteobacteria|o__Campylobacterales|f__Campylobacteraceae|g__Campylobacter|s__Campylobacter showae|ref_mOTU_v31_01582	0
k__Bacteria|p__Proteobacteria|c__Epsilonproteobacteria|o__Campylobacterales|f__Campylobacteraceae|g__Campylobacter|s__Campylobacter species incertae sedis|ext_mOTU_v31_18221	0
k__Bacteria|p__Proteobacteria|c__Epsilonproteobacteria|o__Campylobacterales|f__Campylobacteraceae|g__Campylobacter|s__Campylobacter species incertae sedis|ext_mOTU_v31_18222	0
k__Bacteria|p__Proteobacteria|c__Epsilonproteobacteria|o__Campylobacterales|f__Campylobacteraceae|g__Campylobacter|s__Campylobacter species incertae sedis|ext_mOTU_v31_18223	0
k__Bacteria|p__Proteobacteria|c__Epsilonproteobacteria|o__Campylobacterales|f__Campylobacteraceae|g__Campylobacter|s__Campylobacter species incertae sedis|ext_mOTU_v31_18224	0
k__Bacteria|p__Proteobacteria|c__Epsilonproteobacteria|o__Campylobacterales|f__Campylobacteraceae|g__Campylobacter|s__Campylobacter species incertae sedis|ext_mOTU_v31_18225	0
k__Bacteria|p__Proteobacteria|c__Epsilonproteobacteria|o__Campylobacterales|f__Campylobacteraceae|g__Campylobacter|s__Campylobacter species incertae sedis|ext_mOTU_v31_18278	0
k__Bacteria|p__Proteobacteria|c__Epsilonproteobacteria|o__Campylobacterales|f__Campylobacteraceae|g__Campylobacter|s__Campylobacter species incertae sedis|ext_mOTU_v31_19677	0
k__Bacteria|p__Proteobacteria|c__Epsilonproteobacteria|o__Campylobacterales|f__Campylobacteraceae|g__Campylobacter|s__Campylobacter species incertae sedis|ext_mOTU_v31_19678	0
k__Bacteria|p__Proteobacteria|c__Epsilonproteobacteria|o__Campylobacterales|f__Campylobacteraceae|g__Campylobacter|s__Campylobacter species incertae sedis|ext_mOTU_v31_19735	0
k__Bacteria|p__Proteobacteria|c__Epsilonproteobacteria|o__Campylobacterales|f__Campylobacteraceae|g__Campylobacter|s__Campylobacter species incertae sedis|ext_mOTU_v31_19737	0
k__Bacteria|p__Proteobacteria|c__Epsilonproteobacteria|o__Campylobacterales|f__Campylobacteraceae|g__Campylobacter|s__Campylobacter species incertae sedis|ext_mOTU_v31_29501	0
k__Bacteria|p__Proteobacteria|c__Epsilonproteobacteria|o__Campylobacterales|f__Campylobacteraceae|g__Campylobacter|s__Campylobacter species incertae sedis|ext_mOTU_v31_29511	0
k__Bacteria|p__Proteobacteria|c__Epsilonproteobacteria|o__Campylobacterales|f__Campylobacteraceae|g__Campylobacter|s__Campylobacter species incertae sedis|ext_mOTU_v31_29512	0
k__Bacteria|p__Proteobacteria|c__Epsilonproteobacteria|o__Campylobacterales|f__Campylobacteraceae|g__Campylobacter|s__Campylobacter species incertae sedis|ext_mOTU_v31_29513	0
k__Bacteria|p__Proteobacteria|c__Epsilonproteobacteria|o__Campylobacterales|f__Campylobacteraceae|g__Campylobacter|s__Campylobacter species incertae sedis|ext_mOTU_v31_29522	0
k__Bacteria|p__Proteobacteria|c__Epsilonproteobacteria|o__Campylobacterales|f__Campylobacteraceae|g__Campylobacter|s__Campylobacter species incertae sedis|ext_mOTU_v31_29524	0
k__Bacteria|p__Proteobacteria|c__Epsilonproteobacteria|o__Campylobacterales|f__Campylobacteraceae|g__Campylobacter|s__Campylobacter species incertae sedis|ext_mOTU_v31_29525	0
k__Bacteria|p__Proteobacteria|c__Epsilonproteobacteria|o__Campylobacterales|f__Campylobacteraceae|g__Campylobacter|s__Campylobacter species incertae sedis|ext_mOTU_v31_29545	0
k__Bacteria|p__Proteobacteria|c__Epsilonproteobacteria|o__Campylobacterales|f__Campylobacteraceae|g__Campylobacter|s__Campylobacter species incertae sedis|ext_mOTU_v31_29585	0
k__Bacteria|p__Proteobacteria|c__Epsilonproteobacteria|o__Campylobacterales|f__Campylobacteraceae|g__Campylobacter|s__Campylobacter species incertae sedis|meta_mOTU_v31_12555	0
k__Bacteria|p__Proteobacteria|c__Epsilonproteobacteria|o__Campylobacterales|f__Campylobacteraceae|g__Campylobacter|s__Campylobacter species incertae sedis|meta_mOTU_v31_13650	0
k__Bacteria|p__Proteobacteria|c__Epsilonproteobacteria|o__Campylobacterales|f__Campylobacteraceae|g__Campylobacter|s__Campylobacter species incertae sedis|meta_mOTU_v31_13918	0
k__Bacteria|p__Proteobacteria|c__Epsilonproteobacteria|o__Campylobacterales|f__Campylobacteraceae|g__Campylobacter|s__Campylobacter species incertae sedis|meta_mOTU_v31_14360	0
k__Bacteria|p__Proteobacteria|c__Epsilonproteobacteria|o__Campylobacterales|f__Campylobacteraceae|g__Campylobacter|s__Campylobacter ureolyticus|ref_mOTU_v31_00996	0
k__Bacteria|p__Proteobacteria|c__Gammaproteobacteria|o__Aeromonadales|f__Succinivibrionaceae|g__Succinatimonas|s__Succinatimonas hippei|ref_mOTU_v31_11911	0
k__Bacteria|p__Proteobacteria|c__Gammaproteobacteria|o__Aeromonadales|f__Succinivibrionaceae|g__Succinivibrio|s__Succinivibrio dextrinosolvens|meta_mOTU_v31_12719	0
k__Bacteria|p__Proteobacteria|c__Gammaproteobacteria|o__Cardiobacteriales|f__Cardiobacteriaceae|g__Cardiobacterium|s__Cardiobacterium hominis|ref_mOTU_v31_06128	0
k__Bacteria|p__Proteobacteria|c__Gammaproteobacteria|o__Cardiobacteriales|f__Cardiobacteriaceae|g__Cardiobacterium|s__Cardiobacterium species incertae sedis|meta_mOTU_v31_12738	0
k__Bacteria|p__Proteobacteria|c__Gammaproteobacteria|o__Cardiobacteriales|f__Cardiobacteriaceae|g__Cardiobacterium|s__Cardiobacterium valvarum|meta_mOTU_v31_13369	0
k__Bacteria|p__Proteobacteria|c__Gammaproteobacteria|o__Cardiobacteriales|f__Cardiobacteriaceae|g__Cardiobacterium|s__Cardiobacterium valvarum|ref_mOTU_v31_11944	0
k__Bacteria|p__Proteobacteria|c__Gammaproteobacteria|o__Enterobacterales|f__Enterobacteriaceae|g__Citrobacter|s__ Citrobacter sp. [Citrobacter amalonaticus/Citrobacter braakii/Citrobacter freundii/Citrobacter pasteurii/Citrobacter portucalensis/Citrobacter sp. A1/Citrobacter sp. A316/Citrobacter sp. AATXQ/Citrobacter sp. AATXR/Citrobacter sp. BIDMC107/Citrobacter sp. BIDMC108/Citrobacter sp. CFSAN044567/Citrobacter sp. FDAARGOS_156/Citrobacter sp. KTE151/Citrobacter sp. KTE30/Citrobacter sp. KTE32/Citrobacter sp. L17/Citrobacter sp. MGH100/Citrobacter sp. MGH103/Citrobacter sp. MGH104/Citrobacter sp. MGH105/Citrobacter sp. MGH109/Citrobacter sp. MGH110/Citrobacter sp. MGH99/Citrobacter werkmanii/Citrobacter youngae/Enterobacter cloacae/Enterobacter sp. GN02600/Escherichia coli/Salmonella enterica]|ref_mOTU_v31_00096	0
k__Bacteria|p__Proteobacteria|c__Gammaproteobacteria|o__Enterobacterales|f__Enterobacteriaceae|g__Citrobacter|s__ Citrobacter sp. [Citrobacter amalonaticus/Citrobacter farmeri/Citrobacter sp. CtB7.12/Citrobacter sp. JT3/Citrobacter sp. MGH 55/Citrobacter sp. NLAE-zl-C269/Vibrio parahaemolyticus]|ref_mOTU_v31_00103	0
k__Bacteria|p__Proteobacteria|c__Gammaproteobacteria|o__Enterobacterales|f__Enterobacteriaceae|g__Citrobacter|s__Citrobacter koseri [Salmonella sp. HMSC13B08/Citrobacter koseri]|ref_mOTU_v31_00102	0
k__Bacteria|p__Proteobacteria|c__Gammaproteobacteria|o__Enterobacterales|f__Enterobacteriaceae|g__Enterobacter|s__ Enterobacter sp. [Enterobacter asburiae/Enterobacter bugandensis/Enterobacter cancerogenus/Enterobacter chengduensis/Enterobacter cloacae/Enterobacter genomosp. O/Enterobacter genomosp. S/Enterobacter hormaechei/Enterobacter kobei/Enterobacter ludwigii/Enterobacter roggenkampii/Enterobacter sichuanensis/Enterobacter sp. 50588862/Enterobacter sp. 50793107/Enterobacter sp. 50858885/Enterobacter sp. 56-7/Enterobacter sp. 940_PEND/Enterobacter sp. BIDMC 26/Enterobacter sp. BIDMC 27/Enterobacter sp. BIDMC 28/Enterobacter sp. BIDMC 30/Enterobacter sp. BIDMC100/Enterobacter sp. BIDMC109/Enterobacter sp. BIDMC87/Enterobacter sp. BIDMC92/Enterobacter sp. BIDMC93/Enterobacter sp. BIDMC94/Enterobacter sp. BIDMC99/Enterobacter sp. BWH 37/Enterobacter sp. BWH52/Enterobacter sp. BWH63/Enterobacter sp. BWH64/Enterobacter sp. DC1/Enterobacter sp. DC3/Enterobacter sp. DC4/Enterobacter sp. E20/Enterobacter sp. EGD-HP1/Enterobacter sp. HK169/Enterobacter sp. HMSC16D10/Enterobacter sp. IF2SW-P2/Enterobacter sp. J49/Enterobacter sp. K66-74/Enterobacter sp. ku-bf2/Enterobacter sp. MGH 1/Enterobacter sp. MGH 10/Enterobacter sp. MGH 14/Enterobacter sp. MGH 15/Enterobacter sp. MGH 22/Enterobacter sp. MGH 23/Enterobacter sp. MGH 24/Enterobacter sp. MGH 25/Enterobacter sp. MGH 3/Enterobacter sp. MGH 33/Enterobacter sp. MGH 37/Enterobacter sp. MGH 38/Enterobacter sp. MGH 6/Enterobacter sp. MGH 7/Enterobacter sp. MGH119/Enterobacter sp. MGH120/Enterobacter sp. MGH128/Enterobacter sp. NFIX45/Enterobacter sp. NFIX58/Enterobacter sp. NFIX59/Enterobacter sp. ODB01/Enterobacter sp. PDC34/Enterobacter sp. SENG-6/Enterobacter sp. ST121:950178628/Enterobacter sp. T1-1/Enterobacter sp. UCD-UG_FMILLET/Escherichia coli/Klebsiella aerogenes/Klebsiella oxytoca/Leclercia adecarboxylata/Leclercia sp. LK8/Lelliottia amnigena/Lelliottia nimipressuralis/Pantoea sesami/Pedobacter himalayensis]|ref_mOTU_v31_00077	0
k__Bacteria|p__Proteobacteria|c__Gammaproteobacteria|o__Enterobacterales|f__Enterobacteriaceae|g__Enterobacter|s__Enterobacter cloacae [Enterobacteriaceae bacterium ATCC 29904/Enterobacter cloacae]|ref_mOTU_v31_00074	0
k__Bacteria|p__Proteobacteria|c__Gammaproteobacteria|o__Enterobacterales|f__Enterobacteriaceae|g__Enterobacter|s__Enterobacter species incertae sedis|ext_mOTU_v31_17388	0
k__Bacteria|p__Proteobacteria|c__Gammaproteobacteria|o__Enterobacterales|f__Enterobacteriaceae|g__Klebsiella|s__Klebsiella aerogenes|ref_mOTU_v31_00084	0
k__Bacteria|p__Proteobacteria|c__Gammaproteobacteria|o__Enterobacterales|f__Enterobacteriaceae|g__Klebsiella|s__Klebsiella michiganensis/oxytoca [Klebsiella michiganensis/Proteus sp. HMSC10D02/Enterobacter sp. HMSC055A11/Klebsiella sp. LTGPAF-6F/Klebsiella sp. M5al/Klebsiella oxytoca/Klebsiella sp. AS10/Klebsiella sp. OBRC7]|ref_mOTU_v31_00086	0
k__Bacteria|p__Proteobacteria|c__Gammaproteobacteria|o__Enterobacterales|f__Enterobacteriaceae|g__Kluyvera|s__Kluyvera ascorbata/georgiana|ref_mOTU_v31_00090	0
k__Bacteria|p__Proteobacteria|c__Gammaproteobacteria|o__Enterobacterales|f__Enterobacteriaceae|g__Kluyvera|s__Kluyvera ascorbata|ref_mOTU_v31_00091	0
k__Bacteria|p__Proteobacteria|c__Gammaproteobacteria|o__Enterobacterales|f__Enterobacteriaceae|g__Kluyvera|s__Kluyvera cryocrescens|ref_mOTU_v31_00092	0
k__Bacteria|p__Proteobacteria|c__Gammaproteobacteria|o__Enterobacterales|f__Enterobacteriaceae|g__Leclercia|s__Leclercia adecarboxylata|ref_mOTU_v31_00072	0
k__Bacteria|p__Proteobacteria|c__Gammaproteobacteria|o__Enterobacterales|f__Enterobacteriaceae|g__Raoultella|s__ Raoultella sp. [Klebsiella oxytoca/Klebsiella pneumoniae/Raoultella ornithinolytica/Raoultella planticola/Raoultella sp. YJ]|ref_mOTU_v31_00087	0
k__Bacteria|p__Proteobacteria|c__Gammaproteobacteria|o__Enterobacterales|f__Hafniaceae|g__Hafnia|s__Hafnia alvei|ref_mOTU_v31_00709	0
k__Bacteria|p__Proteobacteria|c__Gammaproteobacteria|o__Enterobacterales|f__Hafniaceae|g__Hafnia|s__Hafnia paralvei/alvei [Hafnia sp. HMSC23F03/Enterobacteriaceae bacterium 9_2_54FAA/Hafnia paralvei/Hafnia alvei]|ref_mOTU_v31_00708	0
k__Bacteria|p__Proteobacteria|c__Gammaproteobacteria|o__Enterobacterales|f__Morganellaceae|g__Morganella|s__Morganella morganii [Morganella sp. EGD-HP17/Morganella sp. HMSC11D09/Morganella morganii]|ref_mOTU_v31_02508	0
k__Bacteria|p__Proteobacteria|c__Gammaproteobacteria|o__Enterobacterales|f__Morganellaceae|g__Proteus|s__Proteus mirabilis|ref_mOTU_v31_02513	0
k__Bacteria|p__Proteobacteria|c__Gammaproteobacteria|o__Gammaproteobacteria order incertae sedis|f__Gammaproteobacteria fam. incertae sedis|g__Gammaproteobacteria gen. incertae sedis|s__Gammaproteobacteria species incertae sedis|ext_mOTU_v31_19672	0
k__Bacteria|p__Proteobacteria|c__Gammaproteobacteria|o__Pasteurellales|f__Pasteurellaceae|g__Aggregatibacter|s__Aggregatibacter aphrophilus|ref_mOTU_v31_04048	0
k__Bacteria|p__Proteobacteria|c__Gammaproteobacteria|o__Pasteurellales|f__Pasteurellaceae|g__Aggregatibacter|s__Aggregatibacter segnis|ref_mOTU_v31_04049	0
k__Bacteria|p__Proteobacteria|c__Gammaproteobacteria|o__Pasteurellales|f__Pasteurellaceae|g__Aggregatibacter|s__Aggregatibacter sp. oral taxon 458|ref_mOTU_v31_04050	0
k__Bacteria|p__Proteobacteria|c__Gammaproteobacteria|o__Pasteurellales|f__Pasteurellaceae|g__Aggregatibacter|s__Aggregatibacter species incertae sedis|ext_mOTU_v31_18158	0
k__Bacteria|p__Proteobacteria|c__Gammaproteobacteria|o__Pasteurellales|f__Pasteurellaceae|g__Aggregatibacter|s__Aggregatibacter species incertae sedis|ext_mOTU_v31_18279	0
k__Bacteria|p__Proteobacteria|c__Gammaproteobacteria|o__Pasteurellales|f__Pasteurellaceae|g__Aggregatibacter|s__Aggregatibacter species incertae sedis|ext_mOTU_v31_18280	0
k__Bacteria|p__Proteobacteria|c__Gammaproteobacteria|o__Pasteurellales|f__Pasteurellaceae|g__Aggregatibacter|s__Aggregatibacter species incertae sedis|ext_mOTU_v31_18281	0
k__Bacteria|p__Proteobacteria|c__Gammaproteobacteria|o__Pasteurellales|f__Pasteurellaceae|g__Aggregatibacter|s__Aggregatibacter species incertae sedis|ext_mOTU_v31_18282	0
k__Bacteria|p__Proteobacteria|c__Gammaproteobacteria|o__Pasteurellales|f__Pasteurellaceae|g__Aggregatibacter|s__Aggregatibacter species incertae sedis|ext_mOTU_v31_19640	0
k__Bacteria|p__Proteobacteria|c__Gammaproteobacteria|o__Pasteurellales|f__Pasteurellaceae|g__Aggregatibacter|s__Aggregatibacter species incertae sedis|ext_mOTU_v31_19648	0
k__Bacteria|p__Proteobacteria|c__Gammaproteobacteria|o__Pasteurellales|f__Pasteurellaceae|g__Aggregatibacter|s__Aggregatibacter species incertae sedis|ext_mOTU_v31_19649	0
k__Bacteria|p__Proteobacteria|c__Gammaproteobacteria|o__Pasteurellales|f__Pasteurellaceae|g__Aggregatibacter|s__Aggregatibacter species incertae sedis|ext_mOTU_v31_19650	0
k__Bacteria|p__Proteobacteria|c__Gammaproteobacteria|o__Pasteurellales|f__Pasteurellaceae|g__Aggregatibacter|s__Aggregatibacter species incertae sedis|ext_mOTU_v31_19651	0
k__Bacteria|p__Proteobacteria|c__Gammaproteobacteria|o__Pasteurellales|f__Pasteurellaceae|g__Aggregatibacter|s__Aggregatibacter species incertae sedis|ext_mOTU_v31_19652	0
k__Bacteria|p__Proteobacteria|c__Gammaproteobacteria|o__Pasteurellales|f__Pasteurellaceae|g__Aggregatibacter|s__Aggregatibacter species incertae sedis|ext_mOTU_v31_19653	0
k__Bacteria|p__Proteobacteria|c__Gammaproteobacteria|o__Pasteurellales|f__Pasteurellaceae|g__Aggregatibacter|s__Aggregatibacter species incertae sedis|ext_mOTU_v31_19654	0
k__Bacteria|p__Proteobacteria|c__Gammaproteobacteria|o__Pasteurellales|f__Pasteurellaceae|g__Aggregatibacter|s__Aggregatibacter species incertae sedis|ext_mOTU_v31_19655	0
k__Bacteria|p__Proteobacteria|c__Gammaproteobacteria|o__Pasteurellales|f__Pasteurellaceae|g__Aggregatibacter|s__Aggregatibacter species incertae sedis|ext_mOTU_v31_19662	0
k__Bacteria|p__Proteobacteria|c__Gammaproteobacteria|o__Pasteurellales|f__Pasteurellaceae|g__Aggregatibacter|s__Aggregatibacter species incertae sedis|ext_mOTU_v31_26947	0
k__Bacteria|p__Proteobacteria|c__Gammaproteobacteria|o__Pasteurellales|f__Pasteurellaceae|g__Aggregatibacter|s__Aggregatibacter species incertae sedis|ext_mOTU_v31_29403	0
k__Bacteria|p__Proteobacteria|c__Gammaproteobacteria|o__Pasteurellales|f__Pasteurellaceae|g__Aggregatibacter|s__Aggregatibacter species incertae sedis|ext_mOTU_v31_29448	0
k__Bacteria|p__Proteobacteria|c__Gammaproteobacteria|o__Pasteurellales|f__Pasteurellaceae|g__Aggregatibacter|s__Aggregatibacter species incertae sedis|ext_mOTU_v31_29449	0
k__Bacteria|p__Proteobacteria|c__Gammaproteobacteria|o__Pasteurellales|f__Pasteurellaceae|g__Aggregatibacter|s__Aggregatibacter species incertae sedis|ext_mOTU_v31_29491	0
k__Bacteria|p__Proteobacteria|c__Gammaproteobacteria|o__Pasteurellales|f__Pasteurellaceae|g__Haemophilus|s__Haemophilus influenzae|ref_mOTU_v31_00938	0
k__Bacteria|p__Proteobacteria|c__Gammaproteobacteria|o__Pasteurellales|f__Pasteurellaceae|g__Haemophilus|s__Haemophilus parahaemolyticus|ref_mOTU_v31_01836	0
k__Bacteria|p__Proteobacteria|c__Gammaproteobacteria|o__Pasteurellales|f__Pasteurellaceae|g__Haemophilus|s__Haemophilus paraphrohaemolyticus|ref_mOTU_v31_01835	0
k__Bacteria|p__Proteobacteria|c__Gammaproteobacteria|o__Pasteurellales|f__Pasteurellaceae|g__Haemophilus|s__Haemophilus pittmaniae|ref_mOTU_v31_01069	0
k__Bacteria|p__Proteobacteria|c__Gammaproteobacteria|o__Pasteurellales|f__Pasteurellaceae|g__Haemophilus|s__Haemophilus sp. [Haemophilus quentini/Haemophilus sp. CCUG 66565/Haemophilus haemolyticus/Haemophilus influenzae/Haemophilus sp. oral taxon 851]|ref_mOTU_v31_00939	0
k__Bacteria|p__Proteobacteria|c__Gammaproteobacteria|o__Pasteurellales|f__Pasteurellaceae|g__Haemophilus|s__Haemophilus sp. C1|ref_mOTU_v31_00940	0
k__Bacteria|p__Proteobacteria|c__Gammaproteobacteria|o__Pasteurellales|f__Pasteurellaceae|g__Haemophilus|s__Haemophilus species incertae sedis|ext_mOTU_v31_26865	0
k__Bacteria|p__Proteobacteria|c__Gammaproteobacteria|o__Pasteurellales|f__Pasteurellaceae|g__Haemophilus|s__Haemophilus species incertae sedis|ext_mOTU_v31_27080	0
k__Bacteria|p__Proteobacteria|c__Gammaproteobacteria|o__Pasteurellales|f__Pasteurellaceae|g__Haemophilus|s__Haemophilus species incertae sedis|ext_mOTU_v31_29404	0
k__Bacteria|p__Proteobacteria|c__Gammaproteobacteria|o__Pasteurellales|f__Pasteurellaceae|g__Haemophilus|s__Haemophilus sputorum|ref_mOTU_v31_01100	0
k__Bacteria|p__Proteobacteria|c__Gammaproteobacteria|o__Pasteurellales|f__Pasteurellaceae|g__Pasteurellaceae gen. incertae sedis|s__Pasteurellaceae species incertae sedis|ext_mOTU_v31_29421	0
k__Bacteria|p__Proteobacteria|c__Gammaproteobacteria|o__Pasteurellales|f__Pasteurellaceae|g__Pasteurellaceae gen. incertae sedis|s__Pasteurellaceae species incertae sedis|meta_mOTU_v31_12764	0
k__Bacteria|p__Proteobacteria|c__Gammaproteobacteria|o__Pasteurellales|f__Pasteurellaceae|g__Pasteurellaceae gen. incertae sedis|s__Pasteurellaceae species incertae sedis|meta_mOTU_v31_12801	0
k__Bacteria|p__Proteobacteria|c__Gammaproteobacteria|o__Pseudomonadales|f__Moraxellaceae|g__Acinetobacter|s__Acinetobacter sp. [Acinetobacter sp. CAG:196/Acinetobacter sp. CAG:196_36_41/Candidatus Gastranaerophilales bacterium HUM_22/Candidatus Gastranaerophilales bacterium HUM_11/Candidatus Gastranaerophilales bacterium HUM_3/Candidatus Gastranaerophilales bacterium HUM_4/Candidatus Gastranaerophilales bacterium HUM_17/Candidatus Gastranaerophilales bacterium HUM_13/Candidatus Gastranaerophilales bacterium HUM_23/Candidatus Gastranaerophilales bacterium HUM_16/Candidatus Gastranaerophilales bacterium HUM_15/Candidatus Gastranaerophilales bacterium HUM_10/Candidatus Gastranaerophilales bacterium HUM_18/Candidatus Gastranaerophilales bacterium HUM_5]|ref_mOTU_v31_02372	0
k__Bacteria|p__Proteobacteria|c__Gammaproteobacteria|o__Pseudomonadales|f__Moraxellaceae|g__Acinetobacter|s__Acinetobacter sp. [Proteobacteria bacterium CAG:139/Acinetobacter sp. N54.MGS-139]|ref_mOTU_v31_03673	0
k__Bacteria|p__Proteobacteria|c__Gammaproteobacteria|o__Pseudomonadales|f__Moraxellaceae|g__Acinetobacter|s__Acinetobacter species incertae sedis|meta_mOTU_v31_12662	0
k__Bacteria|p__Proteobacteria|c__Gammaproteobacteria|o__Pseudomonadales|f__Pseudomonadaceae|g__Pseudomonas|s__Pseudomonas aeruginosa|ref_mOTU_v31_00201	0
k__Bacteria|p__Proteobacteria|c__Proteobacteria class incertae sedis|o__Proteobacteria order incertae sedis|f__Proteobacteria fam. incertae sedis|g__Proteobacteria gen. incertae sedis|s__Proteobacteria bacterium CAG:495|ref_mOTU_v31_07717	0
k__Bacteria|p__Spirochaetes|c__Spirochaetia|o__Spirochaetales|f__Spirochaetaceae|g__Treponema|s__Treponema denticola|ref_mOTU_v31_06072	0
k__Bacteria|p__Spirochaetes|c__Spirochaetia|o__Spirochaetales|f__Spirochaetaceae|g__Treponema|s__Treponema lecithinolyticum|ref_mOTU_v31_07940	0
k__Bacteria|p__Spirochaetes|c__Spirochaetia|o__Spirochaetales|f__Spirochaetaceae|g__Treponema|s__Treponema maltophilum|ref_mOTU_v31_07139	0
k__Bacteria|p__Spirochaetes|c__Spirochaetia|o__Spirochaetales|f__Spirochaetaceae|g__Treponema|s__Treponema medium|ref_mOTU_v31_02517	0
k__Bacteria|p__Spirochaetes|c__Spirochaetia|o__Spirochaetales|f__Spirochaetaceae|g__Treponema|s__Treponema socranskii|ref_mOTU_v31_02519	0
k__Bacteria|p__Spirochaetes|c__Spirochaetia|o__Spirochaetales|f__Spirochaetaceae|g__Treponema|s__Treponema socranskii|ref_mOTU_v31_02520	0
k__Bacteria|p__Spirochaetes|c__Spirochaetia|o__Spirochaetales|f__Spirochaetaceae|g__Treponema|s__Treponema sp. OMZ 838|ref_mOTU_v31_02518	0
k__Bacteria|p__Spirochaetes|c__Spirochaetia|o__Spirochaetales|f__Spirochaetaceae|g__Treponema|s__Treponema species incertae sedis|ext_mOTU_v31_19623	0
k__Bacteria|p__Spirochaetes|c__Spirochaetia|o__Spirochaetales|f__Spirochaetaceae|g__Treponema|s__Treponema species incertae sedis|ext_mOTU_v31_19631	0
k__Bacteria|p__Spirochaetes|c__Spirochaetia|o__Spirochaetales|f__Spirochaetaceae|g__Treponema|s__Treponema species incertae sedis|ext_mOTU_v31_19636	0
k__Bacteria|p__Spirochaetes|c__Spirochaetia|o__Spirochaetales|f__Spirochaetaceae|g__Treponema|s__Treponema species incertae sedis|ext_mOTU_v31_29383	0
k__Bacteria|p__Spirochaetes|c__Spirochaetia|o__Spirochaetales|f__Spirochaetaceae|g__Treponema|s__Treponema species incertae sedis|ext_mOTU_v31_29390	0
k__Bacteria|p__Spirochaetes|c__Spirochaetia|o__Spirochaetales|f__Spirochaetaceae|g__Treponema|s__Treponema species incertae sedis|ext_mOTU_v31_29392	0
k__Bacteria|p__Spirochaetes|c__Spirochaetia|o__Spirochaetales|f__Spirochaetaceae|g__Treponema|s__Treponema species incertae sedis|ext_mOTU_v31_29394	0
k__Bacteria|p__Spirochaetes|c__Spirochaetia|o__Spirochaetales|f__Spirochaetaceae|g__Treponema|s__Treponema species incertae sedis|meta_mOTU_v31_12860	0
k__Bacteria|p__Spirochaetes|c__Spirochaetia|o__Spirochaetales|f__Spirochaetaceae|g__Treponema|s__Treponema species incertae sedis|meta_mOTU_v31_13183	0
k__Bacteria|p__Spirochaetes|c__Spirochaetia|o__Spirochaetales|f__Spirochaetaceae|g__Treponema|s__Treponema species incertae sedis|meta_mOTU_v31_13384	0
k__Bacteria|p__Spirochaetes|c__Spirochaetia|o__Spirochaetales|f__Spirochaetaceae|g__Treponema|s__Treponema vincentii|ref_mOTU_v31_02521	0
k__Bacteria|p__Synergistetes|c__Synergistia|o__Synergistales|f__Synergistaceae|g__Cloacibacillus|s__Cloacibacillus porcorum|ref_mOTU_v31_07330	0
k__Bacteria|p__Synergistetes|c__Synergistia|o__Synergistales|f__Synergistaceae|g__Pyramidobacter|s__Pyramidobacter piscolens|ref_mOTU_v31_06035	0
k__Bacteria|p__Synergistetes|c__Synergistia|o__Synergistales|f__Synergistaceae|g__Synergistaceae gen. incertae sedis|s__Synergistaceae species incertae sedis|ext_mOTU_v31_19728	0
k__Bacteria|p__Synergistetes|c__Synergistia|o__Synergistales|f__Synergistaceae|g__Synergistaceae gen. incertae sedis|s__Synergistaceae species incertae sedis|ext_mOTU_v31_26817	0
k__Bacteria|p__Synergistetes|c__Synergistia|o__Synergistales|f__Synergistaceae|g__Synergistaceae gen. incertae sedis|s__Synergistaceae species incertae sedis|meta_mOTU_v31_13561	0
k__Bacteria|p__Synergistetes|c__Synergistia|o__Synergistales|f__Synergistaceae|g__Synergistes|s__Synergistes sp. 3_1_syn1|ref_mOTU_v31_11256	0
k__Bacteria|p__Tenericutes|c__Mollicutes|o__Mycoplasmatales|f__Mycoplasmataceae|g__Mycoplasma|s__Mycoplasma sp. CAG:472|ref_mOTU_v31_07685	0
k__Bacteria|p__Tenericutes|c__Mollicutes|o__Mycoplasmatales|f__Mycoplasmataceae|g__Mycoplasma|s__Mycoplasma sp. CAG:611|meta_mOTU_v31_12292	0
k__Bacteria|p__Verrucomicrobia|c__Opitutae|o__Puniceicoccales|f__Puniceicoccaceae|g__Coraliomargarita|s__Coraliomargarita sp. CAG:312|ref_mOTU_v31_07662	0
k__Bacteria|p__Verrucomicrobia|c__Verrucomicrobia class incertae sedis|o__Verrucomicrobia order incertae sedis|f__Verrucomicrobia fam. incertae sedis|g__Verrucomicrobia gen. incertae sedis|s__Verrucomicrobia bacterium CAG:312_58_20|meta_mOTU_v31_12743	0
k__Bacteria|p__Verrucomicrobia|c__Verrucomicrobia class incertae sedis|o__Verrucomicrobia order incertae sedis|f__Verrucomicrobia fam. incertae sedis|g__Verrucomicrobia gen. incertae sedis|s__Verrucomicrobia species incertae sedis|ext_mOTU_v31_17500	0
k__Bacteria|p__Verrucomicrobia|c__Verrucomicrobia class incertae sedis|o__Verrucomicrobia order incertae sedis|f__Verrucomicrobia fam. incertae sedis|g__Verrucomicrobia gen. incertae sedis|s__Verrucomicrobia species incertae sedis|ext_mOTU_v31_17502	0
k__Bacteria|p__Verrucomicrobia|c__Verrucomicrobia class incertae sedis|o__Verrucomicrobia order incertae sedis|f__Verrucomicrobia fam. incertae sedis|g__Verrucomicrobia gen. incertae sedis|s__Verrucomicrobia species incertae sedis|meta_mOTU_v31_13825	0
k__Bacteria|p__Verrucomicrobia|c__Verrucomicrobiae|o__Verrucomicrobiales|f__Akkermansiaceae|g__Akkermansia|s__Akkermansia sp. [Akkermansia sp. KLE1605/Akkermansia sp. KLE1797/Akkermansia sp. KLE1798]|ref_mOTU_v31_02555	0
k__Bacteria|p__Verrucomicrobia|c__Verrucomicrobiae|o__Verrucomicrobiales|f__Akkermansiaceae|g__Akkermansia|s__Akkermansia sp. CAG:344|ref_mOTU_v31_03592	0
k__Bacteria|p__Verrucomicrobia|c__Verrucomicrobiae|o__Verrucomicrobiales|f__Akkermansiaceae|g__Akkermansia|s__Akkermansia species incertae sedis|ext_mOTU_v31_26826	0
k__Bacteria|p__Verrucomicrobia|c__Verrucomicrobiae|o__Verrucomicrobiales|f__Akkermansiaceae|g__Akkermansia|s__Akkermansia species incertae sedis|ext_mOTU_v31_26827	0
k__Bacteria|p__Verrucomicrobia|c__Verrucomicrobiae|o__Verrucomicrobiales|f__Akkermansiaceae|g__Akkermansia|s__Akkermansia species incertae sedis|ext_mOTU_v31_26906	0
k__Bacteria|p__Verrucomicrobia|c__Verrucomicrobiae|o__Verrucomicrobiales|f__Akkermansiaceae|g__Akkermansia|s__Akkermansia species incertae sedis|ext_mOTU_v31_27250	0
k__Bacteria|p__Verrucomicrobia|c__Verrucomicrobiae|o__Verrucomicrobiales|f__Akkermansiaceae|g__Akkermansia|s__Akkermansia species incertae sedis|meta_mOTU_v31_12805	0
k__Bacteria|p__Actinobacteria|c__Actinobacteria|o__Corynebacteriales|f__Corynebacteriaceae|g__Corynebacterium|s__Corynebacterium durum|ref_mOTU_v31_06543	-3.198150782391494e-4
k__Bacteria|p__Firmicutes|c__Clostridia|o__Clostridiales|f__Oscillospiraceae|g__Oscillibacter|s__Oscillibacter species incertae sedis|ext_mOTU_v31_17871	-3.491064592551147e-4
k__Bacteria|p__Firmicutes|c__Bacilli|o__Lactobacillales|f__Streptococcaceae|g__Streptococcus|s__Streptococcus anginosus|ref_mOTU_v31_00566	-4.555480310855821e-4
k__Bacteria|p__Firmicutes|c__Bacilli|o__Lactobacillales|f__Streptococcaceae|g__Streptococcus|s__Streptococcus species incertae sedis|ext_mOTU_v31_18024	-5.084992550620318e-4
k__Bacteria|p__Firmicutes|c__Clostridia|o__Clostridiales|f__Clostridiales fam. incertae sedis|g__Clostridiales gen. incertae sedis|s__Clostridiales species incertae sedis|meta_mOTU_v31_12786	-7.267924667985157e-4
k__Bacteria|p__Firmicutes|c__Firmicutes class incertae sedis|o__Firmicutes order incertae sedis|f__Firmicutes fam. incertae sedis|g__Firmicutes gen. incertae sedis|s__Firmicutes bacterium CAG:227|ref_mOTU_v31_07734	-7.819118853087785e-4
k__Bacteria|p__Firmicutes|c__Bacilli|o__Lactobacillales|f__Streptococcaceae|g__Streptococcus|s__Streptococcus species incertae sedis|ext_mOTU_v31_18023	-8.939237671623311e-4
k__Bacteria|p__Firmicutes|c__Clostridia|o__Clostridiales|f__Clostridiaceae|g__Clostridium|s__Clostridium species incertae sedis|meta_mOTU_v31_12399	-9.558783645001694e-4
k__Bacteria|p__Firmicutes|c__Clostridia|o__Clostridiales|f__Lachnospiraceae|g__Lachnospiraceae gen. incertae sedis|s__Lachnospiraceae species incertae sedis|ext_mOTU_v31_16187	-0.0010474653101873496
k__Bacteria|p__Proteobacteria|c__Betaproteobacteria|o__Burkholderiales|f__Burkholderiaceae|g__Lautropia|s__Lautropia mirabilis|ref_mOTU_v31_00379	-0.0011016055584593173
k__Bacteria|p__Firmicutes|c__Clostridia|o__Clostridiales|f__Ruminococcaceae|g__Provencibacterium|s__Provencibacterium massiliense|ref_mOTU_v31_10126	-0.0016097055404065215
k__Bacteria|p__Proteobacteria|c__Epsilonproteobacteria|o__Campylobacterales|f__Campylobacteraceae|g__Campylobacter|s__Campylobacter concisus [Campylobacter concisus/Campylobacter sp. 10_1_50]|ref_mOTU_v31_03518	-0.0017915046604419851
k__Bacteria|p__Firmicutes|c__Clostridia|o__Clostridiales|f__Clostridiales fam. [Lachnospiraceae/Ruminococcaceae]|g__Clostridiales gen. [Sellimonas/Drancourtella]|s__Clostridiales sp. [Clostridiales bacterium VE202-14/Drancourtella massiliensis/Sellimonas intestinalis/Ruminococcus sp. DSM 100440]|ref_mOTU_v31_03444	-0.001800540219591756
k__Bacteria|p__Firmicutes|c__Erysipelotrichia|o__Erysipelotrichales|f__Erysipelotrichaceae|g__Massiliomicrobiota|s__Massiliomicrobiota species incertae sedis|meta_mOTU_v31_13965	-0.0018610381205248878
k__Bacteria|p__Firmicutes|c__Clostridia|o__Clostridiales|f__Ruminococcaceae|g__Phocea|s__Phocea massiliensis [Clostridia bacterium UC5.1-2F7/Phocea massiliensis]|ref_mOTU_v31_05236	-0.002095927302872965
k__Bacteria|p__Proteobacteria|c__Gammaproteobacteria|o__Pasteurellales|f__Pasteurellaceae|g__Pasteurellaceae gen. incertae sedis|s__Pasteurellaceae species incertae sedis|meta_mOTU_v31_13218	-0.0023472260744087014
k__Bacteria|p__Firmicutes|c__Clostridia|o__Clostridiales|f__Clostridiales fam. incertae sedis|g__Clostridiales gen. incertae sedis|s__Clostridiales species incertae sedis|meta_mOTU_v31_12768	-0.0024895789859530463
k__Bacteria|p__Firmicutes|c__Clostridia|o__Clostridiales|f__Oscillospiraceae|g__Oscillibacter|s__Oscillibacter sp. [Oscillibacter sp. ER4/Firmicutes bacterium CAG:129_59_24]|ref_mOTU_v31_04664	-0.0025726020788587513
k__Bacteria|p__Firmicutes|c__Clostridia|o__Clostridiales|f__Clostridiales fam. incertae sedis|g__Clostridiales gen. incertae sedis|s__Clostridiales species incertae sedis|meta_mOTU_v31_12307	-0.0027097689165928186
k__Bacteria|p__Firmicutes|c__Clostridia|o__Clostridiales|f__Eubacteriaceae|g__Eubacterium|s__Eubacterium species incertae sedis|ext_mOTU_v31_16301	-0.0032897277926732726
k__Bacteria|p__Firmicutes|c__Bacilli|o__Lactobacillales|f__Enterococcaceae|g__Enterococcus|s__Enterococcus faecium|ref_mOTU_v31_00321	-0.003311450415097434
k__Bacteria|p__Firmicutes|c__Clostridia|o__Clostridiales|f__Lachnospiraceae|g__Lachnospiraceae gen. incertae sedis|s__Lachnospiraceae species incertae sedis|ext_mOTU_v31_16238	-0.0036429979793225894
k__Bacteria|p__Firmicutes|c__Clostridia|o__Clostridiales|f__Ruminococcaceae|g__Faecalibacterium|s__Faecalibacterium species incertae sedis|meta_mOTU_v31_12403	-0.003909731003856786
k__Bacteria|p__Firmicutes|c__Bacilli|o__Lactobacillales|f__Enterococcaceae|g__Enterococcus|s__Enterococcus faecalis|ref_mOTU_v31_00318	-0.0040459132525614075
k__Bacteria|p__Firmicutes|c__Clostridia|o__Clostridiales|f__Ruminococcaceae|g__Anaerotruncus|s__Anaerotruncus species incertae sedis|meta_mOTU_v31_14235	-0.0041905634226982414
k__Bacteria|p__Firmicutes|c__Clostridia|o__Clostridiales|f__Ruminococcaceae|g__Ruminococcaceae gen. incertae sedis|s__[Clostridium] methylpentosum|ref_mOTU_v31_11433	-0.004264531043492715
k__Bacteria|p__Firmicutes|c__Clostridia|o__Clostridiales|f__Lachnospiraceae|g__Anaerotignum|s__Anaerotignum lactatifermentans [Clostridium sp. CAG:505/Firmicutes bacterium CAG:466/Anaerotignum lactatifermentans/Clostridia bacterium UC5.1-1D10]|ref_mOTU_v31_02190	-0.004440460191693798
k__Bacteria|p__Bacteroidetes|c__Bacteroidia|o__Bacteroidales|f__Rikenellaceae|g__Alistipes|s__Alistipes finegoldii [Alistipes finegoldii CAG:68/Alistipes finegoldii/Alistipes sp. HGB5]|ref_mOTU_v31_03682	-0.0047872253887428756
k__Bacteria|p__Firmicutes|c__Erysipelotrichia|o__Erysipelotrichales|f__Erysipelotrichaceae|g__Coprobacillus|s__Coprobacillus cateniformis [Coprobacillus cateniformis/Clostridia bacterium UC5.1-1E3]|ref_mOTU_v31_03929	-0.004945475579089663
k__Archaea|p__Euryarchaeota|c__Methanobacteria|o__Methanobacteriales|f__Methanobacteriaceae|g__Methanobrevibacter|s__Methanobrevibacter smithii [Methanobrevibacter smithii CAG:186/Methanobrevibacter sp. A54/Methanobrevibacter smithii]|ref_mOTU_v31_03695	-0.005458485073979459
k__Bacteria|p__Actinobacteria|c__Coriobacteriia|o__Coriobacteriales|f__Coriobacteriaceae|g__Collinsella|s__Collinsella species incertae sedis|ext_mOTU_v31_17410	-0.005622879512159761
k__Bacteria|p__Bacteroidetes|c__Bacteroidia|o__Bacteroidales|f__Bacteroidales fam. incertae sedis|g__Bacteroidales gen. incertae sedis|s__Bacteroidales species incertae sedis|meta_mOTU_v31_13286	-0.006335698197416116
k__Bacteria|p__Firmicutes|c__Bacilli|o__Lactobacillales|f__Streptococcaceae|g__Streptococcus|s__Streptococcus constellatus|ref_mOTU_v31_00572	-0.006554468808826117
k__Bacteria|p__Firmicutes|c__Bacilli|o__Lactobacillales|f__Streptococcaceae|g__Streptococcus|s__Streptococcus species incertae sedis|ext_mOTU_v31_18022	-0.006610885398731306
k__Bacteria|p__Firmicutes|c__Clostridia|o__Clostridiales|f__Ruminococcaceae|g__Ruminococcus|s__Ruminococcus lactaris|ref_mOTU_v31_01595	-0.006691771712948628
k__Bacteria|p__Firmicutes|c__Clostridia|o__Clostridiales|f__Clostridiaceae|g__Clostridium|s__Clostridium species incertae sedis|ext_mOTU_v31_17403	-0.007039864126237102
k__Bacteria|p__Firmicutes|c__Clostridia|o__Clostridiales|f__Lachnospiraceae|g__Blautia|s__[Ruminococcus] torques|ref_mOTU_v31_03659	-0.007545833578874178
k__Bacteria|p__Firmicutes|c__Clostridia|o__Clostridiales|f__Ruminococcaceae|g__Ruminococcaceae gen. incertae sedis|s__Ruminococcaceae species incertae sedis|ext_mOTU_v31_16359	-0.0075867878417851834
k__Bacteria|p__Firmicutes|c__Firmicutes class [Negativicutes/Bacilli]|o__Firmicutes order [Acidaminococcales/Lactobacillales]|f__Firmicutes fam. [Carnobacteriaceae/Acidaminococcaceae]|g__Firmicutes gen. [Carnobacterium/Phascolarctobacterium]|s__Firmicutes sp. [Phascolarctobacterium sp. CAG:207/Carnobacterium sp. N15.MGS-207]|ref_mOTU_v31_03641	-0.00763771228658209
k__Bacteria|p__Bacteroidetes|c__Bacteroidia|o__Bacteroidales|f__Tannerellaceae|g__Parabacteroides|s__Parabacteroides distasonis [Parabacteroides sp. CAG:2/Bacteroidales bacterium 43_36/Parabacteroides sp. 2_1_7/Bacteroides sp. 2_1_33B/Parabacteroides sp. 20_3/Bacteroides sp. 3_1_19/Parabacteroides sp. D13/Parabacteroides sp. D25/Parabacteroides sp. D26/Porphyromonas sp. 31_2/Parabacteroides distasonis]|ref_mOTU_v31_03640	-0.007794965754717169
k__Bacteria|p__Firmicutes|c__Clostridia|o__Clostridiales|f__Clostridiales fam. incertae sedis|g__Clostridiales gen. incertae sedis|s__Clostridiales species incertae sedis|ext_mOTU_v31_16277	-0.008166470779673378
k__Bacteria|p__Actinobacteria|c__Coriobacteriia|o__Coriobacteriales|f__Coriobacteriaceae|g__Collinsella|s__Collinsella aerofaciens [Collinsella sp. CAG:166/Collinsella sp. 4_8_47FAA/Collinsella aerofaciens]|ref_mOTU_v31_03626	-0.008655538071446745
k__Bacteria|p__Firmicutes|c__Clostridia|o__Clostridiales|f__Clostridiales fam. incertae sedis|g__Clostridiales gen. incertae sedis|s__Clostridiales species incertae sedis|meta_mOTU_v31_12434	-0.00866515904817763
k__Bacteria|p__Firmicutes|c__Bacilli|o__Lactobacillales|f__Streptococcaceae|g__Streptococcus|s__Streptococcus species incertae sedis|ext_mOTU_v31_17439	-0.009494195023016301
k__Bacteria|p__Firmicutes|c__Clostridia|o__Clostridiales|f__Clostridiaceae|g__Butyricicoccus|s__Butyricicoccus species incertae sedis|meta_mOTU_v31_12617	-0.009607019957679349
k__Bacteria|p__Firmicutes|c__Clostridia|o__Clostridiales|f__Lachnospiraceae|g__Dorea|s__Dorea sp. CAG:317|ref_mOTU_v31_07668	-0.010145540730525999
k__Bacteria|p__Firmicutes|c__Clostridia|o__Clostridiales|f__Clostridiaceae|g__Massilioclostridium|s__Massilioclostridium coli|ref_mOTU_v31_10237	-0.010221771558950592
k__Bacteria|p__Firmicutes|c__Clostridia|o__Clostridiales|f__Ruminococcaceae|g__Ruminococcaceae gen. incertae sedis|s__Ruminococcaceae bacterium D16|ref_mOTU_v31_11463	-0.011162830632163922
k__Bacteria|p__Firmicutes|c__Clostridia|o__Clostridiales|f__Peptostreptococcaceae|g__Peptostreptococcus|s__Peptostreptococcus stomatis|ref_mOTU_v31_03281	-0.011321208165723585
k__Bacteria|p__Firmicutes|c__Clostridia|o__Clostridiales|f__Clostridiales fam. incertae sedis|g__Clostridiales gen. incertae sedis|s__Clostridiales species incertae sedis|ext_mOTU_v31_18378	-0.011630821592420196
k__Bacteria|p__Actinobacteria|c__Actinobacteria|o__Actinomycetales|f__Actinomycetaceae|g__Actinomyces|s__Actinomyces sp. ICM47|ref_mOTU_v31_01914	-0.011706640664073923
k__Bacteria|p__Firmicutes|c__Clostridia|o__Clostridiales|f__Clostridiales fam. [Eubacteriaceae/Clostridiaceae]|g__Clostridiales gen. [Clostridium/Eubacterium]|s__Clostridiales sp. [[Butyribacterium] methylotrophicum/Eubacterium limosum/Eubacterium callanderi]|ref_mOTU_v31_04568	-0.013125279063119732
k__Bacteria|p__Firmicutes|c__Firmicutes class [Clostridia/Bacilli]|o__Firmicutes order [Clostridiales/Lactobacillales]|f__Firmicutes fam. [Lachnospiraceae/Lactobacillaceae]|g__Firmicutes gen. [Lactobacillus/Lachnospira]|s__Firmicutes sp. [Eubacterium sp. CAG:76/Eubacterium sp. CAG76_36_125/Lachnospira pectinoschiza/Lactobacillus rogosae]|ref_mOTU_v31_02374	-0.013351997997218926
k__Bacteria|p__Actinobacteria|c__Actinobacteria|o__Actinomycetales|f__Actinomycetaceae|g__Actinomyces|s__Actinomyces species incertae sedis|ext_mOTU_v31_18027	-0.014112408493075263
k__Bacteria|p__Proteobacteria|c__Betaproteobacteria|o__Neisseriales|f__Neisseriaceae|g__Neisseria|s__Neisseria flavescens [Neisseria sp. HMSC064D07/Neisseria flavescens]|ref_mOTU_v31_04797	-0.015071256747241187
k__Bacteria|p__Firmicutes|c__Clostridia|o__Clostridiales|f__Clostridiaceae|g__Clostridium|s__Clostridium species incertae sedis|ext_mOTU_v31_17486	-0.015835109336196376
k__Bacteria|p__Firmicutes|c__Clostridia|o__Clostridiales|f__Clostridiales fam. incertae sedis|g__Clostridiales gen. incertae sedis|s__Clostridiales species incertae sedis|meta_mOTU_v31_12707	-0.016005185424236432
k__Bacteria|p__Firmicutes|c__Clostridia|o__Clostridiales|f__Lachnospiraceae|g__Blautia|s__Blautia obeum [uncultured Ruminococcus sp./Blautia sp. Marseille-P3087/Blautia obeum]|ref_mOTU_v31_05140	-0.017271184152088902
k__Bacteria|p__Firmicutes|c__Clostridia|o__Clostridiales|f__Clostridiales fam. incertae sedis|g__Clostridiales gen. incertae sedis|s__Clostridiales species incertae sedis|ext_mOTU_v31_18050	-0.018133996497586506
k__Bacteria|p__Firmicutes|c__Erysipelotrichia|o__Erysipelotrichales|f__Erysipelotrichaceae|g__Erysipelotrichaceae gen. incertae sedis|s__Erysipelotrichaceae bacterium 3_1_53|ref_mOTU_v31_02744	-0.01832589054068296
k__Bacteria|p__Firmicutes|c__Clostridia|o__Clostridiales|f__Lachnospiraceae|g__Lachnoclostridium|s__[Clostridium] asparagiforme/lavalense|ref_mOTU_v31_06317	-0.01864920595059987
k__Bacteria|p__Firmicutes|c__Clostridia|o__Clostridiales|f__Ruminococcaceae|g__Faecalibacterium|s__Faecalibacterium sp. [Faecalibacterium sp. CAG:74/Faecalibacterium sp. CAG:74_58_120]|ref_mOTU_v31_03636	-0.020382052630211787
k__Bacteria|p__Firmicutes|c__Clostridia|o__Clostridiales|f__Ruminococcaceae|g__Ruminococcaceae gen. incertae sedis|s__Ruminococcaceae species incertae sedis|meta_mOTU_v31_12239	-0.022181189368748338
k__Bacteria|p__Firmicutes|c__Clostridia|o__Clostridiales|f__Lachnospiraceae|g__Blautia|s__[Ruminococcus] gnavus [[Ruminococcus] gnavus CAG:126/Clostridia bacterium UC5.1-2D9/[Ruminococcus] gnavus/Lachnospiraceae bacterium 2_1_58FAA]|ref_mOTU_v31_01594	-0.02295893085261527
k__Bacteria|p__Verrucomicrobia|c__Verrucomicrobiae|o__Verrucomicrobiales|f__Akkermansiaceae|g__Akkermansia|s__Akkermansia muciniphila [Akkermansia muciniphila CAG:154/Akkermansia sp. UNK.MGS-1/Akkermansia sp. 54_46/Akkermansia sp. Phil8/Akkermansia muciniphila]|ref_mOTU_v31_03591	-0.02362540980987806
k__Bacteria|p__Actinobacteria|c__Actinobacteria|o__Bifidobacteriales|f__Bifidobacteriaceae|g__Bifidobacterium|s__Bifidobacterium dentium [Bifidobacterium sp. MSTE12/Bifidobacterium dentium]|ref_mOTU_v31_02698	-0.02431911291984818
k__Bacteria|p__Firmicutes|c__Clostridia|o__Clostridiales|f__Lachnospiraceae|g__Lachnospiraceae gen. incertae sedis|s__Lachnospiraceae species incertae sedis|ext_mOTU_v31_17843	-0.025146402821670823
k__Bacteria|p__Firmicutes|c__Clostridia|o__Clostridiales|f__Eubacteriaceae|g__Eubacterium|s__Eubacterium species incertae sedis|ext_mOTU_v31_16302	-0.027285154190654675
k__Bacteria|p__Firmicutes|c__Clostridia|o__Clostridiales|f__Clostridiaceae|g__Clostridium|s__Clostridium sp. [Clostridium sp. KLE 1755/Clostridiales bacterium VE202-27]|ref_mOTU_v31_03343	-0.027945025803416623
k__Bacteria|p__Firmicutes|c__Clostridia|o__Clostridiales|f__Clostridiaceae|g__Hungatella|s__Hungatella hathewayi [Hungatella hathewayi/Clostridia bacterium UC5.1-1F8]|ref_mOTU_v31_03436	-0.03013084247792769
k__Bacteria|p__Firmicutes|c__Bacilli|o__Bacillales|f__Bacillales fam. incertae sedis|g__Gemella|s__Gemella sanguinis|ref_mOTU_v31_04303	-0.031642561118845
k__Bacteria|p__Bacteroidetes|c__Bacteroidia|o__Bacteroidales|f__Prevotellaceae|g__Prevotella|s__Prevotella pallens|ref_mOTU_v31_12220	-0.03218144558015092
k__Bacteria|p__Firmicutes|c__Clostridia|o__Clostridiales|f__Ruminococcaceae|g__Faecalibacterium|s__Faecalibacterium species incertae sedis|ext_mOTU_v31_27014	-0.033781229361608996
k__Bacteria|p__Firmicutes|c__Clostridia|o__Clostridiales|f__Clostridiales fam. incertae sedis|g__Clostridiales gen. incertae sedis|s__Clostridiales species incertae sedis|meta_mOTU_v31_12323	-0.03443803527980738
k__Bacteria|p__Firmicutes|c__Clostridia|o__Clostridiales|f__Clostridiales fam. incertae sedis|g__Clostridiales gen. incertae sedis|s__Clostridiales species incertae sedis|meta_mOTU_v31_13819	-0.034764085993009924
k__Bacteria|p__Bacteroidetes|c__Bacteroidia|o__Bacteroidales|f__Porphyromonadaceae|g__Porphyromonas|s__Porphyromonas species incertae sedis|meta_mOTU_v31_13569	-0.0359651394445937
k__Bacteria|p__Firmicutes|c__Clostridia|o__Clostridiales|f__Ruminococcaceae|g__Faecalibacterium|s__Faecalibacterium species incertae sedis|meta_mOTU_v31_12325	-0.03705372619719584
k__Bacteria|p__Firmicutes|c__Clostridia|o__Clostridiales|f__Clostridiaceae|g__Clostridium|s__Clostridium sp. [Firmicutes bacterium CAG:212/uncultured Clostridium sp.]|ref_mOTU_v31_03675	-0.03759533915403973
k__Bacteria|p__Firmicutes|c__Clostridia|o__Clostridiales|f__Clostridiales fam. incertae sedis|g__Clostridiales gen. incertae sedis|s__Clostridiales species incertae sedis|meta_mOTU_v31_13432	-0.0377663410404327
k__Bacteria|p__Firmicutes|c__Erysipelotrichia|o__Erysipelotrichales|f__Erysipelotrichaceae|g__Dielma|s__Dielma fastidiosa [Dielma fastidiosa/Clostridiales bacterium VE202-08/Clostridia bacterium UC5.1-1C12]|ref_mOTU_v31_01061	-0.03794885157447677
k__Bacteria|p__Firmicutes|c__Erysipelotrichia|o__Erysipelotrichales|f__Erysipelotrichaceae|g__Holdemania|s__Holdemania sp. Marseille-P2844|ref_mOTU_v31_05920	-0.03909652986198901
k__Bacteria|p__Firmicutes|c__Clostridia|o__Clostridiales|f__Lachnospiraceae|g__Eisenbergiella|s__Eisenbergiella tayi [Clostridiales bacterium VE202-29/Eisenbergiella tayi/Lachnospiraceae bacterium NLAE-zl-G231/Lachnospiraceae bacterium 3_1_57FAA_CT1]|ref_mOTU_v31_03446	-0.039409611252078765
k__Bacteria|p__Firmicutes|c__Clostridia|o__Clostridiales|f__Clostridiaceae|g__Clostridium|s__Clostridium sp. [Clostridium sp. CAG:75/Clostridium sp. 42_12]|ref_mOTU_v31_03621	-0.04438118100774114
k__Bacteria|p__Firmicutes|c__Clostridia|o__Clostridiales|f__Clostridiales fam. incertae sedis|g__Clostridiales gen. incertae sedis|s__Clostridiales species incertae sedis|meta_mOTU_v31_13863	-0.04449336863743606
k__Bacteria|p__Firmicutes|c__Clostridia|o__Clostridiales|f__Ruminococcaceae|g__Flavonifractor|s__Flavonifractor plautii|ref_mOTU_v31_02971	-0.045685273926039424
k__Bacteria|p__Bacteria phylum incertae sedis|c__Bacteria class incertae sedis|o__Bacteria order incertae sedis|f__Bacteria fam. incertae sedis|g__Bacteria gen. incertae sedis|s__bacterium LF-3 [Coprobacillus sp. CAG:235/bacterium LF-3/Coprobacillus sp. CAG:235_29_27/uncultured Clostridium sp.]|ref_mOTU_v31_03628	-0.04674497950474358
k__Bacteria|p__Firmicutes|c__Clostridia|o__Clostridiales|f__Ruminococcaceae|g__Ruthenibacterium|s__Ruthenibacterium lactatiformans [Ruthenibacterium lactatiformans/Ruminococcaceae bacterium cv2/Subdoligranulum sp. 4_3_54A2FAA]|ref_mOTU_v31_04716	-0.047048322533580954
k__Bacteria|p__Firmicutes|c__Clostridia|o__Clostridiales|f__Eubacteriaceae|g__Eubacterium|s__[Eubacterium] eligens [Candidatus Gastranaerophilales bacterium HUM_14/[Eubacterium] eligens]|ref_mOTU_v31_02375	-0.04740216622092623
k__Bacteria|p__Firmicutes|c__Clostridia|o__Clostridiales|f__Clostridiales fam. incertae sedis|g__Clostridiales gen. incertae sedis|s__Clostridiales species incertae sedis|meta_mOTU_v31_14346	-0.051410427626488786
k__Bacteria|p__Firmicutes|c__Clostridia|o__Clostridiales|f__Lachnospiraceae|g__Lachnoclostridium|s__[Clostridium] symbiosum [[Clostridium] symbiosum/Clostridia bacterium UC5.1-1A9/uncultured Clostridium sp./Clostridium sp. 7_3_54FAA]|ref_mOTU_v31_04652	-0.05153002732801529
k__Bacteria|p__Firmicutes|c__Clostridia|o__Clostridiales|f__Clostridiales fam. incertae sedis|g__Clostridiales gen. incertae sedis|s__Clostridiales species incertae sedis|meta_mOTU_v31_12614	-0.05205034130811008
k__Bacteria|p__Firmicutes|c__Clostridia|o__Clostridiales|f__Clostridiales fam. incertae sedis|g__Clostridiales gen. incertae sedis|s__Clostridiales bacterium [Clostridiales bacterium VE202-28/Clostridiales bacterium 1_7_47FAA]|ref_mOTU_v31_03447	-0.05237711173403303
k__Bacteria|p__Firmicutes|c__Clostridia|o__Clostridiales|f__Lachnospiraceae|g__Lachnoclostridium|s__[Clostridium] scindens [Clostridiales bacterium VE202-26/[Clostridium] scindens/Lachnospiraceae bacterium 5_1_57FAA]|ref_mOTU_v31_03437	-0.05274656331873859
k__Bacteria|p__Firmicutes|c__Clostridia|o__Clostridiales|f__Clostridiaceae|g__Clostridium|s__Clostridium species incertae sedis|ext_mOTU_v31_17564	-0.05281176592808448
k__Bacteria|p__Firmicutes|c__Bacilli|o__Bacillales|f__Bacillales fam. incertae sedis|g__Gemella|s__Gemella morbillorum|ref_mOTU_v31_11495	-0.05354554419138863
k__Bacteria|p__Firmicutes|c__Clostridia|o__Clostridiales|f__Ruminococcaceae|g__Ruminococcaceae gen. incertae sedis|s__Ruminococcaceae species incertae sedis|meta_mOTU_v31_12898	-0.05404637917600392
k__Bacteria|p__Firmicutes|c__Clostridia|o__Clostridiales|f__Clostridiaceae|g__Clostridium|s__Clostridium perfringens|ref_mOTU_v31_01606	-0.055260143487766325
k__Bacteria|p__Fusobacteria|c__Fusobacteriia|o__Fusobacteriales|f__Fusobacteriaceae|g__Fusobacterium|s__Fusobacterium nucleatum subsp. animalis [Fusobacterium sp. CAG:649/Fusobacterium sp. HMSC065F01/Fusobacterium nucleatum/Fusobacterium sp. CM1]|ref_mOTU_v31_01001	-0.05612716300351603
k__Bacteria|p__Firmicutes|c__Clostridia|o__Clostridiales|f__Eubacteriaceae|g__Eubacterium|s__Eubacterium ramulus [Roseburia sp. CAG:50/Eubacterium ramulus]|ref_mOTU_v31_03570	-0.05845191583078782
k__Bacteria|p__Firmicutes|c__Clostridia|o__Clostridiales|f__Ruminococcaceae|g__Anaeromassilibacillus|s__Anaeromassilibacillus species incertae sedis|meta_mOTU_v31_13295	-0.05956633127644097
k__Bacteria|p__Firmicutes|c__Clostridia|o__Clostridiales|f__Clostridiaceae|g__Butyricicoccus|s__Butyricicoccus sp. [uncultured Butyricicoccus sp./Clostridia bacterium UC5.1-1D1]|ref_mOTU_v31_02967	-0.061231864128232734
k__Bacteria|p__Firmicutes|c__Firmicutes class [Clostridia/Erysipelotrichia]|o__Firmicutes order [Clostridiales/Erysipelotrichales]|f__Firmicutes fam. [Erysipelotrichaceae/Eubacteriaceae/Clostridiaceae]|g__Firmicutes gen. [Clostridium/Eubacterium]|s__Firmicutes sp. [Eubacterium sp. 3_1_31/Erysipelotrichaceae bacterium 5_2_54FAA/uncultured Clostridium sp.]|ref_mOTU_v31_06316	-0.06476005116482296
k__Bacteria|p__Proteobacteria|c__Betaproteobacteria|o__Neisseriales|f__Neisseriaceae|g__Neisseria|s__Neisseria meningitidis [Neisseria sp. HMSC070F02/Neisseria meningitidis]|ref_mOTU_v31_01539	-0.06789706484933479
k__Bacteria|p__Firmicutes|c__Clostridia|o__Clostridiales|f__Clostridiales fam. incertae sedis|g__Clostridiales gen. incertae sedis|s__Clostridiales species incertae sedis|meta_mOTU_v31_12522	-0.0679624482858069
k__Bacteria|p__Firmicutes|c__Clostridia|o__Clostridiales|f__Lachnospiraceae|g__Blautia|s__Blautia massiliensis [Blautia sp. KLE 1732/Blautia sp. SF-50/Blautia massiliensis/Ruminococcus sp. SR1/5/uncultured Blautia sp.]|ref_mOTU_v31_03342	-0.07755996632088452
k__Bacteria|p__Firmicutes|c__Clostridia|o__Clostridiales|f__Oscillospiraceae|g__Oscillibacter|s__Oscillibacter sp. 57_20|meta_mOTU_v31_12282	-0.07883830186188333
k__Bacteria|p__Proteobacteria|c__Betaproteobacteria|o__Neisseriales|f__Neisseriaceae|g__Neisseria|s__Neisseria sp. [Neisseria sp. HMSC066H01/Neisseria sp. HMSC078C12/Neisseria sp. HMSC061B04/Neisseria sp. HMSC070A01/Neisseria lactamica/Neisseria meningitidis/Neisseria mucosa]|ref_mOTU_v31_04794	-0.08000595861716048
k__Bacteria|p__Firmicutes|c__Clostridia|o__Clostridiales|f__Lachnospiraceae|g__Roseburia|s__Roseburia inulinivorans [Roseburia inulinivorans CAG:15/Roseburia inulinivorans]|ref_mOTU_v31_00860	-0.08240120189030566
k__Bacteria|p__Proteobacteria|c__Betaproteobacteria|o__Neisseriales|f__Neisseriaceae|g__Neisseria|s__Neisseria sp. [Neisseria sp. HMSC15G01/Neisseria sp. HMSC064F03/Neisseria sp. HMSC078H04/Neisseria sp. HMSC056A04/Neisseria sp. HMSC070H10/Neisseria sp. HMSC072C05/Neisseria sp. HMSC066F04/Neisseria sp. HMSC061H08/Neisseria sp. HMSC068C04/Neisseria sp. HMSC061E12/Neisseria sp. HMSC073G10/Neisseria sp. HMSC069H12/Neisseria sp. HMSC066B07/Neisseria sp. HMSC075C10/Neisseria sp. HMSC056A03/Neisseria flavescens/Neisseria lactamica/Neisseria meningitidis]|ref_mOTU_v31_04798	-0.08545141395221768
k__Bacteria|p__Firmicutes|c__Clostridia|o__Clostridiales|f__Lachnospiraceae|g__Dorea|s__Dorea formicigenerans [Veillonella sp. CAG:933/Dorea formicigenerans CAG:28/Dorea sp. AGR2135/uncultured Dorea sp./Dorea formicigenerans]|ref_mOTU_v31_03668	-0.0888442267251804
k__Bacteria|p__Firmicutes|c__Bacilli|o__Lactobacillales|f__Lactobacillaceae|g__Lactobacillus|s__Lactobacillus fermentum|ref_mOTU_v31_01407	-0.08929604305548186
k__Bacteria|p__Firmicutes|c__Clostridia|o__Clostridiales|f__Clostridiales fam. incertae sedis|g__Clostridiales gen. incertae sedis|s__Clostridiales species incertae sedis|meta_mOTU_v31_12411	-0.08950122795079998
k__Bacteria|p__Actinobacteria|c__Actinobacteria|o__Bifidobacteriales|f__Bifidobacteriaceae|g__Bifidobacterium|s__Bifidobacterium longum [Bifidobacterium longum CAG:69/Bifidobacterium longum]|ref_mOTU_v31_01099	-0.09126904088214978
k__Bacteria|p__Firmicutes|c__Bacilli|o__Lactobacillales|f__Streptococcaceae|g__Streptococcus|s__Streptococcus anginosus|ref_mOTU_v31_00567	-0.0913014280816317
k__Bacteria|p__Bacteroidetes|c__Bacteroidia|o__Bacteroidales|f__Porphyromonadaceae|g__Porphyromonas|s__Porphyromonas somerae [Porphyromonadaceae bacterium KA00676/Porphyromonas somerae/Porphyromonas sp. oral taxon 279/Porphyromonas sp. KLE 1280]|ref_mOTU_v31_02523	-0.09151205944246929
k__Bacteria|p__Firmicutes|c__Bacilli|o__Lactobacillales|f__Streptococcaceae|g__Streptococcus|s__Streptococcus anginosus [Streptococcus sp. ACC21/Streptococcus anginosus/Streptococcus sp. HMSC36C04/Streptococcus sp. HMSC061D01/Streptococcus sp. HMSC057E02/Streptococcus sp. HMSC066E07/Streptococcus sp. AC15/Streptococcus sp. CM7/Streptococcus sp. OBRC6]|ref_mOTU_v31_00569	-0.09437726362000076
k__Bacteria|p__Firmicutes|c__Clostridia|o__Clostridiales|f__Ruminococcaceae|g__Anaerotruncus|s__Anaerotruncus rubiinfantis|ref_mOTU_v31_09169	-0.09647779808411748
k__Bacteria|p__Bacteroidetes|c__Bacteroidia|o__Bacteroidales|f__Rikenellaceae|g__Alistipes|s__Alistipes finegoldii/onderdonkii [Alistipes sp. CAG:29/Alistipes sp. AL-1/Alistipes finegoldii/Alistipes onderdonkii]|ref_mOTU_v31_03069	-0.09660037985533723
k__Bacteria|p__Proteobacteria|c__Gammaproteobacteria|o__Enterobacterales|f__Enterobacteriaceae|g__Escherichia|s__Escherichia coli|ref_mOTU_v31_00095	-0.10132813413188001
k__Bacteria|p__Firmicutes|c__Clostridia|o__Clostridiales|f__Eubacteriaceae|g__Eubacterium|s__[Eubacterium] hallii [Eubacterium hallii CAG:12/uncultured Eubacterium sp./[Eubacterium] hallii]|ref_mOTU_v31_03632	-0.1035177076449164
k__Bacteria|p__Firmicutes|c__Clostridia|o__Clostridiales|f__Lachnospiraceae|g__Coprococcus|s__Coprococcus catus|ref_mOTU_v31_11851	-0.1046358996725096
k__Bacteria|p__Firmicutes|c__Clostridia|o__Clostridiales|f__Lachnospiraceae|g__Coprococcus|s__Coprococcus comes [Coprococcus comes CAG:19/Coprococcus comes/uncultured Coprococcus sp.]|ref_mOTU_v31_03690	-0.10562237280092912
k__Bacteria|p__Firmicutes|c__Negativicutes|o__Veillonellales|f__Veillonellaceae|g__Veillonella|s__Veillonella parvula [Veillonella parvula/Veillonella sp. 6_1_27/Veillonella sp. 3_1_44]|ref_mOTU_v31_01938	-0.10897514506869845
k__Bacteria|p__Firmicutes|c__Bacilli|o__Lactobacillales|f__Lactobacillaceae|g__Lactobacillus|s__Lactobacillus mucosae|ref_mOTU_v31_02550	-0.10919073755491056
k__Bacteria|p__Firmicutes|c__Clostridia|o__Clostridiales|f__Lachnospiraceae|g__Lachnoclostridium|s__Lachnoclostridium species incertae sedis|ext_mOTU_v31_16325	-0.10929048234616356
k__Bacteria|p__Bacteroidetes|c__Bacteroidia|o__Bacteroidales|f__Bacteroidaceae|g__Bacteroides|s__Bacteroides fragilis|ref_mOTU_v31_01597	-0.11629262938332324
k__Bacteria|p__Firmicutes|c__Clostridia|o__Clostridiales|f__Clostridiaceae|g__Clostridium|s__Clostridium sp. CAG:58|ref_mOTU_v31_07640	-0.11671697072696512
k__Bacteria|p__Firmicutes|c__Erysipelotrichia|o__Erysipelotrichales|f__Erysipelotrichaceae|g__Erysipelatoclostridium|s__Erysipelatoclostridium ramosum [Clostridiales bacterium VE202-18/Coprobacillus sp. CAG:183/Erysipelatoclostridium ramosum/Clostridia bacterium UC5.1-2H6/Coprobacillus sp. 8_2_54BFAA/Coprobacillus sp. D7/Coprobacillus sp. 3_3_56FAA]|ref_mOTU_v31_03439	-0.12083254749939656
k__Bacteria|p__Firmicutes|c__Clostridia|o__Clostridiales|f__Clostridiales fam. incertae sedis|g__Clostridiales gen. incertae sedis|s__Clostridiales species incertae sedis|meta_mOTU_v31_12556	-0.12445050453609763
k__Bacteria|p__Firmicutes|c__Clostridia|o__Clostridiales|f__Lachnospiraceae|g__Lachnospiraceae gen. incertae sedis|s__Lachnospiraceae species incertae sedis|ext_mOTU_v31_16315	-0.12861150509877334
k__Bacteria|p__Firmicutes|c__Clostridia|o__Clostridiales|f__Clostridiaceae|g__Clostridium|s__Clostridium species incertae sedis|ext_mOTU_v31_27013	-0.12878924897712912
k__Bacteria|p__Firmicutes|c__Clostridia|o__Clostridiales|f__Lachnospiraceae|g__Lachnoclostridium|s__[Clostridium] glycyrrhizinilyticum [Lachnospiraceae bacterium CAG:215/[Clostridium] glycyrrhizinilyticum/Lachnospiraceae bacterium 1_4_56FAA]|ref_mOTU_v31_03672	-0.13118677588208902
k__Bacteria|p__Firmicutes|c__Clostridia|o__Clostridiales|f__Lachnospiraceae|g__Blautia|s__Blautia producta [Clostridia bacterium UC5.1-1D4/Blautia producta]|ref_mOTU_v31_02152	-0.13195879367882146
k__Bacteria|p__Firmicutes|c__Clostridia|o__Clostridiales|f__Eubacteriaceae|g__Eubacterium|s__Eubacterium sp. CAG:180|ref_mOTU_v31_07675	-0.1357662027525242
k__Bacteria|p__Firmicutes|c__Clostridia|o__Clostridiales|f__Lachnospiraceae|g__Lachnoclostridium|s__[Clostridium] clostridioforme/bolteae [Clostridiales bacterium VE202-07/Clostridium sp. VE202-10/Clostridium clostridioforme CAG:132/[Clostridium] clostridioforme/Clostridia bacterium UC5.1-1F7/Lachnoclostridium sp. YL32/[Clostridium] bolteae]|ref_mOTU_v31_03442	-0.13685247397063105
k__Bacteria|p__Firmicutes|c__Clostridia|o__Clostridiales|f__Lachnospiraceae|g__Blautia|s__[Ruminococcus] torques|ref_mOTU_v31_03660	-0.13866612350445404
k__Bacteria|p__Bacteroidetes|c__Bacteroidia|o__Bacteroidales|f__Bacteroidaceae|g__Bacteroides|s__Bacteroides caccae|ref_mOTU_v31_03473	-0.14539541255957383
k__Bacteria|p__Firmicutes|c__Clostridia|o__Clostridiales|f__Ruminococcaceae|g__Ruminococcaceae gen. incertae sedis|s__Ruminococcaceae species incertae sedis|ext_mOTU_v31_16442	-0.16758094482222705
k__Bacteria|p__Firmicutes|c__Clostridia|o__Clostridiales|f__Clostridiales Family XIII. Incertae Sedis|g__Emergencia|s__Emergencia timonensis|ref_mOTU_v31_09387	-0.1767665691167794
k__Bacteria|p__Firmicutes|c__Clostridia|o__Clostridiales|f__Clostridiales fam. incertae sedis|g__Clostridiales gen. incertae sedis|s__Clostridiales species incertae sedis|meta_mOTU_v31_13876	-0.18000316430206095
k__Bacteria|p__Firmicutes|c__Clostridia|o__Clostridiales|f__Lachnospiraceae|g__Blautia|s__Blautia producta|ref_mOTU_v31_02151	-0.21041623296357062
k__Bacteria|p__Bacteroidetes|c__Bacteroidia|o__Bacteroidales|f__Bacteroidaceae|g__Bacteroides|s__Bacteroides dorei/vulgatus [Bacteroidia bacterium UC5.1-2G11/Candidatus Gastranaerophilales bacterium HUM_8/Bacteroides dorei/Bacteroides sp. 3_1_33FAA/Bacteroides sp. 4_3_47FAA/Bacteroides sp. 9_1_42FAA/Bacteroides sp. 3_1_40A/Bacteroides vulgatus]|ref_mOTU_v31_02367	-0.22931362689315707
k__Bacteria|p__Firmicutes|c__Bacilli|o__Lactobacillales|f__Lactobacillaceae|g__Lactobacillus|s__Lactobacillus salivarius|ref_mOTU_v31_00945	-0.2604895166547854
k__Bacteria|p__Firmicutes|c__Tissierellia|o__Tissierellales|f__Peptoniphilaceae|g__Parvimonas|s__Parvimonas micra|ref_mOTU_v31_04287	-0.2951624347494586
k__Bacteria|p__Firmicutes|c__Negativicutes|o__Veillonellales|f__Veillonellaceae|g__Dialister|s__Dialister pneumosintes [Dialister sp. CAG:588/Dialister pneumosintes]|ref_mOTU_v31_03630	-0.31046766998495384
