feature	SRR15511253	SRR15511254	SRR15511255	SRR15511256	SRR15511257	SRR15511258	SRR15511259	SRR15511260	SRR15511261	SRR15511262	SRR15511263	SRR15511264	SRR15511265	SRR15511266	SRR15511267	SRR15511268	SRR15511269	SRR15511270	SRR15511271	SRR15511272	SRR15511273	SRR15511274	SRR15511275	SRR15511276	SRR15511277	SRR15511278	SRR15511279	SRR15511280	SRR15511281	SRR15511282	SRR15511283	SRR15511284	SRR15511285	SRR15511286	SRR15511287
total_reads	5967981.0	4410662.0	4709804.0	7037474.0	7260925.0	5902606.0	12976281.0	10384055.0	4110669.0	5235270.0	7237202.0	3380373.0	6511037.0	6984362.0	9745693.0	1455345.0	7583286.0	9630834.0	6449370.0	8009778.0	7711802.0	10650305.0	5430155.0	3456912.0	3392974.0	6125269.0	6600836.0	7112275.0	6617668.0	5983968.0	6884122.0	5948740.0	3522341.0	5334907.0	5359879.0
filtered_reads	5854388.0	4356570.0	4652466.0	6946072.0	7206104.0	5797549.0	12738268.0	10297619.0	4035708.0	5187527.0	7089538.0	3286206.0	6395335.0	6919062.0	9650800.0	1411941.0	7373750.0	9512619.0	6413323.0	7966397.0	7637942.0	10616501.0	5321527.0	3346774.0	3338450.0	5934827.0	6532787.0	7040112.0	6457148.0	5941756.0	6805245.0	5912708.0	3490149.0	5277399.0	5302980.0
category	52707.83583	57555.66414	51699.70817	65919.98023	67507.7094	46445.98376	58887.74415	57262.23937	45283.14913	75824.22499	64464.69314	64000.7753	55013.66423	59925.55782	66268.83632	63073.02488	66934.79361	62679.58775	76248.64724	63806.58905	55990.36497	80988.40252	59286.68601	47536.49592	59256.94566	62650.83216	75413.84788	70274.70069	45669.53868	50304.27853	55279.66685	61178.00433	50949.06581	63916.31148	62420.27558
AA1	NA	5.94763	32.20536	9.4687	4.86148	6.12777	21.178	8.57726	1.32011	0.56431	9.79054	5.86064	2.27978	0.82474	0.44761	0.32831	NA	5.80451	2.50848	4.44683	1.60747	11.62357	0.79914	NA	3.05958	1.86056	0.24274	1.29226	2.91096	NA	3.71854	3.62249	0.71902	2.48252	22.24668
AA10	NA	NA	NA	NA	NA	NA	NA	NA	NA	NA	NA	NA	NA	NA	0.20317	NA	NA	NA	0.80707	NA	NA	0.28101	NA	NA	NA	NA	NA	NA	NA	NA	0.44025	NA	NA	NA	NA
AA1_2	NA	NA	NA	NA	NA	NA	NA	NA	NA	NA	NA	NA	NA	NA	0.08466	NA	NA	NA	NA	NA	NA	NA	NA	NA	NA	NA	NA	NA	NA	NA	NA	NA	NA	NA	NA
AA3	NA	0.36629	4.03986	4.17431	3.64292	0.21454	10.71162	2.88936	NA	NA	0.13829	2.14152	0.3353	0.93289	NA	NA	NA	2.66666	0.72992	0.38053	NA	3.27925	0.91484	NA	0.59818	0.25764	1.82282	1.4584	0.35909	0.33098	0.14406	NA	0.28256	0.78506	11.00188
AA3_2	NA	0.18022	1.14787	1.82437	1.25071	0.1517	4.60918	1.33762	NA	0.08477	NA	0.66495	0.06372	0.19996	0.09907	NA	NA	1.48225	0.22002	0.31076	0.05757	1.89772	0.45457	0.1314	0.04039	0.28664	NA	NA	0.08835	NA	NA	NA	NA	0.21899	5.14517
AA4	27.30249	17.70622	76.28231	49.05242	18.78801	32.15342	38.63071	48.85473	42.70803	5.34234	17.82559	14.13007	12.94684	15.53259	11.59197	15.07761	17.6066	9.07562	5.44966	10.9851	36.01005	10.14967	9.16359	15.77985	6.0063	4.67861	12.95527	6.14159	69.4806	11.01543	79.18046	51.55698	26.74596	62.55603	40.46058
AA6	22.35086	26.8704	16.63397	15.9663	11.15778	17.69502	15.69563	10.43738	5.94348	16.74388	17.14889	17.49639	13.29679	7.29119	5.19808	8.71976	2.43414	23.75048	14.23891	16.26348	21.0384	40.99061	11.56336	12.38062	10.32129	3.69316	8.80193	15.41881	25.09855	7.42229	4.39479	3.66738	27.40779	7.82076	16.49779
AA7	56.29511	25.47223	73.226	49.29087	28.74491	72.17237	16.42899	33.77831	68.00257	11.49566	33.23178	18.92985	21.6013	19.6611	22.46366	9.90894	8.01201	13.33708	12.63074	21.03248	35.30616	13.79838	17.4417	39.67598	27.71746	15.34871	15.58617	43.92097	34.10357	27.46362	37.33103	30.67332	35.55019	86.09086	69.63608
AA8	NA	NA	4.47979	11.66965	3.99493	NA	16.44578	3.19252	NA	NA	NA	4.51733	0.73964	0.17455	NA	NA	NA	2.05734	1.18125	0.12995	NA	3.39943	1.89814	NA	NA	NA	NA	NA	NA	NA	NA	NA	NA	1.0903	16.63245
CBM10	NA	NA	1.32679	NA	NA	NA	0.76964	NA	NA	NA	NA	NA	NA	NA	NA	NA	NA	NA	NA	NA	NA	NA	NA	NA	NA	NA	NA	NA	NA	NA	NA	NA	NA	NA	NA
CBM12	60.8285	21.4538	40.57772	12.08377	63.76514	101.17364	72.29226	112.22122	48.08431	15.71871	7.70202	25.30399	20.70842	59.39127	35.71729	11.67716	14.24213	3.40992	3.38118	20.08875	18.01145	4.62525	8.4745	63.29318	3.38561	6.8155	11.08467	3.22001	33.00007	25.1707	99.72604	30.16232	127.24857	5.29984	11.42254
CBM13	174.6059	105.71952	92.46066	61.83498	117.79639	154.10583	113.23701	95.04072	125.40092	101.26657	157.1552	82.64803	154.83789	104.88215	114.76311	80.98455	70.52456	75.72625	48.88698	130.71348	109.58232	146.52814	131.54957	118.42966	103.99183	72.63346	116.31584	209.4311	153.4316	144.87635	115.13303	99.12803	106.87761	99.92672	134.40564
CBM14	NA	NA	0.91855	NA	NA	NA	NA	NA	NA	NA	NA	NA	NA	NA	NA	NA	NA	NA	NA	NA	NA	NA	NA	NA	NA	NA	NA	NA	NA	NA	NA	NA	NA	NA	NA
CBM16	0.21325	NA	0.93892	0.55297	0.35912	0.21534	0.13189	0.6771	NA	0.24067	NA	0.38133	0.43799	1.08127	1.09463	NA	0.18228	1.36278	NA	0.35502	0.57406	0.55982	NA	NA	NA	0.21115	0.58939	NA	0.06938	0.41866	1.93154	NA	0.12837	1.81069	0.48888
CBM2	87.20258	31.89094	29.55451	4.92612	12.16939	26.91051	32.46567	25.89532	49.92648	7.43483	74.81504	23.55861	50.28351	12.63029	37.98485	4.40415	12.32127	13.32634	22.01038	17.28221	29.0332	11.15857	17.98497	25.62052	14.66495	19.88348	16.09329	28.36951	33.06997	41.64116	20.86214	30.75681	17.7652	18.09365	38.07463
CBM20	65.59415	174.68367	131.34758	459.77553	144.48798	43.31397	277.81115	286.71673	120.3801	222.01052	102.89936	154.312	81.89152	181.55294	366.46242	397.54927	516.32598	192.61295	236.12143	180.54422	126.91102	194.36031	149.99864	180.52265	218.46605	423.20458	284.51241	283.53946	122.45019	184.29778	255.84358	256.23489	86.00798	189.72051	155.91753
CBM21	NA	NA	NA	NA	NA	NA	NA	NA	0.8019	1.39705	NA	NA	NA	NA	NA	NA	NA	NA	NA	2.71929	1.19379	NA	NA	NA	NA	NA	NA	NA	NA	NA	NA	NA	NA	NA	NA
CBM22	114.72296	36.89246	16.47039	5.28867	36.01607	48.81146	5.46422	6.73835	58.2689	17.62904	46.28986	19.55734	67.46682	13.52017	29.5217	7.95804	2.60685	7.34767	4.21782	45.11641	22.78506	20.77717	33.21006	16.96583	13.31388	13.17308	11.05452	21.26444	15.92792	26.60785	14.35403	22.46259	54.15546	20.77335	22.0767
CBM23	11.11058	13.27594	15.29136	11.09863	16.19818	9.60232	4.26308	4.44111	3.31851	9.38941	50.41911	11.2391	28.54016	12.60458	24.10914	6.47706	3.44456	3.59361	2.09018	15.46908	10.37635	18.49236	23.04757	13.43731	7.93914	31.45764	5.64079	15.35784	10.58083	14.78257	11.64737	5.67858	6.08164	12.48682	26.93675
CBM24	3.05261	2.36825	1.74852	0.39991	3.02874	4.30089	3.61732	1.41222	11.09378	2.08339	0.78363	4.34718	12.59599	1.43381	3.76499	1.96735	3.43472	1.65194	1.782	NA	0.72736	2.84074	3.31178	7.96787	1.54525	NA	2.30826	1.40916	10.3787	6.82002	5.07312	6.1208	4.71515	NA	5.58237
CBM25	8.70221	26.60872	4.46106	0.677	16.62468	18.8722	0.76119	0.68267	8.5016	27.82041	6.17784	NA	58.59225	1.09617	1.91286	NA	2.55927	0.48668	0.54141	13.05513	3.44244	0.21505	3.55558	0.68218	NA	NA	NA	20.55023	0.70716	5.45302	0.67098	0.77227	9.35891	NA	0.87302
CBM26	302.75717	114.28543	28.42	113.65593	41.21626	51.15872	124.76729	97.49243	46.29081	29.41541	92.84411	78.70993	157.15221	27.43142	40.28273	11.2738	10.50256	104.37746	72.21357	29.43535	14.38177	38.08903	83.06938	31.57282	85.04302	151.86705	24.38875	127.1265	116.32365	82.92699	103.05515	294.48	64.17677	39.64135	75.18415
CBM27	10.5491	9.28619	17.82877	19.9628	15.84575	8.74641	0.61976	0.87989	13.85263	5.16191	8.18609	11.26051	20.03144	10.59569	21.13391	3.97563	4.77427	0.23053	2.11711	11.63021	4.621	18.14092	23.91626	3.62331	2.6576	28.30252	2.91076	6.68452	4.14466	5.37796	9.62353	6.04219	5.05717	2.97368	14.8421
CBM3	17.99832	14.21508	11.31338	0.8943	1.45915	6.6843	2.95434	3.21177	91.32797	1.42793	10.16403	NA	13.62365	3.17564	15.56824	NA	NA	1.81247	NA	3.97146	3.84424	1.55424	7.17816	1.15812	5.39805	3.59865	3.1334	7.595	3.47329	106.04147	4.69648	17.43454	17.01174	7.00535	7.6136
CBM30	NA	NA	NA	NA	NA	NA	0.76964	1.14247	1.45569	NA	NA	NA	2.14617	NA	1.82856	NA	NA	NA	NA	0.7384	0.25672	NA	NA	NA	1.17296	1.98232	0.59913	1.66786	NA	NA	NA	NA	NA	NA	NA
CBM32	268.78318	277.40708	450.46363	499.6199	480.11173	208.90716	240.60233	260.93312	177.41182	549.42562	379.34208	504.84812	240.88439	589.53534	573.40235	539.66193	492.11075	475.46828	288.30814	427.31513	314.97587	898.15741	324.72538	288.43796	458.81475	265.83471	644.73411	444.92559	134.63062	257.54496	384.92117	236.42065	400.58832	402.81942	398.79416
CBM34	137.2075	253.58835	196.33511	80.60105	110.3494	169.34575	117.89648	46.01026	122.35757	52.39185	172.04457	61.57027	184.4913	86.05652	98.69552	56.32446	45.44255	53.59924	45.98506	163.10145	153.20999	106.43881	106.22865	135.41562	70.97432	94.6017	63.14288	112.49028	262.05953	142.73881	127.36583	203.54215	95.63547	71.59778	145.66021
CBM35	116.0217	17.62815	31.71998	14.28525	35.11968	43.92565	8.47521	7.06954	28.18244	33.30035	64.14386	6.54136	37.46488	21.34314	11.58829	5.01546	3.03576	36.37126	16.31379	18.98604	35.10137	41.74896	13.2999	38.56718	13.81259	5.11584	48.31971	20.87444	7.34148	5.68601	17.86174	21.02269	95.2105	16.50241	21.22601
CBM36	1.29403	3.83628	0.32567	NA	2.52633	2.35549	0.35683	NA	0.75087	0.14604	1.28377	NA	4.03535	0.43796	3.30067	NA	NA	NA	NA	3.71312	NA	1.57294	NA	0.45272	NA	0.5106	NA	NA	0.23465	1.53176	NA	0.38438	1.30535	NA	NA
CBM37	262.28914	2.08671	27.31884	NA	NA	148.96137	6.16285	4.99796	2.24368	NA	15.41454	3.55909	1.3908	NA	22.6011	NA	NA	NA	NA	1.14141	4.36523	NA	2.74731	NA	NA	NA	NA	NA	NA	0.96724	1.373	2.46409	0.849	NA	1.11852
CBM38	16.56666	13.38917	3.73781	3.12384	6.81937	3.58699	0.40555	1.81573	1.82879	16.34733	2.3636	24.70666	25.44493	18.73006	11.21695	NA	1.83317	12.66208	89.92295	23.79628	19.09477	17.60932	12.57436	2.95962	4.62687	3.57976	22.38241	3.4514	5.75962	0.90944	2.0243	0.82796	61.12262	9.98664	14.86807
CBM4	48.89912	110.20733	95.9329	93.68055	76.17957	41.97368	96.42544	93.88657	197.42251	32.63572	43.84977	12.9143	139.96144	128.63539	109.73615	26.82731	16.34734	15.28574	45.79309	36.61375	52.52418	30.47516	44.10184	60.52581	81.97646	127.93328	146.07816	148.65426	77.735	61.03736	122.1782	161.0103	35.82896	16.78533	77.35527
CBM40	0.33891	16.32899	8.0296	13.49684	1.97448	2.37561	4.97225	10.4381	2.4314	2.49788	0.5701	2.75808	8.22245	1.71698	3.29454	2.79543	0.72263	28.39143	11.37007	2.29505	2.41264	3.58805	2.41531	5.1553	4.09753	0.33234	2.89758	NA	2.9423	1.70269	3.47729	4.36139	1.71582	8.28024	2.29944
CBM41	22.04475	33.27975	NA	0.63499	8.40191	7.4604	14.1786	4.13557	26.3907	11.0034	12.4387	9.62757	25.17949	8.08296	13.93088	NA	1.66259	4.1729	4.97174	16.07455	31.35254	17.64686	36.13582	6.83508	6.62181	10.48018	4.13926	103.12018	38.66082	1.83074	2.42211	5.8569	4.26028	15.17205	12.92499
CBM42	2.95188	4.68759	1.15261	0.1935	0.32123	10.64767	1.6016	1.1239	2.44104	0.50596	3.27831	1.26793	1.07986	1.2341	5.64188	NA	0.59481	0.55988	2.10115	2.89899	2.42952	0.55084	0.28216	1.85591	0.82631	4.18299	NA	0.17141	6.75331	0.66217	NA	1.38055	0.95837	1.30534	0.85358
CBM44	NA	0.67116	0.62848	NA	NA	0.50435	NA	0.27905	NA	NA	NA	NA	NA	NA	0.30298	NA	NA	NA	NA	NA	NA	NA	NA	NA	NA	NA	NA	NA	NA	NA	NA	NA	NA	NA	NA
CBM47	NA	NA	NA	NA	NA	NA	NA	NA	NA	NA	NA	NA	NA	NA	NA	NA	NA	NA	NA	0.33474	NA	NA	NA	NA	NA	NA	NA	NA	NA	NA	0.19593	NA	NA	NA	0.37866
CBM48	912.3246	1017.8221	700.22486	1111.36591	890.7568	820.03347	949.52317	888.29616	853.50782	938.04866	889.14242	1013.48599	1022.09994	814.14006	1178.61945	1093.13307	1129.75783	891.68752	1049.67842	908.17172	795.37506	819.31167	1011.27098	828.21642	743.43615	830.5864	937.4584	1197.72213	866.2946	884.41485	951.12818	1087.1944	748.69	989.25985	955.51409
CBM5	7.58316	6.45386	1.53315	3.44987	4.45468	3.08637	62.76713	12.34017	0.89821	48.1247	8.72708	10.44092	7.40251	14.6473	167.28321	NA	0.49136	3.93037	3.91388	0.93746	2.32137	1.49513	8.62436	NA	3.45664	NA	2.33279	36.25089	1.12276	4.39612	2.27946	1.21154	5.10974	2.82454	7.56811
CBM50	1365.22383	1897.49449	1710.36633	1604.79588	1851.16123	1561.04266	1816.17206	1769.27978	1669.25789	1838.37505	1728.62003	1781.56366	1576.10708	1830.81486	1581.20244	1785.29242	1760.69674	1828.91331	1597.47501	1847.22858	1776.33863	1672.48252	1677.33999	1828.35783	1566.82232	1539.13169	1707.27598	1399.04851	1671.23598	2001.61601	1684.67516	1672.55022	1575.24872	1662.2142	1676.09495
CBM51	118.88341	80.9935	143.83721	126.67905	80.44013	41.40621	34.97391	38.53889	33.8657	60.03303	90.4819	79.02866	83.10065	77.79397	48.04792	28.02578	21.39867	130.30392	87.1387	102.16323	111.42055	141.86602	57.36401	80.31665	73.76739	28.39032	66.56148	65.83191	102.11088	30.02108	27.85792	29.2644	84.59357	100.73458	99.60383
CBM54	14.11538	33.73805	23.73623	4.58669	12.81229	19.44926	24.86863	40.12102	11.44843	5.38217	7.50136	7.80744	31.85551	36.77267	19.52048	NA	1.61723	13.02064	7.82578	12.43702	19.29986	0.84225	20.43345	27.9069	2.30996	1.82673	10.31307	2.20899	9.27508	12.95144	21.5894	6.05129	31.00286	3.34366	15.22267
CBM56	NA	0.63761	0.59705	NA	NA	NA	NA	NA	NA	NA	NA	8.71707	NA	0.6022	0.43174	NA	NA	NA	NA	NA	NA	0.68793	4.91822	NA	NA	NA	NA	NA	NA	0.24308	0.85379	0.24588	0.79589	0.26992	0.27569
CBM57	37.65077	53.71918	41.93636	55.36524	118.5211	24.3261	92.87917	120.14979	28.356	194.15738	98.52271	60.9102	56.25995	81.53426	41.38907	14.65503	14.9129	84.7276	192.51323	75.188	61.91749	133.20809	44.04548	51.65007	39.89529	9.4137	183.18422	123.75502	58.07801	20.9686	44.73281	135.93068	37.7396	91.92093	86.91786
CBM58	9.99226	14.91235	17.51148	19.27666	31.37104	8.21659	NA	0.57803	NA	71.73676	48.83382	31.2473	5.05313	28.63404	12.19951	5.27062	8.68759	107.44681	120.07365	8.70531	25.55647	24.32382	22.11462	3.85033	18.19204	1.28913	11.20803	3.01669	1.26653	2.99805	5.76103	0.25184	10.78868	64.59012	54.37788
CBM6	62.60971	141.45109	62.4873	155.58186	76.76135	37.84856	233.00984	236.87135	72.07188	122.15083	92.38029	215.96473	79.60713	116.88973	359.01537	437.54625	391.27698	106.71197	166.64876	102.21455	57.31057	104.3148	139.76877	86.12816	147.81749	372.59043	180.01624	179.59113	46.21219	114.63204	204.22507	215.55885	87.16019	80.81837	150.44794
CBM61	36.01963	35.58933	79.57305	19.56764	24.05356	43.5869	23.24016	2.07133	25.25042	12.78355	40.26252	20.69395	22.89165	24.94168	41.22894	10.84336	10.12903	11.50939	19.39773	58.71206	94.10177	24.80733	40.90847	34.20609	11.71611	38.25705	16.39749	21.00639	43.06791	29.34988	34.35922	44.72619	33.42209	9.50741	40.4647
CBM62	102.6707	126.30784	100.6392	119.59167	256.17182	79.49319	29.47026	25.01547	55.59657	243.38178	146.3057	123.61398	80.97933	176.68374	107.97822	62.93882	59.25153	259.8467	307.24357	175.16452	136.67777	430.32174	84.26244	147.32975	126.34798	41.70182	221.31805	64.47748	41.02094	46.70162	101.34351	47.69633	159.39189	184.39128	157.52857
CBM63	NA	NA	NA	NA	NA	0.41663	NA	0.45591	NA	NA	NA	NA	NA	NA	NA	NA	NA	NA	NA	NA	NA	NA	NA	NA	NA	NA	NA	NA	NA	NA	NA	NA	NA	NA	NA
CBM65	94.70706	15.81912	9.45862	0.63824	14.17878	41.41061	1.13631	0.14707	1.80204	NA	8.19785	3.98341	29.10663	NA	1.38974	2.87904	5.16492	0.21367	2.96713	12.47699	13.57353	NA	29.80696	15.22643	0.43672	0.34247	11.52813	17.39757	NA	1.60157	0.21424	2.69106	9.09506	3.1382	22.13362
CBM66	1.46207	3.00939	4.79024	0.99983	10.65482	14.74304	1.60612	0.27877	18.1866	8.6603	9.75343	3.63412	1.88489	1.7611	3.22364	2.06323	1.98736	56.19771	8.65723	2.6299	5.11928	22.28434	2.23179	12.07208	1.78276	1.46428	1.78603	17.73299	18.2205	4.48295	2.79509	3.63896	4.23555	2.26287	0.94952
CBM67	223.9558	312.71212	310.27508	347.18254	530.6009	274.97542	444.82065	575.88287	443.31469	536.76901	400.98059	496.2551	286.33461	419.53646	283.74433	318.67525	329.89934	483.40026	447.64305	421.97698	346.54205	503.7265	394.90922	249.46402	408.89828	232.42353	531.34366	390.20542	262.13109	291.91289	322.5506	432.39453	440.01753	358.44332	330.09333
CBM68	NA	NA	0.39804	NA	0.26282	NA	NA	NA	4.64022	NA	NA	NA	NA	0.13091	NA	NA	NA	NA	NA	NA	0.24518	NA	NA	NA	NA	NA	NA	NA	NA	NA	NA	NA	0.51906	NA	NA
CBM69	NA	NA	0.29125	NA	NA	NA	NA	NA	NA	NA	NA	NA	NA	NA	NA	NA	NA	NA	NA	NA	NA	NA	NA	NA	NA	NA	NA	NA	NA	NA	NA	NA	NA	NA	NA
CBM70	NA	NA	NA	NA	NA	NA	NA	NA	NA	NA	NA	NA	NA	NA	NA	NA	NA	NA	NA	NA	NA	0.2211	NA	NA	NA	NA	NA	NA	NA	NA	NA	NA	NA	NA	NA
CBM71	0.47448	0.65707	0.36931	0.66593	1.19608	NA	NA	NA	NA	NA	0.12056	0.23372	0.13433	0.68296	0.42176	NA	NA	NA	NA	0.60405	NA	4.20175	0.30661	1.65997	0.25734	0.57754	0.91853	1.59554	1.45445	NA	0.25379	0.33032	NA	NA	0.26191
CBM72	NA	NA	NA	NA	NA	NA	NA	NA	4.09567	NA	NA	NA	NA	NA	NA	NA	NA	NA	NA	NA	NA	NA	NA	NA	NA	NA	NA	NA	3.19973	NA	NA	NA	NA	NA	NA
CBM73	NA	0.93044	NA	NA	NA	NA	NA	NA	NA	NA	NA	NA	NA	NA	NA	NA	NA	NA	NA	NA	NA	NA	NA	NA	NA	NA	NA	NA	NA	NA	NA	NA	NA	NA	NA
CBM74	56.93681	17.73557	2.29687	51.7895	5.40816	7.33425	21.14126	15.42129	18.41584	4.80539	16.16707	8.46659	30.65294	4.68698	6.23831	236.12513	274.64738	24.79126	13.0829	5.72557	2.33518	4.93483	14.31871	4.78425	59.48996	208.31853	4.0595	41.14717	20.59155	40.30189	54.02143	91.85786	9.07689	9.14207	21.14081
CBM75	4.50583	NA	NA	NA	NA	NA	0.09516	0.05822	1.48554	NA	NA	NA	NA	NA	NA	NA	NA	NA	NA	NA	NA	NA	NA	NA	NA	NA	NA	NA	NA	NA	NA	NA	2.23308	NA	NA
CBM76	5.45571	NA	NA	NA	0.30037	0.37154	0.43039	NA	1.36299	NA	NA	NA	2.73594	0.47387	2.4914	NA	NA	NA	NA	NA	NA	NA	NA	NA	NA	NA	NA	NA	NA	NA	NA	0.3643	3.78249	1.63727	0.81502
CBM77	21.81254	81.8977	2.5161	1.2242	2.97213	8.59092	34.71727	38.30942	23.40525	0.96385	54.80957	3.52609	49.35332	3.38806	44.53033	265.35071	308.70846	2.62809	6.48028	4.04064	7.73372	18.25375	9.05406	24.49215	76.93982	342.8757	3.77858	26.70037	20.98968	24.74045	15.46385	80.71748	2.84567	1.00142	9.25516
CBM78	NA	NA	NA	NA	0.38385	0.72443	0.52844	0.39036	2.99901	NA	NA	NA	3.20418	0.39489	1.13244	NA	NA	NA	NA	0.47011	0.42832	NA	1.36937	0.40819	1.19816	2.47129	NA	1.32574	NA	0.22992	0.61716	0.23105	0.8095	2.11579	0.264
CBM79	15.60135	0.75907	3.31999	NA	3.55729	1.66502	2.13266	2.48769	7.4658	NA	11.82445	NA	9.22518	1.38969	6.07638	NA	NA	NA	NA	2.1986	2.71044	NA	8.08466	6.43149	5.78303	6.43274	3.67607	12.49474	NA	1.84803	4.89805	0.81311	4.00604	10.70632	9.37317
CBM80	NA	NA	NA	NA	NA	NA	NA	0.19981	NA	NA	NA	NA	NA	NA	NA	NA	NA	NA	NA	NA	NA	NA	NA	NA	NA	NA	NA	NA	NA	NA	NA	NA	NA	NA	NA
CBM82	2.31204	21.20006	0.62058	0.38846	11.05288	22.5396	2.52102	0.8208	2.43147	NA	6.63912	0.42063	23.54914	22.95613	15.71831	7.75819	7.62793	0.28489	NA	8.29149	1.81207	NA	NA	1.62128	NA	2.33848	NA	NA	15.85067	0.22759	4.83916	25.25727	18.58217	30.3403	17.58817
CBM83	9.62378	35.73555	10.40959	2.60847	21.38332	32.24083	7.9161	7.50299	1.34667	1.74611	12.25088	NA	38.43311	32.75418	24.46092	5.12991	10.31257	NA	NA	9.27943	11.45816	1.87079	10.77538	6.97815	13.44002	20.23171	7.40608	11.96421	46.45288	3.01614	7.41578	12.72828	35.42605	27.83083	19.98206
CBM86	11.09269	0.72869	1.70436	NA	34.70125	25.41252	0.47651	0.29427	NA	5.50627	10.63749	9.17737	38.70849	2.98233	NA	NA	NA	NA	1.23672	9.56398	NA	21.6735	9.24666	8.06273	1.90109	3.74438	3.15768	5.85865	9.31779	0.26035	12.51288	9.07592	27.26078	37.7951	27.17718
CBM9	14.87009	17.89483	16.62451	14.84736	57.71123	25.26159	12.85845	11.57058	30.31068	60.06009	35.63586	75.56776	50.09304	16.72407	10.26884	21.63539	14.14979	22.34094	44.29861	40.14112	27.64155	65.76308	69.75994	18.90265	27.11231	11.10482	23.49535	16.51848	19.40238	15.9544	23.87185	20.19838	24.42643	37.13035	38.31153
CE1	670.76224	917.38671	682.41278	1137.73981	1021.70454	684.53025	843.48421	836.86197	674.23804	1064.58715	765.54329	908.59595	838.56549	1014.95387	1139.79883	919.66127	1033.88686	1054.04784	1106.18996	972.43883	807.86873	1049.56018	836.22703	694.52445	843.87611	859.06472	1077.35585	862.92221	602.78732	600.6869	686.02598	889.31088	769.18989	1095.25074	1006.60165
CE11	86.30084	217.94987	195.25797	330.25186	228.48487	88.26157	254.11128	265.49655	185.90015	309.58191	185.37204	255.35481	156.65739	252.80447	243.8328	361.56587	414.04917	267.78155	297.86611	229.85497	169.13958	307.20421	225.48611	218.77221	260.03325	285.98296	313.16148	196.00449	150.22835	232.85239	220.43653	221.04246	137.73851	215.07069	230.28403
CE12	215.65846	227.62371	182.95267	268.4877	336.45385	136.21859	384.64785	390.57561	68.94739	525.71008	401.85763	492.86716	206.02248	266.97744	536.94802	264.50393	344.59314	283.26332	438.46756	350.88358	311.08201	501.9761	347.36077	183.60856	261.07971	267.86079	361.96932	211.10847	99.34799	162.25167	283.13974	279.80829	157.55948	210.30041	299.09449
CE13	0.1382	1.58476	NA	NA	NA	NA	0.05739	0.07857	2.78173	0.41461	0.21545	0.9848	0.63254	0.11693	0.16767	NA	0.54861	1.03758	0.49976	0.24437	NA	NA	0.30407	NA	0.24235	NA	0.36916	1.95256	NA	0.27233	NA	NA	NA	0.15183	0.64359
CE14	19.30137	6.08241	15.63589	7.76491	5.84192	18.99945	16.41232	13.52282	20.54638	3.11586	9.02082	2.74862	11.37176	13.04319	10.29694	NA	1.37763	5.9327	2.079	7.0552	17.19422	20.68163	3.74027	29.73123	2.20613	0.94396	0.89201	1.17645	5.75497	6.97305	7.75807	3.75055	27.58668	3.51135	6.27901
CE15	99.51499	33.86976	33.59623	14.55091	75.4624	36.978	10.10243	8.98462	39.74692	47.36939	62.22203	24.38969	37.57715	25.89496	14.40308	8.48989	8.00484	52.26639	64.62505	61.92757	59.99202	60.57602	26.26329	28.05264	14.04459	4.38576	35.70326	12.09289	14.64835	14.05454	12.72993	6.42381	54.41117	55.56054	64.76935
CE17	67.13245	25.45426	46.86677	5.11785	18.86881	36.34611	7.89671	7.38179	15.21888	7.46921	66.47781	10.89681	35.07471	19.29761	28.65492	13.88806	11.16386	1.52741	2.81316	31.95533	34.58282	15.95434	36.79638	22.74821	8.69482	24.08433	7.47267	11.94269	39.07013	25.04664	24.31773	31.69663	8.59514	3.14258	21.40721
CE2	236.20232	103.48146	101.95736	80.06446	67.62581	120.85569	113.449	134.7631	107.0491	20.12774	95.45822	22.26867	107.47911	82.76351	154.79782	205.36368	215.04771	63.22204	18.79316	80.07733	106.86622	73.49843	70.74651	81.51125	101.41752	228.00869	131.96271	183.10346	63.45412	99.43575	65.85752	137.72511	63.32104	17.75837	62.38499
CE3	0.72434	2.15784	2.54497	0.86745	0.92695	0.5405	6.18613	2.12619	0.8436	1.53806	1.60477	0.26977	2.01141	3.09285	2.24289	1.25575	0.36068	1.21153	0.4147	3.75829	1.6914	4.50924	1.41698	1.2167	1.44431	1.52115	3.54338	1.5146	8.55367	1.81572	1.05121	1.09484	3.16887	2.81255	3.3667
CE4	1219.04828	993.2299	964.96569	620.33678	940.76866	1142.39532	745.00662	814.53944	922.36834	776.86628	1046.17528	772.99201	905.58035	818.50069	730.65207	516.4238	516.03282	746.9984	703.91439	855.1439	997.94562	822.49624	774.61716	891.5783	645.63707	573.68388	669.39447	730.78859	898.44499	777.17164	755.54118	810.77318	1058.78215	816.35455	850.10044
CE6	30.44741	88.99774	44.33005	149.40959	43.73748	10.92495	139.73744	153.15537	45.13276	46.35096	49.36819	111.92127	48.07312	51.57109	156.52109	283.5912	315.81857	65.04153	89.74474	45.09682	33.39151	51.26693	94.61646	15.5921	100.43095	249.98542	164.30262	155.16817	24.73279	89.52644	118.76012	147.41101	22.93093	49.82664	108.12705
CE7	60.66208	150.18165	108.58874	236.69726	165.97991	37.84461	195.54723	201.58678	76.06752	191.20209	108.30281	115.68653	82.64557	136.05299	236.23203	34.2108	35.66035	145.39397	296.3772	133.34041	108.69535	198.63215	79.52562	76.96734	127.70901	158.96568	322.1411	246.93921	42.30463	92.48722	87.0522	162.42145	107.78814	161.38211	126.38375
CE8	280.37099	393.47937	323.67084	571.88106	492.11107	226.71897	554.25303	544.23361	168.5989	761.2658	511.30405	379.4595	358.69496	267.81806	289.55418	421.05838	497.10496	427.0216	666.3193	401.01828	338.33404	658.08475	334.70641	247.17929	412.77859	510.61494	646.871	451.39629	208.13862	251.60421	313.27025	467.6336	196.57945	303.49306	394.12112
CE9	541.85895	537.8795	598.27608	642.23668	687.88957	645.31856	512.99307	514.59494	430.65569	799.57672	629.79761	571.43047	561.93103	582.48268	370.83803	310.97713	326.6222	575.31939	778.89306	598.22736	527.09846	800.76686	621.81988	500.44903	526.70096	246.50026	624.03047	621.2301	563.10299	616.29709	490.86091	493.101	565.58646	597.72469	601.82111
GH1	233.66758	338.68879	253.17004	160.17856	257.76874	355.64926	215.35866	173.01657	310.09099	291.48465	243.51251	279.79521	334.00197	264.7992	274.5822	127.08179	133.38899	204.16138	156.96719	259.80991	241.38302	180.0197	317.92795	175.6853	424.36192	190.24746	214.95787	430.16752	297.73885	248.34839	315.75698	290.47029	286.48361	297.77941	306.20027
GH10	256.78659	349.46971	134.77942	334.64915	189.88174	141.95309	394.66032	396.36378	178.6679	145.58535	195.86743	164.42038	198.88612	159.68453	484.02738	622.41999	714.93606	177.18496	311.00255	184.65854	125.09111	129.08393	142.4531	89.3395	286.50737	643.17063	346.06598	354.91666	98.61803	217.39999	344.05729	401.70835	170.57868	232.49638	223.61842
GH101	1.74219	4.00743	7.12865	14.68239	6.96767	12.90783	1.26299	0.77742	1.77339	13.47626	6.40856	11.44789	3.61938	3.86622	4.1411	1.75635	0.7671	18.92873	9.31583	8.02899	8.18082	10.09583	9.27841	5.35307	6.42863	2.58421	6.04044	10.43443	1.30941	0.6592	6.94692	5.0337	2.13661	19.06412	4.32596
GH102	15.55045	9.54406	10.13538	23.59862	23.97272	4.65967	14.52956	14.98491	6.68377	19.49722	30.46288	7.56588	14.11529	10.43116	3.52742	2.46983	1.98657	13.06028	23.50808	24.29406	40.87589	70.17855	12.74784	48.46962	19.41758	2.36127	7.04217	4.48788	5.63904	10.9702	8.83524	3.33986	19.02444	14.40276	24.62382
GH103	1.82703	6.78689	5.87406	11.91987	7.44032	3.0122	11.91408	5.33659	11.87733	7.89028	16.83445	3.85368	5.72269	4.93067	1.03834	2.61725	1.61855	8.07556	4.60929	12.07194	15.47301	30.13128	4.83353	32.11082	5.71024	1.08714	2.38264	1.88938	2.37747	50.50335	3.50346	1.93073	3.50035	5.83587	14.96333
GH104	NA	8.60769	6.53483	12.48517	5.14801	NA	NA	0.39387	0.51622	NA	NA	1.76101	0.45323	0.41203	NA	2.95102	1.6952	1.66365	1.49834	0.3985	NA	2.01977	0.23678	NA	7.55784	21.06211	NA	NA	0.35849	NA	NA	NA	NA	NA	0.27329
GH105	286.86982	387.69682	335.37391	481.71396	683.20397	272.08196	364.70164	321.40193	198.15481	938.4805	663.73715	628.56896	348.24607	474.03764	575.51695	465.52334	514.05938	570.21252	959.23299	583.41193	404.36016	947.76562	511.8826	325.82023	431.19549	250.01423	780.70224	525.4264	191.5034	238.14301	450.5914	451.60946	318.58797	483.37382	510.81002
GH106	231.58212	308.73826	442.92039	519.86011	834.21036	330.5515	393.32711	536.43293	407.66282	795.50165	504.13048	368.89428	232.28303	428.17491	278.42028	355.6293	388.382	739.23169	622.73212	656.0264	566.52835	661.2949	301.31442	243.09816	500.92798	312.37515	599.24612	423.35049	157.15196	234.79578	235.78242	345.26452	319.25165	354.17745	429.53785
GH108	20.88458	61.89644	37.05847	35.09288	74.64313	19.08756	19.53879	22.61948	33.17068	274.18929	133.61072	62.07862	53.90498	38.67185	23.04093	8.0658	9.43289	36.5162	91.20501	74.94794	69.78718	119.83946	36.96959	54.62002	231.35911	272.99635	25.54193	2.86445	46.48662	16.25686	30.42076	17.50615	45.47613	418.99142	276.49058
GH109	122.42991	124.80034	229.86604	249.32963	323.36465	116.41088	158.12954	147.51818	97.7338	464.20553	257.65351	348.7295	121.65551	270.14565	183.60922	112.42534	84.40448	300.61814	409.94375	275.61374	241.72228	399.45283	282.89873	178.80577	209.3122	33.17014	317.00163	62.44053	67.54835	96.41735	111.8399	50.8821	203.95162	291.99077	252.04519
GH11	7.59558	6.40522	NA	NA	4.76462	2.99556	2.24801	2.37119	4.60639	0.41266	1.98871	NA	3.27012	0.98224	3.9267	NA	NA	NA	NA	6.56279	NA	2.90232	NA	1.22486	0.67011	1.09821	NA	NA	4.61762	10.70671	NA	1.02592	6.00047	NA	NA
GH110	56.56639	111.64958	157.53932	174.28644	157.37657	64.59554	32.96987	59.29261	106.74998	219.26655	116.94463	244.03953	71.36484	154.85143	47.27702	36.22669	26.51321	222.2811	201.22459	149.4382	107.60246	348.99277	177.32293	145.28391	160.95832	25.00426	192.1825	49.19979	40.3522	64.72439	102.12302	53.98713	144.76724	147.91812	119.86531
GH111	0.23873	NA	0.10131	NA	0.33423	0.11806	NA	NA	NA	0.03977	NA	NA	NA	NA	NA	NA	NA	4.65861	0.91991	NA	NA	0.09172	NA	NA	0.20932	NA	NA	NA	0.08506	0.08745	NA	NA	0.19611	NA	0.39478
GH112	85.80562	80.63824	103.08485	59.68097	106.88553	166.18649	73.47211	56.41801	52.06544	73.66346	162.5077	65.83767	140.35189	131.57042	98.97925	54.04498	49.96905	65.68025	41.72633	124.40478	122.33547	65.94111	121.80396	101.11675	80.51173	78.77196	91.44568	138.81558	105.44251	85.07191	85.30524	99.78378	65.66721	83.34414	86.26287
GH113	40.49758	44.22914	31.81471	14.51952	22.5765	34.62783	6.79502	4.42001	8.44877	22.62912	40.24424	15.84876	22.90023	15.67278	21.42302	13.56528	10.06054	24.54223	80.78974	23.56579	16.35697	11.50968	35.92224	18.54644	26.67517	16.90464	37.70542	17.26627	29.97419	14.71204	18.64448	19.66608	16.47756	13.44502	35.10416
GH115	202.45446	465.00251	220.50626	447.21214	432.44772	145.85921	528.20944	588.60399	202.96034	632.75119	464.69133	384.37203	185.94284	338.97834	606.27353	635.72249	697.99797	384.92578	751.04239	376.30935	349.83153	531.76956	351.10353	140.81302	455.76036	618.2166	578.4135	529.33068	165.77434	245.81313	379.8424	364.34186	216.33118	230.64445	347.93852
GH116	42.66524	44.96299	48.45877	21.78498	75.73166	37.16151	16.24576	3.3206	5.00094	69.28472	49.32834	83.71692	39.16054	62.94119	35.34979	13.63796	10.03142	44.24045	119.22613	49.71495	42.53485	69.71302	55.06764	61.04624	28.64221	11.25623	68.18767	38.5176	26.51987	36.97971	19.46394	27.46951	93.45396	134.70172	76.56911
GH117	8.84867	17.23115	7.39562	2.39056	30.60987	8.94593	2.21577	1.6485	1.30288	45.37703	21.22279	78.32209	15.30211	28.86918	11.69873	3.39721	4.8431	32.57446	52.66793	15.49264	24.04595	30.87725	51.12789	13.45979	9.66962	0.27502	9.10774	1.17669	2.52335	8.7668	1.79075	1.67989	18.88508	61.2973	23.40955
GH120	136.70146	24.78541	30.31889	16.78688	69.79257	86.04999	17.63997	10.49764	78.74754	61.70591	58.55719	44.25786	73.10403	58.26548	20.93656	10.31887	14.16784	47.95907	38.21852	71.97225	76.37756	59.22911	82.30838	19.31274	45.65504	18.14389	41.30661	177.77498	54.2079	24.17557	32.29367	37.2364	64.1032	38.03675	98.45034
GH121	11.91029	0.60228	2.43925	0.17199	1.99189	9.23374	0.04355	0.02394	1.38096	6.02727	3.085	5.92976	1.61392	2.12498	0.4085	NA	1.0171	6.66231	3.9224	2.389	1.49686	0.30996	4.35296	1.72327	5.5801	3.59901	1.48934	88.80383	0.54191	4.64989	1.15391	0.07137	2.90961	2.17959	1.71641
GH123	33.51291	50.2564	76.51928	97.76276	120.38804	42.32638	38.70958	48.10731	49.03748	128.52807	80.36953	150.92673	41.0293	83.4294	23.4679	19.20999	18.26818	98.53641	110.19257	102.55261	79.05101	157.8829	106.43931	66.47202	84.21136	14.08447	90.36352	24.62179	40.22327	45.89622	37.15483	28.70429	60.38973	72.10615	57.25633
GH125	113.81012	146.67739	101.95813	142.11517	270.44888	71.77469	242.99352	239.15832	74.91219	388.7408	160.82187	203.34843	162.34972	253.27629	272.31167	79.54879	72.09393	250.84633	357.88648	219.98984	133.55775	325.82068	164.79566	112.62205	135.34134	43.12997	348.32513	283.81973	69.85561	72.25948	219.95147	132.92424	209.04465	391.87408	246.58775
GH126	24.78068	5.75992	1.89517	1.79281	5.38716	12.04366	0.40887	0.33234	3.80312	0.11689	10.17277	0.6435	12.22431	2.07859	0.86879	NA	NA	1.68467	2.08234	0.21961	4.97674	NA	NA	1.77862	0.40261	NA	NA	NA	0.09612	0.92132	0.78436	0.19617	13.92253	4.64517	0.34684
GH127	215.34701	209.03808	225.23043	405.80627	355.26645	200.50184	235.0523	247.03752	200.48296	448.35455	337.78756	333.72259	239.24625	257.66654	261.39735	432.69389	470.3131	235.00544	324.23429	254.24252	231.52912	460.66978	283.4796	151.41368	290.18283	440.79229	501.20185	502.3344	166.58928	190.22724	243.8289	297.71396	196.17595	238.95187	289.19214
GH128	2.46491	2.90576	2.16497	1.25951	5.30228	1.39649	3.12529	4.26463	7.59228	NA	1.57827	9.35285	7.94203	3.92383	3.35945	4.22673	1.60983	0.07964	0.11813	10.55752	1.81321	1.69575	2.05128	NA	9.71216	1.87995	3.38834	0.74324	5.77818	9.84599	7.41036	9.1162	10.08798	1.94425	2.64496
GH129	1.98829	6.23089	5.75973	2.2332	8.91943	15.65746	2.31959	2.16783	16.1213	7.29232	3.69129	4.87659	9.02608	7.8727	4.19325	1.3647	1.30336	12.48483	4.96128	12.07967	10.57309	3.75098	4.20129	2.58953	11.92853	4.0559	4.07897	8.92445	5.15533	9.98147	10.80868	17.6387	3.16876	11.46619	9.40919
GH13	7353.38042	6489.01907	5242.94999	7303.22479	5498.29572	5713.56928	8384.86149	7484.4419	6493.98103	4810.00974	6366.956	5419.88888	7909.90214	5673.33067	7368.55058	8933.90997	9203.09842	5519.62357	4908.58335	5938.30908	5350.87489	5424.41844	6481.227	6098.9357	6225.21599	10167.34528	5867.21315	9978.04506	7440.82384	6802.07408	6515.55577	7576.65393	4975.05736	5381.47113	6235.21846
GH130	328.24762	284.13461	271.37485	243.77738	373.51814	236.69198	218.06763	219.28608	177.47628	484.97544	458.5078	388.3285	307.38178	314.22482	292.58066	191.30841	158.56706	437.02469	438.17498	359.4083	303.77335	519.91279	368.31285	231.47035	312.14223	301.08538	519.02823	382.30105	188.91713	206.15028	218.79745	280.9326	309.71095	313.32992	294.03618
GH133	52.44748	122.29544	92.79744	197.14811	122.28424	45.14306	166.6359	148.91583	76.88807	156.21154	97.05007	144.20953	101.64856	167.66415	193.0643	240.9342	242.68405	165.70928	168.7719	144.56038	105.50379	142.44739	137.56842	117.4731	133.07377	187.74908	179.97504	125.51167	115.5751	95.61841	144.315	141.14984	94.5937	139.89639	116.5945
GH136	28.17488	37.38227	38.22916	20.10174	30.3729	27.63488	15.08992	8.21112	11.39388	43.15506	53.28656	71.09942	75.94909	24.39415	18.03917	13.3676	11.0981	25.3935	12.38405	62.02347	54.70237	91.89338	53.77391	36.92889	19.85474	14.9779	42.3371	30.44661	35.61858	27.14485	27.80248	27.33884	22.53304	34.07524	66.43902
GH137	15.12532	15.64035	25.9265	23.78845	46.03004	11.07021	64.28836	69.69196	12.68077	99.45859	48.72504	31.12506	30.62233	26.72554	8.98888	7.18649	9.76646	44.56587	64.03901	45.07383	32.7733	92.91313	22.40956	30.34309	25.12474	3.65412	35.96913	10.63721	17.93834	8.61869	14.05444	43.59737	23.24029	26.03031	57.52569
GH138	21.8165	31.91255	39.84989	57.76651	85.95189	21.62051	191.56223	188.83935	23.03958	187.99433	68.65365	50.29084	42.82363	44.04494	21.47235	8.91988	12.46428	70.62221	120.79165	89.72338	48.57399	154.24275	36.36913	32.21811	62.54511	10.09287	85.17894	26.42535	29.40973	19.13524	28.93456	71.57578	34.20974	46.8593	114.13331
GH139	16.77601	17.14303	27.0468	31.68165	64.39001	12.26581	4.49342	7.36071	4.75242	121.88343	51.52854	44.17451	31.79222	44.24754	12.74475	15.66703	10.12739	48.01894	89.0952	56.68577	39.22902	98.13316	33.36543	23.29797	39.68872	8.10267	48.82144	13.4824	5.29299	8.65997	7.72942	4.98244	19.09967	31.17053	64.89997
GH13_10	0.61888	0.90097	NA	NA	NA	NA	NA	NA	NA	NA	NA	NA	1.13307	NA	NA	NA	NA	NA	NA	NA	1.26498	NA	NA	NA	NA	NA	NA	NA	NA	NA	NA	NA	NA	NA	NA
GH13_11	75.0083	18.29147	18.61414	13.57356	41.9673	63.2467	25.85548	14.42028	72.17374	23.73602	38.91577	28.53436	74.12425	47.26842	28.57598	21.17924	19.07169	32.90512	19.73824	50.1724	40.3177	52.32168	58.1238	48.68451	26.53899	26.81683	22.74065	138.87627	56.77963	119.99541	22.07818	22.34406	45.48581	57.08521	61.94973
GH13_12	0.24165	0.5457	NA	NA	0.94352	NA	0.07102	NA	NA	0.09648	0.0706	0.89859	0.63601	0.062	0.11484	NA	NA	0.0951	NA	0.40544	NA	1.41271	NA	NA	NA	0.16867	0.15323	1.28081	0.30229	0.04315	NA	NA	NA	NA	NA
GH13_13	NA	NA	0.25834	NA	0.0587	NA	0.09962	NA	NA	NA	NA	NA	NA	NA	NA	NA	NA	NA	NA	0.1062	NA	0.11953	0.30115	NA	NA	0.06751	NA	NA	NA	NA	NA	NA	NA	NA	NA
GH13_14	222.13152	146.54615	78.04385	170.76925	118.14219	71.42614	195.7144	154.81058	104.71418	122.41499	162.43366	175.3142	176.68631	125.41385	195.66284	175.34614	192.03242	172.95941	143.48307	137.82994	98.44548	151.15917	189.96255	132.34898	130.12248	210.58164	164.08561	207.99783	139.36435	104.24116	151.87314	207.41814	93.05782	135.94236	135.49621
GH13_16	0.87821	1.10624	NA	NA	0.06589	NA	NA	NA	NA	NA	NA	NA	1.20589	NA	NA	NA	NA	NA	NA	NA	1.85113	NA	NA	NA	NA	0.20233	NA	NA	3.38399	1.15373	NA	NA	0.12276	NA	NA
GH13_18	12.72863	39.96314	29.88028	9.30728	43.28341	33.60526	21.25896	9.94512	31.47977	25.0761	36.38637	18.91012	46.10243	34.71351	25.58522	20.67702	11.46047	19.41638	12.91442	39.36767	16.99222	21.85984	35.48279	19.31333	18.33253	24.7921	14.50987	104.1863	37.68855	11.76306	25.60418	16.86213	22.67018	38.99038	39.05372
GH13_19	67.61082	30.60077	4.53553	8.21388	9.26103	4.70159	32.22019	19.95195	12.39413	2.75124	36.19627	22.41035	32.83392	4.71903	5.11639	0.63806	0.48871	23.86065	11.53897	10.98034	2.17243	11.03655	13.87942	42.34091	1.42717	6.03817	4.28319	4.60571	22.23399	57.3123	13.47101	68.2384	16.2602	7.41414	20.42043
GH13_2	2.02488	12.14551	5.86611	0.27982	1.5257	2.77316	1.14363	1.61189	0.3291	1.41303	1.72357	0.74052	3.67663	2.7838	3.37911	1.00375	1.1532	7.22362	1.97622	1.1894	1.01576	NA	0.25528	0.194	0.15799	0.34149	0.96405	5.08332	0.70235	2.84247	2.59229	0.63005	2.49596	0.13811	NA
GH13_20	34.25654	99.66064	61.81742	10.55483	47.40659	68.79177	49.12598	26.18277	66.98487	17.51023	70.53428	19.35544	81.72497	47.39655	29.58566	37.89292	22.92258	11.47746	8.70596	74.31089	71.93808	33.47651	45.19563	68.23839	36.08303	60.79157	25.91022	39.37618	116.67725	92.93139	48.13475	77.04784	59.64885	43.57868	46.06397
GH13_21	0.84253	0.16639	0.91557	2.40367	2.27901	NA	6.81706	2.60876	NA	NA	NA	0.62485	NA	0.02488	0.07196	NA	NA	0.89198	0.55114	0.38907	1.29158	1.78607	0.26361	0.06239	0.27735	0.1491	0.14794	NA	0.2963	NA	NA	NA	0.44629	0.10187	7.44002
GH13_23	NA	0.11386	NA	NA	NA	NA	NA	NA	NA	NA	NA	NA	NA	NA	NA	NA	NA	NA	NA	NA	NA	NA	NA	NA	NA	NA	NA	NA	NA	NA	0.07289	NA	NA	NA	NA
GH13_25	NA	NA	NA	NA	NA	NA	NA	NA	NA	NA	NA	NA	NA	0.05294	0.22773	NA	NA	NA	NA	NA	0.09964	NA	NA	NA	NA	NA	NA	NA	NA	NA	0.32296	NA	NA	NA	NA
GH13_26	NA	0.22504	NA	NA	NA	NA	NA	NA	NA	NA	NA	NA	NA	NA	NA	NA	NA	NA	NA	NA	NA	NA	NA	NA	NA	NA	NA	NA	NA	NA	NA	NA	NA	NA	NA
GH13_28	168.34896	38.37293	19.15624	98.8122	18.60802	22.37856	133.63163	118.69055	46.89754	19.94296	32.72355	39.13545	73.66106	9.89069	13.3549	273.01647	288.91499	47.7802	31.6746	9.18055	4.19164	13.26484	42.03151	81.67511	69.90182	235.92775	11.16953	87.98968	59.14882	52.11223	73.61948	127.55167	35.76658	19.79278	35.20581
GH13_29	6.70358	4.59623	7.32807	6.32535	2.65662	0.50817	10.00257	5.6212	3.75437	4.95647	2.75557	7.55996	13.34681	4.49918	3.69236	0.3482	0.47266	8.45791	4.0535	5.29679	5.49736	7.03168	10.12415	11.13771	4.72327	0.99945	5.55986	10.86168	4.08614	4.74367	10.55978	3.48275	3.38221	1.87736	17.97968
GH13_3	6.47609	1.10993	4.41139	3.53892	7.58749	12.21519	0.30009	0.14849	10.88673	11.57288	3.90569	5.89364	9.19475	5.96948	2.29587	NA	0.10416	2.88587	2.88339	10.78808	4.03432	1.86251	14.04766	NA	5.79988	2.91907	2.83355	52.56628	1.81317	6.43331	0.35957	2.00344	1.25442	13.0827	11.67063
GH13_30	1.30087	3.52892	2.88296	1.47135	4.35934	8.23826	0.11301	0.11458	14.69906	14.1916	3.41693	7.77183	17.31474	5.45949	4.23861	1.40291	1.35227	5.65337	1.31829	10.61115	2.84559	4.23016	23.34377	2.07111	4.99203	3.61917	1.30634	4.3448	2.07355	0.18288	1.41305	4.74069	1.78828	14.89563	14.87602
GH13_31	53.18638	27.17839	19.91771	17.47411	39.28602	80.81127	23.71191	14.19822	37.7017	18.93356	33.08384	25.32956	58.44412	31.89593	23.66031	23.50793	13.90719	25.20438	16.96879	37.12254	44.27065	42.11258	48.44746	50.08971	32.07185	29.23424	15.68468	94.84476	60.42605	18.89503	36.8919	27.69453	52.09432	39.49628	38.99396
GH13_32	4.87988	2.2248	NA	0.7324	2.44359	3.00983	NA	NA	12.83566	5.73854	1.58442	3.31805	10.33157	2.54339	2.50356	0.41711	0.72973	0.71197	0.68872	5.3757	0.97241	1.65778	11.52245	NA	1.2766	1.41107	NA	19.82582	NA	0.99117	0.56957	3.64959	0.86224	7.40672	8.46398
GH13_33	0.25881	0.22307	0.55922	0.80479	NA	NA	NA	NA	NA	NA	NA	NA	NA	NA	NA	NA	NA	NA	NA	0.32082	0.13899	NA	NA	NA	NA	NA	NA	NA	0.1644	0.35733	NA	NA	NA	0.93252	0.70064
GH13_36	73.94973	50.49796	25.44869	5.32099	23.9318	35.30054	25.01713	7.63862	15.35746	4.96327	61.75602	19.32757	53.60677	25.79395	32.11233	12.7335	8.41958	22.27541	10.79314	32.36529	35.37244	14.78152	26.80715	30.57389	9.61512	28.07928	10.98468	19.19687	59.36013	25.30754	18.97849	47.67305	35.47241	25.37591	31.67265
GH13_37	NA	NA	NA	NA	NA	NA	0.08665	NA	9.87561	NA	NA	NA	NA	NA	NA	NA	NA	NA	NA	NA	1.54446	NA	NA	NA	NA	NA	NA	NA	NA	47.50509	NA	NA	NA	NA	NA
GH13_38	32.66288	98.2796	78.51075	191.76021	94.47793	36.54059	156.90578	157.95129	85.01269	152.59718	60.13514	140.16099	48.10954	87.49952	141.74874	227.81668	247.13797	87.75421	156.32219	113.27844	78.78421	112.28564	108.12747	64.1023	115.00606	215.64189	163.29509	107.98401	86.63561	82.05177	123.74649	129.9856	52.3352	127.1273	93.47925
GH13_39	113.0776	62.81019	90.22822	42.62132	43.62016	81.36235	59.12913	78.64217	96.79841	32.68008	87.91631	45.25739	67.94498	59.24906	49.56294	19.49056	16.54304	52.39711	22.32371	50.54859	60.93147	23.40421	51.61542	78.72527	27.4238	15.88116	33.57368	46.36433	52.31731	80.24627	53.98813	53.99608	96.67418	49.69092	74.45819
GH13_4	25.91971	23.10045	24.07773	9.53283	36.8827	73.57109	16.51015	8.98781	12.68739	17.0751	27.88087	16.02816	49.59511	18.09308	29.85463	20.41711	19.32638	14.89479	16.89943	25.22344	24.89995	33.67388	20.33776	32.15859	22.05769	31.69137	19.76353	87.96803	25.84771	24.74134	22.87023	22.19553	20.3065	16.89554	29.54249
GH13_41	8.29012	24.0725	6.52627	3.6839	13.07722	21.20981	9.66876	4.90984	1.87269	1.70935	11.43764	0.17134	30.44161	27.08154	17.88914	12.33632	8.46061	0.0559	NA	8.1047	7.57347	0.82702	8.27588	8.50209	8.76948	18.9295	5.6808	16.03644	52.9875	3.2038	7.1317	18.2269	21.90178	26.17367	18.39469
GH13_42	142.48801	28.62211	75.02406	337.89249	20.04265	10.58632	342.34881	301.83483	82.81808	1.35327	28.05746	37.04276	69.71202	9.62449	13.30187	751.98865	921.89114	56.10866	35.00676	9.15342	3.74253	11.77226	34.79205	11.45285	179.05616	652.13604	243.81801	259.1222	79.45215	124.64219	191.36463	224.36368	32.81038	16.70253	35.24778
GH13_5	16.94442	46.32083	42.33355	14.91465	18.62664	13.52221	19.73798	9.1759	38.131	13.43349	15.60267	7.27249	18.94836	35.66102	35.45755	1.75656	4.11499	69.00196	34.96824	15.53835	25.64079	71.31422	5.27386	27.80464	28.51316	18.49951	11.34171	5.16686	18.80021	25.57657	23.81612	21.63069	25.3647	5.16337	28.88021
GH13_6	NA	40.87052	34.7073	162.88425	NA	NA	150.95198	147.51285	56.0587	NA	0.17097	24.78894	22.65344	29.1237	152.19093	258.78547	264.84383	0.18508	0.18301	9.90811	7.33766	NA	30.77863	NA	53.46122	184.48561	85.77906	103.68506	57.95391	71.06529	116.99056	118.09855	NA	0.22319	NA
GH13_8	53.56141	108.99831	99.71592	211.7952	118.5594	41.06318	194.45174	194.73094	95.57876	156.0341	90.5017	156.05342	77.17265	137.28211	157.12819	266.93034	268.10097	170.54247	181.90438	127.96528	109.92947	117.73682	123.24919	95.70024	142.61243	210.81277	163.61005	97.52414	80.86823	93.39897	142.52242	127.05589	68.26042	140.32292	85.96128
GH13_9	399.6116	265.51262	229.35865	90.51866	183.45238	305.94595	185.97772	171.19821	310.62045	106.56374	307.72301	138.7104	331.88908	182.7261	208.27363	107.54498	106.83778	172.00794	111.88166	211.76276	241.65076	157.72009	215.17439	267.66693	156.05832	157.92673	140.15618	345.57818	257.57713	285.47572	195.50269	252.45279	248.6152	147.60034	218.48684
GH14	0.44315	4.94589	4.08023	7.90606	2.7037	0.96076	30.15459	36.83164	4.48203	1.50133	2.03121	1.97677	NA	1.41256	6.82581	7.62333	14.64272	5.02536	1.80544	NA	0.93107	5.85449	0.24281	1.56395	7.01456	12.68673	NA	NA	0.42663	12.98436	4.76807	11.26479	2.60316	3.18012	1.46389
GH140	96.4514	84.63755	109.14043	103.64202	256.38898	101.82466	110.44084	118.62186	44.68478	407.18347	252.92896	156.92189	114.86006	136.50293	73.21365	56.88064	54.26044	270.23342	330.7406	208.85051	174.19273	325.69545	138.82353	94.52523	159.55772	24.55178	177.38228	61.37668	45.62292	65.96322	40.76895	70.87556	113.07583	136.46337	194.07766
GH141	17.51986	28.53763	34.4934	44.59623	77.26032	19.42914	59.91893	71.94701	26.8444	144.73381	69.79101	44.19489	44.23733	35.76007	12.8879	19.08085	15.27667	60.1062	106.8887	61.42932	39.28047	135.29595	33.47299	27.60399	44.14352	10.35362	137.62839	102.86382	17.32437	11.82714	16.00812	40.55423	26.84199	38.76285	56.93309
GH142	17.90925	22.92033	28.41368	38.38351	67.34343	12.36265	67.4413	68.17117	52.84792	129.62271	58.69461	38.20993	32.36521	34.89065	14.48071	10.51722	10.85692	44.55133	81.03751	54.66775	34.80892	123.68637	27.29669	34.53594	31.98007	7.32167	59.11216	12.22284	18.5411	11.74397	12.48492	40.05059	28.87476	29.23881	66.21128
GH143	14.14127	13.93843	22.31678	24.88327	51.40245	11.19081	76.09807	75.8807	14.89467	101.05297	52.24739	33.79139	31.96045	26.14134	10.43511	11.08815	5.30569	44.67942	65.5036	60.80632	42.84464	95.95008	25.62239	27.65197	30.5419	5.72458	42.93348	10.51131	16.14763	10.60691	12.17335	38.9416	19.28761	28.20816	59.02206
GH144	73.57626	83.9756	59.18546	57.86897	189.08978	33.27299	7.44921	6.09063	8.08646	266.83851	159.72158	110.34541	64.25902	116.16696	53.76124	43.96097	31.41273	159.14021	319.08975	107.96276	94.71529	183.87562	90.48063	77.23326	99.62948	14.76546	191.40941	118.17631	28.01028	21.2573	23.68393	9.02246	125.83365	275.14695	143.11817
GH145	19.94263	47.46558	44.90898	55.70828	106.0023	24.68488	0.44695	0.50064	0.56803	184.46515	76.3419	140.45021	40.3723	84.0216	25.76638	16.94498	15.50157	67.9777	149.78118	87.13072	53.31145	139.63952	113.30698	28.89835	63.56175	11.43761	110.11326	16.4143	8.1453	6.94416	15.90181	4.72528	36.01106	95.59654	67.75634
GH146	157.87405	144.24859	110.4384	190.66007	251.95517	94.98505	44.00093	51.8684	52.92363	223.97451	166.42106	209.10322	88.6859	145.77822	186.90233	198.51432	230.59061	129.48333	169.33017	129.99194	172.8134	277.45339	144.22071	106.94776	164.7419	169.65101	216.26704	135.51852	34.35067	74.81291	90.17369	140.55296	145.67392	142.275	139.69847
GH147	26.88521	25.77483	11.15831	10.37531	67.9709	13.29974	1.1675	2.37786	7.32781	48.37564	26.02058	10.39719	12.85832	30.30069	9.60086	9.07778	5.35457	89.11762	83.50199	48.0256	51.14562	24.5413	10.94276	12.76061	27.56897	3.4426	66.10887	10.03252	15.28137	10.86174	10.16642	4.92063	35.60062	27.61903	26.70639
GH148	2.66473	129.31091	5.43596	3.14363	8.52652	8.79448	2.03953	10.73008	21.19445	1.40983	13.73579	0.60377	4.20329	8.02981	5.00394	0.65945	0.38167	1.63986	4.01251	4.22406	10.03234	10.58223	1.95518	18.18888	1.23729	1.67945	3.68673	3.01898	3.83345	3.98833	1.97933	4.30539	11.05677	0.73374	14.0822
GH149	NA	NA	0.24768	NA	NA	NA	0.01584	0.0879	0.83464	NA	NA	NA	NA	NA	NA	NA	NA	NA	NA	1.36366	NA	NA	NA	NA	NA	NA	NA	NA	NA	NA	NA	NA	NA	NA	NA
GH15	35.04737	52.52994	47.29164	35.46696	93.35022	27.29984	8.53454	8.57192	11.23943	163.70136	59.99945	47.15547	26.98693	68.59266	34.77018	16.6999	20.39868	69.95688	158.74116	104.77446	63.86619	116.55137	36.46844	40.39758	89.16261	14.10896	72.47065	15.77871	10.72934	16.11601	16.97986	7.23924	68.29492	119.40089	85.4885
GH150	0.27941	1.2999	0.03907	0.34016	NA	NA	20.2751	17.24397	0.13749	0.21577	0.37381	1.16146	NA	0.72728	0.09516	NA	NA	0.11464	0.34008	NA	0.53356	NA	0.06831	NA	NA	NA	NA	NA	0.02815	0.73737	NA	NA	3.38492	1.79086	0.23992
GH151	14.39389	22.63842	4.28865	0.1935	2.5068	13.35734	8.78334	17.42268	35.74577	1.26835	2.9284	NA	3.08144	2.8292	2.9947	2.73733	1.21575	5.2673	5.00713	5.07458	10.45297	2.05345	1.11745	6.79707	0.77158	0.67807	3.31731	14.44926	7.35908	7.9152	5.99671	4.82848	6.70235	1.86316	2.99845
GH153	NA	0.85345	4.52363	2.23416	1.72366	0.25591	1.64212	1.20932	NA	0.32624	0.48815	1.1042	0.75262	0.51614	0.10811	NA	0.09893	7.63303	0.95525	1.691	1.17238	1.19464	0.32667	0.15091	0.15141	0.93169	0.98176	0.60312	1.6217	NA	0.10334	0.59866	0.48489	NA	0.25651
GH154	146.56594	156.9005	144.82353	253.09842	318.78725	103.61729	156.51123	127.98146	68.81658	266.14664	208.08426	245.23465	151.04131	217.53091	230.37569	163.6653	182.44784	162.39587	242.51676	260.81728	191.08845	292.04211	197.15732	103.46172	168.73434	43.87088	308.62156	180.10956	61.10284	88.11854	175.34422	174.34516	141.93456	206.83858	250.86884
GH156	1.47161	5.7818	5.33149	1.8335	1.89118	0.38463	1.09702	5.69652	13.29711	1.5435	1.12053	0.71755	2.14165	4.81395	1.01699	0.55982	0.52386	1.58031	1.63306	19.23868	13.46067	3.6688	0.29992	1.34685	3.6174	0.60799	4.98697	0.93536	1.89906	5.16255	2.84895	3.41873	7.70822	3.09906	2.7507
GH157	NA	NA	NA	NA	NA	NA	NA	NA	NA	NA	NA	NA	NA	NA	NA	NA	NA	NA	NA	0.31052	0.52629	NA	NA	NA	NA	NA	NA	NA	NA	2.82097	NA	NA	NA	NA	2.62393
GH158	3.6394	8.68827	5.03956	2.7998	10.75519	0.98513	NA	0.1245	11.67737	20.74667	10.14068	11.22091	10.49586	2.88086	0.6231	6.35604	2.9309	6.82843	28.99537	10.32113	2.15811	11.29166	8.83136	4.41443	10.69786	0.64807	11.04584	1.4265	3.00979	0.63243	NA	0.18585	16.93326	35.84151	19.56801
GH159	14.48678	7.41794	10.54821	9.49244	26.90145	5.85646	4.16939	2.95871	1.54011	15.52567	10.05289	10.55912	5.51765	8.78761	6.06613	5.53782	2.93789	8.76537	3.57635	6.30916	6.52095	55.73473	10.12003	20.00909	13.41014	2.99428	14.92983	5.21864	3.94889	4.95679	3.68541	1.77638	17.27759	3.73705	13.66524
GH16	446.84933	505.97779	702.32079	584.36101	715.23523	427.13627	438.86697	403.07638	605.96081	512.68214	448.72585	702.21456	446.96393	749.35212	454.87862	517.45695	510.44163	466.08369	540.93738	544.07626	472.14607	779.70179	435.25504	301.44571	562.74745	365.19635	683.14167	296.85395	477.13564	445.53753	628.12961	541.204	556.40546	571.42686	466.61594
GH161	18.11239	6.49582	12.78674	8.1258	4.42715	23.21283	9.05174	3.37187	27.40575	3.99142	5.18326	6.95462	8.65438	18.18263	10.15612	11.1988	8.61103	1.23993	3.49146	16.39358	17.59428	9.27334	12.70707	10.57597	5.28697	4.95504	12.57166	2.83742	35.00775	14.51041	13.09467	16.45857	8.44822	10.76091	7.75826
GH163	8.59065	24.6838	20.46101	15.2739	23.73196	5.23333	32.76705	29.80686	18.16743	36.50442	38.46586	54.14388	9.61869	32.20939	7.23751	23.23907	16.56244	28.83936	45.49584	92.29965	78.2503	51.29579	55.63399	28.96791	17.97102	5.32742	29.05092	5.47635	43.89935	22.87544	19.73457	17.49622	20.37408	18.50917	14.92499
GH164	0.74159	4.48067	1.64875	0.94464	1.96071	0.36369	0.0793	0.02452	NA	4.14616	3.95479	0.07696	4.35893	2.05705	0.99783	0.73361	0.35541	46.00237	5.97102	1.04954	2.60613	31.40304	0.14258	19.19192	0.46178	0.04969	0.05164	NA	0.12737	1.6752	1.10875	0.17544	4.4652	0.41254	0.83539
GH165	8.54707	7.12779	9.91704	11.18812	33.14156	10.17975	5.91442	3.79059	10.40383	49.27307	21.45338	24.41886	8.51272	16.14334	6.07586	7.0044	4.2542	21.00084	53.15782	43.59563	19.11254	36.76684	18.26386	12.99782	15.94843	2.05978	46.41863	10.03917	8.86015	2.32393	4.91013	3.32879	14.14675	12.20478	63.5459
GH166	5.82189	16.40971	30.30135	5.39111	11.76812	6.34568	12.23758	4.63142	29.00863	5.41892	25.22594	8.23628	22.53855	11.06024	16.60935	6.56473	3.97217	0.41587	1.1396	23.75429	17.02247	20.98049	25.61296	17.20859	12.43772	16.22232	5.29883	4.67464	36.42311	18.84824	15.3578	22.94098	5.4037	3.89698	17.27881
GH167	0.31684	11.11891	0.41449	0.24138	0.72447	3.78363	0.47345	1.84444	2.28392	0.23758	2.14925	0.91566	0.84342	0.95624	0.44411	1.27784	NA	0.17038	1.36684	1.17845	2.66681	0.18914	NA	1.28228	NA	NA	0.19803	0.41553	0.77928	2.33741	0.42585	0.24177	4.51377	4.46264	2.78996
GH16_12	NA	NA	NA	NA	NA	NA	NA	NA	1.04298	NA	NA	28.42928	NA	NA	NA	NA	NA	NA	NA	NA	NA	NA	12.78465	NA	NA	NA	NA	NA	NA	1.73409	NA	NA	NA	2.56064	0.48539
GH16_14	NA	NA	NA	NA	NA	NA	NA	NA	6.1627	NA	NA	NA	NA	NA	NA	NA	NA	NA	NA	NA	NA	NA	NA	NA	NA	NA	NA	NA	NA	1.33572	NA	NA	NA	1.45536	NA
GH16_15	NA	NA	NA	NA	NA	NA	NA	NA	NA	NA	NA	46.06411	NA	NA	NA	NA	NA	NA	NA	NA	NA	NA	18.82033	NA	NA	NA	NA	NA	NA	NA	NA	NA	NA	NA	NA
GH16_16	NA	NA	NA	NA	NA	NA	0.10026	0.12402	0.15884	NA	NA	28.8697	NA	NA	NA	NA	NA	NA	NA	NA	NA	NA	12.0459	NA	NA	NA	NA	NA	NA	2.30002	NA	NA	NA	0.98691	0.49108
GH16_17	0.10992	2.52957	0.49061	0.79473	NA	NA	0.10262	0.5058	14.08991	NA	0.10345	1.08622	NA	0.30873	NA	NA	NA	NA	0.10437	NA	NA	NA	0.42323	NA	NA	NA	NA	NA	0.55437	1.56148	8.26082	10.96195	3.34769	5.6511	0.61625
GH16_2	NA	NA	NA	NA	NA	NA	NA	NA	NA	NA	NA	NA	NA	NA	NA	NA	NA	NA	NA	NA	NA	0.11213	NA	NA	NA	NA	NA	NA	NA	NA	NA	NA	NA	NA	NA
GH16_21	50.47423	7.86778	16.30758	8.00174	1.38873	24.28206	1.75661	1.72429	3.53821	NA	1.7628	NA	5.73864	1.0064	6.26551	NA	NA	0.13617	NA	2.90067	5.36807	0.23548	6.52072	4.12043	2.04414	1.56448	1.47691	9.4643	0.52013	0.66162	5.88996	3.56294	1.32648	3.55743	17.54945
GH16_24	4.80475	4.08981	0.46219	2.05918	1.7275	0.36856	0.05626	0.0666	2.39112	7.22774	3.50665	1.30364	1.43866	3.64669	1.70092	NA	0.35858	6.4508	3.53594	2.70161	1.20986	5.46734	0.77984	1.07098	2.30738	0.23599	6.6919	1.21379	0.66463	2.04318	2.30821	0.24345	9.81299	6.68333	4.39511
GH16_3	59.04863	80.67402	109.82288	127.61166	153.3779	72.74178	126.13287	111.15155	108.3296	88.02381	86.80684	88.30599	77.6357	163.53972	86.82792	239.26039	249.95877	75.09839	87.96765	120.27024	110.42588	151.96959	52.24694	61.96123	107.31112	98.1574	113.08978	19.9546	75.37818	87.76265	116.16988	102.57836	89.3113	79.51921	71.42923
GH16_6	0.68575	0.78053	0.11498	0.55779	0.8934	1.24638	NA	NA	NA	NA	1.17846	0.51305	0.10424	0.16907	0.20266	0.47216	0.94687	0.03422	NA	0.24982	NA	0.06292	NA	NA	NA	0.78786	0.69775	0.50644	0.41089	1.22543	NA	0.08479	NA	1.02651	0.32777
GH16_8	NA	NA	NA	NA	NA	NA	NA	NA	NA	NA	NA	NA	NA	NA	NA	NA	NA	NA	0.05414	NA	NA	NA	NA	NA	NA	NA	NA	NA	NA	NA	NA	NA	NA	NA	NA
GH17	0.71538	0.93591	0.64622	0.16563	0.07948	0.19844	4.95812	0.79505	7.10036	NA	0.32315	2.474	1.17565	0.60344	0.55383	0.81973	0.39025	NA	NA	0.80186	0.61222	0.7111	0.98164	NA	1.38045	0.57986	0.26383	0.49066	7.87921	0.68077	0.25453	0.19474	2.34489	0.43643	0.65498
GH18	299.87649	433.72247	345.41901	256.80344	613.66416	393.74974	172.14148	171.26728	303.38718	619.40355	452.67244	475.72179	430.45532	464.13998	227.01917	209.70759	173.83947	739.28585	758.75113	588.72272	418.70574	839.54442	417.32944	441.59618	382.15314	147.48756	398.51838	243.42615	245.83284	267.61496	226.20228	173.23474	433.3262	603.78264	408.38296
GH19	2.01104	NA	6.09498	5.80486	4.15779	3.98334	26.25441	11.91295	5.97723	0.49428	0.36167	153.42573	29.58477	0.40408	0.26569	NA	0.34773	1.65194	1.07531	0.92447	1.3223	3.10542	130.44048	NA	1.63814	0.65776	3.08285	4.62468	6.07371	33.84016	24.50098	55.54419	2.92086	0.15331	NA
GH2	2130.28447	2164.50469	2196.38365	2820.28935	3506.73369	1854.6753	2704.4164	2789.00652	1425.74703	4161.99573	3107.87303	3019.72086	2141.11096	2922.2251	2883.73419	2236.2434	2313.4006	2700.98419	3450.56768	2890.75146	2586.04509	4533.12484	2734.75122	1951.13231	2536.52536	1812.90463	3355.19113	2460.02624	1499.91685	1644.53387	2067.47204	2099.15079	2139.12316	2874.64296	2758.6062
GH20	523.47577	753.85292	1082.01452	1433.90134	1433.77987	569.77804	1187.03376	1304.49849	528.29977	2054.72909	1118.90563	1200.6873	655.74954	1364.4616	1429.7041	753.5226	759.53933	1658.68815	2196.54713	1377.72203	1062.24322	2230.58333	1023.77796	742.90268	1226.18707	487.8979	1796.4391	987.76625	392.37571	633.70673	946.00227	686.11431	942.3926	1386.85972	1173.70759
GH23	418.1956	620.87692	562.84331	822.32671	795.78115	487.79864	789.61399	707.51233	472.09644	800.49419	685.52205	736.8032	626.69606	646.67108	710.64189	673.02221	694.49877	767.2814	768.6792	642.22677	529.1076	833.3507	711.27142	543.56643	678.45974	794.42825	740.94547	705.87199	546.75678	720.52618	698.26335	722.51783	496.14339	650.91627	667.84447
GH24	162.41073	241.76779	269.05281	647.10387	303.7559	98.94245	695.23181	741.78092	315.38902	482.05189	269.6604	434.23879	294.35904	239.66267	105.10985	363.38995	369.62108	395.63904	364.4847	339.65404	314.98228	259.04008	389.26949	176.60496	181.83052	183.30308	341.58543	196.39075	342.18731	819.95253	984.52088	636.2933	201.12974	352.62072	325.69373
GH25	539.39258	674.83995	604.54251	801.45896	459.19951	514.55108	792.10655	730.48155	577.778	507.30146	661.15754	516.62945	727.58807	516.25642	939.2864	804.59273	1024.20356	401.93779	423.59435	625.80141	585.51242	486.54674	587.87734	470.68561	667.22692	805.35077	736.04802	929.18917	659.44481	679.53933	777.06887	951.562	407.10674	422.03513	551.32441
GH26	251.9735	237.16624	129.524	158.79759	161.80281	107.21805	210.01844	212.47991	74.44645	140.37962	269.17174	108.33391	165.44632	170.26323	403.43145	52.91669	49.05499	248.57575	109.45248	107.87267	117.76196	165.38025	117.0834	119.23345	232.91035	518.97509	162.02484	157.48621	90.553	202.54771	120.46331	267.42984	163.11843	158.5638	177.87752
GH27	233.08212	177.43786	209.57459	237.10278	249.60765	162.22185	186.52643	216.57045	183.36296	252.88647	310.98348	223.3821	156.87337	140.72333	146.79129	88.35658	86.04146	220.59884	294.09799	289.88263	201.50839	313.87161	192.76362	132.57915	176.47994	41.24105	144.07641	81.03126	116.20359	191.93552	125.20343	125.29951	193.36427	215.72797	149.8499
GH28	571.43041	883.02043	717.83685	1306.07805	1444.91595	582.11839	1258.07574	1339.48821	521.70411	1722.61116	1339.26533	1245.03927	728.11116	983.8395	1664.8684	1304.57219	1437.98041	1035.94903	1699.00698	1216.64965	1118.81549	1599.95727	974.58388	626.89817	1167.7127	1450.31558	1608.26071	1251.41525	422.13979	725.1316	1100.68955	1131.11683	610.48821	927.99969	1005.06361
GH29	322.96302	431.95487	533.39235	593.88804	838.40011	383.76761	467.53068	476.47974	307.07987	1140.88463	646.65093	892.87884	390.07836	622.41652	449.91176	445.01611	399.59345	702.64279	986.81559	743.34292	563.99102	1094.43672	734.59208	400.19035	649.33535	297.86273	729.58539	424.37299	311.58054	325.08214	467.76639	362.24398	445.2795	711.2565	601.2009
GH3	2021.95554	1775.35602	1483.01681	1845.50616	2375.13046	1694.2264	1599.57117	1557.65977	1770.96383	2014.94327	2148.70169	1736.3854	1884.43213	2063.66485	2222.28148	1680.07066	1837.17169	1466.61536	2107.48303	2028.64186	1810.85301	2285.30287	1681.0952	1323.0423	1612.70533	1704.40266	2355.33902	2371.38991	1449.29394	1317.74251	1535.77833	1660.36669	1797.15004	2045.98426	1846.11291
GH30	59.7006	25.15818	18.73038	14.09905	42.08249	10.8023	9.34092	8.55427	28.80666	35.03826	53.3021	12.37227	17.62375	13.53254	17.63225	1.68702	7.9014	14.84215	35.34767	45.60165	40.25789	53.94553	12.27416	27.99097	16.92095	3.14079	59.78327	42.0977	21.0209	14.26588	10.4311	6.32398	40.22953	14.97205	24.96724
GH30_1	9.1642	4.38757	6.94396	2.55358	6.38285	10.78051	1.8835	3.4461	7.14267	3.11407	3.41107	10.19532	4.84353	4.8232	3.98266	6.60872	5.86288	5.41561	4.53786	12.0335	6.80482	4.24214	8.9147	4.56862	5.59778	3.20606	3.89505	4.48879	7.9292	0.80711	4.04649	3.11963	9.50984	4.28463	4.96861
GH30_2	25.35584	21.81578	11.72362	9.91404	45.66453	15.89097	14.78956	21.03568	6.04429	19.46669	26.66314	101.70555	43.41483	31.04524	20.24792	10.26636	9.12112	24.12405	38.67017	27.51293	46.87263	48.07252	72.71313	19.08796	25.98044	5.04868	22.74933	26.09619	7.08374	28.77139	79.28479	49.08956	15.4226	20.64099	40.37375
GH30_3	14.85409	14.57893	21.54033	48.82186	55.11277	17.15766	18.36942	27.86665	30.70044	35.14922	20.65255	18.53511	13.10311	17.3496	6.6597	22.6827	17.54059	60.70142	42.96	17.57277	11.183	40.92709	13.4182	17.13756	74.09913	190.94276	107.64531	95.5034	16.29836	32.45423	20.44383	69.26492	22.22207	36.79841	27.32598
GH30_4	35.52785	41.83238	71.74622	158.58823	103.53644	22.64515	27.49857	17.11004	18.37539	252.39513	120.36785	76.00785	41.47074	55.3707	28.26312	18.66191	11.98428	95.77198	204.54848	118.73148	35.78016	182.61242	51.28956	68.32406	63.85325	13.85407	224.03543	168.29163	67.67123	41.02286	93.75839	39.58833	81.50779	130.37829	107.91509
GH30_5	11.47198	4.76313	0.81774	0.10729	2.4554	9.35998	3.82463	3.74601	1.70152	4.12479	3.44412	7.87361	6.76982	1.72538	5.0692	1.5803	1.39986	3.27064	2.57082	5.85125	12.59095	1.75742	10.07237	1.48507	1.57205	3.81054	1.76761	8.44018	3.55564	0.95284	2.45132	2.38732	3.29107	2.24842	4.00534
GH30_6	1.16018	2.85336	12.16772	19.2176	12.0559	1.19869	NA	0.21026	0.63861	70.35575	17.85036	30.15066	4.00374	12.11621	4.27474	9.88793	7.70163	41.8088	73.96674	39.45504	8.21519	66.43254	20.87687	13.88401	29.47964	4.76919	38.4807	11.33142	0.83529	3.77393	2.60494	0.51968	9.07743	20.8479	20.21056
GH30_8	18.40009	5.13893	4.21287	0.88878	14.06082	2.79325	0.53182	0.52116	2.01909	2.83959	11.74562	2.23932	5.59672	3.02883	6.81144	4.00131	2.96544	0.62919	3.65925	12.6485	10.80297	10.30111	2.96371	10.07926	3.30946	0.15515	7.05061	1.39886	1.5885	1.75931	1.89585	2.03455	7.51915	2.4337	8.82152
GH30_9	NA	NA	NA	NA	NA	NA	NA	NA	NA	NA	NA	NA	NA	0.05512	0.03943	NA	NA	NA	NA	NA	NA	NA	NA	NA	NA	NA	NA	NA	NA	NA	NA	NA	NA	NA	NA
GH31	699.95796	679.54126	506.22836	687.41177	895.9766	640.55791	718.26499	686.65109	407.02602	1048.21738	760.70672	829.76706	809.26845	913.61887	1086.21075	805.62597	897.53344	703.25873	1108.73544	770.70184	714.42857	1115.63199	776.20174	510.75846	670.32792	450.30388	922.78907	848.97604	553.6172	469.60003	591.78524	730.44619	665.94931	842.02438	817.17286
GH32	280.27125	329.18224	396.52592	637.74201	341.84744	391.62388	469.38863	425.72316	314.48811	396.63675	333.65457	381.68075	463.58924	354.9582	441.21078	676.00914	690.9237	353.76691	634.00409	373.6552	367.01056	483.18736	409.76383	254.46373	498.94012	756.38934	474.60485	701.0952	394.13755	397.12497	430.79841	464.27093	313.64362	342.46037	389.83691
GH33	118.86597	180.09373	256.40441	241.10661	430.28309	161.09045	260.18	294.62641	162.08517	534.19945	324.97312	251.32327	152.1763	291.94679	188.24194	90.38282	99.78711	445.36818	689.677	299.61686	223.27598	507.47001	214.41088	231.98444	184.35306	47.61326	354.03275	172.84471	112.51017	129.47051	172.89327	144.87757	224.47068	318.46278	272.81541
GH34	NA	1.78452	0.56466	NA	0.73424	0.90589	NA	NA	NA	NA	NA	NA	0.79386	NA	NA	NA	0.33239	NA	NA	NA	NA	NA	NA	NA	NA	1.33728	0.40496	0.34815	NA	NA	0.36969	NA	NA	NA	NA
GH35	123.37812	190.48696	190.55501	198.84598	260.89148	99.87716	129.3019	165.04365	79.36355	237.4796	244.97496	256.12222	150.8853	259.35595	308.10216	240.9566	229.59168	211.8289	336.56717	245.39815	219.17846	364.33691	221.32962	130.1225	254.4333	202.86253	322.26027	151.38303	113.23781	130.70605	177.88114	174.57748	219.34703	227.29102	236.96615
GH36	392.96153	624.02336	542.60364	711.53608	533.09256	529.73504	760.15118	751.77965	522.98359	515.19612	506.34003	394.20455	553.12855	566.13313	819.96551	870.38383	1027.74454	352.04382	388.66942	544.59183	487.46607	620.39655	440.11347	374.14879	692.71534	891.68383	846.49446	1026.20598	501.88512	515.55764	596.47129	619.87984	480.59289	455.7787	438.60096
GH37	6.30064	20.82397	19.63956	15.7987	11.77999	4.80105	26.30655	14.41802	12.01027	13.66762	16.26105	7.15866	10.60608	10.43695	3.77254	1.01759	1.03758	9.11711	12.45833	12.84061	23.33905	43.26235	8.71202	28.46983	13.10195	4.01294	8.06139	6.65089	5.98854	8.16516	9.75728	6.36772	13.99421	7.78786	33.49175
GH38	95.46486	117.74569	97.95416	44.32737	130.00935	90.46442	49.20419	89.49958	130.01953	135.05568	151.09243	148.55681	144.55776	174.00044	65.73317	50.61047	50.64489	235.21817	109.24893	138.8608	116.01516	202.10684	106.76828	117.09339	131.32687	43.03953	91.45162	68.1348	81.009	136.02306	64.52938	69.7437	181.09623	126.62792	153.0421
GH39	70.14081	197.38678	47.59228	21.97538	158.40579	135.89462	27.54452	59.32303	113.02822	55.25529	108.37794	32.75303	78.50274	76.27682	38.79227	17.77792	20.60795	22.80996	13.15527	87.43547	122.49603	80.74851	53.17315	60.64703	39.61074	32.90938	35.3802	65.06339	86.71535	26.80006	60.22577	44.07619	168.12113	87.95364	87.31193
GH4	174.25427	153.26243	160.45916	117.62024	120.71085	205.90502	167.37951	186.69139	130.06061	82.34434	148.18289	95.94467	182.09058	127.17844	191.27126	88.42132	118.04309	152.54348	80.3282	114.28483	110.65077	85.47106	112.6705	100.29134	163.50584	105.41497	162.9823	307.01954	115.2608	156.61806	174.80533	181.49874	153.49514	110.65229	107.26754
GH42	192.27637	111.95378	104.23116	75.17079	242.2997	279.47999	42.53654	49.0267	95.24468	214.6357	147.50838	219.42476	236.09429	173.31822	127.58906	65.23025	54.14338	130.22652	185.67219	201.65991	205.86919	206.41956	247.76577	117.79761	130.77338	129.61217	139.63842	331.64201	156.0005	124.40546	86.54947	67.31051	170.34099	221.1932	184.36672
GH43	2193.28482	2370.53293	1840.73447	2726.95928	2908.48443	1578.89411	1458.19134	1478.8958	1222.88879	3699.40775	2644.69372	3756.58102	1801.25799	2742.7459	2982.19759	2675.9993	3019.28448	2178.94565	3524.04259	2761.39109	2521.23248	4088.45181	2815.39701	1424.52355	2022.13165	1754.63598	3266.36209	3410.22721	1582.83587	1564.07429	2475.92109	2524.25421	1931.57949	3166.83701	2921.90517
GH43_1	27.3479	67.23715	52.28279	138.27133	45.75872	12.09782	115.27787	118.68235	24.84793	84.16083	43.9731	66.1802	40.30191	52.78402	130.25723	186.85451	223.09268	67.24029	107.33501	54.25848	39.09325	26.22632	55.65204	12.34199	94.75469	157.31511	110.61439	111.34527	11.94339	68.68837	81.26771	106.1726	34.93679	34.42483	34.27644
GH43_10	167.85019	163.65445	152.36766	242.53202	270.96394	144.70093	218.27218	204.66488	92.29015	179.69264	250.90051	246.06857	159.92034	202.66907	390.4672	471.11145	481.35082	178.7263	259.52976	170.52661	206.0354	226.55136	186.32726	94.78218	170.94292	345.2637	277.13259	283.18622	85.22219	129.84915	236.98378	246.08488	133.34356	130.25681	166.54471
GH43_11	32.14019	12.5927	12.42357	10.07688	32.84863	42.57382	10.09884	2.17534	31.32747	13.55195	38.87082	14.43975	45.87578	6.37882	13.8906	4.76266	5.7106	5.13879	5.86206	36.59112	9.79453	22.59429	31.30835	10.11465	6.65146	10.83333	4.76986	62.66928	11.3023	17.04214	23.74237	20.15783	24.35916	28.93294	21.94584
GH43_12	75.05635	81.23138	46.5561	92.93949	103.15008	60.21877	126.01198	126.03317	37.60612	92.36847	118.80773	95.37954	82.36305	96.72312	228.23497	266.57207	268.12335	69.66541	112.88382	98.71874	76.23399	75.06052	87.53482	42.04106	91.48785	211.09508	116.2022	119.15359	42.66065	68.66986	110.99604	155.20166	57.82927	70.59493	111.02472
GH43_16	55.48391	36.18864	10.45454	3.64152	24.35576	30.48043	5.81273	17.1424	15.0123	44.38099	88.88606	24.22188	35.30728	43.87237	123.16796	3.50057	5.24622	12.28497	31.66838	38.38881	20.24387	24.41657	24.84701	15.93485	10.8663	2.33786	13.40459	5.56083	8.23844	31.61901	26.68696	58.31846	17.44504	54.68012	49.79577
GH43_17	51.28797	27.39603	32.70007	31.01623	66.27917	25.78951	18.5374	14.55608	12.3155	75.65523	65.9713	89.85826	26.16748	28.81128	13.17986	21.08253	22.01128	36.60432	65.21435	46.14993	66.16713	74.99513	61.98349	29.85076	30.43833	9.87301	36.71143	13.32208	13.62265	26.496	38.41123	18.70897	42.44413	44.88845	34.92734
GH43_18	29.16173	28.53272	35.44461	39.79462	82.82007	19.52616	79.47523	72.16698	14.34876	171.79152	75.74556	67.38221	39.41226	37.93667	18.86592	20.59026	14.66333	64.33054	126.03075	82.65466	50.49383	154.12327	52.47803	46.40313	54.69393	10.2875	73.97035	24.6289	15.51354	15.72286	11.43378	40.55706	39.66425	61.75376	86.44982
GH43_19	42.48386	53.01451	45.67543	128.39812	89.30929	23.14096	8.38144	8.1413	6.69243	190.01157	82.73589	189.50255	65.31451	47.90722	34.61792	23.87315	17.45073	65.95227	128.6348	83.00445	88.25022	135.34015	142.44334	38.85895	58.94673	12.00834	93.48337	25.11904	40.7307	17.40386	55.01481	35.87018	30.18561	89.72577	90.43947
GH43_2	14.70017	47.33017	12.49194	33.37918	17.85409	3.25657	35.52309	34.66282	8.98591	25.39899	25.95623	4.55565	27.97117	27.78592	115.02762	205.23848	203.67452	37.98479	36.53594	11.39063	14.52004	61.75307	3.05867	21.25941	9.82456	4.32968	84.2892	76.95367	22.8909	15.57895	43.56487	60.18098	12.13364	28.93951	54.9166
GH43_22	32.89376	10.48692	4.58979	0.71316	12.94429	33.84681	1.41179	1.0937	21.98586	20.33701	13.77036	20.27261	38.77073	11.25244	8.21965	3.33694	3.19738	22.23462	9.90257	12.52599	23.37185	10.64458	43.41194	4.6529	4.30125	12.77612	2.43063	128.58641	10.38763	6.8348	3.88622	9.49688	16.22515	21.64335	18.97579
GH43_24	88.04134	118.02786	119.13884	167.02466	220.99139	94.88567	56.50505	51.30128	55.17279	167.93947	162.97042	199.68629	104.22693	151.06481	149.24783	174.06878	197.07752	99.961	197.76686	144.13846	178.16336	271.22984	132.8927	83.80856	101.32359	16.27822	218.07714	131.88965	63.08943	70.6882	133.20826	109.15188	110.64194	146.15386	147.81206
GH43_26	31.72134	31.27196	33.23285	25.27375	69.93105	50.10677	11.6569	8.474	30.97878	43.64169	38.81609	15.51356	61.14804	66.62755	33.60075	24.8258	19.69606	87.67116	39.80509	44.66561	37.82792	114.93543	29.73243	42.59982	55.01926	21.93623	45.95015	72.01176	22.53102	18.14402	33.81034	27.84682	61.98346	40.07196	38.81345
GH43_27	9.79769	2.46288	2.28148	0.49304	3.80326	7.44345	0.0597	0.01823	9.20381	14.46827	4.29397	9.98201	25.37367	4.4651	2.54629	0.3577	1.28483	9.48862	4.83837	18.24348	2.79642	9.44825	19.69935	0.65009	5.01246	2.26843	1.41952	47.74448	0.32944	0.48747	1.00396	2.64573	8.04114	9.34524	9.52698
GH43_28	34.11178	49.35878	39.66658	19.42306	99.55386	37.57568	16.7119	10.19381	11.85465	112.72406	64.5992	53.85426	43.41942	90.43011	43.22279	24.69025	33.74446	36.79355	49.98307	56.35828	35.64604	94.60984	56.03825	45.76751	37.28012	14.50698	43.30117	32.25482	21.65395	17.11114	11.22996	11.29879	78.35292	120.26791	134.53868
GH43_29	36.34656	88.98493	39.59425	155.74391	33.4521	14.75922	138.54412	127.67428	34.37326	71.6944	50.24053	226.24017	92.5836	59.1381	230.01921	316.21688	368.84903	111.7449	186.71697	67.574	42.0442	49.68872	147.57036	25.27453	85.22403	262.83342	147.49426	133.46646	45.16137	72.32891	122.59367	148.36471	24.55251	100.68794	153.30413
GH43_3	15.99026	22.8321	22.33143	19.78698	45.85621	11.35689	10.42662	10.0214	15.72453	67.78481	41.39341	111.93633	14.72071	46.38288	21.20363	18.15942	16.55567	38.74142	58.02199	57.78909	29.38602	70.68481	79.01144	29.70048	29.44764	3.62158	38.07954	6.80288	2.1645	11.19405	15.18038	9.29798	27.96714	57.00157	45.58658
GH43_31	13.98146	23.47324	26.37863	15.09531	44.10307	12.19208	8.749	8.76236	7.34747	80.83646	42.46768	147.94479	12.33419	46.22661	21.5801	7.26235	7.73476	25.70286	55.06401	46.96535	24.49202	103.48241	92.46423	29.23476	28.09602	5.51377	30.19524	4.22637	11.67079	17.78566	9.6107	7.18671	21.58974	73.80225	47.60227
GH43_33	9.18685	18.30265	12.37185	8.60373	24.50734	2.05919	5.18956	6.26053	4.53055	25.93296	17.17817	28.87941	18.34072	27.1729	14.54624	5.14008	4.06302	18.75663	36.12574	19.31523	13.19621	22.83727	22.06873	10.2939	17.47124	1.77223	16.1638	2.38954	3.49208	4.80204	7.4833	2.8558	23.30514	47.14732	30.52071
GH43_34	36.03443	91.49492	68.26742	173.86488	112.81841	32.31536	20.14605	37.70156	36.56073	173.12016	101.13671	180.94038	55.97574	93.73233	29.48219	155.13576	154.40153	131.16115	146.69799	80.32422	57.71722	154.30557	127.73692	61.87901	115.42495	155.70105	140.44648	95.51215	43.29993	41.61269	81.42692	59.10085	58.55208	111.5779	90.48827
GH43_35	183.59245	96.04342	52.99224	10.62302	64.50709	101.7756	21.08887	24.7591	76.3291	41.42979	96.82097	37.85978	82.60125	52.77584	45.66877	13.84149	12.81135	25.24259	33.37471	106.75422	101.55954	57.90036	48.37504	28.786	16.21702	23.27233	28.93737	71.68314	60.33862	38.78408	26.9832	37.68609	104.14837	99.52108	76.36849
GH43_37	9.21984	0.49047	NA	NA	0.69188	3.9448	0.26705	NA	2.35471	0.1217	0.27366	0.43348	1.97312	0.41176	1.33868	0.95968	1.01701	1.41311	2.10321	0.76541	1.53615	0.63816	0.64963	0.62807	0.20294	0.91326	NA	2.01219	0.30762	NA	0.28509	0.86377	7.20706	0.79002	1.34311
GH43_4	44.68373	68.24398	54.89189	174.7528	79.14644	37.50549	153.0655	129.79405	30.1585	131.05796	80.45778	118.49674	65.34585	87.9157	154.16037	190.28866	213.06676	93.29293	140.53247	61.18726	53.81429	136.59098	94.4617	42.77547	92.0905	203.29683	131.98604	230.81759	42.69114	57.82883	104.17624	150.60203	30.9201	82.92898	86.64197
GH43_5	1.76375	32.0295	23.59847	107.86006	NA	0.27297	78.29605	74.45243	18.33087	NA	NA	50.44549	5.62268	21.9982	90.44745	123.19309	131.61246	NA	NA	2.09212	3.3233	NA	38.36363	NA	36.12081	132.03155	66.33836	87.45974	19.47385	48.14429	74.03793	80.83773	NA	0.12705	0.84894
GH43_7	4.47822	70.65317	12.15559	43.07019	3.72482	0.32301	40.84949	45.81052	19.60485	11.45609	7.44493	1.32966	8.12426	23.62174	105.30714	151.87307	139.06843	27.91063	40.45649	3.04772	1.80183	6.46768	0.24566	3.91679	42.20726	142.45048	58.77036	75.44376	8.55164	44.64108	49.6452	68.39266	3.57704	29.18965	34.81186
GH43_8	5.48668	4.66244	10.1609	9.38392	27.43339	9.29521	0.09703	0.56644	NA	8.33809	20.64418	5.69075	5.37279	18.76981	6.26638	3.29635	3.76283	42.49113	15.65137	8.30789	21.86388	37.77318	1.77592	7.29623	8.53463	1.34281	16.73099	0.97799	0.96915	6.0456	4.52823	0.61507	9.04297	4.79669	4.58535
GH43_9	21.66785	27.81648	19.8159	39.3501	59.39564	16.69868	2.59814	13.66831	2.20412	63.5294	54.24571	106.86597	30.81668	21.10468	12.31944	32.62524	31.45356	44.23789	81.4989	31.32632	47.24502	58.30443	72.98597	15.67832	35.31418	8.45651	41.79331	9.90222	3.35706	3.94789	4.85572	1.85128	15.28247	34.85755	53.55029
GH44	81.81111	3.86979	10.93659	0.47989	1.58334	32.03604	1.0243	0.29245	2.08928	2.08834	0.35263	NA	10.70168	1.396	2.30022	NA	0.11301	NA	NA	3.90299	4.3041	0.07849	6.1079	NA	1.94368	1.09871	3.13487	2.32766	0.10324	0.86042	0.63598	1.26454	5.18236	1.76628	0.94098
GH46	0.47714	NA	NA	NA	NA	NA	0.07309	NA	NA	NA	NA	NA	NA	NA	0.09648	NA	NA	NA	NA	0.54341	4.30941	NA	NA	NA	NA	NA	NA	NA	NA	NA	NA	NA	1.42054	NA	NA
GH47	NA	1.61969	1.17482	NA	0.20112	0.66624	0.19673	2.68947	6.1867	NA	NA	NA	NA	0.35333	3.13182	NA	NA	NA	NA	1.04671	23.2082	NA	NA	NA	NA	NA	NA	NA	0.47599	0.20915	3.85284	1.44179	19.86098	NA	0.7225
GH48	3.67532	0.66312	4.09362	4.07047	1.54171	2.33511	1.83391	1.20447	2.63783	NA	1.65458	2.96271	2.91854	0.88043	3.01229	NA	NA	NA	NA	1.74479	4.27378	1.46036	6.36125	1.05006	3.65827	1.41243	0.45779	2.40504	2.14286	1.32402	3.21109	5.23089	1.2887	3.35554	1.87516
GH49	NA	3.2485	NA	NA	0.1981	0.7387	NA	NA	NA	NA	NA	1.30322	0.39063	2.26954	1.03544	6.42235	9.29738	NA	NA	0.76159	0.28035	NA	0.67065	NA	0.1069	NA	0.22161	0.20586	NA	NA	1.20619	0.78467	NA	0.13731	NA
GH5	1939.61834	1881.85018	1147.31619	1410.70907	913.42045	1016.72572	1308.27744	1271.51817	1252.48482	655.17224	2104.35407	1212.88839	1464.72507	1129.49864	3012.61205	1093.10542	1315.05643	547.27235	668.77255	825.24311	848.99825	535.38528	1187.41065	741.1895	1637.86757	3118.17703	2110.3932	2469.21343	992.29092	1554.12116	1147.36766	2315.74564	988.19471	1068.9185	1183.2811
GH50	21.78023	42.91264	14.097	8.90503	45.15426	21.96641	11.09581	21.39266	65.02821	41.29284	28.12192	13.89235	16.27153	14.28189	7.839	1.42489	4.56241	16.18195	42.95656	29.48515	32.39918	16.53572	11.25063	13.50268	19.83961	5.59546	45.16673	8.68744	4.94782	9.59081	5.80941	7.39268	47.11173	14.53776	19.33185
GH51	399.63165	480.56925	358.56604	724.89126	507.35491	396.67816	589.42506	573.26322	270.31245	609.17017	454.20981	525.10316	400.88813	495.98878	686.04814	966.69389	1098.47497	492.37422	602.30252	487.23496	422.13885	630.60264	494.30914	304.08389	532.75941	875.55392	773.55458	886.16492	291.61611	400.33096	577.33375	567.52835	327.35968	491.67166	498.49997
GH52	NA	NA	NA	NA	NA	NA	0.05157	NA	0.99163	NA	NA	NA	NA	NA	NA	NA	NA	NA	NA	NA	NA	NA	NA	NA	NA	NA	NA	NA	NA	NA	NA	NA	NA	NA	NA
GH53	135.84444	141.11586	187.98037	241.68432	288.12444	214.84767	244.2665	206.66561	132.64356	185.57642	225.6303	182.40308	231.86223	216.99605	246.23462	243.58527	253.09955	133.10186	362.82803	191.7414	225.68975	153.93051	263.95502	195.19386	239.25348	288.77145	178.26221	232.73291	172.35114	196.25473	237.16577	245.61244	203.01477	239.53228	188.70221
GH55	12.21339	32.31249	13.83112	7.49209	62.49155	16.56742	0.79902	1.08404	NA	67.33016	17.43718	49.41346	34.24068	49.77547	24.88698	9.14054	4.02155	9.60366	60.87558	26.14888	8.08892	38.8048	35.96335	15.25784	22.86669	5.29496	22.05194	3.19717	18.58161	6.97165	8.21541	1.81171	32.29416	117.05343	40.74899
GH56	NA	NA	NA	NA	NA	NA	NA	0.57803	1.04995	NA	NA	NA	NA	NA	4.18801	NA	NA	NA	NA	0.3502	2.70321	0.13139	NA	0.4168	NA	NA	0.21621	0.19814	NA	NA	NA	NA	NA	NA	NA
GH57	59.07999	146.76924	120.81276	224.23784	148.44374	49.82741	191.52119	191.53745	142.16125	197.85817	99.98812	184.3112	94.56802	167.99462	181.97249	275.11692	301.23894	173.21525	183.72172	142.51604	119.08318	163.00488	138.11313	109.1295	173.33881	220.82617	211.26658	129.53874	125.68406	113.65993	175.64564	175.41861	92.92155	165.05408	143.62159
GH58	NA	0.11235	NA	NA	NA	NA	NA	0.16764	NA	NA	NA	NA	NA	NA	NA	NA	NA	NA	NA	NA	NA	NA	NA	NA	NA	NA	NA	NA	NA	NA	NA	NA	NA	0.30518	NA
GH59	34.36283	10.36976	7.91414	3.39888	16.06701	25.67508	4.0621	2.441	2.96838	2.90255	31.27929	0.15878	23.05915	4.35933	18.91419	2.86462	4.25801	2.72988	0.22651	12.1637	7.43735	1.75054	5.10707	11.00029	4.8305	4.3244	10.84845	21.36589	3.94015	9.93452	3.60685	1.47733	2.54027	2.32002	11.25168
GH5_1	31.83265	4.82931	7.50568	0.228	1.19365	10.55391	6.56167	3.77945	9.51705	0.19926	26.0352	NA	11.18307	0.71492	6.23555	NA	NA	2.47873	0.43789	4.0436	5.18173	NA	6.38411	6.31187	2.05298	1.62596	3.11937	7.86487	10.5323	6.68294	6.07126	6.01643	3.24171	3.04019	5.3982
GH5_13	10.97132	18.46398	6.02031	10.74433	31.63774	9.09331	1.71164	6.88252	42.15192	17.62514	13.78809	11.77912	6.31874	17.7447	2.84145	4.78717	4.46998	20.99738	49.30603	20.82957	13.71532	30.14094	7.96265	24.4912	29.12802	4.38359	48.83475	13.62836	2.98733	6.22452	3.56169	4.76456	39.41681	9.40526	14.8864
GH5_18	NA	NA	NA	NA	0.82308	5.21757	NA	NA	NA	1.97178	0.08487	2.56332	0.56449	0.34784	0.18704	NA	NA	2.78064	0.65673	1.12109	0.9341	0.11335	2.14826	NA	0.35533	0.20132	0.1842	9.23024	NA	NA	0.35753	NA	NA	0.57006	0.34038
GH5_2	48.0064	150.78643	62.39462	12.47725	71.7603	74.98178	108.45958	98.58336	85.89954	43.71472	95.39651	25.0633	118.17465	106.27429	234.2067	137.08657	146.26811	16.65664	39.9774	51.56577	57.15338	36.95328	46.18883	50.24108	122.43357	321.71469	139.76147	167.75394	95.16418	72.6575	66.61173	145.42136	90.9597	94.82819	92.59144
GH5_21	10.99683	27.0144	23.17644	76.6739	16.6776	0.31824	110.15301	95.29918	14.40184	12.25403	11.70122	4.06542	5.85694	28.80237	111.54529	331.7049	384.46787	29.63137	46.66211	9.14474	12.02322	13.58876	0.91292	10.45788	68.02594	177.48676	95.88998	103.16388	17.17772	84.94942	54.32378	102.11615	9.87012	33.3442	39.06293
GH5_22	NA	0.27326	0.61448	NA	NA	0.18547	0.0564	NA	0.14749	NA	0.16792	NA	0.89548	NA	0.12336	NA	NA	1.78727	0.3583	0.14944	0.172	NA	NA	NA	0.16586	NA	NA	0.35306	0.29564	0.26259	NA	1.21529	NA	NA	0.32068
GH5_25	3.13604	3.9255	19.66483	57.55042	NA	1.29365	0.44427	1.22824	NA	4.62902	0.90097	NA	NA	NA	NA	NA	1.27919	1.87638	7.92694	0.07777	0.16224	NA	NA	NA	NA	NA	5.94409	1.71027	0.89535	NA	9.48586	3.30038	9.31184	7.18146	8.12405
GH5_26	0.10466	NA	0.1317	0.08821	0.08503	NA	NA	NA	NA	NA	NA	21.43688	0.09581	NA	NA	NA	NA	0.07585	1.13018	NA	0.16045	0.28858	14.85956	NA	1.42079	NA	NA	NA	NA	NA	NA	NA	0.35113	NA	NA
GH5_36	0.19908	NA	0.87692	NA	NA	NA	0.22637	NA	0.2888	NA	NA	NA	0.18035	1.53133	1.22184	NA	NA	NA	NA	NA	NA	NA	NA	NA	NA	NA	NA	NA	NA	NA	NA	NA	2.67152	NA	0.55455
GH5_37	44.70642	26.40535	38.9477	1.61015	3.95665	26.18107	12.75428	4.14461	40.30935	0.63199	51.85782	0.36934	24.69753	6.54748	20.48221	0.41418	0.98625	2.70505	1.3465	17.99635	23.28225	0.80282	4.52551	16.02748	5.61425	17.55826	3.62969	9.08604	18.09581	27.58831	7.35087	31.23985	7.15975	5.23018	17.83699
GH5_38	NA	2.12536	NA	0.31365	0.07051	NA	0.24615	0.05289	NA	0.41998	0.07683	67.92042	17.75466	1.58691	1.19181	NA	0.14677	0.46412	0.34421	7.70102	1.92434	1.38997	45.16613	0.64166	1.11623	0.09207	6.44407	0.2321	1.53275	3.11789	0.72032	0.44644	0.61327	2.45185	3.89183
GH5_4	330.65753	229.18043	109.95197	214.71355	57.68539	133.01291	169.12687	176.14677	105.92967	56.18592	244.87534	120.02774	140.40177	114.82048	404.87433	31.90314	37.75194	27.44026	84.04962	96.8969	91.76799	32.02866	88.86803	43.61763	164.31007	426.80625	190.56369	212.46177	84.34173	201.92671	162.20978	304.87376	58.77848	91.72429	101.43347
GH5_41	NA	0.29428	0.13765	NA	NA	NA	NA	NA	NA	NA	NA	NA	NA	NA	NA	NA	NA	NA	NA	NA	NA	NA	NA	NA	NA	0.46164	NA	NA	NA	NA	NA	NA	NA	NA	NA
GH5_44	8.31272	10.23837	8.79722	1.9368	12.65192	24.61305	1.80436	2.2553	30.88699	12.88219	5.73363	7.06351	21.3821	8.73501	5.62513	4.2436	4.29341	3.96629	2.02861	11.83504	14.50071	3.66415	21.78899	5.25146	6.19142	4.12405	5.31189	47.27225	3.78316	12.43446	2.25998	10.93863	4.63497	9.12386	12.83935
GH5_46	18.31551	15.96457	4.66706	2.99939	13.94699	4.03956	0.40948	0.96301	13.11831	22.96989	9.20075	17.86204	17.28622	13.80777	11.74363	17.10974	16.62448	5.22668	20.51407	10.43024	5.81952	12.10943	13.19722	5.93469	10.52413	0.95027	7.94192	1.3237	7.10238	0.80756	5.67833	3.75223	19.91676	37.4261	22.81993
GH5_5	9.49525	16.88005	16.41668	13.08905	36.25613	17.82262	6.79671	7.02378	1.92213	23.11193	17.23602	9.1723	6.6601	12.29344	4.55058	2.74514	7.35988	NA	NA	5.44421	10.30466	6.55028	7.04377	1.98441	18.88878	7.00517	43.69184	14.71387	6.81768	3.1628	2.16067	5.18881	26.37833	11.57981	4.39422
GH5_54	1.19137	1.44455	0.81435	NA	2.62619	0.43567	0.15097	NA	0.30819	0.23976	0.44669	13.08605	1.30303	2.42885	0.7812	1.78891	0.7824	0.26955	0.09995	7.17316	1.56174	2.70701	3.21902	NA	1.90867	2.13765	1.838	0.53817	0.18824	1.76265	1.06059	0.7427	4.53137	1.91625	1.96844
GH5_7	15.77296	56.45103	18.51161	40.34103	18.31512	4.69391	21.66246	24.96678	30.73603	31.41549	40.79788	18.10269	23.66903	22.38236	12.76773	10.83585	14.84	54.03956	26.87889	18.68479	32.93294	29.8132	21.58954	14.31759	56.5667	133.95405	71.9703	83.39795	19.05913	41.87587	31.05985	65.80243	25.49873	36.61839	51.72543
GH5_8	4.19961	4.31737	0.14742	0.78994	15.19382	2.71856	5.41893	3.65781	3.12031	0.13167	46.80631	2.92197	6.75647	NA	2.98489	8.258	5.20885	4.31543	1.60417	2.86376	3.79288	NA	14.08296	6.14217	0.41089	0.3467	3.00969	7.17685	6.62296	9.9819	NA	0.812	2.92872	1.94946	9.95894
GH63	58.08835	127.48207	83.68215	112.39104	130.9849	48.13649	40.03889	29.8849	38.46457	258.42086	129.83936	118.89478	61.11125	123.56779	47.52372	175.5512	168.47665	169.72971	246.65337	104.64623	103.33608	173.47155	93.0598	77.47879	138.71824	204.51471	94.60084	34.66327	59.53421	66.55525	46.33036	38.46929	103.54745	206.89865	154.07157
GH64	0.58056	0.61664	0.75377	NA	1.35992	0.65693	8.36096	2.98104	12.67541	0.09127	0.28775	11.38645	1.57951	1.4803	0.63522	NA	0.12842	NA	NA	4.11495	0.23266	1.29139	1.6895	NA	1.4499	0.47186	0.59101	0.15526	18.85758	0.99564	0.43315	0.26495	2.13598	0.58614	1.10779
GH65	137.56161	83.03948	73.1373	38.49624	98.25874	94.10682	27.7291	36.87733	75.23276	116.65519	135.56701	59.95304	89.7706	70.27019	47.89292	39.83267	32.14875	102.64954	109.7871	120.37691	118.89181	115.72928	54.24082	64.12427	80.62111	28.81542	90.77496	39.64977	32.65757	43.58224	54.06997	17.42303	112.02523	115.78342	126.32866
GH66	44.93888	41.11194	41.11314	119.50908	95.54795	33.53871	29.15608	23.75673	22.7226	108.12332	45.73412	62.66393	51.98367	79.96672	36.67801	5.70938	6.46679	31.56386	96.39129	52.95947	38.48432	100.81252	50.78181	28.62135	38.12809	6.79433	55.56093	20.56055	59.71368	27.49199	46.92439	57.34545	101.94298	136.9176	77.45587
GH67	122.36191	110.04782	91.95256	201.01066	96.57765	54.94433	175.5192	175.51438	60.99972	138.78311	99.45862	87.03753	73.2422	103.36034	200.56066	372.96793	373.36663	137.0115	233.14979	111.28645	82.32371	80.63617	82.63633	34.64537	146.96371	289.20251	204.98914	227.66764	38.2958	102.09182	168.29592	188.87613	48.9582	81.14304	72.6992
GH68	0.08492	0.69665	NA	0.091	2.07192	NA	NA	NA	NA	NA	NA	NA	0.34913	NA	0.04967	NA	NA	0.07822	NA	0.14258	0.38378	4.02695	0.06991	NA	NA	0.06268	0.0679	2.02034	0.35617	NA	NA	NA	NA	NA	NA
GH70	1.08052	3.52589	0.87611	1.22318	10.26933	0.67497	0.59787	0.12969	NA	0.80871	0.09669	0.62597	1.75862	1.74412	0.54046	0.28896	0.20616	1.43248	0.63441	2.02346	0.9864	20.41749	0.55313	0.19333	1.2023	0.90305	2.65227	12.47779	1.78929	NA	0.42608	0.68863	0.77615	0.64751	1.36361
GH71	NA	0.39961	0.0963	NA	NA	NA	0.07034	0.51558	0.85076	0.08134	0.74363	NA	0.37005	0.12574	0.25087	NA	NA	NA	NA	0.17329	0.61167	0.16143	NA	1.18923	0.1342	NA	0.48007	NA	NA	NA	0.13167	0.14272	NA	NA	0.20672
GH72	NA	NA	NA	NA	0.18958	NA	NA	NA	NA	NA	NA	NA	NA	NA	NA	NA	NA	NA	NA	NA	NA	NA	NA	NA	NA	NA	NA	NA	NA	NA	NA	NA	NA	NA	NA
GH73	165.32757	319.85286	360.23299	602.1103	325.61023	250.0622	635.93489	592.15444	476.61821	618.69763	277.88081	287.03523	312.69623	338.47089	273.80238	565.80584	592.64695	480.42698	568.15198	454.32515	309.77873	428.86905	270.22148	255.84606	371.91568	277.51306	593.09465	540.62985	344.38081	524.42141	599.50511	731.39241	243.02442	430.86004	437.14379
GH74	34.11652	24.4046	8.35304	3.35859	14.54016	15.48389	3.00301	2.66125	1.81815	25.93811	38.736	16.89988	39.64591	13.1751	15.59717	2.75593	2.63951	30.36208	50.31441	16.87891	9.00879	9.0231	23.5911	14.20962	8.42919	0.16617	17.25544	18.6327	9.5114	8.04114	1.60459	3.23411	15.68196	43.01634	32.04835
GH76	49.61662	99.46201	78.98686	75.17109	158.45486	30.68386	33.15487	31.62856	17.99559	231.4137	122.35553	114.6997	73.13053	132.60124	57.01734	91.61199	99.42465	205.1699	232.63318	124.8409	76.17313	429.42719	78.16359	114.09154	92.68084	16.66354	174.84944	23.14364	21.71771	45.19167	35.91635	35.01693	144.34866	172.54821	105.16228
GH77	591.2464	661.77712	615.13611	737.13621	569.84558	657.47026	668.95463	654.08751	608.40717	640.82299	714.77652	484.20099	716.02237	610.7356	775.91823	548.96661	560.09614	513.71076	546.3402	614.1017	534.47428	559.02815	667.38831	502.12035	596.85603	578.06836	722.71675	1036.84262	640.75975	704.56506	753.60922	696.71654	530.18824	556.26926	597.31406
GH78	304.91134	450.30287	435.1082	397.79425	712.71398	360.64524	382.19144	584.76294	523.96357	867.77441	606.20469	628.22747	389.27372	588.67342	261.96292	317.523	271.66561	678.86992	705.14419	668.88183	510.67977	809.18179	525.37041	318.68639	458.76296	150.06397	651.09277	353.30599	264.11303	305.49009	279.48049	356.3559	602.14677	523.44089	487.10112
GH79	7.2679	1.30568	1.30427	0.90179	5.06571	12.63821	1.09492	0.69727	6.54715	0.31963	4.84022	1.57165	3.82583	0.28228	2.38048	NA	0.53567	1.05177	0.17044	0.74697	1.0457	6.30727	2.40267	6.84699	1.40499	0.85178	NA	0.64697	1.82618	0.90318	0.80141	1.80446	4.47016	0.67609	4.80756
GH8	91.26125	124.22953	21.41758	16.90827	63.77047	64.44277	93.52135	78.39553	87.75984	38.63963	78.75126	25.94219	121.65267	86.64085	153.19598	243.95659	262.99705	39.65389	52.83279	55.63621	39.39067	70.06369	48.16069	59.43869	95.05974	229.27	92.73347	199.01443	83.5625	136.00883	109.78095	143.07114	57.63078	68.53104	104.30452
GH81	4.23892	3.96913	2.26694	1.44494	5.51428	2.72928	3.67793	4.16932	0.62363	1.87821	0.49638	32.51338	7.81587	9.79191	4.56445	1.69673	2.05079	0.86369	0.48803	9.7661	4.04509	5.60067	6.70994	0.3631	3.89269	2.96295	5.34516	2.02182	4.78913	20.21242	1.93481	5.26075	9.39511	4.69076	2.59369
GH82	NA	NA	NA	NA	NA	NA	34.7977	37.10491	23.50471	NA	0.61414	NA	NA	1.38727	0.09042	NA	NA	0.27519	0.81636	NA	1.59884	NA	NA	NA	NA	NA	NA	NA	NA	11.59709	39.21152	36.7342	NA	NA	NA
GH84	53.6361	78.39971	137.06628	189.12721	121.63862	49.58463	147.89474	132.9311	57.5912	187.40402	81.96777	129.36255	74.69716	159.49384	153.50217	41.10197	41.51062	112.38191	148.66867	89.24333	76.81548	203.89916	114.3319	74.69303	108.75134	16.86698	188.76634	114.92987	53.55667	91.77388	104.54156	72.62382	90.00363	119.75262	115.28073
GH85	11.53377	11.3107	32.1497	23.1845	32.92085	22.9362	112.44855	73.57029	12.50825	34.27106	31.77278	16.31521	33.12255	23.21449	8.69485	4.05508	2.37016	28.40765	12.48674	26.17795	26.30105	119.76053	11.9354	27.64157	11.23099	7.426	134.24506	122.8886	72.11806	26.37916	107.16552	94.5759	30.43637	19.33304	13.76758
GH86	NA	NA	NA	NA	NA	NA	0.04443	0.11058	7.88227	NA	NA	32.02749	NA	NA	NA	NA	NA	NA	NA	NA	NA	NA	20.43891	NA	NA	NA	NA	NA	NA	13.06393	30.38529	18.64057	NA	6.05386	0.38853
GH87	1.04659	4.75904	0.36735	0.4911	2.38547	0.1988	6.5684	3.04534	0.54457	0.05096	NA	0.332	1.82942	1.83919	1.58217	NA	0.11638	0.02781	NA	2.05827	0.77876	3.77725	0.42892	0.37042	0.58294	0.09579	0.13088	1.13119	10.07924	1.69995	1.0016	NA	2.45277	NA	0.84029
GH88	196.93786	197.38543	197.00534	296.53685	507.8462	175.63441	76.66379	49.65981	60.67668	564.62581	469.55291	512.85416	289.17051	350.22751	146.95726	101.25201	75.23039	443.71716	755.82385	463.95169	303.89978	563.22944	370.35919	206.53332	278.45598	66.44732	392.52019	122.88384	68.32346	121.39852	173.26283	127.32395	217.04025	510.15942	436.23516
GH89	115.0541	146.67496	241.29915	216.74025	362.38373	140.15177	88.68098	105.95753	142.72792	419.2425	274.77017	203.44936	116.31714	264.57781	216.36478	82.64783	54.62203	268.10427	424.6606	348.77103	250.78958	554.044	196.36187	173.99095	235.47009	40.22038	324.5069	97.85825	75.15762	99.35755	163.32379	98.97892	209.49956	208.36658	165.53517
GH9	212.99995	153.92352	136.72176	105.28953	251.11818	121.72297	257.81992	240.72098	204.36691	307.29563	145.55971	168.56348	159.15122	180.14169	156.34789	43.43174	25.05302	106.97652	260.67736	128.25057	124.87536	136.96055	155.40367	90.5783	114.70017	52.99991	91.57328	31.50594	101.67254	98.66331	166.23958	220.91425	215.24214	462.99688	309.92455
GH91	3.43822	15.12038	14.17621	7.80724	19.00325	11.57936	5.73715	5.48845	1.62756	5.74088	4.50795	4.05013	15.34939	25.5382	6.08247	2.29524	3.09231	34.93803	50.29024	30.47987	11.23353	1.43619	3.57039	1.88809	23.29227	2.18166	50.22212	8.94308	13.83651	4.60447	21.75885	8.49221	11.02829	101.88716	35.87716
GH92	491.42055	702.44211	842.52834	1237.42378	1636.69116	399.85034	801.38716	789.02116	438.69123	2199.9665	1235.7167	1685.1681	755.53919	1650.67726	1083.73231	576.13228	543.46666	2218.08455	2439.78863	1514.38192	980.50414	3014.0865	1421.74249	876.02273	1015.55069	191.12464	1750.89586	624.14385	489.07761	546.14856	900.78615	667.95513	972.30539	1637.50146	1346.57483
GH93	0.45303	2.5546	6.53291	6.43732	7.74697	13.12357	1.25971	1.04358	12.08227	NA	NA	0.68027	3.03202	0.50947	1.28579	2.2847	1.49193	3.56071	0.87586	2.10552	2.65761	5.97537	0.41384	0.51003	2.49005	NA	0.22577	NA	8.73989	0.56204	1.85426	2.13315	0.67686	12.47317	6.24076
GH94	413.78922	364.88952	253.66841	190.10096	221.9999	356.74161	339.60123	322.75341	317.2637	119.82081	326.63076	103.73877	453.74462	345.38535	383.46064	291.31759	327.37765	97.49307	96.43068	228.4917	261.07354	156.63927	190.17591	232.50134	221.68065	376.86895	224.49062	394.68157	399.69952	243.50273	245.62924	290.4793	250.87065	215.93986	247.96994
GH95	284.20075	411.43155	381.32836	533.72117	592.88669	237.80993	644.7499	624.66047	227.76412	689.96647	480.41257	472.92777	246.81891	456.65156	624.27332	630.8125	630.83728	500.70676	717.23686	474.52947	423.50641	843.05116	384.28144	291.74728	572.88836	578.05372	815.48488	615.29015	227.73797	322.44394	438.78102	549.32466	262.80416	468.53667	432.35738
GH96	NA	0.43228	NA	NA	0.21317	NA	0.06477	0.08012	0.20445	NA	NA	NA	NA	NA	NA	NA	NA	0.81114	NA	NA	NA	NA	NA	NA	NA	NA	NA	NA	NA	NA	NA	NA	NA	NA	0.29101
GH97	417.87447	1001.49213	827.83506	1863.45722	1287.90958	344.61265	1208.87275	1233.07903	599.44341	1877.19795	958.30489	1479.2541	699.63618	1043.07452	1033.2977	1454.62255	1501.60693	1301.74987	1901.87531	1162.12012	745.64898	1865.51551	1177.95122	669.09829	1311.63393	1666.58875	1846.21443	1222.44663	517.97223	713.79381	1000.43433	1361.45993	754.88746	1494.45739	1054.12562
GH98	18.70605	78.01945	10.23662	3.96764	15.50834	10.72747	9.66962	21.39831	22.01877	7.7362	9.85503	3.0774	3.45053	17.92793	11.27501	1.48479	2.71615	7.29071	6.16456	6.8651	15.585	5.96316	4.75632	1.33382	17.32363	2.83198	18.65162	3.26654	25.73042	14.54614	6.83872	2.32782	24.0182	1.49873	6.50433
GH99	0.1715	0.8392	4.20501	6.27917	1.36123	0.19604	6.28029	3.34776	0.6552	2.03138	1.14851	3.98491	0.7194	5.66027	2.06944	NA	0.93792	4.12337	2.03542	1.76057	3.5513	28.36905	1.57264	2.20244	1.05076	NA	7.92654	0.28523	4.03665	1.40123	0.481	0.77308	7.21301	2.79618	2.64796
GT1	49.92188	18.58874	35.1768	11.57064	29.33938	30.60363	9.39566	15.04091	13.10854	10.66318	24.63505	15.6893	21.25409	19.81383	10.82873	5.01178	5.26734	21.61551	7.47847	14.37708	41.26956	19.14057	13.16615	22.13877	20.2354	4.67872	9.63001	3.75246	24.46041	25.70355	17.24169	8.82172	39.55368	15.98642	15.78322
GT10	11.92187	5.88698	17.65696	2.28334	7.63325	9.33715	0.96459	0.58317	1.6748	12.51528	27.4401	3.81297	4.47059	10.93553	1.90327	NA	0.63427	7.71338	3.14267	10.15252	17.72444	20.29166	6.04564	9.94659	4.09298	1.656	2.23693	6.46634	6.03853	4.21046	1.1941	2.30435	11.41073	3.78913	3.96104
GT101	15.77287	9.97753	21.13655	20.55346	44.43968	20.5622	7.75878	4.05052	15.43755	21.0949	35.03115	39.40622	3.98436	24.70542	8.11458	8.28823	7.90993	19.3597	7.65563	16.35346	43.61371	48.75711	29.84958	37.44587	11.27223	3.43615	8.87586	1.22055	37.49969	16.92261	2.74298	2.41047	6.15918	6.43057	3.85601
GT102	NA	0.16142	NA	NA	2.38234	10.61077	NA	NA	0.35911	NA	NA	NA	NA	NA	NA	NA	NA	NA	NA	NA	0.1873	NA	NA	NA	NA	NA	NA	NA	NA	NA	NA	NA	NA	NA	NA
GT103	NA	NA	NA	NA	1.0154	7.29212	NA	NA	1.81358	NA	NA	NA	NA	NA	NA	NA	NA	NA	NA	NA	NA	NA	NA	NA	NA	NA	NA	NA	NA	NA	NA	NA	NA	NA	NA
GT104	0.23724	4.16915	1.4953	3.65258	4.17023	0.50618	0.38523	1.25769	3.40774	5.96471	2.84619	2.99505	3.07563	2.65497	0.79324	1.29731	0.94736	0.56551	2.62651	4.15541	5.99374	4.16589	3.57117	1.85166	4.26606	0.45648	0.55013	0.98337	0.7802	29.57081	0.6206	0.32263	2.25502	1.25703	0.79595
GT107	0.42253	2.76558	14.27729	20.00904	3.07473	0.30583	1.24085	1.2307	0.92341	0.1955	0.31266	2.43132	1.05491	2.90941	1.04654	0.91283	0.24895	8.17046	1.74084	3.30674	5.52575	7.28743	0.98061	1.51864	1.27832	0.08395	0.91294	0.23995	0.29242	5.02773	0.26207	NA	1.24453	1.43974	9.22092
GT108	0.9847	0.65062	0.12226	NA	1.02511	0.98809	NA	0.3361	0.70235	0.10928	0.31985	0.1731	0.62049	0.16442	NA	NA	NA	0.43033	NA	0.07393	1.03909	0.05358	0.64135	NA	0.33961	NA	0.26092	0.24322	0.17559	0.19147	NA	0.19241	0.82531	NA	NA
GT11	55.9704	64.79816	48.28874	43.14481	115.96373	68.69371	22.33355	25.75587	37.77233	148.64267	82.88355	88.96648	51.31726	70.07071	92.1423	44.4838	37.34818	89.39259	138.11322	126.17363	119.32918	117.70414	69.10295	55.66501	67.80698	20.62247	113.65349	34.23985	46.76187	72.886	26.02926	24.95233	66.77556	134.45397	92.42122
GT111	75.7927	96.22535	70.33734	75.61928	111.8941	88.53889	42.71496	34.16808	54.85636	164.94049	208.24819	92.20034	114.62709	110.98576	113.12016	75.99453	67.1765	90.54976	158.30622	164.82663	104.78383	237.70981	106.36151	168.18644	211.90556	106.82825	144.15586	194.98257	94.3568	67.19972	74.61611	85.28121	94.143	124.67823	144.53632
GT12	0.876	0.37165	0.30359	0.84313	1.06607	2.31347	0.80862	0.13716	0.34998	NA	NA	NA	0.71104	1.87208	0.16777	NA	NA	NA	NA	0.50211	0.83441	NA	NA	NA	0.42308	1.34798	NA	NA	12.17772	NA	4.3104	31.27994	1.57122	NA	NA
GT13	0.28327	0.43973	0.32177	0.15786	NA	NA	NA	1.55086	0.83678	0.56168	0.86309	NA	NA	0.87931	1.87677	NA	NA	NA	NA	0.47304	8.22959	NA	NA	NA	0.52367	0.09819	1.09562	0.72619	NA	0.24686	1.13337	0.65797	10.01917	0.55212	0.16484
GT14	38.64701	82.34567	56.1872	85.16516	29.56675	14.34978	43.64477	40.56219	68.42359	80.26993	43.8817	74.92424	58.07685	46.55483	27.90321	211.64834	206.98535	149.60419	126.82665	62.73373	50.06982	123.08426	57.84517	41.00606	108.71215	240.57819	182.97397	183.05166	51.42035	100.94224	92.80855	93.93996	45.24517	126.97257	102.74192
GT15	NA	NA	NA	NA	NA	NA	NA	NA	NA	NA	NA	NA	NA	NA	NA	NA	NA	NA	NA	NA	NA	NA	NA	NA	NA	NA	NA	NA	NA	0.45242	NA	NA	NA	NA	NA
GT17	10.44822	1.61288	0.70431	NA	6.75938	6.05358	2.63188	1.70189	2.37611	1.93263	1.65627	NA	4.4716	0.27881	1.04123	NA	1.58214	1.84951	1.01618	3.9833	15.22798	1.44981	NA	3.94259	2.35548	0.30468	4.20795	0.36321	6.17203	2.55644	0.3605	0.99456	2.86927	1.51863	1.70998
GT19	68.96419	182.57245	168.23263	282.94172	179.7695	67.71235	172.95564	185.59453	141.10076	272.7024	128.09421	234.22528	84.78324	194.31842	175.98512	330.22786	362.6364	221.23028	230.62962	166.71667	130.36443	231.2668	197.62463	142.71565	239.01409	312.28663	260.75533	183.55758	119.78355	229.93483	173.99919	186.66627	120.63737	215.41265	205.63798
GT2	3967.9053	5062.93771	4613.35234	5083.50823	5102.6875	4525.6315	4143.2609	3649.41496	3795.02783	5739.02888	5056.10769	4649.84742	4637.34756	4582.10099	5044.90796	4067.6491	4365.43714	5345.30885	5915.85035	5448.19392	5013.27074	6214.0337	4635.75308	4717.42763	4978.67428	4868.46836	5967.83596	5875.45729	4427.85666	4291.55828	4454.70069	5170.74894	4199.69133	5205.23793	4973.48663
GT20	33.97243	62.31125	44.52687	45.1033	114.17932	27.04632	10.08696	6.18795	3.3677	179.65243	75.9486	55.92552	33.18497	94.49788	40.03342	20.21799	18.05069	77.19582	155.15402	107.59139	81.29765	114.9768	48.06266	34.83112	101.76808	11.4144	88.62073	22.22479	18.26652	12.77803	21.67384	9.30003	62.97119	138.36669	100.19487
GT22	1.79284	1.35235	2.46052	1.31034	1.07397	2.41586	0.88296	1.65909	1.65211	1.01296	1.3238	0.67241	1.77091	2.53611	2.22586	NA	0.13867	0.72512	NA	2.67264	3.06536	4.16988	0.51321	3.53074	3.27588	0.33498	0.39863	0.18495	1.02846	1.5809	3.84339	0.87983	3.04976	2.94278	3.04696
GT23	15.88426	17.85109	32.02725	47.74576	50.3845	23.43532	9.23035	8.65558	33.98646	78.4923	34.83788	30.20096	12.87516	27.13001	13.64919	7.75711	5.29195	25.32234	49.69218	63.07468	33.14883	62.6814	30.26687	14.38808	29.76808	6.30421	93.50596	79.85058	12.89423	17.09353	31.21055	26.67574	19.32634	25.58152	24.9549
GT24	NA	NA	1.43293	NA	NA	NA	NA	NA	0.18944	NA	NA	NA	NA	NA	0.22575	NA	NA	NA	NA	NA	1.05838	NA	NA	NA	NA	NA	NA	NA	NA	0.25734	0.22064	0.18423	NA	NA	NA
GT25	2.74039	10.08312	14.75992	14.72519	11.08493	2.31837	NA	0.20461	NA	23.97157	10.57572	7.72993	4.04274	9.94113	6.88762	4.94533	1.97969	12.55208	30.91483	20.17926	8.71511	24.87066	5.09983	3.46703	4.70164	2.64997	6.61135	0.65674	2.54133	12.12543	2.21692	1.99024	4.78701	20.08095	9.20072
GT26	156.68206	185.88847	204.62731	303.16395	214.49952	145.59138	187.618	173.35358	113.51001	245.58113	137.37734	154.53903	119.32051	192.86552	228.05328	81.35148	71.12485	175.07876	208.15297	259.37855	237.75497	256.39067	163.59354	132.45121	312.32871	429.65195	429.59876	295.73156	153.75659	131.87921	212.14853	125.71676	147.87004	187.52596	231.3935
GT27	NA	1.00482	2.37797	0.90313	NA	0.13008	0.13919	0.84589	3.64308	NA	NA	NA	NA	0.70173	3.95438	NA	NA	NA	NA	0.0951	4.84603	NA	NA	NA	NA	NA	2.20901	1.19517	NA	7.24979	20.19569	15.89905	0.73632	1.45274	2.00454
GT28	539.04429	455.98963	499.02744	400.75946	366.69585	471.58811	391.90612	393.96412	398.59867	324.03823	378.9205	326.10728	423.94996	401.57875	425.05518	326.45354	303.71518	394.8023	272.98518	383.94795	407.81752	340.34844	401.86412	399.16187	365.74387	366.24778	328.44812	435.89631	407.19386	442.81317	410.78336	361.97551	489.77543	352.83904	404.50289
GT29	NA	NA	NA	NA	NA	NA	NA	NA	NA	NA	NA	NA	NA	NA	NA	2.85123	0.87146	NA	NA	NA	0.59399	19.7347	NA	27.14492	NA	NA	NA	NA	NA	0.53432	NA	NA	0.76406	NA	NA
GT3	51.30218	157.43923	129.2688	238.19602	191.63	55.99955	184.22362	196.43596	123.86232	259.04918	108.10629	249.86233	98.34997	218.07033	233.30342	257.98671	313.69602	286.90245	224.96531	179.02092	137.6687	189.54459	196.14372	144.8862	209.79024	263.00295	246.5325	139.61639	105.96126	129.60918	208.11597	228.29099	102.61067	189.72323	160.4867
GT30	69.70712	149.94768	176.88635	307.31566	158.56603	63.84259	225.50134	191.47127	107.11857	223.35342	137.02202	252.27959	106.67507	191.90975	196.78333	236.79807	275.20606	206.13854	200.31832	171.49569	163.75983	266.94099	197.37717	192.86027	201.10889	281.61194	261.15732	159.36183	103.77508	224.52804	193.22275	187.18589	109.79921	195.35159	208.78282
GT31	7.60531	5.2899	24.53962	NA	1.4009	5.5135	NA	1.99104	6.76025	0.63411	5.72254	NA	NA	0.88486	4.74259	NA	0.14919	1.05191	NA	0.34215	26.92555	NA	NA	NA	NA	0.37502	NA	NA	1.00732	1.81876	2.46126	3.44368	44.07001	NA	1.04617
GT32	120.08449	215.92298	232.15429	170.36261	221.45369	214.82251	134.05202	98.00073	182.81597	68.72914	144.13467	316.17602	158.58608	115.02271	70.18348	176.98491	191.76868	212.46505	232.32893	236.86676	229.34352	265.62453	255.63648	165.19625	256.15467	292.41704	204.74594	177.02869	139.78341	225.83685	159.27837	172.65023	182.86861	248.31823	230.83268
GT33	NA	NA	1.16877	NA	NA	0.55398	NA	0.53357	NA	NA	NA	NA	NA	NA	0.31077	NA	NA	NA	NA	NA	1.19895	NA	NA	NA	NA	NA	NA	0.78046	NA	NA	0.12592	NA	1.66348	NA	NA
GT35	830.92895	895.7439	932.31553	903.58717	963.13445	882.18287	945.99863	885.46958	769.00533	1065.24118	957.68077	706.25242	920.08004	946.79835	1110.33526	705.17239	756.38058	862.83123	964.72501	928.26229	825.74272	920.89658	848.5038	684.65457	779.25345	608.47638	1025.9525	1067.66725	970.56537	932.3345	990.7826	936.21282	857.60168	925.08403	894.47607
GT37	0.41661	4.30384	1.04849	NA	0.22564	1.17312	NA	NA	1.66134	NA	NA	NA	NA	NA	0.61273	NA	NA	NA	NA	NA	0.81828	NA	NA	NA	NA	NA	NA	NA	NA	2.26876	1.278	NA	23.4161	NA	NA
GT38	0.57512	2.705	3.98037	3.15078	7.94314	1.45191	NA	0.16348	NA	14.92832	7.36135	2.56147	0.52648	6.81278	1.74442	NA	0.45662	2.99925	8.80527	4.97762	7.71445	10.46589	3.79628	1.00604	4.03421	NA	5.92711	1.19565	0.78216	NA	0.49477	0.28473	0.96472	2.55202	4.12702
GT39	71.35	38.23598	40.14897	10.49902	27.03096	57.76013	28.23052	16.90349	70.265	10.29017	53.5352	10.45835	45.75912	18.30807	24.84279	10.51902	2.27072	13.92956	8.03654	36.94518	65.56878	5.82122	9.47303	48.8122	5.44283	9.76844	7.12794	14.94692	33.3077	27.07498	14.49672	24.06352	49.80604	9.76151	30.81396
GT4	2432.60788	2283.02655	2437.50311	2268.43057	3001.67743	2281.76611	1680.32061	1585.99713	1805.91808	3313.0237	2559.00553	3038.13744	2070.8997	2591.41791	2432.05104	2415.47198	2536.14553	2932.1122	3723.41149	3070.68429	2769.02865	4146.9477	2684.26597	2902.59777	2462.85506	1924.06807	3668.83431	2798.19438	1950.43139	2288.79817	1881.8797	1964.94474	2764.64791	3387.18954	2833.25575
GT41	NA	0.443	15.60017	33.21554	0.40447	NA	0.02565	0.57731	2.25129	NA	0.18195	NA	0.9508	0.29838	0.52651	0.438	NA	NA	0.3483	1.62234	1.25935	1.37765	NA	NA	NA	0.15625	0.16044	0.59426	1.39146	NA	0.37678	NA	0.18296	NA	NA
GT45	NA	NA	NA	0.46143	NA	NA	NA	NA	NA	NA	NA	NA	NA	NA	NA	NA	NA	NA	NA	NA	NA	NA	NA	NA	NA	NA	NA	NA	NA	NA	NA	NA	NA	NA	NA
GT49	1.71973	14.72562	10.4736	NA	2.82175	3.10245	0.08281	8.68013	24.43362	NA	NA	NA	NA	2.28654	21.15198	NA	NA	NA	NA	3.67924	72.99005	NA	NA	NA	NA	NA	NA	NA	3.56709	3.54906	12.36485	8.46665	83.73169	NA	NA
GT5	412.46517	283.20367	276.42381	128.76507	278.6717	385.70607	196.05823	186.22099	284.89321	219.21109	299.89403	250.11847	405.20105	291.59637	230.2398	117.12697	88.01354	202.05927	228.14824	266.05204	280.65159	243.80693	267.06299	287.35105	232.95596	136.14911	208.87901	315.56115	335.24237	298.05271	234.43445	260.56489	368.73011	314.88292	316.76068
GT50	NA	NA	NA	NA	NA	NA	NA	NA	2.02342	NA	NA	NA	NA	NA	NA	NA	NA	NA	NA	NA	NA	NA	NA	NA	NA	NA	NA	NA	NA	0.23671	NA	NA	1.62565	NA	NA
GT51	602.91907	737.31766	684.49482	913.3411	598.38412	559.32649	796.17181	799.36393	719.93121	640.28005	602.68085	697.30249	661.29359	640.58656	828.6108	945.93826	1113.57583	643.81685	604.98123	689.42383	613.19285	755.43684	726.88089	594.74142	791.73614	974.65366	795.7046	933.12597	651.27437	893.8849	713.47819	767.97291	548.08325	568.85168	623.48641
GT52	NA	NA	NA	NA	NA	NA	NA	NA	NA	NA	NA	NA	NA	NA	NA	NA	NA	NA	NA	NA	NA	0.13192	NA	NA	NA	NA	NA	NA	NA	NA	NA	NA	NA	NA	NA
GT53	NA	NA	NA	NA	NA	NA	NA	NA	NA	NA	NA	NA	NA	NA	NA	NA	NA	NA	NA	NA	NA	NA	NA	NA	0.09094	NA	NA	NA	NA	NA	NA	NA	NA	NA	NA
GT56	NA	NA	4.70385	4.63584	4.03979	0.5615	11.42467	3.46632	NA	0.53547	NA	0.49318	0.50923	0.08193	0.3868	0.98367	0.18836	3.9474	1.26431	0.84572	NA	5.16854	NA	NA	0.41603	0.52383	NA	0.39456	0.60458	0.935	0.4856	NA	NA	0.26318	9.32642
GT57	0.84475	1.47358	1.33892	NA	0.8076	0.26318	0.27642	2.59881	1.6996	NA	0.37206	NA	0.11634	0.13571	2.32671	NA	NA	0.61595	0.29344	0.48222	6.3417	NA	NA	6.31257	NA	NA	NA	NA	1.9818	0.60446	0.82548	1.17984	7.08559	0.61091	0.33083
GT58	NA	NA	NA	NA	NA	0.65336	NA	0.1882	NA	NA	NA	NA	NA	NA	1.00852	NA	NA	NA	NA	NA	0.76119	NA	NA	NA	NA	NA	NA	NA	NA	NA	0.43177	NA	3.49025	NA	NA
GT59	NA	1.25559	NA	NA	NA	NA	NA	0.6225	1.61953	NA	NA	NA	NA	NA	0.89672	NA	NA	NA	NA	NA	3.26754	NA	NA	NA	NA	NA	NA	NA	NA	NA	0.56301	1.13965	NA	NA	NA
GT6	5.91861	18.5244	11.15637	8.88172	46.51834	12.80518	7.38984	2.71828	2.17187	20.49258	18.45019	30.6753	32.44674	24.01068	12.99685	5.74048	6.95497	67.98128	74.45239	36.48061	20.80523	6.32575	23.22278	8.51466	19.26712	8.05529	26.99489	25.91327	4.4607	13.3491	7.02002	4.89054	14.73311	77.96642	34.54614
GT60	33.21578	2.82339	0.52779	NA	5.13023	14.21575	NA	NA	2.74308	0.23711	10.75055	NA	12.4948	0.17777	0.89406	NA	0.16743	NA	NA	0.61704	8.0521	NA	NA	1.47011	0.73689	NA	NA	NA	NA	0.20625	0.90374	0.20803	13.76553	NA	NA
GT66	9.46887	1.63759	3.73644	3.99661	7.12869	8.83155	1.48921	1.65247	6.25885	1.61687	0.03037	3.15354	9.45908	3.71028	1.72393	NA	1.38877	1.97084	2.83167	3.60994	6.2714	3.00034	2.91291	0.59141	4.81648	1.20668	3.76494	4.64922	5.91868	1.619	5.28287	1.22283	11.21988	4.93102	4.02519
GT69	0.83706	0.16074	0.15052	NA	NA	NA	NA	0.13774	0.34668	NA	NA	NA	NA	NA	NA	NA	NA	3.36934	7.55194	2.02069	1.83273	NA	NA	NA	NA	NA	NA	NA	NA	NA	NA	NA	0.20064	NA	NA
GT73	0.96157	1.85339	20.52454	1.51815	0.62131	0.96917	0.72689	1.09387	0.73746	1.13936	0.84606	0.39316	0.19304	0.10338	2.80408	NA	NA	0.90718	3.8243	1.08656	2.61014	1.21863	2.72924	0.45479	0.3644	0.506	2.77601	0.94953	0.52088	NA	NA	0.9701	0.22108	8.99467	12.03652
GT75	NA	NA	NA	NA	NA	NA	NA	NA	NA	NA	NA	NA	NA	0.11362	NA	NA	NA	NA	NA	NA	NA	NA	NA	NA	NA	NA	NA	NA	NA	NA	NA	NA	NA	NA	NA
GT76	NA	NA	NA	NA	NA	NA	NA	NA	NA	NA	NA	NA	NA	NA	NA	NA	NA	NA	NA	NA	0.1685	NA	NA	NA	NA	NA	NA	NA	0.20165	NA	NA	NA	NA	NA	NA
GT77	NA	2.28593	2.92594	0.2436	0.62231	0.51643	NA	1.73035	1.28292	NA	NA	NA	NA	0.12353	2.25552	NA	NA	NA	NA	0.1268	18.57096	NA	NA	NA	NA	NA	NA	NA	0.91743	0.52093	1.22063	1.40152	23.11798	NA	NA
GT8	285.94176	168.66096	202.37669	74.38559	149.10954	207.30151	104.69845	87.96246	129.83636	175.61166	248.59581	143.46602	191.63795	120.32791	125.35746	240.97718	288.37641	152.7623	171.12981	153.48587	181.20306	243.10013	131.76115	130.27053	236.48969	214.03169	276.86392	293.70216	173.21717	168.43872	174.47407	232.59407	175.28507	162.703	188.77651
GT80	1.45673	1.18166	2.68865	1.3259	2.91164	0.33562	0.46606	0.51204	0.32647	4.02747	5.92502	2.80256	5.38535	14.82064	0.96025	NA	0.79512	54.23498	6.52871	2.23049	6.49219	14.097	0.86802	15.48225	1.18631	0.44576	1.41177	0.65539	0.51092	3.54113	2.32137	0.11142	5.81299	1.35865	0.7415
GT81	6.1089	0.3188	1.04485	NA	0.38548	1.3775	0.16355	NA	0.17207	NA	NA	NA	1.35733	0.15055	NA	NA	NA	NA	NA	NA	NA	NA	NA	NA	NA	NA	NA	NA	NA	NA	NA	NA	0.59692	NA	0.58929
GT82	NA	NA	NA	NA	NA	NA	NA	NA	NA	NA	NA	NA	0.56901	NA	NA	NA	NA	NA	NA	NA	NA	NA	NA	NA	NA	NA	NA	NA	NA	1.59236	NA	NA	NA	NA	0.54898
GT83	50.4714	149.07602	156.33525	282.41365	136.37467	63.45895	203.80667	201.41159	165.91062	162.09222	93.03599	104.99536	65.28823	138.26483	182.33197	245.18824	271.3874	110.38744	168.73349	116.29138	95.46065	198.61232	101.75604	100.89857	189.32945	157.05381	219.31554	190.76903	86.41404	145.39582	180.95549	196.94874	72.15762	180.27684	157.46469
GT84	35.44138	20.90857	18.45872	0.46789	4.63952	31.3416	15.20398	26.58909	52.16272	2.76865	13.00133	0.24037	12.58596	9.2942	8.34316	NA	0.21424	12.76456	2.22023	5.4416	13.26244	0.22111	1.50131	25.13025	1.20209	0.21371	2.08745	0.22748	7.88572	13.43305	6.72485	3.11806	26.50458	2.7466	11.02365
GT87	4.46567	0.75013	1.07122	1.42541	1.82347	2.47155	3.22336	1.31574	NA	NA	NA	NA	1.28791	2.07085	1.35449	NA	NA	0.21367	0.47538	0.84124	2.58238	2.46942	0.31636	NA	NA	0.14328	3.50169	NA	NA	1.1	0.96043	NA	4.68171	NA	4.0453
GT9	78.84286	193.30352	239.89438	349.28965	187.11489	99.07649	242.76266	220.42828	142.52168	202.4121	112.04889	206.14845	98.81935	175.44522	208.79681	269.00369	309.80838	193.70417	213.56372	181.71578	158.80409	314.82837	189.17308	142.48715	245.90398	294.87045	391.72711	276.81769	145.33588	263.8757	284.27109	300.63709	117.61617	192.51412	217.73937
GT92	NA	NA	NA	NA	NA	NA	4.83228	3.14624	0.87496	NA	NA	NA	NA	NA	NA	NA	NA	NA	NA	NA	NA	NA	NA	NA	NA	NA	NA	NA	3.86439	1.56697	NA	NA	NA	NA	NA
GT97	0.30611	NA	1.88544	0.42095	15.43062	7.40435	NA	NA	NA	7.32752	1.66102	NA	0.15512	NA	0.36941	1.03545	NA	1.50196	1.02624	0.22139	1.15454	5.49783	NA	1.64625	1.06788	0.30035	0.57983	1.07608	0.69014	NA	NA	NA	0.7661	33.79744	6.03131
GT99	30.90885	NA	4.34778	0.37516	NA	12.47628	NA	NA	0.42264	NA	NA	NA	NA	NA	0.14518	NA	NA	NA	NA	NA	NA	NA	NA	NA	NA	NA	NA	NA	0.16981	NA	0.12642	NA	0.12734	NA	0.25143
PL1	347.37829	336.76493	247.89743	564.2312	484.06157	100.10162	824.72137	862.48688	320.20063	678.32618	534.95692	312.11759	394.37063	284.25426	173.8571	1202.597	1356.072	995.57812	1354.14416	432.83746	291.66682	1000.9091	186.60436	290.31231	521.65978	652.85725	767.18802	472.95449	259.54698	357.49734	339.83308	884.25827	283.27298	500.04607	405.5275
PL10	11.11092	30.76801	37.64567	41.09137	87.73535	27.85147	2.04708	2.55837	0.81169	118.02791	50.26622	34.48999	17.38282	31.79884	13.58568	12.56038	18.93694	24.99277	64.18744	37.3624	44.74383	117.18106	28.24335	19.33116	34.69365	5.46499	54.71586	17.7922	6.16559	7.69969	11.19167	2.68893	15.96875	40.50134	39.3972
PL10_1	44.84631	36.52527	39.04453	82.75162	76.1063	17.24056	11.04632	9.41876	11.02671	146.0694	76.29621	72.05116	30.4903	45.51703	17.91844	63.04233	60.38148	88.41925	145.41902	59.20262	51.81153	138.90997	45.85998	48.71154	37.36383	15.76091	74.2947	18.90315	10.90083	14.8291	14.22183	46.2106	50.90339	71.15798	77.15814
PL10_2	5.50414	15.12012	13.98187	15.62688	32.39977	11.37725	NA	0.20357	0.35192	63.49958	29.41318	29.15959	10.04531	15.14635	5.60022	13.82957	13.61049	21.14409	35.27835	15.81248	11.50566	53.01275	16.05514	18.12671	26.00251	7.71445	28.5201	8.41554	1.31435	1.93267	3.9571	0.73733	10.42437	19.72682	23.86674
PL11	70.84366	66.76357	61.23465	97.81449	216.79357	57.55532	41.37748	35.88683	6.67034	259.48837	155.77268	144.74335	45.74696	85.74056	68.90693	27.6824	24.06399	100.72182	172.55158	172.59224	168.94879	252.51681	126.32608	63.08313	88.43625	26.54903	143.91918	54.18276	20.81097	21.76961	69.62708	46.49295	64.01044	113.26505	96.39166
PL11_1	57.52331	32.93413	36.55259	77.22111	79.82099	22.70246	65.87576	59.12621	6.6619	128.24095	81.13793	157.09722	29.99003	45.65139	90.48231	28.95449	22.00416	54.62939	81.59193	94.44347	71.3731	144.02768	105.09339	42.92365	35.98273	26.42655	76.36532	37.60822	20.77506	34.62709	37.22186	23.76616	38.04702	47.18147	48.73757
PL11_2	0.65387	NA	NA	NA	NA	NA	0.09247	NA	1.2404	NA	NA	NA	NA	NA	NA	NA	NA	NA	NA	NA	NA	NA	NA	NA	NA	NA	NA	NA	NA	NA	NA	NA	0.33748	NA	NA
PL12	6.45749	5.05222	1.77846	1.68738	1.17598	3.05827	0.73858	0.95651	0.29289	16.89713	8.01487	1.15594	4.7996	11.96639	7.87979	3.30184	2.21958	4.08146	18.28755	1.05183	2.03254	16.30859	0.22212	8.06373	NA	0.81132	12.65944	4.70798	0.91478	0.39787	1.22358	1.2226	21.06317	1.86234	19.10708
PL12_1	3.38202	2.3629	14.13952	3.9978	NA	10.08056	6.4125	1.10544	4.86084	2.10867	2.26385	7.5606	3.80694	8.95841	5.88288	2.95102	4.66458	3.17313	4.2678	2.78613	1.93023	2.34629	5.59688	4.0416	0.73157	1.14567	0.76722	9.62041	1.96002	6.12335	8.36243	9.86096	3.97945	3.11886	4.62892
PL12_2	16.65076	28.09206	22.71925	42.38789	35.77786	14.69669	2.4571	1.89755	18.82603	117.6456	58.84513	26.6974	9.55157	54.1914	22.38645	12.5417	9.42709	165.49591	251.40252	72.60541	55.47234	79.18467	20.69108	21.79111	37.35785	11.3815	41.26772	6.61419	9.51557	23.29561	18.47071	13.65576	24.47694	136.43205	89.21243
PL12_3	1.05237	0.84389	NA	NA	1.3605	0.21138	NA	0.47603	20.78293	NA	NA	1.11876	0.38325	8.32454	1.5238	NA	0.1662	1.42672	3.46372	NA	0.32327	NA	1.61202	NA	NA	NA	NA	NA	0.94894	0.4125	16.30593	36.90877	0.35113	NA	0.69614
PL13	8.35065	17.19548	10.21043	8.81004	22.7061	7.38977	1.33786	0.47244	1.72484	55.28444	25.4031	7.94081	8.5029	38.02771	16.88261	2.60411	3.30854	45.14637	83.19834	44.30698	25.64844	38.88507	8.10809	12.78569	13.56037	2.11571	19.87704	3.89163	6.87326	8.25369	3.79562	2.99199	13.23111	36.16294	70.53776
PL15	1.30861	6.98331	5.18295	4.14933	16.30383	9.8867	1.48965	2.08305	0.82414	64.22738	12.05636	6.69999	4.72047	4.6686	1.95225	NA	0.44611	11.96165	25.2331	42.77074	40.3406	1.76735	3.31819	0.73039	2.14195	1.47804	20.3119	4.08097	1.77568	5.52357	17.18439	14.90394	3.44968	3.32298	70.19485
PL15_1	NA	NA	NA	NA	NA	NA	NA	NA	NA	NA	NA	NA	NA	NA	NA	NA	NA	NA	NA	NA	NA	NA	NA	NA	0.3698	NA	NA	NA	NA	NA	NA	NA	NA	NA	NA
PL15_2	12.9596	13.43901	8.10095	10.67414	30.36134	5.91458	3.10806	1.49072	NA	61.17426	30.24847	13.45591	8.21195	45.56554	23.19894	2.32975	5.94808	57.92939	101.17917	50.87315	27.64253	54.20667	7.05138	13.87796	13.3016	4.47422	32.00862	11.59226	8.31169	12.19666	12.24546	9.08688	10.71271	36.79273	53.41067
PL17	9.34205	7.22924	1.7429	3.58327	7.87098	0.52269	0.11894	NA	NA	7.61969	4.48805	4.18437	3.0799	6.26707	5.9505	2.1462	0.25453	8.91957	2.83501	0.75906	2.55296	2.12804	1.46658	3.16904	0.9077	NA	2.08319	NA	0.46929	8.0111	0.21296	NA	7.85072	2.61725	32.31021
PL17_1	0.87596	1.18168	NA	0.54949	0.53374	1.10568	0.20129	NA	NA	0.24525	NA	NA	0.40093	NA	NA	NA	NA	0.13477	NA	0.16093	NA	NA	NA	NA	NA	0.64807	NA	0.91053	NA	NA	NA	0.43366	0.36733	0.24293	NA
PL17_2	0.24874	1.44039	2.70572	15.87871	10.80387	1.29689	0.13489	0.78649	2.48409	17.71231	11.10695	1.53399	1.75196	0.54746	1.55915	NA	0.74666	6.07672	15.08132	2.99266	6.49974	2.5968	0.94907	0.83553	1.87682	NA	0.81169	NA	3.15003	1.55932	NA	NA	6.38231	4.31223	3.36795
PL1_2	112.5218	108.37184	94.97991	170.92314	227.3759	43.98247	275.54942	281.77202	55.83076	310.53018	209.45282	128.57434	139.08635	120.05293	56.55966	320.94697	385.75147	363.79353	571.82021	190.0913	131.63535	406.81241	83.72789	113.51061	137.12677	57.04936	292.73029	135.29466	70.06703	95.4354	85.80078	225.78716	119.41887	214.58306	174.31769
PL1_5	5.6294	NA	NA	NA	NA	NA	0.07392	0.18288	0.69997	NA	NA	NA	NA	NA	NA	NA	NA	NA	NA	NA	NA	NA	NA	NA	NA	NA	NA	NA	NA	NA	NA	NA	1.88855	NA	NA
PL1_6	NA	NA	NA	NA	NA	NA	NA	NA	NA	NA	NA	NA	NA	NA	NA	NA	NA	NA	NA	0.10255	NA	NA	NA	NA	NA	NA	NA	0.2321	NA	NA	NA	0.27635	NA	NA	NA
PL1_8	8.25441	NA	NA	NA	0.54491	0.15051	0.27473	0.16948	2.79004	NA	NA	NA	3.50464	0.55611	1.50437	NA	NA	NA	NA	0.65721	1.48519	NA	0.32795	NA	NA	NA	NA	NA	NA	NA	0.76935	NA	1.51598	1.65347	0.90502
PL2	0.18367	NA	NA	NA	NA	NA	NA	NA	0.46229	NA	NA	NA	0.13693	NA	0.15489	NA	NA	NA	NA	NA	NA	NA	NA	NA	NA	NA	NA	NA	NA	0.19547	NA	0.21517	NA	0.78953	NA
PL21	0.88965	4.81611	NA	NA	NA	NA	NA	NA	7.50873	NA	NA	NA	1.59945	NA	0.55709	NA	NA	NA	NA	NA	0.7039	NA	NA	NA	NA	NA	NA	NA	NA	NA	NA	0.4698	NA	NA	NA
PL21_1	1.27472	NA	0.53468	0.71625	1.72601	NA	1.36698	2.41567	NA	50.35039	20.35092	7.56971	3.50069	7.90951	2.57757	NA	1.01206	87.86444	90.76255	14.67607	11.72466	NA	4.67453	NA	2.9805	3.77232	3.42703	0.35334	2.31145	4.60524	2.55875	NA	1.42548	75.41782	67.07953
PL22	35.05369	88.76647	55.24926	79.96544	163.14135	49.43052	23.56994	17.03568	29.20723	251.79966	152.59837	110.02969	49.74034	52.07138	23.25523	58.99292	67.64354	95.35938	182.32482	130.50773	103.79873	196.07646	107.46315	67.24514	105.21514	31.81417	122.98803	34.07672	22.38356	30.03244	42.24423	19.76865	53.80486	76.34848	90.44774
PL22_1	NA	1.93214	0.35469	NA	0.75067	3.6509	NA	NA	1.34038	2.14499	6.65138	0.25876	2.05371	0.20483	0.16447	NA	0.92023	6.43296	1.67621	3.78206	6.56467	0.37829	1.87334	1.51933	3.13831	4.12603	NA	1.9864	2.6375	NA	NA	NA	NA	0.95701	1.13598
PL26	31.45697	40.86223	33.51971	51.24385	91.22622	21.76662	2.31501	2.08483	5.39509	176.56122	104.34565	156.12731	22.64372	48.39711	24.74089	21.36513	14.45092	68.2496	141.41349	84.47247	74.8193	141.93057	138.48149	28.28762	63.23694	13.96346	87.14511	35.30258	12.54366	10.72912	13.21134	4.44557	37.75649	59.91537	51.14408
PL27	22.77298	8.10645	16.73581	21.11584	36.83895	36.73786	1.7708	2.74013	7.15616	71.64589	25.39977	23.70511	22.7588	31.60889	93.22796	14.0717	11.12875	34.95584	59.64732	48.80254	30.44899	101.4165	19.95036	32.99198	30.24083	13.46284	38.45218	23.09639	17.71598	3.57682	21.33594	19.20665	25.99287	32.20238	46.92236
PL29	2.97072	5.27778	15.28287	84.78828	18.98685	3.83253	4.13821	1.34876	8.73074	21.98243	12.11012	53.7653	22.73878	16.87418	4.49162	4.35109	2.40084	22.08176	23.2302	21.98706	15.31031	20.58011	43.86557	4.79973	14.40888	1.89759	27.84881	2.92617	17.39665	16.60395	5.09131	3.49102	8.7783	10.51153	6.12787
PL30	7.30399	4.14191	1.52556	1.50025	31.04671	3.34088	1.07442	1.06824	0.89747	43.64356	19.06162	81.35585	20.38554	30.11224	14.69334	1.40432	4.00373	49.31717	64.60343	0.77143	1.59875	30.88457	64.8257	13.54276	7.87128	2.52329	4.50847	0.06803	2.59933	2.70665	1.97855	NA	18.77717	90.80101	32.93995
PL31	5.38597	1.02036	1.33385	NA	NA	NA	0.21066	0.17287	1.54955	NA	1.62561	NA	1.11489	0.64407	1.01587	NA	NA	NA	NA	0.33444	0.58169	NA	0.33318	0.79467	0.80091	0.45053	0.13643	1.39258	0.69385	0.2984	0.39081	NA	1.80689	NA	NA
PL32	NA	NA	1.04792	0.40928	NA	NA	0.07978	NA	NA	0.96626	2.35109	NA	NA	NA	NA	NA	NA	4.70708	2.26132	0.1333	0.10788	19.68602	NA	5.10746	0.24274	NA	NA	NA	NA	NA	NA	0.04569	NA	NA	NA
PL33_1	46.9869	36.92893	54.99177	165.17741	93.17073	49.5689	40.83367	45.88172	39.79742	42.85324	57.06236	109.30876	45.19537	76.15521	159.08642	20.63781	17.92577	69.23399	66.77896	52.42744	33.73009	69.48721	72.22271	51.83848	37.98704	17.14869	34.24375	21.08367	36.31936	58.20104	53.05919	111.0003	40.81394	53.8914	63.78308
PL33_2	4.55214	1.84409	6.47427	9.98837	6.74601	1.61799	NA	NA	NA	1.55987	2.39398	3.87914	2.91697	7.18834	1.81355	7.37755	1.41267	8.76088	2.53594	2.33262	6.7624	22.89357	1.52666	4.4363	6.92905	1.19172	18.59267	1.34423	NA	NA	2.88865	1.37298	1.9863	3.31097	0.87302
PL35	11.46044	29.26365	17.10648	13.13366	79.93758	30.48784	16.27017	33.8492	16.65939	44.8063	30.48078	8.57328	14.6289	17.97993	6.29859	9.65633	6.32842	39.05189	66.88989	39.99902	20.71702	26.17845	9.82126	20.06732	26.65428	7.01802	61.53265	10.18149	4.65694	8.94166	11.49035	9.67496	29.903	18.24311	39.371
PL37	7.57772	9.39627	2.69541	2.04786	18.23619	3.8643	0.95615	0.62802	6.90187	13.982	10.2223	4.44798	11.34313	21.26177	9.70536	3.70177	1.93965	28.30869	47.42629	15.49052	8.75	12.05714	1.90104	6.24145	4.26617	1.50093	2.92594	NA	3.3117	4.63378	2.01696	0.38472	8.96349	26.40057	31.25541
PL38	33.767	31.52665	34.32691	24.57323	39.69111	12.33537	3.27241	1.86978	0.60848	53.62229	41.83734	34.3557	21.66474	34.49983	17.16654	3.50565	5.95211	17.28044	44.29426	27.12373	28.5507	42.71697	25.88654	25.05326	15.15612	2.30544	13.87702	1.66742	6.21087	4.72845	5.87031	3.52187	41.48186	54.06112	42.54919
PL4	NA	NA	1.40708	2.54949	NA	NA	NA	NA	0.90347	24.89415	3.93111	0.77234	NA	0.32824	NA	NA	NA	0.23053	0.04274	0.41565	NA	28.69455	0.31796	5.52408	5.62051	1.25536	19.85232	5.09537	NA	0.27864	NA	NA	NA	NA	NA
PL40	23.2279	25.68494	34.21914	55.01071	100.76685	22.32456	6.16181	6.34653	1.2311	52.25518	51.30445	113.48707	24.12435	47.99405	14.65649	14.95019	11.59541	74.10675	129.01897	80.92756	60.55464	42.57453	78.09995	11.23478	24.00138	5.09052	38.41372	8.27952	6.7105	18.11973	86.43853	47.10967	33.70177	91.0391	28.66785
PL4_1	2.02144	0.37728	NA	NA	0.45618	0.22681	0.20645	NA	NA	NA	0.13911	NA	0.56542	0.09502	0.85156	NA	0.08916	NA	NA	0.24759	0.04304	0.24771	0.12355	0.68756	0.39387	1.44014	NA	0.09339	0.05091	0.11065	0.04831	NA	0.18838	NA	NA
PL6	25.79869	1.59402	13.98716	36.75736	36.79881	16.39334	0.0442	NA	4.95576	43.84284	34.50397	2.53585	11.98252	1.33442	1.32897	6.75741	0.49136	9.51496	34.52159	7.77172	15.06543	31.02354	2.3425	13.14514	5.2435	0.23298	4.02554	NA	8.67851	0.40652	1.24633	0.18545	27.15272	10.06543	33.33934
PL6_1	6.66011	0.88824	2.23112	11.08657	13.3499	3.72924	0.11293	0.32752	0.9772	18.26466	10.46973	2.80608	2.1162	0.46113	0.69069	1.3936	0.3324	2.7236	12.22355	3.11763	6.04421	6.30246	1.28909	6.21614	1.51501	0.37168	0.83791	NA	2.31685	1.14129	0.53505	0.08171	10.38121	3.85837	7.4385
PL7	4.16573	3.48042	2.18214	2.83193	10.4733	3.25447	NA	0.15269	0.23499	9.9827	5.77791	NA	1.47513	6.17766	2.26632	NA	0.21323	NA	2.24031	0.19737	7.82258	NA	NA	NA	0.94195	0.59751	3.36955	1.60467	NA	1.66738	2.24963	0.24511	1.8882	2.11945	3.64
PL8	33.3932	49.24756	58.26917	62.49366	73.46287	17.48126	7.75528	8.43148	23.25313	87.18328	73.45087	156.32915	47.15815	49.41048	24.58713	18.8004	13.90059	81.07274	147.43464	81.14441	68.09691	160.23073	116.36629	59.0354	77.64483	10.26111	91.10617	18.47933	11.13726	25.97047	35.16032	20.78422	57.36579	72.34732	60.55825
PL8_1	NA	NA	NA	NA	NA	NA	NA	NA	NA	NA	NA	NA	NA	NA	NA	NA	NA	NA	NA	NA	NA	0.1241	NA	NA	NA	NA	NA	NA	NA	NA	NA	NA	NA	NA	NA
PL8_2	24.26147	20.67678	31.59112	129.33001	59.65943	10.9398	6.55481	3.54764	18.06065	84.05633	60.75645	162.4536	51.41575	54.52409	20.75871	14.16854	11.49482	110.06853	148.33819	56.29128	33.67762	89.17454	112.76204	44.09091	44.89967	8.88073	80.60601	11.34976	21.78538	24.48233	14.73161	4.4393	38.32612	111.65024	88.3279
PL8_3	23.45158	10.72227	13.89133	53.26498	26.39811	6.27982	3.29536	0.83981	2.57211	7.75843	23.53853	87.15096	27.62617	23.01542	6.5685	3.65978	3.64206	46.65411	45.35477	22.15663	22.04147	82.33517	55.78142	41.7543	22.06011	2.46265	19.23351	1.96599	17.71261	12.83393	9.15776	6.82695	20.38582	33.27921	23.99437
PL9	17.12497	14.63708	7.74964	20.29755	8.4698	9.51638	29.64988	34.18519	6.98633	31.30465	34.26252	9.58045	35.36426	7.385	17.19431	4.99723	14.50887	6.24685	13.94812	13.06968	10.52173	16.6967	12.59583	19.68416	11.04051	4.67431	20.91018	18.49093	15.0535	3.75712	27.792	25.05635	9.88002	6.71074	13.35381
PL9_1	34.78262	45.80556	21.64194	15.87688	18.31577	17.33909	15.16501	11.36531	5.65516	39.13285	94.81347	18.18686	50.9151	14.35424	46.89892	20.95657	34.30692	23.01089	51.40813	28.34476	39.04984	59.49449	16.51755	47.74124	18.24331	27.74229	30.82302	43.15016	9.51784	17.27662	15.12265	18.22696	8.18493	17.78824	39.65982
PL9_2	4.29125	1.87714	10.85102	8.6097	11.61121	3.30574	0.09962	0.47913	NA	NA	0.13282	2.3906	3.30204	28.80157	5.75072	4.34727	2.11299	17.7378	9.25257	6.41897	4.93406	0.08869	0.81844	1.97954	22.41833	0.50912	36.74394	2.1475	NA	NA	8.79758	4.29163	4.87835	10.25871	2.86256
PL9_4	NA	NA	NA	NA	NA	NA	NA	NA	NA	NA	NA	NA	NA	NA	NA	NA	NA	NA	NA	NA	NA	NA	0.62224	NA	NA	NA	NA	NA	NA	NA	NA	NA	NA	NA	NA
