feature	SRR5866258	SRR5866262	SRR5866263	SRR5866264	SRR5866265	SRR5866266	SRR5866267	SRR5866270	SRR5866271	SRR5866272	SRR5866273	SRR5866274	SRR5866275	SRR5866276	SRR5866277	SRR5866278	SRR5866279	SRR5866280	SRR5866281	SRR5866282	SRR5866283	SRR5866284	SRR5866285	SRR5866286	SRR5866287	SRR5866288	SRR5866289	SRR5866290	SRR5866291	SRR5866292	SRR5866293	SRR5866294	SRR5866295	SRR5866296	SRR5866297	SRR5866298	SRR5866299	SRR5866300	SRR5866301	SRR5866302	SRR5866303	SRR5866304	SRR5866305	SRR5866306	SRR5866307	SRR5866308	SRR5866309	SRR5866310	SRR5866311	SRR5866312	SRR5866313	SRR5866314	SRR5866317	SRR5866318	SRR5866343	SRR5866344	SRR5866345	SRR5866346	SRR5866347	SRR5866348	SRR5866349	SRR5866350	SRR5866351	SRR5866352	SRR5866353	SRR5866354	SRR5866355	SRR5866356	SRR5866357	SRR5866358	SRR5866359	SRR5866360	SRR5866361	SRR5866362	SRR5866363	SRR5866364	SRR5866365	SRR5866366	SRR5866367	SRR5866368	SRR5866369	SRR5866370	SRR5866371	SRR5866372	SRR5866409	SRR5866410	SRR5866411	SRR5866412	SRR5866413	SRR5866414	SRR5866415	SRR5866416	SRR5866417	SRR5866418	SRR5866419	SRR5866420	SRR5866421	SRR5866422	SRR5866423	SRR5866424	SRR5866425	SRR5866426	SRR5866427	SRR5866428	SRR5866429	SRR5866430	SRR5866432	SRR5866433	SRR5866439	SRR5866440	SRR5866443	SRR5866448	SRR5866459	SRR5866460	SRR5866462	SRR5866463	SRR5866464	SRR5866465	SRR5866466	SRR5866467	SRR5866468	SRR5866489	SRR5866490	SRR5866491	SRR5866492	SRR5866493	SRR5866494	SRR5866495	SRR5866496	SRR5866497	SRR5866498	SRR5866499	SRR5866500	SRR5866501	SRR5866502	SRR5866503	SRR5866504	SRR5866505	SRR5866506	SRR5866507	SRR5866508	SRR5866509	SRR5866512	SRR5866514	SRR5866515	SRR5866517	SRR5866518	SRR5866519	SRR5866520	SRR5866531	SRR5866532	SRR5866533	SRR5866534	SRR5866535	SRR5866536	SRR5866537	SRR5866541	SRR5866542	SRR5866543	SRR5866544	SRR5866545	SRR5866546	SRR5866547	SRR5866548	SRR5866558	SRR5866559	SRR5866560	SRR5866561	SRR5866562	SRR5866563	SRR5866566	SRR5866567	SRR5866570	SRR5866571	SRR5866591	SRR5866592	SRR5866593	SRR5866594	SRR5866595	SRR5866596	SRR5866597	SRR5866598	SRR5866599	SRR5866600
total_reads	21754104.0	16966018.0	21608560.0	27316430.0	31532228.0	34945604.0	15864082.0	29432920.0	33468744.0	34092996.0	40361263.0	25606726.0	52545124.0	25996940.0	24896742.0	26203516.0	30115687.0	23844553.0	16470814.0	29198094.0	20195570.0	31388602.0	23112511.0	29339208.0	33784746.0	38792336.0	23220909.0	42219839.0	38661046.0	31561379.0	24095503.0	30869568.0	33019087.0	36650181.0	42944402.0	27486141.0	33775693.0	44360130.0	34655545.0	36717747.0	27911674.0	32507555.0	53777273.0	31574220.0	33896834.0	28494764.0	27115594.0	30965529.0	65109675.0	33789254.0	100686635.0	67639291.0	25437715.0	22633708.0	37510937.0	32082326.0	21054427.0	19595839.0	41008095.0	34192481.0	30151218.0	34757192.0	26676802.0	30261984.0	36879986.0	28355670.0	28915946.0	38704135.0	21533855.0	22925173.0	26637340.0	41203495.0	27727425.0	34074509.0	31930444.0	26905449.0	23614519.0	31085179.0	26762432.0	24123383.0	27035197.0	26907634.0	35221934.0	28440134.0	30410476.0	71323013.0	32039704.0	35220874.0	19953312.0	28078572.0	24209691.0	22249878.0	30070939.0	44793188.0	27190030.0	28856078.0	34002444.0	42619795.0	43595697.0	29803647.0	31735372.0	26719323.0	30335188.0	34092456.0	28034874.0	27914128.0	33308971.0	27234538.0	38323853.0	41065999.0	28201260.0	35051680.0	36603740.0	36869279.0	25503039.0	34298985.0	47073529.0	24857719.0	30607764.0	27750912.0	25259630.0	41847809.0	23798817.0	30176982.0	27567647.0	30485463.0	43285171.0	28262768.0	29654960.0	20963585.0	26598242.0	23206171.0	26700979.0	25463521.0	32182066.0	24300681.0	29961930.0	28316761.0	34640683.0	31891646.0	36276505.0	28032703.0	34942626.0	44869362.0	30845409.0	37469724.0	32085012.0	32501799.0	27873398.0	30830064.0	29160782.0	82073352.0	57669243.0	39120299.0	49011251.0	31391854.0	26377237.0	25803179.0	35602613.0	29171845.0	25162180.0	35551779.0	40632581.0	34320967.0	27503843.0	43959204.0	42150052.0	23462526.0	35872541.0	29383375.0	29054376.0	29816551.0	29118681.0	68295198.0	27900091.0	23653778.0	31320205.0	32128623.0	26522794.0	22979201.0	24517154.0	33585279.0	31775936.0	35550178.0
filtered_reads	21841179.0	17289690.0	21743359.0	27784374.0	32037591.0	35277513.0	16187822.0	30126558.0	33724740.0	34288816.0	40807068.0	26007844.0	53425389.0	26146246.0	25117301.0	26508318.0	30386608.0	23959561.0	16582328.0	29432161.0	20375041.0	32134105.0	23391474.0	29534805.0	34191140.0	39113580.0	23577744.0	42738729.0	39070456.0	31913488.0	24279639.0	31107103.0	33342135.0	37049497.0	43415014.0	27821420.0	34081539.0	44797407.0	35049906.0	37222107.0	28140326.0	32872597.0	54856904.0	31856733.0	34210562.0	28730376.0	27314124.0	31149610.0	65384380.0	33899342.0	101290399.0	68072613.0	25644379.0	22816792.0	37798542.0	32530869.0	21274847.0	19845945.0	42987295.0	34448139.0	30396403.0	34991722.0	27236098.0	30853102.0	37255736.0	28659503.0	29737433.0	39135174.0	23519314.0	23931485.0	27057569.0	42278811.0	28454535.0	34704396.0	32234565.0	27078149.0	23749649.0	31362317.0	27250158.0	24754465.0	27447349.0	27191782.0	35660578.0	28694656.0	30734243.0	71841955.0	32502687.0	35695620.0	20134881.0	28524321.0	24586775.0	22634255.0	30566273.0	45014592.0	27830755.0	29877507.0	34516476.0	43759251.0	44621363.0	30335956.0	32102666.0	27259537.0	30833711.0	34526465.0	28451381.0	28136346.0	34490861.0	27327014.0	38776594.0	41543232.0	28504841.0	35550442.0	37861510.0	38547598.0	25723803.0	34480505.0	47382087.0	25430933.0	31342719.0	27929417.0	25371637.0	42325101.0	24158596.0	30692093.0	28005559.0	31315635.0	43949287.0	28800226.0	30031650.0	21228558.0	26858238.0	23492444.0	27212141.0	26021501.0	33020915.0	24573250.0	30525817.0	28861412.0	35626931.0	33107061.0	37119774.0	28611441.0	35304485.0	45153555.0	31083479.0	37640110.0	32267944.0	32821941.0	28714369.0	31300359.0	29578090.0	82408819.0	57726266.0	39162345.0	49131855.0	31921675.0	27751790.0	27085473.0	37132238.0	30200207.0	25953147.0	36338272.0	40930434.0	34944438.0	27795056.0	44635493.0	42575985.0	23625562.0	36197157.0	29716712.0	29451695.0	30184861.0	29601990.0	69316883.0	28221381.0	23968959.0	31790998.0	32550928.0	26798046.0	23206529.0	24762434.0	34072338.0	32062623.0	35924802.0
category	59310.61496	54435.1742	64398.17297	50020.07212	52725.53761	64417.16949	49800.54648	47423.17954	44636.55917	70740.00152	50410.96512	47778.54992	49332.89149	53302.24813	49237.8177	51494.19252	56138.69652	47692.63497	60145.18729	63081.49968	64200.46942	47860.46792	56360.0149	53628.58093	61121.47534	49278.89233	49356.69629	54046.66426	45477.97329	42636.03429	57260.36756	59118.88045	66762.91705	63183.48911	59135.1714	59582.39816	67190.76666	65846.36181	58333.78646	53613.29742	55963.52176	56048.99502	56310.18228	55360.00733	52979.56921	41663.18439	41226.75637	55473.08739	72245.76327	61707.99156	70309.34479	70318.86835	45205.98275	46057.30958	71307.36421	62525.43118	59225.75459	49326.14124	46244.12584	52268.05751	61248.0374	55671.46022	47504.90852	47469.35499	58922.56936	57495.01724	48094.68929	58160.73774	41416.01618	50090.85891	50525.17852	47434.09953	57859.06219	57739.17574	52595.94788	59543.04784	47725.49318	49718.36724	53541.00095	46477.20668	51313.50035	54976.10278	51369.43872	54043.92964	48844.74057	43903.58155	47413.65609	40043.34673	57476.84615	38821.93639	39060.59206	40502.79963	40172.40207	39321.62128	36448.30577	38373.51346	47231.16592	43270.76884	41549.15194	50044.67227	45632.82878	44557.17771	52900.80877	56015.71361	49896.34951	48567.97867	46811.02258	58629.16341	42564.1128	58373.15098	59983.59233	70304.0149	46750.94348	41705.77852	62907.45838	63404.00112	60546.97174	48777.86428	50881.46533	68574.79005	62237.42625	53673.94188	48248.57647	45746.22208	43297.79186	37415.0205	45481.77699	44972.93364	43424.46376	52262.60539	41792.72592	66246.01025	43667.2819	36807.61398	59453.98653	67767.47695	53874.33572	54313.58229	47700.4419	46592.2489	43641.37371	43183.79362	48404.43237	59550.78054	60089.91927	48244.28681	43312.92237	40730.48943	47826.57744	52385.04167	60134.82529	67330.66564	56201.29928	56077.49511	65816.07131	47272.09837	39074.66589	41500.62939	38499.64029	39704.73504	36837.0076	55262.42561	62026.28316	43716.2277	56241.72738	46002.1952	53112.53149	47141.79446	58524.72877	72484.81074	53685.16182	56960.59495	61011.74795	64077.48864	65720.47687	63776.49383	60143.61619	67084.01653	44102.09354	46062.91221	68681.97558	51244.70094	50327.96665	60877.39745
AA1	6.75962	11.3246	6.8359	1.42503	0.35033	1.18075	1.58316	1.34494	19.5344	29.66538	1.6551	5.10996	1.62546	1.98072	2.84378	5.77905	2.55507	5.06191	1.91569	14.87966	36.02206	2.36492	2.30421	27.11839	1.60633	31.24339	3.73556	3.75508	0.17618	0.15661	1.73571	3.72425	2.19141	2.53621	64.87108	58.60157	2.48449	5.112	2.18671	1.88508	5.09721	1.37369	2.06804	5.20371	0.92394	3.36171	3.11142	5.08885	2.1007	0.77576	2.74854	17.96699	0.07942	0.21468	0.54717	1.94465	7.10461	11.6391	4.45164	10.90415	4.00989	2.88589	8.74506	9.35572	10.12538	1.21419	14.68682	4.86765	0.60633	21.09638	7.83212	15.63507	2.02501	11.42919	5.06719	0.93377	6.72111	3.4129	1.3581	1.06058	24.69527	6.86962	0.43198	2.46039	17.00783	16.06173	2.23271	2.18984	3.33245	4.54447	5.49611	22.01435	22.46655	18.37942	2.18784	2.40759	2.3252	2.69249	15.29651	2.21292	4.80499	7.41921	0.76748	7.80872	0.60102	2.22124	1.53636	12.38519	22.04551	2.22463	3.72215	1.91929	3.05436	24.75067	1.70994	1.93294	5.66613	3.9555	0.83182	18.3022	14.11849	5.14901	2.67055	3.79167	2.06739	24.16925	1.94485	9.52917	2.10834	4.51075	11.12577	4.40351	2.07614	4.33811	5.40165	4.10881	20.92559	20.31445	2.13903	1.92533	0.18718	6.14203	5.33104	1.04626	0.95382	5.12822	3.01011	4.17253	9.90249	1.38475	1.29927	7.17806	22.62307	18.58313	4.77599	2.19869	3.6285	19.99029	8.17425	8.47393	3.16454	0.33307	3.23561	1.237	31.6909	21.2485	5.38168	34.0392	2.92714	1.70636	0.41213	1.03906	0.34821	0.36504	0.42584	1.84268	4.28375	0.0281	16.90119	15.00061	0.88343	25.68472	4.43956	3.47313
AA10	0.19254	NA	0.66391	0.09447	NA	NA	NA	NA	0.03891	0.03827	NA	NA	0.44841	0.13702	0.24292	1.53725	NA	0.14952	0.25243	0.4218	0.62705	NA	NA	0.3644	NA	0.16776	0.05566	0.14056	NA	0.18744	NA	NA	0.1968	0.10626	NA	NA	1.45007	0.32224	0.07488	0.07051	NA	NA	0.01707	NA	0.03836	0.09136	0.67264	1.13681	0.2523	0.03871	0.03887	0.03654	0.07783	NA	0.10416	0.12102	NA	0.14858	0.47347	0.99817	0.1727	0.18752	0.71144	0.30031	0.05142	NA	0.23368	0.13259	0.12781	3.16299	NA	NA	NA	0.12414	0.12119	NA	0.05526	0.16738	NA	NA	0.20306	0.28957	0.0368	NA	0.20196	0.20341	0.08288	0.57994	NA	NA	0.13758	NA	0.04293	0.10874	NA	NA	1.19765	0.17994	0.02941	0.08652	0.32236	NA	NA	NA	NA	NA	0.06682	0.09605	0.21951	NA	0.0336	0.03691	0.10398	0.06809	NA	0.3806	0.42913	0.15481	0.14597	0.72671	0.15734	NA	NA	0.08665	NA	0.20953	0.17916	0.18227	NA	0.06182	2.70038	0.11467	0.06013	1.40799	0.0627	0.3362	0.11989	0.12637	0.11051	0.23993	0.03535	1.25996	0.18653	0.04243	0.06163	0.0509	0.10004	0.05837	0.0457	0.11874	0.23377	0.10287	0.19437	0.1515	0.237	0.09346	NA	0.34503	0.17305	NA	0.25283	NA	0.18466	0.03755	0.14164	NA	0.11497	NA	0.3165	NA	0.04456	0.04348	NA	0.02764	0.0465	0.05475	0.61588	NA	0.09794	0.3393	NA	0.29037	0.08186	0.08837
AA1_2	NA	NA	NA	NA	NA	NA	NA	NA	0.04845	NA	NA	NA	0.03058	0.06249	NA	NA	NA	NA	NA	NA	NA	NA	NA	NA	NA	NA	NA	NA	NA	NA	NA	NA	NA	NA	NA	NA	NA	NA	NA	NA	NA	NA	NA	NA	NA	NA	NA	NA	NA	NA	0.00807	NA	NA	NA	NA	NA	NA	NA	NA	NA	NA	0.09339	NA	NA	NA	NA	NA	NA	NA	NA	0.06039	NA	NA	NA	NA	NA	NA	NA	NA	NA	NA	NA	NA	NA	NA	NA	NA	NA	0.12173	NA	NA	NA	NA	NA	NA	NA	NA	NA	NA	NA	NA	NA	NA	NA	NA	NA	0.02369	NA	NA	NA	NA	NA	NA	NA	NA	NA	NA	0.06425	NA	NA	NA	NA	NA	NA	NA	NA	NA	NA	NA	NA	NA	NA	NA	0.06279	NA	NA	NA	NA	NA	0.02468	NA	NA	NA	NA	NA	NA	NA	0.04978	0.0569	NA	NA	0.01983	NA	0.04172	NA	NA	NA	NA	NA	NA	NA	NA	NA	NA	NA	NA	NA	NA	NA	0.05499	NA	NA	NA	NA	NA	NA	NA	NA	NA	NA	NA	NA	NA	NA
AA2	NA	NA	NA	NA	NA	NA	NA	NA	0.03209	NA	NA	NA	NA	NA	NA	NA	NA	NA	NA	0.07354	NA	NA	NA	NA	NA	NA	NA	NA	NA	NA	NA	NA	0.06492	NA	NA	NA	NA	NA	NA	0.05815	NA	NA	NA	NA	NA	NA	NA	NA	NA	0.03193	NA	0.0318	NA	NA	NA	NA	NA	NA	NA	NA	NA	0.24743	NA	NA	NA	NA	NA	NA	NA	NA	NA	NA	NA	NA	NA	NA	NA	NA	NA	NA	NA	NA	NA	NA	NA	NA	NA	NA	0.16125	NA	NA	NA	NA	NA	NA	NA	NA	NA	NA	NA	NA	NA	NA	NA	0.03804	NA	NA	NA	NA	NA	NA	NA	NA	NA	NA	NA	NA	NA	NA	NA	NA	NA	NA	NA	NA	NA	NA	NA	NA	NA	NA	NA	NA	NA	NA	NA	0.07091	NA	NA	NA	NA	NA	NA	NA	NA	NA	NA	0.03297	0.03769	NA	NA	NA	NA	0.05527	NA	NA	NA	NA	0.05829	NA	NA	NA	NA	NA	NA	NA	NA	NA	NA	NA	NA	NA	NA	NA	NA	NA	0.03404	NA	NA	NA	NA	NA	NA	NA
AA3	2.0984	2.01372	5.51838	0.58082	1.61811	0.14157	0.22778	1.31055	0.82702	1.07952	0.94854	0.97956	0.88415	0.81466	0.54946	0.61554	0.61369	0.76949	2.32693	2.84921	16.39551	0.91854	0.964	4.33618	1.12879	9.24188	0.58423	1.54195	0.61837	0.23824	0.91121	0.50219	5.31203	5.41624	31.05578	31.05513	1.5001	5.89507	0.74655	1.18337	5.72274	3.85647	0.41429	0.82717	0.22073	0.67601	0.17523	0.29866	3.8617	1.79682	2.94924	9.40744	0.49272	0.49458	1.04837	2.08756	2.22041	0.55096	0.54494	1.67677	1.11196	0.38093	2.5658	2.77088	2.16866	0.41918	0.49632	0.1475	0.28896	7.63129	0.77661	0.23189	1.33978	4.09727	1.9485	0.86878	0.70672	1.49872	1.29937	1.17908	0.57206	0.35024	0.22878	1.0753	4.48696	2.79137	1.71596	1.27582	0.55113	0.79947	0.38992	0.82732	4.121	1.66387	1.60939	0.52296	0.4568	0.38532	2.02272	0.90363	0.94288	1.51947	0.3232	0.25528	0.72181	0.38739	1.34713	0.91481	0.31628	0.88479	1.16627	0.83784	0.44666	2.38486	4.64242	3.01305	3.99852	1.5323	0.63728	10.22819	7.75825	1.08954	0.60861	1.28347	2.36729	2.85428	1.23127	0.18698	1.49384	0.87844	2.6083	1.58804	0.43425	0.25574	2.2826	2.56783	2.71643	3.17344	1.65145	1.14496	0.93759	0.29252	0.62215	0.68462	0.69036	0.89856	0.8118	1.53337	1.01512	0.24433	0.32468	2.77695	1.19347	0.31592	2.23503	1.31848	0.97535	6.75944	1.6042	1.57648	NA	0.29774	0.1614	0.15075	7.78805	1.21855	2.8238	0.3684	0.78385	0.80183	0.89969	0.46874	3.99881	3.74624	0.15942	0.3958	1.40457	0.07212	4.79033	2.03487	0.124	0.57582	1.23423	1.19967
AA3_2	0.10348	0.46016	1.31648	NA	0.01967	0.00877	NA	0.13269	0.04832	NA	0.02155	0.08454	0.04939	0.09872	0.0426	NA	0.04342	0.07342	0.02652	1.245	5.57892	NA	NA	0.3428	NA	2.77673	0.02599	NA	0.07879	NA	NA	0.01015	0.01944	0.0376	11.49448	10.63256	0.01077	0.8169	0.07386	0.18265	0.78878	0.25713	0.13326	0.28591	0.02571	0.06122	NA	0.11236	0.24832	0.09592	0.00193	2.54758	0.01715	0.01927	0.01163	0.01352	NA	0.02303	0.32727	1.09963	NA	NA	1.27377	1.29571	0.76481	0.02199	0.00584	NA	0.11161	3.60162	0.2792	0.02981	0.07478	1.01797	0.3853	0.0305	0.05539	0.51594	0.06372	0.0862	0.03071	0.20857	0.02466	0.03065	2.0493	1.22052	0.01353	0.07392	NA	0.19261	0.03196	0.43433	1.82492	0.67114	0.1168	0.17409	0.25515	0.10688	0.24486	0.06942	0.18263	0.06453	0.15104	0.08367	0.09787	0.08547	0.0305	0.00658	0.04221	0.01663	NA	0.22893	0.01161	1.01663	0.05129	0.17258	1.06409	0.40025	0.06135	3.28999	2.47114	0.01475	NA	NA	NA	0.97685	0.08499	0.0082	0.20241	0.02072	0.09824	0.3185	0.03232	0.0845	0.6885	0.68788	0.8355	0.79718	0.09167	0.05313	0.04315	NA	0.01487	NA	NA	0.11722	0.31808	0.15142	0.61256	0.07341	0.09664	0.00606	0.00338	0.00643	NA	0.15102	0.38857	3.91135	0.74862	0.64285	NA	NA	0.04681	0.04152	2.3812	0.41389	0.68661	0.01655	0.26112	0.16586	0.00783	0.07068	0.03468	0.02072	0.04675	NA	0.56229	NA	1.22469	0.70751	0.0151	0.09981	0.62285	0.43732
AA4	6.10526	18.81966	9.61722	14.30988	10.15718	11.75146	10.39002	35.26136	37.01276	25.92876	8.26389	9.22848	18.025	10.14044	19.58293	13.69615	13.11092	17.76831	7.24338	10.6887	6.71083	16.34962	11.0797	37.22569	10.26579	25.49295	14.16206	15.24148	91.36174	124.73007	15.40121	12.57385	6.83588	8.30542	8.03422	8.03782	10.6771	13.82223	11.78065	13.10607	16.1114	18.94679	12.72794	12.84116	13.41324	23.50533	15.70355	13.20193	5.53125	7.26807	5.64885	4.90616	86.53781	63.73717	12.39621	13.36093	21.39827	26.86275	10.54684	9.7638	9.08113	8.47541	7.35665	8.46431	9.43983	9.39061	15.65092	12.65996	9.29759	10.35807	14.39389	15.90668	10.82172	12.10083	13.15182	14.0664	15.98352	12.77744	11.77963	17.31552	11.56032	11.88027	34.78134	21.0893	106.73756	89.69642	14.50879	23.62757	13.29809	33.55227	127.82688	42.67062	29.01389	104.71478	41.36677	28.20963	66.56288	23.02255	36.5439	25.6127	35.67018	28.30078	178.16	85.73403	113.13422	97.60921	10.56724	4.45382	42.65117	10.90423	11.94335	43.5223	119.25634	29.07859	27.4753	7.84202	14.86759	47.82919	99.24083	10.53311	10.79628	16.88574	18.27151	13.16472	16.61443	38.66322	21.1102	30.55851	31.1725	18.64384	21.45394	64.59575	13.57201	16.70956	72.0062	57.69487	68.78387	68.11271	25.44508	33.71911	15.53178	23.06848	35.28958	18.31744	9.92248	18.09684	26.62583	23.88173	14.40721	15.40943	15.99971	8.61443	20.13812	13.48419	7.20061	33.30163	42.15187	8.47723	20.52043	54.36036	54.23953	36.77074	43.34322	67.81682	69.29759	57.29276	45.01774	38.50597	26.36711	57.08121	14.26427	9.73656	11.12783	15.60183	23.5845	70.4469	19.76511	55.96229	34.35262	41.62198	30.85549	32.04763	26.21202	7.97939
AA6	18.64983	21.13066	72.0482	11.37229	8.58956	4.52023	14.79763	13.89559	27.43883	11.07206	16.21672	12.49046	13.8878	12.26032	19.45715	20.13609	19.38688	20.36976	21.94448	23.30853	78.38157	6.75753	10.90893	61.90005	17.82402	71.20443	8.83925	11.24896	8.60545	5.9054	18.45597	14.43732	10.96916	10.9694	40.15273	35.46743	17.90655	18.71669	16.94926	45.60263	11.58428	8.62254	14.01013	19.61044	21.12697	10.33413	17.03685	12.67979	20.13915	17.11239	10.35547	28.54102	4.75273	5.81145	12.57361	15.85366	35.11064	45.83884	33.74428	37.99684	21.2598	19.97156	50.35778	50.28572	10.98778	6.49676	14.46454	10.24393	75.953	120.8819	22.45219	44.47132	17.72415	27.59225	16.22937	13.14244	15.47141	16.48332	7.344	17.69701	13.87427	18.32266	11.21978	12.16583	23.16618	17.80551	9.9197	11.03053	9.07589	14.06045	24.71585	19.78421	22.53359	10.26519	15.82849	14.30075	23.48893	18.14875	20.05318	15.04549	15.60911	11.58528	24.20276	19.35544	21.54539	30.67587	11.16423	16.40017	29.83555	19.23772	28.61069	10.58377	19.03135	21.73945	10.4898	17.84341	23.3039	21.19227	12.56936	42.53108	38.29066	23.93979	28.33011	19.73694	20.1363	34.03642	18.64846	33.75175	22.70575	14.67243	17.64617	13.80247	11.78689	9.78836	11.35764	8.53482	17.01457	17.47896	18.5551	18.15482	8.81005	9.95826	52.44222	31.44097	29.12395	14.77133	20.81363	23.64926	16.20594	11.05378	2.83788	37.02556	24.18468	37.38444	39.39017	15.2276	29.84438	37.75223	44.05415	28.20272	26.54302	16.64297	19.39145	27.41079	32.40373	23.87485	30.44192	45.67542	19.75067	10.12276	23.70439	23.90924	16.93241	23.9462	9.33641	8.52191	44.41338	7.22625	17.4398	18.1621	7.60818	21.98175	14.10134	5.89869
AA7	25.24597	24.74476	30.27019	24.83226	22.30089	18.93462	23.2194	31.40676	38.53887	30.0141	27.08023	23.34194	40.19798	80.0578	97.17117	61.59475	53.79453	56.17811	19.71547	28.31415	24.51003	25.95904	44.18492	63.50416	35.47464	57.28101	26.74989	49.65574	58.15611	74.46526	65.74665	32.02477	39.95558	46.01357	20.33865	22.94204	28.38275	38.78633	52.06564	43.77301	19.58421	50.20702	21.11178	42.14998	33.05251	38.04601	35.74515	49.70586	11.52951	25.68442	15.76111	12.7175	30.04163	41.8061	33.8667	38.82287	28.59855	56.20576	45.86075	48.63602	37.70533	41.38382	28.52926	33.27526	13.57849	15.79567	26.54427	17.75762	30.0771	21.55205	39.87147	29.85397	24.0858	40.15479	39.95302	24.29268	63.09897	57.9912	28.74044	30.8935	28.39203	31.00559	63.82964	28.06151	117.36224	107.74026	41.67424	48.57539	19.05402	73.47209	148.34549	55.03087	69.31338	138.61814	59.71158	71.12328	82.47357	55.86083	68.6823	51.96205	68.12708	63.91819	65.41345	60.97247	86.51026	64.26901	57.47668	38.69376	130.50098	39.65645	26.21071	36.57604	115.36096	42.55059	22.00506	48.73427	50.74328	88.30952	102.57337	37.3348	47.63631	62.75401	50.02451	57.42859	84.64892	93.94083	42.56264	37.47865	31.56911	49.62656	62.80526	39.59198	59.28905	67.71109	47.7386	33.66549	51.70928	48.60776	77.81012	84.72647	50.50885	71.63731	94.1941	52.11868	38.42689	43.18025	56.39268	59.13922	23.70787	30.27078	18.36377	19.97574	24.34098	17.45222	20.3723	41.34141	65.76594	30.63289	27.48645	47.59765	29.08683	16.08622	14.18325	29.76238	50.38403	55.97293	40.09303	63.79974	42.94604	39.08789	69.98106	57.75989	23.65672	23.80828	13.72397	9.85199	21.6659	12.04792	100.28933	125.72208	29.32764	94.19767	55.58057	10.00625
AA8	NA	2.2045	7.67974	NA	NA	NA	NA	0.372	0.05617	NA	NA	NA	NA	NA	NA	NA	NA	NA	NA	2.85378	22.74091	NA	NA	2.27383	NA	14.23587	NA	NA	NA	NA	NA	NA	NA	0.49104	54.59042	41.97211	NA	3.28093	0.13496	0.59507	3.6082	0.80969	0.23644	1.7433	NA	NA	NA	0.32427	0.41152	NA	NA	10.61943	NA	NA	NA	NA	NA	NA	1.97866	5.55318	NA	NA	8.6417	6.30458	3.74437	NA	0.34581	NA	0.48316	11.06464	1.09493	NA	0.06658	3.06517	1.8319	0.26389	NA	2.22709	0.2019	0.85553	0.35719	NA	NA	NA	9.32155	5.80826	NA	NA	NA	1.15842	0.53453	3.20539	16.40316	2.72447	0.27221	2.15047	NA	NA	0.2466	NA	1.31651	NA	0.90089	0.28141	0.09398	NA	NA	NA	0.10657	NA	NA	2.70004	NA	2.89262	NA	0.35585	1.88975	1.44484	0.11078	9.56926	7.6886	NA	NA	NA	NA	2.94287	0.5452	0.2168	0.73597	NA	NA	2.20422	NA	NA	1.86174	2.26472	1.84744	2.41043	NA	NA	NA	NA	NA	NA	NA	0.53386	1.16997	NA	1.52017	0.14013	NA	NA	NA	NA	NA	0.98288	0.39651	20.66028	4.45411	5.35949	NA	NA	NA	NA	8.64787	1.40964	2.97003	0.18042	1.93305	1.54513	NA	0.71111	NA	0.53857	NA	NA	1.75008	NA	4.29077	2.39427	0.12787	0.31699	1.59677	2.50492
CBM10	0.89775	NA	0.90179	0.35286	NA	0.27791	NA	0.97627	0.87211	4.86067	0.961	2.63872	NA	5.24951	5.85488	9.49264	1.6132	2.45512	NA	0.6662	3.36821	NA	NA	2.65556	NA	1.25326	NA	NA	5.52044	0.61441	1.21138	0.9455	NA	NA	0.22582	0.4279	NA	NA	NA	NA	0.69679	NA	0.17872	0.30775	NA	NA	NA	NA	NA	NA	NA	NA	2.29382	2.57808	NA	2.12077	0.92164	1.61008	NA	NA	NA	2.80178	NA	NA	0.5263	0.68417	2.00165	0.50103	NA	NA	13.23196	0.84473	NA	NA	0.30414	0.36206	2.06401	1.13463	0.71955	NA	1.78595	2.24054	0.54985	NA	0.95697	0.81879	2.41307	3.84515	1.46074	0.3437	NA	NA	0.64149	NA	2.81815	1.31255	1.13614	0.44808	1.75771	1.29271	2.44314	2.15791	NA	0.82031	1.03376	1.39377	NA	0.22589	3.82992	0.70798	1.37576	1.28038	1.55365	1.526	0.76225	NA	NA	2.69858	3.12797	NA	NA	NA	3.72749	0.31943	NA	1.56534	2.00766	3.0637	14.03748	0.46183	1.4601	NA	6.84527	NA	0.2969	2.3938	0.64234	NA	3.02701	2.07289	4.75409	2.74126	1.66618	0.21712	NA	1.56279	0.60766	NA	0.68286	0.31322	NA	0.23793	2.37769	2.25306	NA	0.61425	0.35327	1.08589	1.32014	NA	1.88877	1.61878	0.23953	2.52502	0.42831	0.21964	NA	0.82994	3.30821	0.32991	NA	NA	1.65596	1.27293	0.34739	NA	NA	0.90356	1.46338	7.18189	NA	3.16512	NA	NA
CBM12	18.69147	19.24007	12.37143	24.72307	37.54981	14.4883	9.60942	46.5958	71.44605	31.69055	27.38867	27.97278	29.18888	27.13881	13.6933	12.75898	17.79683	11.33318	17.5836	16.95169	17.50332	28.70118	32.06461	27.65099	43.97547	23.57348	36.48371	36.27821	76.54425	88.90426	16.08138	19.57625	5.62755	7.26098	27.87585	23.32779	8.9346	11.84544	11.66133	11.4587	39.91114	23.12087	19.06977	11.69229	13.49078	22.01361	29.92622	9.27526	17.1283	1.68405	1.87806	1.39866	59.15282	54.68806	13.28102	23.16605	32.85269	50.57708	24.56067	2.14194	40.51012	46.95427	6.62235	10.45437	6.44417	12.08684	45.42466	6.93784	6.15803	6.432	14.77211	10.64392	12.73302	16.13987	11.69426	3.6864	19.18157	16.09802	36.73649	34.75139	14.01837	24.63987	25.35194	22.94607	11.62936	16.82079	54.22347	80.62089	51.97038	44.05845	32.79931	36.87664	22.94915	32.14058	72.48073	64.81389	96.85356	73.94202	91.48886	56.80607	71.85018	42.05876	15.93478	4.85657	28.72674	65.20305	58.49485	23.57613	83.79029	17.53281	11.47127	16.06582	54.65093	64.21997	23.51253	0.32224	0.83692	54.64962	31.75812	0.61046	0.66068	29.46041	15.59281	37.70994	24.44119	91.6485	29.3506	39.06587	37.31629	67.89123	74.17115	41.79829	57.15857	73.81551	26.97688	26.93048	41.19807	38.41319	72.0456	45.91055	63.55843	42.11712	58.61795	2.91416	8.78661	8.56061	18.0778	10.6636	4.83691	10.98105	17.09223	6.77457	6.99814	1.71332	7.3394	61.14985	52.69733	36.33494	33.35062	47.89619	61.50075	17.99696	6.64768	21.3535	24.59204	29.05808	13.4673	13.63296	9.04221	21.84736	11.06072	7.95453	19.83348	22.40469	31.98076	9.38033	4.01931	18.77568	28.12156	29.12745	26.38477	14.27147	28.17154	4.22892
CBM13	285.06606	107.7234	216.81482	225.74164	247.89977	322.3856	266.13808	101.08919	153.09843	103.74417	199.17349	137.8408	120.00933	165.33939	226.34357	231.41771	195.87546	196.65014	240.84348	191.08742	222.09173	194.57503	242.93571	145.36611	208.42916	182.48932	193.11075	180.52963	186.13021	174.79875	182.96679	241.49692	148.39085	179.31449	140.04861	145.01929	242.40122	183.73415	206.42309	184.62372	115.47402	99.54392	174.88852	203.42501	219.62667	146.75567	179.08517	189.01289	227.36534	215.77807	160.43417	142.74771	161.63249	210.35482	136.3353	187.15265	114.60213	234.00862	237.67109	136.57656	182.56441	251.62534	292.86833	295.89605	605.18285	547.18341	173.96936	596.22552	249.46624	179.66483	94.70713	227.91331	106.77339	93.52709	184.13824	168.38895	226.04787	231.74078	202.16029	216.1621	317.64886	211.17103	146.67226	207.08181	181.03757	189.7585	146.51783	180.99632	231.63657	134.5821	113.2571	125.07428	126.82358	136.32238	92.68703	110.32084	158.02079	146.71703	150.62477	200.62493	152.20419	156.26652	161.70845	197.91334	169.05645	157.10697	134.75101	306.08005	215.30695	232.06129	201.69463	170.55365	348.93482	234.56698	112.66974	147.25267	156.53922	247.40515	365.57601	115.40436	125.68647	152.34741	146.79162	190.37603	174.99819	104.66658	236.60893	341.62053	224.42711	159.53845	187.89365	165.82305	245.1111	197.04186	222.049	239.00999	192.16749	189.5931	152.7323	144.76893	256.07678	266.01665	209.5892	202.86825	215.43261	147.13101	165.28445	171.64161	151.49948	227.90825	236.58437	331.46262	321.8193	302.34543	349.55635	147.59676	147.52652	217.87481	164.17896	165.40856	167.89758	115.93944	120.96446	151.20688	153.44624	224.16147	188.89036	224.89218	191.16707	143.33404	188.34728	251.98223	173.64105	223.05659	303.48947	286.2194	219.03728	320.3636	211.90897	194.06445	342.08051	265.69994	212.40678	693.94299
CBM14	NA	NA	0.58963	NA	NA	NA	NA	NA	NA	NA	NA	NA	NA	0.16345	NA	0.16121	0.28128	NA	NA	NA	1.04871	NA	NA	NA	NA	NA	NA	0.29997	NA	NA	0.45763	0.47625	NA	0.09997	0.49217	0.1536	NA	NA	NA	NA	NA	0.26	NA	NA	NA	NA	0.15646	NA	NA	NA	NA	NA	NA	NA	0.22612	NA	NA	NA	NA	NA	NA	NA	NA	NA	NA	NA	NA	NA	NA	NA	NA	NA	NA	NA	NA	NA	NA	NA	NA	NA	NA	NA	NA	NA	1.23288	0.41639	NA	NA	NA	0.25969	0.15064	0.37761	NA	0.56962	NA	NA	0.24762	0.29298	NA	NA	NA	NA	NA	NA	NA	NA	NA	NA	NA	NA	NA	NA	NA	0.33259	NA	NA	NA	0.33609	0.2727	NA	NA	NA	NA	NA	NA	NA	NA	NA	NA	NA	NA	NA	NA	NA	NA	NA	NA	NA	NA	0.38724	0.23025	NA	NA	NA	NA	0.11354	0.22149	NA	NA	NA	NA	NA	NA	NA	NA	NA	NA	0.21218	0.07739	NA	NA	NA	NA	NA	0.615	NA	0.20075	NA	0.11806	0.43142	NA	NA	NA	NA	0.16873	NA	NA	NA	NA	NA	NA	NA	NA	NA
CBM16	0.52308	0.31388	0.0525	0.04477	0.22827	0.03552	0.07741	0.74553	0.51813	0.03641	NA	NA	0.15992	NA	NA	0.0471	0.08217	0.0561	0.7295	2.53778	0.42869	0.31719	NA	NA	0.03638	0.33895	NA	0.05842	0.09586	0.07824	0.09403	0.20953	0.07489	0.10122	5.39189	6.78904	0.32968	1.08505	0.07124	0.06708	1.07635	0.9053	0.15847	0.1958	0.82618	8.9921	5.77874	0.3673	1.27784	0.15977	0.04635	0.01569	0.14605	NA	0.48894	0.4554	NA	NA	0.81526	0.71158	0.08844	0.23668	1.43044	1.48074	0.61765	0.2687	0.79254	0.12635	3.41313	10.19538	0.05784	1.76587	0.17697	0.39523	2.19451	2.35054	1.65607	1.70669	0.06577	0.10087	NA	0.14829	0.40132	0.23665	NA	0.29289	0.04875	0.18697	NA	15.22784	2.24316	3.66834	1.0978	0.1662	0.08807	0.08357	1.96758	0.28961	0.57249	0.04115	0.74498	0.21498	0.59523	0.14464	0.96665	2.07403	0.24872	0.18427	0.19318	0.18613	0.32693	1.04583	0.33133	0.70689	0.04764	0.06808	0.00826	0.52146	0.11048	0.0894	NA	0.21171	0.16691	0.93765	0.46286	0.34526	0.07646	0.36339	0.50723	0.05881	0.09297	1.3922	0.63388	1.00357	0.16748	NA	0.0821	0.10619	0.30181	0.13244	0.42604	0.70508	0.03967	0.21623	0.26432	0.1328	0.27054	0.15215	0.3475	0.3287	0.04237	NA	0.10814	0.12775	NA	0.07822	0.26495	0.32499	NA	NA	0.45376	0.12313	NA	0.08654	1.75023	0.49463	0.41394	1.29806	0.50632	1.18729	0.08478	0.08272	3.2549	2.33558	NA	NA	0.11781	0.19765	0.7841	0.16963	3.2658	0.29604	0.30577	0.14712
CBM18	NA	NA	NA	NA	NA	0.11811	NA	NA	0.12054	NA	0.19923	NA	NA	NA	NA	NA	NA	NA	NA	NA	NA	NA	NA	NA	NA	NA	NA	NA	NA	NA	NA	NA	NA	NA	NA	NA	0.11927	NA	NA	NA	NA	NA	NA	NA	NA	NA	NA	NA	NA	NA	NA	NA	NA	NA	NA	NA	NA	NA	NA	NA	NA	0.23815	NA	NA	NA	NA	NA	NA	0.35432	NA	0.15399	NA	NA	NA	0.27213	NA	NA	NA	NA	NA	NA	NA	NA	NA	NA	NA	NA	NA	NA	NA	NA	NA	NA	NA	NA	NA	NA	NA	NA	NA	NA	NA	NA	NA	NA	NA	NA	NA	NA	NA	NA	NA	NA	NA	NA	NA	NA	NA	NA	NA	NA	NA	NA	NA	NA	NA	NA	NA	NA	NA	NA	NA	NA	NA	NA	NA	0.13317	0.42606	NA	NA	0.21902	0.29126	NA	NA	NA	NA	NA	0.2539	NA	NA	NA	NA	NA	NA	NA	NA	NA	NA	NA	NA	NA	NA	NA	NA	NA	NA	NA	NA	NA	NA	NA	NA	NA	NA	NA	NA	NA	0.25601	NA	NA	NA	NA	NA	NA
CBM19	NA	NA	NA	NA	NA	NA	NA	NA	NA	NA	NA	NA	NA	NA	NA	NA	NA	NA	NA	0.29804	NA	NA	NA	NA	NA	NA	NA	NA	NA	NA	NA	NA	NA	NA	NA	NA	NA	NA	NA	NA	NA	NA	NA	NA	NA	NA	NA	NA	NA	NA	NA	NA	NA	NA	NA	NA	NA	NA	0.10203	NA	NA	0.12534	NA	NA	NA	NA	NA	NA	NA	NA	NA	NA	NA	NA	NA	NA	NA	NA	NA	NA	NA	NA	NA	NA	NA	NA	NA	NA	NA	NA	NA	NA	0.57396	NA	NA	NA	NA	NA	NA	NA	NA	NA	NA	NA	NA	NA	NA	NA	NA	NA	NA	NA	NA	NA	NA	NA	NA	NA	NA	NA	NA	NA	NA	NA	NA	NA	NA	NA	NA	NA	NA	NA	NA	NA	NA	NA	NA	NA	NA	NA	NA	NA	NA	NA	NA	NA	NA	0.26726	NA	NA	NA	NA	NA	NA	0.17854	NA	NA	NA	NA	NA	0.169	NA	NA	NA	NA	NA	NA	NA	NA	NA	NA	NA	NA	NA	NA	NA	NA	NA	NA	NA	NA	NA	NA	NA
CBM2	66.6096	43.92639	14.98373	118.19597	101.05278	43.20518	45.47309	85.68295	21.22581	21.41749	91.79396	105.77386	117.78657	26.70417	46.92963	39.61851	47.86925	22.10919	75.0241	50.94469	12.50996	127.174	55.53251	13.11872	50.72252	11.58852	44.71027	55.73838	32.15212	26.38779	66.78751	185.79864	54.84782	60.90475	31.62371	33.26689	31.64351	50.61241	12.39835	13.39046	38.37833	28.45676	91.86065	56.35382	27.57961	25.54219	16.974	11.90618	39.12499	85.94718	58.71492	56.81799	43.85691	33.01169	26.96214	14.26768	45.66458	44.43747	33.52026	9.98948	20.27631	15.60391	81.88041	83.87127	36.18466	36.98804	62.01864	55.02043	16.91443	10.84235	20.34115	24.08376	38.22301	15.50217	81.19168	51.64041	47.21973	46.52035	147.58978	58.86568	21.95256	38.14283	150.60873	67.09246	23.10331	43.76632	103.17862	31.92915	22.94021	38.79607	19.83456	20.98408	28.19486	41.72134	14.42295	19.30987	14.26843	51.54458	30.55729	60.61884	17.5861	58.09182	12.33671	12.57025	49.13843	9.10302	31.29555	67.19306	26.8299	137.80909	144.1779	21.34103	15.89088	30.24815	58.63754	5.50324	4.87683	18.27788	16.46892	16.17454	14.42999	30.37409	63.45035	26.13134	72.44659	10.17861	88.83805	63.05556	24.6921	57.92662	54.97608	38.92474	35.80173	27.07493	77.55745	35.45272	69.20763	67.45274	34.53181	28.74743	34.97501	36.38468	48.94123	56.4762	101.95582	28.29285	23.29726	23.4441	26.57052	80.99847	40.32459	27.92728	41.82261	21.30741	23.83943	84.97566	131.56994	67.05108	150.40237	55.49427	52.98996	47.92226	35.18907	56.06597	21.42055	48.5948	34.47389	33.77871	10.63867	8.77265	16.81279	14.38281	94.36339	93.46317	32.50761	5.13309	20.60416	23.01789	23.79019	19.06673	53.64153	23.197	47.49585	17.15253
CBM20	91.42259	123.90754	122.12254	36.08202	53.86656	254.97613	131.02525	69.34462	106.99527	143.18508	88.18571	60.29523	110.16509	70.18602	50.20498	54.74489	67.03035	8.15145	116.178	81.66247	156.0864	36.03723	48.88135	110.39219	104.11814	53.75507	47.644	85.88379	107.49139	79.45115	169.5197	172.13268	172.97235	144.65365	103.72386	106.64891	123.00261	151.65025	112.19712	98.20742	115.87991	113.81102	97.97681	70.43962	55.06522	23.6428	42.19569	39.59666	177.43254	84.43547	160.05643	169.62897	121.42753	124.97223	139.78419	114.4199	100.13909	41.12764	7.16096	50.46088	73.84851	39.5108	52.63352	58.91565	214.98535	210.64324	34.19526	176.99732	125.91335	234.35179	33.90555	75.53115	103.37956	140.86672	102.14732	177.53173	76.3981	59.13532	57.6396	49.71812	83.63331	107.06564	61.61123	80.71262	58.07552	35.27728	46.22391	48.8946	71.3239	111.4145	25.46051	62.61793	13.07311	60.64365	74.38448	56.14406	72.68208	87.58203	47.66828	102.53765	60.5368	51.22785	277.40017	240.01233	157.56118	170.8166	81.59671	56.30238	24.2236	65.08534	91.67957	333.32808	32.62235	45.63715	156.06024	111.58498	124.9377	53.53103	50.87413	188.19854	144.8778	133.39606	65.80536	40.76977	39.46421	46.40498	26.52169	40.00744	50.90342	89.95051	54.85011	296.97157	14.00424	28.59428	238.31468	350.34564	149.66401	154.7324	160.39134	150.31823	38.73627	29.33	45.47042	85.71079	82.88397	81.68442	58.22106	66.68983	75.65126	169.47563	230.89212	144.82358	111.85523	66.68725	140.61617	75.8352	72.96014	64.49791	30.81461	96.60231	36.85491	268.27675	352.6733	91.1124	137.57448	54.65689	73.97188	12.06402	183.47543	351.87723	92.52975	98.45818	136.12595	154.20293	232.73368	219.9644	72.13548	255.82837	65.18118	47.1275	294.08179	44.74249	70.63505	232.80982
CBM21	NA	NA	NA	NA	NA	NA	NA	NA	0.09884	NA	NA	NA	NA	NA	NA	NA	NA	NA	NA	NA	NA	NA	NA	0.23765	NA	NA	NA	NA	NA	NA	NA	NA	NA	NA	NA	NA	NA	NA	NA	NA	NA	NA	NA	NA	0.15224	NA	NA	NA	NA	NA	NA	6.30376	NA	NA	NA	0.12198	NA	NA	NA	NA	NA	0.57134	NA	NA	NA	NA	NA	NA	NA	0.06274	NA	16.54996	0.06973	NA	NA	NA	NA	NA	NA	NA	NA	NA	NA	NA	NA	0.0725	NA	NA	0.32642	0.33748	NA	NA	0.2357	NA	0.07129	NA	NA	0.09068	0.09	NA	NA	NA	NA	0.19309	NA	NA	NA	NA	NA	NA	NA	NA	NA	NA	NA	NA	NA	0.2048	NA	0.14208	NA	NA	NA	0.04892	NA	0.04795	NA	NA	0.20059	NA	NA	NA	NA	0.10008	NA	NA	0.08531	0.05202	0.56327	NA	NA	NA	0.68419	NA	NA	NA	3.35382	15.00514	49.24975	NA	NA	NA	NA	NA	0.03056	NA	NA	NA	NA	NA	NA	7.22583	NA	NA	NA	NA	NA	NA	NA	NA	NA	NA	NA	NA	NA	NA	NA	0.11253	NA	NA	NA	NA	0.28438	NA
CBM22	118.88786	28.28624	36.38672	131.46945	159.35179	24.27253	8.33833	81.80267	35.77653	20.69837	54.48565	65.88815	36.35793	61.33752	70.18453	84.9983	73.58795	37.47088	35.53207	68.61603	6.04759	119.57359	87.95874	5.53482	68.14588	40.42486	92.65536	53.03952	23.06294	15.78798	98.16807	108.17098	45.02225	57.0792	63.11829	57.0142	94.37336	71.90285	43.44288	47.04648	56.29607	54.77346	83.85442	89.17667	98.74805	53.52268	41.6143	56.85423	44.55086	96.83711	67.61675	18.96163	39.22296	21.86326	27.28774	16.66411	21.85753	68.97366	141.55135	120.35537	97.31763	85.0389	107.72024	110.89586	50.68962	63.67062	82.53795	75.33334	6.73858	15.09342	97.87066	91.85928	27.87394	10.2449	88.55632	66.54132	58.72256	61.97513	107.53155	81.75438	30.57679	47.22345	45.96669	58.47011	60.36168	67.48896	67.59246	45.62195	161.11261	39.58728	71.8856	28.28065	31.29211	32.23339	14.95898	28.59842	50.32569	41.42749	30.3356	72.51091	17.97751	27.97869	6.0603	6.18198	15.20119	22.099	47.35511	77.06331	67.54393	95.33206	70.63192	14.55712	62.08796	23.03643	28.69787	19.25323	20.50738	26.33123	16.01526	17.51819	12.85215	25.26608	60.51098	21.51929	45.10512	33.74761	93.60951	79.03222	22.73033	38.19608	63.54974	28.72392	35.5416	36.71793	63.19772	34.9981	50.29235	52.27993	33.2148	36.79303	31.4916	41.13226	46.59236	68.55986	85.63018	28.06569	23.73914	15.73369	28.23172	18.84182	32.33099	81.54645	85.37577	76.7438	74.80712	91.21005	39.57289	30.98758	58.05167	41.98336	16.55065	45.02047	27.26881	36.2863	16.31398	20.72483	25.58832	40.46149	23.17872	6.42509	39.94997	62.93134	29.40766	22.39817	34.81486	7.13834	164.78993	16.24749	30.85026	23.94752	44.24549	48.30395	51.62715	28.26737
CBM23	47.77827	5.71229	0.38314	54.04377	46.82858	13.62935	4.21587	24.4794	8.48601	14.82594	23.63921	13.33774	2.89491	15.0875	19.9132	27.73772	30.98109	14.3335	30.71777	56.1709	2.86869	31.8779	87.12357	0.16236	44.80886	31.0317	39.67162	55.34633	8.34819	20.60727	14.31727	28.26656	15.50007	24.72278	11.87415	11.81753	23.27185	22.98111	39.95316	47.48628	13.32593	10.31229	50.50616	37.48529	24.55454	14.78886	9.24921	45.15666	29.41147	80.11022	39.53748	13.92467	3.65879	3.70152	11.09097	3.23935	16.60701	47.57028	60.11477	90.3869	44.74158	50.74578	45.79794	42.41655	32.49434	29.86154	62.04031	43.11357	5.81556	15.46772	83.46528	45.38695	50.04684	22.0498	39.54767	30.80537	27.50904	29.85601	56.5435	25.11941	9.847	28.83147	42.0023	31.72028	24.43968	47.23199	38.37395	19.98171	82.10171	8.74522	3.3417	2.49707	10.95983	20.2935	8.47471	22.59084	9.51497	19.90248	2.49019	17.94417	1.30845	3.78991	4.53429	9.76192	14.58472	7.07533	33.90719	58.05611	21.92063	42.01341	24.32659	13.2353	40.11743	5.36769	19.69989	1.5806	5.35436	8.25365	13.06547	7.11452	4.72253	8.98296	16.05633	6.64139	18.68959	3.11978	37.80269	53.83091	7.90037	13.53685	21.68041	17.13102	5.75036	6.17694	38.85919	25.46449	20.78195	25.48336	14.08773	8.49477	14.5873	12.47917	28.55437	30.0456	42.36781	22.29231	14.16505	12.00601	19.72434	6.94054	26.49346	22.59888	35.53666	10.33972	19.36079	22.96952	12.28676	15.01837	11.0995	22.19948	2.96951	9.72952	15.47921	9.21832	6.08402	11.09799	10.91752	9.86233	12.89206	4.32029	33.25953	58.08195	23.46637	32.2519	17.77195	3.32206	56.69566	3.8071	16.63432	25.57511	26.8795	44.40137	26.91109	15.85738
CBM24	18.15222	0.82626	3.83259	5.4372	6.80974	2.78213	5.9136	5.44327	4.56724	4.95298	3.87152	2.94226	4.97898	6.65277	8.67991	16.52407	8.02927	7.10717	28.47265	14.45347	5.43726	5.08207	10.5715	6.58357	13.75854	4.04804	6.87655	8.98583	2.99387	4.98348	11.08005	2.51818	16.98571	18.42086	3.46395	4.74112	11.11398	6.85783	187.3115	160.37948	2.21114	1.93146	10.03911	13.5076	5.48397	13.75404	7.71277	15.91338	18.20735	0.49165	1.57962	1.18338	3.48132	2.55619	4.28101	8.42911	6.09931	8.30016	0.82158	NA	16.6605	24.53146	1.22387	2.28425	3.57686	1.15298	1.79347	4.08708	1.13382	NA	2.79827	0.15768	0.58573	1.23492	13.33479	16.92977	21.22337	18.93326	1.76114	1.78598	14.30376	2.71149	7.33737	4.14618	4.96516	9.51831	5.83238	4.75857	0.847	2.02998	2.60496	1.36255	0.53381	8.11004	4.33711	6.59384	1.55841	2.35031	8.99445	3.87291	9.4935	9.36292	13.59746	40.8089	23.93029	17.12549	5.5887	30.58967	5.49293	1.20694	NA	6.65274	4.91249	7.76139	1.62438	16.46893	11.59939	5.45224	6.98432	3.16842	12.9715	2.39672	11.27073	8.87882	11.30139	3.32061	5.76709	7.34008	11.27911	7.92033	5.40341	1.81336	4.47104	6.15002	3.81658	6.37588	7.19111	8.511	1.40068	1.10004	4.95129	8.51161	4.63951	0.05273	0.38299	4.4279	5.70127	2.01907	1.1885	4.05293	5.84946	15.06959	24.72122	7.7633	15.86558	15.11329	7.45252	8.089	3.05706	7.37036	3.0447	2.87795	2.95644	2.18434	11.21991	7.26792	8.19538	3.22709	5.89416	2.32353	122.91276	224.11284	0.46651	11.15306	6.36143	12.5493	6.52825	7.55191	7.1932	10.84143	2.28841	15.30508	14.20146	4.90637
CBM25	6.87376	4.00399	NA	31.6971	33.88017	22.38901	31.93305	14.06593	24.14382	NA	8.39983	21.33744	24.46439	8.74188	8.28315	26.69483	7.01573	20.12466	8.32989	9.33738	NA	35.0945	0.87844	NA	2.02969	NA	12.81461	7.07654	10.78088	26.75939	40.43916	22.76263	4.12523	5.69393	0.47187	1.23094	31.34344	8.77174	5.67973	3.66917	0.32453	0.48148	100.8183	11.18302	5.32087	11.35767	6.81601	6.87088	0.28805	NA	NA	11.66508	7.73449	7.41995	17.27977	39.72873	2.26404	2.88286	9.63044	0.41922	58.84774	88.76734	9.58423	10.41854	7.93032	4.80696	0.9341	5.21146	0.40518	2.32144	4.44418	30.35842	2.86235	25.96417	10.79763	7.08542	28.62464	77.48372	29.47218	24.9219	0.33735	6.93309	9.71077	5.80506	57.79108	40.75167	8.9696	17.09908	1.58747	21.03494	17.81706	43.34862	136.28188	19.4697	43.54301	40.02565	4.97846	27.34088	46.81817	21.08167	54.04436	33.11613	14.81018	18.97915	24.34002	6.60722	29.02955	35.61837	2.38703	0.10991	6.16734	7.25548	17.72625	23.46833	1.59758	21.94297	19.58842	15.47493	37.49646	23.92247	9.4624	4.23169	54.00368	17.20787	16.27706	38.39524	31.42401	35.39086	0.30832	12.60046	35.18375	14.92608	43.43757	52.99526	4.5229	8.98144	18.7609	21.44291	10.05194	20.72356	33.05617	22.87147	1.4079	0.20225	1.90972	13.88125	25.73318	41.79989	101.79962	20.78893	12.81421	11.41457	14.53186	6.30829	12.01435	1.23078	6.08288	7.67063	39.06556	8.8502	72.98997	37.00034	2.36416	35.69426	1.16607	15.24625	0.46028	6.37464	7.051	9.69104	4.20494	6.40344	12.18153	5.65201	6.19202	0.95528	NA	0.21237	1.45663	0.69551	10.13674	0.67755	2.34492	4.96414
CBM26	177.49089	24.98548	0.25132	312.62961	38.25526	86.72338	140.20771	86.33151	76.93455	0.07012	68.8779	31.51549	33.06524	108.6102	112.0677	87.05785	46.06418	403.90909	25.54812	52.68842	0.25169	258.43571	274.18069	0.49296	347.02667	0.26384	294.29032	202.4069	75.4456	78.23573	79.41675	38.07625	151.27778	185.07571	54.56681	71.56332	30.73498	5.66155	62.72212	47.01637	100.44763	103.84301	35.62609	57.99466	163.45714	33.72078	64.12023	113.29816	219.41699	138.61363	4.33445	34.80174	75.67666	89.62971	12.90236	29.36456	50.06527	44.35287	26.5385	1.4224	222.12502	72.42958	12.30552	15.36253	203.36656	154.93069	160.52645	145.4724	713.52918	0.4232	32.82269	72.3007	24.45407	39.33923	24.70257	3.42669	68.15475	244.53741	391.41512	369.09058	133.05667	52.90865	38.25224	328.28701	160.24343	290.57447	73.40399	134.63435	24.28473	235.28704	276.24339	124.07139	296.10725	58.36069	58.61489	69.49114	58.02273	49.9234	43.68079	77.425	74.14985	22.13896	53.82955	46.80893	32.45085	44.81728	60.01085	361.89438	42.09402	21.64494	9.89409	20.68191	224.18759	108.80464	123.90782	40.08687	43.62731	125.81778	329.56807	65.49308	21.8642	21.79953	229.12222	132.84372	21.69527	31.1473	41.62278	144.14199	27.70943	119.23228	81.76704	7.10019	84.23742	80.98219	39.93359	74.58505	90.62557	92.37172	37.51994	102.39666	143.52403	55.71676	98.58967	NA	26.10563	51.74892	30.90404	66.83293	243.35334	37.8752	62.77556	28.94965	68.90959	1.95135	25.34897	64.76433	95.62644	94.61572	85.59286	24.94382	109.8002	40.23014	49.77856	75.72225	31.71523	61.78873	25.95988	127.97917	6.16786	10.18241	38.25693	87.01078	47.21659	9.96217	40.95769	79.4028	72.03893	55.25677	90.05836	95.28541	19.4059	229.0645	117.338	224.85216
CBM27	41.85409	6.62334	0.2573	52.02278	41.75152	12.66287	0.57995	20.19804	6.62132	15.72422	12.67513	10.69592	1.74029	13.52422	7.62205	19.81571	27.13902	1.92039	20.91933	59.05354	1.73759	25.35739	62.80404	0.26301	36.29302	29.73074	33.28696	45.29925	7.31578	21.39288	0.59193	0.53154	6.07675	12.07732	9.29535	8.06867	15.40782	3.8248	41.90468	46.26223	2.2982	4.07504	43.42274	31.66806	21.55449	13.32481	8.24532	44.00972	29.42812	82.1563	38.89668	13.13012	1.5649	2.6753	7.01258	2.1016	6.68498	37.61597	43.65588	96.80751	47.43887	52.99412	21.65596	20.10981	25.87928	20.59768	54.52682	37.36312	3.81649	15.68097	75.00617	49.32035	49.99575	18.40303	29.58479	33.45152	30.11239	33.76193	45.37532	11.30322	8.32529	20.07609	44.85308	28.32665	8.86811	24.12155	39.20795	17.29165	78.73371	0.64849	0.26419	0.92177	1.31292	4.86484	7.07615	17.93789	0.99076	3.39058	0.1919	0.10857	0.45141	0.08144	2.5654	1.96555	7.10847	0.68841	29.02924	59.17857	14.62154	16.60618	6.42215	8.47172	35.65227	3.06664	19.83661	1.45113	6.80982	4.76267	3.16251	7.56983	6.54086	6.03299	8.26753	3.05159	9.05121	2.01181	34.77772	39.76999	9.05303	6.58563	15.07277	11.33342	6.10484	3.58799	32.4499	17.15342	16.00514	16.57029	2.93538	2.76366	10.86619	10.47675	24.71622	28.50543	29.84066	21.35165	9.25919	11.84214	16.86674	3.7715	23.89668	13.91026	17.70988	5.65773	10.64003	2.62731	9.19126	3.77183	9.16521	21.58603	0.78409	7.45511	14.16598	7.41777	0.07787	NA	1.10065	3.44589	10.19683	3.48013	34.02734	59.15762	11.00097	9.30763	14.1563	2.29056	49.5803	2.08193	1.57919	1.82185	18.17401	33.75681	5.43083	14.97733
CBM3	36.26876	5.1453	1.46549	15.64402	17.47962	3.33948	3.52529	14.12505	1.62225	2.18032	24.51449	20.73929	10.23742	5.80388	13.41116	14.34367	8.56069	8.05022	12.53217	1.95382	0.97313	22.7528	42.63823	1.81168	27.41442	3.13705	14.98822	31.65033	3.40769	1.94968	33.23495	34.18801	12.43435	19.01158	8.00649	7.44207	15.20794	28.55496	2.52681	3.74924	11.30562	8.48739	15.7021	21.91079	7.20236	16.25352	4.19443	4.19448	0.18743	0.19932	0.10451	0.22719	4.09903	3.00799	3.35311	0.78862	2.44533	15.43035	5.57728	3.5658	1.55868	2.85873	42.50445	40.64383	11.44115	12.88727	26.6361	14.67545	7.80954	NA	6.31939	29.24659	11.24502	2.60745	40.21076	17.77923	17.95817	15.29665	16.0288	17.52706	2.31082	13.42431	13.60108	15.35283	19.73504	21.89547	9.65383	4.26594	22.05294	11.14135	6.99539	6.0174	2.26575	21.12519	4.99592	5.95145	1.31106	3.25108	3.3001	6.66645	3.69594	7.98823	0.64352	1.25722	6.48045	1.20299	8.74371	2.4561	8.23507	39.36278	29.00703	2.3863	2.80477	8.62583	5.89086	0.85569	0.98157	9.78376	4.73739	0.59674	1.09055	11.9356	9.90582	10.76779	16.73722	1.48682	12.50262	11.63917	0.57411	13.5436	19.26665	21.84713	5.41545	3.77734	9.87275	13.61799	13.8163	15.34163	2.45674	0.82459	5.93751	5.92048	6.10707	3.28121	27.84136	4.31984	4.47896	1.84797	6.02766	7.07571	3.04272	4.99988	15.11934	2.69235	4.29043	68.4978	41.82424	52.98754	94.79822	14.66783	2.19981	4.80375	3.74514	4.44345	12.07427	20.40697	17.58562	10.61368	3.83141	0.94131	4.54377	4.39051	19.32926	17.25783	20.39488	0.52151	37.65296	15.03444	1.58777	1.42657	9.16375	1.43159	9.13437	3.54689
CBM30	NA	NA	NA	0.07057	NA	0.66615	0.24225	NA	0.34884	NA	6.05265	4.44601	1.28444	1.87085	2.49337	2.87735	1.86692	NA	NA	NA	NA	0.67121	12.22149	NA	6.93178	NA	4.97961	4.26148	NA	NA	8.56039	7.564	NA	NA	NA	NA	NA	NA	NA	NA	NA	NA	1.89441	2.40045	NA	NA	NA	NA	NA	NA	NA	NA	NA	NA	NA	NA	NA	NA	NA	NA	NA	NA	4.46351	4.70287	3.46833	3.07585	NA	2.90211	NA	NA	NA	NA	NA	0.11291	NA	NA	NA	NA	2.08669	3.24758	NA	NA	NA	NA	NA	NA	1.86649	0.71247	3.98606	2.68089	1.67474	0.25989	0.19245	NA	NA	NA	0.11361	0.44808	0.74652	0.96851	0.1218	1.07826	NA	NA	NA	NA	NA	NA	NA	7.06854	5.7673	NA	0.05159	NA	NA	NA	NA	NA	NA	NA	NA	NA	NA	NA	NA	NA	1.87382	0.20425	NA	2.39643	2.69488	NA	0.14411	0.67788	3.4996	4.62461	3.08134	4.95582	0.38526	0.53303	0.6337	0.41119	NA	NA	5.6689	1.5107	0.85072	0.35844	0.81943	1.87737	1.12609	NA	NA	NA	NA	NA	NA	NA	3.74775	NA	0.45318	0.75523	0.33423	1.51413	3.02855	2.3248	3.77145	0.99343	NA	NA	NA	NA	NA	2.78041	NA	NA	NA	NA	0.58535	0.42158	NA	0.46038	1.77069	0.2729
CBM32	311.26889	303.04697	359.95108	192.33387	227.02197	238.68486	185.03502	316.01416	382.20947	609.41246	214.84839	182.17718	214.26167	270.95473	281.08787	261.78806	297.8858	114.97575	340.85595	380.07345	686.59001	194.99083	188.20305	455.78609	337.5035	396.94206	206.86579	282.98845	247.76409	238.00761	260.71738	212.78625	463.12528	403.04105	559.59015	594.54126	319.74912	425.20767	387.0289	311.98947	390.59259	432.04067	237.37648	309.30354	205.15312	129.4566	116.50667	210.20859	502.87068	291.38476	420.82175	425.21638	231.95782	253.98551	470.20809	386.51335	348.70989	229.28913	187.62173	235.8774	268.38173	227.89228	210.66737	201.86554	285.9835	260.60183	361.58701	244.54313	282.78266	519.99115	219.08724	337.1699	290.75248	306.32848	280.80976	324.51744	239.85337	174.01037	181.25787	232.25503	192.26065	246.36126	216.96309	248.62473	238.83695	270.91321	191.32936	158.77306	250.96362	249.61804	189.88066	427.99608	356.54404	217.57286	185.81853	206.52772	502.14486	224.85089	197.04095	183.57045	159.1758	132.61706	311.24376	341.48236	243.87314	274.9626	245.57114	226.61812	213.65161	300.25087	331.92271	394.18351	145.18272	309.91919	369.95169	316.865	337.08232	249.69849	196.12652	499.03286	441.38025	383.09096	191.38915	302.2656	179.96765	368.63116	177.18716	198.48179	210.05645	230.81859	160.78509	370.35742	111.83896	159.67435	278.11198	337.9669	334.58692	335.81441	227.97053	231.72305	212.01269	189.72718	244.55368	370.01949	332.67991	159.70125	144.80702	140.45391	145.79785	205.23436	228.16951	537.77723	356.30869	440.58363	529.6416	201.82898	172.11048	205.23239	131.67622	170.61013	135.1631	352.99759	493.10929	256.97822	481.84049	292.78307	313.47095	321.22126	323.41945	426.18731	353.78186	306.50517	390.29449	405.01007	432.80985	420.45255	298.36023	393.93107	335.76034	376.99779	387.26364	221.95381	312.69829	277.01192
CBM34	175.98934	146.72843	216.89901	277.02533	261.53802	178.67526	195.389	185.76065	152.12506	120.97725	245.08336	254.74889	220.79828	212.51004	201.34495	192.44696	268.42358	275.54861	156.83679	230.1731	189.48882	307.97819	346.7579	177.57204	220.73389	226.38563	249.8102	194.22089	133.53971	184.79528	259.37428	228.68934	102.21084	110.08325	223.85324	219.11	151.74098	110.259	192.57014	296.33044	140.70149	166.28545	328.37434	247.30667	214.30587	201.49209	163.70426	256.41736	109.39588	278.37262	206.2899	235.2507	154.24453	117.33918	121.96047	149.45032	312.99991	321.02811	380.30122	363.8525	250.84571	269.01015	214.27259	216.47224	142.31466	117.29182	263.7482	171.83015	132.6352	174.74629	300.23784	219.9379	348.77303	191.63619	142.01544	126.89051	151.88905	172.39334	282.99656	179.2377	157.12008	177.86481	280.66438	253.94783	228.88605	238.66839	273.92477	124.20949	215.13143	171.62888	205.37218	110.86823	131.84394	161.90843	135.353	142.02191	123.48358	121.93871	161.16533	238.75815	223.81893	341.93423	90.15186	119.08706	163.22319	150.58181	164.29257	234.22741	210.79748	269.75597	253.05644	70.25073	221.44865	130.01511	186.38548	280.25612	248.13188	222.20027	174.57715	192.12913	234.95836	155.12982	217.53406	255.84011	246.85267	134.95158	200.96037	189.84306	260.45811	131.25124	163.30395	81.42302	278.6103	167.62449	141.27865	89.427	199.78123	197.99038	129.12014	140.75933	235.85139	255.50058	246.58161	276.00503	274.15041	173.20621	190.33779	145.43169	218.19908	273.3066	194.69948	145.21378	146.81709	236.55284	140.54634	172.0699	161.45524	138.16427	243.35758	173.43609	174.47062	148.83609	114.46807	208.10876	123.07177	194.32225	320.57953	260.26729	182.5221	89.16858	220.32223	266.3545	238.02825	148.81155	205.85143	222.21082	252.35534	186.29869	117.2218	128.29838	160.28339	192.20265	147.13086	98.01565
CBM35	33.40401	40.63487	13.63533	25.16536	43.08335	4.12138	6.66591	24.68668	17.09824	17.38132	33.12341	37.34094	30.16385	33.54809	46.89818	51.87982	49.04828	29.12705	34.45902	7.02911	67.9549	23.70206	50.58197	15.19463	32.93345	35.2036	26.64921	30.97343	11.85946	16.27365	32.19172	40.63399	22.29382	25.17236	38.25636	36.39698	22.48542	42.92825	8.17866	10.49711	59.6363	45.59204	35.25048	38.02023	23.38993	21.35593	19.74962	14.23973	27.59275	15.55555	11.9461	27.38356	13.22645	13.38435	14.58659	17.04408	26.57353	41.2355	29.97787	33.28169	8.34302	10.21346	88.9153	93.27092	13.92094	20.67489	57.09739	14.32439	81.68964	6.00073	34.03936	22.42475	18.89442	18.48368	41.77346	39.0928	28.4277	13.33433	26.7639	38.3814	7.53379	23.56256	6.13322	7.51474	35.64796	79.15056	31.5003	40.03312	44.57294	23.64079	42.11538	26.98088	42.57103	59.89199	33.02467	32.39174	51.36196	33.14975	40.3586	50.70678	23.28747	25.00972	5.96121	3.90858	14.64356	10.57943	47.29763	4.30713	26.7585	58.1218	38.35995	13.1855	25.0121	46.98408	5.16286	16.5009	21.73723	29.00308	23.10322	37.62941	31.58745	50.98504	42.96732	29.98014	35.33036	26.97643	31.00957	46.09184	20.84367	39.073	39.53981	25.11748	31.84613	34.97892	16.98555	19.47288	22.20751	21.12265	53.27445	30.02487	31.10612	28.79825	32.68788	6.91867	38.4371	24.93175	27.24684	32.2032	26.5403	6.99839	2.69584	58.47924	31.16826	26.50115	57.79199	41.60694	43.73564	73.59578	26.56393	23.50059	14.34932	17.87373	14.57883	23.31884	34.32092	47.12777	38.297	22.03446	6.03143	8.75811	15.27916	9.08305	31.91385	44.1715	14.30397	3.43247	38.51613	8.32797	42.10202	33.5646	24.50968	34.87637	41.14005	7.47705
CBM36	2.36149	4.99509	NA	6.05928	7.38652	0.47277	NA	2.92164	0.40496	NA	1.56234	0.75917	2.32876	1.15996	0.18097	1.60041	0.99725	0.12648	1.73955	NA	NA	7.0819	2.46303	NA	1.86289	NA	10.80234	2.48529	2.75922	0.7609	8.29976	7.25743	2.4128	1.76178	6.42837	5.56045	1.78133	2.84656	NA	NA	1.56379	1.38483	3.39727	2.0454	11.53048	2.21705	0.5562	1.07155	0.25538	1.38819	5.90453	0.48967	4.37925	2.26239	0.84298	0.18641	1.71223	10.17037	13.20173	0.17614	7.88526	3.50971	9.7495	9.73863	1.2224	1.48214	1.98904	2.59825	NA	NA	0.72797	6.50255	0.74547	1.35342	4.32469	1.28722	1.27623	1.69089	3.34047	4.59541	NA	1.72982	2.51034	3.22459	1.33106	0.75924	5.36828	2.89119	1.95892	3.45538	0.37022	1.40703	0.84313	0.84148	0.70787	0.55865	0.08793	2.28976	1.53058	6.25341	0.09461	0.50147	0.0985	NA	0.10675	1.46042	1.05517	0.16676	7.78705	10.87163	7.9776	NA	1.68306	2.04677	1.65143	NA	NA	1.37301	0.24226	NA	NA	1.11078	2.95028	NA	NA	2.81011	2.17403	2.73659	0.50452	1.85778	4.85789	NA	0.50111	0.40759	4.59544	1.29672	1.98848	1.41948	1.15041	0.32113	1.55108	1.48289	2.49265	5.60393	8.38455	0.24152	0.94051	0.09257	0.63433	0.43633	NA	4.87162	4.9248	11.40982	3.68204	6.50556	2.73062	NA	4.8557	2.5107	NA	1.50143	0.77845	0.99961	NA	1.59591	0.96137	0.76958	NA	NA	NA	NA	0.0513	0.28456	0.64426	NA	0.85853	0.09309	4.13232	0.84937	3.67125	0.48956	5.15741	0.12662
CBM37	12.47576	5.25446	0.95262	1.84565	0.75065	0.16806	0.18305	2.70702	1.8502	3.44421	2.1298	3.03176	1.99742	NA	0.4812	2.38101	0.49684	5.59559	1.09281	0.10068	0.87296	3.45116	58.19285	3.6146	77.11336	0.5305	0.3673	118.48265	0.76923	0.94083	8.30305	4.66791	NA	0.15512	0.27924	NA	0.16963	NA	NA	NA	0.75399	0.0922	0.10813	0.37239	0.77999	2.10452	1.98974	2.51489	0.09232	0.17785	0.20624	0.13133	0.93667	0.26404	0.47582	0.91882	9.38648	5.94916	NA	NA	0.19673	0.34028	NA	NA	4.55446	0.95183	9.0668	1.78124	5.67354	2.48726	0.4481	2.8054	14.914	0.96074	3.4011	1.60108	1.57145	2.64155	23.13419	3.94791	23.55938	11.31492	63.81037	13.30189	5.14185	3.01899	3.17057	3.05112	0.14729	1.27254	1.21359	0.92786	1.06664	0.45489	NA	NA	2.88395	0.7592	0.67173	0.39965	9.50623	3.21504	0.19229	0.77285	0.41677	2.21028	NA	0.65145	2.35286	0.36349	1.48865	NA	2.55139	3.91435	16.72812	NA	0.25031	7.38051	2.19794	NA	NA	0.64447	11.53583	1.08619	4.54561	7.45343	0.81055	0.82854	2.40779	0.27941	0.67417	NA	1.66773	1.27581	NA	NA	1.8823	1.15521	0.8508	9.59515	2.51785	6.02105	3.76161	0.26852	5.75151	0.46808	0.36682	0.79756	0.40122	0.28417	NA	NA	0.15657	NA	NA	NA	0.64343	0.32849	2.62007	15.3746	15.24283	1.41403	3.64524	9.00903	0.63529	1.65471	0.21116	1.37709	NA	NA	NA	NA	NA	NA	NA	0.25135	2.09568	NA	0.66383	0.51119	0.48695	0.26113	0.185	NA
CBM38	0.97002	12.26349	43.0603	23.86457	46.14981	0.36211	0.88858	22.09252	1.21047	21.21368	12.66123	10.91413	20.15392	1.35366	0.61629	1.03312	0.29074	1.67477	4.75827	0.32937	100.06789	17.85929	0.94089	78.19049	9.10962	46.95097	2.15749	9.62377	15.20711	2.28393	0.93487	1.01365	147.42861	132.21885	23.75631	25.06166	12.48644	71.3379	10.66128	8.35649	66.79488	66.94281	4.22779	2.09143	0.22293	0.17921	0.49945	0.23607	96.33055	23.70051	36.43353	58.36111	9.94202	7.04317	30.40547	41.00951	15.37371	5.14861	NA	NA	33.34685	10.8375	0.30491	0.16126	0.59102	1.82943	0.34359	0.65381	0.97128	0.37842	2.37764	0.99682	15.19505	10.84835	0.17381	1.77262	2.73305	0.90072	1.20609	0.8646	9.20364	13.29676	0.1534	0.09406	4.94572	1.63817	22.18576	18.02182	5.11409	10.57739	2.56656	4.97863	1.57074	10.18658	11.44841	8.52054	5.68216	11.98103	0.1245	2.28027	0.19057	1.27558	1.2389	0.63675	1.63868	0.67124	16.38742	0.62023	5.24382	22.13075	29.91745	0.91327	2.55699	4.96416	NA	53.24066	39.27528	0.99292	1.63907	60.36922	49.10076	18.40842	4.88536	8.54549	6.10704	5.15596	6.26363	2.89955	20.54571	12.78859	36.27812	4.53856	0.10208	0.41944	2.83522	4.07208	11.81359	12.86726	39.68064	29.59034	0.75328	0.30547	3.80452	21.81325	14.36017	7.356	9.79623	14.75872	7.70727	3.48342	0.36366	65.35454	21.49813	10.53244	58.61122	3.65487	2.15808	1.69102	1.3997	3.09501	0.99629	1.20276	3.4951	1.5866	73.60353	2.17853	22.89918	1.18245	0.67022	1.55718	18.50097	12.05497	0.91105	0.85197	0.92256	0.50106	7.46479	1.04309	6.82995	6.12747	2.04744	5.9537	13.59364	0.57084
CBM4	98.71623	71.01036	136.52008	219.42413	172.68701	172.18085	103.92128	130.6659	49.82284	65.5566	146.60595	232.54135	168.61946	92.85605	117.34347	92.78392	123.35746	208.52404	117.90372	148.01259	118.18874	180.93491	188.8236	93.17259	140.77087	173.47231	165.66332	133.51639	31.5159	72.85284	66.91866	179.34791	34.77172	41.11001	54.66009	55.0094	83.2048	38.80918	124.92414	141.09163	22.53563	22.06398	162.10507	130.04802	149.38058	143.56275	77.32067	229.0048	124.22497	214.22018	100.51436	168.88925	47.68371	36.35574	67.84396	36.47274	36.16238	75.01829	137.09727	295.78991	95.1118	141.19094	67.32338	67.3129	67.59478	61.19293	166.03905	111.75569	8.82051	31.53083	248.21358	150.19453	63.02196	70.18349	109.12271	164.44321	144.95049	146.01866	227.21901	73.58844	103.38324	133.21607	123.81345	137.40458	72.93826	109.59649	110.63966	56.53889	243.845	47.52507	72.13968	35.43225	49.99852	57.0394	37.6484	71.95442	34.01735	68.80221	83.47605	98.72484	80.25943	156.55675	102.21434	99.62846	123.58145	68.01855	106.89834	184.30792	58.02145	134.81553	114.38187	177.50607	138.90831	17.4963	73.84839	41.58984	49.79232	31.53291	16.65009	81.92445	56.27787	44.77405	103.02079	22.83386	39.22814	5.15444	199.71688	160.78847	36.20433	32.82172	40.65513	183.56504	29.83088	38.95337	187.4319	188.86574	117.15544	121.5707	55.78362	79.19796	53.2679	49.64606	90.33617	87.77624	147.65	61.71248	32.18746	41.61765	53.55534	247.31144	198.56994	45.11206	53.71294	35.22153	42.74204	48.81858	146.8968	67.27458	188.22534	131.27524	27.77806	245.38192	267.07619	75.09738	22.90079	12.16122	19.15189	21.19838	156.7316	175.76213	95.60373	172.32306	46.02423	36.49505	108.50521	34.91157	171.4307	63.17235	30.15804	37.54482	67.06375	127.77941	89.35081	51.04946
CBM40	4.82692	17.19509	10.62368	1.76892	2.685	0.22861	0.62258	5.3542	2.29274	6.4076	2.98016	4.44691	3.27691	2.04644	1.24394	2.78523	2.60026	1.70831	4.58078	17.57441	75.00285	2.27034	1.86397	4.73352	1.36309	29.11046	1.38028	1.88201	1.70588	5.67378	2.05516	1.39518	7.28525	9.39548	48.36733	52.02287	5.31098	12.56226	12.56792	17.56337	17.29872	22.64378	2.14064	3.61259	2.37727	3.54339	3.27536	1.34124	26.08793	9.07639	4.8145	5.65749	3.29153	1.66431	13.92783	14.10426	2.53008	4.2747	19.1595	7.57319	3.78035	2.81446	9.20546	8.19452	4.60068	0.63994	5.42523	0.36059	5.94052	18.77095	3.65272	4.51677	6.36195	9.63012	16.21792	3.21737	4.30093	3.04881	0.299	4.0184	2.27699	0.88762	1.04496	2.00559	4.78021	20.36948	5.53579	8.3917	4.4625	17.46358	6.86251	23.03202	30.88949	6.41153	17.03928	12.82061	30.93484	11.69741	1.37891	0.03176	1.96693	0.10602	4.49555	1.87181	8.47399	7.33612	19.7197	2.94178	14.00922	4.74005	2.00801	6.72486	5.6116	3.24958	2.3524	2.21931	5.65784	11.54396	8.78007	6.2307	6.52728	1.81478	6.19682	25.75096	15.34702	42.79582	9.91681	8.87788	5.30439	3.49394	5.18395	4.91045	5.22706	17.40623	4.04843	1.80681	4.48133	5.19565	21.67389	6.55644	9.70153	10.0072	7.42817	1.09051	1.95491	2.51461	4.2298	3.88436	2.75586	2.08828	0.36887	3.25876	2.18263	15.36058	3.26271	3.4776	6.05157	10.92229	2.24755	1.08769	7.21651	1.17758	1.79016	6.31167	20.74102	4.67044	46.58139	3.35967	8.20185	13.92007	15.95214	9.74095	24.37159	11.16524	9.34743	1.99206	6.79412	5.64624	2.85687	0.88533	3.91714	0.73641	0.88938	0.96036
CBM41	8.35868	3.27466	4.41659	64.26575	11.18016	12.54172	17.08264	6.1442	11.69558	0.25881	21.08888	11.58892	21.10709	4.87887	9.2495	22.08611	8.69802	16.32288	8.78972	16.80808	1.61357	76.52391	61.63276	2.10787	21.73062	2.09345	5.77402	29.1387	12.12057	10.31286	30.97034	26.50203	5.63057	6.42658	2.55178	3.8736	19.69637	5.77411	48.09873	34.15777	3.35074	1.05535	62.56467	16.99756	14.52038	5.23764	23.87189	24.23805	1.34246	4.75737	6.08975	5.61035	15.82928	10.22148	16.99516	29.60357	8.76215	36.90293	25.44554	21.17114	47.75866	68.2664	26.77086	28.13365	12.11304	5.58217	43.34883	17.78233	2.91035	9.29234	12.70827	7.67631	4.56879	9.35768	8.0192	17.03111	25.00781	57.99149	95.80357	70.70912	10.03355	22.71449	0.39202	1.78225	34.59328	22.24006	50.78446	40.91724	6.71458	9.47895	14.4995	4.30877	9.93651	10.45009	3.19055	2.2319	12.21859	9.19686	8.52147	5.34703	3.41675	9.98962	2.49734	14.96797	17.7584	21.35649	2.23019	38.13621	14.33439	22.23151	45.60828	4.55123	112.66931	43.22018	1.30097	26.35551	32.9889	74.07143	124.81096	36.53423	12.65349	4.37492	46.05514	6.88914	8.98991	3.36095	9.16755	18.49165	27.22902	25.60052	18.63442	1.89681	17.25602	5.53269	5.75625	6.82865	28.7127	29.83729	7.95119	6.20565	30.79581	8.61053	55.5589	28.5889	30.0634	8.50695	7.60082	8.17133	3.05605	9.7437	14.15075	11.615	17.88356	3.54126	13.32391	7.99273	15.75366	6.70707	22.87554	2.47809	15.23083	4.6908	8.47296	13.83048	9.87409	19.37334	12.98362	28.93364	11.52511	2.72835	29.3217	53.8744	24.41562	15.55469	4.61029	8.62905	41.97682	5.01984	27.76358	40.17516	2.75036	47.76818	28.32296	9.60079
CBM42	3.95207	2.41363	1.06204	12.99055	10.32039	1.53654	4.59817	3.67583	2.06368	3.92906	16.86916	12.67356	9.72121	6.13736	5.61022	8.3199	6.00533	4.78141	5.65729	4.06476	0.19462	9.75193	28.87843	0.5487	18.25559	2.27083	16.86683	15.10882	0.90186	1.38691	6.42983	11.6553	2.94488	2.39723	4.26005	2.98038	6.81731	4.42718	4.64496	9.32854	1.12437	4.04141	4.28538	5.04811	8.53391	13.01006	9.536	4.06345	1.26307	4.28019	12.25259	7.18342	0.76815	0.97478	9.10016	1.34496	11.53043	7.32328	2.58374	4.4892	5.6108	3.06951	8.68229	9.43311	3.79369	5.04212	4.3914	8.21402	7.90036	0.5902	10.62304	4.276	14.24303	1.96417	1.19961	3.34056	3.17018	4.01742	4.91261	3.96304	2.75302	9.17791	15.12436	5.39817	5.3286	5.03783	20.74196	6.62214	5.23387	1.22836	3.28136	2.69989	0.27903	7.00938	1.24677	1.58263	3.34612	5.3582	6.54701	8.53098	3.69803	9.69119	1.63217	2.59392	3.65765	5.00792	6.16649	7.69056	7.54163	6.00133	5.13903	1.41217	2.48572	2.82266	3.58574	1.49128	1.88744	1.32675	0.31892	2.17912	2.727	2.25287	3.28808	4.56353	6.25583	8.65847	2.97329	6.53085	9.75073	8.33623	10.50996	1.56986	2.26133	5.77551	6.14595	2.9996	5.11392	5.2736	3.26466	2.15836	2.23149	4.10764	7.34696	12.67363	6.7992	2.97761	4.12427	3.21821	4.10592	13.65816	1.89175	2.83784	4.57289	8.58608	1.83369	1.66969	10.37791	4.39434	10.29927	6.83607	4.68975	3.88097	4.15608	4.66408	1.96041	5.37612	3.99131	4.04045	2.36685	0.62676	11.16165	8.25265	2.06122	2.33166	1.29803	0.60858	4.39326	2.35668	8.97702	7.80683	0.51306	2.86109	5.95816	3.8988
CBM44	NA	0.16912	NA	0.73667	0.18253	NA	NA	NA	NA	1.0233	0.14331	NA	0.10946	0.11183	0.22493	0.44122	NA	0.24408	NA	0.19869	NA	0.36397	NA	NA	NA	NA	NA	NA	NA	NA	NA	NA	1.22775	0.55245	NA	NA	0.68635	1.50124	0.66739	0.47133	NA	NA	0.95943	1.46698	NA	NA	NA	NA	NA	NA	NA	NA	NA	NA	NA	NA	NA	NA	3.62145	1.41809	NA	0.6685	1.17907	1.79248	NA	NA	5.99791	NA	NA	NA	2.37743	NA	1.33587	0.75828	NA	NA	NA	NA	0.2146	0.47248	0.5146	0.10753	NA	0.2038	0.85624	0.7733	2.0598	0.56351	NA	0.09738	NA	NA	NA	1.0393	0.31519	NA	NA	0.13364	0.19659	NA	NA	0.21453	NA	0.16363	NA	NA	0.25433	NA	NA	0.55336	NA	NA	NA	NA	0.22734	NA	NA	NA	NA	NA	NA	NA	0.24207	0.47634	0.31322	NA	NA	NA	NA	0.13536	0.21398	NA	NA	NA	NA	NA	0.19157	0.40524	NA	0.08832	NA	NA	NA	0.12728	NA	NA	NA	NA	NA	NA	NA	0.39029	0.40522	2.98652	0.65464	0.0916	0.10009	NA	0.14962	NA	0.33411	NA	0.07144	0.16735	NA	NA	NA	NA	NA	NA	1.88633	0.29061	NA	NA	0.51804	0.24398	NA	0.53897	NA	NA	0.11808	0.08434	NA	NA
CBM47	NA	1.29497	0.05286	NA	NA	0.06513	NA	NA	0.10072	NA	NA	NA	0.02108	NA	NA	NA	NA	0.04739	0.30728	1.09805	0.1636	0.03528	NA	NA	NA	NA	NA	0.0312	0.02942	NA	NA	0.0546	NA	NA	0.17915	0.11981	0.13341	0.20818	NA	0.12241	0.08042	0.0676	NA	NA	NA	NA	0.0418	0.10944	0.29611	1.46394	0.46499	0.79701	NA	NA	0.05312	0.15823	0.05347	0.11197	0.02629	NA	0.04352	0.08968	NA	NA	NA	0.34478	NA	0.31829	NA	0.05527	0.27205	NA	0.77597	2.41594	0.10522	NA	0.11958	0.11818	NA	NA	NA	0.13899	NA	NA	0.10995	0.1171	0.16629	0.14089	NA	0.03982	NA	NA	0.0747	0.02532	NA	NA	NA	0.07782	0.07504	0.0375	0.0354	0.0829	0.07342	0.07662	0.0797	0.48289	NA	0.37292	0.05848	NA	0.15882	NA	0.15169	0.08814	NA	0.18066	0.34802	NA	NA	0.50867	0.86098	NA	0.04685	0.03745	NA	0.13645	NA	0.84713	0.06686	0.46565	0.138	NA	NA	NA	0.04038	NA	NA	NA	0.12713	0.10266	NA	NA	0.11376	NA	NA	0.03012	NA	NA	NA	NA	NA	0.11238	0.0231	1.50619	0.41059	0.04144	NA	NA	NA	NA	0.23364	0.10651	0.04906	NA	0.04079	0.0254	NA	0.14596	NA	NA	0.03841	0.07551	NA	0.01924	0.22508	0.29636	0.14293	0.05218	0.08427	0.09896	0.83558	NA	NA	0.14183
CBM48	1034.29436	926.14662	1003.80146	1013.76667	915.64379	1245.02965	1078.58612	805.3473	753.45607	685.98122	953.999	805.29552	845.79142	962.81782	865.24378	902.14857	1004.86504	1178.32858	1010.79277	924.08518	952.58281	1052.92053	1025.17465	827.20007	1041.78365	816.23689	1036.38983	1008.38059	706.94687	656.86241	1050.38927	1092.04703	1088.42876	1110.65778	872.52492	849.34992	935.08364	934.06675	1010.95515	1055.7064	851.16949	859.72739	1035.87625	1027.91567	1014.08282	824.07564	786.67254	1118.34788	1028.05494	982.37344	1001.65931	1210.76045	731.87797	770.89743	1061.74558	1021.50754	1127.03891	959.99	995.87972	903.18516	1139.88601	1073.06577	895.08098	896.89982	1357.21697	1227.2125	847.55637	1269.68269	852.60464	717.76122	947.68958	839.50677	965.93294	889.66297	936.39833	881.95637	949.48277	1125.60802	1160.02922	863.50415	1128.58001	1003.44307	976.06599	1191.51837	1068.89656	868.59074	968.33849	733.23244	947.70943	670.16024	612.33534	580.60201	580.31388	645.02683	543.83001	609.98003	723.58377	757.66676	655.10599	813.2846	728.55047	785.82637	910.80673	1046.11011	911.05218	917.56914	692.30781	1124.17719	832.29662	972.27926	940.09561	890.78017	971.46212	762.26711	1183.59284	1390.526	1183.52353	936.63257	1068.77183	1190.21516	1122.42515	760.82072	776.92144	788.2822	810.07902	546.0689	737.52892	868.53786	804.73773	801.07768	764.51568	823.52636	922.81403	686.07432	924.67348	1041.55084	951.19796	934.61218	838.26975	835.27177	877.61938	826.00638	902.1295	915.26091	956.71677	815.1507	810.37063	702.55036	903.31629	973.57676	1154.85858	995.92528	846.65733	769.16481	964.71837	770.00377	720.34529	695.40703	771.51374	702.76662	715.15877	1070.67898	1216.43083	832.44675	898.53289	819.06143	943.41163	966.02834	948.58981	893.07725	1007.19975	1162.46591	1046.45485	1006.43935	931.90462	1072.13547	965.57105	1081.68998	796.08924	880.04903	932.47184	1062.90931	947.91456	1434.06473
CBM5	3.78068	14.19978	5.08126	9.12743	10.36542	1.64806	0.71831	7.3026	4.03842	5.42057	1.6473	2.55277	0.96228	6.13716	5.37309	13.58901	7.20131	2.52076	3.20441	14.77913	20.75792	6.93343	3.85624	17.88565	17.33788	19.2213	17.28828	32.6833	3.33464	3.58282	6.8666	1.88721	1.35251	1.89749	39.20416	35.49295	3.52741	5.93394	5.64931	3.75486	10.34478	47.97844	5.34702	8.73622	17.81406	8.80343	23.76183	24.45704	0.87394	0.68444	0.39932	NA	2.52822	2.69405	5.0624	6.7502	5.60666	5.60145	10.67961	4.36658	4.83862	7.33866	6.34894	5.27495	0.62584	0.12373	14.59597	6.86702	1.90617	14.54286	18.56516	1.96204	4.88861	11.15999	6.94584	3.66296	8.53816	5.67679	2.96913	3.45041	0.25596	1.115	0.84162	2.41102	13.1405	7.93186	13.54786	9.74157	2.9174	4.93109	2.9003	2.44954	4.61876	6.98716	4.37016	3.00511	2.11049	2.35535	11.85568	9.54508	3.7338	7.37799	0.19957	0.82991	1.46418	1.17984	2.6652	12.62635	6.60902	4.84017	4.6683	2.26542	8.40672	10.10298	3.75353	4.84129	9.05881	9.71154	5.08837	8.09131	5.73364	1.23021	1.80302	2.08445	0.57934	25.48996	5.77928	1.02364	5.20959	6.82357	8.87906	2.5216	0.11897	2.18273	4.65826	2.80676	12.19609	11.26297	3.48472	8.56938	1.97711	2.03526	5.69957	6.77026	5.45441	2.00347	2.9615	1.86575	1.66279	3.43072	2.17649	4.75379	5.68258	10.63645	4.93878	5.96958	2.84794	53.87323	3.38313	5.05952	3.33063	0.27384	2.05324	2.09985	9.06323	7.99365	7.59869	6.35066	6.22246	2.09468	4.44531	2.58743	7.94594	3.52681	1.57335	0.32342	2.5481	1.43096	2.21338	6.40992	2.15145	8.08322	5.2512	2.8503
CBM50	1455.84797	1619.75844	1408.53637	1717.64384	1483.31198	1481.97134	1226.43447	1558.30568	1479.68181	1556.41898	1606.50182	1718.92091	1636.4235	1648.47792	1675.6022	1626.61098	1636.16263	1307.88629	1503.97686	1554.37664	1496.47029	1659.17325	1673.87667	1511.3497	1697.07841	1473.558	1639.05716	1576.40228	1476.52309	1566.62149	1607.61716	1575.58247	1863.67912	1655.16796	1953.66247	1893.73653	1513.089	1543.85792	1639.32706	1507.50705	1658.97769	1726.41	1919.53104	1708.94936	1434.72281	1600.91475	2057.6023	1499.76143	1605.70751	1502.30865	1644.41329	1558.87721	1460.62959	1486.96171	1572.72911	1832.8071	1639.29502	1615.54818	1329.12167	1457.58204	1703.00343	1612.87644	1431.51274	1457.34543	1577.48732	1557.28409	1577.67282	1533.27256	1079.48805	1455.4264	1753.68416	1318.47693	1875.65102	1815.97905	1453.12038	1503.64514	1412.6801	1271.30248	1750.97723	1855.2757	1314.64817	1404.08443	1856.7068	1676.02278	1290.34221	1264.81833	1684.80023	1976.35251	1617.49624	1298.58578	1239.1655	1415.78492	1320.66468	1352.26621	1689.94585	1548.24675	1445.21636	1428.98649	1413.80637	1525.21952	1415.67998	1627.6686	1519.54044	1575.11875	1538.57424	1715.89848	1481.92994	1512.50725	1386.19207	1617.89035	1654.27176	1564.85804	1474.96306	1347.52525	1754.6644	1323.4724	1351.98938	1473.90389	1499.36802	1448.87776	1334.64231	1704.93531	1854.47449	1959.11278	1673.56698	1302.65569	1448.42978	1530.09188	1611.6675	1775.49384	1541.71863	1669.39223	1485.13141	1483.15677	1659.7726	1758.11114	1795.25669	1857.77795	1473.96723	1500.64255	1473.19974	1498.99641	1542.89579	1498.95463	1579.34706	1382.44998	1404.09666	1252.04924	1378.07926	1529.51291	1414.08475	1561.45729	1621.86637	1573.36307	1535.89169	1666.87123	1522.48927	1348.45092	1472.67073	1318.5183	1602.57219	1618.75856	1742.30889	1818.17642	1539.34872	1535.67779	1772.32145	1356.94923	1438.40313	1666.42073	1572.42559	1454.83245	1625.89768	1443.85557	1644.11442	1420.28436	1353.10732	1523.42315	1511.84402	1585.14343	1565.58994	1538.60989	1637.71283	1738.96278
CBM51	117.10665	138.28524	87.78819	113.66497	54.03832	46.39793	58.56411	147.46233	181.34402	141.90118	117.99754	132.11696	163.00769	126.3359	140.25025	120.99047	161.29028	52.24767	117.90628	76.39423	132.57057	104.55718	72.83891	183.03427	103.5274	141.34249	97.71269	95.06534	58.3618	59.04931	59.54543	77.3167	46.59795	43.32491	151.46972	154.36544	65.83792	64.41997	102.52948	135.38788	102.81845	139.98368	133.66292	151.28857	105.34671	86.6716	86.19982	90.95644	100.43175	96.03616	129.03518	190.13951	49.16234	69.05963	113.86979	114.04716	93.53323	179.04131	31.92417	25.55239	94.95013	95.0761	34.06115	30.17182	52.48841	51.30103	158.20061	93.2809	53.93389	29.58116	73.05742	101.58179	120.96842	134.18756	116.55066	97.69488	66.45998	58.18614	101.36188	117.27707	150.9601	167.25272	91.59436	76.10032	83.90992	62.88623	87.79967	96.20346	83.95494	65.6692	68.67219	107.0341	118.98608	65.92631	46.83925	66.84591	294.11824	136.33626	58.69684	46.46792	45.81094	42.60255	29.487	36.16897	61.63852	68.06616	29.957	51.77467	170.43615	57.94221	47.52373	73.86065	52.01756	104.16236	102.12867	96.89663	106.97107	58.36372	54.29847	121.07042	119.19037	106.18228	116.56545	79.77443	73.39575	155.29218	79.57035	127.60296	105.3427	71.31571	86.71886	49.54281	43.34636	41.00303	51.17086	45.1654	95.15211	89.76746	110.57827	98.31861	62.5706	61.34113	121.30992	77.55565	64.8221	93.78322	104.27462	89.57518	104.27096	84.04639	49.50602	178.88979	154.7813	138.11713	179.89379	68.16837	67.66673	83.83473	77.86837	69.21575	57.40768	46.11606	61.43747	73.74856	176.40865	123.4237	115.88401	144.30011	50.56173	49.50738	113.97481	116.02155	61.43645	97.12033	82.96727	59.33173	59.64611	56.8834	140.7678	186.70263	59.53063	72.41825	93.15325	56.35603
CBM54	28.99613	12.34819	4.42699	21.46058	20.01905	17.96575	6.93212	52.69294	31.65935	35.76146	11.2114	23.56968	16.12544	16.78367	13.71072	18.28668	15.37448	3.48309	15.61347	52.19954	6.82443	22.8154	24.81334	11.65047	30.6555	50.33784	32.16171	17.47306	19.64765	19.3431	12.74074	11.06461	12.48874	16.32276	13.33592	13.07451	8.1984	13.7241	7.62034	11.46386	16.22261	13.98459	7.30345	10.35554	29.81472	40.78546	46.74186	46.15553	40.523	6.71339	5.66328	4.75402	19.04384	16.04412	11.12411	8.46761	7.32149	13.61059	57.05548	115.94092	7.56564	8.5509	15.19855	15.61983	20.21114	15.8565	36.34055	39.79181	11.16187	NA	82.07269	4.54992	9.87878	2.76497	4.27235	4.08466	16.40125	23.22539	17.11296	70.24297	8.37821	19.29632	9.70741	8.70654	6.31933	52.89239	34.97672	107.43676	109.67871	29.51987	44.1508	44.45956	27.65755	22.30669	64.29458	54.2575	155.48138	78.49821	72.28357	36.66796	27.3889	26.50627	22.82871	4.62149	29.26065	26.33879	89.65335	55.75288	51.04007	5.22521	3.42581	4.30072	70.7191	15.86941	7.3503	2.51735	10.89036	33.52094	31.25221	11.35718	10.72027	10.72662	14.28265	14.88346	22.82934	54.89904	23.34186	32.18431	29.863	23.33742	37.19702	10.17313	22.31406	64.5017	9.11102	10.28023	23.57989	22.19529	104.01444	40.83408	44.95881	50.18309	18.25335	1.46115	3.07895	16.34969	20.9806	13.40825	7.07963	14.76559	2.69216	14.34801	19.53385	16.00856	11.73197	15.14355	36.04366	45.4793	18.03222	76.46503	20.04047	11.66457	6.19341	19.49372	14.42032	21.32039	9.41012	4.98167	4.50469	3.50436	9.82416	5.50488	30.11374	16.16426	27.93372	5.68561	61.76786	11.08037	74.81635	47.12885	37.20835	54.45605	31.67023	7.68375
CBM56	0.45719	0.64264	0.33608	0.56459	0.42987	NA	NA	0.486	0.33292	1.24589	0.20781	0.55531	0.39406	0.2656	0.27962	0.20958	NA	NA	0.96314	1.10859	0.64469	0.53973	NA	0.26983	0.10658	0.31784	NA	0.10275	NA	NA	NA	0.09145	0.49987	0.67477	0.16783	0.05278	0.81504	0.74461	1.17568	0.42693	0.20726	0.3101	0.50637	1.04635	0.42758	0.35585	0.42907	0.32821	NA	NA	0.05983	NA	0.16248	NA	NA	NA	1.68012	1.12833	1.75359	1.3366	NA	0.07938	1.13173	1.22811	NA	NA	2.94242	NA	NA	NA	1.28327	NA	0.92741	0.40021	0.09086	0.24341	0.67696	0.39559	NA	0.10312	0.07432	0.05312	NA	0.0968	0.63266	0.46398	0.73689	0.60055	NA	NA	NA	NA	NA	1.11224	0.09981	0.04649	NA	0.06401	0.06474	0.30059	0.04363	0.15285	NA	NA	NA	NA	0.24161	0.2128	0.72116	0.34767	NA	NA	NA	NA	0.10798	0.21217	0.09241	NA	NA	NA	NA	0.29533	0.11498	0.18101	0.14878	NA	NA	NA	NA	0.40314	0.16398	NA	0.10294	NA	0.08803	0.05951	0.56095	0.78897	0.08108	0.04195	0.26765	0.20192	0.37699	NA	NA	NA	NA	NA	NA	0.27267	NA	0.60928	0.83053	2.31517	0.60287	0.08702	0.10506	0.44752	0.19413	0.14437	0.10703	0.03975	0.4099	NA	0.10461	0.03191	0.06879	0.47835	NA	NA	0.66961	0.42773	1.03784	0.29505	0.29528	0.05795	0.73066	0.38401	0.1085	NA	0.11218	0.21251	0.13603	NA
CBM57	70.14825	69.96757	100.04725	15.51646	27.8082	268.25541	94.41706	24.21261	14.81315	160.95192	61.58536	51.93865	79.35209	47.5492	36.37196	33.24289	53.72595	7.49735	81.57201	58.4361	158.87877	13.94884	31.83322	129.06321	53.24981	75.77805	9.87177	32.22488	14.06523	6.42317	105.6507	143.66475	100.5702	81.68444	64.7576	64.30452	89.61727	102.70205	64.4203	45.56304	70.4467	68.72339	42.47307	42.63283	48.16147	13.42906	24.02006	41.43117	124.92157	73.44556	133.6718	162.03323	12.71401	11.21446	107.97363	82.58427	79.27516	26.08591	0.42509	1.61685	57.32067	26.65047	1.92333	1.74547	158.56649	138.8489	4.17582	119.31614	0.60285	0.45873	21.21566	6.92648	66.0791	91.98776	21.21836	103.22642	53.6011	21.55224	47.11949	33.39524	52.88932	74.52581	43.02345	45.54649	45.39738	20.31535	14.86873	8.18654	52.82322	32.36558	10.27907	29.74548	7.74826	47.02346	19.80102	24.30153	8.94907	18.22521	22.82405	74.95534	41.07032	45.87582	39.91082	43.06434	43.55803	31.49415	54.74207	33.44965	12.45809	66.72009	66.88112	392.58854	8.1757	15.09829	109.37762	51.72405	59.31619	13.18602	6.98252	86.67561	57.20848	36.77649	19.5937	17.84608	8.54877	15.63563	19.37588	7.06759	30.14141	32.91658	7.68972	328.64112	7.70336	17.44904	246.99892	362.51299	116.98676	120.85696	41.0202	26.30742	21.36397	20.23165	29.68755	58.8027	61.72373	43.44199	25.99615	19.92069	29.01202	114.10464	175.20975	162.83141	62.77427	60.41742	147.9854	56.2432	23.0146	59.08833	7.48095	16.77199	6.17544	24.70346	43.6261	25.97996	103.29589	22.29593	47.40126	6.45298	208.45698	397.99361	64.09068	55.21898	109.45121	114.21844	227.54423	156.16825	64.74483	287.99623	27.36623	26.44173	275.65596	30.03868	43.51564	187.314
CBM58	27.70698	9.20398	8.42898	4.30363	2.28155	0.18652	NA	14.96406	5.68002	81.3342	12.71678	7.47869	10.13611	6.00179	1.83141	4.39817	2.62343	2.44062	25.82969	49.82498	9.94726	3.94643	12.35253	10.79512	9.3532	2.56985	5.03738	12.77125	4.01492	0.5186	2.2061	0.92472	25.27484	20.11796	37.48078	47.33364	52.14476	41.69615	21.25193	11.55657	34.28153	29.885	15.22361	6.09734	16.07004	3.06897	4.40723	18.35918	31.14939	13.99284	30.68898	13.06261	3.62945	3.13631	64.04095	39.85303	13.88114	5.0089	NA	NA	25.57367	19.76705	NA	NA	1.90023	3.32807	15.3357	3.73497	NA	NA	0.36451	NA	6.91871	5.78923	39.93225	46.82529	9.2495	18.41012	19.0514	13.2915	7.55783	3.58319	26.05526	12.73607	15.75738	3.66566	15.38913	12.17041	28.8857	5.7645	0.75511	4.56338	1.49217	13.83964	9.06677	6.90699	6.71557	12.15762	2.56337	3.38943	1.86429	1.61524	4.42534	2.67371	3.29995	3.00378	6.31616	28.80501	2.90564	0.34084	0.3132	7.96463	6.68991	8.86901	28.49491	0.08606	NA	14.94737	7.13104	3.75674	1.15396	23.60214	10.04491	9.0973	3.45472	16.53658	12.60094	1.41997	6.52904	46.1553	7.30954	8.55487	0.36562	0.17106	1.9668	0.63938	3.75559	4.25289	14.82649	9.28316	0.89737	0.15561	4.08293	0.43306	0.19924	21.2906	10.87861	9.14121	13.86011	0.29226	0.17243	15.60763	40.83926	20.03982	15.80351	10.01837	2.81941	4.75618	1.24234	1.4265	1.13422	5.44616	7.33271	1.58625	24.98889	19.90566	16.35231	0.68107	3.73685	10.62464	12.60955	11.35396	6.32781	4.59639	7.21437	4.30158	33.63448	9.20712	10.89917	11.89	1.55021	12.9042	19.33275	7.84317
CBM6	60.32844	57.12301	78.24258	44.1631	39.76572	195.34424	92.22597	34.68873	54.1401	33.93567	47.63102	29.65031	53.47638	45.64573	59.50482	72.87458	86.73799	16.03173	79.34361	42.46678	57.02861	43.58186	85.35328	37.80869	137.06506	33.50887	81.59435	105.4196	92.85267	73.87565	125.14512	143.48104	47.48424	45.04418	109.05243	99.99675	105.97704	67.92488	100.39151	73.45907	58.19257	55.09633	60.15	58.66018	78.83807	29.98174	52.67785	45.82126	60.10239	31.98708	52.76246	77.2231	115.25379	80.66246	124.62483	76.58294	26.39666	46.29617	84.86427	75.54034	76.31499	62.96008	101.40344	98.09376	22.46327	28.84656	36.27567	28.79167	64.26911	116.67542	16.74289	68.56267	55.14902	64.68868	89.31844	124.73042	68.87117	35.71354	39.14123	38.15999	33.59522	46.28761	58.4747	49.21856	73.3352	46.84783	51.79942	58.1869	42.11688	19.67363	18.45215	40.90437	23.74555	55.76669	43.48473	31.90762	93.81848	58.89373	35.25311	90.88897	51.06817	45.60134	200.45102	191.94022	115.37245	117.17536	63.68103	25.92203	44.28968	125.60168	123.5515	279.39417	31.06009	31.1403	63.35	95.3597	101.99426	30.07771	57.18822	153.82894	130.76054	71.85308	33.08898	31.02859	23.59742	55.47317	25.98024	20.52067	36.38213	63.75916	52.79704	221.56032	18.99602	39.14731	192.8218	244.96529	104.60875	105.57146	81.84044	49.14955	43.32474	47.88119	30.83754	127.6349	120.63227	20.0504	20.23998	13.03959	21.50111	107.46091	177.67588	166.07072	56.88735	109.42576	159.03651	52.1864	76.39497	75.78025	35.67407	94.05731	17.55527	247.25853	317.11926	75.54653	58.67744	32.58574	40.54403	15.53465	158.02249	276.89794	83.37243	100.9094	71.72631	104.38113	194.68062	161.5881	68.14686	210.5075	46.89977	35.89381	235.32424	22.9405	37.364	18.71465
CBM61	120.00012	20.43614	23.12413	124.36567	114.90296	43.22678	15.13377	86.61435	56.27059	69.33735	62.85368	64.82515	35.83152	39.55989	29.45625	63.28899	58.81052	15.58401	80.39152	152.77056	9.10995	75.58082	235.26167	10.65561	115.91951	94.0743	91.43272	99.64839	27.9995	61.85059	44.46226	31.09517	27.9015	29.98888	76.46941	71.01474	62.49024	29.69504	84.49116	104.42152	16.99309	38.30648	145.02889	77.56665	70.17902	68.56695	39.52845	123.00509	126.45369	163.82976	116.062	62.07082	41.64003	20.80758	39.14273	16.95516	100.95031	66.43562	149.22997	296.82478	81.9267	90.44654	84.08128	84.34023	58.82355	44.78371	109.26624	94.86793	26.23972	60.8034	199.98852	99.96398	113.83058	46.12358	65.61573	75.08043	81.21948	96.88133	100.30314	42.58845	36.54988	69.34786	105.13447	76.76397	42.68618	97.61662	72.97727	47.51218	213.90288	14.5737	33.49322	40.20563	19.20911	34.75014	69.12098	91.40596	44.30006	26.55443	71.33907	87.46213	67.72385	115.97681	8.95866	10.78734	37.638	20.00075	142.21387	159.25997	86.48816	107.05369	107.61539	29.56831	124.14256	53.64594	53.74505	30.14465	44.68634	27.2794	27.35003	57.97821	48.15842	33.3925	59.32226	40.42325	41.37051	20.16363	78.48539	89.55819	54.45641	27.66217	36.34945	30.47851	21.23819	17.58105	62.17724	34.98876	40.42458	38.19369	32.23753	33.06395	36.89292	37.54219	89.69246	111.17771	121.11382	45.4288	38.27217	42.16784	47.79643	30.14577	54.05938	35.54711	62.42453	35.63255	33.47403	33.76469	33.968	43.48126	47.94573	64.12347	13.63161	25.39845	42.04958	37.38695	12.28159	26.72699	86.4896	35.72461	28.41327	17.23865	84.99208	124.16133	53.68135	38.65966	90.88593	95.96069	168.45522	78.9428	26.55599	42.21555	105.02535	106.48721	31.50845	35.85383
CBM62	125.36381	50.04153	143.88738	46.0177	78.67547	20.94007	21.42642	57.87918	63.18449	189.80469	58.02605	37.68654	75.36516	47.24117	39.11071	43.52474	68.57372	7.5329	205.58286	110.62627	212.13837	39.65727	45.37241	138.17158	128.56895	78.48372	28.86938	70.68844	35.11079	17.90973	32.27838	32.37799	226.51413	190.97892	147.1832	141.51449	84.27769	172.37774	208.11262	131.18499	157.22127	142.93598	74.18265	59.80232	80.25559	28.86445	41.64641	50.95525	220.00161	82.25105	151.29552	264.01673	33.2548	29.74269	149.4032	165.31895	127.38947	38.99678	18.42308	123.53792	108.36706	44.43885	157.87986	152.54567	31.25999	40.48124	28.35102	24.76263	123.38774	225.50694	8.44418	71.5626	53.62898	62.64404	57.19594	79.68941	39.24469	32.20816	52.20572	45.45318	23.71117	54.86111	49.60815	76.95443	43.40516	24.90291	106.24835	76.49624	76.64508	39.27232	12.57136	48.86401	9.27614	35.7222	26.51564	24.62804	18.903	39.8329	36.89818	34.17876	34.5147	20.68682	99.41546	84.56902	61.51343	40.28345	42.71401	63.60484	22.65305	101.12125	143.0255	96.15925	19.54423	52.00836	208.76962	278.58694	278.71108	31.27396	29.92975	447.75872	343.768	157.36648	52.01278	44.98609	31.37306	33.34729	18.64587	11.09693	46.03273	233.12572	80.90901	86.84212	4.81252	8.897	49.42261	50.48636	59.18666	68.23721	55.12652	79.07276	18.77799	10.23737	48.67558	134.95066	123.66636	51.03649	42.6454	39.67096	54.85011	41.84567	20.34493	358.68176	140.21631	159.22731	361.07313	14.61527	26.53523	29.14878	19.71305	17.59942	15.28112	23.01483	62.74237	35.07825	214.79684	61.06649	122.19484	9.1268	50.84202	94.18786	134.91008	148.57237	168.50837	219.23633	85.46075	48.55765	132.4836	50.48211	28.97892	27.39638	37.76189	30.6045	43.68072	26.18529
CBM63	NA	NA	NA	3.37948	NA	NA	NA	NA	NA	NA	0.23677	0.3715	0.22606	NA	NA	NA	NA	NA	NA	NA	NA	6.42846	NA	NA	NA	NA	NA	NA	NA	NA	NA	NA	NA	NA	NA	NA	NA	NA	NA	NA	NA	NA	NA	NA	NA	NA	NA	NA	NA	NA	NA	NA	NA	NA	NA	NA	NA	NA	NA	NA	NA	NA	NA	NA	NA	NA	NA	NA	NA	NA	NA	NA	NA	NA	NA	NA	NA	NA	NA	0.09758	NA	NA	NA	NA	NA	NA	NA	NA	NA	NA	NA	NA	NA	NA	NA	NA	NA	NA	NA	1.3536	NA	0.26583	NA	NA	NA	NA	NA	NA	NA	NA	NA	NA	NA	NA	NA	NA	NA	NA	NA	NA	NA	NA	NA	NA	NA	NA	NA	NA	NA	NA	NA	NA	0.08876	0.46413	NA	NA	NA	NA	NA	NA	NA	1.01307	NA	NA	NA	NA	NA	NA	NA	NA	NA	NA	NA	NA	NA	NA	NA	NA	18.32189	0.07773	0.09307	0.13294	NA	0.06912	NA	NA	NA	NA	NA	NA	NA	NA	NA	NA	NA	NA	NA	NA	NA	NA	NA	NA	NA	NA
CBM65	62.90121	5.3098	NA	47.40957	65.60626	22.70805	5.07977	11.22313	14.19524	21.22451	6.47017	24.83113	7.2537	8.93964	9.77389	18.39977	12.87883	32.58126	42.69565	45.95915	NA	25.99285	39.93394	0.10818	42.4897	0.08786	4.34759	41.45966	0.37228	0.4556	15.69046	2.06208	24.55106	34.76111	17.65804	19.94984	14.52798	44.66969	55.69613	57.25883	47.25297	35.19727	25.18987	25.76304	7.44111	6.86918	5.0306	5.14535	37.87677	85.20125	30.34469	12.69461	0.46162	NA	8.45274	0.47764	6.8647	30.66639	13.96591	7.05388	4.09857	4.23519	61.99427	62.85902	2.75674	4.13787	37.95569	37.07841	8.75629	0.13073	13.87823	0.85439	4.24512	1.71986	58.95032	20.94235	16.70812	23.46022	15.92415	23.9038	11.45907	40.24657	9.10688	33.97273	24.91813	80.09336	9.21129	9.1701	110.88914	13.14901	28.85208	13.40373	35.05583	43.54492	11.74742	40.59075	8.88222	7.19718	7.63319	9.68254	8.26303	6.65716	2.96118	1.1823	10.84279	0.97984	61.84155	56.47707	17.67202	57.19207	28.99827	18.04891	47.61909	7.69191	14.80126	1.83925	6.76517	9.05302	8.16937	9.18421	6.29272	8.57161	27.4273	9.13983	9.09726	4.85567	41.49279	44.79823	11.73825	13.13881	19.77206	19.11203	8.20273	10.4346	25.89556	23.079	5.32562	5.20108	9.3777	13.54265	7.65162	7.48646	34.13272	16.95927	45.52615	15.38425	16.25574	14.5772	21.80859	0.38283	0.40602	24.30715	37.31057	15.4017	17.86499	32.75596	16.47713	44.4564	4.57461	14.13835	4.82408	10.14026	2.71549	11.13349	8.39849	29.44095	19.62027	18.77426	2.66605	1.15647	45.34567	70.68872	NA	NA	10.65096	NA	10.03218	5.4551	8.87121	3.56033	24.88749	43.06895	22.1976	17.22915
CBM66	10.74155	10.31327	12.82487	5.20231	5.46626	2.59181	5.41424	4.68494	4.04684	21.07473	7.23331	3.78025	2.18927	10.19818	12.57202	10.85659	4.51389	27.24165	15.4146	13.10085	9.77394	4.11015	5.00987	5.56486	2.65129	7.22046	3.01285	2.04418	3.58065	4.12537	35.80808	23.13893	13.48969	15.09356	7.79885	8.42467	15.66282	13.75597	23.64868	23.19611	9.01795	4.36366	9.93301	18.73205	13.57045	13.21182	9.08032	28.85687	2.56873	6.95362	2.6751	5.56337	3.64233	5.01115	12.31803	26.35658	13.51758	16.69089	19.80026	47.23033	23.6929	31.71795	33.51529	32.68736	2.06781	1.84575	23.88824	3.62242	62.24643	99.77151	24.46978	50.93168	10.6102	29.22446	19.1928	16.28518	16.62084	19.07451	4.9625	6.51107	6.98509	3.55736	0.75665	3.09528	14.82272	6.4194	5.61022	16.26629	4.86035	3.03488	3.71628	2.13877	2.45317	5.23778	4.36485	6.51905	4.11023	9.95814	23.78671	8.67289	12.99988	9.41842	4.08514	10.76174	16.99814	21.04219	6.05581	27.11069	35.6375	25.09121	55.84076	3.84859	10.71271	8.27255	1.16402	39.56651	33.40698	10.20928	11.08244	46.50118	49.36014	36.87485	9.6279	21.12418	27.28879	9.70205	6.12602	8.09615	13.95396	5.62092	5.29808	5.0125	16.01967	9.87411	6.962	3.55951	3.00444	3.73728	12.7504	9.96165	25.20391	17.59951	25.14918	40.81653	28.17823	6.42679	9.89757	9.3234	8.90837	2.67271	1.17949	9.65819	18.05098	9.18384	10.32741	4.83874	12.12377	16.92141	7.22924	10.82563	5.22668	2.37196	6.51637	8.61858	12.17851	11.08501	6.95884	8.17915	22.56279	5.87768	21.46469	20.62434	10.95295	11.29873	4.5377	36.25541	5.69379	6.86208	16.15308	20.25517	12.13145	34.64823	9.79644	2.43617
CBM67	289.03136	315.7496	274.63304	195.85609	254.484	422.77218	230.54195	197.24927	214.86239	496.66024	249.1737	209.14818	271.74882	270.75295	249.82094	272.71723	296.01414	203.96672	332.53158	279.97522	284.93268	188.3914	163.09499	205.97462	239.63149	145.93594	150.34083	189.41437	289.9849	167.4112	301.69446	344.86089	396.71855	338.90023	309.89371	314.16841	374.23849	391.46288	295.71316	225.1656	303.26762	286.63584	335.67838	369.20774	243.69283	197.86924	269.89882	182.83105	324.22595	212.20379	263.99812	256.25012	167.91851	256.20209	404.08561	357.53614	222.81548	294.79434	171.19739	136.77546	253.16261	248.22535	165.17727	172.12436	239.97406	286.19273	273.70745	234.31611	86.15039	140.77882	179.82093	109.11196	279.17692	290.67957	285.79924	373.67457	202.62554	143.59622	175.01813	358.34873	263.45004	333.61351	127.3425	168.17451	198.37743	193.5547	195.34806	240.47696	276.91969	199.15256	350.63395	298.2727	387.86036	182.843	175.29857	167.48042	391.4929	365.56784	292.76477	313.5045	283.24781	241.47296	254.35999	287.16078	298.24837	318.68984	222.91118	187.2822	225.10483	242.66569	234.47129	729.65969	183.35315	188.26296	241.48618	301.06954	297.73396	259.92522	263.7304	366.85031	298.2406	380.63718	234.18707	272.78199	194.06597	281.38163	258.89973	254.8549	292.07904	235.08326	214.37884	597.87179	240.96819	223.13422	480.03883	666.48995	325.14209	326.39785	342.17646	287.50262	303.48593	383.14952	253.06855	279.36496	271.70859	200.61799	205.16474	207.05073	180.3653	312.24496	282.52574	395.13278	253.97858	294.83627	389.42951	153.80774	298.28923	278.10349	189.70846	267.77526	229.11131	310.06582	309.82965	203.21465	250.37303	249.21779	207.5317	216.69801	489.5255	722.8111	269.12769	248.00857	337.61073	391.75911	469.87434	396.75611	241.50779	527.61264	340.15018	318.54033	552.66614	208.09576	290.81091	261.85711
CBM68	0.42116	0.21304	NA	0.80139	0.34557	0.36929	NA	0.12226	NA	NA	0.17758	NA	NA	NA	NA	0.27787	0.12466	0.44505	0.22213	0.88304	NA	1.20843	0.05398	NA	NA	0.12	NA	NA	NA	0.11542	0.31202	0.12177	NA	0.17558	0.42683	0.43246	0.05315	0.04088	NA	0.24442	0.19746	NA	0.1321	0.19903	0.86049	NA	NA	0.1216	0.11267	0.21641	0.05485	0.25727	NA	NA	NA	NA	0.04258	NA	NA	NA	NA	0.7497	NA	NA	0.12513	0.06391	0.92183	1.37401	0.34921	0.07914	NA	0.99428	NA	0.21054	NA	0.13758	0.23924	0.17983	0.34361	NA	0.10123	0.26952	NA	NA	1.45998	0.23263	0.16721	0.07959	NA	0.4516	0.53295	0.48994	1.02528	0.60821	0.19744	0.18323	NA	0.17027	0.33071	NA	NA	0.06646	1.96018	7.3222	14.96783	8.92301	0.21306	NA	0.46719	0.13348	0.51509	0.0518	0.07177	0.14281	0.14319	0.26559	0.89425	0.21527	0.2312	0.19673	0.5775	NA	0.07499	0.29512	0.06469	1.20195	0.37813	0.84918	0.27245	NA	0.06745	NA	0.8258	0.35983	0.11155	0.15241	0.12168	NA	NA	0.10944	0.70629	0.52361	0.15394	0.04079	NA	0.09898	0.11607	0.44969	0.12618	NA	NA	0.1039	NA	0.04677	NA	NA	0.46939	0.44484	1.76513	0.40169	0.28545	NA	0.08949	0.02679	0.42365	0.44847	0.1702	0.99852	0.15408	NA	NA	NA	NA	0.05314	0.2589	0.30742	0.11915	0.41741	0.30421	0.24129	0.22194	0.21384	0.0565	NA
CBM69	NA	NA	NA	NA	NA	NA	NA	NA	NA	NA	NA	NA	NA	NA	NA	NA	NA	NA	NA	NA	NA	NA	NA	NA	NA	NA	NA	NA	NA	NA	NA	NA	0.08128	NA	NA	NA	NA	NA	NA	NA	NA	NA	NA	NA	NA	NA	NA	NA	NA	NA	NA	NA	NA	NA	NA	NA	NA	NA	NA	NA	NA	NA	NA	NA	NA	NA	NA	NA	NA	0.39634	NA	NA	NA	NA	NA	NA	NA	NA	NA	NA	0.09874	NA	NA	NA	NA	NA	NA	NA	NA	NA	NA	NA	NA	NA	NA	NA	NA	NA	NA	NA	NA	NA	NA	NA	NA	NA	NA	NA	NA	NA	NA	NA	NA	NA	NA	NA	NA	NA	NA	NA	NA	NA	NA	NA	NA	NA	NA	NA	NA	NA	NA	NA	NA	NA	0.08207	1.04769	0.04439	0.0939	NA	NA	NA	NA	NA	NA	NA	NA	NA	NA	0.04719	NA	NA	NA	NA	NA	NA	NA	NA	NA	NA	NA	NA	NA	NA	NA	NA	NA	NA	NA	NA	NA	NA	NA	NA	NA	NA	NA	0.76721	NA	NA	NA	NA	NA	NA	NA
CBM70	NA	NA	NA	NA	NA	NA	NA	NA	NA	NA	NA	NA	NA	NA	NA	NA	NA	NA	NA	NA	NA	NA	NA	NA	NA	NA	NA	0.02583	0.02825	0.07384	0.13491	NA	NA	NA	0.23034	0.07987	NA	NA	NA	NA	NA	0.169	NA	0.06794	NA	NA	NA	NA	0.04866	0.0647	NA	NA	NA	0.09627	NA	NA	NA	NA	NA	NA	NA	0.06309	NA	NA	0.02905	NA	NA	NA	NA	NA	0.08	NA	0.15689	0.07147	NA	NA	0.18595	NA	NA	NA	NA	NA	NA	NA	NA	NA	NA	NA	NA	NA	NA	NA	NA	NA	NA	NA	NA	NA	NA	NA	NA	0.08557	NA	0.19573	0.09043	NA	NA	0.0396	NA	NA	0.07736	NA	NA	NA	0.08582	0.06445	0.09258	NA	NA	0.03978	NA	0.05114	NA	NA	NA	NA	NA	NA	NA	NA	NA	NA	NA	NA	NA	NA	0.07091	NA	NA	NA	NA	NA	NA	NA	NA	NA	NA	0.06726	NA	NA	NA	0.02627	NA	NA	0.04405	NA	NA	0.08303	NA	NA	NA	NA	NA	NA	NA	NA	NA	NA	NA	NA	0.07545	NA	NA	NA	NA	NA	NA	NA	NA	NA	NA	NA	NA	NA
CBM71	0.55647	1.47103	0.57517	0.78197	0.5262	0.17734	0.54097	0.5719	1.84631	0.40558	2.6315	4.11836	1.51641	2.1104	1.6311	2.40168	2.15071	0.63829	1.80992	0.88425	0.3391	0.37053	1.00106	1.74098	2.29115	0.60203	3.08383	0.26027	1.13472	0.69633	11.44622	9.62605	0.56027	0.83503	0.19045	0.1441	0.68863	0.48127	0.66071	0.30921	0.67038	0.47255	0.33954	2.17875	0.60293	0.49957	0.15794	0.63842	0.20307	1.47232	2.71027	2.87267	1.24182	0.61187	1.23384	1.21271	1.30962	2.27312	1.26177	2.13056	0.03781	4.09148	2.22465	2.26513	3.04603	0.53691	1.90887	1.09086	0.74479	0.38447	4.93008	1.98221	1.3894	0.48808	1.43463	2.34471	3.0035	1.4228	1.59453	0.8396	0.98463	0.30956	0.64829	0.55647	2.18312	1.04882	0.72575	0.57866	0.83993	0.12947	0.18743	NA	0.23845	1.22819	0.0499	0.79699	0.47085	0.48483	0.39809	0.76899	0.8515	2.7015	0.38846	13.28646	3.71868	7.48974	1.76234	3.21245	1.14093	6.02713	10.6535	0.22337	0.36234	0.99101	0.54512	0.16517	0.53446	0.74078	0.26315	0.45062	0.35873	1.42586	0.63983	0.82426	0.36568	0.28088	0.81429	1.35491	0.64209	0.34181	0.45756	0.20119	0.1142	0.05337	0.7934	1.25015	1.35943	1.21212	0.58166	0.63217	0.15854	0.72815	1.95961	3.52036	5.58285	1.33849	0.3489	0.35698	1.82079	0.37765	0.43725	0.53735	1.12594	0.73489	0.66162	1.20076	0.295	4.7379	0.20499	0.19457	0.57891	0.29031	0.8884	1.47429	0.1622	0.37996	0.41994	0.55792	2.89388	0.83081	0.26566	0.63596	2.81639	1.26383	0.48745	0.5129	1.1113	0.41773	1.19199	0.44357	3.59974	0.9888	1.8015	1.6984
CBM73	NA	0.4102	NA	NA	NA	NA	NA	NA	NA	NA	NA	NA	NA	NA	NA	NA	NA	NA	NA	NA	0.31461	NA	NA	NA	NA	0.18132	NA	NA	NA	NA	NA	NA	NA	NA	NA	NA	NA	NA	NA	NA	NA	NA	NA	NA	NA	NA	NA	NA	0.94935	NA	NA	NA	NA	NA	NA	NA	NA	NA	NA	NA	NA	NA	NA	NA	NA	NA	NA	NA	NA	2.48178	NA	NA	NA	NA	NA	NA	NA	NA	NA	NA	NA	0.2796	NA	NA	NA	NA	NA	NA	NA	NA	NA	NA	NA	NA	NA	NA	NA	NA	NA	NA	NA	NA	NA	NA	NA	NA	NA	NA	NA	NA	NA	NA	NA	0.09199	NA	NA	NA	NA	NA	0.83464	NA	NA	NA	NA	NA	NA	NA	NA	NA	NA	NA	NA	NA	NA	NA	NA	0.57854	0.12159	NA	NA	NA	NA	NA	NA	NA	NA	NA	NA	NA	0.31949	NA	NA	NA	NA	NA	NA	NA	0.25639	NA	NA	NA	NA	NA	NA	NA	NA	NA	NA	NA	NA	NA	NA	NA	NA	NA	NA	NA	NA	NA	NA	NA	NA	NA	NA
CBM74	18.85598	5.40725	0.03549	32.365	5.39969	50.95733	40.61935	10.07215	10.59825	0.30255	7.97587	3.37177	1.90527	13.00499	13.18411	14.07513	6.39635	61.46573	2.17389	7.00296	0.0557	22.67414	17.76789	0.05225	20.75834	0.12769	18.91989	12.23434	15.38903	11.85852	8.17819	3.76616	22.38956	29.92763	7.61211	7.97098	7.03864	2.00419	16.30468	12.34327	13.99327	13.35187	16.55213	9.65642	26.47396	6.29084	13.94915	23.77942	30.21483	16.89243	0.01808	6.75882	14.86626	22.71594	4.08995	8.26792	9.45838	7.13721	8.8591	0.06819	44.25504	17.18593	4.47138	4.36988	148.90215	114.87531	24.52124	110.02974	0.2054	0.02385	5.06818	15.98235	4.46634	7.9898	2.36262	0.9455	4.00437	10.57352	43.82561	43.56421	19.20527	8.06124	3.88651	33.17893	27.95083	42.74479	5.90549	26.21067	4.37171	18.30761	24.32092	10.98576	26.74486	8.11082	8.733	14.59106	9.90789	7.73522	9.9099	11.19818	8.48691	0.26721	61.09273	54.31376	31.02827	33.07625	9.01207	44.45146	8.33403	NA	NA	2.50728	47.32099	21.19942	10.44281	10.12921	11.60382	25.87035	68.55099	15.23491	4.84123	2.54866	25.46052	16.09089	2.03075	4.73833	8.22134	33.81023	10.63141	18.65122	13.66417	0.11297	18.23718	12.91695	5.35055	11.48928	11.40282	11.01026	3.28111	1.85549	25.43689	9.8986	10.12249	NA	NA	8.81536	9.42803	14.323	31.81685	25.09643	32.16442	4.98494	14.02892	0.72521	4.47983	11.81184	11.80454	13.21277	11.37798	4.40759	16.11002	7.45736	4.66026	7.93523	6.14541	10.50078	4.69852	22.93513	0.8671	0.28578	11.08744	23.94241	8.38847	3.02629	6.80548	12.90759	13.56715	8.18223	18.00015	16.52077	4.58762	43.23175	21.73078	169.25321
CBM75	NA	NA	NA	NA	NA	NA	NA	NA	0.07188	NA	0.08911	0.39615	0.34032	NA	NA	NA	NA	NA	NA	NA	NA	NA	NA	NA	NA	NA	NA	NA	NA	NA	NA	NA	NA	NA	NA	NA	NA	NA	NA	NA	NA	NA	NA	NA	NA	NA	NA	NA	NA	NA	NA	NA	NA	NA	NA	NA	NA	NA	NA	NA	NA	NA	NA	NA	NA	NA	NA	NA	NA	NA	NA	NA	NA	NA	NA	NA	NA	NA	0.04448	0.09793	NA	NA	NA	NA	NA	NA	NA	NA	NA	NA	NA	NA	NA	NA	NA	NA	NA	NA	0.02716	0.51944	NA	0.42243	NA	NA	NA	NA	NA	NA	NA	NA	NA	NA	NA	NA	NA	NA	NA	NA	NA	NA	NA	NA	NA	NA	NA	NA	NA	NA	NA	NA	NA	NA	0.59581	0.18633	NA	NA	NA	NA	NA	NA	NA	0.82612	NA	NA	NA	NA	NA	NA	NA	NA	NA	NA	NA	NA	NA	NA	0.10801	NA	0.31011	0.1996	0.02335	0.03336	0.04442	0.10406	NA	NA	NA	NA	NA	NA	NA	NA	NA	NA	NA	NA	NA	NA	NA	NA	NA	NA	NA	NA
CBM76	5.19105	NA	0.10429	3.33668	3.5315	NA	NA	2.5749	NA	NA	3.29528	1.13639	0.57393	0.08252	NA	NA	0.21312	0.26985	NA	0.19261	NA	2.48402	NA	NA	NA	NA	NA	NA	0.24832	0.3377	6.19148	6.54846	1.64965	2.09574	1.36525	1.12295	2.0573	3.10565	NA	NA	0.84263	0.91801	1.31922	3.47636	NA	NA	NA	NA	NA	NA	NA	NA	0.92505	0.2367	NA	NA	NA	0.70541	NA	NA	NA	NA	4.47951	3.46007	0.55737	1.25843	1.63431	0.92076	NA	NA	NA	NA	NA	NA	7.0346	2.3029	4.43974	2.74749	1.60413	1.94216	NA	0.91221	3.42245	3.68924	3.61128	2.08505	NA	NA	NA	2.60542	0.53341	0.09657	0.17878	NA	NA	NA	0.38944	0.32484	NA	NA	NA	NA	NA	NA	NA	NA	NA	NA	0.02773	NA	NA	NA	NA	NA	2.26768	NA	NA	NA	NA	NA	NA	0.33109	1.06965	0.94819	3.30931	NA	1.02105	0.93876	NA	NA	NA	NA	0.84858	0.24887	0.85771	0.35464	1.10625	1.62296	0.24541	0.29699	0.20343	NA	0.4886	NA	NA	0.66792	0.60999	0.53299	0.83735	0.30951	NA	0.78601	2.33715	0.30309	0.79114	NA	0.11892	NA	0.35147	0.86246	NA	0.18046	NA	0.59413	NA	NA	NA	NA	NA	NA	NA	NA	NA	NA	NA	NA	6.98238	NA	0.4894	NA	NA	0.35294	0.20452	0.36507
CBM77	29.29127	1.83633	5.77051	24.7004	16.77276	16.45988	11.86262	31.78159	4.40557	13.6225	42.62678	44.50769	48.02203	5.87408	15.70064	10.92337	18.66693	42.35366	19.95887	5.31811	3.72674	30.42413	30.61226	11.62766	19.53325	16.43221	23.80038	18.86911	4.06152	3.60545	42.11041	75.45448	47.10776	42.99944	6.4662	6.48652	19.30751	19.73556	NA	0.13707	11.56252	4.47985	23.65225	13.27509	2.87964	11.55754	2.58886	6.4248	0.02581	2.45415	34.0062	48.68548	12.62307	9.49024	13.43643	21.74891	15.51606	18.94628	32.09085	1.67511	48.14265	3.95604	36.50526	37.29254	9.60493	15.43071	12.01773	7.38363	6.97254	NA	0.91722	5.62381	16.17772	5.62303	22.28025	9.51517	6.75584	3.02964	40.0138	17.73263	9.93259	16.99149	32.62983	30.43076	8.59932	5.16128	16.92691	5.37979	9.26169	5.2703	7.22608	5.86203	2.34507	3.79038	3.60013	6.14522	3.04658	7.04939	3.27398	14.67426	6.63559	22.25574	67.888	50.14704	31.67861	32.17297	5.72699	20.78338	4.43961	69.90156	101.5027	3.38281	7.44333	29.8386	15.44562	19.24147	11.85075	12.13311	5.77661	33.24632	4.67829	15.45889	11.85128	7.57098	53.24663	0.36992	2.44725	2.92574	23.37167	11.60736	16.08897	5.76884	2.07428	1.47342	18.90759	11.35517	19.75299	18.76174	4.92112	5.57608	2.44917	3.23046	11.21968	39.62801	34.05924	10.34791	12.58419	13.45221	12.90194	6.4266	7.22601	6.12707	8.13139	3.59395	6.447	52.41525	17.19028	15.87515	83.10469	6.15599	3.76084	9.77213	4.38122	34.49708	7.5321	8.15292	10.19488	3.03464	3.51586	4.90668	0.11549	0.49857	71.65263	50.10061	5.93157	0.14052	3.69019	5.50267	4.96761	5.51889	1.97249	13.67104	19.69499	16.96494
CBM78	7.50575	1.1852	NA	3.11472	3.65031	0.95952	NA	2.67928	0.47929	NA	7.00181	3.69547	1.6249	2.04023	4.14103	4.22816	1.68911	0.34776	NA	NA	NA	4.10035	12.88416	NA	5.22632	NA	3.45004	3.55722	0.21239	0.30071	6.1448	7.90712	0.99959	1.87982	1.4076	0.64686	2.74236	5.84105	NA	NA	0.94139	1.10021	2.05814	4.43012	NA	NA	NA	NA	NA	NA	NA	NA	0.81623	0.67196	NA	NA	NA	1.26122	NA	NA	NA	NA	4.63885	4.18215	8.50239	7.34601	2.758	6.97563	NA	NA	0.30294	NA	3.02467	NA	9.91706	4.38924	5.40704	3.92034	3.40901	3.42158	NA	0.97647	3.99616	3.8373	3.40154	1.68724	3.15915	0.78451	5.09987	2.44255	1.26891	1.3882	1.02796	0.1229	NA	NA	0.71242	0.53072	0.52768	1.44603	0.56388	2.35797	0.13292	0.71221	1.72857	0.09711	NA	0.09998	0.14179	6.64446	5.47382	0.4227	0.3969	2.58711	2.22055	NA	NA	1.39669	NA	NA	NA	0.19606	1.04	0.81883	3.53229	0.21812	1.84818	1.63362	NA	1.88771	3.27686	7.55969	0.21744	0.80501	3.23842	2.82478	3.32978	3.66306	0.15338	NA	1.57774	0.28802	0.27758	NA	4.76184	1.30659	0.67739	0.45784	0.95152	2.37713	0.71875	1.26794	4.32043	0.88966	1.21698	NA	4.03656	12.15541	3.63279	0.83105	1.17681	1.39941	0.93777	1.50109	2.01475	1.6431	2.88132	1.52385	0.52838	0.55166	NA	NA	NA	NA	0.6777	NA	8.89598	0.37772	0.20391	NA	2.09642	0.24057	2.62443	0.92482
CBM79	27.63464	2.9382	NA	18.04526	18.02556	5.28308	1.28789	13.95453	0.48298	NA	22.70579	18.45522	7.17981	9.8798	19.12193	16.86796	11.35704	2.33457	6.62176	0.2178	NA	16.6676	56.94764	NA	27.71478	NA	21.81581	21.00038	2.62078	1.50073	45.17506	39.61236	6.96074	11.19725	6.17345	5.67695	14.8469	24.9721	NA	NA	4.69184	5.42532	9.41028	21.27371	4.37889	15.50229	1.85737	2.21558	NA	NA	NA	0.32765	5.00564	2.41523	NA	NA	NA	3.78442	NA	0.04652	NA	0.08621	27.27377	23.46198	16.54719	17.94277	16.75685	16.60838	NA	NA	2.75895	22.26391	9.46048	0.13682	27.02325	17.7768	17.74655	11.29842	7.97971	8.41416	NA	5.08941	14.55957	20.25163	16.67038	7.68628	13.64248	4.03327	24.59279	8.29834	4.79142	3.29035	1.63902	3.07024	5.03478	5.9283	1.60094	1.08782	3.22462	6.37252	1.04424	6.43515	0.09897	0.35919	4.28464	0.9293	8.29184	0.40834	2.20869	35.96576	24.32749	2.55201	1.02111	6.22754	9.964	NA	NA	5.80852	0.04812	NA	NA	1.56869	4.1045	4.454	16.77614	0.40919	8.23603	5.50723	NA	12.8987	14.57841	18.72098	3.09289	3.37224	16.13533	16.58326	19.43061	20.35512	0.89464	1.15456	6.69573	4.74408	1.98386	0.28533	24.62918	3.08439	1.09469	1.49552	2.92902	8.04189	5.54183	6.58518	17.51005	2.86676	6.12038	65.14079	14.59432	28.7989	17.93051	5.70469	1.10016	4.35312	1.27207	4.09253	10.77511	10.37034	14.27676	6.1917	1.15063	0.73067	NA	NA	19.25181	13.25338	6.86764	8.98699	42.77953	9.24617	0.53378	1.81914	9.75256	1.02604	10.19583	3.54127
CBM80	NA	NA	NA	NA	NA	NA	NA	NA	0.18304	NA	0.20169	0.15823	0.23108	NA	NA	NA	NA	NA	NA	NA	NA	NA	NA	NA	NA	NA	NA	NA	NA	NA	NA	NA	NA	NA	NA	NA	NA	NA	NA	NA	NA	NA	NA	NA	NA	NA	NA	NA	NA	NA	NA	NA	NA	NA	NA	NA	NA	NA	NA	NA	NA	NA	NA	NA	NA	NA	NA	NA	NA	NA	NA	NA	NA	NA	NA	NA	NA	NA	0.07551	NA	NA	NA	NA	NA	NA	NA	NA	NA	NA	NA	NA	NA	NA	NA	NA	NA	NA	NA	NA	1.2209	NA	0.15096	NA	NA	NA	NA	NA	NA	NA	12.48142	6.78536	NA	NA	NA	NA	NA	NA	NA	NA	NA	NA	NA	NA	NA	NA	NA	NA	NA	NA	NA	NA	NA	0.15123	0.23722	NA	NA	NA	NA	NA	NA	NA	0.79107	NA	0.86582	7.94356	NA	NA	NA	NA	NA	NA	NA	NA	NA	NA	NA	NA	NA	0.60954	0.13626	NA	0.11325	0.20108	0.11776	NA	NA	NA	NA	NA	NA	NA	NA	NA	NA	NA	NA	NA	NA	NA	NA	NA	NA	NA	NA
CBM82	10.4134	14.61954	44.46232	11.07372	11.65765	28.41261	33.78538	12.83277	2.77587	0.04751	0.65668	0.31664	0.50131	37.01077	14.63928	16.04595	40.30788	55.18557	12.4595	24.33983	29.35794	11.23785	9.08143	28.23475	6.69455	24.78055	11.44257	5.93824	8.441	9.61567	24.38869	12.59616	5.5403	7.29897	26.54174	25.28013	13.8707	3.39615	5.8387	36.47215	14.97766	32.73552	52.81936	24.41165	27.13221	32.46743	25.34912	28.82385	0.76151	14.18282	8.48082	54.29201	2.05279	5.62621	3.64791	6.67629	33.38453	25.23207	0.19492	NA	5.93622	2.95812	NA	NA	19.39846	2.13962	1.33639	16.25766	NA	NA	10.96709	0.39455	30.17625	5.8611	3.46074	0.56031	5.51533	7.72424	4.46847	2.27614	9.62383	16.84133	12.73787	36.91238	13.50619	9.42895	7.78247	3.77663	7.64243	2.04821	1.01837	0.73276	1.75844	4.14149	7.2447	6.33293	0.72863	1.53215	1.71827	4.29199	9.43779	8.13914	5.61547	5.74715	8.53877	13.72396	3.73654	8.46426	1.59471	2.78794	7.15114	2.04035	8.56961	0.82902	29.96289	108.11571	70.67457	37.63545	9.87863	61.2084	68.79592	1.58397	6.58148	11.54957	9.97421	1.25426	7.37248	1.89674	12.85235	5.63493	5.90451	0.94119	54.29139	14.94298	0.75009	0.56497	4.31202	4.30449	2.22702	1.96669	40.09113	36.7507	2.97521	4.76178	4.49511	18.5064	19.22745	11.6295	29.31027	20.77683	32.19884	3.74551	2.27055	4.14531	3.24965	6.6664	2.93915	NA	7.06494	1.10508	16.99822	12.15289	2.84443	7.67148	8.31841	34.99574	44.70225	16.71129	17.04464	1.9424	18.3525	24.09031	2.6902	0.7343	22.80818	0.05642	NA	6.69876	9.98985	17.77541	0.90208	13.58528	20.19309	4.96157
CBM83	10.09582	18.00409	47.45146	16.91563	27.33965	30.81993	39.52633	13.53459	7.0983	2.04221	5.16787	1.79823	2.99053	41.9819	17.36705	18.96579	48.63826	66.27745	15.96777	15.55359	29.9995	18.62622	36.88996	35.22417	14.06589	26.58038	13.99268	16.68562	6.75791	11.1495	26.71199	16.35918	7.19948	10.03947	30.29036	28.64053	15.30139	5.13438	7.9102	41.35604	17.39567	34.50586	37.28365	31.52045	36.78521	38.94649	32.21684	38.55632	6.9583	27.45344	22.99085	72.24879	2.00149	7.42581	11.47176	13.04176	47.29228	38.77154	1.33706	8.8063	10.42542	4.18901	11.49684	12.28144	23.42069	4.60881	11.53069	19.33443	0.30479	0.14977	14.73023	4.64277	30.72806	11.59239	3.88902	2.12071	5.65366	5.83727	12.4502	1.96577	10.7362	17.76198	16.9594	42.86225	13.69319	9.53147	16.09551	6.29415	6.85724	2.22101	1.32591	1.43924	2.18621	2.89619	10.68575	2.90112	1.48563	2.99735	1.56429	5.1555	10.03029	11.19767	5.97066	14.45455	12.93315	16.57074	4.07405	17.83872	5.88311	4.47618	8.40274	2.91116	23.7834	2.14848	37.53449	122.20092	86.16456	42.14325	13.44279	66.85822	90.71365	4.78425	15.90789	16.97352	12.92621	1.85743	10.35887	11.38382	19.23145	13.68515	13.71666	3.82136	63.46522	20.57773	5.39708	2.55445	7.86596	7.12739	6.04142	6.82678	32.92795	39.33206	11.52594	10.52204	10.02372	39.49421	35.97863	21.31615	46.87639	24.10904	41.81943	9.62974	3.28967	10.40178	10.03386	8.28821	4.42249	0.06597	7.38233	5.21617	20.61802	18.35538	6.44849	15.72445	11.83878	41.57502	66.38142	19.61932	39.39419	11.66302	25.64578	27.13878	3.43117	1.93571	17.57917	4.56009	14.37462	10.7776	14.40204	21.85882	2.31673	20.23498	25.70267	4.56604
CBM85	NA	0.07415	NA	NA	NA	NA	NA	0.08511	NA	NA	0.12567	0.05127	NA	NA	NA	NA	NA	NA	NA	NA	NA	NA	NA	NA	NA	NA	NA	NA	NA	NA	NA	NA	NA	NA	NA	NA	NA	NA	NA	NA	NA	NA	NA	NA	NA	NA	NA	NA	NA	NA	NA	NA	NA	NA	NA	NA	NA	NA	NA	NA	NA	NA	NA	NA	NA	NA	NA	NA	NA	NA	NA	NA	NA	0.07388	NA	NA	NA	NA	NA	NA	NA	NA	NA	NA	NA	NA	NA	NA	NA	NA	NA	NA	NA	NA	NA	NA	NA	NA	0.64704	0.29921	0.03994	1.00271	NA	NA	NA	NA	NA	NA	NA	NA	NA	NA	0.17608	NA	NA	NA	NA	NA	0.08508	NA	NA	NA	NA	NA	NA	NA	NA	NA	NA	0.12079	0.09929	NA	NA	NA	NA	NA	NA	NA	NA	NA	NA	NA	NA	NA	NA	NA	NA	NA	NA	NA	NA	NA	NA	NA	NA	NA	NA	NA	NA	NA	NA	NA	NA	NA	NA	NA	NA	NA	NA	NA	NA	NA	NA	NA	NA	NA	NA	NA	NA	NA	NA	NA	NA	NA
CBM86	20.63238	1.37709	49.04233	8.55133	11.61843	NA	7.80764	17.35891	2.90113	15.48942	8.4222	8.31319	3.71553	0.12113	0.8831	NA	0.73018	15.38764	13.7378	21.67001	32.17581	16.14341	15.48446	30.19058	13.31128	26.76544	23.64756	17.56157	3.61524	2.39146	NA	NA	6.88007	9.87619	0.98715	1.02696	16.62849	5.63809	0.99631	0.59702	NA	NA	6.88048	15.41792	28.91167	31.62804	16.93226	50.97203	0.11945	100.14725	43.94474	19.80915	2.15126	3.74399	12.93247	13.20569	32.76513	6.39493	42.7265	99.40977	47.8696	50.07524	11.84445	12.82488	7.60741	15.14678	3.9465	6.34289	0.6074	12.7347	60.76294	4.05194	NA	1.18918	2.66643	0.76205	1.46843	0.8604	53.03198	9.78042	30.80913	36.35206	7.87006	11.95936	0.28793	0.5506	7.36339	5.54114	7.10347	0.76876	3.07682	0.81503	0.4663	0.17583	9.94527	4.53135	2.03813	3.00625	0.24901	NA	NA	0.11637	1.90275	5.53726	6.82299	10.42362	4.78822	20.67044	1.95975	13.84065	3.50678	2.55043	11.50959	0.32917	5.9595	98.10302	64.52729	1.18526	2.32909	58.49468	66.67771	0.80122	1.27903	2.6617	4.06627	1.26718	7.3125	12.58365	4.59461	5.96951	5.15726	0.26577	57.11117	21.73811	18.4466	10.47103	2.13048	2.48087	5.56491	2.10304	30.91453	38.68463	20.11989	20.02805	19.67609	5.06046	1.52424	0.14508	0.82847	17.29805	2.90164	17.01296	19.68109	7.71786	16.73697	7.83093	0.1138	NA	1.86426	8.27954	14.60074	18.58917	8.2552	11.45909	7.16493	31.18117	44.78543	26.03787	21.0252	0.57099	3.60738	0.3681	12.48295	9.19606	14.97069	1.98664	NA	2.84532	8.98215	10.52186	18.53871	19.03272	16.51725	8.93284
CBM9	57.99447	30.42794	66.67294	47.5455	49.8418	15.91533	13.39544	27.46478	21.26277	67.00272	26.00729	18.50075	12.84416	21.21623	10.72217	16.86209	20.25075	23.06612	32.52561	89.95616	55.46266	39.19044	53.22567	29.92591	55.19547	53.86747	51.21522	46.524	14.02549	6.82112	8.24742	7.29623	34.11552	34.2092	20.52784	26.94755	67.37983	38.85172	55.18243	50.88668	13.16115	13.17704	50.97341	44.77899	61.57949	52.03755	35.72478	93.68224	52.44342	105.66057	81.54547	32.08131	10.6997	12.75113	64.19035	37.04487	39.5295	14.37877	41.59605	96.74288	69.86385	62.70462	39.18733	40.09593	26.64086	31.31356	53.62287	43.1295	49.80859	94.72027	61.75653	66.97199	27.50703	37.57074	28.34733	44.1503	22.26389	26.41409	63.82597	19.08014	36.82716	49.51506	38.59652	61.50848	21.66541	25.74755	24.67313	13.69532	95.1034	13.84106	9.10925	19.57581	5.50907	12.49505	24.11609	31.44756	7.49892	11.12728	17.23192	14.28182	13.56875	11.33463	7.77002	7.31985	13.55174	11.36406	51.3405	69.35601	13.60212	24.42495	21.1622	13.25567	44.4781	11.59767	48.7091	110.61107	84.09325	20.55905	24.18778	86.73084	97.59774	36.30538	19.45892	11.94271	14.84842	9.29343	32.47293	25.37117	12.20016	43.00276	14.27222	20.49481	50.07166	20.43275	42.65448	49.53658	35.12804	37.89836	11.04754	7.07355	32.17144	41.50138	19.41997	34.07253	41.16314	28.07552	13.57551	11.90164	25.02864	24.31151	32.971	25.43447	34.69112	21.55117	22.60239	42.8861	11.56966	9.16015	13.1996	12.16709	18.04888	25.66104	20.75417	16.38943	29.00978	42.42296	48.72905	33.46931	28.76657	12.42175	42.09681	55.3261	15.69909	23.07409	34.97812	12.6158	70.65418	19.07246	19.20321	25.55586	22.74828	48.70202	34.88721	26.39751
CE1	1025.27091	926.15901	976.7082	662.70009	828.35406	1015.51036	751.45101	627.5191	586.25736	892.40269	852.99202	699.32077	903.67587	829.95966	671.2872	726.03226	870.9834	593.16745	1104.42065	979.75687	1045.80323	669.00407	785.59277	808.74306	877.73039	640.98701	658.13285	772.01406	740.47476	545.46641	884.48257	943.92869	1293.80954	1202.90557	874.94992	867.55289	988.77886	1090.14195	781.1209	651.05569	912.81542	854.01986	808.69814	786.33112	749.12884	556.51312	561.86458	775.79738	1158.05776	862.56417	1213.08955	1251.54386	696.85581	753.78287	1000.73803	997.07459	1007.17504	748.92225	583.6868	531.47077	956.23401	738.08427	738.28198	745.30075	955.98213	938.14127	559.74083	901.18024	455.31291	567.38918	604.83452	511.89194	963.111	979.39366	806.02969	872.98035	636.77641	646.43086	741.16502	645.93514	928.35214	932.02819	750.11713	814.57817	738.80345	538.37197	681.80775	517.85206	671.94102	495.48087	449.08152	485.52779	422.07115	521.39352	406.28444	401.53411	502.17976	564.50955	519.09406	678.71191	598.37246	525.68456	751.51608	867.30904	679.68049	699.27482	565.6545	816.77046	519.41415	761.13373	923.86706	828.20784	544.98982	549.31395	1073.47427	1019.95028	909.30299	637.61279	647.33531	1001.68502	919.92204	773.96175	637.65399	585.55101	751.86568	476.26722	579.68999	607.53753	671.5066	749.01047	627.13664	787.32857	702.08292	548.60392	871.80376	960.87307	788.44025	779.17398	736.06663	710.47077	708.77074	718.06974	663.44323	789.24717	768.68166	665.84691	591.25141	487.58991	669.28026	818.5086	1077.1039	1221.85686	848.22352	748.27407	1162.93774	641.31806	557.31559	596.38731	461.06122	521.20145	459.56661	1030.83214	1194.16165	663.69345	959.77756	639.72326	959.1013	502.5311	815.66104	872.97924	730.95475	714.27939	1017.57333	1085.04665	855.1036	948.94934	825.68216	990.72413	602.93876	601.64423	870.41399	686.68605	806.32997	1021.37172
CE11	135.81164	173.08841	315.12219	105.96402	130.22451	209.66153	120.97034	194.95492	128.62992	226.76225	123.35576	113.37113	148.31127	82.07019	57.21899	56.02674	73.63621	29.80508	124.81465	168.25555	328.10088	99.1585	76.8424	234.86974	113.79672	221.46766	97.21598	103.00397	158.16096	134.05235	155.82006	156.74103	196.67569	168.44007	171.08869	174.3678	175.87475	190.74667	164.24163	117.1546	140.14773	131.96166	99.27679	87.01169	154.60248	75.32354	104.45502	134.61102	205.81344	110.9122	183.13729	146.13785	169.51355	152.40959	197.9135	168.87882	149.63693	70.16369	61.51168	118.3911	143.42759	101.52886	105.89891	107.87776	222.86912	211.05017	111.02985	179.78847	73.65267	150.38975	61.63366	88.38939	151.88882	189.58582	154.13183	228.47876	109.9417	121.90752	94.66636	67.51718	109.08487	130.275	118.34534	110.37151	120.48006	86.86863	172.51402	144.48232	163.50827	89.96649	57.68258	100.27033	35.12201	130.71138	92.17085	95.65082	113.51157	94.42205	89.18924	113.23654	131.56318	100.50502	249.83206	205.69024	144.36171	153.17174	134.60078	107.55319	56.59794	98.96723	119.85038	301.66743	94.86529	86.2223	189.17603	92.34553	111.25661	99.31474	104.97039	158.21619	129.54545	162.86747	112.23761	71.7726	79.65088	69.35022	79.72426	66.84353	84.33485	257.36729	139.6866	300.27778	34.1229	42.02801	236.48526	295.45543	190.11856	182.43416	153.67501	126.18178	65.46504	43.96757	98.08827	110.17856	95.51862	119.46175	93.75658	106.69932	122.06121	150.91237	221.6092	187.07566	151.24414	138.75689	183.57943	126.2829	102.70934	119.94639	58.05513	97.63235	54.85519	166.52473	218.36155	99.40306	203.31013	130.98548	139.58187	57.85831	157.81798	319.75893	122.82408	102.76978	480.74865	372.95512	236.65877	326.29069	146.21961	298.99453	116.32993	115.42913	267.91215	116.03556	129.70812	233.79173
CE12	206.72829	309.62864	321.31283	143.9719	163.00324	385.60511	207.06598	189.60576	139.42866	438.49224	271.45323	285.58892	299.62597	149.59156	186.69463	194.7743	231.55858	140.73718	213.4728	344.72451	220.35821	149.03814	278.59603	140.20428	290.51763	108.64444	124.59738	198.26731	248.55268	187.8146	186.91852	213.04044	244.6183	193.52079	278.73914	303.53453	362.98597	309.89056	211.23585	214.37828	256.33479	228.56621	199.48566	158.74859	162.3214	102.18285	74.96156	172.48648	263.19707	192.22792	362.20956	316.61425	240.99361	205.95888	532.06582	345.56436	238.03888	216.65433	147.81914	103.45565	321.26901	167.92082	220.15711	228.18305	203.66691	237.23652	75.71881	191.04914	54.1245	74.09422	148.92216	95.15381	386.33169	394.51449	168.60419	359.12832	161.69747	118.07514	216.80065	199.96394	240.48591	283.68194	314.84263	191.08098	110.08408	81.47964	170.23626	87.95227	267.08664	117.66702	80.26573	148.08436	52.60381	97.18793	68.82734	88.08552	145.18795	120.29314	106.61908	181.01068	136.31557	168.09982	139.48553	132.37321	113.30809	108.55391	201.52314	229.67966	101.15651	310.29141	391.16048	278.60484	105.77947	165.17464	233.78923	174.0775	153.67198	164.23446	170.20937	230.58552	141.34246	253.2231	221.01889	173.65419	332.53983	73.79318	159.7056	136.22904	133.18002	300.4578	91.4677	302.09434	76.11167	81.34511	241.2078	222.2256	202.90216	206.20708	99.78625	136.09812	75.68234	82.14443	149.52177	285.28703	270.71605	167.56472	124.45611	109.96817	154.2531	201.1259	289.51895	294.29591	186.59286	226.39578	296.08497	266.35729	112.12782	148.94214	118.62313	84.0187	53.86853	130.27774	115.38775	163.46667	194.03283	117.59607	170.9785	69.59381	184.51779	329.76385	190.80106	176.87776	263.36343	230.06417	436.69748	309.69015	289.54248	478.89329	98.45202	88.17066	523.49097	148.60354	156.17544	281.63886
CE13	0.43518	0.31979	NA	1.60156	0.83361	NA	0.09996	0.24264	0.04798	0.28042	0.13745	0.45271	0.19498	0.30976	0.68915	2.09466	0.82172	0.06754	0.33966	0.21938	NA	1.03228	0.48423	0.02739	0.14198	NA	0.10294	0.17037	0.2692	0.30422	0.19994	0.06939	0.08901	0.30581	NA	0.08724	0.16617	0.22279	NA	NA	NA	NA	0.11799	0.12698	0.11757	0.04697	0.22037	0.02597	0.15022	0.0716	0.1112	0.06934	0.59944	0.35459	0.09951	0.24386	0.74109	NA	NA	NA	0.18632	1.27168	NA	NA	0.10858	0.54878	NA	0.48226	0.1032	NA	0.65783	0.01914	0.22275	0.20208	1.04427	0.38555	0.10122	0.43483	0.02969	NA	0.05895	NA	0.13613	0.08459	0.42119	0.52939	0.13494	0.3708	NA	0.17371	0.1349	0.07149	0.42351	1.54442	0.18846	0.34252	0.50497	0.75319	0.05405	NA	1.0334	0.22702	0.16623	0.29505	0.11375	0.70336	NA	NA	0.41513	3.9958	1.73138	NA	0.12821	0.33582	0.12581	0.23464	0.11953	0.03181	0.10325	0.05794	0.31888	0.26479	5.56627	0.28895	3.04161	0.05296	0.27179	1.17864	0.08987	0.15245	0.67355	0.02872	4.73238	2.03661	0.12157	0.06553	0.07875	0.0558	0.49206	0.5616	0.70198	1.81074	0.14317	4.79905	3.56161	0.90278	0.3761	0.5423	0.73258	0.23065	0.02735	1.04918	0.49949	0.12233	1.2388	0.2861	0.46646	NA	0.69724	0.05358	0.02192	0.01977	0.01977	NA	0.28415	0.50767	0.31563	0.35367	0.24216	0.04541	NA	NA	0.2597	0.15372	0.34402	0.06751	0.27101	0.09942	NA	0.06973	NA	0.06335	0.04209	0.28277
CE14	5.48446	3.84292	8.32029	8.2943	11.05102	1.72681	2.47351	23.60974	14.86571	12.17177	6.64807	10.82703	19.22396	10.97983	14.37404	12.47788	10.05193	5.58654	4.41695	7.96859	19.24905	8.83225	30.56092	10.55794	7.27963	4.64169	2.6098	12.21602	28.21991	25.32741	5.04494	5.24697	3.47828	4.29886	34.73104	32.26971	1.71542	4.61319	2.4799	1.77354	10.57798	9.78509	5.04188	2.86154	4.75692	41.1505	36.4345	2.03116	7.23276	1.64871	3.64139	7.78481	14.55471	16.98016	3.20643	4.79953	4.37808	9.97919	3.96545	9.28462	1.34416	2.50535	8.82628	9.19818	3.31901	5.66458	29.63996	3.65837	22.39871	30.66038	4.10928	18.37846	2.37109	2.29245	4.97006	2.78053	7.21856	5.20151	2.85008	9.02573	2.88024	9.69121	4.3861	4.01158	14.62728	20.66469	16.20785	32.73634	13.83586	36.6384	18.098	32.94211	20.88478	10.62369	68.86511	75.79128	40.20947	32.8078	34.96963	23.7814	36.02193	25.24463	6.83666	3.30354	8.86568	12.89038	59.09969	1.17071	29.1442	13.78896	6.00194	8.74108	17.92126	23.92837	3.63215	1.11425	2.75425	20.32892	12.08147	5.68191	5.99537	18.44327	22.70057	15.51884	17.85442	45.8866	13.1303	15.5123	22.74223	16.82136	21.50494	6.45621	23.91839	28.74534	6.58408	4.26324	13.78184	9.39336	38.51879	39.10417	25.79218	26.76106	16.89647	13.20795	8.77804	9.68587	15.50479	10.58186	5.22597	6.18871	0.60929	3.73331	9.07313	3.32368	3.88908	12.44256	23.0841	30.0121	12.10984	32.3186	28.36954	13.34873	5.34009	13.38664	9.58662	9.48406	5.24028	7.2484	3.86821	3.8105	4.74747	1.81447	4.47327	4.75393	4.68841	4.43452	7.82046	6.56072	53.14578	49.92573	8.76808	11.44833	16.71554	2.48753
CE15	23.13191	21.10386	31.73993	31.38399	50.18192	6.17985	10.84387	33.42163	34.48333	107.81649	31.83494	47.22129	36.62926	49.24598	56.8894	57.89224	53.73162	15.54834	20.38904	11.37208	62.66854	24.94819	20.64349	31.03916	44.17886	16.03918	24.12182	26.48057	26.40742	9.93005	22.92745	11.77038	35.86629	30.88639	74.29979	72.67997	65.06585	60.16044	31.02981	27.94242	69.32185	58.16997	36.49076	47.83606	36.25799	38.81437	26.69466	43.1135	44.9748	30.16338	50.56397	47.90534	13.22478	18.73784	88.60324	70.92907	33.55704	17.80507	13.57977	4.74421	60.41248	69.17474	8.49761	8.20203	16.23951	22.42451	9.33604	17.62925	19.68201	40.91194	36.86984	14.19108	16.1187	11.91946	39.51686	36.02363	15.11097	10.93355	40.47057	55.19045	22.05686	23.29979	30.50922	16.0519	27.7343	23.89072	28.42165	29.54201	76.88828	33.84504	67.07013	48.22362	49.11735	34.87279	18.2124	16.06601	29.45338	32.29168	37.07696	33.46011	34.88973	20.34423	27.44059	15.9942	20.02425	22.93309	15.24554	6.08256	12.3686	6.30356	7.06918	19.02191	20.34551	27.70364	27.52075	18.74381	12.43913	33.9165	28.76373	3.62738	14.88853	31.77467	49.54002	27.54116	20.4162	29.76834	46.75571	45.4943	41.62176	19.4563	22.45733	21.87895	35.7787	29.43281	15.08684	9.44601	14.77663	16.0166	37.40763	40.91343	23.69664	26.22314	15.8021	6.02466	4.47271	24.11987	19.00932	13.54881	21.12329	11.01165	3.13363	58.94378	38.77598	34.53969	57.90077	21.87247	18.21012	23.27191	10.71244	28.23397	26.04846	38.25399	19.25788	29.46726	23.06143	11.16586	16.07341	18.9188	8.76951	19.52507	21.50238	26.27756	16.0008	19.29337	33.05398	26.769	46.69038	25.20254	20.22034	26.70074	14.86851	30.30315	28.20387	19.78111
CE17	46.30402	16.57647	4.0475	59.77387	48.54351	18.24155	6.90257	25.91583	22.77934	22.14958	55.70998	46.56706	25.48812	32.48747	37.20865	41.9053	55.01218	15.70525	35.74892	51.56974	3.28394	40.55553	82.02649	9.51399	51.5351	31.47914	53.85203	60.1613	16.17487	35.03325	28.29355	32.41061	28.93913	38.3817	32.65471	30.01988	30.97541	31.46949	49.52405	51.17449	18.56368	21.88291	99.02101	70.74961	30.88459	28.69404	14.70109	46.03394	26.5202	76.41901	44.94779	20.86002	21.94768	20.72651	20.22307	16.31302	69.47075	71.85912	56.84852	105.48936	52.36135	69.66881	47.9662	50.30776	35.14731	26.10778	97.74709	48.46921	8.44135	49.22533	84.59325	61.79483	70.22238	24.20653	40.33188	29.17683	30.97006	35.54455	66.78392	24.63872	16.24856	35.26477	69.38632	45.96272	24.70935	44.19997	47.33883	24.62213	71.4623	8.57145	8.00793	8.48693	12.27705	26.13496	11.30056	23.39976	5.95878	18.9213	10.41194	41.70319	10.73688	49.5032	7.89463	15.40019	41.3586	29.97684	45.62096	56.09676	52.97055	64.21168	37.88331	11.04779	47.10656	15.08566	36.59197	17.51666	20.55878	14.82966	17.833	14.98567	15.55161	30.02722	34.21532	15.00422	24.27972	9.42621	37.00748	49.91261	13.1433	18.89498	24.98363	18.59053	25.22856	13.3616	33.23825	21.7788	25.36947	27.68525	13.73489	9.24703	28.98923	30.08817	53.32709	48.5764	64.20235	27.8769	18.843	20.53427	27.6408	13.08028	32.38754	23.73599	32.73268	19.6324	18.57276	25.87698	54.89131	39.96788	29.80243	48.25758	5.13775	10.25878	15.67988	13.87398	4.65047	16.76059	36.90317	17.19606	14.75699	6.08043	40.9559	66.15661	38.29585	37.47753	39.63772	21.62331	60.22034	17.91311	10.31023	9.50859	43.76017	37.77039	20.91298	27.23958
CE2	110.48704	49.28923	15.49415	91.87824	111.90331	160.38431	92.61577	78.79825	74.30515	71.78258	96.25051	114.7962	66.67862	89.59465	95.38941	106.90789	116.75108	56.48928	99.23607	98.03704	14.80192	74.03852	194.27437	28.77965	149.7207	70.52557	103.57743	143.10112	95.86307	94.33839	134.00891	165.86089	69.4633	83.7916	77.42554	72.83626	86.76862	93.63694	76.91079	74.86995	95.2133	84.97923	138.9564	111.71388	76.63059	70.49412	40.45978	93.85739	49.5429	152.79913	97.92455	62.99801	88.5303	79.02939	45.20418	37.09995	110.26507	120.59869	76.26189	146.54525	70.0669	88.62486	121.85372	128.7139	52.9661	51.37493	138.65194	67.65235	26.17109	51.6608	196.76695	83.49105	100.31917	50.89617	91.33703	90.56955	76.88383	70.43887	155.13837	90.23052	38.07175	82.5573	123.74262	100.84521	78.52468	138.9508	96.01074	77.16615	119.05629	45.92618	87.98859	47.88801	64.64301	101.11661	41.96778	59.59297	38.85741	72.26397	55.8273	148.83475	73.94207	112.06469	111.94258	104.97408	107.98102	97.23613	93.48076	122.45399	95.82411	142.35568	89.04897	227.19922	65.63893	39.33429	69.17116	28.09274	36.58732	37.51188	45.46701	35.99188	30.29421	61.76192	96.05272	47.09177	59.04133	47.52966	86.64203	103.87005	54.00524	63.18241	78.95225	206.32638	69.52515	56.52085	177.10594	200.05698	91.47462	91.77332	67.83488	66.59064	67.01483	69.48522	104.17938	100.01596	135.48306	49.25139	49.29575	47.09149	58.37897	106.15095	175.83759	80.37332	97.04928	69.89353	68.93627	79.3304	89.38698	89.96817	64.62394	75.18168	39.51335	65.70393	65.26149	79.94285	35.22103	62.50679	72.23112	55.72245	133.1066	219.47522	66.91984	92.26429	76.26337	75.6651	190.97722	149.14978	116.88432	187.32584	33.08741	25.81732	245.28763	81.56326	52.39153	46.97012
CE3	0.08118	2.12921	2.03861	3.62962	3.75066	46.77663	20.73766	3.06758	0.20183	0.77564	7.27421	4.53402	2.16469	5.52188	6.74561	6.83407	3.20051	0.53701	2.5652	0.24113	1.17478	2.62312	16.9179	0.45024	8.6566	0.40798	5.11618	5.38261	1.60148	0.95866	6.57344	7.78831	2.24881	2.83726	4.27998	7.06203	3.88179	4.72243	2.35268	1.09572	4.29904	4.47666	10.66874	13.35029	0.76686	2.90053	0.3637	0.42111	NA	NA	0.00666	0.07935	1.23958	2.36011	3.04901	4.74181	1.58346	0.71053	NA	0.01975	2.24574	1.90015	4.05373	3.85202	144.13834	130.40889	2.41926	111.02359	NA	NA	0.62697	4.4166	3.21644	0.25545	0.55005	3.53587	0.6719	0.56534	2.59809	3.48779	0.96897	2.27221	2.7514	2.99423	3.6295	1.94767	3.1252	1.75855	9.72814	2.87348	1.09334	2.02017	0.63454	1.11093	1.77282	1.62408	0.52257	0.88644	0.36267	2.4504	0.63757	2.92547	5.3415	10.18755	3.91868	2.92278	1.94503	0.32441	0.48328	8.6789	6.44122	6.01576	1.90798	3.13584	1.58873	NA	NA	4.47323	2.90184	NA	NA	2.49347	2.38944	4.12435	4.2223	1.25423	1.50202	1.22114	NA	4.04363	4.90352	8.76704	0.85149	1.10771	4.48318	5.05541	3.92197	4.96103	0.76216	1.37136	1.46172	0.91992	1.1387	0.04844	5.86915	2.10705	1.96847	2.48868	1.88104	26.06417	33.27168	4.46281	7.55722	1.38345	4.37485	12.13785	6.7351	13.04222	6.33418	4.63479	1.24655	1.26001	2.45265	1.68895	3.1082	2.8732	4.22578	2.1912	1.77543	1.90271	1.02011	0.85173	3.70969	3.57181	3.29772	0.58769	9.37779	1.99404	0.61464	0.43879	1.93448	0.58325	2.5413	175.82041
CE4	962.51883	946.79087	905.54134	1322.9443	1240.21895	728.64831	819.27846	1062.17043	957.92281	981.97206	1014.37031	1094.31128	1014.75218	1185.69499	1170.36058	1253.58577	1161.79289	1017.09008	861.91121	926.10756	821.00977	1389.5389	1186.17798	853.71393	1080.5121	931.0369	1086.88809	1098.14606	945.97319	1078.1788	1103.83409	1068.02247	817.97446	864.71588	1018.48927	1005.63739	922.02607	924.01063	960.32734	1020.38456	1048.28885	1033.02957	1094.65798	1073.32722	996.48745	1214.39467	1054.6445	1021.12751	771.77172	1082.04534	1039.89994	960.49131	920.31655	864.8989	952.02407	858.02044	1079.30551	1135.01878	1076.73223	1049.45647	1049.31781	1005.00288	980.67129	1005.06592	740.39437	802.1298	1045.53136	895.94012	788.63374	856.45468	1096.05532	994.81774	1057.46266	898.0201	846.85472	721.65073	876.66891	827.66956	1286.67377	1311.07902	796.3912	908.31446	1015.3988	947.23183	933.46163	1184.88452	1268.85909	1091.51351	1029.13887	1166.28445	1208.29451	1203.63859	1236.66374	1133.65585	1029.74541	1061.62152	1169.11534	1164.40187	1172.69265	1225.56814	1146.50632	1215.12737	782.95337	772.97754	920.75649	978.06936	1008.00426	916.0104	1159.14221	1164.96993	1165.02624	669.75429	1030.69436	1048.25858	803.29224	864.79692	878.66508	1057.40398	985.99007	823.14203	888.21525	986.24126	1247.55808	1193.82059	1169.56164	1081.32294	1107.57307	1115.05059	1165.86942	1087.77479	1181.47281	784.98327	1301.14999	1269.40413	851.42489	763.56904	1020.7393	1002.85699	1136.98004	1056.86774	1143.4382	1240.85653	1106.89265	1163.41458	1179.94933	1038.28457	1053.87658	1060.98803	1005.71545	927.22876	632.83527	903.07521	910.34479	1063.17884	899.86793	906.02385	978.99235	887.90816	1182.0463	963.59932	1159.33021	904.56338	729.64829	1244.40985	859.55373	998.33729	987.21687	1063.57189	812.69611	698.08132	1039.92103	1045.27439	999.71758	902.93598	880.7095	872.3276	978.40632	870.02117	1092.19517	1070.31706	898.1448	983.19502	974.07212	635.42222
CE5	NA	NA	NA	NA	NA	NA	NA	NA	NA	NA	NA	NA	NA	NA	NA	0.51145	NA	NA	NA	0.02868	NA	NA	NA	NA	NA	NA	NA	NA	NA	NA	NA	NA	NA	NA	NA	NA	NA	NA	NA	NA	NA	NA	NA	NA	NA	NA	NA	NA	0.02047	NA	NA	NA	NA	NA	NA	0.49756	0.1607	0.34292	NA	NA	NA	NA	NA	NA	NA	NA	NA	NA	NA	0.10625	5.30327	NA	NA	NA	NA	NA	NA	0.13558	NA	NA	NA	0.03143	NA	NA	NA	0.04744	NA	NA	NA	NA	NA	NA	NA	NA	NA	NA	NA	NA	NA	0.08382	NA	NA	NA	0.0492	NA	NA	NA	0.24904	0.30748	NA	NA	NA	NA	NA	NA	NA	NA	NA	NA	NA	NA	NA	2.11255	NA	NA	NA	NA	NA	NA	NA	NA	NA	NA	NA	NA	NA	NA	NA	NA	NA	NA	NA	NA	NA	NA	NA	NA	NA	NA	NA	NA	NA	NA	NA	NA	NA	NA	NA	NA	NA	0.02579	NA	NA	NA	NA	NA	NA	NA	0.02825	NA	NA	NA	NA	NA	NA	NA	NA	NA	NA	NA	NA	NA	NA	NA
CE6	48.55008	33.42108	32.94219	4.19952	2.92232	124.38093	51.89576	5.00184	15.41737	23.39484	13.13736	8.46308	12.21323	11.20782	14.86841	15.62147	18.51775	7.99166	51.42013	28.06148	19.34024	4.89217	23.45174	28.87671	53.37132	34.26736	25.55822	34.96937	46.54948	34.24235	100.63252	105.03434	8.56327	5.50341	41.76219	37.21581	36.86824	24.02853	46.14299	31.76216	30.73744	26.40328	34.38702	34.54834	12.34335	5.96879	9.22439	8.94005	63.07421	23.11628	26.90851	75.05679	53.83514	44.83414	50.27176	30.13529	13.671	7.03047	5.81245	2.79405	18.94813	9.97405	3.38995	2.4683	18.227	13.84612	6.46059	21.04779	4.45573	11.72079	11.70756	2.59142	31.23128	34.48241	43.81883	72.79193	44.07026	25.92597	12.39427	11.81155	5.82897	7.31027	15.78211	14.72316	42.91034	13.30666	8.03008	2.98731	6.33999	6.64803	4.92291	13.56138	6.20294	29.65209	4.87309	5.96045	4.53872	9.84134	11.49659	44.7491	20.23861	25.90093	118.72789	113.49103	76.25449	77.45397	2.01248	16.05627	4.81573	73.98162	75.38668	177.84763	21.88171	15.09131	30.10948	41.12229	46.48819	16.74048	28.27624	63.58736	46.83696	14.62867	7.96454	6.82568	5.79337	4.59142	3.91401	3.80024	12.15789	11.15623	5.22772	142.23245	8.56447	10.89808	99.32178	179.00314	44.98801	49.13247	19.90717	15.05719	20.56251	19.87636	12.11109	70.02463	69.80153	5.59934	6.1715	3.57982	4.90351	56.13682	117.29564	35.34536	14.76527	17.92746	36.56181	5.20951	18.14232	18.58663	5.35246	35.8104	10.38856	137.27191	184.1576	37.36498	20.81476	8.27412	13.01969	2.87052	91.97067	176.39237	48.19412	55.64637	24.65151	42.81178	129.57995	111.96411	13.78956	138.86797	8.77178	11.02627	155.68188	8.89732	12.35721	17.29149
CE7	65.62408	103.88467	109.20885	29.70321	36.85672	151.95686	86.12376	47.72318	37.66275	158.91194	72.38024	48.88246	85.38845	42.71559	32.82794	45.26353	47.78511	14.56986	82.62115	106.93308	111.05315	29.0887	42.67956	73.91589	95.93299	49.72516	26.03732	70.62151	120.44707	85.71114	122.49206	140.4666	195.35973	170.40646	111.37502	113.7121	147.43834	183.13148	64.56836	46.96292	120.75769	125.63448	62.92661	71.70648	55.74789	21.83742	38.31754	41.34093	223.87719	101.8625	165.17023	147.56292	97.81001	100.68276	199.31639	150.88691	109.32724	46.11813	12.26665	9.26918	96.63124	68.91005	9.93907	9.19877	170.75572	154.94613	4.9812	143.32789	25.84876	14.08522	29.5925	27.04211	87.27834	116.0937	75.10794	162.33436	80.71846	50.2178	59.64851	37.96111	93.64091	114.33868	57.25982	61.10646	36.4754	31.94503	48.3483	45.38058	82.99399	44.69391	43.33089	63.52158	28.8935	34.7011	47.97872	43.70143	54.41639	53.44705	40.70047	89.28692	62.24578	45.13116	100.25014	97.55348	78.88095	78.32602	77.77261	55.09671	32.16977	92.96565	102.39929	324.9375	35.04537	47.99109	117.12187	101.82189	97.79675	48.41524	43.55973	136.37036	100.40916	76.29848	32.24188	41.37498	21.80911	36.50645	42.78224	42.00189	68.376	86.15655	39.53455	281.49621	24.39334	42.49807	207.31794	297.32608	111.87264	118.87735	86.73459	85.71092	41.58047	36.00336	48.18218	84.9552	84.78924	49.34267	33.88514	31.42462	31.52711	92.38356	128.85068	143.95892	71.14041	79.85722	140.3341	47.01737	74.61766	82.94612	25.36023	71.53206	21.45736	145.24531	189.66888	57.0224	121.59986	35.22764	57.63135	16.28197	182.85731	345.88596	49.22496	37.96736	103.49478	121.75407	207.21083	172.14258	102.43587	229.15364	42.77833	45.27938	225.61472	53.96631	55.6485	193.8461
CE8	307.25981	440.04444	354.58465	181.43252	224.1053	494.5402	306.51921	235.29073	224.56791	601.57147	473.09473	446.72493	505.47624	191.46257	240.36289	221.49879	270.53236	161.70941	308.75876	488.73246	266.4024	197.20659	372.24377	150.18269	358.48777	120.42622	221.63249	283.26541	244.33402	172.94398	277.77629	343.83419	314.58235	271.5144	387.6146	397.06715	472.1517	385.48761	178.85549	173.70423	285.23902	259.08213	278.13009	228.64258	231.00939	162.76027	109.04895	245.20048	374.06238	262.82387	457.45192	360.29505	237.68816	256.18295	605.3103	405.26166	381.78539	281.43999	167.0381	110.24315	378.29247	245.85988	223.69041	232.37526	566.39153	569.42586	110.96381	506.60994	50.37815	65.23342	251.67841	96.94379	483.28308	531.8051	302.46749	406.96048	199.3012	172.88054	289.87458	208.61741	496.73095	545.52214	405.25984	301.18961	167.71551	97.92473	215.1655	118.39347	315.47191	136.82253	104.67542	162.77234	71.38223	130.93273	106.10357	140.37245	140.71667	152.57475	157.68111	256.3662	212.28024	212.79392	245.15637	246.69056	182.69193	198.994	277.30604	383.49472	169.43389	404.549	523.43673	456.42888	127.14404	214.9784	362.6744	216.95705	199.69779	190.43971	156.69846	257.22682	162.75702	300.83207	236.10915	194.89338	383.16631	118.1037	185.7506	169.31257	156.19882	335.01043	148.14495	445.15672	91.54959	108.72527	377.04271	397.24293	276.9758	277.21596	152.49478	151.9327	120.76452	126.3618	206.31162	347.92046	352.4194	272.37383	207.67683	163.56978	210.98665	290.63018	402.28891	335.23034	252.32026	257.92172	333.05493	352.12783	166.67315	225.95002	180.53493	142.54907	89.47866	223.1705	254.07258	238.39279	216.48628	166.68242	239.65096	110.59139	327.1846	528.20882	148.23705	147.45998	293.02704	253.52521	405.83274	360.55236	328.91212	415.98563	143.30735	135.39463	409.25576	230.80031	254.59651	716.31195
CE9	644.81236	676.47497	877.17491	575.08296	613.16571	460.61625	539.53303	618.20303	615.27873	854.65957	531.15007	481.75434	469.81903	689.79572	639.74642	655.37745	625.05156	656.66312	562.52501	857.19263	809.61297	540.31528	610.60844	642.91333	566.46629	704.28234	535.23432	505.70184	480.34011	517.53041	625.98297	531.1895	664.67511	680.95406	666.60969	684.55363	863.34971	743.34112	814.4369	752.89685	591.71196	561.57796	644.777	803.8748	703.79253	662.91603	610.77171	785.37559	705.14593	690.76728	662.78283	569.86117	532.57026	484.01442	750.73819	708.07287	584.52881	539.23289	637.46778	787.37873	692.47688	744.36429	607.94593	611.29501	444.49066	435.46654	603.0154	489.03864	617.19822	685.96095	696.86966	677.30712	653.30445	709.36765	590.4154	650.91662	636.74474	631.19767	612.189	622.55529	639.07413	610.20258	525.38718	591.96953	696.71586	701.97507	504.58611	458.24691	609.55874	646.80297	582.4022	586.01486	646.90672	675.35598	560.56715	575.96281	636.4142	559.10187	665.16116	597.59311	664.50695	582.21635	522.46097	638.19879	605.75344	661.07031	611.24659	807.17472	635.391	615.99586	620.46675	450.34607	539.28621	522.05698	591.93826	739.26179	759.68813	662.01334	590.3313	757.75666	770.36951	565.89319	502.73432	636.24761	570.02619	631.39601	602.79672	545.21076	633.2972	618.61928	497.84637	441.95584	698.02001	589.69282	590.19801	665.50059	604.65741	605.17583	566.37329	518.46354	604.7836	597.94939	590.21593	739.16258	636.38824	583.37958	584.22745	561.32268	532.42037	458.04962	477.67075	617.37384	664.84457	775.16818	620.45651	601.71504	418.52883	477.85093	425.05249	493.55192	571.80997	547.03063	630.69529	543.58136	632.81398	634.357	652.53053	725.84847	612.63623	429.0972	759.42447	764.84081	537.47005	558.46076	667.02863	1036.79032	817.84149	805.67913	559.37764	533.72442	602.00054	651.3055	522.20504	478.13105
GH1	469.11773	498.50235	415.28321	495.42808	483.78865	417.18909	445.86496	314.4477	416.10416	271.74256	405.00817	376.92291	353.74911	421.43745	587.55978	689.98888	591.83509	485.06376	509.1052	624.20136	446.76893	488.59772	388.67571	359.38882	296.32062	525.78573	365.09479	344.79461	306.38542	401.20458	438.95085	452.81874	339.41363	413.17854	439.67026	428.31849	465.88122	431.94241	1074.39183	1040.58682	304.7119	243.01366	416.21018	556.93418	420.09124	376.05715	315.78062	655.96924	489.24365	399.33468	329.99146	394.53772	408.2403	424.79384	351.75716	530.04644	425.83522	625.45031	377.04901	489.3266	557.93158	751.86124	308.97474	298.84855	300.01453	290.88584	323.26806	356.63409	286.83936	467.08369	672.91689	513.52949	420.50468	415.75168	465.64563	354.05247	652.19088	601.75127	374.4646	403.9671	726.45188	441.07513	285.94056	309.88392	440.44798	389.20116	339.74499	359.39438	356.91463	307.36833	459.40345	278.86741	464.59025	232.03396	164.56323	191.56639	374.80065	365.56227	380.56008	314.28996	467.70939	376.28266	405.70269	787.86997	484.19294	443.07084	219.55921	599.36695	449.4114	413.3415	393.02313	306.15671	416.40765	335.29322	232.88289	533.84069	500.29564	499.85715	468.17067	330.1961	433.09914	295.78158	401.05753	519.99013	476.62709	302.55313	517.49403	419.50574	454.25362	329.57668	338.9658	222.55288	453.52355	344.77649	267.48423	237.79615	364.26253	363.66225	389.61888	370.98411	384.48124	391.76066	463.52006	514.39074	425.7912	356.88823	401.27499	274.30829	334.77431	427.05947	375.3187	394.89847	450.8664	500.13253	404.04877	316.55406	289.37148	434.89295	366.46239	434.5075	268.01382	302.40453	345.73791	327.47241	341.25454	363.65332	421.3332	571.02952	726.26634	236.26741	903.49305	1316.11118	399.37563	467.95486	382.39817	743.75868	577.46121	389.89354	347.41868	386.12961	384.52388	435.68436	357.17936	287.79678
GH10	218.55319	188.09513	141.06866	209.20695	269.5947	338.08982	172.04711	146.47978	83.5153	165.62105	164.35067	167.71712	189.43044	139.31031	150.65748	160.72543	177.12586	93.32094	174.90992	104.4988	124.26308	206.35294	189.01496	110.16434	236.73321	98.20609	247.74241	189.32302	233.60079	184.17411	347.45939	373.0898	139.44116	130.70719	214.8646	195.38088	192.85047	186.491	125.89272	112.65681	174.3866	159.70559	195.10938	198.86852	263.77638	152.00882	82.0465	159.17144	151.3813	194.14586	243.32464	198.24966	280.81855	209.5992	186.14054	136.54824	103.39804	192.12342	265.92831	105.85944	246.34588	146.23397	190.09525	187.93889	79.39611	103.94977	93.85649	110.7903	22.35919	69.25953	158.21451	166.56852	124.20522	168.629	285.49003	297.9531	176.79302	106.92804	189.76549	178.40184	148.97974	202.78919	140.2449	149.47078	117.2817	87.65577	170.77623	126.66046	254.47133	108.92013	129.75454	92.04349	71.706	88.95125	88.632	109.40703	54.02882	89.21155	94.66467	277.44319	116.99958	110.69784	353.29375	329.36755	211.94956	214.72402	136.04428	98.32839	161.765	248.2983	224.86154	530.68536	103.23927	70.809	161.27838	253.32297	224.59623	61.04149	71.15601	271.43065	226.6672	101.86699	153.0505	48.1141	66.68745	84.60034	128.05078	121.44715	52.29266	132.91095	154.86634	455.04552	124.13061	110.3174	419.50486	494.29928	208.7738	220.03958	81.90298	96.79834	110.25047	135.55483	95.31085	201.58372	241.5301	69.42139	61.66429	47.86443	56.05985	201.5975	333.32653	348.67325	178.52776	308.87199	329.48359	188.11963	178.49986	141.54958	108.99212	212.45249	61.28276	507.01796	575.95352	166.20827	126.23693	81.00878	128.26592	84.42186	311.34191	533.73545	116.80363	139.07833	96.10877	147.97722	404.2632	341.41607	161.63713	419.85965	93.60869	65.45224	543.75739	89.45103	150.12896	49.06782
GH101	11.71982	22.44527	39.51936	5.90848	6.45535	3.45335	4.65203	4.6866	3.37601	12.4374	6.7268	7.26203	5.94819	15.74447	23.6136	17.73342	14.2803	7.26825	5.75597	26.12325	103.04368	8.35778	7.46425	4.33035	2.68405	28.99134	2.20372	5.1973	3.67854	4.90781	33.80176	7.50879	7.70197	7.82238	71.37595	76.37785	31.45431	16.33282	13.73406	14.07373	39.37667	33.59184	2.07838	4.95371	8.77925	5.07433	12.64216	9.33717	19.55294	6.87629	6.30049	2.75142	3.50929	2.84053	19.79739	21.71941	8.23306	10.82733	33.87767	40.88367	9.40885	14.06058	22.67437	22.98	8.57255	2.59999	33.72425	5.60597	0.52983	6.48362	23.60209	27.49956	18.07603	15.20651	15.33375	6.46439	24.47146	16.49556	3.21689	4.10787	12.89392	9.62657	4.32361	2.64806	22.79689	18.63533	6.02279	3.28175	5.40945	24.82207	9.19481	24.09183	41.97713	4.66612	2.71265	6.10528	22.47588	8.19975	5.07101	3.84265	8.29506	4.53832	1.10169	0.9315	1.79939	2.3009	3.60973	14.02303	8.89471	0.49946	0.75153	15.52473	8.36806	8.74181	4.60019	12.72944	13.27106	16.77217	8.56207	9.58411	3.90549	9.3809	10.7268	20.80519	15.85615	37.44227	16.89018	6.03624	7.61135	10.2222	9.74592	8.76658	8.44681	7.74431	3.27716	4.16302	9.05495	9.09557	11.33541	8.60866	5.52834	12.44418	5.89439	1.52759	1.75634	7.72612	6.08924	6.11275	9.25457	2.16397	5.2139	3.84286	6.88893	26.92577	4.26593	3.13866	8.66613	11.8739	6.89367	3.30562	12.27665	2.31069	7.27364	15.81906	37.0519	7.54009	45.63504	11.15254	23.74742	14.93872	12.49959	7.74558	15.57081	6.21421	31.33584	19.49457	40.70816	18.98081	8.91727	10.11896	10.60415	9.25364	7.43985	5.05032
GH102	16.68408	18.05307	17.45854	8.31569	7.11816	3.2991	2.60738	8.05001	4.88497	6.39586	18.69598	10.14092	21.09057	9.65232	20.39593	14.79093	22.00324	9.93867	18.55311	10.18344	26.59865	6.90177	15.17775	31.42144	25.04589	32.63244	40.74251	21.8173	5.04299	2.81014	8.979	8.89144	23.30214	22.10655	48.18177	44.38541	12.89731	21.98641	17.84698	16.68233	13.5296	17.74527	22.25246	12.50428	14.31738	5.81465	10.43099	5.78667	9.64616	5.91482	14.52057	15.36729	5.61881	8.93306	12.40071	17.32674	9.77604	3.69676	13.86424	15.72987	9.73806	4.66682	15.82327	18.62476	8.16962	6.6293	11.12627	4.03952	5.71478	24.20027	19.43015	9.76152	13.30654	15.99358	18.41855	10.97112	10.32423	13.47699	9.78406	7.14406	17.96111	16.64182	7.07927	7.6853	12.45069	7.63594	6.96582	6.9084	4.65916	7.25147	3.34265	16.24906	7.73352	11.47921	19.67522	13.30736	4.06807	5.51977	14.38348	18.58308	5.25572	30.72418	3.65018	9.73684	3.85882	4.89277	11.44267	12.49861	4.94519	6.38844	13.79509	13.83257	9.36003	6.15169	16.36073	1.79272	7.11168	7.56496	8.47641	14.45079	10.56681	21.00444	16.74016	14.94959	12.48774	12.22188	4.75818	2.56695	8.91249	3.17197	3.74528	11.59969	1.73818	2.57914	8.28406	8.69719	11.49716	15.14281	6.11751	6.29974	2.48829	2.10459	6.68915	3.43525	7.08254	5.37032	7.5301	7.98309	8.35449	6.39246	2.57246	47.64319	20.93168	16.8256	46.99313	25.16144	5.55558	14.81353	4.81982	6.65941	16.90456	55.05449	7.80398	14.58402	14.09522	17.46401	18.4559	2.88526	13.78659	12.28764	20.17532	10.61267	35.46027	33.17413	6.43505	4.98382	8.71981	6.59451	16.82009	11.20685	6.83194	18.12436	15.00552	5.56712
GH103	4.92356	8.48484	7.67374	1.00251	1.57474	1.21621	1.34321	1.0217	5.07023	0.89325	5.01521	6.12655	3.24607	2.92717	5.24013	3.57099	5.86675	1.79141	4.39098	7.20103	19.54586	1.17431	2.6931	12.95928	2.56708	17.50387	21.39019	2.79732	3.1622	1.47962	3.36498	4.48011	7.20214	6.57093	33.78127	30.11998	5.74146	8.03868	8.50536	8.51862	4.16509	2.50702	3.89277	5.32455	6.09785	3.55907	7.08689	2.67449	1.22421	0.88387	3.53792	8.8585	1.87397	2.21143	3.69062	4.23678	5.24212	5.79621	4.22828	10.1109	4.10277	3.29321	10.01372	10.05505	5.00713	2.25172	0.62405	3.1905	2.25935	15.46658	11.63696	3.83208	9.44226	10.84513	4.10794	4.96429	5.93717	6.50984	4.21218	5.07965	12.3663	7.9069	2.08439	2.8119	8.2211	4.66682	3.3575	1.11061	2.1119	3.35692	2.83362	5.00065	7.94424	7.48109	6.87893	7.30828	7.11694	6.25966	3.36988	5.34663	4.4777	4.82226	1.65481	6.37535	1.74267	2.4295	6.77208	4.78332	4.44884	2.44265	6.38685	6.74293	2.55587	4.84689	3.44164	0.9194	5.34953	3.37447	2.94135	11.63576	8.83355	8.96142	4.58653	7.64923	5.26817	6.68645	5.13717	3.88507	5.21247	2.61658	2.46559	6.82248	0.57748	0.36202	8.71897	7.59114	10.44362	9.28271	7.53715	7.04556	1.47672	0.96767	5.47534	1.24344	2.69236	3.10028	5.9562	5.4529	7.14045	4.04336	1.34708	3.59044	2.04311	1.69032	2.97923	11.54253	4.34968	12.82474	4.29042	5.3558	2.43739	2.91848	2.23418	1.09753	9.84232	13.98108	9.85836	4.74127	5.58144	4.48286	9.45448	4.12505	4.92497	2.30341	2.90902	2.03991	2.74684	1.71355	14.13181	9.74702	2.39805	11.98928	8.12152	2.72562
GH104	1.93972	1.11257	4.22712	3.14211	3.02224	1.36671	NA	1.96559	0.1412	1.66652	0.07441	0.61032	0.05942	0.91063	0.37917	0.71855	1.56711	NA	1.24439	5.75059	20.43267	1.43249	0.95001	1.897	1.15119	13.53742	1.2654	0.20123	NA	NA	NA	0.20092	0.85692	0.77117	17.41336	15.72884	1.57295	1.52752	3.29918	5.15179	0.70171	0.19315	4.16234	2.85093	1.76312	1.65745	0.87169	3.61797	2.19247	6.15995	2.2566	4.71458	NA	NA	NA	0.07505	NA	0.39167	1.27746	0.96058	2.45434	3.99187	3.89898	4.63327	1.51188	0.33231	4.32356	3.23861	0.09842	5.12946	7.6432	3.15367	0.17021	1.86377	1.86593	1.14869	1.61174	2.97561	4.3139	1.47804	0.51545	1.92635	1.42436	2.65521	1.12723	2.29589	0.14651	NA	5.99134	1.36755	0.35863	1.40786	2.9238	1.46522	0.47295	0.44709	0.28009	0.05497	0.04669	NA	0.31055	0.07643	13.48838	8.74933	6.29863	6.71943	NA	4.2801	0.16635	0.15283	NA	2.11518	3.27006	1.33153	1.23411	0.09207	0.86473	0.86993	0.21207	0.85329	1.04841	0.4265	0.23382	NA	0.22671	2.5036	2.56475	1.19759	0.73996	0.13678	NA	3.12298	NA	0.27196	2.72855	2.93352	1.64828	1.22101	0.10207	NA	0.40177	0.16643	1.75345	0.21092	0.1532	0.67473	0.39353	0.53197	1.38197	NA	2.21703	0.19261	0.10999	0.08106	NA	0.26025	1.18069	8.94349	3.36626	3.38788	NA	0.56786	0.87226	0.83929	1.48157	0.16641	1.44606	0.13437	1.9386	1.89893	3.31885	5.12338	1.28691	1.17144	1.45969	0.19315	4.73184	0.2743	0.77206	1.6074	1.49436	2.27479	1.7538	1.42179
GH105	415.71329	405.86349	479.08383	177.30055	234.34176	497.68621	289.17689	260.18508	254.1263	688.13093	341.83302	328.18338	338.40269	280.34797	328.40639	327.32824	401.23796	85.04356	460.08862	570.03975	449.43008	176.84057	324.47646	280.91046	498.7972	189.94106	235.83737	345.22996	311.17626	232.17082	242.3588	249.41864	421.59272	358.55115	539.73498	552.15681	615.72435	555.44167	316.97459	303.43311	474.92226	450.16849	311.19887	311.01153	292.29295	149.13077	115.42654	265.76339	642.40794	330.83298	595.9901	667.41523	280.12778	291.42037	869.61242	594.48476	321.95596	259.8062	147.10897	87.98181	455.79037	306.3723	174.097	176.88999	691.0048	664.42193	118.2547	604.53935	52.44386	83.20672	188.52393	99.87444	445.52882	432.96879	313.68537	529.3872	230.67045	235.00408	270.35529	248.40148	294.32962	311.55236	379.12416	292.08389	182.7397	116.1182	250.25567	152.79654	382.06755	189.96041	178.00231	274.1981	136.40874	186.76172	125.18583	151.83229	243.39264	179.90688	194.94165	207.50685	214.87015	176.84389	272.61336	277.57273	216.31328	201.68094	319.18991	389.27657	147.94839	467.29547	441.58759	458.1994	120.73269	217.66841	440.25761	275.88645	291.43735	246.44624	207.19685	366.43993	267.40985	368.71391	277.26583	217.7745	256.68355	132.40786	209.08388	207.5196	214.15173	438.06061	163.62588	457.33577	115.93943	122.31553	271.26211	255.80966	254.51229	251.99174	202.26249	211.2594	118.74217	135.99614	197.26452	414.93396	426.20836	291.49236	210.0318	175.44235	222.25243	303.73488	422.00653	640.1073	377.67735	382.43741	638.7976	325.73922	169.14698	248.54173	150.99938	179.79114	85.39521	208.75371	237.17871	201.26655	375.3566	179.24344	261.91754	138.90991	346.89543	507.98033	243.5357	260.22147	409.53323	501.75846	506.09575	418.39776	355.85397	522.32211	176.31556	181.69513	553.97165	193.95511	227.50181	853.20613
GH106	316.13633	412.10986	410.72361	119.13872	164.45351	457.77209	242.13484	206.39255	206.18255	1188.5187	246.48675	235.67499	233.1569	183.22935	159.9578	184.14421	185.25815	92.78506	336.23158	412.38044	299.57255	118.58195	182.14767	139.07559	272.08028	98.81467	150.63194	210.28379	171.81404	105.62356	324.92079	292.70944	277.88202	234.16211	396.12492	414.34022	470.05682	425.38024	382.72259	289.50593	324.27179	310.53937	239.7557	269.32072	261.86611	153.29956	237.21024	227.87253	449.01513	252.58384	440.34315	269.85081	131.22692	162.32469	710.04696	473.00132	220.62437	148.25173	88.59182	43.21129	318.29659	250.70356	58.62815	59.86049	344.116	352.24332	245.82614	306.45689	52.38077	61.03668	152.97889	97.70309	428.72904	479.814	276.06342	429.63874	172.29179	168.37833	219.8936	228.21564	207.94933	269.33421	255.3931	207.58111	191.95496	126.41166	217.94572	212.00042	393.32781	195.65226	189.96452	246.36364	197.43979	192.39462	205.75457	209.74419	192.21995	222.81354	291.56163	274.36209	266.8275	202.62222	295.23345	267.9566	274.60359	309.80603	327.75984	266.01959	150.64001	210.65369	229.15537	643.86892	146.25142	171.67418	290.80706	127.1766	136.14908	262.99823	191.49869	197.97221	139.01511	328.30741	210.51677	220.52709	178.06798	189.52943	217.92168	155.44682	183.27153	410.04451	143.54968	601.78256	133.20804	143.94629	444.83491	545.64412	314.55197	318.88658	210.04604	158.13001	161.11672	171.92126	158.9249	193.2454	208.37649	251.79436	185.14975	171.28145	183.62432	310.05858	356.67923	388.03251	360.03137	338.94544	379.59038	272.15642	225.94237	225.9712	143.59003	167.15734	129.95774	163.42281	167.78184	167.63041	260.83086	200.57179	179.21986	65.41963	382.95494	705.07259	247.09899	220.96526	234.24299	245.1467	488.77329	374.26309	367.45639	542.35915	217.86248	170.24221	518.70829	190.62634	236.58542	451.25309
GH108	157.71149	55.0068	93.8443	5.69318	4.63485	68.46079	35.13714	12.95768	14.32424	84.03258	20.9852	24.09795	29.01665	48.006	68.57742	36.809	52.03913	6.55626	127.47134	54.1813	132.56467	7.06152	23.65473	92.93872	61.06668	60.1509	63.4415	40.78181	75.27991	24.25978	5.76092	5.30564	139.55185	91.19343	40.89965	40.0193	106.64583	125.56063	36.8651	44.21372	46.17188	48.3413	0.7708	0.06303	8.66938	4.088	4.92954	4.84334	86.06866	55.45229	92.80171	72.2984	40.12957	175.3135	39.11858	63.0109	163.12376	190.1367	2.27144	0.16683	39.17616	22.8514	2.16739	1.90978	40.19667	52.17872	0.34764	18.17466	NA	3.68043	14.8051	0.72015	35.96791	73.40941	117.59198	101.83523	140.15867	188.22784	29.98998	15.19584	15.08122	23.79487	98.48228	111.35351	25.21365	18.77052	48.67115	160.55363	45.07484	28.12126	10.07314	46.96789	10.03528	27.3335	24.58718	24.33986	20.6036	220.18281	42.53797	49.8202	56.11869	35.22318	14.75796	14.4995	12.62751	9.21734	35.50247	90.54423	77.67613	8.16111	10.58563	162.18396	6.73062	9.71463	231.60896	35.1284	36.20267	10.93145	5.39575	59.55617	32.89607	23.49336	8.02173	14.59439	10.81177	13.38362	28.15321	2.0356	3.62711	167.54202	114.82026	131.26134	0.85759	2.44913	12.79154	7.01922	23.39681	20.76726	109.61591	47.98231	2.46465	2.85917	214.40283	7.78044	5.1638	38.2152	25.64527	23.5743	26.74165	38.41876	47.83892	101.77827	49.55227	30.5762	96.42869	48.94198	28.7011	23.53507	6.44049	33.83149	16.73627	9.08521	12.3517	7.71267	298.29157	208.08512	57.21338	259.84317	112.96222	167.25609	32.45338	47.24606	165.192	212.44366	32.53975	13.1303	56.66509	22.96848	26.82418	28.13092	29.34292	23.74134	37.34364	36.48552
GH109	124.19421	133.44124	226.96325	48.4923	59.36591	19.22298	26.17364	150.50453	136.64396	329.20231	88.58892	54.94171	91.51541	72.50894	51.05846	57.16486	71.50825	21.68461	127.72309	224.96844	225.8732	46.91405	73.81012	165.54094	134.84331	105.51264	57.77648	114.79855	108.78636	69.0626	33.22893	22.94394	190.50625	138.86375	169.52195	183.09167	238.56373	231.1745	122.50233	82.36949	162.88569	178.02193	105.09236	93.3797	94.97948	39.5322	62.97803	80.33111	282.74225	121.37122	244.26973	156.00979	86.56798	89.07463	336.97114	226.78971	140.15167	79.58001	31.6863	71.18403	136.97784	105.45564	67.10837	72.10557	56.87561	79.81451	85.5763	59.53274	121.38379	196.68392	29.27507	104.42754	105.21715	129.29149	153.80708	238.11178	73.14806	82.22573	96.79054	77.81003	66.60768	109.25307	112.22847	70.81602	73.33152	38.16041	90.01027	82.67329	146.73157	86.4841	73.52773	141.06517	125.20171	96.76059	106.96953	104.09269	224.39532	125.62369	120.75168	70.32844	89.19777	42.46604	112.22652	95.87517	77.29898	89.87406	148.53746	113.60563	68.46661	132.25044	158.39271	79.34069	47.21429	111.88013	154.79263	157.49984	168.39667	123.53756	90.45903	260.54301	198.45118	177.26366	90.11266	67.93178	60.81816	121.98263	69.38923	46.09168	51.88205	170.67867	64.11803	107.98041	29.18478	36.06828	89.39949	74.32105	118.49108	117.53046	159.53494	121.4982	64.49451	67.91128	89.52093	161.63684	165.68944	122.34828	78.98185	85.51798	93.65966	54.15286	21.26441	186.4351	172.4374	135.77966	171.21229	155.46559	61.20626	61.94951	36.28797	68.4334	45.89504	115.1628	154.28	45.10646	191.56699	115.26108	89.64726	88.11981	39.79962	91.76697	87.78221	72.18312	103.3834	138.62708	77.92768	64.02656	152.07969	73.07655	106.55785	109.82977	49.11302	78.67349	127.79501	59.40691
GH11	4.343	9.28685	NA	8.66927	10.1133	0.69601	NA	3.74096	6.14666	0.12486	2.43623	1.49446	1.902	2.45532	0.8916	2.23063	2.14815	0.54481	2.2363	0.29119	0.11977	7.23073	3.02933	NA	6.00786	NA	15.63046	7.90245	3.90766	2.82837	7.64514	7.07719	2.80204	2.98742	7.37691	7.15636	2.47603	3.88758	NA	NA	2.11199	2.21833	3.38199	1.92276	13.5734	4.17288	1.20577	1.54144	0.83439	1.31551	6.6951	0.53192	6.97729	3.50566	1.21828	0.08587	2.71213	10.8655	16.68017	0.2842	10.29055	3.41182	12.2006	10.56899	0.72859	2.0502	1.38661	2.62118	NA	0.06633	0.47823	10.05054	0.60186	1.43501	3.97488	1.24957	1.0849	1.70853	3.61834	6.05956	0.19175	1.70555	3.02181	3.5029	0.81379	1.01861	7.5241	4.46266	2.88001	2.97365	1.10653	1.07335	0.98322	0.82859	0.66305	0.86928	0.74307	3.49859	2.54934	12.25287	0.25617	1.37803	1.95681	1.1334	1.16143	5.67874	2.49656	0.37132	10.64369	11.30782	9.84284	1.78803	3.83958	3.12057	1.22029	NA	NA	2.5519	2.09946	NA	NA	2.08217	3.27868	0.22864	0.23566	4.84496	2.61844	3.08909	1.36758	2.37161	7.10791	2.60842	3.73038	1.41695	9.12586	3.28506	5.72212	4.358	1.45713	0.90028	6.25166	4.74088	3.21025	6.25977	9.10351	0.34604	0.85033	0.53858	0.71162	1.29475	NA	6.9984	8.07126	16.76687	5.46954	7.43297	2.56568	2.75911	6.21291	3.11714	2.81922	3.13231	5.43552	4.91516	0.067	1.23089	1.00444	0.94519	0.9105	2.49853	0.02695	NA	NA	0.58193	0.91586	0.22365	0.83774	0.4734	4.36595	1.12991	3.49886	1.21285	6.24466	NA
GH110	106.47951	132.96535	146.84265	30.38649	27.32726	26.96757	35.7899	116.12664	90.32063	180.17829	64.71684	39.94752	53.23431	101.98594	66.57494	62.6303	55.69835	31.77989	124.50842	130.66209	121.30594	36.331	53.2305	96.72758	68.25152	76.1877	61.19314	67.86355	63.98137	60.10679	35.80824	25.45123	95.52494	78.55618	82.69943	90.02132	161.89031	131.77187	121.60184	73.69598	79.50087	93.0417	158.90357	113.63316	83.57707	52.4066	64.16516	64.93058	113.88081	65.35707	115.49333	40.14257	42.05471	59.32429	169.279	125.61244	74.90014	62.56103	21.26195	88.75858	82.84786	70.24636	99.34965	101.97465	32.16483	46.50602	98.39486	39.58199	100.59459	185.55486	47.39347	101.97652	96.52703	132.64906	126.13624	143.14602	64.93275	63.94801	50.6908	43.86304	52.74374	79.98141	66.07282	34.00086	44.78823	37.54209	59.92602	73.79119	79.67886	60.84827	65.88018	100.1469	112.5285	64.17505	202.42592	168.58587	198.89168	106.02858	97.48818	60.54679	60.42076	57.77072	29.26689	43.73522	51.86488	42.40204	141.68547	73.67102	67.69288	77.35069	109.06167	56.15434	41.16706	88.43496	54.64261	53.13127	70.56558	86.86953	76.82083	127.22868	113.8467	144.05888	51.84059	73.05463	60.7144	75.11875	39.59272	40.56094	41.99199	120.60702	42.9852	67.59659	35.55707	31.4689	58.07759	31.00374	82.90314	83.14272	73.66669	70.07721	66.65242	63.01993	74.92773	84.28972	92.59813	74.81317	62.19207	68.16583	76.86066	53.82796	17.37855	68.7975	165.18384	81.64109	64.69884	205.53376	65.23417	61.97316	38.88286	72.3277	53.09102	157.92977	198.64214	71.95827	143.60681	131.8443	74.00537	98.25617	37.93667	55.97351	114.11519	78.11403	34.81725	91.25094	78.36295	53.43793	89.73415	69.17762	138.49073	149.19899	48.3299	94.6671	118.7394	46.65601
GH111	0.17441	6.73923	0.06041	0.01474	0.04125	0.02819	0.02914	0.00667	0.11708	NA	0.1198	0.06996	0.12029	0.05236	0.14988	0.0649	0.04505	0.11493	0.15844	0.19778	0.02295	0.04008	0.0623	0.0298	0.01689	0.00514	0.0279	0.04283	0.02073	0.01288	0.07005	0.0549	0.04225	0.07498	NA	0.03012	0.06968	0.01379	0.10342	0.15188	NA	NA	0.09639	0.31556	0.06233	0.16605	0.29663	0.04101	0.13204	0.18088	0.03611	0.02446	0.03363	0.00876	0.01996	0.00614	0.11538	0.08622	NA	0.05933	0.04657	0.1246	NA	0.01305	0.02245	NA	0.08042	0.01029	0.331	NA	4.90601	1.08228	0.03784	3.66435	0.07127	0.02997	0.18935	0.14341	0.12346	0.01383	0.04356	0.01479	0.06524	NA	0.0757	0.21777	0.02177	0.0943	0.04374	0.07308	0.0249	0.02942	0.12265	0.36759	0.02256	0.01391	0.06721	0.13691	0.35995	0.1149	0.21461	0.07456	0.01306	0.09518	0.12616	0.17639	0.08868	0.04609	0.42933	0.06227	0.00701	NA	0.03078	NA	NA	0.01346	0.07226	0.01576	0.02627	0.01441	0.02417	0.14609	0.16415	0.40337	0.33367	0.09439	0.12267	0.00715	0.10512	0.05702	0.16215	NA	0.06656	NA	0.07694	0.14	0.06835	0.17394	0.18581	0.40465	0.02807	0.0166	0.20505	0.01627	0.00643	0.11243	0.04321	0.11954	0.00717	0.02261	0.00969	0.53992	2.59453	1.33972	0.41914	0.07924	NA	NA	0.03282	NA	0.0311	0.01377	0.04129	0.02148	0.73617	0.18559	1.07683	0.15667	NA	NA	0.07654	0.15111	NA	NA	0.09271	0.05175	0.13739	0.07536	0.09561	0.02616	0.02469	0.03068	0.04388	0.01706
GH112	212.19331	153.07945	195.11323	166.26244	188.78116	153.97649	193.14989	128.87337	137.48114	100.62371	162.93421	164.53383	103.5863	155.99055	165.27895	177.06636	187.29137	168.72443	202.45002	275.25956	211.34197	145.98455	221.49325	157.19634	157.88214	231.1504	191.83664	135.04239	84.31879	98.32878	188.75424	122.97159	134.99844	155.4679	159.28462	166.19319	236.74879	139.97951	163.9742	185.86143	129.53838	136.5748	193.86431	202.17565	218.98932	185.00658	145.1514	231.71097	184.96286	267.46958	209.55295	236.00393	112.14556	106.12505	111.4743	127.697	237.58191	200.41053	331.89206	408.94888	143.14679	201.12957	216.83651	220.08356	111.88818	114.46765	219.6779	149.625	119.78169	68.93458	257.30074	243.93646	246.30545	148.43551	133.88797	108.36935	187.94592	188.0793	169.29198	181.1315	190.01581	171.37532	158.89475	217.82607	139.90171	130.71111	113.94866	90.47535	182.55986	87.7679	94.34381	87.93591	112.42493	92.12155	71.86782	76.19061	177.71166	117.0927	104.78283	129.83985	127.45845	181.16068	67.18507	112.33972	137.24862	132.52577	103.17857	321.76226	193.03295	264.57757	157.24715	92.79771	196.4969	124.23114	159.74841	307.1327	242.38635	111.44763	117.80425	172.87749	218.62349	101.76582	131.6065	143.94111	132.99196	103.85688	154.56325	152.93977	176.18455	95.68279	104.53457	64.59873	173.43481	105.1404	103.12243	91.3649	126.01688	127.92875	135.42245	127.33998	139.42274	150.00531	212.37453	275.83271	292.17251	172.84735	167.69765	142.85143	187.15688	123.17501	228.29392	139.35127	173.41794	205.93188	143.84494	96.98286	82.64868	149.91131	101.78102	117.34719	137.86206	151.41125	165.52395	185.07935	128.58355	158.288	256.05056	227.96077	190.77924	92.53255	180.25485	196.29458	195.93461	156.81231	187.51972	111.1287	252.10628	128.14418	145.80243	168.8494	180.58589	165.88498	185.40973	103.16416
GH113	58.2384	38.71971	26.20354	56.16445	55.88415	20.23958	8.13351	28.63536	23.31699	39.3588	53.39888	53.16722	28.22813	34.62793	34.95992	24.89418	46.24544	34.90765	44.00321	69.00887	29.1563	42.82037	53.54583	28.47282	50.49823	37.15847	51.53482	59.34173	19.41101	27.23892	27.09461	14.62828	33.48723	38.20884	30.5697	26.3683	33.90492	33.81882	49.0189	47.28872	13.30045	16.33386	80.54863	71.43004	39.69456	26.36854	23.36502	54.51076	37.58188	87.64084	61.5731	28.36985	23.66902	26.16753	23.958	23.79759	70.66656	61.68057	55.58508	87.86125	51.74448	62.23666	37.18348	34.34912	26.73087	27.05466	77.1386	43.21957	5.70547	28.30619	82.58031	41.30261	70.32904	37.11689	54.01014	48.14555	33.65886	37.57543	62.25363	24.80836	13.86767	30.01778	63.17468	45.77095	32.9047	48.05763	55.60518	28.66145	98.35785	6.98084	10.14243	9.31386	12.89684	40.79851	10.51653	23.42863	5.64226	12.65194	16.33372	34.10156	17.25949	61.18978	8.80737	14.38247	34.04915	24.32156	45.69624	66.41613	47.61917	77.36127	45.33586	15.23825	50.77521	21.50156	54.33624	25.21719	26.29077	17.83622	25.7994	24.54931	24.75345	29.51146	29.87768	34.72607	28.05699	9.85517	42.19503	50.90903	38.12368	25.33153	37.55583	26.39849	10.36453	8.89978	34.43839	20.28416	27.85396	29.13531	18.04716	12.61015	12.81114	18.48089	45.07483	53.33363	65.56893	31.84109	25.29966	25.55439	28.21535	24.34093	28.92216	27.79199	34.08209	22.65001	23.8053	19.58482	24.55512	41.99116	35.91135	53.08855	4.65347	10.26481	17.46046	16.07861	13.95146	27.91416	46.95885	18.6043	16.63588	13.82459	38.02856	57.35893	64.73436	54.49861	35.35926	10.49844	54.09429	18.69604	15.63027	15.45057	42.00846	36.04013	22.14633	27.26838
GH115	345.62799	332.75585	401.4841	160.59245	187.3812	496.85448	247.44826	152.72196	137.05019	784.21794	208.10496	180.22094	198.46895	205.81274	187.24063	188.5629	258.69369	114.31165	313.7034	442.20034	380.48449	149.19932	259.26344	250.23558	337.63519	217.13299	182.56016	244.946	242.81575	165.07642	361.87615	374.50487	249.46747	210.36137	271.80001	271.47604	388.00104	342.3277	323.70677	239.39586	204.43079	207.76018	212.06533	217.42948	296.75262	133.83088	129.7456	257.33692	437.11295	379.43393	481.85484	358.10799	226.01293	223.09049	428.12362	285.6744	236.06139	250.77543	183.75967	227.07271	316.68885	243.97382	188.38701	190.63724	380.87236	363.465	155.60834	388.65754	83.85758	171.73541	173.06196	141.08629	252.66032	303.9852	290.81806	489.06892	209.91682	155.25802	276.83056	194.87819	181.91714	252.15465	222.09201	192.27645	173.39976	117.18304	206.10757	134.6003	581.86266	96.19402	48.33004	117.51517	56.43139	144.7391	114.94654	137.10388	199.88746	172.34931	190.45709	300.64939	240.89714	148.91065	477.67466	422.45889	277.79777	276.22911	235.34062	312.7774	185.8234	334.0375	298.77643	667.00727	143.93992	125.86282	282.96801	188.5866	205.25866	162.11435	147.19833	298.86753	250.26147	324.52203	188.80888	199.60171	118.89511	95.97195	198.00656	140.60111	170.25542	342.46731	181.63052	624.71544	102.80327	83.28287	457.09103	611.63297	297.61204	302.27657	232.10126	178.39952	119.81444	121.51195	230.96765	366.91582	335.05506	296.29601	222.78366	198.38605	267.4045	261.51621	463.09898	465.94922	296.87248	368.07741	450.14713	192.96014	129.65045	197.55967	96.99793	170.21206	64.98401	339.48162	433.85525	142.09737	228.70981	159.9697	180.60656	196.2469	397.94782	727.19558	234.96436	276.2819	344.3579	386.01216	500.65564	416.6748	379.07099	512.35335	176.76342	182.37286	577.38934	208.63966	210.64652	426.04442
GH116	65.95959	38.95042	86.52849	42.92542	84.38183	22.14732	12.16304	55.66844	19.5981	16.91545	42.70072	53.1008	31.46257	48.13242	33.38342	38.47577	53.84324	7.90737	89.50609	33.27432	184.58993	37.87971	32.01241	156.48319	43.98087	81.3024	32.54194	27.19947	23.31613	25.87483	8.44248	7.48708	252.71783	211.31237	75.72197	78.19712	28.24952	127.41993	28.57444	19.95455	116.30648	109.8443	41.81978	19.29427	20.22445	22.05903	13.9694	15.33164	182.59735	79.81534	151.38725	197.73408	38.43775	24.76975	41.57934	55.71035	178.44837	49.74236	9.06517	1.36114	41.11462	25.48446	16.14354	15.95744	10.79681	16.31662	31.14465	10.0629	3.89839	3.6438	22.45936	14.00706	93.93267	66.17889	41.91072	28.26511	22.05069	22.51929	24.59566	29.20382	24.13406	31.14827	36.1993	58.44463	32.00861	23.46462	47.66888	40.23087	8.46807	23.60467	13.44916	21.11653	11.3549	35.25609	15.59671	11.6277	13.13394	27.66986	16.88523	35.16851	16.54421	53.11542	10.55374	11.08802	19.00243	14.62576	24.36198	26.11204	43.81489	28.51237	45.80455	51.04351	17.48109	30.67774	131.83647	38.41505	32.86432	18.24013	29.73855	47.19389	39.28788	51.33185	24.39014	35.72742	25.10837	21.32921	24.551	17.83936	69.07351	28.50725	70.38117	53.25416	9.37971	9.44083	31.36342	38.27497	39.38434	38.38965	68.19781	57.88556	16.47378	20.96932	65.87556	23.18322	21.12657	35.26258	43.88091	54.09504	29.50816	17.81876	21.86232	141.69173	58.42494	37.99715	128.97904	5.31603	15.01407	32.94938	10.70164	19.4283	8.52832	9.33125	18.19482	20.6893	58.64437	22.4582	57.93907	8.38142	33.54908	48.42831	36.26043	21.26357	147.36976	136.36647	20.99361	6.40063	17.17708	10.81867	26.82127	21.66113	24.62963	19.73651	32.68964	7.7717
GH117	24.21762	1.83537	25.21102	11.2715	21.8074	0.61778	1.2838	18.46433	5.05633	67.12496	9.32934	7.20037	9.24518	3.52556	1.71926	2.64972	3.91063	1.09127	26.01795	8.47259	44.26141	10.90386	9.56537	41.35993	16.47193	18.54433	6.06331	14.50672	3.53493	1.72795	3.29696	1.17693	5.0397	4.30009	15.54343	14.72888	10.09474	14.82903	10.9082	6.3893	30.49511	26.40321	13.71458	10.37774	7.75096	3.6542	4.22186	4.35441	55.58377	29.13697	58.45778	57.73615	3.91948	3.08186	53.07896	39.60046	29.23234	10.97096	32.92175	6.68018	26.95693	15.0375	5.79006	5.72355	4.16286	4.06527	7.46338	3.5559	NA	NA	0.86304	7.49432	4.45062	1.67357	23.19107	12.41875	5.05601	12.20691	22.12442	14.6425	5.98928	7.78343	24.58933	80.06867	10.0958	6.33591	6.68848	5.79834	27.36571	10.02542	5.07513	7.05112	2.80061	6.85898	0.32188	0.30013	3.46055	7.79979	1.04109	1.64342	0.84429	1.77569	1.4521	0.77802	1.33847	0.99871	0.84377	9.82034	4.03903	0.02446	NA	6.2877	6.04033	5.68469	211.77964	33.61904	31.27428	7.8983	5.51826	42.21496	35.73746	21.4049	16.1055	17.29455	6.52446	6.28747	11.02752	2.18415	18.83235	4.74437	11.89238	8.97406	1.95279	2.22469	4.55667	3.09418	8.58188	8.47832	22.52542	15.83116	2.58719	2.11615	11.69291	NA	0.04359	13.59849	9.16539	9.4077	10.84867	1.79594	0.38563	32.33608	20.17418	16.33126	28.58358	0.62798	2.54378	2.88259	1.01646	4.01556	1.76548	7.29764	8.76192	2.76913	29.10271	2.82264	12.94027	2.34565	2.2002	9.07267	14.64903	6.80959	192.10467	183.25335	4.56196	3.40761	21.83929	2.39601	8.49156	8.09076	1.62263	12.56662	13.00088	2.86652
GH119	NA	NA	NA	NA	NA	NA	NA	NA	NA	NA	NA	NA	NA	NA	NA	NA	NA	NA	NA	NA	NA	NA	NA	NA	NA	NA	NA	NA	NA	NA	NA	NA	NA	NA	NA	NA	NA	NA	NA	NA	NA	NA	NA	NA	NA	NA	NA	NA	NA	NA	NA	NA	NA	NA	NA	NA	NA	NA	NA	NA	NA	NA	NA	NA	NA	NA	NA	NA	NA	NA	NA	NA	NA	NA	NA	NA	NA	NA	NA	NA	NA	NA	NA	NA	NA	NA	NA	NA	NA	NA	NA	NA	NA	NA	NA	NA	NA	NA	NA	NA	NA	NA	NA	NA	NA	NA	NA	NA	NA	NA	NA	NA	NA	NA	NA	NA	NA	NA	NA	NA	NA	NA	NA	NA	NA	NA	NA	NA	NA	NA	NA	NA	NA	NA	NA	NA	NA	NA	NA	NA	NA	NA	NA	NA	NA	NA	NA	NA	NA	NA	NA	NA	NA	NA	NA	NA	NA	NA	NA	NA	NA	NA	NA	NA	NA	NA	NA	NA	NA	NA	NA	NA	NA	NA	NA	NA	NA	0.0145	NA	NA	0.19067	NA	NA	NA
GH12	NA	NA	NA	NA	NA	NA	NA	NA	NA	NA	NA	NA	NA	NA	NA	NA	NA	NA	NA	NA	NA	NA	NA	NA	NA	NA	NA	NA	NA	NA	NA	NA	NA	NA	NA	NA	NA	NA	NA	NA	NA	NA	NA	NA	NA	NA	NA	NA	0.0331	NA	NA	NA	NA	NA	NA	NA	NA	NA	NA	NA	NA	NA	NA	NA	NA	NA	NA	NA	NA	NA	NA	NA	NA	NA	NA	NA	NA	NA	NA	NA	NA	NA	NA	NA	NA	NA	NA	NA	NA	NA	NA	NA	NA	NA	NA	NA	NA	NA	NA	NA	NA	NA	NA	NA	NA	NA	NA	NA	NA	NA	NA	NA	NA	NA	NA	NA	NA	NA	NA	NA	NA	NA	NA	NA	NA	NA	NA	NA	NA	NA	NA	NA	NA	NA	NA	NA	NA	NA	NA	NA	NA	NA	NA	NA	NA	NA	NA	0.06595	NA	NA	NA	NA	NA	NA	NA	NA	NA	NA	NA	NA	NA	NA	NA	NA	NA	NA	NA	NA	NA	NA	NA	NA	NA	NA	NA	NA	NA	NA	NA	NA	NA	NA	NA	NA
GH120	80.29008	91.20733	146.9838	90.08147	98.88072	52.39912	50.48471	57.72456	42.78264	49.71324	47.10815	55.62607	31.50367	68.40972	62.01676	92.1162	63.48672	131.23894	61.16483	116.55684	64.99321	73.51003	129.93018	74.45525	106.6153	106.60252	82.79036	87.96502	25.05611	36.542	60.0152	36.54763	38.22831	43.48501	55.95336	56.85221	92.08379	35.88703	200.99178	149.49728	72.25697	74.89568	115.17507	117.19748	103.04097	51.97634	82.48619	153.58571	32.24248	96.46938	48.07601	16.85775	33.29961	43.53168	62.21316	70.40207	31.77906	75.17053	135.57721	222.58057	122.22319	179.9514	132.22883	135.09583	39.1915	36.50714	162.86833	56.17298	124.65142	238.41121	187.88177	155.22685	89.57412	138.56108	74.25997	64.9441	85.70869	166.27652	92.44428	54.11396	37.67306	73.82621	31.11097	48.74744	114.07553	102.11816	51.82045	69.81214	134.79032	54.49369	124.89991	46.82232	64.44982	62.93609	58.8815	74.38021	70.47908	53.96388	76.74209	59.92255	47.35441	49.70722	9.21725	13.18805	33.27421	25.23026	74.0832	130.90855	85.45959	84.39691	103.27278	31.47938	160.86035	67.85719	23.26324	100.28628	125.16025	114.05818	171.02044	144.09655	120.19832	51.16784	60.18384	55.61813	53.17056	38.13589	83.13241	83.09022	39.26628	55.10245	50.55917	35.51514	101.63407	69.30045	40.6066	26.56343	29.92268	32.83245	45.6897	53.8023	99.23688	83.61918	94.55185	165.08171	135.83554	31.79804	31.2481	28.56523	42.65033	31.93299	73.08021	83.91516	102.25087	143.83883	82.44945	40.66134	39.83228	31.89484	44.97966	36.79199	55.5295	37.6493	25.94438	34.55136	48.01503	51.82415	49.35023	159.7119	65.00608	22.1401	150.32174	198.90973	42.67659	40.00736	75.76803	152.81316	146.54806	99.01832	49.03503	65.86994	68.83276	114.97927	53.71093	36.26463
GH121	8.54658	4.59598	67.05992	3.49582	2.77688	3.18531	2.17091	3.43724	1.70445	2.50353	1.40385	2.01339	0.71218	16.63826	4.9358	20.13546	6.64536	5.97223	5.60957	17.85103	6.86301	2.60309	6.80921	6.4387	6.5639	9.77452	4.26163	4.62598	2.06244	5.68617	0.62815	0.40568	5.4387	7.29441	3.96819	4.74985	27.12583	10.16108	8.89195	12.4734	6.78901	5.52981	1.79533	2.52888	18.75278	5.81805	30.29595	27.22287	6.50117	2.67703	2.18882	0.71562	1.78667	1.17356	2.16205	7.41221	5.50453	11.77618	17.4201	17.74768	2.44047	10.53952	9.02478	9.51144	1.08516	1.20619	23.21294	1.42447	0.03476	NA	1.47887	0.05078	1.0915	1.52354	2.03813	0.89241	4.36153	6.10177	5.27526	9.61353	8.68546	5.34492	0.40981	1.18003	12.4747	13.3066	3.61647	2.63482	1.72503	3.99923	6.71672	3.03095	7.83525	7.95261	0.90427	1.45522	20.74816	6.99021	12.47168	4.58207	4.74981	2.13871	0.13777	0.14083	0.93811	0.76401	0.52994	25.36262	18.64271	0.65459	0.39338	2.04349	3.3883	1.02488	0.38783	13.92741	14.54411	4.32818	3.37771	15.12427	5.26967	0.26245	0.30096	4.57905	0.44891	3.99352	9.27075	5.48308	0.57593	3.4327	2.91424	2.77738	2.36541	3.48043	0.59439	1.02246	1.7121	1.86286	7.74627	6.70337	2.8408	2.72046	6.94528	0.00258	0.11858	4.71519	6.8671	5.81293	4.02459	0.81337	0.33332	3.05225	7.05913	4.05397	3.81464	7.22693	1.23909	2.73353	1.89945	2.77337	12.16015	3.88173	3.02794	6.50575	5.60814	3.75931	4.59799	7.97292	2.34489	2.5206	18.01526	29.49132	1.48677	0.23968	0.72835	1.28057	21.91424	0.31072	7.13129	8.65688	0.12327	4.60463	6.35025	1.73055
GH123	40.81398	82.77127	63.53451	15.09703	14.55876	13.67041	18.34044	54.09276	49.3281	124.66111	37.75506	26.53704	36.16699	68.74449	46.49431	46.31661	39.31977	10.25448	36.79791	84.1171	88.28203	17.71466	32.63307	55.48679	47.01881	58.15204	35.14349	42.34164	56.1319	55.35205	21.93152	14.37344	99.17259	79.51073	78.75827	83.28942	83.84246	92.42061	72.93591	47.02583	52.77907	62.47274	62.79167	57.82621	40.33947	20.0835	27.83064	37.8061	95.11556	42.46087	69.60397	47.34866	32.53372	41.66497	122.70037	85.18452	53.74686	34.93113	53.23584	43.69515	50.35402	43.87055	39.42278	41.28157	17.00651	24.44965	48.25134	20.68415	65.77716	95.08982	30.93652	65.50705	50.65692	74.66366	65.18674	69.40221	28.56351	31.11919	27.09083	25.65132	27.96046	48.95215	31.54364	26.35414	26.72815	20.0269	36.83892	40.25272	50.32359	45.00016	43.04114	65.34468	80.7439	29.62275	48.5358	53.34897	88.42436	43.51092	51.95711	29.24193	37.19538	28.73438	25.07945	31.93293	31.73007	39.68504	68.02546	40.29954	29.58039	67.23511	81.44102	35.67525	26.88337	46.09904	57.48481	50.96124	58.9614	64.00869	53.37431	81.16603	72.72621	82.46128	37.43365	69.81151	41.50338	68.29613	44.83324	27.20304	47.39888	66.55113	34.15084	37.60459	28.66384	21.93213	37.91063	50.03739	59.66366	60.3868	37.96679	27.13282	36.62908	44.58008	40.66416	72.12087	73.24923	34.93754	28.23978	28.00671	30.36243	25.53103	6.58111	42.12511	67.43871	60.88776	39.47961	69.82125	29.96016	34.63039	19.01775	22.65584	30.47229	20.39909	24.17557	19.41023	98.65343	58.66086	67.97814	43.16718	26.18024	36.5145	68.74263	47.21627	73.22124	62.4345	37.28065	27.79777	57.0443	30.72911	75.93714	73.55679	26.02649	57.20905	69.42884	20.84991
GH125	258.47693	160.87093	209.29239	130.94888	222.53616	77.61532	50.72681	126.84786	51.3791	182.86178	91.60622	64.50212	102.91385	125.59336	100.68824	106.37152	128.23388	60.13248	315.14552	158.83732	365.88867	120.61207	73.97314	309.6532	171.78991	189.68982	58.85042	152.98958	182.87685	108.55816	163.98801	183.46031	597.05373	520.14354	149.11814	147.76715	245.30199	401.81071	128.2519	92.64858	268.28708	252.70395	116.64207	125.44633	77.56692	52.9392	59.34677	78.05779	430.85423	239.01543	347.59343	459.32824	155.22404	133.87641	222.49064	227.70242	272.83237	105.74191	118.71999	130.24306	179.73551	111.01748	116.55016	116.30089	62.67065	69.6978	73.42637	51.3892	92.69686	158.69135	51.53531	91.40116	137.23579	157.17691	97.84276	159.33745	103.96717	67.61086	107.19444	112.19202	90.15021	112.34269	95.52476	203.25997	95.80269	73.56984	95.70423	92.32292	96.7545	82.00033	37.42717	62.94131	29.81689	93.59428	101.7844	85.89172	78.11957	102.92521	58.96801	125.44304	98.00501	80.18579	94.5787	91.37409	73.77549	62.84094	112.30027	133.57114	69.97655	196.46143	227.73837	338.10001	45.84402	56.39347	454.35775	331.08172	302.97998	45.91291	59.09179	438.97154	358.40034	145.27094	64.97324	81.43442	59.50696	83.70033	53.45288	44.51893	130.74513	87.17799	129.47239	272.77677	44.5552	37.63352	107.73211	173.8142	116.67481	119.15255	217.29123	178.3559	59.67536	77.13997	145.86257	219.97676	188.34621	78.80065	81.65231	91.1452	71.92063	83.60633	75.35948	367.64441	186.61702	136.68365	333.7246	69.2834	51.79771	51.44034	34.5446	63.00744	67.14621	200.00237	264.04064	100.93423	304.99691	77.53453	144.10285	77.57506	196.7552	333.34089	140.70009	108.24357	402.73686	409.08773	144.64059	196.79746	121.33546	128.54009	82.74011	86.26756	191.02344	80.85358	108.21326	48.46119
GH126	2.30482	5.29208	0.06574	15.26753	28.09162	0.14024	1.33995	11.02985	8.86884	0.0362	6.53874	17.07079	9.69737	8.98568	12.92489	11.11586	11.72321	5.29188	NA	0.01815	NA	10.02188	1.54401	0.04551	4.30757	NA	3.93386	1.85947	0.71716	0.43772	3.30097	3.51606	0.35633	0.35727	11.31496	10.95038	1.27062	1.81635	NA	NA	23.28826	17.81257	3.37484	9.55369	0.60231	5.12911	2.93684	0.2221	0.05181	0.03073	NA	0.04678	0.99628	0.14815	0.32156	0.10239	0.266	0.07334	0.03748	0.07704	0.01995	0.74402	0.50844	0.75916	2.63124	4.74601	NA	2.75219	3.80536	0.33163	16.48501	5.12195	4.51701	1.65958	0.02085	0.04467	0.0226	NA	7.53508	17.39244	0.81254	0.69767	0.3838	0.21757	9.6205	12.04082	9.83852	9.17068	12.41267	9.61722	31.69732	10.62847	14.13243	22.43022	0.16368	0.15255	6.91449	8.40665	5.80035	8.12506	5.12995	3.88018	0.7837	0.46442	0.37421	1.2106	0.36987	0.19499	0.52748	5.34914	6.97138	0.77934	0.87465	2.13825	0.09481	NA	NA	1.96365	1.34438	NA	NA	2.4957	15.08953	7.83539	7.0491	4.49716	13.39017	16.68615	2.57597	4.61433	7.38646	2.35404	12.10177	13.03849	0.11042	0.11132	0.31585	0.1581	5.7601	9.55708	4.53385	9.44857	0.12413	8.79213	4.1296	0.31575	4.2089	8.58485	1.16323	0.322	0.16072	0.08208	0.28948	0.68795	0.08263	0.05706	5.72892	1.54961	2.1727	4.46939	5.05083	10.31513	1.6863	8.09924	8.4115	2.73923	4.02607	9.90249	0.22881	0.35228	NA	0.02076	1.76016	0.68454	1.42413	0.39081	0.10492	0.52472	0.51016	0.35346	0.87488	0.96306	0.34125	1.99763
GH127	267.57847	272.95316	363.00309	165.05968	184.10934	298.33815	174.24399	120.37827	125.83334	352.22872	202.42166	183.96988	193.70066	210.83237	147.39586	190.09672	201.16508	198.82561	267.66021	328.10846	251.00378	123.9251	175.73925	152.74277	223.01705	180.37713	150.13376	157.71804	140.28058	106.29577	205.5212	242.51754	273.42439	251.10921	237.91305	249.08741	343.51014	275.53739	292.39927	225.12981	215.65463	215.2493	206.5972	210.46693	253.00395	163.81114	195.80082	293.78158	261.82865	319.82638	311.84122	311.82141	117.47197	141.55137	333.56643	261.12468	177.04164	111.99494	212.54583	317.53418	259.8955	261.76877	218.52381	219.0809	113.36747	112.74559	263.29223	135.474	210.32513	385.06567	280.71854	245.32618	248.36755	303.06709	124.83514	214.23228	149.44039	154.94306	221.55854	140.2665	190.66768	270.49377	122.65469	154.05883	187.17175	152.97013	146.88319	123.60392	302.40887	118.58565	129.60351	131.51932	127.91442	125.0037	113.28629	130.33383	139.23668	148.22006	142.91326	214.80381	183.82066	158.47471	252.65112	252.93586	216.67172	217.87177	205.99218	279.63639	144.59182	200.6414	168.88875	446.06859	204.09625	103.14547	241.11437	264.28284	239.58006	212.26873	196.75006	302.74572	292.7701	197.41286	130.67488	110.82365	109.49585	137.40676	185.26609	145.18507	133.82254	223.09626	111.44602	397.55963	178.33626	118.22885	340.01473	443.07401	210.01223	210.26522	150.2719	155.89988	169.66975	177.86405	151.79217	265.23722	259.44115	178.11732	138.76791	127.86301	167.93998	219.2092	276.82512	262.79903	215.45402	226.08828	253.95132	155.75664	128.89256	106.60716	109.95715	124.55914	124.67671	311.64227	353.68012	167.53816	192.0276	143.51594	159.53425	137.32221	274.60409	456.7636	215.81805	252.3415	257.54917	307.52685	409.74079	376.13999	320.51876	424.40699	145.48469	147.92725	441.54605	185.76482	177.60977	107.95962
GH128	6.05884	4.93163	1.0846	4.87248	3.17012	0.79569	0.78623	3.14061	10.99891	5.40263	2.50054	2.13124	1.68155	3.47158	4.39219	1.82467	1.93839	1.06621	2.10143	4.58943	1.09093	4.48514	4.69679	1.04007	8.80021	1.57451	4.69683	4.84943	1.39239	0.83314	8.66238	4.28726	3.6029	3.58967	2.18304	1.97194	3.97675	3.65374	5.62764	1.91847	4.0874	4.45168	7.21844	8.35726	7.36719	4.07068	2.65846	5.49614	2.04828	1.42427	2.9576	7.0504	1.25971	2.27644	4.80953	4.87906	7.97855	4.66604	14.20327	8.82977	4.21541	2.96649	4.64957	4.39857	0.07951	0.02517	11.33259	0.01868	0.03178	NA	8.12992	0.06775	5.78027	7.05781	0.55102	1.48457	3.08233	1.26898	1.20913	1.28938	3.9068	1.51865	1.03945	3.26076	5.49854	9.0512	9.92116	3.57487	5.75143	3.3505	1.68771	4.70009	6.76787	5.20064	1.42187	2.23592	0.25259	0.91258	0.37606	1.95514	0.31558	1.46285	3.10931	2.01452	3.0893	7.20835	5.71623	4.1954	4.8219	6.02739	1.82018	7.59104	2.64195	1.71852	1.60974	2.76179	1.5716	3.19938	3.69305	6.10284	3.60159	9.19456	3.01218	10.17246	1.32095	1.01719	0.38388	0.54143	1.97538	2.88201	3.78996	5.30477	2.75206	5.88304	6.85199	5.36056	8.15095	7.76986	0.50851	0.73871	11.05755	6.56731	8.75108	2.14616	1.43787	2.17051	4.98624	1.75339	2.9204	2.04409	0.17619	3.76848	3.39189	8.95487	3.6022	3.08867	1.66692	2.29562	0.97927	1.06715	6.77615	4.75286	10.76371	11.89056	1.05932	4.88974	2.55337	4.29101	3.69506	8.08345	4.74004	2.09235	7.26772	1.54756	4.88334	3.61315	4.59897	9.38093	0.43307	1.04471	3.49717	4.56742	0.83907	0.04123
GH129	11.33705	11.56931	20.32188	17.43161	14.5118	8.90431	13.09891	10.59614	18.18624	8.18082	8.21216	5.15369	5.52129	8.19562	6.80016	12.74152	6.95379	28.34034	6.79287	10.86455	5.04789	11.02338	6.14894	5.36561	6.24147	6.83848	10.65911	5.23735	15.1391	22.56879	13.88548	6.50978	9.27204	10.28318	3.62656	3.96502	19.77784	8.818	10.71499	10.91732	6.77472	6.55461	2.42795	10.38776	22.4197	11.16754	20.67758	22.11607	5.95747	7.71889	3.66471	2.28632	19.38741	16.46837	9.18302	15.56767	5.87764	11.46257	26.9623	20.93701	12.00954	19.48835	12.81153	11.71036	2.80142	3.73731	22.97445	3.22365	9.07597	17.04135	10.48456	12.66557	4.96136	8.98165	9.32051	4.52099	12.92598	14.94761	3.32717	7.01569	12.17641	10.71186	4.94309	10.22723	31.37452	19.54847	3.81218	4.07099	4.49243	13.13307	16.60954	8.76626	14.81461	8.8295	6.83203	9.12999	14.47909	7.94837	8.09879	3.96701	10.59125	5.08135	6.85765	11.62686	15.82075	20.92163	7.80305	14.42606	21.66925	10.14618	11.68134	3.84057	14.57543	8.50872	4.02319	15.97706	18.44492	11.06275	16.80435	14.34835	12.60846	3.30833	7.02834	11.43499	7.76577	20.30493	16.11162	16.02427	13.41216	3.12677	2.41756	1.98929	30.49316	18.43898	2.83806	3.51101	4.59393	5.04191	10.86192	5.2165	22.93472	19.95469	14.54749	11.93167	8.81172	6.66482	10.25123	5.4836	9.83636	8.28893	8.51004	7.04566	9.17119	18.15437	7.98494	5.71696	7.34509	4.06172	7.22637	3.83263	21.23347	4.65462	3.43102	11.77022	9.58431	9.90214	8.24035	23.8785	7.79482	1.52595	10.17516	13.04119	6.71844	16.99386	7.04794	14.26888	27.86956	6.48515	18.72384	25.94544	7.64823	20.60339	14.02284	3.49434
GH13	6317.96715	5082.64708	6278.99541	7363.92863	5979.0257	8042.91184	7431.60599	4898.22658	5005.7598	4329.87552	5472.54801	4750.25107	4801.35078	5942.19839	5464.96073	5910.75757	6000.21449	8372.08334	5998.04699	6359.6174	5101.73183	7127.66626	6524.44401	4551.16701	5932.58239	5274.81464	6199.22287	5598.52939	4292.39865	4531.53257	7148.82487	6668.07828	5823.57777	6474.4314	5247.76286	5219.07035	6113.98391	4828.10622	6623.88087	7017.57363	4680.66657	4872.22933	6963.20617	6607.18518	6933.5421	5323.52274	5371.39068	7899.50567	6442.57652	7531.83821	5602.25147	6378.49213	4588.0377	4718.87696	4636.14094	5385.22523	6159.88882	6051.67803	7057.70534	7569.59365	7724.68932	7595.51696	5591.07896	5471.86929	8392.50351	7655.3292	6946.51667	8448.15659	6922.78547	4620.95942	7125.53704	6322.60345	6140.94631	5626.98775	5003.56127	4977.93719	6173.13955	8556.45303	7651.33451	5942.00309	6830.92061	6553.13647	5593.14278	6980.51406	6560.55486	6556.87649	5541.52968	4709.98443	5559.66946	4662.6166	4638.98611	3458.25965	4284.05253	4099.73037	3591.22656	4008.0396	5109.86349	4696.02326	4291.25015	5522.39704	5020.62348	5332.33685	5558.91681	6561.59981	5739.81991	5949.59166	4353.60477	8351.72465	5272.40406	5479.35403	5509.12088	5834.40669	7870.04846	4820.6724	5510.04231	8068.2206	7091.72183	6607.83963	8013.99651	6499.11661	6641.12229	4635.01498	5765.9957	5589.66155	5030.70599	3875.69144	5254.03148	6137.43963	5282.41742	4881.20188	4533.85548	5204.11788	6341.51462	4688.91731	5457.68257	6290.92587	5816.94169	5915.4834	5038.74395	5273.33271	6201.97588	5762.66392	5558.93205	5743.07308	6010.89351	5707.16245	5534.43159	4964.16123	6667.58269	6611.78426	7963.63341	4987.80648	5697.87095	5313.84242	4966.03575	4497.44352	4497.68652	4471.65359	5027.79942	4580.32461	4917.02063	5654.93309	6034.53782	4946.7001	4591.82602	5445.43182	6268.75994	6795.54914	6749.91136	5968.8397	6372.70047	7837.2005	5255.33952	4851.40989	6316.73655	7995.37834	7092.14436	6958.30943	5087.3592	5614.24632	6306.79336	7494.17473	5962.10299	8427.42041
GH130	343.68319	225.52579	293.38301	253.22459	327.61555	216.1726	139.25236	222.80241	209.45758	345.55554	295.87509	270.74985	236.45511	286.49538	269.29624	267.01073	330.19136	185.95715	310.77229	355.81736	291.28007	226.62212	365.15955	198.00591	377.2542	177.86847	281.62462	336.55578	246.49945	235.90878	253.11645	296.63363	364.3829	345.57696	325.09547	316.67769	412.86385	389.10179	263.18482	210.00557	330.52438	309.61328	428.75052	429.47068	227.60974	177.09409	153.53458	247.66102	416.13076	370.57738	400.35234	308.63558	207.81328	207.13148	402.03774	309.21308	336.00302	325.29871	217.18843	378.89893	353.80488	319.23105	223.32273	221.90058	183.06996	215.45064	309.19555	212.05024	177.42925	364.82214	270.86419	265.29854	317.71209	223.09633	270.25587	300.80276	188.02493	183.15502	279.83891	251.33861	153.8975	239.99786	292.76337	256.03625	173.15999	206.11383	276.27381	189.76951	355.71403	148.31674	209.94876	174.95649	161.46289	182.26891	151.95175	187.3563	199.39611	248.3049	179.44649	316.74269	235.37911	237.41489	184.80944	171.3534	214.88322	197.88978	284.04614	291.46048	217.49029	384.98697	361.77914	403.06769	180.85729	153.86101	319.74909	275.67664	294.54707	161.41436	195.5441	375.30892	305.10706	272.3408	242.51736	169.85026	160.10544	146.46424	237.51957	278.58409	194.02618	279.04841	239.36847	379.15809	158.62473	135.26436	283.26269	312.05785	232.46506	225.54303	284.58034	265.20644	167.37383	209.03785	279.39305	367.47743	407.32701	249.24191	217.96403	215.08906	225.64001	182.88349	239.7119	338.54693	252.89137	266.17804	320.91544	192.9435	172.15099	194.24222	106.10743	193.16546	101.47511	251.85226	289.77687	184.62031	250.53779	210.09781	242.58259	192.29101	258.97437	406.68992	209.97961	231.30151	287.46791	331.09228	331.69542	329.27162	307.58289	259.15416	165.67795	173.77524	389.8832	223.24981	242.16736	153.67896
GH132	NA	NA	NA	NA	NA	NA	NA	NA	NA	NA	0.03614	NA	0.02761	0.11282	0.07899	NA	NA	NA	NA	0.13483	NA	NA	NA	0.09988	NA	NA	NA	NA	NA	NA	NA	NA	NA	0.06921	NA	NA	NA	NA	NA	0.11888	NA	NA	NA	NA	NA	NA	NA	NA	NA	NA	NA	NA	NA	NA	NA	0.04534	NA	NA	NA	NA	NA	0.65589	NA	0.08311	0.10651	NA	NA	NA	0.16872	NA	0.10902	NA	NA	NA	NA	NA	0.12421	NA	NA	NA	NA	NA	NA	NA	NA	NA	0.09076	0.11117	0.54419	NA	NA	NA	NA	NA	0.10599	NA	NA	NA	NA	NA	NA	NA	NA	NA	NA	NA	NA	0.05397	NA	NA	NA	0.08298	NA	NA	NA	NA	NA	NA	0.04706	0.05281	NA	NA	NA	0.10642	NA	NA	NA	NA	NA	NA	0.05492	NA	NA	NA	NA	0.08074	0.16163	NA	NA	0.03872	NA	NA	NA	NA	NA	0.10543	NA	0.22041	0.24093	NA	0.06708	0.0358	NA	0.18831	0.09006	NA	NA	NA	NA	NA	NA	NA	NA	NA	NA	NA	NA	NA	0.04075	0.04963	0.05008	0.09773	NA	NA	NA	NA	NA	NA	NA	NA	NA	NA	NA	0.12317
GH133	97.49576	99.42344	80.87516	90.0358	95.05726	169.57015	108.65945	81.40314	89.28682	116.73412	94.25583	76.49085	117.34707	97.63429	59.99995	74.65174	101.94938	80.67761	99.65133	114.80232	100.75064	110.91948	105.69511	68.46015	106.41833	66.26728	77.89953	92.19566	91.20337	73.71701	95.95378	92.64721	113.65175	101.40948	81.09286	87.0635	112.81326	111.22228	117.04753	115.76102	87.10229	94.83363	122.88567	89.03354	78.64646	59.7164	62.31088	87.44806	144.4815	128.0125	142.56923	149.24266	84.05823	91.66217	99.74701	92.95069	99.34252	79.60238	51.1187	110.63953	96.97352	78.30409	76.52811	79.28498	179.04657	168.90336	93.19654	162.30663	60.02677	122.51793	87.53234	67.56512	101.4471	118.07757	87.21804	117.36011	58.8342	57.25974	115.50413	61.28766	73.31987	108.00434	70.86157	107.92889	61.53075	47.27763	91.26397	45.07063	115.75212	47.97356	20.79717	75.11806	90.05349	43.34012	74.05791	78.00523	47.44472	72.48655	61.67149	69.57207	77.38878	59.15556	152.95013	144.99495	104.18109	108.95869	97.70986	91.61968	33.33658	63.28822	71.18654	166.08122	55.35996	43.91801	125.22354	135.23136	118.36312	46.58079	68.57216	140.87003	127.62346	93.19168	98.55681	51.35439	56.63456	80.54944	61.44569	69.94384	52.89382	90.17827	73.48795	162.02732	88.45107	70.28816	150.25317	200.17632	132.20311	132.53843	93.16393	100.17628	87.77429	74.66954	74.46293	82.40008	80.05182	107.58232	85.90664	64.53839	96.47783	125.20057	167.0858	111.20714	99.58042	85.41555	105.96384	53.3834	68.27848	68.32515	73.70434	72.50261	84.01627	152.83351	166.93701	91.50313	96.59942	82.76201	97.00091	43.38317	124.82744	181.06539	98.4117	117.02988	75.15161	83.38077	147.38735	121.51291	104.38362	133.88777	59.06298	60.9474	151.6884	80.79718	91.93905	183.70714
GH135	NA	0.12796	NA	NA	NA	NA	NA	NA	NA	NA	NA	NA	NA	0.05641	NA	0.02782	NA	0.06156	NA	NA	NA	NA	NA	NA	NA	NA	NA	NA	NA	NA	NA	NA	NA	NA	NA	NA	NA	NA	NA	0.03963	NA	NA	NA	0.0463	NA	NA	NA	NA	NA	NA	NA	NA	NA	NA	NA	NA	0.03466	NA	NA	NA	NA	NA	NA	NA	NA	NA	NA	NA	NA	NA	NA	NA	NA	NA	0.04576	NA	NA	NA	NA	NA	NA	NA	NA	NA	0.04799	NA	0.02269	NA	NA	NA	NA	NA	0.02413	NA	NA	NA	NA	NA	NA	NA	NA	NA	NA	NA	NA	NA	NA	NA	NA	0.01775	NA	NA	NA	NA	NA	NA	NA	NA	NA	NA	NA	0.03485	NA	NA	NA	NA	NA	NA	NA	NA	NA	NA	NA	NA	NA	NA	NA	NA	NA	NA	NA	NA	NA	NA	NA	NA	NA	NA	NA	NA	NA	NA	NA	NA	NA	NA	0.10629	NA	NA	NA	NA	NA	NA	NA	NA	0.01652	NA	0.03121	NA	NA	NA	NA	NA	NA	NA	0.03077	NA	NA	NA	NA	NA	NA	NA	NA
GH136	27.31043	57.03634	77.01694	16.27187	19.0012	14.49877	32.08282	20.43024	34.08351	64.74729	38.48302	35.96618	29.75996	32.98782	40.60674	44.37032	43.70792	32.03565	35.66919	31.55231	115.90823	17.30737	58.93898	25.0065	49.63356	39.23353	33.39027	42.65518	34.04589	45.08372	51.78856	26.77645	38.53124	34.0163	122.84556	130.25199	74.2923	65.08924	17.4581	14.40687	81.47559	99.34221	47.78984	46.01126	51.26358	40.51744	36.33952	43.17533	26.75511	61.62374	61.11216	63.00146	33.98221	34.72521	71.98169	61.44089	56.81142	32.83314	59.62649	39.84871	44.68219	35.50651	34.69073	33.51975	35.72304	29.48181	30.34851	35.45769	5.5057	20.41541	26.07598	24.27003	99.30332	58.48746	37.2791	23.56914	34.37093	26.04423	29.17118	45.34223	31.64115	34.44499	30.9905	38.20007	40.62112	30.60125	23.94219	20.04102	26.20966	41.34475	24.13292	53.54479	56.06891	24.34066	15.87718	21.80583	48.60398	35.82638	39.19588	32.56681	40.5563	46.26689	9.48075	22.76921	24.94749	25.58269	33.3208	26.24363	36.15939	38.5811	29.66563	33.83548	23.13711	27.16133	38.88144	32.75376	44.93416	33.77742	38.36979	20.87012	18.95848	45.49059	36.91672	41.6447	45.05862	58.64435	22.30228	22.62274	33.45063	21.01538	21.19674	28.41069	55.33817	25.45546	10.79765	12.64138	25.50292	24.54229	45.19436	38.35064	46.84863	43.93123	43.99487	34.12127	38.34749	53.03008	45.59341	44.85633	61.82784	21.31286	10.81472	74.99505	43.38049	73.96111	80.72043	28.97968	19.10334	39.67857	32.74174	24.10422	47.58073	19.76804	22.82643	51.59445	56.00563	30.05838	61.01745	37.67564	26.57021	31.76622	13.89368	16.60848	63.65351	71.78958	50.15512	27.45311	46.76212	42.71963	17.31436	14.07534	33.02608	20.80645	19.8625	26.66281
GH137	14.03285	46.7503	35.89295	4.49624	3.02237	67.75053	18.43068	9.69529	13.59708	74.24552	38.92013	30.81233	46.87339	11.07706	12.83483	12.33977	16.47112	7.69381	17.08056	40.31323	26.36508	6.18163	13.69336	8.53096	25.15836	7.67059	6.15884	14.18069	5.50103	2.8939	40.89945	52.27395	26.95385	21.46267	37.01575	39.43367	49.43929	46.72578	17.54687	17.69154	27.0636	26.33496	13.19812	14.80895	20.70411	5.27659	5.67906	17.39012	38.62296	17.21563	31.2293	14.11423	4.17581	3.47896	58.79529	35.95437	12.99092	7.20558	1.30153	0.32221	27.49636	19.43094	1.48022	1.52429	7.45851	8.33629	2.4898	7.83272	1.23865	6.87165	19.4774	1.9111	40.47378	56.45464	10.12522	27.46457	7.63933	7.55672	17.15858	11.49095	45.13812	60.33074	16.57695	7.11435	20.87343	8.12722	15.48025	9.8773	13.44077	8.8388	5.77948	11.30371	4.77928	17.91401	9.39817	11.58362	4.88704	9.35137	15.8151	20.50113	18.55364	19.31942	16.00125	14.15804	17.50976	16.0672	19.9857	22.52294	4.75218	16.27732	15.14594	149.35406	7.67184	8.32161	13.83587	13.18161	16.59602	14.3587	10.40637	22.41027	13.46015	21.9734	13.11069	11.42676	7.89828	6.19833	18.43839	4.24109	9.25934	34.73446	9.67022	128.10337	4.78716	8.69219	87.33971	132.88803	46.15767	46.0318	12.4975	7.21875	8.74827	7.48189	5.82462	14.18057	16.37749	30.62242	20.96201	15.89873	22.7582	17.11852	32.05069	36.96061	22.6779	28.09793	38.08972	20.95574	18.73795	23.45672	6.43253	13.10645	4.01885	9.02504	12.63527	5.39601	17.02136	9.03124	9.32813	1.35085	86.47069	157.97926	19.3772	16.12127	10.38247	16.26501	59.23906	33.24423	28.01577	80.65318	12.10478	10.23082	61.22362	12.70277	15.31442	9.54286
GH138	26.93783	72.37229	80.06813	6.84577	5.63966	84.64425	24.24563	18.25882	32.12249	123.24944	46.60879	41.41156	59.24653	19.17738	21.90437	21.64141	27.53317	14.53493	28.27892	80.70822	58.70034	8.35689	24.61256	23.80644	45.94919	20.41429	12.90902	27.82204	48.73097	39.51312	69.63879	85.41644	40.12138	30.86684	79.68165	82.1771	89.11883	68.62569	34.38124	32.0269	55.8124	51.2489	24.04895	25.07583	39.0125	9.74077	10.04419	36.21762	71.77475	32.58292	50.3516	23.11411	45.62218	39.1483	122.64373	72.711	21.6585	11.55098	4.53013	8.89118	49.40996	29.83904	8.07057	9.37634	9.83122	10.97649	11.36708	11.4685	19.79565	34.26559	30.83617	15.13888	56.15082	83.56702	22.35047	59.89113	20.02771	21.25109	35.32148	22.52837	48.63909	64.63068	27.96989	9.7442	44.34533	11.51462	24.04034	13.21423	22.34343	28.48644	18.86761	36.9638	12.89462	31.03064	12.92952	16.74302	10.36084	14.56205	28.47146	50.91137	37.31221	39.48831	75.87175	66.84022	47.53239	40.76907	40.36578	43.09574	8.86212	47.73335	49.48644	236.2538	3.96383	9.87632	25.53716	36.49888	40.15648	18.88161	15.39436	60.92251	38.69221	36.02709	22.18451	19.79198	16.60701	9.88671	19.55923	7.39788	21.06329	65.75288	11.01393	203.19654	7.52649	15.79936	149.51828	222.21658	73.94883	76.1298	24.87982	12.71955	14.47117	10.60242	11.9109	50.16175	53.66026	51.99309	31.41149	30.387	38.25275	25.35493	41.72474	71.15626	37.26054	48.97993	73.15422	34.7184	28.04894	30.44263	9.93288	22.31178	8.52852	32.26213	40.62807	18.32658	31.25135	15.6378	17.45193	6.55865	126.96548	250.33842	31.88046	27.10355	27.09875	34.70378	141.09884	122.77851	58.14485	183.74901	15.97449	13.5536	208.54649	17.21679	24.35865	15.78319
GH139	18.21947	41.60988	43.242	3.70379	2.49869	1.59801	2.42111	10.86088	10.20451	88.94648	33.39428	25.43416	39.25475	14.11442	12.12264	15.90668	19.27835	2.71018	21.68321	47.90434	30.5697	3.97213	17.91694	10.36431	44.28802	8.05657	9.93382	21.22277	5.57327	1.9733	4.40439	2.98634	27.72396	20.67484	50.30427	53.32745	57.16209	51.04572	27.30837	18.27483	32.9425	33.65089	16.23659	17.33784	22.98036	5.048	5.64696	20.83658	58.7474	27.05705	53.12668	18.22737	4.12754	3.62882	86.73437	58.3212	26.2386	16.79536	1.28368	0.3181	36.13154	22.6757	1.33328	1.55293	8.78136	11.09046	0.1418	8.61294	0.56209	NA	16.78342	0.71426	36.03424	51.64873	12.197	39.01464	7.32636	7.29247	19.55824	13.99948	39.21457	55.63464	17.26099	6.41967	17.42495	4.52046	15.96106	8.61016	35.7563	9.4367	0.73484	14.31043	3.40262	13.98217	8.97263	10.27106	3.32781	8.56483	12.91508	6.4987	13.15231	1.77379	8.07711	6.30865	9.32775	8.47834	26.03813	25.40469	6.53681	22.27565	22.08884	15.4573	6.6255	9.33217	18.25594	16.70891	18.93073	15.91802	8.38932	30.91158	16.51954	33.22999	18.14846	16.20519	7.28672	6.65901	13.90546	0.82501	7.39551	43.82636	7.06444	20.12195	0.72446	1.31591	14.95477	6.62556	16.61	17.05322	11.11298	7.20459	3.24658	2.0661	20.68399	20.38074	23.48861	21.47007	12.15149	9.35332	13.13031	6.61566	2.37598	64.65032	27.03963	37.23394	65.03688	22.25059	15.65511	20.90889	4.29514	8.33338	1.49599	4.77316	10.62294	2.84653	20.98714	10.19536	12.74446	1.17373	5.25068	19.12639	19.10326	15.8965	14.18108	19.98391	17.96658	14.39555	43.24436	13.81729	18.1442	18.03316	4.75658	21.52283	39.07104	12.54438
GH13_10	NA	0.0311	NA	NA	NA	NA	NA	NA	0.03316	NA	0.02618	0.05537	0.01963	0.06587	0.25244	NA	0.00994	NA	NA	0.02052	0.26114	NA	NA	1.35965	NA	0.11787	NA	NA	NA	NA	NA	NA	0.03204	NA	3.79184	3.25075	NA	0.11925	NA	0.21901	0.03219	0.01837	NA	NA	NA	NA	NA	NA	0.20935	NA	NA	NA	NA	0.02254	NA	NA	NA	NA	NA	NA	NA	0.0147	NA	NA	NA	0.03752	0.0173	NA	NA	0.82658	NA	NA	NA	NA	NA	NA	NA	NA	NA	NA	NA	0.07909	7.86569	0.21045	0.01674	NA	0.01583	NA	NA	0.01803	NA	NA	NA	0.03826	NA	NA	0.03095	0.01176	0.0406	0.10948	0.01675	0.74211	NA	NA	0.01878	0.03657	NA	NA	0.01327	NA	NA	0.05096	NA	0.2862	1.33807	NA	NA	0.26485	NA	0.46782	NA	0.30675	1.37477	1.1018	0.92718	NA	0.09898	NA	NA	NA	0.01989	0.20564	NA	NA	NA	NA	0.08806	0.07451	NA	NA	NA	NA	NA	NA	NA	NA	NA	NA	NA	NA	NA	0.75475	0.26554	0.06168	0.57766	NA	NA	0.04144	0.09758	NA	NA	NA	NA	NA	NA	0.14184	0.07528	NA	0.25858	0.01016	NA	0.03001	NA	NA	0.04279	NA	NA	0.01855	NA	NA	0.21948	NA	NA	NA
GH13_11	66.18555	51.93222	148.48613	64.48132	83.04922	58.99491	88.88357	44.0573	40.55566	36.12553	37.87922	26.36283	21.72641	87.58441	59.46796	82.04438	68.50526	117.60432	48.6354	110.00798	62.98854	49.82271	75.27855	51.78839	58.47874	86.92123	74.3311	46.12558	18.09929	27.56468	88.90916	55.14593	36.83469	46.73144	62.49703	62.17907	95.99852	48.04496	99.16394	125.98317	48.03493	60.56509	66.61672	84.75735	121.38704	79.22792	101.33883	166.3836	75.52813	137.33524	59.95198	86.93166	23.22931	30.72523	40.60671	58.18781	57.56319	54.69299	141.31524	173.18248	93.75379	117.74671	75.6963	69.97713	49.55881	29.66949	101.50237	62.53063	30.94036	39.57681	163.0319	80.75845	71.67757	81.93886	34.25733	37.09421	80.24792	138.04668	70.94486	27.8712	87.6576	93.10784	32.81104	69.80415	90.26971	80.99491	37.42991	52.41245	86.66991	19.05739	26.01244	20.41182	25.14054	30.60279	30.00315	41.32962	46.36747	35.34831	33.53631	36.94988	43.17751	35.97628	27.05406	43.95007	41.40567	52.85258	44.54177	132.11229	70.62257	35.97595	23.37789	19.3658	157.23097	57.02797	44.58592	158.12368	126.51885	120.37994	145.75014	125.77842	125.77935	42.39868	39.05955	70.04476	52.26022	35.66377	64.3632	65.31028	43.13959	54.04844	41.03834	20.44286	101.23042	51.37265	33.92509	35.80246	40.28061	40.88261	39.07583	32.91905	91.50909	78.07835	59.53208	51.50421	39.90233	63.87289	59.22871	37.63166	72.45893	44.38844	74.83172	42.80323	50.49937	48.35695	42.00612	33.28238	47.26702	30.58815	44.67315	29.89759	69.0173	41.21357	34.38609	47.03441	46.94168	64.72493	76.02658	91.29679	68.24433	16.73594	95.07368	145.38138	40.52531	24.48907	63.87144	138.83952	125.31558	91.88816	61.84565	77.32522	62.83949	122.12856	81.36953	34.58713
GH13_12	1.33513	0.75771	1.35183	0.3622	0.10194	0.0267	0.28092	0.106	1.06683	0.17122	0.42627	0.31465	0.21505	0.54709	0.72278	1.89399	1.61745	0.54033	0.63811	2.16109	0.60338	0.24298	0.07992	0.38691	0.11395	0.23474	0.23051	0.94683	NA	0.07385	5.3487	4.98902	1.32296	1.63313	0.06293	NA	0.51256	0.17776	1.21517	0.3773	0.17313	0.14545	0.20973	1.7958	0.14365	0.28814	0.10667	0.4484	0.23193	0.89573	0.29287	0.9191	0.39987	0.077	1.05199	2.25745	0.23446	0.72166	2.02886	2.04381	0.20053	5.08223	0.70188	0.93073	0.46513	0.10877	0.06732	0.46104	0.13144	0.21542	3.65664	0.08095	1.1866	0.46934	3.38704	2.95877	7.79773	4.8732	0.41685	0.32399	0.63393	0.08409	0.14751	0.39823	2.2014	0.42428	0.62535	0.54569	0.73182	0.16701	0.20146	0.08612	0.1849	0.0881	0.07798	0.18002	0.03207	0.29499	0.17504	0.19112	0.18143	0.35282	0.19604	4.52046	4.33531	5.51748	0.01487	2.52339	0.21226	1.44572	12.56924	0.15201	0.13068	0.45351	0.03239	0.41689	0.89039	0.15236	0.04791	0.2717	0.40784	0.53458	0.30597	1.99767	0.49755	0.04913	0.77505	0.0797	0.50944	0.16124	0.06235	0.11953	0.06688	0.10025	1.15563	0.81169	0.60113	0.96132	0.10882	0.2813	0.15699	0.07083	0.69486	0.38061	0.21632	0.39375	0.10798	0.08889	0.23902	0.3566	0.38968	0.2073	0.09278	0.33565	0.21969	1.03752	NA	0.50133	0.07697	0.04422	0.4017	0.02602	0.66983	0.09584	0.01733	0.04132	0.03145	0.11774	1.48085	0.58117	0.08993	0.15681	0.3034	0.09203	0.50302	2.23263	1.21454	0.04613	0.23379	0.1985	0.26903	0.55902	0.72056	0.32228
GH13_13	0.03874	NA	0.05836	0.01522	NA	0.01199	0.10453	NA	0.02509	NA	NA	NA	0.02375	NA	0.0343	0.01596	NA	0.24717	NA	0.14372	0.02076	0.01316	0.05425	0.02943	0.04949	0.02163	0.07176	0.03959	0.05413	0.10604	0.12196	0.02794	0.1015	0.09134	NA	NA	NA	0.02833	0.12069	0.35261	0.0313	0.02574	0.02313	0.2795	0.01855	0.02945	0.04646	0.04093	0.36782	0.18794	0.01283	0.02487	NA	NA	0.02238	0.03901	0.01988	NA	NA	NA	0.13917	0.13386	NA	NA	NA	0.02952	NA	NA	0.01799	0.81484	0.0938	0.01001	0.02973	0.08532	0.02625	NA	0.04453	0.01349	0.03105	NA	0.03082	0.03111	0.01186	NA	0.13844	0.06477	0.01301	0.0711	NA	0.08898	0.08602	0.07476	0.15223	0.15662	0.0608	0.07079	0.01226	0.03882	0.0474	0.05578	0.03953	0.12439	0.02744	0.0245	0.1685	0.12027	0.03679	0.01548	0.07636	0.01018	0.02968	0.0119	0.02235	0.02195	NA	NA	0.06282	0.0499	0.04049	0.04303	0.04168	0.0689	NA	NA	NA	0.14859	0.04874	NA	0.08451	0.05978	0.063	NA	0.09327	0.06502	NA	0.01784	0.02625	0.0956	NA	NA	0.03419	0.05914	0.10784	0.05631	0.01361	0.03413	0.03933	0.03866	0.02946	0.0896	NA	0.0154	0.01099	0.0324	0.00861	0.01325	0.01524	2.9597	NA	NA	0.09779	0.02205	NA	0.03632	0.06143	0.10224	0.04968	0.03581	0.01211	NA	0.21623	0.14053	0.02858	NA	NA	0.01765	0.04114	0.013	0.14207	0.09114	0.01708	0.06208	0.02639	NA
GH13_14	151.43683	107.13834	90.99991	171.99751	113.08017	178.12855	158.4952	92.13889	126.65135	110.00802	122.39825	73.66149	104.80356	121.25899	121.7572	106.56905	129.28143	198.50118	134.25584	128.54479	90.63338	155.88295	145.60295	69.17901	153.49319	86.86837	120.35601	128.05886	94.60475	78.16142	107.38371	112.79637	145.71371	159.37332	92.06895	96.12426	121.96724	103.1126	130.4593	129.32427	108.03508	102.40216	176.61302	148.41867	148.14669	81.42965	93.58111	150.81106	211.14922	159.65795	131.94267	149.62938	94.21566	106.57088	97.64614	98.67996	119.33905	142.0903	101.87922	112.30374	186.28116	147.28714	80.87093	82.61475	218.12678	194.39128	150.70156	213.95549	226.16298	107.71942	115.74578	137.63546	103.31311	117.97148	95.6967	114.65563	124.53012	240.59798	213.67778	164.15701	215.25797	182.39443	91.96594	160.91911	161.66669	145.92084	94.33674	91.16001	112.84056	75.67354	67.80183	54.16697	76.34096	67.56541	72.45014	81.95357	85.71567	90.08308	60.17181	101.34446	92.88728	59.87641	116.35524	144.58082	115.14118	109.17031	97.22833	199.81948	76.41203	119.55419	119.21879	134.91178	173.97472	85.20107	137.01303	139.82936	131.35827	117.26445	203.62176	134.23735	116.69696	92.72864	139.09913	109.97972	72.74626	50.05128	75.42347	101.00146	94.22994	116.46332	86.88487	113.69974	105.19091	77.71206	132.41713	186.08188	134.7088	135.50847	103.57805	107.4092	118.53475	85.30489	113.29401	114.34054	139.36214	121.7486	111.4349	106.13092	187.25887	127.46113	166.57796	132.38401	144.04568	96.86748	128.62891	93.30759	88.8773	101.8523	78.97229	77.27058	83.58917	145.98203	182.69471	84.85797	99.23528	103.91943	106.87749	133.89014	134.27188	136.1582	117.74135	158.9887	120.5125	131.35415	148.60676	163.30337	167.50047	145.47494	112.36134	134.14056	140.41449	204.10675	135.74247	221.148
GH13_16	NA	NA	NA	NA	NA	NA	0.05867	NA	1.13068	NA	0.50758	0.08237	0.02406	NA	0.17058	0.14917	NA	0.03964	0.02584	NA	0.04728	NA	NA	2.48063	0.03879	0.13145	NA	NA	NA	0.02685	NA	0.04281	NA	0.05126	5.45845	4.56173	NA	0.26499	0.24713	0.548	0.36706	0.06679	NA	NA	NA	NA	NA	0.01533	0.29433	0.02834	NA	NA	0.01671	NA	NA	0.0146	NA	NA	NA	NA	0.01562	0.01357	0.01743	NA	NA	NA	NA	NA	NA	0.59516	NA	NA	NA	NA	0.05918	NA	NA	NA	NA	NA	0.0351	0.23029	16.73639	0.7167	0.03135	0.00661	NA	0.0266	NA	NA	NA	NA	0.01553	0.04013	NA	NA	0.02751	0.01085	0.0192	0.31072	NA	0.73872	NA	NA	NA	NA	NA	NA	NA	NA	NA	0.06026	0.11316	0.46172	2.44839	NA	NA	0.38932	0.01515	0.67233	NA	1.12595	2.76664	1.47972	1.31569	0.08209	0.13648	NA	0.01581	NA	NA	0.03648	0.20468	0.0494	NA	NA	0.06307	0.1042	NA	0.01434	0.17314	1.18625	NA	NA	NA	0.02516	NA	NA	NA	0.13833	0.03211	1.48693	1.02054	0.07658	1.03337	NA	NA	1.64837	0.19615	NA	NA	NA	NA	0.03249	NA	0.18115	0.08954	0.0402	0.41827	0.05767	0.34502	0.21291	NA	NA	NA	NA	NA	0.02632	0.03544	NA	0.43256	NA	NA	NA
GH13_18	47.68183	31.69993	84.55295	60.30983	66.78829	49.62825	57.40382	35.90604	31.79313	26.1441	43.70599	37.09912	16.94406	65.83355	44.35989	62.87336	67.20989	73.80647	50.89262	82.79417	43.99142	49.37035	55.75398	42.09136	45.29091	63.9218	55.36109	30.0805	21.01647	22.64684	65.56753	40.11878	21.209	31.16418	50.1242	47.13756	63.57026	30.05236	67.86905	97.26376	29.83242	43.02232	91.4961	82.53146	82.43377	66.75211	76.91367	109.45735	39.01865	103.82437	56.78953	72.61222	17.62602	16.7356	32.2386	44.54772	72.47276	61.84418	86.24747	111.0993	67.86761	91.19538	53.9731	52.22783	53.30369	40.84372	75.37233	75.98222	17.34793	28.7773	115.51838	50.53527	75.86916	59.49216	27.3895	34.82484	48.89764	84.04091	72.89028	49.57233	60.64212	67.99391	41.73609	78.22199	53.23513	53.96183	29.46622	26.97993	83.04745	17.47247	27.34011	12.05881	20.80114	24.84558	20.73499	30.18327	39.66488	22.19971	22.58682	44.05332	30.82246	63.48342	12.16215	30.23898	32.27808	33.29799	38.28615	97.63785	71.58862	48.63933	43.556	18.41204	95.21362	44.87897	48.17628	129.86028	104.59429	74.71678	76.05829	83.66865	85.10976	18.62186	32.1895	36.13796	29.86978	18.70195	48.2972	40.21681	32.23002	37.62341	39.38163	20.15162	64.68854	32.41085	36.68187	29.30255	39.82283	41.25552	25.06734	25.65787	52.03579	54.88212	79.93105	38.73181	52.96798	72.45938	68.39055	56.78805	83.47483	72.54786	74.72843	27.80205	41.79743	32.3396	27.12857	19.04206	13.22111	25.07222	30.51742	18.35334	53.83065	30.04026	30.68237	38.57941	26.12194	50.50211	85.85269	51.25	63.13213	25.93632	69.93832	106.95585	43.71539	38.93969	38.4276	16.01898	86.40324	26.79323	41.47603	50.48119	35.76129	83.6723	63.52422	34.39415
GH13_19	36.92826	9.72021	4.92219	37.05815	4.93365	5.63786	22.58161	12.77362	12.91763	0.71646	14.76961	13.3111	5.34297	16.02591	19.06283	11.1543	7.9611	116.32317	10.69175	11.39535	16.65584	30.55111	36.93749	3.22586	46.79567	9.4867	39.20418	27.95882	1.69589	4.92596	5.17748	1.82026	39.69875	54.75729	53.7167	46.60094	1.67631	3.85492	0.92066	0.84268	23.19008	20.63724	13.50744	14.68192	24.70847	7.71911	7.50707	17.36512	36.6365	26.70759	5.33108	18.9052	3.71933	2.03494	2.71276	1.66881	14.29043	11.15553	5.03317	8.8009	71.37707	3.57548	10.9145	11.80437	7.85064	5.6129	16.40641	6.28727	54.18435	14.70782	9.23694	21.04133	10.7463	12.55903	11.91912	1.23248	19.63042	82.45598	39.16872	40.42087	21.08477	13.19878	10.44136	54.09055	37.98172	73.62257	6.42827	18.16848	4.56299	35.95066	39.71262	20.53506	50.52172	16.72466	10.71375	15.23878	9.55357	7.96894	4.89208	14.39165	9.50637	5.25796	0.71809	0.89295	2.47573	1.55798	14.12223	70.26845	8.71432	18.29515	8.2367	3.29819	16.49621	12.74054	24.12355	1.4497	3.87104	7.225	29.59895	10.32397	9.17129	5.2784	26.04236	19.19321	5.17263	7.99593	7.37456	17.79224	5.06979	15.59724	12.84847	1.38704	12.33717	15.51405	7.51502	15.95048	14.65548	12.99824	10.51822	37.98551	20.77541	12.41167	10.0462	4.75125	17.51812	14.6214	13.23569	24.32146	76.18332	2.67714	2.51034	5.70573	12.91128	1.62171	5.05068	11.9591	13.93358	26.76977	12.24879	6.24214	18.98269	9.17044	8.66217	12.322	10.79614	13.5799	10.79009	25.71831	2.50988	0.62579	0.74918	0.95367	10.7388	3.19523	9.60048	16.85589	17.71399	11.50661	18.4296	16.08633	7.2967	42.43642	19.94623	4.14631
GH13_2	0.24657	0.16862	0.02426	1.59764	2.05783	2.49635	4.49153	6.31976	5.08605	0.24288	NA	0.30588	0.46953	2.95923	3.18404	4.70648	2.73977	0.33801	1.47002	0.27103	NA	1.76472	0.24408	NA	0.46938	0.02697	0.62804	1.09856	0.77467	3.43497	5.0947	4.53667	NA	0.02623	NA	0.00408	0.01069	NA	NA	0.02834	0.01477	0.0092	0.1677	0.47961	4.41325	2.99153	1.93462	0.4282	0.77734	4.91771	3.72781	2.6148	1.22163	0.71527	0.98621	0.57306	0.74901	1.02136	0.02336	NA	0.28272	0.58454	NA	0.03419	0.44198	0.11868	NA	0.80922	0.67529	NA	0.59628	0.54659	NA	0.21601	0.07537	0.1286	0.24552	0.1885	3.71418	21.89709	0.66962	2.18047	0.7565	1.48321	0.61465	10.79414	0.52461	3.03034	5.78179	50.06364	18.85294	17.23113	6.56987	3.06563	11.66798	4.37484	21.5086	7.66882	5.20283	5.00687	3.81776	5.16185	0.49672	0.07115	0.31045	0.29215	3.62063	0.15262	5.82323	0.0581	NA	NA	5.3756	7.76602	0.45484	1.31645	2.08087	7.45502	2.48669	0.83277	0.64764	0.0787	0.17487	0.10484	0.08675	8.63679	4.36564	12.56375	9.88773	2.0	4.57011	NA	1.29225	4.62033	6.69182	7.03061	8.95345	8.08537	13.2554	5.26411	2.68092	3.19271	2.96504	NA	NA	NA	NA	NA	NA	6.0336	1.78244	0.09788	0.02408	0.07445	0.10414	7.05535	3.00804	2.69003	2.86981	15.97436	2.79783	1.60542	2.45742	3.78619	2.71012	4.89892	1.72106	4.16997	NA	0.01775	NA	NA	16.67413	17.42057	0.7088	0.43192	2.19179	0.58923	7.35262	2.69234	2.42315	0.43536	1.09495	0.97272
GH13_20	59.87192	41.86621	85.43468	95.12249	89.89724	67.03198	65.89621	57.66199	70.32632	42.73717	94.77046	79.73162	78.76496	85.49189	62.54467	59.17577	99.20821	122.42133	53.10225	86.74309	67.32305	99.48034	132.96625	64.33104	83.97195	81.23293	97.75479	62.49078	45.52354	68.41731	109.72251	71.87508	36.14336	43.98064	67.85653	60.74659	60.2129	33.5245	66.9354	135.46493	37.33994	60.80958	133.34526	87.64761	86.26946	86.32305	63.80575	103.47676	37.55084	120.44547	79.40506	108.62221	49.63377	40.35514	34.24417	40.25982	148.90218	139.65606	145.30536	150.48814	98.4294	125.38316	60.13224	61.24752	65.30199	37.28829	103.52174	79.81849	73.88004	61.36936	110.77277	84.45319	159.99151	69.02589	42.32199	43.21667	43.77418	76.61268	117.66681	70.30678	63.92843	74.65583	79.70814	98.0729	94.18869	97.12645	90.64677	43.16009	96.71495	63.40543	66.67619	44.57578	47.27523	45.19508	71.25036	70.276	71.11971	46.15666	64.23483	106.56425	101.48341	155.20844	19.54355	28.81485	51.21169	44.42952	91.31324	95.05962	87.64724	84.95502	78.66579	16.19272	100.9829	54.88019	71.31964	136.20398	104.50484	109.2926	62.26169	79.13524	94.52323	39.64613	70.71495	85.02961	63.45221	62.19253	61.67735	67.05221	106.99975	46.95995	54.91522	22.69245	127.87466	74.32795	37.77164	26.64741	73.7888	74.69606	57.089	67.84797	100.37637	108.71206	114.80908	80.80104	91.29596	69.91945	85.21858	64.19294	110.42542	99.6901	85.60973	43.87564	45.69334	74.25373	42.66733	62.99914	41.97086	51.52536	70.0838	70.89587	52.5465	61.49089	43.69695	62.74525	38.53885	77.8682	134.3068	87.67775	63.35388	22.88323	87.38874	122.947	79.58095	45.58353	67.97883	45.90279	99.97577	42.54532	49.45915	54.57276	52.38504	83.25498	58.13626	41.75499
GH13_21	0.05399	0.68051	1.09928	0.03072	NA	0.02183	NA	0.05447	0.15857	NA	0.29211	0.45506	0.0567	NA	0.01382	NA	NA	NA	NA	1.48611	6.72723	NA	NA	0.35154	0.02157	3.14984	NA	NA	NA	NA	NA	NA	0.12755	0.07288	13.5282	11.85253	NA	0.91694	0.01776	0.20627	1.01109	0.1791	6.87862	0.70461	NA	NA	NA	0.18502	0.43266	0.0427	NA	2.29614	NA	NA	0.17668	0.40316	NA	0.04556	0.26143	1.20848	0.35177	0.21777	1.56719	1.459	0.67008	0.0372	NA	0.15839	0.02235	3.1105	0.1315	NA	0.07378	1.49081	0.42459	0.11058	0.1122	1.11836	0.47948	0.20224	0.03492	0.38151	NA	NA	2.02714	1.09015	NA	0.02955	NA	0.21727	0.05449	0.31513	1.86357	0.40718	0.53779	0.24687	0.15946	0.02912	0.35468	NA	0.21575	0.10977	0.07727	0.01557	0.01321	0.0392	0.06639	0.09048	NA	NA	NA	0.28278	0.01704	0.7204	NA	0.09215	0.90143	0.56201	0.1368	3.19807	2.83068	NA	NA	NA	NA	1.64602	0.12712	0.01305	0.32988	NA	NA	0.40923	0.40068	0.90118	0.92253	0.55095	0.93709	1.10661	0.05116	NA	1.07792	1.51225	0.42418	NA	NA	0.05981	1.73187	1.71221	0.39319	0.28345	0.05303	NA	0.01999	NA	0.01342	0.34049	0.5485	5.07691	0.81577	1.15919	NA	0.08573	0.14383	0.06686	1.76587	0.38324	0.78013	NA	0.28708	0.27344	0.02926	0.09318	0.01514	0.06272	0.05248	0.05454	0.6792	0.01595	0.9717	1.04204	0.02714	0.64349	0.28754	0.48053
GH13_23	NA	0.02869	0.04563	NA	NA	NA	NA	NA	NA	NA	NA	NA	NA	NA	NA	NA	NA	NA	0.02991	NA	NA	NA	0.02121	0.03359	NA	NA	NA	0.01161	NA	NA	NA	0.01595	NA	NA	NA	0.01783	0.02911	0.01107	0.04246	0.09328	NA	0.01509	0.01808	NA	NA	NA	NA	NA	NA	NA	NA	0.02915	NA	NA	NA	NA	0.02332	NA	NA	NA	0.01632	NA	NA	0.01608	NA	NA	NA	NA	NA	NA	0.07333	NA	NA	NA	NA	0.03664	0.02089	NA	NA	NA	NA	0.01824	NA	NA	NA	NA	0.03052	0.0139	NA	0.01739	0.02017	NA	NA	NA	NA	NA	NA	NA	0.01112	NA	NA	NA	NA	0.01437	NA	0.01763	NA	NA	NA	NA	NA	NA	NA	0.02574	NA	NA	0.01047	NA	NA	NA	NA	NA	0.02053	NA	NA	NA	NA	NA	NA	0.04673	NA	NA	NA	NA	NA	NA	NA	0.01719	NA	NA	NA	NA	NA	NA	NA	NA	NA	NA	NA	NA	NA	0.00602	NA	NA	0.05048	NA	NA	NA	NA	NA	NA	0.01365	NA	NA	NA	NA	NA	NA	NA	NA	0.13474	0.03287	NA	NA	0.01758	0.04139	NA	NA	NA	NA	NA	0.01456	0.01547	NA
GH13_25	NA	NA	NA	NA	NA	NA	NA	NA	0.04345	NA	NA	NA	NA	NA	NA	NA	NA	NA	NA	NA	NA	NA	0.06264	NA	0.03214	NA	0.12429	0.08571	0.16084	0.21808	NA	NA	NA	NA	NA	NA	NA	NA	NA	NA	NA	NA	NA	NA	NA	NA	NA	NA	NA	NA	NA	NA	NA	0.19265	NA	NA	NA	NA	NA	NA	NA	NA	NA	NA	NA	NA	NA	NA	NA	NA	NA	NA	NA	NA	NA	NA	NA	NA	NA	NA	NA	NA	0.18489	0.15319	NA	NA	NA	NA	NA	NA	NA	NA	NA	NA	NA	NA	NA	NA	NA	NA	0.08297	NA	NA	NA	NA	NA	NA	NA	0.03925	NA	NA	NA	NA	NA	0.15664	NA	NA	NA	NA	NA	NA	NA	NA	NA	NA	NA	NA	NA	NA	NA	NA	NA	NA	0.01408	0.14421	NA	0.18	0.17768	NA	NA	0.13892	0.14083	0.04311	NA	NA	NA	NA	NA	NA	NA	NA	NA	NA	NA	NA	NA	NA	NA	NA	NA	0.02932	0.01008	NA	0.08549	NA	NA	NA	NA	NA	NA	NA	NA	NA	NA	NA	NA	NA	NA	NA	NA	NA	NA	NA	NA
GH13_26	NA	NA	0.02747	NA	NA	NA	NA	NA	NA	NA	NA	0.02297	NA	NA	NA	NA	NA	NA	NA	NA	0.15838	NA	NA	NA	NA	NA	NA	NA	NA	NA	NA	NA	NA	0.01612	0.08223	0.16104	NA	0.05334	NA	NA	NA	NA	NA	NA	NA	NA	0.04374	0.01918	0.17566	NA	NA	NA	NA	NA	NA	0.01836	NA	NA	NA	NA	NA	0.08536	NA	NA	NA	NA	NA	NA	NA	1.06697	NA	NA	0.02099	NA	NA	NA	NA	NA	NA	NA	NA	0.11226	NA	NA	NA	0.01663	NA	NA	NA	0.08377	NA	NA	0.01954	0.02485	NA	NA	NA	0.05461	NA	NA	NA	NA	NA	NA	NA	NA	NA	NA	NA	NA	NA	NA	NA	0.0155	NA	NA	NA	NA	NA	0.51724	0.04709	NA	NA	NA	NA	NA	NA	NA	NA	NA	NA	NA	NA	NA	NA	NA	0.03914	0.11158	NA	NA	NA	NA	0.01692	NA	NA	NA	NA	NA	NA	0.09363	NA	NA	NA	NA	NA	NA	NA	0.04411	NA	NA	NA	NA	NA	NA	0.02149	0.1606	0.02806	NA	NA	0.0201	NA	NA	NA	NA	NA	NA	0.01879	NA	0.02229	NA	NA	NA	0.01863	0.01326
GH13_28	43.09607	11.76904	0.2733	117.35207	14.37668	66.37951	72.19879	25.39136	33.65563	0.05135	30.45303	13.29633	18.8132	33.91334	31.49682	35.73643	14.75468	140.35735	11.18498	15.264	0.22404	98.1123	39.13157	0.32465	53.08769	NA	44.11339	30.56534	23.17174	21.10398	52.47134	35.64227	56.41379	72.27132	19.09314	23.56924	30.19542	7.08809	44.52301	30.09057	32.60517	34.35332	57.71933	30.89993	61.01655	14.07688	33.83639	51.6469	65.33767	90.49721	21.29934	14.77899	21.75649	33.13665	8.40603	20.28342	22.10547	18.51008	17.12539	1.80666	93.43323	40.24433	8.60665	7.88952	140.89814	113.71386	110.81952	137.70167	277.1071	11.12245	13.70708	49.3208	9.81262	19.18241	14.95858	3.44164	31.09898	116.70411	160.72215	138.61751	50.29426	24.93728	16.04721	90.312	71.91588	108.6887	45.04533	59.28981	9.02595	46.71248	61.93838	23.83082	60.77372	29.08566	19.95854	28.88516	46.39272	38.45994	17.21165	27.01916	18.21682	1.02476	64.72641	59.6922	36.09053	45.638	22.45262	91.57899	19.35427	10.39439	3.47919	13.45183	157.29898	60.76196	36.6653	31.99421	34.1376	77.08495	170.86331	52.72842	20.91215	6.82348	87.86517	38.50784	6.48699	14.06707	18.62028	63.92616	13.03304	45.54756	32.66028	13.42756	41.04968	33.35656	19.83493	30.07353	46.12388	47.08334	35.55726	44.11851	70.12705	25.14899	29.5959	NA	10.98479	23.94845	16.21099	22.25113	49.46976	30.43302	71.61266	13.64046	36.08592	2.4459	11.60676	25.33959	34.37841	28.11021	32.44448	11.89391	54.18858	20.29145	27.09005	42.93706	14.4257	26.80156	12.22484	54.19018	8.91681	6.72073	25.86979	54.91638	19.19975	6.17982	15.6062	30.85088	29.69038	22.70772	53.51417	52.50765	7.68277	105.66519	59.34454	171.20756
GH13_29	20.71114	7.34281	3.57069	9.3424	5.02429	6.14844	5.9992	3.55542	2.74088	5.76886	5.61638	4.88399	3.76362	6.53294	9.35456	5.39344	5.70014	3.17037	25.90874	20.43901	13.34982	7.00298	4.47653	2.6035	4.15765	7.30405	7.39257	6.35214	5.19171	5.24621	10.84702	12.75589	18.33351	22.78383	13.35254	11.56648	16.9665	12.95474	11.75243	11.35119	3.14181	3.16506	5.27914	5.20923	9.24859	7.88335	17.05669	7.21121	12.00625	3.43508	2.14895	5.87031	4.12917	4.76972	5.65115	9.0973	4.03394	5.31655	13.26612	28.46691	6.04021	12.30393	13.01857	11.50187	4.78932	2.71483	4.93655	5.53542	13.80505	14.32309	9.10327	9.25463	4.54416	8.1363	8.1916	10.2079	17.57055	21.4185	2.35821	5.66063	17.87133	12.28175	4.66051	6.005	10.23871	8.74157	5.46237	3.22284	1.38722	5.70085	5.92452	3.64398	6.53176	11.58474	0.89861	1.10197	1.45522	7.21693	3.64047	4.57104	7.30192	7.54799	1.592	6.90527	9.04083	7.52929	1.50408	25.64602	4.22036	7.58911	21.35289	6.29618	3.13503	3.48236	3.35398	11.73725	11.47884	4.79943	6.11251	7.59925	8.29472	5.81827	10.08625	8.5753	11.55402	7.96223	9.28877	5.07402	8.4498	2.95536	3.76034	5.59806	5.70104	5.02642	7.19316	4.16472	7.24418	7.69097	8.13235	10.93275	4.15702	5.7576	4.54475	11.56454	10.68928	4.19181	6.07158	4.61884	6.54627	4.15719	3.82872	5.55879	5.0441	7.38056	6.69788	2.64733	6.20177	15.05819	6.34051	9.78618	9.20701	8.25373	12.07957	12.1985	3.45387	2.08095	7.52688	4.51717	15.95671	8.58406	12.72408	16.78418	6.38236	5.95477	8.34552	21.08007	14.05664	14.32517	4.10476	4.10306	7.82036	6.2662	4.13934	3.43381
GH13_3	8.46424	3.32656	50.16855	4.55623	4.60473	8.47496	10.57226	0.42344	4.23888	1.30294	1.52249	0.92006	0.23493	8.13818	3.55923	19.58773	4.12517	12.61172	5.49718	17.46148	4.36435	2.77093	3.58678	3.80099	3.75403	7.16129	4.08761	3.06275	1.57975	6.96139	9.35208	3.8882	4.31569	6.37996	1.11315	1.80887	32.50112	13.03088	20.81124	18.30415	1.95949	0.8677	0.056	0.19288	23.10286	4.12691	36.63587	22.40946	5.94755	2.96603	2.57983	0.79626	4.6931	5.3598	5.94591	16.83937	2.20469	11.37239	25.31899	20.14076	13.66605	29.23544	13.84455	13.82425	3.41923	1.58028	12.46893	2.87894	0.42485	3.61931	19.00671	0.17689	3.54535	13.45506	5.23855	6.60747	25.0416	55.58366	4.67605	4.85182	14.66466	15.13648	0.10216	1.57445	28.97777	17.91097	2.01349	15.16219	2.77492	4.96175	7.5961	1.53379	5.01255	7.39806	0.2494	0.63036	28.08827	11.19008	5.77939	3.17843	1.0476	0.79886	0.80093	1.36495	3.06794	3.22521	0.04467	23.72981	14.71716	0.02106	0.02694	4.23395	49.88114	21.79106	0.42304	21.24345	18.98938	34.71246	56.86397	25.47178	7.76495	0.21653	2.72345	3.85697	0.38858	3.25636	10.68791	13.59881	0.07672	10.46237	5.06128	0.44164	8.88188	2.38096	2.27944	3.79612	4.39503	4.60868	10.234	11.42241	11.34871	3.22211	7.90309	0.07971	NA	4.17595	2.51246	0.43314	2.93014	2.56973	8.66803	6.55206	7.99036	2.87449	6.81006	2.43241	0.60633	1.61846	1.41926	1.39257	10.38672	2.80981	2.34297	2.19487	8.0724	9.35289	8.9573	22.64081	2.83902	0.50096	16.90759	26.29589	2.33078	2.27534	0.66735	2.23213	28.67786	0.77573	20.47789	27.35818	0.78615	22.21088	17.75347	4.07157
GH13_30	6.3123	4.93573	32.44232	4.74253	7.03213	11.46713	15.17556	0.70121	4.48471	0.88031	2.99156	0.71231	0.71456	9.46527	3.39347	15.11734	4.26093	17.05842	3.8448	8.80972	3.0356	3.85144	2.6786	2.91444	2.85053	4.10833	0.90557	1.44099	2.84675	9.90374	11.46318	5.12588	3.53347	4.77503	1.71259	1.96154	27.34374	10.06908	28.93572	23.25968	2.60487	1.90199	0.86531	5.16891	13.14005	2.1259	18.23784	8.90615	2.62616	3.62982	2.21615	1.29063	7.39356	8.69143	7.42759	16.79693	0.80171	4.05281	19.55698	9.00756	21.72282	30.19342	11.44658	10.78356	4.5402	2.22839	19.44323	4.10602	0.44135	3.59919	23.34462	0.41057	3.76134	16.31035	5.40247	9.5719	35.96394	81.22883	6.21579	4.90669	8.8518	20.84142	0.34395	2.02611	33.07804	24.53972	3.3727	24.20833	2.67785	4.62005	10.25948	1.60951	5.76441	9.16387	0.04083	0.12255	19.44384	9.20777	0.95426	0.71215	0.35582	0.14229	1.68175	2.22985	4.89536	5.58597	NA	15.31094	4.33671	NA	NA	3.53935	83.22287	34.83627	1.60096	19.4703	19.82385	58.12663	94.07328	26.72851	11.0662	0.02559	5.36568	3.8739	0.57125	1.80018	7.93154	13.58802	0.53751	14.22749	7.33677	0.88004	11.44963	3.82145	2.37655	4.33441	6.15248	5.68536	8.77637	8.8534	16.08584	5.116	1.69574	NA	0.01477	2.60864	1.86071	0.87726	2.96839	4.0456	11.02663	7.53445	11.79479	3.05235	8.41878	0.16539	0.59579	0.05542	1.91742	2.79225	16.41027	5.82841	5.99635	4.76741	8.91228	10.39413	7.45821	22.58133	5.45612	0.75525	14.33163	31.95279	4.48546	3.37196	1.04527	3.81627	14.63296	2.69223	18.92555	29.31565	0.96667	26.05659	19.58783	5.36035
GH13_31	59.15354	67.17321	90.95776	84.61878	78.9396	53.17103	65.83378	42.28823	49.11312	28.85802	29.01339	37.78745	27.1461	64.82187	53.63677	74.85484	62.73324	91.63102	47.04169	86.95017	58.5964	81.91067	73.68845	39.99621	49.7017	65.6034	55.20121	41.46791	34.38118	51.09454	69.55308	50.17181	25.50646	31.50249	47.59649	46.1454	71.65376	40.36707	115.37001	102.23135	52.66296	50.03111	71.50031	69.04577	83.2589	60.19136	82.48034	122.74382	34.89104	109.73679	45.96638	52.93255	44.55547	37.66921	39.6552	71.28122	36.91389	59.36614	85.54328	134.88226	81.86041	117.59975	50.57912	50.1492	40.35149	35.70739	80.68715	53.06373	44.47111	46.1721	137.20503	70.79151	51.60514	63.92313	32.96647	35.22498	66.66553	86.9142	59.49613	45.1884	50.35514	55.77078	34.57864	54.79434	67.63701	66.37612	37.40214	45.7022	78.24366	45.02779	69.56986	36.31546	58.89137	40.46165	30.3949	33.62669	69.40931	50.35506	56.23174	45.17498	66.89101	50.1777	38.78305	63.78502	54.17647	59.16343	34.14832	92.4016	58.71658	57.17518	96.9487	19.57292	78.98079	37.60078	35.57568	92.61591	83.77273	68.93654	65.64008	67.12681	72.70277	30.09337	48.06208	61.23692	41.4878	58.14683	77.263	73.67639	66.74075	38.31748	41.31095	16.01589	89.39321	60.96697	26.00372	21.55081	30.93351	31.00572	57.47131	55.25141	70.38229	75.04516	56.47909	99.97267	80.99473	49.32863	49.85356	34.76308	52.0335	39.07902	55.1063	54.85032	54.50098	92.72205	56.32167	27.93899	31.85595	32.43809	58.99582	47.32694	71.83549	39.30516	33.15298	46.18382	38.67384	49.62649	65.85255	100.27038	61.69335	12.64907	101.00312	115.23177	32.06672	23.00173	61.19794	91.43054	103.04152	69.75377	42.29695	49.09134	47.96044	74.2915	48.15711	32.27488
GH13_32	1.92734	0.3128	NA	1.49329	2.73331	4.06118	5.47359	0.16486	1.81955	0.0178	1.02697	0.09978	0.15727	1.76156	0.71572	4.53108	1.11682	7.42599	1.82979	3.67408	NA	1.57588	0.32101	0.02067	0.15072	NA	0.32472	0.25148	0.9795	3.39401	6.35833	3.10486	0.67824	1.19428	NA	NA	6.18603	1.25876	12.22317	11.07699	NA	NA	0.01074	NA	2.87313	0.83834	4.2332	4.95979	NA	NA	0.01454	0.00893	3.23424	4.61603	4.22649	8.97769	0.41523	1.44418	9.31763	0.04337	11.05536	18.35075	5.03093	4.00031	2.94013	0.84975	10.15149	2.60415	0.25859	2.89014	0.37512	0.31643	0.18369	2.21489	2.97424	5.24454	12.79389	37.22411	4.42346	2.67328	2.59374	8.61142	NA	0.02052	10.98845	9.75462	1.54664	12.09467	1.30418	2.12635	5.07201	0.60905	2.47039	3.93939	0.096	0.10841	4.21069	3.1038	1.47118	0.76198	0.18228	0.07641	0.65108	0.41363	1.90547	2.37166	NA	7.53117	1.94858	0.02939	NA	1.05431	40.14598	15.167	NA	10.11579	10.86682	25.27444	45.21421	15.8816	5.06259	NA	0.51054	1.1173	0.3544	NA	2.61514	5.46293	NA	6.45838	3.39522	0.08285	5.86164	1.89066	1.04352	1.28467	2.59001	2.53607	2.23724	1.9082	9.99163	2.05004	0.85909	NA	NA	NA	NA	0.0558	NA	1.70222	5.25313	3.06087	5.39072	0.61914	5.05212	0.97781	NA	0.06762	0.56055	NA	5.60954	1.11064	1.50072	1.63442	2.68867	4.38521	3.67422	10.97025	0.90522	0.29845	7.55235	17.1138	2.58779	2.17396	0.23776	0.63812	NA	1.11781	13.852	21.12571	0.48719	17.105	12.7211	2.23717
GH13_33	0.09421	NA	NA	0.07406	0.01606	0.06018	0.06558	0.0683	0.54076	NA	NA	NA	NA	NA	NA	NA	NA	0.08861	NA	NA	NA	NA	NA	NA	NA	NA	NA	NA	NA	NA	NA	NA	NA	NA	NA	NA	NA	NA	NA	NA	NA	NA	NA	NA	NA	NA	NA	NA	NA	NA	NA	NA	NA	NA	NA	NA	NA	NA	NA	NA	NA	NA	NA	NA	NA	NA	0.06919	NA	NA	NA	NA	NA	NA	NA	NA	NA	NA	NA	0.01853	0.06121	NA	NA	NA	NA	0.65841	0.45726	NA	NA	NA	1.40943	1.41178	1.38331	0.92165	0.91247	NA	NA	1.26698	0.59962	0.34585	0.13566	NA	NA	0.3528	0.69295	0.49012	0.42435	NA	NA	NA	NA	NA	0.86985	NA	NA	NA	NA	NA	NA	NA	NA	NA	NA	NA	NA	NA	1.08529	NA	NA	NA	NA	NA	0.61088	NA	0.05465	NA	NA	0.03478	0.03678	0.491	0.954	0.0858	0.26889	NA	NA	NA	NA	NA	NA	NA	0.60651	NA	NA	NA	NA	NA	NA	NA	NA	0.68047	NA	NA	NA	NA	NA	1.48201	0.89761	1.49558	0.26239	1.68129	0.62495	NA	NA	NA	NA	0.85984	1.04656	NA	1.1618	NA	NA	1.07151	NA	NA	NA
GH13_36	48.27475	30.69016	29.1475	92.08705	67.511	34.79144	44.87507	42.93301	35.49921	15.33958	54.17798	49.45762	33.27692	55.78938	41.24505	44.93358	66.22526	101.29908	28.67131	46.79477	21.34859	80.80807	86.38537	27.91396	56.81573	32.69133	67.9844	51.55789	18.68649	34.09061	39.82577	32.40519	27.08745	38.72755	43.63302	40.492	20.29816	9.52158	25.0207	47.71496	37.88997	50.88547	80.57646	60.17833	52.4966	45.43043	34.29664	59.48766	44.78141	86.95523	44.78615	61.74188	19.27867	13.14645	11.08768	6.80276	76.60791	51.19001	44.57634	62.36687	57.02647	31.16076	25.14327	27.79766	30.19324	21.08941	75.13844	38.16348	127.93195	23.14819	75.70249	63.4802	85.12484	31.74406	24.95681	20.70137	34.02877	71.46325	114.13367	70.84187	27.38609	30.74492	67.072	78.94529	35.0556	61.15031	73.98441	41.85361	57.36104	30.41692	49.65569	21.42416	37.31658	21.74971	24.00811	29.73361	15.00161	24.06675	25.66696	51.57612	38.63395	58.34755	7.44337	14.72851	23.25641	22.10526	41.04974	70.60858	35.15815	51.21301	29.35779	14.20752	53.02951	19.56318	53.98707	68.077	48.36952	36.61024	40.31249	38.79161	49.4607	22.6297	69.92673	41.99164	29.5927	14.52668	38.4385	54.32674	34.8719	32.16969	42.80226	14.88503	54.01383	41.17356	27.47806	22.98908	38.04191	38.92985	17.9722	27.03606	53.40392	54.83839	41.64325	39.69877	55.01918	48.75502	43.07402	40.83006	88.43079	35.45102	42.24977	21.759	28.4803	18.0338	20.21875	24.28463	34.20703	35.39917	37.59979	36.35649	30.22979	31.66615	22.6082	37.9861	13.46596	39.39067	67.07835	39.09269	34.65569	18.52098	33.52008	46.1583	36.02403	23.48826	37.26881	21.15185	48.00381	25.55953	28.52042	29.27666	34.74717	61.48863	39.46551	16.65583
GH13_37	NA	NA	NA	NA	NA	NA	NA	NA	0.01733	NA	NA	NA	NA	NA	NA	NA	NA	NA	NA	NA	NA	NA	NA	NA	NA	NA	NA	NA	0.02965	0.10717	NA	NA	NA	NA	NA	NA	NA	NA	NA	NA	NA	NA	NA	NA	NA	0.03842	NA	NA	NA	NA	NA	NA	NA	0.04837	NA	NA	0.10376	NA	NA	NA	NA	NA	NA	NA	NA	NA	NA	NA	NA	NA	NA	NA	NA	NA	NA	NA	NA	NA	NA	NA	NA	1.94793	NA	NA	NA	NA	NA	NA	NA	NA	NA	NA	NA	NA	NA	0.05541	NA	NA	0.03784	NA	0.15744	NA	NA	NA	NA	NA	NA	NA	0.11554	NA	NA	NA	NA	NA	NA	NA	NA	NA	NA	NA	NA	NA	NA	NA	NA	NA	NA	NA	NA	NA	NA	NA	NA	0.04367	NA	NA	NA	NA	NA	NA	0.01487	0.07944	0.06438	NA	NA	NA	NA	0.05044	0.01922	NA	NA	NA	NA	NA	NA	NA	NA	NA	NA	NA	3.30566	4.49631	NA	0.14178	NA	NA	NA	NA	NA	NA	NA	NA	NA	NA	NA	NA	NA	NA	NA	NA	NA	NA	NA	NA
GH13_38	49.9453	87.81356	79.14762	19.97827	35.94319	143.71619	66.16385	54.44771	62.70171	104.8084	54.56355	42.03416	73.28296	39.98507	25.05508	25.24487	38.90855	4.77836	56.9502	57.49808	101.79828	18.28474	34.19499	91.44867	64.3585	54.86271	30.90728	54.93254	74.66704	47.81096	75.21019	83.36367	106.45355	89.32849	59.37956	65.47244	76.62439	97.89886	55.1934	36.00825	72.38801	73.94819	36.76578	36.84734	25.58687	8.55856	12.91416	20.05637	110.00541	50.36609	95.04669	95.58433	72.84459	80.10021	89.37522	75.83566	68.00526	27.64861	3.73492	23.77241	46.91079	28.67034	27.15153	28.29501	144.30802	137.74675	14.09293	113.67916	37.59381	69.64859	25.51874	30.12511	72.66543	101.9397	66.57597	96.92263	40.21574	37.98687	29.91005	25.9668	54.35797	71.40908	36.62299	51.8374	29.95089	18.41141	29.20638	26.50359	42.22156	25.83033	10.18316	41.15624	12.7876	42.08142	28.81713	27.68286	78.40974	43.22569	24.80096	44.52332	30.37094	22.84872	140.59547	129.77761	82.40129	88.6094	39.18719	33.43958	20.13855	31.29703	42.23326	170.22339	18.50558	34.8132	100.54837	47.67071	51.60607	29.35302	35.84121	87.05871	59.83593	69.85561	41.68691	24.07857	22.3369	26.96116	19.85347	29.39665	26.54469	52.66603	26.86429	157.69006	9.01127	15.00936	125.3808	179.66369	89.18306	89.54909	74.75733	66.92536	33.14609	18.69891	27.26775	40.54412	36.77954	55.44718	34.51188	43.63907	47.71096	89.52126	131.73037	80.74405	51.43446	43.41267	76.8313	34.80732	54.14511	44.37875	23.2154	44.70278	14.78115	106.68621	140.85377	34.65566	88.34874	35.51343	42.69223	29.74427	92.98552	179.20991	41.5741	35.67036	63.22892	83.62693	128.74626	111.51654	43.87425	136.84842	41.09607	42.42847	150.57937	22.77926	31.74784	167.70846
GH13_39	90.40095	51.50615	22.19787	87.81053	61.00747	48.70655	78.45391	80.34705	81.63656	42.94168	71.21712	60.33958	56.5581	112.13395	110.99846	87.89044	75.46774	89.80737	67.3029	55.05594	23.62987	75.63716	57.92342	30.51187	59.79728	37.02207	59.82958	68.31367	77.57394	74.15549	59.22596	56.40409	63.88268	80.21423	52.14597	53.17921	59.09113	54.07423	44.39583	36.32206	77.05664	78.14861	51.2459	85.34058	74.12745	99.49419	82.19243	64.0455	74.58299	73.90194	49.69066	33.23737	44.54243	63.91192	42.57164	58.35881	52.33774	81.15854	44.27351	38.39924	78.26097	81.50726	49.73178	54.29587	46.56848	70.75429	57.82803	66.0747	129.26701	31.99318	44.85954	70.49156	35.13905	39.72438	62.81701	46.41836	80.5152	66.69056	91.43678	112.65174	94.53996	78.9053	52.81042	59.00126	91.25947	118.82005	78.96166	107.44061	56.31667	129.83276	139.32248	118.22189	121.05501	139.79335	88.19122	100.11482	137.53419	116.53411	112.393	110.73465	98.80625	83.18554	46.20469	46.4405	79.6655	89.00187	80.70279	91.63482	111.67267	34.9801	25.64318	48.60605	92.1954	112.26809	34.4775	35.80873	35.53389	96.60623	100.39318	21.83969	31.78422	59.10823	74.90989	93.38519	90.03021	113.22241	81.39294	99.67104	96.06274	93.21478	118.56144	54.06011	102.51065	132.90222	53.33568	56.17987	69.97596	69.53906	109.1855	110.31356	96.67247	113.24119	92.99823	33.46265	35.38824	99.52829	108.58924	127.10228	97.18489	66.23023	52.31407	54.63947	68.9661	38.77211	54.61371	70.91408	73.21122	85.65094	70.99624	93.15656	85.3479	50.4418	44.82008	74.96068	69.11992	90.75025	58.75248	110.98184	61.51261	44.04532	50.56316	49.95563	40.71876	55.54832	83.33578	144.99195	50.29277	118.53062	121.10529	124.17968	85.73761	117.85081	87.32647	38.99986
GH13_4	62.57044	67.25961	83.59696	48.41427	48.77803	30.84043	52.36384	21.69914	27.11034	31.6847	57.15921	26.58472	30.78332	38.04898	48.08464	55.7598	51.95487	68.74797	78.1537	65.42383	31.22858	40.98033	61.98152	47.41236	40.69171	62.71174	59.40475	53.98878	20.59247	38.22497	52.01067	36.21913	55.14534	63.27743	33.69097	32.26936	76.9781	44.1892	67.96388	57.69315	29.55305	20.86314	37.05596	61.93003	64.10626	40.05801	50.6541	79.40776	42.30737	38.57359	27.28817	29.13119	30.06219	34.48221	36.78219	60.01936	31.94201	35.79488	95.32417	89.39372	57.80227	89.13494	60.84307	59.46397	27.23999	30.57648	44.38542	39.49369	36.99075	35.59376	71.23551	58.44552	47.8956	64.40685	48.76944	43.78459	73.22233	70.13586	22.832	21.12395	77.47012	34.13209	42.48381	34.16716	60.56001	36.19292	43.80711	25.28226	27.15887	18.97345	18.78461	6.99974	15.23102	20.00898	11.65365	12.42812	12.15102	20.87354	46.70662	35.78863	59.16258	47.66585	32.87708	47.48289	38.7531	48.42987	11.14947	96.90396	40.51557	45.82983	34.6967	21.39957	43.2797	32.11403	25.55995	53.89579	53.62512	38.99986	51.86576	28.86919	44.12784	29.55048	32.06074	44.15685	40.35137	18.1404	40.09531	51.91272	42.1555	21.19494	22.65881	11.81819	55.06521	32.1038	23.09931	24.94616	32.02032	31.57632	24.10481	22.93569	49.38379	49.4383	45.45168	72.39938	54.87117	33.70789	31.34711	22.95368	24.53649	35.32422	28.32757	56.76	69.37292	78.76792	59.25646	24.9261	24.00327	29.25844	26.02457	44.86216	39.37986	28.79427	36.2152	30.55322	34.04408	35.20711	32.91187	69.07486	58.36713	16.56602	64.1229	71.93599	47.90445	46.29271	46.84363	117.55102	75.44797	71.74995	17.13388	24.90771	38.61627	42.72536	36.59359	23.91499
GH13_40	NA	NA	NA	NA	NA	NA	0.01546	NA	0.00692	NA	NA	NA	0.02311	0.04528	NA	NA	NA	NA	NA	0.0593	NA	NA	0.01034	NA	NA	NA	NA	NA	NA	NA	NA	NA	0.04503	0.0063	NA	NA	0.01469	NA	NA	0.03576	NA	0.03582	NA	NA	NA	NA	NA	NA	NA	NA	NA	0.00229	NA	NA	0.03132	0.05792	NA	0.00784	0.05445	NA	NA	0.3689	NA	NA	NA	NA	0.03048	NA	0.06098	0.0906	NA	NA	NA	0.02697	0.01448	NA	NA	NA	NA	NA	NA	NA	NA	NA	0.01574	0.01648	0.04652	NA	0.18277	0.01696	NA	NA	0.01527	NA	NA	0.01563	NA	NA	NA	NA	NA	NA	NA	0.04154	NA	NA	NA	NA	NA	NA	NA	0.07459	NA	NA	0.0363	NA	0.02641	NA	NA	0.01672	NA	NA	NA	0.03179	NA	0.04472	NA	NA	NA	NA	NA	NA	NA	NA	0.01516	0.02533	0.02294	0.1434	NA	0.03024	NA	NA	0.01418	NA	NA	0.06202	0.12559	0.06369	0.02285	NA	0.01692	0.06334	0.00809	0.08844	0.03904	0.04387	0.06252	0.09891	0.00674	NA	0.11676	NA	NA	NA	NA	NA	0.02193	NA	0.0556	NA	0.0317	NA	0.01634	0.03116	NA	NA	0.0049	NA	NA	NA	NA	NA	NA	0.00697
GH13_41	9.28151	14.07624	27.90139	12.17889	20.8707	24.93535	30.07157	9.55012	4.92676	2.15335	3.48083	0.91157	1.7231	30.15907	13.58864	12.10901	35.88219	56.232	11.21577	13.15722	19.75961	14.22743	30.13887	20.58316	15.93803	17.66377	10.24318	17.23059	4.66767	7.64248	19.27821	12.25644	5.51529	8.35151	24.12797	22.14322	12.94267	4.53002	5.01025	26.86239	11.28604	25.7076	34.48122	24.17738	24.51235	27.20545	20.65714	30.94648	4.37453	18.33161	14.72311	39.55544	1.39846	5.49138	9.85385	8.83358	33.63761	38.32862	0.95574	6.98828	20.56757	7.88489	8.48114	9.06333	17.66862	3.79172	8.53307	14.90596	0.02316	0.50491	11.29598	4.16931	22.74868	7.48063	3.34221	2.1598	4.26925	4.87417	11.39094	1.34456	8.65279	12.52305	13.01588	30.88638	10.8598	7.16625	11.06038	3.80039	6.20678	2.28369	0.88242	1.39353	2.44892	2.98656	7.6142	3.33214	1.15749	2.74458	1.65467	3.95631	7.31815	6.40731	5.00768	10.51806	9.31982	11.03259	3.01601	15.05939	5.75102	3.41362	5.15769	3.54185	14.83301	1.75744	24.60255	87.39071	57.59623	28.95357	9.17812	48.13717	58.59154	3.44928	13.39459	12.25933	9.146	1.63592	7.38746	5.25065	12.31	8.79743	10.01853	2.94252	41.25456	14.60788	3.85276	2.22276	5.89761	4.93311	4.33468	5.40413	25.87337	25.47796	9.71831	8.72979	6.968	29.80648	32.89443	19.02288	34.43762	22.1488	29.6819	7.10619	4.41132	8.13924	7.2158	6.76599	2.89629	0.06955	7.37072	3.92185	14.90555	13.18325	5.33689	10.7265	9.3649	31.32224	48.41808	14.47332	31.03624	8.67995	18.74307	16.7182	2.98954	1.11048	15.99446	5.24617	12.26896	8.20168	9.74684	14.37776	1.9427	14.39525	17.09328	5.00508
GH13_42	22.50899	12.75024	NA	33.81761	7.17473	345.09509	189.2769	27.30441	26.2521	0.04456	15.41072	7.56025	4.26458	38.03605	44.17751	20.81218	15.00458	73.36734	6.86897	1.58422	0.14226	25.76421	25.22924	0.05348	29.37883	0.01254	25.51346	17.19855	75.23859	42.35772	191.08411	201.35663	29.79667	39.5398	24.20861	26.24178	1.44293	0.09552	NA	NA	37.33788	39.25507	13.40755	23.27324	57.34994	12.49664	17.11873	34.5778	79.04454	48.25586	0.03485	7.17748	57.64363	81.27523	0.09254	0.12132	20.08145	13.88447	0.17111	0.80652	45.2945	0.24182	0.08382	0.1446	333.24793	316.27867	16.18906	265.97851	99.9907	7.56505	13.6372	18.57671	10.48453	13.62588	10.14247	0.05656	19.06158	90.91095	41.26348	40.04509	52.5346	19.48018	5.3292	46.66924	21.6797	48.06327	11.0054	37.49188	8.68768	27.21888	28.62912	13.5909	36.26981	11.21523	24.49955	35.41766	17.01527	14.60493	18.90439	53.00496	29.23186	30.98437	205.72142	197.23419	98.27945	121.12347	32.34188	41.36574	12.86068	13.53464	4.8156	314.72748	37.18957	20.67749	18.4042	NA	0.00805	8.71518	79.16556	0.01366	0.03748	7.18433	26.79512	43.04062	6.24151	13.78625	25.67381	100.40315	39.19974	31.9105	30.16734	260.64151	28.91651	35.9927	16.69717	30.26631	29.92735	29.933	10.36878	42.97074	51.17182	23.38537	9.11826	0.01813	13.47327	24.82007	17.28257	29.3555	79.95786	163.5356	285.55361	9.45004	26.27171	0.11231	8.00941	25.75366	30.27291	32.45517	25.34753	8.85519	41.67026	8.4917	16.40228	24.84182	14.49004	26.13938	10.69141	50.75389	171.69124	339.73712	NA	0.05902	16.0306	2.87447	19.53974	38.07839	33.61804	24.45367	45.37705	42.22481	8.90129	100.90321	41.07656	402.44719
GH13_5	31.14253	21.88021	25.57626	49.31081	37.95091	19.66897	25.39357	58.87379	36.01302	43.26745	39.09874	72.17022	55.99355	30.68908	37.80631	54.94146	35.05319	17.91234	52.7457	16.83602	37.53518	64.87225	21.1586	47.22842	18.57742	47.26015	39.67957	39.10241	22.28284	41.42815	22.97446	56.96924	114.13794	100.50235	43.7232	36.82785	13.04587	61.89887	49.10159	39.67934	19.70789	22.28788	53.95855	32.24401	19.84644	14.73641	32.66545	19.7825	30.14529	22.1208	23.87043	52.84009	26.59428	18.27522	16.31496	21.23579	51.95997	32.28129	24.61514	56.98592	10.20943	20.51205	65.71449	68.17186	19.69188	20.85421	47.76801	20.90605	68.81893	116.4824	32.97504	59.70321	17.89163	26.40838	35.80727	26.32252	42.75656	39.56034	18.76213	17.12719	8.41423	15.5652	31.78518	23.74957	22.3431	16.29955	42.69248	36.33992	17.25373	22.73182	24.83647	39.74609	34.36585	23.96081	26.84837	27.30779	73.56201	41.82846	36.39044	29.86205	25.82349	43.97466	18.02791	39.30479	33.40044	23.32986	16.96083	16.42669	36.57209	42.19903	78.65561	16.7593	18.26392	40.48131	16.99195	37.49934	42.19409	22.10139	34.99317	68.96491	64.89875	70.03683	77.98667	47.52496	32.95914	36.03164	57.71899	42.24481	32.99119	23.83146	24.69756	19.00103	18.58254	13.29308	24.55794	22.71474	56.31456	52.54967	29.45828	38.35682	24.5148	17.42883	39.47679	49.49676	56.38301	32.73112	13.42933	13.74941	15.58217	58.49347	7.57179	32.80204	70.55624	35.62837	31.15376	33.42731	19.6191	23.51206	64.03845	19.50548	26.88638	45.47083	19.15593	33.82631	53.90144	39.76578	26.78226	40.33386	28.93224	18.05624	41.65645	41.90437	23.32922	16.70747	15.465	25.22681	24.89848	13.95788	26.99563	32.20752	11.46914	17.72903	27.76251	9.2485
GH13_6	0.02657	23.32101	0.02709	0.04224	0.01915	110.90793	49.1693	0.13636	35.92817	2.97891	24.52801	20.50684	37.15063	NA	0.02378	0.02254	0.13472	NA	0.06129	0.18595	NA	0.08997	0.5363	0.11766	6.11504	0.06052	3.47107	3.56421	55.03127	39.92168	57.08134	58.44703	0.01818	NA	0.09609	0.06537	NA	0.02702	0.03384	NA	NA	0.16382	0.10622	0.01829	NA	NA	NA	NA	0.03635	NA	0.02932	NA	54.83326	58.81883	0.1615	0.05509	0.05616	NA	0.055	0.0336	0.11646	0.23638	0.06487	0.03818	158.50266	144.26833	0.21227	128.18802	0.27544	8.95375	16.6025	0.29597	21.62371	33.68439	0.34602	32.64948	20.30127	5.46278	0.03976	0.02413	31.86445	40.79611	0.04282	NA	NA	0.10823	NA	NA	NA	1.26163	2.32075	1.59949	0.46446	0.12488	0.06464	0.15737	0.12085	0.60042	4.80438	27.89064	14.58587	14.77198	127.62555	121.03189	62.54451	71.58579	0.17015	0.05352	0.0557	0.01423	0.05963	108.75809	1.85165	0.96824	NA	NA	0.03755	1.91971	3.91867	0.03208	0.02338	16.42527	15.65265	1.13275	5.84206	1.71837	3.98292	17.21223	8.7572	NA	NA	89.60407	2.044	4.84775	80.01404	134.20335	41.7692	40.29459	1.37881	7.11627	6.88092	5.678	0.034	0.03903	0.0381	25.2836	11.80399	14.93849	19.99353	59.2514	97.87865	NA	NA	NA	NA	NA	30.19496	24.26739	7.01586	33.02177	6.3143	110.40501	142.60092	29.68675	0.03847	0.01373	0.08475	0.02502	60.94654	114.59478	NA	NA	NA	0.00569	85.9338	84.26568	NA	98.09803	6.77607	4.57441	113.16932	0.88984	2.08373	199.63277
GH13_8	61.78453	92.24949	75.30761	22.88712	34.8155	131.78458	61.48949	65.72487	84.11936	119.17972	61.15087	49.97771	84.47458	38.27177	26.46939	27.69725	38.19643	8.20165	76.53184	48.99925	90.54096	23.60324	33.18648	93.71239	63.71481	60.46017	33.91129	53.50255	74.28454	53.92677	75.56808	79.32796	92.55696	82.43244	54.60281	60.1774	71.57407	90.04271	64.55265	37.54864	70.13908	74.41953	54.4291	43.83974	33.88419	16.01544	40.89523	21.67494	117.69637	45.54233	94.52178	90.76594	77.28299	80.56561	84.42948	74.90341	74.22972	43.9779	5.10682	21.56341	40.64496	28.50679	47.72664	47.32877	147.94934	147.87811	49.7874	117.35038	48.03628	79.31028	35.56081	37.94219	75.1149	108.64864	76.46121	97.88999	39.93131	37.06326	32.4718	32.28047	55.74888	73.68801	34.87182	49.28519	28.43969	23.68693	31.35762	32.36623	48.80901	31.55553	18.85373	49.19632	21.05433	44.3726	50.07846	48.57834	105.37724	59.07464	47.28134	54.99623	52.38625	39.49485	138.55101	122.46507	74.45718	91.9114	56.09668	31.59509	37.68675	43.75165	55.69419	151.89415	20.77527	42.8662	88.41141	46.85298	50.75713	34.80897	36.96261	86.29705	55.69822	87.9402	60.26643	28.53299	34.31161	54.99526	26.0964	36.89643	34.24404	55.49932	32.89997	142.38307	17.51099	23.41326	126.12307	179.44587	96.7138	100.16201	81.72508	93.42753	43.5296	27.59447	54.16715	43.96089	46.39492	67.89122	46.15619	49.73452	59.47674	86.85088	111.575	80.81569	82.88668	51.71525	76.26185	51.40235	64.99684	51.93932	31.72685	52.88426	19.69362	113.64812	142.09726	43.70052	94.73466	57.42879	46.42811	42.06008	89.79245	171.11498	43.9402	36.91129	63.57672	78.25476	118.55202	104.55128	52.68393	129.9615	59.72947	58.30172	137.5541	35.85477	68.16779	162.43076
GH13_9	338.80376	250.75248	261.71785	422.91718	343.32285	230.28067	318.2621	316.74138	264.66633	175.20047	348.74825	333.86662	291.45558	328.1222	360.905	343.31196	326.38097	429.43712	304.36438	288.45772	204.54596	443.44716	389.44711	238.14525	315.72381	288.27926	384.11451	343.80227	224.62288	251.28344	321.24492	344.57273	268.25165	321.69231	271.49795	273.93863	298.95848	261.37307	338.01186	363.17662	258.57646	265.78597	374.72523	387.25635	360.3921	342.32619	279.35004	385.42626	243.99806	336.86945	266.84272	261.05273	256.89679	245.2282	222.34545	265.94298	329.7326	364.6339	424.85535	376.06672	406.35093	413.4917	383.26881	381.23763	188.52092	213.24398	347.55169	260.05499	272.34009	179.94116	354.68275	343.42808	333.01668	244.41439	300.48507	212.50247	332.25205	376.55038	416.61391	348.48373	392.01215	323.99748	378.52352	367.98599	357.7111	366.21309	374.1515	283.06022	261.83558	330.21604	313.91343	265.26845	294.28703	281.92238	220.7685	255.25085	289.90997	293.82766	289.33167	330.67711	264.24532	331.34557	152.86306	249.29802	305.34295	313.08946	253.75276	417.74609	349.9758	371.47207	369.91595	143.49613	339.61058	332.68685	248.71911	349.62939	326.06669	312.29477	344.41405	244.56948	298.85378	285.83391	317.04536	356.48598	390.88066	275.19424	337.09318	352.51116	326.55629	257.91174	305.09344	147.01232	361.25159	311.77119	232.67458	183.14695	286.60949	296.5782	269.11615	254.58464	332.7539	361.87005	340.03318	354.7334	359.53854	309.6668	329.78674	302.2334	292.33059	270.69217	223.82101	235.98873	288.64965	303.25697	232.60437	310.60965	301.61478	275.88785	360.36439	298.03837	290.83647	211.19068	179.59304	290.21889	222.34155	304.19772	318.71933	410.59521	291.26385	138.12783	360.53357	397.80753	308.14939	261.36868	260.22516	316.43564	336.03008	275.20396	297.28321	310.70074	219.91126	391.45242	333.71187	160.30259
GH14	NA	0.22683	NA	NA	NA	8.58038	3.90607	NA	1.17679	5.36705	3.19633	2.76579	1.8564	1.68472	0.20076	0.42387	0.08505	NA	NA	0.26444	NA	NA	NA	NA	NA	NA	NA	0.03263	4.41071	3.23077	7.10756	6.14428	0.15855	0.28523	NA	0.14258	0.95834	0.83829	NA	0.15093	0.4138	NA	1.70686	0.88176	0.79392	0.04497	0.47436	0.16625	10.2605	0.49612	0.34503	0.2854	3.77642	2.27562	2.88347	1.2315	1.07285	0.32554	NA	NA	0.39323	0.251	NA	NA	0.24251	0.40718	NA	0.16547	NA	NA	NA	NA	0.81882	3.47066	0.32053	4.8839	2.82938	0.78192	0.09521	0.1048	0.33156	0.3809	NA	NA	NA	NA	0.23046	0.10492	0.27769	0.24144	0.16807	0.71564	0.04506	NA	0.03025	NA	NA	0.05917	0.72151	0.59749	0.72922	0.22123	18.97099	15.62789	9.42685	11.84606	NA	0.47543	0.26868	2.88495	2.37008	0.19235	0.10238	0.50399	NA	NA	NA	0.15243	0.28971	NA	NA	NA	NA	NA	NA	NA	0.02928	0.26812	0.17142	0.88214	1.5655	0.1759	0.09423	0.0484	0.11755	0.15837	0.25464	0.62766	0.03535	0.07809	0.60936	0.01467	0.62347	0.24884	2.22911	0.40858	0.40138	0.19656	0.36385	8.69977	9.54656	2.17139	4.30543	3.07378	2.06056	NA	0.09349	0.14645	NA	0.06392	0.55521	0.74771	1.20148	0.33346	NA	NA	NA	NA	NA	0.27811	1.14451	0.37224	1.75063	3.67842	0.13789	0.27373	1.34414	0.16926	0.83215	0.94722	0.11125	0.91522	4.91124	0.07194
GH140	91.62332	182.3414	227.72481	61.90438	66.94954	132.94733	64.31865	85.56843	58.78908	378.0002	138.71923	117.10359	152.10562	90.88027	67.67645	78.75805	83.38182	93.5792	99.04098	200.79256	167.79693	60.82389	118.92439	62.43841	126.00807	53.83858	74.39823	98.15997	76.46094	75.00933	84.37275	108.26569	133.54878	108.47082	164.1877	177.61432	211.58547	182.7524	159.87165	105.17721	148.05871	143.65231	125.63672	123.05212	108.71321	38.96311	39.25215	121.8957	155.36924	101.47714	169.18041	73.41457	55.08915	65.19912	368.48596	215.77848	92.1402	48.61243	20.47404	26.64416	159.61502	118.37163	29.68871	28.38883	165.52788	156.18775	47.53999	142.27675	29.47768	11.68383	99.23871	25.36612	156.30929	186.40289	79.62011	177.13012	50.87894	49.81512	115.59356	90.26345	94.737	135.89703	135.22289	66.76099	92.13143	63.74679	90.2514	61.24562	196.72419	65.57574	49.83594	76.72188	38.72198	73.42816	54.57841	63.73865	33.52926	63.29802	76.5966	87.60394	88.94234	52.8494	49.85626	53.00127	51.63303	43.36137	128.49034	116.2314	40.60135	142.64783	135.67497	229.63513	51.61089	60.80332	106.39551	35.64637	42.69168	97.07147	81.31668	45.5498	33.0336	132.79901	104.52578	88.60413	102.41819	47.74881	77.32798	34.65179	53.606	182.32344	51.96632	211.46458	72.63482	57.96654	174.07614	205.88476	119.72737	121.93155	60.46433	62.64715	61.87576	61.01365	53.92603	153.20382	145.7984	99.93731	71.96253	53.23143	80.11226	73.83045	75.24612	140.19026	126.43617	164.54643	141.6123	128.06346	67.68718	90.88027	46.5038	46.46872	24.47829	41.87262	50.28502	35.02101	120.4116	85.54858	83.35733	34.35402	145.70616	250.19182	88.40732	90.35654	99.10023	105.88503	157.9878	128.5227	185.20991	160.20086	63.76111	52.95258	108.8363	72.52938	76.71535	211.64681
GH141	21.841	75.80211	59.16063	5.14311	2.25493	53.11239	15.89627	12.34307	8.88466	114.65768	54.88101	46.00839	67.29683	15.82969	10.64237	14.54521	16.8017	3.58168	22.78314	71.41276	46.60982	4.7083	15.83715	14.26408	30.75115	9.62886	9.17917	20.90187	21.70293	2.70934	33.44075	44.24388	34.16517	26.37639	48.25263	54.66392	76.42944	57.08245	36.04217	25.41927	34.77092	35.66179	17.40708	21.28341	27.49164	6.5517	9.51471	26.40925	64.3815	27.12375	46.91117	21.25013	6.36078	6.54106	171.48093	88.12871	18.80794	9.29901	3.77985	0.17759	69.11213	41.93955	11.75301	11.4438	7.73692	8.39686	0.97525	9.06834	0.77044	0.02831	31.36232	0.35388	63.27269	92.91048	12.22031	46.78922	11.18934	11.59838	23.47725	16.41214	69.35977	97.18225	22.92748	8.22547	23.73777	7.01846	20.61616	10.95022	42.96209	13.50849	8.09724	18.47698	4.64536	16.92469	9.96011	13.38983	5.50229	11.39616	26.07269	39.8587	32.27804	21.94896	17.38875	14.2994	18.74844	16.66302	34.13986	35.23	7.50093	34.18244	35.87028	127.81522	7.99326	14.21477	21.36822	25.04439	27.79655	19.7892	8.92832	45.39625	26.82164	27.41871	16.83172	20.54782	10.0596	8.15551	14.33121	1.32699	10.97516	56.59262	8.75552	114.57468	9.08962	13.57268	84.18181	110.23973	47.37968	45.67949	17.18061	11.00195	18.53047	24.89034	8.90554	31.46666	33.77022	26.09263	13.83201	11.08806	16.32517	18.68277	25.88217	31.19739	25.50562	29.07311	29.9104	29.05612	39.91886	51.32387	15.26224	31.76364	17.25854	18.57996	23.1366	11.82945	25.56091	14.33891	16.14974	4.41703	67.48481	138.80966	26.35455	24.24635	11.70405	17.14651	93.35522	84.99815	43.12784	105.98359	13.32943	11.39952	109.6767	16.07769	21.94086	13.81367
GH142	15.53871	40.38762	43.43456	2.52809	1.4559	56.89645	18.8565	7.00057	8.75307	70.43262	34.39839	29.06573	43.37089	15.53297	13.3767	16.00805	19.94384	2.24233	14.63669	43.54174	36.37698	3.08445	12.04363	8.4761	27.54707	8.65525	6.49859	14.7609	7.6384	2.30629	33.12179	45.28927	23.39893	17.40032	45.36861	48.37402	48.90649	40.22137	33.02372	23.34031	30.58875	32.05198	10.52795	12.55099	19.50792	3.89151	4.84628	15.96423	39.70083	17.50112	32.39082	13.38697	3.79468	5.53818	70.7275	44.5322	12.13464	4.96364	1.85058	17.39945	28.14885	18.73593	19.30255	19.67453	5.65739	6.50895	3.13713	5.78257	38.4077	77.48785	15.81822	24.32043	34.30506	50.32444	8.19089	33.0801	6.49823	6.35516	17.28368	10.64694	40.85233	58.34776	18.0815	5.55812	18.10993	4.34604	14.84687	7.22183	35.33156	13.53077	8.69006	16.11809	7.4852	12.61615	10.50338	13.42034	3.44986	7.08116	13.00261	18.51216	18.03784	14.18897	12.95273	11.68574	12.79563	10.63532	25.09003	23.2836	2.75669	21.0642	21.96764	134.03991	4.93114	7.89604	15.825	23.92322	27.87659	13.07727	7.88048	46.31034	34.10981	28.24583	12.29941	9.37697	4.07552	7.10794	9.2977	2.15166	7.6487	36.93586	6.19789	111.05698	2.99356	5.87672	81.16829	126.53128	44.96781	45.02324	9.09487	5.22476	6.08973	5.85297	5.29618	21.47088	21.89966	19.12468	12.92813	10.39412	13.17761	25.59203	27.0284	47.4647	25.03413	26.32152	47.64563	22.51548	34.25648	29.56298	15.87352	13.01204	0.98497	4.11697	8.08972	2.17494	22.96383	16.63938	14.76357	2.67303	67.9497	138.27576	24.83093	19.82555	12.25981	19.6117	54.03002	26.96415	33.07601	69.90546	10.6821	9.28529	53.98265	9.88029	14.84515	9.69448
GH143	14.35986	38.4525	38.07016	4.15494	6.01458	52.15322	17.8325	14.02678	7.22209	75.7594	32.59841	27.55406	40.50421	12.57332	12.85395	13.00338	17.60494	2.71207	14.76457	47.17424	29.36373	7.17729	12.33577	9.82378	28.20787	7.35664	7.76264	17.22962	4.3016	1.38698	32.57956	44.00735	23.88264	18.44773	36.22344	40.04293	46.44405	35.36823	24.59045	18.9995	26.76222	24.91089	10.6645	13.74686	18.0139	7.0129	4.95934	20.94733	39.20233	16.81957	39.66602	19.21501	2.60237	2.24343	69.62776	44.48298	14.87641	7.94762	0.6894	2.63744	29.43964	14.72506	10.12065	9.99051	6.05336	7.83567	0.24271	5.21652	1.12672	6.19992	15.40561	3.46121	33.65693	47.33874	14.2549	27.52274	7.32017	8.23299	18.3996	11.46994	41.18704	55.07362	43.14536	19.55485	18.31805	4.31202	18.4156	7.8021	28.7027	14.37969	3.3326	13.28244	2.64241	12.26149	8.24085	10.45468	3.29439	7.42219	11.48598	15.90444	15.92455	13.5398	12.4284	11.45254	12.3075	11.12915	22.26256	22.94123	4.20653	21.03485	20.34489	124.25431	4.93285	9.57909	26.42832	21.96018	21.54094	13.97739	6.55848	32.20461	17.4529	24.22231	12.44151	10.46939	6.87574	6.07897	12.05721	3.9591	8.85576	31.5677	6.18241	107.22045	2.02638	4.9549	80.28885	119.35778	39.12634	40.00625	9.73438	5.50891	4.68727	4.51785	9.02106	17.5851	19.40364	19.34626	10.31724	8.67745	11.76912	13.93751	32.06226	37.72733	18.92173	23.75854	36.7215	19.06841	18.86551	19.03857	4.74874	9.34319	4.39362	5.28286	8.27636	5.05849	19.98481	8.35341	13.95885	0.74237	67.81891	136.03126	23.17061	16.32492	11.85038	17.88767	51.02592	27.39253	27.94845	71.48565	7.60684	7.38782	53.36248	9.67964	12.90438	8.61503
GH144	159.91677	152.19207	157.79726	56.44422	96.61371	55.59171	45.92713	67.74426	30.63341	132.37518	69.31586	47.94019	87.58967	117.92062	102.05714	95.79601	147.29779	26.86986	219.98994	66.56594	265.11666	55.54262	48.35284	203.76752	141.25439	119.98001	42.41261	106.71436	41.58009	27.16312	22.83665	18.26367	180.13316	153.10981	97.58752	96.62766	129.73085	179.11441	114.37988	63.40917	136.09607	132.06849	86.56875	79.09806	48.33732	27.21498	37.502	21.15418	238.73432	121.15801	213.18084	276.49318	35.9188	49.90028	214.101	195.52534	150.48991	38.0902	12.71878	92.03884	142.01342	86.04533	91.68743	91.30358	172.44058	149.6236	11.2111	134.61249	110.67627	198.60352	21.39219	73.0054	102.72098	118.17516	62.75032	59.77173	32.91084	37.34985	86.6667	62.46973	41.09785	47.58268	38.45169	119.92296	63.35786	37.75345	58.90992	56.99551	159.74361	48.75023	11.25097	36.3444	6.50014	48.51889	32.41933	30.72177	22.33409	51.43287	5.11317	14.1325	10.5341	10.7277	33.60434	34.93636	28.17201	22.17645	43.66673	49.9145	18.48711	111.66459	131.81815	50.53241	26.74047	44.74732	266.55504	190.27637	171.95927	30.82357	27.68112	273.67743	233.87163	145.22997	75.06248	40.3379	36.0789	27.84465	40.33973	17.34491	78.86283	64.27903	77.68202	53.41133	8.97567	8.08716	19.81504	22.11956	49.00929	44.96596	125.5081	87.65328	10.32292	5.28798	50.92469	132.45676	121.68267	60.21233	47.87725	47.57537	44.56355	49.04703	40.37233	298.93027	103.47821	104.83912	279.21221	19.05543	10.78955	15.93495	13.90055	10.79988	13.6619	20.74511	32.09769	13.32104	190.09059	32.75273	87.09727	9.27547	25.45455	52.1057	94.28751	63.32389	253.14167	289.75165	16.5815	8.92767	96.06218	8.02858	39.11042	32.05522	8.39364	41.39692	54.44189	180.34921
GH145	60.83426	52.91646	78.36084	16.00486	23.83594	1.27633	3.72308	26.91596	11.73076	126.99484	24.5716	16.20089	27.33739	32.60494	21.64058	26.35121	32.69752	2.70922	71.95913	87.16468	86.84947	15.21727	31.55762	45.73653	52.37331	27.75211	18.41693	38.93407	9.91788	2.26991	5.90328	3.67613	101.76142	83.45473	56.02363	61.73326	90.92661	95.04148	43.0547	28.7368	57.97256	57.24007	17.5289	20.31386	37.18556	10.14117	11.05577	34.4486	119.8645	57.74191	105.70171	120.99664	6.86006	7.11763	122.48329	81.84988	49.14842	15.35852	0.04091	0.08696	58.33989	31.57598	1.17683	1.46374	12.80977	13.31635	0.07757	10.64387	0.2452	5.78352	6.19832	0.0682	48.84628	61.49717	29.32557	54.23684	17.09428	20.15238	31.09496	20.43249	21.98579	28.7535	30.28509	26.11729	20.06636	9.29329	28.30512	17.85693	46.22064	21.16114	2.94596	25.58819	3.26815	18.80059	13.55829	17.34282	9.2922	13.01062	15.88891	9.6793	18.8548	1.97551	7.8508	6.37514	8.13254	6.47561	42.32677	44.77858	6.81552	42.34303	47.05865	22.90685	11.63306	20.05537	66.71631	51.02604	50.56037	32.85418	27.13554	80.34941	53.69305	39.03137	19.2476	15.93446	9.5606	12.17179	19.04981	2.06676	17.0515	66.85923	19.79567	40.25609	1.85903	3.52089	23.55219	10.95352	28.29565	28.01395	33.62321	27.30902	6.8947	4.3519	15.62577	40.02012	36.17322	31.72319	18.33722	17.64468	21.06736	9.72285	1.42975	102.2554	44.34742	49.23022	100.5435	30.26156	6.00639	11.22872	2.86094	5.52916	2.53189	6.42343	15.23757	3.63228	72.50268	14.75367	35.27857	1.75071	12.43541	33.31984	28.37077	21.38581	54.6134	82.35088	21.77392	22.48204	56.95522	19.41769	23.00791	18.7882	6.31999	21.35294	29.91683	17.46329
GH146	114.0609	68.75437	136.12348	30.21881	31.67385	114.88371	66.10662	46.82755	48.61154	306.41043	86.83103	56.13404	87.35713	93.65843	111.49754	109.89462	144.97257	56.11511	122.15105	133.26397	79.09061	29.55682	102.33146	42.93874	187.04147	32.48541	73.32854	113.18085	40.13901	29.03244	89.18103	91.57451	97.77159	83.56456	132.88942	137.4114	165.09195	161.23843	118.12146	89.82291	86.11739	80.16821	33.56236	39.92985	109.11839	36.96088	45.71157	81.8181	182.62684	129.51061	230.95569	206.99164	59.74099	50.59748	257.88039	193.65361	86.37019	56.96821	39.56058	11.75789	152.31136	99.4392	36.71562	35.55582	36.98123	37.12787	35.77251	38.18889	23.72158	20.46982	23.83953	31.20516	65.01549	81.61824	96.8823	92.03469	31.42225	33.35997	107.27819	72.89206	44.18818	75.03809	78.27899	54.51011	88.15565	39.2088	72.08622	44.49085	136.02619	46.61956	13.87381	54.91798	20.83203	56.00721	53.09396	70.40958	35.80024	36.68501	53.06087	91.2557	61.12821	47.19234	136.72196	137.49768	96.92445	92.04279	117.42501	86.85247	42.57514	80.91963	82.79837	164.93211	40.95921	51.19662	110.5883	46.17538	51.08587	65.84729	57.39659	68.16225	46.50419	103.88295	63.91085	68.34336	38.80914	37.31189	76.0557	22.37783	46.26379	112.04598	54.92128	146.61827	18.29444	15.81968	175.34579	232.57841	105.31682	105.18554	35.44456	28.75763	30.40633	23.61018	42.91694	71.50006	75.17799	98.44617	61.43881	36.95425	67.85638	85.94278	110.93123	211.32204	113.84304	187.34311	208.50995	102.41497	27.06876	41.53443	32.29376	33.29004	32.10974	103.90798	131.42064	33.08749	124.18023	44.90212	73.64473	33.00464	91.05008	172.3669	84.4098	94.3284	88.52318	141.8647	121.312	97.52959	209.33555	123.52024	63.32925	54.85191	112.77078	82.86115	103.61648	40.28722
GH147	19.82552	12.94494	4.65008	2.99213	2.98656	0.93474	0.93242	8.59297	2.32754	26.42269	6.29477	3.20846	9.94735	12.40414	16.91022	14.97491	23.45446	0.91984	26.21452	20.80609	5.41147	2.73004	10.61116	6.23456	31.35245	5.32769	5.87331	14.24382	6.17011	1.44631	2.92228	2.93776	10.62647	6.89989	19.07792	17.17319	37.5672	26.01114	14.64118	10.21255	12.81483	9.7489	4.34028	1.18792	13.56708	4.77991	8.33918	9.8788	74.3433	29.17073	48.02144	41.77893	2.93801	3.16424	44.26241	23.90686	14.25402	7.95148	1.32955	0.27341	9.46901	8.44179	7.62597	7.10582	5.36704	5.98795	13.32186	2.76062	NA	0.0398	1.34231	0.29994	7.76828	6.63993	29.16738	24.37658	9.98397	14.29285	17.03555	9.20885	2.1675	3.64707	9.35483	3.2848	2.67779	1.74024	5.97419	4.75139	5.76402	4.14944	1.20556	7.4935	1.30683	5.9744	4.6776	4.86524	5.36001	3.72952	3.83993	3.73587	2.70345	1.79981	1.23693	0.66788	1.51694	0.82163	3.43151	11.28572	4.62604	58.64812	61.92355	11.73272	0.79683	7.24972	8.91187	22.79189	27.25747	10.14806	5.48861	43.0269	28.85494	17.39644	13.23165	4.22552	3.67135	1.53358	1.05527	0.62929	1.64148	11.0681	4.46972	12.15919	1.46961	1.44243	4.62709	2.53428	4.63163	4.91458	3.7133	3.53638	3.12762	2.71034	8.59976	55.53132	60.06795	3.30377	3.03343	3.5319	3.05632	3.19723	0.74663	49.45782	29.01526	23.17867	48.4681	2.88988	0.65569	2.28389	0.40914	0.51003	2.29891	2.52407	6.63208	4.53349	14.77583	8.46968	11.87199	0.28256	5.59856	15.26867	13.516	8.20675	23.53824	31.30448	4.17834	2.49774	11.85103	2.37041	12.50094	8.97621	1.30944	2.40765	8.21305	2.70152
GH148	7.24519	4.58436	5.9188	2.8576	2.6554	0.69361	2.08634	1.18554	3.05837	2.15141	5.61606	3.98273	4.10844	2.97902	2.77824	5.36953	3.89085	4.71546	9.06325	10.178	4.08762	1.65648	5.82965	6.5616	4.82088	5.10853	11.05589	7.13535	17.12817	26.38117	5.03979	4.03208	0.25129	0.3849	4.693	5.59219	1.82919	2.10442	14.2767	8.18228	6.03857	7.85238	3.68043	7.32623	11.0094	7.4678	6.91562	15.3271	0.37159	1.31402	0.05713	0.17232	11.20413	18.18047	3.88572	5.14911	0.98291	1.93918	1.90326	3.11096	4.28716	6.68021	6.38176	6.24299	3.60518	8.18157	0.81187	1.40737	2.23361	0.12486	3.82355	3.15481	5.89047	4.86278	15.76346	4.22201	2.93185	2.25325	4.53776	4.95588	2.98299	2.7147	1.78473	3.48831	2.76808	2.51954	3.43828	2.52969	3.0374	2.89909	3.11302	6.12196	5.10274	2.95333	4.90323	4.49862	2.16638	5.71222	2.70673	2.78487	2.93075	1.91523	0.6277	1.01014	1.13955	1.78251	0.83725	8.17979	1.79781	10.52861	9.53285	1.04518	5.85359	3.5933	1.66629	0.76586	1.55963	5.13917	6.39964	0.53281	0.42352	7.32944	4.53983	15.1895	6.5523	6.0182	3.92102	8.21503	4.42296	2.55077	4.11495	1.19624	7.1538	3.83738	9.42699	2.96425	7.23389	8.25232	10.51702	2.75747	19.07077	8.90813	0.99087	20.15484	16.16966	3.60036	5.20916	3.63654	4.73243	3.80753	0.66875	5.17246	1.20648	3.20429	3.57256	2.58337	3.32457	6.1966	4.70755	4.37709	4.9765	8.46669	3.9441	2.90683	2.57635	2.72195	1.81394	3.08889	3.486	0.99462	7.33025	11.10652	2.27349	1.20271	11.92927	17.23427	0.89176	8.86398	1.35745	2.96373	32.4801	6.00804	2.14795	2.27591
GH149	NA	NA	NA	NA	NA	NA	NA	NA	0.42471	NA	0.0088	0.45291	0.09959	0.43052	0.45696	0.07928	0.10476	NA	NA	NA	NA	NA	NA	NA	NA	NA	NA	NA	0.59607	0.2474	NA	NA	NA	NA	NA	NA	NA	NA	NA	NA	NA	NA	NA	NA	NA	NA	NA	NA	NA	NA	NA	NA	0.09014	0.35215	NA	NA	NA	NA	NA	NA	NA	NA	NA	NA	NA	NA	NA	NA	NA	NA	NA	NA	NA	NA	NA	NA	NA	NA	0.48238	0.90113	NA	NA	NA	NA	NA	NA	0.4357	0.39598	NA	0.54578	0.24042	1.36388	3.80717	NA	NA	NA	0.08845	0.21088	1.25877	1.20212	0.54036	0.70927	0.01448	0.00431	0.01569	NA	NA	NA	NA	NA	NA	NA	NA	NA	NA	NA	NA	NA	NA	NA	0.00795	NA	NA	0.30384	0.05143	0.27366	0.10463	0.29169	0.05207	0.17612	0.26627	NA	1.33872	1.34104	NA	NA	NA	NA	4.62493	0.21856	0.1297	0.98548	NA	NA	NA	NA	NA	NA	NA	0.02728	NA	NA	NA	NA	NA	NA	0.08993	NA	0.22825	0.04694	0.17821	NA	0.0347	0.02444	NA	NA	NA	NA	NA	NA	NA	NA	NA	NA	NA	NA	NA	NA	NA	NA	NA	NA	NA	NA
GH15	47.79545	60.57807	63.17899	29.23526	44.32104	8.27039	7.71714	45.93772	33.73123	113.98041	29.81193	27.60102	42.88589	32.67504	16.71748	25.78072	21.5287	3.78687	50.39295	82.82727	48.34175	31.27353	19.08153	14.53208	43.3203	11.50249	25.26964	38.46713	20.31968	22.80455	11.22969	6.59915	129.52536	106.66837	58.02832	67.2503	103.27617	124.85123	61.91559	40.06355	48.93089	42.00704	23.3704	16.45028	41.47926	19.72267	39.82164	29.21656	128.38166	61.19923	120.40545	90.14658	15.03768	22.00324	120.50129	64.49655	51.03013	22.2662	7.10333	2.57203	39.96843	25.34183	6.32795	6.85151	15.55694	18.64039	4.17974	14.48417	0.38715	1.18826	6.51036	0.71522	45.20446	62.83465	41.04359	76.91183	11.95298	15.78908	36.10597	35.64706	25.99559	46.34789	37.97836	19.95202	24.42276	22.9139	41.06331	36.11966	66.38375	35.7754	11.55564	61.59554	81.72042	24.09805	60.99472	63.94463	51.04908	59.57512	50.83551	27.68246	57.70921	25.34442	22.75027	22.92835	26.67879	8.99814	89.21986	43.49994	14.16323	41.0238	57.83187	36.61495	17.52646	32.96301	40.21022	51.54886	51.97628	37.26678	37.23259	76.46914	52.38879	47.14865	41.27212	46.00793	29.78004	59.45265	41.77416	44.71516	16.93562	81.63046	40.49392	53.52164	37.38426	48.01984	38.97789	22.33767	57.70242	54.87117	72.58938	53.57283	33.16625	26.26913	26.41598	43.1557	53.91053	50.63	32.92359	31.26033	37.55653	13.90481	3.05518	36.59815	36.84361	35.93923	36.2082	62.70539	13.32598	21.94878	30.74576	12.44864	68.78355	29.46786	22.73294	37.46063	48.10963	58.09121	39.76907	3.96186	21.59564	47.06262	39.41998	34.44381	21.40266	11.86323	35.11094	22.70102	68.48046	23.37703	35.60258	25.72557	14.14119	27.28834	36.62823	20.04058
GH150	16.95187	NA	0.00836	NA	NA	0.02061	0.02246	NA	0.00539	NA	NA	NA	NA	NA	NA	NA	NA	NA	17.86253	4.77567	0.01784	NA	0.41181	NA	0.83484	NA	0.38543	0.52329	0.12005	0.08088	NA	NA	0.0109	0.01962	NA	NA	0.11732	0.04057	NA	NA	NA	NA	NA	NA	NA	NA	NA	NA	NA	NA	NA	NA	0.10315	0.04143	NA	NA	NA	NA	NA	NA	NA	NA	NA	NA	NA	NA	NA	NA	NA	NA	NA	NA	NA	NA	NA	NA	NA	NA	NA	NA	NA	NA	NA	NA	NA	0.00506	NA	NA	0.00903	NA	NA	NA	NA	NA	NA	NA	NA	NA	NA	NA	NA	NA	0.14147	0.02106	0.71037	0.0646	NA	3.6258	NA	NA	NA	0.00511	NA	NA	NA	NA	NA	NA	NA	NA	NA	NA	NA	NA	NA	NA	NA	NA	NA	NA	NA	NA	0.06152	0.02941	0.20918	0.0767	0.15325	0.15513	NA	NA	0.20592	0.0127	NA	NA	NA	NA	NA	NA	NA	0.02323	NA	1.24677	0.11335	0.72423	1.26922	NA	0.0131	NA	0.00979	NA	NA	NA	NA	NA	0.18588	0.05444	0.01798	0.0243	NA	NA	NA	NA	NA	NA	0.04	0.23509	NA	0.0914	NA	NA	0.01545	NA	NA	NA
GH151	6.17137	3.06743	4.31878	7.49188	9.04849	1.26804	1.4962	3.50944	6.00004	3.64864	4.10515	2.29246	2.03083	2.86062	3.18988	3.93324	1.53345	7.93999	17.85072	6.46892	3.2464	5.99641	5.91916	13.87103	5.91992	6.23942	3.99623	6.38762	27.77994	5.40904	9.57145	5.9018	3.90761	4.80772	22.59323	21.62013	4.59182	4.16412	5.44958	7.73037	4.74178	14.61352	25.48544	4.84975	5.72526	7.27881	5.76396	5.5577	7.6959	7.59056	4.05111	5.70298	5.62104	15.44662	4.23499	2.33845	53.6718	11.61502	7.19909	7.51503	4.07911	4.33644	14.32179	12.41585	2.37587	4.68641	16.90919	4.75698	14.62984	10.4538	4.25116	7.29683	4.96415	3.50746	6.74252	4.7535	9.39411	5.89719	1.97374	3.52112	5.24942	7.07688	3.37426	3.37331	7.68575	5.1451	3.10774	5.41067	3.64185	4.16137	8.75305	13.92811	4.67105	1.86919	12.61224	8.59685	2.31561	5.95996	19.29465	10.85779	12.22327	13.11242	0.61215	3.78699	5.36237	4.66113	13.764	6.46344	25.5217	6.38145	8.90227	3.24815	9.44041	14.90462	4.26502	2.35508	5.30808	4.96575	6.65728	3.4917	6.42903	13.29457	8.37378	20.78941	9.16863	6.41191	5.89985	8.26766	7.61613	4.87352	3.73643	2.82931	11.74297	10.32398	6.73336	3.86058	7.87765	7.12684	5.72726	4.35499	10.31051	29.47682	11.96476	10.51531	8.84421	3.99817	10.34945	13.03207	5.69659	1.38826	0.80938	2.27643	3.70844	5.73432	2.52554	2.71627	9.70634	5.00706	4.87814	11.85579	22.71405	9.08502	3.78834	8.91004	2.01442	9.43336	33.55078	6.52403	4.57251	1.32546	9.36412	8.33322	1.21045	2.71672	2.62214	1.61674	28.50033	1.64969	9.71787	13.80958	6.08079	6.81645	6.11059	2.87763
GH153	1.37439	0.12202	2.72018	0.54465	0.11023	0.56848	0.39562	0.33841	1.02088	1.62022	0.04142	NA	0.15117	0.42086	0.11814	0.09403	0.17649	0.0587	1.8251	0.53324	14.78882	0.27277	0.31526	0.68432	0.38165	6.14508	0.42042	0.3407	0.06863	0.0633	0.87624	1.75689	0.42541	0.2306	2.119	1.64429	0.02063	2.29751	0.85654	1.60212	1.12799	0.61099	1.72419	1.1958	0.23607	0.65788	0.24103	0.25049	0.65259	0.14522	1.22851	3.53176	NA	0.24734	0.40931	0.57436	0.38321	0.26005	0.31013	3.89061	0.36007	0.2942	2.51302	2.43013	3.4426	0.40881	2.07709	0.77164	NA	8.79762	1.92282	NA	1.19292	4.04269	0.6763	0.55065	0.36616	0.24665	0.39882	1.23879	7.55202	1.10978	0.04824	0.09043	4.81337	2.25741	0.31408	0.11821	0.26425	0.46048	0.04204	1.20621	6.0211	0.27864	1.17225	0.5692	0.5174	0.56764	1.02891	0.96895	1.38622	1.73516	0.09624	5.04804	0.18673	0.47192	0.30935	1.63932	0.31715	0.28275	1.77117	1.11705	0.07731	0.48349	NA	0.54752	2.22715	0.03889	0.11604	8.73109	8.21719	2.36743	0.66742	0.04583	NA	2.84898	0.24781	0.13449	0.49518	0.03313	0.252	0.91382	0.01763	0.01843	2.14441	1.24294	3.26003	3.03001	0.35191	0.39697	0.07181	0.06805	0.24071	0.023	0.23131	0.48295	1.29598	1.34072	2.20197	0.61103	0.40861	0.26867	1.47102	0.2514	0.31453	0.54067	0.95904	9.70032	2.28832	2.63753	0.93531	0.23577	0.06939	0.11962	4.63697	2.05281	0.71024	0.02977	0.90519	0.6776	0.14327	0.39585	0.47802	0.16895	0.0179	NA	0.46945	0.0216	1.5926	0.37818	0.35802	1.87753	0.96981	1.07936
GH154	178.10114	140.65376	157.91847	84.62692	130.41173	176.1721	119.21735	111.00971	134.42819	284.86424	129.33261	139.57295	129.06934	141.91752	170.48094	148.38954	181.40154	49.26046	206.08656	213.93543	152.91865	79.78716	156.02447	139.71529	175.80752	95.54445	90.95917	131.81499	124.04702	97.90907	98.95425	75.0996	172.46745	156.2413	157.16578	153.12357	174.17259	187.38698	149.52182	146.80362	158.68231	149.33292	84.18906	88.0048	123.76108	63.48557	50.58023	100.79125	292.76853	173.11696	291.75964	302.2031	138.06597	122.41877	204.32992	184.29429	200.15948	119.77674	49.49053	84.90228	131.94225	117.57258	99.02783	101.90947	65.84735	80.91008	36.795	65.35623	82.64565	108.81051	76.84832	71.87525	127.57673	146.35854	121.69816	217.66742	116.72453	118.25868	112.23701	125.24223	146.61588	137.95752	86.87374	70.84494	116.07766	68.46032	68.41355	55.97292	158.09976	76.816	106.41902	101.80421	70.73193	87.6864	45.98809	52.51898	83.60864	75.3722	67.00466	57.56596	62.26053	44.17472	181.73752	186.44796	151.63247	125.27069	105.72117	146.84392	72.05267	154.21542	132.75059	227.61242	87.4511	128.23884	118.90405	166.15913	174.62612	154.21626	125.19968	232.3056	198.78839	158.53747	135.93828	96.73181	88.97315	86.8123	97.02761	68.5335	99.69823	107.2355	67.30938	202.60876	79.66625	77.8019	61.553	57.02163	91.02298	89.08742	99.40285	91.4061	73.57386	98.91953	98.48257	172.20616	157.55815	101.95608	74.97508	68.70039	75.05032	117.46124	176.63865	224.32771	171.33063	167.15016	219.77886	91.53858	81.31276	99.81304	60.70832	119.1093	43.32327	179.59976	198.63686	91.84575	151.77173	68.42948	124.63973	56.67751	160.3937	231.08257	136.46127	141.05771	153.23656	221.06676	181.87944	130.88413	171.93695	174.92419	66.93076	61.18042	179.94635	95.26376	102.71	74.59451
GH156	0.24735	1.39079	3.51467	0.41221	0.32147	0.10356	0.14378	1.09528	1.23255	0.9275	0.36614	0.15859	0.25733	2.3058	0.87984	1.71826	1.01315	0.0264	0.3644	0.20324	1.6025	0.43457	0.51886	0.83005	0.30526	0.30351	0.49123	1.20055	5.61428	3.13101	2.15742	2.15169	1.33803	1.04027	5.13177	6.13827	0.98513	1.45492	3.11317	1.24238	5.42956	6.23742	9.8075	10.9733	0.41502	0.59415	0.51975	0.02908	2.30285	0.93159	2.79802	0.83996	1.28578	9.11211	4.01912	5.53775	1.81548	1.46376	NA	NA	2.26068	2.13389	0.01296	NA	0.39039	0.63161	0.31324	0.56351	NA	NA	0.23688	0.01732	1.13348	0.7497	1.62374	3.38272	1.09178	1.23446	0.47259	1.19761	1.57845	2.23	0.18273	0.15174	0.36249	0.45606	1.4079	4.781	1.08651	1.2903	0.44284	2.27032	0.77705	0.61333	3.64707	2.62267	2.95082	4.08789	3.33338	2.04897	2.22402	1.19064	6.20829	4.821	4.59584	7.71385	1.38747	0.32031	0.83871	0.1031	0.02377	6.62659	1.34832	1.83237	0.4752	0.40003	0.38814	2.82924	3.89029	0.08231	0.18121	3.05819	2.57519	3.94291	1.92697	2.88513	0.69781	0.66918	1.28183	0.76559	2.59386	4.39577	0.62717	1.23072	1.19626	0.76868	1.81809	2.0145	3.25046	3.16574	2.08066	1.31493	0.77831	0.04696	0.15582	2.65831	1.8769	3.56331	1.71564	0.0824	0.07104	3.41984	5.27997	0.95847	3.43341	1.68014	0.66825	0.88771	1.18736	1.96681	0.5959	1.08896	1.51435	1.44307	0.64594	0.59455	0.43915	0.21174	2.15179	2.65274	1.38076	0.62082	2.07339	1.46391	3.24057	1.77074	1.34395	2.01322	1.58194	1.52566	1.50702	0.62758	1.53513	0.89614
GH157	NA	NA	0.4693	NA	NA	NA	NA	NA	1.15344	NA	NA	NA	NA	NA	NA	NA	NA	NA	NA	NA	0.51599	NA	2.44554	1.80075	10.15608	1.34394	1.25901	2.94464	NA	NA	NA	NA	1.75278	1.86115	5.98273	6.06839	1.28834	2.38827	NA	NA	2.60423	2.27636	2.55908	1.24242	NA	NA	NA	NA	NA	NA	NA	NA	0.02412	NA	NA	NA	NA	NA	NA	NA	NA	NA	NA	NA	1.36116	1.29471	NA	0.48197	NA	NA	NA	NA	NA	NA	NA	NA	NA	NA	NA	NA	NA	NA	0.24279	0.20474	0.06037	0.02582	NA	NA	NA	NA	NA	NA	NA	0.04808	NA	NA	NA	NA	NA	NA	NA	NA	NA	0.02687	0.0326	NA	NA	NA	NA	NA	NA	0.4349	0.0245	0.07219	1.53863	NA	NA	0.04864	0.10852	NA	NA	1.90679	0.47358	0.48359	0.1877	NA	NA	NA	NA	NA	NA	0.14479	NA	NA	NA	NA	NA	NA	NA	NA	0.02499	NA	NA	NA	NA	NA	NA	NA	NA	NA	NA	NA	NA	NA	NA	NA	NA	NA	NA	NA	NA	0.03404	0.26441	NA	NA	NA	NA	NA	0.12814	0.20811	NA	NA	NA	NA	NA	NA	2.80123	NA	NA	NA	NA	NA	NA	0.51644
GH158	19.92741	8.40567	19.96273	9.07455	18.05343	0.07268	0.2244	10.39429	1.19114	8.42783	4.54797	5.07009	7.71134	12.61524	6.59251	5.6229	11.09893	0.60006	22.77385	6.48	43.61138	7.97805	2.72998	35.0882	11.49681	21.14065	1.09269	11.58686	3.69734	1.18509	0.40062	0.44605	1.21213	0.46962	8.33509	7.34231	13.67183	9.9655	6.47758	3.81519	25.58768	28.59367	NA	NA	3.35549	2.97375	3.23564	2.58779	38.27283	19.83481	31.38017	45.71265	3.38361	3.55997	13.50408	17.94986	13.51203	1.76497	NA	NA	13.98378	4.26209	0.04035	NA	2.16491	1.67086	NA	0.92777	NA	NA	1.22856	NA	9.05167	9.91489	0.15909	1.9412	2.05131	1.30812	8.54024	6.95919	4.40737	5.66272	4.23509	16.10586	8.4776	5.1334	7.68336	6.59258	4.4312	6.52721	1.87035	2.76359	0.91177	6.28429	5.39082	3.69651	3.62938	7.73656	0.5743	1.04145	2.35684	1.55979	1.30535	0.37221	0.53108	0.16165	7.65523	5.27751	0.53215	9.38766	10.2264	1.33889	1.53667	3.71787	45.79264	21.00194	15.96747	1.35035	0.8025	24.86831	19.51671	8.43823	2.98824	2.7768	3.12601	3.13188	3.19651	2.7167	12.61887	4.59104	11.17555	3.6942	NA	0.18476	1.14545	2.27945	7.00042	5.08309	21.69468	16.20026	0.51076	0.16643	2.27759	8.4068	5.485	3.33204	4.20264	4.95189	2.7024	1.23659	0.11043	22.48195	7.55957	4.1091	17.67732	1.56308	2.99864	1.96096	1.72792	2.25863	1.68811	0.95383	1.36001	0.73027	30.61458	1.32726	12.08075	1.04345	0.23452	1.70701	8.54892	4.66483	39.72174	37.8759	0.33693	0.6192	2.57683	0.22319	2.5374	5.02383	0.1923	3.8262	4.31379	1.15113
GH159	11.44467	15.55073	15.55495	4.79567	5.23378	3.98819	4.32519	3.33318	3.04207	10.01795	12.61364	9.12671	8.82819	9.18198	15.60072	16.27475	18.84149	5.4274	13.32164	11.58196	15.78007	4.27642	20.23233	4.35971	25.73008	6.11825	5.4264	12.02545	2.50909	1.44964	8.96242	7.52394	7.16314	6.57429	26.91132	21.11551	7.52848	10.82641	5.7423	6.92074	12.19082	14.76242	17.4494	22.12558	14.00666	10.12156	4.47224	4.84503	0.91132	5.35758	5.2849	5.52696	1.14096	2.76519	25.08416	29.98323	10.85861	14.81718	7.62341	43.64286	19.92671	14.48366	49.37644	48.79392	6.81787	6.90551	14.25577	4.32766	12.59588	15.38515	6.48052	16.85834	17.86646	22.44697	11.40092	6.21207	8.42354	7.97743	2.83066	5.74268	4.1703	8.44388	6.87809	4.53636	4.74728	4.0817	4.41572	5.69123	7.72904	3.82599	1.60005	2.03161	0.77403	1.7953	1.54471	1.30652	0.7923	2.68526	3.20816	3.92557	3.20242	3.4241	2.7712	3.23297	4.0276	5.08007	1.81774	10.88898	6.36112	9.38745	10.708	9.75287	4.55134	5.71066	2.61795	20.04327	26.23626	7.40283	7.89041	50.25196	44.58486	43.77742	13.68259	17.7147	17.59463	6.00177	3.38561	4.94768	9.00886	7.36926	4.34108	6.791	1.52049	1.97602	13.64208	6.99109	11.69608	11.78436	4.31125	3.58537	6.4203	2.0059	11.80475	20.86555	11.59493	6.47691	10.18002	7.82252	7.19715	9.94407	3.3645	4.71792	7.89028	7.24876	5.19195	1.77442	2.7294	4.0587	3.5797	1.81334	1.73332	4.10803	3.1794	4.24541	4.93973	4.43766	3.00869	2.41542	6.13495	4.14967	9.74116	7.79721	17.78694	32.07882	4.82564	2.15211	15.43259	2.27432	1.4986	1.51446	2.5195	4.8644	2.74113	3.14642
GH16	612.23217	530.20858	536.04818	416.67721	385.47112	1201.87762	676.23287	572.77535	468.6708	834.3354	361.28606	443.17722	420.83749	380.54764	332.67588	359.18987	408.7015	532.8077	672.09445	751.9261	521.10765	293.76364	549.22525	814.64847	618.09386	774.99779	492.51531	554.83947	388.45685	439.14489	486.38318	601.81943	484.51523	422.8715	412.87102	442.05203	533.73114	486.49158	398.79312	327.76995	364.28037	434.51083	523.68598	534.86433	508.43941	419.31356	409.04106	613.73872	678.98609	605.76888	544.78613	663.45322	300.22458	376.7971	724.82283	517.63187	490.65835	391.49384	395.08126	686.41204	421.44442	431.04541	404.3866	398.8784	1139.16414	1000.44787	570.13175	1023.58247	259.30573	477.39288	622.79772	489.30643	423.65953	506.39829	627.93503	515.88725	353.78666	421.10209	463.8654	268.30762	463.79967	492.1627	477.07703	733.77543	361.27476	388.55378	393.86279	280.03052	695.71609	283.42361	234.4249	444.77118	300.03557	334.20768	431.66355	434.45518	694.30073	220.12337	332.75396	383.86219	356.16269	352.99401	434.80097	420.00366	373.20581	287.24268	476.76676	633.09924	356.88099	528.51556	505.70627	864.11259	385.01526	397.43171	1113.82089	522.18197	529.75926	434.80812	284.06684	767.44964	676.1808	470.91591	353.48886	310.54043	214.18355	289.44484	430.97729	507.71522	265.87135	389.16833	235.71797	796.40785	335.44506	270.96431	594.36213	742.06073	584.8776	579.7587	233.93087	297.80923	435.36306	393.34741	425.80914	540.76187	562.12823	371.60807	314.53882	284.75698	348.6062	899.54726	1057.65652	578.3973	593.95336	642.47073	572.90285	392.41742	391.58753	280.24797	420.3305	386.24538	224.14934	381.6241	415.78452	315.53764	584.70805	489.83127	371.98111	609.56425	620.04301	845.89056	329.28599	343.47004	924.23129	856.61087	573.947	519.89373	621.20072	691.82962	350.87433	428.15922	697.21364	408.89515	441.72603	1221.43951
GH161	20.32891	16.98763	12.99857	38.82629	56.95665	15.00488	20.75847	45.57732	26.24909	12.90897	24.40713	58.92589	48.97414	42.33652	54.43925	31.32458	36.40035	29.96405	35.37816	33.88034	10.74726	43.72637	50.52059	20.94535	26.30145	17.83045	19.81893	26.94635	11.10201	25.41153	26.93707	58.83982	24.53768	23.04087	14.63457	14.75065	17.73302	24.77855	15.75565	16.59827	15.6583	16.8262	31.48395	34.17555	19.24144	34.60338	20.66897	20.61521	18.68203	22.56561	23.40531	23.0965	17.70728	16.90158	18.35912	17.07417	19.40035	17.59566	10.25174	17.17017	18.53005	15.68864	19.1547	20.29456	6.61399	14.30508	24.35254	8.24916	4.57505	1.24625	35.1943	13.89176	33.12824	17.40148	13.54952	13.98183	20.66642	22.8499	31.27452	27.4428	15.89482	11.83786	21.21006	22.23609	20.35673	23.74849	25.52019	15.95832	30.35979	17.58086	17.91168	12.78424	18.17971	15.90651	33.02709	25.52724	22.79356	32.96785	37.64111	39.44947	53.1238	55.80043	9.66502	20.03286	30.61581	14.48886	28.70785	24.49563	27.39842	20.44564	24.68984	9.58636	16.65387	13.96964	25.38365	21.02583	16.57748	14.10442	10.15928	17.40297	18.50165	19.66743	47.97503	22.00066	19.23888	9.02645	34.55723	8.89616	20.21195	20.63444	27.591	10.44503	19.56564	23.23668	15.31477	11.67763	17.26858	17.75088	21.83526	52.11639	29.28315	26.40662	26.63349	23.53228	21.83613	18.56311	23.172	26.14555	35.77503	49.81475	15.58412	21.20405	23.62268	36.01467	22.22371	32.96547	10.48392	9.81188	20.40468	12.366	16.07287	16.90942	23.39848	26.10966	10.91164	13.95197	29.81548	13.12681	30.27279	17.53253	19.06094	18.85582	20.76016	10.78883	20.29139	15.41992	19.32466	20.34349	15.09921	17.60377	14.27348	22.24306	12.54457	6.90707
GH163	6.93575	12.08879	25.79284	2.56584	3.2065	9.97486	6.6601	6.01476	47.97332	18.91156	8.99243	7.78935	12.92799	6.31561	3.77204	4.41328	4.70296	1.01118	9.42919	10.5151	50.61966	3.10768	17.94677	46.95151	26.86971	31.07394	15.2471	28.27599	27.34216	25.52547	1.68124	2.32419	4.81919	2.31706	16.99026	17.32231	24.10601	13.74976	22.33346	12.4736	37.27972	32.4154	36.14533	28.69817	6.79953	4.23484	7.97489	5.29281	35.44568	7.10309	12.53112	6.8528	21.865	23.88208	31.27695	12.80184	4.86867	5.4982	0.04764	0.08178	4.41611	7.5402	0.1726	0.48739	26.10793	33.09519	16.8648	21.82606	21.51613	NA	1.83706	0.66401	6.5791	11.01529	5.29542	17.23685	4.34255	4.49359	3.53253	8.23117	5.2248	6.74606	13.88696	22.2089	2.73815	2.57067	7.00018	7.02439	8.07654	10.42204	4.95394	23.40152	8.88703	5.50553	15.75707	12.69344	4.93061	10.41214	23.38106	12.49092	9.64586	11.90086	30.40142	13.07895	12.59969	12.06816	11.88466	6.3363	4.4244	46.77569	48.62353	13.05691	3.88705	8.52703	27.17863	35.95554	38.8811	9.55247	8.89173	59.42946	37.56488	41.13109	28.36224	8.17581	11.78371	20.655	3.44884	3.41694	15.28936	11.4343	5.23138	10.24178	4.14957	4.34422	15.30683	10.08665	13.25209	11.78036	18.18815	7.46296	6.94427	4.80205	6.96681	37.36371	42.4687	45.08604	22.47613	30.95866	34.35085	13.92396	11.20323	14.68264	17.48894	9.66066	14.43724	13.30602	3.40468	7.90654	1.76115	4.4688	3.24427	3.85906	8.85962	7.29997	8.99616	9.34089	8.06744	1.75307	4.56251	11.89321	17.59803	15.59727	8.67195	7.67637	24.27343	23.89659	10.03852	23.948	7.5543	7.96763	31.95704	4.77648	6.86134	7.99678
GH164	8.16761	2.23876	0.28903	0.57974	0.79991	NA	NA	1.8503	0.0226	11.56134	0.19233	0.32221	0.5816	0.28501	0.1141	0.18336	0.31823	0.30257	13.63918	1.31808	0.34838	0.68073	0.74499	1.99828	0.85139	0.54444	1.02768	0.56842	0.24487	0.06617	0.23945	0.40981	1.82062	1.81477	2.04699	2.61804	1.46913	2.11206	10.94345	6.30322	7.95784	13.03159	23.62557	15.59927	0.55188	0.11973	1.97427	0.13346	3.84695	1.01652	5.38209	1.68344	1.0716	0.35129	4.24562	3.30395	2.25964	1.43781	0.00594	NA	1.55752	1.40028	NA	NA	0.05986	0.07369	16.39687	0.23085	0.02913	NA	0.41937	0.01414	0.97651	1.11017	5.82911	4.61767	2.36889	2.49317	0.19627	0.33115	0.02773	0.72775	0.73354	0.0976	1.07227	0.51299	1.07079	1.6588	0.27031	0.29598	0.12031	0.34458	0.05177	3.00099	7.31282	6.1211	0.78849	1.63625	6.20277	5.1352	2.13352	3.59909	0.92246	0.5241	0.92679	0.45119	5.95009	2.53588	1.73665	3.0585	5.54929	0.95933	0.2023	1.29922	0.51498	0.08743	0.14253	0.60474	0.73889	2.25026	1.09894	6.64955	2.97872	0.47006	0.31925	0.1551	0.49301	0.27701	0.31766	0.58668	0.43323	0.14255	0.00925	0.0387	0.22372	0.05141	0.23263	0.22748	2.35767	1.62836	0.01363	0.01784	2.81573	0.90963	3.02118	0.72404	1.31647	1.02611	1.10577	0.0109	0.00851	4.89201	20.78399	3.53006	4.20623	8.99665	NA	NA	NA	0.21517	0.23434	0.10241	0.56399	0.76509	3.85098	4.35089	3.71379	0.10214	0.47368	1.50715	5.10444	3.30733	4.06694	2.40761	0.12776	0.08686	0.86201	0.0854	1.46914	1.31594	0.10948	0.2572	1.92535	0.05186
GH165	5.46392	14.45149	32.6577	1.90819	2.0576	1.15297	1.9469	6.83808	8.32787	67.53385	7.76894	6.35008	6.93005	6.62545	3.09994	7.85714	7.30237	4.82102	1.93256	13.79579	20.82619	2.57663	8.11254	7.08212	10.22175	7.3716	5.23732	9.25808	5.54112	1.71616	5.32266	3.3284	17.95196	13.33326	37.46174	40.11323	48.2503	30.59343	18.59548	13.28756	33.51543	29.23723	26.74292	32.20294	16.41184	6.01041	7.1382	16.09782	0.07156	0.92881	0.29081	0.50938	5.76889	3.80484	45.22887	24.48708	4.99941	2.94549	0.09299	0.03571	16.93335	12.81523	0.14677	0.09967	3.88298	3.85237	0.08206	4.48917	14.73796	NA	1.65995	19.23972	11.25714	13.21765	6.44345	19.65486	3.52253	2.36225	10.58476	8.93259	9.91937	13.82813	12.16099	2.93012	34.07839	7.63205	15.21361	17.15104	23.87508	5.69654	2.23778	9.64738	4.41466	22.3162	9.69777	11.94211	5.98317	11.68218	10.31999	5.59842	10.87527	2.74601	2.83322	2.76468	3.31996	2.46286	24.42597	8.80277	5.19433	0.13288	0.19209	6.94756	5.74407	7.80972	8.4941	33.31183	39.95845	13.14384	6.86701	62.05327	32.26015	12.21646	8.19379	9.36066	3.8872	9.00503	5.41828	1.84171	16.87567	31.68927	11.77202	13.82489	2.14092	4.91792	9.38949	3.32075	11.81677	11.41558	13.34015	9.03301	4.4205	4.43235	3.10719	NA	0.09234	4.91133	3.6417	6.00663	4.00051	3.82631	1.10799	6.17796	9.18489	9.3768	5.80017	21.72571	6.71779	10.90532	3.8007	6.09451	2.80594	4.93953	8.29745	3.93124	15.21106	7.97282	9.73288	2.94487	3.71271	11.30509	15.88096	17.90743	0.67531	0.67307	11.79816	12.14191	1.85394	11.22129	10.92599	7.61478	4.05205	6.01218	5.39887	7.81617
GH166	39.80213	22.62033	1.70659	69.8864	69.31077	17.15298	8.40109	33.65011	22.55213	23.31996	44.54952	47.06345	17.49584	22.72938	11.11907	26.23424	33.49755	17.07569	29.49734	64.09975	0.91104	53.24267	55.57812	8.72676	45.01328	31.40598	45.40865	18.50435	26.02067	40.1544	24.62032	19.41245	14.58658	19.25115	35.21713	31.74551	20.73542	17.85256	40.24225	46.05079	12.86236	17.2337	72.38743	50.39035	34.7349	23.91938	17.13499	48.30957	32.11858	87.67101	52.97813	24.81796	35.09519	19.28319	20.62485	19.97768	51.09596	46.12442	58.50069	93.50518	57.75177	67.74293	25.39606	26.0245	28.22056	23.19983	76.75588	42.89815	1.83185	28.3195	80.61161	59.9606	57.96655	28.10719	34.18174	42.33564	40.27265	38.00727	73.91475	21.3074	8.89378	25.09972	102.66047	53.00545	19.63282	40.28965	32.24202	16.02929	79.6501	8.04624	14.13097	7.69256	6.24266	21.16413	10.10216	24.85647	2.43214	17.70352	8.74899	27.30644	4.02127	36.32914	4.65048	9.50975	18.01657	11.07971	42.58785	62.52018	43.89411	56.4454	37.7333	11.12785	52.46446	15.00729	42.48189	2.90866	9.09717	7.63566	9.72926	7.05258	7.76603	27.6758	25.2576	15.87254	21.65882	4.69963	41.8199	49.34825	22.66728	18.30641	18.86563	17.97042	12.58831	12.1117	50.43687	22.27142	33.32656	34.00321	9.65772	7.02107	21.26113	24.86898	41.51331	41.27066	59.38784	30.61115	24.69783	21.27317	30.53085	24.32358	33.06669	21.75965	28.08015	27.0436	21.30514	29.1022	28.87972	18.56703	41.51414	37.1692	7.31695	17.55181	24.99734	24.16839	4.3954	12.24998	40.98699	24.56533	20.61071	13.01749	35.47097	57.94992	24.03326	13.64831	37.4919	5.09921	54.968	16.25525	8.98216	4.37505	34.60134	33.48081	22.18122	19.45107
GH167	36.84392	0.11593	0.12948	1.61948	2.17402	0.05173	0.14086	2.25582	2.25033	NA	0.39373	0.56447	0.0467	0.1748	0.24483	0.22908	0.23139	0.45029	39.0994	10.29406	0.01247	2.05448	2.44435	0.0882	3.67395	0.014	1.30139	1.79756	1.76898	0.96328	0.93817	0.82179	0.0828	0.03747	0.12026	0.1146	0.20302	0.16512	NA	0.05997	0.08584	0.2267	NA	NA	NA	0.08128	NA	NA	NA	NA	NA	NA	0.19969	0.61828	0.0359	0.00695	NA	NA	NA	NA	NA	NA	NA	NA	2.13087	1.02301	0.0442	1.14681	0.11024	NA	NA	0.01244	0.01949	0.0205	1.04712	0.62643	0.01057	0.03209	1.24634	1.50483	0.05092	0.05061	1.81829	0.80459	0.54629	0.51266	0.01706	0.02118	0.61555	2.85356	1.79381	1.86903	1.02348	0.60007	NA	NA	0.34775	1.32135	8.17133	8.69504	20.19804	11.3966	0.31487	0.03366	1.71276	0.02444	0.00735	8.16144	NA	1.04439	2.01614	NA	0.70119	1.07681	1.19369	NA	NA	1.23654	0.65787	NA	NA	0.94191	2.80078	0.73588	0.59226	0.20051	0.50059	0.07608	0.1739	0.17065	0.18555	0.1102	0.76848	0.60206	1.24813	0.30692	1.04246	0.96703	0.98026	4.18944	0.86495	0.49617	NA	1.58833	2.15355	0.22169	0.04194	0.29547	0.51053	0.27958	0.07739	1.37838	0.14347	1.03284	1.56894	NA	0.10835	0.29364	0.13032	0.4613	0.18203	0.28333	0.62176	0.29867	1.02945	1.07	2.8181	1.73995	NA	0.03419	0.35557	0.01753	NA	NA	0.60535	0.22159	0.12093	0.24984	0.06478	0.14122	5.03541	0.02748	0.13339	0.40338
GH16_12	NA	NA	NA	NA	NA	NA	NA	NA	NA	NA	NA	NA	NA	NA	NA	NA	NA	NA	0.05889	NA	NA	NA	NA	NA	NA	NA	NA	NA	NA	NA	NA	NA	NA	NA	NA	NA	NA	NA	NA	NA	NA	NA	NA	NA	NA	NA	NA	NA	NA	NA	NA	NA	NA	NA	NA	NA	NA	NA	NA	NA	NA	NA	NA	NA	0.24465	0.09087	NA	0.06654	NA	NA	0.12031	NA	NA	NA	NA	NA	NA	NA	NA	NA	NA	0.01197	5.68694	25.3772	NA	NA	NA	NA	NA	NA	NA	NA	NA	0.09401	NA	NA	NA	NA	NA	NA	NA	NA	0.10435	NA	0.81423	NA	NA	NA	NA	NA	NA	NA	NA	NA	65.30967	NA	NA	NA	NA	NA	NA	NA	NA	NA	NA	NA	NA	NA	NA	NA	NA	NA	0.02392	0.35027	NA	NA	0.04266	0.04512	NA	NA	0.75417	0.02275	NA	NA	NA	NA	NA	NA	NA	NA	NA	NA	NA	NA	NA	NA	NA	NA	NA	NA	NA	NA	NA	NA	NA	NA	NA	NA	0.01799	NA	NA	NA	62.94446	54.98694	NA	NA	NA	NA	NA	NA	NA	NA	NA	0.05437
GH16_14	NA	NA	NA	NA	NA	1.09871	0.14366	NA	NA	NA	NA	NA	NA	NA	NA	NA	NA	NA	NA	NA	NA	NA	NA	NA	NA	NA	NA	NA	NA	NA	NA	NA	NA	NA	NA	NA	NA	NA	NA	0.02751	NA	NA	NA	NA	NA	NA	NA	NA	NA	NA	NA	NA	NA	NA	NA	NA	NA	NA	NA	NA	NA	0.02215	NA	NA	NA	NA	NA	NA	NA	NA	NA	NA	NA	NA	NA	NA	NA	NA	NA	NA	NA	NA	2.57597	2.76906	NA	NA	NA	NA	NA	NA	NA	NA	NA	0.04305	NA	NA	NA	NA	NA	NA	NA	NA	0.08718	NA	0.45892	NA	NA	NA	NA	NA	NA	0.04361	NA	NA	4.68603	NA	NA	NA	NA	NA	NA	NA	NA	NA	NA	NA	NA	NA	NA	NA	NA	NA	NA	NA	1.83151	0.34341	1.29009	1.02337	NA	NA	NA	NA	NA	NA	NA	NA	NA	NA	NA	1.05257	1.29731	NA	NA	NA	NA	NA	NA	NA	NA	NA	NA	NA	NA	NA	NA	NA	NA	NA	NA	NA	NA	NA	NA	NA	NA	NA	NA	NA	NA	NA	NA	NA	NA	NA
GH16_15	NA	NA	NA	NA	NA	NA	NA	NA	NA	NA	NA	NA	NA	NA	NA	NA	NA	NA	NA	NA	NA	NA	NA	NA	NA	NA	NA	NA	NA	NA	NA	NA	NA	NA	NA	NA	NA	NA	NA	NA	NA	NA	NA	NA	NA	NA	NA	NA	NA	NA	NA	NA	NA	NA	NA	NA	NA	NA	NA	NA	NA	NA	NA	NA	0.26677	0.53352	NA	0.19536	NA	NA	0.05651	NA	0.05374	0.02203	NA	NA	NA	NA	NA	NA	NA	NA	7.18205	30.16044	NA	NA	NA	NA	NA	NA	NA	NA	NA	0.16984	NA	NA	NA	NA	NA	NA	NA	NA	NA	NA	NA	NA	NA	NA	NA	NA	NA	NA	NA	NA	81.49379	NA	NA	NA	NA	NA	NA	NA	NA	NA	NA	NA	NA	NA	NA	NA	NA	NA	0.14048	0.76389	NA	0.06222	NA	NA	NA	NA	0.57669	NA	NA	NA	NA	NA	NA	NA	NA	NA	NA	NA	NA	NA	NA	NA	NA	NA	NA	NA	NA	NA	NA	NA	NA	NA	NA	NA	NA	NA	NA	NA	87.65631	67.34572	NA	NA	NA	NA	NA	NA	NA	NA	NA	NA
GH16_16	NA	NA	NA	NA	NA	NA	NA	NA	NA	NA	NA	NA	NA	NA	NA	NA	NA	NA	NA	0.02178	NA	NA	NA	NA	NA	NA	NA	NA	NA	NA	NA	NA	NA	NA	NA	NA	NA	NA	NA	NA	NA	NA	NA	NA	NA	NA	NA	NA	NA	NA	NA	NA	NA	NA	NA	NA	NA	NA	NA	NA	NA	NA	NA	NA	0.20647	0.29077	NA	0.14742	NA	NA	NA	NA	0.04506	NA	NA	NA	NA	NA	NA	NA	0.07006	0.16502	7.63969	29.39884	NA	0.01785	NA	NA	NA	NA	NA	NA	NA	0.05696	NA	NA	NA	NA	NA	NA	NA	NA	0.10557	0.07543	0.73224	NA	NA	NA	NA	NA	NA	NA	NA	NA	85.10027	NA	NA	NA	NA	NA	NA	NA	NA	NA	NA	NA	NA	NA	NA	NA	NA	0.02729	NA	0.12317	NA	0.02609	0.042	0.04442	NA	NA	0.86346	0.08962	NA	NA	NA	NA	NA	NA	NA	NA	NA	NA	NA	NA	NA	NA	NA	NA	NA	NA	NA	NA	NA	NA	NA	NA	NA	NA	NA	NA	NA	NA	87.26891	66.74106	NA	NA	NA	NA	NA	NA	NA	NA	0.03999	0.03569
GH16_17	35.65521	NA	NA	NA	NA	NA	NA	NA	NA	NA	NA	NA	NA	NA	NA	NA	NA	NA	36.95824	9.93597	NA	NA	0.48408	NA	1.05867	NA	0.55062	0.73643	0.04082	0.11892	NA	NA	0.02008	0.03613	NA	NA	0.18615	0.12811	NA	NA	NA	NA	NA	NA	NA	NA	NA	NA	NA	NA	NA	NA	0.0597	0.06148	NA	NA	NA	NA	NA	NA	NA	NA	NA	NA	NA	NA	NA	NA	NA	NA	NA	NA	NA	NA	NA	NA	NA	NA	NA	NA	NA	NA	NA	NA	0.04188	0.0182	NA	NA	0.1457	NA	NA	NA	NA	NA	NA	NA	NA	NA	NA	NA	NA	NA	0.37893	0.08446	1.4716	NA	NA	8.71346	NA	NA	NA	NA	0.03874	NA	NA	NA	NA	NA	NA	NA	NA	NA	NA	NA	NA	NA	NA	NA	NA	NA	NA	NA	NA	NA	NA	NA	0.24025	0.25633	NA	NA	0.11855	0.04679	NA	NA	NA	NA	NA	NA	NA	0.04482	0.04351	1.54554	0.19108	1.5495	1.50851	NA	NA	NA	NA	NA	NA	NA	NA	NA	NA	NA	NA	NA	NA	NA	NA	NA	NA	NA	0.02599	0.0612	NA	0.02171	NA	NA	0.02703	NA	NA	NA
GH16_2	NA	NA	NA	NA	NA	NA	NA	NA	NA	NA	NA	NA	0.03505	NA	NA	NA	NA	NA	NA	NA	NA	NA	NA	NA	NA	NA	NA	NA	NA	NA	NA	NA	0.11233	NA	NA	NA	NA	NA	NA	NA	NA	NA	NA	NA	NA	NA	NA	NA	NA	NA	NA	NA	NA	NA	NA	0.11513	NA	NA	NA	NA	NA	0.24312	NA	NA	NA	NA	NA	NA	NA	NA	NA	NA	NA	NA	NA	NA	NA	NA	NA	NA	NA	NA	NA	NA	NA	NA	NA	NA	NA	0.04174	NA	NA	NA	NA	0.04278	NA	0.06898	NA	NA	NA	NA	NA	NA	NA	NA	NA	NA	NA	NA	NA	NA	NA	NA	NA	NA	NA	NA	0.14727	NA	NA	NA	NA	NA	NA	NA	NA	NA	NA	NA	NA	NA	NA	NA	NA	NA	NA	NA	0.06488	NA	0.03596	NA	NA	NA	NA	NA	NA	NA	0.05706	NA	NA	0.0805	NA	NA	0.09564	0.02423	NA	NA	NA	NA	NA	NA	NA	NA	NA	NA	NA	NA	NA	NA	NA	NA	NA	NA	NA	NA	NA	NA	NA	NA	NA	NA	NA	NA	NA
GH16_21	18.76934	1.90974	0.60045	6.71617	9.57777	2.82426	2.96854	3.03839	2.244	1.03208	16.42247	9.5183	5.70024	6.86375	9.02014	13.74872	6.08179	19.5672	11.06217	0.42286	0.34029	6.98396	34.68751	NA	25.24227	NA	10.50922	32.38941	4.64396	5.18254	20.61956	16.09896	7.7619	10.28396	3.75726	3.95451	8.24925	16.53616	0.33322	0.75256	10.69044	6.92225	7.08344	11.62667	1.19785	2.4791	1.74908	2.96378	0.05173	10.17807	3.23524	1.01684	3.89795	2.03754	3.54667	0.20793	4.39203	11.69963	4.64048	4.37749	1.46842	3.11446	28.47302	30.78389	8.82516	8.43694	17.27695	7.71177	2.2526	NA	0.81722	5.7981	7.69964	0.54895	20.31348	3.353	5.85769	4.24518	16.52064	7.27878	2.86703	13.17216	29.03696	10.19955	7.23718	13.82923	7.17788	2.13063	15.37227	4.96439	2.97024	2.86081	7.0967	9.35025	4.12588	6.27892	1.92805	1.73802	7.23286	1.59666	2.65502	4.16801	0.1638	0.32901	2.93826	0.29767	9.94362	5.65253	5.51098	30.32249	20.44438	5.38783	12.00564	2.83621	8.26677	0.04858	NA	3.63838	3.61706	NA	NA	1.0985	9.54874	2.93097	5.38317	3.08241	4.95776	9.57327	1.17331	8.71713	8.3568	11.46492	7.41696	1.96737	7.43526	8.97044	12.52618	13.28284	3.25424	4.75421	6.00896	5.01539	3.67689	2.26813	22.85183	2.10476	4.51473	1.82152	3.51117	3.68756	2.13486	7.36539	10.19094	3.73598	5.64978	9.75661	9.20453	28.35655	18.05491	14.24055	1.87293	3.34159	1.26837	2.55374	6.26115	12.99224	12.41189	7.13084	1.34715	0.80518	2.1173	1.25448	NA	0.04983	5.07507	0.06586	11.28947	2.96615	2.47293	2.81428	10.81203	4.48717	10.36534	1.75144
GH16_24	0.83289	9.85138	3.39388	1.87407	1.39954	1.34388	4.44946	1.94189	0.39246	1.00116	1.12872	0.89342	0.63561	1.69643	0.93255	1.5846	0.51749	0.40019	1.82457	4.04501	2.37319	1.31225	2.10391	0.67926	1.42485	0.68428	1.47335	2.41548	2.05582	0.73698	1.50177	2.25262	1.95506	2.54999	11.16359	14.13809	4.22794	2.7895	2.97814	1.45916	5.71431	7.04967	12.5334	13.45125	1.01165	0.73809	0.54632	0.60226	1.03107	0.83716	0.27353	0.58382	0.75104	2.63597	3.26602	5.52335	1.41648	0.65115	11.24245	4.21996	2.03759	2.80154	3.38862	2.4174	0.37767	0.31447	0.75944	0.33128	4.11961	8.32476	8.44761	3.30106	2.07357	6.46576	1.95869	2.76871	4.64904	4.35147	0.5776	1.4047	4.2392	4.68393	2.37616	4.15659	0.23113	0.70894	0.15229	0.21552	0.56524	5.33959	3.33603	2.0366	2.63994	0.54411	0.02527	0.30598	0.08202	0.2329	0.37707	0.06897	0.21798	0.0516	0.44073	0.64346	1.4327	0.76471	0.57065	0.9037	0.46999	0.05078	0.02467	5.69292	2.21322	1.62008	5.63877	0.13877	0.37711	2.4857	5.65696	0.10622	0.26783	2.4897	1.84075	3.52515	1.53204	5.22704	3.05674	2.11541	6.78432	NA	0.07759	2.01339	0.12988	0.18772	0.9405	1.11555	1.9728	1.52277	0.41212	0.47173	0.32409	0.29725	0.83233	0.24919	0.04525	1.50434	1.3404	2.87852	1.39248	1.20709	1.35149	19.37882	19.22692	20.66245	22.73141	NA	0.17173	0.31294	0.57545	0.42296	0.29292	0.31543	1.23531	0.68529	3.8667	1.37448	2.90366	3.79724	1.29815	1.93146	1.82944	0.92142	2.217	1.08377	2.48105	2.02814	1.6779	2.07442	1.46446	1.84791	0.52049	2.61336	0.85862	0.4598
GH16_3	83.16006	86.85015	87.5873	75.71596	72.23087	135.26802	90.48494	95.7117	79.10705	208.45074	77.07991	88.9304	96.14421	78.56325	64.65393	52.64109	85.44347	74.83202	96.5148	137.61208	86.55418	59.04542	87.14901	131.92292	112.09067	123.48408	77.34537	88.3351	37.79391	41.14246	57.98338	76.32183	95.08638	80.08213	59.94254	60.72954	92.36946	95.68838	74.95597	53.65047	62.11956	67.59587	104.24596	93.03638	92.54355	65.73114	54.55356	98.50787	158.66305	109.58562	125.91295	157.69391	37.58898	51.23656	142.47445	107.76754	107.55661	81.29177	60.5111	110.46545	86.4191	76.53097	50.20713	50.38196	258.00844	230.93528	100.99278	228.86083	76.32763	154.41611	104.24009	104.03749	75.37156	94.71509	79.99764	84.24713	53.00843	68.3958	93.82919	52.34013	99.78981	109.66356	61.22844	93.3497	93.23747	71.03554	60.87015	44.89494	130.09469	42.71377	34.64966	70.99882	41.92788	67.97732	58.56392	61.56221	110.77956	40.81973	53.58944	60.10647	73.31714	60.35568	101.96108	98.05173	71.86625	62.13633	75.15359	114.16825	61.24947	86.71673	90.1923	159.93809	60.89968	62.59159	111.58941	109.02706	97.07071	67.05186	36.50281	139.25924	123.19104	90.98996	61.57574	50.39211	34.76281	39.38859	90.94682	91.72225	54.9539	55.82905	37.95684	152.37089	55.57814	50.41762	116.11304	146.81049	103.02234	105.50879	47.16548	66.74646	87.16184	68.63702	101.25913	98.37482	103.96602	61.21847	48.5382	48.28455	55.32802	133.81595	132.47772	118.86518	101.06165	104.74146	113.24907	57.90393	88.54533	63.34156	71.39341	75.67071	37.39749	64.47188	70.70055	47.6395	99.91233	79.058	65.06051	81.53027	100.85248	166.16015	55.44352	59.81116	78.06403	91.63435	88.52039	92.53067	119.38338	107.98278	71.4468	81.93836	97.33126	87.75045	117.90837	294.35413
GH16_6	0.7944	4.59312	4.89883	1.29865	1.6809	0.98398	1.87706	0.48276	0.49745	NA	4.46497	2.43965	1.59715	1.40545	2.54736	15.6393	2.79478	2.95521	2.3045	4.0658	4.33568	1.503	0.83641	3.1108	1.88247	10.53207	2.5645	2.18277	NA	0.10255	2.4541	4.99677	2.09607	3.50633	1.55991	2.07001	3.42063	8.34865	0.03819	0.10317	1.76099	0.60764	1.48495	2.67406	2.91861	1.96857	0.42175	10.63248	1.24688	4.1454	2.38998	1.10202	0.05713	NA	4.51143	2.52148	3.76674	4.49123	0.6494	1.20264	1.84999	3.69217	0.66059	0.5871	0.2625	0.22059	0.14687	0.99085	1.34698	9.12047	7.83603	0.34471	3.12814	4.64589	4.03741	0.95473	1.35178	0.96445	0.29783	0.95382	0.37477	0.58195	1.85818	1.6739	0.81265	0.59316	0.13712	0.15347	0.62185	0.22785	NA	0.65682	5.10763	0.41467	0.15565	0.8574	NA	0.12936	2.98751	1.08944	4.38268	1.15035	0.04237	0.03862	NA	NA	0.18368	1.30605	0.86222	3.54914	2.45772	4.45803	3.81108	5.2973	1.10327	1.1085	1.67297	9.46554	7.03571	0.65969	1.34992	2.51035	2.94928	6.85024	2.80549	0.38314	4.44471	2.44525	3.82099	0.11582	0.11827	1.83326	1.51932	1.02435	0.09079	0.04895	0.89175	0.9145	0.24881	0.78162	2.20272	1.71269	2.93936	8.6032	5.31769	1.19314	0.87866	0.69866	1.07241	1.33644	0.58606	2.52143	1.89597	9.4585	3.19772	0.34021	0.02412	0.12739	0.41572	NA	0.60997	0.84632	0.97068	1.67719	2.46463	1.39891	1.83027	5.1492	13.84023	1.40995	0.77439	0.18564	6.74827	13.32871	2.53595	15.42633	10.95975	4.26659	0.09734	0.04321	4.92859	0.3046	0.13724	0.53485
GH16_8	NA	0.04017	NA	NA	NA	NA	NA	NA	NA	NA	NA	NA	NA	NA	NA	NA	NA	NA	NA	NA	NA	NA	NA	NA	NA	NA	NA	NA	NA	NA	NA	NA	NA	NA	NA	NA	NA	NA	1.02037	2.22016	NA	NA	NA	NA	NA	NA	NA	NA	NA	NA	0.00686	0.0204	NA	NA	NA	NA	NA	NA	0.11308	0.08064	NA	NA	NA	0.09003	NA	NA	NA	NA	0.67911	0.52232	0.077	0.09855	0.04881	NA	NA	NA	NA	NA	NA	NA	0.47872	NA	NA	NA	NA	NA	NA	NA	NA	NA	NA	NA	NA	NA	NA	NA	NA	NA	NA	0.04578	0.02163	NA	NA	NA	NA	NA	0.01007	NA	NA	NA	0.04872	NA	NA	NA	NA	NA	0.08061	NA	NA	0.02486	0.05474	NA	NA	NA	NA	NA	NA	NA	NA	NA	NA	NA	NA	NA	NA	NA	NA	NA	NA	NA	NA	NA	NA	0.03076	NA	NA	NA	NA	NA	NA	NA	NA	NA	NA	NA	NA	NA	NA	NA	NA	NA	NA	NA	NA	NA	NA	NA	NA	0.03837	NA	1.93349	1.4494	NA	0.02004	NA	NA	0.03277	NA	NA	NA	NA	NA	NA	NA
GH17	1.56179	0.92376	0.26708	7.05699	5.69068	0.04886	0.24847	16.29998	0.69456	1.68644	0.68416	0.40661	0.63379	1.33351	1.19934	0.488	0.67712	0.21955	9.55247	1.19577	0.34202	9.47615	0.5411	0.32008	0.33768	0.22271	0.17165	0.36405	0.2796	0.23429	3.51581	11.93931	0.8801	1.13378	0.41121	0.27018	1.53531	1.06166	1.97837	0.89334	0.71767	0.45694	2.09993	2.27909	2.35202	1.75647	1.14808	1.63068	0.46635	0.40655	0.88345	1.87621	0.20357	0.73039	1.46087	1.96355	1.62782	0.5255	2.74114	1.22348	0.87173	1.28363	0.76193	0.74661	0.05564	2.81455	3.69825	0.23909	0.02469	NA	1.92307	NA	1.58688	1.71203	0.14412	0.40748	1.11302	0.24071	0.36097	0.86859	0.89085	0.40933	0.27865	1.0269	1.63423	3.53586	3.05488	0.66674	1.45816	1.57588	0.60772	1.32119	1.7304	1.07517	0.50991	0.81445	0.09986	0.24016	5.48223	0.38842	0.1081	0.21451	0.77761	1.01626	7.95447	NA	2.30287	1.66406	1.30423	1.36314	0.58836	1.30968	0.304	0.10464	0.54348	0.83618	0.48863	0.33921	0.03681	2.31834	1.74733	3.11473	8.76952	3.70678	0.60524	0.21733	0.22275	0.17973	1.01514	0.27374	0.82329	0.26899	0.27477	0.95055	0.90124	0.51656	1.29188	1.04275	0.13295	0.33136	0.99244	0.84445	1.91948	0.74356	0.11149	0.88345	1.30814	0.48729	0.9023	0.25757	0.10689	1.02345	1.12861	2.82814	0.88841	0.90195	0.30993	0.57516	1.50472	0.21193	0.88146	1.1712	1.82635	1.6947	0.62297	1.1351	0.69145	0.75632	1.08582	0.42573	0.93403	0.80793	2.08284	0.38538	1.5453	0.62786	1.18726	3.10435	0.40903	0.61284	0.84323	1.82317	0.52197	0.22764
GH18	442.94028	447.10775	495.06701	349.59721	414.38469	198.60983	236.75518	358.25255	327.4437	575.65828	343.04146	347.72812	368.41195	355.94847	309.79142	336.28687	369.48123	318.7498	509.26133	484.40857	624.16435	353.52814	290.42467	572.28953	406.79194	484.02352	328.10608	344.29788	246.09649	191.58193	288.96662	256.45028	551.85348	507.56854	470.26374	469.54897	560.00767	554.58113	411.08138	438.77628	528.93909	490.91127	507.77273	444.01261	367.107	311.92175	327.95553	379.46569	662.43562	438.4153	572.38251	619.03388	237.25877	200.55984	612.42831	496.08796	488.90963	346.31843	369.82868	356.06259	402.32329	360.32187	312.53158	305.57772	197.26638	219.12591	481.1329	236.4844	356.99163	414.7136	321.6441	345.25511	420.7026	379.48105	357.994	386.35728	264.17105	231.78796	343.68967	334.90998	251.99719	308.31172	429.44823	453.84204	326.89323	332.68856	397.22135	310.52703	369.79272	282.17018	287.82536	300.24011	331.45663	332.92238	429.59723	370.47233	252.09577	364.9643	358.47344	365.3546	354.59927	362.81939	224.53746	209.30531	285.87977	298.48314	450.6327	353.439	314.63888	593.26108	609.57919	213.53424	337.06946	276.206	566.74937	617.41699	614.69265	352.20479	338.63817	766.15135	622.27978	465.98677	382.19299	378.56129	361.83804	319.80739	337.01533	292.61212	399.178	383.78136	330.79471	264.89903	325.30881	284.89836	265.91338	219.99718	290.6593	281.53387	424.52937	403.29838	297.00992	332.11501	390.5409	524.88198	547.69172	362.50698	341.64709	304.00062	335.95152	266.4111	220.14711	573.8129	560.45177	520.49002	559.7408	414.19314	222.74461	241.25516	238.50843	203.49538	254.97315	202.20283	217.67532	285.07356	530.18974	403.58672	488.75954	302.34615	237.9259	269.37664	417.05084	372.78916	572.07465	529.08864	276.50776	305.27333	354.83677	286.02354	341.79237	335.51973	246.05965	324.1596	430.35654	154.7223
GH19	1.07453	7.27188	2.65611	1.70851	1.25969	50.52095	27.03291	1.33275	2.05079	3.00637	1.99775	0.53792	1.2239	1.19861	0.79071	0.5214	0.31544	0.36204	1.30953	3.37573	11.31232	0.84159	15.4412	1.40654	5.29843	4.92371	7.81673	5.67067	2.51551	2.36457	2.24257	3.20959	1.22337	1.22636	15.92741	13.94597	0.68475	8.94044	0.62925	1.24849	0.94433	0.05357	11.44955	9.55578	2.24824	4.87347	2.00409	1.44548	4.84989	2.52351	4.17981	5.41164	1.74585	1.50083	2.77337	2.66032	38.71554	11.03445	80.29418	90.38351	2.10765	1.45581	35.63976	32.62036	38.89749	22.39774	0.29406	54.71062	0.41845	4.69594	1.11082	0.35008	1.24923	2.05295	2.44634	2.19568	1.46265	2.15581	0.97677	1.05184	0.89064	1.60223	11.54478	5.29504	5.87872	3.20131	3.69767	2.37758	2.36293	1.75753	1.91521	2.33162	1.95781	2.54137	0.58267	0.35663	1.61119	0.45004	0.57124	4.93903	3.68724	4.06109	0.23085	1.02131	0.25017	0.38969	0.75061	2.60459	16.36095	0.14586	0.28644	2.02001	0.25235	1.42757	7.06513	0.60445	2.67127	1.26363	0.48113	1.49236	1.46276	2.16227	6.85829	2.8299	4.62031	0.60439	2.615	6.28335	4.17455	2.13745	3.30327	2.85597	0.62073	1.69972	1.64557	2.02357	2.60499	3.04364	0.70376	1.21859	1.14677	2.34605	4.24688	NA	0.14109	0.87319	0.67368	3.41143	4.11832	15.75946	82.10396	5.01779	1.87365	5.94544	4.82654	0.22578	10.85814	16.04082	6.26397	16.29446	2.78854	0.93093	2.93864	3.62079	2.0588	1.18596	1.63378	4.63212	9.48968	5.91878	1.83431	0.89225	0.52303	0.38689	22.77786	30.93508	1.83225	13.81251	0.16365	0.14931	8.51413	NA	0.24601	55.2177
GH2	2636.68403	2322.59639	2733.02103	1607.15936	2032.83637	2335.50573	1720.45036	1732.73188	1828.45536	3799.846	2089.89544	1878.58036	1996.32559	2396.05687	2226.65109	2205.80148	2564.54445	1373.02886	2858.81624	2868.96189	2871.19689	1528.50616	2126.58003	2186.11692	2593.54331	1777.53078	1784.37991	2188.6456	1560.56748	1416.84018	2082.86669	2070.10556	3195.10877	2852.4639	2727.85097	2790.95093	2989.52332	3118.39252	2451.49448	2015.47772	2800.7842	2729.87545	2250.81215	2359.63216	1880.07583	1369.27155	1380.48624	1828.01284	3717.19311	2584.8854	3703.5301	3509.41395	1590.69742	1662.76372	3572.39796	3058.83959	2563.78324	1878.68233	1479.39683	1864.94431	2548.96118	2316.38491	1900.21338	1905.64333	1973.05652	2086.16236	1577.27607	1974.26133	1693.49555	2484.93442	1603.09571	1717.20867	2423.45446	2412.77576	2201.63079	2799.28907	1826.24199	1628.75164	1776.11687	1740.49859	2041.12274	2133.13922	1956.73154	1962.13166	1784.71319	1430.92978	1652.74388	1354.03861	2472.78884	1426.92594	1520.446	1543.30349	1452.25441	1559.30995	1213.64515	1327.96691	1865.81054	1686.70859	1653.077	1824.18376	1697.88413	1581.17363	1759.24412	1928.45523	1727.4647	1726.69081	1862.50975	2277.89741	1566.59619	2342.07205	2352.33648	3065.92094	1440.85307	1500.8154	2824.84691	2456.59485	2471.5457	1838.80773	1804.84472	2942.90299	2611.50884	2525.86772	1934.51313	1703.8398	1599.93841	1399.72642	1680.09634	1494.55007	1546.63442	2111.35362	1471.92753	2830.36423	1380.07342	1180.87496	2194.14937	2622.23667	1976.85985	1991.42799	1963.64663	1925.75994	1381.27463	1447.91341	1931.96073	2495.09613	2493.34801	1935.93333	1608.98159	1553.55321	1731.69965	1822.52454	2056.41676	3524.96997	2587.29145	2502.91265	3413.67408	1727.68476	1302.71835	1504.76637	1006.75264	1465.0918	1164.00684	2213.49867	2539.39009	1535.36785	2615.72776	1618.69414	2026.30342	1597.88128	2357.9121	3210.85312	2212.62836	2209.63443	2828.06068	3277.71554	2756.85018	2381.7883	2424.57993	2801.70752	1709.89341	1750.66869	2721.77824	1876.78366	2052.40929	2028.37041
GH20	721.03647	910.92111	1178.24297	278.9829	352.47165	410.96069	349.37925	758.94943	680.18103	1648.31538	485.09632	340.66398	482.5958	775.06497	544.61787	579.91098	668.47239	271.8785	787.63553	1083.44737	1301.70495	293.89837	465.06119	1067.37675	687.21048	824.932	404.00507	623.19088	611.99935	565.98611	451.1846	432.71122	1211.29665	1014.04262	974.12872	1065.82291	1291.40658	1311.65103	980.02266	647.81572	866.9437	964.34469	657.68294	651.95376	635.88351	328.15341	473.59276	571.18376	1384.61598	705.17864	1286.52728	969.68567	621.24005	643.95745	1538.39812	1140.7838	831.27189	540.25409	311.16507	658.17479	740.74319	580.04954	617.94372	636.97601	543.83312	620.18069	621.50398	478.92436	870.68267	1422.85395	276.3816	766.71368	697.06925	906.25109	920.33022	1311.70328	606.22257	553.52923	471.05269	488.27385	457.64914	594.08747	575.60664	603.93438	499.19515	385.06324	591.67876	566.57404	701.72394	511.46727	306.10774	769.22461	465.0455	590.75362	685.25489	699.02778	1159.9404	514.5106	585.19153	527.32412	483.93751	332.19702	809.60906	820.42448	585.98857	600.57451	945.3217	671.42789	515.22059	673.28824	863.69542	913.19759	307.28636	597.65989	1049.90392	780.8161	880.1087	596.60412	560.43088	1397.96392	1084.67976	1074.63653	501.2317	572.57991	460.03596	637.06672	382.1185	340.2409	444.18715	994.45102	474.65425	892.98739	253.63801	249.54573	723.54609	817.58014	793.04912	801.91293	643.57402	520.25231	334.37779	253.30446	618.16768	824.80376	820.30213	700.90419	555.20782	585.92936	573.01024	463.9627	392.82142	1029.04202	1004.42277	787.79543	973.41028	936.60189	334.54572	321.70486	229.14293	401.86103	261.89002	980.43317	1314.30121	449.7026	1186.92497	744.12887	644.5068	630.69521	565.19648	965.55229	797.28005	636.73927	729.48479	846.34118	785.94617	798.87128	724.31765	760.81757	843.94325	843.44866	751.8223	686.86726	777.41968	595.80399
GH23	636.42865	618.59331	683.93414	653.86205	639.59259	761.47741	594.79056	593.44462	577.03373	611.87051	612.13854	540.77054	577.13661	546.0288	500.20185	540.77283	530.76645	815.94221	582.6448	724.17962	807.22512	560.13258	509.35913	573.39157	566.69191	635.15885	587.79456	566.60556	643.68555	633.18042	700.28881	697.48163	728.56199	704.19891	866.40374	849.73452	749.88062	722.09188	646.17546	618.45055	679.43801	752.77681	515.92149	564.16367	679.24166	539.83156	556.07221	768.77379	699.15579	575.39333	626.90121	669.06601	652.1414	646.4649	640.65556	612.86819	481.11788	513.24872	594.90323	710.9093	695.36825	560.19157	636.41389	641.79105	718.14109	689.58783	617.22596	653.66278	427.42837	625.73236	723.23276	602.8067	534.4268	644.79863	524.09326	637.50155	574.99793	565.50325	450.55028	427.77904	548.33522	627.86852	542.32316	605.52635	693.24901	600.73221	460.88479	417.40321	547.21554	442.59735	404.89856	528.38885	542.42615	490.62878	350.58574	408.04331	409.52753	473.75171	488.54194	553.28589	588.26203	511.62468	678.77365	731.35062	670.68491	701.4463	453.00875	652.48169	443.46963	445.86065	477.28358	783.87107	553.5632	547.11364	625.6808	496.91615	537.9937	554.89566	607.94785	624.18587	540.42474	594.11091	598.8425	500.12798	551.60209	506.53343	547.97211	491.49421	442.78759	536.83574	446.24148	735.66358	513.49225	461.68888	731.75986	847.5065	604.89914	607.54002	537.00721	535.66646	526.27876	488.59393	535.81771	512.34514	486.68684	500.1341	430.23981	405.17875	540.00715	602.68723	739.55118	559.67335	531.70638	579.0219	548.10207	473.04041	436.86926	508.35915	444.33892	423.7526	457.25998	687.27208	776.31838	517.46032	607.08375	589.58444	642.33687	532.44328	664.58461	799.54454	614.70459	649.52922	583.58889	537.45026	754.86741	822.59364	660.617	817.2255	547.36875	530.71261	795.8415	677.31358	605.78074	775.03023
GH24	192.61229	240.58405	251.50907	159.73738	173.1597	322.92856	165.4931	192.97943	221.59733	215.69211	181.22503	157.34315	232.89885	154.15245	119.61353	128.87724	136.47149	68.92814	204.42872	125.56714	271.27912	139.58737	154.95513	210.95499	225.29	133.55472	196.29702	199.28316	419.53135	273.15501	96.11598	87.90573	212.88839	191.24282	276.23779	271.58613	218.77966	206.17281	186.35212	114.67495	253.53889	248.90396	141.89063	161.58688	224.96833	107.30531	202.70534	137.20235	324.56144	150.56929	273.19625	206.25696	403.83331	525.73893	156.1425	170.86748	204.63824	138.84759	86.9276	102.97416	128.90276	70.17643	111.20224	110.88899	84.33163	93.60826	84.22362	88.62622	138.43688	146.72664	101.52273	89.87322	235.78377	294.68737	127.96047	624.38962	430.33203	297.64908	165.64498	191.62228	219.16642	265.19	214.46972	320.08007	107.35425	100.18398	155.90142	151.16116	164.85367	100.20366	60.91031	124.05805	70.70009	96.36425	167.28565	188.10585	139.74802	152.47498	158.67613	237.23424	190.76487	163.23116	472.08824	398.41343	257.08646	308.63059	252.58453	117.8202	112.47709	83.548	63.04662	168.62618	84.56495	101.51868	468.26653	124.23114	147.01127	132.30178	118.05269	216.92384	167.13072	190.93859	190.63688	110.19488	106.64428	105.56065	88.10207	119.36934	139.11682	249.76696	161.86379	203.03899	86.22128	111.07702	217.9109	295.80536	189.98329	193.4161	227.30304	166.79591	156.84368	100.97157	155.14198	62.44322	75.34957	198.71998	150.73554	177.27033	234.36768	184.01241	259.60793	181.83177	121.53591	81.57818	177.22289	276.55186	241.75685	263.56962	101.03381	294.23143	788.3883	190.159	243.85465	416.97339	343.02857	167.92623	158.56905	191.0126	106.65176	196.94456	146.33067	112.33466	240.30291	303.86887	207.54036	233.68416	104.5853	175.65429	173.64529	176.97418	230.31449	158.82731	205.02888	104.26258
GH25	701.95873	603.66139	523.31145	754.64709	650.82096	1105.0464	880.33029	565.31755	574.26914	502.30293	767.23757	779.44734	731.36184	825.59312	846.11847	804.08449	775.8859	714.35262	659.97835	676.95997	485.03334	665.22711	854.39174	438.41379	757.12946	509.27547	742.85304	746.87703	706.72324	836.19864	927.00703	992.93417	605.36886	650.97801	534.38343	540.39161	672.83546	621.50608	681.05436	686.98916	518.13716	499.20313	744.42556	718.24092	652.74995	596.98409	585.50466	709.00012	606.49569	733.93476	657.59636	642.4453	825.93227	812.15991	613.96172	625.81002	659.0313	690.5705	772.161	814.11644	826.00054	803.68946	855.57257	864.82039	1007.63568	1015.20669	719.61275	991.53271	514.90183	395.75657	781.10265	681.43711	711.68729	643.12556	704.33445	672.8693	747.67812	665.92589	751.72157	625.50638	771.59696	745.0595	821.94811	796.58111	546.99851	662.09136	668.3131	590.7323	676.17202	482.68342	429.32595	427.98768	513.89551	450.9114	473.81127	478.05151	535.0447	576.03759	529.15676	821.82635	660.0181	768.95324	943.35144	1015.36681	851.19619	816.422	496.15166	860.80189	683.73673	797.69188	877.79898	958.89452	716.17374	645.78653	636.11349	575.66213	519.10757	629.84357	679.85721	514.09251	538.21549	659.56274	713.92507	754.32707	881.81719	407.49249	686.3178	729.58343	638.56394	609.53383	654.04455	866.27393	661.68264	678.92826	966.81533	1151.97548	783.26103	797.13198	579.49537	579.04635	645.63884	626.15022	773.66861	685.07723	742.03435	659.94721	632.52797	631.77335	748.36347	858.05544	1022.88248	470.21669	558.88835	477.36664	450.71491	674.73824	608.561	615.15534	673.58918	591.88119	641.84353	1028.20174	1123.78668	819.57099	456.7285	556.67818	717.13913	711.09378	859.28295	997.15884	744.17739	777.87005	687.15461	610.04256	1036.18072	964.2075	653.60576	1064.29304	604.5367	649.48661	1136.50947	826.64789	627.35651	1051.41892
GH26	256.56916	98.44988	89.04982	153.15441	205.82561	227.2466	100.66235	121.05528	72.61826	146.12119	133.88723	131.23805	112.84017	139.55846	153.456	159.6282	196.31471	61.33955	255.23078	167.53496	151.75304	111.35515	224.61476	127.51849	253.74718	89.18505	150.0567	213.14552	70.76069	81.77038	257.53011	345.59258	229.88367	220.66655	184.36674	177.83367	135.59804	223.35052	85.4791	72.6196	224.66716	200.20053	182.43283	143.88256	88.51584	89.78655	66.93196	73.07548	194.71548	165.97549	190.2032	184.76078	76.27185	62.12991	139.39521	128.39075	178.8404	126.42821	79.00068	161.42878	135.06402	92.43668	192.44998	190.65883	82.26198	86.35097	162.85636	87.10885	102.01819	188.21147	136.89364	136.82464	166.63707	89.52533	220.86146	263.17777	150.01828	101.28613	171.05938	150.484	49.57951	100.66693	199.47481	149.79026	119.62815	149.34872	139.35469	102.92705	177.54567	89.32659	101.74612	78.69182	71.38354	131.36739	66.52544	79.77892	56.07822	113.35001	98.41507	253.541	108.42396	129.52956	227.79081	202.69514	177.19053	148.4877	121.32422	123.82777	83.47971	211.20358	186.18976	252.13532	62.78557	54.05763	239.54156	100.08311	105.75758	41.98389	38.86948	179.32189	142.10742	156.20818	126.98226	64.35064	107.94299	46.524	113.26426	147.0379	72.76974	90.84493	114.5141	255.44474	58.35877	57.44345	314.81955	436.39779	173.1924	180.39056	115.1301	113.24625	59.92745	67.7069	101.15196	133.12523	198.53657	77.09925	67.70454	62.58406	65.98455	111.76183	203.46338	247.36489	137.85288	93.73772	235.15853	158.26873	164.95714	172.24815	77.14704	112.11658	35.85019	209.26865	242.55008	121.89345	145.69636	106.12134	124.16627	56.75174	141.11893	252.35988	77.29358	88.8737	306.54664	380.95223	269.12692	224.93068	162.11708	232.50693	62.80599	57.28375	347.88131	79.16271	114.94387	44.78469
GH27	263.19451	158.28339	189.14338	163.18754	193.89741	91.98663	111.52091	172.32921	195.2896	287.81422	170.83851	185.16341	153.7711	318.65094	271.35758	258.81079	248.47402	156.17353	223.98532	233.46254	213.03016	132.78953	180.86169	218.46263	218.92343	178.06329	168.43338	166.25907	229.48778	230.54879	120.71019	129.2946	147.08469	132.24253	190.03205	185.37585	326.7759	214.90804	217.91546	159.42442	228.34616	224.08098	209.40054	201.99391	202.28089	163.9884	161.76115	166.69187	232.64795	290.41435	317.01748	236.39179	174.8685	195.77918	302.88862	207.61727	224.3467	153.84149	219.5832	303.55328	234.2062	205.14678	225.81536	233.17693	100.07673	148.67271	219.06205	143.21666	245.03224	344.69147	196.97296	261.07279	122.04591	148.13867	201.11195	236.82326	162.25374	122.906	212.75393	161.63588	122.19556	172.68153	153.76077	151.7033	124.1598	149.20475	157.43026	143.56566	277.50414	162.72861	261.35749	196.33189	299.48811	133.85873	134.98383	138.89952	258.36182	212.5367	163.48788	165.4973	127.12448	147.85821	138.89491	203.55939	168.01594	190.43999	153.99649	216.17499	159.38794	206.10814	187.07752	73.84926	160.24791	162.83028	200.83064	180.26209	193.58064	177.26632	153.93329	259.87138	227.20101	288.01546	209.4419	197.97928	185.60995	231.62673	188.86937	175.62822	158.41207	220.29958	118.66252	85.21392	166.45458	137.25687	125.65609	115.76202	142.86115	137.40218	156.99617	143.92331	174.17283	213.23798	175.01371	243.88639	250.74409	183.67798	136.33475	158.37084	188.06046	127.16023	93.04918	240.59563	206.64571	210.2917	238.66411	136.05158	125.29968	127.79321	116.87549	144.71618	165.387	203.47584	203.04777	199.22035	238.60909	165.00521	133.19256	191.627	76.34966	79.01654	234.00853	201.3214	147.75882	218.95444	179.37769	122.2969	204.15628	140.21391	228.27712	236.22863	173.08856	223.27045	184.64284	98.59769
GH28	794.40854	850.49222	1051.69824	335.76175	374.44144	1488.74274	817.61936	491.49598	470.52772	1887.23389	826.77823	789.79196	848.62469	721.36848	689.44982	709.52098	838.3802	272.4496	839.17196	1063.73674	781.83967	348.59135	723.75207	523.719	1009.13075	392.75315	548.51755	698.64599	686.95019	539.81606	844.64582	828.305	907.43018	776.18024	926.25587	957.49092	1234.67169	1138.90524	760.31102	581.69778	702.25165	676.82628	584.27072	561.80092	710.43346	448.17907	376.3487	664.92157	993.41816	721.37161	1207.02687	971.01885	705.22281	727.0768	1653.10973	1153.76562	821.46217	586.16411	354.027	210.38193	870.07661	631.31269	366.34412	370.05002	1422.91982	1368.19207	380.84889	1284.0316	140.77199	180.45305	415.64421	250.62822	960.90027	957.85996	740.95015	1135.23404	526.38621	430.72104	658.76338	543.49259	668.98994	771.64411	763.88095	482.08223	449.81625	274.76851	556.34449	382.20484	1015.48253	413.05607	310.59139	485.5925	237.14909	382.26075	314.45931	369.70246	392.02807	402.22448	479.10806	651.76436	571.25031	539.50391	885.70764	926.10268	678.05109	612.58382	690.69825	745.40026	427.22418	932.04	883.35241	1271.9181	329.87418	433.62375	684.31128	451.17497	476.02814	555.78862	478.57331	546.53514	426.28119	895.57536	631.23364	620.29465	653.78076	281.24698	527.71665	496.29847	544.81438	974.64305	380.04747	1201.76741	296.57282	253.33817	926.41621	1157.16899	671.3989	688.41984	390.52115	416.22599	318.89503	325.69999	490.98542	830.92419	829.37786	715.89541	523.57729	458.16359	599.4178	884.84902	1196.04791	1124.77622	741.93032	822.8553	1114.31892	738.09198	415.61717	583.33309	326.8428	424.52281	277.14462	1108.72883	1326.23553	582.69309	732.72654	439.30041	607.77662	344.56331	852.53512	1399.27441	561.38439	530.37478	800.05973	831.43239	1264.34578	979.45426	989.598	1352.98398	485.05774	486.72744	1315.36126	576.15756	609.58429	1757.65895
GH29	444.77301	660.28412	679.95155	222.3236	247.6199	242.63677	244.47987	436.60789	461.87855	1054.12217	322.47043	296.48853	332.47411	422.44276	350.4164	347.50678	360.15123	310.71937	429.97295	722.40997	636.67139	208.76146	363.4734	452.51425	490.8873	380.87534	314.19836	421.22543	345.73187	259.74463	252.86202	223.05223	531.81264	441.30655	522.85424	576.06172	732.04695	645.90184	554.29138	381.80185	477.54426	492.6005	284.34695	345.49853	401.36915	244.64674	242.1622	366.93288	771.09037	550.71005	889.57137	490.01254	309.13402	298.64122	898.80248	652.93099	384.95733	268.04291	296.85258	537.88943	476.66784	445.16311	451.80274	451.57372	210.99923	277.10637	348.75016	234.17502	591.34887	960.49604	338.37227	513.25581	472.1145	652.4927	627.90787	721.7773	335.31804	348.05525	304.50277	321.40118	326.32113	443.86261	373.55384	392.86408	309.40497	230.56171	331.62338	288.76747	497.17109	394.45348	365.44311	509.53252	450.68412	286.71262	378.09399	399.31966	530.13783	385.0731	365.56377	283.68005	336.14891	254.40952	335.93982	376.97292	332.58053	357.2126	502.42669	430.26266	304.14287	378.84389	432.74454	361.11434	258.50246	422.33255	622.54337	374.90223	450.78874	477.25594	435.68995	633.12505	569.60796	582.13351	338.367	352.27539	299.45294	439.61088	333.07066	263.74568	295.81119	542.89032	257.92029	405.17181	280.75776	210.60586	347.40095	301.95636	406.46857	417.13489	388.41001	337.05214	317.16994	300.45403	321.1388	536.95823	478.21971	431.97884	292.04861	312.86788	356.97784	275.4017	210.31527	546.09619	494.23359	585.92757	533.48008	436.58961	260.70652	277.72541	182.56107	284.78644	277.13298	539.28787	649.51493	295.08574	519.59428	336.32189	328.28503	383.70926	277.96487	414.18797	440.04902	399.82889	462.62455	646.17485	441.02262	411.39109	577.47533	392.12096	415.61711	434.26063	353.26085	392.03432	423.32238	233.15513
GH3	1859.61932	1518.84376	1850.34037	1688.41407	2351.89964	1850.20401	1604.28397	1466.07933	1513.06738	1508.66916	1584.33393	1652.28381	1551.29574	2103.64863	1868.21783	1935.48985	2181.36437	1963.02553	1977.91844	1691.08772	1956.30227	1557.47029	1671.04608	1805.49405	2039.49433	1431.64616	1672.91528	1663.64924	1230.27327	1125.98233	1778.77194	1691.01306	2757.45792	2497.62118	1813.35259	1766.00776	2011.70921	2237.76851	1585.70905	1489.63616	2209.5516	2184.48474	1774.24129	2162.8688	1525.76298	1483.11929	1305.80571	1721.8495	2307.02851	2073.68222	2379.97093	2648.79984	1158.62683	1238.09397	1737.9238	1821.41635	2033.39583	1635.78954	1567.62804	1622.61233	1827.02756	1827.52946	1436.14536	1448.1536	2140.57857	2164.11588	1490.27778	2075.03388	1176.81335	1733.6929	1685.25003	1476.35626	1854.66278	1573.83666	1457.06346	1405.42488	1348.57069	1324.74868	1419.92678	1716.28376	1920.42813	1910.34101	1355.30245	1742.63161	2053.07382	1503.16145	1333.93084	1283.86558	1746.73775	1159.70739	1734.28905	1285.18541	1360.34304	1378.2373	971.58716	970.76008	1879.48971	1660.96093	1368.29479	1814.99159	1567.76977	1599.20092	1299.37888	1457.90004	1333.76002	1479.72229	1136.82551	1496.59974	1394.04284	2040.04618	1903.70919	1702.46637	1355.73977	1199.63974	2211.2418	2381.02966	2245.21888	1417.43987	1543.90618	2557.71201	2379.46465	1747.25255	1611.53447	1437.42979	1243.12336	1047.83962	1598.36745	1718.02383	1772.34951	1264.62303	1503.98173	1606.35057	1822.81538	1414.67023	1411.14765	1797.86913	1320.55652	1324.67108	2005.09558	2009.05135	1577.11954	1743.03926	1557.60839	2299.24873	2238.28261	1378.24789	1387.13784	1259.57593	1380.16016	1613.61271	1765.15835	2585.86171	1580.6792	2129.805	2508.62133	889.29881	1144.80826	1174.75741	948.7226	1193.15295	1245.97216	2062.01208	2029.46703	1446.13055	1754.42003	1222.47601	1761.05171	1700.46379	1799.88151	1872.29463	1638.34545	1634.41854	2087.0062	2316.15686	1961.18313	1911.77647	1638.506	1870.68764	1423.90475	1514.8636	1975.51378	1493.98441	1513.18978	2082.81199
GH30	39.63954	17.52234	19.42346	24.26505	38.38555	82.24041	48.70667	22.42599	11.9611	21.89376	29.19358	20.53925	26.99656	16.75834	20.50515	26.21515	29.46332	4.02575	39.00353	30.2038	20.34011	31.02337	58.21487	21.3647	44.87805	14.77627	22.14299	38.8852	27.12212	18.00448	31.21118	34.05054	29.07297	27.505	29.2523	28.16548	68.87734	49.46409	20.70972	11.9843	23.36672	22.91426	26.27822	20.84909	48.58531	45.7797	43.69389	25.27834	28.38074	33.71951	30.56518	16.92646	21.08509	37.44628	41.57844	27.27795	16.56534	24.92409	28.66346	11.44599	19.71395	14.74084	42.91137	42.98377	160.30966	154.60217	7.92365	144.41369	2.8123	9.51946	15.28984	10.86386	15.44043	15.96315	62.58853	31.55146	31.71577	21.10588	26.57827	16.06738	14.72444	25.63384	15.22255	15.44766	15.26582	7.80619	30.35253	27.93964	14.06759	16.89897	30.29579	18.24962	23.12096	7.44173	18.07822	18.12327	19.93949	25.64581	18.1433	21.65406	19.97613	11.8242	22.48302	27.2845	19.63953	8.90987	16.96564	23.76542	19.49519	43.89583	42.32855	53.08078	4.76971	10.92614	22.5135	17.4131	18.54796	8.95747	5.59277	23.16194	17.74593	13.20478	24.00419	14.45033	38.09147	13.91737	14.27299	26.39936	24.11726	33.00581	26.70225	58.8867	16.59765	17.26964	37.3784	48.60141	22.86956	23.95303	17.62107	18.16427	25.27889	18.71296	14.88246	56.97368	55.68235	23.14367	25.53977	39.21071	40.9033	61.2519	64.06183	55.13164	18.09916	28.574	55.58579	14.3715	39.28632	40.92424	13.52452	12.13549	5.34159	7.75565	14.42473	12.93206	25.35483	17.6601	20.17135	24.03523	41.68895	57.41873	14.95094	16.37831	23.31347	40.9243	61.16422	30.64439	33.89975	58.48803	8.4072	8.12792	60.07809	6.75657	14.48264	198.84624
GH30_1	7.33096	6.22882	9.57346	8.25375	14.43509	2.7903	5.64399	6.2045	8.45722	8.15704	10.8245	11.01554	11.2278	8.29067	5.0673	7.09557	5.67802	9.46733	12.19725	14.68554	16.66985	8.38699	9.87216	9.28628	9.8164	4.77201	14.35494	7.0138	5.13067	8.87919	8.43522	7.42996	7.60447	7.05605	13.78563	15.17369	6.85446	6.38966	17.32431	15.4478	7.30371	6.38617	9.06285	14.2491	9.88587	9.78532	7.40741	10.13129	5.05638	6.9255	7.90574	9.27458	5.34132	6.86173	7.26738	7.51017	2.37729	4.26124	7.33721	7.44507	10.95837	10.31409	9.4878	9.97378	4.56372	3.09095	6.06033	5.11456	20.1854	15.76689	18.13434	28.41022	7.1554	9.62033	8.9964	5.92133	10.85229	7.11208	8.10503	13.87775	2.4016	4.4691	9.69336	10.41122	8.39452	8.79143	12.84646	6.46774	4.0675	8.53577	11.80152	14.27444	12.46657	2.78129	14.71395	13.0681	3.57415	5.32075	18.6349	15.16982	28.55957	19.98025	1.99725	6.28621	5.3985	4.8581	14.14149	10.22909	7.43511	6.04846	3.93099	7.64956	6.07076	7.39055	7.14267	9.62446	11.70579	8.26385	6.98649	8.16132	8.69674	9.27899	16.43282	9.53393	6.24324	6.01161	5.87742	6.59179	5.96956	6.95397	9.1279	5.28432	10.85472	7.99334	9.36143	3.49531	5.77588	6.27429	3.42035	18.21626	14.74771	12.95713	6.4254	4.75899	5.21883	6.46247	8.31557	3.89341	8.65023	10.01522	4.64009	10.40474	5.25433	32.22471	11.4658	11.15944	27.974	8.68657	3.92378	7.79748	10.8511	4.73578	6.99535	16.50618	10.94327	7.16118	6.51701	12.10201	23.7292	11.35248	15.38726	16.20435	6.77017	3.435	20.39792	28.97552	7.14778	14.54935	5.88375	6.69432	11.39875	6.9519	8.32366	2.66111
GH30_2	17.17396	41.08101	11.62663	4.65609	6.52507	7.18706	8.5774	10.75319	12.7293	13.79277	24.10535	11.10248	28.92202	37.628	36.82663	35.90464	49.57775	5.93606	27.08787	13.69353	7.29528	6.78119	27.4848	8.37237	57.11315	5.00605	22.70489	34.53359	7.95238	6.18408	9.19098	7.91974	28.71356	23.3754	24.37658	24.46212	47.51529	41.40438	55.94528	36.38475	14.86688	11.77071	11.48156	7.43737	38.18687	8.33782	28.89384	34.42127	13.82047	7.80765	12.30694	40.9324	7.84527	10.95214	19.03496	26.64768	9.81703	6.27871	11.05559	0.17509	20.24933	19.07133	4.86901	5.73344	8.27327	9.41806	7.63261	6.86704	0.3789	3.99783	15.13889	0.33318	33.98094	49.62611	12.04751	27.69827	21.13905	39.57558	12.46547	8.93283	15.08158	28.01893	19.02976	9.30902	10.05293	8.23487	8.26479	17.56563	37.19331	14.08011	8.22872	17.16942	8.13359	7.37398	16.65958	20.93889	5.79016	6.0134	9.77406	6.34459	11.45488	1.49486	8.82194	7.64751	9.84881	7.17193	51.45988	16.1415	6.67119	1.83381	3.22032	12.99209	34.49196	19.07927	25.8154	8.28178	11.36064	26.97968	53.06729	16.02474	4.67002	21.37743	12.86363	12.21812	4.74325	7.69436	11.56064	4.7167	10.89903	16.29346	9.27002	13.00315	7.32393	4.77513	18.91196	12.68827	22.62143	23.10099	6.29608	6.17687	16.25815	9.79144	5.19114	1.08046	1.95321	18.02584	11.49268	7.7909	17.62634	8.45281	6.19197	64.04772	32.39418	32.57359	64.73102	49.43864	12.66899	15.05489	5.23921	20.12702	7.7634	4.78508	11.53744	5.77904	35.03672	18.84285	25.01176	10.61859	6.32069	12.84294	32.70171	42.46873	18.97005	31.25037	11.08259	4.96836	22.90088	4.28108	12.06897	8.04635	2.26716	10.588	14.16115	10.54103
GH30_3	26.76257	17.90682	27.55501	9.60604	17.90136	91.59688	29.57864	10.7759	2.76359	30.06636	15.21426	8.83096	20.71041	22.8824	20.5102	17.96937	32.43685	0.70061	37.04352	11.56666	43.47359	8.58846	7.99419	42.32148	30.76529	21.78317	5.16634	17.20063	19.70924	12.35938	52.04288	62.90122	59.97693	51.86808	27.29713	25.97816	30.54245	47.29797	10.89421	6.97719	34.32494	30.97683	21.76297	17.0335	9.5878	3.41386	6.53558	4.48869	54.79485	19.77191	35.09698	59.70438	14.92264	26.11438	27.8597	26.53607	33.01775	11.9098	1.51945	0.11384	19.0407	6.63065	0.39243	0.47739	124.47058	105.5386	7.1669	92.48193	0.63813	15.02156	2.2529	0.76084	12.75164	14.21659	9.02961	9.68183	4.40753	3.30162	8.28516	9.68009	6.13632	10.13797	4.60718	14.34652	7.87096	4.95081	9.21351	8.5468	7.07434	6.56497	1.93761	5.3487	1.03775	7.03424	5.50817	3.39072	5.40005	12.60729	8.85905	34.59966	16.88593	18.18968	19.35012	21.1065	13.67064	9.71298	6.32289	7.6708	5.08429	24.63263	28.55921	117.48278	2.91362	7.58068	38.92749	28.16061	25.22621	1.84432	2.22492	36.57386	28.71245	19.90442	8.71601	5.1115	3.61622	3.99286	6.3584	17.47771	17.75706	9.19635	12.96646	93.63699	2.65703	2.73667	74.39616	105.47645	34.9842	35.61268	20.12372	15.05873	9.03689	6.25956	13.77032	22.37436	21.79296	6.31682	7.15034	7.12649	4.93748	34.16542	52.57485	64.20826	15.83063	18.90987	59.96989	2.00896	15.85565	9.64713	10.0058	5.78511	3.4457	11.75648	16.94711	11.46991	35.10249	9.82494	18.11556	2.04946	58.30482	121.15361	11.16317	7.56009	47.02995	55.76752	59.005	28.23979	10.38742	74.79461	15.25792	12.82728	57.13575	5.34352	9.76994	159.29117
GH30_4	83.55037	79.3854	109.79912	19.79151	26.22989	133.3987	66.06861	21.7758	30.1233	76.38023	35.77592	19.96025	41.55763	48.49175	48.70596	47.66229	68.69194	17.62124	92.74322	132.16559	113.82374	17.55099	32.98661	55.54928	65.11247	39.28929	16.66538	39.07537	27.48707	18.05174	16.52213	12.12105	111.76427	91.62606	108.81578	116.76029	115.47633	107.77822	62.67247	40.42034	93.26127	94.73217	13.81556	7.58575	45.70084	17.11377	18.02762	37.63745	73.29087	30.05529	47.50992	94.21981	34.62571	39.17639	90.91889	72.80209	42.23053	14.1476	2.1183	20.05948	52.00385	32.36739	38.83641	38.1958	21.14074	18.57969	14.30066	17.1057	1.2738	0.04068	13.08973	1.67723	71.94232	95.94661	33.58066	72.09905	19.22594	18.3915	20.26603	15.52843	21.47103	46.69409	45.06914	32.9222	25.57345	16.65595	49.99766	36.31921	67.81474	47.9363	75.79245	57.52535	116.48075	22.35323	41.23243	42.23861	24.16649	38.59343	39.98066	59.07534	50.33743	31.90757	53.80107	58.47299	51.84218	43.48702	60.83431	69.67827	13.06434	60.82085	66.63497	178.75318	19.17242	25.21139	85.91125	50.81934	50.80374	42.76418	29.59558	79.89556	65.57099	62.35464	27.39248	23.54621	20.47823	37.21633	35.9258	18.56334	38.42705	109.48427	33.69194	166.08982	8.02428	9.56995	147.5719	211.55684	84.29587	85.9647	38.15255	33.94355	17.3734	12.23902	27.02603	68.47723	65.26377	52.66765	28.43659	30.36047	35.72452	75.44781	128.59226	160.1729	60.15117	67.83872	154.42227	56.62268	21.7215	31.10763	12.42742	33.37227	17.51614	30.27695	41.28286	40.97544	72.26881	28.77999	37.23077	18.1057	100.36109	197.2645	49.17984	41.63577	70.09473	103.9657	146.09757	111.7228	49.12803	173.15728	26.21691	19.68488	188.97013	14.62248	22.24211	25.33353
GH30_5	5.56348	2.74627	16.10018	5.36921	4.24557	3.48204	4.27385	1.56448	5.25981	5.4243	3.13034	1.97055	1.48371	2.3176	5.62519	8.45034	4.57174	5.26481	8.2431	9.92505	1.95499	3.96364	27.02378	2.40428	11.17494	5.05899	2.76475	11.90683	1.05039	2.85582	8.05605	7.00921	3.41629	3.85069	1.51866	1.92262	18.55932	8.04094	11.22267	10.80484	2.38811	3.15191	16.43179	13.71928	8.25021	4.60549	10.26614	10.13334	4.7361	7.92388	6.36729	4.02942	1.45366	1.21845	5.27157	6.40855	6.38285	18.1373	15.5761	22.69017	4.87695	8.57025	17.45988	16.69775	2.13333	2.71896	4.85293	2.7891	5.1084	0.91557	2.79889	5.43285	3.61827	1.93478	4.22053	3.96866	5.97038	7.41651	0.99308	1.58492	7.12873	7.0848	3.97539	4.23497	5.5814	3.9577	2.51443	1.07109	2.73975	1.32365	1.99041	1.54113	1.7303	2.79835	2.21173	1.1639	15.29071	5.68433	5.71332	1.60249	3.59697	1.34275	0.58367	2.00927	2.60858	4.53699	1.2221	9.53072	9.61249	9.06813	8.46024	6.84823	3.37416	2.52	3.96521	10.86329	11.67732	3.58744	3.73596	9.10536	5.14805	2.96822	6.08316	5.98602	6.88364	3.98141	6.85666	5.77829	4.44111	2.97077	2.81583	3.11967	2.69165	3.59346	6.15987	4.2843	6.37135	6.73943	6.08267	5.42728	7.5515	6.08755	12.35267	17.35514	13.17276	4.47782	3.22006	1.75929	5.77535	5.21117	2.52816	3.74039	4.96542	7.31942	4.2941	1.86575	4.85812	9.34126	7.53142	5.46701	7.33242	4.16319	4.09397	8.59127	2.56982	2.46276	3.3737	5.20212	5.42223	3.2334	11.77488	14.82155	2.01981	2.71243	5.76422	2.56567	21.16058	2.37006	3.69443	5.65038	1.83509	4.32538	3.48469	2.21644
GH30_6	13.65341	15.1973	32.91165	2.09969	1.48315	0.78434	1.36435	7.29721	8.83137	18.03211	6.59376	3.04995	6.00584	3.91182	1.58794	3.64796	3.26786	0.20604	10.04695	37.85413	22.92103	2.88631	7.45173	4.31671	9.76143	3.92096	4.11416	9.7037	4.21025	1.58328	1.17636	1.33351	17.57862	11.88591	18.54719	23.27775	45.4434	23.26266	12.32083	9.89346	15.97662	14.4438	NA	NA	15.02152	3.34914	6.06633	15.91198	11.63593	0.45822	0.74349	0.53824	2.15223	1.75539	44.16292	25.48101	3.09256	3.01766	NA	NA	18.84472	12.12794	NA	NA	2.80091	3.58193	0.09341	3.6477	0.01299	NA	1.36795	NA	13.34718	17.76728	15.63967	24.62533	8.13397	9.57462	2.5174	2.24468	7.63829	12.53502	12.54718	3.89478	2.07059	0.87125	11.75124	5.96586	3.00409	5.92896	0.75843	11.66377	1.65846	0.84505	6.20846	7.51724	3.22081	4.52843	8.07941	4.78871	8.37037	0.66696	2.59318	2.58114	3.23788	2.55393	19.54731	20.26447	1.8067	NA	NA	2.56282	0.9835	3.65166	10.12774	35.30025	39.41422	6.02118	4.6954	55.84474	39.61993	4.97726	0.65283	1.62007	0.98529	0.3928	0.17157	0.04919	NA	31.01833	4.48545	8.33201	0.25813	0.68705	8.99954	3.97213	9.0264	8.97855	3.99551	3.55769	0.86056	0.40039	4.34247	NA	NA	5.70867	3.18497	3.85311	2.5396	3.10804	0.81735	2.48957	4.32011	3.87899	2.56397	17.04714	0.69423	1.93164	0.41424	0.30953	0.14033	0.32295	1.78564	0.59132	15.30842	7.41487	10.34526	0.78107	1.26759	5.79104	8.31484	8.00106	2.37115	3.35977	7.59378	8.64631	1.50651	9.21288	0.87525	2.36879	2.59818	1.80272	3.64242	6.70582
GH30_8	12.87709	0.33145	1.01463	10.1351	13.24017	0.37398	0.20633	7.58161	2.6227	0.50883	3.58021	2.46058	5.51831	3.6731	7.78715	4.99088	10.3719	1.03405	10.22187	4.58359	0.83483	11.82198	3.95938	2.56935	10.3912	0.92793	7.20344	7.5694	0.87912	0.68224	13.57863	13.32268	4.11069	4.20557	8.18739	6.12929	9.14219	10.95561	8.354	5.23343	3.89351	3.28195	3.13496	4.03308	11.57162	2.51868	2.64837	3.44231	0.06337	0.08149	0.06818	0.04058	1.46612	1.02224	3.43892	4.84156	7.52544	13.473	15.69294	0.24334	4.66011	2.30679	14.14465	13.00937	3.35415	4.15317	2.13861	5.28735	NA	NA	0.35299	0.08164	1.86292	NA	8.35529	8.92246	6.42025	4.12139	0.13652	0.20084	0.52871	3.18374	1.8763	1.99786	4.56535	2.60569	7.01744	4.33258	4.38959	2.84375	1.66152	1.77952	0.689	1.32616	0.38049	0.27738	1.07987	4.51474	0.09286	0.56694	0.10311	0.50439	0.25762	0.47169	1.45573	0.48916	0.22689	2.41152	9.98702	0.42152	NA	4.32063	0.86395	2.99333	4.64266	NA	NA	2.15994	0.42653	NA	NA	1.77807	1.1316	1.59079	4.157	3.40808	1.6548	1.14353	NA	4.16835	6.18023	8.48618	1.46356	1.23575	1.36336	0.97215	2.07457	1.81568	4.97774	1.84577	2.97596	2.77462	5.407	NA	NA	1.20926	0.7547	0.1679	0.93264	1.32617	0.14566	22.83883	7.64725	7.39282	22.61161	0.53365	5.36372	14.3924	2.55066	2.83908	0.40483	0.99951	2.36776	1.54244	5.1893	1.3638	3.35856	0.87734	1.57247	3.22023	4.55714	7.56392	5.36658	9.5713	5.17973	1.04066	15.03674	2.00931	0.28735	0.16439	6.26486	0.42383	1.71052	1.12884
GH30_9	1.49973	NA	NA	2.33088	5.16126	NA	NA	0.39236	1.6717	NA	NA	NA	NA	1.12181	0.60682	2.25647	1.21629	NA	1.17178	1.77371	NA	2.37126	NA	NA	NA	NA	NA	NA	NA	NA	NA	NA	NA	NA	NA	NA	NA	NA	NA	NA	NA	NA	NA	NA	NA	NA	NA	NA	NA	NA	NA	NA	NA	NA	NA	NA	NA	NA	NA	NA	NA	NA	NA	NA	NA	NA	NA	NA	NA	NA	NA	NA	NA	NA	NA	NA	NA	NA	0.09794	0.15407	NA	NA	NA	NA	NA	NA	NA	NA	NA	NA	NA	NA	NA	0.00843	NA	NA	NA	NA	NA	NA	NA	0.04194	NA	NA	0.0535	NA	NA	6.16244	NA	NA	NA	NA	NA	NA	NA	NA	NA	NA	NA	NA	NA	NA	NA	0.1614	0.04079	NA	NA	NA	NA	NA	NA	NA	NA	NA	0.86529	0.8217	1.77226	1.88774	NA	NA	0.02046	NA	NA	NA	NA	NA	NA	NA	NA	NA	NA	NA	NA	NA	NA	NA	NA	NA	NA	NA	NA	NA	NA	NA	3.27604	4.40391	3.74928	8.69192	NA	NA	NA	NA	NA	NA	NA	NA	NA	NA	NA	NA	NA	NA	NA	NA
GH31	818.78304	709.67211	1076.50646	673.32678	757.25653	742.21877	622.37152	583.25122	444.7819	817.30777	614.32718	537.94332	569.07299	839.09083	676.29664	698.59881	800.21807	806.15381	859.71503	846.54137	1042.79005	614.98415	782.69818	863.17761	917.94973	807.06759	637.80346	766.67311	521.028	492.06524	644.42265	660.20247	1123.65968	1065.38467	784.90547	790.6891	1028.51375	975.09723	791.48868	760.93639	863.0105	848.45268	726.08003	802.07472	704.07919	583.62297	460.14922	798.43822	1074.57532	874.77119	895.25647	1090.32138	492.92243	559.24097	974.54137	865.88943	761.26869	574.16785	715.56257	813.94874	855.01125	774.59576	662.92795	672.69841	650.30425	617.36279	632.20555	682.8628	535.9613	699.35192	664.80023	672.27134	770.35822	734.75004	645.1947	691.22222	557.03628	557.3309	618.02506	560.20126	608.09181	651.48225	627.93586	770.29448	596.51104	532.54833	583.00174	443.22433	688.25013	414.83043	433.7525	407.39283	334.81365	419.91578	482.8938	517.44563	591.07581	490.45631	488.72148	625.21474	563.52464	543.84337	498.9751	603.96415	505.88944	505.51142	634.48073	806.87264	508.28133	763.92995	743.9368	699.18265	550.3785	417.26303	931.09784	1060.80745	974.6517	560.50098	631.47078	1128.6148	1063.68124	588.60451	561.63351	559.53159	494.80228	368.54143	533.15074	546.2077	538.42559	623.13509	482.43978	637.18127	614.97458	445.68185	760.05358	897.93252	627.13711	642.54423	650.14733	643.98366	540.23709	545.39131	622.59193	912.20224	859.31007	517.49094	504.11922	417.6465	488.34496	609.73769	685.26118	1011.7587	725.21303	827.52772	979.31905	519.101	447.95975	406.25282	407.65564	444.23951	506.19536	684.16473	724.91147	526.77246	800.56562	535.21098	733.14798	688.62963	719.89497	738.41044	773.21248	797.54188	825.29831	925.35827	796.64049	893.62336	856.8225	791.40814	583.8923	652.20776	776.55344	689.57288	669.1263	608.37916
GH32	451.41049	544.94456	751.88013	371.11585	420.95243	598.39891	556.62854	295.84545	307.43447	374.96368	402.79401	340.61231	311.93372	395.15301	389.20185	435.78718	462.60165	755.38159	420.73095	486.62559	643.55277	333.8303	555.61149	607.12905	416.2901	540.64654	442.43907	457.73165	317.04041	374.30653	655.31049	560.89349	564.5643	567.99399	300.41918	307.48701	508.97503	496.26165	679.16262	605.18111	290.65894	289.25046	367.65173	525.96093	442.65854	350.31017	327.26861	585.95588	507.18134	479.66812	409.82972	524.25892	400.44756	385.75771	502.95182	574.21971	464.12211	404.43692	525.94564	593.97486	557.48018	676.05923	433.39833	428.4781	502.87349	490.08008	368.09912	517.58783	349.86946	471.71116	569.0636	459.75628	528.60341	612.97388	421.07482	390.59399	455.351	484.61999	274.45524	225.2821	470.22779	432.57374	428.52257	557.77893	551.83032	412.09415	342.34301	280.32724	389.53042	257.25908	307.90736	191.23734	230.47687	280.87623	226.45488	228.32255	235.94089	279.75535	312.1604	370.37553	374.1811	413.56155	549.73909	648.26407	493.30452	533.61809	252.03558	525.01414	461.1625	549.88197	547.9876	461.86529	406.55019	261.08623	560.08712	658.92798	630.33434	493.11223	473.07265	636.75182	680.43376	417.21272	322.27468	463.48515	359.84581	224.33869	406.08827	428.1267	417.16054	284.14279	287.26531	409.07078	510.87657	308.10763	411.39632	481.52204	352.59694	364.82285	382.91385	329.50029	481.54414	440.15339	452.87438	729.08316	583.8225	387.12433	380.52604	304.72784	371.63429	459.33616	548.65119	532.53091	374.15778	577.00471	520.40051	228.96688	228.70444	235.44475	240.58716	311.08047	398.87998	501.17491	565.96708	356.81513	421.15854	328.43126	503.10283	588.55186	573.75034	457.59103	606.42434	671.00391	519.97587	535.17569	500.48187	770.56252	580.86818	574.27371	254.12844	295.51564	548.3819	359.8207	335.37834	528.17542
GH33	251.43107	270.64207	267.14817	77.56838	94.01048	122.40522	88.18139	210.50338	252.63087	392.05706	206.53462	195.37926	182.65846	110.99769	93.85855	98.65558	109.82894	74.76889	236.59102	439.03739	463.56925	83.85821	115.19786	306.91287	177.52826	256.80662	129.47983	147.89788	170.8167	138.27762	182.10965	182.53707	205.55339	184.01435	378.58825	400.91265	280.90913	268.09317	233.40784	170.98446	242.26353	286.47708	215.19601	196.94659	142.96409	91.4487	99.23125	119.36472	294.92153	166.92881	286.56443	243.28202	163.99929	154.421	434.07604	298.18057	227.05914	171.45862	154.62831	168.81176	212.51944	166.75054	199.64272	200.49622	70.87046	87.80957	210.07705	74.29004	144.34607	198.25626	114.89602	169.87705	332.29379	308.52588	186.14205	296.27968	141.93362	128.37369	134.4448	140.25172	153.47725	232.57774	152.84699	140.511	195.98641	161.92552	141.27446	136.33998	161.94221	171.05312	198.64438	235.80172	281.3577	178.35095	194.55072	194.91831	395.52814	233.73188	159.98767	151.56746	110.05153	180.55309	162.88928	181.81253	174.2342	197.31587	233.11884	232.94135	150.38681	264.55147	266.79487	376.57917	122.58619	179.14248	251.95166	151.6153	176.58059	207.632	170.2921	258.59938	212.78082	253.2565	141.56806	159.3659	141.31181	307.83101	128.55431	114.48328	136.48591	218.75974	110.29499	348.56192	57.67702	82.55408	216.5612	289.28546	231.03489	237.51486	232.71966	175.4891	95.67995	122.40459	209.15954	220.07701	251.93473	164.57168	146.26958	149.23817	141.49493	142.99718	97.15717	203.58446	231.43055	206.65	198.71252	219.09494	128.99504	206.46781	90.42199	128.87607	92.35915	259.26588	341.94403	172.48235	234.91296	182.41157	171.4061	143.86035	242.52011	403.68453	182.64433	158.44684	254.39384	270.92153	211.55575	157.34055	177.09824	220.1599	163.18386	169.745	276.98985	138.14208	210.89972	75.19921
GH34	1.30916	0.30282	NA	1.20833	0.07954	0.54311	0.33031	NA	0.23946	NA	0.43567	NA	0.04952	0.70852	0.33173	0.09896	0.08615	0.21777	NA	NA	NA	0.24167	0.55855	NA	0.1519	NA	0.11103	NA	0.19649	0.55756	1.0817	0.59608	1.75506	1.19849	0.17632	0.09159	2.09627	1.37782	NA	NA	0.5593	0.0798	2.97407	2.53112	1.68635	NA	NA	1.00896	0.88269	0.77636	1.56428	3.26119	0.31059	0.568	0.62025	0.80201	0.25961	0.26978	NA	NA	0.51232	0.59347	NA	NA	0.07101	NA	NA	NA	NA	NA	0.71427	NA	0.29849	2.94592	NA	NA	NA	NA	0.1906	0.66916	NA	NA	0.14411	0.72973	2.58008	4.91247	0.81033	NA	1.81361	1.81835	0.33017	2.9787	3.9786	0.52318	1.7878	2.79389	0.14953	0.4345	NA	NA	NA	NA	NA	NA	NA	NA	5.97863	2.00749	0.32915	0.24504	0.09103	1.4459	0.06987	0.07224	0.40842	1.2091	0.54476	NA	0.08027	3.47937	2.25374	3.17442	0.54346	3.90739	0.18306	NA	0.30892	0.37485	1.32551	NA	0.10368	NA	0.09245	1.77852	0.08293	NA	0.2752	0.46474	NA	0.25655	2.02513	1.29169	1.59125	0.39597	0.16545	1.80427	2.18335	0.65911	1.43495	0.08897	0.27759	NA	NA	NA	NA	3.6805	NA	NA	NA	NA	0.70854	0.71964	1.4018	2.29423	0.27749	1.8204	0.6681	1.7333	1.06169	0.27957	NA	NA	NA	NA	3.14418	0.74571	NA	4.74787	0.09962	0.21123	2.33985	0.37349	NA	NA
GH35	168.35744	218.63656	190.37091	89.87641	108.17845	145.17762	106.11473	153.40688	121.12232	366.15943	147.92195	125.09472	150.72218	199.82243	171.77395	171.60989	190.09322	71.11777	180.92425	197.23195	191.09835	87.90537	171.44139	171.99493	210.02177	118.53127	97.18737	158.19776	173.7805	184.57058	102.34101	90.54858	192.01401	159.99184	157.26084	156.00665	205.96134	219.90536	145.46552	142.98863	178.94773	188.79724	134.44265	147.4868	132.84587	77.76322	95.26058	113.53074	307.70454	180.85527	294.69585	216.54228	160.42363	152.34976	251.33575	194.87401	217.96372	166.20838	153.71131	199.12843	181.38147	142.66258	210.26733	211.95783	70.11699	95.70373	133.58874	82.21159	289.25895	500.83371	133.55798	257.71826	222.49024	258.61718	185.24969	242.11412	160.33632	121.40909	112.83564	123.81092	133.87069	185.22949	113.87459	103.26581	137.51208	90.28686	102.76878	116.76456	122.79612	102.04846	123.73414	143.39492	163.51432	108.0084	109.72621	101.02579	290.74428	149.09298	127.2828	125.67795	94.05327	92.78582	166.22775	165.73687	147.32327	163.62751	145.21152	129.20239	136.69522	251.07409	274.57947	216.033	160.66561	149.38252	180.70328	267.42201	290.07204	187.04852	233.51545	432.02839	345.44453	204.04488	105.66159	145.63979	97.50578	128.55402	94.79578	109.073	135.48238	158.04081	104.5449	201.22798	80.4914	69.24618	154.6576	201.9405	150.61708	152.57762	150.50852	138.04991	98.90938	104.22334	143.74963	318.565	314.10405	101.39905	86.47026	81.24488	86.68624	98.25293	138.60269	322.24463	199.92137	224.37239	310.67535	127.35706	95.98454	136.24091	73.26585	105.21658	71.87829	70.20198	82.00748	68.52811	264.23372	131.51338	152.14092	165.69807	165.56169	223.02107	181.9501	157.48533	214.72822	274.66181	223.20314	289.89504	119.01399	281.98045	181.82384	225.90972	256.44315	167.02092	167.10584	68.25898
GH36	577.18566	543.45535	654.50985	505.73219	560.90012	820.91669	599.03868	462.17726	387.77986	539.00205	456.94229	326.74392	305.72688	480.79502	405.63947	494.02508	543.44457	683.62867	559.87918	763.07137	510.88589	403.56378	603.66799	472.05672	552.80692	522.90851	571.82721	570.29946	544.60223	594.50066	730.4066	717.79219	606.59125	619.56022	411.26189	421.27864	728.73757	605.15206	742.55832	781.94001	414.80876	452.74394	621.50127	661.45601	606.57482	518.82384	515.36596	716.6003	495.52715	747.67879	622.69489	576.40439	527.82977	516.53476	580.32321	600.87864	536.3556	485.67638	459.91449	745.75003	597.10507	733.39189	499.17826	492.30956	658.26685	628.23725	617.51446	699.6233	319.12605	398.83541	657.76675	489.11799	565.53102	522.10473	519.20811	624.31884	606.11479	604.72713	466.72206	364.32904	480.13809	570.02486	582.92836	538.18632	493.76107	470.63632	471.13759	380.00464	582.35722	358.00757	360.72056	325.59604	397.27903	332.28731	367.29202	439.16645	420.44093	397.34636	403.26589	549.96238	443.31942	517.25395	697.74089	747.32929	620.85086	654.03714	541.45975	741.24465	455.34916	618.88624	545.185	907.11078	532.39374	380.83195	527.62703	940.71106	835.86832	528.07529	528.36866	806.35118	825.57708	463.92817	374.07024	443.41105	419.69629	368.38579	515.55384	546.83631	433.63579	417.07185	344.09881	799.31871	620.54965	379.55154	630.90206	692.73274	541.97333	548.06192	416.82753	361.4028	607.11805	579.44233	496.49383	672.63395	693.07044	479.74934	431.67025	379.09882	442.67952	536.154	755.72	569.71548	511.87133	628.81082	546.33404	402.50968	387.30721	356.22353	339.87445	507.37463	463.00854	726.06535	841.83683	468.69281	441.92792	435.18237	514.55069	560.78955	726.7024	903.53976	705.35809	832.99121	460.65789	516.87303	907.05046	1012.79363	804.81626	984.81769	377.61956	399.46339	1066.79499	462.42591	418.74712	680.22709
GH37	12.09822	10.14277	18.10986	17.33799	25.92416	2.55187	1.86655	20.03324	10.61027	11.44656	10.63677	10.79341	8.04457	6.11733	8.14195	5.93574	8.19941	2.06154	14.07877	20.91904	43.37573	13.10828	5.04081	12.0167	6.13159	27.44749	8.02769	5.75923	5.56594	2.57018	8.47624	7.0446	8.29493	8.52954	91.72854	83.90659	9.35752	13.29603	4.2044	5.46191	14.86611	8.36905	29.41216	30.0496	12.9227	14.32095	22.67379	8.03913	16.92682	7.89843	16.38094	21.92121	4.9792	5.41631	8.47584	8.2098	7.33038	17.78851	9.7962	13.41291	9.9119	13.099	15.91896	16.03214	18.91065	18.91151	9.21743	17.9916	4.08533	29.36475	3.75542	4.80197	6.0755	12.01853	9.00317	8.91031	6.65494	9.75803	13.60235	29.72938	14.65476	14.33304	6.89496	5.44569	17.04414	9.5705	14.02491	26.82618	13.40265	11.88296	7.93388	14.52427	14.79416	6.90696	22.34863	19.79445	20.0188	18.74461	27.93824	30.73566	28.33869	19.94525	21.86296	15.53848	17.24822	17.00477	21.31612	11.999	14.19983	6.76683	10.28709	4.37429	4.56774	9.17893	5.50102	6.53627	12.67165	6.99739	4.49411	24.11191	22.63238	9.71155	7.88868	8.46843	8.35095	8.94576	9.24452	12.37966	15.70097	14.68887	16.74567	8.07421	5.12709	4.41556	12.60429	11.95036	15.86108	14.26055	20.04695	20.26048	4.85837	6.12055	18.0533	2.06261	5.53354	14.20926	18.86388	19.17934	17.51633	2.51337	1.79426	14.32701	21.39507	15.00345	15.36377	22.82276	9.40923	37.14942	9.14424	33.82868	8.68765	12.62958	8.19356	12.78543	20.16246	13.93581	14.97431	16.68872	7.23095	5.29517	5.00878	3.78268	2.65013	3.30305	8.10026	5.26452	13.23449	6.26525	16.51182	16.9992	5.61631	13.33582	13.6811	11.4459
GH38	241.14794	103.83868	129.48234	97.73198	91.4465	59.44639	100.89297	78.83643	95.0864	156.19532	108.5626	101.34122	84.44777	249.33095	192.21192	182.10466	158.71666	159.88789	238.17482	160.78929	187.59324	94.64119	96.22679	123.86723	123.78759	87.09512	94.22477	109.58712	159.11211	164.10659	119.18763	66.50796	189.70119	176.73742	147.99043	144.81589	207.89386	179.7522	176.39454	135.37011	147.44775	134.16986	102.57914	114.46423	128.35373	118.98936	138.37119	116.31405	123.20814	225.6423	210.81518	206.59951	90.87588	120.40856	144.49832	147.3677	147.72656	123.07424	255.43811	140.53327	168.90113	173.85406	146.30411	144.74791	59.36033	115.35352	179.96817	77.49314	212.74717	276.90475	84.82059	180.92216	59.98358	107.05116	147.06543	72.14576	128.17967	139.70483	100.47011	167.02407	108.13036	132.59493	78.7089	104.59896	131.73039	122.34432	90.46054	121.35418	74.62287	129.78767	210.36679	124.69371	286.91888	97.50445	129.21428	129.48571	197.00159	190.19693	182.17543	127.72193	140.63949	162.66471	37.0207	101.65021	105.81491	123.95459	123.41969	141.77174	116.39487	181.46492	162.39524	46.94617	124.9758	111.70056	141.80204	151.70341	143.23223	165.40856	188.43865	176.4519	154.78238	179.61171	97.48982	207.56892	155.15575	174.41049	131.62483	121.87537	172.67545	101.19423	99.22765	40.77957	143.04521	102.02814	49.55184	37.72223	85.21718	79.53953	157.9992	139.71454	136.69516	178.45939	176.18325	205.60339	189.69656	125.50339	113.14774	131.26714	130.6055	84.92956	38.00004	165.62062	162.61403	145.25741	159.00312	97.17532	85.21068	130.52236	70.69148	104.48748	189.59161	83.57721	55.8721	135.33808	174.51177	133.69056	110.14675	124.54524	76.54694	43.88386	197.06762	164.32358	211.80689	208.85104	115.76851	104.51985	102.54461	107.64168	220.2107	228.41749	132.67463	216.56732	229.27375	55.34065
GH39	172.40164	67.52645	98.84368	145.26922	159.10066	90.98171	56.85039	70.08355	74.50567	151.17265	66.69012	76.26909	46.38573	81.72082	67.28859	75.02794	89.86533	85.85241	113.39344	239.09586	91.26919	107.43209	156.40523	70.03909	130.74579	172.10209	147.4853	96.53968	41.77491	23.79158	71.34914	36.91358	88.3218	109.98555	87.95327	85.83415	151.91016	62.19844	136.5076	151.33733	81.45262	116.77058	248.13874	214.15635	196.82464	189.29649	118.71139	271.85218	150.90215	271.16687	141.30083	80.07943	24.52747	29.21605	46.10547	48.66928	93.50025	108.81957	150.26912	271.02145	202.96517	233.91038	65.43712	70.5803	88.15013	77.63887	261.34135	178.75574	35.35754	91.25853	326.61835	208.41463	78.09613	31.68138	96.72169	109.44265	76.28285	90.77863	91.06458	59.24209	88.04345	154.78927	69.96223	121.22582	46.17617	72.26414	62.05695	48.16019	392.96145	64.5621	134.65778	82.69093	140.77892	45.09806	88.42173	112.02665	56.07433	86.14191	61.84581	59.78778	71.32862	55.09388	33.33896	38.74019	86.13803	70.96537	122.32413	261.61511	75.74285	103.18766	87.28593	55.73972	144.46401	60.21708	82.49805	224.90818	183.93685	57.6041	52.63881	140.45873	150.99902	76.26491	81.86482	50.72953	69.35785	56.45299	162.80453	121.07737	82.78942	49.40862	50.42927	74.08998	55.09038	52.02085	122.04949	63.12645	64.0525	66.26147	75.09052	67.62169	70.15139	84.20577	131.48104	134.10361	138.6698	98.63583	91.12066	70.60544	130.08911	75.07652	161.39793	91.42506	113.26109	102.69147	87.12944	70.12839	60.66988	57.19992	98.2414	74.21924	44.23897	71.33086	72.98384	72.889	71.77788	149.84734	174.54605	155.47083	98.90826	36.25909	134.06674	185.14432	63.61098	53.22107	97.51029	39.37703	196.6049	37.90975	82.86015	96.26121	203.15257	161.196	108.55896	46.09987
GH4	149.55091	171.5377	161.00186	170.61261	194.97787	267.33246	204.72579	121.04519	287.96521	140.76762	139.89935	157.02881	110.78434	181.62026	197.33706	189.38772	162.91193	209.63348	125.89679	186.56407	174.359	135.26746	119.41165	169.07707	127.90999	189.93395	132.35835	106.6135	191.16938	182.996	189.34689	165.89091	135.46767	164.9154	243.25898	227.09461	159.49111	144.48207	250.90712	353.81854	138.37679	115.58103	145.14523	181.9187	186.20849	174.97617	127.76911	178.51138	142.73732	174.9006	123.58472	124.92563	166.99875	170.45657	121.08785	130.12425	142.89184	183.25915	287.2626	244.61094	153.3946	185.82292	155.10387	148.41064	99.71098	116.8157	208.05049	136.57006	184.31399	140.74464	273.6919	240.35159	106.3606	197.39928	143.49818	121.65846	170.84796	140.23271	145.66011	185.29451	150.59674	121.54263	86.60603	107.64027	166.65635	156.11499	107.23138	135.3618	186.99478	159.12114	288.62504	156.90271	295.43223	111.63057	107.6993	113.31629	190.75949	183.38871	211.25766	193.46008	204.45955	184.81257	240.1188	300.06014	236.94973	274.74687	116.24479	178.79086	155.17408	215.50191	148.7961	334.46698	137.93329	107.74211	82.18653	196.30025	199.02164	179.77785	146.30989	194.81037	218.27236	226.23253	171.0734	240.19527	202.8426	193.43363	185.50134	167.63915	175.19074	117.97181	112.52678	265.05433	211.31029	174.59902	212.19092	263.94405	166.63382	164.02837	148.2594	171.9331	194.19952	218.21504	190.45508	225.54364	185.90392	145.14218	146.19464	125.34799	168.7484	175.14277	255.32751	106.4711	144.25395	150.8243	105.79231	95.98981	124.60955	185.45169	117.17895	150.63663	196.17209	233.6471	229.61683	228.28226	109.41267	127.79619	150.11511	153.45894	350.49194	322.16511	277.04528	314.37109	159.0308	140.07435	293.7364	332.60377	184.6583	340.11497	174.85812	181.61615	359.61443	198.3172	132.8399	85.03994
GH42	238.25674	231.74949	346.81943	233.95647	286.8024	151.15208	196.73376	150.02072	131.71189	222.94801	164.06338	154.46599	125.34301	265.27548	202.76935	256.98535	267.93202	386.17178	217.79128	315.3892	251.83244	177.02198	271.42355	205.22734	236.93817	247.46395	207.56056	201.3447	94.8909	107.87648	229.51576	157.06515	203.42474	194.56672	185.28325	184.70813	322.39019	218.26047	302.43718	321.90527	231.84962	251.18796	251.69557	320.95903	275.904	218.75915	249.20877	380.06015	200.49052	339.92664	227.89297	291.96837	90.68512	99.17202	269.32237	265.94706	190.02966	184.87625	278.77558	417.06181	282.24655	380.68035	197.60775	190.61685	152.07115	111.6416	254.90377	194.74739	145.77716	142.79938	358.10259	258.8413	239.38708	207.78597	150.3417	163.39346	210.85372	280.1675	202.98786	145.78028	187.81215	236.48533	158.75175	222.82561	245.83233	228.84512	184.66255	150.97218	284.84615	122.35066	183.40061	112.306	127.01259	142.23283	131.88144	138.5989	188.67299	164.72688	152.57816	165.52686	201.71988	144.86777	80.11636	103.60525	126.00375	134.13228	165.97233	338.93452	188.30723	247.87923	228.83905	83.78828	287.4571	132.79538	189.68574	478.06375	432.22617	283.89988	286.68725	411.19424	379.57212	118.9778	151.42304	197.62943	155.76712	102.26631	239.36564	238.36188	191.04919	181.20753	157.98046	78.34211	339.13281	173.45985	121.63297	79.66637	116.52566	118.60572	193.40622	188.1743	267.37774	232.57685	198.78567	352.55294	305.39095	198.46022	190.99384	156.39144	216.70195	124.17582	180.59058	197.78924	183.41357	305.82932	201.85752	132.20418	101.04947	85.89814	134.07616	130.71963	249.05384	145.75094	104.82921	180.76646	176.93865	187.69392	260.28094	385.49951	183.02892	75.87508	283.22819	354.99916	166.84143	163.50513	132.12999	151.43133	336.45825	102.60498	160.31882	188.25989	108.2067	252.5223	189.71396	112.09755
GH43	2269.9558	1735.59681	2480.75975	1504.4993	1831.46002	1856.93138	1240.13419	1288.83402	1199.45627	3244.48999	1326.2101	1238.68962	1291.46112	1728.45357	1477.07885	1654.103	2037.54396	1228.37955	2459.17163	2180.65424	2618.20643	1312.86243	1885.11118	1921.60098	2636.6423	1395.28305	1387.65597	1976.88629	1271.07602	927.63934	1676.4978	1905.43412	3027.78125	2611.01729	1946.54393	2001.68636	2829.92753	2888.96585	2289.33167	1751.64994	1918.33603	1836.02699	1762.98904	1787.78822	1783.24586	1097.00379	1316.90674	1789.72357	3486.51119	2538.08707	3376.65239	3278.61573	1362.46028	1285.3689	2846.22628	2182.27871	2231.6693	1301.09658	1107.69765	1507.65082	2127.30868	1713.49845	1289.66724	1223.77951	1520.41771	1480.08652	1008.73771	1501.15279	726.99164	1298.08836	1257.60084	1012.941	1793.74593	1783.64406	1482.38848	2153.25188	1325.81131	1276.37547	1492.77877	1305.14116	1267.33135	1548.92749	1571.4174	1644.61229	1564.69536	1086.59823	1333.21079	993.58656	2100.65499	802.65339	827.38962	1028.30349	847.47134	1043.08223	856.47586	963.06171	1336.42861	1301.74752	990.59257	1324.97365	1102.66638	818.01696	1765.4329	1738.43183	1536.75014	1366.95235	1415.96072	1901.22321	1081.62028	1961.33367	1988.06442	2835.23573	1451.48157	1201.90529	2386.64964	2444.11094	2256.06253	1637.4696	1576.76292	2742.22299	2343.88778	1657.75122	1115.41872	1007.55356	959.46223	858.75822	1284.26967	981.27011	975.88415	1605.07753	1196.43802	2535.32816	820.66245	720.30346	2040.41413	2227.08271	1547.21313	1581.82445	1555.53155	1514.3559	941.72024	937.79454	1385.40943	2249.01238	2094.77842	1551.4176	1277.20834	1139.53784	1468.86661	1374.52889	1693.07696	3352.54908	2017.58833	2309.95676	3223.93786	1243.37861	939.31812	1141.78841	854.73471	1264.88577	625.38724	2146.47587	2609.73452	1066.27107	2143.8853	1156.36796	1606.69948	1254.91052	1837.27387	2827.59049	1895.71173	2264.05786	2392.10793	2972.95466	2323.38999	1744.13928	2479.56281	2028.42592	1077.36693	1174.07536	2477.12054	1256.24549	1319.26729	1432.39001
GH43_1	9.27596	55.65711	65.30809	5.79474	3.80038	103.86191	46.95057	16.16227	17.32827	92.45589	49.70973	38.19539	62.86993	13.13628	14.11824	13.66904	19.30255	5.91364	12.11737	6.14618	51.02067	5.9381	28.61807	30.98749	48.73365	11.37455	19.39072	36.73193	47.99674	39.36222	68.15439	78.72493	28.91853	23.75265	16.97921	15.67801	59.68439	48.98739	38.88372	27.45311	8.6973	8.76066	17.12944	18.37246	21.34375	4.47974	6.06548	21.72476	43.41219	26.22696	46.25053	39.84655	62.56329	45.10416	82.46263	45.09398	20.63542	11.0953	0.53413	0.12456	31.97645	23.36352	0.66304	0.64044	7.4243	9.71792	0.99354	7.98601	0.52233	7.37399	17.61277	0.43442	51.56691	63.13165	32.95433	65.03627	31.80701	12.3611	20.13853	11.21463	63.6926	85.28108	24.19006	11.43015	16.01742	4.3722	22.66094	13.39025	37.64992	10.02177	3.41605	13.46406	3.56543	14.28844	11.29577	15.767	3.54919	4.38835	20.02301	37.5327	31.47826	18.68902	106.47434	102.28854	59.96532	57.34424	34.44444	2.81907	4.83346	23.38987	25.32714	140.28351	11.96136	11.81666	26.7778	37.85205	35.31056	14.72016	18.82115	48.14955	39.79744	26.78738	14.28874	13.49184	7.64698	6.31146	12.5301	0.98385	8.1152	51.75456	18.25653	126.16125	2.59552	6.2079	93.61006	129.63487	50.49163	49.60494	9.76234	3.42197	9.74883	8.76179	8.83807	20.83693	22.09641	23.23771	14.97978	13.72737	18.48078	51.53207	93.89264	62.49567	28.0605	27.58784	58.87998	32.06477	30.29597	34.06218	9.58672	37.53573	4.7301	135.83186	168.78103	31.19752	55.99208	11.33453	25.13534	1.81269	78.57203	159.74758	27.04573	27.20591	9.95777	21.04132	115.11583	99.5784	39.65322	118.60702	9.66035	7.91404	125.63106	14.13284	15.8891	14.74919
GH43_10	178.83129	147.90072	170.20019	105.15869	121.28343	295.81401	180.62512	102.1735	94.31306	377.68349	184.07149	181.26269	190.82851	132.57228	113.25929	128.14351	168.98198	145.10592	170.40418	157.27351	116.64219	103.583	165.27969	82.18526	207.4093	73.42433	144.47254	152.84491	123.58545	96.40092	184.21282	203.04408	107.3669	93.98531	127.19156	119.35872	172.98335	143.49989	158.18322	168.22938	99.5491	101.02477	157.78154	155.17639	156.75873	105.62214	84.87809	157.14953	178.8091	224.37772	276.08184	264.78351	139.33134	124.09647	208.29006	160.5017	195.08918	152.0734	94.35512	111.91661	196.85464	133.90194	93.56266	94.94771	176.73528	184.47831	88.75261	160.65575	68.79642	170.56964	136.67592	103.26145	188.48789	184.01239	177.93207	153.7829	89.80442	84.24949	173.13261	111.96058	143.19747	190.46191	149.89214	130.90196	126.27201	87.51155	101.26267	72.93618	227.74782	66.33456	69.87533	73.9649	35.8137	85.65782	58.96085	78.57249	88.43631	89.36427	68.44788	157.72298	109.68449	101.18016	234.33439	242.88114	168.36425	150.42702	117.18509	146.07781	101.62651	196.19696	184.70607	257.90187	121.91001	89.00368	135.11446	170.24165	151.46349	125.31904	116.1418	177.81426	142.25904	150.61646	112.50638	87.20879	115.16349	55.70724	118.13547	93.12905	67.11267	129.09522	96.34222	224.14368	82.20069	63.1303	185.63171	227.63445	114.39439	115.6397	77.88992	101.83826	81.75441	91.15972	115.47115	202.94806	199.47526	159.07326	122.49618	105.17356	145.66383	160.59917	270.99032	232.42262	139.19437	197.40639	230.26194	108.63267	92.06909	115.53262	74.61413	81.61883	51.93054	177.15931	196.60015	93.76889	152.63094	92.54316	134.90802	129.75985	171.5461	277.34147	128.68793	164.06191	123.33663	140.82045	226.64399	177.60561	225.27724	202.59546	91.66816	91.27837	236.72839	130.18373	125.17496	192.74385
GH43_11	56.34793	27.63463	78.90173	56.16129	58.74489	22.74793	26.37572	33.01973	24.33553	18.96484	34.24148	31.67285	16.3097	56.29653	28.45028	54.74968	54.81264	30.19977	32.86548	68.49531	39.77227	45.35731	48.79692	38.63609	42.52715	57.98633	46.09949	29.34666	21.10044	18.23242	23.37856	24.78433	18.57842	25.82323	26.41718	27.68965	52.46812	25.59112	68.23584	60.90912	25.21607	31.42568	47.985	44.46263	102.04813	56.01999	79.4203	122.88655	2.94098	79.73139	47.45212	17.51607	21.94773	14.96487	28.95944	37.93564	34.14393	35.01574	71.52058	112.06696	83.79551	99.23952	42.34031	42.20939	15.52028	25.86621	102.70029	48.31969	8.89247	30.87849	90.34677	82.8614	17.24118	38.63052	22.24805	27.34778	52.8054	90.89841	59.24578	21.75611	41.40532	46.70364	34.55641	58.31531	33.32928	40.30913	22.99083	25.03017	70.05808	14.33937	16.46133	8.23252	13.80107	24.35011	18.77565	26.32667	23.75379	21.4624	26.42529	33.64834	23.32438	30.06651	10.04184	13.1532	20.50088	22.10601	37.43374	97.60922	41.05699	55.2093	22.9986	11.22489	89.1057	28.54888	37.99424	107.86254	86.02074	41.63934	71.29391	86.06331	80.22915	17.82912	18.77189	16.71592	15.73847	17.15573	36.95677	32.60651	16.06862	28.81363	20.65068	12.28273	58.33751	22.51802	29.79508	18.22978	15.35898	16.7229	22.08796	16.4946	40.17788	43.63344	35.24371	51.0963	55.84076	38.2006	31.73505	19.99007	44.7944	24.17653	32.03199	47.82718	39.97253	30.3511	43.84348	25.48887	13.29709	26.85671	26.46658	18.40269	31.44185	16.54072	19.1671	23.92371	18.60466	36.69891	41.5264	47.65898	17.05133	6.32723	61.92009	87.56912	36.53297	26.58266	42.43929	95.48718	62.34136	76.84845	36.7576	47.22885	59.99762	73.21195	56.96687	23.60074
GH43_12	92.75742	98.29851	82.53051	64.84289	86.60077	100.65739	70.95034	53.38942	38.17481	130.24817	90.20338	85.18162	77.70146	68.98837	53.60817	60.49438	78.53424	115.96207	79.91253	77.09788	75.91471	54.45294	128.75541	60.64268	126.92436	56.10813	112.88726	109.7251	77.75645	52.52513	101.72216	97.87354	91.79914	90.72949	50.04699	51.9279	113.35073	110.28953	96.74308	99.15996	51.62187	51.80728	106.69136	102.25154	76.4502	61.91163	38.56649	93.11705	120.57836	131.20923	159.31865	143.4458	76.6068	56.37653	134.04315	90.68971	116.90275	88.67218	77.98903	101.37341	110.26405	96.09878	81.00728	82.89696	43.26696	37.6137	78.14509	66.54508	20.46886	70.26022	103.41644	73.06189	97.30262	89.76769	128.21009	107.56018	70.64069	40.50437	102.09015	58.30978	78.83778	110.36455	107.87213	113.11003	82.18031	70.39861	54.07605	32.24079	129.68747	35.17516	13.90594	32.06339	17.75345	54.62782	50.71131	71.49069	43.16835	49.83989	43.71517	80.69509	63.66291	48.54964	120.22247	115.16586	84.21838	86.3912	93.42937	88.21977	71.38771	145.46942	107.72514	132.36268	65.76875	38.19939	101.53563	104.77441	93.80588	48.65215	54.6523	94.76838	88.01667	59.05296	52.68689	45.72835	42.2873	25.68151	69.13444	47.19154	49.16557	71.486	47.22724	119.32611	42.01042	26.15546	106.80381	129.09273	66.34971	66.06505	55.91759	50.9214	39.23684	48.31215	84.46621	131.09083	143.58779	81.98146	65.19782	51.92697	77.18235	58.19005	115.43296	107.26054	72.44903	121.95354	100.28349	80.24059	74.96972	75.4886	43.71021	61.12779	24.34099	110.45512	132.59981	48.85564	57.40018	53.96696	67.65035	73.6941	88.68776	138.83079	93.19409	100.60976	77.69641	95.39389	108.68935	80.59068	104.19272	98.15188	45.67858	43.64826	137.0194	64.45292	63.7134	31.36568
GH43_16	67.74953	29.7468	35.1833	50.07125	68.07887	3.45801	2.55919	35.87375	6.12073	17.79096	28.33585	25.15994	23.24013	34.28827	27.20388	27.39252	30.44196	45.60833	54.39474	25.16704	49.56614	49.12841	55.89123	37.81937	62.43158	21.70941	77.50753	67.99527	13.09523	7.16073	26.05147	73.72311	75.37701	65.16575	39.41961	37.27776	45.06097	56.98675	15.61988	11.48542	47.00878	45.33622	24.02112	19.15804	53.2699	28.3358	19.70933	16.31493	53.07337	43.84191	77.29926	59.29195	23.20867	11.20712	27.48922	31.85327	56.68975	50.37676	57.06275	15.59897	60.48787	30.72317	37.4675	40.16535	19.38698	25.10281	34.0623	21.0756	5.91058	16.73685	7.15037	51.2908	36.49303	17.36267	31.4204	43.37195	32.8164	20.40596	42.70776	36.55999	14.61455	22.25534	97.47681	56.20597	40.42002	32.67493	47.08361	30.81304	29.72294	16.3069	4.35481	9.44948	5.7209	20.97123	35.13594	39.31484	23.25443	45.03244	10.50627	64.94007	2.46652	10.79204	4.25503	7.10274	17.55408	17.95447	45.20139	27.30397	43.13813	60.38873	54.05107	6.13294	18.16169	15.43307	75.7521	35.91415	30.10368	14.63262	24.1807	36.6966	29.4039	37.16201	35.02789	12.48462	23.25707	19.80162	19.94349	14.28226	15.93769	22.12	43.89931	7.02259	6.39655	5.28938	31.72477	10.52031	27.40463	28.02261	49.43119	28.58845	8.49718	11.73153	30.67042	49.67828	53.1645	13.82312	13.8439	8.69432	8.38307	12.93112	1.48842	81.61428	47.59218	96.38089	72.8694	67.8658	10.77009	17.26765	24.45608	13.54073	2.01315	7.85551	10.25213	9.76951	32.73052	12.56676	21.49449	26.53152	3.86709	4.80897	14.66099	17.02519	80.85939	118.48549	11.02912	2.79513	40.09664	3.31805	19.43053	14.14808	15.75023	11.01814	30.285	6.31509
GH43_17	37.76754	40.38996	38.20005	20.97618	27.19755	5.51657	12.07878	18.76337	36.32621	100.93879	30.2505	30.01026	32.70539	33.3456	36.05182	36.32937	43.64447	8.0376	43.82734	48.06068	28.44711	16.94582	24.77924	25.49212	53.38436	15.198	16.47409	27.30363	15.89158	11.16482	19.62984	14.31152	24.96113	20.39828	45.71006	47.3538	58.1052	45.67078	28.57252	22.77108	41.99418	41.87353	45.03571	26.69291	34.56102	27.18314	37.27591	24.38111	45.52145	29.54324	43.07502	38.2508	20.53007	23.28057	72.17159	48.67706	58.20639	15.03412	6.90222	7.44485	33.05272	19.41184	16.02816	15.38996	10.88312	14.39276	12.07413	10.62615	10.35454	1.54524	24.1626	5.47482	42.09898	40.89197	30.94947	38.43027	18.65971	16.64222	31.43409	30.52769	11.8547	20.23057	21.85508	11.48021	16.80582	13.68721	33.00506	34.95896	44.43899	24.3675	42.39646	31.3892	21.16373	20.38217	16.88486	17.90184	32.3116	39.94908	29.45242	32.67412	20.52719	26.69195	9.53103	8.06372	12.44439	13.45411	23.20491	27.08122	21.8693	15.4507	26.21549	18.19891	20.2031	24.82592	19.75002	7.9474	12.78342	40.66156	29.32174	8.14427	6.19912	25.16975	27.30378	23.29693	26.14266	13.8447	29.29463	19.7779	23.24971	43.6712	25.11501	22.37809	15.94135	18.729	11.57693	7.37894	17.34624	17.42699	27.09491	40.24852	19.04569	18.036	12.65269	16.20528	12.91553	29.07564	21.88856	23.39722	32.36906	14.71923	3.56717	60.5792	35.80333	42.79141	59.88901	24.25136	19.50328	22.93477	10.1236	31.75925	11.66447	15.4083	9.14217	19.79751	32.22862	21.21605	20.91412	17.35802	11.49357	22.18848	23.0726	23.45307	17.08421	29.96093	22.79028	15.01895	51.07311	15.32882	14.87377	8.42232	15.10828	15.82069	20.29942	12.66836
GH43_18	33.74827	73.43097	77.89395	4.81813	3.22045	57.05099	18.0495	15.22978	12.45895	134.79309	51.23944	38.49862	59.24251	25.41714	21.21626	26.39384	29.55318	3.20808	36.34098	89.56477	56.86681	5.32136	26.47101	15.70096	53.20427	14.42586	11.75321	31.26411	8.89335	3.38075	41.34236	52.20167	52.79228	39.23835	66.0948	73.49512	100.18623	80.53207	55.54957	39.90852	47.24794	42.54755	31.70159	35.83555	39.86874	6.36112	10.45125	37.20054	72.30955	36.51559	59.79272	43.39881	6.29042	5.03416	139.15689	80.07664	25.0351	10.44351	0.24804	0.08378	55.89755	34.09732	0.0908	0.04677	11.23009	13.15287	0.2795	11.37127	0.48559	7.42656	24.07297	0.33481	59.40673	85.66376	15.47956	62.60028	9.9402	11.20119	30.33882	17.66631	56.74332	83.2876	39.25386	12.37359	23.6004	6.7022	30.27768	16.65068	54.04159	16.24773	5.89782	23.69587	5.37301	18.58056	17.91635	24.67794	4.07058	11.8351	23.88779	26.00394	29.58129	17.58617	21.83305	17.20067	19.82321	15.40334	53.45179	46.28608	5.13805	37.70097	38.38907	142.80576	9.58301	15.08862	35.11102	29.14158	31.70961	25.40226	13.29396	48.52194	30.75244	35.8228	20.80457	19.02884	7.37349	9.3717	18.56377	1.30982	12.40163	79.63461	12.10871	133.03911	3.02957	6.70325	95.24782	132.52067	56.0901	55.01255	12.44241	8.33406	7.62436	5.78349	9.46585	33.21546	38.76987	35.83832	19.19688	14.63997	23.31698	18.64619	28.79177	72.24989	35.2445	44.72553	70.45054	48.11342	21.01419	27.87749	5.90887	12.3345	2.38086	8.37658	16.1917	4.59098	38.40678	17.33758	24.03711	1.47535	77.38175	160.39092	33.78031	36.07901	18.43033	27.71661	62.87845	43.36997	58.30938	88.8666	13.4376	13.64458	65.60743	22.0822	24.73616	20.16974
GH43_19	50.30641	69.77999	91.04417	12.65104	20.30084	1.71011	3.41652	22.94045	28.16607	135.11423	30.959	20.06443	35.15873	42.97384	32.60413	33.66156	54.49242	2.05367	61.19992	54.18296	95.77339	13.659	45.4594	48.30447	84.76246	29.83271	35.07554	59.75118	12.7829	4.91285	10.66931	8.29268	104.30263	84.71175	72.87383	76.09784	91.66021	105.6607	93.19881	62.25205	66.48802	63.41795	17.01269	14.64277	41.01669	9.25856	12.03211	33.99301	130.96382	66.89457	126.69806	117.14883	10.66548	8.95641	135.04209	96.63694	50.58116	13.66172	0.07507	0.21941	62.88245	33.96116	0.06093	0.02401	12.86324	13.87702	0.18376	10.92895	NA	NA	7.55669	0.29308	61.07454	82.18486	22.68312	55.52414	18.23018	13.55146	34.04386	19.9203	18.55028	27.13652	40.12768	30.52129	18.52669	8.53096	33.32764	19.82802	49.44302	21.95789	3.55029	30.68039	5.09826	14.53837	21.19076	22.67538	6.91468	14.25609	18.56725	13.02512	22.25784	2.6596	10.06954	7.39638	9.51504	8.2941	56.58711	29.36553	6.2807	31.24472	33.42603	37.60359	19.80673	21.50638	85.15497	37.57869	38.26927	30.61744	33.71459	54.56036	40.62513	44.72631	17.77646	19.50712	10.07207	11.41028	19.07414	1.96338	12.73419	74.93231	21.23206	42.36194	3.17117	6.13526	23.6365	15.75738	33.32667	34.35706	27.80119	21.05928	16.36947	11.54425	17.96518	29.28862	29.91818	37.41636	20.48071	19.10759	30.39614	9.93432	2.08261	100.43593	60.82209	60.69452	95.83092	43.86446	23.98408	27.82291	9.23774	20.43518	3.19071	10.46909	19.76482	7.63232	69.88671	18.80831	36.56797	2.1714	18.00907	38.86665	56.73535	69.70348	58.4235	93.5693	45.73262	26.52496	87.87783	21.14292	19.74614	16.99452	9.65391	22.24109	29.22026	17.52066
GH43_2	24.14187	4.23398	6.89458	0.20913	0.45945	20.85672	10.54675	0.87446	7.62865	14.48943	10.22511	4.93817	16.08111	8.48032	12.43033	11.4675	18.41511	2.66434	33.64723	10.30558	4.56628	0.51002	13.51973	6.59136	33.76194	5.0861	9.85831	17.47643	8.33302	6.75034	27.93091	40.44339	5.42401	3.62437	26.79398	24.5137	9.96005	11.54374	24.97834	16.86867	15.39239	14.62786	7.1407	3.87248	7.02463	1.63466	1.58176	1.96609	35.18067	12.11622	15.72312	51.93029	16.38527	12.52536	22.4987	15.46668	1.54201	0.83298	1.47657	0.92645	9.25702	3.38626	0.31509	0.12957	3.74582	3.68503	0.09567	1.59224	0.13472	NA	1.13599	0.02438	3.54117	4.72362	21.81516	38.04972	22.08075	10.18473	6.25786	4.26328	0.80998	2.97928	9.89364	9.07497	19.14988	2.96444	8.76016	7.94675	1.34874	2.8287	1.71099	6.56545	1.44762	11.52666	0.22566	0.63045	1.95805	2.55327	3.66843	21.88825	12.66976	12.66679	36.89014	35.14234	22.1897	16.57214	0.38964	5.02025	0.68492	27.68711	30.58194	112.44494	5.01729	8.73883	19.03239	21.49565	17.79186	4.5951	11.99204	28.81988	23.30727	8.08137	2.11925	1.89061	0.90153	0.27822	0.04924	0.02135	0.03603	7.06062	11.041	89.33395	1.72851	3.56278	59.4983	97.46165	27.4587	26.98499	6.31332	9.59773	4.76311	3.8	0.50407	25.31488	28.42321	4.22659	4.25194	5.65292	4.75265	23.46457	27.11938	74.69909	20.78003	22.69558	69.96138	0.52319	8.67017	10.57726	2.91447	19.24995	3.04036	77.6297	98.5762	20.96614	47.94545	2.45028	21.26208	1.11295	57.87545	108.84334	19.98287	25.62706	16.83703	25.15432	66.25044	55.58624	15.57811	75.80052	2.33926	0.91654	94.65058	0.89849	2.82884	1.54498
GH43_22	27.98692	15.50455	47.9254	28.34282	37.36686	15.51901	23.54769	13.40232	19.59903	10.80459	19.22833	22.40783	14.59968	18.73769	22.97011	39.95761	23.17378	50.71912	21.35423	36.17482	40.50246	27.27399	34.72533	7.30956	19.53968	12.8146	10.33977	20.86027	4.77007	17.94707	30.06102	20.37406	12.35043	16.28111	43.92633	45.95899	83.88187	24.03123	50.42056	48.95274	36.86642	26.25405	17.88177	29.63045	35.47636	26.80262	42.42878	47.65695	14.61523	30.27769	21.93492	7.18029	9.68165	11.42171	21.14145	30.4197	11.32383	31.48829	67.0461	51.63556	41.3963	54.66128	44.69193	41.79964	12.55934	15.53573	32.79648	14.46557	11.45814	13.18251	36.69439	9.71395	15.55585	24.14456	10.71162	14.82393	33.11454	74.89048	19.24922	24.87211	31.04666	37.26709	7.40797	8.42234	43.11896	43.95946	18.90669	34.82332	16.60102	13.17169	34.78549	11.81467	20.89688	24.94991	10.04771	13.25199	49.6043	28.11648	29.93941	18.74302	16.63816	10.97999	4.95172	7.05826	12.21265	18.07545	9.27676	39.10057	27.19988	22.06369	24.09402	8.28948	89.66118	38.98718	4.72288	49.37775	46.66987	66.33004	108.04955	43.55366	23.5673	9.38013	23.4858	20.27526	15.26098	23.09306	35.89765	43.19058	9.23781	19.63709	19.64369	3.90059	37.83607	22.05682	3.96426	7.15406	13.16839	11.98226	27.08009	29.95095	32.05308	23.24681	21.63537	31.40476	23.48271	16.93098	12.7333	7.25368	16.36833	9.41335	12.05792	25.25478	27.64483	43.05084	27.06911	9.77955	15.32787	15.8973	21.49273	22.32258	27.70228	19.28242	11.92574	21.49354	31.83723	16.36834	15.17782	41.69435	13.9123	3.34686	51.34445	74.63564	13.37758	15.16656	13.37151	19.6171	22.88008	10.0218	34.83844	53.74674	9.18232	39.38311	31.06093	13.07643
GH43_23	NA	NA	NA	NA	NA	NA	NA	NA	NA	NA	NA	NA	NA	NA	NA	NA	NA	NA	NA	NA	NA	NA	NA	NA	NA	NA	NA	NA	NA	NA	NA	NA	NA	NA	NA	NA	NA	NA	NA	NA	NA	NA	NA	NA	NA	NA	NA	NA	NA	NA	NA	NA	NA	NA	NA	NA	NA	NA	NA	NA	NA	NA	NA	NA	NA	NA	NA	NA	NA	NA	NA	NA	NA	NA	NA	NA	NA	NA	NA	NA	NA	NA	NA	NA	NA	NA	NA	NA	NA	NA	NA	NA	NA	NA	NA	NA	NA	NA	NA	NA	NA	NA	NA	NA	NA	NA	NA	NA	NA	NA	NA	NA	NA	NA	NA	NA	NA	NA	NA	NA	NA	NA	NA	NA	NA	NA	0.03992	0.03046	1.10994	NA	NA	NA	NA	NA	NA	NA	NA	NA	NA	NA	NA	NA	NA	NA	NA	NA	NA	NA	NA	NA	NA	NA	NA	NA	NA	NA	NA	NA	NA	NA	NA	NA	NA	NA	NA	NA	NA	NA	NA	NA	NA	NA	NA	NA	NA	NA	NA	NA	NA	NA	NA	NA	NA	NA
GH43_24	94.16614	98.19816	123.01017	35.46275	52.09483	96.58701	60.10814	71.63838	90.50621	279.16119	76.57258	64.52817	67.45754	103.19805	107.53494	105.90689	124.70953	35.82199	116.98372	90.98387	140.70712	33.73557	69.73654	146.56066	135.9583	98.79311	56.79715	90.18618	48.40615	35.13418	32.62674	29.62415	186.0732	161.74305	119.50868	119.00048	138.64848	174.2451	128.3745	86.74384	135.24913	134.13888	68.67376	94.92812	67.07836	28.92244	36.7029	41.25568	272.66256	131.28675	249.09887	209.85966	53.66682	49.00502	189.6485	151.40806	118.87004	60.98193	43.601	45.17367	113.52413	81.47598	53.44068	53.0055	40.41107	47.75091	58.22875	47.26903	58.59538	107.38075	24.25161	87.81378	72.88134	98.87318	75.70457	146.78006	82.71508	54.1416	71.38791	75.07771	61.42145	67.67827	62.65083	85.90238	65.34075	47.28531	55.35873	50.06167	122.15887	47.07707	25.79517	84.33248	38.15171	63.43552	44.73256	38.8629	141.67026	81.60218	62.37195	55.68024	55.652	45.84959	96.3514	89.16404	66.85052	50.56758	61.87737	57.00882	58.40389	115.51579	101.49259	186.95139	48.57189	94.53094	146.07044	92.08209	91.74633	67.79793	61.24476	127.98621	95.91174	126.53313	56.51918	76.03926	44.16364	55.76006	72.92675	62.50446	46.35807	94.87512	52.78588	164.50056	35.89348	44.6638	45.9905	36.42426	71.37996	68.60503	108.85112	110.75787	40.08178	45.39074	76.81364	114.54056	114.14627	69.07016	47.0011	37.21003	57.15172	57.99136	89.01892	211.59738	123.96188	125.67538	203.6015	44.07386	48.44586	79.79145	33.90403	68.78082	31.42531	61.84066	67.45033	52.96557	157.92783	89.18146	74.0621	146.5614	106.62546	188.01189	89.95193	92.40512	163.77629	205.39465	148.86057	110.59206	165.17078	131.97899	71.07139	69.89527	152.32697	57.09275	77.81365	39.90442
GH43_26	87.80017	46.60715	77.47131	93.745	93.40858	38.65588	24.07526	45.34224	32.38999	61.36261	25.60381	26.60261	15.28427	36.75936	24.03241	38.54112	39.97002	72.09653	72.88684	120.81503	69.12007	53.02904	95.28912	37.47666	71.75976	100.11812	65.64332	47.63121	12.51563	13.01437	32.2324	23.22044	86.58098	82.22966	43.08494	41.50589	101.96602	64.68076	100.02508	84.90427	27.69827	28.1061	114.28057	95.57321	101.83634	66.91187	72.5569	133.73747	99.69606	145.51791	82.40363	115.23378	12.18036	15.66358	60.35088	44.15118	62.95034	51.74845	134.34005	238.71354	90.48663	120.95468	118.85801	119.25494	51.28621	28.93036	135.97673	79.79038	64.65505	120.31104	141.13978	107.49283	51.48843	44.36719	48.59571	64.3476	61.91756	93.74381	106.46367	33.32794	47.73458	76.23713	45.77537	88.73277	67.12813	77.01517	38.00071	31.65228	150.86817	20.61904	22.24544	15.48842	19.044	31.03908	21.78533	38.59103	31.80158	28.90842	24.20149	26.78945	21.11868	23.05754	12.87546	10.6892	28.63136	19.57571	56.97646	124.81271	54.47295	76.76408	89.76379	25.76422	120.7892	38.74711	52.31246	106.544	125.26323	85.80461	72.03545	173.32507	144.29897	67.40365	46.76668	30.56591	34.53608	32.35105	66.04277	53.2339	55.77505	35.56692	24.1396	29.35697	75.56276	31.08363	49.05825	27.32771	24.47451	24.82294	28.12022	20.508	56.49579	51.42381	76.70852	117.69977	106.36556	48.95958	50.84364	31.95737	65.35548	22.46544	59.70611	41.3692	62.90288	53.59377	42.0364	17.56999	17.46998	16.59666	37.48635	27.79269	39.84358	35.26843	32.11439	31.70925	33.25188	33.12151	29.31665	55.28713	28.21461	24.49883	89.15243	102.30356	39.17277	39.39765	32.80658	8.67061	117.33249	11.97686	30.72257	37.04605	40.31779	89.53086	38.32238	33.18272
GH43_27	24.86531	4.37418	23.2296	8.71549	9.38521	5.26357	7.0352	3.43023	2.9801	6.23287	8.41332	4.45805	2.49	11.59793	5.69813	15.11557	5.37495	49.37044	14.36289	26.04073	2.2468	11.50975	6.23696	3.49369	7.8505	4.50565	15.23305	7.13271	1.32179	3.92159	6.24731	3.70817	13.76407	14.1752	0.78848	0.67626	38.3091	14.08848	19.53706	17.24187	2.1478	1.12952	8.51632	13.45868	22.88452	9.49597	23.86646	23.99408	1.86847	19.74943	13.62474	4.01604	3.08737	3.72837	12.10657	17.08473	2.58368	11.82692	19.67946	13.01156	32.0604	31.61595	10.03732	10.41423	7.93311	10.95725	19.58261	5.41557	6.81629	16.1651	8.13887	14.09263	2.5742	11.19345	13.01382	5.97955	18.37994	42.68547	7.0122	7.23482	7.50366	15.27029	4.69931	6.90281	27.32802	22.30314	6.01549	16.10176	4.40807	3.17643	5.16262	1.59794	4.11739	8.34379	24.94475	32.68089	35.82957	14.37976	4.42911	2.74012	0.79206	0.81208	0.95577	2.37307	4.29179	3.21301	30.07105	31.21583	10.69799	11.27329	9.43389	1.63046	37.37163	16.48798	3.75447	22.22016	21.38296	25.35613	46.38409	20.90572	11.45782	6.10508	4.9465	7.24739	7.2985	4.34227	6.5945	5.37981	0.333	11.27738	7.7076	0.84567	5.67066	1.87593	1.28634	1.68869	2.71356	3.20174	12.54185	7.66079	9.63674	2.74406	4.9153	16.44366	11.07054	10.82609	7.26829	1.66955	4.28854	1.72996	4.83171	13.92983	12.70737	39.1385	16.30509	24.3736	0.3782	1.70053	1.73772	0.18545	7.22264	1.72645	1.70805	2.10116	9.23071	9.51739	8.93381	32.7244	1.13649	0.59737	13.68828	27.7429	5.46802	3.13155	0.74332	0.93251	10.21936	1.33428	18.3924	29.61818	0.312	23.47749	17.66287	5.5752
GH43_28	79.02068	60.44178	61.60039	41.81278	74.60287	57.30614	36.71237	39.88355	37.32512	20.65307	41.05871	24.59198	45.4661	75.4407	79.92145	56.59411	99.97662	45.56966	101.9906	45.93921	96.08353	34.57425	28.74624	75.3719	89.44433	41.00805	30.3346	44.98191	24.13953	16.8398	10.60101	18.32372	211.01078	178.08261	77.68596	71.05891	57.51206	134.8533	64.90404	42.50916	67.34481	63.45408	61.31242	66.35004	36.13003	19.07891	13.68117	17.49959	147.96893	68.24505	105.74665	167.57185	18.15559	40.55037	63.74784	73.90351	84.02607	44.94024	22.59869	30.34969	50.50816	36.46989	35.24878	38.15343	149.17995	130.78798	16.15129	117.20786	47.26808	86.77569	14.56731	34.94534	55.5435	59.00341	36.07564	25.97129	16.79898	11.32049	32.37506	46.07954	47.04497	51.46513	30.96627	60.89606	50.49129	31.76403	24.89888	21.5495	55.34208	28.07338	32.95897	35.82977	52.17631	38.43817	14.33543	15.89185	55.87172	53.98491	21.04089	14.91764	17.97925	13.10095	18.54707	27.92205	42.95739	43.54684	21.5929	36.6864	25.52425	85.00397	94.87688	19.10298	26.04896	32.83482	109.18226	80.0334	70.89356	31.6212	30.86879	76.37439	71.69853	48.96977	23.01821	34.20545	24.63216	26.24322	31.16698	27.66403	46.44753	29.13996	34.66514	20.33517	31.81236	24.42554	19.15803	22.48591	40.14234	36.16356	78.62081	65.98561	27.0142	27.76724	41.60078	94.72145	94.60136	24.77138	28.11998	27.77988	25.01712	52.25988	50.3588	189.37036	61.81928	86.68752	182.85731	14.13384	20.04538	30.7185	13.87317	24.98489	14.90705	18.14136	25.09406	12.75874	68.3978	35.14632	49.34652	27.85541	31.84112	18.06211	66.22823	57.52027	105.96796	132.40534	25.7035	28.39315	29.28213	24.4807	48.83734	53.73304	23.32404	42.53129	43.41053	162.06854
GH43_29	33.61947	72.3225	37.39196	13.9382	14.89387	115.29824	55.90767	9.25055	22.09933	24.32996	55.47705	37.89491	69.30332	28.57174	51.2524	44.44868	65.00032	7.30496	53.03432	16.09351	24.11359	14.45862	68.46893	17.53546	109.60647	11.0141	51.81491	75.49627	58.06745	47.02025	76.68834	91.94173	21.46975	16.44749	57.94036	57.31087	52.7604	35.7398	69.68012	50.06117	32.03061	33.03666	43.54244	37.77581	34.75883	11.11834	9.74467	17.73571	56.18288	31.74907	60.17581	84.65882	70.88718	50.39437	63.60475	41.75202	8.63035	13.96485	19.38418	5.44622	40.8004	17.27601	16.83929	16.5626	12.99636	14.32908	5.78283	16.71342	3.52879	0.39074	27.76386	8.71649	79.00826	94.6762	84.62975	90.66758	45.0955	27.96624	22.29596	15.65121	42.57999	67.25418	44.5125	37.35837	51.9888	8.52264	25.4482	12.05097	11.88007	8.60477	5.79989	16.61549	4.24258	29.83126	4.08778	5.71565	9.09517	11.98555	13.04508	46.45332	27.81399	27.63389	121.06557	117.87738	72.16858	71.93404	16.31578	13.4494	10.96476	38.32542	39.53752	190.79964	23.78424	22.09781	68.02496	42.45302	38.09502	19.43778	49.36614	57.5398	41.83593	12.18928	7.4832	7.3436	5.64943	5.65108	5.95748	4.79643	13.53436	32.1126	18.55006	153.46418	5.66129	11.67616	111.98184	166.27416	56.82101	56.85386	18.58882	24.86845	16.49589	16.34038	7.91942	41.91228	38.49896	11.50007	9.74134	7.94274	13.39928	73.00108	110.65732	148.80489	37.9181	58.78894	145.77267	10.76877	45.46329	62.65905	17.19031	61.571	8.69822	157.55785	196.67249	43.62144	47.21704	9.14302	25.27697	3.3202	105.35664	190.87262	57.88943	73.53101	26.57853	70.62593	140.21612	113.31714	38.1302	145.78637	8.90432	7.98531	160.27697	6.75	11.75416	10.59331
GH43_3	45.26153	30.55705	51.33296	9.12355	14.47585	4.92044	6.15647	12.80098	12.82151	77.64206	13.38731	11.54551	13.84429	25.16025	23.56309	23.41616	35.26157	1.67952	58.68622	47.67819	54.36827	9.00222	27.54419	33.46043	81.98304	18.98111	15.65164	61.34306	8.23196	3.19146	20.81589	19.66643	65.06787	49.70691	34.19773	33.09111	65.64272	65.85929	19.35875	12.81642	21.67727	21.21266	33.34344	32.50034	14.79884	6.45862	9.42871	9.56794	85.42873	34.64924	63.3881	97.34594	4.23038	6.32326	45.81641	36.56505	44.93948	23.23211	1.47376	12.63457	19.28173	12.07154	17.7502	17.7146	9.40121	9.7698	11.01886	6.77769	36.18283	68.83958	3.38561	21.94333	22.76871	29.1891	13.20213	44.92227	10.95094	20.1913	16.78494	14.57995	12.57512	14.85859	26.75011	34.54758	9.03818	6.0451	11.00651	8.95642	30.03414	11.51567	2.62258	16.70858	2.56921	9.73485	6.34795	8.84199	2.88843	9.26397	10.04892	7.29147	10.11626	1.97653	7.10384	4.01201	8.11614	4.22312	19.47646	28.85214	10.78647	43.67223	52.45236	17.0639	4.98424	9.15655	62.70563	83.08293	80.6448	8.2135	8.27279	119.69925	89.70602	42.64494	14.62754	14.20777	7.70205	8.41423	10.77846	1.73263	15.67297	11.4605	9.55571	18.92403	3.15453	6.69732	18.645	11.00553	21.44857	19.33163	17.66041	12.21674	12.48895	8.77895	29.18333	49.1732	49.03957	19.52463	16.62126	14.30118	14.12259	8.72567	5.27374	80.27792	39.79919	30.09556	76.78666	17.72208	10.31296	14.42804	4.53087	8.12524	1.0775	5.70336	12.92264	5.12141	24.4437	11.51473	17.94164	0.86661	5.50841	19.83047	17.09596	12.00891	42.30548	54.87806	12.46938	6.23172	34.09645	9.05142	14.76737	18.33158	2.81391	19.07016	32.64038	4.92951
GH43_30	NA	NA	NA	NA	NA	NA	NA	NA	NA	NA	NA	NA	NA	NA	NA	0.11515	NA	NA	NA	NA	NA	NA	NA	NA	NA	NA	NA	NA	NA	NA	NA	NA	NA	NA	NA	NA	NA	NA	NA	NA	NA	NA	NA	NA	NA	NA	NA	0.0392	NA	NA	NA	NA	NA	NA	NA	NA	NA	NA	0.0284	NA	NA	NA	NA	NA	NA	NA	NA	NA	NA	NA	NA	NA	NA	NA	NA	NA	NA	NA	NA	NA	NA	NA	NA	NA	NA	NA	0.03757	NA	NA	NA	NA	NA	NA	NA	NA	NA	NA	NA	NA	NA	NA	NA	NA	NA	NA	NA	NA	NA	NA	NA	NA	NA	NA	NA	NA	NA	NA	NA	NA	NA	NA	NA	NA	0.11935	NA	NA	NA	NA	NA	NA	NA	NA	NA	NA	NA	NA	NA	NA	NA	NA	NA	NA	NA	NA	NA	NA	NA	NA	NA	NA	NA	0.08149	NA	NA	0.02485	NA	NA	NA	NA	NA	NA	NA	NA	NA	NA	NA	NA	NA	NA	NA	NA	NA	NA	NA	NA	NA	NA	NA	NA	NA	NA	NA	NA	NA
GH43_31	42.64892	30.63408	61.81495	16.32902	28.41534	4.09692	3.63478	17.94811	6.53532	53.9321	12.59224	13.38104	13.94044	28.0684	16.85781	16.26811	26.92602	1.8761	46.5777	38.35535	84.53174	13.606	11.05059	58.78283	38.28983	31.23779	7.98065	29.91498	7.84222	2.92779	16.36761	15.33761	109.21214	89.16077	18.5619	19.09589	58.33856	83.08533	14.86593	9.14487	27.83199	24.94123	19.2356	19.85828	9.91395	5.44338	5.81964	4.51777	88.86889	33.48607	64.76652	71.54346	6.10749	7.07172	29.35567	30.55714	63.79856	26.75722	3.81085	21.42114	17.39715	9.32988	24.44852	26.03695	6.03975	6.0505	2.81329	4.82716	49.17122	93.32197	3.99082	28.38159	26.22761	32.47491	13.04567	24.2423	7.13664	5.9949	19.32678	16.13083	15.11731	16.40526	18.30033	26.49129	14.2203	9.47168	11.85012	11.32515	24.13024	14.80808	3.57022	14.5402	4.28225	16.76145	8.70342	9.89758	4.45485	11.87427	6.74445	6.88907	7.75558	2.18676	7.26409	3.70155	6.48726	6.41643	18.42324	23.6556	10.14984	27.39642	36.91816	14.87364	7.0396	8.39286	71.03847	56.80291	52.14865	5.88555	6.9552	84.77273	72.21744	41.85605	13.8144	12.56702	6.85676	9.15464	10.63565	2.28036	18.54901	10.36638	15.10381	19.77433	2.58922	6.77256	14.5798	9.42337	19.32379	19.76702	31.51013	20.84796	13.26797	9.61709	39.23707	38.56313	34.8714	15.86205	12.50307	12.60056	11.07432	8.37116	3.45515	66.40535	36.06041	26.04252	61.52558	15.36192	8.39685	11.86182	4.19165	6.62815	1.65175	3.32179	9.03028	3.14874	35.51156	7.70313	19.72287	1.06278	4.45581	14.6149	15.41401	10.16209	63.92319	74.1566	9.73191	5.10286	26.49787	6.47849	10.97771	11.79643	2.99647	12.39581	19.70484	3.22297
GH43_33	27.23361	18.77989	25.32946	15.13578	22.94455	1.81765	1.4328	15.69205	2.57541	6.93426	9.84982	7.34546	13.14931	20.97839	11.45717	9.86044	16.92271	2.67961	26.63496	9.06742	52.98706	10.60267	3.91349	37.09736	11.93985	19.86567	6.2987	13.13772	7.41758	3.09779	1.85452	2.3087	63.91889	53.47557	20.07336	21.62669	20.50719	41.81408	12.8678	7.17367	40.21253	37.64466	15.82189	16.14588	7.18606	5.62116	15.18924	1.72012	43.28426	18.24797	37.96354	49.96413	6.78303	9.97515	14.60478	20.56839	29.68036	7.99901	2.51329	0.13069	15.56702	7.72127	2.44228	2.17864	4.41696	6.03516	1.07485	3.91218	2.42392	2.67293	2.41623	2.22547	13.28358	14.07208	10.39302	10.33557	9.77845	8.37193	14.62767	12.8354	7.25656	9.89061	3.23575	2.91311	8.91774	7.37424	10.18045	11.42237	8.70954	8.77387	3.73737	10.89038	6.55453	9.60641	7.69768	5.67433	4.68246	10.71892	4.18616	3.32444	6.86251	3.28677	6.09215	4.37241	4.892	5.74987	7.09497	10.13829	4.75972	13.48902	15.275	9.547	5.88862	7.76928	2.1143	18.40306	13.97866	5.73768	9.58413	21.4266	19.34039	12.18464	9.07137	9.39848	10.16224	7.06768	3.35199	1.92842	10.62918	11.72439	14.17693	7.45695	1.71289	4.45695	3.99849	4.52483	9.93768	10.72524	26.85252	19.35306	4.15121	3.27202	10.57703	11.45269	8.33525	6.98154	8.72999	10.20889	8.67766	2.83472	0.63335	30.10287	12.75936	6.70415	26.18908	6.74992	1.10667	1.65274	0.83947	1.77143	1.72813	1.04858	5.23617	2.82749	30.18802	7.51205	17.50521	1.97542	2.78554	5.97567	11.14918	6.11501	43.80039	43.24833	5.60546	5.22816	6.56744	3.72752	12.35253	9.22022	2.26217	6.87704	13.50453	2.96819
GH43_34	85.67499	75.65212	92.6561	15.34529	21.05892	63.86785	32.13468	26.07812	24.07476	136.065	36.54065	21.53924	41.95429	36.39932	30.99754	35.49084	44.53823	6.98251	97.31115	90.30324	89.226	13.7551	36.48623	43.37121	73.23019	28.80401	27.84947	54.70314	17.14548	11.73727	60.63634	58.75433	135.13938	116.67975	77.82528	84.28769	112.73545	122.52283	70.91533	49.48214	66.75406	60.92841	40.10845	42.74037	48.10642	15.44767	28.12708	42.56619	175.88161	84.54518	151.27145	157.62196	20.28616	24.97146	181.64292	120.66246	81.65983	34.12811	12.45557	12.50971	80.14269	59.54611	14.80574	16.06478	15.95723	16.95306	23.60083	14.25867	38.41558	69.53864	20.15572	20.3014	71.64915	92.9506	31.87196	92.73075	39.94266	27.30675	42.23291	32.65309	32.99573	37.74148	31.2453	48.2508	28.9082	15.44449	36.33561	23.20368	52.82055	25.59266	6.47261	36.26363	7.96237	25.30972	20.85083	21.99001	14.92966	22.72627	35.81652	45.26684	35.53265	26.56752	77.32601	71.05167	50.28754	46.97923	45.33827	54.85185	21.45118	59.93797	74.37325	125.73221	21.0925	24.34997	99.92622	65.10807	66.2033	36.45234	40.46727	87.16787	64.41095	52.95152	24.56647	25.48461	15.16994	19.31893	29.87343	8.60079	19.22068	67.70791	24.69878	113.32987	10.50828	10.77659	71.83609	107.79542	51.58308	51.43643	35.07247	32.21119	26.63952	23.39322	49.01289	66.49416	60.64735	42.90453	26.02133	24.9305	31.62793	37.56071	60.48066	101.90744	74.40246	74.10258	98.43576	30.81351	18.18467	26.24879	12.17241	18.6283	20.54689	75.7733	99.77554	24.07854	81.08177	34.49706	47.50087	10.65418	66.91316	132.02875	52.27597	50.63127	89.5012	131.46656	91.96881	86.3125	71.94098	92.69671	60.90669	54.66395	91.48722	46.49524	85.48287	19.70348
GH43_35	142.16732	46.16769	73.74009	150.5185	181.53128	31.3856	40.58509	110.88526	78.77218	33.99026	65.15588	93.11497	68.32472	102.05343	91.38306	103.49693	127.54061	53.52634	114.41181	107.30913	78.0228	133.88623	151.79057	76.69198	133.17439	85.58788	114.12229	133.37836	29.71581	27.78927	65.57442	76.54514	84.54895	88.61389	85.46907	80.14531	81.21572	78.43489	67.08825	71.05833	105.92283	107.66303	132.0595	102.22136	82.51584	77.01391	49.78697	108.26447	71.53455	146.9517	104.9015	82.0922	38.36341	27.45754	46.84321	43.71811	76.01731	79.11912	89.62114	121.56084	124.03688	106.38829	73.21491	72.71685	58.33302	76.09643	81.61265	83.51713	16.28063	43.30894	127.99437	81.65749	42.92423	27.30192	62.57187	43.41631	55.09147	55.78216	76.07082	112.91666	124.37839	112.45896	88.34072	105.75317	96.8369	94.03011	79.59746	58.84023	146.34669	39.56778	90.33127	48.63134	83.93856	67.66831	36.1896	43.41883	115.92359	119.40267	82.94974	89.52233	94.5141	62.28347	16.85291	29.46043	61.76616	52.84167	58.90762	125.52384	60.69452	77.12811	85.95743	20.77657	87.16294	55.39884	104.23183	145.21183	104.19689	66.02276	49.7778	91.18135	100.83743	55.84214	93.74235	39.53445	40.49835	73.56453	121.02584	114.3096	61.84373	57.21656	80.66623	25.39983	117.47914	72.9682	67.0989	40.56368	58.61167	60.66932	90.7003	98.41342	74.75232	96.44024	78.4268	90.47496	95.13824	74.88002	70.75872	58.95489	76.00047	74.71042	39.05361	89.21943	67.01154	67.20346	79.94768	58.02756	59.92551	91.57293	85.41463	81.54369	38.03346	51.74644	40.67071	45.93942	60.7634	83.80506	114.08626	91.4245	34.5267	13.38112	69.41013	95.22668	88.25298	109.64232	58.30983	18.64146	86.64123	26.83601	66.93698	82.23448	67.70614	89.99832	72.33238	48.18596
GH43_37	2.46464	0.64471	0.90362	2.12918	2.12432	0.32732	1.23181	0.93685	1.43449	1.59506	0.94845	0.20484	0.50205	0.15547	1.04942	1.66236	0.19855	1.04625	4.862	2.6838	NA	1.2856	3.41773	0.59642	4.63677	1.29911	0.51723	2.0925	0.13946	0.19196	4.90713	4.76067	0.38608	0.18287	0.6114	0.7526	0.57624	1.42164	0.88917	2.25701	0.21668	1.11294	1.90832	1.21557	1.85193	1.4294	1.01252	1.95862	8.7125	3.09128	2.9614	3.486	0.06841	0.05126	3.48982	0.81318	2.88644	2.33925	1.7281	2.85638	1.65344	1.05962	3.54414	3.11737	0.47282	0.44916	2.30108	0.83097	3.85296	NA	1.25303	2.80528	2.22612	0.85096	1.30024	1.8591	3.06536	3.40977	0.88951	0.99278	1.94053	3.15537	2.21805	1.63663	1.62976	1.63148	0.59818	0.28145	1.51418	0.27693	0.558	0.77349	0.34255	0.59709	0.99997	0.95949	0.07851	0.04328	0.63666	0.63798	0.98986	0.25645	0.17578	1.42848	1.28059	1.98966	0.5898	3.47646	1.0274	4.04433	4.08361	1.84859	0.46525	0.52728	1.22283	1.25753	1.63849	0.05328	0.17293	1.84359	1.94934	1.1045	1.82287	3.48774	2.10469	0.43493	0.75708	1.48788	3.34755	1.36496	0.49748	1.35545	1.52128	0.61529	0.6413	0.44162	1.88786	1.31435	0.30696	0.17581	0.32358	0.94867	1.95035	6.96177	4.43246	0.99768	1.16452	1.08647	2.45044	0.40484	0.13119	1.48804	2.48307	5.1833	1.28213	1.34125	2.88108	2.43141	3.13117	2.65405	1.38831	1.63817	0.69819	1.9617	0.38333	1.25256	1.3099	1.80273	2.28349	0.61557	4.43977	3.63613	2.23825	2.59088	0.3601	0.13748	2.27447	0.33302	0.2781	0.20436	0.10571	1.67029	0.63392	0.33946
GH43_4	74.8851	63.9559	69.43134	67.04065	59.97541	94.44094	45.3828	32.42183	25.93504	99.51781	50.27126	42.25468	36.93472	36.44719	29.9002	44.69733	47.01616	64.08793	56.32727	121.96642	46.63965	46.75691	139.39104	22.76576	111.95506	45.1539	76.57716	81.09813	57.23858	40.15341	74.10413	88.44095	50.18174	45.12714	64.18415	65.89689	121.4469	68.21469	116.88922	83.15338	46.09632	46.41885	70.85528	58.44162	90.22618	49.68706	59.82267	113.17125	77.66708	112.27128	112.05343	78.89802	55.18858	42.47789	104.68977	74.51713	60.00629	38.74586	79.94721	119.24981	99.20692	102.61296	58.82538	61.34327	45.39382	31.29267	57.53546	70.05801	8.6093	34.43689	83.90318	42.46273	82.1537	64.84572	51.58419	85.60655	43.06247	34.96982	83.02627	34.63576	28.60903	60.0898	79.9106	64.5182	54.86429	39.13863	68.19644	22.89716	103.84853	13.73725	5.89941	26.26887	4.22963	28.76733	20.81391	32.64001	29.87046	19.5525	30.49391	51.07611	35.65619	30.59892	81.10648	72.51393	55.74908	51.49509	66.19542	110.75575	39.88391	21.88356	21.30133	124.22969	44.98847	14.76475	58.25462	29.61072	32.31081	53.87948	19.21313	27.51237	27.8121	35.97251	32.69971	26.52883	27.66007	15.15158	50.18401	24.40847	24.98733	70.58674	26.96419	121.54865	9.58854	13.35311	113.14316	126.5701	60.17614	61.51463	24.52465	17.61761	19.37985	19.69949	42.75629	61.16259	37.80284	63.13013	48.06066	30.87844	61.39311	54.49772	96.1093	80.75479	62.11855	76.05231	78.43553	33.93359	24.3831	20.18457	31.02224	37.41111	12.67974	101.0223	123.44984	27.6768	34.81791	20.53792	27.971	30.2227	83.55667	132.6703	90.31738	106.65702	25.51715	29.93556	111.08722	92.95232	119.53795	102.93452	21.50902	22.66486	125.52147	50.71645	39.5652	33.75324
GH43_5	0.45823	12.93323	NA	2.25269	0.60675	75.5093	35.89144	0.08382	4.62873	0.36823	1.25551	0.48439	0.38695	0.79302	0.30105	0.75944	0.3718	0.11372	NA	0.03092	0.22323	1.15018	11.13693	0.10796	13.78901	0.08705	9.40519	14.25191	29.87424	23.52134	52.12426	60.132	NA	NA	0.0433	0.06901	NA	NA	5.83596	4.23377	0.2451	0.55293	0.05064	0.05707	0.93508	0.3168	0.22941	0.40202	NA	0.01848	NA	NA	33.27879	23.57536	0.02488	NA	2.51509	1.72019	NA	0.02856	NA	0.04246	0.05326	0.05402	0.05854	0.08811	0.05199	0.03226	0.28345	7.09943	1.42215	0.29964	16.05408	18.57449	0.4983	21.91393	16.10059	4.86106	0.41459	1.08825	0.115	1.59141	0.91701	0.95442	0.12325	0.03515	4.55334	1.23129	0.08578	2.74269	1.62065	4.44804	0.63217	0.05075	0.31571	0.23133	0.19905	0.51185	4.84956	25.74371	14.13304	13.74161	70.07574	66.95072	38.66638	41.95067	0.63585	0.13758	0.95522	NA	0.0443	111.06848	4.77601	2.27716	2.53418	NA	NA	4.03154	13.07182	NA	NA	NA	NA	NA	0.02254	0.16037	0.67149	0.45837	2.21825	1.03243	1.47102	91.0637	2.30097	4.25091	60.61352	101.05782	25.04497	24.09192	0.49197	0.24704	8.35575	6.98068	1.05119	0.01233	NA	0.41781	0.29157	0.22923	1.17923	33.58783	70.12529	0.03628	0.07655	0.09672	0.01285	0.29182	6.93756	4.9649	2.41728	16.26498	3.22129	72.92364	89.40447	18.86665	0.34931	0.46943	0.32563	0.21866	65.89854	115.42142	3.9473	6.07559	0.71547	9.34731	83.14714	76.26822	4.76562	89.93036	0.35915	0.37494	111.01467	0.2846	1.13364	0.06688
GH43_7	5.25871	0.21662	1.17705	0.34418	0.3654	74.96513	33.59899	1.02538	3.97371	8.30137	6.99066	2.63306	12.05784	3.73964	7.35625	6.38153	10.16858	0.85457	7.37816	0.78524	0.55146	0.25142	2.8533	1.07789	9.72532	0.66377	1.67139	3.8993	28.61279	23.75576	14.39465	22.64483	1.27307	1.58374	12.66432	11.66076	1.75829	2.73112	3.84305	3.51732	5.25818	6.77502	2.36684	1.53716	2.37203	0.39108	0.09141	0.60118	NA	0.03683	NA	NA	35.00537	26.09489	2.88589	3.91446	NA	NA	NA	NA	2.91611	0.8129	NA	NA	1.47444	1.80779	0.10026	0.77013	NA	NA	0.48447	0.04511	0.1755	0.10792	21.99061	35.20202	21.11354	9.2698	3.45239	2.34673	0.04548	0.52026	5.81293	6.7264	7.88574	1.23875	6.74102	5.5085	0.21701	0.81829	1.51699	2.62234	0.71905	5.59115	NA	NA	0.90064	0.95611	3.19194	22.14295	9.38917	7.0476	81.89384	82.32608	48.17078	46.4732	0.0181	1.00507	NA	NA	NA	63.41423	0.97273	2.47913	11.69622	20.13115	15.79583	0.64976	1.42154	22.9757	19.85672	1.81403	0.69764	0.28473	0.28976	NA	NA	NA	NA	4.23428	9.92402	46.16289	0.72789	2.2399	61.55032	101.5339	23.90419	24.45168	2.74146	4.7716	1.96831	3.20143	NA	0.02765	NA	3.96532	3.05649	4.48833	1.93476	31.89544	68.83323	37.4272	10.16464	8.16091	34.15101	NA	7.47881	5.05053	2.13132	19.41686	3.0799	95.11071	118.94773	20.34815	23.85033	0.90649	8.60619	0.47558	35.19259	64.65575	4.52116	5.90613	5.08199	10.09671	68.43721	62.07692	2.69001	80.26133	0.14869	NA	98.85186	0.05439	NA	0.48992
GH43_8	7.53513	5.80306	7.22225	0.79323	1.65848	2.46672	0.48992	1.96343	4.96948	71.73762	7.22808	7.32523	7.69099	10.88756	2.40621	3.74157	4.89613	1.28784	10.2376	4.78552	3.96976	1.21706	1.05905	1.50159	1.55616	0.7394	2.63466	1.77845	4.37025	1.40264	3.31461	1.97584	7.04797	5.64895	10.75753	10.26728	4.26102	10.85709	20.12798	9.02474	7.6586	6.83511	17.44128	15.39359	6.92735	1.88718	5.36428	3.72229	28.06842	15.00098	27.7642	11.29176	1.65931	5.62965	8.09694	10.53169	14.08113	5.67573	NA	NA	3.82934	4.18111	NA	0.00811	1.46967	2.5809	9.98664	1.84656	0.05531	NA	0.25888	NA	3.50509	4.66152	6.77364	11.30274	2.63504	3.18183	14.00761	10.92271	2.27969	3.76102	1.09869	0.80744	7.52437	2.40915	2.66156	3.00135	28.57872	6.60292	0.51381	6.28318	0.94238	8.3783	0.53202	0.70633	2.59278	4.71043	2.16377	2.71397	1.48896	1.36306	3.30056	2.24316	2.35355	2.29524	1.68313	3.66364	2.6202	15.87439	18.06076	13.68779	5.28648	6.26873	1.75725	0.04249	0.0058	8.05331	4.1017	1.60652	0.88535	22.86452	10.28497	11.1886	5.03715	4.87432	9.08452	0.4209	0.26184	3.93621	2.47197	11.00153	0.68717	2.02901	4.60995	2.81896	5.55317	5.4469	2.67436	3.18802	3.90401	3.69189	3.98886	14.44759	15.70264	15.59015	7.9814	7.19895	11.74854	3.93122	1.28858	14.09104	26.96869	15.19561	13.85324	1.64209	3.87255	5.42908	1.68845	2.7727	0.64171	4.71104	7.11659	1.03445	9.10663	12.27153	7.79632	0.48083	3.92966	13.11173	7.76593	5.99072	5.7138	6.47113	7.0723	2.72822	30.62405	2.44293	10.63695	7.55532	1.01131	11.93516	16.01326	1.94749
GH43_9	8.91445	52.02459	64.98106	3.97783	2.54197	1.36512	2.61262	12.01804	12.54791	103.44248	38.20354	34.0853	48.08845	22.56708	15.13933	17.64782	23.85788	2.50011	9.14643	7.97895	41.82431	4.47214	25.51635	5.58977	36.75321	6.66487	15.45064	28.36986	6.14708	1.52062	6.67911	3.75368	23.34368	17.92567	25.3706	28.4142	40.47007	36.76132	46.80337	32.21585	16.2954	15.65054	2.3812	2.15401	24.41143	4.14002	5.25573	27.12386	42.72514	23.49318	49.37819	19.23881	4.57846	3.53132	93.71907	55.14643	20.00305	5.69848	0.19714	0.10934	41.61909	24.19544	0.04671	0.1526	5.70021	6.18211	0.7941	6.81993	NA	3.69299	19.34537	0.28872	50.60021	71.58756	10.49801	34.45285	6.84739	4.75716	22.34241	11.3976	12.81149	17.84793	24.66604	8.82275	11.06355	3.85522	15.99739	7.66594	43.47191	11.55951	1.44936	16.67673	2.5951	7.73836	7.31394	8.08878	2.95093	7.12584	10.20759	8.3969	12.91085	1.67147	6.23383	5.33082	6.34116	3.73141	21.74426	3.78664	3.45479	0.8115	0.47743	17.63838	10.37578	12.64961	21.23503	0.2605	0.27001	20.78772	18.26318	0.27958	0.22794	26.1869	14.25415	12.96908	5.15249	8.03468	15.14788	0.23922	0.37299	35.29367	7.27376	24.73294	1.33711	1.35288	18.56655	8.95405	21.85434	21.78381	6.99714	6.04532	3.32362	3.08399	5.53707	0.17251	0.57666	29.06064	12.33583	10.27012	19.19407	6.13774	1.59444	16.96485	25.61415	25.87586	16.80992	18.58828	19.64414	26.35093	6.37746	14.49655	2.29431	6.01178	10.63281	3.73005	29.81699	14.52133	16.89397	1.18723	9.64555	22.95551	25.62025	29.95116	8.06202	11.73638	25.97621	18.35904	56.25866	9.1269	9.85324	7.6746	6.79565	17.27991	15.51944	10.82887
GH44	20.55165	4.66767	0.11498	3.01261	3.66182	2.61875	3.81155	2.97548	0.23245	0.94278	7.36996	4.71388	2.26458	2.77864	6.21587	4.83457	3.39951	0.65271	11.49839	0.1295	0.3959	2.85222	30.3551	0.30609	28.08602	0.12783	6.21255	32.0331	0.77989	0.67815	5.62554	5.87693	10.69973	15.67558	1.29781	1.64242	8.47993	20.80712	0.23068	1.11839	2.47417	1.35722	9.14036	8.51136	2.00663	0.60211	1.13136	1.56692	0.50694	3.94322	0.88884	0.80811	1.72003	0.63521	3.57204	0.44426	2.8846	12.63308	0.00774	NA	2.27311	3.51453	3.22492	3.45034	4.95944	4.61987	2.42047	5.03913	NA	NA	13.11703	0.00998	3.52454	1.37556	21.49032	3.18194	4.55829	2.87457	10.78483	6.54486	0.03036	1.61957	2.9607	3.21834	2.85062	1.52985	4.38784	2.07317	13.60826	2.61289	1.36704	0.61818	0.19003	1.42536	0.65874	0.75307	1.16901	0.55628	6.99884	10.75336	7.96027	7.03007	NA	0.02414	NA	NA	0.77315	1.80333	7.85199	27.18568	18.96325	5.35502	NA	0.15133	1.64958	NA	0.01393	NA	0.07976	0.02382	NA	1.0943	1.2616	1.5625	4.97668	2.0913	1.16975	1.13554	NA	4.89607	5.52717	6.23437	1.27826	0.86419	3.63154	7.5046	6.00407	5.56961	1.53319	2.97426	1.72312	1.42663	5.23955	1.30665	17.91922	1.75622	1.48153	1.58388	1.62381	2.12276	1.55069	0.95407	3.00373	0.41211	0.84154	0.20884	0.35802	3.73409	5.59762	5.23323	0.42267	0.95251	1.42114	1.43816	3.98549	3.99539	5.4216	2.41113	1.4731	0.94773	2.6108	1.49568	0.0563	0.07213	3.29966	NA	13.54828	1.91986	3.43543	2.58694	9.04489	2.06524	11.75479	1.314
GH46	NA	NA	NA	NA	NA	NA	NA	NA	NA	NA	NA	NA	NA	0.07585	0.29777	0.21075	0.2521	NA	NA	NA	NA	NA	1.08327	NA	0.46153	0.02767	4.5853	NA	NA	NA	NA	NA	8.07289	4.32488	1.62618	1.42605	0.69311	4.19083	NA	NA	1.49325	6.55587	NA	NA	NA	0.7376	0.11887	NA	NA	NA	NA	NA	NA	NA	NA	NA	NA	NA	NA	NA	NA	NA	NA	NA	NA	NA	NA	NA	NA	NA	NA	NA	NA	NA	NA	NA	NA	NA	0.30441	0.08744	NA	NA	NA	NA	NA	NA	NA	NA	1.60771	1.5679	0.04402	6.88429	0.13569	NA	0.07777	NA	NA	NA	NA	NA	NA	NA	0.0302	0.13484	0.09818	0.03309	NA	NA	NA	NA	NA	0.34048	1.35816	1.7854	NA	NA	NA	1.57721	0.83566	NA	NA	NA	NA	NA	NA	NA	NA	NA	1.13507	NA	NA	0.07927	0.07954	0.07389	0.25378	0.30313	0.33552	0.32261	NA	0.03269	0.27771	0.11348	NA	NA	NA	NA	0.32134	0.19784	NA	NA	NA	NA	NA	NA	NA	1.11863	0.039	NA	NA	0.07167	0.07991	1.07701	NA	NA	0.10702	0.8424	0.02542	NA	0.05145	0.12533	NA	NA	0.10662	0.40455	NA	NA	NA	NA	NA	NA	0.04371	NA	NA	NA
GH47	NA	NA	NA	NA	0.17629	NA	NA	NA	1.5631	NA	NA	NA	0.04967	NA	0.09978	NA	NA	NA	NA	0.06509	0.28207	NA	1.4109	NA	0.27979	0.04898	1.33467	1.67836	1.71668	4.52205	NA	NA	0.07934	0.11525	0.30888	0.482	NA	NA	NA	NA	0.06808	0.0213	NA	NA	NA	0.18931	NA	NA	NA	NA	NA	NA	0.42834	2.03524	NA	0.1031	0.14695	NA	NA	NA	NA	0.25248	NA	NA	0.11869	NA	NA	NA	NA	NA	NA	NA	NA	NA	NA	NA	NA	NA	NA	NA	NA	NA	2.14169	1.24821	NA	0.07283	NA	NA	NA	NA	NA	NA	NA	0.01556	NA	0.0974	NA	NA	0.03396	NA	0.3104	NA	NA	NA	NA	NA	NA	NA	0.37987	NA	NA	0.09328	NA	0.29818	1.04433	NA	0.01861	0.05507	0.04469	0.13718	0.15101	NA	NA	0.11039	NA	NA	NA	NA	0.04955	NA	NA	NA	0.53774	2.82715	3.3405	0.45654	3.1024	3.24513	NA	NA	6.23082	4.45682	0.04996	NA	NA	0.04755	0.03436	0.21404	0.31837	NA	NA	0.0535	NA	NA	0.01795	NA	3.72407	3.82609	1.80077	2.58865	0.05699	0.16527	NA	0.75988	0.20677	0.04292	NA	NA	0.11796	NA	NA	NA	NA	NA	NA	NA	NA	NA	NA	0.01678	NA	NA	0.02321	NA
GH48	11.45139	1.1562	0.02657	6.14901	8.0547	1.36181	0.88896	5.46077	1.60556	1.68428	8.11246	4.89082	2.85963	2.20232	3.36853	4.54237	2.59653	2.02281	4.76196	2.2346	1.04627	5.58068	11.83172	0.45932	5.82237	0.86213	4.37546	4.09525	2.71504	2.72813	10.83643	10.31248	2.5773	4.31521	2.68578	2.62163	5.99264	7.65073	1.05055	0.36446	1.96801	2.13549	4.40632	6.68908	2.30004	3.84311	1.45844	0.84401	0.04742	0.09377	0.01431	0.20288	5.45117	6.39097	NA	NA	0.4919	2.03561	0.58055	0.03269	0.01486	NA	6.45454	5.78659	3.98382	4.56315	6.67905	4.58908	NA	NA	1.22946	4.52588	4.65129	0.20103	12.61621	7.8344	8.18957	5.87184	3.80029	4.14329	NA	2.21402	4.87449	7.18086	8.86871	4.27526	3.02208	1.6655	6.06361	3.06315	1.7403	1.39029	0.46031	1.15845	0.99224	1.41389	1.40984	0.91513	0.60976	1.90268	0.28834	2.59071	4.80674	4.08831	4.57564	1.60918	2.01247	2.09717	0.70244	8.35188	6.42871	2.99771	3.81222	3.62154	2.88197	0.33981	0.40901	5.50793	4.86856	0.06939	0.10694	0.56577	0.89661	1.81692	5.73057	0.14813	2.75845	3.14893	0.02581	3.4446	3.69515	10.04693	3.04179	1.84559	3.90458	3.75331	4.57898	4.95311	0.82046	0.58478	3.17256	2.63422	0.81561	0.04587	6.15238	1.2362	0.58165	0.22687	1.01988	2.3867	2.05577	3.07137	7.68531	1.18026	2.66754	11.04833	5.74027	12.83608	5.26655	3.65027	0.82244	8.86663	9.83042	2.86253	2.04223	2.729	3.06242	1.71163	1.32071	1.39744	0.52642	0.38522	4.87401	3.13199	1.44994	0.08849	15.24737	0.97154	2.10129	1.44737	2.61369	1.8763	3.65326	0.91554
GH49	1.63401	0.03238	0.09848	0.02107	0.01766	0.01025	NA	0.01877	1.46037	0.0081	0.00691	NA	0.0052	NA	NA	NA	NA	0.04469	1.67873	0.43653	0.05255	0.01773	0.01526	0.03357	NA	0.00912	NA	0.00835	0.2649	0.02237	NA	NA	1.29516	1.18483	NA	NA	0.91918	0.96397	0.02036	0.01918	NA	0.0175	NA	NA	0.03248	0.01934	0.02034	NA	0.99111	0.29478	0.34373	0.47485	0.37575	0.12513	0.06609	0.15359	NA	NA	0.00646	NA	0.18786	0.35697	NA	NA	NA	NA	NA	NA	NA	NA	0.02069	0.00657	0.00976	NA	0.95216	0.22406	0.28551	0.56898	0.31142	0.28834	0.01012	NA	NA	0.17412	0.62448	0.21858	NA	NA	0.30591	0.46189	NA	2.05719	0.13563	0.61841	NA	NA	NA	NA	NA	NA	NA	NA	0.01171	0.03718	0.05072	NA	NA	0.61382	NA	0.01359	0.02938	0.09035	NA	NA	0.09097	NA	0.01183	NA	NA	NA	NA	NA	NA	0.07333	NA	0.04145	1.50048	0.99135	1.94893	NA	0.01081	0.39498	1.54434	1.15447	0.01727	NA	0.0182	NA	0.01571	0.02191	4.55188	4.07515	NA	NA	NA	1.30846	1.54842	2.02246	1.2056	NA	NA	0.00337	NA	NA	NA	NA	0.02002	NA	NA	NA	NA	NA	NA	NA	NA	NA	NA	NA	0.14364	0.10337	0.04621	NA	NA	0.01224	NA	NA	NA	NA	0.08366	NA	NA	NA	NA	NA
GH5	1365.839	647.61349	741.735	1495.1899	1688.95395	2147.16852	1227.48429	1109.3757	525.99293	585.66553	1208.94483	1494.95837	1048.22907	954.36588	1019.6001	950.81756	1212.5524	784.472	1461.4324	662.37834	934.89362	1326.02402	1883.78156	899.50817	1738.62443	644.91527	1271.02762	1758.73602	1220.08701	1042.38635	2107.47913	3135.28164	1784.72305	1748.08353	1080.30087	993.07256	891.14291	1682.20156	727.77376	791.50007	1376.25825	1298.72007	1161.76916	847.47004	651.22515	648.27746	447.3674	608.40734	1268.61723	1262.3073	1392.95652	1640.37641	1139.59346	1000.29672	1006.02355	780.01298	1475.72524	980.89658	829.7726	731.39909	921.83196	610.74651	1264.95112	1296.18445	1057.76337	1033.40005	1281.88343	1175.11734	336.29139	662.933	827.45711	874.25931	1119.00152	556.24187	1266.70431	1375.09404	1179.59076	957.93403	1250.7477	908.76208	449.29957	925.44269	1692.83713	1497.65232	861.8177	1319.16285	1190.36876	673.15262	1155.64456	643.74257	630.55297	515.3634	658.49529	1023.06029	482.92435	616.6765	509.75839	962.24463	603.64776	1838.93498	683.85283	1144.47419	1259.42887	1184.73203	1323.95344	1046.58815	913.8907	837.33679	718.96973	2137.33124	1971.98495	2557.15815	871.45812	597.88366	1736.76878	860.00403	731.01299	685.0992	872.13942	967.10981	784.63771	858.56941	1018.87935	637.36466	899.69233	450.54244	996.92182	1122.39933	570.46821	598.57209	796.84216	2291.9637	556.94796	499.86016	2325.05496	2930.70865	1452.97209	1452.23825	1083.31506	880.52129	711.7609	795.93634	909.15137	1392.58333	1920.87248	618.96705	566.65568	531.14279	619.20187	1501.62882	1889.50629	1305.71351	1025.12881	700.58538	1234.34745	1539.05041	1084.05287	1264.77159	1179.94469	759.93286	421.72123	1356.5666	1496.84539	936.69672	896.74659	733.83388	951.85717	550.49317	1475.03663	2418.74307	794.32564	935.64764	1982.888	2595.42285	2277.26605	1758.27033	982.03387	2248.36507	567.39105	507.84272	3137.32168	746.76541	975.68209	917.7253
GH50	18.27062	15.40916	21.74245	4.07368	3.43418	2.11998	5.77434	4.81915	8.71834	37.32524	17.09602	9.7516	17.13607	17.02467	27.64974	26.14716	38.42832	4.72931	25.90317	23.21726	12.27263	3.99261	12.04568	22.74395	35.80109	11.23565	7.4334	11.00199	7.1633	7.69643	6.2116	6.75409	10.88985	7.95653	34.80454	35.14837	40.34342	32.16995	19.02696	15.71254	29.23068	27.05336	50.6219	60.29859	23.59311	14.37493	18.93317	8.65457	22.1404	8.74627	10.47347	27.15492	5.85583	5.39057	30.88102	28.04913	19.98624	18.92526	2.31933	1.70371	15.39274	15.24057	4.11068	3.85442	7.46057	6.90446	31.8349	4.97824	8.40973	16.16036	5.85168	13.02839	9.47157	6.97918	15.72771	21.73097	6.86496	5.43222	7.3586	8.4781	7.99878	10.95271	8.0489	5.18525	18.19502	5.60968	10.72351	11.1657	15.01018	6.75602	7.57783	11.96859	11.6946	20.16254	33.13145	26.3339	4.98544	12.59485	12.57242	9.24773	13.16596	9.18961	2.21986	2.04484	6.37867	4.40158	17.72865	14.47985	11.2051	67.00163	67.58049	6.69733	6.33984	9.25423	8.5076	55.45359	59.40057	7.88769	7.46073	80.90593	58.89894	24.59327	16.14753	23.61241	23.30696	7.32601	8.71845	9.21919	29.21125	15.0182	11.17369	5.14	4.09594	2.8002	18.10434	6.44524	13.776	14.74364	20.03318	12.17174	6.17484	4.12568	21.76801	61.812	62.22516	16.26023	22.45853	20.24743	17.89747	8.25769	2.34126	4.46095	3.41433	3.91462	3.60688	24.4606	5.05444	12.30863	3.54179	8.24285	4.24359	4.96935	10.03789	8.31085	7.541	8.1838	6.70898	2.1224	3.97171	7.22316	22.92783	19.47179	20.91805	34.79587	7.74659	5.70334	15.62185	4.55544	20.8902	21.49823	11.10322	14.25726	16.81884	4.11312
GH51	536.64383	436.98242	696.99914	391.4552	442.21102	638.85538	420.97561	301.47761	262.49995	627.82751	368.86448	329.64106	322.87282	488.06665	383.98147	446.94713	494.31842	441.02897	517.16868	627.16644	573.57956	328.66024	552.07479	431.24079	554.01886	472.92495	470.85081	491.16554	374.8468	314.11231	621.22463	584.4874	538.7566	508.73642	481.55218	493.05335	703.90892	560.74229	608.18262	506.99643	490.67826	502.09968	518.02078	534.3123	501.45141	358.44643	344.35812	606.67725	535.11127	719.43295	656.60249	603.2506	342.81936	332.81025	706.29973	552.32609	400.48934	371.14119	539.16717	643.9696	616.43934	615.79491	449.15362	451.99235	281.00619	313.34036	469.97757	349.94729	196.27777	337.64956	570.92469	361.72241	508.71057	496.481	454.16799	522.70687	398.74785	350.13414	384.88579	282.71454	380.00281	451.23554	413.82513	438.63335	358.09228	351.6267	345.69562	265.25859	572.46315	237.66988	234.06125	231.68801	198.40736	275.782	252.22597	286.49323	299.7346	283.71446	272.556	403.46182	349.26733	313.25798	526.21561	540.3126	439.35717	430.57089	421.36399	554.38386	353.43861	496.06786	431.16745	845.92534	387.83463	206.26267	477.50405	636.06638	571.20059	330.67375	360.06887	647.90366	618.92503	335.0965	290.68788	312.41408	284.04909	215.05114	385.65186	326.55778	344.0261	418.5905	296.01207	760.20234	484.43776	286.82742	663.45284	860.60709	422.31278	440.09301	353.63477	332.88407	387.99527	414.84086	416.53784	585.32623	556.12782	379.09759	332.17802	291.51425	378.81321	431.53309	652.13012	580.83398	424.91236	552.92908	562.10752	308.83708	249.69371	252.5607	224.16897	266.15242	303.00827	677.33344	764.81646	387.21689	389.85798	329.89931	423.1492	396.2997	616.58062	865.57829	525.97007	565.23415	439.66871	519.33225	786.65059	668.38354	590.54285	744.30209	317.80184	349.05675	862.45925	432.99048	401.18083	276.83106
GH52	0.25277	0.35503	NA	NA	0.07942	0.04402	NA	NA	NA	0.10644	0.06236	0.06237	0.03899	0.12834	NA	NA	NA	0.1436	0.04891	0.0974	NA	NA	0.02808	NA	NA	NA	NA	NA	0.37477	1.33929	NA	NA	0.10064	0.19359	NA	NA	NA	0.0284	NA	NA	NA	0.0387	0.089	0.07638	0.01221	0.3627	0.19659	0.02604	NA	NA	NA	NA	0.37999	0.98805	0.10317	0.10403	0.24986	0.10706	NA	NA	NA	NA	0.46156	0.43373	NA	NA	NA	NA	NA	NA	0.22481	0.18224	0.08747	0.08179	NA	NA	NA	NA	0.08109	NA	NA	NA	0.04185	0.06034	0.10918	0.45037	NA	0.2574	NA	NA	NA	0.11242	0.12487	0.63634	0.09143	0.2555	0.03686	0.01853	0.02944	0.25984	0.18028	0.71637	0.18129	NA	0.26495	0.70323	NA	NA	0.2892	0.22145	0.10154	0.10736	0.04102	NA	0.1742	NA	NA	0.02583	NA	NA	NA	NA	0.12891	0.05325	0.07458	NA	0.1943	0.13397	0.16946	NA	NA	NA	0.15363	0.06887	0.01989	0.08993	1.01735	0.31245	NA	NA	0.07079	0.20039	0.38616	NA	0.17498	NA	NA	NA	NA	0.18124	0.06059	0.00492	0.03512	0.02071	NA	NA	0.05596	0.02994	0.13121	0.14635	NA	NA	NA	0.0188	0.01459	NA	0.01905	NA	0.16444	NA	NA	NA	NA	0.07342	NA	NA	0.10555	NA	0.09495	0.16626	NA	NA	NA	NA
GH53	421.35458	134.69186	253.19149	452.14872	502.98779	338.374	275.71809	278.03489	169.72645	286.70021	202.73131	190.23396	136.39561	308.79997	173.43375	248.48798	318.7365	420.85218	312.21243	565.78843	239.92209	274.70165	449.01683	243.94722	350.02197	332.75152	297.57912	247.84116	139.3615	189.82279	290.67006	209.35365	300.75668	295.02722	211.96541	204.4281	314.24237	229.44824	403.46055	595.91576	203.96041	265.77746	372.74313	296.71261	324.17829	276.4748	171.01333	468.73736	437.84116	566.64258	430.43117	450.24815	174.52567	143.25303	225.91404	205.58911	369.94648	220.52514	420.5339	854.3404	365.79414	403.94458	200.67895	186.29355	229.84158	167.30115	518.15762	368.01042	53.50487	143.78901	475.27806	418.10821	285.28252	170.2996	248.07407	289.59958	272.46125	286.4439	466.32903	190.59273	149.05869	255.9291	262.19014	403.50454	234.48103	318.22331	226.08612	135.30754	782.94617	69.56273	110.55555	66.07382	70.5264	132.98295	154.98377	180.67479	109.41196	119.11002	149.30434	232.46159	232.03282	300.86131	206.42568	228.49829	201.33759	179.01087	264.11645	621.45278	253.6063	400.06576	300.47506	277.18998	337.59508	112.18009	321.96433	483.81986	400.8889	296.09957	145.37898	393.02344	425.99389	249.97941	198.70399	180.22523	203.49727	87.3933	284.61291	227.90589	152.61952	147.20106	150.85092	305.70882	303.64294	142.86309	317.26203	328.42637	173.09832	174.31191	154.31043	198.42262	239.72202	254.07219	298.61594	424.43114	400.76974	242.75323	223.89167	174.52551	288.03646	211.5976	415.20637	283.33498	251.76249	189.30255	261.18285	122.67648	139.52946	149.67602	141.55955	169.17662	88.33061	244.86721	289.63155	174.42113	155.50396	138.85365	289.69055	175.84495	342.68395	272.50878	455.51681	607.06891	311.53262	302.20753	320.1483	323.86684	414.03924	285.18503	124.07404	139.26332	435.6859	388.14253	234.60465	156.59181
GH54	NA	NA	NA	NA	NA	NA	NA	NA	NA	NA	NA	NA	NA	NA	NA	NA	NA	NA	NA	NA	NA	NA	NA	NA	NA	NA	NA	NA	NA	NA	NA	NA	NA	NA	NA	NA	NA	NA	NA	NA	NA	NA	NA	NA	NA	NA	NA	NA	NA	NA	NA	NA	NA	NA	NA	NA	NA	NA	NA	NA	NA	NA	NA	NA	NA	NA	NA	NA	NA	NA	NA	NA	NA	NA	NA	NA	NA	NA	NA	NA	NA	NA	NA	NA	NA	NA	NA	NA	NA	NA	NA	NA	NA	NA	NA	NA	NA	NA	NA	NA	NA	NA	NA	NA	NA	NA	NA	NA	NA	NA	NA	NA	2.80001	2.73649	NA	NA	NA	1.6799	0.43752	NA	NA	NA	NA	NA	NA	NA	NA	NA	NA	NA	NA	NA	NA	NA	NA	NA	NA	NA	NA	NA	NA	NA	NA	NA	NA	NA	NA	NA	NA	NA	NA	NA	NA	NA	NA	NA	NA	NA	NA	NA	NA	NA	NA	NA	NA	NA	NA	NA	NA	NA	NA	NA	NA	NA	NA	NA	NA	NA	NA	NA	NA	NA	NA	NA
GH55	76.71145	30.73484	54.60006	24.34562	50.24883	1.99041	3.23786	25.67545	5.1885	30.57309	18.17522	15.01823	25.06151	39.56761	26.151	29.20911	37.18284	2.15273	89.18362	34.38485	125.1614	23.43755	15.6635	107.38826	28.83074	62.34413	4.49745	25.3677	9.81061	5.45279	10.33253	5.55738	130.10631	112.48134	19.9975	22.0088	35.26763	85.01009	19.54248	15.39974	58.51419	54.03876	16.8719	16.88476	19.7284	16.60762	9.72443	18.33588	95.87339	57.44489	100.79573	172.33842	11.18509	10.35214	45.2865	54.69921	73.02146	19.31184	8.99382	7.82855	42.59339	15.6712	7.78461	7.6315	5.64113	4.42583	12.58991	3.68096	1.77644	4.74463	12.42932	1.10892	24.03631	34.75093	15.47098	8.39136	13.21665	8.6147	24.21428	26.36564	12.58031	13.4305	15.70546	50.43961	26.10565	27.40935	24.9482	17.10625	14.77873	18.96002	5.46784	16.35993	11.33546	14.94067	12.10261	11.56782	4.83153	12.53532	1.20974	5.26736	1.6016	3.35096	2.82882	6.15304	2.89723	4.41469	22.63211	24.68335	11.22627	24.32668	29.04808	11.25487	5.63793	9.70306	127.83095	42.79074	35.98316	5.71964	4.20841	59.48851	43.85667	25.8475	9.54884	16.37689	6.09283	8.34499	6.74844	4.24313	17.69795	12.79625	27.7316	10.9975	4.89467	6.78857	8.70482	10.61239	18.99693	19.52931	36.70308	30.54989	13.34883	7.53703	27.86581	22.95832	14.39338	14.05364	13.34627	14.3658	13.93293	8.53806	3.10781	77.83367	27.83181	23.11499	69.81411	7.46355	3.69729	4.16557	3.32969	3.15772	7.63527	8.52484	13.96174	13.58789	94.07572	12.28691	48.46723	13.50346	17.68479	13.40153	30.16892	16.18371	118.18702	115.29214	10.89837	8.03982	11.23249	15.44036	11.01627	13.13113	6.16702	14.30987	13.9931	2.84713
GH56	0.12773	NA	NA	NA	NA	NA	NA	NA	NA	NA	2.9329	2.84202	0.99053	NA	NA	NA	NA	0.56785	NA	NA	NA	NA	NA	NA	NA	NA	0.06368	NA	NA	NA	3.10026	3.31553	NA	NA	0.03458	NA	NA	NA	NA	NA	NA	NA	NA	NA	NA	0.99937	1.30025	NA	NA	NA	NA	NA	NA	NA	NA	NA	0.15988	NA	NA	NA	NA	NA	NA	NA	0.26538	1.72491	NA	1.66019	NA	NA	2.31863	0.08045	2.01178	0.28136	NA	NA	NA	NA	NA	NA	NA	NA	NA	NA	NA	0.37876	NA	NA	NA	NA	NA	NA	NA	0.22668	NA	0.22769	NA	NA	0.31654	1.25711	0.044	2.22801	NA	NA	NA	NA	NA	NA	0.47731	0.57798	5.99561	NA	NA	NA	NA	NA	NA	NA	0.19162	NA	NA	NA	NA	NA	0.05361	NA	1.47788	0.96443	0.22652	NA	0.3911	NA	NA	0.11043	NA	NA	NA	0.12536	NA	NA	NA	NA	NA	NA	NA	NA	NA	NA	NA	2.79775	0.19101	NA	NA	0.09239	0.14728	NA	NA	NA	0.15215	NA	0.10884	0.54416	NA	NA	0.12237	NA	NA	NA	NA	NA	NA	NA	1.38371	NA	NA	0.06264	NA	NA	NA	NA	NA	NA	NA	0.11795
GH57	81.00013	108.72608	95.13827	49.04142	69.95192	170.95524	87.35966	81.62932	100.01072	135.18651	76.52042	66.64072	106.69395	60.55713	43.87693	60.71087	56.8977	10.13944	99.1224	71.13859	122.25967	52.21268	46.48537	127.41245	90.22443	76.04828	53.6469	83.93395	115.33116	95.15913	84.70556	94.82173	149.19911	124.18569	91.70222	98.00721	106.12634	131.24744	83.18784	52.65042	100.43077	99.45524	59.41964	40.07615	43.92375	30.06566	52.61486	31.74313	150.02368	64.92412	122.62116	125.76657	113.95892	114.27403	115.61766	106.07598	103.41159	52.09081	12.21433	32.0536	59.51744	35.43162	64.81653	67.92614	188.16576	179.05373	51.83985	150.52704	51.85053	100.73124	34.61579	41.11293	88.17387	124.33591	102.21192	124.10325	46.21053	48.25181	46.78162	50.60312	57.34046	81.57434	110.28046	81.10056	48.74895	24.75104	57.13016	55.29293	61.35378	64.00181	23.88746	96.23402	81.2248	57.75018	75.76885	68.00028	90.84153	81.907	81.635	81.53757	82.16871	59.63097	185.48364	160.72461	103.05295	99.98065	81.38339	41.83113	32.11449	54.71117	76.49401	196.69774	33.03182	64.47532	137.98431	68.63193	73.44502	49.6455	66.63599	121.81708	91.87085	113.74236	103.94909	53.65292	50.42998	87.31111	51.33441	59.26238	39.91493	91.50811	80.07619	188.62017	42.06975	58.51118	156.93636	220.43616	126.38415	126.68547	107.84231	116.18289	70.26567	46.71755	59.67127	59.07996	62.97932	77.5257	48.08333	57.05403	67.37493	113.1545	141.85195	124.37759	107.31427	66.60302	119.83528	59.13673	71.11273	61.18861	54.7801	66.67482	75.12502	182.69955	213.88839	92.62684	117.55162	73.40177	69.86414	34.285	118.32172	218.94442	70.9186	52.77354	103.54218	115.14857	142.19692	128.5067	65.68	141.64516	71.07992	67.54364	164.37153	48.86433	85.15599	202.78542
GH58	NA	NA	NA	NA	NA	NA	NA	0.47006	NA	NA	NA	NA	NA	NA	NA	NA	NA	NA	NA	NA	NA	NA	NA	NA	NA	NA	NA	NA	NA	NA	NA	NA	NA	NA	NA	NA	NA	0.01668	0.18305	0.85793	NA	NA	NA	NA	NA	NA	NA	NA	NA	NA	NA	NA	NA	NA	NA	NA	NA	NA	NA	NA	NA	NA	NA	NA	NA	NA	NA	NA	NA	NA	NA	NA	NA	NA	1.799	0.18271	0.32542	2.83233	NA	0.03019	NA	NA	NA	NA	NA	NA	NA	NA	NA	0.37309	0.03982	0.9199	3.37926	NA	NA	NA	NA	NA	NA	NA	NA	NA	NA	NA	NA	NA	NA	NA	NA	NA	NA	NA	NA	NA	NA	NA	0.07042	NA	NA	0.05352	NA	NA	NA	NA	NA	NA	0.4259	NA	NA	NA	NA	NA	NA	NA	NA	NA	NA	NA	0.11789	0.02957	NA	NA	NA	NA	NA	NA	NA	NA	NA	NA	NA	NA	NA	NA	NA	NA	NA	NA	NA	NA	NA	NA	NA	NA	NA	NA	NA	NA	NA	NA	0.03806	0.22197	NA	NA	NA	NA	NA	NA	NA	NA	NA	NA	NA	NA
GH59	19.96094	3.01271	1.12827	12.12668	15.44548	9.35777	17.55304	10.68687	4.88738	4.45003	21.46056	19.58621	12.81506	6.79825	10.90205	13.33589	7.57163	15.65301	19.42216	1.68781	0.74757	11.06334	37.59924	3.27566	31.13953	2.30607	22.37085	37.92017	6.35307	4.61171	19.09007	33.72838	13.05983	18.91681	8.75389	8.46997	13.90273	31.2165	1.464	2.64615	16.29951	11.53373	10.60765	9.24176	8.60877	9.19948	5.09672	3.69527	0.41143	14.84714	17.13819	12.1589	8.59879	2.27614	7.08639	13.99182	11.56427	15.2919	5.77617	4.00342	5.40619	15.19422	28.84401	28.14595	9.43604	12.66498	22.54539	14.01195	2.89888	0.23929	3.16067	16.3494	12.08267	1.45191	24.5532	8.01186	8.69508	6.53025	21.14562	14.60511	11.5759	15.73881	49.44253	19.57227	14.82044	25.86096	12.83389	4.25695	15.4795	8.51779	5.77551	5.1116	11.69145	22.4882	3.42915	7.30454	2.12412	9.28956	13.53748	24.54184	16.41954	13.61945	3.75769	4.57656	12.77509	7.58082	12.70167	6.57894	10.98648	30.56208	26.50921	10.50875	13.29005	18.53773	13.04561	8.07161	5.69382	9.20306	10.71737	2.18944	2.65561	6.76395	15.30577	9.67654	12.22733	2.08834	11.39995	14.00839	5.90766	9.66196	9.81424	14.90767	4.94516	3.92865	17.23215	10.17382	16.17668	17.55138	6.72789	5.50958	6.59012	9.02882	9.24134	5.53228	26.63497	11.10911	7.28527	6.03693	9.94341	16.70246	5.84627	19.89709	20.93493	19.25989	19.04206	31.7498	16.87167	45.21694	26.34296	7.30682	2.38534	3.56532	3.96463	4.98433	8.98127	19.2286	16.17484	19.39557	5.82303	4.48864	3.69188	2.28324	46.52672	48.69213	8.37734	4.2601	15.33954	7.0439	5.81428	3.08312	27.56305	8.87391	19.03016	4.43729
GH5_1	18.34945	2.49646	NA	12.01631	12.06292	7.55022	7.94262	18.84122	3.66116	1.34975	24.23679	35.48034	23.10561	14.65416	28.66424	14.32217	14.41782	7.73732	22.52863	0.22829	0.0279	15.31807	34.24297	0.03831	20.09962	0.03121	15.10713	22.82347	2.61023	0.67633	16.16643	45.35673	6.9913	11.92656	5.60189	6.03549	9.574	17.07238	0.28962	0.55378	11.33957	8.40123	7.29903	6.54116	4.50301	10.84048	2.94085	3.2676	0.28443	2.68421	0.99074	0.51306	7.31163	5.33244	2.62356	0.1353	8.35043	9.46684	3.54572	1.70584	1.3052	1.81913	22.84532	23.49711	10.04684	14.71721	17.10141	10.48909	1.72637	0.02261	1.14877	15.82923	9.13919	0.43636	23.57811	6.72263	9.74721	10.21907	11.45624	11.02	1.45515	8.22482	23.66795	10.51867	9.22879	17.52893	8.97901	3.17527	19.59008	8.53414	2.89885	2.9193	6.84542	13.16841	5.62165	7.92907	8.0481	19.43778	7.98931	3.62949	1.1261	5.8204	1.95852	3.38865	16.37452	2.56914	14.25903	1.01039	7.81569	30.92467	21.57574	5.30076	2.66693	4.63561	6.09948	NA	NA	5.06634	2.28422	NA	NA	5.1897	19.69427	6.02418	10.16956	1.6305	17.23451	4.2762	0.93084	9.07117	9.65789	16.17312	3.90053	4.87276	7.04887	11.0473	11.93696	13.22264	12.6857	9.79374	4.7207	5.49155	5.36882	1.13973	23.06399	3.5844	3.36472	1.76893	2.69262	26.79294	3.2091	5.15111	10.20219	3.30346	3.63798	53.05967	7.60934	26.82916	14.74906	2.99826	1.50808	2.94707	3.40343	3.7965	7.71377	12.37078	12.97286	7.75677	1.43989	1.04484	1.86388	1.23383	19.13906	32.26237	6.18597	0.08532	16.64202	2.57277	1.62854	1.64061	11.17719	1.47626	10.57463	2.33132
GH5_12	NA	NA	NA	NA	NA	NA	0.11972	NA	NA	NA	NA	0.10915	0.02	NA	0.0319	NA	NA	NA	NA	NA	NA	NA	NA	NA	NA	NA	NA	NA	NA	NA	NA	NA	NA	NA	NA	NA	NA	NA	NA	NA	NA	NA	NA	NA	NA	NA	NA	NA	0.02964	NA	NA	NA	NA	NA	NA	0.06263	NA	NA	0.02485	NA	NA	0.68192	NA	NA	NA	NA	NA	NA	NA	NA	NA	NA	NA	NA	NA	NA	NA	NA	NA	NA	0.02919	NA	NA	NA	NA	NA	NA	NA	0.0398	NA	NA	NA	NA	0.03933	NA	NA	NA	NA	NA	NA	NA	NA	NA	NA	NA	NA	NA	NA	0.02499	NA	NA	NA	NA	NA	NA	NA	NA	NA	NA	NA	NA	NA	NA	0.06962	NA	NA	NA	NA	NA	NA	NA	NA	NA	NA	NA	NA	0.0525	NA	NA	NA	NA	NA	NA	NA	NA	NA	NA	0.20855	0.09248	NA	0.07224	0.04093	NA	0.05456	0.03262	NA	NA	NA	NA	NA	NA	NA	NA	NA	NA	NA	NA	NA	0.08306	NA	NA	NA	NA	NA	NA	NA	0.03361	NA	NA	NA	NA	NA	NA	NA
GH5_13	9.29565	18.06147	13.08464	4.01711	3.74213	0.57427	0.96916	6.9267	4.09281	14.60509	4.56925	2.12184	3.77253	3.91177	3.49004	3.44943	3.90759	0.8407	11.37776	13.47571	10.39617	4.02856	5.54678	13.47076	13.24671	8.27044	4.16184	7.16254	5.57954	4.15952	2.42851	1.40497	10.04211	6.33825	14.75976	14.26149	32.64195	18.988	5.49153	3.39969	11.09646	10.88185	22.64174	27.58607	6.25331	3.84774	5.78761	6.58613	40.19352	12.87929	19.376	25.57775	4.21051	4.16278	44.92381	16.53203	21.01581	9.55225	0.5141	1.03784	5.97245	9.70323	7.39016	6.00455	8.61726	13.15564	9.34308	9.48573	0.0499	0.09844	2.94821	1.04075	9.71196	10.14084	5.52789	19.54894	3.93753	2.02593	6.57149	4.67687	5.57748	8.61565	6.9092	3.67442	1.22844	1.94308	5.9452	6.34321	7.01755	3.34	2.64381	5.40748	5.84808	4.40867	6.19212	6.20418	2.54049	6.52459	12.46862	9.63372	8.55244	8.29302	3.60981	1.77848	3.78647	5.31307	6.3364	6.28376	8.18637	69.25691	74.50852	5.72936	1.36999	2.98984	6.0543	36.70781	39.74567	1.49419	1.77807	55.70022	38.80747	7.35777	5.50573	4.97566	2.59424	3.83868	7.30772	3.33015	15.29632	9.47877	4.00177	5.52542	2.51196	2.11842	13.59887	5.71636	10.66863	8.28405	10.38954	3.82437	5.729	5.42131	14.30844	60.56735	63.13184	4.02006	5.59456	3.36874	2.70757	2.86779	0.28522	1.70773	0.87572	1.51774	1.56221	9.78623	1.89005	4.11617	1.97865	6.70452	1.52905	2.65642	4.85652	4.9135	2.41001	4.14865	1.21652	1.11139	1.3517	5.69477	4.55344	5.44227	4.79224	4.18693	4.8443	4.15804	1.5561	3.98221	14.15031	15.18541	6.16746	11.78724	27.10087	2.50355
GH5_18	1.21212	0.174	3.29298	0.49808	0.43195	0.13645	NA	NA	0.10552	NA	NA	NA	NA	0.04602	0.11977	0.81713	0.0792	0.07534	0.43542	2.69849	0.41343	0.24341	0.18006	0.24332	0.0694	0.38458	0.30623	1.2248	NA	NA	0.19825	0.19342	1.56998	2.24112	NA	NA	13.06416	3.33095	NA	NA	NA	NA	0.01066	NA	0.15934	0.42321	0.02227	NA	NA	NA	0.00577	0.01718	NA	NA	0.82775	2.53289	NA	NA	NA	NA	1.34603	4.78023	NA	NA	NA	0.08398	0.02031	0.10762	0.2054	2.54854	0.17665	0.15711	0.06344	0.15604	NA	0.02222	0.17734	0.09592	0.08832	0.19445	4.51115	1.99147	NA	NA	0.60689	0.09213	0.11002	0.33616	NA	0.10547	0.14683	0.07975	NA	0.13366	NA	NA	10.70313	3.07997	NA	NA	NA	NA	NA	NA	NA	NA	NA	5.08615	0.03016	0.02815	NA	0.72729	NA	NA	NA	0.9423	0.49524	NA	NA	0.3016	0.11857	0.07108	0.07472	0.70574	0.06445	NA	1.05416	0.23232	1.6406	0.31097	0.17762	0.23051	NA	NA	0.23688	0.56316	0.72779	0.85357	3.61413	3.65296	NA	NA	0.03313	NA	NA	1.99815	0.8018	0.45829	2.1571	0.07689	0.04068	0.02129	NA	NA	0.0119	NA	0.04384	0.04443	0.03241	NA	0.02318	NA	0.01429	0.03444	1.27718	0.1348	0.96098	1.961	0.78125	0.16084	NA	NA	NA	NA	0.02072	NA	10.72488	NA	0.06547	0.0504	NA	NA	0.03648	NA
GH5_2	113.48304	78.10457	103.89682	172.71165	159.56823	204.31482	157.93244	138.30544	51.89896	64.87428	151.54849	182.40078	139.29934	119.74836	94.89575	103.70037	145.57017	139.11173	139.70352	90.98441	101.29058	179.36657	156.90233	103.05478	122.53099	105.00643	161.44711	137.93834	46.72832	72.4887	159.47728	239.35366	141.72707	131.692	83.78979	78.93854	87.71425	117.9079	85.05565	120.56951	95.09617	108.35407	180.43245	131.90614	103.2631	94.99403	58.77317	132.06119	106.56244	153.50644	139.16615	178.11886	78.18702	48.65778	91.22901	74.36565	166.10886	93.19671	120.10987	129.24315	105.40997	95.18118	101.30117	101.82943	74.50282	56.53164	124.83699	97.71779	22.99057	55.63363	124.91279	89.22369	150.36713	59.02066	113.40948	108.5066	101.29915	89.35021	170.65934	77.22559	68.11283	104.41388	165.46165	173.87862	71.39488	87.35284	150.54369	67.40477	116.29048	43.54943	44.01038	36.40631	39.90671	63.36129	71.54605	77.90422	42.99766	74.56643	61.94114	132.5105	65.81924	127.96438	58.0642	58.52345	96.50778	75.72491	105.67648	110.71035	76.4095	199.33051	203.0327	171.70288	93.11207	61.2652	161.39527	182.02164	135.54721	81.39517	63.18586	134.79127	144.68878	69.14039	106.54888	59.81521	109.89201	32.49153	126.44993	119.11534	59.20051	51.32012	73.98064	159.65599	110.82633	66.33791	174.12241	179.82881	133.15392	128.1028	79.86823	65.757	91.99825	102.17491	89.66599	153.46226	184.21059	96.50744	89.95778	72.90466	99.30172	195.40105	195.43019	106.43954	83.82818	92.173	103.19102	115.86081	83.07801	52.03264	151.76421	66.19783	61.4489	98.03371	72.20041	113.90431	69.66425	71.02553	115.39804	81.4559	139.79551	181.32294	103.75753	120.6717	157.00248	142.37135	160.89089	112.88377	104.0414	151.6121	48.29351	51.98343	197.41318	88.43979	107.11004	43.36827
GH5_21	14.92669	2.66986	4.08505	0.04316	0.20095	140.75143	50.19005	0.05798	8.22844	6.40879	5.95576	2.0885	8.11072	8.60309	16.30915	13.27707	22.43677	1.42402	22.70171	2.90511	1.82755	0.03747	6.94518	3.128	23.50934	3.66446	2.51109	8.08599	30.13122	22.77262	61.84195	72.95092	5.5738	3.61586	22.64928	19.9374	13.81389	10.68509	13.92601	10.06473	11.55902	10.54525	15.42729	14.78726	5.93405	1.28098	1.45204	2.59444	19.43835	7.55322	11.70745	39.99603	28.3582	18.06063	19.79938	13.61535	0.47906	0.66615	0.04432	0.03571	8.5885	3.75037	0.02292	0.05025	3.57127	2.84662	0.19113	1.91642	0.4521	14.79668	0.91762	0.34221	1.88829	1.47527	23.05881	36.9853	21.40044	8.71028	3.45007	3.41887	1.52373	1.88282	7.61954	8.1527	11.00925	1.51901	0.80357	0.6857	1.59104	0.7971	0.97111	3.65282	0.76249	6.22955	0.04479	NA	0.47317	1.0874	5.0946	28.83848	15.82888	15.00912	120.05621	106.77469	68.30327	79.0712	0.03566	1.81855	0.44896	19.60578	22.1482	125.27586	0.4024	1.93361	17.3342	11.28431	11.78144	0.79596	0.53739	17.73166	11.29493	4.14952	1.52372	1.80631	0.25697	0.3009	0.69605	0.20817	4.97078	1.32439	0.29473	98.79657	1.37071	3.7124	149.78842	230.06292	58.58804	58.9327	2.42815	1.09407	3.69521	4.3591	1.10444	17.31212	19.53401	1.61334	1.76105	0.555	1.64102	53.09687	107.80008	44.08541	8.26481	15.05732	44.78451	NA	7.51828	5.95144	2.50598	19.09866	3.4331	104.88491	131.04344	24.05748	12.55277	0.74517	7.86154	0.27955	68.5655	124.37649	11.25848	16.39428	13.54716	22.70059	120.84404	114.58445	10.2756	124.25999	0.40878	2.34408	174.24488	1.50832	0.84493	1.56587
GH5_22	0.19146	0.39029	NA	0.12854	0.29008	0.12522	0.27315	0.58569	1.2339	1.07	0.48105	0.70972	0.30803	0.56858	0.41759	1.02215	0.77208	0.41119	0.10743	0.42951	0.18975	0.14933	0.02367	0.52044	0.14349	0.19409	0.0772	0.095	0.68552	0.5409	0.04429	0.03635	0.30336	0.37687	0.08629	0.11334	1.39134	0.53755	0.05561	0.38247	0.47977	1.01708	0.21027	0.66597	0.34232	0.21126	1.04736	0.03822	0.06412	0.02483	0.24596	0.13438	0.64344	0.42811	0.11023	0.18298	0.21841	0.01494	1.46758	0.50059	0.27416	0.16014	1.04524	1.18935	0.30744	0.16689	0.37683	0.31418	0.13869	0.49243	0.82695	0.28908	0.15321	0.30934	1.21149	0.53956	0.17616	0.35547	0.25385	1.27987	0.33677	1.77172	0.0968	0.02067	0.63226	0.61638	0.58605	0.6483	0.08817	1.46562	1.78748	1.5553	2.66543	0.97332	0.25454	0.35094	0.87108	0.99786	3.33486	1.1652	3.25262	1.37125	0.03592	0.18475	0.10912	0.02992	0.08252	0.02178	0.39059	0.58214	0.59107	0.20651	0.48672	0.44719	0.11551	0.36325	0.35	0.316	0.33663	0.1021	0.18605	0.25635	0.49914	0.72636	0.60605	1.37544	1.12127	1.57508	1.7173	0.48928	0.74234	0.1954	0.74215	0.92543	0.05221	0.09939	0.19599	0.05973	0.67904	0.57378	0.63031	0.80453	0.13441	0.25846	0.53144	0.70076	1.21789	1.28153	1.01512	0.33986	NA	0.16225	0.26173	0.41347	0.23312	1.05745	0.49408	1.47377	0.289	0.32422	0.87693	0.18358	0.17752	0.51222	0.17523	0.78227	0.36012	1.42356	0.26872	0.18175	0.39557	0.25352	0.36841	0.45286	0.05262	0.17384	0.10261	0.05486	1.63999	1.93097	0.0479	0.49082	1.325	0.10628
GH5_25	NA	NA	NA	9.02558	16.47933	0.03691	NA	8.29633	0.18836	0.11184	0.29904	1.38229	1.67433	0.24596	0.05245	0.04675	0.53167	NA	NA	NA	NA	7.59889	NA	NA	0.03853	NA	NA	NA	17.39102	21.79223	0.05441	0.04247	60.78447	50.40236	0.015	0.23225	0.76471	26.05728	NA	NA	0.63569	0.05941	NA	NA	1.32814	4.01242	0.91191	0.11934	NA	NA	NA	NA	9.48518	12.18272	NA	NA	0.27541	0.18043	NA	NA	NA	NA	NA	NA	NA	NA	NA	NA	NA	0.10839	NA	NA	NA	NA	4.70879	0.06942	0.61108	0.22193	0.24175	1.84354	2.27691	5.0633	NA	NA	5.28972	5.15862	3.85814	3.9533	NA	0.79884	0.55607	0.08629	0.0426	1.16729	NA	NA	0.60887	1.61262	1.62184	8.74446	2.98456	3.18137	0.22279	0.07456	0.28554	0.31503	NA	0.04765	0.09234	0.03005	NA	0.21436	0.06018	0.08445	NA	NA	NA	NA	NA	NA	NA	0.84579	0.55842	1.09033	1.51051	0.99232	1.55658	1.4713	0.129	1.42234	1.80924	1.00561	0.25477	0.31706	0.52054	0.0255	0.37502	0.33035	12.80264	3.53457	0.20769	2.33291	0.03688	NA	NA	0.06919	0.19167	NA	NA	NA	0.02201	NA	NA	NA	NA	NA	0.48666	0.48767	0.20277	1.35839	0.0481	NA	0.07676	0.16419	NA	NA	NA	NA	0.23065	0.23307	NA	NA	NA	NA	0.31024	0.23488	NA	0.86439	0.23346	0.26969	0.9346	0.07328	0.33163	NA
GH5_26	1.1527	0.59163	1.66922	0.02205	NA	0.14357	NA	NA	0.57527	NA	0.03583	0.67456	0.04087	13.08139	7.68232	6.27373	12.23521	NA	1.3615	0.64377	4.44734	0.03814	0.93143	2.82626	0.20923	2.35857	0.2467	1.51633	1.45136	0.75309	NA	NA	4.74974	4.80607	0.2481	0.42696	0.19852	1.49596	NA	NA	0.61733	1.51802	0.01324	NA	0.22094	0.47519	0.33665	0.08628	0.4445	0.19407	0.58524	1.39801	2.24372	1.98606	10.6981	16.56447	NA	0.03683	NA	NA	12.87886	4.18085	NA	NA	2.49416	3.10052	NA	3.14638	NA	NA	0.08105	NA	0.38535	0.31595	1.17188	0.44225	0.13896	0.13231	0.2146	0.17718	NA	0.14484	3.54979	16.93935	0.17488	0.19168	NA	NA	0.81879	0.02563	NA	0.13536	NA	0.22961	0.15759	0.04893	0.20898	0.30751	NA	NA	0.04525	NA	0.42381	0.18972	0.5289	0.41349	0.10597	0.48517	NA	0.19356	0.20516	0.04112	1.05411	2.50412	47.21247	0.21325	0.46555	0.65236	0.97228	1.799	0.38641	1.8965	0.96381	0.71871	0.06564	0.534	NA	NA	NA	NA	NA	0.09335	0.15179	0.11164	0.02199	NA	0.02364	NA	0.6777	0.58674	0.54222	0.04283	NA	0.09713	0.02352	0.07768	0.11327	0.20044	NA	0.27813	0.04895	0.08994	0.77113	0.03709	0.13858	NA	NA	NA	0.01969	NA	NA	0.01686	0.04491	NA	NA	NA	0.03434	NA	NA	0.0246	NA	NA	43.60142	45.69282	2.13609	1.75717	NA	1.8072	0.05438	NA	0.93871	0.02131	NA	5.78171
GH5_36	NA	NA	NA	NA	NA	0.11727	0.14604	NA	NA	NA	0.04345	0.06754	0.05531	0.08823	0.23008	0.13099	0.15183	NA	NA	NA	NA	NA	NA	NA	NA	NA	NA	NA	NA	NA	NA	NA	NA	NA	NA	NA	NA	NA	NA	NA	NA	NA	0.02103	NA	NA	NA	NA	NA	NA	NA	NA	NA	NA	NA	NA	NA	0.05517	NA	NA	NA	0.01891	0.01665	NA	NA	0.72973	0.6599	NA	0.34734	0.1759	NA	NA	0.05592	0.02077	NA	NA	NA	NA	NA	NA	0.70411	NA	NA	0.29832	0.08239	0.01896	NA	0.05379	NA	NA	0.12331	0.1419	NA	NA	NA	1.92937	1.62055	0.10184	0.08009	0.03918	0.05763	NA	NA	0.26835	0.17023	0.04155	0.10503	0.47572	NA	NA	NA	NA	NA	0.6244	1.17972	0.13785	NA	NA	0.301	0.16971	NA	NA	NA	NA	0.03851	0.0211	1.0561	0.11954	0.18148	0.03881	NA	NA	NA	0.70852	0.70346	0.19688	0.19241	0.11617	0.20478	0.24622	0.58347	0.74187	0.77744	0.01651	NA	NA	NA	NA	NA	NA	0.07553	0.33969	NA	NA	NA	NA	1.51677	1.39857	0.63279	0.50624	0.84151	0.17963	0.14433	0.24204	0.21679	0.12728	NA	0.05553	NA	NA	NA	NA	NA	0.31509	0.09234	0.12362	0.09863	NA	0.05403	0.08676	NA	0.14089	NA	0.16404	0.13161
GH5_37	28.21292	13.19427	0.86315	30.64563	20.40856	3.76735	5.04719	17.29744	14.12639	3.58345	48.96115	47.22991	17.44602	9.39658	12.19092	22.83201	23.81453	12.03687	18.58823	0.82352	0.42875	37.40187	58.06568	6.26486	35.89193	1.05721	46.84613	46.12584	15.97236	30.77038	37.0331	39.33004	12.06173	17.04677	34.30322	29.85056	10.72395	25.21552	1.47097	1.67406	20.40067	21.04521	36.59592	22.08329	7.62915	9.80863	3.60371	6.09523	1.0921	7.2253	11.28309	8.6148	28.64408	10.92135	7.73533	1.14488	59.62351	30.50248	12.06266	5.02123	2.51602	3.8126	37.7005	36.49194	12.71979	12.98438	32.18321	13.75264	3.69041	20.96254	16.3982	16.41981	62.32239	21.14836	45.27675	22.71879	25.56433	21.58454	24.78764	20.19756	5.9818	17.77494	61.80787	27.03898	14.84071	25.06583	35.98118	16.10712	13.0765	12.89155	14.84278	7.21689	14.51769	24.76729	6.93278	10.72165	3.28246	15.55774	8.58953	42.80177	6.4111	54.44521	3.14057	4.60944	18.36239	10.42354	23.64217	2.69678	28.89432	71.1067	54.38079	7.78934	11.91009	17.78637	21.35144	1.9652	1.19429	8.64258	9.945	0.96154	0.70668	17.03743	17.46954	19.32487	21.15413	4.98817	18.01441	35.42166	11.99136	12.80486	20.55138	15.21139	7.51594	6.23378	23.66105	15.20198	26.96906	25.9741	12.05307	7.31919	15.09067	16.1984	19.83208	25.69257	58.5905	18.50194	19.03311	15.61053	15.59999	12.83889	2.72994	9.91538	19.39219	10.30132	7.66207	24.58846	50.61799	46.62884	65.87466	25.18037	4.65586	15.19317	11.54712	17.21719	7.38844	19.26886	41.60551	11.72551	4.13881	2.76156	3.45515	2.6662	27.53142	28.44739	26.04482	3.10531	22.51693	14.28218	5.72597	3.48778	24.39345	5.47738	22.58532	3.02655
GH5_38	0.39593	NA	3.5555	0.71843	0.48291	2.23435	2.9177	1.15364	0.27455	NA	NA	NA	0.00951	2.08314	1.01918	1.33554	0.80419	0.12534	0.22822	0.11043	1.46956	0.53416	0.27942	0.49696	0.68071	0.48634	0.22326	1.19179	2.07433	0.51086	NA	NA	0.16764	0.10972	5.26597	5.77055	0.05964	0.13611	0.83914	0.43898	3.17162	5.21093	NA	NA	0.11882	NA	0.27905	NA	0.02331	0.02998	0.0602	0.03732	0.60739	3.0459	3.31324	5.7562	NA	NA	NA	NA	2.23983	1.55655	0.05828	0.0686	0.52321	0.73236	0.12455	0.55516	0.20247	9.66162	NA	0.13766	NA	NA	0.64148	3.13557	0.68786	0.72895	0.75014	1.07784	0.295	0.25732	8.22814	22.22641	0.12599	0.06061	1.19434	1.21097	1.10138	3.68195	1.36814	4.6777	0.81912	0.31709	NA	NA	0.1737	0.39761	0.1573	0.1613	0.06363	0.27831	1.66718	0.86517	0.89822	1.39755	NA	0.15316	NA	NA	NA	6.15868	5.52918	3.26286	21.73975	0.28188	0.5358	5.78437	17.09219	1.46966	0.21287	3.0784	1.95745	1.30046	0.16175	0.59135	NA	NA	NA	2.1334	0.24703	3.36161	1.36813	2.5205	0.83086	0.70471	0.92178	1.02627	0.24574	0.35834	5.92169	4.69269	NA	NA	NA	1.32774	1.36723	3.02019	1.15963	0.87452	1.71553	3.44307	5.23525	1.11222	3.10357	NA	22.92324	21.33412	6.51152	14.73638	NA	0.10463	0.94212	0.09352	0.60798	0.39048	0.37217	0.02305	0.91787	2.47435	0.86919	0.75786	1.6394	17.92207	0.69479	0.34085	1.59333	0.43505	NA	NA	0.37392	NA	NA	0.23539
GH5_4	137.29657	45.74907	43.16346	112.38378	177.99681	268.87422	114.34973	94.5182	29.76533	24.95422	94.58737	112.91201	70.3147	63.96021	81.46063	68.29196	88.72746	60.31514	121.44854	29.40421	82.46842	107.71007	226.00924	71.48652	199.77421	41.74541	114.63981	218.61135	149.44103	92.25571	238.85633	365.77115	166.33377	166.50512	79.78338	78.82005	77.68517	171.00378	11.50781	13.79607	164.38896	145.60383	87.58659	58.72325	32.00913	64.99239	28.37185	20.8129	89.1192	79.49725	128.91806	112.94731	128.85851	105.07829	80.31255	51.9756	119.30077	96.37446	29.58211	26.38856	69.39865	32.95604	146.49752	149.62715	204.56325	208.30365	102.86255	187.13113	17.68625	20.27682	56.8915	82.54289	93.11707	29.70291	147.25293	136.07854	102.79424	51.16492	109.65661	96.47202	21.96357	57.24534	173.25132	103.51709	68.82788	127.28632	77.89189	48.88618	58.05385	63.16323	76.1338	47.96056	65.17553	96.90991	40.32787	44.59596	33.97828	93.14469	46.11585	210.506	67.07301	83.64937	200.52891	183.9189	152.46654	137.70411	84.22111	32.89734	59.47569	150.95797	159.41694	277.84592	27.18259	33.83625	126.96455	59.63769	47.09246	31.77996	42.20427	69.21144	52.43464	71.55255	95.07079	40.82055	74.6943	40.41147	75.80566	101.6365	53.74464	45.13326	72.97483	263.56804	38.48264	42.10489	275.54248	394.32562	152.37274	153.92405	95.75519	86.15736	39.6551	49.11918	69.06612	108.8188	129.87495	30.4291	28.19507	25.39048	26.1329	130.89447	223.05664	130.59572	86.94294	47.10513	110.10372	207.81327	128.02721	145.38729	92.62947	60.35274	21.46925	69.24215	66.02296	75.65923	75.5223	49.72525	56.98196	38.68157	149.57313	269.77208	24.86755	17.64947	188.20758	276.05788	321.02096	269.82786	82.78455	326.07717	24.00472	16.28535	447.23619	15.74623	55.12305	212.6515
GH5_41	NA	NA	NA	NA	NA	NA	NA	NA	NA	NA	NA	NA	NA	0.12956	0.02697	0.15335	0.17837	NA	NA	NA	NA	NA	NA	NA	NA	NA	NA	NA	NA	NA	NA	NA	NA	NA	NA	NA	NA	NA	NA	NA	NA	NA	NA	NA	NA	NA	NA	NA	0.32703	0.08733	NA	NA	NA	NA	NA	NA	NA	NA	NA	NA	NA	NA	NA	NA	NA	NA	NA	NA	NA	1.00443	NA	NA	NA	NA	NA	NA	NA	NA	NA	NA	NA	0.23574	NA	NA	NA	NA	NA	NA	NA	NA	NA	NA	NA	NA	NA	NA	NA	NA	NA	NA	NA	NA	NA	NA	NA	NA	NA	NA	NA	NA	NA	NA	NA	NA	NA	NA	NA	NA	NA	0.13737	NA	0.0595	NA	NA	NA	NA	NA	NA	NA	NA	NA	NA	NA	NA	NA	NA	NA	0.02642	NA	NA	NA	NA	NA	NA	NA	NA	0.03973	NA	NA	0.09821	NA	NA	NA	NA	NA	NA	NA	3.73098	NA	NA	NA	NA	NA	NA	NA	NA	NA	NA	NA	NA	NA	NA	NA	NA	NA	NA	NA	NA	NA	NA	NA	NA	NA	NA
GH5_44	12.34442	6.66559	38.34394	11.07521	10.90645	14.41398	19.0211	4.22014	8.42584	6.62691	6.23132	4.90612	2.77265	12.39495	6.38288	18.69768	5.70549	25.13367	9.63521	18.28164	14.77418	13.1695	8.54283	6.74851	10.55839	11.12916	8.24289	9.39467	2.81696	8.56955	14.79444	14.31902	3.63251	6.34609	23.44033	22.87502	28.56585	14.58687	33.00633	32.92871	26.92009	20.20881	4.90826	3.81218	33.05524	6.98437	39.8655	34.07507	3.44603	3.02627	1.99531	2.41469	9.83311	8.33998	10.71928	22.79228	6.74717	13.27203	66.74926	46.94971	25.47784	41.10056	26.16489	23.21578	7.51649	4.67352	27.53049	9.19502	5.46106	19.72199	18.5853	13.23648	8.04465	23.19041	8.53601	11.60874	35.88959	73.99556	8.94612	7.47441	13.35551	20.20988	4.35684	5.98784	29.76399	27.60608	10.04483	23.96367	16.01905	13.06609	16.45775	8.14423	12.48266	19.3564	0.8098	1.83765	20.76491	15.07006	9.02468	8.5383	8.57917	11.00748	4.82934	7.60075	10.15854	11.46632	0.89882	33.21497	13.92976	18.28348	8.15736	4.32837	70.79585	30.59552	3.83759	24.1013	25.82831	50.21466	84.39377	33.89297	16.00561	9.59993	11.09154	20.58541	8.31118	12.62148	14.67029	16.74313	12.30383	17.01197	9.55783	2.56072	30.58251	19.30084	8.92221	5.55296	11.20915	9.69181	14.10951	12.30714	29.7284	16.87303	9.41334	18.98426	20.52108	5.72692	5.01496	4.08706	3.54982	7.25309	10.80107	11.02577	16.64495	13.05825	12.12938	3.4641	7.85136	3.28564	5.07206	3.93915	30.42659	11.38539	7.59914	13.83344	14.19046	12.14573	8.15899	24.65549	10.89409	2.12859	21.67351	45.2434	15.22582	6.56458	9.40355	3.6735	12.07176	8.35613	17.35597	23.68854	3.78373	29.02311	19.37818	6.64442
GH5_46	24.71253	10.14652	17.87027	10.65828	19.60069	2.18794	2.89435	10.74417	7.32988	8.8933	6.94604	4.72641	11.22504	14.22819	13.70364	10.57471	21.21995	1.74979	32.05014	6.95251	33.82526	9.33453	4.0016	28.99655	15.98137	15.11129	2.54616	10.84993	3.07071	6.57408	2.6618	2.14483	54.13638	47.50486	13.02445	13.12274	14.95168	33.43077	5.94258	5.42074	24.09303	25.34526	4.37524	2.74759	4.18286	2.91412	3.04841	2.43623	41.45329	17.67258	34.52721	61.811	3.43254	3.37681	11.44337	16.8957	25.60261	5.52192	NA	NA	15.74632	5.17286	NA	NA	3.14552	3.87171	0.33494	2.19573	NA	2.83012	2.20137	0.31108	7.93434	8.81456	5.51802	2.1739	2.88147	2.64946	9.36508	10.07049	3.60552	6.77422	11.65797	31.99344	5.38916	4.49294	8.56953	6.43251	3.00155	11.67929	5.48636	7.67007	7.46484	5.09324	9.91562	6.08492	2.40029	6.11622	3.50536	3.57023	2.85523	2.69241	2.4352	1.40661	1.75072	1.47389	8.41543	6.87294	3.61409	11.34011	10.34158	1.66315	2.37055	5.2981	53.99217	17.43181	13.86725	2.43913	1.73922	19.69058	17.35879	6.69422	6.43604	2.39122	1.61777	3.9021	3.49331	1.73197	9.31393	3.55119	10.06999	3.06619	3.76436	3.69744	1.84964	2.53579	4.92536	5.14494	20.23789	20.54422	3.36085	4.73276	8.53076	10.55826	6.6499	4.11988	4.76352	4.80331	2.26897	3.71851	1.6728	39.29186	10.32621	9.49289	36.69216	5.76438	1.47718	2.53184	0.86178	3.09801	1.05729	0.84193	3.62633	1.58874	28.88721	1.82933	15.02109	1.87237	2.21102	2.12128	11.24499	7.64832	34.5275	41.15113	1.67388	0.81856	6.22773	1.84237	4.81015	5.31379	2.11406	2.93591	4.4411	1.50855
GH5_48	NA	NA	NA	NA	NA	NA	NA	NA	NA	NA	NA	NA	NA	NA	NA	NA	NA	NA	NA	NA	NA	NA	NA	NA	NA	NA	0.14525	NA	NA	NA	NA	NA	NA	NA	0.02594	0.08095	NA	NA	NA	NA	0.24011	0.17129	NA	NA	NA	NA	NA	NA	NA	NA	NA	NA	NA	NA	NA	NA	NA	NA	NA	NA	NA	NA	NA	NA	NA	NA	NA	NA	NA	NA	NA	NA	NA	NA	NA	NA	NA	NA	NA	NA	NA	NA	NA	NA	NA	NA	NA	NA	NA	NA	NA	NA	NA	NA	NA	NA	NA	NA	NA	NA	NA	NA	NA	NA	NA	NA	NA	NA	NA	NA	NA	NA	NA	NA	NA	NA	NA	NA	NA	NA	NA	NA	NA	NA	NA	NA	NA	NA	NA	NA	NA	NA	0.03951	NA	NA	NA	NA	NA	NA	NA	0.28968	0.0798	NA	NA	NA	NA	NA	NA	NA	NA	NA	NA	NA	NA	NA	NA	NA	NA	NA	NA	NA	NA	NA	NA	NA	NA	NA	NA	NA	NA	NA	NA	NA	NA	0.11971	NA	NA	0.0346	NA	NA	1.50075	NA	NA	NA
GH5_49	NA	0.09269	NA	NA	NA	NA	NA	NA	NA	NA	NA	NA	0.015	NA	NA	NA	NA	NA	NA	0.05445	NA	NA	NA	NA	NA	NA	NA	NA	NA	NA	NA	NA	NA	NA	NA	NA	NA	NA	NA	NA	NA	NA	NA	NA	NA	NA	NA	NA	NA	NA	NA	NA	NA	NA	NA	NA	NA	NA	0.03728	NA	NA	0.16029	NA	NA	NA	NA	NA	NA	0.06814	NA	NA	NA	NA	NA	NA	NA	NA	NA	NA	NA	NA	NA	NA	NA	NA	NA	NA	NA	0.0398	NA	NA	NA	NA	0.0356	NA	NA	NA	NA	NA	NA	NA	NA	NA	0.04642	NA	NA	NA	NA	NA	NA	NA	0.06762	NA	NA	NA	NA	NA	NA	NA	NA	NA	NA	NA	NA	NA	0.10235	NA	NA	NA	NA	NA	NA	NA	NA	NA	0.03261	NA	NA	NA	NA	NA	NA	NA	NA	NA	NA	NA	NA	NA	NA	NA	0.00972	NA	0.02046	0.03262	NA	NA	NA	NA	NA	NA	NA	NA	NA	NA	NA	NA	NA	0.04427	NA	0.02721	NA	NA	NA	NA	NA	NA	NA	NA	0.06906	NA	NA	NA	0.08922
GH5_5	2.41926	10.43499	14.77033	0.42298	0.49874	1.88084	1.25705	1.74681	4.24172	10.87516	2.24734	2.36993	2.50888	2.04109	2.7119	1.19252	1.99973	1.67502	2.80189	11.0079	8.65289	0.76935	2.37251	13.35146	7.60468	8.03419	2.35307	3.97948	34.66428	22.43297	12.49985	9.9753	5.12694	3.35201	11.14001	11.66265	13.34136	14.55954	10.56121	5.63097	12.62665	11.71908	25.01102	26.68241	2.08836	1.07896	1.22327	2.34253	24.25213	6.76614	7.02068	8.58201	24.29021	42.21912	32.82749	20.12791	13.60724	9.19689	1.31722	1.97092	7.54484	7.06078	0.84925	1.28123	2.50839	1.83911	6.29725	1.81169	0.99936	0.26786	3.57074	0.73282	8.86132	6.30283	4.02339	16.69428	4.2978	2.77871	4.57077	4.75772	5.79131	7.64877	4.13217	2.76476	2.75169	1.63894	7.84885	9.15409	6.76136	1.8177	3.50661	5.13539	1.72095	9.90769	11.50856	10.38976	2.54123	9.37692	7.08091	7.57257	7.65257	6.77329	15.49188	16.63253	10.08202	6.98612	9.41243	5.46357	8.19925	42.27051	45.86155	16.99019	6.24275	5.82921	4.23063	2.78306	2.9248	5.9422	21.28121	5.57625	3.44967	15.47871	10.86539	14.39659	12.06073	4.58672	2.03355	2.3045	15.10699	11.74214	8.07106	13.00978	1.74983	1.48226	7.54765	11.71546	3.24441	3.71658	24.2124	16.04592	3.867	2.33793	15.62031	39.23469	42.74884	11.20189	12.65572	14.31401	13.15826	1.19071	2.86389	3.73309	1.43736	4.20304	3.34216	5.07276	1.24775	1.89163	1.00838	2.18251	1.41444	10.35416	18.80892	8.00388	10.4428	10.91966	9.73697	3.30676	9.5824	17.10757	11.07349	6.25466	3.94491	2.62943	2.63414	3.59655	10.66661	2.27415	16.55786	10.60349	1.36527	7.88201	10.74353	0.85514
GH5_54	5.01864	1.03397	0.5676	3.39693	1.79341	0.34117	0.35166	2.63047	1.41717	3.01271	1.8736	1.06861	1.56647	2.16747	2.1562	1.34279	1.34368	0.18404	1.82118	3.48074	0.9865	2.2094	2.29991	0.58338	1.23962	1.23125	0.295	0.53925	0.84141	0.81395	5.30282	2.28243	1.86116	2.81485	1.16401	1.24073	2.40455	1.69598	3.37102	0.95962	2.54482	1.84465	3.13387	4.04626	3.55249	3.14396	1.51803	2.47929	1.20164	0.69063	1.67356	4.84473	0.24847	1.35608	2.82962	2.7049	4.9712	2.57876	7.5444	6.01682	2.22818	1.56466	2.00771	1.82791	0.03338	0.04473	3.00355	0.03276	0.65413	6.53575	3.68663	0.06065	2.47052	4.69067	0.30778	1.0412	2.84999	1.1238	0.69342	0.93522	2.51176	0.89052	0.3901	1.58243	2.6297	8.46827	5.21873	1.65371	2.70799	1.91836	0.78291	2.38859	4.16863	2.53503	0.88866	3.06776	0.12778	0.50329	0.43334	0.69063	0.19096	0.90199	NA	NA	NA	NA	6.65329	4.86341	2.7449	3.56457	1.05117	3.38399	1.22717	0.6925	1.26029	1.74668	1.23393	1.11942	0.18138	3.93534	4.11259	11.89127	3.90272	6.93123	2.8725	0.39694	0.26739	0.26443	1.40973	1.01833	1.70316	0.27286	0.39269	2.04386	0.94217	1.46606	2.45275	2.01519	0.32376	0.44176	3.10329	2.04861	3.3679	1.2556	0.60314	1.74244	2.69966	1.23829	1.72996	0.96847	0.10836	1.74106	1.30572	2.43458	1.58283	3.74604	1.2276	1.51882	1.12978	0.67119	2.28144	2.44061	3.95823	4.40722	1.35792	5.45022	2.18736	4.04517	2.11481	1.27689	1.83879	1.2109	4.24118	1.09532	1.56643	1.55395	2.37164	3.82118	0.29778	1.07057	1.80493	3.75709	0.90543	0.05353
GH5_7	34.16349	12.31627	26.14292	15.57154	26.50483	76.73652	38.4048	15.63439	4.88024	21.57194	19.54526	10.44911	14.36725	16.40921	15.80892	15.11882	18.72497	9.39446	46.86231	7.33915	50.96444	13.98524	26.45353	41.03262	30.28235	20.40666	11.75171	24.77581	33.71086	26.5971	63.65804	83.28185	65.29789	63.66902	29.54078	30.0918	23.84675	55.33184	8.88125	8.79348	47.02957	38.0311	11.79631	6.17085	10.68456	6.37606	5.30454	5.32091	60.58939	34.48492	65.04829	75.71778	31.46943	26.06997	19.68382	24.73731	54.34918	30.06753	5.87014	28.19341	21.09757	9.52423	47.12918	48.26882	9.7536	12.31966	24.45108	10.65289	53.11681	99.58799	1.18214	33.22515	10.19122	12.41701	17.49482	30.06324	22.04977	7.68127	30.3643	24.46216	5.42646	12.49994	11.739	31.52215	24.97144	22.29178	15.25913	7.99825	26.97593	18.71659	6.00929	11.52788	7.84444	22.2713	7.02372	6.70004	5.8601	19.17156	10.60754	45.23886	16.35705	20.6865	55.21501	46.96934	37.76818	36.41692	13.5322	7.24297	15.60092	36.91408	37.0082	120.22307	4.17474	5.11379	55.07753	32.94258	32.29399	3.21113	4.1291	55.80008	48.19226	38.51336	12.79481	7.24168	11.59948	14.87622	8.10797	12.30796	11.31951	13.84861	18.07129	103.70214	3.08893	6.12906	68.48376	117.30633	36.66956	36.39173	28.32395	20.96214	7.49524	6.38063	32.29282	28.27626	35.94289	7.52864	7.51357	7.2483	6.76435	42.9296	77.69337	57.41292	24.65667	16.1192	51.49347	19.04574	18.2287	29.1846	6.61473	11.22166	5.07728	107.43453	131.50905	28.97786	41.19927	19.97938	23.88186	6.54924	66.76876	124.34217	14.28525	11.78677	52.38498	67.66502	83.18592	67.2439	40.28819	95.63031	18.94104	17.34552	110.46944	19.86227	43.7236	4.10044
GH5_8	28.38527	0.9124	0.03167	37.45341	43.70204	12.6178	1.23059	5.5742	6.28423	15.10214	0.8239	5.89587	0.52888	1.51888	8.23603	3.28812	6.00904	7.63046	22.81622	32.97382	NA	15.34967	15.64774	0.04644	13.64057	0.03507	2.4925	4.36506	0.08763	0.34334	4.76275	26.5324	6.64423	9.39399	4.70649	4.36985	4.56824	12.179	38.95419	41.85505	10.75478	7.75726	6.92719	4.27899	2.39984	4.47997	2.74106	1.55562	26.80146	52.62325	24.21288	9.21927	0.08024	0.09006	0.25314	1.00376	12.53156	10.59033	3.23891	1.53317	0.09007	0.05856	17.44974	16.37922	1.95031	1.1973	12.75606	28.19332	2.33296	0.48522	8.95126	2.54575	3.85666	0.27669	19.98525	13.9058	11.68622	18.10525	5.63263	7.98186	6.30192	22.49158	26.9651	29.18483	13.98595	41.14292	2.76243	0.94109	72.39911	5.1906	1.77617	2.89541	5.52202	19.49829	8.70892	21.69905	2.36665	15.18775	4.62519	36.33358	1.19556	2.85951	3.44502	3.81068	14.95908	4.08686	36.22104	46.7816	10.50105	22.26624	9.39043	4.39211	34.25025	5.05093	14.50461	1.65084	5.29797	5.58912	3.86821	7.4163	5.0822	7.96071	13.45638	3.28826	7.96253	1.49086	18.98038	17.29588	8.60928	2.54299	3.16655	6.70098	1.56061	2.60862	20.52122	12.4117	3.81115	4.02368	10.46573	3.27598	4.30453	3.18835	22.22704	9.49865	20.16635	8.66144	6.56069	7.69833	14.78523	0.98364	0.09275	12.22297	19.87131	7.2106	9.50123	26.09571	4.1223	11.66005	11.73901	3.7927	0.05285	0.13212	0.5525	1.95731	1.9494	7.49966	5.82279	4.00626	1.14945	0.69222	32.04739	51.59489	15.65287	40.20957	4.29709	NA	3.68922	1.7783	3.27924	0.76252	8.75478	32.31437	5.24647	11.54948
GH5_9	NA	NA	NA	NA	NA	NA	NA	NA	NA	NA	NA	NA	NA	NA	NA	NA	NA	NA	NA	NA	NA	NA	NA	NA	NA	NA	NA	NA	NA	NA	NA	NA	NA	NA	NA	NA	NA	NA	NA	NA	NA	NA	NA	NA	NA	NA	NA	NA	NA	0.04351	NA	NA	NA	NA	NA	NA	NA	NA	NA	NA	NA	0.12645	NA	NA	NA	NA	NA	NA	NA	NA	NA	NA	NA	NA	NA	NA	NA	NA	NA	NA	NA	NA	NA	NA	NA	NA	NA	NA	0.07325	0.05171	NA	NA	NA	NA	NA	NA	NA	NA	NA	NA	NA	NA	NA	0.08544	NA	NA	NA	NA	NA	NA	NA	NA	NA	NA	NA	NA	NA	NA	NA	NA	NA	NA	NA	NA	NA	NA	NA	NA	NA	NA	NA	NA	NA	NA	NA	NA	0.04832	0.07666	NA	0.04455	NA	NA	NA	NA	NA	NA	NA	0.06741	NA	NA	NA	0.0179	NA	0.03766	0.06004	NA	NA	0.05445	NA	NA	0.05683	NA	NA	NA	NA	NA	NA	NA	NA	NA	NA	0.04886	NA	NA	NA	NA	NA	NA	NA	NA	NA	NA	NA	NA
GH6	NA	NA	NA	NA	NA	NA	NA	NA	NA	NA	NA	NA	NA	NA	NA	NA	NA	NA	NA	NA	NA	NA	NA	NA	NA	NA	NA	NA	NA	NA	NA	NA	NA	NA	NA	NA	NA	NA	NA	NA	NA	NA	NA	NA	NA	NA	NA	NA	NA	NA	NA	NA	NA	NA	NA	NA	NA	NA	NA	NA	NA	NA	NA	NA	NA	NA	NA	NA	NA	0.05357	NA	NA	NA	NA	NA	NA	NA	NA	NA	NA	NA	NA	NA	NA	NA	NA	NA	NA	NA	NA	NA	NA	NA	NA	NA	NA	NA	NA	NA	NA	NA	NA	NA	NA	NA	NA	NA	NA	NA	NA	NA	NA	NA	NA	NA	NA	NA	NA	NA	NA	NA	NA	NA	NA	NA	NA	NA	NA	NA	NA	NA	NA	NA	NA	NA	NA	NA	NA	NA	NA	NA	NA	NA	NA	NA	NA	NA	NA	NA	NA	NA	NA	NA	NA	NA	NA	NA	NA	NA	NA	NA	NA	NA	NA	NA	NA	NA	NA	NA	NA	NA	NA	NA	NA	NA	NA	NA	NA	NA	NA	NA	NA	NA	NA
GH63	94.56794	87.05136	147.13797	29.74291	49.10365	82.60403	43.87776	65.60568	46.76354	192.30767	49.83771	36.60359	56.65759	67.62819	41.54301	41.64638	60.37628	14.86281	104.84212	120.06761	202.22216	29.36581	35.29007	142.12359	63.93789	92.28169	24.52572	58.48685	28.35817	13.11746	41.08397	33.02648	268.67236	228.80954	135.42213	139.93285	103.16621	191.38227	93.40984	65.35211	140.80755	142.11027	39.74967	25.06902	58.10461	23.87722	32.59965	49.56121	183.63596	110.67664	194.25993	209.52057	26.05549	26.7113	165.80748	138.97238	126.71136	52.40406	8.15022	31.26203	102.73103	57.35258	35.21213	36.14358	26.55338	25.81221	65.93198	17.69851	5.71242	24.72842	21.19817	18.651	64.32594	81.12335	51.27806	88.5018	26.76879	32.64117	66.50284	53.8342	36.35231	62.83043	55.50372	53.54528	53.36411	28.54924	54.06786	46.08145	78.01667	49.09675	49.68987	69.23627	85.55788	50.17613	54.06834	53.6457	82.33094	61.70384	62.70552	48.90797	41.40068	45.6034	22.09175	22.05564	30.22895	36.73823	88.0871	68.4808	40.97298	37.19014	40.3072	110.41553	28.2127	52.53627	130.719	56.91008	53.82791	49.01589	28.49752	90.52872	73.944	77.56169	35.335	33.23861	24.06821	81.23963	48.1127	33.6499	43.61703	102.92478	44.93171	114.00873	12.16689	11.47743	47.14249	57.22166	75.66393	76.99882	86.15423	64.19051	15.03008	14.80411	61.17196	32.37119	31.7248	53.31964	40.25053	36.85951	39.31507	51.48903	80.11414	150.09698	104.80469	73.11231	140.29389	84.48972	32.628	51.09698	14.44489	37.50951	22.16272	16.72567	23.36757	10.68726	166.04804	68.60979	69.26649	35.49056	63.56658	122.71658	72.37759	60.09608	91.90789	99.70027	36.31306	29.58903	81.09727	32.97652	61.3966	60.32635	24.97131	47.57284	74.36831	28.88248
GH64	2.43079	1.20759	0.42015	1.92716	1.42185	74.51373	33.42839	1.33708	0.80614	2.57461	0.88471	0.42296	0.56871	1.21966	1.4193	0.55842	0.58818	0.22494	1.24438	1.71349	1.31477	1.85941	0.87115	0.73052	0.39588	0.95585	0.29972	0.34802	29.48034	15.71035	2.93109	1.33013	1.49108	1.6511	0.38547	0.47348	1.54787	1.09325	2.66847	0.93887	0.56022	0.82553	2.05232	2.66416	3.15044	1.85921	1.55252	2.496	0.41529	0.49204	0.96019	2.10467	19.3916	38.72421	1.97209	1.92481	1.72498	1.89511	4.04763	1.77195	1.18135	0.81339	1.19491	1.00411	252.25519	211.73761	4.69014	207.43189	NA	0.05094	2.26118	NA	1.94045	1.70402	0.22885	0.9024	1.77959	0.8515	0.57734	0.74444	1.32119	0.68513	0.32522	1.02345	1.8307	3.36084	3.34524	0.85523	1.98767	1.51466	0.41214	2.112	2.12355	1.45276	0.66712	0.96363	0.03026	0.21183	0.09068	0.62585	0.0504	0.64876	16.66352	21.23331	4.52406	5.12269	2.54158	1.497	1.51298	1.47599	0.66532	1.17402	0.23604	0.02709	0.7132	1.16094	0.74402	0.44843	0.06198	2.19687	2.19122	2.75186	0.77982	3.0007	0.17645	0.29367	14.91842	56.20638	25.54645	0.62558	0.90347	0.3758	0.37472	1.36838	0.41013	0.39311	1.37782	1.28844	0.09456	0.3516	1.22015	1.37681	2.99246	0.54492	0.35607	0.73543	1.16372	0.39594	0.43298	40.52212	48.9814	1.59961	1.61709	2.87682	1.48362	0.88136	0.76463	1.53541	0.42592	0.13974	0.4711	1.67391	1.67684	2.28243	0.81505	1.75354	0.78636	1.69944	0.8625	0.55575	1.68628	1.05956	3.58125	0.69383	1.37752	0.56462	1.91499	2.37409	0.44619	0.5198	1.26284	1.83497	0.86704	309.03712
GH65	89.66272	103.38514	70.06793	102.27627	159.67828	33.88998	42.31841	91.66298	61.32769	69.7452	91.8928	126.73933	95.65371	101.90809	116.98078	110.61677	130.17725	45.32914	94.59041	87.54051	116.06135	92.93889	62.51347	84.84238	107.98676	60.53574	66.79614	66.51158	34.06665	28.31866	50.6384	39.77024	103.31033	96.05801	186.75574	174.62858	74.26567	106.90811	51.04801	52.35028	169.80078	177.30603	72.40211	100.25237	48.68991	62.2321	49.86056	38.67205	99.60319	72.63735	91.91245	119.76517	33.04834	19.39441	66.08583	85.69746	82.68229	55.07081	83.55959	150.93376	90.38758	72.77231	87.52215	86.65373	31.35938	38.87217	96.40289	30.78422	94.74113	111.08181	126.03814	72.47241	209.88669	118.74667	64.52281	69.81185	54.00493	72.7713	71.23613	129.8157	44.81258	43.73533	42.66907	69.76039	65.714	78.8566	94.02797	95.04166	87.34372	91.40409	187.06576	95.32002	109.35661	79.00007	46.35349	46.49524	113.27959	99.42748	78.71881	80.09219	87.77116	65.46276	23.77553	35.8107	54.29845	48.79667	64.9878	46.56682	40.46303	78.52898	60.51295	32.17235	42.27613	68.77211	98.87584	75.98413	83.60922	56.16417	51.32042	131.33493	105.16168	90.16877	126.70501	97.34123	80.95663	92.50057	110.08021	105.82919	82.14466	67.64831	97.69607	33.36671	74.96819	91.46158	31.56994	25.18197	50.64762	54.0186	116.96878	107.24921	70.24666	83.57862	61.32682	80.4338	80.61112	46.05683	65.59738	70.78291	54.2332	59.95253	44.41135	152.75428	91.34017	111.41636	149.50697	52.91566	63.68139	94.78407	52.55925	81.33266	81.32029	67.99568	36.11982	80.08478	85.92772	53.27128	74.14222	82.84803	62.65337	46.71798	67.25888	45.87103	109.77729	100.27459	51.7211	31.65827	50.49955	47.33134	68.7823	64.93613	34.09468	75.40182	47.75935	27.79615
GH66	80.51353	39.84684	65.93193	36.5549	65.0279	60.9863	34.24031	39.51267	22.27606	57.36424	35.44092	27.2239	43.86224	58.25295	46.15713	48.19885	65.07224	15.45614	100.3517	46.71983	123.13849	31.14321	18.05643	100.93283	60.769	58.83491	23.26296	43.26904	34.66602	34.43099	49.32779	46.17505	177.57586	157.73237	46.43536	45.6096	74.40082	133.2982	33.65316	26.4469	91.96757	84.47704	23.82045	32.00057	36.68258	30.52656	20.72028	30.86695	144.30131	62.05834	105.61764	157.02997	33.02629	45.28044	68.77499	86.34843	86.93428	35.68637	19.69123	19.9681	54.70725	47.43779	10.58439	10.00561	158.27662	140.76593	23.69943	126.54021	8.56604	6.44804	18.13174	9.26572	40.40972	42.46979	30.94422	25.57548	24.54292	20.26317	36.65838	46.55063	21.20544	23.12309	16.12704	45.18038	33.81941	21.60075	38.00909	45.44653	20.18988	30.79188	25.72092	32.68207	18.80702	25.65631	74.01081	62.12842	25.22092	38.67731	37.22086	37.55373	44.8811	32.24466	23.60916	36.14538	30.25447	35.72754	71.16803	31.49803	29.44259	66.42503	90.09083	9.98453	22.20245	28.37099	115.44992	79.6434	76.85615	20.99971	43.69215	111.4484	77.68103	42.05983	29.96978	26.8109	27.76287	28.84631	20.47509	40.87347	51.74141	28.24409	46.9129	13.7914	26.69894	34.45208	21.58654	46.6251	34.53436	33.50284	68.59462	59.80046	26.35502	34.23777	42.30617	73.96614	58.87324	20.66051	32.4635	34.29627	22.88419	38.91614	41.45583	137.28398	55.98985	67.94627	131.35818	50.87107	34.15568	33.61357	16.82518	25.5395	8.123	12.62549	27.24513	12.96757	95.16915	13.82131	43.04134	10.33628	13.15029	10.57771	36.86159	30.19171	127.65194	134.85217	24.37141	46.16792	26.93784	23.55962	40.68883	44.11221	16.56756	26.95184	44.40635	193.20288
GH67	54.03451	104.11948	103.86648	65.34062	84.4105	161.26708	95.10262	75.48235	55.20261	133.33645	61.9128	62.67203	77.02157	52.68981	61.25903	62.56335	68.9886	43.78239	49.47848	66.78284	80.83652	71.70556	88.81684	48.8398	107.88269	34.70885	71.97549	88.15462	84.46059	66.69931	127.72354	141.42196	52.89352	41.81877	56.96407	49.15864	110.60771	78.65862	71.13218	60.50962	59.09187	53.21668	67.19814	68.82197	82.89711	48.33204	46.92487	95.4986	70.32209	40.86914	57.86949	53.97184	92.69918	76.07821	158.72684	80.37323	33.55304	55.01442	26.41991	7.50438	83.88582	60.01003	20.86952	21.57769	26.17658	33.5562	37.32201	41.79335	8.2087	13.97103	99.83114	28.54984	93.23256	110.58177	98.38356	117.6672	67.44866	75.23912	77.57071	79.8314	66.76488	87.33147	75.84392	68.80864	38.06101	34.71231	69.16246	49.39152	97.65079	35.17375	66.76726	57.37404	45.12813	42.35325	26.89659	37.13629	90.6703	56.09415	61.6717	109.832	88.20452	57.76456	178.56496	165.60553	104.34336	105.01459	73.29055	68.98723	50.07716	61.59723	72.59457	222.91027	38.02239	30.05476	78.38453	60.99602	65.6608	46.16082	37.88845	84.76051	64.50889	37.76212	47.09602	36.15916	20.95012	35.30316	65.83143	65.22152	37.41766	101.74113	67.33339	192.84631	34.44013	40.08314	167.35571	222.54964	98.27927	100.29745	57.40346	65.60567	29.03702	38.2118	56.11549	56.93305	63.8881	53.70105	53.00691	52.31129	58.90345	96.76538	162.54395	115.31841	53.84581	70.1493	109.05471	69.41307	70.8562	54.73004	69.37736	78.0051	34.94381	208.11887	242.53735	74.80964	79.31137	45.83134	56.89397	61.72381	135.29144	234.20057	53.85207	60.08312	30.78948	47.96291	175.4811	147.98962	81.3325	183.79477	51.35957	56.37036	221.68171	45.58458	47.38267	30.14346
GH68	1.64587	0.55538	1.89338	0.74077	0.38694	0.15489	0.48586	0.21477	1.3582	0.18213	0.4736	0.95198	0.23727	0.79762	0.74352	2.78218	0.30277	1.83444	0.65271	1.47546	0.56243	0.62999	0.22061	0.66782	0.13806	0.66044	0.20689	0.18749	0.02225	0.13865	6.69685	8.94526	0.12094	0.26315	0.16919	0.12418	0.34883	0.30593	0.45847	0.36844	0.26743	0.13272	0.48604	3.19183	0.25387	0.725	0.27682	1.10129	0.46902	2.1225	0.73818	1.58995	0.24992	0.1056	0.2683	4.08685	0.04959	0.15801	2.00831	2.28731	0.06834	12.39822	1.5339	1.8166	0.78076	0.18306	0.06252	0.41321	0.19733	0.1133	5.18201	0.05592	2.02576	0.57531	2.29833	6.2681	0.93732	2.16174	0.45754	0.78097	1.58464	0.11663	0.27643	0.66672	4.53746	0.60156	1.18007	1.21483	0.7765	0.07762	0.39223	0.10733	0.12493	0.2531	NA	NA	0.09995	0.12881	0.26522	0.32719	0.10815	0.86973	0.77171	6.50943	8.57426	11.85027	NA	4.35299	0.28483	0.64733	22.05148	0.4056	0.07286	0.01324	0.12826	0.72146	2.00863	0.12912	0.0897	0.82212	1.06036	0.83272	0.72806	0.14898	0.64976	0.02376	0.44354	0.2081	0.47337	0.18236	0.13824	0.42411	0.13603	0.07436	1.56134	0.97832	0.84286	1.40474	0.15873	0.1855	0.03284	0.02976	0.36237	0.51949	0.27988	0.57488	0.08054	0.33379	0.27576	0.89493	0.30067	0.08973	0.21636	0.26893	0.11101	NA	0.03517	0.67529	0.15827	0.06956	0.45419	0.03888	1.37303	0.26872	0.18555	0.12109	NA	0.41467	3.19814	0.50511	0.14345	0.20499	0.77626	0.11009	NA	0.82453	0.27755	0.13048	0.3816	0.1719	0.03005	0.54031	1.27868	0.89365
GH70	6.55284	4.14509	10.96489	2.92102	1.80563	0.71061	2.56022	1.33063	6.65965	1.7998	2.5259	3.21175	0.8724	4.17406	3.8211	13.45078	2.2281	7.856	5.51852	8.24895	3.26572	2.42357	1.36405	3.11064	0.90358	2.67775	0.90562	1.19483	1.11754	1.24837	45.40222	50.16103	1.03093	1.66085	0.54425	0.44653	2.79703	1.98608	2.92495	2.47267	1.54568	1.10063	2.5093	15.69697	1.37052	2.62124	1.95059	5.14733	2.02356	12.37044	3.60923	9.10811	0.8257	1.07229	1.37406	20.70201	0.98547	1.32408	9.01755	9.80568	0.7978	63.58552	8.89807	8.01158	2.96847	1.23354	0.36826	2.28233	0.57479	1.66355	28.13533	0.93125	9.94992	3.05093	13.49775	29.33971	4.59759	10.73124	3.81746	3.73999	8.53634	1.6554	1.05633	3.626	22.2332	3.30279	4.82741	4.87692	3.29116	0.6319	2.41275	0.24846	0.64772	1.01288	NA	NA	0.65097	1.03147	1.35661	1.61934	0.88374	4.75924	2.76796	35.15391	47.94466	63.7519	0.14427	19.86696	1.31463	3.85335	132.17404	1.87664	0.75458	0.76216	0.75069	4.40565	10.16695	1.29567	1.2006	6.55469	5.57667	5.1206	4.11853	1.36076	3.24844	0.24286	2.38383	1.16699	4.26693	0.86096	0.40774	2.86879	0.43924	1.17224	11.18836	5.14878	6.61689	5.37054	0.91703	1.27164	0.52114	0.77794	1.74252	3.22491	2.56048	1.98503	1.10311	1.1701	2.05348	2.95034	1.15951	0.67957	1.01831	2.09535	0.60263	0.0746	0.30459	3.35059	0.36776	0.22365	4.92516	0.42401	6.0409	1.74495	0.87471	0.43304	0.41362	2.75834	17.45522	3.15025	0.74533	1.21023	2.82724	1.65536	0.46779	1.8803	1.16186	0.9233	2.34241	1.80142	0.42269	3.33877	5.56487	4.42925
GH71	NA	NA	0.05942	NA	NA	NA	NA	NA	0.09746	NA	0.14986	NA	NA	NA	NA	NA	NA	NA	0.02545	NA	NA	NA	NA	0.05714	NA	NA	NA	NA	0.03373	0.02808	0.03691	NA	NA	NA	0.07955	0.07958	NA	NA	NA	0.01204	0.01499	0.34087	NA	NA	NA	NA	NA	NA	NA	NA	NA	NA	NA	NA	NA	NA	NA	NA	NA	NA	NA	NA	NA	NA	NA	NA	NA	NA	NA	NA	NA	NA	NA	NA	0.33695	0.25413	0.03553	0.01345	0.05825	0.03409	NA	NA	NA	NA	NA	0.0342	NA	NA	0.02096	NA	0.01716	0.20289	NA	0.18983	NA	NA	0.25619	0.41056	NA	NA	NA	NA	NA	NA	NA	NA	NA	NA	NA	0.14093	0.11928	NA	NA	NA	NA	NA	NA	NA	NA	NA	NA	0.36078	NA	0.54031	0.23561	0.03889	NA	NA	0.07655	NA	NA	NA	NA	0.0326	0.59231	0.03434	0.2581	0.31746	0.38399	0.05993	0.17137	0.01475	NA	0.07691	0.36119	NA	NA	NA	NA	NA	NA	NA	NA	NA	NA	NA	0.04142	0.06328	0.03206	0.18195	NA	0.02184	NA	NA	NA	NA	NA	NA	NA	0.03868	0.04475	0.02969	NA	NA	0.20084	NA	NA	0.15555	NA	NA	1.6023	NA	NA	0.01247
GH72	NA	NA	NA	NA	NA	NA	NA	NA	0.1164	NA	0.01245	NA	NA	0.03887	NA	NA	NA	0.04969	NA	0.05774	NA	NA	NA	NA	NA	NA	NA	NA	NA	NA	NA	NA	NA	NA	NA	NA	NA	NA	NA	NA	NA	NA	NA	NA	NA	NA	NA	NA	0.01554	NA	NA	0.035	NA	NA	NA	0.03124	NA	NA	0.0724	NA	NA	0.89856	NA	NA	NA	NA	NA	NA	0.10123	NA	0.044	NA	NA	NA	NA	NA	NA	NA	NA	NA	NA	NA	NA	NA	NA	NA	NA	NA	0.26274	NA	NA	NA	0.05564	0.03035	NA	NA	NA	0.03527	NA	NA	NA	NA	NA	NA	NA	NA	NA	NA	0.0398	NA	NA	NA	NA	NA	NA	NA	NA	0.05372	0.04359	0.28755	NA	NA	NA	0.12786	NA	0.01623	NA	NA	NA	NA	NA	NA	NA	NA	NA	NA	0.1186	0.1008	NA	NA	NA	0.02697	NA	NA	NA	0.05863	0.10541	0.1196	0.12438	NA	NA	0.0372	NA	0.38617	0.1106	NA	NA	0.06279	NA	NA	0.1641	NA	NA	NA	NA	NA	NA	NA	NA	NA	NA	NA	NA	0.01466	NA	NA	NA	NA	NA	NA	NA	NA	NA	0.13692
GH73	344.93009	456.08545	374.0167	274.35807	317.73429	554.76327	519.48131	369.87968	343.74021	525.6253	303.53831	300.95754	326.16521	233.70229	231.34788	268.46961	234.04329	217.79317	376.8216	322.43887	344.95172	297.96712	241.21998	229.55484	278.90843	201.60682	297.63387	273.1361	365.75652	334.20541	429.47518	391.80734	251.15086	233.87019	369.0895	391.87843	327.4176	309.63666	385.69312	328.12051	375.10896	386.74426	374.11479	408.31387	325.30608	384.07587	273.48709	335.93781	336.98698	272.71654	378.12626	301.73121	391.57722	382.99006	379.19098	419.97488	236.88714	224.76924	167.46774	188.67017	318.62502	353.8715	212.15671	207.01457	290.26861	273.93241	148.95203	265.41611	219.20174	267.13946	266.41544	198.19975	375.91233	523.68944	356.09078	485.68709	343.2899	285.77106	232.44383	203.69484	244.42827	301.18503	354.72794	359.07462	300.33427	214.1538	288.42561	278.1007	335.01884	236.93774	209.83144	289.62424	338.83643	258.14059	356.5636	355.6192	181.87691	226.11447	231.45851	222.52107	248.34565	242.34303	553.60656	544.43352	418.83606	456.72078	368.40336	259.50408	207.29853	344.84239	481.73712	618.62016	234.60889	221.22726	491.36902	243.56822	276.64843	280.61355	262.67143	333.78338	274.27148	377.04121	304.8817	359.87461	284.86079	286.3371	267.21105	238.55596	336.8881	385.12429	271.98204	614.90984	271.78285	233.15516	487.66619	629.90809	402.77315	412.57485	255.07213	268.52732	265.8854	235.8346	237.82911	428.64358	322.43673	248.36714	214.9349	246.0269	270.19727	463.25115	486.97782	316.72243	312.22542	298.15028	303.57326	261.8065	390.30185	398.09338	268.24153	412.71732	271.72726	313.23553	334.01865	321.15948	299.49352	257.59487	288.57205	226.23924	518.56924	676.54707	348.33566	299.27721	356.89398	397.33573	363.079	436.00686	340.34676	332.77337	236.88208	283.88196	310.11309	272.55965	318.59473	271.92526
GH74	50.43649	8.88238	17.11756	20.21617	33.12741	2.55445	3.84607	19.91769	2.98865	8.1297	20.73448	15.52459	16.81546	10.44974	10.81221	12.16735	17.3742	19.35768	49.60254	5.52691	35.69149	16.83574	12.9389	27.87752	17.97684	12.63529	0.73924	29.71226	3.5104	1.62252	10.71479	18.23509	71.49841	72.50344	15.89115	16.98022	30.16671	75.28827	3.60236	5.62309	42.31858	36.64993	13.44164	9.10189	7.49887	12.81406	5.1824	4.54277	38.67541	25.59766	31.66605	41.14147	5.31587	3.2825	17.35405	15.28729	29.79295	27.8412	7.46528	4.07565	13.36412	8.70696	42.83695	45.45902	3.82861	6.42034	36.89358	4.86949	5.2129	0.08531	1.11406	11.18217	8.05915	8.34928	46.18098	7.57198	7.9851	5.92284	20.87444	20.69406	8.80035	23.65438	9.65808	23.5204	22.02705	37.72268	7.08786	3.44964	9.79972	16.84554	5.67792	5.81771	14.08158	27.78039	8.41441	15.54226	3.83249	9.75237	4.05965	19.41115	1.93222	6.25195	1.99487	1.80141	8.96747	3.64291	29.38295	7.13619	17.95311	36.7009	23.08786	11.05821	5.71244	4.90502	39.48268	17.89224	13.77787	3.89682	5.43393	22.88908	16.93437	9.96046	10.74712	7.76269	13.31991	4.25132	9.23373	17.61996	8.59867	11.40805	16.83114	14.9168	1.61451	1.82744	1.05958	7.48012	6.22924	5.63953	21.22733	15.16055	3.86121	2.61037	15.72781	12.15126	26.51576	9.55076	10.27812	8.53911	7.17954	2.3477	0.23123	32.36842	30.24612	10.66723	22.36074	53.27521	6.66636	33.24584	12.2174	4.82667	0.92956	1.16887	3.26181	4.67492	29.69906	21.80524	22.91371	10.84691	2.64006	2.48169	8.89849	6.61233	47.96067	66.83131	10.6932	0.64671	28.09768	4.62157	5.88283	3.81434	20.61767	4.57415	18.29701	2.13043
GH76	117.73692	75.57809	126.38165	43.91353	77.37678	13.60977	15.4756	50.16113	37.79304	158.7925	47.00651	38.3603	53.87008	59.4871	38.78206	33.86789	54.80185	6.29655	149.45155	81.95503	186.90041	40.06818	30.54618	147.56402	85.67394	89.83317	18.40414	63.07369	29.5846	16.90066	15.67722	12.94498	207.84087	174.28274	85.55571	89.42418	150.15189	186.63478	72.22922	49.47214	137.9303	123.0787	141.67482	124.7573	37.57999	22.03689	35.59222	26.79986	280.33786	87.82647	151.18879	205.31176	27.96409	28.85488	194.06013	135.24753	147.26289	63.86908	45.37828	77.59345	75.57462	47.63356	90.989	88.84093	20.81274	22.90343	56.02601	14.47143	115.39785	219.32486	9.71369	74.45415	55.55201	76.3129	48.23484	80.48749	31.46445	26.06034	41.04325	43.99443	38.6692	51.07297	72.55205	168.72455	30.12633	26.06618	77.46534	54.24334	43.26113	47.79964	14.67805	45.65784	12.49144	43.18529	67.74537	53.13577	14.77606	46.38516	32.28026	31.37422	21.63798	24.44517	18.51849	10.17052	21.78495	11.56742	65.96612	52.32474	31.7465	249.16061	289.65985	35.39852	12.07184	26.60221	295.6158	228.16628	224.45915	13.39576	17.32835	338.73364	266.87218	138.20918	44.47285	46.0112	26.55556	28.65337	14.7925	7.88346	55.56417	66.66932	52.27556	30.90114	7.52647	14.5618	30.87453	19.07185	40.09907	40.50228	81.90753	53.00645	27.88574	20.68943	95.58081	249.45704	245.13658	35.65806	35.88926	41.74972	30.84005	17.95726	10.74354	169.67773	123.66268	72.62994	161.42008	45.91733	20.1239	25.56263	9.54994	15.0503	6.54952	11.40405	36.28324	23.84037	157.06658	47.44954	80.74283	7.07235	12.31291	37.54378	77.17855	50.18823	210.6184	225.95056	19.42057	13.46886	53.09107	13.53988	57.95213	59.44591	7.34999	49.57509	91.91035	10.07352
GH77	726.116	645.19605	799.31153	817.60603	823.7306	758.91713	749.77434	684.97621	666.49771	578.17564	738.98874	702.55241	644.22536	780.7813	771.56103	783.1866	808.83252	806.49616	735.8668	786.27064	613.69988	798.65909	709.11594	597.98241	630.92066	674.54247	764.82664	666.29813	529.6118	615.01164	822.35692	818.49435	721.38178	770.10133	718.3692	698.39149	860.03818	673.9709	816.09286	809.77247	633.06593	634.38048	743.0918	838.50393	805.80587	693.1689	709.72361	919.70284	679.39394	759.68987	697.96385	716.3029	588.68285	595.99102	635.87794	677.15033	753.72829	789.02866	802.92813	807.86907	806.72803	888.39224	734.54644	747.72787	654.28408	660.72858	722.94471	724.56257	544.55501	509.76516	809.39698	718.07549	712.64619	663.87061	696.13284	635.21035	770.79409	816.71759	814.49916	714.54687	834.15473	728.10234	830.21038	774.82106	737.83961	732.45211	735.38613	581.78525	764.65229	577.97805	573.6041	487.45907	470.62152	598.09753	448.50685	500.40085	678.85951	631.42187	615.37369	740.51632	680.33576	702.63347	610.4769	725.0642	725.13437	738.73967	566.08009	861.60747	759.38319	697.97895	658.38832	593.59841	818.90424	680.21118	663.43671	881.2612	817.57894	755.80963	799.47083	744.59518	764.76145	628.89978	682.37988	697.41109	696.17081	466.558	716.28387	739.20451	664.37449	597.03246	614.4669	577.90754	761.28169	637.13732	676.03166	764.27183	686.62149	685.03808	686.70337	686.60691	742.82672	774.35952	792.09657	688.64004	702.50384	757.02248	724.9893	675.5613	724.75668	714.26083	744.70455	621.10548	728.29989	642.80338	618.90016	658.39931	543.24087	552.09499	538.89727	623.89673	567.48532	857.31626	952.3193	692.14251	629.3429	685.04909	736.03207	835.28521	771.29193	618.20074	797.143	912.99431	719.25848	688.88764	772.73119	808.72908	816.96384	757.20238	691.08802	745.18717	752.19007	855.29689	782.62026	583.93076
GH78	395.14326	498.44507	433.13794	260.81964	321.57317	355.49067	224.64858	271.55943	323.63943	759.1248	373.81558	307.68759	409.56581	377.96182	339.67595	367.60197	388.26199	254.2406	454.28045	435.98088	432.1339	257.02541	232.5318	277.69445	360.35982	221.04039	207.85096	273.65119	375.82516	253.192	296.89378	316.00021	561.54509	496.24746	465.78746	470.35907	604.22529	598.0958	445.70246	326.14033	439.2618	408.62161	527.73774	551.32877	386.01523	270.2372	409.73518	299.15328	506.67158	357.46065	425.36551	369.10635	183.13949	337.17854	721.6734	564.19854	320.07635	401.08084	224.95711	262.7759	441.61656	392.41072	205.69374	207.41559	304.64213	340.3919	412.92947	312.46255	126.73921	170.40142	281.93526	166.74358	445.39833	460.74194	265.40727	400.98103	218.56838	174.64354	296.67019	474.56683	379.68669	491.44484	253.2791	313.28629	281.8959	271.98822	291.22072	358.05065	462.62169	316.9783	521.06813	432.40217	631.61767	263.71947	254.05506	268.40691	514.12792	507.04554	430.07812	382.0388	383.26404	309.92052	215.54095	249.09244	345.58649	397.58582	376.75331	291.7305	329.15809	377.2509	353.94207	658.17679	295.01291	305.9178	416.37189	387.54904	404.87133	389.68398	381.19752	496.22292	392.67045	412.52975	284.42169	329.09103	246.26443	427.75068	377.85404	345.76955	421.89564	396.20146	298.8381	557.64991	295.50592	279.74828	448.49893	539.12268	377.59263	374.65463	470.26423	374.47044	352.03306	442.43819	373.11548	412.96639	422.66185	282.33187	289.40871	268.55849	253.59609	323.85827	236.58419	563.97703	374.36873	423.73702	558.24623	254.64961	357.96814	372.09465	245.73838	346.11821	295.99046	219.65476	197.75085	236.64627	412.58008	375.38947	317.79774	288.48827	443.36882	620.55051	368.63951	329.31811	452.82619	504.39856	467.22101	393.26877	441.42701	478.56738	474.55893	433.2707	498.29851	327.07988	416.33077	328.95755
GH79	2.87164	3.10105	0.79789	13.57531	21.01253	3.49009	1.8977	4.43979	1.01843	3.3411	3.02025	5.13976	8.31106	8.64633	11.04941	13.37579	14.51386	2.14497	5.95287	3.53	2.18013	8.78357	5.78921	1.39292	11.11993	4.06447	6.61255	6.75756	2.5295	4.38572	9.34009	19.24085	2.87221	3.87741	8.77823	7.7138	3.38618	5.43851	2.98769	5.14476	3.77007	4.08389	6.89199	9.83121	7.35903	9.31181	5.51852	11.02511	3.61893	4.91622	2.00615	1.28447	0.34127	5.70995	3.70306	5.53807	2.01482	2.43744	7.42328	9.57419	4.77495	4.47465	3.05449	3.52562	2.83424	2.14348	7.17865	3.19369	2.43117	0.24834	13.09184	4.03292	11.8169	1.38109	0.70002	0.92644	2.20547	2.06405	4.50136	1.09612	2.22257	2.63747	1.49597	3.1565	2.39558	1.94599	3.30365	2.45629	5.46488	0.47327	1.45272	1.21573	0.43339	2.7531	0.50157	2.05296	5.63135	3.33238	1.25011	6.27943	3.35132	8.62385	0.56597	0.91061	3.02429	1.97238	2.844	4.34443	6.02556	15.254	13.49545	1.16447	3.49348	0.82107	3.08304	1.69468	1.68654	1.14249	0.87241	1.18946	0.64444	5.27293	4.47074	2.33574	5.21389	3.18632	5.09066	4.67789	5.00927	3.24616	4.89423	0.57502	2.6096	2.61214	2.84706	1.59638	2.69766	2.36338	4.43057	3.89134	2.94836	1.95642	8.21149	19.4169	19.6913	2.31445	2.40913	1.86235	1.75558	4.60059	2.20694	23.98374	8.85441	12.55416	23.64553	0.39373	2.73886	4.38624	5.44375	5.27881	0.79549	1.44936	3.55428	2.12717	1.4371	1.03456	3.05563	7.2553	1.12916	0.46102	5.14277	3.79254	6.49063	10.6547	2.4308	3.63971	10.85027	1.16631	2.50682	1.94985	3.8844	3.99356	2.00701	1.29839
GH8	88.33829	69.52004	123.91968	94.05107	118.29434	145.63598	109.71573	56.94271	45.14352	34.64323	80.88043	88.15055	65.23866	113.9723	90.84833	109.44758	115.38836	149.23214	82.82633	98.80047	89.44895	82.40962	81.79786	69.90945	112.19576	95.34251	128.76578	77.15486	30.08267	33.65599	131.28386	110.7351	49.46926	51.13056	113.07647	96.73986	69.27396	49.68157	87.00415	117.55104	72.05926	74.88284	115.80944	126.48117	125.65797	101.41975	81.2386	127.12835	47.55546	134.49902	101.36006	147.39411	49.86664	43.35986	48.01159	54.45668	89.5564	92.62988	111.8307	110.03808	116.62553	104.57721	80.8098	76.62081	72.94227	65.37101	86.69418	85.78368	16.69661	69.99033	130.39817	76.3525	70.20086	38.80752	78.76634	81.04226	78.79222	93.3786	97.20207	78.74262	65.71719	81.42091	52.89191	93.29383	85.94173	87.24889	73.44023	61.43681	116.8218	32.28236	59.40534	38.01111	33.48519	67.23696	38.59705	47.09768	73.00907	68.00761	57.96708	106.68819	84.66058	63.0819	149.3798	148.77737	111.57654	112.44275	61.50985	103.7053	84.01516	76.07388	43.4489	151.7875	110.4255	55.79418	68.55661	175.43345	136.49369	99.15748	96.04127	134.75936	136.50273	43.57282	59.81671	40.80069	31.91886	30.77776	72.74009	79.04795	38.03864	61.02094	88.88624	143.69513	96.85103	56.026	123.10091	158.18346	76.67632	74.19208	64.40526	81.23275	70.62912	82.75701	72.20036	55.93103	74.99199	77.32106	80.21197	65.62836	94.46074	93.09524	159.64086	129.70593	70.11899	113.34058	126.47473	58.03335	76.30214	92.47716	54.60188	87.00638	51.70574	73.98962	52.07029	60.41414	65.2235	75.17837	92.68665	107.32658	122.21589	158.74731	87.44122	129.26888	56.65792	57.213	107.92865	84.56053	81.95786	114.24725	83.67495	89.11503	175.19609	112.3661	90.89727	38.11774
GH81	8.1051	7.73316	2.97813	10.23562	5.62716	1.28737	2.33367	5.34736	19.91365	10.74315	5.75975	2.50665	3.24777	5.94207	6.42536	3.02019	2.97278	1.23142	3.931	8.83435	4.26667	7.8808	4.54542	2.11569	8.80691	3.38715	4.73024	5.40651	2.44953	1.97206	13.64159	7.15885	5.84919	6.20098	7.54574	6.77606	8.49247	6.59869	10.3406	4.11787	3.11722	4.98441	13.04589	14.29601	11.40908	8.53341	5.72937	7.61811	2.64008	2.12588	4.93275	12.14787	2.19217	4.54909	8.77305	9.99409	4.6784	3.17306	7.86815	3.81985	6.16889	6.20517	4.02194	3.70844	0.12775	0.72324	20.0404	0.38332	0.01943	NA	14.49178	0.02213	22.20597	15.35128	1.13967	2.9102	7.50408	2.37413	1.31454	2.79468	3.97288	2.38139	2.12428	4.29981	8.84919	14.5725	15.84551	4.03419	8.30765	5.28616	2.26349	7.24617	8.38301	7.15298	3.53852	3.96429	0.59018	1.73564	0.6886	2.46153	0.63492	1.77177	6.39355	3.70313	4.21302	13.07971	11.66391	7.60279	5.0524	6.57894	10.04888	12.99911	6.98225	6.89962	3.49971	5.60196	3.19523	4.93559	7.47147	11.21659	8.11434	12.6164	4.32054	14.35873	2.47719	1.18668	1.64939	2.04494	4.52554	2.73497	4.58153	12.91614	4.45345	8.43117	13.76126	12.23448	17.90372	17.06037	0.93832	1.57418	13.52289	9.86975	10.55802	3.48423	2.30351	3.77236	7.2831	4.78747	4.45277	3.0643	0.80202	5.65354	5.32297	13.83633	6.96508	5.46264	1.87371	1.99979	1.60021	1.14333	9.94057	6.04884	16.34934	18.91372	2.36569	8.64872	3.89669	6.99087	7.44423	15.754	7.69876	4.24529	10.35823	2.48442	8.88003	5.40032	4.23053	15.39845	1.65415	2.44644	5.72704	8.80376	2.63086	0.24453
GH82	NA	NA	NA	NA	NA	NA	NA	NA	NA	NA	NA	NA	NA	NA	NA	NA	NA	NA	NA	NA	NA	NA	0.59687	NA	0.53595	NA	0.48112	0.51043	83.43327	66.76343	NA	NA	0.05234	NA	NA	NA	0.07681	0.03896	NA	NA	NA	NA	NA	NA	NA	NA	NA	NA	NA	NA	NA	NA	82.60583	85.05364	NA	NA	NA	NA	NA	NA	NA	NA	NA	NA	NA	NA	NA	NA	NA	NA	NA	NA	NA	NA	NA	NA	NA	NA	NA	0.07399	NA	NA	NA	NA	NA	0.02549	NA	NA	NA	NA	NA	NA	NA	NA	NA	NA	NA	0.04052	NA	NA	NA	NA	4.42778	9.26928	1.43333	1.51239	NA	NA	NA	NA	NA	NA	NA	NA	NA	NA	NA	NA	NA	NA	NA	NA	NA	NA	NA	NA	NA	NA	NA	NA	NA	NA	0.12827	0.06707	0.21548	0.03533	0.31436	0.34183	NA	NA	0.16461	NA	NA	0.03927	0.02852	NA	NA	NA	NA	NA	0.059	0.01076	0.01536	0.13582	0.05413	NA	NA	NA	NA	NA	NA	NA	NA	NA	0.3932	0.06121	NA	NA	NA	NA	NA	NA	NA	NA	0.12368	0.41085	NA	0.10771	NA	NA	NA	NA	NA	NA
GH84	53.83578	107.04112	127.46287	29.93735	43.91342	17.59397	20.12741	101.55661	73.94475	183.96329	47.28644	39.65215	48.99621	54.51497	33.6903	41.52965	41.94787	21.15876	57.70253	111.47062	192.28777	32.76025	47.24842	135.21658	72.00033	125.25047	50.51107	74.5334	68.60327	34.07044	66.42519	62.14823	184.29025	159.60841	116.54927	126.44533	108.00525	152.47763	86.05608	63.03762	103.50604	126.95129	35.78589	46.31576	50.08043	23.76121	19.63315	55.35179	123.96264	62.73838	110.23225	81.31156	54.23406	53.39816	146.21304	115.27091	110.70286	64.91861	26.29455	55.70136	74.06911	55.99116	50.61191	50.58517	36.03687	22.54193	61.63225	20.7672	82.93756	159.10127	42.7567	99.98191	82.81415	108.94975	79.10407	114.4285	64.72098	52.86332	42.62139	33.49681	41.43258	56.0915	58.07035	70.11088	70.19242	51.18837	55.16544	51.20243	78.8559	68.60883	37.29156	96.24374	69.69545	79.73187	61.27577	73.82528	192.64016	65.45509	43.6979	32.71283	38.43707	28.71689	101.36779	120.92092	68.38149	82.42238	104.32705	50.8033	63.42864	33.6145	45.24183	152.91982	30.52663	72.99191	132.51682	68.76481	74.21329	64.04898	50.69197	114.79127	100.12276	95.58461	43.91536	60.85816	48.73236	92.95065	53.61093	40.72364	32.2824	98.66804	50.59022	147.13767	19.53155	22.53675	116.32168	181.10648	119.07778	119.17017	92.46516	79.10268	35.97573	48.64224	69.23559	56.13631	44.24894	51.11603	42.42051	53.37413	43.05205	27.13461	21.36186	81.79992	97.58821	95.5371	71.03344	117.65839	32.66438	41.18313	19.14849	40.18423	21.7635	125.61233	166.98813	47.96273	165.16919	84.39482	99.92747	87.59153	106.20292	167.80057	70.57602	55.47741	86.53403	110.84989	138.16689	116.66333	93.31927	134.86896	82.25407	88.74526	135.87655	54.84559	90.90032	27.63935
GH85	42.08752	12.92418	15.18912	12.23426	5.53918	5.58092	13.67659	14.42998	15.39964	14.90728	9.29505	11.04961	9.60311	15.6382	17.3783	26.35086	14.73653	11.73048	24.33565	30.44726	10.36516	17.49682	12.86139	14.27292	10.09732	9.42394	6.12229	12.42748	49.31027	41.50045	13.09297	11.79812	12.91238	13.50952	10.63333	10.64278	36.64897	22.6011	7.23593	7.95846	14.50515	13.10892	7.20933	10.8454	18.63148	21.06848	24.57072	21.13711	18.41843	37.70223	22.3976	10.34515	42.02598	37.07484	15.91184	25.51281	18.47728	25.83865	1.22038	1.60529	28.12517	29.99584	2.04597	2.98698	9.73471	17.41924	14.9373	6.81382	19.60319	14.1802	10.67016	16.31728	7.16378	9.31868	23.47546	9.26682	37.31986	12.80543	12.9302	16.86566	18.14166	12.95063	5.83344	3.62513	8.91499	8.65303	13.00142	19.83235	18.44449	32.36356	7.42215	56.8924	7.97649	19.34516	18.6003	21.25229	26.3343	23.98971	34.73227	39.10024	40.23449	34.61488	7.36652	10.08975	9.02694	5.9911	21.54084	22.17794	39.51414	5.26353	5.12732	11.86406	14.23877	70.82976	5.17267	12.82306	9.66057	16.18855	7.42516	9.64835	7.26236	21.85198	15.67863	21.95956	16.12182	15.67974	8.62531	7.67251	6.21308	25.3459	24.35318	8.79962	15.51853	24.4644	47.97013	129.12799	61.25088	62.04988	32.76424	28.15258	13.71399	14.10464	31.45134	15.7538	14.13228	35.51483	23.73275	24.93707	30.21518	8.72333	5.11407	7.64521	11.92599	5.80214	7.32477	18.55608	7.01549	8.62573	8.55845	5.18952	8.17033	28.02333	45.27104	37.26728	21.3101	20.9552	21.3159	17.7881	24.81504	9.93164	10.37959	5.55986	6.63356	8.77629	12.9083	25.6365	33.42131	6.67565	14.53606	11.71999	5.40465	14.52731	15.60865	6.13115
GH86	NA	0.03187	NA	NA	NA	NA	NA	NA	0.02447	NA	NA	NA	NA	NA	NA	NA	NA	NA	0.03263	0.01839	NA	NA	NA	NA	NA	NA	NA	NA	NA	NA	NA	NA	NA	NA	NA	NA	0.01614	0.01228	NA	NA	NA	NA	NA	NA	NA	NA	NA	NA	0.03786	0.04868	0.01629	0.06868	NA	NA	NA	NA	NA	NA	NA	NA	NA	NA	NA	NA	0.29049	0.28322	0.07399	0.16593	NA	NA	NA	NA	0.00951	0.05557	NA	NA	NA	NA	NA	NA	0.36473	0.67661	5.91824	27.9005	NA	NA	NA	NA	NA	NA	NA	0.0486	0.009	0.13824	NA	NA	0.02016	0.15108	NA	NA	NA	NA	0.41761	0.08055	1.66603	0.03775	NA	NA	NA	NA	NA	NA	NA	0.01427	75.57178	NA	NA	NA	NA	NA	NA	NA	NA	NA	NA	NA	0.01252	NA	0.18316	NA	NA	NA	0.04971	0.36987	0.00819	0.04404	0.06204	NA	0.09766	NA	0.66229	0.15537	NA	NA	NA	NA	0.12785	0.10055	0.05747	NA	0.0186	NA	NA	NA	NA	NA	NA	NA	NA	NA	0.02119	0.01514	NA	0.03148	NA	NA	NA	NA	NA	0.01821	NA	NA	73.469	63.01575	NA	NA	NA	NA	NA	NA	NA	NA	NA	0.02259
GH87	1.10528	2.67781	1.4855	0.93648	0.55551	43.55289	19.26578	0.44715	2.40731	1.45176	0.88369	1.29783	0.82779	1.22563	1.35051	2.38412	0.92465	1.56677	1.59824	1.70821	0.33388	0.76654	0.12422	0.52219	0.28827	0.40751	0.1538	0.18249	15.6936	8.95862	6.38268	8.30126	1.04282	1.26024	0.07264	0.11607	1.83117	1.18206	1.57053	1.04032	0.15491	0.11103	2.35864	4.21088	0.17806	0.52449	0.03999	0.65116	0.3144	1.73402	0.68897	1.30741	10.34257	21.03971	0.30914	2.79241	3.89327	1.09395	14.84275	10.90925	0.23937	7.73446	4.23447	4.3249	141.02783	123.37229	6.20073	114.75536	0.0374	0.17486	6.25873	0.06637	3.27064	1.19878	1.61675	3.954	0.82792	1.10466	0.77439	0.48071	1.82984	0.64047	0.31982	0.58383	4.00497	1.25635	3.68224	1.42611	0.34921	0.22789	0.3928	0.4787	0.25759	1.80115	0.31979	0.20649	0.19664	0.75896	0.39326	1.41715	0.27465	1.12405	10.42538	20.85977	8.33575	11.32656	0.88972	2.99747	3.11106	3.14751	17.80863	0.18652	0.09693	0.08256	0.60116	0.4493	0.96688	0.18912	0.09	0.42004	0.39209	0.98565	1.26061	0.76805	0.72207	0.58688	0.46543	0.1659	0.64546	0.71295	0.64	0.19127	0.18823	0.42408	1.68978	1.25173	1.35309	1.61854	0.58039	0.50818	0.82895	0.47749	0.66578	0.71369	0.94291	0.43687	1.85819	0.35904	0.72205	23.28735	28.62835	0.93176	1.3245	4.20578	0.93145	0.0925	1.10557	0.77877	0.80037	0.70558	1.70324	0.30482	1.16597	0.57782	0.40799	0.2069	0.21145	0.44775	2.3005	0.51637	2.39708	0.91614	0.56202	0.06036	1.1103	0.63488	0.37929	1.1083	0.50154	0.60569	2.54361	1.48261	1.05409	167.93034
GH88	346.17197	228.63196	377.71239	118.60424	151.46498	55.11613	87.71682	190.46159	167.6794	556.39772	233.77598	203.11577	236.73238	268.91931	271.3152	255.79601	340.21006	74.45103	377.80681	312.21222	445.11404	122.9524	280.83653	357.08553	391.27449	220.36889	175.94319	299.45758	268.79549	189.25539	106.44105	91.12293	305.54699	245.32753	332.10968	332.78267	448.23738	433.16609	283.41306	323.85286	344.06049	333.5668	175.44449	195.67004	219.0077	100.57054	101.13105	184.87325	484.43033	327.60611	530.96248	582.25188	269.67423	250.31684	554.29369	481.77874	273.88409	147.32578	75.34533	92.70868	322.69388	207.62078	116.678	121.13733	103.68406	122.46915	69.08164	101.67513	101.52087	166.53428	113.99226	95.99372	201.10411	245.87509	339.66547	312.90058	131.95751	176.74728	201.054	177.66986	200.59412	195.0652	189.17627	144.27484	207.50353	104.1198	171.59402	120.52221	268.25059	144.69336	50.98978	153.05829	63.64865	160.06026	82.70199	89.55326	87.34638	117.09706	89.48966	103.41508	104.15297	89.84837	138.26834	148.38054	139.39581	116.52202	164.7626	200.21759	84.56769	341.33525	304.03908	175.34869	121.61145	163.08331	282.57045	278.31733	306.29654	206.04297	203.80118	418.28684	309.39402	284.75021	186.94616	184.74747	126.76196	102.56572	140.18839	54.40716	159.86272	297.67221	131.1736	181.07625	64.62467	61.97324	105.93583	78.96286	153.72776	154.57447	162.2471	114.45655	79.84619	75.80686	132.10723	328.44975	326.24755	221.46464	150.33401	133.99335	165.62436	94.8661	47.69083	548.02814	322.65708	318.50089	532.31127	142.39103	81.12755	146.36998	64.28128	77.15168	55.89587	106.66117	137.71297	84.03946	362.88344	99.30087	219.0056	70.22631	131.59673	179.78457	263.34315	263.95941	315.45435	382.75287	203.7094	295.79921	373.29572	221.83926	136.12752	121.65267	142.91974	177.48516	200.90515	119.21618
GH89	82.25689	252.53131	274.35823	75.06216	42.04913	61.52089	73.75763	197.09243	156.36002	454.67302	100.04803	86.30981	99.80343	107.33825	83.34119	90.59998	106.55171	52.05993	74.99996	179.62175	234.17008	61.15594	149.31719	194.43805	224.53362	149.24879	115.19792	188.6896	147.54065	83.2806	79.89602	47.01617	173.8501	133.08756	167.48474	174.40215	371.86329	295.77435	150.28592	113.32867	152.52403	181.30754	157.79942	173.18196	144.21707	54.19496	53.8242	148.7589	363.87384	146.00343	256.53243	146.93498	113.50169	106.23613	443.84501	261.63281	175.29543	131.6961	33.95355	84.6928	164.83782	144.02391	80.35544	79.25834	65.22877	67.05202	122.19215	62.34566	131.58383	236.21742	76.38714	155.7353	197.68853	235.94686	184.22428	268.4118	119.55449	94.08167	120.37431	105.67959	111.93322	148.94417	159.85994	111.03518	88.87575	66.98562	119.45024	89.68167	176.25375	90.88715	92.55991	172.88872	164.99945	121.58059	135.63614	144.80138	330.89427	117.30502	146.08597	81.22587	120.5304	56.14542	104.62843	110.17718	98.97045	97.10468	176.22868	90.30349	117.60433	220.383	240.63147	113.0329	76.13489	156.25242	153.99036	234.32463	248.0138	190.72226	130.60414	365.97025	273.61594	213.5473	125.67697	119.80515	78.22147	176.55155	85.36504	82.55547	84.97279	254.7317	68.83754	154.40642	57.45745	46.1451	131.27141	168.71243	182.92688	178.38801	108.9321	83.54537	85.79099	82.6592	128.19476	229.70012	235.52555	146.26153	105.30411	110.27441	113.10692	89.6781	81.00156	226.32864	248.6149	224.5162	220.10312	195.06051	87.16903	79.87187	54.73345	78.62727	62.14054	193.65544	263.98443	74.67293	240.31995	176.05685	145.19602	140.05483	71.62818	128.94436	106.00378	99.28855	96.01946	157.44596	113.69886	89.73918	200.10406	100.72226	169.81442	191.17034	63.93755	124.0633	165.45994	83.17744
GH9	292.11268	139.41479	183.84249	195.76711	263.14253	56.089	57.4771	199.79643	80.89761	88.82169	174.42453	177.59995	169.51164	204.94461	197.63654	173.63444	239.22091	23.35106	336.79403	79.10722	403.55301	211.54217	260.81389	314.8662	241.02395	188.96079	115.04117	236.83249	81.41884	84.14584	112.92848	151.66381	598.97788	528.48646	165.15516	160.37717	213.26032	420.88288	86.76607	83.38634	251.64934	252.93609	115.15343	106.41977	69.43994	81.30163	52.34123	57.53887	424.86272	240.6387	350.42731	484.69987	119.1794	95.53482	142.05573	171.63757	325.21538	117.30527	51.61643	96.27621	141.68927	63.80738	81.75241	82.64012	119.0194	120.94848	65.33492	92.16133	70.48789	138.92924	53.26067	105.60712	199.17173	134.1378	205.31183	195.568	163.56891	113.86982	157.91302	130.14947	50.04431	88.92713	162.06585	243.83878	129.14185	108.08384	189.91451	138.11991	105.64266	104.74985	60.40475	74.5062	44.23064	109.06056	77.57892	79.42917	95.51031	109.67525	55.04038	99.13746	32.12789	122.75573	113.91735	112.33245	107.64806	67.83635	121.50115	76.39013	75.46634	215.78185	218.2944	30.7141	43.98343	81.36154	462.76899	222.73093	168.25097	42.30791	30.7767	252.77723	211.72499	97.41852	90.51401	56.45713	89.92665	61.2109	116.41933	101.39628	84.95858	112.94866	184.20357	94.32456	53.71232	38.16462	89.47387	85.335	140.78155	143.93969	229.72616	180.28999	60.68076	62.32243	143.7157	158.92297	198.26266	79.80229	77.14178	86.23917	69.78414	140.34505	37.9047	345.88988	153.8264	91.45732	306.69973	145.55166	128.47821	111.75853	128.49433	113.15561	30.70471	236.31037	305.78226	84.38051	279.73641	69.84303	175.69447	57.32469	20.50219	32.0262	98.56544	100.53324	388.61556	432.89099	75.84238	21.57339	182.5526	49.33746	73.62008	66.4458	54.25573	55.19244	124.19421	79.69445
GH91	9.28076	23.52552	14.29925	15.16543	16.72564	8.63553	9.07881	24.86975	3.76644	18.011	4.25943	2.90141	3.16543	12.86471	10.4835	15.96946	19.22086	51.27479	7.02405	21.0139	6.91124	15.00183	9.30253	14.62524	9.44772	19.39122	7.61385	9.54105	11.45839	12.92546	6.45148	2.26312	18.35846	18.89792	7.10023	7.63462	30.22299	14.49643	64.06381	27.93338	4.0871	7.0563	20.55576	23.34871	15.92043	6.97591	8.79261	26.70942	2.3947	17.71256	3.14539	4.01175	10.31576	11.86778	12.87908	12.35987	4.54932	11.56603	26.78558	6.5929	5.7741	12.61725	23.7729	23.34037	6.82298	5.47235	6.23699	16.51561	1.28133	9.0195	34.10611	0.95398	13.23126	34.45286	35.63069	45.1977	18.45104	33.096	5.55989	6.73322	4.61994	8.21965	34.31581	33.80952	21.83334	18.46395	4.3822	3.88506	16.00562	7.27726	6.45886	9.03323	8.11671	10.29483	17.84632	7.57487	10.37632	4.74385	3.62324	4.34896	5.81647	5.11665	2.11197	3.04928	5.28708	2.44144	2.84562	10.51866	14.06422	16.53659	17.68153	14.24013	7.26558	10.00333	45.07286	58.12147	63.82061	26.52365	14.61688	92.50364	80.59668	7.57784	8.03547	18.97751	25.18017	4.7277	13.05185	11.8282	9.6575	3.4974	3.13147	19.90159	28.41188	14.89333	4.06432	2.35128	4.83555	5.38305	4.74969	8.60515	18.32375	18.98621	19.09455	43.13949	23.90578	8.68382	9.94175	12.08053	7.46995	6.32054	11.25458	16.84856	20.62165	53.72712	18.50546	5.87795	2.69387	3.51309	5.81294	9.30432	9.90439	5.08727	9.77978	8.02235	12.23698	18.45783	24.7149	54.03958	15.9261	14.96433	48.87227	36.09408	17.74259	23.64252	19.53095	40.71544	66.44741	16.38899	6.83252	9.72166	12.22548	7.48872	8.63198	6.70707
GH92	1132.72827	1008.16895	1372.74842	327.52329	500.26194	333.60143	245.05926	566.98601	498.77052	1729.37426	677.16138	432.71791	765.02737	797.19043	566.42034	589.97458	856.84684	129.85078	1282.75418	1108.96811	1652.81219	320.19925	553.98483	1115.91276	1003.60969	810.9813	453.85609	755.48896	608.30223	412.51479	428.22847	448.91851	1512.3472	1269.57218	1066.28808	1110.71749	1400.87479	1509.12839	1051.78095	658.75507	964.5037	902.70921	947.76437	776.353	602.75174	224.21795	385.85669	452.07676	1825.05947	744.62831	1409.85988	1370.6044	561.42762	602.74631	1723.93396	1323.46989	969.23679	534.68218	126.37151	410.38529	826.20022	552.48968	538.29768	540.70086	476.87645	549.08593	401.53896	412.37788	532.42059	931.89896	182.34297	333.27859	934.69249	1117.19588	831.0079	1202.2504	462.54306	472.73976	524.51941	541.91883	371.67979	550.33205	676.51312	666.0557	435.84985	275.95008	595.69252	454.28753	725.19027	412.44597	140.96387	500.9604	139.53383	425.28455	460.50745	416.12143	282.79759	470.97619	464.53815	470.48001	440.8517	288.36464	744.68514	631.53865	483.61722	408.08283	673.92518	631.65098	305.41649	1031.53694	1232.37806	990.72821	242.27715	405.72291	1333.63941	925.13034	982.18472	454.84278	518.20187	1594.33429	1180.59064	1215.22609	586.69945	488.22705	352.39391	360.48712	369.51899	173.60943	373.72975	1018.22782	459.90137	927.05913	101.16945	132.55232	569.57351	603.69922	640.11113	647.83293	688.24621	563.12394	258.5762	198.2052	708.30591	1024.74797	1076.74921	746.99394	546.5437	563.83497	588.58497	448.03026	419.7153	1436.40027	1119.02847	738.59107	1385.03825	626.94848	280.00727	317.59884	145.23764	302.58828	122.03751	921.57928	1318.44444	366.86243	1139.00803	672.34413	751.31065	105.50567	496.54059	1018.20072	731.79844	568.14458	1224.96693	1271.80761	557.25197	568.12388	742.20228	464.16234	692.68161	636.29517	406.5245	610.10065	1071.30065	454.19973
GH93	6.70601	0.87205	3.2128	1.71707	0.76953	0.14826	0.30152	3.5295	0.86114	1.46609	1.66871	0.64145	0.42339	1.79685	1.65913	1.94034	2.65207	0.50777	1.22638	0.5749	3.18559	1.82718	7.38491	0.54084	5.21525	0.42098	19.90011	11.17254	5.06099	5.40764	0.97573	0.82677	4.2789	6.40194	0.32678	0.43637	10.91044	3.75542	0.15896	0.14751	0.76669	1.41159	2.03089	1.25796	2.70443	2.4619	4.7834	0.45708	1.00003	0.18283	4.94112	39.23325	5.29137	3.57783	5.58621	9.66508	1.92413	2.74384	1.31985	0.2037	5.23733	9.84352	4.14145	4.75687	0.93244	0.76172	0.37092	0.82569	2.45734	NA	1.18799	1.16876	1.28428	2.98136	0.85997	0.71079	3.26281	1.45147	0.80391	1.29715	17.7588	5.09282	1.30795	1.26579	1.46607	2.10118	18.8722	19.31015	4.36791	11.38604	31.73483	6.87975	8.96796	1.44586	0.87702	0.90282	14.07073	15.75945	6.96283	1.31981	2.10455	2.88243	2.34381	1.47371	1.95653	2.11058	0.76455	1.16989	2.05357	0.30102	0.3639	0.17755	0.97577	2.12257	1.75198	NA	0.02165	1.18933	0.51738	NA	0.08751	0.60989	0.65063	0.3494	0.85336	0.58694	1.13536	4.24754	2.27143	9.10492	15.83094	0.27808	51.52512	19.59022	1.16718	1.09363	1.58219	1.20224	10.84758	20.01755	34.50716	36.23271	3.48851	0.24201	0.19672	0.59241	0.77476	0.71156	0.28404	0.31769	NA	0.23722	0.23163	0.46899	0.15464	2.2108	18.90546	15.46436	10.31762	10.58316	11.14711	10.92969	2.15402	6.62074	0.54789	3.14642	1.0421	0.66576	0.10141	0.20082	0.34191	0.55934	0.77426	0.45584	1.12653	0.34429	3.30853	0.59684	6.4852	5.11444	0.35671	0.48974	2.44127	0.47836
GH94	475.52001	338.95459	420.72369	561.74478	668.59167	558.99249	508.05327	512.67704	344.69445	224.1676	418.43571	568.37789	444.12219	522.55346	464.89849	462.69387	543.34821	564.93773	486.30352	503.58129	368.99925	528.26106	546.25298	349.75563	421.15784	436.60914	491.02515	411.53664	273.65535	277.68758	486.95717	578.63113	305.79394	333.17675	282.18692	268.55547	300.13472	283.23316	352.22613	386.15932	320.92542	364.07346	443.42695	429.83936	444.80527	555.71906	357.46552	590.03891	329.60367	584.31613	474.11249	584.24782	279.38232	294.50882	268.39092	236.27693	472.49012	422.72028	398.7967	525.05908	416.27023	480.09065	360.49884	362.93114	418.93065	372.647	511.98245	477.9747	162.4091	170.13583	595.54735	376.41807	494.39513	269.90774	338.1818	288.93557	352.99853	387.14701	513.61444	420.53946	503.38384	431.36878	413.7681	503.19162	324.918	406.94621	361.39467	293.92736	570.75536	320.15257	332.83907	382.37416	338.69402	270.41188	363.18948	374.64835	333.21873	385.66047	409.71955	508.60302	470.41136	569.96459	302.51597	336.33535	411.73029	348.38253	451.83473	554.11979	379.62077	465.21787	393.33496	329.80741	452.42636	379.69936	397.06867	360.58965	311.83891	476.59943	311.59943	272.75401	313.73746	216.82374	474.98558	268.85046	330.75655	300.53323	541.10041	476.6445	290.57584	265.95175	385.02288	340.45633	558.67106	457.97911	339.4936	372.83911	336.21662	335.23923	409.8808	404.39012	430.32585	508.95968	385.48359	460.3409	471.007	436.99691	434.57906	295.75374	406.93273	591.30229	556.41041	272.6239	323.14838	310.12246	262.89028	329.40637	321.74852	346.49075	416.3899	407.12384	323.20018	522.84103	454.69613	373.10282	227.26484	362.57626	452.34844	391.74792	411.12068	330.15959	341.19895	441.89722	462.20877	421.32975	383.87725	289.33681	495.82902	331.11655	274.90142	283.23285	447.40834	367.73244	382.35093	314.72535
GH95	306.7102	402.87142	425.04115	125.26349	156.20638	476.2361	277.12153	243.65883	246.97133	683.54631	291.69924	231.09314	302.49949	306.36142	293.48718	273.06282	320.34996	145.13256	329.20556	416.89126	446.94051	129.31765	218.20889	331.63879	390.58629	264.14556	199.46423	262.61802	259.51632	222.31718	433.33707	454.20898	298.6999	255.75687	462.50492	485.16722	462.29872	432.11849	348.62486	248.97656	387.5758	387.47099	208.21333	240.11257	239.30999	145.32453	154.73467	207.84335	539.30331	345.0396	510.12232	426.86041	273.3245	274.60352	589.56862	430.18122	280.93833	204.45605	187.4393	267.08492	307.40065	250.38277	302.93906	298.25398	370.96968	356.01529	166.9737	338.70153	307.57409	412.228	243.15314	268.03363	328.82989	442.07811	436.89139	495.62126	283.9843	232.24195	273.4506	261.58975	312.70397	426.53712	279.17503	222.46433	205.53543	153.2236	173.41922	143.76942	347.92746	201.89768	139.31973	275.24496	237.70896	195.23552	155.64138	178.43227	348.37874	213.47783	182.63162	249.70491	204.08327	180.78565	450.48238	515.64792	340.47552	355.00682	251.4086	277.482	182.34909	405.80685	447.65462	831.63492	157.5662	219.96178	351.28279	260.31759	287.4233	277.35494	247.42108	420.5173	358.84321	448.34634	268.77748	291.67622	246.00947	246.36866	196.07897	169.3606	181.14069	307.10952	140.25473	731.22356	131.6088	122.08778	496.48396	691.98449	364.22717	371.38489	233.21485	179.26953	148.34656	155.7055	209.3721	418.8362	432.88734	289.56593	199.46988	209.83153	251.37854	305.54248	386.45633	530.62378	366.08086	432.19271	508.82479	263.84549	202.26209	278.25408	127.69339	230.20893	145.52167	550.75096	692.65129	249.45089	377.08747	253.54796	287.17488	280.95641	511.39282	866.27402	284.49097	262.6448	345.81731	477.70449	552.23579	439.44698	479.56138	559.73305	271.80563	252.34318	626.31485	248.80896	269.97146	429.57026
GH96	0.11333	0.11375	NA	0.05404	0.02688	0.08591	NA	NA	0.02288	NA	NA	NA	0.01478	NA	0.09077	0.086	0.04941	0.0786	NA	0.10454	NA	0.0478	0.06537	NA	0.04826	NA	0.13574	0.05792	0.02205	0.07187	0.06796	NA	NA	NA	0.12408	NA	NA	NA	NA	NA	0.19996	0.48948	0.0752	0.21817	0.04929	0.15309	0.03755	0.25778	0.0354	0.04511	NA	0.01134	NA	NA	0.08237	0.03153	0.03878	0.70466	NA	NA	NA	0.08582	NA	NA	0.11073	0.20152	NA	0.03419	0.31992	0.31946	0.52969	0.02426	NA	0.21467	0.08526	NA	NA	0.0327	NA	0.18534	NA	0.08843	NA	NA	0.04738	0.36652	0.02539	0.57687	NA	0.30352	0.12553	0.27272	1.08548	0.43965	0.05571	0.24793	NA	NA	0.28911	0.40051	0.7829	0.30701	0.08901	NA	NA	0.12816	NA	NA	1.04588	0.02267	NA	0.12778	NA	NA	0.06013	0.02217	0.08068	NA	NA	NA	0.0904	0.01949	0.06831	0.21742	0.29591	0.11771	0.04211	0.05383	0.29946	0.07773	0.39936	NA	0.23863	0.29621	0.01553	0.03055	0.05055	NA	NA	0.04619	NA	0.08651	0.7832	NA	NA	NA	0.03179	0.03125	NA	NA	NA	0.13169	0.05717	0.04809	0.06717	0.89852	0.03393	0.06833	0.06666	0.19124	0.40395	0.04247	0.04032	0.15592	NA	0.01682	0.07313	0.13004	0.06643	0.05193	NA	NA	0.05237	0.19124	0.27531	0.06379	0.09446	0.02535	0.25501	0.35234	NA	0.31795	0.28307	0.09187
GH97	954.85028	842.01461	1057.05607	332.22052	538.15702	1168.41759	583.14213	511.7799	413.12883	1654.90561	517.33347	376.60578	636.0927	602.83511	506.13711	495.92968	750.70843	92.63865	1192.33215	865.11783	1346.17106	302.10607	473.39308	963.25842	993.80956	571.1609	347.36591	730.76609	693.95721	503.27455	684.08119	720.31905	1720.45956	1430.74709	958.46951	997.55405	1148.41178	1489.26054	709.59324	517.62345	1113.80834	1056.76238	508.26568	400.79987	482.26305	182.85009	231.71062	382.82082	1563.38829	784.41858	1391.70832	1712.8463	709.47299	679.2618	1628.7301	1261.45271	865.44273	342.24504	120.85025	306.8783	877.32502	482.12546	332.13948	335.89741	1210.19964	1115.13143	281.36837	980.95337	404.31303	712.38456	187.06312	283.65897	733.15564	925.95531	721.03368	1016.28354	435.76178	356.23584	519.07397	420.56528	445.78567	617.67564	487.36228	601.25946	401.34633	205.66541	468.39982	358.50091	693.28381	372.91888	175.00755	423.57891	184.9429	372.85753	429.97169	418.04299	279.85686	392.35237	323.14934	526.16647	396.07064	275.11071	1330.47115	1235.39468	799.1364	781.69583	682.28749	558.16899	197.7289	724.785	842.57523	1582.85699	248.59394	339.71916	1311.5655	908.41635	886.03204	415.95218	425.81421	1389.03957	1039.20423	838.61022	410.89631	314.68517	243.50343	297.58646	312.79983	169.9822	335.76998	842.14911	384.20047	1430.11053	89.89157	120.7658	1133.76724	1597.99829	780.14364	779.76068	633.09101	518.90971	197.25799	147.87961	434.55064	730.91392	717.23807	589.92394	420.1866	389.87645	463.19371	744.97357	1083.56545	1531.29085	897.05898	690.99446	1463.4238	591.49665	309.45811	320.87056	149.21989	344.96588	117.86855	1003.04827	1360.8474	322.66049	1287.91517	426.73083	652.13047	115.22577	860.93009	1679.42985	567.27483	479.30754	1040.794	1246.93367	1215.26546	1059.36411	660.98229	1236.24353	354.04513	333.582	1293.53305	339.46727	492.45083	1421.69858
GH98	6.61641	10.33332	0.783	2.25287	1.73719	0.7081	0.36269	4.38665	15.05877	3.61238	1.8503	1.96405	3.89529	7.30052	5.07484	7.29696	5.82962	0.93253	4.47507	11.05176	1.21347	2.31283	1.36553	2.11337	2.07552	1.0656	1.78159	2.10937	5.05696	4.04271	2.97639	5.56431	0.46361	0.41309	2.00697	2.2335	1.91449	3.0873	11.34767	8.76267	2.98684	5.50283	3.7681	2.72157	3.42989	9.05067	26.26508	1.05229	8.76417	5.21942	6.42774	7.60431	2.34236	4.34914	0.54817	0.58507	9.41327	8.64592	0.70172	1.1861	0.16418	0.38955	0.92788	0.8727	4.36993	5.13781	14.4991	4.40672	3.0967	0.67378	6.48377	6.88316	2.06555	4.81392	2.90308	8.94879	2.8756	1.52806	9.20863	60.57065	1.91958	4.49258	3.4989	3.14314	1.56074	20.58194	6.94338	14.88286	3.95641	11.87554	17.06744	12.43056	6.27782	7.40206	9.85511	4.79923	14.0348	15.89181	32.3173	20.40416	14.34555	11.73046	7.03248	0.52096	5.16051	10.22374	6.04662	3.75808	17.28956	0.59102	0.4908	43.6979	0.36889	1.81922	5.05925	1.98206	6.22759	1.33713	1.34601	1.77621	3.39456	2.60335	3.28689	2.93087	4.22892	28.09694	4.88457	8.56012	7.78778	6.58173	6.98092	34.16268	6.12737	11.57255	3.92494	2.50349	9.69281	10.21025	21.57259	9.99953	10.91612	8.85586	9.56199	0.83679	0.45834	1.13761	0.03637	1.52694	1.64668	2.98852	0.43207	2.40927	2.83695	3.15498	2.37881	14.1799	11.99355	15.18096	6.18291	20.70415	17.04896	4.33702	5.31454	9.24949	2.72946	8.01764	3.99461	0.93625	24.65002	48.27484	9.36221	11.15812	7.11471	19.58098	9.66417	5.59262	6.01102	6.72017	37.68977	25.80967	4.10201	4.94493	11.78261	2.82605
GH99	1.85655	0.66524	3.68464	0.58188	0.81221	0.10786	0.17022	2.41858	1.32255	5.22774	1.79966	1.88349	1.00135	1.41903	0.15939	0.06682	0.16912	0.06642	0.6073	2.78868	3.3615	1.06869	1.04893	2.34952	1.09887	1.58614	0.59904	1.02267	0.275	0.56629	0.02582	NA	0.54475	0.31423	0.03459	NA	1.25974	1.57153	2.24707	1.03113	0.48592	0.05721	12.86905	12.71777	0.82669	0.47499	0.53896	0.30585	16.13415	1.71567	7.52792	2.22636	0.26082	0.1782	3.79327	2.36833	2.17172	1.82915	NA	NA	0.25703	0.47578	0.10927	NA	127.68363	109.27906	5.65079	102.437	0.06602	0.19373	0.10184	0.10902	0.90544	2.46497	0.45429	2.57183	0.67209	0.38337	0.65634	0.67969	1.63261	2.85062	0.62477	0.17524	0.83911	1.2494	1.1758	0.93035	0.39464	0.51697	NA	0.33469	0.09437	0.93688	NA	NA	0.28612	1.70535	5.54371	5.0146	2.24054	3.19033	7.30158	12.72243	3.56505	3.80873	NA	1.478	1.11121	4.17757	7.08619	0.51557	0.19342	1.32335	0.77456	0.11483	0.22485	0.34783	0.444	0.17637	0.19636	5.77891	0.70242	1.28129	0.82738	0.03835	0.66403	0.38217	5.49725	1.98294	0.15873	1.35376	0.05063	0.03917	0.90407	0.21478	1.04351	0.53204	1.64925	1.16339	0.40513	0.08907	3.23327	0.96695	2.88423	2.03634	1.1023	0.62694	0.56797	0.04798	0.02539	NA	NA	NA	NA	0.03089	0.05411	0.05087	NA	0.07459	0.03869	0.01403	0.60633	0.04354	1.3398	1.09094	1.3161	0.09389	0.21769	0.93347	0.69339	1.27879	3.12792	5.09525	0.75569	0.55691	0.02169	0.27223	0.12654	1.84514	0.12093	0.85233	1.02068	156.46755
GT1	25.07822	35.67611	13.46886	31.51868	46.34656	15.58217	17.65537	40.93836	45.12979	28.08245	25.93564	30.17883	29.9084	25.49858	29.77486	31.30699	26.04173	14.45549	28.54042	20.63226	11.08661	34.48291	8.61548	35.29469	13.64097	37.73224	16.56403	11.69036	21.71038	18.26167	16.3419	13.65701	12.92615	12.33822	27.73277	27.72228	17.45481	19.01256	21.01776	17.40839	47.58896	41.14425	34.93667	41.29082	16.90056	23.46019	19.6982	10.18748	28.7886	9.0052	8.87628	8.97065	14.8918	20.96967	21.20891	16.82289	9.25615	15.17608	8.44404	7.62216	16.71868	21.48026	8.38393	7.60568	15.04452	19.79055	12.59209	16.00754	29.07399	36.97568	121.03214	27.32004	15.39355	22.39602	20.72881	29.8696	18.50574	19.43635	21.15618	33.1661	13.53024	14.69501	8.28378	7.96653	19.58627	24.33297	32.00327	43.90676	31.44976	27.91709	53.37902	36.00053	43.83036	25.7156	17.55089	18.79471	79.17845	38.83541	32.14457	26.5393	21.02154	18.11891	15.63571	14.59651	32.51181	40.30169	14.75458	31.33546	22.8097	25.16782	32.05245	12.49203	22.57248	26.37236	6.53628	13.96893	13.13087	25.37912	20.92604	6.65657	11.25763	16.01926	26.33189	25.69323	14.45262	38.03598	74.18352	77.98953	55.07146	32.02159	35.13339	9.02605	36.02984	39.88114	12.97057	15.09137	28.4726	29.33229	36.78042	42.30722	25.02042	31.54493	12.28719	22.2801	25.9166	29.05519	27.71482	23.52562	39.62481	13.48216	10.33951	18.08007	28.49547	22.26627	18.7133	17.51976	34.65141	17.0289	16.18545	20.07857	23.6433	22.02752	15.5352	24.18529	44.11739	39.79571	21.04968	40.32612	13.95528	5.62567	14.45988	13.15348	8.94326	7.98074	18.3048	15.72435	13.38877	15.13145	30.50813	33.43024	9.59559	13.79897	25.43274	15.33962
GT10	10.993	8.51136	6.01238	3.33628	4.36619	3.54677	4.1023	24.93338	24.15956	30.64184	12.6736	7.27937	11.90998	6.92102	14.98109	7.71921	10.94619	5.1265	4.53959	7.0655	9.29687	4.227	5.51752	107.14926	7.57681	86.10054	10.22376	9.61998	14.62796	16.4162	5.08466	6.73589	1.86601	1.75987	4.85168	4.11857	6.48219	5.35058	2.58284	2.53154	4.4999	11.16873	20.06547	28.99894	18.25439	14.54298	16.39271	6.47799	0.7778	2.63385	1.45703	2.7932	10.29889	16.94007	6.7291	4.46648	21.3596	40.82884	70.94177	63.63723	8.16513	12.4185	81.11058	80.3486	7.72593	7.49388	18.41714	11.61618	100.34343	172.36326	7.07504	77.03451	3.61978	7.3115	13.63098	9.18307	10.04654	10.52238	7.13096	18.25477	18.38608	14.3271	6.05127	12.05065	4.18228	7.57514	19.53689	19.40274	13.29711	6.81154	11.94671	23.52845	20.28503	11.48773	27.97161	22.40772	92.91688	31.58737	17.77065	14.29529	19.73268	12.40675	1.69731	1.55162	1.61019	1.10731	12.44145	10.32494	38.66623	19.94193	28.09085	3.45188	8.34079	21.30162	11.64751	33.35917	40.92882	11.39506	12.9383	70.59793	67.27792	48.45177	25.17113	28.26311	33.83131	35.5824	7.33221	19.99211	15.89579	22.98286	21.78506	6.94745	5.40659	5.11288	4.94012	2.85193	13.84766	13.38037	36.65083	65.28577	5.42562	7.82821	38.2292	30.94333	28.93634	13.22859	15.96379	22.61785	19.74767	4.35287	4.25176	13.47324	25.94636	23.77286	13.01014	28.4849	5.99957	29.59066	4.35443	5.00763	10.82523	6.46236	2.37469	2.35909	29.32357	27.77163	16.46785	58.31617	19.66166	10.84559	1.86673	1.28038	26.59193	9.45618	5.50854	4.85484	8.5244	4.59656	28.57389	42.90539	7.24141	13.66614	21.50964	5.46038
GT101	10.8231	6.78965	45.24795	16.22317	14.59554	6.57101	8.44717	37.85513	9.35786	23.36713	8.97173	14.63946	6.41952	22.13081	13.18033	23.04662	18.88797	5.41613	30.27757	18.83299	32.87589	16.99777	58.37419	7.13596	34.73851	8.69655	17.42705	29.6157	17.04606	21.65101	12.83621	12.06171	8.3348	6.62509	16.20486	16.19177	15.85752	24.98507	53.14115	55.87307	15.24416	17.99847	33.34753	12.96634	30.73131	9.72672	11.05233	39.46383	53.00422	88.67898	68.59133	39.69533	21.5802	20.77836	43.06063	21.01737	16.1182	17.52891	9.00981	16.80117	4.94951	11.72868	10.69943	10.83512	8.76323	5.88746	76.46877	12.52874	10.55474	26.32787	11.33198	57.37439	6.99947	7.94155	7.10905	10.13504	16.58635	17.83492	16.42791	9.14231	41.30561	33.31524	14.73783	6.788	6.37812	7.11024	13.81486	15.06018	5.98761	4.65734	4.28194	3.50515	1.80879	5.04262	14.52612	13.66046	44.16331	13.17843	9.43435	12.66297	8.08941	22.30191	19.21687	22.50134	23.88338	9.18269	10.21542	32.98689	6.67096	57.63067	65.97622	6.6273	9.43942	18.3454	6.05162	3.15617	9.02928	6.38511	16.93746	3.3352	0.50696	11.27052	16.88576	21.28638	19.65611	6.18045	50.26688	20.24007	25.3626	17.31243	9.15625	12.06987	1.36828	1.88016	11.80987	6.76243	31.96324	31.05947	11.07455	8.84374	5.63827	3.30441	33.30698	56.53822	66.36493	24.19043	14.85125	8.95827	22.24254	7.00634	37.92005	33.77	55.39247	46.53664	33.36739	21.37478	6.97623	2.55384	15.23092	10.4505	47.7373	30.23451	15.35365	18.8843	25.8453	17.12928	32.99595	4.1599	8.70108	9.77687	39.75614	63.43385	5.57538	4.50162	23.34692	5.59167	34.575	12.48653	29.87057	34.17043	23.64259	61.87722	43.2496	4.82915
GT102	0.56534	NA	0.0658	NA	NA	NA	NA	NA	0.16968	NA	NA	NA	NA	0.05472	NA	NA	NA	NA	NA	0.1731	NA	NA	0.4587	0.53282	0.18829	0.62179	0.87981	0.83684	NA	NA	NA	NA	NA	NA	NA	NA	NA	NA	NA	NA	NA	NA	NA	NA	NA	NA	NA	NA	NA	NA	NA	NA	NA	NA	NA	NA	3.66482	3.6043	NA	NA	NA	NA	NA	NA	0.1152	0.29951	NA	NA	NA	NA	NA	NA	NA	NA	1.99716	NA	0.18071	NA	NA	NA	NA	NA	NA	NA	NA	NA	NA	NA	NA	0.02508	NA	0.15801	NA	NA	NA	NA	NA	NA	NA	NA	NA	NA	NA	NA	NA	NA	NA	0.13317	0.75632	NA	NA	NA	NA	NA	NA	NA	NA	NA	NA	NA	NA	NA	NA	NA	NA	0.06737	NA	NA	NA	NA	NA	NA	NA	NA	NA	NA	NA	NA	NA	NA	NA	NA	1.15488	NA	NA	NA	NA	NA	NA	NA	NA	NA	NA	NA	NA	NA	NA	NA	0.32865	NA	NA	NA	NA	NA	NA	NA	NA	NA	NA	NA	NA	NA	3.79378	1.25896	NA	NA	NA	NA	NA	NA	NA	NA	NA	0.01991
GT103	0.33339	NA	0.03739	NA	NA	NA	NA	NA	0.14464	NA	NA	NA	NA	NA	NA	0.03067	0.05351	NA	0.09758	0.38485	NA	NA	0.17378	0.24774	0.14267	0.45729	0.3793	0.68482	NA	NA	NA	NA	NA	NA	NA	NA	NA	NA	NA	NA	NA	NA	NA	NA	NA	NA	NA	NA	NA	NA	NA	NA	NA	NA	NA	NA	2.75145	2.29409	NA	NA	NA	NA	NA	NA	0.17543	0.28507	NA	NA	NA	NA	NA	NA	NA	NA	1.31152	NA	0.20539	NA	NA	NA	NA	NA	NA	NA	NA	NA	NA	NA	NA	NA	NA	NA	NA	NA	NA	NA	NA	NA	NA	NA	NA	NA	NA	NA	NA	NA	NA	0.11843	0.5032	NA	NA	NA	NA	NA	NA	NA	NA	NA	NA	NA	NA	NA	NA	NA	NA	0.02609	NA	NA	NA	NA	NA	NA	0.41212	0.51071	NA	NA	NA	NA	NA	NA	0.55763	0.11398	0.806	NA	NA	NA	NA	NA	NA	NA	NA	NA	NA	NA	NA	NA	NA	NA	0.24084	NA	NA	NA	NA	NA	NA	NA	NA	NA	NA	NA	NA	NA	2.2521	0.79756	NA	NA	NA	NA	NA	NA	NA	NA	NA	0.04548
GT104	3.8109	4.28429	5.47208	NA	NA	0.30589	0.57588	0.01901	0.33658	0.78311	1.27066	1.03825	1.42116	1.1162	1.01553	0.54899	0.95686	0.08342	3.48267	2.66646	3.20636	NA	0.7139	7.64948	2.36931	8.19077	0.89916	1.88665	0.98985	0.10094	0.62908	0.35719	7.65306	5.78954	3.24635	2.81556	2.62452	3.74722	5.35648	1.23336	1.49374	2.26829	0.4978	0.37335	3.04757	0.89049	3.02845	1.08881	0.16363	0.05698	1.27066	0.30769	1.10461	0.34906	0.39269	1.04212	0.73988	0.80421	3.03707	5.32201	0.63285	0.88377	5.13344	5.25189	0.55002	0.99169	NA	0.64301	2.51392	8.09505	3.1654	2.49665	2.83103	3.62853	1.03633	3.96729	2.65014	2.74112	1.22562	0.7744	4.35617	6.6285	1.26491	0.77841	0.54748	0.10056	0.29445	0.30718	0.54819	0.08721	0.03766	0.44382	0.07731	0.12614	0.86862	0.67918	0.45198	0.50176	0.46581	1.1067	0.31257	0.57416	1.98439	1.48577	0.83465	1.10594	2.44665	2.76916	0.42981	1.74963	2.40375	3.23765	1.62745	3.69363	1.97141	0.01332	NA	1.60269	2.45107	NA	NA	5.73153	2.8683	1.73836	2.33764	0.74614	2.49409	1.46678	1.93045	0.92836	0.30892	5.14963	0.08188	NA	1.97394	2.55107	2.23492	2.47363	0.72344	1.19582	1.00134	0.26603	0.52454	1.30214	1.50431	0.19958	0.39004	0.09067	0.78865	1.26623	2.1883	0.13765	2.19184	0.06593	0.12796	1.93746	1.44703	1.183	0.30123	1.40812	0.42335	1.50051	1.85693	0.37943	0.69427	1.79345	0.71809	0.10854	2.34709	2.73562	1.20201	0.52223	6.3645	10.13546	2.13359	1.75142	0.36742	0.96328	3.94978	4.39393	0.65133	6.02735	4.43595	0.73683
GT107	2.77449	2.71504	3.86188	0.55662	0.82018	0.53846	0.48041	0.90652	1.06996	0.02585	0.57723	2.16869	0.35469	1.12399	1.85909	1.47372	1.30076	0.11879	2.80511	4.77821	11.73273	0.47944	0.32441	6.64482	2.61722	8.7793	1.45544	1.83906	1.44864	0.8513	1.36948	1.19667	0.55252	1.03625	27.47064	23.12506	1.89123	3.36241	6.93493	5.70155	2.6181	0.77365	1.55598	0.91234	1.75457	0.72231	1.80244	0.8861	0.39978	0.47153	2.30515	4.70017	0.93851	1.47054	3.19381	2.65986	1.56363	2.01797	0.31491	2.58007	1.49267	0.5462	2.63348	2.75612	0.03504	0.10993	0.0317	0.21357	NA	4.91091	3.41893	NA	0.7763	9.63827	3.45583	2.76963	3.57291	6.11414	1.51248	3.24749	0.39066	0.40457	6.6378	2.76966	9.14364	3.20439	0.34884	0.34992	0.52465	1.44562	1.13396	1.84101	5.01138	3.6544	1.20383	1.11681	0.31233	0.4943	1.90405	1.89214	0.85917	2.39153	0.71724	1.05042	0.41689	0.34519	0.75055	2.72482	0.99632	0.59839	2.92348	3.01008	3.84758	5.10992	5.68417	0.4751	2.88537	7.54996	3.24137	7.76685	6.74782	1.33571	0.96767	1.26352	1.06768	2.72068	1.57639	0.37744	0.90648	0.23537	0.10213	3.78251	0.30324	0.3795	2.09075	2.47001	3.79991	3.95738	0.27946	0.29221	0.17599	0.1744	0.82722	0.10648	1.57401	1.23183	1.96875	2.01061	0.93659	2.52416	0.2605	1.21678	0.42029	0.10766	0.81367	0.92025	1.61011	7.32608	3.38218	1.89802	0.41104	1.05595	0.56217	0.52953	6.23197	2.89967	3.06786	0.03313	2.89573	2.00187	6.47755	2.41257	3.10054	1.93128	0.08385	0.23871	0.6316	0.05776	5.12179	0.7981	0.17727	1.565	1.98186	0.09188
GT108	NA	0.06765	1.75279	0.44006	0.11029	0.06433	NA	0.38763	0.62389	0.55583	0.07063	0.42012	0.20595	0.44228	0.70826	2.10851	0.45201	0.21478	0.07053	0.03974	0.44669	0.4007	0.6809	0.90682	0.43755	1.09072	0.21713	0.31688	0.01456	0.0713	0.21085	0.05486	0.27719	0.18641	0.13527	NA	0.58593	0.25628	NA	NA	0.20825	0.32047	1.16136	1.01878	0.23292	0.37969	0.14609	0.0182	0.04399	0.13424	0.16286	0.16712	0.11091	0.09972	0.07514	0.03491	0.10866	0.26263	0.21766	0.08488	0.28071	0.2434	0.23618	0.09477	1.24784	2.42379	0.3672	1.98578	9.57206	NA	0.39874	2.38714	NA	0.0337	0.09071	NA	NA	NA	0.25449	0.53788	0.14631	1.23039	0.36593	0.35747	0.20433	0.13568	0.30556	0.59017	1.31819	0.37913	1.31487	1.15624	2.00434	0.31524	0.57135	0.35453	1.09811	1.69129	2.7954	1.47629	1.67764	0.91503	NA	0.09885	0.41985	0.36432	0.99034	NA	0.26986	5.29588	2.84309	NA	1.38368	0.84216	0.08845	0.44542	0.51622	1.50258	1.81871	0.26477	0.31388	0.27718	0.4747	0.24367	0.44214	0.65169	0.69991	1.40431	0.47563	0.22194	0.28431	NA	0.62737	0.31001	0.20672	NA	0.3177	0.25615	1.00214	0.86892	0.43478	0.6547	0.13173	4.63593	2.0465	NA	NA	0.03563	NA	0.21758	NA	0.06196	0.11849	0.01452	0.01154	0.49683	0.21062	0.17039	0.36778	1.09137	0.19659	0.42364	0.04317	0.2109	0.10198	0.74981	0.09579	0.09598	NA	0.01968	NA	NA	0.156	0.09164	0.62422	0.21526	NA	0.15704	1.50232	1.29486	0.41286	0.63403	0.63657	0.30505
GT11	108.53683	113.99511	117.43814	43.52188	47.22513	163.92661	91.29377	72.29776	70.72283	119.49193	41.21649	31.5808	39.8984	85.08123	58.86459	69.24845	74.98654	28.65796	82.04725	139.56856	153.23936	50.52751	136.36248	123.11583	83.24033	112.60206	58.4215	96.80823	49.30878	40.79083	30.21097	24.14004	57.44304	48.66358	93.31232	100.06736	94.82013	99.41576	51.89398	39.60966	88.84876	91.79377	128.63679	114.6437	75.25377	41.43979	39.75654	67.85083	118.58548	102.00973	147.98245	138.29514	45.51565	60.61192	173.96093	104.2675	141.32866	99.6211	223.20268	64.24496	86.95952	79.70146	61.649	58.5894	408.27963	343.9779	50.79879	304.33705	73.95824	118.40606	54.47041	131.39828	86.11511	103.68903	77.33327	117.73853	55.74507	67.75999	65.48616	61.32226	76.62663	60.54819	64.54094	71.16184	55.79217	33.14786	53.29164	45.94142	87.95042	51.08971	31.60229	69.66622	40.29541	54.91336	58.17665	66.6313	122.55929	53.96674	47.32372	46.15044	52.7723	46.70703	25.1918	30.30852	31.15611	23.86118	84.28411	103.75219	84.14849	43.64912	60.17284	54.34922	47.96158	73.77924	120.07234	133.37953	141.79501	73.90721	76.50414	174.01928	134.30178	95.50126	60.26324	72.58644	42.38049	48.39094	77.13164	48.14121	95.43482	80.46568	56.8666	61.38178	31.15909	33.72027	42.04558	32.22638	72.9013	69.22793	65.03861	65.44352	26.45838	29.23287	89.91408	75.38833	74.79027	50.76609	44.85379	52.47509	52.33737	120.9464	131.54484	94.56029	100.9991	108.00153	97.24703	95.30326	50.60682	51.74814	41.3077	30.02224	38.9208	38.93201	37.4197	28.51266	149.89115	82.36253	74.40916	93.18185	39.79072	55.67778	46.37912	40.59447	151.13449	123.95013	58.89164	43.43025	68.97263	51.24652	69.5147	78.33292	20.50408	65.65478	60.32992	558.36813
GT111	169.24184	96.63858	133.4189	268.78259	241.36389	215.5794	139.23798	156.41065	102.51573	200.7355	113.55295	134.32637	120.43972	134.41775	130.87997	148.22719	147.53277	153.3016	172.78687	230.61597	114.56028	239.52077	156.69834	117.3882	142.36772	172.57798	133.64769	113.7151	95.39797	103.70194	142.8567	225.23195	143.0124	149.56174	137.06861	148.06364	189.49987	143.90286	198.39676	226.03226	118.88319	103.51688	137.04958	151.85756	131.37025	119.66611	117.73793	197.53092	137.15783	334.74322	281.65078	143.9946	103.332	85.76471	207.00386	199.05963	104.31825	151.99365	215.08869	320.31455	239.02831	249.43657	196.09709	197.74257	120.47191	133.27203	318.39919	106.41381	38.42462	88.1429	151.93776	229.03606	86.45391	84.24524	134.3584	164.41601	131.95034	143.72885	221.79531	168.34138	178.62874	152.24866	211.4574	201.95763	204.25627	140.91673	205.68458	110.15557	365.40947	102.41922	120.52773	97.31647	81.8684	84.62121	132.174	145.1132	88.64129	136.74931	98.13923	109.1535	104.97307	95.0296	82.15683	113.76659	118.44459	60.51418	205.2906	202.85746	94.95328	103.42124	122.30084	195.40613	212.81994	125.73528	197.14594	105.25057	133.82926	153.79227	202.36936	92.30403	69.70447	139.95967	174.40589	121.80524	177.95747	42.75994	236.53343	151.00922	129.3487	235.98428	129.40825	196.61262	92.91594	80.12839	183.25069	123.47421	158.24873	168.09359	112.33553	132.03723	103.43949	90.64362	142.4751	92.75246	89.91915	142.42918	127.9429	115.9033	171.44849	162.70806	280.44115	229.46207	216.73348	224.86408	239.9673	272.47489	70.83574	91.64409	103.75646	88.95215	74.33089	107.91116	122.15232	152.10183	79.28119	92.03383	100.12278	117.32161	158.73617	202.49665	189.16561	227.04411	173.94711	161.92606	181.98399	156.11565	133.07856	161.44388	115.69036	115.57184	235.46285	234.63235	106.94822	104.85417
GT12	NA	NA	NA	8.87548	5.46501	2.04778	4.11364	7.12554	0.75386	NA	0.3127	0.38202	0.80881	NA	0.05623	NA	0.08776	52.5526	1.76794	0.52203	0.06874	15.41886	18.31655	0.04742	26.85038	NA	20.27192	14.50886	1.18893	2.38994	8.30177	2.26252	25.24541	30.7621	0.33485	0.76894	5.28849	0.76285	4.83277	9.14426	1.44211	1.05426	0.06138	0.05285	3.14427	5.69122	5.8663	1.96717	0.2651	0.09553	NA	NA	0.93632	0.80474	NA	0.21709	1.06168	0.42702	NA	NA	33.21609	0.16146	NA	NA	0.06677	NA	0.88229	0.03178	NA	NA	NA	0.03313	NA	NA	0.21909	0.20864	0.17841	0.08755	0.76954	10.32207	0.92753	1.18963	3.77635	34.66383	15.28601	33.13763	1.91205	3.62777	1.27978	21.55995	23.83819	9.55354	29.54578	4.0343	20.10766	18.27021	1.22562	3.62371	26.08672	9.93257	22.85828	8.83058	1.51166	1.4318	2.92897	1.65658	14.45252	NA	4.03734	NA	NA	NA	1.62505	0.49778	14.20215	0.08792	1.05329	0.37794	0.4957	4.00377	0.16077	NA	0.05846	0.04563	0.05043	38.86206	2.22131	5.58788	2.21047	2.86585	2.58452	NA	10.07544	14.55109	0.36097	0.45983	0.47624	0.76272	2.6214	2.28713	10.7985	12.0474	2.32041	NA	NA	3.26555	3.2562	3.07634	4.39821	1.24369	1.52342	NA	NA	NA	NA	0.8709	0.10924	0.28363	0.03804	NA	6.31829	0.53942	0.57317	4.24501	0.30361	0.22018	0.15214	0.77167	0.08334	NA	8.46976	6.49276	4.13173	5.91918	0.04963	0.11686	NA	0.25334	0.47037	0.06035	0.55927	NA	0.13105	0.27521
GT13	NA	NA	3.77448	NA	NA	0.01652	0.072	NA	0.77088	NA	0.04415	NA	NA	NA	NA	NA	NA	NA	NA	NA	0.81588	NA	0.52671	1.05772	0.09013	2.79925	0.71503	0.99622	0.71625	1.20808	NA	0.01644	0.08739	0.03146	1.08725	1.06825	0.12824	0.08456	NA	NA	0.61091	0.66478	NA	NA	0.02555	NA	NA	NA	NA	NA	NA	NA	0.02152	0.85091	0.14301	0.05539	NA	NA	NA	NA	NA	NA	NA	NA	NA	NA	NA	NA	NA	NA	NA	NA	NA	NA	NA	NA	NA	NA	NA	NA	NA	NA	0.8928	0.71778	0.05863	0.08778	NA	NA	NA	NA	NA	NA	NA	0.06004	NA	NA	NA	NA	0.08737	NA	0.06072	0.07237	NA	NA	NA	NA	NA	NA	NA	NA	NA	NA	NA	NA	1.07108	NA	NA	NA	NA	NA	NA	NA	NA	NA	NA	NA	NA	NA	NA	NA	NA	NA	0.79801	0.18185	0.78312	0.55234	1.31273	0.43504	NA	NA	1.07256	0.5079	NA	NA	NA	NA	NA	NA	NA	0.05585	NA	NA	0.03121	NA	0.00897	NA	NA	NA	NA	NA	NA	0.08765	NA	0.07544	NA	NA	NA	NA	NA	NA	NA	NA	NA	0.4309	NA	NA	NA	NA	NA	NA	NA	NA	NA	NA
GT14	97.12218	50.85132	102.4091	38.04969	33.5538	213.29492	97.76571	38.54839	42.70997	59.45862	35.85358	27.8403	34.11093	41.46166	33.43138	56.14112	32.44258	34.024	102.94099	123.54672	115.44728	40.46395	44.95033	46.19485	61.23246	35.7137	37.26313	46.55751	99.05138	97.74333	101.44499	93.14144	168.74182	154.54346	93.34432	99.67911	98.23339	127.02374	84.27424	70.52429	120.30801	86.19997	45.0413	37.21521	52.74906	31.80521	30.80648	57.35792	141.39382	75.92358	104.39037	88.36273	97.99321	86.42575	116.27122	114.20492	74.99932	50.07202	60.57502	16.42033	67.0939	80.2007	23.34891	21.71954	16.147	20.99694	56.07869	24.04681	12.46368	15.43637	26.79776	10.8713	38.20233	52.35513	75.78134	92.49348	64.08551	47.37799	60.57467	49.69715	61.31316	49.93353	68.43782	64.13685	41.47287	30.93062	29.93987	49.54866	42.80682	48.71852	61.86127	56.05097	94.38631	37.26414	40.09282	41.54341	43.07569	57.71721	68.95828	66.29091	78.87935	46.87116	95.00359	91.34521	98.04488	80.62086	62.89403	92.80116	26.306	48.91512	54.41991	359.45857	34.42941	46.97963	100.22686	78.63142	76.38818	67.56501	54.68903	69.92012	74.50243	66.36334	32.62132	29.15752	24.28263	78.31492	39.46923	18.85278	18.93027	39.07984	29.22023	280.58568	82.91154	47.24261	99.1765	135.60828	69.27504	69.7071	43.77919	37.99412	55.4	55.87187	42.49837	49.28808	52.34736	50.25506	45.154	35.18461	39.93906	99.07628	186.65529	66.98586	110.20278	48.41052	66.12043	57.37474	51.74229	53.0397	34.39789	74.83341	18.72229	29.36054	34.10337	32.77053	107.04669	70.57718	62.97067	52.78295	211.34231	347.84819	63.98715	67.23828	46.51994	74.88677	254.72993	194.84465	63.79772	292.54212	36.38834	34.31973	294.15321	44.59942	53.38079	29.2744
GT15	NA	NA	NA	NA	NA	NA	0.2439	NA	0.28891	NA	0.03142	0.09859	0.05492	NA	NA	NA	NA	NA	NA	0.02965	NA	NA	NA	NA	NA	NA	NA	NA	NA	NA	NA	NA	NA	0.03912	NA	NA	0.1092	NA	NA	0.04689	NA	0.09718	NA	NA	NA	NA	NA	NA	0.11965	NA	NA	0.03767	NA	NA	0.03472	0.20191	NA	NA	0.09091	0.15119	NA	2.11642	NA	NA	NA	NA	0.19721	NA	NA	0.35876	0.0485	NA	0.09011	NA	NA	0.05261	0.2111	NA	NA	NA	0.1598	0.09375	NA	NA	NA	0.08721	0.15625	0.0411	0.95386	0.16889	NA	NA	0.0466	0.10007	NA	NA	NA	NA	0.0747	NA	NA	NA	NA	0.1114	NA	0.05151	NA	NA	0.10911	NA	NA	0.23778	NA	NA	NA	NA	NA	0.11203	NA	0.06249	NA	NA	NA	0.18495	NA	NA	NA	NA	NA	NA	NA	NA	NA	0.14724	NA	0.40575	0.32426	0.17907	NA	0.13248	NA	0.15061	0.07614	NA	NA	0.20649	0.12576	0.25567	NA	NA	0.054	0.06959	NA	0.13977	0.16004	NA	0.27815	NA	NA	NA	0.16198	NA	NA	NA	NA	NA	NA	0.10853	0.03626	0.12463	0.09127	NA	NA	0.08703	0.15969	NA	NA	0.02681	NA	NA	NA	NA	NA	NA
GT17	4.91859	1.10932	1.44697	1.29696	1.5879	1.05373	0.93887	0.34225	2.67813	5.86142	1.58914	0.89021	1.34163	1.4688	4.22624	2.62423	2.71672	0.32969	1.79817	3.39693	1.40657	1.5249	25.30369	3.77842	9.40732	1.43686	2.66112	12.6162	1.60856	2.53217	2.1452	2.798	0.83248	0.94936	8.71435	8.45466	2.86444	7.14729	0.03624	0.63616	3.29292	2.0376	5.6014	2.59743	1.2609	1.31502	0.5988	1.40068	0.5463	1.00667	2.53236	3.024	1.60755	4.08111	0.51187	0.03713	6.94879	10.68692	55.66599	16.40682	0.38217	1.10699	14.0154	14.96373	1.38542	0.86327	10.15194	0.74028	0.56763	0.04957	2.10014	12.2745	0.27693	0.76742	1.75961	2.68613	1.87451	2.52232	2.53538	4.0166	2.96631	2.047	13.30339	1.55392	0.56811	0.76008	5.94875	3.42436	1.33925	1.1442	2.60747	2.52877	1.78572	0.73217	2.12584	0.85206	0.92359	1.16626	0.69612	2.19363	1.09694	6.10817	0.27673	0.81187	1.97457	0.84931	1.35537	6.52127	4.53844	3.30058	2.94411	0.2947	4.44891	3.06348	3.1207	0.22048	1.93154	5.31131	5.30167	0.89243	1.63649	6.48447	11.33097	12.35575	6.26685	0.97455	1.12021	2.90154	11.73041	2.99756	3.66993	0.44726	4.14081	2.25229	0.78419	0.98753	3.77376	3.87279	0.64106	1.34226	1.46671	2.57164	9.75371	7.35716	7.22698	0.60257	1.01749	1.00088	1.36309	0.8712	0.47242	4.24502	3.09545	6.35298	3.59811	1.82745	2.42045	0.46426	3.57779	1.6444	1.22421	6.60145	2.18572	1.65221	1.46767	1.06194	0.40234	2.14317	1.00083	0.47288	0.18888	0.08092	17.55061	5.68533	0.84539	0.94157	0.28251	0.52433	4.37582	4.02015	1.43139	4.52894	3.45059	0.26606
GT19	120.57672	137.23762	159.48468	47.83477	59.89206	249.89905	116.13771	89.52289	104.52722	208.70736	93.9336	86.42904	119.24653	67.55952	51.09025	49.45692	68.51736	14.80755	129.39562	127.7337	196.13215	44.16045	69.47239	174.18986	116.63295	151.44654	80.16299	104.98952	137.78685	111.28328	165.57834	179.19829	202.29865	168.33721	149.60565	146.37418	165.83333	195.59255	136.18077	92.60371	141.90172	132.33023	73.72075	66.95927	69.79136	37.50294	86.46742	51.12307	193.57573	97.90335	165.34128	155.57435	132.16786	126.13625	175.55656	148.14286	114.21464	55.29995	19.95298	59.90714	98.7899	62.56548	100.78696	103.21053	265.35796	232.47599	66.82737	201.97419	87.23192	172.09292	56.44754	70.11519	119.42701	156.53083	103.77918	176.07983	81.98241	89.70542	73.31487	60.72868	105.16442	121.67903	84.48635	79.77654	108.79771	72.13347	82.36653	65.02331	107.66834	78.52866	50.68934	102.90957	31.61518	120.0341	65.50438	70.40157	105.38249	81.09204	78.8286	110.30427	112.13147	91.56325	240.35874	195.60994	135.96737	149.83123	95.89464	86.86152	45.74074	69.09676	93.33432	308.88742	61.45095	66.54166	154.87825	87.09109	98.97824	62.73701	84.34748	133.55138	123.28284	128.86954	89.10092	55.83628	58.04095	55.54085	55.64472	58.2416	68.38403	144.41492	76.84662	305.50137	31.2836	42.09698	246.11341	327.3498	174.71909	176.58352	124.09386	116.09091	63.77209	45.07313	70.35487	86.75008	73.30816	102.79776	73.98538	98.9121	107.28408	147.57711	245.6406	190.84928	142.98317	122.87018	186.90328	84.81555	53.68714	75.86322	31.45715	67.15778	43.77021	174.66309	237.63988	88.19004	175.93474	116.43662	104.61739	51.52301	170.33476	344.72924	101.18722	76.18904	116.25356	130.31029	248.77006	332.32403	108.27661	316.30283	99.49978	90.53541	292.14411	81.51411	103.01314	307.45401
GT2	5354.09	5428.8699	6378.59528	5037.32184	5197.07191	6325.20883	5353.9892	5008.83608	5205.18415	6246.91246	5070.81893	5170.13454	5117.74846	5416.8154	5169.2489	5338.08583	5671.04211	4692.51754	5601.97883	5917.19088	6060.62911	5326.45846	5776.20031	5563.68141	5313.85369	5063.59286	5412.7712	5285.43588	5019.16173	5024.18852	5853.55261	6245.59263	5807.12705	5629.38118	5356.48611	5436.25705	5935.09033	5818.9647	5532.16509	5268.25409	5047.59926	5013.61679	5706.13128	5577.54725	5737.50509	4533.46558	4412.9951	5980.68381	6077.50284	5597.54378	6310.15806	6141.22655	5171.56298	5157.73259	6441.93668	5948.25891	6248.92119	5486.57816	5341.97225	4862.09265	5528.03816	5366.90033	5273.28946	5270.87923	5420.39195	5506.53222	4497.56563	5385.3184	4315.76423	5384.18567	5430.0022	5148.08304	5941.34501	5810.92213	5416.96866	5512.68854	5156.96055	5223.33411	5346.21869	4432.73273	5551.56071	5198.61811	5287.18183	5106.99969	4754.89644	4047.80571	5145.84364	4147.71025	5103.14516	4046.89726	4500.69239	4395.80556	4864.11953	3849.44767	3912.21765	3993.7308	4804.50911	4596.86992	4798.59671	5055.54215	5392.40153	5101.07064	5459.66205	5807.467	5374.91118	4723.08628	4524.59543	5687.74561	4883.55134	5403.6346	5604.77141	6057.70437	4866.06525	5038.1701	5553.71451	6652.33314	6300.34303	5163.99411	5475.80094	6067.63015	6261.39952	5744.84546	5601.90344	5323.30638	5302.73443	4308.25194	4900.35814	4892.50028	4684.60081	5437.87125	4730.41908	5779.87131	5312.85453	4289.59283	6251.06321	6606.46255	6060.48013	6080.54681	4573.07772	4989.56663	4872.0247	4891.94133	5149.44376	5593.274	5465.31368	5351.13756	4887.98746	4702.23346	5275.71508	5793.09213	5896.14055	5569.27819	5610.07451	5475.6162	5580.45067	5341.92044	4488.15662	4386.56736	5014.00718	4500.42512	4357.69158	5078.72266	5583.70427	4933.51827	5384.39704	5457.74968	6003.28211	5383.60198	5833.43428	6302.08285	5377.36683	5337.26599	5814.15682	5423.23221	6067.35968	5761.83785	5669.08977	6165.74926	4518.18268	4764.46755	6118.46626	5327.01067	4979.46263	5724.52327
GT20	65.48533	62.69957	93.81084	23.57897	44.813	3.01205	3.8436	47.37787	24.67376	134.14328	31.32758	21.9572	32.87278	40.77034	17.31622	24.82607	31.84716	3.62676	67.3041	87.24649	131.82394	24.31392	24.87171	69.10251	46.61387	51.09316	18.57975	41.18546	26.53597	14.14799	12.94881	8.09707	157.96933	134.82429	107.29382	110.22722	104.78491	139.54815	62.2574	39.95424	83.64684	71.75363	18.91169	13.51127	38.13236	16.33997	35.67696	32.60301	151.28809	73.20832	138.9858	120.1448	22.275	26.83832	123.79807	93.01232	77.69027	26.7874	2.23095	4.3777	59.13462	38.91844	5.77692	7.06557	17.89378	16.97608	4.62794	12.57797	1.80291	11.03544	7.70462	0.5609	45.32841	56.12599	55.62939	77.63297	21.32368	26.51436	40.24953	37.07869	29.96139	45.84201	29.82037	27.72707	41.36831	20.70981	46.30549	33.40444	72.78949	31.25049	7.77767	35.28837	12.33959	32.149	37.06049	36.6496	10.72399	23.42479	21.71133	14.96033	24.93753	6.99092	15.49301	12.87672	13.99032	12.00735	66.7844	46.904	17.80929	48.66225	54.91702	43.05024	14.34009	30.06854	80.90997	63.34524	65.6408	37.42252	25.18558	105.81759	76.09463	47.8462	32.16131	31.39522	22.42425	23.914	21.6	4.54253	18.76467	78.45069	32.18038	49.30896	2.62957	4.12251	31.47815	21.22704	45.31734	45.63012	42.961	38.72798	7.30188	3.82491	33.97965	43.40764	43.98385	49.11078	36.75084	42.41968	40.48748	8.5201	4.20134	63.825	44.53158	38.91861	61.88925	47.75215	7.95723	25.49053	5.48563	10.52781	3.79577	10.9433	26.17906	8.48661	91.13351	35.05033	51.40308	3.73856	17.49603	41.4252	41.01826	37.82849	68.37296	62.96973	31.51694	26.95318	72.20828	26.54885	41.20377	30.29797	11.82462	34.79076	41.06762	21.03055
GT22	0.74813	1.76889	0.25912	0.79151	0.75095	0.05797	0.07683	0.85592	1.09531	0.36463	0.48295	0.17871	0.28519	0.41303	0.68432	0.24504	0.08	0.12057	1.83488	0.37419	0.50373	0.71448	0.5958	1.20549	1.15997	0.58822	0.74369	1.10193	2.17586	1.67345	0.57687	0.2831	0.83479	0.7463	2.14564	2.03236	0.68178	0.84595	0.33157	0.22121	6.23864	4.28927	1.97984	1.12265	4.63221	3.6211	16.04719	0.81227	3.08015	0.2155	0.84325	0.77254	1.30325	1.60445	1.37725	1.85518	2.64484	2.6073	0.24178	0.03611	0.3319	0.86896	0.02283	0.06047	0.53323	0.5442	4.61923	0.39571	2.40993	3.54625	0.29985	0.96314	0.91715	0.98925	0.30608	1.64668	0.70479	0.47055	0.50264	1.65278	0.96858	0.51303	0.46023	0.41789	2.42461	0.88499	1.39368	2.73646	1.94722	0.77213	0.47471	0.84421	1.10076	2.42768	0.7769	0.78398	1.74816	3.1214	1.86806	1.5831	1.34533	1.61742	2.33066	0.82696	2.49532	3.59773	0.40983	0.3274	2.40807	0.9371	1.75031	0.4144	0.79034	0.39998	0.34514	0.10822	0.07223	1.22285	1.17528	0.22267	0.04902	1.67126	0.40386	1.45223	0.94611	1.54235	0.78874	1.43729	2.14498	1.77549	2.21471	0.18409	0.85997	1.13835	0.55552	0.58022	1.35834	0.88082	2.73328	1.95438	1.48628	1.1363	3.25757	0.23942	0.84051	2.21302	3.94806	1.85641	1.74413	0.32972	0.21981	0.80719	1.60426	0.33432	0.61005	1.12015	0.4472	0.70077	0.0859	0.79801	1.61317	0.81244	0.52472	1.0324	2.27886	2.70119	1.51435	0.38951	0.34669	0.61843	0.38193	0.24512	1.26493	0.60723	0.28629	0.15416	1.19175	0.38847	4.34431	1.78614	0.1077	1.18475	3.33162	0.22244
GT23	37.13589	27.17276	55.32795	11.80025	8.44495	2.81366	4.86512	12.59026	20.42848	120.23352	18.89772	15.26703	17.47451	15.18043	8.6248	13.87145	10.11618	3.59783	28.56405	77.39146	45.89445	21.7453	25.83943	10.4157	29.83005	8.56961	15.84805	31.01741	10.57222	7.55	34.13415	27.25286	43.7962	36.36759	39.39863	43.85356	64.943	54.75206	36.64449	23.772	28.83157	27.09568	21.97029	13.28387	26.23935	10.97166	10.39325	31.952	24.56245	39.33642	47.94121	17.91091	8.64121	8.47578	94.71119	54.86823	28.95758	18.56229	46.85221	9.59118	52.34761	29.37669	9.17573	8.95006	12.71534	21.34347	3.35092	10.97656	1.28219	11.07143	10.02654	10.011	29.78113	27.42986	14.87082	45.50543	8.76036	8.52828	26.80623	15.12385	19.07932	24.24675	27.85723	8.94248	12.58281	3.907	29.43077	17.37668	59.71293	16.7247	5.92796	22.47249	4.6125	14.69978	16.67878	19.37106	4.66877	10.05698	20.01359	18.42488	23.25267	14.6174	29.00749	25.27927	20.0739	12.61543	40.50214	42.69024	12.67721	5.64177	9.7704	128.74812	14.49251	14.25632	22.62947	0.89697	1.34737	23.20562	14.92255	0.65396	0.42809	40.33285	24.27448	17.49986	10.22729	12.43767	18.34344	2.21968	2.93474	59.83619	18.77958	113.35804	3.44349	7.30382	17.04499	9.15053	22.6628	20.92569	10.26284	8.03866	9.86448	9.18946	18.26209	19.91072	18.37875	39.23196	20.34744	18.39616	26.49405	8.06543	2.97113	26.64624	29.55219	30.16385	23.23363	38.12479	19.49126	13.15195	38.54001	10.42196	4.45323	67.30335	88.65802	23.91971	36.2443	27.25119	24.91553	9.80582	72.05401	129.79665	22.94376	15.52114	12.59122	5.02428	83.58749	63.29969	56.61945	90.91907	18.76128	13.82619	53.25961	23.80649	24.98623	18.75817
GT24	0.14535	NA	NA	NA	NA	NA	NA	NA	0.38965	NA	NA	NA	NA	NA	NA	NA	NA	NA	NA	NA	NA	NA	NA	NA	NA	NA	0.25426	0.47829	0.31829	0.78992	NA	NA	NA	NA	NA	NA	NA	NA	NA	NA	NA	NA	NA	NA	NA	NA	NA	NA	NA	NA	NA	NA	0.07441	0.55565	NA	0.29276	NA	NA	NA	NA	NA	0.31754	NA	NA	NA	NA	NA	NA	NA	0.13265	NA	NA	NA	NA	NA	NA	NA	NA	NA	NA	NA	NA	0.37451	0.20892	NA	NA	NA	NA	NA	NA	NA	NA	NA	NA	NA	0.10236	NA	NA	NA	NA	0.16747	NA	NA	NA	NA	NA	NA	NA	0.07046	NA	NA	NA	NA	NA	0.46632	NA	NA	0.06242	NA	NA	NA	NA	NA	NA	NA	0.10137	NA	NA	0.05634	NA	NA	NA	NA	0.06536	0.13196	NA	0.44918	0.81819	NA	NA	0.62865	0.4021	NA	NA	NA	NA	NA	0.02081	NA	NA	NA	0.03852	NA	NA	NA	NA	NA	NA	NA	NA	NA	NA	NA	0.19673	NA	NA	NA	NA	0.17541	NA	NA	NA	NA	NA	NA	NA	NA	NA	NA	NA	NA	NA	NA	NA
GT25	4.67542	3.58516	28.42784	3.47254	2.1589	4.4944	2.12005	4.76108	13.29289	6.24467	4.22913	8.01128	3.35611	3.07352	0.24588	0.43977	0.60863	0.16909	2.52165	7.43313	70.7342	3.65825	3.73512	43.06807	3.42578	28.57332	2.60191	5.22765	1.0464	0.84033	3.81042	7.99499	1.02661	1.41327	7.5999	7.92115	1.79887	1.59818	7.84734	3.9981	5.61677	5.54099	1.4352	2.32162	23.82302	13.99807	3.56516	1.60774	10.61815	0.861	5.90748	15.40398	2.00745	0.98906	2.29298	2.80975	1.07999	0.79537	0.50777	6.80284	2.32664	2.43906	4.72863	4.48531	12.88331	4.04012	0.15582	3.66547	3.23332	11.33541	5.61248	3.03578	6.04765	11.46308	8.96119	8.09969	2.35524	3.97405	1.67643	1.71281	41.14028	2.79924	7.94267	19.44471	2.97198	2.34919	4.80407	4.4863	16.30741	6.44865	1.25386	3.76837	1.25764	2.6998	4.19304	2.25218	23.32242	26.40144	1.79568	2.97496	4.02918	8.66096	5.41577	20.83078	7.61518	4.60863	0.92721	4.87904	0.34637	2.4829	6.47177	9.71363	9.26844	2.8411	44.3899	3.0496	5.32971	7.77645	5.60528	12.63157	9.44393	6.17758	3.19717	1.87195	1.85185	16.3208	0.16521	0.18064	1.44997	8.86699	4.17939	13.11118	0.65348	2.98771	13.2245	6.09349	14.94009	17.6595	38.79562	25.38697	6.38391	1.32454	0.71288	0.3769	1.17094	5.97507	6.00316	11.52236	15.61635	4.47026	6.51542	28.49107	13.45388	6.62739	26.28786	2.25582	4.64386	8.87225	3.18964	4.24715	2.44432	2.50905	5.91292	2.43098	16.92562	8.57454	8.57035	16.69198	5.22009	11.20715	7.49378	3.13837	46.84813	38.23903	4.7384	4.48443	2.53624	2.33914	15.03294	11.5158	1.85838	17.32824	11.8394	5.37543
GT26	115.19707	193.86475	239.97602	109.49285	167.75428	159.09614	133.46209	151.00635	135.88716	293.87924	139.56639	152.3154	142.77843	150.44962	129.8522	134.20003	126.18107	98.63669	101.89306	171.30188	294.19182	117.22124	119.66747	232.32164	172.18539	197.04433	156.07327	193.001	192.97256	169.836	202.38746	182.18795	202.89067	184.59438	224.62766	227.66928	230.52169	238.03363	135.99381	113.2028	210.37203	218.30741	121.19627	138.36323	122.05519	143.07784	132.50728	106.77008	163.65503	105.76862	150.25098	111.37451	170.49369	177.96854	293.38662	240.49268	151.04216	131.61619	114.82673	114.20264	170.33547	163.60713	95.02554	98.92738	199.56399	205.62937	99.85926	194.65664	174.44939	179.52807	113.433	158.14488	146.75725	168.05473	125.10203	200.00561	145.25843	145.17166	133.60606	158.76271	159.37021	196.50815	153.60719	175.82144	186.73603	122.37365	187.98238	157.88767	167.26218	154.91732	151.96622	146.79773	110.51256	193.17835	104.02477	113.17695	236.59641	144.09699	170.99441	247.00035	256.54596	204.86187	151.90168	139.56774	148.22006	143.05307	162.20287	128.16243	139.45262	192.15162	237.38472	328.29071	157.68823	124.87431	225.44799	206.53198	170.58912	141.33926	137.10815	150.24272	170.70571	138.02032	123.67847	157.34122	116.04984	126.8132	167.99552	155.88353	192.24424	257.87591	182.0821	328.54134	141.98697	190.54733	108.37822	88.24332	134.81797	137.31408	180.12283	171.98554	138.94199	144.57037	128.71532	202.21261	194.34168	185.61726	172.12961	167.28672	169.33134	174.32279	203.25263	170.04472	152.95656	208.73683	171.73191	156.70372	151.45716	131.58184	159.49397	173.40179	140.34097	206.84725	230.70023	149.13196	174.30633	152.45021	126.32894	207.72688	225.15931	337.02494	119.09788	127.05216	129.74325	126.77384	315.77644	343.1395	146.11828	399.85705	176.58388	204.43904	393.28743	139.48757	136.69212	238.13764
GT27	NA	NA	NA	NA	NA	NA	NA	NA	0.75521	NA	NA	NA	NA	NA	NA	NA	NA	NA	NA	NA	NA	NA	0.38271	NA	0.14769	NA	1.03343	0.79223	14.19339	6.98628	NA	NA	NA	NA	NA	NA	NA	NA	NA	NA	NA	NA	NA	NA	NA	NA	NA	NA	NA	NA	NA	NA	15.95419	10.51848	0.50035	0.92656	NA	NA	NA	NA	0.46665	0.20268	NA	NA	NA	NA	NA	NA	NA	NA	NA	NA	NA	NA	NA	NA	NA	NA	NA	NA	NA	NA	0.92875	0.67885	NA	NA	NA	NA	NA	NA	NA	NA	NA	NA	NA	NA	NA	NA	NA	NA	NA	NA	0.03715	NA	0.60391	NA	NA	NA	NA	NA	NA	NA	NA	NA	0.43655	NA	NA	NA	NA	NA	NA	NA	NA	NA	NA	NA	NA	NA	NA	NA	NA	NA	NA	0.21809	1.1578	0.14823	0.9083	1.34673	NA	NA	1.35955	0.46159	NA	NA	NA	NA	NA	NA	NA	NA	NA	NA	NA	NA	0.01138	NA	NA	NA	NA	NA	NA	0.07338	NA	0.11919	NA	NA	NA	NA	NA	NA	NA	NA	NA	NA	NA	NA	NA	NA	NA	NA	NA	NA	NA	NA
GT28	410.10318	380.54152	381.52237	484.87724	427.81878	402.45655	422.1129	482.49681	476.19395	415.34908	398.83533	413.57548	412.08228	481.19334	443.06743	495.41951	435.01453	507.07935	360.0481	392.06872	334.98893	478.50115	441.84707	385.12654	416.58552	404.21426	440.2296	446.05187	473.90525	514.67402	456.27433	431.76893	382.90641	422.15053	442.71964	440.48361	420.95994	394.25446	385.38292	425.62598	457.27375	504.19859	439.01922	453.56594	461.75191	527.33868	477.28958	457.94557	362.37999	427.09307	382.74514	414.34971	435.53118	438.33675	393.21296	375.06866	443.99334	413.02639	343.77577	360.44615	427.60243	421.96627	370.3145	375.89856	453.83834	436.02085	447.86373	482.54004	415.08528	352.69983	423.44446	410.11875	495.88022	403.51946	348.75177	414.33081	501.48597	513.1805	486.97832	467.49952	449.01793	453.00868	421.92987	443.38079	449.38357	539.47183	451.75686	499.18514	407.44312	580.29498	475.14419	569.85817	615.23606	606.91697	572.2461	542.66208	576.35214	501.78527	515.15169	497.90523	546.37391	541.95692	453.88747	425.49917	478.60157	511.90378	498.72115	437.8906	456.56437	359.28862	383.42001	352.86264	505.42589	535.53439	364.42884	463.28922	429.75481	513.05028	528.00518	358.2702	398.47508	412.44878	474.6549	482.11411	480.19766	535.00149	491.94328	551.70067	500.24849	475.67137	513.07664	389.65154	681.61514	690.60054	406.0817	444.06739	455.03897	456.91717	510.23272	483.40217	585.41704	588.31043	420.18892	329.89369	353.63935	475.71092	444.97247	457.04858	491.64472	380.04064	428.18621	380.15947	426.92985	392.32672	392.94739	408.41262	400.52984	388.49304	483.77171	407.1563	592.40677	456.92334	419.416	540.61306	423.43242	541.07449	477.8813	510.11826	394.83385	368.02993	416.66346	425.41695	340.75414	315.43553	468.27059	496.71681	369.55466	465.87298	524.60853	549.83697	433.26772	522.92881	493.90226	413.51074
GT29	NA	NA	NA	NA	NA	0.0378	NA	NA	0.45698	0.52495	1.14359	1.7687	1.87177	NA	NA	NA	NA	0.91445	NA	NA	NA	NA	1.54064	NA	0.13649	NA	1.24714	0.4173	0.08532	0.04178	0.37386	2.01949	7.6068	7.56401	NA	NA	2.8984	4.29994	0.08381	0.36091	NA	NA	NA	NA	3.00102	0.83535	2.58718	1.47674	NA	NA	NA	NA	0.10399	0.02922	0.03527	NA	NA	NA	0.18375	0.13758	NA	NA	0.37702	0.58884	0.0214	0.02782	NA	0.04075	2.29599	6.21218	NA	2.42832	NA	NA	NA	NA	NA	NA	NA	NA	NA	NA	NA	NA	NA	2.14503	0.02051	0.03735	NA	NA	NA	NA	NA	1.05718	NA	NA	NA	NA	NA	NA	NA	NA	NA	NA	0.02803	0.05642	NA	NA	NA	NA	NA	NA	0.20689	0.08355	NA	NA	0.16671	0.56869	1.30213	NA	NA	1.2867	1.71485	3.05283	1.75555	0.31411	NA	0.28887	NA	NA	0.04964	NA	NA	NA	NA	NA	NA	NA	0.04253	NA	NA	NA	NA	NA	NA	NA	NA	NA	NA	NA	NA	NA	0.09598	0.04034	NA	NA	0.82641	3.57902	0.09698	0.37823	NA	NA	NA	NA	0.20793	0.99173	0.06896	0.06406	NA	NA	0.17377	0.10033	NA	NA	NA	NA	NA	NA	NA	NA	0.21374	NA	NA	NA
GT3	115.41671	132.44477	122.32782	39.35417	50.1769	170.96212	82.44196	77.71319	95.33544	181.00209	89.64999	69.685	113.7034	70.57415	47.43004	45.45134	63.20206	12.3175	132.1348	94.51512	143.62822	34.67998	56.73619	107.10812	107.08279	68.35435	56.73995	95.56969	141.91801	106.64248	101.20514	105.61867	165.23523	136.8733	107.98334	109.0116	136.8613	167.91734	125.26815	75.64157	127.51587	116.35681	96.59434	66.02993	60.82522	28.01793	75.67467	37.30022	189.35445	78.51454	167.87973	132.96689	135.47593	149.75476	159.15793	140.33643	120.5501	68.91545	8.50951	27.88257	77.20323	52.58544	85.28443	83.72619	182.15704	176.61668	82.53252	143.74911	49.25904	94.64927	39.08529	25.35897	115.45201	166.2106	123.0462	178.80566	71.72822	65.17313	59.7583	59.66956	80.37411	103.76971	54.4012	67.14575	57.78542	26.45242	65.18606	52.88337	95.31576	60.35507	24.0191	62.2576	20.32601	68.57554	67.73911	63.85242	64.26873	83.51017	58.78226	80.64093	61.93255	42.20292	214.28384	185.48813	125.59837	118.67231	92.2461	63.70424	37.83479	68.64845	89.52782	222.91306	30.72938	51.0096	131.64135	65.84876	74.49483	54.05836	69.89954	137.62081	92.77643	130.68754	78.2475	50.14804	51.41528	60.83191	45.06621	35.9201	48.76295	108.15595	62.23597	216.21265	19.65248	29.78444	198.37232	245.94017	141.33455	146.68088	119.09426	110.84736	59.24621	36.22857	92.92649	62.45561	68.71692	91.15723	69.53868	77.32098	87.14148	115.44027	147.60091	132.11301	136.43647	65.14375	125.02975	81.14306	85.26656	69.91289	42.26431	79.27746	29.16496	253.37987	331.09489	85.0804	138.80086	94.44023	93.62208	16.42381	122.45939	243.47455	91.99132	65.83137	95.75177	106.11453	171.93421	149.03085	87.53312	173.57164	95.81827	85.56064	175.71301	77.26438	123.1068	211.14111
GT30	97.16785	126.84517	139.26147	42.89501	45.45884	188.48794	118.02626	87.14235	106.48932	183.82576	89.14773	75.86345	106.36691	61.75398	48.69349	43.83887	59.53807	16.7488	105.8523	116.83933	165.97672	50.29439	61.15662	155.21063	97.00359	126.95955	79.82389	91.68721	142.95213	120.14752	123.57424	128.57431	166.40856	146.00827	160.64853	155.33429	137.71682	161.81246	113.45199	77.20955	122.90312	128.80926	62.45591	56.86507	71.73585	38.56286	88.8477	58.07177	166.95826	78.68595	148.38106	154.23388	144.60895	134.34494	155.08822	134.76521	106.82391	68.25126	17.77271	63.92513	86.43314	64.3218	82.61082	85.18146	218.42021	205.09083	78.0433	167.18159	88.6776	184.8662	47.29142	74.55793	112.17559	148.6928	102.87214	160.6093	78.14477	83.50146	65.143	49.19816	99.65235	113.7188	87.34459	76.77301	102.05622	64.76326	73.58861	64.29873	93.76661	73.36193	54.4358	93.47781	35.65934	120.65369	86.91504	77.98732	124.8773	85.78713	68.20819	85.94482	100.16166	77.09153	238.16143	186.57474	123.39642	135.60708	98.22263	67.10121	46.55186	65.34756	87.62708	231.14363	61.17177	57.57742	139.38524	85.42689	95.58341	57.09643	75.62292	123.80925	126.30584	136.04429	87.71977	57.59289	51.27497	71.56376	61.60312	57.96269	61.67237	123.33079	62.83886	226.15082	31.01808	41.82173	179.24991	201.5074	140.82405	141.42297	118.79353	115.99311	57.4004	43.65647	73.64197	79.30488	74.5946	111.27023	78.90574	96.1099	104.8937	124.22804	207.97296	166.41823	123.82514	114.58529	170.27388	98.34317	57.83734	91.02701	32.01405	79.34622	39.32496	190.61457	238.88335	76.14815	153.50128	110.27132	94.41973	48.9796	119.99682	238.23682	86.30621	68.46069	90.67616	129.29918	176.52365	224.46062	94.49545	220.80251	112.25699	104.17702	200.20419	93.06168	103.24305	237.89907
GT31	0.15061	4.97053	0.25214	NA	0.03434	NA	NA	19.81601	12.4035	20.03969	0.05383	0.86024	0.08359	NA	0.53514	NA	0.03692	0.56099	NA	NA	0.21526	NA	1.2265	24.57701	0.42749	22.79125	2.81478	2.02619	1.45373	4.79821	0.09242	NA	NA	NA	NA	NA	NA	NA	NA	NA	NA	7.54653	1.30454	1.50329	1.33528	1.59444	1.43176	0.64318	0.42597	0.1311	0.17657	0.85473	0.75085	2.17036	NA	NA	3.67194	5.34136	0.49081	1.29008	NA	NA	0.28755	0.28949	0.08917	NA	9.77234	NA	NA	NA	2.26428	12.49707	0.70384	4.05022	4.67266	2.13759	0.32731	0.57039	0.12271	0.22573	0.12183	NA	1.8576	0.9413	0.07301	3.9973	0.96102	3.93775	0.77575	NA	2.03788	14.74635	9.43401	7.25406	9.33178	9.00943	58.32424	4.7136	5.48848	0.55187	0.06922	1.95747	0.07112	0.06352	0.07708	NA	4.17762	NA	11.8974	NA	NA	0.28147	1.91726	12.99761	1.12189	NA	NA	0.52425	0.21257	0.16068	NA	3.80824	0.68081	0.78596	0.66559	13.46231	NA	7.74259	NA	1.36673	0.49774	1.37937	NA	0.73315	3.46997	0.56165	11.73418	10.18895	4.46763	3.76222	2.58239	1.17421	1.99503	NA	NA	NA	NA	NA	NA	0.28675	NA	4.80823	15.96729	11.47899	3.26069	10.39895	NA	NA	NA	NA	0.95005	0.20276	0.74221	0.12041	26.7567	21.61166	0.07846	44.0031	0.30824	0.3013	NA	NA	NA	NA	NA	NA	NA	NA	11.81841	16.40593	1.1966	0.91744	4.47788	NA
GT32	187.89765	132.51947	283.56025	175.85786	197.83453	228.92358	170.34964	204.95043	239.40013	399.05146	275.17194	300.3894	359.01528	274.66532	153.98543	172.70326	213.99437	159.14424	167.17955	130.79288	216.95761	169.88638	249.47557	127.38697	206.09829	116.61258	247.30239	210.27565	207.06386	224.08183	333.88257	310.78558	181.36389	192.5579	207.35942	208.69015	181.63322	160.8253	199.53294	173.92081	207.49918	244.14246	180.74864	177.32763	258.05371	225.71335	204.85823	274.75355	264.41497	161.53254	228.4501	195.41781	193.89533	271.59644	274.36164	262.22286	272.76885	201.3645	152.61402	167.88506	246.69408	209.92555	142.06261	136.58189	393.0121	330.94863	99.88098	305.49773	180.99119	159.72524	125.62798	250.19414	162.81012	196.60902	295.27101	179.1137	184.69777	169.69867	200.1915	141.13457	356.75258	238.86436	208.8785	228.75797	470.4299	179.64526	205.14696	152.68626	181.06847	240.49317	287.12202	213.12413	356.34748	177.89069	238.61159	195.35649	136.69342	128.21358	274.20592	231.51681	283.32095	295.16031	178.65238	191.02457	197.20873	132.21411	180.13156	208.32506	191.44877	176.46399	214.73572	376.18361	222.66694	195.83331	175.39242	281.06105	230.07836	233.24064	255.06998	228.35921	243.09405	184.67977	205.16588	192.15459	186.07336	224.26964	199.12858	179.0328	219.13169	234.40699	189.99107	351.64886	332.77469	213.9758	177.56161	187.75006	194.4121	192.25008	101.10739	131.53327	286.80096	254.40034	165.52841	201.54177	198.47323	300.66212	275.05536	252.27605	369.16839	195.72999	174.70839	162.66319	211.21643	179.60832	156.71328	299.46096	149.19953	128.82443	164.50637	129.52798	188.25678	284.49728	322.24237	142.31658	252.31319	259.96702	275.99576	214.00836	376.83713	388.60242	189.84198	197.25044	163.78787	112.73366	363.96981	288.19347	175.09546	432.69823	229.38746	265.44968	428.59461	235.99764	269.23628	492.74943
GT33	NA	NA	NA	NA	NA	0.05192	0.5657	NA	0.09987	NA	0.53858	0.14084	0.06856	NA	NA	NA	NA	0.15288	NA	NA	NA	NA	0.01832	NA	0.02506	NA	0.28256	0.20325	0.07676	0.22823	0.15087	0.58877	NA	NA	NA	NA	NA	NA	NA	NA	NA	NA	NA	NA	NA	NA	NA	0.0588	NA	NA	NA	NA	0.02691	0.14762	NA	NA	NA	NA	NA	NA	NA	NA	NA	NA	NA	NA	NA	NA	NA	NA	NA	NA	NA	NA	0.05682	NA	0.07712	NA	NA	NA	NA	NA	0.21956	0.08959	NA	NA	NA	NA	0.03427	NA	NA	NA	NA	NA	NA	NA	NA	NA	0.26414	0.48299	0.28526	0.60469	NA	NA	NA	NA	NA	NA	0.0178	NA	0.1285	NA	NA	NA	0.08328	NA	NA	NA	NA	NA	NA	0.47599	NA	NA	NA	NA	0.08335	0.06359	0.36591	NA	NA	NA	NA	0.12303	0.18165	0.01744	0.28071	0.1633	NA	NA	0.14682	0.05032	NA	0.24337	0.05892	NA	NA	0.0243	NA	NA	NA	NA	0.09518	NA	NA	NA	0.13199	NA	0.14797	0.12129	NA	0.07398	0.04475	0.62387	NA	NA	NA	NA	NA	NA	NA	NA	NA	0.02642	NA	NA	NA	NA	NA	NA	NA	NA	0.04305	NA
GT34	NA	NA	NA	NA	NA	NA	NA	NA	NA	NA	NA	0.08488	0.05379	NA	NA	NA	NA	NA	NA	0.17264	NA	NA	NA	NA	NA	NA	NA	NA	NA	NA	NA	0.06615	NA	NA	NA	NA	NA	NA	NA	NA	NA	0.06715	NA	NA	NA	NA	NA	NA	NA	NA	NA	NA	NA	NA	NA	NA	0.13507	NA	NA	NA	NA	0.29993	NA	NA	NA	NA	NA	NA	NA	0.25794	NA	NA	NA	NA	NA	NA	NA	NA	NA	NA	0.10469	NA	NA	NA	NA	0.04	NA	NA	0.12618	NA	NA	NA	NA	0.04904	NA	NA	NA	NA	NA	0.13566	NA	NA	NA	0.04161	NA	NA	NA	NA	NA	NA	NA	0.0621	NA	NA	NA	NA	NA	NA	NA	NA	NA	NA	NA	NA	NA	NA	NA	NA	NA	NA	NA	NA	NA	NA	NA	NA	NA	NA	NA	NA	0.05947	NA	NA	NA	NA	0.07634	NA	NA	0.07688	NA	NA	NA	NA	NA	0.04493	NA	NA	NA	NA	NA	0.04253	NA	NA	NA	NA	NA	NA	NA	NA	NA	NA	NA	NA	0.04146	NA	NA	NA	NA	NA	NA	NA	NA	NA	NA
GT35	971.19084	847.6497	1116.57656	1011.91251	1013.09141	983.62972	962.39547	941.88074	860.98176	796.65825	904.72832	926.71427	855.6776	1008.87379	929.53595	942.43007	990.03349	1073.01	981.15478	1084.16206	1000.60872	1004.23586	958.69334	892.06276	887.09015	885.68047	991.46317	892.47431	866.82476	888.49878	993.36175	1017.34402	929.39781	966.50037	1061.68726	1065.96063	1161.34925	965.66597	984.08881	995.14436	900.63798	956.16383	990.91522	1021.64771	934.16895	892.5916	823.96427	1069.28722	860.49546	960.15826	982.67086	1029.00853	921.05211	905.34284	1015.33574	963.36035	986.62093	912.38762	866.76935	904.69311	1086.56575	1113.0114	885.72203	888.84278	766.36235	780.09247	925.94416	820.57298	784.94306	645.60242	935.9444	938.32429	1078.05395	896.48193	898.05338	972.59249	893.93642	898.91774	995.07872	857.57847	983.09486	914.59571	1055.56231	975.97491	962.23818	911.68868	937.49017	792.49137	910.09581	855.43661	789.43805	790.9516	797.93233	763.44482	704.2411	753.40781	894.81384	835.82617	885.17781	929.3967	840.13135	863.13862	746.94244	867.78579	934.07514	921.31144	864.27506	1042.84353	903.41782	894.41815	904.27968	799.54852	837.41957	810.45189	883.00773	1091.0541	1011.29158	976.20988	899.33964	987.5046	1009.82597	845.59319	927.26203	913.1821	947.88285	792.38316	897.04524	853.83527	813.37271	923.80392	855.60181	816.52792	921.77232	791.73795	785.64508	777.52508	876.43687	880.39317	878.93428	819.10791	877.92925	915.8744	888.35655	891.16918	895.89508	945.65665	929.02832	837.34273	903.20129	989.60059	963.14172	898.58239	938.01886	945.70352	887.08887	910.51592	706.26104	753.95781	737.22627	751.90393	764.82203	951.32841	1005.3589	840.52204	971.42667	930.56837	1092.98368	991.34718	937.69929	811.9293	938.30093	1007.55217	849.52854	855.44577	924.47908	1009.712	902.3375	924.40621	837.33595	897.57251	832.31427	906.67706	943.30097	696.3799
GT37	NA	NA	NA	NA	NA	NA	NA	NA	0.1665	NA	NA	NA	NA	NA	NA	NA	NA	NA	NA	NA	NA	NA	0.08636	NA	NA	NA	0.24877	0.73446	0.37527	1.51277	NA	NA	NA	NA	NA	NA	NA	NA	NA	NA	NA	NA	NA	NA	NA	NA	NA	NA	NA	NA	NA	NA	NA	0.67574	NA	NA	NA	NA	NA	NA	NA	NA	NA	NA	NA	NA	NA	NA	NA	NA	NA	NA	NA	NA	NA	NA	NA	NA	NA	NA	NA	NA	0.3643	0.35585	NA	NA	NA	NA	NA	NA	NA	NA	NA	NA	NA	NA	NA	NA	NA	NA	NA	NA	NA	NA	NA	NA	NA	NA	NA	NA	NA	NA	NA	NA	0.35554	NA	NA	NA	NA	NA	NA	NA	NA	NA	NA	NA	NA	NA	NA	NA	NA	NA	NA	NA	0.73615	0.0864	0.66047	0.86367	NA	NA	0.74636	0.28256	NA	NA	NA	NA	NA	NA	NA	NA	NA	NA	NA	NA	NA	NA	NA	NA	NA	NA	NA	0.05013	NA	0.06076	NA	NA	NA	NA	NA	NA	NA	NA	NA	NA	NA	NA	NA	NA	NA	NA	NA	NA	NA	NA
GT38	1.8499	2.82374	6.34893	0.60592	0.1051	NA	0.104	1.60377	2.04667	20.67013	2.44114	3.63795	2.1896	1.28776	0.33513	1.5242	0.94185	0.28106	1.42133	6.17753	4.37916	0.26195	1.51139	0.85501	2.21571	0.90387	0.71402	1.6544	0.64633	0.15826	0.76272	0.48708	4.2918	3.77146	4.49813	5.38548	8.10099	7.15173	3.6361	3.55816	2.99126	2.56065	NA	NA	2.80497	0.52737	0.86289	2.75633	6.59143	3.97294	8.77565	3.31395	0.59083	0.22135	10.51311	5.98379	3.32351	1.10277	NA	NA	4.81179	2.63121	2.33733	1.80562	0.94894	0.99861	NA	1.03242	NA	NA	0.24888	NA	2.0116	2.95909	2.96913	4.49287	1.02755	4.11382	4.20101	2.30497	1.77873	2.95684	2.45487	1.52541	2.13627	0.51553	2.58979	1.46204	11.9564	3.09888	0.18889	2.87569	9.04969	1.64556	1.69374	1.35232	0.9267	0.53861	1.92416	1.2209	1.88788	0.12352	1.14659	0.29256	0.65088	1.01717	5.85721	4.74364	0.52098	NA	NA	2.41512	1.11162	1.22285	2.94504	NA	0.43844	2.51556	1.23539	0.43706	0.1316	5.01171	2.29962	2.08435	0.36068	1.4515	3.52288	NA	NA	7.45454	0.62681	3.65473	0.04011	0.03518	2.14128	0.6851	1.81995	1.80825	0.51187	0.72064	0.29435	0.04949	0.76296	NA	NA	5.18825	2.55646	1.69263	3.10735	0.80678	0.28459	2.39015	3.58711	3.65396	2.67267	5.37933	0.4853	1.36741	0.3627	0.16723	NA	1.11189	1.23392	0.09635	3.69467	1.8104	1.30486	NA	1.06971	3.62571	1.31471	1.39381	NA	0.25815	2.62475	2.17734	7.41374	1.70673	3.07827	1.37834	0.4759	2.78699	3.67547	1.68703
GT39	25.08649	22.71217	4.37175	41.42139	54.23641	10.72583	19.43598	56.30344	46.31941	14.7473	50.87908	69.68888	45.61124	37.71533	40.53853	45.69497	37.58965	28.34832	26.41263	15.51904	7.01634	40.5792	45.13455	14.70189	45.15251	7.4992	59.25285	46.40955	37.10665	33.97581	48.53472	35.21588	20.99945	23.91073	48.32137	46.85083	22.07855	34.06308	6.65362	8.92756	41.02694	64.66697	60.92092	55.253	34.31619	69.79246	43.51503	12.37068	6.57844	17.11473	29.55981	19.85207	36.15824	30.67967	25.19361	16.65457	57.37223	64.56074	35.73178	9.45152	24.27793	28.18276	32.94146	34.11686	14.21507	25.02084	21.53559	28.37498	39.59356	19.60378	42.02474	51.24942	56.20993	24.91118	25.70921	18.07465	34.1254	27.16579	33.23874	49.93909	26.74221	31.9961	40.46001	30.08683	22.66633	39.68082	55.6523	55.3371	45.19831	109.78767	80.28296	111.92568	57.09653	58.76135	62.16367	83.82355	90.17354	62.02988	55.59571	68.98161	55.03852	68.36221	14.66587	9.36465	21.96012	28.63997	61.16651	17.28998	72.67754	58.27664	41.79458	10.86274	43.34149	112.52769	15.90053	12.33332	13.93049	40.74719	24.07346	10.12573	12.19599	29.70643	45.74378	35.38687	25.30371	66.29302	48.57952	63.20629	52.41256	51.2987	86.22794	11.98932	60.18091	70.96805	23.56959	15.189	36.27756	33.68825	74.1507	80.66081	31.95672	56.89694	57.57569	39.64292	47.70069	43.14009	61.16353	60.95939	32.48584	31.92414	6.96572	26.04848	29.51796	40.97494	27.30271	35.25876	67.39329	38.76521	45.97017	45.43786	31.43241	31.33487	15.02941	38.91624	18.86325	35.85694	42.51759	65.36716	15.90168	11.422	12.16382	10.87391	38.17349	31.91554	26.35478	14.02508	13.38327	19.70488	51.95973	61.60191	24.91961	32.32765	39.08186	11.9886
GT4	2611.31028	2713.87629	3358.1451	2312.39812	2739.30682	2410.35292	2176.65157	2817.91301	2681.20838	3509.45881	2375.51033	2289.38202	2372.65648	2845.96627	2518.5067	2645.85458	2655.33942	2287.60396	2598.98998	3112.035	3365.45978	2290.47146	2756.86682	3073.35425	2854.18867	2784.40098	2495.21384	2688.34508	2185.86689	2172.53494	2630.00408	2555.43665	2973.08897	2825.98589	3050.84759	3123.10249	3059.34095	3105.14309	2511.4064	2123.08402	3256.32914	3109.67754	2630.76695	2533.55197	2744.72052	2354.88543	2208.7064	2827.23464	3843.08371	2871.12377	3618.20182	3264.09373	2277.56336	2418.69275	4316.13786	3670.32791	3283.01515	2681.7787	2046.86603	2224.23956	2875.42422	2525.53712	2497.90548	2459.81714	2376.05306	2492.05447	2148.21111	2335.08151	2596.84151	3358.96743	2231.85562	2914.38421	2728.70041	2920.50328	2700.17353	2823.39339	2167.42034	2144.07132	2523.76805	2304.19214	2786.00392	2839.60682	2392.25393	2370.49614	2480.07667	2128.97392	2739.29318	2504.79102	2841.02598	2270.75602	2344.21439	2477.72158	2840.41004	2104.99558	2440.3877	2319.68402	2880.53565	2496.62626	2577.33807	2734.0866	2919.36879	2565.48861	2579.86468	2652.47885	2521.04499	2201.78324	2561.45955	2753.04612	2417.48887	2474.45545	2838.12732	3778.09196	2135.936	2432.51307	3050.37802	3414.80602	3232.73058	2485.0976	2583.94519	3459.65578	3321.58383	3074.7036	2673.68338	2689.75698	2348.09735	2372.54862	2442.93077	2427.61253	2625.18512	3186.61877	2735.14812	3645.33573	2319.98313	2347.39276	2974.67558	2993.61157	2924.9194	2955.59809	2608.70369	2833.3604	2369.61572	2187.56681	2664.59497	2706.70248	2635.75998	3015.69899	2650.05783	2919.69447	2887.55942	2349.24151	2265.66949	3053.27889	2980.49891	2777.8224	3035.21857	2888.23141	1996.54869	2024.05847	2470.14166	1854.26281	2362.29216	2090.45852	2275.5594	2401.21175	3379.5555	2772.41617	2984.44212	2760.02579	3101.00871	3806.84185	2350.65773	2183.68802	3196.55136	3080.47615	3106.31236	2787.95608	2596.49872	3124.56876	2547.08109	2703.20239	3136.68441	2639.84133	2693.2242	2426.10201
GT41	0.75285	0.04656	0.04681	0.58239	0.12153	0.44691	0.28579	0.06555	2.70083	NA	0.03176	NA	NA	0.28419	0.10323	0.0382	0.15615	0.11765	0.51906	0.31673	0.03239	0.571	0.19157	0.01102	0.05825	0.01764	0.41886	0.30648	0.16407	0.62268	0.80655	1.66287	NA	0.03798	0.0471	0.02278	0.04974	0.06311	NA	NA	NA	0.01965	0.1198	0.51252	0.03748	0.81031	0.12358	0.0536	0.23273	0.33429	1.51267	2.39266	0.04999	0.22453	0.05703	0.1093	0.06333	NA	0.12691	0.61683	0.3547	0.33038	1.10451	1.22267	2.88344	0.46783	NA	0.50263	0.15146	0.6166	2.14425	0.27051	0.61867	0.29238	NA	0.32357	0.03912	0.02101	0.01128	NA	7.48689	0.46476	0.1195	NA	1.11172	0.39053	0.01116	0.01817	0.20169	0.25832	0.18034	0.17285	0.0256	1.54706	0.02267	0.02069	0.01948	0.0086	1.33174	1.08996	1.37137	2.97516	0.02129	5.11998	NA	0.56979	0.11837	1.55863	0.04053	0.07833	1.9012	0.01822	0.05081	0.01663	0.02492	0.13051	0.23263	NA	NA	0.11514	0.09008	1.1816	0.39316	NA	0.02274	0.02052	0.01504	0.00976	0.07432	0.0294	NA	NA	NA	NA	0.37452	0.10368	0.66976	0.77148	0.04134	0.03948	0.12088	0.22405	0.05526	0.02871	0.16644	0.64086	0.56117	1.61198	4.29072	0.24207	0.2255	0.02136	NA	0.01864	NA	NA	NA	0.28714	0.45945	NA	0.59123	0.13733	0.32403	0.29543	NA	NA	NA	0.02688	0.12644	0.15422	NA	NA	0.02145	NA	0.02589	0.04251	0.08299	NA	0.23853	0.10967	0.18137	0.07722	0.14249	1.04715
GT44	NA	NA	NA	NA	NA	NA	NA	NA	NA	NA	NA	NA	NA	NA	NA	NA	NA	NA	NA	NA	NA	NA	NA	NA	NA	NA	NA	NA	NA	NA	NA	NA	NA	NA	NA	NA	NA	NA	NA	NA	NA	NA	NA	NA	NA	NA	NA	NA	NA	NA	NA	1.36275	NA	NA	NA	NA	NA	NA	NA	NA	NA	NA	NA	NA	0.13556	NA	NA	NA	NA	0.15701	NA	NA	NA	NA	NA	NA	NA	NA	NA	NA	NA	NA	NA	NA	NA	NA	NA	NA	NA	NA	NA	NA	NA	NA	NA	NA	NA	NA	NA	NA	NA	NA	NA	NA	NA	NA	NA	NA	NA	NA	NA	NA	NA	NA	NA	NA	NA	NA	NA	NA	NA	NA	NA	NA	NA	NA	NA	NA	NA	NA	NA	NA	NA	NA	NA	NA	NA	NA	NA	NA	NA	NA	NA	NA	NA	NA	NA	NA	NA	NA	NA	NA	NA	NA	NA	NA	NA	NA	NA	NA	NA	NA	NA	NA	NA	NA	NA	NA	NA	NA	NA	NA	NA	NA	NA	NA	NA	NA	NA	NA	NA	NA	NA	NA
GT45	NA	NA	NA	NA	NA	NA	NA	NA	NA	NA	NA	NA	NA	NA	0.12761	NA	NA	NA	NA	NA	NA	NA	NA	NA	NA	NA	NA	NA	NA	NA	NA	NA	NA	NA	0.47986	0.63362	NA	NA	NA	NA	0.45559	0.34126	0.20449	0.40244	NA	NA	NA	0.30868	NA	NA	NA	NA	NA	NA	NA	NA	NA	NA	NA	NA	NA	NA	NA	NA	NA	NA	NA	NA	NA	NA	NA	NA	NA	NA	NA	NA	NA	NA	NA	NA	0.11677	NA	NA	NA	NA	NA	NA	NA	NA	NA	NA	NA	NA	NA	0.9789	0.80457	NA	NA	NA	NA	NA	NA	NA	NA	NA	NA	0.27878	NA	NA	NA	NA	0.22539	NA	NA	NA	NA	NA	NA	NA	NA	NA	NA	NA	NA	NA	NA	NA	NA	NA	NA	NA	NA	NA	NA	NA	NA	NA	NA	NA	NA	NA	NA	NA	NA	NA	0.21288	0.19866	0.09765	NA	NA	0.10836	NA	NA	NA	NA	0.70284	0.63521	5.44336	2.89161	2.5471	NA	NA	NA	NA	NA	NA	NA	NA	0.04427	0.10786	NA	NA	NA	NA	NA	NA	NA	NA	NA	NA	NA	NA	NA	NA
GT48	NA	NA	NA	NA	NA	NA	0.08652	NA	0.61986	NA	NA	0.16864	NA	0.05641	NA	NA	NA	NA	NA	NA	NA	NA	NA	NA	NA	NA	NA	NA	NA	NA	NA	NA	NA	NA	NA	NA	0.06919	NA	NA	NA	NA	NA	NA	NA	NA	0.07633	NA	NA	0.0236	NA	NA	NA	NA	NA	NA	0.09059	NA	NA	NA	NA	NA	0.92685	NA	NA	0.15169	NA	0.03839	NA	0.02977	NA	NA	0.10374	NA	NA	NA	NA	NA	NA	NA	NA	NA	NA	NA	NA	NA	0.04788	NA	NA	0.78522	0.1404	NA	NA	NA	0.07423	NA	NA	NA	NA	NA	NA	NA	NA	NA	0.21297	NA	NA	0.02138	NA	0.03612	NA	NA	0.3063	NA	NA	NA	NA	NA	NA	NA	0.18015	NA	NA	NA	0.08405	0.10427	0.0471	NA	NA	NA	NA	NA	NA	NA	NA	0.03571	0.15995	0.49128	NA	NA	0.13445	0.07016	0.05656	NA	NA	NA	0.07639	0.20055	0.2223	0.05635	NA	0.15438	0.13207	NA	0.31996	0.22278	NA	0.02915	0.05171	NA	NA	0.11631	NA	NA	NA	NA	0.03138	NA	NA	0.08941	NA	NA	0.1453	0.04399	0.03981	NA	NA	0.06842	NA	NA	NA	NA	NA	NA	0.01949
GT49	NA	NA	NA	NA	NA	NA	NA	NA	4.99259	NA	NA	NA	NA	NA	NA	NA	NA	NA	NA	NA	NA	NA	3.99968	NA	1.76179	NA	6.31473	8.62882	7.43801	19.78419	NA	NA	NA	NA	NA	NA	NA	NA	NA	NA	NA	NA	NA	NA	NA	NA	NA	NA	NA	NA	NA	NA	2.23095	10.28824	NA	NA	NA	NA	NA	NA	NA	NA	NA	NA	NA	NA	NA	NA	NA	NA	NA	NA	NA	NA	NA	NA	NA	NA	NA	NA	NA	NA	9.20774	5.22665	NA	NA	NA	NA	NA	NA	NA	NA	NA	0.02404	NA	NA	NA	NA	NA	NA	NA	NA	NA	NA	NA	NA	NA	NA	NA	NA	NA	NA	0.03078	NA	5.48431	NA	NA	NA	NA	NA	NA	NA	NA	NA	NA	NA	NA	NA	NA	NA	NA	0.03269	0.06272	2.12349	13.5634	1.3098	12.36262	13.61854	NA	NA	9.03884	5.59605	NA	NA	NA	NA	NA	NA	NA	NA	NA	NA	NA	NA	NA	NA	NA	0.08114	NA	NA	0.07339	0.39858	NA	1.14589	NA	NA	NA	NA	NA	NA	NA	NA	NA	NA	NA	NA	NA	NA	NA	NA	NA	NA	NA	NA
GT5	364.84747	286.28531	405.3661	415.24448	401.10991	291.15769	337.90988	347.93013	284.24001	255.59325	322.07545	332.7662	297.3366	451.61394	417.43878	410.65912	423.22494	504.22468	353.6903	346.48291	346.43395	413.88189	351.88247	332.24683	330.69604	386.74003	342.89658	330.60775	252.42036	272.17295	358.06415	350.42829	346.89247	378.62826	323.5275	319.71913	364.01306	334.29509	423.89404	462.24889	348.90545	363.44467	385.20322	404.24641	384.51352	392.73373	323.80916	463.48816	324.92724	437.09593	346.65485	414.23142	235.49913	257.92141	293.33127	318.21563	367.10701	367.38867	375.17069	418.64537	407.51998	419.14404	350.85385	342.09186	227.79809	203.44958	370.21343	285.69958	285.21065	247.40929	417.61248	352.8764	340.62696	266.90822	359.13487	276.06291	329.08605	374.21055	437.61627	333.96178	376.67672	358.79733	307.46408	392.69547	380.74298	415.60985	367.89436	318.9014	383.20368	351.21894	356.51803	299.30912	327.24174	325.99673	269.52841	301.79399	284.01096	304.76292	309.71839	332.36682	299.97187	318.76316	173.60836	248.67911	319.73141	317.80912	318.14297	414.89897	383.02398	352.48615	348.34356	172.11584	406.83666	326.65994	307.15946	525.22836	446.65881	432.60751	385.82662	414.76994	461.73627	309.96911	303.8296	371.37482	396.85743	325.49386	372.23371	338.99434	352.0133	312.40828	344.49804	196.14237	455.00474	370.14289	238.85696	212.21945	292.85678	293.17783	307.2843	285.68416	397.38092	427.95567	354.76682	347.5721	347.3041	355.85339	388.45888	335.31954	362.97651	303.30118	291.02663	293.52223	315.1407	314.13773	285.15749	321.99872	268.0356	290.93369	337.19324	290.42436	290.78609	217.09794	203.3255	306.51765	286.82911	362.74559	397.475	415.86905	320.96699	150.27964	441.47571	502.86803	337.37552	330.37839	295.31243	329.56284	420.53579	291.72564	353.42975	370.11947	267.85011	427.97718	366.3117	170.85357
GT50	NA	NA	NA	0.32425	0.0703	NA	0.4174	NA	NA	NA	NA	NA	NA	0.30937	NA	NA	NA	NA	NA	NA	NA	NA	NA	NA	NA	NA	NA	NA	0.04273	NA	NA	NA	NA	NA	NA	NA	NA	NA	NA	NA	NA	NA	NA	NA	NA	NA	NA	NA	NA	NA	NA	NA	NA	NA	NA	0.11018	NA	0.52818	0.08338	NA	NA	NA	NA	NA	NA	NA	NA	NA	NA	NA	NA	NA	NA	NA	NA	NA	NA	NA	NA	0.18197	NA	NA	NA	NA	NA	NA	NA	NA	NA	NA	NA	NA	NA	NA	NA	NA	NA	NA	NA	NA	NA	NA	NA	NA	NA	NA	NA	NA	0.18923	NA	NA	NA	NA	NA	NA	NA	NA	NA	NA	0.06417	NA	NA	NA	NA	NA	NA	NA	NA	NA	NA	0.08386	NA	0.08277	NA	NA	NA	NA	NA	NA	NA	NA	0.11671	NA	NA	NA	NA	NA	0.1638	NA	NA	NA	NA	NA	NA	NA	NA	NA	NA	NA	0.07458	0.06905	NA	NA	0.05999	NA	0.04015	NA	NA	0.09902	NA	NA	NA	NA	NA	0.07981	NA	NA	NA	NA	NA	NA	NA	NA	NA
GT51	609.55679	635.46597	717.80231	677.75034	700.18302	905.36281	710.2092	674.72531	681.61413	641.85303	648.85758	662.44598	711.59847	629.34452	617.91923	691.11912	626.04584	565.38383	618.06848	691.62388	699.83793	696.03101	573.00195	684.73837	632.43698	721.76703	662.7082	593.29238	703.97411	723.93516	821.15586	888.33885	636.93108	677.94233	689.32938	681.61401	685.48627	629.47847	664.15329	636.43037	591.4427	601.23904	686.71338	700.09456	658.54146	727.20417	651.55836	720.08254	614.16556	647.76364	634.08271	671.08657	710.89116	687.35015	649.44101	657.85168	544.95441	582.36037	638.92674	736.78983	703.37683	708.08639	670.6564	671.35713	795.19241	778.16377	624.19049	786.2774	649.62426	787.49421	697.38737	698.06956	624.14503	715.12883	566.69912	633.45662	652.51942	682.35548	677.5403	551.1446	641.78153	687.97922	605.26362	583.81272	554.82863	548.53351	638.98455	582.70718	655.46405	628.71513	582.33199	696.58625	659.52295	530.49969	645.77019	641.55708	683.86287	590.31146	660.30612	686.31871	725.24518	705.9519	895.78098	886.81288	783.17485	813.42133	583.76803	664.20829	566.39798	613.52561	713.66435	890.28651	711.12738	686.67952	542.91703	696.44673	716.52856	679.85018	742.14894	773.60892	726.88118	718.985	789.15446	631.58614	665.03464	685.34634	702.06136	666.22386	621.64765	622.66183	637.31836	855.26918	727.37294	682.49503	832.09753	982.38737	780.46723	776.27386	585.69583	599.47245	668.62608	629.466	561.73749	655.05157	629.99473	640.93207	564.79646	542.58352	594.47751	752.00327	907.19837	662.1565	659.47099	669.48407	658.14372	596.73242	615.37144	634.0384	711.54415	651.84181	703.5918	791.50375	816.11435	750.46606	641.04773	592.89082	587.82083	633.42088	778.46127	909.1186	622.83694	650.36616	574.3148	573.11579	810.98524	767.82667	655.72716	798.27004	649.41119	716.5727	840.80622	668.49685	649.42347	755.86603
GT52	0.0608	NA	NA	NA	NA	0.22587	NA	NA	NA	NA	NA	NA	NA	NA	NA	NA	NA	NA	0.37564	0.23663	NA	NA	NA	NA	NA	NA	NA	NA	NA	NA	NA	0.02135	NA	NA	NA	NA	0.04109	NA	NA	0.02171	NA	NA	NA	NA	NA	NA	NA	0.0294	NA	NA	NA	NA	NA	NA	NA	NA	NA	NA	NA	NA	NA	NA	NA	NA	0.40993	NA	0.04613	0.01697	NA	NA	NA	NA	NA	NA	0.04345	NA	0.05897	NA	NA	NA	NA	NA	0.03847	NA	NA	0.02099	0.02155	NA	NA	NA	0.04912	0.0303	0.13252	NA	NA	NA	NA	NA	NA	NA	NA	NA	NA	0.78889	0.41363	0.22298	NA	0.36333	NA	NA	0.34529	NA	NA	NA	NA	NA	0.08107	NA	NA	NA	0.02703	NA	NA	0.02235	NA	NA	NA	NA	NA	NA	NA	NA	NA	NA	NA	NA	NA	NA	NA	0.01982	NA	NA	NA	NA	NA	NA	0.03729	0.21998	0.92198	NA	0.1796	NA	NA	NA	NA	NA	NA	NA	NA	NA	NA	NA	NA	NA	NA	NA	NA	NA	NA	NA	NA	0.05354	NA	NA	NA	NA	NA	NA	NA	NA	NA	NA	NA	NA
GT53	NA	NA	NA	NA	NA	NA	NA	NA	NA	NA	NA	NA	NA	NA	NA	NA	NA	NA	NA	NA	0.04869	NA	NA	NA	NA	NA	NA	NA	NA	NA	NA	NA	NA	NA	0.00701	0.01641	NA	NA	0.00434	NA	NA	0.02438	NA	NA	NA	NA	NA	NA	NA	NA	NA	NA	NA	NA	NA	NA	NA	NA	NA	NA	NA	NA	NA	NA	NA	NA	NA	NA	NA	NA	NA	NA	NA	NA	NA	NA	NA	NA	NA	NA	NA	NA	NA	NA	NA	NA	NA	NA	NA	NA	NA	NA	NA	NA	NA	NA	NA	NA	NA	NA	NA	NA	NA	NA	NA	NA	NA	NA	NA	NA	NA	NA	0.00808	NA	NA	NA	NA	NA	NA	NA	NA	NA	NA	NA	NA	NA	NA	NA	NA	NA	NA	NA	NA	NA	NA	NA	NA	NA	NA	NA	NA	NA	NA	NA	NA	NA	NA	NA	0.00529	NA	NA	NA	0.03418	NA	NA	NA	NA	NA	NA	NA	0.01173	NA	NA	NA	NA	NA	NA	NA	NA	NA	0.01034	NA	NA	NA	NA	NA	NA	NA	NA	NA	NA	NA	NA	NA
GT56	0.31466	1.25585	3.98543	0.14996	NA	0.68287	1.97336	0.28396	1.12693	0.16202	1.06829	1.56379	0.6797	0.31395	0.4659	0.42664	0.22854	0.52171	0.16751	5.48443	17.60129	0.15045	0.07763	1.6621	0.09521	6.85758	0.02014	NA	0.10664	0.78959	0.0572	0.17859	0.30676	0.25463	31.82479	26.38684	0.97805	3.03157	0.95582	1.90736	2.96216	0.78339	0.51075	1.02209	0.73657	0.3384	0.05085	0.31571	0.72757	1.48726	1.26933	7.96737	0.05416	0.06087	0.86741	3.22043	0.19585	0.27894	0.52636	3.62232	1.02214	1.02808	5.09903	4.28055	2.50875	0.10863	0.0479	0.53363	0.09153	8.75338	0.37341	0.03369	0.16694	3.22253	0.90278	0.09379	0.17113	1.28381	0.42184	1.84082	1.23511	0.82831	0.42842	0.49094	5.77012	3.86816	0.12819	NA	1.08136	0.97457	0.425	1.03543	6.34933	1.00592	0.70747	0.51691	0.41194	0.17441	0.34924	0.09157	0.19436	0.12822	0.48774	0.1934	0.065	0.22705	0.13612	0.04149	0.03582	NA	NA	0.75517	1.27957	3.97384	0.92699	4.16368	4.97832	1.95487	1.45696	8.98716	10.08342	0.2589	0.11498	0.40727	NA	2.48937	1.15134	0.48225	0.66881	0.13085	0.11081	1.12755	0.32493	0.32386	2.67391	2.44145	3.58424	3.66149	0.12652	NA	0.37072	0.08116	0.19862	NA	NA	0.27938	0.53803	0.59469	1.37124	2.211	0.56844	1.33144	1.16175	1.32499	1.61131	0.74784	1.17003	9.67369	2.50084	4.59728	0.16055	0.03822	0.06787	0.15898	5.96103	1.45656	2.47255	0.56277	0.4715	0.62994	1.45653	2.14428	0.14193	0.14214	1.08533	1.2108	2.31236	1.341	2.72882	2.14638	0.11218	2.73202	1.56243	1.18861
GT57	0.52126	0.51222	NA	0.13822	0.02931	0.26293	0.27298	0.34911	0.76749	NA	0.88159	1.28111	0.73597	0.61075	0.44116	0.59137	0.66374	0.72776	0.9697	NA	0.22037	0.07702	0.3227	0.71567	0.55159	0.0986	0.70611	0.51788	1.25106	2.00038	0.11635	NA	0.28467	0.6102	1.01574	1.27403	0.55797	0.29979	0.26664	0.30576	1.24575	3.43799	0.05971	0.10282	0.6839	1.1339	1.26256	0.19616	0.01436	0.08786	0.00927	0.09172	0.64848	1.69148	0.17858	0.17185	0.29483	0.13343	0.10136	NA	NA	0.20333	0.07999	0.07061	0.06677	NA	0.73961	NA	1.9319	NA	0.41077	1.50639	0.11402	0.2434	0.53967	0.06935	0.04528	0.22144	0.20101	1.433	0.20446	0.59788	1.33745	0.66824	0.31973	2.24645	1.14879	4.67049	0.27679	1.79931	0.89505	1.24622	0.88986	2.79003	0.75154	1.04794	2.14857	0.91362	2.79878	1.81845	1.29792	1.76322	NA	0.20257	0.06689	0.18511	0.85689	NA	0.18764	0.11301	0.05234	0.15612	1.40242	1.70419	0.88315	NA	NA	1.38087	0.95843	0.04453	NA	0.24375	0.35449	0.75829	1.01673	7.13826	1.94853	0.96569	1.4828	2.10324	2.30068	0.17586	0.84048	1.45231	0.64673	1.043	0.88752	2.30233	0.69722	1.16469	0.96388	1.69568	0.0984	0.02079	0.06042	0.91449	3.52542	1.8048	0.30714	0.60424	0.29376	0.14075	0.25088	0.2441	0.13364	0.35449	0.8016	1.22405	0.32095	0.92576	0.88909	0.11517	0.14338	0.51046	0.08982	0.29639	0.15939	NA	0.36214	0.30971	0.30274	0.32075	0.44328	0.15297	0.70226	0.03249	0.12787	0.33248	3.07801	2.02587	0.45055	1.16452	3.16867	0.04276
GT58	NA	NA	NA	NA	NA	NA	NA	NA	0.41979	NA	NA	NA	0.04763	NA	NA	NA	NA	NA	NA	0.52021	NA	NA	0.05793	0.19459	0.01321	NA	0.60458	0.45524	0.54981	0.85726	NA	NA	NA	NA	NA	NA	NA	0.25658	NA	NA	NA	NA	NA	NA	NA	NA	NA	NA	NA	NA	NA	NA	0.11458	0.77353	NA	NA	NA	NA	NA	NA	NA	0.10908	NA	NA	NA	NA	NA	NA	NA	NA	NA	NA	0.40395	NA	NA	NA	NA	NA	NA	NA	NA	NA	0.31692	0.31515	NA	0.01771	NA	NA	NA	NA	NA	NA	NA	NA	NA	NA	NA	NA	NA	NA	NA	NA	NA	0.16646	NA	NA	NA	NA	NA	NA	NA	0.03579	NA	NA	0.13178	NA	NA	NA	NA	0.20577	NA	NA	NA	NA	NA	NA	NA	NA	NA	NA	NA	NA	0.0332	0.28706	0.6576	0.0919	0.67857	0.61085	NA	NA	0.40194	0.37956	NA	NA	NA	NA	0.11828	NA	NA	NA	NA	0.03088	NA	0.14675	NA	NA	NA	0.09394	NA	NA	0.09804	0.01243	NA	0.02585	NA	NA	NA	NA	0.0703	NA	0.39027	NA	NA	0.03671	NA	NA	NA	NA	NA	NA	NA	NA	NA	NA
GT59	NA	NA	NA	0.05308	NA	NA	NA	NA	0.22854	NA	0.07229	NA	NA	NA	NA	NA	NA	NA	NA	NA	NA	NA	NA	NA	0.05603	NA	0.65095	0.29422	0.34437	0.995	NA	NA	NA	NA	NA	NA	NA	NA	NA	NA	NA	NA	NA	NA	NA	0.26672	NA	0.14205	NA	NA	NA	NA	0.15114	0.67461	NA	NA	NA	NA	NA	NA	NA	NA	NA	NA	NA	NA	NA	NA	NA	NA	NA	NA	NA	NA	NA	NA	NA	NA	NA	NA	NA	0.21697	0.51128	0.26938	NA	NA	NA	NA	NA	NA	NA	NA	NA	NA	NA	NA	NA	NA	NA	NA	0.04594	NA	NA	NA	NA	NA	NA	NA	NA	NA	NA	NA	NA	NA	0.07447	NA	NA	NA	NA	NA	NA	NA	NA	NA	NA	NA	NA	NA	NA	NA	NA	NA	NA	0.07362	0.52686	NA	0.31524	0.5669	NA	NA	0.07831	0.27016	NA	NA	NA	NA	NA	NA	NA	NA	NA	NA	NA	NA	NA	NA	NA	NA	3.21739	NA	NA	0.05272	NA	0.05482	NA	NA	NA	NA	NA	NA	NA	NA	NA	0.04256	NA	NA	NA	NA	NA	NA	NA	NA	NA	NA
GT6	16.68437	2.41601	4.51563	9.9621	9.39988	22.28263	47.05178	9.82978	21.19449	8.08317	19.2157	11.31144	17.20311	22.8188	27.75025	25.68305	19.2001	22.86196	14.2951	20.97276	2.34804	8.44245	6.01261	30.213	8.4609	32.99433	13.27124	9.7296	6.49124	12.84839	11.33205	10.55882	14.65365	16.39866	12.18103	11.09351	45.35874	28.5533	3.63146	3.42207	9.13148	6.39624	34.91254	40.3925	36.80983	20.70625	25.43197	13.66781	8.45411	26.16591	28.90366	15.74233	6.67514	11.3486	17.31326	45.75657	11.77042	33.29801	12.73493	5.27709	17.68195	44.38907	11.27281	12.27235	20.1912	19.58684	1.70989	26.1747	45.54145	1.55566	2.29404	62.66809	3.02482	3.44067	18.32696	32.20374	24.87138	40.30882	12.76266	28.07263	42.09418	28.97359	27.68883	31.34621	16.9735	11.8066	15.34405	13.71067	27.67435	13.58258	19.76323	13.24983	18.78274	7.15893	3.43666	2.76945	46.1747	32.06157	21.60545	21.19181	37.4991	13.7666	3.04749	3.16669	8.54774	3.6273	2.30066	24.90294	26.37241	6.2604	7.2144	15.29154	26.4438	43.04911	27.17552	63.94756	66.51707	23.99887	29.42914	67.83277	51.5194	17.66951	10.95353	26.07167	11.58006	6.56299	24.96754	21.3103	42.84357	22.81617	25.75704	19.4591	13.65257	8.01392	17.04898	20.94209	27.07257	29.0308	38.77758	41.75312	10.55671	7.66203	34.32539	6.69624	7.85625	27.56141	29.09318	38.79145	34.15133	31.08374	18.04833	49.5245	35.43464	57.60688	53.25809	6.01689	34.55253	29.29316	20.05057	28.86203	10.79118	9.05923	15.45585	10.73838	27.15787	31.0812	24.31735	49.81685	25.72864	23.83753	2.26077	1.67362	51.11606	72.72351	13.03227	21.04786	22.67306	16.4881	33.41773	37.32965	10.98095	40.79175	34.28383	15.23378
GT60	3.59939	3.69756	NA	12.29741	18.75888	0.10473	1.67139	9.83279	9.58503	NA	5.30387	18.961	9.52798	12.31251	15.7581	14.0073	14.84558	3.99701	NA	NA	NA	9.0627	2.15577	NA	4.24299	NA	5.68739	2.59001	0.81339	0.19271	1.36766	1.54111	NA	NA	8.80509	8.96957	NA	NA	NA	NA	15.32858	14.35445	3.47392	10.53746	0.35902	5.13517	2.56278	0.1581	NA	NA	NA	NA	0.47965	0.10802	0.22803	0.07562	0.05556	NA	NA	NA	NA	0.66776	NA	NA	2.47631	4.8042	NA	2.89008	NA	NA	14.63148	NA	3.96878	1.84278	NA	NA	NA	NA	7.85492	15.50216	0.08946	0.22634	0.06629	0.04302	1.51271	6.03955	5.52884	6.7908	14.6103	6.9864	24.97463	8.31524	11.10753	6.25355	0.50967	0.633	7.05658	8.2353	6.8631	9.36364	6.78099	5.99985	0.43837	0.03563	0.17277	1.04743	0.2399	0.09019	NA	NA	NA	NA	0.29251	1.59126	0.0919	NA	NA	2.60664	0.66534	NA	0.09714	2.78872	15.26691	4.08283	5.00112	3.44451	13.99165	15.36382	3.16959	3.99413	5.08719	NA	15.67441	15.16451	NA	0.10011	NA	NA	6.7563	12.07232	5.19917	11.38796	NA	NA	NA	NA	NA	NA	NA	0.15734	0.04159	0.0442	0.12286	0.06037	0.04812	0.03703	5.43917	1.36155	1.55395	4.76516	5.40382	12.69196	1.98286	10.38205	0.83753	0.57614	0.25754	5.3018	NA	NA	NA	NA	NA	0.20463	1.30771	NA	NA	0.49124	0.13233	NA	0.69487	0.03469	NA	2.12269
GT62	NA	NA	NA	NA	NA	NA	NA	NA	0.08169	NA	NA	NA	0.05156	NA	NA	NA	NA	NA	NA	NA	NA	NA	0.05502	NA	NA	NA	NA	NA	NA	NA	NA	NA	0.0386	0.03474	NA	NA	NA	NA	NA	NA	NA	NA	NA	NA	NA	NA	NA	NA	NA	NA	NA	0.02023	NA	NA	NA	NA	NA	NA	NA	NA	NA	0.09453	NA	NA	NA	NA	0.04328	NA	NA	NA	NA	NA	NA	NA	NA	NA	NA	NA	NA	NA	NA	NA	NA	NA	0.02094	NA	NA	NA	0.03196	NA	NA	NA	0.04506	0.0143	NA	NA	NA	NA	NA	NA	NA	NA	NA	0.03728	NA	NA	NA	NA	NA	NA	NA	0.0543	NA	NA	NA	NA	NA	NA	NA	NA	NA	NA	NA	0.04193	NA	NA	NA	NA	NA	NA	NA	NA	NA	NA	NA	NA	NA	0.08918	0.07732	NA	NA	NA	NA	NA	NA	NA	NA	NA	0.11835	NA	NA	0.04795	0.02229	0.04929	0.03929	NA	NA	NA	NA	NA	NA	NA	NA	0.03683	NA	NA	NA	NA	NA	NA	NA	NA	NA	0.00928	NA	NA	NA	NA	NA	NA	NA	NA	NA	NA
GT63	NA	NA	NA	NA	NA	NA	NA	NA	NA	NA	NA	NA	NA	NA	NA	NA	NA	NA	NA	NA	NA	NA	NA	NA	NA	NA	NA	NA	NA	NA	NA	NA	NA	NA	NA	NA	NA	NA	NA	NA	NA	NA	NA	NA	NA	NA	NA	NA	NA	NA	NA	NA	NA	NA	NA	NA	NA	NA	NA	NA	NA	NA	NA	NA	NA	NA	NA	NA	NA	NA	NA	NA	NA	NA	NA	NA	NA	NA	NA	NA	NA	NA	NA	NA	NA	NA	NA	NA	NA	NA	NA	NA	NA	NA	NA	NA	3.18427	0.34999	NA	NA	NA	NA	NA	NA	NA	NA	NA	NA	NA	NA	NA	NA	NA	NA	NA	NA	NA	NA	NA	NA	NA	NA	NA	NA	NA	NA	NA	NA	NA	NA	NA	NA	NA	NA	NA	NA	NA	NA	0.2023	0.19048	NA	NA	NA	NA	NA	NA	NA	NA	NA	NA	NA	NA	NA	NA	NA	NA	NA	NA	NA	NA	NA	NA	NA	NA	NA	NA	NA	NA	NA	NA	NA	NA	NA	NA	NA	NA	NA	NA	NA	NA	NA	NA	NA	NA
GT66	5.0782	6.8775	6.51307	5.48499	5.76488	1.62027	7.00349	3.50068	17.6206	8.6542	9.58396	7.24282	6.48068	11.62825	10.3397	11.25331	8.23183	30.30354	4.01111	4.58623	3.79678	4.76094	3.96504	9.43256	5.95935	6.39098	13.00492	4.87585	8.62266	5.95984	3.3339	3.31734	10.55837	9.34951	2.76199	2.91286	10.04744	7.72967	14.14495	9.87619	3.21426	4.08146	2.79776	10.90276	9.60034	6.85731	4.4253	11.90239	0.83571	4.60268	3.14816	2.23513	3.55436	5.68277	5.68164	9.38503	2.26591	2.30514	4.42429	8.46654	7.89426	8.58138	2.72535	3.57744	0.92992	0.26368	7.52334	0.95555	6.82086	14.07919	7.83315	9.86737	4.27165	7.09984	11.69082	2.53469	6.21522	4.10967	2.80349	9.80632	2.39418	2.68315	6.44358	5.90303	13.18494	8.38183	4.27928	1.29268	5.95724	10.84061	27.09062	14.96428	17.21263	5.16517	11.08151	15.88666	5.74763	6.50172	4.8786	3.22465	4.73503	5.08357	4.37036	4.55662	5.14411	6.98701	14.33594	5.56571	1.50827	10.98341	7.96648	4.0385	13.14584	14.11119	4.06501	7.48786	10.83639	15.75901	12.54734	8.97443	7.02756	3.37017	3.70638	5.39211	7.17144	30.18377	11.34003	26.76304	4.84155	3.53152	7.53246	3.08493	17.88783	13.97653	6.12342	7.11218	7.32065	7.09454	2.35409	4.17608	13.15436	12.34349	1.81135	15.72393	10.5828	3.47221	7.3789	4.73155	3.57244	8.53682	2.42566	8.60287	4.68187	26.32761	7.94585	7.01549	15.72153	14.53826	18.3565	15.72853	6.92936	2.38782	1.3222	2.32673	9.91359	14.6425	8.92959	14.04529	7.34087	1.8775	10.80727	10.81288	7.76749	3.5298	10.41351	23.64266	9.82729	10.70766	5.06443	2.83083	12.11228	4.74609	3.90368	0.95482
GT69	NA	0.08204	NA	NA	NA	NA	NA	NA	NA	NA	NA	NA	NA	NA	NA	NA	NA	NA	NA	NA	NA	NA	0.11962	NA	0.34793	NA	0.20772	0.70401	NA	NA	0.02884	0.31488	NA	NA	NA	NA	NA	NA	5.69065	3.85422	NA	NA	NA	NA	NA	NA	NA	NA	NA	NA	NA	NA	NA	NA	NA	NA	NA	NA	NA	NA	NA	NA	NA	NA	NA	NA	NA	NA	NA	NA	NA	NA	NA	NA	NA	NA	NA	NA	NA	NA	NA	NA	0.80435	0.36561	0.59997	0.03949	NA	NA	NA	0.02455	0.02842	0.12356	0.04582	NA	NA	NA	NA	0.03241	NA	NA	NA	NA	NA	0.08109	0.02461	0.09945	NA	NA	NA	NA	NA	2.51935	0.03746	0.27598	1.55046	NA	NA	0.2231	0.72409	NA	NA	NA	NA	NA	NA	NA	NA	NA	NA	NA	NA	1.81696	0.10294	0.4303	NA	NA	NA	NA	NA	0.04284	0.71673	0.39161	NA	NA	NA	NA	NA	NA	NA	NA	0.02368	NA	NA	NA	NA	NA	NA	NA	NA	NA	0.18871	0.28895	0.90624	0.48066	NA	NA	NA	NA	1.16005	1.43679	2.85178	5.42422	NA	NA	NA	NA	25.22792	NA	4.47265	4.0952	NA	9.15865	6.85715	NA
GT71	0.08721	NA	NA	NA	NA	0.12599	NA	NA	0.05314	0.05227	NA	0.04272	0.07235	NA	NA	NA	NA	NA	NA	0.07652	NA	NA	NA	NA	NA	NA	NA	NA	NA	NA	NA	NA	0.18517	NA	NA	NA	NA	NA	NA	NA	NA	NA	NA	NA	NA	0.27072	NA	NA	NA	NA	NA	NA	NA	NA	NA	0.08783	0.20891	NA	0.04431	NA	NA	1.08772	NA	NA	NA	0.13683	NA	NA	NA	0.30896	NA	NA	0.07915	NA	NA	NA	NA	NA	NA	NA	0.08096	0.04086	NA	NA	NA	0.1354	NA	NA	0.53554	0.07896	NA	NA	NA	0.08712	0.07045	NA	0.06525	NA	NA	0.07424	NA	NA	NA	0.24231	NA	NA	0.0653	NA	NA	NA	NA	0.11024	NA	NA	NA	NA	NA	NA	NA	0.10798	NA	NA	NA	NA	NA	0.23968	NA	NA	NA	NA	NA	NA	NA	NA	NA	0.09043	0.0546	NA	NA	0.06803	NA	NA	NA	NA	NA	NA	NA	0.16534	0.14672	NA	0.03757	0.11721	NA	0.11387	0.06846	NA	NA	NA	NA	NA	NA	NA	0.04654	NA	NA	NA	NA	NA	0.04951	NA	0.03234	NA	NA	0.02748	NA	NA	NA	NA	NA	NA	NA	NA	0.07025	NA
GT73	3.46433	3.86297	5.031	1.80195	3.49517	1.11611	1.14357	2.57743	12.43894	1.02078	7.44946	4.66768	3.04969	2.58644	5.16486	3.17962	3.85113	0.42306	2.06712	1.01422	15.72782	3.20334	23.15822	3.96133	13.45751	10.27065	13.52922	8.58024	2.49304	0.42156	0.43912	0.41753	2.4133	3.41843	5.68271	6.93874	2.33674	0.76036	1.7166	3.84379	1.80761	2.59117	5.37034	3.81171	2.24929	4.06265	3.99653	0.22613	0.90951	0.32118	0.03381	0.17681	0.9288	0.91503	1.45399	0.75619	18.31985	22.06054	1.92815	0.46751	0.75111	0.15456	5.34883	4.95945	2.61207	1.98728	0.50981	1.69018	3.05388	1.71584	2.03259	11.60463	1.81655	2.43612	11.12086	2.87867	11.69388	3.61828	8.00435	6.58871	8.54126	2.36448	38.25272	19.4807	10.81239	4.70475	0.33687	0.64657	0.38602	2.14246	1.05592	0.8589	1.40913	0.62248	14.43667	17.69391	3.97644	6.41976	8.77065	7.3808	5.29896	12.74858	0.11183	1.31443	2.84354	0.58214	20.94924	0.18633	14.30601	4.34484	2.45911	1.53944	0.44808	3.70541	15.26685	5.77637	4.99939	0.79472	0.78652	2.0647	2.06601	1.11462	3.55127	3.18956	1.71466	8.70598	1.57237	1.75956	0.1758	0.5181	0.65563	1.37963	NA	0.04543	5.08912	1.91376	2.57591	1.89351	2.69901	4.22565	0.16754	0.04132	13.38269	5.43754	2.67342	13.36785	6.10463	8.56052	5.44179	3.68727	0.34355	0.70832	0.76097	0.34373	0.81217	24.52623	12.83235	37.4356	25.89878	8.49009	0.85647	4.32648	0.59309	3.12499	0.96667	7.09986	34.27729	1.60953	0.86492	2.21937	1.93321	1.88654	7.58947	4.88767	0.50597	0.92037	2.08468	NA	0.14257	0.27192	0.19593	1.44772	0.28818	1.82649
GT75	NA	NA	NA	NA	NA	NA	NA	NA	NA	NA	NA	NA	NA	0.12027	0.0939	0.11863	0.02587	NA	NA	NA	NA	NA	NA	NA	NA	NA	NA	NA	NA	NA	NA	NA	NA	NA	NA	NA	NA	NA	NA	NA	NA	NA	NA	NA	NA	NA	NA	NA	NA	NA	NA	NA	NA	NA	NA	NA	NA	NA	NA	NA	NA	NA	NA	NA	NA	NA	NA	NA	NA	NA	NA	NA	NA	NA	NA	NA	NA	NA	NA	NA	NA	NA	NA	NA	NA	NA	0.12094	0.06607	NA	NA	NA	NA	NA	NA	NA	NA	0.04555	0.14373	NA	NA	NA	NA	0.17848	0.20493	0.05526	0.19559	NA	NA	NA	NA	NA	NA	NA	NA	NA	NA	NA	NA	NA	NA	NA	NA	NA	NA	NA	0.15063	NA	NA	NA	0.07407	0.11708	NA	NA	NA	NA	NA	NA	NA	NA	0.09498	NA	NA	NA	NA	NA	NA	NA	NA	NA	NA	NA	NA	NA	NA	NA	NA	NA	NA	NA	NA	NA	NA	NA	NA	NA	NA	NA	NA	NA	NA	NA	NA	NA	NA	NA	NA	NA	NA	NA	NA	NA	NA	NA	NA
GT76	NA	NA	NA	0.04632	0.04017	NA	NA	0.04272	0.20989	NA	NA	NA	NA	0.07383	0.17934	0.1942	0.02118	NA	NA	NA	NA	NA	NA	NA	NA	NA	0.05459	0.01506	NA	NA	NA	NA	NA	NA	NA	NA	NA	NA	NA	NA	NA	NA	NA	NA	0.22572	0.33597	0.7539	NA	NA	NA	NA	NA	NA	NA	NA	NA	NA	NA	NA	NA	NA	NA	NA	NA	NA	NA	NA	NA	NA	NA	NA	NA	NA	NA	NA	NA	NA	NA	NA	0.026	NA	NA	NA	NA	NA	NA	NA	NA	NA	NA	NA	NA	NA	NA	NA	NA	0.65252	0.32352	0.5982	0.21461	0.04056	NA	NA	NA	NA	NA	NA	NA	NA	NA	NA	NA	NA	0.05008	NA	NA	NA	0.05061	NA	NA	NA	NA	NA	NA	NA	NA	0.23427	0.17875	0.34284	NA	NA	NA	0.23648	0.09892	NA	NA	NA	NA	0.21675	0.07775	0.05201	NA	NA	NA	NA	NA	NA	NA	NA	NA	NA	NA	NA	NA	NA	NA	0.04638	NA	0.03466	0.21308	0.07438	0.01771	NA	NA	NA	NA	NA	NA	NA	NA	NA	NA	NA	NA	NA	NA	NA	NA	NA	NA	NA	NA	NA	NA
GT77	NA	NA	NA	NA	NA	NA	NA	NA	0.63003	NA	NA	NA	NA	NA	NA	NA	NA	NA	NA	NA	NA	NA	0.51753	NA	0.14973	NA	0.84948	0.87788	1.39242	3.44775	NA	NA	NA	NA	NA	NA	NA	NA	NA	NA	NA	NA	NA	NA	NA	NA	NA	NA	NA	NA	NA	NA	0.2508	1.60726	NA	NA	NA	NA	NA	NA	NA	NA	NA	NA	NA	NA	NA	NA	NA	NA	NA	NA	NA	NA	NA	NA	NA	NA	NA	NA	NA	NA	1.72424	0.6241	NA	NA	NA	NA	NA	NA	NA	NA	NA	NA	NA	NA	NA	NA	NA	NA	NA	NA	NA	NA	NA	NA	NA	NA	NA	NA	NA	NA	NA	NA	1.57365	NA	NA	NA	NA	NA	NA	NA	NA	NA	NA	NA	NA	NA	NA	NA	NA	NA	NA	0.55395	2.50005	0.06956	2.33484	2.49948	NA	NA	2.20305	0.75341	NA	NA	NA	NA	NA	NA	NA	NA	NA	NA	NA	NA	NA	NA	NA	NA	NA	NA	NA	0.29345	NA	0.08832	NA	NA	NA	NA	NA	NA	NA	NA	NA	NA	NA	NA	NA	NA	NA	NA	NA	NA	NA	NA
GT8	136.44536	148.35763	192.10322	228.35239	239.47312	243.46951	217.29402	254.29754	231.49265	302.19296	153.80729	186.43349	157.64766	132.13627	134.49521	160.92535	146.0343	231.51427	91.52141	189.25672	199.03212	221.11698	202.99809	310.59265	214.7287	373.77834	278.45098	222.79041	213.03431	188.24959	291.09269	365.70974	230.74421	239.80139	252.09357	228.65689	144.57343	188.71244	215.3155	282.62755	130.14529	177.02246	196.74144	182.68091	183.71107	165.54724	116.72929	244.85992	181.52812	292.86338	218.35389	236.29101	183.28561	199.3914	246.76868	206.84222	141.63756	186.46268	228.35087	327.1845	265.76822	307.14102	307.3035	308.27422	149.53996	135.96633	235.58635	144.71576	167.38998	284.21276	299.43477	288.83874	196.15562	147.21204	242.01496	213.83246	170.84506	169.31619	247.43452	157.16283	260.73717	201.58059	248.84473	278.96196	361.54452	278.99694	184.62166	150.1665	288.63053	263.02465	289.39499	274.56557	278.57069	286.27244	214.43733	232.73204	291.84117	161.29565	188.43936	252.00669	257.40045	224.99673	283.40874	295.89832	271.19379	219.71962	207.90626	239.88772	211.09436	241.15041	349.0555	349.52697	343.3082	278.87809	221.83246	147.99174	189.59829	301.7686	342.00684	237.11736	183.4609	212.98355	170.07197	158.84368	186.43869	169.84146	236.71173	245.81207	148.99104	160.3222	144.45925	372.54234	200.14558	219.32424	505.81469	460.83532	342.02162	342.03227	136.78251	212.01014	204.78606	180.83554	187.46508	255.45799	249.0756	138.18572	130.74095	137.4377	124.70438	200.20243	288.14886	178.66433	186.96537	159.16319	176.63622	292.60216	148.10372	139.63691	203.34995	134.48335	236.04787	171.52378	160.07323	257.75153	179.32594	210.02696	114.07756	227.547	249.47135	357.82669	235.47301	250.99116	186.71333	118.28278	350.48853	344.13177	316.89196	396.30925	220.25317	232.07207	411.98908	321.35064	189.81828	83.92917
GT80	7.87705	3.7291	1.06042	1.03912	0.69636	0.01824	NA	2.0038	0.9186	10.78523	0.39907	0.2975	0.61903	0.35214	0.28892	0.12406	0.80002	0.46317	12.49368	1.23157	1.2607	0.79637	0.39111	3.50221	1.68708	1.63133	1.64569	1.27753	1.61735	0.45479	0.35133	0.40078	2.7811	1.38333	3.77844	4.14855	2.10363	2.42565	9.50893	5.6924	4.36524	2.22029	14.2819	4.98785	2.25192	0.80775	3.90647	0.73587	5.11597	1.04524	6.78256	1.62838	2.36357	1.29576	4.9191	4.43099	3.07657	1.83647	NA	NA	1.45778	1.5633	NA	NA	0.47777	0.43577	20.31181	0.38636	NA	NA	0.72757	NA	1.78369	1.43618	6.95558	7.83827	2.69613	3.1891	3.27742	4.55778	0.09563	0.74806	1.03166	0.34437	0.82629	0.60852	1.72318	1.91319	1.0776	0.96991	0.32142	0.93251	0.15104	4.78553	9.99623	6.71951	2.87433	5.10792	8.03244	6.27839	2.33182	4.33759	1.2136	0.77966	1.26793	0.68638	6.21739	1.98417	2.06708	4.26625	8.29055	0.8965	0.15384	1.7195	0.48557	0.32487	0.54168	0.74042	1.08135	2.20116	1.42795	7.79749	2.94855	0.48951	1.02985	0.62578	3.24397	0.15871	0.58478	0.49469	0.63512	0.86714	0.6671	0.41266	0.37953	0.64446	0.56195	0.95388	5.01274	3.08061	1.96924	1.60046	2.92827	1.44902	3.92648	1.08169	2.75059	1.79769	3.0266	0.12589	NA	4.90068	20.65244	3.50311	4.4861	10.81183	0.02319	0.1218	NA	0.34858	0.60881	0.14496	0.92846	1.29515	5.26152	9.43474	5.53292	0.08365	0.64896	2.50854	4.21966	2.78523	2.50896	1.24525	1.22009	0.41119	0.91267	0.20259	3.41616	4.79281	0.45216	1.44917	5.14616	0.20118
GT81	NA	NA	0.02129	0.21328	0.04624	0.35433	0.65064	NA	12.67753	NA	NA	NA	NA	1.58475	4.34074	3.26592	2.93288	NA	NA	NA	NA	0.13831	NA	NA	NA	NA	NA	0.00812	3.9192	0.93932	NA	NA	NA	NA	NA	NA	NA	NA	NA	NA	NA	NA	NA	NA	NA	NA	NA	NA	NA	0.02049	NA	NA	0.52806	1.45077	NA	NA	NA	NA	NA	NA	NA	0.05739	NA	0.02251	2.33404	3.36282	NA	3.96248	NA	NA	NA	NA	NA	NA	0.06229	0.05129	NA	NA	0.33129	4.11448	0.30361	0.48524	NA	NA	NA	NA	0.04273	NA	NA	6.2609	18.4767	7.85437	10.82953	NA	0.203	0.47274	NA	NA	NA	0.18141	NA	0.17304	1.96694	1.67612	1.25702	2.47225	0.04095	NA	NA	NA	NA	NA	6.63358	7.49434	NA	NA	NA	8.58808	1.87222	NA	NA	NA	0.67455	NA	0.63479	16.12539	5.76595	17.2163	1.84219	0.79056	3.33541	NA	4.74666	6.15143	2.39747	3.13688	2.25598	1.40759	0.03898	NA	0.92917	2.45143	NA	NA	NA	0.01845	NA	0.04232	NA	1.66399	0.02348	NA	NA	NA	NA	0.04425	12.5281	8.58747	12.48198	11.94226	0.40136	0.03822	NA	0.15898	0.84947	4.38998	1.53321	3.07165	NA	NA	NA	NA	NA	NA	0.36911	0.08692	NA	1.28005	NA	NA	3.01943	NA	NA	0.26222
GT82	NA	NA	NA	NA	NA	NA	NA	NA	0.23739	NA	NA	NA	NA	NA	NA	NA	NA	NA	NA	NA	NA	NA	NA	NA	NA	NA	NA	NA	NA	NA	NA	NA	NA	NA	0.46939	0.53424	NA	NA	NA	NA	0.05173	0.28782	NA	NA	NA	NA	NA	NA	NA	NA	NA	NA	NA	NA	1.25156	1.27524	NA	NA	NA	NA	0.07183	0.0624	NA	NA	NA	NA	NA	NA	NA	NA	NA	NA	NA	NA	NA	NA	NA	NA	NA	NA	1.59098	0.32119	NA	NA	NA	NA	NA	NA	NA	NA	NA	NA	NA	NA	NA	NA	NA	0.01663	NA	NA	NA	NA	NA	NA	NA	NA	NA	NA	NA	NA	NA	NA	0.03845	NA	NA	NA	NA	NA	NA	NA	NA	NA	0.03013	NA	NA	NA	0.54648	0.58123	6.10709	NA	NA	NA	0.05349	NA	0.72734	0.38503	0.11921	0.20174	0.08171	NA	0.07843	0.05087	NA	NA	NA	NA	NA	NA	NA	NA	NA	NA	NA	NA	NA	NA	NA	NA	NA	0.0482	NA	NA	NA	NA	NA	NA	NA	NA	NA	NA	NA	NA	NA	NA	NA	NA	NA	NA	NA	NA	NA	NA	NA	NA
GT83	86.80636	96.75094	134.54584	48.41038	62.86122	147.5223	77.8055	60.72494	65.02187	178.64571	118.67954	148.46611	137.09672	71.63019	56.81218	58.28712	61.64153	39.1761	88.71134	98.80069	154.46121	49.05189	37.13082	162.5776	73.83619	162.11008	52.96692	67.76548	127.88437	153.69624	191.81861	180.03671	148.04862	137.98076	122.42731	122.22145	125.42645	141.79209	77.8843	52.55164	97.50951	88.98629	54.34396	59.55841	90.34869	61.79541	114.77558	82.63021	131.28661	83.95911	157.22571	139.46898	142.50351	107.61477	164.50244	140.63642	99.36238	57.55352	55.59762	98.49705	116.23862	93.60801	110.07044	109.3979	104.82295	85.08617	87.19082	69.24136	148.11806	235.27241	35.21349	118.22938	72.85488	100.96544	98.43411	150.61056	110.57698	111.08444	70.03079	72.46246	99.91653	110.23158	78.78999	52.34857	154.96163	107.88804	87.12055	94.3553	86.06768	72.06281	90.10892	74.61529	27.54288	155.89899	64.85808	65.95423	74.88017	83.18468	67.05705	113.69118	158.30145	132.18138	260.58088	203.77748	154.96183	156.70431	78.5729	63.83895	45.54046	101.38958	97.23858	203.54772	100.47846	60.22368	109.4534	127.44735	157.17543	61.48635	98.17749	134.06577	159.42582	106.51333	75.4506	59.03435	43.59199	33.87556	69.51197	37.76116	55.88368	114.86443	98.75499	219.23711	58.09682	66.46613	191.55711	223.99818	137.86927	140.81495	118.7462	117.45136	71.36056	58.6311	59.46307	117.37099	102.21962	111.01885	88.63635	106.28022	123.46787	100.12278	193.39825	261.14019	117.64976	256.18366	284.19618	72.712	126.18136	190.24037	53.755	115.68115	54.11082	155.61894	200.45775	92.88261	178.7616	139.08843	112.51766	87.16756	116.0774	232.76367	65.38262	48.39749	93.64205	98.74828	221.38392	370.78905	71.58208	333.6423	103.49431	89.14954	273.30571	98.68122	76.49861	79.10441
GT84	6.61742	11.31876	0.41539	22.62077	23.56087	8.15885	13.1637	43.17509	26.67715	4.58765	14.86907	21.51993	35.42998	17.90212	16.77492	33.53989	13.83412	8.13665	8.63767	1.96789	0.34984	30.90283	3.20738	1.54221	11.67889	1.12092	18.37027	24.63125	47.21653	35.4916	10.01709	4.27607	10.88127	11.93773	7.36427	6.19098	3.33011	11.16582	1.46305	2.79632	7.96096	30.81326	10.11753	6.15424	7.71696	45.74013	27.60529	2.29738	4.55585	0.11696	0.26095	0.17071	13.58374	30.59808	5.05148	2.73051	4.31749	12.41398	12.01893	0.6847	1.29564	3.66016	12.40705	10.28153	10.46621	13.16035	5.09786	11.01719	7.82122	3.58446	7.65978	6.50684	1.3749	9.86837	10.05526	8.37701	10.62838	8.11966	10.47216	21.04904	3.37525	9.46767	13.08128	11.10079	11.09834	15.80953	28.19177	36.30541	16.35822	97.54268	39.92786	128.0298	106.99183	29.3237	75.24089	89.24062	48.96946	41.08701	62.33926	33.9996	57.59379	40.82255	20.42673	11.6682	22.29252	16.23254	59.13481	4.03414	28.29644	7.02127	4.67844	6.19366	36.00982	104.77904	4.46255	0.51238	1.04718	36.60555	27.14253	0.17148	0.95571	7.70822	49.30575	19.32339	23.27604	83.66266	37.8667	41.12193	11.74763	40.44904	81.40534	12.99235	61.69098	95.67104	5.86877	9.31445	24.44204	25.15688	43.76541	47.69095	49.62913	70.48144	14.3842	0.40202	2.66738	34.756	30.2666	27.28644	5.50115	28.24437	1.28633	11.68946	15.19307	8.07034	13.76193	21.46187	32.74079	28.53717	41.42271	30.84623	72.07754	32.34785	3.61139	39.16512	4.37405	21.21855	2.42296	26.3256	5.91333	7.71901	2.07169	1.20424	11.91145	3.66668	8.21996	2.54021	1.47189	2.382	27.80712	26.08865	12.18548	6.44727	12.65399	4.22248
GT87	1.11029	1.22899	1.447	0.24646	0.46271	0.12028	0.63978	1.06152	1.25462	0.45431	0.44156	0.64965	0.46895	1.00992	0.88001	2.73678	2.06643	1.02851	0.56408	3.41378	0.87706	0.52933	0.21894	0.63348	0.41738	0.52045	0.70926	1.05467	0.43677	0.2135	3.12736	2.70196	1.40218	1.28482	12.04976	9.69242	0.80102	0.84353	1.30714	0.74742	1.34378	0.85484	0.30746	1.36113	1.06752	1.6384	1.11086	0.65088	0.30251	1.4154	0.55748	3.17942	1.02935	0.25899	1.23982	1.90481	0.15988	1.20386	1.74471	2.23208	0.08393	3.05073	1.93749	1.71945	0.55718	0.61918	0.1707	0.62012	0.38235	4.34553	4.55557	0.17939	1.75319	2.11862	2.94167	2.00045	6.32772	5.76262	0.87553	0.52224	0.89844	0.06254	0.22808	0.26828	2.18545	0.86147	0.70426	1.28793	0.57758	1.28645	1.31892	3.07834	0.36916	0.38882	0.98666	0.93584	1.35375	0.85889	1.90327	1.3812	1.19732	0.91563	0.58046	2.96638	2.79669	3.21081	0.75799	1.65312	0.1972	1.25617	16.78724	0.07176	0.74596	0.76253	0.25827	0.66097	1.55558	1.04377	0.77677	1.96842	1.67345	0.63609	0.66353	1.3909	0.47405	1.92979	1.20808	0.46599	0.83499	0.30143	0.41513	1.09177	0.8143	0.96232	1.20236	0.53616	0.95544	1.19779	0.70965	1.01377	0.31527	0.34612	1.12099	0.49818	0.46479	0.72689	1.55211	1.02013	0.97157	0.65376	0.25845	0.18239	0.04404	0.26903	0.29964	1.68545	1.12722	1.44441	0.99713	0.64926	0.27961	0.12442	0.54695	0.45089	0.69147	0.66531	1.21241	0.50277	1.82131	0.37142	0.62936	0.37778	0.77408	0.52074	1.0458	2.34003	1.40649	0.37448	10.3221	7.81136	0.20569	2.31643	4.11522	0.679
GT9	115.35616	139.63043	195.90939	42.12653	46.95842	211.21531	105.92777	102.06144	144.93829	224.76333	109.60639	119.97795	138.80882	88.61502	60.26986	62.46897	72.32976	28.90731	130.03697	174.32152	232.54199	46.32537	62.46536	222.12873	109.86987	228.25206	101.67886	88.97507	250.66606	215.90573	196.67967	191.36325	193.89784	183.64049	245.00079	231.11977	189.49517	190.3801	116.17334	79.36183	135.60057	128.55896	113.83013	116.25075	91.02181	62.62471	125.27712	80.99241	162.95059	85.97426	149.93987	162.87978	215.04126	240.31459	203.5266	179.27547	100.10115	60.28767	31.03026	79.94749	117.67392	94.555	93.92657	93.91986	323.27331	279.60926	118.81126	241.40585	57.77399	179.79515	67.9548	77.26781	105.84526	154.11714	105.06415	252.19344	160.90187	124.43662	69.83622	75.0971	186.94135	167.02978	101.2036	50.96118	211.17925	140.42058	97.94687	95.82749	97.08401	85.3361	78.65871	116.99725	60.28976	243.19132	116.92668	121.97322	193.49501	97.93644	128.58882	132.24365	191.20639	146.88791	359.97022	269.61024	170.71703	169.29338	116.90647	94.70824	51.82732	113.00405	150.79813	299.22335	90.4373	95.25959	103.19276	131.44034	151.64398	86.27808	97.35279	159.37316	165.62339	176.84677	125.79504	85.973	74.05038	85.63993	81.50707	83.59864	90.39879	136.27307	77.87743	291.66386	40.95055	58.00743	246.10544	301.9753	203.65379	208.92058	126.30471	133.79057	73.49383	56.37543	119.46084	116.71098	100.6529	149.82917	115.19586	168.36855	165.66939	134.46703	217.33704	246.53754	175.84445	201.20564	258.54833	136.75845	72.36211	169.32594	69.39361	114.25507	66.1457	192.64966	248.52364	113.84487	195.77382	162.91682	118.81668	88.79549	165.22072	323.74118	90.5443	51.90319	140.19373	162.57008	277.73495	471.7661	89.11092	413.71122	159.36616	156.5779	342.61372	136.66999	136.59281	318.15983
GT92	1.18631	NA	NA	0.0252	NA	NA	NA	NA	NA	NA	NA	NA	NA	NA	NA	NA	NA	NA	0.33784	0.71379	NA	NA	NA	NA	NA	NA	NA	0.19662	NA	NA	NA	NA	0.12602	0.18901	NA	NA	NA	NA	NA	NA	NA	NA	NA	NA	NA	NA	NA	0.06744	NA	NA	NA	NA	NA	NA	0.07411	NA	NA	NA	0.29323	NA	NA	NA	NA	NA	NA	NA	NA	NA	NA	0.11705	NA	NA	NA	NA	NA	0.07758	2.77168	NA	NA	NA	NA	NA	NA	NA	NA	0.02536	NA	NA	NA	NA	NA	NA	NA	0.14207	NA	NA	NA	0.016	NA	NA	0.04363	NA	1.23484	2.01635	0.58074	0.12766	NA	0.15376	NA	NA	NA	NA	NA	0.41783	NA	NA	0.02956	NA	0.04469	NA	0.0828	NA	NA	NA	NA	NA	NA	NA	NA	NA	NA	0.05962	NA	NA	0.10785	0.27548	0.16333	0.09871	NA	NA	NA	NA	NA	NA	NA	NA	NA	NA	NA	NA	NA	NA	NA	NA	0.02851	NA	0.05047	NA	NA	NA	NA	NA	NA	NA	NA	NA	0.0329	NA	NA	NA	NA	NA	NA	NA	NA	NA	NA	NA	NA	NA	NA	0.02055	NA	NA
GT97	23.89948	0.06837	0.26131	2.15736	0.11128	0.23306	0.36338	0.44968	2.5114	0.32544	0.679	0.11011	0.58089	0.74895	3.37906	1.69355	1.34463	0.51567	30.11659	5.62368	0.37182	4.63081	NA	0.12448	0.31281	0.46	NA	NA	1.63442	0.8246	0.27898	0.34382	0.1221	0.1594	3.35553	3.6212	0.14383	0.28784	0.10998	0.07902	3.11848	1.14643	1.74805	0.53716	0.24913	0.06238	0.35309	NA	3.76609	9.38181	17.65227	29.70523	2.79349	2.24492	0.95767	3.20674	2.37433	0.68909	0.83601	7.52574	0.56686	0.52464	7.73588	7.66455	NA	NA	1.08648	NA	0.23745	NA	0.27105	0.38135	0.29928	0.6065	1.02372	0.1741	0.09515	0.06039	7.35272	7.91398	0.84427	0.77481	0.49299	0.17083	7.02002	6.16245	1.91491	5.1867	0.07998	NA	0.18125	0.15584	NA	1.91348	0.06805	NA	0.13705	0.28785	0.51804	0.76975	0.65243	1.82114	0.11501	0.03424	0.151	0.14104	NA	4.55855	1.06749	0.21429	0.12331	1.60179	3.7746	3.46654	0.3049	23.19063	21.314	1.41455	4.39538	30.02509	20.77831	6.66658	2.42356	4.13346	2.09959	0.18571	10.48188	1.24304	8.22592	3.89503	3.94601	2.97292	0.88432	1.16454	0.33848	0.10881	1.15992	0.65131	0.13278	0.78898	0.9124	0.59186	1.18751	0.14052	0.19045	0.95603	0.84175	1.026	1.2232	0.28909	0.06899	1.11519	1.31603	4.62845	1.29206	NA	0.06423	0.12515	0.79851	NA	0.12501	0.2759	0.53677	0.57387	0.30588	0.80148	0.14361	0.04008	0.39466	1.97869	0.12861	0.07164	2.80894	1.39653	0.53806	0.3849	0.95855	0.38996	NA	0.04081	0.70849	0.02912	0.05286	NA
GT99	0.81264	0.04918	NA	0.53912	0.14303	0.04835	0.06774	0.67946	0.05155	NA	0.06432	0.25673	0.12714	0.10717	0.09944	0.17915	0.25055	0.20662	NA	NA	0.04249	0.63712	6.41072	0.01466	7.09005	0.02214	0.58798	11.34489	0.05598	0.05483	0.18109	0.07144	0.09089	0.02337	0.36725	0.3523	0.12617	0.46905	NA	NA	0.27601	0.45367	NA	NA	1.72812	2.90544	0.63978	2.06437	NA	NA	NA	NA	0.11923	0.11503	0.11327	0.18164	NA	0.02181	NA	NA	NA	0.09749	NA	NA	0.08198	0.09134	NA	0.03347	1.54612	NA	0.06285	0.60411	0.02988	0.03675	NA	NA	0.29092	0.13466	1.89045	0.36834	NA	0.06328	0.04783	NA	0.06767	0.19054	NA	0.02382	NA	0.02981	0.10457	NA	0.02833	0.21918	0.04666	0.04347	0.20077	0.45877	0.19819	NA	0.65995	0.18995	0.24062	0.45546	0.65849	0.21959	0.0251	NA	0.04489	2.12438	1.76483	NA	NA	NA	0.03383	0.0318	0.10028	NA	NA	0.10905	NA	0.14448	0.03621	0.11186	0.1562	0.80178	0.67974	0.23105	3.59879	NA	NA	0.03705	0.01599	NA	0.01318	0.20327	0.08439	0.24726	0.35514	1.18035	0.05843	0.07589	0.04956	3.86403	1.02735	0.68516	0.75912	0.52299	0.28898	NA	NA	NA	NA	0.46791	NA	NA	0.37096	NA	0.11934	6.37991	0.31996	NA	NA	0.06524	0.1232	0.19477	0.13731	0.02321	0.03524	0.02861	NA	NA	0.02525	0.02478	0.65086	0.85777	0.47112	2.68776	NA	NA	0.37061	NA	NA	0.08511
PL1	176.55133	692.10177	253.40923	87.91231	80.74901	952.4091	423.4759	187.60514	112.35372	479.13179	659.4924	586.58691	868.80807	99.87843	147.13842	145.39643	207.69937	150.54639	170.74695	253.45692	173.85417	95.80193	194.33353	158.72066	311.03581	101.54917	113.62868	214.24626	319.18707	192.93689	343.66238	493.29364	231.80403	194.79564	262.78745	271.77486	490.78259	370.47291	118.32911	75.96086	182.40245	169.93196	210.91112	170.55213	122.97745	65.89308	66.12171	131.5875	360.99603	123.79709	229.6395	236.5748	251.40741	305.16329	491.04112	304.70991	189.83375	141.09421	116.26422	12.69192	271.2832	105.11982	131.36725	125.55279	935.45133	895.76223	39.15838	785.11009	18.59354	93.48676	368.44792	48.78259	656.98687	961.68509	482.45859	418.99854	218.21073	206.98088	155.96513	95.91233	739.02343	993.00411	284.48581	290.49773	98.69397	43.33919	119.74985	45.97051	159.0131	92.7281	66.40323	104.91228	29.79023	69.30281	47.86148	77.79527	35.81501	62.49211	71.53158	169.60847	125.45697	155.75296	437.99256	380.167	250.47306	219.30253	97.59842	154.91424	54.58776	509.30179	573.15694	1161.17533	40.82831	109.27149	363.29531	371.58499	365.76299	93.64173	69.51428	623.48625	323.08168	241.98877	123.36566	162.08931	174.53442	75.81693	75.9926	99.39484	166.04151	186.11106	57.13396	1005.37878	27.61687	46.76154	432.00848	666.12194	227.48484	237.98586	81.2205	55.03905	67.05532	46.80646	114.96807	409.50139	432.37404	116.05179	91.45619	64.89948	97.05414	440.03865	673.9867	415.4157	185.42707	245.53081	405.0015	193.58365	298.33218	331.67314	165.66273	185.26796	20.34481	73.19172	119.54692	106.41579	113.98056	124.65314	88.46808	32.69137	645.30973	1187.5097	103.53001	68.09508	265.31141	282.47246	475.41929	280.03691	185.78763	612.32628	64.62795	66.0323	523.85818	75.37165	127.09436	1145.39798
PL10	18.37488	55.5244	84.02755	5.52084	3.98501	1.09343	2.28896	12.77913	15.96836	178.52628	30.34524	28.49012	33.27459	18.14244	8.74556	12.66499	10.49245	2.07685	18.72117	64.35932	68.17428	5.66784	20.90005	18.13514	25.38925	11.07277	10.75666	26.47044	6.85039	2.81419	6.42393	3.6505	33.99217	26.33968	40.13004	46.24857	58.72548	52.46257	32.15205	20.57646	32.68382	29.69099	4.27081	4.03355	26.78276	5.88699	6.51784	25.0022	62.15487	42.25194	79.33694	32.70426	5.45001	5.84944	99.22484	55.98331	28.98743	13.12415	1.03026	0.46287	36.86982	25.05567	0.71727	1.03701	8.75483	10.57673	0.95304	9.93362	6.32712	9.98119	12.75603	2.21793	46.52492	59.21526	19.95311	58.2719	9.3739	16.81515	37.16596	22.62866	31.22796	44.41558	27.65573	8.62791	21.9911	6.03466	23.42007	11.69022	52.39372	15.96273	1.34003	18.48397	4.45459	13.53769	19.04318	24.26833	5.37869	9.43452	22.3048	13.1569	26.22747	2.69582	8.64455	6.19267	10.02743	14.23777	61.76057	32.50905	6.38021	1.38547	4.54456	20.8074	12.67376	16.20664	20.36619	4.28303	4.61319	30.73317	15.58794	7.30444	4.06013	21.83626	14.47778	16.15553	5.23433	12.29785	16.51346	3.35349	6.38394	57.96007	11.5881	29.14218	1.58368	3.6619	19.19165	8.76399	21.94271	23.28136	10.3659	9.26395	3.59818	3.15944	9.3262	0.40431	1.41542	38.8948	19.42631	14.15605	25.67411	6.0283	0.96399	25.81519	31.77267	35.6952	26.29409	53.55685	4.98724	12.54804	3.33648	2.46187	2.26775	11.16892	12.27021	2.07932	24.75005	14.46058	15.69051	0.81589	9.89484	27.90403	15.18196	13.26065	3.43358	3.13525	21.59607	19.86125	67.84554	21.20783	18.0726	12.96685	5.0555	25.42351	28.0716	17.14105
PL10_1	28.47587	62.62043	64.82453	8.3199	6.9701	58.39762	32.18635	15.32817	21.05129	87.41553	41.01271	33.26478	53.8688	19.56309	23.16853	22.07214	31.96326	7.67305	39.35149	59.80135	53.22632	8.7576	29.16978	32.68455	52.37729	14.2648	19.20748	39.83296	26.56146	12.38283	5.8369	3.96384	39.16002	31.40559	60.31197	62.0698	74.9242	69.89634	33.79323	27.06548	37.55832	38.54185	24.06669	19.1356	28.46022	5.6018	7.32508	29.87597	46.75537	25.09466	45.64648	43.96308	22.50109	33.06198	110.58136	65.98818	37.10327	30.45296	0.38117	1.0633	38.26006	24.23316	1.21287	1.29595	159.25319	142.92877	0.20522	125.15046	0.29236	NA	21.50023	0.61181	47.22107	69.46086	32.3482	56.04451	11.64166	25.7693	31.18826	17.45212	62.2937	75.59605	49.65957	54.07698	19.24232	5.73548	29.91432	14.95095	38.64486	16.33376	3.31131	23.29123	3.64322	14.15316	13.66808	16.70887	4.54498	11.28746	15.3222	13.68957	15.89272	12.11062	17.85339	21.54638	9.32063	8.71396	38.82579	42.40057	10.28758	32.49338	63.65519	14.65753	11.70229	18.68103	71.06326	21.25255	19.65431	25.22523	14.23457	32.9598	20.01515	28.32754	17.29492	13.35088	6.20925	6.58787	18.20078	16.71261	19.05683	57.15191	13.30836	23.20933	0.65371	0.9782	21.53454	8.61753	21.06213	20.75044	13.3477	8.30166	2.51627	1.25657	17.9247	33.22646	41.52466	32.22306	18.68411	14.98905	21.09538	34.03888	37.60636	60.94372	26.12486	31.84521	61.88376	39.56849	17.99056	19.42278	12.63015	10.91784	2.00387	11.32318	12.18489	5.7885	30.52028	11.92733	18.69798	1.61027	7.68068	20.68317	18.21881	17.20506	18.80585	26.34915	18.08922	17.1196	42.38435	16.32779	13.06899	10.17009	5.56626	22.99983	24.90958	190.1665
PL10_2	7.60343	19.67246	37.69361	1.19932	0.68167	0.54235	1.70533	4.29505	6.48722	67.40266	6.62807	6.11232	5.83989	6.38468	2.47359	5.31429	3.3539	0.96117	6.31522	25.24448	29.55783	1.21554	8.81911	4.5746	12.24113	4.47532	4.98796	10.53333	1.86303	0.74278	2.63713	0.94062	13.6675	10.48557	12.37924	16.89814	23.18361	19.36544	12.51869	8.3869	10.65562	9.52116	NA	NA	9.91321	1.66349	2.49727	11.19247	20.78165	15.81539	30.40859	11.5933	1.49091	1.68074	37.93566	22.23213	12.26675	3.89175	0.01873	NA	15.30209	9.69079	0.0339	NA	3.9074	4.20004	0.02369	4.11673	NA	0.01541	1.73723	NA	15.24145	19.56311	6.5704	22.81014	3.68592	3.36064	15.35331	7.05876	7.10241	9.66618	10.60286	3.3074	6.6089	1.873	8.9971	4.2931	17.61005	7.23192	0.30176	8.84544	1.48191	4.74294	9.13578	11.17456	1.08646	3.66783	10.72246	5.42162	12.23473	0.59427	2.56066	2.17627	2.32417	1.80276	30.21848	13.40944	2.09429	NA	NA	8.69894	5.3476	7.05811	7.90963	0.02043	NA	13.74151	7.09034	0.05599	NA	6.40269	4.86692	4.8883	1.84242	4.23032	5.98609	0.05554	0.02063	22.54965	2.61192	15.1166	0.23528	0.7264	13.1549	5.7097	14.58432	15.39633	2.41632	2.65743	1.14436	0.62372	2.72696	NA	NA	16.25327	7.72965	5.48688	10.88003	3.8563	0.63532	7.74157	11.96206	12.7348	8.18127	25.79031	1.67458	5.34397	1.1303	1.01108	0.51674	4.15613	4.34037	0.37714	10.5094	5.62904	5.62723	0.33939	3.41162	12.39767	5.76522	4.68219	0.16144	0.06605	8.89441	8.41582	33.28815	9.23807	6.44356	5.5026	1.7833	10.5891	10.31392	7.3856
PL11	72.2837	69.78493	136.34456	27.17843	24.52688	84.90874	42.63431	43.1347	53.05387	307.47057	54.87287	36.36197	50.05445	55.31673	51.75735	61.50808	69.04551	25.81768	79.78669	119.9813	94.17249	25.6401	115.53198	45.67374	109.14572	35.52147	36.27882	83.56687	52.35018	34.56145	33.91972	26.76943	94.97202	77.26415	56.27853	60.45716	182.15951	153.15214	96.4878	81.37985	37.41075	41.81083	69.17535	64.11919	86.62298	31.10846	29.98437	82.22925	141.38278	114.08206	173.57322	130.37297	41.06004	34.92825	248.55268	160.72748	90.94547	69.77418	27.17952	41.37765	114.40073	93.28861	50.4154	51.8665	56.39208	53.62061	16.08632	70.852	19.20078	11.1568	20.24354	23.91342	72.98262	76.01566	72.22474	121.39682	38.95116	43.68035	66.02308	64.22105	66.40153	65.66488	87.07737	50.878	45.48609	24.35466	55.29594	30.89771	155.76943	34.44637	13.73858	40.71754	12.35459	33.11138	26.66098	33.98543	61.28711	42.91706	42.94719	41.70371	47.20269	24.93828	17.5364	24.41182	25.8877	20.91553	77.44327	89.34114	35.64901	82.69427	80.33402	63.35595	28.67829	38.85638	78.95606	92.99049	93.57165	63.64152	42.16839	128.17939	98.34252	86.8379	65.03625	70.15056	42.26756	25.53651	60.65262	32.38491	63.10898	137.46992	33.43999	80.09548	13.41252	8.67001	48.52918	30.22537	59.68097	59.07898	40.61051	45.91029	17.09445	11.96654	55.85432	100.81524	93.20631	76.48931	44.37093	33.42828	65.01235	51.95351	57.92908	133.15303	87.99408	124.77367	136.37521	67.08178	26.97361	38.40402	23.35684	22.34307	11.21347	30.16675	37.58036	20.57408	53.34608	32.90192	41.69368	22.2273	47.57915	69.87939	75.60652	78.683	53.99566	76.02266	124.95254	77.5714	160.03261	145.97847	55.85804	53.01228	105.77601	77.56833	67.33089	71.09108
PL11_1	60.15299	67.84816	61.65687	27.49224	27.55776	57.52636	25.04453	27.77934	25.38101	112.3882	55.65511	42.4563	53.71368	21.66285	28.68863	33.63151	22.45018	14.76986	67.01571	88.3295	37.83015	23.30781	92.70026	31.55458	74.19341	22.93008	21.37231	51.45286	27.48826	20.23171	32.43588	27.21318	31.80186	26.95322	30.05311	33.45852	77.51513	66.40566	37.85178	39.86918	20.62596	26.21743	42.73794	41.44391	41.0504	18.55325	18.001	40.55453	63.57875	59.88607	76.81562	75.96001	20.1236	16.58496	107.85703	61.05395	43.02342	42.7624	21.36378	35.62443	52.79926	38.52573	40.51901	40.65433	21.50368	22.65066	23.19863	28.48218	27.60938	8.47875	34.83699	31.00959	81.22368	95.06175	31.89066	86.05172	49.39495	39.61159	25.91531	26.70641	73.32605	96.11816	38.65678	24.2172	26.87806	19.67341	25.30576	13.08775	61.05958	17.89314	6.34937	21.79612	6.58233	13.86903	17.05744	20.27144	21.44744	16.55404	18.36181	24.60082	20.09579	16.04786	7.46756	14.67812	15.45704	14.24265	36.82701	63.65018	18.00019	95.75845	92.00353	31.96889	16.51123	20.91753	30.03853	50.90883	56.47139	28.52948	35.61491	79.82905	60.36849	40.03179	38.6014	46.5611	31.68317	9.18889	24.06973	18.88467	40.70137	60.09893	18.29571	41.96233	8.88904	6.04917	25.11992	19.36008	31.09582	33.2964	16.4151	21.3262	11.38733	7.73061	33.73692	113.84184	104.65199	30.97779	18.87257	16.51686	30.44134	29.57201	39.75524	60.84882	45.48435	69.16794	62.39782	42.40047	20.25038	30.67448	24.41739	13.96581	9.56906	21.222	19.24252	20.35567	33.87308	26.55355	29.15378	22.20939	30.0467	29.18643	60.06455	50.73492	26.51338	39.86382	77.50007	52.03081	70.64014	88.25574	18.64144	18.69822	92.95449	33.1132	27.18605	21.30858
PL11_2	NA	NA	NA	NA	NA	NA	NA	NA	NA	NA	NA	NA	NA	NA	NA	NA	NA	NA	NA	NA	NA	NA	NA	NA	NA	NA	NA	NA	NA	NA	NA	NA	NA	NA	NA	NA	NA	NA	NA	NA	NA	NA	NA	NA	NA	NA	NA	NA	NA	NA	NA	NA	NA	NA	NA	NA	NA	NA	NA	NA	NA	NA	NA	NA	NA	NA	NA	NA	NA	NA	NA	NA	NA	NA	NA	NA	NA	NA	NA	NA	NA	NA	NA	NA	NA	NA	NA	NA	NA	NA	NA	NA	NA	NA	NA	NA	NA	NA	NA	NA	NA	NA	NA	NA	NA	NA	NA	NA	NA	NA	NA	NA	NA	NA	NA	NA	NA	NA	NA	NA	NA	NA	NA	NA	NA	NA	NA	NA	NA	NA	NA	NA	0.67632	NA	NA	NA	NA	NA	NA	NA	NA	NA	NA	NA	NA	NA	NA	NA	NA	NA	NA	NA	NA	NA	NA	NA	0.16977	NA	NA	0.0975	NA	NA	NA	NA	NA	NA	NA	NA	NA	NA	NA	NA	NA	NA	NA	NA	NA	NA	NA	NA	NA	NA	NA	NA
PL12	1.39401	6.34435	1.96749	1.82169	0.91971	0.53529	1.46339	0.57493	1.3913	1.87119	2.7959	1.91127	3.34201	11.58991	8.73229	11.3751	11.99175	1.5765	7.3369	1.9089	1.85125	0.98908	2.89	2.25209	2.01299	1.78419	2.24161	1.40462	0.51135	0.51638	1.42214	1.34052	0.26916	0.77401	1.53218	1.79821	0.60562	1.05055	0.67764	1.04575	0.71087	2.90637	2.29376	2.03725	2.52419	0.65713	1.28315	0.90913	36.50865	11.1443	14.97764	17.63758	0.45697	0.62452	0.40686	1.73193	1.03642	0.60381	1.70304	1.84658	0.7717	1.91999	1.65271	1.39263	0.38399	0.62034	0.11201	0.7905	0.25129	NA	3.09672	0.30236	5.57819	6.71218	1.10039	3.25926	2.26456	1.84086	1.036	1.68871	0.56154	1.01162	0.85382	0.21418	12.27892	1.8428	0.71231	1.0845	1.64881	0.66622	1.25002	1.96773	1.45816	4.9896	0.08204	0.19375	1.16763	3.01876	0.58473	1.04944	0.95527	1.13049	0.11447	0.06823	0.53954	0.54262	NA	1.09091	0.83256	2.52737	2.82031	0.70801	1.33224	0.43165	0.56639	5.60439	3.9986	1.55045	1.58609	2.51264	3.10481	16.83396	3.23523	3.07629	3.5891	0.94323	4.37346	2.49481	9.85277	1.0615	0.1385	0.91856	0.34572	0.545	1.85683	1.18868	3.67016	2.71722	10.29288	9.90696	2.09729	0.37859	1.13334	2.53781	1.18249	0.94918	0.59489	0.60413	1.28097	1.42601	0.51827	28.62521	12.74706	6.14294	27.22106	1.07283	1.82354	2.74309	4.19042	2.66175	0.45568	2.20506	1.49499	0.3688	0.47739	1.34544	0.72359	0.09959	0.87987	0.79561	0.84775	2.34619	2.03201	1.77247	1.26769	1.27671	2.07023	0.50572	0.27425	0.3049	1.59868	0.44753	0.30622	0.95838
PL12_1	0.51373	3.63587	4.69347	1.10857	4.52446	4.02222	12.89816	1.56596	4.71616	1.38676	0.70187	3.685	3.10071	2.67162	3.69368	3.85132	2.55274	1.73414	0.81407	1.80293	23.31337	1.71394	4.14123	6.55605	2.39393	4.50195	5.40869	4.98211	6.21011	5.16535	0.51258	4.42302	0.51897	0.46752	3.80954	4.95254	0.89474	3.02446	21.63037	71.131	5.30301	7.51606	0.86375	1.04501	0.72497	5.74172	3.06627	0.35094	5.84322	1.10572	0.85543	1.76518	13.78756	7.87592	1.13988	0.34021	2.75556	0.8259	10.16034	5.42243	0.69587	0.63386	7.16748	6.59534	0.19932	0.38423	6.22481	0.07835	11.1585	14.64298	10.68437	5.70508	9.69498	2.94312	2.53765	0.98105	0.93462	1.37933	0.2242	0.39463	0.55034	1.45968	1.09511	1.07276	2.51566	2.1076	2.19913	0.6006	0.82602	5.57253	4.25266	11.59953	8.23242	3.42585	1.95032	1.4214	2.83153	2.66443	4.06664	6.53155	3.3795	7.11149	5.42279	13.66238	12.13408	11.52681	1.11861	0.08936	4.62229	5.76469	8.21591	0.84843	0.17244	0.64706	0.81414	1.07533	3.82909	1.54341	0.5864	6.21835	2.68403	0.75652	1.77059	3.63067	1.49742	9.77679	4.28779	2.08696	5.21633	3.29584	3.33788	0.92882	1.16478	2.86446	0.56938	0.32137	1.40231	1.21341	1.03581	1.18208	1.72386	1.39701	2.87428	4.51833	3.13304	2.03625	2.83487	1.84038	1.00626	6.90305	3.42294	0.84773	3.30029	3.91788	0.83095	4.15	3.21855	3.68397	3.0656	1.80893	1.60218	0.8009	0.53893	0.96972	2.34701	1.31083	4.27626	1.70302	0.64627	0.65681	31.66994	37.6815	4.59483	7.63741	1.80142	2.20836	2.82382	2.43432	2.45445	1.34383	1.38353	0.55151	0.39983	0.64391
PL12_2	19.29724	12.42771	81.39082	9.40875	11.32091	0.74822	1.21599	31.65173	6.15303	23.34593	10.80878	9.12618	13.93905	14.95487	18.40731	15.76557	30.71351	3.32945	17.80705	13.20963	105.47864	10.43482	27.1218	113.03971	32.62567	47.73508	14.46695	36.78329	34.68649	25.51814	2.12188	2.1294	15.34072	9.80559	41.85272	43.45429	40.36703	38.69679	23.39202	20.60625	56.86292	59.37315	27.85409	30.44372	8.33456	1.82203	6.51924	5.02987	53.91099	10.71975	13.30007	29.21156	33.10617	25.04088	51.04756	35.74006	27.58214	14.90627	0.04261	0.07619	22.6342	11.43049	0.09561	NA	3.1299	3.77891	9.22863	3.01074	NA	NA	1.7752	NA	7.6664	11.94339	123.03954	61.18592	10.43478	42.11322	15.93809	9.67673	5.28391	7.62364	29.51598	30.83201	24.46969	5.18861	5.78517	6.22427	6.89389	13.30522	2.35546	11.73748	4.50004	18.97357	7.27329	7.088	5.03128	14.13832	0.94609	1.34009	1.72247	1.19046	3.73303	2.34899	3.55665	2.77617	9.18951	6.66367	5.15434	54.23307	58.89454	8.16347	1.89118	6.76391	52.99825	32.11859	40.14494	4.76843	6.88726	59.10066	34.89184	28.12133	15.59037	11.21658	8.29196	3.73095	5.0118	2.79828	22.21169	9.85596	3.59682	6.57657	1.38193	2.44318	10.38461	6.63075	12.60343	13.20763	22.62712	10.63377	4.77433	1.55367	14.44305	45.62706	47.35408	4.6855	6.90803	2.72259	1.94903	4.31979	0.25901	47.35293	16.83852	24.38585	48.24093	3.02019	4.3614	10.67242	2.04827	5.62961	2.11224	5.94882	14.53976	6.90231	11.34513	2.43544	12.05916	0.45388	1.71503	8.88393	36.87852	27.49461	14.24548	19.83683	10.88561	4.44012	13.9819	5.64621	8.71932	7.92148	5.37927	5.19276	13.53716	1.37976
PL12_3	0.33916	0.14176	2.87444	NA	0.03825	NA	NA	0.04068	NA	58.0448	2.9731	3.81672	2.61497	0.14108	0.14649	NA	0.04033	0.70934	0.2978	0.41792	2.94719	0.03842	NA	3.65139	NA	1.59838	NA	NA	0.06273	0.0384	0.10095	0.07879	2.85055	1.62445	NA	0.0881	1.47856	6.33602	NA	NA	NA	NA	0.2234	0.03847	4.96543	1.75512	1.48231	5.01638	18.64886	12.17189	25.867	9.2135	0.04779	0.05371	0.90781	0.82878	0.11577	0.06221	0.40507	0.07221	NA	0.14009	0.13841	0.32871	0.46052	NA	0.50191	0.12526	0.47204	0.05159	0.18326	0.17651	NA	NA	0.03859	NA	NA	0.03966	3.28295	1.93073	0.13395	0.31548	0.41703	0.17232	4.71278	1.82352	0.07541	0.103	NA	3.30815	0.29906	2.97787	0.68158	5.10336	0.04436	0.04132	0.9172	0.89928	6.37497	2.38344	6.03345	0.40461	0.07949	NA	0.08615	0.13067	0.18435	0.40428	1.33635	NA	0.08859	0.69047	0.06558	0.03227	NA	NA	0.23278	NA	NA	0.13163	NA	NA	NA	NA	NA	NA	0.05591	0.04255	0.04091	0.92365	0.13688	0.41732	0.27088	0.09419	NA	0.10048	0.6465	0.63975	1.31285	1.1475	0.66125	0.60023	0.38475	NA	0.08124	0.06609	0.07709	NA	NA	0.27407	0.04143	0.3569	0.8753	0.40969	0.39909	0.27202	0.08875	0.09116	NA	NA	0.19087	NA	0.11976	0.03559	0.04409	0.05491	NA	0.10374	0.20314	1.07222	NA	NA	0.25404	0.30561	NA	0.10245	21.25667	0.03793	5.35572	5.49799	NA	8.82613	7.64577	NA
PL13	12.37659	7.91373	37.8229	3.63956	4.85898	0.77579	1.52939	11.27309	6.15	19.44329	6.59868	10.65356	9.2271	8.48183	12.42051	8.30568	16.05184	2.63602	19.14854	7.35386	66.71242	4.73807	9.43173	61.01923	21.04949	35.92522	6.47658	13.10869	5.50115	1.89396	0.8543	3.28853	8.07247	4.42919	32.76625	35.50147	19.979	16.82566	16.85245	14.79361	52.2207	48.81146	14.92721	15.46249	5.2226	1.4405	2.97248	2.70844	33.20197	8.8546	10.37249	28.38044	6.38126	3.99493	35.94005	36.5946	9.77254	7.64611	NA	NA	24.51151	9.16696	0.03353	0.05509	3.72001	3.95814	3.27226	2.01564	NA	NA	0.93709	NA	4.64813	11.1243	29.49178	17.47841	4.64812	11.56597	11.67096	7.39197	2.70573	2.69499	8.8573	8.58341	15.24258	3.02964	2.98805	2.85265	3.53625	10.31602	2.48815	7.2804	2.56807	11.56704	7.39754	6.07835	3.34896	8.886	2.89288	1.39797	2.12674	0.51227	1.90531	1.39401	2.91372	2.06588	9.69573	4.85341	2.92754	35.23787	36.81823	4.12691	1.53645	4.39044	16.51559	20.44813	24.91687	1.22252	2.28228	36.34268	19.49319	22.61601	10.2332	7.80796	4.58873	1.09426	4.9791	2.21041	17.52659	4.50839	1.78597	2.9498	0.24044	0.63768	4.41911	4.55706	9.66467	10.71125	15.91093	7.78439	1.74765	0.71114	6.53824	32.35808	28.89463	2.71414	3.70464	1.63802	1.21158	5.85805	0.20439	37.95999	9.77874	16.23566	36.72716	2.00417	1.3879	4.00705	1.1129	1.84764	1.71258	3.2539	7.55998	2.90072	8.69895	0.96314	9.35008	0.27004	1.36884	4.77591	24.43708	19.58872	11.96724	18.19798	2.74171	1.84851	9.45784	1.55174	6.24618	6.96512	1.02728	5.34389	10.1802	1.74418
PL15	0.61207	3.04483	21.67699	2.15808	1.87794	0.59688	0.60746	2.20989	1.45211	7.40372	7.20872	1.86909	9.76061	10.9021	16.55656	13.53568	25.18699	3.34171	0.06612	2.50193	19.33974	1.56743	29.57194	25.64426	44.72113	5.70936	25.41424	38.33414	35.12538	26.95597	0.6363	1.20613	4.61557	2.21772	21.02758	21.53369	19.85639	16.60472	15.87469	11.04103	15.33791	16.48557	11.23651	12.78508	1.28692	0.64342	1.77966	1.84191	14.2967	3.07757	2.66156	2.63993	35.11971	21.97101	10.85286	4.56265	18.59301	12.25264	NA	NA	1.27534	2.73836	NA	NA	0.52936	0.5967	2.62465	0.23997	0.11248	NA	0.20262	0.03129	1.76877	1.12176	0.34826	0.98814	1.20039	0.7342	9.90658	7.79764	2.45231	1.13921	1.65428	0.4693	25.04494	3.38077	0.58451	1.39771	1.89611	4.15289	0.98291	8.50751	2.67619	18.54196	0.23639	0.59678	2.80411	7.57103	0.07555	0.10843	0.17296	0.1609	2.01269	1.00483	0.81778	2.73546	0.67686	1.45059	3.11822	19.90145	20.25736	1.21868	0.391	0.81297	2.13245	16.17667	17.99075	0.77173	0.751	25.46392	18.88895	7.26098	5.60646	2.35058	1.8936	1.25741	0.91671	0.55468	6.33575	1.91528	1.29784	1.13152	3.50499	2.69133	1.88689	1.27859	5.1771	4.54203	15.38042	6.15766	11.15529	8.94146	9.64836	16.98263	20.62998	0.73712	2.10932	0.81461	0.43185	0.42718	0.18878	0.02697	NA	0.08437	0.04463	0.67681	3.99044	7.26821	2.01465	4.0986	1.18411	1.49713	2.19889	1.52293	0.24363	0.20159	0.69575	0.24163	0.63885	2.39764	18.933	18.9545	1.56306	0.62869	3.82011	2.7339	0.68981	2.35056	NA	NA	5.38688	0.14695	0.08251	0.87222
PL15_1	NA	NA	0.2839	NA	NA	NA	NA	NA	NA	NA	NA	NA	NA	NA	NA	NA	NA	NA	NA	NA	0.30296	NA	NA	0.209	NA	0.12625	NA	NA	NA	NA	NA	NA	NA	NA	NA	NA	NA	NA	NA	NA	NA	NA	NA	NA	NA	NA	NA	NA	NA	NA	NA	NA	NA	NA	NA	NA	NA	NA	NA	NA	NA	NA	NA	NA	NA	NA	NA	NA	NA	NA	NA	NA	NA	NA	NA	NA	NA	NA	NA	NA	NA	NA	NA	NA	NA	NA	NA	NA	NA	NA	NA	NA	NA	NA	NA	NA	NA	NA	NA	NA	NA	NA	0.04004	0.21454	NA	NA	0.14318	NA	NA	NA	NA	NA	NA	NA	NA	NA	NA	NA	NA	NA	NA	NA	NA	NA	NA	NA	NA	NA	NA	NA	NA	NA	NA	NA	NA	NA	NA	NA	NA	NA	NA	NA	NA	NA	NA	NA	NA	NA	NA	NA	NA	NA	NA	NA	NA	0.50277	NA	NA	NA	NA	NA	NA	NA	NA	NA	NA	NA	NA	NA	NA	NA	NA	NA	NA	NA	NA	NA	NA	NA	NA	NA	NA	NA	NA
PL15_2	9.71793	9.30919	40.80962	4.21659	4.80481	0.55289	1.01226	8.34628	6.75884	18.31678	5.7392	6.4237	6.95259	7.32228	8.64948	8.37021	14.7165	2.7935	10.91884	10.04603	54.7361	4.085	7.93826	55.97488	18.95045	30.09134	4.04197	11.12295	34.2029	25.91866	1.62392	1.65295	5.01553	3.60069	35.64964	34.72582	27.29445	20.46929	17.71389	17.42537	49.9139	48.08968	25.676	26.84356	7.09056	2.16394	4.49573	4.96662	37.22459	9.48639	11.47297	27.64629	34.69765	17.61552	43.91764	34.68831	9.1665	9.0523	NA	0.07297	23.94432	10.79341	NA	NA	2.69037	4.66669	0.06594	2.32159	NA	NA	0.7963	NA	5.61307	11.42816	20.71725	14.36154	3.27236	9.60564	8.39633	6.23984	4.32731	4.96537	6.86399	7.50207	18.54739	3.82155	2.6009	1.59237	4.85319	8.69711	2.17271	7.50971	2.86881	14.19708	6.89297	5.51961	4.20237	8.95815	0.78637	0.79711	2.19471	0.58415	1.54504	0.88608	1.62425	1.30929	9.9847	4.18108	2.58274	49.88207	57.40025	5.06239	1.72118	2.94903	12.71561	30.7178	32.85461	0.99785	2.01671	56.42013	32.64454	24.13672	6.96654	8.22287	4.63645	0.73782	3.82347	2.43899	21.03745	4.15976	1.08206	3.95996	0.42052	0.27108	4.26765	4.28199	9.22087	10.24282	18.499	9.58685	0.88576	0.17539	6.35316	47.22934	45.21987	4.0784	2.61248	1.53678	1.43083	3.12165	0.36294	30.57779	9.81143	14.74928	32.89328	2.49338	3.60481	7.08798	1.86771	4.17033	0.95186	2.35774	7.26865	2.93282	9.58739	0.71288	9.2004	0.60635	1.27819	4.91506	30.03761	23.11226	12.43252	17.9764	2.86665	2.55482	10.23244	2.25361	6.01207	6.23443	1.71089	4.94326	9.05578	1.49393
PL17	7.70022	0.5258	0.80697	2.04345	1.73314	1.31282	1.78075	1.82236	3.63998	0.3535	3.39917	1.34296	6.39493	4.19936	10.62869	8.71332	16.42826	0.63556	13.88846	0.87515	0.85337	1.53746	0.94105	1.45074	1.02378	0.57321	0.73356	0.65645	1.56001	1.39306	1.75259	1.02326	NA	NA	22.04395	21.92626	NA	NA	5.61542	4.42806	14.79266	14.72028	7.95788	4.08975	7.00893	5.45169	1.00398	2.67313	15.50273	9.01196	13.71238	49.53615	1.15703	0.95148	0.80541	0.19153	0.65893	0.23546	0.10574	0.04398	0.12154	0.97478	NA	NA	2.67082	2.17656	NA	3.00797	NA	NA	0.96423	NA	0.47923	0.65488	0.47004	0.39168	0.89316	0.14493	3.62809	3.31345	1.5608	1.26151	0.29892	0.39388	11.98387	1.39128	2.21925	1.01873	0.94122	2.11688	2.40792	3.17463	2.80987	6.12024	NA	NA	0.54246	2.19774	0.57061	0.31685	1.86352	0.34944	1.54936	1.31939	2.66799	0.70894	NA	1.66336	0.28119	NA	0.05315	1.96211	0.37624	1.3171	0.60064	NA	NA	0.17874	0.48477	0.05425	NA	19.07839	4.74605	3.47509	7.77225	0.86077	0.71604	0.12828	0.4535	1.35329	0.89184	1.80683	0.2862	0.17958	0.75792	5.42956	2.54292	2.4013	3.55409	1.55268	2.68924	1.4241	0.08824	0.06711	NA	0.92473	0.85311	0.63037	0.56888	2.81528	1.75523	58.28535	14.2542	20.70443	60.82481	0.24398	3.00601	7.09282	1.30205	1.30068	0.17751	1.36854	2.24848	2.27335	8.27321	1.36083	6.18694	0.28344	1.73292	1.7688	6.21035	7.676	33.86112	49.09561	1.45846	3.66493	5.64993	3.85107	0.99744	1.08406	0.66411	0.9618	3.17123	1.75458
PL17_1	NA	0.36849	1.23822	0.23001	0.23827	0.07268	0.1584	0.12702	NA	0.4855	0.43984	0.23494	0.11999	NA	0.7146	2.90185	2.15176	NA	0.07672	0.05872	1.44722	NA	NA	2.73471	NA	2.29444	NA	NA	0.13126	0.24104	0.42243	NA	NA	NA	0.61991	0.64514	NA	NA	0.3292	1.89438	0.45559	1.44302	0.2569	0.44146	NA	NA	NA	NA	NA	0.26474	NA	0.03767	0.29996	0.11238	0.27134	0.35469	NA	0.06411	0.53455	0.18608	0.3796	0.84269	0.79519	0.6639	0.30971	0.49207	NA	0.42587	0.82926	1.11594	1.18239	0.79232	0.63079	0.77494	NA	NA	0.05398	NA	NA	0.46533	0.37368	0.37647	0.03568	NA	0.45886	0.49967	NA	NA	0.06319	NA	0.05175	0.39649	0.16777	NA	2.78857	1.5333	0.07429	0.22685	0.5459	0.29583	1.19808	0.65844	0.08316	NA	0.09012	NA	1.36482	NA	0.03281	2.9009	1.48423	0.07213	0.16802	0.23104	NA	0.37182	0.45998	0.15008	0.04059	0.09181	0.6569	0.15145	0.58375	2.79805	1.78536	0.81504	0.86845	0.1767	0.12709	NA	NA	0.10915	0.23485	0.24559	0.11648	NA	0.042	0.08884	0.03599	0.23205	1.17377	0.22405	NA	2.72574	0.98989	NA	NA	NA	NA	NA	NA	NA	0.03071	0.16318	NA	1.11658	0.18338	2.34861	0.13705	NA	0.0494	NA	NA	NA	0.41513	0.74724	0.39146	NA	0.28335	NA	0.91414	0.76452	0.12993	0.0552	0.49971	0.64186	0.12037	0.11816	0.14352	NA	0.36242	0.26339	0.07997	0.49962
PL17_2	0.53231	3.66353	2.71617	1.15108	1.35568	0.19406	0.08699	1.27765	0.20299	0.04501	1.81523	4.15354	1.01099	0.94436	0.04989	1.7246	1.16807	0.19323	0.80259	2.44249	0.73804	0.56238	1.77235	2.43532	5.37715	1.98374	2.30706	1.19998	15.77579	8.6361	2.78469	1.24024	0.66003	1.09054	7.55516	7.07091	1.52963	3.33839	8.14713	5.56763	5.48559	4.07027	NA	NA	2.49245	0.75933	1.87747	3.01827	11.76312	3.44585	4.62838	3.54942	10.11205	21.32226	16.0546	3.75252	1.55927	1.15178	0.88398	0.40318	1.09479	1.83057	0.96323	0.70025	0.49743	0.05385	2.63719	0.56456	NA	NA	0.70928	0.83952	2.53066	1.44435	0.04787	2.97768	0.05276	0.08916	0.56972	0.5531	2.50143	0.8655	2.09802	0.27214	0.77732	1.35354	0.18992	0.07834	0.44545	0.17706	0.06277	0.47321	0.57831	2.52639	0.87636	1.6909	0.3874	2.11505	0.44341	0.14305	0.3365	1.41529	5.02833	11.59382	3.63785	1.65262	1.80619	1.23071	0.86058	5.72065	0.79172	1.77537	NA	0.32755	1.79929	NA	NA	0.16759	0.39113	NA	NA	5.11473	3.47212	0.84791	0.34865	13.16197	1.37928	0.99432	6.54686	0.26345	0.34475	0.9772	0.0921	0.09704	0.94912	0.40301	1.39655	1.62612	4.02634	1.78785	0.12472	0.80905	1.47797	2.6658	5.21296	1.09927	0.52607	0.23509	0.91364	0.68006	0.33972	0.16854	0.66833	0.73389	0.37691	0.74914	0.29635	3.77798	0.33969	0.5227	0.15976	0.1274	1.28751	0.81764	0.58346	0.60556	0.673	0.50193	0.83385	1.32677	8.44696	10.90154	4.60917	2.01138	1.1955	0.38047	0.14563	1.33044	0.17276	NA	3.31822	0.12736	0.86636	NA
PL1_2	61.45152	270.89589	128.92033	19.63071	19.01621	371.21515	145.87581	63.79544	47.31745	219.52386	224.38068	188.71898	297.53818	47.19118	61.39857	59.61422	91.83676	34.72955	80.52506	135.74951	96.43921	21.77778	73.27062	78.40683	135.64208	46.42017	35.20775	92.45476	93.77313	50.55177	136.55311	164.67291	78.74689	60.4358	125.74427	127.33219	211.5016	163.00455	63.74204	45.99648	83.32993	80.48607	77.87885	70.58271	64.54683	20.85447	33.43437	57.83648	197.87596	64.74401	104.33329	94.17083	64.39194	95.30834	250.55866	140.3423	82.64355	52.31743	30.62163	7.73329	92.26955	56.75154	24.63273	24.33046	307.85241	270.43904	7.04804	252.16442	1.92946	30.07378	138.63496	7.42197	245.71825	352.48293	223.30257	176.22445	72.94778	89.52195	48.96198	32.56731	266.13712	342.50677	96.1861	110.12764	47.30364	15.98939	47.97958	21.93023	73.7108	37.10818	20.67501	48.51658	10.52359	36.87274	24.50448	35.51308	16.58251	27.14879	36.49336	71.76801	53.45097	55.88212	75.56815	74.63071	52.75252	45.8796	54.81536	68.92215	21.03709	198.94328	214.79376	517.12923	14.93313	37.07811	156.42105	148.61944	155.48232	47.33243	32.6721	257.40846	151.55916	78.45525	49.56719	70.75276	19.34185	30.39888	31.75662	25.19781	57.7018	96.1572	19.29869	428.23918	11.76781	20.25424	186.34142	264.66432	99.0772	102.77059	42.14284	29.0399	24.29666	15.20105	48.3517	183.4153	192.04067	53.59495	34.49693	28.34742	36.70818	156.6633	235.14007	184.47423	76.29479	116.24426	185.07506	54.1401	111.19974	123.94057	31.60477	70.61964	8.24039	30.41938	51.05666	23.42008	60.8607	52.51118	38.4293	14.13071	290.67018	549.47808	53.76731	42.90443	71.11498	102.2481	210.35294	137.1382	80.16588	270.4989	31.32601	28.73749	235.92293	31.73152	52.57733	385.39955
PL1_5	NA	NA	NA	NA	NA	NA	NA	NA	NA	NA	NA	NA	NA	NA	NA	NA	NA	NA	NA	NA	NA	NA	NA	NA	NA	NA	NA	NA	NA	NA	NA	NA	NA	NA	NA	NA	NA	NA	NA	NA	NA	NA	NA	NA	NA	NA	NA	NA	NA	NA	NA	NA	NA	NA	NA	NA	NA	NA	NA	NA	NA	NA	NA	NA	NA	NA	NA	NA	NA	NA	NA	NA	NA	NA	NA	NA	NA	NA	NA	NA	NA	NA	NA	NA	NA	NA	NA	NA	NA	NA	NA	NA	NA	NA	NA	NA	NA	NA	NA	NA	NA	NA	NA	NA	NA	NA	NA	NA	NA	NA	NA	NA	NA	NA	NA	NA	NA	NA	NA	NA	NA	NA	NA	NA	NA	NA	NA	NA	NA	NA	NA	NA	0.51904	NA	NA	NA	NA	NA	NA	NA	NA	NA	NA	NA	NA	NA	NA	NA	NA	NA	NA	NA	NA	NA	NA	NA	0.03393	NA	NA	0.12472	NA	NA	NA	NA	NA	NA	NA	NA	NA	NA	NA	NA	NA	NA	NA	NA	NA	NA	NA	NA	NA	NA	NA	NA
PL1_6	0.26184	NA	NA	NA	NA	NA	NA	NA	NA	NA	NA	NA	NA	NA	NA	NA	NA	NA	0.39415	0.24983	NA	NA	NA	NA	NA	NA	NA	NA	NA	NA	NA	NA	NA	NA	NA	NA	NA	NA	NA	NA	NA	NA	NA	NA	NA	NA	0.02991	0.02623	NA	0.0241	0.01613	0.04801	NA	NA	NA	NA	NA	NA	NA	NA	NA	NA	0.11999	0.05296	0.08772	NA	NA	0.0835	NA	0.06828	NA	NA	NA	NA	0.05069	0.09052	NA	0.0521	NA	NA	0.05953	0.06009	NA	NA	NA	NA	NA	NA	NA	NA	NA	NA	NA	NA	NA	NA	NA	NA	NA	NA	NA	NA	NA	NA	NA	NA	NA	NA	NA	NA	NA	NA	NA	NA	NA	NA	NA	NA	NA	NA	NA	1.40911	0.13527	NA	0.02917	NA	NA	NA	0.05441	NA	NA	NA	NA	NA	NA	0.06649	0.10706	0.02831	NA	NA	NA	NA	NA	NA	NA	NA	NA	NA	NA	NA	NA	NA	NA	NA	NA	NA	NA	NA	NA	NA	NA	NA	0.03992	NA	NA	NA	NA	NA	NA	NA	NA	NA	NA	NA	NA	NA	NA	NA	NA	NA	NA	NA	NA	NA
PL1_8	8.07032	NA	NA	2.71696	4.24894	0.32156	0.32343	2.72266	0.11437	NA	6.76122	3.2243	1.49845	NA	NA	NA	0.11487	0.69197	NA	0.11859	NA	3.19071	NA	NA	NA	NA	NA	NA	0.31268	0.24608	6.54101	6.42379	1.59644	2.23747	1.12555	1.50549	2.72675	4.24638	NA	NA	0.62018	0.84944	1.49524	3.45132	NA	NA	NA	NA	NA	NA	NA	NA	0.81665	0.6119	NA	NA	NA	0.61556	NA	NA	NA	NA	5.06206	3.45046	0.50792	1.16685	NA	1.55697	NA	NA	NA	NA	NA	NA	8.71665	5.60719	4.62944	4.00654	3.53768	3.51763	NA	0.77017	2.66719	3.63398	2.72561	1.57899	1.79875	0.56225	3.68371	3.28756	0.90349	0.35578	0.28031	0.01938	NA	NA	0.678	0.36349	NA	0.65941	0.08197	0.32179	NA	NA	NA	NA	NA	NA	0.31505	NA	NA	NA	NA	NA	1.52649	NA	NA	NA	NA	NA	NA	0.39172	0.39732	0.99508	3.08465	NA	1.36997	1.39373	NA	1.89083	2.20926	NA	0.98497	0.73916	0.60779	0.10653	1.11484	1.66288	0.6592	0.28516	0.70523	1.53085	0.24716	NA	NA	1.26578	0.81874	0.38436	0.9574	1.11513	0.41302	1.0271	3.40114	0.37879	1.10114	NA	0.29869	NA	0.94308	1.42484	0.10087	0.33235	0.04286	0.92604	NA	NA	NA	NA	NA	NA	NA	NA	NA	NA	NA	NA	7.63055	NA	0.47665	0.0376	NA	0.39586	0.31181	0.37984
PL2	NA	0.18775	NA	NA	NA	NA	NA	NA	NA	NA	0.04269	NA	0.06522	NA	NA	NA	NA	0.02424	NA	NA	NA	NA	NA	NA	NA	NA	0.09852	0.02718	NA	NA	0.16845	NA	NA	NA	0.15436	0.11668	NA	NA	NA	NA	0.06224	0.01767	0.05076	NA	0.05628	0.11496	0.02444	NA	NA	NA	NA	0.01286	NA	NA	0.10561	0.01685	NA	0.03169	NA	NA	NA	NA	NA	NA	NA	NA	1.82299	NA	0.52176	0.94069	0.1847	1.15239	0.27126	0.25908	NA	NA	NA	NA	NA	0.04692	0.02116	0.02136	NA	NA	0.22569	0.13816	NA	NA	NA	0.49909	0.50816	NA	0.4628	0.03321	0.58784	0.17111	0.14479	0.10074	0.02457	0.0658	0.01708	0.03661	NA	0.05046	0.02627	NA	0.11608	NA	0.04965	0.45747	0.51089	NA	NA	NA	NA	NA	NA	0.04567	NA	NA	NA	NA	0.19997	0.361	2.34149	NA	0.26427	0.51567	0.77903	NA	NA	NA	NA	NA	NA	NA	0.05059	NA	0.14388	0.05678	NA	NA	0.18552	0.25185	0.59198	0.03086	0.018	0.08847	0.29474	NA	NA	NA	NA	NA	NA	0.12813	NA	NA	NA	0.04677	NA	NA	NA	NA	0.01972	0.05534	0.07263	0.08449	NA	NA	0.03472	NA	0.58156	1.55978	0.02058	0.09691	0.16124	0.03568	0.02167	0.07507	NA	0.03409	0.03622	NA
PL21	0.6359	NA	NA	NA	NA	NA	NA	0.26769	0.31884	NA	0.46113	NA	NA	0.20563	NA	NA	NA	NA	NA	NA	NA	NA	NA	NA	NA	NA	NA	NA	NA	NA	NA	NA	NA	NA	NA	NA	NA	NA	NA	NA	NA	NA	NA	NA	NA	0.18713	NA	NA	NA	NA	NA	NA	NA	NA	NA	NA	NA	NA	NA	NA	NA	NA	NA	NA	NA	NA	NA	0.06869	NA	NA	NA	1.62071	NA	NA	NA	NA	NA	NA	NA	NA	NA	NA	NA	0.28105	0.17493	NA	NA	NA	NA	0.15376	0.3735	0.09689	0.87439	NA	NA	NA	0.48027	0.98904	0.2921	0.26729	NA	NA	NA	NA	NA	NA	NA	NA	NA	0.12942	NA	NA	NA	NA	0.41801	NA	NA	0.2048	NA	NA	NA	1.46079	0.22254	0.26276	0.47994	NA	NA	NA	NA	NA	NA	0.11443	NA	NA	NA	NA	NA	NA	0.15091	0.3329	0.43451	NA	NA	NA	0.69186	NA	NA	NA	NA	NA	NA	NA	NA	NA	NA	NA	NA	NA	0.14716	0.62892	0.10703	0.38221	0.47506	0.77696	NA	NA	NA	0.10689	NA	0.09046	NA	NA	NA	NA	NA	NA	NA	NA	NA	NA	NA	NA	NA	NA
PL21_1	NA	NA	15.44476	3.40218	4.19284	NA	0.15367	15.52324	3.31923	NA	NA	NA	NA	5.70842	10.10186	8.25799	14.65361	2.69941	NA	NA	15.62735	4.25765	9.14565	23.66716	5.31108	4.83348	6.01377	10.65132	0.31834	0.31179	0.20491	0.07997	0.37304	0.53713	14.20973	14.84235	2.70058	6.27479	10.57483	7.68548	11.9338	11.80496	3.94514	1.56172	NA	NA	NA	NA	7.41882	4.47623	7.14659	26.83153	1.94004	1.4173	NA	NA	15.31718	9.02474	NA	NA	NA	NA	NA	NA	NA	NA	NA	0.19069	NA	NA	NA	NA	NA	NA	50.00658	21.40479	2.40904	18.95674	7.02903	5.82839	NA	1.18927	11.78887	12.2234	22.33883	2.70079	0.07653	NA	NA	1.30813	0.10117	2.52776	1.54627	13.64953	NA	NA	1.58551	3.41079	NA	NA	NA	NA	0.48406	1.00867	1.04918	0.61888	NA	NA	2.56605	NA	NA	NA	0.32851	1.67784	23.40206	NA	NA	2.34759	1.9048	NA	NA	NA	NA	NA	NA	NA	NA	NA	NA	NA	NA	0.52944	0.09141	0.19119	3.16398	1.51846	1.79279	2.32713	9.2864	3.83198	0.13403	NA	7.39832	NA	NA	NA	NA	NA	NA	0.39737	NA	NA	NA	NA	NA	NA	1.52381	2.29603	0.13398	0.24711	0.86263	3.28587	3.52497	0.99661	8.41268	0.44584	5.55051	0.52646	0.13745	0.50226	11.06458	16.48218	NA	NA	3.26135	0.51891	NA	1.14631	NA	NA	1.10503	NA	NA	NA
PL22	62.68356	84.44928	143.88743	12.55285	11.28086	9.97609	12.08798	32.88921	35.94245	199.80006	50.97847	26.80154	50.86629	48.01246	37.88912	38.41566	46.09237	9.44242	62.94728	140.54804	106.09539	14.85349	48.82456	35.73296	80.41663	37.85657	50.26573	57.18435	37.0284	25.00584	19.8301	10.55009	94.23195	72.37513	99.92474	108.10093	145.97046	122.06298	90.05466	104.41912	65.32193	75.67852	43.22653	36.47572	67.44424	15.43631	20.01262	57.57621	93.06126	69.31015	129.66872	83.5214	31.28604	29.08149	190.83738	112.93585	52.82417	63.79089	49.51561	72.12028	96.05124	84.15018	82.95991	87.35557	33.37255	38.86081	19.33201	44.43614	109.17834	185.21103	21.72859	71.7998	63.86313	88.6714	34.42208	97.28904	20.79493	22.83753	57.06796	60.69567	68.25774	78.25742	71.01208	47.25264	29.78589	13.01102	56.56248	39.42624	134.22996	45.62245	14.98062	63.83086	17.96971	23.59807	34.35938	40.83547	111.20028	63.35718	36.10059	23.15007	40.85005	9.049	20.663	17.80625	20.83164	23.0924	89.26518	77.62549	42.36317	27.39369	39.46174	43.88949	24.24321	29.41446	71.00606	32.67195	37.63174	53.27837	37.32113	61.41143	55.00384	82.76817	40.84456	53.89365	42.33365	22.9946	52.37493	35.43984	47.28303	144.79222	46.10448	69.23339	4.59003	5.27262	56.23388	27.48802	61.10333	62.60965	56.22313	64.90057	17.10875	9.0608	34.06469	47.11986	47.24381	65.32314	33.03747	35.83571	47.35789	22.72947	8.82211	89.50484	68.86119	76.07362	91.97581	97.26117	10.37747	27.7583	6.64364	6.09042	10.53562	22.55482	30.58634	12.22721	82.08317	48.19518	52.57776	5.76068	20.16019	54.63875	45.84851	57.77863	15.99004	24.51042	45.85589	47.98136	100.16569	38.07148	68.52254	58.01361	14.62292	67.37511	62.58295	44.26832
PL22_1	2.01856	1.49055	10.58336	1.13435	1.00945	0.4513	0.68076	0.92169	0.98558	0.64557	0.26512	0.10635	0.17444	0.3038	1.20829	2.52993	1.53011	0.56201	0.94395	1.9239	1.33894	0.68292	0.74273	1.59565	0.14922	2.24065	0.4238	0.89102	0.11789	0.9867	0.56934	0.17503	1.89009	2.08082	1.31828	1.38849	12.32254	4.52939	0.81323	1.6297	3.06911	2.68022	0.64494	1.20845	1.4729	0.68573	4.51337	1.73021	3.07145	2.90108	1.24026	1.05236	0.29936	NA	2.485	2.23982	3.49582	20.49747	18.17845	11.27664	8.02691	13.93816	12.65436	12.83076	6.11919	6.66653	2.10254	9.35176	0.1936	3.18403	1.13615	0.75862	0.49891	0.78604	1.01224	0.73387	1.06133	1.08743	2.00076	10.42945	13.05841	9.22411	2.6781	4.81857	1.24826	0.62021	1.11091	1.9687	7.78908	2.06121	3.58683	5.12503	3.26567	1.01729	0.06049	0.36944	42.70245	19.74906	0.78722	0.6751	0.55625	0.65677	NA	0.04926	0.32876	0.46331	0.04881	3.2928	11.96005	1.53524	0.42758	0.4595	0.83857	0.6217	2.39388	5.32372	2.46446	0.88991	1.15712	4.2914	2.06207	1.64879	2.38246	7.95715	1.96533	1.82306	9.851	13.73924	14.38481	2.53772	5.35205	0.16892	0.40887	0.16339	0.41564	0.71043	1.68326	0.84872	14.64284	22.23057	1.27667	0.43048	8.9859	1.07895	0.73293	1.99033	1.92741	1.02869	2.47862	0.82241	0.46103	1.67824	3.20831	5.31129	2.26362	0.79437	0.03064	7.28963	0.42764	0.11263	0.92846	0.65341	0.77044	0.13047	1.46092	0.82942	0.87886	1.51587	1.08425	0.1133	1.40524	2.18569	0.75465	0.41201	1.01943	1.20746	8.704	0.4485	13.00676	15.13991	0.33424	11.10854	5.34186	3.51876
PL26	44.28602	74.11363	85.66653	10.0311	8.48903	4.01156	7.27659	16.32942	26.70484	148.90061	24.85103	15.8453	20.23395	21.35154	15.00486	23.28733	19.50013	6.53536	46.46477	102.57218	63.69855	10.86832	67.48111	18.26299	57.57031	19.78612	17.43463	44.99098	9.76827	3.79416	17.60697	12.00621	64.65647	49.03849	53.50803	62.82823	112.35262	95.07894	89.6166	72.2881	41.36489	44.08923	27.72725	25.87205	36.79424	11.04938	11.20915	41.88202	77.65386	45.2328	77.82191	54.99923	8.46124	8.14566	152.51967	78.15335	42.67476	20.47468	6.62135	16.25355	57.07585	38.75243	17.54275	17.79496	20.53654	18.36372	10.19175	21.54732	10.93338	0.90275	14.86351	11.45447	66.65311	80.1578	24.60217	68.02739	16.61457	18.47171	28.93568	17.55994	30.41324	41.50197	41.50784	16.13299	29.41961	13.31787	31.4944	16.88766	75.03282	26.32844	4.12112	35.48514	8.15889	24.25961	19.83519	22.6218	7.65373	15.55646	22.70839	14.92149	25.87902	3.97435	11.29426	10.18793	12.65112	11.39642	54.96158	62.78442	9.81043	47.123	45.36308	37.80516	25.08688	27.3367	37.11985	44.16433	43.05306	45.32396	41.54859	55.37609	42.36275	32.85698	24.75485	24.09768	24.40048	15.7475	35.73686	5.41736	17.45061	81.10153	13.43086	47.94271	4.14508	4.43988	31.79741	14.52994	34.40818	36.59175	14.58927	9.27369	12.26528	4.95516	20.52949	55.03489	48.43598	59.05573	29.62922	22.85019	40.21548	12.44902	3.3809	37.85142	52.18165	56.45467	37.02762	45.03678	6.43815	11.30258	7.44677	4.11499	5.74482	21.86693	27.14504	11.43215	46.94633	22.41321	27.42509	7.20153	18.45748	45.09454	62.65214	58.00235	11.6149	12.74997	31.26953	26.70197	110.38112	25.16925	25.76633	24.32319	10.14889	41.48794	45.49669	29.23965
PL27	28.42262	26.07506	16.23137	10.84947	9.56122	3.7952	9.259	12.34075	10.53694	17.49885	21.1654	11.56037	16.24793	15.00412	19.79191	20.73017	20.06485	9.27671	33.54533	57.21307	10.06272	12.1942	41.65253	9.26543	33.2193	40.07208	21.93082	25.72737	5.99653	6.15812	11.74949	11.55055	36.72707	29.00149	32.64836	38.37524	61.5095	43.97524	46.46253	42.45522	22.3964	23.05187	8.35937	16.06799	16.38522	14.16314	5.94185	13.09128	22.67798	8.38205	9.28642	6.97068	7.24951	7.35497	85.67575	47.98208	8.43688	10.47352	7.8982	12.90501	64.12429	62.86791	14.71387	14.52914	12.28119	13.877	18.41324	12.29692	13.46489	23.40001	9.85552	23.73254	21.74924	23.30066	26.20721	37.73616	17.17642	16.23821	6.01645	8.6626	17.26981	26.95171	26.6961	13.74237	8.9609	7.00435	21.28172	12.00725	6.42767	8.25902	4.39405	9.87057	4.52081	5.4926	4.69314	4.76816	2.52254	7.63458	5.82805	10.36051	12.93856	8.97131	5.69227	6.69981	8.95431	9.98343	4.60363	36.14847	9.48266	52.89171	44.18999	9.845	7.41722	9.01695	22.57691	6.00287	12.15417	14.39478	11.59254	5.21271	8.32776	14.00927	11.20679	17.21085	21.31491	6.73567	6.08582	8.39371	8.31662	42.68368	11.34117	6.03221	14.936	10.45463	7.54489	3.97387	7.87998	6.81724	7.24893	6.75682	15.33104	13.87841	9.62674	66.59592	55.49614	4.50422	7.17894	6.21911	9.21565	10.47854	3.64655	3.55756	5.37416	8.6564	3.51115	5.35383	9.29823	15.16489	9.51484	8.86955	9.62853	7.09785	10.59176	9.90193	19.28461	12.38022	12.72421	5.78372	14.32037	7.29394	33.51528	36.98839	27.15063	30.48118	39.41981	48.72637	61.04421	24.584	5.29954	5.35144	30.81278	7.1135	10.186	12.91885
PL29	3.02192	16.52977	11.09944	1.43048	1.39686	0.63949	0.22593	4.23876	1.78763	11.84053	1.45337	1.22167	0.96169	1.81102	0.71542	0.89692	1.26366	0.40292	2.92647	10.12813	9.20874	1.32033	13.5318	10.46224	18.81364	4.15564	10.06076	17.3788	3.06058	0.90278	0.41748	0.36108	3.8619	2.7212	3.7595	3.35414	14.90572	11.40554	3.5451	3.25523	3.21654	2.80887	12.02705	13.1057	3.27495	2.15213	2.68225	3.29793	19.57424	4.07805	5.08825	3.63192	2.1374	2.10975	14.27859	5.20903	6.89534	5.52271	NA	0.01507	1.72374	3.04819	NA	NA	2.32468	2.8563	NA	1.77383	NA	NA	1.61278	0.02444	19.42735	23.13071	10.27324	12.03442	3.53918	6.69168	1.83334	1.91639	2.69172	2.44673	1.87967	1.09451	1.42516	1.30688	1.4226	1.22274	2.48854	3.85023	0.8574	5.21863	1.80317	3.91006	0.75759	1.08079	4.66108	4.97789	0.40614	0.74509	0.62691	0.52558	1.34871	0.98972	1.51946	0.87578	1.08644	3.5764	1.75003	23.01104	24.52915	5.69682	4.32076	5.79776	1.72377	21.10777	24.51476	10.73354	17.17309	31.60206	25.33666	6.77784	1.90502	1.8399	0.38076	13.73013	0.91786	0.44212	6.56068	3.54551	0.89259	7.43743	1.5298	2.18873	1.35776	1.09622	1.43579	1.58656	6.24779	3.26725	8.07128	4.76762	5.1366	19.54927	20.16301	3.19669	2.43689	1.96892	1.46556	0.42942	0.5713	8.09463	5.00467	6.16998	8.63818	0.48654	0.46764	0.86893	0.31669	0.60265	1.88945	1.43329	3.79809	2.01694	2.08733	0.8784	1.39063	0.29542	2.82018	6.98065	7.75054	3.64579	5.84602	8.7242	3.45237	1.73889	2.59457	2.47098	4.52618	5.68004	1.1612	3.44481	6.18924	1.53799
PL30	29.50403	4.50953	38.62387	17.55986	31.84779	0.45817	0.84464	22.44885	3.31316	13.0864	7.96464	6.83136	12.36566	1.07187	1.34099	0.70504	0.51315	0.44126	39.79085	12.88352	69.52504	14.30107	12.60543	60.422	21.28627	27.52828	5.78743	17.34468	2.91245	1.19159	0.59819	0.54734	2.07494	1.76416	20.27759	21.51923	2.34821	3.49125	8.02138	6.93132	42.77133	40.42104	0.92348	1.09561	3.61446	4.19261	2.65681	2.01243	72.05235	29.38709	53.89848	69.942	3.60652	2.01509	30.82205	28.93943	17.96842	3.67294	0.19674	0.28941	22.91415	9.46049	0.97789	0.86657	5.36534	4.35265	0.59151	3.15288	NA	NA	1.30351	0.37714	9.76186	3.81196	29.76971	15.59761	4.84155	13.97578	10.89199	11.32153	4.54686	7.43498	17.20872	31.5114	8.27323	6.33541	11.4134	5.16267	1.07016	9.76386	1.99683	7.91587	1.78795	2.11918	0.64062	0.97349	4.17306	8.71111	0.75146	1.63066	0.91777	0.86746	1.15791	1.71184	0.87467	1.5327	1.094	10.74538	1.04117	22.63733	23.18708	4.2193	4.88282	3.61647	75.43415	33.2582	24.87099	4.37881	15.37051	37.94179	32.22578	6.68674	3.4185	2.31546	1.17035	4.51697	3.74339	1.68989	12.13903	4.74968	16.31186	6.11533	0.56925	0.83051	4.86361	2.95415	7.6047	7.60096	31.50561	21.80669	1.49704	1.02163	4.25929	21.03377	21.6681	5.34651	5.7018	7.38306	4.01701	3.07858	0.68117	39.5778	13.17516	7.28101	34.09917	1.16493	4.26031	7.72479	1.73995	5.76351	0.47056	1.65211	4.43827	1.56337	45.14587	2.3807	18.12744	1.27223	3.37428	4.77903	15.01867	8.35465	62.72615	71.04813	4.06871	1.3766	3.49471	1.60847	3.84223	4.5609	1.70987	3.46753	6.83419	2.19969
PL31	7.24702	0.8204	NA	NA	NA	0.62977	0.49425	NA	0.47646	NA	9.00467	8.94098	4.05856	1.19307	3.15809	2.79064	1.52505	NA	NA	NA	NA	0.41604	7.27751	NA	4.53541	NA	3.2887	2.711	NA	NA	7.30496	6.87636	NA	NA	NA	NA	NA	NA	NA	NA	NA	NA	1.31602	2.37807	1.08838	3.54852	0.55176	0.22768	NA	NA	NA	0.06512	NA	NA	NA	NA	NA	NA	NA	NA	NA	NA	3.79595	4.56421	2.6772	4.96847	NA	3.61489	0.03769	NA	0.49147	6.41637	2.80403	NA	11.58609	5.22113	7.45101	3.82774	1.63534	3.78703	NA	NA	3.24116	3.81128	NA	NA	1.42591	0.8739	4.82486	2.12472	1.48624	1.02087	0.43536	NA	NA	NA	0.5415	0.24441	0.33397	2.41006	0.25017	2.98205	0.11501	0.12838	1.40217	0.09452	NA	0.03256	NA	5.53511	4.31487	1.27179	0.67903	2.75978	1.52114	NA	NA	1.95217	0.05657	NA	NA	NA	NA	NA	NA	0.11324	1.01397	0.18568	NA	2.01525	1.85831	8.79263	1.22028	1.16563	2.15928	1.9223	3.85402	3.45866	0.55037	0.24229	1.03007	2.41016	NA	0.03948	2.69529	0.663	0.49717	0.32585	1.08637	2.04424	0.99138	NA	NA	0.04552	NA	NA	3.93076	10.27742	6.07217	1.53474	0.48133	0.56531	0.95857	1.17447	1.05817	1.85699	2.70043	0.79222	0.53881	0.11933	NA	NA	5.06124	4.55304	1.4136	NA	NA	0.51747	0.63135	0.07681	2.9357	0.60068	1.66746	0.71828
PL32	NA	NA	NA	NA	NA	NA	NA	NA	NA	NA	NA	NA	NA	NA	NA	NA	NA	0.08522	NA	NA	NA	NA	NA	NA	NA	NA	NA	NA	NA	NA	NA	NA	NA	NA	NA	NA	NA	NA	NA	NA	NA	NA	NA	NA	NA	NA	NA	NA	NA	NA	NA	NA	NA	NA	NA	NA	NA	NA	NA	NA	NA	NA	NA	NA	NA	NA	NA	NA	NA	NA	NA	NA	NA	NA	NA	NA	NA	NA	NA	NA	NA	NA	NA	NA	0.09209	0.28358	NA	NA	NA	NA	NA	NA	NA	0.51149	NA	NA	NA	NA	NA	NA	NA	NA	0.64879	0.04415	NA	0.16693	NA	NA	NA	NA	NA	NA	NA	NA	NA	NA	NA	NA	NA	NA	NA	NA	NA	NA	NA	0.03639	NA	NA	NA	NA	NA	NA	NA	NA	NA	NA	NA	NA	NA	NA	NA	NA	NA	NA	NA	NA	NA	NA	NA	NA	NA	NA	NA	NA	NA	NA	NA	NA	NA	NA	NA	NA	NA	NA	NA	NA	NA	NA	NA	NA	NA	NA	0.4435	1.05584	NA	NA	NA	NA	NA	NA	NA	NA	NA	NA
PL33_1	36.44545	25.09489	34.03395	37.13357	47.40176	45.86372	47.10724	41.51683	41.564	90.8279	69.1405	69.12277	48.81469	42.30835	56.02345	51.39952	66.49493	13.47764	33.11113	30.19981	25.78929	34.88025	44.78246	31.93782	52.76959	30.86341	40.7299	31.7635	14.76572	16.15507	32.85005	16.2476	23.70956	26.131	46.94888	45.21541	45.58471	40.25983	30.55934	34.41917	45.56856	40.64294	61.31075	41.91581	28.17888	19.53729	14.02776	17.23143	81.49946	28.41353	54.14605	52.12843	13.31843	23.76066	42.94478	40.34553	77.4396	35.56141	28.28591	39.51107	24.84156	29.66415	56.37537	60.29961	18.90538	25.04197	18.35484	23.9017	54.98752	117.59957	30.21852	40.64692	15.34095	16.35742	63.38378	84.87468	54.4312	42.90125	21.7861	30.04382	71.91161	39.40012	35.51823	23.34685	27.21463	18.79965	17.92423	16.47165	28.93069	15.68042	31.00847	20.24244	17.10804	26.94782	6.26112	9.71288	21.50396	22.27812	24.16206	23.793	25.74144	30.30281	39.34703	45.05828	45.97875	37.41016	17.55471	25.56625	28.34655	66.92373	47.48279	31.64587	26.46154	35.69814	33.10735	50.30223	54.61698	27.72844	47.02335	68.09978	60.12868	49.80942	45.49449	24.87749	31.77424	16.22821	26.27411	32.16616	23.55932	15.24805	13.2539	24.50721	23.95131	23.48381	17.691	19.79198	26.08913	26.01676	22.76612	22.98966	16.38708	25.40847	23.33675	64.15856	77.37867	15.53257	10.89585	10.16376	11.50783	42.31487	72.60912	69.44579	65.16894	43.25974	72.76203	9.98105	31.08529	42.45541	24.00375	31.55365	10.77329	28.16168	33.13918	25.67804	19.56925	16.55211	40.32145	15.03893	36.98139	24.54095	28.61897	39.09369	47.02053	57.20766	72.77029	52.78504	53.24774	54.33051	22.3021	17.81281	95.54099	39.30974	42.51491	20.97272
PL33_2	4.97566	1.42151	3.61336	2.94232	2.9802	1.13837	0.84662	5.75015	1.67879	6.43754	2.29378	1.70786	1.36151	1.65291	4.05594	2.1692	1.66389	1.72751	6.5818	11.20515	2.95565	3.12699	27.91323	1.87013	9.91986	2.23199	0.96134	11.16313	0.69127	0.81068	8.49629	5.61394	1.10337	0.77261	1.37934	1.67014	1.12372	2.75677	2.12893	3.64173	2.59692	3.03633	3.64778	0.80784	3.4757	1.92344	1.84685	2.34911	9.58497	3.51541	5.1636	3.71248	0.91036	1.39072	6.86119	4.5371	4.70861	14.99198	1.79602	10.69912	3.13299	2.57488	10.4454	10.81445	2.17975	2.73301	3.43869	2.22981	5.56323	0.10242	1.35876	6.94436	3.64881	3.9393	13.53434	7.60845	5.80884	7.99066	1.03784	1.47602	2.27528	4.26273	5.1607	4.81716	2.47376	2.32018	2.40684	1.24905	1.92639	2.62508	0.62628	1.7854	0.62732	1.02588	1.81951	0.23927	3.36628	1.51985	0.46654	0.90604	0.51278	0.47153	0.80588	1.97119	3.00993	2.11596	0.91803	5.58181	4.40743	7.09209	8.09664	3.7641	1.38949	5.53256	6.74473	8.84326	12.49404	8.23683	4.97681	9.10698	12.08663	5.06828	5.9404	4.69512	4.13302	0.86726	0.87443	2.11293	1.74329	3.25874	1.53676	5.15107	3.19391	1.72213	1.00174	1.20111	2.89915	1.99896	1.74407	1.84088	2.70844	1.05848	10.34716	17.37548	12.43528	1.92537	2.35332	3.20575	2.93149	0.84055	0.27985	6.14278	4.10483	19.20514	6.60162	0.4985	0.78776	2.20448	3.44928	1.48974	1.61718	1.64357	1.71896	3.24307	1.65973	0.80656	2.89975	8.2343	5.3533	4.66015	4.6719	4.31482	6.1018	10.74775	3.22111	3.84024	2.57948	2.31461	0.76085	0.67233	2.36334	2.70456	1.38414	1.76695
PL35	19.20128	25.76955	19.03096	3.39988	3.15224	0.89336	1.15436	8.56278	20.81436	16.40831	6.76476	2.61599	11.45875	14.76985	17.85694	19.8836	28.65792	1.46007	27.56311	16.90175	12.22541	3.04162	7.18713	10.26143	20.56011	6.73623	3.55096	10.01953	11.32006	3.80562	5.95091	9.55724	14.24616	9.22015	37.96009	38.68098	37.78933	26.0611	18.691	13.41213	24.54989	33.27613	47.95579	51.60713	16.22851	9.59995	11.32614	6.81968	34.0199	11.44462	15.24223	43.8449	4.65708	14.15737	40.01397	27.98734	12.19415	6.28477	0.08338	0.18374	11.05331	9.37715	0.1707	0.15434	4.96901	4.66157	6.37601	3.70611	0.1524	7.68066	2.7421	0.37942	21.53035	27.40099	25.08448	24.5252	10.30845	18.1183	3.50581	6.20685	10.89174	13.33016	6.56691	4.25147	13.84503	4.12847	5.07302	4.93869	6.51899	6.60296	2.14397	12.39327	2.73029	12.9469	3.39548	4.7675	9.29122	8.70807	1.49005	0.99357	1.38511	0.73095	6.37824	4.46188	8.74199	8.73765	1.3722	7.50812	3.2099	59.4107	61.32904	17.87474	5.2781	10.38621	5.88202	37.30727	37.16263	14.21213	15.44193	60.19678	38.50269	17.26817	8.30657	14.84916	5.59774	3.91854	2.32268	1.14903	11.50004	6.89784	4.79479	13.40097	1.23065	2.68246	5.16081	3.43461	6.60592	7.11556	12.18102	8.07307	6.36032	2.1306	5.47735	54.01417	58.99654	8.15042	11.51735	11.64814	5.39987	1.27576	0.56832	46.05117	20.94574	18.10507	45.91907	3.45495	24.43588	7.28644	18.17679	7.05688	4.11558	2.72517	8.87935	4.13158	20.28489	2.58282	14.45983	0.28923	7.51563	13.9459	14.26743	13.42508	11.55169	12.95136	11.02399	6.7396	7.53383	7.30334	5.28084	5.41149	4.49809	3.78969	4.86452	3.95171
PL37	6.03054	2.85025	22.04097	3.02766	2.52372	1.1104	4.36052	8.00647	4.75792	1.02947	3.93617	3.86817	5.23187	4.4689	8.8039	6.97581	11.02993	3.59346	8.24427	1.83364	45.33445	2.71751	7.00337	41.74014	12.2904	21.43462	3.34964	8.89476	3.04372	1.4522	1.0387	1.87381	1.79284	1.87721	19.46863	19.71622	2.52161	4.55117	7.89717	7.61827	31.16543	29.76702	2.4212	1.55266	2.61913	1.35043	0.7387	0.78249	6.05847	7.9976	9.41438	21.18448	3.30384	2.48486	16.6899	28.48668	6.95341	4.1354	0.79609	0.24253	15.88233	11.25429	0.34244	0.30139	2.54905	3.10513	0.71572	2.38096	0.60209	NA	0.50524	0.90551	0.68279	4.11962	22.94456	9.02641	1.89722	8.84375	4.1519	4.08696	0.59119	1.24561	11.00589	8.07193	11.69667	3.4828	1.32204	0.36316	1.22465	6.91562	2.79275	4.51687	2.00682	6.21605	9.51467	7.42974	2.15843	4.06133	1.63038	1.71453	0.82208	1.01029	1.02698	0.88341	1.63105	1.10102	7.8098	0.45059	1.54595	8.36447	9.80848	1.14683	0.96551	1.89562	10.98566	0.27011	0.47802	2.14694	1.48886	1.20288	0.16457	10.70862	4.42086	6.92726	3.31673	1.69156	2.61765	1.73276	7.38365	1.06651	0.56295	1.9169	5.02746	3.17555	3.82055	3.44628	6.99788	6.94998	7.44559	4.43945	2.43349	3.61802	3.67212	7.96231	5.12956	1.61281	1.12294	1.77857	1.33005	4.21934	0.97402	20.07079	4.24464	6.76481	20.99608	4.0332	2.11608	3.30762	1.60888	1.87019	1.36423	2.4874	4.02415	2.05874	5.96553	0.58957	6.58419	0.20112	1.15274	1.46006	11.93503	9.47017	6.75691	9.98178	1.56275	0.84212	8.6945	0.96316	2.81811	2.83896	0.83698	2.57578	4.00254	1.45709
PL38	41.67565	21.04351	34.37299	13.10803	21.10487	7.65605	4.23606	47.44627	23.20359	47.03451	14.81672	8.83375	18.48055	23.91337	28.60466	24.1619	39.25917	1.74833	51.64203	20.02197	56.96421	10.49118	10.04199	76.9605	32.27866	48.13475	6.01626	13.76799	54.90601	36.67275	5.22937	5.49161	69.27863	55.95648	39.87395	36.10971	34.23016	59.98258	11.27762	7.62404	39.72466	54.01577	8.29478	6.06135	10.22505	9.38266	3.58126	6.57485	74.52369	31.62704	52.79714	97.51982	45.51787	53.2987	44.84029	41.79331	31.68509	17.95734	1.54186	2.626	28.30698	12.31289	1.7725	1.31873	6.04897	5.12988	18.67605	2.96385	0.10934	2.00067	8.16012	18.77462	9.67549	16.6839	17.08565	20.66341	8.0463	7.24589	10.61442	9.41336	8.0074	9.92564	6.30017	16.38762	7.29496	14.39326	9.34944	15.78263	6.84657	6.8735	5.00964	28.09497	14.21974	21.9098	18.72541	18.59316	76.79104	13.78237	10.68168	4.9912	2.63925	3.59208	9.39066	12.50807	5.07215	4.92433	15.37539	10.31679	22.45403	9.68326	10.45684	11.11304	5.41892	28.4694	46.05858	23.07566	17.31169	5.27731	6.03635	30.15776	22.91247	39.73672	13.22677	10.55745	11.11796	26.27846	2.47811	14.4458	12.33254	8.03814	13.04888	11.92679	0.73796	0.91361	8.41792	13.23911	21.8616	22.47599	28.25343	20.53496	3.91202	1.43927	11.59473	9.24007	4.91074	6.94304	7.08616	7.81326	3.99268	8.34143	7.77194	95.22475	56.53519	46.79681	88.93916	18.93228	3.21072	11.00412	2.00218	5.33809	2.65974	2.32728	6.9601	4.64783	69.83986	28.44329	20.89646	48.08469	3.12787	6.36341	17.41126	9.4491	54.26466	69.00097	13.99903	9.36043	12.15442	12.17755	23.56062	33.67002	13.27727	5.94563	12.5797	2.62631
PL4	NA	15.10216	3.25459	NA	NA	0.04693	0.71593	NA	0.63002	NA	NA	NA	NA	NA	NA	NA	NA	NA	NA	0.01875	3.49194	NA	3.27943	2.66552	5.68967	1.52065	3.54611	4.72608	NA	NA	NA	NA	NA	NA	NA	NA	NA	NA	0.17206	0.61862	NA	NA	NA	NA	NA	NA	NA	NA	NA	NA	NA	0.01611	NA	NA	NA	NA	NA	NA	0.10841	0.2069	NA	NA	0.04026	0.01777	0.01481	0.05777	0.27654	0.14102	NA	NA	1.30852	0.05187	9.67887	12.07211	NA	NA	NA	NA	NA	NA	2.34243	2.64859	NA	NA	NA	NA	NA	NA	NA	2.47227	0.11408	2.63585	0.037	NA	NA	NA	NA	NA	NA	NA	0.01708	NA	0.11268	0.21542	0.24265	0.09342	NA	NA	NA	NA	NA	0.12419	0.02915	0.29349	NA	0.2544	1.09922	0.27126	0.88919	0.53	0.56182	NA	NA	NA	NA	NA	NA	NA	NA	NA	NA	3.98184	0.06218	0.15404	6.3324	2.68792	7.77617	6.87164	NA	NA	0.13797	0.21014	NA	NA	NA	NA	NA	NA	NA	1.66619	0.17725	NA	0.0095	NA	NA	NA	1.66571	1.07974	0.6521	2.07213	NA	NA	NA	NA	NA	NA	NA	NA	0.33542	2.17284	0.13031	0.4904	NA	NA	0.00978	NA	NA	0.05086	NA	NA	NA	NA	NA	0.04609
PL40	34.29346	21.40395	17.27905	5.6015	4.64698	2.4308	2.46578	24.43118	17.53719	173.10181	28.33767	18.55225	31.4638	35.844	22.8234	27.01887	35.21769	2.2448	39.98307	15.8915	12.19781	7.78836	21.85958	12.58739	34.77888	6.15389	12.18688	25.86134	30.77586	19.566	8.41789	6.57821	47.82195	36.4194	16.92024	15.76701	92.15411	75.53469	44.90214	29.08677	9.86699	9.82969	14.56795	16.52278	38.18264	9.54415	9.75725	35.79048	72.04986	49.00011	92.613	83.76413	36.67353	30.43132	152.08596	102.09463	35.01735	14.32292	0.04854	0.34308	68.52943	37.59949	1.36786	1.40485	11.02732	12.43485	0.02923	11.03799	0.01997	NA	2.68801	0.17054	19.15821	28.23741	37.64557	41.13668	10.64394	9.04311	36.36211	25.87255	11.59734	14.67996	39.00523	18.17109	22.87003	10.65437	37.55712	22.75016	63.05873	15.67552	2.0542	16.22026	2.75688	14.40974	15.47084	19.32606	1.86398	4.05483	1.04586	2.67209	2.19943	1.01195	44.261	41.32349	27.8392	17.93529	50.10289	9.37648	6.21247	42.09158	44.51368	25.59351	16.52815	17.15281	35.75498	17.556	19.73473	19.68711	20.30053	29.47858	17.16866	46.44701	25.00198	24.79486	11.65582	10.43547	22.30464	2.63321	17.07319	81.8187	24.56496	24.06546	0.91999	1.19034	8.47535	6.45713	9.10387	8.92962	6.03531	2.9319	3.2307	1.17824	12.94563	39.37976	41.82378	37.86739	20.41722	17.62759	24.77358	6.3432	3.14825	51.08075	40.61449	39.85587	49.78407	43.27058	7.31856	14.06259	2.75934	4.77992	3.05775	9.62791	16.88403	4.09323	78.22331	19.17433	34.02386	2.29204	10.57773	27.98732	24.34011	23.79573	12.6514	18.09812	33.03411	26.91073	66.20946	25.9193	20.12468	16.87595	12.44385	21.62085	25.74224	18.29211
PL4_1	2.93494	0.32322	0.77105	1.053	2.65755	0.40069	0.30461	0.31644	0.65308	1.84073	0.80557	0.41711	0.23997	0.37718	1.12555	1.72375	0.12982	0.0686	5.55077	3.59645	NA	1.42197	2.47341	0.10017	3.55737	1.43717	0.76683	1.39315	0.03366	0.0412	0.25725	0.14795	0.41409	0.27506	0.75718	0.56716	0.93561	1.52817	0.01876	0.03533	0.30373	1.17002	1.01274	0.94935	2.11399	1.62475	0.81839	2.38505	0.06536	3.79163	2.38215	3.46731	0.01282	0.07204	2.74823	0.34358	1.86965	1.25887	1.79708	1.55547	0.30281	0.55428	1.03799	0.92696	0.65295	0.94056	2.85205	1.26838	0.1817	NA	1.66446	0.10885	2.59939	0.73884	1.71328	1.90599	2.74062	2.81958	0.33778	0.67726	1.95222	2.78055	NA	NA	NA	0.02745	0.39444	0.38679	0.65487	0.33421	0.14707	0.33404	0.13981	NA	0.02362	0.18704	0.0381	0.01502	0.01473	0.27091	0.12288	0.02412	0.23455	1.27583	1.08609	1.02815	0.10484	3.39233	0.57647	3.18893	4.07096	1.41477	0.12155	0.60548	NA	0.0572	0.11794	0.06463	0.14684	0.14124	0.11661	0.58251	0.31297	1.15675	1.06816	0.14696	0.10472	0.03424	2.40815	1.19237	0.41614	0.39181	0.55569	0.49269	0.02987	NA	0.05384	0.01139	0.09227	NA	0.49593	0.44809	1.1546	5.35102	2.31609	0.08734	0.17319	0.05008	0.41214	0.24156	0.13337	0.48267	1.01365	1.71239	0.62224	0.15447	0.05923	0.47334	0.4338	0.02177	0.45599	0.76895	0.02409	1.02539	0.15375	1.13418	1.39751	0.75137	1.78909	0.59736	NA	0.07623	0.56636	1.58397	0.46593	0.19201	2.60578	0.17168	0.08587	0.08499	0.19913	0.53064	0.08202	0.51243
PL4_4	0.05621	NA	NA	NA	NA	NA	NA	NA	NA	NA	NA	NA	NA	NA	NA	NA	NA	NA	NA	0.02086	NA	NA	NA	NA	NA	NA	NA	NA	NA	NA	NA	NA	NA	NA	NA	NA	NA	NA	NA	NA	NA	NA	NA	NA	NA	NA	NA	NA	NA	NA	NA	NA	NA	NA	NA	NA	NA	NA	0.05712	NA	NA	NA	NA	NA	NA	NA	NA	NA	NA	NA	NA	NA	NA	NA	NA	NA	0.02585	NA	NA	NA	NA	NA	NA	NA	NA	NA	NA	NA	NA	NA	NA	NA	NA	NA	NA	NA	NA	NA	NA	NA	NA	NA	NA	NA	NA	NA	NA	NA	NA	NA	NA	NA	NA	NA	NA	NA	NA	NA	NA	NA	NA	NA	NA	NA	NA	NA	NA	NA	NA	NA	NA	NA	0.03384	NA	NA	NA	NA	NA	NA	NA	NA	NA	NA	NA	NA	NA	NA	NA	NA	NA	NA	NA	NA	NA	NA	NA	0.02212	NA	NA	NA	NA	NA	NA	NA	NA	NA	NA	NA	NA	NA	NA	NA	NA	NA	NA	NA	NA	NA	NA	NA	NA	NA	NA	NA
PL5_1	NA	NA	NA	NA	NA	NA	NA	NA	NA	NA	NA	NA	NA	NA	NA	NA	NA	NA	NA	NA	NA	NA	NA	NA	NA	NA	NA	NA	NA	NA	NA	NA	NA	NA	NA	NA	NA	NA	NA	NA	NA	NA	NA	NA	NA	NA	NA	NA	NA	NA	NA	NA	NA	NA	NA	NA	NA	NA	NA	NA	NA	NA	NA	NA	NA	NA	NA	NA	NA	NA	NA	NA	NA	NA	NA	NA	NA	NA	NA	NA	NA	NA	NA	NA	NA	NA	NA	NA	NA	NA	NA	NA	NA	NA	NA	NA	NA	NA	NA	NA	NA	NA	NA	NA	NA	NA	NA	NA	NA	NA	NA	NA	NA	NA	NA	NA	NA	NA	NA	NA	NA	NA	NA	NA	NA	NA	NA	NA	NA	NA	NA	NA	NA	NA	NA	NA	NA	NA	NA	NA	NA	NA	NA	NA	NA	NA	NA	NA	NA	NA	NA	NA	NA	NA	NA	NA	NA	0.03957	NA	NA	NA	NA	NA	NA	NA	NA	NA	NA	NA	NA	NA	NA	NA	NA	NA	NA	NA	NA	NA	NA	NA	NA	NA	NA
PL6	14.4741	7.0722	21.61856	3.01327	2.04669	0.03406	1.05945	1.33103	0.27689	5.58014	11.92477	4.85011	21.65658	18.1718	36.40443	27.53323	48.46908	4.24896	34.61945	6.19786	23.27774	0.74224	15.43797	31.83405	54.72802	11.11131	6.13648	17.3753	36.85649	20.88981	4.72184	3.78944	10.96389	5.2007	49.12364	48.79988	13.095	25.94227	20.77124	14.43402	26.60076	24.6034	8.02153	5.87625	16.46791	3.0717	7.50931	8.68639	54.57324	21.7745	29.09161	96.56068	26.79774	44.41174	47.06698	29.97271	1.31542	0.44606	NA	0.01622	12.30978	7.33258	0.04434	NA	8.36082	3.28326	NA	5.07676	0.02823	NA	1.43256	NA	2.91843	3.15271	2.20302	9.15944	2.88853	1.84667	0.74458	0.04537	6.11729	3.6839	3.3947	0.70232	1.37494	2.17645	2.56879	1.47956	1.15427	2.7304	0.91554	7.82692	4.59928	4.73486	4.93946	2.2864	3.11264	6.10985	0.58045	2.16071	2.08106	0.3057	14.76779	23.93934	5.51934	3.47692	0.93566	4.43582	NA	NA	NA	2.5874	0.3738	7.13309	8.23999	NA	0.79943	0.43765	1.15036	2.71247	0.59718	19.24445	11.33692	3.05279	2.4761	50.47968	1.21917	0.72421	13.53796	3.21851	0.21862	3.14469	0.30624	0.29113	1.98791	1.28768	4.01248	5.82917	10.15934	3.60295	0.2245	0.58252	0.49782	NA	NA	2.24379	2.93461	0.4429	1.20667	1.70044	NA	104.37778	19.1293	35.72872	106.34227	3.70545	0.79014	4.46785	8.44806	1.48639	0.2919	0.78346	4.49099	0.26661	30.21441	1.86267	17.30517	2.51032	3.16837	5.79658	19.62929	26.61765	30.37879	30.89282	6.39853	2.4021	9.79393	2.4687	2.34353	3.74707	5.13034	2.05587	4.36947	2.83412
PL6_1	5.64376	2.50467	9.98206	0.83346	0.64837	0.05311	0.13876	0.75315	0.3058	0.51802	3.9022	1.22847	5.98498	5.29096	9.75603	8.07344	14.00212	0.10189	10.04113	2.36258	7.12255	0.78868	4.429	11.545	17.28343	3.25525	1.56836	4.6699	11.8747	4.67508	0.61827	0.91455	2.35027	1.43761	12.6118	11.61362	2.73716	6.71349	5.23643	3.82276	6.15199	6.22454	2.84539	1.48432	5.1858	1.32873	2.00231	2.75771	18.99826	6.84338	9.86982	32.30503	8.16861	14.16452	13.79177	7.44434	0.48578	0.11527	0.01083	0.01985	3.36158	2.49399	NA	NA	1.11959	1.08971	0.03243	0.49277	0.02025	NA	0.52894	NA	1.60967	0.7487	0.49645	3.14582	0.82474	0.63289	0.12592	0.11221	1.95296	1.39395	1.06449	0.35183	0.45077	0.52052	0.44484	0.31726	0.72391	0.77593	0.33559	1.73217	0.56443	1.48919	0.49939	0.76981	0.37292	2.1174	0.31879	0.24729	0.31459	0.06831	5.20219	9.70336	2.14532	2.13261	0.36022	1.37252	0.02528	NA	NA	1.27542	0.62679	1.73637	2.79811	0.08101	0.41261	0.20815	0.31468	1.41671	0.23846	5.28374	3.33616	1.16613	0.55048	21.68648	0.61535	0.55685	5.10684	0.74448	0.37503	1.03598	0.03422	0.12808	0.62054	0.64066	1.18226	1.32062	3.5613	1.39845	0.03901	0.01722	0.20017	NA	NA	1.02411	1.02574	0.23014	0.32328	0.64627	0.1498	30.33393	5.57808	9.40422	31.11311	0.37367	0.29282	1.59889	0.14768	0.31088	0.03588	0.11945	1.07325	0.16107	10.21641	0.70104	5.73596	0.50791	0.52964	1.61632	6.39167	6.91841	6.32091	9.21599	2.45737	0.74518	2.35049	1.53286	NA	NA	1.12597	NA	NA	0.57836
PL7	1.70889	NA	0.25802	4.95072	3.65959	2.14453	1.06666	1.59903	3.91592	24.16579	4.63681	2.08637	2.66438	0.3081	0.31145	1.12509	1.15598	0.27925	0.76602	1.80726	NA	2.47896	7.88309	0.09462	4.14856	0.0487	0.752	1.82537	0.48105	0.66091	2.22084	0.72395	0.56589	0.76389	3.44478	2.72964	0.50748	1.93042	1.57009	0.88798	3.56587	3.20255	5.87821	0.97968	0.71376	0.35631	0.41765	0.60572	5.77139	6.69523	12.34267	6.95105	0.41768	0.56911	0.72686	1.21887	3.10403	0.83272	2.22728	NA	0.13465	1.04501	2.08318	2.34567	3.0826	5.17005	2.26569	4.69794	0.90464	NA	NA	NA	0.87236	1.12398	0.79961	6.17729	0.18854	0.67841	16.14958	7.869	0.63699	0.73832	7.93656	1.0551	5.4776	0.56903	4.00752	1.64969	10.80169	1.59089	0.94042	0.73528	1.14436	1.97542	0.12742	0.59344	0.22776	0.15037	3.88731	5.57299	6.90503	5.67397	0.20679	0.34246	0.91055	0.33562	1.13094	0.9773	0.74022	25.25009	28.81079	2.87956	1.07974	1.83638	2.18614	0.10807	1.281	1.66934	0.45149	0.75897	0.26887	4.44967	2.949	2.81122	5.32459	1.05439	4.10861	0.19506	1.56612	9.1145	2.18424	3.83447	0.42272	0.23321	2.51273	2.2543	2.31401	2.35261	0.23114	0.63503	0.5573	0.39616	0.75712	20.83564	10.1797	8.32532	8.67743	7.34424	9.25589	0.60914	1.60565	1.09485	1.91796	2.32864	1.41402	1.88849	5.10547	2.5414	20.06428	1.25412	0.4002	1.30912	1.49817	1.7666	0.62346	0.33871	0.68302	0.22035	1.74376	3.57314	0.84169	0.29715	66.67252	44.36261	3.23141	1.59716	12.88972	1.03176	1.72856	1.44013	0.4095	4.28281	6.49196	9.10857
PL7_1	NA	NA	NA	NA	NA	NA	NA	NA	NA	NA	NA	NA	NA	NA	NA	NA	NA	NA	NA	NA	NA	NA	NA	NA	NA	NA	NA	NA	NA	NA	NA	NA	NA	NA	NA	NA	NA	NA	NA	NA	NA	NA	NA	NA	NA	NA	NA	NA	NA	NA	NA	NA	NA	NA	NA	NA	NA	NA	NA	NA	NA	NA	NA	NA	NA	NA	NA	NA	NA	NA	NA	NA	NA	NA	NA	NA	NA	NA	NA	NA	NA	NA	NA	NA	NA	NA	NA	NA	NA	NA	NA	NA	NA	NA	NA	NA	NA	NA	NA	NA	NA	NA	NA	NA	NA	NA	NA	NA	NA	NA	NA	NA	NA	NA	NA	NA	NA	NA	NA	NA	NA	NA	NA	NA	NA	NA	NA	NA	NA	NA	NA	NA	NA	NA	NA	NA	NA	NA	NA	NA	NA	NA	NA	NA	NA	NA	NA	NA	NA	NA	NA	NA	NA	NA	NA	NA	NA	NA	0.02439	NA	NA	NA	NA	NA	NA	NA	NA	NA	NA	NA	NA	NA	NA	NA	NA	NA	NA	NA	NA	NA	NA	NA	NA	NA
PL8	46.04198	31.46386	58.18868	23.99476	32.31581	8.71698	6.65826	37.65162	20.3103	34.50502	37.75952	20.11291	44.23435	53.68195	66.97515	56.66911	89.45463	7.52484	63.27885	45.66735	72.31594	22.42654	58.00653	58.96108	117.1094	35.84405	50.34821	79.37927	33.72331	19.08548	15.02177	14.45933	53.1275	46.63183	71.51038	67.91899	56.08242	68.51848	41.55928	50.58256	48.35922	56.93637	46.35511	41.3408	48.27694	19.85056	17.4238	37.15235	84.81192	40.42539	63.03419	74.81435	23.49227	40.80945	60.03078	58.19577	40.62992	18.04726	21.19083	54.57801	40.97322	26.75258	44.84887	45.43511	19.87164	22.47557	24.45372	22.35711	68.35412	106.53232	19.79239	54.00677	30.77301	37.62602	73.01643	62.88797	26.37663	50.09899	32.4355	21.48532	23.86114	28.43388	45.00439	39.92413	20.08946	17.95788	19.9329	17.24538	38.16454	27.28995	8.47384	31.21794	10.29596	24.76684	11.31309	18.87904	17.91961	25.09579	15.72999	11.68776	13.42224	9.55709	22.3317	17.28214	27.08362	25.48033	27.32753	31.38064	12.01007	54.49558	68.35677	33.18723	37.42634	32.38438	62.71065	60.82452	72.06067	42.15625	71.54669	114.74999	83.80567	58.58827	21.99163	20.18531	13.49167	10.73145	11.24557	12.83047	19.18517	21.41671	15.59895	38.5905	12.07429	11.16586	22.40015	16.72886	24.68937	24.55639	33.76325	24.86328	16.83937	8.70586	25.50066	66.94062	59.84864	18.02306	21.83971	17.17798	15.3081	8.18368	14.89896	142.92788	49.13874	56.56867	141.28805	21.60744	16.9634	16.10674	10.15966	13.6015	11.91328	12.63353	21.22239	18.16289	51.82091	19.58087	39.29358	9.48597	23.81119	33.66142	43.50524	43.78504	68.02234	98.22803	23.67173	24.65724	43.26567	25.72463	21.40435	24.9225	20.46572	23.25778	26.61545	14.83338
PL8_1	NA	NA	NA	NA	NA	0.01867	NA	NA	NA	NA	NA	NA	NA	NA	NA	NA	NA	NA	NA	NA	NA	0.0205	NA	NA	NA	NA	NA	NA	NA	NA	0.08202	0.12318	0.03952	NA	0.18208	0.18943	NA	NA	0.01879	NA	NA	NA	NA	NA	NA	NA	NA	NA	0.02015	NA	NA	NA	NA	NA	NA	NA	NA	NA	NA	NA	NA	NA	NA	NA	0.01768	NA	NA	NA	NA	NA	NA	NA	NA	0.03544	NA	0.04891	0.02832	0.021	NA	NA	NA	0.04943	NA	NA	NA	0.01886	NA	NA	NA	0.02358	0.02679	NA	NA	NA	NA	NA	NA	NA	0.02953	NA	NA	0.04833	NA	NA	0.02315	NA	NA	NA	NA	0.03171	0.09268	NA	NA	NA	NA	NA	NA	NA	NA	NA	NA	NA	NA	NA	NA	NA	NA	NA	NA	NA	NA	NA	NA	NA	NA	NA	NA	NA	NA	NA	NA	NA	NA	NA	NA	NA	0.03812	NA	NA	NA	NA	0.00799	NA	NA	0.02682	NA	NA	NA	NA	NA	NA	NA	NA	NA	NA	0.02735	0.01434	NA	0.03398	NA	NA	NA	NA	NA	NA	NA	NA	NA	NA	NA	NA	NA	NA	NA
PL8_2	34.29368	29.6888	37.02824	13.40127	20.50372	1.0626	1.53649	28.30593	11.80885	24.5513	11.00512	6.59425	15.30056	19.58176	21.00014	15.84697	29.69072	4.4207	44.11483	25.14552	44.63609	12.19113	40.45919	50.33418	73.1346	20.3001	29.94675	62.12929	7.53682	3.05435	2.11372	2.84667	120.6301	101.171	36.71346	36.37301	45.93696	84.16757	18.54533	16.98555	35.59567	39.65118	28.06433	25.98702	11.79476	5.58196	7.8656	7.89365	71.48427	25.68155	40.54974	77.47882	7.29674	5.94747	43.32204	32.64308	49.58525	17.37944	0.10292	0.2477	20.80327	10.01521	0.20422	0.36363	7.60133	8.21472	0.16121	5.72045	0.50854	0.3255	4.31238	0.175	27.85439	33.62554	75.05531	41.66271	14.49991	28.98873	17.22035	14.72474	9.05873	9.50571	17.0299	23.52691	23.76618	7.78668	7.71459	6.49096	11.37099	11.90096	3.47261	14.84774	3.77255	22.74876	3.14172	3.29112	12.39372	14.73616	1.07371	1.89171	1.64175	1.03735	4.75982	2.72908	5.92992	2.45961	4.70827	13.56373	7.27986	43.95755	49.48365	12.103	9.15759	15.31146	51.56143	52.33396	52.73832	21.13606	34.4815	80.72353	62.48233	31.5789	10.23916	9.6358	5.37014	24.31329	4.17658	2.07742	15.8218	9.45432	8.85401	14.70155	2.18242	2.90317	7.63841	4.76863	8.54684	9.06452	32.78462	18.18587	11.91222	7.88076	23.07372	41.42616	36.62079	7.94231	7.14962	9.01722	4.52883	3.97073	1.02796	75.42471	23.20674	29.08161	73.38537	1.35929	6.58915	11.13128	2.87782	6.49607	3.24143	4.3307	10.18929	5.0584	36.92357	4.34128	18.77008	1.57111	6.87928	13.94258	29.3277	25.47091	47.7417	63.14361	9.09484	5.06959	11.36986	5.99803	10.30976	11.05645	3.48648	6.35121	13.71852	5.1718
PL8_3	29.67549	34.15021	15.03691	2.71953	3.06322	0.77868	1.12011	9.76237	8.03934	5.54736	11.5718	5.4338	16.28961	26.02636	36.72679	27.57003	48.20341	0.93015	49.70279	8.40739	16.62448	3.41773	23.26565	10.21244	66.51768	4.12747	15.43042	38.81734	7.91739	2.79903	2.49399	3.98887	8.87963	8.42505	29.05133	27.34682	20.96075	26.24812	0.03898	0.00918	12.40502	13.71427	10.2169	7.06232	11.28776	2.37396	1.38609	3.55717	21.36895	6.91825	11.69981	41.07424	7.01075	7.64948	16.58109	24.40738	7.5974	5.34578	0.0478	0.01999	14.7878	5.73022	NA	NA	6.87155	7.13301	2.21849	4.16949	41.48637	75.09865	4.78245	23.65251	32.6683	44.26472	37.70368	16.40521	8.34634	15.41747	1.30697	2.19795	4.04949	5.91529	9.63125	10.81923	1.97412	1.62384	2.21567	2.37703	1.09229	4.44993	1.50683	10.4584	1.99713	5.02046	3.04682	2.61394	2.77273	3.0029	1.85263	1.31986	2.04775	1.05963	5.61068	4.00513	5.84043	6.06431	5.21731	6.04002	0.91953	8.16776	9.61543	4.48384	5.1355	9.95371	20.3821	1.86752	4.59253	10.57878	19.16526	10.58028	4.89526	19.13174	6.85729	7.42213	3.01648	0.67819	0.20205	0.30862	0.34117	3.49387	1.85301	5.1555	1.46546	1.95115	3.86457	1.88055	3.48128	2.62439	4.64972	2.15544	5.41959	4.23186	2.73547	9.35216	6.49896	4.66053	4.00027	4.79019	2.30805	3.01739	0.18689	93.74966	25.3621	33.09123	96.35488	1.11539	5.87223	15.81641	2.46598	9.31811	1.10527	1.33996	4.8087	1.42859	25.53262	3.02701	16.40594	0.56406	3.27194	6.04641	0.02319	0.0792	31.61071	55.32483	5.89067	1.93762	14.43703	2.43239	0.27576	0.08688	2.11534	NA	0.16768	4.72402
PL9	19.375	1.76092	9.94356	19.17638	15.76306	60.36157	32.78733	32.75365	3.93408	4.94716	32.55598	37.36086	44.08186	10.86766	15.43746	18.47084	22.07463	58.30896	8.36989	18.25055	4.32446	27.75766	17.08001	14.66996	29.75168	21.57476	6.7321	14.34111	36.18006	27.49839	8.28489	40.67778	21.98609	20.6279	6.75449	6.673	33.10744	20.61601	2.06752	4.06659	6.89107	12.07159	24.74942	15.91621	5.28633	15.72402	3.35575	6.61651	7.91394	4.9465	28.25359	30.3583	32.19206	34.88236	26.60373	37.28909	10.08133	13.82235	24.97823	3.3121	55.59839	6.82448	35.81506	32.60127	115.04531	116.90686	22.47772	93.70163	3.98307	0.04162	6.58677	21.43104	11.85966	4.00231	27.66904	20.8705	13.93278	5.5863	29.96823	8.17259	6.05377	11.85282	53.2129	40.84002	16.70727	18.85306	19.81274	5.67073	5.18282	9.8785	8.49722	10.38744	3.29927	16.34184	6.86143	13.20525	12.44457	9.86996	3.4089	8.89272	11.70748	12.81446	9.04184	12.594	4.44513	7.163	10.52802	15.90329	7.15841	42.8718	58.01769	8.52009	4.61625	26.03971	27.44861	35.9523	18.0528	10.57393	6.17919	52.48343	10.525	25.33203	14.48789	10.78263	102.36325	2.25513	9.62561	27.26757	15.07897	15.35335	17.54738	6.25246	5.18989	7.06723	18.07168	6.95938	18.47751	17.42749	11.04957	7.31089	4.57495	10.38915	11.46758	30.14131	15.64365	17.67097	12.82435	13.22361	12.87347	32.12176	42.10692	12.54864	16.50666	5.22099	13.09244	51.21046	7.22164	27.4552	13.83671	1.30574	3.46607	5.61738	2.23315	23.99965	14.86921	14.05619	14.20184	4.38444	4.32993	7.74728	6.70636	3.58526	70.54172	40.23886	7.13733	2.53492	5.03583	9.92038	15.65196	18.03759	3.9274	6.33833	8.53712	160.33762
PL9_1	47.67541	9.41354	10.89367	39.04905	28.06192	44.93237	45.58872	49.42706	18.26449	27.7777	68.56538	81.10885	63.79115	16.06146	24.54599	20.62108	37.09324	29.49556	45.09745	55.5591	6.76286	44.90559	66.61485	14.46299	57.87356	11.74903	56.77259	49.09634	19.13651	19.79708	31.69505	73.03303	71.12559	55.8978	36.40227	34.41225	48.85179	57.95598	5.5843	19.25912	28.32895	22.09489	63.22182	22.52914	9.05367	20.65328	5.65267	22.04538	23.72707	11.44223	53.71623	53.50723	45.43836	28.06332	48.60304	35.9517	84.50769	75.07028	62.23231	27.86518	79.62616	8.79147	93.2401	94.81681	14.75832	22.10659	36.81826	17.3657	10.3602	9.03389	4.84322	19.01974	26.84391	12.2536	49.17833	49.69561	23.41048	15.5924	61.28033	28.42159	39.40557	45.9569	94.03335	56.42006	15.24725	11.12841	43.65244	15.55633	13.92703	18.35453	9.19518	16.70244	3.71435	11.39502	6.15068	11.61754	6.69665	16.52154	9.71281	40.71191	12.80678	61.73052	4.97041	4.91246	10.37849	8.04371	23.89834	58.37384	30.6708	112.52563	155.3133	12.48802	10.38895	51.77106	38.97291	23.99954	17.72577	20.14934	11.19803	31.79694	9.26692	62.3849	34.60115	26.8727	143.57435	3.0938	10.56427	11.52598	31.64174	55.12913	24.9031	29.87892	2.7398	2.81016	34.08394	19.07402	33.46781	34.11948	13.00099	15.65471	6.71434	8.91217	36.92194	69.28819	73.66403	29.71666	28.65944	22.51217	31.14726	19.67875	17.08233	12.763	18.60082	14.13469	12.62315	85.21267	27.88577	35.67903	92.5165	11.69067	6.3282	21.59772	19.58437	50.28002	29.02009	19.28333	23.93875	6.19055	16.33835	22.81687	11.05229	9.45641	116.23073	74.34214	25.40627	10.52977	18.06454	22.47609	10.97719	9.78824	20.24963	22.67691	38.56321	29.62989
PL9_2	1.70182	1.30911	2.55544	2.5982	5.26513	1.49673	0.91231	12.14197	1.07624	0.07619	0.14628	0.36724	1.27377	1.01997	1.80548	4.23865	1.93937	19.81814	0.96555	13.60923	0.87657	3.77049	2.50944	3.70939	7.44401	6.94139	0.88487	5.66019	0.38429	0.74138	1.37946	3.04556	2.345	2.14432	0.5035	0.47892	6.92001	2.07675	NA	0.02566	0.22014	2.7731	3.79268	2.20447	2.82489	3.20806	2.39662	1.49006	0.0072	1.62511	4.61253	2.76162	0.36713	0.29648	13.49779	21.78996	20.04745	20.15764	2.80217	NA	19.05086	7.74598	4.71332	4.25853	4.97852	5.90012	1.51359	3.08326	0.47716	NA	2.30091	5.53634	2.33787	0.86695	27.58556	13.42212	11.46892	15.27656	2.6554	3.50481	0.73805	1.65681	2.90543	5.28846	6.24563	6.20266	1.67617	1.56089	0.82041	2.92879	1.56257	2.38029	0.27058	6.70921	1.03813	1.86035	8.79774	2.05858	0.09587	0.93044	1.77023	0.53918	0.4421	0.22462	1.4888	1.44876	1.17538	3.86739	5.92516	1.72983	0.99101	8.5265	1.13574	8.67804	3.77271	14.51197	13.82631	17.35222	9.07724	32.65961	16.49234	2.03662	1.78102	3.72094	1.03944	0.25162	1.11891	1.78552	1.21576	4.38875	3.72602	9.94377	2.53114	4.01017	1.21237	1.1342	2.31156	2.81338	1.40317	2.85002	5.56459	4.45525	30.66658	3.79538	1.04512	3.36689	1.50516	2.58915	0.28052	2.51863	0.64575	4.72763	4.98863	4.99847	4.3529	0.65077	1.23564	7.31264	3.55812	1.02646	2.88192	1.68144	1.9741	0.8444	2.6644	7.12608	2.09946	1.64907	6.46725	11.42975	NA	0.01573	8.29952	16.89935	2.37775	0.80911	1.13084	1.72784	18.74307	19.27916	1.3225	16.96489	41.76054	4.00926
PL9_4	NA	NA	NA	NA	NA	NA	NA	NA	NA	NA	NA	NA	NA	NA	NA	NA	NA	NA	NA	NA	NA	NA	0.09437	NA	NA	NA	NA	NA	NA	NA	NA	NA	NA	NA	NA	NA	0.12954	NA	NA	NA	NA	NA	NA	NA	NA	NA	NA	NA	0.79341	NA	NA	0.03243	NA	NA	NA	NA	NA	NA	NA	NA	NA	NA	NA	NA	NA	NA	NA	NA	NA	NA	NA	NA	NA	NA	NA	NA	NA	NA	NA	NA	NA	NA	NA	NA	NA	NA	NA	0.06184	NA	NA	NA	NA	NA	NA	NA	NA	0.12791	NA	NA	NA	NA	NA	0.0358	NA	NA	0.15691	NA	NA	NA	NA	NA	NA	NA	NA	NA	NA	NA	NA	NA	NA	NA	NA	NA	NA	0.07882	NA	0.05023	NA	0.03675	NA	NA	NA	NA	NA	NA	NA	NA	NA	NA	NA	NA	NA	NA	NA	NA	NA	NA	NA	NA	NA	NA	NA	NA	NA	NA	NA	NA	NA	NA	NA	0.04253	NA	NA	NA	NA	NA	NA	NA	NA	NA	NA	NA	NA	NA	NA	NA	NA	NA	0.20594	0.04756	NA	NA	NA	NA
