Run,Assay Type,AvgSpotLen,Bases,BioProject,BioSample,BioSampleModel,Bytes,Center Name,Collection_Date,Consent,DATASTORE filetype,DATASTORE provider,DATASTORE region,env_broad_scale,env_local_scale,env_medium,Experiment,geo_loc_name_country,geo_loc_name_country_continent,geo_loc_name,HOST,Instrument,isolate,lat_lon,Library Name,LibraryLayout,LibrarySelection,LibrarySource,Organism,Platform,ReleaseDate,create_date,version,Sample Name,SRA Study
SRR25367496,AMPLICON,502,25581418,PRJNA944997,SAMN36658471,"MIMARKS.survey,MIGS/MIMS/MIMARKS.human-gut",16095159,CORNELL UNIVERSITY,2020-10-06/2021-12-16,public,"fastq,run.zq,sra","gs,ncbi,s3","gs.us-east1,ncbi.public,s3.us-east-1",human body,distal gut,stool,SRX21107168,USA,North America,USA,Homo sapiens,Illumina MiSeq,334TP02,42.4440 N 76.5019 W,334TP02,PAIRED,PCR,METAGENOMIC,human gut metagenome,ILLUMINA,2025-01-01T00:00:00Z,2023-07-20T15:26:00Z,1,334TP02,SRP450576
SRR25367497,AMPLICON,502,24169794,PRJNA944997,SAMN36657991,"MIMARKS.survey,MIGS/MIMS/MIMARKS.human-gut",13739708,CORNELL UNIVERSITY,2020-10-06/2021-12-16,public,"fastq,run.zq,sra","gs,ncbi,s3","gs.us-east1,ncbi.public,s3.us-east-1",human body,distal gut,stool,SRX21107167,USA,North America,USA,Homo sapiens,Illumina MiSeq,334TP01,42.4440 N 76.5019 W,334TP01,PAIRED,PCR,METAGENOMIC,human gut metagenome,ILLUMINA,2025-01-01T00:00:00Z,2023-07-20T15:26:00Z,1,334TP01,SRP450576
SRR25367502,AMPLICON,502,39710208,PRJNA944997,SAMN36658395,"MIMARKS.survey,MIGS/MIMS/MIMARKS.human-gut",25302856,CORNELL UNIVERSITY,2020-10-06/2021-12-16,public,"fastq,run.zq,sra","gs,ncbi,s3","gs.us-east1,ncbi.public,s3.us-east-1",human body,distal gut,stool,SRX21107162,USA,North America,USA,Homo sapiens,Illumina MiSeq,321TP02,42.4440 N 76.5019 W,321TP02,PAIRED,PCR,METAGENOMIC,human gut metagenome,ILLUMINA,2025-01-01T00:00:00Z,2023-07-20T15:27:00Z,1,321TP02,SRP450576
SRR25367503,AMPLICON,502,21328976,PRJNA944997,SAMN36658153,"MIMARKS.survey,MIGS/MIMS/MIMARKS.human-gut",12038788,CORNELL UNIVERSITY,2020-10-06/2021-12-16,public,"fastq,run.zq,sra","gs,ncbi,s3","gs.us-east1,ncbi.public,s3.us-east-1",human body,distal gut,stool,SRX21107161,USA,North America,USA,Homo sapiens,Illumina MiSeq,388TP09,42.4440 N 76.5019 W,388TP09,PAIRED,PCR,METAGENOMIC,human gut metagenome,ILLUMINA,2025-01-01T00:00:00Z,2023-07-20T15:26:00Z,1,388TP09,SRP450576
SRR25367505,AMPLICON,502,22939392,PRJNA944997,SAMN36658843,"MIGS/MIMS/MIMARKS.human-gut,MIMARKS.survey",14921199,CORNELL UNIVERSITY,2020-10-06/2021-12-16,public,"fastq,run.zq,sra","gs,ncbi,s3","gs.us-east1,ncbi.public,s3.us-east-1",human body,distal gut,stool,SRX21107159,USA,North America,USA,Homo sapiens,Illumina MiSeq,388TP07.2,42.4440 N 76.5019 W,388TP07.2,PAIRED,PCR,METAGENOMIC,human gut metagenome,ILLUMINA,2025-01-01T00:00:00Z,2023-07-20T15:26:00Z,1,388TP07.2,SRP450576
SRR25367521,AMPLICON,502,37686144,PRJNA944997,SAMN36658515,"MIMARKS.survey,MIGS/MIMS/MIMARKS.human-gut",24009366,CORNELL UNIVERSITY,2020-10-06/2021-12-16,public,"fastq,run.zq,sra","gs,ncbi,s3","gs.us-east1,ncbi.public,s3.us-east-1",human body,distal gut,stool,SRX21107143,USA,North America,USA,Homo sapiens,Illumina MiSeq,387TP08,42.4440 N 76.5019 W,387TP08,PAIRED,PCR,METAGENOMIC,human gut metagenome,ILLUMINA,2025-01-01T00:00:00Z,2023-07-20T15:26:00Z,1,387TP08,SRP450576
SRR25367522,AMPLICON,502,20261222,PRJNA944997,SAMN36658844,"MIMARKS.survey,MIGS/MIMS/MIMARKS.human-gut",13270156,CORNELL UNIVERSITY,2020-10-06/2021-12-16,public,"fastq,run.zq,sra","gs,ncbi,s3","gs.us-east1,ncbi.public,s3.us-east-1",human body,distal gut,stool,SRX21107142,USA,North America,USA,Homo sapiens,Illumina MiSeq,387TP07.2,42.4440 N 76.5019 W,387TP07.2,PAIRED,PCR,METAGENOMIC,human gut metagenome,ILLUMINA,2025-01-01T00:00:00Z,2023-07-20T15:26:00Z,1,387TP07.2,SRP450576
SRR25367523,AMPLICON,502,11998804,PRJNA944997,SAMN36658382,"MIMARKS.survey,MIGS/MIMS/MIMARKS.human-gut",6813638,CORNELL UNIVERSITY,2020-10-06/2021-12-16,public,"fastq,run.zq,sra","gs,ncbi,s3","gs.us-east1,ncbi.public,s3.us-east-1",human body,distal gut,stool,SRX21107141,USA,North America,USA,Homo sapiens,Illumina MiSeq,387TP07,42.4440 N 76.5019 W,387TP07,PAIRED,PCR,METAGENOMIC,human gut metagenome,ILLUMINA,2025-01-01T00:00:00Z,2023-07-20T15:26:00Z,1,387TP07,SRP450576
SRR25367524,AMPLICON,502,50867158,PRJNA944997,SAMN36658381,"MIMARKS.survey,MIGS/MIMS/MIMARKS.human-gut",30756476,CORNELL UNIVERSITY,2020-10-06/2021-12-16,public,"fastq,run.zq,sra","gs,ncbi,s3","gs.us-east1,ncbi.public,s3.us-east-1",human body,distal gut,stool,SRX21107140,USA,North America,USA,Homo sapiens,Illumina MiSeq,387TP06,42.4440 N 76.5019 W,387TP06,PAIRED,PCR,METAGENOMIC,human gut metagenome,ILLUMINA,2025-01-01T00:00:00Z,2023-07-20T15:26:00Z,1,387TP06,SRP450576
SRR25367530,AMPLICON,502,28234488,PRJNA944997,SAMN36658578,"MIMARKS.survey,MIGS/MIMS/MIMARKS.human-gut",16373536,CORNELL UNIVERSITY,2020-10-06/2021-12-16,public,"fastq,run.zq,sra","gs,ncbi,s3","gs.us-east1,ncbi.public,s3.us-east-1",human body,distal gut,stool,SRX21107134,USA,North America,USA,Homo sapiens,Illumina MiSeq,386TP05,42.4440 N 76.5019 W,386TP05,PAIRED,PCR,METAGENOMIC,human gut metagenome,ILLUMINA,2025-01-01T00:00:00Z,2023-07-20T15:26:00Z,1,386TP05,SRP450576
SRR25367531,AMPLICON,502,38886928,PRJNA944997,SAMN36658810,"MIMARKS.survey,MIGS/MIMS/MIMARKS.human-gut",25796894,CORNELL UNIVERSITY,2020-10-06/2021-12-16,public,"fastq,run.zq,sra","gs,ncbi,s3","gs.us-east1,ncbi.public,s3.us-east-1",human body,distal gut,stool,SRX21107133,USA,North America,USA,Homo sapiens,Illumina MiSeq,386TP04.2,42.4440 N 76.5019 W,386TP04.2,PAIRED,PCR,METAGENOMIC,human gut metagenome,ILLUMINA,2025-01-01T00:00:00Z,2023-07-20T15:26:00Z,1,386TP04.2,SRP450576
SRR25367532,AMPLICON,502,21681380,PRJNA944997,SAMN36658266,"MIMARKS.survey,MIGS/MIMS/MIMARKS.human-gut",12633349,CORNELL UNIVERSITY,2020-10-06/2021-12-16,public,"fastq,run.zq,sra","gs,ncbi,s3","gs.us-east1,ncbi.public,s3.us-east-1",human body,distal gut,stool,SRX21107132,USA,North America,USA,Homo sapiens,Illumina MiSeq,386TP04,42.4440 N 76.5019 W,386TP04,PAIRED,PCR,METAGENOMIC,human gut metagenome,ILLUMINA,2025-01-01T00:00:00Z,2023-07-20T15:26:00Z,1,386TP04,SRP450576
SRR25367533,AMPLICON,502,32143562,PRJNA944997,SAMN36658265,"MIMARKS.survey,MIGS/MIMS/MIMARKS.human-gut",20663270,CORNELL UNIVERSITY,2020-10-06/2021-12-16,public,"fastq,run.zq,sra","gs,ncbi,s3","gs.us-east1,ncbi.public,s3.us-east-1",human body,distal gut,stool,SRX21107131,USA,North America,USA,Homo sapiens,Illumina MiSeq,386TP03,42.4440 N 76.5019 W,386TP03,PAIRED,PCR,METAGENOMIC,human gut metagenome,ILLUMINA,2025-01-01T00:00:00Z,2023-07-20T15:26:00Z,1,386TP03,SRP450576
SRR25367534,AMPLICON,502,45380298,PRJNA944997,SAMN36658514,"MIMARKS.survey,MIGS/MIMS/MIMARKS.human-gut",28960872,CORNELL UNIVERSITY,2020-10-06/2021-12-16,public,"fastq,run.zq,sra","gs,ncbi,s3","gs.us-east1,ncbi.public,s3.us-east-1",human body,distal gut,stool,SRX21107130,USA,North America,USA,Homo sapiens,Illumina MiSeq,386TP02,42.4440 N 76.5019 W,386TP02,PAIRED,PCR,METAGENOMIC,human gut metagenome,ILLUMINA,2025-01-01T00:00:00Z,2023-07-20T15:26:00Z,1,386TP02,SRP450576
SRR25367535,AMPLICON,502,21478070,PRJNA944997,SAMN36658139,"MIMARKS.survey,MIGS/MIMS/MIMARKS.human-gut",12649380,CORNELL UNIVERSITY,2020-10-06/2021-12-16,public,"fastq,run.zq,sra","gs,ncbi,s3","gs.us-east1,ncbi.public,s3.us-east-1",human body,distal gut,stool,SRX21107129,USA,North America,USA,Homo sapiens,Illumina MiSeq,374TP10,42.4440 N 76.5019 W,374TP10,PAIRED,PCR,METAGENOMIC,human gut metagenome,ILLUMINA,2025-01-01T00:00:00Z,2023-07-20T15:26:00Z,1,374TP10,SRP450576
SRR25367536,AMPLICON,502,21921838,PRJNA944997,SAMN36658138,"MIMARKS.survey,MIGS/MIMS/MIMARKS.human-gut",12313521,CORNELL UNIVERSITY,2020-10-06/2021-12-16,public,"fastq,run.zq,sra","gs,ncbi,s3","gs.us-east1,ncbi.public,s3.us-east-1",human body,distal gut,stool,SRX21107128,USA,North America,USA,Homo sapiens,Illumina MiSeq,374TP09,42.4440 N 76.5019 W,374TP09,PAIRED,PCR,METAGENOMIC,human gut metagenome,ILLUMINA,2025-01-01T00:00:00Z,2023-07-20T15:26:00Z,1,374TP09,SRP450576
SRR25367537,AMPLICON,502,39862314,PRJNA944997,SAMN36658442,"MIMARKS.survey,MIGS/MIMS/MIMARKS.human-gut",25255080,CORNELL UNIVERSITY,2020-10-06/2021-12-16,public,"fastq,run.zq,sra","gs,ncbi,s3","gs.us-east1,ncbi.public,s3.us-east-1",human body,distal gut,stool,SRX21107127,USA,North America,USA,Homo sapiens,Illumina MiSeq,374TP08,42.4440 N 76.5019 W,374TP08,PAIRED,PCR,METAGENOMIC,human gut metagenome,ILLUMINA,2025-01-01T00:00:00Z,2023-07-20T15:26:00Z,1,374TP08,SRP450576
SRR25367538,AMPLICON,502,53518220,PRJNA944997,SAMN36658371,"MIMARKS.survey,MIGS/MIMS/MIMARKS.human-gut",32512568,CORNELL UNIVERSITY,2020-10-06/2021-12-16,public,"fastq,run.zq,sra","gs,ncbi,s3","gs.us-east1,ncbi.public,s3.us-east-1",human body,distal gut,stool,SRX21107126,USA,North America,USA,Homo sapiens,Illumina MiSeq,374TP06,42.4440 N 76.5019 W,374TP06,PAIRED,PCR,METAGENOMIC,human gut metagenome,ILLUMINA,2025-01-01T00:00:00Z,2023-07-20T15:26:00Z,1,374TP06,SRP450576
SRR25367539,AMPLICON,502,30226424,PRJNA944997,SAMN36658572,"MIMARKS.survey,MIGS/MIMS/MIMARKS.human-gut",17738474,CORNELL UNIVERSITY,2020-10-06/2021-12-16,public,"fastq,run.zq,sra","gs,ncbi,s3","gs.us-east1,ncbi.public,s3.us-east-1",human body,distal gut,stool,SRX21107125,USA,North America,USA,Homo sapiens,Illumina MiSeq,374TP05,42.4440 N 76.5019 W,374TP05,PAIRED,PCR,METAGENOMIC,human gut metagenome,ILLUMINA,2025-01-01T00:00:00Z,2023-07-20T15:26:00Z,1,374TP05,SRP450576
SRR25367540,AMPLICON,502,24501114,PRJNA944997,SAMN36658764,"MIMARKS.survey,MIGS/MIMS/MIMARKS.human-gut",14366094,CORNELL UNIVERSITY,2020-10-06/2021-12-16,public,"fastq,run.zq,sra","gs,ncbi,s3","gs.us-east1,ncbi.public,s3.us-east-1",human body,distal gut,stool,SRX21107124,USA,North America,USA,Homo sapiens,Illumina MiSeq,374TP04.2,42.4440 N 76.5019 W,374TP04.2,PAIRED,PCR,METAGENOMIC,human gut metagenome,ILLUMINA,2025-01-01T00:00:00Z,2023-07-20T15:26:00Z,1,374TP04.2,SRP450576
SRR25367541,AMPLICON,502,42847206,PRJNA944997,SAMN36658254,"MIMARKS.survey,MIGS/MIMS/MIMARKS.human-gut",28778883,CORNELL UNIVERSITY,2020-10-06/2021-12-16,public,"fastq,run.zq,sra","gs,ncbi,s3","gs.us-east1,ncbi.public,s3.us-east-1",human body,distal gut,stool,SRX21107123,USA,North America,USA,Homo sapiens,Illumina MiSeq,374TP04,42.4440 N 76.5019 W,374TP04,PAIRED,PCR,METAGENOMIC,human gut metagenome,ILLUMINA,2025-01-01T00:00:00Z,2023-07-20T15:26:00Z,1,374TP04,SRP450576
SRR25367542,AMPLICON,502,18612152,PRJNA944997,SAMN36658253,"MIMARKS.survey,MIGS/MIMS/MIMARKS.human-gut",10510331,CORNELL UNIVERSITY,2020-10-06/2021-12-16,public,"fastq,run.zq,sra","gs,ncbi,s3","gs.us-east1,ncbi.public,s3.us-east-1",human body,distal gut,stool,SRX21107122,USA,North America,USA,Homo sapiens,Illumina MiSeq,374TP03.rerun,42.4440 N 76.5019 W,374TP03.rerun,PAIRED,PCR,METAGENOMIC,human gut metagenome,ILLUMINA,2025-01-01T00:00:00Z,2023-07-20T15:26:00Z,1,374TP03.rerun,SRP450576
SRR25367543,AMPLICON,502,37663052,PRJNA944997,SAMN36658507,"MIMARKS.survey,MIGS/MIMS/MIMARKS.human-gut",23830705,CORNELL UNIVERSITY,2020-10-06/2021-12-16,public,"fastq,run.zq,sra","gs,ncbi,s3","gs.us-east1,ncbi.public,s3.us-east-1",human body,distal gut,stool,SRX21107121,USA,North America,USA,Homo sapiens,Illumina MiSeq,374TP02,42.4440 N 76.5019 W,374TP02,PAIRED,PCR,METAGENOMIC,human gut metagenome,ILLUMINA,2025-01-01T00:00:00Z,2023-07-20T15:26:00Z,1,374TP02,SRP450576
SRR25367544,AMPLICON,502,33865924,PRJNA944997,SAMN36658462,"MIMARKS.survey,MIGS/MIMS/MIMARKS.human-gut",21522920,CORNELL UNIVERSITY,2020-10-06/2021-12-16,public,"fastq,run.zq,sra","gs,ncbi,s3","gs.us-east1,ncbi.public,s3.us-east-1",human body,distal gut,stool,SRX21107120,USA,North America,USA,Homo sapiens,Illumina MiSeq,325TP08,42.4440 N 76.5019 W,325TP08,PAIRED,PCR,METAGENOMIC,human gut metagenome,ILLUMINA,2025-01-01T00:00:00Z,2023-07-20T15:26:00Z,1,325TP08,SRP450576
SRR25367545,AMPLICON,502,29829844,PRJNA944997,SAMN36658028,"MIMARKS.survey,MIGS/MIMS/MIMARKS.human-gut",17118367,CORNELL UNIVERSITY,2020-10-06/2021-12-16,public,"fastq,run.zq,sra","gs,ncbi,s3","gs.us-east1,ncbi.public,s3.us-east-1",human body,distal gut,stool,SRX21107119,USA,North America,USA,Homo sapiens,Illumina MiSeq,374TP01.rerun,42.4440 N 76.5019 W,374TP01.rerun,PAIRED,PCR,METAGENOMIC,human gut metagenome,ILLUMINA,2025-01-01T00:00:00Z,2023-07-20T15:26:00Z,1,374TP01.rerun,SRP450576
SRR25367546,AMPLICON,502,31079824,PRJNA944997,SAMN36658441,"MIMARKS.survey,MIGS/MIMS/MIMARKS.human-gut",19921730,CORNELL UNIVERSITY,2020-10-06/2021-12-16,public,"fastq,run.zq,sra","gs,ncbi,s3","gs.us-east1,ncbi.public,s3.us-east-1",human body,distal gut,stool,SRX21107118,USA,North America,USA,Homo sapiens,Illumina MiSeq,373TP02,42.4440 N 76.5019 W,373TP02,PAIRED,PCR,METAGENOMIC,human gut metagenome,ILLUMINA,2025-01-01T00:00:00Z,2023-07-20T15:26:00Z,1,373TP02,SRP450576
SRR25367547,AMPLICON,502,28769620,PRJNA944997,SAMN36658027,"MIMARKS.survey,MIGS/MIMS/MIMARKS.human-gut",16073916,CORNELL UNIVERSITY,2020-10-06/2021-12-16,public,"fastq,run.zq,sra","gs,ncbi,s3","gs.us-east1,ncbi.public,s3.us-east-1",human body,distal gut,stool,SRX21107117,USA,North America,USA,Homo sapiens,Illumina MiSeq,373TP01,42.4440 N 76.5019 W,373TP01,PAIRED,PCR,METAGENOMIC,human gut metagenome,ILLUMINA,2025-01-01T00:00:00Z,2023-07-20T15:26:00Z,1,373TP01,SRP450576
SRR25367548,AMPLICON,502,34678160,PRJNA944997,SAMN36658669,"MIMARKS.survey,MIGS/MIMS/MIMARKS.human-gut",20798426,CORNELL UNIVERSITY,2020-10-06/2021-12-16,public,"fastq,run.zq,sra","gs,ncbi,s3","gs.us-east1,ncbi.public,s3.us-east-1",human body,distal gut,stool,SRX21107116,USA,North America,USA,Homo sapiens,Illumina MiSeq,372TP12.rerun,42.4440 N 76.5019 W,372TP12.rerun,PAIRED,PCR,METAGENOMIC,human gut metagenome,ILLUMINA,2025-01-01T00:00:00Z,2023-07-20T15:26:00Z,1,372TP12.rerun,SRP450576
SRR25367549,AMPLICON,502,24926810,PRJNA944997,SAMN36658668,"MIMARKS.survey,MIGS/MIMS/MIMARKS.human-gut",15121516,CORNELL UNIVERSITY,2020-10-06/2021-12-16,public,"fastq,run.zq,sra","gs,ncbi,s3","gs.us-east1,ncbi.public,s3.us-east-1",human body,distal gut,stool,SRX21107115,USA,North America,USA,Homo sapiens,Illumina MiSeq,372TP11,42.4440 N 76.5019 W,372TP11,PAIRED,PCR,METAGENOMIC,human gut metagenome,ILLUMINA,2025-01-01T00:00:00Z,2023-07-20T15:26:00Z,1,372TP11,SRP450576
SRR25367550,AMPLICON,502,34949240,PRJNA944997,SAMN36658694,"MIMARKS.survey,MIGS/MIMS/MIMARKS.human-gut",20652054,CORNELL UNIVERSITY,2020-10-06/2021-12-16,public,"fastq,run.zq,sra","gs,ncbi,s3","gs.us-east1,ncbi.public,s3.us-east-1",human body,distal gut,stool,SRX21107114,USA,North America,USA,Homo sapiens,Illumina MiSeq,372TP10.2,42.4440 N 76.5019 W,372TP10.2,PAIRED,PCR,METAGENOMIC,human gut metagenome,ILLUMINA,2025-01-01T00:00:00Z,2023-07-20T15:26:00Z,1,372TP10.2,SRP450576
SRR25367551,AMPLICON,502,59593926,PRJNA944997,SAMN36658137,"MIMARKS.survey,MIGS/MIMS/MIMARKS.human-gut",40241283,CORNELL UNIVERSITY,2020-10-06/2021-12-16,public,"fastq,run.zq,sra","gs,ncbi,s3","gs.us-east1,ncbi.public,s3.us-east-1",human body,distal gut,stool,SRX21107113,USA,North America,USA,Homo sapiens,Illumina MiSeq,372TP10,42.4440 N 76.5019 W,372TP10,PAIRED,PCR,METAGENOMIC,human gut metagenome,ILLUMINA,2025-01-01T00:00:00Z,2023-07-20T15:26:00Z,1,372TP10,SRP450576
SRR25367552,AMPLICON,502,23067402,PRJNA944997,SAMN36658136,"MIMARKS.survey,MIGS/MIMS/MIMARKS.human-gut",13312779,CORNELL UNIVERSITY,2020-10-06/2021-12-16,public,"fastq,run.zq,sra","gs,ncbi,s3","gs.us-east1,ncbi.public,s3.us-east-1",human body,distal gut,stool,SRX21107112,USA,North America,USA,Homo sapiens,Illumina MiSeq,372TP09,42.4440 N 76.5019 W,372TP09,PAIRED,PCR,METAGENOMIC,human gut metagenome,ILLUMINA,2025-01-01T00:00:00Z,2023-07-20T15:26:00Z,1,372TP09,SRP450576
SRR25367553,AMPLICON,502,31910634,PRJNA944997,SAMN36658440,"MIMARKS.survey,MIGS/MIMS/MIMARKS.human-gut",20421958,CORNELL UNIVERSITY,2020-10-06/2021-12-16,public,"fastq,run.zq,sra","gs,ncbi,s3","gs.us-east1,ncbi.public,s3.us-east-1",human body,distal gut,stool,SRX21107111,USA,North America,USA,Homo sapiens,Illumina MiSeq,372TP08,42.4440 N 76.5019 W,372TP08,PAIRED,PCR,METAGENOMIC,human gut metagenome,ILLUMINA,2025-01-01T00:00:00Z,2023-07-20T15:26:00Z,1,372TP08,SRP450576
SRR25367554,AMPLICON,502,24167786,PRJNA944997,SAMN36658765,"MIMARKS.survey,MIGS/MIMS/MIMARKS.human-gut",14109390,CORNELL UNIVERSITY,2020-10-06/2021-12-16,public,"fastq,run.zq,sra","gs,ncbi,s3","gs.us-east1,ncbi.public,s3.us-east-1",human body,distal gut,stool,SRX21107110,USA,North America,USA,Homo sapiens,Illumina MiSeq,372TP07.2,42.4440 N 76.5019 W,372TP07.2,PAIRED,PCR,METAGENOMIC,human gut metagenome,ILLUMINA,2025-01-01T00:00:00Z,2023-07-20T15:26:00Z,1,372TP07.2,SRP450576
SRR25367555,AMPLICON,502,54104054,PRJNA944997,SAMN36658740,"MIMARKS.survey,MIGS/MIMS/MIMARKS.human-gut",36426884,CORNELL UNIVERSITY,2020-10-06/2021-12-16,public,"fastq,run.zq,sra","gs,ncbi,s3","gs.us-east1,ncbi.public,s3.us-east-1",human body,distal gut,stool,SRX21107109,USA,North America,USA,Homo sapiens,Illumina MiSeq,325TP07.2,42.4440 N 76.5019 W,325TP07.2,PAIRED,PCR,METAGENOMIC,human gut metagenome,ILLUMINA,2025-01-01T00:00:00Z,2023-07-20T15:26:00Z,1,325TP07.2,SRP450576
SRR25367557,AMPLICON,502,34025560,PRJNA944997,SAMN36658369,"MIMARKS.survey,MIGS/MIMS/MIMARKS.human-gut",20889278,CORNELL UNIVERSITY,2020-10-06/2021-12-16,public,"fastq,run.zq,sra","gs,ncbi,s3","gs.us-east1,ncbi.public,s3.us-east-1",human body,distal gut,stool,SRX21107107,USA,North America,USA,Homo sapiens,Illumina MiSeq,372TP06,42.4440 N 76.5019 W,372TP06,PAIRED,PCR,METAGENOMIC,human gut metagenome,ILLUMINA,2025-01-01T00:00:00Z,2023-07-20T15:26:00Z,1,372TP06,SRP450576
SRR25367558,AMPLICON,502,39295556,PRJNA944997,SAMN36658571,"MIMARKS.survey,MIGS/MIMS/MIMARKS.human-gut",23024075,CORNELL UNIVERSITY,2020-10-06/2021-12-16,public,"fastq,run.zq,sra","gs,ncbi,s3","gs.us-east1,ncbi.public,s3.us-east-1",human body,distal gut,stool,SRX21107106,USA,North America,USA,Homo sapiens,Illumina MiSeq,372TP05,42.4440 N 76.5019 W,372TP05,PAIRED,PCR,METAGENOMIC,human gut metagenome,ILLUMINA,2025-01-01T00:00:00Z,2023-07-20T15:26:00Z,1,372TP05,SRP450576
SRR25367559,AMPLICON,502,25505114,PRJNA944997,SAMN36658754,"MIMARKS.survey,MIGS/MIMS/MIMARKS.human-gut",14871314,CORNELL UNIVERSITY,2020-10-06/2021-12-16,public,"fastq,run.zq,sra","gs,ncbi,s3","gs.us-east1,ncbi.public,s3.us-east-1",human body,distal gut,stool,SRX21107105,USA,North America,USA,Homo sapiens,Illumina MiSeq,372TP04.2,42.4440 N 76.5019 W,372TP04.2,PAIRED,PCR,METAGENOMIC,human gut metagenome,ILLUMINA,2025-01-01T00:00:00Z,2023-07-20T15:26:00Z,1,372TP04.2,SRP450576
SRR25367561,AMPLICON,502,44374792,PRJNA944997,SAMN36658251,"MIMARKS.survey,MIGS/MIMS/MIMARKS.human-gut",28560808,CORNELL UNIVERSITY,2020-10-06/2021-12-16,public,"fastq,run.zq,sra","gs,ncbi,s3","gs.us-east1,ncbi.public,s3.us-east-1",human body,distal gut,stool,SRX21107103,USA,North America,USA,Homo sapiens,Illumina MiSeq,372TP03,42.4440 N 76.5019 W,372TP03,PAIRED,PCR,METAGENOMIC,human gut metagenome,ILLUMINA,2025-01-01T00:00:00Z,2023-07-20T15:26:00Z,1,372TP03,SRP450576
SRR25367562,AMPLICON,502,37054126,PRJNA944997,SAMN36658506,"MIMARKS.survey,MIGS/MIMS/MIMARKS.human-gut",23869739,CORNELL UNIVERSITY,2020-10-06/2021-12-16,public,"fastq,run.zq,sra","gs,ncbi,s3","gs.us-east1,ncbi.public,s3.us-east-1",human body,distal gut,stool,SRX21107102,USA,North America,USA,Homo sapiens,Illumina MiSeq,372TP02,42.4440 N 76.5019 W,372TP02,PAIRED,PCR,METAGENOMIC,human gut metagenome,ILLUMINA,2025-01-01T00:00:00Z,2023-07-20T15:26:00Z,1,372TP02,SRP450576
SRR25367563,AMPLICON,502,20357606,PRJNA944997,SAMN36658026,"MIMARKS.survey,MIGS/MIMS/MIMARKS.human-gut",12413008,CORNELL UNIVERSITY,2020-10-06/2021-12-16,public,"fastq,run.zq,sra","gs,ncbi,s3","gs.us-east1,ncbi.public,s3.us-east-1",human body,distal gut,stool,SRX21107101,USA,North America,USA,Homo sapiens,Illumina MiSeq,372TP01,42.4440 N 76.5019 W,372TP01,PAIRED,PCR,METAGENOMIC,human gut metagenome,ILLUMINA,2025-01-01T00:00:00Z,2023-07-20T15:26:00Z,1,372TP01,SRP450576
SRR25367564,AMPLICON,502,37792568,PRJNA944997,SAMN36658667,"MIMARKS.survey,MIGS/MIMS/MIMARKS.human-gut",22766058,CORNELL UNIVERSITY,2020-10-06/2021-12-16,public,"fastq,run.zq,sra","gs,ncbi,s3","gs.us-east1,ncbi.public,s3.us-east-1",human body,distal gut,stool,SRX21107100,USA,North America,USA,Homo sapiens,Illumina MiSeq,371TP12.rerun,42.4440 N 76.5019 W,371TP12.rerun,PAIRED,PCR,METAGENOMIC,human gut metagenome,ILLUMINA,2025-01-01T00:00:00Z,2023-07-20T15:26:00Z,1,371TP12.rerun,SRP450576
SRR25367565,AMPLICON,502,37654518,PRJNA944997,SAMN36658666,"MIMARKS.survey,MIGS/MIMS/MIMARKS.human-gut",23322817,CORNELL UNIVERSITY,2020-10-06/2021-12-16,public,"fastq,run.zq,sra","gs,ncbi,s3","gs.us-east1,ncbi.public,s3.us-east-1",human body,distal gut,stool,SRX21107099,USA,North America,USA,Homo sapiens,Illumina MiSeq,371TP11,42.4440 N 76.5019 W,371TP11,PAIRED,PCR,METAGENOMIC,human gut metagenome,ILLUMINA,2025-01-01T00:00:00Z,2023-07-20T15:26:00Z,1,371TP11,SRP450576
SRR25367569,AMPLICON,502,33315230,PRJNA944997,SAMN36658356,"MIMARKS.survey,MIGS/MIMS/MIMARKS.human-gut",20326871,CORNELL UNIVERSITY,2020-10-06/2021-12-16,public,"fastq,run.zq,sra","gs,ncbi,s3","gs.us-east1,ncbi.public,s3.us-east-1",human body,distal gut,stool,SRX21107095,USA,North America,USA,Homo sapiens,Illumina MiSeq,364TP06,42.4440 N 76.5019 W,364TP06,PAIRED,PCR,METAGENOMIC,human gut metagenome,ILLUMINA,2025-01-01T00:00:00Z,2023-07-20T15:26:00Z,1,364TP06,SRP450576
SRR25367570,AMPLICON,502,37685140,PRJNA944997,SAMN36658593,"MIMARKS.survey,MIGS/MIMS/MIMARKS.human-gut",22169242,CORNELL UNIVERSITY,2020-10-06/2021-12-16,public,"fastq,run.zq,sra","gs,ncbi,s3","gs.us-east1,ncbi.public,s3.us-east-1",human body,distal gut,stool,SRX21107094,USA,North America,USA,Homo sapiens,Illumina MiSeq,323TP11.rerun,42.4440 N 76.5019 W,323TP11.rerun,PAIRED,PCR,METAGENOMIC,human gut metagenome,ILLUMINA,2025-01-01T00:00:00Z,2023-07-20T15:26:00Z,1,323TP11.rerun,SRP450576
SRR25367571,AMPLICON,502,27607490,PRJNA944997,SAMN36658564,"MIMARKS.survey,MIGS/MIMS/MIMARKS.human-gut",16264684,CORNELL UNIVERSITY,2020-10-06/2021-12-16,public,"fastq,run.zq,sra","gs,ncbi,s3","gs.us-east1,ncbi.public,s3.us-east-1",human body,distal gut,stool,SRX21107093,USA,North America,USA,Homo sapiens,Illumina MiSeq,364TP05,42.4440 N 76.5019 W,364TP05,PAIRED,PCR,METAGENOMIC,human gut metagenome,ILLUMINA,2025-01-01T00:00:00Z,2023-07-20T15:26:00Z,1,364TP05,SRP450576
SRR25367572,AMPLICON,502,42440084,PRJNA944997,SAMN36658803,"MIMARKS.survey,MIGS/MIMS/MIMARKS.human-gut",28742525,CORNELL UNIVERSITY,2020-10-06/2021-12-16,public,"fastq,run.zq,sra","gs,ncbi,s3","gs.us-east1,ncbi.public,s3.us-east-1",human body,distal gut,stool,SRX21107092,USA,North America,USA,Homo sapiens,Illumina MiSeq,364TP04.2,42.4440 N 76.5019 W,364TP04.2,PAIRED,PCR,METAGENOMIC,human gut metagenome,ILLUMINA,2025-01-01T00:00:00Z,2023-07-20T15:26:00Z,1,364TP04.2,SRP450576
SRR25367573,AMPLICON,502,23142702,PRJNA944997,SAMN36658239,"MIMARKS.survey,MIGS/MIMS/MIMARKS.human-gut",13777343,CORNELL UNIVERSITY,2020-10-06/2021-12-16,public,"fastq,run.zq,sra","gs,ncbi,s3","gs.us-east1,ncbi.public,s3.us-east-1",human body,distal gut,stool,SRX21107091,USA,North America,USA,Homo sapiens,Illumina MiSeq,364TP04,42.4440 N 76.5019 W,364TP04,PAIRED,PCR,METAGENOMIC,human gut metagenome,ILLUMINA,2025-01-01T00:00:00Z,2023-07-20T15:26:00Z,1,364TP04,SRP450576
SRR25367581,AMPLICON,502,22711484,PRJNA944997,SAMN36658170,"MIMARKS.survey,MIGS/MIMS/MIMARKS.human-gut",13151199,CORNELL UNIVERSITY,2020-10-06/2021-12-16,public,"fastq,run.zq,sra","gs,ncbi,s3","gs.us-east1,ncbi.public,s3.us-east-1",human body,distal gut,stool,SRX21107083,USA,North America,USA,Homo sapiens,Illumina MiSeq,323TP09,42.4440 N 76.5019 W,323TP09,PAIRED,PCR,METAGENOMIC,human gut metagenome,ILLUMINA,2025-01-01T00:00:00Z,2023-07-20T15:26:00Z,1,323TP09,SRP450576
SRR25367582,AMPLICON,502,20681396,PRJNA944997,SAMN36658236,"MIGS/MIMS/MIMARKS.human-gut,MIMARKS.survey",12325426,CORNELL UNIVERSITY,2020-10-06/2021-12-16,public,"fastq,run.zq,sra","gs,ncbi,s3","gs.us-east1,ncbi.public,s3.us-east-1",human body,distal gut,stool,SRX21107082,USA,North America,USA,Homo sapiens,Illumina MiSeq,363TP09,42.4440 N 76.5019 W,363TP09,PAIRED,PCR,METAGENOMIC,human gut metagenome,ILLUMINA,2025-01-01T00:00:00Z,2023-07-20T15:26:00Z,1,363TP09,SRP450576
SRR25367583,AMPLICON,502,37276512,PRJNA944997,SAMN36658498,"MIMARKS.survey,MIGS/MIMS/MIMARKS.human-gut",24442874,CORNELL UNIVERSITY,2020-10-06/2021-12-16,public,"fastq,run.zq,sra","gs,ncbi,s3","gs.us-east1,ncbi.public,s3.us-east-1",human body,distal gut,stool,SRX21107081,USA,North America,USA,Homo sapiens,Illumina MiSeq,363TP08,42.4440 N 76.5019 W,363TP08,PAIRED,PCR,METAGENOMIC,human gut metagenome,ILLUMINA,2025-01-01T00:00:00Z,2023-07-20T15:26:00Z,1,363TP08,SRP450576
SRR25367584,AMPLICON,502,43940562,PRJNA944997,SAMN36658752,"MIMARKS.survey,MIGS/MIMS/MIMARKS.human-gut",29422172,CORNELL UNIVERSITY,2020-10-06/2021-12-16,public,"fastq,run.zq,sra","gs,ncbi,s3","gs.us-east1,ncbi.public,s3.us-east-1",human body,distal gut,stool,SRX21107080,USA,North America,USA,Homo sapiens,Illumina MiSeq,363TP07.2,42.4440 N 76.5019 W,363TP07.2,PAIRED,PCR,METAGENOMIC,human gut metagenome,ILLUMINA,2025-01-01T00:00:00Z,2023-07-20T15:26:00Z,1,363TP07.2,SRP450576
SRR25367585,AMPLICON,502,26158216,PRJNA944997,SAMN36658355,"MIMARKS.survey,MIGS/MIMS/MIMARKS.human-gut",15299069,CORNELL UNIVERSITY,2020-10-06/2021-12-16,public,"fastq,run.zq,sra","gs,ncbi,s3","gs.us-east1,ncbi.public,s3.us-east-1",human body,distal gut,stool,SRX21107079,USA,North America,USA,Homo sapiens,Illumina MiSeq,363TP07,42.4440 N 76.5019 W,363TP07,PAIRED,PCR,METAGENOMIC,human gut metagenome,ILLUMINA,2025-01-01T00:00:00Z,2023-07-20T15:26:00Z,1,363TP07,SRP450576
SRR25367586,AMPLICON,502,46595640,PRJNA944997,SAMN36658354,"MIMARKS.survey,MIGS/MIMS/MIMARKS.human-gut",28906905,CORNELL UNIVERSITY,2020-10-06/2021-12-16,public,"fastq,run.zq,sra","gs,ncbi,s3","gs.us-east1,ncbi.public,s3.us-east-1",human body,distal gut,stool,SRX21107078,USA,North America,USA,Homo sapiens,Illumina MiSeq,363TP06,42.4440 N 76.5019 W,363TP06,PAIRED,PCR,METAGENOMIC,human gut metagenome,ILLUMINA,2025-01-01T00:00:00Z,2023-07-20T15:26:00Z,1,363TP06,SRP450576
SRR25367587,AMPLICON,502,32237436,PRJNA944997,SAMN36658563,"MIMARKS.survey,MIGS/MIMS/MIMARKS.human-gut",19399266,CORNELL UNIVERSITY,2020-10-06/2021-12-16,public,"fastq,run.zq,sra","gs,ncbi,s3","gs.us-east1,ncbi.public,s3.us-east-1",human body,distal gut,stool,SRX21107077,USA,North America,USA,Homo sapiens,Illumina MiSeq,363TP05,42.4440 N 76.5019 W,363TP05,PAIRED,PCR,METAGENOMIC,human gut metagenome,ILLUMINA,2025-01-01T00:00:00Z,2023-07-20T15:26:00Z,1,363TP05,SRP450576
SRR25367588,AMPLICON,502,38434124,PRJNA944997,SAMN36658782,"MIMARKS.survey,MIGS/MIMS/MIMARKS.human-gut",25582958,CORNELL UNIVERSITY,2020-10-06/2021-12-16,public,"fastq,run.zq,sra","gs,ncbi,s3","gs.us-east1,ncbi.public,s3.us-east-1",human body,distal gut,stool,SRX21107076,USA,North America,USA,Homo sapiens,Illumina MiSeq,363TP04.2,42.4440 N 76.5019 W,363TP04.2,PAIRED,PCR,METAGENOMIC,human gut metagenome,ILLUMINA,2025-01-01T00:00:00Z,2023-07-20T15:26:00Z,1,363TP04.2,SRP450576
SRR25367589,AMPLICON,502,23086980,PRJNA944997,SAMN36658123,"MIMARKS.survey,MIGS/MIMS/MIMARKS.human-gut",13433527,CORNELL UNIVERSITY,2020-10-06/2021-12-16,public,"fastq,run.zq,sra","gs,ncbi,s3","gs.us-east1,ncbi.public,s3.us-east-1",human body,distal gut,stool,SRX21107075,USA,North America,USA,Homo sapiens,Illumina MiSeq,363TP04,42.4440 N 76.5019 W,363TP04,PAIRED,PCR,METAGENOMIC,human gut metagenome,ILLUMINA,2025-01-01T00:00:00Z,2023-07-20T15:26:00Z,1,363TP04,SRP450576
SRR25367590,AMPLICON,502,34603362,PRJNA944997,SAMN36658122,"MIMARKS.survey,MIGS/MIMS/MIMARKS.human-gut",21288921,CORNELL UNIVERSITY,2020-10-06/2021-12-16,public,"fastq,run.zq,sra","gs,ncbi,s3","gs.us-east1,ncbi.public,s3.us-east-1",human body,distal gut,stool,SRX21107074,USA,North America,USA,Homo sapiens,Illumina MiSeq,363TP03,42.4440 N 76.5019 W,363TP03,PAIRED,PCR,METAGENOMIC,human gut metagenome,ILLUMINA,2025-01-01T00:00:00Z,2023-07-20T15:26:00Z,1,363TP03,SRP450576
SRR25367591,AMPLICON,502,37055130,PRJNA944997,SAMN36658432,"MIMARKS.survey,MIGS/MIMS/MIMARKS.human-gut",23600631,CORNELL UNIVERSITY,2020-10-06/2021-12-16,public,"fastq,run.zq,sra","gs,ncbi,s3","gs.us-east1,ncbi.public,s3.us-east-1",human body,distal gut,stool,SRX21107073,USA,North America,USA,Homo sapiens,Illumina MiSeq,363TP02,42.4440 N 76.5019 W,363TP02,PAIRED,PCR,METAGENOMIC,human gut metagenome,ILLUMINA,2025-01-01T00:00:00Z,2023-07-20T15:26:00Z,1,363TP02,SRP450576
SRR25367592,AMPLICON,502,35131466,PRJNA944997,SAMN36658461,"MIMARKS.survey,MIGS/MIMS/MIMARKS.human-gut",22410571,CORNELL UNIVERSITY,2020-10-06/2021-12-16,public,"fastq,run.zq,sra","gs,ncbi,s3","gs.us-east1,ncbi.public,s3.us-east-1",human body,distal gut,stool,SRX21107072,USA,North America,USA,Homo sapiens,Illumina MiSeq,323TP08,42.4440 N 76.5019 W,323TP08,PAIRED,PCR,METAGENOMIC,human gut metagenome,ILLUMINA,2025-01-01T00:00:00Z,2023-07-20T15:26:00Z,1,323TP08,SRP450576
SRR25367593,AMPLICON,502,34870426,PRJNA944997,SAMN36658018,"MIMARKS.survey,MIGS/MIMS/MIMARKS.human-gut",20706670,CORNELL UNIVERSITY,2020-10-06/2021-12-16,public,"fastq,run.zq,sra","gs,ncbi,s3","gs.us-east1,ncbi.public,s3.us-east-1",human body,distal gut,stool,SRX21107071,USA,North America,USA,Homo sapiens,Illumina MiSeq,363TP01.rerun,42.4440 N 76.5019 W,363TP01.rerun,PAIRED,PCR,METAGENOMIC,human gut metagenome,ILLUMINA,2025-01-01T00:00:00Z,2023-07-20T15:26:00Z,1,363TP01.rerun,SRP450576
SRR25367594,AMPLICON,502,23356052,PRJNA944997,SAMN36658651,"MIMARKS.survey,MIGS/MIMS/MIMARKS.human-gut",13298357,CORNELL UNIVERSITY,2020-10-06/2021-12-16,public,"fastq,run.zq,sra","gs,ncbi,s3","gs.us-east1,ncbi.public,s3.us-east-1",human body,distal gut,stool,SRX21107070,USA,North America,USA,Homo sapiens,Illumina MiSeq,362TP12,42.4440 N 76.5019 W,362TP12,PAIRED,PCR,METAGENOMIC,human gut metagenome,ILLUMINA,2025-01-01T00:00:00Z,2023-07-20T15:26:00Z,1,362TP12,SRP450576
SRR25367595,AMPLICON,502,26333916,PRJNA944997,SAMN36658650,"MIMARKS.survey,MIGS/MIMS/MIMARKS.human-gut",15268390,CORNELL UNIVERSITY,2020-10-06/2021-12-16,public,"fastq,run.zq,sra","gs,ncbi,s3","gs.us-east1,ncbi.public,s3.us-east-1",human body,distal gut,stool,SRX21107069,USA,North America,USA,Homo sapiens,Illumina MiSeq,362TP11.rerun,42.4440 N 76.5019 W,362TP11.rerun,PAIRED,PCR,METAGENOMIC,human gut metagenome,ILLUMINA,2025-01-01T00:00:00Z,2023-07-20T15:26:00Z,1,362TP11.rerun,SRP450576
SRR25367596,AMPLICON,502,41836680,PRJNA944997,SAMN36658771,"MIMARKS.survey,MIGS/MIMS/MIMARKS.human-gut",27901682,CORNELL UNIVERSITY,2020-10-06/2021-12-16,public,"fastq,run.zq,sra","gs,ncbi,s3","gs.us-east1,ncbi.public,s3.us-east-1",human body,distal gut,stool,SRX21107068,USA,North America,USA,Homo sapiens,Illumina MiSeq,362TP10.2,42.4440 N 76.5019 W,362TP10.2,PAIRED,PCR,METAGENOMIC,human gut metagenome,ILLUMINA,2025-01-01T00:00:00Z,2023-07-20T15:26:00Z,1,362TP10.2,SRP450576
SRR25367602,AMPLICON,502,35142510,PRJNA944997,SAMN36658491,"MIMARKS.survey,MIGS/MIMS/MIMARKS.human-gut",22427237,CORNELL UNIVERSITY,2020-10-06/2021-12-16,public,"fastq,run.zq,sra","gs,ncbi,s3","gs.us-east1,ncbi.public,s3.us-east-1",human body,distal gut,stool,SRX21106826,USA,North America,USA,Homo sapiens,Illumina MiSeq,356TP02,42.4440 N 76.5019 W,356TP02,PAIRED,PCR,METAGENOMIC,human gut metagenome,ILLUMINA,2025-01-01T00:00:00Z,2023-07-20T15:26:00Z,1,356TP02,SRP450576
SRR25367603,AMPLICON,502,25799286,PRJNA944997,SAMN36658011,"MIMARKS.survey,MIGS/MIMS/MIMARKS.human-gut",15046838,CORNELL UNIVERSITY,2020-10-06/2021-12-16,public,"fastq,run.zq,sra","gs,ncbi,s3","gs.us-east1,ncbi.public,s3.us-east-1",human body,distal gut,stool,SRX21107065,USA,North America,USA,Homo sapiens,Illumina MiSeq,356TP01.rerun,42.4440 N 76.5019 W,356TP01.rerun,PAIRED,PCR,METAGENOMIC,human gut metagenome,ILLUMINA,2025-01-01T00:00:00Z,2023-07-20T15:26:00Z,1,356TP01.rerun,SRP450576
SRR25367604,AMPLICON,502,23325932,PRJNA944997,SAMN36658639,"MIMARKS.survey,MIGS/MIMS/MIMARKS.human-gut",13150231,CORNELL UNIVERSITY,2020-10-06/2021-12-16,public,"fastq,run.zq,sra","gs,ncbi,s3","gs.us-east1,ncbi.public,s3.us-east-1",human body,distal gut,stool,SRX21107064,USA,North America,USA,Homo sapiens,Illumina MiSeq,355TP12,42.4440 N 76.5019 W,355TP12,PAIRED,PCR,METAGENOMIC,human gut metagenome,ILLUMINA,2025-01-01T00:00:00Z,2023-07-20T15:26:00Z,1,355TP12,SRP450576
SRR25367605,AMPLICON,502,27892626,PRJNA944997,SAMN36658638,"MIMARKS.survey,MIGS/MIMS/MIMARKS.human-gut",16130853,CORNELL UNIVERSITY,2020-10-06/2021-12-16,public,"fastq,run.zq,sra","gs,ncbi,s3","gs.us-east1,ncbi.public,s3.us-east-1",human body,distal gut,stool,SRX21107063,USA,North America,USA,Homo sapiens,Illumina MiSeq,355TP11,42.4440 N 76.5019 W,355TP11,PAIRED,PCR,METAGENOMIC,human gut metagenome,ILLUMINA,2025-01-01T00:00:00Z,2023-07-20T15:26:00Z,1,355TP11,SRP450576
SRR25367606,AMPLICON,502,42493296,PRJNA944997,SAMN36658796,"MIMARKS.survey,MIGS/MIMS/MIMARKS.human-gut",28723752,CORNELL UNIVERSITY,2020-10-06/2021-12-16,public,"fastq,run.zq,sra","gs,ncbi,s3","gs.us-east1,ncbi.public,s3.us-east-1",human body,distal gut,stool,SRX21107062,USA,North America,USA,Homo sapiens,Illumina MiSeq,355TP10.2,42.4440 N 76.5019 W,355TP10.2,PAIRED,PCR,METAGENOMIC,human gut metagenome,ILLUMINA,2025-01-01T00:00:00Z,2023-07-20T15:26:00Z,1,355TP10.2,SRP450576
SRR25367607,AMPLICON,502,28368020,PRJNA944997,SAMN36658592,"MIMARKS.survey,MIGS/MIMS/MIMARKS.human-gut",16081456,CORNELL UNIVERSITY,2020-10-06/2021-12-16,public,"fastq,run.zq,sra","gs,ncbi,s3","gs.us-east1,ncbi.public,s3.us-east-1",human body,distal gut,stool,SRX21107061,USA,North America,USA,Homo sapiens,Illumina MiSeq,322TP12,42.4440 N 76.5019 W,322TP12,PAIRED,PCR,METAGENOMIC,human gut metagenome,ILLUMINA,2025-01-01T00:00:00Z,2023-07-20T15:26:00Z,1,322TP12,SRP450576
SRR25367608,AMPLICON,502,23765182,PRJNA944997,SAMN36658221,"MIMARKS.survey,MIGS/MIMS/MIMARKS.human-gut",14132027,CORNELL UNIVERSITY,2020-10-06/2021-12-16,public,"fastq,run.zq,sra","gs,ncbi,s3","gs.us-east1,ncbi.public,s3.us-east-1",human body,distal gut,stool,SRX21107060,USA,North America,USA,Homo sapiens,Illumina MiSeq,355TP10,42.4440 N 76.5019 W,355TP10,PAIRED,PCR,METAGENOMIC,human gut metagenome,ILLUMINA,2025-01-01T00:00:00Z,2023-07-20T15:26:00Z,1,355TP10,SRP450576
SRR25367609,AMPLICON,502,23741086,PRJNA944997,SAMN36658220,"MIMARKS.survey,MIGS/MIMS/MIMARKS.human-gut",13620235,CORNELL UNIVERSITY,2020-10-06/2021-12-16,public,"fastq,run.zq,sra","gs,ncbi,s3","gs.us-east1,ncbi.public,s3.us-east-1",human body,distal gut,stool,SRX21107059,USA,North America,USA,Homo sapiens,Illumina MiSeq,355TP09,42.4440 N 76.5019 W,355TP09,PAIRED,PCR,METAGENOMIC,human gut metagenome,ILLUMINA,2025-01-01T00:00:00Z,2023-07-20T15:26:00Z,1,355TP09,SRP450576
SRR25367610,AMPLICON,502,40434594,PRJNA944997,SAMN36658490,"MIMARKS.survey,MIGS/MIMS/MIMARKS.human-gut",25853715,CORNELL UNIVERSITY,2020-10-06/2021-12-16,public,"fastq,run.zq,sra","gs,ncbi,s3","gs.us-east1,ncbi.public,s3.us-east-1",human body,distal gut,stool,SRX21107058,USA,North America,USA,Homo sapiens,Illumina MiSeq,355TP08,42.4440 N 76.5019 W,355TP08,PAIRED,PCR,METAGENOMIC,human gut metagenome,ILLUMINA,2025-01-01T00:00:00Z,2023-07-20T15:26:00Z,1,355TP08,SRP450576
SRR25367611,AMPLICON,502,61296710,PRJNA944997,SAMN36658724,"MIMARKS.survey,MIGS/MIMS/MIMARKS.human-gut",41732121,CORNELL UNIVERSITY,2020-10-06/2021-12-16,public,"fastq,run.zq,sra","gs,ncbi,s3","gs.us-east1,ncbi.public,s3.us-east-1",human body,distal gut,stool,SRX21107057,USA,North America,USA,Homo sapiens,Illumina MiSeq,355TP07.2,42.4440 N 76.5019 W,355TP07.2,PAIRED,PCR,METAGENOMIC,human gut metagenome,ILLUMINA,2025-01-01T00:00:00Z,2023-07-20T15:27:00Z,1,355TP07.2,SRP450576
SRR25367612,AMPLICON,502,33063728,PRJNA944997,SAMN36658340,"MIMARKS.survey,MIGS/MIMS/MIMARKS.human-gut",19943012,CORNELL UNIVERSITY,2020-10-06/2021-12-16,public,"fastq,run.zq,sra","gs,ncbi,s3","gs.us-east1,ncbi.public,s3.us-east-1",human body,distal gut,stool,SRX21107056,USA,North America,USA,Homo sapiens,Illumina MiSeq,355TP07,42.4440 N 76.5019 W,355TP07,PAIRED,PCR,METAGENOMIC,human gut metagenome,ILLUMINA,2025-01-01T00:00:00Z,2023-07-20T15:27:00Z,1,355TP07,SRP450576
SRR25367613,AMPLICON,502,53580468,PRJNA944997,SAMN36658339,"MIMARKS.survey,MIGS/MIMS/MIMARKS.human-gut",32675264,CORNELL UNIVERSITY,2020-10-06/2021-12-16,public,"fastq,run.zq,sra","gs,ncbi,s3","gs.us-east1,ncbi.public,s3.us-east-1",human body,distal gut,stool,SRX21107055,USA,North America,USA,Homo sapiens,Illumina MiSeq,355TP06,42.4440 N 76.5019 W,355TP06,PAIRED,PCR,METAGENOMIC,human gut metagenome,ILLUMINA,2025-01-01T00:00:00Z,2023-07-20T15:26:00Z,1,355TP06,SRP450576
SRR25367614,AMPLICON,502,34548644,PRJNA944997,SAMN36658555,"MIMARKS.survey,MIGS/MIMS/MIMARKS.human-gut",20156711,CORNELL UNIVERSITY,2020-10-06/2021-12-16,public,"fastq,run.zq,sra","gs,ncbi,s3","gs.us-east1,ncbi.public,s3.us-east-1",human body,distal gut,stool,SRX21107054,USA,North America,USA,Homo sapiens,Illumina MiSeq,355TP05,42.4440 N 76.5019 W,355TP05,PAIRED,PCR,METAGENOMIC,human gut metagenome,ILLUMINA,2025-01-01T00:00:00Z,2023-07-20T15:27:00Z,1,355TP05,SRP450576
SRR25367626,AMPLICON,502,31625498,PRJNA944997,SAMN36658489,"MIMARKS.survey,MIGS/MIMS/MIMARKS.human-gut",20280713,CORNELL UNIVERSITY,2020-10-06/2021-12-16,public,"fastq,run.zq,sra","gs,ncbi,s3","gs.us-east1,ncbi.public,s3.us-east-1",human body,distal gut,stool,SRX21107042,USA,North America,USA,Homo sapiens,Illumina MiSeq,353TP08,42.4440 N 76.5019 W,353TP08,PAIRED,PCR,METAGENOMIC,human gut metagenome,ILLUMINA,2025-01-01T00:00:00Z,2023-07-20T15:26:00Z,1,353TP08,SRP450576
SRR25367627,AMPLICON,502,37143482,PRJNA944997,SAMN36658338,"MIMARKS.survey,MIGS/MIMS/MIMARKS.human-gut",23029505,CORNELL UNIVERSITY,2020-10-06/2021-12-16,public,"fastq,run.zq,sra","gs,ncbi,s3","gs.us-east1,ncbi.public,s3.us-east-1",human body,distal gut,stool,SRX21107041,USA,North America,USA,Homo sapiens,Illumina MiSeq,353TP06,42.4440 N 76.5019 W,353TP06,PAIRED,PCR,METAGENOMIC,human gut metagenome,ILLUMINA,2025-01-01T00:00:00Z,2023-07-20T15:26:00Z,1,353TP06,SRP450576
SRR25367629,AMPLICON,502,48644302,PRJNA944997,SAMN36658731,"MIMARKS.survey,MIGS/MIMS/MIMARKS.human-gut",32822978,CORNELL UNIVERSITY,2020-10-06/2021-12-16,public,"fastq,run.zq,sra","gs,ncbi,s3","gs.us-east1,ncbi.public,s3.us-east-1",human body,distal gut,stool,SRX21107039,USA,North America,USA,Homo sapiens,Illumina MiSeq,322TP10.2,42.4440 N 76.5019 W,322TP10.2,PAIRED,PCR,METAGENOMIC,human gut metagenome,ILLUMINA,2025-01-01T00:00:00Z,2023-07-20T15:26:00Z,1,322TP10.2,SRP450576
SRR25367632,AMPLICON,502,26347972,PRJNA944997,SAMN36658477,"MIMARKS.survey,MIGS/MIMS/MIMARKS.human-gut",17016095,CORNELL UNIVERSITY,2020-10-06/2021-12-16,public,"fastq,run.zq,sra","gs,ncbi,s3","gs.us-east1,ncbi.public,s3.us-east-1",human body,distal gut,stool,SRX21107036,USA,North America,USA,Homo sapiens,Illumina MiSeq,340TP02,42.4440 N 76.5019 W,340TP02,PAIRED,PCR,METAGENOMIC,human gut metagenome,ILLUMINA,2025-01-01T00:00:00Z,2023-07-20T15:26:00Z,1,340TP02,SRP450576
SRR25367634,AMPLICON,502,24898698,PRJNA944997,SAMN36658615,"MIMARKS.survey,MIGS/MIMS/MIMARKS.human-gut",14259433,CORNELL UNIVERSITY,2020-10-06/2021-12-16,public,"fastq,run.zq,sra","gs,ncbi,s3","gs.us-east1,ncbi.public,s3.us-east-1",human body,distal gut,stool,SRX21107034,USA,North America,USA,Homo sapiens,Illumina MiSeq,339TP12,42.4440 N 76.5019 W,339TP12,PAIRED,PCR,METAGENOMIC,human gut metagenome,ILLUMINA,2025-01-01T00:00:00Z,2023-07-20T15:26:00Z,1,339TP12,SRP450576
SRR25367635,AMPLICON,502,34791612,PRJNA944997,SAMN36658614,"MIMARKS.survey,MIGS/MIMS/MIMARKS.human-gut",20820670,CORNELL UNIVERSITY,2020-10-06/2021-12-16,public,"fastq,run.zq,sra","gs,ncbi,s3","gs.us-east1,ncbi.public,s3.us-east-1",human body,distal gut,stool,SRX21107033,USA,North America,USA,Homo sapiens,Illumina MiSeq,339TP11.rerun,42.4440 N 76.5019 W,339TP11.rerun,PAIRED,PCR,METAGENOMIC,human gut metagenome,ILLUMINA,2025-01-01T00:00:00Z,2023-07-20T15:26:00Z,1,339TP11.rerun,SRP450576
SRR25367636,AMPLICON,502,29579848,PRJNA944997,SAMN36658728,"MIMARKS.survey,MIGS/MIMS/MIMARKS.human-gut",17569128,CORNELL UNIVERSITY,2020-10-06/2021-12-16,public,"fastq,run.zq,sra","gs,ncbi,s3","gs.us-east1,ncbi.public,s3.us-east-1",human body,distal gut,stool,SRX21107032,USA,North America,USA,Homo sapiens,Illumina MiSeq,339TP10.2,42.4440 N 76.5019 W,339TP10.2,PAIRED,PCR,METAGENOMIC,human gut metagenome,ILLUMINA,2025-01-01T00:00:00Z,2023-07-20T15:26:00Z,1,339TP10.2,SRP450576
SRR25367637,AMPLICON,502,28230472,PRJNA944997,SAMN36658459,"MIGS/MIMS/MIMARKS.human-gut,MIMARKS.survey",18276523,CORNELL UNIVERSITY,2020-10-06/2021-12-16,public,"fastq,run.zq,sra","gs,ncbi,s3","gs.us-east1,ncbi.public,s3.us-east-1",human body,distal gut,stool,SRX21107031,USA,North America,USA,Homo sapiens,Illumina MiSeq,321TP08,42.4440 N 76.5019 W,321TP08,PAIRED,PCR,METAGENOMIC,human gut metagenome,ILLUMINA,2025-01-01T00:00:00Z,2023-07-20T15:26:00Z,1,321TP08,SRP450576
SRR25367645,AMPLICON,502,50575496,PRJNA944997,SAMN36658541,"MIMARKS.survey,MIGS/MIMS/MIMARKS.human-gut",33998668,CORNELL UNIVERSITY,2020-10-06/2021-12-16,public,"fastq,run.zq,sra","gs,ncbi,s3","gs.us-east1,ncbi.public,s3.us-east-1",human body,distal gut,stool,SRX21107023,USA,North America,USA,Homo sapiens,Illumina MiSeq,339TP05,42.4440 N 76.5019 W,339TP05,PAIRED,PCR,METAGENOMIC,human gut metagenome,ILLUMINA,2025-01-01T00:00:00Z,2023-07-20T15:26:00Z,1,339TP05,SRP450576
SRR25367647,AMPLICON,502,36107856,PRJNA944997,SAMN36658080,"MIMARKS.survey,MIGS/MIMS/MIMARKS.human-gut",22001942,CORNELL UNIVERSITY,2020-10-06/2021-12-16,public,"fastq,run.zq,sra","gs,ncbi,s3","gs.us-east1,ncbi.public,s3.us-east-1",human body,distal gut,stool,SRX21107021,USA,North America,USA,Homo sapiens,Illumina MiSeq,339TP03,42.4440 N 76.5019 W,339TP03,PAIRED,PCR,METAGENOMIC,human gut metagenome,ILLUMINA,2025-01-01T00:00:00Z,2023-07-20T15:26:00Z,1,339TP03,SRP450576
SRR25367648,AMPLICON,502,31681722,PRJNA944997,SAMN36658707,"MIMARKS.survey,MIGS/MIMS/MIMARKS.human-gut",18841709,CORNELL UNIVERSITY,2020-10-06/2021-12-16,public,"fastq,run.zq,sra","gs,ncbi,s3","gs.us-east1,ncbi.public,s3.us-east-1",human body,distal gut,stool,SRX21107020,USA,North America,USA,Homo sapiens,Illumina MiSeq,321TP07.2,42.4440 N 76.5019 W,321TP07.2,PAIRED,PCR,METAGENOMIC,human gut metagenome,ILLUMINA,2025-01-01T00:00:00Z,2023-07-20T15:26:00Z,1,321TP07.2,SRP450576
SRR25367649,AMPLICON,502,38310130,PRJNA944997,SAMN36658411,"MIMARKS.survey,MIGS/MIMS/MIMARKS.human-gut",24409357,CORNELL UNIVERSITY,2020-10-06/2021-12-16,public,"fastq,run.zq,sra","gs,ncbi,s3","gs.us-east1,ncbi.public,s3.us-east-1",human body,distal gut,stool,SRX21107019,USA,North America,USA,Homo sapiens,Illumina MiSeq,339TP02,42.4440 N 76.5019 W,339TP02,PAIRED,PCR,METAGENOMIC,human gut metagenome,ILLUMINA,2025-01-01T00:00:00Z,2023-07-20T15:26:00Z,1,339TP02,SRP450576
SRR25367650,AMPLICON,502,38986324,PRJNA944997,SAMN36657996,"MIMARKS.survey,MIGS/MIMS/MIMARKS.human-gut",22652822,CORNELL UNIVERSITY,2020-10-06/2021-12-16,public,"fastq,run.zq,sra","gs,ncbi,s3","gs.us-east1,ncbi.public,s3.us-east-1",human body,distal gut,stool,SRX21107018,USA,North America,USA,Homo sapiens,Illumina MiSeq,339TP01.rerun,42.4440 N 76.5019 W,339TP01.rerun,PAIRED,PCR,METAGENOMIC,human gut metagenome,ILLUMINA,2025-01-01T00:00:00Z,2023-07-20T15:27:00Z,1,339TP01.rerun,SRP450576
SRR25367651,AMPLICON,502,34060198,PRJNA944997,SAMN36658700,"MIMARKS.survey,MIGS/MIMS/MIMARKS.human-gut",20120352,CORNELL UNIVERSITY,2020-10-06/2021-12-16,public,"fastq,run.zq,sra","gs,ncbi,s3","gs.us-east1,ncbi.public,s3.us-east-1",human body,distal gut,stool,SRX21107017,USA,North America,USA,Homo sapiens,Illumina MiSeq,338TP10.2,42.4440 N 76.5019 W,338TP10.2,PAIRED,PCR,METAGENOMIC,human gut metagenome,ILLUMINA,2025-01-01T00:00:00Z,2023-07-20T15:26:00Z,1,338TP10.2,SRP450576
SRR25367652,AMPLICON,502,62017080,PRJNA944997,SAMN36658079,"MIMARKS.survey,MIGS/MIMS/MIMARKS.human-gut",41729285,CORNELL UNIVERSITY,2020-10-06/2021-12-16,public,"fastq,run.zq,sra","gs,ncbi,s3","gs.us-east1,ncbi.public,s3.us-east-1",human body,distal gut,stool,SRX21107016,USA,North America,USA,Homo sapiens,Illumina MiSeq,338TP10,42.4440 N 76.5019 W,338TP10,PAIRED,PCR,METAGENOMIC,human gut metagenome,ILLUMINA,2025-01-01T00:00:00Z,2023-07-20T15:27:00Z,1,338TP10,SRP450576
SRR25367663,AMPLICON,502,34459790,PRJNA944997,SAMN36658470,"MIMARKS.survey,MIGS/MIMS/MIMARKS.human-gut",21966310,CORNELL UNIVERSITY,2020-10-06/2021-12-16,public,"fastq,run.zq,sra","gs,ncbi,s3","gs.us-east1,ncbi.public,s3.us-east-1",human body,distal gut,stool,SRX21107005,USA,North America,USA,Homo sapiens,Illumina MiSeq,333TP08,42.4440 N 76.5019 W,333TP08,PAIRED,PCR,METAGENOMIC,human gut metagenome,ILLUMINA,2025-01-01T00:00:00Z,2023-07-20T15:26:00Z,1,333TP08,SRP450576
SRR25367664,AMPLICON,502,38818154,PRJNA944997,SAMN36658788,"MIMARKS.survey,MIGS/MIMS/MIMARKS.human-gut",25692312,CORNELL UNIVERSITY,2020-10-06/2021-12-16,public,"fastq,run.zq,sra","gs,ncbi,s3","gs.us-east1,ncbi.public,s3.us-east-1",human body,distal gut,stool,SRX21107004,USA,North America,USA,Homo sapiens,Illumina MiSeq,333TP07.2,42.4440 N 76.5019 W,333TP07.2,PAIRED,PCR,METAGENOMIC,human gut metagenome,ILLUMINA,2025-01-01T00:00:00Z,2023-07-20T15:27:00Z,1,333TP07.2,SRP450576
SRR25367665,AMPLICON,502,22764194,PRJNA944997,SAMN36658301,"MIMARKS.survey,MIGS/MIMS/MIMARKS.human-gut",13174334,CORNELL UNIVERSITY,2020-10-06/2021-12-16,public,"fastq,run.zq,sra","gs,ncbi,s3","gs.us-east1,ncbi.public,s3.us-east-1",human body,distal gut,stool,SRX21107003,USA,North America,USA,Homo sapiens,Illumina MiSeq,333TP07,42.4440 N 76.5019 W,333TP07,PAIRED,PCR,METAGENOMIC,human gut metagenome,ILLUMINA,2025-01-01T00:00:00Z,2023-07-20T15:26:00Z,1,333TP07,SRP450576
SRR25367666,AMPLICON,502,38488340,PRJNA944997,SAMN36658300,"MIMARKS.survey,MIGS/MIMS/MIMARKS.human-gut",23855859,CORNELL UNIVERSITY,2020-10-06/2021-12-16,public,"fastq,run.zq,sra","gs,ncbi,s3","gs.us-east1,ncbi.public,s3.us-east-1",human body,distal gut,stool,SRX21107002,USA,North America,USA,Homo sapiens,Illumina MiSeq,333TP06,42.4440 N 76.5019 W,333TP06,PAIRED,PCR,METAGENOMIC,human gut metagenome,ILLUMINA,2025-01-01T00:00:00Z,2023-07-20T15:27:00Z,1,333TP06,SRP450576
SRR25367667,AMPLICON,502,31961838,PRJNA944997,SAMN36658535,"MIMARKS.survey,MIGS/MIMS/MIMARKS.human-gut",20754611,CORNELL UNIVERSITY,2020-10-06/2021-12-16,public,"fastq,run.zq,sra","gs,ncbi,s3","gs.us-east1,ncbi.public,s3.us-east-1",human body,distal gut,stool,SRX21107001,USA,North America,USA,Homo sapiens,Illumina MiSeq,333TP05,42.4440 N 76.5019 W,333TP05,PAIRED,PCR,METAGENOMIC,human gut metagenome,ILLUMINA,2025-01-01T00:00:00Z,2023-07-20T15:26:00Z,1,333TP05,SRP450576
SRR25367668,AMPLICON,502,29701834,PRJNA944997,SAMN36658069,"MIMARKS.survey,MIGS/MIMS/MIMARKS.human-gut",19137900,CORNELL UNIVERSITY,2020-10-06/2021-12-16,public,"fastq,run.zq,sra","gs,ncbi,s3","gs.us-east1,ncbi.public,s3.us-east-1",human body,distal gut,stool,SRX21107000,USA,North America,USA,Homo sapiens,Illumina MiSeq,333TP04,42.4440 N 76.5019 W,333TP04,PAIRED,PCR,METAGENOMIC,human gut metagenome,ILLUMINA,2025-01-01T00:00:00Z,2023-07-20T15:26:00Z,1,333TP04,SRP450576
SRR25367669,AMPLICON,502,29491496,PRJNA944997,SAMN36658068,"MIMARKS.survey,MIGS/MIMS/MIMARKS.human-gut",17782344,CORNELL UNIVERSITY,2020-10-06/2021-12-16,public,"fastq,run.zq,sra","gs,ncbi,s3","gs.us-east1,ncbi.public,s3.us-east-1",human body,distal gut,stool,SRX21106999,USA,North America,USA,Homo sapiens,Illumina MiSeq,333TP03,42.4440 N 76.5019 W,333TP03,PAIRED,PCR,METAGENOMIC,human gut metagenome,ILLUMINA,2025-01-01T00:00:00Z,2023-07-20T15:26:00Z,1,333TP03,SRP450576
SRR25367670,AMPLICON,502,30045704,PRJNA944997,SAMN36658405,"MIMARKS.survey,MIGS/MIMS/MIMARKS.human-gut",19573542,CORNELL UNIVERSITY,2020-10-06/2021-12-16,public,"fastq,run.zq,sra","gs,ncbi,s3","gs.us-east1,ncbi.public,s3.us-east-1",human body,distal gut,stool,SRX21106998,USA,North America,USA,Homo sapiens,Illumina MiSeq,333TP02,42.4440 N 76.5019 W,333TP02,PAIRED,PCR,METAGENOMIC,human gut metagenome,ILLUMINA,2025-01-01T00:00:00Z,2023-07-20T15:26:00Z,1,333TP02,SRP450576
SRR25367671,AMPLICON,502,22137698,PRJNA944997,SAMN36657990,"MIMARKS.survey,MIGS/MIMS/MIMARKS.human-gut",12700682,CORNELL UNIVERSITY,2020-10-06/2021-12-16,public,"fastq,run.zq,sra","gs,ncbi,s3","gs.us-east1,ncbi.public,s3.us-east-1",human body,distal gut,stool,SRX21106997,USA,North America,USA,Homo sapiens,Illumina MiSeq,333TP01,42.4440 N 76.5019 W,333TP01,PAIRED,PCR,METAGENOMIC,human gut metagenome,ILLUMINA,2025-01-01T00:00:00Z,2023-07-20T15:26:00Z,1,333TP01,SRP450576
SRR25367672,AMPLICON,502,38127402,PRJNA944997,SAMN36658404,"MIMARKS.survey,MIGS/MIMS/MIMARKS.human-gut",24292277,CORNELL UNIVERSITY,2020-10-06/2021-12-16,public,"fastq,run.zq,sra","gs,ncbi,s3","gs.us-east1,ncbi.public,s3.us-east-1",human body,distal gut,stool,SRX21106996,USA,North America,USA,Homo sapiens,Illumina MiSeq,332TP08,42.4440 N 76.5019 W,332TP08,PAIRED,PCR,METAGENOMIC,human gut metagenome,ILLUMINA,2025-01-01T00:00:00Z,2023-07-20T15:26:00Z,1,332TP08,SRP450576
SRR25367673,AMPLICON,502,25742560,PRJNA944997,SAMN36657979,"MIMARKS.survey,MIGS/MIMS/MIMARKS.human-gut",14682995,CORNELL UNIVERSITY,2020-10-06/2021-12-16,public,"fastq,run.zq,sra","gs,ncbi,s3","gs.us-east1,ncbi.public,s3.us-east-1",human body,distal gut,stool,SRX21106995,USA,North America,USA,Homo sapiens,Illumina MiSeq,321TP01,42.4440 N 76.5019 W,321TP01,PAIRED,PCR,METAGENOMIC,human gut metagenome,ILLUMINA,2025-01-01T00:00:00Z,2023-07-20T15:26:00Z,1,321TP01,SRP450576
SRR25367674,AMPLICON,502,47798934,PRJNA944997,SAMN36658758,"MIMARKS.survey,MIGS/MIMS/MIMARKS.human-gut",32635539,CORNELL UNIVERSITY,2020-10-06/2021-12-16,public,"fastq,run.zq,sra","gs,ncbi,s3","gs.us-east1,ncbi.public,s3.us-east-1",human body,distal gut,stool,SRX21106994,USA,North America,USA,Homo sapiens,Illumina MiSeq,332TP07.2,42.4440 N 76.5019 W,332TP07.2,PAIRED,PCR,METAGENOMIC,human gut metagenome,ILLUMINA,2025-01-01T00:00:00Z,2023-07-20T15:27:00Z,1,332TP07.2,SRP450576
SRR25367675,AMPLICON,502,26883606,PRJNA944997,SAMN36658299,"MIMARKS.survey,MIGS/MIMS/MIMARKS.human-gut",16194412,CORNELL UNIVERSITY,2020-10-06/2021-12-16,public,"fastq,run.zq,sra","gs,ncbi,s3","gs.us-east1,ncbi.public,s3.us-east-1",human body,distal gut,stool,SRX21106993,USA,North America,USA,Homo sapiens,Illumina MiSeq,332TP07,42.4440 N 76.5019 W,332TP07,PAIRED,PCR,METAGENOMIC,human gut metagenome,ILLUMINA,2025-01-01T00:00:00Z,2023-07-20T15:27:00Z,1,332TP07,SRP450576
SRR25367678,AMPLICON,502,30843382,PRJNA944997,SAMN36658182,"MIMARKS.survey,MIGS/MIMS/MIMARKS.human-gut",19941711,CORNELL UNIVERSITY,2020-10-06/2021-12-16,public,"fastq,run.zq,sra","gs,ncbi,s3","gs.us-east1,ncbi.public,s3.us-east-1",human body,distal gut,stool,SRX21106990,USA,North America,USA,Homo sapiens,Illumina MiSeq,332TP04,42.4440 N 76.5019 W,332TP04,PAIRED,PCR,METAGENOMIC,human gut metagenome,ILLUMINA,2025-01-01T00:00:00Z,2023-07-20T15:26:00Z,1,332TP04,SRP450576
SRR25367679,AMPLICON,502,25202408,PRJNA944997,SAMN36658181,"MIMARKS.survey,MIGS/MIMS/MIMARKS.human-gut",15217334,CORNELL UNIVERSITY,2020-10-06/2021-12-16,public,"fastq,run.zq,sra","gs,ncbi,s3","gs.us-east1,ncbi.public,s3.us-east-1",human body,distal gut,stool,SRX21106989,USA,North America,USA,Homo sapiens,Illumina MiSeq,332TP03,42.4440 N 76.5019 W,332TP03,PAIRED,PCR,METAGENOMIC,human gut metagenome,ILLUMINA,2025-01-01T00:00:00Z,2023-07-20T15:26:00Z,1,332TP03,SRP450576
SRR25367680,AMPLICON,502,39900466,PRJNA944997,SAMN36658469,"MIMARKS.survey,MIGS/MIMS/MIMARKS.human-gut",25692350,CORNELL UNIVERSITY,2020-10-06/2021-12-16,public,"fastq,run.zq,sra","gs,ncbi,s3","gs.us-east1,ncbi.public,s3.us-east-1",human body,distal gut,stool,SRX21106988,USA,North America,USA,Homo sapiens,Illumina MiSeq,332TP02,42.4440 N 76.5019 W,332TP02,PAIRED,PCR,METAGENOMIC,human gut metagenome,ILLUMINA,2025-01-01T00:00:00Z,2023-07-20T15:27:00Z,1,332TP02,SRP450576
SRR25367681,AMPLICON,502,33405088,PRJNA944997,SAMN36657989,"MIMARKS.survey,MIGS/MIMS/MIMARKS.human-gut",19373775,CORNELL UNIVERSITY,2020-10-06/2021-12-16,public,"fastq,run.zq,sra","gs,ncbi,s3","gs.us-east1,ncbi.public,s3.us-east-1",human body,distal gut,stool,SRX21106987,USA,North America,USA,Homo sapiens,Illumina MiSeq,332TP01.rerun,42.4440 N 76.5019 W,332TP01.rerun,PAIRED,PCR,METAGENOMIC,human gut metagenome,ILLUMINA,2025-01-01T00:00:00Z,2023-07-20T15:26:00Z,1,332TP01.rerun,SRP450576
SRR25367682,AMPLICON,502,29519608,PRJNA944997,SAMN36658604,"MIMARKS.survey,MIGS/MIMS/MIMARKS.human-gut",17392159,CORNELL UNIVERSITY,2020-10-06/2021-12-16,public,"fastq,run.zq,sra","gs,ncbi,s3","gs.us-east1,ncbi.public,s3.us-east-1",human body,distal gut,stool,SRX21106986,USA,North America,USA,Homo sapiens,Illumina MiSeq,331TP12.rerun,42.4440 N 76.5019 W,331TP12.rerun,PAIRED,PCR,METAGENOMIC,human gut metagenome,ILLUMINA,2025-01-01T00:00:00Z,2023-07-20T15:26:00Z,1,331TP12.rerun,SRP450576
SRR25367683,AMPLICON,502,38461232,PRJNA944997,SAMN36658603,"MIMARKS.survey,MIGS/MIMS/MIMARKS.human-gut",21875069,CORNELL UNIVERSITY,2020-10-06/2021-12-16,public,"fastq,run.zq,sra","gs,ncbi,s3","gs.us-east1,ncbi.public,s3.us-east-1",human body,distal gut,stool,SRX21106985,USA,North America,USA,Homo sapiens,Illumina MiSeq,331TP11,42.4440 N 76.5019 W,331TP11,PAIRED,PCR,METAGENOMIC,human gut metagenome,ILLUMINA,2025-01-01T00:00:00Z,2023-07-20T15:26:00Z,1,331TP11,SRP450576
SRR25367684,AMPLICON,502,31507528,PRJNA944997,SAMN36658588,"MIMARKS.survey,MIGS/MIMS/MIMARKS.human-gut",18263110,CORNELL UNIVERSITY,2020-10-06/2021-12-16,public,"fastq,run.zq,sra","gs,ncbi,s3","gs.us-east1,ncbi.public,s3.us-east-1",human body,distal gut,stool,SRX21106984,USA,North America,USA,Homo sapiens,Illumina MiSeq,320TP12,42.4440 N 76.5019 W,320TP12,PAIRED,PCR,METAGENOMIC,human gut metagenome,ILLUMINA,2025-01-01T00:00:00Z,2023-07-20T15:26:00Z,1,320TP12,SRP450576
SRR25367688,AMPLICON,502,23256656,PRJNA944997,SAMN36658817,"MIMARKS.survey,MIGS/MIMS/MIMARKS.human-gut",13919849,CORNELL UNIVERSITY,2020-10-06/2021-12-16,public,"fastq,run.zq,sra","gs,ncbi,s3","gs.us-east1,ncbi.public,s3.us-east-1",human body,distal gut,stool,SRX21106980,USA,North America,USA,Homo sapiens,Illumina MiSeq,331TP07.2,42.4440 N 76.5019 W,331TP07.2,PAIRED,PCR,METAGENOMIC,human gut metagenome,ILLUMINA,2025-01-01T00:00:00Z,2023-07-20T15:26:00Z,1,331TP07.2,SRP450576
SRR25367695,AMPLICON,502,35916594,PRJNA944997,SAMN36658465,"MIMARKS.survey,MIGS/MIMS/MIMARKS.human-gut",21515190,CORNELL UNIVERSITY,2020-10-06/2021-12-16,public,"fastq,run.zq,sra","gs,ncbi,s3","gs.us-east1,ncbi.public,s3.us-east-1",human body,distal gut,stool,SRX21106973,USA,North America,USA,Homo sapiens,Illumina MiSeq,328TP02,42.4440 N 76.5019 W,328TP02,PAIRED,PCR,METAGENOMIC,human gut metagenome,ILLUMINA,2025-01-01T00:00:00Z,2023-07-20T15:26:00Z,1,328TP02,SRP450576
SRR25367696,AMPLICON,502,26145666,PRJNA944997,SAMN36657985,"MIMARKS.survey,MIGS/MIMS/MIMARKS.human-gut",15087837,CORNELL UNIVERSITY,2020-10-06/2021-12-16,public,"fastq,run.zq,sra","gs,ncbi,s3","gs.us-east1,ncbi.public,s3.us-east-1",human body,distal gut,stool,SRX21106972,USA,North America,USA,Homo sapiens,Illumina MiSeq,328TP01,42.4440 N 76.5019 W,328TP01,PAIRED,PCR,METAGENOMIC,human gut metagenome,ILLUMINA,2025-01-01T00:00:00Z,2023-07-20T15:26:00Z,1,328TP01,SRP450576
SRR25367697,AMPLICON,502,36455240,PRJNA944997,SAMN36658464,"MIMARKS.survey,MIGS/MIMS/MIMARKS.human-gut",23020925,CORNELL UNIVERSITY,2020-10-06/2021-12-16,public,"fastq,run.zq,sra","gs,ncbi,s3","gs.us-east1,ncbi.public,s3.us-east-1",human body,distal gut,stool,SRX21106971,USA,North America,USA,Homo sapiens,Illumina MiSeq,327TP08,42.4440 N 76.5019 W,327TP08,PAIRED,PCR,METAGENOMIC,human gut metagenome,ILLUMINA,2025-01-01T00:00:00Z,2023-07-20T15:26:00Z,1,327TP08,SRP450576
SRR25367698,AMPLICON,502,22927846,PRJNA944997,SAMN36658785,"MIMARKS.survey,MIGS/MIMS/MIMARKS.human-gut",13129732,CORNELL UNIVERSITY,2020-10-06/2021-12-16,public,"fastq,run.zq,sra","gs,ncbi,s3","gs.us-east1,ncbi.public,s3.us-east-1",human body,distal gut,stool,SRX21106970,USA,North America,USA,Homo sapiens,Illumina MiSeq,327TP07.2,42.4440 N 76.5019 W,327TP07.2,PAIRED,PCR,METAGENOMIC,human gut metagenome,ILLUMINA,2025-01-01T00:00:00Z,2023-07-20T15:26:00Z,1,327TP07.2,SRP450576
SRR25367700,AMPLICON,502,36274018,PRJNA944997,SAMN36658290,"MIMARKS.survey,MIGS/MIMS/MIMARKS.human-gut",21589016,CORNELL UNIVERSITY,2020-10-06/2021-12-16,public,"fastq,run.zq,sra","gs,ncbi,s3","gs.us-east1,ncbi.public,s3.us-east-1",human body,distal gut,stool,SRX21106968,USA,North America,USA,Homo sapiens,Illumina MiSeq,327TP06,42.4440 N 76.5019 W,327TP06,PAIRED,PCR,METAGENOMIC,human gut metagenome,ILLUMINA,2025-01-01T00:00:00Z,2023-07-20T15:27:00Z,1,327TP06,SRP450576
SRR25367701,AMPLICON,502,41350242,PRJNA944997,SAMN36658790,"MIMARKS.survey,MIGS/MIMS/MIMARKS.human-gut",27601735,CORNELL UNIVERSITY,2020-10-06/2021-12-16,public,"fastq,run.zq,sra","gs,ncbi,s3","gs.us-east1,ncbi.public,s3.us-east-1",human body,distal gut,stool,SRX21106967,USA,North America,USA,Homo sapiens,Illumina MiSeq,327TP05.2,42.4440 N 76.5019 W,327TP05.2,PAIRED,PCR,METAGENOMIC,human gut metagenome,ILLUMINA,2025-01-01T00:00:00Z,2023-07-20T15:27:00Z,1,327TP05.2,SRP450576
SRR25367703,AMPLICON,502,38941646,PRJNA944997,SAMN36658061,"MIMARKS.survey,MIGS/MIMS/MIMARKS.human-gut",24448774,CORNELL UNIVERSITY,2020-10-06/2021-12-16,public,"fastq,run.zq,sra","gs,ncbi,s3","gs.us-east1,ncbi.public,s3.us-east-1",human body,distal gut,stool,SRX21106965,USA,North America,USA,Homo sapiens,Illumina MiSeq,327TP04,42.4440 N 76.5019 W,327TP04,PAIRED,PCR,METAGENOMIC,human gut metagenome,ILLUMINA,2025-01-01T00:00:00Z,2023-07-20T15:27:00Z,1,327TP04,SRP450576
SRR25367704,AMPLICON,502,39740328,PRJNA944997,SAMN36658060,"MIMARKS.survey,MIGS/MIMS/MIMARKS.human-gut",24249027,CORNELL UNIVERSITY,2020-10-06/2021-12-16,public,"fastq,run.zq,sra","gs,ncbi,s3","gs.us-east1,ncbi.public,s3.us-east-1",human body,distal gut,stool,SRX21106964,USA,North America,USA,Homo sapiens,Illumina MiSeq,327TP03,42.4440 N 76.5019 W,327TP03,PAIRED,PCR,METAGENOMIC,human gut metagenome,ILLUMINA,2025-01-01T00:00:00Z,2023-07-20T15:27:00Z,1,327TP03,SRP450576
SRR25367709,AMPLICON,502,30355438,PRJNA944997,SAMN36658692,"MIMARKS.survey,MIGS/MIMS/MIMARKS.human-gut",17449823,CORNELL UNIVERSITY,2020-10-06/2021-12-16,public,"fastq,run.zq,sra","gs,ncbi,s3","gs.us-east1,ncbi.public,s3.us-east-1",human body,distal gut,stool,SRX21106959,USA,North America,USA,Homo sapiens,Illumina MiSeq,395TP12,42.4440 N 76.5019 W,395TP12,PAIRED,PCR,METAGENOMIC,human gut metagenome,ILLUMINA,2025-01-01T00:00:00Z,2023-07-20T15:27:00Z,1,395TP12,SRP450576
SRR25367710,AMPLICON,502,54489088,PRJNA944997,SAMN36658691,"MIMARKS.survey,MIGS/MIMS/MIMARKS.human-gut",34119996,CORNELL UNIVERSITY,2020-10-06/2021-12-16,public,"fastq,run.zq,sra","gs,ncbi,s3","gs.us-east1,ncbi.public,s3.us-east-1",human body,distal gut,stool,SRX21106958,USA,North America,USA,Homo sapiens,Illumina MiSeq,395TP11,42.4440 N 76.5019 W,395TP11,PAIRED,PCR,METAGENOMIC,human gut metagenome,ILLUMINA,2025-01-01T00:00:00Z,2023-07-20T15:26:00Z,1,395TP11,SRP450576
SRR25367711,AMPLICON,502,38980802,PRJNA944997,SAMN36658778,"MIMARKS.survey,MIGS/MIMS/MIMARKS.human-gut",26226923,CORNELL UNIVERSITY,2020-10-06/2021-12-16,public,"fastq,run.zq,sra","gs,ncbi,s3","gs.us-east1,ncbi.public,s3.us-east-1",human body,distal gut,stool,SRX21106957,USA,North America,USA,Homo sapiens,Illumina MiSeq,395TP10.2,42.4440 N 76.5019 W,395TP10.2,PAIRED,PCR,METAGENOMIC,human gut metagenome,ILLUMINA,2025-01-01T00:00:00Z,2023-07-20T15:26:00Z,1,395TP10.2,SRP450576
SRR25367712,AMPLICON,502,22906762,PRJNA944997,SAMN36658163,"MIMARKS.survey,MIGS/MIMS/MIMARKS.human-gut",13416467,CORNELL UNIVERSITY,2020-10-06/2021-12-16,public,"fastq,run.zq,sra","gs,ncbi,s3","gs.us-east1,ncbi.public,s3.us-east-1",human body,distal gut,stool,SRX21106956,USA,North America,USA,Homo sapiens,Illumina MiSeq,395TP10,42.4440 N 76.5019 W,395TP10,PAIRED,PCR,METAGENOMIC,human gut metagenome,ILLUMINA,2025-01-01T00:00:00Z,2023-07-20T15:26:00Z,1,395TP10,SRP450576
SRR25367713,AMPLICON,502,28284688,PRJNA944997,SAMN36658162,"MIMARKS.survey,MIGS/MIMS/MIMARKS.human-gut",16636252,CORNELL UNIVERSITY,2020-10-06/2021-12-16,public,"fastq,run.zq,sra","gs,ncbi,s3","gs.us-east1,ncbi.public,s3.us-east-1",human body,distal gut,stool,SRX21106955,USA,North America,USA,Homo sapiens,Illumina MiSeq,395TP09,42.4440 N 76.5019 W,395TP09,PAIRED,PCR,METAGENOMIC,human gut metagenome,ILLUMINA,2025-01-01T00:00:00Z,2023-07-20T15:26:00Z,1,395TP09,SRP450576
SRR25367714,AMPLICON,502,40896434,PRJNA944997,SAMN36658457,"MIMARKS.survey,MIGS/MIMS/MIMARKS.human-gut",26297945,CORNELL UNIVERSITY,2020-10-06/2021-12-16,public,"fastq,run.zq,sra","gs,ncbi,s3","gs.us-east1,ncbi.public,s3.us-east-1",human body,distal gut,stool,SRX21106954,USA,North America,USA,Homo sapiens,Illumina MiSeq,395TP08,42.4440 N 76.5019 W,395TP08,PAIRED,PCR,METAGENOMIC,human gut metagenome,ILLUMINA,2025-01-01T00:00:00Z,2023-07-20T15:26:00Z,1,395TP08,SRP450576
SRR25367715,AMPLICON,502,46017336,PRJNA944997,SAMN36658735,"MIMARKS.survey,MIGS/MIMS/MIMARKS.human-gut",30516113,CORNELL UNIVERSITY,2020-10-06/2021-12-16,public,"fastq,run.zq,sra","gs,ncbi,s3","gs.us-east1,ncbi.public,s3.us-east-1",human body,distal gut,stool,SRX21106953,USA,North America,USA,Homo sapiens,Illumina MiSeq,395TP07.2,42.4440 N 76.5019 W,395TP07.2,PAIRED,PCR,METAGENOMIC,human gut metagenome,ILLUMINA,2025-01-01T00:00:00Z,2023-07-20T15:27:00Z,1,395TP07.2,SRP450576
SRR25367729,AMPLICON,502,31495480,PRJNA944997,SAMN36658708,"MIMARKS.survey,MIGS/MIMS/MIMARKS.human-gut",18583426,CORNELL UNIVERSITY,2020-10-06/2021-12-16,public,"fastq,run.zq,sra","gs,ncbi,s3","gs.us-east1,ncbi.public,s3.us-east-1",human body,distal gut,stool,SRX21106939,USA,North America,USA,Homo sapiens,Illumina MiSeq,384TP10.2,42.4440 N 76.5019 W,384TP10.2,PAIRED,PCR,METAGENOMIC,human gut metagenome,ILLUMINA,2025-01-01T00:00:00Z,2023-07-20T15:27:00Z,1,384TP10.2,SRP450576
SRR25367734,AMPLICON,502,21332992,PRJNA944997,SAMN36658804,"MIMARKS.survey,MIGS/MIMS/MIMARKS.human-gut",12324327,CORNELL UNIVERSITY,2020-10-06/2021-12-16,public,"fastq,run.zq,sra","gs,ncbi,s3","gs.us-east1,ncbi.public,s3.us-east-1",human body,distal gut,stool,SRX21106934,USA,North America,USA,Homo sapiens,Illumina MiSeq,384TP07.2,42.4440 N 76.5019 W,384TP07.2,PAIRED,PCR,METAGENOMIC,human gut metagenome,ILLUMINA,2025-01-01T00:00:00Z,2023-07-20T15:26:00Z,1,384TP07.2,SRP450576
SRR25367735,AMPLICON,502,36400020,PRJNA944997,SAMN36658380,"MIMARKS.survey,MIGS/MIMS/MIMARKS.human-gut",24171499,CORNELL UNIVERSITY,2020-10-06/2021-12-16,public,"fastq,run.zq,sra","gs,ncbi,s3","gs.us-east1,ncbi.public,s3.us-east-1",human body,distal gut,stool,SRX21106933,USA,North America,USA,Homo sapiens,Illumina MiSeq,384TP07,42.4440 N 76.5019 W,384TP07,PAIRED,PCR,METAGENOMIC,human gut metagenome,ILLUMINA,2025-01-01T00:00:00Z,2023-07-20T15:27:00Z,1,384TP07,SRP450576
SRR25367736,AMPLICON,502,43763858,PRJNA944997,SAMN36658379,"MIMARKS.survey,MIGS/MIMS/MIMARKS.human-gut",26690647,CORNELL UNIVERSITY,2020-10-06/2021-12-16,public,"fastq,run.zq,sra","gs,ncbi,s3","gs.us-east1,ncbi.public,s3.us-east-1",human body,distal gut,stool,SRX21106932,USA,North America,USA,Homo sapiens,Illumina MiSeq,384TP06,42.4440 N 76.5019 W,384TP06,PAIRED,PCR,METAGENOMIC,human gut metagenome,ILLUMINA,2025-01-01T00:00:00Z,2023-07-20T15:26:00Z,1,384TP06,SRP450576
SRR25367738,AMPLICON,502,23636168,PRJNA944997,SAMN36658791,"MIMARKS.survey,MIGS/MIMS/MIMARKS.human-gut",13878418,CORNELL UNIVERSITY,2020-10-06/2021-12-16,public,"fastq,run.zq,sra","gs,ncbi,s3","gs.us-east1,ncbi.public,s3.us-east-1",human body,distal gut,stool,SRX21106930,USA,North America,USA,Homo sapiens,Illumina MiSeq,384TP04.2,42.4440 N 76.5019 W,384TP04.2,PAIRED,PCR,METAGENOMIC,human gut metagenome,ILLUMINA,2025-01-01T00:00:00Z,2023-07-20T15:27:00Z,1,384TP04.2,SRP450576
SRR25367739,AMPLICON,502,42081656,PRJNA944997,SAMN36658264,"MIMARKS.survey,MIGS/MIMS/MIMARKS.human-gut",28316067,CORNELL UNIVERSITY,2020-10-06/2021-12-16,public,"fastq,run.zq,sra","gs,ncbi,s3","gs.us-east1,ncbi.public,s3.us-east-1",human body,distal gut,stool,SRX21106929,USA,North America,USA,Homo sapiens,Illumina MiSeq,384TP04,42.4440 N 76.5019 W,384TP04,PAIRED,PCR,METAGENOMIC,human gut metagenome,ILLUMINA,2025-01-01T00:00:00Z,2023-07-20T15:26:00Z,1,384TP04,SRP450576
SRR25367740,AMPLICON,502,27209404,PRJNA944997,SAMN36658263,"MIMARKS.survey,MIGS/MIMS/MIMARKS.human-gut",17391226,CORNELL UNIVERSITY,2020-10-06/2021-12-16,public,"fastq,run.zq,sra","gs,ncbi,s3","gs.us-east1,ncbi.public,s3.us-east-1",human body,distal gut,stool,SRX21106928,USA,North America,USA,Homo sapiens,Illumina MiSeq,384TP03,42.4440 N 76.5019 W,384TP03,PAIRED,PCR,METAGENOMIC,human gut metagenome,ILLUMINA,2025-01-01T00:00:00Z,2023-07-20T15:27:00Z,1,384TP03,SRP450576
SRR25367741,AMPLICON,502,32601888,PRJNA944997,SAMN36658513,"MIMARKS.survey,MIGS/MIMS/MIMARKS.human-gut",20736815,CORNELL UNIVERSITY,2020-10-06/2021-12-16,public,"fastq,run.zq,sra","gs,ncbi,s3","gs.us-east1,ncbi.public,s3.us-east-1",human body,distal gut,stool,SRX21106927,USA,North America,USA,Homo sapiens,Illumina MiSeq,384TP02,42.4440 N 76.5019 W,384TP02,PAIRED,PCR,METAGENOMIC,human gut metagenome,ILLUMINA,2025-01-01T00:00:00Z,2023-07-20T15:27:00Z,1,384TP02,SRP450576
SRR25367742,AMPLICON,502,30866474,PRJNA944997,SAMN36658173,"MIMARKS.survey,MIGS/MIMS/MIMARKS.human-gut",18530455,CORNELL UNIVERSITY,2020-10-06/2021-12-16,public,"fastq,run.zq,sra","gs,ncbi,s3","gs.us-east1,ncbi.public,s3.us-east-1",human body,distal gut,stool,SRX21106926,USA,North America,USA,Homo sapiens,Illumina MiSeq,326TP03,42.4440 N 76.5019 W,326TP03,PAIRED,PCR,METAGENOMIC,human gut metagenome,ILLUMINA,2025-01-01T00:00:00Z,2023-07-20T15:26:00Z,1,326TP03,SRP450576
SRR25367743,AMPLICON,502,31409136,PRJNA944997,SAMN36658037,"MIMARKS.survey,MIGS/MIMS/MIMARKS.human-gut",18217557,CORNELL UNIVERSITY,2020-10-06/2021-12-16,public,"fastq,run.zq,sra","gs,ncbi,s3","gs.us-east1,ncbi.public,s3.us-east-1",human body,distal gut,stool,SRX21106925,USA,North America,USA,Homo sapiens,Illumina MiSeq,384TP01.rerun,42.4440 N 76.5019 W,384TP01.rerun,PAIRED,PCR,METAGENOMIC,human gut metagenome,ILLUMINA,2025-01-01T00:00:00Z,2023-07-20T15:27:00Z,1,384TP01.rerun,SRP450576
SRR25367744,AMPLICON,502,25573888,PRJNA944997,SAMN36658678,"MIMARKS.survey,MIGS/MIMS/MIMARKS.human-gut",14961153,CORNELL UNIVERSITY,2020-10-06/2021-12-16,public,"fastq,run.zq,sra","gs,ncbi,s3","gs.us-east1,ncbi.public,s3.us-east-1",human body,distal gut,stool,SRX21106924,USA,North America,USA,Homo sapiens,Illumina MiSeq,383TP12.rerun,42.4440 N 76.5019 W,383TP12.rerun,PAIRED,PCR,METAGENOMIC,human gut metagenome,ILLUMINA,2025-01-01T00:00:00Z,2023-07-20T15:26:00Z,1,383TP12.rerun,SRP450576
SRR25367745,AMPLICON,502,30144096,PRJNA944997,SAMN36658677,"MIMARKS.survey,MIGS/MIMS/MIMARKS.human-gut",18080247,CORNELL UNIVERSITY,2020-10-06/2021-12-16,public,"fastq,run.zq,sra","gs,ncbi,s3","gs.us-east1,ncbi.public,s3.us-east-1",human body,distal gut,stool,SRX21106923,USA,North America,USA,Homo sapiens,Illumina MiSeq,383TP11.rerun,42.4440 N 76.5019 W,383TP11.rerun,PAIRED,PCR,METAGENOMIC,human gut metagenome,ILLUMINA,2025-01-01T00:00:00Z,2023-07-20T15:27:00Z,1,383TP11.rerun,SRP450576
SRR25367746,AMPLICON,502,47922426,PRJNA944997,SAMN36658775,"MIMARKS.survey,MIGS/MIMS/MIMARKS.human-gut",32661497,CORNELL UNIVERSITY,2020-10-06/2021-12-16,public,"fastq,run.zq,sra","gs,ncbi,s3","gs.us-east1,ncbi.public,s3.us-east-1",human body,distal gut,stool,SRX21106922,USA,North America,USA,Homo sapiens,Illumina MiSeq,383TP10.2,42.4440 N 76.5019 W,383TP10.2,PAIRED,PCR,METAGENOMIC,human gut metagenome,ILLUMINA,2025-01-01T00:00:00Z,2023-07-20T15:27:00Z,1,383TP10.2,SRP450576
SRR25367747,AMPLICON,502,26954890,PRJNA944997,SAMN36658262,"MIMARKS.survey,MIGS/MIMS/MIMARKS.human-gut",16219555,CORNELL UNIVERSITY,2020-10-06/2021-12-16,public,"fastq,run.zq,sra","gs,ncbi,s3","gs.us-east1,ncbi.public,s3.us-east-1",human body,distal gut,stool,SRX21106921,USA,North America,USA,Homo sapiens,Illumina MiSeq,383TP10,42.4440 N 76.5019 W,383TP10,PAIRED,PCR,METAGENOMIC,human gut metagenome,ILLUMINA,2025-01-01T00:00:00Z,2023-07-20T15:27:00Z,1,383TP10,SRP450576
SRR25367748,AMPLICON,502,21366124,PRJNA944997,SAMN36658261,"MIMARKS.survey,MIGS/MIMS/MIMARKS.human-gut",12674345,CORNELL UNIVERSITY,2020-10-06/2021-12-16,public,"fastq,run.zq,sra","gs,ncbi,s3","gs.us-east1,ncbi.public,s3.us-east-1",human body,distal gut,stool,SRX21106920,USA,North America,USA,Homo sapiens,Illumina MiSeq,383TP09,42.4440 N 76.5019 W,383TP09,PAIRED,PCR,METAGENOMIC,human gut metagenome,ILLUMINA,2025-01-01T00:00:00Z,2023-07-20T15:27:00Z,1,383TP09,SRP450576
SRR25367749,AMPLICON,502,33571752,PRJNA944997,SAMN36658512,"MIMARKS.survey,MIGS/MIMS/MIMARKS.human-gut",21471066,CORNELL UNIVERSITY,2020-10-06/2021-12-16,public,"fastq,run.zq,sra","gs,ncbi,s3","gs.us-east1,ncbi.public,s3.us-east-1",human body,distal gut,stool,SRX21106919,USA,North America,USA,Homo sapiens,Illumina MiSeq,383TP08,42.4440 N 76.5019 W,383TP08,PAIRED,PCR,METAGENOMIC,human gut metagenome,ILLUMINA,2025-01-01T00:00:00Z,2023-07-20T15:26:00Z,1,383TP08,SRP450576
SRR25367750,AMPLICON,502,46070046,PRJNA944997,SAMN36658378,"MIMARKS.survey,MIGS/MIMS/MIMARKS.human-gut",27573388,CORNELL UNIVERSITY,2020-10-06/2021-12-16,public,"fastq,run.zq,sra","gs,ncbi,s3","gs.us-east1,ncbi.public,s3.us-east-1",human body,distal gut,stool,SRX21106918,USA,North America,USA,Homo sapiens,Illumina MiSeq,383TP06,42.4440 N 76.5019 W,383TP06,PAIRED,PCR,METAGENOMIC,human gut metagenome,ILLUMINA,2025-01-01T00:00:00Z,2023-07-20T15:27:00Z,1,383TP06,SRP450576
SRR25367753,AMPLICON,502,49055440,PRJNA944997,SAMN36658463,"MIMARKS.survey,MIGS/MIMS/MIMARKS.human-gut",31585461,CORNELL UNIVERSITY,2020-10-06/2021-12-16,public,"fastq,run.zq,sra","gs,ncbi,s3","gs.us-east1,ncbi.public,s3.us-east-1",human body,distal gut,stool,SRX21106915,USA,North America,USA,Homo sapiens,Illumina MiSeq,326TP02,42.4440 N 76.5019 W,326TP02,PAIRED,PCR,METAGENOMIC,human gut metagenome,ILLUMINA,2025-01-01T00:00:00Z,2023-07-20T15:27:00Z,1,326TP02,SRP450576
SRR25367754,AMPLICON,502,37281030,PRJNA944997,SAMN36658149,"MIMARKS.survey,MIGS/MIMS/MIMARKS.human-gut",24664054,CORNELL UNIVERSITY,2020-10-06/2021-12-16,public,"fastq,run.zq,sra","gs,ncbi,s3","gs.us-east1,ncbi.public,s3.us-east-1",human body,distal gut,stool,SRX21106914,USA,North America,USA,Homo sapiens,Illumina MiSeq,383TP04,42.4440 N 76.5019 W,383TP04,PAIRED,PCR,METAGENOMIC,human gut metagenome,ILLUMINA,2025-01-01T00:00:00Z,2023-07-20T15:27:00Z,1,383TP04,SRP450576
SRR25367755,AMPLICON,502,38362338,PRJNA944997,SAMN36658148,"MIMARKS.survey,MIGS/MIMS/MIMARKS.human-gut",24627221,CORNELL UNIVERSITY,2020-10-06/2021-12-16,public,"fastq,run.zq,sra","gs,ncbi,s3","gs.us-east1,ncbi.public,s3.us-east-1",human body,distal gut,stool,SRX21106913,USA,North America,USA,Homo sapiens,Illumina MiSeq,383TP03,42.4440 N 76.5019 W,383TP03,PAIRED,PCR,METAGENOMIC,human gut metagenome,ILLUMINA,2025-01-01T00:00:00Z,2023-07-20T15:27:00Z,1,383TP03,SRP450576
SRR25367756,AMPLICON,502,34318728,PRJNA944997,SAMN36658448,"MIMARKS.survey,MIGS/MIMS/MIMARKS.human-gut",22079446,CORNELL UNIVERSITY,2020-10-06/2021-12-16,public,"fastq,run.zq,sra","gs,ncbi,s3","gs.us-east1,ncbi.public,s3.us-east-1",human body,distal gut,stool,SRX21106912,USA,North America,USA,Homo sapiens,Illumina MiSeq,383TP02,42.4440 N 76.5019 W,383TP02,PAIRED,PCR,METAGENOMIC,human gut metagenome,ILLUMINA,2025-01-01T00:00:00Z,2023-07-20T15:27:00Z,1,383TP02,SRP450576
SRR25367763,AMPLICON,502,24554326,PRJNA944997,SAMN36658368,"MIMARKS.survey,MIGS/MIMS/MIMARKS.human-gut",14382643,CORNELL UNIVERSITY,2020-10-06/2021-12-16,public,"fastq,run.zq,sra","gs,ncbi,s3","gs.us-east1,ncbi.public,s3.us-east-1",human body,distal gut,stool,SRX21106905,USA,North America,USA,Homo sapiens,Illumina MiSeq,371TP07,42.4440 N 76.5019 W,371TP07,PAIRED,PCR,METAGENOMIC,human gut metagenome,ILLUMINA,2025-01-01T00:00:00Z,2023-07-20T15:27:00Z,1,371TP07,SRP450576
SRR25367765,AMPLICON,502,29806250,PRJNA944997,SAMN36658570,"MIMARKS.survey,MIGS/MIMS/MIMARKS.human-gut",17404166,CORNELL UNIVERSITY,2020-10-06/2021-12-16,public,"fastq,run.zq,sra","gs,ncbi,s3","gs.us-east1,ncbi.public,s3.us-east-1",human body,distal gut,stool,SRX21106903,USA,North America,USA,Homo sapiens,Illumina MiSeq,371TP05,42.4440 N 76.5019 W,371TP05,PAIRED,PCR,METAGENOMIC,human gut metagenome,ILLUMINA,2025-01-01T00:00:00Z,2023-07-20T15:27:00Z,1,371TP05,SRP450576
SRR25367766,AMPLICON,502,24850506,PRJNA944997,SAMN36658784,"MIMARKS.survey,MIGS/MIMS/MIMARKS.human-gut",14756738,CORNELL UNIVERSITY,2020-10-06/2021-12-16,public,"fastq,run.zq,sra","gs,ncbi,s3","gs.us-east1,ncbi.public,s3.us-east-1",human body,distal gut,stool,SRX21106902,USA,North America,USA,Homo sapiens,Illumina MiSeq,371TP04.2,42.4440 N 76.5019 W,371TP04.2,PAIRED,PCR,METAGENOMIC,human gut metagenome,ILLUMINA,2025-01-01T00:00:00Z,2023-07-20T15:28:00Z,1,371TP04.2,SRP450576
SRR25367767,AMPLICON,502,45392346,PRJNA944997,SAMN36658135,"MIMARKS.survey,MIGS/MIMS/MIMARKS.human-gut",30667784,CORNELL UNIVERSITY,2020-10-06/2021-12-16,public,"fastq,run.zq,sra","gs,ncbi,s3","gs.us-east1,ncbi.public,s3.us-east-1",human body,distal gut,stool,SRX21106901,USA,North America,USA,Homo sapiens,Illumina MiSeq,371TP04,42.4440 N 76.5019 W,371TP04,PAIRED,PCR,METAGENOMIC,human gut metagenome,ILLUMINA,2025-01-01T00:00:00Z,2023-07-20T15:28:00Z,1,371TP04,SRP450576
SRR25367768,AMPLICON,502,34437200,PRJNA944997,SAMN36658286,"MIMARKS.survey,MIGS/MIMS/MIMARKS.human-gut",19734263,CORNELL UNIVERSITY,2020-10-06/2021-12-16,public,"fastq,run.zq,sra","gs,ncbi,s3","gs.us-east1,ncbi.public,s3.us-east-1",human body,distal gut,stool,SRX21106900,USA,North America,USA,Homo sapiens,Illumina MiSeq,325TP06.rerun,42.4440 N 76.5019 W,325TP06.rerun,PAIRED,PCR,METAGENOMIC,human gut metagenome,ILLUMINA,2025-01-01T00:00:00Z,2023-07-20T15:28:00Z,1,325TP06.rerun,SRP450576
SRR25367769,AMPLICON,502,30143092,PRJNA944997,SAMN36658134,"MIMARKS.survey,MIGS/MIMS/MIMARKS.human-gut",17642604,CORNELL UNIVERSITY,2020-10-06/2021-12-16,public,"fastq,run.zq,sra","gs,ncbi,s3","gs.us-east1,ncbi.public,s3.us-east-1",human body,distal gut,stool,SRX21106899,USA,North America,USA,Homo sapiens,Illumina MiSeq,371TP03.rerun,42.4440 N 76.5019 W,371TP03.rerun,PAIRED,PCR,METAGENOMIC,human gut metagenome,ILLUMINA,2025-01-01T00:00:00Z,2023-07-20T15:28:00Z,1,371TP03.rerun,SRP450576
SRR25367773,AMPLICON,502,33413120,PRJNA944997,SAMN36658664,"MIMARKS.survey,MIGS/MIMS/MIMARKS.human-gut",20184843,CORNELL UNIVERSITY,2020-10-06/2021-12-16,public,"fastq,run.zq,sra","gs,ncbi,s3","gs.us-east1,ncbi.public,s3.us-east-1",human body,distal gut,stool,SRX21106895,USA,North America,USA,Homo sapiens,Illumina MiSeq,370TP11,42.4440 N 76.5019 W,370TP11,PAIRED,PCR,METAGENOMIC,human gut metagenome,ILLUMINA,2025-01-01T00:00:00Z,2023-07-20T15:28:00Z,1,370TP11,SRP450576
SRR25367774,AMPLICON,502,27691826,PRJNA944997,SAMN36658732,"MIMARKS.survey,MIGS/MIMS/MIMARKS.human-gut",16243922,CORNELL UNIVERSITY,2020-10-06/2021-12-16,public,"fastq,run.zq,sra","gs,ncbi,s3","gs.us-east1,ncbi.public,s3.us-east-1",human body,distal gut,stool,SRX21106894,USA,North America,USA,Homo sapiens,Illumina MiSeq,370TP10.2,42.4440 N 76.5019 W,370TP10.2,PAIRED,PCR,METAGENOMIC,human gut metagenome,ILLUMINA,2025-01-01T00:00:00Z,2023-07-20T15:28:00Z,1,370TP10.2,SRP450576
SRR25367775,AMPLICON,502,47767810,PRJNA944997,SAMN36658133,"MIMARKS.survey,MIGS/MIMS/MIMARKS.human-gut",31981859,CORNELL UNIVERSITY,2020-10-06/2021-12-16,public,"fastq,run.zq,sra","gs,ncbi,s3","gs.us-east1,ncbi.public,s3.us-east-1",human body,distal gut,stool,SRX21106893,USA,North America,USA,Homo sapiens,Illumina MiSeq,370TP10,42.4440 N 76.5019 W,370TP10,PAIRED,PCR,METAGENOMIC,human gut metagenome,ILLUMINA,2025-01-01T00:00:00Z,2023-07-20T15:28:00Z,1,370TP10,SRP450576
SRR25367776,AMPLICON,502,24653220,PRJNA944997,SAMN36658132,"MIMARKS.survey,MIGS/MIMS/MIMARKS.human-gut",13972665,CORNELL UNIVERSITY,2020-10-06/2021-12-16,public,"fastq,run.zq,sra","gs,ncbi,s3","gs.us-east1,ncbi.public,s3.us-east-1",human body,distal gut,stool,SRX21106892,USA,North America,USA,Homo sapiens,Illumina MiSeq,370TP09,42.4440 N 76.5019 W,370TP09,PAIRED,PCR,METAGENOMIC,human gut metagenome,ILLUMINA,2025-01-01T00:00:00Z,2023-07-20T15:28:00Z,1,370TP09,SRP450576
SRR25367777,AMPLICON,502,32038142,PRJNA944997,SAMN36658438,"MIMARKS.survey,MIGS/MIMS/MIMARKS.human-gut",20342470,CORNELL UNIVERSITY,2020-10-06/2021-12-16,public,"fastq,run.zq,sra","gs,ncbi,s3","gs.us-east1,ncbi.public,s3.us-east-1",human body,distal gut,stool,SRX21106891,USA,North America,USA,Homo sapiens,Illumina MiSeq,370TP08,42.4440 N 76.5019 W,370TP08,PAIRED,PCR,METAGENOMIC,human gut metagenome,ILLUMINA,2025-01-01T00:00:00Z,2023-07-20T15:28:00Z,1,370TP08,SRP450576
SRR25367778,AMPLICON,502,34821230,PRJNA944997,SAMN36658832,"MIMARKS.survey,MIGS/MIMS/MIMARKS.human-gut",23463673,CORNELL UNIVERSITY,2020-10-06/2021-12-16,public,"fastq,run.zq,sra","gs,ncbi,s3","gs.us-east1,ncbi.public,s3.us-east-1",human body,distal gut,stool,SRX21106890,USA,North America,USA,Homo sapiens,Illumina MiSeq,370TP07.2,42.4440 N 76.5019 W,370TP07.2,PAIRED,PCR,METAGENOMIC,human gut metagenome,ILLUMINA,2025-01-01T00:00:00Z,2023-07-20T15:28:00Z,1,370TP07.2,SRP450576
SRR25367779,AMPLICON,502,31796178,PRJNA944997,SAMN36658701,"MIMARKS.survey,MIGS/MIMS/MIMARKS.human-gut",18620313,CORNELL UNIVERSITY,2020-10-06/2021-12-16,public,"fastq,run.zq,sra","gs,ncbi,s3","gs.us-east1,ncbi.public,s3.us-east-1",human body,distal gut,stool,SRX21106889,USA,North America,USA,Homo sapiens,Illumina MiSeq,325TP05.2,42.4440 N 76.5019 W,325TP05.2,PAIRED,PCR,METAGENOMIC,human gut metagenome,ILLUMINA,2025-01-01T00:00:00Z,2023-07-20T15:28:00Z,1,325TP05.2,SRP450576
SRR25367782,AMPLICON,502,26808306,PRJNA944997,SAMN36658569,"MIMARKS.survey,MIGS/MIMS/MIMARKS.human-gut",15800840,CORNELL UNIVERSITY,2020-10-06/2021-12-16,public,"fastq,run.zq,sra","gs,ncbi,s3","gs.us-east1,ncbi.public,s3.us-east-1",human body,distal gut,stool,SRX21106886,USA,North America,USA,Homo sapiens,Illumina MiSeq,370TP05,42.4440 N 76.5019 W,370TP05,PAIRED,PCR,METAGENOMIC,human gut metagenome,ILLUMINA,2025-01-01T00:00:00Z,2023-07-20T15:28:00Z,1,370TP05,SRP450576
SRR25367783,AMPLICON,502,34318226,PRJNA944997,SAMN36658697,"MIMARKS.survey,MIGS/MIMS/MIMARKS.human-gut",20149590,CORNELL UNIVERSITY,2020-10-06/2021-12-16,public,"fastq,run.zq,sra","gs,ncbi,s3","gs.us-east1,ncbi.public,s3.us-east-1",human body,distal gut,stool,SRX21106885,USA,North America,USA,Homo sapiens,Illumina MiSeq,370TP04.2,42.4440 N 76.5019 W,370TP04.2,PAIRED,PCR,METAGENOMIC,human gut metagenome,ILLUMINA,2025-01-01T00:00:00Z,2023-07-20T15:28:00Z,1,370TP04.2,SRP450576
SRR25367784,AMPLICON,502,59523144,PRJNA944997,SAMN36658248,"MIMARKS.survey,MIGS/MIMS/MIMARKS.human-gut",39892109,CORNELL UNIVERSITY,2020-10-06/2021-12-16,public,"fastq,run.zq,sra","gs,ncbi,s3","gs.us-east1,ncbi.public,s3.us-east-1",human body,distal gut,stool,SRX21106884,USA,North America,USA,Homo sapiens,Illumina MiSeq,370TP04,42.4440 N 76.5019 W,370TP04,PAIRED,PCR,METAGENOMIC,human gut metagenome,ILLUMINA,2025-01-01T00:00:00Z,2023-07-20T15:28:00Z,1,370TP04,SRP450576
SRR25367785,AMPLICON,502,34056182,PRJNA944997,SAMN36658247,"MIMARKS.survey,MIGS/MIMS/MIMARKS.human-gut",21000807,CORNELL UNIVERSITY,2020-10-06/2021-12-16,public,"fastq,run.zq,sra","gs,ncbi,s3","gs.us-east1,ncbi.public,s3.us-east-1",human body,distal gut,stool,SRX21106883,USA,North America,USA,Homo sapiens,Illumina MiSeq,370TP03,42.4440 N 76.5019 W,370TP03,PAIRED,PCR,METAGENOMIC,human gut metagenome,ILLUMINA,2025-01-01T00:00:00Z,2023-07-20T15:28:00Z,1,370TP03,SRP450576
SRR25367786,AMPLICON,502,38992348,PRJNA944997,SAMN36658504,"MIMARKS.survey,MIGS/MIMS/MIMARKS.human-gut",25182774,CORNELL UNIVERSITY,2020-10-06/2021-12-16,public,"fastq,run.zq,sra","gs,ncbi,s3","gs.us-east1,ncbi.public,s3.us-east-1",human body,distal gut,stool,SRX21106882,USA,North America,USA,Homo sapiens,Illumina MiSeq,370TP02,42.4440 N 76.5019 W,370TP02,PAIRED,PCR,METAGENOMIC,human gut metagenome,ILLUMINA,2025-01-01T00:00:00Z,2023-07-20T15:28:00Z,1,370TP02,SRP450576
SRR25367788,AMPLICON,502,30362466,PRJNA944997,SAMN36658663,"MIMARKS.survey,MIGS/MIMS/MIMARKS.human-gut",17700924,CORNELL UNIVERSITY,2020-10-06/2021-12-16,public,"fastq,run.zq,sra","gs,ncbi,s3","gs.us-east1,ncbi.public,s3.us-east-1",human body,distal gut,stool,SRX21106880,USA,North America,USA,Homo sapiens,Illumina MiSeq,369TP12,42.4440 N 76.5019 W,369TP12,PAIRED,PCR,METAGENOMIC,human gut metagenome,ILLUMINA,2025-01-01T00:00:00Z,2023-07-20T15:28:00Z,1,369TP12,SRP450576
SRR25367789,AMPLICON,502,27853972,PRJNA944997,SAMN36658662,"MIMARKS.survey,MIGS/MIMS/MIMARKS.human-gut",17282493,CORNELL UNIVERSITY,2020-10-06/2021-12-16,public,"fastq,run.zq,sra","gs,ncbi,s3","gs.us-east1,ncbi.public,s3.us-east-1",human body,distal gut,stool,SRX21106879,USA,North America,USA,Homo sapiens,Illumina MiSeq,369TP11,42.4440 N 76.5019 W,369TP11,PAIRED,PCR,METAGENOMIC,human gut metagenome,ILLUMINA,2025-01-01T00:00:00Z,2023-07-20T15:28:00Z,1,369TP11,SRP450576
SRR25367790,AMPLICON,502,34086302,PRJNA944997,SAMN36658431,"MIMARKS.survey,MIGS/MIMS/MIMARKS.human-gut",21782585,CORNELL UNIVERSITY,2020-10-06/2021-12-16,public,"fastq,run.zq,sra","gs,ncbi,s3","gs.us-east1,ncbi.public,s3.us-east-1",human body,distal gut,stool,SRX21106878,USA,North America,USA,Homo sapiens,Illumina MiSeq,362TP08,42.4440 N 76.5019 W,362TP08,PAIRED,PCR,METAGENOMIC,human gut metagenome,ILLUMINA,2025-01-01T00:00:00Z,2023-07-20T15:28:00Z,1,362TP08,SRP450576
SRR25367791,AMPLICON,502,43373302,PRJNA944997,SAMN36658787,"MIMARKS.survey,MIGS/MIMS/MIMARKS.human-gut",29070547,CORNELL UNIVERSITY,2020-10-06/2021-12-16,public,"fastq,run.zq,sra","gs,ncbi,s3","gs.us-east1,ncbi.public,s3.us-east-1",human body,distal gut,stool,SRX21106877,USA,North America,USA,Homo sapiens,Illumina MiSeq,362TP07.2,42.4440 N 76.5019 W,362TP07.2,PAIRED,PCR,METAGENOMIC,human gut metagenome,ILLUMINA,2025-01-01T00:00:00Z,2023-07-20T15:28:00Z,1,362TP07.2,SRP450576
SRR25367792,AMPLICON,502,24167284,PRJNA944997,SAMN36658353,"MIMARKS.survey,MIGS/MIMS/MIMARKS.human-gut",14206176,CORNELL UNIVERSITY,2020-10-06/2021-12-16,public,"fastq,run.zq,sra","gs,ncbi,s3","gs.us-east1,ncbi.public,s3.us-east-1",human body,distal gut,stool,SRX21106876,USA,North America,USA,Homo sapiens,Illumina MiSeq,362TP07,42.4440 N 76.5019 W,362TP07,PAIRED,PCR,METAGENOMIC,human gut metagenome,ILLUMINA,2025-01-01T00:00:00Z,2023-07-20T15:28:00Z,1,362TP07,SRP450576
SRR25367797,AMPLICON,502,27252576,PRJNA944997,SAMN36658235,"MIMARKS.survey,MIGS/MIMS/MIMARKS.human-gut",18038097,CORNELL UNIVERSITY,2020-10-06/2021-12-16,public,"fastq,run.zq,sra","gs,ncbi,s3","gs.us-east1,ncbi.public,s3.us-east-1",human body,distal gut,stool,SRX21106871,USA,North America,USA,Homo sapiens,Illumina MiSeq,362TP04,42.4440 N 76.5019 W,362TP04,PAIRED,PCR,METAGENOMIC,human gut metagenome,ILLUMINA,2025-01-01T00:00:00Z,2023-07-20T15:28:00Z,1,362TP04,SRP450576
SRR25367805,AMPLICON,502,20501680,PRJNA944997,SAMN36658285,"MIMARKS.survey,MIGS/MIMS/MIMARKS.human-gut",12200550,CORNELL UNIVERSITY,2020-10-06/2021-12-16,public,"fastq,run.zq,sra","gs,ncbi,s3","gs.us-east1,ncbi.public,s3.us-east-1",human body,distal gut,stool,SRX21106863,USA,North America,USA,Homo sapiens,Illumina MiSeq,323TP07,42.4440 N 76.5019 W,323TP07,PAIRED,PCR,METAGENOMIC,human gut metagenome,ILLUMINA,2025-01-01T00:00:00Z,2023-07-20T15:28:00Z,1,323TP07,SRP450576
SRR25367824,AMPLICON,502,42168000,PRJNA944997,SAMN36658386,"MIMARKS.survey,MIGS/MIMS/MIMARKS.human-gut",28447123,CORNELL UNIVERSITY,2020-10-06/2021-12-16,public,"fastq,run.zq,sra","gs,ncbi,s3","gs.us-east1,ncbi.public,s3.us-east-1",human body,distal gut,stool,SRX21107342,USA,North America,USA,Homo sapiens,Illumina MiSeq,390TP07,42.4440 N 76.5019 W,390TP07,PAIRED,PCR,METAGENOMIC,human gut metagenome,ILLUMINA,2025-01-01T00:00:00Z,2023-07-20T15:28:00Z,1,390TP07,SRP450576
SRR25367825,AMPLICON,502,41031974,PRJNA944997,SAMN36658385,"MIMARKS.survey,MIGS/MIMS/MIMARKS.human-gut",25261980,CORNELL UNIVERSITY,2020-10-06/2021-12-16,public,"fastq,run.zq,sra","gs,ncbi,s3","gs.us-east1,ncbi.public,s3.us-east-1",human body,distal gut,stool,SRX21107341,USA,North America,USA,Homo sapiens,Illumina MiSeq,390TP06,42.4440 N 76.5019 W,390TP06,PAIRED,PCR,METAGENOMIC,human gut metagenome,ILLUMINA,2025-01-01T00:00:00Z,2023-07-20T15:28:00Z,1,390TP06,SRP450576
SRR25367826,AMPLICON,502,29606956,PRJNA944997,SAMN36658582,"MIMARKS.survey,MIGS/MIMS/MIMARKS.human-gut",17009180,CORNELL UNIVERSITY,2020-10-06/2021-12-16,public,"fastq,run.zq,sra","gs,ncbi,s3","gs.us-east1,ncbi.public,s3.us-east-1",human body,distal gut,stool,SRX21107340,USA,North America,USA,Homo sapiens,Illumina MiSeq,390TP05,42.4440 N 76.5019 W,390TP05,PAIRED,PCR,METAGENOMIC,human gut metagenome,ILLUMINA,2025-01-01T00:00:00Z,2023-07-20T15:28:00Z,1,390TP05,SRP450576
SRR25367828,AMPLICON,502,33774058,PRJNA944997,SAMN36658272,"MIMARKS.survey,MIGS/MIMS/MIMARKS.human-gut",22299251,CORNELL UNIVERSITY,2020-10-06/2021-12-16,public,"fastq,run.zq,sra","gs,ncbi,s3","gs.us-east1,ncbi.public,s3.us-east-1",human body,distal gut,stool,SRX21107338,USA,North America,USA,Homo sapiens,Illumina MiSeq,390TP04,42.4440 N 76.5019 W,390TP04,PAIRED,PCR,METAGENOMIC,human gut metagenome,ILLUMINA,2025-01-01T00:00:00Z,2023-07-20T15:28:00Z,1,390TP04,SRP450576
SRR25367829,AMPLICON,502,36714774,PRJNA944997,SAMN36658271,"MIMARKS.survey,MIGS/MIMS/MIMARKS.human-gut",23903321,CORNELL UNIVERSITY,2020-10-06/2021-12-16,public,"fastq,run.zq,sra","gs,ncbi,s3","gs.us-east1,ncbi.public,s3.us-east-1",human body,distal gut,stool,SRX21107337,USA,North America,USA,Homo sapiens,Illumina MiSeq,390TP03,42.4440 N 76.5019 W,390TP03,PAIRED,PCR,METAGENOMIC,human gut metagenome,ILLUMINA,2025-01-01T00:00:00Z,2023-07-20T15:28:00Z,1,390TP03,SRP450576
SRR25367847,AMPLICON,502,30215380,PRJNA944997,SAMN36658574,"MIMARKS.survey,MIGS/MIMS/MIMARKS.human-gut",17551967,CORNELL UNIVERSITY,2020-10-06/2021-12-16,public,"fastq,run.zq,sra","gs,ncbi,s3","gs.us-east1,ncbi.public,s3.us-east-1",human body,distal gut,stool,SRX21107319,USA,North America,USA,Homo sapiens,Illumina MiSeq,377TP05,42.4440 N 76.5019 W,377TP05,PAIRED,PCR,METAGENOMIC,human gut metagenome,ILLUMINA,2025-01-01T00:00:00Z,2023-07-20T15:28:00Z,1,377TP05,SRP450576
SRR25367848,AMPLICON,502,30307748,PRJNA944997,SAMN36658747,"MIMARKS.survey,MIGS/MIMS/MIMARKS.human-gut",18264949,CORNELL UNIVERSITY,2020-10-06/2021-12-16,public,"fastq,run.zq,sra","gs,ncbi,s3","gs.us-east1,ncbi.public,s3.us-east-1",human body,distal gut,stool,SRX21107318,USA,North America,USA,Homo sapiens,Illumina MiSeq,377TP04.2,42.4440 N 76.5019 W,377TP04.2,PAIRED,PCR,METAGENOMIC,human gut metagenome,ILLUMINA,2025-01-01T00:00:00Z,2023-07-20T15:28:00Z,1,377TP04.2,SRP450576
SRR25367849,AMPLICON,502,22446428,PRJNA944997,SAMN36658834,"MIMARKS.survey,MIGS/MIMS/MIMARKS.human-gut",13594467,CORNELL UNIVERSITY,2020-10-06/2021-12-16,public,"fastq,run.zq,sra","gs,ncbi,s3","gs.us-east1,ncbi.public,s3.us-east-1",human body,distal gut,stool,SRX21107317,USA,North America,USA,Homo sapiens,Illumina MiSeq,325TP10.2,42.4440 N 76.5019 W,325TP10.2,PAIRED,PCR,METAGENOMIC,human gut metagenome,ILLUMINA,2025-01-01T00:00:00Z,2023-07-20T15:28:00Z,1,325TP10.2,SRP450576
SRR25367850,AMPLICON,502,27687810,PRJNA944997,SAMN36658279,"MIMARKS.survey,MIGS/MIMS/MIMARKS.human-gut",16184382,CORNELL UNIVERSITY,2020-10-06/2021-12-16,public,"fastq,run.zq,sra","gs,ncbi,s3","gs.us-east1,ncbi.public,s3.us-east-1",human body,distal gut,stool,SRX21107316,USA,North America,USA,Homo sapiens,Illumina MiSeq,320TP07,42.4440 N 76.5019 W,320TP07,PAIRED,PCR,METAGENOMIC,human gut metagenome,ILLUMINA,2025-01-01T00:00:00Z,2023-07-20T15:28:00Z,1,320TP07,SRP450576
SRR25367851,AMPLICON,502,56053822,PRJNA944997,SAMN36658143,"MIMARKS.survey,MIGS/MIMS/MIMARKS.human-gut",38177529,CORNELL UNIVERSITY,2020-10-06/2021-12-16,public,"fastq,run.zq,sra","gs,ncbi,s3","gs.us-east1,ncbi.public,s3.us-east-1",human body,distal gut,stool,SRX21107315,USA,North America,USA,Homo sapiens,Illumina MiSeq,377TP04,42.4440 N 76.5019 W,377TP04,PAIRED,PCR,METAGENOMIC,human gut metagenome,ILLUMINA,2025-01-01T00:00:00Z,2023-07-20T15:28:00Z,1,377TP04,SRP450576
SRR25367852,AMPLICON,502,49256240,PRJNA944997,SAMN36658142,"MIMARKS.survey,MIGS/MIMS/MIMARKS.human-gut",31522523,CORNELL UNIVERSITY,2020-10-06/2021-12-16,public,"fastq,run.zq,sra","gs,ncbi,s3","gs.us-east1,ncbi.public,s3.us-east-1",human body,distal gut,stool,SRX21107314,USA,North America,USA,Homo sapiens,Illumina MiSeq,377TP03,42.4440 N 76.5019 W,377TP03,PAIRED,PCR,METAGENOMIC,human gut metagenome,ILLUMINA,2025-01-01T00:00:00Z,2023-07-20T15:28:00Z,1,377TP03,SRP450576
SRR25367853,AMPLICON,502,30209356,PRJNA944997,SAMN36658444,"MIMARKS.survey,MIGS/MIMS/MIMARKS.human-gut",19044584,CORNELL UNIVERSITY,2020-10-06/2021-12-16,public,"fastq,run.zq,sra","gs,ncbi,s3","gs.us-east1,ncbi.public,s3.us-east-1",human body,distal gut,stool,SRX21107313,USA,North America,USA,Homo sapiens,Illumina MiSeq,377TP02,42.4440 N 76.5019 W,377TP02,PAIRED,PCR,METAGENOMIC,human gut metagenome,ILLUMINA,2025-01-01T00:00:00Z,2023-07-20T15:28:00Z,1,377TP02,SRP450576
SRR25367854,AMPLICON,502,30238472,PRJNA944997,SAMN36658030,"MIMARKS.survey,MIGS/MIMS/MIMARKS.human-gut",18289432,CORNELL UNIVERSITY,2020-10-06/2021-12-16,public,"fastq,run.zq,sra","gs,ncbi,s3","gs.us-east1,ncbi.public,s3.us-east-1",human body,distal gut,stool,SRX21107312,USA,North America,USA,Homo sapiens,Illumina MiSeq,377TP01,42.4440 N 76.5019 W,377TP01,PAIRED,PCR,METAGENOMIC,human gut metagenome,ILLUMINA,2025-01-01T00:00:00Z,2023-07-20T15:28:00Z,1,377TP01,SRP450576
SRR25367855,AMPLICON,502,38562636,PRJNA944997,SAMN36658672,"MIMARKS.survey,MIGS/MIMS/MIMARKS.human-gut",24283623,CORNELL UNIVERSITY,2020-10-06/2021-12-16,public,"fastq,run.zq,sra","gs,ncbi,s3","gs.us-east1,ncbi.public,s3.us-east-1",human body,distal gut,stool,SRX21107311,USA,North America,USA,Homo sapiens,Illumina MiSeq,375TP11,42.4440 N 76.5019 W,375TP11,PAIRED,PCR,METAGENOMIC,human gut metagenome,ILLUMINA,2025-01-01T00:00:00Z,2023-07-20T15:28:00Z,1,375TP11,SRP450576
SRR25367856,AMPLICON,502,51600078,PRJNA944997,SAMN36658755,"MIMARKS.survey,MIGS/MIMS/MIMARKS.human-gut",35030559,CORNELL UNIVERSITY,2020-10-06/2021-12-16,public,"fastq,run.zq,sra","gs,ncbi,s3","gs.us-east1,ncbi.public,s3.us-east-1",human body,distal gut,stool,SRX21107310,USA,North America,USA,Homo sapiens,Illumina MiSeq,375TP10.2,42.4440 N 76.5019 W,375TP10.2,PAIRED,PCR,METAGENOMIC,human gut metagenome,ILLUMINA,2025-01-01T00:00:00Z,2023-07-20T15:28:00Z,1,375TP10.2,SRP450576
SRR25367857,AMPLICON,502,28361996,PRJNA944997,SAMN36658256,"MIMARKS.survey,MIGS/MIMS/MIMARKS.human-gut",17047107,CORNELL UNIVERSITY,2020-10-06/2021-12-16,public,"fastq,run.zq,sra","gs,ncbi,s3","gs.us-east1,ncbi.public,s3.us-east-1",human body,distal gut,stool,SRX21107309,USA,North America,USA,Homo sapiens,Illumina MiSeq,375TP10,42.4440 N 76.5019 W,375TP10,PAIRED,PCR,METAGENOMIC,human gut metagenome,ILLUMINA,2025-01-01T00:00:00Z,2023-07-20T15:28:00Z,1,375TP10,SRP450576
SRR25367860,AMPLICON,502,22024748,PRJNA944997,SAMN36658821,"MIMARKS.survey,MIGS/MIMS/MIMARKS.human-gut",12842432,CORNELL UNIVERSITY,2020-10-06/2021-12-16,public,"fastq,run.zq,sra","gs,ncbi,s3","gs.us-east1,ncbi.public,s3.us-east-1",human body,distal gut,stool,SRX21107306,USA,North America,USA,Homo sapiens,Illumina MiSeq,375TP07.2,42.4440 N 76.5019 W,375TP07.2,PAIRED,PCR,METAGENOMIC,human gut metagenome,ILLUMINA,2025-01-01T00:00:00Z,2023-07-20T15:28:00Z,1,375TP07.2,SRP450576
SRR25367861,AMPLICON,502,40981272,PRJNA944997,SAMN36658172,"MIMARKS.survey,MIGS/MIMS/MIMARKS.human-gut",27855172,CORNELL UNIVERSITY,2020-10-06/2021-12-16,public,"fastq,run.zq,sra","gs,ncbi,s3","gs.us-east1,ncbi.public,s3.us-east-1",human body,distal gut,stool,SRX21107305,USA,North America,USA,Homo sapiens,Illumina MiSeq,325TP10,42.4440 N 76.5019 W,325TP10,PAIRED,PCR,METAGENOMIC,human gut metagenome,ILLUMINA,2025-01-01T00:00:00Z,2023-07-20T15:28:00Z,1,325TP10,SRP450576
SRR25367867,AMPLICON,502,35395518,PRJNA944997,SAMN36658140,"MIMARKS.survey,MIGS/MIMS/MIMARKS.human-gut",22546206,CORNELL UNIVERSITY,2020-10-06/2021-12-16,public,"fastq,run.zq,sra","gs,ncbi,s3","gs.us-east1,ncbi.public,s3.us-east-1",human body,distal gut,stool,SRX21107299,USA,North America,USA,Homo sapiens,Illumina MiSeq,375TP03,42.4440 N 76.5019 W,375TP03,PAIRED,PCR,METAGENOMIC,human gut metagenome,ILLUMINA,2025-01-01T00:00:00Z,2023-07-20T15:28:00Z,1,375TP03,SRP450576
SRR25367868,AMPLICON,502,30007552,PRJNA944997,SAMN36658443,"MIMARKS.survey,MIGS/MIMS/MIMARKS.human-gut",19104271,CORNELL UNIVERSITY,2020-10-06/2021-12-16,public,"fastq,run.zq,sra","gs,ncbi,s3","gs.us-east1,ncbi.public,s3.us-east-1",human body,distal gut,stool,SRX21107298,USA,North America,USA,Homo sapiens,Illumina MiSeq,375TP02,42.4440 N 76.5019 W,375TP02,PAIRED,PCR,METAGENOMIC,human gut metagenome,ILLUMINA,2025-01-01T00:00:00Z,2023-07-20T15:28:00Z,1,375TP02,SRP450576
SRR25367869,AMPLICON,502,24865566,PRJNA944997,SAMN36658029,"MIMARKS.survey,MIGS/MIMS/MIMARKS.human-gut",14990818,CORNELL UNIVERSITY,2020-10-06/2021-12-16,public,"fastq,run.zq,sra","gs,ncbi,s3","gs.us-east1,ncbi.public,s3.us-east-1",human body,distal gut,stool,SRX21107297,USA,North America,USA,Homo sapiens,Illumina MiSeq,375TP01,42.4440 N 76.5019 W,375TP01,PAIRED,PCR,METAGENOMIC,human gut metagenome,ILLUMINA,2025-01-01T00:00:00Z,2023-07-20T15:28:00Z,1,375TP01,SRP450576
SRR25367870,AMPLICON,502,27817828,PRJNA944997,SAMN36658671,"MIMARKS.survey,MIGS/MIMS/MIMARKS.human-gut",15898280,CORNELL UNIVERSITY,2020-10-06/2021-12-16,public,"fastq,run.zq,sra","gs,ncbi,s3","gs.us-east1,ncbi.public,s3.us-east-1",human body,distal gut,stool,SRX21107296,USA,North America,USA,Homo sapiens,Illumina MiSeq,374TP12,42.4440 N 76.5019 W,374TP12,PAIRED,PCR,METAGENOMIC,human gut metagenome,ILLUMINA,2025-01-01T00:00:00Z,2023-07-20T15:28:00Z,1,374TP12,SRP450576
SRR25367871,AMPLICON,502,34175156,PRJNA944997,SAMN36658670,"MIMARKS.survey,MIGS/MIMS/MIMARKS.human-gut",20507720,CORNELL UNIVERSITY,2020-10-06/2021-12-16,public,"fastq,run.zq,sra","gs,ncbi,s3","gs.us-east1,ncbi.public,s3.us-east-1",human body,distal gut,stool,SRX21107295,USA,North America,USA,Homo sapiens,Illumina MiSeq,374TP11,42.4440 N 76.5019 W,374TP11,PAIRED,PCR,METAGENOMIC,human gut metagenome,ILLUMINA,2025-01-01T00:00:00Z,2023-07-20T15:28:00Z,1,374TP11,SRP450576
SRR25367872,AMPLICON,502,24551816,PRJNA944997,SAMN36658171,"MIMARKS.survey,MIGS/MIMS/MIMARKS.human-gut",14095995,CORNELL UNIVERSITY,2020-10-06/2021-12-16,public,"fastq,run.zq,sra","gs,ncbi,s3","gs.us-east1,ncbi.public,s3.us-east-1",human body,distal gut,stool,SRX21107294,USA,North America,USA,Homo sapiens,Illumina MiSeq,325TP09,42.4440 N 76.5019 W,325TP09,PAIRED,PCR,METAGENOMIC,human gut metagenome,ILLUMINA,2025-01-01T00:00:00Z,2023-07-20T15:28:00Z,1,325TP09,SRP450576
SRR25367873,AMPLICON,502,37440164,PRJNA944997,SAMN36658819,"MIMARKS.survey,MIGS/MIMS/MIMARKS.human-gut",25219979,CORNELL UNIVERSITY,2020-10-06/2021-12-16,public,"fastq,run.zq,sra","gs,ncbi,s3","gs.us-east1,ncbi.public,s3.us-east-1",human body,distal gut,stool,SRX21107293,USA,North America,USA,Homo sapiens,Illumina MiSeq,374TP10.2,42.4440 N 76.5019 W,374TP10.2,PAIRED,PCR,METAGENOMIC,human gut metagenome,ILLUMINA,2025-01-01T00:00:00Z,2023-07-20T15:28:00Z,1,374TP10.2,SRP450576
SRR25367874,AMPLICON,502,29797716,PRJNA944997,SAMN36658659,"MIMARKS.survey,MIGS/MIMS/MIMARKS.human-gut",16629666,CORNELL UNIVERSITY,2020-10-06/2021-12-16,public,"fastq,run.zq,sra","gs,ncbi,s3","gs.us-east1,ncbi.public,s3.us-east-1",human body,distal gut,stool,SRX21107292,USA,North America,USA,Homo sapiens,Illumina MiSeq,366TP12,42.4440 N 76.5019 W,366TP12,PAIRED,PCR,METAGENOMIC,human gut metagenome,ILLUMINA,2025-01-01T00:00:00Z,2023-07-20T15:28:00Z,1,366TP12,SRP450576
SRR25367875,AMPLICON,502,27261110,PRJNA944997,SAMN36658658,"MIMARKS.survey,MIGS/MIMS/MIMARKS.human-gut",16684780,CORNELL UNIVERSITY,2020-10-06/2021-12-16,public,"fastq,run.zq,sra","gs,ncbi,s3","gs.us-east1,ncbi.public,s3.us-east-1",human body,distal gut,stool,SRX21107291,USA,North America,USA,Homo sapiens,Illumina MiSeq,366TP11,42.4440 N 76.5019 W,366TP11,PAIRED,PCR,METAGENOMIC,human gut metagenome,ILLUMINA,2025-01-01T00:00:00Z,2023-07-20T15:28:00Z,1,366TP11,SRP450576
SRR25367876,AMPLICON,502,44916450,PRJNA944997,SAMN36658398,"MIMARKS.survey,MIGS/MIMS/MIMARKS.human-gut",29041957,CORNELL UNIVERSITY,2020-10-06/2021-12-16,public,"fastq,run.zq,sra","gs,ncbi,s3","gs.us-east1,ncbi.public,s3.us-east-1",human body,distal gut,stool,SRX21107290,USA,North America,USA,Homo sapiens,Illumina MiSeq,325TP02,42.4440 N 76.5019 W,325TP02,PAIRED,PCR,METAGENOMIC,human gut metagenome,ILLUMINA,2025-01-01T00:00:00Z,2023-07-20T15:28:00Z,1,325TP02,SRP450576
SRR25367886,AMPLICON,502,27098462,PRJNA944997,SAMN36658501,"MIMARKS.survey,MIGS/MIMS/MIMARKS.human-gut",17549578,CORNELL UNIVERSITY,2020-10-06/2021-12-16,public,"fastq,run.zq,sra","gs,ncbi,s3","gs.us-east1,ncbi.public,s3.us-east-1",human body,distal gut,stool,SRX21107280,USA,North America,USA,Homo sapiens,Illumina MiSeq,366TP02,42.4440 N 76.5019 W,366TP02,PAIRED,PCR,METAGENOMIC,human gut metagenome,ILLUMINA,2025-01-01T00:00:00Z,2023-07-20T15:28:00Z,1,366TP02,SRP450576
SRR25367893,AMPLICON,502,27000572,PRJNA944997,SAMN36658240,"MIMARKS.survey,MIGS/MIMS/MIMARKS.human-gut",15502353,CORNELL UNIVERSITY,2020-10-06/2021-12-16,public,"fastq,run.zq,sra","gs,ncbi,s3","gs.us-east1,ncbi.public,s3.us-east-1",human body,distal gut,stool,SRX21107273,USA,North America,USA,Homo sapiens,Illumina MiSeq,365TP09,42.4440 N 76.5019 W,365TP09,PAIRED,PCR,METAGENOMIC,human gut metagenome,ILLUMINA,2025-01-01T00:00:00Z,2023-07-20T15:28:00Z,1,365TP09,SRP450576
SRR25367899,AMPLICON,502,23508660,PRJNA944997,SAMN36658565,"MIMARKS.survey,MIGS/MIMS/MIMARKS.human-gut",14240072,CORNELL UNIVERSITY,2020-10-06/2021-12-16,public,"fastq,run.zq,sra","gs,ncbi,s3","gs.us-east1,ncbi.public,s3.us-east-1",human body,distal gut,stool,SRX21107267,USA,North America,USA,Homo sapiens,Illumina MiSeq,365TP05,42.4440 N 76.5019 W,365TP05,PAIRED,PCR,METAGENOMIC,human gut metagenome,ILLUMINA,2025-01-01T00:00:00Z,2023-07-20T15:28:00Z,1,365TP05,SRP450576
SRR25367900,AMPLICON,502,57707410,PRJNA944997,SAMN36658699,"MIMARKS.survey,MIGS/MIMS/MIMARKS.human-gut",39533533,CORNELL UNIVERSITY,2020-10-06/2021-12-16,public,"fastq,run.zq,sra","gs,ncbi,s3","gs.us-east1,ncbi.public,s3.us-east-1",human body,distal gut,stool,SRX21107266,USA,North America,USA,Homo sapiens,Illumina MiSeq,365TP04.2,42.4440 N 76.5019 W,365TP04.2,PAIRED,PCR,METAGENOMIC,human gut metagenome,ILLUMINA,2025-01-01T00:00:00Z,2023-07-20T15:29:00Z,1,365TP04.2,SRP450576
SRR25367901,AMPLICON,502,33812712,PRJNA944997,SAMN36658125,"MIMARKS.survey,MIGS/MIMS/MIMARKS.human-gut",20324012,CORNELL UNIVERSITY,2020-10-06/2021-12-16,public,"fastq,run.zq,sra","gs,ncbi,s3","gs.us-east1,ncbi.public,s3.us-east-1",human body,distal gut,stool,SRX21107265,USA,North America,USA,Homo sapiens,Illumina MiSeq,365TP04,42.4440 N 76.5019 W,365TP04,PAIRED,PCR,METAGENOMIC,human gut metagenome,ILLUMINA,2025-01-01T00:00:00Z,2023-07-20T15:28:00Z,1,365TP04,SRP450576
SRR25367908,AMPLICON,502,29048230,PRJNA944997,SAMN36658226,"MIMARKS.survey,MIGS/MIMS/MIMARKS.human-gut",18121579,CORNELL UNIVERSITY,2020-10-06/2021-12-16,public,"fastq,run.zq,sra","gs,ncbi,s3","gs.us-east1,ncbi.public,s3.us-east-1",human body,distal gut,stool,SRX21107258,USA,North America,USA,Homo sapiens,Illumina MiSeq,358TP03,42.4440 N 76.5019 W,358TP03,PAIRED,PCR,METAGENOMIC,human gut metagenome,ILLUMINA,2025-01-01T00:00:00Z,2023-07-20T15:28:00Z,1,358TP03,SRP450576
SRR25367909,AMPLICON,502,25652702,PRJNA944997,SAMN36658493,"MIMARKS.survey,MIGS/MIMS/MIMARKS.human-gut",16467911,CORNELL UNIVERSITY,2020-10-06/2021-12-16,public,"fastq,run.zq,sra","gs,ncbi,s3","gs.us-east1,ncbi.public,s3.us-east-1",human body,distal gut,stool,SRX21106858,USA,North America,USA,Homo sapiens,Illumina MiSeq,358TP02,42.4440 N 76.5019 W,358TP02,PAIRED,PCR,METAGENOMIC,human gut metagenome,ILLUMINA,2025-01-01T00:00:00Z,2023-07-20T15:28:00Z,1,358TP02,SRP450576
SRR25367910,AMPLICON,502,25673284,PRJNA944997,SAMN36658013,"MIMARKS.survey,MIGS/MIMS/MIMARKS.human-gut",14855105,CORNELL UNIVERSITY,2020-10-06/2021-12-16,public,"fastq,run.zq,sra","gs,ncbi,s3","gs.us-east1,ncbi.public,s3.us-east-1",human body,distal gut,stool,SRX21106857,USA,North America,USA,Homo sapiens,Illumina MiSeq,358TP01.rerun,42.4440 N 76.5019 W,358TP01.rerun,PAIRED,PCR,METAGENOMIC,human gut metagenome,ILLUMINA,2025-01-01T00:00:00Z,2023-07-20T15:28:00Z,1,358TP01.rerun,SRP450576
SRR25367911,AMPLICON,502,24550812,PRJNA944997,SAMN36658643,"MIMARKS.survey,MIGS/MIMS/MIMARKS.human-gut",14499802,CORNELL UNIVERSITY,2020-10-06/2021-12-16,public,"fastq,run.zq,sra","gs,ncbi,s3","gs.us-east1,ncbi.public,s3.us-east-1",human body,distal gut,stool,SRX21106856,USA,North America,USA,Homo sapiens,Illumina MiSeq,357TP12,42.4440 N 76.5019 W,357TP12,PAIRED,PCR,METAGENOMIC,human gut metagenome,ILLUMINA,2025-01-01T00:00:00Z,2023-07-20T15:28:00Z,1,357TP12,SRP450576
SRR25367912,AMPLICON,502,26291246,PRJNA944997,SAMN36658642,"MIMARKS.survey,MIGS/MIMS/MIMARKS.human-gut",15749227,CORNELL UNIVERSITY,2020-10-06/2021-12-16,public,"fastq,run.zq,sra","gs,ncbi,s3","gs.us-east1,ncbi.public,s3.us-east-1",human body,distal gut,stool,SRX21106855,USA,North America,USA,Homo sapiens,Illumina MiSeq,357TP11,42.4440 N 76.5019 W,357TP11,PAIRED,PCR,METAGENOMIC,human gut metagenome,ILLUMINA,2025-01-01T00:00:00Z,2023-07-20T15:28:00Z,1,357TP11,SRP450576
SRR25367913,AMPLICON,502,35930650,PRJNA944997,SAMN36658054,"MIMARKS.survey,MIGS/MIMS/MIMARKS.human-gut",21602703,CORNELL UNIVERSITY,2020-10-06/2021-12-16,public,"fastq,run.zq,sra","gs,ncbi,s3","gs.us-east1,ncbi.public,s3.us-east-1",human body,distal gut,stool,SRX21106854,USA,North America,USA,Homo sapiens,Illumina MiSeq,323TP03,42.4440 N 76.5019 W,323TP03,PAIRED,PCR,METAGENOMIC,human gut metagenome,ILLUMINA,2025-01-01T00:00:00Z,2023-07-20T15:28:00Z,1,323TP03,SRP450576
SRR25367926,AMPLICON,502,29941790,PRJNA944997,SAMN36658012,"MIMARKS.survey,MIGS/MIMS/MIMARKS.human-gut",17915368,CORNELL UNIVERSITY,2020-10-06/2021-12-16,public,"fastq,run.zq,sra","gs,ncbi,s3","gs.us-east1,ncbi.public,s3.us-east-1",human body,distal gut,stool,SRX21106841,USA,North America,USA,Homo sapiens,Illumina MiSeq,357TP01.rerun,42.4440 N 76.5019 W,357TP01.rerun,PAIRED,PCR,METAGENOMIC,human gut metagenome,ILLUMINA,2025-01-01T00:00:00Z,2023-07-20T15:28:00Z,1,357TP01.rerun,SRP450576
SRR25367927,AMPLICON,502,25529210,PRJNA944997,SAMN36658641,"MIMARKS.survey,MIGS/MIMS/MIMARKS.human-gut",14744088,CORNELL UNIVERSITY,2020-10-06/2021-12-16,public,"fastq,run.zq,sra","gs,ncbi,s3","gs.us-east1,ncbi.public,s3.us-east-1",human body,distal gut,stool,SRX21106840,USA,North America,USA,Homo sapiens,Illumina MiSeq,356TP12,42.4440 N 76.5019 W,356TP12,PAIRED,PCR,METAGENOMIC,human gut metagenome,ILLUMINA,2025-01-01T00:00:00Z,2023-07-20T15:28:00Z,1,356TP12,SRP450576
SRR25367928,AMPLICON,502,24275716,PRJNA944997,SAMN36658640,"MIMARKS.survey,MIGS/MIMS/MIMARKS.human-gut",14034334,CORNELL UNIVERSITY,2020-10-06/2021-12-16,public,"fastq,run.zq,sra","gs,ncbi,s3","gs.us-east1,ncbi.public,s3.us-east-1",human body,distal gut,stool,SRX21106839,USA,North America,USA,Homo sapiens,Illumina MiSeq,356TP11,42.4440 N 76.5019 W,356TP11,PAIRED,PCR,METAGENOMIC,human gut metagenome,ILLUMINA,2025-01-01T00:00:00Z,2023-07-20T15:28:00Z,1,356TP11,SRP450576
SRR25367929,AMPLICON,502,43139872,PRJNA944997,SAMN36658759,"MIMARKS.survey,MIGS/MIMS/MIMARKS.human-gut",29215483,CORNELL UNIVERSITY,2020-10-06/2021-12-16,public,"fastq,run.zq,sra","gs,ncbi,s3","gs.us-east1,ncbi.public,s3.us-east-1",human body,distal gut,stool,SRX21106838,USA,North America,USA,Homo sapiens,Illumina MiSeq,356TP10.2,42.4440 N 76.5019 W,356TP10.2,PAIRED,PCR,METAGENOMIC,human gut metagenome,ILLUMINA,2025-01-01T00:00:00Z,2023-07-20T15:28:00Z,1,356TP10.2,SRP450576
SRR25367930,AMPLICON,502,25576398,PRJNA944997,SAMN36658111,"MIMARKS.survey,MIGS/MIMS/MIMARKS.human-gut",15240768,CORNELL UNIVERSITY,2020-10-06/2021-12-16,public,"fastq,run.zq,sra","gs,ncbi,s3","gs.us-east1,ncbi.public,s3.us-east-1",human body,distal gut,stool,SRX21106837,USA,North America,USA,Homo sapiens,Illumina MiSeq,356TP10,42.4440 N 76.5019 W,356TP10,PAIRED,PCR,METAGENOMIC,human gut metagenome,ILLUMINA,2025-01-01T00:00:00Z,2023-07-20T15:28:00Z,1,356TP10,SRP450576
SRR25367931,AMPLICON,502,25181826,PRJNA944997,SAMN36658110,"MIMARKS.survey,MIGS/MIMS/MIMARKS.human-gut",14608024,CORNELL UNIVERSITY,2020-10-06/2021-12-16,public,"fastq,run.zq,sra","gs,ncbi,s3","gs.us-east1,ncbi.public,s3.us-east-1",human body,distal gut,stool,SRX21106836,USA,North America,USA,Homo sapiens,Illumina MiSeq,356TP09,42.4440 N 76.5019 W,356TP09,PAIRED,PCR,METAGENOMIC,human gut metagenome,ILLUMINA,2025-01-01T00:00:00Z,2023-07-20T15:28:00Z,1,356TP09,SRP450576
SRR25367932,AMPLICON,502,32068262,PRJNA944997,SAMN36658426,"MIMARKS.survey,MIGS/MIMS/MIMARKS.human-gut",20819685,CORNELL UNIVERSITY,2020-10-06/2021-12-16,public,"fastq,run.zq,sra","gs,ncbi,s3","gs.us-east1,ncbi.public,s3.us-east-1",human body,distal gut,stool,SRX21106835,USA,North America,USA,Homo sapiens,Illumina MiSeq,356TP08,42.4440 N 76.5019 W,356TP08,PAIRED,PCR,METAGENOMIC,human gut metagenome,ILLUMINA,2025-01-01T00:00:00Z,2023-07-20T15:28:00Z,1,356TP08,SRP450576
SRR25367933,AMPLICON,502,40061106,PRJNA944997,SAMN36658806,"MIMARKS.survey,MIGS/MIMS/MIMARKS.human-gut",26941817,CORNELL UNIVERSITY,2020-10-06/2021-12-16,public,"fastq,run.zq,sra","gs,ncbi,s3","gs.us-east1,ncbi.public,s3.us-east-1",human body,distal gut,stool,SRX21106834,USA,North America,USA,Homo sapiens,Illumina MiSeq,356TP07.2,42.4440 N 76.5019 W,356TP07.2,PAIRED,PCR,METAGENOMIC,human gut metagenome,ILLUMINA,2025-01-01T00:00:00Z,2023-07-20T15:28:00Z,1,356TP07.2,SRP450576
SRR25367934,AMPLICON,502,22787286,PRJNA944997,SAMN36658342,"MIMARKS.survey,MIGS/MIMS/MIMARKS.human-gut",13528981,CORNELL UNIVERSITY,2020-10-06/2021-12-16,public,"fastq,run.zq,sra","gs,ncbi,s3","gs.us-east1,ncbi.public,s3.us-east-1",human body,distal gut,stool,SRX21106833,USA,North America,USA,Homo sapiens,Illumina MiSeq,356TP07,42.4440 N 76.5019 W,356TP07,PAIRED,PCR,METAGENOMIC,human gut metagenome,ILLUMINA,2025-01-01T00:00:00Z,2023-07-20T15:28:00Z,1,356TP07,SRP450576
SRR25367935,AMPLICON,502,22823932,PRJNA944997,SAMN36657981,"MIMARKS.survey,MIGS/MIMS/MIMARKS.human-gut",12749415,CORNELL UNIVERSITY,2020-10-06/2021-12-16,public,"fastq,run.zq,sra","gs,ncbi,s3","gs.us-east1,ncbi.public,s3.us-east-1",human body,distal gut,stool,SRX21106832,USA,North America,USA,Homo sapiens,Illumina MiSeq,323TP01,42.4440 N 76.5019 W,323TP01,PAIRED,PCR,METAGENOMIC,human gut metagenome,ILLUMINA,2025-01-01T00:00:00Z,2023-07-20T15:28:00Z,1,323TP01,SRP450576
SRR25367936,AMPLICON,502,30506540,PRJNA944997,SAMN36658341,"MIMARKS.survey,MIGS/MIMS/MIMARKS.human-gut",18609268,CORNELL UNIVERSITY,2020-10-06/2021-12-16,public,"fastq,run.zq,sra","gs,ncbi,s3","gs.us-east1,ncbi.public,s3.us-east-1",human body,distal gut,stool,SRX21106831,USA,North America,USA,Homo sapiens,Illumina MiSeq,356TP06,42.4440 N 76.5019 W,356TP06,PAIRED,PCR,METAGENOMIC,human gut metagenome,ILLUMINA,2025-01-01T00:00:00Z,2023-07-20T15:28:00Z,1,356TP06,SRP450576
SRR25367937,AMPLICON,502,28721930,PRJNA944997,SAMN36658556,"MIMARKS.survey,MIGS/MIMS/MIMARKS.human-gut",16523924,CORNELL UNIVERSITY,2020-10-06/2021-12-16,public,"fastq,run.zq,sra","gs,ncbi,s3","gs.us-east1,ncbi.public,s3.us-east-1",human body,distal gut,stool,SRX21106830,USA,North America,USA,Homo sapiens,Illumina MiSeq,356TP05,42.4440 N 76.5019 W,356TP05,PAIRED,PCR,METAGENOMIC,human gut metagenome,ILLUMINA,2025-01-01T00:00:00Z,2023-07-20T15:28:00Z,1,356TP05,SRP450576
SRR25367938,AMPLICON,502,35467806,PRJNA944997,SAMN36658099,"MIGS/MIMS/MIMARKS.human-gut,MIMARKS.survey",23728649,CORNELL UNIVERSITY,2020-10-06/2021-12-16,public,"fastq,run.zq,sra","gs,ncbi,s3","gs.us-east1,ncbi.public,s3.us-east-1",human body,distal gut,stool,SRX21107257,USA,North America,USA,Homo sapiens,Illumina MiSeq,349TP04,42.4440 N 76.5019 W,349TP04,PAIRED,PCR,METAGENOMIC,human gut metagenome,ILLUMINA,2025-01-01T00:00:00Z,2023-07-20T15:28:00Z,1,349TP04,SRP450576
SRR25367939,AMPLICON,502,47226654,PRJNA944997,SAMN36658282,"MIMARKS.survey,MIGS/MIMS/MIMARKS.human-gut",29003895,CORNELL UNIVERSITY,2020-10-06/2021-12-16,public,"fastq,run.zq,sra","gs,ncbi,s3","gs.us-east1,ncbi.public,s3.us-east-1",human body,distal gut,stool,SRX21107256,USA,North America,USA,Homo sapiens,Illumina MiSeq,322TP06,42.4440 N 76.5019 W,322TP06,PAIRED,PCR,METAGENOMIC,human gut metagenome,ILLUMINA,2025-01-01T00:00:00Z,2023-07-20T15:28:00Z,1,322TP06,SRP450576
SRR25367940,AMPLICON,502,26424778,PRJNA944997,SAMN36658098,"MIMARKS.survey,MIGS/MIMS/MIMARKS.human-gut",16324487,CORNELL UNIVERSITY,2020-10-06/2021-12-16,public,"fastq,run.zq,sra","gs,ncbi,s3","gs.us-east1,ncbi.public,s3.us-east-1",human body,distal gut,stool,SRX21107255,USA,North America,USA,Homo sapiens,Illumina MiSeq,349TP03,42.4440 N 76.5019 W,349TP03,PAIRED,PCR,METAGENOMIC,human gut metagenome,ILLUMINA,2025-01-01T00:00:00Z,2023-07-20T15:28:00Z,1,349TP03,SRP450576
SRR25367941,AMPLICON,502,24771692,PRJNA944997,SAMN36658420,"MIMARKS.survey,MIGS/MIMS/MIMARKS.human-gut",15816964,CORNELL UNIVERSITY,2020-10-06/2021-12-16,public,"fastq,run.zq,sra","gs,ncbi,s3","gs.us-east1,ncbi.public,s3.us-east-1",human body,distal gut,stool,SRX21107254,USA,North America,USA,Homo sapiens,Illumina MiSeq,349TP02,42.4440 N 76.5019 W,349TP02,PAIRED,PCR,METAGENOMIC,human gut metagenome,ILLUMINA,2025-01-01T00:00:00Z,2023-07-20T15:28:00Z,1,349TP02,SRP450576
SRR25367942,AMPLICON,502,29331860,PRJNA944997,SAMN36658005,"MIMARKS.survey,MIGS/MIMS/MIMARKS.human-gut",17416609,CORNELL UNIVERSITY,2020-10-06/2021-12-16,public,"fastq,run.zq,sra","gs,ncbi,s3","gs.us-east1,ncbi.public,s3.us-east-1",human body,distal gut,stool,SRX21107253,USA,North America,USA,Homo sapiens,Illumina MiSeq,349TP01.rerun,42.4440 N 76.5019 W,349TP01.rerun,PAIRED,PCR,METAGENOMIC,human gut metagenome,ILLUMINA,2025-01-01T00:00:00Z,2023-07-20T15:28:00Z,1,349TP01.rerun,SRP450576
SRR25367943,AMPLICON,502,28115514,PRJNA944997,SAMN36658629,"MIMARKS.survey,MIGS/MIMS/MIMARKS.human-gut",15982065,CORNELL UNIVERSITY,2020-10-06/2021-12-16,public,"fastq,run.zq,sra","gs,ncbi,s3","gs.us-east1,ncbi.public,s3.us-east-1",human body,distal gut,stool,SRX21107252,USA,North America,USA,Homo sapiens,Illumina MiSeq,347TP12,42.4440 N 76.5019 W,347TP12,PAIRED,PCR,METAGENOMIC,human gut metagenome,ILLUMINA,2025-01-01T00:00:00Z,2023-07-20T15:28:00Z,1,347TP12,SRP450576
SRR25367944,AMPLICON,502,35330258,PRJNA944997,SAMN36658628,"MIMARKS.survey,MIGS/MIMS/MIMARKS.human-gut",20655194,CORNELL UNIVERSITY,2020-10-06/2021-12-16,public,"fastq,run.zq,sra","gs,ncbi,s3","gs.us-east1,ncbi.public,s3.us-east-1",human body,distal gut,stool,SRX21107251,USA,North America,USA,Homo sapiens,Illumina MiSeq,347TP11,42.4440 N 76.5019 W,347TP11,PAIRED,PCR,METAGENOMIC,human gut metagenome,ILLUMINA,2025-01-01T00:00:00Z,2023-07-20T15:28:00Z,1,347TP11,SRP450576
SRR25367945,AMPLICON,502,26837422,PRJNA944997,SAMN36658767,"MIMARKS.survey,MIGS/MIMS/MIMARKS.human-gut",16012978,CORNELL UNIVERSITY,2020-10-06/2021-12-16,public,"fastq,run.zq,sra","gs,ncbi,s3","gs.us-east1,ncbi.public,s3.us-east-1",human body,distal gut,stool,SRX21107250,USA,North America,USA,Homo sapiens,Illumina MiSeq,347TP10.2,42.4440 N 76.5019 W,347TP10.2,PAIRED,PCR,METAGENOMIC,human gut metagenome,ILLUMINA,2025-01-01T00:00:00Z,2023-07-20T15:28:00Z,1,347TP10.2,SRP450576
SRR25367946,AMPLICON,502,44738742,PRJNA944997,SAMN36658209,"MIMARKS.survey,MIGS/MIMS/MIMARKS.human-gut",30143510,CORNELL UNIVERSITY,2020-10-06/2021-12-16,public,"fastq,run.zq,sra","gs,ncbi,s3","gs.us-east1,ncbi.public,s3.us-east-1",human body,distal gut,stool,SRX21107249,USA,North America,USA,Homo sapiens,Illumina MiSeq,347TP10,42.4440 N 76.5019 W,347TP10,PAIRED,PCR,METAGENOMIC,human gut metagenome,ILLUMINA,2025-01-01T00:00:00Z,2023-07-20T15:28:00Z,1,347TP10,SRP450576
SRR25367947,AMPLICON,502,23570406,PRJNA944997,SAMN36658208,"MIMARKS.survey,MIGS/MIMS/MIMARKS.human-gut",13797858,CORNELL UNIVERSITY,2020-10-06/2021-12-16,public,"fastq,run.zq,sra","gs,ncbi,s3","gs.us-east1,ncbi.public,s3.us-east-1",human body,distal gut,stool,SRX21107248,USA,North America,USA,Homo sapiens,Illumina MiSeq,347TP09,42.4440 N 76.5019 W,347TP09,PAIRED,PCR,METAGENOMIC,human gut metagenome,ILLUMINA,2025-01-01T00:00:00Z,2023-07-20T15:28:00Z,1,347TP09,SRP450576
SRR25367948,AMPLICON,502,35747922,PRJNA944997,SAMN36658484,"MIMARKS.survey,MIGS/MIMS/MIMARKS.human-gut",23243194,CORNELL UNIVERSITY,2020-10-06/2021-12-16,public,"fastq,run.zq,sra","gs,ncbi,s3","gs.us-east1,ncbi.public,s3.us-east-1",human body,distal gut,stool,SRX21107247,USA,North America,USA,Homo sapiens,Illumina MiSeq,347TP08,42.4440 N 76.5019 W,347TP08,PAIRED,PCR,METAGENOMIC,human gut metagenome,ILLUMINA,2025-01-01T00:00:00Z,2023-07-20T15:28:00Z,1,347TP08,SRP450576
SRR25367949,AMPLICON,502,48959056,PRJNA944997,SAMN36658739,"MIMARKS.survey,MIGS/MIMS/MIMARKS.human-gut",33145654,CORNELL UNIVERSITY,2020-10-06/2021-12-16,public,"fastq,run.zq,sra","gs,ncbi,s3","gs.us-east1,ncbi.public,s3.us-east-1",human body,distal gut,stool,SRX21107246,USA,North America,USA,Homo sapiens,Illumina MiSeq,347TP07.2,42.4440 N 76.5019 W,347TP07.2,PAIRED,PCR,METAGENOMIC,human gut metagenome,ILLUMINA,2025-01-01T00:00:00Z,2023-07-20T15:28:00Z,1,347TP07.2,SRP450576
SRR25367950,AMPLICON,502,20593044,PRJNA944997,SAMN36658807,"MIMARKS.survey,MIGS/MIMS/MIMARKS.human-gut",11742281,CORNELL UNIVERSITY,2020-10-06/2021-12-16,public,"fastq,run.zq,sra","gs,ncbi,s3","gs.us-east1,ncbi.public,s3.us-east-1",human body,distal gut,stool,SRX21107245,USA,North America,USA,Homo sapiens,Illumina MiSeq,322TP05.2,42.4440 N 76.5019 W,322TP05.2,PAIRED,PCR,METAGENOMIC,human gut metagenome,ILLUMINA,2025-01-01T00:00:00Z,2023-07-20T15:28:00Z,1,322TP05.2,SRP450576
SRR25367951,AMPLICON,502,28207882,PRJNA944997,SAMN36658329,"MIMARKS.survey,MIGS/MIMS/MIMARKS.human-gut",16859266,CORNELL UNIVERSITY,2020-10-06/2021-12-16,public,"fastq,run.zq,sra","gs,ncbi,s3","gs.us-east1,ncbi.public,s3.us-east-1",human body,distal gut,stool,SRX21107244,USA,North America,USA,Homo sapiens,Illumina MiSeq,347TP07,42.4440 N 76.5019 W,347TP07,PAIRED,PCR,METAGENOMIC,human gut metagenome,ILLUMINA,2025-01-01T00:00:00Z,2023-07-20T15:28:00Z,1,347TP07,SRP450576
SRR25367953,AMPLICON,502,23748114,PRJNA944997,SAMN36658549,"MIMARKS.survey,MIGS/MIMS/MIMARKS.human-gut",14180110,CORNELL UNIVERSITY,2020-10-06/2021-12-16,public,"fastq,run.zq,sra","gs,ncbi,s3","gs.us-east1,ncbi.public,s3.us-east-1",human body,distal gut,stool,SRX21107242,USA,North America,USA,Homo sapiens,Illumina MiSeq,347TP05,42.4440 N 76.5019 W,347TP05,PAIRED,PCR,METAGENOMIC,human gut metagenome,ILLUMINA,2025-01-01T00:00:00Z,2023-07-20T15:28:00Z,1,347TP05,SRP450576
SRR25367955,AMPLICON,502,42009368,PRJNA944997,SAMN36658097,"MIMARKS.survey,MIGS/MIMS/MIMARKS.human-gut",28472452,CORNELL UNIVERSITY,2020-10-06/2021-12-16,public,"fastq,run.zq,sra","gs,ncbi,s3","gs.us-east1,ncbi.public,s3.us-east-1",human body,distal gut,stool,SRX21107240,USA,North America,USA,Homo sapiens,Illumina MiSeq,347TP04,42.4440 N 76.5019 W,347TP04,PAIRED,PCR,METAGENOMIC,human gut metagenome,ILLUMINA,2025-01-01T00:00:00Z,2023-07-20T15:28:00Z,1,347TP04,SRP450576
SRR25367956,AMPLICON,502,40285500,PRJNA944997,SAMN36658096,"MIMARKS.survey,MIGS/MIMS/MIMARKS.human-gut",24949854,CORNELL UNIVERSITY,2020-10-06/2021-12-16,public,"fastq,run.zq,sra","gs,ncbi,s3","gs.us-east1,ncbi.public,s3.us-east-1",human body,distal gut,stool,SRX21107239,USA,North America,USA,Homo sapiens,Illumina MiSeq,347TP03,42.4440 N 76.5019 W,347TP03,PAIRED,PCR,METAGENOMIC,human gut metagenome,ILLUMINA,2025-01-01T00:00:00Z,2023-07-20T15:28:00Z,1,347TP03,SRP450576
SRR25367957,AMPLICON,502,34629466,PRJNA944997,SAMN36658419,"MIMARKS.survey,MIGS/MIMS/MIMARKS.human-gut",22599237,CORNELL UNIVERSITY,2020-10-06/2021-12-16,public,"fastq,run.zq,sra","gs,ncbi,s3","gs.us-east1,ncbi.public,s3.us-east-1",human body,distal gut,stool,SRX21107238,USA,North America,USA,Homo sapiens,Illumina MiSeq,347TP02,42.4440 N 76.5019 W,347TP02,PAIRED,PCR,METAGENOMIC,human gut metagenome,ILLUMINA,2025-01-01T00:00:00Z,2023-07-20T15:28:00Z,1,347TP02,SRP450576
SRR25367958,AMPLICON,502,22153260,PRJNA944997,SAMN36658004,"MIMARKS.survey,MIGS/MIMS/MIMARKS.human-gut",12903965,CORNELL UNIVERSITY,2020-10-06/2021-12-16,public,"fastq,run.zq,sra","gs,ncbi,s3","gs.us-east1,ncbi.public,s3.us-east-1",human body,distal gut,stool,SRX21107237,USA,North America,USA,Homo sapiens,Illumina MiSeq,347TP01,42.4440 N 76.5019 W,347TP01,PAIRED,PCR,METAGENOMIC,human gut metagenome,ILLUMINA,2025-01-01T00:00:00Z,2023-07-20T15:28:00Z,1,347TP01,SRP450576
SRR25367970,AMPLICON,502,36681642,PRJNA944997,SAMN36658479,"MIMARKS.survey,MIGS/MIMS/MIMARKS.human-gut",23887735,CORNELL UNIVERSITY,2020-10-06/2021-12-16,public,"fastq,run.zq,sra","gs,ncbi,s3","gs.us-east1,ncbi.public,s3.us-east-1",human body,distal gut,stool,SRX21107225,USA,North America,USA,Homo sapiens,Illumina MiSeq,342TP02,42.4440 N 76.5019 W,342TP02,PAIRED,PCR,METAGENOMIC,human gut metagenome,ILLUMINA,2025-01-01T00:00:00Z,2023-07-20T15:28:00Z,1,342TP02,SRP450576
SRR25367971,AMPLICON,502,22142718,PRJNA944997,SAMN36657999,"MIMARKS.survey,MIGS/MIMS/MIMARKS.human-gut",13019560,CORNELL UNIVERSITY,2020-10-06/2021-12-16,public,"fastq,run.zq,sra","gs,ncbi,s3","gs.us-east1,ncbi.public,s3.us-east-1",human body,distal gut,stool,SRX21107224,USA,North America,USA,Homo sapiens,Illumina MiSeq,342TP01.rerun,42.4440 N 76.5019 W,342TP01.rerun,PAIRED,PCR,METAGENOMIC,human gut metagenome,ILLUMINA,2025-01-01T00:00:00Z,2023-07-20T15:28:00Z,1,342TP01.rerun,SRP450576
SRR25367972,AMPLICON,502,20913822,PRJNA944997,SAMN36658619,"MIMARKS.survey,MIGS/MIMS/MIMARKS.human-gut",11930874,CORNELL UNIVERSITY,2020-10-06/2021-12-16,public,"fastq,run.zq,sra","gs,ncbi,s3","gs.us-east1,ncbi.public,s3.us-east-1",human body,distal gut,stool,SRX21107223,USA,North America,USA,Homo sapiens,Illumina MiSeq,341TP12,42.4440 N 76.5019 W,341TP12,PAIRED,PCR,METAGENOMIC,human gut metagenome,ILLUMINA,2025-01-01T00:00:00Z,2023-07-20T15:28:00Z,1,341TP12,SRP450576
SRR25367973,AMPLICON,502,21592024,PRJNA944997,SAMN36658618,"MIMARKS.survey,MIGS/MIMS/MIMARKS.human-gut",12608678,CORNELL UNIVERSITY,2020-10-06/2021-12-16,public,"fastq,run.zq,sra","gs,ncbi,s3","gs.us-east1,ncbi.public,s3.us-east-1",human body,distal gut,stool,SRX21107222,USA,North America,USA,Homo sapiens,Illumina MiSeq,341TP11,42.4440 N 76.5019 W,341TP11,PAIRED,PCR,METAGENOMIC,human gut metagenome,ILLUMINA,2025-01-01T00:00:00Z,2023-07-20T15:28:00Z,1,341TP11,SRP450576
SRR25367974,AMPLICON,502,20187930,PRJNA944997,SAMN36658833,"MIMARKS.survey,MIGS/MIMS/MIMARKS.human-gut",12025827,CORNELL UNIVERSITY,2020-10-06/2021-12-16,public,"fastq,run.zq,sra","gs,ncbi,s3","gs.us-east1,ncbi.public,s3.us-east-1",human body,distal gut,stool,SRX21107221,USA,North America,USA,Homo sapiens,Illumina MiSeq,341TP10.2,42.4440 N 76.5019 W,341TP10.2,PAIRED,PCR,METAGENOMIC,human gut metagenome,ILLUMINA,2025-01-01T00:00:00Z,2023-07-20T15:28:00Z,1,341TP10.2,SRP450576
SRR25367977,AMPLICON,502,21720034,PRJNA944997,SAMN36658198,"MIMARKS.survey,MIGS/MIMS/MIMARKS.human-gut",12676431,CORNELL UNIVERSITY,2020-10-06/2021-12-16,public,"fastq,run.zq,sra","gs,ncbi,s3","gs.us-east1,ncbi.public,s3.us-east-1",human body,distal gut,stool,SRX21107218,USA,North America,USA,Homo sapiens,Illumina MiSeq,341TP09.rerun,42.4440 N 76.5019 W,341TP09.rerun,PAIRED,PCR,METAGENOMIC,human gut metagenome,ILLUMINA,2025-01-01T00:00:00Z,2023-07-20T15:28:00Z,1,341TP09.rerun,SRP450576
SRR25367978,AMPLICON,502,34085298,PRJNA944997,SAMN36658478,"MIMARKS.survey,MIGS/MIMS/MIMARKS.human-gut",21998138,CORNELL UNIVERSITY,2020-10-06/2021-12-16,public,"fastq,run.zq,sra","gs,ncbi,s3","gs.us-east1,ncbi.public,s3.us-east-1",human body,distal gut,stool,SRX21107217,USA,North America,USA,Homo sapiens,Illumina MiSeq,341TP08,42.4440 N 76.5019 W,341TP08,PAIRED,PCR,METAGENOMIC,human gut metagenome,ILLUMINA,2025-01-01T00:00:00Z,2023-07-20T15:28:00Z,1,341TP08,SRP450576
SRR25367979,AMPLICON,502,57253100,PRJNA944997,SAMN36658714,"MIMARKS.survey,MIGS/MIMS/MIMARKS.human-gut",39036503,CORNELL UNIVERSITY,2020-10-06/2021-12-16,public,"fastq,run.zq,sra","gs,ncbi,s3","gs.us-east1,ncbi.public,s3.us-east-1",human body,distal gut,stool,SRX21107216,USA,North America,USA,Homo sapiens,Illumina MiSeq,341TP07.2,42.4440 N 76.5019 W,341TP07.2,PAIRED,PCR,METAGENOMIC,human gut metagenome,ILLUMINA,2025-01-01T00:00:00Z,2023-07-20T15:28:00Z,1,341TP07.2,SRP450576
SRR25367980,AMPLICON,502,31708328,PRJNA944997,SAMN36658317,"MIMARKS.survey,MIGS/MIMS/MIMARKS.human-gut",19131603,CORNELL UNIVERSITY,2020-10-06/2021-12-16,public,"fastq,run.zq,sra","gs,ncbi,s3","gs.us-east1,ncbi.public,s3.us-east-1",human body,distal gut,stool,SRX21107215,USA,North America,USA,Homo sapiens,Illumina MiSeq,341TP07,42.4440 N 76.5019 W,341TP07,PAIRED,PCR,METAGENOMIC,human gut metagenome,ILLUMINA,2025-01-01T00:00:00Z,2023-07-20T15:28:00Z,1,341TP07,SRP450576
SRR25367981,AMPLICON,502,32613434,PRJNA944997,SAMN36658316,"MIMARKS.survey,MIGS/MIMS/MIMARKS.human-gut",20094434,CORNELL UNIVERSITY,2020-10-06/2021-12-16,public,"fastq,run.zq,sra","gs,ncbi,s3","gs.us-east1,ncbi.public,s3.us-east-1",human body,distal gut,stool,SRX21107214,USA,North America,USA,Homo sapiens,Illumina MiSeq,341TP06,42.4440 N 76.5019 W,341TP06,PAIRED,PCR,METAGENOMIC,human gut metagenome,ILLUMINA,2025-01-01T00:00:00Z,2023-07-20T15:28:00Z,1,341TP06,SRP450576
SRR25367982,AMPLICON,502,50872680,PRJNA944997,SAMN36658733,"MIMARKS.survey,MIGS/MIMS/MIMARKS.human-gut",34521446,CORNELL UNIVERSITY,2020-10-06/2021-12-16,public,"fastq,run.zq,sra","gs,ncbi,s3","gs.us-east1,ncbi.public,s3.us-east-1",human body,distal gut,stool,SRX21107213,USA,North America,USA,Homo sapiens,Illumina MiSeq,341TP05.2,42.4440 N 76.5019 W,341TP05.2,PAIRED,PCR,METAGENOMIC,human gut metagenome,ILLUMINA,2025-01-01T00:00:00Z,2023-07-20T15:28:00Z,1,341TP05.2,SRP450576
SRR25367983,AMPLICON,502,28582876,PRJNA944997,SAMN36658543,"MIMARKS.survey,MIGS/MIMS/MIMARKS.human-gut",16971631,CORNELL UNIVERSITY,2020-10-06/2021-12-16,public,"fastq,run.zq,sra","gs,ncbi,s3","gs.us-east1,ncbi.public,s3.us-east-1",human body,distal gut,stool,SRX21107212,USA,North America,USA,Homo sapiens,Illumina MiSeq,341TP05,42.4440 N 76.5019 W,341TP05,PAIRED,PCR,METAGENOMIC,human gut metagenome,ILLUMINA,2025-01-01T00:00:00Z,2023-07-20T15:28:00Z,1,341TP05,SRP450576
SRR25367984,AMPLICON,502,34149052,PRJNA944997,SAMN36658085,"MIMARKS.survey,MIGS/MIMS/MIMARKS.human-gut",21985610,CORNELL UNIVERSITY,2020-10-06/2021-12-16,public,"fastq,run.zq,sra","gs,ncbi,s3","gs.us-east1,ncbi.public,s3.us-east-1",human body,distal gut,stool,SRX21107211,USA,North America,USA,Homo sapiens,Illumina MiSeq,341TP04,42.4440 N 76.5019 W,341TP04,PAIRED,PCR,METAGENOMIC,human gut metagenome,ILLUMINA,2025-01-01T00:00:00Z,2023-07-20T15:28:00Z,1,341TP04,SRP450576
SRR25367985,AMPLICON,502,31107936,PRJNA944997,SAMN36658084,"MIMARKS.survey,MIGS/MIMS/MIMARKS.human-gut",18528737,CORNELL UNIVERSITY,2020-10-06/2021-12-16,public,"fastq,run.zq,sra","gs,ncbi,s3","gs.us-east1,ncbi.public,s3.us-east-1",human body,distal gut,stool,SRX21107210,USA,North America,USA,Homo sapiens,Illumina MiSeq,341TP03.rerun,42.4440 N 76.5019 W,341TP03.rerun,PAIRED,PCR,METAGENOMIC,human gut metagenome,ILLUMINA,2025-01-01T00:00:00Z,2023-07-20T15:28:00Z,1,341TP03.rerun,SRP450576
SRR25367986,AMPLICON,502,24736552,PRJNA944997,SAMN36658167,"MIMARKS.survey,MIGS/MIMS/MIMARKS.human-gut",15129572,CORNELL UNIVERSITY,2020-10-06/2021-12-16,public,"fastq,run.zq,sra","gs,ncbi,s3","gs.us-east1,ncbi.public,s3.us-east-1",human body,distal gut,stool,SRX21107209,USA,North America,USA,Homo sapiens,Illumina MiSeq,321TP10,42.4440 N 76.5019 W,321TP10,PAIRED,PCR,METAGENOMIC,human gut metagenome,ILLUMINA,2025-01-01T00:00:00Z,2023-07-20T15:28:00Z,1,321TP10,SRP450576
SRR25367987,AMPLICON,502,25213954,PRJNA944997,SAMN36658413,"MIMARKS.survey,MIGS/MIMS/MIMARKS.human-gut",16415224,CORNELL UNIVERSITY,2020-10-06/2021-12-16,public,"fastq,run.zq,sra","gs,ncbi,s3","gs.us-east1,ncbi.public,s3.us-east-1",human body,distal gut,stool,SRX21107208,USA,North America,USA,Homo sapiens,Illumina MiSeq,341TP02,42.4440 N 76.5019 W,341TP02,PAIRED,PCR,METAGENOMIC,human gut metagenome,ILLUMINA,2025-01-01T00:00:00Z,2023-07-20T15:28:00Z,1,341TP02,SRP450576
SRR25367989,AMPLICON,502,21639714,PRJNA944997,SAMN36658617,"MIMARKS.survey,MIGS/MIMS/MIMARKS.human-gut",12564160,CORNELL UNIVERSITY,2020-10-06/2021-12-16,public,"fastq,run.zq,sra","gs,ncbi,s3","gs.us-east1,ncbi.public,s3.us-east-1",human body,distal gut,stool,SRX21107206,USA,North America,USA,Homo sapiens,Illumina MiSeq,340TP12,42.4440 N 76.5019 W,340TP12,PAIRED,PCR,METAGENOMIC,human gut metagenome,ILLUMINA,2025-01-01T00:00:00Z,2023-07-20T15:28:00Z,1,340TP12,SRP450576
SRR25367990,AMPLICON,502,24222002,PRJNA944997,SAMN36658616,"MIMARKS.survey,MIGS/MIMS/MIMARKS.human-gut",13911569,CORNELL UNIVERSITY,2020-10-06/2021-12-16,public,"fastq,run.zq,sra","gs,ncbi,s3","gs.us-east1,ncbi.public,s3.us-east-1",human body,distal gut,stool,SRX21107205,USA,North America,USA,Homo sapiens,Illumina MiSeq,340TP11,42.4440 N 76.5019 W,340TP11,PAIRED,PCR,METAGENOMIC,human gut metagenome,ILLUMINA,2025-01-01T00:00:00Z,2023-07-20T15:28:00Z,1,340TP11,SRP450576
SRR25367991,AMPLICON,502,48983654,PRJNA944997,SAMN36658725,"MIMARKS.survey,MIGS/MIMS/MIMARKS.human-gut",32531927,CORNELL UNIVERSITY,2020-10-06/2021-12-16,public,"fastq,run.zq,sra","gs,ncbi,s3","gs.us-east1,ncbi.public,s3.us-east-1",human body,distal gut,stool,SRX21107204,USA,North America,USA,Homo sapiens,Illumina MiSeq,340TP10.2,42.4440 N 76.5019 W,340TP10.2,PAIRED,PCR,METAGENOMIC,human gut metagenome,ILLUMINA,2025-01-01T00:00:00Z,2023-07-20T15:28:00Z,1,340TP10.2,SRP450576
SRR25367992,AMPLICON,502,28312800,PRJNA944997,SAMN36658083,"MIMARKS.survey,MIGS/MIMS/MIMARKS.human-gut",16407315,CORNELL UNIVERSITY,2020-10-06/2021-12-16,public,"fastq,run.zq,sra","gs,ncbi,s3","gs.us-east1,ncbi.public,s3.us-east-1",human body,distal gut,stool,SRX21107203,USA,North America,USA,Homo sapiens,Illumina MiSeq,340TP10,42.4440 N 76.5019 W,340TP10,PAIRED,PCR,METAGENOMIC,human gut metagenome,ILLUMINA,2025-01-01T00:00:00Z,2023-07-20T15:28:00Z,1,340TP10,SRP450576
SRR25367993,AMPLICON,502,22438898,PRJNA944997,SAMN36658082,"MIMARKS.survey,MIGS/MIMS/MIMARKS.human-gut",12934545,CORNELL UNIVERSITY,2020-10-06/2021-12-16,public,"fastq,run.zq,sra","gs,ncbi,s3","gs.us-east1,ncbi.public,s3.us-east-1",human body,distal gut,stool,SRX21107202,USA,North America,USA,Homo sapiens,Illumina MiSeq,340TP09,42.4440 N 76.5019 W,340TP09,PAIRED,PCR,METAGENOMIC,human gut metagenome,ILLUMINA,2025-01-01T00:00:00Z,2023-07-20T15:28:00Z,1,340TP09,SRP450576
SRR25367994,AMPLICON,502,28810282,PRJNA944997,SAMN36658412,"MIMARKS.survey,MIGS/MIMS/MIMARKS.human-gut",18258436,CORNELL UNIVERSITY,2020-10-06/2021-12-16,public,"fastq,run.zq,sra","gs,ncbi,s3","gs.us-east1,ncbi.public,s3.us-east-1",human body,distal gut,stool,SRX21107201,USA,North America,USA,Homo sapiens,Illumina MiSeq,340TP08,42.4440 N 76.5019 W,340TP08,PAIRED,PCR,METAGENOMIC,human gut metagenome,ILLUMINA,2025-01-01T00:00:00Z,2023-07-20T15:28:00Z,1,340TP08,SRP450576
SRR25367995,AMPLICON,502,47467614,PRJNA944997,SAMN36658723,"MIMARKS.survey,MIGS/MIMS/MIMARKS.human-gut",31416562,CORNELL UNIVERSITY,2020-10-06/2021-12-16,public,"fastq,run.zq,sra","gs,ncbi,s3","gs.us-east1,ncbi.public,s3.us-east-1",human body,distal gut,stool,SRX21107200,USA,North America,USA,Homo sapiens,Illumina MiSeq,340TP07.2,42.4440 N 76.5019 W,340TP07.2,PAIRED,PCR,METAGENOMIC,human gut metagenome,ILLUMINA,2025-01-01T00:00:00Z,2023-07-20T15:28:00Z,1,340TP07.2,SRP450576
SRR25367996,AMPLICON,502,27554780,PRJNA944997,SAMN36658315,"MIMARKS.survey,MIGS/MIMS/MIMARKS.human-gut",15930026,CORNELL UNIVERSITY,2020-10-06/2021-12-16,public,"fastq,run.zq,sra","gs,ncbi,s3","gs.us-east1,ncbi.public,s3.us-east-1",human body,distal gut,stool,SRX21107199,USA,North America,USA,Homo sapiens,Illumina MiSeq,340TP07,42.4440 N 76.5019 W,340TP07,PAIRED,PCR,METAGENOMIC,human gut metagenome,ILLUMINA,2025-01-01T00:00:00Z,2023-07-20T15:28:00Z,1,340TP07,SRP450576
SRR25367997,AMPLICON,502,26243054,PRJNA944997,SAMN36658166,"MIMARKS.survey,MIGS/MIMS/MIMARKS.human-gut",15193779,CORNELL UNIVERSITY,2020-10-06/2021-12-16,public,"fastq,run.zq,sra","gs,ncbi,s3","gs.us-east1,ncbi.public,s3.us-east-1",human body,distal gut,stool,SRX21107198,USA,North America,USA,Homo sapiens,Illumina MiSeq,321TP09,42.4440 N 76.5019 W,321TP09,PAIRED,PCR,METAGENOMIC,human gut metagenome,ILLUMINA,2025-01-01T00:00:00Z,2023-07-20T15:28:00Z,1,321TP09,SRP450576
SRR25368000,AMPLICON,502,29977432,PRJNA944997,SAMN36658542,"MIMARKS.survey,MIGS/MIMS/MIMARKS.human-gut",17978157,CORNELL UNIVERSITY,2020-10-06/2021-12-16,public,"fastq,run.zq,sra","gs,ncbi,s3","gs.us-east1,ncbi.public,s3.us-east-1",human body,distal gut,stool,SRX21107195,USA,North America,USA,Homo sapiens,Illumina MiSeq,340TP05,42.4440 N 76.5019 W,340TP05,PAIRED,PCR,METAGENOMIC,human gut metagenome,ILLUMINA,2025-01-01T00:00:00Z,2023-07-20T15:28:00Z,1,340TP05,SRP450576
SRR25368001,AMPLICON,502,34781070,PRJNA944997,SAMN36658197,"MIMARKS.survey,MIGS/MIMS/MIMARKS.human-gut",22120822,CORNELL UNIVERSITY,2020-10-06/2021-12-16,public,"fastq,run.zq,sra","gs,ncbi,s3","gs.us-east1,ncbi.public,s3.us-east-1",human body,distal gut,stool,SRX21107194,USA,North America,USA,Homo sapiens,Illumina MiSeq,340TP04,42.4440 N 76.5019 W,340TP04,PAIRED,PCR,METAGENOMIC,human gut metagenome,ILLUMINA,2025-01-01T00:00:00Z,2023-07-20T15:28:00Z,1,340TP04,SRP450576
SRR25368002,AMPLICON,502,24506636,PRJNA944997,SAMN36658609,"MIMARKS.survey,MIGS/MIMS/MIMARKS.human-gut",14594120,CORNELL UNIVERSITY,2020-10-06/2021-12-16,public,"fastq,run.zq,sra","gs,ncbi,s3","gs.us-east1,ncbi.public,s3.us-east-1",human body,distal gut,stool,SRX21107193,USA,North America,USA,Homo sapiens,Illumina MiSeq,335TP11.rerun,42.4440 N 76.5019 W,335TP11.rerun,PAIRED,PCR,METAGENOMIC,human gut metagenome,ILLUMINA,2025-01-01T00:00:00Z,2023-07-20T15:28:00Z,1,335TP11.rerun,SRP450576
SRR25368003,AMPLICON,502,35216806,PRJNA944997,SAMN36658188,"MIMARKS.survey,MIGS/MIMS/MIMARKS.human-gut",21022194,CORNELL UNIVERSITY,2020-10-06/2021-12-16,public,"fastq,run.zq,sra","gs,ncbi,s3","gs.us-east1,ncbi.public,s3.us-east-1",human body,distal gut,stool,SRX21107192,USA,North America,USA,Homo sapiens,Illumina MiSeq,335TP10,42.4440 N 76.5019 W,335TP10,PAIRED,PCR,METAGENOMIC,human gut metagenome,ILLUMINA,2025-01-01T00:00:00Z,2023-07-20T15:28:00Z,1,335TP10,SRP450576
SRR25368004,AMPLICON,502,21450962,PRJNA944997,SAMN36658187,"MIMARKS.survey,MIGS/MIMS/MIMARKS.human-gut",12740362,CORNELL UNIVERSITY,2020-10-06/2021-12-16,public,"fastq,run.zq,sra","gs,ncbi,s3","gs.us-east1,ncbi.public,s3.us-east-1",human body,distal gut,stool,SRX21107191,USA,North America,USA,Homo sapiens,Illumina MiSeq,335TP09,42.4440 N 76.5019 W,335TP09,PAIRED,PCR,METAGENOMIC,human gut metagenome,ILLUMINA,2025-01-01T00:00:00Z,2023-07-20T15:28:00Z,1,335TP09,SRP450576
SRR25368005,AMPLICON,502,51098078,PRJNA944997,SAMN36658350,"MIMARKS.survey,MIGS/MIMS/MIMARKS.human-gut",30682744,CORNELL UNIVERSITY,2020-10-06/2021-12-16,public,"fastq,run.zq,sra","gs,ncbi,s3","gs.us-east1,ncbi.public,s3.us-east-1",human body,distal gut,stool,SRX21107676,USA,North America,USA,Homo sapiens,Illumina MiSeq,361TP06,42.4440 N 76.5019 W,361TP06,PAIRED,PCR,METAGENOMIC,human gut metagenome,ILLUMINA,2025-01-01T00:00:00Z,2023-07-20T15:28:00Z,1,361TP06,SRP450576
SRR25368007,AMPLICON,502,45804990,PRJNA944997,SAMN36658750,"MIMARKS.survey,MIGS/MIMS/MIMARKS.human-gut",30727383,CORNELL UNIVERSITY,2020-10-06/2021-12-16,public,"fastq,run.zq,sra","gs,ncbi,s3","gs.us-east1,ncbi.public,s3.us-east-1",human body,distal gut,stool,SRX21107674,USA,North America,USA,Homo sapiens,Illumina MiSeq,361TP04.2,42.4440 N 76.5019 W,361TP04.2,PAIRED,PCR,METAGENOMIC,human gut metagenome,ILLUMINA,2025-01-01T00:00:00Z,2023-07-20T15:28:00Z,1,361TP04.2,SRP450576
SRR25368008,AMPLICON,502,26059322,PRJNA944997,SAMN36658119,"MIMARKS.survey,MIGS/MIMS/MIMARKS.human-gut",15280196,CORNELL UNIVERSITY,2020-10-06/2021-12-16,public,"fastq,run.zq,sra","gs,ncbi,s3","gs.us-east1,ncbi.public,s3.us-east-1",human body,distal gut,stool,SRX21107673,USA,North America,USA,Homo sapiens,Illumina MiSeq,361TP04,42.4440 N 76.5019 W,361TP04,PAIRED,PCR,METAGENOMIC,human gut metagenome,ILLUMINA,2025-01-01T00:00:00Z,2023-07-20T15:28:00Z,1,361TP04,SRP450576
SRR25368009,AMPLICON,502,46602668,PRJNA944997,SAMN36658118,"MIMARKS.survey,MIGS/MIMS/MIMARKS.human-gut",28427903,CORNELL UNIVERSITY,2020-10-06/2021-12-16,public,"fastq,run.zq,sra","gs,ncbi,s3","gs.us-east1,ncbi.public,s3.us-east-1",human body,distal gut,stool,SRX21107672,USA,North America,USA,Homo sapiens,Illumina MiSeq,361TP03,42.4440 N 76.5019 W,361TP03,PAIRED,PCR,METAGENOMIC,human gut metagenome,ILLUMINA,2025-01-01T00:00:00Z,2023-07-20T15:29:00Z,1,361TP03,SRP450576
SRR25368014,AMPLICON,502,25580916,PRJNA944997,SAMN36658560,"MIMARKS.survey,MIGS/MIMS/MIMARKS.human-gut",15052658,CORNELL UNIVERSITY,2020-10-06/2021-12-16,public,"fastq,run.zq,sra","gs,ncbi,s3","gs.us-east1,ncbi.public,s3.us-east-1",human body,distal gut,stool,SRX21107667,USA,North America,USA,Homo sapiens,Illumina MiSeq,360TP05,42.4440 N 76.5019 W,360TP05,PAIRED,PCR,METAGENOMIC,human gut metagenome,ILLUMINA,2025-01-01T00:00:00Z,2023-07-20T15:28:00Z,1,360TP05,SRP450576
SRR25368015,AMPLICON,502,19324992,PRJNA944997,SAMN36658837,"MIMARKS.survey,MIGS/MIMS/MIMARKS.human-gut",11704349,CORNELL UNIVERSITY,2020-10-06/2021-12-16,public,"fastq,run.zq,sra","gs,ncbi,s3","gs.us-east1,ncbi.public,s3.us-east-1",human body,distal gut,stool,SRX21107666,USA,North America,USA,Homo sapiens,Illumina MiSeq,360TP04.2,42.4440 N 76.5019 W,360TP04.2,PAIRED,PCR,METAGENOMIC,human gut metagenome,ILLUMINA,2025-01-01T00:00:00Z,2023-07-20T15:28:00Z,1,360TP04.2,SRP450576
SRR25368016,AMPLICON,502,35806656,PRJNA944997,SAMN36658231,"MIMARKS.survey,MIGS/MIMS/MIMARKS.human-gut",24438102,CORNELL UNIVERSITY,2020-10-06/2021-12-16,public,"fastq,run.zq,sra","gs,ncbi,s3","gs.us-east1,ncbi.public,s3.us-east-1",human body,distal gut,stool,SRX21107665,USA,North America,USA,Homo sapiens,Illumina MiSeq,360TP04,42.4440 N 76.5019 W,360TP04,PAIRED,PCR,METAGENOMIC,human gut metagenome,ILLUMINA,2025-01-01T00:00:00Z,2023-07-20T15:28:00Z,1,360TP04,SRP450576
SRR25368017,AMPLICON,502,49260758,PRJNA944997,SAMN36658107,"MIMARKS.survey,MIGS/MIMS/MIMARKS.human-gut",33229317,CORNELL UNIVERSITY,2020-10-06/2021-12-16,public,"fastq,run.zq,sra","gs,ncbi,s3","gs.us-east1,ncbi.public,s3.us-east-1",human body,distal gut,stool,SRX21107664,USA,North America,USA,Homo sapiens,Illumina MiSeq,353TP04,42.4440 N 76.5019 W,353TP04,PAIRED,PCR,METAGENOMIC,human gut metagenome,ILLUMINA,2025-01-01T00:00:00Z,2023-07-20T15:29:00Z,1,353TP04,SRP450576
SRR25368018,AMPLICON,502,41096230,PRJNA944997,SAMN36658106,"MIMARKS.survey,MIGS/MIMS/MIMARKS.human-gut",25453451,CORNELL UNIVERSITY,2020-10-06/2021-12-16,public,"fastq,run.zq,sra","gs,ncbi,s3","gs.us-east1,ncbi.public,s3.us-east-1",human body,distal gut,stool,SRX21107663,USA,North America,USA,Homo sapiens,Illumina MiSeq,353TP03,42.4440 N 76.5019 W,353TP03,PAIRED,PCR,METAGENOMIC,human gut metagenome,ILLUMINA,2025-01-01T00:00:00Z,2023-07-20T15:28:00Z,1,353TP03,SRP450576
SRR25368020,AMPLICON,502,27084406,PRJNA944997,SAMN36658009,"MIMARKS.survey,MIGS/MIMS/MIMARKS.human-gut",16992060,CORNELL UNIVERSITY,2020-10-06/2021-12-16,public,"fastq,run.zq,sra","gs,ncbi,s3","gs.us-east1,ncbi.public,s3.us-east-1",human body,distal gut,stool,SRX21107661,USA,North America,USA,Homo sapiens,Illumina MiSeq,353TP01,42.4440 N 76.5019 W,353TP01,PAIRED,PCR,METAGENOMIC,human gut metagenome,ILLUMINA,2025-01-01T00:00:00Z,2023-07-20T15:28:00Z,1,353TP01,SRP450576
SRR25368025,AMPLICON,502,23229046,PRJNA944997,SAMN36658104,"MIMARKS.survey,MIGS/MIMS/MIMARKS.human-gut",13496406,CORNELL UNIVERSITY,2020-10-06/2021-12-16,public,"fastq,run.zq,sra","gs,ncbi,s3","gs.us-east1,ncbi.public,s3.us-east-1",human body,distal gut,stool,SRX21107656,USA,North America,USA,Homo sapiens,Illumina MiSeq,352TP09.rerun,42.4440 N 76.5019 W,352TP09.rerun,PAIRED,PCR,METAGENOMIC,human gut metagenome,ILLUMINA,2025-01-01T00:00:00Z,2023-07-20T15:28:00Z,1,352TP09.rerun,SRP450576
SRR25368026,AMPLICON,502,28065314,PRJNA944997,SAMN36658053,"MIMARKS.survey,MIGS/MIMS/MIMARKS.human-gut",16522328,CORNELL UNIVERSITY,2020-10-06/2021-12-16,public,"fastq,run.zq,sra","gs,ncbi,s3","gs.us-east1,ncbi.public,s3.us-east-1",human body,distal gut,stool,SRX21107655,USA,North America,USA,Homo sapiens,Illumina MiSeq,322TP10,42.4440 N 76.5019 W,322TP10,PAIRED,PCR,METAGENOMIC,human gut metagenome,ILLUMINA,2025-01-01T00:00:00Z,2023-07-20T15:28:00Z,1,322TP10,SRP450576
SRR25368027,AMPLICON,502,28286696,PRJNA944997,SAMN36658423,"MIMARKS.survey,MIGS/MIMS/MIMARKS.human-gut",18125678,CORNELL UNIVERSITY,2020-10-06/2021-12-16,public,"fastq,run.zq,sra","gs,ncbi,s3","gs.us-east1,ncbi.public,s3.us-east-1",human body,distal gut,stool,SRX21107654,USA,North America,USA,Homo sapiens,Illumina MiSeq,352TP08,42.4440 N 76.5019 W,352TP08,PAIRED,PCR,METAGENOMIC,human gut metagenome,ILLUMINA,2025-01-01T00:00:00Z,2023-07-20T15:28:00Z,1,352TP08,SRP450576
SRR25368028,AMPLICON,502,26846960,PRJNA944997,SAMN36658757,"MIMARKS.survey,MIGS/MIMS/MIMARKS.human-gut",16026605,CORNELL UNIVERSITY,2020-10-06/2021-12-16,public,"fastq,run.zq,sra","gs,ncbi,s3","gs.us-east1,ncbi.public,s3.us-east-1",human body,distal gut,stool,SRX21107653,USA,North America,USA,Homo sapiens,Illumina MiSeq,352TP07.2,42.4440 N 76.5019 W,352TP07.2,PAIRED,PCR,METAGENOMIC,human gut metagenome,ILLUMINA,2025-01-01T00:00:00Z,2023-07-20T15:28:00Z,1,352TP07.2,SRP450576
SRR25368030,AMPLICON,502,41194120,PRJNA944997,SAMN36658336,"MIMARKS.survey,MIGS/MIMS/MIMARKS.human-gut",24984680,CORNELL UNIVERSITY,2020-10-06/2021-12-16,public,"fastq,run.zq,sra","gs,ncbi,s3","gs.us-east1,ncbi.public,s3.us-east-1",human body,distal gut,stool,SRX21107651,USA,North America,USA,Homo sapiens,Illumina MiSeq,352TP06,42.4440 N 76.5019 W,352TP06,PAIRED,PCR,METAGENOMIC,human gut metagenome,ILLUMINA,2025-01-01T00:00:00Z,2023-07-20T15:28:00Z,1,352TP06,SRP450576
SRR25368031,AMPLICON,502,31174702,PRJNA944997,SAMN36658553,"MIMARKS.survey,MIGS/MIMS/MIMARKS.human-gut",18560174,CORNELL UNIVERSITY,2020-10-06/2021-12-16,public,"fastq,run.zq,sra","gs,ncbi,s3","gs.us-east1,ncbi.public,s3.us-east-1",human body,distal gut,stool,SRX21107650,USA,North America,USA,Homo sapiens,Illumina MiSeq,352TP05,42.4440 N 76.5019 W,352TP05,PAIRED,PCR,METAGENOMIC,human gut metagenome,ILLUMINA,2025-01-01T00:00:00Z,2023-07-20T15:29:00Z,1,352TP05,SRP450576
SRR25368032,AMPLICON,502,21177874,PRJNA944997,SAMN36658825,"MIMARKS.survey,MIGS/MIMS/MIMARKS.human-gut",12363594,CORNELL UNIVERSITY,2020-10-06/2021-12-16,public,"fastq,run.zq,sra","gs,ncbi,s3","gs.us-east1,ncbi.public,s3.us-east-1",human body,distal gut,stool,SRX21107649,USA,North America,USA,Homo sapiens,Illumina MiSeq,352TP04.2,42.4440 N 76.5019 W,352TP04.2,PAIRED,PCR,METAGENOMIC,human gut metagenome,ILLUMINA,2025-01-01T00:00:00Z,2023-07-20T15:28:00Z,1,352TP04.2,SRP450576
SRR25368033,AMPLICON,502,35504954,PRJNA944997,SAMN36658217,"MIMARKS.survey,MIGS/MIMS/MIMARKS.human-gut",23665869,CORNELL UNIVERSITY,2020-10-06/2021-12-16,public,"fastq,run.zq,sra","gs,ncbi,s3","gs.us-east1,ncbi.public,s3.us-east-1",human body,distal gut,stool,SRX21107648,USA,North America,USA,Homo sapiens,Illumina MiSeq,352TP04,42.4440 N 76.5019 W,352TP04,PAIRED,PCR,METAGENOMIC,human gut metagenome,ILLUMINA,2025-01-01T00:00:00Z,2023-07-20T15:28:00Z,1,352TP04,SRP450576
SRR25368034,AMPLICON,502,20650774,PRJNA944997,SAMN36658216,"MIMARKS.survey,MIGS/MIMS/MIMARKS.human-gut",12919421,CORNELL UNIVERSITY,2020-10-06/2021-12-16,public,"fastq,run.zq,sra","gs,ncbi,s3","gs.us-east1,ncbi.public,s3.us-east-1",human body,distal gut,stool,SRX21107647,USA,North America,USA,Homo sapiens,Illumina MiSeq,352TP03,42.4440 N 76.5019 W,352TP03,PAIRED,PCR,METAGENOMIC,human gut metagenome,ILLUMINA,2025-01-01T00:00:00Z,2023-07-20T15:28:00Z,1,352TP03,SRP450576
SRR25368037,AMPLICON,502,23196416,PRJNA944997,SAMN36658052,"MIMARKS.survey,MIGS/MIMS/MIMARKS.human-gut",13293934,CORNELL UNIVERSITY,2020-10-06/2021-12-16,public,"fastq,run.zq,sra","gs,ncbi,s3","gs.us-east1,ncbi.public,s3.us-east-1",human body,distal gut,stool,SRX21107644,USA,North America,USA,Homo sapiens,Illumina MiSeq,322TP09,42.4440 N 76.5019 W,322TP09,PAIRED,PCR,METAGENOMIC,human gut metagenome,ILLUMINA,2025-01-01T00:00:00Z,2023-07-20T15:28:00Z,1,322TP09,SRP450576
SRR25368038,AMPLICON,502,25684328,PRJNA944997,SAMN36658523,"MIMARKS.survey,MIGS/MIMS/MIMARKS.human-gut",14889964,CORNELL UNIVERSITY,2020-10-06/2021-12-16,public,"fastq,run.zq,sra","gs,ncbi,s3","gs.us-east1,ncbi.public,s3.us-east-1",human body,distal gut,stool,SRX21107643,USA,North America,USA,Homo sapiens,Illumina MiSeq,320TP05,42.4440 N 76.5019 W,320TP05,PAIRED,PCR,METAGENOMIC,human gut metagenome,ILLUMINA,2025-01-01T00:00:00Z,2023-07-20T15:28:00Z,1,320TP05,SRP450576
SRR25368039,AMPLICON,502,32661626,PRJNA944997,SAMN36658698,"MIMARKS.survey,MIGS/MIMS/MIMARKS.human-gut",18983517,CORNELL UNIVERSITY,2020-10-06/2021-12-16,public,"fastq,run.zq,sra","gs,ncbi,s3","gs.us-east1,ncbi.public,s3.us-east-1",human body,distal gut,stool,SRX21107642,USA,North America,USA,Homo sapiens,Illumina MiSeq,351TP10.2,42.4440 N 76.5019 W,351TP10.2,PAIRED,PCR,METAGENOMIC,human gut metagenome,ILLUMINA,2025-01-01T00:00:00Z,2023-07-20T15:28:00Z,1,351TP10.2,SRP450576
SRR25368040,AMPLICON,502,56684334,PRJNA944997,SAMN36658215,"MIMARKS.survey,MIGS/MIMS/MIMARKS.human-gut",37563418,CORNELL UNIVERSITY,2020-10-06/2021-12-16,public,"fastq,run.zq,sra","gs,ncbi,s3","gs.us-east1,ncbi.public,s3.us-east-1",human body,distal gut,stool,SRX21107641,USA,North America,USA,Homo sapiens,Illumina MiSeq,351TP10,42.4440 N 76.5019 W,351TP10,PAIRED,PCR,METAGENOMIC,human gut metagenome,ILLUMINA,2025-01-01T00:00:00Z,2023-07-20T15:29:00Z,1,351TP10,SRP450576
SRR25368042,AMPLICON,502,36682144,PRJNA944997,SAMN36658487,"MIMARKS.survey,MIGS/MIMS/MIMARKS.human-gut",23474014,CORNELL UNIVERSITY,2020-10-06/2021-12-16,public,"fastq,run.zq,sra","gs,ncbi,s3","gs.us-east1,ncbi.public,s3.us-east-1",human body,distal gut,stool,SRX21107639,USA,North America,USA,Homo sapiens,Illumina MiSeq,351TP08,42.4440 N 76.5019 W,351TP08,PAIRED,PCR,METAGENOMIC,human gut metagenome,ILLUMINA,2025-01-01T00:00:00Z,2023-07-20T15:28:00Z,1,351TP08,SRP450576
SRR25368043,AMPLICON,502,30694288,PRJNA944997,SAMN36658715,"MIMARKS.survey,MIGS/MIMS/MIMARKS.human-gut",18218314,CORNELL UNIVERSITY,2020-10-06/2021-12-16,public,"fastq,run.zq,sra","gs,ncbi,s3","gs.us-east1,ncbi.public,s3.us-east-1",human body,distal gut,stool,SRX21107638,USA,North America,USA,Homo sapiens,Illumina MiSeq,351TP07.2,42.4440 N 76.5019 W,351TP07.2,PAIRED,PCR,METAGENOMIC,human gut metagenome,ILLUMINA,2025-01-01T00:00:00Z,2023-07-20T15:28:00Z,1,351TP07.2,SRP450576
SRR25368044,AMPLICON,502,55002132,PRJNA944997,SAMN36658335,"MIMARKS.survey,MIGS/MIMS/MIMARKS.human-gut",37093580,CORNELL UNIVERSITY,2020-10-06/2021-12-16,public,"fastq,run.zq,sra","gs,ncbi,s3","gs.us-east1,ncbi.public,s3.us-east-1",human body,distal gut,stool,SRX21107637,USA,North America,USA,Homo sapiens,Illumina MiSeq,351TP07,42.4440 N 76.5019 W,351TP07,PAIRED,PCR,METAGENOMIC,human gut metagenome,ILLUMINA,2025-01-01T00:00:00Z,2023-07-20T15:29:00Z,1,351TP07,SRP450576
SRR25368045,AMPLICON,502,48532858,PRJNA944997,SAMN36658334,"MIMARKS.survey,MIGS/MIMS/MIMARKS.human-gut",29584932,CORNELL UNIVERSITY,2020-10-06/2021-12-16,public,"fastq,run.zq,sra","gs,ncbi,s3","gs.us-east1,ncbi.public,s3.us-east-1",human body,distal gut,stool,SRX21107636,USA,North America,USA,Homo sapiens,Illumina MiSeq,351TP06,42.4440 N 76.5019 W,351TP06,PAIRED,PCR,METAGENOMIC,human gut metagenome,ILLUMINA,2025-01-01T00:00:00Z,2023-07-20T15:29:00Z,1,351TP06,SRP450576
SRR25368046,AMPLICON,502,30062270,PRJNA944997,SAMN36658552,"MIMARKS.survey,MIGS/MIMS/MIMARKS.human-gut",17647206,CORNELL UNIVERSITY,2020-10-06/2021-12-16,public,"fastq,run.zq,sra","gs,ncbi,s3","gs.us-east1,ncbi.public,s3.us-east-1",human body,distal gut,stool,SRX21107635,USA,North America,USA,Homo sapiens,Illumina MiSeq,351TP05,42.4440 N 76.5019 W,351TP05,PAIRED,PCR,METAGENOMIC,human gut metagenome,ILLUMINA,2025-01-01T00:00:00Z,2023-07-20T15:28:00Z,1,351TP05,SRP450576
SRR25368047,AMPLICON,502,25868060,PRJNA944997,SAMN36658751,"MIMARKS.survey,MIGS/MIMS/MIMARKS.human-gut",15086601,CORNELL UNIVERSITY,2020-10-06/2021-12-16,public,"fastq,run.zq,sra","gs,ncbi,s3","gs.us-east1,ncbi.public,s3.us-east-1",human body,distal gut,stool,SRX21107634,USA,North America,USA,Homo sapiens,Illumina MiSeq,351TP04.2,42.4440 N 76.5019 W,351TP04.2,PAIRED,PCR,METAGENOMIC,human gut metagenome,ILLUMINA,2025-01-01T00:00:00Z,2023-07-20T15:28:00Z,1,351TP04.2,SRP450576
SRR25368048,AMPLICON,502,45377286,PRJNA944997,SAMN36658103,"MIMARKS.survey,MIGS/MIMS/MIMARKS.human-gut",30239231,CORNELL UNIVERSITY,2020-10-06/2021-12-16,public,"fastq,run.zq,sra","gs,ncbi,s3","gs.us-east1,ncbi.public,s3.us-east-1",human body,distal gut,stool,SRX21107633,USA,North America,USA,Homo sapiens,Illumina MiSeq,351TP04,42.4440 N 76.5019 W,351TP04,PAIRED,PCR,METAGENOMIC,human gut metagenome,ILLUMINA,2025-01-01T00:00:00Z,2023-07-20T15:28:00Z,1,351TP04,SRP450576
SRR25368050,AMPLICON,502,14338626,PRJNA944997,SAMN36658207,"MIMARKS.survey,MIGS/MIMS/MIMARKS.human-gut",8524398,CORNELL UNIVERSITY,2020-10-06/2021-12-16,public,"fastq,run.zq,sra","gs,ncbi,s3","gs.us-east1,ncbi.public,s3.us-east-1",human body,distal gut,stool,SRX21107631,USA,North America,USA,Homo sapiens,Illumina MiSeq,346TP04,42.4440 N 76.5019 W,346TP04,PAIRED,PCR,METAGENOMIC,human gut metagenome,ILLUMINA,2025-01-01T00:00:00Z,2023-07-20T15:28:00Z,1,346TP04,SRP450576
SRR25368051,AMPLICON,502,28117020,PRJNA944997,SAMN36658169,"MIMARKS.survey,MIGS/MIMS/MIMARKS.human-gut",16612756,CORNELL UNIVERSITY,2020-10-06/2021-12-16,public,"fastq,run.zq,sra","gs,ncbi,s3","gs.us-east1,ncbi.public,s3.us-east-1",human body,distal gut,stool,SRX21107630,USA,North America,USA,Homo sapiens,Illumina MiSeq,322TP04.rerun,42.4440 N 76.5019 W,322TP04.rerun,PAIRED,PCR,METAGENOMIC,human gut metagenome,ILLUMINA,2025-01-01T00:00:00Z,2023-07-20T15:28:00Z,1,322TP04.rerun,SRP450576
SRR25368052,AMPLICON,502,36360864,PRJNA944997,SAMN36658206,"MIMARKS.survey,MIGS/MIMS/MIMARKS.human-gut",22296849,CORNELL UNIVERSITY,2020-10-06/2021-12-16,public,"fastq,run.zq,sra","gs,ncbi,s3","gs.us-east1,ncbi.public,s3.us-east-1",human body,distal gut,stool,SRX21107629,USA,North America,USA,Homo sapiens,Illumina MiSeq,346TP03,42.4440 N 76.5019 W,346TP03,PAIRED,PCR,METAGENOMIC,human gut metagenome,ILLUMINA,2025-01-01T00:00:00Z,2023-07-20T15:28:00Z,1,346TP03,SRP450576
SRR25368053,AMPLICON,502,24370594,PRJNA944997,SAMN36658483,"MIMARKS.survey,MIGS/MIMS/MIMARKS.human-gut",15626391,CORNELL UNIVERSITY,2020-10-06/2021-12-16,public,"fastq,run.zq,sra","gs,ncbi,s3","gs.us-east1,ncbi.public,s3.us-east-1",human body,distal gut,stool,SRX21107628,USA,North America,USA,Homo sapiens,Illumina MiSeq,346TP02,42.4440 N 76.5019 W,346TP02,PAIRED,PCR,METAGENOMIC,human gut metagenome,ILLUMINA,2025-01-01T00:00:00Z,2023-07-20T15:28:00Z,1,346TP02,SRP450576
SRR25368055,AMPLICON,502,24423304,PRJNA944997,SAMN36658625,"MIMARKS.survey,MIGS/MIMS/MIMARKS.human-gut",14508563,CORNELL UNIVERSITY,2020-10-06/2021-12-16,public,"fastq,run.zq,sra","gs,ncbi,s3","gs.us-east1,ncbi.public,s3.us-east-1",human body,distal gut,stool,SRX21107626,USA,North America,USA,Homo sapiens,Illumina MiSeq,345TP12.rerun,42.4440 N 76.5019 W,345TP12.rerun,PAIRED,PCR,METAGENOMIC,human gut metagenome,ILLUMINA,2025-01-01T00:00:00Z,2023-07-20T15:28:00Z,1,345TP12.rerun,SRP450576
SRR25368056,AMPLICON,502,28211898,PRJNA944997,SAMN36658624,"MIMARKS.survey,MIGS/MIMS/MIMARKS.human-gut",15969230,CORNELL UNIVERSITY,2020-10-06/2021-12-16,public,"fastq,run.zq,sra","gs,ncbi,s3","gs.us-east1,ncbi.public,s3.us-east-1",human body,distal gut,stool,SRX21107625,USA,North America,USA,Homo sapiens,Illumina MiSeq,345TP11,42.4440 N 76.5019 W,345TP11,PAIRED,PCR,METAGENOMIC,human gut metagenome,ILLUMINA,2025-01-01T00:00:00Z,2023-07-20T15:28:00Z,1,345TP11,SRP450576
SRR25368057,AMPLICON,502,23020716,PRJNA944997,SAMN36658829,"MIMARKS.survey,MIGS/MIMS/MIMARKS.human-gut",13812541,CORNELL UNIVERSITY,2020-10-06/2021-12-16,public,"fastq,run.zq,sra","gs,ncbi,s3","gs.us-east1,ncbi.public,s3.us-east-1",human body,distal gut,stool,SRX21107624,USA,North America,USA,Homo sapiens,Illumina MiSeq,345TP10.2,42.4440 N 76.5019 W,345TP10.2,PAIRED,PCR,METAGENOMIC,human gut metagenome,ILLUMINA,2025-01-01T00:00:00Z,2023-07-20T15:29:00Z,1,345TP10.2,SRP450576
SRR25368058,AMPLICON,502,42434562,PRJNA944997,SAMN36658205,"MIMARKS.survey,MIGS/MIMS/MIMARKS.human-gut",28751527,CORNELL UNIVERSITY,2020-10-06/2021-12-16,public,"fastq,run.zq,sra","gs,ncbi,s3","gs.us-east1,ncbi.public,s3.us-east-1",human body,distal gut,stool,SRX21107623,USA,North America,USA,Homo sapiens,Illumina MiSeq,345TP10,42.4440 N 76.5019 W,345TP10,PAIRED,PCR,METAGENOMIC,human gut metagenome,ILLUMINA,2025-01-01T00:00:00Z,2023-07-20T15:29:00Z,1,345TP10,SRP450576
SRR25368059,AMPLICON,502,22890698,PRJNA944997,SAMN36658204,"MIMARKS.survey,MIGS/MIMS/MIMARKS.human-gut",13617501,CORNELL UNIVERSITY,2020-10-06/2021-12-16,public,"fastq,run.zq,sra","gs,ncbi,s3","gs.us-east1,ncbi.public,s3.us-east-1",human body,distal gut,stool,SRX21107622,USA,North America,USA,Homo sapiens,Illumina MiSeq,345TP09.rerun,42.4440 N 76.5019 W,345TP09.rerun,PAIRED,PCR,METAGENOMIC,human gut metagenome,ILLUMINA,2025-01-01T00:00:00Z,2023-07-20T15:29:00Z,1,345TP09.rerun,SRP450576
SRR25368060,AMPLICON,502,37870880,PRJNA944997,SAMN36658482,"MIMARKS.survey,MIGS/MIMS/MIMARKS.human-gut",24472289,CORNELL UNIVERSITY,2020-10-06/2021-12-16,public,"fastq,run.zq,sra","gs,ncbi,s3","gs.us-east1,ncbi.public,s3.us-east-1",human body,distal gut,stool,SRX21107621,USA,North America,USA,Homo sapiens,Illumina MiSeq,345TP08,42.4440 N 76.5019 W,345TP08,PAIRED,PCR,METAGENOMIC,human gut metagenome,ILLUMINA,2025-01-01T00:00:00Z,2023-07-20T15:29:00Z,1,345TP08,SRP450576
SRR25368061,AMPLICON,502,35445216,PRJNA944997,SAMN36658824,"MIMARKS.survey,MIGS/MIMS/MIMARKS.human-gut",23570140,CORNELL UNIVERSITY,2020-10-06/2021-12-16,public,"fastq,run.zq,sra","gs,ncbi,s3","gs.us-east1,ncbi.public,s3.us-east-1",human body,distal gut,stool,SRX21107620,USA,North America,USA,Homo sapiens,Illumina MiSeq,345TP07.2,42.4440 N 76.5019 W,345TP07.2,PAIRED,PCR,METAGENOMIC,human gut metagenome,ILLUMINA,2025-01-01T00:00:00Z,2023-07-20T15:29:00Z,1,345TP07.2,SRP450576
SRR25368062,AMPLICON,502,32055712,PRJNA944997,SAMN36658168,"MIMARKS.survey,MIGS/MIMS/MIMARKS.human-gut",19472301,CORNELL UNIVERSITY,2020-10-06/2021-12-16,public,"fastq,run.zq,sra","gs,ncbi,s3","gs.us-east1,ncbi.public,s3.us-east-1",human body,distal gut,stool,SRX21107619,USA,North America,USA,Homo sapiens,Illumina MiSeq,322TP03,42.4440 N 76.5019 W,322TP03,PAIRED,PCR,METAGENOMIC,human gut metagenome,ILLUMINA,2025-01-01T00:00:00Z,2023-07-20T15:29:00Z,1,322TP03,SRP450576
SRR25368063,AMPLICON,502,21176870,PRJNA944997,SAMN36658325,"MIMARKS.survey,MIGS/MIMS/MIMARKS.human-gut",12332294,CORNELL UNIVERSITY,2020-10-06/2021-12-16,public,"fastq,run.zq,sra","gs,ncbi,s3","gs.us-east1,ncbi.public,s3.us-east-1",human body,distal gut,stool,SRX21107618,USA,North America,USA,Homo sapiens,Illumina MiSeq,345TP07,42.4440 N 76.5019 W,345TP07,PAIRED,PCR,METAGENOMIC,human gut metagenome,ILLUMINA,2025-01-01T00:00:00Z,2023-07-20T15:29:00Z,1,345TP07,SRP450576
SRR25368064,AMPLICON,502,25620574,PRJNA944997,SAMN36658324,"MIMARKS.survey,MIGS/MIMS/MIMARKS.human-gut",16121695,CORNELL UNIVERSITY,2020-10-06/2021-12-16,public,"fastq,run.zq,sra","gs,ncbi,s3","gs.us-east1,ncbi.public,s3.us-east-1",human body,distal gut,stool,SRX21107617,USA,North America,USA,Homo sapiens,Illumina MiSeq,345TP06,42.4440 N 76.5019 W,345TP06,PAIRED,PCR,METAGENOMIC,human gut metagenome,ILLUMINA,2025-01-01T00:00:00Z,2023-07-20T15:29:00Z,1,345TP06,SRP450576
SRR25368065,AMPLICON,502,20957998,PRJNA944997,SAMN36658547,"MIMARKS.survey,MIGS/MIMS/MIMARKS.human-gut",12432672,CORNELL UNIVERSITY,2020-10-06/2021-12-16,public,"fastq,run.zq,sra","gs,ncbi,s3","gs.us-east1,ncbi.public,s3.us-east-1",human body,distal gut,stool,SRX21107616,USA,North America,USA,Homo sapiens,Illumina MiSeq,345TP05,42.4440 N 76.5019 W,345TP05,PAIRED,PCR,METAGENOMIC,human gut metagenome,ILLUMINA,2025-01-01T00:00:00Z,2023-07-20T15:29:00Z,1,345TP05,SRP450576
SRR25368066,AMPLICON,502,31698288,PRJNA944997,SAMN36658841,"MIMARKS.survey,MIGS/MIMS/MIMARKS.human-gut",21462778,CORNELL UNIVERSITY,2020-10-06/2021-12-16,public,"fastq,run.zq,sra","gs,ncbi,s3","gs.us-east1,ncbi.public,s3.us-east-1",human body,distal gut,stool,SRX21107615,USA,North America,USA,Homo sapiens,Illumina MiSeq,345TP04.2,42.4440 N 76.5019 W,345TP04.2,PAIRED,PCR,METAGENOMIC,human gut metagenome,ILLUMINA,2025-01-01T00:00:00Z,2023-07-20T15:29:00Z,1,345TP04.2,SRP450576
SRR25368067,AMPLICON,502,16940492,PRJNA944997,SAMN36658093,"MIMARKS.survey,MIGS/MIMS/MIMARKS.human-gut",10037636,CORNELL UNIVERSITY,2020-10-06/2021-12-16,public,"fastq,run.zq,sra","gs,ncbi,s3","gs.us-east1,ncbi.public,s3.us-east-1",human body,distal gut,stool,SRX21107614,USA,North America,USA,Homo sapiens,Illumina MiSeq,345TP04,42.4440 N 76.5019 W,345TP04,PAIRED,PCR,METAGENOMIC,human gut metagenome,ILLUMINA,2025-01-01T00:00:00Z,2023-07-20T15:29:00Z,1,345TP04,SRP450576
SRR25368068,AMPLICON,502,22387694,PRJNA944997,SAMN36658092,"MIMARKS.survey,MIGS/MIMS/MIMARKS.human-gut",13953166,CORNELL UNIVERSITY,2020-10-06/2021-12-16,public,"fastq,run.zq,sra","gs,ncbi,s3","gs.us-east1,ncbi.public,s3.us-east-1",human body,distal gut,stool,SRX21107613,USA,North America,USA,Homo sapiens,Illumina MiSeq,345TP03,42.4440 N 76.5019 W,345TP03,PAIRED,PCR,METAGENOMIC,human gut metagenome,ILLUMINA,2025-01-01T00:00:00Z,2023-07-20T15:29:00Z,1,345TP03,SRP450576
SRR25368070,AMPLICON,502,18965560,PRJNA944997,SAMN36658002,"MIMARKS.survey,MIGS/MIMS/MIMARKS.human-gut",10979208,CORNELL UNIVERSITY,2020-10-06/2021-12-16,public,"fastq,run.zq,sra","gs,ncbi,s3","gs.us-east1,ncbi.public,s3.us-east-1",human body,distal gut,stool,SRX21107611,USA,North America,USA,Homo sapiens,Illumina MiSeq,345TP01.rerun,42.4440 N 76.5019 W,345TP01.rerun,PAIRED,PCR,METAGENOMIC,human gut metagenome,ILLUMINA,2025-01-01T00:00:00Z,2023-07-20T15:29:00Z,1,345TP01.rerun,SRP450576
SRR25368071,AMPLICON,502,33346856,PRJNA944997,SAMN36658623,"MIMARKS.survey,MIGS/MIMS/MIMARKS.human-gut",19279521,CORNELL UNIVERSITY,2020-10-06/2021-12-16,public,"fastq,run.zq,sra","gs,ncbi,s3","gs.us-east1,ncbi.public,s3.us-east-1",human body,distal gut,stool,SRX21107610,USA,North America,USA,Homo sapiens,Illumina MiSeq,344TP12.rerun,42.4440 N 76.5019 W,344TP12.rerun,PAIRED,PCR,METAGENOMIC,human gut metagenome,ILLUMINA,2025-01-01T00:00:00Z,2023-07-20T15:29:00Z,1,344TP12.rerun,SRP450576
SRR25368072,AMPLICON,502,24098510,PRJNA944997,SAMN36658622,"MIMARKS.survey,MIGS/MIMS/MIMARKS.human-gut",13519507,CORNELL UNIVERSITY,2020-10-06/2021-12-16,public,"fastq,run.zq,sra","gs,ncbi,s3","gs.us-east1,ncbi.public,s3.us-east-1",human body,distal gut,stool,SRX21107609,USA,North America,USA,Homo sapiens,Illumina MiSeq,344TP11,42.4440 N 76.5019 W,344TP11,PAIRED,PCR,METAGENOMIC,human gut metagenome,ILLUMINA,2025-01-01T00:00:00Z,2023-07-20T15:29:00Z,1,344TP11,SRP450576
SRR25368073,AMPLICON,502,38348784,PRJNA944997,SAMN36658460,"MIMARKS.survey,MIGS/MIMS/MIMARKS.human-gut",24394463,CORNELL UNIVERSITY,2020-10-06/2021-12-16,public,"fastq,run.zq,sra","gs,ncbi,s3","gs.us-east1,ncbi.public,s3.us-east-1",human body,distal gut,stool,SRX21107608,USA,North America,USA,Homo sapiens,Illumina MiSeq,322TP02,42.4440 N 76.5019 W,322TP02,PAIRED,PCR,METAGENOMIC,human gut metagenome,ILLUMINA,2025-01-01T00:00:00Z,2023-07-20T15:29:00Z,1,322TP02,SRP450576
SRR25368074,AMPLICON,502,41172032,PRJNA944997,SAMN36658783,"MIMARKS.survey,MIGS/MIMS/MIMARKS.human-gut",27569721,CORNELL UNIVERSITY,2020-10-06/2021-12-16,public,"fastq,run.zq,sra","gs,ncbi,s3","gs.us-east1,ncbi.public,s3.us-east-1",human body,distal gut,stool,SRX21107607,USA,North America,USA,Homo sapiens,Illumina MiSeq,344TP10.2,42.4440 N 76.5019 W,344TP10.2,PAIRED,PCR,METAGENOMIC,human gut metagenome,ILLUMINA,2025-01-01T00:00:00Z,2023-07-20T15:29:00Z,1,344TP10.2,SRP450576
SRR25368079,AMPLICON,502,56684836,PRJNA944997,SAMN36658323,"MIMARKS.survey,MIGS/MIMS/MIMARKS.human-gut",37578219,CORNELL UNIVERSITY,2020-10-06/2021-12-16,public,"fastq,run.zq,sra","gs,ncbi,s3","gs.us-east1,ncbi.public,s3.us-east-1",human body,distal gut,stool,SRX21107602,USA,North America,USA,Homo sapiens,Illumina MiSeq,344TP07,42.4440 N 76.5019 W,344TP07,PAIRED,PCR,METAGENOMIC,human gut metagenome,ILLUMINA,2025-01-01T00:00:00Z,2023-07-20T15:29:00Z,1,344TP07,SRP450576
SRR25368080,AMPLICON,502,44684526,PRJNA944997,SAMN36658322,"MIMARKS.survey,MIGS/MIMS/MIMARKS.human-gut",26928421,CORNELL UNIVERSITY,2020-10-06/2021-12-16,public,"fastq,run.zq,sra","gs,ncbi,s3","gs.us-east1,ncbi.public,s3.us-east-1",human body,distal gut,stool,SRX21107601,USA,North America,USA,Homo sapiens,Illumina MiSeq,344TP06,42.4440 N 76.5019 W,344TP06,PAIRED,PCR,METAGENOMIC,human gut metagenome,ILLUMINA,2025-01-01T00:00:00Z,2023-07-20T15:29:00Z,1,344TP06,SRP450576
SRR25368081,AMPLICON,502,29432260,PRJNA944997,SAMN36657995,"MIMARKS.survey,MIGS/MIMS/MIMARKS.human-gut",17167217,CORNELL UNIVERSITY,2020-10-06/2021-12-16,public,"fastq,run.zq,sra","gs,ncbi,s3","gs.us-east1,ncbi.public,s3.us-east-1",human body,distal gut,stool,SRX21107600,USA,North America,USA,Homo sapiens,Illumina MiSeq,338TP01.rerun,42.4440 N 76.5019 W,338TP01.rerun,PAIRED,PCR,METAGENOMIC,human gut metagenome,ILLUMINA,2025-01-01T00:00:00Z,2023-07-20T15:29:00Z,1,338TP01.rerun,SRP450576
SRR25368082,AMPLICON,502,25085442,PRJNA944997,SAMN36658613,"MIMARKS.survey,MIGS/MIMS/MIMARKS.human-gut",14281096,CORNELL UNIVERSITY,2020-10-06/2021-12-16,public,"fastq,run.zq,sra","gs,ncbi,s3","gs.us-east1,ncbi.public,s3.us-east-1",human body,distal gut,stool,SRX21107599,USA,North America,USA,Homo sapiens,Illumina MiSeq,337TP11,42.4440 N 76.5019 W,337TP11,PAIRED,PCR,METAGENOMIC,human gut metagenome,ILLUMINA,2025-01-01T00:00:00Z,2023-07-20T15:29:00Z,1,337TP11,SRP450576
SRR25368083,AMPLICON,502,31274600,PRJNA944997,SAMN36658192,"MIMARKS.survey,MIGS/MIMS/MIMARKS.human-gut",18242353,CORNELL UNIVERSITY,2020-10-06/2021-12-16,public,"fastq,run.zq,sra","gs,ncbi,s3","gs.us-east1,ncbi.public,s3.us-east-1",human body,distal gut,stool,SRX21107598,USA,North America,USA,Homo sapiens,Illumina MiSeq,337TP10,42.4440 N 76.5019 W,337TP10,PAIRED,PCR,METAGENOMIC,human gut metagenome,ILLUMINA,2025-01-01T00:00:00Z,2023-07-20T15:29:00Z,1,337TP10,SRP450576
SRR25368084,AMPLICON,502,25898682,PRJNA944997,SAMN36658191,"MIMARKS.survey,MIGS/MIMS/MIMARKS.human-gut",15656774,CORNELL UNIVERSITY,2020-10-06/2021-12-16,public,"fastq,run.zq,sra","gs,ncbi,s3","gs.us-east1,ncbi.public,s3.us-east-1",human body,distal gut,stool,SRX21107597,USA,North America,USA,Homo sapiens,Illumina MiSeq,337TP09.rerun,42.4440 N 76.5019 W,337TP09.rerun,PAIRED,PCR,METAGENOMIC,human gut metagenome,ILLUMINA,2025-01-01T00:00:00Z,2023-07-20T15:29:00Z,1,337TP09.rerun,SRP450576
SRR25368085,AMPLICON,502,41816600,PRJNA944997,SAMN36658474,"MIMARKS.survey,MIGS/MIMS/MIMARKS.human-gut",26607922,CORNELL UNIVERSITY,2020-10-06/2021-12-16,public,"fastq,run.zq,sra","gs,ncbi,s3","gs.us-east1,ncbi.public,s3.us-east-1",human body,distal gut,stool,SRX21107596,USA,North America,USA,Homo sapiens,Illumina MiSeq,337TP08,42.4440 N 76.5019 W,337TP08,PAIRED,PCR,METAGENOMIC,human gut metagenome,ILLUMINA,2025-01-01T00:00:00Z,2023-07-20T15:29:00Z,1,337TP08,SRP450576
SRR25368086,AMPLICON,502,25424292,PRJNA944997,SAMN36658766,"MIMARKS.survey,MIGS/MIMS/MIMARKS.human-gut",15165869,CORNELL UNIVERSITY,2020-10-06/2021-12-16,public,"fastq,run.zq,sra","gs,ncbi,s3","gs.us-east1,ncbi.public,s3.us-east-1",human body,distal gut,stool,SRX21107595,USA,North America,USA,Homo sapiens,Illumina MiSeq,337TP07.2,42.4440 N 76.5019 W,337TP07.2,PAIRED,PCR,METAGENOMIC,human gut metagenome,ILLUMINA,2025-01-01T00:00:00Z,2023-07-20T15:29:00Z,1,337TP07.2,SRP450576
SRR25368087,AMPLICON,502,43674502,PRJNA944997,SAMN36658309,"MIMARKS.survey,MIGS/MIMS/MIMARKS.human-gut",29390504,CORNELL UNIVERSITY,2020-10-06/2021-12-16,public,"fastq,run.zq,sra","gs,ncbi,s3","gs.us-east1,ncbi.public,s3.us-east-1",human body,distal gut,stool,SRX21107594,USA,North America,USA,Homo sapiens,Illumina MiSeq,337TP07,42.4440 N 76.5019 W,337TP07,PAIRED,PCR,METAGENOMIC,human gut metagenome,ILLUMINA,2025-01-01T00:00:00Z,2023-07-20T15:29:00Z,1,337TP07,SRP450576
SRR25368088,AMPLICON,502,54194414,PRJNA944997,SAMN36658280,"MIMARKS.survey,MIGS/MIMS/MIMARKS.human-gut",33995249,CORNELL UNIVERSITY,2020-10-06/2021-12-16,public,"fastq,run.zq,sra","gs,ncbi,s3","gs.us-east1,ncbi.public,s3.us-east-1",human body,distal gut,stool,SRX21107593,USA,North America,USA,Homo sapiens,Illumina MiSeq,321TP06,42.4440 N 76.5019 W,321TP06,PAIRED,PCR,METAGENOMIC,human gut metagenome,ILLUMINA,2025-01-01T00:00:00Z,2023-07-20T15:29:00Z,1,321TP06,SRP450576
SRR25368089,AMPLICON,502,47365708,PRJNA944997,SAMN36658308,"MIMARKS.survey,MIGS/MIMS/MIMARKS.human-gut",29272261,CORNELL UNIVERSITY,2020-10-06/2021-12-16,public,"fastq,run.zq,sra","gs,ncbi,s3","gs.us-east1,ncbi.public,s3.us-east-1",human body,distal gut,stool,SRX21107592,USA,North America,USA,Homo sapiens,Illumina MiSeq,337TP06,42.4440 N 76.5019 W,337TP06,PAIRED,PCR,METAGENOMIC,human gut metagenome,ILLUMINA,2025-01-01T00:00:00Z,2023-07-20T15:29:00Z,1,337TP06,SRP450576
SRR25368090,AMPLICON,502,46794432,PRJNA944997,SAMN36658795,"MIMARKS.survey,MIGS/MIMS/MIMARKS.human-gut",31617948,CORNELL UNIVERSITY,2020-10-06/2021-12-16,public,"fastq,run.zq,sra","gs,ncbi,s3","gs.us-east1,ncbi.public,s3.us-east-1",human body,distal gut,stool,SRX21107591,USA,North America,USA,Homo sapiens,Illumina MiSeq,337TP05.2,42.4440 N 76.5019 W,337TP05.2,PAIRED,PCR,METAGENOMIC,human gut metagenome,ILLUMINA,2025-01-01T00:00:00Z,2023-07-20T15:29:00Z,1,337TP05.2,SRP450576
SRR25368091,AMPLICON,502,25644168,PRJNA944997,SAMN36658539,"MIMARKS.survey,MIGS/MIMS/MIMARKS.human-gut",15369871,CORNELL UNIVERSITY,2020-10-06/2021-12-16,public,"fastq,run.zq,sra","gs,ncbi,s3","gs.us-east1,ncbi.public,s3.us-east-1",human body,distal gut,stool,SRX21107590,USA,North America,USA,Homo sapiens,Illumina MiSeq,337TP05,42.4440 N 76.5019 W,337TP05,PAIRED,PCR,METAGENOMIC,human gut metagenome,ILLUMINA,2025-01-01T00:00:00Z,2023-07-20T15:29:00Z,1,337TP05,SRP450576
SRR25368092,AMPLICON,502,36413072,PRJNA944997,SAMN36658077,"MIMARKS.survey,MIGS/MIMS/MIMARKS.human-gut",23246853,CORNELL UNIVERSITY,2020-10-06/2021-12-16,public,"fastq,run.zq,sra","gs,ncbi,s3","gs.us-east1,ncbi.public,s3.us-east-1",human body,distal gut,stool,SRX21107589,USA,North America,USA,Homo sapiens,Illumina MiSeq,337TP04,42.4440 N 76.5019 W,337TP04,PAIRED,PCR,METAGENOMIC,human gut metagenome,ILLUMINA,2025-01-01T00:00:00Z,2023-07-20T15:29:00Z,1,337TP04,SRP450576
SRR25368093,AMPLICON,502,25457926,PRJNA944997,SAMN36658076,"MIMARKS.survey,MIGS/MIMS/MIMARKS.human-gut",15992961,CORNELL UNIVERSITY,2020-10-06/2021-12-16,public,"fastq,run.zq,sra","gs,ncbi,s3","gs.us-east1,ncbi.public,s3.us-east-1",human body,distal gut,stool,SRX21107588,USA,North America,USA,Homo sapiens,Illumina MiSeq,337TP03,42.4440 N 76.5019 W,337TP03,PAIRED,PCR,METAGENOMIC,human gut metagenome,ILLUMINA,2025-01-01T00:00:00Z,2023-07-20T15:29:00Z,1,337TP03,SRP450576
SRR25368101,AMPLICON,502,20274274,PRJNA944997,SAMN36658074,"MIMARKS.survey,MIGS/MIMS/MIMARKS.human-gut",11736261,CORNELL UNIVERSITY,2020-10-06/2021-12-16,public,"fastq,run.zq,sra","gs,ncbi,s3","gs.us-east1,ncbi.public,s3.us-east-1",human body,distal gut,stool,SRX21107580,USA,North America,USA,Homo sapiens,Illumina MiSeq,336TP09,42.4440 N 76.5019 W,336TP09,PAIRED,PCR,METAGENOMIC,human gut metagenome,ILLUMINA,2025-01-01T00:00:00Z,2023-07-20T15:29:00Z,1,336TP09,SRP450576
SRR25368102,AMPLICON,502,45193052,PRJNA944997,SAMN36658408,"MIMARKS.survey,MIGS/MIMS/MIMARKS.human-gut",28732880,CORNELL UNIVERSITY,2020-10-06/2021-12-16,public,"fastq,run.zq,sra","gs,ncbi,s3","gs.us-east1,ncbi.public,s3.us-east-1",human body,distal gut,stool,SRX21107579,USA,North America,USA,Homo sapiens,Illumina MiSeq,336TP08,42.4440 N 76.5019 W,336TP08,PAIRED,PCR,METAGENOMIC,human gut metagenome,ILLUMINA,2025-01-01T00:00:00Z,2023-07-20T15:29:00Z,1,336TP08,SRP450576
SRR25368104,AMPLICON,502,30105944,PRJNA944997,SAMN36658307,"MIMARKS.survey,MIGS/MIMS/MIMARKS.human-gut",17791161,CORNELL UNIVERSITY,2020-10-06/2021-12-16,public,"fastq,run.zq,sra","gs,ncbi,s3","gs.us-east1,ncbi.public,s3.us-east-1",human body,distal gut,stool,SRX21107577,USA,North America,USA,Homo sapiens,Illumina MiSeq,336TP07,42.4440 N 76.5019 W,336TP07,PAIRED,PCR,METAGENOMIC,human gut metagenome,ILLUMINA,2025-01-01T00:00:00Z,2023-07-20T15:29:00Z,1,336TP07,SRP450576
SRR25368105,AMPLICON,502,53377660,PRJNA944997,SAMN36658306,"MIMARKS.survey,MIGS/MIMS/MIMARKS.human-gut",32755387,CORNELL UNIVERSITY,2020-10-06/2021-12-16,public,"fastq,run.zq,sra","gs,ncbi,s3","gs.us-east1,ncbi.public,s3.us-east-1",human body,distal gut,stool,SRX21107576,USA,North America,USA,Homo sapiens,Illumina MiSeq,336TP06,42.4440 N 76.5019 W,336TP06,PAIRED,PCR,METAGENOMIC,human gut metagenome,ILLUMINA,2025-01-01T00:00:00Z,2023-07-20T15:29:00Z,1,336TP06,SRP450576
SRR25368106,AMPLICON,502,34203770,PRJNA944997,SAMN36658538,"MIMARKS.survey,MIGS/MIMS/MIMARKS.human-gut",21863042,CORNELL UNIVERSITY,2020-10-06/2021-12-16,public,"fastq,run.zq,sra","gs,ncbi,s3","gs.us-east1,ncbi.public,s3.us-east-1",human body,distal gut,stool,SRX21107575,USA,North America,USA,Homo sapiens,Illumina MiSeq,336TP05,42.4440 N 76.5019 W,336TP05,PAIRED,PCR,METAGENOMIC,human gut metagenome,ILLUMINA,2025-01-01T00:00:00Z,2023-07-20T15:29:00Z,1,336TP05,SRP450576
SRR25368107,AMPLICON,502,43191578,PRJNA944997,SAMN36658190,"MIMARKS.survey,MIGS/MIMS/MIMARKS.human-gut",27989570,CORNELL UNIVERSITY,2020-10-06/2021-12-16,public,"fastq,run.zq,sra","gs,ncbi,s3","gs.us-east1,ncbi.public,s3.us-east-1",human body,distal gut,stool,SRX21107574,USA,North America,USA,Homo sapiens,Illumina MiSeq,336TP04,42.4440 N 76.5019 W,336TP04,PAIRED,PCR,METAGENOMIC,human gut metagenome,ILLUMINA,2025-01-01T00:00:00Z,2023-07-20T15:29:00Z,1,336TP04,SRP450576
SRR25368108,AMPLICON,502,37652008,PRJNA944997,SAMN36658189,"MIMARKS.survey,MIGS/MIMS/MIMARKS.human-gut",22866319,CORNELL UNIVERSITY,2020-10-06/2021-12-16,public,"fastq,run.zq,sra","gs,ncbi,s3","gs.us-east1,ncbi.public,s3.us-east-1",human body,distal gut,stool,SRX21107573,USA,North America,USA,Homo sapiens,Illumina MiSeq,336TP03,42.4440 N 76.5019 W,336TP03,PAIRED,PCR,METAGENOMIC,human gut metagenome,ILLUMINA,2025-01-01T00:00:00Z,2023-07-20T15:29:00Z,1,336TP03,SRP450576
SRR25368109,AMPLICON,502,40125864,PRJNA944997,SAMN36658473,"MIMARKS.survey,MIGS/MIMS/MIMARKS.human-gut",25604159,CORNELL UNIVERSITY,2020-10-06/2021-12-16,public,"fastq,run.zq,sra","gs,ncbi,s3","gs.us-east1,ncbi.public,s3.us-east-1",human body,distal gut,stool,SRX21107572,USA,North America,USA,Homo sapiens,Illumina MiSeq,336TP02,42.4440 N 76.5019 W,336TP02,PAIRED,PCR,METAGENOMIC,human gut metagenome,ILLUMINA,2025-01-01T00:00:00Z,2023-07-20T15:29:00Z,1,336TP02,SRP450576
SRR25368112,AMPLICON,502,30643084,PRJNA944997,SAMN36658610,"MIMARKS.survey,MIGS/MIMS/MIMARKS.human-gut",17826027,CORNELL UNIVERSITY,2020-10-06/2021-12-16,public,"fastq,run.zq,sra","gs,ncbi,s3","gs.us-east1,ncbi.public,s3.us-east-1",human body,distal gut,stool,SRX21107569,USA,North America,USA,Homo sapiens,Illumina MiSeq,335TP12,42.4440 N 76.5019 W,335TP12,PAIRED,PCR,METAGENOMIC,human gut metagenome,ILLUMINA,2025-01-01T00:00:00Z,2023-07-20T15:29:00Z,1,335TP12,SRP450576
SRR25368113,AMPLICON,502,25229014,PRJNA944997,SAMN36658587,"MIMARKS.survey,MIGS/MIMS/MIMARKS.human-gut",14591828,CORNELL UNIVERSITY,2020-10-06/2021-12-16,public,"fastq,run.zq,sra","gs,ncbi,s3","gs.us-east1,ncbi.public,s3.us-east-1",human body,distal gut,stool,SRX21107568,USA,North America,USA,Homo sapiens,Illumina MiSeq,320TP11,42.4440 N 76.5019 W,320TP11,PAIRED,PCR,METAGENOMIC,human gut metagenome,ILLUMINA,2025-01-01T00:00:00Z,2023-07-20T15:29:00Z,1,320TP11,SRP450576
SRR25368114,AMPLICON,502,32934714,PRJNA944997,SAMN36657988,"MIMARKS.survey,MIGS/MIMS/MIMARKS.human-gut",19175639,CORNELL UNIVERSITY,2020-10-06/2021-12-16,public,"fastq,run.zq,sra","gs,ncbi,s3","gs.us-east1,ncbi.public,s3.us-east-1",human body,distal gut,stool,SRX21107567,USA,North America,USA,Homo sapiens,Illumina MiSeq,331TP01.rerun,42.4440 N 76.5019 W,331TP01.rerun,PAIRED,PCR,METAGENOMIC,human gut metagenome,ILLUMINA,2025-01-01T00:00:00Z,2023-07-20T15:29:00Z,1,331TP01.rerun,SRP450576
SRR25368115,AMPLICON,502,28673738,PRJNA944997,SAMN36658532,"MIMARKS.survey,MIGS/MIMS/MIMARKS.human-gut",18358921,CORNELL UNIVERSITY,2020-10-06/2021-12-16,public,"fastq,run.zq,sra","gs,ncbi,s3","gs.us-east1,ncbi.public,s3.us-east-1",human body,distal gut,stool,SRX21107566,USA,North America,USA,Homo sapiens,Illumina MiSeq,330TP05,42.4440 N 76.5019 W,330TP05,PAIRED,PCR,METAGENOMIC,human gut metagenome,ILLUMINA,2025-01-01T00:00:00Z,2023-07-20T15:29:00Z,1,330TP05,SRP450576
SRR25368116,AMPLICON,502,28571832,PRJNA944997,SAMN36658467,"MIMARKS.survey,MIGS/MIMS/MIMARKS.human-gut",18636240,CORNELL UNIVERSITY,2020-10-06/2021-12-16,public,"fastq,run.zq,sra","gs,ncbi,s3","gs.us-east1,ncbi.public,s3.us-east-1",human body,distal gut,stool,SRX21107565,USA,North America,USA,Homo sapiens,Illumina MiSeq,330TP02,42.4440 N 76.5019 W,330TP02,PAIRED,PCR,METAGENOMIC,human gut metagenome,ILLUMINA,2025-01-01T00:00:00Z,2023-07-20T15:29:00Z,1,330TP02,SRP450576
SRR25368130,AMPLICON,502,22982564,PRJNA944997,SAMN36658402,"MIMARKS.survey,MIGS/MIMS/MIMARKS.human-gut",14459166,CORNELL UNIVERSITY,2020-10-06/2021-12-16,public,"fastq,run.zq,sra","gs,ncbi,s3","gs.us-east1,ncbi.public,s3.us-east-1",human body,distal gut,stool,SRX21107551,USA,North America,USA,Homo sapiens,Illumina MiSeq,329TP02,42.4440 N 76.5019 W,329TP02,PAIRED,PCR,METAGENOMIC,human gut metagenome,ILLUMINA,2025-01-01T00:00:00Z,2023-07-20T15:29:00Z,1,329TP02,SRP450576
SRR25368131,AMPLICON,502,38099290,PRJNA944997,SAMN36657986,"MIMARKS.survey,MIGS/MIMS/MIMARKS.human-gut",21848560,CORNELL UNIVERSITY,2020-10-06/2021-12-16,public,"fastq,run.zq,sra","gs,ncbi,s3","gs.us-east1,ncbi.public,s3.us-east-1",human body,distal gut,stool,SRX21107550,USA,North America,USA,Homo sapiens,Illumina MiSeq,329TP01,42.4440 N 76.5019 W,329TP01,PAIRED,PCR,METAGENOMIC,human gut metagenome,ILLUMINA,2025-01-01T00:00:00Z,2023-07-20T15:29:00Z,1,329TP01,SRP450576
SRR25368132,AMPLICON,502,22141714,PRJNA944997,SAMN36658600,"MIMARKS.survey,MIGS/MIMS/MIMARKS.human-gut",12823629,CORNELL UNIVERSITY,2020-10-06/2021-12-16,public,"fastq,run.zq,sra","gs,ncbi,s3","gs.us-east1,ncbi.public,s3.us-east-1",human body,distal gut,stool,SRX21107549,USA,North America,USA,Homo sapiens,Illumina MiSeq,328TP12,42.4440 N 76.5019 W,328TP12,PAIRED,PCR,METAGENOMIC,human gut metagenome,ILLUMINA,2025-01-01T00:00:00Z,2023-07-20T15:29:00Z,1,328TP12,SRP450576
SRR25368133,AMPLICON,502,29272624,PRJNA944997,SAMN36658599,"MIMARKS.survey,MIGS/MIMS/MIMARKS.human-gut",16435909,CORNELL UNIVERSITY,2020-10-06/2021-12-16,public,"fastq,run.zq,sra","gs,ncbi,s3","gs.us-east1,ncbi.public,s3.us-east-1",human body,distal gut,stool,SRX21107548,USA,North America,USA,Homo sapiens,Illumina MiSeq,328TP11,42.4440 N 76.5019 W,328TP11,PAIRED,PCR,METAGENOMIC,human gut metagenome,ILLUMINA,2025-01-01T00:00:00Z,2023-07-20T15:29:00Z,1,328TP11,SRP450576
SRR25368134,AMPLICON,502,24133650,PRJNA944997,SAMN36658794,"MIMARKS.survey,MIGS/MIMS/MIMARKS.human-gut",14440749,CORNELL UNIVERSITY,2020-10-06/2021-12-16,public,"fastq,run.zq,sra","gs,ncbi,s3","gs.us-east1,ncbi.public,s3.us-east-1",human body,distal gut,stool,SRX21107547,USA,North America,USA,Homo sapiens,Illumina MiSeq,328TP10.2,42.4440 N 76.5019 W,328TP10.2,PAIRED,PCR,METAGENOMIC,human gut metagenome,ILLUMINA,2025-01-01T00:00:00Z,2023-07-20T15:29:00Z,1,328TP10.2,SRP450576
SRR25368135,AMPLICON,502,49214072,PRJNA944997,SAMN36658049,"MIMARKS.survey,MIGS/MIMS/MIMARKS.human-gut",32507146,CORNELL UNIVERSITY,2020-10-06/2021-12-16,public,"fastq,run.zq,sra","gs,ncbi,s3","gs.us-east1,ncbi.public,s3.us-east-1",human body,distal gut,stool,SRX21107546,USA,North America,USA,Homo sapiens,Illumina MiSeq,320TP10,42.4440 N 76.5019 W,320TP10,PAIRED,PCR,METAGENOMIC,human gut metagenome,ILLUMINA,2025-01-01T00:00:00Z,2023-07-20T15:29:00Z,1,320TP10,SRP450576
SRR25368136,AMPLICON,502,40584190,PRJNA944997,SAMN36658063,"MIMARKS.survey,MIGS/MIMS/MIMARKS.human-gut",27585923,CORNELL UNIVERSITY,2020-10-06/2021-12-16,public,"fastq,run.zq,sra","gs,ncbi,s3","gs.us-east1,ncbi.public,s3.us-east-1",human body,distal gut,stool,SRX21107545,USA,North America,USA,Homo sapiens,Illumina MiSeq,328TP10,42.4440 N 76.5019 W,328TP10,PAIRED,PCR,METAGENOMIC,human gut metagenome,ILLUMINA,2025-01-01T00:00:00Z,2023-07-20T15:29:00Z,1,328TP10,SRP450576
SRR25368137,AMPLICON,502,21544836,PRJNA944997,SAMN36658062,"MIMARKS.survey,MIGS/MIMS/MIMARKS.human-gut",12222968,CORNELL UNIVERSITY,2020-10-06/2021-12-16,public,"fastq,run.zq,sra","gs,ncbi,s3","gs.us-east1,ncbi.public,s3.us-east-1",human body,distal gut,stool,SRX21107544,USA,North America,USA,Homo sapiens,Illumina MiSeq,328TP09,42.4440 N 76.5019 W,328TP09,PAIRED,PCR,METAGENOMIC,human gut metagenome,ILLUMINA,2025-01-01T00:00:00Z,2023-07-20T15:29:00Z,1,328TP09,SRP450576
SRR25368138,AMPLICON,502,37558134,PRJNA944997,SAMN36658401,"MIMARKS.survey,MIGS/MIMS/MIMARKS.human-gut",24156141,CORNELL UNIVERSITY,2020-10-06/2021-12-16,public,"fastq,run.zq,sra","gs,ncbi,s3","gs.us-east1,ncbi.public,s3.us-east-1",human body,distal gut,stool,SRX21107543,USA,North America,USA,Homo sapiens,Illumina MiSeq,328TP08,42.4440 N 76.5019 W,328TP08,PAIRED,PCR,METAGENOMIC,human gut metagenome,ILLUMINA,2025-01-01T00:00:00Z,2023-07-20T15:29:00Z,1,328TP08,SRP450576
SRR25368139,AMPLICON,502,24808840,PRJNA944997,SAMN36658762,"MIMARKS.survey,MIGS/MIMS/MIMARKS.human-gut",14540778,CORNELL UNIVERSITY,2020-10-06/2021-12-16,public,"fastq,run.zq,sra","gs,ncbi,s3","gs.us-east1,ncbi.public,s3.us-east-1",human body,distal gut,stool,SRX21107542,USA,North America,USA,Homo sapiens,Illumina MiSeq,328TP07.2,42.4440 N 76.5019 W,328TP07.2,PAIRED,PCR,METAGENOMIC,human gut metagenome,ILLUMINA,2025-01-01T00:00:00Z,2023-07-20T15:29:00Z,1,328TP07.2,SRP450576
SRR25368140,AMPLICON,502,40465718,PRJNA944997,SAMN36658293,"MIMARKS.survey,MIGS/MIMS/MIMARKS.human-gut",27146990,CORNELL UNIVERSITY,2020-10-06/2021-12-16,public,"fastq,run.zq,sra","gs,ncbi,s3","gs.us-east1,ncbi.public,s3.us-east-1",human body,distal gut,stool,SRX21107541,USA,North America,USA,Homo sapiens,Illumina MiSeq,328TP07,42.4440 N 76.5019 W,328TP07,PAIRED,PCR,METAGENOMIC,human gut metagenome,ILLUMINA,2025-01-01T00:00:00Z,2023-07-20T15:29:00Z,1,328TP07,SRP450576
SRR25368141,AMPLICON,502,35327748,PRJNA944997,SAMN36658292,"MIMARKS.survey,MIGS/MIMS/MIMARKS.human-gut",21933826,CORNELL UNIVERSITY,2020-10-06/2021-12-16,public,"fastq,run.zq,sra","gs,ncbi,s3","gs.us-east1,ncbi.public,s3.us-east-1",human body,distal gut,stool,SRX21107540,USA,North America,USA,Homo sapiens,Illumina MiSeq,328TP06,42.4440 N 76.5019 W,328TP06,PAIRED,PCR,METAGENOMIC,human gut metagenome,ILLUMINA,2025-01-01T00:00:00Z,2023-07-20T15:29:00Z,1,328TP06,SRP450576
SRR25368142,AMPLICON,502,24174814,PRJNA944997,SAMN36658780,"MIMARKS.survey,MIGS/MIMS/MIMARKS.human-gut",14185968,CORNELL UNIVERSITY,2020-10-06/2021-12-16,public,"fastq,run.zq,sra","gs,ncbi,s3","gs.us-east1,ncbi.public,s3.us-east-1",human body,distal gut,stool,SRX21107539,USA,North America,USA,Homo sapiens,Illumina MiSeq,328TP05.2,42.4440 N 76.5019 W,328TP05.2,PAIRED,PCR,METAGENOMIC,human gut metagenome,ILLUMINA,2025-01-01T00:00:00Z,2023-07-20T15:29:00Z,1,328TP05.2,SRP450576
SRR25368143,AMPLICON,502,40933582,PRJNA944997,SAMN36658530,"MIMARKS.survey,MIGS/MIMS/MIMARKS.human-gut",27567935,CORNELL UNIVERSITY,2020-10-06/2021-12-16,public,"fastq,run.zq,sra","gs,ncbi,s3","gs.us-east1,ncbi.public,s3.us-east-1",human body,distal gut,stool,SRX21107538,USA,North America,USA,Homo sapiens,Illumina MiSeq,328TP05,42.4440 N 76.5019 W,328TP05,PAIRED,PCR,METAGENOMIC,human gut metagenome,ILLUMINA,2025-01-01T00:00:00Z,2023-07-20T15:29:00Z,1,328TP05,SRP450576
SRR25368144,AMPLICON,502,33039130,PRJNA944997,SAMN36658176,"MIMARKS.survey,MIGS/MIMS/MIMARKS.human-gut",19376679,CORNELL UNIVERSITY,2020-10-06/2021-12-16,public,"fastq,run.zq,sra","gs,ncbi,s3","gs.us-east1,ncbi.public,s3.us-east-1",human body,distal gut,stool,SRX21107537,USA,North America,USA,Homo sapiens,Illumina MiSeq,328TP04,42.4440 N 76.5019 W,328TP04,PAIRED,PCR,METAGENOMIC,human gut metagenome,ILLUMINA,2025-01-01T00:00:00Z,2023-07-20T15:29:00Z,1,328TP04,SRP450576
SRR25368145,AMPLICON,502,32565744,PRJNA944997,SAMN36658690,"MIMARKS.survey,MIGS/MIMS/MIMARKS.human-gut",18831872,CORNELL UNIVERSITY,2020-10-06/2021-12-16,public,"fastq,run.zq,sra","gs,ncbi,s3","gs.us-east1,ncbi.public,s3.us-east-1",human body,distal gut,stool,SRX21107536,USA,North America,USA,Homo sapiens,Illumina MiSeq,393TP12,42.4440 N 76.5019 W,393TP12,PAIRED,PCR,METAGENOMIC,human gut metagenome,ILLUMINA,2025-01-01T00:00:00Z,2023-07-20T15:29:00Z,1,393TP12,SRP450576
SRR25368146,AMPLICON,502,37278520,PRJNA944997,SAMN36658818,"MIMARKS.survey,MIGS/MIMS/MIMARKS.human-gut",25142885,CORNELL UNIVERSITY,2020-10-06/2021-12-16,public,"fastq,run.zq,sra","gs,ncbi,s3","gs.us-east1,ncbi.public,s3.us-east-1",human body,distal gut,stool,SRX21107535,USA,North America,USA,Homo sapiens,Illumina MiSeq,326TP10.2,42.4440 N 76.5019 W,326TP10.2,PAIRED,PCR,METAGENOMIC,human gut metagenome,ILLUMINA,2025-01-01T00:00:00Z,2023-07-20T15:29:00Z,1,326TP10.2,SRP450576
SRR25368147,AMPLICON,502,36897502,PRJNA944997,SAMN36658689,"MIMARKS.survey,MIGS/MIMS/MIMARKS.human-gut",22407224,CORNELL UNIVERSITY,2020-10-06/2021-12-16,public,"fastq,run.zq,sra","gs,ncbi,s3","gs.us-east1,ncbi.public,s3.us-east-1",human body,distal gut,stool,SRX21107534,USA,North America,USA,Homo sapiens,Illumina MiSeq,393TP11,42.4440 N 76.5019 W,393TP11,PAIRED,PCR,METAGENOMIC,human gut metagenome,ILLUMINA,2025-01-01T00:00:00Z,2023-07-20T15:29:00Z,1,393TP11,SRP450576
SRR25368148,AMPLICON,502,45241746,PRJNA944997,SAMN36658827,"MIMARKS.survey,MIGS/MIMS/MIMARKS.human-gut",30901166,CORNELL UNIVERSITY,2020-10-06/2021-12-16,public,"fastq,run.zq,sra","gs,ncbi,s3","gs.us-east1,ncbi.public,s3.us-east-1",human body,distal gut,stool,SRX21107533,USA,North America,USA,Homo sapiens,Illumina MiSeq,393TP10.2,42.4440 N 76.5019 W,393TP10.2,PAIRED,PCR,METAGENOMIC,human gut metagenome,ILLUMINA,2025-01-01T00:00:00Z,2023-07-20T15:29:00Z,1,393TP10.2,SRP450576
SRR25368149,AMPLICON,502,24310856,PRJNA944997,SAMN36658275,"MIMARKS.survey,MIGS/MIMS/MIMARKS.human-gut",14778277,CORNELL UNIVERSITY,2020-10-06/2021-12-16,public,"fastq,run.zq,sra","gs,ncbi,s3","gs.us-east1,ncbi.public,s3.us-east-1",human body,distal gut,stool,SRX21107532,USA,North America,USA,Homo sapiens,Illumina MiSeq,393TP10,42.4440 N 76.5019 W,393TP10,PAIRED,PCR,METAGENOMIC,human gut metagenome,ILLUMINA,2025-01-01T00:00:00Z,2023-07-20T15:29:00Z,1,393TP10,SRP450576
SRR25368150,AMPLICON,502,24971990,PRJNA944997,SAMN36658274,"MIMARKS.survey,MIGS/MIMS/MIMARKS.human-gut",14251243,CORNELL UNIVERSITY,2020-10-06/2021-12-16,public,"fastq,run.zq,sra","gs,ncbi,s3","gs.us-east1,ncbi.public,s3.us-east-1",human body,distal gut,stool,SRX21107531,USA,North America,USA,Homo sapiens,Illumina MiSeq,393TP09,42.4440 N 76.5019 W,393TP09,PAIRED,PCR,METAGENOMIC,human gut metagenome,ILLUMINA,2025-01-01T00:00:00Z,2023-07-20T15:29:00Z,1,393TP09,SRP450576
SRR25368151,AMPLICON,502,37038062,PRJNA944997,SAMN36658521,"MIMARKS.survey,MIGS/MIMS/MIMARKS.human-gut",23413522,CORNELL UNIVERSITY,2020-10-06/2021-12-16,public,"fastq,run.zq,sra","gs,ncbi,s3","gs.us-east1,ncbi.public,s3.us-east-1",human body,distal gut,stool,SRX21107530,USA,North America,USA,Homo sapiens,Illumina MiSeq,393TP08,42.4440 N 76.5019 W,393TP08,PAIRED,PCR,METAGENOMIC,human gut metagenome,ILLUMINA,2025-01-01T00:00:00Z,2023-07-20T15:29:00Z,1,393TP08,SRP450576
SRR25368152,AMPLICON,502,20697962,PRJNA944997,SAMN36658816,"MIMARKS.survey,MIGS/MIMS/MIMARKS.human-gut",11955653,CORNELL UNIVERSITY,2020-10-06/2021-12-16,public,"fastq,run.zq,sra","gs,ncbi,s3","gs.us-east1,ncbi.public,s3.us-east-1",human body,distal gut,stool,SRX21107529,USA,North America,USA,Homo sapiens,Illumina MiSeq,393TP07.2,42.4440 N 76.5019 W,393TP07.2,PAIRED,PCR,METAGENOMIC,human gut metagenome,ILLUMINA,2025-01-01T00:00:00Z,2023-07-20T15:29:00Z,1,393TP07.2,SRP450576
SRR25368153,AMPLICON,502,35780050,PRJNA944997,SAMN36658391,"MIMARKS.survey,MIGS/MIMS/MIMARKS.human-gut",23684138,CORNELL UNIVERSITY,2020-10-06/2021-12-16,public,"fastq,run.zq,sra","gs,ncbi,s3","gs.us-east1,ncbi.public,s3.us-east-1",human body,distal gut,stool,SRX21107528,USA,North America,USA,Homo sapiens,Illumina MiSeq,393TP07,42.4440 N 76.5019 W,393TP07,PAIRED,PCR,METAGENOMIC,human gut metagenome,ILLUMINA,2025-01-01T00:00:00Z,2023-07-20T15:29:00Z,1,393TP07,SRP450576
SRR25368154,AMPLICON,502,21734090,PRJNA944997,SAMN36658390,"MIMARKS.survey,MIGS/MIMS/MIMARKS.human-gut",12341224,CORNELL UNIVERSITY,2020-10-06/2021-12-16,public,"fastq,run.zq,sra","gs,ncbi,s3","gs.us-east1,ncbi.public,s3.us-east-1",human body,distal gut,stool,SRX21107527,USA,North America,USA,Homo sapiens,Illumina MiSeq,393TP06,42.4440 N 76.5019 W,393TP06,PAIRED,PCR,METAGENOMIC,human gut metagenome,ILLUMINA,2025-01-01T00:00:00Z,2023-07-20T15:29:00Z,1,393TP06,SRP450576
SRR25368155,AMPLICON,502,26842944,PRJNA944997,SAMN36658585,"MIMARKS.survey,MIGS/MIMS/MIMARKS.human-gut",15373555,CORNELL UNIVERSITY,2020-10-06/2021-12-16,public,"fastq,run.zq,sra","gs,ncbi,s3","gs.us-east1,ncbi.public,s3.us-east-1",human body,distal gut,stool,SRX21107526,USA,North America,USA,Homo sapiens,Illumina MiSeq,393TP05,42.4440 N 76.5019 W,393TP05,PAIRED,PCR,METAGENOMIC,human gut metagenome,ILLUMINA,2025-01-01T00:00:00Z,2023-07-20T15:29:00Z,1,393TP05,SRP450576
SRR25368156,AMPLICON,502,20797358,PRJNA944997,SAMN36658812,"MIMARKS.survey,MIGS/MIMS/MIMARKS.human-gut",11966800,CORNELL UNIVERSITY,2020-10-06/2021-12-16,public,"fastq,run.zq,sra","gs,ncbi,s3","gs.us-east1,ncbi.public,s3.us-east-1",human body,distal gut,stool,SRX21107525,USA,North America,USA,Homo sapiens,Illumina MiSeq,393TP04.2,42.4440 N 76.5019 W,393TP04.2,PAIRED,PCR,METAGENOMIC,human gut metagenome,ILLUMINA,2025-01-01T00:00:00Z,2023-07-20T15:29:00Z,1,393TP04.2,SRP450576
SRR25368157,AMPLICON,502,21025266,PRJNA944997,SAMN36658059,"MIMARKS.survey,MIGS/MIMS/MIMARKS.human-gut",12383258,CORNELL UNIVERSITY,2020-10-06/2021-12-16,public,"fastq,run.zq,sra","gs,ncbi,s3","gs.us-east1,ncbi.public,s3.us-east-1",human body,distal gut,stool,SRX21107524,USA,North America,USA,Homo sapiens,Illumina MiSeq,326TP10,42.4440 N 76.5019 W,326TP10,PAIRED,PCR,METAGENOMIC,human gut metagenome,ILLUMINA,2025-01-01T00:00:00Z,2023-07-20T15:29:00Z,1,326TP10,SRP450576
SRR25368158,AMPLICON,502,35431160,PRJNA944997,SAMN36658161,"MIMARKS.survey,MIGS/MIMS/MIMARKS.human-gut",23380096,CORNELL UNIVERSITY,2020-10-06/2021-12-16,public,"fastq,run.zq,sra","gs,ncbi,s3","gs.us-east1,ncbi.public,s3.us-east-1",human body,distal gut,stool,SRX21107523,USA,North America,USA,Homo sapiens,Illumina MiSeq,393TP04,42.4440 N 76.5019 W,393TP04,PAIRED,PCR,METAGENOMIC,human gut metagenome,ILLUMINA,2025-01-01T00:00:00Z,2023-07-20T15:29:00Z,1,393TP04,SRP450576
SRR25368159,AMPLICON,502,32509018,PRJNA944997,SAMN36658160,"MIMARKS.survey,MIGS/MIMS/MIMARKS.human-gut",20319100,CORNELL UNIVERSITY,2020-10-06/2021-12-16,public,"fastq,run.zq,sra","gs,ncbi,s3","gs.us-east1,ncbi.public,s3.us-east-1",human body,distal gut,stool,SRX21107522,USA,North America,USA,Homo sapiens,Illumina MiSeq,393TP03,42.4440 N 76.5019 W,393TP03,PAIRED,PCR,METAGENOMIC,human gut metagenome,ILLUMINA,2025-01-01T00:00:00Z,2023-07-20T15:29:00Z,1,393TP03,SRP450576
SRR25368160,AMPLICON,502,40654470,PRJNA944997,SAMN36658456,"MIMARKS.survey,MIGS/MIMS/MIMARKS.human-gut",25801701,CORNELL UNIVERSITY,2020-10-06/2021-12-16,public,"fastq,run.zq,sra","gs,ncbi,s3","gs.us-east1,ncbi.public,s3.us-east-1",human body,distal gut,stool,SRX21107521,USA,North America,USA,Homo sapiens,Illumina MiSeq,393TP02,42.4440 N 76.5019 W,393TP02,PAIRED,PCR,METAGENOMIC,human gut metagenome,ILLUMINA,2025-01-01T00:00:00Z,2023-07-20T15:29:00Z,1,393TP02,SRP450576
SRR25368161,AMPLICON,502,34019536,PRJNA944997,SAMN36658045,"MIMARKS.survey,MIGS/MIMS/MIMARKS.human-gut",20450564,CORNELL UNIVERSITY,2020-10-06/2021-12-16,public,"fastq,run.zq,sra","gs,ncbi,s3","gs.us-east1,ncbi.public,s3.us-east-1",human body,distal gut,stool,SRX21107520,USA,North America,USA,Homo sapiens,Illumina MiSeq,393TP01,42.4440 N 76.5019 W,393TP01,PAIRED,PCR,METAGENOMIC,human gut metagenome,ILLUMINA,2025-01-01T00:00:00Z,2023-07-20T15:29:00Z,1,393TP01,SRP450576
SRR25368162,AMPLICON,502,29736472,PRJNA944997,SAMN36658159,"MIMARKS.survey,MIGS/MIMS/MIMARKS.human-gut",16947585,CORNELL UNIVERSITY,2020-10-06/2021-12-16,public,"fastq,run.zq,sra","gs,ncbi,s3","gs.us-east1,ncbi.public,s3.us-east-1",human body,distal gut,stool,SRX21107519,USA,North America,USA,Homo sapiens,Illumina MiSeq,392TP09,42.4440 N 76.5019 W,392TP09,PAIRED,PCR,METAGENOMIC,human gut metagenome,ILLUMINA,2025-01-01T00:00:00Z,2023-07-20T15:29:00Z,1,392TP09,SRP450576
SRR25368163,AMPLICON,502,36280042,PRJNA944997,SAMN36658455,"MIMARKS.survey,MIGS/MIMS/MIMARKS.human-gut",23002381,CORNELL UNIVERSITY,2020-10-06/2021-12-16,public,"fastq,run.zq,sra","gs,ncbi,s3","gs.us-east1,ncbi.public,s3.us-east-1",human body,distal gut,stool,SRX21107518,USA,North America,USA,Homo sapiens,Illumina MiSeq,392TP08,42.4440 N 76.5019 W,392TP08,PAIRED,PCR,METAGENOMIC,human gut metagenome,ILLUMINA,2025-01-01T00:00:00Z,2023-07-20T15:29:00Z,1,392TP08,SRP450576
SRR25368164,AMPLICON,502,26800776,PRJNA944997,SAMN36658389,"MIMARKS.survey,MIGS/MIMS/MIMARKS.human-gut",15154802,CORNELL UNIVERSITY,2020-10-06/2021-12-16,public,"fastq,run.zq,sra","gs,ncbi,s3","gs.us-east1,ncbi.public,s3.us-east-1",human body,distal gut,stool,SRX21107517,USA,North America,USA,Homo sapiens,Illumina MiSeq,392TP06,42.4440 N 76.5019 W,392TP06,PAIRED,PCR,METAGENOMIC,human gut metagenome,ILLUMINA,2025-01-01T00:00:00Z,2023-07-20T15:29:00Z,1,392TP06,SRP450576
SRR25368165,AMPLICON,502,28982468,PRJNA944997,SAMN36658584,"MIMARKS.survey,MIGS/MIMS/MIMARKS.human-gut",16919455,CORNELL UNIVERSITY,2020-10-06/2021-12-16,public,"fastq,run.zq,sra","gs,ncbi,s3","gs.us-east1,ncbi.public,s3.us-east-1",human body,distal gut,stool,SRX21107516,USA,North America,USA,Homo sapiens,Illumina MiSeq,392TP05,42.4440 N 76.5019 W,392TP05,PAIRED,PCR,METAGENOMIC,human gut metagenome,ILLUMINA,2025-01-01T00:00:00Z,2023-07-20T15:29:00Z,1,392TP05,SRP450576
SRR25368166,AMPLICON,502,31539154,PRJNA944997,SAMN36658273,"MIMARKS.survey,MIGS/MIMS/MIMARKS.human-gut",19785644,CORNELL UNIVERSITY,2020-10-06/2021-12-16,public,"fastq,run.zq,sra","gs,ncbi,s3","gs.us-east1,ncbi.public,s3.us-east-1",human body,distal gut,stool,SRX21107515,USA,North America,USA,Homo sapiens,Illumina MiSeq,392TP03,42.4440 N 76.5019 W,392TP03,PAIRED,PCR,METAGENOMIC,human gut metagenome,ILLUMINA,2025-01-01T00:00:00Z,2023-07-20T15:29:00Z,1,392TP03,SRP450576
SRR25368167,AMPLICON,502,40428570,PRJNA944997,SAMN36658520,"MIMARKS.survey,MIGS/MIMS/MIMARKS.human-gut",25895207,CORNELL UNIVERSITY,2020-10-06/2021-12-16,public,"fastq,run.zq,sra","gs,ncbi,s3","gs.us-east1,ncbi.public,s3.us-east-1",human body,distal gut,stool,SRX21107514,USA,North America,USA,Homo sapiens,Illumina MiSeq,392TP02,42.4440 N 76.5019 W,392TP02,PAIRED,PCR,METAGENOMIC,human gut metagenome,ILLUMINA,2025-01-01T00:00:00Z,2023-07-20T15:29:00Z,1,392TP02,SRP450576
SRR25368168,AMPLICON,502,24615570,PRJNA944997,SAMN36658058,"MIMARKS.survey,MIGS/MIMS/MIMARKS.human-gut",14036518,CORNELL UNIVERSITY,2020-10-06/2021-12-16,public,"fastq,run.zq,sra","gs,ncbi,s3","gs.us-east1,ncbi.public,s3.us-east-1",human body,distal gut,stool,SRX21107513,USA,North America,USA,Homo sapiens,Illumina MiSeq,326TP09,42.4440 N 76.5019 W,326TP09,PAIRED,PCR,METAGENOMIC,human gut metagenome,ILLUMINA,2025-01-01T00:00:00Z,2023-07-20T15:29:00Z,1,326TP09,SRP450576
SRR25368172,AMPLICON,502,41306568,PRJNA944997,SAMN36658519,"MIMARKS.survey,MIGS/MIMS/MIMARKS.human-gut",26490240,CORNELL UNIVERSITY,2020-10-06/2021-12-16,public,"fastq,run.zq,sra","gs,ncbi,s3","gs.us-east1,ncbi.public,s3.us-east-1",human body,distal gut,stool,SRX21107509,USA,North America,USA,Homo sapiens,Illumina MiSeq,391TP08,42.4440 N 76.5019 W,391TP08,PAIRED,PCR,METAGENOMIC,human gut metagenome,ILLUMINA,2025-01-01T00:00:00Z,2023-07-20T15:29:00Z,1,391TP08,SRP450576
SRR25368173,AMPLICON,502,57841444,PRJNA944997,SAMN36658716,"MIMARKS.survey,MIGS/MIMS/MIMARKS.human-gut",39335830,CORNELL UNIVERSITY,2020-10-06/2021-12-16,public,"fastq,run.zq,sra","gs,ncbi,s3","gs.us-east1,ncbi.public,s3.us-east-1",human body,distal gut,stool,SRX21107508,USA,North America,USA,Homo sapiens,Illumina MiSeq,391TP07.2,42.4440 N 76.5019 W,391TP07.2,PAIRED,PCR,METAGENOMIC,human gut metagenome,ILLUMINA,2025-01-01T00:00:00Z,2023-07-20T15:29:00Z,1,391TP07.2,SRP450576
SRR25368174,AMPLICON,502,31719874,PRJNA944997,SAMN36658388,"MIMARKS.survey,MIGS/MIMS/MIMARKS.human-gut",18984901,CORNELL UNIVERSITY,2020-10-06/2021-12-16,public,"fastq,run.zq,sra","gs,ncbi,s3","gs.us-east1,ncbi.public,s3.us-east-1",human body,distal gut,stool,SRX21107507,USA,North America,USA,Homo sapiens,Illumina MiSeq,391TP07,42.4440 N 76.5019 W,391TP07,PAIRED,PCR,METAGENOMIC,human gut metagenome,ILLUMINA,2025-01-01T00:00:00Z,2023-07-20T15:29:00Z,1,391TP07,SRP450576
SRR25368175,AMPLICON,502,39512420,PRJNA944997,SAMN36658387,"MIMARKS.survey,MIGS/MIMS/MIMARKS.human-gut",24142521,CORNELL UNIVERSITY,2020-10-06/2021-12-16,public,"fastq,run.zq,sra","gs,ncbi,s3","gs.us-east1,ncbi.public,s3.us-east-1",human body,distal gut,stool,SRX21107506,USA,North America,USA,Homo sapiens,Illumina MiSeq,391TP06,42.4440 N 76.5019 W,391TP06,PAIRED,PCR,METAGENOMIC,human gut metagenome,ILLUMINA,2025-01-01T00:00:00Z,2023-07-20T15:29:00Z,1,391TP06,SRP450576
SRR25368176,AMPLICON,502,41796018,PRJNA944997,SAMN36658583,"MIMARKS.survey,MIGS/MIMS/MIMARKS.human-gut",24718005,CORNELL UNIVERSITY,2020-10-06/2021-12-16,public,"fastq,run.zq,sra","gs,ncbi,s3","gs.us-east1,ncbi.public,s3.us-east-1",human body,distal gut,stool,SRX21107505,USA,North America,USA,Homo sapiens,Illumina MiSeq,391TP05,42.4440 N 76.5019 W,391TP05,PAIRED,PCR,METAGENOMIC,human gut metagenome,ILLUMINA,2025-01-01T00:00:00Z,2023-07-20T15:29:00Z,1,391TP05,SRP450576
SRR25368177,AMPLICON,502,31052214,PRJNA944997,SAMN36658676,"MIMARKS.survey,MIGS/MIMS/MIMARKS.human-gut",17821839,CORNELL UNIVERSITY,2020-10-06/2021-12-16,public,"fastq,run.zq,sra","gs,ncbi,s3","gs.us-east1,ncbi.public,s3.us-east-1",human body,distal gut,stool,SRX21107504,USA,North America,USA,Homo sapiens,Illumina MiSeq,382TP12,42.4440 N 76.5019 W,382TP12,PAIRED,PCR,METAGENOMIC,human gut metagenome,ILLUMINA,2025-01-01T00:00:00Z,2023-07-20T15:29:00Z,1,382TP12,SRP450576
SRR25368178,AMPLICON,502,26427288,PRJNA944997,SAMN36658675,"MIMARKS.survey,MIGS/MIMS/MIMARKS.human-gut",15341632,CORNELL UNIVERSITY,2020-10-06/2021-12-16,public,"fastq,run.zq,sra","gs,ncbi,s3","gs.us-east1,ncbi.public,s3.us-east-1",human body,distal gut,stool,SRX21107503,USA,North America,USA,Homo sapiens,Illumina MiSeq,382TP11.rerun,42.4440 N 76.5019 W,382TP11.rerun,PAIRED,PCR,METAGENOMIC,human gut metagenome,ILLUMINA,2025-01-01T00:00:00Z,2023-07-20T15:29:00Z,1,382TP11.rerun,SRP450576
SRR25368179,AMPLICON,502,49782336,PRJNA944997,SAMN36658753,"MIMARKS.survey,MIGS/MIMS/MIMARKS.human-gut",33983973,CORNELL UNIVERSITY,2020-10-06/2021-12-16,public,"fastq,run.zq,sra","gs,ncbi,s3","gs.us-east1,ncbi.public,s3.us-east-1",human body,distal gut,stool,SRX21107502,USA,North America,USA,Homo sapiens,Illumina MiSeq,382TP10.2,42.4440 N 76.5019 W,382TP10.2,PAIRED,PCR,METAGENOMIC,human gut metagenome,ILLUMINA,2025-01-01T00:00:00Z,2023-07-20T15:29:00Z,1,382TP10.2,SRP450576
SRR25368180,AMPLICON,502,28508078,PRJNA944997,SAMN36658147,"MIMARKS.survey,MIGS/MIMS/MIMARKS.human-gut",17194578,CORNELL UNIVERSITY,2020-10-06/2021-12-16,public,"fastq,run.zq,sra","gs,ncbi,s3","gs.us-east1,ncbi.public,s3.us-east-1",human body,distal gut,stool,SRX21107501,USA,North America,USA,Homo sapiens,Illumina MiSeq,382TP10,42.4440 N 76.5019 W,382TP10,PAIRED,PCR,METAGENOMIC,human gut metagenome,ILLUMINA,2025-01-01T00:00:00Z,2023-07-20T15:29:00Z,1,382TP10,SRP450576
SRR25368181,AMPLICON,502,23745102,PRJNA944997,SAMN36658146,"MIMARKS.survey,MIGS/MIMS/MIMARKS.human-gut",13699372,CORNELL UNIVERSITY,2020-10-06/2021-12-16,public,"fastq,run.zq,sra","gs,ncbi,s3","gs.us-east1,ncbi.public,s3.us-east-1",human body,distal gut,stool,SRX21107500,USA,North America,USA,Homo sapiens,Illumina MiSeq,382TP09,42.4440 N 76.5019 W,382TP09,PAIRED,PCR,METAGENOMIC,human gut metagenome,ILLUMINA,2025-01-01T00:00:00Z,2023-07-20T15:29:00Z,1,382TP09,SRP450576
SRR25368196,AMPLICON,502,34047146,PRJNA944997,SAMN36658510,"MIMARKS.survey,MIGS/MIMS/MIMARKS.human-gut",21612170,CORNELL UNIVERSITY,2020-10-06/2021-12-16,public,"fastq,run.zq,sra","gs,ncbi,s3","gs.us-east1,ncbi.public,s3.us-east-1",human body,distal gut,stool,SRX21107485,USA,North America,USA,Homo sapiens,Illumina MiSeq,380TP02,42.4440 N 76.5019 W,380TP02,PAIRED,PCR,METAGENOMIC,human gut metagenome,ILLUMINA,2025-01-01T00:00:00Z,2023-07-20T15:29:00Z,1,380TP02,SRP450576
SRR25368197,AMPLICON,502,32501990,PRJNA944997,SAMN36658033,"MIMARKS.survey,MIGS/MIMS/MIMARKS.human-gut",19469873,CORNELL UNIVERSITY,2020-10-06/2021-12-16,public,"fastq,run.zq,sra","gs,ncbi,s3","gs.us-east1,ncbi.public,s3.us-east-1",human body,distal gut,stool,SRX21107484,USA,North America,USA,Homo sapiens,Illumina MiSeq,380TP01,42.4440 N 76.5019 W,380TP01,PAIRED,PCR,METAGENOMIC,human gut metagenome,ILLUMINA,2025-01-01T00:00:00Z,2023-07-20T15:29:00Z,1,380TP01,SRP450576
SRR25368198,AMPLICON,502,30585354,PRJNA944997,SAMN36658704,"MIMARKS.survey,MIGS/MIMS/MIMARKS.human-gut",17839041,CORNELL UNIVERSITY,2020-10-06/2021-12-16,public,"fastq,run.zq,sra","gs,ncbi,s3","gs.us-east1,ncbi.public,s3.us-east-1",human body,distal gut,stool,SRX21107483,USA,North America,USA,Homo sapiens,Illumina MiSeq,379TP04.2,42.4440 N 76.5019 W,379TP04.2,PAIRED,PCR,METAGENOMIC,human gut metagenome,ILLUMINA,2025-01-01T00:00:00Z,2023-07-20T15:29:00Z,1,379TP04.2,SRP450576
SRR25368199,AMPLICON,502,52741626,PRJNA944997,SAMN36658145,"MIMARKS.survey,MIGS/MIMS/MIMARKS.human-gut",35055424,CORNELL UNIVERSITY,2020-10-06/2021-12-16,public,"fastq,run.zq,sra","gs,ncbi,s3","gs.us-east1,ncbi.public,s3.us-east-1",human body,distal gut,stool,SRX21107482,USA,North America,USA,Homo sapiens,Illumina MiSeq,379TP04,42.4440 N 76.5019 W,379TP04,PAIRED,PCR,METAGENOMIC,human gut metagenome,ILLUMINA,2025-01-01T00:00:00Z,2023-07-20T15:29:00Z,1,379TP04,SRP450576
SRR25368200,AMPLICON,502,39733300,PRJNA944997,SAMN36658144,"MIMARKS.survey,MIGS/MIMS/MIMARKS.human-gut",25310310,CORNELL UNIVERSITY,2020-10-06/2021-12-16,public,"fastq,run.zq,sra","gs,ncbi,s3","gs.us-east1,ncbi.public,s3.us-east-1",human body,distal gut,stool,SRX21107481,USA,North America,USA,Homo sapiens,Illumina MiSeq,379TP03,42.4440 N 76.5019 W,379TP03,PAIRED,PCR,METAGENOMIC,human gut metagenome,ILLUMINA,2025-01-01T00:00:00Z,2023-07-20T15:29:00Z,1,379TP03,SRP450576
SRR25368201,AMPLICON,502,32801182,PRJNA944997,SAMN36658445,"MIMARKS.survey,MIGS/MIMS/MIMARKS.human-gut",20865872,CORNELL UNIVERSITY,2020-10-06/2021-12-16,public,"fastq,run.zq,sra","gs,ncbi,s3","gs.us-east1,ncbi.public,s3.us-east-1",human body,distal gut,stool,SRX21107480,USA,North America,USA,Homo sapiens,Illumina MiSeq,379TP02,42.4440 N 76.5019 W,379TP02,PAIRED,PCR,METAGENOMIC,human gut metagenome,ILLUMINA,2025-01-01T00:00:00Z,2023-07-20T15:29:00Z,1,379TP02,SRP450576
SRR25368202,AMPLICON,502,28875040,PRJNA944997,SAMN36658032,"MIMARKS.survey,MIGS/MIMS/MIMARKS.human-gut",17437924,CORNELL UNIVERSITY,2020-10-06/2021-12-16,public,"fastq,run.zq,sra","gs,ncbi,s3","gs.us-east1,ncbi.public,s3.us-east-1",human body,distal gut,stool,SRX21107479,USA,North America,USA,Homo sapiens,Illumina MiSeq,379TP01,42.4440 N 76.5019 W,379TP01,PAIRED,PCR,METAGENOMIC,human gut metagenome,ILLUMINA,2025-01-01T00:00:00Z,2023-07-20T15:29:00Z,1,379TP01,SRP450576
SRR25368203,AMPLICON,502,27879574,PRJNA944997,SAMN36658031,"MIMARKS.survey,MIGS/MIMS/MIMARKS.human-gut",16238396,CORNELL UNIVERSITY,2020-10-06/2021-12-16,public,"fastq,run.zq,sra","gs,ncbi,s3","gs.us-east1,ncbi.public,s3.us-east-1",human body,distal gut,stool,SRX21107478,USA,North America,USA,Homo sapiens,Illumina MiSeq,378TP01,42.4440 N 76.5019 W,378TP01,PAIRED,PCR,METAGENOMIC,human gut metagenome,ILLUMINA,2025-01-01T00:00:00Z,2023-07-20T15:29:00Z,1,378TP01,SRP450576
SRR25368204,AMPLICON,502,25784728,PRJNA944997,SAMN36658674,"MIMARKS.survey,MIGS/MIMS/MIMARKS.human-gut",14625927,CORNELL UNIVERSITY,2020-10-06/2021-12-16,public,"fastq,run.zq,sra","gs,ncbi,s3","gs.us-east1,ncbi.public,s3.us-east-1",human body,distal gut,stool,SRX21107477,USA,North America,USA,Homo sapiens,Illumina MiSeq,377TP12,42.4440 N 76.5019 W,377TP12,PAIRED,PCR,METAGENOMIC,human gut metagenome,ILLUMINA,2025-01-01T00:00:00Z,2023-07-20T15:29:00Z,1,377TP12,SRP450576
SRR25368205,AMPLICON,502,21221548,PRJNA944997,SAMN36658595,"MIMARKS.survey,MIGS/MIMS/MIMARKS.human-gut",12337257,CORNELL UNIVERSITY,2020-10-06/2021-12-16,public,"fastq,run.zq,sra","gs,ncbi,s3","gs.us-east1,ncbi.public,s3.us-east-1",human body,distal gut,stool,SRX21107476,USA,North America,USA,Homo sapiens,Illumina MiSeq,325TP11,42.4440 N 76.5019 W,325TP11,PAIRED,PCR,METAGENOMIC,human gut metagenome,ILLUMINA,2025-01-01T00:00:00Z,2023-07-20T15:29:00Z,1,325TP11,SRP450576
SRR25368206,AMPLICON,502,34401558,PRJNA944997,SAMN36658673,"MIMARKS.survey,MIGS/MIMS/MIMARKS.human-gut",20181218,CORNELL UNIVERSITY,2020-10-06/2021-12-16,public,"fastq,run.zq,sra","gs,ncbi,s3","gs.us-east1,ncbi.public,s3.us-east-1",human body,distal gut,stool,SRX21107475,USA,North America,USA,Homo sapiens,Illumina MiSeq,377TP11.rerun,42.4440 N 76.5019 W,377TP11.rerun,PAIRED,PCR,METAGENOMIC,human gut metagenome,ILLUMINA,2025-01-01T00:00:00Z,2023-07-20T15:29:00Z,1,377TP11.rerun,SRP450576
SRR25368207,AMPLICON,502,47546428,PRJNA944997,SAMN36658743,"MIMARKS.survey,MIGS/MIMS/MIMARKS.human-gut",31832664,CORNELL UNIVERSITY,2020-10-06/2021-12-16,public,"fastq,run.zq,sra","gs,ncbi,s3","gs.us-east1,ncbi.public,s3.us-east-1",human body,distal gut,stool,SRX21107474,USA,North America,USA,Homo sapiens,Illumina MiSeq,377TP10.2,42.4440 N 76.5019 W,377TP10.2,PAIRED,PCR,METAGENOMIC,human gut metagenome,ILLUMINA,2025-01-01T00:00:00Z,2023-07-20T15:29:00Z,1,377TP10.2,SRP450576
SRR25368208,AMPLICON,502,27592932,PRJNA944997,SAMN36658258,"MIMARKS.survey,MIGS/MIMS/MIMARKS.human-gut",16188049,CORNELL UNIVERSITY,2020-10-06/2021-12-16,public,"fastq,run.zq,sra","gs,ncbi,s3","gs.us-east1,ncbi.public,s3.us-east-1",human body,distal gut,stool,SRX21107473,USA,North America,USA,Homo sapiens,Illumina MiSeq,377TP10,42.4440 N 76.5019 W,377TP10,PAIRED,PCR,METAGENOMIC,human gut metagenome,ILLUMINA,2025-01-01T00:00:00Z,2023-07-20T15:29:00Z,1,377TP10,SRP450576
SRR25368209,AMPLICON,502,55669290,PRJNA944997,SAMN36658527,"MIMARKS.survey,MIGS/MIMS/MIMARKS.human-gut",37220400,CORNELL UNIVERSITY,2020-10-06/2021-12-16,public,"fastq,run.zq,sra","gs,ncbi,s3","gs.us-east1,ncbi.public,s3.us-east-1",human body,distal gut,stool,SRX21107472,USA,North America,USA,Homo sapiens,Illumina MiSeq,325TP05,42.4440 N 76.5019 W,325TP05,PAIRED,PCR,METAGENOMIC,human gut metagenome,ILLUMINA,2025-01-01T00:00:00Z,2023-07-20T15:29:00Z,1,325TP05,SRP450576
SRR25368210,AMPLICON,502,47657370,PRJNA944997,SAMN36658789,"MIMARKS.survey,MIGS/MIMS/MIMARKS.human-gut",32628756,CORNELL UNIVERSITY,2020-10-06/2021-12-16,public,"fastq,run.zq,sra","gs,ncbi,s3","gs.us-east1,ncbi.public,s3.us-east-1",human body,distal gut,stool,SRX21107471,USA,North America,USA,Homo sapiens,Illumina MiSeq,369TP10.2,42.4440 N 76.5019 W,369TP10.2,PAIRED,PCR,METAGENOMIC,human gut metagenome,ILLUMINA,2025-01-01T00:00:00Z,2023-07-20T15:29:00Z,1,369TP10.2,SRP450576
SRR25368211,AMPLICON,502,26733006,PRJNA944997,SAMN36658246,"MIMARKS.survey,MIGS/MIMS/MIMARKS.human-gut",16324718,CORNELL UNIVERSITY,2020-10-06/2021-12-16,public,"fastq,run.zq,sra","gs,ncbi,s3","gs.us-east1,ncbi.public,s3.us-east-1",human body,distal gut,stool,SRX21107470,USA,North America,USA,Homo sapiens,Illumina MiSeq,369TP10,42.4440 N 76.5019 W,369TP10,PAIRED,PCR,METAGENOMIC,human gut metagenome,ILLUMINA,2025-01-01T00:00:00Z,2023-07-20T15:29:00Z,1,369TP10,SRP450576
SRR25368212,AMPLICON,502,22699436,PRJNA944997,SAMN36658245,"MIMARKS.survey,MIGS/MIMS/MIMARKS.human-gut",13275892,CORNELL UNIVERSITY,2020-10-06/2021-12-16,public,"fastq,run.zq,sra","gs,ncbi,s3","gs.us-east1,ncbi.public,s3.us-east-1",human body,distal gut,stool,SRX21107469,USA,North America,USA,Homo sapiens,Illumina MiSeq,369TP09,42.4440 N 76.5019 W,369TP09,PAIRED,PCR,METAGENOMIC,human gut metagenome,ILLUMINA,2025-01-01T00:00:00Z,2023-07-20T15:29:00Z,1,369TP09,SRP450576
SRR25368213,AMPLICON,502,40111808,PRJNA944997,SAMN36658503,"MIMARKS.survey,MIGS/MIMS/MIMARKS.human-gut",26398751,CORNELL UNIVERSITY,2020-10-06/2021-12-16,public,"fastq,run.zq,sra","gs,ncbi,s3","gs.us-east1,ncbi.public,s3.us-east-1",human body,distal gut,stool,SRX21107468,USA,North America,USA,Homo sapiens,Illumina MiSeq,369TP08,42.4440 N 76.5019 W,369TP08,PAIRED,PCR,METAGENOMIC,human gut metagenome,ILLUMINA,2025-01-01T00:00:00Z,2023-07-20T15:29:00Z,1,369TP08,SRP450576
SRR25368214,AMPLICON,502,41050548,PRJNA944997,SAMN36658774,"MIMARKS.survey,MIGS/MIMS/MIMARKS.human-gut",27657848,CORNELL UNIVERSITY,2020-10-06/2021-12-16,public,"fastq,run.zq,sra","gs,ncbi,s3","gs.us-east1,ncbi.public,s3.us-east-1",human body,distal gut,stool,SRX21107467,USA,North America,USA,Homo sapiens,Illumina MiSeq,369TP07.2,42.4440 N 76.5019 W,369TP07.2,PAIRED,PCR,METAGENOMIC,human gut metagenome,ILLUMINA,2025-01-01T00:00:00Z,2023-07-20T15:29:00Z,1,369TP07.2,SRP450576
SRR25368215,AMPLICON,502,24470994,PRJNA944997,SAMN36658364,"MIMARKS.survey,MIGS/MIMS/MIMARKS.human-gut",14552700,CORNELL UNIVERSITY,2020-10-06/2021-12-16,public,"fastq,run.zq,sra","gs,ncbi,s3","gs.us-east1,ncbi.public,s3.us-east-1",human body,distal gut,stool,SRX21107466,USA,North America,USA,Homo sapiens,Illumina MiSeq,369TP07,42.4440 N 76.5019 W,369TP07,PAIRED,PCR,METAGENOMIC,human gut metagenome,ILLUMINA,2025-01-01T00:00:00Z,2023-07-20T15:29:00Z,1,369TP07,SRP450576
SRR25368216,AMPLICON,502,21511704,PRJNA944997,SAMN36658363,"MIMARKS.survey,MIGS/MIMS/MIMARKS.human-gut",13151532,CORNELL UNIVERSITY,2020-10-06/2021-12-16,public,"fastq,run.zq,sra","gs,ncbi,s3","gs.us-east1,ncbi.public,s3.us-east-1",human body,distal gut,stool,SRX21107465,USA,North America,USA,Homo sapiens,Illumina MiSeq,369TP06,42.4440 N 76.5019 W,369TP06,PAIRED,PCR,METAGENOMIC,human gut metagenome,ILLUMINA,2025-01-01T00:00:00Z,2023-07-20T15:29:00Z,1,369TP06,SRP450576
SRR25368217,AMPLICON,502,29335876,PRJNA944997,SAMN36658568,"MIMARKS.survey,MIGS/MIMS/MIMARKS.human-gut",17420019,CORNELL UNIVERSITY,2020-10-06/2021-12-16,public,"fastq,run.zq,sra","gs,ncbi,s3","gs.us-east1,ncbi.public,s3.us-east-1",human body,distal gut,stool,SRX21107464,USA,North America,USA,Homo sapiens,Illumina MiSeq,369TP05,42.4440 N 76.5019 W,369TP05,PAIRED,PCR,METAGENOMIC,human gut metagenome,ILLUMINA,2025-01-01T00:00:00Z,2023-07-20T15:29:00Z,1,369TP05,SRP450576
SRR25368221,AMPLICON,502,32586828,PRJNA944997,SAMN36658130,"MIMARKS.survey,MIGS/MIMS/MIMARKS.human-gut",20971626,CORNELL UNIVERSITY,2020-10-06/2021-12-16,public,"fastq,run.zq,sra","gs,ncbi,s3","gs.us-east1,ncbi.public,s3.us-east-1",human body,distal gut,stool,SRX21107460,USA,North America,USA,Homo sapiens,Illumina MiSeq,369TP03,42.4440 N 76.5019 W,369TP03,PAIRED,PCR,METAGENOMIC,human gut metagenome,ILLUMINA,2025-01-01T00:00:00Z,2023-07-20T15:29:00Z,1,369TP03,SRP450576
SRR25368222,AMPLICON,502,30756034,PRJNA944997,SAMN36658437,"MIMARKS.survey,MIGS/MIMS/MIMARKS.human-gut",19926813,CORNELL UNIVERSITY,2020-10-06/2021-12-16,public,"fastq,run.zq,sra","gs,ncbi,s3","gs.us-east1,ncbi.public,s3.us-east-1",human body,distal gut,stool,SRX21107459,USA,North America,USA,Homo sapiens,Illumina MiSeq,369TP02,42.4440 N 76.5019 W,369TP02,PAIRED,PCR,METAGENOMIC,human gut metagenome,ILLUMINA,2025-01-01T00:00:00Z,2023-07-20T15:29:00Z,1,369TP02,SRP450576
SRR25368223,AMPLICON,502,24195898,PRJNA944997,SAMN36658023,"MIMARKS.survey,MIGS/MIMS/MIMARKS.human-gut",15272881,CORNELL UNIVERSITY,2020-10-06/2021-12-16,public,"fastq,run.zq,sra","gs,ncbi,s3","gs.us-east1,ncbi.public,s3.us-east-1",human body,distal gut,stool,SRX21107458,USA,North America,USA,Homo sapiens,Illumina MiSeq,369TP01,42.4440 N 76.5019 W,369TP01,PAIRED,PCR,METAGENOMIC,human gut metagenome,ILLUMINA,2025-01-01T00:00:00Z,2023-07-20T15:29:00Z,1,369TP01,SRP450576
SRR25368227,AMPLICON,502,30296202,PRJNA944997,SAMN36658129,"MIMARKS.survey,MIGS/MIMS/MIMARKS.human-gut",17687046,CORNELL UNIVERSITY,2020-10-06/2021-12-16,public,"fastq,run.zq,sra","gs,ncbi,s3","gs.us-east1,ncbi.public,s3.us-east-1",human body,distal gut,stool,SRX21107454,USA,North America,USA,Homo sapiens,Illumina MiSeq,368TP10,42.4440 N 76.5019 W,368TP10,PAIRED,PCR,METAGENOMIC,human gut metagenome,ILLUMINA,2025-01-01T00:00:00Z,2023-07-20T15:29:00Z,1,368TP10,SRP450576
SRR25368228,AMPLICON,502,26204400,PRJNA944997,SAMN36658128,"MIMARKS.survey,MIGS/MIMS/MIMARKS.human-gut",15043538,CORNELL UNIVERSITY,2020-10-06/2021-12-16,public,"fastq,run.zq,sra","gs,ncbi,s3","gs.us-east1,ncbi.public,s3.us-east-1",human body,distal gut,stool,SRX21107453,USA,North America,USA,Homo sapiens,Illumina MiSeq,368TP09,42.4440 N 76.5019 W,368TP09,PAIRED,PCR,METAGENOMIC,human gut metagenome,ILLUMINA,2025-01-01T00:00:00Z,2023-07-20T15:29:00Z,1,368TP09,SRP450576
SRR25368229,AMPLICON,502,30908642,PRJNA944997,SAMN36658436,"MIMARKS.survey,MIGS/MIMS/MIMARKS.human-gut",19933296,CORNELL UNIVERSITY,2020-10-06/2021-12-16,public,"fastq,run.zq,sra","gs,ncbi,s3","gs.us-east1,ncbi.public,s3.us-east-1",human body,distal gut,stool,SRX21107452,USA,North America,USA,Homo sapiens,Illumina MiSeq,368TP08,42.4440 N 76.5019 W,368TP08,PAIRED,PCR,METAGENOMIC,human gut metagenome,ILLUMINA,2025-01-01T00:00:00Z,2023-07-20T15:29:00Z,1,368TP08,SRP450576
SRR25368233,AMPLICON,502,25452906,PRJNA944997,SAMN36658362,"MIMARKS.survey,MIGS/MIMS/MIMARKS.human-gut",15098528,CORNELL UNIVERSITY,2020-10-06/2021-12-16,public,"fastq,run.zq,sra","gs,ncbi,s3","gs.us-east1,ncbi.public,s3.us-east-1",human body,distal gut,stool,SRX21107448,USA,North America,USA,Homo sapiens,Illumina MiSeq,368TP07,42.4440 N 76.5019 W,368TP07,PAIRED,PCR,METAGENOMIC,human gut metagenome,ILLUMINA,2025-01-01T00:00:00Z,2023-07-20T15:29:00Z,1,368TP07,SRP450576
SRR25368234,AMPLICON,502,42334162,PRJNA944997,SAMN36658361,"MIMARKS.survey,MIGS/MIMS/MIMARKS.human-gut",25876449,CORNELL UNIVERSITY,2020-10-06/2021-12-16,public,"fastq,run.zq,sra","gs,ncbi,s3","gs.us-east1,ncbi.public,s3.us-east-1",human body,distal gut,stool,SRX21107447,USA,North America,USA,Homo sapiens,Illumina MiSeq,368TP06,42.4440 N 76.5019 W,368TP06,PAIRED,PCR,METAGENOMIC,human gut metagenome,ILLUMINA,2025-01-01T00:00:00Z,2023-07-20T15:29:00Z,1,368TP06,SRP450576
SRR25368235,AMPLICON,502,27475464,PRJNA944997,SAMN36658567,"MIMARKS.survey,MIGS/MIMS/MIMARKS.human-gut",16130515,CORNELL UNIVERSITY,2020-10-06/2021-12-16,public,"fastq,run.zq,sra","gs,ncbi,s3","gs.us-east1,ncbi.public,s3.us-east-1",human body,distal gut,stool,SRX21107446,USA,North America,USA,Homo sapiens,Illumina MiSeq,368TP05,42.4440 N 76.5019 W,368TP05,PAIRED,PCR,METAGENOMIC,human gut metagenome,ILLUMINA,2025-01-01T00:00:00Z,2023-07-20T15:29:00Z,1,368TP05,SRP450576
SRR25368236,AMPLICON,502,50133736,PRJNA944997,SAMN36658719,"MIMARKS.survey,MIGS/MIMS/MIMARKS.human-gut",33446101,CORNELL UNIVERSITY,2020-10-06/2021-12-16,public,"fastq,run.zq,sra","gs,ncbi,s3","gs.us-east1,ncbi.public,s3.us-east-1",human body,distal gut,stool,SRX21107445,USA,North America,USA,Homo sapiens,Illumina MiSeq,368TP04.2,42.4440 N 76.5019 W,368TP04.2,PAIRED,PCR,METAGENOMIC,human gut metagenome,ILLUMINA,2025-01-01T00:00:00Z,2023-07-20T15:29:00Z,1,368TP04.2,SRP450576
SRR25368237,AMPLICON,502,28663698,PRJNA944997,SAMN36658244,"MIMARKS.survey,MIGS/MIMS/MIMARKS.human-gut",16789677,CORNELL UNIVERSITY,2020-10-06/2021-12-16,public,"fastq,run.zq,sra","gs,ncbi,s3","gs.us-east1,ncbi.public,s3.us-east-1",human body,distal gut,stool,SRX21107444,USA,North America,USA,Homo sapiens,Illumina MiSeq,368TP04,42.4440 N 76.5019 W,368TP04,PAIRED,PCR,METAGENOMIC,human gut metagenome,ILLUMINA,2025-01-01T00:00:00Z,2023-07-20T15:29:00Z,1,368TP04,SRP450576
SRR25368238,AMPLICON,502,40789508,PRJNA944997,SAMN36658243,"MIMARKS.survey,MIGS/MIMS/MIMARKS.human-gut",25110590,CORNELL UNIVERSITY,2020-10-06/2021-12-16,public,"fastq,run.zq,sra","gs,ncbi,s3","gs.us-east1,ncbi.public,s3.us-east-1",human body,distal gut,stool,SRX21107443,USA,North America,USA,Homo sapiens,Illumina MiSeq,368TP03,42.4440 N 76.5019 W,368TP03,PAIRED,PCR,METAGENOMIC,human gut metagenome,ILLUMINA,2025-01-01T00:00:00Z,2023-07-20T15:29:00Z,1,368TP03,SRP450576
SRR25368239,AMPLICON,502,31372992,PRJNA944997,SAMN36658502,"MIMARKS.survey,MIGS/MIMS/MIMARKS.human-gut",20290956,CORNELL UNIVERSITY,2020-10-06/2021-12-16,public,"fastq,run.zq,sra","gs,ncbi,s3","gs.us-east1,ncbi.public,s3.us-east-1",human body,distal gut,stool,SRX21107442,USA,North America,USA,Homo sapiens,Illumina MiSeq,368TP02,42.4440 N 76.5019 W,368TP02,PAIRED,PCR,METAGENOMIC,human gut metagenome,ILLUMINA,2025-01-01T00:00:00Z,2023-07-20T15:29:00Z,1,368TP02,SRP450576
SRR25368240,AMPLICON,502,34585792,PRJNA944997,SAMN36658022,"MIMARKS.survey,MIGS/MIMS/MIMARKS.human-gut",20942172,CORNELL UNIVERSITY,2020-10-06/2021-12-16,public,"fastq,run.zq,sra","gs,ncbi,s3","gs.us-east1,ncbi.public,s3.us-east-1",human body,distal gut,stool,SRX21107441,USA,North America,USA,Homo sapiens,Illumina MiSeq,368TP01,42.4440 N 76.5019 W,368TP01,PAIRED,PCR,METAGENOMIC,human gut metagenome,ILLUMINA,2025-01-01T00:00:00Z,2023-07-20T15:29:00Z,1,368TP01,SRP450576
SRR25368242,AMPLICON,502,29569306,PRJNA944997,SAMN36658495,"MIMARKS.survey,MIGS/MIMS/MIMARKS.human-gut",18508891,CORNELL UNIVERSITY,2020-10-06/2021-12-16,public,"fastq,run.zq,sra","gs,ncbi,s3","gs.us-east1,ncbi.public,s3.us-east-1",human body,distal gut,stool,SRX21107439,USA,North America,USA,Homo sapiens,Illumina MiSeq,360TP02,42.4440 N 76.5019 W,360TP02,PAIRED,PCR,METAGENOMIC,human gut metagenome,ILLUMINA,2025-01-01T00:00:00Z,2023-07-20T15:29:00Z,1,360TP02,SRP450576
SRR25368243,AMPLICON,502,27729476,PRJNA944997,SAMN36658015,"MIMARKS.survey,MIGS/MIMS/MIMARKS.human-gut",16980176,CORNELL UNIVERSITY,2020-10-06/2021-12-16,public,"fastq,run.zq,sra","gs,ncbi,s3","gs.us-east1,ncbi.public,s3.us-east-1",human body,distal gut,stool,SRX21107438,USA,North America,USA,Homo sapiens,Illumina MiSeq,360TP01,42.4440 N 76.5019 W,360TP01,PAIRED,PCR,METAGENOMIC,human gut metagenome,ILLUMINA,2025-01-01T00:00:00Z,2023-07-20T15:29:00Z,1,360TP01,SRP450576
SRR25368244,AMPLICON,502,29842896,PRJNA944997,SAMN36658647,"MIMARKS.survey,MIGS/MIMS/MIMARKS.human-gut",16904239,CORNELL UNIVERSITY,2020-10-06/2021-12-16,public,"fastq,run.zq,sra","gs,ncbi,s3","gs.us-east1,ncbi.public,s3.us-east-1",human body,distal gut,stool,SRX21107437,USA,North America,USA,Homo sapiens,Illumina MiSeq,359TP12,42.4440 N 76.5019 W,359TP12,PAIRED,PCR,METAGENOMIC,human gut metagenome,ILLUMINA,2025-01-01T00:00:00Z,2023-07-20T15:29:00Z,1,359TP12,SRP450576
SRR25368245,AMPLICON,502,40767922,PRJNA944997,SAMN36658646,"MIMARKS.survey,MIGS/MIMS/MIMARKS.human-gut",23790120,CORNELL UNIVERSITY,2020-10-06/2021-12-16,public,"fastq,run.zq,sra","gs,ncbi,s3","gs.us-east1,ncbi.public,s3.us-east-1",human body,distal gut,stool,SRX21107436,USA,North America,USA,Homo sapiens,Illumina MiSeq,359TP11.rerun,42.4440 N 76.5019 W,359TP11.rerun,PAIRED,PCR,METAGENOMIC,human gut metagenome,ILLUMINA,2025-01-01T00:00:00Z,2023-07-20T15:29:00Z,1,359TP11.rerun,SRP450576
SRR25368246,AMPLICON,502,31284640,PRJNA944997,SAMN36658709,"MIMARKS.survey,MIGS/MIMS/MIMARKS.human-gut",18818011,CORNELL UNIVERSITY,2020-10-06/2021-12-16,public,"fastq,run.zq,sra","gs,ncbi,s3","gs.us-east1,ncbi.public,s3.us-east-1",human body,distal gut,stool,SRX21107435,USA,North America,USA,Homo sapiens,Illumina MiSeq,323TP05.2,42.4440 N 76.5019 W,323TP05.2,PAIRED,PCR,METAGENOMIC,human gut metagenome,ILLUMINA,2025-01-01T00:00:00Z,2023-07-20T15:29:00Z,1,323TP05.2,SRP450576
SRR25368247,AMPLICON,502,44890346,PRJNA944997,SAMN36658749,"MIMARKS.survey,MIGS/MIMS/MIMARKS.human-gut",29772897,CORNELL UNIVERSITY,2020-10-06/2021-12-16,public,"fastq,run.zq,sra","gs,ncbi,s3","gs.us-east1,ncbi.public,s3.us-east-1",human body,distal gut,stool,SRX21107434,USA,North America,USA,Homo sapiens,Illumina MiSeq,320TP05.2,42.4440 N 76.5019 W,320TP05.2,PAIRED,PCR,METAGENOMIC,human gut metagenome,ILLUMINA,2025-01-01T00:00:00Z,2023-07-20T15:29:00Z,1,320TP05.2,SRP450576
SRR25368248,AMPLICON,502,33035616,PRJNA944997,SAMN36658702,"MIMARKS.survey,MIGS/MIMS/MIMARKS.human-gut",19580015,CORNELL UNIVERSITY,2020-10-06/2021-12-16,public,"fastq,run.zq,sra","gs,ncbi,s3","gs.us-east1,ncbi.public,s3.us-east-1",human body,distal gut,stool,SRX21107433,USA,North America,USA,Homo sapiens,Illumina MiSeq,359TP10.2,42.4440 N 76.5019 W,359TP10.2,PAIRED,PCR,METAGENOMIC,human gut metagenome,ILLUMINA,2025-01-01T00:00:00Z,2023-07-20T15:29:00Z,1,359TP10.2,SRP450576
SRR25368249,AMPLICON,502,58309308,PRJNA944997,SAMN36658229,"MIMARKS.survey,MIGS/MIMS/MIMARKS.human-gut",39278348,CORNELL UNIVERSITY,2020-10-06/2021-12-16,public,"fastq,run.zq,sra","gs,ncbi,s3","gs.us-east1,ncbi.public,s3.us-east-1",human body,distal gut,stool,SRX21107432,USA,North America,USA,Homo sapiens,Illumina MiSeq,359TP10,42.4440 N 76.5019 W,359TP10,PAIRED,PCR,METAGENOMIC,human gut metagenome,ILLUMINA,2025-01-01T00:00:00Z,2023-07-20T15:29:00Z,1,359TP10,SRP450576
SRR25368250,AMPLICON,502,23369606,PRJNA944997,SAMN36658228,"MIMARKS.survey,MIGS/MIMS/MIMARKS.human-gut",13805124,CORNELL UNIVERSITY,2020-10-06/2021-12-16,public,"fastq,run.zq,sra","gs,ncbi,s3","gs.us-east1,ncbi.public,s3.us-east-1",human body,distal gut,stool,SRX21107431,USA,North America,USA,Homo sapiens,Illumina MiSeq,359TP09,42.4440 N 76.5019 W,359TP09,PAIRED,PCR,METAGENOMIC,human gut metagenome,ILLUMINA,2025-01-01T00:00:00Z,2023-07-20T15:29:00Z,1,359TP09,SRP450576
SRR25368251,AMPLICON,502,48206056,PRJNA944997,SAMN36658494,"MIMARKS.survey,MIGS/MIMS/MIMARKS.human-gut",30710315,CORNELL UNIVERSITY,2020-10-06/2021-12-16,public,"fastq,run.zq,sra","gs,ncbi,s3","gs.us-east1,ncbi.public,s3.us-east-1",human body,distal gut,stool,SRX21107430,USA,North America,USA,Homo sapiens,Illumina MiSeq,359TP08,42.4440 N 76.5019 W,359TP08,PAIRED,PCR,METAGENOMIC,human gut metagenome,ILLUMINA,2025-01-01T00:00:00Z,2023-07-20T15:29:00Z,1,359TP08,SRP450576
SRR25368291,AMPLICON,502,33118948,PRJNA944997,SAMN36658486,"MIMARKS.survey,MIGS/MIMS/MIMARKS.human-gut",21208193,CORNELL UNIVERSITY,2020-10-06/2021-12-16,public,"fastq,run.zq,sra","gs,ncbi,s3","gs.us-east1,ncbi.public,s3.us-east-1",human body,distal gut,stool,SRX21106811,USA,North America,USA,Homo sapiens,Illumina MiSeq,350TP02,42.4440 N 76.5019 W,350TP02,PAIRED,PCR,METAGENOMIC,human gut metagenome,ILLUMINA,2025-01-01T00:00:00Z,2023-07-20T15:36:00Z,1,350TP02,SRP450576
SRR25368292,AMPLICON,502,22430866,PRJNA944997,SAMN36658006,"MIMARKS.survey,MIGS/MIMS/MIMARKS.human-gut",13532016,CORNELL UNIVERSITY,2020-10-06/2021-12-16,public,"fastq,run.zq,sra","gs,ncbi,s3","gs.us-east1,ncbi.public,s3.us-east-1",human body,distal gut,stool,SRX21106810,USA,North America,USA,Homo sapiens,Illumina MiSeq,350TP01,42.4440 N 76.5019 W,350TP01,PAIRED,PCR,METAGENOMIC,human gut metagenome,ILLUMINA,2025-01-01T00:00:00Z,2023-07-20T15:36:00Z,1,350TP01,SRP450576
SRR25368293,AMPLICON,502,30292186,PRJNA944997,SAMN36658631,"MIMARKS.survey,MIGS/MIMS/MIMARKS.human-gut",17289810,CORNELL UNIVERSITY,2020-10-06/2021-12-16,public,"fastq,run.zq,sra","gs,ncbi,s3","gs.us-east1,ncbi.public,s3.us-east-1",human body,distal gut,stool,SRX21107404,USA,North America,USA,Homo sapiens,Illumina MiSeq,349TP12,42.4440 N 76.5019 W,349TP12,PAIRED,PCR,METAGENOMIC,human gut metagenome,ILLUMINA,2025-01-01T00:00:00Z,2023-07-20T15:36:00Z,1,349TP12,SRP450576
SRR25368302,AMPLICON,502,39813620,PRJNA944997,SAMN36658330,"MIMARKS.survey,MIGS/MIMS/MIMARKS.human-gut",24167863,CORNELL UNIVERSITY,2020-10-06/2021-12-16,public,"fastq,run.zq,sra","gs,ncbi,s3","gs.us-east1,ncbi.public,s3.us-east-1",human body,distal gut,stool,SRX21107395,USA,North America,USA,Homo sapiens,Illumina MiSeq,349TP06,42.4440 N 76.5019 W,349TP06,PAIRED,PCR,METAGENOMIC,human gut metagenome,ILLUMINA,2025-01-01T00:00:00Z,2023-07-20T15:36:00Z,1,349TP06,SRP450576
SRR25368304,AMPLICON,502,20731596,PRJNA944997,SAMN36658823,"MIMARKS.survey,MIGS/MIMS/MIMARKS.human-gut",12192689,CORNELL UNIVERSITY,2020-10-06/2021-12-16,public,"fastq,run.zq,sra","gs,ncbi,s3","gs.us-east1,ncbi.public,s3.us-east-1",human body,distal gut,stool,SRX21107393,USA,North America,USA,Homo sapiens,Illumina MiSeq,349TP04.2,42.4440 N 76.5019 W,349TP04.2,PAIRED,PCR,METAGENOMIC,human gut metagenome,ILLUMINA,2025-01-01T00:00:00Z,2023-07-20T15:36:00Z,1,349TP04.2,SRP450576
SRR25368305,AMPLICON,502,20732600,PRJNA944997,SAMN36658546,"MIMARKS.survey,MIGS/MIMS/MIMARKS.human-gut",12077907,CORNELL UNIVERSITY,2020-10-06/2021-12-16,public,"fastq,run.zq,sra","gs,ncbi,s3","gs.us-east1,ncbi.public,s3.us-east-1",human body,distal gut,stool,SRX21107392,USA,North America,USA,Homo sapiens,Illumina MiSeq,344TP05,42.4440 N 76.5019 W,344TP05,PAIRED,PCR,METAGENOMIC,human gut metagenome,ILLUMINA,2025-01-01T00:00:00Z,2023-07-20T15:36:00Z,1,344TP05,SRP450576
SRR25368306,AMPLICON,502,38666048,PRJNA944997,SAMN36658481,"MIMARKS.survey,MIGS/MIMS/MIMARKS.human-gut",24622923,CORNELL UNIVERSITY,2020-10-06/2021-12-16,public,"fastq,run.zq,sra","gs,ncbi,s3","gs.us-east1,ncbi.public,s3.us-east-1",human body,distal gut,stool,SRX21107391,USA,North America,USA,Homo sapiens,Illumina MiSeq,344TP02,42.4440 N 76.5019 W,344TP02,PAIRED,PCR,METAGENOMIC,human gut metagenome,ILLUMINA,2025-01-01T00:00:00Z,2023-07-20T15:36:00Z,1,344TP02,SRP450576
SRR25368307,AMPLICON,502,32320266,PRJNA944997,SAMN36658001,"MIMARKS.survey,MIGS/MIMS/MIMARKS.human-gut",18530777,CORNELL UNIVERSITY,2020-10-06/2021-12-16,public,"fastq,run.zq,sra","gs,ncbi,s3","gs.us-east1,ncbi.public,s3.us-east-1",human body,distal gut,stool,SRX21107390,USA,North America,USA,Homo sapiens,Illumina MiSeq,344TP01,42.4440 N 76.5019 W,344TP01,PAIRED,PCR,METAGENOMIC,human gut metagenome,ILLUMINA,2025-01-01T00:00:00Z,2023-07-20T15:36:00Z,1,344TP01,SRP450576
SRR25368308,AMPLICON,502,32073784,PRJNA944997,SAMN36657980,"MIMARKS.survey,MIGS/MIMS/MIMARKS.human-gut",18237299,CORNELL UNIVERSITY,2020-10-06/2021-12-16,public,"fastq,run.zq,sra","gs,ncbi,s3","gs.us-east1,ncbi.public,s3.us-east-1",human body,distal gut,stool,SRX21107389,USA,North America,USA,Homo sapiens,Illumina MiSeq,322TP01,42.4440 N 76.5019 W,322TP01,PAIRED,PCR,METAGENOMIC,human gut metagenome,ILLUMINA,2025-01-01T00:00:00Z,2023-07-20T15:36:00Z,1,322TP01,SRP450576
SRR25368309,AMPLICON,502,30757038,PRJNA944997,SAMN36658165,"MIMARKS.survey,MIGS/MIMS/MIMARKS.human-gut",18314926,CORNELL UNIVERSITY,2020-10-06/2021-12-16,public,"fastq,run.zq,sra","gs,ncbi,s3","gs.us-east1,ncbi.public,s3.us-east-1",human body,distal gut,stool,SRX21107388,USA,North America,USA,Homo sapiens,Illumina MiSeq,320TP04,42.4440 N 76.5019 W,320TP04,PAIRED,PCR,METAGENOMIC,human gut metagenome,ILLUMINA,2025-01-01T00:00:00Z,2023-07-20T15:36:00Z,1,320TP04,SRP450576
SRR25368310,AMPLICON,502,29702336,PRJNA944997,SAMN36658706,"MIMARKS.survey,MIGS/MIMS/MIMARKS.human-gut",17333700,CORNELL UNIVERSITY,2020-10-06/2021-12-16,public,"fastq,run.zq,sra","gs,ncbi,s3","gs.us-east1,ncbi.public,s3.us-east-1",human body,distal gut,stool,SRX21107387,USA,North America,USA,Homo sapiens,Illumina MiSeq,343TP10.2,42.4440 N 76.5019 W,343TP10.2,PAIRED,PCR,METAGENOMIC,human gut metagenome,ILLUMINA,2025-01-01T00:00:00Z,2023-07-20T15:36:00Z,1,343TP10.2,SRP450576
SRR25368311,AMPLICON,502,50555416,PRJNA944997,SAMN36658203,"MIMARKS.survey,MIGS/MIMS/MIMARKS.human-gut",33596397,CORNELL UNIVERSITY,2020-10-06/2021-12-16,public,"fastq,run.zq,sra","gs,ncbi,s3","gs.us-east1,ncbi.public,s3.us-east-1",human body,distal gut,stool,SRX21107386,USA,North America,USA,Homo sapiens,Illumina MiSeq,343TP10,42.4440 N 76.5019 W,343TP10,PAIRED,PCR,METAGENOMIC,human gut metagenome,ILLUMINA,2025-01-01T00:00:00Z,2023-07-20T15:36:00Z,1,343TP10,SRP450576
SRR25368312,AMPLICON,502,20945448,PRJNA944997,SAMN36658202,"MIMARKS.survey,MIGS/MIMS/MIMARKS.human-gut",12018749,CORNELL UNIVERSITY,2020-10-06/2021-12-16,public,"fastq,run.zq,sra","gs,ncbi,s3","gs.us-east1,ncbi.public,s3.us-east-1",human body,distal gut,stool,SRX21107385,USA,North America,USA,Homo sapiens,Illumina MiSeq,343TP09,42.4440 N 76.5019 W,343TP09,PAIRED,PCR,METAGENOMIC,human gut metagenome,ILLUMINA,2025-01-01T00:00:00Z,2023-07-20T15:36:00Z,1,343TP09,SRP450576
SRR25368313,AMPLICON,502,31842864,PRJNA944997,SAMN36658480,"MIMARKS.survey,MIGS/MIMS/MIMARKS.human-gut",20279094,CORNELL UNIVERSITY,2020-10-06/2021-12-16,public,"fastq,run.zq,sra","gs,ncbi,s3","gs.us-east1,ncbi.public,s3.us-east-1",human body,distal gut,stool,SRX21107384,USA,North America,USA,Homo sapiens,Illumina MiSeq,343TP08,42.4440 N 76.5019 W,343TP08,PAIRED,PCR,METAGENOMIC,human gut metagenome,ILLUMINA,2025-01-01T00:00:00Z,2023-07-20T15:36:00Z,1,343TP08,SRP450576
SRR25368314,AMPLICON,502,24033250,PRJNA944997,SAMN36658772,"MIMARKS.survey,MIGS/MIMS/MIMARKS.human-gut",14084227,CORNELL UNIVERSITY,2020-10-06/2021-12-16,public,"fastq,run.zq,sra","gs,ncbi,s3","gs.us-east1,ncbi.public,s3.us-east-1",human body,distal gut,stool,SRX21107383,USA,North America,USA,Homo sapiens,Illumina MiSeq,343TP07.2,42.4440 N 76.5019 W,343TP07.2,PAIRED,PCR,METAGENOMIC,human gut metagenome,ILLUMINA,2025-01-01T00:00:00Z,2023-07-20T15:36:00Z,1,343TP07.2,SRP450576
SRR25368315,AMPLICON,502,40323652,PRJNA944997,SAMN36658321,"MIMARKS.survey,MIGS/MIMS/MIMARKS.human-gut",26921393,CORNELL UNIVERSITY,2020-10-06/2021-12-16,public,"fastq,run.zq,sra","gs,ncbi,s3","gs.us-east1,ncbi.public,s3.us-east-1",human body,distal gut,stool,SRX21107382,USA,North America,USA,Homo sapiens,Illumina MiSeq,343TP07,42.4440 N 76.5019 W,343TP07,PAIRED,PCR,METAGENOMIC,human gut metagenome,ILLUMINA,2025-01-01T00:00:00Z,2023-07-20T15:36:00Z,1,343TP07,SRP450576
SRR25368316,AMPLICON,502,47210088,PRJNA944997,SAMN36658320,"MIMARKS.survey,MIGS/MIMS/MIMARKS.human-gut",28568907,CORNELL UNIVERSITY,2020-10-06/2021-12-16,public,"fastq,run.zq,sra","gs,ncbi,s3","gs.us-east1,ncbi.public,s3.us-east-1",human body,distal gut,stool,SRX21107381,USA,North America,USA,Homo sapiens,Illumina MiSeq,343TP06,42.4440 N 76.5019 W,343TP06,PAIRED,PCR,METAGENOMIC,human gut metagenome,ILLUMINA,2025-01-01T00:00:00Z,2023-07-20T15:36:00Z,1,343TP06,SRP450576
SRR25368317,AMPLICON,502,30340880,PRJNA944997,SAMN36658545,"MIMARKS.survey,MIGS/MIMS/MIMARKS.human-gut",17699348,CORNELL UNIVERSITY,2020-10-06/2021-12-16,public,"fastq,run.zq,sra","gs,ncbi,s3","gs.us-east1,ncbi.public,s3.us-east-1",human body,distal gut,stool,SRX21107380,USA,North America,USA,Homo sapiens,Illumina MiSeq,343TP05,42.4440 N 76.5019 W,343TP05,PAIRED,PCR,METAGENOMIC,human gut metagenome,ILLUMINA,2025-01-01T00:00:00Z,2023-07-20T15:36:00Z,1,343TP05,SRP450576
SRR25368318,AMPLICON,502,33846848,PRJNA944997,SAMN36658089,"MIMARKS.survey,MIGS/MIMS/MIMARKS.human-gut",21424501,CORNELL UNIVERSITY,2020-10-06/2021-12-16,public,"fastq,run.zq,sra","gs,ncbi,s3","gs.us-east1,ncbi.public,s3.us-east-1",human body,distal gut,stool,SRX21107379,USA,North America,USA,Homo sapiens,Illumina MiSeq,343TP04,42.4440 N 76.5019 W,343TP04,PAIRED,PCR,METAGENOMIC,human gut metagenome,ILLUMINA,2025-01-01T00:00:00Z,2023-07-20T15:36:00Z,1,343TP04,SRP450576
SRR25368319,AMPLICON,502,52170350,PRJNA944997,SAMN36658088,"MIMARKS.survey,MIGS/MIMS/MIMARKS.human-gut",31490413,CORNELL UNIVERSITY,2020-10-06/2021-12-16,public,"fastq,run.zq,sra","gs,ncbi,s3","gs.us-east1,ncbi.public,s3.us-east-1",human body,distal gut,stool,SRX21107378,USA,North America,USA,Homo sapiens,Illumina MiSeq,343TP03,42.4440 N 76.5019 W,343TP03,PAIRED,PCR,METAGENOMIC,human gut metagenome,ILLUMINA,2025-01-01T00:00:00Z,2023-07-20T15:36:00Z,1,343TP03,SRP450576
SRR25368320,AMPLICON,502,37520484,PRJNA944997,SAMN36658590,"MIMARKS.survey,MIGS/MIMS/MIMARKS.human-gut",22006914,CORNELL UNIVERSITY,2020-10-06/2021-12-16,public,"fastq,run.zq,sra","gs,ncbi,s3","gs.us-east1,ncbi.public,s3.us-east-1",human body,distal gut,stool,SRX21107377,USA,North America,USA,Homo sapiens,Illumina MiSeq,321TP12,42.4440 N 76.5019 W,321TP12,PAIRED,PCR,METAGENOMIC,human gut metagenome,ILLUMINA,2025-01-01T00:00:00Z,2023-07-20T15:36:00Z,1,321TP12,SRP450576
SRR25368321,AMPLICON,502,25903702,PRJNA944997,SAMN36658415,"MIMARKS.survey,MIGS/MIMS/MIMARKS.human-gut",16575082,CORNELL UNIVERSITY,2020-10-06/2021-12-16,public,"fastq,run.zq,sra","gs,ncbi,s3","gs.us-east1,ncbi.public,s3.us-east-1",human body,distal gut,stool,SRX21107376,USA,North America,USA,Homo sapiens,Illumina MiSeq,343TP02,42.4440 N 76.5019 W,343TP02,PAIRED,PCR,METAGENOMIC,human gut metagenome,ILLUMINA,2025-01-01T00:00:00Z,2023-07-20T15:36:00Z,1,343TP02,SRP450576
SRR25368322,AMPLICON,502,28147140,PRJNA944997,SAMN36658000,"MIMARKS.survey,MIGS/MIMS/MIMARKS.human-gut",16130260,CORNELL UNIVERSITY,2020-10-06/2021-12-16,public,"fastq,run.zq,sra","gs,ncbi,s3","gs.us-east1,ncbi.public,s3.us-east-1",human body,distal gut,stool,SRX21107375,USA,North America,USA,Homo sapiens,Illumina MiSeq,343TP01,42.4440 N 76.5019 W,343TP01,PAIRED,PCR,METAGENOMIC,human gut metagenome,ILLUMINA,2025-01-01T00:00:00Z,2023-07-20T15:36:00Z,1,343TP01,SRP450576
SRR25368323,AMPLICON,502,29606454,PRJNA944997,SAMN36658621,"MIMARKS.survey,MIGS/MIMS/MIMARKS.human-gut",17644315,CORNELL UNIVERSITY,2020-10-06/2021-12-16,public,"fastq,run.zq,sra","gs,ncbi,s3","gs.us-east1,ncbi.public,s3.us-east-1",human body,distal gut,stool,SRX21107374,USA,North America,USA,Homo sapiens,Illumina MiSeq,342TP12,42.4440 N 76.5019 W,342TP12,PAIRED,PCR,METAGENOMIC,human gut metagenome,ILLUMINA,2025-01-01T00:00:00Z,2023-07-20T15:36:00Z,1,342TP12,SRP450576
SRR25368324,AMPLICON,502,30379032,PRJNA944997,SAMN36658620,"MIMARKS.survey,MIGS/MIMS/MIMARKS.human-gut",17799735,CORNELL UNIVERSITY,2020-10-06/2021-12-16,public,"fastq,run.zq,sra","gs,ncbi,s3","gs.us-east1,ncbi.public,s3.us-east-1",human body,distal gut,stool,SRX21107373,USA,North America,USA,Homo sapiens,Illumina MiSeq,342TP11,42.4440 N 76.5019 W,342TP11,PAIRED,PCR,METAGENOMIC,human gut metagenome,ILLUMINA,2025-01-01T00:00:00Z,2023-07-20T15:36:00Z,1,342TP11,SRP450576
SRR25368325,AMPLICON,502,27582390,PRJNA944997,SAMN36658756,"MIMARKS.survey,MIGS/MIMS/MIMARKS.human-gut",16584962,CORNELL UNIVERSITY,2020-10-06/2021-12-16,public,"fastq,run.zq,sra","gs,ncbi,s3","gs.us-east1,ncbi.public,s3.us-east-1",human body,distal gut,stool,SRX21107372,USA,North America,USA,Homo sapiens,Illumina MiSeq,342TP10.2,42.4440 N 76.5019 W,342TP10.2,PAIRED,PCR,METAGENOMIC,human gut metagenome,ILLUMINA,2025-01-01T00:00:00Z,2023-07-20T15:36:00Z,1,342TP10.2,SRP450576
SRR25368330,AMPLICON,502,33084310,PRJNA944997,SAMN36658319,"MIMARKS.survey,MIGS/MIMS/MIMARKS.human-gut",20099680,CORNELL UNIVERSITY,2020-10-06/2021-12-16,public,"fastq,run.zq,sra","gs,ncbi,s3","gs.us-east1,ncbi.public,s3.us-east-1",human body,distal gut,stool,SRX21107367,USA,North America,USA,Homo sapiens,Illumina MiSeq,342TP07,42.4440 N 76.5019 W,342TP07,PAIRED,PCR,METAGENOMIC,human gut metagenome,ILLUMINA,2025-01-01T00:00:00Z,2023-07-20T15:36:00Z,1,342TP07,SRP450576
SRR25368331,AMPLICON,502,28633076,PRJNA944997,SAMN36658589,"MIMARKS.survey,MIGS/MIMS/MIMARKS.human-gut",17118587,CORNELL UNIVERSITY,2020-10-06/2021-12-16,public,"fastq,run.zq,sra","gs,ncbi,s3","gs.us-east1,ncbi.public,s3.us-east-1",human body,distal gut,stool,SRX21107366,USA,North America,USA,Homo sapiens,Illumina MiSeq,321TP11,42.4440 N 76.5019 W,321TP11,PAIRED,PCR,METAGENOMIC,human gut metagenome,ILLUMINA,2025-01-01T00:00:00Z,2023-07-20T15:36:00Z,1,321TP11,SRP450576
SRR25368332,AMPLICON,502,36832744,PRJNA944997,SAMN36658318,"MIMARKS.survey,MIGS/MIMS/MIMARKS.human-gut",22638435,CORNELL UNIVERSITY,2020-10-06/2021-12-16,public,"fastq,run.zq,sra","gs,ncbi,s3","gs.us-east1,ncbi.public,s3.us-east-1",human body,distal gut,stool,SRX21107365,USA,North America,USA,Homo sapiens,Illumina MiSeq,342TP06,42.4440 N 76.5019 W,342TP06,PAIRED,PCR,METAGENOMIC,human gut metagenome,ILLUMINA,2025-01-01T00:00:00Z,2023-07-20T15:36:00Z,1,342TP06,SRP450576
SRR25367474,AMPLICON,502,39321158,PRJNA944997,SAMN36658472,"MIMARKS.survey,MIGS/MIMS/MIMARKS.human-gut",25480082,CORNELL UNIVERSITY,2020-10-06/2021-12-16,public,"fastq,run.zq,sra","gs,ncbi,s3","gs.us-east1,ncbi.public,s3.us-east-1",human body,distal gut,stool,SRX21107190,USA,North America,USA,Homo sapiens,Illumina MiSeq,335TP08,42.4440 N 76.5019 W,335TP08,PAIRED,PCR,METAGENOMIC,human gut metagenome,ILLUMINA,2025-01-01T00:00:00Z,2023-07-20T15:26:00Z,1,335TP08,SRP450576
SRR25367475,AMPLICON,502,51231108,PRJNA944997,SAMN36658741,"MIMARKS.survey,MIGS/MIMS/MIMARKS.human-gut",34849414,CORNELL UNIVERSITY,2020-10-06/2021-12-16,public,"fastq,run.zq,sra","gs,ncbi,s3","gs.us-east1,ncbi.public,s3.us-east-1",human body,distal gut,stool,SRX21107189,USA,North America,USA,Homo sapiens,Illumina MiSeq,335TP07.2,42.4440 N 76.5019 W,335TP07.2,PAIRED,PCR,METAGENOMIC,human gut metagenome,ILLUMINA,2025-01-01T00:00:00Z,2023-07-20T15:26:00Z,1,335TP07.2,SRP450576
SRR25367476,AMPLICON,502,29472922,PRJNA944997,SAMN36658305,"MIMARKS.survey,MIGS/MIMS/MIMARKS.human-gut",17719689,CORNELL UNIVERSITY,2020-10-06/2021-12-16,public,"fastq,run.zq,sra","gs,ncbi,s3","gs.us-east1,ncbi.public,s3.us-east-1",human body,distal gut,stool,SRX21107188,USA,North America,USA,Homo sapiens,Illumina MiSeq,335TP07,42.4440 N 76.5019 W,335TP07,PAIRED,PCR,METAGENOMIC,human gut metagenome,ILLUMINA,2025-01-01T00:00:00Z,2023-07-20T15:26:00Z,1,335TP07,SRP450576
SRR25367477,AMPLICON,502,45607704,PRJNA944997,SAMN36658304,"MIMARKS.survey,MIGS/MIMS/MIMARKS.human-gut",28078214,CORNELL UNIVERSITY,2020-10-06/2021-12-16,public,"fastq,run.zq,sra","gs,ncbi,s3","gs.us-east1,ncbi.public,s3.us-east-1",human body,distal gut,stool,SRX21107187,USA,North America,USA,Homo sapiens,Illumina MiSeq,335TP06,42.4440 N 76.5019 W,335TP06,PAIRED,PCR,METAGENOMIC,human gut metagenome,ILLUMINA,2025-01-01T00:00:00Z,2023-07-20T15:26:00Z,1,335TP06,SRP450576
SRR25367478,AMPLICON,502,39407000,PRJNA944997,SAMN36658537,"MIMARKS.survey,MIGS/MIMS/MIMARKS.human-gut",25632179,CORNELL UNIVERSITY,2020-10-06/2021-12-16,public,"fastq,run.zq,sra","gs,ncbi,s3","gs.us-east1,ncbi.public,s3.us-east-1",human body,distal gut,stool,SRX21107186,USA,North America,USA,Homo sapiens,Illumina MiSeq,335TP05,42.4440 N 76.5019 W,335TP05,PAIRED,PCR,METAGENOMIC,human gut metagenome,ILLUMINA,2025-01-01T00:00:00Z,2023-07-20T15:26:00Z,1,335TP05,SRP450576
SRR25367479,AMPLICON,502,33753476,PRJNA944997,SAMN36658073,"MIMARKS.survey,MIGS/MIMS/MIMARKS.human-gut",21959181,CORNELL UNIVERSITY,2020-10-06/2021-12-16,public,"fastq,run.zq,sra","gs,ncbi,s3","gs.us-east1,ncbi.public,s3.us-east-1",human body,distal gut,stool,SRX21107185,USA,North America,USA,Homo sapiens,Illumina MiSeq,335TP04,42.4440 N 76.5019 W,335TP04,PAIRED,PCR,METAGENOMIC,human gut metagenome,ILLUMINA,2025-01-01T00:00:00Z,2023-07-20T15:26:00Z,1,335TP04,SRP450576
SRR25367480,AMPLICON,502,36261468,PRJNA944997,SAMN36658051,"MIMARKS.survey,MIGS/MIMS/MIMARKS.human-gut",23555154,CORNELL UNIVERSITY,2020-10-06/2021-12-16,public,"fastq,run.zq,sra","gs,ncbi,s3","gs.us-east1,ncbi.public,s3.us-east-1",human body,distal gut,stool,SRX21107184,USA,North America,USA,Homo sapiens,Illumina MiSeq,321TP04,42.4440 N 76.5019 W,321TP04,PAIRED,PCR,METAGENOMIC,human gut metagenome,ILLUMINA,2025-01-01T00:00:00Z,2023-07-20T15:26:00Z,1,321TP04,SRP450576
SRR25367481,AMPLICON,502,26153698,PRJNA944997,SAMN36658072,"MIMARKS.survey,MIGS/MIMS/MIMARKS.human-gut",15877865,CORNELL UNIVERSITY,2020-10-06/2021-12-16,public,"fastq,run.zq,sra","gs,ncbi,s3","gs.us-east1,ncbi.public,s3.us-east-1",human body,distal gut,stool,SRX21107183,USA,North America,USA,Homo sapiens,Illumina MiSeq,335TP03,42.4440 N 76.5019 W,335TP03,PAIRED,PCR,METAGENOMIC,human gut metagenome,ILLUMINA,2025-01-01T00:00:00Z,2023-07-20T15:26:00Z,1,335TP03,SRP450576
SRR25367482,AMPLICON,502,35816194,PRJNA944997,SAMN36658407,"MIMARKS.survey,MIGS/MIMS/MIMARKS.human-gut",22802544,CORNELL UNIVERSITY,2020-10-06/2021-12-16,public,"fastq,run.zq,sra","gs,ncbi,s3","gs.us-east1,ncbi.public,s3.us-east-1",human body,distal gut,stool,SRX21107182,USA,North America,USA,Homo sapiens,Illumina MiSeq,335TP02,42.4440 N 76.5019 W,335TP02,PAIRED,PCR,METAGENOMIC,human gut metagenome,ILLUMINA,2025-01-01T00:00:00Z,2023-07-20T15:26:00Z,1,335TP02,SRP450576
SRR25367483,AMPLICON,502,23961464,PRJNA944997,SAMN36657992,"MIMARKS.survey,MIGS/MIMS/MIMARKS.human-gut",13948570,CORNELL UNIVERSITY,2020-10-06/2021-12-16,public,"fastq,run.zq,sra","gs,ncbi,s3","gs.us-east1,ncbi.public,s3.us-east-1",human body,distal gut,stool,SRX21107181,USA,North America,USA,Homo sapiens,Illumina MiSeq,335TP01,42.4440 N 76.5019 W,335TP01,PAIRED,PCR,METAGENOMIC,human gut metagenome,ILLUMINA,2025-01-01T00:00:00Z,2023-07-20T15:26:00Z,1,335TP01,SRP450576
SRR25367484,AMPLICON,502,23867088,PRJNA944997,SAMN36658608,"MIMARKS.survey,MIGS/MIMS/MIMARKS.human-gut",13216666,CORNELL UNIVERSITY,2020-10-06/2021-12-16,public,"fastq,run.zq,sra","gs,ncbi,s3","gs.us-east1,ncbi.public,s3.us-east-1",human body,distal gut,stool,SRX21107180,USA,North America,USA,Homo sapiens,Illumina MiSeq,334TP12,42.4440 N 76.5019 W,334TP12,PAIRED,PCR,METAGENOMIC,human gut metagenome,ILLUMINA,2025-01-01T00:00:00Z,2023-07-20T15:26:00Z,1,334TP12,SRP450576
SRR25367485,AMPLICON,502,30137570,PRJNA944997,SAMN36658607,"MIMARKS.survey,MIGS/MIMS/MIMARKS.human-gut",17228291,CORNELL UNIVERSITY,2020-10-06/2021-12-16,public,"fastq,run.zq,sra","gs,ncbi,s3","gs.us-east1,ncbi.public,s3.us-east-1",human body,distal gut,stool,SRX21107179,USA,North America,USA,Homo sapiens,Illumina MiSeq,334TP11,42.4440 N 76.5019 W,334TP11,PAIRED,PCR,METAGENOMIC,human gut metagenome,ILLUMINA,2025-01-01T00:00:00Z,2023-07-20T15:26:00Z,1,334TP11,SRP450576
SRR25367486,AMPLICON,502,30619490,PRJNA944997,SAMN36658071,"MIMARKS.survey,MIGS/MIMS/MIMARKS.human-gut",17869566,CORNELL UNIVERSITY,2020-10-06/2021-12-16,public,"fastq,run.zq,sra","gs,ncbi,s3","gs.us-east1,ncbi.public,s3.us-east-1",human body,distal gut,stool,SRX21107178,USA,North America,USA,Homo sapiens,Illumina MiSeq,334TP10,42.4440 N 76.5019 W,334TP10,PAIRED,PCR,METAGENOMIC,human gut metagenome,ILLUMINA,2025-01-01T00:00:00Z,2023-07-20T15:26:00Z,1,334TP10,SRP450576
SRR25367487,AMPLICON,502,25336944,PRJNA944997,SAMN36658070,"MIMARKS.survey,MIGS/MIMS/MIMARKS.human-gut",14260405,CORNELL UNIVERSITY,2020-10-06/2021-12-16,public,"fastq,run.zq,sra","gs,ncbi,s3","gs.us-east1,ncbi.public,s3.us-east-1",human body,distal gut,stool,SRX21107177,USA,North America,USA,Homo sapiens,Illumina MiSeq,334TP09,42.4440 N 76.5019 W,334TP09,PAIRED,PCR,METAGENOMIC,human gut metagenome,ILLUMINA,2025-01-01T00:00:00Z,2023-07-20T15:26:00Z,1,334TP09,SRP450576
SRR25367488,AMPLICON,502,32214846,PRJNA944997,SAMN36658406,"MIMARKS.survey,MIGS/MIMS/MIMARKS.human-gut",20183971,CORNELL UNIVERSITY,2020-10-06/2021-12-16,public,"fastq,run.zq,sra","gs,ncbi,s3","gs.us-east1,ncbi.public,s3.us-east-1",human body,distal gut,stool,SRX21107176,USA,North America,USA,Homo sapiens,Illumina MiSeq,334TP08,42.4440 N 76.5019 W,334TP08,PAIRED,PCR,METAGENOMIC,human gut metagenome,ILLUMINA,2025-01-01T00:00:00Z,2023-07-20T15:26:00Z,1,334TP08,SRP450576
SRR25367489,AMPLICON,502,27760600,PRJNA944997,SAMN36658721,"MIMARKS.survey,MIGS/MIMS/MIMARKS.human-gut",15886469,CORNELL UNIVERSITY,2020-10-06/2021-12-16,public,"fastq,run.zq,sra","gs,ncbi,s3","gs.us-east1,ncbi.public,s3.us-east-1",human body,distal gut,stool,SRX21107175,USA,North America,USA,Homo sapiens,Illumina MiSeq,334TP07.2,42.4440 N 76.5019 W,334TP07.2,PAIRED,PCR,METAGENOMIC,human gut metagenome,ILLUMINA,2025-01-01T00:00:00Z,2023-07-20T15:26:00Z,1,334TP07.2,SRP450576
SRR25367490,AMPLICON,502,48032866,PRJNA944997,SAMN36658303,"MIMARKS.survey,MIGS/MIMS/MIMARKS.human-gut",31584872,CORNELL UNIVERSITY,2020-10-06/2021-12-16,public,"fastq,run.zq,sra","gs,ncbi,s3","gs.us-east1,ncbi.public,s3.us-east-1",human body,distal gut,stool,SRX21107174,USA,North America,USA,Homo sapiens,Illumina MiSeq,334TP07,42.4440 N 76.5019 W,334TP07,PAIRED,PCR,METAGENOMIC,human gut metagenome,ILLUMINA,2025-01-01T00:00:00Z,2023-07-20T15:26:00Z,1,334TP07,SRP450576
SRR25367491,AMPLICON,502,38172080,PRJNA944997,SAMN36658050,"MIMARKS.survey,MIGS/MIMS/MIMARKS.human-gut",23271240,CORNELL UNIVERSITY,2020-10-06/2021-12-16,public,"fastq,run.zq,sra","gs,ncbi,s3","gs.us-east1,ncbi.public,s3.us-east-1",human body,distal gut,stool,SRX21107173,USA,North America,USA,Homo sapiens,Illumina MiSeq,321TP03,42.4440 N 76.5019 W,321TP03,PAIRED,PCR,METAGENOMIC,human gut metagenome,ILLUMINA,2025-01-01T00:00:00Z,2023-07-20T15:26:00Z,1,321TP03,SRP450576
SRR25367492,AMPLICON,502,34634988,PRJNA944997,SAMN36658302,"MIMARKS.survey,MIGS/MIMS/MIMARKS.human-gut",20676993,CORNELL UNIVERSITY,2020-10-06/2021-12-16,public,"fastq,run.zq,sra","gs,ncbi,s3","gs.us-east1,ncbi.public,s3.us-east-1",human body,distal gut,stool,SRX21107172,USA,North America,USA,Homo sapiens,Illumina MiSeq,334TP06,42.4440 N 76.5019 W,334TP06,PAIRED,PCR,METAGENOMIC,human gut metagenome,ILLUMINA,2025-01-01T00:00:00Z,2023-07-20T15:26:00Z,1,334TP06,SRP450576
SRR25367493,AMPLICON,502,33958292,PRJNA944997,SAMN36658536,"MIMARKS.survey,MIGS/MIMS/MIMARKS.human-gut",21135933,CORNELL UNIVERSITY,2020-10-06/2021-12-16,public,"fastq,run.zq,sra","gs,ncbi,s3","gs.us-east1,ncbi.public,s3.us-east-1",human body,distal gut,stool,SRX21107171,USA,North America,USA,Homo sapiens,Illumina MiSeq,334TP05,42.4440 N 76.5019 W,334TP05,PAIRED,PCR,METAGENOMIC,human gut metagenome,ILLUMINA,2025-01-01T00:00:00Z,2023-07-20T15:26:00Z,1,334TP05,SRP450576
SRR25367494,AMPLICON,502,36387470,PRJNA944997,SAMN36658186,"MIMARKS.survey,MIGS/MIMS/MIMARKS.human-gut",23038224,CORNELL UNIVERSITY,2020-10-06/2021-12-16,public,"fastq,run.zq,sra","gs,ncbi,s3","gs.us-east1,ncbi.public,s3.us-east-1",human body,distal gut,stool,SRX21107170,USA,North America,USA,Homo sapiens,Illumina MiSeq,334TP04,42.4440 N 76.5019 W,334TP04,PAIRED,PCR,METAGENOMIC,human gut metagenome,ILLUMINA,2025-01-01T00:00:00Z,2023-07-20T15:26:00Z,1,334TP04,SRP450576
SRR25367495,AMPLICON,502,21315924,PRJNA944997,SAMN36658185,"MIMARKS.survey,MIGS/MIMS/MIMARKS.human-gut",12805431,CORNELL UNIVERSITY,2020-10-06/2021-12-16,public,"fastq,run.zq,sra","gs,ncbi,s3","gs.us-east1,ncbi.public,s3.us-east-1",human body,distal gut,stool,SRX21107169,USA,North America,USA,Homo sapiens,Illumina MiSeq,334TP03,42.4440 N 76.5019 W,334TP03,PAIRED,PCR,METAGENOMIC,human gut metagenome,ILLUMINA,2025-01-01T00:00:00Z,2023-07-20T15:26:00Z,1,334TP03,SRP450576
SRR25367498,AMPLICON,502,22529760,PRJNA944997,SAMN36658606,"MIMARKS.survey,MIGS/MIMS/MIMARKS.human-gut",12917524,CORNELL UNIVERSITY,2020-10-06/2021-12-16,public,"fastq,run.zq,sra","gs,ncbi,s3","gs.us-east1,ncbi.public,s3.us-east-1",human body,distal gut,stool,SRX21107166,USA,North America,USA,Homo sapiens,Illumina MiSeq,333TP12,42.4440 N 76.5019 W,333TP12,PAIRED,PCR,METAGENOMIC,human gut metagenome,ILLUMINA,2025-01-01T00:00:00Z,2023-07-20T15:26:00Z,1,333TP12,SRP450576
SRR25367499,AMPLICON,502,31905614,PRJNA944997,SAMN36658605,"MIMARKS.survey,MIGS/MIMS/MIMARKS.human-gut",19069708,CORNELL UNIVERSITY,2020-10-06/2021-12-16,public,"fastq,run.zq,sra","gs,ncbi,s3","gs.us-east1,ncbi.public,s3.us-east-1",human body,distal gut,stool,SRX21107165,USA,North America,USA,Homo sapiens,Illumina MiSeq,333TP11.rerun,42.4440 N 76.5019 W,333TP11.rerun,PAIRED,PCR,METAGENOMIC,human gut metagenome,ILLUMINA,2025-01-01T00:00:00Z,2023-07-20T15:26:00Z,1,333TP11.rerun,SRP450576
SRR25367500,AMPLICON,502,31485942,PRJNA944997,SAMN36658184,"MIMARKS.survey,MIGS/MIMS/MIMARKS.human-gut",18641432,CORNELL UNIVERSITY,2020-10-06/2021-12-16,public,"fastq,run.zq,sra","gs,ncbi,s3","gs.us-east1,ncbi.public,s3.us-east-1",human body,distal gut,stool,SRX21107164,USA,North America,USA,Homo sapiens,Illumina MiSeq,333TP10,42.4440 N 76.5019 W,333TP10,PAIRED,PCR,METAGENOMIC,human gut metagenome,ILLUMINA,2025-01-01T00:00:00Z,2023-07-20T15:26:00Z,1,333TP10,SRP450576
SRR25367501,AMPLICON,502,20716536,PRJNA944997,SAMN36658183,"MIMARKS.survey,MIGS/MIMS/MIMARKS.human-gut",11766789,CORNELL UNIVERSITY,2020-10-06/2021-12-16,public,"fastq,run.zq,sra","gs,ncbi,s3","gs.us-east1,ncbi.public,s3.us-east-1",human body,distal gut,stool,SRX21107163,USA,North America,USA,Homo sapiens,Illumina MiSeq,333TP09,42.4440 N 76.5019 W,333TP09,PAIRED,PCR,METAGENOMIC,human gut metagenome,ILLUMINA,2025-01-01T00:00:00Z,2023-07-20T15:26:00Z,1,333TP09,SRP450576
SRR25367504,AMPLICON,502,45225682,PRJNA944997,SAMN36658451,"MIMARKS.survey,MIGS/MIMS/MIMARKS.human-gut",29066320,CORNELL UNIVERSITY,2020-10-06/2021-12-16,public,"fastq,run.zq,sra","gs,ncbi,s3","gs.us-east1,ncbi.public,s3.us-east-1",human body,distal gut,stool,SRX21107160,USA,North America,USA,Homo sapiens,Illumina MiSeq,388TP08,42.4440 N 76.5019 W,388TP08,PAIRED,PCR,METAGENOMIC,human gut metagenome,ILLUMINA,2025-01-01T00:00:00Z,2023-07-20T15:26:00Z,1,388TP08,SRP450576
SRR25367506,AMPLICON,502,12833630,PRJNA944997,SAMN36658384,"MIMARKS.survey,MIGS/MIMS/MIMARKS.human-gut",7212657,CORNELL UNIVERSITY,2020-10-06/2021-12-16,public,"fastq,run.zq,sra","gs,ncbi,s3","gs.us-east1,ncbi.public,s3.us-east-1",human body,distal gut,stool,SRX21107158,USA,North America,USA,Homo sapiens,Illumina MiSeq,388TP07,42.4440 N 76.5019 W,388TP07,PAIRED,PCR,METAGENOMIC,human gut metagenome,ILLUMINA,2025-01-01T00:00:00Z,2023-07-20T15:26:00Z,1,388TP07,SRP450576
SRR25367507,AMPLICON,502,41736280,PRJNA944997,SAMN36658288,"MIMARKS.survey,MIGS/MIMS/MIMARKS.human-gut",25254490,CORNELL UNIVERSITY,2020-10-06/2021-12-16,public,"fastq,run.zq,sra","gs,ncbi,s3","gs.us-east1,ncbi.public,s3.us-east-1",human body,distal gut,stool,SRX21107157,USA,North America,USA,Homo sapiens,Illumina MiSeq,326TP06,42.4440 N 76.5019 W,326TP06,PAIRED,PCR,METAGENOMIC,human gut metagenome,ILLUMINA,2025-01-01T00:00:00Z,2023-07-20T15:26:00Z,1,326TP06,SRP450576
SRR25367508,AMPLICON,502,47528858,PRJNA944997,SAMN36658383,"MIMARKS.survey,MIGS/MIMS/MIMARKS.human-gut",28605943,CORNELL UNIVERSITY,2020-10-06/2021-12-16,public,"fastq,run.zq,sra","gs,ncbi,s3","gs.us-east1,ncbi.public,s3.us-east-1",human body,distal gut,stool,SRX21107156,USA,North America,USA,Homo sapiens,Illumina MiSeq,388TP06,42.4440 N 76.5019 W,388TP06,PAIRED,PCR,METAGENOMIC,human gut metagenome,ILLUMINA,2025-01-01T00:00:00Z,2023-07-20T15:26:00Z,1,388TP06,SRP450576
SRR25367509,AMPLICON,502,23515186,PRJNA944997,SAMN36658580,"MIMARKS.survey,MIGS/MIMS/MIMARKS.human-gut",13495994,CORNELL UNIVERSITY,2020-10-06/2021-12-16,public,"fastq,run.zq,sra","gs,ncbi,s3","gs.us-east1,ncbi.public,s3.us-east-1",human body,distal gut,stool,SRX21107155,USA,North America,USA,Homo sapiens,Illumina MiSeq,388TP05,42.4440 N 76.5019 W,388TP05,PAIRED,PCR,METAGENOMIC,human gut metagenome,ILLUMINA,2025-01-01T00:00:00Z,2023-07-20T15:26:00Z,1,388TP05,SRP450576
SRR25367510,AMPLICON,502,17762266,PRJNA944997,SAMN36658835,"MIMARKS.survey,MIGS/MIMS/MIMARKS.human-gut",10174351,CORNELL UNIVERSITY,2020-10-06/2021-12-16,public,"fastq,run.zq,sra","gs,ncbi,s3","gs.us-east1,ncbi.public,s3.us-east-1",human body,distal gut,stool,SRX21107154,USA,North America,USA,Homo sapiens,Illumina MiSeq,388TP04.2,42.4440 N 76.5019 W,388TP04.2,PAIRED,PCR,METAGENOMIC,human gut metagenome,ILLUMINA,2025-01-01T00:00:00Z,2023-07-20T15:26:00Z,1,388TP04.2,SRP450576
SRR25367511,AMPLICON,502,30405638,PRJNA944997,SAMN36658270,"MIMARKS.survey,MIGS/MIMS/MIMARKS.human-gut",20067397,CORNELL UNIVERSITY,2020-10-06/2021-12-16,public,"fastq,run.zq,sra","gs,ncbi,s3","gs.us-east1,ncbi.public,s3.us-east-1",human body,distal gut,stool,SRX21107153,USA,North America,USA,Homo sapiens,Illumina MiSeq,388TP04,42.4440 N 76.5019 W,388TP04,PAIRED,PCR,METAGENOMIC,human gut metagenome,ILLUMINA,2025-01-01T00:00:00Z,2023-07-20T15:26:00Z,1,388TP04,SRP450576
SRR25367512,AMPLICON,502,36695698,PRJNA944997,SAMN36658269,"MIMARKS.survey,MIGS/MIMS/MIMARKS.human-gut",23418144,CORNELL UNIVERSITY,2020-10-06/2021-12-16,public,"fastq,run.zq,sra","gs,ncbi,s3","gs.us-east1,ncbi.public,s3.us-east-1",human body,distal gut,stool,SRX21107152,USA,North America,USA,Homo sapiens,Illumina MiSeq,388TP03,42.4440 N 76.5019 W,388TP03,PAIRED,PCR,METAGENOMIC,human gut metagenome,ILLUMINA,2025-01-01T00:00:00Z,2023-07-20T15:26:00Z,1,388TP03,SRP450576
SRR25367513,AMPLICON,502,34452260,PRJNA944997,SAMN36658516,"MIMARKS.survey,MIGS/MIMS/MIMARKS.human-gut",22485692,CORNELL UNIVERSITY,2020-10-06/2021-12-16,public,"fastq,run.zq,sra","gs,ncbi,s3","gs.us-east1,ncbi.public,s3.us-east-1",human body,distal gut,stool,SRX21107151,USA,North America,USA,Homo sapiens,Illumina MiSeq,388TP02,42.4440 N 76.5019 W,388TP02,PAIRED,PCR,METAGENOMIC,human gut metagenome,ILLUMINA,2025-01-01T00:00:00Z,2023-07-20T15:26:00Z,1,388TP02,SRP450576
SRR25367514,AMPLICON,502,29843398,PRJNA944997,SAMN36658040,"MIMARKS.survey,MIGS/MIMS/MIMARKS.human-gut",17884537,CORNELL UNIVERSITY,2020-10-06/2021-12-16,public,"fastq,run.zq,sra","gs,ncbi,s3","gs.us-east1,ncbi.public,s3.us-east-1",human body,distal gut,stool,SRX21107150,USA,North America,USA,Homo sapiens,Illumina MiSeq,388TP01,42.4440 N 76.5019 W,388TP01,PAIRED,PCR,METAGENOMIC,human gut metagenome,ILLUMINA,2025-01-01T00:00:00Z,2023-07-20T15:26:00Z,1,388TP01,SRP450576
SRR25367515,AMPLICON,502,26004102,PRJNA944997,SAMN36658682,"MIMARKS.survey,MIGS/MIMS/MIMARKS.human-gut",14964166,CORNELL UNIVERSITY,2020-10-06/2021-12-16,public,"fastq,run.zq,sra","gs,ncbi,s3","gs.us-east1,ncbi.public,s3.us-east-1",human body,distal gut,stool,SRX21107149,USA,North America,USA,Homo sapiens,Illumina MiSeq,387TP12.rerun,42.4440 N 76.5019 W,387TP12.rerun,PAIRED,PCR,METAGENOMIC,human gut metagenome,ILLUMINA,2025-01-01T00:00:00Z,2023-07-20T15:26:00Z,1,387TP12.rerun,SRP450576
SRR25367516,AMPLICON,502,37022500,PRJNA944997,SAMN36658681,"MIMARKS.survey,MIGS/MIMS/MIMARKS.human-gut",22523638,CORNELL UNIVERSITY,2020-10-06/2021-12-16,public,"fastq,run.zq,sra","gs,ncbi,s3","gs.us-east1,ncbi.public,s3.us-east-1",human body,distal gut,stool,SRX21107148,USA,North America,USA,Homo sapiens,Illumina MiSeq,387TP11,42.4440 N 76.5019 W,387TP11,PAIRED,PCR,METAGENOMIC,human gut metagenome,ILLUMINA,2025-01-01T00:00:00Z,2023-07-20T15:26:00Z,1,387TP11,SRP450576
SRR25367517,AMPLICON,502,50269778,PRJNA944997,SAMN36658808,"MIMARKS.survey,MIGS/MIMS/MIMARKS.human-gut",34161933,CORNELL UNIVERSITY,2020-10-06/2021-12-16,public,"fastq,run.zq,sra","gs,ncbi,s3","gs.us-east1,ncbi.public,s3.us-east-1",human body,distal gut,stool,SRX21107147,USA,North America,USA,Homo sapiens,Illumina MiSeq,387TP10.2,42.4440 N 76.5019 W,387TP10.2,PAIRED,PCR,METAGENOMIC,human gut metagenome,ILLUMINA,2025-01-01T00:00:00Z,2023-07-20T15:26:00Z,1,387TP10.2,SRP450576
SRR25367518,AMPLICON,502,43691068,PRJNA944997,SAMN36658773,"MIMARKS.survey,MIGS/MIMS/MIMARKS.human-gut",29305316,CORNELL UNIVERSITY,2020-10-06/2021-12-16,public,"fastq,run.zq,sra","gs,ncbi,s3","gs.us-east1,ncbi.public,s3.us-east-1",human body,distal gut,stool,SRX21107146,USA,North America,USA,Homo sapiens,Illumina MiSeq,326TP05.2,42.4440 N 76.5019 W,326TP05.2,PAIRED,PCR,METAGENOMIC,human gut metagenome,ILLUMINA,2025-01-01T00:00:00Z,2023-07-20T15:26:00Z,1,326TP05.2,SRP450576
SRR25367519,AMPLICON,502,27839916,PRJNA944997,SAMN36658268,"MIMARKS.survey,MIGS/MIMS/MIMARKS.human-gut",16997493,CORNELL UNIVERSITY,2020-10-06/2021-12-16,public,"fastq,run.zq,sra","gs,ncbi,s3","gs.us-east1,ncbi.public,s3.us-east-1",human body,distal gut,stool,SRX21107145,USA,North America,USA,Homo sapiens,Illumina MiSeq,387TP10,42.4440 N 76.5019 W,387TP10,PAIRED,PCR,METAGENOMIC,human gut metagenome,ILLUMINA,2025-01-01T00:00:00Z,2023-07-20T15:26:00Z,1,387TP10,SRP450576
SRR25367520,AMPLICON,502,23182862,PRJNA944997,SAMN36658267,"MIMARKS.survey,MIGS/MIMS/MIMARKS.human-gut",13587936,CORNELL UNIVERSITY,2020-10-06/2021-12-16,public,"fastq,run.zq,sra","gs,ncbi,s3","gs.us-east1,ncbi.public,s3.us-east-1",human body,distal gut,stool,SRX21107144,USA,North America,USA,Homo sapiens,Illumina MiSeq,387TP09,42.4440 N 76.5019 W,387TP09,PAIRED,PCR,METAGENOMIC,human gut metagenome,ILLUMINA,2025-01-01T00:00:00Z,2023-07-20T15:26:00Z,1,387TP09,SRP450576
SRR25367525,AMPLICON,502,25075402,PRJNA944997,SAMN36658579,"MIMARKS.survey,MIGS/MIMS/MIMARKS.human-gut",14314157,CORNELL UNIVERSITY,2020-10-06/2021-12-16,public,"fastq,run.zq,sra","gs,ncbi,s3","gs.us-east1,ncbi.public,s3.us-east-1",human body,distal gut,stool,SRX21107139,USA,North America,USA,Homo sapiens,Illumina MiSeq,387TP05,42.4440 N 76.5019 W,387TP05,PAIRED,PCR,METAGENOMIC,human gut metagenome,ILLUMINA,2025-01-01T00:00:00Z,2023-07-20T15:26:00Z,1,387TP05,SRP450576
SRR25367526,AMPLICON,502,44195578,PRJNA944997,SAMN36658152,"MIMARKS.survey,MIGS/MIMS/MIMARKS.human-gut",28189657,CORNELL UNIVERSITY,2020-10-06/2021-12-16,public,"fastq,run.zq,sra","gs,ncbi,s3","gs.us-east1,ncbi.public,s3.us-east-1",human body,distal gut,stool,SRX21107138,USA,North America,USA,Homo sapiens,Illumina MiSeq,387TP03,42.4440 N 76.5019 W,387TP03,PAIRED,PCR,METAGENOMIC,human gut metagenome,ILLUMINA,2025-01-01T00:00:00Z,2023-07-20T15:26:00Z,1,387TP03,SRP450576
SRR25367527,AMPLICON,502,25079418,PRJNA944997,SAMN36658450,"MIMARKS.survey,MIGS/MIMS/MIMARKS.human-gut",16234108,CORNELL UNIVERSITY,2020-10-06/2021-12-16,public,"fastq,run.zq,sra","gs,ncbi,s3","gs.us-east1,ncbi.public,s3.us-east-1",human body,distal gut,stool,SRX21107137,USA,North America,USA,Homo sapiens,Illumina MiSeq,387TP02,42.4440 N 76.5019 W,387TP02,PAIRED,PCR,METAGENOMIC,human gut metagenome,ILLUMINA,2025-01-01T00:00:00Z,2023-07-20T15:26:00Z,1,387TP02,SRP450576
SRR25367528,AMPLICON,502,32358920,PRJNA944997,SAMN36658039,"MIMARKS.survey,MIGS/MIMS/MIMARKS.human-gut",18956489,CORNELL UNIVERSITY,2020-10-06/2021-12-16,public,"fastq,run.zq,sra","gs,ncbi,s3","gs.us-east1,ncbi.public,s3.us-east-1",human body,distal gut,stool,SRX21107136,USA,North America,USA,Homo sapiens,Illumina MiSeq,387TP01.rerun,42.4440 N 76.5019 W,387TP01.rerun,PAIRED,PCR,METAGENOMIC,human gut metagenome,ILLUMINA,2025-01-01T00:00:00Z,2023-07-20T15:26:00Z,1,387TP01.rerun,SRP450576
SRR25367529,AMPLICON,502,24546796,PRJNA944997,SAMN36658528,"MIMARKS.survey,MIGS/MIMS/MIMARKS.human-gut",14406177,CORNELL UNIVERSITY,2020-10-06/2021-12-16,public,"fastq,run.zq,sra","gs,ncbi,s3","gs.us-east1,ncbi.public,s3.us-east-1",human body,distal gut,stool,SRX21107135,USA,North America,USA,Homo sapiens,Illumina MiSeq,326TP05,42.4440 N 76.5019 W,326TP05,PAIRED,PCR,METAGENOMIC,human gut metagenome,ILLUMINA,2025-01-01T00:00:00Z,2023-07-20T15:26:00Z,1,326TP05,SRP450576
SRR25367556,AMPLICON,502,40896434,PRJNA944997,SAMN36658370,"MIMARKS.survey,MIGS/MIMS/MIMARKS.human-gut",27307174,CORNELL UNIVERSITY,2020-10-06/2021-12-16,public,"fastq,run.zq,sra","gs,ncbi,s3","gs.us-east1,ncbi.public,s3.us-east-1",human body,distal gut,stool,SRX21107108,USA,North America,USA,Homo sapiens,Illumina MiSeq,372TP07,42.4440 N 76.5019 W,372TP07,PAIRED,PCR,METAGENOMIC,human gut metagenome,ILLUMINA,2025-01-01T00:00:00Z,2023-07-20T15:26:00Z,1,372TP07,SRP450576
SRR25367560,AMPLICON,502,44082628,PRJNA944997,SAMN36658252,"MIMARKS.survey,MIGS/MIMS/MIMARKS.human-gut",29442012,CORNELL UNIVERSITY,2020-10-06/2021-12-16,public,"fastq,run.zq,sra","gs,ncbi,s3","gs.us-east1,ncbi.public,s3.us-east-1",human body,distal gut,stool,SRX21107104,USA,North America,USA,Homo sapiens,Illumina MiSeq,372TP04,42.4440 N 76.5019 W,372TP04,PAIRED,PCR,METAGENOMIC,human gut metagenome,ILLUMINA,2025-01-01T00:00:00Z,2023-07-20T15:26:00Z,1,372TP04,SRP450576
SRR25367566,AMPLICON,502,29153650,PRJNA944997,SAMN36658287,"MIMARKS.survey,MIGS/MIMS/MIMARKS.human-gut",17278611,CORNELL UNIVERSITY,2020-10-06/2021-12-16,public,"fastq,run.zq,sra","gs,ncbi,s3","gs.us-east1,ncbi.public,s3.us-east-1",human body,distal gut,stool,SRX21107098,USA,North America,USA,Homo sapiens,Illumina MiSeq,325TP07,42.4440 N 76.5019 W,325TP07,PAIRED,PCR,METAGENOMIC,human gut metagenome,ILLUMINA,2025-01-01T00:00:00Z,2023-07-20T15:26:00Z,1,325TP07,SRP450576
SRR25367567,AMPLICON,502,25344976,PRJNA944997,SAMN36658654,"MIMARKS.survey,MIGS/MIMS/MIMARKS.human-gut",15558639,CORNELL UNIVERSITY,2020-10-06/2021-12-16,public,"fastq,run.zq,sra","gs,ncbi,s3","gs.us-east1,ncbi.public,s3.us-east-1",human body,distal gut,stool,SRX21107097,USA,North America,USA,Homo sapiens,Illumina MiSeq,364TP11,42.4440 N 76.5019 W,364TP11,PAIRED,PCR,METAGENOMIC,human gut metagenome,ILLUMINA,2025-01-01T00:00:00Z,2023-07-20T15:26:00Z,1,364TP11,SRP450576
SRR25367568,AMPLICON,502,29795206,PRJNA944997,SAMN36658433,"MIMARKS.survey,MIGS/MIMS/MIMARKS.human-gut",19321133,CORNELL UNIVERSITY,2020-10-06/2021-12-16,public,"fastq,run.zq,sra","gs,ncbi,s3","gs.us-east1,ncbi.public,s3.us-east-1",human body,distal gut,stool,SRX21107096,USA,North America,USA,Homo sapiens,Illumina MiSeq,364TP08,42.4440 N 76.5019 W,364TP08,PAIRED,PCR,METAGENOMIC,human gut metagenome,ILLUMINA,2025-01-01T00:00:00Z,2023-07-20T15:26:00Z,1,364TP08,SRP450576
SRR25367574,AMPLICON,502,28509082,PRJNA944997,SAMN36658238,"MIMARKS.survey,MIGS/MIMS/MIMARKS.human-gut",17376295,CORNELL UNIVERSITY,2020-10-06/2021-12-16,public,"fastq,run.zq,sra","gs,ncbi,s3","gs.us-east1,ncbi.public,s3.us-east-1",human body,distal gut,stool,SRX21107090,USA,North America,USA,Homo sapiens,Illumina MiSeq,364TP03,42.4440 N 76.5019 W,364TP03,PAIRED,PCR,METAGENOMIC,human gut metagenome,ILLUMINA,2025-01-01T00:00:00Z,2023-07-20T15:26:00Z,1,364TP03,SRP450576
SRR25367575,AMPLICON,502,33918634,PRJNA944997,SAMN36658499,"MIMARKS.survey,MIGS/MIMS/MIMARKS.human-gut",21652992,CORNELL UNIVERSITY,2020-10-06/2021-12-16,public,"fastq,run.zq,sra","gs,ncbi,s3","gs.us-east1,ncbi.public,s3.us-east-1",human body,distal gut,stool,SRX21107089,USA,North America,USA,Homo sapiens,Illumina MiSeq,364TP02,42.4440 N 76.5019 W,364TP02,PAIRED,PCR,METAGENOMIC,human gut metagenome,ILLUMINA,2025-01-01T00:00:00Z,2023-07-20T15:26:00Z,1,364TP02,SRP450576
SRR25367576,AMPLICON,502,29445312,PRJNA944997,SAMN36658019,"MIMARKS.survey,MIGS/MIMS/MIMARKS.human-gut",17269936,CORNELL UNIVERSITY,2020-10-06/2021-12-16,public,"fastq,run.zq,sra","gs,ncbi,s3","gs.us-east1,ncbi.public,s3.us-east-1",human body,distal gut,stool,SRX21107088,USA,North America,USA,Homo sapiens,Illumina MiSeq,364TP01.rerun,42.4440 N 76.5019 W,364TP01.rerun,PAIRED,PCR,METAGENOMIC,human gut metagenome,ILLUMINA,2025-01-01T00:00:00Z,2023-07-20T15:26:00Z,1,364TP01.rerun,SRP450576
SRR25367577,AMPLICON,502,27842928,PRJNA944997,SAMN36658653,"MIMARKS.survey,MIGS/MIMS/MIMARKS.human-gut",16078204,CORNELL UNIVERSITY,2020-10-06/2021-12-16,public,"fastq,run.zq,sra","gs,ncbi,s3","gs.us-east1,ncbi.public,s3.us-east-1",human body,distal gut,stool,SRX21107087,USA,North America,USA,Homo sapiens,Illumina MiSeq,363TP12,42.4440 N 76.5019 W,363TP12,PAIRED,PCR,METAGENOMIC,human gut metagenome,ILLUMINA,2025-01-01T00:00:00Z,2023-07-20T15:26:00Z,1,363TP12,SRP450576
SRR25367578,AMPLICON,502,37360346,PRJNA944997,SAMN36658652,"MIMARKS.survey,MIGS/MIMS/MIMARKS.human-gut",23100665,CORNELL UNIVERSITY,2020-10-06/2021-12-16,public,"fastq,run.zq,sra","gs,ncbi,s3","gs.us-east1,ncbi.public,s3.us-east-1",human body,distal gut,stool,SRX21107086,USA,North America,USA,Homo sapiens,Illumina MiSeq,363TP11,42.4440 N 76.5019 W,363TP11,PAIRED,PCR,METAGENOMIC,human gut metagenome,ILLUMINA,2025-01-01T00:00:00Z,2023-07-20T15:26:00Z,1,363TP11,SRP450576
SRR25367579,AMPLICON,502,20496158,PRJNA944997,SAMN36658836,"MIMARKS.survey,MIGS/MIMS/MIMARKS.human-gut",12410981,CORNELL UNIVERSITY,2020-10-06/2021-12-16,public,"fastq,run.zq,sra","gs,ncbi,s3","gs.us-east1,ncbi.public,s3.us-east-1",human body,distal gut,stool,SRX21107085,USA,North America,USA,Homo sapiens,Illumina MiSeq,363TP10.2,42.4440 N 76.5019 W,363TP10.2,PAIRED,PCR,METAGENOMIC,human gut metagenome,ILLUMINA,2025-01-01T00:00:00Z,2023-07-20T15:26:00Z,1,363TP10.2,SRP450576
SRR25367580,AMPLICON,502,35685674,PRJNA944997,SAMN36658237,"MIMARKS.survey,MIGS/MIMS/MIMARKS.human-gut",24377557,CORNELL UNIVERSITY,2020-10-06/2021-12-16,public,"fastq,run.zq,sra","gs,ncbi,s3","gs.us-east1,ncbi.public,s3.us-east-1",human body,distal gut,stool,SRX21107084,USA,North America,USA,Homo sapiens,Illumina MiSeq,363TP10,42.4440 N 76.5019 W,363TP10,PAIRED,PCR,METAGENOMIC,human gut metagenome,ILLUMINA,2025-01-01T00:00:00Z,2023-07-20T15:26:00Z,1,363TP10,SRP450576
SRR25367597,AMPLICON,502,23550828,PRJNA944997,SAMN36658121,"MIMARKS.survey,MIGS/MIMS/MIMARKS.human-gut",13694177,CORNELL UNIVERSITY,2020-10-06/2021-12-16,public,"fastq,run.zq,sra","gs,ncbi,s3","gs.us-east1,ncbi.public,s3.us-east-1",human body,distal gut,stool,SRX21107067,USA,North America,USA,Homo sapiens,Illumina MiSeq,362TP10,42.4440 N 76.5019 W,362TP10,PAIRED,PCR,METAGENOMIC,human gut metagenome,ILLUMINA,2025-01-01T00:00:00Z,2023-07-20T15:26:00Z,1,362TP10,SRP450576
SRR25367598,AMPLICON,502,19546876,PRJNA944997,SAMN36658120,"MIMARKS.survey,MIGS/MIMS/MIMARKS.human-gut",11462696,CORNELL UNIVERSITY,2020-10-06/2021-12-16,public,"fastq,run.zq,sra","gs,ncbi,s3","gs.us-east1,ncbi.public,s3.us-east-1",human body,distal gut,stool,SRX21107066,USA,North America,USA,Homo sapiens,Illumina MiSeq,362TP09.rerun,42.4440 N 76.5019 W,362TP09.rerun,PAIRED,PCR,METAGENOMIC,human gut metagenome,ILLUMINA,2025-01-01T00:00:00Z,2023-07-20T15:26:00Z,1,362TP09.rerun,SRP450576
SRR25367599,AMPLICON,502,21377168,PRJNA944997,SAMN36658820,"MIMARKS.survey,MIGS/MIMS/MIMARKS.human-gut",12527554,CORNELL UNIVERSITY,2020-10-06/2021-12-16,public,"fastq,run.zq,sra","gs,ncbi,s3","gs.us-east1,ncbi.public,s3.us-east-1",human body,distal gut,stool,SRX21106829,USA,North America,USA,Homo sapiens,Illumina MiSeq,356TP04.2,42.4440 N 76.5019 W,356TP04.2,PAIRED,PCR,METAGENOMIC,human gut metagenome,ILLUMINA,2025-01-01T00:00:00Z,2023-07-20T15:26:00Z,1,356TP04.2,SRP450576
SRR25367600,AMPLICON,502,36616382,PRJNA944997,SAMN36658223,"MIMARKS.survey,MIGS/MIMS/MIMARKS.human-gut",24471336,CORNELL UNIVERSITY,2020-10-06/2021-12-16,public,"fastq,run.zq,sra","gs,ncbi,s3","gs.us-east1,ncbi.public,s3.us-east-1",human body,distal gut,stool,SRX21106828,USA,North America,USA,Homo sapiens,Illumina MiSeq,356TP04,42.4440 N 76.5019 W,356TP04,PAIRED,PCR,METAGENOMIC,human gut metagenome,ILLUMINA,2025-01-01T00:00:00Z,2023-07-20T15:26:00Z,1,356TP04,SRP450576
SRR25367601,AMPLICON,502,41694112,PRJNA944997,SAMN36658222,"MIMARKS.survey,MIGS/MIMS/MIMARKS.human-gut",25343143,CORNELL UNIVERSITY,2020-10-06/2021-12-16,public,"fastq,run.zq,sra","gs,ncbi,s3","gs.us-east1,ncbi.public,s3.us-east-1",human body,distal gut,stool,SRX21106827,USA,North America,USA,Homo sapiens,Illumina MiSeq,356TP03,42.4440 N 76.5019 W,356TP03,PAIRED,PCR,METAGENOMIC,human gut metagenome,ILLUMINA,2025-01-01T00:00:00Z,2023-07-20T15:26:00Z,1,356TP03,SRP450576
SRR25367615,AMPLICON,502,35776034,PRJNA944997,SAMN36658799,"MIMARKS.survey,MIGS/MIMS/MIMARKS.human-gut",23889098,CORNELL UNIVERSITY,2020-10-06/2021-12-16,public,"fastq,run.zq,sra","gs,ncbi,s3","gs.us-east1,ncbi.public,s3.us-east-1",human body,distal gut,stool,SRX21107053,USA,North America,USA,Homo sapiens,Illumina MiSeq,355TP04.2,42.4440 N 76.5019 W,355TP04.2,PAIRED,PCR,METAGENOMIC,human gut metagenome,ILLUMINA,2025-01-01T00:00:00Z,2023-07-20T15:26:00Z,1,355TP04.2,SRP450576
SRR25367616,AMPLICON,502,21710496,PRJNA944997,SAMN36658109,"MIMARKS.survey,MIGS/MIMS/MIMARKS.human-gut",12574948,CORNELL UNIVERSITY,2020-10-06/2021-12-16,public,"fastq,run.zq,sra","gs,ncbi,s3","gs.us-east1,ncbi.public,s3.us-east-1",human body,distal gut,stool,SRX21107052,USA,North America,USA,Homo sapiens,Illumina MiSeq,355TP04,42.4440 N 76.5019 W,355TP04,PAIRED,PCR,METAGENOMIC,human gut metagenome,ILLUMINA,2025-01-01T00:00:00Z,2023-07-20T15:26:00Z,1,355TP04,SRP450576
SRR25367617,AMPLICON,502,37355326,PRJNA944997,SAMN36658108,"MIMARKS.survey,MIGS/MIMS/MIMARKS.human-gut",23116128,CORNELL UNIVERSITY,2020-10-06/2021-12-16,public,"fastq,run.zq,sra","gs,ncbi,s3","gs.us-east1,ncbi.public,s3.us-east-1",human body,distal gut,stool,SRX21107051,USA,North America,USA,Homo sapiens,Illumina MiSeq,355TP03,42.4440 N 76.5019 W,355TP03,PAIRED,PCR,METAGENOMIC,human gut metagenome,ILLUMINA,2025-01-01T00:00:00Z,2023-07-20T15:26:00Z,1,355TP03,SRP450576
SRR25367618,AMPLICON,502,28596430,PRJNA944997,SAMN36658591,"MIMARKS.survey,MIGS/MIMS/MIMARKS.human-gut",16764130,CORNELL UNIVERSITY,2020-10-06/2021-12-16,public,"fastq,run.zq,sra","gs,ncbi,s3","gs.us-east1,ncbi.public,s3.us-east-1",human body,distal gut,stool,SRX21107050,USA,North America,USA,Homo sapiens,Illumina MiSeq,322TP11.rerun,42.4440 N 76.5019 W,322TP11.rerun,PAIRED,PCR,METAGENOMIC,human gut metagenome,ILLUMINA,2025-01-01T00:00:00Z,2023-07-20T15:26:00Z,1,322TP11.rerun,SRP450576
SRR25367619,AMPLICON,502,26218456,PRJNA944997,SAMN36658425,"MIMARKS.survey,MIGS/MIMS/MIMARKS.human-gut",16774210,CORNELL UNIVERSITY,2020-10-06/2021-12-16,public,"fastq,run.zq,sra","gs,ncbi,s3","gs.us-east1,ncbi.public,s3.us-east-1",human body,distal gut,stool,SRX21107049,USA,North America,USA,Homo sapiens,Illumina MiSeq,355TP02,42.4440 N 76.5019 W,355TP02,PAIRED,PCR,METAGENOMIC,human gut metagenome,ILLUMINA,2025-01-01T00:00:00Z,2023-07-20T15:26:00Z,1,355TP02,SRP450576
SRR25367620,AMPLICON,502,25488548,PRJNA944997,SAMN36658010,"MIMARKS.survey,MIGS/MIMS/MIMARKS.human-gut",15380246,CORNELL UNIVERSITY,2020-10-06/2021-12-16,public,"fastq,run.zq,sra","gs,ncbi,s3","gs.us-east1,ncbi.public,s3.us-east-1",human body,distal gut,stool,SRX21107048,USA,North America,USA,Homo sapiens,Illumina MiSeq,355TP01,42.4440 N 76.5019 W,355TP01,PAIRED,PCR,METAGENOMIC,human gut metagenome,ILLUMINA,2025-01-01T00:00:00Z,2023-07-20T15:26:00Z,1,355TP01,SRP450576
SRR25367621,AMPLICON,502,27600462,PRJNA944997,SAMN36658637,"MIMARKS.survey,MIGS/MIMS/MIMARKS.human-gut",16178552,CORNELL UNIVERSITY,2020-10-06/2021-12-16,public,"fastq,run.zq,sra","gs,ncbi,s3","gs.us-east1,ncbi.public,s3.us-east-1",human body,distal gut,stool,SRX21107047,USA,North America,USA,Homo sapiens,Illumina MiSeq,353TP12,42.4440 N 76.5019 W,353TP12,PAIRED,PCR,METAGENOMIC,human gut metagenome,ILLUMINA,2025-01-01T00:00:00Z,2023-07-20T15:26:00Z,1,353TP12,SRP450576
SRR25367622,AMPLICON,502,26477488,PRJNA944997,SAMN36658636,"MIMARKS.survey,MIGS/MIMS/MIMARKS.human-gut",15511287,CORNELL UNIVERSITY,2020-10-06/2021-12-16,public,"fastq,run.zq,sra","gs,ncbi,s3","gs.us-east1,ncbi.public,s3.us-east-1",human body,distal gut,stool,SRX21107046,USA,North America,USA,Homo sapiens,Illumina MiSeq,353TP11,42.4440 N 76.5019 W,353TP11,PAIRED,PCR,METAGENOMIC,human gut metagenome,ILLUMINA,2025-01-01T00:00:00Z,2023-07-20T15:26:00Z,1,353TP11,SRP450576
SRR25367623,AMPLICON,502,28799740,PRJNA944997,SAMN36658718,"MIMARKS.survey,MIGS/MIMS/MIMARKS.human-gut",17057764,CORNELL UNIVERSITY,2020-10-06/2021-12-16,public,"fastq,run.zq,sra","gs,ncbi,s3","gs.us-east1,ncbi.public,s3.us-east-1",human body,distal gut,stool,SRX21107045,USA,North America,USA,Homo sapiens,Illumina MiSeq,353TP10.2,42.4440 N 76.5019 W,353TP10.2,PAIRED,PCR,METAGENOMIC,human gut metagenome,ILLUMINA,2025-01-01T00:00:00Z,2023-07-20T15:26:00Z,1,353TP10.2,SRP450576
SRR25367624,AMPLICON,502,48825524,PRJNA944997,SAMN36658219,"MIMARKS.survey,MIGS/MIMS/MIMARKS.human-gut",32893847,CORNELL UNIVERSITY,2020-10-06/2021-12-16,public,"fastq,run.zq,sra","gs,ncbi,s3","gs.us-east1,ncbi.public,s3.us-east-1",human body,distal gut,stool,SRX21107044,USA,North America,USA,Homo sapiens,Illumina MiSeq,353TP10,42.4440 N 76.5019 W,353TP10,PAIRED,PCR,METAGENOMIC,human gut metagenome,ILLUMINA,2025-01-01T00:00:00Z,2023-07-20T15:27:00Z,1,353TP10,SRP450576
SRR25367625,AMPLICON,502,22028262,PRJNA944997,SAMN36658218,"MIMARKS.survey,MIGS/MIMS/MIMARKS.human-gut",13247523,CORNELL UNIVERSITY,2020-10-06/2021-12-16,public,"fastq,run.zq,sra","gs,ncbi,s3","gs.us-east1,ncbi.public,s3.us-east-1",human body,distal gut,stool,SRX21107043,USA,North America,USA,Homo sapiens,Illumina MiSeq,353TP09.rerun,42.4440 N 76.5019 W,353TP09.rerun,PAIRED,PCR,METAGENOMIC,human gut metagenome,ILLUMINA,2025-01-01T00:00:00Z,2023-07-20T15:26:00Z,1,353TP09.rerun,SRP450576
SRR25367628,AMPLICON,502,24634144,PRJNA944997,SAMN36658554,"MIMARKS.survey,MIGS/MIMS/MIMARKS.human-gut",14471267,CORNELL UNIVERSITY,2020-10-06/2021-12-16,public,"fastq,run.zq,sra","gs,ncbi,s3","gs.us-east1,ncbi.public,s3.us-east-1",human body,distal gut,stool,SRX21107040,USA,North America,USA,Homo sapiens,Illumina MiSeq,353TP05,42.4440 N 76.5019 W,353TP05,PAIRED,PCR,METAGENOMIC,human gut metagenome,ILLUMINA,2025-01-01T00:00:00Z,2023-07-20T15:26:00Z,1,353TP05,SRP450576
SRR25367630,AMPLICON,502,28550748,PRJNA944997,SAMN36658737,"MIMARKS.survey,MIGS/MIMS/MIMARKS.human-gut",16990361,CORNELL UNIVERSITY,2020-10-06/2021-12-16,public,"fastq,run.zq,sra","gs,ncbi,s3","gs.us-east1,ncbi.public,s3.us-east-1",human body,distal gut,stool,SRX21107038,USA,North America,USA,Homo sapiens,Illumina MiSeq,353TP04.2,42.4440 N 76.5019 W,353TP04.2,PAIRED,PCR,METAGENOMIC,human gut metagenome,ILLUMINA,2025-01-01T00:00:00Z,2023-07-20T15:26:00Z,1,353TP04.2,SRP450576
SRR25367631,AMPLICON,502,40282990,PRJNA944997,SAMN36658196,"MIMARKS.survey,MIGS/MIMS/MIMARKS.human-gut",24640996,CORNELL UNIVERSITY,2020-10-06/2021-12-16,public,"fastq,run.zq,sra","gs,ncbi,s3","gs.us-east1,ncbi.public,s3.us-east-1",human body,distal gut,stool,SRX21107037,USA,North America,USA,Homo sapiens,Illumina MiSeq,340TP03,42.4440 N 76.5019 W,340TP03,PAIRED,PCR,METAGENOMIC,human gut metagenome,ILLUMINA,2025-01-01T00:00:00Z,2023-07-20T15:26:00Z,1,340TP03,SRP450576
SRR25367633,AMPLICON,502,23500628,PRJNA944997,SAMN36657997,"MIMARKS.survey,MIGS/MIMS/MIMARKS.human-gut",13220073,CORNELL UNIVERSITY,2020-10-06/2021-12-16,public,"fastq,run.zq,sra","gs,ncbi,s3","gs.us-east1,ncbi.public,s3.us-east-1",human body,distal gut,stool,SRX21107035,USA,North America,USA,Homo sapiens,Illumina MiSeq,340TP01,42.4440 N 76.5019 W,340TP01,PAIRED,PCR,METAGENOMIC,human gut metagenome,ILLUMINA,2025-01-01T00:00:00Z,2023-07-20T15:26:00Z,1,340TP01,SRP450576
SRR25367638,AMPLICON,502,50416362,PRJNA944997,SAMN36658195,"MIMARKS.survey,MIGS/MIMS/MIMARKS.human-gut",33960654,CORNELL UNIVERSITY,2020-10-06/2021-12-16,public,"fastq,run.zq,sra","gs,ncbi,s3","gs.us-east1,ncbi.public,s3.us-east-1",human body,distal gut,stool,SRX21107030,USA,North America,USA,Homo sapiens,Illumina MiSeq,339TP10,42.4440 N 76.5019 W,339TP10,PAIRED,PCR,METAGENOMIC,human gut metagenome,ILLUMINA,2025-01-01T00:00:00Z,2023-07-20T15:27:00Z,1,339TP10,SRP450576
SRR25367639,AMPLICON,502,23711468,PRJNA944997,SAMN36658194,"MIMARKS.survey,MIGS/MIMS/MIMARKS.human-gut",13816394,CORNELL UNIVERSITY,2020-10-06/2021-12-16,public,"fastq,run.zq,sra","gs,ncbi,s3","gs.us-east1,ncbi.public,s3.us-east-1",human body,distal gut,stool,SRX21107029,USA,North America,USA,Homo sapiens,Illumina MiSeq,339TP09,42.4440 N 76.5019 W,339TP09,PAIRED,PCR,METAGENOMIC,human gut metagenome,ILLUMINA,2025-01-01T00:00:00Z,2023-07-20T15:26:00Z,1,339TP09,SRP450576
SRR25367640,AMPLICON,502,46029886,PRJNA944997,SAMN36658476,"MIMARKS.survey,MIGS/MIMS/MIMARKS.human-gut",30159771,CORNELL UNIVERSITY,2020-10-06/2021-12-16,public,"fastq,run.zq,sra","gs,ncbi,s3","gs.us-east1,ncbi.public,s3.us-east-1",human body,distal gut,stool,SRX21107028,USA,North America,USA,Homo sapiens,Illumina MiSeq,339TP08,42.4440 N 76.5019 W,339TP08,PAIRED,PCR,METAGENOMIC,human gut metagenome,ILLUMINA,2025-01-01T00:00:00Z,2023-07-20T15:26:00Z,1,339TP08,SRP450576
SRR25367641,AMPLICON,502,62154126,PRJNA944997,SAMN36658693,"MIMARKS.survey,MIGS/MIMS/MIMARKS.human-gut",41541299,CORNELL UNIVERSITY,2020-10-06/2021-12-16,public,"fastq,run.zq,sra","gs,ncbi,s3","gs.us-east1,ncbi.public,s3.us-east-1",human body,distal gut,stool,SRX21107027,USA,North America,USA,Homo sapiens,Illumina MiSeq,339TP07.2,42.4440 N 76.5019 W,339TP07.2,PAIRED,PCR,METAGENOMIC,human gut metagenome,ILLUMINA,2025-01-01T00:00:00Z,2023-07-20T15:26:00Z,1,339TP07.2,SRP450576
SRR25367642,AMPLICON,502,35421622,PRJNA944997,SAMN36658313,"MIMARKS.survey,MIGS/MIMS/MIMARKS.human-gut",20822129,CORNELL UNIVERSITY,2020-10-06/2021-12-16,public,"fastq,run.zq,sra","gs,ncbi,s3","gs.us-east1,ncbi.public,s3.us-east-1",human body,distal gut,stool,SRX21107026,USA,North America,USA,Homo sapiens,Illumina MiSeq,339TP07,42.4440 N 76.5019 W,339TP07,PAIRED,PCR,METAGENOMIC,human gut metagenome,ILLUMINA,2025-01-01T00:00:00Z,2023-07-20T15:26:00Z,1,339TP07,SRP450576
SRR25367643,AMPLICON,502,50519774,PRJNA944997,SAMN36658312,"MIMARKS.survey,MIGS/MIMS/MIMARKS.human-gut",31326967,CORNELL UNIVERSITY,2020-10-06/2021-12-16,public,"fastq,run.zq,sra","gs,ncbi,s3","gs.us-east1,ncbi.public,s3.us-east-1",human body,distal gut,stool,SRX21107025,USA,North America,USA,Homo sapiens,Illumina MiSeq,339TP06,42.4440 N 76.5019 W,339TP06,PAIRED,PCR,METAGENOMIC,human gut metagenome,ILLUMINA,2025-01-01T00:00:00Z,2023-07-20T15:26:00Z,1,339TP06,SRP450576
SRR25367644,AMPLICON,502,28967408,PRJNA944997,SAMN36658722,"MIMARKS.survey,MIGS/MIMS/MIMARKS.human-gut",17015908,CORNELL UNIVERSITY,2020-10-06/2021-12-16,public,"fastq,run.zq,sra","gs,ncbi,s3","gs.us-east1,ncbi.public,s3.us-east-1",human body,distal gut,stool,SRX21107024,USA,North America,USA,Homo sapiens,Illumina MiSeq,339TP05.2,42.4440 N 76.5019 W,339TP05.2,PAIRED,PCR,METAGENOMIC,human gut metagenome,ILLUMINA,2025-01-01T00:00:00Z,2023-07-20T15:26:00Z,1,339TP05.2,SRP450576
SRR25367646,AMPLICON,502,41598732,PRJNA944997,SAMN36658081,"MIMARKS.survey,MIGS/MIMS/MIMARKS.human-gut",26917807,CORNELL UNIVERSITY,2020-10-06/2021-12-16,public,"fastq,run.zq,sra","gs,ncbi,s3","gs.us-east1,ncbi.public,s3.us-east-1",human body,distal gut,stool,SRX21107022,USA,North America,USA,Homo sapiens,Illumina MiSeq,339TP04,42.4440 N 76.5019 W,339TP04,PAIRED,PCR,METAGENOMIC,human gut metagenome,ILLUMINA,2025-01-01T00:00:00Z,2023-07-20T15:26:00Z,1,339TP04,SRP450576
SRR25367653,AMPLICON,502,25423790,PRJNA944997,SAMN36658078,"MIMARKS.survey,MIGS/MIMS/MIMARKS.human-gut",14828096,CORNELL UNIVERSITY,2020-10-06/2021-12-16,public,"fastq,run.zq,sra","gs,ncbi,s3","gs.us-east1,ncbi.public,s3.us-east-1",human body,distal gut,stool,SRX21107015,USA,North America,USA,Homo sapiens,Illumina MiSeq,338TP09.rerun,42.4440 N 76.5019 W,338TP09.rerun,PAIRED,PCR,METAGENOMIC,human gut metagenome,ILLUMINA,2025-01-01T00:00:00Z,2023-07-20T15:26:00Z,1,338TP09.rerun,SRP450576
SRR25367654,AMPLICON,502,39477782,PRJNA944997,SAMN36658410,"MIMARKS.survey,MIGS/MIMS/MIMARKS.human-gut",25328190,CORNELL UNIVERSITY,2020-10-06/2021-12-16,public,"fastq,run.zq,sra","gs,ncbi,s3","gs.us-east1,ncbi.public,s3.us-east-1",human body,distal gut,stool,SRX21107014,USA,North America,USA,Homo sapiens,Illumina MiSeq,338TP08,42.4440 N 76.5019 W,338TP08,PAIRED,PCR,METAGENOMIC,human gut metagenome,ILLUMINA,2025-01-01T00:00:00Z,2023-07-20T15:26:00Z,1,338TP08,SRP450576
SRR25367655,AMPLICON,502,34586294,PRJNA944997,SAMN36658828,"MIMARKS.survey,MIGS/MIMS/MIMARKS.human-gut",23095017,CORNELL UNIVERSITY,2020-10-06/2021-12-16,public,"fastq,run.zq,sra","gs,ncbi,s3","gs.us-east1,ncbi.public,s3.us-east-1",human body,distal gut,stool,SRX21107013,USA,North America,USA,Homo sapiens,Illumina MiSeq,338TP07.2,42.4440 N 76.5019 W,338TP07.2,PAIRED,PCR,METAGENOMIC,human gut metagenome,ILLUMINA,2025-01-01T00:00:00Z,2023-07-20T15:26:00Z,1,338TP07.2,SRP450576
SRR25367656,AMPLICON,502,20248170,PRJNA944997,SAMN36658311,"MIMARKS.survey,MIGS/MIMS/MIMARKS.human-gut",11830435,CORNELL UNIVERSITY,2020-10-06/2021-12-16,public,"fastq,run.zq,sra","gs,ncbi,s3","gs.us-east1,ncbi.public,s3.us-east-1",human body,distal gut,stool,SRX21107012,USA,North America,USA,Homo sapiens,Illumina MiSeq,338TP07,42.4440 N 76.5019 W,338TP07,PAIRED,PCR,METAGENOMIC,human gut metagenome,ILLUMINA,2025-01-01T00:00:00Z,2023-07-20T15:26:00Z,1,338TP07,SRP450576
SRR25367657,AMPLICON,502,33674662,PRJNA944997,SAMN36658310,"MIMARKS.survey,MIGS/MIMS/MIMARKS.human-gut",20382599,CORNELL UNIVERSITY,2020-10-06/2021-12-16,public,"fastq,run.zq,sra","gs,ncbi,s3","gs.us-east1,ncbi.public,s3.us-east-1",human body,distal gut,stool,SRX21107011,USA,North America,USA,Homo sapiens,Illumina MiSeq,338TP06,42.4440 N 76.5019 W,338TP06,PAIRED,PCR,METAGENOMIC,human gut metagenome,ILLUMINA,2025-01-01T00:00:00Z,2023-07-20T15:26:00Z,1,338TP06,SRP450576
SRR25367658,AMPLICON,502,46300464,PRJNA944997,SAMN36658802,"MIMARKS.survey,MIGS/MIMS/MIMARKS.human-gut",31458734,CORNELL UNIVERSITY,2020-10-06/2021-12-16,public,"fastq,run.zq,sra","gs,ncbi,s3","gs.us-east1,ncbi.public,s3.us-east-1",human body,distal gut,stool,SRX21107010,USA,North America,USA,Homo sapiens,Illumina MiSeq,338TP05.2,42.4440 N 76.5019 W,338TP05.2,PAIRED,PCR,METAGENOMIC,human gut metagenome,ILLUMINA,2025-01-01T00:00:00Z,2023-07-20T15:26:00Z,1,338TP05.2,SRP450576
SRR25367659,AMPLICON,502,56598994,PRJNA944997,SAMN36658281,"MIMARKS.survey,MIGS/MIMS/MIMARKS.human-gut",38225239,CORNELL UNIVERSITY,2020-10-06/2021-12-16,public,"fastq,run.zq,sra","gs,ncbi,s3","gs.us-east1,ncbi.public,s3.us-east-1",human body,distal gut,stool,SRX21107009,USA,North America,USA,Homo sapiens,Illumina MiSeq,321TP07,42.4440 N 76.5019 W,321TP07,PAIRED,PCR,METAGENOMIC,human gut metagenome,ILLUMINA,2025-01-01T00:00:00Z,2023-07-20T15:27:00Z,1,321TP07,SRP450576
SRR25367660,AMPLICON,502,25228010,PRJNA944997,SAMN36658540,"MIMARKS.survey,MIGS/MIMS/MIMARKS.human-gut",15148809,CORNELL UNIVERSITY,2020-10-06/2021-12-16,public,"fastq,run.zq,sra","gs,ncbi,s3","gs.us-east1,ncbi.public,s3.us-east-1",human body,distal gut,stool,SRX21107008,USA,North America,USA,Homo sapiens,Illumina MiSeq,338TP05,42.4440 N 76.5019 W,338TP05,PAIRED,PCR,METAGENOMIC,human gut metagenome,ILLUMINA,2025-01-01T00:00:00Z,2023-07-20T15:26:00Z,1,338TP05,SRP450576
SRR25367661,AMPLICON,502,31474898,PRJNA944997,SAMN36658193,"MIMARKS.survey,MIGS/MIMS/MIMARKS.human-gut",19378592,CORNELL UNIVERSITY,2020-10-06/2021-12-16,public,"fastq,run.zq,sra","gs,ncbi,s3","gs.us-east1,ncbi.public,s3.us-east-1",human body,distal gut,stool,SRX21107007,USA,North America,USA,Homo sapiens,Illumina MiSeq,338TP03,42.4440 N 76.5019 W,338TP03,PAIRED,PCR,METAGENOMIC,human gut metagenome,ILLUMINA,2025-01-01T00:00:00Z,2023-07-20T15:26:00Z,1,338TP03,SRP450576
SRR25367662,AMPLICON,502,39158008,PRJNA944997,SAMN36658475,"MIMARKS.survey,MIGS/MIMS/MIMARKS.human-gut",25279690,CORNELL UNIVERSITY,2020-10-06/2021-12-16,public,"fastq,run.zq,sra","gs,ncbi,s3","gs.us-east1,ncbi.public,s3.us-east-1",human body,distal gut,stool,SRX21107006,USA,North America,USA,Homo sapiens,Illumina MiSeq,338TP02,42.4440 N 76.5019 W,338TP02,PAIRED,PCR,METAGENOMIC,human gut metagenome,ILLUMINA,2025-01-01T00:00:00Z,2023-07-20T15:26:00Z,1,338TP02,SRP450576
SRR25367676,AMPLICON,502,52568938,PRJNA944997,SAMN36658298,"MIMARKS.survey,MIGS/MIMS/MIMARKS.human-gut",32003516,CORNELL UNIVERSITY,2020-10-06/2021-12-16,public,"fastq,run.zq,sra","gs,ncbi,s3","gs.us-east1,ncbi.public,s3.us-east-1",human body,distal gut,stool,SRX21106992,USA,North America,USA,Homo sapiens,Illumina MiSeq,332TP06,42.4440 N 76.5019 W,332TP06,PAIRED,PCR,METAGENOMIC,human gut metagenome,ILLUMINA,2025-01-01T00:00:00Z,2023-07-20T15:26:00Z,1,332TP06,SRP450576
SRR25367677,AMPLICON,502,21222050,PRJNA944997,SAMN36658534,"MIMARKS.survey,MIGS/MIMS/MIMARKS.human-gut",13314291,CORNELL UNIVERSITY,2020-10-06/2021-12-16,public,"fastq,run.zq,sra","gs,ncbi,s3","gs.us-east1,ncbi.public,s3.us-east-1",human body,distal gut,stool,SRX21106991,USA,North America,USA,Homo sapiens,Illumina MiSeq,332TP05,42.4440 N 76.5019 W,332TP05,PAIRED,PCR,METAGENOMIC,human gut metagenome,ILLUMINA,2025-01-01T00:00:00Z,2023-07-20T15:26:00Z,1,332TP05,SRP450576
SRR25367685,AMPLICON,502,35430658,PRJNA944997,SAMN36658180,"MIMARKS.survey,MIGS/MIMS/MIMARKS.human-gut",20590391,CORNELL UNIVERSITY,2020-10-06/2021-12-16,public,"fastq,run.zq,sra","gs,ncbi,s3","gs.us-east1,ncbi.public,s3.us-east-1",human body,distal gut,stool,SRX21106983,USA,North America,USA,Homo sapiens,Illumina MiSeq,331TP10,42.4440 N 76.5019 W,331TP10,PAIRED,PCR,METAGENOMIC,human gut metagenome,ILLUMINA,2025-01-01T00:00:00Z,2023-07-20T15:27:00Z,1,331TP10,SRP450576
SRR25367686,AMPLICON,502,22951942,PRJNA944997,SAMN36658179,"MIMARKS.survey,MIGS/MIMS/MIMARKS.human-gut",12886040,CORNELL UNIVERSITY,2020-10-06/2021-12-16,public,"fastq,run.zq,sra","gs,ncbi,s3","gs.us-east1,ncbi.public,s3.us-east-1",human body,distal gut,stool,SRX21106982,USA,North America,USA,Homo sapiens,Illumina MiSeq,331TP09,42.4440 N 76.5019 W,331TP09,PAIRED,PCR,METAGENOMIC,human gut metagenome,ILLUMINA,2025-01-01T00:00:00Z,2023-07-20T15:26:00Z,1,331TP09,SRP450576
SRR25367687,AMPLICON,502,41907462,PRJNA944997,SAMN36658468,"MIMARKS.survey,MIGS/MIMS/MIMARKS.human-gut",27153261,CORNELL UNIVERSITY,2020-10-06/2021-12-16,public,"fastq,run.zq,sra","gs,ncbi,s3","gs.us-east1,ncbi.public,s3.us-east-1",human body,distal gut,stool,SRX21106981,USA,North America,USA,Homo sapiens,Illumina MiSeq,331TP08,42.4440 N 76.5019 W,331TP08,PAIRED,PCR,METAGENOMIC,human gut metagenome,ILLUMINA,2025-01-01T00:00:00Z,2023-07-20T15:26:00Z,1,331TP08,SRP450576
SRR25367689,AMPLICON,502,41826138,PRJNA944997,SAMN36658297,"MIMARKS.survey,MIGS/MIMS/MIMARKS.human-gut",28328774,CORNELL UNIVERSITY,2020-10-06/2021-12-16,public,"fastq,run.zq,sra","gs,ncbi,s3","gs.us-east1,ncbi.public,s3.us-east-1",human body,distal gut,stool,SRX21106979,USA,North America,USA,Homo sapiens,Illumina MiSeq,331TP07,42.4440 N 76.5019 W,331TP07,PAIRED,PCR,METAGENOMIC,human gut metagenome,ILLUMINA,2025-01-01T00:00:00Z,2023-07-20T15:27:00Z,1,331TP07,SRP450576
SRR25367690,AMPLICON,502,37588756,PRJNA944997,SAMN36658296,"MIMARKS.survey,MIGS/MIMS/MIMARKS.human-gut",22884116,CORNELL UNIVERSITY,2020-10-06/2021-12-16,public,"fastq,run.zq,sra","gs,ncbi,s3","gs.us-east1,ncbi.public,s3.us-east-1",human body,distal gut,stool,SRX21106978,USA,North America,USA,Homo sapiens,Illumina MiSeq,331TP06,42.4440 N 76.5019 W,331TP06,PAIRED,PCR,METAGENOMIC,human gut metagenome,ILLUMINA,2025-01-01T00:00:00Z,2023-07-20T15:26:00Z,1,331TP06,SRP450576
SRR25367691,AMPLICON,502,33972850,PRJNA944997,SAMN36658533,"MIMARKS.survey,MIGS/MIMS/MIMARKS.human-gut",21643900,CORNELL UNIVERSITY,2020-10-06/2021-12-16,public,"fastq,run.zq,sra","gs,ncbi,s3","gs.us-east1,ncbi.public,s3.us-east-1",human body,distal gut,stool,SRX21106977,USA,North America,USA,Homo sapiens,Illumina MiSeq,331TP05,42.4440 N 76.5019 W,331TP05,PAIRED,PCR,METAGENOMIC,human gut metagenome,ILLUMINA,2025-01-01T00:00:00Z,2023-07-20T15:26:00Z,1,331TP05,SRP450576
SRR25367692,AMPLICON,502,37572692,PRJNA944997,SAMN36658067,"MIMARKS.survey,MIGS/MIMS/MIMARKS.human-gut",24017034,CORNELL UNIVERSITY,2020-10-06/2021-12-16,public,"fastq,run.zq,sra","gs,ncbi,s3","gs.us-east1,ncbi.public,s3.us-east-1",human body,distal gut,stool,SRX21106976,USA,North America,USA,Homo sapiens,Illumina MiSeq,331TP04,42.4440 N 76.5019 W,331TP04,PAIRED,PCR,METAGENOMIC,human gut metagenome,ILLUMINA,2025-01-01T00:00:00Z,2023-07-20T15:26:00Z,1,331TP04,SRP450576
SRR25367693,AMPLICON,502,31701802,PRJNA944997,SAMN36658066,"MIMARKS.survey,MIGS/MIMS/MIMARKS.human-gut",19305032,CORNELL UNIVERSITY,2020-10-06/2021-12-16,public,"fastq,run.zq,sra","gs,ncbi,s3","gs.us-east1,ncbi.public,s3.us-east-1",human body,distal gut,stool,SRX21106975,USA,North America,USA,Homo sapiens,Illumina MiSeq,331TP03,42.4440 N 76.5019 W,331TP03,PAIRED,PCR,METAGENOMIC,human gut metagenome,ILLUMINA,2025-01-01T00:00:00Z,2023-07-20T15:27:00Z,1,331TP03,SRP450576
SRR25367694,AMPLICON,502,32200288,PRJNA944997,SAMN36658403,"MIMARKS.survey,MIGS/MIMS/MIMARKS.human-gut",21082403,CORNELL UNIVERSITY,2020-10-06/2021-12-16,public,"fastq,run.zq,sra","gs,ncbi,s3","gs.us-east1,ncbi.public,s3.us-east-1",human body,distal gut,stool,SRX21106974,USA,North America,USA,Homo sapiens,Illumina MiSeq,331TP02,42.4440 N 76.5019 W,331TP02,PAIRED,PCR,METAGENOMIC,human gut metagenome,ILLUMINA,2025-01-01T00:00:00Z,2023-07-20T15:26:00Z,1,331TP02,SRP450576
SRR25367699,AMPLICON,502,40586198,PRJNA944997,SAMN36658291,"MIMARKS.survey,MIGS/MIMS/MIMARKS.human-gut",26672276,CORNELL UNIVERSITY,2020-10-06/2021-12-16,public,"fastq,run.zq,sra","gs,ncbi,s3","gs.us-east1,ncbi.public,s3.us-east-1",human body,distal gut,stool,SRX21106969,USA,North America,USA,Homo sapiens,Illumina MiSeq,327TP07,42.4440 N 76.5019 W,327TP07,PAIRED,PCR,METAGENOMIC,human gut metagenome,ILLUMINA,2025-01-01T00:00:00Z,2023-07-20T15:26:00Z,1,327TP07,SRP450576
SRR25367702,AMPLICON,502,23478038,PRJNA944997,SAMN36658529,"MIMARKS.survey,MIGS/MIMS/MIMARKS.human-gut",13634851,CORNELL UNIVERSITY,2020-10-06/2021-12-16,public,"fastq,run.zq,sra","gs,ncbi,s3","gs.us-east1,ncbi.public,s3.us-east-1",human body,distal gut,stool,SRX21106966,USA,North America,USA,Homo sapiens,Illumina MiSeq,327TP05,42.4440 N 76.5019 W,327TP05,PAIRED,PCR,METAGENOMIC,human gut metagenome,ILLUMINA,2025-01-01T00:00:00Z,2023-07-20T15:27:00Z,1,327TP05,SRP450576
SRR25367705,AMPLICON,502,33248966,PRJNA944997,SAMN36658394,"MIMARKS.survey,MIGS/MIMS/MIMARKS.human-gut",21271469,CORNELL UNIVERSITY,2020-10-06/2021-12-16,public,"fastq,run.zq,sra","gs,ncbi,s3","gs.us-east1,ncbi.public,s3.us-east-1",human body,distal gut,stool,SRX21106963,USA,North America,USA,Homo sapiens,Illumina MiSeq,320TP08,42.4440 N 76.5019 W,320TP08,PAIRED,PCR,METAGENOMIC,human gut metagenome,ILLUMINA,2025-01-01T00:00:00Z,2023-07-20T15:26:00Z,1,320TP08,SRP450576
SRR25367706,AMPLICON,502,41441104,PRJNA944997,SAMN36658400,"MIMARKS.survey,MIGS/MIMS/MIMARKS.human-gut",26218607,CORNELL UNIVERSITY,2020-10-06/2021-12-16,public,"fastq,run.zq,sra","gs,ncbi,s3","gs.us-east1,ncbi.public,s3.us-east-1",human body,distal gut,stool,SRX21106962,USA,North America,USA,Homo sapiens,Illumina MiSeq,327TP02,42.4440 N 76.5019 W,327TP02,PAIRED,PCR,METAGENOMIC,human gut metagenome,ILLUMINA,2025-01-01T00:00:00Z,2023-07-20T15:27:00Z,1,327TP02,SRP450576
SRR25367707,AMPLICON,502,17904834,PRJNA944997,SAMN36657984,"MIMARKS.survey,MIGS/MIMS/MIMARKS.human-gut",10658453,CORNELL UNIVERSITY,2020-10-06/2021-12-16,public,"fastq,run.zq,sra","gs,ncbi,s3","gs.us-east1,ncbi.public,s3.us-east-1",human body,distal gut,stool,SRX21106961,USA,North America,USA,Homo sapiens,Illumina MiSeq,327TP01.rerun,42.4440 N 76.5019 W,327TP01.rerun,PAIRED,PCR,METAGENOMIC,human gut metagenome,ILLUMINA,2025-01-01T00:00:00Z,2023-07-20T15:26:00Z,1,327TP01.rerun,SRP450576
SRR25367708,AMPLICON,502,20781796,PRJNA944997,SAMN36658598,"MIMARKS.survey,MIGS/MIMS/MIMARKS.human-gut",11799773,CORNELL UNIVERSITY,2020-10-06/2021-12-16,public,"fastq,run.zq,sra","gs,ncbi,s3","gs.us-east1,ncbi.public,s3.us-east-1",human body,distal gut,stool,SRX21106960,USA,North America,USA,Homo sapiens,Illumina MiSeq,326TP12,42.4440 N 76.5019 W,326TP12,PAIRED,PCR,METAGENOMIC,human gut metagenome,ILLUMINA,2025-01-01T00:00:00Z,2023-07-20T15:26:00Z,1,326TP12,SRP450576
SRR25367716,AMPLICON,502,28882570,PRJNA944997,SAMN36658597,"MIMARKS.survey,MIGS/MIMS/MIMARKS.human-gut",17064071,CORNELL UNIVERSITY,2020-10-06/2021-12-16,public,"fastq,run.zq,sra","gs,ncbi,s3","gs.us-east1,ncbi.public,s3.us-east-1",human body,distal gut,stool,SRX21106952,USA,North America,USA,Homo sapiens,Illumina MiSeq,326TP11,42.4440 N 76.5019 W,326TP11,PAIRED,PCR,METAGENOMIC,human gut metagenome,ILLUMINA,2025-01-01T00:00:00Z,2023-07-20T15:26:00Z,1,326TP11,SRP450576
SRR25367717,AMPLICON,502,26781700,PRJNA944997,SAMN36658393,"MIMARKS.survey,MIGS/MIMS/MIMARKS.human-gut",15556470,CORNELL UNIVERSITY,2020-10-06/2021-12-16,public,"fastq,run.zq,sra","gs,ncbi,s3","gs.us-east1,ncbi.public,s3.us-east-1",human body,distal gut,stool,SRX21106951,USA,North America,USA,Homo sapiens,Illumina MiSeq,395TP07,42.4440 N 76.5019 W,395TP07,PAIRED,PCR,METAGENOMIC,human gut metagenome,ILLUMINA,2025-01-01T00:00:00Z,2023-07-20T15:27:00Z,1,395TP07,SRP450576
SRR25367718,AMPLICON,502,23984556,PRJNA944997,SAMN36658392,"MIMARKS.survey,MIGS/MIMS/MIMARKS.human-gut",14124955,CORNELL UNIVERSITY,2020-10-06/2021-12-16,public,"fastq,run.zq,sra","gs,ncbi,s3","gs.us-east1,ncbi.public,s3.us-east-1",human body,distal gut,stool,SRX21106950,USA,North America,USA,Homo sapiens,Illumina MiSeq,395TP06.rerun,42.4440 N 76.5019 W,395TP06.rerun,PAIRED,PCR,METAGENOMIC,human gut metagenome,ILLUMINA,2025-01-01T00:00:00Z,2023-07-20T15:26:00Z,1,395TP06.rerun,SRP450576
SRR25367719,AMPLICON,502,37588254,PRJNA944997,SAMN36658586,"MIMARKS.survey,MIGS/MIMS/MIMARKS.human-gut",22044580,CORNELL UNIVERSITY,2020-10-06/2021-12-16,public,"fastq,run.zq,sra","gs,ncbi,s3","gs.us-east1,ncbi.public,s3.us-east-1",human body,distal gut,stool,SRX21106949,USA,North America,USA,Homo sapiens,Illumina MiSeq,395TP05,42.4440 N 76.5019 W,395TP05,PAIRED,PCR,METAGENOMIC,human gut metagenome,ILLUMINA,2025-01-01T00:00:00Z,2023-07-20T15:27:00Z,1,395TP05,SRP450576
SRR25367720,AMPLICON,502,27701866,PRJNA944997,SAMN36658727,"MIMARKS.survey,MIGS/MIMS/MIMARKS.human-gut",16177626,CORNELL UNIVERSITY,2020-10-06/2021-12-16,public,"fastq,run.zq,sra","gs,ncbi,s3","gs.us-east1,ncbi.public,s3.us-east-1",human body,distal gut,stool,SRX21106948,USA,North America,USA,Homo sapiens,Illumina MiSeq,395TP04.2,42.4440 N 76.5019 W,395TP04.2,PAIRED,PCR,METAGENOMIC,human gut metagenome,ILLUMINA,2025-01-01T00:00:00Z,2023-07-20T15:27:00Z,1,395TP04.2,SRP450576
SRR25367721,AMPLICON,502,47809978,PRJNA944997,SAMN36658277,"MIMARKS.survey,MIGS/MIMS/MIMARKS.human-gut",31742979,CORNELL UNIVERSITY,2020-10-06/2021-12-16,public,"fastq,run.zq,sra","gs,ncbi,s3","gs.us-east1,ncbi.public,s3.us-east-1",human body,distal gut,stool,SRX21106947,USA,North America,USA,Homo sapiens,Illumina MiSeq,395TP04,42.4440 N 76.5019 W,395TP04,PAIRED,PCR,METAGENOMIC,human gut metagenome,ILLUMINA,2025-01-01T00:00:00Z,2023-07-20T15:27:00Z,1,395TP04,SRP450576
SRR25367722,AMPLICON,502,45491240,PRJNA944997,SAMN36658276,"MIMARKS.survey,MIGS/MIMS/MIMARKS.human-gut",29411408,CORNELL UNIVERSITY,2020-10-06/2021-12-16,public,"fastq,run.zq,sra","gs,ncbi,s3","gs.us-east1,ncbi.public,s3.us-east-1",human body,distal gut,stool,SRX21106946,USA,North America,USA,Homo sapiens,Illumina MiSeq,395TP03,42.4440 N 76.5019 W,395TP03,PAIRED,PCR,METAGENOMIC,human gut metagenome,ILLUMINA,2025-01-01T00:00:00Z,2023-07-20T15:27:00Z,1,395TP03,SRP450576
SRR25367723,AMPLICON,502,34852856,PRJNA944997,SAMN36658522,"MIMARKS.survey,MIGS/MIMS/MIMARKS.human-gut",22767296,CORNELL UNIVERSITY,2020-10-06/2021-12-16,public,"fastq,run.zq,sra","gs,ncbi,s3","gs.us-east1,ncbi.public,s3.us-east-1",human body,distal gut,stool,SRX21106945,USA,North America,USA,Homo sapiens,Illumina MiSeq,395TP02,42.4440 N 76.5019 W,395TP02,PAIRED,PCR,METAGENOMIC,human gut metagenome,ILLUMINA,2025-01-01T00:00:00Z,2023-07-20T15:27:00Z,1,395TP02,SRP450576
SRR25367724,AMPLICON,502,21353574,PRJNA944997,SAMN36658047,"MIMARKS.survey,MIGS/MIMS/MIMARKS.human-gut",13195099,CORNELL UNIVERSITY,2020-10-06/2021-12-16,public,"fastq,run.zq,sra","gs,ncbi,s3","gs.us-east1,ncbi.public,s3.us-east-1",human body,distal gut,stool,SRX21106944,USA,North America,USA,Homo sapiens,Illumina MiSeq,395TP01,42.4440 N 76.5019 W,395TP01,PAIRED,PCR,METAGENOMIC,human gut metagenome,ILLUMINA,2025-01-01T00:00:00Z,2023-07-20T15:26:00Z,1,395TP01,SRP450576
SRR25367725,AMPLICON,502,25699890,PRJNA944997,SAMN36658046,"MIMARKS.survey,MIGS/MIMS/MIMARKS.human-gut",14608994,CORNELL UNIVERSITY,2020-10-06/2021-12-16,public,"fastq,run.zq,sra","gs,ncbi,s3","gs.us-east1,ncbi.public,s3.us-east-1",human body,distal gut,stool,SRX21106943,USA,North America,USA,Homo sapiens,Illumina MiSeq,394TP01,42.4440 N 76.5019 W,394TP01,PAIRED,PCR,METAGENOMIC,human gut metagenome,ILLUMINA,2025-01-01T00:00:00Z,2023-07-20T15:26:00Z,1,394TP01,SRP450576
SRR25367726,AMPLICON,502,31147594,PRJNA944997,SAMN36658038,"MIMARKS.survey,MIGS/MIMS/MIMARKS.human-gut",18279032,CORNELL UNIVERSITY,2020-10-06/2021-12-16,public,"fastq,run.zq,sra","gs,ncbi,s3","gs.us-east1,ncbi.public,s3.us-east-1",human body,distal gut,stool,SRX21106942,USA,North America,USA,Homo sapiens,Illumina MiSeq,386TP01,42.4440 N 76.5019 W,386TP01,PAIRED,PCR,METAGENOMIC,human gut metagenome,ILLUMINA,2025-01-01T00:00:00Z,2023-07-20T15:26:00Z,1,386TP01,SRP450576
SRR25367727,AMPLICON,502,26465942,PRJNA944997,SAMN36658680,"MIMARKS.survey,MIGS/MIMS/MIMARKS.human-gut",14981792,CORNELL UNIVERSITY,2020-10-06/2021-12-16,public,"fastq,run.zq,sra","gs,ncbi,s3","gs.us-east1,ncbi.public,s3.us-east-1",human body,distal gut,stool,SRX21106941,USA,North America,USA,Homo sapiens,Illumina MiSeq,384TP12,42.4440 N 76.5019 W,384TP12,PAIRED,PCR,METAGENOMIC,human gut metagenome,ILLUMINA,2025-01-01T00:00:00Z,2023-07-20T15:26:00Z,1,384TP12,SRP450576
SRR25367728,AMPLICON,502,32117960,PRJNA944997,SAMN36658679,"MIMARKS.survey,MIGS/MIMS/MIMARKS.human-gut",19674148,CORNELL UNIVERSITY,2020-10-06/2021-12-16,public,"fastq,run.zq,sra","gs,ncbi,s3","gs.us-east1,ncbi.public,s3.us-east-1",human body,distal gut,stool,SRX21106940,USA,North America,USA,Homo sapiens,Illumina MiSeq,384TP11,42.4440 N 76.5019 W,384TP11,PAIRED,PCR,METAGENOMIC,human gut metagenome,ILLUMINA,2025-01-01T00:00:00Z,2023-07-20T15:27:00Z,1,384TP11,SRP450576
SRR25367730,AMPLICON,502,56810336,PRJNA944997,SAMN36658151,"MIMARKS.survey,MIGS/MIMS/MIMARKS.human-gut",38251703,CORNELL UNIVERSITY,2020-10-06/2021-12-16,public,"fastq,run.zq,sra","gs,ncbi,s3","gs.us-east1,ncbi.public,s3.us-east-1",human body,distal gut,stool,SRX21106938,USA,North America,USA,Homo sapiens,Illumina MiSeq,384TP10,42.4440 N 76.5019 W,384TP10,PAIRED,PCR,METAGENOMIC,human gut metagenome,ILLUMINA,2025-01-01T00:00:00Z,2023-07-20T15:27:00Z,1,384TP10,SRP450576
SRR25367731,AMPLICON,502,43071098,PRJNA944997,SAMN36658174,"MIMARKS.survey,MIGS/MIMS/MIMARKS.human-gut",27506705,CORNELL UNIVERSITY,2020-10-06/2021-12-16,public,"fastq,run.zq,sra","gs,ncbi,s3","gs.us-east1,ncbi.public,s3.us-east-1",human body,distal gut,stool,SRX21106937,USA,North America,USA,Homo sapiens,Illumina MiSeq,326TP04,42.4440 N 76.5019 W,326TP04,PAIRED,PCR,METAGENOMIC,human gut metagenome,ILLUMINA,2025-01-01T00:00:00Z,2023-07-20T15:27:00Z,1,326TP04,SRP450576
SRR25367732,AMPLICON,502,20836514,PRJNA944997,SAMN36658150,"MIMARKS.survey,MIGS/MIMS/MIMARKS.human-gut",12048600,CORNELL UNIVERSITY,2020-10-06/2021-12-16,public,"fastq,run.zq,sra","gs,ncbi,s3","gs.us-east1,ncbi.public,s3.us-east-1",human body,distal gut,stool,SRX21106936,USA,North America,USA,Homo sapiens,Illumina MiSeq,384TP09.rerun,42.4440 N 76.5019 W,384TP09.rerun,PAIRED,PCR,METAGENOMIC,human gut metagenome,ILLUMINA,2025-01-01T00:00:00Z,2023-07-20T15:26:00Z,1,384TP09.rerun,SRP450576
SRR25367733,AMPLICON,502,33882992,PRJNA944997,SAMN36658449,"MIMARKS.survey,MIGS/MIMS/MIMARKS.human-gut",21741999,CORNELL UNIVERSITY,2020-10-06/2021-12-16,public,"fastq,run.zq,sra","gs,ncbi,s3","gs.us-east1,ncbi.public,s3.us-east-1",human body,distal gut,stool,SRX21106935,USA,North America,USA,Homo sapiens,Illumina MiSeq,384TP08,42.4440 N 76.5019 W,384TP08,PAIRED,PCR,METAGENOMIC,human gut metagenome,ILLUMINA,2025-01-01T00:00:00Z,2023-07-20T15:26:00Z,1,384TP08,SRP450576
SRR25367737,AMPLICON,502,33105896,PRJNA944997,SAMN36658577,"MIMARKS.survey,MIGS/MIMS/MIMARKS.human-gut",19304265,CORNELL UNIVERSITY,2020-10-06/2021-12-16,public,"fastq,run.zq,sra","gs,ncbi,s3","gs.us-east1,ncbi.public,s3.us-east-1",human body,distal gut,stool,SRX21106931,USA,North America,USA,Homo sapiens,Illumina MiSeq,384TP05,42.4440 N 76.5019 W,384TP05,PAIRED,PCR,METAGENOMIC,human gut metagenome,ILLUMINA,2025-01-01T00:00:00Z,2023-07-20T15:26:00Z,1,384TP05,SRP450576
SRR25367751,AMPLICON,502,34082286,PRJNA944997,SAMN36658576,"MIMARKS.survey,MIGS/MIMS/MIMARKS.human-gut",19773392,CORNELL UNIVERSITY,2020-10-06/2021-12-16,public,"fastq,run.zq,sra","gs,ncbi,s3","gs.us-east1,ncbi.public,s3.us-east-1",human body,distal gut,stool,SRX21106917,USA,North America,USA,Homo sapiens,Illumina MiSeq,383TP05,42.4440 N 76.5019 W,383TP05,PAIRED,PCR,METAGENOMIC,human gut metagenome,ILLUMINA,2025-01-01T00:00:00Z,2023-07-20T15:27:00Z,1,383TP05,SRP450576
SRR25367752,AMPLICON,502,21398252,PRJNA944997,SAMN36658811,"MIMARKS.survey,MIGS/MIMS/MIMARKS.human-gut",12335037,CORNELL UNIVERSITY,2020-10-06/2021-12-16,public,"fastq,run.zq,sra","gs,ncbi,s3","gs.us-east1,ncbi.public,s3.us-east-1",human body,distal gut,stool,SRX21106916,USA,North America,USA,Homo sapiens,Illumina MiSeq,383TP04.2,42.4440 N 76.5019 W,383TP04.2,PAIRED,PCR,METAGENOMIC,human gut metagenome,ILLUMINA,2025-01-01T00:00:00Z,2023-07-20T15:27:00Z,1,383TP04.2,SRP450576
SRR25367757,AMPLICON,502,36641482,PRJNA944997,SAMN36658036,"MIMARKS.survey,MIGS/MIMS/MIMARKS.human-gut",22706881,CORNELL UNIVERSITY,2020-10-06/2021-12-16,public,"fastq,run.zq,sra","gs,ncbi,s3","gs.us-east1,ncbi.public,s3.us-east-1",human body,distal gut,stool,SRX21106911,USA,North America,USA,Homo sapiens,Illumina MiSeq,383TP01,42.4440 N 76.5019 W,383TP01,PAIRED,PCR,METAGENOMIC,human gut metagenome,ILLUMINA,2025-01-01T00:00:00Z,2023-07-20T15:27:00Z,1,383TP01,SRP450576
SRR25367758,AMPLICON,502,45797460,PRJNA944997,SAMN36658745,"MIMARKS.survey,MIGS/MIMS/MIMARKS.human-gut",30604792,CORNELL UNIVERSITY,2020-10-06/2021-12-16,public,"fastq,run.zq,sra","gs,ncbi,s3","gs.us-east1,ncbi.public,s3.us-east-1",human body,distal gut,stool,SRX21106910,USA,North America,USA,Homo sapiens,Illumina MiSeq,371TP10.2,42.4440 N 76.5019 W,371TP10.2,PAIRED,PCR,METAGENOMIC,human gut metagenome,ILLUMINA,2025-01-01T00:00:00Z,2023-07-20T15:26:00Z,1,371TP10.2,SRP450576
SRR25367759,AMPLICON,502,26620558,PRJNA944997,SAMN36658250,"MIMARKS.survey,MIGS/MIMS/MIMARKS.human-gut",15548723,CORNELL UNIVERSITY,2020-10-06/2021-12-16,public,"fastq,run.zq,sra","gs,ncbi,s3","gs.us-east1,ncbi.public,s3.us-east-1",human body,distal gut,stool,SRX21106909,USA,North America,USA,Homo sapiens,Illumina MiSeq,371TP10,42.4440 N 76.5019 W,371TP10,PAIRED,PCR,METAGENOMIC,human gut metagenome,ILLUMINA,2025-01-01T00:00:00Z,2023-07-20T15:26:00Z,1,371TP10,SRP450576
SRR25367760,AMPLICON,502,29665188,PRJNA944997,SAMN36658249,"MIMARKS.survey,MIGS/MIMS/MIMARKS.human-gut",17304255,CORNELL UNIVERSITY,2020-10-06/2021-12-16,public,"fastq,run.zq,sra","gs,ncbi,s3","gs.us-east1,ncbi.public,s3.us-east-1",human body,distal gut,stool,SRX21106908,USA,North America,USA,Homo sapiens,Illumina MiSeq,371TP09,42.4440 N 76.5019 W,371TP09,PAIRED,PCR,METAGENOMIC,human gut metagenome,ILLUMINA,2025-01-01T00:00:00Z,2023-07-20T15:26:00Z,1,371TP09,SRP450576
SRR25367761,AMPLICON,502,42380346,PRJNA944997,SAMN36658505,"MIMARKS.survey,MIGS/MIMS/MIMARKS.human-gut",27254570,CORNELL UNIVERSITY,2020-10-06/2021-12-16,public,"fastq,run.zq,sra","gs,ncbi,s3","gs.us-east1,ncbi.public,s3.us-east-1",human body,distal gut,stool,SRX21106907,USA,North America,USA,Homo sapiens,Illumina MiSeq,371TP08,42.4440 N 76.5019 W,371TP08,PAIRED,PCR,METAGENOMIC,human gut metagenome,ILLUMINA,2025-01-01T00:00:00Z,2023-07-20T15:27:00Z,1,371TP08,SRP450576
SRR25367762,AMPLICON,502,41801540,PRJNA944997,SAMN36658761,"MIMARKS.survey,MIGS/MIMS/MIMARKS.human-gut",27931261,CORNELL UNIVERSITY,2020-10-06/2021-12-16,public,"fastq,run.zq,sra","gs,ncbi,s3","gs.us-east1,ncbi.public,s3.us-east-1",human body,distal gut,stool,SRX21106906,USA,North America,USA,Homo sapiens,Illumina MiSeq,371TP07.2,42.4440 N 76.5019 W,371TP07.2,PAIRED,PCR,METAGENOMIC,human gut metagenome,ILLUMINA,2025-01-01T00:00:00Z,2023-07-20T15:27:00Z,1,371TP07.2,SRP450576
SRR25367764,AMPLICON,502,36807142,PRJNA944997,SAMN36658367,"MIMARKS.survey,MIGS/MIMS/MIMARKS.human-gut",22240637,CORNELL UNIVERSITY,2020-10-06/2021-12-16,public,"fastq,run.zq,sra","gs,ncbi,s3","gs.us-east1,ncbi.public,s3.us-east-1",human body,distal gut,stool,SRX21106904,USA,North America,USA,Homo sapiens,Illumina MiSeq,371TP06,42.4440 N 76.5019 W,371TP06,PAIRED,PCR,METAGENOMIC,human gut metagenome,ILLUMINA,2025-01-01T00:00:00Z,2023-07-20T15:27:00Z,1,371TP06,SRP450576
SRR25367770,AMPLICON,502,41245826,PRJNA944997,SAMN36658439,"MIMARKS.survey,MIGS/MIMS/MIMARKS.human-gut",26248169,CORNELL UNIVERSITY,2020-10-06/2021-12-16,public,"fastq,run.zq,sra","gs,ncbi,s3","gs.us-east1,ncbi.public,s3.us-east-1",human body,distal gut,stool,SRX21106898,USA,North America,USA,Homo sapiens,Illumina MiSeq,371TP02,42.4440 N 76.5019 W,371TP02,PAIRED,PCR,METAGENOMIC,human gut metagenome,ILLUMINA,2025-01-01T00:00:00Z,2023-07-20T15:28:00Z,1,371TP02,SRP450576
SRR25367771,AMPLICON,502,26951878,PRJNA944997,SAMN36658025,"MIMARKS.survey,MIGS/MIMS/MIMARKS.human-gut",16466886,CORNELL UNIVERSITY,2020-10-06/2021-12-16,public,"fastq,run.zq,sra","gs,ncbi,s3","gs.us-east1,ncbi.public,s3.us-east-1",human body,distal gut,stool,SRX21106897,USA,North America,USA,Homo sapiens,Illumina MiSeq,371TP01,42.4440 N 76.5019 W,371TP01,PAIRED,PCR,METAGENOMIC,human gut metagenome,ILLUMINA,2025-01-01T00:00:00Z,2023-07-20T15:28:00Z,1,371TP01,SRP450576
SRR25367772,AMPLICON,502,22209484,PRJNA944997,SAMN36658665,"MIMARKS.survey,MIGS/MIMS/MIMARKS.human-gut",12440176,CORNELL UNIVERSITY,2020-10-06/2021-12-16,public,"fastq,run.zq,sra","gs,ncbi,s3","gs.us-east1,ncbi.public,s3.us-east-1",human body,distal gut,stool,SRX21106896,USA,North America,USA,Homo sapiens,Illumina MiSeq,370TP12,42.4440 N 76.5019 W,370TP12,PAIRED,PCR,METAGENOMIC,human gut metagenome,ILLUMINA,2025-01-01T00:00:00Z,2023-07-20T15:28:00Z,1,370TP12,SRP450576
SRR25367780,AMPLICON,502,19678902,PRJNA944997,SAMN36658366,"MIMARKS.survey,MIGS/MIMS/MIMARKS.human-gut",11552526,CORNELL UNIVERSITY,2020-10-06/2021-12-16,public,"fastq,run.zq,sra","gs,ncbi,s3","gs.us-east1,ncbi.public,s3.us-east-1",human body,distal gut,stool,SRX21106888,USA,North America,USA,Homo sapiens,Illumina MiSeq,370TP07,42.4440 N 76.5019 W,370TP07,PAIRED,PCR,METAGENOMIC,human gut metagenome,ILLUMINA,2025-01-01T00:00:00Z,2023-07-20T15:28:00Z,1,370TP07,SRP450576
SRR25367781,AMPLICON,502,52057400,PRJNA944997,SAMN36658365,"MIMARKS.survey,MIGS/MIMS/MIMARKS.human-gut",32255081,CORNELL UNIVERSITY,2020-10-06/2021-12-16,public,"fastq,run.zq,sra","gs,ncbi,s3","gs.us-east1,ncbi.public,s3.us-east-1",human body,distal gut,stool,SRX21106887,USA,North America,USA,Homo sapiens,Illumina MiSeq,370TP06,42.4440 N 76.5019 W,370TP06,PAIRED,PCR,METAGENOMIC,human gut metagenome,ILLUMINA,2025-01-01T00:00:00Z,2023-07-20T15:28:00Z,1,370TP06,SRP450576
SRR25367787,AMPLICON,502,25238050,PRJNA944997,SAMN36658024,"MIMARKS.survey,MIGS/MIMS/MIMARKS.human-gut",15334284,CORNELL UNIVERSITY,2020-10-06/2021-12-16,public,"fastq,run.zq,sra","gs,ncbi,s3","gs.us-east1,ncbi.public,s3.us-east-1",human body,distal gut,stool,SRX21106881,USA,North America,USA,Homo sapiens,Illumina MiSeq,370TP01,42.4440 N 76.5019 W,370TP01,PAIRED,PCR,METAGENOMIC,human gut metagenome,ILLUMINA,2025-01-01T00:00:00Z,2023-07-20T15:28:00Z,1,370TP01,SRP450576
SRR25367793,AMPLICON,502,33163626,PRJNA944997,SAMN36658352,"MIMARKS.survey,MIGS/MIMS/MIMARKS.human-gut",20095709,CORNELL UNIVERSITY,2020-10-06/2021-12-16,public,"fastq,run.zq,sra","gs,ncbi,s3","gs.us-east1,ncbi.public,s3.us-east-1",human body,distal gut,stool,SRX21106875,USA,North America,USA,Homo sapiens,Illumina MiSeq,362TP06,42.4440 N 76.5019 W,362TP06,PAIRED,PCR,METAGENOMIC,human gut metagenome,ILLUMINA,2025-01-01T00:00:00Z,2023-07-20T15:28:00Z,1,362TP06,SRP450576
SRR25367794,AMPLICON,502,35671618,PRJNA944997,SAMN36658830,"MIMARKS.survey,MIGS/MIMS/MIMARKS.human-gut",24094597,CORNELL UNIVERSITY,2020-10-06/2021-12-16,public,"fastq,run.zq,sra","gs,ncbi,s3","gs.us-east1,ncbi.public,s3.us-east-1",human body,distal gut,stool,SRX21106874,USA,North America,USA,Homo sapiens,Illumina MiSeq,323TP07.2,42.4440 N 76.5019 W,323TP07.2,PAIRED,PCR,METAGENOMIC,human gut metagenome,ILLUMINA,2025-01-01T00:00:00Z,2023-07-20T15:28:00Z,1,323TP07.2,SRP450576
SRR25367795,AMPLICON,502,23312378,PRJNA944997,SAMN36658562,"MIMARKS.survey,MIGS/MIMS/MIMARKS.human-gut",13487617,CORNELL UNIVERSITY,2020-10-06/2021-12-16,public,"fastq,run.zq,sra","gs,ncbi,s3","gs.us-east1,ncbi.public,s3.us-east-1",human body,distal gut,stool,SRX21106873,USA,North America,USA,Homo sapiens,Illumina MiSeq,362TP05,42.4440 N 76.5019 W,362TP05,PAIRED,PCR,METAGENOMIC,human gut metagenome,ILLUMINA,2025-01-01T00:00:00Z,2023-07-20T15:28:00Z,1,362TP05,SRP450576
SRR25367796,AMPLICON,502,15920930,PRJNA944997,SAMN36658840,"MIMARKS.survey,MIGS/MIMS/MIMARKS.human-gut",9223018,CORNELL UNIVERSITY,2020-10-06/2021-12-16,public,"fastq,run.zq,sra","gs,ncbi,s3","gs.us-east1,ncbi.public,s3.us-east-1",human body,distal gut,stool,SRX21106872,USA,North America,USA,Homo sapiens,Illumina MiSeq,362TP04.2,42.4440 N 76.5019 W,362TP04.2,PAIRED,PCR,METAGENOMIC,human gut metagenome,ILLUMINA,2025-01-01T00:00:00Z,2023-07-20T15:28:00Z,1,362TP04.2,SRP450576
SRR25367798,AMPLICON,502,34621434,PRJNA944997,SAMN36658234,"MIMARKS.survey,MIGS/MIMS/MIMARKS.human-gut",21182880,CORNELL UNIVERSITY,2020-10-06/2021-12-16,public,"fastq,run.zq,sra","gs,ncbi,s3","gs.us-east1,ncbi.public,s3.us-east-1",human body,distal gut,stool,SRX21106870,USA,North America,USA,Homo sapiens,Illumina MiSeq,362TP03,42.4440 N 76.5019 W,362TP03,PAIRED,PCR,METAGENOMIC,human gut metagenome,ILLUMINA,2025-01-01T00:00:00Z,2023-07-20T15:28:00Z,1,362TP03,SRP450576
SRR25367799,AMPLICON,502,39497360,PRJNA944997,SAMN36658497,"MIMARKS.survey,MIGS/MIMS/MIMARKS.human-gut",25368923,CORNELL UNIVERSITY,2020-10-06/2021-12-16,public,"fastq,run.zq,sra","gs,ncbi,s3","gs.us-east1,ncbi.public,s3.us-east-1",human body,distal gut,stool,SRX21106869,USA,North America,USA,Homo sapiens,Illumina MiSeq,362TP02,42.4440 N 76.5019 W,362TP02,PAIRED,PCR,METAGENOMIC,human gut metagenome,ILLUMINA,2025-01-01T00:00:00Z,2023-07-20T15:28:00Z,1,362TP02,SRP450576
SRR25367800,AMPLICON,502,23643196,PRJNA944997,SAMN36658017,"MIMARKS.survey,MIGS/MIMS/MIMARKS.human-gut",14499318,CORNELL UNIVERSITY,2020-10-06/2021-12-16,public,"fastq,run.zq,sra","gs,ncbi,s3","gs.us-east1,ncbi.public,s3.us-east-1",human body,distal gut,stool,SRX21106868,USA,North America,USA,Homo sapiens,Illumina MiSeq,362TP01,42.4440 N 76.5019 W,362TP01,PAIRED,PCR,METAGENOMIC,human gut metagenome,ILLUMINA,2025-01-01T00:00:00Z,2023-07-20T15:28:00Z,1,362TP01,SRP450576
SRR25367801,AMPLICON,502,23361574,PRJNA944997,SAMN36658649,"MIMARKS.survey,MIGS/MIMS/MIMARKS.human-gut",13065823,CORNELL UNIVERSITY,2020-10-06/2021-12-16,public,"fastq,run.zq,sra","gs,ncbi,s3","gs.us-east1,ncbi.public,s3.us-east-1",human body,distal gut,stool,SRX21106867,USA,North America,USA,Homo sapiens,Illumina MiSeq,361TP12,42.4440 N 76.5019 W,361TP12,PAIRED,PCR,METAGENOMIC,human gut metagenome,ILLUMINA,2025-01-01T00:00:00Z,2023-07-20T15:28:00Z,1,361TP12,SRP450576
SRR25367802,AMPLICON,502,34108390,PRJNA944997,SAMN36658648,"MIMARKS.survey,MIGS/MIMS/MIMARKS.human-gut",19608685,CORNELL UNIVERSITY,2020-10-06/2021-12-16,public,"fastq,run.zq,sra","gs,ncbi,s3","gs.us-east1,ncbi.public,s3.us-east-1",human body,distal gut,stool,SRX21106866,USA,North America,USA,Homo sapiens,Illumina MiSeq,361TP11.rerun,42.4440 N 76.5019 W,361TP11.rerun,PAIRED,PCR,METAGENOMIC,human gut metagenome,ILLUMINA,2025-01-01T00:00:00Z,2023-07-20T15:28:00Z,1,361TP11.rerun,SRP450576
SRR25367803,AMPLICON,502,26186328,PRJNA944997,SAMN36658768,"MIMARKS.survey,MIGS/MIMS/MIMARKS.human-gut",15499919,CORNELL UNIVERSITY,2020-10-06/2021-12-16,public,"fastq,run.zq,sra","gs,ncbi,s3","gs.us-east1,ncbi.public,s3.us-east-1",human body,distal gut,stool,SRX21106865,USA,North America,USA,Homo sapiens,Illumina MiSeq,361TP10.2,42.4440 N 76.5019 W,361TP10.2,PAIRED,PCR,METAGENOMIC,human gut metagenome,ILLUMINA,2025-01-01T00:00:00Z,2023-07-20T15:28:00Z,1,361TP10.2,SRP450576
SRR25367804,AMPLICON,502,48199028,PRJNA944997,SAMN36658233,"MIMARKS.survey,MIGS/MIMS/MIMARKS.human-gut",32441369,CORNELL UNIVERSITY,2020-10-06/2021-12-16,public,"fastq,run.zq,sra","gs,ncbi,s3","gs.us-east1,ncbi.public,s3.us-east-1",human body,distal gut,stool,SRX21106864,USA,North America,USA,Homo sapiens,Illumina MiSeq,361TP10,42.4440 N 76.5019 W,361TP10,PAIRED,PCR,METAGENOMIC,human gut metagenome,ILLUMINA,2025-01-01T00:00:00Z,2023-07-20T15:28:00Z,1,361TP10,SRP450576
SRR25367806,AMPLICON,502,30218894,PRJNA944997,SAMN36658232,"MIMARKS.survey,MIGS/MIMS/MIMARKS.human-gut",17562905,CORNELL UNIVERSITY,2020-10-06/2021-12-16,public,"fastq,run.zq,sra","gs,ncbi,s3","gs.us-east1,ncbi.public,s3.us-east-1",human body,distal gut,stool,SRX21106862,USA,North America,USA,Homo sapiens,Illumina MiSeq,361TP09.rerun,42.4440 N 76.5019 W,361TP09.rerun,PAIRED,PCR,METAGENOMIC,human gut metagenome,ILLUMINA,2025-01-01T00:00:00Z,2023-07-20T15:28:00Z,1,361TP09.rerun,SRP450576
SRR25367807,AMPLICON,502,45669450,PRJNA944997,SAMN36658496,"MIMARKS.survey,MIGS/MIMS/MIMARKS.human-gut",29160512,CORNELL UNIVERSITY,2020-10-06/2021-12-16,public,"fastq,run.zq,sra","gs,ncbi,s3","gs.us-east1,ncbi.public,s3.us-east-1",human body,distal gut,stool,SRX21106861,USA,North America,USA,Homo sapiens,Illumina MiSeq,361TP08,42.4440 N 76.5019 W,361TP08,PAIRED,PCR,METAGENOMIC,human gut metagenome,ILLUMINA,2025-01-01T00:00:00Z,2023-07-20T15:28:00Z,1,361TP08,SRP450576
SRR25367808,AMPLICON,502,27056294,PRJNA944997,SAMN36658729,"MIMARKS.survey,MIGS/MIMS/MIMARKS.human-gut",15715933,CORNELL UNIVERSITY,2020-10-06/2021-12-16,public,"fastq,run.zq,sra","gs,ncbi,s3","gs.us-east1,ncbi.public,s3.us-east-1",human body,distal gut,stool,SRX21106860,USA,North America,USA,Homo sapiens,Illumina MiSeq,361TP07.2,42.4440 N 76.5019 W,361TP07.2,PAIRED,PCR,METAGENOMIC,human gut metagenome,ILLUMINA,2025-01-01T00:00:00Z,2023-07-20T15:28:00Z,1,361TP07.2,SRP450576
SRR25367809,AMPLICON,502,45939024,PRJNA944997,SAMN36658351,"MIMARKS.survey,MIGS/MIMS/MIMARKS.human-gut",30438085,CORNELL UNIVERSITY,2020-10-06/2021-12-16,public,"fastq,run.zq,sra","gs,ncbi,s3","gs.us-east1,ncbi.public,s3.us-east-1",human body,distal gut,stool,SRX21106859,USA,North America,USA,Homo sapiens,Illumina MiSeq,361TP07,42.4440 N 76.5019 W,361TP07,PAIRED,PCR,METAGENOMIC,human gut metagenome,ILLUMINA,2025-01-01T00:00:00Z,2023-07-20T15:28:00Z,1,361TP07,SRP450576
SRR25367810,AMPLICON,502,30270098,PRJNA944997,SAMN36658713,"MIMARKS.survey,MIGS/MIMS/MIMARKS.human-gut",17786881,CORNELL UNIVERSITY,2020-10-06/2021-12-16,public,"fastq,run.zq,sra","gs,ncbi,s3","gs.us-east1,ncbi.public,s3.us-east-1",human body,distal gut,stool,SRX21107356,USA,North America,USA,Homo sapiens,Illumina MiSeq,391TP04.2,42.4440 N 76.5019 W,391TP04.2,PAIRED,PCR,METAGENOMIC,human gut metagenome,ILLUMINA,2025-01-01T00:00:00Z,2023-07-20T15:28:00Z,1,391TP04.2,SRP450576
SRR25367811,AMPLICON,502,51753690,PRJNA944997,SAMN36658158,"MIMARKS.survey,MIGS/MIMS/MIMARKS.human-gut",34674275,CORNELL UNIVERSITY,2020-10-06/2021-12-16,public,"fastq,run.zq,sra","gs,ncbi,s3","gs.us-east1,ncbi.public,s3.us-east-1",human body,distal gut,stool,SRX21107355,USA,North America,USA,Homo sapiens,Illumina MiSeq,391TP04,42.4440 N 76.5019 W,391TP04,PAIRED,PCR,METAGENOMIC,human gut metagenome,ILLUMINA,2025-01-01T00:00:00Z,2023-07-20T15:28:00Z,1,391TP04,SRP450576
SRR25367812,AMPLICON,502,37629418,PRJNA944997,SAMN36658399,"MIMARKS.survey,MIGS/MIMS/MIMARKS.human-gut",24250827,CORNELL UNIVERSITY,2020-10-06/2021-12-16,public,"fastq,run.zq,sra","gs,ncbi,s3","gs.us-east1,ncbi.public,s3.us-east-1",human body,distal gut,stool,SRX21107354,USA,North America,USA,Homo sapiens,Illumina MiSeq,326TP08,42.4440 N 76.5019 W,326TP08,PAIRED,PCR,METAGENOMIC,human gut metagenome,ILLUMINA,2025-01-01T00:00:00Z,2023-07-20T15:28:00Z,1,326TP08,SRP450576
SRR25367813,AMPLICON,502,37739858,PRJNA944997,SAMN36658157,"MIMARKS.survey,MIGS/MIMS/MIMARKS.human-gut",24343491,CORNELL UNIVERSITY,2020-10-06/2021-12-16,public,"fastq,run.zq,sra","gs,ncbi,s3","gs.us-east1,ncbi.public,s3.us-east-1",human body,distal gut,stool,SRX21107353,USA,North America,USA,Homo sapiens,Illumina MiSeq,391TP03,42.4440 N 76.5019 W,391TP03,PAIRED,PCR,METAGENOMIC,human gut metagenome,ILLUMINA,2025-01-01T00:00:00Z,2023-07-20T15:28:00Z,1,391TP03,SRP450576
SRR25367814,AMPLICON,502,36223818,PRJNA944997,SAMN36658454,"MIMARKS.survey,MIGS/MIMS/MIMARKS.human-gut",23256433,CORNELL UNIVERSITY,2020-10-06/2021-12-16,public,"fastq,run.zq,sra","gs,ncbi,s3","gs.us-east1,ncbi.public,s3.us-east-1",human body,distal gut,stool,SRX21107352,USA,North America,USA,Homo sapiens,Illumina MiSeq,391TP02,42.4440 N 76.5019 W,391TP02,PAIRED,PCR,METAGENOMIC,human gut metagenome,ILLUMINA,2025-01-01T00:00:00Z,2023-07-20T15:28:00Z,1,391TP02,SRP450576
SRR25367815,AMPLICON,502,39812616,PRJNA944997,SAMN36658043,"MIMARKS.survey,MIGS/MIMS/MIMARKS.human-gut",24725858,CORNELL UNIVERSITY,2020-10-06/2021-12-16,public,"fastq,run.zq,sra","gs,ncbi,s3","gs.us-east1,ncbi.public,s3.us-east-1",human body,distal gut,stool,SRX21107351,USA,North America,USA,Homo sapiens,Illumina MiSeq,391TP01,42.4440 N 76.5019 W,391TP01,PAIRED,PCR,METAGENOMIC,human gut metagenome,ILLUMINA,2025-01-01T00:00:00Z,2023-07-20T15:28:00Z,1,391TP01,SRP450576
SRR25367816,AMPLICON,502,20759206,PRJNA944997,SAMN36658686,"MIMARKS.survey,MIGS/MIMS/MIMARKS.human-gut",11796790,CORNELL UNIVERSITY,2020-10-06/2021-12-16,public,"fastq,run.zq,sra","gs,ncbi,s3","gs.us-east1,ncbi.public,s3.us-east-1",human body,distal gut,stool,SRX21107350,USA,North America,USA,Homo sapiens,Illumina MiSeq,390TP12,42.4440 N 76.5019 W,390TP12,PAIRED,PCR,METAGENOMIC,human gut metagenome,ILLUMINA,2025-01-01T00:00:00Z,2023-07-20T15:28:00Z,1,390TP12,SRP450576
SRR25367817,AMPLICON,502,24247604,PRJNA944997,SAMN36658685,"MIMARKS.survey,MIGS/MIMS/MIMARKS.human-gut",14110249,CORNELL UNIVERSITY,2020-10-06/2021-12-16,public,"fastq,run.zq,sra","gs,ncbi,s3","gs.us-east1,ncbi.public,s3.us-east-1",human body,distal gut,stool,SRX21107349,USA,North America,USA,Homo sapiens,Illumina MiSeq,390TP11,42.4440 N 76.5019 W,390TP11,PAIRED,PCR,METAGENOMIC,human gut metagenome,ILLUMINA,2025-01-01T00:00:00Z,2023-07-20T15:28:00Z,1,390TP11,SRP450576
SRR25367818,AMPLICON,502,21004182,PRJNA944997,SAMN36658805,"MIMARKS.survey,MIGS/MIMS/MIMARKS.human-gut",12138105,CORNELL UNIVERSITY,2020-10-06/2021-12-16,public,"fastq,run.zq,sra","gs,ncbi,s3","gs.us-east1,ncbi.public,s3.us-east-1",human body,distal gut,stool,SRX21107348,USA,North America,USA,Homo sapiens,Illumina MiSeq,390TP10.2,42.4440 N 76.5019 W,390TP10.2,PAIRED,PCR,METAGENOMIC,human gut metagenome,ILLUMINA,2025-01-01T00:00:00Z,2023-07-20T15:28:00Z,1,390TP10.2,SRP450576
SRR25367819,AMPLICON,502,35879948,PRJNA944997,SAMN36658156,"MIMARKS.survey,MIGS/MIMS/MIMARKS.human-gut",23795945,CORNELL UNIVERSITY,2020-10-06/2021-12-16,public,"fastq,run.zq,sra","gs,ncbi,s3","gs.us-east1,ncbi.public,s3.us-east-1",human body,distal gut,stool,SRX21107347,USA,North America,USA,Homo sapiens,Illumina MiSeq,390TP10,42.4440 N 76.5019 W,390TP10,PAIRED,PCR,METAGENOMIC,human gut metagenome,ILLUMINA,2025-01-01T00:00:00Z,2023-07-20T15:28:00Z,1,390TP10,SRP450576
SRR25367820,AMPLICON,502,20179396,PRJNA944997,SAMN36658155,"MIMARKS.survey,MIGS/MIMS/MIMARKS.human-gut",11409340,CORNELL UNIVERSITY,2020-10-06/2021-12-16,public,"fastq,run.zq,sra","gs,ncbi,s3","gs.us-east1,ncbi.public,s3.us-east-1",human body,distal gut,stool,SRX21107346,USA,North America,USA,Homo sapiens,Illumina MiSeq,390TP09,42.4440 N 76.5019 W,390TP09,PAIRED,PCR,METAGENOMIC,human gut metagenome,ILLUMINA,2025-01-01T00:00:00Z,2023-07-20T15:28:00Z,1,390TP09,SRP450576
SRR25367821,AMPLICON,502,34417622,PRJNA944997,SAMN36658453,"MIMARKS.survey,MIGS/MIMS/MIMARKS.human-gut",22038849,CORNELL UNIVERSITY,2020-10-06/2021-12-16,public,"fastq,run.zq,sra","gs,ncbi,s3","gs.us-east1,ncbi.public,s3.us-east-1",human body,distal gut,stool,SRX21107345,USA,North America,USA,Homo sapiens,Illumina MiSeq,390TP08,42.4440 N 76.5019 W,390TP08,PAIRED,PCR,METAGENOMIC,human gut metagenome,ILLUMINA,2025-01-01T00:00:00Z,2023-07-20T15:28:00Z,1,390TP08,SRP450576
SRR25367822,AMPLICON,502,22516206,PRJNA944997,SAMN36658809,"MIMARKS.survey,MIGS/MIMS/MIMARKS.human-gut",13323646,CORNELL UNIVERSITY,2020-10-06/2021-12-16,public,"fastq,run.zq,sra","gs,ncbi,s3","gs.us-east1,ncbi.public,s3.us-east-1",human body,distal gut,stool,SRX21107344,USA,North America,USA,Homo sapiens,Illumina MiSeq,390TP07.2,42.4440 N 76.5019 W,390TP07.2,PAIRED,PCR,METAGENOMIC,human gut metagenome,ILLUMINA,2025-01-01T00:00:00Z,2023-07-20T15:28:00Z,1,390TP07.2,SRP450576
SRR25367823,AMPLICON,502,24866570,PRJNA944997,SAMN36658786,"MIMARKS.survey,MIGS/MIMS/MIMARKS.human-gut",14719829,CORNELL UNIVERSITY,2020-10-06/2021-12-16,public,"fastq,run.zq,sra","gs,ncbi,s3","gs.us-east1,ncbi.public,s3.us-east-1",human body,distal gut,stool,SRX21107343,USA,North America,USA,Homo sapiens,Illumina MiSeq,326TP07.2,42.4440 N 76.5019 W,326TP07.2,PAIRED,PCR,METAGENOMIC,human gut metagenome,ILLUMINA,2025-01-01T00:00:00Z,2023-07-20T15:28:00Z,1,326TP07.2,SRP450576
SRR25367827,AMPLICON,502,20121666,PRJNA944997,SAMN36658826,"MIMARKS.survey,MIGS/MIMS/MIMARKS.human-gut",11593530,CORNELL UNIVERSITY,2020-10-06/2021-12-16,public,"fastq,run.zq,sra","gs,ncbi,s3","gs.us-east1,ncbi.public,s3.us-east-1",human body,distal gut,stool,SRX21107339,USA,North America,USA,Homo sapiens,Illumina MiSeq,390TP04.2,42.4440 N 76.5019 W,390TP04.2,PAIRED,PCR,METAGENOMIC,human gut metagenome,ILLUMINA,2025-01-01T00:00:00Z,2023-07-20T15:28:00Z,1,390TP04.2,SRP450576
SRR25367830,AMPLICON,502,38583218,PRJNA944997,SAMN36658518,"MIMARKS.survey,MIGS/MIMS/MIMARKS.human-gut",24821679,CORNELL UNIVERSITY,2020-10-06/2021-12-16,public,"fastq,run.zq,sra","gs,ncbi,s3","gs.us-east1,ncbi.public,s3.us-east-1",human body,distal gut,stool,SRX21107336,USA,North America,USA,Homo sapiens,Illumina MiSeq,390TP02,42.4440 N 76.5019 W,390TP02,PAIRED,PCR,METAGENOMIC,human gut metagenome,ILLUMINA,2025-01-01T00:00:00Z,2023-07-20T15:28:00Z,1,390TP02,SRP450576
SRR25367831,AMPLICON,502,26772664,PRJNA944997,SAMN36658042,"MIMARKS.survey,MIGS/MIMS/MIMARKS.human-gut",16192042,CORNELL UNIVERSITY,2020-10-06/2021-12-16,public,"fastq,run.zq,sra","gs,ncbi,s3","gs.us-east1,ncbi.public,s3.us-east-1",human body,distal gut,stool,SRX21107335,USA,North America,USA,Homo sapiens,Illumina MiSeq,390TP01,42.4440 N 76.5019 W,390TP01,PAIRED,PCR,METAGENOMIC,human gut metagenome,ILLUMINA,2025-01-01T00:00:00Z,2023-07-20T15:28:00Z,1,390TP01,SRP450576
SRR25367832,AMPLICON,502,29950826,PRJNA944997,SAMN36658684,"MIMARKS.survey,MIGS/MIMS/MIMARKS.human-gut",17846408,CORNELL UNIVERSITY,2020-10-06/2021-12-16,public,"fastq,run.zq,sra","gs,ncbi,s3","gs.us-east1,ncbi.public,s3.us-east-1",human body,distal gut,stool,SRX21107334,USA,North America,USA,Homo sapiens,Illumina MiSeq,389TP12,42.4440 N 76.5019 W,389TP12,PAIRED,PCR,METAGENOMIC,human gut metagenome,ILLUMINA,2025-01-01T00:00:00Z,2023-07-20T15:28:00Z,1,389TP12,SRP450576
SRR25367833,AMPLICON,502,51246670,PRJNA944997,SAMN36658683,"MIMARKS.survey,MIGS/MIMS/MIMARKS.human-gut",31784854,CORNELL UNIVERSITY,2020-10-06/2021-12-16,public,"fastq,run.zq,sra","gs,ncbi,s3","gs.us-east1,ncbi.public,s3.us-east-1",human body,distal gut,stool,SRX21107333,USA,North America,USA,Homo sapiens,Illumina MiSeq,389TP11,42.4440 N 76.5019 W,389TP11,PAIRED,PCR,METAGENOMIC,human gut metagenome,ILLUMINA,2025-01-01T00:00:00Z,2023-07-20T15:28:00Z,1,389TP11,SRP450576
SRR25367834,AMPLICON,502,43970180,PRJNA944997,SAMN36658289,"MIGS/MIMS/MIMARKS.human-gut,MIMARKS.survey",29579986,CORNELL UNIVERSITY,2020-10-06/2021-12-16,public,"fastq,run.zq,sra","gs,ncbi,s3","gs.us-east1,ncbi.public,s3.us-east-1",human body,distal gut,stool,SRX21107332,USA,North America,USA,Homo sapiens,Illumina MiSeq,326TP07,42.4440 N 76.5019 W,326TP07,PAIRED,PCR,METAGENOMIC,human gut metagenome,ILLUMINA,2025-01-01T00:00:00Z,2023-07-20T15:28:00Z,1,326TP07,SRP450576
SRR25367835,AMPLICON,502,48016802,PRJNA944997,SAMN36658726,"MIMARKS.survey,MIGS/MIMS/MIMARKS.human-gut",32054577,CORNELL UNIVERSITY,2020-10-06/2021-12-16,public,"fastq,run.zq,sra","gs,ncbi,s3","gs.us-east1,ncbi.public,s3.us-east-1",human body,distal gut,stool,SRX21107331,USA,North America,USA,Homo sapiens,Illumina MiSeq,320TP07.2,42.4440 N 76.5019 W,320TP07.2,PAIRED,PCR,METAGENOMIC,human gut metagenome,ILLUMINA,2025-01-01T00:00:00Z,2023-07-20T15:29:00Z,1,320TP07.2,SRP450576
SRR25367836,AMPLICON,502,29723420,PRJNA944997,SAMN36658517,"MIMARKS.survey,MIGS/MIMS/MIMARKS.human-gut",18922751,CORNELL UNIVERSITY,2020-10-06/2021-12-16,public,"fastq,run.zq,sra","gs,ncbi,s3","gs.us-east1,ncbi.public,s3.us-east-1",human body,distal gut,stool,SRX21107330,USA,North America,USA,Homo sapiens,Illumina MiSeq,389TP08,42.4440 N 76.5019 W,389TP08,PAIRED,PCR,METAGENOMIC,human gut metagenome,ILLUMINA,2025-01-01T00:00:00Z,2023-07-20T15:28:00Z,1,389TP08,SRP450576
SRR25367837,AMPLICON,502,22899232,PRJNA944997,SAMN36658581,"MIMARKS.survey,MIGS/MIMS/MIMARKS.human-gut",13759803,CORNELL UNIVERSITY,2020-10-06/2021-12-16,public,"fastq,run.zq,sra","gs,ncbi,s3","gs.us-east1,ncbi.public,s3.us-east-1",human body,distal gut,stool,SRX21107329,USA,North America,USA,Homo sapiens,Illumina MiSeq,389TP05,42.4440 N 76.5019 W,389TP05,PAIRED,PCR,METAGENOMIC,human gut metagenome,ILLUMINA,2025-01-01T00:00:00Z,2023-07-20T15:28:00Z,1,389TP05,SRP450576
SRR25367838,AMPLICON,502,40841716,PRJNA944997,SAMN36658452,"MIMARKS.survey,MIGS/MIMS/MIMARKS.human-gut",26158038,CORNELL UNIVERSITY,2020-10-06/2021-12-16,public,"fastq,run.zq,sra","gs,ncbi,s3","gs.us-east1,ncbi.public,s3.us-east-1",human body,distal gut,stool,SRX21107328,USA,North America,USA,Homo sapiens,Illumina MiSeq,389TP02,42.4440 N 76.5019 W,389TP02,PAIRED,PCR,METAGENOMIC,human gut metagenome,ILLUMINA,2025-01-01T00:00:00Z,2023-07-20T15:28:00Z,1,389TP02,SRP450576
SRR25367839,AMPLICON,502,25316864,PRJNA944997,SAMN36658041,"MIMARKS.survey,MIGS/MIMS/MIMARKS.human-gut",15352556,CORNELL UNIVERSITY,2020-10-06/2021-12-16,public,"fastq,run.zq,sra","gs,ncbi,s3","gs.us-east1,ncbi.public,s3.us-east-1",human body,distal gut,stool,SRX21107327,USA,North America,USA,Homo sapiens,Illumina MiSeq,389TP01,42.4440 N 76.5019 W,389TP01,PAIRED,PCR,METAGENOMIC,human gut metagenome,ILLUMINA,2025-01-01T00:00:00Z,2023-07-20T15:28:00Z,1,389TP01,SRP450576
SRR25367840,AMPLICON,502,25783724,PRJNA944997,SAMN36658777,"MIMARKS.survey,MIGS/MIMS/MIMARKS.human-gut",15291742,CORNELL UNIVERSITY,2020-10-06/2021-12-16,public,"fastq,run.zq,sra","gs,ncbi,s3","gs.us-east1,ncbi.public,s3.us-east-1",human body,distal gut,stool,SRX21107326,USA,North America,USA,Homo sapiens,Illumina MiSeq,388TP10.2,42.4440 N 76.5019 W,388TP10.2,PAIRED,PCR,METAGENOMIC,human gut metagenome,ILLUMINA,2025-01-01T00:00:00Z,2023-07-20T15:28:00Z,1,388TP10.2,SRP450576
SRR25367841,AMPLICON,502,46557488,PRJNA944997,SAMN36658154,"MIMARKS.survey,MIGS/MIMS/MIMARKS.human-gut",31458134,CORNELL UNIVERSITY,2020-10-06/2021-12-16,public,"fastq,run.zq,sra","gs,ncbi,s3","gs.us-east1,ncbi.public,s3.us-east-1",human body,distal gut,stool,SRX21107325,USA,North America,USA,Homo sapiens,Illumina MiSeq,388TP10,42.4440 N 76.5019 W,388TP10,PAIRED,PCR,METAGENOMIC,human gut metagenome,ILLUMINA,2025-01-01T00:00:00Z,2023-07-20T15:28:00Z,1,388TP10,SRP450576
SRR25367842,AMPLICON,502,33512516,PRJNA944997,SAMN36658257,"MIMARKS.survey,MIGS/MIMS/MIMARKS.human-gut",20988948,CORNELL UNIVERSITY,2020-10-06/2021-12-16,public,"fastq,run.zq,sra","gs,ncbi,s3","gs.us-east1,ncbi.public,s3.us-east-1",human body,distal gut,stool,SRX21107324,USA,North America,USA,Homo sapiens,Illumina MiSeq,377TP09,42.4440 N 76.5019 W,377TP09,PAIRED,PCR,METAGENOMIC,human gut metagenome,ILLUMINA,2025-01-01T00:00:00Z,2023-07-20T15:28:00Z,1,377TP09,SRP450576
SRR25367843,AMPLICON,502,32114948,PRJNA944997,SAMN36658509,"MIMARKS.survey,MIGS/MIMS/MIMARKS.human-gut",20544221,CORNELL UNIVERSITY,2020-10-06/2021-12-16,public,"fastq,run.zq,sra","gs,ncbi,s3","gs.us-east1,ncbi.public,s3.us-east-1",human body,distal gut,stool,SRX21107323,USA,North America,USA,Homo sapiens,Illumina MiSeq,377TP08,42.4440 N 76.5019 W,377TP08,PAIRED,PCR,METAGENOMIC,human gut metagenome,ILLUMINA,2025-01-01T00:00:00Z,2023-07-20T15:28:00Z,1,377TP08,SRP450576
SRR25367844,AMPLICON,502,33743938,PRJNA944997,SAMN36658696,"MIMARKS.survey,MIGS/MIMS/MIMARKS.human-gut",19563124,CORNELL UNIVERSITY,2020-10-06/2021-12-16,public,"fastq,run.zq,sra","gs,ncbi,s3","gs.us-east1,ncbi.public,s3.us-east-1",human body,distal gut,stool,SRX21107322,USA,North America,USA,Homo sapiens,Illumina MiSeq,377TP07.2,42.4440 N 76.5019 W,377TP07.2,PAIRED,PCR,METAGENOMIC,human gut metagenome,ILLUMINA,2025-01-01T00:00:00Z,2023-07-20T15:28:00Z,1,377TP07.2,SRP450576
SRR25367845,AMPLICON,502,57763132,PRJNA944997,SAMN36658375,"MIMARKS.survey,MIGS/MIMS/MIMARKS.human-gut",38521900,CORNELL UNIVERSITY,2020-10-06/2021-12-16,public,"fastq,run.zq,sra","gs,ncbi,s3","gs.us-east1,ncbi.public,s3.us-east-1",human body,distal gut,stool,SRX21107321,USA,North America,USA,Homo sapiens,Illumina MiSeq,377TP07,42.4440 N 76.5019 W,377TP07,PAIRED,PCR,METAGENOMIC,human gut metagenome,ILLUMINA,2025-01-01T00:00:00Z,2023-07-20T15:29:00Z,1,377TP07,SRP450576
SRR25367846,AMPLICON,502,42635864,PRJNA944997,SAMN36658374,"MIMARKS.survey,MIGS/MIMS/MIMARKS.human-gut",26099418,CORNELL UNIVERSITY,2020-10-06/2021-12-16,public,"fastq,run.zq,sra","gs,ncbi,s3","gs.us-east1,ncbi.public,s3.us-east-1",human body,distal gut,stool,SRX21107320,USA,North America,USA,Homo sapiens,Illumina MiSeq,377TP06,42.4440 N 76.5019 W,377TP06,PAIRED,PCR,METAGENOMIC,human gut metagenome,ILLUMINA,2025-01-01T00:00:00Z,2023-07-20T15:28:00Z,1,377TP06,SRP450576
SRR25367858,AMPLICON,502,25852498,PRJNA944997,SAMN36658255,"MIMARKS.survey,MIGS/MIMS/MIMARKS.human-gut",14567635,CORNELL UNIVERSITY,2020-10-06/2021-12-16,public,"fastq,run.zq,sra","gs,ncbi,s3","gs.us-east1,ncbi.public,s3.us-east-1",human body,distal gut,stool,SRX21107308,USA,North America,USA,Homo sapiens,Illumina MiSeq,375TP09,42.4440 N 76.5019 W,375TP09,PAIRED,PCR,METAGENOMIC,human gut metagenome,ILLUMINA,2025-01-01T00:00:00Z,2023-07-20T15:28:00Z,1,375TP09,SRP450576
SRR25367859,AMPLICON,502,42271412,PRJNA944997,SAMN36658508,"MIMARKS.survey,MIGS/MIMS/MIMARKS.human-gut",26996713,CORNELL UNIVERSITY,2020-10-06/2021-12-16,public,"fastq,run.zq,sra","gs,ncbi,s3","gs.us-east1,ncbi.public,s3.us-east-1",human body,distal gut,stool,SRX21107307,USA,North America,USA,Homo sapiens,Illumina MiSeq,375TP08,42.4440 N 76.5019 W,375TP08,PAIRED,PCR,METAGENOMIC,human gut metagenome,ILLUMINA,2025-01-01T00:00:00Z,2023-07-20T15:28:00Z,1,375TP08,SRP450576
SRR25367862,AMPLICON,502,39340736,PRJNA944997,SAMN36658373,"MIMARKS.survey,MIGS/MIMS/MIMARKS.human-gut",26173071,CORNELL UNIVERSITY,2020-10-06/2021-12-16,public,"fastq,run.zq,sra","gs,ncbi,s3","gs.us-east1,ncbi.public,s3.us-east-1",human body,distal gut,stool,SRX21107304,USA,North America,USA,Homo sapiens,Illumina MiSeq,375TP07,42.4440 N 76.5019 W,375TP07,PAIRED,PCR,METAGENOMIC,human gut metagenome,ILLUMINA,2025-01-01T00:00:00Z,2023-07-20T15:28:00Z,1,375TP07,SRP450576
SRR25367863,AMPLICON,502,40791516,PRJNA944997,SAMN36658372,"MIMARKS.survey,MIGS/MIMS/MIMARKS.human-gut",24347536,CORNELL UNIVERSITY,2020-10-06/2021-12-16,public,"fastq,run.zq,sra","gs,ncbi,s3","gs.us-east1,ncbi.public,s3.us-east-1",human body,distal gut,stool,SRX21107303,USA,North America,USA,Homo sapiens,Illumina MiSeq,375TP06,42.4440 N 76.5019 W,375TP06,PAIRED,PCR,METAGENOMIC,human gut metagenome,ILLUMINA,2025-01-01T00:00:00Z,2023-07-20T15:28:00Z,1,375TP06,SRP450576
SRR25367864,AMPLICON,502,29559768,PRJNA944997,SAMN36658573,"MIMARKS.survey,MIGS/MIMS/MIMARKS.human-gut",17412702,CORNELL UNIVERSITY,2020-10-06/2021-12-16,public,"fastq,run.zq,sra","gs,ncbi,s3","gs.us-east1,ncbi.public,s3.us-east-1",human body,distal gut,stool,SRX21107302,USA,North America,USA,Homo sapiens,Illumina MiSeq,375TP05,42.4440 N 76.5019 W,375TP05,PAIRED,PCR,METAGENOMIC,human gut metagenome,ILLUMINA,2025-01-01T00:00:00Z,2023-07-20T15:28:00Z,1,375TP05,SRP450576
SRR25367865,AMPLICON,502,51443454,PRJNA944997,SAMN36658748,"MIMARKS.survey,MIGS/MIMS/MIMARKS.human-gut",34703941,CORNELL UNIVERSITY,2020-10-06/2021-12-16,public,"fastq,run.zq,sra","gs,ncbi,s3","gs.us-east1,ncbi.public,s3.us-east-1",human body,distal gut,stool,SRX21107301,USA,North America,USA,Homo sapiens,Illumina MiSeq,375TP04.2,42.4440 N 76.5019 W,375TP04.2,PAIRED,PCR,METAGENOMIC,human gut metagenome,ILLUMINA,2025-01-01T00:00:00Z,2023-07-20T15:28:00Z,1,375TP04.2,SRP450576
SRR25367866,AMPLICON,502,28293724,PRJNA944997,SAMN36658141,"MIMARKS.survey,MIGS/MIMS/MIMARKS.human-gut",16833544,CORNELL UNIVERSITY,2020-10-06/2021-12-16,public,"fastq,run.zq,sra","gs,ncbi,s3","gs.us-east1,ncbi.public,s3.us-east-1",human body,distal gut,stool,SRX21107300,USA,North America,USA,Homo sapiens,Illumina MiSeq,375TP04,42.4440 N 76.5019 W,375TP04,PAIRED,PCR,METAGENOMIC,human gut metagenome,ILLUMINA,2025-01-01T00:00:00Z,2023-07-20T15:28:00Z,1,375TP04,SRP450576
SRR25367877,AMPLICON,502,26816840,PRJNA944997,SAMN36658738,"MIMARKS.survey,MIGS/MIMS/MIMARKS.human-gut",15689168,CORNELL UNIVERSITY,2020-10-06/2021-12-16,public,"fastq,run.zq,sra","gs,ncbi,s3","gs.us-east1,ncbi.public,s3.us-east-1",human body,distal gut,stool,SRX21107289,USA,North America,USA,Homo sapiens,Illumina MiSeq,366TP10.2,42.4440 N 76.5019 W,366TP10.2,PAIRED,PCR,METAGENOMIC,human gut metagenome,ILLUMINA,2025-01-01T00:00:00Z,2023-07-20T15:28:00Z,1,366TP10.2,SRP450576
SRR25367878,AMPLICON,502,44647378,PRJNA944997,SAMN36658127,"MIMARKS.survey,MIGS/MIMS/MIMARKS.human-gut",29931417,CORNELL UNIVERSITY,2020-10-06/2021-12-16,public,"fastq,run.zq,sra","gs,ncbi,s3","gs.us-east1,ncbi.public,s3.us-east-1",human body,distal gut,stool,SRX21107288,USA,North America,USA,Homo sapiens,Illumina MiSeq,366TP10,42.4440 N 76.5019 W,366TP10,PAIRED,PCR,METAGENOMIC,human gut metagenome,ILLUMINA,2025-01-01T00:00:00Z,2023-07-20T15:28:00Z,1,366TP10,SRP450576
SRR25367879,AMPLICON,502,26932802,PRJNA944997,SAMN36658126,"MIMARKS.survey,MIGS/MIMS/MIMARKS.human-gut",15262762,CORNELL UNIVERSITY,2020-10-06/2021-12-16,public,"fastq,run.zq,sra","gs,ncbi,s3","gs.us-east1,ncbi.public,s3.us-east-1",human body,distal gut,stool,SRX21107287,USA,North America,USA,Homo sapiens,Illumina MiSeq,366TP09,42.4440 N 76.5019 W,366TP09,PAIRED,PCR,METAGENOMIC,human gut metagenome,ILLUMINA,2025-01-01T00:00:00Z,2023-07-20T15:28:00Z,1,366TP09,SRP450576
SRR25367880,AMPLICON,502,36420602,PRJNA944997,SAMN36658435,"MIMARKS.survey,MIGS/MIMS/MIMARKS.human-gut",23316245,CORNELL UNIVERSITY,2020-10-06/2021-12-16,public,"fastq,run.zq,sra","gs,ncbi,s3","gs.us-east1,ncbi.public,s3.us-east-1",human body,distal gut,stool,SRX21107286,USA,North America,USA,Homo sapiens,Illumina MiSeq,366TP08,42.4440 N 76.5019 W,366TP08,PAIRED,PCR,METAGENOMIC,human gut metagenome,ILLUMINA,2025-01-01T00:00:00Z,2023-07-20T15:28:00Z,1,366TP08,SRP450576
SRR25367881,AMPLICON,502,24810346,PRJNA944997,SAMN36658839,"MIMARKS.survey,MIGS/MIMS/MIMARKS.human-gut",16390695,CORNELL UNIVERSITY,2020-10-06/2021-12-16,public,"fastq,run.zq,sra","gs,ncbi,s3","gs.us-east1,ncbi.public,s3.us-east-1",human body,distal gut,stool,SRX21107285,USA,North America,USA,Homo sapiens,Illumina MiSeq,366TP07.2,42.4440 N 76.5019 W,366TP07.2,PAIRED,PCR,METAGENOMIC,human gut metagenome,ILLUMINA,2025-01-01T00:00:00Z,2023-07-20T15:28:00Z,1,366TP07.2,SRP450576
SRR25367882,AMPLICON,502,15394834,PRJNA944997,SAMN36658360,"MIMARKS.survey,MIGS/MIMS/MIMARKS.human-gut",8865911,CORNELL UNIVERSITY,2020-10-06/2021-12-16,public,"fastq,run.zq,sra","gs,ncbi,s3","gs.us-east1,ncbi.public,s3.us-east-1",human body,distal gut,stool,SRX21107284,USA,North America,USA,Homo sapiens,Illumina MiSeq,366TP07,42.4440 N 76.5019 W,366TP07,PAIRED,PCR,METAGENOMIC,human gut metagenome,ILLUMINA,2025-01-01T00:00:00Z,2023-07-20T15:28:00Z,1,366TP07,SRP450576
SRR25367883,AMPLICON,502,51545360,PRJNA944997,SAMN36658359,"MIMARKS.survey,MIGS/MIMS/MIMARKS.human-gut",32030740,CORNELL UNIVERSITY,2020-10-06/2021-12-16,public,"fastq,run.zq,sra","gs,ncbi,s3","gs.us-east1,ncbi.public,s3.us-east-1",human body,distal gut,stool,SRX21107283,USA,North America,USA,Homo sapiens,Illumina MiSeq,366TP06,42.4440 N 76.5019 W,366TP06,PAIRED,PCR,METAGENOMIC,human gut metagenome,ILLUMINA,2025-01-01T00:00:00Z,2023-07-20T15:28:00Z,1,366TP06,SRP450576
SRR25367884,AMPLICON,502,36459256,PRJNA944997,SAMN36658566,"MIGS/MIMS/MIMARKS.human-gut,MIMARKS.survey",21345100,CORNELL UNIVERSITY,2020-10-06/2021-12-16,public,"fastq,run.zq,sra","gs,ncbi,s3","gs.us-east1,ncbi.public,s3.us-east-1",human body,distal gut,stool,SRX21107282,USA,North America,USA,Homo sapiens,Illumina MiSeq,366TP05,42.4440 N 76.5019 W,366TP05,PAIRED,PCR,METAGENOMIC,human gut metagenome,ILLUMINA,2025-01-01T00:00:00Z,2023-07-20T15:28:00Z,1,366TP05,SRP450576
SRR25367885,AMPLICON,502,36326226,PRJNA944997,SAMN36658242,"MIMARKS.survey,MIGS/MIMS/MIMARKS.human-gut",22829599,CORNELL UNIVERSITY,2020-10-06/2021-12-16,public,"fastq,run.zq,sra","gs,ncbi,s3","gs.us-east1,ncbi.public,s3.us-east-1",human body,distal gut,stool,SRX21107281,USA,North America,USA,Homo sapiens,Illumina MiSeq,366TP03,42.4440 N 76.5019 W,366TP03,PAIRED,PCR,METAGENOMIC,human gut metagenome,ILLUMINA,2025-01-01T00:00:00Z,2023-07-20T15:28:00Z,1,366TP03,SRP450576
SRR25367887,AMPLICON,502,25822378,PRJNA944997,SAMN36657982,"MIMARKS.survey,MIGS/MIMS/MIMARKS.human-gut",14729207,CORNELL UNIVERSITY,2020-10-06/2021-12-16,public,"fastq,run.zq,sra","gs,ncbi,s3","gs.us-east1,ncbi.public,s3.us-east-1",human body,distal gut,stool,SRX21107279,USA,North America,USA,Homo sapiens,Illumina MiSeq,325TP01,42.4440 N 76.5019 W,325TP01,PAIRED,PCR,METAGENOMIC,human gut metagenome,ILLUMINA,2025-01-01T00:00:00Z,2023-07-20T15:28:00Z,1,325TP01,SRP450576
SRR25367888,AMPLICON,502,27820338,PRJNA944997,SAMN36658021,"MIMARKS.survey,MIGS/MIMS/MIMARKS.human-gut",17109675,CORNELL UNIVERSITY,2020-10-06/2021-12-16,public,"fastq,run.zq,sra","gs,ncbi,s3","gs.us-east1,ncbi.public,s3.us-east-1",human body,distal gut,stool,SRX21107278,USA,North America,USA,Homo sapiens,Illumina MiSeq,366TP01,42.4440 N 76.5019 W,366TP01,PAIRED,PCR,METAGENOMIC,human gut metagenome,ILLUMINA,2025-01-01T00:00:00Z,2023-07-20T15:28:00Z,1,366TP01,SRP450576
SRR25367889,AMPLICON,502,33810202,PRJNA944997,SAMN36658657,"MIMARKS.survey,MIGS/MIMS/MIMARKS.human-gut",19598200,CORNELL UNIVERSITY,2020-10-06/2021-12-16,public,"fastq,run.zq,sra","gs,ncbi,s3","gs.us-east1,ncbi.public,s3.us-east-1",human body,distal gut,stool,SRX21107277,USA,North America,USA,Homo sapiens,Illumina MiSeq,365TP12,42.4440 N 76.5019 W,365TP12,PAIRED,PCR,METAGENOMIC,human gut metagenome,ILLUMINA,2025-01-01T00:00:00Z,2023-07-20T15:28:00Z,1,365TP12,SRP450576
SRR25367890,AMPLICON,502,32503998,PRJNA944997,SAMN36658656,"MIMARKS.survey,MIGS/MIMS/MIMARKS.human-gut",20158374,CORNELL UNIVERSITY,2020-10-06/2021-12-16,public,"fastq,run.zq,sra","gs,ncbi,s3","gs.us-east1,ncbi.public,s3.us-east-1",human body,distal gut,stool,SRX21107276,USA,North America,USA,Homo sapiens,Illumina MiSeq,365TP11,42.4440 N 76.5019 W,365TP11,PAIRED,PCR,METAGENOMIC,human gut metagenome,ILLUMINA,2025-01-01T00:00:00Z,2023-07-20T15:28:00Z,1,365TP11,SRP450576
SRR25367891,AMPLICON,502,23987568,PRJNA944997,SAMN36658801,"MIMARKS.survey,MIGS/MIMS/MIMARKS.human-gut",14378229,CORNELL UNIVERSITY,2020-10-06/2021-12-16,public,"fastq,run.zq,sra","gs,ncbi,s3","gs.us-east1,ncbi.public,s3.us-east-1",human body,distal gut,stool,SRX21107275,USA,North America,USA,Homo sapiens,Illumina MiSeq,365TP10.2,42.4440 N 76.5019 W,365TP10.2,PAIRED,PCR,METAGENOMIC,human gut metagenome,ILLUMINA,2025-01-01T00:00:00Z,2023-07-20T15:28:00Z,1,365TP10.2,SRP450576
SRR25367892,AMPLICON,502,40922538,PRJNA944997,SAMN36658241,"MIMARKS.survey,MIGS/MIMS/MIMARKS.human-gut",27710997,CORNELL UNIVERSITY,2020-10-06/2021-12-16,public,"fastq,run.zq,sra","gs,ncbi,s3","gs.us-east1,ncbi.public,s3.us-east-1",human body,distal gut,stool,SRX21107274,USA,North America,USA,Homo sapiens,Illumina MiSeq,365TP10,42.4440 N 76.5019 W,365TP10,PAIRED,PCR,METAGENOMIC,human gut metagenome,ILLUMINA,2025-01-01T00:00:00Z,2023-07-20T15:28:00Z,1,365TP10,SRP450576
SRR25367894,AMPLICON,502,44888338,PRJNA944997,SAMN36658500,"MIMARKS.survey,MIGS/MIMS/MIMARKS.human-gut",28841181,CORNELL UNIVERSITY,2020-10-06/2021-12-16,public,"fastq,run.zq,sra","gs,ncbi,s3","gs.us-east1,ncbi.public,s3.us-east-1",human body,distal gut,stool,SRX21107272,USA,North America,USA,Homo sapiens,Illumina MiSeq,365TP08,42.4440 N 76.5019 W,365TP08,PAIRED,PCR,METAGENOMIC,human gut metagenome,ILLUMINA,2025-01-01T00:00:00Z,2023-07-20T15:28:00Z,1,365TP08,SRP450576
SRR25367895,AMPLICON,502,45139338,PRJNA944997,SAMN36658742,"MIMARKS.survey,MIGS/MIMS/MIMARKS.human-gut",30285909,CORNELL UNIVERSITY,2020-10-06/2021-12-16,public,"fastq,run.zq,sra","gs,ncbi,s3","gs.us-east1,ncbi.public,s3.us-east-1",human body,distal gut,stool,SRX21107271,USA,North America,USA,Homo sapiens,Illumina MiSeq,365TP07.2,42.4440 N 76.5019 W,365TP07.2,PAIRED,PCR,METAGENOMIC,human gut metagenome,ILLUMINA,2025-01-01T00:00:00Z,2023-07-20T15:28:00Z,1,365TP07.2,SRP450576
SRR25367896,AMPLICON,502,26533210,PRJNA944997,SAMN36658358,"MIMARKS.survey,MIGS/MIMS/MIMARKS.human-gut",15642358,CORNELL UNIVERSITY,2020-10-06/2021-12-16,public,"fastq,run.zq,sra","gs,ncbi,s3","gs.us-east1,ncbi.public,s3.us-east-1",human body,distal gut,stool,SRX21107270,USA,North America,USA,Homo sapiens,Illumina MiSeq,365TP07,42.4440 N 76.5019 W,365TP07,PAIRED,PCR,METAGENOMIC,human gut metagenome,ILLUMINA,2025-01-01T00:00:00Z,2023-07-20T15:28:00Z,1,365TP07,SRP450576
SRR25367897,AMPLICON,502,33006500,PRJNA944997,SAMN36658357,"MIMARKS.survey,MIGS/MIMS/MIMARKS.human-gut",20557084,CORNELL UNIVERSITY,2020-10-06/2021-12-16,public,"fastq,run.zq,sra","gs,ncbi,s3","gs.us-east1,ncbi.public,s3.us-east-1",human body,distal gut,stool,SRX21107269,USA,North America,USA,Homo sapiens,Illumina MiSeq,365TP06,42.4440 N 76.5019 W,365TP06,PAIRED,PCR,METAGENOMIC,human gut metagenome,ILLUMINA,2025-01-01T00:00:00Z,2023-07-20T15:28:00Z,1,365TP06,SRP450576
SRR25367898,AMPLICON,502,27182296,PRJNA944997,SAMN36658594,"MIMARKS.survey,MIGS/MIMS/MIMARKS.human-gut",15337561,CORNELL UNIVERSITY,2020-10-06/2021-12-16,public,"fastq,run.zq,sra","gs,ncbi,s3","gs.us-east1,ncbi.public,s3.us-east-1",human body,distal gut,stool,SRX21107268,USA,North America,USA,Homo sapiens,Illumina MiSeq,323TP12.rerun,42.4440 N 76.5019 W,323TP12.rerun,PAIRED,PCR,METAGENOMIC,human gut metagenome,ILLUMINA,2025-01-01T00:00:00Z,2023-07-20T15:28:00Z,1,323TP12.rerun,SRP450576
SRR25367902,AMPLICON,502,35226344,PRJNA944997,SAMN36658124,"MIMARKS.survey,MIGS/MIMS/MIMARKS.human-gut",22017445,CORNELL UNIVERSITY,2020-10-06/2021-12-16,public,"fastq,run.zq,sra","gs,ncbi,s3","gs.us-east1,ncbi.public,s3.us-east-1",human body,distal gut,stool,SRX21107264,USA,North America,USA,Homo sapiens,Illumina MiSeq,365TP03,42.4440 N 76.5019 W,365TP03,PAIRED,PCR,METAGENOMIC,human gut metagenome,ILLUMINA,2025-01-01T00:00:00Z,2023-07-20T15:28:00Z,1,365TP03,SRP450576
SRR25367903,AMPLICON,502,30103434,PRJNA944997,SAMN36658434,"MIMARKS.survey,MIGS/MIMS/MIMARKS.human-gut",19373754,CORNELL UNIVERSITY,2020-10-06/2021-12-16,public,"fastq,run.zq,sra","gs,ncbi,s3","gs.us-east1,ncbi.public,s3.us-east-1",human body,distal gut,stool,SRX21107263,USA,North America,USA,Homo sapiens,Illumina MiSeq,365TP02,42.4440 N 76.5019 W,365TP02,PAIRED,PCR,METAGENOMIC,human gut metagenome,ILLUMINA,2025-01-01T00:00:00Z,2023-07-20T15:28:00Z,1,365TP02,SRP450576
SRR25367904,AMPLICON,502,31719372,PRJNA944997,SAMN36658020,"MIMARKS.survey,MIGS/MIMS/MIMARKS.human-gut",18959272,CORNELL UNIVERSITY,2020-10-06/2021-12-16,public,"fastq,run.zq,sra","gs,ncbi,s3","gs.us-east1,ncbi.public,s3.us-east-1",human body,distal gut,stool,SRX21107262,USA,North America,USA,Homo sapiens,Illumina MiSeq,365TP01.rerun,42.4440 N 76.5019 W,365TP01.rerun,PAIRED,PCR,METAGENOMIC,human gut metagenome,ILLUMINA,2025-01-01T00:00:00Z,2023-07-20T15:28:00Z,1,365TP01.rerun,SRP450576
SRR25367905,AMPLICON,502,30625012,PRJNA944997,SAMN36658655,"MIMARKS.survey,MIGS/MIMS/MIMARKS.human-gut",17391654,CORNELL UNIVERSITY,2020-10-06/2021-12-16,public,"fastq,run.zq,sra","gs,ncbi,s3","gs.us-east1,ncbi.public,s3.us-east-1",human body,distal gut,stool,SRX21107261,USA,North America,USA,Homo sapiens,Illumina MiSeq,364TP12,42.4440 N 76.5019 W,364TP12,PAIRED,PCR,METAGENOMIC,human gut metagenome,ILLUMINA,2025-01-01T00:00:00Z,2023-07-20T15:28:00Z,1,364TP12,SRP450576
SRR25367906,AMPLICON,502,22321932,PRJNA944997,SAMN36658797,"MIMARKS.survey,MIGS/MIMS/MIMARKS.human-gut",13176295,CORNELL UNIVERSITY,2020-10-06/2021-12-16,public,"fastq,run.zq,sra","gs,ncbi,s3","gs.us-east1,ncbi.public,s3.us-east-1",human body,distal gut,stool,SRX21107260,USA,North America,USA,Homo sapiens,Illumina MiSeq,358TP04.2,42.4440 N 76.5019 W,358TP04.2,PAIRED,PCR,METAGENOMIC,human gut metagenome,ILLUMINA,2025-01-01T00:00:00Z,2023-07-20T15:28:00Z,1,358TP04.2,SRP450576
SRR25367907,AMPLICON,502,37423598,PRJNA944997,SAMN36658227,"MIMARKS.survey,MIGS/MIMS/MIMARKS.human-gut",25052604,CORNELL UNIVERSITY,2020-10-06/2021-12-16,public,"fastq,run.zq,sra","gs,ncbi,s3","gs.us-east1,ncbi.public,s3.us-east-1",human body,distal gut,stool,SRX21107259,USA,North America,USA,Homo sapiens,Illumina MiSeq,358TP04,42.4440 N 76.5019 W,358TP04,PAIRED,PCR,METAGENOMIC,human gut metagenome,ILLUMINA,2025-01-01T00:00:00Z,2023-07-20T15:28:00Z,1,358TP04,SRP450576
SRR25367914,AMPLICON,502,26757604,PRJNA944997,SAMN36658225,"MIMARKS.survey,MIGS/MIMS/MIMARKS.human-gut",16119662,CORNELL UNIVERSITY,2020-10-06/2021-12-16,public,"fastq,run.zq,sra","gs,ncbi,s3","gs.us-east1,ncbi.public,s3.us-east-1",human body,distal gut,stool,SRX21106853,USA,North America,USA,Homo sapiens,Illumina MiSeq,357TP10,42.4440 N 76.5019 W,357TP10,PAIRED,PCR,METAGENOMIC,human gut metagenome,ILLUMINA,2025-01-01T00:00:00Z,2023-07-20T15:28:00Z,1,357TP10,SRP450576
SRR25367915,AMPLICON,502,20221062,PRJNA944997,SAMN36658224,"MIMARKS.survey,MIGS/MIMS/MIMARKS.human-gut",12065719,CORNELL UNIVERSITY,2020-10-06/2021-12-16,public,"fastq,run.zq,sra","gs,ncbi,s3","gs.us-east1,ncbi.public,s3.us-east-1",human body,distal gut,stool,SRX21106852,USA,North America,USA,Homo sapiens,Illumina MiSeq,357TP09,42.4440 N 76.5019 W,357TP09,PAIRED,PCR,METAGENOMIC,human gut metagenome,ILLUMINA,2025-01-01T00:00:00Z,2023-07-20T15:28:00Z,1,357TP09,SRP450576
SRR25367916,AMPLICON,502,46189020,PRJNA944997,SAMN36658492,"MIMARKS.survey,MIGS/MIMS/MIMARKS.human-gut",30757950,CORNELL UNIVERSITY,2020-10-06/2021-12-16,public,"fastq,run.zq,sra","gs,ncbi,s3","gs.us-east1,ncbi.public,s3.us-east-1",human body,distal gut,stool,SRX21106851,USA,North America,USA,Homo sapiens,Illumina MiSeq,357TP08,42.4440 N 76.5019 W,357TP08,PAIRED,PCR,METAGENOMIC,human gut metagenome,ILLUMINA,2025-01-01T00:00:00Z,2023-07-20T15:28:00Z,1,357TP08,SRP450576
SRR25367917,AMPLICON,502,37548094,PRJNA944997,SAMN36658831,"MIMARKS.survey,MIGS/MIMS/MIMARKS.human-gut",25728391,CORNELL UNIVERSITY,2020-10-06/2021-12-16,public,"fastq,run.zq,sra","gs,ncbi,s3","gs.us-east1,ncbi.public,s3.us-east-1",human body,distal gut,stool,SRX21106850,USA,North America,USA,Homo sapiens,Illumina MiSeq,357TP07.2,42.4440 N 76.5019 W,357TP07.2,PAIRED,PCR,METAGENOMIC,human gut metagenome,ILLUMINA,2025-01-01T00:00:00Z,2023-07-20T15:28:00Z,1,357TP07.2,SRP450576
SRR25367918,AMPLICON,502,21928866,PRJNA944997,SAMN36658344,"MIMARKS.survey,MIGS/MIMS/MIMARKS.human-gut",13341201,CORNELL UNIVERSITY,2020-10-06/2021-12-16,public,"fastq,run.zq,sra","gs,ncbi,s3","gs.us-east1,ncbi.public,s3.us-east-1",human body,distal gut,stool,SRX21106849,USA,North America,USA,Homo sapiens,Illumina MiSeq,357TP07,42.4440 N 76.5019 W,357TP07,PAIRED,PCR,METAGENOMIC,human gut metagenome,ILLUMINA,2025-01-01T00:00:00Z,2023-07-20T15:28:00Z,1,357TP07,SRP450576
SRR25367919,AMPLICON,502,38039552,PRJNA944997,SAMN36658343,"MIMARKS.survey,MIGS/MIMS/MIMARKS.human-gut",24238741,CORNELL UNIVERSITY,2020-10-06/2021-12-16,public,"fastq,run.zq,sra","gs,ncbi,s3","gs.us-east1,ncbi.public,s3.us-east-1",human body,distal gut,stool,SRX21106848,USA,North America,USA,Homo sapiens,Illumina MiSeq,357TP06,42.4440 N 76.5019 W,357TP06,PAIRED,PCR,METAGENOMIC,human gut metagenome,ILLUMINA,2025-01-01T00:00:00Z,2023-07-20T15:28:00Z,1,357TP06,SRP450576
SRR25367920,AMPLICON,502,31817262,PRJNA944997,SAMN36658557,"MIMARKS.survey,MIGS/MIMS/MIMARKS.human-gut",19077459,CORNELL UNIVERSITY,2020-10-06/2021-12-16,public,"fastq,run.zq,sra","gs,ncbi,s3","gs.us-east1,ncbi.public,s3.us-east-1",human body,distal gut,stool,SRX21106847,USA,North America,USA,Homo sapiens,Illumina MiSeq,357TP05,42.4440 N 76.5019 W,357TP05,PAIRED,PCR,METAGENOMIC,human gut metagenome,ILLUMINA,2025-01-01T00:00:00Z,2023-07-20T15:28:00Z,1,357TP05,SRP450576
SRR25367921,AMPLICON,502,40383892,PRJNA944997,SAMN36658793,"MIMARKS.survey,MIGS/MIMS/MIMARKS.human-gut",27347824,CORNELL UNIVERSITY,2020-10-06/2021-12-16,public,"fastq,run.zq,sra","gs,ncbi,s3","gs.us-east1,ncbi.public,s3.us-east-1",human body,distal gut,stool,SRX21106846,USA,North America,USA,Homo sapiens,Illumina MiSeq,357TP04.2,42.4440 N 76.5019 W,357TP04.2,PAIRED,PCR,METAGENOMIC,human gut metagenome,ILLUMINA,2025-01-01T00:00:00Z,2023-07-20T15:28:00Z,1,357TP04.2,SRP450576
SRR25367922,AMPLICON,502,24224512,PRJNA944997,SAMN36658113,"MIMARKS.survey,MIGS/MIMS/MIMARKS.human-gut",14561817,CORNELL UNIVERSITY,2020-10-06/2021-12-16,public,"fastq,run.zq,sra","gs,ncbi,s3","gs.us-east1,ncbi.public,s3.us-east-1",human body,distal gut,stool,SRX21106845,USA,North America,USA,Homo sapiens,Illumina MiSeq,357TP04,42.4440 N 76.5019 W,357TP04,PAIRED,PCR,METAGENOMIC,human gut metagenome,ILLUMINA,2025-01-01T00:00:00Z,2023-07-20T15:28:00Z,1,357TP04,SRP450576
SRR25367923,AMPLICON,502,122276156,PRJNA944997,SAMN36658112,"MIMARKS.survey,MIGS/MIMS/MIMARKS.human-gut",76317682,CORNELL UNIVERSITY,2020-10-06/2021-12-16,public,"fastq,run.zq,sra","gs,ncbi,s3","gs.us-east1,ncbi.public,s3.us-east-1",human body,distal gut,stool,SRX21106844,USA,North America,USA,Homo sapiens,Illumina MiSeq,357TP03,42.4440 N 76.5019 W,357TP03,PAIRED,PCR,METAGENOMIC,human gut metagenome,ILLUMINA,2025-01-01T00:00:00Z,2023-07-20T15:28:00Z,1,357TP03,SRP450576
SRR25367924,AMPLICON,502,44572580,PRJNA944997,SAMN36658397,"MIMARKS.survey,MIGS/MIMS/MIMARKS.human-gut",28701408,CORNELL UNIVERSITY,2020-10-06/2021-12-16,public,"fastq,run.zq,sra","gs,ncbi,s3","gs.us-east1,ncbi.public,s3.us-east-1",human body,distal gut,stool,SRX21106843,USA,North America,USA,Homo sapiens,Illumina MiSeq,323TP02,42.4440 N 76.5019 W,323TP02,PAIRED,PCR,METAGENOMIC,human gut metagenome,ILLUMINA,2025-01-01T00:00:00Z,2023-07-20T15:29:00Z,1,323TP02,SRP450576
SRR25367925,AMPLICON,502,29735970,PRJNA944997,SAMN36658427,"MIMARKS.survey,MIGS/MIMS/MIMARKS.human-gut",19622021,CORNELL UNIVERSITY,2020-10-06/2021-12-16,public,"fastq,run.zq,sra","gs,ncbi,s3","gs.us-east1,ncbi.public,s3.us-east-1",human body,distal gut,stool,SRX21106842,USA,North America,USA,Homo sapiens,Illumina MiSeq,357TP02,42.4440 N 76.5019 W,357TP02,PAIRED,PCR,METAGENOMIC,human gut metagenome,ILLUMINA,2025-01-01T00:00:00Z,2023-07-20T15:28:00Z,1,357TP02,SRP450576
SRR25367952,AMPLICON,502,41733770,PRJNA944997,SAMN36658328,"MIMARKS.survey,MIGS/MIMS/MIMARKS.human-gut",26141919,CORNELL UNIVERSITY,2020-10-06/2021-12-16,public,"fastq,run.zq,sra","gs,ncbi,s3","gs.us-east1,ncbi.public,s3.us-east-1",human body,distal gut,stool,SRX21107243,USA,North America,USA,Homo sapiens,Illumina MiSeq,347TP06,42.4440 N 76.5019 W,347TP06,PAIRED,PCR,METAGENOMIC,human gut metagenome,ILLUMINA,2025-01-01T00:00:00Z,2023-07-20T15:28:00Z,1,347TP06,SRP450576
SRR25367954,AMPLICON,502,24692376,PRJNA944997,SAMN36658769,"MIMARKS.survey,MIGS/MIMS/MIMARKS.human-gut",14737562,CORNELL UNIVERSITY,2020-10-06/2021-12-16,public,"fastq,run.zq,sra","gs,ncbi,s3","gs.us-east1,ncbi.public,s3.us-east-1",human body,distal gut,stool,SRX21107241,USA,North America,USA,Homo sapiens,Illumina MiSeq,347TP04.2,42.4440 N 76.5019 W,347TP04.2,PAIRED,PCR,METAGENOMIC,human gut metagenome,ILLUMINA,2025-01-01T00:00:00Z,2023-07-20T15:28:00Z,1,347TP04.2,SRP450576
SRR25367959,AMPLICON,502,30450818,PRJNA944997,SAMN36658627,"MIMARKS.survey,MIGS/MIMS/MIMARKS.human-gut",17478932,CORNELL UNIVERSITY,2020-10-06/2021-12-16,public,"fastq,run.zq,sra","gs,ncbi,s3","gs.us-east1,ncbi.public,s3.us-east-1",human body,distal gut,stool,SRX21107236,USA,North America,USA,Homo sapiens,Illumina MiSeq,346TP12,42.4440 N 76.5019 W,346TP12,PAIRED,PCR,METAGENOMIC,human gut metagenome,ILLUMINA,2025-01-01T00:00:00Z,2023-07-20T15:28:00Z,1,346TP12,SRP450576
SRR25367960,AMPLICON,502,24434850,PRJNA944997,SAMN36658626,"MIMARKS.survey,MIGS/MIMS/MIMARKS.human-gut",13716138,CORNELL UNIVERSITY,2020-10-06/2021-12-16,public,"fastq,run.zq,sra","gs,ncbi,s3","gs.us-east1,ncbi.public,s3.us-east-1",human body,distal gut,stool,SRX21107235,USA,North America,USA,Homo sapiens,Illumina MiSeq,346TP11,42.4440 N 76.5019 W,346TP11,PAIRED,PCR,METAGENOMIC,human gut metagenome,ILLUMINA,2025-01-01T00:00:00Z,2023-07-20T15:28:00Z,1,346TP11,SRP450576
SRR25367961,AMPLICON,502,33635004,PRJNA944997,SAMN36658525,"MIMARKS.survey,MIGS/MIMS/MIMARKS.human-gut",22119753,CORNELL UNIVERSITY,2020-10-06/2021-12-16,public,"fastq,run.zq,sra","gs,ncbi,s3","gs.us-east1,ncbi.public,s3.us-east-1",human body,distal gut,stool,SRX21107234,USA,North America,USA,Homo sapiens,Illumina MiSeq,322TP05,42.4440 N 76.5019 W,322TP05,PAIRED,PCR,METAGENOMIC,human gut metagenome,ILLUMINA,2025-01-01T00:00:00Z,2023-07-20T15:28:00Z,1,322TP05,SRP450576
SRR25367962,AMPLICON,502,21985090,PRJNA944997,SAMN36658798,"MIMARKS.survey,MIGS/MIMS/MIMARKS.human-gut",12766085,CORNELL UNIVERSITY,2020-10-06/2021-12-16,public,"fastq,run.zq,sra","gs,ncbi,s3","gs.us-east1,ncbi.public,s3.us-east-1",human body,distal gut,stool,SRX21107233,USA,North America,USA,Homo sapiens,Illumina MiSeq,346TP10.2,42.4440 N 76.5019 W,346TP10.2,PAIRED,PCR,METAGENOMIC,human gut metagenome,ILLUMINA,2025-01-01T00:00:00Z,2023-07-20T15:28:00Z,1,346TP10.2,SRP450576
SRR25367963,AMPLICON,502,38106820,PRJNA944997,SAMN36658095,"MIMARKS.survey,MIGS/MIMS/MIMARKS.human-gut",25269097,CORNELL UNIVERSITY,2020-10-06/2021-12-16,public,"fastq,run.zq,sra","gs,ncbi,s3","gs.us-east1,ncbi.public,s3.us-east-1",human body,distal gut,stool,SRX21107232,USA,North America,USA,Homo sapiens,Illumina MiSeq,346TP10,42.4440 N 76.5019 W,346TP10,PAIRED,PCR,METAGENOMIC,human gut metagenome,ILLUMINA,2025-01-01T00:00:00Z,2023-07-20T15:28:00Z,1,346TP10,SRP450576
SRR25367964,AMPLICON,502,22092016,PRJNA944997,SAMN36658094,"MIMARKS.survey,MIGS/MIMS/MIMARKS.human-gut",12656305,CORNELL UNIVERSITY,2020-10-06/2021-12-16,public,"fastq,run.zq,sra","gs,ncbi,s3","gs.us-east1,ncbi.public,s3.us-east-1",human body,distal gut,stool,SRX21107231,USA,North America,USA,Homo sapiens,Illumina MiSeq,346TP09,42.4440 N 76.5019 W,346TP09,PAIRED,PCR,METAGENOMIC,human gut metagenome,ILLUMINA,2025-01-01T00:00:00Z,2023-07-20T15:28:00Z,1,346TP09,SRP450576
SRR25367965,AMPLICON,502,33804178,PRJNA944997,SAMN36658418,"MIMARKS.survey,MIGS/MIMS/MIMARKS.human-gut",21732960,CORNELL UNIVERSITY,2020-10-06/2021-12-16,public,"fastq,run.zq,sra","gs,ncbi,s3","gs.us-east1,ncbi.public,s3.us-east-1",human body,distal gut,stool,SRX21107230,USA,North America,USA,Homo sapiens,Illumina MiSeq,346TP08,42.4440 N 76.5019 W,346TP08,PAIRED,PCR,METAGENOMIC,human gut metagenome,ILLUMINA,2025-01-01T00:00:00Z,2023-07-20T15:28:00Z,1,346TP08,SRP450576
SRR25367966,AMPLICON,502,39991830,PRJNA944997,SAMN36658776,"MIMARKS.survey,MIGS/MIMS/MIMARKS.human-gut",26660857,CORNELL UNIVERSITY,2020-10-06/2021-12-16,public,"fastq,run.zq,sra","gs,ncbi,s3","gs.us-east1,ncbi.public,s3.us-east-1",human body,distal gut,stool,SRX21107229,USA,North America,USA,Homo sapiens,Illumina MiSeq,346TP07.2,42.4440 N 76.5019 W,346TP07.2,PAIRED,PCR,METAGENOMIC,human gut metagenome,ILLUMINA,2025-01-01T00:00:00Z,2023-07-20T15:28:00Z,1,346TP07.2,SRP450576
SRR25367967,AMPLICON,502,23720504,PRJNA944997,SAMN36658327,"MIMARKS.survey,MIGS/MIMS/MIMARKS.human-gut",13880900,CORNELL UNIVERSITY,2020-10-06/2021-12-16,public,"fastq,run.zq,sra","gs,ncbi,s3","gs.us-east1,ncbi.public,s3.us-east-1",human body,distal gut,stool,SRX21107228,USA,North America,USA,Homo sapiens,Illumina MiSeq,346TP07,42.4440 N 76.5019 W,346TP07,PAIRED,PCR,METAGENOMIC,human gut metagenome,ILLUMINA,2025-01-01T00:00:00Z,2023-07-20T15:28:00Z,1,346TP07,SRP450576
SRR25367968,AMPLICON,502,43557034,PRJNA944997,SAMN36658326,"MIMARKS.survey,MIGS/MIMS/MIMARKS.human-gut",27058462,CORNELL UNIVERSITY,2020-10-06/2021-12-16,public,"fastq,run.zq,sra","gs,ncbi,s3","gs.us-east1,ncbi.public,s3.us-east-1",human body,distal gut,stool,SRX21107227,USA,North America,USA,Homo sapiens,Illumina MiSeq,346TP06,42.4440 N 76.5019 W,346TP06,PAIRED,PCR,METAGENOMIC,human gut metagenome,ILLUMINA,2025-01-01T00:00:00Z,2023-07-20T15:28:00Z,1,346TP06,SRP450576
SRR25367969,AMPLICON,502,27764616,PRJNA944997,SAMN36658548,"MIMARKS.survey,MIGS/MIMS/MIMARKS.human-gut",16314767,CORNELL UNIVERSITY,2020-10-06/2021-12-16,public,"fastq,run.zq,sra","gs,ncbi,s3","gs.us-east1,ncbi.public,s3.us-east-1",human body,distal gut,stool,SRX21107226,USA,North America,USA,Homo sapiens,Illumina MiSeq,346TP05,42.4440 N 76.5019 W,346TP05,PAIRED,PCR,METAGENOMIC,human gut metagenome,ILLUMINA,2025-01-01T00:00:00Z,2023-07-20T15:28:00Z,1,346TP05,SRP450576
SRR25367975,AMPLICON,502,44548986,PRJNA944997,SAMN36658813,"MIMARKS.survey,MIGS/MIMS/MIMARKS.human-gut",30594326,CORNELL UNIVERSITY,2020-10-06/2021-12-16,public,"fastq,run.zq,sra","gs,ncbi,s3","gs.us-east1,ncbi.public,s3.us-east-1",human body,distal gut,stool,SRX21107220,USA,North America,USA,Homo sapiens,Illumina MiSeq,321TP10.2,42.4440 N 76.5019 W,321TP10.2,PAIRED,PCR,METAGENOMIC,human gut metagenome,ILLUMINA,2025-01-01T00:00:00Z,2023-07-20T15:28:00Z,1,321TP10.2,SRP450576
SRR25367976,AMPLICON,502,35389494,PRJNA944997,SAMN36658199,"MIMARKS.survey,MIGS/MIMS/MIMARKS.human-gut",23972541,CORNELL UNIVERSITY,2020-10-06/2021-12-16,public,"fastq,run.zq,sra","gs,ncbi,s3","gs.us-east1,ncbi.public,s3.us-east-1",human body,distal gut,stool,SRX21107219,USA,North America,USA,Homo sapiens,Illumina MiSeq,341TP10,42.4440 N 76.5019 W,341TP10,PAIRED,PCR,METAGENOMIC,human gut metagenome,ILLUMINA,2025-01-01T00:00:00Z,2023-07-20T15:28:00Z,1,341TP10,SRP450576
SRR25367988,AMPLICON,502,24304832,PRJNA944997,SAMN36657998,"MIMARKS.survey,MIGS/MIMS/MIMARKS.human-gut",13786920,CORNELL UNIVERSITY,2020-10-06/2021-12-16,public,"fastq,run.zq,sra","gs,ncbi,s3","gs.us-east1,ncbi.public,s3.us-east-1",human body,distal gut,stool,SRX21107207,USA,North America,USA,Homo sapiens,Illumina MiSeq,341TP01,42.4440 N 76.5019 W,341TP01,PAIRED,PCR,METAGENOMIC,human gut metagenome,ILLUMINA,2025-01-01T00:00:00Z,2023-07-20T15:28:00Z,1,341TP01,SRP450576
SRR25367998,AMPLICON,502,42700120,PRJNA944997,SAMN36658314,"MIMARKS.survey,MIGS/MIMS/MIMARKS.human-gut",25607775,CORNELL UNIVERSITY,2020-10-06/2021-12-16,public,"fastq,run.zq,sra","gs,ncbi,s3","gs.us-east1,ncbi.public,s3.us-east-1",human body,distal gut,stool,SRX21107197,USA,North America,USA,Homo sapiens,Illumina MiSeq,340TP06,42.4440 N 76.5019 W,340TP06,PAIRED,PCR,METAGENOMIC,human gut metagenome,ILLUMINA,2025-01-01T00:00:00Z,2023-07-20T15:28:00Z,1,340TP06,SRP450576
SRR25367999,AMPLICON,502,53493622,PRJNA944997,SAMN36658730,"MIMARKS.survey,MIGS/MIMS/MIMARKS.human-gut",36378142,CORNELL UNIVERSITY,2020-10-06/2021-12-16,public,"fastq,run.zq,sra","gs,ncbi,s3","gs.us-east1,ncbi.public,s3.us-east-1",human body,distal gut,stool,SRX21107196,USA,North America,USA,Homo sapiens,Illumina MiSeq,340TP05.2,42.4440 N 76.5019 W,340TP05.2,PAIRED,PCR,METAGENOMIC,human gut metagenome,ILLUMINA,2025-01-01T00:00:00Z,2023-07-20T15:28:00Z,1,340TP05.2,SRP450576
SRR25368006,AMPLICON,502,29655148,PRJNA944997,SAMN36658561,"MIMARKS.survey,MIGS/MIMS/MIMARKS.human-gut",16852411,CORNELL UNIVERSITY,2020-10-06/2021-12-16,public,"fastq,run.zq,sra","gs,ncbi,s3","gs.us-east1,ncbi.public,s3.us-east-1",human body,distal gut,stool,SRX21107675,USA,North America,USA,Homo sapiens,Illumina MiSeq,361TP05,42.4440 N 76.5019 W,361TP05,PAIRED,PCR,METAGENOMIC,human gut metagenome,ILLUMINA,2025-01-01T00:00:00Z,2023-07-20T15:28:00Z,1,361TP05,SRP450576
SRR25368010,AMPLICON,502,34682678,PRJNA944997,SAMN36658430,"MIMARKS.survey,MIGS/MIMS/MIMARKS.human-gut",21947667,CORNELL UNIVERSITY,2020-10-06/2021-12-16,public,"fastq,run.zq,sra","gs,ncbi,s3","gs.us-east1,ncbi.public,s3.us-east-1",human body,distal gut,stool,SRX21107671,USA,North America,USA,Homo sapiens,Illumina MiSeq,361TP02,42.4440 N 76.5019 W,361TP02,PAIRED,PCR,METAGENOMIC,human gut metagenome,ILLUMINA,2025-01-01T00:00:00Z,2023-07-20T15:28:00Z,1,361TP02,SRP450576
SRR25368011,AMPLICON,502,33966826,PRJNA944997,SAMN36658284,"MIMARKS.survey,MIGS/MIMS/MIMARKS.human-gut",20055003,CORNELL UNIVERSITY,2020-10-06/2021-12-16,public,"fastq,run.zq,sra","gs,ncbi,s3","gs.us-east1,ncbi.public,s3.us-east-1",human body,distal gut,stool,SRX21107670,USA,North America,USA,Homo sapiens,Illumina MiSeq,323TP06.rerun,42.4440 N 76.5019 W,323TP06.rerun,PAIRED,PCR,METAGENOMIC,human gut metagenome,ILLUMINA,2025-01-01T00:00:00Z,2023-07-20T15:28:00Z,1,323TP06.rerun,SRP450576
SRR25368012,AMPLICON,502,28307278,PRJNA944997,SAMN36658016,"MIMARKS.survey,MIGS/MIMS/MIMARKS.human-gut",17329168,CORNELL UNIVERSITY,2020-10-06/2021-12-16,public,"fastq,run.zq,sra","gs,ncbi,s3","gs.us-east1,ncbi.public,s3.us-east-1",human body,distal gut,stool,SRX21107669,USA,North America,USA,Homo sapiens,Illumina MiSeq,361TP01,42.4440 N 76.5019 W,361TP01,PAIRED,PCR,METAGENOMIC,human gut metagenome,ILLUMINA,2025-01-01T00:00:00Z,2023-07-20T15:28:00Z,1,361TP01,SRP450576
SRR25368013,AMPLICON,502,42035974,PRJNA944997,SAMN36658349,"MIMARKS.survey,MIGS/MIMS/MIMARKS.human-gut",25603393,CORNELL UNIVERSITY,2020-10-06/2021-12-16,public,"fastq,run.zq,sra","gs,ncbi,s3","gs.us-east1,ncbi.public,s3.us-east-1",human body,distal gut,stool,SRX21107668,USA,North America,USA,Homo sapiens,Illumina MiSeq,360TP06,42.4440 N 76.5019 W,360TP06,PAIRED,PCR,METAGENOMIC,human gut metagenome,ILLUMINA,2025-01-01T00:00:00Z,2023-07-20T15:28:00Z,1,360TP06,SRP450576
SRR25368019,AMPLICON,502,34150558,PRJNA944997,SAMN36658424,"MIMARKS.survey,MIGS/MIMS/MIMARKS.human-gut",21987039,CORNELL UNIVERSITY,2020-10-06/2021-12-16,public,"fastq,run.zq,sra","gs,ncbi,s3","gs.us-east1,ncbi.public,s3.us-east-1",human body,distal gut,stool,SRX21107662,USA,North America,USA,Homo sapiens,Illumina MiSeq,353TP02,42.4440 N 76.5019 W,353TP02,PAIRED,PCR,METAGENOMIC,human gut metagenome,ILLUMINA,2025-01-01T00:00:00Z,2023-07-20T16:08:00Z,1,353TP02,SRP450576
SRR25368021,AMPLICON,502,23045816,PRJNA944997,SAMN36658635,"MIMARKS.survey,MIGS/MIMS/MIMARKS.human-gut",13157273,CORNELL UNIVERSITY,2020-10-06/2021-12-16,public,"fastq,run.zq,sra","gs,ncbi,s3","gs.us-east1,ncbi.public,s3.us-east-1",human body,distal gut,stool,SRX21107660,USA,North America,USA,Homo sapiens,Illumina MiSeq,352TP12,42.4440 N 76.5019 W,352TP12,PAIRED,PCR,METAGENOMIC,human gut metagenome,ILLUMINA,2025-01-01T00:00:00Z,2023-07-20T15:28:00Z,1,352TP12,SRP450576
SRR25368022,AMPLICON,502,24181842,PRJNA944997,SAMN36658634,"MIMARKS.survey,MIGS/MIMS/MIMARKS.human-gut",13868530,CORNELL UNIVERSITY,2020-10-06/2021-12-16,public,"fastq,run.zq,sra","gs,ncbi,s3","gs.us-east1,ncbi.public,s3.us-east-1",human body,distal gut,stool,SRX21107659,USA,North America,USA,Homo sapiens,Illumina MiSeq,352TP11,42.4440 N 76.5019 W,352TP11,PAIRED,PCR,METAGENOMIC,human gut metagenome,ILLUMINA,2025-01-01T00:00:00Z,2023-07-20T15:28:00Z,1,352TP11,SRP450576
SRR25368023,AMPLICON,502,26386124,PRJNA944997,SAMN36658744,"MIMARKS.survey,MIGS/MIMS/MIMARKS.human-gut",15423110,CORNELL UNIVERSITY,2020-10-06/2021-12-16,public,"fastq,run.zq,sra","gs,ncbi,s3","gs.us-east1,ncbi.public,s3.us-east-1",human body,distal gut,stool,SRX21107658,USA,North America,USA,Homo sapiens,Illumina MiSeq,352TP10.2,42.4440 N 76.5019 W,352TP10.2,PAIRED,PCR,METAGENOMIC,human gut metagenome,ILLUMINA,2025-01-01T00:00:00Z,2023-07-20T15:28:00Z,1,352TP10.2,SRP450576
SRR25368024,AMPLICON,502,45242750,PRJNA944997,SAMN36658105,"MIMARKS.survey,MIGS/MIMS/MIMARKS.human-gut",30153769,CORNELL UNIVERSITY,2020-10-06/2021-12-16,public,"fastq,run.zq,sra","gs,ncbi,s3","gs.us-east1,ncbi.public,s3.us-east-1",human body,distal gut,stool,SRX21107657,USA,North America,USA,Homo sapiens,Illumina MiSeq,352TP10,42.4440 N 76.5019 W,352TP10,PAIRED,PCR,METAGENOMIC,human gut metagenome,ILLUMINA,2025-01-01T00:00:00Z,2023-07-20T15:28:00Z,1,352TP10,SRP450576
SRR25368029,AMPLICON,502,47261794,PRJNA944997,SAMN36658337,"MIMARKS.survey,MIGS/MIMS/MIMARKS.human-gut",31891063,CORNELL UNIVERSITY,2020-10-06/2021-12-16,public,"fastq,run.zq,sra","gs,ncbi,s3","gs.us-east1,ncbi.public,s3.us-east-1",human body,distal gut,stool,SRX21107652,USA,North America,USA,Homo sapiens,Illumina MiSeq,352TP07,42.4440 N 76.5019 W,352TP07,PAIRED,PCR,METAGENOMIC,human gut metagenome,ILLUMINA,2025-01-01T00:00:00Z,2023-07-20T15:28:00Z,1,352TP07,SRP450576
SRR25368035,AMPLICON,502,33179188,PRJNA944997,SAMN36658488,"MIMARKS.survey,MIGS/MIMS/MIMARKS.human-gut",21313036,CORNELL UNIVERSITY,2020-10-06/2021-12-16,public,"fastq,run.zq,sra","gs,ncbi,s3","gs.us-east1,ncbi.public,s3.us-east-1",human body,distal gut,stool,SRX21107646,USA,North America,USA,Homo sapiens,Illumina MiSeq,352TP02,42.4440 N 76.5019 W,352TP02,PAIRED,PCR,METAGENOMIC,human gut metagenome,ILLUMINA,2025-01-01T00:00:00Z,2023-07-20T15:28:00Z,1,352TP02,SRP450576
SRR25368036,AMPLICON,502,26433814,PRJNA944997,SAMN36658008,"MIMARKS.survey,MIGS/MIMS/MIMARKS.human-gut",16640973,CORNELL UNIVERSITY,2020-10-06/2021-12-16,public,"fastq,run.zq,sra","gs,ncbi,s3","gs.us-east1,ncbi.public,s3.us-east-1",human body,distal gut,stool,SRX21107645,USA,North America,USA,Homo sapiens,Illumina MiSeq,352TP01,42.4440 N 76.5019 W,352TP01,PAIRED,PCR,METAGENOMIC,human gut metagenome,ILLUMINA,2025-01-01T00:00:00Z,2023-07-20T15:28:00Z,1,352TP01,SRP450576
SRR25368041,AMPLICON,502,21892722,PRJNA944997,SAMN36658214,"MIMARKS.survey,MIGS/MIMS/MIMARKS.human-gut",12330689,CORNELL UNIVERSITY,2020-10-06/2021-12-16,public,"fastq,run.zq,sra","gs,ncbi,s3","gs.us-east1,ncbi.public,s3.us-east-1",human body,distal gut,stool,SRX21107640,USA,North America,USA,Homo sapiens,Illumina MiSeq,351TP09,42.4440 N 76.5019 W,351TP09,PAIRED,PCR,METAGENOMIC,human gut metagenome,ILLUMINA,2025-01-01T00:00:00Z,2023-07-20T15:28:00Z,1,351TP09,SRP450576
SRR25368049,AMPLICON,502,24492078,PRJNA944997,SAMN36658842,"MIMARKS.survey,MIGS/MIMS/MIMARKS.human-gut",16511612,CORNELL UNIVERSITY,2020-10-06/2021-12-16,public,"fastq,run.zq,sra","gs,ncbi,s3","gs.us-east1,ncbi.public,s3.us-east-1",human body,distal gut,stool,SRX21107632,USA,North America,USA,Homo sapiens,Illumina MiSeq,346TP04.2,42.4440 N 76.5019 W,346TP04.2,PAIRED,PCR,METAGENOMIC,human gut metagenome,ILLUMINA,2025-01-01T00:00:00Z,2023-07-20T15:28:00Z,1,346TP04.2,SRP450576
SRR25368054,AMPLICON,502,33481392,PRJNA944997,SAMN36658003,"MIMARKS.survey,MIGS/MIMS/MIMARKS.human-gut",19783896,CORNELL UNIVERSITY,2020-10-06/2021-12-16,public,"fastq,run.zq,sra","gs,ncbi,s3","gs.us-east1,ncbi.public,s3.us-east-1",human body,distal gut,stool,SRX21107627,USA,North America,USA,Homo sapiens,Illumina MiSeq,346TP01.rerun,42.4440 N 76.5019 W,346TP01.rerun,PAIRED,PCR,METAGENOMIC,human gut metagenome,ILLUMINA,2025-01-01T00:00:00Z,2023-07-20T15:28:00Z,1,346TP01.rerun,SRP450576
SRR25368069,AMPLICON,502,36805134,PRJNA944997,SAMN36658417,"MIMARKS.survey,MIGS/MIMS/MIMARKS.human-gut",23490167,CORNELL UNIVERSITY,2020-10-06/2021-12-16,public,"fastq,run.zq,sra","gs,ncbi,s3","gs.us-east1,ncbi.public,s3.us-east-1",human body,distal gut,stool,SRX21107612,USA,North America,USA,Homo sapiens,Illumina MiSeq,345TP02,42.4440 N 76.5019 W,345TP02,PAIRED,PCR,METAGENOMIC,human gut metagenome,ILLUMINA,2025-01-01T00:00:00Z,2023-07-20T15:29:00Z,1,345TP02,SRP450576
SRR25368075,AMPLICON,502,23631148,PRJNA944997,SAMN36658091,"MIMARKS.survey,MIGS/MIMS/MIMARKS.human-gut",13884164,CORNELL UNIVERSITY,2020-10-06/2021-12-16,public,"fastq,run.zq,sra","gs,ncbi,s3","gs.us-east1,ncbi.public,s3.us-east-1",human body,distal gut,stool,SRX21107606,USA,North America,USA,Homo sapiens,Illumina MiSeq,344TP10,42.4440 N 76.5019 W,344TP10,PAIRED,PCR,METAGENOMIC,human gut metagenome,ILLUMINA,2025-01-01T00:00:00Z,2023-07-20T15:29:00Z,1,344TP10,SRP450576
SRR25368076,AMPLICON,502,29491998,PRJNA944997,SAMN36658090,"MIMARKS.survey,MIGS/MIMS/MIMARKS.human-gut",17471639,CORNELL UNIVERSITY,2020-10-06/2021-12-16,public,"fastq,run.zq,sra","gs,ncbi,s3","gs.us-east1,ncbi.public,s3.us-east-1",human body,distal gut,stool,SRX21107605,USA,North America,USA,Homo sapiens,Illumina MiSeq,344TP09.rerun,42.4440 N 76.5019 W,344TP09.rerun,PAIRED,PCR,METAGENOMIC,human gut metagenome,ILLUMINA,2025-01-01T00:00:00Z,2023-07-20T15:29:00Z,1,344TP09.rerun,SRP450576
SRR25368077,AMPLICON,502,39769946,PRJNA944997,SAMN36658416,"MIMARKS.survey,MIGS/MIMS/MIMARKS.human-gut",25110879,CORNELL UNIVERSITY,2020-10-06/2021-12-16,public,"fastq,run.zq,sra","gs,ncbi,s3","gs.us-east1,ncbi.public,s3.us-east-1",human body,distal gut,stool,SRX21107604,USA,North America,USA,Homo sapiens,Illumina MiSeq,344TP08,42.4440 N 76.5019 W,344TP08,PAIRED,PCR,METAGENOMIC,human gut metagenome,ILLUMINA,2025-01-01T00:00:00Z,2023-07-20T15:29:00Z,1,344TP08,SRP450576
SRR25368078,AMPLICON,502,33059210,PRJNA944997,SAMN36658695,"MIMARKS.survey,MIGS/MIMS/MIMARKS.human-gut",19025238,CORNELL UNIVERSITY,2020-10-06/2021-12-16,public,"fastq,run.zq,sra","gs,ncbi,s3","gs.us-east1,ncbi.public,s3.us-east-1",human body,distal gut,stool,SRX21107603,USA,North America,USA,Homo sapiens,Illumina MiSeq,344TP07.2,42.4440 N 76.5019 W,344TP07.2,PAIRED,PCR,METAGENOMIC,human gut metagenome,ILLUMINA,2025-01-01T00:00:00Z,2023-07-20T15:29:00Z,1,344TP07.2,SRP450576
SRR25368094,AMPLICON,502,35231866,PRJNA944997,SAMN36658409,"MIMARKS.survey,MIGS/MIMS/MIMARKS.human-gut",23217162,CORNELL UNIVERSITY,2020-10-06/2021-12-16,public,"fastq,run.zq,sra","gs,ncbi,s3","gs.us-east1,ncbi.public,s3.us-east-1",human body,distal gut,stool,SRX21107587,USA,North America,USA,Homo sapiens,Illumina MiSeq,337TP02,42.4440 N 76.5019 W,337TP02,PAIRED,PCR,METAGENOMIC,human gut metagenome,ILLUMINA,2025-01-01T00:00:00Z,2023-07-20T15:29:00Z,1,337TP02,SRP450576
SRR25368095,AMPLICON,502,36195706,PRJNA944997,SAMN36657994,"MIMARKS.survey,MIGS/MIMS/MIMARKS.human-gut",21197462,CORNELL UNIVERSITY,2020-10-06/2021-12-16,public,"fastq,run.zq,sra","gs,ncbi,s3","gs.us-east1,ncbi.public,s3.us-east-1",human body,distal gut,stool,SRX21107586,USA,North America,USA,Homo sapiens,Illumina MiSeq,337TP01.rerun,42.4440 N 76.5019 W,337TP01.rerun,PAIRED,PCR,METAGENOMIC,human gut metagenome,ILLUMINA,2025-01-01T00:00:00Z,2023-07-20T15:29:00Z,1,337TP01.rerun,SRP450576
SRR25368096,AMPLICON,502,29380052,PRJNA944997,SAMN36658612,"MIMARKS.survey,MIGS/MIMS/MIMARKS.human-gut",16906715,CORNELL UNIVERSITY,2020-10-06/2021-12-16,public,"fastq,run.zq,sra","gs,ncbi,s3","gs.us-east1,ncbi.public,s3.us-east-1",human body,distal gut,stool,SRX21107585,USA,North America,USA,Homo sapiens,Illumina MiSeq,336TP12,42.4440 N 76.5019 W,336TP12,PAIRED,PCR,METAGENOMIC,human gut metagenome,ILLUMINA,2025-01-01T00:00:00Z,2023-07-20T15:29:00Z,1,336TP12,SRP450576
SRR25368097,AMPLICON,502,28306274,PRJNA944997,SAMN36658611,"MIMARKS.survey,MIGS/MIMS/MIMARKS.human-gut",16469732,CORNELL UNIVERSITY,2020-10-06/2021-12-16,public,"fastq,run.zq,sra","gs,ncbi,s3","gs.us-east1,ncbi.public,s3.us-east-1",human body,distal gut,stool,SRX21107584,USA,North America,USA,Homo sapiens,Illumina MiSeq,336TP11.rerun,42.4440 N 76.5019 W,336TP11.rerun,PAIRED,PCR,METAGENOMIC,human gut metagenome,ILLUMINA,2025-01-01T00:00:00Z,2023-07-20T15:29:00Z,1,336TP11.rerun,SRP450576
SRR25368098,AMPLICON,502,31239460,PRJNA944997,SAMN36658075,"MIMARKS.survey,MIGS/MIMS/MIMARKS.human-gut",18507443,CORNELL UNIVERSITY,2020-10-06/2021-12-16,public,"fastq,run.zq,sra","gs,ncbi,s3","gs.us-east1,ncbi.public,s3.us-east-1",human body,distal gut,stool,SRX21107583,USA,North America,USA,Homo sapiens,Illumina MiSeq,336TP10,42.4440 N 76.5019 W,336TP10,PAIRED,PCR,METAGENOMIC,human gut metagenome,ILLUMINA,2025-01-01T00:00:00Z,2023-07-20T15:29:00Z,1,336TP10,SRP450576
SRR25368099,AMPLICON,502,38602796,PRJNA944997,SAMN36658760,"MIMARKS.survey,MIGS/MIMS/MIMARKS.human-gut",25797568,CORNELL UNIVERSITY,2020-10-06/2021-12-16,public,"fastq,run.zq,sra","gs,ncbi,s3","gs.us-east1,ncbi.public,s3.us-east-1",human body,distal gut,stool,SRX21107582,USA,North America,USA,Homo sapiens,Illumina MiSeq,321TP05.2,42.4440 N 76.5019 W,321TP05.2,PAIRED,PCR,METAGENOMIC,human gut metagenome,ILLUMINA,2025-01-01T00:00:00Z,2023-07-20T15:29:00Z,1,321TP05.2,SRP450576
SRR25368100,AMPLICON,502,36565680,PRJNA944997,SAMN36658164,"MIMARKS.survey,MIGS/MIMS/MIMARKS.human-gut",21819354,CORNELL UNIVERSITY,2020-10-06/2021-12-16,public,"fastq,run.zq,sra","gs,ncbi,s3","gs.us-east1,ncbi.public,s3.us-east-1",human body,distal gut,stool,SRX21107581,USA,North America,USA,Homo sapiens,Illumina MiSeq,320TP03,42.4440 N 76.5019 W,320TP03,PAIRED,PCR,METAGENOMIC,human gut metagenome,ILLUMINA,2025-01-01T00:00:00Z,2023-07-20T15:29:00Z,1,320TP03,SRP450576
SRR25368103,AMPLICON,502,52851062,PRJNA944997,SAMN36658712,"MIMARKS.survey,MIGS/MIMS/MIMARKS.human-gut",35442728,CORNELL UNIVERSITY,2020-10-06/2021-12-16,public,"fastq,run.zq,sra","gs,ncbi,s3","gs.us-east1,ncbi.public,s3.us-east-1",human body,distal gut,stool,SRX21107578,USA,North America,USA,Homo sapiens,Illumina MiSeq,336TP07.2,42.4440 N 76.5019 W,336TP07.2,PAIRED,PCR,METAGENOMIC,human gut metagenome,ILLUMINA,2025-01-01T00:00:00Z,2023-07-20T15:29:00Z,1,336TP07.2,SRP450576
SRR25368110,AMPLICON,502,25482524,PRJNA944997,SAMN36657993,"MIMARKS.survey,MIGS/MIMS/MIMARKS.human-gut",14501279,CORNELL UNIVERSITY,2020-10-06/2021-12-16,public,"fastq,run.zq,sra","gs,ncbi,s3","gs.us-east1,ncbi.public,s3.us-east-1",human body,distal gut,stool,SRX21107571,USA,North America,USA,Homo sapiens,Illumina MiSeq,336TP01,42.4440 N 76.5019 W,336TP01,PAIRED,PCR,METAGENOMIC,human gut metagenome,ILLUMINA,2025-01-01T00:00:00Z,2023-07-20T15:29:00Z,1,336TP01,SRP450576
SRR25368111,AMPLICON,502,24135156,PRJNA944997,SAMN36658524,"MIMARKS.survey,MIGS/MIMS/MIMARKS.human-gut",14087445,CORNELL UNIVERSITY,2020-10-06/2021-12-16,public,"fastq,run.zq,sra","gs,ncbi,s3","gs.us-east1,ncbi.public,s3.us-east-1",human body,distal gut,stool,SRX21107570,USA,North America,USA,Homo sapiens,Illumina MiSeq,321TP05,42.4440 N 76.5019 W,321TP05,PAIRED,PCR,METAGENOMIC,human gut metagenome,ILLUMINA,2025-01-01T00:00:00Z,2023-07-20T15:29:00Z,1,321TP05,SRP450576
SRR25368117,AMPLICON,502,37792066,PRJNA944997,SAMN36657987,"MIMARKS.survey,MIGS/MIMS/MIMARKS.human-gut",22366371,CORNELL UNIVERSITY,2020-10-06/2021-12-16,public,"fastq,run.zq,sra","gs,ncbi,s3","gs.us-east1,ncbi.public,s3.us-east-1",human body,distal gut,stool,SRX21107564,USA,North America,USA,Homo sapiens,Illumina MiSeq,330TP01.rerun,42.4440 N 76.5019 W,330TP01.rerun,PAIRED,PCR,METAGENOMIC,human gut metagenome,ILLUMINA,2025-01-01T00:00:00Z,2023-07-20T15:29:00Z,1,330TP01.rerun,SRP450576
SRR25368118,AMPLICON,502,32244464,PRJNA944997,SAMN36658602,"MIMARKS.survey,MIGS/MIMS/MIMARKS.human-gut",18784432,CORNELL UNIVERSITY,2020-10-06/2021-12-16,public,"fastq,run.zq,sra","gs,ncbi,s3","gs.us-east1,ncbi.public,s3.us-east-1",human body,distal gut,stool,SRX21107563,USA,North America,USA,Homo sapiens,Illumina MiSeq,329TP12,42.4440 N 76.5019 W,329TP12,PAIRED,PCR,METAGENOMIC,human gut metagenome,ILLUMINA,2025-01-01T00:00:00Z,2023-07-20T15:29:00Z,1,329TP12,SRP450576
SRR25368119,AMPLICON,502,29464890,PRJNA944997,SAMN36658601,"MIMARKS.survey,MIGS/MIMS/MIMARKS.human-gut",17038460,CORNELL UNIVERSITY,2020-10-06/2021-12-16,public,"fastq,run.zq,sra","gs,ncbi,s3","gs.us-east1,ncbi.public,s3.us-east-1",human body,distal gut,stool,SRX21107562,USA,North America,USA,Homo sapiens,Illumina MiSeq,329TP11,42.4440 N 76.5019 W,329TP11,PAIRED,PCR,METAGENOMIC,human gut metagenome,ILLUMINA,2025-01-01T00:00:00Z,2023-07-20T15:29:00Z,1,329TP11,SRP450576
SRR25368120,AMPLICON,502,38961224,PRJNA944997,SAMN36658178,"MIMARKS.survey,MIGS/MIMS/MIMARKS.human-gut",22669144,CORNELL UNIVERSITY,2020-10-06/2021-12-16,public,"fastq,run.zq,sra","gs,ncbi,s3","gs.us-east1,ncbi.public,s3.us-east-1",human body,distal gut,stool,SRX21107561,USA,North America,USA,Homo sapiens,Illumina MiSeq,329TP10,42.4440 N 76.5019 W,329TP10,PAIRED,PCR,METAGENOMIC,human gut metagenome,ILLUMINA,2025-01-01T00:00:00Z,2023-07-20T15:29:00Z,1,329TP10,SRP450576
SRR25368121,AMPLICON,502,25442866,PRJNA944997,SAMN36658177,"MIMARKS.survey,MIGS/MIMS/MIMARKS.human-gut",14576383,CORNELL UNIVERSITY,2020-10-06/2021-12-16,public,"fastq,run.zq,sra","gs,ncbi,s3","gs.us-east1,ncbi.public,s3.us-east-1",human body,distal gut,stool,SRX21107560,USA,North America,USA,Homo sapiens,Illumina MiSeq,329TP09,42.4440 N 76.5019 W,329TP09,PAIRED,PCR,METAGENOMIC,human gut metagenome,ILLUMINA,2025-01-01T00:00:00Z,2023-07-20T15:29:00Z,1,329TP09,SRP450576
SRR25368122,AMPLICON,502,44329612,PRJNA944997,SAMN36658466,"MIMARKS.survey,MIGS/MIMS/MIMARKS.human-gut",28599221,CORNELL UNIVERSITY,2020-10-06/2021-12-16,public,"fastq,run.zq,sra","gs,ncbi,s3","gs.us-east1,ncbi.public,s3.us-east-1",human body,distal gut,stool,SRX21107559,USA,North America,USA,Homo sapiens,Illumina MiSeq,329TP08,42.4440 N 76.5019 W,329TP08,PAIRED,PCR,METAGENOMIC,human gut metagenome,ILLUMINA,2025-01-01T00:00:00Z,2023-07-20T15:29:00Z,1,329TP08,SRP450576
SRR25368123,AMPLICON,502,26421766,PRJNA944997,SAMN36658746,"MIMARKS.survey,MIGS/MIMS/MIMARKS.human-gut",15373724,CORNELL UNIVERSITY,2020-10-06/2021-12-16,public,"fastq,run.zq,sra","gs,ncbi,s3","gs.us-east1,ncbi.public,s3.us-east-1",human body,distal gut,stool,SRX21107558,USA,North America,USA,Homo sapiens,Illumina MiSeq,329TP07.2,42.4440 N 76.5019 W,329TP07.2,PAIRED,PCR,METAGENOMIC,human gut metagenome,ILLUMINA,2025-01-01T00:00:00Z,2023-07-20T15:29:00Z,1,329TP07.2,SRP450576
SRR25368124,AMPLICON,502,29490492,PRJNA944997,SAMN36658705,"MIMARKS.survey,MIGS/MIMS/MIMARKS.human-gut",16975114,CORNELL UNIVERSITY,2020-10-06/2021-12-16,public,"fastq,run.zq,sra","gs,ncbi,s3","gs.us-east1,ncbi.public,s3.us-east-1",human body,distal gut,stool,SRX21107557,USA,North America,USA,Homo sapiens,Illumina MiSeq,320TP10.2,42.4440 N 76.5019 W,320TP10.2,PAIRED,PCR,METAGENOMIC,human gut metagenome,ILLUMINA,2025-01-01T00:00:00Z,2023-07-20T15:29:00Z,1,320TP10.2,SRP450576
SRR25368125,AMPLICON,502,45890832,PRJNA944997,SAMN36658295,"MIMARKS.survey,MIGS/MIMS/MIMARKS.human-gut",30516302,CORNELL UNIVERSITY,2020-10-06/2021-12-16,public,"fastq,run.zq,sra","gs,ncbi,s3","gs.us-east1,ncbi.public,s3.us-east-1",human body,distal gut,stool,SRX21107556,USA,North America,USA,Homo sapiens,Illumina MiSeq,329TP07,42.4440 N 76.5019 W,329TP07,PAIRED,PCR,METAGENOMIC,human gut metagenome,ILLUMINA,2025-01-01T00:00:00Z,2023-07-20T15:29:00Z,1,329TP07,SRP450576
SRR25368126,AMPLICON,502,38972268,PRJNA944997,SAMN36658294,"MIMARKS.survey,MIGS/MIMS/MIMARKS.human-gut",24047346,CORNELL UNIVERSITY,2020-10-06/2021-12-16,public,"fastq,run.zq,sra","gs,ncbi,s3","gs.us-east1,ncbi.public,s3.us-east-1",human body,distal gut,stool,SRX21107555,USA,North America,USA,Homo sapiens,Illumina MiSeq,329TP06,42.4440 N 76.5019 W,329TP06,PAIRED,PCR,METAGENOMIC,human gut metagenome,ILLUMINA,2025-01-01T00:00:00Z,2023-07-20T15:29:00Z,1,329TP06,SRP450576
SRR25368127,AMPLICON,502,102699160,PRJNA944997,SAMN36658531,"MIMARKS.survey,MIGS/MIMS/MIMARKS.human-gut",65776371,CORNELL UNIVERSITY,2020-10-06/2021-12-16,public,"fastq,run.zq,sra","gs,ncbi,s3","gs.us-east1,ncbi.public,s3.us-east-1",human body,distal gut,stool,SRX21107554,USA,North America,USA,Homo sapiens,Illumina MiSeq,329TP05,42.4440 N 76.5019 W,329TP05,PAIRED,PCR,METAGENOMIC,human gut metagenome,ILLUMINA,2025-01-01T00:00:00Z,2023-07-20T15:29:00Z,1,329TP05,SRP450576
SRR25368128,AMPLICON,502,29067306,PRJNA944997,SAMN36658065,"MIMARKS.survey,MIGS/MIMS/MIMARKS.human-gut",18318579,CORNELL UNIVERSITY,2020-10-06/2021-12-16,public,"fastq,run.zq,sra","gs,ncbi,s3","gs.us-east1,ncbi.public,s3.us-east-1",human body,distal gut,stool,SRX21107553,USA,North America,USA,Homo sapiens,Illumina MiSeq,329TP04,42.4440 N 76.5019 W,329TP04,PAIRED,PCR,METAGENOMIC,human gut metagenome,ILLUMINA,2025-01-01T00:00:00Z,2023-07-20T15:29:00Z,1,329TP04,SRP450576
SRR25368129,AMPLICON,502,32790138,PRJNA944997,SAMN36658064,"MIMARKS.survey,MIGS/MIMS/MIMARKS.human-gut",19979058,CORNELL UNIVERSITY,2020-10-06/2021-12-16,public,"fastq,run.zq,sra","gs,ncbi,s3","gs.us-east1,ncbi.public,s3.us-east-1",human body,distal gut,stool,SRX21107552,USA,North America,USA,Homo sapiens,Illumina MiSeq,329TP03,42.4440 N 76.5019 W,329TP03,PAIRED,PCR,METAGENOMIC,human gut metagenome,ILLUMINA,2025-01-01T00:00:00Z,2023-07-20T15:29:00Z,1,329TP03,SRP450576
SRR25368169,AMPLICON,502,29237484,PRJNA944997,SAMN36658044,"MIMARKS.survey,MIGS/MIMS/MIMARKS.human-gut",17548147,CORNELL UNIVERSITY,2020-10-06/2021-12-16,public,"fastq,run.zq,sra","gs,ncbi,s3","gs.us-east1,ncbi.public,s3.us-east-1",human body,distal gut,stool,SRX21107512,USA,North America,USA,Homo sapiens,Illumina MiSeq,392TP01,42.4440 N 76.5019 W,392TP01,PAIRED,PCR,METAGENOMIC,human gut metagenome,ILLUMINA,2025-01-01T00:00:00Z,2023-07-20T15:29:00Z,1,392TP01,SRP450576
SRR25368170,AMPLICON,502,26135626,PRJNA944997,SAMN36658688,"MIMARKS.survey,MIGS/MIMS/MIMARKS.human-gut",14830941,CORNELL UNIVERSITY,2020-10-06/2021-12-16,public,"fastq,run.zq,sra","gs,ncbi,s3","gs.us-east1,ncbi.public,s3.us-east-1",human body,distal gut,stool,SRX21107511,USA,North America,USA,Homo sapiens,Illumina MiSeq,391TP12,42.4440 N 76.5019 W,391TP12,PAIRED,PCR,METAGENOMIC,human gut metagenome,ILLUMINA,2025-01-01T00:00:00Z,2023-07-20T15:29:00Z,1,391TP12,SRP450576
SRR25368171,AMPLICON,502,38513440,PRJNA944997,SAMN36658687,"MIMARKS.survey,MIGS/MIMS/MIMARKS.human-gut",22789230,CORNELL UNIVERSITY,2020-10-06/2021-12-16,public,"fastq,run.zq,sra","gs,ncbi,s3","gs.us-east1,ncbi.public,s3.us-east-1",human body,distal gut,stool,SRX21107510,USA,North America,USA,Homo sapiens,Illumina MiSeq,391TP11.rerun,42.4440 N 76.5019 W,391TP11.rerun,PAIRED,PCR,METAGENOMIC,human gut metagenome,ILLUMINA,2025-01-01T00:00:00Z,2023-07-20T15:29:00Z,1,391TP11.rerun,SRP450576
SRR25368182,AMPLICON,502,36234862,PRJNA944997,SAMN36658447,"MIMARKS.survey,MIGS/MIMS/MIMARKS.human-gut",23567841,CORNELL UNIVERSITY,2020-10-06/2021-12-16,public,"fastq,run.zq,sra","gs,ncbi,s3","gs.us-east1,ncbi.public,s3.us-east-1",human body,distal gut,stool,SRX21107499,USA,North America,USA,Homo sapiens,Illumina MiSeq,382TP08,42.4440 N 76.5019 W,382TP08,PAIRED,PCR,METAGENOMIC,human gut metagenome,ILLUMINA,2025-01-01T00:00:00Z,2023-07-20T15:29:00Z,1,382TP08,SRP450576
SRR25368183,AMPLICON,502,26988022,PRJNA944997,SAMN36657983,"MIMARKS.survey,MIGS/MIMS/MIMARKS.human-gut",15386991,CORNELL UNIVERSITY,2020-10-06/2021-12-16,public,"fastq,run.zq,sra","gs,ncbi,s3","gs.us-east1,ncbi.public,s3.us-east-1",human body,distal gut,stool,SRX21107498,USA,North America,USA,Homo sapiens,Illumina MiSeq,326TP01,42.4440 N 76.5019 W,326TP01,PAIRED,PCR,METAGENOMIC,human gut metagenome,ILLUMINA,2025-01-01T00:00:00Z,2023-07-20T15:29:00Z,1,326TP01,SRP450576
SRR25368184,AMPLICON,502,47380266,PRJNA944997,SAMN36658779,"MIMARKS.survey,MIGS/MIMS/MIMARKS.human-gut",32306944,CORNELL UNIVERSITY,2020-10-06/2021-12-16,public,"fastq,run.zq,sra","gs,ncbi,s3","gs.us-east1,ncbi.public,s3.us-east-1",human body,distal gut,stool,SRX21107497,USA,North America,USA,Homo sapiens,Illumina MiSeq,382TP07.2,42.4440 N 76.5019 W,382TP07.2,PAIRED,PCR,METAGENOMIC,human gut metagenome,ILLUMINA,2025-01-01T00:00:00Z,2023-07-20T15:29:00Z,1,382TP07.2,SRP450576
SRR25368185,AMPLICON,502,26350482,PRJNA944997,SAMN36658377,"MIMARKS.survey,MIGS/MIMS/MIMARKS.human-gut",15848951,CORNELL UNIVERSITY,2020-10-06/2021-12-16,public,"fastq,run.zq,sra","gs,ncbi,s3","gs.us-east1,ncbi.public,s3.us-east-1",human body,distal gut,stool,SRX21107496,USA,North America,USA,Homo sapiens,Illumina MiSeq,382TP07,42.4440 N 76.5019 W,382TP07,PAIRED,PCR,METAGENOMIC,human gut metagenome,ILLUMINA,2025-01-01T00:00:00Z,2023-07-20T15:29:00Z,1,382TP07,SRP450576
SRR25368186,AMPLICON,502,47462594,PRJNA944997,SAMN36658376,"MIMARKS.survey,MIGS/MIMS/MIMARKS.human-gut",29011955,CORNELL UNIVERSITY,2020-10-06/2021-12-16,public,"fastq,run.zq,sra","gs,ncbi,s3","gs.us-east1,ncbi.public,s3.us-east-1",human body,distal gut,stool,SRX21107495,USA,North America,USA,Homo sapiens,Illumina MiSeq,382TP06,42.4440 N 76.5019 W,382TP06,PAIRED,PCR,METAGENOMIC,human gut metagenome,ILLUMINA,2025-01-01T00:00:00Z,2023-07-20T15:29:00Z,1,382TP06,SRP450576
SRR25368187,AMPLICON,502,29642096,PRJNA944997,SAMN36658575,"MIGS/MIMS/MIMARKS.human-gut,MIMARKS.survey",17126913,CORNELL UNIVERSITY,2020-10-06/2021-12-16,public,"fastq,run.zq,sra","gs,ncbi,s3","gs.us-east1,ncbi.public,s3.us-east-1",human body,distal gut,stool,SRX21107494,USA,North America,USA,Homo sapiens,Illumina MiSeq,382TP05,42.4440 N 76.5019 W,382TP05,PAIRED,PCR,METAGENOMIC,human gut metagenome,ILLUMINA,2025-01-01T00:00:00Z,2023-07-20T15:29:00Z,1,382TP05,SRP450576
SRR25368188,AMPLICON,502,23436372,PRJNA944997,SAMN36658781,"MIMARKS.survey,MIGS/MIMS/MIMARKS.human-gut",13673055,CORNELL UNIVERSITY,2020-10-06/2021-12-16,public,"fastq,run.zq,sra","gs,ncbi,s3","gs.us-east1,ncbi.public,s3.us-east-1",human body,distal gut,stool,SRX21107493,USA,North America,USA,Homo sapiens,Illumina MiSeq,382TP04.2,42.4440 N 76.5019 W,382TP04.2,PAIRED,PCR,METAGENOMIC,human gut metagenome,ILLUMINA,2025-01-01T00:00:00Z,2023-07-20T15:29:00Z,1,382TP04.2,SRP450576
SRR25368189,AMPLICON,502,39224774,PRJNA944997,SAMN36658260,"MIMARKS.survey,MIGS/MIMS/MIMARKS.human-gut",26143690,CORNELL UNIVERSITY,2020-10-06/2021-12-16,public,"fastq,run.zq,sra","gs,ncbi,s3","gs.us-east1,ncbi.public,s3.us-east-1",human body,distal gut,stool,SRX21107492,USA,North America,USA,Homo sapiens,Illumina MiSeq,382TP04,42.4440 N 76.5019 W,382TP04,PAIRED,PCR,METAGENOMIC,human gut metagenome,ILLUMINA,2025-01-01T00:00:00Z,2023-07-20T15:29:00Z,1,382TP04,SRP450576
SRR25368190,AMPLICON,502,34339310,PRJNA944997,SAMN36658259,"MIMARKS.survey,MIGS/MIMS/MIMARKS.human-gut",22252364,CORNELL UNIVERSITY,2020-10-06/2021-12-16,public,"fastq,run.zq,sra","gs,ncbi,s3","gs.us-east1,ncbi.public,s3.us-east-1",human body,distal gut,stool,SRX21107491,USA,North America,USA,Homo sapiens,Illumina MiSeq,382TP03,42.4440 N 76.5019 W,382TP03,PAIRED,PCR,METAGENOMIC,human gut metagenome,ILLUMINA,2025-01-01T00:00:00Z,2023-07-20T15:29:00Z,1,382TP03,SRP450576
SRR25368191,AMPLICON,502,31077314,PRJNA944997,SAMN36658511,"MIMARKS.survey,MIGS/MIMS/MIMARKS.human-gut",20181160,CORNELL UNIVERSITY,2020-10-06/2021-12-16,public,"fastq,run.zq,sra","gs,ncbi,s3","gs.us-east1,ncbi.public,s3.us-east-1",human body,distal gut,stool,SRX21107490,USA,North America,USA,Homo sapiens,Illumina MiSeq,382TP02,42.4440 N 76.5019 W,382TP02,PAIRED,PCR,METAGENOMIC,human gut metagenome,ILLUMINA,2025-01-01T00:00:00Z,2023-07-20T15:29:00Z,1,382TP02,SRP450576
SRR25368192,AMPLICON,502,26663730,PRJNA944997,SAMN36658035,"MIMARKS.survey,MIGS/MIMS/MIMARKS.human-gut",16341501,CORNELL UNIVERSITY,2020-10-06/2021-12-16,public,"fastq,run.zq,sra","gs,ncbi,s3","gs.us-east1,ncbi.public,s3.us-east-1",human body,distal gut,stool,SRX21107489,USA,North America,USA,Homo sapiens,Illumina MiSeq,382TP01,42.4440 N 76.5019 W,382TP01,PAIRED,PCR,METAGENOMIC,human gut metagenome,ILLUMINA,2025-01-01T00:00:00Z,2023-07-20T15:29:00Z,1,382TP01,SRP450576
SRR25368193,AMPLICON,502,40521440,PRJNA944997,SAMN36658446,"MIMARKS.survey,MIGS/MIMS/MIMARKS.human-gut",26091544,CORNELL UNIVERSITY,2020-10-06/2021-12-16,public,"fastq,run.zq,sra","gs,ncbi,s3","gs.us-east1,ncbi.public,s3.us-east-1",human body,distal gut,stool,SRX21107488,USA,North America,USA,Homo sapiens,Illumina MiSeq,381TP02,42.4440 N 76.5019 W,381TP02,PAIRED,PCR,METAGENOMIC,human gut metagenome,ILLUMINA,2025-01-01T00:00:00Z,2023-07-20T15:29:00Z,1,381TP02,SRP450576
SRR25368194,AMPLICON,502,35090804,PRJNA944997,SAMN36658596,"MIMARKS.survey,MIGS/MIMS/MIMARKS.human-gut",20440381,CORNELL UNIVERSITY,2020-10-06/2021-12-16,public,"fastq,run.zq,sra","gs,ncbi,s3","gs.us-east1,ncbi.public,s3.us-east-1",human body,distal gut,stool,SRX21107487,USA,North America,USA,Homo sapiens,Illumina MiSeq,325TP12.rerun,42.4440 N 76.5019 W,325TP12.rerun,PAIRED,PCR,METAGENOMIC,human gut metagenome,ILLUMINA,2025-01-01T00:00:00Z,2023-07-20T15:29:00Z,1,325TP12.rerun,SRP450576
SRR25368195,AMPLICON,502,22144726,PRJNA944997,SAMN36658034,"MIMARKS.survey,MIGS/MIMS/MIMARKS.human-gut",12744215,CORNELL UNIVERSITY,2020-10-06/2021-12-16,public,"fastq,run.zq,sra","gs,ncbi,s3","gs.us-east1,ncbi.public,s3.us-east-1",human body,distal gut,stool,SRX21107486,USA,North America,USA,Homo sapiens,Illumina MiSeq,381TP01,42.4440 N 76.5019 W,381TP01,PAIRED,PCR,METAGENOMIC,human gut metagenome,ILLUMINA,2025-01-01T00:00:00Z,2023-07-20T15:29:00Z,1,381TP01,SRP450576
SRR25368218,AMPLICON,502,23617594,PRJNA944997,SAMN36658822,"MIMARKS.survey,MIGS/MIMS/MIMARKS.human-gut",14367524,CORNELL UNIVERSITY,2020-10-06/2021-12-16,public,"fastq,run.zq,sra","gs,ncbi,s3","gs.us-east1,ncbi.public,s3.us-east-1",human body,distal gut,stool,SRX21107463,USA,North America,USA,Homo sapiens,Illumina MiSeq,369TP04.2,42.4440 N 76.5019 W,369TP04.2,PAIRED,PCR,METAGENOMIC,human gut metagenome,ILLUMINA,2025-01-01T00:00:00Z,2023-07-20T15:29:00Z,1,369TP04.2,SRP450576
SRR25368219,AMPLICON,502,41719212,PRJNA944997,SAMN36658131,"MIMARKS.survey,MIGS/MIMS/MIMARKS.human-gut",28460523,CORNELL UNIVERSITY,2020-10-06/2021-12-16,public,"fastq,run.zq,sra","gs,ncbi,s3","gs.us-east1,ncbi.public,s3.us-east-1",human body,distal gut,stool,SRX21107462,USA,North America,USA,Homo sapiens,Illumina MiSeq,369TP04,42.4440 N 76.5019 W,369TP04,PAIRED,PCR,METAGENOMIC,human gut metagenome,ILLUMINA,2025-01-01T00:00:00Z,2023-07-20T15:29:00Z,1,369TP04,SRP450576
SRR25368220,AMPLICON,502,31150606,PRJNA944997,SAMN36658057,"MIMARKS.survey,MIGS/MIMS/MIMARKS.human-gut",19936813,CORNELL UNIVERSITY,2020-10-06/2021-12-16,public,"fastq,run.zq,sra","gs,ncbi,s3","gs.us-east1,ncbi.public,s3.us-east-1",human body,distal gut,stool,SRX21107461,USA,North America,USA,Homo sapiens,Illumina MiSeq,325TP04,42.4440 N 76.5019 W,325TP04,PAIRED,PCR,METAGENOMIC,human gut metagenome,ILLUMINA,2025-01-01T00:00:00Z,2023-07-20T15:29:00Z,1,325TP04,SRP450576
SRR25368224,AMPLICON,502,33332298,PRJNA944997,SAMN36658661,"MIMARKS.survey,MIGS/MIMS/MIMARKS.human-gut",18906638,CORNELL UNIVERSITY,2020-10-06/2021-12-16,public,"fastq,run.zq,sra","gs,ncbi,s3","gs.us-east1,ncbi.public,s3.us-east-1",human body,distal gut,stool,SRX21107457,USA,North America,USA,Homo sapiens,Illumina MiSeq,368TP12,42.4440 N 76.5019 W,368TP12,PAIRED,PCR,METAGENOMIC,human gut metagenome,ILLUMINA,2025-01-01T00:00:00Z,2023-07-20T15:29:00Z,1,368TP12,SRP450576
SRR25368225,AMPLICON,502,23540788,PRJNA944997,SAMN36658660,"MIMARKS.survey,MIGS/MIMS/MIMARKS.human-gut",13801549,CORNELL UNIVERSITY,2020-10-06/2021-12-16,public,"fastq,run.zq,sra","gs,ncbi,s3","gs.us-east1,ncbi.public,s3.us-east-1",human body,distal gut,stool,SRX21107456,USA,North America,USA,Homo sapiens,Illumina MiSeq,368TP11.rerun,42.4440 N 76.5019 W,368TP11.rerun,PAIRED,PCR,METAGENOMIC,human gut metagenome,ILLUMINA,2025-01-01T00:00:00Z,2023-07-20T15:29:00Z,1,368TP11.rerun,SRP450576
SRR25368226,AMPLICON,502,50947980,PRJNA944997,SAMN36658703,"MIMARKS.survey,MIGS/MIMS/MIMARKS.human-gut",33965355,CORNELL UNIVERSITY,2020-10-06/2021-12-16,public,"fastq,run.zq,sra","gs,ncbi,s3","gs.us-east1,ncbi.public,s3.us-east-1",human body,distal gut,stool,SRX21107455,USA,North America,USA,Homo sapiens,Illumina MiSeq,368TP10.2,42.4440 N 76.5019 W,368TP10.2,PAIRED,PCR,METAGENOMIC,human gut metagenome,ILLUMINA,2025-01-01T00:00:00Z,2023-07-20T15:29:00Z,1,368TP10.2,SRP450576
SRR25368230,AMPLICON,502,46496244,PRJNA944997,SAMN36658763,"MIMARKS.survey,MIGS/MIMS/MIMARKS.human-gut",31387407,CORNELL UNIVERSITY,2020-10-06/2021-12-16,public,"fastq,run.zq,sra","gs,ncbi,s3","gs.us-east1,ncbi.public,s3.us-east-1",human body,distal gut,stool,SRX21107451,USA,North America,USA,Homo sapiens,Illumina MiSeq,368TP07.2,42.4440 N 76.5019 W,368TP07.2,PAIRED,PCR,METAGENOMIC,human gut metagenome,ILLUMINA,2025-01-01T00:00:00Z,2023-07-20T15:29:00Z,1,368TP07.2,SRP450576
SRR25368231,AMPLICON,502,31226408,PRJNA944997,SAMN36658056,"MIMARKS.survey,MIGS/MIMS/MIMARKS.human-gut",19112817,CORNELL UNIVERSITY,2020-10-06/2021-12-16,public,"fastq,run.zq,sra","gs,ncbi,s3","gs.us-east1,ncbi.public,s3.us-east-1",human body,distal gut,stool,SRX21107450,USA,North America,USA,Homo sapiens,Illumina MiSeq,325TP03,42.4440 N 76.5019 W,325TP03,PAIRED,PCR,METAGENOMIC,human gut metagenome,ILLUMINA,2025-01-01T00:00:00Z,2023-07-20T15:29:00Z,1,325TP03,SRP450576
SRR25368232,AMPLICON,502,44028412,PRJNA944997,SAMN36658278,"MIMARKS.survey,MIGS/MIMS/MIMARKS.human-gut",27172604,CORNELL UNIVERSITY,2020-10-06/2021-12-16,public,"fastq,run.zq,sra","gs,ncbi,s3","gs.us-east1,ncbi.public,s3.us-east-1",human body,distal gut,stool,SRX21107449,USA,North America,USA,Homo sapiens,Illumina MiSeq,320TP06,42.4440 N 76.5019 W,320TP06,PAIRED,PCR,METAGENOMIC,human gut metagenome,ILLUMINA,2025-01-01T00:00:00Z,2023-07-20T15:29:00Z,1,320TP06,SRP450576
SRR25368241,AMPLICON,502,39922554,PRJNA944997,SAMN36658230,"MIMARKS.survey,MIGS/MIMS/MIMARKS.human-gut",24374750,CORNELL UNIVERSITY,2020-10-06/2021-12-16,public,"fastq,run.zq,sra","gs,ncbi,s3","gs.us-east1,ncbi.public,s3.us-east-1",human body,distal gut,stool,SRX21107440,USA,North America,USA,Homo sapiens,Illumina MiSeq,360TP03,42.4440 N 76.5019 W,360TP03,PAIRED,PCR,METAGENOMIC,human gut metagenome,ILLUMINA,2025-01-01T00:00:00Z,2023-07-20T15:29:00Z,1,360TP03,SRP450576
SRR25368252,AMPLICON,502,29663180,PRJNA944997,SAMN36658710,"MIMARKS.survey,MIGS/MIMS/MIMARKS.human-gut",17231961,CORNELL UNIVERSITY,2020-10-06/2021-12-16,public,"fastq,run.zq,sra","gs,ncbi,s3","gs.us-east1,ncbi.public,s3.us-east-1",human body,distal gut,stool,SRX21107429,USA,North America,USA,Homo sapiens,Illumina MiSeq,359TP07.2,42.4440 N 76.5019 W,359TP07.2,PAIRED,PCR,METAGENOMIC,human gut metagenome,ILLUMINA,2025-01-01T00:00:00Z,2023-07-20T15:29:00Z,1,359TP07.2,SRP450576
SRR25368253,AMPLICON,502,51152796,PRJNA944997,SAMN36658348,"MIMARKS.survey,MIGS/MIMS/MIMARKS.human-gut",33919012,CORNELL UNIVERSITY,2020-10-06/2021-12-16,public,"fastq,run.zq,sra","gs,ncbi,s3","gs.us-east1,ncbi.public,s3.us-east-1",human body,distal gut,stool,SRX21107428,USA,North America,USA,Homo sapiens,Illumina MiSeq,359TP07,42.4440 N 76.5019 W,359TP07,PAIRED,PCR,METAGENOMIC,human gut metagenome,ILLUMINA,2025-01-01T00:00:00Z,2023-07-20T15:29:00Z,1,359TP07,SRP450576
SRR25368254,AMPLICON,502,40118836,PRJNA944997,SAMN36658347,"MIMARKS.survey,MIGS/MIMS/MIMARKS.human-gut",24574626,CORNELL UNIVERSITY,2020-10-06/2021-12-16,public,"fastq,run.zq,sra","gs,ncbi,s3","gs.us-east1,ncbi.public,s3.us-east-1",human body,distal gut,stool,SRX21107427,USA,North America,USA,Homo sapiens,Illumina MiSeq,359TP06,42.4440 N 76.5019 W,359TP06,PAIRED,PCR,METAGENOMIC,human gut metagenome,ILLUMINA,2025-01-01T00:00:00Z,2023-07-20T15:29:00Z,1,359TP06,SRP450576
SRR25368255,AMPLICON,502,29191300,PRJNA944997,SAMN36658559,"MIMARKS.survey,MIGS/MIMS/MIMARKS.human-gut",17578514,CORNELL UNIVERSITY,2020-10-06/2021-12-16,public,"fastq,run.zq,sra","gs,ncbi,s3","gs.us-east1,ncbi.public,s3.us-east-1",human body,distal gut,stool,SRX21107426,USA,North America,USA,Homo sapiens,Illumina MiSeq,359TP05,42.4440 N 76.5019 W,359TP05,PAIRED,PCR,METAGENOMIC,human gut metagenome,ILLUMINA,2025-01-01T00:00:00Z,2023-07-20T15:29:00Z,1,359TP05,SRP450576
SRR25368256,AMPLICON,502,52046356,PRJNA944997,SAMN36658711,"MIMARKS.survey,MIGS/MIMS/MIMARKS.human-gut",35098247,CORNELL UNIVERSITY,2020-10-06/2021-12-16,public,"fastq,run.zq,sra","gs,ncbi,s3","gs.us-east1,ncbi.public,s3.us-east-1",human body,distal gut,stool,SRX21107425,USA,North America,USA,Homo sapiens,Illumina MiSeq,359TP04.2,42.4440 N 76.5019 W,359TP04.2,PAIRED,PCR,METAGENOMIC,human gut metagenome,ILLUMINA,2025-01-01T00:00:00Z,2023-07-20T15:29:00Z,1,359TP04.2,SRP450576
SRR25368257,AMPLICON,502,29799724,PRJNA944997,SAMN36658117,"MIMARKS.survey,MIGS/MIMS/MIMARKS.human-gut",17641000,CORNELL UNIVERSITY,2020-10-06/2021-12-16,public,"fastq,run.zq,sra","gs,ncbi,s3","gs.us-east1,ncbi.public,s3.us-east-1",human body,distal gut,stool,SRX21107424,USA,North America,USA,Homo sapiens,Illumina MiSeq,359TP04,42.4440 N 76.5019 W,359TP04,PAIRED,PCR,METAGENOMIC,human gut metagenome,ILLUMINA,2025-01-01T00:00:00Z,2023-07-20T15:29:00Z,1,359TP04,SRP450576
SRR25368258,AMPLICON,502,56718470,PRJNA944997,SAMN36658526,"MIMARKS.survey,MIGS/MIMS/MIMARKS.human-gut",38854249,CORNELL UNIVERSITY,2020-10-06/2021-12-16,public,"fastq,run.zq,sra","gs,ncbi,s3","gs.us-east1,ncbi.public,s3.us-east-1",human body,distal gut,stool,SRX21107423,USA,North America,USA,Homo sapiens,Illumina MiSeq,323TP05,42.4440 N 76.5019 W,323TP05,PAIRED,PCR,METAGENOMIC,human gut metagenome,ILLUMINA,2025-01-01T00:00:00Z,2023-07-20T15:29:00Z,1,323TP05,SRP450576
SRR25368259,AMPLICON,502,31819270,PRJNA944997,SAMN36658116,"MIMARKS.survey,MIGS/MIMS/MIMARKS.human-gut",18959081,CORNELL UNIVERSITY,2020-10-06/2021-12-16,public,"fastq,run.zq,sra","gs,ncbi,s3","gs.us-east1,ncbi.public,s3.us-east-1",human body,distal gut,stool,SRX21107422,USA,North America,USA,Homo sapiens,Illumina MiSeq,359TP03,42.4440 N 76.5019 W,359TP03,PAIRED,PCR,METAGENOMIC,human gut metagenome,ILLUMINA,2025-01-01T00:00:00Z,2023-07-20T15:29:00Z,1,359TP03,SRP450576
SRR25368260,AMPLICON,502,44139856,PRJNA944997,SAMN36658429,"MIMARKS.survey,MIGS/MIMS/MIMARKS.human-gut",28381727,CORNELL UNIVERSITY,2020-10-06/2021-12-16,public,"fastq,run.zq,sra","gs,ncbi,s3","gs.us-east1,ncbi.public,s3.us-east-1",human body,distal gut,stool,SRX21107421,USA,North America,USA,Homo sapiens,Illumina MiSeq,359TP02,42.4440 N 76.5019 W,359TP02,PAIRED,PCR,METAGENOMIC,human gut metagenome,ILLUMINA,2025-01-01T00:00:00Z,2023-07-20T15:29:00Z,1,359TP02,SRP450576
SRR25368261,AMPLICON,502,22959472,PRJNA944997,SAMN36658014,"MIMARKS.survey,MIGS/MIMS/MIMARKS.human-gut",14229185,CORNELL UNIVERSITY,2020-10-06/2021-12-16,public,"fastq,run.zq,sra","gs,ncbi,s3","gs.us-east1,ncbi.public,s3.us-east-1",human body,distal gut,stool,SRX21107420,USA,North America,USA,Homo sapiens,Illumina MiSeq,359TP01,42.4440 N 76.5019 W,359TP01,PAIRED,PCR,METAGENOMIC,human gut metagenome,ILLUMINA,2025-01-01T00:00:00Z,2023-07-20T15:29:00Z,1,359TP01,SRP450576
SRR25368262,AMPLICON,502,21830976,PRJNA944997,SAMN36658645,"MIMARKS.survey,MIGS/MIMS/MIMARKS.human-gut",12645286,CORNELL UNIVERSITY,2020-10-06/2021-12-16,public,"fastq,run.zq,sra","gs,ncbi,s3","gs.us-east1,ncbi.public,s3.us-east-1",human body,distal gut,stool,SRX21107419,USA,North America,USA,Homo sapiens,Illumina MiSeq,358TP12,42.4440 N 76.5019 W,358TP12,PAIRED,PCR,METAGENOMIC,human gut metagenome,ILLUMINA,2025-01-01T00:00:00Z,2023-07-20T15:29:00Z,1,358TP12,SRP450576
SRR25368263,AMPLICON,502,22088000,PRJNA944997,SAMN36658644,"MIMARKS.survey,MIGS/MIMS/MIMARKS.human-gut",12802703,CORNELL UNIVERSITY,2020-10-06/2021-12-16,public,"fastq,run.zq,sra","gs,ncbi,s3","gs.us-east1,ncbi.public,s3.us-east-1",human body,distal gut,stool,SRX21107418,USA,North America,USA,Homo sapiens,Illumina MiSeq,358TP11,42.4440 N 76.5019 W,358TP11,PAIRED,PCR,METAGENOMIC,human gut metagenome,ILLUMINA,2025-01-01T00:00:00Z,2023-07-20T15:29:00Z,1,358TP11,SRP450576
SRR25368264,AMPLICON,502,44373286,PRJNA944997,SAMN36658734,"MIMARKS.survey,MIGS/MIMS/MIMARKS.human-gut",29482812,CORNELL UNIVERSITY,2020-10-06/2021-12-16,public,"fastq,run.zq,sra","gs,ncbi,s3","gs.us-east1,ncbi.public,s3.us-east-1",human body,distal gut,stool,SRX21107417,USA,North America,USA,Homo sapiens,Illumina MiSeq,358TP10.2,42.4440 N 76.5019 W,358TP10.2,PAIRED,PCR,METAGENOMIC,human gut metagenome,ILLUMINA,2025-01-01T00:00:00Z,2023-07-20T15:29:00Z,1,358TP10.2,SRP450576
SRR25368265,AMPLICON,502,26711420,PRJNA944997,SAMN36658115,"MIMARKS.survey,MIGS/MIMS/MIMARKS.human-gut",15597871,CORNELL UNIVERSITY,2020-10-06/2021-12-16,public,"fastq,run.zq,sra","gs,ncbi,s3","gs.us-east1,ncbi.public,s3.us-east-1",human body,distal gut,stool,SRX21107416,USA,North America,USA,Homo sapiens,Illumina MiSeq,358TP10,42.4440 N 76.5019 W,358TP10,PAIRED,PCR,METAGENOMIC,human gut metagenome,ILLUMINA,2025-01-01T00:00:00Z,2023-07-20T15:29:00Z,1,358TP10,SRP450576
SRR25368266,AMPLICON,502,19468062,PRJNA944997,SAMN36658114,"MIMARKS.survey,MIGS/MIMS/MIMARKS.human-gut",11475543,CORNELL UNIVERSITY,2020-10-06/2021-12-16,public,"fastq,run.zq,sra","gs,ncbi,s3","gs.us-east1,ncbi.public,s3.us-east-1",human body,distal gut,stool,SRX21107415,USA,North America,USA,Homo sapiens,Illumina MiSeq,358TP09.rerun,42.4440 N 76.5019 W,358TP09.rerun,PAIRED,PCR,METAGENOMIC,human gut metagenome,ILLUMINA,2025-01-01T00:00:00Z,2023-07-20T15:29:00Z,1,358TP09.rerun,SRP450576
SRR25368267,AMPLICON,502,37602310,PRJNA944997,SAMN36658428,"MIMARKS.survey,MIGS/MIMS/MIMARKS.human-gut",24120871,CORNELL UNIVERSITY,2020-10-06/2021-12-16,public,"fastq,run.zq,sra","gs,ncbi,s3","gs.us-east1,ncbi.public,s3.us-east-1",human body,distal gut,stool,SRX21107414,USA,North America,USA,Homo sapiens,Illumina MiSeq,358TP08,42.4440 N 76.5019 W,358TP08,PAIRED,PCR,METAGENOMIC,human gut metagenome,ILLUMINA,2025-01-01T00:00:00Z,2023-07-20T15:29:00Z,1,358TP08,SRP450576
SRR25368268,AMPLICON,502,43058046,PRJNA944997,SAMN36658800,"MIMARKS.survey,MIGS/MIMS/MIMARKS.human-gut",29071259,CORNELL UNIVERSITY,2020-10-06/2021-12-16,public,"fastq,run.zq,sra","gs,ncbi,s3","gs.us-east1,ncbi.public,s3.us-east-1",human body,distal gut,stool,SRX21107413,USA,North America,USA,Homo sapiens,Illumina MiSeq,358TP07.2,42.4440 N 76.5019 W,358TP07.2,PAIRED,PCR,METAGENOMIC,human gut metagenome,ILLUMINA,2025-01-01T00:00:00Z,2023-07-20T15:29:00Z,1,358TP07.2,SRP450576
SRR25368269,AMPLICON,502,30145602,PRJNA944997,SAMN36658055,"MIMARKS.survey,MIGS/MIMS/MIMARKS.human-gut",19595143,CORNELL UNIVERSITY,2020-10-06/2021-12-16,public,"fastq,run.zq,sra","gs,ncbi,s3","gs.us-east1,ncbi.public,s3.us-east-1",human body,distal gut,stool,SRX21107412,USA,North America,USA,Homo sapiens,Illumina MiSeq,323TP04,42.4440 N 76.5019 W,323TP04,PAIRED,PCR,METAGENOMIC,human gut metagenome,ILLUMINA,2025-01-01T00:00:00Z,2023-07-20T15:29:00Z,1,323TP04,SRP450576
SRR25368270,AMPLICON,502,23726026,PRJNA944997,SAMN36658346,"MIMARKS.survey,MIGS/MIMS/MIMARKS.human-gut",14110544,CORNELL UNIVERSITY,2020-10-06/2021-12-16,public,"fastq,run.zq,sra","gs,ncbi,s3","gs.us-east1,ncbi.public,s3.us-east-1",human body,distal gut,stool,SRX21107411,USA,North America,USA,Homo sapiens,Illumina MiSeq,358TP07,42.4440 N 76.5019 W,358TP07,PAIRED,PCR,METAGENOMIC,human gut metagenome,ILLUMINA,2025-01-01T00:00:00Z,2023-07-20T15:29:00Z,1,358TP07,SRP450576
SRR25368271,AMPLICON,502,51971558,PRJNA944997,SAMN36658345,"MIMARKS.survey,MIGS/MIMS/MIMARKS.human-gut",32303671,CORNELL UNIVERSITY,2020-10-06/2021-12-16,public,"fastq,run.zq,sra","gs,ncbi,s3","gs.us-east1,ncbi.public,s3.us-east-1",human body,distal gut,stool,SRX21107410,USA,North America,USA,Homo sapiens,Illumina MiSeq,358TP06,42.4440 N 76.5019 W,358TP06,PAIRED,PCR,METAGENOMIC,human gut metagenome,ILLUMINA,2025-01-01T00:00:00Z,2023-07-20T15:29:00Z,1,358TP06,SRP450576
SRR25368272,AMPLICON,502,29231962,PRJNA944997,SAMN36658558,"MIMARKS.survey,MIGS/MIMS/MIMARKS.human-gut",17491539,CORNELL UNIVERSITY,2020-10-06/2021-12-16,public,"fastq,run.zq,sra","gs,ncbi,s3","gs.us-east1,ncbi.public,s3.us-east-1",human body,distal gut,stool,SRX21107409,USA,North America,USA,Homo sapiens,Illumina MiSeq,358TP05,42.4440 N 76.5019 W,358TP05,PAIRED,PCR,METAGENOMIC,human gut metagenome,ILLUMINA,2025-01-01T00:00:00Z,2023-07-20T15:29:00Z,1,358TP05,SRP450576
SRR25368273,AMPLICON,502,44820066,PRJNA944997,SAMN36658396,"MIMARKS.survey,MIGS/MIMS/MIMARKS.human-gut",28803169,CORNELL UNIVERSITY,2020-10-06/2021-12-16,public,"fastq,run.zq,sra","gs,ncbi,s3","gs.us-east1,ncbi.public,s3.us-east-1",human body,distal gut,stool,SRX21107408,USA,North America,USA,Homo sapiens,Illumina MiSeq,322TP08,42.4440 N 76.5019 W,322TP08,PAIRED,PCR,METAGENOMIC,human gut metagenome,ILLUMINA,2025-01-01T00:00:00Z,2023-07-20T15:29:00Z,1,322TP08,SRP450576
SRR25368274,AMPLICON,502,34888498,PRJNA944997,SAMN36658102,"MIMARKS.survey,MIGS/MIMS/MIMARKS.human-gut",20931776,CORNELL UNIVERSITY,2020-10-06/2021-12-16,public,"fastq,run.zq,sra","gs,ncbi,s3","gs.us-east1,ncbi.public,s3.us-east-1",human body,distal gut,stool,SRX21107407,USA,North America,USA,Homo sapiens,Illumina MiSeq,351TP03,42.4440 N 76.5019 W,351TP03,PAIRED,PCR,METAGENOMIC,human gut metagenome,ILLUMINA,2025-01-01T00:00:00Z,2023-07-20T15:29:00Z,1,351TP03,SRP450576
SRR25368275,AMPLICON,502,40418028,PRJNA944997,SAMN36658422,"MIMARKS.survey,MIGS/MIMS/MIMARKS.human-gut",26012711,CORNELL UNIVERSITY,2020-10-06/2021-12-16,public,"fastq,run.zq,sra","gs,ncbi,s3","gs.us-east1,ncbi.public,s3.us-east-1",human body,distal gut,stool,SRX21107406,USA,North America,USA,Homo sapiens,Illumina MiSeq,351TP02,42.4440 N 76.5019 W,351TP02,PAIRED,PCR,METAGENOMIC,human gut metagenome,ILLUMINA,2025-01-01T00:00:00Z,2023-07-20T15:29:00Z,1,351TP02,SRP450576
SRR25368276,AMPLICON,502,29669706,PRJNA944997,SAMN36658007,"MIMARKS.survey,MIGS/MIMS/MIMARKS.human-gut",18038384,CORNELL UNIVERSITY,2020-10-06/2021-12-16,public,"fastq,run.zq,sra","gs,ncbi,s3","gs.us-east1,ncbi.public,s3.us-east-1",human body,distal gut,stool,SRX21107405,USA,North America,USA,Homo sapiens,Illumina MiSeq,351TP01,42.4440 N 76.5019 W,351TP01,PAIRED,PCR,METAGENOMIC,human gut metagenome,ILLUMINA,2025-01-01T00:00:00Z,2023-07-20T15:29:00Z,1,351TP01,SRP450576
SRR25368277,AMPLICON,502,30257548,PRJNA944997,SAMN36658633,"MIMARKS.survey,MIGS/MIMS/MIMARKS.human-gut",17509626,CORNELL UNIVERSITY,2020-10-06/2021-12-16,public,"fastq,run.zq,sra","gs,ncbi,s3","gs.us-east1,ncbi.public,s3.us-east-1",human body,distal gut,stool,SRX21106825,USA,North America,USA,Homo sapiens,Illumina MiSeq,350TP12,42.4440 N 76.5019 W,350TP12,PAIRED,PCR,METAGENOMIC,human gut metagenome,ILLUMINA,2025-01-01T00:00:00Z,2023-07-20T15:29:00Z,1,350TP12,SRP450576
SRR25368278,AMPLICON,502,25226002,PRJNA944997,SAMN36658632,"MIMARKS.survey,MIGS/MIMS/MIMARKS.human-gut",14640037,CORNELL UNIVERSITY,2020-10-06/2021-12-16,public,"fastq,run.zq,sra","gs,ncbi,s3","gs.us-east1,ncbi.public,s3.us-east-1",human body,distal gut,stool,SRX21106824,USA,North America,USA,Homo sapiens,Illumina MiSeq,350TP11,42.4440 N 76.5019 W,350TP11,PAIRED,PCR,METAGENOMIC,human gut metagenome,ILLUMINA,2025-01-01T00:00:00Z,2023-07-20T15:29:00Z,1,350TP11,SRP450576
SRR25368279,AMPLICON,502,43982730,PRJNA944997,SAMN36658720,"MIMARKS.survey,MIGS/MIMS/MIMARKS.human-gut",29061283,CORNELL UNIVERSITY,2020-10-06/2021-12-16,public,"fastq,run.zq,sra","gs,ncbi,s3","gs.us-east1,ncbi.public,s3.us-east-1",human body,distal gut,stool,SRX21106823,USA,North America,USA,Homo sapiens,Illumina MiSeq,350TP10.2,42.4440 N 76.5019 W,350TP10.2,PAIRED,PCR,METAGENOMIC,human gut metagenome,ILLUMINA,2025-01-01T00:00:00Z,2023-07-20T15:29:00Z,1,350TP10.2,SRP450576
SRR25368280,AMPLICON,502,26628088,PRJNA944997,SAMN36658101,"MIMARKS.survey,MIGS/MIMS/MIMARKS.human-gut",15274091,CORNELL UNIVERSITY,2020-10-06/2021-12-16,public,"fastq,run.zq,sra","gs,ncbi,s3","gs.us-east1,ncbi.public,s3.us-east-1",human body,distal gut,stool,SRX21106822,USA,North America,USA,Homo sapiens,Illumina MiSeq,350TP10,42.4440 N 76.5019 W,350TP10,PAIRED,PCR,METAGENOMIC,human gut metagenome,ILLUMINA,2025-01-01T00:00:00Z,2023-07-20T15:29:00Z,1,350TP10,SRP450576
SRR25368281,AMPLICON,502,27968428,PRJNA944997,SAMN36658100,"MIMARKS.survey,MIGS/MIMS/MIMARKS.human-gut",16348821,CORNELL UNIVERSITY,2020-10-06/2021-12-16,public,"fastq,run.zq,sra","gs,ncbi,s3","gs.us-east1,ncbi.public,s3.us-east-1",human body,distal gut,stool,SRX21106821,USA,North America,USA,Homo sapiens,Illumina MiSeq,350TP09,42.4440 N 76.5019 W,350TP09,PAIRED,PCR,METAGENOMIC,human gut metagenome,ILLUMINA,2025-01-01T00:00:00Z,2023-07-20T15:29:00Z,1,350TP09,SRP450576
SRR25368282,AMPLICON,502,39023472,PRJNA944997,SAMN36658421,"MIMARKS.survey,MIGS/MIMS/MIMARKS.human-gut",25401691,CORNELL UNIVERSITY,2020-10-06/2021-12-16,public,"fastq,run.zq,sra","gs,ncbi,s3","gs.us-east1,ncbi.public,s3.us-east-1",human body,distal gut,stool,SRX21106820,USA,North America,USA,Homo sapiens,Illumina MiSeq,350TP08,42.4440 N 76.5019 W,350TP08,PAIRED,PCR,METAGENOMIC,human gut metagenome,ILLUMINA,2025-01-01T00:00:00Z,2023-07-20T15:29:00Z,1,350TP08,SRP450576
SRR25368283,AMPLICON,502,23016700,PRJNA944997,SAMN36658814,"MIMARKS.survey,MIGS/MIMS/MIMARKS.human-gut",13691297,CORNELL UNIVERSITY,2020-10-06/2021-12-16,public,"fastq,run.zq,sra","gs,ncbi,s3","gs.us-east1,ncbi.public,s3.us-east-1",human body,distal gut,stool,SRX21106819,USA,North America,USA,Homo sapiens,Illumina MiSeq,350TP07.2,42.4440 N 76.5019 W,350TP07.2,PAIRED,PCR,METAGENOMIC,human gut metagenome,ILLUMINA,2025-01-01T00:00:00Z,2023-07-20T15:36:00Z,1,350TP07.2,SRP450576
SRR25368284,AMPLICON,502,28062302,PRJNA944997,SAMN36658736,"MIMARKS.survey,MIGS/MIMS/MIMARKS.human-gut",16606095,CORNELL UNIVERSITY,2020-10-06/2021-12-16,public,"fastq,run.zq,sra","gs,ncbi,s3","gs.us-east1,ncbi.public,s3.us-east-1",human body,distal gut,stool,SRX21106818,USA,North America,USA,Homo sapiens,Illumina MiSeq,322TP07.2,42.4440 N 76.5019 W,322TP07.2,PAIRED,PCR,METAGENOMIC,human gut metagenome,ILLUMINA,2025-01-01T00:00:00Z,2023-07-20T15:36:00Z,1,322TP07.2,SRP450576
SRR25368285,AMPLICON,502,39651474,PRJNA944997,SAMN36658333,"MIMARKS.survey,MIGS/MIMS/MIMARKS.human-gut",26696722,CORNELL UNIVERSITY,2020-10-06/2021-12-16,public,"fastq,run.zq,sra","gs,ncbi,s3","gs.us-east1,ncbi.public,s3.us-east-1",human body,distal gut,stool,SRX21106817,USA,North America,USA,Homo sapiens,Illumina MiSeq,350TP07,42.4440 N 76.5019 W,350TP07,PAIRED,PCR,METAGENOMIC,human gut metagenome,ILLUMINA,2025-01-01T00:00:00Z,2023-07-20T15:36:00Z,1,350TP07,SRP450576
SRR25368286,AMPLICON,502,44637840,PRJNA944997,SAMN36658332,"MIMARKS.survey,MIGS/MIMS/MIMARKS.human-gut",27273422,CORNELL UNIVERSITY,2020-10-06/2021-12-16,public,"fastq,run.zq,sra","gs,ncbi,s3","gs.us-east1,ncbi.public,s3.us-east-1",human body,distal gut,stool,SRX21106816,USA,North America,USA,Homo sapiens,Illumina MiSeq,350TP06,42.4440 N 76.5019 W,350TP06,PAIRED,PCR,METAGENOMIC,human gut metagenome,ILLUMINA,2025-01-01T00:00:00Z,2023-07-20T15:36:00Z,1,350TP06,SRP450576
SRR25368287,AMPLICON,502,21343534,PRJNA944997,SAMN36658551,"MIMARKS.survey,MIGS/MIMS/MIMARKS.human-gut",12417753,CORNELL UNIVERSITY,2020-10-06/2021-12-16,public,"fastq,run.zq,sra","gs,ncbi,s3","gs.us-east1,ncbi.public,s3.us-east-1",human body,distal gut,stool,SRX21106815,USA,North America,USA,Homo sapiens,Illumina MiSeq,350TP05,42.4440 N 76.5019 W,350TP05,PAIRED,PCR,METAGENOMIC,human gut metagenome,ILLUMINA,2025-01-01T00:00:00Z,2023-07-20T15:36:00Z,1,350TP05,SRP450576
SRR25368288,AMPLICON,502,42272416,PRJNA944997,SAMN36658770,"MIMARKS.survey,MIGS/MIMS/MIMARKS.human-gut",28686983,CORNELL UNIVERSITY,2020-10-06/2021-12-16,public,"fastq,run.zq,sra","gs,ncbi,s3","gs.us-east1,ncbi.public,s3.us-east-1",human body,distal gut,stool,SRX21106814,USA,North America,USA,Homo sapiens,Illumina MiSeq,350TP04.2,42.4440 N 76.5019 W,350TP04.2,PAIRED,PCR,METAGENOMIC,human gut metagenome,ILLUMINA,2025-01-01T00:00:00Z,2023-07-20T15:36:00Z,1,350TP04.2,SRP450576
SRR25368289,AMPLICON,502,24637658,PRJNA944997,SAMN36658213,"MIMARKS.survey,MIGS/MIMS/MIMARKS.human-gut",14713249,CORNELL UNIVERSITY,2020-10-06/2021-12-16,public,"fastq,run.zq,sra","gs,ncbi,s3","gs.us-east1,ncbi.public,s3.us-east-1",human body,distal gut,stool,SRX21106813,USA,North America,USA,Homo sapiens,Illumina MiSeq,350TP04,42.4440 N 76.5019 W,350TP04,PAIRED,PCR,METAGENOMIC,human gut metagenome,ILLUMINA,2025-01-01T00:00:00Z,2023-07-20T15:36:00Z,1,350TP04,SRP450576
SRR25368290,AMPLICON,502,28984978,PRJNA944997,SAMN36658212,"MIMARKS.survey,MIGS/MIMS/MIMARKS.human-gut",17542974,CORNELL UNIVERSITY,2020-10-06/2021-12-16,public,"fastq,run.zq,sra","gs,ncbi,s3","gs.us-east1,ncbi.public,s3.us-east-1",human body,distal gut,stool,SRX21106812,USA,North America,USA,Homo sapiens,Illumina MiSeq,350TP03,42.4440 N 76.5019 W,350TP03,PAIRED,PCR,METAGENOMIC,human gut metagenome,ILLUMINA,2025-01-01T00:00:00Z,2023-07-20T15:36:00Z,1,350TP03,SRP450576
SRR25368294,AMPLICON,502,31609434,PRJNA944997,SAMN36658630,"MIMARKS.survey,MIGS/MIMS/MIMARKS.human-gut",18271399,CORNELL UNIVERSITY,2020-10-06/2021-12-16,public,"fastq,run.zq,sra","gs,ncbi,s3","gs.us-east1,ncbi.public,s3.us-east-1",human body,distal gut,stool,SRX21107403,USA,North America,USA,Homo sapiens,Illumina MiSeq,349TP11,42.4440 N 76.5019 W,349TP11,PAIRED,PCR,METAGENOMIC,human gut metagenome,ILLUMINA,2025-01-01T00:00:00Z,2023-07-20T15:36:00Z,1,349TP11,SRP450576
SRR25368295,AMPLICON,502,47980156,PRJNA944997,SAMN36658283,"MIMARKS.survey,MIGS/MIMS/MIMARKS.human-gut",32346758,CORNELL UNIVERSITY,2020-10-06/2021-12-16,public,"fastq,run.zq,sra","gs,ncbi,s3","gs.us-east1,ncbi.public,s3.us-east-1",human body,distal gut,stool,SRX21107402,USA,North America,USA,Homo sapiens,Illumina MiSeq,322TP07,42.4440 N 76.5019 W,322TP07,PAIRED,PCR,METAGENOMIC,human gut metagenome,ILLUMINA,2025-01-01T00:00:00Z,2023-07-20T15:36:00Z,1,322TP07,SRP450576
SRR25368296,AMPLICON,502,28258584,PRJNA944997,SAMN36658792,"MIMARKS.survey,MIGS/MIMS/MIMARKS.human-gut",17371478,CORNELL UNIVERSITY,2020-10-06/2021-12-16,public,"fastq,run.zq,sra","gs,ncbi,s3","gs.us-east1,ncbi.public,s3.us-east-1",human body,distal gut,stool,SRX21107401,USA,North America,USA,Homo sapiens,Illumina MiSeq,349TP10.2,42.4440 N 76.5019 W,349TP10.2,PAIRED,PCR,METAGENOMIC,human gut metagenome,ILLUMINA,2025-01-01T00:00:00Z,2023-07-20T15:36:00Z,1,349TP10.2,SRP450576
SRR25368297,AMPLICON,502,49629226,PRJNA944997,SAMN36658211,"MIMARKS.survey,MIGS/MIMS/MIMARKS.human-gut",34149419,CORNELL UNIVERSITY,2020-10-06/2021-12-16,public,"fastq,run.zq,sra","gs,ncbi,s3","gs.us-east1,ncbi.public,s3.us-east-1",human body,distal gut,stool,SRX21107400,USA,North America,USA,Homo sapiens,Illumina MiSeq,349TP10,42.4440 N 76.5019 W,349TP10,PAIRED,PCR,METAGENOMIC,human gut metagenome,ILLUMINA,2025-01-01T00:00:00Z,2023-07-20T15:36:00Z,1,349TP10,SRP450576
SRR25368298,AMPLICON,502,20341542,PRJNA944997,SAMN36658210,"MIMARKS.survey,MIGS/MIMS/MIMARKS.human-gut",11871374,CORNELL UNIVERSITY,2020-10-06/2021-12-16,public,"fastq,run.zq,sra","gs,ncbi,s3","gs.us-east1,ncbi.public,s3.us-east-1",human body,distal gut,stool,SRX21107399,USA,North America,USA,Homo sapiens,Illumina MiSeq,349TP09,42.4440 N 76.5019 W,349TP09,PAIRED,PCR,METAGENOMIC,human gut metagenome,ILLUMINA,2025-01-01T00:00:00Z,2023-07-20T15:36:00Z,1,349TP09,SRP450576
SRR25368299,AMPLICON,502,28503560,PRJNA944997,SAMN36658485,"MIMARKS.survey,MIGS/MIMS/MIMARKS.human-gut",18247608,CORNELL UNIVERSITY,2020-10-06/2021-12-16,public,"fastq,run.zq,sra","gs,ncbi,s3","gs.us-east1,ncbi.public,s3.us-east-1",human body,distal gut,stool,SRX21107398,USA,North America,USA,Homo sapiens,Illumina MiSeq,349TP08,42.4440 N 76.5019 W,349TP08,PAIRED,PCR,METAGENOMIC,human gut metagenome,ILLUMINA,2025-01-01T00:00:00Z,2023-07-20T15:36:00Z,1,349TP08,SRP450576
SRR25368300,AMPLICON,502,16240202,PRJNA944997,SAMN36658838,"MIMARKS.survey,MIGS/MIMS/MIMARKS.human-gut",9616500,CORNELL UNIVERSITY,2020-10-06/2021-12-16,public,"fastq,run.zq,sra","gs,ncbi,s3","gs.us-east1,ncbi.public,s3.us-east-1",human body,distal gut,stool,SRX21107397,USA,North America,USA,Homo sapiens,Illumina MiSeq,349TP07.2,42.4440 N 76.5019 W,349TP07.2,PAIRED,PCR,METAGENOMIC,human gut metagenome,ILLUMINA,2025-01-01T00:00:00Z,2023-07-20T15:36:00Z,1,349TP07.2,SRP450576
SRR25368301,AMPLICON,502,28725444,PRJNA944997,SAMN36658331,"MIMARKS.survey,MIGS/MIMS/MIMARKS.human-gut",19320990,CORNELL UNIVERSITY,2020-10-06/2021-12-16,public,"fastq,run.zq,sra","gs,ncbi,s3","gs.us-east1,ncbi.public,s3.us-east-1",human body,distal gut,stool,SRX21107396,USA,North America,USA,Homo sapiens,Illumina MiSeq,349TP07,42.4440 N 76.5019 W,349TP07,PAIRED,PCR,METAGENOMIC,human gut metagenome,ILLUMINA,2025-01-01T00:00:00Z,2023-07-20T15:36:00Z,1,349TP07,SRP450576
SRR25368303,AMPLICON,502,23830442,PRJNA944997,SAMN36658550,"MIMARKS.survey,MIGS/MIMS/MIMARKS.human-gut",14065930,CORNELL UNIVERSITY,2020-10-06/2021-12-16,public,"fastq,run.zq,sra","gs,ncbi,s3","gs.us-east1,ncbi.public,s3.us-east-1",human body,distal gut,stool,SRX21107394,USA,North America,USA,Homo sapiens,Illumina MiSeq,349TP05,42.4440 N 76.5019 W,349TP05,PAIRED,PCR,METAGENOMIC,human gut metagenome,ILLUMINA,2025-01-01T00:00:00Z,2023-07-20T15:36:00Z,1,349TP05,SRP450576
SRR25368326,AMPLICON,502,46111712,PRJNA944997,SAMN36658087,"MIMARKS.survey,MIGS/MIMS/MIMARKS.human-gut",31293825,CORNELL UNIVERSITY,2020-10-06/2021-12-16,public,"fastq,run.zq,sra","gs,ncbi,s3","gs.us-east1,ncbi.public,s3.us-east-1",human body,distal gut,stool,SRX21107371,USA,North America,USA,Homo sapiens,Illumina MiSeq,342TP10,42.4440 N 76.5019 W,342TP10,PAIRED,PCR,METAGENOMIC,human gut metagenome,ILLUMINA,2025-01-01T00:00:00Z,2023-07-20T15:36:00Z,1,342TP10,SRP450576
SRR25368327,AMPLICON,502,29309270,PRJNA944997,SAMN36658086,"MIMARKS.survey,MIGS/MIMS/MIMARKS.human-gut",16845426,CORNELL UNIVERSITY,2020-10-06/2021-12-16,public,"fastq,run.zq,sra","gs,ncbi,s3","gs.us-east1,ncbi.public,s3.us-east-1",human body,distal gut,stool,SRX21107370,USA,North America,USA,Homo sapiens,Illumina MiSeq,342TP09,42.4440 N 76.5019 W,342TP09,PAIRED,PCR,METAGENOMIC,human gut metagenome,ILLUMINA,2025-01-01T00:00:00Z,2023-07-20T15:36:00Z,1,342TP09,SRP450576
SRR25368328,AMPLICON,502,37373398,PRJNA944997,SAMN36658414,"MIMARKS.survey,MIGS/MIMS/MIMARKS.human-gut",24197690,CORNELL UNIVERSITY,2020-10-06/2021-12-16,public,"fastq,run.zq,sra","gs,ncbi,s3","gs.us-east1,ncbi.public,s3.us-east-1",human body,distal gut,stool,SRX21107369,USA,North America,USA,Homo sapiens,Illumina MiSeq,342TP08,42.4440 N 76.5019 W,342TP08,PAIRED,PCR,METAGENOMIC,human gut metagenome,ILLUMINA,2025-01-01T00:00:00Z,2023-07-20T15:36:00Z,1,342TP08,SRP450576
SRR25368329,AMPLICON,502,58113528,PRJNA944997,SAMN36658717,"MIMARKS.survey,MIGS/MIMS/MIMARKS.human-gut",39745864,CORNELL UNIVERSITY,2020-10-06/2021-12-16,public,"fastq,run.zq,sra","gs,ncbi,s3","gs.us-east1,ncbi.public,s3.us-east-1",human body,distal gut,stool,SRX21107368,USA,North America,USA,Homo sapiens,Illumina MiSeq,342TP07.2,42.4440 N 76.5019 W,342TP07.2,PAIRED,PCR,METAGENOMIC,human gut metagenome,ILLUMINA,2025-01-01T00:00:00Z,2023-07-20T15:36:00Z,1,342TP07.2,SRP450576
SRR25368333,AMPLICON,502,38851788,PRJNA944997,SAMN36658815,"MIMARKS.survey,MIGS/MIMS/MIMARKS.human-gut",26360270,CORNELL UNIVERSITY,2020-10-06/2021-12-16,public,"fastq,run.zq,sra","gs,ncbi,s3","gs.us-east1,ncbi.public,s3.us-east-1",human body,distal gut,stool,SRX21107364,USA,North America,USA,Homo sapiens,Illumina MiSeq,342TP05.2,42.4440 N 76.5019 W,342TP05.2,PAIRED,PCR,METAGENOMIC,human gut metagenome,ILLUMINA,2025-01-01T00:00:00Z,2023-07-20T15:36:00Z,1,342TP05.2,SRP450576
SRR25368334,AMPLICON,502,22673834,PRJNA944997,SAMN36658544,"MIMARKS.survey,MIGS/MIMS/MIMARKS.human-gut",13586819,CORNELL UNIVERSITY,2020-10-06/2021-12-16,public,"fastq,run.zq,sra","gs,ncbi,s3","gs.us-east1,ncbi.public,s3.us-east-1",human body,distal gut,stool,SRX21107363,USA,North America,USA,Homo sapiens,Illumina MiSeq,342TP05,42.4440 N 76.5019 W,342TP05,PAIRED,PCR,METAGENOMIC,human gut metagenome,ILLUMINA,2025-01-01T00:00:00Z,2023-07-20T15:36:00Z,1,342TP05,SRP450576
SRR25368335,AMPLICON,502,28433280,PRJNA944997,SAMN36658201,"MIMARKS.survey,MIGS/MIMS/MIMARKS.human-gut",18414716,CORNELL UNIVERSITY,2020-10-06/2021-12-16,public,"fastq,run.zq,sra","gs,ncbi,s3","gs.us-east1,ncbi.public,s3.us-east-1",human body,distal gut,stool,SRX21107362,USA,North America,USA,Homo sapiens,Illumina MiSeq,342TP04,42.4440 N 76.5019 W,342TP04,PAIRED,PCR,METAGENOMIC,human gut metagenome,ILLUMINA,2025-01-01T00:00:00Z,2023-07-20T15:36:00Z,1,342TP04,SRP450576
SRR25368336,AMPLICON,502,49366680,PRJNA944997,SAMN36658200,"MIMARKS.survey,MIGS/MIMS/MIMARKS.human-gut",31154492,CORNELL UNIVERSITY,2020-10-06/2021-12-16,public,"fastq,run.zq,sra","gs,ncbi,s3","gs.us-east1,ncbi.public,s3.us-east-1",human body,distal gut,stool,SRX21107361,USA,North America,USA,Homo sapiens,Illumina MiSeq,342TP03,42.4440 N 76.5019 W,342TP03,PAIRED,PCR,METAGENOMIC,human gut metagenome,ILLUMINA,2025-01-01T00:00:00Z,2023-07-20T15:37:00Z,1,342TP03,SRP450576
SRR25368337,AMPLICON,502,35410578,PRJNA944997,SAMN36658175,"MIMARKS.survey,MIGS/MIMS/MIMARKS.human-gut",21341124,CORNELL UNIVERSITY,2020-10-06/2021-12-16,public,"fastq,run.zq,sra","gs,ncbi,s3","gs.us-east1,ncbi.public,s3.us-east-1",human body,distal gut,stool,SRX21107360,USA,North America,USA,Homo sapiens,Illumina MiSeq,328TP03,42.4440 N 76.5019 W,328TP03,PAIRED,PCR,METAGENOMIC,human gut metagenome,ILLUMINA,2025-01-01T00:00:00Z,2023-07-20T15:36:00Z,1,328TP03,SRP450576
SRR25368338,AMPLICON,502,27922746,PRJNA944997,SAMN36658048,"MIMARKS.survey,MIGS/MIMS/MIMARKS.human-gut",15730814,CORNELL UNIVERSITY,2020-10-06/2021-12-16,public,"fastq,run.zq,sra","gs,ncbi,s3","gs.us-east1,ncbi.public,s3.us-east-1",human body,distal gut,stool,SRX21107359,USA,North America,USA,Homo sapiens,Illumina MiSeq,320TP09,42.4440 N 76.5019 W,320TP09,PAIRED,PCR,METAGENOMIC,human gut metagenome,ILLUMINA,2025-01-01T00:00:00Z,2023-07-20T15:36:00Z,1,320TP09,SRP450576
SRR25368339,AMPLICON,502,29855948,PRJNA944997,SAMN36658458,"MIMARKS.survey,MIGS/MIMS/MIMARKS.human-gut",17435465,CORNELL UNIVERSITY,2020-10-06/2021-12-16,public,"fastq,run.zq,sra","gs,ncbi,s3","gs.us-east1,ncbi.public,s3.us-east-1",human body,distal gut,stool,SRX21107358,USA,North America,USA,Homo sapiens,Illumina MiSeq,320TP02,42.4440 N 76.5019 W,320TP02,PAIRED,PCR,METAGENOMIC,human gut metagenome,ILLUMINA,2025-01-01T00:00:00Z,2023-07-20T15:36:00Z,1,320TP02,SRP450576
SRR25368340,AMPLICON,502,29455854,PRJNA944997,SAMN36657978,"MIMARKS.survey,MIGS/MIMS/MIMARKS.human-gut",16871049,CORNELL UNIVERSITY,2020-10-06/2021-12-16,public,"fastq,run.zq,sra","gs,ncbi,s3","gs.us-east1,ncbi.public,s3.us-east-1",human body,distal gut,stool,SRX21107357,USA,North America,USA,Homo sapiens,Illumina MiSeq,320TP01,42.4440 N 76.5019 W,320TP01,PAIRED,PCR,METAGENOMIC,human gut metagenome,ILLUMINA,2025-01-01T00:00:00Z,2023-07-20T15:36:00Z,1,320TP01,SRP450576
