feature	ERR2587706	ERR2587707	ERR2587708	ERR2587709	ERR2587710	ERR2587711	ERR2587712	ERR2587713	ERR2587714	ERR2587715	ERR2587716	ERR2587717	ERR2587718	ERR2587719	ERR2587720	ERR2587721	ERR2587722	ERR2587723	ERR2587724	ERR2587725	ERR2587726	ERR2587727	ERR2587728	ERR2587729	ERR2587730	ERR2587731	ERR2587732	ERR2587733	ERR2587734	ERR2587735	ERR2587736	ERR2587737	ERR2587738	ERR2587739	ERR2587740	ERR2587741	ERR2587742	ERR2587743	ERR2587744	ERR2587745	ERR2587746	ERR2587747	ERR2587748	ERR2587749	ERR2587750	ERR2587752	ERR2587753	ERR2587754	ERR2587755	ERR2587756	ERR2587757	ERR2587758	ERR2587759	ERR2587760	ERR2587762	ERR2587763	ERR2587764	ERR2587765	ERR2587766	ERR2587767	ERR2587768	ERR2587769	ERR2587770	ERR2587771	ERR2587772	ERR2587773	ERR2587774	ERR2587775	ERR2587776	ERR2587777	ERR2587778	ERR2587779	ERR2587780	ERR2587781	ERR2587782	ERR2587783	ERR2587784	ERR2587785	ERR2587786	ERR2587787	ERR2587788	ERR2587789	ERR2587790	ERR2587791	ERR2587792	ERR2587793	ERR2587794	ERR2587795	ERR2587796	ERR2587797	ERR2587798	ERR2587799	ERR2587800	ERR2587801	ERR2587802	ERR2587803	ERR2587804	ERR2587805	ERR2587806	ERR2587807	ERR2587808	ERR2587809	ERR2587810	ERR2587811	ERR2587812	ERR2587813	ERR2587814	ERR2587815	ERR2587816	ERR2587817	ERR2587818	ERR2587819	ERR2587820	ERR2587821
total_reads	8760.0	88511.0	138589.0	156265.0	88071.0	59383.0	85184.0	89399.0	120878.0	57166.0	59321.0	78570.0	32221.0	68508.0	91519.0	72678.0	53753.0	51711.0	80887.0	11095.0	107416.0	81641.0	60736.0	101437.0	137283.0	56868.0	75790.0	112122.0	110641.0	81471.0	83289.0	44291.0	90000.0	113063.0	117761.0	5011.0	76184.0	73630.0	82233.0	78061.0	88028.0	102453.0	166636.0	50021.0	87377.0	11699.0	97266.0	31276.0	104085.0	100265.0	64145.0	75607.0	52819.0	87813.0	10382.0	99488.0	4407227.0	5379023.0	4664476.0	3920477.0	5570480.0	4094348.0	5570433.0	5405604.0	5180899.0	3982625.0	3427211.0	5226162.0	4690050.0	4250818.0	5621199.0	1782375.0	5487736.0	4377284.0	3857318.0	5257050.0	4625304.0	5199217.0	5959845.0	5042535.0	5280540.0	3944943.0	4620233.0	5495375.0	442281.0	4135553.0	4724444.0	3548390.0	5000183.0	4761409.0	4918879.0	4397580.0	3440744.0	6283498.0	3567125.0	3664266.0	5491514.0	3959201.0	5085425.0	4498796.0	4774999.0	5297868.0	3431781.0	4773534.0	2930453.0	5238470.0	3886862.0	4547954.0	5387125.0	5839975.0	5243218.0	3752878.0	3762953.0	3997246.0
filtered_reads	6578.0	80016.0	124695.0	140301.0	80803.0	55081.0	81041.0	84912.0	115994.0	53237.0	55245.0	68319.0	29160.0	63271.0	85043.0	65183.0	47484.0	48223.0	77118.0	7761.0	99643.0	77308.0	52090.0	97213.0	123503.0	49085.0	69768.0	102658.0	99145.0	70973.0	78395.0	27821.0	76173.0	106704.0	107296.0	3755.0	65602.0	65231.0	72993.0	67375.0	76151.0	94393.0	153965.0	45134.0	75393.0	10723.0	90776.0	25885.0	93121.0	91180.0	59854.0	67217.0	45663.0	75375.0	7525.0	84039.0	4335570.0	5394175.0	4637428.0	3868077.0	5517115.0	4018569.0	5349521.0	5219445.0	5088357.0	3950772.0	3378575.0	5193214.0	4619408.0	4049620.0	5574734.0	1747543.0	5363985.0	4299478.0	3769406.0	5173758.0	4578284.0	4971557.0	5898659.0	4834297.0	5238852.0	3888272.0	4579454.0	5462175.0	439944.0	4039479.0	4665234.0	3461030.0	4928197.0	4667269.0	4854554.0	4344798.0	3298741.0	6191881.0	3519561.0	3583234.0	5442009.0	3943329.0	5080711.0	4488081.0	4725576.0	5260382.0	3381607.0	4468544.0	2765409.0	5044354.0	3846248.0	4450237.0	5380453.0	5745468.0	5090071.0	3670108.0	3726125.0	4004147.0
category	444.50845	930.35195	2075.71993	5032.01282	2305.36798	5657.02661	6831.86692	3541.75323	3667.76382	289.33825	460.23864	166.4037	5487.7351	1935.94528	1935.1273	2674.38466	506.01171	1806.64392	1610.5895	1130.25768	853.37444	1535.09742	1064.47012	275.93333	1982.65995	100.97834	2822.24774	986.72951	865.60578	1578.9954	480.81985	945.89661	2864.54327	2819.59744	6720.25954	778.68884	2495.72015	2854.7257	1078.66222	981.61393	10728.14624	3045.21761	2098.00262	370.39745	510.9256	337.88943	2233.80908	252.93278	3779.84793	2433.93569	281.77714	302.61254	430.14027	19.3962	194.28416	4664.02992	59358.55803	53403.11965	55865.77868	55531.79668	56180.89441	41314.07457	38428.68492	56091.8731	65928.35576	58342.48707	54427.07571	54922.90919	51788.72975	41912.54046	60171.68334	51713.73883	58160.42216	59179.65629	64366.96896	52635.80717	43183.72152	52567.70356	55428.80771	46420.30593	62344.01236	57859.70557	52517.88964	71901.2974	54732.38647	45989.22985	49040.28078	50886.35066	48922.3444	60457.48098	55708.98173	50774.63923	54358.21137	64798.39618	46210.90574	49685.79328	53745.38577	59080.11836	57818.40414	58014.00914	49679.69421	71282.77666	54368.92307	37750.21554	49932.97884	47627.1302	56878.12943	50538.82406	65463.29058	49497.906	62564.16253	41940.63782	48266.25809	45885.87588
AA1	NA	NA	NA	NA	NA	NA	NA	NA	NA	NA	NA	NA	NA	NA	NA	NA	NA	NA	NA	NA	NA	NA	NA	NA	NA	NA	NA	NA	NA	NA	NA	NA	NA	NA	NA	NA	NA	NA	NA	NA	NA	NA	NA	NA	NA	NA	NA	NA	NA	NA	NA	NA	NA	NA	NA	NA	2.77127	10.40488	133.94505	6.88005	4.07116	23.28808	9.76833	1.81053	0.7806	NA	0.57102	51.70903	114.29977	1.43747	0.5861	2.49045	3.10858	8.73822	0.30233	1.70551	0.8466	2.84207	5.39332	5.2023	1.04482	0.57807	2.98685	2.07457	NA	0.19437	0.52488	7.39802	5.54794	0.4533	0.38649	0.54382	0.67584	1.61217	0.45101	NA	0.48334	3.5612	0.10637	49.1349	2.60197	0.5695	NA	22.24441	5.12356	3.89265	3.76501	2.46095	9.36091	1.21892	0.95496	NA	110.08663	5.53321
AA10	NA	NA	NA	NA	NA	NA	NA	NA	NA	NA	NA	NA	NA	NA	NA	NA	NA	NA	NA	NA	NA	NA	NA	NA	NA	NA	NA	NA	NA	NA	NA	NA	NA	NA	NA	NA	NA	NA	NA	NA	NA	NA	NA	NA	NA	NA	NA	NA	NA	NA	NA	NA	NA	NA	NA	NA	NA	0.74732	NA	NA	NA	NA	NA	NA	NA	NA	NA	1.37425	NA	NA	NA	NA	NA	NA	NA	NA	NA	NA	0.50576	NA	NA	NA	NA	NA	NA	NA	NA	NA	NA	NA	NA	NA	NA	NA	NA	NA	NA	NA	NA	NA	NA	NA	NA	0.91528	NA	NA	NA	NA	NA	NA	NA	NA	NA	NA
AA3	NA	NA	NA	NA	NA	NA	NA	NA	NA	NA	NA	NA	NA	NA	NA	NA	NA	NA	NA	NA	NA	NA	NA	NA	NA	NA	NA	NA	NA	NA	NA	NA	NA	NA	NA	NA	NA	NA	NA	NA	NA	NA	NA	NA	NA	NA	NA	NA	NA	NA	NA	NA	NA	NA	NA	NA	1.09163	NA	2.56845	1.35469	0.17875	14.94156	0.43574	NA	NA	NA	0.29018	1.69869	2.48404	NA	0.1769	3.81043	0.13748	1.2198	NA	0.24869	NA	0.65752	0.82877	0.2028	NA	0.39361	0.13406	0.21789	NA	1.32587	NA	3.99835	0.95711	NA	0.12716	0.04243	0.51431	NA	3.3509	1.09766	0.18015	NA	NA	0.43818	0.20869	0.37275	NA	0.2194	0.86622	NA	NA	NA	0.31928	0.17165	0.77043	NA	2.34277	1.23146
AA3_2	NA	NA	NA	NA	NA	NA	NA	NA	NA	NA	NA	NA	NA	NA	NA	NA	NA	NA	NA	NA	NA	NA	NA	NA	NA	NA	NA	NA	NA	NA	NA	NA	NA	NA	NA	NA	NA	NA	NA	NA	NA	NA	NA	NA	NA	NA	NA	NA	NA	NA	NA	NA	NA	NA	NA	NA	0.18251	3.43385	0.64962	0.55004	NA	6.62947	NA	NA	NA	NA	NA	0.38792	0.53807	NA	NA	1.13644	0.11747	0.59906	NA	0.01218	NA	0.60554	0.0959	NA	NA	0.05397	0.03433	0.07089	NA	0.02224	NA	1.4375	0.24821	NA	0.03239	0.05428	0.37193	NA	0.1787	NA	NA	NA	NA	NA	NA	NA	NA	NA	1.74575	NA	NA	NA	0.06146	0.07654	NA	NA	0.73349	NA
AA4	NA	NA	NA	NA	NA	NA	NA	NA	NA	NA	NA	NA	NA	NA	NA	NA	NA	NA	NA	NA	NA	NA	NA	NA	NA	NA	NA	NA	NA	NA	NA	NA	NA	NA	NA	NA	NA	NA	NA	NA	NA	NA	NA	NA	NA	NA	NA	NA	NA	NA	NA	NA	NA	NA	NA	NA	2.97881	11.24477	66.38257	5.5329	9.37839	20.07601	16.28975	11.78766	41.0906	9.82679	6.30509	27.39837	38.15782	16.67708	9.76196	21.7037	7.15837	4.47492	13.85258	14.67615	27.82552	6.28225	14.04455	13.08013	3.31527	19.3282	20.89602	32.82509	26.84068	31.98731	17.87575	7.53608	20.65984	1.91837	6.14875	20.51672	9.3192	29.81955	18.02377	22.34481	12.8101	17.53531	34.11712	41.01186	28.7127	6.02683	13.89453	14.19972	11.01397	13.10767	25.31005	17.58281	17.74389	20.45348	5.23197	14.79819	48.00147	20.72364
AA6	NA	NA	NA	NA	NA	NA	NA	NA	NA	NA	NA	NA	NA	NA	NA	NA	NA	NA	NA	NA	NA	NA	NA	NA	NA	NA	NA	NA	NA	NA	NA	NA	NA	NA	NA	NA	NA	NA	NA	NA	NA	NA	NA	NA	NA	NA	NA	NA	NA	NA	NA	NA	NA	NA	NA	NA	14.09484	22.36903	9.22844	21.93706	12.68341	45.58244	13.89892	13.3054	19.90766	6.76347	7.22196	17.89595	17.17171	17.65842	15.06027	24.32241	12.60356	34.93919	21.32883	15.21059	7.71295	14.9057	25.20367	18.63464	22.81452	20.11676	10.95472	8.2627	29.74784	6.67828	4.43221	15.39482	28.98536	7.57075	23.19779	17.37239	14.82387	13.20504	21.45851	13.5359	8.79838	18.89418	12.64364	8.85985	27.3969	13.83094	3.81855	10.58151	40.2301	13.29598	18.55527	13.58166	17.65131	31.79871	17.58808	18.53076	8.71576	34.21681
AA7	NA	NA	NA	NA	NA	NA	NA	NA	NA	NA	NA	NA	NA	NA	NA	NA	NA	NA	NA	NA	NA	NA	NA	NA	NA	NA	NA	NA	NA	NA	NA	NA	NA	NA	NA	NA	NA	NA	NA	NA	NA	NA	NA	NA	NA	NA	NA	NA	NA	NA	NA	NA	NA	NA	NA	NA	10.14838	65.45726	36.2139	15.83455	20.48889	27.85869	27.29384	12.9056	45.61222	17.24642	16.82413	49.56538	45.81523	19.38092	19.90345	29.62167	14.92147	8.58175	17.29468	24.01665	46.88255	20.48839	25.43921	27.40237	11.67677	17.72022	28.25178	13.24649	7.54867	79.50686	25.30364	10.18121	36.81811	10.17683	11.65426	25.02782	7.37506	11.7034	20.48661	66.36659	53.90419	14.06868	32.94174	25.95294	32.27885	30.35716	29.99409	29.01532	34.04016	52.03576	22.92145	27.51932	12.52062	17.90893	42.33243	83.23075	77.18131	49.76765
AA8	NA	NA	NA	NA	NA	NA	NA	NA	NA	NA	NA	NA	NA	NA	NA	NA	NA	NA	NA	NA	NA	NA	NA	NA	NA	NA	NA	NA	NA	NA	NA	NA	NA	NA	NA	NA	NA	NA	NA	NA	NA	NA	NA	NA	NA	NA	NA	NA	NA	NA	NA	NA	NA	NA	NA	NA	3.4947	NA	NA	2.61138	NA	59.05841	NA	NA	NA	NA	NA	NA	5.27822	NA	NA	4.80044	1.35093	2.04023	NA	NA	NA	6.09528	1.62077	NA	NA	1.48833	1.65429	NA	NA	1.07167	NA	3.32334	NA	NA	NA	2.61546	9.18624	NA	NA	NA	NA	NA	NA	NA	NA	NA	NA	NA	12.45503	NA	NA	NA	NA	NA	NA	NA	4.74401	NA
CBM10	NA	NA	NA	NA	NA	NA	NA	NA	NA	NA	NA	NA	NA	NA	NA	NA	NA	NA	NA	NA	NA	NA	NA	NA	NA	NA	NA	NA	NA	NA	NA	NA	NA	NA	NA	NA	NA	NA	NA	NA	NA	NA	NA	NA	NA	NA	NA	NA	NA	NA	NA	NA	NA	NA	NA	NA	15.82893	7.27001	6.34226	2.53457	NA	9.75862	3.66535	NA	NA	NA	NA	9.43917	4.24467	NA	NA	NA	3.65546	NA	NA	7.57973	NA	NA	4.98618	2.02799	NA	NA	4.2817	NA	NA	14.56216	NA	2.83266	7.95741	NA	8.07812	NA	NA	1.58335	2.78555	2.73605	10.80916	4.97241	NA	4.36887	2.07465	NA	NA	4.38797	NA	5.83063	2.54896	NA	12.75496	1.70637	NA	8.01387	5.26226	NA
CBM12	NA	NA	NA	NA	NA	NA	NA	NA	NA	NA	NA	NA	NA	NA	NA	NA	NA	NA	NA	NA	NA	NA	NA	NA	NA	NA	NA	NA	NA	NA	NA	NA	NA	NA	NA	NA	NA	NA	NA	NA	NA	NA	NA	NA	NA	NA	NA	NA	NA	NA	NA	NA	NA	NA	NA	NA	16.53406	47.6243	9.14823	28.44717	26.99323	45.57416	45.53609	2.12879	37.15943	14.06195	19.73218	49.91852	10.1679	58.76918	30.84751	50.93571	18.50922	5.16859	32.4248	36.51381	87.05583	27.83511	43.82569	10.34277	10.46045	4.59257	27.83704	12.45942	25.25574	20.2385	28.38813	22.33555	13.38875	8.67235	23.67783	6.39334	20.1554	9.06845	58.30191	24.46589	27.46456	53.38732	37.19097	41.26013	31.66266	1.05611	13.19965	57.89511	48.10668	14.21086	53.51366	24.84665	29.80249	51.11573	5.45725	40.87073	60.37184	77.57889
CBM13	NA	NA	NA	NA	NA	NA	NA	NA	NA	NA	NA	NA	NA	NA	NA	NA	NA	NA	NA	NA	NA	NA	NA	NA	NA	NA	NA	NA	NA	NA	NA	NA	NA	NA	NA	NA	NA	NA	NA	NA	NA	NA	NA	NA	NA	NA	NA	NA	NA	NA	NA	NA	NA	NA	NA	NA	159.04297	234.52062	106.60473	198.81994	119.61473	102.628	168.75213	129.85272	159.15706	145.71256	192.03864	141.77097	73.65027	159.79806	122.9249	123.44748	171.79174	180.7781	165.00169	161.25467	103.18644	193.35474	227.81486	197.90337	163.59449	189.30086	175.14921	564.5827	150.9771	130.45099	110.28172	208.58887	215.5876	179.21681	168.29108	151.53049	111.00728	395.23894	181.55359	132.4614	249.09963	267.9968	229.58022	141.96921	188.77445	436.34804	159.03588	139.35116	269.65005	229.03854	160.80047	251.91206	161.37526	225.52804	181.26587	146.35936	71.79144	232.54264
CBM14	NA	NA	NA	NA	NA	NA	NA	NA	NA	NA	NA	NA	NA	NA	NA	NA	NA	NA	NA	NA	NA	NA	NA	NA	NA	NA	NA	NA	NA	NA	NA	NA	NA	NA	NA	NA	NA	NA	NA	NA	NA	NA	NA	NA	NA	NA	NA	NA	NA	NA	NA	NA	NA	NA	NA	NA	NA	NA	NA	NA	NA	2.49358	NA	NA	NA	NA	NA	0.8229	NA	NA	NA	NA	NA	NA	NA	NA	NA	NA	NA	NA	NA	NA	NA	NA	16.83716	NA	NA	NA	NA	NA	NA	NA	NA	NA	NA	NA	NA	NA	NA	NA	NA	NA	NA	NA	NA	NA	NA	NA	NA	NA	NA	NA	NA	NA
CBM16	NA	NA	NA	NA	NA	NA	NA	NA	NA	NA	NA	NA	NA	NA	NA	NA	NA	NA	NA	NA	NA	NA	NA	NA	NA	NA	NA	NA	NA	NA	NA	NA	NA	NA	NA	NA	NA	NA	NA	NA	NA	NA	NA	NA	NA	NA	NA	NA	NA	NA	NA	NA	NA	NA	NA	NA	0.28796	NA	0.80865	NA	0.4867	NA	0.70188	NA	NA	NA	1.10857	0.4808	2.61255	NA	0.4013	NA	0.23275	0.58075	NA	NA	0.29358	0.5013	NA	NA	0.23741	NA	0.58701	NA	NA	0.33274	NA	0.36072	NA	NA	1.36549	0.57361	NA	NA	0.70678	0.3751	NA	0.62489	NA	7.40398	0.35553	0.23733	0.09937	1.97678	NA	NA	0.23297	0.30203	1.54021	NA	NA	NA	0.49642	0.61668
CBM2	NA	NA	NA	NA	NA	NA	NA	NA	NA	NA	NA	NA	NA	NA	NA	NA	NA	NA	NA	NA	NA	NA	NA	NA	NA	NA	NA	NA	NA	NA	NA	NA	NA	NA	NA	NA	NA	NA	NA	NA	NA	NA	NA	NA	NA	NA	NA	NA	NA	NA	NA	NA	NA	NA	NA	NA	16.1667	37.53789	13.49521	25.73552	68.7374	90.69948	32.43234	13.65744	14.96664	25.83335	20.06269	58.65967	17.8406	42.54385	85.32059	60.85633	39.22365	14.84076	48.25283	9.52813	53.22348	43.8414	55.79807	17.91732	120.85928	61.48801	65.74909	27.19812	39.78826	20.52566	81.9273	34.12476	73.91604	33.30308	32.10031	57.7661	13.32998	53.8036	42.02633	52.55496	35.37423	55.72291	125.1765	15.87668	65.49991	20.85026	23.79795	20.66154	72.30963	15.14684	44.64374	130.94078	49.81621	40.65994	20.16835	11.7469	6.21478	78.92361
CBM20	NA	NA	NA	NA	NA	NA	NA	NA	NA	NA	NA	NA	NA	NA	NA	NA	NA	NA	NA	NA	NA	NA	NA	NA	NA	NA	NA	NA	NA	NA	NA	NA	NA	NA	NA	NA	NA	NA	NA	NA	NA	NA	NA	NA	NA	NA	NA	NA	NA	NA	NA	NA	NA	NA	NA	NA	51.27249	23.19535	87.93353	86.38644	103.14563	55.2621	56.67959	109.49706	149.30861	87.81493	41.62339	129.39806	59.45191	89.4955	104.82175	145.9105	182.94767	148.67027	156.99051	74.3277	88.28546	30.19299	37.66964	99.16292	150.52368	104.17237	73.77624	328.06124	38.01607	70.85755	101.83795	55.53158	22.59524	234.04781	119.81865	104.22365	147.41422	227.90623	64.02971	82.4643	129.47331	101.05874	43.77757	126.01769	75.50685	294.84223	231.85945	50.27684	34.5562	113.59535	100.01767	33.77453	136.41919	80.67138	273.47528	58.27015	50.98307	25.74287
CBM21	NA	NA	NA	NA	NA	NA	NA	NA	NA	NA	NA	NA	NA	NA	NA	NA	NA	NA	NA	NA	NA	NA	NA	NA	NA	NA	NA	NA	NA	NA	NA	NA	NA	NA	NA	NA	NA	NA	NA	NA	NA	NA	NA	NA	NA	NA	NA	NA	NA	NA	NA	NA	NA	NA	NA	NA	NA	2.0226	NA	NA	NA	NA	NA	NA	NA	2.75158	NA	NA	NA	NA	1.30001	NA	NA	NA	NA	1.04677	NA	NA	NA	NA	NA	NA	NA	1.3268	NA	NA	3.09847	NA	NA	NA	NA	NA	NA	3.51768	NA	NA	NA	NA	1.77915	NA	NA	NA	NA	NA	NA	NA	NA	16.26735	NA	1.89893	NA	NA	NA	NA
CBM22	NA	NA	NA	NA	NA	NA	NA	NA	NA	NA	NA	NA	NA	NA	NA	NA	NA	NA	NA	NA	NA	NA	NA	NA	NA	NA	NA	NA	NA	NA	NA	NA	NA	NA	NA	NA	NA	NA	NA	NA	NA	NA	NA	NA	NA	NA	NA	NA	NA	NA	NA	NA	NA	NA	NA	NA	26.76866	78.00387	6.59337	55.02314	20.25786	14.7409	13.69904	9.95917	23.77158	25.99791	28.25783	16.10721	8.83814	15.62241	17.96625	12.53942	12.54519	36.81561	16.36487	19.97282	18.85353	45.12555	37.91843	43.29395	38.84192	70.55834	74.87278	36.59254	2.86997	28.46674	23.96758	37.59716	63.83873	30.4164	25.97367	44.26905	20.95859	57.70459	8.10369	22.47742	33.85639	29.83664	38.7209	18.49618	65.35546	19.86857	20.28067	28.77292	23.69378	40.99161	17.45853	50.1052	44.8208	66.26752	19.78016	11.56916	49.67972	50.09799
CBM23	NA	NA	NA	NA	NA	NA	NA	NA	NA	NA	NA	NA	NA	NA	NA	NA	NA	NA	NA	NA	NA	NA	NA	NA	NA	NA	NA	NA	NA	NA	NA	NA	NA	NA	NA	NA	NA	NA	NA	NA	NA	NA	NA	NA	NA	NA	NA	NA	NA	NA	NA	NA	NA	NA	NA	NA	6.10894	45.48352	0.45493	38.55959	33.99159	34.90799	6.80254	4.80393	19.0393	18.03064	11.02589	22.50221	0.22835	22.70379	25.89325	16.83421	26.9154	3.71147	20.18429	1.63954	4.79355	51.09539	51.54415	16.67923	77.87586	10.26871	53.29302	30.29435	48.30903	11.12231	6.04481	44.83535	61.09588	35.57586	18.70984	1.20227	14.29239	45.75865	55.09376	50.84296	11.17777	2.0034	83.3064	3.73119	53.7918	13.4318	7.8204	6.96852	48.42296	8.61783	NA	79.49377	22.86793	23.96952	7.5126	8.87171	1.66977	26.31576
CBM24	NA	NA	NA	NA	NA	NA	NA	NA	NA	NA	NA	NA	NA	NA	NA	NA	NA	NA	NA	NA	NA	NA	NA	NA	NA	NA	NA	NA	NA	NA	NA	NA	NA	NA	NA	NA	NA	NA	NA	NA	NA	NA	NA	NA	NA	NA	NA	NA	NA	NA	NA	NA	NA	NA	NA	NA	28.17227	7.93037	8.79359	7.22957	1.09582	6.86356	15.57772	17.25842	10.1383	12.55531	9.27883	3.19673	4.24467	6.34058	13.35976	3.17907	4.43878	28.24263	36.95163	16.64382	2.1414	6.94427	13.51571	10.65759	16.82912	11.78338	19.45115	8.71796	NA	1.37531	3.13021	14.50052	14.02967	10.01571	16.54669	5.85931	7.45835	7.04968	1.48563	2.10416	19.29778	2.73482	6.40455	5.39347	18.97812	26.18183	7.39293	NA	NA	14.04904	2.06344	17.67654	10.76796	46.96593	22.6086	13.62358	1.78917	5.31195
CBM25	NA	NA	NA	NA	NA	NA	NA	NA	NA	NA	NA	NA	NA	NA	NA	NA	NA	NA	NA	NA	NA	NA	NA	NA	NA	NA	NA	NA	NA	NA	NA	NA	NA	NA	NA	NA	NA	NA	NA	NA	NA	NA	NA	NA	NA	NA	NA	NA	NA	NA	NA	NA	NA	NA	NA	NA	1.0532	11.61924	4.54983	0.65165	1.24147	9.35151	NA	0.43742	8.76971	14.20842	13.5152	15.20866	2.47121	2.89251	2.49237	4.00508	NA	5.32494	4.3515	3.25253	11.40343	2.38035	3.09644	2.83363	12.3876	1.17435	4.0568	2.15259	NA	18.66759	16.37462	4.03041	7.46171	3.93435	21.49729	2.09482	4.80739	6.81869	4.47947	11.44298	0.83907	2.99603	5.96338	13.05445	3.50906	1.34982	NA	85.09779	NA	0.45261	NA	33.9161	9.22638	17.83987	NA	NA	50.65204	0.5781
CBM26	NA	NA	NA	NA	NA	NA	NA	NA	NA	NA	NA	NA	NA	NA	NA	NA	NA	NA	NA	NA	NA	NA	NA	NA	NA	NA	NA	NA	NA	NA	NA	NA	NA	NA	NA	NA	NA	NA	NA	NA	NA	NA	NA	NA	NA	NA	NA	NA	NA	NA	NA	NA	NA	NA	NA	NA	69.71393	306.53033	6.58759	462.24517	247.87106	48.08945	6.26661	139.17526	15.03006	39.27719	16.09334	153.86084	1.68686	71.4333	248.94172	115.05757	3.40084	469.29259	22.29003	4.7509	42.77793	347.30531	280.83261	105.76714	19.61347	30.6846	40.91116	17.94179	148.5592	45.06682	126.91794	205.23728	263.91887	67.17358	62.46894	24.83227	221.05373	37.44915	106.10053	161.01666	197.20662	562.71361	27.33982	23.53316	24.38486	33.63802	124.7941	388.6287	293.44489	239.95192	163.62375	252.36978	59.11353	50.06767	70.57811	28.45187	90.39852	361.53668
CBM27	NA	NA	NA	NA	NA	NA	NA	NA	NA	NA	NA	NA	NA	NA	NA	NA	NA	NA	NA	NA	NA	NA	NA	NA	NA	NA	NA	NA	NA	NA	NA	NA	NA	NA	NA	NA	NA	NA	NA	NA	NA	NA	NA	NA	NA	NA	NA	NA	NA	NA	NA	NA	NA	NA	NA	NA	5.00271	24.05382	0.24449	18.82564	20.58535	26.87488	2.4686	3.14835	13.27644	13.88901	2.54107	19.33515	NA	2.75213	24.08469	17.66223	11.58961	1.00286	3.80374	2.98295	4.09291	31.23343	48.83619	14.11622	43.31821	8.31517	27.98912	21.81437	37.61439	18.02686	3.07476	31.4317	39.02743	43.72345	14.25024	0.95624	13.30608	28.07139	46.01907	36.66407	4.51551	1.42804	34.29411	0.7246	26.57019	NA	11.74526	NA	4.12962	3.81546	0.28697	63.07068	5.94253	21.59101	NA	8.0658	NA	0.83683
CBM3	NA	NA	NA	NA	NA	NA	NA	NA	NA	NA	NA	NA	NA	NA	NA	NA	NA	NA	NA	NA	NA	NA	NA	NA	NA	NA	NA	NA	NA	NA	NA	NA	NA	NA	NA	NA	NA	NA	NA	NA	NA	NA	NA	NA	NA	NA	NA	NA	NA	NA	NA	NA	NA	NA	NA	NA	10.55816	21.36782	1.23045	19.33377	10.28201	7.66612	3.71354	2.21749	8.89574	NA	8.04586	1.96935	NA	2.96012	9.45621	6.56833	3.74386	NA	21.42957	NA	13.11322	8.23246	5.90158	5.26649	43.42165	16.11011	40.16162	21.10948	14.23372	3.92955	7.37175	9.44733	12.99391	7.93566	12.71984	5.94106	NA	39.85518	8.42794	6.43599	29.14057	6.72193	21.67961	13.09728	26.77989	10.53519	24.97387	5.91753	6.61097	6.27965	4.53546	18.55816	28.4487	13.20827	6.21523	1.63209	NA	15.79716
CBM30	NA	NA	NA	NA	NA	NA	NA	NA	NA	NA	NA	NA	NA	NA	NA	NA	NA	NA	NA	NA	NA	NA	NA	NA	NA	NA	NA	NA	NA	NA	NA	NA	NA	NA	NA	NA	NA	NA	NA	NA	NA	NA	NA	NA	NA	NA	NA	NA	NA	NA	NA	NA	NA	NA	NA	NA	1.80902	4.47291	NA	0.50691	1.5993	NA	NA	0.73407	1.92524	NA	2.32143	0.75426	NA	NA	1.05518	NA	2.55599	NA	3.63927	NA	0.85656	2.7608	NA	NA	8.60838	2.52141	10.69678	2.15176	NA	0.48541	4.62327	0.8498	NA	1.26034	2.82734	0.90259	NA	2.21669	NA	1.0923	2.5213	0.99448	NA	0.43689	7.04457	4.4633	NA	NA	NA	3.88633	NA	NA	3.64321	4.0953	1.15565	NA	NA	NA
CBM32	NA	NA	NA	NA	NA	NA	NA	NA	NA	NA	NA	NA	NA	NA	NA	NA	NA	NA	NA	NA	NA	NA	NA	NA	NA	NA	NA	NA	NA	NA	NA	NA	NA	NA	NA	NA	NA	NA	NA	NA	NA	NA	NA	NA	NA	NA	NA	NA	NA	NA	NA	NA	NA	NA	NA	NA	301.59729	152.09002	756.6807	254.6736	283.59598	194.82248	206.59144	226.21653	368.44946	312.30948	234.5979	432.31362	604.7712	223.91606	364.3469	200.47477	270.31459	172.77726	324.8896	273.98119	113.9477	164.19181	305.3329	329.26354	263.64321	320.84375	294.1219	266.55187	518.31376	338.91197	101.56383	174.69299	304.94675	237.50377	334.69832	389.90514	285.95931	282.95527	272.82627	231.89716	197.1158	259.49708	212.01743	574.02506	269.97334	378.10723	274.06241	240.25941	281.11317	176.25597	323.30125	141.50785	311.39144	254.13144	371.03794	176.34252	601.11847	255.29958
CBM34	NA	NA	NA	NA	NA	NA	NA	NA	NA	NA	NA	NA	NA	NA	NA	NA	NA	NA	NA	NA	NA	NA	NA	NA	NA	NA	NA	NA	NA	NA	NA	NA	NA	NA	NA	NA	NA	NA	NA	NA	NA	NA	NA	NA	NA	NA	NA	NA	NA	NA	NA	NA	NA	NA	NA	NA	155.26067	169.82344	68.99127	222.82673	342.33045	207.04261	119.60773	336.81195	168.16864	314.61827	158.28534	204.24942	115.55845	130.38372	323.79302	127.34217	169.14169	268.97704	133.45434	208.35814	167.54281	170.96887	192.38611	121.28717	181.54726	167.13982	224.20263	53.50888	126.66866	97.73234	306.74276	203.81174	195.4593	163.1358	158.82862	132.78908	255.34103	121.96422	160.61688	175.92186	288.31016	144.14458	168.1439	111.73467	177.36217	168.99247	145.32004	107.10269	95.15053	256.42269	143.93677	206.36768	157.84084	140.64184	122.99234	154.13556	125.40613	119.55114
CBM35	NA	NA	NA	NA	NA	NA	NA	NA	NA	NA	NA	NA	NA	NA	NA	NA	NA	NA	NA	NA	NA	NA	NA	NA	NA	NA	NA	NA	NA	NA	NA	NA	NA	NA	NA	NA	NA	NA	NA	NA	NA	NA	NA	NA	NA	NA	NA	NA	NA	NA	NA	NA	NA	NA	NA	NA	19.09618	56.9007	28.96843	30.09614	38.14268	22.17374	25.12893	5.33471	23.70831	10.56153	22.63673	37.90604	57.48233	45.96953	37.90907	43.44492	28.29408	10.57576	39.94578	14.02224	20.57645	37.02673	23.24499	38.62603	92.36437	29.90638	42.00108	27.30739	11.37608	67.13174	11.99591	37.54063	51.00206	7.11904	67.79509	25.23238	7.63353	52.72324	35.19723	47.37709	50.96787	28.71475	92.0687	64.97648	42.2216	30.49135	9.25892	36.9853	43.07349	61.21093	29.51218	41.74145	58.92768	35.91544	37.35552	8.05251	41.13431	43.23649
CBM36	NA	NA	NA	NA	NA	NA	NA	NA	NA	NA	NA	NA	NA	NA	NA	NA	NA	NA	NA	NA	NA	NA	NA	NA	NA	NA	NA	NA	NA	NA	NA	NA	NA	NA	NA	NA	NA	NA	NA	NA	NA	NA	NA	NA	NA	NA	NA	NA	NA	NA	NA	NA	NA	NA	NA	NA	NA	0.28089	0.65344	0.39171	1.09998	1.13371	NA	NA	NA	NA	0.44846	NA	NA	2.24488	0.54482	1.73801	NA	NA	NA	NA	0.66265	0.61116	1.79805	NA	NA	8.97974	NA	0.27866	NA	NA	0.32552	NA	2.45956	NA	NA	4.19353	NA	3.43085	1.72198	0.42284	NA	1.9241	0.29822	0.50639	2.57164	NA	0.89611	NA	4.38692	NA	3.15686	1.70233	2.39707	NA	NA	NA	NA	5.29927
CBM37	NA	NA	NA	NA	NA	NA	NA	NA	NA	NA	NA	NA	NA	NA	NA	NA	NA	NA	NA	NA	NA	NA	NA	NA	NA	NA	NA	NA	NA	NA	NA	NA	NA	NA	NA	NA	NA	NA	NA	NA	NA	NA	NA	NA	NA	NA	NA	NA	NA	NA	NA	NA	NA	NA	NA	NA	NA	1.0365	NA	17.23924	3.84581	10.36501	8.25973	NA	NA	NA	0.87781	NA	NA	5.19871	16.28858	NA	66.66197	NA	NA	1.71918	1.93499	2.40989	NA	NA	NA	3.11772	18.68896	4.43885	NA	5.83541	11.96811	NA	3.04824	NA	NA	0.681	0.91883	10.24389	NA	24.58756	NA	332.00016	0.59656	NA	15.58574	NA	NA	NA	NA	5.41334	177.99591	NA	9.01378	35.73862	NA	0.80737	NA	NA
CBM38	NA	NA	NA	NA	NA	NA	NA	NA	NA	NA	NA	NA	NA	NA	NA	NA	NA	NA	NA	NA	NA	NA	NA	NA	NA	NA	NA	NA	NA	NA	NA	NA	NA	NA	NA	NA	NA	NA	NA	NA	NA	NA	NA	NA	NA	NA	NA	NA	NA	NA	NA	NA	NA	NA	NA	NA	NA	1.86521	13.30937	3.78895	15.11209	5.93804	8.33943	1.14264	71.69022	12.09204	NA	2.02938	7.72771	1.8682	17.68619	1.44865	5.41054	3.94595	66.05404	5.99611	14.9316	6.00941	8.71506	1.77213	NA	9.73691	8.1063	4.04654	29.52541	21.08913	2.90775	8.91476	5.33374	0.28915	NA	4.59319	9.98198	6.31142	6.99528	23.84506	2.55542	19.36379	12.28739	4.15331	11.69323	NA	3.96965	9.21278	8.34211	2.14395	33.38835	1.55463	2.41546	5.68907	0.54572	4.2092	7.20732	4.31338
CBM4	NA	NA	NA	NA	NA	NA	NA	NA	NA	NA	NA	NA	NA	NA	NA	NA	NA	NA	NA	NA	NA	NA	NA	NA	NA	NA	NA	NA	NA	NA	NA	NA	NA	NA	NA	NA	NA	NA	NA	NA	NA	NA	NA	NA	NA	NA	NA	NA	NA	NA	NA	NA	NA	NA	NA	NA	241.66264	102.94198	29.1862	78.46895	177.06078	108.6251	18.65218	12.89728	24.45565	189.72755	283.62557	57.89216	18.85152	37.34361	180.96941	65.73729	42.83652	2.51912	38.68638	129.78809	59.89155	54.03903	151.36727	82.69435	130.52008	99.05218	208.78784	231.84371	173.17969	43.86654	99.95385	55.68917	197.03541	286.86539	46.72972	112.19028	31.86874	253.51999	137.18551	105.19383	218.41383	28.72767	111.49177	3.67589	115.89395	152.95147	146.22583	13.14451	9.00255	72.63835	21.02452	187.46375	48.90076	84.27605	115.9439	32.59742	7.26832	13.12923
CBM40	NA	NA	NA	NA	NA	NA	NA	NA	NA	NA	NA	NA	NA	NA	NA	NA	NA	NA	NA	NA	NA	NA	NA	NA	NA	NA	NA	NA	NA	NA	NA	NA	NA	NA	NA	NA	NA	NA	NA	NA	NA	NA	NA	NA	NA	NA	NA	NA	NA	NA	NA	NA	NA	NA	NA	NA	5.61303	0.75531	13.84381	1.32987	1.82345	4.40649	1.52358	3.59742	5.43266	0.26543	13.50314	12.9008	21.41293	8.35774	1.25597	5.06274	3.74181	16.61614	3.95142	0.56354	1.12357	2.90512	1.38274	4.1439	2.74062	1.04155	7.84076	1.68803	NA	15.74753	0.44105	2.63749	3.32552	2.16661	8.00513	1.65323	0.61615	1.49133	5.65669	4.30675	4.49771	1.2865	3.44237	31.23235	7.118	3.74636	1.79339	10.06843	9.72763	2.37839	1.6049	1.35768	4.37304	3.19784	3.19121	4.86361	8.49437	7.08203
CBM41	NA	NA	NA	NA	NA	NA	NA	NA	NA	NA	NA	NA	NA	NA	NA	NA	NA	NA	NA	NA	NA	NA	NA	NA	NA	NA	NA	NA	NA	NA	NA	NA	NA	NA	NA	NA	NA	NA	NA	NA	NA	NA	NA	NA	NA	NA	NA	NA	NA	NA	NA	NA	NA	NA	NA	NA	2.07659	30.02231	1.25293	2.60459	12.8296	17.23296	7.26273	3.96044	2.81603	0.80152	1.20318	54.15069	NA	4.44899	53.09481	36.99244	4.64462	26.8913	2.70351	2.98869	20.54569	13.80029	4.60983	10.0051	9.28269	4.67977	2.9241	4.29029	20.00809	4.96668	31.39551	20.06941	2.27543	13.92593	6.94618	8.25126	12.80482	6.40762	14.38078	37.99807	17.3738	18.50597	1.06679	3.01914	3.45425	2.42727	3.99478	4.15839	NA	5.56559	6.40508	1.80253	1.54882	8.48415	3.29388	1.25439	3.32846	4.70119
CBM42	NA	NA	NA	NA	NA	NA	NA	NA	NA	NA	NA	NA	NA	NA	NA	NA	NA	NA	NA	NA	NA	NA	NA	NA	NA	NA	NA	NA	NA	NA	NA	NA	NA	NA	NA	NA	NA	NA	NA	NA	NA	NA	NA	NA	NA	NA	NA	NA	NA	NA	NA	NA	NA	NA	NA	NA	0.86166	0.78238	0.84896	0.66853	2.57341	2.80753	1.44549	0.53033	1.53994	NA	0.40821	2.11398	6.24963	4.41943	0.92537	1.64483	2.78863	NA	2.23435	1.59437	1.01122	1.58744	0.20039	13.04066	3.24003	5.82085	3.32059	1.01143	6.26969	1.02525	3.31609	2.04027	2.80417	1.78831	1.91687	2.55681	0.41817	2.00379	1.48671	1.20091	1.10415	0.98205	5.2555	2.3532	2.92057	NA	0.68453	1.5527	3.17671	1.04786	0.95976	5.65066	5.09859	1.1218	0.28722	4.76983	1.66128	4.53953
CBM44	NA	NA	NA	NA	NA	NA	NA	NA	NA	NA	NA	NA	NA	NA	NA	NA	NA	NA	NA	NA	NA	NA	NA	NA	NA	NA	NA	NA	NA	NA	NA	NA	NA	NA	NA	NA	NA	NA	NA	NA	NA	NA	NA	NA	NA	NA	NA	NA	NA	NA	NA	NA	NA	NA	NA	NA	NA	NA	NA	NA	NA	NA	NA	NA	NA	NA	NA	NA	NA	NA	NA	NA	NA	NA	NA	NA	NA	NA	1.48711	NA	NA	1.504	NA	NA	NA	NA	NA	NA	2.93691	NA	NA	NA	NA	NA	NA	NA	NA	NA	0.57551	NA	NA	NA	NA	NA	NA	NA	NA	NA	NA	NA	0.57445	NA	NA	NA
CBM47	NA	NA	NA	NA	NA	NA	NA	NA	NA	NA	NA	NA	NA	NA	NA	NA	NA	NA	NA	NA	NA	NA	NA	NA	NA	NA	NA	NA	NA	NA	NA	NA	NA	NA	NA	NA	NA	NA	NA	NA	NA	NA	NA	NA	NA	NA	NA	NA	NA	NA	NA	NA	NA	NA	NA	NA	NA	NA	NA	NA	NA	NA	NA	NA	NA	NA	NA	NA	NA	NA	NA	NA	NA	NA	NA	NA	NA	0.4039	0.57588	NA	NA	NA	NA	NA	NA	NA	NA	NA	NA	NA	NA	NA	0.51488	NA	NA	NA	NA	NA	NA	NA	NA	NA	1.70156	NA	NA	NA	NA	NA	NA	NA	NA	NA	NA	NA
CBM48	NA	NA	NA	NA	NA	NA	NA	NA	NA	NA	NA	NA	NA	NA	NA	NA	NA	NA	NA	NA	NA	NA	NA	NA	NA	NA	NA	NA	NA	NA	NA	NA	NA	NA	NA	NA	NA	NA	NA	NA	NA	NA	NA	NA	NA	NA	NA	NA	NA	NA	NA	NA	NA	NA	NA	NA	966.52745	915.63227	589.56148	1106.74911	999.64835	698.34579	585.00627	1067.16675	1021.76091	1117.94093	1113.84616	758.35094	531.48678	667.16305	1062.37457	882.70998	920.51924	1195.88752	979.60149	1032.85795	728.63203	1026.83327	1045.57487	806.25628	1070.76934	951.64028	1086.97015	813.23189	863.24147	634.51305	937.49974	1028.66047	929.62268	1057.42695	950.44336	825.55535	912.51804	874.86808	735.43389	881.07388	1051.18893	1024.57979	789.79806	662.26539	1037.5805	1188.70128	970.34673	577.07011	943.30401	923.50623	806.69204	918.13878	1009.94124	1000.55869	1021.60272	641.99404	587.54045	832.99605
CBM5	NA	NA	NA	NA	NA	NA	NA	NA	NA	NA	NA	NA	NA	NA	NA	NA	NA	NA	NA	NA	NA	NA	NA	NA	NA	NA	NA	NA	NA	NA	NA	NA	NA	NA	NA	NA	NA	NA	NA	NA	NA	NA	NA	NA	NA	NA	NA	NA	NA	NA	NA	NA	NA	NA	NA	NA	NA	2.94262	10.47115	5.53178	NA	28.26832	0.74811	1.50288	2.98385	0.98107	NA	9.73388	6.4388	5.07527	NA	NA	NA	9.39424	1.02827	5.94442	8.6695	2.65591	6.25559	4.39658	NA	NA	5.34666	4.83683	NA	12.70548	7.79692	8.45705	13.64768	6.57063	0.66023	NA	0.97162	3.81033	3.91696	7.36	4.37999	9.29024	10.31845	5.33429	3.66335	1.39419	19.08653	5.05421	6.9876	7.7439	7.58702	0.87096	5.32157	1.26166	1.40848	41.51251	13.16081	1.60899
CBM50	NA	NA	NA	NA	NA	NA	NA	NA	NA	NA	NA	NA	NA	NA	NA	NA	NA	NA	NA	NA	NA	NA	NA	NA	NA	NA	NA	NA	NA	NA	NA	NA	NA	NA	NA	NA	NA	NA	NA	NA	NA	NA	NA	NA	NA	NA	NA	NA	NA	NA	NA	NA	NA	NA	NA	NA	2181.10901	1607.31961	1714.94049	1734.49969	2068.27626	1694.90458	1431.20314	1330.64473	1700.47644	1432.05296	1607.99058	1505.20901	1732.621	1624.50363	1967.07644	1650.47359	1649.29826	1663.17234	1392.84147	1317.83849	1584.12522	1437.27693	1609.27656	1423.49188	1393.6498	1581.95677	1562.88599	1756.57805	1700.68562	1555.5516	1868.34723	1625.00334	1703.26329	1661.47724	1489.31561	1531.83122	1679.25794	1611.17845	1609.47032	1557.68089	1653.19585	1528.22394	1215.26851	1573.67739	1503.23739	1851.39424	1599.30987	1500.7505	1707.28227	1364.24994	1482.11865	1393.86688	1723.48546	1706.70954	1804.15672	1653.0346	1695.22224	1543.13727
CBM51	NA	NA	NA	NA	NA	NA	NA	NA	NA	NA	NA	NA	NA	NA	NA	NA	NA	NA	NA	NA	NA	NA	NA	NA	NA	NA	NA	NA	NA	NA	NA	NA	NA	NA	NA	NA	NA	NA	NA	NA	NA	NA	NA	NA	NA	NA	NA	NA	NA	NA	NA	NA	NA	NA	NA	NA	92.76714	71.43586	157.94728	66.81263	81.87727	68.31213	55.12882	69.14209	109.76696	118.00258	88.07931	145.62293	118.09341	76.90539	78.9933	61.35891	37.3347	40.07664	84.24892	166.73141	78.73027	115.36505	126.66915	76.55006	53.06582	135.08211	103.53057	48.26051	239.8131	108.7352	64.19391	93.02952	140.42861	54.98892	84.63146	165.27518	92.04444	57.08612	124.44726	100.56831	62.88458	119.50679	135.56914	169.09255	102.99302	39.10671	26.20159	94.4875	73.96677	74.99111	130.00251	72.12294	118.50402	81.98821	76.62319	62.85612	223.82115	108.33173
CBM54	NA	NA	NA	NA	NA	NA	NA	NA	NA	NA	NA	NA	NA	NA	NA	NA	NA	NA	NA	NA	NA	NA	NA	NA	NA	NA	NA	NA	NA	NA	NA	NA	NA	NA	NA	NA	NA	NA	NA	NA	NA	NA	NA	NA	NA	NA	NA	NA	NA	NA	NA	NA	NA	NA	NA	NA	4.75944	8.51422	23.66096	12.94965	11.66011	33.72111	28.7016	NA	2.39942	16.96813	18.49953	38.11833	9.45109	33.81353	7.43124	13.31408	11.30077	7.20505	1.15345	1.91698	35.03488	33.66229	11.59773	61.95637	18.18278	4.42758	21.89884	16.65168	NA	40.49821	14.5124	24.52708	8.89921	12.33619	13.64129	11.08117	2.3982	34.81855	14.31751	48.21272	16.13999	15.17279	17.03465	12.69725	17.4728	1.68474	10.5394	26.22883	5.88288	18.89145	26.84526	9.97901	17.88948	9.94608	1.8534	14.86201	9.84425	23.49498
CBM56	NA	NA	NA	NA	NA	NA	NA	NA	NA	NA	NA	NA	NA	NA	NA	NA	NA	NA	NA	NA	NA	NA	NA	NA	NA	NA	NA	NA	NA	NA	NA	NA	NA	NA	NA	NA	NA	NA	NA	NA	NA	NA	NA	NA	NA	NA	NA	NA	NA	NA	NA	NA	NA	NA	NA	NA	NA	NA	NA	NA	NA	0.69124	NA	0.55872	0.54591	NA	NA	0.26744	NA	1.0289	0.51032	NA	NA	NA	NA	NA	NA	NA	1.71179	0.58933	NA	NA	NA	0.50855	NA	NA	NA	NA	1.69095	NA	NA	0.31967	0.44331	NA	NA	NA	0.26714	0.73952	0.84218	NA	NA	1.05611	NA	NA	NA	NA	NA	0.62943	0.26031	NA	NA	NA	NA	NA
CBM57	NA	NA	NA	NA	NA	NA	NA	NA	NA	NA	NA	NA	NA	NA	NA	NA	NA	NA	NA	NA	NA	NA	NA	NA	NA	NA	NA	NA	NA	NA	NA	NA	NA	NA	NA	NA	NA	NA	NA	NA	NA	NA	NA	NA	NA	NA	NA	NA	NA	NA	NA	NA	NA	NA	NA	NA	71.05819	11.87871	71.97048	33.00075	34.8627	33.23085	24.89386	53.3585	98.17324	34.95702	32.93056	55.96129	50.12065	30.2939	50.09791	146.18275	229.07099	48.33911	103.58753	28.28656	26.33559	11.91158	32.37679	34.32103	88.58956	47.37581	38.81909	474.32019	89.75833	23.20034	50.85704	16.5017	24.97164	174.69704	61.87304	21.41035	127.94931	262.02842	26.06253	35.29315	44.98052	48.90969	41.72717	24.10334	32.05792	296.63325	17.48212	16.42758	20.25688	21.31757	63.98292	17.73829	53.24506	29.51773	226.48774	13.84924	21.88558	12.51458
CBM58	NA	NA	NA	NA	NA	NA	NA	NA	NA	NA	NA	NA	NA	NA	NA	NA	NA	NA	NA	NA	NA	NA	NA	NA	NA	NA	NA	NA	NA	NA	NA	NA	NA	NA	NA	NA	NA	NA	NA	NA	NA	NA	NA	NA	NA	NA	NA	NA	NA	NA	NA	NA	NA	NA	NA	NA	39.16101	8.00823	17.44044	5.00512	31.28443	4.27678	4.98328	40.37525	34.47495	12.65942	25.61723	30.50534	12.28978	4.02976	41.01063	3.77098	7.85191	40.51123	48.34372	3.61108	1.25912	0.59631	16.44548	4.74171	33.70737	4.15209	2.76658	2.06078	22.19312	8.67394	0.31756	0.46264	13.60927	11.14755	23.94161	12.29331	19.83903	2.60444	20.22668	13.33239	4.45518	8.78576	6.84486	30.83231	2.15124	9.83031	2.2354	8.85809	15.07897	7.01259	5.15914	8.20984	77.14694	4.84304	15.66552	4.74443	7.99898	8.04607
CBM6	NA	NA	NA	NA	NA	NA	NA	NA	NA	NA	NA	NA	NA	NA	NA	NA	NA	NA	NA	NA	NA	NA	NA	NA	NA	NA	NA	NA	NA	NA	NA	NA	NA	NA	NA	NA	NA	NA	NA	NA	NA	NA	NA	NA	NA	NA	NA	NA	NA	NA	NA	NA	NA	NA	NA	NA	93.79797	23.22973	49.49621	71.01157	53.67331	60.43653	58.425	76.21694	61.53698	34.45049	60.79886	68.92197	34.72445	68.70739	85.5931	134.6915	117.87946	60.25963	74.31699	63.16488	63.75231	39.02189	37.95591	53.72549	214.20537	70.66827	42.52505	230.43575	19.21814	98.87656	80.9367	32.01637	43.98537	131.45845	169.47883	39.42225	64.77238	162.05266	10.11423	103.11379	52.94904	102.78048	45.34497	57.96865	35.94835	177.48795	198.45388	34.26592	28.88756	40.42254	125.91522	40.63334	113.00289	30.24473	129.17366	52.34218	34.37236	49.3466
CBM61	NA	NA	NA	NA	NA	NA	NA	NA	NA	NA	NA	NA	NA	NA	NA	NA	NA	NA	NA	NA	NA	NA	NA	NA	NA	NA	NA	NA	NA	NA	NA	NA	NA	NA	NA	NA	NA	NA	NA	NA	NA	NA	NA	NA	NA	NA	NA	NA	NA	NA	NA	NA	NA	NA	NA	NA	38.38978	55.33923	17.14908	86.28019	224.56099	62.02668	18.4418	22.28851	27.67931	43.50947	43.16582	53.87223	29.2209	66.61663	137.22456	35.90016	34.53843	33.05471	30.29915	10.81353	40.56587	56.61718	85.22184	34.21639	72.39073	41.32547	66.15319	48.52631	104.80763	59.77637	39.99048	71.45003	83.94224	83.51794	33.80996	6.66064	38.98748	88.05875	109.48477	100.17803	37.02754	17.15986	42.71585	20.44788	45.07525	14.75541	17.33776	12.50434	20.0869	51.02244	14.84604	103.40933	60.60742	37.74164	10.39203	21.49183	10.67731	13.37025
CBM62	NA	NA	NA	NA	NA	NA	NA	NA	NA	NA	NA	NA	NA	NA	NA	NA	NA	NA	NA	NA	NA	NA	NA	NA	NA	NA	NA	NA	NA	NA	NA	NA	NA	NA	NA	NA	NA	NA	NA	NA	NA	NA	NA	NA	NA	NA	NA	NA	NA	NA	NA	NA	NA	NA	NA	NA	54.14012	16.92941	38.58472	40.68351	76.92397	58.79883	81.50148	21.68971	172.29103	75.1718	44.45227	80.97165	96.16207	39.18916	105.90635	62.43148	51.74524	25.18659	148.82437	43.46074	33.11848	25.55476	40.13124	28.3864	48.77124	198.62708	127.66978	86.61874	108.52456	88.89833	25.88245	42.17124	24.84757	57.09794	90.85912	173.66001	30.95705	92.84491	48.67466	83.13618	22.49267	176.95328	80.84641	59.98653	88.48303	90.32829	25.86549	37.13482	64.94458	36.17991	190.73697	64.59497	131.21069	74.89703	101.13102	29.68946	42.92183	52.41063
CBM63	NA	NA	NA	NA	NA	NA	NA	NA	NA	NA	NA	NA	NA	NA	NA	NA	NA	NA	NA	NA	NA	NA	NA	NA	NA	NA	NA	NA	NA	NA	NA	NA	NA	NA	NA	NA	NA	NA	NA	NA	NA	NA	NA	NA	NA	NA	NA	NA	NA	NA	NA	NA	NA	NA	NA	NA	NA	NA	NA	NA	NA	NA	NA	NA	NA	NA	NA	NA	NA	NA	NA	NA	NA	NA	NA	NA	NA	NA	NA	NA	NA	NA	NA	NA	NA	NA	2.01269	NA	NA	NA	NA	NA	NA	NA	NA	NA	NA	NA	NA	NA	NA	NA	NA	NA	NA	NA	NA	NA	NA	NA	NA	NA	NA	NA
CBM65	NA	NA	NA	NA	NA	NA	NA	NA	NA	NA	NA	NA	NA	NA	NA	NA	NA	NA	NA	NA	NA	NA	NA	NA	NA	NA	NA	NA	NA	NA	NA	NA	NA	NA	NA	NA	NA	NA	NA	NA	NA	NA	NA	NA	NA	NA	NA	NA	NA	NA	NA	NA	NA	NA	NA	NA	17.67193	53.35756	NA	7.55256	32.37094	0.7381	11.99325	9.123	5.68643	20.68231	13.45949	2.31975	4.40531	0.96503	15.7648	14.5319	17.61113	8.04733	48.95762	NA	4.39803	6.86395	7.58736	8.83056	94.14644	10.70416	20.23212	17.16059	12.95255	4.97745	5.3539	12.41998	17.3842	20.6168	22.8195	11.2287	1.31803	37.65154	20.81377	8.28955	4.34438	66.119	76.3196	14.19839	16.43862	17.54652	0.60105	28.40261	1.82997	6.74205	50.88243	55.242	32.58451	12.7204	10.22788	0.39489	20.38698	1.40823
CBM66	NA	NA	NA	NA	NA	NA	NA	NA	NA	NA	NA	NA	NA	NA	NA	NA	NA	NA	NA	NA	NA	NA	NA	NA	NA	NA	NA	NA	NA	NA	NA	NA	NA	NA	NA	NA	NA	NA	NA	NA	NA	NA	NA	NA	NA	NA	NA	NA	NA	NA	NA	NA	NA	NA	NA	NA	5.90028	1.48457	2.63084	6.09445	5.50851	6.1453	2.95975	2.98626	8.82076	3.22145	7.8469	0.5726	6.71504	4.91458	3.77511	3.45845	2.90366	2.50839	1.02113	4.00394	1.11669	2.43308	7.82491	1.63255	1.41222	1.0519	3.8021	4.75122	2.32159	5.80598	0.86346	1.20017	4.09515	1.73457	5.47294	5.40585	3.36323	9.79445	4.41484	4.90983	5.42399	0.52904	NA	5.85262	4.4428	4.18623	2.63073	8.89278	2.99249	7.20071	NA	NA	0.94321	5.40539	11.0077	6.5517	2.52367	2.01288
CBM67	NA	NA	NA	NA	NA	NA	NA	NA	NA	NA	NA	NA	NA	NA	NA	NA	NA	NA	NA	NA	NA	NA	NA	NA	NA	NA	NA	NA	NA	NA	NA	NA	NA	NA	NA	NA	NA	NA	NA	NA	NA	NA	NA	NA	NA	NA	NA	NA	NA	NA	NA	NA	NA	NA	NA	NA	352.13993	232.16242	375.5203	370.1077	307.48661	239.47824	258.96298	163.57113	521.86912	330.45187	312.46048	311.21339	369.58659	463.63541	285.95722	367.47928	528.03386	205.154	533.47348	292.55396	447.66103	267.31696	285.95316	266.16767	361.1987	382.88274	242.47623	812.76222	300.54424	293.18761	294.3897	229.44229	263.20647	379.83212	384.96052	341.8802	429.46084	634.81256	259.57689	261.80468	286.70087	223.30998	224.28984	328.06688	294.11318	562.63308	221.17183	211.30174	364.14091	280.14586	279.59811	174.2869	296.53875	351.50414	541.25521	207.22543	249.96388	269.46315
CBM68	NA	NA	NA	NA	NA	NA	NA	NA	NA	NA	NA	NA	NA	NA	NA	NA	NA	NA	NA	NA	NA	NA	NA	NA	NA	NA	NA	NA	NA	NA	NA	NA	NA	NA	NA	NA	NA	NA	NA	NA	NA	NA	NA	NA	NA	NA	NA	NA	NA	NA	NA	NA	NA	NA	NA	NA	NA	NA	NA	NA	NA	0.46082	NA	NA	NA	NA	NA	NA	1.21617	NA	NA	NA	0.33773	0.85433	NA	NA	NA	NA	NA	NA	NA	NA	NA	NA	NA	0.67271	NA	NA	0.3676	NA	NA	NA	NA	NA	NA	NA	NA	NA	NA	NA	0.19168	NA	NA	NA	1.31018	NA	NA	NA	0.3367	NA	NA	NA	NA	0.45243
CBM71	NA	NA	NA	NA	NA	NA	NA	NA	NA	NA	NA	NA	NA	NA	NA	NA	NA	NA	NA	NA	NA	NA	NA	NA	NA	NA	NA	NA	NA	NA	NA	NA	NA	NA	NA	NA	NA	NA	NA	NA	NA	NA	NA	NA	NA	NA	NA	NA	NA	NA	NA	NA	NA	NA	NA	NA	NA	0.79278	NA	NA	1.25287	0.21269	0.15977	NA	0.33768	1.11366	0.25298	0.60826	NA	NA	1.62899	NA	1.1234	1.19914	0.22792	1.56815	0.30336	0.46347	0.55096	NA	NA	0.57759	1.34306	0.48159	4.00499	0.34383	0.96372	0.22191	1.34289	NA	0.46307	NA	0.98653	0.71197	0.21822	1.3441	2.63775	NA	NA	0.38284	3.24613	1.21943	0.82144	0.38451	NA	1.00346	0.7222	0.25828	NA	0.26736	1.11677	1.11959	0.74549	0.57544
CBM74	NA	NA	NA	NA	NA	NA	NA	NA	NA	NA	NA	NA	NA	NA	NA	NA	NA	NA	NA	NA	NA	NA	NA	NA	NA	NA	NA	NA	NA	NA	NA	NA	NA	NA	NA	NA	NA	NA	NA	NA	NA	NA	NA	NA	NA	NA	NA	NA	NA	NA	NA	NA	NA	NA	NA	NA	12.88669	57.09092	0.22891	72.76636	22.65146	6.99819	1.43353	20.66938	2.11772	11.6307	3.89686	23.25385	0.36773	15.69509	49.00942	3.39975	0.20636	61.14565	3.36686	1.47435	2.78644	38.34015	49.03247	16.01132	5.07739	4.65687	3.31345	5.63	22.88272	11.50812	9.04816	37.1397	40.57473	8.75324	15.11209	6.90229	40.53704	7.15035	18.11544	23.93544	38.44201	59.67495	5.85889	5.87668	3.9155	6.79935	25.69625	28.93937	46.55249	40.14522	18.03957	43.76836	9.52862	8.74237	18.19891	3.36624	9.3937	57.40505
CBM75	NA	NA	NA	NA	NA	NA	NA	NA	NA	NA	NA	NA	NA	NA	NA	NA	NA	NA	NA	NA	NA	NA	NA	NA	NA	NA	NA	NA	NA	NA	NA	NA	NA	NA	NA	NA	NA	NA	NA	NA	NA	NA	NA	NA	NA	NA	NA	NA	NA	NA	NA	NA	NA	NA	NA	NA	NA	NA	NA	NA	NA	NA	NA	NA	NA	NA	NA	NA	NA	NA	NA	NA	NA	NA	NA	NA	NA	NA	NA	NA	NA	NA	NA	NA	NA	NA	NA	NA	0.72991	NA	NA	NA	NA	NA	NA	NA	NA	0.30739	NA	NA	NA	NA	NA	NA	NA	NA	0.63029	NA	NA	NA	NA	NA	NA	NA
CBM76	NA	NA	NA	NA	NA	NA	NA	NA	NA	NA	NA	NA	NA	NA	NA	NA	NA	NA	NA	NA	NA	NA	NA	NA	NA	NA	NA	NA	NA	NA	NA	NA	NA	NA	NA	NA	NA	NA	NA	NA	NA	NA	NA	NA	NA	NA	NA	NA	NA	NA	NA	NA	NA	NA	NA	NA	2.26128	NA	NA	NA	1.78285	NA	NA	NA	NA	NA	4.19148	NA	NA	NA	0.39209	NA	0.80184	NA	NA	NA	1.19123	0.65878	NA	NA	9.4185	NA	NA	NA	NA	NA	2.58231	NA	1.11762	NA	2.71042	NA	NA	NA	NA	NA	0.19759	NA	NA	NA	NA	NA	2.87314	NA	NA	NA	NA	NA	NA	4.55033	NA	0.29393	NA	NA
CBM77	NA	NA	NA	NA	NA	NA	NA	NA	NA	NA	NA	NA	NA	NA	NA	NA	NA	NA	NA	NA	NA	NA	NA	NA	NA	NA	NA	NA	NA	NA	NA	NA	NA	NA	NA	NA	NA	NA	NA	NA	NA	NA	NA	NA	NA	NA	NA	NA	NA	NA	NA	NA	NA	NA	NA	NA	3.88301	9.77069	3.53861	4.3497	5.16223	11.6633	5.22905	2.85518	3.32893	2.58356	8.88048	23.11737	1.45859	2.03799	14.72062	23.95389	3.16568	4.68041	19.55221	1.63826	31.1152	1.36833	5.4087	13.30506	7.60142	23.79	29.17448	5.91262	11.25855	3.34984	54.6577	NA	4.79042	84.90646	3.08709	6.54749	NA	6.82594	4.26082	19.37765	6.88961	13.93223	9.98005	0.75787	21.82287	11.96209	4.4944	0.75733	0.61498	3.32979	9.20717	43.04104	21.67383	2.92536	3.67529	NA	1.92284	7.17105
CBM78	NA	NA	NA	NA	NA	NA	NA	NA	NA	NA	NA	NA	NA	NA	NA	NA	NA	NA	NA	NA	NA	NA	NA	NA	NA	NA	NA	NA	NA	NA	NA	NA	NA	NA	NA	NA	NA	NA	NA	NA	NA	NA	NA	NA	NA	NA	NA	NA	NA	NA	NA	NA	NA	NA	NA	NA	1.24005	4.20206	NA	NA	1.48569	NA	0.77512	NA	2.62036	NA	2.78478	1.02698	NA	0.32925	0.24506	NA	3.29443	NA	6.01333	NA	2.05035	2.43352	0.90416	NA	10.51901	3.70011	22.33046	3.66155	3.10521	NA	1.14321	0.78943	NA	4.77265	3.59933	0.92907	NA	3.0147	0.38815	1.13807	8.63879	NA	1.07553	1.18833	11.51455	3.29507	2.87794	0.30572	NA	1.07061	NA	2.76279	4.7084	3.52874	2.35753	0.7629	NA	NA
CBM79	NA	NA	NA	NA	NA	NA	NA	NA	NA	NA	NA	NA	NA	NA	NA	NA	NA	NA	NA	NA	NA	NA	NA	NA	NA	NA	NA	NA	NA	NA	NA	NA	NA	NA	NA	NA	NA	NA	NA	NA	NA	NA	NA	NA	NA	NA	NA	NA	NA	NA	NA	NA	NA	NA	NA	NA	7.36299	27.35341	0.33277	8.64128	2.01178	1.16683	1.48814	NA	8.20437	NA	20.42037	1.61914	NA	2.35968	0.83047	NA	5.10432	NA	19.13745	NA	6.95381	13.15845	5.22876	5.28649	31.64969	27.77846	46.03746	20.72397	NA	0.79345	11.26041	2.77003	13.50178	15.61617	13.05804	3.42065	NA	14.06772	1.76082	2.19175	19.75739	6.19481	5.77035	2.51683	36.46512	18.23305	5.80947	1.03677	10.1898	10.78292	2.72368	5.21255	31.12377	15.90759	12.57136	1.78092	NA	5.54837
CBM82	NA	NA	NA	NA	NA	NA	NA	NA	NA	NA	NA	NA	NA	NA	NA	NA	NA	NA	NA	NA	NA	NA	NA	NA	NA	NA	NA	NA	NA	NA	NA	NA	NA	NA	NA	NA	NA	NA	NA	NA	NA	NA	NA	NA	NA	NA	NA	NA	NA	NA	NA	NA	NA	NA	NA	NA	59.5947	1.92285	5.38966	20.49673	11.19869	2.2469	3.80498	94.00403	30.42987	20.89819	66.05528	0.94807	0.87871	1.33707	6.58786	7.8548	29.96169	51.4973	13.47497	3.66404	2.51224	20.72689	29.70588	6.37938	29.99799	15.23673	26.73693	0.75557	NA	5.01947	25.22457	25.49574	22.68197	8.62532	13.51999	20.44536	53.06169	1.56576	9.91346	7.19215	6.32573	25.95302	36.7075	NA	32.30936	34.7366	15.73331	0.30323	2.9677	NA	14.62638	30.12524	16.0865	27.83791	21.5393	17.04254	NA	8.10519
CBM83	NA	NA	NA	NA	NA	NA	NA	NA	NA	NA	NA	NA	NA	NA	NA	NA	NA	NA	NA	NA	NA	NA	NA	NA	NA	NA	NA	NA	NA	NA	NA	NA	NA	NA	NA	NA	NA	NA	NA	NA	NA	NA	NA	NA	NA	NA	NA	NA	NA	NA	NA	NA	NA	NA	NA	NA	70.1094	9.82723	3.51707	41.68645	8.20094	2.73351	6.47006	121.7074	41.30832	84.91313	96.35967	1.40241	1.95511	3.12204	7.78452	8.35877	36.09462	50.98281	23.00298	63.71334	3.56354	45.47307	30.21336	7.49779	37.00366	17.7722	44.27046	2.95267	8.14701	5.5368	23.1747	38.61808	31.75484	21.38843	32.54407	25.60408	72.54143	5.81076	19.4129	9.20458	54.08617	46.64595	49.9006	NA	21.0621	49.72679	19.82246	NA	3.27545	12.4345	29.00423	46.38458	13.78131	19.73865	34.56661	13.3184	0.48096	9.0483
CBM85	NA	NA	NA	NA	NA	NA	NA	NA	NA	NA	NA	NA	NA	NA	NA	NA	NA	NA	NA	NA	NA	NA	NA	NA	NA	NA	NA	NA	NA	NA	NA	NA	NA	NA	NA	NA	NA	NA	NA	NA	NA	NA	NA	NA	NA	NA	NA	NA	NA	NA	NA	NA	NA	NA	NA	NA	NA	NA	NA	NA	NA	NA	NA	NA	NA	NA	NA	NA	NA	NA	NA	NA	NA	NA	NA	NA	NA	NA	NA	NA	NA	NA	NA	0.2441	NA	NA	NA	NA	NA	NA	NA	NA	NA	NA	NA	NA	NA	0.67625	NA	NA	NA	NA	NA	NA	NA	NA	NA	NA	NA	NA	NA	NA	NA	NA
CBM86	NA	NA	NA	NA	NA	NA	NA	NA	NA	NA	NA	NA	NA	NA	NA	NA	NA	NA	NA	NA	NA	NA	NA	NA	NA	NA	NA	NA	NA	NA	NA	NA	NA	NA	NA	NA	NA	NA	NA	NA	NA	NA	NA	NA	NA	NA	NA	NA	NA	NA	NA	NA	NA	NA	NA	NA	55.71275	28.63737	NA	5.31961	8.90677	NA	NA	92.6772	32.15905	NA	74.68321	3.93714	NA	0.78393	4.96837	NA	0.57839	39.67494	16.1717	NA	NA	15.60423	18.61371	0.65668	9.85425	3.26527	14.10918	NA	17.53455	11.78833	3.69348	13.6491	15.47234	1.70014	16.31127	1.096	13.95434	1.74363	16.1929	6.4343	0.28542	7.68911	61.86855	0.70734	13.03049	NA	0.93879	NA	1.10584	3.34214	1.99733	67.80174	2.6401	4.93916	NA	1.29748	NA	7.66043
CBM9	NA	NA	NA	NA	NA	NA	NA	NA	NA	NA	NA	NA	NA	NA	NA	NA	NA	NA	NA	NA	NA	NA	NA	NA	NA	NA	NA	NA	NA	NA	NA	NA	NA	NA	NA	NA	NA	NA	NA	NA	NA	NA	NA	NA	NA	NA	NA	NA	NA	NA	NA	NA	NA	NA	NA	NA	60.13193	26.60192	7.22858	27.06194	33.18425	12.65425	6.72563	86.48627	65.88355	33.39201	66.25143	23.39638	12.40526	14.58647	36.29741	5.8822	11.31579	39.7514	51.99653	13.56464	23.30338	39.58763	21.35659	14.63681	14.96065	38.35543	36.64942	18.49994	30.43736	11.51909	16.2067	31.0356	20.45889	30.87107	21.00037	28.43034	25.94314	35.86555	20.42497	13.98024	18.82978	20.19543	61.43518	24.58822	33.80202	10.08192	7.75489	5.18972	18.13521	13.05615	15.61206	75.31962	38.48097	16.34336	14.85343	7.96981	14.74515	24.47597
CE1	NA	NA	NA	NA	NA	NA	NA	NA	NA	NA	NA	NA	NA	NA	NA	NA	NA	NA	NA	NA	NA	NA	NA	NA	NA	NA	NA	NA	NA	NA	NA	NA	NA	NA	NA	NA	NA	NA	NA	NA	NA	NA	NA	NA	NA	NA	NA	NA	NA	NA	NA	NA	NA	NA	NA	NA	703.76811	496.01516	635.40477	765.1605	910.66046	523.83942	563.20252	845.79278	961.52572	874.79907	719.01315	548.16104	528.99218	646.60339	957.95173	611.75447	840.77298	859.13021	931.01942	887.10501	499.5388	753.77643	664.25701	611.8508	1015.34997	975.97023	813.94175	980.20518	760.15846	634.4369	618.8513	917.34632	571.92213	919.57944	905.75799	765.36611	719.89441	908.92622	608.73487	738.29126	663.11071	741.80024	595.71517	627.83505	794.09738	1150.83823	777.84329	516.33348	683.74116	602.50658	794.57877	581.19132	943.94331	845.80568	1043.90052	467.80531	610.38229	588.91646
CE11	NA	NA	NA	NA	NA	NA	NA	NA	NA	NA	NA	NA	NA	NA	NA	NA	NA	NA	NA	NA	NA	NA	NA	NA	NA	NA	NA	NA	NA	NA	NA	NA	NA	NA	NA	NA	NA	NA	NA	NA	NA	NA	NA	NA	NA	NA	NA	NA	NA	NA	NA	NA	NA	NA	NA	NA	124.39943	84.56784	191.58574	132.98317	147.47034	108.08822	106.50673	109.5843	274.21334	122.34106	108.11266	124.16211	145.03515	142.08942	150.52045	139.62623	185.10962	158.73739	304.13852	89.97632	111.73901	72.77899	111.24877	145.58505	132.43785	230.46006	175.57333	353.89315	97.72872	113.38732	135.51924	128.24126	95.98222	239.01663	130.45981	228.60177	148.85667	269.77412	110.1979	78.74581	87.90867	98.14733	49.79936	213.37217	185.65531	279.86805	215.95028	68.64699	81.75659	67.3327	147.34632	80.57145	254.5497	171.14118	254.97084	73.70087	157.43702	64.61914
CE12	NA	NA	NA	NA	NA	NA	NA	NA	NA	NA	NA	NA	NA	NA	NA	NA	NA	NA	NA	NA	NA	NA	NA	NA	NA	NA	NA	NA	NA	NA	NA	NA	NA	NA	NA	NA	NA	NA	NA	NA	NA	NA	NA	NA	NA	NA	NA	NA	NA	NA	NA	NA	NA	NA	NA	NA	260.87015	99.55328	104.22996	147.97753	266.36843	109.38113	101.87728	152.32879	265.88401	121.33604	186.33774	208.0914	111.36404	108.01446	332.89805	257.59155	199.1032	160.70798	320.21897	68.90685	108.4814	87.52037	135.13913	102.74287	141.74059	322.8863	198.33375	251.69903	145.91311	60.42608	147.71073	81.96124	113.07533	278.26737	93.0497	188.3936	276.3713	238.77257	109.01061	94.76541	94.67578	181.74451	129.76898	152.6147	126.36524	350.32161	222.01919	71.35729	91.78608	95.24338	155.29079	133.67292	337.85399	91.73135	249.71468	47.56486	120.19034	77.76331
CE13	NA	NA	NA	NA	NA	NA	NA	NA	NA	NA	NA	NA	NA	NA	NA	NA	NA	NA	NA	NA	NA	NA	NA	NA	NA	NA	NA	NA	NA	NA	NA	NA	NA	NA	NA	NA	NA	NA	NA	NA	NA	NA	NA	NA	NA	NA	NA	NA	NA	NA	NA	NA	NA	NA	NA	NA	0.37322	NA	NA	NA	0.70036	0.20133	2.11736	0.15501	20.15408	NA	1.67628	0.55333	NA	1.15394	0.80572	0.46297	1.679	NA	15.94317	NA	NA	0.16274	0.11439	0.50988	0.56582	NA	0.17667	0.14812	NA	0.80115	NA	NA	1.31579	0.33848	0.29597	0.74486	0.24526	NA	0.45975	1.67981	NA	NA	0.96251	NA	NA	0.46141	0.47851	1.59424	1.3657	NA	0.37355	NA	1.77913	0.42245	0.15895	NA	0.21713	3.63864
CE14	NA	NA	NA	NA	NA	NA	NA	NA	NA	NA	NA	NA	NA	NA	NA	NA	NA	NA	NA	NA	NA	NA	NA	NA	NA	NA	NA	NA	NA	NA	NA	NA	NA	NA	NA	NA	NA	NA	NA	NA	NA	NA	NA	NA	NA	NA	NA	NA	NA	NA	NA	NA	NA	NA	NA	NA	6.62587	5.66944	18.40128	8.76437	11.23936	22.58603	20.10043	1.33754	2.37974	4.18017	10.46419	29.61761	19.12155	20.05086	8.43265	18.25877	8.78935	2.42879	0.37791	9.34298	17.83675	23.51056	23.67441	16.40063	4.95768	8.35448	6.87265	6.68766	3.45976	43.0554	6.85501	16.69404	25.50134	5.01664	17.19968	17.44687	6.19117	2.73759	9.2911	26.63683	6.91391	6.98802	12.62924	17.72706	10.57028	NA	7.34782	9.4053	4.88586	8.2265	11.01762	7.3168	8.95324	9.65953	0.28492	14.32886	14.48948	7.90728
CE15	NA	NA	NA	NA	NA	NA	NA	NA	NA	NA	NA	NA	NA	NA	NA	NA	NA	NA	NA	NA	NA	NA	NA	NA	NA	NA	NA	NA	NA	NA	NA	NA	NA	NA	NA	NA	NA	NA	NA	NA	NA	NA	NA	NA	NA	NA	NA	NA	NA	NA	NA	NA	NA	NA	NA	NA	40.72683	34.13447	24.12877	25.16378	20.6814	37.49936	28.80615	39.94742	28.11915	21.58397	25.99797	47.97535	41.42144	21.73355	27.38724	13.24554	17.43116	31.37515	31.89026	26.06403	41.84675	17.03963	35.56812	36.75823	47.21725	30.899	28.79061	18.51879	37.16206	19.90366	9.38284	14.94015	34.71419	28.9993	40.71426	28.14896	33.56817	29.46754	22.06233	40.66513	13.04117	29.60369	32.62606	50.803	30.92039	23.92241	19.41818	40.23544	5.19344	28.19859	37.9611	17.61994	100.71881	32.1527	28.18003	30.38812	68.28247	13.50091
CE17	NA	NA	NA	NA	NA	NA	NA	NA	NA	NA	NA	NA	NA	NA	NA	NA	NA	NA	NA	NA	NA	NA	NA	NA	NA	NA	NA	NA	NA	NA	NA	NA	NA	NA	NA	NA	NA	NA	NA	NA	NA	NA	NA	NA	NA	NA	NA	NA	NA	NA	NA	NA	NA	NA	NA	NA	23.49685	43.96655	26.81002	47.26857	98.47308	45.21165	13.75301	21.65457	33.60439	72.71547	21.64023	33.66629	15.41445	32.55358	83.88342	39.83912	40.79229	16.91814	69.27891	64.14584	22.99247	48.37611	45.34095	44.88292	100.6501	56.31488	46.73148	33.46934	51.8509	29.28343	40.95091	45.86436	73.11363	45.09288	35.81468	26.39941	16.83793	59.26224	68.67657	67.71828	41.51562	43.5191	70.76695	16.17528	54.02433	25.40558	15.04331	12.1105	47.99338	57.38252	35.84729	89.84291	57.84297	32.67499	19.38288	14.9379	3.99116	26.692
CE2	NA	NA	NA	NA	NA	NA	NA	NA	NA	NA	NA	NA	NA	NA	NA	NA	NA	NA	NA	NA	NA	NA	NA	NA	NA	NA	NA	NA	NA	NA	NA	NA	NA	NA	NA	NA	NA	NA	NA	NA	NA	NA	NA	NA	NA	NA	NA	NA	NA	NA	NA	NA	NA	NA	NA	NA	50.34593	122.07991	56.09001	107.66605	161.12589	66.75196	52.063	39.21669	41.489	84.25516	53.93543	56.33025	54.31092	137.103	130.38587	82.72035	167.78033	37.16581	69.68568	60.15785	64.53564	103.51956	86.74332	99.03956	160.16244	138.75964	126.45828	249.43997	97.40176	54.73433	89.11308	102.34092	103.41981	152.94308	72.04661	98.20976	89.35245	242.11659	84.55304	87.65293	98.18222	146.47346	164.96469	53.21043	127.74356	191.2983	86.80479	64.95801	86.66626	91.54816	110.2329	140.09638	103.82071	136.67756	139.24835	35.31047	50.3721	63.68572
CE3	NA	NA	NA	NA	NA	NA	NA	NA	NA	NA	NA	NA	NA	NA	NA	NA	NA	NA	NA	NA	NA	NA	NA	NA	NA	NA	NA	NA	NA	NA	NA	NA	NA	NA	NA	NA	NA	NA	NA	NA	NA	NA	NA	NA	NA	NA	NA	NA	NA	NA	NA	NA	NA	NA	NA	NA	2.10862	6.53046	9.37486	3.31848	4.52152	0.88243	1.41944	2.37791	6.03597	3.80227	2.2896	0.51212	3.10363	3.40779	1.61232	0.40412	3.39963	1.03097	6.03131	2.5229	2.01451	1.51894	2.31902	3.61542	5.14019	5.81221	20.6839	3.89441	3.21048	0.52301	1.72056	0.81021	2.1916	6.49587	0.74961	1.41124	1.07499	3.01227	2.2627	3.85499	5.40043	1.27646	3.76443	2.46771	11.43788	7.61937	4.81627	2.81112	1.37926	4.8056	3.93884	3.17721	7.84824	6.14673	10.24593	0.96621	1.42753	1.91608
CE4	NA	NA	NA	NA	NA	NA	NA	NA	NA	NA	NA	NA	NA	NA	NA	NA	NA	NA	NA	NA	NA	NA	NA	NA	NA	NA	NA	NA	NA	NA	NA	NA	NA	NA	NA	NA	NA	NA	NA	NA	NA	NA	NA	NA	NA	NA	NA	NA	NA	NA	NA	NA	NA	NA	NA	NA	790.09484	1117.20188	904.93726	1032.45069	1124.21652	1118.27307	896.79721	905.25559	916.43074	868.6371	914.7307	1097.19897	803.98547	920.73229	1097.77504	945.42403	885.55345	818.67154	768.27911	809.40475	1011.00736	1000.18977	971.38024	826.18422	933.72589	943.40708	984.86639	661.78487	886.33291	964.43322	1061.98376	818.12804	1072.74346	842.31039	877.37961	962.00535	881.47151	820.96964	899.48999	1131.63518	1041.12592	1050.27301	1038.9615	870.88568	976.12207	780.86245	720.69486	994.18276	883.99662	964.27099	968.17491	1030.53629	954.68249	973.3589	760.97916	1008.21738	1032.41372	928.51731
CE5	NA	NA	NA	NA	NA	NA	NA	NA	NA	NA	NA	NA	NA	NA	NA	NA	NA	NA	NA	NA	NA	NA	NA	NA	NA	NA	NA	NA	NA	NA	NA	NA	NA	NA	NA	NA	NA	NA	NA	NA	NA	NA	NA	NA	NA	NA	NA	NA	NA	NA	NA	NA	NA	NA	NA	NA	NA	NA	NA	NA	NA	NA	NA	NA	NA	NA	NA	NA	NA	NA	NA	NA	NA	NA	NA	NA	NA	NA	NA	NA	NA	NA	NA	NA	NA	NA	NA	0.24695	NA	NA	NA	NA	NA	NA	NA	NA	NA	NA	NA	NA	NA	NA	NA	NA	NA	NA	NA	NA	NA	NA	NA	NA	NA	NA
CE6	NA	NA	NA	NA	NA	NA	NA	NA	NA	NA	NA	NA	NA	NA	NA	NA	NA	NA	NA	NA	NA	NA	NA	NA	NA	NA	NA	NA	NA	NA	NA	NA	NA	NA	NA	NA	NA	NA	NA	NA	NA	NA	NA	NA	NA	NA	NA	NA	NA	NA	NA	NA	NA	NA	NA	NA	51.29719	4.31989	19.55174	46.2476	13.65706	19.44416	20.424	114.26003	20.55229	14.54817	23.78198	7.62656	16.18053	38.35757	36.16632	72.6906	93.07496	67.37373	30.7901	31.95421	50.33223	15.82548	13.42807	23.73731	131.22589	33.7142	38.80557	247.66985	13.17574	10.64762	50.66292	14.98444	10.30335	129.61243	102.65359	19.38634	48.11714	163.14411	3.07963	15.27456	55.0771	71.56376	16.80566	17.00652	24.36367	150.55429	111.23654	17.1184	9.4933	24.83795	78.28989	26.58324	40.96723	17.96974	112.13307	24.65257	13.59502	11.53835
CE7	NA	NA	NA	NA	NA	NA	NA	NA	NA	NA	NA	NA	NA	NA	NA	NA	NA	NA	NA	NA	NA	NA	NA	NA	NA	NA	NA	NA	NA	NA	NA	NA	NA	NA	NA	NA	NA	NA	NA	NA	NA	NA	NA	NA	NA	NA	NA	NA	NA	NA	NA	NA	NA	NA	NA	NA	110.11823	24.39564	86.30755	84.33682	90.86734	30.85036	32.37765	85.47964	150.4225	68.4126	67.82163	77.86463	57.74136	60.97744	88.5319	86.32422	179.49184	95.94179	151.23281	51.64438	145.24304	33.19585	48.68958	40.65855	85.41726	118.86849	51.45875	333.55415	54.68533	85.91888	84.12238	56.70815	34.29244	154.05785	71.71367	72.55236	146.97691	209.07321	39.13698	83.70331	84.24229	96.72621	47.12116	76.45557	43.18758	273.80091	78.43104	42.91986	31.11747	58.95213	115.48418	42.94825	130.25558	35.24627	238.39476	33.55921	60.47017	28.14664
CE8	NA	NA	NA	NA	NA	NA	NA	NA	NA	NA	NA	NA	NA	NA	NA	NA	NA	NA	NA	NA	NA	NA	NA	NA	NA	NA	NA	NA	NA	NA	NA	NA	NA	NA	NA	NA	NA	NA	NA	NA	NA	NA	NA	NA	NA	NA	NA	NA	NA	NA	NA	NA	NA	NA	NA	NA	346.87287	117.15882	118.04534	238.73306	327.93751	190.73895	128.5194	288.48923	256.61232	148.24649	275.95913	282.30315	143.33633	132.42518	367.34706	569.57977	318.12235	292.4948	321.84553	119.65499	170.56839	142.14499	144.03034	159.06312	198.62284	370.3039	238.74454	558.2652	112.49785	111.71968	267.96738	171.37093	108.84152	474.75623	139.4901	237.43705	244.01422	412.37493	148.74439	151.52717	208.35963	216.92369	148.87789	182.75443	201.32152	418.48513	315.53239	102.70897	79.31096	154.30864	209.28089	194.11804	470.78491	169.90744	348.07573	100.08667	160.63309	82.34293
CE9	NA	NA	NA	NA	NA	NA	NA	NA	NA	NA	NA	NA	NA	NA	NA	NA	NA	NA	NA	NA	NA	NA	NA	NA	NA	NA	NA	NA	NA	NA	NA	NA	NA	NA	NA	NA	NA	NA	NA	NA	NA	NA	NA	NA	NA	NA	NA	NA	NA	NA	NA	NA	NA	NA	NA	NA	605.48065	592.11	489.38016	570.29943	583.05517	510.82011	543.6288	701.0011	640.96792	656.86279	666.73204	535.61133	465.02494	460.62347	553.65144	434.80892	483.05562	779.27519	640.02336	650.36781	506.98325	480.27407	549.27522	435.51667	566.10031	613.94625	519.67545	386.69758	446.91627	486.4353	534.54186	488.50039	535.5699	559.45926	610.87616	592.55757	487.45789	433.4676	449.60994	507.79168	672.06737	512.61491	449.10429	595.88523	551.7182	521.52116	500.23762	437.58091	424.06387	609.48285	475.10454	460.17824	646.38343	587.55253	423.87692	627.822	507.07431	455.27333
GH1	NA	NA	NA	NA	NA	NA	NA	NA	NA	NA	NA	NA	NA	NA	NA	NA	NA	NA	NA	NA	NA	NA	NA	NA	NA	NA	NA	NA	NA	NA	NA	NA	NA	NA	NA	NA	NA	NA	NA	NA	NA	NA	NA	NA	NA	NA	NA	NA	NA	NA	NA	NA	NA	NA	NA	NA	400.99788	384.70779	268.95212	397.28091	257.84777	358.22808	300.79792	432.55642	400.61924	420.95477	413.87592	325.88825	267.43837	249.41493	259.76443	265.75709	290.52679	539.26048	447.7793	647.19797	302.54634	409.38097	369.58338	411.5143	335.79245	335.51218	496.21147	305.83209	285.20604	231.51363	311.27467	399.52246	328.60476	377.38629	341.75645	288.67167	310.83615	415.17403	330.16363	296.033	496.05992	193.56957	288.4742	244.57952	545.98654	381.15318	281.56223	186.56607	349.06863	427.93972	152.63642	335.07048	291.81501	683.20818	328.01114	388.85354	169.58352	253.89112
GH10	NA	NA	NA	NA	NA	NA	NA	NA	NA	NA	NA	NA	NA	NA	NA	NA	NA	NA	NA	NA	NA	NA	NA	NA	NA	NA	NA	NA	NA	NA	NA	NA	NA	NA	NA	NA	NA	NA	NA	NA	NA	NA	NA	NA	NA	NA	NA	NA	NA	NA	NA	NA	NA	NA	NA	NA	127.69686	107.19305	62.87513	133.3364	94.95725	81.57576	51.81057	212.37453	130.0556	77.85268	117.58515	78.17981	57.90977	113.07119	131.01269	332.79909	300.74601	130.02904	133.80845	59.20089	132.71249	83.32553	95.37692	74.2345	189.80099	258.18627	136.78647	583.7293	86.13967	64.77609	170.85263	77.26269	89.24896	318.18463	140.66948	162.65221	149.94416	383.67308	81.3672	102.04149	112.71966	237.06072	160.05918	82.55477	116.08292	425.53107	367.00587	80.1449	92.67	83.81999	212.57156	184.14684	204.37469	111.60237	345.77147	71.43165	122.37697	172.54925
GH101	NA	NA	NA	NA	NA	NA	NA	NA	NA	NA	NA	NA	NA	NA	NA	NA	NA	NA	NA	NA	NA	NA	NA	NA	NA	NA	NA	NA	NA	NA	NA	NA	NA	NA	NA	NA	NA	NA	NA	NA	NA	NA	NA	NA	NA	NA	NA	NA	NA	NA	NA	NA	NA	NA	NA	NA	9.72605	5.73872	8.67056	3.2358	3.60935	5.65485	11.23449	17.75649	13.63172	3.11287	6.45816	8.14221	12.32418	2.64067	3.86707	1.3071	6.70192	14.22393	9.24154	7.86468	1.74604	1.81065	8.04521	6.53412	1.96744	3.81052	18.80033	3.28851	2.3483	9.70971	1.95147	4.39561	7.72618	2.54562	5.38157	4.99385	6.05615	2.60134	8.97289	4.03096	13.27146	4.93398	3.71898	37.39594	16.78279	11.34671	0.94536	4.03469	16.26254	3.16939	2.98923	3.09712	9.75382	9.08959	9.0697	0.98236	9.39878	6.00643
GH102	NA	NA	NA	NA	NA	NA	NA	NA	NA	NA	NA	NA	NA	NA	NA	NA	NA	NA	NA	NA	NA	NA	NA	NA	NA	NA	NA	NA	NA	NA	NA	NA	NA	NA	NA	NA	NA	NA	NA	NA	NA	NA	NA	NA	NA	NA	NA	NA	NA	NA	NA	NA	NA	NA	NA	NA	3.31016	4.93562	6.29638	10.97338	9.86967	19.19439	12.39405	8.7048	25.08503	13.48293	1.78944	8.26272	2.35216	0.65551	14.66606	22.42595	10.17228	33.25301	9.97108	6.99106	8.90055	3.72061	4.82209	18.13444	1.15788	3.4917	6.91027	8.54325	NA	3.59555	2.37285	9.8575	1.66802	9.27517	1.87739	8.53081	3.51909	20.19517	6.43305	12.89932	3.02199	4.82806	14.86879	10.93225	8.17394	8.0137	10.28751	3.52918	6.27251	1.0553	5.872	16.63167	11.55642	6.57581	6.46143	4.56236	4.22797	2.5538
GH103	NA	NA	NA	NA	NA	NA	NA	NA	NA	NA	NA	NA	NA	NA	NA	NA	NA	NA	NA	NA	NA	NA	NA	NA	NA	NA	NA	NA	NA	NA	NA	NA	NA	NA	NA	NA	NA	NA	NA	NA	NA	NA	NA	NA	NA	NA	NA	NA	NA	NA	NA	NA	NA	NA	NA	NA	2.16875	1.70505	3.87232	0.80424	2.54706	16.41764	2.59835	1.2496	0.4311	1.23418	1.51273	6.66338	3.56997	0.33325	1.46147	2.31129	0.61098	1.66683	NA	0.23223	0.65401	1.31225	1.99764	4.96249	1.54632	1.01446	2.10962	3.38331	2.49234	2.3302	1.36467	3.19465	1.91283	9.47459	NA	1.1863	NA	1.76049	1.44925	5.27251	0.31104	0.74469	1.4753	0.36903	2.49767	0.9073	16.77681	1.48178	7.06137	0.77941	1.00164	9.53097	1.80268	3.13319	1.44641	1.00922	4.41578	0.90683
GH104	NA	NA	NA	NA	NA	NA	NA	NA	NA	NA	NA	NA	NA	NA	NA	NA	NA	NA	NA	NA	NA	NA	NA	NA	NA	NA	NA	NA	NA	NA	NA	NA	NA	NA	NA	NA	NA	NA	NA	NA	NA	NA	NA	NA	NA	NA	NA	NA	NA	NA	NA	NA	NA	NA	NA	NA	0.50251	NA	0.89849	NA	NA	20.922	NA	NA	NA	NA	NA	NA	NA	NA	NA	8.55005	NA	NA	NA	NA	NA	NA	0.20848	NA	NA	NA	NA	0.63568	NA	NA	0.89313	NA	NA	0.68018	NA	NA	NA	NA	NA	NA	NA	NA	NA	NA	0.9797	0.39604	NA	NA	2.98697	NA	NA	NA	NA	NA	NA	NA	1.65278	NA
GH105	NA	NA	NA	NA	NA	NA	NA	NA	NA	NA	NA	NA	NA	NA	NA	NA	NA	NA	NA	NA	NA	NA	NA	NA	NA	NA	NA	NA	NA	NA	NA	NA	NA	NA	NA	NA	NA	NA	NA	NA	NA	NA	NA	NA	NA	NA	NA	NA	NA	NA	NA	NA	NA	NA	NA	NA	634.44903	218.69609	383.12972	469.06732	424.95681	280.1955	208.20281	310.25171	520.805	272.46762	427.72534	379.9305	331.36053	203.43317	479.43528	1318.4965	425.52785	357.85164	648.10315	245.63392	153.8736	176.90514	295.58715	213.52227	345.29269	539.61022	351.90045	1108.62157	240.18865	195.64212	202.40677	224.27335	230.63645	459.25777	267.76591	389.58319	305.8257	778.04692	249.30317	239.21572	236.41481	460.67588	251.35123	391.68132	312.86671	534.83122	392.84062	211.81674	249.16567	243.25391	471.67525	232.24018	670.23828	314.66743	456.09783	146.62579	367.82896	192.22782
GH106	NA	NA	NA	NA	NA	NA	NA	NA	NA	NA	NA	NA	NA	NA	NA	NA	NA	NA	NA	NA	NA	NA	NA	NA	NA	NA	NA	NA	NA	NA	NA	NA	NA	NA	NA	NA	NA	NA	NA	NA	NA	NA	NA	NA	NA	NA	NA	NA	NA	NA	NA	NA	NA	NA	NA	NA	475.71096	142.9428	235.20281	290.19864	414.79151	200.29166	184.10292	195.06151	376.0036	193.30621	323.47	404.51324	241.50977	394.30751	416.95421	253.64848	468.07296	208.92344	387.1517	113.83539	376.79286	157.45539	241.1512	218.31363	205.69165	364.19924	279.85481	748.49711	276.28204	187.36911	250.27002	142.82459	198.5165	373.82464	209.28084	360.7998	343.7579	559.68802	234.85408	215.86273	191.70963	217.25762	145.33622	383.34764	271.6364	510.24578	131.47689	176.8231	144.64093	183.96336	231.44689	161.5824	472.30791	415.82282	420.05892	126.7994	296.53099	145.4136
GH108	NA	NA	NA	NA	NA	NA	NA	NA	NA	NA	NA	NA	NA	NA	NA	NA	NA	NA	NA	NA	NA	NA	NA	NA	NA	NA	NA	NA	NA	NA	NA	NA	NA	NA	NA	NA	NA	NA	NA	NA	NA	NA	NA	NA	NA	NA	NA	NA	NA	NA	NA	NA	NA	NA	NA	NA	NA	4.03074	9.0439	10.98321	24.41538	8.02066	11.58586	6.73857	38.64436	14.24021	0.5362	32.79334	7.03532	19.30354	29.46885	4.48515	24.27886	21.5346	38.12035	14.36327	6.46759	31.26496	9.63157	4.8536	1.48229	20.23364	49.80884	104.07437	92.98426	34.61266	7.28414	45.39585	9.59193	7.01868	NA	12.94037	56.36961	80.82204	33.86605	32.72459	8.43345	16.96548	24.10692	214.17894	32.35209	35.92548	1.05377	13.87638	11.87031	8.23523	25.42726	22.84226	71.26033	16.84997	42.0324	2.44082	14.65603	7.22412
GH109	NA	NA	NA	NA	NA	NA	NA	NA	NA	NA	NA	NA	NA	NA	NA	NA	NA	NA	NA	NA	NA	NA	NA	NA	NA	NA	NA	NA	NA	NA	NA	NA	NA	NA	NA	NA	NA	NA	NA	NA	NA	NA	NA	NA	NA	NA	NA	NA	NA	NA	NA	NA	NA	NA	NA	NA	197.55222	64.28505	337.6876	94.23089	181.90654	75.20727	108.304	182.28136	242.53167	122.4491	119.12372	200.30104	312.20412	124.32053	196.88612	117.35016	103.96239	177.02683	283.48643	89.35014	123.11731	102.87526	113.61328	107.57791	179.94877	148.48905	105.63545	79.86217	220.90605	202.56952	79.80947	126.66027	109.29765	99.44169	187.87216	170.49328	99.24122	99.14559	131.87201	145.40008	64.32403	209.61412	98.84237	391.06581	108.26836	80.49309	91.49995	100.90612	83.69898	54.13459	261.54396	84.85007	353.84717	103.9985	115.20282	69.53789	299.38249	89.26523
GH11	NA	NA	NA	NA	NA	NA	NA	NA	NA	NA	NA	NA	NA	NA	NA	NA	NA	NA	NA	NA	NA	NA	NA	NA	NA	NA	NA	NA	NA	NA	NA	NA	NA	NA	NA	NA	NA	NA	NA	NA	NA	NA	NA	NA	NA	NA	NA	NA	NA	NA	NA	NA	NA	NA	NA	NA	NA	1.76336	NA	NA	3.19388	2.5249	NA	0.42862	NA	NA	NA	NA	NA	0.45984	0.64875	2.42113	0.9812	NA	NA	NA	1.12054	0.22499	2.77786	6.53947	0.35546	16.81708	0.96446	1.52832	NA	0.2305	1.04097	NA	5.40047	3.18836	NA	4.45492	NA	1.72562	0.34368	1.97436	2.85214	8.92959	2.0223	0.9987	0.83064	1.27584	3.79579	0.83347	7.40728	1.91424	3.60386	3.04299	0.98886	NA	NA	1.315	0.24988	9.53479
GH110	NA	NA	NA	NA	NA	NA	NA	NA	NA	NA	NA	NA	NA	NA	NA	NA	NA	NA	NA	NA	NA	NA	NA	NA	NA	NA	NA	NA	NA	NA	NA	NA	NA	NA	NA	NA	NA	NA	NA	NA	NA	NA	NA	NA	NA	NA	NA	NA	NA	NA	NA	NA	NA	NA	NA	NA	62.61657	73.82392	228.86823	72.22814	119.95235	69.92293	121.72966	52.72372	136.93953	73.48985	75.67886	117.70563	210.45249	135.53748	120.97358	114.63471	73.50563	50.11971	138.93459	62.92379	165.20412	55.73954	104.13596	97.21626	22.57083	93.07113	78.7049	56.97922	104.50739	121.08304	50.4547	56.93997	83.23138	70.17142	50.45897	140.4315	77.08981	74.77843	78.75089	76.09544	56.1197	90.34174	42.88403	227.23979	67.86376	70.6813	110.4468	68.98521	100.46507	68.78857	112.17338	40.62962	174.68044	83.82758	85.08222	119.22239	199.4605	108.98479
GH111	NA	NA	NA	NA	NA	NA	NA	NA	NA	NA	NA	NA	NA	NA	NA	NA	NA	NA	NA	NA	NA	NA	NA	NA	NA	NA	NA	NA	NA	NA	NA	NA	NA	NA	NA	NA	NA	NA	NA	NA	NA	NA	NA	NA	NA	NA	NA	NA	NA	NA	NA	NA	NA	NA	NA	NA	NA	NA	NA	NA	0.06203	NA	0.20183	NA	NA	NA	NA	NA	NA	0.08738	0.06139	NA	1.8511	0.09375	NA	0.07763	NA	0.35141	NA	NA	NA	NA	NA	0.12531	NA	1.13108	0.07458	0.30244	NA	NA	NA	NA	NA	0.11054	0.19447	1.0743	NA	NA	0.34386	2.32992	NA	NA	NA	0.04502	NA	NA	NA	NA	0.45257	NA	NA	0.09325	NA	0.08547
GH112	NA	NA	NA	NA	NA	NA	NA	NA	NA	NA	NA	NA	NA	NA	NA	NA	NA	NA	NA	NA	NA	NA	NA	NA	NA	NA	NA	NA	NA	NA	NA	NA	NA	NA	NA	NA	NA	NA	NA	NA	NA	NA	NA	NA	NA	NA	NA	NA	NA	NA	NA	NA	NA	NA	NA	NA	155.17022	189.09606	142.99376	188.40516	189.97766	102.06541	153.38741	140.43988	201.31277	228.73053	182.66062	99.1273	130.84683	90.82256	146.32511	109.88204	126.28775	211.06152	168.55947	181.12913	75.01317	167.33638	132.01946	178.0604	170.52103	209.91256	207.20632	105.05415	112.84759	105.31335	124.46607	143.23296	123.79248	196.66198	171.84068	169.05076	128.73365	182.0095	132.24918	129.20595	169.84008	101.70412	165.03022	103.27889	221.02215	217.3124	121.49096	122.25402	118.65942	166.80915	91.62265	189.24032	162.72005	207.56277	179.29913	137.45196	150.48009	113.67684
GH113	NA	NA	NA	NA	NA	NA	NA	NA	NA	NA	NA	NA	NA	NA	NA	NA	NA	NA	NA	NA	NA	NA	NA	NA	NA	NA	NA	NA	NA	NA	NA	NA	NA	NA	NA	NA	NA	NA	NA	NA	NA	NA	NA	NA	NA	NA	NA	NA	NA	NA	NA	NA	NA	NA	NA	NA	52.79414	36.67248	54.06158	35.8477	92.3523	53.92161	6.30728	28.55853	53.08698	68.25473	41.71044	28.67274	25.68724	10.76499	88.36623	50.23986	29.25471	52.1717	91.06315	61.23614	31.43407	20.20298	51.93933	40.68819	87.62327	44.00057	68.54289	30.41612	49.03941	19.78449	56.37705	29.41366	34.62757	37.62388	46.6371	31.43748	33.13688	52.79353	57.2025	44.65673	36.3532	57.06611	33.76644	62.88514	70.47022	33.60668	18.80981	12.13072	5.14959	39.99546	56.07223	35.08704	129.80966	46.46992	21.90959	23.28651	19.81993	5.41142
GH115	NA	NA	NA	NA	NA	NA	NA	NA	NA	NA	NA	NA	NA	NA	NA	NA	NA	NA	NA	NA	NA	NA	NA	NA	NA	NA	NA	NA	NA	NA	NA	NA	NA	NA	NA	NA	NA	NA	NA	NA	NA	NA	NA	NA	NA	NA	NA	NA	NA	NA	NA	NA	NA	NA	NA	NA	419.68679	175.91639	250.88469	258.37297	305.61152	129.60652	124.1322	280.86559	333.97023	190.15937	296.81332	291.18943	208.77361	144.39178	389.37657	289.34415	390.04523	291.1928	337.69997	98.45939	157.08602	155.62105	278.06392	161.64916	433.20544	300.79849	250.78341	658.26115	297.33949	76.94285	160.04745	173.67218	179.31735	284.20229	358.85625	242.44614	364.50886	521.76745	299.00491	99.98945	186.30822	383.18477	178.03904	326.80482	257.35024	535.6276	231.997	83.54777	250.79769	131.31563	397.1729	158.30794	558.56359	188.1118	397.76833	123.57036	170.02555	194.54292
GH116	NA	NA	NA	NA	NA	NA	NA	NA	NA	NA	NA	NA	NA	NA	NA	NA	NA	NA	NA	NA	NA	NA	NA	NA	NA	NA	NA	NA	NA	NA	NA	NA	NA	NA	NA	NA	NA	NA	NA	NA	NA	NA	NA	NA	NA	NA	NA	NA	NA	NA	NA	NA	NA	NA	NA	NA	10.67348	11.90963	20.76507	17.42219	105.83516	25.05351	18.98095	18.7978	63.98426	31.21629	7.23276	20.83698	33.16827	17.93808	93.39544	18.26617	43.74287	17.04879	63.01423	35.24255	19.30553	16.00607	26.6516	34.5424	48.07077	40.75757	39.80423	12.01385	46.19441	74.68398	15.62557	13.97994	14.03236	42.56771	60.19597	32.15495	23.74295	16.92312	34.70481	64.92157	10.00347	27.31965	20.63017	37.08	18.94924	59.53843	7.20894	32.88117	24.14358	16.4103	43.72593	16.54597	50.12769	18.69391	40.82581	13.76619	30.48401	19.81128
GH117	NA	NA	NA	NA	NA	NA	NA	NA	NA	NA	NA	NA	NA	NA	NA	NA	NA	NA	NA	NA	NA	NA	NA	NA	NA	NA	NA	NA	NA	NA	NA	NA	NA	NA	NA	NA	NA	NA	NA	NA	NA	NA	NA	NA	NA	NA	NA	NA	NA	NA	NA	NA	NA	NA	NA	NA	12.34492	6.52509	18.44863	6.90327	11.8482	4.36111	2.36766	39.64578	33.08179	34.221	14.81164	16.2197	22.4592	4.00321	15.35502	4.34157	5.76027	50.89506	36.93978	27.05995	10.79573	2.25489	6.43402	1.98557	25.40946	12.19102	13.21732	3.26815	21.44652	15.02719	5.21563	3.11335	5.53494	4.56979	22.04997	9.82046	12.48042	5.17594	16.4231	16.47326	2.33659	2.43215	8.02289	19.00084	13.01249	17.71558	1.48175	5.38024	5.6407	8.47219	1.4978	8.47433	25.40111	9.12866	19.09641	6.15575	8.9069	2.06666
GH120	NA	NA	NA	NA	NA	NA	NA	NA	NA	NA	NA	NA	NA	NA	NA	NA	NA	NA	NA	NA	NA	NA	NA	NA	NA	NA	NA	NA	NA	NA	NA	NA	NA	NA	NA	NA	NA	NA	NA	NA	NA	NA	NA	NA	NA	NA	NA	NA	NA	NA	NA	NA	NA	NA	NA	NA	31.65121	119.03897	15.37	64.04045	25.03447	46.89735	67.29347	42.00519	76.80945	52.3534	46.24079	46.60948	47.23476	63.15826	65.22408	16.85926	37.95799	44.90198	36.29395	48.34402	37.07448	74.34869	60.90852	98.45966	128.16811	61.80552	61.51786	25.96233	26.12663	46.00263	49.33471	77.9987	37.80235	77.0605	128.9263	52.61997	67.96203	52.99778	76.47599	60.87647	38.95791	45.97718	68.57475	128.04757	56.04213	21.17354	16.83892	74.88069	45.70702	71.98409	31.59463	70.32007	48.75366	68.03334	26.30776	49.48489	115.20031	53.39646
GH121	NA	NA	NA	NA	NA	NA	NA	NA	NA	NA	NA	NA	NA	NA	NA	NA	NA	NA	NA	NA	NA	NA	NA	NA	NA	NA	NA	NA	NA	NA	NA	NA	NA	NA	NA	NA	NA	NA	NA	NA	NA	NA	NA	NA	NA	NA	NA	NA	NA	NA	NA	NA	NA	NA	NA	NA	0.57738	1.82445	0.87554	0.75673	0.3875	0.53918	1.94014	1.59004	0.78872	1.35069	0.60901	2.10011	0.34827	2.29751	0.0581	0.38663	0.53576	20.82931	0.87042	2.60445	0.43726	1.20189	4.04082	3.08636	2.80252	0.72787	0.97673	1.48336	1.79362	10.59812	0.30333	1.66143	5.89221	0.44292	1.33979	3.60255	0.14745	1.31118	0.19485	3.7119	1.40768	0.09368	0.93076	0.92795	1.56616	NA	0.62604	16.57171	0.08429	1.51905	0.15371	0.35324	0.64466	1.68587	0.08026	1.76537	9.48564	0.6972
GH123	NA	NA	NA	NA	NA	NA	NA	NA	NA	NA	NA	NA	NA	NA	NA	NA	NA	NA	NA	NA	NA	NA	NA	NA	NA	NA	NA	NA	NA	NA	NA	NA	NA	NA	NA	NA	NA	NA	NA	NA	NA	NA	NA	NA	NA	NA	NA	NA	NA	NA	NA	NA	NA	NA	NA	NA	84.20056	72.12255	143.41254	46.51185	63.43177	36.37831	38.05724	34.57539	82.92627	77.69205	57.51713	79.60705	149.45386	55.51901	65.78762	21.42901	34.89685	34.39536	88.58024	60.41755	40.88968	41.51602	57.78673	37.58509	27.33128	42.88899	43.76815	26.88809	83.29521	67.72982	27.98298	39.98979	53.24525	30.89163	39.54946	44.0856	41.46586	39.57119	54.8319	44.61588	42.12466	72.04919	27.48602	129.17277	45.79138	46.01286	31.837	33.12439	66.56054	40.31172	98.41089	30.58859	88.3498	54.93234	45.59378	82.07815	111.13004	67.90919
GH125	NA	NA	NA	NA	NA	NA	NA	NA	NA	NA	NA	NA	NA	NA	NA	NA	NA	NA	NA	NA	NA	NA	NA	NA	NA	NA	NA	NA	NA	NA	NA	NA	NA	NA	NA	NA	NA	NA	NA	NA	NA	NA	NA	NA	NA	NA	NA	NA	NA	NA	NA	NA	NA	NA	NA	NA	147.98765	59.43688	134.37297	134.08052	124.20628	80.60012	102.06666	67.54726	358.95534	191.96196	104.08009	63.12674	125.9235	88.17587	148.46871	149.86779	193.20595	89.63303	275.39299	141.78829	94.12353	88.7599	98.21002	67.52831	286.14591	151.51799	157.93672	342.95011	232.06738	190.87061	64.95496	129.09149	77.71274	85.71045	267.25049	143.82653	124.59663	232.19722	112.57751	173.05645	88.13535	155.86388	80.88742	114.07143	158.76887	281.79816	173.37836	82.47903	90.89406	82.48117	219.51357	48.30288	152.7919	142.84741	226.90208	92.84612	66.64706	74.90448
GH126	NA	NA	NA	NA	NA	NA	NA	NA	NA	NA	NA	NA	NA	NA	NA	NA	NA	NA	NA	NA	NA	NA	NA	NA	NA	NA	NA	NA	NA	NA	NA	NA	NA	NA	NA	NA	NA	NA	NA	NA	NA	NA	NA	NA	NA	NA	NA	NA	NA	NA	NA	NA	NA	NA	NA	NA	0.28904	11.76129	0.11556	5.93335	3.0394	1.96026	1.69878	2.86568	6.40393	NA	NA	3.33606	5.47847	4.38742	3.14595	1.1301	2.62777	NA	1.84232	NA	NA	4.68277	3.53143	5.08943	1.65831	8.92923	5.19681	0.54037	1.55771	2.25982	0.24791	3.4005	7.02368	NA	6.42062	8.17453	2.13546	0.25974	1.41561	5.69237	2.01382	0.29373	5.11215	4.28374	5.44173	NA	1.38775	15.72942	NA	10.11799	0.61151	0.3771	1.89597	12.65845	NA	1.05633	25.00103	0.91147
GH127	NA	NA	NA	NA	NA	NA	NA	NA	NA	NA	NA	NA	NA	NA	NA	NA	NA	NA	NA	NA	NA	NA	NA	NA	NA	NA	NA	NA	NA	NA	NA	NA	NA	NA	NA	NA	NA	NA	NA	NA	NA	NA	NA	NA	NA	NA	NA	NA	NA	NA	NA	NA	NA	NA	NA	NA	247.12432	126.98208	193.95182	272.14299	185.78169	144.26213	109.28918	109.59603	294.61745	225.16133	249.42335	172.62378	209.53666	260.48601	222.85117	155.6969	298.57243	162.63966	291.67124	162.84695	168.76982	169.16287	184.99385	148.6283	189.86091	201.59245	190.54518	545.50364	167.18245	132.73751	178.48997	159.21093	193.27752	301.28044	194.52199	155.6834	338.48933	378.47631	190.02332	148.228	185.84107	203.59866	145.05541	207.7831	190.61173	442.89719	213.10064	107.77727	128.44473	147.25475	170.63101	143.53214	278.50379	182.13195	355.44101	100.63577	164.89114	116.41752
GH128	NA	NA	NA	NA	NA	NA	NA	NA	NA	NA	NA	NA	NA	NA	NA	NA	NA	NA	NA	NA	NA	NA	NA	NA	NA	NA	NA	NA	NA	NA	NA	NA	NA	NA	NA	NA	NA	NA	NA	NA	NA	NA	NA	NA	NA	NA	NA	NA	NA	NA	NA	NA	NA	NA	NA	NA	6.69279	2.62711	NA	4.20881	0.66571	2.86076	0.13487	1.22612	2.09685	3.72533	0.2192	4.8787	0.16032	1.7738	0.62896	1.22501	1.50971	NA	1.89686	3.72734	0.15828	8.76547	7.91387	24.50194	0.28791	0.57489	3.61623	0.54233	NA	2.4211	0.96483	13.84169	5.28454	11.87843	1.95664	2.05888	1.06437	3.48582	0.62308	5.36538	4.27664	1.0986	3.32701	NA	0.77719	0.55153	2.37784	0.48891	NA	3.18809	NA	0.96724	2.87998	3.03939	0.41289	1.79704	0.20148	0.32518
GH129	NA	NA	NA	NA	NA	NA	NA	NA	NA	NA	NA	NA	NA	NA	NA	NA	NA	NA	NA	NA	NA	NA	NA	NA	NA	NA	NA	NA	NA	NA	NA	NA	NA	NA	NA	NA	NA	NA	NA	NA	NA	NA	NA	NA	NA	NA	NA	NA	NA	NA	NA	NA	NA	NA	NA	NA	2.95808	13.7357	4.06563	7.3851	6.10031	8.65863	8.95449	5.05445	5.72932	10.05857	10.25358	4.71749	9.08297	4.34684	4.9175	3.27949	8.47799	9.20293	3.65506	8.64522	25.56551	6.1911	8.38866	11.96484	13.02344	8.61472	3.49911	4.08287	7.9209	9.12096	11.22956	4.02824	10.19264	5.48362	14.77908	6.93351	5.26106	5.50563	7.07585	6.61864	11.30795	9.22137	6.05631	13.87874	5.63588	3.00741	3.77238	5.29344	8.26098	14.16211	10.18842	4.85635	3.93403	6.15962	3.8726	13.37174	3.52646	11.68715
GH13	NA	NA	NA	NA	NA	NA	NA	NA	NA	NA	NA	NA	NA	NA	NA	NA	NA	NA	NA	NA	NA	NA	NA	NA	NA	NA	NA	NA	NA	NA	NA	NA	NA	NA	17.45321	NA	NA	NA	NA	NA	NA	NA	NA	NA	NA	NA	20.62945	NA	NA	41.0761	NA	NA	NA	NA	NA	NA	6990.51293	7939.42421	4179.00903	9634.1148	7106.97618	5585.9234	4562.13393	10132.02627	6906.52292	8827.25961	8001.25404	6430.51651	3643.54625	5223.11047	8498.95049	5978.91523	6469.85188	10716.61876	6412.62039	8327.10404	5242.79491	8984.67842	8276.51875	6013.85965	6928.5224	5747.20712	6675.31867	6385.40899	5715.26118	4722.05299	7298.47252	8044.08049	7402.88568	7113.8181	6400.80672	5381.09259	9063.58169	6952.80688	5740.36077	6447.44725	9438.51183	7711.68943	6465.85547	4371.80893	6661.83634	7644.96187	6911.60484	4613.84903	7378.01308	8233.71849	5409.67152	8102.08931	5667.85192	7142.05741	7305.27755	5107.5551	3906.75291	6544.19756
GH130	NA	NA	50.43753	11.20681	NA	85.63717	NA	NA	NA	NA	NA	23.01449	107.84136	NA	NA	48.24347	NA	NA	NA	NA	15.7796	NA	30.18482	NA	38.19325	NA	90.14603	NA	NA	NA	NA	NA	20.64153	44.20623	43.96232	NA	23.96767	NA	NA	46.6739	NA	66.62897	30.63671	NA	NA	NA	NA	NA	NA	34.48842	NA	NA	NA	NA	NA	93.54746	333.10619	273.21014	228.59651	338.54203	410.34247	219.30683	205.12941	189.20436	362.43047	359.00597	278.67505	227.05836	198.56436	262.97317	389.57112	211.42205	405.9681	217.68763	454.48128	294.63678	316.12137	293.43747	324.75947	262.21993	436.42241	433.33099	329.09667	565.61167	335.81811	258.75814	264.6553	330.9629	296.57296	308.33305	286.94948	363.13515	296.70691	458.47615	294.63482	330.55074	271.8963	309.59251	319.97344	329.84944	313.92104	434.47165	251.87851	195.56652	400.04772	298.38094	307.40782	294.80557	426.76311	259.59303	386.5989	162.44614	197.73445	273.50588
GH133	NA	NA	NA	NA	NA	NA	NA	NA	NA	NA	NA	NA	NA	NA	NA	NA	NA	NA	NA	NA	NA	NA	NA	NA	NA	NA	NA	NA	NA	NA	NA	NA	NA	NA	NA	NA	NA	NA	NA	NA	NA	NA	NA	NA	NA	NA	NA	NA	NA	NA	NA	NA	NA	NA	NA	NA	114.8269	44.87839	57.63254	82.79223	84.06183	68.01933	51.13771	171.34257	106.09464	168.85816	148.43521	64.61365	57.0683	57.57076	130.75453	123.973	128.73632	143.65026	117.99704	127.10443	70.54528	66.79725	75.02224	78.7988	106.34674	103.04323	58.13717	165.72359	67.27389	72.61009	93.96559	79.94629	68.93976	139.55323	97.07594	103.21544	162.30878	131.70152	78.63473	69.47521	107.52298	102.77661	45.87377	87.05662	55.72626	180.99118	162.98545	69.23821	46.9258	59.52666	81.39451	63.68347	105.17111	45.47955	165.98052	57.16333	66.96302	44.10331
GH136	NA	NA	NA	NA	NA	NA	NA	NA	NA	NA	NA	NA	NA	NA	NA	NA	NA	NA	NA	NA	NA	NA	NA	NA	NA	NA	NA	NA	NA	NA	NA	NA	NA	NA	NA	NA	NA	NA	NA	NA	NA	NA	NA	NA	NA	NA	NA	NA	NA	NA	NA	NA	NA	NA	NA	NA	38.65117	47.8257	42.19185	31.40606	71.36896	45.24513	52.18564	47.22201	70.20041	61.79969	41.35166	44.55145	39.89839	20.86652	58.88798	26.39453	37.41207	47.29683	69.16003	50.32272	46.10799	22.52331	37.65582	54.00536	48.56516	50.40463	34.25178	22.71425	40.12958	27.02114	34.69739	23.45298	44.28142	35.34756	43.61498	28.21246	78.28993	35.39987	35.31641	21.28889	39.64384	33.76311	29.41561	45.9144	28.84697	38.48116	12.4084	24.87065	13.31229	36.21053	24.13988	32.33837	68.36717	28.59385	37.06275	20.79644	29.06831	28.66749
GH137	NA	NA	NA	NA	NA	NA	NA	NA	NA	NA	NA	NA	NA	NA	NA	NA	NA	NA	NA	NA	NA	NA	NA	NA	NA	NA	NA	NA	NA	NA	NA	NA	NA	NA	NA	NA	NA	NA	NA	NA	NA	NA	NA	NA	NA	NA	NA	NA	NA	NA	NA	NA	NA	NA	NA	NA	40.48665	5.92833	21.85351	15.22144	28.1214	10.90473	11.75081	26.08052	30.85429	13.47645	31.90087	34.14224	16.43948	13.10042	30.11469	43.83653	86.74968	26.09185	45.2556	3.72038	20.86826	4.23377	23.19922	10.71167	49.23854	21.74566	13.6126	158.47482	27.06701	7.37031	23.89431	9.42099	13.49	67.53094	31.7192	12.35406	64.447	103.08241	28.22919	9.17352	13.9606	11.21945	7.21248	32.64361	9.90494	86.82819	5.8554	10.64364	14.39305	7.96804	11.09912	11.54954	46.83624	8.77413	74.93314	3.76506	22.48785	14.80364
GH138	NA	NA	NA	NA	NA	NA	NA	NA	NA	NA	NA	NA	NA	NA	NA	NA	NA	NA	NA	NA	NA	NA	NA	NA	NA	NA	NA	NA	NA	NA	NA	NA	NA	NA	NA	NA	NA	NA	NA	NA	NA	NA	NA	NA	NA	NA	NA	NA	NA	NA	NA	NA	NA	NA	NA	NA	75.7983	9.03147	30.74727	31.77317	43.33034	31.76116	14.08663	20.09016	65.50316	19.47374	50.45315	41.48387	28.3929	11.0444	73.3842	204.93344	104.32574	30.25305	74.46474	7.91224	30.1416	10.16663	25.5005	18.85628	110.98644	43.83023	25.13386	283.7904	15.6953	10.31502	40.94677	14.66564	25.94581	111.9625	79.21441	15.86045	74.05628	186.08596	32.80071	18.20516	22.79894	15.66915	14.05623	49.48261	17.59801	106.47582	14.42743	11.34678	17.80844	9.85814	21.73996	16.49349	81.59549	14.77281	75.5696	10.59656	35.83702	20.10423
GH139	NA	NA	NA	NA	NA	NA	NA	NA	NA	NA	NA	NA	NA	NA	NA	NA	NA	NA	NA	NA	NA	NA	NA	NA	NA	NA	NA	NA	NA	NA	NA	NA	NA	NA	NA	NA	NA	NA	NA	NA	NA	NA	NA	NA	NA	NA	NA	NA	NA	NA	NA	NA	NA	NA	NA	NA	48.86084	5.57532	15.66702	13.88752	25.48972	8.63172	8.45857	19.71686	34.74052	12.16902	38.10969	42.18929	15.93525	9.32583	33.02591	6.07596	17.50011	20.43886	41.2918	6.37991	3.76988	4.92284	15.98716	9.21754	37.12831	21.57538	13.09555	7.51225	11.32394	10.71548	1.57221	8.12129	10.22302	20.04471	23.81621	11.1304	17.73631	11.64823	20.7174	12.64974	5.75035	22.38539	15.78744	32.25356	9.39866	21.85124	5.17828	6.08833	15.47235	7.70823	16.54197	11.06599	55.71874	6.70998	27.96588	4.94503	19.55324	11.76322
GH13_10	NA	NA	NA	NA	NA	NA	NA	NA	NA	NA	NA	NA	NA	NA	NA	NA	NA	NA	NA	NA	NA	NA	NA	NA	NA	NA	NA	NA	NA	NA	NA	NA	NA	NA	NA	NA	NA	NA	NA	NA	NA	NA	NA	NA	NA	NA	NA	NA	NA	NA	NA	NA	NA	NA	NA	NA	NA	NA	0.32554	NA	NA	NA	NA	NA	NA	NA	NA	NA	NA	NA	NA	NA	NA	0.12505	NA	NA	NA	NA	NA	NA	NA	0.31061	NA	NA	NA	NA	NA	NA	NA	NA	NA	0.20848	NA	NA	NA	NA	NA	NA	0.23771	NA	NA	NA	NA	NA	NA	NA	NA	NA	NA	NA	NA	NA	NA	NA
GH13_11	NA	NA	NA	NA	NA	NA	NA	NA	NA	NA	NA	NA	NA	NA	NA	NA	NA	NA	NA	NA	NA	NA	NA	NA	NA	NA	NA	NA	NA	NA	NA	NA	NA	NA	NA	NA	NA	NA	NA	NA	NA	NA	NA	NA	NA	NA	NA	NA	NA	NA	NA	NA	NA	NA	NA	NA	82.31602	44.40261	10.88885	64.31286	27.60122	38.00258	16.25309	130.82098	65.65167	114.13409	85.25534	26.71805	14.69213	15.13808	55.91781	29.11348	44.11486	119.45294	37.52855	114.60556	11.93989	102.76766	48.48056	55.10194	55.13705	31.5245	57.19986	13.54024	23.07014	28.04546	29.05166	92.77234	39.58113	59.76206	53.91053	29.87261	105.99979	30.03956	17.02988	31.30162	97.33422	35.12709	63.28471	12.05927	54.9545	47.11561	56.11266	16.39733	15.2496	75.81014	26.69333	69.72457	26.08252	62.68468	41.21656	42.7714	7.33672	16.31153
GH13_12	NA	NA	NA	NA	NA	NA	NA	NA	NA	NA	NA	NA	NA	NA	NA	NA	NA	NA	NA	NA	NA	NA	NA	NA	NA	NA	NA	NA	NA	NA	NA	NA	NA	NA	NA	NA	NA	NA	NA	NA	NA	NA	NA	NA	NA	NA	NA	NA	NA	NA	NA	NA	NA	NA	NA	NA	0.32035	0.38003	NA	0.13099	0.58124	NA	NA	0.92958	0.29771	0.11085	NA	NA	NA	1.70956	0.72854	NA	0.37323	0.54857	NA	0.09694	NA	0.6141	NA	0.15912	NA	0.23599	0.10041	0.6572	NA	0.47083	0.18391	NA	NA	NA	0.72026	NA	NA	0.87144	NA	NA	1.40576	0.25385	NA	NA	0.86743	0.08783	0.6066	1.65021	NA	NA	0.06667	NA	NA	0.17422	0.49164	NA	NA	0.2361
GH13_13	NA	NA	NA	NA	NA	NA	NA	NA	NA	NA	NA	NA	NA	NA	NA	NA	NA	NA	NA	NA	NA	NA	NA	NA	NA	NA	NA	NA	NA	NA	NA	NA	NA	NA	NA	NA	NA	NA	NA	NA	NA	NA	NA	NA	NA	NA	NA	NA	NA	NA	NA	NA	NA	NA	NA	NA	NA	1.29225	NA	NA	NA	NA	NA	NA	NA	NA	NA	NA	NA	NA	NA	NA	NA	NA	NA	NA	NA	0.08509	NA	NA	NA	NA	NA	NA	NA	0.20944	NA	NA	NA	NA	NA	NA	NA	NA	NA	NA	0.14724	NA	NA	NA	NA	NA	NA	NA	NA	0.08386	NA	NA	NA	NA	NA	NA	NA	NA
GH13_14	NA	NA	NA	NA	NA	NA	NA	NA	NA	NA	NA	NA	NA	NA	NA	NA	NA	NA	NA	NA	NA	NA	NA	NA	NA	NA	NA	NA	NA	NA	NA	NA	NA	NA	NA	NA	NA	NA	NA	NA	NA	NA	NA	NA	NA	NA	NA	NA	NA	NA	NA	NA	NA	NA	NA	NA	150.15604	183.53049	48.03271	262.27672	112.03184	73.01656	60.95767	217.45604	132.41221	169.62798	146.88047	117.54808	36.77772	99.76707	141.63892	108.62638	136.3947	277.40168	125.02847	125.9211	69.0436	225.31903	198.19418	119.43462	147.05574	116.86656	106.15759	148.85782	133.01009	69.56693	126.38908	173.71677	155.52874	163.86149	132.34075	90.81137	244.40756	148.44283	98.22359	134.18977	199.28047	266.00708	114.59511	86.3984	106.02786	163.243	121.89665	94.85099	237.68802	202.957	148.08987	178.19638	120.95244	117.89013	186.99389	73.74606	42.58552	203.15135
GH13_16	NA	NA	NA	NA	NA	NA	NA	NA	NA	NA	NA	NA	NA	NA	NA	NA	NA	NA	NA	NA	NA	NA	NA	NA	NA	NA	NA	NA	NA	NA	NA	NA	NA	NA	NA	NA	NA	NA	NA	NA	NA	NA	NA	NA	NA	NA	NA	NA	NA	NA	NA	NA	NA	NA	NA	NA	NA	NA	0.29835	0.22153	NA	NA	NA	NA	NA	NA	NA	NA	NA	0.4232	NA	0.24517	NA	NA	NA	NA	NA	NA	NA	NA	NA	1.43247	0.18712	NA	NA	NA	NA	NA	NA	NA	NA	0.19722	NA	NA	0.12173	NA	NA	NA	0.18799	NA	NA	NA	NA	NA	NA	NA	NA	NA	NA	NA	NA	NA	0.25633	0.214
GH13_18	NA	NA	NA	NA	NA	NA	NA	NA	NA	NA	NA	NA	NA	NA	NA	NA	NA	NA	NA	NA	NA	NA	NA	NA	NA	NA	NA	NA	NA	NA	NA	NA	NA	NA	NA	NA	NA	NA	NA	NA	NA	NA	NA	NA	NA	NA	NA	NA	NA	NA	NA	NA	NA	NA	NA	NA	61.88542	39.85673	19.24126	75.75042	97.39667	25.76052	29.78867	123.29497	44.33034	80.67535	82.72278	14.6666	22.8166	43.83575	75.44516	21.41465	65.30115	79.31564	18.07065	68.9089	15.32641	82.0249	72.70721	72.19756	41.97705	35.39582	57.6591	15.50427	28.37036	26.78683	32.15902	74.56793	69.50424	36.40891	47.93521	34.40227	66.04443	35.2917	27.36171	19.71658	64.03844	28.19353	67.64703	19.32482	61.86279	56.79328	29.93217	13.09073	72.03478	38.47187	21.62827	48.2802	49.44809	54.08919	37.61103	21.54302	11.76891	31.66793
GH13_19	NA	NA	NA	NA	NA	NA	NA	NA	NA	NA	NA	NA	NA	NA	NA	NA	NA	NA	NA	NA	NA	NA	NA	NA	NA	NA	NA	NA	NA	NA	NA	NA	NA	NA	NA	NA	NA	NA	NA	NA	NA	NA	NA	NA	NA	NA	NA	NA	NA	NA	NA	NA	NA	NA	NA	NA	12.38999	98.41395	1.71034	148.71672	39.85143	26.67661	1.34017	42.68579	4.09648	8.8333	8.80274	28.17075	1.75181	18.9448	48.94209	10.88069	2.48578	132.32216	2.62141	1.9325	4.13584	55.64295	97.25722	19.41435	4.03658	5.2732	7.97941	2.1278	20.47763	8.20247	10.67467	33.59958	78.27306	20.7779	10.91041	7.81625	100.12089	9.08475	11.30271	29.11106	39.76345	117.5274	13.3878	2.88616	7.01766	11.62083	25.44582	49.9937	94.28821	70.87956	45.58678	59.33431	14.37891	9.83506	13.86583	2.76557	18.94624	98.0817
GH13_2	NA	NA	NA	NA	NA	NA	NA	NA	NA	NA	NA	NA	NA	NA	NA	NA	NA	NA	NA	NA	NA	NA	NA	NA	NA	NA	NA	NA	NA	NA	NA	NA	NA	NA	NA	NA	NA	NA	NA	NA	NA	NA	NA	NA	NA	NA	NA	NA	NA	NA	NA	NA	NA	NA	NA	NA	NA	3.84754	0.31609	1.08173	1.54128	0.80745	1.01429	NA	15.11037	3.88241	NA	61.73263	0.46575	8.8625	2.71001	0.37846	0.36235	1.13016	11.5588	4.17974	40.84666	8.76464	3.56174	NA	0.64926	0.1648	5.59534	0.2224	2.20896	6.95538	2.68152	6.22102	6.25726	0.11301	1.8039	0.24279	NA	2.25616	2.96828	3.11292	25.73492	3.64808	0.20722	0.06316	3.49892	7.48208	1.10164	9.66379	2.57781	28.96239	4.2083	0.34254	0.31082	3.31336	16.5738	0.30892	4.94762	10.48437
GH13_20	NA	NA	NA	NA	NA	NA	NA	NA	NA	NA	NA	NA	NA	NA	NA	NA	NA	NA	NA	NA	NA	NA	NA	NA	NA	NA	NA	NA	NA	NA	NA	NA	NA	NA	NA	NA	NA	NA	NA	NA	NA	NA	NA	NA	NA	NA	NA	NA	NA	NA	NA	NA	NA	NA	NA	NA	86.17074	59.83004	17.19505	96.41745	112.02007	55.83333	59.3364	255.89293	79.76584	185.78927	84.04844	86.0441	37.6052	46.92811	125.29597	34.08218	83.30994	116.32198	63.31723	105.71005	78.92649	97.30584	81.39643	44.62549	62.96314	38.21088	61.65667	16.18014	34.26246	34.86715	104.79679	92.13848	71.39125	69.82481	74.11727	38.61012	148.24406	38.57551	57.08365	49.45749	118.12048	60.39113	76.931	26.95056	65.91943	77.19622	56.23843	45.83804	44.29031	103.68301	59.00267	92.1612	53.91822	48.9068	65.04689	54.78312	58.85652	49.65633
GH13_21	NA	NA	NA	NA	NA	NA	NA	NA	NA	NA	NA	NA	NA	NA	NA	NA	NA	NA	NA	NA	NA	NA	NA	NA	NA	NA	NA	NA	NA	NA	NA	NA	NA	NA	NA	NA	NA	NA	NA	NA	NA	NA	NA	NA	NA	NA	NA	NA	NA	NA	NA	NA	NA	NA	NA	NA	0.35537	0.58777	0.10134	0.12493	NA	8.33677	NA	NA	0.42264	NA	NA	0.56145	0.59452	NA	NA	2.53569	NA	0.73249	NA	NA	NA	0.46943	0.12838	NA	NA	0.15895	NA	0.28451	NA	NA	0.22259	2.54747	0.37925	NA	NA	0.03963	NA	1.84478	NA	NA	0.96085	NA	NA	NA	NA	NA	NA	NA	3.31321	0.79601	0.40287	NA	NA	0.13208	NA	NA	0.35662	NA
GH13_23	NA	NA	NA	NA	NA	NA	NA	NA	NA	NA	NA	NA	NA	NA	NA	NA	NA	NA	NA	NA	NA	NA	NA	NA	NA	NA	NA	NA	NA	NA	NA	NA	NA	NA	NA	NA	NA	NA	NA	NA	NA	NA	NA	NA	NA	NA	NA	NA	NA	NA	NA	NA	NA	NA	NA	NA	NA	NA	NA	NA	NA	NA	NA	NA	NA	NA	NA	NA	NA	NA	NA	NA	NA	NA	NA	NA	NA	NA	NA	NA	NA	NA	NA	NA	NA	NA	NA	NA	NA	NA	NA	NA	NA	NA	NA	NA	0.09115	NA	NA	NA	NA	NA	NA	NA	NA	NA	NA	NA	NA	NA	NA	NA	NA	NA
GH13_25	NA	NA	NA	NA	NA	NA	NA	NA	NA	NA	NA	NA	NA	NA	NA	NA	NA	NA	NA	NA	NA	NA	NA	NA	NA	NA	NA	NA	NA	NA	NA	NA	NA	NA	NA	NA	NA	NA	NA	NA	NA	NA	NA	NA	NA	NA	NA	NA	NA	NA	NA	NA	NA	NA	NA	NA	NA	NA	NA	NA	0.13279	NA	NA	NA	NA	NA	NA	NA	NA	NA	0.45995	NA	NA	NA	NA	NA	0.32003	NA	NA	NA	NA	NA	NA	NA	NA	NA	NA	NA	NA	NA	NA	NA	NA	NA	NA	NA	NA	0.55735	NA	NA	NA	NA	0.21664	NA	NA	NA	0.19047	NA	NA	NA	NA	NA	NA	NA
GH13_28	NA	NA	NA	NA	NA	NA	NA	NA	NA	NA	NA	NA	NA	NA	NA	NA	NA	NA	NA	NA	NA	NA	NA	NA	NA	NA	NA	NA	NA	NA	NA	NA	NA	NA	NA	NA	NA	NA	NA	NA	NA	NA	NA	NA	NA	NA	NA	NA	NA	NA	NA	NA	NA	NA	NA	NA	20.3043	122.86642	4.50297	119.31566	38.90002	25.30359	3.59207	47.2854	10.84364	10.9567	6.61485	63.30714	1.37512	22.65943	88.95623	66.19989	2.11508	113.63985	7.5711	2.21326	32.18456	124.57357	90.94925	46.47201	16.23151	8.11392	12.07382	8.99526	49.40649	29.22036	67.5533	89.93028	68.57908	22.69968	29.24847	12.11221	73.16335	12.89912	33.02219	64.1605	75.67244	130.69968	10.81856	16.75901	13.74075	13.33722	35.97046	62.78051	107.4316	91.92165	45.58623	60.55659	21.67085	19.61291	34.69134	10.38203	21.76961	111.83531
GH13_29	NA	NA	NA	NA	NA	NA	NA	NA	NA	NA	NA	NA	NA	NA	NA	NA	NA	NA	NA	NA	NA	NA	NA	NA	NA	NA	NA	NA	NA	NA	NA	NA	NA	NA	NA	NA	NA	NA	NA	NA	NA	NA	NA	NA	NA	NA	NA	NA	NA	NA	NA	NA	NA	NA	NA	NA	12.77757	23.63556	14.59454	13.97862	1.99022	17.43036	4.29496	24.29973	12.77865	3.3148	9.74983	9.15117	13.58979	14.21076	2.80993	8.86072	2.56924	34.83693	10.38814	6.71998	1.8564	27.5471	6.90883	13.23845	1.10784	1.3681	12.16373	2.41031	3.87127	5.3413	5.75478	22.31602	9.92416	21.3657	4.09348	1.8158	6.44986	1.50357	5.79831	3.54833	13.01189	5.32015	2.17611	5.42298	19.34959	8.9922	14.97484	4.19627	30.37455	10.76295	4.33128	3.83388	3.26864	18.1592	13.07396	13.05258	2.55195	10.52397
GH13_3	NA	NA	NA	NA	NA	NA	NA	NA	NA	NA	NA	NA	NA	NA	NA	NA	NA	NA	NA	NA	NA	NA	NA	NA	NA	NA	NA	NA	NA	NA	NA	NA	NA	NA	NA	NA	NA	NA	NA	NA	NA	NA	NA	NA	NA	NA	NA	NA	NA	NA	NA	NA	NA	NA	NA	NA	0.35681	8.33656	0.2056	1.3491	NA	1.60123	1.67084	1.21047	2.28003	4.15736	1.5076	7.254	NA	0.81583	NA	NA	0.82889	15.72134	1.01879	2.89768	5.40706	4.85723	3.4461	5.45789	3.04513	NA	NA	1.60195	NA	7.98825	6.23444	5.98533	3.72075	0.54441	1.87474	1.4375	1.60498	2.22624	NA	1.59729	0.43758	NA	0.15117	1.67816	2.76203	1.01865	1.10845	0.53215	NA	0.42272	0.24789	NA	0.30026	4.75078	2.63803	0.41854	1.7888	0.77946
GH13_30	NA	NA	NA	NA	NA	NA	NA	NA	NA	NA	NA	NA	NA	NA	NA	NA	NA	NA	NA	NA	NA	NA	NA	NA	NA	NA	NA	NA	NA	NA	NA	NA	NA	NA	NA	NA	NA	NA	NA	NA	NA	NA	NA	NA	NA	NA	NA	NA	NA	NA	NA	NA	NA	NA	NA	NA	0.61228	6.94704	0.49706	0.98769	0.13089	1.52046	0.46231	1.34795	1.41876	0.90052	1.97247	4.74684	NA	1.58428	NA	0.26979	2.4767	10.29383	0.53313	4.502	2.99279	8.24434	1.7216	7.40863	4.12793	NA	1.07414	1.68653	NA	3.57173	3.04058	7.41972	1.37193	1.51144	5.36693	0.14434	NA	1.75086	0.19848	1.11794	0.58538	0.18555	0.22992	2.09274	1.93473	0.57178	0.68927	1.68587	NA	1.78512	0.25853	0.85239	0.57439	4.34366	1.00968	0.12374	1.15947	0.8761
GH13_31	NA	NA	NA	NA	NA	NA	NA	NA	NA	NA	NA	NA	NA	NA	NA	NA	NA	NA	NA	NA	NA	NA	NA	NA	NA	NA	NA	NA	NA	NA	NA	NA	NA	NA	NA	NA	NA	NA	NA	NA	NA	NA	NA	NA	NA	NA	NA	NA	NA	NA	NA	NA	NA	NA	NA	NA	62.41011	56.93418	14.72114	66.1524	26.59537	39.36238	31.0524	108.34458	69.69156	67.22697	62.574	46.44645	26.39402	42.8834	53.06492	32.15773	46.0508	69.17204	50.59201	67.86128	27.67789	66.14434	44.55432	52.07478	38.48406	47.81898	51.38131	15.48331	36.41616	29.28578	45.25123	49.08358	48.47219	25.60326	53.12743	36.99923	86.97067	25.34089	48.19153	40.33372	73.77175	28.95341	49.27126	27.36952	55.01651	27.00081	28.00556	41.61934	29.97033	58.38155	32.41834	47.85774	28.64783	48.43063	26.56042	54.24073	51.91516	27.23148
GH13_32	NA	NA	NA	NA	NA	NA	NA	NA	NA	NA	NA	NA	NA	NA	NA	NA	NA	NA	NA	NA	NA	NA	NA	NA	NA	NA	NA	NA	NA	NA	NA	NA	NA	NA	NA	NA	NA	NA	NA	NA	NA	NA	NA	NA	NA	NA	NA	NA	NA	NA	NA	NA	NA	NA	NA	NA	NA	7.0448	0.25399	0.34511	0.19605	0.63334	0.56255	2.09341	0.61707	0.77564	1.28611	6.13143	0.25498	0.29086	0.05282	NA	1.50855	7.42321	0.70748	0.44982	2.11859	5.84448	1.50641	5.03849	2.32791	NA	NA	1.22444	NA	1.17799	1.61728	9.63285	0.63395	2.30722	3.67636	NA	0.37014	1.79333	NA	1.73779	0.08116	NA	0.37555	2.2692	0.71762	0.6372	NA	0.60273	0.21296	0.08756	NA	NA	NA	3.56651	1.12671	0.49315	0.16384	0.8425
GH13_33	NA	NA	NA	NA	NA	NA	NA	NA	NA	NA	NA	NA	NA	NA	NA	NA	NA	NA	NA	NA	NA	NA	NA	NA	NA	NA	NA	NA	NA	NA	NA	NA	NA	NA	NA	NA	NA	NA	NA	NA	NA	NA	NA	NA	NA	NA	NA	NA	NA	NA	NA	NA	NA	NA	NA	NA	NA	NA	NA	NA	NA	NA	0.09616	NA	NA	NA	NA	0.20442	NA	NA	NA	NA	NA	NA	NA	NA	NA	NA	0.69765	0.32939	NA	NA	NA	NA	NA	NA	NA	NA	0.10438	NA	NA	NA	NA	NA	NA	NA	NA	NA	NA	0.11253	NA	NA	NA	NA	NA	NA	NA	NA	NA	NA	NA	NA	NA	NA
GH13_36	NA	NA	NA	NA	NA	NA	NA	NA	NA	NA	NA	NA	NA	NA	NA	NA	NA	NA	NA	NA	NA	NA	NA	NA	NA	NA	NA	NA	NA	NA	NA	NA	NA	NA	NA	NA	NA	NA	NA	NA	NA	NA	NA	NA	NA	NA	NA	NA	NA	NA	NA	NA	NA	NA	NA	NA	61.68515	70.87534	8.53942	104.34166	83.08148	43.82394	14.01681	111.07623	33.68436	86.62681	51.70895	53.76326	13.83736	36.96783	99.74742	27.44168	42.78058	93.00397	29.95561	48.38996	19.33254	86.16668	90.47524	29.07375	50.56546	47.55075	46.69231	16.00048	50.86165	18.37919	61.97155	80.78903	85.53377	44.36963	33.76913	27.361	101.37648	27.45248	54.646	50.43799	69.584	80.69343	66.9253	8.07667	46.69104	43.81204	21.50612	28.84229	73.18848	63.02496	43.64655	107.40855	35.80312	48.99282	40.24366	18.73035	25.54197	63.838
GH13_37	NA	NA	NA	NA	NA	NA	NA	NA	NA	NA	NA	NA	NA	NA	NA	NA	NA	NA	NA	NA	NA	NA	NA	NA	NA	NA	NA	NA	NA	NA	NA	NA	NA	NA	NA	NA	NA	NA	NA	NA	NA	NA	NA	NA	NA	NA	NA	NA	NA	NA	NA	NA	NA	NA	NA	NA	NA	NA	NA	NA	NA	NA	NA	NA	NA	NA	NA	NA	NA	NA	NA	NA	NA	NA	NA	NA	NA	NA	NA	2.10567	NA	NA	NA	NA	NA	NA	NA	NA	NA	9.64827	NA	NA	NA	NA	NA	NA	NA	0.2799	NA	NA	NA	NA	9.38785	NA	NA	NA	NA	NA	NA	NA	NA	NA	NA	NA
GH13_38	NA	NA	NA	NA	NA	NA	NA	NA	NA	NA	NA	NA	NA	NA	NA	NA	NA	NA	NA	NA	NA	NA	NA	NA	NA	NA	NA	NA	NA	NA	NA	NA	NA	NA	NA	NA	NA	NA	NA	NA	NA	NA	NA	NA	NA	NA	NA	NA	NA	NA	NA	NA	NA	NA	NA	NA	40.00639	11.72944	121.01314	46.70452	69.30655	32.52802	40.21784	62.86954	88.8231	52.69537	22.7422	53.93431	97.30403	54.68245	74.0617	68.46721	95.2387	69.33193	78.46603	53.14901	52.55874	40.50143	29.48135	55.1266	67.09422	79.13456	56.13445	164.9	69.98286	60.75103	66.01466	57.79933	28.85651	96.96275	58.91253	66.1713	69.71802	111.27154	37.92547	52.88775	46.1394	57.99739	24.58431	87.01359	48.422	145.11234	96.66896	23.89794	31.06596	27.01661	72.93232	31.04865	90.94666	65.98116	130.69641	33.17842	71.39836	30.27662
GH13_39	NA	NA	NA	NA	NA	NA	NA	NA	NA	NA	NA	NA	NA	NA	NA	NA	NA	NA	NA	NA	NA	NA	NA	NA	NA	NA	NA	NA	NA	NA	NA	NA	NA	NA	NA	NA	NA	NA	NA	NA	NA	NA	NA	NA	NA	NA	NA	NA	NA	NA	NA	NA	NA	NA	NA	NA	45.37558	112.89653	59.01335	91.05291	33.88064	62.77255	98.37243	56.7367	47.27721	44.1018	54.26286	63.56408	42.67139	76.58204	32.62408	61.33156	53.40566	85.20005	35.09095	53.38203	111.69911	117.63981	96.0679	78.05193	34.02951	53.29781	54.47188	44.75759	34.45593	84.90262	65.32214	65.16699	97.78559	46.05442	49.23367	55.77479	71.15147	58.66241	61.72768	87.54674	90.6134	71.74808	72.9185	69.45779	75.76036	46.66232	56.24037	93.33632	128.52836	111.33632	53.69345	76.66446	47.48435	74.65722	63.64124	93.1785	79.88739	98.80907
GH13_4	NA	NA	NA	NA	NA	NA	NA	NA	NA	NA	NA	NA	NA	NA	NA	NA	NA	NA	NA	NA	NA	NA	NA	NA	NA	NA	NA	NA	NA	NA	NA	NA	NA	NA	NA	NA	NA	NA	NA	NA	NA	NA	NA	NA	NA	NA	NA	NA	NA	NA	NA	NA	NA	NA	NA	NA	55.18458	55.76191	13.92533	61.33504	40.30831	51.75229	54.877	95.34408	58.78922	85.72974	88.96958	25.83219	15.65686	41.6471	34.88949	63.3292	38.90841	123.98335	75.67497	126.19458	26.28479	47.36067	73.82546	45.93273	77.66543	43.90421	54.43561	43.20529	67.68491	25.58383	39.19293	53.09032	54.7295	70.30102	60.15469	34.36137	53.64931	58.60636	71.34325	60.22444	67.60491	28.84057	39.30586	24.68342	65.54009	37.64499	33.62272	37.27493	31.13317	81.86018	18.45677	63.10948	21.17728	86.08484	48.54777	74.98954	12.80977	27.82545
GH13_40	NA	NA	NA	NA	NA	NA	NA	NA	NA	NA	NA	NA	NA	NA	NA	NA	NA	NA	NA	NA	NA	NA	NA	NA	NA	NA	NA	NA	NA	NA	NA	NA	NA	NA	NA	NA	NA	NA	NA	NA	NA	NA	NA	NA	NA	NA	NA	NA	NA	NA	NA	NA	NA	NA	NA	NA	0.22312	NA	NA	NA	NA	NA	NA	NA	NA	NA	NA	NA	NA	NA	0.16749	0.5343	NA	NA	NA	NA	NA	NA	NA	NA	NA	NA	NA	NA	NA	NA	NA	NA	0.18946	NA	NA	NA	NA	NA	NA	NA	NA	NA	NA	NA	NA	NA	NA	NA	NA	NA	NA	NA	NA	NA	NA	NA	NA	NA
GH13_41	NA	NA	NA	NA	NA	NA	NA	NA	NA	NA	NA	NA	NA	NA	NA	NA	NA	NA	NA	NA	NA	NA	NA	NA	NA	NA	NA	NA	NA	NA	NA	NA	NA	NA	NA	NA	NA	NA	NA	NA	NA	NA	NA	NA	NA	NA	NA	NA	NA	NA	NA	NA	NA	NA	NA	NA	57.14689	4.6468	2.50133	27.53406	6.13425	2.22522	6.37482	20.91706	22.021	71.80446	54.50727	1.0673	2.93938	4.81179	7.05099	3.30241	26.93584	18.95662	19.5423	39.17947	3.84494	20.96155	18.66371	5.46622	23.45872	12.11009	22.29212	0.32213	9.81554	3.04728	19.67632	22.2432	15.03132	10.15562	18.81232	15.09165	41.5011	2.2724	13.26121	5.65331	39.62013	24.57772	31.1276	NA	12.27514	32.09178	14.75123	0.25201	1.22029	9.49741	13.2623	32.55348	9.08121	12.97726	17.62183	12.26118	0.29244	5.61266
GH13_42	NA	NA	NA	NA	NA	NA	NA	NA	NA	NA	NA	NA	NA	NA	NA	NA	NA	NA	NA	NA	NA	NA	NA	NA	NA	NA	NA	NA	NA	NA	NA	NA	NA	NA	NA	NA	NA	NA	NA	NA	NA	NA	NA	NA	NA	NA	NA	NA	NA	NA	NA	NA	NA	NA	NA	NA	31.26089	71.27809	4.07976	84.74911	35.19936	45.09574	10.76038	31.37514	0.73514	9.03431	9.03644	30.8809	2.10053	19.73866	101.17849	170.94426	167.6605	75.31922	0.55132	1.81751	73.53653	98.14192	68.08489	29.3475	7.22624	9.79865	10.24064	118.33117	10.39201	28.29875	116.60144	52.21018	41.25093	21.67213	22.22591	11.74304	47.68805	81.22526	11.57289	73.8907	93.59198	123.06112	7.08551	8.00027	9.46095	15.36967	215.78138	41.99538	84.79284	106.80071	26.98168	55.1401	22.5012	10.74669	34.22005	23.45847	11.49698	86.94645
GH13_5	NA	NA	NA	NA	NA	NA	NA	NA	NA	NA	NA	NA	NA	NA	NA	NA	NA	NA	NA	NA	NA	NA	NA	NA	NA	NA	NA	NA	NA	NA	NA	NA	NA	NA	NA	NA	NA	NA	NA	NA	NA	NA	NA	NA	NA	NA	NA	NA	NA	NA	NA	NA	NA	NA	NA	NA	21.57814	29.22497	92.89391	14.10238	44.53155	56.33902	15.98152	11.15605	9.5597	6.78925	38.76796	64.90374	76.85784	11.92839	60.27897	21.97101	18.90324	11.58485	12.64031	8.49748	29.35276	17.16952	54.50498	22.30508	29.27382	34.41439	45.13683	16.08141	43.42534	55.63645	36.77891	22.98062	58.52588	26.46097	21.33631	52.56222	10.58967	18.64235	41.32213	63.68756	26.06775	42.791	24.5396	62.86105	37.95031	13.77904	18.06147	31.80322	25.94737	7.99132	36.17585	31.38115	29.55012	26.51814	9.69571	15.47859	79.88493	24.95788
GH13_6	NA	NA	NA	NA	NA	NA	NA	NA	NA	NA	NA	NA	NA	NA	NA	NA	NA	NA	NA	NA	NA	NA	NA	NA	NA	NA	NA	NA	NA	NA	NA	NA	NA	NA	NA	NA	NA	NA	NA	NA	NA	NA	NA	NA	NA	NA	NA	NA	NA	NA	NA	NA	NA	NA	NA	NA	NA	2.2481	6.01137	15.85193	2.55288	9.73158	3.34294	NA	NA	NA	NA	1.54139	2.41495	23.55977	2.31595	62.60364	66.66761	NA	NA	NA	32.40627	1.23362	NA	35.24946	NA	NA	2.70023	154.99728	NA	NA	57.15148	0.92053	NA	87.63967	NA	NA	36.54439	92.40524	NA	NA	22.01629	3.26207	1.14833	NA	3.4932	95.95633	100.01776	0.46198	NA	11.80099	2.91197	2.57281	NA	1.73823	80.16617	14.46364	0.47641	NA
GH13_8	NA	NA	NA	NA	NA	NA	NA	NA	NA	NA	NA	NA	NA	NA	NA	NA	NA	NA	NA	NA	NA	NA	NA	NA	NA	NA	NA	NA	NA	NA	NA	NA	NA	NA	NA	NA	NA	NA	NA	NA	NA	NA	NA	NA	NA	NA	NA	NA	NA	NA	NA	NA	NA	NA	NA	NA	46.08951	18.75687	117.4482	43.70036	60.7968	35.18697	46.85796	46.41989	76.93035	53.57578	40.3555	77.41812	110.91168	61.49707	64.44901	72.19018	88.01146	44.07646	68.69245	54.43976	56.5789	56.20171	50.63846	77.706	48.58238	89.42738	48.00513	162.83282	66.37258	76.74267	68.42858	60.82675	44.4301	102.28367	56.48087	90.674	57.49909	113.42849	57.37145	46.3816	39.40451	70.2841	28.18888	93.91807	52.86465	133.8767	110.03486	49.69229	51.07829	32.04767	68.9401	39.63391	76.37106	68.06678	103.30325	36.44742	99.20484	35.38114
GH13_9	NA	NA	NA	NA	NA	NA	NA	NA	NA	NA	NA	NA	NA	NA	NA	NA	NA	NA	NA	NA	NA	NA	NA	NA	NA	NA	NA	NA	NA	NA	NA	NA	NA	NA	NA	NA	NA	NA	NA	NA	NA	NA	NA	NA	NA	NA	NA	NA	NA	NA	NA	NA	NA	NA	NA	NA	286.34042	413.69067	216.72435	393.93759	361.45433	318.01291	306.99635	337.75734	251.45765	297.73011	323.01956	264.95984	152.70724	258.09804	390.3555	243.35531	240.53214	363.53264	248.7673	341.42291	311.71163	356.12208	374.62693	304.50597	332.92168	267.60966	341.80231	169.66533	280.05592	224.92402	360.34878	282.9347	352.65298	249.96803	290.17964	241.2654	300.76084	285.70611	294.3956	325.71844	399.74546	317.64958	334.11146	189.68638	361.09516	227.83911	212.55723	251.03448	349.16787	404.25708	239.57912	377.28481	265.54171	347.42333	214.98909	275.32548	171.42957	315.28526
GH14	NA	NA	NA	NA	NA	NA	NA	NA	NA	NA	NA	NA	NA	NA	NA	NA	NA	NA	NA	NA	NA	NA	NA	NA	NA	NA	NA	NA	NA	NA	NA	NA	NA	NA	NA	NA	NA	NA	NA	NA	NA	NA	NA	NA	NA	NA	NA	NA	NA	NA	NA	NA	NA	NA	NA	NA	3.59969	0.48283	0.87526	2.00824	1.17469	4.3695	NA	NA	0.76678	NA	1.14285	1.004	0.34889	2.2348	1.13541	3.08639	12.2698	NA	2.05813	0.2478	2.46649	NA	1.97922	1.18671	NA	NA	NA	NA	NA	0.31988	3.84957	NA	1.83639	10.26169	NA	NA	1.19349	1.05719	NA	NA	0.71417	1.31584	NA	NA	NA	1.26252	7.17326	0.0391	NA	NA	0.6824	NA	2.40531	NA	2.87143	0.20176	NA	NA
GH140	NA	NA	NA	NA	NA	NA	NA	NA	NA	NA	NA	NA	NA	NA	NA	NA	NA	NA	NA	NA	NA	NA	NA	NA	NA	NA	NA	NA	NA	NA	NA	NA	NA	NA	NA	NA	NA	NA	NA	NA	NA	NA	NA	NA	NA	NA	NA	NA	NA	NA	NA	NA	NA	NA	NA	NA	190.34582	53.45656	69.83835	67.01398	130.97283	58.17041	54.20324	64.67793	125.2183	69.05934	150.8896	140.11771	105.11224	73.80253	161.32852	85.06348	159.24555	54.09621	159.03835	36.879	58.96413	45.45202	113.03281	50.71624	93.05605	251.11919	88.20559	242.4106	104.6869	46.54813	66.77331	54.47727	102.88877	133.52503	81.11132	164.72978	114.5541	181.43464	92.21202	64.51048	52.03562	77.07404	76.14072	129.39996	67.30502	151.48393	48.11238	50.86116	88.68557	53.53837	73.58239	68.48236	207.99644	56.80652	119.33074	40.07299	101.54688	76.25783
GH141	NA	NA	NA	NA	NA	NA	NA	NA	NA	NA	NA	NA	NA	NA	NA	NA	NA	NA	NA	NA	NA	NA	NA	NA	NA	NA	NA	NA	NA	NA	NA	NA	NA	NA	NA	NA	NA	NA	NA	NA	NA	NA	NA	NA	NA	NA	NA	NA	NA	NA	NA	NA	NA	NA	NA	NA	89.80035	8.07928	29.00925	34.55037	33.70668	19.03802	19.20942	20.65486	53.12446	15.33071	71.992	36.51457	21.94226	22.6356	43.55453	37.71915	74.81621	27.83663	74.12261	3.82548	33.22886	10.18402	26.26019	13.36711	44.65859	27.46412	17.53052	134.15779	27.83434	11.85276	40.84846	15.05141	23.232	79.00761	36.15131	14.3564	56.75113	83.89327	43.47609	19.8602	26.51774	21.14358	17.14357	41.77277	14.61567	112.98165	7.25162	8.59833	17.29522	23.93092	31.23582	13.70029	62.77634	9.19158	102.41711	6.25143	31.84949	18.97679
GH142	NA	NA	NA	NA	NA	NA	NA	NA	NA	NA	NA	NA	NA	NA	NA	NA	NA	NA	NA	NA	NA	NA	NA	NA	NA	NA	NA	NA	NA	NA	NA	NA	NA	NA	NA	NA	NA	NA	NA	NA	NA	NA	NA	NA	NA	NA	NA	NA	NA	NA	NA	NA	NA	NA	NA	NA	52.26397	9.13471	18.84418	30.45578	34.11624	16.97556	8.90805	21.04844	44.06276	11.85884	33.13927	29.60828	24.43952	53.59862	39.31356	38.58802	74.33898	20.62028	52.22593	4.85395	17.61729	5.25309	16.38152	15.20593	53.23183	25.00804	16.59735	122.926	11.99141	8.12183	25.51893	8.32441	11.95945	71.18142	33.46083	14.94833	56.49276	78.15587	24.27358	14.306	8.91801	19.5946	10.33984	28.0252	10.23774	68.31782	7.96152	6.1655	17.12396	5.53326	25.86882	12.38986	54.7268	6.54802	59.57342	7.37737	23.66843	12.63289
GH143	NA	NA	NA	NA	NA	NA	NA	NA	NA	NA	NA	NA	NA	NA	NA	NA	NA	NA	NA	NA	NA	NA	NA	NA	NA	NA	NA	NA	NA	NA	NA	NA	NA	NA	NA	NA	NA	NA	NA	NA	NA	NA	NA	NA	NA	NA	NA	NA	NA	NA	NA	NA	NA	NA	NA	NA	36.21582	4.45348	18.5293	11.81727	28.94115	10.26028	9.18467	13.68734	30.55247	11.23588	25.63035	28.89712	15.54267	5.03015	42.03856	34.09106	76.96052	18.81974	42.96977	4.42025	18.91886	4.06152	15.23505	9.46481	51.23106	24.25938	17.64904	137.58558	14.01265	7.25345	28.88474	5.83804	10.0687	52.68428	33.06661	10.10561	51.80396	87.6968	17.38643	12.79367	8.89531	14.50573	10.93169	26.82667	11.0225	71.30902	8.99805	5.95233	10.55334	6.3178	14.65098	7.05519	45.92622	8.0168	62.62007	5.64901	20.57872	9.88079
GH144	NA	NA	NA	NA	NA	NA	NA	NA	NA	NA	NA	NA	NA	NA	NA	NA	NA	NA	NA	NA	NA	NA	NA	NA	NA	NA	NA	NA	NA	NA	NA	NA	NA	NA	NA	NA	NA	NA	NA	NA	NA	NA	NA	NA	NA	NA	NA	NA	NA	NA	NA	NA	NA	NA	NA	NA	85.9928	21.16654	87.76208	47.1612	55.15865	37.06091	23.76215	80.95954	150.6655	122.82061	62.52239	66.49872	66.82327	14.95376	77.79895	23.60799	78.3859	110.08826	137.88601	83.42729	27.44313	33.09854	46.02795	26.13153	145.04122	80.85316	74.75689	20.88585	87.50133	84.54813	17.24846	58.95493	30.50728	34.43998	133.523	75.40835	47.41617	21.43019	46.00947	97.56707	22.5232	129.4866	57.36767	114.13751	75.25734	119.55841	25.72796	27.14155	61.3922	17.0184	131.44071	40.3444	167.31942	69.51373	121.22876	21.31643	45.48765	48.33389
GH145	NA	NA	NA	NA	NA	NA	NA	NA	NA	NA	NA	NA	NA	NA	NA	NA	NA	NA	NA	NA	NA	NA	NA	NA	NA	NA	NA	NA	NA	NA	NA	NA	NA	NA	NA	NA	NA	NA	NA	NA	NA	NA	NA	NA	NA	NA	NA	NA	NA	NA	NA	NA	NA	NA	NA	NA	62.61994	12.44669	53.04969	20.51964	50.05289	16.63515	16.07426	23.24435	100.64315	48.4354	42.35795	49.70048	32.89827	10.33762	51.50671	18.73999	22.45713	31.67307	137.88479	51.75989	8.10422	16.37542	34.11714	18.05077	44.213	34.40761	46.21062	17.04463	53.02163	36.14653	5.23464	39.57678	19.88173	27.38678	29.90096	23.29864	31.18195	22.23712	35.3544	39.74097	10.27919	77.62716	22.6403	66.38307	32.39907	34.24346	17.89245	14.46022	22.4637	9.44518	71.79243	19.54209	95.72404	29.64469	40.79376	9.38866	47.85367	16.57499
GH146	NA	NA	NA	NA	NA	NA	NA	NA	NA	NA	NA	NA	NA	NA	NA	NA	NA	NA	NA	NA	NA	NA	NA	NA	NA	NA	NA	NA	NA	NA	NA	NA	NA	NA	NA	NA	NA	NA	NA	NA	NA	NA	NA	NA	NA	NA	NA	NA	NA	NA	NA	NA	NA	NA	NA	NA	90.57897	38.93736	70.98157	60.69186	76.79112	42.50908	40.87615	110.33244	160.44616	39.24842	78.50775	144.94231	99.58598	54.36139	125.75644	39.78196	48.03971	133.68036	193.38294	47.64024	41.68073	30.55804	67.12432	47.4504	91.31924	102.61072	75.27215	33.55962	105.23614	43.16824	53.25856	36.68028	42.19957	152.64299	76.17421	62.87951	64.36014	48.04316	94.85992	43.97797	63.88551	143.53076	73.80722	92.02623	48.32232	136.84352	131.4567	36.97443	64.72825	41.13878	130.89651	66.96833	167.29228	41.04556	146.58757	42.02042	69.51882	65.08203
GH147	NA	NA	NA	NA	NA	NA	NA	NA	NA	NA	NA	NA	NA	NA	NA	NA	NA	NA	NA	NA	NA	NA	NA	NA	NA	NA	NA	NA	NA	NA	NA	NA	NA	NA	NA	NA	NA	NA	NA	NA	NA	NA	NA	NA	NA	NA	NA	NA	NA	NA	NA	NA	NA	NA	NA	NA	46.45157	6.21816	9.74944	17.40704	16.58551	3.98973	6.37907	9.32316	20.0859	6.95958	20.79129	11.9756	7.2155	6.41522	24.13882	5.49426	4.87656	7.4239	13.38443	6.34714	0.94517	7.1381	13.13159	12.68562	0.97296	13.50089	12.64322	8.61412	4.48352	14.02325	0.90121	12.77266	6.659	15.77814	4.65984	30.15312	6.78851	5.62987	5.57455	5.07039	2.676	24.1917	13.8912	23.81308	10.4595	6.11315	10.75455	7.75431	8.89317	3.41675	26.6725	5.80925	18.14208	13.38746	7.0691	6.39014	9.50124	4.01869
GH148	NA	NA	NA	NA	NA	NA	NA	NA	NA	NA	NA	NA	NA	NA	NA	NA	NA	NA	NA	NA	NA	NA	NA	NA	NA	NA	NA	NA	NA	NA	NA	NA	NA	NA	NA	NA	NA	NA	NA	NA	NA	NA	NA	NA	NA	NA	NA	NA	NA	NA	NA	NA	NA	NA	NA	NA	2.72085	11.24602	1.74057	2.58694	4.76984	5.87656	3.31197	8.20774	1.34707	1.87291	4.60642	5.45915	6.78274	7.88019	2.82211	2.27416	2.39229	1.39137	1.32225	3.05264	91.88669	3.43105	3.05143	11.28196	5.69774	3.85824	1.63659	3.25318	4.56429	10.98385	5.88577	5.05385	1.68128	1.38474	3.92554	3.96989	0.87745	8.89946	1.33649	20.04085	2.70071	3.24269	11.92192	10.73335	3.1023	1.26585	2.33254	1.71352	9.11008	1.38374	4.00373	6.77635	4.42325	5.1984	1.68687	3.57407	2.74693	9.38172
GH149	NA	NA	NA	NA	NA	NA	NA	NA	NA	NA	NA	NA	NA	NA	NA	NA	NA	NA	NA	NA	NA	NA	NA	NA	NA	NA	NA	NA	NA	NA	NA	NA	NA	NA	NA	NA	NA	NA	NA	NA	NA	NA	NA	NA	NA	NA	NA	NA	NA	NA	NA	NA	NA	NA	NA	NA	NA	0.81023	NA	0.12218	0.66874	NA	0.13297	NA	NA	NA	NA	0.43269	NA	NA	0.17043	NA	NA	NA	NA	NA	NA	1.35636	NA	NA	NA	NA	NA	NA	NA	NA	NA	1.50674	NA	NA	NA	NA	NA	NA	NA	NA	NA	0.09112	0.51338	NA	NA	NA	0.38769	NA	NA	NA	0.92976	0.08074	NA	NA	NA	0.18845	NA	NA
GH15	NA	NA	NA	NA	NA	NA	NA	NA	NA	NA	NA	NA	NA	NA	NA	NA	NA	NA	NA	NA	NA	NA	NA	NA	NA	NA	NA	NA	NA	NA	NA	NA	NA	NA	NA	NA	NA	NA	NA	NA	NA	NA	NA	NA	NA	NA	NA	NA	NA	NA	NA	NA	NA	NA	NA	NA	58.55174	21.13905	36.68418	14.89227	37.30055	28.72206	31.79369	26.44363	49.14082	46.25646	34.15994	79.18191	48.77599	20.28992	47.52955	15.64255	25.49541	21.69354	62.07173	16.55289	5.34042	14.25305	27.07675	12.27363	28.76723	43.35294	29.2777	13.65052	33.16579	64.05126	3.09591	18.83997	19.35221	17.2955	35.91757	54.54095	16.26888	21.18207	23.84729	58.22182	10.31012	57.59412	18.24927	45.0667	13.02962	22.83312	11.86849	59.45612	21.88267	11.83225	49.87196	22.27269	72.5103	15.55208	19.94694	16.50837	70.04716	19.83111
GH150	NA	NA	NA	NA	NA	NA	NA	NA	NA	NA	NA	NA	NA	NA	NA	NA	NA	NA	NA	NA	NA	NA	NA	NA	NA	NA	NA	NA	NA	NA	NA	NA	NA	NA	NA	NA	NA	NA	NA	NA	NA	NA	NA	NA	NA	NA	NA	NA	NA	NA	NA	NA	NA	NA	NA	NA	NA	NA	NA	NA	0.19766	NA	NA	NA	NA	NA	NA	NA	NA	NA	NA	NA	NA	NA	NA	0.07026	NA	NA	NA	NA	NA	NA	NA	NA	NA	0.08999	NA	NA	NA	NA	NA	NA	NA	NA	NA	NA	NA	NA	NA	NA	NA	NA	0.05375	NA	NA	NA	NA	NA	NA	NA	NA	NA	NA	NA
GH151	NA	NA	NA	NA	NA	NA	NA	NA	NA	NA	NA	NA	NA	NA	NA	NA	NA	NA	NA	NA	NA	NA	NA	NA	NA	NA	NA	NA	NA	NA	NA	NA	NA	NA	NA	NA	NA	NA	NA	NA	NA	NA	NA	NA	NA	NA	NA	NA	NA	NA	NA	NA	NA	NA	NA	NA	2.45985	2.87801	4.41521	7.63654	44.57447	22.53092	19.03004	5.85794	6.46509	1.89863	3.16711	2.72666	3.51732	16.89202	35.16928	11.00668	6.74323	2.34412	5.64571	3.46611	61.27769	8.24969	8.07489	9.33632	5.21688	9.031	3.25653	6.94944	14.0741	5.22038	25.33411	4.44528	9.17519	2.78564	10.89778	6.60549	5.35594	7.38885	30.60353	8.83471	6.71162	5.11091	6.04829	12.7849	3.74226	2.43598	1.84457	12.64629	2.70196	14.60024	12.30698	4.86104	20.77442	2.30071	11.45954	3.10221	7.08667	2.54022
GH153	NA	NA	NA	NA	NA	NA	NA	NA	NA	NA	NA	NA	NA	NA	NA	NA	NA	NA	NA	NA	NA	NA	NA	NA	NA	NA	NA	NA	NA	NA	NA	NA	NA	NA	NA	NA	NA	NA	NA	NA	NA	NA	NA	NA	NA	NA	NA	NA	NA	NA	NA	NA	NA	NA	NA	NA	1.0897	0.26074	1.55086	0.4604	0.17928	16.93043	0.1849	0.38705	NA	0.178	0.20815	1.27356	3.7874	NA	0.43214	5.50868	0.28255	0.28714	NA	NA	0.21605	1.77826	0.40017	0.14547	0.38539	0.44064	0.09926	1.14035	NA	0.24486	0.31803	4.75015	0.28539	0.24603	0.65878	0.97114	0.14539	0.76798	0.27261	0.55208	0.17754	1.43822	0.52778	0.47007	0.73554	NA	NA	0.31475	5.82667	0.14017	NA	NA	0.09192	1.40013	0.29767	NA	0.69472	0.17563
GH154	NA	NA	NA	NA	NA	NA	NA	NA	NA	NA	NA	NA	NA	NA	NA	NA	NA	NA	NA	NA	NA	NA	NA	NA	NA	NA	NA	NA	NA	NA	NA	NA	NA	NA	NA	NA	NA	NA	NA	NA	NA	NA	NA	NA	NA	NA	NA	NA	NA	NA	NA	NA	NA	NA	NA	NA	126.5556	72.61244	120.87617	106.71052	165.30525	71.77067	65.48651	189.69667	235.51433	111.30752	117.65016	124.41271	104.14291	67.39866	173.47859	147.12498	167.8096	176.60247	241.02298	133.2624	61.14962	66.88731	104.31371	98.33407	175.26351	134.05971	145.59707	61.00446	107.20296	84.26547	81.96541	86.54217	70.3683	177.62484	147.18847	112.64082	90.04072	92.38842	108.63684	96.50681	80.0839	156.74356	101.01603	154.58543	120.49773	190.63696	197.97744	84.24708	48.68056	79.79906	159.13898	72.22482	148.12419	116.74102	173.12417	90.22415	138.82428	45.26694
GH156	NA	NA	NA	NA	NA	NA	NA	NA	NA	NA	NA	NA	NA	NA	NA	NA	NA	NA	NA	NA	NA	NA	NA	NA	NA	NA	NA	NA	NA	NA	NA	NA	NA	NA	NA	NA	NA	NA	NA	NA	NA	NA	NA	NA	NA	NA	NA	NA	NA	NA	NA	NA	NA	NA	NA	NA	0.14107	1.11182	1.13254	2.29627	3.36712	2.73381	4.56581	2.62765	2.03126	3.00577	NA	1.57723	0.39739	3.83163	1.67533	1.99168	3.59859	2.44693	1.31029	2.37446	8.50651	1.84125	2.57615	4.60435	1.66649	2.71005	0.54666	NA	5.71829	2.92715	2.38269	0.97586	1.41015	3.25576	2.11706	1.65457	2.45033	NA	2.84057	2.71728	1.63374	4.16899	0.80267	3.94432	0.90292	3.65162	0.33991	3.72079	1.16567	1.20393	4.33056	1.00978	2.53934	0.82593	7.7431	1.31751	3.03661	3.41626
GH157	NA	NA	NA	NA	NA	NA	NA	NA	NA	NA	NA	NA	NA	NA	NA	NA	NA	NA	NA	NA	NA	NA	NA	NA	NA	NA	NA	NA	NA	NA	NA	NA	NA	NA	NA	NA	NA	NA	NA	NA	NA	NA	NA	NA	NA	NA	NA	NA	NA	NA	NA	NA	NA	NA	NA	NA	NA	NA	NA	NA	NA	NA	NA	NA	NA	NA	NA	NA	NA	NA	NA	NA	NA	NA	NA	NA	NA	NA	NA	NA	NA	NA	NA	NA	NA	NA	NA	NA	NA	NA	NA	NA	NA	NA	NA	NA	NA	NA	NA	NA	NA	0.47025	1.40283	NA	NA	NA	NA	NA	NA	NA	1.94395	0.68937	NA	NA
GH158	NA	NA	NA	NA	NA	NA	NA	NA	NA	NA	NA	NA	NA	NA	NA	NA	NA	NA	NA	NA	NA	NA	NA	NA	NA	NA	NA	NA	NA	NA	NA	NA	NA	NA	NA	NA	NA	NA	NA	NA	NA	NA	NA	NA	NA	NA	NA	NA	NA	NA	NA	NA	NA	NA	NA	NA	NA	0.95069	0.82937	1.27054	5.97652	2.03573	4.2973	4.66697	27.79934	5.96474	NA	2.28061	2.64981	2.2161	6.86422	6.98696	5.54278	3.57825	24.68301	7.65226	3.56715	5.02861	NA	NA	30.84867	7.55801	9.10261	3.86273	7.771	36.30529	1.82259	5.2565	NA	1.33421	22.8015	4.47641	7.63972	2.17899	6.07975	18.17582	4.00619	9.8155	6.93326	4.07401	9.28235	9.26129	0.37912	4.74078	7.73775	0.68985	17.96147	0.86426	8.47377	3.80403	14.8785	1.86305	3.92405	5.38209
GH159	NA	NA	NA	NA	NA	NA	NA	NA	NA	NA	NA	NA	NA	NA	NA	NA	NA	NA	NA	NA	NA	NA	NA	NA	NA	NA	NA	NA	NA	NA	NA	NA	NA	NA	NA	NA	NA	NA	NA	NA	NA	NA	NA	NA	NA	NA	NA	NA	NA	NA	NA	NA	NA	NA	NA	NA	6.90651	4.14737	10.73044	14.63715	11.71726	10.66059	17.3267	7.29865	15.11994	9.14938	9.63629	9.37046	9.29508	10.45073	15.35905	5.17679	8.27396	1.9585	10.78592	5.00881	1.89502	15.6646	8.92782	6.48203	17.53728	11.72568	5.43047	1.36705	28.45335	3.58506	4.80078	10.06533	6.43702	10.18389	16.81602	8.66681	6.56165	3.93659	5.20635	3.88814	2.58613	7.50742	16.21605	29.47498	3.20335	10.63212	5.45075	11.06559	16.04887	4.89572	8.87754	8.2025	9.5954	4.92883	16.62474	7.10038	9.80645	19.94167
GH16	NA	NA	NA	NA	NA	NA	NA	NA	NA	NA	NA	NA	NA	NA	NA	NA	NA	NA	NA	NA	NA	NA	NA	NA	NA	NA	NA	NA	NA	NA	NA	NA	NA	NA	NA	NA	NA	NA	NA	NA	NA	NA	NA	NA	NA	NA	NA	NA	NA	NA	NA	NA	NA	NA	NA	NA	953.89883	330.1088	1519.54379	457.51085	510.02094	453.61652	268.35605	458.82025	488.91681	626.6841	860.12996	724.01333	1318.40353	329.00016	471.80445	447.39366	394.73449	366.64138	438.32358	520.59619	193.71359	233.49349	749.85591	584.30311	447.59539	430.22814	598.96414	518.87667	745.39981	629.37333	288.85668	299.66137	651.7287	738.7606	352.21636	624.51884	277.78748	543.74907	397.99753	505.17794	495.68353	700.58407	591.39967	971.45172	380.88348	733.60061	713.04949	306.50073	318.13879	265.01478	756.10284	624.80436	579.13073	470.71577	526.41404	380.73721	1051.15096	376.32209
GH161	NA	NA	NA	NA	NA	NA	NA	NA	NA	NA	NA	NA	NA	NA	NA	NA	NA	NA	NA	NA	NA	NA	NA	NA	NA	NA	NA	NA	NA	NA	NA	NA	NA	NA	NA	NA	NA	NA	NA	NA	NA	NA	NA	NA	NA	NA	NA	NA	NA	NA	NA	NA	NA	NA	NA	NA	6.27429	9.15436	7.38229	23.68473	7.82641	16.73101	8.16432	4.15665	5.10188	14.98367	5.62568	11.25499	15.47386	10.72751	10.8892	8.75546	11.12958	7.9542	11.06514	2.79894	9.5137	14.5584	18.36799	8.28176	5.31871	16.11893	8.82345	5.10613	8.24977	5.40403	6.96298	11.63845	14.88019	5.72286	6.80646	5.83276	7.55677	10.56369	17.45746	10.12622	12.11348	6.26449	16.4629	2.92405	5.70916	2.43095	6.99242	2.20698	1.75348	9.22319	7.97325	13.24307	10.06751	5.84998	2.6065	9.88868	6.48461	3.19908
GH163	NA	NA	NA	NA	NA	NA	NA	NA	NA	NA	NA	NA	NA	NA	NA	NA	NA	NA	NA	NA	NA	NA	NA	NA	NA	NA	NA	NA	NA	NA	NA	NA	NA	NA	NA	NA	NA	NA	NA	NA	NA	NA	NA	NA	NA	NA	NA	NA	NA	NA	NA	NA	NA	NA	NA	NA	32.57157	6.39781	39.47134	3.87678	15.03734	17.04603	14.18878	5.21364	24.71011	10.25794	11.52459	14.99938	55.73307	7.74278	12.68717	9.81471	9.23947	4.12985	19.11558	3.33149	21.94888	21.202	12.2546	24.95954	14.76582	52.28188	16.33148	4.87837	18.3565	13.13918	12.70813	21.43971	6.74671	25.34137	9.15923	31.86769	7.08066	7.22875	16.54835	11.20263	4.62167	18.69397	10.46784	22.43611	15.53642	6.23448	7.49051	9.45502	10.66264	6.12554	33.1362	14.32166	18.36415	10.2251	14.10702	8.86446	16.04304	11.17226
GH164	NA	NA	NA	NA	NA	NA	NA	NA	NA	NA	NA	NA	NA	NA	NA	NA	NA	NA	NA	NA	NA	NA	NA	NA	NA	NA	NA	NA	NA	NA	NA	NA	NA	NA	NA	NA	NA	NA	NA	NA	NA	NA	NA	NA	NA	NA	NA	NA	NA	NA	NA	NA	NA	NA	NA	NA	5.25216	1.05646	2.13556	0.47049	NA	0.63863	1.15239	NA	NA	NA	5.67924	1.38895	1.49109	0.76024	NA	NA	1.09455	NA	NA	0.04933	NA	NA	1.87576	1.18125	0.38512	2.11329	0.67665	0.05838	3.42146	0.50031	0.11718	0.08521	1.01491	0.4127	1.2498	10.00285	0.5546	0.24545	3.09904	1.90547	2.5188	0.20059	0.06717	1.2528	0.58334	0.37113	0.07548	5.98292	1.58611	1.46215	0.57304	NA	0.90821	2.8983	1.67781	0.90081	3.3967	0.88524
GH165	NA	NA	NA	NA	NA	NA	NA	NA	NA	NA	NA	NA	NA	NA	NA	NA	NA	NA	NA	NA	NA	NA	NA	NA	NA	NA	NA	NA	NA	NA	NA	NA	NA	NA	NA	NA	NA	NA	NA	NA	NA	NA	NA	NA	NA	NA	NA	NA	NA	NA	NA	NA	NA	NA	NA	NA	15.5193	3.12102	10.49244	9.71864	14.05449	6.32746	7.67891	6.18163	18.91341	5.7528	11.86328	14.71562	10.04954	10.82818	32.60291	3.1701	8.39652	4.18383	22.64428	4.28266	3.59861	7.99907	9.18979	6.61849	77.72039	7.05862	10.28862	5.78402	2.95287	8.58739	2.554	5.78905	4.25346	10.994	59.2668	3.32542	7.04046	10.56984	2.8701	11.37385	4.05897	8.92473	0.817	10.24692	4.83292	4.87903	6.38822	3.21451	0.681	6.09894	7.18908	3.43135	28.37612	2.95543	4.0619	5.32041	5.87612	1.25375
GH166	NA	NA	NA	NA	NA	NA	NA	NA	NA	NA	NA	NA	NA	NA	NA	NA	NA	NA	NA	NA	NA	NA	NA	NA	NA	NA	NA	NA	NA	NA	NA	NA	NA	NA	NA	NA	NA	NA	NA	NA	NA	NA	NA	NA	NA	NA	NA	NA	NA	NA	NA	NA	NA	NA	NA	NA	7.69005	24.95126	5.37868	36.79082	77.33829	35.46257	6.10013	6.46579	8.53827	27.45891	4.39177	34.67512	5.38082	14.51653	68.56456	11.96819	16.06093	8.87965	8.5865	1.21828	13.42501	15.9213	32.45565	12.54841	34.7961	19.38958	30.1888	13.95329	31.77325	10.23242	29.2261	22.60497	30.98145	34.34057	10.48313	1.97998	7.80746	32.83267	36.155	28.7354	12.71611	5.30482	35.30703	6.5005	22.70157	8.39255	4.62847	4.94529	5.15963	6.23947	14.51531	40.36394	24.48385	15.87587	4.39833	3.20381	2.09321	4.32182
GH167	NA	NA	NA	NA	NA	NA	NA	NA	NA	NA	NA	NA	NA	NA	NA	NA	NA	NA	NA	NA	NA	NA	NA	NA	NA	NA	NA	NA	NA	NA	NA	NA	NA	NA	NA	NA	NA	NA	NA	NA	NA	NA	NA	NA	NA	NA	NA	NA	NA	NA	NA	NA	NA	NA	NA	NA	NA	NA	NA	NA	0.20892	0.46585	0.16909	NA	NA	0.11605	NA	NA	NA	0.41375	0.04112	0.16165	0.12648	NA	NA	0.1791	25.61306	2.34434	0.94865	0.08932	NA	NA	0.12159	0.22047	0.51402	0.05869	0.34785	1.20974	0.38549	NA	0.11425	0.31229	0.06837	0.19449	5.07598	NA	0.08311	2.57229	0.09881	NA	0.05401	NA	0.33624	NA	NA	0.20276	1.62047	0.25636	0.04715	NA	NA	0.86264	0.12138	NA
GH16_14	NA	NA	NA	NA	NA	NA	NA	NA	NA	NA	NA	NA	NA	NA	NA	NA	NA	NA	NA	NA	NA	NA	NA	NA	NA	NA	NA	NA	NA	NA	NA	NA	NA	NA	NA	NA	NA	NA	NA	NA	NA	NA	NA	NA	NA	NA	NA	NA	NA	NA	NA	NA	NA	NA	NA	NA	NA	NA	NA	NA	0.27842	NA	NA	NA	NA	NA	NA	NA	NA	NA	NA	NA	NA	NA	NA	NA	NA	NA	NA	1.363	NA	1.39557	NA	NA	NA	NA	NA	NA	NA	4.98275	NA	1.8734	NA	NA	NA	NA	NA	NA	NA	NA	NA	NA	NA	NA	NA	NA	NA	NA	NA	NA	NA	NA	NA	NA
GH16_16	NA	NA	NA	NA	NA	NA	NA	NA	NA	NA	NA	NA	NA	NA	NA	NA	NA	NA	NA	NA	NA	NA	NA	NA	NA	NA	NA	NA	NA	NA	NA	NA	NA	NA	NA	NA	NA	NA	NA	NA	NA	NA	NA	NA	NA	NA	NA	NA	NA	NA	NA	NA	NA	NA	NA	NA	NA	NA	NA	NA	0.118	NA	NA	NA	NA	NA	NA	NA	NA	NA	NA	NA	NA	NA	NA	NA	NA	NA	NA	NA	NA	NA	NA	NA	NA	NA	NA	NA	NA	NA	NA	NA	NA	NA	NA	NA	NA	NA	NA	NA	NA	NA	NA	NA	NA	NA	NA	NA	NA	NA	NA	NA	NA	NA
GH16_17	NA	NA	NA	NA	NA	NA	NA	NA	NA	NA	NA	NA	NA	NA	NA	NA	NA	NA	NA	NA	NA	NA	NA	NA	NA	NA	NA	NA	NA	NA	NA	NA	NA	NA	NA	NA	NA	NA	NA	NA	NA	NA	NA	NA	NA	NA	NA	NA	NA	NA	NA	NA	NA	NA	NA	NA	NA	NA	NA	NA	0.11664	NA	NA	NA	NA	0.33087	NA	NA	NA	NA	0.17315	NA	NA	NA	NA	0.24876	NA	NA	NA	NA	NA	NA	NA	NA	NA	NA	NA	NA	NA	NA	NA	NA	NA	NA	NA	NA	NA	NA	NA	NA	NA	NA	49.67739	0.29601	NA	NA	NA	NA	NA	NA	NA	22.70596	NA	NA
GH16_2	NA	NA	NA	NA	NA	NA	NA	NA	NA	NA	NA	NA	NA	NA	NA	NA	NA	NA	NA	NA	NA	NA	NA	NA	NA	NA	NA	NA	NA	NA	NA	NA	NA	NA	NA	NA	NA	NA	NA	NA	NA	NA	NA	NA	NA	NA	NA	NA	NA	NA	NA	NA	NA	NA	NA	NA	NA	NA	NA	NA	NA	NA	NA	NA	NA	NA	NA	NA	NA	NA	NA	1.0716	NA	NA	NA	NA	NA	NA	NA	NA	NA	NA	NA	NA	NA	NA	NA	NA	NA	NA	NA	NA	NA	NA	NA	NA	NA	NA	NA	NA	NA	NA	NA	NA	NA	NA	NA	NA	NA	NA	NA	NA	NA	NA
GH16_21	NA	NA	NA	NA	NA	NA	NA	NA	NA	NA	NA	NA	NA	NA	NA	NA	NA	NA	NA	NA	NA	NA	NA	NA	NA	NA	NA	NA	NA	NA	NA	NA	NA	NA	NA	NA	NA	NA	NA	NA	NA	NA	NA	NA	NA	NA	NA	NA	NA	NA	NA	NA	NA	NA	NA	NA	27.50802	23.08735	NA	9.18817	9.63421	3.22242	4.38579	1.46463	5.77829	6.74974	20.78617	8.06559	0.39199	9.33519	8.64306	2.1977	15.25362	0.62163	13.57784	12.96487	5.15646	5.95232	4.38548	1.40189	37.50768	21.35566	21.1307	13.09835	4.71491	2.05387	6.75766	8.13904	14.28879	5.00282	6.25077	3.17521	0.62087	17.72255	5.20028	0.90279	9.04054	68.72139	22.70746	4.87403	30.55666	11.95072	12.88657	8.09408	0.36254	5.73648	42.21099	11.47808	22.17174	19.50649	11.85028	NA	0.94962	0.65646
GH16_24	NA	NA	NA	NA	NA	NA	NA	NA	NA	NA	NA	NA	NA	NA	NA	NA	NA	NA	NA	NA	NA	NA	NA	NA	NA	NA	NA	NA	NA	NA	NA	NA	NA	NA	NA	NA	NA	NA	NA	NA	NA	NA	NA	NA	NA	NA	NA	NA	NA	NA	NA	NA	NA	NA	NA	NA	0.62829	2.35049	0.45493	3.33267	3.11395	3.39566	2.79432	3.54731	2.94533	2.35645	1.43069	1.77669	2.276	4.21286	2.70539	NA	3.47055	1.00019	1.32707	2.2159	4.80197	1.6593	3.39861	3.0442	NA	2.76606	1.87146	NA	1.63438	2.83029	5.71318	0.80517	1.58092	4.30488	0.57944	1.31584	4.52342	NA	2.8368	1.80221	1.78061	3.08228	1.26436	9.83795	0.60242	3.54643	0.41771	3.3442	NA	0.2824	3.5378	0.31472	4.00548	NA	6.73661	2.68107	4.38998	NA
GH16_3	NA	NA	NA	NA	NA	NA	NA	NA	NA	NA	NA	NA	NA	NA	NA	NA	NA	NA	NA	NA	NA	NA	NA	NA	NA	NA	NA	NA	NA	NA	NA	NA	NA	NA	NA	NA	NA	NA	NA	NA	NA	NA	NA	NA	NA	NA	NA	NA	NA	NA	NA	NA	NA	NA	NA	NA	139.69513	39.03288	223.6215	56.01112	86.07803	60.40771	43.66972	54.70488	87.14532	109.75022	146.71414	107.57393	198.15693	42.9416	85.89372	82.11789	37.23271	37.50178	98.43655	80.99356	38.42192	54.53478	117.35575	116.85981	58.95349	70.78307	96.84121	112.26351	104.6653	115.63128	42.99524	66.85495	101.82296	127.95813	68.15361	103.53349	44.64023	104.86309	75.48647	81.14062	85.02407	93.5219	75.57968	149.7808	66.04157	94.49803	89.97024	53.63006	70.48263	48.71336	117.08667	85.8399	86.19455	75.6175	87.44949	42.53952	144.23608	64.74404
GH16_6	NA	NA	NA	NA	NA	NA	NA	NA	NA	NA	NA	NA	NA	NA	NA	NA	NA	NA	NA	NA	NA	NA	NA	NA	NA	NA	NA	NA	NA	NA	NA	NA	NA	NA	NA	NA	NA	NA	NA	NA	NA	NA	NA	NA	NA	NA	NA	NA	NA	NA	NA	NA	NA	NA	NA	NA	0.11563	NA	5.35491	0.26777	0.5572	9.21011	0.50049	2.66668	0.62405	0.13527	NA	5.7372	0.18944	0.1238	NA	0.68831	0.24857	1.27247	NA	0.4674	0.44037	0.26905	0.35412	NA	NA	0.63056	1.37741	0.27026	NA	NA	NA	0.61642	0.30498	0.14341	0.37893	0.30811	0.56741	0.66769	1.47344	NA	0.12287	0.66055	NA	0.26069	0.14164	NA	0.9272	0.99091	NA	0.26472	0.20686	0.12008	NA	NA	0.263	1.54444	1.24991	NA
GH17	NA	NA	NA	NA	NA	NA	NA	NA	NA	NA	NA	NA	NA	NA	NA	NA	NA	NA	NA	NA	NA	NA	NA	NA	NA	NA	NA	NA	NA	NA	NA	NA	NA	NA	NA	NA	NA	NA	NA	NA	NA	NA	NA	NA	NA	NA	NA	NA	NA	NA	NA	NA	NA	NA	NA	NA	0.53401	0.63971	NA	0.29691	0.63832	2.33285	NA	0.89009	NA	0.43642	NA	1.4397	NA	0.57663	0.10345	0.33464	0.4327	NA	0.9745	0.5561	0.63866	0.1152	4.4769	0.60484	0.10989	NA	NA	0.31624	1.30633	0.14179	0.50141	0.3324	1.8008	0.74831	0.23698	NA	NA	1.58077	NA	0.32189	0.5358	0.59623	0.4572	0.7818	0.12162	0.34155	NA	1.28613	NA	0.11593	0.15204	0.26098	1.73154	NA	0.34588	NA	4.01021	NA
GH18	NA	NA	NA	NA	NA	NA	NA	NA	NA	NA	NA	NA	NA	NA	NA	NA	NA	NA	NA	NA	NA	NA	NA	NA	NA	NA	NA	NA	NA	NA	NA	NA	NA	NA	NA	NA	NA	NA	NA	NA	NA	NA	NA	NA	NA	NA	NA	NA	NA	NA	NA	NA	NA	NA	NA	NA	559.5571	208.95027	364.6999	293.81229	461.29441	292.23388	324.87751	384.25449	471.42068	409.03965	600.2931	299.34081	338.97962	291.45395	514.09331	213.04298	293.1675	318.20276	387.12744	412.98147	232.78964	299.43651	342.15489	258.1074	387.18466	528.17506	349.68687	167.11299	379.77061	414.9128	264.45594	381.97907	322.52009	264.52099	354.0616	589.76964	294.74243	218.27269	390.58925	373.37458	259.5704	434.33172	297.37726	356.39741	346.94675	295.88081	167.59228	300.98685	389.52507	206.98347	425.96276	286.52759	423.07988	370.89835	299.60757	211.04454	299.99338	359.88085
GH19	NA	NA	NA	NA	NA	NA	NA	NA	NA	NA	NA	NA	NA	NA	NA	NA	NA	NA	NA	NA	NA	NA	NA	NA	NA	NA	NA	NA	NA	NA	NA	NA	NA	NA	NA	NA	NA	NA	NA	NA	NA	NA	NA	NA	NA	NA	NA	NA	NA	NA	NA	NA	NA	NA	NA	NA	0.98974	2.1075	1.15173	0.23545	0.46475	26.41371	1.57039	NA	NA	0.66427	2.27679	4.14791	4.03612	0.90453	0.32563	117.94457	0.15083	2.5713	0.67632	NA	22.43431	1.60443	1.31372	0.37679	NA	3.44425	1.07685	2.06894	NA	NA	12.92915	1.27842	0.34342	3.70756	0.74883	1.01407	1.57582	4.72551	NA	4.11941	1.27343	1.14985	0.88967	1.20439	NA	4.41354	21.49554	NA	1.54219	2.57944	3.78701	1.9897	0.64583	0.81897	3.27975	0.69864	1.11814	NA
GH2	NA	NA	NA	NA	NA	NA	NA	NA	NA	NA	NA	NA	NA	NA	NA	NA	NA	NA	NA	NA	NA	NA	NA	NA	NA	NA	NA	NA	NA	NA	NA	NA	NA	NA	NA	NA	NA	NA	NA	NA	NA	NA	NA	NA	NA	NA	NA	NA	NA	NA	NA	NA	NA	NA	NA	NA	3556.52934	8347.15964	7284.06375	1953.28053	2254.53977	1483.48665	1526.76992	4280.70544	5122.75254	4370.45264	2427.26609	5765.19652	3969.76265	1598.11848	2388.48105	2236.53444	2388.19103	4002.17696	4485.21615	4763.77526	4050.09189	6159.28607	6078.19206	5698.12091	4918.40725	2373.51122	2115.32028	2749.67895	5511.70502	4095.64196	3739.48383	3697.96733	1636.08098	4308.75272	4885.92855	2024.44713	2137.24816	2555.92775	3263.44621	3399.6858	3939.77362	3619.35486	12509.44767	10083.2681	2031.8971	2966.69239	2938.21246	4135.07161	3142.43478	4566.73015	6191.33381	4129.66035	6192.51208	2113.84156	2650.58975	4700.49724	5249.07264	3074.67917
GH20	NA	NA	NA	NA	NA	NA	NA	NA	NA	NA	NA	NA	NA	NA	NA	NA	NA	NA	NA	NA	NA	NA	NA	NA	NA	NA	NA	NA	NA	NA	NA	NA	NA	NA	NA	NA	NA	NA	NA	NA	NA	NA	NA	NA	NA	NA	NA	NA	NA	NA	NA	NA	NA	NA	NA	NA	842.58804	587.67041	1772.27897	565.18604	793.44271	482.26008	537.97247	572.96639	1071.16976	666.1438	700.85492	1017.64152	1459.60383	621.59669	841.90483	750.29263	669.56354	648.33611	1031.70762	526.95797	544.75777	457.7348	640.30435	496.62203	645.62344	997.70146	677.9953	650.97055	814.6938	947.74905	426.12526	600.68548	570.71582	539.7342	695.49552	990.13334	599.99879	583.30994	617.10822	655.72369	586.10715	837.92226	395.22983	1432.1697	581.34339	922.86481	773.0018	513.1035	620.13203	518.40377	1052.89739	392.26366	1172.01047	692.55574	840.59579	818.76681	1373.84793	697.35207
GH23	NA	NA	NA	NA	NA	NA	NA	NA	NA	NA	NA	NA	NA	NA	NA	NA	NA	NA	NA	NA	NA	NA	NA	NA	NA	NA	NA	NA	NA	NA	NA	NA	NA	NA	NA	NA	NA	NA	NA	NA	NA	NA	NA	NA	NA	NA	NA	NA	NA	NA	NA	NA	NA	NA	NA	NA	524.14109	563.34158	428.76095	614.56172	529.09293	516.11198	471.35846	682.40093	642.13875	758.84822	529.79237	392.16309	363.80801	518.35195	516.16295	529.15009	675.34978	854.68811	615.53636	753.01672	435.53689	458.67637	551.80241	482.48327	622.48849	566.56565	522.75009	801.6088	558.73532	465.02675	476.08059	518.60742	531.60453	626.00212	689.38092	508.88209	711.04685	697.46392	539.80344	503.03202	511.04568	566.47292	471.64658	507.48856	582.58807	741.1541	656.36446	464.53438	497.20616	467.52583	451.13466	465.36201	540.78972	586.53855	703.44854	532.52552	476.7428	508.78023
GH24	NA	NA	NA	NA	NA	NA	NA	NA	NA	NA	NA	NA	NA	NA	NA	NA	NA	NA	NA	NA	NA	NA	NA	NA	NA	NA	NA	NA	NA	NA	NA	NA	NA	NA	NA	NA	NA	NA	NA	NA	NA	NA	NA	NA	NA	NA	NA	NA	NA	NA	NA	NA	NA	NA	NA	NA	627.53459	92.22102	196.40669	177.70992	184.67271	193.21034	130.07706	75.94287	207.46121	183.18373	205.36903	114.90091	194.65127	151.63659	162.06573	275.65445	354.36975	107.6108	234.90082	172.57155	95.54296	149.22324	226.56213	406.30127	323.04752	221.00398	103.2048	322.20869	211.23131	154.48086	96.6458	138.93219	200.86194	536.92488	290.10434	248.23978	176.29471	266.24077	323.53483	171.92742	144.76119	211.79997	131.38042	262.88508	97.01416	261.84051	317.70611	181.50035	347.7525	130.59907	234.78644	198.73874	310.68634	95.91483	186.60734	158.98367	236.9624	569.94638
GH25	444.50845	906.41038	2025.2824	5020.80601	2289.97522	5545.07772	6760.33398	3388.14152	3667.76382	272.23085	460.23864	95.83227	5379.89374	1935.94528	1935.1273	2626.14119	506.01171	1746.5367	1610.5895	1130.25768	837.59484	1535.09742	953.04353	275.93333	1944.46669	73.81457	2653.99606	931.87951	841.80203	1415.07672	480.81985	945.89661	2843.90175	2615.76545	6658.84402	778.68884	2158.80875	2745.04124	1053.70786	894.3873	10671.05144	2724.59623	1938.33864	370.39745	510.9256	337.88943	2148.32695	252.93278	3733.15786	2268.47513	266.561	302.61254	430.14027	19.3962	194.28416	4363.50748	528.91557	974.36673	373.96941	860.9193	805.85436	520.26847	582.01873	488.81528	589.52188	795.52242	589.09498	605.53778	2188.13742	530.47229	755.11058	946.19404	737.05984	612.23867	615.71933	587.65456	468.63495	791.78306	846.6911	598.65705	711.2184	567.18498	616.83282	979.38736	704.47659	432.06734	671.96366	682.43041	845.40202	752.20839	542.25066	485.13331	525.01552	920.1362	680.94218	619.4123	822.85291	481.28583	621.52833	398.60122	638.32459	1025.98214	959.93337	385.21106	891.56429	782.63059	354.90305	711.3015	562.94662	609.47833	784.10337	1005.79846	405.97652	703.93622
GH26	NA	NA	NA	NA	NA	NA	NA	NA	NA	NA	NA	NA	NA	NA	NA	NA	NA	NA	NA	NA	NA	NA	NA	NA	NA	NA	NA	NA	NA	NA	NA	NA	NA	NA	NA	NA	NA	NA	NA	NA	NA	NA	NA	NA	NA	NA	NA	NA	NA	NA	NA	NA	NA	NA	NA	NA	108.73276	146.15926	61.15729	188.07681	184.30682	111.08719	65.78923	37.79884	134.42566	83.85714	113.1813	117.44576	50.62483	178.29144	219.35926	110.79779	185.92758	43.9858	166.70977	52.40432	82.77243	174.65023	148.27459	82.15943	309.76974	161.03798	183.13176	476.59047	138.35481	96.53874	102.47284	162.10015	193.01826	226.14798	160.11405	125.5002	163.72495	377.50193	148.86756	195.34249	125.17527	154.17055	324.07775	61.45922	156.56642	301.50884	161.92913	86.31683	230.5007	82.89847	144.08563	228.15676	142.33407	141.94825	283.31852	55.56744	83.4616	150.40438
GH27	NA	NA	NA	NA	NA	NA	NA	NA	NA	NA	NA	NA	NA	NA	NA	NA	NA	NA	NA	NA	NA	NA	NA	NA	NA	NA	NA	NA	NA	NA	NA	NA	NA	NA	NA	NA	NA	NA	NA	NA	NA	NA	NA	NA	NA	NA	NA	NA	NA	NA	NA	NA	NA	NA	NA	NA	201.45922	330.4162	290.10033	145.20053	224.57847	150.64649	218.60649	81.74938	274.68526	190.14026	143.82816	219.22619	265.77885	150.77962	220.61535	202.11652	121.19755	68.37102	228.29427	122.27691	163.96406	224.98139	173.34545	176.13192	82.22632	229.8804	162.88715	63.00947	208.3506	189.78888	157.66528	189.66664	236.01303	138.54634	122.45195	203.33276	125.23009	105.9298	166.58637	154.07533	170.50361	253.02856	196.68257	291.12871	164.91546	154.76296	240.56411	130.30584	231.10397	203.11769	256.90643	155.58424	289.26279	205.22568	158.08937	348.63762	207.62434	228.56391
GH28	NA	NA	NA	NA	NA	NA	NA	NA	NA	NA	NA	NA	NA	NA	NA	NA	NA	NA	NA	NA	NA	NA	NA	NA	NA	NA	NA	NA	NA	NA	NA	NA	NA	NA	NA	NA	NA	NA	NA	NA	NA	NA	NA	NA	NA	NA	NA	NA	NA	NA	NA	NA	NA	NA	NA	NA	1001.46	494.33358	466.86915	627.58012	829.1706	401.79694	465.96863	610.07357	1002.35743	565.61024	795.58853	850.15971	542.64378	464.77708	949.428	923.08157	1035.28276	723.34469	1129.4492	442.83203	514.22066	408.79532	607.59288	425.82358	581.55028	969.30566	619.20023	1552.11011	639.54869	299.26243	578.57236	513.32454	466.4444	1100.55482	500.11906	687.89544	909.83863	1212.529	629.74797	383.91775	551.02408	602.40876	470.36504	627.25973	515.16208	1377.46066	1017.51866	316.50499	462.8315	484.6707	591.29369	470.059	1310.37879	500.02809	1071.39194	512.87464	493.18417	376.00178
GH29	NA	NA	NA	NA	NA	NA	NA	NA	NA	NA	NA	NA	NA	NA	NA	NA	NA	NA	NA	NA	NA	NA	NA	NA	NA	NA	NA	NA	NA	NA	NA	NA	NA	NA	NA	NA	NA	NA	NA	NA	NA	NA	NA	NA	NA	NA	NA	NA	NA	NA	NA	NA	NA	NA	NA	NA	522.03202	338.02184	653.27857	330.31281	461.55843	318.51978	368.87806	333.48428	657.9536	442.60656	454.25146	543.6324	636.03033	354.07684	505.49106	412.73306	361.76353	352.43201	671.1905	412.92985	331.87859	379.99561	386.71792	375.08034	410.30868	583.97007	353.76422	292.27849	451.81967	422.11045	278.28322	376.60544	340.16046	408.3667	472.65067	517.47349	315.8051	314.47829	394.71309	369.38166	305.27101	461.12314	255.52393	748.33855	344.65172	385.37401	404.09207	262.58029	340.88732	339.58097	555.43671	281.33775	759.58969	345.30341	416.80867	424.57478	642.19222	339.0895
GH3	NA	NA	NA	NA	NA	NA	NA	NA	NA	NA	NA	NA	NA	NA	NA	NA	NA	NA	NA	NA	NA	NA	NA	NA	NA	NA	NA	NA	NA	NA	NA	NA	NA	NA	NA	NA	NA	NA	NA	NA	NA	NA	NA	NA	NA	NA	NA	NA	NA	NA	NA	NA	NA	NA	NA	NA	1627.18918	1740.44233	1556.98083	2065.4726	1789.37735	1056.47571	1163.31193	1602.27983	2409.39709	1978.26382	1491.23418	1139.71336	1351.35298	1531.36788	1680.58269	1323.92409	1825.19705	1781.11389	2084.94955	1732.93621	1206.70443	1609.58128	1715.73039	1599.05251	2199.71997	2068.02378	1656.07939	1950.2479	1909.96125	1380.42058	1354.00311	1697.55334	1601.7517	1809.87761	2019.04724	1994.52091	1899.73312	1827.67803	1372.94657	1628.64701	1806.04223	1543.35353	1733.09773	1482.69866	1849.50495	2243.44873	1562.50591	1179.20336	1826.48302	1727.06025	1749.28936	1250.20793	1534.6792	1970.19412	2041.00545	1319.11773	1325.67171	1377.22179
GH30	NA	NA	NA	NA	NA	NA	NA	NA	NA	NA	NA	NA	NA	NA	NA	NA	NA	NA	NA	NA	NA	NA	NA	NA	NA	NA	NA	NA	NA	NA	NA	NA	NA	NA	NA	NA	NA	NA	NA	NA	NA	NA	NA	NA	NA	NA	NA	NA	NA	NA	NA	NA	NA	NA	NA	NA	59.00198	4.22752	14.49843	51.03412	19.5838	14.23866	56.72019	3.48737	40.01603	25.14762	22.68477	21.38835	25.76378	21.83266	43.88961	7.24991	32.9186	16.95068	21.55311	14.00582	14.0988	13.04209	17.63698	26.41794	16.25521	34.04557	14.29037	62.29369	15.96987	17.08014	9.85833	15.20032	17.67973	19.53647	15.00742	21.05003	15.41859	44.22898	17.0812	12.37926	10.72127	83.51873	41.87873	16.46294	9.58801	45.18374	20.93163	36.04382	8.54923	11.73825	47.96162	37.19949	18.21206	23.77136	25.00699	12.60247	44.38495	15.76613
GH30_1	NA	NA	NA	NA	NA	NA	NA	NA	NA	NA	NA	NA	NA	NA	NA	NA	NA	NA	NA	NA	NA	NA	NA	NA	NA	NA	NA	NA	NA	NA	NA	NA	NA	NA	NA	NA	NA	NA	NA	NA	NA	NA	NA	NA	NA	NA	NA	NA	NA	NA	NA	NA	NA	NA	NA	NA	11.35588	10.8689	4.05399	22.39802	6.89018	6.56777	8.77638	3.94215	5.86467	18.80177	10.54671	11.50448	5.76691	8.27746	6.6673	7.45418	8.11363	8.51559	3.68403	9.64554	5.56275	15.49537	16.25276	3.56541	8.14916	7.04376	3.22793	4.88577	11.90858	2.62981	6.93305	14.54436	17.66501	3.03329	6.45896	4.92441	9.70355	8.02578	20.50039	2.87249	12.51055	6.65529	6.25299	24.83455	4.25106	0.5434	7.21077	6.93439	16.56573	18.74408	6.56075	7.21426	3.53091	3.3942	4.38342	12.01448	3.76994	17.38098
GH30_2	NA	NA	NA	NA	NA	NA	NA	NA	NA	NA	NA	NA	NA	NA	NA	NA	NA	NA	NA	NA	NA	NA	NA	NA	NA	NA	NA	NA	NA	NA	NA	NA	NA	NA	NA	NA	NA	NA	NA	NA	NA	NA	NA	NA	NA	NA	NA	NA	NA	NA	NA	NA	NA	NA	NA	NA	18.27145	7.65447	9.57193	24.2904	15.29429	13.16375	18.60696	11.2115	19.59183	18.7303	15.79135	35.3847	16.6273	7.33252	21.23624	12.77653	14.14086	17.87879	26.36121	18.94998	6.24622	14.26206	11.90415	10.23068	28.02262	77.51998	17.74656	11.56876	44.07211	8.8613	4.11315	12.0921	4.85577	8.83744	27.49639	51.23588	14.85181	14.71616	26.498	9.77864	2.59524	34.45464	16.9447	10.84601	12.37894	6.09743	7.72875	5.40094	5.30171	5.24358	34.56371	14.09782	12.46091	11.88936	7.40809	7.32181	6.78569	4.99906
GH30_3	NA	NA	NA	NA	NA	NA	NA	NA	NA	NA	NA	NA	NA	NA	NA	NA	NA	NA	NA	NA	NA	NA	NA	NA	NA	NA	NA	NA	NA	NA	NA	NA	NA	NA	NA	NA	NA	NA	NA	NA	NA	NA	NA	NA	NA	NA	NA	NA	NA	NA	NA	NA	NA	NA	NA	NA	22.54929	3.34275	14.35016	11.5092	28.68752	6.3163	7.06294	6.80773	31.33221	12.83636	8.50141	9.7462	10.57904	5.58652	31.16388	4.76236	62.23486	7.30999	25.88799	8.75855	17.31676	17.17514	8.02201	5.30102	23.85502	10.18635	10.47346	159.09587	7.67225	18.10917	25.12507	30.66866	5.82064	20.41146	22.74231	7.28114	37.93558	104.52407	7.1255	20.07962	8.80611	24.50061	11.38886	7.09895	7.14796	12.44545	17.45018	10.35025	18.23325	7.18783	30.78423	6.59233	13.56493	6.81171	23.10099	3.24867	4.11892	14.57211
GH30_4	NA	NA	NA	NA	NA	NA	NA	NA	NA	NA	NA	NA	NA	NA	NA	NA	NA	NA	NA	NA	NA	NA	NA	NA	NA	NA	NA	NA	NA	NA	NA	NA	NA	NA	NA	NA	NA	NA	NA	NA	NA	NA	NA	NA	NA	NA	NA	NA	NA	NA	NA	NA	NA	NA	NA	NA	95.93461	9.80108	81.61591	60.55021	55.77875	24.04212	55.06115	28.04934	137.15256	49.90187	61.80501	49.63209	86.95258	62.06609	71.95526	32.52827	116.48166	31.88505	144.56168	63.45408	16.64718	18.47507	27.57209	11.29458	42.17516	46.26303	49.71719	215.38904	63.83396	51.79827	6.88735	26.33707	23.9613	22.16081	28.82393	30.99462	39.59726	139.05082	44.14598	48.76858	34.70602	69.08107	41.40868	46.91253	32.76825	186.36592	36.15552	17.92855	18.49471	28.22413	72.22002	34.31516	75.23728	33.00721	156.11061	14.45756	36.29775	12.70849
GH30_5	NA	NA	NA	NA	NA	NA	NA	NA	NA	NA	NA	NA	NA	NA	NA	NA	NA	NA	NA	NA	NA	NA	NA	NA	NA	NA	NA	NA	NA	NA	NA	NA	NA	NA	NA	NA	NA	NA	NA	NA	NA	NA	NA	NA	NA	NA	NA	NA	NA	NA	NA	NA	NA	NA	NA	NA	2.05751	4.85569	6.01113	4.38998	9.60613	4.7981	7.53993	4.56075	6.73764	4.1024	4.18839	2.41324	4.94752	5.16866	12.20743	5.30354	4.07941	8.13786	5.3149	5.74622	1.89031	13.05261	3.87173	6.79923	5.77723	10.286	4.87301	2.75278	3.3934	7.74204	5.23557	9.16628	5.50032	4.67901	2.77126	8.25229	9.03477	4.64222	2.46927	2.99864	7.24984	7.75552	6.36297	0.32519	6.42667	2.86775	0.85232	9.01972	1.76033	5.0743	4.38824	6.20159	2.43124	3.87747	1.74601	1.9574	1.61076	0.74678
GH30_6	NA	NA	NA	NA	NA	NA	NA	NA	NA	NA	NA	NA	NA	NA	NA	NA	NA	NA	NA	NA	NA	NA	NA	NA	NA	NA	NA	NA	NA	NA	NA	NA	NA	NA	NA	NA	NA	NA	NA	NA	NA	NA	NA	NA	NA	NA	NA	NA	NA	NA	NA	NA	NA	NA	NA	NA	24.63687	4.17988	3.26336	8.48069	16.14836	4.40376	3.6435	7.39171	32.86059	9.19672	21.26742	3.13975	2.61998	6.18905	14.26906	0.59967	7.07904	8.6538	39.57682	3.8078	3.58469	3.67961	13.35854	8.33539	3.70191	11.03218	10.89588	5.53489	3.86373	8.74955	2.68275	5.48024	8.23622	13.75426	4.84406	5.02799	7.53444	6.86827	1.31243	3.78589	1.055	10.04174	5.65549	28.96805	6.21544	1.68496	4.83634	3.76222	17.71183	0.1898	5.1192	12.31683	42.57047	5.42246	3.24295	4.66888	22.62448	14.63644
GH30_8	NA	NA	NA	NA	NA	NA	NA	NA	NA	NA	NA	NA	NA	NA	NA	NA	NA	NA	NA	NA	NA	NA	NA	NA	NA	NA	NA	NA	NA	NA	NA	NA	NA	NA	NA	NA	NA	NA	NA	NA	NA	NA	NA	NA	NA	NA	NA	NA	NA	NA	NA	NA	NA	NA	NA	NA	17.84254	0.93807	3.64881	0.9711	4.20305	1.68501	3.33588	0.17642	3.34235	0.11621	5.39505	6.72289	4.73019	NA	6.11828	2.49072	3.37185	0.21417	4.02532	0.17749	0.53097	2.48987	2.82973	0.69749	7.11001	6.70304	0.73738	1.399	NA	1.31933	0.52017	0.80556	1.46579	1.14227	2.75687	2.36078	0.27914	1.68405	1.91727	2.52153	0.70395	20.23185	6.52298	0.2046	0.81932	1.65836	6.17878	2.21763	1.07303	1.6302	21.7703	6.99993	1.96269	3.03173	2.88648	1.39412	0.79637	2.47024
GH30_9	NA	NA	NA	NA	NA	NA	NA	NA	NA	NA	NA	NA	NA	NA	NA	NA	NA	NA	NA	NA	NA	NA	NA	NA	NA	NA	NA	NA	NA	NA	NA	NA	NA	NA	NA	NA	NA	NA	NA	NA	NA	NA	NA	NA	NA	NA	NA	NA	NA	NA	NA	NA	NA	NA	NA	NA	NA	NA	NA	NA	NA	NA	NA	1.24137	NA	NA	NA	NA	NA	NA	NA	NA	NA	8.15303	NA	NA	2.41372	1.76145	NA	NA	NA	NA	NA	NA	NA	NA	0.57188	1.54072	NA	NA	NA	NA	NA	NA	NA	NA	NA	NA	NA	NA	NA	NA	NA	NA	NA	NA	NA	NA	NA	NA	NA	1.03751	NA	NA
GH31	NA	NA	NA	NA	NA	NA	NA	NA	NA	NA	NA	NA	NA	NA	NA	NA	NA	NA	NA	NA	NA	NA	NA	NA	NA	NA	NA	NA	NA	NA	NA	NA	NA	NA	NA	NA	NA	NA	NA	NA	NA	NA	NA	NA	NA	NA	NA	NA	NA	NA	NA	NA	NA	NA	NA	NA	912.63702	670.0538	704.02734	786.35676	639.01209	586.08474	606.36112	851.56047	1024.82368	1117.10428	881.9709	597.49089	647.9394	485.9825	661.29791	603.68495	727.49623	823.2417	929.68396	956.36306	430.00637	651.12001	679.95322	524.81228	973.31648	819.92869	750.10274	800.24133	680.11424	563.98371	583.30352	726.42563	633.91442	793.8427	871.44892	727.55085	769.69058	762.18456	571.56041	707.89165	869.06677	854.36726	666.1031	684.18082	762.3044	850.52705	624.37133	400.55041	683.21358	800.42265	843.70518	610.35235	730.04054	778.09286	774.20685	659.47029	526.74978	637.27816
GH32	NA	NA	NA	NA	NA	NA	NA	NA	NA	NA	NA	NA	NA	NA	NA	NA	NA	NA	NA	NA	NA	NA	NA	NA	NA	NA	NA	NA	NA	NA	NA	NA	NA	NA	NA	NA	NA	NA	NA	NA	NA	NA	NA	NA	NA	NA	NA	NA	NA	NA	NA	NA	NA	NA	NA	NA	466.98025	363.36773	247.99476	433.99403	552.80459	368.54497	286.13266	621.77969	583.73828	585.32119	462.33527	262.86804	212.11241	291.93904	483.67107	513.30961	469.44921	529.22225	463.76415	572.62844	277.25681	398.16694	463.39486	350.35202	517.36257	399.40492	424.94705	539.70817	462.89177	289.36128	368.33515	393.22378	399.96199	470.0892	461.45892	374.08127	592.58567	483.24373	446.52505	341.88372	476.58493	412.09605	352.70682	348.90513	441.27659	599.09942	434.88442	222.04774	332.37581	335.44191	422.51317	389.04876	491.23753	385.34133	498.56525	381.23191	193.95912	306.80607
GH33	NA	NA	NA	NA	NA	NA	NA	NA	NA	NA	NA	NA	NA	NA	NA	NA	NA	NA	NA	NA	NA	NA	NA	NA	NA	NA	NA	NA	NA	NA	NA	NA	NA	NA	NA	NA	NA	NA	NA	NA	NA	NA	NA	NA	NA	NA	NA	NA	NA	NA	NA	NA	NA	NA	NA	NA	253.7006	58.97787	490.71916	148.92002	300.58033	135.07017	159.60492	94.47504	243.46596	172.3544	210.81547	266.5747	458.85177	202.28924	318.65432	213.60693	232.98836	105.93051	256.82433	135.85007	140.37856	199.2868	132.34027	151.81074	210.08505	304.89385	160.10837	386.63046	198.81061	249.82985	101.10779	226.3051	151.87408	189.22465	234.69441	254.47486	190.12729	291.86411	203.64696	162.52623	74.28741	168.09122	139.15134	343.69313	136.26423	202.8989	108.58764	174.51681	111.07572	73.45018	247.84376	107.32049	272.78852	142.79592	197.50813	100.06895	408.29275	139.9562
GH34	NA	NA	NA	NA	NA	NA	NA	NA	NA	NA	NA	NA	NA	NA	NA	NA	NA	NA	NA	NA	NA	NA	NA	NA	NA	NA	NA	NA	NA	NA	NA	NA	NA	NA	NA	NA	NA	NA	NA	NA	NA	NA	NA	NA	NA	NA	NA	NA	NA	NA	NA	NA	NA	NA	NA	NA	NA	2.02115	NA	1.34272	0.46188	1.26017	NA	NA	NA	NA	NA	0.49069	0.54462	0.65327	NA	NA	NA	NA	NA	0.48627	NA	NA	NA	NA	NA	NA	NA	0.46653	NA	NA	NA	NA	NA	NA	0.60232	NA	NA	0.44974	NA	NA	0.4623	NA	NA	NA	1.11965	NA	NA	NA	NA	NA	NA	NA	0.48655	NA	NA	NA	NA	NA
GH35	NA	NA	NA	NA	NA	NA	NA	NA	NA	NA	NA	NA	NA	NA	NA	NA	NA	NA	NA	NA	NA	NA	NA	NA	NA	NA	NA	NA	NA	NA	NA	NA	NA	NA	NA	NA	NA	NA	NA	NA	NA	NA	NA	NA	NA	NA	NA	NA	NA	NA	NA	NA	NA	NA	NA	NA	202.92657	170.38162	316.48893	155.30071	134.1557	97.66802	122.90094	99.65778	235.71174	170.82926	132.63513	177.08016	280.07916	129.55746	178.15989	171.57165	190.27834	93.35524	223.34087	149.48996	90.3572	117.46184	144.01156	122.5717	251.25705	176.65619	102.05979	197.86617	189.36737	172.11482	82.73643	127.54317	144.6786	169.93463	220.85037	155.26333	105.73229	184.58196	125.6542	141.94568	119.30485	156.26909	123.59602	275.88961	110.44859	242.13761	195.45321	75.35255	180.0271	150.76316	181.0018	99.52101	189.60807	99.45641	233.43378	196.1027	207.68461	166.29205
GH36	NA	NA	NA	NA	NA	NA	NA	NA	NA	NA	NA	NA	NA	NA	NA	NA	NA	NA	NA	NA	NA	NA	NA	NA	NA	NA	NA	NA	NA	NA	NA	NA	NA	NA	NA	NA	NA	NA	NA	NA	NA	NA	NA	NA	NA	NA	NA	NA	NA	NA	NA	NA	NA	NA	NA	NA	428.73507	452.37008	437.18065	517.56864	521.24014	521.22323	352.48231	587.27994	561.81174	597.94865	449.97196	414.18528	400.27355	468.36449	491.75795	648.52956	673.7817	478.51727	499.58232	518.93453	614.21791	520.27881	532.5367	448.99127	635.83091	444.3607	504.43123	871.097	508.12085	421.0149	624.8807	503.40627	532.89965	675.37832	475.45201	407.95721	428.89645	744.72406	510.65938	462.88281	567.64401	503.49563	538.17382	426.33794	507.37791	852.62332	693.04741	241.08466	341.94937	384.98945	516.19322	536.95217	389.61376	497.27771	620.96173	417.19185	301.17535	339.70553
GH37	NA	NA	NA	NA	NA	NA	NA	NA	NA	NA	NA	NA	NA	NA	NA	NA	NA	NA	NA	NA	NA	NA	NA	NA	NA	NA	NA	NA	NA	NA	NA	NA	NA	NA	NA	NA	NA	NA	NA	NA	NA	NA	NA	NA	NA	NA	NA	NA	NA	NA	NA	NA	NA	NA	NA	NA	11.92211	18.42707	10.86623	11.68653	3.52232	45.64357	15.49252	1.87421	6.67018	4.25256	9.81841	17.78306	9.1907	16.35092	4.42111	12.94501	14.70521	10.80452	3.92517	1.5061	38.6098	15.7751	17.87791	17.37489	6.72341	20.00958	8.29107	8.86864	13.31514	3.9349	5.25747	23.19296	16.53187	5.95684	12.17452	36.77981	4.38112	11.55854	15.46307	5.95595	6.93407	9.0727	8.38891	4.72257	7.62598	5.27554	4.64898	4.54796	28.85413	12.60972	7.35047	5.40886	9.7405	10.88617	5.45606	3.92281	9.12067	17.20424
GH38	NA	NA	NA	NA	NA	NA	NA	NA	NA	NA	NA	NA	NA	NA	NA	NA	NA	NA	NA	NA	NA	NA	NA	NA	NA	NA	NA	NA	NA	NA	NA	NA	NA	NA	NA	NA	NA	NA	NA	NA	NA	NA	NA	NA	NA	NA	NA	NA	NA	NA	NA	NA	NA	NA	NA	NA	146.82966	281.07849	173.47234	124.63286	70.97215	145.73832	211.71716	43.10811	234.31272	230.9495	178.89378	126.66971	195.78529	128.61687	84.55358	117.6603	108.67717	59.40687	164.22896	136.32189	205.0145	179.00218	114.29433	155.28831	165.52792	177.13146	134.14711	56.06284	183.27913	158.37816	141.17411	162.74745	147.4376	79.20049	188.39578	178.3197	156.23919	63.45564	126.95805	145.06437	166.20839	128.13695	114.0665	189.41312	132.70701	177.37965	94.08854	106.78943	213.84286	206.5097	157.45658	82.85098	106.3309	145.05241	212.0932	321.39174	100.09514	172.58648
GH39	NA	NA	NA	NA	NA	NA	NA	NA	NA	NA	NA	NA	NA	NA	NA	NA	NA	NA	NA	NA	NA	NA	NA	NA	NA	NA	NA	NA	NA	NA	NA	NA	NA	NA	NA	NA	NA	NA	NA	NA	NA	NA	NA	NA	NA	NA	NA	NA	NA	NA	NA	NA	NA	NA	NA	NA	115.72117	125.31157	57.95237	72.41264	154.39531	63.98244	61.86428	94.19242	134.99124	116.25086	119.2309	35.02512	98.24686	78.77087	130.92325	47.74308	53.83801	39.3852	71.81264	20.40151	219.82964	113.37702	94.65385	56.6007	90.02708	78.98213	122.12053	48.38855	56.30867	69.81025	61.50541	107.43985	97.10906	82.65125	79.18767	44.29182	47.89133	92.05476	40.09507	52.70756	63.11042	88.34499	116.65723	79.16041	107.85454	18.86813	22.3711	42.83616	50.00677	59.4298	77.059	174.51213	64.63395	92.64399	22.88054	32.88496	38.94102	59.69062
GH4	NA	NA	NA	NA	NA	NA	NA	NA	NA	NA	NA	NA	NA	NA	NA	NA	NA	NA	NA	NA	NA	NA	NA	NA	NA	NA	NA	NA	NA	NA	NA	NA	NA	NA	NA	NA	NA	NA	NA	NA	NA	NA	NA	NA	NA	NA	NA	NA	NA	NA	NA	NA	NA	NA	NA	NA	130.4683	207.47681	154.90285	184.83519	93.79126	168.05496	133.00649	110.42802	95.18998	208.07386	160.37716	116.59809	179.82694	201.22368	88.8689	209.02569	174.40557	103.33602	68.54486	239.37021	181.90033	239.75351	150.45725	241.15001	135.39219	116.3956	157.45563	267.33009	105.24381	137.67607	193.22639	187.20802	172.53634	178.69955	179.10808	140.26831	100.55216	271.03996	157.21478	118.64396	233.18741	144.68324	103.83532	144.30059	199.42796	253.47581	181.35059	112.76116	187.80282	197.98782	148.14156	100.0421	136.19189	219.37395	163.1324	238.43962	144.73533	148.87645
GH42	NA	NA	NA	NA	NA	NA	NA	NA	NA	NA	NA	NA	NA	NA	NA	NA	NA	NA	NA	NA	NA	NA	NA	NA	NA	NA	NA	NA	NA	NA	NA	NA	NA	NA	NA	NA	NA	NA	NA	NA	NA	NA	NA	NA	NA	NA	NA	NA	NA	NA	NA	NA	NA	NA	NA	NA	300.22109	213.69383	121.96667	303.5508	178.3102	147.29167	146.5702	365.70097	304.6103	367.64378	297.01392	161.80488	143.59168	183.168	155.89499	124.82984	183.05133	336.55072	241.7056	311.48874	97.66435	219.61647	271.83497	185.11942	264.97922	178.09215	240.68516	85.47726	209.76341	130.62185	140.51442	225.7341	237.13211	146.38954	255.26104	197.36584	294.49999	126.56412	193.6116	166.43365	263.42054	178.32258	249.95972	172.1015	264.0927	161.25581	131.9942	108.92491	221.03477	191.0047	155.51265	209.63311	173.5976	254.75458	135.29714	136.22296	116.1745	176.25679
GH43	NA	NA	NA	NA	NA	NA	NA	NA	NA	NA	NA	NA	NA	NA	NA	NA	NA	NA	NA	NA	NA	NA	NA	NA	NA	NA	NA	NA	NA	NA	NA	NA	NA	NA	NA	NA	NA	NA	NA	NA	NA	NA	NA	NA	NA	NA	NA	NA	NA	NA	NA	NA	NA	NA	NA	NA	2495.22582	1147.48658	2136.47379	1797.29729	1947.58867	1250.08453	1219.38876	1573.82946	2973.29286	2022.00484	1898.06863	1972.29776	1973.02307	1108.89825	2297.29126	1960.00903	2342.06709	1674.03112	2886.43298	1678.34937	1243.78094	1570.07221	1489.59844	1161.16694	2989.53915	2261.63108	2028.19331	3369.39318	2360.74314	2011.43743	1472.5761	1603.59219	1435.72311	2126.82309	2365.91737	1519.72967	1920.53748	2560.81562	1607.8262	1939.2128	1370.32921	3014.41364	1688.34437	2112.58321	1798.46562	2995.72608	2231.24402	949.25747	2103.13171	1298.04702	2594.84227	1620.94032	2895.45183	1503.20637	2757.05262	949.05267	1350.78814	1681.59924
GH43_1	NA	NA	NA	NA	NA	NA	NA	NA	NA	NA	NA	NA	NA	NA	NA	NA	NA	NA	NA	NA	NA	NA	NA	NA	NA	NA	NA	NA	NA	NA	NA	NA	NA	NA	NA	NA	NA	NA	NA	NA	NA	NA	NA	NA	NA	NA	NA	NA	NA	NA	NA	NA	NA	NA	NA	NA	51.51902	9.18796	28.42858	27.50807	11.75766	17.43846	14.41808	47.2936	47.38888	28.42985	39.63369	37.99955	32.79731	16.37248	16.74078	100.20323	73.66598	56.93192	70.76601	24.47547	37.95977	12.87505	14.3952	10.75639	37.52321	60.64301	9.11444	168.08479	33.60028	9.51184	58.57297	19.13573	11.07147	63.13635	20.27432	34.74079	44.50331	93.22693	29.4728	11.67962	29.37155	29.11763	18.75254	46.76197	10.08235	121.17389	117.87129	10.72181	NA	18.20302	34.90165	35.84926	75.5661	6.12978	82.14174	19.30287	23.75565	0.34686
GH43_10	NA	NA	NA	NA	NA	NA	NA	NA	NA	NA	NA	NA	NA	NA	NA	NA	NA	NA	NA	NA	NA	NA	NA	NA	NA	NA	NA	NA	NA	NA	NA	NA	NA	NA	NA	NA	NA	NA	NA	NA	NA	NA	NA	NA	NA	NA	NA	NA	NA	NA	NA	NA	NA	NA	NA	NA	152.85602	92.06325	79.00183	144.48766	170.86523	64.2092	86.54869	245.55478	165.61275	133.8688	114.6942	167.55045	97.579	117.8221	179.47102	175.48189	274.74166	237.56694	161.91955	91.67961	72.12152	110.28382	111.67587	103.08048	173.95104	210.28367	158.28592	277.55539	123.60244	45.6908	114.985	113.72923	100.53257	173.11292	142.18924	159.11611	208.27304	211.15923	115.0828	91.44479	105.34787	220.70465	152.40449	101.38604	123.7124	290.76291	184.44284	49.02069	144.48432	74.18155	211.33322	141.17465	241.05114	97.29958	259.62141	56.1628	67.91165	104.20634
GH43_11	NA	NA	NA	NA	NA	NA	NA	NA	NA	NA	NA	NA	NA	NA	NA	NA	NA	NA	NA	NA	NA	NA	NA	NA	NA	NA	NA	NA	NA	NA	NA	NA	NA	NA	NA	NA	NA	NA	NA	NA	NA	NA	NA	NA	NA	NA	NA	NA	NA	NA	NA	NA	NA	NA	NA	NA	42.65424	45.57642	4.66861	37.39932	20.65314	15.18088	11.24685	7.85249	58.05601	39.86966	49.55241	31.9924	8.241	14.75256	18.93118	13.44672	22.34546	12.71051	46.2973	16.35433	10.66688	50.32189	23.30753	37.57577	43.16093	35.20139	33.58323	19.17889	28.18842	12.04427	17.0873	54.73726	27.12476	31.6119	39.98426	27.77647	27.30392	40.73747	18.76652	18.1681	28.38512	24.31919	29.23679	3.39408	37.07119	7.40301	7.48035	11.91946	17.3915	19.91497	17.30217	38.06093	15.22802	19.74503	7.27511	4.43956	8.64954	22.82753
GH43_12	NA	NA	NA	NA	NA	NA	NA	NA	NA	NA	NA	NA	NA	NA	NA	NA	NA	NA	NA	NA	NA	NA	NA	NA	NA	NA	NA	NA	NA	NA	NA	NA	NA	NA	NA	NA	NA	NA	NA	NA	NA	NA	NA	NA	NA	NA	NA	NA	NA	NA	NA	NA	NA	NA	NA	NA	126.9373	61.42424	43.82208	95.03888	87.76976	35.4918	52.38518	108.60195	73.21496	73.87446	96.1734	81.42718	45.09385	72.34401	100.93055	74.39913	120.8967	87.12961	95.22668	60.43454	54.34878	81.83406	87.46246	61.79342	109.01686	134.61949	85.50896	142.42297	66.49945	39.00577	92.27904	71.59589	87.58313	130.40525	81.175	91.89737	125.01666	122.90494	83.5521	49.89823	58.3572	92.74598	89.95966	59.34809	73.65311	149.79876	110.43461	26.46705	120.75447	53.79254	94.71449	73.93607	100.79373	51.32962	151.1199	39.21763	43.95572	82.53824
GH43_16	NA	NA	NA	NA	NA	NA	NA	NA	NA	NA	NA	NA	NA	NA	NA	NA	NA	NA	NA	NA	NA	NA	NA	NA	NA	NA	NA	NA	NA	NA	NA	NA	NA	NA	NA	NA	NA	NA	NA	NA	NA	NA	NA	NA	NA	NA	NA	NA	NA	NA	NA	NA	NA	NA	NA	NA	6.34994	11.4162	18.90763	28.81156	33.74786	13.88848	13.50384	3.67048	39.41821	14.47741	10.35995	17.28423	13.6865	33.34385	56.01745	13.41363	19.27066	17.54351	36.92607	18.89011	28.79432	10.79941	33.29562	15.26184	57.27924	68.0335	46.80786	11.11158	41.74856	30.01312	40.1953	20.72573	63.37094	51.04878	37.84556	26.00422	9.35352	17.56938	25.98403	49.9085	8.29055	66.31358	72.92925	10.13619	52.04118	14.76412	11.60342	9.11595	81.80986	12.1959	54.44903	48.16676	22.55857	32.74608	18.56336	3.37801	7.32793	78.18336
GH43_17	NA	NA	NA	NA	NA	NA	NA	NA	NA	NA	NA	NA	NA	NA	NA	NA	NA	NA	NA	NA	NA	NA	NA	NA	NA	NA	NA	NA	NA	NA	NA	NA	NA	NA	NA	NA	NA	NA	NA	NA	NA	NA	NA	NA	NA	NA	NA	NA	NA	NA	NA	NA	NA	NA	NA	NA	41.58194	18.87335	52.5878	21.39866	44.11058	25.43729	17.66343	19.8002	54.44443	28.38473	27.03062	40.07123	58.92769	12.83918	37.89239	12.70793	18.12409	15.05701	72.27914	20.576	10.98866	21.69069	17.62551	19.962	12.71781	33.8405	23.00619	13.95638	41.75556	23.65126	19.31963	11.69013	17.86497	13.72889	10.66434	24.1671	26.09971	17.12124	27.1314	26.05854	14.38212	44.1123	46.6158	47.20782	17.57868	19.19454	43.90727	45.34015	4.51994	19.40349	36.37967	39.17776	60.85366	24.20803	24.66995	13.84613	65.59991	8.86721
GH43_18	NA	NA	NA	NA	NA	NA	NA	NA	NA	NA	NA	NA	NA	NA	NA	NA	NA	NA	NA	NA	NA	NA	NA	NA	NA	NA	NA	NA	NA	NA	NA	NA	NA	NA	NA	NA	NA	NA	NA	NA	NA	NA	NA	NA	NA	NA	NA	NA	NA	NA	NA	NA	NA	NA	NA	NA	60.71092	7.53428	18.58668	16.9944	38.16307	19.06215	16.7078	25.82993	55.9549	15.81968	41.64172	48.93136	26.78116	7.84532	58.01503	42.6681	84.82588	17.19267	63.42656	3.43852	20.98019	8.65026	21.86246	14.1465	40.9546	39.18103	27.86872	144.32982	10.08283	11.8148	33.03948	6.0644	11.25016	67.30499	26.77613	15.78601	64.97975	97.60654	17.48295	9.79273	14.12398	37.32119	18.456	39.13878	16.09296	92.22019	8.67223	7.94391	18.67192	7.79487	47.03059	15.84265	81.21627	10.55318	76.76972	7.58067	25.91418	16.40704
GH43_19	NA	NA	NA	NA	NA	NA	NA	NA	NA	NA	NA	NA	NA	NA	NA	NA	NA	NA	NA	NA	NA	NA	NA	NA	NA	NA	NA	NA	NA	NA	NA	NA	NA	NA	NA	NA	NA	NA	NA	NA	NA	NA	NA	NA	NA	NA	NA	NA	NA	NA	NA	NA	NA	NA	NA	NA	63.66302	12.3171	61.02518	19.65589	55.45578	24.41885	32.50856	30.43061	111.39247	51.3176	41.87309	55.02117	57.38632	10.93945	68.34113	26.43199	26.299	35.76232	130.16468	52.87291	9.93161	20.63405	27.54548	13.42579	36.37311	50.45998	41.70757	18.19669	54.31586	43.30406	6.76827	40.25929	21.86863	24.90109	33.96058	30.06503	38.30753	22.72235	36.64325	39.33584	13.43851	85.41682	32.71488	55.99619	35.50497	37.39819	13.25741	15.13455	24.84218	22.64882	75.24116	30.93941	108.93554	22.70632	46.42474	8.20874	29.7517	20.93261
GH43_2	NA	NA	NA	NA	NA	NA	NA	NA	NA	NA	NA	NA	NA	NA	NA	NA	NA	NA	NA	NA	NA	NA	NA	NA	NA	NA	NA	NA	NA	NA	NA	NA	NA	NA	NA	NA	NA	NA	NA	NA	NA	NA	NA	NA	NA	NA	NA	NA	NA	NA	NA	NA	NA	NA	NA	NA	32.36956	3.2017	9.06353	7.99729	9.66969	5.31487	14.03571	34.03786	6.25792	8.5575	8.41771	11.33099	4.85826	3.35097	24.25649	13.3745	68.53	39.1144	9.9411	23.59033	21.72704	2.51633	6.58113	8.62635	57.7631	16.1971	14.69087	128.23679	26.06182	7.67819	36.54994	5.97603	3.30224	60.14861	41.93616	7.74598	2.12726	78.64412	3.88517	8.12616	26.60539	48.10675	11.54517	9.75144	9.68186	103.13845	50.60343	5.98482	11.89136	14.2983	45.47775	12.72183	23.94038	8.97871	91.31785	12.11141	6.15332	9.08866
GH43_22	NA	NA	NA	NA	NA	NA	NA	NA	NA	NA	NA	NA	NA	NA	NA	NA	NA	NA	NA	NA	NA	NA	NA	NA	NA	NA	NA	NA	NA	NA	NA	NA	NA	NA	NA	NA	NA	NA	NA	NA	NA	NA	NA	NA	NA	NA	NA	NA	NA	NA	NA	NA	NA	NA	NA	NA	6.22572	30.64698	5.18344	19.12217	15.95974	20.95063	10.48562	12.4897	23.30421	18.65251	10.44798	27.88555	12.0052	23.50051	14.19072	6.06749	8.33081	56.51617	10.53751	15.7382	11.37458	28.27495	26.7962	32.03782	24.67758	31.9908	18.37301	10.15343	30.02158	27.5897	9.80987	34.63374	27.76104	7.38275	16.97277	26.26059	22.3719	13.79796	11.2073	13.1505	15.81015	14.67242	19.57466	14.17936	23.19084	4.76457	8.65122	18.86073	22.52938	13.45625	12.29386	11.7383	14.32137	25.13789	5.55455	18.55391	25.25799	39.399
GH43_24	NA	NA	NA	NA	NA	NA	NA	NA	NA	NA	NA	NA	NA	NA	NA	NA	NA	NA	NA	NA	NA	NA	NA	NA	NA	NA	NA	NA	NA	NA	NA	NA	NA	NA	NA	NA	NA	NA	NA	NA	NA	NA	NA	NA	NA	NA	NA	NA	NA	NA	NA	NA	NA	NA	NA	NA	112.7487	55.69975	259.02671	99.02886	83.57494	67.12353	91.39979	59.9117	189.63461	89.56766	79.28313	127.23223	216.20613	65.31127	106.24772	105.29732	153.23033	80.31343	176.4456	82.34389	48.2201	89.74122	70.06222	55.33407	117.33224	96.47847	87.87335	31.10754	113.2952	106.83231	33.26482	103.99727	59.74576	59.20659	117.54188	78.27064	91.78323	43.80771	90.10202	87.49478	97.02997	110.51872	75.80261	197.61918	78.61686	165.89919	100.71684	45.332	136.53229	131.99038	132.4344	53.86475	172.94722	63.84586	158.91868	47.56553	133.43136	118.03077
GH43_26	NA	NA	NA	NA	NA	NA	NA	NA	NA	NA	NA	NA	NA	NA	NA	NA	NA	NA	NA	NA	NA	NA	NA	NA	NA	NA	NA	NA	NA	NA	NA	NA	NA	NA	NA	NA	NA	NA	NA	NA	NA	NA	NA	NA	NA	NA	NA	NA	NA	NA	NA	NA	NA	NA	NA	NA	91.79592	38.02914	30.16073	56.06314	29.30663	23.60324	17.81466	24.17156	48.52531	42.11593	73.63064	19.60797	27.01471	21.66749	31.22855	19.528	20.0926	24.10161	36.21736	10.75016	31.02676	44.41284	38.80692	28.64731	61.63225	73.73025	41.30594	19.11627	30.29376	24.87562	34.88032	35.93633	30.51349	33.65078	46.60263	63.67359	26.54696	24.27988	18.72069	28.64257	21.1685	66.60526	21.23626	21.25222	31.05182	61.86227	19.61905	14.47516	39.6563	16.52291	53.37991	26.78363	32.94977	29.40912	44.73469	25.84658	11.84839	33.54658
GH43_27	NA	NA	NA	NA	NA	NA	NA	NA	NA	NA	NA	NA	NA	NA	NA	NA	NA	NA	NA	NA	NA	NA	NA	NA	NA	NA	NA	NA	NA	NA	NA	NA	NA	NA	NA	NA	NA	NA	NA	NA	NA	NA	NA	NA	NA	NA	NA	NA	NA	NA	NA	NA	NA	NA	NA	NA	5.36559	7.33856	0.61345	0.68679	4.55646	2.35484	0.86264	2.17128	8.97307	1.4506	6.01139	6.45226	2.35572	2.48983	6.77928	0.76063	1.66415	13.06701	0.39105	1.63385	3.04114	10.52494	7.05065	8.33717	3.04206	7.94764	12.40399	1.79922	15.56861	4.02508	1.52687	7.51348	5.18434	1.11287	2.97746	0.76777	0.17516	1.55779	10.91893	1.6463	0.21632	7.33243	6.64925	3.88207	7.38575	0.09601	0.31293	2.38348	13.80639	0.20024	11.92065	3.2848	2.35899	5.37535	1.4251	1.71145	4.39777	25.28076
GH43_28	NA	NA	NA	NA	NA	NA	NA	NA	NA	NA	NA	NA	NA	NA	NA	NA	NA	NA	NA	NA	NA	NA	NA	NA	NA	NA	NA	NA	NA	NA	NA	NA	NA	NA	NA	NA	NA	NA	NA	NA	NA	NA	NA	NA	NA	NA	NA	NA	NA	NA	NA	NA	NA	NA	NA	NA	55.10047	25.49515	63.97492	59.02701	46.91215	23.62795	27.89009	44.1268	72.89346	100.05231	41.08259	37.58058	59.77368	52.33535	64.74774	24.13591	33.17993	42.57481	76.55876	106.39646	25.38987	30.09097	42.1257	29.47361	117.57122	103.01447	85.76035	30.71441	49.49987	89.23539	19.77257	39.7009	35.17043	46.73702	105.58433	71.26246	44.38919	43.66223	46.842	75.92435	33.98729	66.21883	51.59906	63.39292	88.46963	46.4573	28.82253	27.1935	108.33476	53.53383	60.35723	43.55474	68.04257	78.27558	66.26632	43.70765	15.25382	55.1373
GH43_29	NA	NA	NA	NA	NA	NA	NA	NA	NA	NA	NA	NA	NA	NA	NA	NA	NA	NA	NA	NA	NA	NA	NA	NA	NA	NA	NA	NA	NA	NA	NA	NA	NA	NA	NA	NA	NA	NA	NA	NA	NA	NA	NA	NA	NA	NA	NA	NA	NA	NA	NA	NA	NA	NA	NA	NA	35.88497	11.02243	18.45527	44.54894	22.39929	19.56369	30.27057	92.66314	52.96267	36.60885	21.15354	21.61969	31.37863	36.70666	58.79836	108.46627	87.90205	94.89809	71.71432	71.20846	40.76319	18.38614	13.99754	17.28016	191.53271	46.57592	22.21797	215.36927	8.57991	19.66604	61.22261	27.0827	14.62305	105.13657	137.47787	21.65904	69.77936	130.75471	4.00743	32.61647	36.87213	82.79099	32.20557	36.49054	16.66076	140.9279	131.83359	18.83796	12.99704	22.00543	72.37022	42.00649	87.5291	12.27	117.40657	25.82346	23.96718	13.58131
GH43_3	NA	NA	NA	NA	NA	NA	NA	NA	NA	NA	NA	NA	NA	NA	NA	NA	NA	NA	NA	NA	NA	NA	NA	NA	NA	NA	NA	NA	NA	NA	NA	NA	NA	NA	NA	NA	NA	NA	NA	NA	NA	NA	NA	NA	NA	NA	NA	NA	NA	NA	NA	NA	NA	NA	NA	NA	40.15128	5.60334	27.74037	14.30287	33.8191	14.4717	8.68976	13.78049	40.40742	30.51332	25.35573	25.38768	21.67067	16.74862	38.57648	18.77075	12.62625	8.919	31.72329	19.77457	13.53183	30.06338	14.38313	5.82838	37.23588	28.26999	19.55129	7.74231	22.79097	22.4873	14.47156	42.7534	8.44971	12.34044	28.20798	20.72109	16.06677	5.94953	9.49337	24.61517	3.57153	52.70709	18.74459	14.27528	14.08128	26.06777	4.79683	10.70082	21.21242	5.45339	42.63406	20.09223	45.3633	13.84657	38.52457	13.87436	14.8482	11.33025
GH43_31	NA	NA	NA	NA	NA	NA	NA	NA	NA	NA	NA	NA	NA	NA	NA	NA	NA	NA	NA	NA	NA	NA	NA	NA	NA	NA	NA	NA	NA	NA	NA	NA	NA	NA	NA	NA	NA	NA	NA	NA	NA	NA	NA	NA	NA	NA	NA	NA	NA	NA	NA	NA	NA	NA	NA	NA	21.13551	4.84995	36.13427	12.1991	33.75367	13.46031	8.60154	16.64645	63.86932	35.84918	4.02762	19.64044	28.58047	15.9936	36.46052	13.3868	13.66857	13.7325	66.47282	37.22644	13.87798	20.20125	16.82201	12.93388	46.92935	18.74543	23.65019	7.68147	27.24631	40.85831	7.81877	20.21917	10.47542	12.44042	42.64147	11.4372	21.11036	7.77126	16.57658	35.23972	3.44264	20.22645	16.33544	15.82523	13.91925	27.31521	4.64468	18.24291	38.88717	3.6602	28.52657	10.96966	41.8897	19.52164	48.83963	13.48879	18.14728	26.49038
GH43_33	NA	NA	NA	NA	NA	NA	NA	NA	NA	NA	NA	NA	NA	NA	NA	NA	NA	NA	NA	NA	NA	NA	NA	NA	NA	NA	NA	NA	NA	NA	NA	NA	NA	NA	NA	NA	NA	NA	NA	NA	NA	NA	NA	NA	NA	NA	NA	NA	NA	NA	NA	NA	NA	NA	NA	NA	0.61008	8.62437	12.67584	3.11281	10.61882	6.23117	13.5825	5.16908	33.58244	21.89386	0.73476	10.71677	13.99061	8.1466	6.49864	7.40798	7.31613	7.4471	30.70252	15.04801	10.16462	4.35992	10.32882	12.64409	16.74516	7.27507	11.76748	6.08428	21.76556	20.09874	11.52731	7.32685	7.23265	9.76283	18.89654	4.95405	9.64826	4.20074	12.55861	23.43499	8.54637	16.62849	6.04142	17.91582	10.42065	13.16335	2.40771	20.73204	14.20356	3.38043	18.33088	5.40162	15.76229	7.73274	22.19593	8.45118	23.47018	9.51313
GH43_34	NA	NA	NA	NA	NA	NA	NA	NA	NA	NA	NA	NA	NA	NA	NA	NA	NA	NA	NA	NA	NA	NA	NA	NA	NA	NA	NA	NA	NA	NA	NA	NA	NA	NA	NA	NA	NA	NA	NA	NA	NA	NA	NA	NA	NA	NA	NA	NA	NA	NA	NA	NA	NA	NA	NA	NA	117.20487	15.17707	65.17935	40.39167	58.71966	27.45377	36.1708	27.62624	104.20992	61.08516	106.36688	44.64087	60.02729	35.36382	68.16957	20.85374	71.42574	42.38781	133.01556	81.63796	19.51528	57.00258	37.23533	23.03731	59.83764	44.32186	50.53761	131.8371	66.26754	52.63445	15.15094	87.00854	21.90718	25.70314	48.6207	36.13426	72.25129	77.02521	48.12237	44.39754	43.43519	89.0682	33.35981	63.10183	40.1187	121.86777	47.00672	24.05666	45.79524	29.54284	95.6817	39.12083	107.45686	40.33589	123.51729	29.59419	35.24851	34.06641
GH43_35	NA	NA	NA	NA	NA	NA	NA	NA	NA	NA	NA	NA	NA	NA	NA	NA	NA	NA	NA	NA	NA	NA	NA	NA	NA	NA	NA	NA	NA	NA	NA	NA	NA	NA	NA	NA	NA	NA	NA	NA	NA	NA	NA	NA	NA	NA	NA	NA	NA	NA	NA	NA	NA	NA	NA	NA	66.98975	104.72798	55.58161	72.12241	80.98876	58.26994	60.22557	39.69146	127.71497	73.17227	66.30118	74.73549	60.62912	74.73241	78.60352	67.18999	113.63299	46.39425	93.89263	40.16167	46.36832	124.81553	116.69039	74.23449	152.67657	106.89984	116.5998	69.07101	59.38227	93.24266	60.44022	105.41818	131.49769	64.05926	113.84929	81.4315	56.7844	120.37935	76.20331	115.3054	79.09108	143.57092	92.1221	59.87746	116.80729	31.88594	27.30073	54.55177	153.96878	106.11768	119.32306	96.48918	85.44249	113.33751	40.26477	28.36871	54.51108	87.39852
GH43_37	NA	NA	NA	NA	NA	NA	NA	NA	NA	NA	NA	NA	NA	NA	NA	NA	NA	NA	NA	NA	NA	NA	NA	NA	NA	NA	NA	NA	NA	NA	NA	NA	NA	NA	NA	NA	NA	NA	NA	NA	NA	NA	NA	NA	NA	NA	NA	NA	NA	NA	NA	NA	NA	NA	NA	NA	0.78134	0.73647	2.16963	1.73953	1.59641	NA	0.50659	0.38941	3.72816	NA	0.60159	0.26092	0.27333	1.00381	3.34368	NA	0.84794	0.94547	3.05555	0.65475	0.29597	2.45298	0.45943	0.13059	0.60415	3.65912	0.59178	0.24807	7.91617	1.92164	0.67661	0.97876	5.85718	0.29032	1.71031	1.38215	1.02692	1.96953	1.5568	3.38421	2.61128	1.33108	0.80009	NA	0.71685	0.90156	0.58401	1.66779	1.43655	1.19047	0.92435	0.91344	1.51104	0.71962	0.79862	0.3692	0.38895	1.65034
GH43_4	NA	NA	NA	NA	NA	NA	NA	NA	NA	NA	NA	NA	NA	NA	NA	NA	NA	NA	NA	NA	NA	NA	NA	NA	NA	NA	NA	NA	NA	NA	NA	NA	NA	NA	NA	NA	NA	NA	NA	NA	NA	NA	NA	NA	NA	NA	NA	NA	NA	NA	NA	NA	NA	NA	NA	NA	78.30138	26.73744	38.0955	62.94532	43.7092	21.54718	16.17144	65.82072	66.18316	46.20857	80.92122	41.94326	30.54972	32.31541	57.28344	101.77964	80.38274	97.24463	67.97972	29.5817	31.82731	21.79053	45.62601	23.702	103.23715	48.00058	49.11335	172.24026	35.04588	19.93166	55.80162	17.70127	36.76461	142.1958	60.55418	27.85597	80.55753	113.79244	33.61729	22.69006	43.50919	66.6057	38.45957	39.92408	43.20341	145.34177	119.09818	11.57233	27.12053	25.64681	44.48257	49.15259	87.32815	23.13814	142.00435	26.72375	33.31353	17.7999
GH43_5	NA	NA	NA	NA	NA	NA	NA	NA	NA	NA	NA	NA	NA	NA	NA	NA	NA	NA	NA	NA	NA	NA	NA	NA	NA	NA	NA	NA	NA	NA	NA	NA	NA	NA	NA	NA	NA	NA	NA	NA	NA	NA	NA	NA	NA	NA	NA	NA	NA	NA	NA	NA	NA	NA	NA	NA	0.14561	1.67891	5.46822	11.78648	0.34158	9.75532	4.45429	NA	NA	2.50199	NA	0.59617	2.57771	11.39566	NA	54.49645	52.02409	NA	NA	11.96151	22.11684	5.74042	0.53048	3.17369	0.71674	0.83757	2.31577	108.82377	NA	0.3697	36.01471	7.64813	0.64051	35.89493	0.26009	0.39683	34.12758	67.89491	NA	0.52593	22.40939	0.14574	2.37095	0.42199	2.65479	85.86426	63.14764	1.02995	0.45487	11.70283	0.91125	1.31368	0.23467	0.77674	60.55513	9.8258	0.16943	0.31415
GH43_7	NA	NA	NA	NA	NA	NA	NA	NA	NA	NA	NA	NA	NA	NA	NA	NA	NA	NA	NA	NA	NA	NA	NA	NA	NA	NA	NA	NA	NA	NA	NA	NA	NA	NA	NA	NA	NA	NA	NA	NA	NA	NA	NA	NA	NA	NA	NA	NA	NA	NA	NA	NA	NA	NA	NA	NA	NA	0.81005	3.15769	12.57795	4.03464	1.69195	1.22854	32.59749	1.84014	0.97778	NA	3.60597	1.13515	4.4651	10.72073	4.03932	37.48445	35.91246	0.82801	0.73528	20.48365	1.00447	NA	4.07952	34.8107	3.85294	2.04463	101.1156	9.93203	1.86892	34.82268	5.4107	NA	50.49646	28.02349	3.44809	4.88843	54.96716	2.483	2.84476	17.61531	9.82938	6.2659	10.47062	3.17025	70.73072	36.36304	6.41106	NA	5.70216	9.08842	3.40606	21.73212	0.86916	32.60306	7.17528	4.21182	NA
GH43_8	NA	NA	NA	NA	NA	NA	NA	NA	NA	NA	NA	NA	NA	NA	NA	NA	NA	NA	NA	NA	NA	NA	NA	NA	NA	NA	NA	NA	NA	NA	NA	NA	NA	NA	NA	NA	NA	NA	NA	NA	NA	NA	NA	NA	NA	NA	NA	NA	NA	NA	NA	NA	NA	NA	NA	NA	5.82999	2.06878	6.62637	4.17333	6.76097	5.2947	1.2381	9.84861	4.23688	10.51758	5.92208	21.28543	10.23296	5.53133	4.04788	3.8601	3.50157	6.95937	1.0807	3.99919	0.69186	6.53226	7.60835	3.2123	1.84177	4.08484	5.18655	1.41663	16.62084	4.00946	0.64253	4.73537	5.07272	6.60032	2.30926	10.24223	11.79163	4.55922	15.8685	5.10926	4.46688	3.67372	2.49802	6.02249	3.50928	14.12354	1.44041	5.30459	16.34116	2.44457	3.95478	4.68568	5.07899	5.17639	20.54969	3.79941	8.53864	10.45172
GH43_9	NA	NA	NA	NA	NA	NA	NA	NA	NA	NA	NA	NA	NA	NA	NA	NA	NA	NA	NA	NA	NA	NA	NA	NA	NA	NA	NA	NA	NA	NA	NA	NA	NA	NA	NA	NA	NA	NA	NA	NA	NA	NA	NA	NA	NA	NA	NA	NA	NA	NA	NA	NA	NA	NA	NA	NA	35.78388	6.30483	15.47071	3.63097	31.64888	8.4193	16.52968	15.27094	41.52858	12.4707	33.52179	36.74289	25.86306	4.52512	34.67931	6.26613	11.70059	17.82507	60.21415	9.96814	3.99334	2.38873	13.18347	8.4588	20.69732	58.47252	14.76472	8.57722	52.32104	5.99798	2.16458	4.7775	8.59703	13.32916	15.97416	36.81203	21.28036	10.24946	28.31628	3.83933	5.35728	15.45874	7.78705	18.25628	12.1878	14.96207	4.87302	5.76016	9.57131	5.97039	11.63082	9.08902	41.34486	6.55779	15.12103	6.45644	18.75662	9.98115
GH44	NA	NA	NA	NA	NA	NA	NA	NA	NA	NA	NA	NA	NA	NA	NA	NA	NA	NA	NA	NA	NA	NA	NA	NA	NA	NA	NA	NA	NA	NA	NA	NA	NA	NA	NA	NA	NA	NA	NA	NA	NA	NA	NA	NA	NA	NA	NA	NA	NA	NA	NA	NA	NA	NA	NA	NA	0.92076	7.70048	2.33607	4.72497	1.26715	0.35212	2.58178	2.28023	3.1555	0.21093	1.77235	0.543	3.0304	1.71526	1.25435	1.74602	16.44602	1.93491	5.20227	0.64428	2.76939	2.74977	0.90709	1.42269	5.84329	4.73586	17.24141	12.52301	10.51112	2.39239	2.98714	1.85134	2.41503	3.48068	4.69855	1.18798	NA	19.10101	7.67601	0.97704	7.66834	69.67458	1.04116	3.82374	16.39236	5.94081	2.362	5.05234	NA	2.47441	58.20002	0.37155	9.57064	11.43692	6.15306	0.18129	1.21558	NA
GH46	NA	NA	NA	NA	NA	NA	NA	NA	NA	NA	NA	NA	NA	NA	NA	NA	NA	NA	NA	NA	NA	NA	NA	NA	NA	NA	NA	NA	NA	NA	NA	NA	NA	NA	NA	NA	NA	NA	NA	NA	NA	NA	NA	NA	NA	NA	NA	NA	NA	NA	NA	NA	NA	NA	NA	NA	NA	NA	NA	NA	NA	NA	NA	NA	NA	NA	NA	NA	NA	NA	NA	NA	NA	NA	NA	0.35993	NA	NA	NA	NA	0.37855	NA	NA	NA	NA	NA	NA	NA	NA	NA	NA	NA	NA	NA	NA	NA	NA	NA	0.37248	NA	NA	NA	NA	NA	NA	NA	NA	2.04476	NA	NA	NA	NA	NA	NA
GH47	NA	23.94157	NA	NA	NA	NA	NA	NA	NA	NA	NA	28.04064	NA	NA	NA	NA	NA	NA	NA	NA	NA	NA	NA	NA	NA	NA	NA	NA	NA	NA	NA	NA	NA	NA	NA	NA	87.60596	NA	NA	NA	NA	20.29503	NA	NA	NA	NA	NA	NA	NA	NA	NA	NA	NA	NA	NA	22.79547	NA	NA	NA	NA	0.57773	1.10598	NA	NA	NA	NA	NA	2.86194	NA	NA	7.81952	NA	NA	NA	NA	NA	9.00846	NA	NA	NA	NA	NA	NA	1.46297	NA	NA	2.04632	NA	NA	NA	NA	NA	NA	0.45404	NA	0.71558	NA	6.94436	0.28525	NA	NA	NA	5.69359	NA	NA	NA	4.04733	NA	NA	NA	NA	NA	NA	NA
GH48	NA	NA	NA	NA	NA	NA	NA	NA	NA	NA	NA	NA	NA	NA	NA	NA	NA	NA	NA	NA	NA	NA	NA	NA	NA	NA	NA	NA	NA	NA	NA	NA	NA	NA	NA	NA	NA	NA	NA	NA	NA	NA	NA	NA	NA	NA	NA	NA	NA	NA	NA	NA	NA	NA	NA	NA	2.31482	6.67804	0.19117	1.82674	0.80722	1.45186	0.79994	0.3713	1.58228	NA	4.11132	0.12735	0.15074	0.95671	0.4764	0.25846	1.01594	NA	3.33546	NA	5.75602	3.34552	1.75049	0.90019	11.72373	4.55178	13.60186	5.05574	2.05331	0.43372	5.47771	3.51081	2.71274	8.43001	4.58288	0.38577	NA	4.60057	0.96249	0.96095	4.20621	1.78844	3.39782	0.63448	8.16889	5.14283	5.28335	1.42395	2.12088	4.00516	1.14681	4.46602	6.93707	5.23602	3.826	1.40168	0.06061	1.46476
GH49	NA	NA	NA	NA	NA	NA	NA	NA	NA	NA	NA	NA	NA	NA	NA	NA	NA	NA	NA	NA	NA	NA	NA	NA	NA	NA	NA	NA	NA	NA	NA	NA	NA	NA	NA	NA	NA	NA	NA	NA	NA	NA	NA	NA	NA	NA	NA	NA	NA	NA	NA	NA	NA	NA	NA	NA	0.12814	NA	1.30829	NA	NA	0.45081	0.86728	NA	NA	0.271	NA	NA	0.23178	NA	NA	NA	NA	NA	NA	NA	NA	NA	NA	NA	NA	0.36714	0.85726	NA	0.81121	8.9425	NA	NA	NA	NA	NA	2.46424	0.32457	NA	1.09294	7.68561	0.20417	0.0905	NA	0.55663	0.45314	NA	NA	0.87853	NA	NA	0.09279	NA	0.13266	0.3727	NA	0.07974	0.38312	NA
GH5	NA	NA	NA	NA	NA	NA	NA	NA	NA	NA	NA	NA	NA	NA	NA	NA	NA	NA	NA	NA	NA	NA	NA	NA	NA	NA	NA	NA	NA	NA	NA	NA	NA	NA	NA	NA	NA	NA	NA	NA	NA	NA	NA	NA	NA	NA	NA	NA	NA	NA	NA	NA	NA	NA	NA	NA	988.92334	1220.57111	925.28486	1536.85118	1675.92984	868.84732	496.39353	868.30011	1160.16519	985.69612	1110.13373	1153.51487	762.64127	1421.01132	1765.96545	1044.01111	2123.719	758.06373	1505.27762	910.23028	1253.89589	1526.72904	1379.50891	650.93095	2572.86709	1667.03134	1688.06455	3969.17621	1167.47447	959.76037	1843.53983	1568.74721	1948.59931	2220.58845	1227.69703	1134.14406	1373.70215	3002.77178	1137.42178	1814.03202	1480.30395	1880.29958	2937.52999	689.09768	1483.32754	2869.79773	1573.34465	529.16925	1923.08249	801.29454	1613.76433	2031.85793	1130.12529	1142.35735	2097.84324	515.17055	481.85874	1316.80122
GH50	NA	NA	NA	NA	NA	NA	NA	NA	NA	NA	NA	NA	NA	NA	NA	NA	NA	NA	NA	NA	NA	NA	NA	NA	NA	NA	NA	NA	NA	NA	NA	NA	NA	NA	NA	NA	NA	NA	NA	NA	NA	NA	NA	NA	NA	NA	NA	NA	NA	NA	NA	NA	NA	NA	NA	NA	31.46386	11.59577	9.17748	11.62009	17.27006	9.5691	23.7677	28.82363	9.57422	9.32935	14.74962	24.67627	14.40836	13.36674	26.5075	9.35576	16.51695	18.29717	4.1823	3.7673	68.48719	7.82267	10.8766	7.45022	40.71434	26.01191	26.41799	7.81599	5.18987	21.37423	7.32886	5.35425	5.85624	5.39979	34.75662	16.66243	1.51505	7.67455	9.41104	17.12508	5.1562	29.99879	21.21178	38.68587	27.1419	12.40632	10.62504	11.87128	7.60129	11.47246	40.1039	11.91966	21.86107	46.15067	14.84564	7.24589	4.24603	11.40498
GH51	NA	NA	NA	NA	NA	NA	NA	NA	NA	NA	NA	NA	NA	NA	NA	NA	NA	NA	NA	NA	NA	NA	NA	NA	NA	NA	NA	NA	NA	NA	NA	NA	NA	NA	NA	NA	NA	NA	NA	NA	NA	NA	NA	NA	NA	NA	NA	NA	NA	NA	NA	NA	NA	NA	NA	NA	585.40119	356.08132	293.99729	413.71972	371.84898	286.74085	319.38087	363.0737	548.31737	559.43896	563.77399	321.09078	299.25099	298.24436	419.53922	471.36703	620.7991	354.2923	502.50615	425.76911	270.66815	362.47255	387.21386	292.43001	584.0324	487.46143	398.60804	821.45827	409.66739	263.03469	366.76352	364.27551	355.09597	480.01267	453.90923	386.44014	550.00069	639.56344	379.58984	319.04259	393.35309	409.62546	427.62998	363.8369	376.03524	824.71815	512.5093	214.10478	315.24476	334.61106	402.73645	344.22753	451.08059	332.96471	706.60956	314.29722	287.37842	287.71356
GH52	NA	NA	NA	NA	NA	NA	NA	NA	NA	NA	NA	NA	NA	NA	NA	NA	NA	NA	NA	NA	NA	NA	NA	NA	NA	NA	NA	NA	NA	NA	NA	NA	NA	NA	NA	NA	NA	NA	NA	NA	NA	NA	NA	NA	NA	NA	NA	NA	NA	NA	NA	NA	NA	NA	NA	NA	NA	NA	NA	NA	NA	1.99172	0.47566	NA	0.50007	NA	0.12003	NA	0.09088	NA	NA	0.84302	NA	NA	NA	NA	0.18247	NA	NA	NA	NA	NA	NA	0.16405	NA	NA	0.51195	NA	NA	NA	NA	NA	NA	NA	NA	NA	NA	NA	NA	NA	0.32862	NA	NA	0.75093	NA	NA	NA	NA	0.30147	NA	NA	NA	0.10883	1.15576
GH53	NA	NA	NA	NA	NA	NA	NA	NA	NA	NA	NA	NA	NA	NA	NA	NA	NA	NA	NA	NA	NA	NA	NA	NA	NA	NA	NA	NA	NA	NA	NA	NA	NA	NA	NA	NA	NA	NA	NA	NA	NA	NA	NA	NA	NA	NA	NA	NA	NA	NA	NA	NA	NA	NA	NA	NA	330.89959	188.54867	160.23025	305.55402	476.0161	122.89586	74.04589	426.41496	366.38938	437.50331	291.61308	184.74495	114.44705	111.09752	413.78746	180.55927	281.44047	359.38385	274.98575	300.96354	121.22289	190.65794	304.15776	125.14052	324.4897	185.54968	360.19764	245.90606	227.99461	135.29994	202.46826	218.08737	269.89301	282.68713	182.2107	165.91797	284.36093	306.65561	280.68484	188.41472	236.04439	238.46401	291.86256	201.21061	313.45135	345.70349	258.98683	55.12735	70.78081	127.14854	222.66649	362.58917	405.04767	259.23088	243.17066	146.54029	105.2952	80.80639
GH55	NA	NA	NA	NA	NA	NA	NA	NA	NA	NA	NA	NA	NA	NA	NA	NA	NA	NA	NA	NA	NA	NA	NA	NA	NA	NA	NA	NA	NA	NA	NA	NA	NA	NA	NA	NA	NA	NA	NA	NA	NA	NA	NA	NA	NA	NA	NA	NA	NA	NA	NA	NA	NA	NA	NA	NA	10.78232	8.43733	35.12603	15.00304	31.4299	9.69707	5.58618	6.25898	93.32164	39.59191	2.58648	14.57891	27.72313	6.45954	31.56546	6.05506	12.87813	6.98864	77.44564	35.99632	9.162	14.82632	20.93891	1.72619	44.48986	12.71829	25.74657	8.59769	46.68837	41.96232	4.17872	21.58601	13.91063	9.3937	39.33572	9.1906	15.93353	11.39933	12.33525	47.02211	10.26615	43.45486	9.81695	12.52339	21.58292	19.54179	2.64985	10.20931	19.37612	8.26947	41.95165	4.46297	16.13839	13.21155	26.39641	3.99958	6.75902	8.66767
GH56	NA	NA	NA	NA	NA	NA	NA	NA	NA	NA	NA	NA	NA	NA	NA	NA	NA	NA	NA	NA	NA	NA	NA	NA	NA	NA	NA	NA	NA	NA	NA	NA	NA	NA	NA	NA	NA	NA	NA	NA	NA	NA	NA	NA	NA	NA	NA	NA	NA	NA	NA	NA	NA	NA	NA	NA	NA	NA	0.54869	NA	NA	0.34712	NA	NA	NA	NA	NA	0.57309	0.27542	NA	NA	NA	NA	NA	NA	0.69932	NA	NA	0.21569	NA	NA	1.45301	0.30843	NA	NA	NA	NA	NA	NA	NA	NA	NA	NA	NA	0.96642	NA	NA	NA	NA	NA	1.19556	NA	NA	NA	NA	NA	NA	NA	NA	0.49167	NA	NA	NA	0.84946
GH57	NA	NA	NA	NA	NA	NA	NA	NA	NA	NA	NA	NA	NA	NA	NA	NA	NA	NA	NA	NA	NA	NA	NA	NA	NA	NA	NA	NA	NA	NA	NA	NA	NA	NA	NA	NA	NA	NA	NA	NA	NA	NA	NA	NA	NA	NA	NA	NA	NA	NA	NA	NA	NA	NA	NA	NA	62.73675	31.66687	162.25362	71.37782	87.30916	55.87745	50.50013	70.32316	117.49731	76.35408	72.40293	92.84991	140.46018	93.2396	102.92524	121.95847	128.18694	59.84585	118.61776	67.60768	71.81953	54.60397	61.06871	83.07521	113.08284	122.0311	71.29004	205.51784	83.11252	116.81523	93.08965	92.20971	49.88664	151.2415	108.1325	119.49414	102.30859	145.51931	70.90781	96.15329	54.93977	75.68402	38.91834	112.77236	61.1339	174.63009	174.91334	87.97192	51.20111	41.63036	88.25396	45.16371	113.44718	85.1229	156.65283	39.12799	148.01133	50.93455
GH58	NA	NA	NA	NA	NA	NA	NA	NA	NA	NA	NA	NA	NA	NA	NA	NA	NA	NA	NA	NA	NA	NA	NA	NA	NA	NA	NA	NA	NA	NA	NA	NA	NA	NA	NA	NA	NA	NA	NA	NA	NA	NA	NA	NA	NA	NA	NA	NA	NA	NA	NA	NA	NA	NA	NA	NA	NA	NA	0.39723	NA	NA	NA	NA	NA	NA	NA	NA	NA	2.01099	NA	NA	NA	NA	0.17383	NA	NA	NA	NA	NA	NA	NA	NA	NA	0.27366	NA	NA	NA	NA	NA	0.08007	NA	NA	NA	NA	NA	NA	NA	NA	NA	NA	NA	NA	NA	NA	NA	NA	NA	NA	NA	NA	NA	NA	NA	NA
GH59	NA	NA	NA	NA	NA	NA	NA	NA	NA	NA	NA	NA	NA	NA	NA	NA	NA	NA	NA	NA	NA	NA	NA	NA	NA	NA	NA	NA	NA	NA	NA	NA	NA	NA	NA	NA	NA	NA	NA	NA	NA	NA	NA	NA	NA	NA	NA	NA	NA	NA	NA	NA	NA	NA	NA	NA	16.85204	25.11066	1.0351	23.61458	20.10422	5.06589	4.66329	4.20429	6.95403	5.88834	14.02409	21.89901	2.04778	19.37995	22.26688	9.59924	13.46509	7.82986	20.04171	9.90796	10.32603	21.63439	9.94446	28.72546	47.58796	23.50586	23.95416	12.52075	4.55938	5.82991	13.89539	18.864	22.01148	12.16	16.33764	2.74238	6.34097	22.03356	16.36004	23.4936	27.79219	23.63017	41.35909	6.8883	21.54963	16.61404	4.43194	16.96541	40.50418	32.32047	19.24927	26.60379	19.81574	13.65308	18.85222	6.69159	7.00798	25.62888
GH5_1	NA	NA	NA	NA	NA	NA	NA	NA	NA	NA	NA	NA	NA	NA	NA	NA	NA	NA	NA	NA	NA	NA	NA	NA	NA	NA	NA	NA	NA	NA	NA	NA	NA	NA	NA	NA	NA	NA	NA	NA	NA	NA	NA	NA	NA	NA	NA	NA	NA	NA	NA	NA	NA	NA	NA	NA	8.83525	19.85689	NA	13.74721	9.69094	5.9771	6.39972	1.02499	8.70837	0.41292	9.11473	7.54575	NA	18.43883	11.89912	3.32894	13.17031	1.75939	19.48287	0.5093	4.87769	18.64245	8.84071	3.99759	25.46166	11.23798	24.12648	12.54191	6.88731	3.91199	6.57999	8.9793	21.27578	7.16559	6.25895	5.06096	1.6583	21.11568	5.82706	4.2262	7.99144	27.57682	39.42482	5.1364	24.727	14.15913	4.14258	8.27706	22.36476	9.91669	18.88271	17.07627	27.27732	13.23956	11.48887	0.76882	0.67449	21.46645
GH5_12	NA	NA	NA	NA	NA	NA	NA	NA	NA	NA	NA	NA	NA	NA	NA	NA	NA	NA	NA	NA	NA	NA	NA	NA	NA	NA	NA	NA	NA	NA	NA	NA	NA	NA	NA	NA	NA	NA	NA	NA	NA	NA	NA	NA	NA	NA	NA	NA	NA	NA	NA	NA	NA	NA	NA	NA	NA	NA	NA	NA	NA	NA	NA	NA	NA	NA	NA	NA	NA	NA	NA	NA	NA	NA	0.28343	NA	NA	NA	NA	NA	NA	NA	NA	NA	NA	NA	NA	NA	NA	NA	NA	NA	NA	NA	NA	NA	NA	NA	NA	NA	NA	NA	NA	NA	NA	NA	NA	NA	NA	NA	NA	NA	NA	NA
GH5_13	NA	NA	NA	NA	NA	NA	NA	NA	NA	NA	NA	NA	NA	NA	NA	NA	NA	NA	NA	NA	NA	NA	NA	NA	NA	NA	NA	NA	NA	NA	NA	NA	NA	NA	NA	NA	NA	NA	NA	NA	NA	NA	NA	NA	NA	NA	NA	NA	NA	NA	NA	NA	NA	NA	NA	NA	56.05028	3.91059	9.45666	9.21914	12.93633	6.47236	4.2456	1.49916	12.10214	5.73267	37.29501	6.29042	13.58764	7.39772	14.18962	15.80715	4.92173	1.40653	17.57882	4.90395	35.75806	34.07772	8.267	9.3027	21.5396	6.19446	7.17288	6.48995	NA	11.12157	5.86525	49.41334	5.64695	9.35662	11.3319	3.72972	5.41457	5.44146	1.35341	11.87061	3.66064	22.34965	5.15259	10.12993	4.62111	4.30637	4.01519	2.86415	3.29685	5.72524	24.35554	5.5153	12.75256	6.33124	8.4252	7.35565	7.30942	1.61145
GH5_18	NA	NA	NA	NA	NA	NA	NA	NA	NA	NA	NA	NA	NA	NA	NA	NA	NA	NA	NA	NA	NA	NA	NA	NA	NA	NA	NA	NA	NA	NA	NA	NA	NA	NA	NA	NA	NA	NA	NA	NA	NA	NA	NA	NA	NA	NA	NA	NA	NA	NA	NA	NA	NA	NA	NA	NA	0.27756	0.3315	NA	0.77776	NA	NA	NA	NA	NA	0.76148	0.71235	NA	NA	NA	NA	NA	0.22434	3.48397	0.31925	0.81407	0.26284	1.69436	0.61202	1.24462	1.83761	NA	0.91972	NA	NA	NA	0.25794	1.39076	2.68599	0.12892	0.24788	0.41545	NA	NA	NA	NA	0.10746	NA	NA	NA	1.0186	NA	NA	0.5386	NA	NA	NA	NA	NA	1.7803	NA	0.48262	0.64591	NA
GH5_2	NA	NA	NA	NA	NA	NA	NA	NA	NA	NA	NA	NA	NA	NA	NA	NA	NA	NA	NA	NA	NA	NA	NA	NA	NA	NA	NA	NA	NA	NA	NA	NA	NA	NA	NA	NA	NA	NA	NA	NA	NA	NA	NA	NA	NA	NA	NA	NA	NA	NA	NA	NA	NA	NA	NA	NA	116.44834	85.89326	55.29459	145.68958	172.59465	99.28923	40.36532	174.2787	102.50341	129.39745	160.75025	84.38115	60.09656	73.69525	171.13156	113.44409	187.78301	140.32196	103.08858	139.13985	134.30315	96.88055	155.99195	64.59338	192.10552	146.82124	153.50017	278.16445	128.00576	80.05178	229.34473	102.96012	166.26995	170.00212	113.4372	134.42818	185.18714	210.8195	130.36646	136.27251	163.31177	101.69295	173.41977	40.49258	139.3205	249.44781	79.49645	34.04916	62.30101	71.71593	75.58259	185.02527	88.89387	103.78653	184.5745	37.36071	24.46669	75.0674
GH5_21	NA	NA	NA	NA	NA	NA	NA	NA	NA	NA	NA	NA	NA	NA	NA	NA	NA	NA	NA	NA	NA	NA	NA	NA	NA	NA	NA	NA	NA	NA	NA	NA	NA	NA	NA	NA	NA	NA	NA	NA	NA	NA	NA	NA	NA	NA	NA	NA	NA	NA	NA	NA	NA	NA	NA	NA	NA	1.0098	8.15018	28.01971	5.52332	5.41262	8.22042	25.32424	2.52262	3.6947	NA	9.2184	5.67512	39.10654	16.09221	54.62084	66.6868	24.27435	2.9341	0.81114	30.06841	0.48236	0.50818	9.97056	38.46484	6.20994	7.95257	136.59444	NA	3.27999	42.51523	2.776	1.70311	68.46988	27.92126	2.6436	34.21436	80.24928	NA	5.29111	19.64637	27.19783	11.69671	5.6895	7.46468	97.2345	35.66493	2.82796	NA	7.48044	19.28205	8.60205	22.95214	4.74751	83.94774	5.92756	2.00528	NA
GH5_22	NA	NA	NA	NA	NA	NA	NA	NA	NA	NA	NA	NA	NA	NA	NA	NA	NA	NA	NA	NA	NA	NA	NA	NA	NA	NA	NA	NA	NA	NA	NA	NA	NA	NA	NA	NA	NA	NA	NA	NA	NA	NA	NA	NA	NA	NA	NA	NA	NA	NA	NA	NA	NA	NA	NA	NA	NA	0.70779	1.16015	0.46165	NA	1.30661	1.09752	NA	0.12191	0.60265	0.88632	0.70981	4.41286	0.29397	0.10677	1.36246	NA	NA	NA	0.2301	0.13001	1.41619	0.55737	0.98591	NA	0.15419	0.38994	NA	5.41194	0.44207	NA	NA	0.48227	0.89594	0.49162	0.411	NA	0.11604	0.83611	NA	0.21876	0.45284	NA	1.16715	NA	0.21052	0.35204	0.51292	NA	0.46786	0.31174	0.13328	0.46464	NA	0.10562	0.81093	1.83186	0.27657
GH5_25	NA	NA	NA	NA	NA	NA	NA	NA	NA	NA	NA	NA	NA	NA	NA	NA	NA	NA	NA	NA	NA	NA	NA	NA	NA	NA	NA	NA	NA	NA	NA	NA	NA	NA	NA	NA	NA	NA	NA	NA	NA	NA	NA	NA	NA	NA	NA	NA	NA	NA	NA	NA	NA	NA	NA	NA	NA	NA	NA	NA	5.08225	0.15533	0.70275	NA	NA	NA	NA	NA	NA	NA	5.79822	NA	2.94556	NA	NA	NA	0.55812	NA	3.1076	0.90726	17.06442	0.97558	1.52727	2.34035	NA	2.3082	0.13955	NA	3.86238	0.67123	16.18617	2.33081	4.37893	3.29694	NA	5.3155	2.25443	NA	NA	NA	1.51595	NA	NA	0.29484	NA	1.44541	NA	0.42081	NA	1.09054	NA	NA	NA	NA
GH5_26	NA	NA	NA	NA	NA	NA	NA	NA	NA	NA	NA	NA	NA	NA	NA	NA	NA	NA	NA	NA	NA	NA	NA	NA	NA	NA	NA	NA	NA	NA	NA	NA	NA	NA	NA	NA	NA	NA	NA	NA	NA	NA	NA	NA	NA	NA	NA	NA	NA	NA	NA	NA	NA	NA	NA	NA	NA	NA	NA	NA	NA	2.89511	NA	NA	NA	3.48906	NA	NA	NA	NA	NA	0.83388	NA	NA	NA	2.10832	NA	NA	NA	NA	NA	NA	NA	NA	NA	0.15169	NA	NA	NA	NA	NA	NA	0.3715	NA	NA	0.37501	NA	NA	4.00144	NA	NA	NA	0.3624	NA	NA	NA	NA	0.81703	NA	NA	NA	NA	NA	NA
GH5_36	NA	NA	NA	NA	NA	NA	NA	NA	NA	NA	NA	NA	NA	NA	NA	NA	NA	NA	NA	NA	NA	NA	NA	NA	NA	NA	NA	NA	NA	NA	NA	NA	NA	NA	NA	NA	NA	NA	NA	NA	NA	NA	NA	NA	NA	NA	NA	NA	NA	NA	NA	NA	NA	NA	NA	NA	NA	NA	NA	NA	NA	1.00456	NA	NA	NA	NA	NA	NA	NA	NA	0.10453	NA	NA	NA	NA	NA	NA	NA	NA	NA	NA	NA	NA	NA	NA	2.04834	NA	NA	0.11993	NA	NA	NA	NA	NA	NA	1.81433	NA	NA	0.4653	NA	0.24408	NA	NA	NA	NA	NA	NA	0.13281	NA	NA	NA	NA	NA	NA
GH5_37	NA	NA	NA	NA	NA	NA	NA	NA	NA	NA	NA	NA	NA	NA	NA	NA	NA	NA	NA	NA	NA	NA	NA	NA	NA	NA	NA	NA	NA	NA	NA	NA	NA	NA	NA	NA	NA	NA	NA	NA	NA	NA	NA	NA	NA	NA	NA	NA	NA	NA	NA	NA	NA	NA	NA	NA	12.83337	25.0638	6.71339	24.44627	102.33756	35.34191	8.05932	5.15296	7.21988	1.60132	14.65764	35.1768	8.45741	24.25641	60.91247	19.39015	32.98525	6.9948	17.77524	1.63441	27.59346	24.92501	39.63316	12.43282	48.41916	28.03479	46.96188	23.39895	35.35349	10.3147	52.79043	24.50697	55.42857	30.03268	13.93764	14.71904	1.79667	40.77944	32.81173	43.22857	25.14958	34.78284	54.41515	9.01766	34.92644	11.65678	22.60787	8.66649	47.07916	9.40897	29.84886	46.93872	34.07389	27.55048	8.4973	7.61978	2.12535	23.75391
GH5_38	NA	NA	NA	NA	NA	NA	NA	NA	NA	NA	NA	NA	NA	NA	NA	NA	NA	NA	NA	NA	NA	NA	NA	NA	NA	NA	NA	NA	NA	NA	NA	NA	NA	NA	NA	NA	NA	NA	NA	NA	NA	NA	NA	NA	NA	NA	NA	NA	NA	NA	NA	NA	NA	NA	NA	NA	NA	0.10097	NA	NA	3.26043	2.18294	0.40726	4.04	1.62297	1.1029	NA	0.52236	NA	NA	1.95532	2.20235	1.21618	3.56056	2.5892	2.73712	NA	7.75312	2.24543	1.7951	NA	1.68094	1.54462	NA	NA	2.67627	NA	8.62716	0.89587	2.5666	NA	1.00288	1.81623	0.44565	NA	1.8191	NA	2.53847	0.95995	2.06308	0.22828	0.14272	NA	0.24378	NA	NA	2.40735	1.21833	2.93566	0.47399	NA	1.4741	1.90026	NA
GH5_4	NA	NA	NA	NA	NA	NA	NA	NA	NA	NA	NA	NA	NA	NA	NA	NA	NA	NA	NA	NA	NA	NA	NA	NA	NA	NA	NA	NA	NA	NA	NA	NA	NA	NA	NA	NA	NA	NA	NA	NA	NA	NA	NA	NA	NA	NA	NA	NA	NA	NA	NA	NA	NA	NA	NA	NA	51.0975	118.79757	65.91603	131.44237	119.84407	44.3246	40.26965	25.86183	116.91059	40.33674	46.35164	119.33497	45.2317	138.74892	140.6665	99.63229	203.54602	18.66354	186.36944	38.62461	97.70051	109.54117	64.2677	56.02768	215.84997	127.25623	126.91586	437.21101	90.34717	75.28343	137.13949	102.92984	155.81178	243.66381	75.91575	59.93581	137.30179	307.60085	59.06975	166.80987	116.33524	245.07298	302.32389	41.3956	122.21616	289.7435	184.36777	64.76762	189.86484	69.11984	203.64454	172.80203	85.40135	114.59855	211.8936	26.88464	54.02923	110.89575
GH5_41	NA	NA	NA	NA	NA	NA	NA	NA	NA	NA	NA	NA	NA	NA	NA	NA	NA	NA	NA	NA	NA	NA	NA	NA	NA	NA	NA	NA	NA	NA	NA	NA	NA	NA	NA	NA	NA	NA	NA	NA	NA	NA	NA	NA	NA	NA	NA	NA	NA	NA	NA	NA	NA	NA	NA	NA	NA	NA	NA	NA	NA	NA	NA	NA	NA	NA	NA	NA	NA	NA	NA	NA	NA	0.2979	NA	NA	NA	NA	NA	NA	NA	NA	NA	NA	NA	NA	NA	NA	NA	NA	NA	NA	NA	NA	NA	NA	NA	NA	NA	NA	NA	NA	NA	NA	NA	NA	NA	NA	NA	NA	NA	NA	NA	NA
GH5_44	NA	NA	NA	NA	NA	NA	NA	NA	NA	NA	NA	NA	NA	NA	NA	NA	NA	NA	NA	NA	NA	NA	NA	NA	NA	NA	NA	NA	NA	NA	NA	NA	NA	NA	NA	NA	NA	NA	NA	NA	NA	NA	NA	NA	NA	NA	NA	NA	NA	NA	NA	NA	NA	NA	NA	NA	4.90301	18.41479	3.85466	10.64261	6.04241	7.16453	3.31365	3.09821	9.96176	18.81302	7.87871	8.71897	1.69056	10.26363	3.35854	5.30593	2.97745	17.96486	4.8144	15.66076	5.02289	11.75833	6.44638	21.05045	14.97061	4.53971	3.13328	5.54318	7.55985	8.14226	11.02468	15.86072	5.85995	5.93692	16.76532	5.11243	9.67169	10.30292	4.45895	3.23689	14.62207	2.55243	9.04612	2.88834	3.17392	3.48559	0.99232	6.23386	0.78737	24.31459	1.46304	7.0051	0.20246	5.13996	1.46062	2.9869	4.29161	2.14722
GH5_46	NA	NA	NA	NA	NA	NA	NA	NA	NA	NA	NA	NA	NA	NA	NA	NA	NA	NA	NA	NA	NA	NA	NA	NA	NA	NA	NA	NA	NA	NA	NA	NA	NA	NA	NA	NA	NA	NA	NA	NA	NA	NA	NA	NA	NA	NA	NA	NA	NA	NA	NA	NA	NA	NA	NA	NA	NA	3.68795	13.2709	4.40465	5.54849	7.1646	6.64402	27.48749	28.72173	10.72414	0.77998	7.00972	6.93039	2.20597	10.41912	6.66914	3.4932	14.81527	23.10635	13.50483	4.21341	16.36678	7.01714	1.03296	19.47137	47.92027	9.89058	2.80091	5.72141	15.58422	0.47634	20.38295	5.92448	1.501	18.21074	29.67636	4.66798	2.33857	10.29352	13.88964	3.13302	21.06175	9.73282	10.32305	11.56479	9.63956	2.80457	6.9788	6.30782	2.27121	20.10702	2.69266	8.07085	9.13607	16.17195	3.39506	5.87445	4.13298
GH5_5	NA	NA	NA	NA	NA	NA	NA	NA	NA	NA	NA	NA	NA	NA	NA	NA	NA	NA	NA	NA	NA	NA	NA	NA	NA	NA	NA	NA	NA	NA	NA	NA	NA	NA	NA	NA	NA	NA	NA	NA	NA	NA	NA	NA	NA	NA	NA	NA	NA	NA	NA	NA	NA	NA	NA	NA	29.97429	1.08759	16.80084	6.62574	7.92245	2.72692	8.60858	1.22815	11.21164	3.09031	8.3642	5.21746	28.99716	6.04185	5.60459	3.84681	13.66773	0.74547	8.15677	5.33063	5.23685	1.42311	3.57115	2.47693	13.81349	14.60596	6.95753	28.28571	8.2899	28.59868	5.71137	6.0821	0.1304	1.68088	27.61705	9.9571	6.59891	15.28593	5.0527	3.78599	8.938	11.39295	4.85241	16.64417	4.06419	17.21348	14.03449	5.31106	NA	6.01722	18.23465	4.58597	10.34171	6.16488	10.9772	4.82805	3.15034	0.53363
GH5_54	NA	NA	NA	NA	NA	NA	NA	NA	NA	NA	NA	NA	NA	NA	NA	NA	NA	NA	NA	NA	NA	NA	NA	NA	NA	NA	NA	NA	NA	NA	NA	NA	NA	NA	NA	NA	NA	NA	NA	NA	NA	NA	NA	NA	NA	NA	NA	NA	NA	NA	NA	NA	NA	NA	NA	NA	2.1648	1.06244	NA	1.96888	0.58895	2.34033	NA	1.77798	0.24444	3.52598	0.18973	2.64646	0.40388	1.07494	0.4798	NA	0.95604	0.29819	0.16498	2.06561	0.41373	1.11423	1.94473	0.26221	0.36708	1.15024	0.67479	NA	NA	0.78629	0.54962	0.35937	2.62185	0.27469	0.8445	1.32276	1.36027	3.78723	NA	6.57226	0.57138	0.62353	1.45181	NA	NA	NA	NA	NA	0.2318	NA	NA	1.12411	1.41901	0.11157	0.12218	NA	NA	NA
GH5_7	NA	NA	NA	NA	NA	NA	NA	NA	NA	NA	NA	NA	NA	NA	NA	NA	NA	NA	NA	NA	NA	NA	NA	NA	NA	NA	NA	NA	NA	NA	NA	NA	NA	NA	NA	NA	NA	NA	NA	NA	NA	NA	NA	NA	NA	NA	NA	NA	NA	NA	NA	NA	NA	NA	NA	NA	11.59873	20.77176	22.5666	25.78028	19.92093	6.67869	7.91473	8.21071	30.48113	25.26	19.35525	17.7168	12.61564	33.60903	24.63044	6.20561	57.60697	13.66403	45.87226	26.33371	22.30466	36.77671	12.73113	10.00632	67.92529	45.20288	34.71556	123.95994	21.40721	24.3472	32.91733	42.22526	22.51213	58.98727	40.76795	36.18467	41.41805	84.99342	19.4835	37.97293	28.50025	20.15124	51.20336	11.27663	33.95019	121.35015	59.44867	9.39105	43.33245	13.36058	20.91478	37.18306	23.56104	17.80496	95.04049	10.89691	6.99791	29.05671
GH5_8	NA	NA	NA	NA	NA	NA	NA	NA	NA	NA	NA	NA	NA	NA	NA	NA	NA	NA	NA	NA	NA	NA	NA	NA	NA	NA	NA	NA	NA	NA	NA	NA	NA	NA	NA	NA	NA	NA	NA	NA	NA	NA	NA	NA	NA	NA	NA	NA	NA	NA	NA	NA	NA	NA	NA	NA	5.06228	6.34748	NA	13.05136	10.6488	7.32925	4.69847	6.90877	0.88963	21.52409	5.87364	14.63754	NA	33.1591	12.20808	1.56991	6.50911	2.34544	10.05618	2.24767	3.59052	30.04494	12.38416	6.38442	33.19261	11.27247	15.50849	7.1992	1.559	4.48411	6.31573	14.5257	32.66188	19.24668	7.01711	2.3679	1.66165	11.94094	5.32017	26.00602	0.3781	0.86823	61.50305	6.2147	11.70524	6.98486	4.049	5.06387	62.9406	0.4079	0.35664	51.56032	12.86644	9.92403	3.76849	0.37376	1.10443	41.50262
GH63	NA	NA	NA	NA	NA	NA	NA	NA	NA	NA	NA	NA	NA	NA	NA	NA	NA	NA	NA	NA	NA	NA	NA	NA	NA	NA	NA	NA	NA	NA	NA	NA	NA	NA	NA	NA	NA	NA	NA	NA	NA	NA	NA	NA	NA	NA	NA	NA	NA	NA	NA	NA	NA	NA	NA	NA	71.67714	24.18717	166.09787	30.91044	76.18796	57.21981	42.48554	56.86153	124.4974	60.43189	81.36204	95.3809	152.44446	34.49536	93.64458	25.04552	86.1943	59.22832	131.16967	54.97795	46.85857	24.14537	64.47372	28.84693	107.24	86.2823	65.98567	27.49185	122.00033	100.12421	26.61547	30.97249	56.89344	34.18014	97.23898	85.36715	53.53252	34.34448	74.27267	77.7563	36.4639	56.24705	36.56444	125.86169	57.01353	59.67073	23.28338	47.74412	38.92412	22.00518	81.60199	27.0592	161.04224	45.81458	73.963	18.46674	132.85659	37.63063
GH64	NA	NA	NA	NA	NA	NA	NA	NA	NA	NA	NA	NA	NA	NA	NA	NA	NA	NA	NA	NA	NA	NA	NA	NA	NA	NA	NA	NA	NA	NA	NA	NA	NA	NA	NA	NA	NA	NA	NA	NA	NA	NA	NA	NA	NA	NA	NA	NA	NA	NA	NA	NA	NA	NA	NA	NA	0.33224	0.38722	NA	0.12241	0.26587	1.25821	NA	0.2639	0.17997	1.20188	NA	1.02324	NA	0.23928	0.16796	0.53926	0.7334	0.28714	0.36795	0.3122	0.25457	0.19048	3.3865	0.09684	NA	NA	0.79778	NA	1.27276	0.62888	0.42324	0.53455	5.63831	0.46513	0.30765	NA	0.74851	0.55888	0.51948	1.07037	0.17137	0.32166	1.67525	0.1055	0.1105	0.17915	12.20046	0.48936	0.44643	0.5805	NA	0.49781	0.46716	0.09089	0.28992	0.23529	NA	NA
GH65	NA	NA	NA	NA	NA	NA	NA	NA	NA	NA	NA	NA	NA	NA	NA	NA	NA	NA	NA	NA	NA	NA	NA	NA	NA	NA	NA	NA	NA	NA	NA	NA	NA	NA	NA	NA	NA	NA	NA	NA	NA	NA	NA	NA	NA	NA	NA	NA	NA	NA	NA	NA	NA	NA	NA	NA	50.0682	106.75073	65.28542	123.50318	54.72914	49.98765	63.52336	58.27752	94.57854	63.85967	50.32659	69.34813	94.36807	90.81235	70.69855	37.28771	69.71663	101.69878	75.66334	53.3537	79.90764	87.08925	62.98317	64.56012	100.56232	122.44714	86.79333	25.38851	50.50746	87.39767	44.0091	102.35794	62.56428	43.53587	83.45898	97.30862	80.86912	37.21392	52.53189	115.21108	117.12599	44.98663	68.17465	63.758	85.55759	61.24742	22.10205	119.30274	44.15078	139.73116	56.06286	25.52178	59.87367	96.46316	56.30456	53.84418	140.53773	34.91081
GH66	NA	NA	NA	NA	NA	NA	NA	NA	NA	NA	NA	NA	NA	NA	NA	NA	NA	NA	NA	NA	NA	NA	NA	NA	NA	NA	NA	NA	NA	NA	NA	NA	NA	NA	NA	NA	NA	NA	NA	NA	NA	NA	NA	NA	NA	NA	NA	NA	NA	NA	NA	NA	NA	NA	NA	NA	43.85743	20.10429	59.19005	39.36837	56.31229	34.65721	36.01384	14.66295	111.43581	81.74105	22.95291	30.12366	39.42311	69.06223	48.3856	27.00438	19.89155	36.68367	89.23821	52.47268	26.0479	19.48566	38.44566	24.82054	96.35209	25.38052	58.58845	18.85875	70.22579	84.96524	12.01924	35.49204	36.54557	18.9608	71.76924	29.61236	23.99198	22.67902	24.56564	71.99026	12.97902	47.07094	35.51961	39.57787	56.88423	39.77089	24.3669	28.9622	44.79347	14.84386	63.60621	18.07925	39.22501	80.35124	43.15505	28.79989	41.38903	49.21838
GH67	NA	NA	NA	NA	NA	NA	NA	NA	NA	NA	NA	NA	NA	NA	NA	NA	NA	NA	NA	NA	NA	NA	NA	NA	NA	NA	NA	NA	NA	NA	NA	NA	NA	NA	NA	NA	NA	NA	NA	NA	NA	NA	NA	NA	NA	NA	NA	NA	NA	NA	NA	NA	NA	NA	NA	NA	79.04869	51.04027	79.42799	94.76569	46.15997	46.54997	28.61371	88.13831	69.84061	62.59372	60.99467	56.86274	57.43939	58.67644	96.44178	138.02431	151.51391	109.60163	97.33857	50.43409	53.46576	47.71722	53.88338	49.84351	111.60028	93.01354	51.7084	276.0912	34.06286	28.82456	80.58808	52.96236	43.12018	125.11749	66.15355	74.55067	105.79262	174.4933	36.00931	40.87774	76.73886	99.56	78.92539	84.78781	56.84662	210.22918	168.35977	37.52567	40.06927	49.4458	101.95591	49.65816	160.78677	38.18726	167.44442	41.08777	103.0973	33.04361
GH68	NA	NA	NA	NA	NA	NA	NA	NA	NA	NA	NA	NA	NA	NA	NA	NA	NA	NA	NA	NA	NA	NA	NA	NA	NA	NA	NA	NA	NA	NA	NA	NA	NA	NA	NA	NA	NA	NA	NA	NA	NA	NA	NA	NA	NA	NA	NA	NA	NA	NA	NA	NA	NA	NA	NA	NA	0.37511	NA	NA	NA	1.76088	NA	NA	1.74209	0.11873	NA	NA	0.14327	NA	NA	2.61468	NA	0.27742	0.90083	NA	0.26599	NA	0.49158	0.21264	0.47617	0.21497	0.11464	0.39446	NA	NA	0.18419	0.54072	0.93454	0.28133	0.42222	NA	NA	0.13595	0.15136	NA	0.2119	2.59228	NA	0.24883	NA	0.19401	NA	NA	5.01055	NA	NA	NA	0.16719	0.2954	NA	0.21926	0.16972	NA	NA
GH70	NA	NA	NA	NA	NA	NA	NA	NA	NA	NA	NA	NA	NA	NA	NA	NA	NA	NA	NA	NA	NA	NA	NA	NA	NA	NA	NA	NA	NA	NA	NA	NA	NA	NA	NA	NA	NA	NA	NA	NA	NA	NA	NA	NA	NA	NA	NA	NA	NA	NA	NA	NA	NA	NA	NA	NA	0.98497	1.64535	NA	NA	7.62197	NA	0.57702	2.82259	1.2636	1.49776	NA	0.37936	0.08931	0.61427	12.76501	0.69512	1.46135	5.38701	0.24703	0.60905	1.07003	0.81676	1.58641	1.02295	0.18262	0.91041	1.52437	0.35206	NA	1.49393	1.50423	2.09947	0.33449	1.82936	0.57293	0.35739	0.21959	0.58906	0.23559	0.432	14.28737	NA	0.44117	1.74494	1.46618	0.90553	NA	16.64611	0.29447	NA	0.05648	0.25492	0.66748	0.29488	1.60939	0.61858	0.74419	0.73914
GH71	NA	NA	NA	NA	NA	NA	NA	NA	NA	NA	NA	NA	NA	NA	NA	NA	NA	NA	NA	NA	NA	NA	NA	NA	NA	NA	NA	NA	NA	NA	NA	NA	NA	NA	NA	NA	NA	NA	NA	NA	NA	NA	NA	NA	NA	NA	NA	NA	NA	NA	NA	NA	NA	NA	NA	NA	NA	NA	NA	NA	NA	0.105	0.29862	NA	NA	NA	NA	NA	NA	NA	NA	NA	NA	NA	NA	NA	10.99179	NA	NA	NA	NA	NA	NA	NA	NA	NA	NA	NA	NA	NA	NA	NA	NA	NA	NA	NA	NA	NA	NA	NA	NA	NA	NA	NA	NA	NA	NA	NA	NA	NA	NA	NA	NA	NA
GH73	NA	NA	NA	NA	NA	NA	NA	NA	NA	NA	NA	NA	NA	NA	NA	NA	NA	NA	NA	NA	NA	NA	NA	NA	NA	NA	NA	NA	NA	NA	NA	NA	NA	NA	NA	NA	NA	NA	NA	NA	NA	NA	NA	NA	NA	NA	NA	NA	NA	NA	NA	NA	NA	NA	NA	NA	267.41278	146.56442	220.20159	326.25224	348.7073	275.74267	227.86638	177.08405	429.26678	262.11655	272.89153	264.75435	206.28078	382.81093	363.8392	339.52425	400.78123	203.4684	413.66011	294.67036	192.30926	177.68019	238.15823	245.09547	309.46737	254.50521	234.80876	643.33928	221.90306	267.63543	202.30527	226.8714	184.08091	429.59243	364.58804	348.16985	456.94936	363.12697	269.89105	242.22963	334.65812	197.6197	158.30647	382.81951	205.91361	488.84628	384.16026	230.05022	262.61363	224.23802	224.89596	224.75358	331.40278	247.38827	453.44902	220.78331	318.04865	226.0386
GH74	NA	NA	NA	NA	NA	NA	NA	NA	NA	NA	NA	NA	NA	NA	NA	NA	NA	NA	NA	NA	NA	NA	NA	NA	NA	NA	NA	NA	NA	NA	NA	NA	NA	NA	NA	NA	NA	NA	NA	NA	NA	NA	NA	NA	NA	NA	NA	NA	NA	NA	NA	NA	NA	NA	NA	NA	15.7981	26.97056	21.69505	8.01274	30.15876	3.15607	8.82076	8.738	29.42743	12.66486	16.67941	8.52012	5.97997	7.83189	24.70924	6.86584	10.79246	10.29473	61.40375	13.83198	11.76181	9.49916	13.8662	0.80524	92.96913	12.72736	21.03002	17.81612	21.07392	20.13694	4.9015	22.07792	26.33759	1.78941	32.40387	5.42303	4.69918	27.97803	21.7129	22.53219	2.1503	40.47945	64.92855	24.17103	20.07363	20.19324	1.61703	17.53926	16.7986	1.40693	29.36805	32.04877	50.33595	17.21757	25.04049	2.47016	4.82419	20.82571
GH76	NA	NA	NA	NA	NA	NA	NA	NA	NA	NA	NA	NA	NA	NA	NA	NA	NA	NA	NA	NA	NA	NA	NA	NA	NA	NA	NA	NA	NA	NA	NA	NA	NA	NA	NA	NA	NA	NA	NA	NA	NA	NA	NA	NA	NA	NA	NA	NA	NA	NA	NA	NA	NA	NA	NA	NA	197.29805	17.49685	55.07679	60.62756	60.10257	41.73747	23.68523	31.82575	136.60155	79.76891	112.21307	32.71098	66.51785	39.40559	72.93138	35.85205	36.0808	35.58159	112.92976	45.24201	20.25997	88.61196	63.83006	20.48453	150.46272	253.51242	71.44047	22.04722	134.58592	76.52539	12.9171	120.68153	44.78651	40.65782	134.85067	242.01709	35.52681	22.93813	51.6456	63.22153	23.10882	125.69129	38.91971	60.96262	47.89353	74.51984	28.99638	35.54625	111.45626	37.19097	171.16084	44.61809	67.05276	53.55547	98.37209	39.85585	34.74446	69.62285
GH77	NA	NA	NA	NA	NA	NA	NA	NA	NA	NA	NA	NA	NA	NA	NA	NA	NA	NA	NA	NA	NA	NA	NA	NA	NA	NA	NA	NA	NA	NA	NA	NA	NA	NA	NA	NA	NA	NA	NA	NA	NA	NA	NA	NA	NA	NA	NA	NA	NA	NA	NA	NA	NA	NA	NA	NA	649.92162	945.84124	466.71321	870.18076	725.97261	591.24673	560.44338	787.27187	667.84423	748.59885	722.16154	627.36589	380.92163	523.36485	693.42893	642.76119	662.97788	894.0314	667.25597	794.64874	591.77707	809.23237	766.52767	575.02928	705.55781	645.51687	825.04881	864.89143	615.23848	446.4961	715.39137	890.03148	785.79588	697.89393	560.92631	579.09443	625.61484	827.62608	605.29356	641.6666	846.8947	621.47992	708.74912	484.02489	858.6011	822.11029	722.02786	443.48269	574.4719	684.77707	530.71987	710.31323	648.1648	873.01197	612.87448	771.57852	428.13637	629.03877
GH78	NA	NA	NA	NA	NA	NA	NA	NA	NA	NA	NA	NA	NA	NA	NA	NA	NA	NA	NA	NA	NA	NA	NA	NA	NA	NA	NA	NA	NA	NA	NA	NA	NA	NA	NA	NA	NA	NA	NA	NA	NA	NA	NA	NA	NA	NA	NA	NA	NA	NA	NA	NA	NA	NA	NA	NA	497.86549	322.91386	465.74649	439.864	434.53248	332.5352	347.6537	255.18361	590.07664	395.67898	407.09946	366.60644	467.76788	556.96058	421.99685	361.02823	528.74649	259.02306	622.25327	311.08617	599.53374	369.62001	416.95729	381.16918	458.94371	548.3643	360.4843	667.30529	418.5452	447.61345	300.34946	304.82061	389.33578	433.8271	495.42226	489.24424	436.21905	592.34222	378.79832	409.46289	321.70787	359.60941	324.93519	496.51167	395.40376	488.31738	155.79719	304.10309	497.23088	324.83643	439.88494	274.83112	462.78369	436.31019	529.88096	279.88579	393.13694	391.53894
GH79	NA	NA	NA	NA	NA	NA	NA	NA	NA	NA	NA	NA	NA	NA	NA	NA	NA	NA	NA	NA	NA	NA	NA	NA	NA	NA	NA	NA	NA	NA	NA	NA	NA	NA	NA	NA	NA	NA	NA	NA	NA	NA	NA	NA	NA	NA	NA	NA	NA	NA	NA	NA	NA	NA	NA	NA	0.96893	3.58592	1.65269	1.58774	1.33294	1.9358	0.79156	1.41954	1.21969	10.00448	0.62673	3.38299	9.0967	0.17702	2.99202	1.86495	1.0559	2.28456	3.78591	7.90178	2.29698	0.54931	0.9415	4.69981	0.45724	8.22149	2.99789	0.55852	NA	7.32325	4.51042	0.24518	3.20335	13.72615	0.47276	0.52658	0.94225	1.74525	0.48169	8.51567	2.62122	5.62405	2.77469	0.15282	2.88528	1.49841	0.11898	9.84475	NA	7.00094	0.12783	2.49878	2.88448	1.00167	1.50212	0.38336	1.67042	0.41104
GH8	NA	NA	NA	NA	NA	NA	NA	NA	NA	NA	NA	NA	NA	NA	NA	NA	NA	NA	NA	NA	NA	NA	NA	NA	NA	NA	NA	NA	NA	NA	NA	NA	NA	NA	NA	NA	NA	NA	NA	NA	NA	NA	NA	NA	NA	NA	NA	NA	NA	NA	NA	NA	NA	NA	NA	NA	98.11229	86.97987	23.94515	88.92449	84.995	43.23027	43.26049	131.69087	59.5007	129.06032	95.64596	42.77351	35.53649	51.07137	78.20111	45.38	144.54992	95.41013	36.02048	105.78063	33.02852	102.99744	87.1298	78.89087	93.71692	75.84866	92.03497	173.09562	40.09322	28.4332	73.34003	83.44623	79.39181	108.34818	69.84203	76.84279	77.56779	132.21116	37.46061	43.62004	96.22754	60.86467	103.05137	43.073	96.82448	184.57485	95.91519	34.87722	94.3642	66.56024	54.54819	86.88568	65.82905	89.80414	124.37167	46.34841	47.75599	65.38662
GH81	NA	NA	NA	NA	NA	NA	NA	NA	NA	NA	NA	NA	NA	NA	NA	NA	NA	NA	NA	NA	NA	NA	NA	NA	NA	NA	NA	NA	NA	NA	NA	NA	NA	NA	NA	NA	NA	NA	NA	NA	NA	NA	NA	NA	NA	NA	NA	NA	NA	NA	NA	NA	NA	NA	NA	NA	7.29309	2.28216	0.69933	3.67546	1.4174	3.58681	NA	5.05553	2.98263	6.60684	3.03236	5.73189	1.34721	2.66134	0.58714	2.54018	2.00722	2.06149	2.18258	5.484	0.53349	2.74237	12.1126	45.38246	0.93699	0.93435	2.9744	0.35586	1.95078	0.61947	4.80889	3.14961	19.55958	24.60331	3.12985	1.05072	3.00611	4.74987	2.88944	3.47197	5.0294	2.56204	4.06361	NA	0.82546	0.76335	6.85811	1.57169	0.28295	5.67099	0.80185	2.07196	3.55036	1.56829	2.23496	4.20526	1.02822	0.39083
GH82	NA	NA	NA	NA	NA	NA	NA	NA	NA	NA	NA	NA	NA	NA	NA	NA	NA	NA	NA	NA	NA	NA	NA	NA	NA	NA	NA	NA	NA	NA	NA	NA	NA	NA	NA	NA	NA	NA	NA	NA	NA	NA	NA	NA	NA	NA	NA	NA	NA	NA	NA	NA	NA	NA	NA	NA	NA	NA	NA	NA	NA	NA	NA	NA	NA	NA	NA	NA	NA	NA	NA	NA	NA	NA	NA	0.33732	NA	NA	NA	NA	NA	NA	NA	NA	NA	NA	NA	NA	NA	NA	NA	NA	NA	NA	NA	NA	NA	NA	NA	NA	NA	NA	65.01588	0.19839	NA	NA	NA	NA	NA	NA	NA	30.6772	NA	NA
GH84	NA	NA	NA	NA	NA	NA	NA	NA	NA	NA	NA	NA	NA	NA	NA	NA	NA	NA	NA	NA	NA	NA	NA	NA	NA	NA	NA	NA	NA	NA	NA	NA	NA	NA	NA	NA	NA	NA	NA	NA	NA	NA	NA	NA	NA	NA	NA	NA	NA	NA	NA	NA	NA	NA	NA	NA	59.73997	17.07764	326.82846	44.11715	47.43141	37.69353	34.27309	49.21675	98.37907	73.56529	69.38647	115.82788	252.30828	37.27346	64.25794	67.72231	84.94605	37.76759	102.84615	93.0009	33.49014	37.53156	60.02506	45.68626	50.12565	87.32616	58.57435	137.87916	171.77127	107.06687	39.08755	57.35057	61.03311	49.27123	69.74645	99.43128	80.16076	99.69901	87.14686	63.65497	40.19374	62.95832	31.57574	186.92051	46.42317	126.55956	84.69959	54.93593	55.35398	26.74885	99.94978	35.09852	124.35794	43.25324	116.24177	44.99402	217.03548	65.54664
GH85	NA	NA	NA	NA	NA	NA	NA	NA	NA	NA	NA	NA	NA	NA	NA	NA	NA	NA	NA	NA	NA	NA	NA	NA	NA	NA	NA	NA	NA	NA	NA	NA	NA	NA	NA	NA	NA	NA	NA	NA	NA	NA	NA	NA	NA	NA	NA	NA	NA	NA	NA	NA	NA	NA	NA	NA	18.84131	16.97824	22.92087	18.42828	19.59579	20.48611	49.08381	1.14988	15.53141	8.98318	13.11753	10.97794	37.96203	14.11148	20.33045	18.45291	17.08	12.1459	5.14686	10.61187	17.13954	15.64097	21.74843	7.19382	17.32709	39.97328	26.04325	5.90455	15.13306	35.42806	28.97731	19.37069	14.61039	5.23085	44.41012	21.01828	43.67262	7.00439	18.61135	8.99389	22.0031	1.99503	7.59261	49.25088	26.84808	76.56733	57.12625	60.39285	61.59977	17.35299	1.94807	6.88531	21.17813	28.78019	68.05219	14.27612	37.46449	24.62496
GH86	NA	NA	NA	NA	NA	NA	NA	NA	NA	NA	NA	NA	NA	NA	NA	NA	NA	NA	NA	NA	NA	NA	NA	NA	NA	NA	NA	NA	NA	NA	NA	NA	NA	NA	NA	NA	NA	NA	NA	NA	NA	NA	NA	NA	NA	NA	NA	NA	NA	NA	NA	NA	NA	NA	NA	NA	NA	NA	NA	NA	0.68347	NA	NA	0.05269	NA	NA	NA	NA	NA	NA	NA	NA	NA	0.12794	NA	NA	NA	NA	NA	NA	NA	NA	NA	NA	NA	NA	NA	NA	NA	NA	NA	NA	NA	NA	NA	NA	NA	NA	NA	NA	NA	NA	NA	NA	NA	NA	NA	NA	NA	NA	NA	0.14987	NA	NA
GH87	NA	NA	NA	NA	NA	NA	NA	NA	NA	NA	NA	NA	NA	NA	NA	NA	NA	NA	NA	NA	NA	NA	NA	NA	NA	NA	NA	NA	NA	NA	NA	NA	NA	NA	NA	NA	NA	NA	NA	NA	NA	NA	NA	NA	NA	NA	NA	NA	NA	NA	NA	NA	NA	NA	NA	NA	0.38315	0.94435	NA	0.60021	1.31143	0.07341	NA	0.72423	0.4005	0.63069	NA	0.72553	NA	0.86342	2.45261	NA	0.05247	0.99129	0.46576	0.2111	2.14013	0.51199	3.57579	0.59619	NA	NA	0.30019	0.29797	NA	0.28212	0.25327	NA	4.59229	0.3059	NA	0.13314	0.31854	0.23165	0.33032	3.21727	1.52469	0.22754	0.88738	0.13239	0.63039	0.72901	6.1337	2.19067	NA	NA	NA	0.46586	0.10478	0.09204	0.85263	0.23472	NA	0.55478
GH88	NA	NA	NA	NA	NA	NA	NA	NA	NA	NA	NA	NA	NA	NA	NA	NA	NA	NA	NA	NA	NA	NA	NA	NA	NA	NA	NA	NA	NA	NA	NA	NA	NA	NA	NA	NA	NA	NA	NA	NA	NA	NA	NA	NA	NA	NA	NA	NA	NA	NA	NA	NA	NA	NA	NA	NA	282.66037	106.64482	236.46562	167.47003	264.90446	107.3143	110.49973	394.85116	577.72526	198.39214	204.35752	227.66166	226.06723	117.86247	300.37281	132.50704	143.22611	410.93495	600.2259	207.07861	57.45418	111.66769	164.24893	140.54784	334.91578	278.54805	222.46138	91.46747	230.46701	167.04119	73.7906	133.39942	117.39963	164.88699	251.59947	187.92448	186.45966	157.62387	156.67991	171.54352	102.00451	349.28144	161.78347	266.63424	170.90653	207.99563	217.82839	109.65305	135.52685	101.53041	382.13515	134.80526	443.60824	180.13698	227.97139	87.47404	176.08108	105.42361
GH89	NA	NA	NA	NA	NA	NA	NA	NA	NA	NA	NA	NA	NA	NA	NA	NA	NA	NA	NA	NA	NA	NA	NA	NA	NA	NA	NA	NA	NA	NA	NA	NA	NA	NA	NA	NA	NA	NA	NA	NA	NA	NA	NA	NA	NA	NA	NA	NA	NA	NA	NA	NA	NA	NA	NA	NA	249.68964	56.45868	441.83932	127.41078	174.86204	82.06157	105.29992	200.02196	216.70096	109.45088	136.2176	272.46882	407.90458	128.05808	196.58226	89.13073	142.34902	205.86852	226.35645	87.57506	75.46162	85.72489	151.39519	86.75635	78.93341	159.00419	146.33178	88.29236	254.68623	221.05787	80.13741	142.31682	155.07857	129.08743	108.66367	188.4751	105.93303	108.91447	173.10617	101.69513	68.47143	259.78584	116.89502	408.04493	146.0114	124.57365	178.35478	84.26629	88.15312	58.92277	302.83681	102.39405	323.98757	165.25942	123.68012	79.59793	355.15965	141.1539
GH9	NA	NA	NA	NA	NA	NA	NA	NA	NA	NA	NA	NA	NA	NA	NA	NA	NA	NA	NA	NA	NA	NA	NA	NA	NA	NA	NA	NA	NA	NA	NA	NA	NA	NA	NA	NA	NA	NA	NA	NA	NA	NA	NA	NA	NA	NA	NA	NA	NA	NA	NA	NA	NA	NA	NA	NA	60.95657	104.09619	200.58751	131.44933	275.41464	131.86327	48.23395	72.25527	323.61399	144.57526	65.66837	93.06386	132.2619	106.92231	298.0144	112.72952	92.32234	119.1156	312.07243	137.83337	146.45721	92.4743	117.22601	83.03117	388.05848	141.8052	276.20377	123.09698	243.68245	244.27143	170.15141	139.18024	136.71226	180.86841	279.83942	126.15432	73.18384	168.37926	125.14692	271.81885	105.60839	195.55544	126.17836	136.34373	267.30471	151.54516	196.79362	61.02895	77.3335	73.64753	229.31822	103.21724	212.20119	292.66109	155.73459	64.61328	77.00231	63.74245
GH91	NA	NA	NA	NA	NA	NA	NA	NA	NA	NA	NA	NA	NA	NA	NA	NA	NA	NA	NA	NA	NA	NA	NA	NA	NA	NA	NA	NA	NA	NA	NA	NA	NA	NA	NA	NA	NA	NA	NA	NA	NA	NA	NA	NA	NA	NA	NA	NA	NA	NA	NA	NA	NA	NA	NA	NA	56.30339	4.27269	5.05802	7.81044	6.82717	11.49879	25.35316	9.22053	35.11082	24.133	70.64857	3.82835	8.12211	8.71966	8.56605	4.37807	16.18706	8.52251	17.15478	9.0332	6.27373	11.67069	15.05003	28.18792	4.69777	9.86289	13.85967	4.84192	2.1898	12.96719	5.42085	10.04227	5.34495	8.98524	6.41695	22.62143	7.99712	16.34488	2.84561	8.24714	10.6435	11.78299	1.33386	44.88598	10.96178	3.51746	19.98972	12.25165	22.88407	6.2909	4.53429	5.85489	19.6369	8.66868	3.00939	16.5621	23.03423	14.9357
GH92	NA	NA	NA	NA	NA	NA	NA	NA	NA	NA	NA	NA	NA	NA	NA	NA	NA	NA	NA	NA	NA	NA	NA	NA	NA	NA	NA	NA	NA	NA	NA	NA	NA	NA	NA	NA	NA	NA	NA	NA	NA	NA	NA	NA	NA	NA	NA	NA	NA	NA	NA	NA	NA	NA	NA	NA	1363.29056	271.46085	622.53283	592.46999	886.76209	438.88174	441.93963	621.62095	1465.61655	927.758	1222.51848	722.35386	661.32802	507.8251	938.61439	483.00671	723.14832	744.89153	1557.03281	808.46787	377.85136	441.64336	653.6194	473.24962	910.64139	1297.05962	669.56987	788.36626	846.64459	775.38623	373.93226	679.01191	447.11516	814.70635	871.56335	1159.55915	542.51895	678.12692	664.06796	633.42454	305.745	872.52596	384.40942	985.2841	536.44565	877.32749	973.24325	385.15653	639.03116	249.40449	930.89301	418.94145	1405.52906	614.49667	870.60771	420.24614	656.05392	561.24347
GH93	NA	NA	NA	NA	NA	NA	NA	NA	NA	NA	NA	NA	NA	NA	NA	NA	NA	NA	NA	NA	NA	NA	NA	NA	NA	NA	NA	NA	NA	NA	NA	NA	NA	NA	NA	NA	NA	NA	NA	NA	NA	NA	NA	NA	NA	NA	NA	NA	NA	NA	NA	NA	NA	NA	NA	NA	8.55224	0.96552	1.2508	1.97444	1.86364	3.31534	0.78983	NA	12.97477	12.25739	4.84246	1.7685	2.74471	7.96854	0.86022	2.84044	9.02412	NA	3.29164	1.76054	2.89998	17.17428	0.92029	52.5741	4.76491	0.85036	13.08748	NA	NA	8.21734	6.01748	24.56556	1.78844	2.92908	10.00668	4.22947	0.78061	0.47641	9.80757	5.0915	2.17204	1.12512	17.82851	2.55081	5.32702	23.21992	3.93002	52.45446	0.53335	0.93815	0.76694	0.7223	1.8015	7.93245	14.8943	2.34485	43.86858	1.72298
GH94	NA	NA	NA	NA	NA	NA	NA	NA	NA	NA	NA	NA	NA	NA	NA	NA	NA	NA	NA	NA	NA	NA	NA	NA	NA	NA	NA	NA	NA	NA	NA	NA	NA	NA	NA	NA	NA	NA	NA	NA	NA	NA	NA	NA	NA	NA	NA	NA	NA	NA	NA	NA	NA	NA	NA	NA	448.5085	374.90515	183.59439	501.54164	405.70668	298.16243	211.85824	545.98753	393.4439	561.75468	603.51375	295.76961	178.6629	281.91865	324.77428	327.66373	407.88386	399.21037	344.53073	471.95512	394.77663	443.61129	461.56099	263.00275	493.84036	367.45979	519.96214	361.48186	269.76842	249.57616	377.34767	447.20102	486.91009	376.49007	340.65765	337.00232	471.60121	395.59143	296.21287	396.5609	510.72529	342.26394	544.74315	203.36185	507.51428	505.02103	309.65249	360.39864	213.33118	329.49889	271.71267	517.37243	314.9183	470.5618	356.04368	255.42723	288.20181	247.2909
GH95	NA	NA	NA	NA	NA	NA	NA	NA	NA	NA	NA	NA	NA	NA	NA	NA	NA	NA	NA	NA	NA	NA	NA	NA	NA	NA	NA	NA	NA	NA	NA	NA	NA	NA	NA	NA	NA	NA	NA	NA	NA	NA	NA	NA	NA	NA	NA	NA	NA	NA	NA	NA	NA	NA	NA	NA	287.29837	184.00343	417.44488	249.42295	287.75248	167.54457	228.51292	336.65982	404.41029	221.57326	212.74445	342.25512	400.86726	222.08767	345.39798	374.94396	425.82097	361.56484	443.83032	184.74339	275.47117	197.09478	208.04538	265.25952	321.59542	415.74412	258.17351	805.01108	317.21045	230.95754	272.45067	214.94239	210.36497	450.79204	273.03675	304.76443	312.20468	557.35332	246.63137	201.62896	231.85428	331.12542	241.97259	430.18162	222.65729	671.73568	385.39634	142.03214	223.77412	195.5445	362.24082	206.56781	453.25892	208.36404	589.79598	273.73088	358.06532	196.11302
GH96	NA	NA	NA	NA	NA	NA	NA	NA	NA	NA	NA	NA	NA	NA	NA	NA	NA	NA	NA	NA	NA	NA	NA	NA	NA	NA	NA	NA	NA	NA	NA	NA	NA	NA	NA	NA	NA	NA	NA	NA	NA	NA	NA	NA	NA	NA	NA	NA	NA	NA	NA	NA	NA	NA	NA	NA	NA	0.27836	0.35584	NA	NA	0.19201	NA	NA	NA	NA	NA	0.28913	NA	0.61123	NA	NA	0.43155	NA	0.61411	0.29021	NA	0.08663	NA	NA	NA	0.4244	0.16849	NA	NA	NA	NA	NA	NA	NA	NA	NA	NA	NA	0.43645	NA	NA	NA	NA	0.8975	NA	NA	NA	NA	NA	0.16357	NA	NA	NA	NA	NA	NA	NA	NA
GH97	NA	NA	NA	NA	NA	NA	NA	NA	NA	NA	NA	NA	NA	NA	NA	NA	NA	NA	NA	NA	NA	NA	NA	NA	NA	NA	NA	NA	NA	NA	NA	NA	NA	NA	NA	NA	NA	NA	NA	NA	NA	NA	NA	NA	NA	NA	NA	NA	NA	NA	NA	NA	NA	NA	NA	NA	722.33641	198.09858	713.27579	487.22609	672.18749	324.95979	314.09502	513.38655	1346.48672	569.25018	522.26393	598.03127	593.47154	481.78496	858.71397	833.65261	994.64686	585.77808	1419.60664	536.32771	407.4037	242.13381	419.27488	320.98896	814.29918	715.06047	629.04446	1227.5727	720.19187	573.3067	525.49392	417.64714	281.57308	854.32707	670.05393	672.95886	662.0942	932.32834	425.5643	515.46555	431.92198	795.84343	369.11702	677.15905	527.21211	1481.15884	1158.95513	253.05206	346.03164	234.8872	816.65792	324.94965	1146.49723	535.89423	1192.71678	365.26333	469.97553	298.37016
GH98	NA	NA	NA	NA	NA	NA	NA	NA	NA	NA	NA	NA	NA	NA	NA	NA	NA	NA	NA	NA	NA	NA	NA	NA	NA	NA	NA	NA	NA	NA	NA	NA	NA	NA	NA	NA	NA	NA	NA	NA	NA	NA	NA	NA	NA	NA	NA	NA	NA	NA	NA	NA	NA	NA	NA	NA	26.85664	2.9555	7.80267	4.90913	12.67647	4.79912	16.60095	0.50399	2.99892	5.39694	25.78582	8.92336	7.83793	1.1651	12.88988	10.315	10.1973	1.99332	4.99352	1.30735	38.19165	21.48886	2.46262	25.03485	1.07065	2.38417	4.85845	6.24672	3.60796	18.47016	12.92229	14.61776	5.34957	11.20788	2.76847	3.38446	1.61254	6.44551	0.9113	34.69383	2.59052	29.7942	7.00528	8.83915	5.88681	0.40171	6.74462	1.20495	6.62443	5.32138	30.5808	2.90653	2.89668	4.12098	0.67795	8.23663	0.99084	16.00685
GH99	NA	NA	NA	NA	NA	NA	NA	NA	NA	NA	NA	NA	NA	NA	NA	NA	NA	NA	NA	NA	NA	NA	NA	NA	NA	NA	NA	NA	NA	NA	NA	NA	NA	NA	NA	NA	NA	NA	NA	NA	NA	NA	NA	NA	NA	NA	NA	NA	NA	NA	NA	NA	NA	NA	NA	NA	4.44297	0.23242	3.75375	NA	1.76779	1.33542	NA	0.3154	1.50943	0.25413	2.74983	0.62742	NA	NA	3.51791	0.35871	2.13179	2.82154	0.66159	NA	4.59787	0.4039	5.12095	0.51833	1.72124	3.28935	0.49637	0.68734	NA	0.15518	1.07441	0.7613	1.98072	2.04197	4.38932	2.01714	1.52983	0.3638	1.17436	0.32078	0.36899	3.30529	NA	1.2714	0.5831	3.63654	5.88303	0.22469	14.53515	0.35094	1.53642	0.56344	0.24469	1.67857	6.40435	NA	0.60592	8.313
GT1	NA	NA	NA	NA	NA	NA	NA	NA	NA	NA	NA	NA	NA	NA	NA	NA	NA	NA	NA	NA	NA	NA	NA	NA	NA	NA	NA	NA	NA	NA	NA	NA	NA	NA	NA	NA	NA	NA	NA	NA	NA	NA	NA	NA	NA	NA	NA	NA	NA	NA	NA	NA	NA	NA	NA	NA	19.36668	23.87052	73.25525	15.31009	7.87467	24.51464	23.61821	21.20358	10.48953	20.01879	13.26337	30.74246	49.9355	12.69017	8.58793	21.59031	12.21323	38.84849	7.01868	19.70879	13.39987	13.96939	17.78769	17.23818	7.54276	11.83073	13.49313	7.29292	20.22276	30.97914	14.11321	10.96619	19.85204	18.74222	14.12374	24.81059	14.48687	9.13716	14.58218	29.33109	14.88315	17.289	12.56735	38.7895	13.61022	11.37379	12.13663	20.40133	18.11137	20.7269	25.70771	12.56072	16.36522	19.25351	13.91573	34.28905	62.00903	25.81014
GT10	NA	NA	NA	NA	NA	NA	NA	NA	NA	17.1074	NA	NA	NA	NA	NA	NA	NA	NA	NA	NA	NA	NA	NA	NA	NA	NA	NA	26.61498	9.18601	102.6584	NA	NA	NA	93.8879	NA	NA	NA	27.92374	24.95436	40.55273	NA	115.78149	47.32228	NA	NA	NA	50.16452	NA	NA	89.89604	15.21614	NA	NA	NA	NA	NA	17.1196	20.54343	94.2366	17.1128	2.31142	7.27725	38.20917	5.78985	10.04887	22.83706	7.90846	30.65608	68.22126	13.965	3.85179	3.9356	20.86659	7.88067	7.70574	10.79677	3.88192	20.52396	26.87153	24.5702	3.29963	11.8462	8.50588	8.31933	44.70954	22.48972	6.58445	13.26274	27.09956	10.03496	10.18592	19.93291	5.54895	11.98557	23.48246	9.21628	4.75429	10.81398	13.05644	68.09213	9.72172	10.53985	5.72202	13.47642	38.11658	18.78572	28.58621	5.12332	14.61364	8.86104	7.47811	5.98435	55.95001	25.55447
GT101	NA	NA	NA	NA	NA	NA	NA	NA	NA	NA	NA	NA	NA	NA	NA	NA	NA	NA	NA	NA	NA	NA	NA	NA	NA	NA	NA	NA	NA	NA	NA	NA	NA	NA	NA	NA	NA	NA	NA	NA	NA	NA	NA	NA	NA	NA	NA	NA	NA	NA	NA	NA	NA	NA	NA	NA	17.95909	7.31109	54.57441	20.00965	6.50765	18.32279	19.16122	14.19139	11.1417	31.15934	4.03322	5.45964	85.50616	10.48551	5.6112	11.50296	5.8088	14.58927	7.27618	1.91841	2.84284	3.93289	23.42436	5.67229	16.19042	8.0208	6.21753	2.77307	45.86805	38.32769	4.91344	2.53749	15.96799	7.43234	23.24965	17.79841	5.44685	3.06724	18.91914	13.61817	5.20038	31.39695	7.35763	44.50083	4.12217	13.12277	1.8046	7.98646	20.91273	3.54369	45.7686	9.24964	24.03521	4.08807	10.94381	5.33782	17.66765	37.21137
GT102	NA	NA	NA	NA	NA	NA	NA	NA	NA	NA	NA	NA	NA	NA	NA	NA	NA	NA	NA	NA	NA	NA	NA	NA	NA	NA	NA	NA	NA	NA	NA	NA	NA	NA	NA	NA	NA	NA	NA	NA	NA	NA	NA	NA	NA	NA	NA	NA	NA	NA	NA	NA	NA	NA	NA	NA	NA	NA	NA	NA	0.12965	NA	NA	3.97435	NA	NA	NA	NA	NA	NA	2.69456	NA	NA	3.82653	NA	NA	NA	NA	NA	NA	NA	2.94345	NA	NA	NA	NA	NA	NA	NA	1.37934	NA	1.31708	NA	NA	NA	NA	NA	NA	2.5342	NA	NA	0.54392	NA	NA	NA	NA	NA	3.05396	NA	NA	1.12424	NA	NA	NA
GT103	NA	NA	NA	NA	NA	NA	NA	NA	NA	NA	NA	NA	NA	NA	NA	NA	NA	NA	NA	NA	NA	NA	NA	NA	NA	NA	NA	NA	NA	NA	NA	NA	NA	NA	NA	NA	NA	NA	NA	NA	NA	NA	NA	NA	NA	NA	NA	NA	NA	NA	NA	NA	NA	NA	NA	NA	NA	NA	1.44201	NA	1.47795	NA	NA	3.1153	NA	NA	NA	NA	0.95356	NA	2.33412	0.93502	NA	3.02551	NA	NA	NA	NA	NA	0.16818	NA	1.67274	NA	NA	NA	NA	NA	NA	NA	1.21935	NA	0.37424	NA	NA	NA	NA	NA	NA	1.92964	NA	NA	1.23642	NA	NA	NA	NA	NA	2.01943	NA	NA	0.6389	NA	NA	NA
GT104	NA	NA	NA	NA	NA	NA	NA	NA	NA	NA	NA	NA	NA	NA	NA	NA	NA	NA	NA	NA	NA	NA	NA	NA	NA	NA	NA	NA	NA	NA	NA	NA	NA	NA	NA	NA	NA	NA	NA	NA	NA	NA	NA	NA	NA	NA	NA	NA	NA	NA	NA	NA	NA	NA	NA	NA	0.74748	NA	0.24397	0.11709	1.05298	0.83149	0.29308	0.34325	NA	0.11464	0.54812	NA	0.24492	NA	1.17359	0.76669	0.42969	0.2065	NA	0.09392	0.4439	0.27108	0.31265	1.93244	0.26511	0.59533	1.1468	1.7218	NA	0.22242	0.28853	0.26122	NA	2.31755	0.19073	0.31967	NA	0.65299	0.12868	1.49059	NA	NA	0.09112	NA	0.39188	0.2062	7.88394	NA	NA	NA	NA	NA	1.11859	1.3497	NA	NA	0.45089	0.34686
GT107	NA	NA	NA	NA	NA	NA	NA	NA	NA	NA	NA	NA	NA	NA	NA	NA	NA	NA	NA	NA	NA	NA	NA	NA	NA	NA	NA	NA	NA	NA	NA	NA	NA	NA	NA	NA	NA	NA	NA	NA	NA	NA	NA	NA	NA	NA	NA	NA	NA	NA	NA	NA	NA	NA	NA	NA	0.05738	0.2721	6.89042	2.45061	0.04965	18.39283	0.18327	0.04773	NA	0.25028	NA	0.50759	6.3582	0.12881	0.47571	4.58706	0.19375	1.52962	NA	0.19348	0.82539	0.44206	1.26824	0.21463	0.18714	0.19528	0.35986	1.02805	NA	1.21416	0.41434	5.80232	0.31008	NA	0.40681	0.66424	0.67621	0.46681	1.18163	0.62752	0.1629	0.25611	0.3844	0.53526	0.15139	1.38461	0.49288	1.54454	4.05229	0.15981	1.39059	NA	1.84824	0.41171	0.44382	0.22702	2.80598	0.21059
GT108	NA	NA	NA	NA	NA	NA	NA	NA	NA	NA	NA	NA	NA	NA	NA	NA	NA	NA	NA	NA	NA	NA	NA	NA	NA	NA	NA	NA	NA	NA	NA	NA	NA	NA	NA	NA	NA	NA	NA	NA	NA	NA	NA	NA	NA	NA	NA	NA	NA	NA	NA	NA	NA	NA	NA	NA	0.94622	1.89671	NA	0.44117	1.03102	0.87125	1.07387	NA	NA	NA	0.6794	0.22522	0.25319	0.43628	0.71391	NA	0.63591	0.27203	NA	NA	1.74694	0.34651	0.19968	0.70359	0.65767	NA	0.49907	0.32346	2.58591	0.98524	0.87074	0.32759	NA	0.25237	NA	0.13048	NA	NA	0.32777	0.3231	NA	2.16376	0.22392	NA	NA	0.21627	NA	NA	NA	0.36301	1.7747	0.89925	0.21072	0.20117	0.11175	NA	0.15694	NA
GT11	NA	NA	NA	NA	NA	NA	NA	NA	NA	NA	NA	NA	NA	NA	NA	NA	NA	NA	NA	NA	NA	NA	NA	NA	NA	NA	NA	NA	NA	NA	NA	NA	NA	NA	NA	NA	NA	NA	NA	NA	NA	NA	NA	NA	NA	NA	NA	NA	NA	NA	NA	NA	NA	NA	NA	NA	69.71807	49.1096	115.12017	54.29935	42.93164	44.75798	56.29982	49.48431	113.15999	120.43765	69.94113	83.37716	100.47498	34.06896	57.44341	75.65609	68.10989	39.21276	102.63367	74.04363	24.30425	40.72467	44.61523	37.40606	83.87403	112.30296	64.47341	22.76098	80.63526	66.20239	21.98358	43.38767	44.21631	33.59035	81.99355	78.8756	51.85362	36.2962	37.89525	61.1931	30.81978	72.66206	34.71054	70.50688	42.80477	34.88204	17.43569	28.81687	34.0027	57.26316	67.62541	36.76101	85.81236	34.52834	36.8389	39.71056	88.74652	22.76596
GT111	NA	NA	NA	NA	NA	NA	NA	NA	NA	NA	NA	NA	NA	NA	NA	NA	NA	NA	NA	NA	NA	NA	NA	NA	NA	NA	NA	NA	NA	NA	NA	NA	NA	NA	NA	NA	NA	NA	NA	NA	NA	NA	NA	NA	NA	NA	NA	NA	NA	NA	NA	NA	NA	NA	NA	NA	141.17165	198.51582	38.56076	152.69499	75.76176	75.03982	156.53852	55.4163	147.38884	112.62901	120.4242	179.23996	54.65603	111.72872	123.37027	77.27773	234.27414	82.81361	144.23923	74.96063	42.78926	191.988	92.36364	89.00112	103.35138	127.30136	127.11579	132.92613	48.10958	91.94201	84.21629	244.30259	104.17992	101.27519	85.68702	85.81556	136.3298	135.36769	69.63411	109.41934	121.43887	72.95418	203.57194	58.31226	105.51648	201.98605	82.379	72.026	171.74144	106.5797	59.83399	208.06856	121.88573	93.5754	156.46382	46.968	64.7304	116.41523
GT12	NA	NA	NA	NA	NA	NA	NA	NA	NA	NA	NA	NA	NA	NA	NA	NA	NA	NA	NA	NA	NA	NA	NA	NA	NA	NA	NA	NA	NA	NA	NA	NA	NA	NA	NA	NA	NA	NA	NA	NA	NA	NA	NA	NA	NA	NA	NA	NA	NA	NA	NA	NA	NA	NA	NA	NA	NA	46.99357	0.80461	56.9167	14.50033	1.91419	NA	NA	0.24444	NA	NA	8.74457	0.5385	8.61907	4.78349	NA	1.54779	NA	0.32997	NA	1.85104	0.25788	1.08044	NA	NA	NA	0.35356	0.51717	NA	1.04603	0.90827	NA	8.09004	NA	NA	NA	29.9104	2.00848	NA	1.18253	0.51908	NA	NA	NA	NA	0.2685	NA	34.65493	NA	NA	NA	0.86426	NA	NA	0.97459	NA	12.2756	1.16147
GT13	NA	NA	NA	NA	NA	NA	NA	NA	NA	NA	NA	NA	NA	NA	NA	NA	NA	NA	NA	NA	NA	NA	NA	NA	NA	NA	NA	NA	NA	NA	NA	NA	NA	NA	NA	NA	NA	NA	NA	NA	NA	NA	NA	NA	NA	NA	NA	NA	NA	NA	NA	NA	NA	NA	NA	NA	NA	NA	NA	0.15066	0.57786	0.32743	NA	NA	NA	NA	NA	0.73777	NA	NA	3.28142	NA	NA	NA	NA	NA	3.74815	NA	NA	NA	NA	NA	NA	1.66488	NA	0.14426	1.08638	NA	NA	NA	NA	NA	NA	0.58806	NA	NA	NA	3.69155	NA	NA	NA	NA	0.51949	NA	0.73755	NA	1.74156	NA	NA	NA	NA	0.26557	NA	2.03751
GT14	NA	NA	NA	NA	NA	NA	NA	NA	NA	NA	NA	NA	NA	NA	NA	NA	NA	NA	NA	NA	NA	NA	NA	NA	NA	NA	NA	NA	NA	NA	NA	NA	NA	NA	NA	NA	NA	NA	NA	NA	NA	NA	NA	NA	NA	NA	NA	NA	NA	NA	NA	NA	NA	NA	NA	NA	50.97117	21.8881	59.05854	41.71719	37.24024	34.95666	75.77675	26.60116	82.11512	42.15435	58.33235	40.21099	83.64667	55.17588	48.962	23.81482	110.22682	26.59927	105.62758	52.95221	25.89609	43.90107	42.28719	36.60984	70.43876	60.48259	51.87496	227.86052	59.71411	55.58302	30.46222	37.72896	33.55951	41.66588	67.97231	75.43844	82.49288	187.01937	34.57994	45.38408	53.88093	67.45098	26.21517	48.00658	47.3794	217.61632	94.17083	49.99923	20.91046	31.48158	52.88709	23.66157	78.80191	57.30211	179.52544	27.45077	39.30299	21.11006
GT15	NA	NA	NA	NA	NA	NA	NA	NA	NA	NA	NA	NA	NA	NA	NA	NA	NA	NA	NA	NA	NA	NA	NA	NA	NA	NA	NA	NA	NA	NA	NA	NA	NA	NA	NA	NA	NA	NA	NA	NA	NA	NA	NA	NA	NA	NA	NA	NA	NA	NA	NA	NA	NA	NA	NA	NA	NA	NA	NA	NA	NA	NA	NA	NA	NA	NA	NA	0.33605	NA	NA	NA	NA	NA	NA	NA	NA	NA	NA	NA	NA	NA	NA	NA	NA	NA	NA	NA	NA	NA	NA	NA	NA	NA	NA	NA	NA	NA	0.5489	NA	NA	NA	NA	NA	NA	NA	NA	NA	NA	NA	NA	NA	NA	NA	NA
GT17	NA	NA	NA	NA	NA	NA	NA	NA	NA	NA	NA	NA	NA	NA	NA	NA	NA	NA	NA	NA	NA	NA	NA	NA	NA	NA	NA	NA	NA	NA	NA	NA	NA	NA	NA	NA	NA	NA	NA	NA	NA	NA	NA	NA	NA	NA	NA	NA	NA	NA	NA	NA	NA	NA	NA	NA	4.67371	0.9853	1.63737	3.28682	1.78705	3.84567	3.32679	2.82715	5.47955	25.40981	4.69561	2.90699	2.79193	0.29823	2.17684	2.0733	1.19399	4.53626	3.37116	11.15538	0.2638	NA	0.99512	5.34908	4.94697	1.56724	0.50481	0.76128	NA	0.43893	1.0762	0.17106	0.35829	4.36298	4.82143	0.77324	5.31461	4.67687	5.29821	2.51843	2.49291	2.60015	1.45319	NA	0.73683	0.22509	0.353	0.25634	1.07715	14.40329	1.78381	0.97768	0.3341	3.64421	0.66237	3.34781	0.64825	0.748
GT19	NA	NA	NA	NA	NA	NA	NA	NA	NA	NA	NA	NA	NA	NA	NA	NA	NA	NA	NA	NA	NA	NA	NA	NA	NA	NA	NA	NA	NA	NA	NA	NA	NA	NA	NA	NA	NA	NA	NA	NA	NA	NA	NA	NA	NA	NA	NA	NA	NA	NA	NA	NA	NA	NA	NA	NA	87.01889	51.39019	199.34238	86.00856	92.80324	66.54773	75.78619	85.77741	134.75518	92.9821	78.27805	80.45282	138.16174	98.90594	99.93018	104.75657	169.88818	105.46451	130.9448	78.80937	86.2832	52.04521	67.89196	83.47135	99.60948	145.86939	82.22593	265.26197	95.68146	91.9745	104.85115	98.00546	75.46468	166.57269	106.5567	127.62775	89.63738	191.98523	84.15335	81.54303	62.20584	95.01929	38.53356	141.52867	89.56391	252.24244	187.57374	57.93903	63.37135	49.29565	139.64467	46.15558	152.07732	99.89108	178.05303	50.41029	118.21003	60.28904
GT2	NA	NA	NA	NA	NA	26.31171	71.53295	153.61172	NA	NA	NA	19.51629	NA	NA	NA	NA	NA	60.10723	NA	NA	NA	NA	81.24177	NA	NA	27.16376	78.10566	28.23502	14.61774	61.26028	NA	NA	NA	65.73786	NA	NA	225.33777	81.76072	NA	NA	57.0948	117.91589	81.705	NA	NA	NA	14.68817	NA	46.69007	NA	NA	NA	NA	NA	NA	184.1795	4705.77322	3806.8882	4618.08495	4442.31218	4492.4838	3978.2738	3956.78984	4364.59845	4760.31574	4795.50879	4522.07656	4579.66038	5184.82288	3792.17612	4483.82492	5000.28506	4696.39185	4850.16186	4916.02924	4296.34638	3340.07139	4054.6365	4059.61701	3883.29376	4278.70829	4667.66033	4529.6905	5779.06371	4463.11919	3799.92528	4347.17245	4080.53865	4101.80103	4653.15982	4378.71633	4237.98405	4127.56205	5684.05903	3859.83871	3953.47802	4437.59196	4271.5491	3490.34249	3831.63753	4188.50572	5608.04696	4153.90914	3075.62617	3860.32502	4012.98347	3735.50293	3803.14957	4992.15786	4097.57011	4692.19743	3334.03046	3884.09528	4052.18254
GT20	NA	NA	NA	NA	NA	NA	NA	NA	NA	NA	NA	NA	NA	NA	NA	NA	NA	NA	NA	NA	NA	NA	NA	NA	NA	NA	NA	NA	NA	NA	NA	NA	NA	NA	NA	NA	NA	NA	NA	NA	NA	NA	NA	NA	NA	NA	NA	NA	NA	NA	NA	NA	NA	NA	NA	NA	52.56031	16.27881	48.67409	20.97038	44.08101	37.72358	33.53534	29.59784	62.59062	46.99007	36.68273	56.77951	64.84002	13.80297	47.95949	13.93048	32.60887	35.60324	71.81592	21.10335	13.00739	8.0239	28.59337	17.553	35.30126	39.85226	43.17111	15.85588	44.84458	70.84269	6.76478	28.80808	15.85518	23.63488	50.47946	53.79497	23.08999	29.03419	29.69695	44.94785	11.59341	46.01057	19.32918	57.97077	26.2148	40.14642	10.04821	15.25175	22.66044	12.4127	50.71717	24.06622	88.92562	28.36337	34.10882	12.13875	39.01241	13.95872
GT22	NA	NA	NA	NA	NA	NA	NA	NA	NA	NA	NA	NA	NA	NA	NA	NA	NA	NA	NA	NA	NA	NA	NA	NA	NA	NA	NA	NA	NA	NA	NA	NA	NA	NA	NA	NA	NA	NA	NA	NA	NA	NA	NA	NA	NA	NA	NA	NA	NA	NA	NA	NA	NA	NA	NA	NA	0.44363	1.13234	NA	0.64089	0.39463	0.41832	2.97484	NA	0.12222	0.21469	1.5132	2.73265	NA	0.76221	2.41167	0.72627	0.74299	NA	0.16498	0.08197	2.4833	0.55488	3.48963	1.09448	1.36623	0.77626	1.38799	0.67739	NA	0.81212	1.31504	1.0117	2.53446	0.70465	2.16299	1.53399	2.86345	0.92185	0.9284	0.28536	2.62557	0.45452	0.29886	1.01994	1.97304	0.34252	1.12197	4.73469	1.19722	3.30387	2.97368	0.22976	NA	1.59736	0.70797	2.34377	5.31533	2.38938
GT23	NA	NA	NA	NA	NA	NA	NA	NA	NA	NA	NA	NA	NA	NA	NA	NA	NA	NA	NA	NA	NA	NA	NA	NA	NA	NA	NA	NA	NA	NA	NA	NA	NA	NA	NA	NA	NA	NA	NA	NA	NA	NA	NA	NA	NA	NA	NA	NA	NA	NA	NA	NA	NA	NA	NA	NA	29.67806	8.90835	19.2055	12.93094	27.03998	6.94635	5.96349	15.89658	40.7245	28.84057	23.30061	43.36749	35.96093	4.0435	34.94677	1.91234	10.52636	13.54294	31.28015	9.67848	11.62304	13.28933	9.45818	5.74516	3.57485	30.90658	23.14956	8.03404	22.41386	8.24352	9.45151	11.71995	4.46065	12.23687	7.19479	10.0706	31.67155	15.33508	17.05142	8.16453	10.43112	13.77662	11.6669	18.61586	18.15734	80.32049	28.94858	5.59955	5.16388	4.25288	4.50903	13.49006	58.89366	14.45188	64.85792	12.25255	11.39958	4.80937
GT24	NA	NA	NA	NA	NA	NA	NA	NA	NA	NA	NA	NA	NA	NA	NA	NA	NA	NA	NA	NA	NA	NA	NA	NA	NA	NA	NA	NA	NA	NA	NA	NA	NA	NA	NA	NA	NA	NA	NA	NA	NA	NA	NA	NA	NA	NA	NA	NA	NA	NA	NA	NA	NA	NA	NA	NA	NA	NA	NA	NA	0.39489	NA	NA	NA	NA	NA	NA	NA	NA	NA	2.12634	NA	NA	NA	NA	NA	2.2471	NA	NA	NA	NA	NA	NA	0.54877	NA	NA	NA	NA	NA	NA	NA	NA	NA	NA	NA	NA	NA	NA	NA	NA	NA	NA	0.88641	NA	NA	NA	0.88649	NA	NA	NA	NA	NA	NA	NA
GT25	NA	NA	NA	NA	NA	NA	NA	NA	NA	NA	NA	NA	NA	NA	NA	NA	NA	NA	NA	NA	NA	NA	NA	NA	NA	NA	NA	NA	NA	NA	NA	NA	NA	NA	NA	NA	NA	NA	NA	NA	NA	NA	NA	NA	NA	NA	NA	NA	NA	NA	NA	NA	NA	NA	NA	NA	3.51092	0.98517	14.95263	1.24413	1.13068	20.53248	12.91141	8.17318	3.45786	2.4128	NA	1.9973	12.09669	1.67131	1.72386	6.48793	6.60605	2.39017	0.99686	3.54817	0.98388	4.43246	1.34169	3.55539	10.32368	3.90265	1.63092	2.10174	6.18854	4.35726	0.19311	7.85193	0.74348	5.92029	16.7244	2.44564	2.59991	6.61043	0.51194	11.62167	4.26437	7.0154	2.01138	10.47859	NA	1.75941	0.52432	0.58806	5.72168	1.63412	6.292	2.47075	3.02782	0.83375	2.28695	0.86225	0.84655	8.16664
GT26	NA	NA	NA	NA	NA	NA	NA	NA	NA	NA	NA	NA	NA	NA	NA	NA	NA	NA	NA	NA	NA	NA	NA	NA	NA	NA	NA	NA	NA	NA	NA	NA	NA	NA	NA	NA	NA	NA	NA	NA	NA	NA	NA	NA	NA	NA	NA	NA	NA	NA	NA	NA	NA	NA	NA	NA	123.29453	122.12663	180.0145	102.80142	98.47897	117.5496	112.81245	81.52919	177.19818	137.25766	140.90203	134.66837	172.8949	86.72929	104.15987	158.31839	198.46333	74.65971	187.29677	120.36245	127.93513	75.28372	112.98446	96.01264	129.54968	160.25731	142.28521	269.71293	153.39779	106.53598	83.81381	70.0499	90.40291	145.87358	146.13093	122.0589	205.45741	258.44511	112.38342	93.20465	118.26554	86.02248	107.34668	110.98268	130.58904	209.39012	226.8188	85.48392	100.91453	96.6909	97.17664	93.67055	203.54061	94.26804	167.12808	136.26805	142.38374	90.5117
GT27	NA	NA	NA	NA	NA	NA	NA	NA	NA	NA	NA	NA	NA	NA	NA	NA	NA	NA	NA	NA	NA	NA	NA	NA	NA	NA	NA	NA	NA	NA	NA	NA	NA	NA	NA	NA	NA	NA	NA	NA	NA	NA	NA	NA	NA	NA	NA	NA	NA	NA	NA	NA	NA	NA	NA	NA	NA	NA	NA	NA	0.21655	1.62354	NA	0.65839	NA	NA	NA	0.25675	NA	NA	1.71683	2.50164	NA	0.13321	NA	NA	3.23376	NA	NA	NA	NA	NA	NA	1.71176	NA	NA	0.38414	NA	NA	NA	NA	NA	NA	1.02416	NA	NA	2.41963	1.08689	0.29687	NA	NA	NA	2.67484	NA	NA	0.46786	2.62073	NA	NA	NA	NA	NA	NA	NA
GT28	NA	NA	NA	NA	NA	NA	NA	NA	NA	NA	NA	NA	NA	NA	NA	NA	NA	NA	NA	NA	NA	NA	NA	NA	NA	NA	NA	NA	NA	NA	NA	NA	NA	NA	NA	NA	NA	NA	NA	NA	NA	NA	NA	NA	NA	NA	NA	NA	NA	NA	NA	NA	NA	NA	NA	NA	374.90981	471.60513	463.90994	392.77938	394.85383	430.81948	440.83237	415.29081	298.05672	370.38158	380.46155	487.25515	350.21737	364.75806	354.12434	347.83217	423.67897	432.81066	301.77653	374.78286	431.6071	440.87328	445.60259	355.48714	353.18719	357.5795	349.95604	310.58464	451.18718	458.72473	419.36846	388.18557	462.72086	313.13982	374.1603	372.82678	400.33812	353.20579	404.44335	433.11473	474.18659	404.62904	408.98657	432.16797	401.50152	430.05992	387.99605	431.50891	370.7733	441.67703	397.03585	377.88465	359.3964	374.96883	384.35272	442.90214	465.75552	418.89735
GT29	NA	NA	NA	NA	NA	NA	NA	NA	NA	NA	NA	NA	NA	NA	NA	NA	NA	NA	NA	NA	NA	NA	NA	NA	NA	NA	NA	NA	NA	NA	NA	NA	NA	NA	NA	NA	NA	NA	NA	NA	NA	NA	NA	NA	NA	NA	NA	NA	NA	NA	NA	NA	NA	NA	NA	NA	NA	NA	NA	NA	NA	NA	NA	NA	NA	NA	NA	1.31092	NA	NA	NA	NA	NA	NA	NA	0.15562	NA	NA	NA	NA	NA	NA	NA	NA	NA	NA	NA	NA	NA	NA	NA	NA	NA	NA	NA	NA	NA	NA	NA	NA	NA	NA	NA	NA	NA	NA	NA	NA	NA	NA	NA	NA	NA	NA
GT3	NA	NA	NA	NA	15.39276	NA	NA	NA	NA	NA	NA	NA	NA	NA	NA	NA	NA	NA	NA	NA	NA	NA	NA	NA	NA	NA	NA	NA	NA	NA	NA	NA	NA	NA	NA	NA	NA	NA	NA	NA	NA	NA	NA	NA	NA	NA	NA	NA	NA	NA	NA	NA	NA	NA	NA	NA	81.7916	38.41198	93.21511	83.9489	100.63812	50.40283	73.03616	64.83859	122.83174	96.31136	86.86254	67.44973	62.21416	86.59463	109.46995	181.9427	129.94729	92.2491	118.86462	74.93461	80.87855	56.90141	68.52766	102.73134	106.17127	111.13588	77.21218	209.65179	103.00195	98.57257	104.0284	77.22251	53.74418	163.97072	114.22914	109.06175	85.96472	164.34207	79.28099	71.29436	59.94692	86.95009	36.80577	89.69575	75.51913	197.5835	170.39167	58.59135	79.26661	43.25694	85.92045	45.40697	116.19771	114.81641	163.81667	53.37589	78.31733	58.65771
GT30	NA	NA	NA	NA	NA	NA	NA	NA	NA	NA	NA	NA	NA	NA	NA	NA	NA	NA	NA	NA	NA	NA	NA	NA	NA	NA	NA	NA	NA	NA	NA	NA	NA	NA	NA	NA	NA	NA	NA	NA	NA	NA	NA	NA	NA	NA	NA	NA	NA	NA	NA	NA	NA	NA	NA	NA	87.07691	52.40258	174.03156	72.65652	69.30784	81.09936	85.11335	75.72618	157.46929	75.65897	60.88077	99.22447	154.42688	78.75292	84.04838	171.32119	163.93617	87.15172	140.013	77.58543	88.34035	60.13636	77.78197	98.12139	103.38733	118.05373	62.97496	212.70987	123.03449	110.30624	105.73503	81.51112	67.1949	136.49551	119.84031	119.70082	95.00588	152.48478	84.94151	94.71309	62.45818	108.46705	47.9862	145.99242	55.25255	203.31661	201.27258	63.49555	72.65592	46.04317	132.28848	51.95085	130.41765	60.05951	181.45491	65.47033	127.80568	53.55433
GT31	NA	NA	NA	NA	NA	NA	NA	NA	NA	NA	NA	NA	NA	NA	NA	NA	NA	NA	NA	NA	NA	NA	NA	NA	NA	NA	NA	NA	NA	NA	NA	NA	NA	NA	NA	NA	NA	NA	NA	NA	NA	NA	NA	NA	NA	NA	NA	NA	NA	NA	NA	NA	NA	NA	NA	NA	0.50581	NA	48.6486	0.29004	3.159	0.22179	21.17221	NA	NA	NA	NA	15.90999	37.94501	1.09023	11.25426	1.50325	3.31846	NA	NA	NA	6.84269	NA	2.27191	1.83706	0.42092	0.57708	0.48522	2.91501	28.2207	9.67676	0.93242	NA	6.10534	NA	0.45423	11.92244	NA	1.24428	7.96863	5.48333	NA	12.25886	4.82043	18.83555	0.47483	NA	4.38742	4.73618	2.82411	2.19386	16.76018	2.01573	3.1237	0.38422	NA	NA	34.48353	8.07466
GT32	NA	NA	NA	NA	NA	NA	NA	NA	NA	NA	NA	NA	NA	NA	NA	NA	NA	NA	NA	NA	NA	NA	NA	NA	NA	NA	NA	NA	NA	NA	NA	NA	NA	NA	NA	NA	NA	NA	NA	NA	NA	NA	NA	NA	NA	NA	NA	NA	NA	NA	NA	NA	NA	NA	NA	NA	134.93663	115.3468	309.08808	111.5308	105.31287	136.37972	166.09514	206.18925	159.85844	223.14351	119.76462	268.85122	301.01909	135.32563	119.26689	172.60161	202.22297	170.62769	144.82037	238.96771	134.1242	145.28146	141.72137	122.90847	168.21719	240.01118	141.07629	256.76488	170.40587	180.46608	147.97188	133.19643	168.98003	116.76828	206.57549	217.3663	151.89206	287.46422	196.51267	121.4463	135.24827	258.93212	117.77999	135.24036	128.38218	249.55052	220.20603	169.17455	115.7154	102.93418	214.08916	253.27917	192.36296	84.4674	245.90657	150.89943	260.04872	207.19432
GT33	NA	NA	NA	NA	NA	NA	NA	NA	NA	NA	NA	NA	NA	NA	NA	NA	NA	NA	NA	NA	NA	NA	NA	NA	NA	NA	NA	NA	NA	NA	NA	NA	NA	NA	NA	NA	NA	NA	NA	NA	NA	NA	NA	NA	NA	NA	NA	NA	NA	NA	NA	NA	NA	NA	NA	NA	NA	NA	NA	NA	0.07766	0.45576	NA	NA	NA	NA	NA	NA	NA	NA	0.61484	NA	NA	NA	NA	NA	0.84225	NA	NA	NA	NA	NA	NA	0.15688	NA	NA	NA	NA	NA	NA	NA	1.68616	NA	0.13839	NA	NA	0.33655	0.10865	NA	NA	NA	NA	0.2534	NA	NA	NA	0.55697	NA	NA	NA	NA	NA	NA	NA
GT35	NA	NA	NA	NA	NA	NA	NA	NA	NA	NA	NA	NA	NA	NA	NA	NA	NA	NA	NA	NA	NA	NA	NA	NA	NA	NA	NA	NA	NA	NA	NA	NA	NA	NA	NA	NA	NA	NA	NA	NA	NA	NA	NA	NA	NA	NA	NA	NA	NA	NA	NA	NA	NA	NA	NA	NA	922.98289	928.87368	819.29477	1028.55382	1157.92708	870.74821	745.20359	908.71633	1015.15582	1143.20911	1083.49893	856.02857	701.87586	692.16846	1075.54755	971.43887	824.6941	1132.03765	995.41531	1015.12752	745.71437	811.18645	952.46113	717.63526	1095.3857	831.81465	1005.4668	854.80529	941.5594	742.30814	914.11483	862.12707	931.02933	858.56118	918.06622	820.06995	720.80345	837.35273	790.08328	863.82372	1049.68568	873.99652	926.7031	853.83234	1035.09794	952.47038	972.58016	566.61414	755.11923	798.07778	754.8714	918.55892	1077.48426	995.14764	676.85061	842.81965	810.02996	761.635
GT37	NA	NA	NA	NA	NA	NA	NA	NA	NA	NA	NA	NA	NA	NA	NA	NA	NA	NA	NA	NA	NA	NA	NA	NA	NA	NA	NA	NA	NA	NA	NA	NA	NA	NA	NA	NA	NA	NA	NA	NA	NA	NA	NA	NA	NA	NA	NA	NA	NA	NA	NA	NA	NA	NA	NA	NA	NA	NA	NA	NA	NA	NA	NA	NA	NA	NA	NA	NA	NA	NA	1.27822	NA	NA	NA	NA	NA	2.80464	NA	NA	NA	NA	NA	NA	0.74979	NA	NA	1.21391	NA	NA	NA	NA	NA	NA	0.14709	NA	NA	NA	0.69288	0.48006	NA	NA	NA	0.91133	NA	NA	NA	NA	0.39842	NA	NA	NA	NA	NA	NA
GT38	NA	NA	NA	NA	NA	NA	NA	NA	NA	NA	NA	NA	NA	NA	NA	NA	NA	NA	NA	NA	NA	NA	NA	NA	NA	NA	NA	NA	NA	NA	NA	NA	NA	NA	NA	NA	NA	NA	NA	NA	NA	NA	NA	NA	NA	NA	NA	NA	NA	NA	NA	NA	NA	NA	NA	NA	5.4362	1.24838	3.46463	2.30932	4.27198	1.25679	0.6294	0.64509	4.96281	0.85224	4.48459	6.48347	4.91838	0.41572	3.01988	NA	1.25541	4.53319	3.12636	NA	1.47086	NA	1.14162	0.34824	NA	1.29891	1.8381	1.76983	NA	0.41676	0.36086	0.48642	0.68321	1.80352	NA	1.16243	1.02069	2.99077	3.00802	0.93965	0.30935	2.98847	0.6627	5.25147	1.78127	5.12055	NA	0.75349	NA	0.66748	0.68032	1.13488	6.88363	NA	1.98445	0.45871	3.16267	NA
GT39	NA	NA	NA	NA	NA	NA	NA	NA	NA	NA	NA	NA	NA	NA	NA	NA	NA	NA	NA	NA	NA	NA	NA	NA	NA	NA	NA	NA	NA	NA	NA	NA	NA	NA	NA	NA	NA	NA	NA	NA	NA	NA	NA	NA	NA	NA	NA	NA	NA	NA	NA	NA	NA	NA	NA	NA	27.88635	45.92975	32.27643	45.00449	70.19313	58.34876	67.40338	13.54765	27.99084	10.99273	29.81798	40.73994	42.23247	49.64369	45.45602	54.64665	42.60709	22.96297	28.22589	13.92604	36.94273	53.1534	68.90153	54.17385	18.13621	52.38446	32.44996	18.14929	22.8254	60.50849	35.60394	40.34549	60.61618	20.8739	42.2081	59.52725	29.12812	38.65388	32.09348	58.07101	36.67894	20.89687	41.95748	45.9365	46.22328	21.02328	12.09194	84.1807	75.4028	56.90337	36.49805	25.94469	45.35534	40.35456	16.51033	24.76361	108.80075	45.49139
GT4	NA	NA	NA	NA	NA	NA	NA	NA	NA	NA	NA	NA	NA	NA	NA	NA	NA	NA	NA	NA	NA	NA	NA	NA	NA	NA	NA	NA	NA	NA	NA	NA	NA	NA	NA	NA	NA	NA	NA	NA	NA	NA	NA	NA	NA	NA	NA	NA	NA	NA	NA	NA	NA	NA	NA	NA	1889.80062	2196.10031	2292.00623	1913.05996	1984.89972	1941.34401	2412.11214	1984.35173	2376.44038	2163.60973	1877.30904	2624.20551	2790.80053	1826.66505	2076.48996	1934.42905	2290.22718	1999.77597	2385.27736	1837.03804	1649.34201	1790.22654	1965.92478	2177.91071	1972.26179	2433.49337	2307.55324	2165.12703	2372.68836	2221.29828	1771.89516	1619.65959	2013.4554	2042.98609	2235.29495	2285.2879	1845.8417	2427.03809	1831.38783	1956.94676	1974.17554	2261.6935	1760.60104	2184.02313	1922.44702	2677.73015	1773.46844	1956.36107	2182.4258	1975.58501	2026.62102	1832.02808	2605.95618	1834.67227	2352.74942	1976.55736	2355.91406	2005.4185
GT41	NA	NA	NA	NA	NA	NA	NA	NA	NA	NA	NA	NA	NA	NA	NA	NA	NA	NA	NA	NA	NA	NA	NA	NA	NA	NA	NA	NA	NA	NA	NA	NA	NA	NA	NA	NA	NA	NA	NA	NA	NA	NA	NA	NA	NA	NA	NA	NA	NA	NA	NA	NA	NA	NA	NA	NA	NA	NA	NA	NA	0.7538	0.07941	NA	0.18995	NA	NA	NA	NA	NA	NA	0.63463	NA	NA	NA	NA	NA	1.54016	NA	0.16066	0.1325	NA	0.08125	NA	0.49421	NA	NA	0.06941	0.27618	NA	0.1325	NA	NA	NA	0.60321	NA	NA	0.05923	0.59084	NA	NA	NA	0.45266	NA	0.07238	NA	NA	0.49999	0.28698	NA	0.22515	0.24821	NA	NA	NA
GT45	NA	NA	NA	NA	NA	NA	NA	NA	NA	NA	NA	NA	NA	NA	NA	NA	NA	NA	NA	NA	NA	NA	NA	NA	NA	NA	NA	NA	NA	NA	NA	NA	NA	NA	NA	NA	NA	NA	NA	NA	NA	NA	NA	NA	NA	NA	NA	NA	NA	NA	NA	NA	NA	NA	NA	NA	NA	NA	NA	NA	NA	24.32617	NA	NA	NA	NA	NA	NA	NA	NA	NA	11.00446	NA	NA	NA	NA	NA	0.64469	NA	NA	NA	NA	NA	NA	NA	NA	NA	4.16728	NA	NA	NA	NA	NA	NA	NA	NA	NA	NA	NA	NA	NA	NA	NA	NA	NA	NA	NA	NA	NA	NA	NA	NA	NA	NA
GT49	NA	NA	NA	NA	NA	NA	NA	NA	NA	NA	NA	NA	NA	NA	NA	NA	NA	NA	NA	NA	NA	NA	NA	NA	NA	NA	NA	NA	NA	NA	NA	NA	NA	NA	NA	NA	NA	NA	NA	NA	NA	NA	NA	NA	NA	NA	NA	NA	NA	NA	NA	NA	NA	NA	NA	NA	NA	NA	NA	NA	11.386	NA	NA	NA	NA	NA	NA	5.00102	NA	NA	36.10599	10.81547	NA	NA	NA	NA	43.28451	NA	NA	NA	NA	NA	NA	7.64505	NA	NA	7.30332	NA	NA	NA	NA	NA	NA	1.43287	NA	2.74565	NA	8.24354	2.3469	NA	NA	NA	21.97533	NA	NA	NA	12.8375	1.36535	NA	NA	NA	NA	NA	NA
GT5	NA	NA	NA	NA	NA	NA	NA	NA	NA	NA	NA	NA	NA	NA	NA	NA	NA	NA	NA	NA	NA	NA	NA	NA	NA	NA	NA	NA	NA	NA	NA	NA	NA	NA	NA	NA	NA	NA	NA	NA	NA	NA	NA	NA	NA	NA	NA	NA	NA	NA	NA	NA	NA	NA	NA	NA	436.54225	466.2445	206.14824	413.46849	337.62101	324.68934	320.10866	436.96895	342.79333	457.25196	485.77058	296.90025	196.58371	258.96052	285.27583	274.45336	315.04361	464.47543	285.66367	438.9209	325.30331	370.79199	359.4376	262.24449	411.41406	296.4312	373.77644	226.02114	274.61158	298.0843	367.73854	339.39201	349.5197	253.15661	359.84048	300.80285	364.26421	292.91853	307.18071	361.60383	501.67309	441.00256	368.72122	234.67212	381.51095	360.92308	252.44176	275.78725	336.9355	388.2907	321.94909	389.28119	317.18252	378.91096	307.95766	401.9749	236.22644	357.24776
GT50	NA	NA	NA	NA	NA	NA	NA	NA	NA	NA	NA	NA	NA	NA	NA	NA	NA	NA	NA	NA	NA	NA	NA	NA	NA	NA	NA	NA	NA	NA	NA	NA	NA	NA	NA	NA	NA	NA	NA	NA	NA	NA	NA	NA	NA	NA	NA	NA	NA	NA	NA	NA	NA	NA	NA	NA	NA	NA	NA	NA	NA	NA	NA	NA	NA	NA	NA	NA	NA	NA	NA	NA	NA	NA	NA	NA	NA	NA	NA	NA	NA	NA	NA	NA	NA	NA	NA	NA	NA	NA	NA	NA	NA	NA	NA	NA	NA	NA	NA	NA	NA	NA	NA	NA	NA	NA	NA	0.15937	NA	NA	NA	NA	NA	NA
GT51	NA	NA	NA	NA	NA	NA	NA	NA	NA	NA	NA	NA	NA	NA	NA	NA	NA	NA	NA	NA	NA	NA	NA	NA	NA	NA	NA	NA	NA	NA	NA	NA	NA	NA	NA	NA	NA	NA	NA	NA	NA	NA	NA	NA	NA	NA	NA	NA	NA	NA	NA	NA	NA	NA	NA	NA	519.24821	662.32487	773.87607	613.50989	538.48822	745.98909	541.32035	607.00112	556.1653	638.88512	571.25797	643.10416	628.09729	569.96555	566.27687	752.00179	718.49487	657.65393	556.38113	645.34713	600.79563	534.3253	583.8361	608.50125	576.74524	597.95507	567.77456	964.59969	518.92729	597.68828	684.92775	604.55886	615.28155	774.43217	568.68679	572.24491	634.49801	765.37568	506.59165	616.67766	656.40458	640.64401	508.8248	673.55271	645.73778	855.58071	711.99171	631.47875	442.25946	526.85988	604.083	543.95667	552.96817	640.50765	739.01793	518.24385	830.60668	496.30899
GT52	NA	NA	NA	NA	NA	NA	NA	NA	NA	NA	NA	NA	NA	NA	NA	NA	NA	NA	NA	NA	NA	NA	NA	NA	NA	NA	NA	NA	NA	NA	NA	NA	NA	NA	NA	NA	NA	NA	NA	NA	NA	NA	NA	NA	NA	NA	NA	NA	NA	NA	NA	NA	NA	NA	NA	NA	NA	NA	NA	NA	NA	NA	NA	0.13141	NA	NA	NA	NA	NA	NA	NA	NA	NA	NA	NA	NA	NA	NA	NA	NA	NA	NA	NA	NA	NA	NA	NA	NA	NA	NA	NA	NA	NA	NA	NA	NA	NA	NA	NA	NA	NA	NA	NA	NA	NA	NA	NA	NA	0.28033	NA	0.23727	NA	NA	NA
GT56	NA	NA	NA	NA	NA	NA	NA	NA	NA	NA	NA	NA	NA	NA	NA	NA	NA	NA	NA	NA	NA	NA	NA	NA	NA	NA	NA	NA	NA	NA	NA	NA	NA	NA	NA	NA	NA	NA	NA	NA	NA	NA	NA	NA	NA	NA	NA	NA	NA	NA	NA	NA	NA	NA	NA	NA	2.40671	2.2719	2.6453	3.56606	NA	20.30643	0.17854	0.21722	4.64022	0.35155	2.05544	0.68652	0.47752	0.68594	0.24914	3.01774	0.59972	1.42777	2.21078	0.5369	0.30336	1.49373	1.76957	0.2873	0.53023	NA	0.76545	0.48018	NA	NA	0.29771	3.79121	1.78513	0.29758	1.4305	NA	1.73993	NA	0.52531	0.38761	0.17451	NA	0.27337	0.2116	0.98369	0.52806	0.41072	0.62163	3.52511	0.55067	0.14739	0.31209	NA	0.96695	0.27286	NA	1.06987	0.34686
GT57	NA	NA	NA	NA	NA	NA	NA	NA	NA	NA	NA	NA	NA	NA	NA	NA	NA	NA	NA	NA	NA	NA	NA	NA	NA	NA	NA	NA	NA	NA	NA	NA	NA	NA	NA	NA	NA	NA	NA	NA	NA	NA	NA	NA	NA	NA	NA	NA	NA	NA	NA	NA	NA	NA	NA	NA	0.35927	0.58161	0.77741	1.6804	1.78431	3.36436	2.99147	NA	NA	0.29708	NA	1.24305	2.34132	1.72453	3.64366	1.38337	0.85337	NA	NA	NA	2.71674	0.71485	1.30898	NA	NA	0.45279	0.2563	1.55901	NA	1.78284	NA	NA	1.60924	NA	NA	0.94549	NA	0.8274	0.44256	1.62278	NA	0.60093	0.09241	2.53353	0.62093	1.01885	0.67514	0.84999	0.71315	NA	2.25359	0.32898	0.21814	1.02142	0.68853	NA	0.28858	1.76536
GT58	NA	NA	NA	NA	NA	NA	NA	NA	NA	NA	NA	NA	NA	NA	NA	NA	NA	NA	NA	NA	NA	NA	NA	NA	NA	NA	NA	NA	NA	NA	NA	NA	NA	NA	NA	NA	NA	NA	NA	NA	NA	NA	NA	NA	NA	NA	NA	NA	NA	NA	NA	NA	NA	NA	NA	NA	NA	NA	NA	NA	0.16373	NA	NA	NA	NA	NA	NA	NA	NA	NA	2.39497	0.25846	NA	NA	NA	NA	1.38332	NA	NA	NA	NA	NA	NA	0.16538	NA	NA	0.19363	NA	NA	NA	NA	NA	NA	0.07295	NA	NA	NA	1.03336	NA	NA	NA	NA	0.53427	NA	NA	NA	NA	NA	NA	NA	NA	NA	NA	NA
GT59	NA	NA	NA	NA	NA	NA	NA	NA	NA	NA	NA	NA	NA	NA	NA	NA	NA	NA	NA	NA	NA	NA	NA	NA	NA	NA	NA	NA	NA	NA	NA	NA	NA	NA	NA	NA	NA	NA	NA	NA	NA	NA	NA	NA	NA	NA	NA	NA	NA	NA	NA	NA	NA	NA	NA	NA	NA	NA	NA	NA	0.17563	NA	NA	NA	NA	NA	NA	NA	NA	NA	0.8651	NA	NA	NA	NA	NA	1.26017	NA	NA	NA	NA	NA	NA	NA	NA	NA	NA	NA	NA	NA	NA	NA	NA	NA	NA	NA	NA	0.99379	NA	NA	NA	NA	2.55258	NA	NA	NA	0.76694	NA	NA	NA	NA	NA	NA	NA
GT6	NA	NA	NA	NA	NA	NA	NA	NA	NA	NA	NA	NA	NA	NA	NA	NA	NA	NA	NA	NA	NA	NA	NA	NA	NA	NA	NA	NA	NA	NA	NA	NA	NA	NA	NA	NA	NA	NA	NA	NA	NA	NA	NA	NA	NA	NA	NA	NA	NA	NA	NA	NA	NA	NA	NA	NA	39.25337	52.07826	15.47715	60.74649	22.38117	10.27763	37.04669	58.83156	77.38798	28.94214	39.17037	16.94563	11.27043	36.08868	15.19456	9.65593	32.34221	58.76273	68.51775	31.93906	4.65892	54.39053	45.16874	29.30868	21.85962	14.03123	20.75661	19.85288	9.88632	21.67059	3.64311	52.05346	39.09014	11.56062	26.26406	19.88181	37.272	36.80662	8.93428	18.73808	83.30897	12.55463	21.50419	16.73108	35.99092	36.34321	9.01775	22.09944	59.55096	83.0612	12.69259	10.91893	42.13347	29.63489	33.54571	27.54198	13.91294	27.73389
GT60	NA	NA	NA	NA	NA	NA	NA	NA	NA	NA	NA	NA	NA	NA	NA	NA	NA	NA	NA	NA	NA	NA	NA	NA	NA	NA	NA	NA	NA	NA	NA	NA	NA	NA	NA	NA	NA	NA	NA	NA	NA	NA	NA	NA	NA	NA	NA	NA	NA	NA	NA	NA	NA	NA	NA	NA	NA	7.98102	1.01956	2.86195	2.8975	0.90406	0.91803	NA	NA	NA	NA	1.42374	5.50962	4.25123	1.98416	1.40772	1.60603	NA	NA	NA	NA	2.72246	1.87597	6.35813	0.7035	4.74749	4.29855	0.22519	NA	1.22025	NA	1.77828	3.74477	0.26354	0.25338	5.66521	1.12001	1.19558	1.74613	3.43273	1.34816	NA	2.90249	4.93116	6.76855	NA	NA	10.45901	NA	10.2378	NA	NA	0.91529	10.05971	NA	NA	16.8368	NA
GT66	NA	NA	NA	NA	NA	NA	NA	NA	NA	NA	NA	NA	NA	NA	NA	NA	NA	NA	NA	NA	NA	NA	NA	NA	NA	NA	NA	NA	NA	NA	NA	NA	NA	NA	NA	NA	NA	NA	NA	NA	NA	NA	NA	NA	NA	NA	NA	NA	NA	NA	NA	NA	NA	NA	NA	NA	2.15338	6.68765	4.90518	3.20207	2.30906	7.59234	9.03011	3.04449	0.51801	9.57356	5.94938	13.82598	1.28617	4.78375	2.74874	1.43528	3.19211	1.35905	0.51893	6.65573	1.16163	4.16468	3.5714	1.37451	5.4864	0.50794	2.59788	1.06237	9.0008	3.0739	0.74172	2.76195	2.1248	2.00551	3.84412	2.4116	0.59732	1.3736	16.47783	0.47937	2.50808	4.54514	3.43726	27.37486	4.83149	1.10432	3.5166	3.03763	11.36449	3.98117	6.89778	1.94242	3.56672	4.14986	1.91717	7.1611	5.65653	14.2318
GT69	NA	NA	NA	NA	NA	NA	NA	NA	NA	NA	NA	NA	NA	NA	NA	NA	NA	NA	NA	NA	NA	NA	NA	NA	NA	NA	NA	NA	NA	NA	NA	NA	NA	NA	NA	NA	NA	NA	NA	NA	NA	NA	NA	NA	NA	NA	NA	NA	NA	NA	NA	NA	NA	NA	NA	NA	NA	NA	0.75345	NA	NA	NA	1.70177	NA	NA	NA	NA	NA	1.06085	NA	NA	NA	0.39138	NA	NA	NA	NA	NA	NA	NA	NA	NA	NA	0.38462	NA	NA	NA	NA	NA	NA	NA	NA	0.215	NA	NA	NA	NA	NA	NA	NA	NA	0.94376	NA	NA	NA	NA	NA	NA	NA	NA	1.25401	NA	NA	NA
GT73	NA	NA	NA	NA	NA	NA	NA	NA	NA	NA	NA	NA	NA	NA	NA	NA	NA	NA	NA	NA	NA	NA	NA	NA	NA	NA	NA	NA	NA	NA	NA	NA	NA	NA	NA	NA	NA	NA	NA	NA	NA	NA	NA	NA	NA	NA	NA	NA	NA	NA	NA	NA	NA	NA	NA	NA	0.81795	6.81273	0.56155	0.66803	0.21426	26.03311	0.44508	0.71179	0.56964	2.78148	0.77079	2.34698	2.93536	5.66263	NA	1.91907	0.40353	0.16637	0.91481	0.91391	1.02187	0.8868	1.56149	0.69979	3.48515	6.23902	3.04011	0.22771	NA	0.64468	3.35065	0.32971	0.76016	0.7065	1.25869	0.27207	NA	10.04734	11.26836	1.81691	NA	NA	0.22623	0.8347	1.84393	5.47488	0.69913	13.10795	NA	3.55676	NA	NA	0.2197	0.6101	11.82899	1.02049	14.36393	3.10701
GT75	NA	NA	NA	NA	NA	NA	NA	NA	NA	NA	NA	NA	NA	NA	NA	NA	NA	NA	NA	NA	NA	NA	NA	NA	NA	NA	NA	NA	NA	NA	NA	NA	NA	NA	NA	NA	NA	NA	NA	NA	NA	NA	NA	NA	NA	NA	NA	NA	NA	NA	NA	NA	NA	NA	NA	NA	NA	NA	NA	NA	NA	NA	NA	NA	NA	NA	NA	NA	NA	NA	NA	NA	NA	NA	NA	NA	NA	NA	NA	NA	NA	NA	NA	NA	NA	0.38924	NA	NA	NA	NA	NA	NA	NA	NA	NA	0.2194	NA	NA	0.15473	NA	NA	NA	NA	NA	NA	NA	NA	NA	NA	NA	NA	NA	NA	NA
GT76	NA	NA	NA	NA	NA	NA	NA	NA	NA	NA	NA	NA	NA	NA	NA	NA	NA	NA	NA	NA	NA	NA	NA	NA	NA	NA	NA	NA	NA	NA	NA	NA	NA	NA	NA	NA	NA	NA	NA	NA	NA	NA	NA	NA	NA	NA	NA	NA	NA	NA	NA	NA	NA	NA	NA	NA	NA	NA	NA	NA	NA	NA	NA	NA	NA	NA	NA	NA	NA	NA	NA	NA	NA	NA	NA	NA	NA	NA	NA	NA	NA	NA	NA	NA	NA	NA	0.13794	NA	NA	NA	NA	NA	NA	NA	NA	NA	NA	NA	0.25331	NA	NA	NA	NA	NA	NA	NA	NA	NA	NA	NA	NA	NA	NA	NA
GT77	NA	NA	NA	NA	NA	NA	NA	NA	NA	NA	NA	NA	NA	NA	NA	NA	NA	NA	NA	NA	NA	NA	NA	NA	NA	NA	NA	NA	NA	NA	NA	NA	NA	NA	NA	NA	NA	NA	NA	NA	NA	NA	NA	NA	NA	NA	NA	NA	NA	NA	NA	NA	NA	NA	NA	NA	NA	NA	NA	NA	1.0757	NA	NA	NA	NA	NA	NA	0.87898	NA	NA	7.11645	NA	NA	NA	NA	NA	6.64749	NA	NA	NA	NA	NA	NA	1.5027	NA	NA	0.41173	NA	NA	NA	NA	NA	NA	NA	NA	0.35506	NA	3.52371	0.71741	NA	NA	NA	3.81344	NA	NA	NA	1.49766	NA	NA	NA	NA	NA	NA	NA
GT8	NA	NA	NA	NA	NA	NA	NA	NA	NA	NA	NA	NA	NA	NA	NA	NA	NA	NA	NA	NA	NA	NA	NA	NA	NA	NA	NA	NA	NA	NA	NA	NA	NA	NA	NA	NA	NA	NA	NA	NA	NA	NA	NA	NA	NA	NA	NA	NA	NA	NA	NA	NA	NA	NA	NA	NA	73.44795	188.96022	351.36683	163.11203	80.75724	181.96342	164.07413	272.62748	95.69572	184.0575	71.10558	238.5821	326.56274	104.86703	148.11915	139.96053	275.31538	258.38031	87.72889	134.03271	230.24817	204.11483	139.91589	189.45362	125.47419	147.1496	155.6651	374.5327	127.28163	151.94307	174.60305	185.65752	184.25001	258.02627	144.82559	132.16956	179.81391	310.02647	91.83725	151.54246	198.06448	193.39156	154.22216	181.34401	123.22896	256.89851	175.97604	114.32496	98.36813	122.58077	168.94712	233.37825	144.69198	111.38208	229.43037	137.07885	239.84559	147.66966
GT80	NA	NA	NA	NA	NA	NA	NA	NA	NA	NA	NA	NA	NA	NA	NA	NA	NA	NA	NA	NA	NA	NA	NA	NA	NA	NA	NA	NA	NA	NA	NA	NA	NA	NA	NA	NA	NA	NA	NA	NA	NA	NA	NA	NA	NA	NA	NA	NA	NA	NA	NA	NA	NA	NA	NA	NA	15.40156	1.92592	4.16287	0.66545	1.96095	0.32026	4.04335	NA	NA	3.58292	26.35525	1.13873	2.64677	2.39046	2.41383	NA	0.97724	NA	NA	4.58327	0.14055	0.26397	5.99838	6.5338	0.24566	1.85631	0.56761	0.36086	8.94888	0.65427	NA	0.37627	1.59646	0.84744	1.60502	12.9817	0.99773	0.52986	2.05226	NA	0.9646	NA	NA	2.59387	1.24117	2.24528	0.19404	4.95041	6.29037	2.21187	1.36624	NA	2.40639	4.83305	4.12516	0.35757	5.26836	5.30628
GT81	NA	NA	NA	NA	NA	NA	NA	NA	NA	NA	NA	NA	NA	NA	NA	NA	NA	NA	NA	NA	NA	NA	NA	NA	NA	NA	NA	NA	NA	NA	NA	NA	NA	NA	NA	NA	NA	NA	NA	NA	NA	NA	NA	NA	NA	NA	NA	NA	NA	NA	NA	NA	NA	NA	NA	NA	NA	0.51496	NA	NA	NA	2.11283	NA	NA	NA	NA	NA	4.63568	NA	0.34297	NA	2.3843	NA	NA	NA	NA	NA	1.11747	NA	NA	NA	NA	NA	NA	NA	NA	NA	0.40129	NA	NA	NA	NA	NA	0.16823	NA	NA	NA	NA	0.71952	NA	NA	NA	0.41072	NA	NA	NA	NA	NA	0.12907	NA	NA	1.22991	NA	NA
GT82	NA	NA	NA	NA	NA	NA	NA	NA	NA	NA	NA	NA	NA	NA	NA	NA	NA	NA	NA	NA	NA	NA	NA	NA	NA	NA	NA	NA	NA	NA	NA	NA	NA	NA	NA	NA	NA	NA	NA	NA	NA	NA	NA	NA	NA	NA	NA	NA	NA	NA	NA	NA	NA	NA	NA	NA	NA	NA	NA	NA	NA	NA	NA	NA	NA	NA	NA	0.28029	NA	NA	NA	NA	NA	NA	NA	NA	NA	0.29279	NA	NA	NA	2.05897	NA	NA	NA	NA	NA	0.84114	NA	1.09156	NA	0.33502	NA	NA	NA	NA	0.26748	NA	NA	NA	NA	NA	NA	NA	NA	0.14428	NA	NA	NA	NA	NA	0.39661	NA	NA
GT83	NA	NA	NA	NA	NA	NA	NA	NA	NA	NA	NA	NA	NA	NA	NA	NA	NA	NA	NA	NA	NA	NA	NA	NA	NA	NA	NA	NA	NA	NA	NA	NA	NA	NA	NA	NA	NA	NA	NA	NA	NA	NA	NA	NA	NA	NA	NA	NA	NA	NA	NA	NA	NA	NA	NA	NA	106.19756	77.85654	168.7712	80.26284	82.66592	66.80677	105.09034	81.73673	107.45484	61.08982	82.05722	57.94878	118.9613	90.23836	81.53578	75.59794	214.76143	77.42165	82.92424	57.49522	92.46795	60.92968	79.90492	66.87912	91.35433	80.31955	59.30657	221.83652	65.971	77.38	111.06809	72.78018	75.36102	131.21165	87.10235	74.39431	98.39626	174.01122	44.49105	73.7167	69.6605	104.27394	26.24838	99.88489	65.34547	237.45381	155.23649	28.22445	58.03446	41.98609	123.51507	31.95228	113.48461	68.09373	197.71857	64.57292	44.98173	48.75528
GT84	NA	NA	NA	NA	NA	NA	NA	NA	NA	NA	NA	NA	NA	NA	NA	NA	NA	NA	NA	NA	NA	NA	NA	NA	NA	NA	NA	NA	NA	NA	NA	NA	NA	NA	NA	NA	NA	NA	NA	NA	NA	NA	NA	NA	NA	NA	NA	NA	NA	NA	NA	NA	NA	NA	NA	NA	3.06691	14.75964	10.17306	3.95627	4.10528	30.57069	33.8237	2.1187	0.31271	1.02746	9.49086	24.65344	12.79968	12.51987	5.64105	22.75739	6.34646	3.13084	3.77195	0.5322	28.40235	7.10402	16.81401	10.27171	2.05412	6.87854	4.61796	2.7345	NA	45.81924	8.24285	6.2937	14.92484	3.49897	9.31673	16.98875	0.95872	3.9169	5.7869	35.69263	4.20001	20.19534	16.16675	40.2776	8.56918	0.30319	1.19496	71.26144	7.25605	3.2293	27.62823	16.01448	18.16386	12.61618	0.15592	5.67966	73.5626	21.91302
GT85	NA	NA	NA	NA	NA	NA	NA	NA	NA	NA	NA	NA	NA	NA	NA	NA	NA	NA	NA	NA	NA	NA	NA	NA	NA	NA	NA	NA	NA	NA	NA	NA	NA	NA	NA	NA	NA	NA	NA	NA	NA	NA	NA	NA	NA	NA	NA	NA	NA	NA	NA	NA	NA	NA	NA	NA	NA	NA	NA	NA	NA	NA	NA	NA	NA	NA	NA	NA	NA	NA	NA	NA	NA	NA	NA	NA	NA	NA	NA	NA	NA	NA	NA	NA	NA	NA	NA	NA	NA	NA	NA	NA	NA	NA	NA	NA	NA	NA	NA	NA	NA	NA	NA	0.25723	NA	NA	NA	NA	NA	NA	NA	NA	NA	NA
GT87	NA	NA	NA	NA	NA	NA	NA	NA	NA	NA	NA	NA	NA	NA	NA	NA	NA	NA	NA	NA	NA	NA	NA	NA	NA	NA	NA	NA	NA	NA	NA	NA	NA	NA	NA	NA	NA	NA	NA	NA	NA	NA	NA	NA	NA	NA	NA	NA	NA	NA	NA	NA	NA	NA	NA	NA	0.38061	0.69208	4.93287	NA	0.11357	0.20947	1.01256	0.16292	NA	0.59242	NA	1.02066	1.96155	0.20998	0.91521	1.87004	0.18946	0.54138	0.22559	NA	NA	NA	NA	1.20191	0.35466	NA	NA	0.31136	NA	NA	1.24731	0.47678	0.41243	NA	0.41868	NA	NA	1.02637	2.43453	NA	1.09378	0.82873	NA	1.10325	1.51751	0.48495	NA	1.74978	NA	NA	NA	NA	0.2729	0.7153	0.16706	0.89043	1.36159	0.21022
GT9	NA	NA	NA	NA	NA	NA	NA	NA	NA	NA	NA	NA	NA	NA	NA	NA	NA	NA	NA	NA	NA	NA	NA	NA	NA	NA	NA	NA	NA	NA	NA	NA	NA	NA	NA	NA	NA	NA	NA	NA	NA	NA	NA	NA	NA	NA	NA	NA	NA	NA	NA	NA	NA	NA	NA	NA	117.79383	73.33362	238.15207	64.47114	61.60842	148.11976	144.60485	66.83265	159.22733	75.70699	82.64286	132.40121	183.00428	64.59133	71.1409	149.34193	229.45995	40.12602	124.43148	74.32863	97.30051	38.46761	83.42946	81.39067	82.94493	80.21577	62.13341	256.80067	92.457	102.5828	112.62171	80.67929	80.65833	161.69142	84.41585	116.79979	84.06166	167.99829	77.92826	72.8355	61.51587	126.1454	54.03442	133.43378	59.84818	230.68698	250.41784	58.13291	73.06316	33.39395	137.69797	50.47817	130.48503	52.05331	185.12699	64.68951	147.57624	65.94793
GT92	NA	NA	NA	NA	NA	NA	NA	NA	NA	NA	NA	NA	NA	NA	NA	NA	NA	NA	NA	NA	NA	NA	NA	NA	NA	NA	NA	NA	NA	NA	NA	NA	NA	NA	NA	NA	NA	NA	NA	NA	NA	NA	NA	NA	NA	NA	NA	NA	NA	NA	NA	NA	NA	NA	NA	NA	NA	NA	NA	NA	NA	NA	NA	NA	NA	NA	NA	NA	NA	NA	NA	NA	NA	NA	NA	NA	NA	NA	NA	NA	NA	NA	NA	NA	NA	NA	NA	NA	NA	NA	NA	NA	NA	NA	NA	NA	NA	NA	NA	NA	NA	NA	1.14862	NA	NA	NA	NA	NA	NA	NA	NA	0.57727	NA	NA
GT97	NA	NA	NA	NA	NA	NA	NA	NA	NA	NA	NA	NA	NA	NA	NA	NA	NA	NA	NA	NA	NA	NA	NA	NA	NA	NA	NA	NA	NA	NA	NA	NA	NA	NA	NA	NA	NA	NA	NA	NA	NA	NA	NA	NA	NA	NA	NA	NA	NA	NA	NA	NA	NA	NA	NA	NA	NA	NA	NA	0.22798	NA	0.96326	1.51998	NA	NA	NA	1.26802	NA	0.73382	NA	NA	0.8366	0.51358	0.66076	NA	0.56516	NA	1.17628	NA	0.36873	0.36567	NA	0.62279	NA	NA	NA	NA	NA	NA	0.57288	0.39462	NA	NA	NA	NA	NA	NA	NA	0.35084	0.25177	0.37721	NA	NA	NA	NA	NA	NA	0.20027	3.7424	NA	0.1751	NA	0.21608	NA
GT99	NA	NA	NA	NA	NA	NA	NA	NA	NA	NA	NA	NA	NA	NA	NA	NA	NA	NA	NA	NA	NA	NA	NA	NA	NA	NA	NA	NA	NA	NA	NA	NA	NA	NA	NA	NA	NA	NA	NA	NA	NA	NA	NA	NA	NA	NA	NA	NA	NA	NA	NA	NA	NA	NA	NA	NA	0.61048	NA	0.09384	NA	0.15615	0.32657	0.89231	NA	0.51447	NA	0.28715	0.10557	0.28261	NA	0.15653	NA	7.42198	0.50343	NA	NA	NA	NA	0.09294	0.28982	NA	NA	1.51695	NA	NA	NA	0.1851	NA	NA	NA	NA	NA	NA	NA	0.36873	NA	NA	25.46906	NA	NA	1.28251	0.74647	NA	NA	0.31308	NA	19.47138	NA	NA	2.41109	0.68573	NA	NA	NA
PL1	NA	NA	NA	NA	NA	NA	NA	NA	NA	NA	NA	NA	NA	NA	NA	NA	NA	NA	NA	NA	NA	NA	NA	NA	NA	NA	NA	NA	NA	NA	NA	NA	NA	NA	NA	NA	NA	NA	NA	NA	NA	NA	NA	NA	NA	NA	NA	NA	NA	NA	NA	NA	NA	NA	NA	NA	503.64184	65.01314	141.34274	226.10847	309.95315	136.87643	63.47295	412.10929	282.68262	105.7906	239.87981	227.50201	57.4181	164.75521	422.18662	344.37044	652.45131	403.77591	262.86134	58.51984	184.23889	75.38895	157.31598	124.11198	313.29	983.62763	176.70778	1295.8011	166.54729	123.50995	281.73713	137.36062	133.66011	681.16575	240.91886	655.70326	464.62692	836.53404	151.95817	89.8324	101.27658	278.2109	183.27806	296.76715	142.66772	654.66503	287.58832	97.42927	154.41984	79.9643	308.88586	225.07248	554.34878	105.62287	638.4929	99.49047	209.45356	153.08875
PL10	NA	NA	NA	NA	NA	NA	NA	NA	NA	NA	NA	NA	NA	NA	NA	NA	NA	NA	NA	NA	NA	NA	NA	NA	NA	NA	NA	NA	NA	NA	NA	NA	NA	NA	NA	NA	NA	NA	NA	NA	NA	NA	NA	NA	NA	NA	NA	NA	NA	NA	NA	NA	NA	NA	NA	NA	39.98765	8.1333	23.05522	8.64717	28.40585	11.08586	6.34171	26.03109	31.22819	16.79847	27.44747	53.50261	28.14603	3.31853	33.34862	3.05104	11.48428	43.73269	38.21522	4.86987	5.67956	8.15399	10.16267	6.33592	10.84269	60.69541	31.47355	16.12965	25.97247	6.36806	5.68091	15.74005	8.54558	10.658	7.05333	45.23178	19.91638	15.12197	30.12512	14.71314	11.38249	15.0943	7.70014	15.67195	16.07513	29.45972	5.59556	3.11832	2.15244	7.5212	9.48448	11.85733	61.78163	8.85444	22.12439	9.15353	22.1124	4.92269
PL10_1	NA	NA	NA	NA	NA	NA	NA	NA	NA	NA	NA	NA	NA	NA	NA	NA	NA	NA	NA	NA	NA	NA	NA	NA	NA	NA	NA	NA	NA	NA	NA	NA	NA	NA	NA	NA	NA	NA	NA	NA	NA	NA	NA	NA	NA	NA	NA	NA	NA	NA	NA	NA	NA	NA	NA	NA	57.35542	8.87145	23.23692	19.92451	48.12207	10.16309	14.96437	89.05288	46.84055	23.61655	34.29629	50.19105	21.57483	10.20868	54.69992	31.52665	17.04675	91.23634	73.51534	4.96505	22.05888	16.12678	20.85107	14.15746	44.36968	173.33742	25.70176	13.0369	15.16431	13.83522	23.31113	26.18653	14.08549	67.94014	26.88791	119.08579	30.81324	11.35036	20.07639	14.58696	6.59372	46.14927	18.54159	31.88803	16.3342	22.46793	14.44633	12.46487	16.14388	7.30499	35.38254	21.32303	91.33069	9.02908	28.81165	7.11976	35.34838	9.85456
PL10_2	NA	NA	NA	NA	NA	NA	NA	NA	NA	NA	NA	NA	NA	NA	NA	NA	NA	NA	NA	NA	NA	NA	NA	NA	NA	NA	NA	NA	NA	NA	NA	NA	NA	NA	NA	NA	NA	NA	NA	NA	NA	NA	NA	NA	NA	NA	NA	NA	NA	NA	NA	NA	NA	NA	NA	NA	19.65161	2.24951	8.00293	2.13883	17.0216	3.85869	3.07051	10.42346	22.03207	5.45858	14.28333	24.68398	13.00108	4.7067	20.69675	NA	8.52873	9.91631	28.3935	1.05928	1.63779	4.69858	6.59785	2.1807	NA	38.0624	12.04338	6.70637	9.52247	1.88953	2.38031	6.39732	3.27316	6.85686	NA	22.75763	17.73088	9.66689	14.99925	6.02245	3.74174	7.67094	2.07407	8.34086	5.99815	11.39599	1.11188	3.50423	NA	3.13132	4.01768	8.14721	27.79816	4.86708	11.6528	1.23064	18.79642	0.13816
PL11	NA	NA	NA	NA	NA	NA	NA	NA	NA	NA	NA	NA	NA	NA	NA	NA	NA	NA	NA	NA	NA	NA	NA	NA	NA	NA	NA	NA	NA	NA	NA	NA	NA	NA	NA	NA	NA	NA	NA	NA	NA	NA	NA	NA	NA	NA	NA	NA	NA	NA	NA	NA	NA	NA	NA	NA	136.67043	55.34705	53.81512	51.9934	113.21593	28.2515	48.01032	52.67378	140.26743	45.27732	102.43908	111.32368	69.92045	26.10651	129.36953	27.99085	59.25627	57.04573	165.92453	33.97032	34.06845	25.97469	64.39365	21.55594	32.35541	80.96948	74.15886	41.23086	62.37969	34.50888	19.78249	39.00127	45.34445	52.44437	30.81342	37.71285	76.7295	57.4684	66.05558	37.37032	44.27923	72.96376	50.97685	86.02294	52.12344	83.28503	60.47799	31.30046	49.82645	51.27209	68.12877	52.51627	187.56368	33.4413	60.824	21.6997	57.64458	30.31384
PL11_1	NA	NA	NA	NA	NA	NA	NA	NA	NA	NA	NA	NA	NA	NA	NA	NA	NA	NA	NA	NA	NA	NA	NA	NA	NA	NA	NA	NA	NA	NA	NA	NA	NA	NA	NA	NA	NA	NA	NA	NA	NA	NA	NA	NA	NA	NA	NA	NA	NA	NA	NA	NA	NA	NA	NA	NA	88.68443	29.29122	19.92397	39.75849	69.29348	20.69974	28.83586	53.14754	105.75484	26.89791	54.82148	39.03185	23.90077	21.33631	69.94159	49.23137	37.8343	29.73048	123.73132	22.80742	11.25995	33.70271	37.21731	18.98623	25.1484	59.48742	37.98359	28.49895	50.89994	16.52597	10.43568	32.53957	33.09568	48.09354	19.31826	23.99792	77.46877	44.47471	31.78685	19.74058	26.66762	39.10543	36.48565	32.40093	30.65606	56.39313	28.96255	31.90966	49.36708	34.00934	39.35236	36.27863	79.06288	16.76676	61.76906	13.40184	26.15669	28.94882
PL11_2	NA	NA	NA	NA	NA	NA	NA	NA	NA	NA	NA	NA	NA	NA	NA	NA	NA	NA	NA	NA	NA	NA	NA	NA	NA	NA	NA	NA	NA	NA	NA	NA	NA	NA	NA	NA	NA	NA	NA	NA	NA	NA	NA	NA	NA	NA	NA	NA	NA	NA	NA	NA	NA	NA	NA	NA	NA	NA	NA	NA	NA	NA	NA	NA	NA	NA	NA	NA	NA	NA	NA	NA	NA	NA	NA	NA	NA	NA	NA	NA	NA	NA	NA	NA	NA	NA	NA	NA	1.40415	NA	NA	NA	NA	NA	NA	NA	NA	NA	NA	NA	NA	NA	NA	NA	NA	NA	0.15312	NA	NA	NA	NA	NA	NA	NA
PL12	NA	NA	NA	NA	NA	NA	NA	NA	NA	NA	NA	NA	NA	NA	NA	NA	NA	NA	NA	NA	NA	NA	NA	NA	NA	NA	NA	NA	NA	NA	NA	NA	NA	NA	NA	NA	NA	NA	NA	NA	NA	NA	NA	NA	NA	NA	NA	NA	NA	NA	NA	NA	NA	NA	NA	NA	1.62435	3.31084	7.52153	8.14399	2.14248	10.10021	1.7775	2.71317	65.17648	12.65243	6.25782	2.56828	8.49524	5.17218	4.88352	6.81369	3.73112	0.54985	54.2864	7.74185	5.84913	1.42655	2.56864	0.97804	25.19985	11.61907	0.77435	3.8665	5.36187	21.36035	4.08417	NA	4.9832	2.23029	13.56039	6.86072	NA	3.98221	NA	28.54784	2.4193	3.59706	2.5695	0.99017	NA	2.23166	4.53373	1.85166	NA	3.59554	3.40352	3.47656	3.58556	0.20573	NA	2.29668	0.5698	1.18081
PL12_1	NA	NA	NA	NA	NA	NA	NA	NA	NA	NA	NA	NA	NA	NA	NA	NA	NA	NA	NA	NA	NA	NA	NA	NA	NA	NA	NA	NA	NA	NA	NA	NA	NA	NA	NA	NA	NA	NA	NA	NA	NA	NA	NA	NA	NA	NA	NA	NA	NA	NA	NA	NA	NA	NA	NA	NA	2.36739	NA	83.53438	2.47363	0.2205	2.2997	3.73849	0.71523	1.30036	NA	1.90602	3.10839	149.96833	NA	2.87083	2.98687	1.17279	3.16072	4.28526	NA	4.36642	3.9881	0.94183	0.50332	0.80791	3.77981	2.17458	0.67978	2.82714	10.37554	2.68933	8.97099	1.09054	0.82272	2.04214	0.56412	1.49151	0.39584	3.82539	4.9933	5.01928	NA	0.72361	8.62081	1.8499	0.70758	0.82144	1.42418	NA	1.7187	0.3611	0.31209	3.47226	0.8501	4.20547	1.70118	15.01584	2.08118
PL12_2	NA	NA	NA	NA	NA	NA	NA	NA	NA	NA	NA	NA	NA	NA	NA	NA	NA	NA	NA	NA	NA	NA	NA	NA	NA	NA	NA	NA	NA	NA	NA	NA	NA	NA	NA	NA	NA	NA	NA	NA	NA	NA	NA	NA	NA	NA	NA	NA	NA	NA	NA	NA	NA	NA	NA	NA	36.49242	2.87404	18.19656	14.90574	34.04582	14.33429	6.99251	167.02169	46.58372	22.64083	13.62879	13.33524	8.8862	8.32824	48.21071	11.03615	7.53005	180.0096	38.8132	9.74723	1.24642	3.3761	11.78829	2.82413	85.01434	16.28305	12.51871	1.96499	6.61151	11.09899	1.10708	2.71193	7.49879	6.37532	67.90216	9.72412	6.00896	3.10157	5.8436	18.72545	4.02819	47.1339	10.8096	27.50259	5.98147	14.67252	48.4632	7.71435	23.98361	3.307	55.84958	11.47849	78.29452	3.9621	13.21444	11.3446	6.10152	22.77738
PL12_3	NA	NA	NA	NA	NA	NA	NA	NA	NA	NA	NA	NA	NA	NA	NA	NA	NA	NA	NA	NA	NA	NA	NA	NA	NA	NA	NA	NA	NA	NA	NA	NA	NA	NA	NA	NA	NA	NA	NA	NA	NA	NA	NA	NA	NA	NA	NA	NA	NA	NA	NA	NA	NA	NA	NA	NA	0.56532	1.36313	11.51002	0.63364	NA	2.76272	NA	NA	NA	NA	NA	18.40637	7.81136	NA	0.65949	31.7409	0.22354	NA	NA	NA	NA	NA	NA	0.2535	NA	NA	4.52155	5.13284	NA	0.30338	NA	NA	0.75714	2.36314	NA	NA	2.97202	3.12712	NA	NA	0.22519	NA	NA	NA	1.03733	3.02856	NA	NA	NA	0.48589	NA	NA	NA	1.22053	4.3337	NA	NA	NA
PL13	NA	NA	NA	NA	NA	NA	NA	NA	NA	NA	NA	NA	NA	NA	NA	NA	NA	NA	NA	NA	NA	NA	NA	NA	NA	NA	NA	NA	NA	NA	NA	NA	NA	NA	NA	NA	NA	NA	NA	NA	NA	NA	NA	NA	NA	NA	NA	NA	NA	NA	NA	NA	NA	NA	NA	NA	16.3639	2.13159	24.24387	9.32304	16.66519	5.08175	2.40023	39.6129	46.89555	10.79864	5.49834	7.91713	13.25255	4.55751	21.84429	3.91865	3.41753	44.6333	49.30122	8.21101	1.9113	2.57598	6.3173	1.45531	63.90629	12.69495	8.55907	1.75685	NA	9.48603	0.52502	2.00093	4.86038	7.53071	37.37214	5.86122	5.47052	0.98776	1.09903	12.04561	2.07687	31.47712	7.25794	11.53459	3.92053	5.51296	5.19524	2.85855	17.73468	1.82066	43.50586	5.46409	24.96651	3.281	10.73157	3.1351	3.99557	17.91866
PL15	NA	NA	NA	NA	NA	NA	NA	NA	NA	NA	NA	NA	NA	NA	NA	NA	NA	NA	NA	NA	NA	NA	NA	NA	NA	NA	NA	NA	NA	NA	NA	NA	NA	NA	NA	NA	NA	NA	NA	NA	NA	NA	NA	NA	NA	NA	NA	NA	NA	NA	NA	NA	NA	NA	NA	NA	16.7899	6.64651	NA	4.95437	11.72937	4.20735	0.42305	71.61055	0.21549	35.87453	11.78522	1.05851	NA	1.89535	25.7986	6.38037	4.58145	80.89431	NA	82.40819	4.26257	0.97617	5.82816	1.13408	95.6567	3.50244	1.49378	3.31883	NA	3.08085	2.00677	3.29101	7.41355	8.1238	71.82621	1.28952	6.30495	3.30247	0.76244	7.95616	1.6323	3.45309	2.63129	1.27403	2.38438	7.53952	62.96646	1.09762	NA	2.43289	2.9435	1.25033	1.91406	0.95422	12.07775	9.06944	0.63899	NA
PL15_1	NA	NA	NA	NA	NA	NA	NA	NA	NA	NA	NA	NA	NA	NA	NA	NA	NA	NA	NA	NA	NA	NA	NA	NA	NA	NA	NA	NA	NA	NA	NA	NA	NA	NA	NA	NA	NA	NA	NA	NA	NA	NA	NA	NA	NA	NA	NA	NA	NA	NA	NA	NA	NA	NA	NA	NA	0.56951	0.45774	NA	NA	NA	NA	NA	NA	NA	NA	NA	NA	NA	NA	NA	NA	NA	NA	NA	NA	NA	NA	NA	NA	NA	NA	NA	NA	NA	NA	NA	NA	NA	NA	NA	NA	NA	NA	NA	NA	NA	NA	NA	NA	NA	NA	NA	NA	NA	NA	NA	NA	NA	NA	NA	NA	NA	NA
PL15_2	NA	NA	NA	NA	NA	NA	NA	NA	NA	NA	NA	NA	NA	NA	NA	NA	NA	NA	NA	NA	NA	NA	NA	NA	NA	NA	NA	NA	NA	NA	NA	NA	NA	NA	NA	NA	NA	NA	NA	NA	NA	NA	NA	NA	NA	NA	NA	NA	NA	NA	NA	NA	NA	NA	NA	NA	43.77705	5.71546	20.39373	12.22195	15.04942	3.9384	3.50533	38.99049	55.23675	13.36553	16.19861	5.71999	7.87339	4.90299	25.29219	8.39188	8.91498	53.13241	38.37743	6.25603	0.52619	1.55181	8.40459	1.85028	61.45924	9.90923	12.26246	3.04294	2.49234	10.6917	2.705	1.30602	11.41011	8.24969	48.57438	9.793	6.31554	2.88041	1.55771	16.11722	3.05825	38.64665	9.00802	10.74972	7.58269	8.08259	42.2242	3.46391	23.60469	3.94379	45.53439	7.52517	19.27248	4.26082	16.40801	6.31077	3.23698	16.42657
PL17	NA	NA	NA	NA	NA	NA	NA	NA	NA	NA	NA	NA	NA	NA	NA	NA	NA	NA	NA	NA	NA	NA	NA	NA	NA	NA	NA	NA	NA	NA	NA	NA	NA	NA	NA	NA	NA	NA	NA	NA	NA	NA	NA	NA	NA	NA	NA	NA	NA	NA	NA	NA	NA	NA	NA	NA	22.04995	14.20069	NA	2.84542	21.69161	NA	1.98149	2.98429	30.97714	18.13032	11.79104	4.31266	NA	NA	12.29385	NA	1.39242	0.36228	10.02437	21.03482	NA	12.89587	12.19481	1.40861	42.35837	5.04328	4.04929	1.2997	NA	1.4739	NA	15.42571	14.7618	2.04092	34.36827	5.02694	NA	0.93488	1.26501	2.97055	0.27842	23.43813	4.24885	3.14027	2.9622	1.17635	3.18712	1.35628	1.09579	NA	7.8786	2.05858	5.97742	5.22885	4.46502	11.3084	2.03315	1.33421
PL17_1	NA	NA	NA	NA	NA	NA	NA	NA	NA	NA	NA	NA	NA	NA	NA	NA	NA	NA	NA	NA	NA	NA	NA	NA	NA	NA	NA	NA	NA	NA	NA	NA	NA	NA	NA	NA	NA	NA	NA	NA	NA	NA	NA	NA	NA	NA	NA	NA	NA	NA	NA	NA	NA	NA	NA	NA	0.29571	NA	0.55291	NA	0.23238	0.63806	1.43794	NA	0.25196	NA	1.1384	NA	NA	NA	NA	1.46726	1.91209	NA	0.34012	NA	0.84009	1.03151	1.29412	NA	1.95776	NA	NA	NA	NA	1.88975	2.7481	NA	0.51632	NA	NA	NA	NA	NA	NA	1.06518	NA	2.60095	NA	0.56695	NA	NA	NA	0.86072	0.92013	NA	NA	0.28589	0.47474	NA	NA	NA	NA	NA
PL17_2	NA	NA	NA	NA	NA	NA	NA	NA	NA	NA	NA	NA	NA	NA	NA	NA	NA	NA	NA	NA	NA	NA	NA	NA	NA	NA	NA	NA	NA	NA	NA	NA	NA	NA	NA	NA	NA	NA	NA	NA	NA	NA	NA	NA	NA	NA	NA	NA	NA	NA	NA	NA	NA	NA	NA	NA	17.34212	NA	NA	0.79792	5.72036	0.38402	0.4685	1.44054	1.86076	4.31804	4.90763	0.2413	NA	NA	4.00191	NA	1.72619	2.04023	0.74185	0.96884	1.91599	0.25206	2.95847	0.95766	21.74464	5.60617	1.97884	0.91768	NA	5.03455	2.91493	2.95523	1.87883	3.06369	19.56463	1.02552	NA	0.60715	1.23298	2.15761	2.76324	NA	2.2769	0.27921	0.26518	3.7211	8.81486	0.28043	NA	1.77922	1.6049	0.56318	NA	0.87243	0.79556	1.0295	0.82832	0.3854
PL1_2	NA	NA	NA	NA	NA	NA	NA	NA	NA	NA	NA	NA	NA	NA	NA	NA	NA	NA	NA	NA	NA	NA	NA	NA	NA	NA	NA	NA	NA	NA	NA	NA	NA	NA	NA	NA	NA	NA	NA	NA	NA	NA	NA	NA	NA	NA	NA	NA	NA	NA	NA	NA	NA	NA	NA	NA	237.46629	25.33246	62.52299	82.79657	140.0845	44.39273	31.11154	163.99937	122.63492	51.40334	110.91297	87.80237	32.10118	48.26615	179.65613	184.59652	250.58794	164.78604	131.01081	16.9998	82.62511	54.81462	68.11873	60.38867	122.96001	354.86857	67.02705	580.82939	56.57054	58.81519	117.34811	71.36131	63.32175	264.09146	100.23792	257.11546	213.1532	343.04947	67.56557	48.25348	47.88999	117.93648	64.43792	128.19305	52.60564	277.4723	75.49423	32.25432	68.36715	34.52082	130.79129	70.09103	225.53793	45.51903	246.90382	34.86955	84.827	56.31428
PL1_5	NA	NA	NA	NA	NA	NA	NA	NA	NA	NA	NA	NA	NA	NA	NA	NA	NA	NA	NA	NA	NA	NA	NA	NA	NA	NA	NA	NA	NA	NA	NA	NA	NA	NA	NA	NA	NA	NA	NA	NA	NA	NA	NA	NA	NA	NA	NA	NA	NA	NA	NA	NA	NA	NA	NA	NA	NA	NA	NA	NA	NA	NA	NA	NA	NA	NA	NA	NA	NA	NA	NA	NA	NA	NA	NA	NA	NA	NA	NA	NA	NA	NA	NA	NA	NA	NA	NA	NA	1.91068	NA	NA	NA	NA	NA	NA	NA	NA	NA	NA	NA	NA	NA	NA	NA	NA	NA	NA	NA	NA	NA	NA	NA	NA	NA
PL1_6	NA	NA	NA	NA	NA	NA	NA	NA	NA	NA	NA	NA	NA	NA	NA	NA	NA	NA	NA	NA	NA	NA	NA	NA	NA	NA	NA	NA	NA	NA	NA	NA	NA	NA	NA	NA	NA	NA	NA	NA	NA	NA	NA	NA	NA	NA	NA	NA	NA	NA	NA	NA	NA	NA	NA	NA	NA	NA	NA	NA	NA	NA	NA	0.31306	NA	NA	NA	NA	NA	NA	NA	NA	NA	0.19002	NA	NA	NA	NA	NA	NA	NA	NA	NA	NA	NA	NA	NA	NA	NA	NA	NA	NA	NA	NA	NA	NA	NA	NA	NA	NA	NA	NA	NA	NA	NA	NA	NA	NA	NA	NA	NA	NA	NA	NA
PL1_8	NA	NA	NA	NA	NA	NA	NA	NA	NA	NA	NA	NA	NA	NA	NA	NA	NA	NA	NA	NA	NA	NA	NA	NA	NA	NA	NA	NA	NA	NA	NA	NA	NA	NA	NA	NA	NA	NA	NA	NA	NA	NA	NA	NA	NA	NA	NA	NA	NA	NA	NA	NA	NA	NA	NA	NA	2.61645	NA	NA	0.22559	0.44587	NA	NA	NA	NA	NA	2.58275	0.67211	NA	NA	1.19557	NA	NA	NA	NA	NA	0.76238	0.70207	NA	NA	7.16222	2.01977	0.38109	NA	NA	0.43204	1.49635	1.76485	2.46932	2.4305	2.51648	0.20084	NA	NA	NA	NA	NA	1.11108	NA	NA	0.18465	NA	3.87065	NA	NA	NA	0.22806	NA	NA	4.10066	NA	0.95104	NA	NA
PL2	NA	NA	NA	NA	NA	NA	NA	NA	NA	NA	NA	NA	NA	NA	NA	NA	NA	NA	NA	NA	NA	NA	NA	NA	NA	NA	NA	NA	NA	NA	NA	NA	NA	NA	NA	NA	NA	NA	NA	NA	NA	NA	NA	NA	NA	NA	NA	NA	NA	NA	NA	NA	NA	NA	NA	NA	NA	0.13092	0.22049	NA	NA	NA	0.77051	0.12281	NA	NA	NA	0.13599	0.22135	NA	NA	NA	0.35586	NA	NA	NA	NA	0.20195	NA	NA	1.28525	NA	NA	NA	NA	NA	NA	NA	0.50704	NA	1.85902	0.51605	NA	NA	NA	NA	NA	NA	NA	NA	0.23203	NA	NA	NA	0.41999	NA	NA	NA	NA	NA	NA	0.2386	0.15585	NA
PL21	NA	NA	NA	NA	NA	NA	NA	NA	NA	NA	NA	NA	NA	NA	NA	NA	NA	NA	NA	NA	NA	NA	NA	NA	NA	NA	NA	NA	NA	NA	NA	NA	NA	NA	NA	NA	NA	NA	NA	NA	NA	NA	NA	NA	NA	NA	NA	NA	NA	NA	NA	NA	NA	NA	NA	NA	NA	NA	NA	NA	NA	NA	NA	NA	NA	NA	NA	NA	NA	NA	1.44662	NA	NA	NA	NA	NA	7.06514	NA	NA	NA	NA	NA	NA	NA	NA	0.67638	NA	NA	NA	NA	NA	NA	NA	NA	NA	NA	NA	NA	1.6133	NA	NA	NA	2.42391	4.14771	NA	NA	NA	0.61395	NA	0.47555	NA	2.68789	4.09832	NA
PL21_1	NA	NA	NA	NA	NA	NA	NA	NA	NA	NA	NA	NA	NA	NA	NA	NA	NA	NA	NA	NA	NA	NA	NA	NA	NA	NA	NA	NA	NA	NA	NA	NA	NA	NA	NA	NA	NA	NA	NA	NA	NA	NA	NA	NA	NA	NA	NA	NA	NA	NA	NA	NA	NA	NA	NA	NA	NA	NA	NA	5.1448	15.32995	0.61902	NA	84.35734	NA	3.77784	NA	NA	NA	3.68562	22.75726	NA	0.46375	97.77885	NA	3.84643	NA	1.00072	1.26515	NA	71.69928	0.63976	5.43201	NA	NA	4.31069	NA	1.43747	6.05713	3.19788	53.2915	NA	NA	NA	NA	5.55378	1.37131	0.63083	2.93765	12.74797	4.21123	0.47289	0.73562	5.01015	NA	0.98628	NA	3.91281	29.12699	2.59776	2.93225	2.71116	8.0112	NA
PL22	NA	NA	NA	NA	NA	NA	NA	NA	NA	NA	NA	NA	NA	NA	NA	NA	NA	NA	NA	NA	NA	NA	NA	NA	NA	NA	NA	NA	NA	NA	NA	NA	NA	NA	NA	NA	NA	NA	NA	NA	NA	NA	NA	NA	NA	NA	NA	NA	NA	NA	NA	NA	NA	NA	NA	NA	68.61125	24.17985	30.19612	31.77907	70.03739	45.40572	48.20426	46.27281	73.68234	81.80526	74.71272	83.7787	57.64486	21.55372	74.13271	24.00728	64.23677	38.95373	101.12866	22.59014	18.94412	20.02971	41.315	26.32618	38.01001	184.40331	49.15777	45.46173	47.18337	31.99423	15.34028	25.43457	18.32465	39.33791	29.58884	138.35217	33.38644	47.64107	36.21377	44.01794	34.93032	73.72024	37.38464	71.41161	32.05144	39.13805	39.03769	31.1606	19.67635	32.24026	75.94749	62.40573	158.8004	23.8519	50.99584	13.65679	52.69632	26.79761
PL22_1	NA	NA	NA	NA	NA	NA	NA	NA	NA	NA	NA	NA	NA	NA	NA	NA	NA	NA	NA	NA	NA	NA	NA	NA	NA	NA	NA	NA	NA	NA	NA	NA	NA	NA	NA	NA	NA	NA	NA	NA	NA	NA	NA	NA	NA	NA	NA	NA	NA	NA	NA	NA	NA	NA	NA	NA	NA	4.53188	1.27059	1.75868	2.03947	3.80457	11.80291	0.65167	0.78927	5.81132	2.26517	2.12863	2.5597	1.0499	1.22028	0.48659	12.03369	1.86816	1.43508	2.74851	1.30013	0.80781	1.42702	2.06203	5.79833	9.67581	0.92468	7.05425	NA	5.12263	0.72909	0.58018	1.55428	NA	1.79593	12.08007	NA	6.68069	NA	4.66128	1.05212	1.65106	5.87135	0.18947	0.71978	NA	2.01168	3.29844	6.58799	NA	2.05451	7.49448	0.73753	0.3495	1.33647	0.15446	0.48297	1.71662
PL26	NA	NA	NA	NA	NA	NA	NA	NA	NA	NA	NA	NA	NA	NA	NA	NA	NA	NA	NA	NA	NA	NA	NA	NA	NA	NA	NA	NA	NA	NA	NA	NA	NA	NA	NA	NA	NA	NA	NA	NA	NA	NA	NA	NA	NA	NA	NA	NA	NA	NA	NA	NA	NA	NA	NA	NA	76.63074	15.59448	28.9843	26.65	59.23992	26.05711	23.43491	40.85369	65.06231	50.91787	53.58789	47.40852	47.032	12.30122	62.71741	15.98698	26.66377	39.74465	88.85772	35.76276	11.01501	12.06274	33.59045	16.44466	23.88244	51.90661	31.63743	23.37517	44.05717	12.17441	7.94535	13.81231	26.21768	41.81341	10.60915	30.89443	33.99298	33.9122	48.092	14.74663	9.44359	49.71237	22.9225	54.31797	26.00298	31.36995	13.87686	15.6207	15.15305	11.04575	46.20658	27.23449	95.12556	14.7302	29.81817	8.5362	36.42591	19.88868
PL27	NA	NA	NA	NA	NA	NA	NA	NA	NA	NA	NA	NA	NA	NA	NA	NA	NA	NA	NA	NA	NA	NA	NA	NA	NA	NA	NA	NA	NA	NA	NA	NA	NA	NA	NA	NA	NA	NA	NA	NA	NA	NA	NA	NA	NA	NA	NA	NA	NA	NA	NA	NA	NA	NA	NA	NA	37.91577	27.89689	10.61506	10.49233	23.94205	14.45313	22.41804	10.52718	45.87179	22.03522	30.76197	11.89933	9.80435	11.30391	31.45153	9.38243	20.06245	2.79923	60.37949	12.36646	9.43294	8.58053	19.36085	16.06479	43.46732	32.16557	18.7567	12.59786	13.25153	9.41069	7.57248	7.20131	13.358	19.37813	29.71844	19.65737	11.14363	18.53442	9.30722	14.18861	9.23256	12.10675	11.19373	56.66894	17.00771	5.09997	4.90975	11.12298	21.86599	6.37463	10.36653	15.37951	53.12657	9.71091	4.21566	10.56394	16.27352	27.64092
PL29	NA	NA	NA	NA	NA	NA	NA	NA	NA	NA	NA	NA	NA	NA	NA	NA	NA	NA	NA	NA	NA	NA	NA	NA	NA	NA	NA	NA	NA	NA	NA	NA	NA	NA	NA	NA	NA	NA	NA	NA	NA	NA	NA	NA	NA	NA	NA	NA	NA	NA	NA	NA	NA	NA	NA	NA	20.60569	2.75214	2.14067	7.33425	4.95574	5.77802	3.58314	5.11725	20.80802	11.45446	5.08525	2.74621	0.7637	2.17972	4.61827	4.40297	3.91076	6.44522	22.77119	19.92738	1.07075	1.01526	8.38111	9.95534	7.11584	9.1052	3.92396	2.64078	NA	9.03721	1.87588	4.7549	4.71244	6.40868	5.30697	5.73668	5.29569	2.91359	1.09165	3.8015	1.82702	5.03637	4.26114	16.3474	2.42794	4.4685	5.14396	6.03884	6.49486	1.94229	8.75419	6.47138	19.02939	2.80277	3.9998	1.51241	8.81271	6.16884
PL30	NA	NA	NA	NA	NA	NA	NA	NA	NA	NA	NA	NA	NA	NA	NA	NA	NA	NA	NA	NA	NA	NA	NA	NA	NA	NA	NA	NA	NA	NA	NA	NA	NA	NA	NA	NA	NA	NA	NA	NA	NA	NA	NA	NA	NA	NA	NA	NA	NA	NA	NA	NA	NA	NA	NA	NA	13.92501	3.73422	16.6532	8.24012	17.46653	5.95569	4.59876	50.6509	45.84578	31.61339	6.10334	4.05492	11.79541	3.34575	19.14462	2.8647	5.45679	81.17888	50.03099	28.9524	11.67612	2.12147	8.09877	2.25671	32.44222	16.31025	13.69505	3.13435	12.72646	27.88026	1.95969	5.40452	4.15562	3.11156	23.76689	12.86789	10.55566	4.97454	3.81848	27.00705	0.8031	1.04312	8.84701	20.67683	12.586	13.18103	0.8709	6.85596	9.44934	0.61713	0.33602	6.42577	31.80618	9.69442	18.02595	2.68253	12.87481	6.31825
PL31	NA	NA	NA	NA	NA	NA	NA	NA	NA	NA	NA	NA	NA	NA	NA	NA	NA	NA	NA	NA	NA	NA	NA	NA	NA	NA	NA	NA	NA	NA	NA	NA	NA	NA	NA	NA	NA	NA	NA	NA	NA	NA	NA	NA	NA	NA	NA	NA	NA	NA	NA	NA	NA	NA	NA	NA	NA	4.13069	0.19219	NA	0.80773	0.22061	0.33321	NA	1.05095	NA	NA	NA	NA	0.22009	0.31975	NA	1.32926	NA	0.94579	NA	1.75205	1.07516	0.45249	0.55211	4.42328	2.97355	4.86557	1.95805	NA	0.22064	2.67462	1.28757	2.17809	1.14187	0.73437	NA	NA	0.86365	1.25943	0.24741	1.63775	1.361	2.09386	0.19859	2.64047	2.20259	NA	0.99196	1.92346	0.35337	0.23297	1.59367	4.80382	NA	2.27629	NA	NA	1.99262
PL32	NA	NA	NA	NA	NA	NA	NA	NA	NA	NA	NA	NA	NA	NA	NA	NA	NA	NA	NA	NA	NA	NA	NA	NA	NA	NA	NA	NA	NA	NA	NA	NA	NA	NA	NA	NA	NA	NA	NA	NA	NA	NA	NA	NA	NA	NA	NA	NA	NA	NA	NA	NA	NA	NA	NA	NA	NA	NA	NA	NA	NA	NA	0.67344	NA	NA	NA	NA	NA	NA	NA	NA	NA	0.88757	NA	NA	NA	NA	NA	NA	NA	NA	NA	NA	NA	NA	NA	NA	NA	NA	NA	NA	NA	NA	NA	NA	NA	NA	NA	NA	NA	NA	NA	NA	0.56856	NA	NA	NA	NA	NA	NA	NA	NA	1.8391	NA
PL33_1	NA	NA	NA	NA	NA	NA	NA	NA	NA	NA	NA	NA	NA	NA	NA	NA	NA	NA	NA	NA	NA	NA	NA	NA	NA	NA	NA	NA	NA	NA	NA	NA	NA	NA	NA	NA	NA	NA	NA	NA	NA	NA	NA	NA	NA	NA	NA	NA	NA	NA	NA	NA	NA	NA	NA	NA	45.81666	35.70155	39.96599	51.88758	80.27917	25.97007	12.15029	67.47389	35.90186	33.27152	47.39777	22.98377	28.21403	60.44862	69.92041	77.82467	25.43111	78.63712	21.69926	51.47461	53.36546	14.04921	29.44939	47.8676	56.54814	30.45551	43.45559	29.60344	23.08563	15.44241	73.08402	24.20454	22.98626	133.04731	49.86609	29.56208	24.70522	50.67537	35.67536	37.69801	30.99374	48.84129	23.45429	37.3873	47.3556	46.18813	21.34644	29.27507	21.03669	23.54871	55.69683	25.7912	55.60443	84.67598	54.00027	19.48821	34.05384	22.93845
PL33_2	NA	NA	NA	NA	NA	NA	NA	NA	NA	NA	NA	NA	NA	NA	NA	NA	NA	NA	NA	NA	NA	NA	NA	NA	NA	NA	NA	NA	NA	NA	NA	NA	NA	NA	NA	NA	NA	NA	NA	NA	NA	NA	NA	NA	NA	NA	NA	NA	NA	NA	NA	NA	NA	NA	NA	NA	2.94045	1.53835	4.56253	4.88025	3.49917	2.89211	4.70201	2.25953	6.25719	NA	1.02299	0.4442	1.75301	2.01411	5.48605	NA	2.62228	6.52021	5.93391	0.47373	1.26228	1.2325	6.86404	6.43909	5.82637	5.17633	3.53225	2.6025	19.02558	2.30932	0.24809	3.45753	4.48662	8.17292	3.82719	2.67405	5.93576	4.39125	1.04458	0.32527	0.22519	5.45422	2.34725	12.63065	2.68434	2.71756	0.70466	2.43776	13.03754	0.24294	1.80395	1.31526	4.48094	2.22696	3.47687	0.63516	8.68235	9.24435
PL35	NA	NA	NA	NA	NA	NA	NA	NA	NA	NA	NA	NA	NA	NA	NA	NA	NA	NA	NA	NA	NA	NA	NA	NA	NA	NA	NA	NA	NA	NA	NA	NA	NA	NA	NA	NA	NA	NA	NA	NA	NA	NA	NA	NA	NA	NA	NA	NA	NA	NA	NA	NA	NA	NA	NA	NA	37.33123	5.44683	15.84467	27.30721	13.77939	14.2379	11.33103	13.10549	61.36875	10.83236	10.67996	9.31924	8.6244	41.9078	18.96154	16.21273	10.29315	7.21128	65.58001	11.74208	12.25214	5.51925	10.61181	23.33136	38.55604	18.62229	42.6839	14.68531	4.47601	16.64366	1.90921	6.69682	8.32911	23.34937	26.20175	17.02438	9.38058	17.77096	4.69712	13.86851	7.70444	43.91485	18.29286	30.05553	40.64708	17.62978	8.2358	14.2927	NA	5.95031	59.30078	10.42929	18.98179	80.94872	26.18314	5.89081	20.47749	NA
PL37	NA	NA	NA	NA	NA	NA	NA	NA	NA	NA	NA	NA	NA	NA	NA	NA	NA	NA	NA	NA	NA	NA	NA	NA	NA	NA	NA	NA	NA	NA	NA	NA	NA	NA	NA	NA	NA	NA	NA	NA	NA	NA	NA	NA	NA	NA	NA	NA	NA	NA	NA	NA	NA	NA	NA	NA	3.52459	1.71929	9.22675	2.725	9.09853	4.02918	3.43738	28.40353	27.75685	7.40217	5.13743	2.66509	8.72051	1.92346	14.28618	4.57252	2.02204	43.0301	23.90792	3.43107	0.38318	0.7852	0.65085	1.48974	32.63327	4.11304	3.32259	1.53066	NA	6.75257	0.61196	0.25791	1.14903	5.21538	26.60383	2.48388	7.55191	1.80201	1.60808	12.16376	1.85197	20.6149	9.37628	7.81699	1.7394	2.73984	1.47477	1.61995	7.69066	1.6957	24.16784	6.19089	16.23611	2.00915	3.51923	4.75775	4.34619	4.29173
PL38	NA	NA	NA	NA	NA	NA	NA	NA	NA	NA	NA	NA	NA	NA	NA	NA	NA	NA	NA	NA	NA	NA	NA	NA	NA	NA	NA	NA	NA	NA	NA	NA	NA	NA	NA	NA	NA	NA	NA	NA	NA	NA	NA	NA	NA	NA	NA	NA	NA	NA	NA	NA	NA	NA	NA	NA	24.82344	5.84118	144.60296	9.74231	21.88837	9.87463	8.54079	8.48979	51.9503	16.00449	9.0184	57.46298	111.05354	9.18871	22.37512	8.47912	7.6555	10.59615	53.56438	18.43492	7.08814	6.97332	14.96148	6.83023	23.0665	20.48037	19.40762	7.55577	71.90854	41.37386	2.95718	12.03644	24.94904	13.14319	20.31977	42.67622	10.52429	5.98782	31.11361	34.6946	5.10095	72.6431	27.4921	51.1219	16.70863	24.39684	36.34015	25.38357	10.22543	8.98543	112.76924	9.97904	21.00622	14.57857	27.12806	8.62742	88.51654	25.934
PL4	NA	NA	NA	NA	NA	NA	NA	NA	NA	NA	NA	NA	NA	NA	NA	NA	NA	NA	NA	NA	NA	NA	NA	NA	NA	NA	NA	NA	NA	NA	NA	NA	NA	NA	NA	NA	NA	NA	NA	NA	NA	NA	NA	NA	NA	NA	NA	NA	NA	NA	NA	NA	NA	NA	NA	NA	NA	NA	NA	NA	NA	NA	NA	NA	3.36222	3.42374	NA	NA	NA	NA	NA	NA	NA	NA	6.00278	0.05333	0.96434	2.33114	NA	0.2854	NA	NA	NA	NA	NA	1.50283	0.70977	1.35536	0.46084	0.65034	NA	NA	NA	NA	NA	0.9241	NA	NA	NA	NA	NA	NA	0.2448	0.98802	NA	NA	NA	NA	NA	NA	NA	0.07519	5.03574	NA
PL40	NA	NA	NA	NA	NA	NA	NA	NA	NA	NA	NA	NA	NA	NA	NA	NA	NA	NA	NA	NA	NA	NA	NA	NA	NA	NA	NA	NA	NA	NA	NA	NA	NA	NA	NA	NA	NA	NA	NA	NA	NA	NA	NA	NA	NA	NA	NA	NA	NA	NA	NA	NA	NA	NA	NA	NA	56.22848	7.77932	33.39186	14.77798	17.93281	13.1835	9.95005	49.18943	101.20987	20.55258	41.17141	51.97146	32.73638	13.36104	19.2044	43.95151	14.17799	60.15761	106.0371	17.32743	7.00489	2.44491	28.95942	7.80021	17.22377	38.43974	20.41914	5.81008	78.45563	15.73634	4.94456	7.28267	18.78761	18.45436	9.15485	18.58207	31.14428	10.90153	41.51394	17.1437	6.31745	36.02514	13.32885	47.64967	11.26368	25.21333	55.70269	6.51282	16.25583	8.75181	36.34986	16.31473	102.08155	10.85836	33.88383	12.39655	13.56156	8.81206
PL4_1	NA	NA	NA	NA	NA	NA	NA	NA	NA	NA	NA	NA	NA	NA	NA	NA	NA	NA	NA	NA	NA	NA	NA	NA	NA	NA	NA	NA	NA	NA	NA	NA	NA	NA	NA	NA	NA	NA	NA	NA	NA	NA	NA	NA	NA	NA	NA	NA	NA	NA	NA	NA	NA	NA	NA	NA	NA	1.40166	NA	0.16997	0.11917	0.40902	0.06145	NA	0.0646	NA	NA	0.5064	NA	0.24353	0.41278	0.75244	0.55156	NA	0.17442	0.06354	0.1436	1.05796	1.1146	NA	0.81573	4.56539	NA	0.42128	NA	NA	0.28186	0.56988	1.26738	0.35217	0.88031	0.75661	0.89688	1.6989	0.46701	1.00916	1.20812	NA	0.1294	NA	0.06956	NA	NA	2.05984	NA	0.97752	NA	NA	0.18329	NA	0.19375	NA	0.08822	NA
PL6	NA	NA	NA	NA	NA	NA	NA	NA	NA	NA	NA	NA	NA	NA	NA	NA	NA	NA	NA	NA	NA	NA	NA	NA	NA	NA	NA	NA	NA	NA	NA	NA	NA	NA	NA	NA	NA	NA	NA	NA	NA	NA	NA	NA	NA	NA	NA	NA	NA	NA	NA	NA	NA	NA	NA	NA	69.60665	6.20265	NA	NA	10.35478	2.07371	2.67047	4.78978	11.00986	4.27559	27.65526	17.33184	1.91638	NA	35.52474	NA	3.10714	0.12076	7.36927	0.2547	3.46702	3.93195	5.07963	NA	74.88872	14.84084	20.52185	1.88934	NA	22.92482	5.10361	4.81552	2.77657	2.39343	46.43531	12.29173	2.40592	1.4297	NA	20.96899	3.2948	65.24218	16.10717	4.20237	3.41009	7.49284	14.38743	8.29427	1.52855	8.29195	50.42826	5.73063	15.65172	11.31953	1.79435	10.64266	7.47022	0.30162
PL6_1	NA	NA	NA	NA	NA	NA	NA	NA	NA	NA	NA	NA	NA	NA	NA	NA	NA	NA	NA	NA	NA	NA	NA	NA	NA	NA	NA	NA	NA	NA	NA	NA	NA	NA	NA	NA	NA	NA	NA	NA	NA	NA	NA	NA	NA	NA	NA	NA	NA	NA	NA	NA	NA	NA	NA	NA	13.60535	0.54883	NA	NA	3.39567	0.12262	0.70613	0.5635	1.20605	1.8287	4.81214	4.14995	0.17686	0.36314	6.21926	NA	1.09087	0.64607	0.26135	0.20909	1.42278	0.8718	1.4598	0.40681	16.42294	6.03398	6.17721	0.2218	1.11422	8.55808	0.55674	1.27889	0.36471	0.98597	15.08989	1.32963	1.48766	0.13195	0.41783	4.62295	1.34668	18.05639	6.93575	0.60711	2.89648	2.23621	5.80736	2.00195	NA	1.25418	12.29363	2.00462	3.8524	2.70739	1.30952	4.02642	1.32984	NA
PL7	NA	NA	NA	NA	NA	NA	NA	NA	NA	NA	NA	NA	NA	NA	NA	NA	NA	NA	NA	NA	NA	NA	NA	NA	NA	NA	NA	NA	NA	NA	NA	NA	NA	NA	NA	NA	NA	NA	NA	NA	NA	NA	NA	NA	NA	NA	NA	NA	NA	NA	NA	NA	NA	NA	NA	NA	8.92629	6.41862	3.39052	0.40649	5.88316	0.18032	NA	1.15783	12.24258	6.23518	4.32985	6.07203	5.78636	0.38827	1.80864	NA	NA	2.50267	10.03209	5.29618	0.62765	4.93932	5.78757	0.48834	6.2625	0.42553	0.68669	3.53391	17.86963	NA	NA	6.80936	7.76281	2.41092	5.73586	NA	NA	2.42909	2.68044	0.98964	1.73354	0.18218	1.17494	NA	0.33273	3.5868	NA	NA	NA	0.80808	0.93389	6.91923	NA	NA	3.09558	2.82588	NA	NA
PL8	NA	NA	NA	NA	NA	NA	NA	NA	NA	NA	NA	NA	NA	NA	NA	NA	NA	NA	NA	NA	NA	NA	NA	NA	NA	NA	NA	NA	NA	NA	NA	NA	NA	NA	NA	NA	NA	NA	NA	NA	NA	NA	NA	NA	NA	NA	NA	NA	NA	NA	NA	NA	NA	NA	NA	NA	34.97898	16.62666	28.22569	30.87051	34.36975	22.66539	52.01519	43.41325	80.76161	44.08976	16.57972	32.32029	26.05513	15.78619	34.64697	25.23	32.51104	58.34572	81.63781	36.6056	16.02469	18.61823	32.86142	46.64801	36.58662	46.10471	34.01822	17.80846	18.38989	42.82131	6.52376	29.73667	23.50062	23.51156	33.68723	47.9609	22.65599	28.64424	16.26951	34.35009	12.04284	53.95992	27.92168	60.46201	27.64229	26.10594	19.18467	23.14499	17.13876	12.53769	62.43831	21.14529	83.05829	25.93336	29.50219	14.07721	24.51813	27.24338
PL8_1	NA	NA	NA	NA	NA	NA	NA	NA	NA	NA	NA	NA	NA	NA	NA	NA	NA	NA	NA	NA	NA	NA	NA	NA	NA	NA	NA	NA	NA	NA	NA	NA	NA	NA	NA	NA	NA	NA	NA	NA	NA	NA	NA	NA	NA	NA	NA	NA	NA	NA	NA	NA	NA	NA	NA	NA	NA	NA	NA	NA	NA	NA	NA	NA	NA	NA	NA	NA	NA	NA	NA	NA	NA	NA	NA	NA	NA	NA	NA	NA	NA	NA	NA	NA	NA	NA	NA	NA	NA	NA	NA	NA	NA	NA	NA	NA	NA	NA	NA	NA	NA	0.12776	NA	NA	NA	NA	NA	NA	NA	NA	NA	NA	NA	NA
PL8_2	NA	NA	NA	NA	NA	NA	NA	NA	NA	NA	NA	NA	NA	NA	NA	NA	NA	NA	NA	NA	NA	NA	NA	NA	NA	NA	NA	NA	NA	NA	NA	NA	NA	NA	NA	NA	NA	NA	NA	NA	NA	NA	NA	NA	NA	NA	NA	NA	NA	NA	NA	NA	NA	NA	NA	NA	36.76494	7.72513	20.02511	16.46495	27.02607	7.37345	11.71571	94.43193	55.15546	47.4921	11.26948	13.81727	8.01823	12.50101	47.6101	8.73232	13.16926	91.60849	55.72903	68.41743	4.74108	5.52546	25.04229	21.47211	92.68948	25.87242	21.42325	6.62231	14.00276	20.76982	1.33516	12.21359	16.76198	16.92876	60.71298	22.94427	17.88251	8.25954	7.57704	25.79603	6.28818	49.72456	23.0994	43.3799	15.15247	15.09221	13.0644	15.75957	23.90942	7.13225	50.32685	12.45588	67.42057	20.73286	28.03989	7.14083	19.03897	14.53826
PL8_3	NA	NA	NA	NA	NA	NA	NA	NA	NA	NA	NA	NA	NA	NA	NA	NA	NA	NA	NA	NA	NA	NA	NA	NA	NA	NA	NA	NA	NA	NA	NA	NA	NA	NA	NA	NA	NA	NA	NA	NA	NA	NA	NA	NA	NA	NA	NA	NA	NA	NA	NA	NA	NA	NA	NA	NA	5.42918	2.72584	0.79384	3.48929	15.20234	5.42966	5.53008	39.88032	33.71859	27.36135	0.59434	14.97294	NA	5.82368	26.91397	3.62042	6.31176	42.33928	51.59732	42.2964	0.9735	4.98213	10.32238	10.08006	3.36706	15.37898	11.52761	1.55219	2.67324	7.10519	0.14405	4.78048	4.18776	17.10406	2.06819	17.28845	7.77148	1.48927	2.25009	5.41609	0.5031	40.90814	11.74959	21.43024	5.32239	9.16076	2.80427	9.28247	12.2231	0.95066	40.08473	9.69167	23.8939	6.83364	16.68449	2.31716	11.2244	7.49446
PL9	NA	NA	NA	NA	NA	NA	NA	NA	NA	NA	NA	NA	NA	NA	NA	NA	NA	NA	NA	NA	NA	NA	NA	NA	NA	NA	NA	NA	NA	NA	NA	NA	NA	NA	NA	NA	NA	NA	NA	NA	NA	NA	NA	NA	NA	NA	NA	NA	NA	NA	NA	NA	NA	NA	NA	NA	8.91391	7.55583	2.33469	2.13285	14.21121	7.27526	4.61421	1.62702	5.26352	3.94016	21.63428	26.37376	4.3742	1.90171	19.09296	8.61472	2.49716	4.07736	10.21134	2.28572	5.64122	1.58209	6.68961	7.32854	12.00242	18.04249	17.68996	3.88018	7.67407	1.77568	7.94033	0.89938	6.42279	4.62472	4.3196	6.47361	0.28871	9.79154	6.34332	2.91258	1.92887	17.55446	8.36102	1.87992	8.31999	4.10592	40.63632	1.74792	5.71258	0.45867	5.9128	9.12056	16.2694	4.24857	1.65046	8.12145	1.53359	13.79456
PL9_1	NA	NA	NA	NA	NA	NA	NA	NA	NA	NA	NA	NA	NA	NA	NA	NA	NA	NA	NA	NA	NA	NA	NA	NA	NA	NA	NA	NA	NA	NA	NA	NA	NA	NA	NA	NA	NA	NA	NA	NA	NA	NA	NA	NA	NA	NA	NA	NA	NA	NA	NA	NA	NA	NA	NA	NA	21.01752	13.9588	8.68822	11.81988	79.20405	16.56933	13.20242	17.07331	15.52864	6.29848	17.21661	35.61125	4.93317	5.3761	78.99178	14.34807	20.05592	16.3375	39.60633	3.97572	12.39202	4.24549	12.78188	6.14664	31.89773	35.10573	31.47801	11.99333	18.35905	6.50617	23.61517	6.47711	14.90346	18.15041	10.58163	15.68072	5.39202	20.1523	20.85674	25.4146	6.88669	22.07359	27.06629	2.96032	21.55216	22.13771	10.1483	2.51494	31.69099	4.80063	19.65157	47.58786	17.34687	8.11356	13.88816	4.45245	1.27044	28.15317
PL9_2	NA	NA	NA	NA	NA	NA	NA	NA	NA	NA	NA	NA	NA	NA	NA	NA	NA	NA	NA	NA	NA	NA	NA	NA	NA	NA	NA	NA	NA	NA	NA	NA	NA	NA	NA	NA	NA	NA	NA	NA	NA	NA	NA	NA	NA	NA	NA	NA	NA	NA	NA	NA	NA	NA	NA	NA	0.76097	1.87535	0.30718	0.06173	7.56802	0.83186	4.87784	1.70158	18.87472	NA	3.34536	4.24191	1.0338	0.4453	16.41038	1.09309	2.47826	4.31901	8.82739	0.182	0.66609	6.21821	11.80406	17.27022	1.26123	8.58906	7.1705	2.44922	NA	19.94537	1.63378	6.67471	2.62169	6.86389	0.68182	12.23285	4.44702	7.1333	1.47982	4.92342	NA	2.86546	1.95022	28.5733	1.58255	NA	NA	4.55845	11.78801	NA	0.80003	0.90057	9.68061	5.47888	0.04691	NA	13.32923	3.14162
PL9_4	NA	NA	NA	NA	NA	NA	NA	NA	NA	NA	NA	NA	NA	NA	NA	NA	NA	NA	NA	NA	NA	NA	NA	NA	NA	NA	NA	NA	NA	NA	NA	NA	NA	NA	NA	NA	NA	NA	NA	NA	NA	NA	NA	NA	NA	NA	NA	NA	NA	NA	NA	NA	NA	NA	NA	NA	NA	NA	NA	NA	NA	NA	NA	NA	NA	NA	NA	NA	NA	NA	NA	NA	NA	NA	NA	NA	NA	NA	NA	NA	NA	NA	NA	NA	NA	NA	NA	NA	NA	0.70946	NA	NA	NA	NA	NA	NA	NA	NA	NA	NA	NA	0.41965	NA	NA	NA	NA	NA	NA	NA	NA	NA	NA	NA	NA
