run_accession	secondary_study_accession	sample_accession	secondary_sample_accession	experiment_accession	study_accession	submission_accession	tax_id	scientific_name	instrument_platform	instrument_model	library_name	nominal_length	library_layout	library_strategy	library_source	library_selection	read_count	base_count	center_name	first_public	last_updated	experiment_title	study_title	study_alias	experiment_alias	run_alias	fastq_bytes	fastq_md5	fastq_ftp	fastq_aspera	fastq_galaxy	submitted_bytes	submitted_md5	submitted_ftp	submitted_aspera	submitted_galaxy	submitted_format	sra_bytes	sra_md5	sra_ftp	sra_aspera	sra_galaxy	sample_alias	broker_name	sample_title	nominal_sdev	first_created	bam_ftp	bam_bytes	bam_md5
ERR2587710	ERP108869	SAMEA4670399	ERS2491012	ERX2603986	PRJEB26842	ERA1489867	1326787	fermentation metagenome	ILLUMINA	Illumina MiSeq	16S_fmp_post_I22	300	PAIRED	AMPLICON	METAGENOMIC	PCR	222709	133944741	Teagasc Food Research Centre;Ireland;TEAGASC	2018-07-19	2018-11-16	Illumina MiSeq paired end sequencing	BBC study	ena-STUDY-TEAGASC-19-05-2018-07:51:28:007-360	ena-EXPERIMENT-TEAGASC-19-05-2018-10:18:46:103-5	ena-RUN-TEAGASC-19-05-2018-10:18:46:103-5	39208525;45750273	ac09f450eaedd0bf02c1ebfe5cabc83f;8cb47337f971e4fa2fd010a250f8b361	ftp.sra.ebi.ac.uk/vol1/fastq/ERR258/000/ERR2587710/ERR2587710_1.fastq.gz;ftp.sra.ebi.ac.uk/vol1/fastq/ERR258/000/ERR2587710/ERR2587710_2.fastq.gz	fasp.sra.ebi.ac.uk:/vol1/fastq/ERR258/000/ERR2587710/ERR2587710_1.fastq.gz;fasp.sra.ebi.ac.uk:/vol1/fastq/ERR258/000/ERR2587710/ERR2587710_2.fastq.gz	ftp.sra.ebi.ac.uk/vol1/fastq/ERR258/000/ERR2587710/ERR2587710_1.fastq.gz;ftp.sra.ebi.ac.uk/vol1/fastq/ERR258/000/ERR2587710/ERR2587710_2.fastq.gz	54388287;60156755	cb339dfa1628913325411737679eb07e;2aba68dc8107b79e7b2f4127d488163b	ftp.sra.ebi.ac.uk/vol1/run/ERR258/ERR2587710/16S_fmp_post_I22_S94_L001_R1_001.fastq.gz;ftp.sra.ebi.ac.uk/vol1/run/ERR258/ERR2587710/16S_fmp_post_I22_S94_L001_R2_001.fastq.gz	fasp.sra.ebi.ac.uk:/vol1/run/ERR258/ERR2587710/16S_fmp_post_I22_S94_L001_R1_001.fastq.gz;fasp.sra.ebi.ac.uk:/vol1/run/ERR258/ERR2587710/16S_fmp_post_I22_S94_L001_R2_001.fastq.gz	ftp.sra.ebi.ac.uk/vol1/run/ERR258/ERR2587710/16S_fmp_post_I22_S94_L001_R1_001.fastq.gz;ftp.sra.ebi.ac.uk/vol1/run/ERR258/ERR2587710/16S_fmp_post_I22_S94_L001_R2_001.fastq.gz	FASTQ;FASTQ	92943666	94f9d4e5c595e21d3199207ae034e316	ftp.sra.ebi.ac.uk/vol1/err/ERR258/000/ERR2587710	fasp.sra.ebi.ac.uk:/vol1/err/ERR258/000/ERR2587710	ftp.sra.ebi.ac.uk/vol1/err/ERR258/000/ERR2587710	16S_fmp_post_I20		16S_fmp_post_I20		2018-05-19			
ERR2587711	ERP108869	SAMEA4670400	ERS2491013	ERX2603987	PRJEB26842	ERA1489867	1326787	fermentation metagenome	ILLUMINA	Illumina MiSeq	16S_fmp_post_I25	300	PAIRED	AMPLICON	METAGENOMIC	PCR	155091	93282291	Teagasc Food Research Centre;Ireland;TEAGASC	2018-07-19	2018-11-16	Illumina MiSeq paired end sequencing	BBC study	ena-STUDY-TEAGASC-19-05-2018-07:51:28:007-360	ena-EXPERIMENT-TEAGASC-19-05-2018-10:18:46:103-6	ena-RUN-TEAGASC-19-05-2018-10:18:46:103-6	26904421;31577616	f4f07701ad1ed516253d68342ef8cbe0;bfcd60d26b3f9f9644dd4c0eac337c96	ftp.sra.ebi.ac.uk/vol1/fastq/ERR258/001/ERR2587711/ERR2587711_1.fastq.gz;ftp.sra.ebi.ac.uk/vol1/fastq/ERR258/001/ERR2587711/ERR2587711_2.fastq.gz	fasp.sra.ebi.ac.uk:/vol1/fastq/ERR258/001/ERR2587711/ERR2587711_1.fastq.gz;fasp.sra.ebi.ac.uk:/vol1/fastq/ERR258/001/ERR2587711/ERR2587711_2.fastq.gz	ftp.sra.ebi.ac.uk/vol1/fastq/ERR258/001/ERR2587711/ERR2587711_1.fastq.gz;ftp.sra.ebi.ac.uk/vol1/fastq/ERR258/001/ERR2587711/ERR2587711_2.fastq.gz	37370788;41518926	13af156ec8f1d61bafe3aefc75bf2044;cd9ae50944c85bedd38178b85b5e6589	ftp.sra.ebi.ac.uk/vol1/run/ERR258/ERR2587711/16S_fmp_post_I25_S97_L001_R1_001.fastq.gz;ftp.sra.ebi.ac.uk/vol1/run/ERR258/ERR2587711/16S_fmp_post_I25_S97_L001_R2_001.fastq.gz	fasp.sra.ebi.ac.uk:/vol1/run/ERR258/ERR2587711/16S_fmp_post_I25_S97_L001_R1_001.fastq.gz;fasp.sra.ebi.ac.uk:/vol1/run/ERR258/ERR2587711/16S_fmp_post_I25_S97_L001_R2_001.fastq.gz	ftp.sra.ebi.ac.uk/vol1/run/ERR258/ERR2587711/16S_fmp_post_I25_S97_L001_R1_001.fastq.gz;ftp.sra.ebi.ac.uk/vol1/run/ERR258/ERR2587711/16S_fmp_post_I25_S97_L001_R2_001.fastq.gz	FASTQ;FASTQ	64890718	9030de402c85947b875211a27f77af00	ftp.sra.ebi.ac.uk/vol1/err/ERR258/001/ERR2587711	fasp.sra.ebi.ac.uk:/vol1/err/ERR258/001/ERR2587711	ftp.sra.ebi.ac.uk/vol1/err/ERR258/001/ERR2587711	16S_fmp_post_I22		16S_fmp_post_I22		2018-05-19			
ERR2587714	ERP108869	SAMEA4670404	ERS2491017	ERX2603990	PRJEB26842	ERA1489867	1326787	fermentation metagenome	ILLUMINA	Illumina MiSeq	16S_fmp_post_I5	300	PAIRED	AMPLICON	METAGENOMIC	PCR	272914	164191181	Teagasc Food Research Centre;Ireland;TEAGASC	2018-07-19	2018-11-16	Illumina MiSeq paired end sequencing	BBC study	ena-STUDY-TEAGASC-19-05-2018-07:51:28:007-360	ena-EXPERIMENT-TEAGASC-19-05-2018-10:18:46:103-9	ena-RUN-TEAGASC-19-05-2018-10:18:46:103-9	44657864;54090125	6b197a21e958dc40458a784e89d916c8;0fa52a9b6420311e5f23ef0266c326f9	ftp.sra.ebi.ac.uk/vol1/fastq/ERR258/004/ERR2587714/ERR2587714_1.fastq.gz;ftp.sra.ebi.ac.uk/vol1/fastq/ERR258/004/ERR2587714/ERR2587714_2.fastq.gz	fasp.sra.ebi.ac.uk:/vol1/fastq/ERR258/004/ERR2587714/ERR2587714_1.fastq.gz;fasp.sra.ebi.ac.uk:/vol1/fastq/ERR258/004/ERR2587714/ERR2587714_2.fastq.gz	ftp.sra.ebi.ac.uk/vol1/fastq/ERR258/004/ERR2587714/ERR2587714_1.fastq.gz;ftp.sra.ebi.ac.uk/vol1/fastq/ERR258/004/ERR2587714/ERR2587714_2.fastq.gz	62570497;71461457	612342bd6d4b0fc24acc9f46f2fc2586;31083677663c74665706d3aa1b393383	ftp.sra.ebi.ac.uk/vol1/run/ERR258/ERR2587714/16S_fmp_post_I5_S77_L001_R1_001.fastq.gz;ftp.sra.ebi.ac.uk/vol1/run/ERR258/ERR2587714/16S_fmp_post_I5_S77_L001_R2_001.fastq.gz	fasp.sra.ebi.ac.uk:/vol1/run/ERR258/ERR2587714/16S_fmp_post_I5_S77_L001_R1_001.fastq.gz;fasp.sra.ebi.ac.uk:/vol1/run/ERR258/ERR2587714/16S_fmp_post_I5_S77_L001_R2_001.fastq.gz	ftp.sra.ebi.ac.uk/vol1/run/ERR258/ERR2587714/16S_fmp_post_I5_S77_L001_R1_001.fastq.gz;ftp.sra.ebi.ac.uk/vol1/run/ERR258/ERR2587714/16S_fmp_post_I5_S77_L001_R2_001.fastq.gz	FASTQ;FASTQ	112684698	cc97a47033ecb6d588a9eaafcc48dc2c	ftp.sra.ebi.ac.uk/vol1/err/ERR258/004/ERR2587714	fasp.sra.ebi.ac.uk:/vol1/err/ERR258/004/ERR2587714	ftp.sra.ebi.ac.uk/vol1/err/ERR258/004/ERR2587714	16S_fmp_post_I5		16S_fmp_post_I5		2018-05-19			
ERR2587716	ERP108869	SAMEA4670406	ERS2491019	ERX2603992	PRJEB26842	ERA1489867	1326787	fermentation metagenome	ILLUMINA	Illumina MiSeq	16S_fmp_pre_F12	300	PAIRED	AMPLICON	METAGENOMIC	PCR	175082	105287251	Teagasc Food Research Centre;Ireland;TEAGASC	2018-07-19	2018-11-16	Illumina MiSeq paired end sequencing	BBC study	ena-STUDY-TEAGASC-19-05-2018-07:51:28:007-360	ena-EXPERIMENT-TEAGASC-19-05-2018-10:18:46:103-11	ena-RUN-TEAGASC-19-05-2018-10:18:46:103-11	31436131;37439392	c958c856d907eb299fc4e2817a27fe57;40c65c59187e14416796fed6625a8be1	ftp.sra.ebi.ac.uk/vol1/fastq/ERR258/006/ERR2587716/ERR2587716_1.fastq.gz;ftp.sra.ebi.ac.uk/vol1/fastq/ERR258/006/ERR2587716/ERR2587716_2.fastq.gz	fasp.sra.ebi.ac.uk:/vol1/fastq/ERR258/006/ERR2587716/ERR2587716_1.fastq.gz;fasp.sra.ebi.ac.uk:/vol1/fastq/ERR258/006/ERR2587716/ERR2587716_2.fastq.gz	ftp.sra.ebi.ac.uk/vol1/fastq/ERR258/006/ERR2587716/ERR2587716_1.fastq.gz;ftp.sra.ebi.ac.uk/vol1/fastq/ERR258/006/ERR2587716/ERR2587716_2.fastq.gz	43140622;48274826	f8930e5f87fac3bf3b0acd531a01b9c0;72d503c3d0cf7099c4d3aba81f712e14	ftp.sra.ebi.ac.uk/vol1/run/ERR258/ERR2587716/16S_fmp_pre_F12_S114_L001_R1_001.fastq.gz;ftp.sra.ebi.ac.uk/vol1/run/ERR258/ERR2587716/16S_fmp_pre_F12_S114_L001_R2_001.fastq.gz	fasp.sra.ebi.ac.uk:/vol1/run/ERR258/ERR2587716/16S_fmp_pre_F12_S114_L001_R1_001.fastq.gz;fasp.sra.ebi.ac.uk:/vol1/run/ERR258/ERR2587716/16S_fmp_pre_F12_S114_L001_R2_001.fastq.gz	ftp.sra.ebi.ac.uk/vol1/run/ERR258/ERR2587716/16S_fmp_pre_F12_S114_L001_R1_001.fastq.gz;ftp.sra.ebi.ac.uk/vol1/run/ERR258/ERR2587716/16S_fmp_pre_F12_S114_L001_R2_001.fastq.gz	FASTQ;FASTQ	74883144	a5100ba57f7bf166de54ad2bc6c9bd75	ftp.sra.ebi.ac.uk/vol1/err/ERR258/006/ERR2587716	fasp.sra.ebi.ac.uk:/vol1/err/ERR258/006/ERR2587716	ftp.sra.ebi.ac.uk/vol1/err/ERR258/006/ERR2587716	16S_fmp_pre_F12		16S_fmp_pre_F12		2018-05-19			
ERR2587720	ERP108869	SAMEA4670409	ERS2491022	ERX2603996	PRJEB26842	ERA1489867	1326787	fermentation metagenome	ILLUMINA	Illumina MiSeq	16S_fmp_pre_F22	300	PAIRED	AMPLICON	METAGENOMIC	PCR	230662	138729740	Teagasc Food Research Centre;Ireland;TEAGASC	2018-07-19	2018-11-16	Illumina MiSeq paired end sequencing	BBC study	ena-STUDY-TEAGASC-19-05-2018-07:51:28:007-360	ena-EXPERIMENT-TEAGASC-19-05-2018-10:18:46:104-15	ena-RUN-TEAGASC-19-05-2018-10:18:46:104-15	40245139;46970408	35de80e7c1f95649fd0183cf9f61ec73;0447ed01419748c2200d56452d023c09	ftp.sra.ebi.ac.uk/vol1/fastq/ERR258/000/ERR2587720/ERR2587720_1.fastq.gz;ftp.sra.ebi.ac.uk/vol1/fastq/ERR258/000/ERR2587720/ERR2587720_2.fastq.gz	fasp.sra.ebi.ac.uk:/vol1/fastq/ERR258/000/ERR2587720/ERR2587720_1.fastq.gz;fasp.sra.ebi.ac.uk:/vol1/fastq/ERR258/000/ERR2587720/ERR2587720_2.fastq.gz	ftp.sra.ebi.ac.uk/vol1/fastq/ERR258/000/ERR2587720/ERR2587720_1.fastq.gz;ftp.sra.ebi.ac.uk/vol1/fastq/ERR258/000/ERR2587720/ERR2587720_2.fastq.gz	55699297;61736876	897fb6e1a6ab8dd933f9429dfafa1463;249d3250a3237ebc28352b881e2d72f1	ftp.sra.ebi.ac.uk/vol1/run/ERR258/ERR2587720/16S_fmp_pre_F22_S124_L001_R1_001.fastq.gz;ftp.sra.ebi.ac.uk/vol1/run/ERR258/ERR2587720/16S_fmp_pre_F22_S124_L001_R2_001.fastq.gz	fasp.sra.ebi.ac.uk:/vol1/run/ERR258/ERR2587720/16S_fmp_pre_F22_S124_L001_R1_001.fastq.gz;fasp.sra.ebi.ac.uk:/vol1/run/ERR258/ERR2587720/16S_fmp_pre_F22_S124_L001_R2_001.fastq.gz	ftp.sra.ebi.ac.uk/vol1/run/ERR258/ERR2587720/16S_fmp_pre_F22_S124_L001_R1_001.fastq.gz;ftp.sra.ebi.ac.uk/vol1/run/ERR258/ERR2587720/16S_fmp_pre_F22_S124_L001_R2_001.fastq.gz	FASTQ;FASTQ	96293827	642a1d7918389ad9f375087d64a8bbb8	ftp.sra.ebi.ac.uk/vol1/err/ERR258/000/ERR2587720	fasp.sra.ebi.ac.uk:/vol1/err/ERR258/000/ERR2587720	ftp.sra.ebi.ac.uk/vol1/err/ERR258/000/ERR2587720	16S_fmp_pre_F20		16S_fmp_pre_F20		2018-05-19			
ERR2587722	ERP108869	SAMEA4670411	ERS2491024	ERX2603998	PRJEB26842	ERA1489867	1326787	fermentation metagenome	ILLUMINA	Illumina MiSeq	16S_fmp_pre_F28	300	PAIRED	AMPLICON	METAGENOMIC	PCR	116056	69804659	Teagasc Food Research Centre;Ireland;TEAGASC	2018-07-19	2018-11-16	Illumina MiSeq paired end sequencing	BBC study	ena-STUDY-TEAGASC-19-05-2018-07:51:28:007-360	ena-EXPERIMENT-TEAGASC-19-05-2018-10:18:46:104-17	ena-RUN-TEAGASC-19-05-2018-10:18:46:104-17	19229615;23611024	44aa3535f73cbccd7f151e19020b4cd1;9c2bdf79a001ad7e1e990e9d4b263069	ftp.sra.ebi.ac.uk/vol1/fastq/ERR258/002/ERR2587722/ERR2587722_1.fastq.gz;ftp.sra.ebi.ac.uk/vol1/fastq/ERR258/002/ERR2587722/ERR2587722_2.fastq.gz	fasp.sra.ebi.ac.uk:/vol1/fastq/ERR258/002/ERR2587722/ERR2587722_1.fastq.gz;fasp.sra.ebi.ac.uk:/vol1/fastq/ERR258/002/ERR2587722/ERR2587722_2.fastq.gz	ftp.sra.ebi.ac.uk/vol1/fastq/ERR258/002/ERR2587722/ERR2587722_1.fastq.gz;ftp.sra.ebi.ac.uk/vol1/fastq/ERR258/002/ERR2587722/ERR2587722_2.fastq.gz	26251010;30510966	bf110ca1d95cef57eae31eb8d9a3bfa3;b59c117321d582372f93e466f8a4eaf3	ftp.sra.ebi.ac.uk/vol1/run/ERR258/ERR2587722/16S_fmp_pre_F28_S129_L001_R1_001.fastq.gz;ftp.sra.ebi.ac.uk/vol1/run/ERR258/ERR2587722/16S_fmp_pre_F28_S129_L001_R2_001.fastq.gz	fasp.sra.ebi.ac.uk:/vol1/run/ERR258/ERR2587722/16S_fmp_pre_F28_S129_L001_R1_001.fastq.gz;fasp.sra.ebi.ac.uk:/vol1/run/ERR258/ERR2587722/16S_fmp_pre_F28_S129_L001_R2_001.fastq.gz	ftp.sra.ebi.ac.uk/vol1/run/ERR258/ERR2587722/16S_fmp_pre_F28_S129_L001_R1_001.fastq.gz;ftp.sra.ebi.ac.uk/vol1/run/ERR258/ERR2587722/16S_fmp_pre_F28_S129_L001_R2_001.fastq.gz	FASTQ;FASTQ	47900231	f4719cb170cbfee95e094d53db4e18a6	ftp.sra.ebi.ac.uk/vol1/err/ERR258/002/ERR2587722	fasp.sra.ebi.ac.uk:/vol1/err/ERR258/002/ERR2587722	ftp.sra.ebi.ac.uk/vol1/err/ERR258/002/ERR2587722	16S_fmp_pre_F25		16S_fmp_pre_F25		2018-05-19			
ERR2587728	ERP108869	SAMEA4670418	ERS2491031	ERX2604004	PRJEB26842	ERA1489867	1326787	fermentation metagenome	ILLUMINA	Illumina MiSeq	16S_inulin_post_I16	300	PAIRED	AMPLICON	METAGENOMIC	PCR	142929	85963684	Teagasc Food Research Centre;Ireland;TEAGASC	2018-07-19	2018-11-16	Illumina MiSeq paired end sequencing	BBC study	ena-STUDY-TEAGASC-19-05-2018-07:51:28:007-360	ena-EXPERIMENT-TEAGASC-19-05-2018-10:18:46:104-23	ena-RUN-TEAGASC-19-05-2018-10:18:46:104-23	24699039;29248958	38f787145502140a290b99d2b37fa8b1;a20fa89db184c6dcd6de1bdbaf36aa78	ftp.sra.ebi.ac.uk/vol1/fastq/ERR258/008/ERR2587728/ERR2587728_1.fastq.gz;ftp.sra.ebi.ac.uk/vol1/fastq/ERR258/008/ERR2587728/ERR2587728_2.fastq.gz	fasp.sra.ebi.ac.uk:/vol1/fastq/ERR258/008/ERR2587728/ERR2587728_1.fastq.gz;fasp.sra.ebi.ac.uk:/vol1/fastq/ERR258/008/ERR2587728/ERR2587728_2.fastq.gz	ftp.sra.ebi.ac.uk/vol1/fastq/ERR258/008/ERR2587728/ERR2587728_1.fastq.gz;ftp.sra.ebi.ac.uk/vol1/fastq/ERR258/008/ERR2587728/ERR2587728_2.fastq.gz	33837678;37892619	a7fd40963a074a03f9b065b38e225c4d;62db039afa0d93ffff5f77bcd3a4d862	ftp.sra.ebi.ac.uk/vol1/run/ERR258/ERR2587728/16S_inulin_post_I16_S88_L001_R1_001.fastq.gz;ftp.sra.ebi.ac.uk/vol1/run/ERR258/ERR2587728/16S_inulin_post_I16_S88_L001_R2_001.fastq.gz	fasp.sra.ebi.ac.uk:/vol1/run/ERR258/ERR2587728/16S_inulin_post_I16_S88_L001_R1_001.fastq.gz;fasp.sra.ebi.ac.uk:/vol1/run/ERR258/ERR2587728/16S_inulin_post_I16_S88_L001_R2_001.fastq.gz	ftp.sra.ebi.ac.uk/vol1/run/ERR258/ERR2587728/16S_inulin_post_I16_S88_L001_R1_001.fastq.gz;ftp.sra.ebi.ac.uk/vol1/run/ERR258/ERR2587728/16S_inulin_post_I16_S88_L001_R2_001.fastq.gz	FASTQ;FASTQ	59197762	b8d415bea55729dad84e3a99cbc709d3	ftp.sra.ebi.ac.uk/vol1/err/ERR258/008/ERR2587728	fasp.sra.ebi.ac.uk:/vol1/err/ERR258/008/ERR2587728	ftp.sra.ebi.ac.uk/vol1/err/ERR258/008/ERR2587728	16S_inulin_post_I16		16S_inulin_post_I16		2018-05-19			
ERR2587730	ERP108869	SAMEA4670420	ERS2491033	ERX2604006	PRJEB26842	ERA1489867	1326787	fermentation metagenome	ILLUMINA	Illumina MiSeq	16S_inulin_post_I21	300	PAIRED	AMPLICON	METAGENOMIC	PCR	346712	208514746	Teagasc Food Research Centre;Ireland;TEAGASC	2018-07-19	2018-11-16	Illumina MiSeq paired end sequencing	BBC study	ena-STUDY-TEAGASC-19-05-2018-07:51:28:007-360	ena-EXPERIMENT-TEAGASC-19-05-2018-10:18:46:104-25	ena-RUN-TEAGASC-19-05-2018-10:18:46:104-25	61060618;74861749	d979bf2f1ae6549111fe1eae88075705;1e3ce9446a5e317b93fd0f23961875d6	ftp.sra.ebi.ac.uk/vol1/fastq/ERR258/000/ERR2587730/ERR2587730_1.fastq.gz;ftp.sra.ebi.ac.uk/vol1/fastq/ERR258/000/ERR2587730/ERR2587730_2.fastq.gz	fasp.sra.ebi.ac.uk:/vol1/fastq/ERR258/000/ERR2587730/ERR2587730_1.fastq.gz;fasp.sra.ebi.ac.uk:/vol1/fastq/ERR258/000/ERR2587730/ERR2587730_2.fastq.gz	ftp.sra.ebi.ac.uk/vol1/fastq/ERR258/000/ERR2587730/ERR2587730_1.fastq.gz;ftp.sra.ebi.ac.uk/vol1/fastq/ERR258/000/ERR2587730/ERR2587730_2.fastq.gz	85358221;96932184	1c5d72ee3ef65e744322089ad77f7acf;4f4f21e538977dae06f1175383f8aa45	ftp.sra.ebi.ac.uk/vol1/run/ERR258/ERR2587730/16S_inulin_post_I21_S93_L001_R1_001.fastq.gz;ftp.sra.ebi.ac.uk/vol1/run/ERR258/ERR2587730/16S_inulin_post_I21_S93_L001_R2_001.fastq.gz	fasp.sra.ebi.ac.uk:/vol1/run/ERR258/ERR2587730/16S_inulin_post_I21_S93_L001_R1_001.fastq.gz;fasp.sra.ebi.ac.uk:/vol1/run/ERR258/ERR2587730/16S_inulin_post_I21_S93_L001_R2_001.fastq.gz	ftp.sra.ebi.ac.uk/vol1/run/ERR258/ERR2587730/16S_inulin_post_I21_S93_L001_R1_001.fastq.gz;ftp.sra.ebi.ac.uk/vol1/run/ERR258/ERR2587730/16S_inulin_post_I21_S93_L001_R2_001.fastq.gz	FASTQ;FASTQ	146851320	29150c9ddcdb33492c2499a8769f1ccf	ftp.sra.ebi.ac.uk/vol1/err/ERR258/000/ERR2587730	fasp.sra.ebi.ac.uk:/vol1/err/ERR258/000/ERR2587730	ftp.sra.ebi.ac.uk/vol1/err/ERR258/000/ERR2587730	16S_inulin_post_I21		16S_inulin_post_I21		2018-05-19			
ERR2587732	ERP108869	SAMEA4670422	ERS2491035	ERX2604008	PRJEB26842	ERA1489867	1326787	fermentation metagenome	ILLUMINA	Illumina MiSeq	16S_inulin_post_I26	300	PAIRED	AMPLICON	METAGENOMIC	PCR	177063	106479356	Teagasc Food Research Centre;Ireland;TEAGASC	2018-07-19	2018-11-16	Illumina MiSeq paired end sequencing	BBC study	ena-STUDY-TEAGASC-19-05-2018-07:51:28:007-360	ena-EXPERIMENT-TEAGASC-19-05-2018-10:18:46:104-27	ena-RUN-TEAGASC-19-05-2018-10:18:46:104-27	30664329;36329517	bb660e23b77046677d6422036a2d343b;dfbe423327a8244eed616f47f5427235	ftp.sra.ebi.ac.uk/vol1/fastq/ERR258/002/ERR2587732/ERR2587732_1.fastq.gz;ftp.sra.ebi.ac.uk/vol1/fastq/ERR258/002/ERR2587732/ERR2587732_2.fastq.gz	fasp.sra.ebi.ac.uk:/vol1/fastq/ERR258/002/ERR2587732/ERR2587732_1.fastq.gz;fasp.sra.ebi.ac.uk:/vol1/fastq/ERR258/002/ERR2587732/ERR2587732_2.fastq.gz	ftp.sra.ebi.ac.uk/vol1/fastq/ERR258/002/ERR2587732/ERR2587732_1.fastq.gz;ftp.sra.ebi.ac.uk/vol1/fastq/ERR258/002/ERR2587732/ERR2587732_2.fastq.gz	42104930;47378997	ed8cfa6160cc5ab6c2466490928f9832;a5789ebb167d0080e4679b05db9dcdfb	ftp.sra.ebi.ac.uk/vol1/run/ERR258/ERR2587732/16S_inulin_post_I26_S98_L001_R1_001.fastq.gz;ftp.sra.ebi.ac.uk/vol1/run/ERR258/ERR2587732/16S_inulin_post_I26_S98_L001_R2_001.fastq.gz	fasp.sra.ebi.ac.uk:/vol1/run/ERR258/ERR2587732/16S_inulin_post_I26_S98_L001_R1_001.fastq.gz;fasp.sra.ebi.ac.uk:/vol1/run/ERR258/ERR2587732/16S_inulin_post_I26_S98_L001_R2_001.fastq.gz	ftp.sra.ebi.ac.uk/vol1/run/ERR258/ERR2587732/16S_inulin_post_I26_S98_L001_R1_001.fastq.gz;ftp.sra.ebi.ac.uk/vol1/run/ERR258/ERR2587732/16S_inulin_post_I26_S98_L001_R2_001.fastq.gz	FASTQ;FASTQ	73475353	ed505252005fbf7d3704e5a83789c787	ftp.sra.ebi.ac.uk/vol1/err/ERR258/002/ERR2587732	fasp.sra.ebi.ac.uk:/vol1/err/ERR258/002/ERR2587732	ftp.sra.ebi.ac.uk/vol1/err/ERR258/002/ERR2587732	16S_inulin_post_I26		16S_inulin_post_I26		2018-05-19			
ERR2587736	ERP108869	SAMEA4670426	ERS2491039	ERX2604012	PRJEB26842	ERA1489867	1326787	fermentation metagenome	ILLUMINA	Illumina MiSeq	16S_inulin_pre_F10	300	PAIRED	AMPLICON	METAGENOMIC	PCR	202314	121674533	Teagasc Food Research Centre;Ireland;TEAGASC	2018-07-19	2018-11-16	Illumina MiSeq paired end sequencing	BBC study	ena-STUDY-TEAGASC-19-05-2018-07:51:28:007-360	ena-EXPERIMENT-TEAGASC-19-05-2018-10:18:46:104-31	ena-RUN-TEAGASC-19-05-2018-10:18:46:104-31	35586903;42254386	194b1959444b056297b6095f71114e8f;0592edc5683eba422999ec2e210d4c64	ftp.sra.ebi.ac.uk/vol1/fastq/ERR258/006/ERR2587736/ERR2587736_1.fastq.gz;ftp.sra.ebi.ac.uk/vol1/fastq/ERR258/006/ERR2587736/ERR2587736_2.fastq.gz	fasp.sra.ebi.ac.uk:/vol1/fastq/ERR258/006/ERR2587736/ERR2587736_1.fastq.gz;fasp.sra.ebi.ac.uk:/vol1/fastq/ERR258/006/ERR2587736/ERR2587736_2.fastq.gz	ftp.sra.ebi.ac.uk/vol1/fastq/ERR258/006/ERR2587736/ERR2587736_1.fastq.gz;ftp.sra.ebi.ac.uk/vol1/fastq/ERR258/006/ERR2587736/ERR2587736_2.fastq.gz	49255009;55169462	a8c4ef9c67d3720205e3ab54192353ee;31f6eefcf7ca7e66dd9f8c008e63cb3b	ftp.sra.ebi.ac.uk/vol1/run/ERR258/ERR2587736/16S_inulin_pre_F10_S112_L001_R1_001.fastq.gz;ftp.sra.ebi.ac.uk/vol1/run/ERR258/ERR2587736/16S_inulin_pre_F10_S112_L001_R2_001.fastq.gz	fasp.sra.ebi.ac.uk:/vol1/run/ERR258/ERR2587736/16S_inulin_pre_F10_S112_L001_R1_001.fastq.gz;fasp.sra.ebi.ac.uk:/vol1/run/ERR258/ERR2587736/16S_inulin_pre_F10_S112_L001_R2_001.fastq.gz	ftp.sra.ebi.ac.uk/vol1/run/ERR258/ERR2587736/16S_inulin_pre_F10_S112_L001_R1_001.fastq.gz;ftp.sra.ebi.ac.uk/vol1/run/ERR258/ERR2587736/16S_inulin_pre_F10_S112_L001_R2_001.fastq.gz	FASTQ;FASTQ	84520059	04eca50e3cb2ce76f869659cf7722a86	ftp.sra.ebi.ac.uk/vol1/err/ERR258/006/ERR2587736	fasp.sra.ebi.ac.uk:/vol1/err/ERR258/006/ERR2587736	ftp.sra.ebi.ac.uk/vol1/err/ERR258/006/ERR2587736	16S_inulin_pre_F10		16S_inulin_pre_F10		2018-05-19			
ERR2587739	ERP108869	SAMEA4670429	ERS2491042	ERX2604015	PRJEB26842	ERA1489867	1326787	fermentation metagenome	ILLUMINA	Illumina MiSeq	16S_inulin_pre_F19	300	PAIRED	AMPLICON	METAGENOMIC	PCR	257065	154610764	Teagasc Food Research Centre;Ireland;TEAGASC	2018-07-19	2018-11-16	Illumina MiSeq paired end sequencing	BBC study	ena-STUDY-TEAGASC-19-05-2018-07:51:28:007-360	ena-EXPERIMENT-TEAGASC-19-05-2018-10:18:46:104-34	ena-RUN-TEAGASC-19-05-2018-10:18:46:104-34	43920132;52614205	1a996f83d75d70fc23fedf053deb2f28;9862eef381429605e12868cd66dd6907	ftp.sra.ebi.ac.uk/vol1/fastq/ERR258/009/ERR2587739/ERR2587739_1.fastq.gz;ftp.sra.ebi.ac.uk/vol1/fastq/ERR258/009/ERR2587739/ERR2587739_2.fastq.gz	fasp.sra.ebi.ac.uk:/vol1/fastq/ERR258/009/ERR2587739/ERR2587739_1.fastq.gz;fasp.sra.ebi.ac.uk:/vol1/fastq/ERR258/009/ERR2587739/ERR2587739_2.fastq.gz	ftp.sra.ebi.ac.uk/vol1/fastq/ERR258/009/ERR2587739/ERR2587739_1.fastq.gz;ftp.sra.ebi.ac.uk/vol1/fastq/ERR258/009/ERR2587739/ERR2587739_2.fastq.gz	61203089;69130818	f991c89796e6214388041adc14a4ab5d;403fff4cfe94978dd5f4fa7684e8aeaa	ftp.sra.ebi.ac.uk/vol1/run/ERR258/ERR2587739/16S_inulin_pre_F19_S121_L001_R1_001.fastq.gz;ftp.sra.ebi.ac.uk/vol1/run/ERR258/ERR2587739/16S_inulin_pre_F19_S121_L001_R2_001.fastq.gz	fasp.sra.ebi.ac.uk:/vol1/run/ERR258/ERR2587739/16S_inulin_pre_F19_S121_L001_R1_001.fastq.gz;fasp.sra.ebi.ac.uk:/vol1/run/ERR258/ERR2587739/16S_inulin_pre_F19_S121_L001_R2_001.fastq.gz	ftp.sra.ebi.ac.uk/vol1/run/ERR258/ERR2587739/16S_inulin_pre_F19_S121_L001_R1_001.fastq.gz;ftp.sra.ebi.ac.uk/vol1/run/ERR258/ERR2587739/16S_inulin_pre_F19_S121_L001_R2_001.fastq.gz	FASTQ;FASTQ	106310378	9081ab9e5b2226a0b145d2ec9f160c4f	ftp.sra.ebi.ac.uk/vol1/err/ERR258/009/ERR2587739	fasp.sra.ebi.ac.uk:/vol1/err/ERR258/009/ERR2587739	ftp.sra.ebi.ac.uk/vol1/err/ERR258/009/ERR2587739	16S_inulin_pre_F19		16S_inulin_pre_F19		2018-05-19			
ERR2587740	ERP108869	SAMEA4670430	ERS2491043	ERX2604016	PRJEB26842	ERA1489867	1326787	fermentation metagenome	ILLUMINA	Illumina MiSeq	16S_inulin_pre_F21	300	PAIRED	AMPLICON	METAGENOMIC	PCR	256397	154200850	Teagasc Food Research Centre;Ireland;TEAGASC	2018-07-19	2018-11-16	Illumina MiSeq paired end sequencing	BBC study	ena-STUDY-TEAGASC-19-05-2018-07:51:28:007-360	ena-EXPERIMENT-TEAGASC-19-05-2018-10:18:46:104-35	ena-RUN-TEAGASC-19-05-2018-10:18:46:104-35	42272583;52465187	b5f35bec2f5eb416fd01015867d46c4a;b74fb7bb1c371d7a40a831ca7e60159c	ftp.sra.ebi.ac.uk/vol1/fastq/ERR258/000/ERR2587740/ERR2587740_1.fastq.gz;ftp.sra.ebi.ac.uk/vol1/fastq/ERR258/000/ERR2587740/ERR2587740_2.fastq.gz	fasp.sra.ebi.ac.uk:/vol1/fastq/ERR258/000/ERR2587740/ERR2587740_1.fastq.gz;fasp.sra.ebi.ac.uk:/vol1/fastq/ERR258/000/ERR2587740/ERR2587740_2.fastq.gz	ftp.sra.ebi.ac.uk/vol1/fastq/ERR258/000/ERR2587740/ERR2587740_1.fastq.gz;ftp.sra.ebi.ac.uk/vol1/fastq/ERR258/000/ERR2587740/ERR2587740_2.fastq.gz	59853883;68931973	55fb39b53fb7925523bd517b23ded932;dc3aa81bc161d691ac9ce576875c5d78	ftp.sra.ebi.ac.uk/vol1/run/ERR258/ERR2587740/16S_inulin_pre_F21_S123_L001_R1_001.fastq.gz;ftp.sra.ebi.ac.uk/vol1/run/ERR258/ERR2587740/16S_inulin_pre_F21_S123_L001_R2_001.fastq.gz	fasp.sra.ebi.ac.uk:/vol1/run/ERR258/ERR2587740/16S_inulin_pre_F21_S123_L001_R1_001.fastq.gz;fasp.sra.ebi.ac.uk:/vol1/run/ERR258/ERR2587740/16S_inulin_pre_F21_S123_L001_R2_001.fastq.gz	ftp.sra.ebi.ac.uk/vol1/run/ERR258/ERR2587740/16S_inulin_pre_F21_S123_L001_R1_001.fastq.gz;ftp.sra.ebi.ac.uk/vol1/run/ERR258/ERR2587740/16S_inulin_pre_F21_S123_L001_R2_001.fastq.gz	FASTQ;FASTQ	105840327	68679e22e9b068bbdc6c5ca83899bb29	ftp.sra.ebi.ac.uk/vol1/err/ERR258/000/ERR2587740	fasp.sra.ebi.ac.uk:/vol1/err/ERR258/000/ERR2587740	ftp.sra.ebi.ac.uk/vol1/err/ERR258/000/ERR2587740	16S_inulin_pre_F21		16S_inulin_pre_F21		2018-05-19			
ERR2587743	ERP108869	SAMEA4670433	ERS2491046	ERX2604019	PRJEB26842	ERA1489867	1326787	fermentation metagenome	ILLUMINA	Illumina MiSeq	16S_inulin_pre_F3	300	PAIRED	AMPLICON	METAGENOMIC	PCR	195004	117294511	Teagasc Food Research Centre;Ireland;TEAGASC	2018-07-19	2018-11-16	Illumina MiSeq paired end sequencing	BBC study	ena-STUDY-TEAGASC-19-05-2018-07:51:28:007-360	ena-EXPERIMENT-TEAGASC-19-05-2018-10:18:46:104-38	ena-RUN-TEAGASC-19-05-2018-10:18:46:104-38	34345880;39892047	81fd3b0f34ea5fa8eacd470e8354d4f3;d6c92a4057acfdbff032771b465ca781	ftp.sra.ebi.ac.uk/vol1/fastq/ERR258/003/ERR2587743/ERR2587743_1.fastq.gz;ftp.sra.ebi.ac.uk/vol1/fastq/ERR258/003/ERR2587743/ERR2587743_2.fastq.gz	fasp.sra.ebi.ac.uk:/vol1/fastq/ERR258/003/ERR2587743/ERR2587743_1.fastq.gz;fasp.sra.ebi.ac.uk:/vol1/fastq/ERR258/003/ERR2587743/ERR2587743_2.fastq.gz	ftp.sra.ebi.ac.uk/vol1/fastq/ERR258/003/ERR2587743/ERR2587743_1.fastq.gz;ftp.sra.ebi.ac.uk/vol1/fastq/ERR258/003/ERR2587743/ERR2587743_2.fastq.gz	47478215;52421147	b8ce0c22c1367f071fbc04da25897875;96f6a84fc86dd13431845823719e7a8b	ftp.sra.ebi.ac.uk/vol1/run/ERR258/ERR2587743/16S_inulin_pre_F3_S105_L001_R1_001.fastq.gz;ftp.sra.ebi.ac.uk/vol1/run/ERR258/ERR2587743/16S_inulin_pre_F3_S105_L001_R2_001.fastq.gz	fasp.sra.ebi.ac.uk:/vol1/run/ERR258/ERR2587743/16S_inulin_pre_F3_S105_L001_R1_001.fastq.gz;fasp.sra.ebi.ac.uk:/vol1/run/ERR258/ERR2587743/16S_inulin_pre_F3_S105_L001_R2_001.fastq.gz	ftp.sra.ebi.ac.uk/vol1/run/ERR258/ERR2587743/16S_inulin_pre_F3_S105_L001_R1_001.fastq.gz;ftp.sra.ebi.ac.uk/vol1/run/ERR258/ERR2587743/16S_inulin_pre_F3_S105_L001_R2_001.fastq.gz	FASTQ;FASTQ	81894182	d6f4a789483b3ec94ed781b30ad13608	ftp.sra.ebi.ac.uk/vol1/err/ERR258/003/ERR2587743	fasp.sra.ebi.ac.uk:/vol1/err/ERR258/003/ERR2587743	ftp.sra.ebi.ac.uk/vol1/err/ERR258/003/ERR2587743	16S_inulin_pre_F3		16S_inulin_pre_F3		2018-05-19			
ERR2587747	ERP108869	SAMEA4670436	ERS2491049	ERX2604023	PRJEB26842	ERA1489867	1326787	fermentation metagenome	ILLUMINA	Illumina MiSeq	16S_kefir_post_I14	300	PAIRED	AMPLICON	METAGENOMIC	PCR	282534	169922198	Teagasc Food Research Centre;Ireland;TEAGASC	2018-07-19	2018-11-16	Illumina MiSeq paired end sequencing	BBC study	ena-STUDY-TEAGASC-19-05-2018-07:51:28:007-360	ena-EXPERIMENT-TEAGASC-19-05-2018-10:18:46:104-42	ena-RUN-TEAGASC-19-05-2018-10:18:46:104-42	51628574;58694939	56a7eeb976ce65104bfda644b238ef57;cf8d5be122ccfca52a66a8e2dfc43e31	ftp.sra.ebi.ac.uk/vol1/fastq/ERR258/007/ERR2587747/ERR2587747_1.fastq.gz;ftp.sra.ebi.ac.uk/vol1/fastq/ERR258/007/ERR2587747/ERR2587747_2.fastq.gz	fasp.sra.ebi.ac.uk:/vol1/fastq/ERR258/007/ERR2587747/ERR2587747_1.fastq.gz;fasp.sra.ebi.ac.uk:/vol1/fastq/ERR258/007/ERR2587747/ERR2587747_2.fastq.gz	ftp.sra.ebi.ac.uk/vol1/fastq/ERR258/007/ERR2587747/ERR2587747_1.fastq.gz;ftp.sra.ebi.ac.uk/vol1/fastq/ERR258/007/ERR2587747/ERR2587747_2.fastq.gz	70537571;76653305	168c282bcc5824856c93882f337c291a;96939843d99e7d927492c189ddece5ad	ftp.sra.ebi.ac.uk/vol1/run/ERR258/ERR2587747/16S_kefir_post_I14_S86_L001_R1_001.fastq.gz;ftp.sra.ebi.ac.uk/vol1/run/ERR258/ERR2587747/16S_kefir_post_I14_S86_L001_R2_001.fastq.gz	fasp.sra.ebi.ac.uk:/vol1/run/ERR258/ERR2587747/16S_kefir_post_I14_S86_L001_R1_001.fastq.gz;fasp.sra.ebi.ac.uk:/vol1/run/ERR258/ERR2587747/16S_kefir_post_I14_S86_L001_R2_001.fastq.gz	ftp.sra.ebi.ac.uk/vol1/run/ERR258/ERR2587747/16S_kefir_post_I14_S86_L001_R1_001.fastq.gz;ftp.sra.ebi.ac.uk/vol1/run/ERR258/ERR2587747/16S_kefir_post_I14_S86_L001_R2_001.fastq.gz	FASTQ;FASTQ	118830042	00c088e02cb0c07e5d05681dc5b0fe34	ftp.sra.ebi.ac.uk/vol1/err/ERR258/007/ERR2587747	fasp.sra.ebi.ac.uk:/vol1/err/ERR258/007/ERR2587747	ftp.sra.ebi.ac.uk/vol1/err/ERR258/007/ERR2587747	16S_kefir_post_I13		16S_kefir_post_I13		2018-05-19			
ERR2587751	ERP108869	SAMEA4670441	ERS2491054	ERX2604027	PRJEB26842	ERA1489867	1326787	fermentation metagenome	ILLUMINA	Illumina MiSeq	16S_kefir_post_I29	300	PAIRED	AMPLICON	METAGENOMIC	PCR	4807	2890953	Teagasc Food Research Centre;Ireland;TEAGASC	2018-07-19	2018-11-16	Illumina MiSeq paired end sequencing	BBC study	ena-STUDY-TEAGASC-19-05-2018-07:51:28:007-360	ena-EXPERIMENT-TEAGASC-19-05-2018-10:18:46:105-46	ena-RUN-TEAGASC-19-05-2018-10:18:46:105-46	918205;1114486	2cb0e87bf5b73aa1494e617ee51f9051;381c77668d27b007835d196be7cb91b9	ftp.sra.ebi.ac.uk/vol1/fastq/ERR258/001/ERR2587751/ERR2587751_1.fastq.gz;ftp.sra.ebi.ac.uk/vol1/fastq/ERR258/001/ERR2587751/ERR2587751_2.fastq.gz	fasp.sra.ebi.ac.uk:/vol1/fastq/ERR258/001/ERR2587751/ERR2587751_1.fastq.gz;fasp.sra.ebi.ac.uk:/vol1/fastq/ERR258/001/ERR2587751/ERR2587751_2.fastq.gz	ftp.sra.ebi.ac.uk/vol1/fastq/ERR258/001/ERR2587751/ERR2587751_1.fastq.gz;ftp.sra.ebi.ac.uk/vol1/fastq/ERR258/001/ERR2587751/ERR2587751_2.fastq.gz	1197156;1369091	78e62d95baecbc349001bbf285ba5e50;ad654526057e5561c20a4f5ac879e854	ftp.sra.ebi.ac.uk/vol1/run/ERR258/ERR2587751/16S_kefir_post_I29_S101_L001_R1_001.fastq.gz;ftp.sra.ebi.ac.uk/vol1/run/ERR258/ERR2587751/16S_kefir_post_I29_S101_L001_R2_001.fastq.gz	fasp.sra.ebi.ac.uk:/vol1/run/ERR258/ERR2587751/16S_kefir_post_I29_S101_L001_R1_001.fastq.gz;fasp.sra.ebi.ac.uk:/vol1/run/ERR258/ERR2587751/16S_kefir_post_I29_S101_L001_R2_001.fastq.gz	ftp.sra.ebi.ac.uk/vol1/run/ERR258/ERR2587751/16S_kefir_post_I29_S101_L001_R1_001.fastq.gz;ftp.sra.ebi.ac.uk/vol1/run/ERR258/ERR2587751/16S_kefir_post_I29_S101_L001_R2_001.fastq.gz	FASTQ;FASTQ	2132495	2eec850ea10117b9e429168a0ac1a140	ftp.sra.ebi.ac.uk/vol1/err/ERR258/001/ERR2587751	fasp.sra.ebi.ac.uk:/vol1/err/ERR258/001/ERR2587751	ftp.sra.ebi.ac.uk/vol1/err/ERR258/001/ERR2587751	16S_kefir_post_I29		16S_kefir_post_I29		2018-05-19			
ERR2587753	ERP108869	SAMEA4670443	ERS2491056	ERX2604029	PRJEB26842	ERA1489867	1326787	fermentation metagenome	ILLUMINA	Illumina MiSeq	16S_kefir_post_I6	300	PAIRED	AMPLICON	METAGENOMIC	PCR	266917	160504127	Teagasc Food Research Centre;Ireland;TEAGASC	2018-07-19	2018-11-16	Illumina MiSeq paired end sequencing	BBC study	ena-STUDY-TEAGASC-19-05-2018-07:51:28:007-360	ena-EXPERIMENT-TEAGASC-19-05-2018-10:18:46:105-48	ena-RUN-TEAGASC-19-05-2018-10:18:46:105-48	47850324;54883306	37559d2fc3907b50620ac06ec3cd1221;a35c9524b789d688891df7d2bb87088d	ftp.sra.ebi.ac.uk/vol1/fastq/ERR258/003/ERR2587753/ERR2587753_1.fastq.gz;ftp.sra.ebi.ac.uk/vol1/fastq/ERR258/003/ERR2587753/ERR2587753_2.fastq.gz	fasp.sra.ebi.ac.uk:/vol1/fastq/ERR258/003/ERR2587753/ERR2587753_1.fastq.gz;fasp.sra.ebi.ac.uk:/vol1/fastq/ERR258/003/ERR2587753/ERR2587753_2.fastq.gz	ftp.sra.ebi.ac.uk/vol1/fastq/ERR258/003/ERR2587753/ERR2587753_1.fastq.gz;ftp.sra.ebi.ac.uk/vol1/fastq/ERR258/003/ERR2587753/ERR2587753_2.fastq.gz	65439181;71487201	f110493094127d5ed6dd2cbca13a6db2;7df022bde4d9cde71d7654336266c30d	ftp.sra.ebi.ac.uk/vol1/run/ERR258/ERR2587753/16S_kefir_post_I6_S78_L001_R1_001.fastq.gz;ftp.sra.ebi.ac.uk/vol1/run/ERR258/ERR2587753/16S_kefir_post_I6_S78_L001_R2_001.fastq.gz	fasp.sra.ebi.ac.uk:/vol1/run/ERR258/ERR2587753/16S_kefir_post_I6_S78_L001_R1_001.fastq.gz;fasp.sra.ebi.ac.uk:/vol1/run/ERR258/ERR2587753/16S_kefir_post_I6_S78_L001_R2_001.fastq.gz	ftp.sra.ebi.ac.uk/vol1/run/ERR258/ERR2587753/16S_kefir_post_I6_S78_L001_R1_001.fastq.gz;ftp.sra.ebi.ac.uk/vol1/run/ERR258/ERR2587753/16S_kefir_post_I6_S78_L001_R2_001.fastq.gz	FASTQ;FASTQ	112600143	5488440f3fa238db766ab9047d49eb1b	ftp.sra.ebi.ac.uk/vol1/err/ERR258/003/ERR2587753	fasp.sra.ebi.ac.uk:/vol1/err/ERR258/003/ERR2587753	ftp.sra.ebi.ac.uk/vol1/err/ERR258/003/ERR2587753	16S_kefir_post_I6		16S_kefir_post_I6		2018-05-19			
ERR2587754	ERP108869	SAMEA4670444	ERS2491057	ERX2604030	PRJEB26842	ERA1489867	1326787	fermentation metagenome	ILLUMINA	Illumina MiSeq	16S_kefir_post_I7	300	PAIRED	AMPLICON	METAGENOMIC	PCR	72844	43809542	Teagasc Food Research Centre;Ireland;TEAGASC	2018-07-19	2018-11-16	Illumina MiSeq paired end sequencing	BBC study	ena-STUDY-TEAGASC-19-05-2018-07:51:28:007-360	ena-EXPERIMENT-TEAGASC-19-05-2018-10:18:46:105-49	ena-RUN-TEAGASC-19-05-2018-10:18:46:105-49	12508678;14934163	94f87e0ce2634d207c0d0b3694814839;0cc6986552d59deaeb6beb5b05a95409	ftp.sra.ebi.ac.uk/vol1/fastq/ERR258/004/ERR2587754/ERR2587754_1.fastq.gz;ftp.sra.ebi.ac.uk/vol1/fastq/ERR258/004/ERR2587754/ERR2587754_2.fastq.gz	fasp.sra.ebi.ac.uk:/vol1/fastq/ERR258/004/ERR2587754/ERR2587754_1.fastq.gz;fasp.sra.ebi.ac.uk:/vol1/fastq/ERR258/004/ERR2587754/ERR2587754_2.fastq.gz	ftp.sra.ebi.ac.uk/vol1/fastq/ERR258/004/ERR2587754/ERR2587754_1.fastq.gz;ftp.sra.ebi.ac.uk/vol1/fastq/ERR258/004/ERR2587754/ERR2587754_2.fastq.gz	17196728;19348270	80068035f377abc1e42196fa93e39727;f63eb78b6b173cf21945c8f5be895e85	ftp.sra.ebi.ac.uk/vol1/run/ERR258/ERR2587754/16S_kefir_post_I7_S79_L001_R1_001.fastq.gz;ftp.sra.ebi.ac.uk/vol1/run/ERR258/ERR2587754/16S_kefir_post_I7_S79_L001_R2_001.fastq.gz	fasp.sra.ebi.ac.uk:/vol1/run/ERR258/ERR2587754/16S_kefir_post_I7_S79_L001_R1_001.fastq.gz;fasp.sra.ebi.ac.uk:/vol1/run/ERR258/ERR2587754/16S_kefir_post_I7_S79_L001_R2_001.fastq.gz	ftp.sra.ebi.ac.uk/vol1/run/ERR258/ERR2587754/16S_kefir_post_I7_S79_L001_R1_001.fastq.gz;ftp.sra.ebi.ac.uk/vol1/run/ERR258/ERR2587754/16S_kefir_post_I7_S79_L001_R2_001.fastq.gz	FASTQ;FASTQ	30172107	12d4fb64bf331775aa21b386f6416d70	ftp.sra.ebi.ac.uk/vol1/err/ERR258/004/ERR2587754	fasp.sra.ebi.ac.uk:/vol1/err/ERR258/004/ERR2587754	ftp.sra.ebi.ac.uk/vol1/err/ERR258/004/ERR2587754	16S_kefir_post_I7		16S_kefir_post_I7		2018-05-19			
ERR2587759	ERP108869	SAMEA4670449	ERS2491062	ERX2604035	PRJEB26842	ERA1489867	1326787	fermentation metagenome	ILLUMINA	Illumina MiSeq	16S_kefir_pre_F24	300	PAIRED	AMPLICON	METAGENOMIC	PCR	153182	92126064	Teagasc Food Research Centre;Ireland;TEAGASC	2018-07-19	2018-11-16	Illumina MiSeq paired end sequencing	BBC study	ena-STUDY-TEAGASC-19-05-2018-07:51:28:007-360	ena-EXPERIMENT-TEAGASC-19-05-2018-10:18:46:105-54	ena-RUN-TEAGASC-19-05-2018-10:18:46:105-54	28356178;32171235	74f8a41b9b7919b6484398630b585099;86aec8e7093703dd4e3a689055286d47	ftp.sra.ebi.ac.uk/vol1/fastq/ERR258/009/ERR2587759/ERR2587759_1.fastq.gz;ftp.sra.ebi.ac.uk/vol1/fastq/ERR258/009/ERR2587759/ERR2587759_2.fastq.gz	fasp.sra.ebi.ac.uk:/vol1/fastq/ERR258/009/ERR2587759/ERR2587759_1.fastq.gz;fasp.sra.ebi.ac.uk:/vol1/fastq/ERR258/009/ERR2587759/ERR2587759_2.fastq.gz	ftp.sra.ebi.ac.uk/vol1/fastq/ERR258/009/ERR2587759/ERR2587759_1.fastq.gz;ftp.sra.ebi.ac.uk/vol1/fastq/ERR258/009/ERR2587759/ERR2587759_2.fastq.gz	38470006;41692607	07b81861db7052287916c2aef8d04149;0f32274bdd1a856924b18e74263f3380	ftp.sra.ebi.ac.uk/vol1/run/ERR258/ERR2587759/16S_kefir_pre_F24_S126_L001_R1_001.fastq.gz;ftp.sra.ebi.ac.uk/vol1/run/ERR258/ERR2587759/16S_kefir_pre_F24_S126_L001_R2_001.fastq.gz	fasp.sra.ebi.ac.uk:/vol1/run/ERR258/ERR2587759/16S_kefir_pre_F24_S126_L001_R1_001.fastq.gz;fasp.sra.ebi.ac.uk:/vol1/run/ERR258/ERR2587759/16S_kefir_pre_F24_S126_L001_R2_001.fastq.gz	ftp.sra.ebi.ac.uk/vol1/run/ERR258/ERR2587759/16S_kefir_pre_F24_S126_L001_R1_001.fastq.gz;ftp.sra.ebi.ac.uk/vol1/run/ERR258/ERR2587759/16S_kefir_pre_F24_S126_L001_R2_001.fastq.gz	FASTQ;FASTQ	64816191	876d74f7820f43f6cec0d31b57e8e9b6	ftp.sra.ebi.ac.uk/vol1/err/ERR258/009/ERR2587759	fasp.sra.ebi.ac.uk:/vol1/err/ERR258/009/ERR2587759	ftp.sra.ebi.ac.uk/vol1/err/ERR258/009/ERR2587759	16S_kefir_pre_F24		16S_kefir_pre_F24		2018-05-19			
ERR2587761	ERP108869	SAMEA4670451	ERS2491064	ERX2604037	PRJEB26842	ERA1489867	1326787	fermentation metagenome	ILLUMINA	Illumina MiSeq	16S_kefir_pre_F30	300	PAIRED	AMPLICON	METAGENOMIC	PCR	25522	15340341	Teagasc Food Research Centre;Ireland;TEAGASC	2018-07-19	2018-11-16	Illumina MiSeq paired end sequencing	BBC study	ena-STUDY-TEAGASC-19-05-2018-07:51:28:007-360	ena-EXPERIMENT-TEAGASC-19-05-2018-10:18:46:105-56	ena-RUN-TEAGASC-19-05-2018-10:18:46:105-56	4223292;5305236	a8c7548874403273b7f683116a13c029;2d846365be11550f7a855795c9093ce7	ftp.sra.ebi.ac.uk/vol1/fastq/ERR258/001/ERR2587761/ERR2587761_1.fastq.gz;ftp.sra.ebi.ac.uk/vol1/fastq/ERR258/001/ERR2587761/ERR2587761_2.fastq.gz	fasp.sra.ebi.ac.uk:/vol1/fastq/ERR258/001/ERR2587761/ERR2587761_1.fastq.gz;fasp.sra.ebi.ac.uk:/vol1/fastq/ERR258/001/ERR2587761/ERR2587761_2.fastq.gz	ftp.sra.ebi.ac.uk/vol1/fastq/ERR258/001/ERR2587761/ERR2587761_1.fastq.gz;ftp.sra.ebi.ac.uk/vol1/fastq/ERR258/001/ERR2587761/ERR2587761_2.fastq.gz	5277400;6465836	d0dde2fa41963328bf9981e43f614920;c25dd6fbb4c5f3a7cdda2bcb7e524133	ftp.sra.ebi.ac.uk/vol1/run/ERR258/ERR2587761/16S_kefir_pre_F30_S131_L001_R1_001.fastq.gz;ftp.sra.ebi.ac.uk/vol1/run/ERR258/ERR2587761/16S_kefir_pre_F30_S131_L001_R2_001.fastq.gz	fasp.sra.ebi.ac.uk:/vol1/run/ERR258/ERR2587761/16S_kefir_pre_F30_S131_L001_R1_001.fastq.gz;fasp.sra.ebi.ac.uk:/vol1/run/ERR258/ERR2587761/16S_kefir_pre_F30_S131_L001_R2_001.fastq.gz	ftp.sra.ebi.ac.uk/vol1/run/ERR258/ERR2587761/16S_kefir_pre_F30_S131_L001_R1_001.fastq.gz;ftp.sra.ebi.ac.uk/vol1/run/ERR258/ERR2587761/16S_kefir_pre_F30_S131_L001_R2_001.fastq.gz	FASTQ;FASTQ	11017424	1da7fa75a9ab8b5c48b984a46d3d2253	ftp.sra.ebi.ac.uk/vol1/err/ERR258/001/ERR2587761	fasp.sra.ebi.ac.uk:/vol1/err/ERR258/001/ERR2587761	ftp.sra.ebi.ac.uk/vol1/err/ERR258/001/ERR2587761	16S_kefir_pre_F30		16S_kefir_pre_F30		2018-05-19			
ERR2587762	ERP108869	SAMEA4670452	ERS2491065	ERX2604038	PRJEB26842	ERA1489867	1326787	fermentation metagenome	ILLUMINA	Illumina MiSeq	16S_kefir_pre_F6	300	PAIRED	AMPLICON	METAGENOMIC	PCR	25571	15379216	Teagasc Food Research Centre;Ireland;TEAGASC	2018-07-19	2018-11-16	Illumina MiSeq paired end sequencing	BBC study	ena-STUDY-TEAGASC-19-05-2018-07:51:28:007-360	ena-EXPERIMENT-TEAGASC-19-05-2018-10:18:46:105-57	ena-RUN-TEAGASC-19-05-2018-10:18:46:105-57	4524815;5503758	df21e24af4fa3843fcdc0497c1dc5af6;d645ae45dea6e24cfef42b0eca61165a	ftp.sra.ebi.ac.uk/vol1/fastq/ERR258/002/ERR2587762/ERR2587762_1.fastq.gz;ftp.sra.ebi.ac.uk/vol1/fastq/ERR258/002/ERR2587762/ERR2587762_2.fastq.gz	fasp.sra.ebi.ac.uk:/vol1/fastq/ERR258/002/ERR2587762/ERR2587762_1.fastq.gz;fasp.sra.ebi.ac.uk:/vol1/fastq/ERR258/002/ERR2587762/ERR2587762_2.fastq.gz	ftp.sra.ebi.ac.uk/vol1/fastq/ERR258/002/ERR2587762/ERR2587762_1.fastq.gz;ftp.sra.ebi.ac.uk/vol1/fastq/ERR258/002/ERR2587762/ERR2587762_2.fastq.gz	5960333;6894465	04eb1ef97ddc6434926c186205124dba;d491d284c6984df8ab683c720ef4fa2e	ftp.sra.ebi.ac.uk/vol1/run/ERR258/ERR2587762/16S_kefir_pre_F6_S108_L001_R1_001.fastq.gz;ftp.sra.ebi.ac.uk/vol1/run/ERR258/ERR2587762/16S_kefir_pre_F6_S108_L001_R2_001.fastq.gz	fasp.sra.ebi.ac.uk:/vol1/run/ERR258/ERR2587762/16S_kefir_pre_F6_S108_L001_R1_001.fastq.gz;fasp.sra.ebi.ac.uk:/vol1/run/ERR258/ERR2587762/16S_kefir_pre_F6_S108_L001_R2_001.fastq.gz	ftp.sra.ebi.ac.uk/vol1/run/ERR258/ERR2587762/16S_kefir_pre_F6_S108_L001_R1_001.fastq.gz;ftp.sra.ebi.ac.uk/vol1/run/ERR258/ERR2587762/16S_kefir_pre_F6_S108_L001_R2_001.fastq.gz	FASTQ;FASTQ	10864526	5eeaf63d7e993a6464280e8fb0429e20	ftp.sra.ebi.ac.uk/vol1/err/ERR258/002/ERR2587762	fasp.sra.ebi.ac.uk:/vol1/err/ERR258/002/ERR2587762	ftp.sra.ebi.ac.uk/vol1/err/ERR258/002/ERR2587762	16S_kefir_pre_F6		16S_kefir_pre_F6		2018-05-19			
ERR2587766	ERP108869	SAMEA4670456	ERS2491069	ERX2604042	PRJEB26842	ERA1489867	749906	gut metagenome	ILLUMINA	NextSeq 500	shotgun_fmp_post_17	150	PAIRED	OTHER	METAGENOMIC	RANDOM	8080796	2440400392	Teagasc Food Research Centre;Ireland;TEAGASC	2018-07-19	2018-11-16	NextSeq 500 paired end sequencing	BBC study	ena-STUDY-TEAGASC-19-05-2018-07:51:28:007-360	ena-EXPERIMENT-TEAGASC-19-05-2018-10:18:46:105-61	ena-RUN-TEAGASC-19-05-2018-10:18:46:105-61	776612468;791568404	baac94eb98fd78452f8bed773f2fb462;b0e1c6b5bf7f8651ece323e3b61f1147	ftp.sra.ebi.ac.uk/vol1/fastq/ERR258/006/ERR2587766/ERR2587766_1.fastq.gz;ftp.sra.ebi.ac.uk/vol1/fastq/ERR258/006/ERR2587766/ERR2587766_2.fastq.gz	fasp.sra.ebi.ac.uk:/vol1/fastq/ERR258/006/ERR2587766/ERR2587766_1.fastq.gz;fasp.sra.ebi.ac.uk:/vol1/fastq/ERR258/006/ERR2587766/ERR2587766_2.fastq.gz	ftp.sra.ebi.ac.uk/vol1/fastq/ERR258/006/ERR2587766/ERR2587766_1.fastq.gz;ftp.sra.ebi.ac.uk/vol1/fastq/ERR258/006/ERR2587766/ERR2587766_2.fastq.gz	755663184;770566796	bb338fbfd3dc530d79d22cb4eee4dd7c;f3387964e0ef9e43d80de857fdfd68e0	ftp.sra.ebi.ac.uk/vol1/run/ERR258/ERR2587766/fmp_post_17_S34_R1_001.fastq.gz;ftp.sra.ebi.ac.uk/vol1/run/ERR258/ERR2587766/fmp_post_17_S34_R2_001.fastq.gz	fasp.sra.ebi.ac.uk:/vol1/run/ERR258/ERR2587766/fmp_post_17_S34_R1_001.fastq.gz;fasp.sra.ebi.ac.uk:/vol1/run/ERR258/ERR2587766/fmp_post_17_S34_R2_001.fastq.gz	ftp.sra.ebi.ac.uk/vol1/run/ERR258/ERR2587766/fmp_post_17_S34_R1_001.fastq.gz;ftp.sra.ebi.ac.uk/vol1/run/ERR258/ERR2587766/fmp_post_17_S34_R2_001.fastq.gz	FASTQ;FASTQ	1096136197	423065a02284d8644b333ef513500dd9	ftp.sra.ebi.ac.uk/vol1/err/ERR258/006/ERR2587766	fasp.sra.ebi.ac.uk:/vol1/err/ERR258/006/ERR2587766	ftp.sra.ebi.ac.uk/vol1/err/ERR258/006/ERR2587766	shotgun_fmp_post_17		shotgun_fmp_post_17		2018-05-19			
ERR2587768	ERP108869	SAMEA4670458	ERS2491071	ERX2604044	PRJEB26842	ERA1489867	749906	gut metagenome	ILLUMINA	NextSeq 500	shotgun_fmp_post_21	150	PAIRED	OTHER	METAGENOMIC	RANDOM	9030914	2727336028	Teagasc Food Research Centre;Ireland;TEAGASC	2018-07-19	2018-11-16	NextSeq 500 paired end sequencing	BBC study	ena-STUDY-TEAGASC-19-05-2018-07:51:28:007-360	ena-EXPERIMENT-TEAGASC-19-05-2018-10:18:46:105-63	ena-RUN-TEAGASC-19-05-2018-10:18:46:105-63	864935597;887173439	6f10f97b3fd93e4f311cbf6b01990c69;b26b6cbf230812e91b33ad5b09e928f9	ftp.sra.ebi.ac.uk/vol1/fastq/ERR258/008/ERR2587768/ERR2587768_1.fastq.gz;ftp.sra.ebi.ac.uk/vol1/fastq/ERR258/008/ERR2587768/ERR2587768_2.fastq.gz	fasp.sra.ebi.ac.uk:/vol1/fastq/ERR258/008/ERR2587768/ERR2587768_1.fastq.gz;fasp.sra.ebi.ac.uk:/vol1/fastq/ERR258/008/ERR2587768/ERR2587768_2.fastq.gz	ftp.sra.ebi.ac.uk/vol1/fastq/ERR258/008/ERR2587768/ERR2587768_1.fastq.gz;ftp.sra.ebi.ac.uk/vol1/fastq/ERR258/008/ERR2587768/ERR2587768_2.fastq.gz	841546698;863716990	4447e26850e76612d2560662737324e5;7762b51e658cc784945ff6f5f68babd1	ftp.sra.ebi.ac.uk/vol1/run/ERR258/ERR2587768/fmp_post_24_S48_R1_001.fastq.gz;ftp.sra.ebi.ac.uk/vol1/run/ERR258/ERR2587768/fmp_post_24_S48_R2_001.fastq.gz	fasp.sra.ebi.ac.uk:/vol1/run/ERR258/ERR2587768/fmp_post_24_S48_R1_001.fastq.gz;fasp.sra.ebi.ac.uk:/vol1/run/ERR258/ERR2587768/fmp_post_24_S48_R2_001.fastq.gz	ftp.sra.ebi.ac.uk/vol1/run/ERR258/ERR2587768/fmp_post_24_S48_R1_001.fastq.gz;ftp.sra.ebi.ac.uk/vol1/run/ERR258/ERR2587768/fmp_post_24_S48_R2_001.fastq.gz	FASTQ;FASTQ	1221028898	7b08a3e523bb6a7f3f55840695561d95	ftp.sra.ebi.ac.uk/vol1/err/ERR258/008/ERR2587768	fasp.sra.ebi.ac.uk:/vol1/err/ERR258/008/ERR2587768	ftp.sra.ebi.ac.uk/vol1/err/ERR258/008/ERR2587768	shotgun_fmp_post_21		shotgun_fmp_post_21		2018-05-19			
ERR2587777	ERP108869	SAMEA4670467	ERS2491080	ERX2604053	PRJEB26842	ERA1489867	749906	gut metagenome	ILLUMINA	NextSeq 500	shotgun_fmp_pre_2	150	PAIRED	OTHER	METAGENOMIC	RANDOM	7619670	2301140340	Teagasc Food Research Centre;Ireland;TEAGASC	2018-07-19	2018-11-16	NextSeq 500 paired end sequencing	BBC study	ena-STUDY-TEAGASC-19-05-2018-07:51:28:007-360	ena-EXPERIMENT-TEAGASC-19-05-2018-10:18:46:105-72	ena-RUN-TEAGASC-19-05-2018-10:18:46:105-72	739802116;756408036	bd0f3ef43c63b0a918feede47467562d;da072e985a59e9d1c32fa93ade021b32	ftp.sra.ebi.ac.uk/vol1/fastq/ERR258/007/ERR2587777/ERR2587777_1.fastq.gz;ftp.sra.ebi.ac.uk/vol1/fastq/ERR258/007/ERR2587777/ERR2587777_2.fastq.gz	fasp.sra.ebi.ac.uk:/vol1/fastq/ERR258/007/ERR2587777/ERR2587777_1.fastq.gz;fasp.sra.ebi.ac.uk:/vol1/fastq/ERR258/007/ERR2587777/ERR2587777_2.fastq.gz	ftp.sra.ebi.ac.uk/vol1/fastq/ERR258/007/ERR2587777/ERR2587777_1.fastq.gz;ftp.sra.ebi.ac.uk/vol1/fastq/ERR258/007/ERR2587777/ERR2587777_2.fastq.gz	720240140;736835130	a92b24ff25e14c5d2c1c5050f414b91b;444e66509e03126d558f5360aada477e	ftp.sra.ebi.ac.uk/vol1/run/ERR258/ERR2587777/fmp_pre_21_S41_R1_001.fastq.gz;ftp.sra.ebi.ac.uk/vol1/run/ERR258/ERR2587777/fmp_pre_21_S41_R2_001.fastq.gz	fasp.sra.ebi.ac.uk:/vol1/run/ERR258/ERR2587777/fmp_pre_21_S41_R1_001.fastq.gz;fasp.sra.ebi.ac.uk:/vol1/run/ERR258/ERR2587777/fmp_pre_21_S41_R2_001.fastq.gz	ftp.sra.ebi.ac.uk/vol1/run/ERR258/ERR2587777/fmp_pre_21_S41_R1_001.fastq.gz;ftp.sra.ebi.ac.uk/vol1/run/ERR258/ERR2587777/fmp_pre_21_S41_R2_001.fastq.gz	FASTQ;FASTQ	1044039528	d3eeb83096df03b2e9cf29615da7f0d9	ftp.sra.ebi.ac.uk/vol1/err/ERR258/007/ERR2587777	fasp.sra.ebi.ac.uk:/vol1/err/ERR258/007/ERR2587777	ftp.sra.ebi.ac.uk/vol1/err/ERR258/007/ERR2587777	shotgun_fmp_pre_2		shotgun_fmp_pre_2		2018-05-19			
ERR2587778	ERP108869	SAMEA4670468	ERS2491081	ERX2604054	PRJEB26842	ERA1489867	749906	gut metagenome	ILLUMINA	NextSeq 500	shotgun_fmp_pre_21	150	PAIRED	OTHER	METAGENOMIC	RANDOM	8919263	2693617426	Teagasc Food Research Centre;Ireland;TEAGASC	2018-07-19	2018-11-16	NextSeq 500 paired end sequencing	BBC study	ena-STUDY-TEAGASC-19-05-2018-07:51:28:007-360	ena-EXPERIMENT-TEAGASC-19-05-2018-10:18:46:105-73	ena-RUN-TEAGASC-19-05-2018-10:18:46:105-73	849218081;872311197	0876a4ca2d5d4e4364c22c8d7544e5ad;57b3f14ae63bb787c8b55a3127074304	ftp.sra.ebi.ac.uk/vol1/fastq/ERR258/008/ERR2587778/ERR2587778_1.fastq.gz;ftp.sra.ebi.ac.uk/vol1/fastq/ERR258/008/ERR2587778/ERR2587778_2.fastq.gz	fasp.sra.ebi.ac.uk:/vol1/fastq/ERR258/008/ERR2587778/ERR2587778_1.fastq.gz;fasp.sra.ebi.ac.uk:/vol1/fastq/ERR258/008/ERR2587778/ERR2587778_2.fastq.gz	ftp.sra.ebi.ac.uk/vol1/fastq/ERR258/008/ERR2587778/ERR2587778_1.fastq.gz;ftp.sra.ebi.ac.uk/vol1/fastq/ERR258/008/ERR2587778/ERR2587778_2.fastq.gz	826243394;849248478	8f5bfde48bed0d9f51913b33176c16eb;e629afcb035ed6ae87b47be8903d77cb	ftp.sra.ebi.ac.uk/vol1/run/ERR258/ERR2587778/fmp_pre_24_S47_R1_001.fastq.gz;ftp.sra.ebi.ac.uk/vol1/run/ERR258/ERR2587778/fmp_pre_24_S47_R2_001.fastq.gz	fasp.sra.ebi.ac.uk:/vol1/run/ERR258/ERR2587778/fmp_pre_24_S47_R1_001.fastq.gz;fasp.sra.ebi.ac.uk:/vol1/run/ERR258/ERR2587778/fmp_pre_24_S47_R2_001.fastq.gz	ftp.sra.ebi.ac.uk/vol1/run/ERR258/ERR2587778/fmp_pre_24_S47_R1_001.fastq.gz;ftp.sra.ebi.ac.uk/vol1/run/ERR258/ERR2587778/fmp_pre_24_S47_R2_001.fastq.gz	FASTQ;FASTQ	1201666451	75196581e14c3aaefb95bbba36ecb4af	ftp.sra.ebi.ac.uk/vol1/err/ERR258/008/ERR2587778	fasp.sra.ebi.ac.uk:/vol1/err/ERR258/008/ERR2587778	ftp.sra.ebi.ac.uk/vol1/err/ERR258/008/ERR2587778	shotgun_fmp_pre_21		shotgun_fmp_pre_21		2018-05-19			
ERR2587779	ERP108869	SAMEA4670469	ERS2491082	ERX2604055	PRJEB26842	ERA1489867	749906	gut metagenome	ILLUMINA	NextSeq 500	shotgun_fmp_pre_24	150	PAIRED	OTHER	METAGENOMIC	RANDOM	3538767	1068707634	Teagasc Food Research Centre;Ireland;TEAGASC	2018-07-19	2018-11-16	NextSeq 500 paired end sequencing	BBC study	ena-STUDY-TEAGASC-19-05-2018-07:51:28:007-360	ena-EXPERIMENT-TEAGASC-19-05-2018-10:18:46:105-74	ena-RUN-TEAGASC-19-05-2018-10:18:46:105-74	347781713;354888099	65a55671e0a72342ba0b1ae21b721ed3;b499ab5b9b8bf03bf680be7d19a61356	ftp.sra.ebi.ac.uk/vol1/fastq/ERR258/009/ERR2587779/ERR2587779_1.fastq.gz;ftp.sra.ebi.ac.uk/vol1/fastq/ERR258/009/ERR2587779/ERR2587779_2.fastq.gz	fasp.sra.ebi.ac.uk:/vol1/fastq/ERR258/009/ERR2587779/ERR2587779_1.fastq.gz;fasp.sra.ebi.ac.uk:/vol1/fastq/ERR258/009/ERR2587779/ERR2587779_2.fastq.gz	ftp.sra.ebi.ac.uk/vol1/fastq/ERR258/009/ERR2587779/ERR2587779_1.fastq.gz;ftp.sra.ebi.ac.uk/vol1/fastq/ERR258/009/ERR2587779/ERR2587779_2.fastq.gz	338782665;345893014	49687f781ca8d64c8b0d90320f1d0f52;9eb311f031be1ae9c0473867c24653b5	ftp.sra.ebi.ac.uk/vol1/run/ERR258/ERR2587779/fmp_pre_26_S51_R1_001.fastq.gz;ftp.sra.ebi.ac.uk/vol1/run/ERR258/ERR2587779/fmp_pre_26_S51_R2_001.fastq.gz	fasp.sra.ebi.ac.uk:/vol1/run/ERR258/ERR2587779/fmp_pre_26_S51_R1_001.fastq.gz;fasp.sra.ebi.ac.uk:/vol1/run/ERR258/ERR2587779/fmp_pre_26_S51_R2_001.fastq.gz	ftp.sra.ebi.ac.uk/vol1/run/ERR258/ERR2587779/fmp_pre_26_S51_R1_001.fastq.gz;ftp.sra.ebi.ac.uk/vol1/run/ERR258/ERR2587779/fmp_pre_26_S51_R2_001.fastq.gz	FASTQ;FASTQ	488943299	110f51fb4acca167707d0a9c87a9deca	ftp.sra.ebi.ac.uk/vol1/err/ERR258/009/ERR2587779	fasp.sra.ebi.ac.uk:/vol1/err/ERR258/009/ERR2587779	ftp.sra.ebi.ac.uk/vol1/err/ERR258/009/ERR2587779	shotgun_fmp_pre_24		shotgun_fmp_pre_24		2018-05-19			
ERR2587780	ERP108869	SAMEA4670470	ERS2491083	ERX2604056	PRJEB26842	ERA1489867	749906	gut metagenome	ILLUMINA	NextSeq 500	shotgun_fmp_pre_26	150	PAIRED	OTHER	METAGENOMIC	RANDOM	8639706	2609191212	Teagasc Food Research Centre;Ireland;TEAGASC	2018-07-19	2018-11-16	NextSeq 500 paired end sequencing	BBC study	ena-STUDY-TEAGASC-19-05-2018-07:51:28:007-360	ena-EXPERIMENT-TEAGASC-19-05-2018-10:18:46:106-75	ena-RUN-TEAGASC-19-05-2018-10:18:46:106-75	821982580;839250989	9bc0353c18afac3c6a50ba0c1894ab54;954ebc6b6104520611fdc8d1945f31db	ftp.sra.ebi.ac.uk/vol1/fastq/ERR258/000/ERR2587780/ERR2587780_1.fastq.gz;ftp.sra.ebi.ac.uk/vol1/fastq/ERR258/000/ERR2587780/ERR2587780_2.fastq.gz	fasp.sra.ebi.ac.uk:/vol1/fastq/ERR258/000/ERR2587780/ERR2587780_1.fastq.gz;fasp.sra.ebi.ac.uk:/vol1/fastq/ERR258/000/ERR2587780/ERR2587780_2.fastq.gz	ftp.sra.ebi.ac.uk/vol1/fastq/ERR258/000/ERR2587780/ERR2587780_1.fastq.gz;ftp.sra.ebi.ac.uk/vol1/fastq/ERR258/000/ERR2587780/ERR2587780_2.fastq.gz	799628853;816776393	88c7ceb62b8f18da8fc1c1d6d89c5395;ee16ed3d57f1baa8d504151d28796b90	ftp.sra.ebi.ac.uk/vol1/run/ERR258/ERR2587780/fmp_pre_29_S56_R1_001.fastq.gz;ftp.sra.ebi.ac.uk/vol1/run/ERR258/ERR2587780/fmp_pre_29_S56_R2_001.fastq.gz	fasp.sra.ebi.ac.uk:/vol1/run/ERR258/ERR2587780/fmp_pre_29_S56_R1_001.fastq.gz;fasp.sra.ebi.ac.uk:/vol1/run/ERR258/ERR2587780/fmp_pre_29_S56_R2_001.fastq.gz	ftp.sra.ebi.ac.uk/vol1/run/ERR258/ERR2587780/fmp_pre_29_S56_R1_001.fastq.gz;ftp.sra.ebi.ac.uk/vol1/run/ERR258/ERR2587780/fmp_pre_29_S56_R2_001.fastq.gz	FASTQ;FASTQ	1163644437	3ba3db4b5dca45fb73035e76575adf6d	ftp.sra.ebi.ac.uk/vol1/err/ERR258/000/ERR2587780	fasp.sra.ebi.ac.uk:/vol1/err/ERR258/000/ERR2587780	ftp.sra.ebi.ac.uk/vol1/err/ERR258/000/ERR2587780	shotgun_fmp_pre_26		shotgun_fmp_pre_26		2018-05-19			
ERR2587782	ERP108869	SAMEA4670472	ERS2491085	ERX2604058	PRJEB26842	ERA1489867	749906	gut metagenome	ILLUMINA	NextSeq 500	shotgun_fmp_pre_5	150	PAIRED	OTHER	METAGENOMIC	RANDOM	6671940	2014925880	Teagasc Food Research Centre;Ireland;TEAGASC	2018-07-19	2018-11-16	NextSeq 500 paired end sequencing	BBC study	ena-STUDY-TEAGASC-19-05-2018-07:51:28:007-360	ena-EXPERIMENT-TEAGASC-19-05-2018-10:18:46:106-77	ena-RUN-TEAGASC-19-05-2018-10:18:46:106-77	644287133;662841173	d60cfde88a384dda5028676ac4c8b9e6;556c96e6e292b588ba8c91d540c542b3	ftp.sra.ebi.ac.uk/vol1/fastq/ERR258/002/ERR2587782/ERR2587782_1.fastq.gz;ftp.sra.ebi.ac.uk/vol1/fastq/ERR258/002/ERR2587782/ERR2587782_2.fastq.gz	fasp.sra.ebi.ac.uk:/vol1/fastq/ERR258/002/ERR2587782/ERR2587782_1.fastq.gz;fasp.sra.ebi.ac.uk:/vol1/fastq/ERR258/002/ERR2587782/ERR2587782_2.fastq.gz	ftp.sra.ebi.ac.uk/vol1/fastq/ERR258/002/ERR2587782/ERR2587782_1.fastq.gz;ftp.sra.ebi.ac.uk/vol1/fastq/ERR258/002/ERR2587782/ERR2587782_2.fastq.gz	627261453;645772656	fe0ba76ac2cd84ef80e208f9e1a0c1ac;5252dd1887baa3c7295cca90a0cdedbc	ftp.sra.ebi.ac.uk/vol1/run/ERR258/ERR2587782/fmp_pre_5_S9_R1_001.fastq.gz;ftp.sra.ebi.ac.uk/vol1/run/ERR258/ERR2587782/fmp_pre_5_S9_R2_001.fastq.gz	fasp.sra.ebi.ac.uk:/vol1/run/ERR258/ERR2587782/fmp_pre_5_S9_R1_001.fastq.gz;fasp.sra.ebi.ac.uk:/vol1/run/ERR258/ERR2587782/fmp_pre_5_S9_R2_001.fastq.gz	ftp.sra.ebi.ac.uk/vol1/run/ERR258/ERR2587782/fmp_pre_5_S9_R1_001.fastq.gz;ftp.sra.ebi.ac.uk/vol1/run/ERR258/ERR2587782/fmp_pre_5_S9_R2_001.fastq.gz	FASTQ;FASTQ	911538307	9b509bc7beca194ce08967eb09d42ea7	ftp.sra.ebi.ac.uk/vol1/err/ERR258/002/ERR2587782	fasp.sra.ebi.ac.uk:/vol1/err/ERR258/002/ERR2587782	ftp.sra.ebi.ac.uk/vol1/err/ERR258/002/ERR2587782	shotgun_fmp_pre_5		shotgun_fmp_pre_5		2018-05-19			
ERR2587786	ERP108869	SAMEA4670476	ERS2491089	ERX2604062	PRJEB26842	ERA1489867	749906	gut metagenome	ILLUMINA	NextSeq 500	shotgun_inulin_post_15	150	PAIRED	OTHER	METAGENOMIC	RANDOM	9156956	2765400712	Teagasc Food Research Centre;Ireland;TEAGASC	2018-07-19	2018-11-16	NextSeq 500 paired end sequencing	BBC study	ena-STUDY-TEAGASC-19-05-2018-07:51:28:007-360	ena-EXPERIMENT-TEAGASC-19-05-2018-10:18:46:106-81	ena-RUN-TEAGASC-19-05-2018-10:18:46:106-81	864776466;883281528	f53db3d8d94e079cbfd938bfb58587fc;188a1bf8d3edb6f5ad2c0cb301bb056d	ftp.sra.ebi.ac.uk/vol1/fastq/ERR258/006/ERR2587786/ERR2587786_1.fastq.gz;ftp.sra.ebi.ac.uk/vol1/fastq/ERR258/006/ERR2587786/ERR2587786_2.fastq.gz	fasp.sra.ebi.ac.uk:/vol1/fastq/ERR258/006/ERR2587786/ERR2587786_1.fastq.gz;fasp.sra.ebi.ac.uk:/vol1/fastq/ERR258/006/ERR2587786/ERR2587786_2.fastq.gz	ftp.sra.ebi.ac.uk/vol1/fastq/ERR258/006/ERR2587786/ERR2587786_1.fastq.gz;ftp.sra.ebi.ac.uk/vol1/fastq/ERR258/006/ERR2587786/ERR2587786_2.fastq.gz	840940051;859309068	856e407b50b3304cc21ca1920bbe0e92;69906d291d17225a38e40b70fa6404a2	ftp.sra.ebi.ac.uk/vol1/run/ERR258/ERR2587786/inulin_post_18_S36_R1_001.fastq.gz;ftp.sra.ebi.ac.uk/vol1/run/ERR258/ERR2587786/inulin_post_18_S36_R2_001.fastq.gz	fasp.sra.ebi.ac.uk:/vol1/run/ERR258/ERR2587786/inulin_post_18_S36_R1_001.fastq.gz;fasp.sra.ebi.ac.uk:/vol1/run/ERR258/ERR2587786/inulin_post_18_S36_R2_001.fastq.gz	ftp.sra.ebi.ac.uk/vol1/run/ERR258/ERR2587786/inulin_post_18_S36_R1_001.fastq.gz;ftp.sra.ebi.ac.uk/vol1/run/ERR258/ERR2587786/inulin_post_18_S36_R2_001.fastq.gz	FASTQ;FASTQ	1220719123	1b9b04c7c39b1c884c486b71c1f72571	ftp.sra.ebi.ac.uk/vol1/err/ERR258/006/ERR2587786	fasp.sra.ebi.ac.uk:/vol1/err/ERR258/006/ERR2587786	ftp.sra.ebi.ac.uk/vol1/err/ERR258/006/ERR2587786	shotgun_inulin_post_15		shotgun_inulin_post_15		2018-05-19			
ERR2587789	ERP108869	SAMEA4670479	ERS2491092	ERX2604065	PRJEB26842	ERA1489867	749906	gut metagenome	ILLUMINA	NextSeq 500	shotgun_inulin_post_22	150	PAIRED	OTHER	METAGENOMIC	RANDOM	6720890	2029708780	Teagasc Food Research Centre;Ireland;TEAGASC	2018-07-19	2018-11-16	NextSeq 500 paired end sequencing	BBC study	ena-STUDY-TEAGASC-19-05-2018-07:51:28:007-360	ena-EXPERIMENT-TEAGASC-19-05-2018-10:18:46:106-84	ena-RUN-TEAGASC-19-05-2018-10:18:46:106-84	648269564;665954629	faef1123db78ba5420234a145b99d412;192d9e97cacb4f0f60b6e6835a2e6a1a	ftp.sra.ebi.ac.uk/vol1/fastq/ERR258/009/ERR2587789/ERR2587789_1.fastq.gz;ftp.sra.ebi.ac.uk/vol1/fastq/ERR258/009/ERR2587789/ERR2587789_2.fastq.gz	fasp.sra.ebi.ac.uk:/vol1/fastq/ERR258/009/ERR2587789/ERR2587789_1.fastq.gz;fasp.sra.ebi.ac.uk:/vol1/fastq/ERR258/009/ERR2587789/ERR2587789_2.fastq.gz	ftp.sra.ebi.ac.uk/vol1/fastq/ERR258/009/ERR2587789/ERR2587789_1.fastq.gz;ftp.sra.ebi.ac.uk/vol1/fastq/ERR258/009/ERR2587789/ERR2587789_2.fastq.gz	631119852;648772789	59f62d38adb21f5c79738ebebd981ecd;e818182ef4e38af9c6410882daaeb3a4	ftp.sra.ebi.ac.uk/vol1/run/ERR258/ERR2587789/inulin_post_22_S44_R1_001.fastq.gz;ftp.sra.ebi.ac.uk/vol1/run/ERR258/ERR2587789/inulin_post_22_S44_R2_001.fastq.gz	fasp.sra.ebi.ac.uk:/vol1/run/ERR258/ERR2587789/inulin_post_22_S44_R1_001.fastq.gz;fasp.sra.ebi.ac.uk:/vol1/run/ERR258/ERR2587789/inulin_post_22_S44_R2_001.fastq.gz	ftp.sra.ebi.ac.uk/vol1/run/ERR258/ERR2587789/inulin_post_22_S44_R1_001.fastq.gz;ftp.sra.ebi.ac.uk/vol1/run/ERR258/ERR2587789/inulin_post_22_S44_R2_001.fastq.gz	FASTQ;FASTQ	915268479	7a46d98f727fda5983cefc50978adfaf	ftp.sra.ebi.ac.uk/vol1/err/ERR258/009/ERR2587789	fasp.sra.ebi.ac.uk:/vol1/err/ERR258/009/ERR2587789	ftp.sra.ebi.ac.uk/vol1/err/ERR258/009/ERR2587789	shotgun_inulin_post_22		shotgun_inulin_post_22		2018-05-19			
ERR2587792	ERP108869	SAMEA4670482	ERS2491095	ERX2604068	PRJEB26842	ERA1489867	749906	gut metagenome	ILLUMINA	NextSeq 500	shotgun_inulin_post_4	150	PAIRED	OTHER	METAGENOMIC	RANDOM	737811	222818922	Teagasc Food Research Centre;Ireland;TEAGASC	2018-07-19	2018-11-16	NextSeq 500 paired end sequencing	BBC study	ena-STUDY-TEAGASC-19-05-2018-07:51:28:007-360	ena-EXPERIMENT-TEAGASC-19-05-2018-10:18:46:106-87	ena-RUN-TEAGASC-19-05-2018-10:18:46:106-87	70674951;72844194	5edfbf60ad86e2defc373fa60f783a00;037ba251b0bf5ff1817695e74bab157e	ftp.sra.ebi.ac.uk/vol1/fastq/ERR258/002/ERR2587792/ERR2587792_1.fastq.gz;ftp.sra.ebi.ac.uk/vol1/fastq/ERR258/002/ERR2587792/ERR2587792_2.fastq.gz	fasp.sra.ebi.ac.uk:/vol1/fastq/ERR258/002/ERR2587792/ERR2587792_1.fastq.gz;fasp.sra.ebi.ac.uk:/vol1/fastq/ERR258/002/ERR2587792/ERR2587792_2.fastq.gz	ftp.sra.ebi.ac.uk/vol1/fastq/ERR258/002/ERR2587792/ERR2587792_1.fastq.gz;ftp.sra.ebi.ac.uk/vol1/fastq/ERR258/002/ERR2587792/ERR2587792_2.fastq.gz	68818165;70976002	39a1237c4964e1fe39aaa898a2ace04d;5d3b708ab745802106bb0f7e8c251a4c	ftp.sra.ebi.ac.uk/vol1/run/ERR258/ERR2587792/inulin_post_4_S1_R1_001.fastq.gz;ftp.sra.ebi.ac.uk/vol1/run/ERR258/ERR2587792/inulin_post_4_S1_R2_001.fastq.gz	fasp.sra.ebi.ac.uk:/vol1/run/ERR258/ERR2587792/inulin_post_4_S1_R1_001.fastq.gz;fasp.sra.ebi.ac.uk:/vol1/run/ERR258/ERR2587792/inulin_post_4_S1_R2_001.fastq.gz	ftp.sra.ebi.ac.uk/vol1/run/ERR258/ERR2587792/inulin_post_4_S1_R1_001.fastq.gz;ftp.sra.ebi.ac.uk/vol1/run/ERR258/ERR2587792/inulin_post_4_S1_R2_001.fastq.gz	FASTQ;FASTQ	100179089	faddc0914be10a2fae35fc6120e62db6	ftp.sra.ebi.ac.uk/vol1/err/ERR258/002/ERR2587792	fasp.sra.ebi.ac.uk:/vol1/err/ERR258/002/ERR2587792	ftp.sra.ebi.ac.uk/vol1/err/ERR258/002/ERR2587792	shotgun_inulin_post_4		shotgun_inulin_post_4		2018-05-19			
ERR2587804	ERP108869	SAMEA4670494	ERS2491107	ERX2604080	PRJEB26842	ERA1489867	749906	gut metagenome	ILLUMINA	NextSeq 500	shotgun_kefir_post_12	150	PAIRED	OTHER	METAGENOMIC	RANDOM	9040487	2730227074	Teagasc Food Research Centre;Ireland;TEAGASC	2018-07-19	2018-11-16	NextSeq 500 paired end sequencing	BBC study	ena-STUDY-TEAGASC-19-05-2018-07:51:28:007-360	ena-EXPERIMENT-TEAGASC-19-05-2018-10:18:46:106-99	ena-RUN-TEAGASC-19-05-2018-10:18:46:106-99	863350339;887055847	d1c0a4a5c879a45ab4d39945c8755831;e6066dbe9f5ad631baf2186e60f8b050	ftp.sra.ebi.ac.uk/vol1/fastq/ERR258/004/ERR2587804/ERR2587804_1.fastq.gz;ftp.sra.ebi.ac.uk/vol1/fastq/ERR258/004/ERR2587804/ERR2587804_2.fastq.gz	fasp.sra.ebi.ac.uk:/vol1/fastq/ERR258/004/ERR2587804/ERR2587804_1.fastq.gz;fasp.sra.ebi.ac.uk:/vol1/fastq/ERR258/004/ERR2587804/ERR2587804_2.fastq.gz	ftp.sra.ebi.ac.uk/vol1/fastq/ERR258/004/ERR2587804/ERR2587804_1.fastq.gz;ftp.sra.ebi.ac.uk/vol1/fastq/ERR258/004/ERR2587804/ERR2587804_2.fastq.gz	840054887;863631492	b3103a223e81e2217181b7b2baa322dd;7cb5c53703906ecdbbdb2665c8244113	ftp.sra.ebi.ac.uk/vol1/run/ERR258/ERR2587804/kefir_post_12_S24_R1_001.fastq.gz;ftp.sra.ebi.ac.uk/vol1/run/ERR258/ERR2587804/kefir_post_12_S24_R2_001.fastq.gz	fasp.sra.ebi.ac.uk:/vol1/run/ERR258/ERR2587804/kefir_post_12_S24_R1_001.fastq.gz;fasp.sra.ebi.ac.uk:/vol1/run/ERR258/ERR2587804/kefir_post_12_S24_R2_001.fastq.gz	ftp.sra.ebi.ac.uk/vol1/run/ERR258/ERR2587804/kefir_post_12_S24_R1_001.fastq.gz;ftp.sra.ebi.ac.uk/vol1/run/ERR258/ERR2587804/kefir_post_12_S24_R2_001.fastq.gz	FASTQ;FASTQ	1222839197	f4c8e47be06f80c3968b6bdfa9a41683	ftp.sra.ebi.ac.uk/vol1/err/ERR258/004/ERR2587804	fasp.sra.ebi.ac.uk:/vol1/err/ERR258/004/ERR2587804	ftp.sra.ebi.ac.uk/vol1/err/ERR258/004/ERR2587804	shotgun_kefir_post_12		shotgun_kefir_post_12		2018-05-19			
ERR2587805	ERP108869	SAMEA4670495	ERS2491108	ERX2604081	PRJEB26842	ERA1489867	749906	gut metagenome	ILLUMINA	NextSeq 500	shotgun_kefir_post_13	150	PAIRED	OTHER	METAGENOMIC	RANDOM	7096267	2143072634	Teagasc Food Research Centre;Ireland;TEAGASC	2018-07-19	2018-11-16	NextSeq 500 paired end sequencing	BBC study	ena-STUDY-TEAGASC-19-05-2018-07:51:28:007-360	ena-EXPERIMENT-TEAGASC-19-05-2018-10:18:46:106-100	ena-RUN-TEAGASC-19-05-2018-10:18:46:106-100	686790825;702808712	0d19d3f018f6d446f18fad8d908b7205;79ac5b1103760a5fd5ec07be0a773c09	ftp.sra.ebi.ac.uk/vol1/fastq/ERR258/005/ERR2587805/ERR2587805_1.fastq.gz;ftp.sra.ebi.ac.uk/vol1/fastq/ERR258/005/ERR2587805/ERR2587805_2.fastq.gz	fasp.sra.ebi.ac.uk:/vol1/fastq/ERR258/005/ERR2587805/ERR2587805_1.fastq.gz;fasp.sra.ebi.ac.uk:/vol1/fastq/ERR258/005/ERR2587805/ERR2587805_2.fastq.gz	ftp.sra.ebi.ac.uk/vol1/fastq/ERR258/005/ERR2587805/ERR2587805_1.fastq.gz;ftp.sra.ebi.ac.uk/vol1/fastq/ERR258/005/ERR2587805/ERR2587805_2.fastq.gz	668448218;684386476	e3cfdfafe53f28b53694e544a9552043;409aafa1e9379ff485daa065ea8a83ef	ftp.sra.ebi.ac.uk/vol1/run/ERR258/ERR2587805/kefir_post_13_S26_R1_001.fastq.gz;ftp.sra.ebi.ac.uk/vol1/run/ERR258/ERR2587805/kefir_post_13_S26_R2_001.fastq.gz	fasp.sra.ebi.ac.uk:/vol1/run/ERR258/ERR2587805/kefir_post_13_S26_R1_001.fastq.gz;fasp.sra.ebi.ac.uk:/vol1/run/ERR258/ERR2587805/kefir_post_13_S26_R2_001.fastq.gz	ftp.sra.ebi.ac.uk/vol1/run/ERR258/ERR2587805/kefir_post_13_S26_R1_001.fastq.gz;ftp.sra.ebi.ac.uk/vol1/run/ERR258/ERR2587805/kefir_post_13_S26_R2_001.fastq.gz	FASTQ;FASTQ	967423440	ce3a151324958fa5433ab1e7f5c9882c	ftp.sra.ebi.ac.uk/vol1/err/ERR258/005/ERR2587805	fasp.sra.ebi.ac.uk:/vol1/err/ERR258/005/ERR2587805	ftp.sra.ebi.ac.uk/vol1/err/ERR258/005/ERR2587805	shotgun_kefir_post_13		shotgun_kefir_post_13		2018-05-19			
ERR2587706	ERP108869	SAMEA4670396	ERS2491009	ERX2603982	PRJEB26842	ERA1489867	1326787	fermentation metagenome	ILLUMINA	Illumina MiSeq	16S_fmp_post_I12	300	PAIRED	AMPLICON	METAGENOMIC	PCR	34850	20960018	Teagasc Food Research Centre;Ireland;TEAGASC	2018-07-19	2018-11-16	Illumina MiSeq paired end sequencing	BBC study	ena-STUDY-TEAGASC-19-05-2018-07:51:28:007-360	ena-EXPERIMENT-TEAGASC-19-05-2018-10:18:46:103-1	ena-RUN-TEAGASC-19-05-2018-10:18:46:103-1	6770647;7309933	7b5370e635bba9c1259c1d4d45e4bcbe;510650fc60416a59a67f7b6928808aea	ftp.sra.ebi.ac.uk/vol1/fastq/ERR258/006/ERR2587706/ERR2587706_1.fastq.gz;ftp.sra.ebi.ac.uk/vol1/fastq/ERR258/006/ERR2587706/ERR2587706_2.fastq.gz	fasp.sra.ebi.ac.uk:/vol1/fastq/ERR258/006/ERR2587706/ERR2587706_1.fastq.gz;fasp.sra.ebi.ac.uk:/vol1/fastq/ERR258/006/ERR2587706/ERR2587706_2.fastq.gz	ftp.sra.ebi.ac.uk/vol1/fastq/ERR258/006/ERR2587706/ERR2587706_1.fastq.gz;ftp.sra.ebi.ac.uk/vol1/fastq/ERR258/006/ERR2587706/ERR2587706_2.fastq.gz	8708619;9212187	26d82ba7dcb872a0a608443d35b64095;82e56db15c882d0c5f024c345d1d3273	ftp.sra.ebi.ac.uk/vol1/run/ERR258/ERR2587706/16S_fmp_post_I12_S84_L001_R1_001.fastq.gz;ftp.sra.ebi.ac.uk/vol1/run/ERR258/ERR2587706/16S_fmp_post_I12_S84_L001_R2_001.fastq.gz	fasp.sra.ebi.ac.uk:/vol1/run/ERR258/ERR2587706/16S_fmp_post_I12_S84_L001_R1_001.fastq.gz;fasp.sra.ebi.ac.uk:/vol1/run/ERR258/ERR2587706/16S_fmp_post_I12_S84_L001_R2_001.fastq.gz	ftp.sra.ebi.ac.uk/vol1/run/ERR258/ERR2587706/16S_fmp_post_I12_S84_L001_R1_001.fastq.gz;ftp.sra.ebi.ac.uk/vol1/run/ERR258/ERR2587706/16S_fmp_post_I12_S84_L001_R2_001.fastq.gz	FASTQ;FASTQ	15133814	3a4d911bd1b3a221fbe5849fb07208b2	ftp.sra.ebi.ac.uk/vol1/err/ERR258/006/ERR2587706	fasp.sra.ebi.ac.uk:/vol1/err/ERR258/006/ERR2587706	ftp.sra.ebi.ac.uk/vol1/err/ERR258/006/ERR2587706	16S_fmp_post_I12		16S_fmp_post_I12		2018-05-19			
ERR2587707	ERP108869	SAMEA4670397	ERS2491010	ERX2603983	PRJEB26842	ERA1489867	1326787	fermentation metagenome	ILLUMINA	Illumina MiSeq	16S_fmp_post_I15	300	PAIRED	AMPLICON	METAGENOMIC	PCR	207077	124556091	Teagasc Food Research Centre;Ireland;TEAGASC	2018-07-19	2018-11-16	Illumina MiSeq paired end sequencing	BBC study	ena-STUDY-TEAGASC-19-05-2018-07:51:28:007-360	ena-EXPERIMENT-TEAGASC-19-05-2018-10:18:46:103-2	ena-RUN-TEAGASC-19-05-2018-10:18:46:103-2	35404441;42059371	59e46e1b0d7636334c046d38176a66e7;d5068884f54e3918c8517f4d4d173806	ftp.sra.ebi.ac.uk/vol1/fastq/ERR258/007/ERR2587707/ERR2587707_1.fastq.gz;ftp.sra.ebi.ac.uk/vol1/fastq/ERR258/007/ERR2587707/ERR2587707_2.fastq.gz	fasp.sra.ebi.ac.uk:/vol1/fastq/ERR258/007/ERR2587707/ERR2587707_1.fastq.gz;fasp.sra.ebi.ac.uk:/vol1/fastq/ERR258/007/ERR2587707/ERR2587707_2.fastq.gz	ftp.sra.ebi.ac.uk/vol1/fastq/ERR258/007/ERR2587707/ERR2587707_1.fastq.gz;ftp.sra.ebi.ac.uk/vol1/fastq/ERR258/007/ERR2587707/ERR2587707_2.fastq.gz	49457301;55280359	3b78e8ee496a2b222847231154df728c;e66ae9225a2e9b30cc2eec3958c62de9	ftp.sra.ebi.ac.uk/vol1/run/ERR258/ERR2587707/16S_fmp_post_I15_S87_L001_R1_001.fastq.gz;ftp.sra.ebi.ac.uk/vol1/run/ERR258/ERR2587707/16S_fmp_post_I15_S87_L001_R2_001.fastq.gz	fasp.sra.ebi.ac.uk:/vol1/run/ERR258/ERR2587707/16S_fmp_post_I15_S87_L001_R1_001.fastq.gz;fasp.sra.ebi.ac.uk:/vol1/run/ERR258/ERR2587707/16S_fmp_post_I15_S87_L001_R2_001.fastq.gz	ftp.sra.ebi.ac.uk/vol1/run/ERR258/ERR2587707/16S_fmp_post_I15_S87_L001_R1_001.fastq.gz;ftp.sra.ebi.ac.uk/vol1/run/ERR258/ERR2587707/16S_fmp_post_I15_S87_L001_R2_001.fastq.gz	FASTQ;FASTQ	85583307	4170d8bbaac5fe4e41dbd0c8aa56f262	ftp.sra.ebi.ac.uk/vol1/err/ERR258/007/ERR2587707	fasp.sra.ebi.ac.uk:/vol1/err/ERR258/007/ERR2587707	ftp.sra.ebi.ac.uk/vol1/err/ERR258/007/ERR2587707	16S_fmp_post_I15		16S_fmp_post_I15		2018-05-19			
ERR2587807	ERP108869	SAMEA4670497	ERS2491110	ERX2604083	PRJEB26842	ERA1489867	749906	gut metagenome	ILLUMINA	NextSeq 500	shotgun_kefir_post_19	150	PAIRED	OTHER	METAGENOMIC	RANDOM	7429338	2243660076	Teagasc Food Research Centre;Ireland;TEAGASC	2018-07-19	2018-11-16	NextSeq 500 paired end sequencing	BBC study	ena-STUDY-TEAGASC-19-05-2018-07:51:28:007-360	ena-EXPERIMENT-TEAGASC-19-05-2018-10:18:46:106-102	ena-RUN-TEAGASC-19-05-2018-10:18:46:106-102	710796089;722171177	a4d71724acf2c07ae4f675e4e0e34bcd;af2184fc8f677a8757ed73a4ea2e90e3	ftp.sra.ebi.ac.uk/vol1/fastq/ERR258/007/ERR2587807/ERR2587807_1.fastq.gz;ftp.sra.ebi.ac.uk/vol1/fastq/ERR258/007/ERR2587807/ERR2587807_2.fastq.gz	fasp.sra.ebi.ac.uk:/vol1/fastq/ERR258/007/ERR2587807/ERR2587807_1.fastq.gz;fasp.sra.ebi.ac.uk:/vol1/fastq/ERR258/007/ERR2587807/ERR2587807_2.fastq.gz	ftp.sra.ebi.ac.uk/vol1/fastq/ERR258/007/ERR2587807/ERR2587807_1.fastq.gz;ftp.sra.ebi.ac.uk/vol1/fastq/ERR258/007/ERR2587807/ERR2587807_2.fastq.gz	691554255;702820308	391855e2850901a60e2314ca9ea36363;0f26086ac23eedff1be1710f6faa6215	ftp.sra.ebi.ac.uk/vol1/run/ERR258/ERR2587807/kefir_post_19_S38_R1_001.fastq.gz;ftp.sra.ebi.ac.uk/vol1/run/ERR258/ERR2587807/kefir_post_19_S38_R2_001.fastq.gz	fasp.sra.ebi.ac.uk:/vol1/run/ERR258/ERR2587807/kefir_post_19_S38_R1_001.fastq.gz;fasp.sra.ebi.ac.uk:/vol1/run/ERR258/ERR2587807/kefir_post_19_S38_R2_001.fastq.gz	ftp.sra.ebi.ac.uk/vol1/run/ERR258/ERR2587807/kefir_post_19_S38_R1_001.fastq.gz;ftp.sra.ebi.ac.uk/vol1/run/ERR258/ERR2587807/kefir_post_19_S38_R2_001.fastq.gz	FASTQ;FASTQ	1002487225	8ec2d7666babad2c88d19719c939084b	ftp.sra.ebi.ac.uk/vol1/err/ERR258/007/ERR2587807	fasp.sra.ebi.ac.uk:/vol1/err/ERR258/007/ERR2587807	ftp.sra.ebi.ac.uk/vol1/err/ERR258/007/ERR2587807	shotgun_kefir_post_19		shotgun_kefir_post_19		2018-05-19			
ERR2587712	ERP108869	SAMEA4670401	ERS2491014	ERX2603988	PRJEB26842	ERA1489867	1326787	fermentation metagenome	ILLUMINA	Illumina MiSeq	16S_fmp_post_I28	300	PAIRED	AMPLICON	METAGENOMIC	PCR	193671	116501286	Teagasc Food Research Centre;Ireland;TEAGASC	2018-07-19	2018-11-16	Illumina MiSeq paired end sequencing	BBC study	ena-STUDY-TEAGASC-19-05-2018-07:51:28:007-360	ena-EXPERIMENT-TEAGASC-19-05-2018-10:18:46:103-7	ena-RUN-TEAGASC-19-05-2018-10:18:46:103-7	32021236;39176512	8d49887e09af4b3bc503ad4dd4c69ba1;4f77fbbf06abd4d4c63fe0b3d7c54f71	ftp.sra.ebi.ac.uk/vol1/fastq/ERR258/002/ERR2587712/ERR2587712_1.fastq.gz;ftp.sra.ebi.ac.uk/vol1/fastq/ERR258/002/ERR2587712/ERR2587712_2.fastq.gz	fasp.sra.ebi.ac.uk:/vol1/fastq/ERR258/002/ERR2587712/ERR2587712_1.fastq.gz;fasp.sra.ebi.ac.uk:/vol1/fastq/ERR258/002/ERR2587712/ERR2587712_2.fastq.gz	ftp.sra.ebi.ac.uk/vol1/fastq/ERR258/002/ERR2587712/ERR2587712_1.fastq.gz;ftp.sra.ebi.ac.uk/vol1/fastq/ERR258/002/ERR2587712/ERR2587712_2.fastq.gz	44928167;51510775	0f7f932deac9d1011f904f13e01e9508;f3f46f9eaf0e67fd1eb2229b4aec426e	ftp.sra.ebi.ac.uk/vol1/run/ERR258/ERR2587712/16S_fmp_post_I28_S100_L001_R1_001.fastq.gz;ftp.sra.ebi.ac.uk/vol1/run/ERR258/ERR2587712/16S_fmp_post_I28_S100_L001_R2_001.fastq.gz	fasp.sra.ebi.ac.uk:/vol1/run/ERR258/ERR2587712/16S_fmp_post_I28_S100_L001_R1_001.fastq.gz;fasp.sra.ebi.ac.uk:/vol1/run/ERR258/ERR2587712/16S_fmp_post_I28_S100_L001_R2_001.fastq.gz	ftp.sra.ebi.ac.uk/vol1/run/ERR258/ERR2587712/16S_fmp_post_I28_S100_L001_R1_001.fastq.gz;ftp.sra.ebi.ac.uk/vol1/run/ERR258/ERR2587712/16S_fmp_post_I28_S100_L001_R2_001.fastq.gz	FASTQ;FASTQ	80340134	1fbad2379b6a88f5c4b225ec1286cc20	ftp.sra.ebi.ac.uk/vol1/err/ERR258/002/ERR2587712	fasp.sra.ebi.ac.uk:/vol1/err/ERR258/002/ERR2587712	ftp.sra.ebi.ac.uk/vol1/err/ERR258/002/ERR2587712	16S_fmp_post_I25		16S_fmp_post_I25		2018-05-19			
ERR2587809	ERP108869	SAMEA4670499	ERS2491112	ERX2604085	PRJEB26842	ERA1489867	749906	gut metagenome	ILLUMINA	NextSeq 500	shotgun_kefir_post_28	150	PAIRED	OTHER	METAGENOMIC	RANDOM	8056330	2433011660	Teagasc Food Research Centre;Ireland;TEAGASC	2018-07-19	2018-11-16	NextSeq 500 paired end sequencing	BBC study	ena-STUDY-TEAGASC-19-05-2018-07:51:28:007-360	ena-EXPERIMENT-TEAGASC-19-05-2018-10:18:46:106-104	ena-RUN-TEAGASC-19-05-2018-10:18:46:106-104	765152196;784405115	4956db97185f4a62158d170ee524add9;51c5809c6016b8c23b2571ff7ce9b0e2	ftp.sra.ebi.ac.uk/vol1/fastq/ERR258/009/ERR2587809/ERR2587809_1.fastq.gz;ftp.sra.ebi.ac.uk/vol1/fastq/ERR258/009/ERR2587809/ERR2587809_2.fastq.gz	fasp.sra.ebi.ac.uk:/vol1/fastq/ERR258/009/ERR2587809/ERR2587809_1.fastq.gz;fasp.sra.ebi.ac.uk:/vol1/fastq/ERR258/009/ERR2587809/ERR2587809_2.fastq.gz	ftp.sra.ebi.ac.uk/vol1/fastq/ERR258/009/ERR2587809/ERR2587809_1.fastq.gz;ftp.sra.ebi.ac.uk/vol1/fastq/ERR258/009/ERR2587809/ERR2587809_2.fastq.gz	744604077;763728900	31a9e11dff0af427456770061cd7eeac;61e3004b831ce32b459d328890191241	ftp.sra.ebi.ac.uk/vol1/run/ERR258/ERR2587809/kefir_post_28_S55_R1_001.fastq.gz;ftp.sra.ebi.ac.uk/vol1/run/ERR258/ERR2587809/kefir_post_28_S55_R2_001.fastq.gz	fasp.sra.ebi.ac.uk:/vol1/run/ERR258/ERR2587809/kefir_post_28_S55_R1_001.fastq.gz;fasp.sra.ebi.ac.uk:/vol1/run/ERR258/ERR2587809/kefir_post_28_S55_R2_001.fastq.gz	ftp.sra.ebi.ac.uk/vol1/run/ERR258/ERR2587809/kefir_post_28_S55_R1_001.fastq.gz;ftp.sra.ebi.ac.uk/vol1/run/ERR258/ERR2587809/kefir_post_28_S55_R2_001.fastq.gz	FASTQ;FASTQ	1080768304	51b6fd8f8e91daa09d2342888cff6d97	ftp.sra.ebi.ac.uk/vol1/err/ERR258/009/ERR2587809	fasp.sra.ebi.ac.uk:/vol1/err/ERR258/009/ERR2587809	ftp.sra.ebi.ac.uk/vol1/err/ERR258/009/ERR2587809	shotgun_kefir_post_28		shotgun_kefir_post_28		2018-05-19			
ERR2587721	ERP108869	SAMEA4670410	ERS2491023	ERX2603997	PRJEB26842	ERA1489867	1326787	fermentation metagenome	ILLUMINA	Illumina MiSeq	16S_fmp_pre_F25	300	PAIRED	AMPLICON	METAGENOMIC	PCR	187971	113040439	Teagasc Food Research Centre;Ireland;TEAGASC	2018-07-19	2018-11-16	Illumina MiSeq paired end sequencing	BBC study	ena-STUDY-TEAGASC-19-05-2018-07:51:28:007-360	ena-EXPERIMENT-TEAGASC-19-05-2018-10:18:46:104-16	ena-RUN-TEAGASC-19-05-2018-10:18:46:104-16	33026257;38198755	cad2a8eefa8953a1e90ba8baa7952d3a;f3aaef5dfe7b436ceb1949e2c4cc61c0	ftp.sra.ebi.ac.uk/vol1/fastq/ERR258/001/ERR2587721/ERR2587721_1.fastq.gz;ftp.sra.ebi.ac.uk/vol1/fastq/ERR258/001/ERR2587721/ERR2587721_2.fastq.gz	fasp.sra.ebi.ac.uk:/vol1/fastq/ERR258/001/ERR2587721/ERR2587721_1.fastq.gz;fasp.sra.ebi.ac.uk:/vol1/fastq/ERR258/001/ERR2587721/ERR2587721_2.fastq.gz	ftp.sra.ebi.ac.uk/vol1/fastq/ERR258/001/ERR2587721/ERR2587721_1.fastq.gz;ftp.sra.ebi.ac.uk/vol1/fastq/ERR258/001/ERR2587721/ERR2587721_2.fastq.gz	45266752;49767687	046803d361535aa143af6bf5ebd7793f;4fb971b55a1b6c8ee61a26815155b7ff	ftp.sra.ebi.ac.uk/vol1/run/ERR258/ERR2587721/16S_fmp_pre_F25_S127_L001_R1_001.fastq.gz;ftp.sra.ebi.ac.uk/vol1/run/ERR258/ERR2587721/16S_fmp_pre_F25_S127_L001_R2_001.fastq.gz	fasp.sra.ebi.ac.uk:/vol1/run/ERR258/ERR2587721/16S_fmp_pre_F25_S127_L001_R1_001.fastq.gz;fasp.sra.ebi.ac.uk:/vol1/run/ERR258/ERR2587721/16S_fmp_pre_F25_S127_L001_R2_001.fastq.gz	ftp.sra.ebi.ac.uk/vol1/run/ERR258/ERR2587721/16S_fmp_pre_F25_S127_L001_R1_001.fastq.gz;ftp.sra.ebi.ac.uk/vol1/run/ERR258/ERR2587721/16S_fmp_pre_F25_S127_L001_R2_001.fastq.gz	FASTQ;FASTQ	78331927	4c2e55b31c0f3bcb3db8a7852dfe9d6d	ftp.sra.ebi.ac.uk/vol1/err/ERR258/001/ERR2587721	fasp.sra.ebi.ac.uk:/vol1/err/ERR258/001/ERR2587721	ftp.sra.ebi.ac.uk/vol1/err/ERR258/001/ERR2587721	16S_fmp_pre_F22		16S_fmp_pre_F22		2018-05-19			
ERR2587811	ERP108869	SAMEA4670501	ERS2491114	ERX2604087	PRJEB26842	ERA1489867	749906	gut metagenome	ILLUMINA	NextSeq 500	shotgun_kefir_post_6	150	PAIRED	OTHER	METAGENOMIC	RANDOM	8696978	2626487356	Teagasc Food Research Centre;Ireland;TEAGASC	2018-07-19	2018-11-16	NextSeq 500 paired end sequencing	BBC study	ena-STUDY-TEAGASC-19-05-2018-07:51:28:007-360	ena-EXPERIMENT-TEAGASC-19-05-2018-10:18:46:107-106	ena-RUN-TEAGASC-19-05-2018-10:18:46:107-106	838797774;859875051	2c3885bf4255f6a492f5c5a1a2bf7971;ce1e0ce18d949f5dbfe7a4b5a0bac185	ftp.sra.ebi.ac.uk/vol1/fastq/ERR258/001/ERR2587811/ERR2587811_1.fastq.gz;ftp.sra.ebi.ac.uk/vol1/fastq/ERR258/001/ERR2587811/ERR2587811_2.fastq.gz	fasp.sra.ebi.ac.uk:/vol1/fastq/ERR258/001/ERR2587811/ERR2587811_1.fastq.gz;fasp.sra.ebi.ac.uk:/vol1/fastq/ERR258/001/ERR2587811/ERR2587811_2.fastq.gz	ftp.sra.ebi.ac.uk/vol1/fastq/ERR258/001/ERR2587811/ERR2587811_1.fastq.gz;ftp.sra.ebi.ac.uk/vol1/fastq/ERR258/001/ERR2587811/ERR2587811_2.fastq.gz	816416867;837434069	0fd0a207ed87db1070445d7011a90b90;9b9bf01939aff0acd365faebb25e25c7	ftp.sra.ebi.ac.uk/vol1/run/ERR258/ERR2587811/kefir_post_6_S12_R1_001.fastq.gz;ftp.sra.ebi.ac.uk/vol1/run/ERR258/ERR2587811/kefir_post_6_S12_R2_001.fastq.gz	fasp.sra.ebi.ac.uk:/vol1/run/ERR258/ERR2587811/kefir_post_6_S12_R1_001.fastq.gz;fasp.sra.ebi.ac.uk:/vol1/run/ERR258/ERR2587811/kefir_post_6_S12_R2_001.fastq.gz	ftp.sra.ebi.ac.uk/vol1/run/ERR258/ERR2587811/kefir_post_6_S12_R1_001.fastq.gz;ftp.sra.ebi.ac.uk/vol1/run/ERR258/ERR2587811/kefir_post_6_S12_R2_001.fastq.gz	FASTQ;FASTQ	1187231993	0ad817114f18e9763a7e6b1c15cfd7cb	ftp.sra.ebi.ac.uk/vol1/err/ERR258/001/ERR2587811	fasp.sra.ebi.ac.uk:/vol1/err/ERR258/001/ERR2587811	ftp.sra.ebi.ac.uk/vol1/err/ERR258/001/ERR2587811	shotgun_kefir_post_6		shotgun_kefir_post_6		2018-05-19			
ERR2587725	ERP108869	SAMEA4670415	ERS2491028	ERX2604001	PRJEB26842	ERA1489867	1326787	fermentation metagenome	ILLUMINA	Illumina MiSeq	16S_fmp_pre_F9	300	PAIRED	AMPLICON	METAGENOMIC	PCR	26941	16202699	Teagasc Food Research Centre;Ireland;TEAGASC	2018-07-19	2018-11-16	Illumina MiSeq paired end sequencing	BBC study	ena-STUDY-TEAGASC-19-05-2018-07:51:28:007-360	ena-EXPERIMENT-TEAGASC-19-05-2018-10:18:46:104-20	ena-RUN-TEAGASC-19-05-2018-10:18:46:104-20	4814036;5760134	871df9fc755d12d3cb8abc2fb87e768d;0fa14d74b7493640e641d6f90b0659c5	ftp.sra.ebi.ac.uk/vol1/fastq/ERR258/005/ERR2587725/ERR2587725_1.fastq.gz;ftp.sra.ebi.ac.uk/vol1/fastq/ERR258/005/ERR2587725/ERR2587725_2.fastq.gz	fasp.sra.ebi.ac.uk:/vol1/fastq/ERR258/005/ERR2587725/ERR2587725_1.fastq.gz;fasp.sra.ebi.ac.uk:/vol1/fastq/ERR258/005/ERR2587725/ERR2587725_2.fastq.gz	ftp.sra.ebi.ac.uk/vol1/fastq/ERR258/005/ERR2587725/ERR2587725_1.fastq.gz;ftp.sra.ebi.ac.uk/vol1/fastq/ERR258/005/ERR2587725/ERR2587725_2.fastq.gz	6351924;7255990	18e6eb21c599ae93c7a2b2f696848c68;206a0e052df3f659f0fed483f81b36b7	ftp.sra.ebi.ac.uk/vol1/run/ERR258/ERR2587725/16S_fmp_pre_F9_S111_L001_R1_001.fastq.gz;ftp.sra.ebi.ac.uk/vol1/run/ERR258/ERR2587725/16S_fmp_pre_F9_S111_L001_R2_001.fastq.gz	fasp.sra.ebi.ac.uk:/vol1/run/ERR258/ERR2587725/16S_fmp_pre_F9_S111_L001_R1_001.fastq.gz;fasp.sra.ebi.ac.uk:/vol1/run/ERR258/ERR2587725/16S_fmp_pre_F9_S111_L001_R2_001.fastq.gz	ftp.sra.ebi.ac.uk/vol1/run/ERR258/ERR2587725/16S_fmp_pre_F9_S111_L001_R1_001.fastq.gz;ftp.sra.ebi.ac.uk/vol1/run/ERR258/ERR2587725/16S_fmp_pre_F9_S111_L001_R2_001.fastq.gz	FASTQ;FASTQ	11360679	3fc49bd229601abfcd0fc55671ec56a8	ftp.sra.ebi.ac.uk/vol1/err/ERR258/005/ERR2587725	fasp.sra.ebi.ac.uk:/vol1/err/ERR258/005/ERR2587725	ftp.sra.ebi.ac.uk/vol1/err/ERR258/005/ERR2587725	16S_fmp_pre_F9		16S_fmp_pre_F9		2018-05-19			
ERR2587813	ERP108869	SAMEA4670503	ERS2491116	ERX2604089	PRJEB26842	ERA1489867	749906	gut metagenome	ILLUMINA	NextSeq 500	shotgun_kefir_pre_12	150	PAIRED	OTHER	METAGENOMIC	RANDOM	8747132	2641633864	Teagasc Food Research Centre;Ireland;TEAGASC	2018-07-19	2018-11-16	NextSeq 500 paired end sequencing	BBC study	ena-STUDY-TEAGASC-19-05-2018-07:51:28:007-360	ena-EXPERIMENT-TEAGASC-19-05-2018-10:18:46:107-108	ena-RUN-TEAGASC-19-05-2018-10:18:46:107-108	834305132;855191428	2556a4abdd2d48652c0b55a189ba17c7;bbe7b127ef5312644ade71c761f8b2c4	ftp.sra.ebi.ac.uk/vol1/fastq/ERR258/003/ERR2587813/ERR2587813_1.fastq.gz;ftp.sra.ebi.ac.uk/vol1/fastq/ERR258/003/ERR2587813/ERR2587813_2.fastq.gz	fasp.sra.ebi.ac.uk:/vol1/fastq/ERR258/003/ERR2587813/ERR2587813_1.fastq.gz;fasp.sra.ebi.ac.uk:/vol1/fastq/ERR258/003/ERR2587813/ERR2587813_2.fastq.gz	ftp.sra.ebi.ac.uk/vol1/fastq/ERR258/003/ERR2587813/ERR2587813_1.fastq.gz;ftp.sra.ebi.ac.uk/vol1/fastq/ERR258/003/ERR2587813/ERR2587813_2.fastq.gz	811912008;832671511	cdae3b7b6a4acaf4ccf83f7b7c731962;50e256fee830b8160cdbbafdb4891532	ftp.sra.ebi.ac.uk/vol1/run/ERR258/ERR2587813/kefir_pre_12_S23_R1_001.fastq.gz;ftp.sra.ebi.ac.uk/vol1/run/ERR258/ERR2587813/kefir_pre_12_S23_R2_001.fastq.gz	fasp.sra.ebi.ac.uk:/vol1/run/ERR258/ERR2587813/kefir_pre_12_S23_R1_001.fastq.gz;fasp.sra.ebi.ac.uk:/vol1/run/ERR258/ERR2587813/kefir_pre_12_S23_R2_001.fastq.gz	ftp.sra.ebi.ac.uk/vol1/run/ERR258/ERR2587813/kefir_pre_12_S23_R1_001.fastq.gz;ftp.sra.ebi.ac.uk/vol1/run/ERR258/ERR2587813/kefir_pre_12_S23_R2_001.fastq.gz	FASTQ;FASTQ	1183971656	04f99f4fd2c1aca0227490561ed062e4	ftp.sra.ebi.ac.uk/vol1/err/ERR258/003/ERR2587813	fasp.sra.ebi.ac.uk:/vol1/err/ERR258/003/ERR2587813	ftp.sra.ebi.ac.uk/vol1/err/ERR258/003/ERR2587813	shotgun_kefir_pre_12		shotgun_kefir_pre_12		2018-05-19			
ERR2587726	ERP108869	SAMEA4670416	ERS2491029	ERX2604002	PRJEB26842	ERA1489867	1326787	fermentation metagenome	ILLUMINA	Illumina MiSeq	16S_inulin_post_I10	300	PAIRED	AMPLICON	METAGENOMIC	PCR	243439	146404902	Teagasc Food Research Centre;Ireland;TEAGASC	2018-07-19	2018-11-16	Illumina MiSeq paired end sequencing	BBC study	ena-STUDY-TEAGASC-19-05-2018-07:51:28:007-360	ena-EXPERIMENT-TEAGASC-19-05-2018-10:18:46:104-21	ena-RUN-TEAGASC-19-05-2018-10:18:46:104-21	41395688;49269581	f895c499abf32f0537eb4c0d8bb7e425;0183a8f0155fe64f82d822f3e38ba2b8	ftp.sra.ebi.ac.uk/vol1/fastq/ERR258/006/ERR2587726/ERR2587726_1.fastq.gz;ftp.sra.ebi.ac.uk/vol1/fastq/ERR258/006/ERR2587726/ERR2587726_2.fastq.gz	fasp.sra.ebi.ac.uk:/vol1/fastq/ERR258/006/ERR2587726/ERR2587726_1.fastq.gz;fasp.sra.ebi.ac.uk:/vol1/fastq/ERR258/006/ERR2587726/ERR2587726_2.fastq.gz	ftp.sra.ebi.ac.uk/vol1/fastq/ERR258/006/ERR2587726/ERR2587726_1.fastq.gz;ftp.sra.ebi.ac.uk/vol1/fastq/ERR258/006/ERR2587726/ERR2587726_2.fastq.gz	57678092;64853525	99622afb7ae6d7bf97b760747da33219;287a975a624b374ba66e1c5d4cb76af3	ftp.sra.ebi.ac.uk/vol1/run/ERR258/ERR2587726/16S_inulin_post_I10_S82_L001_R1_001.fastq.gz;ftp.sra.ebi.ac.uk/vol1/run/ERR258/ERR2587726/16S_inulin_post_I10_S82_L001_R2_001.fastq.gz	fasp.sra.ebi.ac.uk:/vol1/run/ERR258/ERR2587726/16S_inulin_post_I10_S82_L001_R1_001.fastq.gz;fasp.sra.ebi.ac.uk:/vol1/run/ERR258/ERR2587726/16S_inulin_post_I10_S82_L001_R2_001.fastq.gz	ftp.sra.ebi.ac.uk/vol1/run/ERR258/ERR2587726/16S_inulin_post_I10_S82_L001_R1_001.fastq.gz;ftp.sra.ebi.ac.uk/vol1/run/ERR258/ERR2587726/16S_inulin_post_I10_S82_L001_R2_001.fastq.gz	FASTQ;FASTQ	100257665	360b1b295243aa3e09804cd1450478ae	ftp.sra.ebi.ac.uk/vol1/err/ERR258/006/ERR2587726	fasp.sra.ebi.ac.uk:/vol1/err/ERR258/006/ERR2587726	ftp.sra.ebi.ac.uk/vol1/err/ERR258/006/ERR2587726	16S_inulin_post_I10		16S_inulin_post_I10		2018-05-19			
ERR2587821	ERP108869	SAMEA4670511	ERS2491124	ERX2604097	PRJEB26842	ERA1489867	749906	gut metagenome	ILLUMINA	NextSeq 500	shotgun_kefir_pre_7	150	PAIRED	OTHER	METAGENOMIC	RANDOM	7574997	2287649094	Teagasc Food Research Centre;Ireland;TEAGASC	2018-07-19	2018-11-16	NextSeq 500 paired end sequencing	BBC study	ena-STUDY-TEAGASC-19-05-2018-07:51:28:007-360	ena-EXPERIMENT-TEAGASC-19-05-2018-10:18:46:107-116	ena-RUN-TEAGASC-19-05-2018-10:18:46:107-116	732695783;751323134	9fe7d6a24ddc1dec3af143942da55492;d7635b3da5739f4b08bbcb77b12e0f2a	ftp.sra.ebi.ac.uk/vol1/fastq/ERR258/001/ERR2587821/ERR2587821_1.fastq.gz;ftp.sra.ebi.ac.uk/vol1/fastq/ERR258/001/ERR2587821/ERR2587821_2.fastq.gz	fasp.sra.ebi.ac.uk:/vol1/fastq/ERR258/001/ERR2587821/ERR2587821_1.fastq.gz;fasp.sra.ebi.ac.uk:/vol1/fastq/ERR258/001/ERR2587821/ERR2587821_2.fastq.gz	ftp.sra.ebi.ac.uk/vol1/fastq/ERR258/001/ERR2587821/ERR2587821_1.fastq.gz;ftp.sra.ebi.ac.uk/vol1/fastq/ERR258/001/ERR2587821/ERR2587821_2.fastq.gz	713233474;731790371	bdc6dbc06dc709af8652ea2c70d0439c;182697e6db03362be3c91c187f0db967	ftp.sra.ebi.ac.uk/vol1/run/ERR258/ERR2587821/kefir_pre_7_S13_R1_001.fastq.gz;ftp.sra.ebi.ac.uk/vol1/run/ERR258/ERR2587821/kefir_pre_7_S13_R2_001.fastq.gz	fasp.sra.ebi.ac.uk:/vol1/run/ERR258/ERR2587821/kefir_pre_7_S13_R1_001.fastq.gz;fasp.sra.ebi.ac.uk:/vol1/run/ERR258/ERR2587821/kefir_pre_7_S13_R2_001.fastq.gz	ftp.sra.ebi.ac.uk/vol1/run/ERR258/ERR2587821/kefir_pre_7_S13_R1_001.fastq.gz;ftp.sra.ebi.ac.uk/vol1/run/ERR258/ERR2587821/kefir_pre_7_S13_R2_001.fastq.gz	FASTQ;FASTQ	1034962501	da3cd72564ee806ee111ce9618661111	ftp.sra.ebi.ac.uk/vol1/err/ERR258/001/ERR2587821	fasp.sra.ebi.ac.uk:/vol1/err/ERR258/001/ERR2587821	ftp.sra.ebi.ac.uk/vol1/err/ERR258/001/ERR2587821	shotgun_kefir_pre_7		shotgun_kefir_pre_7		2018-05-19			
ERR2587727	ERP108869	SAMEA4670417	ERS2491030	ERX2604003	PRJEB26842	ERA1489867	1326787	fermentation metagenome	ILLUMINA	Illumina MiSeq	16S_inulin_post_I11	300	PAIRED	AMPLICON	METAGENOMIC	PCR	175712	105667441	Teagasc Food Research Centre;Ireland;TEAGASC	2018-07-19	2018-11-16	Illumina MiSeq paired end sequencing	BBC study	ena-STUDY-TEAGASC-19-05-2018-07:51:28:007-360	ena-EXPERIMENT-TEAGASC-19-05-2018-10:18:46:104-22	ena-RUN-TEAGASC-19-05-2018-10:18:46:104-22	28557128;35309236	52ce9f4375495af9c574bc699e74cc74;490ea8a4ff9212c97b976987019b1413	ftp.sra.ebi.ac.uk/vol1/fastq/ERR258/007/ERR2587727/ERR2587727_1.fastq.gz;ftp.sra.ebi.ac.uk/vol1/fastq/ERR258/007/ERR2587727/ERR2587727_2.fastq.gz	fasp.sra.ebi.ac.uk:/vol1/fastq/ERR258/007/ERR2587727/ERR2587727_1.fastq.gz;fasp.sra.ebi.ac.uk:/vol1/fastq/ERR258/007/ERR2587727/ERR2587727_2.fastq.gz	ftp.sra.ebi.ac.uk/vol1/fastq/ERR258/007/ERR2587727/ERR2587727_1.fastq.gz;ftp.sra.ebi.ac.uk/vol1/fastq/ERR258/007/ERR2587727/ERR2587727_2.fastq.gz	39976675;46269783	ca5f081f1719131b45ca30698c8882a5;d453f9d5b5f824bf8803e5c96acb80a4	ftp.sra.ebi.ac.uk/vol1/run/ERR258/ERR2587727/16S_inulin_post_I11_S83_L001_R1_001.fastq.gz;ftp.sra.ebi.ac.uk/vol1/run/ERR258/ERR2587727/16S_inulin_post_I11_S83_L001_R2_001.fastq.gz	fasp.sra.ebi.ac.uk:/vol1/run/ERR258/ERR2587727/16S_inulin_post_I11_S83_L001_R1_001.fastq.gz;fasp.sra.ebi.ac.uk:/vol1/run/ERR258/ERR2587727/16S_inulin_post_I11_S83_L001_R2_001.fastq.gz	ftp.sra.ebi.ac.uk/vol1/run/ERR258/ERR2587727/16S_inulin_post_I11_S83_L001_R1_001.fastq.gz;ftp.sra.ebi.ac.uk/vol1/run/ERR258/ERR2587727/16S_inulin_post_I11_S83_L001_R2_001.fastq.gz	FASTQ;FASTQ	72451049	185f5608f965bf0efcf4996e8628b6f2	ftp.sra.ebi.ac.uk/vol1/err/ERR258/007/ERR2587727	fasp.sra.ebi.ac.uk:/vol1/err/ERR258/007/ERR2587727	ftp.sra.ebi.ac.uk/vol1/err/ERR258/007/ERR2587727	16S_inulin_post_I11		16S_inulin_post_I11		2018-05-19			
ERR2587731	ERP108869	SAMEA4670421	ERS2491034	ERX2604007	PRJEB26842	ERA1489867	1326787	fermentation metagenome	ILLUMINA	Illumina MiSeq	16S_inulin_post_I23	300	PAIRED	AMPLICON	METAGENOMIC	PCR	132692	79812267	Teagasc Food Research Centre;Ireland;TEAGASC	2018-07-19	2018-11-16	Illumina MiSeq paired end sequencing	BBC study	ena-STUDY-TEAGASC-19-05-2018-07:51:28:007-360	ena-EXPERIMENT-TEAGASC-19-05-2018-10:18:46:104-26	ena-RUN-TEAGASC-19-05-2018-10:18:46:104-26	23008630;27250945	01ab335728bfd8031f222a3a81380966;b69998c06e3c9a1d4432b7997682a31b	ftp.sra.ebi.ac.uk/vol1/fastq/ERR258/001/ERR2587731/ERR2587731_1.fastq.gz;ftp.sra.ebi.ac.uk/vol1/fastq/ERR258/001/ERR2587731/ERR2587731_2.fastq.gz	fasp.sra.ebi.ac.uk:/vol1/fastq/ERR258/001/ERR2587731/ERR2587731_1.fastq.gz;fasp.sra.ebi.ac.uk:/vol1/fastq/ERR258/001/ERR2587731/ERR2587731_2.fastq.gz	ftp.sra.ebi.ac.uk/vol1/fastq/ERR258/001/ERR2587731/ERR2587731_1.fastq.gz;ftp.sra.ebi.ac.uk/vol1/fastq/ERR258/001/ERR2587731/ERR2587731_2.fastq.gz	31471910;35281424	529a26054a821fe860eeb4d61de72d2e;5a1327ffcb5933d663815350ba432a9d	ftp.sra.ebi.ac.uk/vol1/run/ERR258/ERR2587731/16S_inulin_post_I23_S95_L001_R1_001.fastq.gz;ftp.sra.ebi.ac.uk/vol1/run/ERR258/ERR2587731/16S_inulin_post_I23_S95_L001_R2_001.fastq.gz	fasp.sra.ebi.ac.uk:/vol1/run/ERR258/ERR2587731/16S_inulin_post_I23_S95_L001_R1_001.fastq.gz;fasp.sra.ebi.ac.uk:/vol1/run/ERR258/ERR2587731/16S_inulin_post_I23_S95_L001_R2_001.fastq.gz	ftp.sra.ebi.ac.uk/vol1/run/ERR258/ERR2587731/16S_inulin_post_I23_S95_L001_R1_001.fastq.gz;ftp.sra.ebi.ac.uk/vol1/run/ERR258/ERR2587731/16S_inulin_post_I23_S95_L001_R2_001.fastq.gz	FASTQ;FASTQ	54858264	9462ea678e64de90dd88339f0571fce4	ftp.sra.ebi.ac.uk/vol1/err/ERR258/001/ERR2587731	fasp.sra.ebi.ac.uk:/vol1/err/ERR258/001/ERR2587731	ftp.sra.ebi.ac.uk/vol1/err/ERR258/001/ERR2587731	16S_inulin_post_I23		16S_inulin_post_I23		2018-05-19			
ERR2587733	ERP108869	SAMEA4670423	ERS2491036	ERX2604009	PRJEB26842	ERA1489867	1326787	fermentation metagenome	ILLUMINA	Illumina MiSeq	16S_inulin_post_I3	300	PAIRED	AMPLICON	METAGENOMIC	PCR	245411	147586661	Teagasc Food Research Centre;Ireland;TEAGASC	2018-07-19	2018-11-16	Illumina MiSeq paired end sequencing	BBC study	ena-STUDY-TEAGASC-19-05-2018-07:51:28:007-360	ena-EXPERIMENT-TEAGASC-19-05-2018-10:18:46:104-28	ena-RUN-TEAGASC-19-05-2018-10:18:46:104-28	40600059;49720783	617ca7e278987cdd4e6ee2c57350fbbe;9ec9aa856e367fffe6c5f3064ff98100	ftp.sra.ebi.ac.uk/vol1/fastq/ERR258/003/ERR2587733/ERR2587733_1.fastq.gz;ftp.sra.ebi.ac.uk/vol1/fastq/ERR258/003/ERR2587733/ERR2587733_2.fastq.gz	fasp.sra.ebi.ac.uk:/vol1/fastq/ERR258/003/ERR2587733/ERR2587733_1.fastq.gz;fasp.sra.ebi.ac.uk:/vol1/fastq/ERR258/003/ERR2587733/ERR2587733_2.fastq.gz	ftp.sra.ebi.ac.uk/vol1/fastq/ERR258/003/ERR2587733/ERR2587733_1.fastq.gz;ftp.sra.ebi.ac.uk/vol1/fastq/ERR258/003/ERR2587733/ERR2587733_2.fastq.gz	56970037;65258995	c1c0a5067c7ee7057f62515e63e015cb;9b2db2a4a75d31389010ef2b02b730cf	ftp.sra.ebi.ac.uk/vol1/run/ERR258/ERR2587733/16S_inulin_post_I3_S75_L001_R1_001.fastq.gz;ftp.sra.ebi.ac.uk/vol1/run/ERR258/ERR2587733/16S_inulin_post_I3_S75_L001_R2_001.fastq.gz	fasp.sra.ebi.ac.uk:/vol1/run/ERR258/ERR2587733/16S_inulin_post_I3_S75_L001_R1_001.fastq.gz;fasp.sra.ebi.ac.uk:/vol1/run/ERR258/ERR2587733/16S_inulin_post_I3_S75_L001_R2_001.fastq.gz	ftp.sra.ebi.ac.uk/vol1/run/ERR258/ERR2587733/16S_inulin_post_I3_S75_L001_R1_001.fastq.gz;ftp.sra.ebi.ac.uk/vol1/run/ERR258/ERR2587733/16S_inulin_post_I3_S75_L001_R2_001.fastq.gz	FASTQ;FASTQ	101063584	236360f5d40f92b669a07dfe0ec4ed9a	ftp.sra.ebi.ac.uk/vol1/err/ERR258/003/ERR2587733	fasp.sra.ebi.ac.uk:/vol1/err/ERR258/003/ERR2587733	ftp.sra.ebi.ac.uk/vol1/err/ERR258/003/ERR2587733	16S_inulin_post_I3		16S_inulin_post_I3		2018-05-19			
ERR2587737	ERP108869	SAMEA4670427	ERS2491040	ERX2604013	PRJEB26842	ERA1489867	1326787	fermentation metagenome	ILLUMINA	Illumina MiSeq	16S_inulin_pre_F11	300	PAIRED	AMPLICON	METAGENOMIC	PCR	114487	68860605	Teagasc Food Research Centre;Ireland;TEAGASC	2018-07-19	2018-11-16	Illumina MiSeq paired end sequencing	BBC study	ena-STUDY-TEAGASC-19-05-2018-07:51:28:007-360	ena-EXPERIMENT-TEAGASC-19-05-2018-10:18:46:104-32	ena-RUN-TEAGASC-19-05-2018-10:18:46:104-32	20921968;24511953	1885544c70be431118c277878539e4e7;202ec3a663b34564903438ac11735f20	ftp.sra.ebi.ac.uk/vol1/fastq/ERR258/007/ERR2587737/ERR2587737_1.fastq.gz;ftp.sra.ebi.ac.uk/vol1/fastq/ERR258/007/ERR2587737/ERR2587737_2.fastq.gz	fasp.sra.ebi.ac.uk:/vol1/fastq/ERR258/007/ERR2587737/ERR2587737_1.fastq.gz;fasp.sra.ebi.ac.uk:/vol1/fastq/ERR258/007/ERR2587737/ERR2587737_2.fastq.gz	ftp.sra.ebi.ac.uk/vol1/fastq/ERR258/007/ERR2587737/ERR2587737_1.fastq.gz;ftp.sra.ebi.ac.uk/vol1/fastq/ERR258/007/ERR2587737/ERR2587737_2.fastq.gz	27836329;31170785	d53804c9a3f8bed39c23ef3db5cae022;8f4f7b6e12205bd2ba32518510149828	ftp.sra.ebi.ac.uk/vol1/run/ERR258/ERR2587737/16S_inulin_pre_F11_S113_L001_R1_001.fastq.gz;ftp.sra.ebi.ac.uk/vol1/run/ERR258/ERR2587737/16S_inulin_pre_F11_S113_L001_R2_001.fastq.gz	fasp.sra.ebi.ac.uk:/vol1/run/ERR258/ERR2587737/16S_inulin_pre_F11_S113_L001_R1_001.fastq.gz;fasp.sra.ebi.ac.uk:/vol1/run/ERR258/ERR2587737/16S_inulin_pre_F11_S113_L001_R2_001.fastq.gz	ftp.sra.ebi.ac.uk/vol1/run/ERR258/ERR2587737/16S_inulin_pre_F11_S113_L001_R1_001.fastq.gz;ftp.sra.ebi.ac.uk/vol1/run/ERR258/ERR2587737/16S_inulin_pre_F11_S113_L001_R2_001.fastq.gz	FASTQ;FASTQ	48273847	c2b11a8dfc25e6acefaafac8e8c23637	ftp.sra.ebi.ac.uk/vol1/err/ERR258/007/ERR2587737	fasp.sra.ebi.ac.uk:/vol1/err/ERR258/007/ERR2587737	ftp.sra.ebi.ac.uk/vol1/err/ERR258/007/ERR2587737	16S_inulin_pre_F11		16S_inulin_pre_F11		2018-05-19			
ERR2587738	ERP108869	SAMEA4670428	ERS2491041	ERX2604014	PRJEB26842	ERA1489867	1326787	fermentation metagenome	ILLUMINA	Illumina MiSeq	16S_inulin_pre_F16	300	PAIRED	AMPLICON	METAGENOMIC	PCR	248186	149257798	Teagasc Food Research Centre;Ireland;TEAGASC	2018-07-19	2018-11-16	Illumina MiSeq paired end sequencing	BBC study	ena-STUDY-TEAGASC-19-05-2018-07:51:28:007-360	ena-EXPERIMENT-TEAGASC-19-05-2018-10:18:46:104-33	ena-RUN-TEAGASC-19-05-2018-10:18:46:104-33	44708694;51970732	0613e3bd6ef8312bdab8066fd1846258;7ca001a2b44eec49f773bf0ca793203b	ftp.sra.ebi.ac.uk/vol1/fastq/ERR258/008/ERR2587738/ERR2587738_1.fastq.gz;ftp.sra.ebi.ac.uk/vol1/fastq/ERR258/008/ERR2587738/ERR2587738_2.fastq.gz	fasp.sra.ebi.ac.uk:/vol1/fastq/ERR258/008/ERR2587738/ERR2587738_1.fastq.gz;fasp.sra.ebi.ac.uk:/vol1/fastq/ERR258/008/ERR2587738/ERR2587738_2.fastq.gz	ftp.sra.ebi.ac.uk/vol1/fastq/ERR258/008/ERR2587738/ERR2587738_1.fastq.gz;ftp.sra.ebi.ac.uk/vol1/fastq/ERR258/008/ERR2587738/ERR2587738_2.fastq.gz	61040953;67226649	18e4c9831defb32674f307be3e7269ad;9488ff22beaa5c49bf88ea9639554540	ftp.sra.ebi.ac.uk/vol1/run/ERR258/ERR2587738/16S_inulin_pre_F16_S118_L001_R1_001.fastq.gz;ftp.sra.ebi.ac.uk/vol1/run/ERR258/ERR2587738/16S_inulin_pre_F16_S118_L001_R2_001.fastq.gz	fasp.sra.ebi.ac.uk:/vol1/run/ERR258/ERR2587738/16S_inulin_pre_F16_S118_L001_R1_001.fastq.gz;fasp.sra.ebi.ac.uk:/vol1/run/ERR258/ERR2587738/16S_inulin_pre_F16_S118_L001_R2_001.fastq.gz	ftp.sra.ebi.ac.uk/vol1/run/ERR258/ERR2587738/16S_inulin_pre_F16_S118_L001_R1_001.fastq.gz;ftp.sra.ebi.ac.uk/vol1/run/ERR258/ERR2587738/16S_inulin_pre_F16_S118_L001_R2_001.fastq.gz	FASTQ;FASTQ	104622751	0a73519f0ca6f07cf516fef7ba5408cf	ftp.sra.ebi.ac.uk/vol1/err/ERR258/008/ERR2587738	fasp.sra.ebi.ac.uk:/vol1/err/ERR258/008/ERR2587738	ftp.sra.ebi.ac.uk/vol1/err/ERR258/008/ERR2587738	16S_inulin_pre_F16		16S_inulin_pre_F16		2018-05-19			
ERR2587742	ERP108869	SAMEA4670432	ERS2491045	ERX2604018	PRJEB26842	ERA1489867	1326787	fermentation metagenome	ILLUMINA	Illumina MiSeq	16S_inulin_pre_F26	300	PAIRED	AMPLICON	METAGENOMIC	PCR	199986	120261581	Teagasc Food Research Centre;Ireland;TEAGASC	2018-07-19	2018-11-16	Illumina MiSeq paired end sequencing	BBC study	ena-STUDY-TEAGASC-19-05-2018-07:51:28:007-360	ena-EXPERIMENT-TEAGASC-19-05-2018-10:18:46:104-37	ena-RUN-TEAGASC-19-05-2018-10:18:46:104-37	36877862;42723099	9af5fa71c92dab5b959e5d3256a4c836;06a2528c1a54253b8b201846eab9de5d	ftp.sra.ebi.ac.uk/vol1/fastq/ERR258/002/ERR2587742/ERR2587742_1.fastq.gz;ftp.sra.ebi.ac.uk/vol1/fastq/ERR258/002/ERR2587742/ERR2587742_2.fastq.gz	fasp.sra.ebi.ac.uk:/vol1/fastq/ERR258/002/ERR2587742/ERR2587742_1.fastq.gz;fasp.sra.ebi.ac.uk:/vol1/fastq/ERR258/002/ERR2587742/ERR2587742_2.fastq.gz	ftp.sra.ebi.ac.uk/vol1/fastq/ERR258/002/ERR2587742/ERR2587742_1.fastq.gz;ftp.sra.ebi.ac.uk/vol1/fastq/ERR258/002/ERR2587742/ERR2587742_2.fastq.gz	49913838;54991975	23c59c8a7dee25210a1ee7d14bfdc113;42f87ed63836e86cebf478deb3c8effa	ftp.sra.ebi.ac.uk/vol1/run/ERR258/ERR2587742/16S_inulin_pre_F26_S128_L001_R1_001.fastq.gz;ftp.sra.ebi.ac.uk/vol1/run/ERR258/ERR2587742/16S_inulin_pre_F26_S128_L001_R2_001.fastq.gz	fasp.sra.ebi.ac.uk:/vol1/run/ERR258/ERR2587742/16S_inulin_pre_F26_S128_L001_R1_001.fastq.gz;fasp.sra.ebi.ac.uk:/vol1/run/ERR258/ERR2587742/16S_inulin_pre_F26_S128_L001_R2_001.fastq.gz	ftp.sra.ebi.ac.uk/vol1/run/ERR258/ERR2587742/16S_inulin_pre_F26_S128_L001_R1_001.fastq.gz;ftp.sra.ebi.ac.uk/vol1/run/ERR258/ERR2587742/16S_inulin_pre_F26_S128_L001_R2_001.fastq.gz	FASTQ;FASTQ	84168532	c0afad034f5b0dad4aafbd2d9521e195	ftp.sra.ebi.ac.uk/vol1/err/ERR258/002/ERR2587742	fasp.sra.ebi.ac.uk:/vol1/err/ERR258/002/ERR2587742	ftp.sra.ebi.ac.uk/vol1/err/ERR258/002/ERR2587742	16S_inulin_pre_F26		16S_inulin_pre_F26		2018-05-19			
ERR2587749	ERP108869	SAMEA4670438	ERS2491051	ERX2604025	PRJEB26842	ERA1489867	1326787	fermentation metagenome	ILLUMINA	Illumina MiSeq	16S_kefir_post_I1	300	PAIRED	AMPLICON	METAGENOMIC	PCR	121365	72998989	Teagasc Food Research Centre;Ireland;TEAGASC	2018-07-19	2018-11-16	Illumina MiSeq paired end sequencing	BBC study	ena-STUDY-TEAGASC-19-05-2018-07:51:28:007-360	ena-EXPERIMENT-TEAGASC-19-05-2018-10:18:46:105-44	ena-RUN-TEAGASC-19-05-2018-10:18:46:105-44	21143771;24889864	f08f2b355cf95a1b25367562e7e86a56;ff30f1fc361fce4d138641b35c8f7fc4	ftp.sra.ebi.ac.uk/vol1/fastq/ERR258/009/ERR2587749/ERR2587749_1.fastq.gz;ftp.sra.ebi.ac.uk/vol1/fastq/ERR258/009/ERR2587749/ERR2587749_2.fastq.gz	fasp.sra.ebi.ac.uk:/vol1/fastq/ERR258/009/ERR2587749/ERR2587749_1.fastq.gz;fasp.sra.ebi.ac.uk:/vol1/fastq/ERR258/009/ERR2587749/ERR2587749_2.fastq.gz	ftp.sra.ebi.ac.uk/vol1/fastq/ERR258/009/ERR2587749/ERR2587749_1.fastq.gz;ftp.sra.ebi.ac.uk/vol1/fastq/ERR258/009/ERR2587749/ERR2587749_2.fastq.gz	29019318;32390295	021a41e00eaec98d20c08271068fe3f0;2512ebd1a1bf797170669a74ff573efd	ftp.sra.ebi.ac.uk/vol1/run/ERR258/ERR2587749/16S_kefir_post_I1_S73_L001_R1_001.fastq.gz;ftp.sra.ebi.ac.uk/vol1/run/ERR258/ERR2587749/16S_kefir_post_I1_S73_L001_R2_001.fastq.gz	fasp.sra.ebi.ac.uk:/vol1/run/ERR258/ERR2587749/16S_kefir_post_I1_S73_L001_R1_001.fastq.gz;fasp.sra.ebi.ac.uk:/vol1/run/ERR258/ERR2587749/16S_kefir_post_I1_S73_L001_R2_001.fastq.gz	ftp.sra.ebi.ac.uk/vol1/run/ERR258/ERR2587749/16S_kefir_post_I1_S73_L001_R1_001.fastq.gz;ftp.sra.ebi.ac.uk/vol1/run/ERR258/ERR2587749/16S_kefir_post_I1_S73_L001_R2_001.fastq.gz	FASTQ;FASTQ	50604703	0367ee1a64c9f5393a24f7b12d58deeb	ftp.sra.ebi.ac.uk/vol1/err/ERR258/009/ERR2587749	fasp.sra.ebi.ac.uk:/vol1/err/ERR258/009/ERR2587749	ftp.sra.ebi.ac.uk/vol1/err/ERR258/009/ERR2587749	16S_kefir_post_I17		16S_kefir_post_I17		2018-05-19			
ERR2587755	ERP108869	SAMEA4670448	ERS2491061	ERX2604031	PRJEB26842	ERA1489867	1326787	fermentation metagenome	ILLUMINA	Illumina MiSeq	16S_kefir_pre_F13	300	PAIRED	AMPLICON	METAGENOMIC	PCR	231337	139139936	Teagasc Food Research Centre;Ireland;TEAGASC	2018-07-19	2018-11-16	Illumina MiSeq paired end sequencing	BBC study	ena-STUDY-TEAGASC-19-05-2018-07:51:28:007-360	ena-EXPERIMENT-TEAGASC-19-05-2018-10:18:46:105-50	ena-RUN-TEAGASC-19-05-2018-10:18:46:105-50	38916833;47930211	779420538caab145998a134cab964e39;8afdca0bbc0be91ddb52f2b6f43d205f	ftp.sra.ebi.ac.uk/vol1/fastq/ERR258/005/ERR2587755/ERR2587755_1.fastq.gz;ftp.sra.ebi.ac.uk/vol1/fastq/ERR258/005/ERR2587755/ERR2587755_2.fastq.gz	fasp.sra.ebi.ac.uk:/vol1/fastq/ERR258/005/ERR2587755/ERR2587755_1.fastq.gz;fasp.sra.ebi.ac.uk:/vol1/fastq/ERR258/005/ERR2587755/ERR2587755_2.fastq.gz	ftp.sra.ebi.ac.uk/vol1/fastq/ERR258/005/ERR2587755/ERR2587755_1.fastq.gz;ftp.sra.ebi.ac.uk/vol1/fastq/ERR258/005/ERR2587755/ERR2587755_2.fastq.gz	54353527;62388640	8a1f73e3646aaba2e0398c8304660cf2;80df9b33e600d47c48b3487be8e3284a	ftp.sra.ebi.ac.uk/vol1/run/ERR258/ERR2587755/16S_kefir_pre_F13_S115_L001_R1_001.fastq.gz;ftp.sra.ebi.ac.uk/vol1/run/ERR258/ERR2587755/16S_kefir_pre_F13_S115_L001_R2_001.fastq.gz	fasp.sra.ebi.ac.uk:/vol1/run/ERR258/ERR2587755/16S_kefir_pre_F13_S115_L001_R1_001.fastq.gz;fasp.sra.ebi.ac.uk:/vol1/run/ERR258/ERR2587755/16S_kefir_pre_F13_S115_L001_R2_001.fastq.gz	ftp.sra.ebi.ac.uk/vol1/run/ERR258/ERR2587755/16S_kefir_pre_F13_S115_L001_R1_001.fastq.gz;ftp.sra.ebi.ac.uk/vol1/run/ERR258/ERR2587755/16S_kefir_pre_F13_S115_L001_R2_001.fastq.gz	FASTQ;FASTQ	95926534	d34d82c5feb7c94f9f4a70aab9726aaf	ftp.sra.ebi.ac.uk/vol1/err/ERR258/005/ERR2587755	fasp.sra.ebi.ac.uk:/vol1/err/ERR258/005/ERR2587755	ftp.sra.ebi.ac.uk/vol1/err/ERR258/005/ERR2587755	16S_kefir_pre_F1		16S_kefir_pre_F1		2018-05-19			
ERR2587757	ERP108869	SAMEA4670446	ERS2491059	ERX2604033	PRJEB26842	ERA1489867	1326787	fermentation metagenome	ILLUMINA	Illumina MiSeq	16S_kefir_pre_F17	300	PAIRED	AMPLICON	METAGENOMIC	PCR	163699	98454325	Teagasc Food Research Centre;Ireland;TEAGASC	2018-07-19	2018-11-16	Illumina MiSeq paired end sequencing	BBC study	ena-STUDY-TEAGASC-19-05-2018-07:51:28:007-360	ena-EXPERIMENT-TEAGASC-19-05-2018-10:18:46:105-52	ena-RUN-TEAGASC-19-05-2018-10:18:46:105-52	28499734;33367976	9750aab343e6114c3292f13e8475742c;7f60c7cb8bbad007b75e12b5edd77146	ftp.sra.ebi.ac.uk/vol1/fastq/ERR258/007/ERR2587757/ERR2587757_1.fastq.gz;ftp.sra.ebi.ac.uk/vol1/fastq/ERR258/007/ERR2587757/ERR2587757_2.fastq.gz	fasp.sra.ebi.ac.uk:/vol1/fastq/ERR258/007/ERR2587757/ERR2587757_1.fastq.gz;fasp.sra.ebi.ac.uk:/vol1/fastq/ERR258/007/ERR2587757/ERR2587757_2.fastq.gz	ftp.sra.ebi.ac.uk/vol1/fastq/ERR258/007/ERR2587757/ERR2587757_1.fastq.gz;ftp.sra.ebi.ac.uk/vol1/fastq/ERR258/007/ERR2587757/ERR2587757_2.fastq.gz	39727401;43946035	e8177874825e88e106d678e4944fb6f0;0573648abf8088e6c939e696d6c290a5	ftp.sra.ebi.ac.uk/vol1/run/ERR258/ERR2587757/16S_kefir_pre_F17_S119_L001_R1_001.fastq.gz;ftp.sra.ebi.ac.uk/vol1/run/ERR258/ERR2587757/16S_kefir_pre_F17_S119_L001_R2_001.fastq.gz	fasp.sra.ebi.ac.uk:/vol1/run/ERR258/ERR2587757/16S_kefir_pre_F17_S119_L001_R1_001.fastq.gz;fasp.sra.ebi.ac.uk:/vol1/run/ERR258/ERR2587757/16S_kefir_pre_F17_S119_L001_R2_001.fastq.gz	ftp.sra.ebi.ac.uk/vol1/run/ERR258/ERR2587757/16S_kefir_pre_F17_S119_L001_R1_001.fastq.gz;ftp.sra.ebi.ac.uk/vol1/run/ERR258/ERR2587757/16S_kefir_pre_F17_S119_L001_R2_001.fastq.gz	FASTQ;FASTQ	68355502	905a86f9e8888874d7f19a428abade4d	ftp.sra.ebi.ac.uk/vol1/err/ERR258/007/ERR2587757	fasp.sra.ebi.ac.uk:/vol1/err/ERR258/007/ERR2587757	ftp.sra.ebi.ac.uk/vol1/err/ERR258/007/ERR2587757	16S_kefir_pre_F14		16S_kefir_pre_F14		2018-05-19			
ERR2587758	ERP108869	SAMEA4670447	ERS2491060	ERX2604034	PRJEB26842	ERA1489867	1326787	fermentation metagenome	ILLUMINA	Illumina MiSeq	16S_kefir_pre_F1	300	PAIRED	AMPLICON	METAGENOMIC	PCR	177266	106620883	Teagasc Food Research Centre;Ireland;TEAGASC	2018-07-19	2018-11-16	Illumina MiSeq paired end sequencing	BBC study	ena-STUDY-TEAGASC-19-05-2018-07:51:28:007-360	ena-EXPERIMENT-TEAGASC-19-05-2018-10:18:46:105-53	ena-RUN-TEAGASC-19-05-2018-10:18:46:105-53	30875874;37307058	205d217d31a0698f5c2234e0600ec9cb;b62903e4e9e2e1cc8c2586f92b93e589	ftp.sra.ebi.ac.uk/vol1/fastq/ERR258/008/ERR2587758/ERR2587758_1.fastq.gz;ftp.sra.ebi.ac.uk/vol1/fastq/ERR258/008/ERR2587758/ERR2587758_2.fastq.gz	fasp.sra.ebi.ac.uk:/vol1/fastq/ERR258/008/ERR2587758/ERR2587758_1.fastq.gz;fasp.sra.ebi.ac.uk:/vol1/fastq/ERR258/008/ERR2587758/ERR2587758_2.fastq.gz	ftp.sra.ebi.ac.uk/vol1/fastq/ERR258/008/ERR2587758/ERR2587758_1.fastq.gz;ftp.sra.ebi.ac.uk/vol1/fastq/ERR258/008/ERR2587758/ERR2587758_2.fastq.gz	42842855;48430473	e0f968feee45dc817119ea2bbb0a7cc5;c47662becaeb432fac4e959f4fe716e2	ftp.sra.ebi.ac.uk/vol1/run/ERR258/ERR2587758/16S_kefir_pre_F1_S103_L001_R1_001.fastq.gz;ftp.sra.ebi.ac.uk/vol1/run/ERR258/ERR2587758/16S_kefir_pre_F1_S103_L001_R2_001.fastq.gz	fasp.sra.ebi.ac.uk:/vol1/run/ERR258/ERR2587758/16S_kefir_pre_F1_S103_L001_R1_001.fastq.gz;fasp.sra.ebi.ac.uk:/vol1/run/ERR258/ERR2587758/16S_kefir_pre_F1_S103_L001_R2_001.fastq.gz	ftp.sra.ebi.ac.uk/vol1/run/ERR258/ERR2587758/16S_kefir_pre_F1_S103_L001_R1_001.fastq.gz;ftp.sra.ebi.ac.uk/vol1/run/ERR258/ERR2587758/16S_kefir_pre_F1_S103_L001_R2_001.fastq.gz	FASTQ;FASTQ	74026843	059ece0b5e2e3c97b77d33da2a49dd6b	ftp.sra.ebi.ac.uk/vol1/err/ERR258/008/ERR2587758	fasp.sra.ebi.ac.uk:/vol1/err/ERR258/008/ERR2587758	ftp.sra.ebi.ac.uk/vol1/err/ERR258/008/ERR2587758	16S_kefir_pre_F17		16S_kefir_pre_F17		2018-05-19			
ERR2587760	ERP108869	SAMEA4670450	ERS2491063	ERX2604036	PRJEB26842	ERA1489867	1326787	fermentation metagenome	ILLUMINA	Illumina MiSeq	16S_kefir_pre_F29	300	PAIRED	AMPLICON	METAGENOMIC	PCR	203242	122232729	Teagasc Food Research Centre;Ireland;TEAGASC	2018-07-19	2018-11-16	Illumina MiSeq paired end sequencing	BBC study	ena-STUDY-TEAGASC-19-05-2018-07:51:28:007-360	ena-EXPERIMENT-TEAGASC-19-05-2018-10:18:46:105-55	ena-RUN-TEAGASC-19-05-2018-10:18:46:105-55	34984334;41445706	827612eeb6a7600281cac49978adab50;6fb1f714f22f6653c7de187157066a1c	ftp.sra.ebi.ac.uk/vol1/fastq/ERR258/000/ERR2587760/ERR2587760_1.fastq.gz;ftp.sra.ebi.ac.uk/vol1/fastq/ERR258/000/ERR2587760/ERR2587760_2.fastq.gz	fasp.sra.ebi.ac.uk:/vol1/fastq/ERR258/000/ERR2587760/ERR2587760_1.fastq.gz;fasp.sra.ebi.ac.uk:/vol1/fastq/ERR258/000/ERR2587760/ERR2587760_2.fastq.gz	ftp.sra.ebi.ac.uk/vol1/fastq/ERR258/000/ERR2587760/ERR2587760_1.fastq.gz;ftp.sra.ebi.ac.uk/vol1/fastq/ERR258/000/ERR2587760/ERR2587760_2.fastq.gz	48537063;54142860	ece370dce7a301de87a9e5b02ae689de;d5bbef099f18b2e5db6c417a326167d1	ftp.sra.ebi.ac.uk/vol1/run/ERR258/ERR2587760/16S_kefir_pre_F29_S130_L001_R1_001.fastq.gz;ftp.sra.ebi.ac.uk/vol1/run/ERR258/ERR2587760/16S_kefir_pre_F29_S130_L001_R2_001.fastq.gz	fasp.sra.ebi.ac.uk:/vol1/run/ERR258/ERR2587760/16S_kefir_pre_F29_S130_L001_R1_001.fastq.gz;fasp.sra.ebi.ac.uk:/vol1/run/ERR258/ERR2587760/16S_kefir_pre_F29_S130_L001_R2_001.fastq.gz	ftp.sra.ebi.ac.uk/vol1/run/ERR258/ERR2587760/16S_kefir_pre_F29_S130_L001_R1_001.fastq.gz;ftp.sra.ebi.ac.uk/vol1/run/ERR258/ERR2587760/16S_kefir_pre_F29_S130_L001_R2_001.fastq.gz	FASTQ;FASTQ	84225185	3bf35e99c1bcb87e5bf1680f86d5170f	ftp.sra.ebi.ac.uk/vol1/err/ERR258/000/ERR2587760	fasp.sra.ebi.ac.uk:/vol1/err/ERR258/000/ERR2587760	ftp.sra.ebi.ac.uk/vol1/err/ERR258/000/ERR2587760	16S_kefir_pre_F29		16S_kefir_pre_F29		2018-05-19			
ERR2587763	ERP108869	SAMEA4670453	ERS2491066	ERX2604039	PRJEB26842	ERA1489867	1326787	fermentation metagenome	ILLUMINA	Illumina MiSeq	16S_kefir_pre_F7	300	PAIRED	AMPLICON	METAGENOMIC	PCR	236280	142115364	Teagasc Food Research Centre;Ireland;TEAGASC	2018-07-19	2018-11-16	Illumina MiSeq paired end sequencing	BBC study	ena-STUDY-TEAGASC-19-05-2018-07:51:28:007-360	ena-EXPERIMENT-TEAGASC-19-05-2018-10:18:46:105-58	ena-RUN-TEAGASC-19-05-2018-10:18:46:105-58	39972773;48323066	1a8feba5e456e6de55069c78dd3547b4;a33ce8ce7f657e8b4549fb08eb29f716	ftp.sra.ebi.ac.uk/vol1/fastq/ERR258/003/ERR2587763/ERR2587763_1.fastq.gz;ftp.sra.ebi.ac.uk/vol1/fastq/ERR258/003/ERR2587763/ERR2587763_2.fastq.gz	fasp.sra.ebi.ac.uk:/vol1/fastq/ERR258/003/ERR2587763/ERR2587763_1.fastq.gz;fasp.sra.ebi.ac.uk:/vol1/fastq/ERR258/003/ERR2587763/ERR2587763_2.fastq.gz	ftp.sra.ebi.ac.uk/vol1/fastq/ERR258/003/ERR2587763/ERR2587763_1.fastq.gz;ftp.sra.ebi.ac.uk/vol1/fastq/ERR258/003/ERR2587763/ERR2587763_2.fastq.gz	55781192;63256921	fced402001069462048abd151a2134ff;fb75f9ea83ae3114081a80c48e63fd25	ftp.sra.ebi.ac.uk/vol1/run/ERR258/ERR2587763/16S_kefir_pre_F7_S109_L001_R1_001.fastq.gz;ftp.sra.ebi.ac.uk/vol1/run/ERR258/ERR2587763/16S_kefir_pre_F7_S109_L001_R2_001.fastq.gz	fasp.sra.ebi.ac.uk:/vol1/run/ERR258/ERR2587763/16S_kefir_pre_F7_S109_L001_R1_001.fastq.gz;fasp.sra.ebi.ac.uk:/vol1/run/ERR258/ERR2587763/16S_kefir_pre_F7_S109_L001_R2_001.fastq.gz	ftp.sra.ebi.ac.uk/vol1/run/ERR258/ERR2587763/16S_kefir_pre_F7_S109_L001_R1_001.fastq.gz;ftp.sra.ebi.ac.uk/vol1/run/ERR258/ERR2587763/16S_kefir_pre_F7_S109_L001_R2_001.fastq.gz	FASTQ;FASTQ	98330800	753125ceb01699685b17d2ce2f696dde	ftp.sra.ebi.ac.uk/vol1/err/ERR258/003/ERR2587763	fasp.sra.ebi.ac.uk:/vol1/err/ERR258/003/ERR2587763	ftp.sra.ebi.ac.uk/vol1/err/ERR258/003/ERR2587763	16S_kefir_pre_F7		16S_kefir_pre_F7		2018-05-19			
ERR2587708	ERP108869	SAMEA4670398	ERS2491011	ERX2603984	PRJEB26842	ERA1489867	1326787	fermentation metagenome	ILLUMINA	Illumina MiSeq	16S_fmp_post_I18	300	PAIRED	AMPLICON	METAGENOMIC	PCR	311517	187341982	Teagasc Food Research Centre;Ireland;TEAGASC	2018-07-19	2018-11-16	Illumina MiSeq paired end sequencing	BBC study	ena-STUDY-TEAGASC-19-05-2018-07:51:28:007-360	ena-EXPERIMENT-TEAGASC-19-05-2018-10:18:46:103-3	ena-RUN-TEAGASC-19-05-2018-10:18:46:103-3	53701452;63468506	02cf68a2e0cad4fe2c471cf3df2d56bf;3e82450ba97f34a29a0e4a2e47d9e06e	ftp.sra.ebi.ac.uk/vol1/fastq/ERR258/008/ERR2587708/ERR2587708_1.fastq.gz;ftp.sra.ebi.ac.uk/vol1/fastq/ERR258/008/ERR2587708/ERR2587708_2.fastq.gz	fasp.sra.ebi.ac.uk:/vol1/fastq/ERR258/008/ERR2587708/ERR2587708_1.fastq.gz;fasp.sra.ebi.ac.uk:/vol1/fastq/ERR258/008/ERR2587708/ERR2587708_2.fastq.gz	ftp.sra.ebi.ac.uk/vol1/fastq/ERR258/008/ERR2587708/ERR2587708_1.fastq.gz;ftp.sra.ebi.ac.uk/vol1/fastq/ERR258/008/ERR2587708/ERR2587708_2.fastq.gz	75041467;83488841	98db9754b08ec593d476d0b5f68888ed;31ed626dce026c8409b7427685aba3d9	ftp.sra.ebi.ac.uk/vol1/run/ERR258/ERR2587708/16S_fmp_post_I18_S90_L001_R1_001.fastq.gz;ftp.sra.ebi.ac.uk/vol1/run/ERR258/ERR2587708/16S_fmp_post_I18_S90_L001_R2_001.fastq.gz	fasp.sra.ebi.ac.uk:/vol1/run/ERR258/ERR2587708/16S_fmp_post_I18_S90_L001_R1_001.fastq.gz;fasp.sra.ebi.ac.uk:/vol1/run/ERR258/ERR2587708/16S_fmp_post_I18_S90_L001_R2_001.fastq.gz	ftp.sra.ebi.ac.uk/vol1/run/ERR258/ERR2587708/16S_fmp_post_I18_S90_L001_R1_001.fastq.gz;ftp.sra.ebi.ac.uk/vol1/run/ERR258/ERR2587708/16S_fmp_post_I18_S90_L001_R2_001.fastq.gz	FASTQ;FASTQ	128239005	1fc2353d8320aca80d7ad9f66e326c53	ftp.sra.ebi.ac.uk/vol1/err/ERR258/008/ERR2587708	fasp.sra.ebi.ac.uk:/vol1/err/ERR258/008/ERR2587708	ftp.sra.ebi.ac.uk/vol1/err/ERR258/008/ERR2587708	16S_fmp_post_I18		16S_fmp_post_I18		2018-05-19			
ERR2587764	ERP108869	SAMEA4670454	ERS2491067	ERX2604040	PRJEB26842	ERA1489867	749906	gut metagenome	ILLUMINA	NextSeq 500	shotgun_fmp_post_11	150	PAIRED	OTHER	METAGENOMIC	RANDOM	7473905	2257119310	Teagasc Food Research Centre;Ireland;TEAGASC	2018-07-19	2018-11-16	NextSeq 500 paired end sequencing	BBC study	ena-STUDY-TEAGASC-19-05-2018-07:51:28:007-360	ena-EXPERIMENT-TEAGASC-19-05-2018-10:18:46:105-59	ena-RUN-TEAGASC-19-05-2018-10:18:46:105-59	718624936;738862675	4a56e92390943b144e7a56f84119bf5b;9212e02e8fd8fedabc16c146b4306f2e	ftp.sra.ebi.ac.uk/vol1/fastq/ERR258/004/ERR2587764/ERR2587764_1.fastq.gz;ftp.sra.ebi.ac.uk/vol1/fastq/ERR258/004/ERR2587764/ERR2587764_2.fastq.gz	fasp.sra.ebi.ac.uk:/vol1/fastq/ERR258/004/ERR2587764/ERR2587764_1.fastq.gz;fasp.sra.ebi.ac.uk:/vol1/fastq/ERR258/004/ERR2587764/ERR2587764_2.fastq.gz	ftp.sra.ebi.ac.uk/vol1/fastq/ERR258/004/ERR2587764/ERR2587764_1.fastq.gz;ftp.sra.ebi.ac.uk/vol1/fastq/ERR258/004/ERR2587764/ERR2587764_2.fastq.gz	699510887;719666554	9aa9b9083357496f96a4d2d067ffa76c;36436e56b1d55c620fe3b5f1fccddde9	ftp.sra.ebi.ac.uk/vol1/run/ERR258/ERR2587764/fmp_post_11_S22_R1_001.fastq.gz;ftp.sra.ebi.ac.uk/vol1/run/ERR258/ERR2587764/fmp_post_11_S22_R2_001.fastq.gz	fasp.sra.ebi.ac.uk:/vol1/run/ERR258/ERR2587764/fmp_post_11_S22_R1_001.fastq.gz;fasp.sra.ebi.ac.uk:/vol1/run/ERR258/ERR2587764/fmp_post_11_S22_R2_001.fastq.gz	ftp.sra.ebi.ac.uk/vol1/run/ERR258/ERR2587764/fmp_post_11_S22_R1_001.fastq.gz;ftp.sra.ebi.ac.uk/vol1/run/ERR258/ERR2587764/fmp_post_11_S22_R2_001.fastq.gz	FASTQ;FASTQ	1015985059	805b550be8214f27fc83493ecf7d9ce9	ftp.sra.ebi.ac.uk/vol1/err/ERR258/004/ERR2587764	fasp.sra.ebi.ac.uk:/vol1/err/ERR258/004/ERR2587764	ftp.sra.ebi.ac.uk/vol1/err/ERR258/004/ERR2587764	shotgun_fmp_post_11		shotgun_fmp_post_11		2018-05-19			
ERR2587767	ERP108869	SAMEA4670457	ERS2491070	ERX2604043	PRJEB26842	ERA1489867	749906	gut metagenome	ILLUMINA	NextSeq 500	shotgun_fmp_post_2	150	PAIRED	OTHER	METAGENOMIC	RANDOM	6755358	2040118116	Teagasc Food Research Centre;Ireland;TEAGASC	2018-07-19	2018-11-16	NextSeq 500 paired end sequencing	BBC study	ena-STUDY-TEAGASC-19-05-2018-07:51:28:007-360	ena-EXPERIMENT-TEAGASC-19-05-2018-10:18:46:105-62	ena-RUN-TEAGASC-19-05-2018-10:18:46:105-62	653805853;668979346	06508d9ae3528844e54f31aa38c3687f;45bf9f18f4e356c2316eb33d61e71f0a	ftp.sra.ebi.ac.uk/vol1/fastq/ERR258/007/ERR2587767/ERR2587767_1.fastq.gz;ftp.sra.ebi.ac.uk/vol1/fastq/ERR258/007/ERR2587767/ERR2587767_2.fastq.gz	fasp.sra.ebi.ac.uk:/vol1/fastq/ERR258/007/ERR2587767/ERR2587767_1.fastq.gz;fasp.sra.ebi.ac.uk:/vol1/fastq/ERR258/007/ERR2587767/ERR2587767_2.fastq.gz	ftp.sra.ebi.ac.uk/vol1/fastq/ERR258/007/ERR2587767/ERR2587767_1.fastq.gz;ftp.sra.ebi.ac.uk/vol1/fastq/ERR258/007/ERR2587767/ERR2587767_2.fastq.gz	636541076;651679604	b2b188c8888e254380438d4a11b0c2d9;8581415f1578bd4a04472febb5b98b8e	ftp.sra.ebi.ac.uk/vol1/run/ERR258/ERR2587767/fmp_post_21_S42_R1_001.fastq.gz;ftp.sra.ebi.ac.uk/vol1/run/ERR258/ERR2587767/fmp_post_21_S42_R2_001.fastq.gz	fasp.sra.ebi.ac.uk:/vol1/run/ERR258/ERR2587767/fmp_post_21_S42_R1_001.fastq.gz;fasp.sra.ebi.ac.uk:/vol1/run/ERR258/ERR2587767/fmp_post_21_S42_R2_001.fastq.gz	ftp.sra.ebi.ac.uk/vol1/run/ERR258/ERR2587767/fmp_post_21_S42_R1_001.fastq.gz;ftp.sra.ebi.ac.uk/vol1/run/ERR258/ERR2587767/fmp_post_21_S42_R2_001.fastq.gz	FASTQ;FASTQ	921420780	2ce2458010ad9f709d5a559dbd005545	ftp.sra.ebi.ac.uk/vol1/err/ERR258/007/ERR2587767	fasp.sra.ebi.ac.uk:/vol1/err/ERR258/007/ERR2587767	ftp.sra.ebi.ac.uk/vol1/err/ERR258/007/ERR2587767	shotgun_fmp_post_2		shotgun_fmp_post_2		2018-05-19			
ERR2587774	ERP108869	SAMEA4670464	ERS2491077	ERX2604050	PRJEB26842	ERA1489867	749906	gut metagenome	ILLUMINA	NextSeq 500	shotgun_fmp_pre_11	150	PAIRED	OTHER	METAGENOMIC	RANDOM	6464217	1952193534	Teagasc Food Research Centre;Ireland;TEAGASC	2018-07-19	2018-11-16	NextSeq 500 paired end sequencing	BBC study	ena-STUDY-TEAGASC-19-05-2018-07:51:28:007-360	ena-EXPERIMENT-TEAGASC-19-05-2018-10:18:46:105-69	ena-RUN-TEAGASC-19-05-2018-10:18:46:105-69	627931320;643899807	2ae39c4f1a4a50628710103261242389;0d58061b458a17d0986fa4dc88b0891e	ftp.sra.ebi.ac.uk/vol1/fastq/ERR258/004/ERR2587774/ERR2587774_1.fastq.gz;ftp.sra.ebi.ac.uk/vol1/fastq/ERR258/004/ERR2587774/ERR2587774_2.fastq.gz	fasp.sra.ebi.ac.uk:/vol1/fastq/ERR258/004/ERR2587774/ERR2587774_1.fastq.gz;fasp.sra.ebi.ac.uk:/vol1/fastq/ERR258/004/ERR2587774/ERR2587774_2.fastq.gz	ftp.sra.ebi.ac.uk/vol1/fastq/ERR258/004/ERR2587774/ERR2587774_1.fastq.gz;ftp.sra.ebi.ac.uk/vol1/fastq/ERR258/004/ERR2587774/ERR2587774_2.fastq.gz	611261674;627233716	63b1e52a4d46f85e609b75e4bb631a87;fe099b089f7d10c160fd64265595ce94	ftp.sra.ebi.ac.uk/vol1/run/ERR258/ERR2587774/fmp_pre_11_S21_R1_001.fastq.gz;ftp.sra.ebi.ac.uk/vol1/run/ERR258/ERR2587774/fmp_pre_11_S21_R2_001.fastq.gz	fasp.sra.ebi.ac.uk:/vol1/run/ERR258/ERR2587774/fmp_pre_11_S21_R1_001.fastq.gz;fasp.sra.ebi.ac.uk:/vol1/run/ERR258/ERR2587774/fmp_pre_11_S21_R2_001.fastq.gz	ftp.sra.ebi.ac.uk/vol1/run/ERR258/ERR2587774/fmp_pre_11_S21_R1_001.fastq.gz;ftp.sra.ebi.ac.uk/vol1/run/ERR258/ERR2587774/fmp_pre_11_S21_R2_001.fastq.gz	FASTQ;FASTQ	888530279	5ffebb1ace6028ca4b5b8866df62713a	ftp.sra.ebi.ac.uk/vol1/err/ERR258/004/ERR2587774	fasp.sra.ebi.ac.uk:/vol1/err/ERR258/004/ERR2587774	ftp.sra.ebi.ac.uk/vol1/err/ERR258/004/ERR2587774	shotgun_fmp_pre_11		shotgun_fmp_pre_11		2018-05-19			
ERR2587776	ERP108869	SAMEA4670466	ERS2491079	ERX2604052	PRJEB26842	ERA1489867	749906	gut metagenome	ILLUMINA	NextSeq 500	shotgun_fmp_pre_17	150	PAIRED	OTHER	METAGENOMIC	RANDOM	8473536	2559007872	Teagasc Food Research Centre;Ireland;TEAGASC	2018-07-19	2018-11-16	NextSeq 500 paired end sequencing	BBC study	ena-STUDY-TEAGASC-19-05-2018-07:51:28:007-360	ena-EXPERIMENT-TEAGASC-19-05-2018-10:18:46:105-71	ena-RUN-TEAGASC-19-05-2018-10:18:46:105-71	820776689;838281924	4414e8ee5948435161083dd7f1a7f806;f9fbf17f1e28493c399ed147756bad6d	ftp.sra.ebi.ac.uk/vol1/fastq/ERR258/006/ERR2587776/ERR2587776_1.fastq.gz;ftp.sra.ebi.ac.uk/vol1/fastq/ERR258/006/ERR2587776/ERR2587776_2.fastq.gz	fasp.sra.ebi.ac.uk:/vol1/fastq/ERR258/006/ERR2587776/ERR2587776_1.fastq.gz;fasp.sra.ebi.ac.uk:/vol1/fastq/ERR258/006/ERR2587776/ERR2587776_2.fastq.gz	ftp.sra.ebi.ac.uk/vol1/fastq/ERR258/006/ERR2587776/ERR2587776_1.fastq.gz;ftp.sra.ebi.ac.uk/vol1/fastq/ERR258/006/ERR2587776/ERR2587776_2.fastq.gz	798781840;816217098	fb6140fc789201f96e331773be7fdd28;851a2beb5fa9ed38d921afbad3390fff	ftp.sra.ebi.ac.uk/vol1/run/ERR258/ERR2587776/fmp_pre_17_S33_R1_001.fastq.gz;ftp.sra.ebi.ac.uk/vol1/run/ERR258/ERR2587776/fmp_pre_17_S33_R2_001.fastq.gz	fasp.sra.ebi.ac.uk:/vol1/run/ERR258/ERR2587776/fmp_pre_17_S33_R1_001.fastq.gz;fasp.sra.ebi.ac.uk:/vol1/run/ERR258/ERR2587776/fmp_pre_17_S33_R2_001.fastq.gz	ftp.sra.ebi.ac.uk/vol1/run/ERR258/ERR2587776/fmp_pre_17_S33_R1_001.fastq.gz;ftp.sra.ebi.ac.uk/vol1/run/ERR258/ERR2587776/fmp_pre_17_S33_R2_001.fastq.gz	FASTQ;FASTQ	1156783145	483396529167f01cd53472690ef45922	ftp.sra.ebi.ac.uk/vol1/err/ERR258/006/ERR2587776	fasp.sra.ebi.ac.uk:/vol1/err/ERR258/006/ERR2587776	ftp.sra.ebi.ac.uk/vol1/err/ERR258/006/ERR2587776	shotgun_fmp_pre_17		shotgun_fmp_pre_17		2018-05-19			
ERR2587781	ERP108869	SAMEA4670471	ERS2491084	ERX2604057	PRJEB26842	ERA1489867	749906	gut metagenome	ILLUMINA	NextSeq 500	shotgun_fmp_pre_29	150	PAIRED	OTHER	METAGENOMIC	RANDOM	7364776	2224162352	Teagasc Food Research Centre;Ireland;TEAGASC	2018-07-19	2018-11-16	NextSeq 500 paired end sequencing	BBC study	ena-STUDY-TEAGASC-19-05-2018-07:51:28:007-360	ena-EXPERIMENT-TEAGASC-19-05-2018-10:18:46:106-76	ena-RUN-TEAGASC-19-05-2018-10:18:46:106-76	707104608;724794070	1d264d7936b6fca40ca01c67f6104e0d;87a2ca3072a09e236412211c512aedef	ftp.sra.ebi.ac.uk/vol1/fastq/ERR258/001/ERR2587781/ERR2587781_1.fastq.gz;ftp.sra.ebi.ac.uk/vol1/fastq/ERR258/001/ERR2587781/ERR2587781_2.fastq.gz	fasp.sra.ebi.ac.uk:/vol1/fastq/ERR258/001/ERR2587781/ERR2587781_1.fastq.gz;fasp.sra.ebi.ac.uk:/vol1/fastq/ERR258/001/ERR2587781/ERR2587781_2.fastq.gz	ftp.sra.ebi.ac.uk/vol1/fastq/ERR258/001/ERR2587781/ERR2587781_1.fastq.gz;ftp.sra.ebi.ac.uk/vol1/fastq/ERR258/001/ERR2587781/ERR2587781_2.fastq.gz	688151926;705768257	692d2b8790e2af8978f37c665ee1d9e4;25fc4ac88b072d9a97d5db14a978e345	ftp.sra.ebi.ac.uk/vol1/run/ERR258/ERR2587781/fmp_pre_2_S3_R1_001.fastq.gz;ftp.sra.ebi.ac.uk/vol1/run/ERR258/ERR2587781/fmp_pre_2_S3_R2_001.fastq.gz	fasp.sra.ebi.ac.uk:/vol1/run/ERR258/ERR2587781/fmp_pre_2_S3_R1_001.fastq.gz;fasp.sra.ebi.ac.uk:/vol1/run/ERR258/ERR2587781/fmp_pre_2_S3_R2_001.fastq.gz	ftp.sra.ebi.ac.uk/vol1/run/ERR258/ERR2587781/fmp_pre_2_S3_R1_001.fastq.gz;ftp.sra.ebi.ac.uk/vol1/run/ERR258/ERR2587781/fmp_pre_2_S3_R2_001.fastq.gz	FASTQ;FASTQ	999122173	3dcc57c04b2dd092eb75937614a2ce9c	ftp.sra.ebi.ac.uk/vol1/err/ERR258/001/ERR2587781	fasp.sra.ebi.ac.uk:/vol1/err/ERR258/001/ERR2587781	ftp.sra.ebi.ac.uk/vol1/err/ERR258/001/ERR2587781	shotgun_fmp_pre_29		shotgun_fmp_pre_29		2018-05-19			
ERR2587784	ERP108869	SAMEA4670474	ERS2491087	ERX2604060	PRJEB26842	ERA1489867	749906	gut metagenome	ILLUMINA	NextSeq 500	shotgun_inulin_post_1	150	PAIRED	OTHER	METAGENOMIC	RANDOM	8084237	2441439574	Teagasc Food Research Centre;Ireland;TEAGASC	2018-07-19	2018-11-16	NextSeq 500 paired end sequencing	BBC study	ena-STUDY-TEAGASC-19-05-2018-07:51:28:007-360	ena-EXPERIMENT-TEAGASC-19-05-2018-10:18:46:106-79	ena-RUN-TEAGASC-19-05-2018-10:18:46:106-79	773917114;794159244	d0d7ad4289cb3862a3c49ea836bb886f;f7b51c6df28f42529510875e524b840d	ftp.sra.ebi.ac.uk/vol1/fastq/ERR258/004/ERR2587784/ERR2587784_1.fastq.gz;ftp.sra.ebi.ac.uk/vol1/fastq/ERR258/004/ERR2587784/ERR2587784_2.fastq.gz	fasp.sra.ebi.ac.uk:/vol1/fastq/ERR258/004/ERR2587784/ERR2587784_1.fastq.gz;fasp.sra.ebi.ac.uk:/vol1/fastq/ERR258/004/ERR2587784/ERR2587784_2.fastq.gz	ftp.sra.ebi.ac.uk/vol1/fastq/ERR258/004/ERR2587784/ERR2587784_1.fastq.gz;ftp.sra.ebi.ac.uk/vol1/fastq/ERR258/004/ERR2587784/ERR2587784_2.fastq.gz	753362448;773492467	e650000269cdecb8d7cebac9d142da62;dc3c9a2d567bd8ad1c51f979dc7e2041	ftp.sra.ebi.ac.uk/vol1/run/ERR258/ERR2587784/inulin_post_10_S20_R1_001.fastq.gz;ftp.sra.ebi.ac.uk/vol1/run/ERR258/ERR2587784/inulin_post_10_S20_R2_001.fastq.gz	fasp.sra.ebi.ac.uk:/vol1/run/ERR258/ERR2587784/inulin_post_10_S20_R1_001.fastq.gz;fasp.sra.ebi.ac.uk:/vol1/run/ERR258/ERR2587784/inulin_post_10_S20_R2_001.fastq.gz	ftp.sra.ebi.ac.uk/vol1/run/ERR258/ERR2587784/inulin_post_10_S20_R1_001.fastq.gz;ftp.sra.ebi.ac.uk/vol1/run/ERR258/ERR2587784/inulin_post_10_S20_R2_001.fastq.gz	FASTQ;FASTQ	1096974224	8196d2bf362932e44481884bc008087a	ftp.sra.ebi.ac.uk/vol1/err/ERR258/004/ERR2587784	fasp.sra.ebi.ac.uk:/vol1/err/ERR258/004/ERR2587784	ftp.sra.ebi.ac.uk/vol1/err/ERR258/004/ERR2587784	shotgun_inulin_post_1		shotgun_inulin_post_1		2018-05-19			
ERR2587788	ERP108869	SAMEA4670478	ERS2491091	ERX2604064	PRJEB26842	ERA1489867	749906	gut metagenome	ILLUMINA	NextSeq 500	shotgun_inulin_post_20	150	PAIRED	OTHER	METAGENOMIC	RANDOM	8270394	2497658988	Teagasc Food Research Centre;Ireland;TEAGASC	2018-07-19	2018-11-16	NextSeq 500 paired end sequencing	BBC study	ena-STUDY-TEAGASC-19-05-2018-07:51:28:007-360	ena-EXPERIMENT-TEAGASC-19-05-2018-10:18:46:106-83	ena-RUN-TEAGASC-19-05-2018-10:18:46:106-83	788524483;807680258	e963c92bcf55aa9f6b915f4ba794ae62;529bfde04b94867aa40b95a8c8958933	ftp.sra.ebi.ac.uk/vol1/fastq/ERR258/008/ERR2587788/ERR2587788_1.fastq.gz;ftp.sra.ebi.ac.uk/vol1/fastq/ERR258/008/ERR2587788/ERR2587788_2.fastq.gz	fasp.sra.ebi.ac.uk:/vol1/fastq/ERR258/008/ERR2587788/ERR2587788_1.fastq.gz;fasp.sra.ebi.ac.uk:/vol1/fastq/ERR258/008/ERR2587788/ERR2587788_2.fastq.gz	ftp.sra.ebi.ac.uk/vol1/fastq/ERR258/008/ERR2587788/ERR2587788_1.fastq.gz;ftp.sra.ebi.ac.uk/vol1/fastq/ERR258/008/ERR2587788/ERR2587788_2.fastq.gz	767264237;786305125	4ae7f4c3e7e0ea37da0c7dc6d1c576dc;8540332b3a7f466b5e47bf862eac7a4c	ftp.sra.ebi.ac.uk/vol1/run/ERR258/ERR2587788/inulin_post_20_S40_R1_001.fastq.gz;ftp.sra.ebi.ac.uk/vol1/run/ERR258/ERR2587788/inulin_post_20_S40_R2_001.fastq.gz	fasp.sra.ebi.ac.uk:/vol1/run/ERR258/ERR2587788/inulin_post_20_S40_R1_001.fastq.gz;fasp.sra.ebi.ac.uk:/vol1/run/ERR258/ERR2587788/inulin_post_20_S40_R2_001.fastq.gz	ftp.sra.ebi.ac.uk/vol1/run/ERR258/ERR2587788/inulin_post_20_S40_R1_001.fastq.gz;ftp.sra.ebi.ac.uk/vol1/run/ERR258/ERR2587788/inulin_post_20_S40_R2_001.fastq.gz	FASTQ;FASTQ	1111873287	5e644c70b4628b4c141f5114ac7341e1	ftp.sra.ebi.ac.uk/vol1/err/ERR258/008/ERR2587788	fasp.sra.ebi.ac.uk:/vol1/err/ERR258/008/ERR2587788	ftp.sra.ebi.ac.uk/vol1/err/ERR258/008/ERR2587788	shotgun_inulin_post_20		shotgun_inulin_post_20		2018-05-19			
ERR2587790	ERP108869	SAMEA4670480	ERS2491093	ERX2604066	PRJEB26842	ERA1489867	749906	gut metagenome	ILLUMINA	NextSeq 500	shotgun_inulin_post_25	150	PAIRED	OTHER	METAGENOMIC	RANDOM	8241756	2489010312	Teagasc Food Research Centre;Ireland;TEAGASC	2018-07-19	2018-11-16	NextSeq 500 paired end sequencing	BBC study	ena-STUDY-TEAGASC-19-05-2018-07:51:28:007-360	ena-EXPERIMENT-TEAGASC-19-05-2018-10:18:46:106-85	ena-RUN-TEAGASC-19-05-2018-10:18:46:106-85	789309607;808428161	a168a1e22a30c600f11fb052c55a1fe1;6463901d869a4d7e50b99b8a3daef177	ftp.sra.ebi.ac.uk/vol1/fastq/ERR258/000/ERR2587790/ERR2587790_1.fastq.gz;ftp.sra.ebi.ac.uk/vol1/fastq/ERR258/000/ERR2587790/ERR2587790_2.fastq.gz	fasp.sra.ebi.ac.uk:/vol1/fastq/ERR258/000/ERR2587790/ERR2587790_1.fastq.gz;fasp.sra.ebi.ac.uk:/vol1/fastq/ERR258/000/ERR2587790/ERR2587790_2.fastq.gz	ftp.sra.ebi.ac.uk/vol1/fastq/ERR258/000/ERR2587790/ERR2587790_1.fastq.gz;ftp.sra.ebi.ac.uk/vol1/fastq/ERR258/000/ERR2587790/ERR2587790_2.fastq.gz	767997546;787018274	ad47eb7bb4b63792f375b213bf9fc071;d5b96d15b2c39c2fe579bc08812a3241	ftp.sra.ebi.ac.uk/vol1/run/ERR258/ERR2587790/inulin_post_25_S50_R1_001.fastq.gz;ftp.sra.ebi.ac.uk/vol1/run/ERR258/ERR2587790/inulin_post_25_S50_R2_001.fastq.gz	fasp.sra.ebi.ac.uk:/vol1/run/ERR258/ERR2587790/inulin_post_25_S50_R1_001.fastq.gz;fasp.sra.ebi.ac.uk:/vol1/run/ERR258/ERR2587790/inulin_post_25_S50_R2_001.fastq.gz	ftp.sra.ebi.ac.uk/vol1/run/ERR258/ERR2587790/inulin_post_25_S50_R1_001.fastq.gz;ftp.sra.ebi.ac.uk/vol1/run/ERR258/ERR2587790/inulin_post_25_S50_R2_001.fastq.gz	FASTQ;FASTQ	1115087658	8788886232bf89689498e2a1bda1541f	ftp.sra.ebi.ac.uk/vol1/err/ERR258/000/ERR2587790	fasp.sra.ebi.ac.uk:/vol1/err/ERR258/000/ERR2587790	ftp.sra.ebi.ac.uk/vol1/err/ERR258/000/ERR2587790	shotgun_inulin_post_25		shotgun_inulin_post_25		2018-05-19			
ERR2587802	ERP108869	SAMEA4670492	ERS2491105	ERX2604078	PRJEB26842	ERA1489867	749906	gut metagenome	ILLUMINA	NextSeq 500	shotgun_inulin_pre_4	150	PAIRED	OTHER	METAGENOMIC	RANDOM	6913008	2087728416	Teagasc Food Research Centre;Ireland;TEAGASC	2018-07-19	2018-11-16	NextSeq 500 paired end sequencing	BBC study	ena-STUDY-TEAGASC-19-05-2018-07:51:28:007-360	ena-EXPERIMENT-TEAGASC-19-05-2018-10:18:46:106-97	ena-RUN-TEAGASC-19-05-2018-10:18:46:106-97	672178079;689991973	8458a881e077fb94a37174dfa5b8b14b;69cbe45ae7def6fd318283a899d382de	ftp.sra.ebi.ac.uk/vol1/fastq/ERR258/002/ERR2587802/ERR2587802_1.fastq.gz;ftp.sra.ebi.ac.uk/vol1/fastq/ERR258/002/ERR2587802/ERR2587802_2.fastq.gz	fasp.sra.ebi.ac.uk:/vol1/fastq/ERR258/002/ERR2587802/ERR2587802_1.fastq.gz;fasp.sra.ebi.ac.uk:/vol1/fastq/ERR258/002/ERR2587802/ERR2587802_2.fastq.gz	ftp.sra.ebi.ac.uk/vol1/fastq/ERR258/002/ERR2587802/ERR2587802_1.fastq.gz;ftp.sra.ebi.ac.uk/vol1/fastq/ERR258/002/ERR2587802/ERR2587802_2.fastq.gz	654523793;672310554	96ffd771b33e064cfb34334bc2cf1a37;51e3812087e214858b27c73bc845e747	ftp.sra.ebi.ac.uk/vol1/run/ERR258/ERR2587802/inulin_pre_4_S7_R1_001.fastq.gz;ftp.sra.ebi.ac.uk/vol1/run/ERR258/ERR2587802/inulin_pre_4_S7_R2_001.fastq.gz	fasp.sra.ebi.ac.uk:/vol1/run/ERR258/ERR2587802/inulin_pre_4_S7_R1_001.fastq.gz;fasp.sra.ebi.ac.uk:/vol1/run/ERR258/ERR2587802/inulin_pre_4_S7_R2_001.fastq.gz	ftp.sra.ebi.ac.uk/vol1/run/ERR258/ERR2587802/inulin_pre_4_S7_R1_001.fastq.gz;ftp.sra.ebi.ac.uk/vol1/run/ERR258/ERR2587802/inulin_pre_4_S7_R2_001.fastq.gz	FASTQ;FASTQ	950246847	eb0bc4c09890436c294cce01e36f5db9	ftp.sra.ebi.ac.uk/vol1/err/ERR258/002/ERR2587802	fasp.sra.ebi.ac.uk:/vol1/err/ERR258/002/ERR2587802	ftp.sra.ebi.ac.uk/vol1/err/ERR258/002/ERR2587802	shotgun_inulin_pre_4		shotgun_inulin_pre_4		2018-05-19			
ERR2587806	ERP108869	SAMEA4670496	ERS2491109	ERX2604082	PRJEB26842	ERA1489867	749906	gut metagenome	ILLUMINA	NextSeq 500	shotgun_kefir_post_16	150	PAIRED	OTHER	METAGENOMIC	RANDOM	7595937	2293972974	Teagasc Food Research Centre;Ireland;TEAGASC	2018-07-19	2018-11-16	NextSeq 500 paired end sequencing	BBC study	ena-STUDY-TEAGASC-19-05-2018-07:51:28:007-360	ena-EXPERIMENT-TEAGASC-19-05-2018-10:18:46:106-101	ena-RUN-TEAGASC-19-05-2018-10:18:46:106-101	707441426;721713081	e9c1b1be5a8d2fd2e7314b7af05dcd57;480938cb0804f5d70a48e79560f00a30	ftp.sra.ebi.ac.uk/vol1/fastq/ERR258/006/ERR2587806/ERR2587806_1.fastq.gz;ftp.sra.ebi.ac.uk/vol1/fastq/ERR258/006/ERR2587806/ERR2587806_2.fastq.gz	fasp.sra.ebi.ac.uk:/vol1/fastq/ERR258/006/ERR2587806/ERR2587806_1.fastq.gz;fasp.sra.ebi.ac.uk:/vol1/fastq/ERR258/006/ERR2587806/ERR2587806_2.fastq.gz	ftp.sra.ebi.ac.uk/vol1/fastq/ERR258/006/ERR2587806/ERR2587806_1.fastq.gz;ftp.sra.ebi.ac.uk/vol1/fastq/ERR258/006/ERR2587806/ERR2587806_2.fastq.gz	687961824;702092811	44c11317b2120941a1dd80b32350778f;ea1aa22943c71c929094d23c401bf06f	ftp.sra.ebi.ac.uk/vol1/run/ERR258/ERR2587806/kefir_post_16_S32_R1_001.fastq.gz;ftp.sra.ebi.ac.uk/vol1/run/ERR258/ERR2587806/kefir_post_16_S32_R2_001.fastq.gz	fasp.sra.ebi.ac.uk:/vol1/run/ERR258/ERR2587806/kefir_post_16_S32_R1_001.fastq.gz;fasp.sra.ebi.ac.uk:/vol1/run/ERR258/ERR2587806/kefir_post_16_S32_R2_001.fastq.gz	ftp.sra.ebi.ac.uk/vol1/run/ERR258/ERR2587806/kefir_post_16_S32_R1_001.fastq.gz;ftp.sra.ebi.ac.uk/vol1/run/ERR258/ERR2587806/kefir_post_16_S32_R2_001.fastq.gz	FASTQ;FASTQ	1000972287	e0a4eee9439c2e0e8af3f979897de4b2	ftp.sra.ebi.ac.uk/vol1/err/ERR258/006/ERR2587806	fasp.sra.ebi.ac.uk:/vol1/err/ERR258/006/ERR2587806	ftp.sra.ebi.ac.uk/vol1/err/ERR258/006/ERR2587806	shotgun_kefir_post_16		shotgun_kefir_post_16		2018-05-19			
ERR2587810	ERP108869	SAMEA4670500	ERS2491113	ERX2604086	PRJEB26842	ERA1489867	749906	gut metagenome	ILLUMINA	NextSeq 500	shotgun_kefir_post_3	150	PAIRED	OTHER	METAGENOMIC	RANDOM	6364876	1922192552	Teagasc Food Research Centre;Ireland;TEAGASC	2018-07-19	2018-11-16	NextSeq 500 paired end sequencing	BBC study	ena-STUDY-TEAGASC-19-05-2018-07:51:28:007-360	ena-EXPERIMENT-TEAGASC-19-05-2018-10:18:46:106-105	ena-RUN-TEAGASC-19-05-2018-10:18:46:106-105	619912577;636936394	834a8d8fdda0bd8dfbeb545e1754cdc7;c548b2385190a56c736469099bcbe5e2	ftp.sra.ebi.ac.uk/vol1/fastq/ERR258/000/ERR2587810/ERR2587810_1.fastq.gz;ftp.sra.ebi.ac.uk/vol1/fastq/ERR258/000/ERR2587810/ERR2587810_2.fastq.gz	fasp.sra.ebi.ac.uk:/vol1/fastq/ERR258/000/ERR2587810/ERR2587810_1.fastq.gz;fasp.sra.ebi.ac.uk:/vol1/fastq/ERR258/000/ERR2587810/ERR2587810_2.fastq.gz	ftp.sra.ebi.ac.uk/vol1/fastq/ERR258/000/ERR2587810/ERR2587810_1.fastq.gz;ftp.sra.ebi.ac.uk/vol1/fastq/ERR258/000/ERR2587810/ERR2587810_2.fastq.gz	603697141;620702112	3eb9627f5475e1e96a9ed159674d7085;bbe2c4431dc4cd6f273576edb1c45b1f	ftp.sra.ebi.ac.uk/vol1/run/ERR258/ERR2587810/kefir_post_3_S6_R1_001.fastq.gz;ftp.sra.ebi.ac.uk/vol1/run/ERR258/ERR2587810/kefir_post_3_S6_R2_001.fastq.gz	fasp.sra.ebi.ac.uk:/vol1/run/ERR258/ERR2587810/kefir_post_3_S6_R1_001.fastq.gz;fasp.sra.ebi.ac.uk:/vol1/run/ERR258/ERR2587810/kefir_post_3_S6_R2_001.fastq.gz	ftp.sra.ebi.ac.uk/vol1/run/ERR258/ERR2587810/kefir_post_3_S6_R1_001.fastq.gz;ftp.sra.ebi.ac.uk/vol1/run/ERR258/ERR2587810/kefir_post_3_S6_R2_001.fastq.gz	FASTQ;FASTQ	875334696	5555a21750d9ab046a809fbd6007026f	ftp.sra.ebi.ac.uk/vol1/err/ERR258/000/ERR2587810	fasp.sra.ebi.ac.uk:/vol1/err/ERR258/000/ERR2587810	ftp.sra.ebi.ac.uk/vol1/err/ERR258/000/ERR2587810	shotgun_kefir_post_3		shotgun_kefir_post_3		2018-05-19			
ERR2587812	ERP108869	SAMEA4670502	ERS2491115	ERX2604088	PRJEB26842	ERA1489867	749906	gut metagenome	ILLUMINA	NextSeq 500	shotgun_kefir_post_7	150	PAIRED	OTHER	METAGENOMIC	RANDOM	5922769	1788676238	Teagasc Food Research Centre;Ireland;TEAGASC	2018-07-19	2018-11-16	NextSeq 500 paired end sequencing	BBC study	ena-STUDY-TEAGASC-19-05-2018-07:51:28:007-360	ena-EXPERIMENT-TEAGASC-19-05-2018-10:18:46:107-107	ena-RUN-TEAGASC-19-05-2018-10:18:46:107-107	579603927;595429746	49ac934640b399ab89cf0f6f13382618;cf2cfc3ccfbefb13de0d757fb11eae3e	ftp.sra.ebi.ac.uk/vol1/fastq/ERR258/002/ERR2587812/ERR2587812_1.fastq.gz;ftp.sra.ebi.ac.uk/vol1/fastq/ERR258/002/ERR2587812/ERR2587812_2.fastq.gz	fasp.sra.ebi.ac.uk:/vol1/fastq/ERR258/002/ERR2587812/ERR2587812_1.fastq.gz;fasp.sra.ebi.ac.uk:/vol1/fastq/ERR258/002/ERR2587812/ERR2587812_2.fastq.gz	ftp.sra.ebi.ac.uk/vol1/fastq/ERR258/002/ERR2587812/ERR2587812_1.fastq.gz;ftp.sra.ebi.ac.uk/vol1/fastq/ERR258/002/ERR2587812/ERR2587812_2.fastq.gz	564437344;580245984	f37ce0768cea9eceaa278e334e876fa9;1d0b7c3622a2550b7f2aba8b2328d215	ftp.sra.ebi.ac.uk/vol1/run/ERR258/ERR2587812/kefir_post_7_S14_R1_001.fastq.gz;ftp.sra.ebi.ac.uk/vol1/run/ERR258/ERR2587812/kefir_post_7_S14_R2_001.fastq.gz	fasp.sra.ebi.ac.uk:/vol1/run/ERR258/ERR2587812/kefir_post_7_S14_R1_001.fastq.gz;fasp.sra.ebi.ac.uk:/vol1/run/ERR258/ERR2587812/kefir_post_7_S14_R2_001.fastq.gz	ftp.sra.ebi.ac.uk/vol1/run/ERR258/ERR2587812/kefir_post_7_S14_R1_001.fastq.gz;ftp.sra.ebi.ac.uk/vol1/run/ERR258/ERR2587812/kefir_post_7_S14_R2_001.fastq.gz	FASTQ;FASTQ	819302788	32fa4001a1d4293560311e18abae714a	ftp.sra.ebi.ac.uk/vol1/err/ERR258/002/ERR2587812	fasp.sra.ebi.ac.uk:/vol1/err/ERR258/002/ERR2587812	ftp.sra.ebi.ac.uk/vol1/err/ERR258/002/ERR2587812	shotgun_kefir_post_7		shotgun_kefir_post_7		2018-05-19			
ERR2587815	ERP108869	SAMEA4670505	ERS2491118	ERX2604091	PRJEB26842	ERA1489867	749906	gut metagenome	ILLUMINA	NextSeq 500	shotgun_kefir_pre_16	150	PAIRED	OTHER	METAGENOMIC	RANDOM	7655976	2312104752	Teagasc Food Research Centre;Ireland;TEAGASC	2018-07-19	2018-11-16	NextSeq 500 paired end sequencing	BBC study	ena-STUDY-TEAGASC-19-05-2018-07:51:28:007-360	ena-EXPERIMENT-TEAGASC-19-05-2018-10:18:46:107-110	ena-RUN-TEAGASC-19-05-2018-10:18:46:107-110	733250254;750795312	f1946a9fa62ea5d188c83d499a54082c;8cbc48f702ba041c1e9335f434ba37fc	ftp.sra.ebi.ac.uk/vol1/fastq/ERR258/005/ERR2587815/ERR2587815_1.fastq.gz;ftp.sra.ebi.ac.uk/vol1/fastq/ERR258/005/ERR2587815/ERR2587815_2.fastq.gz	fasp.sra.ebi.ac.uk:/vol1/fastq/ERR258/005/ERR2587815/ERR2587815_1.fastq.gz;fasp.sra.ebi.ac.uk:/vol1/fastq/ERR258/005/ERR2587815/ERR2587815_2.fastq.gz	ftp.sra.ebi.ac.uk/vol1/fastq/ERR258/005/ERR2587815/ERR2587815_1.fastq.gz;ftp.sra.ebi.ac.uk/vol1/fastq/ERR258/005/ERR2587815/ERR2587815_2.fastq.gz	713451358;730904334	fcf916e754c9d79c3f1a17e05551216d;763a35048657e59e1aa0f7cfaab939d6	ftp.sra.ebi.ac.uk/vol1/run/ERR258/ERR2587815/kefir_pre_16_S31_R1_001.fastq.gz;ftp.sra.ebi.ac.uk/vol1/run/ERR258/ERR2587815/kefir_pre_16_S31_R2_001.fastq.gz	fasp.sra.ebi.ac.uk:/vol1/run/ERR258/ERR2587815/kefir_pre_16_S31_R1_001.fastq.gz;fasp.sra.ebi.ac.uk:/vol1/run/ERR258/ERR2587815/kefir_pre_16_S31_R2_001.fastq.gz	ftp.sra.ebi.ac.uk/vol1/run/ERR258/ERR2587815/kefir_pre_16_S31_R1_001.fastq.gz;ftp.sra.ebi.ac.uk/vol1/run/ERR258/ERR2587815/kefir_pre_16_S31_R2_001.fastq.gz	FASTQ;FASTQ	1033294436	5d098c595f995bbad46c07d05597a41f	ftp.sra.ebi.ac.uk/vol1/err/ERR258/005/ERR2587815	fasp.sra.ebi.ac.uk:/vol1/err/ERR258/005/ERR2587815	ftp.sra.ebi.ac.uk/vol1/err/ERR258/005/ERR2587815	shotgun_kefir_pre_16		shotgun_kefir_pre_16		2018-05-19			
ERR2587816	ERP108869	SAMEA4670506	ERS2491119	ERX2604092	PRJEB26842	ERA1489867	749906	gut metagenome	ILLUMINA	NextSeq 500	shotgun_kefir_pre_19	150	PAIRED	OTHER	METAGENOMIC	RANDOM	8295972	2505383544	Teagasc Food Research Centre;Ireland;TEAGASC	2018-07-19	2018-11-16	NextSeq 500 paired end sequencing	BBC study	ena-STUDY-TEAGASC-19-05-2018-07:51:28:007-360	ena-EXPERIMENT-TEAGASC-19-05-2018-10:18:46:107-111	ena-RUN-TEAGASC-19-05-2018-10:18:46:107-111	787521456;804684998	25126c572f87aa5f02ff9e3168e59ad2;abef9191bf6e1a7df2241a4b056ce560	ftp.sra.ebi.ac.uk/vol1/fastq/ERR258/006/ERR2587816/ERR2587816_1.fastq.gz;ftp.sra.ebi.ac.uk/vol1/fastq/ERR258/006/ERR2587816/ERR2587816_2.fastq.gz	fasp.sra.ebi.ac.uk:/vol1/fastq/ERR258/006/ERR2587816/ERR2587816_1.fastq.gz;fasp.sra.ebi.ac.uk:/vol1/fastq/ERR258/006/ERR2587816/ERR2587816_2.fastq.gz	ftp.sra.ebi.ac.uk/vol1/fastq/ERR258/006/ERR2587816/ERR2587816_1.fastq.gz;ftp.sra.ebi.ac.uk/vol1/fastq/ERR258/006/ERR2587816/ERR2587816_2.fastq.gz	766006491;783047922	8618b4ae7aec75fead03fd9cade4baa2;b9cca0f2b26f7d6b4d3c697093e3de35	ftp.sra.ebi.ac.uk/vol1/run/ERR258/ERR2587816/kefir_pre_19_S37_R1_001.fastq.gz;ftp.sra.ebi.ac.uk/vol1/run/ERR258/ERR2587816/kefir_pre_19_S37_R2_001.fastq.gz	fasp.sra.ebi.ac.uk:/vol1/run/ERR258/ERR2587816/kefir_pre_19_S37_R1_001.fastq.gz;fasp.sra.ebi.ac.uk:/vol1/run/ERR258/ERR2587816/kefir_pre_19_S37_R2_001.fastq.gz	ftp.sra.ebi.ac.uk/vol1/run/ERR258/ERR2587816/kefir_pre_19_S37_R1_001.fastq.gz;ftp.sra.ebi.ac.uk/vol1/run/ERR258/ERR2587816/kefir_pre_19_S37_R2_001.fastq.gz	FASTQ;FASTQ	1110941101	70660e1168a4ff5212d4bb85065f6e21	ftp.sra.ebi.ac.uk/vol1/err/ERR258/006/ERR2587816	fasp.sra.ebi.ac.uk:/vol1/err/ERR258/006/ERR2587816	ftp.sra.ebi.ac.uk/vol1/err/ERR258/006/ERR2587816	shotgun_kefir_pre_19		shotgun_kefir_pre_19		2018-05-19			
ERR2587817	ERP108869	SAMEA4670507	ERS2491120	ERX2604093	PRJEB26842	ERA1489867	749906	gut metagenome	ILLUMINA	NextSeq 500	shotgun_kefir_pre_23	150	PAIRED	OTHER	METAGENOMIC	RANDOM	9321152	2814987904	Teagasc Food Research Centre;Ireland;TEAGASC	2018-07-19	2018-11-16	NextSeq 500 paired end sequencing	BBC study	ena-STUDY-TEAGASC-19-05-2018-07:51:28:007-360	ena-EXPERIMENT-TEAGASC-19-05-2018-10:18:46:107-112	ena-RUN-TEAGASC-19-05-2018-10:18:46:107-112	886676071;902630298	9d97d99bb500965560f8966fe92b1c3d;a700552d1fe2aa28c444060cd783cdbc	ftp.sra.ebi.ac.uk/vol1/fastq/ERR258/007/ERR2587817/ERR2587817_1.fastq.gz;ftp.sra.ebi.ac.uk/vol1/fastq/ERR258/007/ERR2587817/ERR2587817_2.fastq.gz	fasp.sra.ebi.ac.uk:/vol1/fastq/ERR258/007/ERR2587817/ERR2587817_1.fastq.gz;fasp.sra.ebi.ac.uk:/vol1/fastq/ERR258/007/ERR2587817/ERR2587817_2.fastq.gz	ftp.sra.ebi.ac.uk/vol1/fastq/ERR258/007/ERR2587817/ERR2587817_1.fastq.gz;ftp.sra.ebi.ac.uk/vol1/fastq/ERR258/007/ERR2587817/ERR2587817_2.fastq.gz	862305382;878182685	498a4ec331f779aa26172fc53734f9da;fd4041d2a8715daebf2f3d5889ac9f8a	ftp.sra.ebi.ac.uk/vol1/run/ERR258/ERR2587817/kefir_pre_23_S45_R1_001.fastq.gz;ftp.sra.ebi.ac.uk/vol1/run/ERR258/ERR2587817/kefir_pre_23_S45_R2_001.fastq.gz	fasp.sra.ebi.ac.uk:/vol1/run/ERR258/ERR2587817/kefir_pre_23_S45_R1_001.fastq.gz;fasp.sra.ebi.ac.uk:/vol1/run/ERR258/ERR2587817/kefir_pre_23_S45_R2_001.fastq.gz	ftp.sra.ebi.ac.uk/vol1/run/ERR258/ERR2587817/kefir_pre_23_S45_R1_001.fastq.gz;ftp.sra.ebi.ac.uk/vol1/run/ERR258/ERR2587817/kefir_pre_23_S45_R2_001.fastq.gz	FASTQ;FASTQ	1253832487	1fd1a05fd07d383855453aa10ac37499	ftp.sra.ebi.ac.uk/vol1/err/ERR258/007/ERR2587817	fasp.sra.ebi.ac.uk:/vol1/err/ERR258/007/ERR2587817	ftp.sra.ebi.ac.uk/vol1/err/ERR258/007/ERR2587817	shotgun_kefir_pre_23		shotgun_kefir_pre_23		2018-05-19			
ERR2587818	ERP108869	SAMEA4670508	ERS2491121	ERX2604094	PRJEB26842	ERA1489867	749906	gut metagenome	ILLUMINA	NextSeq 500	shotgun_kefir_pre_28	150	PAIRED	OTHER	METAGENOMIC	RANDOM	8324524	2514006248	Teagasc Food Research Centre;Ireland;TEAGASC	2018-07-19	2018-11-16	NextSeq 500 paired end sequencing	BBC study	ena-STUDY-TEAGASC-19-05-2018-07:51:28:007-360	ena-EXPERIMENT-TEAGASC-19-05-2018-10:18:46:107-113	ena-RUN-TEAGASC-19-05-2018-10:18:46:107-113	796093819;815113870	3a1cfabf46f1e7ba23aba6c47ef3b483;115b2e46899a56f4e68e2a4ad3f4f138	ftp.sra.ebi.ac.uk/vol1/fastq/ERR258/008/ERR2587818/ERR2587818_1.fastq.gz;ftp.sra.ebi.ac.uk/vol1/fastq/ERR258/008/ERR2587818/ERR2587818_2.fastq.gz	fasp.sra.ebi.ac.uk:/vol1/fastq/ERR258/008/ERR2587818/ERR2587818_1.fastq.gz;fasp.sra.ebi.ac.uk:/vol1/fastq/ERR258/008/ERR2587818/ERR2587818_2.fastq.gz	ftp.sra.ebi.ac.uk/vol1/fastq/ERR258/008/ERR2587818/ERR2587818_1.fastq.gz;ftp.sra.ebi.ac.uk/vol1/fastq/ERR258/008/ERR2587818/ERR2587818_2.fastq.gz	774732909;793633831	7bd768096666ed8688da40fa5db91110;80759456a6a10fa799ced88b862be867	ftp.sra.ebi.ac.uk/vol1/run/ERR258/ERR2587818/kefir_pre_28_S54_R1_001.fastq.gz;ftp.sra.ebi.ac.uk/vol1/run/ERR258/ERR2587818/kefir_pre_28_S54_R2_001.fastq.gz	fasp.sra.ebi.ac.uk:/vol1/run/ERR258/ERR2587818/kefir_pre_28_S54_R1_001.fastq.gz;fasp.sra.ebi.ac.uk:/vol1/run/ERR258/ERR2587818/kefir_pre_28_S54_R2_001.fastq.gz	ftp.sra.ebi.ac.uk/vol1/run/ERR258/ERR2587818/kefir_pre_28_S54_R1_001.fastq.gz;ftp.sra.ebi.ac.uk/vol1/run/ERR258/ERR2587818/kefir_pre_28_S54_R2_001.fastq.gz	FASTQ;FASTQ	1124085135	d4b0c091ab61c9944271b77f23a687e2	ftp.sra.ebi.ac.uk/vol1/err/ERR258/008/ERR2587818	fasp.sra.ebi.ac.uk:/vol1/err/ERR258/008/ERR2587818	ftp.sra.ebi.ac.uk/vol1/err/ERR258/008/ERR2587818	shotgun_kefir_pre_28		shotgun_kefir_pre_28		2018-05-19			
ERR2587709	ERP108869	SAMEA4670403	ERS2491016	ERX2603985	PRJEB26842	ERA1489867	1326787	fermentation metagenome	ILLUMINA	Illumina MiSeq	16S_fmp_post_I20	300	PAIRED	AMPLICON	METAGENOMIC	PCR	363600	218716575	Teagasc Food Research Centre;Ireland;TEAGASC	2018-07-19	2018-11-16	Illumina MiSeq paired end sequencing	BBC study	ena-STUDY-TEAGASC-19-05-2018-07:51:28:007-360	ena-EXPERIMENT-TEAGASC-19-05-2018-10:18:46:103-4	ena-RUN-TEAGASC-19-05-2018-10:18:46:103-4	62176919;74489439	f03948bb6e6508a4254ac61380c0450d;093e790485d6efda48b334141fc614e3	ftp.sra.ebi.ac.uk/vol1/fastq/ERR258/009/ERR2587709/ERR2587709_1.fastq.gz;ftp.sra.ebi.ac.uk/vol1/fastq/ERR258/009/ERR2587709/ERR2587709_2.fastq.gz	fasp.sra.ebi.ac.uk:/vol1/fastq/ERR258/009/ERR2587709/ERR2587709_1.fastq.gz;fasp.sra.ebi.ac.uk:/vol1/fastq/ERR258/009/ERR2587709/ERR2587709_2.fastq.gz	ftp.sra.ebi.ac.uk/vol1/fastq/ERR258/009/ERR2587709/ERR2587709_1.fastq.gz;ftp.sra.ebi.ac.uk/vol1/fastq/ERR258/009/ERR2587709/ERR2587709_2.fastq.gz	87857882;98532154	389e15d857c7d295f69556cf732a9bba;8a74362acc6926fc60963f182aec705e	ftp.sra.ebi.ac.uk/vol1/run/ERR258/ERR2587709/16S_fmp_post_I20_S92_L001_R1_001.fastq.gz;ftp.sra.ebi.ac.uk/vol1/run/ERR258/ERR2587709/16S_fmp_post_I20_S92_L001_R2_001.fastq.gz	fasp.sra.ebi.ac.uk:/vol1/run/ERR258/ERR2587709/16S_fmp_post_I20_S92_L001_R1_001.fastq.gz;fasp.sra.ebi.ac.uk:/vol1/run/ERR258/ERR2587709/16S_fmp_post_I20_S92_L001_R2_001.fastq.gz	ftp.sra.ebi.ac.uk/vol1/run/ERR258/ERR2587709/16S_fmp_post_I20_S92_L001_R1_001.fastq.gz;ftp.sra.ebi.ac.uk/vol1/run/ERR258/ERR2587709/16S_fmp_post_I20_S92_L001_R2_001.fastq.gz	FASTQ;FASTQ	150828926	f031ec417221330cbbcea022eefee28f	ftp.sra.ebi.ac.uk/vol1/err/ERR258/009/ERR2587709	fasp.sra.ebi.ac.uk:/vol1/err/ERR258/009/ERR2587709	ftp.sra.ebi.ac.uk/vol1/err/ERR258/009/ERR2587709	16S_fmp_post_I2		16S_fmp_post_I2		2018-05-19			
ERR2587713	ERP108869	SAMEA4670402	ERS2491015	ERX2603989	PRJEB26842	ERA1489867	1326787	fermentation metagenome	ILLUMINA	Illumina MiSeq	16S_fmp_post_I2	300	PAIRED	AMPLICON	METAGENOMIC	PCR	216169	130029366	Teagasc Food Research Centre;Ireland;TEAGASC	2018-07-19	2018-11-16	Illumina MiSeq paired end sequencing	BBC study	ena-STUDY-TEAGASC-19-05-2018-07:51:28:007-360	ena-EXPERIMENT-TEAGASC-19-05-2018-10:18:46:103-8	ena-RUN-TEAGASC-19-05-2018-10:18:46:103-8	36153301;42649233	114f047debcca415bcbc417bbc61c905;cff867ac20c1b9edc9f468567c3c3ded	ftp.sra.ebi.ac.uk/vol1/fastq/ERR258/003/ERR2587713/ERR2587713_1.fastq.gz;ftp.sra.ebi.ac.uk/vol1/fastq/ERR258/003/ERR2587713/ERR2587713_2.fastq.gz	fasp.sra.ebi.ac.uk:/vol1/fastq/ERR258/003/ERR2587713/ERR2587713_1.fastq.gz;fasp.sra.ebi.ac.uk:/vol1/fastq/ERR258/003/ERR2587713/ERR2587713_2.fastq.gz	ftp.sra.ebi.ac.uk/vol1/fastq/ERR258/003/ERR2587713/ERR2587713_1.fastq.gz;ftp.sra.ebi.ac.uk/vol1/fastq/ERR258/003/ERR2587713/ERR2587713_2.fastq.gz	50548444;56695477	68811beaea9ef836e91e34c20a5fa42e;a049a8db02bdf2556d62efac71819094	ftp.sra.ebi.ac.uk/vol1/run/ERR258/ERR2587713/16S_fmp_post_I2_S74_L001_R1_001.fastq.gz;ftp.sra.ebi.ac.uk/vol1/run/ERR258/ERR2587713/16S_fmp_post_I2_S74_L001_R2_001.fastq.gz	fasp.sra.ebi.ac.uk:/vol1/run/ERR258/ERR2587713/16S_fmp_post_I2_S74_L001_R1_001.fastq.gz;fasp.sra.ebi.ac.uk:/vol1/run/ERR258/ERR2587713/16S_fmp_post_I2_S74_L001_R2_001.fastq.gz	ftp.sra.ebi.ac.uk/vol1/run/ERR258/ERR2587713/16S_fmp_post_I2_S74_L001_R1_001.fastq.gz;ftp.sra.ebi.ac.uk/vol1/run/ERR258/ERR2587713/16S_fmp_post_I2_S74_L001_R2_001.fastq.gz	FASTQ;FASTQ	89303440	e384e7d5f922d988844072500c1b34f8	ftp.sra.ebi.ac.uk/vol1/err/ERR258/003/ERR2587713	fasp.sra.ebi.ac.uk:/vol1/err/ERR258/003/ERR2587713	ftp.sra.ebi.ac.uk/vol1/err/ERR258/003/ERR2587713	16S_fmp_post_I28		16S_fmp_post_I28		2018-05-19			
ERR2587715	ERP108869	SAMEA4670405	ERS2491018	ERX2603991	PRJEB26842	ERA1489867	1326787	fermentation metagenome	ILLUMINA	Illumina MiSeq	16S_fmp_post_I9	300	PAIRED	AMPLICON	METAGENOMIC	PCR	132038	79413518	Teagasc Food Research Centre;Ireland;TEAGASC	2018-07-19	2018-11-16	Illumina MiSeq paired end sequencing	BBC study	ena-STUDY-TEAGASC-19-05-2018-07:51:28:007-360	ena-EXPERIMENT-TEAGASC-19-05-2018-10:18:46:103-10	ena-RUN-TEAGASC-19-05-2018-10:18:46:103-10	22314388;26782593	661e4ac9aae0bdbd73ca3da1f0cdaa94;e57aeea5753d87c631b55bd89bc5c6d1	ftp.sra.ebi.ac.uk/vol1/fastq/ERR258/005/ERR2587715/ERR2587715_1.fastq.gz;ftp.sra.ebi.ac.uk/vol1/fastq/ERR258/005/ERR2587715/ERR2587715_2.fastq.gz	fasp.sra.ebi.ac.uk:/vol1/fastq/ERR258/005/ERR2587715/ERR2587715_1.fastq.gz;fasp.sra.ebi.ac.uk:/vol1/fastq/ERR258/005/ERR2587715/ERR2587715_2.fastq.gz	ftp.sra.ebi.ac.uk/vol1/fastq/ERR258/005/ERR2587715/ERR2587715_1.fastq.gz;ftp.sra.ebi.ac.uk/vol1/fastq/ERR258/005/ERR2587715/ERR2587715_2.fastq.gz	30696786;34796506	011eb2ce84df21cd04d5355388c0d3a8;28aed13cc42506b552ef7d3a8d55b253	ftp.sra.ebi.ac.uk/vol1/run/ERR258/ERR2587715/16S_fmp_post_I9_S81_L001_R1_001.fastq.gz;ftp.sra.ebi.ac.uk/vol1/run/ERR258/ERR2587715/16S_fmp_post_I9_S81_L001_R2_001.fastq.gz	fasp.sra.ebi.ac.uk:/vol1/run/ERR258/ERR2587715/16S_fmp_post_I9_S81_L001_R1_001.fastq.gz;fasp.sra.ebi.ac.uk:/vol1/run/ERR258/ERR2587715/16S_fmp_post_I9_S81_L001_R2_001.fastq.gz	ftp.sra.ebi.ac.uk/vol1/run/ERR258/ERR2587715/16S_fmp_post_I9_S81_L001_R1_001.fastq.gz;ftp.sra.ebi.ac.uk/vol1/run/ERR258/ERR2587715/16S_fmp_post_I9_S81_L001_R2_001.fastq.gz	FASTQ;FASTQ	54696051	91d0d3488a59ad98478fac683df3f12c	ftp.sra.ebi.ac.uk/vol1/err/ERR258/005/ERR2587715	fasp.sra.ebi.ac.uk:/vol1/err/ERR258/005/ERR2587715	ftp.sra.ebi.ac.uk/vol1/err/ERR258/005/ERR2587715	16S_fmp_post_I9		16S_fmp_post_I9		2018-05-19			
ERR2587717	ERP108869	SAMEA4670407	ERS2491020	ERX2603993	PRJEB26842	ERA1489867	1326787	fermentation metagenome	ILLUMINA	Illumina MiSeq	16S_fmp_pre_F15	300	PAIRED	AMPLICON	METAGENOMIC	PCR	187453	112739767	Teagasc Food Research Centre;Ireland;TEAGASC	2018-07-19	2018-11-16	Illumina MiSeq paired end sequencing	BBC study	ena-STUDY-TEAGASC-19-05-2018-07:51:28:007-360	ena-EXPERIMENT-TEAGASC-19-05-2018-10:18:46:103-12	ena-RUN-TEAGASC-19-05-2018-10:18:46:103-12	32186071;39365683	fe193c3a219702732a5f2828375412ee;1aef713de4c871f795a14cd20ab3e09b	ftp.sra.ebi.ac.uk/vol1/fastq/ERR258/007/ERR2587717/ERR2587717_1.fastq.gz;ftp.sra.ebi.ac.uk/vol1/fastq/ERR258/007/ERR2587717/ERR2587717_2.fastq.gz	fasp.sra.ebi.ac.uk:/vol1/fastq/ERR258/007/ERR2587717/ERR2587717_1.fastq.gz;fasp.sra.ebi.ac.uk:/vol1/fastq/ERR258/007/ERR2587717/ERR2587717_2.fastq.gz	ftp.sra.ebi.ac.uk/vol1/fastq/ERR258/007/ERR2587717/ERR2587717_1.fastq.gz;ftp.sra.ebi.ac.uk/vol1/fastq/ERR258/007/ERR2587717/ERR2587717_2.fastq.gz	44757410;51019475	8fcba18fe610a4c34b2ae74b54e1a2bf;05317e721e025a37cd172097b243f6ec	ftp.sra.ebi.ac.uk/vol1/run/ERR258/ERR2587717/16S_fmp_pre_F15_S117_L001_R1_001.fastq.gz;ftp.sra.ebi.ac.uk/vol1/run/ERR258/ERR2587717/16S_fmp_pre_F15_S117_L001_R2_001.fastq.gz	fasp.sra.ebi.ac.uk:/vol1/run/ERR258/ERR2587717/16S_fmp_pre_F15_S117_L001_R1_001.fastq.gz;fasp.sra.ebi.ac.uk:/vol1/run/ERR258/ERR2587717/16S_fmp_pre_F15_S117_L001_R2_001.fastq.gz	ftp.sra.ebi.ac.uk/vol1/run/ERR258/ERR2587717/16S_fmp_pre_F15_S117_L001_R1_001.fastq.gz;ftp.sra.ebi.ac.uk/vol1/run/ERR258/ERR2587717/16S_fmp_pre_F15_S117_L001_R2_001.fastq.gz	FASTQ;FASTQ	78479823	8b1bedb710e2e8000f5d4a93ab42d797	ftp.sra.ebi.ac.uk/vol1/err/ERR258/007/ERR2587717	fasp.sra.ebi.ac.uk:/vol1/err/ERR258/007/ERR2587717	ftp.sra.ebi.ac.uk/vol1/err/ERR258/007/ERR2587717	16S_fmp_pre_F15		16S_fmp_pre_F15		2018-05-19			
ERR2587718	ERP108869	SAMEA4670408	ERS2491021	ERX2603994	PRJEB26842	ERA1489867	1326787	fermentation metagenome	ILLUMINA	Illumina MiSeq	16S_fmp_pre_F18	300	PAIRED	AMPLICON	METAGENOMIC	PCR	153364	92230172	Teagasc Food Research Centre;Ireland;TEAGASC	2018-07-19	2018-11-16	Illumina MiSeq paired end sequencing	BBC study	ena-STUDY-TEAGASC-19-05-2018-07:51:28:007-360	ena-EXPERIMENT-TEAGASC-19-05-2018-10:18:46:103-13	ena-RUN-TEAGASC-19-05-2018-10:18:46:104-13	30302532;32985310	462a7f55dd624d2c94db3eee713d5e00;0bfac4679ce9ef51f8d9bbfe5130bfa2	ftp.sra.ebi.ac.uk/vol1/fastq/ERR258/008/ERR2587718/ERR2587718_1.fastq.gz;ftp.sra.ebi.ac.uk/vol1/fastq/ERR258/008/ERR2587718/ERR2587718_2.fastq.gz	fasp.sra.ebi.ac.uk:/vol1/fastq/ERR258/008/ERR2587718/ERR2587718_1.fastq.gz;fasp.sra.ebi.ac.uk:/vol1/fastq/ERR258/008/ERR2587718/ERR2587718_2.fastq.gz	ftp.sra.ebi.ac.uk/vol1/fastq/ERR258/008/ERR2587718/ERR2587718_1.fastq.gz;ftp.sra.ebi.ac.uk/vol1/fastq/ERR258/008/ERR2587718/ERR2587718_2.fastq.gz	40441454;42512405	9896196a43fdba5a09408de006000086;885ecbe4e044294fc63dd93c9bfd56fc	ftp.sra.ebi.ac.uk/vol1/run/ERR258/ERR2587718/16S_fmp_pre_F18_S120_L001_R1_001.fastq.gz;ftp.sra.ebi.ac.uk/vol1/run/ERR258/ERR2587718/16S_fmp_pre_F18_S120_L001_R2_001.fastq.gz	fasp.sra.ebi.ac.uk:/vol1/run/ERR258/ERR2587718/16S_fmp_pre_F18_S120_L001_R1_001.fastq.gz;fasp.sra.ebi.ac.uk:/vol1/run/ERR258/ERR2587718/16S_fmp_pre_F18_S120_L001_R2_001.fastq.gz	ftp.sra.ebi.ac.uk/vol1/run/ERR258/ERR2587718/16S_fmp_pre_F18_S120_L001_R1_001.fastq.gz;ftp.sra.ebi.ac.uk/vol1/run/ERR258/ERR2587718/16S_fmp_pre_F18_S120_L001_R2_001.fastq.gz	FASTQ;FASTQ	67246155	9b5e5acab2561f7c496420bcefd75705	ftp.sra.ebi.ac.uk/vol1/err/ERR258/008/ERR2587718	fasp.sra.ebi.ac.uk:/vol1/err/ERR258/008/ERR2587718	ftp.sra.ebi.ac.uk/vol1/err/ERR258/008/ERR2587718	16S_fmp_pre_F18		16S_fmp_pre_F18		2018-05-19			
ERR2587719	ERP108869	SAMEA4670413	ERS2491026	ERX2603995	PRJEB26842	ERA1489867	1326787	fermentation metagenome	ILLUMINA	Illumina MiSeq	16S_fmp_pre_F20	300	PAIRED	AMPLICON	METAGENOMIC	PCR	162648	97826558	Teagasc Food Research Centre;Ireland;TEAGASC	2018-07-19	2018-11-16	Illumina MiSeq paired end sequencing	BBC study	ena-STUDY-TEAGASC-19-05-2018-07:51:28:007-360	ena-EXPERIMENT-TEAGASC-19-05-2018-10:18:46:104-14	ena-RUN-TEAGASC-19-05-2018-10:18:46:104-14	27806066;32652421	f24dcbccc81e0a472c07f548efc7f2cc;e9ccd2311f7a4af7414f5dc9babeffd6	ftp.sra.ebi.ac.uk/vol1/fastq/ERR258/009/ERR2587719/ERR2587719_1.fastq.gz;ftp.sra.ebi.ac.uk/vol1/fastq/ERR258/009/ERR2587719/ERR2587719_2.fastq.gz	fasp.sra.ebi.ac.uk:/vol1/fastq/ERR258/009/ERR2587719/ERR2587719_1.fastq.gz;fasp.sra.ebi.ac.uk:/vol1/fastq/ERR258/009/ERR2587719/ERR2587719_2.fastq.gz	ftp.sra.ebi.ac.uk/vol1/fastq/ERR258/009/ERR2587719/ERR2587719_1.fastq.gz;ftp.sra.ebi.ac.uk/vol1/fastq/ERR258/009/ERR2587719/ERR2587719_2.fastq.gz	38658312;43013463	3ad0a9f2c295921ba57a51348d503247;e59beac132a751aab5865e74a6741577	ftp.sra.ebi.ac.uk/vol1/run/ERR258/ERR2587719/16S_fmp_pre_F20_S122_L001_R1_001.fastq.gz;ftp.sra.ebi.ac.uk/vol1/run/ERR258/ERR2587719/16S_fmp_pre_F20_S122_L001_R2_001.fastq.gz	fasp.sra.ebi.ac.uk:/vol1/run/ERR258/ERR2587719/16S_fmp_pre_F20_S122_L001_R1_001.fastq.gz;fasp.sra.ebi.ac.uk:/vol1/run/ERR258/ERR2587719/16S_fmp_pre_F20_S122_L001_R2_001.fastq.gz	ftp.sra.ebi.ac.uk/vol1/run/ERR258/ERR2587719/16S_fmp_pre_F20_S122_L001_R1_001.fastq.gz;ftp.sra.ebi.ac.uk/vol1/run/ERR258/ERR2587719/16S_fmp_pre_F20_S122_L001_R2_001.fastq.gz	FASTQ;FASTQ	67385058	52aef9da0c7e57656306c41d357d286b	ftp.sra.ebi.ac.uk/vol1/err/ERR258/009/ERR2587719	fasp.sra.ebi.ac.uk:/vol1/err/ERR258/009/ERR2587719	ftp.sra.ebi.ac.uk/vol1/err/ERR258/009/ERR2587719	16S_fmp_pre_F2		16S_fmp_pre_F2		2018-05-19			
ERR2587723	ERP108869	SAMEA4670412	ERS2491025	ERX2603999	PRJEB26842	ERA1489867	1326787	fermentation metagenome	ILLUMINA	Illumina MiSeq	16S_fmp_pre_F2	300	PAIRED	AMPLICON	METAGENOMIC	PCR	132337	79592244	Teagasc Food Research Centre;Ireland;TEAGASC	2018-07-19	2018-11-16	Illumina MiSeq paired end sequencing	BBC study	ena-STUDY-TEAGASC-19-05-2018-07:51:28:007-360	ena-EXPERIMENT-TEAGASC-19-05-2018-10:18:46:104-18	ena-RUN-TEAGASC-19-05-2018-10:18:46:104-18	22326258;26754303	9a2dd70e92295a35b69f810e4768dc72;f2fc4ee51ade6aecedbd1e2e178c6cef	ftp.sra.ebi.ac.uk/vol1/fastq/ERR258/003/ERR2587723/ERR2587723_1.fastq.gz;ftp.sra.ebi.ac.uk/vol1/fastq/ERR258/003/ERR2587723/ERR2587723_2.fastq.gz	fasp.sra.ebi.ac.uk:/vol1/fastq/ERR258/003/ERR2587723/ERR2587723_1.fastq.gz;fasp.sra.ebi.ac.uk:/vol1/fastq/ERR258/003/ERR2587723/ERR2587723_2.fastq.gz	ftp.sra.ebi.ac.uk/vol1/fastq/ERR258/003/ERR2587723/ERR2587723_1.fastq.gz;ftp.sra.ebi.ac.uk/vol1/fastq/ERR258/003/ERR2587723/ERR2587723_2.fastq.gz	30599284;34929467	56f5ccded7c7c4297ed2ad93f7c90a68;35fc739ae9e670af292f8aa0819ffeeb	ftp.sra.ebi.ac.uk/vol1/run/ERR258/ERR2587723/16S_fmp_pre_F2_S104_L001_R1_001.fastq.gz;ftp.sra.ebi.ac.uk/vol1/run/ERR258/ERR2587723/16S_fmp_pre_F2_S104_L001_R2_001.fastq.gz	fasp.sra.ebi.ac.uk:/vol1/run/ERR258/ERR2587723/16S_fmp_pre_F2_S104_L001_R1_001.fastq.gz;fasp.sra.ebi.ac.uk:/vol1/run/ERR258/ERR2587723/16S_fmp_pre_F2_S104_L001_R2_001.fastq.gz	ftp.sra.ebi.ac.uk/vol1/run/ERR258/ERR2587723/16S_fmp_pre_F2_S104_L001_R1_001.fastq.gz;ftp.sra.ebi.ac.uk/vol1/run/ERR258/ERR2587723/16S_fmp_pre_F2_S104_L001_R2_001.fastq.gz	FASTQ;FASTQ	55430776	e89de85ed3ccff70e0c95be78a63c9e8	ftp.sra.ebi.ac.uk/vol1/err/ERR258/003/ERR2587723	fasp.sra.ebi.ac.uk:/vol1/err/ERR258/003/ERR2587723	ftp.sra.ebi.ac.uk/vol1/err/ERR258/003/ERR2587723	16S_fmp_pre_F28		16S_fmp_pre_F28		2018-05-19			
ERR2587724	ERP108869	SAMEA4670414	ERS2491027	ERX2604000	PRJEB26842	ERA1489867	1326787	fermentation metagenome	ILLUMINA	Illumina MiSeq	16S_fmp_pre_F5	300	PAIRED	AMPLICON	METAGENOMIC	PCR	179546	107994742	Teagasc Food Research Centre;Ireland;TEAGASC	2018-07-19	2018-11-16	Illumina MiSeq paired end sequencing	BBC study	ena-STUDY-TEAGASC-19-05-2018-07:51:28:007-360	ena-EXPERIMENT-TEAGASC-19-05-2018-10:18:46:104-19	ena-RUN-TEAGASC-19-05-2018-10:18:46:104-19	29669239;36547087	32ab354447cea8bc99fe95deb125a7ac;ff6898afb5ebaa995311b5005ab754e5	ftp.sra.ebi.ac.uk/vol1/fastq/ERR258/004/ERR2587724/ERR2587724_1.fastq.gz;ftp.sra.ebi.ac.uk/vol1/fastq/ERR258/004/ERR2587724/ERR2587724_2.fastq.gz	fasp.sra.ebi.ac.uk:/vol1/fastq/ERR258/004/ERR2587724/ERR2587724_1.fastq.gz;fasp.sra.ebi.ac.uk:/vol1/fastq/ERR258/004/ERR2587724/ERR2587724_2.fastq.gz	ftp.sra.ebi.ac.uk/vol1/fastq/ERR258/004/ERR2587724/ERR2587724_1.fastq.gz;ftp.sra.ebi.ac.uk/vol1/fastq/ERR258/004/ERR2587724/ERR2587724_2.fastq.gz	41665189;48013805	cdc5c8e9d944ba26bc77f7bc5c52104a;5aa188d8a26a80b5fc9a5064fe43b0d2	ftp.sra.ebi.ac.uk/vol1/run/ERR258/ERR2587724/16S_fmp_pre_F5_S107_L001_R1_001.fastq.gz;ftp.sra.ebi.ac.uk/vol1/run/ERR258/ERR2587724/16S_fmp_pre_F5_S107_L001_R2_001.fastq.gz	fasp.sra.ebi.ac.uk:/vol1/run/ERR258/ERR2587724/16S_fmp_pre_F5_S107_L001_R1_001.fastq.gz;fasp.sra.ebi.ac.uk:/vol1/run/ERR258/ERR2587724/16S_fmp_pre_F5_S107_L001_R2_001.fastq.gz	ftp.sra.ebi.ac.uk/vol1/run/ERR258/ERR2587724/16S_fmp_pre_F5_S107_L001_R1_001.fastq.gz;ftp.sra.ebi.ac.uk/vol1/run/ERR258/ERR2587724/16S_fmp_pre_F5_S107_L001_R2_001.fastq.gz	FASTQ;FASTQ	74437536	69ab67ddf01ae3c58abfc748f257719a	ftp.sra.ebi.ac.uk/vol1/err/ERR258/004/ERR2587724	fasp.sra.ebi.ac.uk:/vol1/err/ERR258/004/ERR2587724	ftp.sra.ebi.ac.uk/vol1/err/ERR258/004/ERR2587724	16S_fmp_pre_F5		16S_fmp_pre_F5		2018-05-19			
ERR2587729	ERP108869	SAMEA4670419	ERS2491032	ERX2604005	PRJEB26842	ERA1489867	1326787	fermentation metagenome	ILLUMINA	Illumina MiSeq	16S_inulin_post_I19	300	PAIRED	AMPLICON	METAGENOMIC	PCR	217189	130623993	Teagasc Food Research Centre;Ireland;TEAGASC	2018-07-19	2018-11-16	Illumina MiSeq paired end sequencing	BBC study	ena-STUDY-TEAGASC-19-05-2018-07:51:28:007-360	ena-EXPERIMENT-TEAGASC-19-05-2018-10:18:46:104-24	ena-RUN-TEAGASC-19-05-2018-10:18:46:104-24	35900610;44844550	6982c2946f3ac11caf86d0bcdf1da106;a8fe78379f44a4170279a5c38072fcc4	ftp.sra.ebi.ac.uk/vol1/fastq/ERR258/009/ERR2587729/ERR2587729_1.fastq.gz;ftp.sra.ebi.ac.uk/vol1/fastq/ERR258/009/ERR2587729/ERR2587729_2.fastq.gz	fasp.sra.ebi.ac.uk:/vol1/fastq/ERR258/009/ERR2587729/ERR2587729_1.fastq.gz;fasp.sra.ebi.ac.uk:/vol1/fastq/ERR258/009/ERR2587729/ERR2587729_2.fastq.gz	ftp.sra.ebi.ac.uk/vol1/fastq/ERR258/009/ERR2587729/ERR2587729_1.fastq.gz;ftp.sra.ebi.ac.uk/vol1/fastq/ERR258/009/ERR2587729/ERR2587729_2.fastq.gz	50155424;58539478	592a4f65efdcc7458251d3acfa0efc21;430fb938e5a7a42c6b9b20e5c4f7f63d	ftp.sra.ebi.ac.uk/vol1/run/ERR258/ERR2587729/16S_inulin_post_I19_S91_L001_R1_001.fastq.gz;ftp.sra.ebi.ac.uk/vol1/run/ERR258/ERR2587729/16S_inulin_post_I19_S91_L001_R2_001.fastq.gz	fasp.sra.ebi.ac.uk:/vol1/run/ERR258/ERR2587729/16S_inulin_post_I19_S91_L001_R1_001.fastq.gz;fasp.sra.ebi.ac.uk:/vol1/run/ERR258/ERR2587729/16S_inulin_post_I19_S91_L001_R2_001.fastq.gz	ftp.sra.ebi.ac.uk/vol1/run/ERR258/ERR2587729/16S_inulin_post_I19_S91_L001_R1_001.fastq.gz;ftp.sra.ebi.ac.uk/vol1/run/ERR258/ERR2587729/16S_inulin_post_I19_S91_L001_R2_001.fastq.gz	FASTQ;FASTQ	89952999	812fe828750a04ae187296a08e9719cb	ftp.sra.ebi.ac.uk/vol1/err/ERR258/009/ERR2587729	fasp.sra.ebi.ac.uk:/vol1/err/ERR258/009/ERR2587729	ftp.sra.ebi.ac.uk/vol1/err/ERR258/009/ERR2587729	16S_inulin_post_I19		16S_inulin_post_I19		2018-05-19			
ERR2587734	ERP108869	SAMEA4670424	ERS2491037	ERX2604010	PRJEB26842	ERA1489867	1326787	fermentation metagenome	ILLUMINA	Illumina MiSeq	16S_inulin_post_I4	300	PAIRED	AMPLICON	METAGENOMIC	PCR	263839	158682351	Teagasc Food Research Centre;Ireland;TEAGASC	2018-07-19	2018-11-16	Illumina MiSeq paired end sequencing	BBC study	ena-STUDY-TEAGASC-19-05-2018-07:51:28:007-360	ena-EXPERIMENT-TEAGASC-19-05-2018-10:18:46:104-29	ena-RUN-TEAGASC-19-05-2018-10:18:46:104-29	45455053;53999189	53f13178bf3600af0c0a66009ae0b39d;73dc3c30757cfe112455fda31ff21c5d	ftp.sra.ebi.ac.uk/vol1/fastq/ERR258/004/ERR2587734/ERR2587734_1.fastq.gz;ftp.sra.ebi.ac.uk/vol1/fastq/ERR258/004/ERR2587734/ERR2587734_2.fastq.gz	fasp.sra.ebi.ac.uk:/vol1/fastq/ERR258/004/ERR2587734/ERR2587734_1.fastq.gz;fasp.sra.ebi.ac.uk:/vol1/fastq/ERR258/004/ERR2587734/ERR2587734_2.fastq.gz	ftp.sra.ebi.ac.uk/vol1/fastq/ERR258/004/ERR2587734/ERR2587734_1.fastq.gz;ftp.sra.ebi.ac.uk/vol1/fastq/ERR258/004/ERR2587734/ERR2587734_2.fastq.gz	63533015;70985729	d20f747538af8380476823c610969115;a004ebfc012c539bdfed2123908bc116	ftp.sra.ebi.ac.uk/vol1/run/ERR258/ERR2587734/16S_inulin_post_I4_S76_L001_R1_001.fastq.gz;ftp.sra.ebi.ac.uk/vol1/run/ERR258/ERR2587734/16S_inulin_post_I4_S76_L001_R2_001.fastq.gz	fasp.sra.ebi.ac.uk:/vol1/run/ERR258/ERR2587734/16S_inulin_post_I4_S76_L001_R1_001.fastq.gz;fasp.sra.ebi.ac.uk:/vol1/run/ERR258/ERR2587734/16S_inulin_post_I4_S76_L001_R2_001.fastq.gz	ftp.sra.ebi.ac.uk/vol1/run/ERR258/ERR2587734/16S_inulin_post_I4_S76_L001_R1_001.fastq.gz;ftp.sra.ebi.ac.uk/vol1/run/ERR258/ERR2587734/16S_inulin_post_I4_S76_L001_R2_001.fastq.gz	FASTQ;FASTQ	109694238	ae373c0d16041966a6305c576b614236	ftp.sra.ebi.ac.uk/vol1/err/ERR258/004/ERR2587734	fasp.sra.ebi.ac.uk:/vol1/err/ERR258/004/ERR2587734	ftp.sra.ebi.ac.uk/vol1/err/ERR258/004/ERR2587734	16S_inulin_post_I4		16S_inulin_post_I4		2018-05-19			
ERR2587735	ERP108869	SAMEA4670425	ERS2491038	ERX2604011	PRJEB26842	ERA1489867	1326787	fermentation metagenome	ILLUMINA	Illumina MiSeq	16S_inulin_post_I8	300	PAIRED	AMPLICON	METAGENOMIC	PCR	201555	121211180	Teagasc Food Research Centre;Ireland;TEAGASC	2018-07-19	2018-11-16	Illumina MiSeq paired end sequencing	BBC study	ena-STUDY-TEAGASC-19-05-2018-07:51:28:007-360	ena-EXPERIMENT-TEAGASC-19-05-2018-10:18:46:104-30	ena-RUN-TEAGASC-19-05-2018-10:18:46:104-30	35728184;41540581	9381d751f7be7835916b720710928ac9;e848304fa1d598f559dd9df6af484fbe	ftp.sra.ebi.ac.uk/vol1/fastq/ERR258/005/ERR2587735/ERR2587735_1.fastq.gz;ftp.sra.ebi.ac.uk/vol1/fastq/ERR258/005/ERR2587735/ERR2587735_2.fastq.gz	fasp.sra.ebi.ac.uk:/vol1/fastq/ERR258/005/ERR2587735/ERR2587735_1.fastq.gz;fasp.sra.ebi.ac.uk:/vol1/fastq/ERR258/005/ERR2587735/ERR2587735_2.fastq.gz	ftp.sra.ebi.ac.uk/vol1/fastq/ERR258/005/ERR2587735/ERR2587735_1.fastq.gz;ftp.sra.ebi.ac.uk/vol1/fastq/ERR258/005/ERR2587735/ERR2587735_2.fastq.gz	49114703;54139029	ea5b3af5a485c5fa014c08fe1acbc415;c255d371a29c85c552b43a2068a3a673	ftp.sra.ebi.ac.uk/vol1/run/ERR258/ERR2587735/16S_inulin_post_I8_S80_L001_R1_001.fastq.gz;ftp.sra.ebi.ac.uk/vol1/run/ERR258/ERR2587735/16S_inulin_post_I8_S80_L001_R2_001.fastq.gz	fasp.sra.ebi.ac.uk:/vol1/run/ERR258/ERR2587735/16S_inulin_post_I8_S80_L001_R1_001.fastq.gz;fasp.sra.ebi.ac.uk:/vol1/run/ERR258/ERR2587735/16S_inulin_post_I8_S80_L001_R2_001.fastq.gz	ftp.sra.ebi.ac.uk/vol1/run/ERR258/ERR2587735/16S_inulin_post_I8_S80_L001_R1_001.fastq.gz;ftp.sra.ebi.ac.uk/vol1/run/ERR258/ERR2587735/16S_inulin_post_I8_S80_L001_R2_001.fastq.gz	FASTQ;FASTQ	83931514	c5d60182552a8ef7a100bcf4b0af9846	ftp.sra.ebi.ac.uk/vol1/err/ERR258/005/ERR2587735	fasp.sra.ebi.ac.uk:/vol1/err/ERR258/005/ERR2587735	ftp.sra.ebi.ac.uk/vol1/err/ERR258/005/ERR2587735	16S_inulin_post_I8		16S_inulin_post_I8		2018-05-19			
ERR2587741	ERP108869	SAMEA4670431	ERS2491044	ERX2604017	PRJEB26842	ERA1489867	1326787	fermentation metagenome	ILLUMINA	Illumina MiSeq	16S_inulin_pre_F23	300	PAIRED	AMPLICON	METAGENOMIC	PCR	13433	8077915	Teagasc Food Research Centre;Ireland;TEAGASC	2018-07-19	2018-11-16	Illumina MiSeq paired end sequencing	BBC study	ena-STUDY-TEAGASC-19-05-2018-07:51:28:007-360	ena-EXPERIMENT-TEAGASC-19-05-2018-10:18:46:104-36	ena-RUN-TEAGASC-19-05-2018-10:18:46:104-36	2484761;2994123	ed337ff0f63b5669be2d378e470a4dae;77f5586a9b873f68ddf58dc967ed4983	ftp.sra.ebi.ac.uk/vol1/fastq/ERR258/001/ERR2587741/ERR2587741_1.fastq.gz;ftp.sra.ebi.ac.uk/vol1/fastq/ERR258/001/ERR2587741/ERR2587741_2.fastq.gz	fasp.sra.ebi.ac.uk:/vol1/fastq/ERR258/001/ERR2587741/ERR2587741_1.fastq.gz;fasp.sra.ebi.ac.uk:/vol1/fastq/ERR258/001/ERR2587741/ERR2587741_2.fastq.gz	ftp.sra.ebi.ac.uk/vol1/fastq/ERR258/001/ERR2587741/ERR2587741_1.fastq.gz;ftp.sra.ebi.ac.uk/vol1/fastq/ERR258/001/ERR2587741/ERR2587741_2.fastq.gz	3276819;3728978	1491c8cfcba33fa242189a5066bd55d1;b80c01bd80bb23bf81e84db04152e553	ftp.sra.ebi.ac.uk/vol1/run/ERR258/ERR2587741/16S_inulin_pre_F23_S125_L001_R1_001.fastq.gz;ftp.sra.ebi.ac.uk/vol1/run/ERR258/ERR2587741/16S_inulin_pre_F23_S125_L001_R2_001.fastq.gz	fasp.sra.ebi.ac.uk:/vol1/run/ERR258/ERR2587741/16S_inulin_pre_F23_S125_L001_R1_001.fastq.gz;fasp.sra.ebi.ac.uk:/vol1/run/ERR258/ERR2587741/16S_inulin_pre_F23_S125_L001_R2_001.fastq.gz	ftp.sra.ebi.ac.uk/vol1/run/ERR258/ERR2587741/16S_inulin_pre_F23_S125_L001_R1_001.fastq.gz;ftp.sra.ebi.ac.uk/vol1/run/ERR258/ERR2587741/16S_inulin_pre_F23_S125_L001_R2_001.fastq.gz	FASTQ;FASTQ	5786419	3882dc0aa1c8758b9094d46da50e7df8	ftp.sra.ebi.ac.uk/vol1/err/ERR258/001/ERR2587741	fasp.sra.ebi.ac.uk:/vol1/err/ERR258/001/ERR2587741	ftp.sra.ebi.ac.uk/vol1/err/ERR258/001/ERR2587741	16S_inulin_pre_F23		16S_inulin_pre_F23		2018-05-19			
ERR2587744	ERP108869	SAMEA4670434	ERS2491047	ERX2604020	PRJEB26842	ERA1489867	1326787	fermentation metagenome	ILLUMINA	Illumina MiSeq	16S_inulin_pre_F4	300	PAIRED	AMPLICON	METAGENOMIC	PCR	199594	120046709	Teagasc Food Research Centre;Ireland;TEAGASC	2018-07-19	2018-11-16	Illumina MiSeq paired end sequencing	BBC study	ena-STUDY-TEAGASC-19-05-2018-07:51:28:007-360	ena-EXPERIMENT-TEAGASC-19-05-2018-10:18:46:104-39	ena-RUN-TEAGASC-19-05-2018-10:18:46:104-39	34814134;41627697	124691fc0fbd2bb22340515079e2b1d9;7686cc47eb3051721f89db905ddf21d4	ftp.sra.ebi.ac.uk/vol1/fastq/ERR258/004/ERR2587744/ERR2587744_1.fastq.gz;ftp.sra.ebi.ac.uk/vol1/fastq/ERR258/004/ERR2587744/ERR2587744_2.fastq.gz	fasp.sra.ebi.ac.uk:/vol1/fastq/ERR258/004/ERR2587744/ERR2587744_1.fastq.gz;fasp.sra.ebi.ac.uk:/vol1/fastq/ERR258/004/ERR2587744/ERR2587744_2.fastq.gz	ftp.sra.ebi.ac.uk/vol1/fastq/ERR258/004/ERR2587744/ERR2587744_1.fastq.gz;ftp.sra.ebi.ac.uk/vol1/fastq/ERR258/004/ERR2587744/ERR2587744_2.fastq.gz	48419003;54390368	7cacab90981cc4d33c2e4ac33976d7dd;3e8e8427789732a65bd68f7725af5b82	ftp.sra.ebi.ac.uk/vol1/run/ERR258/ERR2587744/16S_inulin_pre_F4_S106_L001_R1_001.fastq.gz;ftp.sra.ebi.ac.uk/vol1/run/ERR258/ERR2587744/16S_inulin_pre_F4_S106_L001_R2_001.fastq.gz	fasp.sra.ebi.ac.uk:/vol1/run/ERR258/ERR2587744/16S_inulin_pre_F4_S106_L001_R1_001.fastq.gz;fasp.sra.ebi.ac.uk:/vol1/run/ERR258/ERR2587744/16S_inulin_pre_F4_S106_L001_R2_001.fastq.gz	ftp.sra.ebi.ac.uk/vol1/run/ERR258/ERR2587744/16S_inulin_pre_F4_S106_L001_R1_001.fastq.gz;ftp.sra.ebi.ac.uk/vol1/run/ERR258/ERR2587744/16S_inulin_pre_F4_S106_L001_R2_001.fastq.gz	FASTQ;FASTQ	83566901	31af816e1cd236d0cc32734360b5f981	ftp.sra.ebi.ac.uk/vol1/err/ERR258/004/ERR2587744	fasp.sra.ebi.ac.uk:/vol1/err/ERR258/004/ERR2587744	ftp.sra.ebi.ac.uk/vol1/err/ERR258/004/ERR2587744	16S_inulin_pre_F4		16S_inulin_pre_F4		2018-05-19			
ERR2587745	ERP108869	SAMEA4670435	ERS2491048	ERX2604021	PRJEB26842	ERA1489867	1326787	fermentation metagenome	ILLUMINA	Illumina MiSeq	16S_inulin_pre_F8	300	PAIRED	AMPLICON	METAGENOMIC	PCR	210848	126814161	Teagasc Food Research Centre;Ireland;TEAGASC	2018-07-19	2018-11-16	Illumina MiSeq paired end sequencing	BBC study	ena-STUDY-TEAGASC-19-05-2018-07:51:28:007-360	ena-EXPERIMENT-TEAGASC-19-05-2018-10:18:46:104-40	ena-RUN-TEAGASC-19-05-2018-10:18:46:104-40	37999780;43976991	b87a783b31bd0c71e73de4753ba7943f;5b4c683afed9cd980bcec474dda85bcc	ftp.sra.ebi.ac.uk/vol1/fastq/ERR258/005/ERR2587745/ERR2587745_1.fastq.gz;ftp.sra.ebi.ac.uk/vol1/fastq/ERR258/005/ERR2587745/ERR2587745_2.fastq.gz	fasp.sra.ebi.ac.uk:/vol1/fastq/ERR258/005/ERR2587745/ERR2587745_1.fastq.gz;fasp.sra.ebi.ac.uk:/vol1/fastq/ERR258/005/ERR2587745/ERR2587745_2.fastq.gz	ftp.sra.ebi.ac.uk/vol1/fastq/ERR258/005/ERR2587745/ERR2587745_1.fastq.gz;ftp.sra.ebi.ac.uk/vol1/fastq/ERR258/005/ERR2587745/ERR2587745_2.fastq.gz	52088611;57252892	1dec0f4492d581975592f0f04c7551e3;ba049484f60125ccc225756c70c68f2a	ftp.sra.ebi.ac.uk/vol1/run/ERR258/ERR2587745/16S_inulin_pre_F8_S110_L001_R1_001.fastq.gz;ftp.sra.ebi.ac.uk/vol1/run/ERR258/ERR2587745/16S_inulin_pre_F8_S110_L001_R2_001.fastq.gz	fasp.sra.ebi.ac.uk:/vol1/run/ERR258/ERR2587745/16S_inulin_pre_F8_S110_L001_R1_001.fastq.gz;fasp.sra.ebi.ac.uk:/vol1/run/ERR258/ERR2587745/16S_inulin_pre_F8_S110_L001_R2_001.fastq.gz	ftp.sra.ebi.ac.uk/vol1/run/ERR258/ERR2587745/16S_inulin_pre_F8_S110_L001_R1_001.fastq.gz;ftp.sra.ebi.ac.uk/vol1/run/ERR258/ERR2587745/16S_inulin_pre_F8_S110_L001_R2_001.fastq.gz	FASTQ;FASTQ	88754030	4334d4b4cb117ebaa3e312294880a888	ftp.sra.ebi.ac.uk/vol1/err/ERR258/005/ERR2587745	fasp.sra.ebi.ac.uk:/vol1/err/ERR258/005/ERR2587745	ftp.sra.ebi.ac.uk/vol1/err/ERR258/005/ERR2587745	16S_inulin_pre_F8		16S_inulin_pre_F8		2018-05-19			
ERR2587746	ERP108869	SAMEA4670439	ERS2491052	ERX2604022	PRJEB26842	ERA1489867	1326787	fermentation metagenome	ILLUMINA	Illumina MiSeq	16S_kefir_post_I13	300	PAIRED	AMPLICON	METAGENOMIC	PCR	214837	129204038	Teagasc Food Research Centre;Ireland;TEAGASC	2018-07-19	2018-11-16	Illumina MiSeq paired end sequencing	BBC study	ena-STUDY-TEAGASC-19-05-2018-07:51:28:007-360	ena-EXPERIMENT-TEAGASC-19-05-2018-10:18:46:104-41	ena-RUN-TEAGASC-19-05-2018-10:18:46:104-41	37803162;44741321	81d1139c21c82e40db63b7ce34faf8ec;8ffc888c768328649da61353939c0082	ftp.sra.ebi.ac.uk/vol1/fastq/ERR258/006/ERR2587746/ERR2587746_1.fastq.gz;ftp.sra.ebi.ac.uk/vol1/fastq/ERR258/006/ERR2587746/ERR2587746_2.fastq.gz	fasp.sra.ebi.ac.uk:/vol1/fastq/ERR258/006/ERR2587746/ERR2587746_1.fastq.gz;fasp.sra.ebi.ac.uk:/vol1/fastq/ERR258/006/ERR2587746/ERR2587746_2.fastq.gz	ftp.sra.ebi.ac.uk/vol1/fastq/ERR258/006/ERR2587746/ERR2587746_1.fastq.gz;ftp.sra.ebi.ac.uk/vol1/fastq/ERR258/006/ERR2587746/ERR2587746_2.fastq.gz	52016971;58097433	cda6de9cb902cdfb6ae12e988856551c;eacdc7f1a7d2d9d05787335fdbf60d02	ftp.sra.ebi.ac.uk/vol1/run/ERR258/ERR2587746/16S_kefir_post_I13_S85_L001_R1_001.fastq.gz;ftp.sra.ebi.ac.uk/vol1/run/ERR258/ERR2587746/16S_kefir_post_I13_S85_L001_R2_001.fastq.gz	fasp.sra.ebi.ac.uk:/vol1/run/ERR258/ERR2587746/16S_kefir_post_I13_S85_L001_R1_001.fastq.gz;fasp.sra.ebi.ac.uk:/vol1/run/ERR258/ERR2587746/16S_kefir_post_I13_S85_L001_R2_001.fastq.gz	ftp.sra.ebi.ac.uk/vol1/run/ERR258/ERR2587746/16S_kefir_post_I13_S85_L001_R1_001.fastq.gz;ftp.sra.ebi.ac.uk/vol1/run/ERR258/ERR2587746/16S_kefir_post_I13_S85_L001_R2_001.fastq.gz	FASTQ;FASTQ	89748281	78d58cc21bb8541f598472b30bc7acb1	ftp.sra.ebi.ac.uk/vol1/err/ERR258/006/ERR2587746	fasp.sra.ebi.ac.uk:/vol1/err/ERR258/006/ERR2587746	ftp.sra.ebi.ac.uk/vol1/err/ERR258/006/ERR2587746	16S_kefir_post_I1		16S_kefir_post_I1		2018-05-19			
ERR2587748	ERP108869	SAMEA4670437	ERS2491050	ERX2604024	PRJEB26842	ERA1489867	1326787	fermentation metagenome	ILLUMINA	Illumina MiSeq	16S_kefir_post_I17	300	PAIRED	AMPLICON	METAGENOMIC	PCR	372240	223899659	Teagasc Food Research Centre;Ireland;TEAGASC	2018-07-19	2018-11-16	Illumina MiSeq paired end sequencing	BBC study	ena-STUDY-TEAGASC-19-05-2018-07:51:28:007-360	ena-EXPERIMENT-TEAGASC-19-05-2018-10:18:46:104-43	ena-RUN-TEAGASC-19-05-2018-10:18:46:105-43	62884662;75673351	8463821e85f56417709defb7c3303439;c5e43731c708afed3500363b42347391	ftp.sra.ebi.ac.uk/vol1/fastq/ERR258/008/ERR2587748/ERR2587748_1.fastq.gz;ftp.sra.ebi.ac.uk/vol1/fastq/ERR258/008/ERR2587748/ERR2587748_2.fastq.gz	fasp.sra.ebi.ac.uk:/vol1/fastq/ERR258/008/ERR2587748/ERR2587748_1.fastq.gz;fasp.sra.ebi.ac.uk:/vol1/fastq/ERR258/008/ERR2587748/ERR2587748_2.fastq.gz	ftp.sra.ebi.ac.uk/vol1/fastq/ERR258/008/ERR2587748/ERR2587748_1.fastq.gz;ftp.sra.ebi.ac.uk/vol1/fastq/ERR258/008/ERR2587748/ERR2587748_2.fastq.gz	89110120;100115271	e425daf37429029f99af3bc68b27c592;1e8de7c6035a3be65df39b3abb11bb15	ftp.sra.ebi.ac.uk/vol1/run/ERR258/ERR2587748/16S_kefir_post_I17_S89_L001_R1_001.fastq.gz;ftp.sra.ebi.ac.uk/vol1/run/ERR258/ERR2587748/16S_kefir_post_I17_S89_L001_R2_001.fastq.gz	fasp.sra.ebi.ac.uk:/vol1/run/ERR258/ERR2587748/16S_kefir_post_I17_S89_L001_R1_001.fastq.gz;fasp.sra.ebi.ac.uk:/vol1/run/ERR258/ERR2587748/16S_kefir_post_I17_S89_L001_R2_001.fastq.gz	ftp.sra.ebi.ac.uk/vol1/run/ERR258/ERR2587748/16S_kefir_post_I17_S89_L001_R1_001.fastq.gz;ftp.sra.ebi.ac.uk/vol1/run/ERR258/ERR2587748/16S_kefir_post_I17_S89_L001_R2_001.fastq.gz	FASTQ;FASTQ	153019877	06c61c2c0f5acc648920c5e41c9c63c6	ftp.sra.ebi.ac.uk/vol1/err/ERR258/008/ERR2587748	fasp.sra.ebi.ac.uk:/vol1/err/ERR258/008/ERR2587748	ftp.sra.ebi.ac.uk/vol1/err/ERR258/008/ERR2587748	16S_kefir_post_I14		16S_kefir_post_I14		2018-05-19			
ERR2587750	ERP108869	SAMEA4670440	ERS2491053	ERX2604026	PRJEB26842	ERA1489867	1326787	fermentation metagenome	ILLUMINA	Illumina MiSeq	16S_kefir_post_I24	300	PAIRED	AMPLICON	METAGENOMIC	PCR	195248	117430389	Teagasc Food Research Centre;Ireland;TEAGASC	2018-07-19	2018-11-16	Illumina MiSeq paired end sequencing	BBC study	ena-STUDY-TEAGASC-19-05-2018-07:51:28:007-360	ena-EXPERIMENT-TEAGASC-19-05-2018-10:18:46:105-45	ena-RUN-TEAGASC-19-05-2018-10:18:46:105-45	33368680;39989335	f50a88e1d18cd5f01ea03ebdc9fffc6d;49979afaeca5a5315e874dca0d0c552c	ftp.sra.ebi.ac.uk/vol1/fastq/ERR258/000/ERR2587750/ERR2587750_1.fastq.gz;ftp.sra.ebi.ac.uk/vol1/fastq/ERR258/000/ERR2587750/ERR2587750_2.fastq.gz	fasp.sra.ebi.ac.uk:/vol1/fastq/ERR258/000/ERR2587750/ERR2587750_1.fastq.gz;fasp.sra.ebi.ac.uk:/vol1/fastq/ERR258/000/ERR2587750/ERR2587750_2.fastq.gz	ftp.sra.ebi.ac.uk/vol1/fastq/ERR258/000/ERR2587750/ERR2587750_1.fastq.gz;ftp.sra.ebi.ac.uk/vol1/fastq/ERR258/000/ERR2587750/ERR2587750_2.fastq.gz	46585842;52501000	00c5e5d584e58fbe27111ba2f0ff5115;2b879180ca7cc50fc222263bf2c2601d	ftp.sra.ebi.ac.uk/vol1/run/ERR258/ERR2587750/16S_kefir_post_I24_S96_L001_R1_001.fastq.gz;ftp.sra.ebi.ac.uk/vol1/run/ERR258/ERR2587750/16S_kefir_post_I24_S96_L001_R2_001.fastq.gz	fasp.sra.ebi.ac.uk:/vol1/run/ERR258/ERR2587750/16S_kefir_post_I24_S96_L001_R1_001.fastq.gz;fasp.sra.ebi.ac.uk:/vol1/run/ERR258/ERR2587750/16S_kefir_post_I24_S96_L001_R2_001.fastq.gz	ftp.sra.ebi.ac.uk/vol1/run/ERR258/ERR2587750/16S_kefir_post_I24_S96_L001_R1_001.fastq.gz;ftp.sra.ebi.ac.uk/vol1/run/ERR258/ERR2587750/16S_kefir_post_I24_S96_L001_R2_001.fastq.gz	FASTQ;FASTQ	80536477	851b9f5480c25d664718624522a7b03e	ftp.sra.ebi.ac.uk/vol1/err/ERR258/000/ERR2587750	fasp.sra.ebi.ac.uk:/vol1/err/ERR258/000/ERR2587750	ftp.sra.ebi.ac.uk/vol1/err/ERR258/000/ERR2587750	16S_kefir_post_I24		16S_kefir_post_I24		2018-05-19			
ERR2587752	ERP108869	SAMEA4670442	ERS2491055	ERX2604028	PRJEB26842	ERA1489867	1326787	fermentation metagenome	ILLUMINA	Illumina MiSeq	16S_kefir_post_I30	300	PAIRED	AMPLICON	METAGENOMIC	PCR	32431	19504622	Teagasc Food Research Centre;Ireland;TEAGASC	2018-07-19	2018-11-16	Illumina MiSeq paired end sequencing	BBC study	ena-STUDY-TEAGASC-19-05-2018-07:51:28:007-360	ena-EXPERIMENT-TEAGASC-19-05-2018-10:18:46:105-47	ena-RUN-TEAGASC-19-05-2018-10:18:46:105-47	5791381;6797433	2e1d28cc8ea40d1082faec87a7ddc568;64e7ce4afaf3f7d09b3da680ec082a51	ftp.sra.ebi.ac.uk/vol1/fastq/ERR258/002/ERR2587752/ERR2587752_1.fastq.gz;ftp.sra.ebi.ac.uk/vol1/fastq/ERR258/002/ERR2587752/ERR2587752_2.fastq.gz	fasp.sra.ebi.ac.uk:/vol1/fastq/ERR258/002/ERR2587752/ERR2587752_1.fastq.gz;fasp.sra.ebi.ac.uk:/vol1/fastq/ERR258/002/ERR2587752/ERR2587752_2.fastq.gz	ftp.sra.ebi.ac.uk/vol1/fastq/ERR258/002/ERR2587752/ERR2587752_1.fastq.gz;ftp.sra.ebi.ac.uk/vol1/fastq/ERR258/002/ERR2587752/ERR2587752_2.fastq.gz	7754298;8684140	65cc0b04627729475f3c82f6671c15c5;1bb2016b619604621ec6b8f5d225b06f	ftp.sra.ebi.ac.uk/vol1/run/ERR258/ERR2587752/16S_kefir_post_I30_S102_L001_R1_001.fastq.gz;ftp.sra.ebi.ac.uk/vol1/run/ERR258/ERR2587752/16S_kefir_post_I30_S102_L001_R2_001.fastq.gz	fasp.sra.ebi.ac.uk:/vol1/run/ERR258/ERR2587752/16S_kefir_post_I30_S102_L001_R1_001.fastq.gz;fasp.sra.ebi.ac.uk:/vol1/run/ERR258/ERR2587752/16S_kefir_post_I30_S102_L001_R2_001.fastq.gz	ftp.sra.ebi.ac.uk/vol1/run/ERR258/ERR2587752/16S_kefir_post_I30_S102_L001_R1_001.fastq.gz;ftp.sra.ebi.ac.uk/vol1/run/ERR258/ERR2587752/16S_kefir_post_I30_S102_L001_R2_001.fastq.gz	FASTQ;FASTQ	13812034	93c8baa1dc894567a3af656c3034967f	ftp.sra.ebi.ac.uk/vol1/err/ERR258/002/ERR2587752	fasp.sra.ebi.ac.uk:/vol1/err/ERR258/002/ERR2587752	ftp.sra.ebi.ac.uk/vol1/err/ERR258/002/ERR2587752	16S_kefir_post_I30		16S_kefir_post_I30		2018-05-19			
ERR2587756	ERP108869	SAMEA4670445	ERS2491058	ERX2604032	PRJEB26842	ERA1489867	1326787	fermentation metagenome	ILLUMINA	Illumina MiSeq	16S_kefir_pre_F14	300	PAIRED	AMPLICON	METAGENOMIC	PCR	238423	143368921	Teagasc Food Research Centre;Ireland;TEAGASC	2018-07-19	2018-11-16	Illumina MiSeq paired end sequencing	BBC study	ena-STUDY-TEAGASC-19-05-2018-07:51:28:007-360	ena-EXPERIMENT-TEAGASC-19-05-2018-10:18:46:105-51	ena-RUN-TEAGASC-19-05-2018-10:18:46:105-51	40771608;49258441	1d20f95820f6518dd6a4c1b5af8d26b8;49e98646342bee450eb9fb14e6b8c4a0	ftp.sra.ebi.ac.uk/vol1/fastq/ERR258/006/ERR2587756/ERR2587756_1.fastq.gz;ftp.sra.ebi.ac.uk/vol1/fastq/ERR258/006/ERR2587756/ERR2587756_2.fastq.gz	fasp.sra.ebi.ac.uk:/vol1/fastq/ERR258/006/ERR2587756/ERR2587756_1.fastq.gz;fasp.sra.ebi.ac.uk:/vol1/fastq/ERR258/006/ERR2587756/ERR2587756_2.fastq.gz	ftp.sra.ebi.ac.uk/vol1/fastq/ERR258/006/ERR2587756/ERR2587756_1.fastq.gz;ftp.sra.ebi.ac.uk/vol1/fastq/ERR258/006/ERR2587756/ERR2587756_2.fastq.gz	56827550;64013886	2e78cc3f3fe4b65a46359e8f2b52eead;eb41df2ec0f79a7f5bb7e9f89b357031	ftp.sra.ebi.ac.uk/vol1/run/ERR258/ERR2587756/16S_kefir_pre_F14_S116_L001_R1_001.fastq.gz;ftp.sra.ebi.ac.uk/vol1/run/ERR258/ERR2587756/16S_kefir_pre_F14_S116_L001_R2_001.fastq.gz	fasp.sra.ebi.ac.uk:/vol1/run/ERR258/ERR2587756/16S_kefir_pre_F14_S116_L001_R1_001.fastq.gz;fasp.sra.ebi.ac.uk:/vol1/run/ERR258/ERR2587756/16S_kefir_pre_F14_S116_L001_R2_001.fastq.gz	ftp.sra.ebi.ac.uk/vol1/run/ERR258/ERR2587756/16S_kefir_pre_F14_S116_L001_R1_001.fastq.gz;ftp.sra.ebi.ac.uk/vol1/run/ERR258/ERR2587756/16S_kefir_pre_F14_S116_L001_R2_001.fastq.gz	FASTQ;FASTQ	99358723	bfb958eed6522baee726a3935971176c	ftp.sra.ebi.ac.uk/vol1/err/ERR258/006/ERR2587756	fasp.sra.ebi.ac.uk:/vol1/err/ERR258/006/ERR2587756	ftp.sra.ebi.ac.uk/vol1/err/ERR258/006/ERR2587756	16S_kefir_pre_F13		16S_kefir_pre_F13		2018-05-19			
ERR2587765	ERP108869	SAMEA4670455	ERS2491068	ERX2604041	PRJEB26842	ERA1489867	749906	gut metagenome	ILLUMINA	NextSeq 500	shotgun_fmp_post_14	150	PAIRED	OTHER	METAGENOMIC	RANDOM	8454004	2553109208	Teagasc Food Research Centre;Ireland;TEAGASC	2018-07-19	2018-11-16	NextSeq 500 paired end sequencing	BBC study	ena-STUDY-TEAGASC-19-05-2018-07:51:28:007-360	ena-EXPERIMENT-TEAGASC-19-05-2018-10:18:46:105-60	ena-RUN-TEAGASC-19-05-2018-10:18:46:105-60	801159677;816677531	a9eb44db7e424da99be083d53a811612;5b855c2b7597e93689872ed1e1c20a58	ftp.sra.ebi.ac.uk/vol1/fastq/ERR258/005/ERR2587765/ERR2587765_1.fastq.gz;ftp.sra.ebi.ac.uk/vol1/fastq/ERR258/005/ERR2587765/ERR2587765_2.fastq.gz	fasp.sra.ebi.ac.uk:/vol1/fastq/ERR258/005/ERR2587765/ERR2587765_1.fastq.gz;fasp.sra.ebi.ac.uk:/vol1/fastq/ERR258/005/ERR2587765/ERR2587765_2.fastq.gz	ftp.sra.ebi.ac.uk/vol1/fastq/ERR258/005/ERR2587765/ERR2587765_1.fastq.gz;ftp.sra.ebi.ac.uk/vol1/fastq/ERR258/005/ERR2587765/ERR2587765_2.fastq.gz	779364845;794721641	4dd24f413b52913f6f983ffd58e14a39;c6f0ef98a966aa69d3131f38dcb9ddce	ftp.sra.ebi.ac.uk/vol1/run/ERR258/ERR2587765/fmp_post_14_S28_R1_001.fastq.gz;ftp.sra.ebi.ac.uk/vol1/run/ERR258/ERR2587765/fmp_post_14_S28_R2_001.fastq.gz	fasp.sra.ebi.ac.uk:/vol1/run/ERR258/ERR2587765/fmp_post_14_S28_R1_001.fastq.gz;fasp.sra.ebi.ac.uk:/vol1/run/ERR258/ERR2587765/fmp_post_14_S28_R2_001.fastq.gz	ftp.sra.ebi.ac.uk/vol1/run/ERR258/ERR2587765/fmp_post_14_S28_R1_001.fastq.gz;ftp.sra.ebi.ac.uk/vol1/run/ERR258/ERR2587765/fmp_post_14_S28_R2_001.fastq.gz	FASTQ;FASTQ	1130513988	7cfdd58771136c2a30e6491f17f4d20d	ftp.sra.ebi.ac.uk/vol1/err/ERR258/005/ERR2587765	fasp.sra.ebi.ac.uk:/vol1/err/ERR258/005/ERR2587765	ftp.sra.ebi.ac.uk/vol1/err/ERR258/005/ERR2587765	shotgun_fmp_post_14		shotgun_fmp_post_14		2018-05-19			
ERR2587769	ERP108869	SAMEA4670459	ERS2491072	ERX2604045	PRJEB26842	ERA1489867	749906	gut metagenome	ILLUMINA	NextSeq 500	shotgun_fmp_post_24	150	PAIRED	OTHER	METAGENOMIC	RANDOM	7595862	2293950324	Teagasc Food Research Centre;Ireland;TEAGASC	2018-07-19	2018-11-16	NextSeq 500 paired end sequencing	BBC study	ena-STUDY-TEAGASC-19-05-2018-07:51:28:007-360	ena-EXPERIMENT-TEAGASC-19-05-2018-10:18:46:105-64	ena-RUN-TEAGASC-19-05-2018-10:18:46:105-64	736711482;752671590	9b02f89037771d5370f9db0f1d3e538e;4abed4f4f89fde1fd5ff33b1812d0ac8	ftp.sra.ebi.ac.uk/vol1/fastq/ERR258/009/ERR2587769/ERR2587769_1.fastq.gz;ftp.sra.ebi.ac.uk/vol1/fastq/ERR258/009/ERR2587769/ERR2587769_2.fastq.gz	fasp.sra.ebi.ac.uk:/vol1/fastq/ERR258/009/ERR2587769/ERR2587769_1.fastq.gz;fasp.sra.ebi.ac.uk:/vol1/fastq/ERR258/009/ERR2587769/ERR2587769_2.fastq.gz	ftp.sra.ebi.ac.uk/vol1/fastq/ERR258/009/ERR2587769/ERR2587769_1.fastq.gz;ftp.sra.ebi.ac.uk/vol1/fastq/ERR258/009/ERR2587769/ERR2587769_2.fastq.gz	717307111;733226660	dc1024552330947f425586c2245d5c5a;cca37b6b37f8c1cb4837389953970f53	ftp.sra.ebi.ac.uk/vol1/run/ERR258/ERR2587769/fmp_post_26_S52_R1_001.fastq.gz;ftp.sra.ebi.ac.uk/vol1/run/ERR258/ERR2587769/fmp_post_26_S52_R2_001.fastq.gz	fasp.sra.ebi.ac.uk:/vol1/run/ERR258/ERR2587769/fmp_post_26_S52_R1_001.fastq.gz;fasp.sra.ebi.ac.uk:/vol1/run/ERR258/ERR2587769/fmp_post_26_S52_R2_001.fastq.gz	ftp.sra.ebi.ac.uk/vol1/run/ERR258/ERR2587769/fmp_post_26_S52_R1_001.fastq.gz;ftp.sra.ebi.ac.uk/vol1/run/ERR258/ERR2587769/fmp_post_26_S52_R2_001.fastq.gz	FASTQ;FASTQ	1041209077	78aa72ff38c347278fa07061deb282b1	ftp.sra.ebi.ac.uk/vol1/err/ERR258/009/ERR2587769	fasp.sra.ebi.ac.uk:/vol1/err/ERR258/009/ERR2587769	ftp.sra.ebi.ac.uk/vol1/err/ERR258/009/ERR2587769	shotgun_fmp_post_24		shotgun_fmp_post_24		2018-05-19			
ERR2587770	ERP108869	SAMEA4670460	ERS2491073	ERX2604046	PRJEB26842	ERA1489867	749906	gut metagenome	ILLUMINA	NextSeq 500	shotgun_fmp_post_26	150	PAIRED	OTHER	METAGENOMIC	RANDOM	8936769	2698904238	Teagasc Food Research Centre;Ireland;TEAGASC	2018-07-19	2018-11-16	NextSeq 500 paired end sequencing	BBC study	ena-STUDY-TEAGASC-19-05-2018-07:51:28:007-360	ena-EXPERIMENT-TEAGASC-19-05-2018-10:18:46:105-65	ena-RUN-TEAGASC-19-05-2018-10:18:46:105-65	847363750;861710251	3a8d48870b88f63a014a4af934ec20b3;f37861d085e1f59f2ecf7ea6d3457e39	ftp.sra.ebi.ac.uk/vol1/fastq/ERR258/000/ERR2587770/ERR2587770_1.fastq.gz;ftp.sra.ebi.ac.uk/vol1/fastq/ERR258/000/ERR2587770/ERR2587770_2.fastq.gz	fasp.sra.ebi.ac.uk:/vol1/fastq/ERR258/000/ERR2587770/ERR2587770_1.fastq.gz;fasp.sra.ebi.ac.uk:/vol1/fastq/ERR258/000/ERR2587770/ERR2587770_2.fastq.gz	ftp.sra.ebi.ac.uk/vol1/fastq/ERR258/000/ERR2587770/ERR2587770_1.fastq.gz;ftp.sra.ebi.ac.uk/vol1/fastq/ERR258/000/ERR2587770/ERR2587770_2.fastq.gz	824309986;838525933	1dbc0a7d582468dc8a15160350fa2947;71f7ee8d52e818e85b254382bc526913	ftp.sra.ebi.ac.uk/vol1/run/ERR258/ERR2587770/fmp_post_29_S57_R1_001.fastq.gz;ftp.sra.ebi.ac.uk/vol1/run/ERR258/ERR2587770/fmp_post_29_S57_R2_001.fastq.gz	fasp.sra.ebi.ac.uk:/vol1/run/ERR258/ERR2587770/fmp_post_29_S57_R1_001.fastq.gz;fasp.sra.ebi.ac.uk:/vol1/run/ERR258/ERR2587770/fmp_post_29_S57_R2_001.fastq.gz	ftp.sra.ebi.ac.uk/vol1/run/ERR258/ERR2587770/fmp_post_29_S57_R1_001.fastq.gz;ftp.sra.ebi.ac.uk/vol1/run/ERR258/ERR2587770/fmp_post_29_S57_R2_001.fastq.gz	FASTQ;FASTQ	1203378338	39c046bf90c3fbb518a200ff782ed93f	ftp.sra.ebi.ac.uk/vol1/err/ERR258/000/ERR2587770	fasp.sra.ebi.ac.uk:/vol1/err/ERR258/000/ERR2587770	ftp.sra.ebi.ac.uk/vol1/err/ERR258/000/ERR2587770	shotgun_fmp_post_26		shotgun_fmp_post_26		2018-05-19			
ERR2587771	ERP108869	SAMEA4670461	ERS2491074	ERX2604047	PRJEB26842	ERA1489867	749906	gut metagenome	ILLUMINA	NextSeq 500	shotgun_fmp_post_29	150	PAIRED	OTHER	METAGENOMIC	RANDOM	8567345	2587338190	Teagasc Food Research Centre;Ireland;TEAGASC	2018-07-19	2018-11-16	NextSeq 500 paired end sequencing	BBC study	ena-STUDY-TEAGASC-19-05-2018-07:51:28:007-360	ena-EXPERIMENT-TEAGASC-19-05-2018-10:18:46:105-66	ena-RUN-TEAGASC-19-05-2018-10:18:46:105-66	816154678;838439829	e12df196dd07dbf70a6e737e444f2c30;e5db26882941bd02dfa38af18af1ef61	ftp.sra.ebi.ac.uk/vol1/fastq/ERR258/001/ERR2587771/ERR2587771_1.fastq.gz;ftp.sra.ebi.ac.uk/vol1/fastq/ERR258/001/ERR2587771/ERR2587771_2.fastq.gz	fasp.sra.ebi.ac.uk:/vol1/fastq/ERR258/001/ERR2587771/ERR2587771_1.fastq.gz;fasp.sra.ebi.ac.uk:/vol1/fastq/ERR258/001/ERR2587771/ERR2587771_2.fastq.gz	ftp.sra.ebi.ac.uk/vol1/fastq/ERR258/001/ERR2587771/ERR2587771_1.fastq.gz;ftp.sra.ebi.ac.uk/vol1/fastq/ERR258/001/ERR2587771/ERR2587771_2.fastq.gz	794312905;816469442	a13e213e92985b459574eb5529f03439;51296bae0f1f83756d32203a932dbca8	ftp.sra.ebi.ac.uk/vol1/run/ERR258/ERR2587771/fmp_post_2_S4_R1_001.fastq.gz;ftp.sra.ebi.ac.uk/vol1/run/ERR258/ERR2587771/fmp_post_2_S4_R2_001.fastq.gz	fasp.sra.ebi.ac.uk:/vol1/run/ERR258/ERR2587771/fmp_post_2_S4_R1_001.fastq.gz;fasp.sra.ebi.ac.uk:/vol1/run/ERR258/ERR2587771/fmp_post_2_S4_R2_001.fastq.gz	ftp.sra.ebi.ac.uk/vol1/run/ERR258/ERR2587771/fmp_post_2_S4_R1_001.fastq.gz;ftp.sra.ebi.ac.uk/vol1/run/ERR258/ERR2587771/fmp_post_2_S4_R2_001.fastq.gz	FASTQ;FASTQ	1156140673	5603f62b2685751b53e8104b86030c53	ftp.sra.ebi.ac.uk/vol1/err/ERR258/001/ERR2587771	fasp.sra.ebi.ac.uk:/vol1/err/ERR258/001/ERR2587771	ftp.sra.ebi.ac.uk/vol1/err/ERR258/001/ERR2587771	shotgun_fmp_post_29		shotgun_fmp_post_29		2018-05-19			
ERR2587772	ERP108869	SAMEA4670462	ERS2491075	ERX2604048	PRJEB26842	ERA1489867	749906	gut metagenome	ILLUMINA	NextSeq 500	shotgun_fmp_post_5	150	PAIRED	OTHER	METAGENOMIC	RANDOM	8134685	2456674870	Teagasc Food Research Centre;Ireland;TEAGASC	2018-07-19	2018-11-16	NextSeq 500 paired end sequencing	BBC study	ena-STUDY-TEAGASC-19-05-2018-07:51:28:007-360	ena-EXPERIMENT-TEAGASC-19-05-2018-10:18:46:105-67	ena-RUN-TEAGASC-19-05-2018-10:18:46:105-67	775172393;797103028	ed66c4226e77ad031738c79461be815d;6b4a7ee4172c59d657b5debed3841a2f	ftp.sra.ebi.ac.uk/vol1/fastq/ERR258/002/ERR2587772/ERR2587772_1.fastq.gz;ftp.sra.ebi.ac.uk/vol1/fastq/ERR258/002/ERR2587772/ERR2587772_2.fastq.gz	fasp.sra.ebi.ac.uk:/vol1/fastq/ERR258/002/ERR2587772/ERR2587772_1.fastq.gz;fasp.sra.ebi.ac.uk:/vol1/fastq/ERR258/002/ERR2587772/ERR2587772_2.fastq.gz	ftp.sra.ebi.ac.uk/vol1/fastq/ERR258/002/ERR2587772/ERR2587772_1.fastq.gz;ftp.sra.ebi.ac.uk/vol1/fastq/ERR258/002/ERR2587772/ERR2587772_2.fastq.gz	754375282;776189316	bb837d6e228df7941abe1b2d6f00ff3e;8dead3b48e39eb3963f7a98d69497e27	ftp.sra.ebi.ac.uk/vol1/run/ERR258/ERR2587772/fmp_post_5_S10_R1_001.fastq.gz;ftp.sra.ebi.ac.uk/vol1/run/ERR258/ERR2587772/fmp_post_5_S10_R2_001.fastq.gz	fasp.sra.ebi.ac.uk:/vol1/run/ERR258/ERR2587772/fmp_post_5_S10_R1_001.fastq.gz;fasp.sra.ebi.ac.uk:/vol1/run/ERR258/ERR2587772/fmp_post_5_S10_R2_001.fastq.gz	ftp.sra.ebi.ac.uk/vol1/run/ERR258/ERR2587772/fmp_post_5_S10_R1_001.fastq.gz;ftp.sra.ebi.ac.uk/vol1/run/ERR258/ERR2587772/fmp_post_5_S10_R2_001.fastq.gz	FASTQ;FASTQ	1096354151	4f7bb6724967add23875eee260df6865	ftp.sra.ebi.ac.uk/vol1/err/ERR258/002/ERR2587772	fasp.sra.ebi.ac.uk:/vol1/err/ERR258/002/ERR2587772	ftp.sra.ebi.ac.uk/vol1/err/ERR258/002/ERR2587772	shotgun_fmp_post_5		shotgun_fmp_post_5		2018-05-19			
ERR2587773	ERP108869	SAMEA4670463	ERS2491076	ERX2604049	PRJEB26842	ERA1489867	749906	gut metagenome	ILLUMINA	NextSeq 500	shotgun_fmp_post_9	150	PAIRED	OTHER	METAGENOMIC	RANDOM	6916314	2088726828	Teagasc Food Research Centre;Ireland;TEAGASC	2018-07-19	2018-11-16	NextSeq 500 paired end sequencing	BBC study	ena-STUDY-TEAGASC-19-05-2018-07:51:28:007-360	ena-EXPERIMENT-TEAGASC-19-05-2018-10:18:46:105-68	ena-RUN-TEAGASC-19-05-2018-10:18:46:105-68	666748124;685299775	bef2ccfba9b2460b9beed7faaa09c933;abcb9edcd1bf34448f1e8825ac327207	ftp.sra.ebi.ac.uk/vol1/fastq/ERR258/003/ERR2587773/ERR2587773_1.fastq.gz;ftp.sra.ebi.ac.uk/vol1/fastq/ERR258/003/ERR2587773/ERR2587773_2.fastq.gz	fasp.sra.ebi.ac.uk:/vol1/fastq/ERR258/003/ERR2587773/ERR2587773_1.fastq.gz;fasp.sra.ebi.ac.uk:/vol1/fastq/ERR258/003/ERR2587773/ERR2587773_2.fastq.gz	ftp.sra.ebi.ac.uk/vol1/fastq/ERR258/003/ERR2587773/ERR2587773_1.fastq.gz;ftp.sra.ebi.ac.uk/vol1/fastq/ERR258/003/ERR2587773/ERR2587773_2.fastq.gz	649176285;667659217	a0cbf0e3f9a5a82323302ae047685626;9f7c36e4300eccc1204dea7b35d71ba4	ftp.sra.ebi.ac.uk/vol1/run/ERR258/ERR2587773/fmp_post_9_S18_R1_001.fastq.gz;ftp.sra.ebi.ac.uk/vol1/run/ERR258/ERR2587773/fmp_post_9_S18_R2_001.fastq.gz	fasp.sra.ebi.ac.uk:/vol1/run/ERR258/ERR2587773/fmp_post_9_S18_R1_001.fastq.gz;fasp.sra.ebi.ac.uk:/vol1/run/ERR258/ERR2587773/fmp_post_9_S18_R2_001.fastq.gz	ftp.sra.ebi.ac.uk/vol1/run/ERR258/ERR2587773/fmp_post_9_S18_R1_001.fastq.gz;ftp.sra.ebi.ac.uk/vol1/run/ERR258/ERR2587773/fmp_post_9_S18_R2_001.fastq.gz	FASTQ;FASTQ	942976122	fd6c1c8bb3068fc39d17d0e08074a6b6	ftp.sra.ebi.ac.uk/vol1/err/ERR258/003/ERR2587773	fasp.sra.ebi.ac.uk:/vol1/err/ERR258/003/ERR2587773	ftp.sra.ebi.ac.uk/vol1/err/ERR258/003/ERR2587773	shotgun_fmp_post_9		shotgun_fmp_post_9		2018-05-19			
ERR2587775	ERP108869	SAMEA4670465	ERS2491078	ERX2604051	PRJEB26842	ERA1489867	749906	gut metagenome	ILLUMINA	NextSeq 500	shotgun_fmp_pre_14	150	PAIRED	OTHER	METAGENOMIC	RANDOM	8261261	2494900822	Teagasc Food Research Centre;Ireland;TEAGASC	2018-07-19	2018-11-16	NextSeq 500 paired end sequencing	BBC study	ena-STUDY-TEAGASC-19-05-2018-07:51:28:007-360	ena-EXPERIMENT-TEAGASC-19-05-2018-10:18:46:105-70	ena-RUN-TEAGASC-19-05-2018-10:18:46:105-70	784799467;801190308	6979b294245b12aa3c17027e6309cfbe;ca2c84728f1cd36d1472e826aa31fa9c	ftp.sra.ebi.ac.uk/vol1/fastq/ERR258/005/ERR2587775/ERR2587775_1.fastq.gz;ftp.sra.ebi.ac.uk/vol1/fastq/ERR258/005/ERR2587775/ERR2587775_2.fastq.gz	fasp.sra.ebi.ac.uk:/vol1/fastq/ERR258/005/ERR2587775/ERR2587775_1.fastq.gz;fasp.sra.ebi.ac.uk:/vol1/fastq/ERR258/005/ERR2587775/ERR2587775_2.fastq.gz	ftp.sra.ebi.ac.uk/vol1/fastq/ERR258/005/ERR2587775/ERR2587775_1.fastq.gz;ftp.sra.ebi.ac.uk/vol1/fastq/ERR258/005/ERR2587775/ERR2587775_2.fastq.gz	763297431;779558441	97996d091608ea7068bcbdebdbfc2803;098c3c86f0fa12c6be8d87dd1c836463	ftp.sra.ebi.ac.uk/vol1/run/ERR258/ERR2587775/fmp_pre_14_S27_R1_001.fastq.gz;ftp.sra.ebi.ac.uk/vol1/run/ERR258/ERR2587775/fmp_pre_14_S27_R2_001.fastq.gz	fasp.sra.ebi.ac.uk:/vol1/run/ERR258/ERR2587775/fmp_pre_14_S27_R1_001.fastq.gz;fasp.sra.ebi.ac.uk:/vol1/run/ERR258/ERR2587775/fmp_pre_14_S27_R2_001.fastq.gz	ftp.sra.ebi.ac.uk/vol1/run/ERR258/ERR2587775/fmp_pre_14_S27_R1_001.fastq.gz;ftp.sra.ebi.ac.uk/vol1/run/ERR258/ERR2587775/fmp_pre_14_S27_R2_001.fastq.gz	FASTQ;FASTQ	1106905288	350b9611bd0663bca2c6c77a23598c9e	ftp.sra.ebi.ac.uk/vol1/err/ERR258/005/ERR2587775	fasp.sra.ebi.ac.uk:/vol1/err/ERR258/005/ERR2587775	ftp.sra.ebi.ac.uk/vol1/err/ERR258/005/ERR2587775	shotgun_fmp_pre_14		shotgun_fmp_pre_14		2018-05-19			
ERR2587783	ERP108869	SAMEA4670473	ERS2491086	ERX2604059	PRJEB26842	ERA1489867	749906	gut metagenome	ILLUMINA	NextSeq 500	shotgun_fmp_pre_9	150	PAIRED	OTHER	METAGENOMIC	RANDOM	8923335	2694847170	Teagasc Food Research Centre;Ireland;TEAGASC	2018-07-19	2018-11-16	NextSeq 500 paired end sequencing	BBC study	ena-STUDY-TEAGASC-19-05-2018-07:51:28:007-360	ena-EXPERIMENT-TEAGASC-19-05-2018-10:18:46:106-78	ena-RUN-TEAGASC-19-05-2018-10:18:46:106-78	853695012;874092979	c41b8eecdf3a591680598297e3a54552;73db31fdd10134f191ec07798cb4de01	ftp.sra.ebi.ac.uk/vol1/fastq/ERR258/003/ERR2587783/ERR2587783_1.fastq.gz;ftp.sra.ebi.ac.uk/vol1/fastq/ERR258/003/ERR2587783/ERR2587783_2.fastq.gz	fasp.sra.ebi.ac.uk:/vol1/fastq/ERR258/003/ERR2587783/ERR2587783_1.fastq.gz;fasp.sra.ebi.ac.uk:/vol1/fastq/ERR258/003/ERR2587783/ERR2587783_2.fastq.gz	ftp.sra.ebi.ac.uk/vol1/fastq/ERR258/003/ERR2587783/ERR2587783_1.fastq.gz;ftp.sra.ebi.ac.uk/vol1/fastq/ERR258/003/ERR2587783/ERR2587783_2.fastq.gz	830829622;851131768	96e6c214216743da3c3106aabd997f3b;efda5f3239dbf456a0166b13cf8bb328	ftp.sra.ebi.ac.uk/vol1/run/ERR258/ERR2587783/fmp_pre_9_S17_R1_001.fastq.gz;ftp.sra.ebi.ac.uk/vol1/run/ERR258/ERR2587783/fmp_pre_9_S17_R2_001.fastq.gz	fasp.sra.ebi.ac.uk:/vol1/run/ERR258/ERR2587783/fmp_pre_9_S17_R1_001.fastq.gz;fasp.sra.ebi.ac.uk:/vol1/run/ERR258/ERR2587783/fmp_pre_9_S17_R2_001.fastq.gz	ftp.sra.ebi.ac.uk/vol1/run/ERR258/ERR2587783/fmp_pre_9_S17_R1_001.fastq.gz;ftp.sra.ebi.ac.uk/vol1/run/ERR258/ERR2587783/fmp_pre_9_S17_R2_001.fastq.gz	FASTQ;FASTQ	1208642296	921536fe97f0e9ca72369dc02ef285c9	ftp.sra.ebi.ac.uk/vol1/err/ERR258/003/ERR2587783	fasp.sra.ebi.ac.uk:/vol1/err/ERR258/003/ERR2587783	ftp.sra.ebi.ac.uk/vol1/err/ERR258/003/ERR2587783	shotgun_fmp_pre_9		shotgun_fmp_pre_9		2018-05-19			
ERR2587785	ERP108869	SAMEA4670475	ERS2491088	ERX2604061	PRJEB26842	ERA1489867	749906	gut metagenome	ILLUMINA	NextSeq 500	shotgun_inulin_post_10	150	PAIRED	OTHER	METAGENOMIC	RANDOM	8231318	2485858036	Teagasc Food Research Centre;Ireland;TEAGASC	2018-07-19	2018-11-16	NextSeq 500 paired end sequencing	BBC study	ena-STUDY-TEAGASC-19-05-2018-07:51:28:007-360	ena-EXPERIMENT-TEAGASC-19-05-2018-10:18:46:106-80	ena-RUN-TEAGASC-19-05-2018-10:18:46:106-80	783280449;798727708	07b4107c621033b2a2c1358b337c50b3;36c7b7e3298268b38f82434334dec7c7	ftp.sra.ebi.ac.uk/vol1/fastq/ERR258/005/ERR2587785/ERR2587785_1.fastq.gz;ftp.sra.ebi.ac.uk/vol1/fastq/ERR258/005/ERR2587785/ERR2587785_2.fastq.gz	fasp.sra.ebi.ac.uk:/vol1/fastq/ERR258/005/ERR2587785/ERR2587785_1.fastq.gz;fasp.sra.ebi.ac.uk:/vol1/fastq/ERR258/005/ERR2587785/ERR2587785_2.fastq.gz	ftp.sra.ebi.ac.uk/vol1/fastq/ERR258/005/ERR2587785/ERR2587785_1.fastq.gz;ftp.sra.ebi.ac.uk/vol1/fastq/ERR258/005/ERR2587785/ERR2587785_2.fastq.gz	762151998;777463300	1510121140dc209501b0af734723a0de;135d9e8ce7a72ea8415d69268c8d7304	ftp.sra.ebi.ac.uk/vol1/run/ERR258/ERR2587785/inulin_post_15_S30_R1_001.fastq.gz;ftp.sra.ebi.ac.uk/vol1/run/ERR258/ERR2587785/inulin_post_15_S30_R2_001.fastq.gz	fasp.sra.ebi.ac.uk:/vol1/run/ERR258/ERR2587785/inulin_post_15_S30_R1_001.fastq.gz;fasp.sra.ebi.ac.uk:/vol1/run/ERR258/ERR2587785/inulin_post_15_S30_R2_001.fastq.gz	ftp.sra.ebi.ac.uk/vol1/run/ERR258/ERR2587785/inulin_post_15_S30_R1_001.fastq.gz;ftp.sra.ebi.ac.uk/vol1/run/ERR258/ERR2587785/inulin_post_15_S30_R2_001.fastq.gz	FASTQ;FASTQ	1104090732	299b0c319d9dcf43b32c3a049d27da3c	ftp.sra.ebi.ac.uk/vol1/err/ERR258/005/ERR2587785	fasp.sra.ebi.ac.uk:/vol1/err/ERR258/005/ERR2587785	ftp.sra.ebi.ac.uk/vol1/err/ERR258/005/ERR2587785	shotgun_inulin_post_10		shotgun_inulin_post_10		2018-05-19			
ERR2587787	ERP108869	SAMEA4670477	ERS2491090	ERX2604063	PRJEB26842	ERA1489867	749906	gut metagenome	ILLUMINA	NextSeq 500	shotgun_inulin_post_18	150	PAIRED	OTHER	METAGENOMIC	RANDOM	8478136	2560397072	Teagasc Food Research Centre;Ireland;TEAGASC	2018-07-19	2018-11-16	NextSeq 500 paired end sequencing	BBC study	ena-STUDY-TEAGASC-19-05-2018-07:51:28:007-360	ena-EXPERIMENT-TEAGASC-19-05-2018-10:18:46:106-82	ena-RUN-TEAGASC-19-05-2018-10:18:46:106-82	809860825;826830540	8f2744ade1ebf2dc26e3e475bf0f74b5;b14a27807d444cf4fd2dcee3e45fcca7	ftp.sra.ebi.ac.uk/vol1/fastq/ERR258/007/ERR2587787/ERR2587787_1.fastq.gz;ftp.sra.ebi.ac.uk/vol1/fastq/ERR258/007/ERR2587787/ERR2587787_2.fastq.gz	fasp.sra.ebi.ac.uk:/vol1/fastq/ERR258/007/ERR2587787/ERR2587787_1.fastq.gz;fasp.sra.ebi.ac.uk:/vol1/fastq/ERR258/007/ERR2587787/ERR2587787_2.fastq.gz	ftp.sra.ebi.ac.uk/vol1/fastq/ERR258/007/ERR2587787/ERR2587787_1.fastq.gz;ftp.sra.ebi.ac.uk/vol1/fastq/ERR258/007/ERR2587787/ERR2587787_2.fastq.gz	788030991;804852154	2c6070f56d6a7592bc7055febcb16fb4;17dfd0f97666e4c6623794a89865953f	ftp.sra.ebi.ac.uk/vol1/run/ERR258/ERR2587787/inulin_post_1_S2_R1_001.fastq.gz;ftp.sra.ebi.ac.uk/vol1/run/ERR258/ERR2587787/inulin_post_1_S2_R2_001.fastq.gz	fasp.sra.ebi.ac.uk:/vol1/run/ERR258/ERR2587787/inulin_post_1_S2_R1_001.fastq.gz;fasp.sra.ebi.ac.uk:/vol1/run/ERR258/ERR2587787/inulin_post_1_S2_R2_001.fastq.gz	ftp.sra.ebi.ac.uk/vol1/run/ERR258/ERR2587787/inulin_post_1_S2_R1_001.fastq.gz;ftp.sra.ebi.ac.uk/vol1/run/ERR258/ERR2587787/inulin_post_1_S2_R2_001.fastq.gz	FASTQ;FASTQ	1146480836	8d50d2cff10ef6134984e6db3786f5f3	ftp.sra.ebi.ac.uk/vol1/err/ERR258/007/ERR2587787	fasp.sra.ebi.ac.uk:/vol1/err/ERR258/007/ERR2587787	ftp.sra.ebi.ac.uk/vol1/err/ERR258/007/ERR2587787	shotgun_inulin_post_18		shotgun_inulin_post_18		2018-05-19			
ERR2587791	ERP108869	SAMEA4670481	ERS2491094	ERX2604067	PRJEB26842	ERA1489867	749906	gut metagenome	ILLUMINA	NextSeq 500	shotgun_inulin_post_30	150	PAIRED	OTHER	METAGENOMIC	RANDOM	8929848	2696814096	Teagasc Food Research Centre;Ireland;TEAGASC	2018-07-19	2018-11-16	NextSeq 500 paired end sequencing	BBC study	ena-STUDY-TEAGASC-19-05-2018-07:51:28:007-360	ena-EXPERIMENT-TEAGASC-19-05-2018-10:18:46:106-86	ena-RUN-TEAGASC-19-05-2018-10:18:46:106-86	855629604;876178600	72ff3650b16162cb3d4e33dcb895ff25;c57cfb854f900bbea14814c1fe5e1cd0	ftp.sra.ebi.ac.uk/vol1/fastq/ERR258/001/ERR2587791/ERR2587791_1.fastq.gz;ftp.sra.ebi.ac.uk/vol1/fastq/ERR258/001/ERR2587791/ERR2587791_2.fastq.gz	fasp.sra.ebi.ac.uk:/vol1/fastq/ERR258/001/ERR2587791/ERR2587791_1.fastq.gz;fasp.sra.ebi.ac.uk:/vol1/fastq/ERR258/001/ERR2587791/ERR2587791_2.fastq.gz	ftp.sra.ebi.ac.uk/vol1/fastq/ERR258/001/ERR2587791/ERR2587791_1.fastq.gz;ftp.sra.ebi.ac.uk/vol1/fastq/ERR258/001/ERR2587791/ERR2587791_2.fastq.gz	832532452;852969207	0d42f2934986f225355113cb9f655e56;0306217dfbf858f57a4dfd17390f07bd	ftp.sra.ebi.ac.uk/vol1/run/ERR258/ERR2587791/inulin_post_30_S59_R1_001.fastq.gz;ftp.sra.ebi.ac.uk/vol1/run/ERR258/ERR2587791/inulin_post_30_S59_R2_001.fastq.gz	fasp.sra.ebi.ac.uk:/vol1/run/ERR258/ERR2587791/inulin_post_30_S59_R1_001.fastq.gz;fasp.sra.ebi.ac.uk:/vol1/run/ERR258/ERR2587791/inulin_post_30_S59_R2_001.fastq.gz	ftp.sra.ebi.ac.uk/vol1/run/ERR258/ERR2587791/inulin_post_30_S59_R1_001.fastq.gz;ftp.sra.ebi.ac.uk/vol1/run/ERR258/ERR2587791/inulin_post_30_S59_R2_001.fastq.gz	FASTQ;FASTQ	1206888229	e98f0e46edfb38913842a4df7eca79c0	ftp.sra.ebi.ac.uk/vol1/err/ERR258/001/ERR2587791	fasp.sra.ebi.ac.uk:/vol1/err/ERR258/001/ERR2587791	ftp.sra.ebi.ac.uk/vol1/err/ERR258/001/ERR2587791	shotgun_inulin_post_30		shotgun_inulin_post_30		2018-05-19			
ERR2587793	ERP108869	SAMEA4670483	ERS2491096	ERX2604069	PRJEB26842	ERA1489867	749906	gut metagenome	ILLUMINA	NextSeq 500	shotgun_inulin_post_8	150	PAIRED	OTHER	METAGENOMIC	RANDOM	8232149	2486108998	Teagasc Food Research Centre;Ireland;TEAGASC	2018-07-19	2018-11-16	NextSeq 500 paired end sequencing	BBC study	ena-STUDY-TEAGASC-19-05-2018-07:51:28:007-360	ena-EXPERIMENT-TEAGASC-19-05-2018-10:18:46:106-88	ena-RUN-TEAGASC-19-05-2018-10:18:46:106-88	801647253;820691373	c706e0bd676cf5d08c9359b3b00915ef;1450914bd2abf4900df6ce2a525edc21	ftp.sra.ebi.ac.uk/vol1/fastq/ERR258/003/ERR2587793/ERR2587793_1.fastq.gz;ftp.sra.ebi.ac.uk/vol1/fastq/ERR258/003/ERR2587793/ERR2587793_2.fastq.gz	fasp.sra.ebi.ac.uk:/vol1/fastq/ERR258/003/ERR2587793/ERR2587793_1.fastq.gz;fasp.sra.ebi.ac.uk:/vol1/fastq/ERR258/003/ERR2587793/ERR2587793_2.fastq.gz	ftp.sra.ebi.ac.uk/vol1/fastq/ERR258/003/ERR2587793/ERR2587793_1.fastq.gz;ftp.sra.ebi.ac.uk/vol1/fastq/ERR258/003/ERR2587793/ERR2587793_2.fastq.gz	780646511;799665952	1491d9075e48c053b856292996dbb76d;6b5d3a4dd9a0126dda401182e6c05b57	ftp.sra.ebi.ac.uk/vol1/run/ERR258/ERR2587793/inulin_post_8_S16_R1_001.fastq.gz;ftp.sra.ebi.ac.uk/vol1/run/ERR258/ERR2587793/inulin_post_8_S16_R2_001.fastq.gz	fasp.sra.ebi.ac.uk:/vol1/run/ERR258/ERR2587793/inulin_post_8_S16_R1_001.fastq.gz;fasp.sra.ebi.ac.uk:/vol1/run/ERR258/ERR2587793/inulin_post_8_S16_R2_001.fastq.gz	ftp.sra.ebi.ac.uk/vol1/run/ERR258/ERR2587793/inulin_post_8_S16_R1_001.fastq.gz;ftp.sra.ebi.ac.uk/vol1/run/ERR258/ERR2587793/inulin_post_8_S16_R2_001.fastq.gz	FASTQ;FASTQ	1134505420	88f618ff0f2bff1f06eceb646079961d	ftp.sra.ebi.ac.uk/vol1/err/ERR258/003/ERR2587793	fasp.sra.ebi.ac.uk:/vol1/err/ERR258/003/ERR2587793	ftp.sra.ebi.ac.uk/vol1/err/ERR258/003/ERR2587793	shotgun_inulin_post_8		shotgun_inulin_post_8		2018-05-19			
ERR2587794	ERP108869	SAMEA4670484	ERS2491097	ERX2604070	PRJEB26842	ERA1489867	749906	gut metagenome	ILLUMINA	NextSeq 500	shotgun_inulin_pre_1	150	PAIRED	OTHER	METAGENOMIC	RANDOM	8061384	2434537968	Teagasc Food Research Centre;Ireland;TEAGASC	2018-07-19	2018-11-16	NextSeq 500 paired end sequencing	BBC study	ena-STUDY-TEAGASC-19-05-2018-07:51:28:007-360	ena-EXPERIMENT-TEAGASC-19-05-2018-10:18:46:106-89	ena-RUN-TEAGASC-19-05-2018-10:18:46:106-89	773648627;794270137	6480c51ae14181bc1d482416dd0b3259;323ffceddb2195cd743c266700d2ad28	ftp.sra.ebi.ac.uk/vol1/fastq/ERR258/004/ERR2587794/ERR2587794_1.fastq.gz;ftp.sra.ebi.ac.uk/vol1/fastq/ERR258/004/ERR2587794/ERR2587794_2.fastq.gz	fasp.sra.ebi.ac.uk:/vol1/fastq/ERR258/004/ERR2587794/ERR2587794_1.fastq.gz;fasp.sra.ebi.ac.uk:/vol1/fastq/ERR258/004/ERR2587794/ERR2587794_2.fastq.gz	ftp.sra.ebi.ac.uk/vol1/fastq/ERR258/004/ERR2587794/ERR2587794_1.fastq.gz;ftp.sra.ebi.ac.uk/vol1/fastq/ERR258/004/ERR2587794/ERR2587794_2.fastq.gz	752958938;773504338	9ad02ec4851c57d0ea487bd36aee4f7c;8d2f1350bb7d470b65ff73aca13dfd4d	ftp.sra.ebi.ac.uk/vol1/run/ERR258/ERR2587794/inulin_pre_10_S19_R1_001.fastq.gz;ftp.sra.ebi.ac.uk/vol1/run/ERR258/ERR2587794/inulin_pre_10_S19_R2_001.fastq.gz	fasp.sra.ebi.ac.uk:/vol1/run/ERR258/ERR2587794/inulin_pre_10_S19_R1_001.fastq.gz;fasp.sra.ebi.ac.uk:/vol1/run/ERR258/ERR2587794/inulin_pre_10_S19_R2_001.fastq.gz	ftp.sra.ebi.ac.uk/vol1/run/ERR258/ERR2587794/inulin_pre_10_S19_R1_001.fastq.gz;ftp.sra.ebi.ac.uk/vol1/run/ERR258/ERR2587794/inulin_pre_10_S19_R2_001.fastq.gz	FASTQ;FASTQ	1094258580	2e30b4fdccd8f7b839bf726028347c82	ftp.sra.ebi.ac.uk/vol1/err/ERR258/004/ERR2587794	fasp.sra.ebi.ac.uk:/vol1/err/ERR258/004/ERR2587794	ftp.sra.ebi.ac.uk/vol1/err/ERR258/004/ERR2587794	shotgun_inulin_pre_1		shotgun_inulin_pre_1		2018-05-19			
ERR2587795	ERP108869	SAMEA4670485	ERS2491098	ERX2604071	PRJEB26842	ERA1489867	749906	gut metagenome	ILLUMINA	NextSeq 500	shotgun_inulin_pre_10	150	PAIRED	OTHER	METAGENOMIC	RANDOM	6883508	2078819416	Teagasc Food Research Centre;Ireland;TEAGASC	2018-07-19	2018-11-16	NextSeq 500 paired end sequencing	BBC study	ena-STUDY-TEAGASC-19-05-2018-07:51:28:007-360	ena-EXPERIMENT-TEAGASC-19-05-2018-10:18:46:106-90	ena-RUN-TEAGASC-19-05-2018-10:18:46:106-90	672529876;687369081	7f3b3a1d63012025934df35032c5b30c;ff934da0086c90a6bcf3f10f6db0a0a4	ftp.sra.ebi.ac.uk/vol1/fastq/ERR258/005/ERR2587795/ERR2587795_1.fastq.gz;ftp.sra.ebi.ac.uk/vol1/fastq/ERR258/005/ERR2587795/ERR2587795_2.fastq.gz	fasp.sra.ebi.ac.uk:/vol1/fastq/ERR258/005/ERR2587795/ERR2587795_1.fastq.gz;fasp.sra.ebi.ac.uk:/vol1/fastq/ERR258/005/ERR2587795/ERR2587795_2.fastq.gz	ftp.sra.ebi.ac.uk/vol1/fastq/ERR258/005/ERR2587795/ERR2587795_1.fastq.gz;ftp.sra.ebi.ac.uk/vol1/fastq/ERR258/005/ERR2587795/ERR2587795_2.fastq.gz	654813176;669635137	c1b00714d1747803bd558405b30f569b;fd8b0e81c499b99b3b2adfedf77e0135	ftp.sra.ebi.ac.uk/vol1/run/ERR258/ERR2587795/inulin_pre_15_S29_R1_001.fastq.gz;ftp.sra.ebi.ac.uk/vol1/run/ERR258/ERR2587795/inulin_pre_15_S29_R2_001.fastq.gz	fasp.sra.ebi.ac.uk:/vol1/run/ERR258/ERR2587795/inulin_pre_15_S29_R1_001.fastq.gz;fasp.sra.ebi.ac.uk:/vol1/run/ERR258/ERR2587795/inulin_pre_15_S29_R2_001.fastq.gz	ftp.sra.ebi.ac.uk/vol1/run/ERR258/ERR2587795/inulin_pre_15_S29_R1_001.fastq.gz;ftp.sra.ebi.ac.uk/vol1/run/ERR258/ERR2587795/inulin_pre_15_S29_R2_001.fastq.gz	FASTQ;FASTQ	947667535	dd0f51bf97c502c6224360102f884f2b	ftp.sra.ebi.ac.uk/vol1/err/ERR258/005/ERR2587795	fasp.sra.ebi.ac.uk:/vol1/err/ERR258/005/ERR2587795	ftp.sra.ebi.ac.uk/vol1/err/ERR258/005/ERR2587795	shotgun_inulin_pre_10		shotgun_inulin_pre_10		2018-05-19			
ERR2587796	ERP108869	SAMEA4670486	ERS2491099	ERX2604072	PRJEB26842	ERA1489867	749906	gut metagenome	ILLUMINA	NextSeq 500	shotgun_inulin_pre_15	150	PAIRED	OTHER	METAGENOMIC	RANDOM	8680839	2621613378	Teagasc Food Research Centre;Ireland;TEAGASC	2018-07-19	2018-11-16	NextSeq 500 paired end sequencing	BBC study	ena-STUDY-TEAGASC-19-05-2018-07:51:28:007-360	ena-EXPERIMENT-TEAGASC-19-05-2018-10:18:46:106-91	ena-RUN-TEAGASC-19-05-2018-10:18:46:106-91	835940155;855294406	7c9908eba22bb12782c7c4600c5a1eeb;65e14f45dc3aebee9f3e267f1516ed48	ftp.sra.ebi.ac.uk/vol1/fastq/ERR258/006/ERR2587796/ERR2587796_1.fastq.gz;ftp.sra.ebi.ac.uk/vol1/fastq/ERR258/006/ERR2587796/ERR2587796_2.fastq.gz	fasp.sra.ebi.ac.uk:/vol1/fastq/ERR258/006/ERR2587796/ERR2587796_1.fastq.gz;fasp.sra.ebi.ac.uk:/vol1/fastq/ERR258/006/ERR2587796/ERR2587796_2.fastq.gz	ftp.sra.ebi.ac.uk/vol1/fastq/ERR258/006/ERR2587796/ERR2587796_1.fastq.gz;ftp.sra.ebi.ac.uk/vol1/fastq/ERR258/006/ERR2587796/ERR2587796_2.fastq.gz	813503448;832792576	fb21c6783a7eda5bae2738b8a470316b;1fd0e5ae456eece015611eb48e4f0e14	ftp.sra.ebi.ac.uk/vol1/run/ERR258/ERR2587796/inulin_pre_18_S35_R1_001.fastq.gz;ftp.sra.ebi.ac.uk/vol1/run/ERR258/ERR2587796/inulin_pre_18_S35_R2_001.fastq.gz	fasp.sra.ebi.ac.uk:/vol1/run/ERR258/ERR2587796/inulin_pre_18_S35_R1_001.fastq.gz;fasp.sra.ebi.ac.uk:/vol1/run/ERR258/ERR2587796/inulin_pre_18_S35_R2_001.fastq.gz	ftp.sra.ebi.ac.uk/vol1/run/ERR258/ERR2587796/inulin_pre_18_S35_R1_001.fastq.gz;ftp.sra.ebi.ac.uk/vol1/run/ERR258/ERR2587796/inulin_pre_18_S35_R2_001.fastq.gz	FASTQ;FASTQ	1180951261	b16058ec805f0cf5c472f2a2c5b9e070	ftp.sra.ebi.ac.uk/vol1/err/ERR258/006/ERR2587796	fasp.sra.ebi.ac.uk:/vol1/err/ERR258/006/ERR2587796	ftp.sra.ebi.ac.uk/vol1/err/ERR258/006/ERR2587796	shotgun_inulin_pre_15		shotgun_inulin_pre_15		2018-05-19			
ERR2587797	ERP108869	SAMEA4670487	ERS2491100	ERX2604073	PRJEB26842	ERA1489867	749906	gut metagenome	ILLUMINA	NextSeq 500	shotgun_inulin_pre_18	150	PAIRED	OTHER	METAGENOMIC	RANDOM	8125329	2453849358	Teagasc Food Research Centre;Ireland;TEAGASC	2018-07-19	2018-11-16	NextSeq 500 paired end sequencing	BBC study	ena-STUDY-TEAGASC-19-05-2018-07:51:28:007-360	ena-EXPERIMENT-TEAGASC-19-05-2018-10:18:46:106-92	ena-RUN-TEAGASC-19-05-2018-10:18:46:106-92	781341100;801489648	d6ce79198b59926b8c0fe9842c16051e;9763db7f1f5684f20e3d2815aaf29351	ftp.sra.ebi.ac.uk/vol1/fastq/ERR258/007/ERR2587797/ERR2587797_1.fastq.gz;ftp.sra.ebi.ac.uk/vol1/fastq/ERR258/007/ERR2587797/ERR2587797_2.fastq.gz	fasp.sra.ebi.ac.uk:/vol1/fastq/ERR258/007/ERR2587797/ERR2587797_1.fastq.gz;fasp.sra.ebi.ac.uk:/vol1/fastq/ERR258/007/ERR2587797/ERR2587797_2.fastq.gz	ftp.sra.ebi.ac.uk/vol1/fastq/ERR258/007/ERR2587797/ERR2587797_1.fastq.gz;ftp.sra.ebi.ac.uk/vol1/fastq/ERR258/007/ERR2587797/ERR2587797_2.fastq.gz	760486988;780512689	5de3f7cf2971da3cf012cef5fb1b5008;c26a271c36183624ddc7b9ee1957227e	ftp.sra.ebi.ac.uk/vol1/run/ERR258/ERR2587797/inulin_pre_1_S1_R1_001.fastq.gz;ftp.sra.ebi.ac.uk/vol1/run/ERR258/ERR2587797/inulin_pre_1_S1_R2_001.fastq.gz	fasp.sra.ebi.ac.uk:/vol1/run/ERR258/ERR2587797/inulin_pre_1_S1_R1_001.fastq.gz;fasp.sra.ebi.ac.uk:/vol1/run/ERR258/ERR2587797/inulin_pre_1_S1_R2_001.fastq.gz	ftp.sra.ebi.ac.uk/vol1/run/ERR258/ERR2587797/inulin_pre_1_S1_R1_001.fastq.gz;ftp.sra.ebi.ac.uk/vol1/run/ERR258/ERR2587797/inulin_pre_1_S1_R2_001.fastq.gz	FASTQ;FASTQ	1103433770	330fe73308cbea5aee3972ce48138fa8	ftp.sra.ebi.ac.uk/vol1/err/ERR258/007/ERR2587797	fasp.sra.ebi.ac.uk:/vol1/err/ERR258/007/ERR2587797	ftp.sra.ebi.ac.uk/vol1/err/ERR258/007/ERR2587797	shotgun_inulin_pre_18		shotgun_inulin_pre_18		2018-05-19			
ERR2587798	ERP108869	SAMEA4670488	ERS2491101	ERX2604074	PRJEB26842	ERA1489867	749906	gut metagenome	ILLUMINA	NextSeq 500	shotgun_inulin_pre_20	150	PAIRED	OTHER	METAGENOMIC	RANDOM	7701502	2325853604	Teagasc Food Research Centre;Ireland;TEAGASC	2018-07-19	2018-11-16	NextSeq 500 paired end sequencing	BBC study	ena-STUDY-TEAGASC-19-05-2018-07:51:28:007-360	ena-EXPERIMENT-TEAGASC-19-05-2018-10:18:46:106-93	ena-RUN-TEAGASC-19-05-2018-10:18:46:106-93	733257980;749717075	95c116e41d4d1afd31ccbb1fc314a463;932d3079f545d41c37cd5663a20c724e	ftp.sra.ebi.ac.uk/vol1/fastq/ERR258/008/ERR2587798/ERR2587798_1.fastq.gz;ftp.sra.ebi.ac.uk/vol1/fastq/ERR258/008/ERR2587798/ERR2587798_2.fastq.gz	fasp.sra.ebi.ac.uk:/vol1/fastq/ERR258/008/ERR2587798/ERR2587798_1.fastq.gz;fasp.sra.ebi.ac.uk:/vol1/fastq/ERR258/008/ERR2587798/ERR2587798_2.fastq.gz	ftp.sra.ebi.ac.uk/vol1/fastq/ERR258/008/ERR2587798/ERR2587798_1.fastq.gz;ftp.sra.ebi.ac.uk/vol1/fastq/ERR258/008/ERR2587798/ERR2587798_2.fastq.gz	713236358;729600810	ced0e6ea01d968a1435dc78c32abe377;e3caad66709ffb4d4fd9c4e4de7e8081	ftp.sra.ebi.ac.uk/vol1/run/ERR258/ERR2587798/inulin_pre_20_S39_R1_001.fastq.gz;ftp.sra.ebi.ac.uk/vol1/run/ERR258/ERR2587798/inulin_pre_20_S39_R2_001.fastq.gz	fasp.sra.ebi.ac.uk:/vol1/run/ERR258/ERR2587798/inulin_pre_20_S39_R1_001.fastq.gz;fasp.sra.ebi.ac.uk:/vol1/run/ERR258/ERR2587798/inulin_pre_20_S39_R2_001.fastq.gz	ftp.sra.ebi.ac.uk/vol1/run/ERR258/ERR2587798/inulin_pre_20_S39_R1_001.fastq.gz;ftp.sra.ebi.ac.uk/vol1/run/ERR258/ERR2587798/inulin_pre_20_S39_R2_001.fastq.gz	FASTQ;FASTQ	1033214416	8f6bc234e448399a01c68956413f1b49	ftp.sra.ebi.ac.uk/vol1/err/ERR258/008/ERR2587798	fasp.sra.ebi.ac.uk:/vol1/err/ERR258/008/ERR2587798	ftp.sra.ebi.ac.uk/vol1/err/ERR258/008/ERR2587798	shotgun_inulin_pre_20		shotgun_inulin_pre_20		2018-05-19			
ERR2587799	ERP108869	SAMEA4670489	ERS2491102	ERX2604075	PRJEB26842	ERA1489867	749906	gut metagenome	ILLUMINA	NextSeq 500	shotgun_inulin_pre_22	150	PAIRED	OTHER	METAGENOMIC	RANDOM	7706061	2327230422	Teagasc Food Research Centre;Ireland;TEAGASC	2018-07-19	2018-11-16	NextSeq 500 paired end sequencing	BBC study	ena-STUDY-TEAGASC-19-05-2018-07:51:28:007-360	ena-EXPERIMENT-TEAGASC-19-05-2018-10:18:46:106-94	ena-RUN-TEAGASC-19-05-2018-10:18:46:106-94	744084809;761214715	dccef645c76413b37477e30588ebebf6;4720260efe8b267d57927a5f04e5ae84	ftp.sra.ebi.ac.uk/vol1/fastq/ERR258/009/ERR2587799/ERR2587799_1.fastq.gz;ftp.sra.ebi.ac.uk/vol1/fastq/ERR258/009/ERR2587799/ERR2587799_2.fastq.gz	fasp.sra.ebi.ac.uk:/vol1/fastq/ERR258/009/ERR2587799/ERR2587799_1.fastq.gz;fasp.sra.ebi.ac.uk:/vol1/fastq/ERR258/009/ERR2587799/ERR2587799_2.fastq.gz	ftp.sra.ebi.ac.uk/vol1/fastq/ERR258/009/ERR2587799/ERR2587799_1.fastq.gz;ftp.sra.ebi.ac.uk/vol1/fastq/ERR258/009/ERR2587799/ERR2587799_2.fastq.gz	724238904;741329144	736b55e864e39debe679b5b3f11c3179;b2eb166e258a3a62d1bb678039f1215b	ftp.sra.ebi.ac.uk/vol1/run/ERR258/ERR2587799/inulin_pre_22_S43_R1_001.fastq.gz;ftp.sra.ebi.ac.uk/vol1/run/ERR258/ERR2587799/inulin_pre_22_S43_R2_001.fastq.gz	fasp.sra.ebi.ac.uk:/vol1/run/ERR258/ERR2587799/inulin_pre_22_S43_R1_001.fastq.gz;fasp.sra.ebi.ac.uk:/vol1/run/ERR258/ERR2587799/inulin_pre_22_S43_R2_001.fastq.gz	ftp.sra.ebi.ac.uk/vol1/run/ERR258/ERR2587799/inulin_pre_22_S43_R1_001.fastq.gz;ftp.sra.ebi.ac.uk/vol1/run/ERR258/ERR2587799/inulin_pre_22_S43_R2_001.fastq.gz	FASTQ;FASTQ	1049520113	504db6e5d3039ccb005fdc32df70f611	ftp.sra.ebi.ac.uk/vol1/err/ERR258/009/ERR2587799	fasp.sra.ebi.ac.uk:/vol1/err/ERR258/009/ERR2587799	ftp.sra.ebi.ac.uk/vol1/err/ERR258/009/ERR2587799	shotgun_inulin_pre_22		shotgun_inulin_pre_22		2018-05-19			
ERR2587800	ERP108869	SAMEA4670490	ERS2491103	ERX2604076	PRJEB26842	ERA1489867	749906	gut metagenome	ILLUMINA	NextSeq 500	shotgun_inulin_pre_25	150	PAIRED	OTHER	METAGENOMIC	RANDOM	6259366	1890328532	Teagasc Food Research Centre;Ireland;TEAGASC	2018-07-19	2018-11-16	NextSeq 500 paired end sequencing	BBC study	ena-STUDY-TEAGASC-19-05-2018-07:51:28:007-360	ena-EXPERIMENT-TEAGASC-19-05-2018-10:18:46:106-95	ena-RUN-TEAGASC-19-05-2018-10:18:46:106-95	613183001;624618646	84185cf27b0495bdbd3d4055aecaeda6;e908a88d6aaa399b49f37ae495896f43	ftp.sra.ebi.ac.uk/vol1/fastq/ERR258/000/ERR2587800/ERR2587800_1.fastq.gz;ftp.sra.ebi.ac.uk/vol1/fastq/ERR258/000/ERR2587800/ERR2587800_2.fastq.gz	fasp.sra.ebi.ac.uk:/vol1/fastq/ERR258/000/ERR2587800/ERR2587800_1.fastq.gz;fasp.sra.ebi.ac.uk:/vol1/fastq/ERR258/000/ERR2587800/ERR2587800_2.fastq.gz	ftp.sra.ebi.ac.uk/vol1/fastq/ERR258/000/ERR2587800/ERR2587800_1.fastq.gz;ftp.sra.ebi.ac.uk/vol1/fastq/ERR258/000/ERR2587800/ERR2587800_2.fastq.gz	597106122;608492724	d67f89d3c6b7c76b1ac741f3b8a04814;52322bd375017df88a2e088202019128	ftp.sra.ebi.ac.uk/vol1/run/ERR258/ERR2587800/inulin_pre_25_S49_R1_001.fastq.gz;ftp.sra.ebi.ac.uk/vol1/run/ERR258/ERR2587800/inulin_pre_25_S49_R2_001.fastq.gz	fasp.sra.ebi.ac.uk:/vol1/run/ERR258/ERR2587800/inulin_pre_25_S49_R1_001.fastq.gz;fasp.sra.ebi.ac.uk:/vol1/run/ERR258/ERR2587800/inulin_pre_25_S49_R2_001.fastq.gz	ftp.sra.ebi.ac.uk/vol1/run/ERR258/ERR2587800/inulin_pre_25_S49_R1_001.fastq.gz;ftp.sra.ebi.ac.uk/vol1/run/ERR258/ERR2587800/inulin_pre_25_S49_R2_001.fastq.gz	FASTQ;FASTQ	863310503	ab59aa038dc3bc487798115e45433e53	ftp.sra.ebi.ac.uk/vol1/err/ERR258/000/ERR2587800	fasp.sra.ebi.ac.uk:/vol1/err/ERR258/000/ERR2587800	ftp.sra.ebi.ac.uk/vol1/err/ERR258/000/ERR2587800	shotgun_inulin_pre_25		shotgun_inulin_pre_25		2018-05-19			
ERR2587801	ERP108869	SAMEA4670491	ERS2491104	ERX2604077	PRJEB26842	ERA1489867	749906	gut metagenome	ILLUMINA	NextSeq 500	shotgun_inulin_pre_30	150	PAIRED	OTHER	METAGENOMIC	RANDOM	9529176	2877811152	Teagasc Food Research Centre;Ireland;TEAGASC	2018-07-19	2018-11-16	NextSeq 500 paired end sequencing	BBC study	ena-STUDY-TEAGASC-19-05-2018-07:51:28:007-360	ena-EXPERIMENT-TEAGASC-19-05-2018-10:18:46:106-96	ena-RUN-TEAGASC-19-05-2018-10:18:46:106-96	901643330;921827802	ace0fdd476c04c9101446f0844750cfa;fdeef122934fd14aea2941bb4858dd6f	ftp.sra.ebi.ac.uk/vol1/fastq/ERR258/001/ERR2587801/ERR2587801_1.fastq.gz;ftp.sra.ebi.ac.uk/vol1/fastq/ERR258/001/ERR2587801/ERR2587801_2.fastq.gz	fasp.sra.ebi.ac.uk:/vol1/fastq/ERR258/001/ERR2587801/ERR2587801_1.fastq.gz;fasp.sra.ebi.ac.uk:/vol1/fastq/ERR258/001/ERR2587801/ERR2587801_2.fastq.gz	ftp.sra.ebi.ac.uk/vol1/fastq/ERR258/001/ERR2587801/ERR2587801_1.fastq.gz;ftp.sra.ebi.ac.uk/vol1/fastq/ERR258/001/ERR2587801/ERR2587801_2.fastq.gz	877127437;897142320	8c710520c2ef3265018961eddd56faa8;422ff35ddb77df5e9602c0be7fc49ce7	ftp.sra.ebi.ac.uk/vol1/run/ERR258/ERR2587801/inulin_pre_30_S58_R1_001.fastq.gz;ftp.sra.ebi.ac.uk/vol1/run/ERR258/ERR2587801/inulin_pre_30_S58_R2_001.fastq.gz	fasp.sra.ebi.ac.uk:/vol1/run/ERR258/ERR2587801/inulin_pre_30_S58_R1_001.fastq.gz;fasp.sra.ebi.ac.uk:/vol1/run/ERR258/ERR2587801/inulin_pre_30_S58_R2_001.fastq.gz	ftp.sra.ebi.ac.uk/vol1/run/ERR258/ERR2587801/inulin_pre_30_S58_R1_001.fastq.gz;ftp.sra.ebi.ac.uk/vol1/run/ERR258/ERR2587801/inulin_pre_30_S58_R2_001.fastq.gz	FASTQ;FASTQ	1274856616	3360c05d9dfaf61631c4a0dc19d3e8f0	ftp.sra.ebi.ac.uk/vol1/err/ERR258/001/ERR2587801	fasp.sra.ebi.ac.uk:/vol1/err/ERR258/001/ERR2587801	ftp.sra.ebi.ac.uk/vol1/err/ERR258/001/ERR2587801	shotgun_inulin_pre_30		shotgun_inulin_pre_30		2018-05-19			
ERR2587803	ERP108869	SAMEA4670493	ERS2491106	ERX2604079	PRJEB26842	ERA1489867	749906	gut metagenome	ILLUMINA	NextSeq 500	shotgun_inulin_pre_8	150	PAIRED	OTHER	METAGENOMIC	RANDOM	6857148	2070858696	Teagasc Food Research Centre;Ireland;TEAGASC	2018-07-19	2018-11-16	NextSeq 500 paired end sequencing	BBC study	ena-STUDY-TEAGASC-19-05-2018-07:51:28:007-360	ena-EXPERIMENT-TEAGASC-19-05-2018-10:18:46:106-98	ena-RUN-TEAGASC-19-05-2018-10:18:46:106-98	665166167;682735247	6deb3e766529369a1fe914b4e4f719b0;4c08d53b4a6baca2e41dbeb63802ae23	ftp.sra.ebi.ac.uk/vol1/fastq/ERR258/003/ERR2587803/ERR2587803_1.fastq.gz;ftp.sra.ebi.ac.uk/vol1/fastq/ERR258/003/ERR2587803/ERR2587803_2.fastq.gz	fasp.sra.ebi.ac.uk:/vol1/fastq/ERR258/003/ERR2587803/ERR2587803_1.fastq.gz;fasp.sra.ebi.ac.uk:/vol1/fastq/ERR258/003/ERR2587803/ERR2587803_2.fastq.gz	ftp.sra.ebi.ac.uk/vol1/fastq/ERR258/003/ERR2587803/ERR2587803_1.fastq.gz;ftp.sra.ebi.ac.uk/vol1/fastq/ERR258/003/ERR2587803/ERR2587803_2.fastq.gz	647463353;665010527	ad763bf92365e16df29eb392cff8708d;d1dd3953e58af3c64a28d8ec52062038	ftp.sra.ebi.ac.uk/vol1/run/ERR258/ERR2587803/inulin_pre_8_S15_R1_001.fastq.gz;ftp.sra.ebi.ac.uk/vol1/run/ERR258/ERR2587803/inulin_pre_8_S15_R2_001.fastq.gz	fasp.sra.ebi.ac.uk:/vol1/run/ERR258/ERR2587803/inulin_pre_8_S15_R1_001.fastq.gz;fasp.sra.ebi.ac.uk:/vol1/run/ERR258/ERR2587803/inulin_pre_8_S15_R2_001.fastq.gz	ftp.sra.ebi.ac.uk/vol1/run/ERR258/ERR2587803/inulin_pre_8_S15_R1_001.fastq.gz;ftp.sra.ebi.ac.uk/vol1/run/ERR258/ERR2587803/inulin_pre_8_S15_R2_001.fastq.gz	FASTQ;FASTQ	939838379	654aa8da00baafb665f9b4ab04feba2c	ftp.sra.ebi.ac.uk/vol1/err/ERR258/003/ERR2587803	fasp.sra.ebi.ac.uk:/vol1/err/ERR258/003/ERR2587803	ftp.sra.ebi.ac.uk/vol1/err/ERR258/003/ERR2587803	shotgun_inulin_pre_8		shotgun_inulin_pre_8		2018-05-19			
ERR2587808	ERP108869	SAMEA4670498	ERS2491111	ERX2604084	PRJEB26842	ERA1489867	749906	gut metagenome	ILLUMINA	NextSeq 500	shotgun_kefir_post_23	150	PAIRED	OTHER	METAGENOMIC	RANDOM	8150662	2461499924	Teagasc Food Research Centre;Ireland;TEAGASC	2018-07-19	2018-11-16	NextSeq 500 paired end sequencing	BBC study	ena-STUDY-TEAGASC-19-05-2018-07:51:28:007-360	ena-EXPERIMENT-TEAGASC-19-05-2018-10:18:46:106-103	ena-RUN-TEAGASC-19-05-2018-10:18:46:106-103	777580538;794630821	8289fde965cff5c4131a8bed432e241c;944b0097ce5189ebd8b7190ad4e2bddf	ftp.sra.ebi.ac.uk/vol1/fastq/ERR258/008/ERR2587808/ERR2587808_1.fastq.gz;ftp.sra.ebi.ac.uk/vol1/fastq/ERR258/008/ERR2587808/ERR2587808_2.fastq.gz	fasp.sra.ebi.ac.uk:/vol1/fastq/ERR258/008/ERR2587808/ERR2587808_1.fastq.gz;fasp.sra.ebi.ac.uk:/vol1/fastq/ERR258/008/ERR2587808/ERR2587808_2.fastq.gz	ftp.sra.ebi.ac.uk/vol1/fastq/ERR258/008/ERR2587808/ERR2587808_1.fastq.gz;ftp.sra.ebi.ac.uk/vol1/fastq/ERR258/008/ERR2587808/ERR2587808_2.fastq.gz	756505918;773506391	84a21778921efe2b538a611434e3d1ab;b994a2e0a7eb16688c6494d92bb56296	ftp.sra.ebi.ac.uk/vol1/run/ERR258/ERR2587808/kefir_post_23_S46_R1_001.fastq.gz;ftp.sra.ebi.ac.uk/vol1/run/ERR258/ERR2587808/kefir_post_23_S46_R2_001.fastq.gz	fasp.sra.ebi.ac.uk:/vol1/run/ERR258/ERR2587808/kefir_post_23_S46_R1_001.fastq.gz;fasp.sra.ebi.ac.uk:/vol1/run/ERR258/ERR2587808/kefir_post_23_S46_R2_001.fastq.gz	ftp.sra.ebi.ac.uk/vol1/run/ERR258/ERR2587808/kefir_post_23_S46_R1_001.fastq.gz;ftp.sra.ebi.ac.uk/vol1/run/ERR258/ERR2587808/kefir_post_23_S46_R2_001.fastq.gz	FASTQ;FASTQ	1099813366	2b1277c782e197c0a6b2fd8da6b93f84	ftp.sra.ebi.ac.uk/vol1/err/ERR258/008/ERR2587808	fasp.sra.ebi.ac.uk:/vol1/err/ERR258/008/ERR2587808	ftp.sra.ebi.ac.uk/vol1/err/ERR258/008/ERR2587808	shotgun_kefir_post_23		shotgun_kefir_post_23		2018-05-19			
ERR2587814	ERP108869	SAMEA4670504	ERS2491117	ERX2604090	PRJEB26842	ERA1489867	749906	gut metagenome	ILLUMINA	NextSeq 500	shotgun_kefir_pre_13	150	PAIRED	OTHER	METAGENOMIC	RANDOM	6702205	2024065910	Teagasc Food Research Centre;Ireland;TEAGASC	2018-07-19	2018-11-16	NextSeq 500 paired end sequencing	BBC study	ena-STUDY-TEAGASC-19-05-2018-07:51:28:007-360	ena-EXPERIMENT-TEAGASC-19-05-2018-10:18:46:107-109	ena-RUN-TEAGASC-19-05-2018-10:18:46:107-109	644633089;659119835	e863e5aec3c1983533d1609aa76292f6;a08eee5f04a7359cc3aadb2e57fa47aa	ftp.sra.ebi.ac.uk/vol1/fastq/ERR258/004/ERR2587814/ERR2587814_1.fastq.gz;ftp.sra.ebi.ac.uk/vol1/fastq/ERR258/004/ERR2587814/ERR2587814_2.fastq.gz	fasp.sra.ebi.ac.uk:/vol1/fastq/ERR258/004/ERR2587814/ERR2587814_1.fastq.gz;fasp.sra.ebi.ac.uk:/vol1/fastq/ERR258/004/ERR2587814/ERR2587814_2.fastq.gz	ftp.sra.ebi.ac.uk/vol1/fastq/ERR258/004/ERR2587814/ERR2587814_1.fastq.gz;ftp.sra.ebi.ac.uk/vol1/fastq/ERR258/004/ERR2587814/ERR2587814_2.fastq.gz	627265349;641668183	f5463ca4368f076e7c233449a946c658;9f7fc66535803d3c489362e66a724279	ftp.sra.ebi.ac.uk/vol1/run/ERR258/ERR2587814/kefir_pre_13_S25_R1_001.fastq.gz;ftp.sra.ebi.ac.uk/vol1/run/ERR258/ERR2587814/kefir_pre_13_S25_R2_001.fastq.gz	fasp.sra.ebi.ac.uk:/vol1/run/ERR258/ERR2587814/kefir_pre_13_S25_R1_001.fastq.gz;fasp.sra.ebi.ac.uk:/vol1/run/ERR258/ERR2587814/kefir_pre_13_S25_R2_001.fastq.gz	ftp.sra.ebi.ac.uk/vol1/run/ERR258/ERR2587814/kefir_pre_13_S25_R1_001.fastq.gz;ftp.sra.ebi.ac.uk/vol1/run/ERR258/ERR2587814/kefir_pre_13_S25_R2_001.fastq.gz	FASTQ;FASTQ	908494106	dd68be9982ec3cd2193f0f2f66cac4e2	ftp.sra.ebi.ac.uk/vol1/err/ERR258/004/ERR2587814	fasp.sra.ebi.ac.uk:/vol1/err/ERR258/004/ERR2587814	ftp.sra.ebi.ac.uk/vol1/err/ERR258/004/ERR2587814	shotgun_kefir_pre_13		shotgun_kefir_pre_13		2018-05-19			
ERR2587819	ERP108869	SAMEA4670509	ERS2491122	ERX2604095	PRJEB26842	ERA1489867	749906	gut metagenome	ILLUMINA	NextSeq 500	shotgun_kefir_pre_3	150	PAIRED	OTHER	METAGENOMIC	RANDOM	7196092	2173219784	Teagasc Food Research Centre;Ireland;TEAGASC	2018-07-19	2018-11-16	NextSeq 500 paired end sequencing	BBC study	ena-STUDY-TEAGASC-19-05-2018-07:51:28:007-360	ena-EXPERIMENT-TEAGASC-19-05-2018-10:18:46:107-114	ena-RUN-TEAGASC-19-05-2018-10:18:46:107-114	700311782;719202953	e6ff83ed3803d9c448e5d7c0d9716c27;1671047cd8def2ae032e6d42a4cb688e	ftp.sra.ebi.ac.uk/vol1/fastq/ERR258/009/ERR2587819/ERR2587819_1.fastq.gz;ftp.sra.ebi.ac.uk/vol1/fastq/ERR258/009/ERR2587819/ERR2587819_2.fastq.gz	fasp.sra.ebi.ac.uk:/vol1/fastq/ERR258/009/ERR2587819/ERR2587819_1.fastq.gz;fasp.sra.ebi.ac.uk:/vol1/fastq/ERR258/009/ERR2587819/ERR2587819_2.fastq.gz	ftp.sra.ebi.ac.uk/vol1/fastq/ERR258/009/ERR2587819/ERR2587819_1.fastq.gz;ftp.sra.ebi.ac.uk/vol1/fastq/ERR258/009/ERR2587819/ERR2587819_2.fastq.gz	681958707;700842186	859f8a53a43ced8657fe3b347c001b8e;f9fa243b90975bea0973134623e122a2	ftp.sra.ebi.ac.uk/vol1/run/ERR258/ERR2587819/kefir_pre_3_S5_R1_001.fastq.gz;ftp.sra.ebi.ac.uk/vol1/run/ERR258/ERR2587819/kefir_pre_3_S5_R2_001.fastq.gz	fasp.sra.ebi.ac.uk:/vol1/run/ERR258/ERR2587819/kefir_pre_3_S5_R1_001.fastq.gz;fasp.sra.ebi.ac.uk:/vol1/run/ERR258/ERR2587819/kefir_pre_3_S5_R2_001.fastq.gz	ftp.sra.ebi.ac.uk/vol1/run/ERR258/ERR2587819/kefir_pre_3_S5_R1_001.fastq.gz;ftp.sra.ebi.ac.uk/vol1/run/ERR258/ERR2587819/kefir_pre_3_S5_R2_001.fastq.gz	FASTQ;FASTQ	992581898	c887faeb810e36d898c58b88e2cf9881	ftp.sra.ebi.ac.uk/vol1/err/ERR258/009/ERR2587819	fasp.sra.ebi.ac.uk:/vol1/err/ERR258/009/ERR2587819	ftp.sra.ebi.ac.uk/vol1/err/ERR258/009/ERR2587819	shotgun_kefir_pre_3		shotgun_kefir_pre_3		2018-05-19			
ERR2587820	ERP108869	SAMEA4670510	ERS2491123	ERX2604096	PRJEB26842	ERA1489867	749906	gut metagenome	ILLUMINA	NextSeq 500	shotgun_kefir_pre_6	150	PAIRED	OTHER	METAGENOMIC	RANDOM	7217156	2179581112	Teagasc Food Research Centre;Ireland;TEAGASC	2018-07-19	2018-11-16	NextSeq 500 paired end sequencing	BBC study	ena-STUDY-TEAGASC-19-05-2018-07:51:28:007-360	ena-EXPERIMENT-TEAGASC-19-05-2018-10:18:46:107-115	ena-RUN-TEAGASC-19-05-2018-10:18:46:107-115	706228322;714796638	075c62127bcbef2fa673a721749398b1;69c29f40ab0c3a1e93e14919020edc93	ftp.sra.ebi.ac.uk/vol1/fastq/ERR258/000/ERR2587820/ERR2587820_1.fastq.gz;ftp.sra.ebi.ac.uk/vol1/fastq/ERR258/000/ERR2587820/ERR2587820_2.fastq.gz	fasp.sra.ebi.ac.uk:/vol1/fastq/ERR258/000/ERR2587820/ERR2587820_1.fastq.gz;fasp.sra.ebi.ac.uk:/vol1/fastq/ERR258/000/ERR2587820/ERR2587820_2.fastq.gz	ftp.sra.ebi.ac.uk/vol1/fastq/ERR258/000/ERR2587820/ERR2587820_1.fastq.gz;ftp.sra.ebi.ac.uk/vol1/fastq/ERR258/000/ERR2587820/ERR2587820_2.fastq.gz	687669989;696181660	ddedf55859c545d16a797b7ba0538d8c;920ff5942572594a97cbec9c73fee7b8	ftp.sra.ebi.ac.uk/vol1/run/ERR258/ERR2587820/kefir_pre_6_S11_R1_001.fastq.gz;ftp.sra.ebi.ac.uk/vol1/run/ERR258/ERR2587820/kefir_pre_6_S11_R2_001.fastq.gz	fasp.sra.ebi.ac.uk:/vol1/run/ERR258/ERR2587820/kefir_pre_6_S11_R1_001.fastq.gz;fasp.sra.ebi.ac.uk:/vol1/run/ERR258/ERR2587820/kefir_pre_6_S11_R2_001.fastq.gz	ftp.sra.ebi.ac.uk/vol1/run/ERR258/ERR2587820/kefir_pre_6_S11_R1_001.fastq.gz;ftp.sra.ebi.ac.uk/vol1/run/ERR258/ERR2587820/kefir_pre_6_S11_R2_001.fastq.gz	FASTQ;FASTQ	993357488	8839d85062c5f57272c8c0cfbc92df4c	ftp.sra.ebi.ac.uk/vol1/err/ERR258/000/ERR2587820	fasp.sra.ebi.ac.uk:/vol1/err/ERR258/000/ERR2587820	ftp.sra.ebi.ac.uk/vol1/err/ERR258/000/ERR2587820	shotgun_kefir_pre_6		shotgun_kefir_pre_6		2018-05-19			
